season,team,player_0,player_1,player_2,player_3,missing_position,target_player
5.0,7.0,112.0,250.0,277.0,451.0,4,902.0
5.0,7.0,115.0,277.0,451.0,455.0,4,902.0
5.0,7.0,115.0,277.0,451.0,455.0,4,902.0
5.0,7.0,250.0,609.0,846.0,885.0,4,1005.0
5.0,7.0,250.0,609.0,846.0,885.0,4,1005.0
5.0,7.0,250.0,609.0,846.0,885.0,4,1005.0
5.0,8.0,74.0,215.0,747.0,957.0,4,984.0
5.0,8.0,41.0,215.0,747.0,957.0,4,984.0
5.0,8.0,12.0,41.0,747.0,859.0,4,984.0
5.0,8.0,12.0,41.0,74.0,153.0,4,859.0
5.0,8.0,12.0,41.0,215.0,747.0,4,984.0
5.0,8.0,41.0,215.0,747.0,859.0,4,984.0
5.0,8.0,41.0,215.0,747.0,859.0,4,984.0
5.0,8.0,74.0,215.0,747.0,957.0,4,984.0
5.0,8.0,12.0,41.0,215.0,957.0,4,984.0
5.0,8.0,12.0,41.0,215.0,859.0,4,957.0
5.0,8.0,12.0,41.0,153.0,215.0,4,859.0
5.0,8.0,41.0,181.0,571.0,593.0,4,859.0
5.0,8.0,181.0,244.0,571.0,593.0,4,859.0
5.0,28.0,353.0,608.0,665.0,822.0,4,1016.0
5.0,28.0,353.0,418.0,598.0,754.0,4,1016.0
5.0,28.0,418.0,608.0,754.0,822.0,4,1016.0
5.0,28.0,353.0,608.0,665.0,754.0,4,822.0
5.0,28.0,353.0,608.0,665.0,822.0,4,1016.0
5.0,28.0,353.0,418.0,608.0,665.0,4,1016.0
5.0,28.0,418.0,608.0,754.0,822.0,4,1016.0
5.0,28.0,418.0,608.0,665.0,822.0,4,1016.0
5.0,28.0,353.0,418.0,608.0,822.0,4,1016.0
5.0,14.0,48.0,254.0,592.0,688.0,4,786.0
5.0,14.0,450.0,531.0,700.0,786.0,4,922.0
5.0,14.0,254.0,531.0,592.0,700.0,4,786.0
5.0,14.0,48.0,254.0,450.0,531.0,4,592.0
5.0,14.0,48.0,254.0,450.0,592.0,4,786.0
5.0,14.0,48.0,592.0,688.0,786.0,4,922.0
5.0,14.0,48.0,592.0,688.0,786.0,4,922.0
5.0,14.0,48.0,450.0,531.0,700.0,4,922.0
5.0,14.0,48.0,450.0,531.0,592.0,4,922.0
5.0,14.0,48.0,254.0,592.0,688.0,4,786.0
5.0,8.0,12.0,74.0,215.0,747.0,4,984.0
5.0,8.0,12.0,74.0,153.0,215.0,4,984.0
5.0,8.0,12.0,41.0,153.0,215.0,4,984.0
5.0,8.0,12.0,41.0,153.0,859.0,4,984.0
5.0,8.0,12.0,41.0,74.0,747.0,4,859.0
5.0,8.0,12.0,74.0,153.0,215.0,4,984.0
5.0,8.0,12.0,74.0,153.0,215.0,4,984.0
5.0,8.0,41.0,74.0,153.0,747.0,4,859.0
5.0,8.0,12.0,41.0,215.0,747.0,4,984.0
5.0,8.0,12.0,41.0,215.0,747.0,4,984.0
5.0,8.0,12.0,41.0,153.0,181.0,4,859.0
5.0,8.0,74.0,215.0,593.0,859.0,4,984.0
5.0,8.0,74.0,181.0,215.0,593.0,4,984.0
5.0,8.0,12.0,74.0,215.0,593.0,4,984.0
5.0,8.0,12.0,41.0,153.0,181.0,4,859.0
5.0,8.0,12.0,41.0,215.0,859.0,4,984.0
5.0,8.0,74.0,215.0,593.0,957.0,4,984.0
5.0,8.0,74.0,215.0,593.0,957.0,4,984.0
5.0,8.0,12.0,41.0,215.0,859.0,4,957.0
5.0,8.0,12.0,41.0,153.0,181.0,4,859.0
5.0,8.0,12.0,41.0,153.0,181.0,4,859.0
5.0,8.0,12.0,41.0,153.0,181.0,4,859.0
5.0,8.0,74.0,215.0,859.0,957.0,4,984.0
5.0,8.0,12.0,74.0,215.0,957.0,4,984.0
5.0,8.0,12.0,74.0,215.0,593.0,4,984.0
5.0,8.0,41.0,215.0,593.0,859.0,4,957.0
5.0,8.0,12.0,41.0,215.0,593.0,4,859.0
5.0,8.0,12.0,41.0,153.0,859.0,4,984.0
5.0,8.0,12.0,41.0,153.0,859.0,4,984.0
5.0,8.0,153.0,181.0,571.0,859.0,4,984.0
5.0,8.0,181.0,244.0,571.0,593.0,4,859.0
5.0,30.0,240.0,348.0,829.0,953.0,4,963.0
5.0,30.0,217.0,240.0,829.0,953.0,4,963.0
5.0,30.0,217.0,559.0,689.0,933.0,4,952.0
5.0,30.0,217.0,559.0,689.0,933.0,4,952.0
5.0,30.0,217.0,559.0,689.0,933.0,4,952.0
5.0,30.0,217.0,240.0,348.0,829.0,4,963.0
5.0,30.0,217.0,422.0,559.0,933.0,4,952.0
5.0,30.0,217.0,422.0,559.0,933.0,4,952.0
5.0,30.0,217.0,559.0,829.0,952.0,4,963.0
5.0,30.0,217.0,240.0,829.0,933.0,4,963.0
5.0,8.0,74.0,215.0,747.0,957.0,4,984.0
5.0,8.0,41.0,181.0,215.0,747.0,4,859.0
5.0,8.0,41.0,74.0,215.0,957.0,4,984.0
5.0,8.0,41.0,74.0,215.0,747.0,4,984.0
5.0,8.0,12.0,41.0,74.0,593.0,4,859.0
5.0,8.0,74.0,215.0,747.0,859.0,4,984.0
5.0,8.0,12.0,41.0,74.0,215.0,4,747.0
5.0,8.0,12.0,41.0,215.0,747.0,4,859.0
5.0,8.0,12.0,153.0,181.0,542.0,4,859.0
5.0,8.0,12.0,41.0,153.0,181.0,4,859.0
5.0,8.0,41.0,74.0,181.0,747.0,4,859.0
5.0,8.0,41.0,74.0,181.0,215.0,4,747.0
5.0,8.0,12.0,41.0,74.0,153.0,4,215.0
5.0,8.0,12.0,41.0,153.0,215.0,4,859.0
5.0,8.0,12.0,41.0,74.0,153.0,4,859.0
5.0,8.0,12.0,41.0,74.0,153.0,4,859.0
5.0,8.0,74.0,215.0,747.0,957.0,4,984.0
5.0,8.0,215.0,747.0,859.0,957.0,4,984.0
5.0,8.0,12.0,41.0,215.0,859.0,4,957.0
5.0,8.0,74.0,215.0,747.0,957.0,4,984.0
5.0,8.0,41.0,181.0,215.0,859.0,4,957.0
5.0,8.0,12.0,74.0,215.0,957.0,4,984.0
5.0,8.0,12.0,74.0,215.0,957.0,4,984.0
5.0,8.0,12.0,41.0,74.0,747.0,4,859.0
5.0,8.0,12.0,41.0,181.0,747.0,4,859.0
5.0,8.0,12.0,41.0,181.0,747.0,4,859.0
5.0,8.0,12.0,41.0,747.0,859.0,4,984.0
5.0,8.0,41.0,215.0,747.0,859.0,4,984.0
5.0,8.0,74.0,215.0,747.0,957.0,4,984.0
5.0,8.0,41.0,181.0,215.0,747.0,4,859.0
5.0,8.0,41.0,74.0,215.0,747.0,4,984.0
5.0,8.0,74.0,215.0,747.0,957.0,4,984.0
5.0,8.0,12.0,41.0,181.0,747.0,4,984.0
5.0,8.0,12.0,74.0,215.0,747.0,4,984.0
5.0,17.0,108.0,135.0,290.0,509.0,4,920.0
5.0,17.0,86.0,135.0,290.0,328.0,4,958.0
5.0,17.0,86.0,290.0,328.0,900.0,4,958.0
5.0,17.0,47.0,108.0,135.0,328.0,4,920.0
5.0,17.0,47.0,108.0,135.0,509.0,4,920.0
5.0,17.0,108.0,135.0,290.0,328.0,4,958.0
5.0,17.0,47.0,108.0,135.0,328.0,4,958.0
5.0,17.0,47.0,108.0,135.0,328.0,4,958.0
5.0,17.0,108.0,135.0,328.0,619.0,4,958.0
5.0,17.0,86.0,108.0,135.0,328.0,4,619.0
5.0,17.0,86.0,108.0,135.0,509.0,4,619.0
5.0,17.0,86.0,509.0,619.0,900.0,4,958.0
5.0,17.0,86.0,108.0,508.0,900.0,4,958.0
5.0,17.0,86.0,108.0,508.0,900.0,4,958.0
5.0,26.0,40.0,315.0,488.0,536.0,4,759.0
5.0,26.0,333.0,488.0,634.0,948.0,4,961.0
5.0,26.0,333.0,488.0,634.0,948.0,4,961.0
5.0,26.0,333.0,488.0,634.0,948.0,4,961.0
5.0,26.0,40.0,333.0,634.0,948.0,4,961.0
5.0,26.0,40.0,315.0,488.0,536.0,4,759.0
5.0,26.0,40.0,315.0,333.0,488.0,4,536.0
5.0,26.0,40.0,315.0,333.0,536.0,4,948.0
5.0,34.0,36.0,167.0,404.0,506.0,4,753.0
5.0,34.0,36.0,167.0,404.0,753.0,4,906.0
5.0,34.0,404.0,753.0,814.0,906.0,4,975.0
5.0,34.0,436.0,506.0,517.0,814.0,4,975.0
5.0,34.0,404.0,506.0,753.0,814.0,4,975.0
5.0,34.0,404.0,506.0,753.0,814.0,4,975.0
5.0,34.0,404.0,506.0,517.0,814.0,4,975.0
5.0,34.0,404.0,506.0,517.0,753.0,4,814.0
5.0,23.0,33.0,136.0,388.0,613.0,4,994.0
5.0,23.0,136.0,440.0,613.0,959.0,4,994.0
5.0,23.0,136.0,382.0,440.0,529.0,4,959.0
5.0,23.0,33.0,382.0,388.0,529.0,4,959.0
5.0,23.0,33.0,382.0,388.0,529.0,4,959.0
5.0,23.0,33.0,382.0,388.0,529.0,4,959.0
5.0,23.0,136.0,388.0,440.0,613.0,4,994.0
5.0,23.0,136.0,388.0,529.0,613.0,4,994.0
5.0,23.0,33.0,136.0,388.0,613.0,4,994.0
5.0,29.0,242.0,456.0,485.0,505.0,4,990.0
5.0,29.0,242.0,338.0,397.0,485.0,4,990.0
5.0,29.0,242.0,338.0,392.0,397.0,4,505.0
5.0,29.0,242.0,392.0,456.0,485.0,4,990.0
5.0,8.0,41.0,74.0,215.0,747.0,4,957.0
5.0,8.0,41.0,74.0,215.0,747.0,4,957.0
5.0,8.0,12.0,41.0,153.0,181.0,4,859.0
5.0,8.0,12.0,74.0,153.0,181.0,4,859.0
5.0,8.0,74.0,181.0,215.0,747.0,4,859.0
5.0,8.0,12.0,41.0,181.0,747.0,4,859.0
5.0,8.0,12.0,41.0,181.0,593.0,4,859.0
5.0,8.0,12.0,41.0,215.0,747.0,4,859.0
5.0,8.0,12.0,41.0,215.0,859.0,4,957.0
5.0,8.0,12.0,41.0,181.0,859.0,4,957.0
5.0,8.0,12.0,41.0,181.0,859.0,4,957.0
5.0,8.0,12.0,181.0,542.0,747.0,4,859.0
5.0,8.0,41.0,74.0,215.0,747.0,4,957.0
5.0,8.0,12.0,41.0,215.0,747.0,4,859.0
5.0,8.0,12.0,181.0,542.0,747.0,4,859.0
5.0,8.0,12.0,41.0,181.0,215.0,4,859.0
5.0,8.0,41.0,181.0,215.0,747.0,4,859.0
5.0,8.0,12.0,41.0,215.0,747.0,4,859.0
5.0,15.0,659.0,684.0,714.0,860.0,4,960.0
5.0,15.0,218.0,684.0,764.0,802.0,4,860.0
5.0,15.0,659.0,684.0,714.0,860.0,4,960.0
5.0,15.0,218.0,659.0,714.0,860.0,4,960.0
5.0,15.0,218.0,659.0,714.0,764.0,4,860.0
5.0,15.0,218.0,659.0,714.0,764.0,4,860.0
5.0,15.0,659.0,714.0,764.0,860.0,4,960.0
5.0,15.0,659.0,714.0,764.0,860.0,4,960.0
5.0,13.0,91.0,137.0,151.0,164.0,4,238.0
5.0,13.0,91.0,164.0,238.0,730.0,4,811.0
5.0,13.0,91.0,164.0,238.0,730.0,4,811.0
5.0,13.0,91.0,164.0,730.0,811.0,4,824.0
5.0,13.0,91.0,164.0,730.0,811.0,4,824.0
5.0,13.0,116.0,730.0,811.0,866.0,4,979.0
5.0,13.0,116.0,811.0,866.0,970.0,4,979.0
5.0,8.0,12.0,41.0,593.0,859.0,4,984.0
5.0,8.0,41.0,215.0,593.0,859.0,4,984.0
5.0,8.0,12.0,74.0,215.0,957.0,4,984.0
5.0,8.0,74.0,215.0,747.0,957.0,4,984.0
5.0,8.0,12.0,41.0,215.0,747.0,4,984.0
5.0,8.0,41.0,215.0,747.0,859.0,4,984.0
5.0,8.0,12.0,41.0,747.0,859.0,4,984.0
5.0,8.0,12.0,41.0,74.0,747.0,4,984.0
5.0,28.0,353.0,608.0,665.0,822.0,4,1016.0
5.0,28.0,353.0,418.0,608.0,754.0,4,822.0
5.0,28.0,353.0,418.0,598.0,754.0,4,1016.0
5.0,28.0,418.0,598.0,608.0,754.0,4,1016.0
5.0,28.0,418.0,608.0,665.0,754.0,4,822.0
5.0,28.0,353.0,608.0,665.0,822.0,4,1016.0
5.0,28.0,353.0,418.0,608.0,665.0,4,1016.0
5.0,28.0,353.0,418.0,608.0,665.0,4,754.0
5.0,28.0,418.0,598.0,608.0,754.0,4,1016.0
5.0,28.0,418.0,598.0,608.0,754.0,4,1016.0
5.0,8.0,215.0,542.0,571.0,593.0,4,984.0
5.0,8.0,12.0,41.0,153.0,859.0,4,984.0
5.0,8.0,12.0,542.0,571.0,859.0,4,984.0
5.0,8.0,12.0,41.0,571.0,859.0,4,984.0
5.0,8.0,12.0,41.0,153.0,859.0,4,984.0
5.0,8.0,12.0,41.0,747.0,859.0,4,984.0
5.0,8.0,12.0,41.0,74.0,593.0,4,859.0
5.0,8.0,12.0,41.0,74.0,747.0,4,984.0
5.0,8.0,12.0,74.0,747.0,859.0,4,984.0
5.0,8.0,41.0,593.0,747.0,859.0,4,984.0
5.0,8.0,12.0,74.0,153.0,747.0,4,984.0
5.0,8.0,12.0,41.0,74.0,747.0,4,984.0
5.0,8.0,12.0,41.0,593.0,859.0,4,984.0
5.0,8.0,74.0,571.0,747.0,859.0,4,984.0
5.0,8.0,12.0,41.0,593.0,859.0,4,984.0
5.0,8.0,12.0,41.0,74.0,747.0,4,859.0
5.0,8.0,12.0,74.0,747.0,859.0,4,984.0
5.0,8.0,12.0,74.0,747.0,859.0,4,984.0
5.0,8.0,12.0,41.0,74.0,747.0,4,859.0
5.0,8.0,74.0,519.0,542.0,571.0,4,747.0
5.0,8.0,74.0,519.0,542.0,571.0,4,593.0
5.0,12.0,216.0,230.0,237.0,788.0,4,856.0
5.0,12.0,216.0,230.0,611.0,856.0,4,986.0
5.0,12.0,0.0,216.0,611.0,633.0,4,986.0
5.0,12.0,0.0,201.0,611.0,633.0,4,986.0
5.0,12.0,0.0,201.0,237.0,788.0,4,986.0
5.0,12.0,216.0,230.0,237.0,788.0,4,856.0
5.0,12.0,0.0,216.0,611.0,856.0,4,986.0
5.0,12.0,216.0,230.0,237.0,788.0,4,856.0
5.0,12.0,216.0,230.0,237.0,788.0,4,856.0
5.0,8.0,74.0,181.0,571.0,593.0,4,984.0
5.0,8.0,12.0,74.0,181.0,593.0,4,984.0
5.0,8.0,12.0,41.0,153.0,859.0,4,984.0
5.0,8.0,12.0,41.0,153.0,859.0,4,984.0
5.0,8.0,74.0,181.0,571.0,593.0,4,984.0
5.0,8.0,12.0,74.0,181.0,593.0,4,984.0
5.0,8.0,12.0,74.0,181.0,593.0,4,984.0
5.0,8.0,12.0,41.0,74.0,153.0,4,984.0
5.0,8.0,12.0,41.0,74.0,153.0,4,859.0
5.0,8.0,12.0,41.0,74.0,153.0,4,859.0
5.0,7.0,112.0,277.0,451.0,902.0,4,1005.0
5.0,7.0,112.0,250.0,451.0,609.0,4,902.0
5.0,7.0,250.0,386.0,609.0,902.0,4,1005.0
5.0,7.0,105.0,250.0,279.0,609.0,4,1005.0
5.0,7.0,105.0,277.0,451.0,902.0,4,1005.0
5.0,7.0,105.0,277.0,451.0,902.0,4,1005.0
5.0,7.0,112.0,277.0,451.0,902.0,4,1005.0
5.0,7.0,105.0,277.0,279.0,451.0,4,902.0
5.0,7.0,105.0,277.0,279.0,451.0,4,902.0
5.0,7.0,105.0,279.0,609.0,902.0,4,1005.0
5.0,7.0,105.0,279.0,609.0,902.0,4,1005.0
5.0,7.0,105.0,279.0,609.0,902.0,4,1005.0
5.0,7.0,105.0,115.0,279.0,609.0,4,1005.0
5.0,15.0,659.0,684.0,714.0,860.0,4,960.0
5.0,15.0,659.0,684.0,714.0,764.0,4,860.0
5.0,15.0,659.0,684.0,714.0,764.0,4,860.0
5.0,15.0,218.0,659.0,714.0,764.0,4,960.0
5.0,15.0,659.0,684.0,714.0,860.0,4,960.0
5.0,15.0,473.0,659.0,684.0,764.0,4,860.0
5.0,15.0,473.0,659.0,684.0,764.0,4,860.0
5.0,15.0,659.0,684.0,714.0,764.0,4,860.0
5.0,24.0,200.0,570.0,576.0,863.0,4,888.0
5.0,24.0,425.0,570.0,576.0,863.0,4,888.0
5.0,24.0,425.0,570.0,576.0,750.0,4,863.0
5.0,24.0,425.0,576.0,750.0,863.0,4,888.0
5.0,24.0,200.0,570.0,576.0,863.0,4,888.0
5.0,24.0,200.0,425.0,576.0,863.0,4,888.0
5.0,8.0,12.0,41.0,74.0,593.0,4,984.0
5.0,8.0,12.0,41.0,181.0,593.0,4,984.0
5.0,8.0,12.0,41.0,181.0,593.0,4,984.0
5.0,8.0,12.0,41.0,74.0,593.0,4,984.0
5.0,8.0,12.0,41.0,74.0,181.0,4,571.0
5.0,8.0,12.0,41.0,74.0,181.0,4,571.0
5.0,8.0,12.0,74.0,181.0,542.0,4,593.0
5.0,8.0,12.0,74.0,181.0,542.0,4,571.0
5.0,13.0,91.0,137.0,164.0,238.0,4,811.0
5.0,13.0,91.0,164.0,238.0,730.0,4,866.0
5.0,13.0,137.0,164.0,575.0,811.0,4,824.0
5.0,13.0,91.0,137.0,164.0,238.0,4,811.0
5.0,13.0,91.0,137.0,164.0,575.0,4,811.0
5.0,13.0,91.0,137.0,164.0,575.0,4,811.0
5.0,13.0,91.0,164.0,730.0,811.0,4,824.0
5.0,13.0,91.0,137.0,164.0,238.0,4,730.0
5.0,13.0,91.0,137.0,164.0,238.0,4,811.0
5.0,8.0,12.0,41.0,153.0,181.0,4,519.0
5.0,8.0,41.0,74.0,181.0,571.0,4,593.0
5.0,8.0,41.0,74.0,519.0,571.0,4,957.0
5.0,8.0,41.0,74.0,181.0,571.0,4,957.0
5.0,8.0,12.0,41.0,74.0,519.0,4,593.0
5.0,8.0,12.0,74.0,519.0,542.0,4,593.0
5.0,8.0,12.0,181.0,519.0,542.0,4,593.0
5.0,8.0,12.0,181.0,519.0,542.0,4,593.0
5.0,8.0,74.0,181.0,571.0,957.0,4,984.0
5.0,8.0,74.0,181.0,571.0,957.0,4,984.0
5.0,8.0,74.0,181.0,571.0,957.0,4,984.0
5.0,8.0,74.0,181.0,571.0,593.0,4,984.0
5.0,8.0,12.0,74.0,181.0,593.0,4,984.0
5.0,8.0,12.0,41.0,74.0,181.0,4,593.0
5.0,8.0,12.0,41.0,519.0,593.0,4,984.0
5.0,8.0,12.0,41.0,519.0,593.0,4,984.0
5.0,8.0,12.0,41.0,519.0,957.0,4,984.0
5.0,8.0,74.0,519.0,571.0,957.0,4,984.0
5.0,8.0,12.0,41.0,74.0,181.0,4,957.0
5.0,8.0,12.0,41.0,74.0,181.0,4,957.0
5.0,8.0,12.0,41.0,74.0,181.0,4,593.0
5.0,8.0,12.0,41.0,74.0,593.0,4,984.0
5.0,11.0,145.0,580.0,602.0,638.0,4,874.0
5.0,11.0,145.0,580.0,602.0,784.0,4,874.0
5.0,11.0,150.0,188.0,359.0,638.0,4,874.0
5.0,11.0,188.0,359.0,580.0,638.0,4,784.0
5.0,11.0,359.0,580.0,602.0,638.0,4,784.0
5.0,11.0,188.0,359.0,580.0,638.0,4,784.0
5.0,11.0,188.0,359.0,580.0,638.0,4,784.0
5.0,11.0,145.0,359.0,580.0,638.0,4,874.0
5.0,11.0,188.0,359.0,580.0,638.0,4,874.0
5.0,11.0,188.0,359.0,580.0,638.0,4,784.0
5.0,11.0,188.0,359.0,602.0,784.0,4,874.0
5.0,11.0,188.0,580.0,602.0,784.0,4,874.0
5.0,11.0,145.0,188.0,580.0,602.0,4,784.0
5.0,30.0,422.0,689.0,829.0,953.0,4,963.0
5.0,30.0,422.0,689.0,829.0,952.0,4,963.0
5.0,30.0,217.0,348.0,657.0,689.0,4,952.0
5.0,30.0,348.0,559.0,689.0,952.0,4,963.0
5.0,30.0,559.0,657.0,689.0,952.0,4,963.0
5.0,30.0,240.0,348.0,829.0,953.0,4,963.0
5.0,30.0,348.0,657.0,689.0,952.0,4,963.0
5.0,30.0,217.0,559.0,829.0,933.0,4,953.0
5.0,30.0,348.0,657.0,689.0,952.0,4,963.0
5.0,30.0,348.0,657.0,689.0,953.0,4,963.0
5.0,30.0,348.0,657.0,829.0,953.0,4,963.0
5.0,8.0,74.0,181.0,571.0,957.0,4,984.0
5.0,8.0,12.0,41.0,215.0,747.0,4,984.0
5.0,8.0,12.0,41.0,215.0,747.0,4,984.0
5.0,8.0,12.0,41.0,74.0,215.0,4,747.0
5.0,8.0,12.0,74.0,181.0,571.0,4,984.0
5.0,8.0,12.0,74.0,181.0,571.0,4,984.0
5.0,8.0,12.0,41.0,74.0,153.0,4,215.0
5.0,8.0,12.0,41.0,74.0,153.0,4,215.0
5.0,8.0,12.0,41.0,74.0,571.0,4,984.0
5.0,8.0,74.0,181.0,571.0,747.0,4,984.0
5.0,8.0,12.0,74.0,181.0,571.0,4,984.0
5.0,8.0,12.0,41.0,153.0,215.0,4,984.0
5.0,8.0,12.0,41.0,74.0,153.0,4,215.0
5.0,8.0,12.0,74.0,181.0,747.0,4,984.0
5.0,8.0,74.0,181.0,571.0,747.0,4,984.0
5.0,8.0,12.0,41.0,74.0,153.0,4,215.0
5.0,8.0,12.0,41.0,153.0,215.0,4,984.0
5.0,8.0,12.0,41.0,74.0,153.0,4,984.0
5.0,8.0,12.0,74.0,181.0,747.0,4,984.0
5.0,8.0,74.0,181.0,571.0,747.0,4,984.0
5.0,8.0,12.0,41.0,74.0,153.0,4,215.0
5.0,8.0,74.0,181.0,571.0,747.0,4,984.0
5.0,8.0,12.0,74.0,153.0,215.0,4,984.0
5.0,8.0,12.0,74.0,153.0,215.0,4,984.0
5.0,8.0,12.0,41.0,74.0,153.0,4,181.0
5.0,8.0,12.0,41.0,153.0,181.0,4,984.0
5.0,8.0,41.0,74.0,215.0,747.0,4,984.0
5.0,8.0,74.0,215.0,571.0,747.0,4,984.0
5.0,8.0,12.0,74.0,215.0,747.0,4,984.0
5.0,8.0,12.0,41.0,153.0,181.0,4,519.0
5.0,8.0,12.0,41.0,181.0,519.0,4,571.0
5.0,8.0,41.0,181.0,215.0,747.0,4,984.0
5.0,8.0,12.0,41.0,74.0,153.0,4,181.0
5.0,8.0,12.0,74.0,181.0,747.0,4,984.0
5.0,8.0,12.0,74.0,215.0,957.0,4,984.0
5.0,8.0,12.0,41.0,181.0,215.0,4,957.0
5.0,8.0,12.0,41.0,181.0,747.0,4,859.0
5.0,8.0,74.0,215.0,571.0,747.0,4,984.0
5.0,8.0,12.0,74.0,215.0,571.0,4,984.0
5.0,8.0,74.0,215.0,571.0,747.0,4,984.0
5.0,8.0,12.0,41.0,181.0,215.0,4,859.0
5.0,8.0,12.0,41.0,181.0,571.0,4,859.0
5.0,8.0,41.0,181.0,571.0,747.0,4,859.0
5.0,8.0,41.0,181.0,571.0,747.0,4,859.0
5.0,8.0,12.0,74.0,215.0,747.0,4,984.0
5.0,8.0,12.0,41.0,181.0,593.0,4,859.0
5.0,8.0,12.0,74.0,215.0,859.0,4,984.0
5.0,8.0,74.0,153.0,215.0,859.0,4,984.0
5.0,8.0,74.0,153.0,215.0,571.0,4,984.0
5.0,8.0,74.0,153.0,215.0,571.0,4,984.0
5.0,8.0,12.0,41.0,153.0,181.0,4,859.0
5.0,8.0,74.0,181.0,571.0,593.0,4,984.0
5.0,8.0,74.0,215.0,571.0,957.0,4,984.0
5.0,8.0,12.0,41.0,215.0,593.0,4,984.0
5.0,8.0,12.0,41.0,215.0,593.0,4,984.0
5.0,8.0,12.0,41.0,181.0,593.0,4,859.0
5.0,8.0,12.0,41.0,181.0,593.0,4,859.0
5.0,8.0,41.0,74.0,215.0,571.0,4,984.0
5.0,8.0,12.0,74.0,215.0,957.0,4,984.0
5.0,8.0,12.0,41.0,181.0,593.0,4,859.0
5.0,8.0,12.0,74.0,215.0,571.0,4,984.0
5.0,8.0,12.0,74.0,215.0,571.0,4,984.0
5.0,8.0,74.0,215.0,571.0,957.0,4,984.0
5.0,8.0,12.0,74.0,215.0,984.0,4,1027.0
5.0,8.0,12.0,74.0,215.0,984.0,4,1027.0
5.0,8.0,12.0,74.0,215.0,984.0,4,1027.0
5.0,8.0,12.0,181.0,859.0,984.0,4,1027.0
5.0,8.0,74.0,571.0,957.0,984.0,4,1027.0
5.0,8.0,12.0,74.0,181.0,404.0,4,984.0
5.0,8.0,12.0,41.0,74.0,181.0,4,404.0
5.0,8.0,12.0,41.0,74.0,181.0,4,404.0
5.0,8.0,74.0,571.0,957.0,984.0,4,1027.0
5.0,8.0,12.0,41.0,181.0,404.0,4,1027.0
5.0,8.0,12.0,41.0,74.0,181.0,4,404.0
5.0,8.0,12.0,41.0,571.0,984.0,4,1027.0
5.0,8.0,41.0,404.0,571.0,984.0,4,1027.0
5.0,8.0,12.0,74.0,404.0,984.0,4,1027.0
5.0,33.0,14.0,125.0,267.0,361.0,4,789.0
5.0,33.0,14.0,125.0,258.0,267.0,4,361.0
5.0,33.0,21.0,244.0,258.0,318.0,4,417.0
5.0,33.0,14.0,125.0,267.0,361.0,4,789.0
5.0,33.0,14.0,125.0,267.0,361.0,4,789.0
5.0,33.0,14.0,125.0,258.0,267.0,4,361.0
5.0,33.0,14.0,125.0,258.0,267.0,4,361.0
5.0,33.0,14.0,125.0,267.0,361.0,4,789.0
5.0,33.0,14.0,125.0,267.0,361.0,4,789.0
5.0,33.0,14.0,125.0,267.0,361.0,4,789.0
5.0,33.0,14.0,125.0,267.0,361.0,4,789.0
5.0,33.0,14.0,21.0,258.0,361.0,4,417.0
5.0,33.0,21.0,244.0,258.0,417.0,4,789.0
5.0,33.0,21.0,244.0,258.0,417.0,4,789.0
5.0,33.0,21.0,244.0,258.0,417.0,4,470.0
5.0,18.0,260.0,579.0,642.0,685.0,4,1015.0
5.0,18.0,260.0,579.0,642.0,685.0,4,1015.0
5.0,18.0,260.0,579.0,642.0,685.0,4,702.0
5.0,18.0,64.0,579.0,651.0,702.0,4,1013.0
5.0,18.0,64.0,579.0,642.0,685.0,4,1013.0
5.0,18.0,64.0,579.0,642.0,685.0,4,1013.0
5.0,18.0,64.0,579.0,642.0,702.0,4,1013.0
5.0,18.0,64.0,579.0,651.0,702.0,4,1013.0
5.0,18.0,64.0,579.0,651.0,702.0,4,1013.0
5.0,18.0,64.0,579.0,642.0,651.0,4,1013.0
5.0,4.0,126.0,134.0,487.0,646.0,4,853.0
5.0,4.0,504.0,601.0,646.0,768.0,4,936.0
5.0,4.0,126.0,486.0,646.0,768.0,4,936.0
5.0,4.0,486.0,504.0,646.0,768.0,4,936.0
5.0,4.0,126.0,134.0,601.0,646.0,4,936.0
5.0,32.0,3.0,44.0,241.0,524.0,4,627.0
5.0,32.0,3.0,44.0,241.0,524.0,4,627.0
5.0,32.0,34.0,84.0,302.0,346.0,4,627.0
5.0,32.0,34.0,84.0,302.0,346.0,4,627.0
5.0,32.0,34.0,44.0,241.0,346.0,4,524.0
5.0,32.0,17.0,34.0,241.0,302.0,4,524.0
5.0,32.0,17.0,34.0,84.0,241.0,4,302.0
5.0,32.0,17.0,44.0,302.0,346.0,4,524.0
5.0,32.0,17.0,44.0,302.0,346.0,4,524.0
5.0,32.0,34.0,44.0,241.0,524.0,4,627.0
5.0,25.0,356.0,380.0,421.0,453.0,4,864.0
5.0,25.0,300.0,356.0,380.0,398.0,4,421.0
5.0,25.0,158.0,300.0,398.0,453.0,4,864.0
5.0,25.0,300.0,380.0,421.0,453.0,4,864.0
5.0,25.0,356.0,380.0,421.0,453.0,4,864.0
5.0,25.0,356.0,380.0,421.0,453.0,4,864.0
5.0,25.0,356.0,380.0,398.0,421.0,4,864.0
5.0,8.0,12.0,41.0,74.0,181.0,4,404.0
5.0,8.0,12.0,41.0,74.0,181.0,4,593.0
5.0,8.0,12.0,41.0,74.0,181.0,4,593.0
5.0,8.0,12.0,41.0,74.0,571.0,4,984.0
5.0,8.0,74.0,519.0,571.0,593.0,4,984.0
5.0,8.0,12.0,41.0,74.0,404.0,4,984.0
5.0,8.0,12.0,41.0,181.0,404.0,4,984.0
5.0,8.0,12.0,41.0,74.0,181.0,4,571.0
5.0,8.0,12.0,41.0,74.0,571.0,4,984.0
5.0,8.0,12.0,41.0,74.0,571.0,4,984.0
5.0,10.0,147.0,234.0,285.0,475.0,4,591.0
5.0,10.0,52.0,111.0,147.0,234.0,4,285.0
5.0,10.0,52.0,111.0,234.0,740.0,4,829.0
5.0,10.0,52.0,111.0,278.0,740.0,4,829.0
5.0,10.0,111.0,234.0,278.0,740.0,4,829.0
5.0,10.0,147.0,234.0,285.0,475.0,4,591.0
5.0,10.0,52.0,111.0,147.0,234.0,4,829.0
5.0,10.0,111.0,234.0,278.0,740.0,4,829.0
5.0,10.0,111.0,234.0,591.0,740.0,4,829.0
5.0,10.0,147.0,170.0,475.0,591.0,4,712.0
5.0,8.0,74.0,215.0,571.0,593.0,4,984.0
5.0,8.0,41.0,74.0,215.0,571.0,4,593.0
5.0,8.0,12.0,41.0,74.0,215.0,4,404.0
5.0,8.0,12.0,41.0,74.0,181.0,4,404.0
5.0,8.0,12.0,41.0,74.0,571.0,4,984.0
5.0,8.0,12.0,41.0,74.0,571.0,4,984.0
5.0,8.0,41.0,74.0,215.0,571.0,4,984.0
5.0,8.0,74.0,181.0,215.0,571.0,4,984.0
5.0,8.0,74.0,215.0,571.0,593.0,4,984.0
5.0,8.0,74.0,215.0,571.0,593.0,4,984.0
5.0,8.0,181.0,404.0,519.0,542.0,4,957.0
5.0,8.0,74.0,215.0,571.0,593.0,4,984.0
5.0,8.0,74.0,215.0,571.0,593.0,4,984.0
5.0,8.0,74.0,215.0,404.0,571.0,4,984.0
5.0,8.0,12.0,41.0,215.0,404.0,4,984.0
5.0,8.0,12.0,41.0,181.0,215.0,4,404.0
5.0,8.0,12.0,41.0,74.0,181.0,4,571.0
5.0,8.0,12.0,41.0,74.0,181.0,4,571.0
5.0,8.0,12.0,41.0,74.0,571.0,4,984.0
5.0,8.0,74.0,215.0,404.0,571.0,4,984.0
5.0,8.0,74.0,215.0,404.0,571.0,4,984.0
5.0,14.0,48.0,266.0,700.0,786.0,4,809.0
5.0,14.0,48.0,266.0,688.0,809.0,4,983.0
5.0,14.0,48.0,266.0,688.0,922.0,4,983.0
5.0,14.0,48.0,266.0,700.0,786.0,4,809.0
5.0,8.0,74.0,215.0,571.0,593.0,4,984.0
5.0,8.0,12.0,41.0,181.0,404.0,4,1027.0
5.0,8.0,12.0,41.0,181.0,404.0,4,1027.0
5.0,8.0,12.0,41.0,181.0,571.0,4,984.0
5.0,8.0,74.0,215.0,571.0,593.0,4,984.0
5.0,8.0,74.0,215.0,571.0,593.0,4,984.0
5.0,8.0,74.0,215.0,571.0,593.0,4,984.0
5.0,8.0,41.0,215.0,404.0,571.0,4,984.0
5.0,8.0,12.0,41.0,215.0,404.0,4,984.0
5.0,8.0,12.0,41.0,181.0,404.0,4,984.0
5.0,8.0,12.0,41.0,74.0,181.0,4,404.0
5.0,8.0,74.0,181.0,215.0,571.0,4,984.0
5.0,11.0,145.0,188.0,359.0,638.0,4,874.0
5.0,11.0,145.0,188.0,359.0,638.0,4,874.0
5.0,11.0,145.0,150.0,359.0,638.0,4,784.0
5.0,11.0,145.0,359.0,602.0,638.0,4,784.0
5.0,11.0,145.0,359.0,602.0,638.0,4,784.0
5.0,11.0,145.0,188.0,359.0,638.0,4,874.0
5.0,11.0,150.0,359.0,602.0,638.0,4,784.0
5.0,11.0,145.0,359.0,602.0,638.0,4,784.0
5.0,8.0,74.0,215.0,571.0,593.0,4,984.0
5.0,8.0,12.0,74.0,215.0,593.0,4,984.0
5.0,8.0,12.0,41.0,215.0,593.0,4,984.0
5.0,8.0,12.0,41.0,215.0,404.0,4,984.0
5.0,8.0,12.0,41.0,74.0,181.0,4,571.0
5.0,8.0,74.0,215.0,571.0,593.0,4,984.0
5.0,8.0,12.0,41.0,74.0,181.0,4,593.0
5.0,8.0,12.0,41.0,74.0,181.0,4,404.0
5.0,8.0,12.0,41.0,181.0,404.0,4,984.0
5.0,8.0,12.0,41.0,215.0,404.0,4,984.0
5.0,27.0,146.0,439.0,662.0,897.0,4,924.0
5.0,27.0,146.0,439.0,662.0,897.0,4,924.0
5.0,27.0,662.0,680.0,708.0,897.0,4,924.0
5.0,27.0,527.0,680.0,708.0,842.0,4,886.0
5.0,27.0,527.0,680.0,708.0,842.0,4,886.0
5.0,27.0,146.0,439.0,662.0,897.0,4,924.0
5.0,27.0,439.0,662.0,680.0,897.0,4,924.0
5.0,27.0,680.0,708.0,842.0,886.0,4,897.0
5.0,27.0,680.0,708.0,842.0,886.0,4,897.0
5.0,27.0,373.0,680.0,708.0,886.0,4,897.0
5.0,27.0,373.0,439.0,886.0,897.0,4,924.0
5.0,27.0,373.0,439.0,527.0,886.0,4,897.0
5.0,8.0,74.0,215.0,404.0,571.0,4,984.0
5.0,8.0,41.0,181.0,215.0,404.0,4,571.0
5.0,8.0,41.0,74.0,215.0,571.0,4,984.0
5.0,8.0,74.0,181.0,215.0,571.0,4,984.0
5.0,8.0,74.0,181.0,215.0,957.0,4,984.0
5.0,8.0,74.0,215.0,571.0,593.0,4,984.0
5.0,8.0,41.0,74.0,215.0,593.0,4,984.0
5.0,8.0,41.0,74.0,215.0,571.0,4,984.0
5.0,8.0,41.0,181.0,215.0,571.0,4,984.0
5.0,8.0,41.0,181.0,404.0,571.0,4,984.0
5.0,8.0,41.0,74.0,181.0,404.0,4,571.0
5.0,8.0,74.0,181.0,215.0,404.0,4,984.0
5.0,8.0,74.0,181.0,215.0,404.0,4,984.0
5.0,8.0,74.0,181.0,215.0,404.0,4,984.0
5.0,8.0,181.0,519.0,542.0,593.0,4,957.0
5.0,8.0,181.0,519.0,542.0,593.0,4,957.0
5.0,24.0,570.0,576.0,750.0,863.0,4,947.0
5.0,24.0,200.0,254.0,576.0,750.0,4,947.0
5.0,24.0,254.0,576.0,743.0,750.0,4,863.0
5.0,24.0,570.0,576.0,863.0,888.0,4,947.0
5.0,24.0,570.0,576.0,863.0,888.0,4,947.0
5.0,24.0,576.0,750.0,863.0,888.0,4,947.0
5.0,24.0,200.0,254.0,576.0,750.0,4,857.0
5.0,24.0,200.0,254.0,576.0,863.0,4,888.0
5.0,24.0,254.0,576.0,863.0,888.0,4,947.0
5.0,18.0,62.0,103.0,396.0,685.0,4,1015.0
5.0,18.0,62.0,103.0,396.0,685.0,4,1015.0
5.0,18.0,103.0,260.0,396.0,702.0,4,1013.0
5.0,18.0,64.0,396.0,685.0,702.0,4,758.0
5.0,18.0,64.0,396.0,685.0,702.0,4,758.0
5.0,18.0,64.0,396.0,685.0,758.0,4,1013.0
5.0,18.0,103.0,260.0,651.0,702.0,4,1013.0
5.0,18.0,103.0,260.0,651.0,702.0,4,1013.0
5.0,30.0,240.0,657.0,829.0,953.0,4,963.0
5.0,30.0,559.0,657.0,952.0,953.0,4,963.0
5.0,30.0,422.0,559.0,689.0,933.0,4,952.0
5.0,30.0,422.0,689.0,829.0,933.0,4,952.0
5.0,30.0,240.0,657.0,829.0,933.0,4,952.0
5.0,30.0,240.0,657.0,689.0,829.0,4,963.0
5.0,30.0,657.0,689.0,829.0,952.0,4,963.0
5.0,30.0,240.0,657.0,829.0,953.0,4,963.0
5.0,30.0,657.0,829.0,952.0,953.0,4,963.0
5.0,30.0,657.0,829.0,952.0,953.0,4,963.0
5.0,30.0,559.0,657.0,933.0,952.0,4,953.0
5.0,30.0,422.0,657.0,829.0,953.0,4,963.0
5.0,30.0,422.0,657.0,829.0,953.0,4,963.0
5.0,30.0,240.0,657.0,829.0,953.0,4,963.0
5.0,30.0,240.0,559.0,657.0,953.0,4,963.0
5.0,30.0,240.0,422.0,559.0,952.0,4,963.0
5.0,30.0,422.0,559.0,689.0,933.0,4,952.0
5.0,30.0,422.0,689.0,829.0,933.0,4,952.0
5.0,30.0,657.0,689.0,829.0,953.0,4,963.0
5.0,30.0,240.0,657.0,829.0,953.0,4,963.0
5.0,30.0,240.0,657.0,829.0,953.0,4,963.0
5.0,30.0,240.0,657.0,829.0,953.0,4,963.0
5.0,30.0,240.0,559.0,657.0,953.0,4,963.0
5.0,30.0,240.0,422.0,559.0,952.0,4,963.0
5.0,30.0,422.0,559.0,689.0,933.0,4,952.0
5.0,30.0,422.0,559.0,689.0,933.0,4,952.0
5.0,30.0,240.0,657.0,829.0,933.0,4,953.0
5.0,30.0,186.0,217.0,422.0,559.0,4,952.0
5.0,11.0,150.0,520.0,580.0,602.0,4,638.0
5.0,11.0,150.0,580.0,602.0,638.0,4,874.0
5.0,11.0,145.0,188.0,520.0,602.0,4,945.0
5.0,11.0,145.0,188.0,580.0,602.0,4,638.0
5.0,11.0,145.0,188.0,580.0,602.0,4,638.0
5.0,11.0,150.0,580.0,602.0,638.0,4,874.0
5.0,11.0,150.0,580.0,602.0,638.0,4,874.0
5.0,11.0,150.0,520.0,580.0,602.0,4,638.0
5.0,11.0,188.0,580.0,602.0,638.0,4,874.0
5.0,11.0,188.0,359.0,638.0,874.0,4,945.0
5.0,11.0,145.0,188.0,359.0,520.0,4,945.0
5.0,11.0,359.0,514.0,668.0,874.0,4,945.0
5.0,11.0,359.0,377.0,514.0,668.0,4,945.0
5.0,30.0,240.0,657.0,829.0,953.0,4,963.0
5.0,30.0,240.0,559.0,657.0,953.0,4,963.0
5.0,30.0,240.0,422.0,559.0,953.0,4,963.0
5.0,30.0,657.0,689.0,829.0,933.0,4,952.0
5.0,30.0,657.0,689.0,829.0,933.0,4,952.0
5.0,30.0,240.0,422.0,829.0,933.0,4,953.0
5.0,30.0,240.0,422.0,657.0,953.0,4,963.0
5.0,30.0,217.0,422.0,952.0,953.0,4,963.0
5.0,30.0,217.0,422.0,689.0,933.0,4,953.0
5.0,30.0,217.0,240.0,422.0,689.0,4,933.0
5.0,30.0,240.0,422.0,829.0,952.0,4,963.0
5.0,18.0,226.0,579.0,642.0,702.0,4,1015.0
5.0,18.0,226.0,579.0,642.0,702.0,4,1015.0
5.0,18.0,64.0,260.0,579.0,834.0,4,1013.0
5.0,18.0,64.0,260.0,702.0,834.0,4,1015.0
5.0,18.0,64.0,579.0,642.0,702.0,4,1015.0
5.0,18.0,226.0,579.0,642.0,702.0,4,1015.0
5.0,18.0,64.0,579.0,642.0,702.0,4,834.0
5.0,18.0,260.0,579.0,702.0,834.0,4,1015.0
5.0,30.0,559.0,689.0,829.0,933.0,4,952.0
5.0,30.0,559.0,689.0,829.0,933.0,4,952.0
5.0,30.0,422.0,689.0,829.0,953.0,4,963.0
5.0,30.0,240.0,422.0,829.0,953.0,4,963.0
5.0,30.0,240.0,422.0,829.0,953.0,4,963.0
5.0,30.0,217.0,689.0,829.0,933.0,4,952.0
5.0,30.0,217.0,829.0,933.0,953.0,4,963.0
5.0,30.0,217.0,829.0,933.0,953.0,4,963.0
5.0,30.0,217.0,829.0,933.0,953.0,4,963.0
5.0,30.0,240.0,348.0,829.0,953.0,4,963.0
5.0,30.0,240.0,348.0,829.0,953.0,4,963.0
5.0,30.0,240.0,348.0,829.0,953.0,4,963.0
5.0,30.0,217.0,240.0,829.0,953.0,4,963.0
5.0,30.0,217.0,559.0,689.0,953.0,4,963.0
5.0,30.0,559.0,689.0,829.0,933.0,4,952.0
5.0,30.0,348.0,689.0,829.0,933.0,4,952.0
5.0,30.0,348.0,689.0,829.0,952.0,4,963.0
5.0,30.0,217.0,240.0,422.0,953.0,4,963.0
5.0,30.0,217.0,240.0,422.0,953.0,4,963.0
5.0,30.0,348.0,559.0,689.0,933.0,4,952.0
5.0,30.0,217.0,387.0,422.0,559.0,4,933.0
5.0,24.0,576.0,750.0,863.0,888.0,4,947.0
5.0,24.0,200.0,425.0,743.0,750.0,4,825.0
5.0,24.0,425.0,570.0,576.0,863.0,4,888.0
5.0,24.0,570.0,576.0,863.0,888.0,4,947.0
5.0,24.0,576.0,750.0,863.0,888.0,4,947.0
5.0,24.0,200.0,425.0,576.0,750.0,4,825.0
5.0,24.0,200.0,425.0,622.0,750.0,4,825.0
5.0,17.0,135.0,290.0,509.0,900.0,4,958.0
5.0,17.0,108.0,135.0,290.0,509.0,4,900.0
5.0,17.0,108.0,135.0,290.0,509.0,4,920.0
5.0,17.0,47.0,108.0,135.0,509.0,4,920.0
5.0,17.0,290.0,328.0,900.0,920.0,4,958.0
5.0,17.0,290.0,328.0,900.0,920.0,4,958.0
5.0,17.0,47.0,108.0,328.0,920.0,4,958.0
5.0,17.0,47.0,108.0,328.0,920.0,4,958.0
5.0,17.0,47.0,108.0,135.0,509.0,4,920.0
5.0,30.0,217.0,348.0,952.0,953.0,4,963.0
5.0,30.0,217.0,689.0,829.0,952.0,4,963.0
5.0,30.0,348.0,559.0,689.0,953.0,4,963.0
5.0,30.0,240.0,348.0,559.0,953.0,4,963.0
5.0,30.0,240.0,559.0,829.0,953.0,4,963.0
5.0,30.0,240.0,559.0,829.0,953.0,4,963.0
5.0,30.0,217.0,348.0,689.0,952.0,4,963.0
5.0,30.0,559.0,829.0,952.0,953.0,4,963.0
5.0,30.0,217.0,559.0,829.0,953.0,4,963.0
5.0,30.0,240.0,559.0,829.0,953.0,4,963.0
5.0,30.0,240.0,559.0,829.0,952.0,4,963.0
5.0,30.0,217.0,348.0,422.0,829.0,4,952.0
5.0,30.0,217.0,348.0,689.0,829.0,4,952.0
5.0,30.0,217.0,240.0,559.0,953.0,4,963.0
5.0,30.0,217.0,240.0,348.0,559.0,4,963.0
5.0,30.0,217.0,240.0,348.0,559.0,4,829.0
5.0,30.0,217.0,240.0,559.0,829.0,4,963.0
5.0,30.0,240.0,559.0,829.0,953.0,4,963.0
5.0,30.0,186.0,217.0,240.0,348.0,4,952.0
5.0,30.0,186.0,217.0,348.0,689.0,4,952.0
5.0,30.0,217.0,689.0,829.0,952.0,4,963.0
5.0,30.0,559.0,689.0,829.0,953.0,4,963.0
5.0,30.0,240.0,559.0,829.0,953.0,4,963.0
5.0,30.0,217.0,689.0,829.0,953.0,4,963.0
5.0,30.0,217.0,689.0,829.0,952.0,4,963.0
5.0,30.0,217.0,240.0,559.0,953.0,4,963.0
5.0,30.0,240.0,559.0,829.0,953.0,4,963.0
5.0,16.0,623.0,719.0,763.0,895.0,4,996.0
5.0,16.0,155.0,427.0,623.0,674.0,4,942.0
5.0,16.0,155.0,427.0,623.0,674.0,4,942.0
5.0,16.0,155.0,427.0,623.0,674.0,4,942.0
5.0,16.0,155.0,427.0,495.0,623.0,4,674.0
5.0,16.0,155.0,427.0,495.0,623.0,4,674.0
5.0,16.0,155.0,427.0,495.0,623.0,4,674.0
5.0,16.0,495.0,623.0,674.0,895.0,4,996.0
5.0,16.0,495.0,623.0,674.0,895.0,4,996.0
5.0,16.0,155.0,719.0,763.0,895.0,4,996.0
5.0,16.0,155.0,719.0,763.0,895.0,4,996.0
5.0,16.0,155.0,623.0,719.0,763.0,4,996.0
5.0,16.0,427.0,553.0,712.0,763.0,4,942.0
5.0,25.0,294.0,398.0,421.0,798.0,4,864.0
5.0,25.0,294.0,356.0,398.0,421.0,4,798.0
5.0,25.0,158.0,294.0,356.0,798.0,4,1008.0
5.0,25.0,158.0,300.0,616.0,864.0,4,1008.0
5.0,25.0,294.0,356.0,398.0,421.0,4,798.0
5.0,25.0,294.0,356.0,421.0,798.0,4,1008.0
5.0,25.0,158.0,294.0,616.0,864.0,4,1008.0
5.0,30.0,240.0,348.0,829.0,953.0,4,963.0
5.0,30.0,240.0,559.0,829.0,952.0,4,963.0
5.0,30.0,240.0,559.0,829.0,953.0,4,963.0
5.0,30.0,217.0,348.0,689.0,952.0,4,963.0
5.0,30.0,186.0,217.0,348.0,689.0,4,952.0
5.0,30.0,217.0,348.0,689.0,829.0,4,952.0
5.0,30.0,217.0,689.0,829.0,952.0,4,963.0
5.0,30.0,217.0,689.0,829.0,952.0,4,963.0
5.0,11.0,145.0,580.0,602.0,638.0,4,874.0
5.0,11.0,145.0,580.0,602.0,638.0,4,874.0
5.0,11.0,145.0,359.0,580.0,638.0,4,784.0
5.0,11.0,188.0,359.0,520.0,602.0,4,784.0
5.0,11.0,188.0,580.0,602.0,784.0,4,874.0
5.0,11.0,188.0,580.0,602.0,638.0,4,874.0
5.0,11.0,145.0,580.0,602.0,638.0,4,874.0
5.0,11.0,188.0,359.0,520.0,602.0,4,784.0
5.0,11.0,188.0,359.0,602.0,784.0,4,874.0
5.0,30.0,240.0,559.0,829.0,953.0,4,963.0
5.0,30.0,240.0,559.0,829.0,952.0,4,963.0
5.0,30.0,186.0,217.0,348.0,689.0,4,952.0
5.0,30.0,186.0,217.0,348.0,689.0,4,952.0
5.0,30.0,348.0,559.0,689.0,953.0,4,963.0
5.0,30.0,186.0,217.0,559.0,689.0,4,953.0
5.0,30.0,217.0,240.0,829.0,952.0,4,963.0
5.0,30.0,217.0,240.0,829.0,952.0,4,963.0
5.0,30.0,186.0,240.0,559.0,689.0,4,829.0
5.0,18.0,579.0,702.0,758.0,834.0,4,1015.0
5.0,18.0,62.0,260.0,642.0,702.0,4,1013.0
5.0,18.0,260.0,579.0,642.0,685.0,4,834.0
5.0,18.0,579.0,642.0,685.0,758.0,4,834.0
5.0,18.0,579.0,642.0,758.0,834.0,4,1015.0
5.0,18.0,260.0,702.0,758.0,834.0,4,1013.0
5.0,18.0,579.0,642.0,758.0,834.0,4,1015.0
5.0,7.0,250.0,386.0,455.0,609.0,4,902.0
5.0,7.0,250.0,386.0,455.0,609.0,4,902.0
5.0,7.0,250.0,277.0,386.0,455.0,4,609.0
5.0,7.0,250.0,277.0,386.0,455.0,4,609.0
5.0,7.0,277.0,386.0,455.0,609.0,4,846.0
5.0,7.0,112.0,609.0,846.0,902.0,4,1005.0
5.0,7.0,112.0,455.0,846.0,902.0,4,1005.0
5.0,7.0,112.0,277.0,846.0,902.0,4,1005.0
5.0,7.0,112.0,277.0,455.0,846.0,4,1005.0
5.0,7.0,112.0,277.0,455.0,846.0,4,902.0
5.0,7.0,277.0,386.0,455.0,846.0,4,902.0
5.0,15.0,659.0,684.0,714.0,764.0,4,860.0
5.0,15.0,218.0,534.0,684.0,764.0,4,860.0
5.0,15.0,659.0,714.0,860.0,872.0,4,960.0
5.0,15.0,375.0,473.0,764.0,802.0,4,872.0
5.0,15.0,659.0,714.0,764.0,802.0,4,872.0
5.0,15.0,659.0,714.0,764.0,860.0,4,872.0
5.0,30.0,217.0,348.0,689.0,952.0,4,963.0
5.0,30.0,240.0,348.0,422.0,953.0,4,963.0
5.0,30.0,240.0,348.0,829.0,953.0,4,963.0
5.0,30.0,217.0,422.0,689.0,953.0,4,963.0
5.0,30.0,217.0,348.0,422.0,689.0,4,953.0
5.0,30.0,217.0,348.0,689.0,952.0,4,963.0
5.0,30.0,217.0,348.0,689.0,952.0,4,963.0
5.0,30.0,217.0,348.0,689.0,953.0,4,963.0
5.0,30.0,240.0,348.0,829.0,953.0,4,963.0
5.0,30.0,217.0,240.0,559.0,952.0,4,963.0
5.0,30.0,217.0,240.0,829.0,953.0,4,963.0
5.0,30.0,217.0,240.0,829.0,953.0,4,963.0
5.0,30.0,186.0,217.0,240.0,829.0,4,953.0
5.0,30.0,240.0,348.0,829.0,953.0,4,963.0
5.0,30.0,217.0,348.0,689.0,952.0,4,963.0
5.0,30.0,217.0,348.0,952.0,953.0,4,963.0
5.0,30.0,217.0,348.0,952.0,953.0,4,963.0
5.0,30.0,240.0,559.0,829.0,953.0,4,963.0
5.0,30.0,217.0,348.0,559.0,689.0,4,952.0
5.0,30.0,217.0,240.0,829.0,952.0,4,963.0
5.0,30.0,217.0,240.0,829.0,952.0,4,963.0
5.0,30.0,217.0,240.0,829.0,953.0,4,963.0
5.0,30.0,240.0,559.0,829.0,953.0,4,963.0
5.0,30.0,217.0,559.0,689.0,953.0,4,963.0
5.0,30.0,217.0,348.0,689.0,952.0,4,963.0
5.0,30.0,217.0,348.0,829.0,953.0,4,963.0
5.0,30.0,348.0,559.0,829.0,953.0,4,963.0
5.0,15.0,218.0,659.0,714.0,764.0,4,860.0
5.0,15.0,218.0,684.0,764.0,802.0,4,860.0
5.0,15.0,528.0,659.0,714.0,764.0,4,860.0
5.0,15.0,528.0,659.0,714.0,764.0,4,860.0
5.0,15.0,218.0,659.0,714.0,764.0,4,860.0
5.0,15.0,218.0,659.0,714.0,764.0,4,860.0
5.0,26.0,40.0,315.0,488.0,536.0,4,620.0
5.0,26.0,40.0,315.0,536.0,634.0,4,948.0
5.0,26.0,40.0,315.0,536.0,634.0,4,948.0
5.0,26.0,40.0,315.0,536.0,634.0,4,948.0
5.0,26.0,40.0,315.0,488.0,536.0,4,759.0
5.0,26.0,40.0,315.0,333.0,634.0,4,948.0
5.0,26.0,333.0,536.0,620.0,634.0,4,948.0
5.0,26.0,40.0,315.0,536.0,634.0,4,948.0
5.0,9.0,109.0,366.0,452.0,845.0,4,941.0
5.0,9.0,81.0,85.0,510.0,941.0,4,1009.0
5.0,9.0,81.0,85.0,510.0,941.0,4,1009.0
5.0,9.0,76.0,81.0,85.0,510.0,4,1009.0
5.0,9.0,76.0,81.0,85.0,109.0,4,452.0
5.0,9.0,109.0,366.0,452.0,845.0,4,941.0
5.0,9.0,85.0,109.0,452.0,845.0,4,941.0
5.0,9.0,85.0,109.0,452.0,845.0,4,941.0
5.0,9.0,81.0,85.0,510.0,845.0,4,941.0
5.0,9.0,81.0,85.0,109.0,510.0,4,845.0
5.0,32.0,57.0,241.0,302.0,624.0,4,817.0
5.0,32.0,34.0,346.0,524.0,624.0,4,817.0
5.0,32.0,241.0,346.0,416.0,426.0,4,524.0
5.0,32.0,241.0,346.0,416.0,426.0,4,524.0
5.0,32.0,34.0,241.0,416.0,426.0,4,524.0
5.0,32.0,34.0,241.0,416.0,426.0,4,524.0
5.0,32.0,57.0,241.0,302.0,624.0,4,817.0
5.0,32.0,57.0,302.0,346.0,624.0,4,817.0
5.0,32.0,57.0,241.0,302.0,524.0,4,817.0
5.0,32.0,57.0,241.0,302.0,524.0,4,817.0
5.0,13.0,91.0,137.0,164.0,238.0,4,811.0
5.0,13.0,91.0,137.0,164.0,238.0,4,811.0
5.0,13.0,91.0,137.0,164.0,238.0,4,811.0
5.0,13.0,91.0,137.0,238.0,730.0,4,811.0
5.0,13.0,91.0,137.0,575.0,730.0,4,811.0
5.0,13.0,91.0,137.0,238.0,319.0,4,811.0
5.0,13.0,91.0,137.0,238.0,319.0,4,811.0
5.0,13.0,91.0,319.0,575.0,730.0,4,811.0
5.0,13.0,137.0,164.0,238.0,575.0,4,730.0
5.0,13.0,137.0,164.0,238.0,575.0,4,730.0
5.0,33.0,14.0,267.0,361.0,530.0,4,789.0
5.0,33.0,14.0,125.0,267.0,530.0,4,789.0
5.0,33.0,14.0,125.0,258.0,301.0,4,530.0
5.0,33.0,21.0,125.0,258.0,301.0,4,318.0
5.0,33.0,14.0,267.0,361.0,530.0,4,789.0
5.0,33.0,14.0,267.0,361.0,530.0,4,789.0
5.0,33.0,21.0,125.0,258.0,301.0,4,318.0
5.0,33.0,14.0,125.0,301.0,361.0,4,789.0
5.0,33.0,14.0,267.0,361.0,530.0,4,789.0
5.0,28.0,353.0,418.0,608.0,665.0,4,754.0
5.0,28.0,353.0,418.0,608.0,754.0,4,1016.0
5.0,28.0,353.0,418.0,608.0,822.0,4,1016.0
5.0,28.0,353.0,418.0,608.0,822.0,4,1016.0
5.0,28.0,353.0,418.0,608.0,822.0,4,1016.0
5.0,28.0,353.0,418.0,608.0,822.0,4,1016.0
5.0,28.0,353.0,418.0,608.0,665.0,4,754.0
5.0,28.0,353.0,418.0,608.0,754.0,4,1016.0
5.0,28.0,353.0,418.0,608.0,822.0,4,1016.0
5.0,28.0,353.0,418.0,598.0,822.0,4,1016.0
5.0,28.0,314.0,598.0,639.0,761.0,4,822.0
5.0,28.0,191.0,314.0,639.0,761.0,4,822.0
5.0,28.0,160.0,191.0,314.0,639.0,4,761.0
5.0,30.0,217.0,240.0,829.0,953.0,4,963.0
5.0,30.0,348.0,422.0,689.0,953.0,4,963.0
5.0,30.0,217.0,422.0,952.0,953.0,4,963.0
5.0,30.0,217.0,240.0,829.0,953.0,4,963.0
5.0,30.0,217.0,240.0,422.0,953.0,4,963.0
5.0,30.0,217.0,240.0,422.0,953.0,4,963.0
5.0,30.0,217.0,240.0,422.0,953.0,4,963.0
5.0,30.0,348.0,422.0,689.0,933.0,4,952.0
5.0,30.0,348.0,689.0,829.0,953.0,4,963.0
5.0,30.0,217.0,240.0,829.0,953.0,4,963.0
5.0,30.0,240.0,348.0,829.0,953.0,4,963.0
5.0,30.0,348.0,689.0,829.0,952.0,4,963.0
5.0,30.0,348.0,689.0,829.0,952.0,4,963.0
5.0,30.0,348.0,559.0,689.0,933.0,4,952.0
5.0,30.0,217.0,559.0,689.0,953.0,4,963.0
5.0,30.0,240.0,422.0,829.0,953.0,4,963.0
5.0,30.0,240.0,348.0,829.0,953.0,4,963.0
5.0,30.0,240.0,348.0,829.0,952.0,4,963.0
5.0,30.0,217.0,348.0,559.0,689.0,4,952.0
5.0,30.0,348.0,559.0,689.0,933.0,4,952.0
5.0,30.0,186.0,240.0,422.0,933.0,4,952.0
5.0,30.0,186.0,240.0,422.0,559.0,4,933.0
5.0,30.0,240.0,348.0,829.0,953.0,4,963.0
5.0,30.0,240.0,657.0,829.0,953.0,4,963.0
5.0,30.0,559.0,657.0,689.0,952.0,4,963.0
5.0,30.0,559.0,657.0,689.0,933.0,4,952.0
5.0,30.0,657.0,689.0,829.0,933.0,4,952.0
5.0,30.0,348.0,422.0,829.0,952.0,4,963.0
5.0,30.0,348.0,422.0,829.0,953.0,4,963.0
5.0,30.0,559.0,657.0,689.0,953.0,4,963.0
5.0,30.0,217.0,240.0,829.0,953.0,4,963.0
5.0,30.0,217.0,559.0,657.0,953.0,4,963.0
5.0,30.0,348.0,559.0,657.0,689.0,4,952.0
5.0,30.0,240.0,348.0,657.0,829.0,4,953.0
5.0,30.0,348.0,657.0,689.0,829.0,4,953.0
5.0,30.0,422.0,559.0,657.0,689.0,4,953.0
5.0,30.0,217.0,240.0,559.0,657.0,4,953.0
5.0,30.0,217.0,240.0,348.0,829.0,4,953.0
5.0,30.0,348.0,559.0,657.0,689.0,4,952.0
5.0,30.0,217.0,348.0,559.0,689.0,4,952.0
5.0,30.0,217.0,559.0,657.0,689.0,4,952.0
5.0,30.0,240.0,657.0,829.0,953.0,4,963.0
5.0,30.0,348.0,689.0,829.0,953.0,4,963.0
5.0,30.0,348.0,689.0,829.0,952.0,4,963.0
5.0,30.0,348.0,559.0,657.0,689.0,4,952.0
5.0,30.0,217.0,348.0,559.0,689.0,4,952.0
5.0,30.0,217.0,240.0,559.0,953.0,4,963.0
5.0,30.0,217.0,240.0,829.0,953.0,4,963.0
5.0,30.0,559.0,657.0,689.0,953.0,4,963.0
5.0,30.0,348.0,559.0,689.0,953.0,4,963.0
5.0,30.0,240.0,559.0,829.0,953.0,4,963.0
5.0,30.0,240.0,559.0,829.0,953.0,4,963.0
5.0,30.0,217.0,689.0,829.0,953.0,4,963.0
5.0,30.0,559.0,657.0,689.0,952.0,4,963.0
5.0,30.0,559.0,657.0,689.0,952.0,4,963.0
5.0,30.0,348.0,559.0,657.0,689.0,4,952.0
5.0,30.0,348.0,559.0,657.0,689.0,4,953.0
5.0,30.0,657.0,689.0,829.0,952.0,4,963.0
5.0,30.0,348.0,559.0,657.0,689.0,4,952.0
5.0,30.0,217.0,559.0,657.0,953.0,4,963.0
5.0,30.0,559.0,657.0,829.0,953.0,4,963.0
5.0,24.0,425.0,576.0,750.0,857.0,4,863.0
5.0,24.0,425.0,576.0,857.0,863.0,4,888.0
5.0,24.0,425.0,576.0,622.0,863.0,4,888.0
5.0,24.0,570.0,576.0,863.0,888.0,4,947.0
5.0,24.0,425.0,576.0,622.0,750.0,4,863.0
5.0,24.0,425.0,576.0,622.0,750.0,4,863.0
5.0,24.0,425.0,576.0,750.0,857.0,4,863.0
5.0,24.0,425.0,576.0,750.0,857.0,4,863.0
5.0,7.0,277.0,386.0,451.0,846.0,4,1005.0
5.0,7.0,105.0,115.0,455.0,609.0,4,846.0
5.0,7.0,277.0,386.0,455.0,609.0,4,846.0
5.0,7.0,277.0,386.0,451.0,846.0,4,1005.0
5.0,7.0,105.0,451.0,455.0,609.0,4,1005.0
5.0,7.0,105.0,451.0,455.0,609.0,4,1005.0
5.0,7.0,105.0,451.0,455.0,609.0,4,1005.0
5.0,7.0,105.0,277.0,455.0,609.0,4,846.0
5.0,7.0,105.0,277.0,451.0,846.0,4,1005.0
5.0,30.0,217.0,240.0,559.0,953.0,4,963.0
5.0,30.0,559.0,657.0,952.0,953.0,4,963.0
5.0,30.0,559.0,657.0,952.0,953.0,4,963.0
5.0,30.0,240.0,348.0,657.0,920.0,4,952.0
5.0,30.0,240.0,348.0,657.0,920.0,4,952.0
5.0,30.0,217.0,559.0,657.0,920.0,4,953.0
5.0,30.0,217.0,240.0,348.0,559.0,4,953.0
5.0,30.0,217.0,348.0,559.0,952.0,4,953.0
5.0,30.0,217.0,422.0,559.0,657.0,4,953.0
5.0,30.0,348.0,422.0,657.0,920.0,4,952.0
5.0,30.0,217.0,240.0,422.0,559.0,4,657.0
5.0,30.0,217.0,240.0,559.0,657.0,4,953.0
5.0,30.0,240.0,348.0,559.0,657.0,4,953.0
5.0,30.0,217.0,348.0,689.0,920.0,4,953.0
5.0,30.0,217.0,240.0,348.0,689.0,4,920.0
5.0,30.0,240.0,348.0,657.0,689.0,4,920.0
5.0,30.0,348.0,559.0,657.0,689.0,4,953.0
5.0,30.0,100.0,217.0,348.0,559.0,4,953.0
5.0,30.0,217.0,348.0,689.0,920.0,4,953.0
5.0,30.0,100.0,217.0,348.0,689.0,4,920.0
5.0,30.0,100.0,348.0,657.0,689.0,4,920.0
5.0,30.0,217.0,348.0,689.0,920.0,4,953.0
5.0,30.0,217.0,559.0,657.0,689.0,4,953.0
5.0,30.0,100.0,217.0,422.0,559.0,4,689.0
5.0,30.0,217.0,240.0,559.0,689.0,4,963.0
5.0,30.0,100.0,240.0,545.0,657.0,4,920.0
5.0,30.0,217.0,240.0,689.0,920.0,4,963.0
5.0,30.0,217.0,240.0,657.0,689.0,4,963.0
5.0,30.0,240.0,657.0,689.0,920.0,4,963.0
5.0,30.0,100.0,657.0,689.0,920.0,4,963.0
5.0,30.0,217.0,240.0,559.0,689.0,4,963.0
5.0,30.0,100.0,240.0,559.0,657.0,4,920.0
5.0,30.0,100.0,240.0,657.0,920.0,4,963.0
5.0,30.0,100.0,657.0,689.0,920.0,4,963.0
5.0,30.0,100.0,217.0,240.0,559.0,4,963.0
5.0,30.0,100.0,217.0,240.0,559.0,4,963.0
5.0,30.0,100.0,217.0,545.0,559.0,4,657.0
5.0,27.0,146.0,439.0,662.0,897.0,4,924.0
5.0,27.0,662.0,680.0,708.0,897.0,4,924.0
5.0,27.0,680.0,708.0,842.0,886.0,4,897.0
5.0,27.0,146.0,439.0,662.0,886.0,4,897.0
5.0,27.0,146.0,662.0,854.0,897.0,4,924.0
5.0,27.0,146.0,439.0,662.0,897.0,4,924.0
5.0,27.0,146.0,439.0,662.0,897.0,4,924.0
5.0,27.0,146.0,439.0,662.0,897.0,4,924.0
5.0,29.0,242.0,392.0,456.0,670.0,4,990.0
5.0,29.0,242.0,392.0,456.0,670.0,4,990.0
5.0,29.0,173.0,283.0,485.0,670.0,4,990.0
5.0,29.0,173.0,283.0,338.0,485.0,4,945.0
5.0,29.0,173.0,338.0,456.0,485.0,4,945.0
5.0,29.0,242.0,338.0,392.0,456.0,4,670.0
5.0,29.0,242.0,392.0,456.0,670.0,4,990.0
5.0,29.0,242.0,392.0,456.0,670.0,4,990.0
5.0,29.0,173.0,392.0,456.0,670.0,4,990.0
5.0,29.0,173.0,338.0,392.0,456.0,4,945.0
5.0,29.0,173.0,283.0,338.0,392.0,4,945.0
5.0,29.0,242.0,392.0,456.0,670.0,4,990.0
5.0,30.0,217.0,559.0,689.0,953.0,4,963.0
5.0,30.0,657.0,689.0,920.0,953.0,4,963.0
5.0,30.0,348.0,657.0,689.0,920.0,4,952.0
5.0,30.0,348.0,657.0,689.0,920.0,4,952.0
5.0,30.0,217.0,240.0,559.0,953.0,4,963.0
5.0,30.0,217.0,240.0,559.0,953.0,4,963.0
5.0,30.0,657.0,689.0,920.0,953.0,4,963.0
5.0,30.0,348.0,657.0,689.0,920.0,4,952.0
5.0,30.0,348.0,657.0,689.0,920.0,4,952.0
5.0,6.0,30.0,55.0,626.0,656.0,4,873.0
5.0,6.0,606.0,626.0,644.0,769.0,4,980.0
5.0,6.0,30.0,55.0,61.0,606.0,4,980.0
5.0,6.0,30.0,55.0,61.0,606.0,4,980.0
5.0,6.0,30.0,55.0,61.0,606.0,4,980.0
5.0,6.0,280.0,626.0,644.0,769.0,4,887.0
5.0,1.0,106.0,577.0,790.0,808.0,4,820.0
5.0,1.0,78.0,369.0,577.0,586.0,4,876.0
5.0,1.0,78.0,106.0,790.0,808.0,4,820.0
5.0,1.0,78.0,577.0,790.0,808.0,4,820.0
5.0,1.0,78.0,106.0,790.0,808.0,4,820.0
5.0,1.0,78.0,577.0,808.0,820.0,4,876.0
5.0,1.0,78.0,577.0,586.0,790.0,4,808.0
5.0,1.0,78.0,577.0,790.0,808.0,4,820.0
5.0,1.0,78.0,106.0,790.0,808.0,4,820.0
5.0,30.0,217.0,240.0,559.0,953.0,4,963.0
5.0,30.0,240.0,559.0,657.0,953.0,4,963.0
5.0,30.0,100.0,657.0,689.0,920.0,4,963.0
5.0,30.0,100.0,348.0,657.0,689.0,4,920.0
5.0,30.0,100.0,217.0,348.0,689.0,4,920.0
5.0,30.0,240.0,559.0,657.0,785.0,4,953.0
5.0,30.0,240.0,559.0,657.0,785.0,4,953.0
5.0,30.0,657.0,689.0,785.0,920.0,4,953.0
5.0,30.0,657.0,689.0,785.0,920.0,4,952.0
5.0,30.0,100.0,348.0,422.0,785.0,4,952.0
5.0,30.0,100.0,217.0,559.0,953.0,4,963.0
5.0,30.0,559.0,657.0,689.0,953.0,4,963.0
5.0,30.0,348.0,657.0,689.0,785.0,4,952.0
5.0,30.0,100.0,217.0,559.0,785.0,4,952.0
5.0,30.0,217.0,657.0,689.0,953.0,4,963.0
5.0,30.0,348.0,559.0,657.0,689.0,4,952.0
5.0,30.0,348.0,559.0,657.0,689.0,4,952.0
5.0,33.0,14.0,244.0,267.0,361.0,4,789.0
5.0,33.0,14.0,258.0,267.0,361.0,4,470.0
5.0,33.0,21.0,258.0,267.0,470.0,4,789.0
5.0,33.0,14.0,244.0,267.0,361.0,4,789.0
5.0,33.0,21.0,258.0,318.0,417.0,4,789.0
5.0,33.0,14.0,258.0,267.0,361.0,4,789.0
5.0,30.0,217.0,240.0,559.0,953.0,4,963.0
5.0,30.0,657.0,689.0,920.0,953.0,4,963.0
5.0,30.0,657.0,689.0,785.0,920.0,4,952.0
5.0,30.0,217.0,240.0,657.0,953.0,4,963.0
5.0,30.0,240.0,657.0,920.0,953.0,4,963.0
5.0,30.0,100.0,559.0,657.0,953.0,4,963.0
5.0,30.0,657.0,689.0,785.0,920.0,4,952.0
5.0,30.0,100.0,217.0,689.0,785.0,4,920.0
5.0,30.0,100.0,217.0,422.0,559.0,4,785.0
5.0,30.0,217.0,240.0,559.0,953.0,4,963.0
5.0,30.0,657.0,689.0,920.0,952.0,4,963.0
5.0,30.0,240.0,348.0,657.0,920.0,4,952.0
5.0,30.0,100.0,657.0,920.0,953.0,4,963.0
5.0,30.0,100.0,657.0,920.0,953.0,4,963.0
5.0,30.0,100.0,559.0,657.0,953.0,4,963.0
5.0,30.0,657.0,689.0,920.0,953.0,4,963.0
5.0,30.0,348.0,657.0,689.0,920.0,4,952.0
5.0,30.0,348.0,657.0,689.0,920.0,4,952.0
5.0,30.0,217.0,348.0,689.0,920.0,4,953.0
5.0,30.0,217.0,240.0,559.0,953.0,4,963.0
5.0,30.0,240.0,559.0,657.0,953.0,4,963.0
5.0,30.0,240.0,348.0,657.0,920.0,4,952.0
5.0,30.0,348.0,657.0,689.0,920.0,4,952.0
5.0,30.0,217.0,240.0,920.0,953.0,4,963.0
5.0,30.0,559.0,657.0,689.0,953.0,4,963.0
5.0,30.0,100.0,559.0,657.0,785.0,4,952.0
5.0,30.0,100.0,422.0,785.0,920.0,4,952.0
5.0,10.0,111.0,285.0,475.0,591.0,4,725.0
5.0,10.0,111.0,278.0,285.0,591.0,4,725.0
5.0,10.0,111.0,278.0,285.0,591.0,4,740.0
5.0,10.0,111.0,278.0,285.0,591.0,4,712.0
5.0,10.0,111.0,278.0,285.0,475.0,4,591.0
5.0,10.0,170.0,285.0,591.0,725.0,4,740.0
5.0,10.0,147.0,170.0,475.0,591.0,4,740.0
5.0,10.0,147.0,170.0,475.0,591.0,4,740.0
5.0,10.0,147.0,170.0,475.0,591.0,4,740.0
5.0,10.0,147.0,170.0,475.0,591.0,4,740.0
5.0,14.0,48.0,266.0,688.0,922.0,4,983.0
5.0,14.0,531.0,688.0,786.0,809.0,4,922.0
5.0,14.0,48.0,266.0,700.0,786.0,4,809.0
5.0,14.0,688.0,700.0,786.0,922.0,4,983.0
5.0,14.0,223.0,266.0,520.0,688.0,4,983.0
5.0,29.0,242.0,392.0,456.0,670.0,4,990.0
5.0,29.0,242.0,456.0,485.0,670.0,4,990.0
5.0,29.0,173.0,283.0,485.0,945.0,4,990.0
5.0,29.0,173.0,283.0,485.0,945.0,4,990.0
5.0,29.0,242.0,283.0,338.0,392.0,4,670.0
5.0,29.0,173.0,392.0,456.0,945.0,4,990.0
5.0,30.0,217.0,559.0,952.0,953.0,4,963.0
5.0,30.0,559.0,657.0,689.0,953.0,4,963.0
5.0,30.0,657.0,689.0,920.0,953.0,4,963.0
5.0,30.0,100.0,217.0,348.0,920.0,4,952.0
5.0,30.0,100.0,559.0,657.0,953.0,4,963.0
5.0,30.0,100.0,217.0,559.0,953.0,4,963.0
5.0,30.0,100.0,217.0,559.0,953.0,4,963.0
5.0,30.0,100.0,217.0,657.0,953.0,4,963.0
5.0,30.0,657.0,689.0,920.0,953.0,4,963.0
5.0,30.0,100.0,348.0,657.0,689.0,4,920.0
5.0,30.0,348.0,657.0,689.0,920.0,4,952.0
5.0,30.0,348.0,657.0,689.0,920.0,4,952.0
5.0,30.0,100.0,217.0,240.0,348.0,4,920.0
5.0,30.0,100.0,217.0,240.0,422.0,4,785.0
5.0,30.0,100.0,240.0,348.0,559.0,4,657.0
5.0,30.0,348.0,559.0,657.0,689.0,4,952.0
5.0,30.0,348.0,559.0,657.0,689.0,4,952.0
5.0,30.0,348.0,689.0,920.0,952.0,4,963.0
5.0,30.0,217.0,240.0,689.0,920.0,4,963.0
5.0,30.0,100.0,217.0,240.0,920.0,4,963.0
5.0,30.0,100.0,217.0,240.0,559.0,4,963.0
5.0,30.0,348.0,559.0,657.0,920.0,4,952.0
5.0,30.0,217.0,559.0,785.0,920.0,4,952.0
5.0,30.0,100.0,217.0,785.0,920.0,4,952.0
5.0,30.0,100.0,240.0,422.0,785.0,4,920.0
5.0,30.0,100.0,217.0,559.0,953.0,4,963.0
5.0,30.0,348.0,657.0,689.0,920.0,4,952.0
5.0,30.0,217.0,348.0,657.0,689.0,4,952.0
5.0,30.0,217.0,689.0,920.0,953.0,4,963.0
5.0,30.0,100.0,348.0,657.0,953.0,4,963.0
5.0,30.0,100.0,422.0,559.0,953.0,4,963.0
5.0,30.0,100.0,348.0,422.0,657.0,4,953.0
5.0,30.0,240.0,422.0,689.0,785.0,4,920.0
5.0,30.0,240.0,422.0,689.0,785.0,4,920.0
5.0,30.0,240.0,422.0,559.0,785.0,4,920.0
5.0,27.0,373.0,439.0,662.0,886.0,4,897.0
5.0,27.0,373.0,527.0,708.0,842.0,4,886.0
5.0,27.0,527.0,680.0,842.0,854.0,4,897.0
5.0,27.0,439.0,662.0,680.0,897.0,4,924.0
5.0,27.0,373.0,527.0,708.0,842.0,4,886.0
5.0,27.0,373.0,527.0,708.0,842.0,4,886.0
5.0,27.0,373.0,527.0,708.0,842.0,4,886.0
5.0,10.0,147.0,170.0,475.0,591.0,4,712.0
5.0,10.0,147.0,170.0,475.0,591.0,4,712.0
5.0,10.0,147.0,170.0,475.0,591.0,4,712.0
5.0,10.0,147.0,170.0,278.0,475.0,4,725.0
5.0,10.0,170.0,278.0,475.0,591.0,4,725.0
5.0,10.0,170.0,278.0,591.0,712.0,4,725.0
5.0,10.0,170.0,278.0,591.0,712.0,4,725.0
5.0,10.0,278.0,475.0,591.0,712.0,4,725.0
5.0,10.0,147.0,170.0,475.0,591.0,4,725.0
5.0,10.0,170.0,278.0,475.0,712.0,4,725.0
5.0,24.0,321.0,425.0,576.0,743.0,4,750.0
5.0,24.0,200.0,321.0,425.0,743.0,4,750.0
5.0,24.0,425.0,576.0,743.0,750.0,4,863.0
5.0,24.0,425.0,570.0,576.0,863.0,4,947.0
5.0,24.0,570.0,576.0,863.0,888.0,4,947.0
5.0,24.0,321.0,425.0,570.0,576.0,4,750.0
5.0,24.0,200.0,321.0,425.0,743.0,4,750.0
5.0,24.0,200.0,321.0,425.0,743.0,4,750.0
5.0,24.0,425.0,570.0,576.0,863.0,4,888.0
5.0,18.0,226.0,579.0,642.0,702.0,4,1015.0
5.0,18.0,64.0,396.0,579.0,702.0,4,1015.0
5.0,18.0,64.0,396.0,579.0,702.0,4,834.0
5.0,18.0,64.0,260.0,396.0,579.0,4,834.0
5.0,18.0,64.0,260.0,579.0,834.0,4,1015.0
5.0,18.0,62.0,64.0,260.0,834.0,4,1015.0
5.0,18.0,226.0,579.0,642.0,702.0,4,1015.0
5.0,18.0,226.0,396.0,579.0,642.0,4,702.0
5.0,18.0,64.0,260.0,396.0,579.0,4,834.0
5.0,18.0,64.0,226.0,260.0,396.0,4,834.0
5.0,18.0,226.0,260.0,396.0,702.0,4,834.0
5.0,18.0,260.0,396.0,579.0,702.0,4,834.0
5.0,15.0,473.0,659.0,860.0,960.0,4,1036.0
5.0,15.0,473.0,659.0,764.0,802.0,4,1036.0
5.0,15.0,473.0,659.0,764.0,802.0,4,1036.0
5.0,15.0,218.0,473.0,659.0,764.0,4,960.0
5.0,15.0,473.0,528.0,860.0,960.0,4,1036.0
5.0,15.0,473.0,764.0,860.0,960.0,4,1036.0
5.0,15.0,473.0,764.0,860.0,960.0,4,1036.0
5.0,15.0,473.0,659.0,860.0,960.0,4,1036.0
5.0,15.0,473.0,528.0,659.0,764.0,4,860.0
5.0,15.0,534.0,659.0,764.0,802.0,4,1036.0
5.0,15.0,473.0,659.0,860.0,960.0,4,1036.0
5.0,15.0,473.0,659.0,860.0,960.0,4,1036.0
5.0,24.0,425.0,576.0,750.0,863.0,4,888.0
5.0,24.0,200.0,321.0,425.0,743.0,4,750.0
5.0,24.0,321.0,425.0,576.0,743.0,4,750.0
5.0,24.0,425.0,570.0,576.0,863.0,4,888.0
5.0,24.0,425.0,570.0,576.0,863.0,4,888.0
5.0,24.0,425.0,570.0,576.0,750.0,4,863.0
5.0,24.0,200.0,321.0,425.0,576.0,4,750.0
5.0,24.0,200.0,321.0,425.0,576.0,4,750.0
5.0,24.0,321.0,425.0,576.0,750.0,4,888.0
5.0,24.0,570.0,576.0,863.0,888.0,4,947.0
5.0,24.0,200.0,321.0,425.0,743.0,4,750.0
5.0,24.0,200.0,321.0,425.0,743.0,4,750.0
5.0,24.0,200.0,321.0,425.0,743.0,4,750.0
5.0,24.0,425.0,576.0,743.0,863.0,4,947.0
5.0,24.0,425.0,570.0,576.0,863.0,4,947.0
5.0,24.0,570.0,576.0,863.0,888.0,4,947.0
5.0,24.0,425.0,576.0,750.0,863.0,4,888.0
5.0,24.0,321.0,425.0,576.0,750.0,4,888.0
5.0,24.0,180.0,321.0,622.0,743.0,4,825.0
5.0,7.0,386.0,451.0,455.0,609.0,4,1005.0
5.0,7.0,277.0,386.0,455.0,609.0,4,1005.0
5.0,7.0,277.0,386.0,455.0,609.0,4,1005.0
5.0,7.0,277.0,386.0,455.0,609.0,4,1005.0
5.0,7.0,386.0,451.0,455.0,902.0,4,1005.0
5.0,7.0,112.0,277.0,451.0,455.0,4,902.0
5.0,7.0,112.0,250.0,277.0,451.0,4,902.0
5.0,7.0,386.0,451.0,455.0,609.0,4,1005.0
5.0,7.0,112.0,277.0,451.0,455.0,4,902.0
5.0,24.0,425.0,570.0,576.0,863.0,4,888.0
5.0,24.0,425.0,570.0,576.0,750.0,4,863.0
5.0,24.0,200.0,576.0,743.0,750.0,4,863.0
5.0,24.0,200.0,425.0,743.0,750.0,4,863.0
5.0,24.0,425.0,570.0,576.0,750.0,4,863.0
5.0,24.0,200.0,321.0,622.0,743.0,4,750.0
5.0,24.0,570.0,576.0,863.0,888.0,4,947.0
5.0,24.0,425.0,576.0,743.0,750.0,4,863.0
5.0,24.0,321.0,425.0,576.0,743.0,4,750.0
5.0,24.0,200.0,321.0,425.0,743.0,4,750.0
5.0,24.0,200.0,321.0,425.0,743.0,4,750.0
5.0,24.0,200.0,321.0,425.0,743.0,4,750.0
5.0,24.0,425.0,570.0,576.0,863.0,4,888.0
5.0,24.0,570.0,576.0,863.0,888.0,4,947.0
5.0,24.0,570.0,576.0,863.0,888.0,4,947.0
5.0,24.0,321.0,425.0,570.0,576.0,4,750.0
5.0,24.0,200.0,425.0,743.0,750.0,4,825.0
5.0,11.0,145.0,359.0,580.0,638.0,4,874.0
5.0,11.0,145.0,359.0,638.0,784.0,4,945.0
5.0,11.0,150.0,514.0,520.0,784.0,4,945.0
5.0,11.0,150.0,359.0,580.0,638.0,4,874.0
5.0,11.0,145.0,359.0,580.0,638.0,4,874.0
5.0,11.0,145.0,359.0,580.0,638.0,4,784.0
5.0,11.0,145.0,359.0,580.0,638.0,4,874.0
5.0,15.0,659.0,684.0,714.0,860.0,4,960.0
5.0,15.0,659.0,684.0,714.0,860.0,4,960.0
5.0,15.0,218.0,659.0,714.0,764.0,4,802.0
5.0,15.0,218.0,659.0,714.0,860.0,4,960.0
5.0,15.0,659.0,684.0,714.0,860.0,4,960.0
5.0,15.0,659.0,714.0,764.0,860.0,4,960.0
5.0,15.0,659.0,714.0,764.0,802.0,4,860.0
5.0,24.0,570.0,576.0,863.0,888.0,4,947.0
5.0,24.0,425.0,576.0,743.0,750.0,4,863.0
5.0,24.0,200.0,425.0,743.0,750.0,4,825.0
5.0,24.0,425.0,570.0,576.0,863.0,4,888.0
5.0,24.0,570.0,576.0,863.0,888.0,4,947.0
5.0,24.0,570.0,576.0,863.0,888.0,4,947.0
5.0,24.0,200.0,425.0,743.0,750.0,4,825.0
5.0,1.0,106.0,297.0,577.0,682.0,4,820.0
5.0,1.0,106.0,477.0,682.0,808.0,4,820.0
5.0,1.0,477.0,577.0,790.0,808.0,4,820.0
5.0,1.0,106.0,477.0,711.0,790.0,4,808.0
5.0,1.0,106.0,711.0,790.0,808.0,4,820.0
5.0,1.0,106.0,711.0,790.0,808.0,4,820.0
5.0,34.0,36.0,167.0,506.0,753.0,4,975.0
5.0,34.0,36.0,436.0,506.0,517.0,4,814.0
5.0,34.0,36.0,404.0,506.0,753.0,4,814.0
5.0,34.0,36.0,506.0,753.0,814.0,4,975.0
5.0,34.0,436.0,506.0,517.0,814.0,4,975.0
5.0,34.0,404.0,436.0,506.0,517.0,4,753.0
5.0,34.0,404.0,436.0,506.0,517.0,4,753.0
5.0,24.0,570.0,576.0,863.0,888.0,4,947.0
5.0,24.0,425.0,570.0,576.0,863.0,4,888.0
5.0,24.0,425.0,570.0,576.0,863.0,4,888.0
5.0,24.0,425.0,570.0,576.0,750.0,4,863.0
5.0,24.0,200.0,425.0,743.0,750.0,4,825.0
5.0,24.0,200.0,425.0,743.0,750.0,4,825.0
5.0,24.0,200.0,425.0,743.0,750.0,4,825.0
5.0,24.0,425.0,570.0,576.0,863.0,4,947.0
5.0,24.0,425.0,576.0,743.0,863.0,4,888.0
5.0,24.0,180.0,200.0,425.0,743.0,4,825.0
5.0,24.0,180.0,200.0,743.0,825.0,4,857.0
5.0,24.0,570.0,576.0,863.0,888.0,4,947.0
5.0,24.0,425.0,576.0,750.0,863.0,4,888.0
5.0,24.0,425.0,576.0,750.0,825.0,4,888.0
5.0,24.0,425.0,576.0,743.0,750.0,4,825.0
5.0,24.0,200.0,425.0,743.0,750.0,4,825.0
5.0,24.0,425.0,570.0,576.0,863.0,4,888.0
5.0,24.0,200.0,425.0,743.0,750.0,4,825.0
5.0,24.0,200.0,425.0,570.0,576.0,4,863.0
5.0,24.0,425.0,570.0,576.0,863.0,4,947.0
5.0,10.0,234.0,285.0,310.0,731.0,4,918.0
5.0,10.0,111.0,234.0,310.0,731.0,4,740.0
5.0,10.0,111.0,310.0,475.0,591.0,4,740.0
5.0,10.0,111.0,234.0,285.0,591.0,4,731.0
5.0,10.0,52.0,234.0,285.0,731.0,4,918.0
5.0,10.0,234.0,285.0,310.0,731.0,4,740.0
5.0,10.0,111.0,278.0,475.0,591.0,4,740.0
5.0,10.0,234.0,475.0,591.0,731.0,4,918.0
5.0,10.0,234.0,285.0,475.0,731.0,4,918.0
5.0,10.0,111.0,234.0,285.0,731.0,4,918.0
5.0,10.0,111.0,285.0,475.0,731.0,4,918.0
5.0,13.0,91.0,137.0,151.0,164.0,4,238.0
5.0,13.0,91.0,137.0,164.0,238.0,4,730.0
5.0,13.0,91.0,137.0,164.0,238.0,4,730.0
5.0,13.0,164.0,238.0,730.0,811.0,4,824.0
5.0,13.0,91.0,151.0,730.0,811.0,4,824.0
5.0,13.0,137.0,151.0,238.0,730.0,4,811.0
5.0,13.0,137.0,151.0,164.0,730.0,4,824.0
5.0,13.0,91.0,137.0,164.0,238.0,4,730.0
5.0,13.0,91.0,137.0,151.0,164.0,4,238.0
5.0,7.0,277.0,386.0,846.0,902.0,4,1005.0
5.0,7.0,105.0,250.0,455.0,902.0,4,1033.0
5.0,7.0,386.0,455.0,846.0,902.0,4,1005.0
5.0,7.0,277.0,386.0,455.0,846.0,4,902.0
5.0,24.0,425.0,570.0,576.0,750.0,4,863.0
5.0,24.0,425.0,570.0,576.0,750.0,4,863.0
5.0,24.0,200.0,570.0,576.0,863.0,4,888.0
5.0,24.0,425.0,570.0,576.0,863.0,4,888.0
5.0,24.0,200.0,425.0,576.0,750.0,4,863.0
5.0,24.0,200.0,425.0,576.0,750.0,4,863.0
5.0,24.0,200.0,425.0,576.0,750.0,4,825.0
5.0,24.0,200.0,425.0,576.0,750.0,4,825.0
5.0,24.0,200.0,425.0,576.0,750.0,4,863.0
5.0,24.0,200.0,425.0,570.0,576.0,4,863.0
5.0,28.0,353.0,418.0,608.0,665.0,4,1016.0
5.0,28.0,353.0,418.0,608.0,665.0,4,754.0
5.0,28.0,418.0,598.0,608.0,754.0,4,1016.0
5.0,28.0,418.0,598.0,608.0,754.0,4,1016.0
5.0,28.0,353.0,418.0,608.0,665.0,4,1016.0
5.0,28.0,353.0,418.0,608.0,665.0,4,1016.0
5.0,28.0,191.0,598.0,754.0,761.0,4,1016.0
5.0,28.0,418.0,598.0,608.0,754.0,4,1016.0
5.0,10.0,52.0,234.0,285.0,731.0,4,918.0
5.0,10.0,234.0,285.0,310.0,731.0,4,918.0
5.0,10.0,234.0,285.0,310.0,731.0,4,918.0
5.0,10.0,234.0,285.0,310.0,731.0,4,918.0
5.0,10.0,52.0,111.0,234.0,731.0,4,918.0
5.0,10.0,234.0,285.0,310.0,731.0,4,918.0
5.0,10.0,52.0,234.0,285.0,731.0,4,918.0
5.0,10.0,234.0,285.0,310.0,731.0,4,918.0
5.0,10.0,111.0,234.0,285.0,731.0,4,918.0
5.0,10.0,111.0,234.0,285.0,731.0,4,918.0
5.0,10.0,111.0,234.0,285.0,591.0,4,918.0
5.0,29.0,242.0,456.0,505.0,670.0,4,990.0
5.0,29.0,242.0,456.0,505.0,670.0,4,990.0
5.0,29.0,173.0,456.0,505.0,670.0,4,990.0
5.0,29.0,173.0,456.0,505.0,670.0,4,990.0
5.0,29.0,173.0,283.0,392.0,397.0,4,485.0
5.0,29.0,242.0,392.0,456.0,505.0,4,990.0
5.0,29.0,392.0,456.0,485.0,505.0,4,990.0
5.0,29.0,242.0,283.0,505.0,670.0,4,990.0
5.0,33.0,14.0,267.0,361.0,789.0,4,807.0
5.0,33.0,125.0,258.0,301.0,318.0,4,530.0
5.0,33.0,14.0,267.0,361.0,789.0,4,807.0
5.0,33.0,14.0,301.0,361.0,789.0,4,807.0
5.0,33.0,125.0,258.0,301.0,318.0,4,361.0
5.0,24.0,200.0,570.0,576.0,863.0,4,888.0
5.0,24.0,425.0,576.0,743.0,750.0,4,825.0
5.0,24.0,200.0,425.0,743.0,750.0,4,825.0
5.0,24.0,200.0,425.0,743.0,750.0,4,825.0
5.0,24.0,425.0,570.0,576.0,750.0,4,863.0
5.0,24.0,425.0,570.0,576.0,863.0,4,888.0
5.0,24.0,200.0,570.0,576.0,825.0,4,888.0
5.0,24.0,425.0,576.0,750.0,825.0,4,888.0
5.0,24.0,200.0,425.0,743.0,750.0,4,825.0
5.0,24.0,200.0,425.0,743.0,750.0,4,863.0
5.0,24.0,425.0,576.0,750.0,863.0,4,888.0
5.0,24.0,180.0,425.0,622.0,825.0,4,888.0
5.0,24.0,180.0,622.0,825.0,857.0,4,869.0
5.0,11.0,145.0,580.0,602.0,638.0,4,874.0
5.0,11.0,145.0,580.0,602.0,638.0,4,874.0
5.0,11.0,145.0,359.0,580.0,784.0,4,874.0
5.0,11.0,145.0,188.0,359.0,784.0,4,874.0
5.0,11.0,145.0,580.0,602.0,638.0,4,874.0
5.0,11.0,145.0,580.0,602.0,638.0,4,784.0
5.0,11.0,145.0,580.0,602.0,638.0,4,874.0
5.0,11.0,145.0,520.0,580.0,602.0,4,784.0
5.0,11.0,188.0,520.0,580.0,602.0,4,784.0
5.0,11.0,145.0,188.0,359.0,520.0,4,784.0
5.0,24.0,200.0,576.0,743.0,863.0,4,888.0
5.0,24.0,180.0,425.0,576.0,750.0,4,825.0
5.0,24.0,180.0,425.0,750.0,825.0,4,857.0
5.0,24.0,425.0,576.0,750.0,863.0,4,888.0
5.0,24.0,425.0,576.0,743.0,863.0,4,888.0
5.0,24.0,200.0,425.0,576.0,863.0,4,888.0
5.0,24.0,200.0,576.0,743.0,863.0,4,888.0
5.0,24.0,425.0,576.0,743.0,863.0,4,888.0
5.0,24.0,425.0,576.0,750.0,863.0,4,888.0
5.0,24.0,425.0,576.0,750.0,825.0,4,857.0
5.0,24.0,180.0,425.0,750.0,825.0,4,857.0
5.0,24.0,200.0,570.0,576.0,863.0,4,888.0
5.0,24.0,200.0,570.0,743.0,857.0,4,863.0
5.0,24.0,180.0,200.0,743.0,857.0,4,863.0
5.0,24.0,180.0,200.0,743.0,825.0,4,857.0
5.0,24.0,180.0,576.0,743.0,825.0,4,857.0
5.0,24.0,570.0,576.0,857.0,863.0,4,888.0
5.0,24.0,200.0,570.0,576.0,863.0,4,888.0
5.0,24.0,200.0,570.0,576.0,863.0,4,888.0
5.0,24.0,180.0,576.0,857.0,863.0,4,888.0
5.0,24.0,180.0,576.0,825.0,857.0,4,888.0
5.0,24.0,180.0,200.0,570.0,576.0,4,863.0
5.0,24.0,425.0,570.0,576.0,863.0,4,888.0
5.0,24.0,200.0,425.0,570.0,576.0,4,863.0
5.0,24.0,200.0,425.0,576.0,743.0,4,863.0
5.0,24.0,200.0,425.0,743.0,825.0,4,857.0
5.0,24.0,200.0,425.0,743.0,825.0,4,857.0
5.0,24.0,200.0,425.0,743.0,825.0,4,857.0
5.0,24.0,200.0,425.0,743.0,825.0,4,857.0
5.0,24.0,425.0,570.0,576.0,857.0,4,863.0
5.0,24.0,200.0,425.0,570.0,576.0,4,863.0
5.0,24.0,425.0,570.0,576.0,863.0,4,888.0
5.0,24.0,200.0,570.0,576.0,863.0,4,888.0
5.0,24.0,200.0,425.0,743.0,857.0,4,863.0
5.0,24.0,200.0,425.0,570.0,576.0,4,863.0
5.0,24.0,200.0,425.0,576.0,863.0,4,888.0
5.0,24.0,425.0,570.0,576.0,743.0,4,863.0
5.0,24.0,180.0,425.0,743.0,825.0,4,857.0
5.0,24.0,425.0,576.0,743.0,857.0,4,863.0
5.0,24.0,425.0,570.0,576.0,863.0,4,888.0
5.0,24.0,425.0,570.0,576.0,863.0,4,888.0
5.0,24.0,200.0,570.0,576.0,863.0,4,888.0
5.0,24.0,200.0,570.0,576.0,863.0,4,888.0
5.0,24.0,200.0,425.0,576.0,863.0,4,888.0
5.0,24.0,200.0,425.0,576.0,863.0,4,888.0
5.0,24.0,425.0,570.0,576.0,863.0,4,888.0
5.0,26.0,40.0,488.0,536.0,759.0,4,948.0
5.0,26.0,40.0,488.0,536.0,759.0,4,948.0
5.0,26.0,333.0,536.0,634.0,759.0,4,948.0
5.0,26.0,40.0,333.0,634.0,759.0,4,948.0
5.0,26.0,40.0,315.0,333.0,634.0,4,948.0
5.0,26.0,40.0,333.0,536.0,620.0,4,634.0
5.0,26.0,40.0,315.0,488.0,536.0,4,620.0
5.0,26.0,40.0,315.0,488.0,536.0,4,620.0
5.0,26.0,315.0,333.0,488.0,634.0,4,948.0
5.0,26.0,40.0,315.0,536.0,634.0,4,948.0
5.0,26.0,40.0,315.0,536.0,634.0,4,948.0
5.0,26.0,40.0,315.0,536.0,634.0,4,948.0
5.0,25.0,294.0,356.0,380.0,421.0,4,453.0
5.0,25.0,158.0,294.0,300.0,356.0,4,453.0
5.0,25.0,158.0,239.0,356.0,398.0,4,864.0
5.0,25.0,158.0,300.0,356.0,398.0,4,864.0
5.0,25.0,294.0,380.0,398.0,421.0,4,864.0
5.0,25.0,294.0,380.0,421.0,453.0,4,864.0
5.0,25.0,158.0,294.0,300.0,398.0,4,453.0
5.0,25.0,294.0,380.0,398.0,421.0,4,453.0
5.0,0.0,465.0,535.0,589.0,686.0,4,1037.0
5.0,0.0,394.0,437.0,483.0,535.0,4,968.0
5.0,0.0,394.0,437.0,483.0,1007.0,4,1037.0
5.0,0.0,465.0,483.0,535.0,686.0,4,1037.0
5.0,0.0,394.0,465.0,483.0,535.0,4,686.0
5.0,0.0,394.0,437.0,483.0,535.0,4,1007.0
5.0,0.0,394.0,437.0,483.0,1007.0,4,1037.0
5.0,0.0,394.0,465.0,535.0,589.0,4,1037.0
5.0,0.0,465.0,535.0,589.0,686.0,4,1037.0
5.0,24.0,200.0,570.0,576.0,863.0,4,888.0
5.0,24.0,200.0,570.0,576.0,863.0,4,888.0
5.0,24.0,425.0,570.0,750.0,857.0,4,863.0
5.0,24.0,425.0,570.0,576.0,750.0,4,825.0
5.0,24.0,200.0,570.0,576.0,863.0,4,888.0
5.0,24.0,200.0,570.0,576.0,863.0,4,888.0
5.0,24.0,200.0,570.0,576.0,863.0,4,888.0
5.0,24.0,425.0,570.0,576.0,750.0,4,863.0
5.0,24.0,425.0,576.0,750.0,863.0,4,888.0
5.0,24.0,425.0,622.0,750.0,863.0,4,888.0
5.0,24.0,425.0,622.0,750.0,863.0,4,888.0
5.0,24.0,425.0,576.0,743.0,750.0,4,863.0
5.0,24.0,425.0,570.0,576.0,863.0,4,888.0
5.0,24.0,425.0,576.0,857.0,863.0,4,888.0
5.0,24.0,425.0,576.0,825.0,857.0,4,888.0
5.0,24.0,425.0,576.0,825.0,857.0,4,888.0
5.0,24.0,425.0,576.0,857.0,863.0,4,888.0
5.0,24.0,425.0,576.0,857.0,863.0,4,888.0
5.0,24.0,425.0,743.0,750.0,825.0,4,857.0
5.0,24.0,425.0,576.0,743.0,750.0,4,825.0
5.0,24.0,425.0,576.0,750.0,825.0,4,888.0
5.0,24.0,425.0,576.0,743.0,750.0,4,825.0
5.0,24.0,425.0,570.0,576.0,857.0,4,863.0
5.0,24.0,200.0,570.0,576.0,863.0,4,888.0
5.0,24.0,425.0,570.0,576.0,863.0,4,888.0
5.0,24.0,425.0,743.0,750.0,825.0,4,857.0
5.0,24.0,425.0,743.0,750.0,825.0,4,857.0
5.0,24.0,425.0,576.0,743.0,750.0,4,825.0
5.0,24.0,180.0,425.0,576.0,750.0,4,825.0
5.0,24.0,180.0,425.0,576.0,863.0,4,888.0
5.0,24.0,425.0,570.0,576.0,857.0,4,863.0
5.0,24.0,425.0,570.0,576.0,857.0,4,863.0
5.0,24.0,200.0,570.0,576.0,863.0,4,888.0
5.0,24.0,180.0,425.0,743.0,825.0,4,857.0
5.0,24.0,425.0,570.0,576.0,863.0,4,888.0
5.0,24.0,425.0,570.0,576.0,750.0,4,863.0
5.0,24.0,425.0,743.0,750.0,825.0,4,857.0
5.0,24.0,425.0,743.0,750.0,825.0,4,857.0
5.0,24.0,425.0,570.0,576.0,750.0,4,863.0
5.0,24.0,425.0,576.0,857.0,863.0,4,888.0
5.0,24.0,425.0,570.0,576.0,750.0,4,863.0
5.0,24.0,425.0,743.0,750.0,825.0,4,857.0
5.0,24.0,425.0,743.0,750.0,825.0,4,857.0
5.0,24.0,425.0,576.0,743.0,750.0,4,863.0
5.0,24.0,425.0,570.0,576.0,863.0,4,888.0
5.0,24.0,570.0,576.0,863.0,888.0,4,947.0
5.0,24.0,425.0,570.0,576.0,863.0,4,888.0
5.0,24.0,425.0,576.0,743.0,750.0,4,825.0
5.0,24.0,425.0,576.0,743.0,750.0,4,863.0
5.0,24.0,425.0,570.0,576.0,863.0,4,888.0
5.0,24.0,200.0,425.0,576.0,825.0,4,888.0
5.0,24.0,200.0,425.0,576.0,863.0,4,888.0
5.0,33.0,21.0,244.0,258.0,417.0,4,789.0
5.0,33.0,14.0,21.0,244.0,318.0,4,417.0
5.0,33.0,14.0,21.0,125.0,267.0,4,789.0
5.0,33.0,14.0,125.0,267.0,361.0,4,789.0
5.0,33.0,14.0,21.0,258.0,361.0,4,417.0
5.0,33.0,21.0,258.0,318.0,361.0,4,417.0
5.0,33.0,21.0,258.0,361.0,417.0,4,789.0
5.0,33.0,21.0,258.0,267.0,361.0,4,789.0
5.0,33.0,14.0,125.0,267.0,361.0,4,789.0
5.0,24.0,254.0,425.0,576.0,743.0,4,750.0
5.0,24.0,254.0,425.0,576.0,743.0,4,750.0
5.0,24.0,254.0,425.0,622.0,743.0,4,750.0
5.0,24.0,254.0,425.0,622.0,743.0,4,750.0
5.0,24.0,425.0,570.0,576.0,863.0,4,888.0
5.0,24.0,425.0,570.0,576.0,863.0,4,888.0
5.0,24.0,570.0,576.0,863.0,888.0,4,947.0
5.0,24.0,254.0,425.0,622.0,743.0,4,750.0
5.0,24.0,254.0,425.0,576.0,750.0,4,863.0
5.0,24.0,180.0,254.0,622.0,825.0,4,857.0
5.0,24.0,425.0,570.0,576.0,750.0,4,863.0
5.0,24.0,254.0,425.0,576.0,750.0,4,947.0
5.0,24.0,254.0,425.0,622.0,750.0,4,947.0
5.0,24.0,254.0,425.0,622.0,750.0,4,947.0
5.0,24.0,570.0,576.0,863.0,888.0,4,947.0
5.0,24.0,570.0,576.0,863.0,888.0,4,947.0
5.0,24.0,254.0,425.0,576.0,622.0,4,750.0
5.0,24.0,254.0,425.0,576.0,750.0,4,863.0
5.0,24.0,570.0,576.0,863.0,888.0,4,947.0
5.0,24.0,254.0,425.0,570.0,576.0,4,888.0
5.0,24.0,254.0,425.0,576.0,743.0,4,750.0
5.0,24.0,254.0,425.0,743.0,750.0,4,863.0
5.0,24.0,254.0,425.0,570.0,576.0,4,947.0
5.0,24.0,425.0,570.0,576.0,888.0,4,947.0
5.0,24.0,425.0,570.0,576.0,888.0,4,947.0
5.0,24.0,570.0,576.0,863.0,888.0,4,947.0
5.0,24.0,425.0,570.0,576.0,750.0,4,863.0
5.0,24.0,254.0,425.0,750.0,863.0,4,888.0
5.0,24.0,425.0,570.0,576.0,863.0,4,888.0
5.0,28.0,397.0,418.0,514.0,608.0,4,639.0
5.0,28.0,497.0,608.0,754.0,761.0,4,1016.0
5.0,28.0,598.0,608.0,754.0,761.0,4,1016.0
5.0,28.0,514.0,598.0,608.0,754.0,4,1016.0
5.0,28.0,397.0,418.0,514.0,639.0,4,754.0
5.0,14.0,48.0,592.0,700.0,786.0,4,809.0
5.0,14.0,48.0,592.0,700.0,786.0,4,809.0
5.0,14.0,48.0,531.0,592.0,688.0,4,922.0
5.0,14.0,48.0,531.0,592.0,688.0,4,922.0
5.0,14.0,48.0,592.0,688.0,786.0,4,922.0
5.0,14.0,48.0,531.0,592.0,688.0,4,922.0
5.0,14.0,48.0,531.0,592.0,688.0,4,809.0
5.0,24.0,570.0,576.0,863.0,888.0,4,947.0
5.0,24.0,425.0,570.0,576.0,750.0,4,863.0
5.0,24.0,254.0,425.0,743.0,750.0,4,947.0
5.0,24.0,425.0,576.0,750.0,863.0,4,947.0
5.0,24.0,570.0,576.0,863.0,888.0,4,947.0
5.0,24.0,570.0,576.0,863.0,888.0,4,947.0
5.0,24.0,576.0,750.0,863.0,888.0,4,947.0
5.0,24.0,254.0,425.0,576.0,750.0,4,863.0
5.0,24.0,180.0,254.0,425.0,622.0,4,857.0
5.0,24.0,570.0,576.0,863.0,888.0,4,947.0
5.0,24.0,254.0,425.0,576.0,743.0,4,750.0
5.0,24.0,254.0,425.0,576.0,743.0,4,750.0
5.0,24.0,254.0,425.0,743.0,750.0,4,947.0
5.0,24.0,254.0,425.0,570.0,576.0,4,863.0
5.0,24.0,425.0,576.0,863.0,888.0,4,947.0
5.0,24.0,425.0,570.0,576.0,750.0,4,863.0
5.0,24.0,425.0,576.0,750.0,863.0,4,888.0
5.0,24.0,425.0,576.0,750.0,863.0,4,888.0
5.0,16.0,155.0,296.0,674.0,895.0,4,996.0
5.0,16.0,296.0,623.0,674.0,855.0,4,895.0
5.0,16.0,623.0,674.0,855.0,895.0,4,996.0
5.0,16.0,155.0,296.0,623.0,674.0,4,855.0
5.0,16.0,296.0,623.0,674.0,895.0,4,996.0
5.0,16.0,155.0,296.0,623.0,674.0,4,895.0
5.0,16.0,296.0,623.0,674.0,895.0,4,996.0
5.0,12.0,216.0,230.0,237.0,788.0,4,856.0
5.0,12.0,216.0,350.0,624.0,856.0,4,986.0
5.0,12.0,350.0,624.0,633.0,788.0,4,986.0
5.0,12.0,201.0,350.0,624.0,633.0,4,986.0
5.0,12.0,216.0,230.0,237.0,788.0,4,856.0
5.0,12.0,237.0,350.0,624.0,788.0,4,856.0
5.0,12.0,216.0,230.0,237.0,788.0,4,856.0
5.0,12.0,216.0,350.0,624.0,633.0,4,788.0
5.0,24.0,570.0,576.0,863.0,888.0,4,947.0
5.0,24.0,254.0,425.0,576.0,743.0,4,750.0
5.0,24.0,200.0,254.0,425.0,743.0,4,750.0
5.0,24.0,425.0,570.0,576.0,863.0,4,947.0
5.0,24.0,254.0,425.0,576.0,750.0,4,863.0
5.0,24.0,200.0,254.0,425.0,576.0,4,750.0
5.0,24.0,200.0,254.0,425.0,750.0,4,947.0
5.0,24.0,180.0,200.0,254.0,425.0,4,622.0
5.0,17.0,86.0,135.0,310.0,635.0,4,715.0
5.0,17.0,108.0,135.0,290.0,328.0,4,731.0
5.0,17.0,108.0,135.0,290.0,328.0,4,731.0
5.0,17.0,108.0,135.0,290.0,328.0,4,731.0
5.0,17.0,86.0,508.0,635.0,900.0,4,958.0
5.0,24.0,570.0,576.0,863.0,888.0,4,947.0
5.0,24.0,200.0,254.0,425.0,743.0,4,750.0
5.0,24.0,425.0,570.0,576.0,863.0,4,888.0
5.0,24.0,570.0,576.0,863.0,888.0,4,947.0
5.0,24.0,425.0,570.0,576.0,750.0,4,863.0
5.0,24.0,570.0,576.0,863.0,888.0,4,947.0
5.0,24.0,254.0,743.0,750.0,857.0,4,947.0
5.0,24.0,200.0,254.0,576.0,750.0,4,857.0
5.0,24.0,200.0,254.0,570.0,576.0,4,863.0
5.0,24.0,200.0,570.0,576.0,863.0,4,888.0
5.0,24.0,570.0,576.0,863.0,888.0,4,947.0
5.0,24.0,570.0,576.0,863.0,888.0,4,947.0
5.0,24.0,200.0,254.0,576.0,743.0,4,750.0
5.0,24.0,200.0,254.0,743.0,750.0,4,857.0
5.0,18.0,260.0,396.0,685.0,702.0,4,758.0
5.0,18.0,62.0,396.0,685.0,702.0,4,758.0
5.0,18.0,62.0,64.0,396.0,685.0,4,702.0
5.0,18.0,62.0,651.0,702.0,758.0,4,1015.0
5.0,18.0,62.0,396.0,685.0,702.0,4,758.0
5.0,18.0,62.0,64.0,651.0,702.0,4,1015.0
5.0,18.0,62.0,396.0,685.0,702.0,4,758.0
5.0,13.0,91.0,137.0,164.0,238.0,4,811.0
5.0,13.0,91.0,137.0,164.0,575.0,4,730.0
5.0,13.0,164.0,575.0,730.0,753.0,4,824.0
5.0,13.0,91.0,319.0,575.0,730.0,4,753.0
5.0,13.0,91.0,319.0,575.0,730.0,4,753.0
5.0,13.0,91.0,137.0,164.0,238.0,4,811.0
5.0,13.0,91.0,137.0,164.0,238.0,4,811.0
5.0,13.0,91.0,164.0,238.0,730.0,4,753.0
5.0,13.0,164.0,238.0,730.0,753.0,4,824.0
5.0,13.0,91.0,319.0,575.0,730.0,4,753.0
5.0,13.0,91.0,319.0,575.0,730.0,4,753.0
5.0,13.0,91.0,319.0,575.0,730.0,4,753.0
5.0,13.0,91.0,164.0,575.0,730.0,4,811.0
5.0,27.0,146.0,439.0,662.0,897.0,4,924.0
5.0,27.0,439.0,662.0,680.0,886.0,4,897.0
5.0,27.0,527.0,680.0,708.0,842.0,4,924.0
5.0,27.0,146.0,439.0,662.0,897.0,4,924.0
5.0,27.0,146.0,439.0,662.0,897.0,4,924.0
5.0,27.0,439.0,527.0,662.0,897.0,4,924.0
5.0,27.0,439.0,527.0,662.0,708.0,4,886.0
5.0,27.0,527.0,680.0,708.0,842.0,4,886.0
5.0,27.0,146.0,439.0,527.0,662.0,4,886.0
5.0,29.0,242.0,392.0,456.0,971.0,4,990.0
5.0,29.0,173.0,338.0,456.0,485.0,4,945.0
5.0,29.0,242.0,392.0,456.0,971.0,4,990.0
5.0,29.0,173.0,242.0,338.0,485.0,4,945.0
5.0,14.0,48.0,592.0,688.0,700.0,4,922.0
5.0,14.0,520.0,688.0,786.0,809.0,4,922.0
5.0,14.0,520.0,592.0,700.0,786.0,4,922.0
5.0,14.0,48.0,592.0,700.0,786.0,4,809.0
5.0,14.0,48.0,520.0,592.0,688.0,4,922.0
5.0,14.0,266.0,520.0,786.0,809.0,4,922.0
5.0,14.0,266.0,520.0,592.0,786.0,4,922.0
5.0,24.0,254.0,576.0,743.0,750.0,4,863.0
5.0,24.0,570.0,576.0,863.0,888.0,4,947.0
5.0,24.0,570.0,576.0,863.0,888.0,4,947.0
5.0,24.0,254.0,570.0,576.0,750.0,4,863.0
5.0,24.0,180.0,200.0,254.0,576.0,4,750.0
5.0,24.0,180.0,200.0,254.0,750.0,4,857.0
5.0,24.0,180.0,200.0,254.0,750.0,4,857.0
5.0,24.0,180.0,200.0,254.0,750.0,4,857.0
5.0,14.0,592.0,700.0,786.0,922.0,4,983.0
5.0,14.0,450.0,531.0,700.0,922.0,4,983.0
5.0,14.0,531.0,592.0,700.0,922.0,4,983.0
5.0,14.0,531.0,592.0,700.0,786.0,4,922.0
5.0,14.0,254.0,266.0,592.0,786.0,4,983.0
5.0,14.0,254.0,266.0,531.0,592.0,4,786.0
5.0,14.0,254.0,266.0,592.0,786.0,4,983.0
5.0,14.0,450.0,700.0,786.0,922.0,4,983.0
5.0,14.0,254.0,266.0,592.0,786.0,4,983.0
5.0,33.0,258.0,301.0,361.0,789.0,4,807.0
5.0,33.0,125.0,267.0,318.0,530.0,4,789.0
5.0,33.0,258.0,267.0,361.0,530.0,4,789.0
5.0,33.0,258.0,267.0,361.0,530.0,4,789.0
5.0,33.0,267.0,361.0,417.0,530.0,4,789.0
5.0,33.0,258.0,301.0,361.0,789.0,4,807.0
5.0,33.0,125.0,301.0,318.0,530.0,4,789.0
5.0,33.0,125.0,258.0,301.0,318.0,4,530.0
5.0,33.0,125.0,258.0,267.0,361.0,4,789.0
5.0,33.0,21.0,258.0,301.0,318.0,4,530.0
5.0,33.0,14.0,21.0,301.0,530.0,4,789.0
5.0,33.0,14.0,21.0,267.0,530.0,4,789.0
5.0,33.0,14.0,21.0,267.0,530.0,4,789.0
5.0,33.0,14.0,258.0,267.0,361.0,4,807.0
5.0,33.0,14.0,125.0,258.0,267.0,4,807.0
5.0,33.0,125.0,258.0,301.0,318.0,4,530.0
5.0,33.0,125.0,258.0,301.0,318.0,4,530.0
5.0,33.0,14.0,125.0,301.0,530.0,4,789.0
5.0,33.0,14.0,125.0,267.0,530.0,4,789.0
5.0,33.0,14.0,258.0,267.0,361.0,4,807.0
5.0,33.0,14.0,258.0,267.0,361.0,4,530.0
5.0,33.0,14.0,258.0,301.0,361.0,4,530.0
5.0,33.0,21.0,125.0,258.0,301.0,4,318.0
5.0,33.0,14.0,21.0,125.0,301.0,4,789.0
5.0,33.0,14.0,21.0,267.0,361.0,4,789.0
5.0,33.0,14.0,125.0,258.0,301.0,4,807.0
5.0,33.0,21.0,125.0,258.0,301.0,4,318.0
5.0,33.0,14.0,21.0,125.0,258.0,4,417.0
5.0,33.0,14.0,21.0,301.0,361.0,4,789.0
5.0,33.0,14.0,301.0,530.0,789.0,4,807.0
5.0,33.0,125.0,258.0,301.0,530.0,4,789.0
5.0,33.0,14.0,125.0,267.0,530.0,4,789.0
5.0,33.0,14.0,21.0,267.0,361.0,4,789.0
5.0,33.0,14.0,258.0,301.0,530.0,4,807.0
5.0,33.0,14.0,21.0,258.0,301.0,4,530.0
5.0,33.0,21.0,258.0,301.0,318.0,4,530.0
5.0,33.0,21.0,258.0,301.0,318.0,4,530.0
5.0,33.0,14.0,21.0,301.0,361.0,4,789.0
5.0,33.0,14.0,21.0,301.0,361.0,4,789.0
5.0,10.0,234.0,285.0,599.0,731.0,4,740.0
5.0,10.0,111.0,278.0,310.0,591.0,4,740.0
5.0,10.0,111.0,234.0,475.0,591.0,4,740.0
5.0,10.0,111.0,234.0,599.0,731.0,4,740.0
5.0,10.0,234.0,285.0,591.0,599.0,4,731.0
5.0,10.0,111.0,234.0,310.0,731.0,4,740.0
5.0,10.0,111.0,234.0,310.0,731.0,4,740.0
5.0,10.0,111.0,278.0,310.0,731.0,4,740.0
5.0,10.0,111.0,234.0,310.0,591.0,4,740.0
5.0,10.0,111.0,234.0,599.0,731.0,4,740.0
5.0,33.0,14.0,267.0,361.0,789.0,4,807.0
5.0,33.0,14.0,301.0,361.0,789.0,4,807.0
5.0,33.0,21.0,258.0,301.0,530.0,4,789.0
5.0,33.0,21.0,258.0,267.0,318.0,4,530.0
5.0,33.0,21.0,258.0,267.0,318.0,4,530.0
5.0,33.0,14.0,125.0,267.0,530.0,4,789.0
5.0,33.0,14.0,125.0,267.0,361.0,4,789.0
5.0,33.0,14.0,267.0,361.0,789.0,4,807.0
5.0,33.0,14.0,258.0,267.0,361.0,4,807.0
5.0,33.0,14.0,258.0,301.0,361.0,4,807.0
5.0,33.0,14.0,125.0,258.0,301.0,4,530.0
5.0,33.0,125.0,258.0,301.0,318.0,4,530.0
5.0,33.0,14.0,125.0,267.0,530.0,4,789.0
5.0,33.0,14.0,125.0,267.0,530.0,4,789.0
5.0,33.0,14.0,267.0,361.0,530.0,4,789.0
5.0,33.0,14.0,267.0,361.0,530.0,4,789.0
5.0,33.0,125.0,258.0,301.0,318.0,4,530.0
5.0,33.0,14.0,267.0,361.0,789.0,4,807.0
5.0,33.0,14.0,267.0,530.0,789.0,4,807.0
5.0,33.0,14.0,125.0,301.0,530.0,4,789.0
5.0,33.0,21.0,125.0,258.0,301.0,4,318.0
5.0,33.0,14.0,301.0,530.0,789.0,4,807.0
5.0,33.0,14.0,267.0,361.0,789.0,4,807.0
5.0,33.0,125.0,258.0,301.0,361.0,4,789.0
5.0,33.0,125.0,258.0,301.0,318.0,4,530.0
5.0,33.0,14.0,125.0,258.0,301.0,4,530.0
5.0,33.0,14.0,267.0,530.0,789.0,4,807.0
5.0,33.0,14.0,267.0,361.0,789.0,4,807.0
5.0,33.0,258.0,301.0,361.0,530.0,4,789.0
5.0,33.0,125.0,258.0,301.0,530.0,4,789.0
5.0,33.0,125.0,258.0,301.0,318.0,4,530.0
5.0,33.0,125.0,258.0,301.0,318.0,4,530.0
5.0,33.0,21.0,125.0,258.0,301.0,4,318.0
5.0,33.0,14.0,267.0,361.0,789.0,4,807.0
5.0,33.0,125.0,301.0,318.0,789.0,4,807.0
5.0,33.0,14.0,267.0,301.0,789.0,4,807.0
5.0,33.0,14.0,125.0,267.0,789.0,4,807.0
5.0,33.0,14.0,125.0,267.0,789.0,4,807.0
5.0,33.0,21.0,125.0,301.0,318.0,4,470.0
5.0,33.0,14.0,21.0,125.0,301.0,4,789.0
5.0,33.0,21.0,125.0,258.0,301.0,4,318.0
5.0,33.0,21.0,258.0,301.0,318.0,4,361.0
5.0,33.0,14.0,125.0,267.0,789.0,4,807.0
5.0,33.0,14.0,125.0,301.0,789.0,4,807.0
5.0,33.0,125.0,258.0,301.0,789.0,4,807.0
5.0,33.0,21.0,125.0,258.0,301.0,4,318.0
5.0,33.0,14.0,21.0,301.0,361.0,4,789.0
5.0,33.0,14.0,267.0,361.0,789.0,4,807.0
5.0,33.0,14.0,267.0,361.0,789.0,4,807.0
5.0,33.0,125.0,258.0,301.0,318.0,4,807.0
5.0,33.0,21.0,125.0,258.0,301.0,4,318.0
5.0,33.0,14.0,267.0,361.0,789.0,4,807.0
5.0,33.0,14.0,267.0,361.0,789.0,4,807.0
5.0,33.0,14.0,258.0,267.0,361.0,4,807.0
5.0,33.0,14.0,21.0,125.0,301.0,4,789.0
5.0,33.0,14.0,301.0,361.0,789.0,4,807.0
5.0,33.0,258.0,267.0,361.0,789.0,4,807.0
5.0,33.0,258.0,267.0,361.0,789.0,4,807.0
5.0,33.0,21.0,125.0,301.0,318.0,4,789.0
5.0,33.0,258.0,267.0,361.0,789.0,4,807.0
5.0,33.0,258.0,267.0,361.0,789.0,4,807.0
5.0,33.0,267.0,318.0,361.0,789.0,4,807.0
5.0,33.0,301.0,318.0,530.0,789.0,4,807.0
5.0,7.0,112.0,455.0,846.0,902.0,4,1005.0
5.0,7.0,386.0,455.0,609.0,846.0,4,1033.0
5.0,7.0,386.0,455.0,609.0,846.0,4,1033.0
5.0,7.0,112.0,609.0,846.0,902.0,4,1005.0
5.0,7.0,112.0,455.0,609.0,902.0,4,1005.0
5.0,7.0,112.0,455.0,609.0,846.0,4,902.0
5.0,7.0,386.0,455.0,846.0,1005.0,4,1033.0
5.0,7.0,386.0,455.0,846.0,1005.0,4,1033.0
5.0,7.0,112.0,279.0,455.0,609.0,4,902.0
5.0,7.0,105.0,115.0,279.0,846.0,4,1033.0
5.0,33.0,14.0,267.0,361.0,789.0,4,807.0
5.0,33.0,125.0,258.0,301.0,318.0,4,530.0
5.0,33.0,125.0,258.0,301.0,318.0,4,530.0
5.0,33.0,14.0,267.0,361.0,789.0,4,807.0
5.0,33.0,14.0,125.0,267.0,361.0,4,789.0
5.0,33.0,21.0,258.0,301.0,318.0,4,530.0
5.0,33.0,125.0,258.0,267.0,530.0,4,789.0
5.0,33.0,125.0,258.0,301.0,361.0,4,789.0
5.0,33.0,125.0,258.0,301.0,361.0,4,789.0
5.0,33.0,258.0,301.0,361.0,530.0,4,789.0
5.0,33.0,258.0,267.0,361.0,530.0,4,789.0
5.0,33.0,125.0,301.0,318.0,470.0,4,530.0
5.0,33.0,125.0,301.0,318.0,530.0,4,789.0
5.0,33.0,14.0,267.0,361.0,530.0,4,789.0
5.0,33.0,14.0,258.0,267.0,361.0,4,530.0
5.0,33.0,21.0,125.0,258.0,301.0,4,318.0
5.0,33.0,14.0,267.0,301.0,361.0,4,789.0
5.0,33.0,14.0,301.0,361.0,530.0,4,789.0
5.0,33.0,14.0,258.0,301.0,361.0,4,530.0
5.0,10.0,52.0,234.0,285.0,731.0,4,918.0
5.0,10.0,52.0,234.0,285.0,731.0,4,918.0
5.0,10.0,52.0,234.0,285.0,731.0,4,918.0
5.0,10.0,111.0,234.0,310.0,731.0,4,918.0
5.0,10.0,111.0,234.0,310.0,731.0,4,918.0
5.0,10.0,111.0,234.0,310.0,731.0,4,918.0
5.0,10.0,147.0,298.0,475.0,591.0,4,740.0
5.0,33.0,14.0,267.0,361.0,530.0,4,789.0
5.0,33.0,14.0,267.0,361.0,530.0,4,789.0
5.0,33.0,125.0,258.0,301.0,318.0,4,530.0
5.0,33.0,14.0,301.0,361.0,789.0,4,807.0
5.0,33.0,14.0,267.0,361.0,789.0,4,807.0
5.0,33.0,14.0,258.0,267.0,361.0,4,807.0
5.0,33.0,14.0,258.0,267.0,361.0,4,530.0
5.0,33.0,258.0,301.0,318.0,361.0,4,530.0
5.0,33.0,125.0,258.0,301.0,318.0,4,530.0
5.0,33.0,125.0,258.0,301.0,318.0,4,530.0
5.0,33.0,14.0,125.0,301.0,789.0,4,807.0
5.0,23.0,136.0,440.0,472.0,613.0,4,994.0
5.0,23.0,136.0,440.0,472.0,613.0,4,994.0
5.0,23.0,382.0,388.0,440.0,481.0,4,959.0
5.0,23.0,382.0,388.0,440.0,481.0,4,959.0
5.0,23.0,382.0,388.0,472.0,613.0,4,994.0
5.0,23.0,382.0,388.0,440.0,472.0,4,613.0
5.0,23.0,382.0,388.0,440.0,472.0,4,613.0
5.0,23.0,382.0,388.0,440.0,472.0,4,613.0
5.0,23.0,388.0,440.0,472.0,613.0,4,925.0
5.0,23.0,388.0,472.0,613.0,925.0,4,994.0
5.0,23.0,382.0,388.0,472.0,613.0,4,994.0
5.0,23.0,382.0,388.0,472.0,613.0,4,994.0
5.0,23.0,382.0,388.0,472.0,613.0,4,994.0
5.0,12.0,216.0,230.0,237.0,611.0,4,856.0
5.0,12.0,216.0,230.0,611.0,856.0,4,986.0
5.0,12.0,216.0,230.0,611.0,633.0,4,986.0
5.0,12.0,0.0,201.0,611.0,633.0,4,986.0
5.0,12.0,0.0,201.0,237.0,788.0,4,986.0
5.0,12.0,201.0,230.0,237.0,788.0,4,856.0
5.0,12.0,216.0,230.0,237.0,788.0,4,856.0
5.0,12.0,216.0,230.0,237.0,788.0,4,856.0
5.0,12.0,216.0,230.0,237.0,788.0,4,856.0
5.0,12.0,216.0,230.0,237.0,788.0,4,856.0
5.0,15.0,218.0,659.0,714.0,860.0,4,960.0
5.0,15.0,218.0,659.0,714.0,764.0,4,802.0
5.0,15.0,218.0,375.0,764.0,860.0,4,960.0
5.0,15.0,659.0,684.0,714.0,860.0,4,960.0
5.0,15.0,659.0,684.0,714.0,860.0,4,960.0
5.0,15.0,218.0,684.0,714.0,764.0,4,860.0
5.0,15.0,659.0,684.0,714.0,764.0,4,860.0
5.0,15.0,659.0,714.0,764.0,860.0,4,960.0
5.0,33.0,14.0,267.0,361.0,789.0,4,807.0
5.0,33.0,14.0,258.0,301.0,361.0,4,807.0
5.0,33.0,14.0,258.0,301.0,530.0,4,807.0
5.0,33.0,14.0,125.0,267.0,789.0,4,807.0
5.0,33.0,14.0,125.0,267.0,789.0,4,807.0
5.0,33.0,14.0,125.0,258.0,267.0,4,807.0
5.0,33.0,14.0,267.0,361.0,789.0,4,807.0
5.0,33.0,14.0,267.0,361.0,789.0,4,807.0
5.0,33.0,14.0,258.0,301.0,361.0,4,807.0
5.0,33.0,21.0,125.0,258.0,301.0,4,318.0
5.0,11.0,145.0,188.0,359.0,368.0,4,638.0
5.0,11.0,150.0,580.0,602.0,638.0,4,784.0
5.0,11.0,150.0,580.0,602.0,638.0,4,784.0
5.0,11.0,145.0,580.0,602.0,638.0,4,874.0
5.0,11.0,188.0,580.0,602.0,784.0,4,874.0
5.0,11.0,188.0,368.0,580.0,602.0,4,784.0
5.0,11.0,145.0,188.0,359.0,638.0,4,874.0
5.0,11.0,188.0,580.0,602.0,638.0,4,874.0
5.0,11.0,188.0,580.0,602.0,638.0,4,874.0
5.0,18.0,226.0,260.0,396.0,685.0,4,702.0
5.0,18.0,396.0,579.0,642.0,758.0,4,834.0
5.0,18.0,396.0,579.0,642.0,758.0,4,834.0
5.0,18.0,579.0,642.0,758.0,834.0,4,1015.0
5.0,18.0,260.0,396.0,685.0,758.0,4,834.0
5.0,18.0,260.0,396.0,579.0,642.0,4,685.0
5.0,18.0,260.0,396.0,579.0,642.0,4,685.0
5.0,18.0,260.0,396.0,579.0,642.0,4,685.0
5.0,18.0,260.0,396.0,579.0,642.0,4,685.0
5.0,18.0,260.0,396.0,579.0,642.0,4,685.0
5.0,29.0,242.0,392.0,397.0,670.0,4,990.0
5.0,29.0,173.0,338.0,397.0,485.0,4,505.0
5.0,29.0,173.0,392.0,456.0,670.0,4,990.0
5.0,29.0,242.0,338.0,392.0,456.0,4,505.0
5.0,29.0,242.0,338.0,392.0,456.0,4,505.0
5.0,33.0,14.0,125.0,258.0,267.0,4,530.0
5.0,33.0,14.0,21.0,125.0,301.0,4,470.0
5.0,33.0,14.0,21.0,125.0,258.0,4,301.0
5.0,33.0,14.0,258.0,267.0,361.0,4,530.0
5.0,33.0,14.0,125.0,258.0,267.0,4,530.0
5.0,33.0,125.0,258.0,301.0,318.0,4,530.0
5.0,33.0,21.0,125.0,301.0,318.0,4,470.0
5.0,33.0,14.0,21.0,125.0,301.0,4,470.0
5.0,33.0,14.0,21.0,125.0,301.0,4,470.0
5.0,33.0,14.0,301.0,361.0,470.0,4,530.0
5.0,33.0,14.0,125.0,267.0,530.0,4,789.0
5.0,33.0,14.0,125.0,258.0,301.0,4,530.0
5.0,33.0,125.0,258.0,301.0,318.0,4,530.0
5.0,33.0,21.0,125.0,258.0,301.0,4,318.0
5.0,33.0,21.0,125.0,258.0,301.0,4,318.0
5.0,33.0,21.0,125.0,258.0,301.0,4,318.0
5.0,33.0,301.0,318.0,361.0,530.0,4,789.0
5.0,33.0,14.0,267.0,361.0,530.0,4,789.0
5.0,33.0,125.0,258.0,301.0,318.0,4,530.0
5.0,33.0,14.0,125.0,301.0,530.0,4,789.0
5.0,7.0,112.0,277.0,451.0,902.0,4,1005.0
5.0,7.0,112.0,451.0,455.0,609.0,4,902.0
5.0,7.0,277.0,386.0,455.0,846.0,4,1005.0
5.0,7.0,112.0,277.0,451.0,902.0,4,1005.0
5.0,7.0,112.0,455.0,609.0,846.0,4,902.0
5.0,7.0,386.0,455.0,609.0,846.0,4,902.0
5.0,7.0,386.0,455.0,609.0,846.0,4,902.0
5.0,7.0,386.0,455.0,609.0,846.0,4,1005.0
5.0,6.0,30.0,55.0,61.0,606.0,4,867.0
5.0,6.0,30.0,55.0,213.0,809.0,4,980.0
5.0,6.0,55.0,61.0,606.0,769.0,4,867.0
5.0,6.0,30.0,213.0,606.0,873.0,4,980.0
5.0,6.0,30.0,213.0,809.0,873.0,4,980.0
5.0,6.0,30.0,55.0,606.0,809.0,4,980.0
5.0,6.0,30.0,55.0,606.0,809.0,4,867.0
5.0,6.0,30.0,55.0,606.0,809.0,4,867.0
5.0,26.0,40.0,333.0,634.0,759.0,4,948.0
5.0,26.0,40.0,333.0,634.0,759.0,4,948.0
5.0,26.0,40.0,315.0,488.0,634.0,4,759.0
5.0,26.0,315.0,333.0,488.0,634.0,4,948.0
5.0,26.0,40.0,315.0,333.0,536.0,4,948.0
5.0,26.0,40.0,315.0,333.0,536.0,4,948.0
5.0,26.0,40.0,315.0,333.0,536.0,4,961.0
5.0,26.0,40.0,315.0,333.0,634.0,4,948.0
5.0,26.0,40.0,333.0,634.0,759.0,4,948.0
5.0,26.0,333.0,536.0,634.0,759.0,4,948.0
5.0,26.0,40.0,315.0,333.0,536.0,4,948.0
5.0,4.0,134.0,259.0,486.0,601.0,4,768.0
5.0,4.0,134.0,259.0,486.0,601.0,4,936.0
5.0,4.0,134.0,259.0,486.0,768.0,4,853.0
5.0,4.0,134.0,259.0,601.0,768.0,4,853.0
5.0,4.0,134.0,259.0,601.0,768.0,4,853.0
5.0,4.0,134.0,259.0,486.0,768.0,4,853.0
5.0,4.0,134.0,259.0,486.0,601.0,4,936.0
5.0,4.0,134.0,259.0,486.0,601.0,4,768.0
5.0,33.0,14.0,267.0,530.0,789.0,4,807.0
5.0,33.0,14.0,258.0,301.0,361.0,4,530.0
5.0,33.0,14.0,125.0,301.0,361.0,4,789.0
5.0,33.0,14.0,125.0,301.0,361.0,4,789.0
5.0,33.0,125.0,258.0,301.0,318.0,4,361.0
5.0,33.0,14.0,125.0,301.0,789.0,4,807.0
5.0,33.0,14.0,125.0,267.0,789.0,4,807.0
5.0,33.0,14.0,125.0,267.0,789.0,4,807.0
5.0,27.0,373.0,708.0,842.0,886.0,4,897.0
5.0,27.0,146.0,363.0,439.0,662.0,4,924.0
5.0,27.0,146.0,363.0,439.0,662.0,4,924.0
5.0,27.0,146.0,363.0,439.0,662.0,4,924.0
5.0,27.0,146.0,363.0,439.0,662.0,4,924.0
5.0,27.0,146.0,363.0,439.0,662.0,4,924.0
5.0,27.0,146.0,439.0,842.0,897.0,4,924.0
5.0,27.0,146.0,708.0,842.0,886.0,4,897.0
5.0,33.0,14.0,267.0,530.0,789.0,4,807.0
5.0,33.0,14.0,361.0,417.0,530.0,4,789.0
5.0,33.0,21.0,258.0,318.0,361.0,4,417.0
5.0,33.0,14.0,21.0,258.0,267.0,4,361.0
5.0,33.0,21.0,258.0,318.0,361.0,4,417.0
5.0,33.0,21.0,258.0,361.0,417.0,4,789.0
5.0,33.0,21.0,318.0,361.0,417.0,4,470.0
5.0,33.0,21.0,318.0,361.0,417.0,4,470.0
5.0,33.0,21.0,318.0,361.0,417.0,4,789.0
5.0,33.0,125.0,258.0,267.0,530.0,4,789.0
5.0,33.0,125.0,258.0,267.0,530.0,4,789.0
5.0,33.0,318.0,361.0,417.0,530.0,4,789.0
5.0,33.0,21.0,258.0,361.0,417.0,4,789.0
5.0,33.0,21.0,258.0,267.0,361.0,4,789.0
5.0,14.0,48.0,592.0,688.0,786.0,4,922.0
5.0,14.0,531.0,592.0,688.0,786.0,4,809.0
5.0,14.0,48.0,49.0,688.0,809.0,4,983.0
5.0,14.0,592.0,700.0,786.0,809.0,4,983.0
5.0,14.0,48.0,592.0,700.0,786.0,4,922.0
5.0,14.0,48.0,49.0,688.0,809.0,4,983.0
5.0,29.0,242.0,392.0,456.0,505.0,4,670.0
5.0,29.0,173.0,283.0,338.0,485.0,4,990.0
5.0,29.0,173.0,283.0,338.0,485.0,4,990.0
5.0,29.0,173.0,283.0,338.0,485.0,4,990.0
5.0,29.0,242.0,392.0,456.0,505.0,4,670.0
5.0,29.0,242.0,456.0,505.0,670.0,4,990.0
5.0,29.0,173.0,456.0,505.0,670.0,4,990.0
5.0,29.0,173.0,242.0,338.0,505.0,4,990.0
5.0,29.0,173.0,242.0,338.0,505.0,4,990.0
5.0,29.0,173.0,242.0,338.0,505.0,4,990.0
5.0,29.0,242.0,392.0,456.0,670.0,4,990.0
5.0,0.0,465.0,493.0,535.0,589.0,4,1037.0
5.0,0.0,394.0,448.0,465.0,493.0,4,686.0
5.0,0.0,394.0,448.0,589.0,686.0,4,1024.0
5.0,0.0,394.0,589.0,686.0,1024.0,4,1037.0
5.0,0.0,465.0,493.0,535.0,686.0,4,1037.0
5.0,0.0,394.0,448.0,589.0,686.0,4,1024.0
5.0,0.0,394.0,465.0,493.0,535.0,4,589.0
5.0,1.0,78.0,106.0,577.0,790.0,4,808.0
5.0,1.0,78.0,106.0,369.0,790.0,4,808.0
5.0,1.0,78.0,369.0,577.0,586.0,4,876.0
5.0,1.0,78.0,369.0,577.0,586.0,4,876.0
5.0,1.0,78.0,106.0,790.0,808.0,4,867.0
5.0,1.0,78.0,369.0,577.0,586.0,4,876.0
5.0,1.0,78.0,577.0,586.0,867.0,4,876.0
5.0,1.0,78.0,106.0,577.0,586.0,4,876.0
5.0,33.0,14.0,125.0,267.0,361.0,4,789.0
5.0,33.0,21.0,258.0,301.0,318.0,4,361.0
5.0,33.0,21.0,244.0,258.0,301.0,4,789.0
5.0,33.0,14.0,21.0,301.0,361.0,4,789.0
5.0,33.0,14.0,125.0,267.0,361.0,4,789.0
5.0,33.0,14.0,21.0,301.0,361.0,4,789.0
5.0,13.0,91.0,137.0,164.0,238.0,4,811.0
5.0,13.0,91.0,319.0,575.0,753.0,4,811.0
5.0,13.0,91.0,319.0,575.0,753.0,4,811.0
5.0,13.0,97.0,164.0,238.0,575.0,4,753.0
5.0,13.0,91.0,137.0,238.0,319.0,4,811.0
5.0,13.0,91.0,319.0,575.0,753.0,4,811.0
5.0,13.0,91.0,97.0,319.0,575.0,4,753.0
5.0,13.0,91.0,137.0,164.0,575.0,4,753.0
5.0,28.0,497.0,608.0,754.0,822.0,4,1016.0
5.0,28.0,397.0,514.0,608.0,754.0,4,1016.0
5.0,28.0,397.0,514.0,639.0,754.0,4,761.0
5.0,28.0,397.0,608.0,754.0,822.0,4,1016.0
5.0,28.0,397.0,514.0,608.0,754.0,4,1016.0
5.0,28.0,397.0,608.0,754.0,822.0,4,1016.0
5.0,33.0,14.0,125.0,301.0,361.0,4,789.0
5.0,33.0,14.0,21.0,258.0,301.0,4,361.0
5.0,33.0,14.0,125.0,361.0,417.0,4,789.0
5.0,33.0,14.0,125.0,301.0,361.0,4,789.0
5.0,33.0,14.0,258.0,301.0,361.0,4,789.0
5.0,33.0,14.0,267.0,301.0,361.0,4,789.0
5.0,33.0,14.0,267.0,301.0,361.0,4,789.0
5.0,33.0,14.0,267.0,361.0,417.0,4,789.0
5.0,33.0,258.0,267.0,361.0,417.0,4,789.0
5.0,33.0,258.0,301.0,361.0,417.0,4,789.0
5.0,33.0,14.0,125.0,258.0,267.0,4,301.0
5.0,11.0,145.0,188.0,359.0,638.0,4,665.0
5.0,11.0,150.0,188.0,602.0,784.0,4,874.0
5.0,11.0,145.0,150.0,359.0,784.0,4,874.0
5.0,11.0,150.0,359.0,602.0,665.0,4,784.0
5.0,11.0,150.0,359.0,602.0,638.0,4,784.0
5.0,11.0,145.0,359.0,602.0,638.0,4,784.0
5.0,15.0,355.0,659.0,764.0,860.0,4,1036.0
5.0,15.0,659.0,714.0,860.0,960.0,4,1036.0
5.0,15.0,218.0,355.0,684.0,764.0,4,802.0
5.0,15.0,218.0,659.0,714.0,764.0,4,860.0
5.0,33.0,14.0,244.0,267.0,361.0,4,789.0
5.0,33.0,14.0,244.0,267.0,361.0,4,789.0
5.0,33.0,14.0,21.0,258.0,361.0,4,417.0
5.0,33.0,21.0,90.0,258.0,318.0,4,417.0
5.0,33.0,14.0,244.0,267.0,361.0,4,789.0
5.0,33.0,14.0,244.0,267.0,361.0,4,789.0
5.0,33.0,14.0,244.0,258.0,267.0,4,361.0
5.0,33.0,14.0,267.0,361.0,417.0,4,789.0
5.0,28.0,377.0,397.0,754.0,761.0,4,1016.0
5.0,28.0,397.0,598.0,639.0,761.0,4,1016.0
5.0,28.0,397.0,514.0,598.0,639.0,4,1016.0
5.0,28.0,191.0,514.0,598.0,639.0,4,754.0
5.0,28.0,191.0,377.0,514.0,639.0,4,761.0
5.0,28.0,397.0,598.0,639.0,761.0,4,1016.0
5.0,28.0,397.0,514.0,598.0,639.0,4,761.0
5.0,28.0,191.0,397.0,514.0,639.0,4,1016.0
5.0,33.0,14.0,244.0,267.0,361.0,4,789.0
5.0,33.0,21.0,258.0,318.0,417.0,4,789.0
5.0,33.0,21.0,258.0,318.0,417.0,4,789.0
5.0,33.0,14.0,21.0,258.0,417.0,4,789.0
5.0,33.0,14.0,258.0,267.0,361.0,4,789.0
5.0,33.0,14.0,258.0,267.0,361.0,4,789.0
5.0,33.0,14.0,21.0,258.0,361.0,4,417.0
5.0,33.0,14.0,21.0,258.0,267.0,4,789.0
5.0,33.0,14.0,258.0,267.0,361.0,4,789.0
5.0,33.0,14.0,258.0,361.0,417.0,4,530.0
5.0,33.0,14.0,21.0,258.0,267.0,4,789.0
5.0,33.0,14.0,258.0,267.0,361.0,4,789.0
5.0,33.0,14.0,244.0,267.0,361.0,4,789.0
5.0,33.0,244.0,258.0,267.0,361.0,4,789.0
5.0,33.0,244.0,258.0,267.0,361.0,4,789.0
5.0,33.0,14.0,258.0,267.0,361.0,4,789.0
5.0,33.0,14.0,258.0,267.0,361.0,4,789.0
5.0,33.0,14.0,258.0,267.0,361.0,4,789.0
5.0,33.0,14.0,244.0,258.0,267.0,4,361.0
5.0,33.0,21.0,318.0,417.0,470.0,4,530.0
5.0,33.0,21.0,318.0,417.0,470.0,4,807.0
5.0,33.0,21.0,90.0,318.0,470.0,4,807.0
5.0,33.0,21.0,90.0,318.0,470.0,4,530.0
5.0,33.0,258.0,318.0,417.0,530.0,4,807.0
5.0,33.0,318.0,417.0,470.0,530.0,4,807.0
5.0,33.0,318.0,417.0,470.0,530.0,4,807.0
5.0,33.0,318.0,417.0,470.0,530.0,4,807.0
5.0,17.0,47.0,108.0,328.0,715.0,4,920.0
5.0,17.0,47.0,108.0,619.0,715.0,4,920.0
5.0,17.0,108.0,509.0,619.0,715.0,4,920.0
5.0,17.0,108.0,509.0,715.0,900.0,4,920.0
5.0,17.0,86.0,108.0,328.0,508.0,4,900.0
5.0,17.0,86.0,108.0,328.0,508.0,4,900.0
5.0,17.0,47.0,86.0,328.0,508.0,4,900.0
5.0,17.0,47.0,86.0,328.0,900.0,4,920.0
5.0,17.0,47.0,86.0,328.0,900.0,4,920.0
5.0,17.0,108.0,509.0,619.0,715.0,4,920.0
5.0,17.0,108.0,509.0,619.0,900.0,4,920.0
5.0,17.0,47.0,108.0,328.0,715.0,4,920.0
5.0,17.0,86.0,509.0,619.0,900.0,4,920.0
5.0,17.0,47.0,86.0,108.0,509.0,4,715.0
5.0,17.0,47.0,108.0,328.0,715.0,4,920.0
5.0,17.0,47.0,108.0,328.0,715.0,4,920.0
5.0,17.0,108.0,135.0,328.0,509.0,4,920.0
5.0,17.0,86.0,135.0,328.0,509.0,4,920.0
5.0,17.0,47.0,86.0,135.0,619.0,4,900.0
5.0,17.0,47.0,86.0,135.0,328.0,4,900.0
5.0,17.0,47.0,86.0,328.0,715.0,4,900.0
5.0,17.0,108.0,135.0,509.0,715.0,4,920.0
5.0,17.0,108.0,135.0,328.0,509.0,4,900.0
5.0,17.0,47.0,86.0,108.0,135.0,4,509.0
5.0,17.0,47.0,86.0,108.0,135.0,4,509.0
5.0,17.0,47.0,86.0,108.0,135.0,4,509.0
5.0,17.0,47.0,86.0,108.0,135.0,4,509.0
5.0,17.0,86.0,135.0,508.0,509.0,4,900.0
5.0,29.0,173.0,242.0,505.0,670.0,4,990.0
5.0,29.0,242.0,397.0,505.0,670.0,4,990.0
5.0,29.0,456.0,485.0,505.0,670.0,4,990.0
5.0,29.0,242.0,456.0,485.0,505.0,4,670.0
5.0,29.0,242.0,456.0,485.0,670.0,4,990.0
5.0,29.0,456.0,485.0,505.0,670.0,4,990.0
5.0,13.0,91.0,137.0,151.0,164.0,4,238.0
5.0,13.0,91.0,164.0,730.0,824.0,4,866.0
5.0,13.0,91.0,137.0,151.0,164.0,4,824.0
5.0,13.0,91.0,137.0,151.0,164.0,4,238.0
5.0,13.0,116.0,151.0,730.0,811.0,4,824.0
5.0,13.0,116.0,151.0,164.0,238.0,4,730.0
5.0,27.0,146.0,363.0,439.0,662.0,4,924.0
5.0,27.0,146.0,439.0,680.0,897.0,4,924.0
5.0,27.0,146.0,363.0,439.0,662.0,4,924.0
5.0,27.0,146.0,363.0,439.0,662.0,4,924.0
5.0,27.0,146.0,363.0,439.0,662.0,4,924.0
5.0,27.0,363.0,439.0,662.0,680.0,4,924.0
5.0,27.0,363.0,439.0,662.0,680.0,4,924.0
5.0,27.0,439.0,662.0,680.0,854.0,4,897.0
5.0,17.0,47.0,108.0,135.0,509.0,4,920.0
5.0,17.0,108.0,135.0,290.0,328.0,4,900.0
5.0,17.0,108.0,135.0,328.0,509.0,4,900.0
5.0,17.0,108.0,135.0,328.0,509.0,4,900.0
5.0,17.0,47.0,108.0,135.0,328.0,4,920.0
5.0,17.0,47.0,108.0,135.0,509.0,4,920.0
5.0,17.0,47.0,108.0,135.0,509.0,4,920.0
5.0,17.0,47.0,108.0,135.0,509.0,4,920.0
5.0,17.0,328.0,619.0,900.0,920.0,4,958.0
5.0,17.0,47.0,108.0,135.0,509.0,4,920.0
5.0,17.0,47.0,108.0,135.0,509.0,4,920.0
5.0,7.0,112.0,250.0,277.0,902.0,4,1005.0
5.0,7.0,112.0,250.0,277.0,902.0,4,1005.0
5.0,7.0,115.0,250.0,386.0,455.0,4,609.0
5.0,7.0,115.0,386.0,455.0,609.0,4,846.0
5.0,7.0,115.0,386.0,455.0,609.0,4,846.0
5.0,7.0,277.0,386.0,455.0,846.0,4,1005.0
5.0,7.0,105.0,277.0,609.0,846.0,4,1005.0
5.0,7.0,112.0,250.0,277.0,902.0,4,1005.0
5.0,7.0,112.0,250.0,277.0,902.0,4,1005.0
5.0,7.0,115.0,386.0,455.0,609.0,4,846.0
5.0,7.0,105.0,115.0,279.0,455.0,4,609.0
5.0,7.0,105.0,115.0,279.0,846.0,4,1033.0
5.0,26.0,40.0,315.0,488.0,536.0,4,914.0
5.0,26.0,46.0,536.0,634.0,948.0,4,961.0
5.0,26.0,40.0,536.0,634.0,914.0,4,948.0
5.0,26.0,40.0,315.0,488.0,536.0,4,914.0
5.0,26.0,40.0,488.0,536.0,914.0,4,948.0
5.0,26.0,40.0,536.0,634.0,948.0,4,961.0
5.0,26.0,40.0,536.0,634.0,914.0,4,948.0
5.0,23.0,136.0,382.0,440.0,959.0,4,994.0
5.0,23.0,136.0,382.0,440.0,959.0,4,994.0
5.0,23.0,33.0,382.0,529.0,613.0,4,959.0
5.0,23.0,33.0,382.0,529.0,613.0,4,713.0
5.0,23.0,33.0,388.0,529.0,613.0,4,713.0
5.0,23.0,33.0,136.0,388.0,613.0,4,994.0
5.0,16.0,155.0,427.0,495.0,623.0,4,674.0
5.0,16.0,155.0,307.0,427.0,623.0,4,674.0
5.0,16.0,155.0,719.0,763.0,895.0,4,996.0
5.0,16.0,155.0,270.0,623.0,674.0,4,895.0
5.0,16.0,155.0,623.0,674.0,895.0,4,996.0
5.0,16.0,155.0,427.0,495.0,623.0,4,674.0
5.0,16.0,495.0,623.0,674.0,895.0,4,996.0
5.0,16.0,155.0,719.0,763.0,895.0,4,996.0
5.0,17.0,86.0,290.0,328.0,715.0,4,920.0
5.0,17.0,86.0,290.0,328.0,715.0,4,920.0
5.0,17.0,86.0,290.0,328.0,715.0,4,920.0
5.0,17.0,47.0,108.0,328.0,715.0,4,920.0
5.0,17.0,47.0,108.0,135.0,635.0,4,715.0
5.0,17.0,108.0,290.0,328.0,715.0,4,920.0
5.0,11.0,145.0,580.0,602.0,638.0,4,874.0
5.0,11.0,188.0,359.0,602.0,784.0,4,874.0
5.0,11.0,145.0,359.0,602.0,784.0,4,874.0
5.0,11.0,145.0,580.0,602.0,784.0,4,874.0
5.0,11.0,145.0,188.0,580.0,602.0,4,638.0
5.0,11.0,145.0,188.0,580.0,602.0,4,638.0
5.0,11.0,145.0,188.0,580.0,602.0,4,784.0
5.0,11.0,145.0,359.0,580.0,602.0,4,874.0
5.0,11.0,145.0,359.0,580.0,602.0,4,638.0
5.0,4.0,134.0,259.0,487.0,601.0,4,853.0
5.0,4.0,126.0,601.0,768.0,853.0,4,936.0
5.0,4.0,126.0,134.0,486.0,853.0,4,936.0
5.0,4.0,134.0,259.0,487.0,601.0,4,853.0
5.0,4.0,134.0,259.0,487.0,601.0,4,853.0
5.0,4.0,134.0,259.0,487.0,601.0,4,853.0
5.0,4.0,134.0,259.0,487.0,601.0,4,853.0
5.0,4.0,259.0,601.0,768.0,853.0,4,936.0
5.0,4.0,126.0,134.0,259.0,601.0,4,936.0
5.0,17.0,108.0,135.0,290.0,635.0,4,900.0
5.0,17.0,108.0,135.0,290.0,328.0,4,900.0
5.0,17.0,86.0,290.0,328.0,715.0,4,900.0
5.0,17.0,86.0,328.0,509.0,635.0,4,715.0
5.0,17.0,86.0,328.0,509.0,635.0,4,715.0
5.0,17.0,86.0,290.0,328.0,715.0,4,900.0
5.0,17.0,86.0,328.0,619.0,635.0,4,715.0
5.0,17.0,108.0,290.0,328.0,635.0,4,715.0
5.0,17.0,108.0,135.0,290.0,635.0,4,900.0
5.0,17.0,108.0,135.0,290.0,635.0,4,900.0
5.0,17.0,86.0,328.0,619.0,715.0,4,900.0
5.0,17.0,86.0,328.0,509.0,635.0,4,715.0
5.0,17.0,108.0,135.0,328.0,509.0,4,635.0
5.0,17.0,108.0,135.0,509.0,635.0,4,900.0
5.0,17.0,108.0,135.0,290.0,635.0,4,900.0
5.0,17.0,86.0,108.0,290.0,328.0,4,715.0
5.0,17.0,86.0,108.0,328.0,619.0,4,715.0
5.0,17.0,86.0,108.0,328.0,619.0,4,715.0
5.0,17.0,86.0,108.0,290.0,328.0,4,715.0
5.0,17.0,86.0,508.0,509.0,715.0,4,958.0
5.0,17.0,86.0,328.0,619.0,635.0,4,715.0
5.0,17.0,108.0,135.0,290.0,328.0,4,900.0
5.0,17.0,108.0,135.0,290.0,635.0,4,900.0
5.0,17.0,108.0,135.0,290.0,328.0,4,715.0
5.0,17.0,108.0,290.0,328.0,635.0,4,715.0
5.0,9.0,109.0,366.0,452.0,845.0,4,941.0
5.0,9.0,76.0,204.0,452.0,510.0,4,1009.0
5.0,9.0,109.0,204.0,366.0,510.0,4,941.0
5.0,9.0,109.0,204.0,366.0,510.0,4,941.0
5.0,9.0,109.0,204.0,366.0,510.0,4,941.0
5.0,9.0,366.0,452.0,845.0,941.0,4,1009.0
5.0,9.0,109.0,366.0,452.0,845.0,4,941.0
5.0,9.0,109.0,366.0,510.0,845.0,4,941.0
5.0,9.0,109.0,366.0,452.0,941.0,4,1009.0
5.0,9.0,109.0,366.0,452.0,941.0,4,1009.0
5.0,17.0,108.0,135.0,290.0,328.0,4,900.0
5.0,17.0,108.0,135.0,290.0,635.0,4,900.0
5.0,17.0,108.0,290.0,635.0,900.0,4,958.0
5.0,17.0,86.0,328.0,509.0,715.0,4,958.0
5.0,17.0,108.0,290.0,328.0,715.0,4,920.0
5.0,17.0,86.0,290.0,328.0,715.0,4,920.0
5.0,17.0,86.0,328.0,619.0,715.0,4,920.0
5.0,17.0,86.0,328.0,619.0,715.0,4,920.0
5.0,17.0,86.0,328.0,619.0,715.0,4,920.0
5.0,32.0,34.0,241.0,426.0,484.0,4,524.0
5.0,32.0,34.0,241.0,302.0,484.0,4,627.0
5.0,32.0,34.0,241.0,426.0,484.0,4,524.0
5.0,32.0,241.0,302.0,426.0,524.0,4,817.0
5.0,32.0,57.0,302.0,624.0,627.0,4,817.0
5.0,32.0,34.0,241.0,426.0,524.0,4,627.0
5.0,6.0,35.0,55.0,213.0,769.0,4,809.0
5.0,6.0,35.0,55.0,213.0,769.0,4,809.0
5.0,6.0,30.0,55.0,171.0,809.0,4,873.0
5.0,6.0,30.0,171.0,213.0,873.0,4,980.0
5.0,6.0,30.0,35.0,55.0,213.0,4,809.0
5.0,6.0,30.0,35.0,55.0,213.0,4,809.0
5.0,6.0,30.0,35.0,55.0,213.0,4,809.0
5.0,6.0,35.0,55.0,213.0,769.0,4,809.0
5.0,6.0,55.0,213.0,769.0,809.0,4,980.0
5.0,6.0,30.0,55.0,769.0,809.0,4,980.0
5.0,6.0,30.0,55.0,213.0,769.0,4,873.0
5.0,6.0,30.0,55.0,213.0,809.0,4,980.0
5.0,17.0,108.0,135.0,290.0,635.0,4,900.0
5.0,17.0,108.0,135.0,290.0,635.0,4,900.0
5.0,17.0,86.0,290.0,328.0,715.0,4,920.0
5.0,17.0,86.0,328.0,508.0,715.0,4,920.0
5.0,17.0,108.0,135.0,290.0,328.0,4,715.0
5.0,17.0,108.0,135.0,290.0,635.0,4,900.0
5.0,17.0,86.0,290.0,328.0,715.0,4,920.0
5.0,17.0,86.0,135.0,290.0,328.0,4,715.0
5.0,17.0,108.0,135.0,290.0,635.0,4,900.0
5.0,17.0,108.0,135.0,290.0,635.0,4,900.0
5.0,17.0,108.0,135.0,290.0,635.0,4,900.0
5.0,17.0,86.0,135.0,328.0,715.0,4,920.0
5.0,17.0,86.0,135.0,328.0,920.0,4,958.0
5.0,17.0,86.0,508.0,509.0,619.0,4,958.0
5.0,17.0,108.0,135.0,290.0,635.0,4,900.0
5.0,17.0,86.0,135.0,290.0,328.0,4,900.0
5.0,17.0,86.0,328.0,619.0,715.0,4,920.0
5.0,17.0,108.0,290.0,328.0,715.0,4,958.0
5.0,17.0,108.0,328.0,509.0,635.0,4,715.0
5.0,17.0,108.0,328.0,509.0,715.0,4,920.0
5.0,17.0,108.0,328.0,509.0,715.0,4,920.0
5.0,17.0,108.0,328.0,509.0,715.0,4,920.0
5.0,25.0,158.0,300.0,398.0,798.0,4,864.0
5.0,25.0,300.0,398.0,421.0,798.0,4,864.0
5.0,25.0,294.0,380.0,421.0,453.0,4,798.0
5.0,25.0,294.0,398.0,421.0,453.0,4,798.0
5.0,25.0,294.0,380.0,398.0,421.0,4,864.0
5.0,25.0,294.0,398.0,421.0,798.0,4,864.0
5.0,25.0,158.0,294.0,398.0,798.0,4,864.0
5.0,25.0,158.0,294.0,380.0,398.0,4,798.0
5.0,25.0,158.0,294.0,380.0,398.0,4,798.0
5.0,25.0,294.0,380.0,398.0,421.0,4,864.0
5.0,25.0,294.0,380.0,398.0,421.0,4,864.0
5.0,17.0,108.0,135.0,328.0,619.0,4,715.0
5.0,17.0,108.0,135.0,328.0,619.0,4,715.0
5.0,17.0,86.0,619.0,635.0,715.0,4,900.0
5.0,17.0,108.0,328.0,509.0,715.0,4,900.0
5.0,17.0,108.0,135.0,328.0,509.0,4,715.0
5.0,17.0,108.0,135.0,328.0,619.0,4,715.0
5.0,17.0,108.0,135.0,328.0,619.0,4,715.0
5.0,4.0,134.0,259.0,487.0,646.0,4,853.0
5.0,4.0,504.0,646.0,718.0,768.0,4,936.0
5.0,4.0,601.0,646.0,718.0,768.0,4,936.0
5.0,4.0,259.0,601.0,646.0,768.0,4,936.0
5.0,4.0,134.0,259.0,487.0,601.0,4,853.0
5.0,4.0,134.0,259.0,487.0,601.0,4,853.0
5.0,4.0,134.0,259.0,487.0,646.0,4,853.0
5.0,4.0,134.0,259.0,487.0,646.0,4,853.0
5.0,4.0,504.0,601.0,646.0,768.0,4,936.0
5.0,4.0,504.0,601.0,646.0,768.0,4,936.0
5.0,17.0,108.0,135.0,290.0,328.0,4,900.0
5.0,17.0,86.0,290.0,328.0,635.0,4,715.0
5.0,17.0,86.0,509.0,635.0,715.0,4,958.0
5.0,17.0,86.0,135.0,509.0,715.0,4,958.0
5.0,17.0,108.0,135.0,509.0,715.0,4,958.0
5.0,17.0,108.0,135.0,290.0,328.0,4,715.0
5.0,17.0,108.0,135.0,328.0,509.0,4,715.0
5.0,17.0,108.0,135.0,328.0,635.0,4,715.0
5.0,1.0,106.0,577.0,790.0,808.0,4,820.0
5.0,1.0,106.0,577.0,790.0,808.0,4,820.0
5.0,1.0,106.0,169.0,790.0,808.0,4,820.0
5.0,1.0,106.0,169.0,790.0,808.0,4,820.0
5.0,1.0,106.0,169.0,711.0,790.0,4,808.0
5.0,0.0,465.0,535.0,589.0,686.0,4,1037.0
5.0,0.0,437.0,465.0,483.0,535.0,4,968.0
5.0,0.0,465.0,535.0,589.0,686.0,4,1037.0
5.0,0.0,465.0,483.0,535.0,686.0,4,968.0
5.0,0.0,394.0,465.0,483.0,686.0,4,968.0
5.0,0.0,394.0,437.0,483.0,968.0,4,1007.0
5.0,0.0,394.0,437.0,483.0,968.0,4,1007.0
5.0,0.0,394.0,437.0,483.0,968.0,4,1007.0
5.0,0.0,437.0,483.0,535.0,968.0,4,1007.0
5.0,25.0,294.0,380.0,421.0,453.0,4,864.0
5.0,25.0,294.0,380.0,421.0,453.0,4,864.0
5.0,25.0,294.0,356.0,380.0,421.0,4,453.0
5.0,25.0,158.0,294.0,356.0,380.0,4,398.0
5.0,25.0,356.0,398.0,421.0,453.0,4,864.0
5.0,25.0,294.0,398.0,421.0,453.0,4,864.0
5.0,25.0,158.0,294.0,380.0,398.0,4,864.0
5.0,25.0,294.0,380.0,421.0,453.0,4,864.0
5.0,25.0,158.0,294.0,356.0,380.0,4,398.0
5.0,25.0,158.0,294.0,356.0,398.0,4,453.0
5.0,25.0,158.0,294.0,356.0,398.0,4,453.0
5.0,25.0,158.0,294.0,356.0,398.0,4,453.0
5.0,25.0,158.0,294.0,380.0,398.0,4,453.0
5.0,25.0,294.0,380.0,398.0,421.0,4,453.0
5.0,25.0,294.0,398.0,421.0,453.0,4,864.0
5.0,17.0,108.0,135.0,290.0,328.0,4,958.0
5.0,17.0,108.0,328.0,619.0,715.0,4,900.0
5.0,17.0,108.0,135.0,290.0,328.0,4,900.0
5.0,17.0,86.0,108.0,290.0,328.0,4,715.0
5.0,17.0,86.0,108.0,290.0,328.0,4,715.0
5.0,17.0,86.0,108.0,328.0,619.0,4,715.0
5.0,17.0,86.0,108.0,328.0,619.0,4,715.0
5.0,17.0,86.0,108.0,290.0,328.0,4,715.0
5.0,17.0,86.0,108.0,290.0,328.0,4,715.0
5.0,17.0,86.0,135.0,290.0,619.0,4,715.0
5.0,17.0,108.0,290.0,328.0,715.0,4,900.0
5.0,17.0,108.0,135.0,290.0,328.0,4,715.0
5.0,17.0,108.0,135.0,290.0,328.0,4,715.0
5.0,17.0,86.0,108.0,328.0,619.0,4,715.0
5.0,17.0,86.0,108.0,328.0,619.0,4,715.0
5.0,17.0,108.0,135.0,619.0,715.0,4,900.0
5.0,17.0,86.0,619.0,635.0,715.0,4,900.0
5.0,17.0,86.0,290.0,635.0,715.0,4,900.0
5.0,17.0,86.0,108.0,290.0,328.0,4,715.0
5.0,17.0,108.0,135.0,290.0,328.0,4,715.0
5.0,17.0,86.0,108.0,135.0,290.0,4,328.0
5.0,17.0,108.0,135.0,290.0,328.0,4,715.0
5.0,17.0,108.0,135.0,290.0,328.0,4,715.0
5.0,17.0,108.0,135.0,290.0,328.0,4,715.0
5.0,17.0,86.0,108.0,135.0,328.0,4,619.0
5.0,17.0,86.0,108.0,135.0,328.0,4,619.0
5.0,32.0,34.0,44.0,241.0,426.0,4,484.0
5.0,32.0,34.0,241.0,302.0,426.0,4,484.0
5.0,32.0,241.0,302.0,346.0,426.0,4,627.0
5.0,32.0,44.0,302.0,346.0,624.0,4,627.0
5.0,32.0,44.0,302.0,346.0,624.0,4,627.0
5.0,32.0,34.0,44.0,241.0,484.0,4,624.0
5.0,32.0,34.0,241.0,346.0,426.0,4,624.0
5.0,32.0,34.0,44.0,241.0,426.0,4,484.0
5.0,32.0,34.0,44.0,241.0,484.0,4,624.0
5.0,32.0,34.0,44.0,241.0,426.0,4,484.0
5.0,32.0,44.0,241.0,302.0,426.0,4,484.0
5.0,17.0,108.0,135.0,290.0,328.0,4,715.0
5.0,17.0,86.0,135.0,619.0,635.0,4,715.0
5.0,17.0,108.0,135.0,290.0,328.0,4,635.0
5.0,17.0,108.0,135.0,290.0,328.0,4,715.0
5.0,17.0,108.0,135.0,290.0,635.0,4,715.0
5.0,17.0,86.0,135.0,290.0,635.0,4,715.0
5.0,17.0,86.0,135.0,328.0,635.0,4,715.0
5.0,10.0,234.0,278.0,285.0,591.0,4,740.0
5.0,10.0,111.0,234.0,278.0,591.0,4,740.0
5.0,10.0,111.0,234.0,278.0,285.0,4,740.0
5.0,10.0,111.0,278.0,285.0,591.0,4,740.0
5.0,10.0,111.0,278.0,285.0,591.0,4,740.0
5.0,10.0,52.0,234.0,285.0,591.0,4,740.0
5.0,10.0,111.0,234.0,278.0,591.0,4,740.0
5.0,10.0,111.0,234.0,278.0,591.0,4,740.0
5.0,28.0,497.0,608.0,754.0,822.0,4,1016.0
5.0,28.0,418.0,608.0,754.0,822.0,4,1016.0
5.0,28.0,598.0,608.0,754.0,822.0,4,1016.0
5.0,28.0,497.0,608.0,754.0,822.0,4,1016.0
5.0,28.0,418.0,608.0,754.0,822.0,4,1016.0
5.0,17.0,86.0,310.0,328.0,715.0,4,731.0
5.0,17.0,86.0,108.0,310.0,635.0,4,715.0
5.0,17.0,108.0,135.0,310.0,635.0,4,715.0
5.0,17.0,135.0,290.0,328.0,715.0,4,731.0
5.0,17.0,135.0,290.0,328.0,715.0,4,731.0
5.0,17.0,108.0,135.0,310.0,328.0,4,731.0
5.0,17.0,108.0,135.0,290.0,328.0,4,731.0
5.0,17.0,86.0,290.0,635.0,715.0,4,731.0
5.0,17.0,108.0,135.0,290.0,328.0,4,731.0
5.0,17.0,108.0,290.0,328.0,635.0,4,731.0
5.0,17.0,108.0,135.0,290.0,328.0,4,731.0
5.0,17.0,108.0,328.0,635.0,715.0,4,900.0
5.0,17.0,108.0,135.0,328.0,715.0,4,900.0
5.0,23.0,80.0,136.0,388.0,613.0,4,994.0
5.0,23.0,400.0,529.0,613.0,713.0,4,925.0
5.0,23.0,80.0,136.0,613.0,925.0,4,994.0
5.0,23.0,80.0,388.0,400.0,613.0,4,994.0
5.0,23.0,80.0,136.0,388.0,925.0,4,994.0
5.0,23.0,136.0,400.0,529.0,713.0,4,925.0
5.0,23.0,388.0,400.0,529.0,613.0,4,925.0
5.0,23.0,80.0,136.0,388.0,400.0,4,994.0
5.0,17.0,108.0,290.0,310.0,635.0,4,731.0
5.0,17.0,108.0,619.0,635.0,715.0,4,731.0
5.0,17.0,86.0,619.0,635.0,715.0,4,731.0
5.0,17.0,86.0,108.0,310.0,619.0,4,715.0
5.0,17.0,86.0,108.0,310.0,619.0,4,715.0
5.0,17.0,86.0,310.0,619.0,715.0,4,731.0
5.0,17.0,108.0,290.0,635.0,715.0,4,731.0
5.0,6.0,30.0,55.0,61.0,606.0,4,980.0
5.0,6.0,30.0,55.0,61.0,606.0,4,980.0
5.0,6.0,30.0,55.0,61.0,606.0,4,980.0
5.0,6.0,30.0,55.0,61.0,606.0,4,980.0
5.0,6.0,280.0,626.0,644.0,769.0,4,873.0
5.0,17.0,108.0,290.0,328.0,635.0,4,731.0
5.0,17.0,108.0,290.0,328.0,635.0,4,731.0
5.0,17.0,108.0,310.0,328.0,635.0,4,731.0
5.0,17.0,108.0,290.0,328.0,715.0,4,900.0
5.0,17.0,108.0,290.0,328.0,635.0,4,731.0
5.0,17.0,108.0,290.0,328.0,635.0,4,731.0
5.0,17.0,86.0,108.0,290.0,328.0,4,715.0
5.0,17.0,108.0,290.0,328.0,715.0,4,731.0
5.0,34.0,167.0,436.0,517.0,583.0,4,906.0
5.0,34.0,139.0,436.0,506.0,583.0,4,847.0
5.0,34.0,139.0,436.0,506.0,517.0,4,583.0
5.0,34.0,139.0,167.0,506.0,517.0,4,583.0
5.0,34.0,139.0,436.0,506.0,517.0,4,583.0
5.0,34.0,139.0,436.0,506.0,517.0,4,583.0
5.0,34.0,116.0,167.0,436.0,506.0,4,517.0
5.0,34.0,116.0,139.0,436.0,517.0,4,847.0
5.0,34.0,139.0,436.0,506.0,583.0,4,847.0
5.0,34.0,116.0,139.0,167.0,847.0,4,906.0
5.0,17.0,108.0,310.0,328.0,635.0,4,731.0
5.0,17.0,108.0,310.0,328.0,635.0,4,731.0
5.0,17.0,86.0,328.0,619.0,715.0,4,900.0
5.0,17.0,86.0,328.0,619.0,715.0,4,900.0
5.0,17.0,86.0,310.0,328.0,715.0,4,900.0
5.0,17.0,108.0,310.0,328.0,635.0,4,731.0
5.0,17.0,108.0,310.0,328.0,635.0,4,731.0
5.0,17.0,86.0,108.0,619.0,635.0,4,715.0
5.0,17.0,108.0,310.0,328.0,635.0,4,731.0
5.0,17.0,108.0,310.0,328.0,731.0,4,900.0
5.0,17.0,108.0,328.0,508.0,715.0,4,731.0
5.0,17.0,86.0,508.0,509.0,715.0,4,731.0
5.0,17.0,86.0,310.0,509.0,715.0,4,900.0
5.0,17.0,108.0,310.0,328.0,715.0,4,731.0
5.0,17.0,108.0,328.0,509.0,715.0,4,731.0
5.0,17.0,108.0,328.0,509.0,715.0,4,731.0
5.0,17.0,86.0,509.0,619.0,715.0,4,731.0
5.0,17.0,108.0,310.0,328.0,715.0,4,731.0
5.0,17.0,86.0,108.0,135.0,310.0,4,328.0
5.0,17.0,86.0,108.0,310.0,328.0,4,715.0
5.0,17.0,86.0,290.0,310.0,715.0,4,731.0
5.0,17.0,108.0,290.0,328.0,715.0,4,731.0
5.0,17.0,108.0,135.0,328.0,619.0,4,731.0
5.0,17.0,108.0,135.0,328.0,619.0,4,731.0
5.0,17.0,108.0,135.0,290.0,328.0,4,731.0
5.0,17.0,108.0,135.0,290.0,328.0,4,731.0
5.0,17.0,86.0,310.0,619.0,715.0,4,731.0
5.0,17.0,86.0,310.0,619.0,715.0,4,731.0
5.0,17.0,86.0,108.0,310.0,619.0,4,715.0
5.0,17.0,86.0,108.0,310.0,619.0,4,715.0
5.0,17.0,86.0,108.0,310.0,619.0,4,715.0
5.0,17.0,86.0,108.0,310.0,619.0,4,715.0
5.0,17.0,86.0,508.0,509.0,900.0,4,958.0
5.0,17.0,86.0,108.0,310.0,635.0,4,715.0
5.0,17.0,86.0,310.0,635.0,715.0,4,731.0
5.0,17.0,86.0,619.0,635.0,715.0,4,731.0
5.0,17.0,86.0,135.0,619.0,715.0,4,731.0
5.0,17.0,108.0,135.0,310.0,715.0,4,731.0
5.0,17.0,108.0,135.0,328.0,635.0,4,731.0
5.0,17.0,108.0,619.0,635.0,715.0,4,731.0
5.0,9.0,109.0,366.0,452.0,845.0,4,941.0
5.0,9.0,81.0,366.0,510.0,941.0,4,1019.0
5.0,9.0,81.0,85.0,204.0,510.0,4,1019.0
5.0,9.0,81.0,109.0,204.0,366.0,4,452.0
5.0,9.0,81.0,109.0,204.0,366.0,4,452.0
5.0,9.0,81.0,109.0,366.0,452.0,4,941.0
5.0,9.0,81.0,109.0,204.0,366.0,4,452.0
5.0,9.0,81.0,109.0,204.0,366.0,4,510.0
5.0,17.0,86.0,310.0,619.0,635.0,4,731.0
5.0,17.0,86.0,310.0,619.0,635.0,4,731.0
5.0,17.0,108.0,290.0,328.0,715.0,4,731.0
5.0,17.0,108.0,290.0,619.0,635.0,4,731.0
5.0,17.0,108.0,135.0,290.0,619.0,4,635.0
5.0,17.0,108.0,135.0,290.0,328.0,4,731.0
5.0,17.0,108.0,135.0,290.0,310.0,4,731.0
5.0,17.0,108.0,135.0,619.0,635.0,4,715.0
5.0,17.0,108.0,328.0,619.0,715.0,4,731.0
5.0,34.0,139.0,436.0,506.0,517.0,4,583.0
5.0,34.0,139.0,432.0,506.0,517.0,4,747.0
5.0,34.0,139.0,432.0,695.0,747.0,4,906.0
5.0,34.0,139.0,432.0,695.0,747.0,4,906.0
5.0,34.0,436.0,506.0,517.0,583.0,4,733.0
5.0,34.0,116.0,436.0,517.0,733.0,4,906.0
5.0,34.0,167.0,436.0,506.0,517.0,4,583.0
5.0,34.0,167.0,436.0,506.0,517.0,4,583.0
5.0,34.0,436.0,506.0,517.0,695.0,4,747.0
5.0,34.0,139.0,436.0,506.0,695.0,4,747.0
5.0,34.0,139.0,432.0,695.0,747.0,4,906.0
5.0,34.0,139.0,432.0,695.0,747.0,4,906.0
5.0,34.0,432.0,506.0,517.0,695.0,4,747.0
5.0,12.0,216.0,237.0,350.0,788.0,4,856.0
5.0,12.0,216.0,350.0,624.0,856.0,4,986.0
5.0,12.0,201.0,237.0,350.0,624.0,4,633.0
5.0,12.0,216.0,237.0,350.0,624.0,4,856.0
5.0,12.0,216.0,237.0,350.0,624.0,4,633.0
5.0,12.0,216.0,237.0,350.0,788.0,4,856.0
5.0,12.0,201.0,350.0,624.0,633.0,4,986.0
5.0,12.0,0.0,216.0,624.0,633.0,4,986.0
5.0,12.0,216.0,237.0,350.0,788.0,4,856.0
5.0,12.0,216.0,237.0,350.0,788.0,4,856.0
5.0,17.0,86.0,108.0,290.0,635.0,4,715.0
5.0,17.0,108.0,290.0,328.0,635.0,4,900.0
5.0,17.0,108.0,290.0,328.0,635.0,4,731.0
5.0,17.0,310.0,328.0,635.0,731.0,4,900.0
5.0,17.0,108.0,290.0,328.0,635.0,4,731.0
5.0,17.0,108.0,290.0,328.0,635.0,4,731.0
5.0,17.0,86.0,108.0,310.0,715.0,4,958.0
5.0,17.0,86.0,108.0,310.0,715.0,4,958.0
5.0,17.0,86.0,509.0,715.0,731.0,4,958.0
5.0,17.0,108.0,310.0,328.0,715.0,4,731.0
5.0,17.0,108.0,310.0,328.0,715.0,4,731.0
5.0,17.0,86.0,108.0,310.0,328.0,4,715.0
5.0,17.0,108.0,310.0,328.0,715.0,4,731.0
5.0,17.0,108.0,509.0,619.0,715.0,4,900.0
5.0,17.0,86.0,508.0,619.0,715.0,4,900.0
5.0,17.0,86.0,508.0,619.0,715.0,4,958.0
5.0,17.0,310.0,509.0,715.0,900.0,4,958.0
5.0,17.0,108.0,508.0,619.0,715.0,4,900.0
5.0,17.0,86.0,108.0,509.0,619.0,4,958.0
5.0,17.0,86.0,108.0,619.0,900.0,4,958.0
5.0,1.0,78.0,106.0,577.0,790.0,4,808.0
5.0,1.0,78.0,106.0,577.0,711.0,4,808.0
5.0,1.0,78.0,106.0,711.0,808.0,4,867.0
5.0,1.0,297.0,586.0,682.0,867.0,4,876.0
5.0,1.0,297.0,577.0,682.0,808.0,4,885.0
5.0,1.0,78.0,106.0,790.0,808.0,4,885.0
5.0,1.0,78.0,297.0,401.0,867.0,4,876.0
5.0,1.0,78.0,297.0,401.0,867.0,4,876.0
5.0,29.0,173.0,242.0,505.0,670.0,4,990.0
5.0,29.0,242.0,397.0,485.0,505.0,4,990.0
5.0,29.0,397.0,456.0,485.0,670.0,4,971.0
5.0,29.0,173.0,392.0,485.0,670.0,4,971.0
5.0,29.0,173.0,392.0,485.0,971.0,4,990.0
5.0,29.0,173.0,456.0,505.0,670.0,4,990.0
5.0,29.0,173.0,397.0,505.0,670.0,4,990.0
5.0,29.0,397.0,456.0,485.0,505.0,4,990.0
5.0,29.0,242.0,397.0,485.0,670.0,4,971.0
5.0,29.0,173.0,397.0,505.0,670.0,4,990.0
5.0,28.0,160.0,353.0,418.0,598.0,4,1016.0
5.0,28.0,418.0,598.0,608.0,754.0,4,822.0
5.0,28.0,353.0,608.0,665.0,822.0,4,1016.0
5.0,28.0,353.0,608.0,665.0,822.0,4,1016.0
5.0,28.0,353.0,608.0,665.0,822.0,4,1016.0
5.0,28.0,353.0,608.0,665.0,822.0,4,1016.0
5.0,28.0,353.0,608.0,665.0,754.0,4,822.0
5.0,28.0,353.0,608.0,665.0,754.0,4,822.0
5.0,28.0,191.0,353.0,418.0,598.0,4,754.0
5.0,28.0,598.0,608.0,754.0,822.0,4,1016.0
5.0,28.0,353.0,418.0,608.0,665.0,4,754.0
5.0,28.0,353.0,418.0,608.0,665.0,4,754.0
5.0,29.0,173.0,397.0,505.0,670.0,4,990.0
5.0,29.0,397.0,456.0,485.0,505.0,4,670.0
5.0,29.0,397.0,456.0,485.0,670.0,4,971.0
5.0,29.0,173.0,242.0,485.0,505.0,4,990.0
5.0,29.0,173.0,242.0,505.0,670.0,4,990.0
5.0,29.0,173.0,242.0,505.0,670.0,4,990.0
5.0,29.0,173.0,242.0,505.0,670.0,4,990.0
5.0,29.0,397.0,456.0,485.0,505.0,4,670.0
5.0,29.0,173.0,242.0,485.0,670.0,4,990.0
5.0,29.0,173.0,397.0,485.0,670.0,4,990.0
5.0,29.0,173.0,242.0,505.0,670.0,4,990.0
5.0,29.0,242.0,456.0,485.0,670.0,4,990.0
5.0,29.0,242.0,456.0,505.0,670.0,4,990.0
5.0,29.0,173.0,283.0,456.0,670.0,4,990.0
5.0,29.0,242.0,283.0,456.0,670.0,4,990.0
5.0,29.0,173.0,283.0,456.0,485.0,4,990.0
5.0,29.0,173.0,242.0,485.0,670.0,4,990.0
5.0,29.0,173.0,456.0,505.0,670.0,4,990.0
5.0,29.0,456.0,485.0,505.0,670.0,4,971.0
5.0,29.0,173.0,397.0,485.0,505.0,4,990.0
5.0,29.0,173.0,397.0,505.0,670.0,4,990.0
5.0,29.0,456.0,485.0,505.0,670.0,4,971.0
5.0,29.0,338.0,392.0,456.0,485.0,4,971.0
5.0,29.0,173.0,338.0,456.0,485.0,4,670.0
5.0,29.0,173.0,397.0,505.0,670.0,4,990.0
5.0,29.0,173.0,397.0,505.0,670.0,4,990.0
5.0,15.0,218.0,473.0,659.0,860.0,4,960.0
5.0,15.0,659.0,714.0,860.0,872.0,4,960.0
5.0,15.0,659.0,714.0,764.0,860.0,4,872.0
5.0,15.0,659.0,714.0,764.0,802.0,4,872.0
5.0,15.0,659.0,714.0,860.0,872.0,4,960.0
5.0,15.0,659.0,714.0,860.0,872.0,4,960.0
5.0,15.0,659.0,714.0,860.0,872.0,4,960.0
5.0,15.0,473.0,659.0,764.0,802.0,4,872.0
5.0,15.0,473.0,528.0,764.0,802.0,4,872.0
5.0,29.0,242.0,283.0,485.0,505.0,4,990.0
5.0,29.0,283.0,392.0,397.0,505.0,4,670.0
5.0,29.0,242.0,397.0,505.0,670.0,4,990.0
5.0,29.0,397.0,456.0,505.0,670.0,4,990.0
5.0,29.0,397.0,456.0,505.0,670.0,4,990.0
5.0,29.0,397.0,456.0,505.0,670.0,4,990.0
5.0,26.0,333.0,488.0,634.0,759.0,4,948.0
5.0,26.0,333.0,536.0,634.0,759.0,4,948.0
5.0,26.0,333.0,536.0,634.0,914.0,4,948.0
5.0,26.0,40.0,315.0,333.0,536.0,4,948.0
5.0,26.0,40.0,315.0,333.0,536.0,4,634.0
5.0,26.0,40.0,315.0,488.0,536.0,4,759.0
5.0,26.0,40.0,315.0,488.0,536.0,4,759.0
5.0,26.0,315.0,333.0,488.0,536.0,4,948.0
5.0,26.0,333.0,488.0,634.0,759.0,4,948.0
5.0,26.0,333.0,488.0,634.0,759.0,4,948.0
5.0,32.0,44.0,57.0,416.0,426.0,4,624.0
5.0,32.0,57.0,302.0,426.0,624.0,4,627.0
5.0,32.0,34.0,44.0,426.0,524.0,4,624.0
5.0,32.0,34.0,44.0,241.0,524.0,4,817.0
5.0,32.0,34.0,44.0,241.0,426.0,4,524.0
5.0,32.0,34.0,44.0,241.0,426.0,4,524.0
5.0,32.0,34.0,241.0,426.0,524.0,4,624.0
5.0,11.0,145.0,580.0,602.0,638.0,4,874.0
5.0,11.0,145.0,150.0,580.0,602.0,4,874.0
5.0,11.0,145.0,150.0,359.0,580.0,4,638.0
5.0,11.0,145.0,580.0,602.0,638.0,4,874.0
5.0,11.0,145.0,359.0,602.0,784.0,4,874.0
5.0,11.0,145.0,359.0,520.0,602.0,4,784.0
5.0,11.0,150.0,359.0,520.0,580.0,4,784.0
5.0,11.0,150.0,580.0,602.0,638.0,4,874.0
5.0,11.0,145.0,580.0,602.0,638.0,4,874.0
5.0,7.0,112.0,250.0,277.0,451.0,4,902.0
5.0,7.0,386.0,451.0,455.0,609.0,4,1005.0
5.0,7.0,386.0,455.0,609.0,846.0,4,1005.0
5.0,7.0,386.0,455.0,609.0,846.0,4,1005.0
5.0,7.0,105.0,277.0,455.0,846.0,4,1005.0
5.0,7.0,105.0,250.0,277.0,451.0,4,1005.0
5.0,7.0,112.0,250.0,277.0,451.0,4,902.0
5.0,7.0,112.0,250.0,277.0,455.0,4,902.0
5.0,7.0,250.0,386.0,455.0,609.0,4,902.0
5.0,7.0,386.0,451.0,455.0,609.0,4,1005.0
5.0,7.0,386.0,455.0,609.0,846.0,4,1005.0
5.0,7.0,455.0,609.0,846.0,1005.0,4,1033.0
5.0,7.0,105.0,115.0,846.0,1005.0,4,1033.0
5.0,7.0,105.0,115.0,846.0,1005.0,4,1033.0
5.0,18.0,579.0,642.0,758.0,834.0,4,1015.0
5.0,18.0,579.0,642.0,758.0,1013.0,4,1015.0
5.0,18.0,62.0,64.0,260.0,834.0,4,1013.0
5.0,18.0,226.0,579.0,642.0,834.0,4,1015.0
5.0,18.0,579.0,642.0,758.0,1013.0,4,1015.0
5.0,18.0,579.0,642.0,758.0,1013.0,4,1015.0
5.0,18.0,64.0,579.0,642.0,834.0,4,1013.0
5.0,18.0,64.0,579.0,642.0,834.0,4,1013.0
5.0,18.0,64.0,579.0,642.0,834.0,4,1013.0
5.0,29.0,242.0,456.0,505.0,670.0,4,990.0
5.0,29.0,397.0,456.0,505.0,670.0,4,990.0
5.0,29.0,283.0,338.0,397.0,670.0,4,990.0
5.0,29.0,283.0,338.0,397.0,670.0,4,990.0
5.0,29.0,242.0,283.0,338.0,485.0,4,670.0
5.0,29.0,338.0,392.0,456.0,971.0,4,990.0
5.0,29.0,242.0,338.0,392.0,670.0,4,990.0
5.0,29.0,242.0,338.0,392.0,670.0,4,990.0
5.0,15.0,659.0,684.0,714.0,860.0,4,960.0
5.0,15.0,659.0,684.0,714.0,764.0,4,802.0
5.0,15.0,528.0,534.0,659.0,764.0,4,802.0
5.0,15.0,534.0,684.0,764.0,802.0,4,860.0
5.0,15.0,659.0,684.0,714.0,860.0,4,960.0
5.0,15.0,659.0,684.0,714.0,860.0,4,960.0
5.0,15.0,218.0,659.0,714.0,860.0,4,960.0
5.0,15.0,218.0,659.0,714.0,764.0,4,860.0
5.0,15.0,218.0,659.0,714.0,764.0,4,860.0
5.0,15.0,218.0,473.0,659.0,764.0,4,860.0
5.0,15.0,218.0,473.0,684.0,764.0,4,860.0
5.0,15.0,218.0,473.0,684.0,764.0,4,802.0
5.0,15.0,218.0,473.0,684.0,764.0,4,802.0
5.0,28.0,353.0,598.0,608.0,822.0,4,1016.0
5.0,28.0,353.0,418.0,598.0,608.0,4,1016.0
5.0,28.0,191.0,353.0,418.0,754.0,4,761.0
5.0,28.0,191.0,353.0,418.0,754.0,4,761.0
5.0,28.0,418.0,608.0,665.0,822.0,4,1016.0
5.0,28.0,418.0,608.0,665.0,822.0,4,1016.0
5.0,28.0,353.0,418.0,608.0,822.0,4,1016.0
5.0,28.0,353.0,608.0,665.0,822.0,4,1016.0
5.0,28.0,353.0,598.0,608.0,822.0,4,1016.0
5.0,28.0,191.0,418.0,598.0,754.0,4,1016.0
5.0,28.0,191.0,418.0,598.0,754.0,4,1016.0
5.0,28.0,191.0,353.0,418.0,608.0,4,822.0
5.0,10.0,52.0,234.0,285.0,731.0,4,918.0
5.0,10.0,111.0,234.0,310.0,731.0,4,918.0
5.0,10.0,111.0,278.0,310.0,591.0,4,740.0
5.0,10.0,111.0,278.0,310.0,591.0,4,740.0
5.0,10.0,111.0,278.0,310.0,591.0,4,740.0
5.0,29.0,173.0,392.0,397.0,670.0,4,971.0
5.0,29.0,242.0,392.0,456.0,971.0,4,990.0
5.0,29.0,242.0,456.0,505.0,670.0,4,990.0
5.0,29.0,173.0,456.0,505.0,670.0,4,990.0
5.0,29.0,242.0,456.0,505.0,670.0,4,990.0
5.0,29.0,173.0,338.0,392.0,397.0,4,670.0
5.0,29.0,242.0,392.0,456.0,505.0,4,990.0
5.0,29.0,242.0,456.0,505.0,670.0,4,990.0
5.0,29.0,242.0,456.0,505.0,670.0,4,990.0
5.0,29.0,242.0,456.0,505.0,670.0,4,990.0
5.0,29.0,173.0,456.0,505.0,670.0,4,990.0
5.0,18.0,260.0,642.0,758.0,834.0,4,1015.0
5.0,18.0,260.0,642.0,758.0,834.0,4,1015.0
5.0,18.0,103.0,260.0,702.0,834.0,4,1015.0
5.0,18.0,64.0,396.0,702.0,758.0,4,834.0
5.0,18.0,64.0,396.0,702.0,758.0,4,834.0
5.0,18.0,64.0,702.0,758.0,834.0,4,1015.0
5.0,18.0,64.0,702.0,758.0,834.0,4,1015.0
5.0,18.0,260.0,396.0,702.0,758.0,4,834.0
5.0,29.0,242.0,392.0,456.0,505.0,4,990.0
5.0,29.0,283.0,456.0,485.0,670.0,4,990.0
5.0,29.0,242.0,338.0,505.0,670.0,4,990.0
5.0,29.0,173.0,338.0,392.0,505.0,4,670.0
5.0,29.0,242.0,283.0,338.0,670.0,4,990.0
5.0,4.0,126.0,487.0,646.0,853.0,4,936.0
5.0,4.0,134.0,487.0,504.0,601.0,4,646.0
5.0,4.0,126.0,487.0,646.0,853.0,4,936.0
5.0,4.0,126.0,646.0,768.0,853.0,4,936.0
5.0,4.0,504.0,601.0,646.0,768.0,4,936.0
5.0,4.0,134.0,487.0,504.0,601.0,4,646.0
5.0,23.0,33.0,382.0,472.0,613.0,4,994.0
5.0,23.0,382.0,388.0,440.0,713.0,4,925.0
5.0,23.0,33.0,472.0,613.0,925.0,4,994.0
5.0,23.0,33.0,472.0,613.0,925.0,4,994.0
5.0,23.0,33.0,382.0,472.0,613.0,4,994.0
5.0,23.0,382.0,440.0,472.0,613.0,4,994.0
5.0,23.0,382.0,440.0,472.0,613.0,4,994.0
5.0,23.0,388.0,440.0,613.0,925.0,4,994.0
5.0,23.0,33.0,388.0,440.0,713.0,4,925.0
5.0,23.0,440.0,481.0,713.0,925.0,4,959.0
5.0,9.0,81.0,85.0,204.0,510.0,4,845.0
5.0,9.0,81.0,85.0,204.0,510.0,4,845.0
5.0,9.0,109.0,366.0,452.0,845.0,4,941.0
5.0,9.0,109.0,366.0,452.0,845.0,4,941.0
5.0,9.0,109.0,366.0,452.0,845.0,4,941.0
5.0,9.0,81.0,366.0,510.0,845.0,4,941.0
5.0,9.0,81.0,85.0,109.0,510.0,4,845.0
5.0,9.0,81.0,85.0,109.0,366.0,4,941.0
5.0,9.0,85.0,109.0,366.0,845.0,4,941.0
5.0,9.0,85.0,109.0,366.0,845.0,4,941.0
5.0,6.0,30.0,769.0,809.0,867.0,4,980.0
5.0,6.0,30.0,55.0,769.0,809.0,4,980.0
5.0,6.0,55.0,606.0,769.0,809.0,4,980.0
5.0,6.0,55.0,606.0,769.0,809.0,4,980.0
5.0,6.0,30.0,55.0,606.0,769.0,4,887.0
5.0,6.0,30.0,55.0,606.0,809.0,4,867.0
5.0,6.0,30.0,55.0,606.0,809.0,4,980.0
5.0,6.0,30.0,606.0,809.0,887.0,4,980.0
5.0,16.0,155.0,296.0,495.0,623.0,4,674.0
5.0,16.0,155.0,719.0,763.0,895.0,4,996.0
5.0,16.0,155.0,296.0,623.0,674.0,4,719.0
5.0,16.0,296.0,495.0,623.0,674.0,4,719.0
5.0,16.0,296.0,495.0,623.0,674.0,4,719.0
5.0,16.0,296.0,495.0,623.0,674.0,4,719.0
5.0,16.0,495.0,623.0,674.0,895.0,4,996.0
5.0,16.0,155.0,719.0,763.0,895.0,4,996.0
5.0,16.0,155.0,296.0,763.0,895.0,4,996.0
5.0,16.0,155.0,296.0,623.0,763.0,4,996.0
5.0,34.0,167.0,404.0,506.0,753.0,4,975.0
5.0,34.0,404.0,506.0,753.0,814.0,4,847.0
5.0,34.0,506.0,517.0,583.0,814.0,4,847.0
5.0,34.0,517.0,583.0,847.0,906.0,4,975.0
5.0,34.0,506.0,517.0,583.0,753.0,4,975.0
5.0,34.0,167.0,404.0,506.0,753.0,4,814.0
5.0,29.0,242.0,392.0,456.0,670.0,4,990.0
5.0,29.0,242.0,392.0,397.0,670.0,4,990.0
5.0,29.0,173.0,338.0,397.0,485.0,4,505.0
5.0,29.0,173.0,338.0,397.0,485.0,4,505.0
5.0,29.0,173.0,397.0,505.0,670.0,4,990.0
5.0,29.0,338.0,379.0,392.0,456.0,4,990.0
5.0,14.0,48.0,254.0,592.0,700.0,4,786.0
5.0,14.0,49.0,688.0,786.0,922.0,4,983.0
5.0,14.0,48.0,49.0,688.0,922.0,4,983.0
5.0,14.0,48.0,254.0,592.0,700.0,4,786.0
5.0,14.0,592.0,700.0,786.0,922.0,4,983.0
5.0,14.0,48.0,592.0,688.0,922.0,4,983.0
5.0,27.0,363.0,662.0,680.0,897.0,4,924.0
5.0,27.0,146.0,363.0,439.0,842.0,4,924.0
5.0,27.0,146.0,363.0,439.0,662.0,4,924.0
5.0,27.0,146.0,363.0,439.0,662.0,4,924.0
5.0,27.0,146.0,363.0,439.0,662.0,4,924.0
5.0,27.0,439.0,680.0,842.0,886.0,4,897.0
5.0,27.0,439.0,680.0,842.0,886.0,4,897.0
5.0,27.0,146.0,363.0,439.0,662.0,4,924.0
5.0,29.0,173.0,392.0,456.0,670.0,4,990.0
5.0,29.0,173.0,392.0,505.0,670.0,4,990.0
5.0,29.0,173.0,392.0,505.0,670.0,4,990.0
5.0,29.0,392.0,456.0,505.0,670.0,4,990.0
5.0,29.0,283.0,456.0,485.0,670.0,4,990.0
5.0,29.0,283.0,456.0,485.0,670.0,4,990.0
5.0,29.0,283.0,456.0,485.0,505.0,4,670.0
5.0,29.0,173.0,456.0,505.0,670.0,4,990.0
5.0,29.0,242.0,283.0,392.0,670.0,4,990.0
5.0,29.0,242.0,283.0,392.0,670.0,4,990.0
5.0,29.0,392.0,456.0,505.0,670.0,4,990.0
5.0,29.0,173.0,338.0,456.0,485.0,4,505.0
5.0,29.0,173.0,338.0,456.0,485.0,4,505.0
5.0,29.0,173.0,242.0,338.0,670.0,4,990.0
5.0,29.0,242.0,283.0,392.0,670.0,4,990.0
5.0,29.0,173.0,338.0,456.0,485.0,4,505.0
5.0,29.0,242.0,338.0,456.0,485.0,4,505.0
5.0,29.0,242.0,338.0,456.0,485.0,4,990.0
5.0,29.0,242.0,283.0,338.0,485.0,4,990.0
5.0,29.0,173.0,283.0,338.0,485.0,4,505.0
5.0,29.0,173.0,338.0,456.0,485.0,4,505.0
5.0,29.0,173.0,338.0,485.0,505.0,4,990.0
5.0,29.0,173.0,338.0,485.0,505.0,4,990.0
5.0,29.0,242.0,338.0,485.0,505.0,4,670.0
5.0,29.0,242.0,338.0,485.0,505.0,4,670.0
5.0,29.0,242.0,338.0,392.0,397.0,4,990.0
5.0,29.0,242.0,338.0,397.0,485.0,4,505.0
5.0,29.0,242.0,392.0,456.0,670.0,4,990.0
5.0,29.0,242.0,392.0,670.0,971.0,4,990.0
5.0,29.0,173.0,338.0,485.0,505.0,4,670.0
5.0,29.0,242.0,392.0,456.0,670.0,4,990.0
5.0,29.0,242.0,392.0,456.0,670.0,4,990.0
5.0,29.0,242.0,392.0,456.0,670.0,4,990.0
5.0,29.0,242.0,392.0,456.0,670.0,4,990.0
5.0,29.0,173.0,338.0,392.0,456.0,4,505.0
5.0,29.0,173.0,338.0,392.0,456.0,4,505.0
5.0,29.0,242.0,392.0,505.0,670.0,4,990.0
5.0,29.0,242.0,392.0,456.0,505.0,4,670.0
5.0,29.0,242.0,283.0,392.0,670.0,4,987.0
5.0,29.0,173.0,283.0,392.0,670.0,4,987.0
5.0,29.0,456.0,485.0,505.0,670.0,4,971.0
5.0,29.0,242.0,392.0,456.0,505.0,4,670.0
5.0,29.0,242.0,392.0,456.0,505.0,4,670.0
5.0,29.0,173.0,283.0,392.0,670.0,4,971.0
5.0,29.0,242.0,456.0,505.0,670.0,4,971.0
5.0,29.0,379.0,485.0,670.0,971.0,4,987.0
5.0,29.0,242.0,392.0,456.0,505.0,4,670.0
5.0,29.0,173.0,392.0,456.0,505.0,4,670.0
5.0,29.0,173.0,283.0,485.0,505.0,4,670.0
5.0,29.0,173.0,283.0,485.0,505.0,4,971.0
5.0,29.0,242.0,283.0,392.0,670.0,4,971.0
5.0,29.0,242.0,392.0,456.0,505.0,4,670.0
5.0,29.0,173.0,392.0,456.0,505.0,4,670.0
5.0,29.0,173.0,392.0,456.0,505.0,4,670.0
5.0,29.0,173.0,392.0,456.0,670.0,4,971.0
5.0,29.0,173.0,283.0,485.0,670.0,4,971.0
5.0,29.0,173.0,283.0,485.0,971.0,4,987.0
5.0,29.0,242.0,392.0,456.0,505.0,4,670.0
5.0,29.0,242.0,392.0,456.0,505.0,4,670.0
5.0,29.0,173.0,392.0,456.0,505.0,4,670.0
5.0,29.0,173.0,392.0,456.0,505.0,4,670.0
5.0,29.0,173.0,283.0,670.0,971.0,4,990.0
5.0,29.0,173.0,283.0,485.0,971.0,4,990.0
5.0,29.0,242.0,456.0,505.0,670.0,4,990.0
5.0,29.0,242.0,392.0,456.0,505.0,4,670.0
5.0,29.0,379.0,456.0,505.0,670.0,4,990.0
5.0,29.0,242.0,392.0,456.0,670.0,4,990.0
5.0,10.0,234.0,285.0,475.0,591.0,4,740.0
5.0,10.0,234.0,285.0,591.0,712.0,4,740.0
5.0,10.0,111.0,147.0,278.0,560.0,4,829.0
5.0,10.0,111.0,234.0,591.0,740.0,4,829.0
5.0,10.0,111.0,234.0,285.0,591.0,4,740.0
5.0,10.0,147.0,234.0,285.0,475.0,4,591.0
5.0,10.0,111.0,234.0,278.0,591.0,4,829.0
5.0,10.0,111.0,147.0,234.0,278.0,4,829.0
5.0,10.0,111.0,147.0,234.0,591.0,4,829.0
5.0,11.0,145.0,150.0,359.0,665.0,4,784.0
5.0,11.0,145.0,150.0,359.0,665.0,4,784.0
5.0,11.0,145.0,188.0,299.0,638.0,4,874.0
5.0,11.0,145.0,188.0,359.0,638.0,4,874.0
5.0,11.0,150.0,188.0,299.0,638.0,4,874.0
5.0,11.0,145.0,150.0,299.0,638.0,4,665.0
5.0,11.0,145.0,188.0,359.0,638.0,4,784.0
5.0,29.0,242.0,392.0,456.0,670.0,4,990.0
5.0,29.0,242.0,392.0,456.0,670.0,4,990.0
5.0,29.0,173.0,283.0,485.0,670.0,4,990.0
5.0,29.0,242.0,338.0,456.0,485.0,4,945.0
5.0,29.0,242.0,392.0,670.0,945.0,4,971.0
5.0,29.0,242.0,392.0,670.0,945.0,4,971.0
5.0,29.0,173.0,485.0,670.0,945.0,4,971.0
5.0,29.0,283.0,338.0,456.0,945.0,4,990.0
5.0,29.0,283.0,338.0,456.0,945.0,4,990.0
5.0,29.0,283.0,338.0,456.0,945.0,4,990.0
5.0,29.0,242.0,392.0,456.0,945.0,4,990.0
5.0,29.0,242.0,456.0,485.0,945.0,4,990.0
5.0,29.0,242.0,456.0,485.0,945.0,4,990.0
5.0,29.0,173.0,379.0,485.0,945.0,4,990.0
5.0,29.0,173.0,338.0,392.0,456.0,4,945.0
5.0,29.0,173.0,392.0,456.0,945.0,4,990.0
5.0,29.0,242.0,283.0,338.0,392.0,4,990.0
5.0,29.0,283.0,338.0,379.0,485.0,4,990.0
5.0,29.0,283.0,379.0,485.0,945.0,4,990.0
5.0,29.0,283.0,379.0,485.0,945.0,4,990.0
5.0,29.0,242.0,392.0,456.0,945.0,4,990.0
5.0,29.0,242.0,392.0,456.0,945.0,4,990.0
5.0,29.0,173.0,242.0,392.0,945.0,4,971.0
5.0,29.0,173.0,242.0,485.0,945.0,4,990.0
5.0,29.0,242.0,338.0,392.0,456.0,4,990.0
5.0,29.0,173.0,338.0,392.0,456.0,4,990.0
5.0,29.0,173.0,338.0,392.0,456.0,4,990.0
5.0,29.0,173.0,338.0,392.0,456.0,4,990.0
5.0,29.0,173.0,392.0,456.0,485.0,4,945.0
5.0,29.0,173.0,392.0,456.0,485.0,4,945.0
5.0,29.0,173.0,392.0,456.0,485.0,4,945.0
5.0,13.0,91.0,137.0,164.0,238.0,4,811.0
5.0,13.0,91.0,137.0,164.0,575.0,4,811.0
5.0,13.0,91.0,319.0,575.0,753.0,4,811.0
5.0,13.0,91.0,319.0,575.0,753.0,4,811.0
5.0,13.0,97.0,164.0,575.0,753.0,4,811.0
5.0,13.0,97.0,164.0,575.0,753.0,4,811.0
5.0,13.0,91.0,164.0,319.0,575.0,4,753.0
5.0,13.0,91.0,319.0,575.0,753.0,4,811.0
5.0,29.0,242.0,392.0,456.0,945.0,4,990.0
5.0,29.0,242.0,392.0,456.0,945.0,4,990.0
5.0,29.0,242.0,392.0,456.0,945.0,4,990.0
5.0,29.0,379.0,392.0,456.0,485.0,4,945.0
5.0,29.0,242.0,379.0,392.0,485.0,4,945.0
5.0,29.0,173.0,379.0,392.0,485.0,4,945.0
5.0,29.0,173.0,379.0,392.0,485.0,4,945.0
5.0,7.0,250.0,277.0,386.0,451.0,4,902.0
5.0,7.0,112.0,277.0,451.0,455.0,4,1005.0
5.0,7.0,105.0,250.0,455.0,902.0,4,1005.0
5.0,7.0,105.0,386.0,455.0,846.0,4,1005.0
5.0,7.0,105.0,455.0,846.0,1005.0,4,1033.0
5.0,7.0,105.0,277.0,451.0,846.0,4,1005.0
5.0,7.0,112.0,250.0,451.0,455.0,4,902.0
5.0,7.0,386.0,451.0,455.0,902.0,4,1005.0
5.0,7.0,105.0,386.0,455.0,846.0,4,1005.0
5.0,7.0,105.0,277.0,455.0,846.0,4,1005.0
5.0,7.0,105.0,250.0,277.0,455.0,4,1005.0
5.0,7.0,105.0,250.0,277.0,455.0,4,902.0
5.0,29.0,173.0,456.0,485.0,670.0,4,990.0
5.0,29.0,242.0,392.0,456.0,670.0,4,990.0
5.0,29.0,242.0,392.0,456.0,670.0,4,990.0
5.0,29.0,242.0,392.0,456.0,670.0,4,990.0
5.0,29.0,173.0,283.0,392.0,670.0,4,990.0
5.0,29.0,173.0,283.0,392.0,670.0,4,990.0
5.0,29.0,173.0,242.0,392.0,670.0,4,990.0
5.0,29.0,173.0,242.0,392.0,670.0,4,990.0
5.0,29.0,242.0,392.0,456.0,971.0,4,990.0
5.0,29.0,242.0,392.0,456.0,971.0,4,990.0
5.0,29.0,173.0,283.0,338.0,485.0,4,990.0
5.0,29.0,173.0,283.0,338.0,485.0,4,945.0
5.0,29.0,242.0,338.0,456.0,485.0,4,945.0
5.0,29.0,242.0,392.0,456.0,987.0,4,990.0
5.0,29.0,242.0,392.0,456.0,971.0,4,990.0
5.0,29.0,242.0,456.0,485.0,971.0,4,987.0
5.0,7.0,112.0,277.0,451.0,902.0,4,1005.0
5.0,7.0,105.0,115.0,250.0,455.0,4,609.0
5.0,7.0,112.0,277.0,451.0,846.0,4,902.0
5.0,7.0,112.0,277.0,451.0,846.0,4,902.0
5.0,7.0,277.0,451.0,455.0,609.0,4,902.0
5.0,7.0,277.0,451.0,455.0,902.0,4,1005.0
5.0,7.0,277.0,451.0,455.0,902.0,4,1005.0
5.0,7.0,105.0,115.0,250.0,455.0,4,1005.0
5.0,7.0,115.0,250.0,386.0,455.0,4,1005.0
5.0,7.0,115.0,250.0,386.0,455.0,4,1005.0
5.0,7.0,115.0,250.0,279.0,386.0,4,846.0
5.0,7.0,105.0,250.0,279.0,386.0,4,846.0
5.0,16.0,155.0,296.0,495.0,623.0,4,674.0
5.0,16.0,155.0,296.0,495.0,623.0,4,674.0
5.0,16.0,553.0,623.0,763.0,895.0,4,996.0
5.0,16.0,155.0,296.0,763.0,895.0,4,996.0
5.0,16.0,155.0,296.0,763.0,895.0,4,996.0
5.0,16.0,155.0,296.0,427.0,763.0,4,996.0
5.0,16.0,155.0,296.0,427.0,763.0,4,996.0
5.0,16.0,427.0,495.0,623.0,763.0,4,996.0
5.0,16.0,296.0,495.0,623.0,674.0,4,996.0
5.0,16.0,155.0,296.0,495.0,623.0,4,674.0
5.0,16.0,155.0,296.0,763.0,895.0,4,996.0
5.0,16.0,155.0,296.0,623.0,763.0,4,996.0
5.0,18.0,62.0,64.0,260.0,834.0,4,1013.0
5.0,18.0,62.0,64.0,260.0,834.0,4,1013.0
5.0,18.0,62.0,64.0,260.0,834.0,4,1013.0
5.0,18.0,62.0,579.0,702.0,834.0,4,1013.0
5.0,18.0,62.0,579.0,702.0,834.0,4,1013.0
5.0,18.0,62.0,64.0,579.0,642.0,4,1015.0
5.0,18.0,62.0,64.0,260.0,834.0,4,1013.0
5.0,18.0,62.0,64.0,260.0,834.0,4,1013.0
5.0,16.0,155.0,296.0,495.0,623.0,4,674.0
5.0,16.0,155.0,296.0,495.0,623.0,4,674.0
5.0,16.0,495.0,623.0,674.0,895.0,4,996.0
5.0,16.0,155.0,427.0,763.0,895.0,4,996.0
5.0,16.0,296.0,495.0,623.0,674.0,4,996.0
5.0,16.0,155.0,296.0,495.0,623.0,4,674.0
5.0,16.0,427.0,495.0,623.0,674.0,4,996.0
5.0,16.0,427.0,495.0,623.0,674.0,4,996.0
5.0,16.0,270.0,427.0,712.0,763.0,4,942.0
5.0,16.0,270.0,427.0,712.0,763.0,4,942.0
5.0,16.0,155.0,296.0,495.0,623.0,4,674.0
5.0,16.0,155.0,296.0,763.0,895.0,4,996.0
5.0,16.0,155.0,296.0,623.0,674.0,4,996.0
5.0,16.0,155.0,296.0,623.0,674.0,4,996.0
5.0,16.0,155.0,623.0,674.0,895.0,4,996.0
5.0,16.0,427.0,623.0,763.0,895.0,4,996.0
5.0,16.0,155.0,296.0,623.0,895.0,4,996.0
5.0,16.0,155.0,427.0,495.0,623.0,4,674.0
5.0,16.0,270.0,623.0,763.0,895.0,4,996.0
5.0,16.0,155.0,427.0,495.0,674.0,4,895.0
5.0,16.0,155.0,427.0,495.0,623.0,4,674.0
5.0,16.0,427.0,495.0,623.0,674.0,4,996.0
5.0,16.0,495.0,623.0,674.0,895.0,4,996.0
5.0,16.0,495.0,623.0,674.0,895.0,4,996.0
5.0,16.0,155.0,623.0,763.0,895.0,4,996.0
5.0,16.0,270.0,553.0,674.0,763.0,4,942.0
5.0,0.0,13.0,437.0,493.0,535.0,4,686.0
5.0,0.0,437.0,493.0,968.0,1007.0,4,1037.0
5.0,0.0,437.0,968.0,1007.0,1024.0,4,1037.0
5.0,0.0,13.0,465.0,535.0,686.0,4,1024.0
5.0,0.0,13.0,465.0,493.0,535.0,4,686.0
5.0,0.0,13.0,465.0,493.0,535.0,4,968.0
5.0,0.0,394.0,465.0,493.0,535.0,4,968.0
5.0,0.0,394.0,465.0,493.0,535.0,4,968.0
5.0,0.0,13.0,394.0,465.0,493.0,4,968.0
5.0,10.0,147.0,234.0,285.0,599.0,4,731.0
5.0,10.0,147.0,234.0,285.0,310.0,4,731.0
5.0,10.0,234.0,285.0,599.0,731.0,4,740.0
5.0,10.0,278.0,285.0,599.0,731.0,4,740.0
5.0,10.0,111.0,234.0,591.0,731.0,4,740.0
5.0,10.0,111.0,234.0,310.0,591.0,4,740.0
5.0,10.0,111.0,234.0,310.0,731.0,4,740.0
5.0,10.0,111.0,234.0,310.0,731.0,4,740.0
5.0,10.0,111.0,234.0,285.0,731.0,4,740.0
5.0,13.0,116.0,137.0,164.0,730.0,4,824.0
5.0,13.0,116.0,730.0,811.0,824.0,4,866.0
5.0,13.0,91.0,137.0,151.0,164.0,4,238.0
5.0,13.0,91.0,137.0,151.0,164.0,4,238.0
5.0,13.0,91.0,137.0,164.0,730.0,4,824.0
5.0,13.0,151.0,238.0,730.0,811.0,4,824.0
5.0,13.0,151.0,238.0,730.0,811.0,4,824.0
5.0,13.0,91.0,137.0,151.0,164.0,4,238.0
5.0,16.0,155.0,495.0,623.0,674.0,4,895.0
5.0,16.0,307.0,623.0,763.0,895.0,4,996.0
5.0,16.0,155.0,427.0,719.0,763.0,4,996.0
5.0,16.0,155.0,427.0,719.0,763.0,4,996.0
5.0,16.0,155.0,495.0,623.0,674.0,4,895.0
5.0,16.0,155.0,495.0,623.0,674.0,4,895.0
5.0,16.0,155.0,495.0,674.0,719.0,4,895.0
5.0,16.0,427.0,495.0,674.0,719.0,4,996.0
5.0,16.0,427.0,495.0,674.0,719.0,4,996.0
5.0,16.0,307.0,623.0,719.0,763.0,4,996.0
5.0,16.0,155.0,427.0,495.0,623.0,4,674.0
5.0,16.0,155.0,495.0,623.0,674.0,4,895.0
5.0,16.0,155.0,623.0,719.0,763.0,4,895.0
5.0,16.0,155.0,495.0,719.0,763.0,4,895.0
5.0,16.0,155.0,623.0,674.0,895.0,4,996.0
5.0,16.0,155.0,427.0,495.0,623.0,4,674.0
5.0,16.0,155.0,427.0,495.0,623.0,4,674.0
5.0,16.0,495.0,623.0,674.0,895.0,4,996.0
5.0,16.0,495.0,623.0,674.0,895.0,4,996.0
5.0,16.0,155.0,719.0,763.0,895.0,4,996.0
5.0,16.0,155.0,623.0,674.0,719.0,4,895.0
5.0,16.0,623.0,674.0,719.0,895.0,4,996.0
5.0,16.0,155.0,495.0,623.0,674.0,4,895.0
5.0,16.0,495.0,623.0,719.0,763.0,4,996.0
5.0,16.0,155.0,427.0,719.0,763.0,4,996.0
5.0,16.0,155.0,270.0,427.0,623.0,4,763.0
5.0,16.0,155.0,495.0,623.0,674.0,4,895.0
5.0,16.0,270.0,623.0,719.0,763.0,4,996.0
5.0,16.0,155.0,623.0,674.0,763.0,4,996.0
5.0,9.0,76.0,204.0,452.0,510.0,4,845.0
5.0,9.0,76.0,109.0,366.0,452.0,4,845.0
5.0,9.0,76.0,85.0,109.0,204.0,4,452.0
5.0,9.0,85.0,109.0,204.0,366.0,4,845.0
5.0,9.0,76.0,85.0,109.0,204.0,4,366.0
5.0,9.0,76.0,85.0,109.0,204.0,4,366.0
5.0,9.0,76.0,85.0,109.0,204.0,4,366.0
5.0,9.0,76.0,109.0,452.0,510.0,4,845.0
5.0,9.0,76.0,109.0,204.0,366.0,4,510.0
5.0,16.0,155.0,296.0,495.0,623.0,4,674.0
5.0,16.0,155.0,296.0,495.0,623.0,4,763.0
5.0,16.0,495.0,623.0,763.0,895.0,4,996.0
5.0,16.0,623.0,719.0,763.0,895.0,4,996.0
5.0,16.0,155.0,674.0,719.0,895.0,4,996.0
5.0,16.0,155.0,674.0,719.0,895.0,4,996.0
5.0,16.0,155.0,296.0,495.0,623.0,4,763.0
5.0,16.0,296.0,495.0,623.0,719.0,4,763.0
5.0,16.0,623.0,674.0,719.0,895.0,4,996.0
5.0,16.0,623.0,719.0,763.0,895.0,4,996.0
5.0,16.0,155.0,296.0,719.0,763.0,4,996.0
5.0,16.0,155.0,296.0,623.0,763.0,4,996.0
5.0,16.0,155.0,296.0,495.0,623.0,4,674.0
5.0,16.0,155.0,296.0,623.0,674.0,4,996.0
5.0,16.0,155.0,296.0,623.0,674.0,4,996.0
5.0,16.0,623.0,719.0,763.0,895.0,4,996.0
5.0,16.0,155.0,719.0,763.0,895.0,4,996.0
5.0,16.0,155.0,296.0,495.0,623.0,4,674.0
5.0,16.0,155.0,296.0,623.0,674.0,4,996.0
5.0,16.0,623.0,719.0,763.0,895.0,4,996.0
5.0,16.0,623.0,719.0,763.0,895.0,4,996.0
5.0,16.0,296.0,495.0,623.0,674.0,4,895.0
5.0,16.0,296.0,495.0,623.0,674.0,4,895.0
5.0,16.0,155.0,296.0,495.0,623.0,4,674.0
5.0,16.0,495.0,623.0,674.0,895.0,4,996.0
5.0,16.0,155.0,719.0,763.0,895.0,4,996.0
5.0,16.0,155.0,719.0,763.0,895.0,4,996.0
5.0,26.0,40.0,315.0,536.0,634.0,4,948.0
5.0,26.0,40.0,536.0,620.0,634.0,4,948.0
5.0,26.0,333.0,536.0,620.0,634.0,4,948.0
5.0,26.0,333.0,337.0,488.0,634.0,4,759.0
5.0,16.0,155.0,296.0,495.0,623.0,4,674.0
5.0,16.0,155.0,296.0,495.0,623.0,4,674.0
5.0,16.0,155.0,296.0,719.0,763.0,4,996.0
5.0,16.0,155.0,296.0,623.0,719.0,4,763.0
5.0,16.0,155.0,296.0,623.0,674.0,4,996.0
5.0,16.0,155.0,296.0,623.0,674.0,4,895.0
5.0,16.0,155.0,296.0,495.0,623.0,4,674.0
5.0,16.0,155.0,296.0,495.0,623.0,4,674.0
5.0,16.0,155.0,296.0,495.0,623.0,4,674.0
5.0,16.0,623.0,719.0,763.0,895.0,4,996.0
5.0,16.0,155.0,296.0,719.0,763.0,4,996.0
5.0,16.0,155.0,296.0,495.0,623.0,4,674.0
5.0,16.0,623.0,719.0,763.0,895.0,4,996.0
5.0,16.0,155.0,719.0,763.0,895.0,4,996.0
5.0,16.0,296.0,495.0,623.0,674.0,4,895.0
5.0,16.0,155.0,296.0,623.0,674.0,4,996.0
5.0,16.0,155.0,623.0,674.0,895.0,4,996.0
5.0,16.0,623.0,674.0,719.0,895.0,4,996.0
5.0,16.0,623.0,719.0,763.0,895.0,4,996.0
5.0,16.0,155.0,296.0,719.0,763.0,4,996.0
5.0,16.0,155.0,296.0,623.0,719.0,4,996.0
5.0,25.0,294.0,380.0,421.0,453.0,4,864.0
5.0,25.0,294.0,421.0,453.0,798.0,4,864.0
5.0,25.0,294.0,421.0,453.0,798.0,4,864.0
5.0,25.0,158.0,294.0,356.0,453.0,4,798.0
5.0,25.0,158.0,356.0,380.0,398.0,4,864.0
5.0,25.0,158.0,356.0,380.0,398.0,4,864.0
5.0,25.0,294.0,380.0,421.0,453.0,4,864.0
5.0,25.0,294.0,356.0,421.0,453.0,4,798.0
5.0,25.0,294.0,356.0,421.0,453.0,4,798.0
5.0,25.0,158.0,294.0,356.0,398.0,4,798.0
5.0,25.0,294.0,380.0,398.0,421.0,4,864.0
5.0,25.0,294.0,380.0,421.0,453.0,4,864.0
5.0,34.0,436.0,506.0,695.0,753.0,4,975.0
5.0,34.0,404.0,506.0,517.0,753.0,4,975.0
5.0,34.0,167.0,404.0,506.0,753.0,4,975.0
5.0,34.0,167.0,404.0,506.0,753.0,4,975.0
5.0,34.0,167.0,436.0,506.0,753.0,4,975.0
5.0,34.0,436.0,506.0,517.0,753.0,4,975.0
5.0,34.0,404.0,517.0,695.0,906.0,4,975.0
5.0,34.0,167.0,517.0,583.0,753.0,4,906.0
5.0,0.0,465.0,493.0,535.0,686.0,4,1037.0
5.0,0.0,535.0,589.0,968.0,1024.0,4,1037.0
5.0,0.0,465.0,493.0,535.0,686.0,4,1037.0
5.0,0.0,493.0,535.0,589.0,1007.0,4,1024.0
5.0,0.0,394.0,437.0,483.0,1007.0,4,1024.0
5.0,0.0,325.0,437.0,483.0,1007.0,4,1024.0
5.0,12.0,0.0,216.0,462.0,611.0,4,986.0
5.0,12.0,201.0,230.0,237.0,788.0,4,856.0
5.0,12.0,201.0,230.0,237.0,788.0,4,856.0
5.0,12.0,0.0,611.0,788.0,856.0,4,986.0
5.0,12.0,0.0,611.0,633.0,788.0,4,986.0
5.0,12.0,0.0,201.0,461.0,611.0,4,633.0
5.0,12.0,0.0,201.0,461.0,611.0,4,633.0
5.0,6.0,30.0,171.0,809.0,867.0,4,980.0
5.0,6.0,55.0,606.0,769.0,809.0,4,980.0
5.0,6.0,55.0,606.0,769.0,809.0,4,980.0
5.0,6.0,30.0,55.0,606.0,809.0,4,887.0
5.0,6.0,30.0,55.0,606.0,809.0,4,980.0
5.0,6.0,84.0,171.0,640.0,873.0,4,980.0
5.0,16.0,155.0,296.0,495.0,623.0,4,674.0
5.0,16.0,155.0,296.0,719.0,763.0,4,996.0
5.0,16.0,296.0,495.0,623.0,719.0,4,763.0
5.0,16.0,155.0,296.0,495.0,623.0,4,674.0
5.0,16.0,155.0,296.0,495.0,623.0,4,674.0
5.0,16.0,495.0,623.0,674.0,895.0,4,996.0
5.0,16.0,495.0,623.0,763.0,895.0,4,996.0
5.0,16.0,623.0,719.0,763.0,895.0,4,996.0
5.0,16.0,155.0,296.0,623.0,763.0,4,996.0
5.0,16.0,155.0,296.0,623.0,674.0,4,996.0
5.0,16.0,623.0,719.0,763.0,895.0,4,996.0
5.0,16.0,155.0,296.0,763.0,895.0,4,996.0
5.0,16.0,155.0,296.0,495.0,623.0,4,763.0
5.0,16.0,296.0,495.0,623.0,674.0,4,895.0
5.0,16.0,155.0,296.0,495.0,623.0,4,674.0
5.0,16.0,155.0,296.0,495.0,623.0,4,763.0
5.0,16.0,623.0,719.0,763.0,895.0,4,996.0
5.0,16.0,623.0,719.0,763.0,895.0,4,996.0
5.0,16.0,155.0,296.0,763.0,895.0,4,996.0
5.0,16.0,155.0,296.0,623.0,674.0,4,996.0
5.0,28.0,353.0,418.0,608.0,665.0,4,754.0
5.0,28.0,191.0,314.0,497.0,822.0,4,1016.0
5.0,28.0,353.0,418.0,497.0,608.0,4,1016.0
5.0,28.0,353.0,418.0,497.0,608.0,4,1016.0
5.0,28.0,353.0,497.0,608.0,822.0,4,1016.0
5.0,28.0,353.0,418.0,608.0,754.0,4,1016.0
5.0,14.0,48.0,592.0,700.0,786.0,4,922.0
5.0,14.0,592.0,700.0,786.0,922.0,4,983.0
5.0,14.0,48.0,49.0,688.0,922.0,4,983.0
5.0,14.0,592.0,700.0,786.0,922.0,4,983.0
5.0,14.0,48.0,254.0,592.0,700.0,4,786.0
5.0,16.0,155.0,270.0,296.0,623.0,4,674.0
5.0,16.0,270.0,623.0,674.0,895.0,4,996.0
5.0,16.0,623.0,674.0,719.0,895.0,4,996.0
5.0,16.0,155.0,719.0,763.0,895.0,4,996.0
5.0,16.0,155.0,719.0,763.0,895.0,4,996.0
5.0,16.0,296.0,495.0,623.0,719.0,4,763.0
5.0,16.0,155.0,495.0,623.0,674.0,4,895.0
5.0,16.0,495.0,623.0,674.0,895.0,4,996.0
5.0,16.0,270.0,427.0,719.0,763.0,4,996.0
5.0,16.0,270.0,427.0,553.0,719.0,4,763.0
5.0,16.0,495.0,623.0,674.0,895.0,4,996.0
5.0,16.0,155.0,719.0,763.0,895.0,4,996.0
5.0,16.0,270.0,296.0,623.0,674.0,4,895.0
5.0,16.0,270.0,623.0,763.0,895.0,4,996.0
5.0,16.0,155.0,623.0,763.0,895.0,4,996.0
5.0,16.0,155.0,296.0,623.0,674.0,4,996.0
5.0,16.0,495.0,623.0,674.0,895.0,4,996.0
5.0,16.0,155.0,296.0,719.0,763.0,4,996.0
5.0,16.0,155.0,296.0,623.0,719.0,4,763.0
5.0,16.0,155.0,296.0,623.0,763.0,4,895.0
5.0,16.0,155.0,296.0,495.0,623.0,4,674.0
5.0,16.0,155.0,296.0,623.0,674.0,4,996.0
5.0,16.0,155.0,623.0,763.0,895.0,4,996.0
5.0,16.0,155.0,296.0,623.0,763.0,4,996.0
5.0,16.0,155.0,296.0,623.0,674.0,4,996.0
5.0,25.0,294.0,398.0,421.0,798.0,4,864.0
5.0,25.0,158.0,294.0,356.0,380.0,4,398.0
5.0,25.0,158.0,356.0,380.0,398.0,4,864.0
5.0,25.0,158.0,239.0,356.0,380.0,4,864.0
5.0,25.0,294.0,380.0,398.0,421.0,4,864.0
5.0,25.0,294.0,356.0,398.0,421.0,4,798.0
5.0,25.0,158.0,294.0,356.0,398.0,4,798.0
5.0,4.0,126.0,486.0,601.0,768.0,4,936.0
5.0,4.0,126.0,486.0,601.0,768.0,4,936.0
5.0,4.0,126.0,486.0,601.0,768.0,4,936.0
5.0,4.0,486.0,504.0,601.0,768.0,4,936.0
5.0,4.0,486.0,504.0,601.0,768.0,4,936.0
5.0,4.0,134.0,487.0,504.0,646.0,4,853.0
5.0,4.0,126.0,134.0,487.0,646.0,4,853.0
5.0,4.0,126.0,646.0,768.0,853.0,4,936.0
5.0,4.0,486.0,487.0,504.0,601.0,4,936.0
5.0,26.0,40.0,488.0,620.0,634.0,4,948.0
5.0,26.0,40.0,488.0,620.0,634.0,4,948.0
5.0,26.0,40.0,315.0,333.0,536.0,4,620.0
5.0,26.0,40.0,536.0,634.0,759.0,4,948.0
5.0,26.0,40.0,488.0,634.0,759.0,4,948.0
5.0,26.0,315.0,333.0,488.0,634.0,4,948.0
5.0,26.0,40.0,315.0,333.0,488.0,4,948.0
5.0,26.0,40.0,315.0,333.0,488.0,4,948.0
5.0,16.0,155.0,296.0,495.0,623.0,4,674.0
5.0,16.0,155.0,296.0,495.0,623.0,4,674.0
5.0,16.0,270.0,427.0,623.0,674.0,4,996.0
5.0,16.0,155.0,296.0,763.0,895.0,4,996.0
5.0,16.0,155.0,296.0,427.0,623.0,4,674.0
5.0,16.0,427.0,495.0,623.0,763.0,4,996.0
5.0,16.0,155.0,296.0,674.0,895.0,4,996.0
5.0,16.0,155.0,296.0,623.0,674.0,4,895.0
5.0,16.0,155.0,296.0,623.0,674.0,4,895.0
5.0,16.0,155.0,270.0,296.0,623.0,4,674.0
5.0,16.0,307.0,427.0,623.0,674.0,4,996.0
5.0,16.0,296.0,307.0,763.0,895.0,4,996.0
5.0,16.0,155.0,296.0,763.0,895.0,4,996.0
5.0,16.0,155.0,296.0,623.0,763.0,4,895.0
5.0,16.0,155.0,270.0,296.0,623.0,4,674.0
5.0,16.0,427.0,623.0,763.0,895.0,4,996.0
5.0,16.0,155.0,296.0,623.0,674.0,4,996.0
5.0,9.0,109.0,204.0,366.0,510.0,4,941.0
5.0,9.0,81.0,366.0,452.0,941.0,4,1019.0
5.0,9.0,85.0,204.0,452.0,941.0,4,1019.0
5.0,9.0,76.0,85.0,204.0,452.0,4,1019.0
5.0,9.0,76.0,85.0,204.0,510.0,4,1019.0
5.0,9.0,76.0,85.0,109.0,204.0,4,510.0
5.0,12.0,216.0,230.0,237.0,788.0,4,856.0
5.0,12.0,216.0,230.0,350.0,856.0,4,986.0
5.0,12.0,230.0,237.0,624.0,788.0,4,856.0
5.0,12.0,216.0,230.0,237.0,788.0,4,856.0
5.0,12.0,216.0,230.0,237.0,788.0,4,856.0
5.0,12.0,216.0,230.0,237.0,788.0,4,856.0
5.0,12.0,216.0,230.0,350.0,856.0,4,986.0
5.0,12.0,216.0,230.0,237.0,788.0,4,856.0
5.0,16.0,155.0,296.0,763.0,895.0,4,996.0
5.0,16.0,155.0,296.0,763.0,895.0,4,996.0
5.0,16.0,623.0,763.0,855.0,895.0,4,996.0
5.0,16.0,296.0,623.0,674.0,855.0,4,996.0
5.0,16.0,155.0,296.0,623.0,674.0,4,855.0
5.0,16.0,623.0,763.0,855.0,895.0,4,996.0
5.0,16.0,155.0,296.0,763.0,895.0,4,996.0
5.0,16.0,155.0,296.0,623.0,674.0,4,996.0
5.0,16.0,427.0,553.0,674.0,763.0,4,996.0
5.0,32.0,34.0,44.0,241.0,524.0,4,627.0
5.0,32.0,34.0,241.0,302.0,524.0,4,627.0
5.0,32.0,34.0,241.0,302.0,524.0,4,627.0
5.0,32.0,34.0,241.0,302.0,346.0,4,524.0
5.0,32.0,34.0,84.0,302.0,346.0,4,426.0
5.0,32.0,34.0,84.0,302.0,346.0,4,426.0
5.0,32.0,17.0,44.0,241.0,302.0,4,524.0
5.0,32.0,34.0,44.0,241.0,524.0,4,627.0
5.0,32.0,34.0,44.0,241.0,426.0,4,524.0
5.0,32.0,44.0,241.0,346.0,426.0,4,524.0
5.0,32.0,34.0,44.0,346.0,426.0,4,524.0
5.0,32.0,17.0,44.0,241.0,524.0,4,627.0
5.0,1.0,78.0,106.0,577.0,790.0,4,808.0
5.0,1.0,78.0,106.0,369.0,790.0,4,808.0
5.0,1.0,78.0,369.0,577.0,586.0,4,876.0
5.0,1.0,78.0,106.0,577.0,790.0,4,808.0
5.0,1.0,78.0,106.0,577.0,790.0,4,808.0
5.0,1.0,78.0,106.0,369.0,790.0,4,808.0
5.0,1.0,78.0,106.0,369.0,808.0,4,876.0
5.0,1.0,106.0,369.0,586.0,790.0,4,808.0
5.0,16.0,155.0,623.0,674.0,855.0,4,895.0
5.0,16.0,623.0,674.0,855.0,895.0,4,996.0
5.0,16.0,155.0,427.0,763.0,942.0,4,996.0
5.0,16.0,623.0,674.0,855.0,895.0,4,942.0
5.0,16.0,623.0,674.0,855.0,895.0,4,942.0
5.0,16.0,623.0,674.0,855.0,895.0,4,996.0
5.0,16.0,155.0,623.0,674.0,855.0,4,895.0
5.0,16.0,155.0,623.0,674.0,855.0,4,895.0
5.0,16.0,155.0,623.0,674.0,855.0,4,895.0
5.0,16.0,427.0,495.0,763.0,942.0,4,996.0
5.0,16.0,155.0,296.0,623.0,942.0,4,996.0
5.0,16.0,155.0,296.0,623.0,674.0,4,855.0
5.0,16.0,155.0,296.0,495.0,623.0,4,674.0
5.0,16.0,495.0,623.0,895.0,942.0,4,996.0
5.0,16.0,155.0,296.0,495.0,623.0,4,942.0
5.0,16.0,155.0,296.0,495.0,623.0,4,942.0
5.0,16.0,155.0,623.0,674.0,855.0,4,895.0
5.0,16.0,495.0,623.0,674.0,719.0,4,996.0
5.0,16.0,155.0,427.0,674.0,719.0,4,996.0
5.0,16.0,155.0,427.0,674.0,719.0,4,996.0
5.0,16.0,427.0,623.0,855.0,895.0,4,942.0
5.0,16.0,155.0,623.0,674.0,855.0,4,895.0
5.0,16.0,155.0,427.0,674.0,719.0,4,996.0
5.0,16.0,155.0,427.0,623.0,674.0,4,719.0
5.0,16.0,427.0,495.0,553.0,719.0,4,763.0
5.0,16.0,155.0,296.0,623.0,674.0,4,855.0
5.0,16.0,155.0,296.0,623.0,674.0,4,719.0
5.0,16.0,155.0,296.0,427.0,623.0,4,719.0
5.0,16.0,155.0,296.0,623.0,674.0,4,855.0
5.0,16.0,427.0,623.0,719.0,895.0,4,996.0
5.0,16.0,155.0,296.0,674.0,895.0,4,996.0
5.0,16.0,155.0,296.0,623.0,674.0,4,719.0
5.0,16.0,155.0,296.0,623.0,719.0,4,895.0
5.0,4.0,126.0,487.0,646.0,828.0,4,936.0
5.0,4.0,126.0,646.0,768.0,853.0,4,936.0
5.0,4.0,126.0,646.0,768.0,853.0,4,936.0
5.0,4.0,126.0,601.0,768.0,853.0,4,936.0
5.0,4.0,126.0,601.0,768.0,853.0,4,936.0
5.0,4.0,126.0,134.0,601.0,853.0,4,936.0
5.0,4.0,134.0,259.0,487.0,646.0,4,828.0
5.0,4.0,126.0,646.0,768.0,828.0,4,936.0
5.0,4.0,126.0,646.0,768.0,828.0,4,936.0
5.0,4.0,126.0,134.0,601.0,853.0,4,936.0
5.0,4.0,134.0,259.0,601.0,853.0,4,936.0
5.0,16.0,155.0,427.0,495.0,623.0,4,674.0
5.0,16.0,155.0,495.0,623.0,674.0,4,942.0
5.0,16.0,155.0,495.0,623.0,895.0,4,942.0
5.0,16.0,155.0,623.0,763.0,895.0,4,942.0
5.0,16.0,270.0,623.0,763.0,895.0,4,942.0
5.0,16.0,155.0,270.0,763.0,895.0,4,942.0
5.0,16.0,155.0,427.0,495.0,763.0,4,942.0
5.0,16.0,427.0,495.0,553.0,674.0,4,942.0
5.0,16.0,495.0,553.0,623.0,674.0,4,942.0
5.0,16.0,155.0,427.0,495.0,623.0,4,674.0
5.0,16.0,270.0,623.0,763.0,895.0,4,942.0
5.0,16.0,270.0,623.0,763.0,895.0,4,942.0
5.0,16.0,155.0,270.0,763.0,895.0,4,942.0
5.0,16.0,270.0,427.0,553.0,763.0,4,942.0
5.0,23.0,80.0,136.0,388.0,400.0,4,440.0
5.0,23.0,388.0,400.0,440.0,713.0,4,925.0
5.0,23.0,136.0,388.0,400.0,713.0,4,925.0
5.0,23.0,136.0,388.0,400.0,925.0,4,994.0
5.0,23.0,136.0,388.0,400.0,925.0,4,994.0
5.0,23.0,80.0,136.0,400.0,613.0,4,994.0
5.0,23.0,136.0,388.0,400.0,925.0,4,994.0
5.0,23.0,136.0,388.0,400.0,440.0,4,925.0
5.0,16.0,270.0,427.0,623.0,674.0,4,996.0
5.0,16.0,495.0,623.0,719.0,763.0,4,895.0
5.0,16.0,495.0,623.0,674.0,719.0,4,996.0
5.0,16.0,270.0,623.0,674.0,719.0,4,996.0
5.0,16.0,270.0,427.0,623.0,674.0,4,996.0
5.0,16.0,427.0,553.0,623.0,674.0,4,996.0
5.0,16.0,553.0,623.0,674.0,895.0,4,996.0
5.0,16.0,553.0,623.0,674.0,719.0,4,895.0
5.0,16.0,553.0,623.0,719.0,763.0,4,895.0
5.0,16.0,427.0,495.0,719.0,763.0,4,895.0
5.0,16.0,270.0,427.0,763.0,895.0,4,942.0
5.0,16.0,307.0,427.0,553.0,763.0,4,942.0
5.0,16.0,495.0,623.0,719.0,763.0,4,895.0
5.0,16.0,296.0,495.0,674.0,719.0,4,895.0
5.0,16.0,296.0,495.0,674.0,719.0,4,895.0
5.0,16.0,296.0,427.0,495.0,674.0,4,895.0
5.0,16.0,270.0,296.0,427.0,623.0,4,763.0
5.0,16.0,270.0,623.0,719.0,763.0,4,996.0
5.0,16.0,296.0,495.0,623.0,674.0,4,996.0
5.0,16.0,270.0,296.0,623.0,674.0,4,996.0
5.0,16.0,270.0,296.0,623.0,674.0,4,996.0
5.0,16.0,495.0,623.0,674.0,719.0,4,996.0
5.0,16.0,495.0,623.0,719.0,763.0,4,895.0
5.0,16.0,296.0,495.0,674.0,895.0,4,996.0
5.0,16.0,296.0,495.0,674.0,895.0,4,996.0
5.0,16.0,495.0,553.0,719.0,763.0,4,895.0
5.0,16.0,495.0,553.0,719.0,763.0,4,895.0
5.0,16.0,270.0,427.0,674.0,895.0,4,996.0
5.0,16.0,270.0,427.0,674.0,763.0,4,996.0
5.0,16.0,270.0,427.0,674.0,942.0,4,996.0
5.0,16.0,427.0,495.0,674.0,942.0,4,996.0
5.0,16.0,427.0,495.0,719.0,763.0,4,996.0
5.0,16.0,427.0,495.0,719.0,763.0,4,895.0
5.0,16.0,495.0,674.0,719.0,763.0,4,895.0
5.0,16.0,674.0,719.0,763.0,895.0,4,996.0
5.0,16.0,495.0,553.0,623.0,719.0,4,895.0
5.0,16.0,495.0,553.0,623.0,719.0,4,895.0
5.0,16.0,495.0,553.0,719.0,763.0,4,895.0
5.0,16.0,427.0,495.0,623.0,763.0,4,895.0
5.0,16.0,427.0,495.0,623.0,719.0,4,763.0
5.0,16.0,495.0,623.0,719.0,895.0,4,942.0
5.0,16.0,495.0,719.0,763.0,895.0,4,942.0
5.0,16.0,427.0,623.0,763.0,895.0,4,996.0
5.0,16.0,427.0,623.0,719.0,895.0,4,996.0
5.0,1.0,78.0,106.0,682.0,790.0,4,867.0
5.0,1.0,78.0,106.0,401.0,586.0,4,682.0
5.0,1.0,78.0,297.0,401.0,682.0,4,885.0
5.0,1.0,78.0,106.0,586.0,867.0,4,876.0
5.0,1.0,78.0,106.0,586.0,867.0,4,876.0
5.0,1.0,297.0,401.0,682.0,876.0,4,885.0
5.0,1.0,297.0,401.0,682.0,876.0,4,885.0
5.0,1.0,297.0,401.0,682.0,876.0,4,885.0
5.0,34.0,139.0,167.0,436.0,506.0,4,583.0
5.0,34.0,167.0,436.0,506.0,733.0,4,747.0
5.0,34.0,432.0,695.0,733.0,747.0,4,906.0
5.0,34.0,432.0,695.0,733.0,747.0,4,906.0
5.0,34.0,436.0,506.0,583.0,695.0,4,733.0
5.0,34.0,139.0,167.0,436.0,506.0,4,583.0
5.0,34.0,139.0,167.0,436.0,506.0,4,583.0
5.0,34.0,139.0,167.0,583.0,747.0,4,906.0
5.0,34.0,432.0,695.0,733.0,747.0,4,906.0
5.0,34.0,116.0,432.0,695.0,733.0,4,906.0
5.0,34.0,116.0,432.0,695.0,733.0,4,906.0
5.0,27.0,439.0,527.0,680.0,842.0,4,924.0
5.0,27.0,527.0,680.0,842.0,854.0,4,897.0
5.0,27.0,146.0,363.0,439.0,662.0,4,924.0
5.0,27.0,146.0,363.0,439.0,662.0,4,924.0
5.0,27.0,146.0,439.0,662.0,897.0,4,924.0
5.0,27.0,146.0,439.0,662.0,854.0,4,897.0
5.0,27.0,146.0,439.0,842.0,854.0,4,897.0
5.0,27.0,527.0,680.0,842.0,886.0,4,897.0
5.0,27.0,363.0,439.0,680.0,842.0,4,924.0
5.0,27.0,146.0,363.0,439.0,662.0,4,924.0
5.0,27.0,373.0,527.0,842.0,854.0,4,897.0
5.0,27.0,363.0,373.0,680.0,854.0,4,897.0
5.0,27.0,363.0,373.0,680.0,854.0,4,897.0
5.0,27.0,363.0,373.0,680.0,854.0,4,897.0
5.0,27.0,373.0,680.0,842.0,854.0,4,897.0
5.0,27.0,373.0,680.0,842.0,854.0,4,897.0
5.0,27.0,373.0,680.0,842.0,854.0,4,886.0
5.0,27.0,373.0,680.0,842.0,854.0,4,886.0
5.0,27.0,373.0,680.0,842.0,854.0,4,897.0
5.0,27.0,146.0,363.0,439.0,680.0,4,924.0
5.0,27.0,146.0,363.0,439.0,680.0,4,924.0
5.0,27.0,363.0,439.0,662.0,680.0,4,924.0
5.0,27.0,363.0,439.0,662.0,680.0,4,924.0
5.0,27.0,439.0,662.0,680.0,897.0,4,924.0
5.0,27.0,439.0,662.0,680.0,897.0,4,924.0
5.0,27.0,439.0,680.0,842.0,854.0,4,897.0
5.0,27.0,146.0,373.0,680.0,854.0,4,897.0
5.0,27.0,146.0,373.0,439.0,680.0,4,924.0
5.0,27.0,146.0,363.0,439.0,680.0,4,924.0
5.0,7.0,112.0,451.0,455.0,609.0,4,902.0
5.0,7.0,112.0,451.0,455.0,609.0,4,902.0
5.0,7.0,112.0,115.0,451.0,455.0,4,609.0
5.0,7.0,277.0,386.0,455.0,846.0,4,1005.0
5.0,7.0,277.0,386.0,455.0,846.0,4,1005.0
5.0,7.0,277.0,386.0,455.0,609.0,4,1005.0
5.0,7.0,112.0,277.0,451.0,846.0,4,902.0
5.0,7.0,112.0,277.0,451.0,846.0,4,902.0
5.0,7.0,112.0,277.0,451.0,455.0,4,902.0
5.0,7.0,115.0,386.0,455.0,609.0,4,1005.0
5.0,7.0,277.0,386.0,455.0,609.0,4,1005.0
5.0,7.0,277.0,386.0,455.0,609.0,4,1005.0
5.0,27.0,146.0,363.0,439.0,662.0,4,924.0
5.0,27.0,373.0,439.0,662.0,680.0,4,924.0
5.0,27.0,373.0,439.0,662.0,680.0,4,924.0
5.0,27.0,373.0,439.0,680.0,842.0,4,854.0
5.0,27.0,373.0,680.0,842.0,854.0,4,897.0
5.0,27.0,363.0,680.0,842.0,886.0,4,897.0
5.0,27.0,363.0,680.0,842.0,897.0,4,924.0
5.0,27.0,146.0,363.0,439.0,662.0,4,924.0
5.0,27.0,373.0,439.0,662.0,680.0,4,924.0
5.0,27.0,373.0,680.0,842.0,854.0,4,897.0
5.0,27.0,373.0,680.0,842.0,854.0,4,897.0
5.0,27.0,373.0,680.0,842.0,854.0,4,897.0
5.0,14.0,592.0,644.0,700.0,786.0,4,922.0
5.0,14.0,592.0,644.0,700.0,786.0,4,922.0
5.0,14.0,592.0,644.0,700.0,786.0,4,922.0
5.0,14.0,592.0,644.0,700.0,786.0,4,922.0
5.0,14.0,48.0,592.0,688.0,786.0,4,922.0
5.0,14.0,592.0,644.0,688.0,786.0,4,922.0
5.0,14.0,592.0,644.0,688.0,786.0,4,922.0
5.0,27.0,146.0,363.0,439.0,662.0,4,924.0
5.0,27.0,146.0,662.0,708.0,897.0,4,924.0
5.0,27.0,373.0,662.0,680.0,897.0,4,924.0
5.0,27.0,373.0,680.0,842.0,854.0,4,897.0
5.0,27.0,146.0,439.0,662.0,708.0,4,924.0
5.0,27.0,146.0,373.0,439.0,708.0,4,854.0
5.0,27.0,439.0,662.0,680.0,897.0,4,924.0
5.0,27.0,146.0,439.0,662.0,854.0,4,897.0
5.0,27.0,439.0,680.0,708.0,842.0,4,854.0
5.0,27.0,373.0,680.0,842.0,886.0,4,897.0
5.0,27.0,373.0,680.0,842.0,886.0,4,897.0
5.0,27.0,146.0,439.0,662.0,886.0,4,897.0
5.0,27.0,146.0,439.0,662.0,854.0,4,897.0
5.0,27.0,439.0,662.0,680.0,708.0,4,854.0
5.0,27.0,439.0,680.0,708.0,842.0,4,886.0
5.0,27.0,146.0,439.0,662.0,854.0,4,897.0
5.0,4.0,126.0,134.0,487.0,646.0,4,828.0
5.0,4.0,126.0,134.0,487.0,646.0,4,828.0
5.0,4.0,126.0,646.0,768.0,853.0,4,936.0
5.0,4.0,134.0,487.0,504.0,601.0,4,853.0
5.0,4.0,134.0,487.0,504.0,601.0,4,853.0
5.0,4.0,126.0,134.0,487.0,646.0,4,828.0
5.0,4.0,126.0,134.0,646.0,828.0,4,936.0
5.0,4.0,126.0,134.0,487.0,601.0,4,646.0
5.0,4.0,126.0,487.0,601.0,853.0,4,936.0
5.0,23.0,33.0,136.0,388.0,713.0,4,994.0
5.0,23.0,33.0,136.0,388.0,713.0,4,994.0
5.0,23.0,33.0,136.0,388.0,613.0,4,994.0
5.0,23.0,33.0,136.0,388.0,613.0,4,994.0
5.0,1.0,78.0,106.0,369.0,711.0,4,820.0
5.0,1.0,106.0,297.0,577.0,682.0,4,711.0
5.0,1.0,78.0,106.0,477.0,790.0,4,820.0
5.0,1.0,78.0,477.0,577.0,790.0,4,820.0
5.0,1.0,106.0,297.0,711.0,790.0,4,820.0
5.0,1.0,106.0,297.0,711.0,790.0,4,820.0
5.0,1.0,106.0,477.0,682.0,711.0,4,790.0
5.0,1.0,78.0,577.0,711.0,790.0,4,820.0
5.0,1.0,78.0,577.0,711.0,790.0,4,820.0
5.0,7.0,250.0,386.0,451.0,609.0,4,902.0
5.0,7.0,105.0,115.0,386.0,455.0,4,846.0
5.0,7.0,105.0,115.0,386.0,455.0,4,846.0
5.0,7.0,105.0,115.0,386.0,451.0,4,455.0
5.0,7.0,250.0,386.0,451.0,609.0,4,902.0
5.0,7.0,112.0,250.0,451.0,609.0,4,902.0
5.0,7.0,112.0,250.0,451.0,609.0,4,902.0
5.0,7.0,112.0,250.0,451.0,455.0,4,902.0
5.0,7.0,115.0,386.0,455.0,609.0,4,846.0
5.0,7.0,115.0,386.0,455.0,609.0,4,846.0
5.0,27.0,363.0,662.0,680.0,854.0,4,924.0
5.0,27.0,146.0,363.0,662.0,854.0,4,924.0
5.0,27.0,373.0,439.0,662.0,854.0,4,886.0
5.0,27.0,373.0,662.0,708.0,897.0,4,924.0
5.0,27.0,146.0,373.0,439.0,886.0,4,897.0
5.0,27.0,146.0,373.0,439.0,886.0,4,897.0
5.0,27.0,363.0,373.0,662.0,854.0,4,924.0
5.0,27.0,373.0,439.0,662.0,854.0,4,924.0
5.0,27.0,146.0,439.0,662.0,854.0,4,924.0
5.0,28.0,353.0,608.0,665.0,754.0,4,822.0
5.0,28.0,353.0,418.0,598.0,754.0,4,1016.0
5.0,28.0,353.0,418.0,598.0,754.0,4,1016.0
5.0,28.0,418.0,598.0,608.0,754.0,4,1016.0
5.0,28.0,418.0,608.0,665.0,754.0,4,822.0
5.0,28.0,353.0,418.0,608.0,665.0,4,822.0
5.0,28.0,353.0,418.0,608.0,665.0,4,754.0
5.0,28.0,353.0,608.0,665.0,822.0,4,1016.0
5.0,28.0,353.0,608.0,665.0,822.0,4,1016.0
5.0,28.0,353.0,608.0,665.0,822.0,4,1016.0
5.0,28.0,598.0,608.0,754.0,822.0,4,1016.0
5.0,28.0,160.0,191.0,314.0,418.0,4,754.0
5.0,27.0,146.0,363.0,439.0,662.0,4,924.0
5.0,27.0,146.0,363.0,439.0,662.0,4,886.0
5.0,27.0,146.0,363.0,439.0,662.0,4,886.0
5.0,27.0,527.0,662.0,680.0,854.0,4,886.0
5.0,27.0,363.0,373.0,439.0,662.0,4,924.0
5.0,27.0,363.0,439.0,662.0,680.0,4,924.0
5.0,27.0,439.0,662.0,680.0,708.0,4,886.0
5.0,27.0,439.0,662.0,680.0,708.0,4,924.0
5.0,27.0,527.0,662.0,680.0,886.0,4,897.0
5.0,27.0,363.0,373.0,680.0,886.0,4,897.0
5.0,27.0,680.0,708.0,842.0,886.0,4,897.0
5.0,27.0,680.0,708.0,842.0,886.0,4,897.0
5.0,27.0,680.0,708.0,842.0,886.0,4,897.0
5.0,11.0,145.0,580.0,602.0,638.0,4,874.0
5.0,11.0,145.0,520.0,580.0,602.0,4,638.0
5.0,11.0,150.0,188.0,359.0,520.0,4,784.0
5.0,11.0,150.0,188.0,359.0,520.0,4,784.0
5.0,11.0,150.0,188.0,359.0,520.0,4,784.0
5.0,11.0,150.0,188.0,359.0,638.0,4,784.0
5.0,11.0,145.0,188.0,602.0,638.0,4,784.0
5.0,27.0,146.0,363.0,662.0,897.0,4,924.0
5.0,27.0,527.0,680.0,842.0,886.0,4,897.0
5.0,27.0,680.0,842.0,854.0,886.0,4,897.0
5.0,27.0,146.0,363.0,662.0,708.0,4,924.0
5.0,27.0,527.0,680.0,842.0,886.0,4,897.0
5.0,27.0,527.0,680.0,842.0,886.0,4,897.0
5.0,27.0,527.0,680.0,842.0,886.0,4,897.0
5.0,27.0,527.0,680.0,842.0,886.0,4,897.0
5.0,27.0,527.0,680.0,842.0,886.0,4,897.0
5.0,0.0,493.0,535.0,589.0,686.0,4,1037.0
5.0,0.0,493.0,535.0,589.0,686.0,4,1007.0
5.0,0.0,465.0,589.0,686.0,1024.0,4,1037.0
5.0,0.0,394.0,465.0,589.0,686.0,4,1024.0
5.0,0.0,394.0,437.0,589.0,1007.0,4,1024.0
5.0,0.0,394.0,437.0,483.0,1007.0,4,1024.0
5.0,27.0,146.0,363.0,662.0,708.0,4,924.0
5.0,27.0,146.0,363.0,439.0,662.0,4,924.0
5.0,27.0,146.0,363.0,439.0,662.0,4,924.0
5.0,27.0,146.0,363.0,439.0,662.0,4,924.0
5.0,10.0,111.0,234.0,310.0,591.0,4,740.0
5.0,10.0,111.0,310.0,591.0,740.0,4,918.0
5.0,10.0,111.0,234.0,591.0,731.0,4,918.0
5.0,10.0,234.0,285.0,591.0,731.0,4,918.0
5.0,10.0,111.0,234.0,285.0,731.0,4,918.0
5.0,10.0,111.0,234.0,285.0,731.0,4,918.0
5.0,10.0,111.0,234.0,310.0,731.0,4,918.0
5.0,10.0,111.0,234.0,310.0,591.0,4,740.0
5.0,10.0,111.0,234.0,310.0,591.0,4,740.0
5.0,27.0,146.0,363.0,439.0,662.0,4,924.0
5.0,27.0,146.0,363.0,439.0,662.0,4,924.0
5.0,27.0,363.0,662.0,680.0,708.0,4,886.0
5.0,27.0,363.0,662.0,680.0,708.0,4,886.0
5.0,27.0,146.0,363.0,439.0,842.0,4,924.0
5.0,27.0,146.0,363.0,439.0,662.0,4,924.0
5.0,27.0,363.0,439.0,662.0,680.0,4,924.0
5.0,27.0,146.0,363.0,439.0,680.0,4,924.0
5.0,14.0,592.0,688.0,786.0,922.0,4,983.0
5.0,14.0,48.0,49.0,688.0,922.0,4,983.0
5.0,14.0,48.0,254.0,592.0,700.0,4,786.0
5.0,14.0,48.0,254.0,592.0,688.0,4,786.0
5.0,14.0,48.0,254.0,592.0,688.0,4,786.0
5.0,14.0,48.0,254.0,592.0,700.0,4,786.0
5.0,27.0,146.0,363.0,439.0,662.0,4,924.0
5.0,27.0,146.0,363.0,439.0,662.0,4,924.0
5.0,27.0,662.0,680.0,708.0,886.0,4,897.0
5.0,27.0,363.0,439.0,662.0,680.0,4,924.0
5.0,27.0,363.0,439.0,662.0,680.0,4,924.0
5.0,27.0,146.0,363.0,439.0,662.0,4,924.0
5.0,27.0,146.0,363.0,439.0,662.0,4,924.0
5.0,27.0,662.0,680.0,708.0,886.0,4,897.0
5.0,27.0,146.0,363.0,439.0,662.0,4,924.0
5.0,27.0,146.0,363.0,439.0,662.0,4,924.0
5.0,27.0,146.0,363.0,439.0,662.0,4,924.0
5.0,27.0,146.0,363.0,439.0,662.0,4,924.0
5.0,27.0,439.0,662.0,680.0,897.0,4,924.0
5.0,27.0,680.0,708.0,842.0,886.0,4,897.0
5.0,27.0,146.0,363.0,439.0,662.0,4,924.0
5.0,27.0,146.0,363.0,439.0,662.0,4,924.0
5.0,27.0,146.0,363.0,439.0,662.0,4,924.0
5.0,27.0,146.0,363.0,439.0,662.0,4,924.0
5.0,27.0,146.0,363.0,439.0,662.0,4,924.0
5.0,27.0,662.0,680.0,708.0,886.0,4,897.0
5.0,27.0,439.0,662.0,680.0,708.0,4,886.0
5.0,27.0,680.0,708.0,842.0,886.0,4,897.0
5.0,27.0,146.0,363.0,439.0,662.0,4,924.0
5.0,27.0,146.0,363.0,439.0,662.0,4,924.0
5.0,27.0,146.0,363.0,662.0,897.0,4,924.0
5.0,27.0,146.0,662.0,708.0,886.0,4,897.0
5.0,27.0,146.0,662.0,708.0,886.0,4,897.0
5.0,27.0,146.0,662.0,708.0,897.0,4,924.0
5.0,27.0,146.0,363.0,439.0,662.0,4,924.0
5.0,27.0,439.0,662.0,680.0,897.0,4,924.0
5.0,27.0,363.0,373.0,439.0,662.0,4,924.0
5.0,27.0,146.0,363.0,439.0,662.0,4,924.0
5.0,27.0,146.0,439.0,662.0,897.0,4,924.0
5.0,27.0,146.0,439.0,662.0,897.0,4,924.0
5.0,27.0,439.0,662.0,680.0,897.0,4,924.0
5.0,27.0,363.0,680.0,842.0,886.0,4,897.0
5.0,27.0,146.0,363.0,662.0,897.0,4,924.0
5.0,27.0,146.0,363.0,439.0,662.0,4,924.0
5.0,27.0,146.0,363.0,439.0,662.0,4,924.0
5.0,27.0,146.0,363.0,439.0,680.0,4,924.0
5.0,27.0,146.0,363.0,439.0,662.0,4,924.0
5.0,27.0,146.0,363.0,439.0,662.0,4,924.0
5.0,27.0,146.0,363.0,439.0,662.0,4,924.0
5.0,27.0,146.0,363.0,439.0,662.0,4,924.0
5.0,27.0,439.0,662.0,680.0,897.0,4,924.0
5.0,27.0,363.0,680.0,842.0,886.0,4,897.0
5.0,27.0,146.0,363.0,439.0,662.0,4,924.0
5.0,27.0,146.0,363.0,439.0,662.0,4,924.0
5.0,27.0,146.0,363.0,439.0,662.0,4,924.0
5.0,27.0,363.0,373.0,439.0,662.0,4,924.0
5.0,27.0,146.0,363.0,373.0,886.0,4,897.0
5.0,27.0,146.0,363.0,662.0,897.0,4,924.0
5.0,27.0,146.0,439.0,842.0,886.0,4,897.0
5.0,27.0,146.0,363.0,439.0,662.0,4,924.0
5.0,27.0,146.0,363.0,439.0,662.0,4,924.0
5.0,27.0,146.0,363.0,439.0,662.0,4,924.0
5.0,27.0,373.0,439.0,662.0,897.0,4,924.0
5.0,27.0,363.0,373.0,842.0,886.0,4,897.0
5.0,27.0,363.0,373.0,842.0,897.0,4,924.0
5.0,27.0,146.0,363.0,439.0,662.0,4,924.0
5.0,27.0,146.0,439.0,842.0,897.0,4,924.0
5.0,27.0,363.0,680.0,842.0,886.0,4,897.0
5.0,27.0,146.0,363.0,439.0,662.0,4,924.0
5.0,27.0,439.0,680.0,842.0,897.0,4,924.0
5.0,27.0,146.0,363.0,680.0,886.0,4,897.0
5.0,13.0,91.0,137.0,164.0,238.0,4,811.0
5.0,13.0,137.0,164.0,238.0,730.0,4,824.0
5.0,13.0,97.0,164.0,575.0,730.0,4,824.0
5.0,13.0,97.0,319.0,575.0,730.0,4,824.0
5.0,13.0,91.0,97.0,319.0,575.0,4,730.0
5.0,13.0,91.0,137.0,164.0,238.0,4,730.0
5.0,13.0,91.0,137.0,164.0,238.0,4,811.0
5.0,13.0,137.0,164.0,575.0,730.0,4,824.0
5.0,13.0,97.0,164.0,575.0,730.0,4,824.0
5.0,13.0,91.0,97.0,238.0,319.0,4,730.0
5.0,27.0,363.0,680.0,842.0,897.0,4,924.0
5.0,27.0,680.0,708.0,842.0,886.0,4,897.0
5.0,27.0,146.0,439.0,708.0,842.0,4,886.0
5.0,27.0,146.0,363.0,439.0,662.0,4,924.0
5.0,27.0,439.0,662.0,680.0,897.0,4,924.0
5.0,27.0,146.0,708.0,842.0,886.0,4,897.0
5.0,27.0,146.0,363.0,439.0,842.0,4,924.0
5.0,27.0,146.0,363.0,439.0,662.0,4,924.0
5.0,27.0,146.0,363.0,439.0,662.0,4,924.0
5.0,27.0,439.0,680.0,842.0,886.0,4,897.0
5.0,27.0,680.0,708.0,842.0,886.0,4,897.0
5.0,27.0,146.0,363.0,439.0,662.0,4,924.0
5.0,27.0,146.0,363.0,662.0,708.0,4,924.0
5.0,27.0,363.0,662.0,680.0,708.0,4,886.0
5.0,27.0,146.0,439.0,842.0,886.0,4,897.0
5.0,27.0,146.0,363.0,439.0,662.0,4,924.0
5.0,25.0,294.0,380.0,421.0,453.0,4,864.0
5.0,25.0,294.0,421.0,453.0,798.0,4,864.0
5.0,25.0,158.0,356.0,398.0,798.0,4,864.0
5.0,25.0,158.0,356.0,398.0,798.0,4,864.0
5.0,25.0,294.0,380.0,421.0,453.0,4,864.0
5.0,25.0,294.0,356.0,380.0,421.0,4,453.0
5.0,25.0,294.0,380.0,421.0,453.0,4,864.0
5.0,25.0,158.0,294.0,356.0,398.0,4,798.0
5.0,25.0,294.0,380.0,398.0,421.0,4,864.0
5.0,12.0,216.0,230.0,237.0,788.0,4,856.0
5.0,12.0,216.0,230.0,237.0,788.0,4,856.0
5.0,12.0,201.0,350.0,624.0,633.0,4,986.0
5.0,12.0,201.0,350.0,624.0,633.0,4,986.0
5.0,12.0,216.0,237.0,350.0,624.0,4,986.0
5.0,12.0,216.0,230.0,237.0,788.0,4,856.0
5.0,6.0,280.0,644.0,656.0,769.0,4,980.0
5.0,6.0,280.0,644.0,656.0,769.0,4,873.0
5.0,6.0,30.0,61.0,606.0,644.0,4,873.0
5.0,6.0,280.0,644.0,656.0,769.0,4,873.0
5.0,6.0,280.0,644.0,656.0,769.0,4,873.0
5.0,13.0,97.0,164.0,238.0,575.0,4,753.0
5.0,13.0,137.0,238.0,319.0,575.0,4,753.0
5.0,13.0,91.0,137.0,164.0,238.0,4,753.0
5.0,13.0,91.0,137.0,164.0,238.0,4,811.0
5.0,13.0,91.0,137.0,164.0,575.0,4,811.0
5.0,13.0,91.0,97.0,164.0,575.0,4,753.0
5.0,13.0,91.0,97.0,164.0,575.0,4,753.0
5.0,13.0,91.0,97.0,164.0,575.0,4,753.0
5.0,13.0,97.0,164.0,575.0,753.0,4,824.0
5.0,13.0,91.0,97.0,164.0,575.0,4,753.0
5.0,27.0,146.0,439.0,662.0,897.0,4,924.0
5.0,27.0,146.0,439.0,662.0,897.0,4,924.0
5.0,27.0,146.0,439.0,662.0,897.0,4,924.0
5.0,27.0,146.0,439.0,842.0,897.0,4,924.0
5.0,27.0,146.0,439.0,662.0,897.0,4,924.0
5.0,27.0,146.0,439.0,527.0,842.0,4,924.0
5.0,27.0,146.0,439.0,527.0,842.0,4,924.0
5.0,27.0,146.0,439.0,662.0,897.0,4,924.0
5.0,27.0,662.0,680.0,708.0,897.0,4,924.0
5.0,27.0,527.0,680.0,708.0,842.0,4,886.0
5.0,27.0,527.0,680.0,708.0,842.0,4,886.0
5.0,27.0,527.0,680.0,708.0,842.0,4,886.0
5.0,27.0,527.0,680.0,708.0,842.0,4,886.0
5.0,27.0,527.0,680.0,708.0,842.0,4,886.0
5.0,27.0,146.0,439.0,662.0,897.0,4,924.0
5.0,27.0,146.0,439.0,662.0,897.0,4,924.0
5.0,27.0,527.0,662.0,680.0,897.0,4,924.0
5.0,27.0,680.0,708.0,842.0,886.0,4,897.0
5.0,27.0,146.0,662.0,708.0,897.0,4,924.0
5.0,18.0,396.0,579.0,685.0,702.0,4,758.0
5.0,18.0,396.0,579.0,685.0,702.0,4,758.0
5.0,18.0,62.0,64.0,651.0,702.0,4,1015.0
5.0,18.0,62.0,64.0,651.0,702.0,4,1015.0
5.0,15.0,659.0,684.0,714.0,802.0,4,860.0
5.0,15.0,659.0,714.0,802.0,860.0,4,1036.0
5.0,15.0,684.0,714.0,764.0,860.0,4,1036.0
5.0,15.0,218.0,659.0,714.0,764.0,4,860.0
5.0,15.0,659.0,684.0,714.0,802.0,4,860.0
5.0,15.0,218.0,714.0,764.0,860.0,4,1036.0
5.0,15.0,218.0,714.0,764.0,860.0,4,1036.0
5.0,15.0,218.0,659.0,714.0,764.0,4,860.0
5.0,11.0,145.0,188.0,359.0,638.0,4,665.0
5.0,11.0,150.0,188.0,602.0,665.0,4,784.0
5.0,11.0,145.0,150.0,602.0,784.0,4,874.0
5.0,11.0,145.0,150.0,359.0,602.0,4,638.0
5.0,27.0,146.0,439.0,662.0,897.0,4,924.0
5.0,27.0,146.0,439.0,662.0,897.0,4,924.0
5.0,27.0,439.0,662.0,680.0,897.0,4,924.0
5.0,27.0,146.0,527.0,708.0,842.0,4,886.0
5.0,27.0,146.0,439.0,662.0,897.0,4,924.0
5.0,27.0,146.0,439.0,662.0,897.0,4,924.0
5.0,27.0,439.0,662.0,680.0,897.0,4,924.0
5.0,27.0,439.0,662.0,680.0,897.0,4,924.0
5.0,27.0,527.0,680.0,708.0,842.0,4,886.0
5.0,27.0,527.0,680.0,708.0,842.0,4,886.0
5.0,27.0,439.0,662.0,680.0,708.0,4,886.0
5.0,27.0,439.0,662.0,680.0,897.0,4,924.0
5.0,27.0,439.0,662.0,680.0,708.0,4,924.0
5.0,27.0,439.0,527.0,680.0,842.0,4,886.0
5.0,27.0,146.0,439.0,662.0,897.0,4,924.0
5.0,27.0,146.0,439.0,662.0,897.0,4,924.0
5.0,25.0,294.0,380.0,421.0,453.0,4,864.0
5.0,25.0,294.0,356.0,380.0,398.0,4,421.0
5.0,25.0,294.0,356.0,380.0,398.0,4,421.0
5.0,25.0,158.0,294.0,356.0,398.0,4,1008.0
5.0,25.0,158.0,356.0,453.0,864.0,4,1008.0
5.0,25.0,158.0,294.0,380.0,453.0,4,864.0
5.0,25.0,294.0,380.0,398.0,421.0,4,547.0
5.0,25.0,158.0,294.0,356.0,398.0,4,453.0
5.0,25.0,158.0,356.0,380.0,398.0,4,864.0
5.0,25.0,294.0,380.0,398.0,421.0,4,453.0
5.0,25.0,294.0,380.0,398.0,421.0,4,453.0
5.0,15.0,534.0,659.0,860.0,960.0,4,1036.0
5.0,15.0,534.0,659.0,764.0,860.0,4,1036.0
5.0,15.0,218.0,534.0,659.0,764.0,4,860.0
5.0,15.0,473.0,659.0,764.0,802.0,4,1036.0
5.0,15.0,534.0,659.0,764.0,802.0,4,1036.0
5.0,15.0,473.0,659.0,860.0,960.0,4,1036.0
5.0,15.0,218.0,473.0,659.0,764.0,4,802.0
5.0,15.0,218.0,473.0,659.0,764.0,4,802.0
5.0,15.0,218.0,528.0,534.0,764.0,4,802.0
5.0,15.0,218.0,534.0,764.0,802.0,4,860.0
5.0,15.0,473.0,764.0,802.0,860.0,4,1036.0
5.0,15.0,473.0,764.0,802.0,860.0,4,1036.0
5.0,11.0,150.0,520.0,580.0,602.0,4,638.0
5.0,11.0,150.0,520.0,580.0,602.0,4,638.0
5.0,11.0,188.0,580.0,602.0,784.0,4,874.0
5.0,11.0,150.0,359.0,520.0,580.0,4,784.0
5.0,11.0,150.0,520.0,580.0,602.0,4,638.0
5.0,11.0,150.0,520.0,580.0,602.0,4,638.0
5.0,11.0,150.0,520.0,580.0,602.0,4,638.0
5.0,11.0,188.0,520.0,580.0,602.0,4,638.0
5.0,14.0,48.0,254.0,592.0,688.0,4,786.0
5.0,14.0,48.0,450.0,700.0,922.0,4,983.0
5.0,14.0,48.0,450.0,592.0,786.0,4,922.0
5.0,14.0,48.0,450.0,700.0,922.0,4,983.0
5.0,14.0,48.0,450.0,700.0,922.0,4,983.0
5.0,13.0,91.0,137.0,151.0,164.0,4,238.0
5.0,13.0,91.0,137.0,151.0,164.0,4,238.0
5.0,13.0,91.0,137.0,164.0,238.0,4,730.0
5.0,13.0,91.0,730.0,811.0,866.0,4,979.0
5.0,13.0,91.0,137.0,151.0,164.0,4,238.0
5.0,13.0,91.0,137.0,151.0,164.0,4,238.0
5.0,13.0,91.0,116.0,164.0,730.0,4,866.0
5.0,13.0,91.0,116.0,730.0,811.0,4,866.0
5.0,13.0,116.0,730.0,811.0,866.0,4,979.0
5.0,13.0,811.0,866.0,910.0,970.0,4,979.0
5.0,11.0,145.0,580.0,602.0,638.0,4,874.0
5.0,11.0,150.0,580.0,602.0,784.0,4,874.0
5.0,11.0,150.0,359.0,602.0,784.0,4,874.0
5.0,11.0,150.0,359.0,520.0,602.0,4,784.0
5.0,11.0,150.0,359.0,580.0,638.0,4,784.0
5.0,11.0,150.0,580.0,602.0,638.0,4,874.0
5.0,11.0,150.0,580.0,602.0,638.0,4,874.0
5.0,11.0,145.0,520.0,580.0,602.0,4,638.0
5.0,11.0,150.0,520.0,580.0,602.0,4,638.0
5.0,11.0,145.0,520.0,580.0,602.0,4,784.0
5.0,11.0,150.0,520.0,580.0,602.0,4,784.0
5.0,11.0,150.0,580.0,602.0,638.0,4,874.0
5.0,34.0,36.0,167.0,404.0,506.0,4,753.0
5.0,34.0,36.0,167.0,404.0,506.0,4,753.0
5.0,34.0,36.0,436.0,506.0,517.0,4,847.0
5.0,34.0,36.0,436.0,506.0,753.0,4,847.0
5.0,34.0,36.0,436.0,506.0,753.0,4,847.0
5.0,34.0,167.0,404.0,506.0,753.0,4,975.0
5.0,34.0,36.0,436.0,506.0,517.0,4,753.0
5.0,34.0,404.0,436.0,506.0,517.0,4,753.0
5.0,34.0,36.0,436.0,506.0,517.0,4,695.0
5.0,11.0,145.0,580.0,602.0,638.0,4,874.0
5.0,11.0,145.0,188.0,602.0,638.0,4,874.0
5.0,11.0,150.0,359.0,520.0,580.0,4,784.0
5.0,11.0,150.0,580.0,602.0,638.0,4,874.0
5.0,11.0,145.0,580.0,602.0,638.0,4,874.0
5.0,11.0,145.0,188.0,602.0,784.0,4,874.0
5.0,11.0,150.0,188.0,359.0,784.0,4,874.0
5.0,11.0,150.0,359.0,580.0,784.0,4,874.0
5.0,11.0,145.0,150.0,359.0,460.0,4,784.0
5.0,11.0,145.0,580.0,602.0,638.0,4,874.0
5.0,11.0,145.0,188.0,602.0,784.0,4,874.0
5.0,11.0,188.0,359.0,580.0,638.0,4,784.0
5.0,11.0,145.0,580.0,602.0,638.0,4,874.0
5.0,11.0,145.0,580.0,602.0,638.0,4,874.0
5.0,11.0,145.0,580.0,602.0,638.0,4,874.0
5.0,11.0,188.0,580.0,602.0,638.0,4,874.0
5.0,11.0,150.0,188.0,602.0,784.0,4,874.0
5.0,11.0,150.0,188.0,359.0,460.0,4,784.0
5.0,18.0,64.0,579.0,642.0,758.0,4,1013.0
5.0,18.0,62.0,64.0,642.0,758.0,4,1013.0
5.0,18.0,62.0,579.0,642.0,834.0,4,1013.0
5.0,18.0,226.0,260.0,579.0,642.0,4,834.0
5.0,18.0,226.0,260.0,579.0,642.0,4,834.0
5.0,18.0,260.0,579.0,642.0,834.0,4,1013.0
5.0,11.0,145.0,150.0,520.0,602.0,4,638.0
5.0,11.0,150.0,188.0,359.0,784.0,4,874.0
5.0,11.0,150.0,188.0,359.0,784.0,4,874.0
5.0,11.0,150.0,188.0,359.0,784.0,4,874.0
5.0,11.0,150.0,359.0,602.0,638.0,4,874.0
5.0,11.0,150.0,188.0,602.0,638.0,4,874.0
5.0,11.0,150.0,188.0,520.0,602.0,4,784.0
5.0,11.0,150.0,359.0,520.0,602.0,4,784.0
5.0,11.0,150.0,359.0,520.0,602.0,4,784.0
5.0,11.0,359.0,460.0,514.0,520.0,4,945.0
5.0,11.0,145.0,188.0,520.0,602.0,4,638.0
5.0,11.0,150.0,188.0,359.0,520.0,4,638.0
5.0,11.0,150.0,359.0,520.0,602.0,4,784.0
5.0,11.0,150.0,359.0,602.0,638.0,4,874.0
5.0,11.0,145.0,188.0,602.0,638.0,4,874.0
5.0,11.0,145.0,188.0,359.0,784.0,4,874.0
5.0,11.0,150.0,188.0,359.0,784.0,4,874.0
5.0,11.0,150.0,188.0,359.0,784.0,4,874.0
5.0,11.0,145.0,580.0,602.0,638.0,4,874.0
5.0,11.0,150.0,188.0,359.0,520.0,4,784.0
5.0,11.0,145.0,150.0,359.0,520.0,4,784.0
5.0,11.0,145.0,188.0,359.0,602.0,4,874.0
5.0,11.0,145.0,150.0,188.0,359.0,4,784.0
5.0,11.0,150.0,188.0,359.0,580.0,4,784.0
5.0,11.0,150.0,188.0,359.0,580.0,4,874.0
5.0,18.0,579.0,642.0,758.0,834.0,4,1015.0
5.0,18.0,396.0,579.0,702.0,834.0,4,1015.0
5.0,18.0,103.0,260.0,396.0,685.0,4,702.0
5.0,18.0,260.0,579.0,642.0,702.0,4,834.0
5.0,18.0,579.0,642.0,685.0,758.0,4,834.0
5.0,18.0,396.0,579.0,642.0,702.0,4,834.0
5.0,18.0,396.0,579.0,642.0,685.0,4,758.0
5.0,28.0,353.0,608.0,665.0,754.0,4,822.0
5.0,28.0,353.0,418.0,608.0,822.0,4,1016.0
5.0,28.0,353.0,418.0,608.0,822.0,4,1016.0
5.0,28.0,353.0,418.0,598.0,754.0,4,822.0
5.0,28.0,353.0,418.0,598.0,754.0,4,822.0
5.0,28.0,353.0,418.0,598.0,754.0,4,1016.0
5.0,28.0,353.0,418.0,598.0,754.0,4,1016.0
5.0,28.0,353.0,418.0,608.0,754.0,4,822.0
5.0,10.0,111.0,234.0,310.0,591.0,4,740.0
5.0,10.0,111.0,310.0,475.0,591.0,4,740.0
5.0,10.0,111.0,234.0,310.0,731.0,4,918.0
5.0,10.0,111.0,234.0,310.0,731.0,4,918.0
5.0,10.0,52.0,234.0,285.0,731.0,4,918.0
5.0,10.0,111.0,234.0,285.0,731.0,4,918.0
5.0,10.0,111.0,234.0,285.0,731.0,4,918.0
5.0,10.0,234.0,310.0,591.0,731.0,4,918.0
5.0,10.0,234.0,310.0,591.0,731.0,4,740.0
5.0,10.0,234.0,310.0,591.0,731.0,4,740.0
5.0,10.0,234.0,310.0,591.0,731.0,4,918.0
5.0,15.0,659.0,684.0,714.0,860.0,4,960.0
5.0,15.0,659.0,684.0,714.0,802.0,4,960.0
5.0,15.0,218.0,684.0,764.0,802.0,4,860.0
5.0,15.0,218.0,684.0,714.0,764.0,4,860.0
5.0,15.0,659.0,684.0,714.0,860.0,4,960.0
5.0,15.0,218.0,659.0,714.0,860.0,4,960.0
5.0,15.0,218.0,473.0,659.0,764.0,4,860.0
5.0,15.0,218.0,473.0,764.0,860.0,4,960.0
5.0,15.0,218.0,659.0,714.0,764.0,4,860.0
5.0,11.0,188.0,580.0,602.0,638.0,4,874.0
5.0,11.0,145.0,188.0,359.0,520.0,4,784.0
5.0,11.0,145.0,580.0,602.0,638.0,4,874.0
5.0,11.0,145.0,580.0,602.0,638.0,4,874.0
5.0,11.0,145.0,188.0,580.0,602.0,4,784.0
5.0,11.0,145.0,188.0,359.0,602.0,4,784.0
5.0,11.0,145.0,188.0,359.0,602.0,4,784.0
5.0,11.0,145.0,188.0,359.0,602.0,4,784.0
5.0,11.0,145.0,580.0,602.0,638.0,4,874.0
5.0,11.0,188.0,580.0,602.0,784.0,4,874.0
5.0,11.0,188.0,359.0,368.0,602.0,4,784.0
5.0,11.0,145.0,580.0,602.0,638.0,4,874.0
5.0,11.0,145.0,580.0,602.0,638.0,4,874.0
5.0,11.0,145.0,368.0,580.0,602.0,4,784.0
5.0,11.0,145.0,188.0,359.0,602.0,4,784.0
5.0,11.0,145.0,359.0,580.0,638.0,4,874.0
5.0,11.0,145.0,359.0,580.0,638.0,4,874.0
5.0,11.0,150.0,188.0,602.0,784.0,4,874.0
5.0,11.0,359.0,580.0,602.0,638.0,4,784.0
5.0,11.0,359.0,580.0,602.0,638.0,4,784.0
5.0,11.0,145.0,359.0,580.0,602.0,4,638.0
5.0,11.0,359.0,580.0,602.0,638.0,4,784.0
5.0,11.0,145.0,359.0,602.0,638.0,4,784.0
5.0,11.0,188.0,359.0,602.0,784.0,4,874.0
5.0,11.0,188.0,359.0,580.0,784.0,4,874.0
5.0,11.0,188.0,580.0,602.0,784.0,4,874.0
5.0,11.0,188.0,580.0,602.0,784.0,4,874.0
5.0,11.0,145.0,188.0,580.0,602.0,4,638.0
5.0,11.0,188.0,580.0,602.0,638.0,4,784.0
5.0,11.0,145.0,580.0,602.0,638.0,4,874.0
5.0,11.0,145.0,580.0,602.0,638.0,4,874.0
5.0,11.0,145.0,580.0,602.0,638.0,4,874.0
5.0,11.0,188.0,359.0,638.0,784.0,4,945.0
5.0,11.0,188.0,580.0,602.0,784.0,4,874.0
5.0,11.0,188.0,580.0,602.0,638.0,4,874.0
5.0,11.0,145.0,580.0,602.0,638.0,4,784.0
5.0,1.0,106.0,577.0,790.0,808.0,4,820.0
5.0,1.0,169.0,369.0,711.0,790.0,4,808.0
5.0,1.0,369.0,577.0,586.0,711.0,4,808.0
5.0,1.0,78.0,106.0,169.0,586.0,4,820.0
5.0,1.0,106.0,369.0,790.0,808.0,4,820.0
5.0,1.0,106.0,577.0,790.0,808.0,4,820.0
5.0,1.0,106.0,577.0,790.0,808.0,4,820.0
5.0,1.0,106.0,169.0,790.0,808.0,4,820.0
5.0,1.0,106.0,577.0,790.0,808.0,4,820.0
5.0,1.0,106.0,577.0,790.0,808.0,4,820.0
5.0,32.0,3.0,34.0,241.0,426.0,4,524.0
5.0,32.0,3.0,34.0,241.0,524.0,4,627.0
5.0,32.0,302.0,416.0,484.0,624.0,4,627.0
5.0,32.0,241.0,302.0,416.0,524.0,4,624.0
5.0,32.0,3.0,34.0,241.0,426.0,4,524.0
5.0,32.0,3.0,241.0,302.0,426.0,4,524.0
5.0,32.0,3.0,241.0,302.0,524.0,4,624.0
5.0,32.0,241.0,302.0,416.0,484.0,4,624.0
5.0,32.0,241.0,302.0,484.0,624.0,4,627.0
5.0,32.0,241.0,302.0,484.0,624.0,4,627.0
5.0,32.0,34.0,241.0,524.0,624.0,4,627.0
5.0,32.0,34.0,241.0,524.0,624.0,4,627.0
5.0,32.0,34.0,241.0,524.0,624.0,4,627.0
5.0,32.0,34.0,241.0,524.0,624.0,4,627.0
5.0,6.0,30.0,213.0,809.0,873.0,4,980.0
5.0,6.0,213.0,769.0,809.0,873.0,4,980.0
5.0,6.0,55.0,213.0,769.0,809.0,4,873.0
5.0,6.0,30.0,55.0,61.0,606.0,4,980.0
5.0,6.0,30.0,55.0,213.0,809.0,4,980.0
5.0,6.0,30.0,55.0,213.0,809.0,4,980.0
5.0,6.0,213.0,769.0,809.0,873.0,4,980.0
5.0,6.0,55.0,213.0,606.0,769.0,4,873.0
5.0,11.0,145.0,188.0,359.0,638.0,4,874.0
5.0,11.0,145.0,150.0,359.0,638.0,4,784.0
5.0,11.0,145.0,150.0,359.0,638.0,4,784.0
5.0,11.0,145.0,150.0,359.0,638.0,4,784.0
5.0,11.0,150.0,188.0,514.0,520.0,4,784.0
5.0,11.0,145.0,188.0,359.0,638.0,4,874.0
5.0,11.0,145.0,150.0,188.0,359.0,4,638.0
5.0,11.0,145.0,150.0,188.0,359.0,4,638.0
5.0,11.0,145.0,188.0,359.0,638.0,4,874.0
5.0,11.0,145.0,188.0,359.0,638.0,4,874.0
5.0,11.0,145.0,150.0,359.0,638.0,4,874.0
5.0,11.0,150.0,368.0,514.0,520.0,4,668.0
5.0,13.0,97.0,164.0,575.0,730.0,4,824.0
5.0,13.0,97.0,238.0,575.0,730.0,4,811.0
5.0,13.0,91.0,164.0,238.0,730.0,4,811.0
5.0,13.0,91.0,137.0,164.0,238.0,4,811.0
5.0,13.0,91.0,137.0,164.0,238.0,4,811.0
5.0,13.0,91.0,137.0,164.0,730.0,4,824.0
5.0,13.0,97.0,164.0,575.0,730.0,4,824.0
5.0,13.0,91.0,137.0,164.0,238.0,4,811.0
5.0,11.0,145.0,150.0,359.0,665.0,4,784.0
5.0,11.0,150.0,187.0,188.0,665.0,4,784.0
5.0,11.0,150.0,188.0,359.0,784.0,4,874.0
5.0,11.0,145.0,150.0,359.0,638.0,4,874.0
5.0,11.0,145.0,188.0,359.0,638.0,4,874.0
5.0,11.0,145.0,188.0,359.0,638.0,4,665.0
5.0,11.0,150.0,188.0,359.0,638.0,4,784.0
5.0,11.0,145.0,188.0,359.0,638.0,4,784.0
5.0,11.0,145.0,188.0,359.0,638.0,4,784.0
5.0,11.0,145.0,188.0,359.0,638.0,4,874.0
5.0,11.0,145.0,188.0,359.0,638.0,4,874.0
5.0,11.0,145.0,188.0,359.0,638.0,4,874.0
5.0,11.0,145.0,188.0,359.0,638.0,4,874.0
5.0,11.0,145.0,150.0,359.0,665.0,4,784.0
5.0,11.0,145.0,150.0,188.0,359.0,4,638.0
5.0,11.0,145.0,188.0,359.0,638.0,4,874.0
5.0,11.0,145.0,188.0,359.0,638.0,4,874.0
5.0,11.0,145.0,188.0,359.0,784.0,4,874.0
5.0,11.0,145.0,187.0,188.0,784.0,4,874.0
5.0,11.0,150.0,187.0,665.0,668.0,4,784.0
5.0,11.0,150.0,187.0,665.0,668.0,4,784.0
5.0,11.0,150.0,187.0,665.0,668.0,4,784.0
5.0,11.0,145.0,188.0,359.0,638.0,4,874.0
5.0,11.0,150.0,188.0,359.0,784.0,4,874.0
5.0,11.0,145.0,150.0,187.0,665.0,4,784.0
5.0,11.0,145.0,188.0,359.0,638.0,4,874.0
5.0,11.0,145.0,188.0,359.0,638.0,4,874.0
5.0,11.0,145.0,188.0,359.0,638.0,4,874.0
5.0,11.0,145.0,188.0,359.0,638.0,4,874.0
5.0,11.0,150.0,187.0,188.0,665.0,4,784.0
5.0,11.0,145.0,150.0,359.0,638.0,4,665.0
5.0,11.0,145.0,150.0,359.0,638.0,4,665.0
5.0,11.0,145.0,150.0,359.0,638.0,4,665.0
5.0,7.0,105.0,455.0,609.0,846.0,4,1005.0
5.0,7.0,105.0,455.0,609.0,846.0,4,902.0
5.0,7.0,105.0,277.0,455.0,846.0,4,902.0
5.0,7.0,105.0,277.0,451.0,455.0,4,902.0
5.0,7.0,277.0,386.0,451.0,455.0,4,902.0
5.0,7.0,105.0,451.0,455.0,609.0,4,902.0
5.0,7.0,105.0,277.0,455.0,609.0,4,846.0
5.0,7.0,105.0,277.0,455.0,609.0,4,846.0
5.0,7.0,105.0,277.0,455.0,846.0,4,1005.0
5.0,11.0,145.0,188.0,359.0,638.0,4,665.0
5.0,11.0,145.0,188.0,299.0,665.0,4,874.0
5.0,11.0,145.0,188.0,359.0,638.0,4,665.0
5.0,11.0,145.0,188.0,359.0,638.0,4,665.0
5.0,11.0,150.0,188.0,359.0,638.0,4,665.0
5.0,11.0,150.0,299.0,668.0,784.0,4,874.0
5.0,11.0,150.0,188.0,359.0,665.0,4,784.0
5.0,11.0,150.0,188.0,299.0,638.0,4,665.0
5.0,11.0,150.0,299.0,668.0,784.0,4,874.0
5.0,11.0,150.0,188.0,359.0,784.0,4,874.0
5.0,11.0,150.0,188.0,359.0,784.0,4,874.0
5.0,11.0,145.0,188.0,359.0,638.0,4,665.0
5.0,11.0,145.0,188.0,359.0,638.0,4,665.0
5.0,11.0,145.0,188.0,299.0,638.0,4,665.0
5.0,11.0,145.0,188.0,359.0,665.0,4,784.0
5.0,4.0,126.0,487.0,646.0,853.0,4,936.0
5.0,4.0,504.0,601.0,768.0,853.0,4,936.0
5.0,4.0,487.0,504.0,601.0,853.0,4,936.0
5.0,4.0,134.0,487.0,504.0,601.0,4,646.0
5.0,4.0,126.0,646.0,768.0,853.0,4,936.0
5.0,4.0,134.0,487.0,504.0,601.0,4,646.0
5.0,4.0,134.0,487.0,504.0,601.0,4,646.0
5.0,14.0,48.0,531.0,688.0,700.0,4,922.0
5.0,14.0,48.0,531.0,688.0,700.0,4,922.0
5.0,14.0,592.0,688.0,786.0,809.0,4,983.0
5.0,28.0,397.0,418.0,608.0,822.0,4,1016.0
5.0,28.0,397.0,514.0,639.0,761.0,4,1016.0
5.0,28.0,397.0,418.0,608.0,639.0,4,822.0
5.0,28.0,418.0,497.0,608.0,822.0,4,1016.0
5.0,28.0,397.0,418.0,608.0,822.0,4,1016.0
5.0,7.0,250.0,277.0,386.0,455.0,4,1005.0
5.0,7.0,105.0,277.0,451.0,846.0,4,902.0
5.0,7.0,277.0,386.0,451.0,846.0,4,902.0
5.0,7.0,112.0,250.0,277.0,455.0,4,1005.0
5.0,7.0,105.0,451.0,455.0,902.0,4,1005.0
5.0,7.0,105.0,277.0,451.0,455.0,4,1005.0
5.0,7.0,105.0,277.0,451.0,455.0,4,1005.0
5.0,11.0,145.0,188.0,359.0,638.0,4,665.0
5.0,11.0,145.0,188.0,359.0,638.0,4,665.0
5.0,11.0,150.0,188.0,602.0,784.0,4,874.0
5.0,11.0,150.0,359.0,638.0,668.0,4,874.0
5.0,11.0,145.0,188.0,359.0,638.0,4,874.0
5.0,11.0,145.0,188.0,359.0,638.0,4,665.0
5.0,11.0,150.0,188.0,359.0,638.0,4,665.0
5.0,11.0,150.0,188.0,359.0,665.0,4,784.0
5.0,11.0,150.0,188.0,359.0,784.0,4,874.0
5.0,11.0,150.0,188.0,359.0,638.0,4,784.0
5.0,11.0,150.0,188.0,359.0,638.0,4,784.0
5.0,11.0,150.0,188.0,359.0,638.0,4,874.0
5.0,11.0,150.0,187.0,188.0,368.0,4,784.0
5.0,11.0,150.0,188.0,359.0,638.0,4,874.0
5.0,11.0,150.0,188.0,359.0,638.0,4,784.0
5.0,11.0,150.0,187.0,368.0,668.0,4,784.0
5.0,11.0,187.0,188.0,368.0,668.0,4,784.0
5.0,11.0,150.0,187.0,368.0,668.0,4,784.0
5.0,11.0,150.0,359.0,368.0,668.0,4,784.0
5.0,18.0,226.0,579.0,642.0,702.0,4,1015.0
5.0,18.0,226.0,396.0,579.0,642.0,4,702.0
5.0,18.0,62.0,64.0,396.0,579.0,4,834.0
5.0,18.0,62.0,64.0,260.0,834.0,4,1013.0
5.0,18.0,260.0,579.0,642.0,702.0,4,1013.0
5.0,18.0,62.0,64.0,396.0,579.0,4,642.0
5.0,18.0,64.0,260.0,396.0,579.0,4,834.0
5.0,18.0,64.0,579.0,642.0,702.0,4,834.0
5.0,18.0,64.0,579.0,642.0,702.0,4,834.0
5.0,18.0,64.0,260.0,642.0,702.0,4,834.0
5.0,18.0,64.0,260.0,642.0,702.0,4,834.0
5.0,18.0,64.0,260.0,642.0,702.0,4,834.0
5.0,18.0,62.0,579.0,702.0,834.0,4,1013.0
5.0,18.0,226.0,579.0,642.0,702.0,4,1015.0
5.0,18.0,226.0,579.0,642.0,702.0,4,1015.0
5.0,18.0,226.0,579.0,702.0,834.0,4,1013.0
5.0,18.0,64.0,260.0,579.0,834.0,4,1013.0
5.0,18.0,64.0,579.0,642.0,702.0,4,834.0
5.0,18.0,226.0,579.0,642.0,702.0,4,1015.0
5.0,18.0,64.0,260.0,579.0,642.0,4,834.0
5.0,18.0,62.0,64.0,260.0,834.0,4,1013.0
5.0,18.0,62.0,64.0,260.0,834.0,4,1013.0
5.0,18.0,260.0,579.0,642.0,702.0,4,834.0
5.0,18.0,260.0,579.0,642.0,702.0,4,834.0
5.0,34.0,167.0,404.0,506.0,753.0,4,975.0
5.0,34.0,167.0,506.0,583.0,753.0,4,975.0
5.0,34.0,36.0,167.0,404.0,517.0,4,753.0
5.0,34.0,167.0,436.0,517.0,753.0,4,975.0
5.0,34.0,36.0,167.0,404.0,506.0,4,753.0
5.0,32.0,34.0,44.0,241.0,524.0,4,817.0
5.0,32.0,34.0,44.0,241.0,426.0,4,524.0
5.0,32.0,44.0,302.0,426.0,524.0,4,624.0
5.0,32.0,34.0,302.0,426.0,524.0,4,624.0
5.0,32.0,44.0,241.0,426.0,524.0,4,624.0
5.0,32.0,44.0,241.0,426.0,524.0,4,624.0
5.0,32.0,34.0,44.0,241.0,524.0,4,624.0
5.0,32.0,34.0,44.0,241.0,524.0,4,817.0
5.0,32.0,34.0,44.0,241.0,524.0,4,624.0
5.0,32.0,44.0,241.0,302.0,426.0,4,524.0
5.0,32.0,34.0,44.0,241.0,426.0,4,524.0
5.0,18.0,62.0,64.0,260.0,396.0,4,834.0
5.0,18.0,62.0,64.0,579.0,642.0,4,834.0
5.0,18.0,62.0,64.0,579.0,642.0,4,834.0
5.0,18.0,62.0,64.0,579.0,642.0,4,834.0
5.0,18.0,62.0,64.0,260.0,396.0,4,834.0
5.0,18.0,64.0,260.0,396.0,579.0,4,642.0
5.0,0.0,394.0,437.0,535.0,686.0,4,1007.0
5.0,0.0,437.0,535.0,686.0,1007.0,4,1037.0
5.0,0.0,465.0,493.0,535.0,1024.0,4,1037.0
5.0,0.0,394.0,465.0,493.0,535.0,4,1024.0
5.0,0.0,394.0,448.0,465.0,493.0,4,1007.0
5.0,0.0,280.0,394.0,448.0,493.0,4,1007.0
5.0,0.0,394.0,448.0,465.0,1007.0,4,1024.0
5.0,0.0,394.0,448.0,465.0,1007.0,4,1024.0
5.0,0.0,394.0,448.0,465.0,493.0,4,1024.0
5.0,0.0,394.0,465.0,493.0,535.0,4,1024.0
5.0,18.0,260.0,396.0,579.0,834.0,4,1015.0
5.0,18.0,64.0,579.0,642.0,758.0,4,834.0
5.0,18.0,579.0,642.0,758.0,834.0,4,1015.0
5.0,18.0,64.0,260.0,396.0,579.0,4,1013.0
5.0,18.0,64.0,260.0,396.0,579.0,4,1013.0
5.0,18.0,64.0,579.0,758.0,834.0,4,1013.0
5.0,13.0,91.0,151.0,238.0,811.0,4,866.0
5.0,13.0,91.0,238.0,730.0,811.0,4,866.0
5.0,13.0,91.0,730.0,811.0,824.0,4,866.0
5.0,13.0,91.0,187.0,730.0,824.0,4,866.0
5.0,13.0,91.0,187.0,730.0,824.0,4,866.0
5.0,13.0,91.0,187.0,730.0,811.0,4,910.0
5.0,13.0,151.0,730.0,811.0,824.0,4,910.0
5.0,13.0,91.0,151.0,238.0,730.0,4,811.0
5.0,13.0,730.0,811.0,824.0,866.0,4,910.0
5.0,13.0,91.0,151.0,238.0,730.0,4,866.0
5.0,7.0,112.0,250.0,451.0,609.0,4,902.0
5.0,7.0,112.0,451.0,455.0,902.0,4,1033.0
5.0,7.0,115.0,386.0,451.0,455.0,4,1033.0
5.0,7.0,115.0,386.0,455.0,846.0,4,1033.0
5.0,7.0,105.0,115.0,455.0,846.0,4,1033.0
5.0,7.0,105.0,115.0,455.0,846.0,4,1033.0
5.0,7.0,105.0,115.0,386.0,455.0,4,846.0
5.0,7.0,112.0,451.0,455.0,609.0,4,902.0
5.0,7.0,112.0,250.0,451.0,902.0,4,1033.0
5.0,7.0,105.0,115.0,386.0,455.0,4,846.0
5.0,7.0,250.0,386.0,451.0,455.0,4,902.0
5.0,18.0,579.0,702.0,758.0,834.0,4,1013.0
5.0,18.0,103.0,579.0,642.0,685.0,4,834.0
5.0,18.0,62.0,579.0,685.0,702.0,4,834.0
5.0,18.0,62.0,579.0,685.0,702.0,4,834.0
5.0,18.0,62.0,579.0,685.0,702.0,4,834.0
5.0,18.0,579.0,702.0,758.0,834.0,4,1013.0
5.0,18.0,226.0,579.0,642.0,685.0,4,834.0
5.0,18.0,226.0,579.0,642.0,685.0,4,834.0
5.0,18.0,579.0,685.0,702.0,758.0,4,834.0
5.0,18.0,579.0,642.0,685.0,758.0,4,834.0
5.0,15.0,659.0,684.0,714.0,802.0,4,860.0
5.0,15.0,218.0,659.0,714.0,764.0,4,802.0
5.0,15.0,218.0,375.0,473.0,764.0,4,860.0
5.0,15.0,218.0,473.0,684.0,764.0,4,860.0
5.0,15.0,218.0,684.0,714.0,764.0,4,802.0
5.0,15.0,218.0,684.0,714.0,802.0,4,860.0
5.0,15.0,218.0,473.0,659.0,764.0,4,860.0
5.0,15.0,218.0,473.0,659.0,764.0,4,860.0
5.0,15.0,473.0,684.0,764.0,802.0,4,860.0
5.0,18.0,579.0,685.0,702.0,758.0,4,834.0
5.0,18.0,396.0,579.0,685.0,702.0,4,834.0
5.0,18.0,396.0,579.0,642.0,685.0,4,702.0
5.0,18.0,260.0,579.0,685.0,702.0,4,834.0
5.0,18.0,260.0,685.0,702.0,758.0,4,834.0
5.0,18.0,260.0,579.0,685.0,702.0,4,834.0
5.0,18.0,260.0,396.0,579.0,702.0,4,834.0
5.0,18.0,260.0,579.0,642.0,702.0,4,834.0
5.0,18.0,579.0,642.0,758.0,834.0,4,1015.0
5.0,18.0,396.0,579.0,685.0,702.0,4,1015.0
5.0,18.0,260.0,396.0,685.0,702.0,4,758.0
5.0,18.0,579.0,642.0,702.0,758.0,4,834.0
5.0,18.0,579.0,642.0,758.0,834.0,4,1015.0
5.0,18.0,579.0,702.0,758.0,834.0,4,1013.0
5.0,25.0,294.0,380.0,421.0,453.0,4,864.0
5.0,25.0,356.0,380.0,421.0,453.0,4,864.0
5.0,25.0,158.0,356.0,380.0,398.0,4,864.0
5.0,25.0,158.0,300.0,356.0,398.0,4,798.0
5.0,25.0,294.0,300.0,380.0,398.0,4,421.0
5.0,25.0,294.0,300.0,380.0,398.0,4,421.0
5.0,25.0,356.0,380.0,398.0,421.0,4,864.0
5.0,25.0,294.0,380.0,421.0,453.0,4,864.0
5.0,25.0,300.0,356.0,398.0,421.0,4,798.0
5.0,25.0,294.0,380.0,398.0,421.0,4,864.0
5.0,18.0,396.0,579.0,758.0,834.0,4,1015.0
5.0,18.0,260.0,396.0,685.0,702.0,4,758.0
5.0,18.0,579.0,642.0,758.0,834.0,4,1015.0
5.0,18.0,579.0,642.0,758.0,834.0,4,1015.0
5.0,18.0,579.0,642.0,758.0,834.0,4,1015.0
5.0,18.0,579.0,642.0,685.0,758.0,4,834.0
5.0,18.0,396.0,579.0,642.0,685.0,4,758.0
5.0,18.0,396.0,579.0,642.0,685.0,4,758.0
5.0,18.0,396.0,579.0,642.0,685.0,4,758.0
5.0,18.0,579.0,642.0,758.0,834.0,4,1015.0
5.0,18.0,260.0,396.0,685.0,702.0,4,758.0
5.0,18.0,260.0,396.0,579.0,685.0,4,834.0
5.0,13.0,91.0,137.0,164.0,238.0,4,811.0
5.0,13.0,91.0,97.0,575.0,730.0,4,811.0
5.0,13.0,97.0,164.0,575.0,730.0,4,824.0
5.0,13.0,137.0,164.0,238.0,730.0,4,824.0
5.0,13.0,91.0,137.0,164.0,238.0,4,811.0
5.0,13.0,91.0,137.0,164.0,238.0,4,811.0
5.0,14.0,48.0,254.0,592.0,700.0,4,786.0
5.0,14.0,48.0,254.0,592.0,688.0,4,786.0
5.0,14.0,48.0,49.0,688.0,922.0,4,983.0
5.0,14.0,48.0,49.0,688.0,922.0,4,983.0
5.0,14.0,48.0,254.0,592.0,700.0,4,786.0
5.0,14.0,592.0,688.0,786.0,922.0,4,983.0
5.0,14.0,592.0,688.0,786.0,922.0,4,983.0
5.0,14.0,48.0,592.0,700.0,786.0,4,922.0
5.0,28.0,418.0,497.0,608.0,754.0,4,1016.0
5.0,28.0,353.0,608.0,754.0,822.0,4,1016.0
5.0,28.0,353.0,608.0,754.0,822.0,4,1016.0
5.0,28.0,314.0,353.0,497.0,754.0,4,822.0
5.0,28.0,353.0,418.0,497.0,608.0,4,754.0
5.0,28.0,353.0,418.0,497.0,754.0,4,1016.0
5.0,28.0,314.0,353.0,418.0,665.0,4,1016.0
5.0,28.0,314.0,497.0,608.0,822.0,4,1016.0
5.0,28.0,353.0,418.0,754.0,822.0,4,1016.0
5.0,18.0,226.0,579.0,642.0,834.0,4,1015.0
5.0,18.0,226.0,396.0,579.0,642.0,4,1015.0
5.0,18.0,260.0,579.0,685.0,702.0,4,834.0
5.0,18.0,260.0,396.0,579.0,642.0,4,1015.0
5.0,18.0,226.0,579.0,642.0,834.0,4,1015.0
5.0,18.0,226.0,396.0,579.0,642.0,4,702.0
5.0,18.0,260.0,396.0,579.0,642.0,4,702.0
5.0,18.0,260.0,396.0,579.0,642.0,4,1015.0
5.0,18.0,260.0,396.0,579.0,642.0,4,1015.0
5.0,18.0,260.0,396.0,579.0,685.0,4,1015.0
5.0,18.0,226.0,579.0,642.0,685.0,4,702.0
5.0,18.0,260.0,579.0,642.0,702.0,4,1015.0
5.0,18.0,226.0,579.0,642.0,834.0,4,1015.0
5.0,18.0,260.0,579.0,642.0,685.0,4,834.0
5.0,18.0,260.0,642.0,758.0,834.0,4,1015.0
5.0,18.0,260.0,642.0,758.0,834.0,4,1015.0
5.0,18.0,260.0,685.0,758.0,834.0,4,1015.0
5.0,18.0,260.0,685.0,758.0,834.0,4,1015.0
5.0,18.0,226.0,260.0,685.0,702.0,4,834.0
5.0,18.0,260.0,642.0,685.0,702.0,4,758.0
5.0,18.0,260.0,642.0,702.0,758.0,4,834.0
5.0,18.0,260.0,642.0,702.0,758.0,4,834.0
5.0,18.0,260.0,642.0,758.0,834.0,4,1015.0
5.0,18.0,260.0,642.0,685.0,758.0,4,834.0
5.0,18.0,260.0,642.0,685.0,758.0,4,834.0
5.0,18.0,260.0,642.0,685.0,702.0,4,758.0
5.0,18.0,260.0,579.0,642.0,758.0,4,1013.0
5.0,18.0,260.0,579.0,642.0,685.0,4,1015.0
5.0,18.0,260.0,579.0,642.0,702.0,4,1013.0
5.0,18.0,579.0,642.0,758.0,1013.0,4,1015.0
5.0,18.0,579.0,642.0,758.0,1013.0,4,1015.0
5.0,14.0,48.0,592.0,700.0,786.0,4,922.0
5.0,14.0,592.0,688.0,786.0,809.0,4,983.0
5.0,14.0,48.0,49.0,688.0,809.0,4,983.0
5.0,14.0,48.0,49.0,688.0,809.0,4,983.0
5.0,14.0,48.0,592.0,700.0,786.0,4,922.0
5.0,14.0,48.0,592.0,700.0,809.0,4,983.0
5.0,10.0,52.0,111.0,234.0,285.0,4,740.0
5.0,10.0,111.0,234.0,278.0,591.0,4,829.0
5.0,10.0,111.0,278.0,285.0,740.0,4,829.0
5.0,10.0,111.0,147.0,234.0,278.0,4,829.0
5.0,10.0,111.0,147.0,234.0,278.0,4,285.0
5.0,10.0,234.0,278.0,285.0,591.0,4,740.0
5.0,10.0,234.0,278.0,285.0,591.0,4,740.0
5.0,10.0,234.0,278.0,285.0,591.0,4,740.0
5.0,10.0,111.0,234.0,278.0,740.0,4,829.0
5.0,10.0,111.0,147.0,278.0,285.0,4,829.0
5.0,10.0,111.0,147.0,278.0,285.0,4,829.0
5.0,15.0,218.0,684.0,714.0,860.0,4,960.0
5.0,15.0,218.0,684.0,714.0,860.0,4,960.0
5.0,15.0,218.0,764.0,860.0,960.0,4,1036.0
5.0,15.0,218.0,684.0,714.0,764.0,4,860.0
5.0,18.0,64.0,579.0,642.0,685.0,4,1013.0
5.0,18.0,64.0,260.0,579.0,642.0,4,1013.0
5.0,18.0,260.0,579.0,642.0,685.0,4,1013.0
5.0,18.0,64.0,260.0,579.0,651.0,4,1013.0
5.0,28.0,397.0,608.0,754.0,822.0,4,1016.0
5.0,28.0,418.0,514.0,608.0,639.0,4,1016.0
5.0,28.0,418.0,514.0,608.0,639.0,4,754.0
5.0,28.0,397.0,418.0,514.0,639.0,4,754.0
5.0,28.0,191.0,397.0,418.0,514.0,4,754.0
5.0,28.0,397.0,418.0,608.0,822.0,4,1016.0
5.0,28.0,397.0,608.0,754.0,822.0,4,1016.0
5.0,28.0,418.0,608.0,639.0,754.0,4,822.0
5.0,28.0,397.0,418.0,514.0,639.0,4,1016.0
5.0,28.0,397.0,418.0,514.0,608.0,4,1016.0
5.0,28.0,397.0,608.0,754.0,822.0,4,1016.0
5.0,18.0,396.0,579.0,685.0,758.0,4,1015.0
5.0,18.0,103.0,579.0,651.0,685.0,4,1015.0
5.0,18.0,103.0,579.0,651.0,685.0,4,1015.0
5.0,18.0,103.0,579.0,651.0,1013.0,4,1015.0
5.0,18.0,103.0,260.0,651.0,1013.0,4,1015.0
5.0,18.0,260.0,396.0,579.0,758.0,4,1013.0
5.0,18.0,260.0,579.0,651.0,1013.0,4,1015.0
5.0,18.0,64.0,396.0,579.0,1013.0,4,1015.0
5.0,18.0,64.0,396.0,579.0,1013.0,4,1015.0
5.0,18.0,260.0,396.0,685.0,758.0,4,1015.0
5.0,18.0,62.0,260.0,396.0,685.0,4,702.0
5.0,18.0,62.0,64.0,651.0,702.0,4,1015.0
5.0,18.0,62.0,64.0,651.0,685.0,4,702.0
5.0,18.0,62.0,651.0,702.0,758.0,4,1015.0
5.0,12.0,216.0,237.0,350.0,788.0,4,856.0
5.0,12.0,216.0,350.0,624.0,856.0,4,986.0
5.0,12.0,216.0,350.0,624.0,856.0,4,986.0
5.0,12.0,216.0,230.0,624.0,633.0,4,986.0
5.0,12.0,201.0,230.0,237.0,624.0,4,986.0
5.0,12.0,201.0,237.0,350.0,788.0,4,856.0
5.0,12.0,216.0,237.0,350.0,788.0,4,856.0
5.0,12.0,216.0,237.0,350.0,788.0,4,856.0
5.0,12.0,230.0,624.0,633.0,788.0,4,986.0
5.0,12.0,0.0,201.0,624.0,633.0,4,986.0
5.0,12.0,0.0,201.0,461.0,607.0,4,624.0
5.0,18.0,64.0,396.0,702.0,758.0,4,1013.0
5.0,18.0,62.0,64.0,396.0,758.0,4,1013.0
5.0,18.0,62.0,396.0,685.0,758.0,4,1015.0
5.0,18.0,64.0,103.0,396.0,702.0,4,1013.0
5.0,9.0,81.0,149.0,510.0,845.0,4,941.0
5.0,9.0,81.0,149.0,366.0,845.0,4,941.0
5.0,9.0,81.0,149.0,845.0,941.0,4,1000.0
5.0,9.0,81.0,149.0,510.0,1000.0,4,1019.0
5.0,9.0,81.0,149.0,510.0,1000.0,4,1019.0
5.0,18.0,62.0,396.0,685.0,758.0,4,1015.0
5.0,18.0,62.0,396.0,685.0,758.0,4,1015.0
5.0,18.0,62.0,396.0,685.0,758.0,4,1015.0
5.0,18.0,62.0,260.0,396.0,685.0,4,702.0
5.0,18.0,64.0,260.0,396.0,702.0,4,1013.0
5.0,18.0,64.0,396.0,685.0,702.0,4,758.0
5.0,23.0,33.0,136.0,613.0,959.0,4,994.0
5.0,23.0,136.0,382.0,388.0,440.0,4,529.0
5.0,23.0,136.0,382.0,388.0,440.0,4,529.0
5.0,23.0,33.0,388.0,440.0,827.0,4,959.0
5.0,23.0,33.0,388.0,440.0,827.0,4,959.0
5.0,23.0,33.0,136.0,613.0,959.0,4,994.0
5.0,23.0,33.0,382.0,388.0,440.0,4,613.0
5.0,23.0,136.0,382.0,529.0,959.0,4,994.0
5.0,23.0,33.0,136.0,613.0,959.0,4,994.0
5.0,10.0,234.0,285.0,393.0,599.0,4,731.0
5.0,10.0,111.0,234.0,285.0,591.0,4,731.0
5.0,10.0,111.0,285.0,310.0,393.0,4,591.0
5.0,10.0,278.0,285.0,310.0,393.0,4,591.0
5.0,10.0,278.0,285.0,310.0,393.0,4,591.0
5.0,10.0,52.0,234.0,285.0,393.0,4,731.0
5.0,10.0,52.0,234.0,285.0,393.0,4,731.0
5.0,10.0,111.0,234.0,285.0,599.0,4,731.0
5.0,10.0,111.0,234.0,285.0,393.0,4,599.0
5.0,10.0,111.0,285.0,310.0,393.0,4,599.0
5.0,10.0,111.0,285.0,310.0,393.0,4,599.0
5.0,10.0,111.0,234.0,278.0,285.0,4,731.0
5.0,10.0,111.0,234.0,278.0,285.0,4,731.0
5.0,10.0,111.0,234.0,278.0,285.0,4,731.0
5.0,10.0,111.0,234.0,278.0,285.0,4,731.0
5.0,14.0,254.0,266.0,531.0,592.0,4,786.0
5.0,14.0,254.0,531.0,592.0,700.0,4,786.0
5.0,14.0,531.0,592.0,700.0,922.0,4,983.0
5.0,14.0,531.0,592.0,700.0,922.0,4,983.0
5.0,14.0,450.0,688.0,700.0,922.0,4,983.0
5.0,14.0,450.0,700.0,786.0,922.0,4,983.0
5.0,14.0,450.0,531.0,700.0,922.0,4,983.0
5.0,14.0,254.0,531.0,592.0,688.0,4,786.0
5.0,14.0,254.0,592.0,688.0,786.0,4,983.0
5.0,14.0,254.0,592.0,688.0,786.0,4,983.0
5.0,14.0,450.0,531.0,700.0,786.0,4,922.0
5.0,14.0,450.0,531.0,700.0,786.0,4,922.0
5.0,14.0,450.0,700.0,786.0,922.0,4,983.0
5.0,14.0,592.0,688.0,786.0,922.0,4,983.0
5.0,14.0,592.0,688.0,786.0,922.0,4,983.0
5.0,14.0,592.0,688.0,786.0,922.0,4,983.0
5.0,23.0,136.0,529.0,613.0,959.0,4,994.0
5.0,23.0,136.0,382.0,529.0,713.0,4,994.0
5.0,23.0,136.0,382.0,713.0,925.0,4,994.0
5.0,23.0,136.0,382.0,713.0,925.0,4,994.0
5.0,23.0,136.0,529.0,613.0,959.0,4,994.0
5.0,23.0,136.0,529.0,613.0,959.0,4,994.0
5.0,23.0,382.0,529.0,613.0,959.0,4,994.0
5.0,23.0,136.0,382.0,613.0,959.0,4,994.0
5.0,23.0,33.0,136.0,388.0,613.0,4,994.0
5.0,23.0,382.0,388.0,529.0,827.0,4,959.0
5.0,23.0,33.0,382.0,388.0,827.0,4,959.0
5.0,23.0,33.0,136.0,388.0,959.0,4,994.0
5.0,23.0,33.0,136.0,613.0,959.0,4,994.0
5.0,23.0,33.0,388.0,613.0,959.0,4,994.0
5.0,23.0,33.0,382.0,388.0,827.0,4,959.0
5.0,23.0,33.0,382.0,388.0,613.0,4,827.0
5.0,23.0,136.0,613.0,827.0,959.0,4,994.0
5.0,23.0,33.0,136.0,382.0,959.0,4,994.0
5.0,34.0,36.0,404.0,506.0,753.0,4,814.0
5.0,34.0,36.0,404.0,506.0,753.0,4,814.0
5.0,34.0,404.0,506.0,753.0,814.0,4,975.0
5.0,34.0,506.0,583.0,753.0,814.0,4,975.0
5.0,34.0,167.0,506.0,583.0,753.0,4,975.0
5.0,34.0,36.0,167.0,404.0,506.0,4,517.0
5.0,34.0,36.0,167.0,404.0,506.0,4,753.0
5.0,34.0,167.0,506.0,583.0,753.0,4,975.0
5.0,34.0,36.0,404.0,506.0,753.0,4,975.0
5.0,9.0,81.0,109.0,366.0,510.0,4,941.0
5.0,9.0,81.0,109.0,366.0,452.0,4,941.0
5.0,9.0,81.0,109.0,366.0,452.0,4,941.0
5.0,9.0,81.0,109.0,204.0,366.0,4,452.0
5.0,9.0,85.0,109.0,204.0,452.0,4,1019.0
5.0,9.0,85.0,109.0,204.0,1000.0,4,1019.0
5.0,23.0,33.0,136.0,388.0,613.0,4,994.0
5.0,23.0,136.0,382.0,388.0,529.0,4,994.0
5.0,23.0,33.0,388.0,529.0,613.0,4,713.0
5.0,23.0,33.0,136.0,388.0,613.0,4,994.0
5.0,23.0,136.0,382.0,529.0,959.0,4,994.0
5.0,23.0,33.0,136.0,388.0,613.0,4,994.0
5.0,23.0,33.0,136.0,388.0,613.0,4,994.0
5.0,23.0,136.0,382.0,529.0,959.0,4,994.0
5.0,23.0,33.0,136.0,388.0,613.0,4,994.0
5.0,23.0,33.0,136.0,388.0,529.0,4,613.0
5.0,23.0,136.0,382.0,388.0,529.0,4,994.0
5.0,23.0,136.0,382.0,529.0,959.0,4,994.0
5.0,23.0,33.0,382.0,388.0,529.0,4,959.0
5.0,15.0,659.0,684.0,714.0,860.0,4,960.0
5.0,15.0,218.0,534.0,659.0,764.0,4,802.0
5.0,15.0,218.0,534.0,659.0,764.0,4,802.0
5.0,15.0,218.0,684.0,714.0,860.0,4,960.0
5.0,15.0,659.0,684.0,714.0,860.0,4,960.0
5.0,15.0,659.0,684.0,714.0,860.0,4,960.0
5.0,15.0,659.0,684.0,714.0,860.0,4,960.0
5.0,15.0,218.0,534.0,659.0,764.0,4,802.0
5.0,15.0,218.0,659.0,714.0,764.0,4,860.0
5.0,23.0,136.0,388.0,529.0,613.0,4,994.0
5.0,23.0,136.0,440.0,613.0,713.0,4,959.0
5.0,23.0,136.0,388.0,440.0,529.0,4,613.0
5.0,23.0,136.0,388.0,440.0,613.0,4,994.0
5.0,23.0,136.0,382.0,440.0,529.0,4,959.0
5.0,23.0,33.0,136.0,388.0,440.0,4,959.0
5.0,6.0,35.0,55.0,61.0,606.0,4,769.0
5.0,6.0,35.0,61.0,606.0,769.0,4,873.0
5.0,6.0,30.0,213.0,809.0,867.0,4,873.0
5.0,6.0,35.0,55.0,61.0,606.0,4,769.0
5.0,6.0,35.0,55.0,61.0,606.0,4,769.0
5.0,6.0,35.0,55.0,61.0,606.0,4,769.0
5.0,6.0,30.0,35.0,213.0,809.0,4,873.0
5.0,6.0,30.0,213.0,809.0,867.0,4,873.0
5.0,6.0,30.0,213.0,809.0,867.0,4,873.0
5.0,6.0,30.0,35.0,55.0,61.0,4,606.0
5.0,23.0,33.0,136.0,388.0,613.0,4,994.0
5.0,23.0,136.0,440.0,613.0,959.0,4,994.0
5.0,23.0,136.0,440.0,613.0,959.0,4,994.0
5.0,23.0,33.0,136.0,388.0,440.0,4,959.0
5.0,23.0,33.0,136.0,388.0,613.0,4,994.0
5.0,23.0,33.0,136.0,388.0,613.0,4,994.0
5.0,23.0,33.0,136.0,388.0,613.0,4,994.0
5.0,23.0,136.0,440.0,613.0,959.0,4,994.0
5.0,23.0,33.0,382.0,388.0,440.0,4,959.0
5.0,23.0,33.0,382.0,388.0,959.0,4,994.0
5.0,23.0,33.0,382.0,388.0,959.0,4,994.0
5.0,23.0,33.0,382.0,388.0,959.0,4,994.0
5.0,23.0,382.0,388.0,472.0,481.0,4,827.0
5.0,23.0,382.0,472.0,481.0,827.0,4,925.0
5.0,23.0,136.0,388.0,440.0,613.0,4,994.0
5.0,23.0,33.0,382.0,440.0,613.0,4,959.0
5.0,23.0,33.0,136.0,388.0,613.0,4,994.0
5.0,23.0,33.0,136.0,388.0,613.0,4,994.0
5.0,23.0,33.0,136.0,613.0,959.0,4,994.0
5.0,23.0,136.0,440.0,613.0,959.0,4,994.0
5.0,23.0,136.0,440.0,613.0,959.0,4,994.0
5.0,23.0,33.0,382.0,388.0,440.0,4,959.0
5.0,23.0,33.0,136.0,388.0,613.0,4,994.0
5.0,23.0,33.0,136.0,388.0,613.0,4,994.0
5.0,1.0,106.0,477.0,711.0,790.0,4,808.0
5.0,1.0,78.0,106.0,169.0,711.0,4,790.0
5.0,1.0,78.0,106.0,577.0,711.0,4,790.0
5.0,1.0,106.0,169.0,790.0,808.0,4,820.0
5.0,1.0,106.0,577.0,711.0,790.0,4,808.0
5.0,1.0,106.0,169.0,711.0,790.0,4,808.0
5.0,1.0,78.0,169.0,577.0,790.0,4,820.0
5.0,1.0,78.0,106.0,577.0,790.0,4,820.0
5.0,23.0,33.0,136.0,388.0,613.0,4,994.0
5.0,23.0,136.0,440.0,472.0,613.0,4,827.0
5.0,23.0,33.0,382.0,440.0,472.0,4,959.0
5.0,23.0,33.0,382.0,440.0,472.0,4,959.0
5.0,23.0,136.0,382.0,388.0,472.0,4,994.0
5.0,23.0,136.0,382.0,388.0,472.0,4,994.0
5.0,23.0,136.0,388.0,440.0,472.0,4,994.0
5.0,23.0,136.0,388.0,440.0,613.0,4,994.0
5.0,23.0,136.0,440.0,472.0,959.0,4,994.0
5.0,23.0,136.0,440.0,472.0,959.0,4,994.0
5.0,23.0,33.0,382.0,440.0,472.0,4,959.0
5.0,23.0,33.0,382.0,388.0,440.0,4,472.0
5.0,23.0,33.0,382.0,388.0,440.0,4,472.0
5.0,23.0,33.0,136.0,388.0,472.0,4,994.0
5.0,34.0,167.0,404.0,506.0,753.0,4,975.0
5.0,34.0,167.0,404.0,506.0,753.0,4,975.0
5.0,34.0,404.0,436.0,506.0,517.0,4,695.0
5.0,34.0,167.0,436.0,506.0,753.0,4,975.0
5.0,34.0,167.0,404.0,506.0,753.0,4,975.0
5.0,34.0,167.0,404.0,506.0,753.0,4,975.0
5.0,34.0,167.0,404.0,506.0,753.0,4,975.0
5.0,34.0,167.0,506.0,583.0,753.0,4,975.0
5.0,34.0,506.0,695.0,753.0,847.0,4,975.0
5.0,23.0,382.0,440.0,472.0,613.0,4,994.0
5.0,23.0,382.0,388.0,440.0,713.0,4,925.0
5.0,23.0,382.0,472.0,713.0,925.0,4,994.0
5.0,23.0,382.0,472.0,613.0,925.0,4,994.0
5.0,23.0,440.0,472.0,613.0,925.0,4,994.0
5.0,23.0,382.0,388.0,440.0,713.0,4,925.0
5.0,23.0,382.0,388.0,440.0,713.0,4,925.0
5.0,23.0,382.0,388.0,472.0,925.0,4,994.0
5.0,23.0,382.0,388.0,440.0,472.0,4,994.0
5.0,32.0,3.0,34.0,241.0,426.0,4,524.0
5.0,32.0,34.0,241.0,302.0,426.0,4,524.0
5.0,32.0,57.0,241.0,302.0,624.0,4,627.0
5.0,32.0,34.0,426.0,524.0,624.0,4,627.0
5.0,32.0,34.0,241.0,524.0,624.0,4,627.0
5.0,32.0,3.0,34.0,241.0,524.0,4,627.0
5.0,32.0,34.0,241.0,302.0,524.0,4,627.0
5.0,32.0,241.0,302.0,524.0,624.0,4,627.0
5.0,32.0,57.0,241.0,302.0,624.0,4,627.0
5.0,32.0,34.0,241.0,524.0,624.0,4,627.0
5.0,23.0,33.0,388.0,440.0,472.0,4,925.0
5.0,23.0,33.0,382.0,388.0,472.0,4,994.0
5.0,23.0,33.0,382.0,472.0,613.0,4,994.0
5.0,23.0,440.0,472.0,613.0,925.0,4,994.0
5.0,23.0,388.0,440.0,472.0,925.0,4,994.0
5.0,23.0,33.0,388.0,440.0,613.0,4,925.0
5.0,23.0,33.0,382.0,388.0,440.0,4,925.0
5.0,23.0,33.0,388.0,472.0,613.0,4,994.0
5.0,23.0,400.0,440.0,472.0,613.0,4,994.0
5.0,23.0,400.0,440.0,472.0,613.0,4,994.0
5.0,23.0,400.0,440.0,472.0,925.0,4,994.0
5.0,23.0,400.0,440.0,472.0,613.0,4,994.0
5.0,23.0,400.0,440.0,472.0,925.0,4,994.0
5.0,23.0,388.0,400.0,440.0,472.0,4,925.0
5.0,23.0,33.0,400.0,440.0,472.0,4,925.0
5.0,23.0,33.0,400.0,472.0,925.0,4,994.0
5.0,23.0,33.0,136.0,472.0,613.0,4,994.0
5.0,23.0,33.0,136.0,472.0,613.0,4,994.0
5.0,23.0,33.0,136.0,440.0,472.0,4,613.0
5.0,23.0,80.0,400.0,440.0,472.0,4,925.0
5.0,23.0,400.0,472.0,613.0,925.0,4,994.0
5.0,23.0,33.0,400.0,472.0,613.0,4,994.0
5.0,23.0,33.0,136.0,400.0,613.0,4,994.0
5.0,23.0,33.0,136.0,472.0,613.0,4,994.0
5.0,23.0,33.0,136.0,472.0,925.0,4,994.0
5.0,23.0,136.0,400.0,440.0,472.0,4,994.0
5.0,23.0,80.0,400.0,440.0,613.0,4,925.0
5.0,23.0,33.0,80.0,400.0,440.0,4,925.0
5.0,23.0,33.0,80.0,400.0,925.0,4,994.0
5.0,23.0,33.0,136.0,472.0,613.0,4,994.0
5.0,23.0,33.0,136.0,472.0,613.0,4,994.0
5.0,23.0,136.0,400.0,440.0,472.0,4,994.0
5.0,23.0,400.0,440.0,472.0,925.0,4,994.0
5.0,23.0,80.0,400.0,440.0,925.0,4,994.0
5.0,23.0,400.0,440.0,481.0,613.0,4,925.0
5.0,23.0,136.0,388.0,400.0,472.0,4,994.0
5.0,23.0,33.0,136.0,472.0,613.0,4,994.0
5.0,23.0,136.0,388.0,440.0,472.0,4,994.0
5.0,23.0,136.0,400.0,472.0,925.0,4,994.0
5.0,23.0,136.0,400.0,472.0,925.0,4,994.0
5.0,23.0,80.0,388.0,400.0,440.0,4,925.0
5.0,23.0,80.0,388.0,400.0,440.0,4,925.0
5.0,23.0,80.0,388.0,400.0,440.0,4,925.0
5.0,23.0,33.0,136.0,388.0,472.0,4,994.0
5.0,1.0,106.0,577.0,790.0,808.0,4,820.0
5.0,1.0,106.0,577.0,790.0,808.0,4,820.0
5.0,1.0,78.0,577.0,586.0,711.0,4,820.0
5.0,1.0,106.0,577.0,790.0,808.0,4,820.0
5.0,1.0,106.0,577.0,790.0,808.0,4,820.0
5.0,1.0,106.0,577.0,790.0,808.0,4,820.0
5.0,1.0,106.0,577.0,790.0,808.0,4,820.0
5.0,1.0,169.0,577.0,790.0,808.0,4,820.0
5.0,1.0,169.0,577.0,790.0,808.0,4,820.0
5.0,1.0,169.0,711.0,790.0,808.0,4,820.0
5.0,1.0,78.0,577.0,586.0,711.0,4,820.0
5.0,1.0,577.0,711.0,790.0,808.0,4,820.0
5.0,1.0,106.0,577.0,790.0,808.0,4,820.0
5.0,7.0,277.0,386.0,451.0,902.0,4,1005.0
5.0,7.0,386.0,451.0,609.0,902.0,4,1005.0
5.0,7.0,277.0,451.0,455.0,609.0,4,902.0
5.0,7.0,277.0,451.0,455.0,609.0,4,902.0
5.0,7.0,455.0,609.0,846.0,902.0,4,1005.0
5.0,7.0,455.0,609.0,846.0,1005.0,4,1033.0
5.0,7.0,277.0,386.0,451.0,902.0,4,1005.0
5.0,7.0,277.0,386.0,451.0,455.0,4,902.0
5.0,7.0,277.0,386.0,451.0,455.0,4,902.0
5.0,23.0,33.0,136.0,472.0,613.0,4,994.0
5.0,23.0,33.0,136.0,388.0,400.0,4,472.0
5.0,23.0,80.0,136.0,388.0,400.0,4,994.0
5.0,23.0,33.0,80.0,388.0,400.0,4,925.0
5.0,23.0,33.0,80.0,613.0,925.0,4,994.0
5.0,23.0,400.0,472.0,613.0,925.0,4,994.0
5.0,23.0,400.0,472.0,613.0,925.0,4,994.0
5.0,4.0,259.0,487.0,601.0,853.0,4,936.0
5.0,4.0,259.0,487.0,601.0,853.0,4,936.0
5.0,4.0,259.0,486.0,487.0,601.0,4,936.0
5.0,4.0,259.0,486.0,487.0,601.0,4,936.0
5.0,4.0,134.0,259.0,486.0,487.0,4,853.0
5.0,4.0,486.0,487.0,504.0,853.0,4,936.0
5.0,4.0,259.0,486.0,487.0,601.0,4,936.0
5.0,4.0,259.0,486.0,487.0,601.0,4,936.0
5.0,4.0,134.0,259.0,486.0,487.0,4,601.0
5.0,23.0,33.0,136.0,472.0,613.0,4,994.0
5.0,23.0,33.0,80.0,136.0,613.0,4,994.0
5.0,23.0,80.0,388.0,400.0,440.0,4,925.0
5.0,23.0,80.0,388.0,400.0,440.0,4,925.0
5.0,23.0,33.0,136.0,472.0,613.0,4,925.0
5.0,23.0,33.0,136.0,472.0,613.0,4,994.0
5.0,23.0,33.0,136.0,472.0,613.0,4,994.0
5.0,23.0,33.0,136.0,388.0,472.0,4,994.0
5.0,23.0,33.0,80.0,388.0,400.0,4,440.0
5.0,23.0,80.0,388.0,400.0,925.0,4,994.0
5.0,23.0,388.0,400.0,472.0,925.0,4,994.0
5.0,23.0,388.0,400.0,529.0,713.0,4,925.0
5.0,23.0,388.0,400.0,481.0,529.0,4,713.0
5.0,23.0,33.0,136.0,472.0,613.0,4,994.0
5.0,23.0,33.0,80.0,136.0,388.0,4,440.0
5.0,23.0,80.0,388.0,400.0,440.0,4,925.0
5.0,23.0,80.0,388.0,400.0,925.0,4,994.0
5.0,23.0,33.0,136.0,472.0,613.0,4,994.0
5.0,23.0,33.0,136.0,472.0,613.0,4,994.0
5.0,23.0,33.0,136.0,472.0,613.0,4,994.0
5.0,23.0,33.0,136.0,400.0,472.0,4,994.0
5.0,23.0,388.0,400.0,440.0,472.0,4,994.0
5.0,23.0,388.0,400.0,440.0,472.0,4,925.0
5.0,23.0,388.0,400.0,440.0,613.0,4,925.0
5.0,23.0,33.0,388.0,400.0,613.0,4,925.0
5.0,23.0,388.0,400.0,481.0,529.0,4,713.0
5.0,12.0,216.0,230.0,237.0,788.0,4,856.0
5.0,12.0,0.0,216.0,350.0,633.0,4,986.0
5.0,12.0,0.0,216.0,350.0,633.0,4,986.0
5.0,12.0,0.0,216.0,350.0,633.0,4,986.0
5.0,12.0,216.0,230.0,237.0,788.0,4,856.0
5.0,12.0,216.0,230.0,237.0,788.0,4,856.0
5.0,12.0,230.0,350.0,788.0,856.0,4,986.0
5.0,12.0,230.0,350.0,788.0,856.0,4,986.0
5.0,12.0,230.0,350.0,788.0,856.0,4,986.0
5.0,23.0,33.0,136.0,472.0,613.0,4,994.0
5.0,23.0,33.0,136.0,472.0,613.0,4,994.0
5.0,23.0,33.0,136.0,388.0,472.0,4,994.0
5.0,23.0,388.0,400.0,440.0,713.0,4,925.0
5.0,23.0,33.0,136.0,400.0,472.0,4,994.0
5.0,23.0,33.0,136.0,472.0,613.0,4,994.0
5.0,23.0,136.0,440.0,472.0,613.0,4,925.0
5.0,23.0,33.0,136.0,472.0,613.0,4,994.0
5.0,23.0,388.0,400.0,440.0,713.0,4,994.0
5.0,23.0,33.0,136.0,472.0,925.0,4,994.0
5.0,23.0,33.0,136.0,472.0,613.0,4,994.0
5.0,26.0,40.0,315.0,488.0,634.0,4,948.0
5.0,26.0,40.0,315.0,333.0,536.0,4,948.0
5.0,26.0,40.0,315.0,488.0,536.0,4,914.0
5.0,26.0,40.0,315.0,333.0,536.0,4,914.0
5.0,26.0,40.0,315.0,333.0,536.0,4,948.0
5.0,26.0,40.0,315.0,333.0,536.0,4,948.0
5.0,26.0,333.0,488.0,634.0,872.0,4,948.0
5.0,26.0,40.0,315.0,488.0,536.0,4,634.0
5.0,32.0,3.0,44.0,241.0,426.0,4,524.0
5.0,32.0,34.0,44.0,241.0,524.0,4,627.0
5.0,32.0,34.0,302.0,346.0,524.0,4,627.0
5.0,32.0,3.0,44.0,241.0,426.0,4,524.0
5.0,32.0,34.0,44.0,241.0,426.0,4,524.0
5.0,32.0,34.0,44.0,241.0,426.0,4,524.0
5.0,32.0,34.0,44.0,241.0,346.0,4,524.0
5.0,32.0,34.0,44.0,241.0,346.0,4,524.0
5.0,32.0,302.0,346.0,426.0,524.0,4,908.0
5.0,23.0,33.0,136.0,472.0,613.0,4,994.0
5.0,23.0,80.0,388.0,400.0,529.0,4,925.0
5.0,23.0,33.0,80.0,136.0,613.0,4,925.0
5.0,23.0,33.0,136.0,472.0,613.0,4,994.0
5.0,23.0,80.0,136.0,400.0,925.0,4,994.0
5.0,23.0,80.0,388.0,400.0,529.0,4,925.0
5.0,23.0,80.0,388.0,400.0,529.0,4,925.0
5.0,23.0,388.0,400.0,529.0,713.0,4,925.0
5.0,23.0,388.0,400.0,481.0,713.0,4,959.0
5.0,23.0,80.0,136.0,388.0,613.0,4,994.0
5.0,23.0,388.0,400.0,713.0,925.0,4,994.0
5.0,23.0,388.0,400.0,529.0,713.0,4,925.0
5.0,23.0,136.0,400.0,529.0,713.0,4,925.0
5.0,23.0,80.0,136.0,400.0,529.0,4,925.0
5.0,23.0,80.0,136.0,613.0,925.0,4,994.0
5.0,23.0,80.0,136.0,388.0,613.0,4,994.0
5.0,23.0,80.0,136.0,388.0,529.0,4,613.0
5.0,23.0,80.0,388.0,400.0,529.0,4,613.0
5.0,23.0,80.0,136.0,388.0,613.0,4,994.0
5.0,23.0,80.0,136.0,388.0,613.0,4,994.0
5.0,23.0,136.0,388.0,400.0,713.0,4,994.0
5.0,23.0,80.0,388.0,400.0,529.0,4,925.0
5.0,23.0,80.0,388.0,400.0,925.0,4,994.0
5.0,0.0,465.0,493.0,535.0,589.0,4,1037.0
5.0,0.0,394.0,483.0,589.0,686.0,4,1024.0
5.0,0.0,535.0,589.0,686.0,1024.0,4,1037.0
5.0,0.0,465.0,535.0,589.0,686.0,4,1037.0
5.0,0.0,465.0,493.0,535.0,589.0,4,1037.0
5.0,0.0,465.0,493.0,535.0,686.0,4,1037.0
5.0,0.0,493.0,535.0,589.0,1024.0,4,1037.0
5.0,0.0,465.0,493.0,535.0,1024.0,4,1037.0
5.0,0.0,465.0,493.0,535.0,1024.0,4,1037.0
5.0,0.0,465.0,493.0,535.0,686.0,4,1024.0
5.0,23.0,80.0,136.0,388.0,613.0,4,994.0
5.0,23.0,136.0,388.0,400.0,959.0,4,994.0
5.0,23.0,400.0,529.0,613.0,925.0,4,959.0
5.0,23.0,400.0,529.0,613.0,925.0,4,959.0
5.0,23.0,80.0,388.0,400.0,529.0,4,925.0
5.0,23.0,80.0,136.0,388.0,400.0,4,994.0
5.0,23.0,80.0,136.0,400.0,529.0,4,925.0
5.0,23.0,388.0,400.0,529.0,613.0,4,925.0
5.0,23.0,136.0,388.0,400.0,925.0,4,994.0
5.0,23.0,80.0,136.0,400.0,925.0,4,994.0
5.0,23.0,80.0,136.0,388.0,400.0,4,994.0
5.0,12.0,216.0,230.0,237.0,788.0,4,856.0
5.0,12.0,201.0,350.0,624.0,633.0,4,986.0
5.0,12.0,201.0,237.0,350.0,624.0,4,986.0
5.0,12.0,201.0,230.0,237.0,788.0,4,856.0
5.0,12.0,216.0,230.0,237.0,788.0,4,856.0
5.0,12.0,201.0,350.0,624.0,633.0,4,986.0
5.0,12.0,201.0,216.0,350.0,624.0,4,633.0
5.0,12.0,201.0,216.0,350.0,624.0,4,633.0
5.0,25.0,294.0,356.0,380.0,421.0,4,453.0
5.0,25.0,294.0,300.0,380.0,421.0,4,453.0
5.0,25.0,158.0,294.0,380.0,398.0,4,453.0
5.0,25.0,294.0,300.0,398.0,421.0,4,453.0
5.0,23.0,80.0,136.0,388.0,613.0,4,994.0
5.0,23.0,136.0,388.0,400.0,613.0,4,994.0
5.0,23.0,136.0,388.0,400.0,613.0,4,994.0
5.0,23.0,400.0,440.0,613.0,925.0,4,959.0
5.0,23.0,400.0,440.0,613.0,925.0,4,959.0
5.0,23.0,136.0,388.0,400.0,925.0,4,959.0
5.0,23.0,136.0,388.0,400.0,925.0,4,994.0
5.0,23.0,136.0,388.0,400.0,613.0,4,994.0
5.0,4.0,126.0,486.0,646.0,853.0,4,936.0
5.0,4.0,486.0,504.0,646.0,853.0,4,936.0
5.0,4.0,504.0,601.0,768.0,853.0,4,936.0
5.0,4.0,504.0,601.0,768.0,853.0,4,936.0
5.0,4.0,134.0,486.0,504.0,601.0,4,646.0
5.0,4.0,126.0,134.0,487.0,646.0,4,828.0
5.0,4.0,126.0,134.0,487.0,646.0,4,828.0
5.0,4.0,126.0,486.0,646.0,828.0,4,936.0
5.0,4.0,504.0,601.0,768.0,853.0,4,936.0
5.0,4.0,126.0,134.0,601.0,853.0,4,936.0
5.0,4.0,126.0,134.0,601.0,646.0,4,936.0
5.0,4.0,126.0,134.0,601.0,646.0,4,936.0
5.0,23.0,80.0,136.0,388.0,613.0,4,994.0
5.0,23.0,80.0,136.0,388.0,400.0,4,994.0
5.0,23.0,80.0,136.0,388.0,400.0,4,994.0
5.0,23.0,136.0,400.0,440.0,713.0,4,925.0
5.0,23.0,400.0,440.0,613.0,713.0,4,925.0
5.0,23.0,80.0,136.0,388.0,400.0,4,994.0
5.0,23.0,80.0,136.0,388.0,613.0,4,994.0
5.0,23.0,80.0,136.0,388.0,613.0,4,994.0
5.0,23.0,80.0,136.0,400.0,613.0,4,994.0
5.0,23.0,80.0,136.0,400.0,613.0,4,994.0
5.0,23.0,136.0,400.0,613.0,713.0,4,994.0
5.0,23.0,136.0,400.0,613.0,713.0,4,994.0
5.0,23.0,400.0,529.0,613.0,713.0,4,925.0
5.0,23.0,400.0,529.0,713.0,925.0,4,959.0
5.0,23.0,80.0,136.0,388.0,400.0,4,994.0
5.0,23.0,136.0,388.0,400.0,713.0,4,994.0
5.0,23.0,136.0,388.0,400.0,440.0,4,713.0
5.0,23.0,388.0,400.0,440.0,713.0,4,925.0
5.0,23.0,400.0,440.0,613.0,713.0,4,925.0
5.0,23.0,400.0,440.0,613.0,713.0,4,925.0
5.0,23.0,136.0,400.0,713.0,925.0,4,994.0
5.0,23.0,136.0,400.0,713.0,925.0,4,994.0
5.0,23.0,80.0,136.0,388.0,613.0,4,994.0
5.0,23.0,136.0,388.0,400.0,925.0,4,994.0
5.0,6.0,55.0,280.0,656.0,769.0,4,873.0
5.0,6.0,280.0,640.0,656.0,769.0,4,873.0
5.0,6.0,61.0,280.0,640.0,769.0,4,980.0
5.0,6.0,55.0,61.0,606.0,769.0,4,980.0
5.0,6.0,55.0,61.0,606.0,656.0,4,873.0
5.0,6.0,55.0,606.0,656.0,769.0,4,873.0
5.0,0.0,465.0,493.0,535.0,589.0,4,686.0
5.0,0.0,394.0,465.0,968.0,1007.0,4,1024.0
5.0,0.0,394.0,437.0,968.0,1007.0,4,1024.0
5.0,0.0,465.0,493.0,535.0,589.0,4,686.0
5.0,0.0,465.0,493.0,535.0,589.0,4,686.0
5.0,0.0,394.0,437.0,968.0,1007.0,4,1024.0
5.0,0.0,465.0,493.0,535.0,686.0,4,1024.0
5.0,0.0,465.0,493.0,535.0,589.0,4,686.0
5.0,0.0,465.0,493.0,535.0,589.0,4,686.0
5.0,23.0,33.0,80.0,136.0,388.0,4,994.0
5.0,23.0,136.0,388.0,400.0,925.0,4,994.0
5.0,23.0,136.0,388.0,400.0,925.0,4,994.0
5.0,23.0,136.0,211.0,400.0,713.0,4,925.0
5.0,23.0,211.0,400.0,613.0,713.0,4,925.0
5.0,23.0,33.0,80.0,136.0,388.0,4,994.0
5.0,23.0,136.0,400.0,713.0,925.0,4,994.0
5.0,23.0,400.0,613.0,713.0,925.0,4,994.0
5.0,23.0,33.0,400.0,613.0,713.0,4,925.0
5.0,10.0,52.0,234.0,285.0,731.0,4,918.0
5.0,10.0,111.0,285.0,310.0,393.0,4,591.0
5.0,10.0,111.0,234.0,285.0,731.0,4,918.0
5.0,10.0,52.0,234.0,285.0,731.0,4,918.0
5.0,10.0,52.0,234.0,285.0,731.0,4,918.0
5.0,10.0,111.0,234.0,599.0,731.0,4,918.0
5.0,10.0,111.0,310.0,393.0,591.0,4,731.0
5.0,10.0,111.0,234.0,285.0,591.0,4,918.0
5.0,10.0,234.0,285.0,599.0,731.0,4,918.0
5.0,10.0,234.0,285.0,599.0,731.0,4,918.0
5.0,10.0,111.0,310.0,393.0,599.0,4,731.0
5.0,10.0,111.0,310.0,591.0,599.0,4,918.0
5.0,10.0,111.0,310.0,591.0,599.0,4,918.0
5.0,10.0,111.0,310.0,591.0,599.0,4,918.0
5.0,10.0,52.0,234.0,285.0,731.0,4,918.0
5.0,10.0,111.0,234.0,599.0,731.0,4,918.0
5.0,10.0,111.0,310.0,591.0,599.0,4,918.0
5.0,10.0,111.0,285.0,310.0,393.0,4,591.0
5.0,10.0,111.0,234.0,285.0,731.0,4,918.0
5.0,10.0,111.0,234.0,278.0,285.0,4,731.0
5.0,10.0,52.0,234.0,285.0,591.0,4,918.0
5.0,10.0,234.0,285.0,393.0,591.0,4,599.0
5.0,10.0,111.0,310.0,591.0,599.0,4,918.0
5.0,10.0,111.0,310.0,393.0,591.0,4,599.0
5.0,10.0,111.0,234.0,393.0,599.0,4,918.0
5.0,10.0,111.0,234.0,278.0,393.0,4,918.0
5.0,10.0,170.0,278.0,310.0,393.0,4,591.0
5.0,10.0,170.0,278.0,393.0,475.0,4,591.0
5.0,14.0,48.0,254.0,592.0,688.0,4,786.0
5.0,14.0,48.0,49.0,700.0,922.0,4,983.0
5.0,14.0,254.0,592.0,688.0,786.0,4,983.0
5.0,14.0,48.0,254.0,592.0,688.0,4,786.0
5.0,14.0,48.0,254.0,592.0,688.0,4,786.0
5.0,14.0,592.0,688.0,786.0,922.0,4,983.0
5.0,14.0,450.0,592.0,786.0,922.0,4,983.0
5.0,14.0,48.0,592.0,688.0,922.0,4,983.0
5.0,10.0,52.0,111.0,147.0,234.0,4,731.0
5.0,10.0,52.0,111.0,234.0,731.0,4,740.0
5.0,10.0,234.0,475.0,591.0,731.0,4,740.0
5.0,10.0,111.0,310.0,591.0,731.0,4,740.0
5.0,10.0,111.0,234.0,310.0,731.0,4,740.0
5.0,10.0,111.0,234.0,310.0,731.0,4,740.0
5.0,10.0,111.0,234.0,310.0,731.0,4,740.0
5.0,10.0,234.0,278.0,310.0,591.0,4,740.0
5.0,9.0,81.0,109.0,366.0,510.0,4,941.0
5.0,9.0,81.0,109.0,366.0,452.0,4,941.0
5.0,9.0,76.0,85.0,109.0,452.0,4,845.0
5.0,9.0,76.0,85.0,109.0,845.0,4,941.0
5.0,9.0,109.0,366.0,510.0,845.0,4,941.0
5.0,9.0,81.0,109.0,366.0,845.0,4,941.0
5.0,9.0,81.0,85.0,366.0,845.0,4,941.0
5.0,9.0,81.0,109.0,366.0,510.0,4,941.0
5.0,9.0,81.0,109.0,366.0,845.0,4,941.0
5.0,6.0,35.0,55.0,213.0,769.0,4,809.0
5.0,6.0,35.0,55.0,213.0,769.0,4,809.0
5.0,6.0,30.0,606.0,809.0,887.0,4,980.0
5.0,6.0,35.0,55.0,213.0,606.0,4,769.0
5.0,6.0,35.0,55.0,213.0,606.0,4,769.0
5.0,6.0,35.0,55.0,213.0,606.0,4,769.0
5.0,6.0,35.0,55.0,213.0,606.0,4,769.0
5.0,6.0,30.0,606.0,809.0,887.0,4,980.0
5.0,6.0,30.0,606.0,809.0,887.0,4,980.0
5.0,10.0,52.0,234.0,285.0,731.0,4,740.0
5.0,10.0,111.0,278.0,310.0,591.0,4,740.0
5.0,10.0,111.0,278.0,310.0,591.0,4,740.0
5.0,10.0,111.0,278.0,310.0,591.0,4,918.0
5.0,10.0,234.0,285.0,310.0,731.0,4,918.0
5.0,10.0,52.0,234.0,285.0,731.0,4,918.0
5.0,10.0,234.0,285.0,310.0,731.0,4,740.0
5.0,10.0,111.0,234.0,310.0,731.0,4,740.0
5.0,10.0,111.0,278.0,310.0,591.0,4,740.0
5.0,10.0,52.0,111.0,234.0,591.0,4,740.0
5.0,10.0,52.0,234.0,285.0,731.0,4,918.0
5.0,10.0,111.0,234.0,285.0,731.0,4,918.0
5.0,10.0,52.0,234.0,285.0,731.0,4,918.0
5.0,10.0,234.0,285.0,310.0,731.0,4,918.0
5.0,10.0,111.0,234.0,310.0,731.0,4,740.0
5.0,10.0,111.0,278.0,310.0,591.0,4,740.0
5.0,10.0,111.0,278.0,310.0,591.0,4,740.0
5.0,10.0,234.0,285.0,310.0,731.0,4,918.0
5.0,10.0,52.0,234.0,285.0,731.0,4,918.0
5.0,10.0,111.0,234.0,285.0,731.0,4,918.0
5.0,10.0,111.0,285.0,310.0,731.0,4,918.0
5.0,10.0,111.0,234.0,591.0,731.0,4,918.0
5.0,10.0,52.0,234.0,285.0,731.0,4,918.0
5.0,10.0,111.0,278.0,310.0,731.0,4,918.0
5.0,10.0,111.0,278.0,310.0,731.0,4,918.0
5.0,10.0,111.0,310.0,475.0,591.0,4,740.0
5.0,10.0,52.0,234.0,285.0,731.0,4,918.0
5.0,10.0,234.0,285.0,310.0,731.0,4,918.0
5.0,10.0,111.0,234.0,310.0,731.0,4,740.0
5.0,10.0,111.0,234.0,310.0,731.0,4,918.0
5.0,10.0,111.0,234.0,310.0,731.0,4,918.0
5.0,10.0,52.0,234.0,285.0,731.0,4,918.0
5.0,10.0,234.0,285.0,310.0,731.0,4,918.0
5.0,10.0,111.0,278.0,310.0,591.0,4,740.0
5.0,10.0,234.0,285.0,310.0,731.0,4,918.0
5.0,10.0,111.0,310.0,591.0,740.0,4,918.0
5.0,10.0,111.0,310.0,591.0,740.0,4,918.0
5.0,15.0,659.0,684.0,714.0,860.0,4,960.0
5.0,15.0,218.0,684.0,714.0,860.0,4,960.0
5.0,15.0,659.0,714.0,764.0,802.0,4,860.0
5.0,15.0,218.0,375.0,473.0,764.0,4,802.0
5.0,15.0,218.0,375.0,473.0,764.0,4,802.0
5.0,15.0,659.0,714.0,764.0,860.0,4,960.0
5.0,10.0,234.0,285.0,310.0,731.0,4,918.0
5.0,10.0,234.0,285.0,310.0,731.0,4,918.0
5.0,10.0,234.0,278.0,591.0,731.0,4,918.0
5.0,10.0,111.0,278.0,310.0,591.0,4,740.0
5.0,10.0,234.0,278.0,285.0,731.0,4,918.0
5.0,10.0,234.0,285.0,310.0,731.0,4,918.0
5.0,10.0,234.0,285.0,310.0,731.0,4,918.0
5.0,10.0,111.0,234.0,310.0,731.0,4,918.0
5.0,10.0,111.0,234.0,310.0,731.0,4,918.0
5.0,12.0,216.0,230.0,237.0,788.0,4,856.0
5.0,12.0,0.0,201.0,237.0,350.0,4,986.0
5.0,12.0,201.0,230.0,237.0,350.0,4,986.0
5.0,12.0,216.0,230.0,237.0,788.0,4,856.0
5.0,12.0,216.0,230.0,237.0,788.0,4,856.0
5.0,12.0,216.0,230.0,237.0,788.0,4,856.0
5.0,12.0,216.0,230.0,237.0,462.0,4,788.0
5.0,12.0,216.0,230.0,237.0,462.0,4,788.0
5.0,0.0,465.0,493.0,535.0,686.0,4,1037.0
5.0,0.0,394.0,493.0,535.0,589.0,4,1024.0
5.0,0.0,465.0,535.0,686.0,968.0,4,1037.0
5.0,0.0,465.0,493.0,535.0,686.0,4,1037.0
5.0,0.0,465.0,493.0,535.0,686.0,4,1037.0
5.0,0.0,465.0,493.0,535.0,1024.0,4,1037.0
5.0,0.0,465.0,493.0,535.0,686.0,4,1037.0
5.0,26.0,40.0,333.0,634.0,759.0,4,948.0
5.0,26.0,40.0,333.0,634.0,759.0,4,948.0
5.0,26.0,315.0,333.0,536.0,634.0,4,948.0
5.0,26.0,40.0,315.0,333.0,536.0,4,948.0
5.0,26.0,40.0,315.0,536.0,620.0,4,634.0
5.0,26.0,40.0,315.0,488.0,536.0,4,620.0
5.0,26.0,40.0,333.0,634.0,759.0,4,948.0
5.0,26.0,333.0,536.0,634.0,759.0,4,948.0
5.0,26.0,333.0,536.0,634.0,759.0,4,948.0
5.0,26.0,333.0,536.0,634.0,759.0,4,948.0
5.0,26.0,40.0,536.0,634.0,759.0,4,948.0
5.0,26.0,40.0,315.0,536.0,634.0,4,948.0
5.0,32.0,3.0,302.0,484.0,624.0,4,627.0
5.0,32.0,241.0,302.0,524.0,624.0,4,627.0
5.0,32.0,3.0,34.0,241.0,426.0,4,524.0
5.0,32.0,241.0,302.0,426.0,524.0,4,624.0
5.0,32.0,241.0,302.0,426.0,484.0,4,624.0
5.0,32.0,241.0,302.0,484.0,624.0,4,627.0
5.0,32.0,34.0,241.0,426.0,524.0,4,624.0
5.0,34.0,36.0,436.0,753.0,847.0,4,906.0
5.0,34.0,404.0,506.0,517.0,847.0,4,975.0
5.0,34.0,436.0,506.0,517.0,847.0,4,975.0
5.0,34.0,404.0,436.0,506.0,753.0,4,847.0
5.0,34.0,436.0,506.0,583.0,753.0,4,847.0
5.0,10.0,111.0,234.0,310.0,731.0,4,918.0
5.0,10.0,111.0,234.0,310.0,731.0,4,918.0
5.0,10.0,111.0,278.0,310.0,731.0,4,918.0
5.0,10.0,52.0,111.0,278.0,731.0,4,740.0
5.0,10.0,111.0,278.0,310.0,591.0,4,740.0
5.0,10.0,111.0,310.0,591.0,740.0,4,918.0
5.0,10.0,111.0,310.0,591.0,740.0,4,918.0
5.0,10.0,111.0,310.0,591.0,740.0,4,918.0
5.0,10.0,147.0,170.0,475.0,591.0,4,740.0
5.0,10.0,147.0,170.0,475.0,591.0,4,740.0
5.0,10.0,234.0,285.0,310.0,731.0,4,918.0
5.0,10.0,234.0,285.0,310.0,731.0,4,740.0
5.0,10.0,234.0,285.0,310.0,731.0,4,740.0
5.0,10.0,111.0,234.0,278.0,731.0,4,740.0
5.0,10.0,111.0,278.0,310.0,591.0,4,740.0
5.0,10.0,111.0,278.0,310.0,591.0,4,918.0
5.0,10.0,111.0,234.0,310.0,591.0,4,731.0
5.0,10.0,234.0,285.0,310.0,731.0,4,918.0
5.0,10.0,234.0,285.0,310.0,731.0,4,740.0
5.0,10.0,111.0,234.0,310.0,591.0,4,740.0
5.0,10.0,111.0,147.0,170.0,475.0,4,591.0
5.0,13.0,97.0,164.0,319.0,730.0,4,824.0
5.0,13.0,91.0,137.0,164.0,730.0,4,811.0
5.0,13.0,91.0,97.0,137.0,164.0,4,811.0
5.0,13.0,91.0,137.0,164.0,238.0,4,811.0
5.0,13.0,91.0,97.0,164.0,730.0,4,811.0
5.0,13.0,97.0,164.0,730.0,811.0,4,824.0
5.0,13.0,97.0,164.0,730.0,811.0,4,824.0
5.0,13.0,91.0,97.0,319.0,730.0,4,824.0
5.0,13.0,91.0,97.0,319.0,730.0,4,824.0
5.0,13.0,91.0,164.0,319.0,730.0,4,824.0
5.0,10.0,52.0,234.0,285.0,591.0,4,740.0
5.0,10.0,111.0,278.0,285.0,475.0,4,740.0
5.0,10.0,111.0,278.0,285.0,591.0,4,740.0
5.0,10.0,111.0,234.0,285.0,591.0,4,740.0
5.0,10.0,111.0,147.0,234.0,278.0,4,285.0
5.0,10.0,111.0,234.0,278.0,591.0,4,740.0
5.0,28.0,497.0,608.0,754.0,822.0,4,1016.0
5.0,28.0,418.0,598.0,608.0,822.0,4,1016.0
5.0,28.0,397.0,418.0,608.0,639.0,4,761.0
5.0,28.0,608.0,639.0,754.0,822.0,4,1016.0
5.0,28.0,497.0,608.0,754.0,822.0,4,1016.0
5.0,28.0,497.0,608.0,754.0,822.0,4,1016.0
5.0,28.0,598.0,608.0,754.0,822.0,4,1016.0
5.0,28.0,598.0,608.0,754.0,822.0,4,1016.0
5.0,28.0,397.0,418.0,608.0,754.0,4,1016.0
5.0,10.0,147.0,234.0,285.0,591.0,4,712.0
5.0,10.0,111.0,234.0,278.0,591.0,4,829.0
5.0,10.0,111.0,234.0,285.0,591.0,4,829.0
5.0,10.0,147.0,234.0,278.0,285.0,4,829.0
5.0,10.0,111.0,234.0,278.0,591.0,4,829.0
5.0,10.0,111.0,278.0,591.0,712.0,4,829.0
5.0,10.0,111.0,234.0,278.0,591.0,4,829.0
5.0,10.0,111.0,234.0,278.0,591.0,4,829.0
5.0,10.0,111.0,147.0,234.0,278.0,4,829.0
5.0,10.0,111.0,234.0,278.0,591.0,4,829.0
5.0,10.0,111.0,234.0,285.0,740.0,4,829.0
5.0,10.0,147.0,234.0,285.0,475.0,4,591.0
5.0,10.0,111.0,147.0,234.0,285.0,4,591.0
5.0,10.0,111.0,234.0,278.0,740.0,4,829.0
5.0,10.0,147.0,234.0,285.0,475.0,4,591.0
5.0,10.0,111.0,147.0,234.0,712.0,4,829.0
5.0,10.0,111.0,234.0,712.0,740.0,4,829.0
5.0,10.0,111.0,278.0,712.0,740.0,4,829.0
5.0,10.0,111.0,278.0,712.0,740.0,4,829.0
5.0,10.0,111.0,234.0,278.0,740.0,4,829.0
5.0,10.0,111.0,147.0,234.0,278.0,4,591.0
5.0,10.0,147.0,234.0,285.0,475.0,4,591.0
5.0,10.0,147.0,234.0,285.0,475.0,4,591.0
5.0,10.0,147.0,234.0,285.0,475.0,4,591.0
5.0,10.0,111.0,278.0,712.0,740.0,4,829.0
5.0,14.0,48.0,592.0,700.0,786.0,4,809.0
5.0,14.0,48.0,531.0,592.0,688.0,4,922.0
5.0,14.0,688.0,700.0,786.0,922.0,4,983.0
5.0,14.0,531.0,592.0,688.0,809.0,4,983.0
5.0,14.0,531.0,592.0,688.0,786.0,4,809.0
5.0,14.0,592.0,700.0,786.0,809.0,4,983.0
5.0,14.0,592.0,700.0,786.0,809.0,4,983.0
5.0,14.0,531.0,592.0,688.0,786.0,4,922.0
5.0,14.0,592.0,688.0,786.0,809.0,4,983.0
5.0,14.0,592.0,700.0,786.0,809.0,4,983.0
5.0,15.0,659.0,684.0,714.0,860.0,4,960.0
5.0,15.0,218.0,355.0,764.0,802.0,4,1036.0
5.0,15.0,218.0,659.0,714.0,860.0,4,960.0
5.0,15.0,218.0,659.0,714.0,860.0,4,960.0
5.0,15.0,218.0,659.0,714.0,860.0,4,960.0
5.0,15.0,684.0,714.0,764.0,860.0,4,1036.0
5.0,15.0,218.0,355.0,659.0,764.0,4,960.0
5.0,15.0,218.0,355.0,659.0,764.0,4,960.0
5.0,15.0,218.0,355.0,659.0,764.0,4,960.0
5.0,28.0,397.0,497.0,754.0,822.0,4,1016.0
5.0,28.0,191.0,397.0,418.0,639.0,4,822.0
5.0,28.0,191.0,397.0,418.0,639.0,4,822.0
5.0,28.0,397.0,418.0,639.0,754.0,4,822.0
5.0,28.0,397.0,418.0,639.0,754.0,4,822.0
5.0,28.0,397.0,497.0,754.0,822.0,4,1016.0
5.0,28.0,397.0,418.0,639.0,822.0,4,1016.0
5.0,28.0,397.0,418.0,497.0,822.0,4,1016.0
5.0,10.0,52.0,111.0,147.0,234.0,4,285.0
5.0,10.0,147.0,234.0,285.0,475.0,4,591.0
5.0,10.0,111.0,234.0,285.0,591.0,4,740.0
5.0,10.0,111.0,234.0,285.0,591.0,4,740.0
5.0,10.0,111.0,234.0,591.0,740.0,4,829.0
5.0,10.0,111.0,278.0,591.0,740.0,4,829.0
5.0,13.0,91.0,137.0,164.0,238.0,4,811.0
5.0,13.0,319.0,575.0,730.0,753.0,4,824.0
5.0,13.0,91.0,137.0,164.0,238.0,4,730.0
5.0,13.0,91.0,137.0,164.0,238.0,4,811.0
5.0,13.0,91.0,137.0,164.0,238.0,4,811.0
5.0,13.0,91.0,164.0,238.0,730.0,4,811.0
5.0,13.0,319.0,575.0,730.0,753.0,4,811.0
5.0,13.0,164.0,319.0,575.0,730.0,4,753.0
5.0,13.0,91.0,575.0,730.0,753.0,4,811.0
5.0,10.0,147.0,285.0,475.0,591.0,4,712.0
5.0,10.0,111.0,278.0,285.0,475.0,4,591.0
5.0,10.0,111.0,147.0,285.0,591.0,4,712.0
5.0,10.0,111.0,147.0,278.0,285.0,4,591.0
5.0,10.0,111.0,278.0,591.0,725.0,4,829.0
5.0,10.0,111.0,147.0,278.0,475.0,4,591.0
5.0,10.0,147.0,170.0,278.0,475.0,4,591.0
5.0,10.0,147.0,170.0,475.0,591.0,4,712.0
5.0,7.0,112.0,250.0,277.0,451.0,4,902.0
5.0,7.0,277.0,386.0,455.0,846.0,4,1005.0
5.0,7.0,105.0,386.0,455.0,846.0,4,1005.0
5.0,7.0,250.0,386.0,455.0,902.0,4,1005.0
5.0,7.0,250.0,386.0,455.0,902.0,4,1005.0
5.0,7.0,105.0,250.0,277.0,846.0,4,1005.0
5.0,10.0,147.0,475.0,591.0,712.0,4,829.0
5.0,10.0,111.0,147.0,170.0,278.0,4,725.0
5.0,10.0,111.0,170.0,278.0,475.0,4,591.0
5.0,10.0,111.0,170.0,278.0,475.0,4,591.0
5.0,10.0,111.0,170.0,278.0,475.0,4,591.0
5.0,10.0,147.0,475.0,591.0,712.0,4,829.0
5.0,10.0,111.0,147.0,475.0,591.0,4,725.0
5.0,10.0,111.0,147.0,170.0,475.0,4,725.0
5.0,10.0,147.0,170.0,475.0,712.0,4,725.0
5.0,12.0,216.0,230.0,237.0,788.0,4,856.0
5.0,12.0,216.0,230.0,237.0,350.0,4,856.0
5.0,12.0,216.0,230.0,350.0,856.0,4,986.0
5.0,12.0,216.0,230.0,350.0,856.0,4,986.0
5.0,12.0,216.0,230.0,237.0,788.0,4,856.0
5.0,12.0,216.0,230.0,237.0,788.0,4,856.0
5.0,12.0,216.0,230.0,237.0,788.0,4,856.0
5.0,12.0,216.0,230.0,788.0,856.0,4,986.0
5.0,12.0,201.0,230.0,788.0,856.0,4,986.0
5.0,12.0,216.0,237.0,350.0,788.0,4,986.0
5.0,12.0,216.0,230.0,237.0,788.0,4,986.0
5.0,32.0,302.0,416.0,426.0,484.0,4,624.0
5.0,32.0,302.0,416.0,426.0,484.0,4,624.0
5.0,32.0,302.0,416.0,426.0,484.0,4,624.0
5.0,32.0,34.0,302.0,426.0,484.0,4,624.0
5.0,32.0,44.0,241.0,346.0,426.0,4,524.0
5.0,32.0,34.0,241.0,302.0,484.0,4,624.0
5.0,32.0,302.0,416.0,426.0,484.0,4,624.0
5.0,32.0,44.0,302.0,426.0,484.0,4,624.0
5.0,32.0,34.0,44.0,241.0,426.0,4,524.0
5.0,32.0,34.0,44.0,241.0,426.0,4,524.0
5.0,12.0,216.0,230.0,237.0,350.0,4,856.0
5.0,12.0,216.0,230.0,350.0,856.0,4,986.0
5.0,12.0,216.0,230.0,237.0,788.0,4,986.0
5.0,12.0,216.0,230.0,237.0,788.0,4,856.0
5.0,12.0,216.0,230.0,350.0,856.0,4,986.0
5.0,12.0,201.0,230.0,350.0,633.0,4,986.0
5.0,12.0,216.0,237.0,350.0,788.0,4,856.0
5.0,12.0,216.0,230.0,237.0,350.0,4,986.0
5.0,9.0,81.0,366.0,510.0,845.0,4,941.0
5.0,9.0,81.0,85.0,109.0,452.0,4,941.0
5.0,9.0,76.0,81.0,85.0,109.0,4,452.0
5.0,9.0,76.0,85.0,109.0,452.0,4,845.0
5.0,9.0,76.0,85.0,109.0,510.0,4,845.0
5.0,9.0,81.0,366.0,510.0,845.0,4,941.0
5.0,9.0,81.0,366.0,510.0,845.0,4,941.0
5.0,9.0,81.0,85.0,510.0,845.0,4,941.0
5.0,9.0,81.0,366.0,510.0,845.0,4,941.0
5.0,9.0,81.0,109.0,366.0,510.0,4,941.0
5.0,9.0,109.0,204.0,452.0,510.0,4,845.0
5.0,1.0,477.0,577.0,790.0,808.0,4,820.0
5.0,1.0,106.0,577.0,682.0,808.0,4,820.0
5.0,1.0,106.0,577.0,790.0,808.0,4,820.0
5.0,1.0,477.0,577.0,790.0,808.0,4,820.0
5.0,1.0,369.0,577.0,586.0,790.0,4,808.0
5.0,12.0,0.0,216.0,237.0,350.0,4,986.0
5.0,12.0,216.0,230.0,237.0,788.0,4,856.0
5.0,12.0,216.0,230.0,237.0,788.0,4,856.0
5.0,12.0,216.0,230.0,350.0,856.0,4,986.0
5.0,12.0,216.0,230.0,350.0,856.0,4,986.0
5.0,12.0,0.0,201.0,350.0,462.0,4,986.0
5.0,12.0,0.0,201.0,350.0,462.0,4,986.0
5.0,12.0,216.0,230.0,350.0,462.0,4,986.0
5.0,12.0,216.0,230.0,788.0,856.0,4,986.0
5.0,26.0,40.0,536.0,634.0,759.0,4,948.0
5.0,26.0,40.0,333.0,634.0,759.0,4,948.0
5.0,26.0,40.0,488.0,536.0,914.0,4,948.0
5.0,26.0,40.0,488.0,634.0,759.0,4,948.0
5.0,26.0,40.0,315.0,488.0,536.0,4,914.0
5.0,26.0,40.0,488.0,536.0,759.0,4,948.0
5.0,26.0,40.0,333.0,634.0,759.0,4,948.0
5.0,26.0,333.0,536.0,634.0,914.0,4,948.0
5.0,26.0,315.0,333.0,488.0,634.0,4,948.0
5.0,26.0,40.0,315.0,333.0,634.0,4,914.0
5.0,26.0,40.0,536.0,634.0,914.0,4,948.0
5.0,12.0,216.0,230.0,237.0,788.0,4,856.0
5.0,12.0,216.0,230.0,237.0,350.0,4,856.0
5.0,12.0,216.0,230.0,350.0,856.0,4,986.0
5.0,12.0,216.0,350.0,462.0,611.0,4,986.0
5.0,12.0,216.0,230.0,237.0,350.0,4,856.0
5.0,12.0,216.0,230.0,237.0,788.0,4,856.0
5.0,12.0,216.0,230.0,237.0,788.0,4,856.0
5.0,12.0,216.0,230.0,237.0,788.0,4,856.0
5.0,12.0,216.0,230.0,350.0,462.0,4,986.0
5.0,12.0,216.0,230.0,350.0,462.0,4,986.0
5.0,12.0,201.0,350.0,462.0,611.0,4,986.0
5.0,12.0,201.0,350.0,462.0,611.0,4,986.0
5.0,32.0,34.0,241.0,302.0,524.0,4,817.0
5.0,32.0,34.0,241.0,302.0,524.0,4,817.0
5.0,32.0,346.0,416.0,426.0,624.0,4,627.0
5.0,32.0,346.0,416.0,426.0,624.0,4,627.0
5.0,32.0,34.0,426.0,524.0,624.0,4,627.0
5.0,32.0,34.0,241.0,302.0,524.0,4,817.0
5.0,32.0,241.0,302.0,416.0,524.0,4,817.0
5.0,32.0,241.0,416.0,426.0,524.0,4,624.0
5.0,32.0,241.0,302.0,416.0,524.0,4,624.0
5.0,12.0,216.0,230.0,237.0,788.0,4,856.0
5.0,12.0,216.0,230.0,611.0,856.0,4,986.0
5.0,12.0,216.0,462.0,611.0,788.0,4,986.0
5.0,12.0,201.0,462.0,611.0,788.0,4,986.0
5.0,12.0,216.0,230.0,237.0,350.0,4,856.0
5.0,12.0,216.0,230.0,237.0,788.0,4,856.0
5.0,12.0,216.0,230.0,237.0,350.0,4,856.0
5.0,12.0,216.0,230.0,350.0,462.0,4,986.0
5.0,12.0,216.0,350.0,462.0,788.0,4,986.0
5.0,12.0,216.0,230.0,350.0,788.0,4,856.0
5.0,14.0,48.0,254.0,592.0,688.0,4,786.0
5.0,14.0,254.0,531.0,592.0,688.0,4,786.0
5.0,14.0,48.0,254.0,531.0,592.0,4,700.0
5.0,14.0,223.0,531.0,592.0,700.0,4,983.0
5.0,14.0,223.0,531.0,592.0,700.0,4,983.0
5.0,14.0,48.0,254.0,592.0,688.0,4,786.0
5.0,12.0,216.0,230.0,237.0,788.0,4,856.0
5.0,12.0,216.0,230.0,350.0,633.0,4,986.0
5.0,12.0,216.0,350.0,611.0,633.0,4,986.0
5.0,12.0,216.0,350.0,611.0,633.0,4,986.0
5.0,12.0,201.0,237.0,350.0,788.0,4,986.0
5.0,12.0,216.0,230.0,237.0,788.0,4,856.0
5.0,4.0,134.0,259.0,487.0,828.0,4,853.0
5.0,4.0,118.0,259.0,486.0,487.0,4,828.0
5.0,4.0,118.0,126.0,486.0,601.0,4,768.0
5.0,4.0,134.0,259.0,487.0,828.0,4,853.0
5.0,4.0,126.0,134.0,487.0,601.0,4,853.0
5.0,1.0,78.0,106.0,169.0,711.0,4,790.0
5.0,1.0,78.0,106.0,169.0,711.0,4,790.0
5.0,1.0,106.0,169.0,297.0,682.0,4,711.0
5.0,1.0,78.0,106.0,577.0,711.0,4,790.0
5.0,1.0,78.0,106.0,169.0,711.0,4,790.0
5.0,1.0,78.0,106.0,577.0,711.0,4,790.0
5.0,1.0,78.0,106.0,577.0,711.0,4,790.0
5.0,1.0,78.0,169.0,369.0,711.0,4,790.0
5.0,1.0,169.0,297.0,577.0,682.0,4,876.0
5.0,1.0,106.0,297.0,577.0,682.0,4,876.0
5.0,1.0,106.0,297.0,577.0,711.0,4,790.0
5.0,25.0,158.0,294.0,356.0,380.0,4,453.0
5.0,25.0,158.0,294.0,380.0,453.0,4,864.0
5.0,25.0,158.0,294.0,380.0,453.0,4,864.0
5.0,25.0,294.0,356.0,380.0,398.0,4,616.0
5.0,25.0,158.0,294.0,398.0,453.0,4,864.0
5.0,12.0,216.0,230.0,237.0,788.0,4,856.0
5.0,12.0,216.0,230.0,237.0,788.0,4,856.0
5.0,12.0,201.0,350.0,611.0,633.0,4,986.0
5.0,12.0,201.0,237.0,350.0,788.0,4,986.0
5.0,12.0,216.0,230.0,237.0,788.0,4,856.0
5.0,12.0,216.0,230.0,237.0,350.0,4,856.0
5.0,12.0,216.0,237.0,350.0,788.0,4,856.0
5.0,12.0,216.0,350.0,788.0,856.0,4,986.0
5.0,12.0,216.0,611.0,633.0,788.0,4,986.0
5.0,12.0,201.0,216.0,611.0,633.0,4,986.0
5.0,7.0,112.0,250.0,277.0,902.0,4,1005.0
5.0,7.0,250.0,386.0,455.0,609.0,4,902.0
5.0,7.0,250.0,277.0,386.0,455.0,4,609.0
5.0,7.0,112.0,250.0,609.0,902.0,4,1005.0
5.0,7.0,112.0,277.0,846.0,902.0,4,1005.0
5.0,7.0,112.0,455.0,609.0,846.0,4,902.0
5.0,7.0,112.0,250.0,455.0,609.0,4,1005.0
5.0,12.0,216.0,230.0,237.0,788.0,4,856.0
5.0,12.0,216.0,230.0,611.0,856.0,4,986.0
5.0,12.0,0.0,216.0,611.0,633.0,4,986.0
5.0,12.0,0.0,201.0,633.0,788.0,4,986.0
5.0,12.0,216.0,230.0,237.0,788.0,4,856.0
5.0,12.0,216.0,230.0,237.0,633.0,4,788.0
5.0,12.0,0.0,216.0,611.0,633.0,4,986.0
5.0,12.0,0.0,216.0,611.0,633.0,4,986.0
5.0,12.0,201.0,230.0,633.0,788.0,4,986.0
5.0,12.0,216.0,230.0,237.0,788.0,4,856.0
5.0,0.0,493.0,535.0,589.0,686.0,4,1037.0
5.0,0.0,465.0,968.0,1007.0,1024.0,4,1037.0
5.0,0.0,465.0,493.0,535.0,968.0,4,1037.0
5.0,0.0,465.0,493.0,535.0,686.0,4,1037.0
5.0,0.0,493.0,535.0,589.0,686.0,4,1037.0
5.0,0.0,394.0,493.0,535.0,589.0,4,968.0
5.0,0.0,465.0,493.0,535.0,968.0,4,1037.0
5.0,15.0,659.0,684.0,764.0,802.0,4,960.0
5.0,15.0,218.0,684.0,764.0,860.0,4,960.0
5.0,15.0,218.0,684.0,764.0,860.0,4,960.0
5.0,15.0,218.0,684.0,714.0,860.0,4,960.0
5.0,15.0,659.0,684.0,714.0,802.0,4,860.0
5.0,15.0,659.0,684.0,714.0,860.0,4,960.0
5.0,15.0,218.0,684.0,714.0,764.0,4,960.0
5.0,15.0,375.0,473.0,684.0,764.0,4,960.0
5.0,15.0,375.0,473.0,684.0,764.0,4,860.0
5.0,15.0,473.0,659.0,684.0,764.0,4,860.0
5.0,6.0,55.0,213.0,606.0,769.0,4,887.0
5.0,6.0,55.0,213.0,606.0,769.0,4,887.0
5.0,6.0,55.0,606.0,769.0,809.0,4,887.0
5.0,6.0,55.0,606.0,769.0,809.0,4,867.0
5.0,6.0,30.0,213.0,809.0,867.0,4,980.0
5.0,6.0,30.0,213.0,809.0,867.0,4,980.0
5.0,6.0,30.0,55.0,213.0,809.0,4,867.0
5.0,6.0,30.0,55.0,213.0,606.0,4,887.0
5.0,6.0,30.0,55.0,213.0,606.0,4,887.0
5.0,6.0,55.0,213.0,606.0,769.0,4,887.0
5.0,6.0,30.0,55.0,606.0,809.0,4,887.0
5.0,6.0,30.0,55.0,606.0,809.0,4,887.0
5.0,12.0,0.0,216.0,237.0,611.0,4,986.0
5.0,12.0,0.0,216.0,462.0,611.0,4,986.0
5.0,12.0,0.0,201.0,216.0,462.0,4,986.0
5.0,12.0,0.0,201.0,462.0,788.0,4,986.0
5.0,12.0,0.0,201.0,237.0,462.0,4,788.0
5.0,12.0,216.0,230.0,237.0,788.0,4,856.0
5.0,12.0,216.0,230.0,237.0,788.0,4,856.0
5.0,12.0,201.0,216.0,230.0,856.0,4,986.0
5.0,12.0,0.0,201.0,216.0,462.0,4,986.0
5.0,12.0,0.0,216.0,462.0,788.0,4,986.0
5.0,12.0,216.0,230.0,237.0,788.0,4,856.0
5.0,12.0,0.0,216.0,462.0,611.0,4,986.0
5.0,12.0,0.0,201.0,462.0,788.0,4,986.0
5.0,12.0,201.0,230.0,237.0,788.0,4,986.0
5.0,12.0,201.0,230.0,237.0,788.0,4,986.0
5.0,12.0,216.0,230.0,237.0,788.0,4,856.0
5.0,12.0,216.0,230.0,237.0,788.0,4,856.0
5.0,12.0,216.0,230.0,237.0,788.0,4,856.0
5.0,12.0,216.0,230.0,237.0,611.0,4,856.0
5.0,12.0,216.0,230.0,611.0,856.0,4,986.0
5.0,12.0,0.0,201.0,230.0,856.0,4,986.0
5.0,12.0,0.0,201.0,633.0,788.0,4,986.0
5.0,12.0,216.0,230.0,611.0,856.0,4,986.0
5.0,12.0,201.0,230.0,237.0,788.0,4,856.0
5.0,12.0,216.0,230.0,237.0,788.0,4,856.0
5.0,12.0,0.0,201.0,611.0,856.0,4,986.0
5.0,12.0,216.0,230.0,237.0,788.0,4,856.0
5.0,4.0,134.0,259.0,487.0,646.0,4,853.0
5.0,4.0,259.0,487.0,646.0,853.0,4,936.0
5.0,4.0,504.0,646.0,768.0,853.0,4,936.0
5.0,4.0,259.0,487.0,601.0,853.0,4,936.0
5.0,4.0,134.0,259.0,487.0,646.0,4,853.0
5.0,4.0,134.0,259.0,487.0,646.0,4,853.0
5.0,4.0,259.0,487.0,646.0,853.0,4,936.0
5.0,4.0,504.0,646.0,768.0,853.0,4,936.0
5.0,4.0,487.0,504.0,601.0,646.0,4,936.0
5.0,12.0,0.0,216.0,350.0,633.0,4,986.0
5.0,12.0,0.0,216.0,350.0,633.0,4,986.0
5.0,12.0,216.0,230.0,237.0,788.0,4,856.0
5.0,12.0,216.0,230.0,237.0,788.0,4,856.0
5.0,12.0,230.0,350.0,788.0,856.0,4,986.0
5.0,12.0,216.0,237.0,350.0,788.0,4,856.0
5.0,25.0,294.0,398.0,421.0,798.0,4,864.0
5.0,25.0,158.0,294.0,300.0,356.0,4,398.0
5.0,25.0,158.0,300.0,356.0,398.0,4,864.0
5.0,25.0,158.0,300.0,356.0,398.0,4,864.0
5.0,25.0,158.0,300.0,356.0,398.0,4,864.0
5.0,25.0,294.0,398.0,421.0,798.0,4,864.0
5.0,25.0,158.0,294.0,300.0,356.0,4,398.0
5.0,25.0,158.0,294.0,300.0,356.0,4,1008.0
5.0,12.0,216.0,230.0,237.0,788.0,4,856.0
5.0,12.0,201.0,230.0,237.0,788.0,4,856.0
5.0,12.0,201.0,230.0,350.0,633.0,4,986.0
5.0,12.0,0.0,201.0,350.0,633.0,4,986.0
5.0,12.0,0.0,201.0,237.0,350.0,4,633.0
5.0,12.0,0.0,201.0,237.0,350.0,4,633.0
5.0,12.0,0.0,201.0,237.0,350.0,4,633.0
5.0,12.0,216.0,230.0,237.0,788.0,4,856.0
5.0,12.0,216.0,230.0,788.0,856.0,4,986.0
5.0,12.0,216.0,230.0,788.0,856.0,4,986.0
5.0,12.0,230.0,350.0,788.0,856.0,4,986.0
5.0,12.0,0.0,201.0,350.0,633.0,4,986.0
5.0,12.0,0.0,201.0,633.0,788.0,4,986.0
5.0,12.0,0.0,216.0,350.0,856.0,4,986.0
5.0,12.0,0.0,201.0,350.0,633.0,4,986.0
5.0,12.0,216.0,230.0,237.0,350.0,4,856.0
5.0,12.0,216.0,230.0,237.0,788.0,4,856.0
5.0,12.0,216.0,230.0,237.0,788.0,4,856.0
5.0,12.0,216.0,230.0,237.0,788.0,4,856.0
5.0,12.0,0.0,216.0,350.0,856.0,4,986.0
5.0,12.0,0.0,201.0,350.0,856.0,4,986.0
5.0,12.0,0.0,216.0,237.0,350.0,4,986.0
5.0,12.0,0.0,216.0,237.0,350.0,4,856.0
5.0,12.0,216.0,230.0,350.0,856.0,4,986.0
5.0,12.0,216.0,350.0,624.0,633.0,4,986.0
5.0,12.0,201.0,350.0,624.0,633.0,4,986.0
5.0,12.0,216.0,230.0,788.0,856.0,4,986.0
5.0,12.0,216.0,230.0,788.0,856.0,4,986.0
5.0,12.0,216.0,230.0,237.0,788.0,4,856.0
5.0,12.0,216.0,230.0,350.0,633.0,4,986.0
5.0,12.0,216.0,350.0,624.0,633.0,4,986.0
5.0,12.0,201.0,350.0,624.0,633.0,4,986.0
5.0,12.0,216.0,237.0,350.0,788.0,4,856.0
5.0,34.0,167.0,506.0,517.0,747.0,4,975.0
5.0,34.0,167.0,436.0,506.0,517.0,4,747.0
5.0,34.0,309.0,436.0,583.0,847.0,4,906.0
5.0,34.0,309.0,436.0,583.0,847.0,4,906.0
5.0,34.0,167.0,506.0,517.0,747.0,4,975.0
5.0,34.0,167.0,506.0,583.0,847.0,4,975.0
5.0,34.0,167.0,506.0,517.0,747.0,4,975.0
5.0,12.0,216.0,230.0,237.0,788.0,4,856.0
5.0,12.0,201.0,230.0,237.0,788.0,4,986.0
5.0,12.0,201.0,230.0,237.0,788.0,4,856.0
5.0,12.0,216.0,230.0,237.0,788.0,4,856.0
5.0,12.0,216.0,230.0,237.0,788.0,4,986.0
5.0,12.0,201.0,350.0,624.0,633.0,4,986.0
5.0,12.0,216.0,230.0,633.0,788.0,4,986.0
5.0,34.0,167.0,436.0,506.0,517.0,4,583.0
5.0,34.0,116.0,139.0,436.0,506.0,4,517.0
5.0,34.0,116.0,139.0,517.0,583.0,4,906.0
5.0,34.0,116.0,139.0,506.0,583.0,4,847.0
5.0,34.0,436.0,517.0,583.0,847.0,4,906.0
5.0,34.0,116.0,167.0,436.0,847.0,4,906.0
5.0,12.0,216.0,230.0,237.0,788.0,4,856.0
5.0,12.0,216.0,230.0,237.0,788.0,4,856.0
5.0,12.0,216.0,230.0,237.0,788.0,4,856.0
5.0,12.0,216.0,350.0,624.0,856.0,4,986.0
5.0,12.0,216.0,350.0,624.0,633.0,4,986.0
5.0,12.0,201.0,237.0,350.0,624.0,4,986.0
5.0,12.0,216.0,350.0,624.0,856.0,4,986.0
5.0,12.0,0.0,216.0,624.0,633.0,4,986.0
5.0,12.0,0.0,201.0,624.0,633.0,4,986.0
5.0,12.0,201.0,350.0,633.0,788.0,4,986.0
5.0,12.0,216.0,237.0,350.0,788.0,4,856.0
5.0,12.0,0.0,201.0,624.0,633.0,4,986.0
5.0,12.0,216.0,237.0,350.0,788.0,4,856.0
5.0,12.0,216.0,237.0,350.0,788.0,4,856.0
5.0,6.0,30.0,55.0,61.0,626.0,4,980.0
5.0,6.0,626.0,644.0,656.0,769.0,4,873.0
5.0,6.0,280.0,626.0,644.0,769.0,4,873.0
5.0,6.0,30.0,55.0,61.0,280.0,4,980.0
5.0,6.0,626.0,644.0,656.0,769.0,4,873.0
5.0,6.0,626.0,644.0,656.0,769.0,4,873.0
5.0,6.0,626.0,644.0,656.0,769.0,4,873.0
5.0,12.0,201.0,237.0,350.0,788.0,4,856.0
5.0,12.0,216.0,237.0,350.0,788.0,4,856.0
5.0,12.0,216.0,237.0,350.0,788.0,4,856.0
5.0,12.0,216.0,237.0,350.0,624.0,4,856.0
5.0,12.0,216.0,237.0,350.0,788.0,4,856.0
5.0,12.0,216.0,237.0,350.0,788.0,4,856.0
5.0,12.0,216.0,350.0,624.0,856.0,4,986.0
5.0,12.0,0.0,201.0,624.0,633.0,4,986.0
5.0,12.0,0.0,201.0,624.0,633.0,4,986.0
5.0,12.0,0.0,201.0,607.0,624.0,4,986.0
5.0,26.0,40.0,333.0,634.0,914.0,4,948.0
5.0,26.0,40.0,315.0,333.0,634.0,4,914.0
5.0,26.0,40.0,315.0,488.0,536.0,4,759.0
5.0,26.0,40.0,315.0,488.0,536.0,4,914.0
5.0,26.0,315.0,333.0,536.0,634.0,4,948.0
5.0,26.0,40.0,315.0,536.0,634.0,4,948.0
5.0,12.0,216.0,230.0,624.0,633.0,4,986.0
5.0,12.0,350.0,624.0,633.0,788.0,4,986.0
5.0,12.0,237.0,350.0,624.0,788.0,4,856.0
5.0,12.0,216.0,237.0,350.0,788.0,4,856.0
5.0,12.0,216.0,237.0,350.0,788.0,4,856.0
5.0,12.0,216.0,237.0,350.0,788.0,4,986.0
5.0,12.0,216.0,230.0,624.0,633.0,4,986.0
5.0,12.0,230.0,624.0,633.0,788.0,4,986.0
5.0,12.0,216.0,237.0,350.0,788.0,4,856.0
5.0,12.0,0.0,201.0,237.0,461.0,4,788.0
5.0,12.0,230.0,624.0,633.0,788.0,4,986.0
5.0,12.0,230.0,237.0,624.0,788.0,4,986.0
5.0,12.0,350.0,611.0,788.0,856.0,4,986.0
5.0,12.0,201.0,230.0,237.0,788.0,4,856.0
5.0,12.0,237.0,350.0,611.0,788.0,4,856.0
5.0,12.0,201.0,350.0,633.0,788.0,4,986.0
5.0,12.0,201.0,230.0,611.0,633.0,4,986.0
5.0,12.0,0.0,201.0,461.0,611.0,4,986.0
5.0,13.0,91.0,137.0,164.0,238.0,4,730.0
5.0,13.0,91.0,137.0,164.0,238.0,4,811.0
5.0,13.0,91.0,116.0,137.0,164.0,4,811.0
5.0,13.0,116.0,238.0,730.0,811.0,4,866.0
5.0,13.0,91.0,238.0,730.0,811.0,4,866.0
5.0,13.0,91.0,137.0,164.0,238.0,4,730.0
5.0,13.0,91.0,116.0,137.0,164.0,4,730.0
5.0,13.0,116.0,164.0,811.0,866.0,4,979.0
5.0,13.0,91.0,137.0,164.0,238.0,4,730.0
5.0,13.0,91.0,137.0,164.0,238.0,4,730.0
5.0,13.0,91.0,137.0,164.0,238.0,4,811.0
5.0,13.0,91.0,137.0,164.0,238.0,4,730.0
5.0,13.0,116.0,137.0,730.0,811.0,4,866.0
5.0,13.0,91.0,137.0,164.0,238.0,4,811.0
5.0,13.0,91.0,137.0,164.0,238.0,4,730.0
5.0,13.0,91.0,137.0,164.0,238.0,4,811.0
5.0,13.0,116.0,730.0,811.0,866.0,4,979.0
5.0,28.0,353.0,608.0,665.0,822.0,4,1016.0
5.0,28.0,191.0,418.0,598.0,754.0,4,1016.0
5.0,28.0,191.0,418.0,598.0,754.0,4,1016.0
5.0,28.0,353.0,418.0,598.0,754.0,4,1016.0
5.0,28.0,608.0,665.0,754.0,822.0,4,1016.0
5.0,28.0,353.0,608.0,665.0,822.0,4,1016.0
5.0,28.0,418.0,598.0,665.0,754.0,4,822.0
5.0,28.0,418.0,598.0,665.0,754.0,4,822.0
5.0,28.0,353.0,418.0,608.0,665.0,4,822.0
5.0,28.0,353.0,608.0,665.0,822.0,4,1016.0
5.0,13.0,91.0,137.0,151.0,164.0,4,238.0
5.0,13.0,91.0,137.0,164.0,811.0,4,824.0
5.0,13.0,91.0,137.0,164.0,811.0,4,824.0
5.0,13.0,116.0,151.0,238.0,811.0,4,866.0
5.0,13.0,91.0,137.0,151.0,164.0,4,238.0
5.0,13.0,91.0,137.0,151.0,164.0,4,824.0
5.0,13.0,91.0,164.0,811.0,824.0,4,866.0
5.0,13.0,91.0,164.0,811.0,824.0,4,866.0
5.0,13.0,91.0,164.0,811.0,824.0,4,866.0
5.0,13.0,91.0,137.0,151.0,164.0,4,238.0
5.0,13.0,91.0,137.0,151.0,238.0,4,811.0
5.0,13.0,91.0,137.0,238.0,811.0,4,866.0
5.0,13.0,91.0,137.0,238.0,811.0,4,866.0
5.0,13.0,91.0,151.0,238.0,811.0,4,866.0
5.0,13.0,91.0,151.0,238.0,811.0,4,866.0
5.0,13.0,91.0,137.0,151.0,238.0,4,811.0
5.0,13.0,91.0,137.0,151.0,238.0,4,811.0
5.0,13.0,137.0,238.0,811.0,824.0,4,866.0
5.0,13.0,137.0,187.0,811.0,866.0,4,979.0
5.0,13.0,91.0,137.0,151.0,238.0,4,811.0
5.0,13.0,91.0,137.0,151.0,238.0,4,811.0
5.0,13.0,91.0,137.0,238.0,730.0,4,811.0
5.0,13.0,91.0,238.0,730.0,811.0,4,866.0
5.0,13.0,137.0,151.0,238.0,730.0,4,824.0
5.0,13.0,91.0,137.0,151.0,238.0,4,811.0
5.0,13.0,91.0,137.0,151.0,238.0,4,811.0
5.0,13.0,91.0,730.0,811.0,824.0,4,866.0
5.0,13.0,91.0,151.0,238.0,730.0,4,866.0
5.0,13.0,91.0,137.0,151.0,238.0,4,730.0
5.0,13.0,91.0,137.0,151.0,238.0,4,811.0
5.0,13.0,91.0,137.0,238.0,730.0,4,811.0
5.0,13.0,137.0,187.0,730.0,824.0,4,910.0
5.0,13.0,91.0,137.0,151.0,238.0,4,811.0
5.0,13.0,91.0,137.0,151.0,238.0,4,811.0
5.0,13.0,91.0,137.0,151.0,238.0,4,811.0
5.0,13.0,91.0,238.0,730.0,811.0,4,866.0
5.0,14.0,48.0,254.0,592.0,700.0,4,786.0
5.0,14.0,48.0,49.0,531.0,592.0,4,700.0
5.0,14.0,48.0,49.0,531.0,592.0,4,700.0
5.0,14.0,49.0,266.0,700.0,786.0,4,983.0
5.0,14.0,48.0,254.0,592.0,700.0,4,786.0
5.0,14.0,48.0,254.0,592.0,700.0,4,786.0
5.0,14.0,48.0,49.0,592.0,700.0,4,786.0
5.0,14.0,48.0,49.0,592.0,700.0,4,786.0
5.0,13.0,91.0,137.0,151.0,164.0,4,238.0
5.0,13.0,91.0,137.0,164.0,238.0,4,730.0
5.0,13.0,91.0,164.0,238.0,730.0,4,811.0
5.0,13.0,91.0,151.0,730.0,811.0,4,910.0
5.0,13.0,137.0,151.0,164.0,238.0,4,824.0
5.0,13.0,91.0,137.0,151.0,164.0,4,238.0
5.0,13.0,91.0,137.0,151.0,164.0,4,238.0
5.0,13.0,91.0,137.0,164.0,238.0,4,730.0
5.0,13.0,164.0,238.0,730.0,811.0,4,866.0
5.0,13.0,91.0,730.0,811.0,866.0,4,910.0
5.0,13.0,91.0,730.0,811.0,866.0,4,910.0
5.0,13.0,91.0,137.0,164.0,238.0,4,730.0
5.0,13.0,91.0,137.0,164.0,238.0,4,730.0
5.0,34.0,167.0,404.0,436.0,506.0,4,753.0
5.0,34.0,404.0,506.0,753.0,814.0,4,975.0
5.0,34.0,404.0,506.0,753.0,814.0,4,975.0
5.0,34.0,404.0,506.0,517.0,753.0,4,975.0
5.0,34.0,404.0,517.0,753.0,906.0,4,975.0
5.0,34.0,167.0,436.0,506.0,583.0,4,847.0
5.0,34.0,167.0,436.0,583.0,847.0,4,906.0
5.0,25.0,294.0,380.0,421.0,453.0,4,864.0
5.0,25.0,158.0,294.0,356.0,380.0,4,453.0
5.0,25.0,158.0,294.0,356.0,380.0,4,453.0
5.0,25.0,158.0,294.0,356.0,453.0,4,798.0
5.0,25.0,300.0,356.0,398.0,421.0,4,798.0
5.0,25.0,158.0,294.0,380.0,398.0,4,864.0
5.0,25.0,158.0,294.0,356.0,453.0,4,798.0
5.0,25.0,158.0,356.0,398.0,798.0,4,864.0
5.0,25.0,294.0,398.0,421.0,798.0,4,864.0
5.0,25.0,294.0,398.0,421.0,453.0,4,864.0
5.0,25.0,294.0,398.0,421.0,453.0,4,864.0
5.0,6.0,30.0,35.0,171.0,213.0,4,640.0
5.0,6.0,35.0,55.0,213.0,769.0,4,809.0
5.0,6.0,35.0,55.0,213.0,769.0,4,809.0
5.0,6.0,55.0,213.0,769.0,809.0,4,873.0
5.0,6.0,55.0,213.0,769.0,809.0,4,873.0
5.0,6.0,30.0,55.0,213.0,809.0,4,873.0
5.0,6.0,30.0,35.0,55.0,213.0,4,809.0
5.0,6.0,30.0,35.0,55.0,213.0,4,809.0
5.0,26.0,40.0,315.0,488.0,536.0,4,759.0
5.0,26.0,40.0,315.0,488.0,536.0,4,620.0
5.0,26.0,40.0,315.0,488.0,536.0,4,620.0
5.0,26.0,333.0,536.0,620.0,634.0,4,948.0
5.0,26.0,333.0,488.0,620.0,634.0,4,948.0
5.0,26.0,40.0,315.0,333.0,536.0,4,948.0
5.0,26.0,40.0,536.0,620.0,634.0,4,948.0
5.0,26.0,40.0,536.0,620.0,634.0,4,948.0
5.0,26.0,40.0,315.0,488.0,536.0,4,620.0
5.0,26.0,315.0,333.0,488.0,634.0,4,948.0
5.0,26.0,40.0,536.0,620.0,634.0,4,948.0
5.0,7.0,112.0,277.0,451.0,902.0,4,1005.0
5.0,7.0,112.0,250.0,455.0,609.0,4,1005.0
5.0,7.0,112.0,250.0,455.0,609.0,4,1005.0
5.0,7.0,112.0,277.0,451.0,902.0,4,1005.0
5.0,7.0,105.0,250.0,455.0,609.0,4,902.0
5.0,7.0,105.0,250.0,455.0,609.0,4,1005.0
5.0,7.0,112.0,250.0,277.0,451.0,4,1005.0
5.0,13.0,91.0,137.0,164.0,238.0,4,811.0
5.0,13.0,91.0,137.0,575.0,730.0,4,811.0
5.0,13.0,164.0,575.0,730.0,811.0,4,824.0
5.0,13.0,137.0,164.0,238.0,730.0,4,824.0
5.0,13.0,91.0,137.0,164.0,238.0,4,730.0
5.0,13.0,91.0,137.0,164.0,238.0,4,811.0
5.0,13.0,91.0,137.0,164.0,575.0,4,811.0
5.0,13.0,91.0,137.0,164.0,575.0,4,811.0
5.0,13.0,91.0,137.0,164.0,575.0,4,811.0
5.0,13.0,137.0,575.0,730.0,811.0,4,824.0
5.0,13.0,164.0,575.0,730.0,811.0,4,824.0
5.0,13.0,91.0,164.0,575.0,730.0,4,811.0
5.0,13.0,91.0,164.0,238.0,730.0,4,811.0
5.0,28.0,353.0,665.0,754.0,822.0,4,1016.0
5.0,28.0,353.0,665.0,754.0,822.0,4,1016.0
5.0,28.0,353.0,418.0,598.0,754.0,4,822.0
5.0,28.0,191.0,418.0,598.0,754.0,4,822.0
5.0,28.0,191.0,314.0,353.0,418.0,4,598.0
5.0,28.0,191.0,353.0,418.0,598.0,4,1016.0
5.0,28.0,353.0,665.0,754.0,822.0,4,1016.0
5.0,28.0,353.0,418.0,665.0,754.0,4,1016.0
5.0,13.0,91.0,137.0,164.0,238.0,4,811.0
5.0,13.0,97.0,319.0,575.0,730.0,4,824.0
5.0,13.0,91.0,137.0,164.0,238.0,4,730.0
5.0,13.0,91.0,137.0,164.0,730.0,4,824.0
5.0,13.0,91.0,97.0,164.0,730.0,4,824.0
5.0,13.0,97.0,164.0,575.0,730.0,4,824.0
5.0,13.0,91.0,97.0,137.0,164.0,4,730.0
5.0,13.0,91.0,97.0,137.0,164.0,4,730.0
5.0,13.0,91.0,137.0,164.0,238.0,4,811.0
5.0,13.0,91.0,137.0,164.0,238.0,4,730.0
5.0,13.0,91.0,137.0,164.0,730.0,4,824.0
5.0,13.0,91.0,137.0,164.0,238.0,4,730.0
5.0,13.0,91.0,137.0,164.0,238.0,4,811.0
5.0,13.0,91.0,137.0,164.0,238.0,4,811.0
5.0,13.0,91.0,97.0,319.0,730.0,4,824.0
5.0,13.0,97.0,319.0,575.0,730.0,4,824.0
5.0,13.0,97.0,319.0,575.0,730.0,4,824.0
5.0,13.0,97.0,164.0,575.0,730.0,4,824.0
5.0,13.0,91.0,97.0,164.0,575.0,4,730.0
5.0,13.0,91.0,137.0,164.0,238.0,4,730.0
5.0,13.0,97.0,164.0,238.0,575.0,4,730.0
5.0,13.0,91.0,137.0,164.0,238.0,4,811.0
5.0,13.0,91.0,137.0,164.0,575.0,4,811.0
5.0,13.0,91.0,164.0,575.0,730.0,4,753.0
5.0,13.0,164.0,238.0,575.0,730.0,4,753.0
5.0,13.0,91.0,137.0,164.0,575.0,4,730.0
5.0,13.0,91.0,137.0,164.0,753.0,4,811.0
5.0,13.0,91.0,137.0,164.0,238.0,4,811.0
5.0,13.0,91.0,97.0,164.0,575.0,4,753.0
5.0,13.0,91.0,97.0,164.0,575.0,4,753.0
5.0,13.0,91.0,137.0,164.0,238.0,4,811.0
5.0,13.0,137.0,164.0,238.0,575.0,4,811.0
5.0,13.0,137.0,319.0,575.0,753.0,4,824.0
5.0,13.0,91.0,137.0,164.0,238.0,4,811.0
5.0,13.0,97.0,319.0,575.0,753.0,4,824.0
5.0,13.0,97.0,319.0,575.0,753.0,4,824.0
5.0,13.0,97.0,319.0,575.0,753.0,4,824.0
5.0,13.0,91.0,137.0,164.0,238.0,4,811.0
5.0,13.0,91.0,137.0,164.0,238.0,4,753.0
5.0,13.0,91.0,97.0,164.0,575.0,4,753.0
5.0,13.0,91.0,97.0,164.0,575.0,4,753.0
5.0,13.0,97.0,319.0,575.0,753.0,4,824.0
5.0,13.0,97.0,164.0,811.0,824.0,4,979.0
5.0,13.0,91.0,137.0,164.0,238.0,4,811.0
5.0,13.0,91.0,137.0,164.0,238.0,4,753.0
5.0,13.0,91.0,97.0,238.0,319.0,4,811.0
5.0,13.0,91.0,97.0,164.0,238.0,4,811.0
5.0,13.0,91.0,137.0,164.0,238.0,4,811.0
5.0,13.0,91.0,137.0,164.0,238.0,4,811.0
5.0,13.0,97.0,164.0,238.0,575.0,4,753.0
5.0,7.0,105.0,250.0,277.0,455.0,4,846.0
5.0,7.0,105.0,250.0,277.0,455.0,4,902.0
5.0,7.0,115.0,279.0,386.0,846.0,4,1033.0
5.0,13.0,91.0,137.0,164.0,238.0,4,753.0
5.0,13.0,91.0,97.0,319.0,575.0,4,753.0
5.0,13.0,137.0,164.0,238.0,319.0,4,575.0
5.0,13.0,91.0,137.0,164.0,238.0,4,811.0
5.0,13.0,91.0,137.0,164.0,575.0,4,811.0
5.0,13.0,164.0,238.0,575.0,753.0,4,811.0
5.0,13.0,238.0,319.0,575.0,753.0,4,811.0
5.0,13.0,238.0,319.0,575.0,753.0,4,811.0
5.0,13.0,91.0,164.0,238.0,319.0,4,753.0
5.0,15.0,659.0,684.0,714.0,802.0,4,860.0
5.0,15.0,659.0,714.0,764.0,860.0,4,1036.0
5.0,15.0,355.0,659.0,764.0,802.0,4,1036.0
5.0,15.0,355.0,375.0,764.0,802.0,4,1036.0
5.0,15.0,355.0,375.0,764.0,860.0,4,1036.0
5.0,15.0,218.0,659.0,714.0,764.0,4,860.0
5.0,15.0,684.0,714.0,764.0,860.0,4,1036.0
5.0,15.0,355.0,684.0,764.0,802.0,4,1036.0
5.0,13.0,91.0,137.0,164.0,238.0,4,811.0
5.0,13.0,91.0,137.0,164.0,238.0,4,811.0
5.0,13.0,91.0,137.0,164.0,238.0,4,811.0
5.0,13.0,91.0,97.0,164.0,575.0,4,730.0
5.0,13.0,91.0,97.0,319.0,575.0,4,730.0
5.0,13.0,97.0,238.0,319.0,575.0,4,730.0
5.0,13.0,91.0,97.0,164.0,238.0,4,811.0
5.0,13.0,91.0,164.0,575.0,730.0,4,811.0
5.0,13.0,319.0,575.0,730.0,811.0,4,824.0
5.0,13.0,164.0,319.0,575.0,730.0,4,824.0
5.0,13.0,164.0,319.0,575.0,730.0,4,824.0
5.0,13.0,91.0,164.0,319.0,730.0,4,824.0
5.0,13.0,91.0,164.0,730.0,811.0,4,824.0
5.0,13.0,91.0,164.0,730.0,811.0,4,824.0
5.0,0.0,394.0,437.0,686.0,968.0,4,1024.0
5.0,0.0,394.0,437.0,493.0,535.0,4,1024.0
5.0,0.0,448.0,465.0,493.0,535.0,4,589.0
5.0,0.0,448.0,465.0,493.0,535.0,4,589.0
5.0,0.0,394.0,465.0,493.0,535.0,4,686.0
5.0,0.0,394.0,437.0,535.0,686.0,4,1024.0
5.0,14.0,254.0,266.0,531.0,592.0,4,786.0
5.0,14.0,49.0,700.0,786.0,922.0,4,983.0
5.0,14.0,254.0,266.0,531.0,592.0,4,983.0
5.0,14.0,254.0,266.0,531.0,592.0,4,786.0
5.0,14.0,254.0,266.0,531.0,592.0,4,786.0
5.0,14.0,49.0,531.0,700.0,922.0,4,983.0
5.0,14.0,49.0,700.0,786.0,922.0,4,983.0
5.0,14.0,49.0,700.0,786.0,922.0,4,983.0
5.0,14.0,531.0,592.0,700.0,786.0,4,922.0
5.0,28.0,353.0,418.0,608.0,754.0,4,1016.0
5.0,28.0,191.0,418.0,598.0,754.0,4,822.0
5.0,28.0,353.0,608.0,665.0,822.0,4,1016.0
5.0,28.0,353.0,608.0,665.0,822.0,4,1016.0
5.0,28.0,353.0,608.0,665.0,822.0,4,1016.0
5.0,28.0,353.0,418.0,598.0,608.0,4,1016.0
5.0,28.0,353.0,418.0,598.0,608.0,4,822.0
5.0,28.0,353.0,418.0,598.0,754.0,4,1016.0
5.0,14.0,48.0,254.0,592.0,688.0,4,786.0
5.0,14.0,592.0,688.0,786.0,922.0,4,983.0
5.0,14.0,592.0,700.0,786.0,922.0,4,983.0
5.0,14.0,48.0,49.0,700.0,922.0,4,983.0
5.0,14.0,48.0,254.0,592.0,688.0,4,786.0
5.0,14.0,48.0,254.0,592.0,688.0,4,786.0
5.0,14.0,592.0,688.0,786.0,922.0,4,983.0
5.0,14.0,48.0,254.0,592.0,688.0,4,786.0
5.0,14.0,48.0,592.0,688.0,786.0,4,922.0
5.0,14.0,48.0,254.0,592.0,688.0,4,786.0
5.0,14.0,48.0,223.0,592.0,688.0,4,786.0
5.0,14.0,223.0,266.0,450.0,786.0,4,983.0
5.0,14.0,48.0,254.0,592.0,688.0,4,983.0
5.0,14.0,48.0,254.0,592.0,688.0,4,983.0
5.0,14.0,48.0,223.0,266.0,592.0,4,983.0
5.0,14.0,48.0,223.0,266.0,592.0,4,983.0
5.0,14.0,48.0,254.0,592.0,688.0,4,983.0
5.0,14.0,48.0,254.0,592.0,688.0,4,786.0
5.0,14.0,48.0,254.0,592.0,688.0,4,786.0
5.0,14.0,254.0,531.0,592.0,688.0,4,786.0
5.0,14.0,48.0,254.0,592.0,688.0,4,786.0
5.0,14.0,48.0,223.0,450.0,531.0,4,592.0
5.0,14.0,254.0,531.0,592.0,688.0,4,786.0
5.0,14.0,254.0,531.0,592.0,688.0,4,786.0
5.0,14.0,48.0,254.0,592.0,688.0,4,786.0
5.0,25.0,294.0,398.0,421.0,453.0,4,864.0
5.0,25.0,294.0,398.0,421.0,453.0,4,864.0
5.0,25.0,158.0,294.0,356.0,453.0,4,798.0
5.0,25.0,158.0,356.0,453.0,798.0,4,864.0
5.0,25.0,294.0,398.0,421.0,864.0,4,1008.0
5.0,25.0,294.0,398.0,421.0,453.0,4,864.0
5.0,25.0,294.0,356.0,398.0,421.0,4,1008.0
5.0,25.0,158.0,294.0,356.0,398.0,4,1008.0
5.0,25.0,158.0,294.0,356.0,798.0,4,1008.0
5.0,25.0,294.0,356.0,421.0,453.0,4,798.0
5.0,25.0,294.0,398.0,421.0,453.0,4,864.0
5.0,14.0,48.0,254.0,592.0,700.0,4,786.0
5.0,14.0,48.0,254.0,592.0,700.0,4,786.0
5.0,14.0,49.0,592.0,688.0,786.0,4,983.0
5.0,14.0,49.0,592.0,688.0,786.0,4,983.0
5.0,14.0,48.0,49.0,450.0,688.0,4,983.0
5.0,14.0,48.0,49.0,450.0,688.0,4,983.0
5.0,14.0,48.0,254.0,592.0,700.0,4,786.0
5.0,14.0,49.0,592.0,688.0,786.0,4,983.0
5.0,14.0,48.0,49.0,450.0,688.0,4,983.0
5.0,14.0,48.0,49.0,450.0,688.0,4,983.0
5.0,14.0,48.0,49.0,450.0,688.0,4,983.0
5.0,14.0,49.0,450.0,688.0,786.0,4,983.0
5.0,14.0,49.0,450.0,531.0,688.0,4,983.0
5.0,14.0,223.0,266.0,450.0,531.0,4,644.0
5.0,26.0,40.0,333.0,536.0,620.0,4,914.0
5.0,26.0,40.0,333.0,634.0,759.0,4,948.0
5.0,26.0,40.0,333.0,634.0,759.0,4,948.0
5.0,26.0,40.0,488.0,536.0,914.0,4,948.0
5.0,26.0,40.0,488.0,536.0,914.0,4,948.0
5.0,26.0,40.0,488.0,536.0,620.0,4,914.0
5.0,26.0,40.0,488.0,536.0,620.0,4,914.0
5.0,26.0,40.0,488.0,536.0,759.0,4,914.0
5.0,26.0,40.0,488.0,536.0,759.0,4,948.0
5.0,26.0,333.0,488.0,634.0,759.0,4,948.0
5.0,26.0,40.0,333.0,634.0,914.0,4,948.0
5.0,26.0,40.0,536.0,634.0,759.0,4,914.0
5.0,1.0,477.0,577.0,790.0,808.0,4,820.0
5.0,1.0,106.0,477.0,790.0,808.0,4,820.0
5.0,1.0,106.0,169.0,711.0,790.0,4,808.0
5.0,1.0,106.0,169.0,297.0,711.0,4,790.0
5.0,1.0,106.0,169.0,790.0,808.0,4,820.0
5.0,1.0,477.0,577.0,790.0,808.0,4,820.0
5.0,1.0,106.0,297.0,577.0,711.0,4,790.0
5.0,1.0,106.0,477.0,711.0,790.0,4,808.0
5.0,1.0,106.0,477.0,711.0,790.0,4,808.0
5.0,32.0,3.0,34.0,241.0,426.0,4,524.0
5.0,32.0,34.0,302.0,426.0,524.0,4,624.0
5.0,32.0,57.0,241.0,302.0,624.0,4,627.0
5.0,32.0,241.0,302.0,416.0,524.0,4,627.0
5.0,32.0,241.0,416.0,426.0,524.0,4,627.0
5.0,32.0,241.0,416.0,426.0,524.0,4,627.0
5.0,32.0,34.0,241.0,416.0,426.0,4,524.0
5.0,32.0,3.0,241.0,302.0,524.0,4,627.0
5.0,32.0,3.0,57.0,302.0,624.0,4,627.0
5.0,32.0,3.0,241.0,302.0,524.0,4,627.0
5.0,32.0,3.0,241.0,302.0,524.0,4,627.0
5.0,14.0,48.0,254.0,592.0,700.0,4,786.0
5.0,14.0,48.0,49.0,688.0,922.0,4,983.0
5.0,14.0,48.0,49.0,688.0,922.0,4,983.0
5.0,14.0,592.0,700.0,786.0,922.0,4,983.0
5.0,14.0,592.0,688.0,786.0,922.0,4,983.0
5.0,14.0,48.0,49.0,688.0,922.0,4,983.0
5.0,14.0,48.0,254.0,592.0,700.0,4,786.0
5.0,14.0,48.0,254.0,592.0,688.0,4,786.0
5.0,14.0,592.0,688.0,786.0,922.0,4,983.0
5.0,14.0,592.0,688.0,786.0,922.0,4,983.0
5.0,14.0,48.0,49.0,688.0,922.0,4,983.0
5.0,14.0,592.0,688.0,786.0,922.0,4,983.0
5.0,14.0,48.0,49.0,688.0,922.0,4,983.0
5.0,14.0,48.0,49.0,688.0,786.0,4,922.0
5.0,7.0,112.0,279.0,455.0,902.0,4,1033.0
5.0,7.0,105.0,451.0,455.0,1005.0,4,1033.0
5.0,7.0,105.0,451.0,902.0,1005.0,4,1033.0
5.0,7.0,112.0,277.0,451.0,455.0,4,902.0
5.0,7.0,112.0,277.0,451.0,902.0,4,1005.0
5.0,7.0,105.0,115.0,277.0,451.0,4,455.0
5.0,7.0,112.0,277.0,455.0,902.0,4,1005.0
5.0,7.0,112.0,277.0,451.0,455.0,4,902.0
5.0,9.0,81.0,109.0,366.0,452.0,4,941.0
5.0,9.0,81.0,85.0,204.0,510.0,4,845.0
5.0,9.0,81.0,85.0,204.0,510.0,4,845.0
5.0,9.0,81.0,85.0,204.0,510.0,4,845.0
5.0,9.0,81.0,204.0,366.0,452.0,4,845.0
5.0,9.0,81.0,366.0,452.0,845.0,4,941.0
5.0,9.0,81.0,85.0,510.0,845.0,4,941.0
5.0,9.0,81.0,85.0,109.0,204.0,4,510.0
5.0,34.0,167.0,404.0,506.0,517.0,4,975.0
5.0,34.0,404.0,506.0,517.0,753.0,4,975.0
5.0,34.0,36.0,583.0,695.0,753.0,4,906.0
5.0,34.0,167.0,404.0,506.0,517.0,4,975.0
5.0,34.0,404.0,506.0,517.0,847.0,4,975.0
5.0,34.0,167.0,404.0,506.0,517.0,4,975.0
5.0,34.0,167.0,404.0,506.0,753.0,4,975.0
5.0,34.0,167.0,506.0,583.0,753.0,4,975.0
5.0,34.0,583.0,753.0,847.0,906.0,4,975.0
5.0,34.0,583.0,753.0,847.0,906.0,4,975.0
5.0,34.0,583.0,753.0,847.0,906.0,4,975.0
5.0,34.0,506.0,517.0,583.0,847.0,4,975.0
5.0,14.0,592.0,688.0,786.0,922.0,4,983.0
5.0,14.0,48.0,592.0,688.0,922.0,4,983.0
5.0,14.0,48.0,49.0,688.0,922.0,4,983.0
5.0,14.0,592.0,688.0,700.0,786.0,4,922.0
5.0,14.0,48.0,592.0,688.0,922.0,4,983.0
5.0,14.0,48.0,254.0,592.0,700.0,4,786.0
5.0,15.0,659.0,684.0,714.0,872.0,4,960.0
5.0,15.0,659.0,684.0,764.0,872.0,4,960.0
5.0,15.0,659.0,684.0,714.0,764.0,4,802.0
5.0,15.0,659.0,684.0,714.0,802.0,4,960.0
5.0,15.0,659.0,684.0,714.0,764.0,4,872.0
5.0,15.0,659.0,684.0,714.0,764.0,4,802.0
5.0,15.0,659.0,684.0,714.0,872.0,4,960.0
5.0,15.0,218.0,659.0,684.0,764.0,4,802.0
5.0,15.0,218.0,375.0,684.0,764.0,4,802.0
5.0,15.0,659.0,684.0,714.0,764.0,4,802.0
5.0,7.0,277.0,386.0,451.0,846.0,4,1005.0
5.0,7.0,105.0,277.0,455.0,609.0,4,846.0
5.0,7.0,277.0,386.0,451.0,455.0,4,1005.0
5.0,7.0,277.0,386.0,455.0,609.0,4,1005.0
5.0,7.0,277.0,386.0,455.0,609.0,4,1005.0
5.0,7.0,105.0,455.0,609.0,846.0,4,1005.0
5.0,7.0,115.0,279.0,609.0,846.0,4,1033.0
5.0,14.0,48.0,592.0,700.0,786.0,4,809.0
5.0,14.0,48.0,592.0,700.0,786.0,4,809.0
5.0,14.0,531.0,592.0,688.0,786.0,4,922.0
5.0,14.0,531.0,592.0,688.0,786.0,4,922.0
5.0,14.0,48.0,531.0,592.0,688.0,4,922.0
5.0,14.0,48.0,531.0,688.0,809.0,4,922.0
5.0,14.0,48.0,531.0,592.0,688.0,4,809.0
5.0,14.0,48.0,592.0,700.0,786.0,4,809.0
5.0,14.0,48.0,592.0,700.0,786.0,4,809.0
5.0,14.0,48.0,531.0,592.0,688.0,4,922.0
5.0,14.0,531.0,592.0,786.0,809.0,4,922.0
5.0,14.0,48.0,592.0,688.0,786.0,4,809.0
5.0,14.0,48.0,592.0,700.0,786.0,4,809.0
5.0,14.0,48.0,592.0,700.0,786.0,4,809.0
5.0,14.0,48.0,531.0,592.0,688.0,4,922.0
5.0,14.0,531.0,688.0,786.0,809.0,4,922.0
5.0,14.0,48.0,531.0,688.0,700.0,4,922.0
5.0,14.0,48.0,592.0,688.0,786.0,4,809.0
5.0,14.0,48.0,592.0,688.0,786.0,4,809.0
5.0,14.0,531.0,592.0,700.0,786.0,4,809.0
5.0,14.0,531.0,592.0,688.0,922.0,4,983.0
5.0,14.0,531.0,688.0,809.0,922.0,4,983.0
5.0,14.0,688.0,786.0,809.0,922.0,4,983.0
5.0,14.0,688.0,786.0,809.0,922.0,4,983.0
5.0,14.0,592.0,688.0,786.0,922.0,4,983.0
5.0,14.0,531.0,592.0,700.0,786.0,4,809.0
5.0,14.0,531.0,592.0,700.0,786.0,4,809.0
5.0,14.0,531.0,592.0,700.0,786.0,4,809.0
5.0,14.0,688.0,786.0,809.0,922.0,4,983.0
5.0,14.0,592.0,688.0,700.0,786.0,4,809.0
5.0,14.0,48.0,531.0,688.0,809.0,4,922.0
5.0,14.0,48.0,688.0,786.0,809.0,4,922.0
5.0,14.0,48.0,688.0,700.0,786.0,4,809.0
5.0,14.0,48.0,688.0,700.0,786.0,4,809.0
5.0,28.0,353.0,608.0,665.0,822.0,4,1016.0
5.0,28.0,608.0,665.0,754.0,822.0,4,1016.0
5.0,28.0,608.0,665.0,754.0,822.0,4,1016.0
5.0,28.0,418.0,598.0,608.0,754.0,4,822.0
5.0,28.0,353.0,418.0,598.0,754.0,4,761.0
5.0,28.0,418.0,608.0,665.0,822.0,4,1016.0
5.0,28.0,353.0,608.0,665.0,822.0,4,1016.0
5.0,28.0,418.0,598.0,608.0,754.0,4,1016.0
5.0,28.0,353.0,418.0,598.0,754.0,4,1016.0
5.0,28.0,353.0,418.0,598.0,754.0,4,1016.0
5.0,28.0,353.0,418.0,608.0,754.0,4,1016.0
5.0,28.0,353.0,418.0,608.0,754.0,4,1016.0
5.0,28.0,353.0,608.0,665.0,822.0,4,1016.0
5.0,28.0,353.0,418.0,598.0,608.0,4,1016.0
5.0,28.0,191.0,418.0,598.0,754.0,4,822.0
5.0,28.0,353.0,608.0,665.0,822.0,4,1016.0
5.0,28.0,353.0,608.0,665.0,754.0,4,822.0
5.0,28.0,353.0,418.0,598.0,608.0,4,1016.0
5.0,28.0,191.0,418.0,598.0,754.0,4,1016.0
5.0,28.0,191.0,418.0,598.0,754.0,4,1016.0
5.0,28.0,353.0,608.0,665.0,822.0,4,1016.0
5.0,28.0,353.0,608.0,665.0,822.0,4,1016.0
5.0,28.0,353.0,418.0,598.0,754.0,4,822.0
5.0,28.0,353.0,608.0,754.0,822.0,4,1016.0
5.0,28.0,353.0,608.0,754.0,822.0,4,1016.0
5.0,28.0,353.0,608.0,754.0,822.0,4,1016.0
5.0,28.0,418.0,608.0,639.0,754.0,4,1016.0
5.0,28.0,353.0,418.0,598.0,754.0,4,822.0
5.0,28.0,353.0,418.0,608.0,754.0,4,1016.0
5.0,28.0,353.0,418.0,608.0,754.0,4,1016.0
5.0,0.0,448.0,465.0,493.0,535.0,4,686.0
5.0,0.0,465.0,493.0,535.0,968.0,4,1037.0
5.0,0.0,394.0,437.0,968.0,1024.0,4,1037.0
5.0,0.0,394.0,437.0,968.0,1024.0,4,1037.0
5.0,0.0,465.0,493.0,535.0,686.0,4,1037.0
5.0,0.0,448.0,465.0,493.0,535.0,4,686.0
5.0,0.0,465.0,493.0,535.0,968.0,4,1037.0
5.0,0.0,465.0,493.0,535.0,968.0,4,1037.0
5.0,0.0,437.0,493.0,535.0,968.0,4,1037.0
5.0,0.0,465.0,493.0,535.0,968.0,4,1037.0
5.0,0.0,394.0,465.0,493.0,535.0,4,968.0
5.0,0.0,394.0,465.0,493.0,535.0,4,968.0
5.0,32.0,34.0,302.0,524.0,624.0,4,817.0
5.0,32.0,34.0,241.0,302.0,524.0,4,817.0
5.0,32.0,34.0,241.0,302.0,426.0,4,524.0
5.0,32.0,3.0,346.0,426.0,524.0,4,624.0
5.0,32.0,34.0,241.0,302.0,346.0,4,624.0
5.0,32.0,3.0,241.0,426.0,524.0,4,624.0
5.0,9.0,204.0,452.0,510.0,941.0,4,1009.0
5.0,9.0,204.0,452.0,510.0,941.0,4,1009.0
5.0,9.0,204.0,452.0,510.0,941.0,4,1009.0
5.0,9.0,204.0,452.0,510.0,941.0,4,1009.0
5.0,9.0,452.0,510.0,845.0,941.0,4,1009.0
5.0,9.0,85.0,109.0,366.0,845.0,4,941.0
5.0,9.0,109.0,366.0,452.0,845.0,4,941.0
5.0,28.0,353.0,608.0,665.0,822.0,4,1016.0
5.0,28.0,353.0,608.0,665.0,822.0,4,1016.0
5.0,28.0,353.0,608.0,665.0,822.0,4,1016.0
5.0,28.0,353.0,418.0,608.0,665.0,4,1016.0
5.0,28.0,353.0,418.0,608.0,665.0,4,1016.0
5.0,28.0,191.0,418.0,598.0,754.0,4,822.0
5.0,28.0,353.0,608.0,665.0,822.0,4,1016.0
5.0,28.0,353.0,608.0,665.0,822.0,4,1016.0
5.0,28.0,353.0,608.0,665.0,822.0,4,1016.0
5.0,28.0,353.0,608.0,665.0,822.0,4,1016.0
5.0,28.0,191.0,314.0,353.0,418.0,4,598.0
5.0,28.0,191.0,314.0,353.0,418.0,4,598.0
5.0,28.0,191.0,418.0,598.0,822.0,4,1016.0
5.0,28.0,418.0,598.0,608.0,822.0,4,1016.0
5.0,28.0,353.0,608.0,665.0,822.0,4,1016.0
5.0,28.0,353.0,608.0,665.0,822.0,4,1016.0
5.0,28.0,353.0,608.0,665.0,822.0,4,1016.0
5.0,28.0,353.0,608.0,665.0,822.0,4,1016.0
5.0,28.0,353.0,418.0,598.0,822.0,4,1016.0
5.0,28.0,353.0,418.0,598.0,822.0,4,1016.0
5.0,28.0,191.0,314.0,418.0,598.0,4,639.0
5.0,28.0,191.0,314.0,598.0,639.0,4,761.0
5.0,7.0,112.0,277.0,451.0,902.0,4,1005.0
5.0,7.0,112.0,250.0,277.0,455.0,4,902.0
5.0,7.0,250.0,386.0,455.0,609.0,4,902.0
5.0,7.0,250.0,386.0,455.0,609.0,4,1005.0
5.0,7.0,250.0,386.0,455.0,609.0,4,1005.0
5.0,7.0,105.0,277.0,451.0,455.0,4,902.0
5.0,7.0,250.0,277.0,386.0,455.0,4,609.0
5.0,7.0,250.0,277.0,386.0,455.0,4,609.0
5.0,7.0,112.0,277.0,451.0,455.0,4,902.0
5.0,7.0,112.0,277.0,451.0,455.0,4,902.0
5.0,28.0,353.0,665.0,754.0,822.0,4,1016.0
5.0,28.0,418.0,598.0,754.0,822.0,4,1016.0
5.0,28.0,191.0,353.0,665.0,754.0,4,822.0
5.0,28.0,191.0,353.0,665.0,754.0,4,822.0
5.0,28.0,353.0,418.0,598.0,754.0,4,1016.0
5.0,28.0,353.0,418.0,665.0,754.0,4,1016.0
5.0,28.0,353.0,608.0,665.0,754.0,4,822.0
5.0,28.0,353.0,418.0,598.0,761.0,4,1016.0
5.0,28.0,353.0,418.0,598.0,761.0,4,1016.0
5.0,28.0,418.0,608.0,754.0,761.0,4,1016.0
5.0,28.0,418.0,608.0,754.0,761.0,4,1016.0
5.0,28.0,353.0,598.0,754.0,822.0,4,1016.0
5.0,28.0,353.0,608.0,665.0,754.0,4,822.0
5.0,28.0,353.0,608.0,754.0,822.0,4,1016.0
5.0,28.0,353.0,418.0,608.0,822.0,4,1016.0
5.0,28.0,353.0,418.0,598.0,761.0,4,1016.0
5.0,28.0,598.0,608.0,754.0,761.0,4,1016.0
5.0,28.0,160.0,191.0,314.0,639.0,4,761.0
5.0,28.0,353.0,608.0,665.0,754.0,4,822.0
5.0,28.0,353.0,608.0,665.0,754.0,4,822.0
5.0,28.0,314.0,418.0,497.0,598.0,4,1016.0
5.0,28.0,418.0,598.0,608.0,754.0,4,1016.0
5.0,28.0,353.0,608.0,665.0,754.0,4,822.0
5.0,28.0,353.0,608.0,665.0,754.0,4,822.0
5.0,28.0,608.0,665.0,754.0,822.0,4,1016.0
5.0,28.0,608.0,665.0,754.0,822.0,4,1016.0
5.0,28.0,608.0,665.0,754.0,822.0,4,1016.0
5.0,28.0,353.0,497.0,754.0,822.0,4,1016.0
5.0,28.0,353.0,418.0,497.0,822.0,4,1016.0
5.0,28.0,314.0,598.0,754.0,761.0,4,1016.0
5.0,1.0,106.0,577.0,790.0,808.0,4,820.0
5.0,1.0,106.0,369.0,790.0,808.0,4,820.0
5.0,1.0,369.0,577.0,790.0,808.0,4,876.0
5.0,1.0,369.0,577.0,586.0,808.0,4,876.0
5.0,1.0,78.0,369.0,577.0,586.0,4,876.0
5.0,1.0,78.0,369.0,577.0,586.0,4,876.0
5.0,1.0,78.0,106.0,369.0,586.0,4,876.0
5.0,1.0,78.0,106.0,369.0,820.0,4,876.0
5.0,1.0,78.0,106.0,369.0,790.0,4,820.0
5.0,1.0,106.0,577.0,790.0,808.0,4,820.0
5.0,1.0,106.0,577.0,790.0,808.0,4,820.0
5.0,1.0,106.0,369.0,790.0,808.0,4,820.0
5.0,1.0,78.0,297.0,369.0,401.0,4,682.0
5.0,34.0,167.0,404.0,506.0,753.0,4,975.0
5.0,34.0,36.0,583.0,753.0,847.0,4,906.0
5.0,34.0,167.0,404.0,506.0,517.0,4,975.0
5.0,34.0,167.0,506.0,517.0,583.0,4,975.0
5.0,34.0,167.0,404.0,506.0,517.0,4,975.0
5.0,34.0,36.0,404.0,506.0,753.0,4,847.0
5.0,34.0,36.0,583.0,753.0,847.0,4,906.0
5.0,4.0,126.0,134.0,487.0,646.0,4,853.0
5.0,4.0,126.0,487.0,601.0,646.0,4,936.0
5.0,4.0,126.0,134.0,487.0,646.0,4,853.0
5.0,4.0,487.0,504.0,601.0,646.0,4,936.0
5.0,28.0,497.0,608.0,754.0,822.0,4,1016.0
5.0,28.0,418.0,598.0,608.0,822.0,4,1016.0
5.0,28.0,418.0,497.0,514.0,608.0,4,1016.0
5.0,28.0,418.0,497.0,514.0,608.0,4,1016.0
5.0,28.0,598.0,608.0,754.0,822.0,4,1016.0
5.0,28.0,191.0,418.0,598.0,754.0,4,822.0
5.0,28.0,191.0,418.0,598.0,754.0,4,761.0
5.0,28.0,418.0,497.0,608.0,761.0,4,1016.0
5.0,28.0,418.0,608.0,754.0,761.0,4,1016.0
5.0,28.0,497.0,608.0,754.0,822.0,4,1016.0
5.0,28.0,397.0,418.0,514.0,639.0,4,1016.0
5.0,28.0,397.0,418.0,514.0,639.0,4,1016.0
5.0,28.0,397.0,418.0,514.0,639.0,4,754.0
5.0,28.0,497.0,608.0,639.0,822.0,4,1016.0
5.0,28.0,418.0,608.0,639.0,822.0,4,1016.0
5.0,28.0,497.0,608.0,754.0,822.0,4,1016.0
5.0,28.0,397.0,608.0,754.0,822.0,4,1016.0
5.0,28.0,397.0,418.0,514.0,639.0,4,754.0
5.0,28.0,397.0,608.0,754.0,822.0,4,1016.0
5.0,28.0,497.0,608.0,754.0,822.0,4,1016.0
5.0,28.0,397.0,418.0,514.0,608.0,4,639.0
5.0,28.0,497.0,608.0,754.0,822.0,4,1016.0
5.0,28.0,497.0,608.0,754.0,822.0,4,1016.0
5.0,28.0,608.0,639.0,754.0,822.0,4,1016.0
5.0,28.0,397.0,608.0,754.0,822.0,4,1016.0
5.0,28.0,397.0,608.0,754.0,822.0,4,1016.0
5.0,28.0,397.0,608.0,754.0,822.0,4,1016.0
5.0,7.0,112.0,250.0,277.0,902.0,4,1005.0
5.0,7.0,112.0,250.0,455.0,609.0,4,1005.0
5.0,7.0,105.0,455.0,609.0,846.0,4,1005.0
5.0,7.0,105.0,455.0,609.0,846.0,4,1005.0
5.0,7.0,105.0,277.0,455.0,609.0,4,846.0
5.0,7.0,105.0,277.0,455.0,846.0,4,902.0
5.0,7.0,112.0,455.0,846.0,902.0,4,1005.0
5.0,7.0,112.0,250.0,277.0,455.0,4,902.0
5.0,7.0,105.0,277.0,455.0,846.0,4,902.0
5.0,7.0,105.0,277.0,455.0,846.0,4,902.0
5.0,7.0,112.0,250.0,277.0,455.0,4,902.0
5.0,28.0,377.0,397.0,418.0,514.0,4,639.0
5.0,28.0,397.0,418.0,514.0,639.0,4,754.0
5.0,28.0,397.0,754.0,761.0,822.0,4,1016.0
5.0,28.0,397.0,754.0,761.0,822.0,4,1016.0
5.0,28.0,397.0,497.0,754.0,822.0,4,1016.0
5.0,28.0,377.0,418.0,514.0,639.0,4,754.0
5.0,28.0,377.0,418.0,514.0,639.0,4,754.0
5.0,28.0,397.0,418.0,514.0,639.0,4,1016.0
5.0,28.0,397.0,418.0,514.0,754.0,4,1016.0
5.0,28.0,397.0,418.0,754.0,822.0,4,1016.0
5.0,15.0,659.0,684.0,714.0,860.0,4,960.0
5.0,15.0,659.0,684.0,714.0,764.0,4,860.0
5.0,15.0,218.0,534.0,684.0,764.0,4,802.0
5.0,15.0,218.0,534.0,659.0,764.0,4,802.0
5.0,15.0,218.0,375.0,534.0,764.0,4,802.0
5.0,15.0,218.0,375.0,534.0,764.0,4,802.0
5.0,15.0,375.0,684.0,714.0,860.0,4,960.0
5.0,15.0,659.0,684.0,714.0,860.0,4,960.0
5.0,15.0,218.0,659.0,714.0,764.0,4,860.0
5.0,15.0,218.0,355.0,659.0,764.0,4,860.0
5.0,15.0,218.0,659.0,714.0,860.0,4,960.0
5.0,0.0,13.0,465.0,493.0,535.0,4,686.0
5.0,0.0,13.0,465.0,493.0,535.0,4,686.0
5.0,0.0,13.0,465.0,493.0,535.0,4,968.0
5.0,0.0,465.0,968.0,1007.0,1024.0,4,1037.0
5.0,0.0,394.0,437.0,686.0,1007.0,4,1024.0
5.0,0.0,13.0,465.0,493.0,535.0,4,968.0
5.0,0.0,437.0,493.0,968.0,1007.0,4,1037.0
5.0,0.0,437.0,968.0,1007.0,1024.0,4,1037.0
5.0,0.0,13.0,465.0,493.0,535.0,4,686.0
5.0,0.0,13.0,465.0,493.0,535.0,4,686.0
5.0,0.0,465.0,493.0,535.0,686.0,4,1037.0
5.0,0.0,437.0,968.0,1007.0,1024.0,4,1037.0
5.0,4.0,504.0,601.0,646.0,768.0,4,936.0
5.0,4.0,134.0,259.0,646.0,768.0,4,853.0
5.0,4.0,259.0,601.0,646.0,768.0,4,936.0
5.0,4.0,259.0,601.0,646.0,768.0,4,936.0
5.0,4.0,259.0,601.0,646.0,768.0,4,936.0
5.0,0.0,13.0,465.0,493.0,535.0,4,686.0
5.0,0.0,465.0,493.0,535.0,968.0,4,1037.0
5.0,0.0,437.0,493.0,968.0,1007.0,4,1037.0
5.0,0.0,465.0,535.0,1007.0,1024.0,4,1037.0
5.0,0.0,13.0,465.0,493.0,535.0,4,1007.0
5.0,0.0,13.0,465.0,493.0,535.0,4,1007.0
5.0,0.0,13.0,465.0,493.0,535.0,4,1007.0
5.0,0.0,13.0,465.0,493.0,535.0,4,1007.0
5.0,0.0,394.0,437.0,1007.0,1024.0,4,1037.0
5.0,0.0,394.0,437.0,535.0,1024.0,4,1037.0
5.0,0.0,394.0,437.0,448.0,483.0,4,1024.0
5.0,0.0,13.0,465.0,493.0,535.0,4,1024.0
5.0,0.0,465.0,493.0,535.0,1007.0,4,1037.0
5.0,0.0,394.0,465.0,493.0,535.0,4,1024.0
5.0,0.0,394.0,437.0,535.0,1007.0,4,1024.0
5.0,0.0,465.0,493.0,535.0,1007.0,4,1037.0
5.0,0.0,465.0,493.0,535.0,1007.0,4,1037.0
5.0,0.0,465.0,493.0,535.0,1007.0,4,1037.0
5.0,0.0,465.0,493.0,535.0,1024.0,4,1037.0
5.0,0.0,394.0,465.0,493.0,535.0,4,1037.0
5.0,0.0,394.0,465.0,493.0,535.0,4,1037.0
5.0,0.0,465.0,483.0,493.0,1007.0,4,1037.0
5.0,0.0,280.0,448.0,483.0,1007.0,4,1024.0
5.0,0.0,448.0,465.0,493.0,535.0,4,686.0
5.0,0.0,448.0,465.0,493.0,535.0,4,686.0
5.0,0.0,465.0,493.0,535.0,968.0,4,1037.0
5.0,0.0,465.0,493.0,535.0,686.0,4,1037.0
5.0,0.0,465.0,493.0,535.0,686.0,4,1037.0
5.0,0.0,448.0,465.0,493.0,535.0,4,686.0
5.0,0.0,465.0,493.0,535.0,686.0,4,1037.0
5.0,0.0,465.0,493.0,535.0,1007.0,4,1037.0
5.0,0.0,394.0,465.0,535.0,1007.0,4,1024.0
5.0,26.0,333.0,488.0,634.0,948.0,4,961.0
5.0,26.0,40.0,536.0,634.0,759.0,4,948.0
5.0,26.0,40.0,315.0,536.0,634.0,4,759.0
5.0,26.0,40.0,315.0,488.0,536.0,4,759.0
5.0,26.0,40.0,315.0,488.0,536.0,4,759.0
5.0,26.0,40.0,488.0,634.0,759.0,4,948.0
5.0,26.0,315.0,333.0,488.0,634.0,4,948.0
5.0,26.0,40.0,315.0,333.0,536.0,4,948.0
5.0,0.0,465.0,493.0,535.0,686.0,4,1037.0
5.0,0.0,465.0,493.0,535.0,968.0,4,1037.0
5.0,0.0,394.0,465.0,493.0,535.0,4,968.0
5.0,0.0,394.0,437.0,493.0,535.0,4,968.0
5.0,0.0,394.0,437.0,968.0,1007.0,4,1024.0
5.0,0.0,394.0,437.0,968.0,1007.0,4,1024.0
5.0,0.0,394.0,437.0,968.0,1024.0,4,1037.0
5.0,0.0,465.0,535.0,686.0,1024.0,4,1037.0
5.0,0.0,465.0,493.0,535.0,686.0,4,1037.0
5.0,0.0,465.0,493.0,535.0,686.0,4,1037.0
5.0,0.0,465.0,493.0,535.0,968.0,4,1037.0
5.0,0.0,394.0,465.0,493.0,535.0,4,968.0
5.0,0.0,394.0,437.0,493.0,535.0,4,968.0
5.0,0.0,394.0,437.0,448.0,968.0,4,1024.0
5.0,9.0,85.0,109.0,204.0,366.0,4,845.0
5.0,9.0,76.0,85.0,109.0,510.0,4,845.0
5.0,9.0,76.0,109.0,366.0,452.0,4,1009.0
5.0,9.0,204.0,366.0,452.0,845.0,4,1009.0
5.0,9.0,109.0,204.0,366.0,452.0,4,845.0
5.0,9.0,76.0,109.0,204.0,366.0,4,510.0
5.0,9.0,76.0,109.0,204.0,366.0,4,510.0
5.0,9.0,76.0,204.0,452.0,510.0,4,1009.0
5.0,9.0,76.0,452.0,510.0,845.0,4,1009.0
5.0,9.0,76.0,109.0,366.0,452.0,4,845.0
5.0,32.0,34.0,241.0,426.0,484.0,4,524.0
5.0,32.0,241.0,302.0,426.0,484.0,4,624.0
5.0,32.0,241.0,302.0,484.0,624.0,4,627.0
5.0,32.0,34.0,426.0,484.0,524.0,4,817.0
5.0,32.0,3.0,241.0,426.0,524.0,4,817.0
5.0,32.0,302.0,346.0,426.0,484.0,4,624.0
5.0,0.0,465.0,493.0,535.0,686.0,4,1037.0
5.0,0.0,394.0,448.0,493.0,589.0,4,968.0
5.0,0.0,394.0,589.0,968.0,1007.0,4,1024.0
5.0,0.0,394.0,437.0,483.0,1007.0,4,1024.0
5.0,0.0,394.0,437.0,483.0,1007.0,4,1024.0
5.0,0.0,394.0,465.0,493.0,535.0,4,686.0
5.0,0.0,394.0,493.0,535.0,589.0,4,968.0
5.0,0.0,394.0,465.0,493.0,535.0,4,686.0
5.0,0.0,394.0,465.0,493.0,535.0,4,589.0
5.0,0.0,493.0,535.0,589.0,968.0,4,1037.0
5.0,0.0,465.0,589.0,968.0,1007.0,4,1037.0
5.0,0.0,465.0,493.0,589.0,1007.0,4,1037.0
5.0,25.0,294.0,356.0,380.0,421.0,4,453.0
5.0,25.0,158.0,356.0,398.0,798.0,4,864.0
5.0,25.0,158.0,356.0,398.0,798.0,4,864.0
5.0,25.0,294.0,398.0,421.0,798.0,4,864.0
5.0,25.0,294.0,356.0,380.0,421.0,4,453.0
5.0,25.0,158.0,356.0,398.0,798.0,4,864.0
5.0,25.0,158.0,294.0,398.0,798.0,4,864.0
5.0,25.0,294.0,380.0,421.0,453.0,4,864.0
5.0,25.0,294.0,380.0,421.0,453.0,4,864.0
5.0,4.0,134.0,259.0,487.0,646.0,4,853.0
5.0,4.0,134.0,259.0,487.0,646.0,4,853.0
5.0,4.0,487.0,646.0,718.0,853.0,4,936.0
5.0,4.0,487.0,646.0,718.0,853.0,4,936.0
5.0,4.0,259.0,487.0,601.0,646.0,4,936.0
5.0,4.0,134.0,259.0,646.0,853.0,4,936.0
5.0,4.0,134.0,259.0,487.0,646.0,4,853.0
5.0,4.0,134.0,259.0,504.0,646.0,4,936.0
5.0,4.0,134.0,259.0,487.0,504.0,4,646.0
5.0,0.0,465.0,535.0,589.0,686.0,4,1037.0
5.0,0.0,465.0,535.0,589.0,686.0,4,1037.0
5.0,0.0,437.0,535.0,1007.0,1024.0,4,1037.0
5.0,0.0,394.0,437.0,968.0,1007.0,4,1024.0
5.0,0.0,437.0,968.0,1007.0,1024.0,4,1037.0
5.0,0.0,437.0,589.0,968.0,1007.0,4,1037.0
5.0,0.0,394.0,465.0,535.0,1007.0,4,1024.0
5.0,0.0,465.0,535.0,1007.0,1024.0,4,1037.0
5.0,0.0,465.0,535.0,1007.0,1024.0,4,1037.0
5.0,9.0,109.0,366.0,452.0,845.0,4,941.0
5.0,9.0,81.0,366.0,452.0,845.0,4,941.0
5.0,9.0,81.0,85.0,204.0,510.0,4,845.0
5.0,9.0,109.0,366.0,452.0,845.0,4,941.0
5.0,9.0,109.0,366.0,452.0,845.0,4,941.0
5.0,9.0,109.0,366.0,452.0,845.0,4,941.0
5.0,9.0,81.0,109.0,204.0,366.0,4,452.0
5.0,9.0,81.0,109.0,204.0,366.0,4,452.0
5.0,9.0,81.0,109.0,204.0,366.0,4,510.0
5.0,9.0,81.0,109.0,204.0,366.0,4,510.0
5.0,9.0,81.0,366.0,510.0,845.0,4,941.0
5.0,0.0,465.0,493.0,535.0,589.0,4,1037.0
5.0,0.0,394.0,465.0,493.0,535.0,4,968.0
5.0,0.0,465.0,493.0,535.0,589.0,4,1007.0
5.0,0.0,465.0,493.0,535.0,589.0,4,1037.0
5.0,0.0,465.0,493.0,535.0,589.0,4,1037.0
5.0,0.0,465.0,493.0,535.0,589.0,4,1037.0
5.0,0.0,394.0,437.0,465.0,535.0,4,589.0
5.0,0.0,465.0,493.0,535.0,589.0,4,1037.0
5.0,6.0,61.0,213.0,769.0,873.0,4,980.0
5.0,6.0,61.0,213.0,769.0,873.0,4,980.0
5.0,6.0,55.0,61.0,606.0,769.0,4,873.0
5.0,6.0,30.0,55.0,61.0,606.0,4,980.0
5.0,6.0,30.0,55.0,213.0,606.0,4,873.0
5.0,6.0,55.0,61.0,213.0,769.0,4,873.0
5.0,6.0,30.0,55.0,61.0,606.0,4,980.0
5.0,0.0,465.0,493.0,535.0,589.0,4,1037.0
5.0,0.0,394.0,465.0,535.0,589.0,4,968.0
5.0,0.0,394.0,465.0,535.0,589.0,4,968.0
5.0,0.0,448.0,465.0,483.0,493.0,4,1037.0
5.0,0.0,465.0,493.0,535.0,589.0,4,1037.0
5.0,0.0,465.0,493.0,535.0,589.0,4,1037.0
5.0,0.0,448.0,465.0,493.0,535.0,4,968.0
5.0,0.0,465.0,493.0,535.0,589.0,4,1037.0
5.0,0.0,448.0,465.0,493.0,968.0,4,1024.0
5.0,0.0,465.0,493.0,535.0,1024.0,4,1037.0
5.0,0.0,465.0,493.0,535.0,1024.0,4,1037.0
5.0,0.0,465.0,483.0,493.0,535.0,4,1037.0
5.0,0.0,465.0,493.0,535.0,589.0,4,1037.0
5.0,0.0,483.0,535.0,589.0,1024.0,4,1037.0
5.0,0.0,465.0,493.0,535.0,589.0,4,1037.0
5.0,0.0,465.0,493.0,535.0,589.0,4,1037.0
5.0,0.0,394.0,493.0,535.0,589.0,4,686.0
5.0,0.0,394.0,493.0,535.0,589.0,4,686.0
5.0,0.0,394.0,465.0,535.0,968.0,4,1024.0
5.0,0.0,394.0,465.0,535.0,968.0,4,1024.0
5.0,0.0,448.0,465.0,493.0,535.0,4,589.0
5.0,0.0,465.0,493.0,535.0,589.0,4,686.0
5.0,0.0,465.0,493.0,535.0,589.0,4,686.0
5.0,0.0,465.0,493.0,535.0,589.0,4,686.0
5.0,0.0,465.0,493.0,535.0,589.0,4,686.0
5.0,34.0,167.0,506.0,517.0,747.0,4,975.0
5.0,34.0,309.0,436.0,517.0,583.0,4,906.0
5.0,34.0,309.0,436.0,517.0,583.0,4,906.0
5.0,34.0,309.0,436.0,583.0,847.0,4,906.0
5.0,34.0,309.0,436.0,747.0,847.0,4,906.0
5.0,34.0,167.0,436.0,506.0,747.0,4,847.0
5.0,34.0,167.0,506.0,517.0,747.0,4,975.0
5.0,34.0,167.0,506.0,517.0,747.0,4,975.0
5.0,34.0,167.0,506.0,517.0,583.0,4,975.0
5.0,34.0,167.0,506.0,517.0,583.0,4,975.0
5.0,34.0,309.0,747.0,847.0,906.0,4,975.0
5.0,0.0,465.0,493.0,535.0,589.0,4,1037.0
5.0,0.0,465.0,493.0,535.0,686.0,4,1037.0
5.0,0.0,394.0,448.0,465.0,686.0,4,1024.0
5.0,0.0,465.0,493.0,535.0,968.0,4,1037.0
5.0,0.0,465.0,493.0,535.0,589.0,4,1037.0
5.0,0.0,465.0,493.0,535.0,589.0,4,1037.0
5.0,0.0,465.0,493.0,535.0,589.0,4,1037.0
5.0,0.0,493.0,535.0,589.0,1024.0,4,1037.0
5.0,26.0,40.0,315.0,333.0,536.0,4,914.0
5.0,26.0,40.0,315.0,488.0,634.0,4,914.0
5.0,26.0,40.0,315.0,488.0,536.0,4,914.0
5.0,26.0,40.0,315.0,488.0,536.0,4,914.0
5.0,26.0,40.0,315.0,488.0,536.0,4,948.0
5.0,26.0,40.0,315.0,333.0,488.0,4,948.0
5.0,26.0,40.0,315.0,333.0,634.0,4,948.0
5.0,26.0,40.0,315.0,333.0,488.0,4,536.0
5.0,26.0,40.0,315.0,488.0,536.0,4,914.0
5.0,0.0,465.0,493.0,535.0,686.0,4,1037.0
5.0,0.0,394.0,437.0,686.0,968.0,4,1024.0
5.0,0.0,394.0,589.0,686.0,968.0,4,1024.0
5.0,0.0,493.0,535.0,589.0,1024.0,4,1037.0
5.0,0.0,465.0,493.0,535.0,589.0,4,1037.0
5.0,0.0,465.0,493.0,535.0,589.0,4,1037.0
5.0,0.0,394.0,465.0,493.0,535.0,4,589.0
5.0,0.0,394.0,465.0,686.0,968.0,4,1024.0
5.0,0.0,394.0,437.0,686.0,968.0,4,1024.0
5.0,0.0,394.0,437.0,686.0,968.0,4,1024.0
5.0,0.0,437.0,448.0,483.0,968.0,4,1024.0
5.0,0.0,465.0,493.0,535.0,589.0,4,1037.0
5.0,0.0,465.0,493.0,535.0,589.0,4,1037.0
5.0,0.0,465.0,493.0,535.0,589.0,4,1037.0
5.0,0.0,465.0,493.0,535.0,589.0,4,1037.0
5.0,0.0,394.0,465.0,493.0,535.0,4,589.0
5.0,0.0,465.0,493.0,535.0,589.0,4,1037.0
5.0,0.0,394.0,465.0,493.0,535.0,4,589.0
5.0,0.0,394.0,465.0,493.0,535.0,4,686.0
5.0,0.0,465.0,493.0,535.0,686.0,4,1037.0
5.0,0.0,394.0,465.0,493.0,535.0,4,686.0
5.0,1.0,78.0,106.0,369.0,808.0,4,876.0
5.0,1.0,106.0,369.0,711.0,808.0,4,876.0
5.0,1.0,78.0,369.0,586.0,711.0,4,876.0
5.0,1.0,78.0,577.0,711.0,790.0,4,876.0
5.0,1.0,106.0,369.0,711.0,790.0,4,808.0
5.0,1.0,106.0,369.0,711.0,790.0,4,808.0
5.0,1.0,106.0,369.0,711.0,808.0,4,876.0
5.0,1.0,369.0,577.0,711.0,808.0,4,876.0
5.0,1.0,78.0,106.0,577.0,790.0,4,808.0
5.0,25.0,300.0,356.0,421.0,798.0,4,1008.0
5.0,25.0,300.0,393.0,798.0,864.0,4,1008.0
5.0,25.0,356.0,421.0,453.0,864.0,4,1008.0
5.0,25.0,356.0,398.0,421.0,453.0,4,864.0
5.0,25.0,214.0,239.0,393.0,547.0,4,1008.0
5.0,0.0,394.0,437.0,535.0,686.0,4,1024.0
5.0,0.0,394.0,437.0,535.0,686.0,4,1024.0
5.0,0.0,394.0,465.0,493.0,535.0,4,1007.0
5.0,0.0,437.0,493.0,535.0,686.0,4,1007.0
5.0,0.0,394.0,465.0,493.0,535.0,4,589.0
5.0,0.0,437.0,493.0,686.0,1007.0,4,1024.0
5.0,0.0,437.0,483.0,686.0,1007.0,4,1024.0
5.0,32.0,3.0,17.0,34.0,84.0,4,241.0
5.0,32.0,84.0,241.0,302.0,426.0,4,908.0
5.0,32.0,241.0,302.0,346.0,426.0,4,908.0
5.0,32.0,84.0,302.0,346.0,426.0,4,908.0
5.0,32.0,3.0,17.0,34.0,84.0,4,241.0
5.0,32.0,17.0,84.0,241.0,302.0,4,426.0
5.0,32.0,84.0,241.0,302.0,346.0,4,908.0
5.0,0.0,448.0,465.0,493.0,535.0,4,589.0
5.0,0.0,394.0,465.0,493.0,686.0,4,968.0
5.0,0.0,394.0,437.0,493.0,686.0,4,968.0
5.0,0.0,394.0,437.0,686.0,968.0,4,1024.0
5.0,0.0,394.0,437.0,686.0,968.0,4,1024.0
5.0,0.0,394.0,437.0,686.0,968.0,4,1024.0
5.0,0.0,394.0,437.0,483.0,1007.0,4,1024.0
5.0,0.0,394.0,437.0,483.0,1007.0,4,1024.0
5.0,0.0,394.0,465.0,493.0,535.0,4,589.0
5.0,0.0,394.0,437.0,483.0,1007.0,4,1024.0
5.0,0.0,448.0,465.0,493.0,535.0,4,589.0
5.0,0.0,437.0,448.0,686.0,968.0,4,1007.0
5.0,0.0,448.0,465.0,493.0,535.0,4,1007.0
5.0,0.0,448.0,465.0,493.0,535.0,4,589.0
5.0,0.0,394.0,437.0,686.0,968.0,4,1024.0
5.0,0.0,394.0,437.0,686.0,968.0,4,1024.0
5.0,0.0,448.0,465.0,493.0,535.0,4,589.0
5.0,0.0,448.0,465.0,493.0,535.0,4,589.0
5.0,0.0,394.0,465.0,493.0,535.0,4,686.0
5.0,0.0,394.0,465.0,535.0,686.0,4,1024.0
5.0,0.0,394.0,589.0,686.0,968.0,4,1024.0
5.0,0.0,394.0,589.0,686.0,968.0,4,1024.0
5.0,0.0,483.0,493.0,535.0,589.0,4,686.0
5.0,0.0,465.0,483.0,493.0,535.0,4,686.0
5.0,0.0,448.0,465.0,493.0,535.0,4,589.0
5.0,0.0,394.0,465.0,493.0,535.0,4,686.0
5.0,0.0,394.0,589.0,686.0,968.0,4,1024.0
5.0,0.0,394.0,589.0,686.0,968.0,4,1024.0
5.0,4.0,134.0,259.0,487.0,646.0,4,853.0
5.0,4.0,259.0,646.0,768.0,853.0,4,936.0
5.0,4.0,259.0,646.0,768.0,853.0,4,936.0
5.0,4.0,126.0,601.0,646.0,768.0,4,936.0
5.0,4.0,134.0,259.0,601.0,853.0,4,936.0
5.0,4.0,134.0,259.0,487.0,601.0,4,853.0
5.0,4.0,134.0,259.0,487.0,646.0,4,853.0
5.0,4.0,134.0,259.0,487.0,646.0,4,853.0
5.0,4.0,134.0,259.0,487.0,646.0,4,853.0
5.0,4.0,134.0,259.0,487.0,646.0,4,853.0
5.0,4.0,134.0,259.0,487.0,646.0,4,853.0
5.0,4.0,126.0,134.0,487.0,646.0,4,853.0
5.0,4.0,126.0,601.0,646.0,768.0,4,936.0
5.0,4.0,504.0,601.0,768.0,853.0,4,936.0
5.0,9.0,81.0,109.0,204.0,366.0,4,452.0
5.0,9.0,85.0,109.0,204.0,452.0,4,845.0
5.0,9.0,81.0,109.0,366.0,510.0,4,941.0
5.0,9.0,85.0,109.0,204.0,510.0,4,941.0
5.0,9.0,85.0,109.0,204.0,366.0,4,941.0
5.0,9.0,81.0,204.0,452.0,510.0,4,1019.0
5.0,9.0,204.0,366.0,510.0,941.0,4,1019.0
5.0,25.0,294.0,380.0,421.0,453.0,4,864.0
5.0,25.0,158.0,294.0,356.0,398.0,4,453.0
5.0,25.0,294.0,356.0,398.0,421.0,4,453.0
5.0,25.0,158.0,356.0,380.0,398.0,4,864.0
5.0,25.0,158.0,294.0,356.0,380.0,4,398.0
5.0,25.0,294.0,356.0,380.0,421.0,4,453.0
5.0,4.0,134.0,259.0,487.0,646.0,4,853.0
5.0,4.0,134.0,259.0,487.0,646.0,4,853.0
5.0,4.0,504.0,601.0,646.0,768.0,4,936.0
5.0,4.0,504.0,601.0,646.0,768.0,4,936.0
5.0,4.0,134.0,259.0,487.0,601.0,4,853.0
5.0,4.0,134.0,259.0,487.0,601.0,4,853.0
5.0,4.0,134.0,259.0,487.0,601.0,4,853.0
5.0,4.0,134.0,259.0,646.0,768.0,4,853.0
5.0,4.0,504.0,601.0,768.0,853.0,4,936.0
5.0,4.0,259.0,601.0,768.0,853.0,4,936.0
5.0,4.0,504.0,601.0,646.0,768.0,4,936.0
5.0,4.0,134.0,504.0,601.0,646.0,4,936.0
5.0,4.0,601.0,646.0,768.0,853.0,4,936.0
5.0,4.0,504.0,601.0,646.0,768.0,4,936.0
5.0,4.0,504.0,601.0,646.0,768.0,4,936.0
5.0,1.0,477.0,577.0,711.0,808.0,4,820.0
5.0,1.0,477.0,577.0,711.0,808.0,4,820.0
5.0,1.0,106.0,577.0,790.0,808.0,4,820.0
5.0,1.0,106.0,169.0,790.0,808.0,4,820.0
5.0,1.0,106.0,477.0,790.0,808.0,4,820.0
5.0,1.0,106.0,477.0,711.0,808.0,4,820.0
5.0,1.0,477.0,577.0,711.0,808.0,4,820.0
5.0,1.0,78.0,477.0,577.0,711.0,4,820.0
5.0,4.0,134.0,259.0,487.0,646.0,4,853.0
5.0,4.0,134.0,259.0,487.0,646.0,4,853.0
5.0,4.0,134.0,259.0,487.0,646.0,4,853.0
5.0,4.0,504.0,601.0,646.0,768.0,4,936.0
5.0,4.0,134.0,259.0,487.0,646.0,4,853.0
5.0,4.0,259.0,504.0,601.0,768.0,4,936.0
5.0,4.0,134.0,259.0,504.0,601.0,4,936.0
5.0,15.0,659.0,684.0,714.0,860.0,4,960.0
5.0,15.0,659.0,684.0,714.0,764.0,4,860.0
5.0,15.0,528.0,659.0,714.0,764.0,4,860.0
5.0,15.0,528.0,534.0,659.0,764.0,4,860.0
5.0,15.0,528.0,534.0,659.0,764.0,4,860.0
5.0,15.0,528.0,534.0,684.0,764.0,4,802.0
5.0,15.0,218.0,534.0,684.0,764.0,4,802.0
5.0,15.0,218.0,534.0,684.0,764.0,4,802.0
5.0,15.0,659.0,684.0,714.0,802.0,4,860.0
5.0,15.0,659.0,684.0,714.0,860.0,4,960.0
5.0,15.0,659.0,684.0,714.0,860.0,4,960.0
5.0,15.0,528.0,659.0,714.0,860.0,4,960.0
5.0,15.0,528.0,534.0,659.0,860.0,4,960.0
5.0,15.0,659.0,684.0,714.0,860.0,4,960.0
5.0,15.0,659.0,684.0,714.0,764.0,4,802.0
5.0,15.0,659.0,684.0,714.0,802.0,4,860.0
5.0,15.0,218.0,659.0,714.0,802.0,4,860.0
5.0,6.0,30.0,35.0,55.0,213.0,4,809.0
5.0,6.0,30.0,213.0,809.0,887.0,4,980.0
5.0,6.0,30.0,35.0,55.0,213.0,4,809.0
5.0,6.0,35.0,55.0,61.0,213.0,4,606.0
5.0,4.0,126.0,134.0,646.0,768.0,4,828.0
5.0,4.0,126.0,134.0,646.0,768.0,4,853.0
5.0,4.0,118.0,126.0,134.0,601.0,4,853.0
5.0,4.0,126.0,601.0,646.0,768.0,4,828.0
5.0,4.0,126.0,134.0,646.0,768.0,4,828.0
5.0,4.0,134.0,646.0,718.0,768.0,4,828.0
5.0,4.0,134.0,646.0,718.0,768.0,4,828.0
5.0,4.0,134.0,646.0,718.0,768.0,4,853.0
5.0,4.0,601.0,646.0,718.0,768.0,4,853.0
5.0,4.0,601.0,646.0,718.0,768.0,4,853.0
5.0,4.0,134.0,601.0,646.0,718.0,4,853.0
5.0,4.0,134.0,259.0,487.0,828.0,4,853.0
5.0,4.0,118.0,259.0,487.0,828.0,4,853.0
5.0,4.0,118.0,259.0,487.0,601.0,4,853.0
5.0,4.0,118.0,126.0,601.0,768.0,4,828.0
5.0,4.0,118.0,126.0,601.0,768.0,4,828.0
5.0,4.0,118.0,126.0,601.0,768.0,4,828.0
5.0,4.0,134.0,259.0,487.0,828.0,4,853.0
5.0,4.0,134.0,259.0,487.0,828.0,4,853.0
5.0,4.0,118.0,134.0,259.0,828.0,4,853.0
5.0,4.0,118.0,126.0,601.0,768.0,4,828.0
5.0,34.0,517.0,583.0,814.0,906.0,4,975.0
5.0,34.0,404.0,506.0,517.0,753.0,4,814.0
5.0,34.0,404.0,506.0,517.0,753.0,4,814.0
5.0,34.0,404.0,436.0,506.0,753.0,4,814.0
5.0,34.0,404.0,436.0,506.0,517.0,4,847.0
5.0,34.0,517.0,583.0,847.0,906.0,4,975.0
5.0,34.0,517.0,583.0,847.0,906.0,4,975.0
5.0,34.0,404.0,517.0,753.0,906.0,4,975.0
5.0,34.0,404.0,506.0,517.0,753.0,4,975.0
5.0,26.0,40.0,315.0,488.0,620.0,4,634.0
5.0,26.0,40.0,315.0,333.0,620.0,4,634.0
5.0,26.0,333.0,536.0,620.0,634.0,4,948.0
5.0,26.0,315.0,333.0,536.0,634.0,4,948.0
5.0,26.0,40.0,315.0,488.0,536.0,4,961.0
5.0,26.0,333.0,536.0,620.0,634.0,4,948.0
5.0,26.0,40.0,536.0,620.0,634.0,4,948.0
5.0,1.0,169.0,577.0,790.0,808.0,4,820.0
5.0,1.0,369.0,401.0,711.0,790.0,4,808.0
5.0,1.0,369.0,401.0,586.0,711.0,4,808.0
5.0,1.0,78.0,401.0,577.0,586.0,4,711.0
5.0,1.0,401.0,577.0,790.0,808.0,4,820.0
5.0,1.0,169.0,401.0,790.0,808.0,4,820.0
5.0,1.0,401.0,577.0,586.0,711.0,4,808.0
5.0,1.0,78.0,169.0,401.0,711.0,4,820.0
5.0,1.0,401.0,577.0,790.0,808.0,4,820.0
5.0,1.0,401.0,577.0,790.0,808.0,4,820.0
5.0,4.0,126.0,134.0,487.0,646.0,4,853.0
5.0,4.0,126.0,134.0,487.0,601.0,4,646.0
5.0,4.0,134.0,487.0,646.0,718.0,4,853.0
5.0,4.0,134.0,487.0,646.0,718.0,4,853.0
5.0,4.0,134.0,487.0,646.0,718.0,4,853.0
5.0,4.0,126.0,134.0,487.0,646.0,4,853.0
5.0,4.0,504.0,601.0,646.0,768.0,4,936.0
5.0,4.0,487.0,601.0,646.0,718.0,4,936.0
5.0,4.0,487.0,601.0,646.0,718.0,4,936.0
5.0,4.0,134.0,487.0,601.0,646.0,4,718.0
5.0,4.0,134.0,487.0,601.0,646.0,4,718.0
5.0,4.0,486.0,601.0,718.0,768.0,4,936.0
5.0,4.0,486.0,504.0,718.0,768.0,4,936.0
5.0,4.0,134.0,504.0,601.0,718.0,4,936.0
5.0,4.0,126.0,134.0,487.0,601.0,4,718.0
5.0,4.0,126.0,134.0,487.0,646.0,4,718.0
5.0,4.0,126.0,134.0,646.0,768.0,4,853.0
5.0,4.0,504.0,601.0,646.0,853.0,4,936.0
5.0,4.0,134.0,601.0,718.0,853.0,4,936.0
5.0,4.0,134.0,259.0,487.0,646.0,4,828.0
5.0,4.0,134.0,259.0,487.0,646.0,4,828.0
5.0,4.0,126.0,601.0,768.0,853.0,4,936.0
5.0,4.0,134.0,259.0,487.0,601.0,4,646.0
5.0,4.0,134.0,259.0,487.0,646.0,4,828.0
5.0,4.0,259.0,487.0,646.0,853.0,4,936.0
5.0,4.0,259.0,487.0,646.0,853.0,4,936.0
5.0,4.0,259.0,487.0,646.0,853.0,4,936.0
5.0,4.0,259.0,487.0,601.0,646.0,4,936.0
5.0,4.0,134.0,259.0,487.0,601.0,4,646.0
5.0,6.0,30.0,55.0,213.0,809.0,4,980.0
5.0,6.0,30.0,55.0,61.0,809.0,4,887.0
5.0,6.0,55.0,61.0,769.0,809.0,4,980.0
5.0,6.0,30.0,213.0,640.0,656.0,4,867.0
5.0,6.0,30.0,213.0,640.0,656.0,4,867.0
5.0,26.0,40.0,315.0,488.0,536.0,4,759.0
5.0,26.0,333.0,536.0,634.0,759.0,4,948.0
5.0,26.0,315.0,333.0,536.0,634.0,4,759.0
5.0,26.0,40.0,333.0,634.0,759.0,4,948.0
5.0,26.0,40.0,315.0,536.0,634.0,4,948.0
5.0,26.0,40.0,315.0,536.0,634.0,4,948.0
5.0,4.0,504.0,601.0,646.0,768.0,4,936.0
5.0,4.0,134.0,259.0,486.0,487.0,4,601.0
5.0,4.0,134.0,259.0,487.0,601.0,4,646.0
5.0,4.0,134.0,504.0,601.0,646.0,4,768.0
5.0,4.0,134.0,259.0,486.0,487.0,4,601.0
5.0,4.0,134.0,259.0,487.0,601.0,4,646.0
5.0,4.0,126.0,134.0,487.0,646.0,4,853.0
5.0,4.0,601.0,646.0,718.0,768.0,4,936.0
5.0,4.0,486.0,504.0,601.0,768.0,4,936.0
5.0,4.0,134.0,486.0,487.0,504.0,4,601.0
5.0,4.0,126.0,134.0,487.0,646.0,4,853.0
5.0,4.0,126.0,487.0,646.0,853.0,4,936.0
5.0,4.0,126.0,487.0,504.0,646.0,4,936.0
5.0,4.0,504.0,601.0,646.0,768.0,4,936.0
5.0,4.0,126.0,601.0,646.0,768.0,4,936.0
5.0,25.0,294.0,356.0,380.0,421.0,4,453.0
5.0,25.0,294.0,380.0,398.0,421.0,4,864.0
5.0,25.0,294.0,380.0,421.0,453.0,4,864.0
5.0,25.0,294.0,356.0,380.0,421.0,4,453.0
5.0,32.0,34.0,44.0,241.0,426.0,4,524.0
5.0,32.0,3.0,241.0,302.0,346.0,4,627.0
5.0,32.0,3.0,302.0,346.0,524.0,4,627.0
5.0,32.0,3.0,44.0,346.0,426.0,4,524.0
5.0,32.0,34.0,44.0,346.0,426.0,4,524.0
5.0,32.0,3.0,241.0,302.0,346.0,4,426.0
5.0,32.0,44.0,241.0,426.0,524.0,4,627.0
5.0,4.0,504.0,646.0,768.0,853.0,4,936.0
5.0,4.0,504.0,601.0,646.0,768.0,4,936.0
5.0,4.0,487.0,504.0,601.0,646.0,4,936.0
5.0,4.0,126.0,134.0,487.0,601.0,4,646.0
5.0,4.0,126.0,134.0,646.0,853.0,4,936.0
5.0,4.0,126.0,134.0,486.0,601.0,4,646.0
5.0,4.0,126.0,601.0,646.0,768.0,4,936.0
5.0,4.0,126.0,134.0,601.0,646.0,4,936.0
5.0,4.0,126.0,601.0,646.0,768.0,4,936.0
5.0,4.0,126.0,601.0,646.0,768.0,4,936.0
5.0,4.0,126.0,134.0,487.0,601.0,4,646.0
5.0,4.0,126.0,134.0,487.0,601.0,4,646.0
5.0,4.0,504.0,646.0,768.0,853.0,4,936.0
5.0,4.0,126.0,134.0,487.0,601.0,4,853.0
5.0,4.0,126.0,134.0,487.0,646.0,4,828.0
5.0,4.0,126.0,134.0,487.0,646.0,4,828.0
5.0,4.0,126.0,134.0,487.0,646.0,4,828.0
5.0,4.0,126.0,646.0,768.0,828.0,4,936.0
5.0,4.0,504.0,646.0,768.0,853.0,4,936.0
5.0,4.0,126.0,134.0,487.0,601.0,4,646.0
5.0,9.0,81.0,149.0,366.0,845.0,4,941.0
5.0,9.0,81.0,85.0,149.0,204.0,4,845.0
5.0,9.0,81.0,85.0,149.0,204.0,4,1019.0
5.0,9.0,81.0,109.0,366.0,452.0,4,941.0
5.0,9.0,81.0,109.0,204.0,366.0,4,452.0
5.0,9.0,81.0,109.0,149.0,204.0,4,366.0
5.0,9.0,85.0,109.0,149.0,204.0,4,845.0
5.0,4.0,126.0,134.0,487.0,828.0,4,853.0
5.0,4.0,126.0,768.0,828.0,853.0,4,936.0
5.0,4.0,504.0,601.0,768.0,828.0,4,936.0
5.0,4.0,134.0,487.0,504.0,601.0,4,853.0
5.0,4.0,134.0,487.0,504.0,601.0,4,828.0
5.0,4.0,126.0,134.0,487.0,828.0,4,853.0
5.0,4.0,126.0,134.0,487.0,828.0,4,853.0
5.0,4.0,126.0,601.0,768.0,828.0,4,936.0
5.0,4.0,126.0,134.0,487.0,601.0,4,853.0
5.0,4.0,126.0,134.0,487.0,601.0,4,828.0
5.0,4.0,126.0,134.0,487.0,601.0,4,828.0
5.0,4.0,134.0,259.0,487.0,646.0,4,828.0
5.0,4.0,134.0,259.0,487.0,646.0,4,828.0
5.0,4.0,126.0,134.0,487.0,646.0,4,828.0
5.0,4.0,126.0,134.0,487.0,646.0,4,828.0
5.0,4.0,126.0,601.0,646.0,853.0,4,936.0
5.0,4.0,134.0,259.0,601.0,853.0,4,936.0
5.0,4.0,134.0,259.0,487.0,601.0,4,646.0
5.0,4.0,134.0,259.0,487.0,601.0,4,646.0
5.0,4.0,134.0,259.0,487.0,646.0,4,828.0
5.0,4.0,126.0,134.0,487.0,646.0,4,828.0
5.0,4.0,126.0,487.0,646.0,828.0,4,936.0
5.0,4.0,126.0,487.0,601.0,646.0,4,936.0
5.0,4.0,126.0,259.0,487.0,601.0,4,936.0
5.0,4.0,126.0,134.0,487.0,828.0,4,853.0
5.0,4.0,126.0,486.0,768.0,853.0,4,936.0
5.0,4.0,486.0,504.0,718.0,768.0,4,936.0
5.0,4.0,486.0,487.0,504.0,718.0,4,936.0
5.0,4.0,486.0,487.0,504.0,718.0,4,936.0
5.0,4.0,126.0,134.0,487.0,828.0,4,853.0
5.0,4.0,126.0,487.0,828.0,853.0,4,936.0
5.0,4.0,486.0,504.0,718.0,768.0,4,936.0
5.0,7.0,112.0,250.0,277.0,451.0,4,902.0
5.0,7.0,112.0,250.0,277.0,451.0,4,902.0
5.0,7.0,386.0,451.0,455.0,609.0,4,902.0
5.0,7.0,277.0,386.0,455.0,846.0,4,1005.0
5.0,7.0,277.0,386.0,455.0,846.0,4,1005.0
5.0,7.0,277.0,386.0,455.0,846.0,4,1005.0
5.0,7.0,112.0,250.0,277.0,451.0,4,902.0
5.0,7.0,112.0,250.0,277.0,451.0,4,902.0
5.0,7.0,386.0,451.0,455.0,609.0,4,1005.0
5.0,7.0,277.0,386.0,455.0,846.0,4,1005.0
5.0,7.0,115.0,386.0,455.0,846.0,4,902.0
5.0,7.0,112.0,250.0,609.0,902.0,4,1005.0
5.0,7.0,112.0,250.0,609.0,902.0,4,1005.0
5.0,7.0,386.0,455.0,609.0,846.0,4,902.0
5.0,7.0,115.0,277.0,386.0,455.0,4,846.0
5.0,7.0,115.0,277.0,386.0,455.0,4,846.0
5.0,7.0,277.0,386.0,455.0,609.0,4,1005.0
5.0,7.0,105.0,277.0,455.0,902.0,4,1005.0
5.0,7.0,105.0,115.0,455.0,902.0,4,1005.0
5.0,7.0,105.0,115.0,250.0,902.0,4,1005.0
5.0,7.0,112.0,277.0,455.0,846.0,4,902.0
5.0,7.0,277.0,386.0,455.0,609.0,4,1005.0
5.0,7.0,277.0,386.0,455.0,609.0,4,1005.0
5.0,7.0,250.0,277.0,386.0,455.0,4,902.0
5.0,9.0,81.0,85.0,204.0,452.0,4,1019.0
5.0,9.0,81.0,109.0,366.0,452.0,4,941.0
5.0,9.0,81.0,204.0,366.0,941.0,4,1019.0
5.0,9.0,81.0,204.0,366.0,941.0,4,1019.0
5.0,9.0,81.0,204.0,366.0,941.0,4,1019.0
5.0,9.0,76.0,109.0,204.0,366.0,4,510.0
5.0,9.0,76.0,109.0,204.0,366.0,4,510.0
5.0,9.0,76.0,109.0,204.0,366.0,4,452.0
5.0,9.0,76.0,109.0,204.0,366.0,4,452.0
5.0,9.0,76.0,81.0,452.0,1000.0,4,1019.0
5.0,9.0,76.0,109.0,452.0,1000.0,4,1019.0
5.0,1.0,78.0,106.0,577.0,586.0,4,711.0
5.0,1.0,78.0,106.0,577.0,711.0,4,808.0
5.0,1.0,106.0,577.0,790.0,808.0,4,820.0
5.0,1.0,78.0,106.0,577.0,586.0,4,711.0
5.0,1.0,106.0,577.0,711.0,808.0,4,820.0
5.0,1.0,106.0,577.0,790.0,808.0,4,820.0
5.0,6.0,30.0,35.0,55.0,606.0,4,769.0
5.0,6.0,30.0,606.0,640.0,809.0,4,887.0
5.0,6.0,30.0,35.0,55.0,606.0,4,809.0
5.0,6.0,35.0,55.0,606.0,737.0,4,769.0
5.0,6.0,35.0,55.0,606.0,737.0,4,769.0
5.0,6.0,35.0,55.0,606.0,737.0,4,769.0
5.0,6.0,35.0,640.0,737.0,769.0,4,809.0
5.0,6.0,30.0,606.0,640.0,809.0,4,867.0
5.0,6.0,30.0,35.0,55.0,606.0,4,809.0
5.0,6.0,30.0,35.0,55.0,606.0,4,809.0
5.0,26.0,40.0,315.0,488.0,536.0,4,620.0
5.0,26.0,40.0,333.0,620.0,634.0,4,948.0
5.0,26.0,40.0,333.0,634.0,759.0,4,948.0
5.0,26.0,40.0,315.0,333.0,620.0,4,634.0
5.0,26.0,40.0,315.0,536.0,634.0,4,759.0
5.0,26.0,40.0,333.0,634.0,759.0,4,948.0
5.0,26.0,333.0,536.0,634.0,759.0,4,948.0
5.0,26.0,40.0,315.0,536.0,634.0,4,948.0
5.0,7.0,112.0,277.0,451.0,902.0,4,1005.0
5.0,7.0,277.0,279.0,386.0,455.0,4,902.0
5.0,7.0,279.0,386.0,455.0,609.0,4,1005.0
5.0,7.0,105.0,277.0,451.0,455.0,4,1005.0
5.0,7.0,112.0,277.0,451.0,902.0,4,1005.0
5.0,7.0,112.0,277.0,451.0,902.0,4,1005.0
5.0,7.0,105.0,277.0,279.0,455.0,4,609.0
5.0,7.0,105.0,277.0,279.0,455.0,4,609.0
5.0,7.0,105.0,277.0,279.0,455.0,4,609.0
5.0,7.0,105.0,277.0,451.0,455.0,4,846.0
5.0,7.0,112.0,277.0,451.0,902.0,4,1005.0
5.0,7.0,277.0,386.0,455.0,846.0,4,902.0
5.0,7.0,115.0,386.0,455.0,846.0,4,902.0
5.0,7.0,112.0,277.0,451.0,455.0,4,902.0
5.0,15.0,659.0,684.0,714.0,860.0,4,960.0
5.0,15.0,659.0,684.0,714.0,764.0,4,860.0
5.0,15.0,218.0,659.0,714.0,764.0,4,802.0
5.0,15.0,659.0,714.0,802.0,860.0,4,960.0
5.0,15.0,659.0,714.0,802.0,860.0,4,960.0
5.0,15.0,218.0,659.0,714.0,764.0,4,802.0
5.0,15.0,218.0,659.0,714.0,764.0,4,860.0
5.0,15.0,218.0,659.0,764.0,860.0,4,960.0
5.0,15.0,218.0,659.0,764.0,860.0,4,960.0
5.0,7.0,112.0,277.0,451.0,902.0,4,1005.0
5.0,7.0,386.0,455.0,609.0,846.0,4,1005.0
5.0,7.0,115.0,277.0,386.0,455.0,4,846.0
5.0,7.0,105.0,455.0,609.0,846.0,4,1005.0
5.0,7.0,105.0,277.0,451.0,846.0,4,902.0
5.0,7.0,112.0,277.0,451.0,455.0,4,902.0
5.0,7.0,386.0,455.0,846.0,902.0,4,1005.0
5.0,7.0,386.0,455.0,846.0,902.0,4,1005.0
5.0,7.0,386.0,455.0,846.0,902.0,4,1005.0
5.0,7.0,386.0,455.0,609.0,846.0,4,1005.0
5.0,7.0,112.0,277.0,455.0,846.0,4,902.0
5.0,7.0,386.0,451.0,609.0,902.0,4,1005.0
5.0,7.0,386.0,451.0,455.0,609.0,4,902.0
5.0,7.0,277.0,386.0,455.0,609.0,4,846.0
5.0,7.0,112.0,277.0,451.0,455.0,4,902.0
5.0,7.0,112.0,277.0,451.0,902.0,4,1005.0
5.0,7.0,277.0,386.0,451.0,902.0,4,1005.0
5.0,7.0,386.0,451.0,455.0,609.0,4,902.0
5.0,7.0,386.0,451.0,455.0,609.0,4,902.0
5.0,7.0,386.0,455.0,609.0,846.0,4,1005.0
5.0,7.0,386.0,455.0,609.0,846.0,4,1005.0
5.0,7.0,105.0,277.0,455.0,846.0,4,1005.0
5.0,25.0,294.0,380.0,421.0,453.0,4,864.0
5.0,25.0,294.0,300.0,380.0,421.0,4,453.0
5.0,25.0,158.0,294.0,300.0,398.0,4,453.0
5.0,25.0,158.0,294.0,380.0,398.0,4,864.0
5.0,25.0,294.0,380.0,398.0,421.0,4,864.0
5.0,25.0,294.0,380.0,421.0,453.0,4,864.0
5.0,25.0,294.0,380.0,421.0,453.0,4,864.0
5.0,25.0,294.0,300.0,398.0,421.0,4,453.0
5.0,7.0,112.0,250.0,277.0,902.0,4,1005.0
5.0,7.0,112.0,455.0,609.0,846.0,4,1005.0
5.0,7.0,277.0,386.0,455.0,609.0,4,846.0
5.0,7.0,250.0,386.0,455.0,609.0,4,1005.0
5.0,7.0,105.0,250.0,277.0,455.0,4,1005.0
5.0,7.0,112.0,250.0,277.0,902.0,4,1005.0
5.0,7.0,250.0,386.0,455.0,609.0,4,1005.0
5.0,7.0,277.0,386.0,455.0,609.0,4,846.0
5.0,7.0,277.0,386.0,455.0,846.0,4,902.0
5.0,7.0,112.0,277.0,455.0,846.0,4,902.0
5.0,15.0,659.0,684.0,714.0,802.0,4,860.0
5.0,15.0,659.0,684.0,714.0,802.0,4,860.0
5.0,15.0,659.0,684.0,714.0,764.0,4,860.0
5.0,15.0,659.0,684.0,714.0,764.0,4,860.0
5.0,15.0,659.0,714.0,764.0,860.0,4,1036.0
5.0,15.0,218.0,659.0,714.0,764.0,4,802.0
5.0,15.0,355.0,375.0,764.0,860.0,4,1036.0
5.0,15.0,218.0,355.0,764.0,802.0,4,1036.0
5.0,15.0,659.0,714.0,764.0,860.0,4,1036.0
5.0,15.0,659.0,684.0,714.0,860.0,4,960.0
5.0,15.0,528.0,659.0,714.0,764.0,4,802.0
5.0,15.0,528.0,659.0,714.0,764.0,4,802.0
5.0,15.0,528.0,659.0,714.0,802.0,4,860.0
5.0,15.0,659.0,684.0,714.0,802.0,4,860.0
5.0,15.0,659.0,684.0,714.0,802.0,4,860.0
5.0,15.0,659.0,714.0,802.0,860.0,4,960.0
5.0,15.0,218.0,659.0,714.0,860.0,4,960.0
5.0,15.0,218.0,659.0,714.0,860.0,4,960.0
5.0,15.0,218.0,659.0,714.0,764.0,4,802.0
5.0,15.0,218.0,659.0,714.0,860.0,4,960.0
5.0,9.0,76.0,81.0,109.0,366.0,4,510.0
5.0,9.0,81.0,109.0,366.0,510.0,4,941.0
5.0,9.0,81.0,85.0,109.0,366.0,4,941.0
5.0,9.0,81.0,109.0,366.0,510.0,4,941.0
5.0,9.0,81.0,109.0,366.0,510.0,4,941.0
5.0,9.0,76.0,204.0,510.0,1000.0,4,1009.0
5.0,1.0,169.0,477.0,790.0,808.0,4,820.0
5.0,1.0,169.0,477.0,790.0,808.0,4,820.0
5.0,1.0,169.0,477.0,711.0,790.0,4,808.0
5.0,1.0,477.0,577.0,790.0,808.0,4,820.0
5.0,1.0,477.0,577.0,790.0,808.0,4,820.0
5.0,1.0,477.0,577.0,790.0,808.0,4,820.0
5.0,1.0,477.0,577.0,790.0,808.0,4,820.0
5.0,1.0,169.0,477.0,790.0,808.0,4,820.0
5.0,1.0,78.0,401.0,577.0,711.0,4,876.0
5.0,1.0,78.0,401.0,577.0,711.0,4,876.0
5.0,1.0,78.0,401.0,577.0,711.0,4,790.0
5.0,15.0,659.0,684.0,714.0,860.0,4,960.0
5.0,15.0,659.0,684.0,714.0,764.0,4,860.0
5.0,15.0,218.0,659.0,714.0,764.0,4,860.0
5.0,15.0,218.0,659.0,714.0,764.0,4,802.0
5.0,15.0,218.0,659.0,714.0,764.0,4,860.0
5.0,15.0,659.0,684.0,714.0,764.0,4,802.0
5.0,15.0,375.0,659.0,764.0,802.0,4,860.0
5.0,15.0,659.0,714.0,764.0,860.0,4,960.0
5.0,15.0,659.0,714.0,764.0,860.0,4,960.0
5.0,32.0,3.0,34.0,241.0,426.0,4,524.0
5.0,32.0,3.0,426.0,524.0,624.0,4,627.0
5.0,32.0,241.0,416.0,484.0,624.0,4,627.0
5.0,32.0,302.0,416.0,484.0,624.0,4,627.0
5.0,32.0,241.0,302.0,484.0,524.0,4,627.0
5.0,32.0,3.0,34.0,241.0,426.0,4,524.0
5.0,32.0,3.0,302.0,484.0,624.0,4,627.0
5.0,32.0,302.0,416.0,484.0,624.0,4,627.0
5.0,32.0,34.0,302.0,484.0,624.0,4,627.0
5.0,15.0,659.0,684.0,714.0,764.0,4,802.0
5.0,15.0,218.0,659.0,764.0,860.0,4,960.0
5.0,15.0,218.0,684.0,714.0,802.0,4,960.0
5.0,15.0,218.0,659.0,714.0,802.0,4,960.0
5.0,15.0,218.0,659.0,714.0,764.0,4,860.0
5.0,15.0,375.0,764.0,802.0,860.0,4,960.0
5.0,15.0,659.0,714.0,764.0,802.0,4,860.0
5.0,15.0,659.0,714.0,764.0,802.0,4,860.0
5.0,15.0,218.0,659.0,714.0,860.0,4,960.0
5.0,15.0,218.0,659.0,714.0,764.0,4,860.0
5.0,15.0,218.0,659.0,714.0,764.0,4,860.0
5.0,15.0,659.0,714.0,860.0,960.0,4,1036.0
5.0,15.0,659.0,714.0,764.0,860.0,4,1036.0
5.0,15.0,218.0,659.0,714.0,764.0,4,802.0
5.0,15.0,659.0,714.0,764.0,860.0,4,1036.0
5.0,15.0,659.0,714.0,860.0,960.0,4,1036.0
5.0,15.0,659.0,714.0,764.0,860.0,4,1036.0
5.0,15.0,684.0,714.0,764.0,802.0,4,1036.0
5.0,15.0,659.0,714.0,860.0,960.0,4,1036.0
5.0,15.0,218.0,473.0,684.0,764.0,4,860.0
5.0,15.0,218.0,659.0,714.0,764.0,4,860.0
5.0,15.0,659.0,714.0,860.0,960.0,4,1036.0
5.0,15.0,659.0,684.0,714.0,860.0,4,960.0
5.0,15.0,473.0,684.0,764.0,860.0,4,1036.0
5.0,15.0,473.0,684.0,764.0,802.0,4,1036.0
5.0,15.0,659.0,714.0,764.0,960.0,4,1036.0
5.0,15.0,659.0,714.0,860.0,960.0,4,1036.0
5.0,15.0,659.0,714.0,860.0,960.0,4,1036.0
5.0,15.0,659.0,714.0,860.0,960.0,4,1036.0
5.0,15.0,375.0,714.0,764.0,860.0,4,1036.0
5.0,15.0,218.0,375.0,473.0,764.0,4,802.0
5.0,15.0,218.0,375.0,764.0,802.0,4,960.0
5.0,15.0,218.0,375.0,764.0,802.0,4,960.0
5.0,15.0,218.0,375.0,473.0,764.0,4,802.0
5.0,15.0,218.0,375.0,473.0,764.0,4,802.0
5.0,15.0,659.0,684.0,714.0,860.0,4,960.0
5.0,15.0,626.0,684.0,764.0,802.0,4,1036.0
5.0,15.0,218.0,626.0,684.0,764.0,4,802.0
5.0,15.0,218.0,626.0,684.0,764.0,4,960.0
5.0,15.0,218.0,684.0,764.0,860.0,4,960.0
5.0,15.0,659.0,714.0,860.0,960.0,4,1036.0
5.0,15.0,659.0,714.0,860.0,960.0,4,1036.0
5.0,15.0,659.0,714.0,764.0,860.0,4,1036.0
5.0,15.0,355.0,659.0,684.0,764.0,4,860.0
5.0,15.0,218.0,355.0,684.0,764.0,4,802.0
5.0,15.0,659.0,714.0,860.0,960.0,4,1036.0
5.0,15.0,218.0,659.0,714.0,764.0,4,860.0
5.0,15.0,218.0,659.0,714.0,764.0,4,860.0
5.0,15.0,659.0,714.0,764.0,960.0,4,1036.0
5.0,25.0,294.0,380.0,421.0,453.0,4,864.0
5.0,25.0,294.0,356.0,398.0,421.0,4,453.0
5.0,25.0,294.0,356.0,398.0,421.0,4,453.0
5.0,25.0,158.0,356.0,380.0,398.0,4,864.0
5.0,25.0,158.0,356.0,380.0,398.0,4,864.0
5.0,25.0,158.0,294.0,380.0,398.0,4,864.0
5.0,25.0,356.0,380.0,421.0,453.0,4,864.0
5.0,25.0,356.0,398.0,421.0,453.0,4,864.0
5.0,25.0,158.0,294.0,380.0,453.0,4,864.0
5.0,25.0,158.0,294.0,356.0,398.0,4,453.0
5.0,25.0,158.0,294.0,380.0,398.0,4,864.0
5.0,25.0,158.0,294.0,380.0,453.0,4,864.0
5.0,25.0,158.0,356.0,380.0,398.0,4,864.0
5.0,25.0,294.0,380.0,398.0,421.0,4,864.0
5.0,25.0,294.0,380.0,421.0,453.0,4,864.0
5.0,25.0,294.0,398.0,421.0,453.0,4,864.0
5.0,25.0,158.0,294.0,356.0,398.0,4,453.0
5.0,25.0,158.0,294.0,356.0,380.0,4,398.0
5.0,25.0,294.0,356.0,380.0,398.0,4,421.0
5.0,25.0,294.0,380.0,398.0,421.0,4,864.0
5.0,25.0,294.0,380.0,398.0,421.0,4,864.0
5.0,25.0,294.0,380.0,398.0,421.0,4,864.0
5.0,9.0,81.0,366.0,510.0,845.0,4,941.0
5.0,9.0,81.0,85.0,510.0,845.0,4,941.0
5.0,9.0,81.0,85.0,109.0,510.0,4,941.0
5.0,9.0,81.0,366.0,510.0,845.0,4,941.0
5.0,9.0,81.0,366.0,510.0,845.0,4,941.0
5.0,9.0,81.0,85.0,109.0,452.0,4,941.0
5.0,9.0,81.0,85.0,109.0,204.0,4,452.0
5.0,9.0,81.0,366.0,510.0,845.0,4,941.0
5.0,25.0,294.0,380.0,421.0,453.0,4,864.0
5.0,25.0,158.0,356.0,380.0,398.0,4,864.0
5.0,25.0,294.0,398.0,421.0,453.0,4,864.0
5.0,25.0,294.0,356.0,380.0,421.0,4,453.0
5.0,25.0,294.0,356.0,380.0,398.0,4,421.0
5.0,25.0,294.0,380.0,421.0,453.0,4,864.0
5.0,25.0,294.0,380.0,421.0,453.0,4,864.0
5.0,25.0,158.0,294.0,356.0,398.0,4,798.0
5.0,25.0,294.0,380.0,398.0,421.0,4,864.0
5.0,25.0,356.0,380.0,421.0,453.0,4,864.0
5.0,25.0,294.0,380.0,398.0,421.0,4,864.0
5.0,25.0,158.0,294.0,356.0,798.0,4,1008.0
5.0,25.0,158.0,294.0,356.0,798.0,4,1008.0
5.0,25.0,294.0,356.0,398.0,421.0,4,1008.0
5.0,25.0,294.0,380.0,398.0,421.0,4,864.0
5.0,25.0,158.0,294.0,356.0,380.0,4,398.0
5.0,25.0,158.0,294.0,356.0,380.0,4,398.0
5.0,25.0,294.0,380.0,421.0,864.0,4,1008.0
5.0,25.0,294.0,356.0,380.0,421.0,4,1008.0
5.0,1.0,78.0,106.0,477.0,790.0,4,876.0
5.0,1.0,106.0,297.0,369.0,682.0,4,790.0
5.0,1.0,78.0,106.0,477.0,682.0,4,790.0
5.0,1.0,78.0,106.0,577.0,682.0,4,790.0
5.0,1.0,78.0,106.0,577.0,790.0,4,876.0
5.0,1.0,78.0,477.0,577.0,790.0,4,876.0
5.0,1.0,78.0,106.0,369.0,790.0,4,876.0
5.0,1.0,78.0,106.0,577.0,790.0,4,876.0
5.0,1.0,106.0,297.0,577.0,682.0,4,790.0
5.0,1.0,106.0,297.0,577.0,682.0,4,876.0
5.0,1.0,106.0,297.0,477.0,682.0,4,876.0
5.0,1.0,78.0,106.0,577.0,682.0,4,790.0
5.0,1.0,78.0,106.0,577.0,682.0,4,790.0
5.0,1.0,297.0,369.0,401.0,682.0,4,876.0
5.0,25.0,356.0,380.0,421.0,453.0,4,864.0
5.0,25.0,356.0,380.0,421.0,453.0,4,864.0
5.0,25.0,158.0,356.0,453.0,798.0,4,864.0
5.0,25.0,158.0,300.0,356.0,398.0,4,798.0
5.0,25.0,158.0,294.0,300.0,398.0,4,798.0
5.0,25.0,294.0,300.0,380.0,398.0,4,421.0
5.0,25.0,294.0,300.0,380.0,398.0,4,421.0
5.0,25.0,294.0,300.0,380.0,398.0,4,421.0
5.0,25.0,294.0,380.0,421.0,453.0,4,864.0
5.0,25.0,294.0,380.0,421.0,453.0,4,864.0
5.0,26.0,40.0,315.0,488.0,536.0,4,961.0
5.0,26.0,40.0,333.0,536.0,620.0,4,948.0
5.0,26.0,40.0,536.0,620.0,634.0,4,948.0
5.0,26.0,40.0,315.0,488.0,536.0,4,961.0
5.0,26.0,40.0,488.0,620.0,634.0,4,948.0
5.0,26.0,40.0,488.0,620.0,634.0,4,948.0
5.0,26.0,333.0,536.0,620.0,634.0,4,948.0
5.0,26.0,40.0,315.0,333.0,634.0,4,948.0
5.0,26.0,40.0,315.0,333.0,634.0,4,948.0
5.0,25.0,158.0,294.0,380.0,398.0,4,864.0
5.0,25.0,158.0,294.0,398.0,798.0,4,864.0
5.0,25.0,158.0,294.0,380.0,398.0,4,864.0
5.0,25.0,158.0,294.0,380.0,398.0,4,864.0
5.0,25.0,158.0,294.0,380.0,398.0,4,864.0
5.0,25.0,158.0,294.0,356.0,798.0,4,1008.0
5.0,25.0,158.0,294.0,356.0,798.0,4,1008.0
5.0,25.0,158.0,294.0,356.0,798.0,4,1008.0
5.0,25.0,158.0,294.0,380.0,453.0,4,864.0
5.0,25.0,158.0,294.0,300.0,398.0,4,1008.0
5.0,25.0,158.0,300.0,398.0,864.0,4,1008.0
5.0,25.0,300.0,393.0,398.0,864.0,4,1008.0
5.0,25.0,158.0,294.0,380.0,453.0,4,864.0
5.0,25.0,294.0,300.0,380.0,398.0,4,453.0
5.0,25.0,158.0,294.0,380.0,453.0,4,864.0
5.0,25.0,158.0,294.0,300.0,398.0,4,1008.0
5.0,25.0,158.0,294.0,398.0,864.0,4,1008.0
5.0,25.0,294.0,380.0,421.0,453.0,4,864.0
5.0,25.0,294.0,380.0,421.0,453.0,4,864.0
5.0,25.0,294.0,380.0,421.0,453.0,4,864.0
5.0,25.0,294.0,421.0,453.0,798.0,4,864.0
5.0,25.0,158.0,294.0,356.0,398.0,4,798.0
5.0,25.0,158.0,294.0,356.0,398.0,4,798.0
5.0,25.0,294.0,380.0,421.0,453.0,4,864.0
5.0,25.0,294.0,380.0,421.0,453.0,4,864.0
5.0,34.0,167.0,404.0,506.0,753.0,4,975.0
5.0,34.0,404.0,506.0,695.0,753.0,4,975.0
5.0,34.0,404.0,436.0,695.0,753.0,4,906.0
5.0,34.0,167.0,506.0,753.0,847.0,4,975.0
5.0,34.0,167.0,506.0,753.0,847.0,4,975.0
5.0,34.0,404.0,436.0,506.0,695.0,4,847.0
5.0,34.0,404.0,436.0,506.0,695.0,4,847.0
5.0,34.0,167.0,506.0,517.0,583.0,4,975.0
5.0,34.0,167.0,404.0,506.0,517.0,4,695.0
5.0,32.0,3.0,241.0,302.0,426.0,4,524.0
5.0,32.0,416.0,426.0,484.0,624.0,4,627.0
5.0,32.0,241.0,416.0,484.0,524.0,4,627.0
5.0,32.0,3.0,241.0,302.0,426.0,4,524.0
5.0,32.0,241.0,302.0,416.0,426.0,4,524.0
5.0,32.0,3.0,241.0,426.0,524.0,4,624.0
5.0,32.0,3.0,241.0,302.0,484.0,4,624.0
5.0,32.0,241.0,416.0,426.0,484.0,4,624.0
5.0,32.0,241.0,416.0,426.0,484.0,4,524.0
5.0,25.0,294.0,380.0,421.0,453.0,4,864.0
5.0,25.0,158.0,294.0,380.0,398.0,4,864.0
5.0,25.0,158.0,294.0,356.0,398.0,4,453.0
5.0,25.0,158.0,356.0,398.0,453.0,4,864.0
5.0,25.0,356.0,380.0,421.0,453.0,4,864.0
5.0,25.0,300.0,356.0,380.0,398.0,4,421.0
5.0,25.0,294.0,300.0,380.0,398.0,4,421.0
5.0,25.0,294.0,300.0,380.0,421.0,4,453.0
5.0,25.0,294.0,380.0,421.0,453.0,4,864.0
5.0,25.0,294.0,380.0,421.0,453.0,4,864.0
5.0,25.0,158.0,356.0,398.0,453.0,4,864.0
5.0,25.0,158.0,294.0,398.0,453.0,4,864.0
5.0,25.0,294.0,380.0,421.0,453.0,4,864.0
5.0,25.0,294.0,380.0,398.0,421.0,4,864.0
5.0,25.0,294.0,380.0,398.0,421.0,4,864.0
5.0,25.0,158.0,294.0,356.0,380.0,4,398.0
5.0,25.0,158.0,356.0,398.0,798.0,4,864.0
5.0,25.0,294.0,356.0,380.0,421.0,4,453.0
5.0,25.0,158.0,356.0,380.0,398.0,4,864.0
5.0,32.0,302.0,416.0,484.0,524.0,4,627.0
5.0,32.0,302.0,416.0,484.0,524.0,4,627.0
5.0,32.0,302.0,416.0,484.0,524.0,4,627.0
5.0,32.0,34.0,44.0,484.0,524.0,4,627.0
5.0,32.0,3.0,44.0,484.0,524.0,4,627.0
5.0,32.0,3.0,44.0,426.0,524.0,4,627.0
5.0,32.0,302.0,346.0,416.0,524.0,4,627.0
5.0,32.0,34.0,44.0,346.0,426.0,4,627.0
5.0,32.0,34.0,44.0,346.0,426.0,4,524.0
5.0,32.0,17.0,34.0,302.0,524.0,4,627.0
5.0,9.0,81.0,109.0,366.0,452.0,4,941.0
5.0,9.0,81.0,366.0,510.0,941.0,4,1019.0
5.0,9.0,85.0,109.0,204.0,510.0,4,1019.0
5.0,9.0,81.0,109.0,366.0,452.0,4,941.0
5.0,9.0,81.0,109.0,366.0,452.0,4,941.0
5.0,9.0,81.0,366.0,452.0,941.0,4,1019.0
5.0,9.0,109.0,204.0,366.0,510.0,4,1019.0
5.0,9.0,85.0,109.0,204.0,510.0,4,1019.0
5.0,26.0,333.0,488.0,634.0,914.0,4,948.0
5.0,26.0,40.0,315.0,488.0,634.0,4,948.0
5.0,26.0,40.0,315.0,488.0,634.0,4,948.0
5.0,26.0,40.0,488.0,634.0,948.0,4,961.0
5.0,26.0,40.0,488.0,536.0,914.0,4,948.0
5.0,26.0,40.0,315.0,488.0,634.0,4,948.0
5.0,26.0,40.0,315.0,536.0,634.0,4,948.0
5.0,25.0,300.0,356.0,398.0,421.0,4,453.0
5.0,25.0,300.0,356.0,398.0,421.0,4,798.0
5.0,25.0,356.0,393.0,453.0,798.0,4,864.0
5.0,25.0,356.0,393.0,453.0,798.0,4,864.0
5.0,25.0,214.0,393.0,453.0,798.0,4,864.0
5.0,25.0,214.0,393.0,453.0,798.0,4,864.0
5.0,25.0,214.0,421.0,453.0,798.0,4,864.0
5.0,25.0,300.0,356.0,421.0,453.0,4,798.0
5.0,25.0,356.0,398.0,421.0,453.0,4,864.0
5.0,25.0,356.0,398.0,421.0,453.0,4,864.0
5.0,25.0,214.0,398.0,421.0,798.0,4,864.0
5.0,25.0,214.0,300.0,398.0,421.0,4,798.0
5.0,25.0,300.0,356.0,393.0,798.0,4,1008.0
5.0,34.0,139.0,432.0,506.0,583.0,4,847.0
5.0,34.0,139.0,432.0,583.0,847.0,4,906.0
5.0,34.0,139.0,432.0,436.0,506.0,4,517.0
5.0,34.0,139.0,436.0,506.0,517.0,4,583.0
5.0,34.0,167.0,436.0,506.0,517.0,4,583.0
5.0,34.0,167.0,436.0,506.0,517.0,4,583.0
5.0,34.0,139.0,432.0,436.0,847.0,4,906.0
5.0,34.0,139.0,432.0,583.0,847.0,4,906.0
5.0,34.0,139.0,432.0,506.0,583.0,4,847.0
5.0,6.0,30.0,55.0,61.0,280.0,4,980.0
5.0,6.0,30.0,55.0,280.0,656.0,4,873.0
5.0,6.0,626.0,644.0,656.0,769.0,4,873.0
5.0,6.0,55.0,61.0,280.0,769.0,4,980.0
5.0,25.0,300.0,398.0,421.0,798.0,4,864.0
5.0,25.0,158.0,300.0,798.0,864.0,4,1008.0
5.0,25.0,158.0,214.0,300.0,453.0,4,1008.0
5.0,25.0,214.0,398.0,421.0,453.0,4,864.0
5.0,25.0,300.0,398.0,421.0,453.0,4,864.0
5.0,25.0,214.0,398.0,421.0,453.0,4,864.0
5.0,25.0,158.0,300.0,398.0,798.0,4,864.0
5.0,25.0,158.0,300.0,798.0,864.0,4,1008.0
5.0,25.0,214.0,300.0,421.0,798.0,4,1008.0
5.0,25.0,214.0,300.0,398.0,421.0,4,798.0
5.0,25.0,300.0,398.0,421.0,453.0,4,864.0
5.0,25.0,300.0,398.0,421.0,453.0,4,864.0
5.0,1.0,78.0,106.0,369.0,790.0,4,876.0
5.0,1.0,78.0,106.0,369.0,586.0,4,790.0
5.0,1.0,297.0,369.0,577.0,586.0,4,682.0
5.0,1.0,78.0,106.0,577.0,790.0,4,876.0
5.0,1.0,78.0,106.0,369.0,790.0,4,876.0
5.0,1.0,78.0,106.0,369.0,586.0,4,790.0
5.0,1.0,106.0,297.0,369.0,586.0,4,790.0
5.0,1.0,297.0,369.0,577.0,586.0,4,682.0
5.0,25.0,356.0,398.0,421.0,453.0,4,864.0
5.0,25.0,356.0,398.0,421.0,453.0,4,864.0
5.0,25.0,356.0,398.0,421.0,798.0,4,864.0
5.0,25.0,214.0,421.0,453.0,547.0,4,798.0
5.0,25.0,158.0,300.0,453.0,798.0,4,864.0
5.0,25.0,214.0,398.0,421.0,453.0,4,864.0
5.0,25.0,214.0,398.0,421.0,453.0,4,864.0
5.0,34.0,36.0,404.0,506.0,517.0,4,814.0
5.0,34.0,36.0,506.0,517.0,814.0,4,855.0
5.0,34.0,36.0,506.0,753.0,814.0,4,855.0
5.0,34.0,36.0,167.0,506.0,753.0,4,855.0
5.0,34.0,36.0,167.0,753.0,855.0,4,906.0
5.0,34.0,36.0,404.0,506.0,517.0,4,814.0
5.0,34.0,36.0,404.0,506.0,517.0,4,814.0
5.0,34.0,36.0,506.0,517.0,814.0,4,855.0
5.0,34.0,167.0,506.0,517.0,855.0,4,975.0
5.0,34.0,506.0,753.0,814.0,855.0,4,975.0
5.0,34.0,36.0,404.0,506.0,814.0,4,847.0
5.0,34.0,36.0,404.0,506.0,814.0,4,847.0
5.0,34.0,36.0,404.0,506.0,753.0,4,814.0
5.0,34.0,404.0,517.0,753.0,814.0,4,975.0
5.0,34.0,167.0,404.0,506.0,847.0,4,975.0
5.0,1.0,369.0,577.0,790.0,808.0,4,820.0
5.0,1.0,106.0,169.0,790.0,808.0,4,820.0
5.0,1.0,78.0,169.0,577.0,586.0,4,682.0
5.0,1.0,78.0,106.0,577.0,586.0,4,790.0
5.0,1.0,369.0,577.0,790.0,808.0,4,820.0
5.0,1.0,78.0,106.0,169.0,586.0,4,682.0
5.0,1.0,106.0,577.0,682.0,808.0,4,820.0
5.0,1.0,106.0,577.0,682.0,808.0,4,820.0
5.0,1.0,106.0,577.0,790.0,808.0,4,820.0
5.0,34.0,36.0,753.0,814.0,906.0,4,975.0
5.0,34.0,36.0,436.0,517.0,814.0,4,906.0
5.0,34.0,36.0,436.0,506.0,517.0,4,814.0
5.0,34.0,36.0,436.0,506.0,517.0,4,814.0
5.0,34.0,36.0,436.0,506.0,517.0,4,814.0
5.0,34.0,404.0,436.0,506.0,517.0,4,814.0
5.0,34.0,36.0,167.0,506.0,753.0,4,975.0
5.0,34.0,36.0,167.0,506.0,753.0,4,975.0
5.0,34.0,36.0,167.0,753.0,906.0,4,975.0
5.0,34.0,36.0,167.0,436.0,753.0,4,906.0
5.0,34.0,404.0,506.0,753.0,814.0,4,975.0
5.0,26.0,40.0,315.0,488.0,634.0,4,914.0
5.0,26.0,40.0,488.0,634.0,759.0,4,948.0
5.0,26.0,333.0,488.0,634.0,759.0,4,948.0
5.0,26.0,40.0,333.0,536.0,759.0,4,948.0
5.0,26.0,40.0,315.0,488.0,536.0,4,948.0
5.0,26.0,40.0,315.0,488.0,634.0,4,948.0
5.0,26.0,40.0,315.0,333.0,488.0,4,634.0
5.0,26.0,40.0,315.0,488.0,536.0,4,914.0
5.0,26.0,40.0,315.0,488.0,536.0,4,914.0
5.0,26.0,40.0,315.0,488.0,536.0,4,914.0
5.0,26.0,315.0,333.0,536.0,634.0,4,948.0
5.0,26.0,315.0,333.0,488.0,536.0,4,948.0
5.0,26.0,46.0,333.0,488.0,759.0,4,961.0
5.0,34.0,167.0,404.0,506.0,753.0,4,814.0
5.0,34.0,404.0,506.0,517.0,753.0,4,814.0
5.0,34.0,167.0,404.0,506.0,753.0,4,814.0
5.0,34.0,436.0,506.0,517.0,583.0,4,814.0
5.0,34.0,404.0,506.0,517.0,753.0,4,975.0
5.0,34.0,404.0,506.0,517.0,753.0,4,975.0
5.0,34.0,36.0,167.0,404.0,506.0,4,753.0
5.0,34.0,36.0,506.0,517.0,583.0,4,814.0
5.0,34.0,36.0,506.0,517.0,583.0,4,814.0
5.0,34.0,404.0,436.0,753.0,814.0,4,906.0
5.0,34.0,36.0,753.0,814.0,906.0,4,975.0
5.0,34.0,36.0,167.0,404.0,506.0,4,517.0
5.0,34.0,506.0,517.0,583.0,753.0,4,975.0
5.0,34.0,506.0,517.0,583.0,753.0,4,975.0
5.0,34.0,36.0,167.0,506.0,753.0,4,975.0
5.0,34.0,36.0,404.0,506.0,517.0,4,753.0
5.0,26.0,40.0,315.0,488.0,536.0,4,961.0
5.0,26.0,40.0,488.0,634.0,948.0,4,961.0
5.0,26.0,333.0,536.0,620.0,634.0,4,948.0
5.0,26.0,40.0,315.0,333.0,536.0,4,948.0
5.0,26.0,40.0,315.0,333.0,536.0,4,948.0
5.0,26.0,40.0,315.0,333.0,536.0,4,948.0
5.0,26.0,40.0,315.0,333.0,536.0,4,634.0
5.0,26.0,40.0,315.0,488.0,536.0,4,961.0
5.0,26.0,333.0,536.0,620.0,634.0,4,948.0
5.0,26.0,40.0,315.0,333.0,634.0,4,948.0
5.0,26.0,40.0,315.0,536.0,634.0,4,948.0
5.0,26.0,40.0,315.0,333.0,536.0,4,948.0
5.0,34.0,36.0,404.0,506.0,753.0,4,814.0
5.0,34.0,36.0,404.0,506.0,753.0,4,814.0
5.0,34.0,436.0,583.0,753.0,814.0,4,906.0
5.0,34.0,36.0,167.0,404.0,506.0,4,517.0
5.0,34.0,36.0,167.0,404.0,506.0,4,517.0
5.0,34.0,36.0,167.0,404.0,506.0,4,753.0
5.0,34.0,583.0,753.0,814.0,906.0,4,975.0
5.0,34.0,36.0,404.0,506.0,753.0,4,814.0
5.0,34.0,36.0,436.0,506.0,517.0,4,814.0
5.0,34.0,36.0,436.0,506.0,517.0,4,814.0
5.0,34.0,436.0,517.0,583.0,814.0,4,906.0
5.0,34.0,167.0,436.0,517.0,583.0,4,906.0
5.0,34.0,167.0,583.0,753.0,906.0,4,975.0
5.0,32.0,241.0,416.0,426.0,484.0,4,524.0
5.0,32.0,346.0,416.0,426.0,524.0,4,624.0
5.0,32.0,34.0,302.0,346.0,484.0,4,624.0
5.0,32.0,34.0,241.0,426.0,484.0,4,524.0
5.0,32.0,3.0,241.0,426.0,524.0,4,624.0
5.0,32.0,34.0,302.0,524.0,624.0,4,627.0
5.0,32.0,34.0,302.0,484.0,624.0,4,627.0
5.0,32.0,34.0,302.0,484.0,624.0,4,627.0
5.0,32.0,34.0,241.0,302.0,524.0,4,627.0
5.0,32.0,34.0,241.0,426.0,524.0,4,627.0
5.0,32.0,34.0,241.0,524.0,624.0,4,627.0
5.0,32.0,241.0,302.0,524.0,624.0,4,627.0
5.0,34.0,167.0,404.0,506.0,753.0,4,975.0
5.0,34.0,167.0,506.0,583.0,753.0,4,975.0
5.0,34.0,167.0,436.0,506.0,583.0,4,753.0
5.0,34.0,436.0,506.0,517.0,583.0,4,695.0
5.0,34.0,517.0,583.0,695.0,906.0,4,975.0
5.0,34.0,404.0,506.0,517.0,753.0,4,975.0
5.0,34.0,404.0,506.0,517.0,753.0,4,975.0
5.0,34.0,167.0,506.0,583.0,753.0,4,975.0
5.0,34.0,167.0,404.0,506.0,753.0,4,975.0
5.0,34.0,167.0,506.0,583.0,753.0,4,975.0
5.0,9.0,81.0,85.0,510.0,941.0,4,1009.0
5.0,9.0,76.0,81.0,85.0,510.0,4,1009.0
5.0,9.0,76.0,81.0,85.0,109.0,4,510.0
5.0,9.0,109.0,366.0,510.0,845.0,4,941.0
5.0,9.0,366.0,452.0,845.0,941.0,4,1009.0
5.0,9.0,76.0,204.0,845.0,1000.0,4,1019.0
5.0,9.0,76.0,109.0,204.0,1000.0,4,1019.0
5.0,34.0,404.0,436.0,695.0,847.0,4,906.0
5.0,34.0,404.0,436.0,695.0,847.0,4,906.0
5.0,34.0,404.0,436.0,695.0,847.0,4,906.0
5.0,34.0,36.0,167.0,436.0,506.0,4,517.0
5.0,34.0,36.0,436.0,506.0,517.0,4,695.0
5.0,34.0,36.0,436.0,506.0,517.0,4,695.0
5.0,34.0,36.0,695.0,847.0,906.0,4,975.0
5.0,34.0,404.0,695.0,847.0,906.0,4,975.0
5.0,1.0,78.0,106.0,577.0,790.0,4,808.0
5.0,1.0,78.0,106.0,369.0,790.0,4,808.0
5.0,1.0,78.0,106.0,369.0,682.0,4,808.0
5.0,1.0,106.0,369.0,586.0,682.0,4,808.0
5.0,1.0,78.0,369.0,577.0,586.0,4,682.0
5.0,1.0,78.0,369.0,577.0,790.0,4,808.0
5.0,1.0,78.0,106.0,790.0,808.0,4,867.0
5.0,1.0,78.0,369.0,577.0,586.0,4,682.0
5.0,1.0,78.0,577.0,586.0,682.0,4,867.0
5.0,1.0,106.0,586.0,790.0,808.0,4,867.0
5.0,34.0,167.0,506.0,517.0,583.0,4,747.0
5.0,34.0,116.0,167.0,436.0,847.0,4,906.0
5.0,34.0,116.0,436.0,517.0,847.0,4,906.0
5.0,34.0,116.0,436.0,506.0,517.0,4,847.0
5.0,34.0,167.0,506.0,517.0,583.0,4,747.0
5.0,34.0,167.0,506.0,517.0,583.0,4,747.0
5.0,34.0,167.0,436.0,506.0,517.0,4,583.0
5.0,34.0,167.0,436.0,506.0,583.0,4,847.0
5.0,34.0,116.0,167.0,436.0,847.0,4,906.0
5.0,34.0,436.0,506.0,517.0,747.0,4,847.0
5.0,34.0,167.0,506.0,517.0,583.0,4,747.0
5.0,34.0,167.0,436.0,506.0,583.0,4,847.0
5.0,34.0,139.0,436.0,583.0,847.0,4,906.0
5.0,34.0,139.0,436.0,583.0,847.0,4,906.0
5.0,34.0,139.0,436.0,506.0,517.0,4,747.0
5.0,34.0,139.0,436.0,583.0,847.0,4,906.0
5.0,34.0,139.0,436.0,506.0,747.0,4,847.0
5.0,34.0,139.0,436.0,506.0,517.0,4,583.0
5.0,34.0,139.0,436.0,506.0,517.0,4,583.0
5.0,32.0,3.0,44.0,241.0,426.0,4,524.0
5.0,32.0,34.0,84.0,302.0,346.0,4,627.0
5.0,32.0,34.0,44.0,241.0,346.0,4,524.0
5.0,32.0,17.0,34.0,84.0,302.0,4,346.0
5.0,32.0,17.0,34.0,84.0,302.0,4,346.0
5.0,32.0,17.0,34.0,84.0,302.0,4,346.0
5.0,9.0,81.0,109.0,366.0,452.0,4,941.0
5.0,9.0,81.0,366.0,452.0,845.0,4,941.0
5.0,9.0,81.0,366.0,510.0,845.0,4,941.0
5.0,9.0,85.0,109.0,510.0,845.0,4,941.0
5.0,9.0,85.0,109.0,204.0,510.0,4,845.0
5.0,9.0,81.0,85.0,452.0,941.0,4,1019.0
5.0,9.0,81.0,109.0,366.0,452.0,4,941.0
5.0,9.0,85.0,109.0,510.0,845.0,4,941.0
5.0,9.0,85.0,204.0,510.0,845.0,4,1019.0
5.0,9.0,85.0,204.0,510.0,845.0,4,1019.0
5.0,34.0,167.0,436.0,506.0,517.0,4,583.0
5.0,34.0,167.0,436.0,506.0,517.0,4,583.0
5.0,34.0,139.0,432.0,436.0,506.0,4,517.0
5.0,34.0,139.0,432.0,436.0,506.0,4,517.0
5.0,34.0,139.0,432.0,436.0,506.0,4,847.0
5.0,34.0,139.0,432.0,436.0,847.0,4,906.0
5.0,34.0,167.0,432.0,506.0,517.0,4,583.0
5.0,34.0,139.0,432.0,436.0,506.0,4,517.0
5.0,34.0,167.0,436.0,506.0,517.0,4,747.0
5.0,34.0,139.0,436.0,506.0,517.0,4,747.0
5.0,34.0,139.0,432.0,695.0,747.0,4,906.0
5.0,34.0,139.0,436.0,506.0,517.0,4,583.0
5.0,34.0,139.0,436.0,506.0,517.0,4,583.0
5.0,34.0,167.0,436.0,506.0,517.0,4,583.0
5.0,34.0,139.0,167.0,436.0,506.0,4,583.0
5.0,34.0,139.0,436.0,506.0,695.0,4,747.0
5.0,34.0,139.0,432.0,695.0,747.0,4,906.0
5.0,34.0,139.0,432.0,695.0,747.0,4,906.0
5.0,34.0,167.0,432.0,583.0,733.0,4,906.0
5.0,34.0,116.0,167.0,583.0,733.0,4,906.0
5.0,6.0,30.0,55.0,61.0,606.0,4,980.0
5.0,6.0,30.0,195.0,606.0,644.0,4,873.0
5.0,6.0,30.0,61.0,280.0,644.0,4,980.0
5.0,6.0,195.0,644.0,656.0,769.0,4,873.0
5.0,6.0,195.0,280.0,640.0,769.0,4,873.0
5.0,26.0,40.0,536.0,634.0,914.0,4,948.0
5.0,26.0,315.0,333.0,536.0,634.0,4,948.0
5.0,26.0,315.0,333.0,536.0,634.0,4,948.0
5.0,26.0,40.0,315.0,536.0,634.0,4,948.0
5.0,26.0,40.0,315.0,488.0,536.0,4,914.0
5.0,26.0,40.0,536.0,634.0,914.0,4,948.0
5.0,26.0,315.0,333.0,488.0,536.0,4,948.0
5.0,26.0,315.0,333.0,488.0,536.0,4,914.0
5.0,26.0,40.0,488.0,634.0,914.0,4,948.0
5.0,26.0,46.0,190.0,333.0,488.0,4,759.0
5.0,26.0,40.0,315.0,488.0,536.0,4,914.0
5.0,26.0,333.0,488.0,634.0,759.0,4,948.0
5.0,26.0,40.0,315.0,333.0,634.0,4,914.0
5.0,26.0,40.0,315.0,488.0,536.0,4,948.0
5.0,26.0,40.0,315.0,488.0,536.0,4,948.0
5.0,26.0,333.0,536.0,634.0,759.0,4,948.0
5.0,26.0,333.0,488.0,634.0,759.0,4,948.0
5.0,26.0,46.0,333.0,488.0,634.0,4,759.0
5.0,26.0,46.0,190.0,333.0,620.0,4,759.0
5.0,26.0,333.0,488.0,620.0,634.0,4,948.0
5.0,26.0,333.0,488.0,620.0,634.0,4,948.0
5.0,26.0,40.0,315.0,333.0,536.0,4,948.0
5.0,26.0,40.0,315.0,333.0,536.0,4,948.0
5.0,26.0,333.0,488.0,620.0,634.0,4,948.0
5.0,26.0,315.0,488.0,536.0,634.0,4,948.0
5.0,26.0,40.0,488.0,536.0,620.0,4,634.0
5.0,26.0,40.0,315.0,333.0,488.0,4,536.0
5.0,26.0,40.0,315.0,488.0,536.0,4,961.0
5.0,26.0,40.0,315.0,488.0,620.0,4,634.0
5.0,26.0,315.0,333.0,488.0,620.0,4,634.0
5.0,26.0,333.0,536.0,620.0,634.0,4,948.0
5.0,26.0,40.0,315.0,488.0,536.0,4,948.0
5.0,26.0,40.0,315.0,488.0,634.0,4,948.0
5.0,26.0,40.0,536.0,620.0,634.0,4,948.0
5.0,26.0,40.0,488.0,536.0,620.0,4,948.0
5.0,26.0,333.0,488.0,536.0,620.0,4,948.0
5.0,26.0,333.0,488.0,620.0,634.0,4,948.0
5.0,26.0,40.0,315.0,488.0,536.0,4,961.0
5.0,26.0,40.0,315.0,488.0,536.0,4,620.0
5.0,26.0,40.0,315.0,488.0,536.0,4,948.0
5.0,26.0,40.0,315.0,488.0,536.0,4,961.0
5.0,26.0,40.0,315.0,488.0,620.0,4,634.0
5.0,26.0,40.0,488.0,620.0,634.0,4,948.0
5.0,26.0,333.0,536.0,620.0,634.0,4,948.0
5.0,26.0,40.0,333.0,536.0,620.0,4,634.0
5.0,6.0,55.0,213.0,769.0,809.0,4,873.0
5.0,6.0,30.0,55.0,213.0,809.0,4,887.0
5.0,6.0,55.0,213.0,769.0,809.0,4,873.0
5.0,6.0,30.0,55.0,769.0,809.0,4,980.0
5.0,6.0,30.0,171.0,213.0,873.0,4,980.0
5.0,6.0,30.0,84.0,171.0,640.0,4,867.0
5.0,9.0,81.0,204.0,366.0,510.0,4,845.0
5.0,9.0,81.0,85.0,109.0,452.0,4,941.0
5.0,9.0,109.0,366.0,452.0,845.0,4,941.0
5.0,9.0,76.0,81.0,204.0,1000.0,4,1019.0
5.0,26.0,40.0,315.0,333.0,536.0,4,961.0
5.0,26.0,40.0,315.0,333.0,536.0,4,759.0
5.0,26.0,333.0,488.0,620.0,634.0,4,759.0
5.0,26.0,315.0,333.0,488.0,620.0,4,634.0
5.0,26.0,40.0,315.0,333.0,536.0,4,759.0
5.0,26.0,40.0,315.0,333.0,536.0,4,961.0
5.0,26.0,40.0,333.0,536.0,634.0,4,759.0
5.0,26.0,315.0,488.0,536.0,634.0,4,759.0
5.0,26.0,315.0,333.0,488.0,634.0,4,759.0
5.0,26.0,333.0,488.0,620.0,634.0,4,759.0
5.0,26.0,488.0,536.0,620.0,634.0,4,759.0
5.0,26.0,333.0,488.0,634.0,948.0,4,961.0
5.0,26.0,333.0,488.0,634.0,914.0,4,948.0
5.0,26.0,40.0,315.0,488.0,536.0,4,914.0
5.0,26.0,40.0,315.0,333.0,634.0,4,948.0
5.0,26.0,40.0,315.0,333.0,536.0,4,914.0
5.0,26.0,40.0,315.0,333.0,536.0,4,948.0
5.0,26.0,40.0,315.0,536.0,634.0,4,948.0
5.0,26.0,333.0,488.0,634.0,914.0,4,948.0
5.0,26.0,315.0,333.0,488.0,536.0,4,914.0
5.0,26.0,333.0,488.0,634.0,948.0,4,961.0
5.0,26.0,488.0,634.0,872.0,948.0,4,961.0
5.0,26.0,536.0,634.0,872.0,948.0,4,961.0
5.0,26.0,315.0,536.0,634.0,872.0,4,914.0
5.0,26.0,315.0,488.0,634.0,872.0,4,914.0
5.0,26.0,315.0,333.0,488.0,634.0,4,914.0
5.0,26.0,315.0,333.0,488.0,536.0,4,914.0
5.0,26.0,315.0,333.0,488.0,634.0,4,948.0
5.0,26.0,536.0,634.0,872.0,914.0,4,948.0
5.0,26.0,315.0,488.0,536.0,634.0,4,948.0
5.0,26.0,315.0,333.0,488.0,536.0,4,948.0
5.0,26.0,315.0,333.0,488.0,536.0,4,948.0
5.0,26.0,40.0,315.0,333.0,536.0,4,914.0
5.0,26.0,40.0,315.0,488.0,634.0,4,948.0
5.0,26.0,40.0,315.0,488.0,634.0,4,948.0
5.0,26.0,40.0,315.0,488.0,536.0,4,914.0
5.0,26.0,40.0,315.0,536.0,634.0,4,948.0
5.0,26.0,40.0,315.0,488.0,634.0,4,948.0
5.0,26.0,333.0,488.0,634.0,914.0,4,948.0
5.0,1.0,78.0,106.0,577.0,790.0,4,808.0
5.0,1.0,78.0,106.0,577.0,790.0,4,808.0
5.0,1.0,106.0,369.0,790.0,808.0,4,820.0
5.0,1.0,78.0,369.0,577.0,820.0,4,876.0
5.0,1.0,78.0,369.0,577.0,820.0,4,876.0
5.0,1.0,78.0,106.0,577.0,790.0,4,808.0
5.0,1.0,78.0,106.0,577.0,790.0,4,808.0
5.0,1.0,106.0,369.0,790.0,808.0,4,820.0
5.0,1.0,78.0,369.0,577.0,820.0,4,876.0
5.0,1.0,78.0,297.0,401.0,867.0,4,876.0
5.0,1.0,78.0,297.0,401.0,867.0,4,876.0
5.0,32.0,17.0,34.0,241.0,302.0,4,524.0
5.0,32.0,241.0,302.0,426.0,524.0,4,627.0
5.0,32.0,17.0,34.0,241.0,302.0,4,524.0
5.0,32.0,17.0,34.0,241.0,302.0,4,545.0
5.0,32.0,17.0,34.0,241.0,426.0,4,545.0
5.0,32.0,17.0,84.0,302.0,346.0,4,908.0
5.0,26.0,40.0,315.0,488.0,536.0,4,759.0
5.0,26.0,333.0,536.0,634.0,914.0,4,948.0
5.0,26.0,315.0,333.0,536.0,634.0,4,948.0
5.0,26.0,40.0,315.0,488.0,536.0,4,914.0
5.0,26.0,40.0,333.0,634.0,914.0,4,948.0
5.0,26.0,333.0,488.0,634.0,914.0,4,948.0
5.0,26.0,488.0,536.0,634.0,914.0,4,948.0
5.0,6.0,55.0,61.0,606.0,656.0,4,980.0
5.0,6.0,55.0,280.0,656.0,769.0,4,873.0
5.0,6.0,280.0,626.0,644.0,769.0,4,873.0
5.0,6.0,55.0,280.0,626.0,769.0,4,980.0
5.0,6.0,280.0,626.0,640.0,769.0,4,873.0
5.0,9.0,85.0,109.0,366.0,845.0,4,941.0
5.0,9.0,85.0,109.0,366.0,845.0,4,941.0
5.0,9.0,109.0,366.0,452.0,845.0,4,941.0
5.0,9.0,81.0,366.0,452.0,845.0,4,941.0
5.0,9.0,81.0,149.0,452.0,510.0,4,845.0
5.0,9.0,81.0,149.0,452.0,510.0,4,1019.0
5.0,9.0,85.0,109.0,366.0,845.0,4,941.0
5.0,9.0,81.0,109.0,149.0,452.0,4,1019.0
5.0,9.0,81.0,149.0,452.0,510.0,4,1019.0
5.0,9.0,81.0,149.0,204.0,510.0,4,1019.0
5.0,9.0,76.0,204.0,510.0,1000.0,4,1019.0
5.0,6.0,35.0,55.0,61.0,606.0,4,769.0
5.0,6.0,30.0,35.0,55.0,61.0,4,606.0
5.0,6.0,30.0,55.0,213.0,809.0,4,873.0
5.0,6.0,30.0,213.0,809.0,873.0,4,980.0
5.0,6.0,30.0,213.0,809.0,873.0,4,980.0
5.0,6.0,35.0,55.0,61.0,606.0,4,769.0
5.0,6.0,35.0,55.0,61.0,606.0,4,769.0
5.0,6.0,35.0,55.0,61.0,606.0,4,769.0
5.0,6.0,30.0,35.0,55.0,213.0,4,809.0
5.0,6.0,30.0,213.0,809.0,873.0,4,980.0
5.0,6.0,30.0,35.0,55.0,213.0,4,809.0
5.0,6.0,30.0,35.0,55.0,213.0,4,606.0
5.0,6.0,30.0,35.0,55.0,213.0,4,606.0
5.0,1.0,106.0,477.0,790.0,808.0,4,876.0
5.0,1.0,78.0,369.0,577.0,586.0,4,682.0
5.0,1.0,477.0,577.0,586.0,790.0,4,808.0
5.0,1.0,477.0,577.0,586.0,790.0,4,808.0
5.0,1.0,106.0,577.0,586.0,790.0,4,808.0
5.0,1.0,106.0,169.0,586.0,790.0,4,808.0
5.0,1.0,106.0,169.0,586.0,790.0,4,808.0
5.0,1.0,78.0,106.0,169.0,586.0,4,790.0
5.0,1.0,78.0,106.0,577.0,682.0,4,808.0
5.0,1.0,78.0,106.0,577.0,682.0,4,808.0
5.0,1.0,78.0,106.0,297.0,369.0,4,682.0
5.0,32.0,34.0,44.0,241.0,524.0,4,817.0
5.0,32.0,44.0,57.0,302.0,426.0,4,624.0
5.0,32.0,44.0,57.0,302.0,426.0,4,624.0
5.0,32.0,34.0,57.0,302.0,426.0,4,624.0
5.0,32.0,44.0,302.0,426.0,524.0,4,624.0
5.0,32.0,34.0,44.0,241.0,524.0,4,817.0
5.0,32.0,34.0,44.0,241.0,524.0,4,817.0
5.0,32.0,34.0,44.0,241.0,524.0,4,817.0
5.0,32.0,34.0,44.0,426.0,524.0,4,817.0
5.0,32.0,44.0,302.0,426.0,524.0,4,624.0
5.0,32.0,44.0,241.0,302.0,524.0,4,624.0
5.0,32.0,57.0,302.0,346.0,416.0,4,426.0
5.0,32.0,57.0,302.0,346.0,416.0,4,426.0
5.0,6.0,30.0,213.0,809.0,867.0,4,980.0
5.0,6.0,30.0,213.0,809.0,867.0,4,980.0
5.0,6.0,30.0,35.0,55.0,213.0,4,809.0
5.0,6.0,30.0,35.0,55.0,213.0,4,606.0
5.0,6.0,30.0,213.0,809.0,873.0,4,980.0
5.0,6.0,35.0,55.0,61.0,213.0,4,606.0
5.0,9.0,109.0,366.0,452.0,845.0,4,941.0
5.0,9.0,366.0,452.0,845.0,941.0,4,1009.0
5.0,9.0,366.0,452.0,845.0,941.0,4,1009.0
5.0,9.0,366.0,510.0,845.0,941.0,4,1009.0
5.0,9.0,366.0,510.0,845.0,941.0,4,1009.0
5.0,9.0,76.0,81.0,366.0,510.0,4,1009.0
5.0,9.0,76.0,81.0,85.0,510.0,4,1009.0
5.0,9.0,81.0,85.0,452.0,845.0,4,1009.0
5.0,9.0,109.0,366.0,452.0,845.0,4,941.0
5.0,9.0,366.0,452.0,845.0,941.0,4,1009.0
5.0,9.0,366.0,510.0,845.0,941.0,4,1009.0
5.0,9.0,109.0,366.0,452.0,845.0,4,941.0
5.0,9.0,109.0,366.0,452.0,845.0,4,941.0
5.0,9.0,76.0,81.0,85.0,109.0,4,510.0
5.0,9.0,76.0,81.0,85.0,109.0,4,510.0
5.0,9.0,76.0,81.0,85.0,109.0,4,510.0
5.0,1.0,106.0,577.0,711.0,790.0,4,808.0
5.0,1.0,169.0,577.0,711.0,790.0,4,808.0
5.0,1.0,169.0,369.0,586.0,790.0,4,808.0
5.0,1.0,78.0,169.0,577.0,586.0,4,876.0
5.0,1.0,106.0,577.0,711.0,790.0,4,808.0
5.0,1.0,169.0,369.0,711.0,790.0,4,808.0
5.0,1.0,169.0,369.0,586.0,790.0,4,808.0
5.0,1.0,169.0,369.0,586.0,711.0,4,808.0
5.0,1.0,78.0,169.0,577.0,586.0,4,876.0
5.0,1.0,78.0,106.0,577.0,586.0,4,876.0
5.0,1.0,78.0,106.0,169.0,586.0,4,790.0
5.0,32.0,17.0,84.0,302.0,416.0,4,426.0
5.0,32.0,17.0,84.0,302.0,426.0,4,908.0
5.0,32.0,17.0,84.0,346.0,426.0,4,908.0
5.0,32.0,17.0,84.0,302.0,346.0,4,908.0
5.0,32.0,84.0,302.0,346.0,426.0,4,908.0
5.0,32.0,17.0,84.0,302.0,346.0,4,426.0
5.0,32.0,17.0,84.0,346.0,426.0,4,908.0
5.0,32.0,17.0,84.0,302.0,346.0,4,908.0
5.0,32.0,17.0,84.0,302.0,346.0,4,908.0
5.0,32.0,17.0,84.0,302.0,346.0,4,908.0
5.0,32.0,17.0,84.0,302.0,346.0,4,908.0
5.0,6.0,35.0,55.0,61.0,606.0,4,769.0
5.0,6.0,30.0,35.0,55.0,606.0,4,769.0
5.0,6.0,30.0,35.0,213.0,809.0,4,980.0
5.0,6.0,30.0,213.0,809.0,867.0,4,980.0
5.0,6.0,30.0,35.0,55.0,61.0,4,606.0
5.0,9.0,81.0,366.0,452.0,845.0,4,941.0
5.0,9.0,76.0,109.0,366.0,510.0,4,845.0
5.0,9.0,76.0,81.0,109.0,366.0,4,941.0
5.0,9.0,81.0,109.0,366.0,452.0,4,941.0
5.0,9.0,81.0,109.0,366.0,452.0,4,941.0
5.0,9.0,81.0,109.0,366.0,510.0,4,845.0
5.0,9.0,81.0,109.0,204.0,366.0,4,510.0
5.0,6.0,35.0,55.0,61.0,606.0,4,769.0
5.0,6.0,30.0,35.0,55.0,61.0,4,606.0
5.0,6.0,30.0,213.0,809.0,873.0,4,980.0
5.0,6.0,55.0,213.0,769.0,809.0,4,980.0
5.0,6.0,35.0,55.0,61.0,606.0,4,769.0
5.0,6.0,35.0,55.0,61.0,606.0,4,769.0
5.0,6.0,30.0,213.0,809.0,867.0,4,980.0
5.0,6.0,30.0,213.0,809.0,867.0,4,980.0
5.0,32.0,34.0,44.0,57.0,241.0,4,426.0
5.0,32.0,302.0,416.0,426.0,524.0,4,624.0
5.0,32.0,34.0,44.0,241.0,524.0,4,624.0
5.0,32.0,34.0,44.0,241.0,524.0,4,817.0
5.0,32.0,34.0,44.0,241.0,524.0,4,817.0
5.0,32.0,34.0,44.0,241.0,426.0,4,524.0
5.0,32.0,44.0,57.0,241.0,416.0,4,426.0
5.0,32.0,302.0,416.0,426.0,524.0,4,624.0
5.0,32.0,44.0,241.0,302.0,426.0,4,524.0
5.0,32.0,44.0,241.0,302.0,524.0,4,817.0
5.0,1.0,106.0,169.0,297.0,711.0,4,790.0
5.0,1.0,169.0,297.0,577.0,711.0,4,790.0
5.0,1.0,169.0,297.0,577.0,682.0,4,711.0
5.0,1.0,78.0,106.0,369.0,790.0,4,820.0
5.0,1.0,78.0,106.0,577.0,790.0,4,820.0
5.0,1.0,78.0,106.0,169.0,790.0,4,820.0
5.0,1.0,78.0,106.0,169.0,790.0,4,820.0
5.0,1.0,106.0,169.0,297.0,820.0,4,876.0
5.0,1.0,106.0,169.0,297.0,820.0,4,876.0
5.0,6.0,30.0,35.0,55.0,606.0,4,737.0
5.0,6.0,30.0,35.0,55.0,737.0,4,809.0
5.0,6.0,30.0,35.0,55.0,606.0,4,737.0
5.0,6.0,35.0,55.0,606.0,737.0,4,769.0
5.0,6.0,30.0,55.0,737.0,809.0,4,873.0
5.0,6.0,30.0,35.0,606.0,809.0,4,873.0
5.0,6.0,30.0,35.0,606.0,809.0,4,873.0
5.0,6.0,30.0,35.0,606.0,809.0,4,873.0
5.0,6.0,30.0,35.0,55.0,606.0,4,809.0
5.0,6.0,55.0,213.0,606.0,769.0,4,867.0
5.0,6.0,30.0,55.0,213.0,809.0,4,867.0
5.0,6.0,55.0,213.0,606.0,769.0,4,980.0
5.0,6.0,55.0,213.0,606.0,769.0,4,887.0
5.0,6.0,30.0,55.0,213.0,809.0,4,867.0
5.0,6.0,30.0,606.0,809.0,867.0,4,980.0
5.0,6.0,30.0,606.0,809.0,867.0,4,980.0
5.0,6.0,30.0,55.0,606.0,809.0,4,980.0
5.0,6.0,30.0,606.0,809.0,867.0,4,980.0
5.0,6.0,30.0,55.0,606.0,809.0,4,980.0
5.0,6.0,30.0,55.0,213.0,809.0,4,980.0
5.0,6.0,30.0,606.0,640.0,809.0,4,867.0
5.0,6.0,30.0,213.0,809.0,873.0,4,980.0
5.0,6.0,30.0,213.0,809.0,873.0,4,980.0
5.0,6.0,30.0,55.0,213.0,606.0,4,887.0
5.0,6.0,55.0,213.0,769.0,809.0,4,887.0
5.0,6.0,55.0,61.0,606.0,769.0,4,887.0
5.0,6.0,55.0,61.0,606.0,769.0,4,980.0
5.0,6.0,30.0,213.0,809.0,873.0,4,980.0
5.0,6.0,30.0,55.0,61.0,606.0,4,980.0
5.0,6.0,30.0,55.0,61.0,606.0,4,867.0
5.0,6.0,30.0,55.0,61.0,606.0,4,867.0
5.0,6.0,30.0,213.0,809.0,873.0,4,980.0
5.0,6.0,30.0,55.0,606.0,809.0,4,980.0
5.0,6.0,30.0,55.0,61.0,606.0,4,980.0
5.0,6.0,30.0,55.0,61.0,606.0,4,873.0
5.0,6.0,30.0,55.0,61.0,606.0,4,873.0
5.0,6.0,30.0,606.0,644.0,656.0,4,873.0
5.0,6.0,606.0,644.0,656.0,769.0,4,873.0
5.0,6.0,55.0,280.0,656.0,769.0,4,873.0
5.0,6.0,30.0,55.0,61.0,606.0,4,873.0
5.0,6.0,280.0,644.0,656.0,769.0,4,873.0
5.0,6.0,30.0,55.0,61.0,606.0,4,980.0
5.0,32.0,3.0,17.0,44.0,84.0,4,241.0
5.0,32.0,3.0,17.0,44.0,84.0,4,241.0
5.0,32.0,44.0,84.0,241.0,302.0,4,627.0
5.0,32.0,17.0,34.0,302.0,545.0,4,627.0
5.0,32.0,3.0,44.0,84.0,241.0,4,627.0
5.0,32.0,3.0,17.0,44.0,84.0,4,241.0
5.0,32.0,34.0,44.0,84.0,241.0,4,627.0
5.0,32.0,34.0,241.0,302.0,545.0,4,627.0
5.0,32.0,34.0,44.0,84.0,241.0,4,627.0
5.0,6.0,30.0,55.0,61.0,280.0,4,980.0
5.0,6.0,30.0,55.0,61.0,626.0,4,980.0
5.0,6.0,30.0,55.0,61.0,626.0,4,873.0
5.0,6.0,626.0,644.0,656.0,769.0,4,873.0
5.0,6.0,280.0,626.0,644.0,769.0,4,980.0
5.0,6.0,30.0,55.0,61.0,626.0,4,887.0
5.0,6.0,280.0,626.0,644.0,769.0,4,887.0
5.0,6.0,280.0,626.0,644.0,769.0,4,887.0
5.0,6.0,280.0,626.0,644.0,769.0,4,887.0
5.0,6.0,280.0,626.0,644.0,769.0,4,887.0
5.0,6.0,280.0,626.0,644.0,769.0,4,887.0
5.0,9.0,109.0,366.0,452.0,845.0,4,941.0
5.0,9.0,109.0,149.0,366.0,845.0,4,941.0
5.0,9.0,81.0,85.0,109.0,149.0,4,941.0
5.0,9.0,109.0,366.0,510.0,845.0,4,941.0
5.0,9.0,109.0,366.0,452.0,845.0,4,941.0
5.0,9.0,81.0,85.0,149.0,510.0,4,1019.0
5.0,1.0,106.0,477.0,682.0,808.0,4,820.0
5.0,1.0,106.0,477.0,682.0,808.0,4,820.0
5.0,1.0,106.0,577.0,586.0,682.0,4,808.0
5.0,1.0,369.0,577.0,586.0,790.0,4,876.0
5.0,1.0,477.0,577.0,790.0,808.0,4,820.0
5.0,1.0,477.0,577.0,790.0,808.0,4,820.0
5.0,1.0,106.0,477.0,586.0,682.0,4,820.0
5.0,1.0,106.0,369.0,586.0,682.0,4,876.0
5.0,1.0,477.0,577.0,682.0,808.0,4,820.0
5.0,1.0,477.0,577.0,790.0,808.0,4,820.0
5.0,1.0,106.0,369.0,790.0,808.0,4,820.0
5.0,1.0,106.0,369.0,790.0,808.0,4,820.0
5.0,1.0,477.0,577.0,790.0,808.0,4,820.0
5.0,1.0,106.0,477.0,790.0,808.0,4,820.0
5.0,1.0,106.0,477.0,711.0,808.0,4,820.0
5.0,1.0,106.0,297.0,577.0,711.0,4,820.0
5.0,1.0,78.0,106.0,297.0,369.0,4,711.0
5.0,1.0,78.0,106.0,369.0,682.0,4,711.0
5.0,1.0,78.0,477.0,577.0,790.0,4,820.0
5.0,1.0,78.0,169.0,577.0,790.0,4,820.0
5.0,1.0,78.0,106.0,169.0,790.0,4,820.0
5.0,1.0,78.0,106.0,169.0,711.0,4,790.0
5.0,1.0,78.0,106.0,169.0,711.0,4,790.0
5.0,1.0,106.0,169.0,297.0,711.0,4,876.0
5.0,1.0,106.0,169.0,297.0,820.0,4,876.0
5.0,1.0,78.0,106.0,577.0,790.0,4,820.0
5.0,1.0,78.0,106.0,577.0,790.0,4,820.0
5.0,1.0,78.0,477.0,577.0,790.0,4,820.0
5.0,1.0,78.0,106.0,477.0,790.0,4,820.0
5.0,1.0,106.0,297.0,401.0,711.0,4,876.0
5.0,1.0,106.0,297.0,401.0,711.0,4,876.0
5.0,1.0,297.0,369.0,401.0,682.0,4,711.0
5.0,1.0,297.0,369.0,401.0,682.0,4,876.0
5.0,1.0,477.0,577.0,790.0,808.0,4,820.0
5.0,1.0,78.0,106.0,169.0,711.0,4,790.0
5.0,1.0,78.0,477.0,577.0,820.0,4,876.0
5.0,1.0,477.0,577.0,790.0,808.0,4,820.0
5.0,1.0,106.0,477.0,790.0,808.0,4,820.0
5.0,1.0,477.0,577.0,790.0,808.0,4,820.0
5.0,1.0,477.0,577.0,790.0,808.0,4,820.0
5.0,1.0,78.0,106.0,577.0,711.0,4,790.0
5.0,32.0,3.0,34.0,241.0,426.0,4,524.0
5.0,32.0,3.0,34.0,241.0,426.0,4,524.0
5.0,32.0,3.0,34.0,241.0,426.0,4,524.0
5.0,32.0,3.0,34.0,241.0,426.0,4,524.0
5.0,32.0,3.0,241.0,302.0,524.0,4,817.0
5.0,32.0,34.0,241.0,524.0,624.0,4,627.0
5.0,32.0,3.0,34.0,241.0,426.0,4,524.0
5.0,32.0,34.0,57.0,302.0,426.0,4,624.0
5.0,32.0,34.0,241.0,524.0,624.0,4,627.0
5.0,32.0,34.0,241.0,524.0,624.0,4,627.0
5.0,1.0,169.0,477.0,711.0,808.0,4,820.0
5.0,1.0,78.0,369.0,401.0,586.0,4,790.0
5.0,1.0,78.0,369.0,401.0,586.0,4,790.0
5.0,1.0,369.0,401.0,586.0,790.0,4,808.0
5.0,1.0,369.0,401.0,790.0,808.0,4,820.0
5.0,1.0,169.0,401.0,586.0,790.0,4,808.0
5.0,1.0,169.0,401.0,586.0,790.0,4,808.0
5.0,1.0,169.0,477.0,790.0,808.0,4,820.0
5.0,1.0,78.0,369.0,401.0,790.0,4,820.0
5.0,1.0,477.0,711.0,790.0,808.0,4,820.0
5.0,9.0,109.0,366.0,452.0,845.0,4,941.0
5.0,9.0,81.0,85.0,204.0,510.0,4,1019.0
5.0,9.0,81.0,85.0,204.0,510.0,4,1019.0
5.0,9.0,81.0,85.0,109.0,204.0,4,510.0
5.0,9.0,85.0,109.0,452.0,845.0,4,941.0
5.0,9.0,109.0,366.0,510.0,845.0,4,941.0
5.0,9.0,109.0,366.0,510.0,845.0,4,941.0
5.0,9.0,109.0,366.0,510.0,845.0,4,941.0
5.0,9.0,81.0,85.0,510.0,941.0,4,1019.0
5.0,9.0,81.0,85.0,510.0,845.0,4,1019.0
5.0,32.0,302.0,346.0,426.0,545.0,4,627.0
5.0,32.0,84.0,241.0,302.0,426.0,4,627.0
5.0,32.0,84.0,241.0,302.0,426.0,4,627.0
5.0,32.0,3.0,17.0,34.0,84.0,4,241.0
5.0,32.0,3.0,17.0,34.0,84.0,4,241.0
5.0,32.0,17.0,34.0,84.0,302.0,4,627.0
5.0,32.0,3.0,17.0,302.0,545.0,4,627.0
5.0,9.0,109.0,366.0,452.0,845.0,4,941.0
5.0,9.0,366.0,452.0,845.0,941.0,4,1009.0
5.0,9.0,76.0,452.0,510.0,845.0,4,1009.0
5.0,9.0,76.0,85.0,204.0,510.0,4,1009.0
5.0,9.0,366.0,452.0,845.0,941.0,4,1009.0
5.0,9.0,366.0,452.0,845.0,941.0,4,1009.0
5.0,9.0,76.0,366.0,510.0,941.0,4,1009.0
5.0,9.0,76.0,204.0,366.0,510.0,4,845.0
5.0,9.0,366.0,452.0,845.0,941.0,4,1009.0
5.0,32.0,3.0,34.0,241.0,426.0,4,524.0
5.0,32.0,34.0,241.0,416.0,426.0,4,524.0
5.0,32.0,302.0,416.0,426.0,524.0,4,624.0
5.0,32.0,3.0,241.0,302.0,484.0,4,624.0
5.0,32.0,3.0,241.0,302.0,484.0,4,624.0
5.0,32.0,241.0,302.0,426.0,484.0,4,524.0
5.0,32.0,3.0,34.0,241.0,426.0,4,524.0
5.0,32.0,3.0,34.0,241.0,426.0,4,524.0
5.0,32.0,3.0,302.0,426.0,484.0,4,624.0
5.0,32.0,3.0,302.0,426.0,484.0,4,624.0
5.0,32.0,3.0,241.0,426.0,524.0,4,624.0
5.0,9.0,109.0,366.0,510.0,845.0,4,941.0
5.0,9.0,81.0,85.0,109.0,204.0,4,452.0
5.0,9.0,81.0,85.0,109.0,204.0,4,452.0
5.0,9.0,81.0,85.0,109.0,204.0,4,452.0
5.0,9.0,85.0,109.0,452.0,845.0,4,941.0
5.0,9.0,109.0,366.0,452.0,845.0,4,941.0
5.0,9.0,109.0,366.0,452.0,845.0,4,941.0
5.0,9.0,81.0,109.0,204.0,366.0,4,510.0
5.0,9.0,81.0,85.0,204.0,510.0,4,845.0
5.0,9.0,109.0,204.0,452.0,1000.0,4,1009.0
5.0,9.0,109.0,366.0,452.0,845.0,4,941.0
5.0,9.0,109.0,366.0,452.0,845.0,4,941.0
5.0,9.0,81.0,109.0,366.0,510.0,4,941.0
5.0,9.0,85.0,109.0,510.0,845.0,4,941.0
5.0,9.0,109.0,366.0,452.0,845.0,4,941.0
5.0,9.0,109.0,204.0,366.0,452.0,4,845.0
5.0,9.0,109.0,366.0,452.0,845.0,4,941.0
5.0,9.0,109.0,366.0,452.0,845.0,4,941.0
5.0,9.0,81.0,85.0,109.0,204.0,4,510.0
5.0,9.0,76.0,109.0,366.0,452.0,4,941.0
5.0,9.0,76.0,85.0,204.0,510.0,4,1019.0
5.0,9.0,204.0,366.0,510.0,1009.0,4,1019.0
5.0,9.0,109.0,204.0,366.0,452.0,4,941.0
5.0,9.0,109.0,204.0,366.0,452.0,4,941.0
5.0,9.0,85.0,109.0,204.0,510.0,4,941.0
5.0,9.0,109.0,366.0,510.0,941.0,4,1019.0
5.0,9.0,81.0,85.0,149.0,510.0,4,1019.0
5.0,9.0,81.0,109.0,366.0,510.0,4,941.0
5.0,9.0,109.0,366.0,452.0,845.0,4,941.0
5.0,9.0,81.0,149.0,366.0,845.0,4,941.0
5.0,9.0,81.0,85.0,149.0,510.0,4,845.0
5.0,32.0,3.0,34.0,241.0,426.0,4,524.0
5.0,32.0,302.0,426.0,484.0,624.0,4,817.0
5.0,32.0,57.0,241.0,302.0,426.0,4,524.0
5.0,32.0,34.0,57.0,426.0,524.0,4,817.0
5.0,32.0,34.0,302.0,426.0,524.0,4,624.0
5.0,32.0,302.0,346.0,426.0,524.0,4,624.0
5.0,32.0,34.0,241.0,302.0,524.0,4,624.0
5.0,32.0,3.0,44.0,241.0,426.0,4,524.0
5.0,32.0,3.0,44.0,241.0,426.0,4,524.0
5.0,32.0,17.0,34.0,84.0,302.0,4,627.0
5.0,32.0,17.0,34.0,84.0,302.0,4,627.0
5.0,32.0,17.0,44.0,241.0,302.0,4,524.0
5.0,32.0,3.0,44.0,241.0,524.0,4,627.0
5.0,32.0,17.0,84.0,241.0,302.0,4,627.0
5.0,32.0,3.0,17.0,44.0,241.0,4,524.0
