season,team,player_0,player_1,player_2,player_3,missing_position,target_player
2.0,30.0,121.0,689.0,705.0,953.0,4,963.0
2.0,30.0,389.0,409.0,689.0,847.0,4,953.0
2.0,30.0,389.0,598.0,689.0,847.0,4,963.0
2.0,30.0,121.0,598.0,689.0,847.0,4,963.0
2.0,30.0,689.0,705.0,847.0,953.0,4,963.0
2.0,30.0,598.0,689.0,705.0,847.0,4,963.0
2.0,30.0,389.0,598.0,705.0,847.0,4,963.0
2.0,30.0,121.0,598.0,705.0,953.0,4,963.0
2.0,30.0,389.0,598.0,689.0,847.0,4,963.0
2.0,30.0,389.0,409.0,598.0,847.0,4,953.0
2.0,30.0,121.0,689.0,705.0,953.0,4,963.0
2.0,27.0,33.0,624.0,688.0,898.0,4,924.0
2.0,27.0,33.0,624.0,688.0,898.0,4,924.0
2.0,27.0,33.0,100.0,688.0,807.0,4,924.0
2.0,27.0,33.0,100.0,359.0,363.0,4,807.0
2.0,27.0,33.0,100.0,359.0,363.0,4,624.0
2.0,27.0,33.0,100.0,359.0,363.0,4,624.0
2.0,27.0,33.0,100.0,363.0,807.0,4,924.0
2.0,27.0,33.0,688.0,807.0,898.0,4,924.0
2.0,27.0,33.0,100.0,363.0,624.0,4,924.0
2.0,27.0,33.0,363.0,807.0,898.0,4,924.0
2.0,27.0,33.0,363.0,807.0,898.0,4,924.0
2.0,27.0,33.0,688.0,807.0,898.0,4,924.0
2.0,27.0,33.0,100.0,624.0,688.0,4,807.0
2.0,27.0,33.0,100.0,363.0,624.0,4,688.0
2.0,12.0,216.0,462.0,682.0,933.0,4,983.0
2.0,12.0,216.0,462.0,682.0,933.0,4,983.0
2.0,12.0,111.0,444.0,856.0,933.0,4,983.0
2.0,12.0,111.0,216.0,462.0,682.0,4,933.0
2.0,12.0,216.0,462.0,682.0,933.0,4,983.0
2.0,12.0,111.0,216.0,650.0,682.0,4,933.0
2.0,12.0,216.0,682.0,856.0,933.0,4,983.0
2.0,12.0,111.0,216.0,444.0,682.0,4,856.0
2.0,4.0,3.0,259.0,290.0,589.0,4,646.0
2.0,4.0,259.0,290.0,487.0,589.0,4,646.0
2.0,4.0,81.0,259.0,290.0,487.0,4,646.0
2.0,4.0,81.0,259.0,487.0,646.0,4,992.0
2.0,4.0,46.0,81.0,259.0,487.0,4,992.0
2.0,4.0,46.0,81.0,487.0,589.0,4,992.0
2.0,4.0,46.0,81.0,487.0,589.0,4,992.0
2.0,4.0,46.0,81.0,487.0,589.0,4,992.0
2.0,4.0,3.0,81.0,259.0,646.0,4,992.0
2.0,4.0,3.0,259.0,290.0,589.0,4,646.0
2.0,4.0,81.0,259.0,290.0,487.0,4,646.0
2.0,4.0,81.0,259.0,290.0,487.0,4,646.0
2.0,4.0,81.0,259.0,487.0,646.0,4,992.0
2.0,4.0,46.0,81.0,259.0,487.0,4,992.0
2.0,4.0,3.0,46.0,259.0,947.0,4,992.0
2.0,17.0,47.0,148.0,149.0,642.0,4,829.0
2.0,17.0,47.0,148.0,635.0,809.0,4,829.0
2.0,17.0,148.0,211.0,489.0,635.0,4,809.0
2.0,17.0,211.0,489.0,635.0,642.0,4,809.0
2.0,17.0,337.0,635.0,642.0,809.0,4,829.0
2.0,17.0,47.0,148.0,149.0,642.0,4,829.0
2.0,17.0,47.0,148.0,635.0,809.0,4,829.0
2.0,17.0,47.0,148.0,635.0,809.0,4,829.0
2.0,17.0,47.0,489.0,635.0,809.0,4,829.0
2.0,17.0,47.0,148.0,489.0,635.0,4,809.0
2.0,27.0,33.0,100.0,688.0,807.0,4,924.0
2.0,27.0,33.0,100.0,359.0,363.0,4,624.0
2.0,27.0,100.0,363.0,807.0,898.0,4,924.0
2.0,27.0,33.0,688.0,807.0,898.0,4,924.0
2.0,27.0,33.0,688.0,807.0,898.0,4,924.0
2.0,27.0,33.0,624.0,807.0,898.0,4,924.0
2.0,27.0,33.0,100.0,624.0,807.0,4,924.0
2.0,27.0,100.0,359.0,363.0,624.0,4,842.0
2.0,27.0,33.0,363.0,624.0,898.0,4,924.0
2.0,27.0,100.0,359.0,363.0,624.0,4,633.0
2.0,29.0,86.0,103.0,456.0,505.0,4,725.0
2.0,29.0,93.0,94.0,103.0,505.0,4,914.0
2.0,29.0,86.0,94.0,283.0,725.0,4,914.0
2.0,29.0,86.0,94.0,103.0,505.0,4,914.0
2.0,29.0,86.0,103.0,456.0,505.0,4,914.0
2.0,29.0,86.0,103.0,505.0,800.0,4,914.0
2.0,29.0,93.0,103.0,505.0,800.0,4,914.0
2.0,29.0,93.0,103.0,505.0,800.0,4,914.0
2.0,27.0,33.0,100.0,363.0,807.0,4,924.0
2.0,27.0,33.0,100.0,359.0,363.0,4,807.0
2.0,27.0,100.0,363.0,633.0,884.0,4,898.0
2.0,27.0,33.0,100.0,363.0,807.0,4,924.0
2.0,27.0,33.0,100.0,363.0,807.0,4,924.0
2.0,27.0,33.0,100.0,363.0,807.0,4,924.0
2.0,33.0,125.0,134.0,445.0,853.0,4,854.0
2.0,33.0,45.0,114.0,125.0,134.0,4,789.0
2.0,33.0,45.0,114.0,601.0,692.0,4,789.0
2.0,33.0,45.0,114.0,601.0,692.0,4,789.0
2.0,33.0,45.0,114.0,125.0,134.0,4,789.0
2.0,33.0,45.0,125.0,134.0,853.0,4,854.0
2.0,33.0,45.0,125.0,134.0,853.0,4,854.0
2.0,33.0,45.0,114.0,601.0,692.0,4,789.0
2.0,33.0,45.0,114.0,134.0,601.0,4,789.0
2.0,27.0,33.0,688.0,807.0,898.0,4,924.0
2.0,27.0,100.0,363.0,688.0,884.0,4,898.0
2.0,27.0,33.0,100.0,363.0,807.0,4,924.0
2.0,27.0,100.0,363.0,633.0,807.0,4,884.0
2.0,27.0,359.0,363.0,633.0,842.0,4,884.0
2.0,27.0,33.0,100.0,688.0,807.0,4,884.0
2.0,27.0,33.0,100.0,363.0,807.0,4,924.0
2.0,27.0,33.0,100.0,363.0,898.0,4,924.0
2.0,27.0,33.0,688.0,807.0,898.0,4,924.0
2.0,27.0,33.0,688.0,807.0,898.0,4,924.0
2.0,27.0,33.0,100.0,363.0,688.0,4,884.0
2.0,27.0,100.0,363.0,807.0,898.0,4,924.0
2.0,24.0,204.0,301.0,463.0,576.0,4,750.0
2.0,24.0,169.0,204.0,463.0,576.0,4,863.0
2.0,24.0,169.0,204.0,494.0,576.0,4,863.0
2.0,24.0,204.0,301.0,463.0,494.0,4,750.0
2.0,24.0,301.0,463.0,576.0,750.0,4,863.0
2.0,24.0,301.0,463.0,576.0,750.0,4,863.0
2.0,24.0,169.0,204.0,301.0,463.0,4,576.0
2.0,24.0,204.0,494.0,576.0,750.0,4,863.0
2.0,18.0,14.0,181.0,448.0,811.0,4,866.0
2.0,18.0,14.0,181.0,191.0,811.0,4,866.0
2.0,18.0,14.0,448.0,719.0,811.0,4,866.0
2.0,18.0,14.0,719.0,811.0,866.0,4,886.0
2.0,18.0,448.0,719.0,811.0,866.0,4,886.0
2.0,18.0,14.0,181.0,579.0,812.0,4,886.0
2.0,18.0,14.0,181.0,719.0,811.0,4,866.0
2.0,18.0,14.0,719.0,811.0,812.0,4,866.0
2.0,27.0,100.0,363.0,624.0,633.0,4,807.0
2.0,27.0,100.0,359.0,363.0,624.0,4,633.0
2.0,27.0,100.0,359.0,363.0,624.0,4,898.0
2.0,27.0,33.0,100.0,363.0,624.0,4,807.0
2.0,27.0,33.0,100.0,363.0,624.0,4,688.0
2.0,27.0,33.0,688.0,807.0,898.0,4,924.0
2.0,27.0,33.0,688.0,807.0,898.0,4,924.0
2.0,27.0,100.0,363.0,624.0,884.0,4,898.0
2.0,27.0,33.0,688.0,807.0,842.0,4,924.0
2.0,27.0,33.0,688.0,807.0,898.0,4,924.0
2.0,27.0,100.0,688.0,807.0,898.0,4,924.0
2.0,7.0,263.0,277.0,325.0,396.0,4,451.0
2.0,7.0,263.0,277.0,325.0,451.0,4,455.0
2.0,7.0,277.0,325.0,396.0,455.0,4,903.0
2.0,7.0,106.0,246.0,396.0,455.0,4,903.0
2.0,7.0,106.0,246.0,396.0,455.0,4,903.0
2.0,7.0,246.0,277.0,451.0,455.0,4,903.0
2.0,7.0,263.0,277.0,325.0,451.0,4,455.0
2.0,7.0,277.0,396.0,451.0,455.0,4,903.0
2.0,7.0,277.0,396.0,451.0,455.0,4,903.0
2.0,7.0,106.0,263.0,396.0,455.0,4,903.0
2.0,27.0,33.0,100.0,359.0,624.0,4,688.0
2.0,27.0,100.0,624.0,688.0,898.0,4,924.0
2.0,27.0,100.0,624.0,688.0,898.0,4,924.0
2.0,27.0,33.0,363.0,807.0,898.0,4,924.0
2.0,27.0,33.0,363.0,807.0,898.0,4,924.0
2.0,27.0,100.0,359.0,624.0,688.0,4,842.0
2.0,27.0,33.0,100.0,624.0,688.0,4,924.0
2.0,27.0,33.0,363.0,807.0,898.0,4,924.0
2.0,27.0,100.0,624.0,688.0,807.0,4,898.0
2.0,27.0,33.0,363.0,807.0,898.0,4,924.0
2.0,27.0,33.0,100.0,363.0,807.0,4,924.0
2.0,27.0,33.0,100.0,363.0,624.0,4,807.0
2.0,27.0,100.0,624.0,688.0,807.0,4,898.0
2.0,14.0,48.0,254.0,592.0,644.0,4,786.0
2.0,14.0,48.0,254.0,592.0,609.0,4,644.0
2.0,14.0,518.0,609.0,786.0,877.0,4,974.0
2.0,14.0,518.0,609.0,786.0,877.0,4,974.0
2.0,14.0,48.0,254.0,592.0,644.0,4,786.0
2.0,14.0,48.0,254.0,592.0,609.0,4,974.0
2.0,14.0,48.0,518.0,592.0,609.0,4,974.0
2.0,27.0,33.0,453.0,688.0,842.0,4,924.0
2.0,27.0,363.0,439.0,453.0,624.0,4,633.0
2.0,27.0,33.0,363.0,453.0,633.0,4,924.0
2.0,27.0,33.0,363.0,688.0,842.0,4,924.0
2.0,27.0,33.0,453.0,633.0,688.0,4,924.0
2.0,27.0,33.0,453.0,624.0,633.0,4,924.0
2.0,27.0,33.0,363.0,688.0,842.0,4,924.0
2.0,27.0,33.0,363.0,688.0,842.0,4,924.0
2.0,27.0,33.0,363.0,453.0,633.0,4,924.0
2.0,27.0,363.0,453.0,624.0,633.0,4,688.0
2.0,27.0,33.0,363.0,453.0,898.0,4,924.0
2.0,27.0,33.0,363.0,453.0,898.0,4,924.0
2.0,27.0,33.0,363.0,453.0,688.0,4,924.0
2.0,27.0,33.0,453.0,624.0,688.0,4,898.0
2.0,27.0,453.0,624.0,633.0,688.0,4,898.0
2.0,27.0,624.0,633.0,688.0,898.0,4,924.0
2.0,27.0,33.0,363.0,688.0,898.0,4,924.0
2.0,27.0,33.0,363.0,453.0,688.0,4,924.0
2.0,27.0,33.0,363.0,453.0,688.0,4,924.0
2.0,27.0,33.0,363.0,624.0,898.0,4,924.0
2.0,27.0,33.0,363.0,453.0,898.0,4,924.0
2.0,28.0,110.0,367.0,608.0,754.0,4,922.0
2.0,28.0,110.0,497.0,608.0,754.0,4,922.0
2.0,28.0,110.0,497.0,608.0,922.0,4,971.0
2.0,28.0,387.0,497.0,859.0,890.0,4,971.0
2.0,28.0,110.0,367.0,608.0,859.0,4,922.0
2.0,28.0,110.0,497.0,608.0,859.0,4,922.0
2.0,28.0,110.0,497.0,608.0,859.0,4,922.0
2.0,28.0,110.0,497.0,608.0,754.0,4,922.0
2.0,28.0,110.0,497.0,608.0,754.0,4,922.0
2.0,28.0,110.0,497.0,608.0,922.0,4,971.0
2.0,28.0,110.0,367.0,608.0,859.0,4,971.0
2.0,28.0,110.0,367.0,608.0,922.0,4,971.0
2.0,27.0,33.0,363.0,453.0,898.0,4,924.0
2.0,27.0,33.0,453.0,688.0,842.0,4,924.0
2.0,27.0,453.0,624.0,633.0,688.0,4,898.0
2.0,27.0,363.0,624.0,688.0,898.0,4,924.0
2.0,27.0,33.0,363.0,453.0,898.0,4,924.0
2.0,27.0,33.0,363.0,453.0,898.0,4,924.0
2.0,27.0,33.0,363.0,453.0,898.0,4,924.0
2.0,27.0,33.0,363.0,453.0,898.0,4,924.0
2.0,27.0,33.0,363.0,453.0,898.0,4,924.0
2.0,27.0,33.0,453.0,688.0,842.0,4,924.0
2.0,27.0,33.0,363.0,453.0,898.0,4,924.0
2.0,27.0,33.0,363.0,453.0,842.0,4,924.0
2.0,27.0,33.0,453.0,688.0,898.0,4,924.0
2.0,24.0,262.0,463.0,576.0,841.0,4,863.0
2.0,24.0,262.0,463.0,576.0,750.0,4,863.0
2.0,24.0,169.0,301.0,463.0,605.0,4,841.0
2.0,24.0,169.0,301.0,463.0,605.0,4,841.0
2.0,24.0,262.0,463.0,501.0,576.0,4,863.0
2.0,24.0,262.0,463.0,576.0,841.0,4,863.0
2.0,15.0,229.0,602.0,659.0,764.0,4,860.0
2.0,15.0,229.0,373.0,714.0,803.0,4,860.0
2.0,15.0,373.0,659.0,714.0,764.0,4,803.0
2.0,15.0,373.0,602.0,659.0,764.0,4,803.0
2.0,15.0,373.0,602.0,659.0,764.0,4,860.0
2.0,15.0,373.0,602.0,659.0,764.0,4,860.0
2.0,15.0,373.0,602.0,659.0,803.0,4,860.0
2.0,15.0,365.0,375.0,714.0,803.0,4,860.0
2.0,15.0,373.0,659.0,714.0,764.0,4,803.0
2.0,15.0,373.0,602.0,659.0,764.0,4,860.0
2.0,27.0,33.0,363.0,453.0,898.0,4,924.0
2.0,27.0,33.0,363.0,453.0,633.0,4,924.0
2.0,27.0,33.0,453.0,624.0,633.0,4,688.0
2.0,27.0,33.0,453.0,688.0,898.0,4,924.0
2.0,27.0,33.0,453.0,633.0,688.0,4,924.0
2.0,27.0,453.0,624.0,633.0,688.0,4,898.0
2.0,27.0,33.0,363.0,453.0,633.0,4,924.0
2.0,27.0,33.0,453.0,633.0,688.0,4,924.0
2.0,27.0,439.0,624.0,633.0,688.0,4,924.0
2.0,27.0,33.0,363.0,453.0,688.0,4,924.0
2.0,27.0,33.0,363.0,453.0,688.0,4,924.0
2.0,27.0,33.0,363.0,453.0,633.0,4,924.0
2.0,27.0,33.0,363.0,453.0,633.0,4,924.0
2.0,27.0,33.0,453.0,624.0,688.0,4,924.0
2.0,27.0,33.0,453.0,624.0,688.0,4,924.0
2.0,27.0,33.0,363.0,624.0,688.0,4,924.0
2.0,27.0,33.0,363.0,624.0,688.0,4,924.0
2.0,27.0,453.0,624.0,633.0,688.0,4,842.0
2.0,27.0,33.0,624.0,688.0,898.0,4,924.0
2.0,27.0,33.0,363.0,453.0,898.0,4,924.0
2.0,27.0,33.0,363.0,453.0,898.0,4,924.0
2.0,27.0,33.0,363.0,453.0,898.0,4,924.0
2.0,27.0,33.0,363.0,453.0,633.0,4,924.0
2.0,27.0,33.0,453.0,624.0,633.0,4,688.0
2.0,27.0,33.0,453.0,624.0,633.0,4,688.0
2.0,13.0,15.0,119.0,340.0,665.0,4,673.0
2.0,13.0,15.0,320.0,340.0,665.0,4,925.0
2.0,13.0,238.0,320.0,340.0,673.0,4,925.0
2.0,13.0,15.0,119.0,320.0,340.0,4,665.0
2.0,13.0,119.0,320.0,340.0,665.0,4,673.0
2.0,13.0,15.0,340.0,665.0,673.0,4,925.0
2.0,13.0,15.0,119.0,340.0,665.0,4,925.0
2.0,13.0,15.0,119.0,320.0,340.0,4,665.0
2.0,27.0,33.0,363.0,453.0,898.0,4,924.0
2.0,27.0,33.0,363.0,453.0,898.0,4,924.0
2.0,27.0,33.0,363.0,688.0,898.0,4,924.0
2.0,27.0,33.0,439.0,624.0,633.0,4,688.0
2.0,27.0,33.0,363.0,453.0,898.0,4,924.0
2.0,27.0,363.0,453.0,633.0,898.0,4,924.0
2.0,27.0,363.0,624.0,688.0,898.0,4,924.0
2.0,27.0,33.0,363.0,453.0,624.0,4,688.0
2.0,27.0,33.0,624.0,688.0,898.0,4,924.0
2.0,8.0,57.0,151.0,153.0,575.0,4,627.0
2.0,8.0,57.0,201.0,400.0,627.0,4,747.0
2.0,8.0,57.0,151.0,575.0,627.0,4,747.0
2.0,8.0,151.0,201.0,575.0,627.0,4,747.0
2.0,8.0,151.0,201.0,400.0,575.0,4,747.0
2.0,8.0,57.0,151.0,153.0,575.0,4,627.0
2.0,8.0,57.0,153.0,400.0,627.0,4,747.0
2.0,8.0,151.0,153.0,400.0,627.0,4,747.0
2.0,8.0,151.0,400.0,575.0,627.0,4,747.0
2.0,27.0,33.0,453.0,688.0,898.0,4,924.0
2.0,27.0,33.0,453.0,624.0,633.0,4,688.0
2.0,27.0,20.0,624.0,633.0,688.0,4,898.0
2.0,27.0,33.0,453.0,633.0,688.0,4,924.0
2.0,27.0,33.0,363.0,453.0,688.0,4,924.0
2.0,27.0,33.0,363.0,453.0,688.0,4,924.0
2.0,32.0,44.0,61.0,155.0,420.0,4,499.0
2.0,32.0,155.0,420.0,499.0,595.0,4,849.0
2.0,32.0,44.0,61.0,413.0,420.0,4,849.0
2.0,32.0,44.0,61.0,413.0,499.0,4,849.0
2.0,32.0,44.0,61.0,155.0,420.0,4,499.0
2.0,32.0,44.0,61.0,155.0,420.0,4,1022.0
2.0,32.0,44.0,61.0,155.0,420.0,4,499.0
2.0,32.0,44.0,420.0,499.0,595.0,4,849.0
2.0,32.0,61.0,155.0,420.0,595.0,4,849.0
2.0,32.0,61.0,155.0,420.0,595.0,4,849.0
2.0,32.0,44.0,61.0,155.0,499.0,4,849.0
2.0,32.0,44.0,61.0,420.0,499.0,4,849.0
2.0,1.0,118.0,577.0,790.0,808.0,4,820.0
2.0,1.0,356.0,577.0,790.0,808.0,4,820.0
2.0,1.0,356.0,625.0,790.0,808.0,4,820.0
2.0,1.0,118.0,305.0,356.0,625.0,4,790.0
2.0,1.0,118.0,305.0,356.0,625.0,4,790.0
2.0,1.0,118.0,305.0,356.0,625.0,4,820.0
2.0,1.0,356.0,577.0,790.0,808.0,4,820.0
2.0,1.0,356.0,625.0,790.0,808.0,4,820.0
2.0,1.0,118.0,577.0,790.0,808.0,4,820.0
2.0,1.0,118.0,305.0,342.0,356.0,4,625.0
2.0,23.0,12.0,158.0,234.0,740.0,4,1027.0
2.0,23.0,12.0,215.0,234.0,740.0,4,956.0
2.0,23.0,12.0,215.0,740.0,798.0,4,956.0
2.0,23.0,12.0,215.0,740.0,798.0,4,1027.0
2.0,23.0,12.0,158.0,215.0,740.0,4,1027.0
2.0,23.0,158.0,215.0,234.0,740.0,4,1027.0
2.0,23.0,12.0,158.0,234.0,440.0,4,798.0
2.0,23.0,12.0,158.0,234.0,740.0,4,798.0
2.0,23.0,12.0,158.0,234.0,740.0,4,798.0
2.0,23.0,12.0,158.0,215.0,740.0,4,956.0
2.0,23.0,12.0,158.0,234.0,740.0,4,956.0
2.0,0.0,493.0,535.0,686.0,713.0,4,910.0
2.0,0.0,493.0,535.0,695.0,851.0,4,910.0
2.0,0.0,493.0,686.0,695.0,851.0,4,910.0
2.0,0.0,493.0,535.0,695.0,851.0,4,1037.0
2.0,0.0,493.0,535.0,686.0,810.0,4,851.0
2.0,0.0,493.0,535.0,695.0,713.0,4,851.0
2.0,0.0,493.0,535.0,695.0,851.0,4,910.0
2.0,0.0,493.0,535.0,695.0,851.0,4,910.0
2.0,0.0,493.0,535.0,686.0,851.0,4,910.0
2.0,34.0,36.0,55.0,137.0,278.0,4,718.0
2.0,34.0,36.0,55.0,137.0,718.0,4,753.0
2.0,34.0,137.0,224.0,278.0,404.0,4,458.0
2.0,34.0,36.0,55.0,137.0,224.0,4,458.0
2.0,34.0,36.0,55.0,137.0,278.0,4,718.0
2.0,34.0,36.0,55.0,137.0,278.0,4,718.0
2.0,34.0,55.0,137.0,404.0,458.0,4,718.0
2.0,27.0,33.0,363.0,453.0,633.0,4,924.0
2.0,27.0,33.0,363.0,624.0,633.0,4,924.0
2.0,27.0,439.0,624.0,633.0,688.0,4,898.0
2.0,27.0,33.0,363.0,453.0,898.0,4,924.0
2.0,27.0,33.0,363.0,453.0,898.0,4,924.0
2.0,27.0,33.0,363.0,453.0,898.0,4,924.0
2.0,27.0,33.0,363.0,624.0,898.0,4,924.0
2.0,27.0,33.0,363.0,624.0,688.0,4,924.0
2.0,27.0,33.0,363.0,624.0,898.0,4,924.0
2.0,27.0,33.0,363.0,453.0,898.0,4,924.0
2.0,27.0,33.0,363.0,624.0,898.0,4,924.0
2.0,27.0,33.0,363.0,624.0,898.0,4,924.0
2.0,27.0,33.0,363.0,624.0,898.0,4,924.0
2.0,27.0,33.0,363.0,453.0,898.0,4,924.0
2.0,27.0,33.0,453.0,624.0,688.0,4,898.0
2.0,27.0,33.0,363.0,624.0,688.0,4,898.0
2.0,27.0,33.0,363.0,453.0,624.0,4,924.0
2.0,27.0,33.0,363.0,453.0,898.0,4,924.0
2.0,27.0,33.0,363.0,453.0,633.0,4,924.0
2.0,27.0,33.0,363.0,453.0,633.0,4,924.0
2.0,27.0,20.0,33.0,624.0,688.0,4,898.0
2.0,27.0,453.0,624.0,633.0,688.0,4,898.0
2.0,27.0,33.0,453.0,624.0,633.0,4,688.0
2.0,27.0,33.0,453.0,633.0,688.0,4,924.0
2.0,27.0,33.0,363.0,453.0,898.0,4,924.0
2.0,27.0,33.0,363.0,453.0,624.0,4,633.0
2.0,27.0,20.0,359.0,439.0,688.0,4,842.0
2.0,10.0,52.0,418.0,564.0,731.0,4,920.0
2.0,10.0,52.0,418.0,564.0,731.0,4,920.0
2.0,10.0,52.0,182.0,564.0,731.0,4,920.0
2.0,10.0,182.0,418.0,564.0,855.0,4,920.0
2.0,10.0,52.0,182.0,418.0,731.0,4,920.0
2.0,10.0,52.0,418.0,564.0,731.0,4,920.0
2.0,10.0,52.0,418.0,564.0,731.0,4,920.0
2.0,10.0,52.0,182.0,418.0,731.0,4,920.0
2.0,10.0,52.0,126.0,182.0,418.0,4,920.0
2.0,10.0,126.0,182.0,418.0,855.0,4,920.0
2.0,27.0,33.0,363.0,453.0,898.0,4,924.0
2.0,27.0,33.0,363.0,453.0,633.0,4,924.0
2.0,27.0,33.0,363.0,453.0,633.0,4,924.0
2.0,27.0,33.0,363.0,453.0,688.0,4,924.0
2.0,27.0,363.0,624.0,688.0,898.0,4,924.0
2.0,27.0,33.0,363.0,453.0,898.0,4,924.0
2.0,27.0,33.0,363.0,453.0,898.0,4,924.0
2.0,9.0,29.0,68.0,452.0,845.0,4,941.0
2.0,9.0,29.0,68.0,452.0,828.0,4,845.0
2.0,9.0,29.0,68.0,452.0,828.0,4,941.0
2.0,9.0,29.0,68.0,815.0,828.0,4,941.0
2.0,9.0,29.0,599.0,815.0,845.0,4,941.0
2.0,9.0,29.0,68.0,74.0,815.0,4,828.0
2.0,9.0,29.0,34.0,68.0,828.0,4,941.0
2.0,9.0,29.0,68.0,828.0,845.0,4,941.0
2.0,9.0,29.0,68.0,815.0,828.0,4,941.0
2.0,26.0,40.0,41.0,874.0,948.0,4,1024.0
2.0,26.0,40.0,634.0,824.0,857.0,4,948.0
2.0,26.0,40.0,634.0,684.0,824.0,4,857.0
2.0,26.0,40.0,634.0,684.0,857.0,4,874.0
2.0,26.0,40.0,41.0,874.0,948.0,4,1024.0
2.0,26.0,40.0,41.0,874.0,948.0,4,1024.0
2.0,26.0,40.0,634.0,684.0,824.0,4,857.0
2.0,26.0,284.0,556.0,634.0,684.0,4,857.0
2.0,6.0,85.0,623.0,730.0,1010.0,4,1039.0
2.0,6.0,35.0,623.0,730.0,1010.0,4,1039.0
2.0,6.0,35.0,213.0,623.0,730.0,4,1010.0
2.0,6.0,35.0,213.0,730.0,977.0,4,1039.0
2.0,6.0,35.0,85.0,213.0,730.0,4,1010.0
2.0,6.0,85.0,213.0,623.0,730.0,4,1039.0
2.0,6.0,85.0,213.0,227.0,623.0,4,730.0
2.0,6.0,213.0,227.0,397.0,623.0,4,730.0
2.0,6.0,35.0,213.0,397.0,623.0,4,730.0
2.0,6.0,35.0,213.0,397.0,623.0,4,730.0
2.0,6.0,35.0,213.0,730.0,1010.0,4,1039.0
2.0,6.0,35.0,85.0,213.0,623.0,4,730.0
2.0,27.0,33.0,363.0,624.0,898.0,4,924.0
2.0,27.0,20.0,33.0,359.0,688.0,4,898.0
2.0,27.0,33.0,363.0,624.0,898.0,4,924.0
2.0,27.0,33.0,363.0,624.0,898.0,4,924.0
2.0,27.0,33.0,363.0,624.0,688.0,4,924.0
2.0,27.0,363.0,624.0,633.0,688.0,4,924.0
2.0,27.0,33.0,363.0,624.0,898.0,4,924.0
2.0,27.0,33.0,363.0,624.0,898.0,4,924.0
2.0,27.0,33.0,359.0,439.0,624.0,4,688.0
2.0,27.0,33.0,359.0,439.0,624.0,4,688.0
2.0,27.0,20.0,359.0,439.0,633.0,4,842.0
2.0,27.0,20.0,359.0,439.0,633.0,4,842.0
2.0,13.0,15.0,320.0,340.0,673.0,4,925.0
2.0,13.0,15.0,320.0,340.0,673.0,4,925.0
2.0,13.0,15.0,238.0,340.0,673.0,4,925.0
2.0,13.0,15.0,80.0,238.0,320.0,4,832.0
2.0,13.0,15.0,80.0,238.0,340.0,4,832.0
2.0,13.0,15.0,80.0,238.0,340.0,4,832.0
2.0,13.0,80.0,320.0,340.0,673.0,4,925.0
2.0,27.0,363.0,453.0,624.0,898.0,4,924.0
2.0,27.0,453.0,624.0,688.0,898.0,4,924.0
2.0,27.0,453.0,624.0,633.0,688.0,4,924.0
2.0,27.0,359.0,363.0,624.0,633.0,4,688.0
2.0,27.0,359.0,363.0,453.0,688.0,4,898.0
2.0,27.0,363.0,453.0,624.0,898.0,4,924.0
2.0,27.0,439.0,453.0,624.0,633.0,4,924.0
2.0,27.0,439.0,453.0,624.0,633.0,4,924.0
2.0,27.0,359.0,439.0,453.0,688.0,4,898.0
2.0,27.0,453.0,624.0,688.0,898.0,4,924.0
2.0,27.0,359.0,439.0,453.0,624.0,4,842.0
2.0,27.0,363.0,453.0,624.0,898.0,4,924.0
2.0,27.0,359.0,363.0,439.0,633.0,4,688.0
2.0,27.0,359.0,439.0,453.0,688.0,4,898.0
2.0,27.0,363.0,439.0,624.0,898.0,4,924.0
2.0,27.0,439.0,624.0,633.0,688.0,4,924.0
2.0,27.0,359.0,439.0,624.0,633.0,4,688.0
2.0,27.0,439.0,453.0,624.0,688.0,4,924.0
2.0,27.0,359.0,439.0,624.0,633.0,4,688.0
2.0,27.0,359.0,439.0,624.0,633.0,4,688.0
2.0,27.0,359.0,439.0,453.0,633.0,4,688.0
2.0,27.0,363.0,453.0,624.0,898.0,4,924.0
2.0,27.0,363.0,439.0,624.0,688.0,4,898.0
2.0,27.0,363.0,453.0,624.0,688.0,4,898.0
2.0,14.0,254.0,592.0,609.0,644.0,4,786.0
2.0,14.0,254.0,592.0,609.0,644.0,4,786.0
2.0,14.0,254.0,592.0,609.0,644.0,4,786.0
2.0,14.0,254.0,592.0,609.0,644.0,4,786.0
2.0,14.0,518.0,592.0,609.0,786.0,4,974.0
2.0,14.0,518.0,592.0,609.0,786.0,4,974.0
2.0,14.0,272.0,518.0,532.0,877.0,4,974.0
2.0,14.0,272.0,518.0,532.0,877.0,4,974.0
2.0,14.0,254.0,592.0,609.0,644.0,4,786.0
2.0,14.0,254.0,592.0,609.0,644.0,4,786.0
2.0,14.0,518.0,592.0,609.0,644.0,4,786.0
2.0,14.0,518.0,532.0,609.0,877.0,4,974.0
2.0,14.0,518.0,532.0,786.0,877.0,4,974.0
2.0,14.0,7.0,532.0,877.0,897.0,4,974.0
2.0,27.0,363.0,453.0,624.0,633.0,4,688.0
2.0,27.0,363.0,453.0,624.0,688.0,4,898.0
2.0,27.0,20.0,439.0,624.0,688.0,4,898.0
2.0,27.0,363.0,453.0,624.0,688.0,4,898.0
2.0,27.0,363.0,439.0,624.0,633.0,4,898.0
2.0,27.0,363.0,439.0,624.0,633.0,4,688.0
2.0,27.0,359.0,439.0,453.0,633.0,4,688.0
2.0,27.0,359.0,453.0,633.0,688.0,4,898.0
2.0,27.0,363.0,453.0,624.0,633.0,4,898.0
2.0,27.0,20.0,359.0,439.0,633.0,4,842.0
2.0,27.0,363.0,453.0,624.0,633.0,4,688.0
2.0,27.0,439.0,624.0,633.0,688.0,4,898.0
2.0,27.0,363.0,439.0,453.0,624.0,4,633.0
2.0,27.0,363.0,453.0,624.0,688.0,4,898.0
2.0,27.0,363.0,624.0,633.0,688.0,4,898.0
2.0,27.0,363.0,624.0,633.0,688.0,4,898.0
2.0,27.0,439.0,624.0,633.0,688.0,4,842.0
2.0,27.0,363.0,453.0,624.0,688.0,4,898.0
2.0,25.0,188.0,294.0,711.0,806.0,4,814.0
2.0,25.0,59.0,380.0,662.0,711.0,4,814.0
2.0,25.0,59.0,380.0,398.0,662.0,4,711.0
2.0,25.0,188.0,380.0,662.0,806.0,4,814.0
2.0,25.0,188.0,380.0,662.0,806.0,4,814.0
2.0,25.0,188.0,294.0,380.0,806.0,4,814.0
2.0,25.0,59.0,188.0,294.0,711.0,4,814.0
2.0,25.0,59.0,380.0,662.0,711.0,4,814.0
2.0,25.0,59.0,294.0,380.0,398.0,4,711.0
2.0,25.0,294.0,380.0,398.0,806.0,4,814.0
2.0,25.0,188.0,294.0,380.0,806.0,4,814.0
2.0,25.0,188.0,294.0,380.0,806.0,4,814.0
2.0,16.0,296.0,420.0,477.0,674.0,4,996.0
2.0,16.0,200.0,296.0,420.0,702.0,4,996.0
2.0,16.0,200.0,296.0,420.0,702.0,4,996.0
2.0,16.0,200.0,427.0,495.0,674.0,4,702.0
2.0,16.0,200.0,427.0,495.0,674.0,4,702.0
2.0,16.0,200.0,296.0,477.0,674.0,4,702.0
2.0,16.0,200.0,296.0,674.0,702.0,4,996.0
2.0,16.0,200.0,296.0,420.0,477.0,4,996.0
2.0,16.0,200.0,296.0,420.0,477.0,4,996.0
2.0,16.0,200.0,296.0,420.0,702.0,4,996.0
2.0,16.0,200.0,427.0,477.0,674.0,4,702.0
2.0,16.0,200.0,296.0,477.0,674.0,4,702.0
2.0,16.0,200.0,296.0,495.0,674.0,4,702.0
2.0,16.0,200.0,296.0,420.0,702.0,4,996.0
2.0,11.0,1.0,638.0,700.0,895.0,4,1031.0
2.0,11.0,602.0,638.0,700.0,895.0,4,1031.0
2.0,11.0,1.0,132.0,602.0,895.0,4,1031.0
2.0,11.0,1.0,602.0,638.0,700.0,4,1031.0
2.0,11.0,132.0,602.0,638.0,700.0,4,1008.0
2.0,30.0,121.0,689.0,705.0,953.0,4,963.0
2.0,30.0,121.0,689.0,705.0,953.0,4,963.0
2.0,30.0,121.0,389.0,598.0,689.0,4,847.0
2.0,30.0,121.0,389.0,705.0,953.0,4,963.0
2.0,30.0,121.0,389.0,847.0,953.0,4,963.0
2.0,30.0,121.0,389.0,598.0,689.0,4,847.0
2.0,30.0,350.0,598.0,705.0,847.0,4,963.0
2.0,30.0,350.0,598.0,705.0,847.0,4,963.0
2.0,30.0,350.0,705.0,847.0,953.0,4,963.0
2.0,27.0,363.0,453.0,688.0,898.0,4,924.0
2.0,27.0,363.0,453.0,688.0,898.0,4,924.0
2.0,27.0,453.0,624.0,633.0,688.0,4,924.0
2.0,27.0,363.0,453.0,624.0,688.0,4,924.0
2.0,27.0,363.0,624.0,633.0,688.0,4,924.0
2.0,27.0,359.0,439.0,624.0,898.0,4,930.0
2.0,27.0,359.0,363.0,624.0,688.0,4,842.0
2.0,27.0,363.0,453.0,688.0,842.0,4,924.0
2.0,27.0,363.0,453.0,688.0,842.0,4,924.0
2.0,27.0,363.0,453.0,688.0,898.0,4,924.0
2.0,27.0,359.0,363.0,624.0,633.0,4,688.0
2.0,27.0,363.0,453.0,688.0,898.0,4,924.0
2.0,27.0,20.0,359.0,439.0,624.0,4,898.0
2.0,27.0,20.0,359.0,439.0,624.0,4,898.0
2.0,27.0,363.0,453.0,688.0,842.0,4,924.0
2.0,27.0,363.0,453.0,688.0,898.0,4,924.0
2.0,27.0,363.0,439.0,624.0,898.0,4,924.0
2.0,27.0,363.0,439.0,624.0,898.0,4,924.0
2.0,27.0,363.0,439.0,624.0,898.0,4,924.0
2.0,10.0,105.0,418.0,731.0,855.0,4,920.0
2.0,10.0,62.0,105.0,418.0,731.0,4,920.0
2.0,10.0,60.0,105.0,182.0,564.0,4,731.0
2.0,10.0,60.0,182.0,564.0,731.0,4,855.0
2.0,10.0,60.0,182.0,418.0,564.0,4,855.0
2.0,10.0,62.0,182.0,418.0,564.0,4,731.0
2.0,10.0,60.0,182.0,418.0,731.0,4,855.0
2.0,10.0,60.0,62.0,126.0,479.0,4,835.0
2.0,27.0,20.0,359.0,439.0,688.0,4,898.0
2.0,27.0,20.0,359.0,439.0,688.0,4,898.0
2.0,27.0,20.0,359.0,439.0,688.0,4,898.0
2.0,27.0,20.0,359.0,439.0,688.0,4,898.0
2.0,27.0,363.0,453.0,688.0,842.0,4,924.0
2.0,27.0,439.0,453.0,688.0,898.0,4,924.0
2.0,27.0,363.0,453.0,688.0,898.0,4,924.0
2.0,27.0,363.0,453.0,688.0,898.0,4,924.0
2.0,27.0,363.0,453.0,688.0,898.0,4,924.0
2.0,27.0,439.0,453.0,688.0,898.0,4,924.0
2.0,27.0,439.0,453.0,688.0,898.0,4,924.0
2.0,27.0,439.0,453.0,633.0,688.0,4,924.0
2.0,27.0,363.0,453.0,688.0,898.0,4,924.0
2.0,27.0,363.0,439.0,453.0,688.0,4,924.0
2.0,27.0,439.0,453.0,633.0,924.0,4,930.0
2.0,27.0,359.0,439.0,453.0,633.0,4,930.0
2.0,27.0,359.0,439.0,453.0,633.0,4,930.0
2.0,27.0,20.0,359.0,439.0,842.0,4,930.0
2.0,27.0,20.0,359.0,439.0,842.0,4,930.0
2.0,27.0,363.0,453.0,688.0,898.0,4,924.0
2.0,27.0,363.0,453.0,688.0,898.0,4,924.0
2.0,27.0,363.0,453.0,633.0,688.0,4,924.0
2.0,27.0,359.0,439.0,453.0,633.0,4,930.0
2.0,27.0,20.0,359.0,439.0,633.0,4,930.0
2.0,27.0,363.0,453.0,688.0,842.0,4,924.0
2.0,27.0,363.0,439.0,453.0,633.0,4,924.0
2.0,27.0,363.0,439.0,453.0,633.0,4,924.0
2.0,27.0,359.0,363.0,439.0,453.0,4,633.0
2.0,27.0,359.0,439.0,453.0,633.0,4,688.0
2.0,27.0,363.0,453.0,633.0,688.0,4,924.0
2.0,27.0,359.0,439.0,453.0,633.0,4,898.0
2.0,27.0,20.0,359.0,439.0,633.0,4,898.0
2.0,27.0,363.0,453.0,688.0,898.0,4,924.0
2.0,27.0,363.0,453.0,633.0,924.0,4,930.0
2.0,27.0,359.0,363.0,439.0,633.0,4,930.0
2.0,27.0,363.0,453.0,688.0,898.0,4,924.0
2.0,28.0,110.0,497.0,608.0,754.0,4,922.0
2.0,28.0,367.0,608.0,859.0,890.0,4,971.0
2.0,28.0,110.0,367.0,859.0,890.0,4,971.0
2.0,28.0,110.0,497.0,608.0,859.0,4,922.0
2.0,28.0,110.0,497.0,608.0,754.0,4,922.0
2.0,28.0,110.0,497.0,608.0,754.0,4,922.0
2.0,28.0,110.0,367.0,608.0,754.0,4,922.0
2.0,28.0,110.0,367.0,608.0,922.0,4,971.0
2.0,28.0,497.0,608.0,859.0,890.0,4,971.0
2.0,28.0,110.0,497.0,859.0,922.0,4,971.0
2.0,28.0,110.0,367.0,608.0,922.0,4,971.0
2.0,33.0,125.0,134.0,255.0,698.0,4,853.0
2.0,33.0,45.0,114.0,134.0,692.0,4,789.0
2.0,33.0,45.0,255.0,692.0,698.0,4,853.0
2.0,33.0,45.0,255.0,601.0,698.0,4,853.0
2.0,33.0,45.0,125.0,255.0,601.0,4,698.0
2.0,33.0,125.0,134.0,255.0,698.0,4,853.0
2.0,33.0,125.0,134.0,255.0,698.0,4,853.0
2.0,33.0,45.0,134.0,255.0,601.0,4,692.0
2.0,33.0,45.0,134.0,255.0,698.0,4,853.0
2.0,33.0,45.0,255.0,698.0,789.0,4,853.0
2.0,29.0,46.0,86.0,456.0,580.0,4,914.0
2.0,29.0,46.0,94.0,456.0,580.0,4,914.0
2.0,29.0,46.0,94.0,338.0,812.0,4,914.0
2.0,29.0,46.0,94.0,338.0,456.0,4,812.0
2.0,29.0,46.0,86.0,338.0,456.0,4,580.0
2.0,29.0,86.0,129.0,338.0,580.0,4,812.0
2.0,29.0,46.0,86.0,456.0,580.0,4,914.0
2.0,29.0,46.0,86.0,456.0,580.0,4,914.0
2.0,29.0,46.0,94.0,338.0,456.0,4,812.0
2.0,29.0,46.0,94.0,338.0,812.0,4,914.0
2.0,29.0,86.0,456.0,580.0,812.0,4,914.0
2.0,27.0,363.0,453.0,688.0,898.0,4,924.0
2.0,27.0,363.0,453.0,688.0,842.0,4,924.0
2.0,27.0,359.0,439.0,453.0,688.0,4,898.0
2.0,27.0,363.0,453.0,633.0,898.0,4,924.0
2.0,27.0,363.0,453.0,633.0,898.0,4,924.0
2.0,27.0,359.0,363.0,439.0,633.0,4,688.0
2.0,27.0,363.0,439.0,633.0,688.0,4,924.0
2.0,27.0,363.0,453.0,688.0,898.0,4,924.0
2.0,27.0,363.0,624.0,688.0,898.0,4,924.0
2.0,27.0,439.0,624.0,688.0,842.0,4,924.0
2.0,27.0,359.0,363.0,439.0,633.0,4,898.0
2.0,27.0,439.0,453.0,688.0,898.0,4,924.0
2.0,27.0,363.0,453.0,688.0,898.0,4,924.0
2.0,27.0,363.0,453.0,688.0,898.0,4,924.0
2.0,27.0,359.0,439.0,624.0,633.0,4,842.0
2.0,27.0,359.0,439.0,624.0,633.0,4,842.0
2.0,27.0,359.0,439.0,624.0,633.0,4,842.0
2.0,27.0,20.0,359.0,439.0,633.0,4,842.0
2.0,7.0,277.0,325.0,396.0,451.0,4,530.0
2.0,7.0,277.0,396.0,451.0,530.0,4,867.0
2.0,7.0,277.0,451.0,455.0,530.0,4,867.0
2.0,7.0,106.0,277.0,451.0,455.0,4,530.0
2.0,7.0,66.0,106.0,277.0,451.0,4,455.0
2.0,7.0,106.0,396.0,432.0,451.0,4,455.0
2.0,7.0,106.0,396.0,432.0,451.0,4,455.0
2.0,7.0,106.0,432.0,451.0,455.0,4,530.0
2.0,7.0,106.0,432.0,451.0,455.0,4,530.0
2.0,7.0,106.0,277.0,451.0,455.0,4,530.0
2.0,7.0,106.0,277.0,451.0,455.0,4,530.0
2.0,7.0,277.0,325.0,396.0,451.0,4,530.0
2.0,7.0,277.0,396.0,451.0,530.0,4,867.0
2.0,7.0,277.0,396.0,451.0,530.0,4,867.0
2.0,7.0,106.0,277.0,396.0,455.0,4,530.0
2.0,7.0,66.0,106.0,396.0,432.0,4,455.0
2.0,7.0,66.0,106.0,396.0,432.0,4,690.0
2.0,15.0,229.0,659.0,714.0,764.0,4,860.0
2.0,15.0,373.0,659.0,714.0,764.0,4,860.0
2.0,15.0,373.0,659.0,714.0,764.0,4,860.0
2.0,15.0,226.0,365.0,373.0,681.0,4,860.0
2.0,15.0,226.0,365.0,373.0,681.0,4,860.0
2.0,15.0,229.0,365.0,373.0,714.0,4,860.0
2.0,15.0,229.0,659.0,714.0,764.0,4,860.0
2.0,15.0,229.0,659.0,714.0,764.0,4,860.0
2.0,15.0,226.0,373.0,681.0,714.0,4,764.0
2.0,15.0,373.0,659.0,714.0,764.0,4,860.0
2.0,18.0,93.0,115.0,191.0,843.0,4,905.0
2.0,18.0,93.0,115.0,191.0,843.0,4,905.0
2.0,18.0,115.0,191.0,843.0,886.0,4,905.0
2.0,18.0,191.0,719.0,866.0,886.0,4,905.0
2.0,18.0,191.0,579.0,719.0,866.0,4,886.0
2.0,18.0,579.0,719.0,843.0,866.0,4,886.0
2.0,18.0,93.0,115.0,678.0,719.0,4,843.0
2.0,27.0,363.0,453.0,688.0,898.0,4,924.0
2.0,27.0,439.0,453.0,633.0,898.0,4,924.0
2.0,27.0,363.0,453.0,688.0,842.0,4,924.0
2.0,27.0,363.0,453.0,688.0,898.0,4,924.0
2.0,27.0,359.0,363.0,439.0,624.0,4,842.0
2.0,27.0,363.0,453.0,688.0,898.0,4,924.0
2.0,27.0,359.0,439.0,624.0,633.0,4,842.0
2.0,27.0,359.0,439.0,624.0,633.0,4,842.0
2.0,27.0,359.0,439.0,453.0,633.0,4,842.0
2.0,27.0,363.0,453.0,688.0,898.0,4,924.0
2.0,27.0,363.0,624.0,688.0,842.0,4,924.0
2.0,27.0,359.0,439.0,633.0,898.0,4,924.0
2.0,27.0,363.0,439.0,624.0,898.0,4,924.0
2.0,10.0,12.0,52.0,182.0,564.0,4,920.0
2.0,10.0,12.0,52.0,182.0,564.0,4,920.0
2.0,10.0,182.0,243.0,564.0,855.0,4,920.0
2.0,10.0,182.0,243.0,564.0,855.0,4,920.0
2.0,10.0,52.0,126.0,243.0,564.0,4,920.0
2.0,10.0,12.0,182.0,564.0,855.0,4,920.0
2.0,10.0,12.0,182.0,564.0,855.0,4,920.0
2.0,10.0,12.0,52.0,182.0,564.0,4,920.0
2.0,32.0,61.0,155.0,420.0,477.0,4,524.0
2.0,32.0,61.0,155.0,420.0,477.0,4,524.0
2.0,32.0,44.0,61.0,155.0,420.0,4,524.0
2.0,32.0,44.0,450.0,477.0,499.0,4,849.0
2.0,32.0,44.0,450.0,477.0,499.0,4,849.0
2.0,32.0,61.0,155.0,420.0,477.0,4,524.0
2.0,32.0,44.0,61.0,155.0,420.0,4,524.0
2.0,32.0,44.0,61.0,155.0,420.0,4,524.0
2.0,15.0,229.0,659.0,714.0,764.0,4,860.0
2.0,15.0,373.0,659.0,714.0,803.0,4,860.0
2.0,15.0,365.0,373.0,602.0,659.0,4,803.0
2.0,15.0,373.0,602.0,659.0,764.0,4,860.0
2.0,15.0,373.0,602.0,659.0,764.0,4,860.0
2.0,15.0,373.0,602.0,659.0,764.0,4,860.0
2.0,15.0,226.0,373.0,602.0,764.0,4,860.0
2.0,15.0,226.0,373.0,602.0,764.0,4,803.0
2.0,15.0,226.0,373.0,714.0,764.0,4,803.0
2.0,15.0,373.0,659.0,714.0,764.0,4,860.0
2.0,15.0,373.0,659.0,714.0,764.0,4,860.0
2.0,10.0,12.0,52.0,243.0,564.0,4,920.0
2.0,10.0,52.0,105.0,126.0,564.0,4,920.0
2.0,10.0,52.0,105.0,126.0,564.0,4,920.0
2.0,10.0,105.0,126.0,564.0,855.0,4,920.0
2.0,10.0,105.0,126.0,564.0,855.0,4,920.0
2.0,10.0,52.0,105.0,126.0,564.0,4,920.0
2.0,10.0,52.0,105.0,126.0,564.0,4,920.0
2.0,10.0,12.0,52.0,126.0,564.0,4,663.0
2.0,10.0,12.0,126.0,564.0,855.0,4,920.0
2.0,10.0,52.0,105.0,126.0,564.0,4,920.0
2.0,10.0,52.0,105.0,126.0,564.0,4,920.0
2.0,10.0,52.0,62.0,126.0,564.0,4,920.0
2.0,10.0,52.0,62.0,126.0,564.0,4,920.0
2.0,10.0,62.0,564.0,672.0,855.0,4,920.0
2.0,10.0,105.0,126.0,663.0,855.0,4,920.0
2.0,10.0,52.0,105.0,126.0,243.0,4,564.0
2.0,10.0,52.0,126.0,243.0,663.0,4,920.0
2.0,10.0,126.0,243.0,564.0,855.0,4,920.0
2.0,29.0,86.0,103.0,505.0,580.0,4,725.0
2.0,29.0,86.0,103.0,505.0,580.0,4,914.0
2.0,29.0,93.0,94.0,456.0,905.0,4,914.0
2.0,29.0,93.0,94.0,456.0,905.0,4,914.0
2.0,29.0,93.0,456.0,580.0,905.0,4,914.0
2.0,29.0,93.0,103.0,456.0,580.0,4,914.0
2.0,29.0,86.0,103.0,505.0,580.0,4,725.0
2.0,29.0,93.0,94.0,456.0,505.0,4,914.0
2.0,29.0,93.0,94.0,456.0,505.0,4,914.0
2.0,29.0,93.0,94.0,283.0,905.0,4,914.0
2.0,29.0,93.0,94.0,103.0,505.0,4,914.0
2.0,10.0,52.0,62.0,564.0,855.0,4,920.0
2.0,10.0,52.0,62.0,564.0,855.0,4,920.0
2.0,10.0,52.0,62.0,564.0,855.0,4,920.0
2.0,10.0,60.0,62.0,105.0,855.0,4,920.0
2.0,10.0,52.0,60.0,105.0,564.0,4,920.0
2.0,10.0,52.0,60.0,126.0,564.0,4,855.0
2.0,10.0,52.0,62.0,105.0,564.0,4,920.0
2.0,10.0,52.0,126.0,564.0,663.0,4,855.0
2.0,10.0,52.0,126.0,564.0,855.0,4,920.0
2.0,10.0,52.0,105.0,126.0,564.0,4,920.0
2.0,10.0,52.0,105.0,126.0,564.0,4,920.0
2.0,10.0,52.0,126.0,182.0,564.0,4,920.0
2.0,10.0,52.0,105.0,564.0,672.0,4,920.0
2.0,10.0,52.0,126.0,182.0,564.0,4,920.0
2.0,10.0,60.0,105.0,564.0,855.0,4,920.0
2.0,10.0,52.0,60.0,126.0,564.0,4,920.0
2.0,10.0,52.0,60.0,182.0,564.0,4,920.0
2.0,13.0,15.0,80.0,192.0,665.0,4,832.0
2.0,13.0,161.0,192.0,665.0,723.0,4,832.0
2.0,13.0,15.0,80.0,320.0,665.0,4,832.0
2.0,13.0,15.0,80.0,161.0,192.0,4,665.0
2.0,13.0,15.0,80.0,161.0,192.0,4,665.0
2.0,13.0,80.0,161.0,320.0,832.0,4,956.0
2.0,10.0,52.0,60.0,182.0,564.0,4,920.0
2.0,10.0,52.0,60.0,126.0,182.0,4,564.0
2.0,10.0,52.0,60.0,126.0,182.0,4,564.0
2.0,10.0,60.0,126.0,182.0,564.0,4,855.0
2.0,10.0,52.0,60.0,126.0,182.0,4,920.0
2.0,10.0,52.0,60.0,126.0,182.0,4,920.0
2.0,10.0,60.0,105.0,126.0,855.0,4,920.0
2.0,10.0,60.0,105.0,126.0,564.0,4,920.0
2.0,10.0,60.0,105.0,126.0,564.0,4,920.0
2.0,10.0,105.0,126.0,182.0,663.0,4,920.0
2.0,10.0,52.0,60.0,126.0,182.0,4,663.0
2.0,10.0,60.0,126.0,182.0,855.0,4,920.0
2.0,10.0,60.0,62.0,182.0,855.0,4,920.0
2.0,10.0,52.0,62.0,182.0,663.0,4,920.0
2.0,10.0,52.0,62.0,182.0,663.0,4,920.0
2.0,26.0,40.0,41.0,315.0,874.0,4,948.0
2.0,26.0,41.0,634.0,684.0,874.0,4,948.0
2.0,26.0,40.0,315.0,556.0,634.0,4,824.0
2.0,26.0,40.0,41.0,315.0,556.0,4,874.0
2.0,26.0,40.0,41.0,315.0,874.0,4,948.0
2.0,26.0,40.0,41.0,315.0,874.0,4,948.0
2.0,26.0,41.0,315.0,556.0,874.0,4,1024.0
2.0,26.0,40.0,41.0,315.0,874.0,4,948.0
2.0,26.0,41.0,315.0,684.0,948.0,4,1024.0
2.0,26.0,634.0,684.0,824.0,948.0,4,1024.0
2.0,26.0,40.0,41.0,315.0,874.0,4,948.0
2.0,34.0,55.0,137.0,247.0,248.0,4,404.0
2.0,34.0,36.0,55.0,137.0,247.0,4,248.0
2.0,34.0,36.0,55.0,137.0,247.0,4,753.0
2.0,34.0,55.0,278.0,404.0,538.0,4,753.0
2.0,34.0,55.0,278.0,404.0,538.0,4,753.0
2.0,34.0,36.0,55.0,137.0,247.0,4,404.0
2.0,34.0,36.0,55.0,137.0,224.0,4,247.0
2.0,34.0,36.0,55.0,137.0,247.0,4,753.0
2.0,34.0,36.0,55.0,137.0,247.0,4,753.0
2.0,34.0,36.0,137.0,247.0,278.0,4,753.0
2.0,34.0,36.0,55.0,224.0,248.0,4,278.0
2.0,34.0,36.0,55.0,137.0,224.0,4,248.0
2.0,34.0,36.0,55.0,137.0,224.0,4,248.0
2.0,34.0,55.0,137.0,224.0,248.0,4,404.0
2.0,1.0,570.0,577.0,790.0,808.0,4,820.0
2.0,1.0,570.0,577.0,790.0,808.0,4,820.0
2.0,1.0,570.0,577.0,790.0,808.0,4,820.0
2.0,1.0,570.0,577.0,790.0,808.0,4,820.0
2.0,1.0,570.0,577.0,790.0,808.0,4,820.0
2.0,1.0,570.0,577.0,790.0,808.0,4,820.0
2.0,1.0,570.0,577.0,790.0,808.0,4,820.0
2.0,1.0,356.0,570.0,790.0,808.0,4,820.0
2.0,1.0,305.0,356.0,577.0,820.0,4,960.0
2.0,1.0,577.0,790.0,808.0,820.0,4,960.0
2.0,1.0,577.0,790.0,808.0,820.0,4,960.0
2.0,6.0,85.0,250.0,623.0,730.0,4,1039.0
2.0,6.0,85.0,213.0,250.0,623.0,4,1010.0
2.0,6.0,35.0,213.0,250.0,623.0,4,1010.0
2.0,6.0,35.0,213.0,730.0,876.0,4,1010.0
2.0,6.0,35.0,213.0,730.0,876.0,4,1010.0
2.0,6.0,85.0,250.0,623.0,730.0,4,1039.0
2.0,6.0,85.0,250.0,623.0,730.0,4,1039.0
2.0,6.0,85.0,250.0,623.0,730.0,4,1039.0
2.0,6.0,35.0,213.0,250.0,623.0,4,1010.0
2.0,6.0,35.0,213.0,730.0,876.0,4,1010.0
2.0,23.0,12.0,158.0,234.0,798.0,4,1027.0
2.0,23.0,12.0,158.0,234.0,798.0,4,956.0
2.0,23.0,12.0,63.0,234.0,956.0,4,1027.0
2.0,23.0,12.0,63.0,158.0,956.0,4,1027.0
2.0,23.0,63.0,158.0,798.0,956.0,4,1027.0
2.0,23.0,12.0,63.0,158.0,234.0,4,798.0
2.0,23.0,12.0,158.0,234.0,798.0,4,956.0
2.0,23.0,63.0,158.0,234.0,798.0,4,956.0
2.0,23.0,12.0,63.0,158.0,956.0,4,1027.0
2.0,23.0,12.0,158.0,234.0,798.0,4,956.0
2.0,10.0,52.0,62.0,182.0,418.0,4,920.0
2.0,10.0,62.0,182.0,418.0,855.0,4,920.0
2.0,10.0,62.0,126.0,418.0,855.0,4,920.0
2.0,10.0,105.0,126.0,418.0,855.0,4,920.0
2.0,10.0,105.0,126.0,418.0,855.0,4,920.0
2.0,10.0,52.0,105.0,182.0,418.0,4,920.0
2.0,10.0,52.0,105.0,126.0,418.0,4,920.0
2.0,11.0,1.0,132.0,173.0,647.0,4,1008.0
2.0,11.0,1.0,132.0,895.0,1008.0,4,1031.0
2.0,11.0,638.0,700.0,806.0,895.0,4,1031.0
2.0,11.0,638.0,700.0,806.0,895.0,4,1031.0
2.0,11.0,132.0,700.0,806.0,895.0,4,1031.0
2.0,30.0,657.0,689.0,705.0,953.0,4,963.0
2.0,30.0,121.0,350.0,657.0,705.0,4,953.0
2.0,30.0,121.0,350.0,657.0,705.0,4,953.0
2.0,30.0,121.0,335.0,350.0,705.0,4,963.0
2.0,30.0,121.0,335.0,689.0,847.0,4,963.0
2.0,30.0,121.0,335.0,598.0,847.0,4,963.0
2.0,30.0,350.0,657.0,689.0,847.0,4,953.0
2.0,30.0,350.0,389.0,598.0,705.0,4,847.0
2.0,30.0,657.0,689.0,705.0,953.0,4,963.0
2.0,30.0,335.0,657.0,705.0,953.0,4,963.0
2.0,30.0,389.0,657.0,705.0,953.0,4,963.0
2.0,30.0,121.0,350.0,389.0,598.0,4,847.0
2.0,30.0,350.0,389.0,409.0,598.0,4,689.0
2.0,30.0,335.0,350.0,389.0,409.0,4,689.0
2.0,30.0,335.0,350.0,389.0,409.0,4,689.0
2.0,24.0,204.0,262.0,301.0,576.0,4,750.0
2.0,24.0,169.0,262.0,463.0,750.0,4,863.0
2.0,24.0,169.0,204.0,463.0,576.0,4,863.0
2.0,24.0,169.0,204.0,463.0,576.0,4,863.0
2.0,24.0,169.0,204.0,463.0,576.0,4,863.0
2.0,24.0,204.0,463.0,576.0,750.0,4,863.0
2.0,24.0,262.0,301.0,576.0,750.0,4,863.0
2.0,24.0,262.0,301.0,576.0,750.0,4,863.0
2.0,24.0,262.0,301.0,576.0,750.0,4,863.0
2.0,24.0,301.0,463.0,576.0,750.0,4,863.0
2.0,10.0,52.0,60.0,126.0,418.0,4,920.0
2.0,10.0,126.0,418.0,564.0,855.0,4,920.0
2.0,10.0,52.0,60.0,126.0,418.0,4,920.0
2.0,10.0,52.0,60.0,126.0,855.0,4,920.0
2.0,10.0,126.0,564.0,663.0,855.0,4,920.0
2.0,10.0,126.0,564.0,663.0,855.0,4,920.0
2.0,10.0,126.0,564.0,663.0,855.0,4,920.0
2.0,10.0,126.0,564.0,663.0,855.0,4,920.0
2.0,10.0,52.0,126.0,418.0,564.0,4,920.0
2.0,10.0,52.0,126.0,418.0,564.0,4,920.0
2.0,10.0,52.0,126.0,564.0,663.0,4,920.0
2.0,10.0,62.0,126.0,564.0,663.0,4,920.0
2.0,10.0,52.0,60.0,126.0,418.0,4,920.0
2.0,10.0,126.0,564.0,663.0,835.0,4,920.0
2.0,10.0,52.0,126.0,564.0,663.0,4,920.0
2.0,10.0,60.0,62.0,418.0,672.0,4,835.0
2.0,10.0,60.0,62.0,663.0,672.0,4,835.0
2.0,10.0,60.0,62.0,663.0,672.0,4,835.0
2.0,8.0,136.0,151.0,201.0,575.0,4,747.0
2.0,8.0,136.0,151.0,400.0,575.0,4,747.0
2.0,8.0,136.0,151.0,153.0,400.0,4,575.0
2.0,8.0,57.0,153.0,400.0,627.0,4,747.0
2.0,8.0,57.0,136.0,151.0,575.0,4,747.0
2.0,8.0,57.0,136.0,151.0,747.0,4,827.0
2.0,8.0,136.0,151.0,201.0,575.0,4,747.0
2.0,8.0,136.0,151.0,201.0,575.0,4,747.0
2.0,8.0,136.0,151.0,201.0,575.0,4,627.0
2.0,8.0,136.0,151.0,201.0,575.0,4,627.0
2.0,8.0,57.0,174.0,400.0,627.0,4,827.0
2.0,10.0,418.0,564.0,663.0,855.0,4,920.0
2.0,10.0,52.0,126.0,418.0,564.0,4,920.0
2.0,10.0,60.0,564.0,663.0,855.0,4,920.0
2.0,10.0,60.0,62.0,105.0,564.0,4,663.0
2.0,12.0,216.0,444.0,462.0,682.0,4,919.0
2.0,12.0,111.0,682.0,816.0,919.0,4,969.0
2.0,12.0,216.0,462.0,682.0,919.0,4,969.0
2.0,12.0,216.0,462.0,682.0,919.0,4,969.0
2.0,12.0,111.0,216.0,444.0,816.0,4,919.0
2.0,12.0,111.0,216.0,444.0,462.0,4,919.0
2.0,12.0,111.0,216.0,444.0,462.0,4,919.0
2.0,12.0,111.0,216.0,444.0,462.0,4,919.0
2.0,0.0,13.0,493.0,535.0,686.0,4,713.0
2.0,0.0,6.0,535.0,695.0,851.0,4,1037.0
2.0,0.0,6.0,493.0,535.0,851.0,4,910.0
2.0,0.0,13.0,493.0,686.0,695.0,4,713.0
2.0,0.0,493.0,686.0,695.0,713.0,4,1037.0
2.0,0.0,493.0,686.0,695.0,851.0,4,1037.0
2.0,0.0,493.0,535.0,695.0,851.0,4,1037.0
2.0,0.0,13.0,493.0,535.0,686.0,4,851.0
2.0,0.0,13.0,493.0,535.0,686.0,4,851.0
2.0,25.0,294.0,380.0,421.0,561.0,4,814.0
2.0,25.0,294.0,380.0,421.0,561.0,4,814.0
2.0,25.0,294.0,421.0,561.0,711.0,4,814.0
2.0,25.0,59.0,188.0,294.0,380.0,4,961.0
2.0,25.0,59.0,188.0,294.0,380.0,4,961.0
2.0,25.0,188.0,294.0,380.0,421.0,4,961.0
2.0,25.0,294.0,380.0,421.0,561.0,4,814.0
2.0,25.0,294.0,380.0,421.0,561.0,4,814.0
2.0,25.0,294.0,380.0,421.0,711.0,4,961.0
2.0,25.0,188.0,421.0,662.0,711.0,4,961.0
2.0,25.0,59.0,188.0,380.0,662.0,4,961.0
2.0,25.0,59.0,188.0,380.0,662.0,4,961.0
2.0,25.0,59.0,188.0,380.0,662.0,4,814.0
2.0,25.0,59.0,188.0,662.0,711.0,4,814.0
2.0,25.0,59.0,398.0,662.0,711.0,4,814.0
2.0,25.0,8.0,59.0,398.0,662.0,4,711.0
2.0,16.0,296.0,495.0,674.0,902.0,4,996.0
2.0,16.0,200.0,296.0,674.0,902.0,4,996.0
2.0,16.0,200.0,296.0,674.0,902.0,4,996.0
2.0,16.0,200.0,296.0,674.0,902.0,4,996.0
2.0,16.0,200.0,296.0,674.0,902.0,4,996.0
2.0,16.0,296.0,495.0,674.0,902.0,4,996.0
2.0,16.0,296.0,495.0,674.0,902.0,4,996.0
2.0,16.0,165.0,200.0,296.0,902.0,4,996.0
2.0,16.0,165.0,200.0,296.0,902.0,4,996.0
2.0,16.0,165.0,200.0,296.0,702.0,4,996.0
2.0,16.0,165.0,296.0,702.0,996.0,4,1030.0
2.0,10.0,52.0,62.0,126.0,663.0,4,920.0
2.0,10.0,52.0,564.0,663.0,855.0,4,920.0
2.0,10.0,52.0,564.0,663.0,855.0,4,920.0
2.0,10.0,60.0,105.0,126.0,564.0,4,855.0
2.0,10.0,52.0,105.0,126.0,663.0,4,920.0
2.0,10.0,105.0,564.0,663.0,855.0,4,920.0
2.0,10.0,60.0,564.0,663.0,855.0,4,920.0
2.0,10.0,60.0,564.0,663.0,855.0,4,920.0
2.0,10.0,52.0,60.0,564.0,663.0,4,920.0
2.0,10.0,126.0,564.0,663.0,855.0,4,920.0
2.0,14.0,48.0,254.0,592.0,644.0,4,786.0
2.0,14.0,254.0,592.0,609.0,644.0,4,786.0
2.0,14.0,48.0,592.0,609.0,877.0,4,974.0
2.0,14.0,48.0,609.0,877.0,931.0,4,974.0
2.0,14.0,592.0,609.0,786.0,877.0,4,974.0
2.0,14.0,48.0,254.0,592.0,644.0,4,786.0
2.0,14.0,48.0,254.0,592.0,644.0,4,786.0
2.0,14.0,48.0,592.0,609.0,877.0,4,974.0
2.0,14.0,48.0,592.0,609.0,877.0,4,974.0
2.0,14.0,254.0,609.0,786.0,877.0,4,974.0
2.0,14.0,254.0,609.0,786.0,877.0,4,974.0
2.0,10.0,418.0,564.0,663.0,855.0,4,920.0
2.0,10.0,126.0,418.0,564.0,855.0,4,920.0
2.0,10.0,52.0,126.0,418.0,564.0,4,920.0
2.0,10.0,126.0,418.0,564.0,855.0,4,920.0
2.0,10.0,126.0,418.0,663.0,855.0,4,920.0
2.0,10.0,126.0,564.0,663.0,855.0,4,920.0
2.0,24.0,169.0,204.0,301.0,463.0,4,576.0
2.0,24.0,169.0,204.0,301.0,463.0,4,863.0
2.0,24.0,169.0,204.0,301.0,576.0,4,863.0
2.0,24.0,262.0,463.0,576.0,841.0,4,863.0
2.0,24.0,262.0,463.0,576.0,841.0,4,863.0
2.0,24.0,169.0,262.0,301.0,463.0,4,576.0
2.0,24.0,169.0,204.0,301.0,463.0,4,576.0
2.0,24.0,169.0,204.0,301.0,463.0,4,576.0
2.0,24.0,169.0,301.0,463.0,576.0,4,863.0
2.0,18.0,14.0,191.0,811.0,866.0,4,886.0
2.0,18.0,14.0,579.0,811.0,866.0,4,886.0
2.0,18.0,14.0,719.0,811.0,843.0,4,866.0
2.0,18.0,14.0,579.0,582.0,811.0,4,866.0
2.0,18.0,14.0,579.0,582.0,811.0,4,866.0
2.0,18.0,115.0,191.0,719.0,843.0,4,886.0
2.0,18.0,14.0,115.0,719.0,843.0,4,886.0
2.0,18.0,14.0,579.0,582.0,811.0,4,866.0
2.0,18.0,14.0,579.0,582.0,811.0,4,866.0
2.0,33.0,125.0,255.0,698.0,789.0,4,853.0
2.0,33.0,45.0,114.0,593.0,601.0,4,789.0
2.0,33.0,45.0,255.0,601.0,698.0,4,789.0
2.0,33.0,45.0,255.0,601.0,698.0,4,789.0
2.0,33.0,45.0,125.0,255.0,698.0,4,853.0
2.0,33.0,45.0,114.0,125.0,593.0,4,698.0
2.0,33.0,45.0,114.0,593.0,601.0,4,789.0
2.0,33.0,114.0,593.0,601.0,789.0,4,853.0
2.0,33.0,255.0,601.0,698.0,789.0,4,853.0
2.0,10.0,52.0,105.0,182.0,418.0,4,663.0
2.0,10.0,52.0,126.0,182.0,564.0,4,663.0
2.0,10.0,52.0,105.0,126.0,564.0,4,663.0
2.0,10.0,52.0,105.0,126.0,418.0,4,564.0
2.0,10.0,62.0,126.0,418.0,564.0,4,855.0
2.0,10.0,52.0,62.0,182.0,418.0,4,663.0
2.0,10.0,52.0,62.0,182.0,418.0,4,663.0
2.0,10.0,52.0,62.0,182.0,418.0,4,663.0
2.0,10.0,126.0,182.0,418.0,564.0,4,855.0
2.0,10.0,52.0,126.0,182.0,418.0,4,564.0
2.0,28.0,367.0,608.0,754.0,859.0,4,922.0
2.0,28.0,110.0,367.0,608.0,922.0,4,971.0
2.0,28.0,110.0,497.0,608.0,922.0,4,971.0
2.0,28.0,110.0,497.0,608.0,922.0,4,971.0
2.0,28.0,497.0,608.0,859.0,922.0,4,971.0
2.0,28.0,608.0,754.0,859.0,922.0,4,971.0
2.0,28.0,110.0,367.0,608.0,754.0,4,922.0
2.0,28.0,497.0,608.0,859.0,922.0,4,971.0
2.0,28.0,110.0,367.0,859.0,922.0,4,971.0
2.0,28.0,110.0,497.0,608.0,922.0,4,971.0
2.0,10.0,126.0,182.0,418.0,663.0,4,855.0
2.0,10.0,126.0,182.0,418.0,663.0,4,855.0
2.0,10.0,62.0,126.0,418.0,663.0,4,855.0
2.0,10.0,52.0,62.0,126.0,418.0,4,564.0
2.0,10.0,52.0,126.0,182.0,418.0,4,564.0
2.0,10.0,52.0,126.0,182.0,418.0,4,564.0
2.0,10.0,126.0,182.0,418.0,663.0,4,855.0
2.0,10.0,126.0,182.0,418.0,663.0,4,855.0
2.0,10.0,126.0,418.0,564.0,663.0,4,855.0
2.0,10.0,52.0,62.0,126.0,182.0,4,418.0
2.0,10.0,52.0,182.0,418.0,564.0,4,835.0
2.0,10.0,52.0,126.0,182.0,418.0,4,564.0
2.0,10.0,52.0,60.0,126.0,182.0,4,564.0
2.0,10.0,52.0,60.0,182.0,418.0,4,564.0
2.0,10.0,60.0,62.0,418.0,564.0,4,855.0
2.0,10.0,52.0,126.0,182.0,418.0,4,564.0
2.0,10.0,52.0,60.0,126.0,418.0,4,564.0
2.0,10.0,52.0,60.0,126.0,418.0,4,564.0
2.0,10.0,52.0,60.0,126.0,418.0,4,564.0
2.0,10.0,52.0,126.0,182.0,418.0,4,564.0
2.0,10.0,52.0,62.0,418.0,564.0,4,920.0
2.0,10.0,52.0,60.0,182.0,418.0,4,920.0
2.0,10.0,52.0,60.0,182.0,418.0,4,920.0
2.0,10.0,52.0,62.0,418.0,564.0,4,920.0
2.0,10.0,60.0,182.0,418.0,855.0,4,920.0
2.0,10.0,60.0,182.0,418.0,855.0,4,920.0
2.0,10.0,60.0,182.0,418.0,855.0,4,920.0
2.0,10.0,60.0,182.0,418.0,855.0,4,920.0
2.0,10.0,182.0,418.0,564.0,855.0,4,920.0
2.0,10.0,52.0,62.0,418.0,564.0,4,920.0
2.0,10.0,52.0,60.0,182.0,418.0,4,920.0
2.0,10.0,60.0,182.0,418.0,855.0,4,920.0
2.0,10.0,52.0,60.0,182.0,418.0,4,564.0
2.0,10.0,52.0,182.0,418.0,564.0,4,920.0
2.0,10.0,182.0,418.0,564.0,855.0,4,920.0
2.0,10.0,60.0,182.0,418.0,855.0,4,920.0
2.0,10.0,60.0,418.0,564.0,855.0,4,920.0
2.0,10.0,60.0,418.0,564.0,855.0,4,920.0
2.0,10.0,60.0,418.0,564.0,855.0,4,920.0
2.0,10.0,52.0,60.0,418.0,564.0,4,920.0
2.0,10.0,182.0,418.0,564.0,855.0,4,920.0
2.0,10.0,126.0,182.0,564.0,855.0,4,920.0
2.0,10.0,182.0,418.0,564.0,855.0,4,920.0
2.0,10.0,60.0,418.0,835.0,855.0,4,920.0
2.0,10.0,182.0,418.0,564.0,855.0,4,920.0
2.0,10.0,60.0,126.0,418.0,855.0,4,920.0
2.0,10.0,126.0,182.0,418.0,855.0,4,920.0
2.0,10.0,52.0,60.0,182.0,731.0,4,920.0
2.0,10.0,52.0,126.0,182.0,564.0,4,920.0
2.0,10.0,60.0,126.0,182.0,564.0,4,855.0
2.0,10.0,60.0,126.0,182.0,564.0,4,855.0
2.0,10.0,52.0,60.0,182.0,731.0,4,920.0
2.0,10.0,60.0,126.0,182.0,855.0,4,920.0
2.0,10.0,52.0,62.0,564.0,731.0,4,920.0
2.0,10.0,52.0,62.0,126.0,564.0,4,920.0
2.0,10.0,52.0,60.0,126.0,182.0,4,920.0
2.0,10.0,52.0,60.0,564.0,731.0,4,920.0
2.0,10.0,52.0,60.0,182.0,731.0,4,920.0
2.0,10.0,60.0,126.0,182.0,564.0,4,855.0
2.0,10.0,60.0,126.0,182.0,564.0,4,855.0
2.0,10.0,60.0,62.0,126.0,564.0,4,855.0
2.0,10.0,60.0,126.0,479.0,672.0,4,835.0
2.0,7.0,66.0,277.0,325.0,451.0,4,530.0
2.0,7.0,66.0,277.0,325.0,451.0,4,455.0
2.0,7.0,66.0,106.0,277.0,451.0,4,455.0
2.0,7.0,106.0,432.0,451.0,455.0,4,530.0
2.0,7.0,106.0,277.0,451.0,455.0,4,530.0
2.0,7.0,277.0,325.0,451.0,455.0,4,530.0
2.0,7.0,277.0,325.0,451.0,455.0,4,530.0
2.0,7.0,66.0,277.0,325.0,451.0,4,455.0
2.0,7.0,66.0,277.0,325.0,451.0,4,530.0
2.0,7.0,106.0,396.0,432.0,455.0,4,530.0
2.0,7.0,106.0,396.0,432.0,455.0,4,530.0
2.0,7.0,106.0,396.0,432.0,455.0,4,690.0
2.0,11.0,1.0,638.0,700.0,895.0,4,1031.0
2.0,11.0,1.0,638.0,895.0,1008.0,4,1031.0
2.0,11.0,1.0,132.0,638.0,895.0,4,1008.0
2.0,11.0,1.0,132.0,638.0,700.0,4,895.0
2.0,11.0,1.0,132.0,638.0,895.0,4,1008.0
2.0,11.0,1.0,132.0,700.0,895.0,4,1031.0
2.0,10.0,52.0,418.0,564.0,731.0,4,920.0
2.0,10.0,52.0,418.0,564.0,731.0,4,920.0
2.0,10.0,182.0,418.0,564.0,731.0,4,920.0
2.0,10.0,126.0,182.0,418.0,564.0,4,920.0
2.0,10.0,126.0,182.0,418.0,855.0,4,920.0
2.0,10.0,126.0,182.0,418.0,855.0,4,920.0
2.0,10.0,52.0,418.0,564.0,731.0,4,920.0
2.0,10.0,52.0,418.0,564.0,731.0,4,920.0
2.0,10.0,126.0,182.0,731.0,855.0,4,920.0
2.0,10.0,126.0,182.0,731.0,855.0,4,920.0
2.0,10.0,182.0,418.0,731.0,855.0,4,920.0
2.0,10.0,182.0,418.0,731.0,855.0,4,920.0
2.0,10.0,182.0,418.0,731.0,855.0,4,920.0
2.0,10.0,62.0,182.0,418.0,731.0,4,920.0
2.0,10.0,126.0,182.0,418.0,855.0,4,920.0
2.0,10.0,182.0,418.0,731.0,855.0,4,920.0
2.0,10.0,182.0,418.0,731.0,855.0,4,920.0
2.0,10.0,62.0,418.0,564.0,731.0,4,920.0
2.0,10.0,126.0,418.0,564.0,731.0,4,855.0
2.0,10.0,126.0,182.0,564.0,855.0,4,920.0
2.0,10.0,60.0,62.0,126.0,418.0,4,564.0
2.0,10.0,418.0,564.0,731.0,855.0,4,920.0
2.0,10.0,418.0,564.0,731.0,855.0,4,920.0
2.0,10.0,62.0,126.0,182.0,418.0,4,920.0
2.0,10.0,418.0,564.0,731.0,855.0,4,920.0
2.0,10.0,418.0,564.0,731.0,855.0,4,920.0
2.0,10.0,418.0,564.0,731.0,855.0,4,920.0
2.0,10.0,418.0,564.0,731.0,855.0,4,920.0
2.0,10.0,62.0,182.0,418.0,731.0,4,920.0
2.0,10.0,62.0,182.0,418.0,731.0,4,920.0
2.0,10.0,126.0,182.0,418.0,855.0,4,920.0
2.0,10.0,126.0,182.0,418.0,855.0,4,920.0
2.0,10.0,126.0,418.0,564.0,855.0,4,920.0
2.0,10.0,418.0,564.0,731.0,855.0,4,920.0
2.0,10.0,418.0,564.0,731.0,855.0,4,920.0
2.0,10.0,62.0,418.0,564.0,731.0,4,920.0
2.0,10.0,182.0,418.0,731.0,855.0,4,920.0
2.0,10.0,182.0,418.0,564.0,731.0,4,920.0
2.0,10.0,126.0,182.0,418.0,564.0,4,920.0
2.0,10.0,62.0,126.0,182.0,731.0,4,920.0
2.0,10.0,62.0,126.0,182.0,564.0,4,731.0
2.0,10.0,182.0,418.0,731.0,855.0,4,920.0
2.0,10.0,62.0,418.0,731.0,855.0,4,920.0
2.0,10.0,62.0,418.0,731.0,855.0,4,920.0
2.0,10.0,62.0,182.0,663.0,731.0,4,920.0
2.0,10.0,62.0,182.0,418.0,731.0,4,920.0
2.0,10.0,126.0,182.0,418.0,855.0,4,920.0
2.0,10.0,62.0,182.0,663.0,731.0,4,920.0
2.0,10.0,62.0,182.0,418.0,663.0,4,731.0
2.0,10.0,62.0,182.0,418.0,663.0,4,731.0
2.0,10.0,62.0,182.0,418.0,663.0,4,731.0
2.0,10.0,182.0,663.0,731.0,855.0,4,920.0
2.0,10.0,126.0,182.0,663.0,855.0,4,920.0
2.0,10.0,418.0,564.0,731.0,855.0,4,920.0
2.0,10.0,62.0,126.0,182.0,418.0,4,920.0
2.0,10.0,126.0,182.0,731.0,855.0,4,920.0
2.0,10.0,126.0,182.0,418.0,855.0,4,920.0
2.0,10.0,126.0,182.0,418.0,855.0,4,920.0
2.0,10.0,126.0,418.0,564.0,855.0,4,920.0
2.0,13.0,80.0,320.0,340.0,665.0,4,925.0
2.0,13.0,80.0,320.0,340.0,665.0,4,925.0
2.0,13.0,320.0,340.0,665.0,832.0,4,925.0
2.0,13.0,320.0,340.0,665.0,832.0,4,925.0
2.0,13.0,80.0,320.0,673.0,832.0,4,1036.0
2.0,13.0,80.0,320.0,340.0,673.0,4,1036.0
2.0,13.0,80.0,320.0,340.0,673.0,4,1036.0
2.0,13.0,80.0,320.0,340.0,665.0,4,673.0
2.0,13.0,80.0,320.0,665.0,832.0,4,1036.0
2.0,13.0,80.0,320.0,665.0,673.0,4,1036.0
2.0,13.0,80.0,320.0,340.0,673.0,4,1036.0
2.0,10.0,60.0,126.0,182.0,855.0,4,920.0
2.0,10.0,52.0,182.0,564.0,663.0,4,920.0
2.0,10.0,52.0,126.0,564.0,663.0,4,920.0
2.0,10.0,52.0,60.0,126.0,663.0,4,920.0
2.0,10.0,126.0,182.0,564.0,855.0,4,920.0
2.0,10.0,52.0,126.0,182.0,564.0,4,920.0
2.0,10.0,52.0,62.0,418.0,564.0,4,663.0
2.0,10.0,52.0,62.0,418.0,564.0,4,663.0
2.0,10.0,52.0,182.0,418.0,564.0,4,663.0
2.0,10.0,60.0,182.0,418.0,564.0,4,855.0
2.0,10.0,52.0,60.0,126.0,182.0,4,564.0
2.0,10.0,52.0,60.0,126.0,182.0,4,564.0
2.0,10.0,62.0,418.0,564.0,663.0,4,855.0
2.0,10.0,60.0,62.0,182.0,418.0,4,855.0
2.0,10.0,60.0,62.0,182.0,418.0,4,855.0
2.0,10.0,52.0,60.0,62.0,182.0,4,418.0
2.0,10.0,52.0,126.0,182.0,418.0,4,564.0
2.0,10.0,52.0,126.0,182.0,418.0,4,564.0
2.0,10.0,52.0,60.0,62.0,182.0,4,418.0
2.0,18.0,115.0,582.0,678.0,719.0,4,866.0
2.0,18.0,115.0,579.0,582.0,719.0,4,866.0
2.0,18.0,579.0,582.0,719.0,811.0,4,866.0
2.0,18.0,93.0,579.0,582.0,719.0,4,811.0
2.0,18.0,93.0,579.0,582.0,719.0,4,811.0
2.0,18.0,93.0,115.0,678.0,811.0,4,843.0
2.0,18.0,191.0,719.0,811.0,843.0,4,866.0
2.0,18.0,191.0,579.0,719.0,811.0,4,866.0
2.0,4.0,81.0,103.0,505.0,589.0,4,992.0
2.0,4.0,81.0,103.0,487.0,505.0,4,589.0
2.0,4.0,103.0,259.0,487.0,505.0,4,589.0
2.0,4.0,81.0,103.0,259.0,487.0,4,589.0
2.0,4.0,81.0,103.0,259.0,487.0,4,589.0
2.0,4.0,81.0,259.0,487.0,505.0,4,992.0
2.0,4.0,81.0,103.0,259.0,505.0,4,992.0
2.0,4.0,103.0,259.0,505.0,589.0,4,992.0
2.0,4.0,103.0,259.0,487.0,505.0,4,589.0
2.0,4.0,81.0,103.0,259.0,589.0,4,992.0
2.0,4.0,81.0,103.0,259.0,589.0,4,992.0
2.0,4.0,3.0,81.0,259.0,505.0,4,589.0
2.0,9.0,68.0,815.0,828.0,845.0,4,941.0
2.0,9.0,68.0,815.0,828.0,845.0,4,941.0
2.0,9.0,452.0,815.0,828.0,941.0,4,1019.0
2.0,9.0,452.0,599.0,845.0,1011.0,4,1019.0
2.0,9.0,452.0,599.0,845.0,1011.0,4,1019.0
2.0,9.0,74.0,452.0,599.0,845.0,4,1011.0
2.0,9.0,34.0,74.0,452.0,845.0,4,1011.0
2.0,9.0,68.0,815.0,828.0,845.0,4,941.0
2.0,9.0,452.0,599.0,845.0,941.0,4,1019.0
2.0,9.0,74.0,452.0,599.0,1011.0,4,1019.0
2.0,9.0,34.0,74.0,1011.0,1012.0,4,1019.0
2.0,17.0,149.0,635.0,653.0,809.0,4,829.0
2.0,17.0,148.0,635.0,653.0,809.0,4,829.0
2.0,17.0,148.0,635.0,653.0,809.0,4,829.0
2.0,17.0,148.0,149.0,561.0,642.0,4,829.0
2.0,17.0,148.0,149.0,561.0,642.0,4,829.0
2.0,17.0,148.0,149.0,561.0,635.0,4,642.0
2.0,17.0,148.0,337.0,561.0,809.0,4,829.0
2.0,17.0,148.0,149.0,337.0,809.0,4,829.0
2.0,17.0,148.0,149.0,653.0,809.0,4,829.0
2.0,17.0,148.0,561.0,642.0,653.0,4,829.0
2.0,10.0,52.0,62.0,418.0,731.0,4,920.0
2.0,10.0,52.0,62.0,418.0,731.0,4,920.0
2.0,10.0,52.0,182.0,418.0,731.0,4,920.0
2.0,10.0,60.0,182.0,418.0,855.0,4,920.0
2.0,10.0,60.0,182.0,418.0,855.0,4,920.0
2.0,10.0,60.0,182.0,418.0,855.0,4,920.0
2.0,10.0,60.0,182.0,418.0,855.0,4,920.0
2.0,10.0,60.0,182.0,418.0,855.0,4,920.0
2.0,10.0,52.0,62.0,418.0,731.0,4,920.0
2.0,10.0,60.0,62.0,564.0,731.0,4,920.0
2.0,10.0,60.0,62.0,564.0,731.0,4,920.0
2.0,10.0,418.0,564.0,731.0,855.0,4,920.0
2.0,10.0,418.0,564.0,731.0,855.0,4,920.0
2.0,10.0,60.0,62.0,418.0,564.0,4,731.0
2.0,10.0,105.0,564.0,663.0,731.0,4,855.0
2.0,10.0,105.0,564.0,663.0,731.0,4,855.0
2.0,10.0,60.0,62.0,126.0,182.0,4,564.0
2.0,10.0,60.0,62.0,126.0,182.0,4,564.0
2.0,10.0,60.0,126.0,182.0,564.0,4,855.0
2.0,10.0,60.0,126.0,182.0,564.0,4,855.0
2.0,10.0,60.0,105.0,126.0,182.0,4,731.0
2.0,10.0,60.0,105.0,564.0,731.0,4,855.0
2.0,10.0,60.0,105.0,564.0,731.0,4,855.0
2.0,10.0,60.0,62.0,564.0,731.0,4,855.0
2.0,10.0,60.0,62.0,564.0,731.0,4,855.0
2.0,10.0,60.0,62.0,182.0,564.0,4,731.0
2.0,14.0,518.0,532.0,644.0,786.0,4,877.0
2.0,14.0,518.0,532.0,644.0,786.0,4,877.0
2.0,14.0,272.0,518.0,532.0,592.0,4,644.0
2.0,14.0,272.0,592.0,609.0,897.0,4,974.0
2.0,14.0,254.0,592.0,609.0,786.0,4,974.0
2.0,14.0,254.0,592.0,609.0,786.0,4,974.0
2.0,14.0,254.0,592.0,644.0,786.0,4,974.0
2.0,14.0,518.0,592.0,644.0,786.0,4,877.0
2.0,14.0,518.0,532.0,644.0,786.0,4,877.0
2.0,14.0,518.0,592.0,609.0,786.0,4,974.0
2.0,10.0,105.0,564.0,731.0,855.0,4,920.0
2.0,10.0,105.0,182.0,731.0,855.0,4,920.0
2.0,10.0,60.0,182.0,731.0,855.0,4,920.0
2.0,10.0,60.0,126.0,182.0,564.0,4,835.0
2.0,10.0,60.0,126.0,182.0,564.0,4,835.0
2.0,10.0,60.0,126.0,182.0,564.0,4,835.0
2.0,10.0,60.0,105.0,126.0,182.0,4,564.0
2.0,10.0,105.0,564.0,731.0,855.0,4,920.0
2.0,10.0,105.0,126.0,564.0,855.0,4,920.0
2.0,10.0,105.0,126.0,564.0,855.0,4,920.0
2.0,10.0,60.0,105.0,126.0,564.0,4,920.0
2.0,10.0,60.0,126.0,182.0,731.0,4,920.0
2.0,10.0,60.0,182.0,731.0,855.0,4,920.0
2.0,10.0,60.0,564.0,731.0,855.0,4,920.0
2.0,30.0,689.0,705.0,847.0,953.0,4,963.0
2.0,30.0,121.0,290.0,389.0,598.0,4,963.0
2.0,30.0,290.0,350.0,389.0,598.0,4,847.0
2.0,30.0,290.0,350.0,389.0,689.0,4,847.0
2.0,30.0,335.0,350.0,389.0,705.0,4,847.0
2.0,30.0,121.0,335.0,705.0,847.0,4,963.0
2.0,30.0,121.0,389.0,689.0,953.0,4,963.0
2.0,30.0,290.0,389.0,409.0,689.0,4,847.0
2.0,30.0,121.0,598.0,705.0,953.0,4,963.0
2.0,7.0,66.0,277.0,325.0,451.0,4,455.0
2.0,7.0,66.0,277.0,325.0,396.0,4,455.0
2.0,7.0,66.0,277.0,325.0,396.0,4,455.0
2.0,7.0,277.0,351.0,396.0,432.0,4,455.0
2.0,7.0,66.0,277.0,325.0,451.0,4,455.0
2.0,7.0,66.0,277.0,396.0,432.0,4,455.0
2.0,7.0,66.0,277.0,396.0,432.0,4,451.0
2.0,7.0,277.0,351.0,396.0,432.0,4,451.0
2.0,7.0,106.0,351.0,396.0,432.0,4,451.0
2.0,7.0,106.0,351.0,396.0,690.0,4,867.0
2.0,8.0,136.0,151.0,400.0,575.0,4,747.0
2.0,8.0,57.0,136.0,153.0,400.0,4,575.0
2.0,8.0,57.0,136.0,153.0,400.0,4,827.0
2.0,8.0,57.0,151.0,627.0,747.0,4,827.0
2.0,8.0,57.0,151.0,627.0,747.0,4,827.0
2.0,8.0,136.0,151.0,575.0,627.0,4,747.0
2.0,8.0,136.0,151.0,201.0,575.0,4,747.0
2.0,8.0,136.0,151.0,201.0,575.0,4,747.0
2.0,8.0,136.0,151.0,201.0,575.0,4,747.0
2.0,8.0,136.0,151.0,153.0,400.0,4,575.0
2.0,8.0,57.0,136.0,153.0,400.0,4,627.0
2.0,8.0,57.0,153.0,400.0,627.0,4,827.0
2.0,10.0,62.0,418.0,564.0,731.0,4,855.0
2.0,10.0,60.0,62.0,418.0,731.0,4,835.0
2.0,10.0,60.0,62.0,418.0,731.0,4,835.0
2.0,10.0,60.0,62.0,126.0,418.0,4,855.0
2.0,10.0,62.0,418.0,564.0,731.0,4,835.0
2.0,10.0,62.0,418.0,564.0,731.0,4,835.0
2.0,10.0,62.0,418.0,564.0,731.0,4,855.0
2.0,10.0,60.0,418.0,564.0,731.0,4,855.0
2.0,10.0,60.0,62.0,418.0,564.0,4,731.0
2.0,10.0,62.0,418.0,564.0,731.0,4,855.0
2.0,10.0,182.0,418.0,564.0,731.0,4,855.0
2.0,10.0,60.0,182.0,564.0,731.0,4,835.0
2.0,10.0,60.0,62.0,564.0,731.0,4,835.0
2.0,10.0,60.0,418.0,564.0,731.0,4,855.0
2.0,10.0,126.0,418.0,564.0,731.0,4,855.0
2.0,10.0,126.0,418.0,564.0,731.0,4,855.0
2.0,10.0,62.0,126.0,418.0,564.0,4,731.0
2.0,10.0,60.0,126.0,418.0,564.0,4,731.0
2.0,10.0,60.0,62.0,418.0,564.0,4,855.0
2.0,10.0,60.0,62.0,418.0,564.0,4,835.0
2.0,10.0,60.0,62.0,418.0,564.0,4,835.0
2.0,10.0,60.0,418.0,564.0,835.0,4,855.0
2.0,10.0,60.0,126.0,418.0,564.0,4,855.0
2.0,10.0,60.0,62.0,418.0,564.0,4,855.0
2.0,10.0,60.0,62.0,418.0,564.0,4,855.0
2.0,10.0,60.0,126.0,564.0,835.0,4,855.0
2.0,10.0,62.0,126.0,418.0,564.0,4,855.0
2.0,29.0,46.0,86.0,338.0,456.0,4,914.0
2.0,29.0,46.0,94.0,338.0,456.0,4,812.0
2.0,29.0,94.0,283.0,338.0,456.0,4,812.0
2.0,29.0,46.0,86.0,94.0,812.0,4,914.0
2.0,29.0,46.0,94.0,283.0,338.0,4,812.0
2.0,29.0,46.0,86.0,283.0,338.0,4,456.0
2.0,29.0,94.0,283.0,338.0,456.0,4,812.0
2.0,29.0,46.0,86.0,94.0,338.0,4,456.0
2.0,29.0,46.0,86.0,94.0,338.0,4,456.0
2.0,10.0,60.0,62.0,418.0,564.0,4,855.0
2.0,10.0,52.0,60.0,62.0,418.0,4,564.0
2.0,10.0,52.0,60.0,418.0,564.0,4,835.0
2.0,10.0,62.0,126.0,418.0,564.0,4,855.0
2.0,10.0,60.0,62.0,126.0,418.0,4,564.0
2.0,10.0,60.0,62.0,126.0,418.0,4,564.0
2.0,10.0,60.0,62.0,418.0,564.0,4,855.0
2.0,10.0,52.0,62.0,126.0,418.0,4,564.0
2.0,10.0,52.0,60.0,126.0,418.0,4,564.0
2.0,10.0,60.0,62.0,126.0,564.0,4,855.0
2.0,10.0,52.0,60.0,126.0,418.0,4,855.0
2.0,10.0,52.0,60.0,62.0,126.0,4,564.0
2.0,10.0,52.0,60.0,126.0,564.0,4,835.0
2.0,10.0,52.0,60.0,62.0,126.0,4,564.0
2.0,10.0,52.0,60.0,62.0,126.0,4,564.0
2.0,10.0,52.0,60.0,126.0,564.0,4,855.0
2.0,10.0,52.0,60.0,62.0,126.0,4,564.0
2.0,10.0,60.0,62.0,126.0,564.0,4,855.0
2.0,10.0,52.0,60.0,126.0,564.0,4,855.0
2.0,33.0,125.0,134.0,255.0,698.0,4,853.0
2.0,33.0,114.0,134.0,601.0,789.0,4,853.0
2.0,33.0,45.0,134.0,255.0,789.0,4,853.0
2.0,33.0,134.0,255.0,692.0,789.0,4,853.0
2.0,33.0,45.0,255.0,601.0,698.0,4,789.0
2.0,33.0,45.0,255.0,601.0,698.0,4,789.0
2.0,33.0,45.0,134.0,255.0,601.0,4,698.0
2.0,10.0,60.0,62.0,126.0,564.0,4,855.0
2.0,10.0,52.0,60.0,62.0,126.0,4,564.0
2.0,10.0,60.0,62.0,126.0,564.0,4,855.0
2.0,10.0,52.0,60.0,126.0,564.0,4,835.0
2.0,10.0,52.0,60.0,62.0,564.0,4,835.0
2.0,10.0,52.0,62.0,126.0,564.0,4,835.0
2.0,10.0,60.0,62.0,126.0,564.0,4,835.0
2.0,10.0,60.0,62.0,126.0,564.0,4,835.0
2.0,14.0,48.0,254.0,592.0,786.0,4,1007.0
2.0,14.0,48.0,254.0,592.0,786.0,4,1007.0
2.0,14.0,518.0,592.0,609.0,786.0,4,974.0
2.0,14.0,518.0,609.0,786.0,877.0,4,974.0
2.0,14.0,518.0,592.0,609.0,786.0,4,974.0
2.0,14.0,254.0,592.0,609.0,786.0,4,974.0
2.0,14.0,48.0,254.0,592.0,786.0,4,1007.0
2.0,14.0,254.0,592.0,609.0,786.0,4,1007.0
2.0,14.0,254.0,592.0,609.0,786.0,4,1007.0
2.0,14.0,48.0,518.0,592.0,609.0,4,974.0
2.0,14.0,163.0,518.0,532.0,644.0,4,974.0
2.0,13.0,15.0,80.0,119.0,161.0,4,192.0
2.0,13.0,15.0,80.0,119.0,161.0,4,832.0
2.0,13.0,15.0,80.0,119.0,192.0,4,832.0
2.0,13.0,80.0,119.0,192.0,832.0,4,925.0
2.0,13.0,161.0,320.0,723.0,832.0,4,925.0
2.0,8.0,29.0,136.0,153.0,400.0,4,627.0
2.0,8.0,29.0,153.0,400.0,553.0,4,627.0
2.0,8.0,57.0,136.0,400.0,575.0,4,747.0
2.0,8.0,29.0,57.0,136.0,575.0,4,747.0
2.0,8.0,29.0,57.0,136.0,575.0,4,747.0
2.0,8.0,29.0,136.0,153.0,400.0,4,575.0
2.0,8.0,29.0,153.0,400.0,575.0,4,627.0
2.0,8.0,29.0,153.0,400.0,553.0,4,627.0
2.0,8.0,57.0,136.0,400.0,627.0,4,747.0
2.0,8.0,57.0,136.0,400.0,575.0,4,747.0
2.0,14.0,48.0,254.0,592.0,786.0,4,1007.0
2.0,14.0,48.0,518.0,592.0,609.0,4,974.0
2.0,14.0,48.0,518.0,609.0,877.0,4,974.0
2.0,14.0,48.0,518.0,609.0,877.0,4,974.0
2.0,14.0,48.0,254.0,592.0,786.0,4,1007.0
2.0,14.0,254.0,592.0,609.0,786.0,4,1007.0
2.0,14.0,48.0,518.0,609.0,877.0,4,974.0
2.0,14.0,48.0,518.0,592.0,609.0,4,974.0
2.0,14.0,48.0,254.0,592.0,786.0,4,974.0
2.0,14.0,48.0,518.0,609.0,877.0,4,974.0
2.0,14.0,48.0,518.0,609.0,877.0,4,974.0
2.0,14.0,48.0,518.0,592.0,786.0,4,974.0
2.0,14.0,48.0,254.0,592.0,786.0,4,974.0
2.0,14.0,254.0,592.0,609.0,786.0,4,974.0
2.0,14.0,48.0,254.0,592.0,786.0,4,1007.0
2.0,14.0,518.0,592.0,609.0,786.0,4,1007.0
2.0,14.0,518.0,592.0,609.0,786.0,4,974.0
2.0,14.0,518.0,609.0,786.0,877.0,4,974.0
2.0,14.0,48.0,518.0,609.0,877.0,4,974.0
2.0,14.0,48.0,518.0,592.0,609.0,4,974.0
2.0,14.0,163.0,518.0,532.0,644.0,4,877.0
2.0,7.0,106.0,246.0,451.0,455.0,4,483.0
2.0,7.0,246.0,277.0,351.0,396.0,4,483.0
2.0,7.0,66.0,277.0,325.0,451.0,4,455.0
2.0,7.0,277.0,325.0,351.0,451.0,4,455.0
2.0,7.0,66.0,277.0,325.0,451.0,4,455.0
2.0,7.0,277.0,325.0,451.0,455.0,4,483.0
2.0,14.0,518.0,609.0,786.0,877.0,4,974.0
2.0,14.0,254.0,592.0,609.0,786.0,4,974.0
2.0,14.0,48.0,254.0,592.0,786.0,4,974.0
2.0,14.0,48.0,254.0,592.0,786.0,4,1007.0
2.0,14.0,48.0,518.0,609.0,877.0,4,974.0
2.0,14.0,254.0,592.0,609.0,786.0,4,974.0
2.0,14.0,254.0,592.0,609.0,786.0,4,974.0
2.0,14.0,254.0,592.0,786.0,877.0,4,974.0
2.0,14.0,48.0,254.0,609.0,877.0,4,974.0
2.0,14.0,48.0,254.0,592.0,609.0,4,1007.0
2.0,14.0,48.0,254.0,592.0,609.0,4,1007.0
2.0,14.0,254.0,592.0,609.0,786.0,4,1007.0
2.0,14.0,48.0,254.0,592.0,609.0,4,1007.0
2.0,14.0,48.0,254.0,592.0,609.0,4,1007.0
2.0,14.0,48.0,254.0,532.0,592.0,4,974.0
2.0,14.0,48.0,518.0,532.0,644.0,4,877.0
2.0,14.0,48.0,254.0,592.0,786.0,4,1007.0
2.0,14.0,254.0,592.0,609.0,786.0,4,1007.0
2.0,14.0,48.0,518.0,592.0,609.0,4,974.0
2.0,14.0,48.0,518.0,609.0,877.0,4,974.0
2.0,14.0,48.0,518.0,609.0,877.0,4,974.0
2.0,14.0,48.0,518.0,609.0,877.0,4,974.0
2.0,14.0,48.0,254.0,592.0,786.0,4,974.0
2.0,14.0,48.0,254.0,592.0,786.0,4,974.0
2.0,14.0,48.0,254.0,592.0,786.0,4,1007.0
2.0,14.0,518.0,609.0,786.0,877.0,4,974.0
2.0,14.0,48.0,254.0,592.0,786.0,4,974.0
2.0,14.0,48.0,254.0,592.0,786.0,4,1007.0
2.0,14.0,48.0,254.0,592.0,786.0,4,1007.0
2.0,14.0,254.0,592.0,609.0,786.0,4,877.0
2.0,14.0,254.0,592.0,609.0,786.0,4,974.0
2.0,14.0,254.0,592.0,609.0,786.0,4,974.0
2.0,14.0,518.0,609.0,786.0,877.0,4,974.0
2.0,14.0,48.0,518.0,609.0,877.0,4,974.0
2.0,14.0,254.0,592.0,609.0,786.0,4,974.0
2.0,14.0,48.0,254.0,592.0,786.0,4,1007.0
2.0,14.0,48.0,254.0,592.0,786.0,4,1007.0
2.0,14.0,254.0,592.0,609.0,786.0,4,1007.0
2.0,14.0,254.0,592.0,609.0,786.0,4,1007.0
2.0,14.0,518.0,609.0,786.0,877.0,4,974.0
2.0,14.0,518.0,609.0,786.0,877.0,4,974.0
2.0,14.0,48.0,518.0,609.0,877.0,4,974.0
2.0,14.0,48.0,518.0,609.0,877.0,4,974.0
2.0,14.0,48.0,518.0,609.0,877.0,4,974.0
2.0,14.0,163.0,518.0,644.0,877.0,4,974.0
2.0,14.0,48.0,254.0,592.0,786.0,4,1007.0
2.0,14.0,254.0,592.0,609.0,786.0,4,1007.0
2.0,14.0,48.0,518.0,592.0,786.0,4,974.0
2.0,14.0,48.0,254.0,592.0,786.0,4,1007.0
2.0,14.0,48.0,254.0,592.0,786.0,4,1007.0
2.0,14.0,48.0,254.0,592.0,786.0,4,1007.0
2.0,14.0,48.0,254.0,592.0,786.0,4,974.0
2.0,14.0,48.0,254.0,592.0,786.0,4,974.0
2.0,14.0,254.0,592.0,609.0,786.0,4,974.0
2.0,14.0,48.0,518.0,609.0,877.0,4,974.0
2.0,14.0,48.0,518.0,609.0,877.0,4,974.0
2.0,14.0,254.0,592.0,609.0,786.0,4,1007.0
2.0,14.0,518.0,609.0,786.0,877.0,4,974.0
2.0,14.0,48.0,518.0,609.0,877.0,4,974.0
2.0,14.0,48.0,518.0,609.0,877.0,4,974.0
2.0,14.0,48.0,518.0,592.0,786.0,4,974.0
2.0,14.0,254.0,592.0,609.0,644.0,4,786.0
2.0,14.0,48.0,254.0,592.0,786.0,4,1007.0
2.0,14.0,48.0,518.0,609.0,877.0,4,974.0
2.0,14.0,48.0,518.0,609.0,877.0,4,974.0
2.0,12.0,216.0,682.0,816.0,933.0,4,983.0
2.0,12.0,111.0,216.0,816.0,933.0,4,983.0
2.0,12.0,111.0,216.0,444.0,856.0,4,919.0
2.0,12.0,216.0,444.0,816.0,933.0,4,983.0
2.0,12.0,216.0,444.0,531.0,816.0,4,933.0
2.0,12.0,216.0,531.0,682.0,856.0,4,933.0
2.0,12.0,216.0,531.0,682.0,816.0,4,933.0
2.0,12.0,111.0,531.0,682.0,856.0,4,933.0
2.0,12.0,216.0,682.0,816.0,933.0,4,983.0
2.0,12.0,216.0,682.0,856.0,933.0,4,983.0
2.0,12.0,216.0,682.0,856.0,933.0,4,983.0
2.0,12.0,216.0,682.0,816.0,933.0,4,983.0
2.0,26.0,40.0,41.0,315.0,857.0,4,874.0
2.0,26.0,40.0,41.0,315.0,857.0,4,874.0
2.0,26.0,40.0,41.0,315.0,857.0,4,948.0
2.0,26.0,40.0,857.0,948.0,949.0,4,1024.0
2.0,26.0,634.0,857.0,948.0,949.0,4,1024.0
2.0,26.0,40.0,41.0,634.0,948.0,4,949.0
2.0,26.0,40.0,41.0,634.0,874.0,4,948.0
2.0,26.0,40.0,41.0,634.0,874.0,4,948.0
2.0,34.0,36.0,55.0,137.0,247.0,4,248.0
2.0,34.0,36.0,55.0,137.0,224.0,4,247.0
2.0,34.0,36.0,55.0,137.0,247.0,4,330.0
2.0,34.0,55.0,67.0,278.0,330.0,4,753.0
2.0,34.0,36.0,67.0,137.0,278.0,4,753.0
2.0,34.0,36.0,67.0,137.0,330.0,4,753.0
2.0,34.0,36.0,55.0,67.0,137.0,4,753.0
2.0,34.0,36.0,55.0,67.0,137.0,4,753.0
2.0,14.0,48.0,254.0,592.0,786.0,4,1007.0
2.0,14.0,254.0,592.0,609.0,786.0,4,1007.0
2.0,14.0,254.0,592.0,609.0,786.0,4,1007.0
2.0,14.0,48.0,254.0,592.0,786.0,4,1007.0
2.0,14.0,48.0,254.0,592.0,786.0,4,1007.0
2.0,14.0,254.0,592.0,609.0,786.0,4,1007.0
2.0,14.0,163.0,518.0,532.0,877.0,4,974.0
2.0,14.0,163.0,532.0,877.0,931.0,4,974.0
2.0,14.0,163.0,532.0,877.0,931.0,4,974.0
2.0,29.0,86.0,103.0,338.0,505.0,4,914.0
2.0,29.0,86.0,103.0,338.0,505.0,4,914.0
2.0,29.0,93.0,103.0,283.0,505.0,4,914.0
2.0,29.0,86.0,103.0,338.0,456.0,4,505.0
2.0,29.0,94.0,103.0,338.0,505.0,4,914.0
2.0,29.0,94.0,103.0,283.0,505.0,4,914.0
2.0,29.0,94.0,103.0,338.0,505.0,4,914.0
2.0,29.0,94.0,283.0,456.0,505.0,4,914.0
2.0,29.0,93.0,94.0,338.0,456.0,4,725.0
2.0,29.0,86.0,338.0,456.0,505.0,4,725.0
2.0,29.0,86.0,103.0,338.0,505.0,4,725.0
2.0,14.0,48.0,254.0,592.0,644.0,4,786.0
2.0,14.0,48.0,518.0,592.0,644.0,4,786.0
2.0,14.0,518.0,592.0,609.0,644.0,4,786.0
2.0,14.0,518.0,592.0,609.0,786.0,4,974.0
2.0,14.0,254.0,592.0,609.0,786.0,4,974.0
2.0,14.0,48.0,254.0,592.0,644.0,4,786.0
2.0,14.0,254.0,592.0,609.0,644.0,4,786.0
2.0,14.0,254.0,592.0,609.0,786.0,4,974.0
2.0,14.0,48.0,518.0,609.0,877.0,4,974.0
2.0,14.0,48.0,518.0,592.0,786.0,4,877.0
2.0,14.0,254.0,592.0,609.0,644.0,4,786.0
2.0,14.0,48.0,254.0,592.0,644.0,4,786.0
2.0,14.0,48.0,518.0,609.0,877.0,4,974.0
2.0,14.0,48.0,254.0,592.0,786.0,4,974.0
2.0,14.0,48.0,254.0,592.0,644.0,4,786.0
2.0,14.0,254.0,592.0,609.0,644.0,4,786.0
2.0,14.0,48.0,518.0,609.0,877.0,4,974.0
2.0,14.0,48.0,518.0,609.0,877.0,4,974.0
2.0,14.0,254.0,592.0,609.0,786.0,4,974.0
2.0,14.0,48.0,254.0,592.0,609.0,4,644.0
2.0,14.0,48.0,254.0,592.0,609.0,4,974.0
2.0,14.0,254.0,532.0,592.0,609.0,4,644.0
2.0,14.0,48.0,254.0,592.0,609.0,4,644.0
2.0,14.0,48.0,254.0,592.0,609.0,4,644.0
2.0,14.0,518.0,532.0,592.0,974.0,4,1007.0
2.0,14.0,518.0,532.0,877.0,974.0,4,1007.0
2.0,14.0,518.0,532.0,609.0,877.0,4,974.0
2.0,14.0,254.0,532.0,592.0,609.0,4,974.0
2.0,16.0,296.0,495.0,674.0,902.0,4,996.0
2.0,16.0,296.0,674.0,702.0,902.0,4,996.0
2.0,16.0,165.0,296.0,416.0,702.0,4,902.0
2.0,16.0,296.0,495.0,674.0,702.0,4,902.0
2.0,16.0,296.0,495.0,674.0,902.0,4,996.0
2.0,16.0,200.0,495.0,674.0,902.0,4,996.0
2.0,16.0,200.0,495.0,674.0,902.0,4,996.0
2.0,16.0,200.0,296.0,495.0,902.0,4,996.0
2.0,16.0,296.0,495.0,674.0,902.0,4,996.0
2.0,25.0,294.0,380.0,421.0,561.0,4,814.0
2.0,25.0,294.0,380.0,421.0,561.0,4,814.0
2.0,25.0,59.0,188.0,380.0,662.0,4,814.0
2.0,25.0,294.0,380.0,421.0,561.0,4,814.0
2.0,25.0,294.0,380.0,421.0,561.0,4,814.0
2.0,25.0,294.0,380.0,421.0,711.0,4,814.0
2.0,25.0,294.0,380.0,421.0,711.0,4,814.0
2.0,25.0,59.0,662.0,711.0,814.0,4,961.0
2.0,25.0,59.0,294.0,380.0,711.0,4,961.0
2.0,15.0,226.0,602.0,659.0,764.0,4,860.0
2.0,15.0,365.0,373.0,659.0,714.0,4,764.0
2.0,15.0,226.0,373.0,714.0,764.0,4,860.0
2.0,15.0,226.0,373.0,714.0,764.0,4,860.0
2.0,15.0,226.0,373.0,714.0,764.0,4,860.0
2.0,15.0,365.0,373.0,602.0,659.0,4,803.0
2.0,15.0,226.0,714.0,764.0,803.0,4,860.0
2.0,14.0,48.0,592.0,609.0,877.0,4,974.0
2.0,14.0,48.0,592.0,609.0,877.0,4,974.0
2.0,14.0,48.0,254.0,592.0,609.0,4,877.0
2.0,14.0,48.0,592.0,786.0,877.0,4,974.0
2.0,14.0,592.0,609.0,786.0,877.0,4,974.0
2.0,14.0,254.0,609.0,786.0,877.0,4,974.0
2.0,14.0,48.0,254.0,592.0,644.0,4,786.0
2.0,14.0,48.0,254.0,592.0,644.0,4,786.0
2.0,14.0,592.0,609.0,786.0,877.0,4,974.0
2.0,14.0,592.0,609.0,786.0,877.0,4,974.0
2.0,14.0,48.0,254.0,609.0,877.0,4,974.0
2.0,14.0,254.0,592.0,609.0,786.0,4,974.0
2.0,14.0,48.0,254.0,592.0,644.0,4,786.0
2.0,14.0,254.0,592.0,609.0,644.0,4,786.0
2.0,14.0,254.0,592.0,609.0,786.0,4,974.0
2.0,14.0,254.0,592.0,609.0,786.0,4,974.0
2.0,14.0,592.0,609.0,786.0,877.0,4,974.0
2.0,14.0,592.0,609.0,786.0,877.0,4,1007.0
2.0,14.0,48.0,254.0,609.0,877.0,4,974.0
2.0,14.0,592.0,609.0,786.0,877.0,4,974.0
2.0,14.0,48.0,254.0,592.0,786.0,4,974.0
2.0,14.0,254.0,592.0,609.0,786.0,4,974.0
2.0,14.0,254.0,592.0,609.0,786.0,4,974.0
2.0,14.0,254.0,592.0,609.0,786.0,4,974.0
2.0,14.0,48.0,254.0,592.0,609.0,4,974.0
2.0,14.0,48.0,592.0,609.0,877.0,4,1007.0
2.0,14.0,48.0,592.0,609.0,877.0,4,1007.0
2.0,14.0,48.0,592.0,609.0,877.0,4,974.0
2.0,14.0,48.0,254.0,609.0,974.0,4,1007.0
2.0,14.0,48.0,254.0,609.0,974.0,4,1007.0
2.0,14.0,254.0,592.0,609.0,786.0,4,974.0
2.0,14.0,48.0,254.0,592.0,786.0,4,1007.0
2.0,14.0,48.0,254.0,592.0,786.0,4,974.0
2.0,14.0,48.0,254.0,592.0,786.0,4,974.0
2.0,14.0,48.0,254.0,592.0,786.0,4,877.0
2.0,14.0,48.0,254.0,592.0,786.0,4,1007.0
2.0,14.0,48.0,254.0,592.0,786.0,4,1007.0
2.0,14.0,48.0,254.0,532.0,592.0,4,974.0
2.0,14.0,532.0,592.0,786.0,877.0,4,974.0
2.0,14.0,254.0,532.0,592.0,786.0,4,877.0
2.0,14.0,254.0,532.0,592.0,786.0,4,877.0
2.0,14.0,48.0,254.0,592.0,786.0,4,1007.0
2.0,14.0,48.0,254.0,592.0,786.0,4,1007.0
2.0,14.0,532.0,592.0,786.0,877.0,4,1007.0
2.0,14.0,48.0,254.0,592.0,786.0,4,1007.0
2.0,14.0,532.0,592.0,786.0,877.0,4,974.0
2.0,14.0,48.0,254.0,592.0,786.0,4,1007.0
2.0,14.0,48.0,254.0,592.0,786.0,4,1007.0
2.0,14.0,48.0,254.0,592.0,786.0,4,1007.0
2.0,14.0,532.0,592.0,786.0,877.0,4,1007.0
2.0,14.0,48.0,254.0,532.0,877.0,4,974.0
2.0,14.0,48.0,254.0,592.0,786.0,4,1007.0
2.0,11.0,638.0,806.0,895.0,1008.0,4,1031.0
2.0,11.0,1.0,638.0,806.0,1008.0,4,1031.0
2.0,11.0,1.0,113.0,132.0,173.0,4,1008.0
2.0,11.0,1.0,113.0,132.0,274.0,4,638.0
2.0,11.0,1.0,638.0,895.0,1008.0,4,1031.0
2.0,11.0,1.0,638.0,895.0,1008.0,4,1031.0
2.0,11.0,638.0,806.0,895.0,1008.0,4,1031.0
2.0,11.0,132.0,806.0,895.0,1008.0,4,1031.0
2.0,11.0,113.0,132.0,806.0,1008.0,4,1031.0
2.0,11.0,1.0,132.0,638.0,1008.0,4,1031.0
2.0,30.0,657.0,689.0,847.0,953.0,4,963.0
2.0,30.0,598.0,657.0,847.0,953.0,4,963.0
2.0,30.0,121.0,350.0,598.0,657.0,4,689.0
2.0,30.0,350.0,598.0,705.0,847.0,4,953.0
2.0,30.0,657.0,689.0,705.0,953.0,4,963.0
2.0,30.0,689.0,705.0,847.0,953.0,4,963.0
2.0,30.0,598.0,657.0,847.0,953.0,4,963.0
2.0,30.0,598.0,657.0,847.0,953.0,4,963.0
2.0,30.0,350.0,598.0,657.0,689.0,4,847.0
2.0,30.0,350.0,598.0,657.0,705.0,4,953.0
2.0,30.0,657.0,689.0,847.0,953.0,4,963.0
2.0,14.0,48.0,254.0,592.0,786.0,4,1007.0
2.0,14.0,48.0,254.0,592.0,786.0,4,1007.0
2.0,14.0,592.0,609.0,786.0,877.0,4,1007.0
2.0,14.0,48.0,254.0,609.0,877.0,4,974.0
2.0,14.0,48.0,254.0,592.0,609.0,4,974.0
2.0,14.0,254.0,592.0,609.0,786.0,4,1007.0
2.0,14.0,592.0,609.0,786.0,877.0,4,1007.0
2.0,14.0,48.0,254.0,592.0,609.0,4,974.0
2.0,14.0,592.0,609.0,786.0,877.0,4,974.0
2.0,14.0,48.0,254.0,609.0,877.0,4,974.0
2.0,14.0,254.0,592.0,609.0,786.0,4,974.0
2.0,14.0,48.0,254.0,592.0,786.0,4,1007.0
2.0,14.0,592.0,609.0,786.0,877.0,4,1007.0
2.0,14.0,592.0,609.0,786.0,877.0,4,974.0
2.0,14.0,48.0,592.0,609.0,877.0,4,974.0
2.0,14.0,48.0,592.0,609.0,877.0,4,974.0
2.0,14.0,254.0,592.0,609.0,786.0,4,974.0
2.0,13.0,119.0,238.0,320.0,673.0,4,832.0
2.0,13.0,238.0,320.0,340.0,832.0,4,925.0
2.0,13.0,15.0,238.0,320.0,340.0,4,925.0
2.0,13.0,15.0,238.0,320.0,340.0,4,925.0
2.0,13.0,15.0,238.0,320.0,673.0,4,832.0
2.0,14.0,48.0,254.0,592.0,644.0,4,786.0
2.0,14.0,48.0,254.0,592.0,609.0,4,644.0
2.0,14.0,592.0,609.0,786.0,877.0,4,974.0
2.0,14.0,254.0,609.0,786.0,877.0,4,974.0
2.0,14.0,254.0,609.0,786.0,877.0,4,974.0
2.0,14.0,48.0,254.0,592.0,786.0,4,974.0
2.0,14.0,48.0,592.0,609.0,877.0,4,974.0
2.0,14.0,254.0,592.0,609.0,644.0,4,786.0
2.0,14.0,48.0,609.0,877.0,974.0,4,1007.0
2.0,14.0,48.0,254.0,592.0,644.0,4,786.0
2.0,14.0,518.0,592.0,609.0,786.0,4,974.0
2.0,14.0,48.0,254.0,592.0,609.0,4,1007.0
2.0,14.0,48.0,254.0,592.0,644.0,4,786.0
2.0,14.0,48.0,254.0,592.0,609.0,4,974.0
2.0,14.0,518.0,609.0,786.0,877.0,4,974.0
2.0,14.0,518.0,609.0,786.0,877.0,4,974.0
2.0,14.0,518.0,609.0,786.0,877.0,4,974.0
2.0,14.0,48.0,518.0,592.0,609.0,4,974.0
2.0,14.0,48.0,254.0,592.0,786.0,4,1007.0
2.0,14.0,518.0,592.0,609.0,786.0,4,877.0
2.0,14.0,518.0,592.0,609.0,786.0,4,877.0
2.0,14.0,518.0,592.0,609.0,786.0,4,877.0
2.0,14.0,48.0,254.0,592.0,786.0,4,877.0
2.0,18.0,14.0,191.0,719.0,866.0,4,886.0
2.0,18.0,14.0,678.0,811.0,866.0,4,886.0
2.0,18.0,14.0,579.0,811.0,866.0,4,886.0
2.0,18.0,14.0,579.0,719.0,811.0,4,843.0
2.0,15.0,229.0,659.0,714.0,764.0,4,860.0
2.0,15.0,229.0,659.0,714.0,764.0,4,860.0
2.0,15.0,221.0,373.0,602.0,803.0,4,860.0
2.0,15.0,221.0,229.0,602.0,764.0,4,803.0
2.0,15.0,229.0,659.0,714.0,764.0,4,860.0
2.0,15.0,229.0,659.0,714.0,764.0,4,860.0
2.0,15.0,373.0,659.0,714.0,803.0,4,860.0
2.0,23.0,158.0,234.0,440.0,740.0,4,1027.0
2.0,23.0,215.0,234.0,740.0,956.0,4,1027.0
2.0,23.0,12.0,158.0,234.0,740.0,4,1027.0
2.0,23.0,12.0,158.0,234.0,740.0,4,1027.0
2.0,23.0,158.0,215.0,740.0,956.0,4,1027.0
2.0,23.0,12.0,158.0,234.0,740.0,4,1027.0
2.0,23.0,12.0,158.0,234.0,956.0,4,1027.0
2.0,23.0,158.0,215.0,234.0,956.0,4,1027.0
2.0,32.0,44.0,61.0,155.0,477.0,4,499.0
2.0,32.0,44.0,420.0,477.0,499.0,4,849.0
2.0,32.0,44.0,61.0,420.0,477.0,4,499.0
2.0,32.0,44.0,155.0,420.0,450.0,4,849.0
2.0,32.0,44.0,61.0,477.0,499.0,4,849.0
2.0,1.0,570.0,577.0,790.0,808.0,4,820.0
2.0,1.0,570.0,577.0,790.0,808.0,4,820.0
2.0,1.0,305.0,356.0,625.0,790.0,4,960.0
2.0,1.0,305.0,356.0,625.0,790.0,4,960.0
2.0,1.0,305.0,577.0,625.0,820.0,4,960.0
2.0,1.0,570.0,577.0,790.0,808.0,4,820.0
2.0,1.0,570.0,577.0,790.0,808.0,4,820.0
2.0,1.0,305.0,356.0,625.0,790.0,4,960.0
2.0,1.0,305.0,577.0,625.0,790.0,4,808.0
2.0,6.0,35.0,623.0,730.0,876.0,4,1039.0
2.0,6.0,35.0,213.0,623.0,876.0,4,1010.0
2.0,6.0,35.0,213.0,397.0,730.0,4,1010.0
2.0,6.0,35.0,213.0,623.0,1010.0,4,1039.0
2.0,6.0,213.0,623.0,730.0,1010.0,4,1039.0
2.0,14.0,518.0,592.0,609.0,786.0,4,974.0
2.0,14.0,163.0,518.0,609.0,877.0,4,974.0
2.0,14.0,254.0,592.0,609.0,644.0,4,786.0
2.0,14.0,254.0,592.0,609.0,644.0,4,786.0
2.0,14.0,254.0,592.0,609.0,644.0,4,786.0
2.0,14.0,518.0,532.0,786.0,877.0,4,974.0
2.0,14.0,518.0,532.0,786.0,877.0,4,974.0
2.0,14.0,163.0,518.0,532.0,877.0,4,974.0
2.0,14.0,163.0,518.0,592.0,609.0,4,974.0
2.0,33.0,125.0,255.0,698.0,789.0,4,853.0
2.0,33.0,255.0,601.0,692.0,698.0,4,853.0
2.0,33.0,125.0,255.0,601.0,692.0,4,698.0
2.0,33.0,125.0,255.0,601.0,698.0,4,789.0
2.0,33.0,125.0,255.0,698.0,789.0,4,853.0
2.0,33.0,125.0,255.0,698.0,789.0,4,853.0
2.0,33.0,255.0,601.0,692.0,698.0,4,853.0
2.0,33.0,255.0,601.0,698.0,789.0,4,853.0
2.0,33.0,125.0,255.0,601.0,698.0,4,789.0
2.0,14.0,254.0,592.0,609.0,644.0,4,786.0
2.0,14.0,518.0,592.0,644.0,786.0,4,974.0
2.0,14.0,518.0,592.0,644.0,786.0,4,974.0
2.0,14.0,518.0,609.0,786.0,877.0,4,974.0
2.0,14.0,254.0,592.0,609.0,786.0,4,974.0
2.0,14.0,254.0,532.0,592.0,644.0,4,786.0
2.0,14.0,254.0,592.0,609.0,644.0,4,786.0
2.0,14.0,254.0,592.0,609.0,786.0,4,974.0
2.0,14.0,163.0,518.0,609.0,877.0,4,974.0
2.0,14.0,7.0,163.0,532.0,877.0,4,897.0
2.0,14.0,254.0,592.0,609.0,644.0,4,786.0
2.0,14.0,518.0,592.0,609.0,786.0,4,974.0
2.0,14.0,254.0,592.0,609.0,644.0,4,786.0
2.0,14.0,254.0,592.0,609.0,644.0,4,786.0
2.0,14.0,254.0,592.0,609.0,644.0,4,786.0
2.0,14.0,254.0,592.0,609.0,786.0,4,974.0
2.0,18.0,579.0,719.0,811.0,866.0,4,886.0
2.0,18.0,191.0,579.0,811.0,866.0,4,886.0
2.0,18.0,579.0,719.0,811.0,866.0,4,886.0
2.0,18.0,579.0,719.0,811.0,866.0,4,886.0
2.0,18.0,191.0,579.0,582.0,811.0,4,866.0
2.0,18.0,191.0,448.0,582.0,811.0,4,866.0
2.0,18.0,448.0,719.0,843.0,866.0,4,886.0
2.0,18.0,448.0,719.0,811.0,866.0,4,886.0
2.0,24.0,301.0,463.0,605.0,750.0,4,947.0
2.0,24.0,463.0,576.0,605.0,750.0,4,863.0
2.0,24.0,463.0,576.0,746.0,863.0,4,947.0
2.0,24.0,463.0,576.0,746.0,863.0,4,947.0
2.0,24.0,301.0,463.0,576.0,746.0,4,947.0
2.0,24.0,301.0,463.0,576.0,605.0,4,750.0
2.0,8.0,136.0,151.0,201.0,575.0,4,747.0
2.0,8.0,136.0,151.0,153.0,400.0,4,575.0
2.0,8.0,57.0,151.0,153.0,400.0,4,627.0
2.0,8.0,57.0,136.0,153.0,400.0,4,575.0
2.0,8.0,136.0,151.0,153.0,400.0,4,627.0
2.0,8.0,57.0,136.0,153.0,400.0,4,627.0
2.0,14.0,254.0,592.0,609.0,644.0,4,786.0
2.0,14.0,272.0,518.0,592.0,609.0,4,974.0
2.0,14.0,272.0,518.0,609.0,877.0,4,974.0
2.0,14.0,518.0,532.0,786.0,877.0,4,974.0
2.0,14.0,272.0,518.0,592.0,609.0,4,974.0
2.0,14.0,272.0,518.0,532.0,877.0,4,974.0
2.0,14.0,254.0,592.0,609.0,644.0,4,786.0
2.0,14.0,518.0,592.0,609.0,786.0,4,974.0
2.0,14.0,518.0,532.0,786.0,877.0,4,974.0
2.0,14.0,518.0,532.0,786.0,877.0,4,974.0
2.0,14.0,518.0,532.0,786.0,877.0,4,974.0
2.0,14.0,254.0,272.0,592.0,609.0,4,644.0
2.0,14.0,254.0,592.0,609.0,644.0,4,786.0
2.0,14.0,254.0,532.0,592.0,644.0,4,786.0
2.0,14.0,254.0,532.0,592.0,644.0,4,786.0
2.0,14.0,518.0,532.0,786.0,877.0,4,974.0
2.0,14.0,272.0,518.0,532.0,877.0,4,974.0
2.0,14.0,7.0,272.0,877.0,897.0,4,974.0
2.0,28.0,110.0,497.0,608.0,754.0,4,922.0
2.0,28.0,110.0,146.0,608.0,922.0,4,971.0
2.0,28.0,146.0,608.0,859.0,890.0,4,971.0
2.0,28.0,110.0,497.0,859.0,890.0,4,971.0
2.0,28.0,110.0,497.0,608.0,859.0,4,922.0
2.0,28.0,110.0,497.0,608.0,754.0,4,922.0
2.0,28.0,110.0,497.0,608.0,922.0,4,971.0
2.0,28.0,110.0,497.0,608.0,754.0,4,922.0
2.0,28.0,110.0,497.0,608.0,922.0,4,971.0
2.0,11.0,132.0,602.0,638.0,700.0,4,1008.0
2.0,11.0,132.0,602.0,638.0,700.0,4,1008.0
2.0,11.0,132.0,602.0,700.0,1008.0,4,1031.0
2.0,11.0,132.0,602.0,638.0,700.0,4,1008.0
2.0,11.0,1.0,638.0,700.0,1008.0,4,1031.0
2.0,30.0,121.0,335.0,389.0,598.0,4,847.0
2.0,30.0,335.0,389.0,598.0,705.0,4,847.0
2.0,30.0,350.0,598.0,705.0,953.0,4,963.0
2.0,30.0,290.0,705.0,847.0,953.0,4,963.0
2.0,30.0,290.0,705.0,847.0,953.0,4,963.0
2.0,30.0,598.0,705.0,847.0,953.0,4,963.0
2.0,30.0,121.0,598.0,705.0,953.0,4,963.0
2.0,30.0,121.0,389.0,847.0,953.0,4,963.0
2.0,30.0,335.0,350.0,389.0,705.0,4,963.0
2.0,30.0,598.0,705.0,847.0,953.0,4,963.0
2.0,14.0,254.0,592.0,609.0,786.0,4,974.0
2.0,14.0,254.0,592.0,609.0,786.0,4,974.0
2.0,14.0,518.0,532.0,592.0,644.0,4,786.0
2.0,14.0,272.0,518.0,532.0,644.0,4,877.0
2.0,14.0,272.0,518.0,592.0,609.0,4,644.0
2.0,14.0,254.0,592.0,609.0,786.0,4,974.0
2.0,14.0,518.0,592.0,609.0,786.0,4,974.0
2.0,14.0,254.0,532.0,592.0,786.0,4,877.0
2.0,14.0,254.0,532.0,592.0,786.0,4,974.0
2.0,14.0,254.0,592.0,609.0,786.0,4,974.0
2.0,14.0,254.0,592.0,609.0,786.0,4,974.0
2.0,14.0,254.0,592.0,609.0,786.0,4,974.0
2.0,14.0,518.0,532.0,644.0,786.0,4,877.0
2.0,14.0,518.0,532.0,644.0,786.0,4,877.0
2.0,14.0,254.0,609.0,786.0,877.0,4,974.0
2.0,14.0,254.0,609.0,786.0,877.0,4,974.0
2.0,14.0,254.0,592.0,609.0,786.0,4,974.0
2.0,14.0,254.0,609.0,644.0,786.0,4,974.0
2.0,14.0,254.0,609.0,644.0,786.0,4,974.0
2.0,4.0,81.0,259.0,487.0,505.0,4,992.0
2.0,4.0,81.0,259.0,487.0,505.0,4,992.0
2.0,4.0,103.0,259.0,505.0,589.0,4,992.0
2.0,4.0,81.0,103.0,487.0,589.0,4,992.0
2.0,4.0,81.0,103.0,505.0,589.0,4,992.0
2.0,4.0,81.0,259.0,487.0,505.0,4,992.0
2.0,4.0,103.0,259.0,505.0,589.0,4,992.0
2.0,4.0,81.0,487.0,505.0,589.0,4,992.0
2.0,4.0,81.0,259.0,487.0,505.0,4,589.0
2.0,24.0,174.0,463.0,576.0,605.0,4,750.0
2.0,24.0,174.0,576.0,605.0,655.0,4,750.0
2.0,24.0,174.0,463.0,605.0,655.0,4,750.0
2.0,24.0,174.0,463.0,576.0,746.0,4,947.0
2.0,24.0,576.0,746.0,750.0,863.0,4,947.0
2.0,24.0,576.0,605.0,746.0,750.0,4,863.0
2.0,24.0,174.0,605.0,655.0,750.0,4,947.0
2.0,9.0,68.0,74.0,452.0,1011.0,4,1019.0
2.0,9.0,68.0,74.0,452.0,1011.0,4,1019.0
2.0,9.0,74.0,452.0,599.0,1011.0,4,1019.0
2.0,9.0,34.0,74.0,599.0,1012.0,4,1019.0
2.0,0.0,493.0,535.0,695.0,713.0,4,1037.0
2.0,0.0,493.0,535.0,695.0,713.0,4,1037.0
2.0,0.0,493.0,535.0,713.0,851.0,4,1037.0
2.0,0.0,13.0,695.0,713.0,851.0,4,1037.0
2.0,0.0,493.0,535.0,713.0,851.0,4,1037.0
2.0,0.0,535.0,676.0,713.0,851.0,4,1037.0
2.0,0.0,493.0,695.0,713.0,851.0,4,910.0
2.0,0.0,13.0,493.0,535.0,695.0,4,713.0
2.0,0.0,13.0,493.0,535.0,713.0,4,851.0
2.0,0.0,13.0,493.0,535.0,713.0,4,851.0
2.0,17.0,148.0,149.0,211.0,809.0,4,829.0
2.0,17.0,149.0,337.0,635.0,809.0,4,829.0
2.0,17.0,149.0,489.0,635.0,809.0,4,829.0
2.0,17.0,148.0,149.0,211.0,809.0,4,829.0
2.0,17.0,148.0,149.0,337.0,809.0,4,829.0
2.0,17.0,148.0,149.0,489.0,809.0,4,829.0
2.0,17.0,148.0,149.0,489.0,809.0,4,829.0
2.0,17.0,148.0,149.0,489.0,809.0,4,829.0
2.0,14.0,254.0,592.0,609.0,786.0,4,974.0
2.0,14.0,518.0,532.0,592.0,786.0,4,974.0
2.0,14.0,518.0,592.0,609.0,644.0,4,786.0
2.0,14.0,254.0,272.0,532.0,592.0,4,644.0
2.0,14.0,254.0,592.0,609.0,786.0,4,974.0
2.0,14.0,518.0,532.0,592.0,786.0,4,974.0
2.0,14.0,518.0,532.0,644.0,786.0,4,877.0
2.0,14.0,272.0,518.0,592.0,609.0,4,644.0
2.0,14.0,254.0,272.0,592.0,609.0,4,974.0
2.0,14.0,254.0,592.0,609.0,786.0,4,974.0
2.0,14.0,254.0,592.0,609.0,786.0,4,974.0
2.0,14.0,518.0,532.0,592.0,786.0,4,974.0
2.0,14.0,518.0,532.0,644.0,786.0,4,877.0
2.0,14.0,272.0,592.0,609.0,644.0,4,897.0
2.0,14.0,254.0,592.0,609.0,786.0,4,974.0
2.0,14.0,518.0,532.0,644.0,786.0,4,877.0
2.0,14.0,518.0,532.0,644.0,786.0,4,877.0
2.0,29.0,46.0,86.0,338.0,456.0,4,914.0
2.0,29.0,94.0,283.0,338.0,456.0,4,914.0
2.0,29.0,94.0,283.0,338.0,456.0,4,914.0
2.0,29.0,46.0,86.0,338.0,456.0,4,914.0
2.0,29.0,46.0,94.0,283.0,456.0,4,914.0
2.0,29.0,86.0,144.0,283.0,338.0,4,387.0
2.0,14.0,48.0,592.0,786.0,897.0,4,974.0
2.0,14.0,48.0,518.0,609.0,644.0,4,877.0
2.0,14.0,48.0,254.0,592.0,786.0,4,974.0
2.0,14.0,48.0,254.0,592.0,786.0,4,974.0
2.0,14.0,592.0,609.0,644.0,786.0,4,897.0
2.0,14.0,48.0,518.0,609.0,644.0,4,877.0
2.0,14.0,254.0,592.0,609.0,786.0,4,877.0
2.0,14.0,254.0,592.0,609.0,644.0,4,786.0
2.0,28.0,110.0,497.0,608.0,754.0,4,922.0
2.0,28.0,367.0,608.0,859.0,890.0,4,971.0
2.0,28.0,367.0,608.0,859.0,890.0,4,971.0
2.0,28.0,110.0,497.0,608.0,754.0,4,922.0
2.0,28.0,110.0,367.0,608.0,922.0,4,971.0
2.0,28.0,367.0,608.0,859.0,922.0,4,971.0
2.0,28.0,110.0,367.0,608.0,859.0,4,922.0
2.0,28.0,110.0,497.0,608.0,859.0,4,922.0
2.0,14.0,48.0,254.0,592.0,786.0,4,974.0
2.0,14.0,48.0,254.0,592.0,786.0,4,974.0
2.0,14.0,592.0,609.0,786.0,897.0,4,974.0
2.0,14.0,48.0,609.0,644.0,877.0,4,897.0
2.0,14.0,518.0,592.0,609.0,644.0,4,786.0
2.0,14.0,7.0,518.0,592.0,609.0,4,786.0
2.0,14.0,254.0,592.0,609.0,786.0,4,974.0
2.0,14.0,48.0,609.0,644.0,877.0,4,897.0
2.0,14.0,48.0,609.0,644.0,877.0,4,897.0
2.0,14.0,48.0,609.0,644.0,877.0,4,897.0
2.0,14.0,609.0,644.0,786.0,877.0,4,897.0
2.0,14.0,48.0,518.0,532.0,644.0,4,877.0
2.0,14.0,48.0,518.0,532.0,877.0,4,974.0
2.0,14.0,48.0,532.0,877.0,897.0,4,974.0
2.0,14.0,609.0,786.0,877.0,897.0,4,974.0
2.0,14.0,532.0,786.0,877.0,897.0,4,974.0
2.0,14.0,592.0,609.0,786.0,897.0,4,974.0
2.0,14.0,592.0,609.0,644.0,786.0,4,897.0
2.0,14.0,48.0,592.0,609.0,644.0,4,897.0
2.0,14.0,518.0,592.0,609.0,786.0,4,877.0
2.0,14.0,518.0,592.0,609.0,786.0,4,877.0
2.0,14.0,518.0,609.0,644.0,786.0,4,877.0
2.0,14.0,48.0,518.0,532.0,644.0,4,897.0
2.0,23.0,158.0,234.0,418.0,798.0,4,1036.0
2.0,23.0,158.0,215.0,655.0,740.0,4,1027.0
2.0,23.0,158.0,215.0,655.0,740.0,4,1027.0
2.0,23.0,655.0,673.0,740.0,798.0,4,1027.0
2.0,23.0,418.0,673.0,798.0,1027.0,4,1036.0
2.0,23.0,158.0,234.0,418.0,798.0,4,1036.0
2.0,23.0,158.0,234.0,418.0,798.0,4,1036.0
2.0,23.0,158.0,234.0,418.0,798.0,4,1036.0
2.0,23.0,158.0,234.0,418.0,798.0,4,1036.0
2.0,23.0,158.0,234.0,418.0,798.0,4,1036.0
2.0,23.0,158.0,234.0,418.0,798.0,4,1036.0
2.0,23.0,158.0,234.0,673.0,740.0,4,1027.0
2.0,23.0,234.0,418.0,673.0,740.0,4,1027.0
2.0,26.0,40.0,41.0,315.0,874.0,4,948.0
2.0,26.0,41.0,634.0,824.0,948.0,4,1024.0
2.0,26.0,634.0,824.0,874.0,948.0,4,1024.0
2.0,26.0,40.0,634.0,824.0,874.0,4,1024.0
2.0,26.0,40.0,634.0,824.0,874.0,4,1024.0
2.0,26.0,40.0,315.0,634.0,874.0,4,1024.0
2.0,26.0,40.0,41.0,315.0,874.0,4,1024.0
2.0,26.0,40.0,41.0,315.0,874.0,4,948.0
2.0,26.0,40.0,41.0,315.0,874.0,4,948.0
2.0,26.0,40.0,41.0,315.0,634.0,4,1024.0
2.0,26.0,40.0,41.0,634.0,874.0,4,1024.0
2.0,26.0,556.0,634.0,684.0,824.0,4,1024.0
2.0,23.0,158.0,418.0,655.0,740.0,4,1027.0
2.0,23.0,158.0,655.0,740.0,798.0,4,1027.0
2.0,23.0,158.0,655.0,673.0,798.0,4,1027.0
2.0,23.0,234.0,740.0,798.0,1027.0,4,1036.0
2.0,23.0,234.0,740.0,798.0,1027.0,4,1036.0
2.0,23.0,234.0,418.0,740.0,798.0,4,1036.0
2.0,23.0,158.0,234.0,418.0,798.0,4,1036.0
2.0,23.0,63.0,158.0,655.0,740.0,4,1027.0
2.0,23.0,63.0,418.0,655.0,740.0,4,1027.0
2.0,23.0,234.0,418.0,740.0,798.0,4,1027.0
2.0,23.0,234.0,418.0,740.0,798.0,4,1027.0
2.0,23.0,158.0,418.0,798.0,1027.0,4,1036.0
2.0,23.0,158.0,418.0,673.0,798.0,4,1036.0
2.0,23.0,158.0,234.0,655.0,740.0,4,1027.0
2.0,23.0,158.0,234.0,655.0,740.0,4,1027.0
2.0,23.0,158.0,234.0,418.0,740.0,4,1027.0
2.0,23.0,158.0,418.0,740.0,1027.0,4,1036.0
2.0,23.0,158.0,234.0,418.0,740.0,4,1027.0
2.0,23.0,158.0,234.0,418.0,740.0,4,1027.0
2.0,23.0,63.0,234.0,418.0,740.0,4,1027.0
2.0,23.0,158.0,740.0,798.0,1027.0,4,1036.0
2.0,34.0,36.0,55.0,67.0,137.0,4,247.0
2.0,34.0,36.0,278.0,404.0,538.0,4,753.0
2.0,34.0,36.0,55.0,137.0,538.0,4,753.0
2.0,34.0,55.0,137.0,404.0,538.0,4,753.0
2.0,34.0,55.0,137.0,248.0,404.0,4,538.0
2.0,34.0,55.0,137.0,404.0,538.0,4,753.0
2.0,34.0,55.0,137.0,404.0,538.0,4,753.0
2.0,34.0,36.0,55.0,404.0,538.0,4,753.0
2.0,34.0,55.0,67.0,137.0,404.0,4,753.0
2.0,23.0,158.0,418.0,798.0,1027.0,4,1036.0
2.0,23.0,234.0,418.0,673.0,740.0,4,1036.0
2.0,23.0,158.0,234.0,418.0,740.0,4,1036.0
2.0,23.0,158.0,234.0,418.0,798.0,4,1027.0
2.0,23.0,234.0,418.0,740.0,798.0,4,1036.0
2.0,23.0,234.0,418.0,740.0,798.0,4,1036.0
2.0,23.0,158.0,234.0,418.0,740.0,4,1027.0
2.0,23.0,158.0,234.0,740.0,798.0,4,1027.0
2.0,23.0,158.0,234.0,418.0,798.0,4,1036.0
2.0,30.0,64.0,121.0,409.0,705.0,4,953.0
2.0,30.0,64.0,121.0,335.0,409.0,4,705.0
2.0,30.0,64.0,121.0,350.0,847.0,4,953.0
2.0,30.0,64.0,121.0,350.0,847.0,4,953.0
2.0,30.0,335.0,350.0,389.0,847.0,4,953.0
2.0,30.0,335.0,350.0,389.0,847.0,4,953.0
2.0,30.0,64.0,121.0,598.0,705.0,4,847.0
2.0,30.0,64.0,121.0,598.0,705.0,4,847.0
2.0,30.0,64.0,121.0,598.0,705.0,4,847.0
2.0,30.0,64.0,121.0,350.0,705.0,4,953.0
2.0,15.0,229.0,659.0,714.0,764.0,4,860.0
2.0,15.0,229.0,602.0,659.0,764.0,4,860.0
2.0,15.0,226.0,373.0,602.0,803.0,4,860.0
2.0,15.0,373.0,659.0,714.0,764.0,4,860.0
2.0,15.0,229.0,602.0,659.0,764.0,4,860.0
2.0,15.0,602.0,659.0,764.0,803.0,4,860.0
2.0,15.0,373.0,602.0,659.0,764.0,4,803.0
2.0,15.0,226.0,229.0,602.0,681.0,4,803.0
2.0,23.0,158.0,418.0,798.0,1027.0,4,1036.0
2.0,23.0,234.0,418.0,740.0,798.0,4,1036.0
2.0,23.0,158.0,234.0,418.0,740.0,4,1027.0
2.0,23.0,158.0,234.0,418.0,740.0,4,1027.0
2.0,23.0,158.0,234.0,655.0,740.0,4,1027.0
2.0,23.0,158.0,418.0,655.0,740.0,4,1036.0
2.0,23.0,158.0,418.0,655.0,740.0,4,1036.0
2.0,23.0,158.0,234.0,418.0,798.0,4,1036.0
2.0,23.0,158.0,418.0,798.0,1027.0,4,1036.0
2.0,23.0,158.0,234.0,418.0,798.0,4,1036.0
2.0,23.0,158.0,418.0,798.0,1027.0,4,1036.0
2.0,23.0,158.0,418.0,798.0,1027.0,4,1036.0
2.0,23.0,234.0,418.0,740.0,798.0,4,1036.0
2.0,23.0,234.0,418.0,740.0,798.0,4,1036.0
2.0,23.0,158.0,234.0,673.0,740.0,4,1027.0
2.0,23.0,158.0,234.0,673.0,740.0,4,1036.0
2.0,23.0,158.0,234.0,418.0,740.0,4,1036.0
2.0,23.0,158.0,418.0,798.0,1027.0,4,1036.0
2.0,23.0,158.0,234.0,418.0,740.0,4,1036.0
2.0,23.0,158.0,234.0,740.0,798.0,4,1036.0
2.0,1.0,118.0,570.0,790.0,808.0,4,820.0
2.0,1.0,305.0,356.0,625.0,820.0,4,960.0
2.0,1.0,305.0,356.0,625.0,820.0,4,960.0
2.0,1.0,305.0,356.0,625.0,820.0,4,960.0
2.0,1.0,118.0,570.0,790.0,808.0,4,820.0
2.0,1.0,118.0,570.0,790.0,808.0,4,960.0
2.0,1.0,118.0,625.0,790.0,808.0,4,960.0
2.0,1.0,305.0,356.0,625.0,790.0,4,820.0
2.0,17.0,47.0,148.0,635.0,642.0,4,829.0
2.0,17.0,47.0,148.0,635.0,642.0,4,829.0
2.0,17.0,148.0,149.0,337.0,489.0,4,809.0
2.0,17.0,47.0,148.0,635.0,642.0,4,829.0
2.0,17.0,47.0,148.0,635.0,642.0,4,829.0
2.0,17.0,47.0,489.0,635.0,642.0,4,809.0
2.0,17.0,47.0,489.0,635.0,809.0,4,991.0
2.0,17.0,149.0,489.0,653.0,809.0,4,991.0
2.0,17.0,149.0,489.0,653.0,809.0,4,991.0
2.0,23.0,158.0,234.0,740.0,798.0,4,1027.0
2.0,23.0,63.0,158.0,655.0,798.0,4,1027.0
2.0,23.0,63.0,158.0,655.0,798.0,4,1027.0
2.0,23.0,63.0,158.0,234.0,740.0,4,1027.0
2.0,23.0,158.0,234.0,740.0,798.0,4,1027.0
2.0,23.0,158.0,234.0,740.0,798.0,4,1027.0
2.0,23.0,158.0,234.0,740.0,798.0,4,1027.0
2.0,23.0,158.0,234.0,740.0,798.0,4,1027.0
2.0,23.0,12.0,158.0,740.0,798.0,4,1027.0
2.0,23.0,12.0,158.0,740.0,956.0,4,1027.0
2.0,23.0,158.0,234.0,740.0,798.0,4,1027.0
2.0,23.0,63.0,234.0,798.0,956.0,4,1027.0
2.0,23.0,12.0,63.0,158.0,798.0,4,956.0
2.0,23.0,158.0,234.0,798.0,956.0,4,1027.0
2.0,23.0,12.0,63.0,798.0,956.0,4,1027.0
2.0,9.0,29.0,599.0,815.0,828.0,4,941.0
2.0,9.0,29.0,34.0,815.0,828.0,4,941.0
2.0,9.0,29.0,34.0,815.0,828.0,4,941.0
2.0,9.0,29.0,34.0,452.0,845.0,4,941.0
2.0,9.0,34.0,74.0,452.0,828.0,4,845.0
2.0,9.0,34.0,74.0,452.0,828.0,4,845.0
2.0,9.0,34.0,74.0,452.0,828.0,4,845.0
2.0,9.0,29.0,815.0,828.0,845.0,4,941.0
2.0,9.0,29.0,599.0,815.0,828.0,4,941.0
2.0,9.0,29.0,34.0,815.0,828.0,4,941.0
2.0,9.0,29.0,34.0,452.0,828.0,4,941.0
2.0,9.0,29.0,34.0,452.0,845.0,4,941.0
2.0,9.0,34.0,74.0,452.0,845.0,4,941.0
2.0,23.0,12.0,158.0,234.0,798.0,4,1027.0
2.0,23.0,158.0,234.0,798.0,956.0,4,1027.0
2.0,23.0,158.0,234.0,798.0,956.0,4,1027.0
2.0,23.0,12.0,63.0,798.0,956.0,4,1027.0
2.0,23.0,12.0,63.0,158.0,234.0,4,798.0
2.0,23.0,63.0,158.0,234.0,798.0,4,1027.0
2.0,23.0,63.0,158.0,234.0,798.0,4,1027.0
2.0,6.0,85.0,250.0,623.0,730.0,4,1039.0
2.0,6.0,35.0,213.0,250.0,623.0,4,1010.0
2.0,6.0,35.0,213.0,250.0,623.0,4,1010.0
2.0,6.0,35.0,213.0,730.0,1010.0,4,1039.0
2.0,6.0,35.0,85.0,213.0,623.0,4,1010.0
2.0,6.0,35.0,85.0,213.0,623.0,4,1010.0
2.0,6.0,35.0,85.0,213.0,623.0,4,1010.0
2.0,6.0,85.0,250.0,623.0,730.0,4,1039.0
2.0,6.0,85.0,250.0,623.0,730.0,4,1039.0
2.0,6.0,85.0,250.0,623.0,730.0,4,1039.0
2.0,6.0,35.0,213.0,250.0,397.0,4,1010.0
2.0,6.0,35.0,213.0,397.0,876.0,4,1010.0
2.0,6.0,35.0,213.0,397.0,876.0,4,1010.0
2.0,6.0,213.0,227.0,397.0,876.0,4,1010.0
2.0,6.0,213.0,227.0,397.0,876.0,4,937.0
2.0,0.0,13.0,493.0,686.0,695.0,4,713.0
2.0,0.0,13.0,493.0,695.0,713.0,4,851.0
2.0,0.0,493.0,535.0,686.0,695.0,4,851.0
2.0,0.0,493.0,535.0,686.0,695.0,4,851.0
2.0,0.0,493.0,686.0,695.0,713.0,4,1037.0
2.0,0.0,493.0,686.0,695.0,851.0,4,1037.0
2.0,0.0,493.0,535.0,695.0,851.0,4,1037.0
2.0,0.0,493.0,535.0,695.0,851.0,4,1037.0
2.0,0.0,493.0,535.0,686.0,713.0,4,1037.0
2.0,23.0,12.0,158.0,234.0,798.0,4,1027.0
2.0,23.0,12.0,158.0,234.0,956.0,4,1027.0
2.0,23.0,158.0,234.0,440.0,956.0,4,1027.0
2.0,23.0,12.0,158.0,234.0,798.0,4,1027.0
2.0,23.0,12.0,158.0,234.0,798.0,4,1027.0
2.0,23.0,12.0,158.0,234.0,798.0,4,1027.0
2.0,4.0,3.0,81.0,259.0,290.0,4,646.0
2.0,4.0,81.0,259.0,290.0,616.0,4,646.0
2.0,4.0,81.0,259.0,290.0,616.0,4,646.0
2.0,4.0,46.0,259.0,487.0,616.0,4,646.0
2.0,4.0,3.0,81.0,259.0,290.0,4,646.0
2.0,4.0,81.0,259.0,290.0,487.0,4,646.0
2.0,4.0,46.0,259.0,290.0,616.0,4,646.0
2.0,4.0,81.0,259.0,290.0,616.0,4,646.0
2.0,29.0,93.0,94.0,338.0,456.0,4,725.0
2.0,29.0,94.0,338.0,456.0,505.0,4,725.0
2.0,29.0,86.0,338.0,456.0,505.0,4,914.0
2.0,29.0,86.0,338.0,456.0,505.0,4,914.0
2.0,29.0,93.0,283.0,456.0,800.0,4,914.0
2.0,23.0,12.0,158.0,234.0,740.0,4,1027.0
2.0,23.0,12.0,158.0,234.0,740.0,4,1027.0
2.0,23.0,12.0,158.0,234.0,740.0,4,798.0
2.0,23.0,158.0,234.0,740.0,798.0,4,1027.0
2.0,23.0,12.0,234.0,740.0,798.0,4,1027.0
2.0,23.0,12.0,158.0,234.0,740.0,4,1027.0
2.0,23.0,63.0,480.0,655.0,740.0,4,1027.0
2.0,1.0,570.0,577.0,790.0,808.0,4,820.0
2.0,1.0,570.0,577.0,790.0,808.0,4,820.0
2.0,1.0,570.0,577.0,808.0,820.0,4,960.0
2.0,1.0,305.0,570.0,577.0,820.0,4,960.0
2.0,1.0,118.0,305.0,625.0,820.0,4,960.0
2.0,1.0,118.0,305.0,577.0,790.0,4,808.0
2.0,1.0,570.0,577.0,790.0,808.0,4,820.0
2.0,1.0,570.0,577.0,808.0,820.0,4,960.0
2.0,1.0,570.0,577.0,808.0,820.0,4,960.0
2.0,1.0,118.0,577.0,808.0,820.0,4,960.0
2.0,1.0,118.0,625.0,808.0,820.0,4,960.0
2.0,1.0,118.0,305.0,625.0,820.0,4,960.0
2.0,1.0,118.0,305.0,625.0,790.0,4,960.0
2.0,23.0,12.0,158.0,440.0,956.0,4,1027.0
2.0,23.0,158.0,234.0,440.0,740.0,4,956.0
2.0,23.0,12.0,234.0,440.0,956.0,4,1027.0
2.0,23.0,12.0,234.0,440.0,956.0,4,1027.0
2.0,23.0,158.0,440.0,740.0,956.0,4,1027.0
2.0,23.0,12.0,234.0,440.0,956.0,4,1027.0
2.0,23.0,12.0,158.0,234.0,440.0,4,1027.0
2.0,23.0,12.0,234.0,440.0,740.0,4,1027.0
2.0,23.0,158.0,234.0,440.0,956.0,4,1027.0
2.0,23.0,12.0,158.0,234.0,440.0,4,740.0
2.0,23.0,12.0,440.0,740.0,798.0,4,1027.0
2.0,23.0,158.0,234.0,440.0,956.0,4,1027.0
2.0,23.0,12.0,158.0,234.0,440.0,4,740.0
2.0,23.0,12.0,158.0,234.0,440.0,4,740.0
2.0,23.0,12.0,158.0,234.0,440.0,4,740.0
2.0,23.0,158.0,234.0,440.0,956.0,4,1027.0
2.0,23.0,12.0,158.0,234.0,740.0,4,1027.0
2.0,23.0,12.0,158.0,440.0,740.0,4,798.0
2.0,23.0,12.0,158.0,234.0,440.0,4,740.0
2.0,23.0,12.0,440.0,740.0,798.0,4,1027.0
2.0,23.0,158.0,234.0,440.0,740.0,4,1027.0
2.0,23.0,12.0,158.0,234.0,440.0,4,740.0
2.0,23.0,12.0,158.0,740.0,798.0,4,1027.0
2.0,23.0,12.0,234.0,740.0,798.0,4,1027.0
2.0,23.0,12.0,158.0,234.0,798.0,4,1027.0
2.0,23.0,158.0,234.0,440.0,798.0,4,1027.0
2.0,23.0,12.0,158.0,234.0,440.0,4,1027.0
2.0,23.0,12.0,158.0,440.0,740.0,4,798.0
2.0,23.0,12.0,158.0,234.0,798.0,4,1027.0
2.0,23.0,158.0,234.0,440.0,798.0,4,1027.0
2.0,23.0,12.0,158.0,234.0,798.0,4,1027.0
2.0,23.0,12.0,234.0,740.0,798.0,4,1027.0
2.0,23.0,12.0,158.0,234.0,740.0,4,798.0
2.0,23.0,12.0,158.0,234.0,440.0,4,1027.0
2.0,24.0,262.0,463.0,576.0,841.0,4,863.0
2.0,24.0,169.0,204.0,301.0,463.0,4,576.0
2.0,24.0,301.0,463.0,494.0,576.0,4,863.0
2.0,24.0,262.0,463.0,494.0,576.0,4,863.0
2.0,24.0,262.0,463.0,576.0,841.0,4,863.0
2.0,24.0,169.0,262.0,463.0,576.0,4,863.0
2.0,24.0,262.0,301.0,494.0,576.0,4,863.0
2.0,24.0,262.0,463.0,494.0,576.0,4,863.0
2.0,7.0,277.0,396.0,432.0,455.0,4,530.0
2.0,7.0,66.0,106.0,396.0,432.0,4,455.0
2.0,7.0,66.0,106.0,277.0,396.0,4,455.0
2.0,7.0,106.0,277.0,451.0,455.0,4,530.0
2.0,7.0,106.0,277.0,451.0,455.0,4,530.0
2.0,7.0,106.0,396.0,432.0,455.0,4,530.0
2.0,7.0,277.0,396.0,432.0,451.0,4,455.0
2.0,7.0,106.0,277.0,451.0,455.0,4,530.0
2.0,11.0,113.0,638.0,806.0,1008.0,4,1031.0
2.0,11.0,1.0,113.0,132.0,173.0,4,895.0
2.0,11.0,1.0,113.0,638.0,1008.0,4,1031.0
2.0,11.0,638.0,806.0,895.0,1008.0,4,1031.0
2.0,11.0,638.0,806.0,895.0,1008.0,4,1031.0
2.0,11.0,1.0,132.0,638.0,806.0,4,1008.0
2.0,11.0,1.0,132.0,173.0,806.0,4,895.0
2.0,11.0,1.0,132.0,173.0,806.0,4,1008.0
2.0,23.0,158.0,234.0,440.0,798.0,4,1027.0
2.0,23.0,12.0,158.0,234.0,740.0,4,956.0
2.0,23.0,158.0,234.0,740.0,798.0,4,1027.0
2.0,23.0,12.0,158.0,234.0,798.0,4,1027.0
2.0,23.0,158.0,234.0,440.0,798.0,4,1027.0
2.0,23.0,12.0,158.0,234.0,740.0,4,956.0
2.0,23.0,12.0,158.0,234.0,740.0,4,956.0
2.0,23.0,12.0,158.0,234.0,440.0,4,798.0
2.0,23.0,158.0,234.0,440.0,798.0,4,1027.0
2.0,34.0,36.0,55.0,137.0,278.0,4,718.0
2.0,34.0,36.0,137.0,224.0,718.0,4,753.0
2.0,34.0,36.0,55.0,224.0,458.0,4,753.0
2.0,34.0,36.0,55.0,137.0,458.0,4,753.0
2.0,34.0,36.0,55.0,137.0,718.0,4,753.0
2.0,34.0,55.0,137.0,224.0,718.0,4,753.0
2.0,23.0,158.0,234.0,440.0,798.0,4,1027.0
2.0,23.0,12.0,158.0,234.0,740.0,4,1027.0
2.0,23.0,12.0,158.0,440.0,740.0,4,798.0
2.0,23.0,12.0,158.0,440.0,740.0,4,798.0
2.0,23.0,12.0,215.0,440.0,740.0,4,798.0
2.0,23.0,12.0,234.0,440.0,740.0,4,798.0
2.0,23.0,12.0,234.0,740.0,798.0,4,1027.0
2.0,23.0,12.0,234.0,740.0,798.0,4,1027.0
2.0,23.0,12.0,215.0,234.0,740.0,4,1027.0
2.0,23.0,12.0,215.0,234.0,740.0,4,1027.0
2.0,23.0,12.0,234.0,440.0,740.0,4,798.0
2.0,23.0,12.0,215.0,740.0,798.0,4,956.0
2.0,23.0,12.0,215.0,440.0,740.0,4,798.0
2.0,23.0,158.0,234.0,440.0,798.0,4,1027.0
2.0,23.0,12.0,158.0,440.0,798.0,4,1027.0
2.0,23.0,158.0,234.0,440.0,798.0,4,1027.0
2.0,23.0,12.0,158.0,215.0,740.0,4,956.0
2.0,23.0,12.0,158.0,234.0,440.0,4,798.0
2.0,23.0,12.0,158.0,234.0,798.0,4,1027.0
2.0,23.0,12.0,158.0,234.0,740.0,4,798.0
2.0,23.0,12.0,158.0,234.0,740.0,4,798.0
2.0,23.0,12.0,158.0,215.0,740.0,4,956.0
2.0,23.0,12.0,215.0,740.0,956.0,4,1027.0
2.0,23.0,12.0,215.0,740.0,798.0,4,956.0
2.0,23.0,12.0,215.0,740.0,798.0,4,956.0
2.0,23.0,12.0,215.0,740.0,798.0,4,956.0
2.0,23.0,12.0,158.0,234.0,440.0,4,798.0
2.0,23.0,12.0,215.0,234.0,740.0,4,956.0
2.0,23.0,12.0,215.0,234.0,740.0,4,956.0
2.0,23.0,158.0,234.0,740.0,956.0,4,1027.0
2.0,23.0,63.0,440.0,655.0,740.0,4,956.0
2.0,26.0,40.0,41.0,874.0,948.0,4,1024.0
2.0,26.0,40.0,315.0,634.0,684.0,4,857.0
2.0,26.0,40.0,41.0,634.0,874.0,4,948.0
2.0,26.0,40.0,41.0,874.0,948.0,4,1024.0
2.0,26.0,40.0,41.0,874.0,948.0,4,1024.0
2.0,26.0,40.0,41.0,315.0,634.0,4,874.0
2.0,26.0,40.0,41.0,857.0,874.0,4,948.0
2.0,23.0,12.0,158.0,234.0,440.0,4,798.0
2.0,23.0,158.0,215.0,740.0,956.0,4,1027.0
2.0,23.0,12.0,158.0,234.0,798.0,4,956.0
2.0,23.0,12.0,158.0,234.0,440.0,4,1027.0
2.0,23.0,158.0,234.0,740.0,956.0,4,1027.0
2.0,23.0,12.0,215.0,740.0,956.0,4,1027.0
2.0,23.0,158.0,234.0,740.0,956.0,4,1027.0
2.0,23.0,158.0,234.0,740.0,956.0,4,1027.0
2.0,23.0,12.0,215.0,740.0,956.0,4,1027.0
2.0,23.0,12.0,158.0,234.0,440.0,4,798.0
2.0,23.0,12.0,158.0,234.0,440.0,4,798.0
2.0,23.0,12.0,158.0,234.0,440.0,4,798.0
2.0,23.0,158.0,234.0,740.0,956.0,4,1027.0
2.0,23.0,12.0,158.0,234.0,740.0,4,1027.0
2.0,12.0,444.0,715.0,816.0,933.0,4,983.0
2.0,12.0,444.0,650.0,715.0,816.0,4,969.0
2.0,12.0,216.0,444.0,650.0,816.0,4,969.0
2.0,12.0,216.0,444.0,715.0,856.0,4,933.0
2.0,12.0,444.0,462.0,715.0,919.0,4,933.0
2.0,12.0,216.0,444.0,462.0,715.0,4,933.0
2.0,12.0,216.0,444.0,462.0,715.0,4,933.0
2.0,23.0,12.0,158.0,234.0,798.0,4,1027.0
2.0,23.0,12.0,215.0,740.0,798.0,4,956.0
2.0,23.0,12.0,215.0,740.0,798.0,4,956.0
2.0,23.0,12.0,158.0,215.0,234.0,4,798.0
2.0,23.0,12.0,158.0,234.0,798.0,4,1027.0
2.0,23.0,12.0,215.0,234.0,740.0,4,1027.0
2.0,23.0,12.0,215.0,740.0,956.0,4,1027.0
2.0,23.0,12.0,158.0,234.0,740.0,4,956.0
2.0,23.0,12.0,158.0,234.0,740.0,4,956.0
2.0,23.0,158.0,234.0,740.0,798.0,4,1027.0
2.0,23.0,12.0,158.0,234.0,440.0,4,798.0
2.0,23.0,12.0,158.0,234.0,440.0,4,798.0
2.0,23.0,158.0,234.0,440.0,798.0,4,956.0
2.0,23.0,12.0,158.0,234.0,440.0,4,798.0
2.0,23.0,12.0,234.0,740.0,798.0,4,1027.0
2.0,23.0,12.0,158.0,234.0,740.0,4,1027.0
2.0,23.0,12.0,158.0,234.0,740.0,4,1027.0
2.0,23.0,12.0,158.0,234.0,740.0,4,1027.0
2.0,23.0,12.0,158.0,234.0,440.0,4,1027.0
2.0,28.0,110.0,367.0,608.0,754.0,4,890.0
2.0,28.0,110.0,484.0,497.0,754.0,4,971.0
2.0,28.0,110.0,484.0,497.0,859.0,4,971.0
2.0,28.0,110.0,367.0,608.0,859.0,4,890.0
2.0,28.0,110.0,367.0,859.0,890.0,4,971.0
2.0,28.0,110.0,367.0,608.0,754.0,4,890.0
2.0,28.0,110.0,367.0,608.0,890.0,4,971.0
2.0,28.0,110.0,367.0,608.0,890.0,4,971.0
2.0,13.0,15.0,238.0,320.0,340.0,4,925.0
2.0,13.0,15.0,80.0,340.0,832.0,4,925.0
2.0,13.0,15.0,80.0,320.0,832.0,4,1036.0
2.0,13.0,15.0,80.0,320.0,340.0,4,1036.0
2.0,13.0,15.0,80.0,320.0,340.0,4,1036.0
2.0,13.0,15.0,320.0,340.0,925.0,4,1036.0
2.0,13.0,15.0,80.0,340.0,832.0,4,925.0
2.0,13.0,80.0,320.0,340.0,925.0,4,1036.0
2.0,23.0,12.0,158.0,234.0,440.0,4,1027.0
2.0,23.0,12.0,158.0,234.0,440.0,4,1027.0
2.0,23.0,158.0,234.0,740.0,798.0,4,956.0
2.0,23.0,12.0,215.0,740.0,798.0,4,956.0
2.0,23.0,12.0,158.0,740.0,956.0,4,1027.0
2.0,23.0,12.0,158.0,740.0,956.0,4,1027.0
2.0,23.0,12.0,158.0,234.0,440.0,4,1027.0
2.0,23.0,158.0,215.0,740.0,798.0,4,956.0
2.0,23.0,12.0,158.0,234.0,740.0,4,1027.0
2.0,23.0,12.0,158.0,234.0,440.0,4,1027.0
2.0,23.0,12.0,215.0,234.0,740.0,4,798.0
2.0,23.0,215.0,234.0,740.0,798.0,4,1027.0
2.0,23.0,215.0,440.0,740.0,798.0,4,1027.0
2.0,23.0,12.0,158.0,234.0,798.0,4,1027.0
2.0,23.0,12.0,158.0,234.0,798.0,4,1027.0
2.0,23.0,12.0,158.0,234.0,440.0,4,1027.0
2.0,23.0,12.0,158.0,234.0,740.0,4,1027.0
2.0,23.0,12.0,158.0,234.0,740.0,4,798.0
2.0,23.0,215.0,440.0,740.0,798.0,4,1027.0
2.0,23.0,12.0,158.0,215.0,234.0,4,1027.0
2.0,32.0,44.0,61.0,499.0,524.0,4,902.0
2.0,32.0,44.0,155.0,450.0,499.0,4,849.0
2.0,32.0,155.0,450.0,499.0,849.0,4,902.0
2.0,32.0,44.0,61.0,155.0,524.0,4,902.0
2.0,32.0,44.0,61.0,155.0,524.0,4,902.0
2.0,32.0,44.0,61.0,499.0,524.0,4,902.0
2.0,32.0,44.0,61.0,499.0,524.0,4,902.0
2.0,32.0,155.0,450.0,499.0,849.0,4,902.0
2.0,32.0,44.0,61.0,155.0,524.0,4,902.0
2.0,23.0,12.0,158.0,234.0,440.0,4,740.0
2.0,23.0,169.0,215.0,616.0,740.0,4,1027.0
2.0,23.0,158.0,215.0,234.0,440.0,4,1027.0
2.0,23.0,12.0,158.0,234.0,440.0,4,1027.0
2.0,23.0,12.0,158.0,234.0,740.0,4,1027.0
2.0,23.0,12.0,158.0,234.0,440.0,4,1027.0
2.0,23.0,12.0,234.0,440.0,740.0,4,1027.0
2.0,23.0,12.0,234.0,440.0,740.0,4,1027.0
2.0,23.0,12.0,158.0,234.0,616.0,4,740.0
2.0,23.0,12.0,234.0,440.0,740.0,4,1027.0
2.0,23.0,158.0,234.0,616.0,740.0,4,1027.0
2.0,23.0,12.0,158.0,234.0,440.0,4,740.0
2.0,23.0,12.0,158.0,234.0,440.0,4,1027.0
2.0,23.0,12.0,234.0,616.0,740.0,4,1027.0
2.0,23.0,12.0,616.0,740.0,798.0,4,1027.0
2.0,23.0,158.0,215.0,234.0,740.0,4,1027.0
2.0,23.0,12.0,158.0,215.0,740.0,4,1027.0
2.0,23.0,12.0,158.0,215.0,740.0,4,1027.0
2.0,23.0,12.0,215.0,616.0,740.0,4,1027.0
2.0,23.0,12.0,169.0,616.0,740.0,4,1027.0
2.0,23.0,12.0,234.0,616.0,740.0,4,1027.0
2.0,23.0,12.0,158.0,234.0,616.0,4,798.0
2.0,23.0,12.0,158.0,234.0,616.0,4,798.0
2.0,23.0,12.0,158.0,234.0,440.0,4,616.0
2.0,23.0,158.0,234.0,616.0,740.0,4,1027.0
2.0,23.0,158.0,215.0,234.0,740.0,4,1027.0
2.0,23.0,158.0,215.0,234.0,740.0,4,1027.0
2.0,23.0,12.0,158.0,215.0,740.0,4,1027.0
2.0,23.0,12.0,215.0,616.0,740.0,4,1027.0
2.0,23.0,12.0,158.0,234.0,616.0,4,740.0
2.0,23.0,12.0,158.0,234.0,616.0,4,740.0
2.0,16.0,296.0,420.0,427.0,477.0,4,996.0
2.0,16.0,296.0,420.0,477.0,674.0,4,996.0
2.0,16.0,296.0,420.0,477.0,674.0,4,702.0
2.0,16.0,296.0,420.0,477.0,674.0,4,996.0
2.0,16.0,296.0,420.0,477.0,674.0,4,996.0
2.0,23.0,158.0,169.0,616.0,798.0,4,1027.0
2.0,23.0,12.0,158.0,169.0,215.0,4,798.0
2.0,23.0,12.0,215.0,234.0,616.0,4,1027.0
2.0,23.0,158.0,215.0,234.0,616.0,4,1027.0
2.0,23.0,158.0,215.0,234.0,798.0,4,1027.0
2.0,23.0,12.0,158.0,234.0,616.0,4,1027.0
2.0,23.0,169.0,215.0,616.0,798.0,4,1027.0
2.0,23.0,12.0,169.0,215.0,616.0,4,798.0
2.0,23.0,12.0,169.0,215.0,616.0,4,798.0
2.0,23.0,12.0,169.0,215.0,616.0,4,798.0
2.0,23.0,12.0,158.0,215.0,234.0,4,1027.0
2.0,23.0,12.0,158.0,234.0,616.0,4,1027.0
2.0,23.0,12.0,158.0,234.0,616.0,4,740.0
2.0,23.0,169.0,616.0,740.0,798.0,4,1027.0
2.0,23.0,169.0,616.0,740.0,798.0,4,1027.0
2.0,23.0,12.0,169.0,215.0,740.0,4,798.0
2.0,23.0,12.0,169.0,215.0,740.0,4,798.0
2.0,23.0,12.0,158.0,169.0,215.0,4,798.0
2.0,23.0,158.0,169.0,215.0,740.0,4,1027.0
2.0,23.0,12.0,215.0,616.0,740.0,4,1027.0
2.0,23.0,12.0,234.0,616.0,740.0,4,1027.0
2.0,17.0,148.0,337.0,635.0,809.0,4,829.0
2.0,17.0,148.0,149.0,489.0,561.0,4,642.0
2.0,17.0,148.0,337.0,561.0,809.0,4,829.0
2.0,17.0,148.0,149.0,561.0,642.0,4,829.0
2.0,17.0,148.0,149.0,489.0,561.0,4,809.0
2.0,17.0,148.0,149.0,489.0,642.0,4,809.0
2.0,17.0,148.0,337.0,642.0,809.0,4,829.0
2.0,17.0,148.0,149.0,635.0,809.0,4,829.0
2.0,9.0,68.0,452.0,828.0,845.0,4,941.0
2.0,9.0,34.0,828.0,941.0,1011.0,4,1019.0
2.0,9.0,68.0,828.0,845.0,941.0,4,1011.0
2.0,9.0,34.0,68.0,828.0,845.0,4,941.0
2.0,9.0,34.0,68.0,828.0,845.0,4,941.0
2.0,9.0,68.0,452.0,941.0,1011.0,4,1019.0
2.0,9.0,68.0,452.0,828.0,845.0,4,941.0
2.0,18.0,191.0,678.0,719.0,866.0,4,886.0
2.0,18.0,115.0,678.0,719.0,866.0,4,886.0
2.0,18.0,93.0,115.0,579.0,719.0,4,866.0
2.0,18.0,93.0,115.0,191.0,579.0,4,886.0
2.0,18.0,115.0,719.0,866.0,886.0,4,905.0
2.0,18.0,191.0,579.0,719.0,866.0,4,886.0
2.0,18.0,115.0,579.0,719.0,866.0,4,886.0
2.0,18.0,115.0,191.0,719.0,866.0,4,886.0
2.0,18.0,115.0,579.0,719.0,866.0,4,886.0
2.0,6.0,35.0,250.0,623.0,730.0,4,1039.0
2.0,6.0,35.0,250.0,623.0,730.0,4,1039.0
2.0,6.0,227.0,494.0,730.0,876.0,4,1010.0
2.0,6.0,35.0,227.0,623.0,730.0,4,876.0
2.0,6.0,35.0,250.0,623.0,876.0,4,1039.0
2.0,6.0,494.0,730.0,876.0,1010.0,4,1039.0
2.0,6.0,623.0,730.0,876.0,1010.0,4,1039.0
2.0,23.0,12.0,234.0,616.0,740.0,4,1027.0
2.0,23.0,12.0,158.0,234.0,440.0,4,616.0
2.0,23.0,234.0,616.0,740.0,798.0,4,1027.0
2.0,23.0,12.0,158.0,234.0,616.0,4,1027.0
2.0,23.0,158.0,169.0,440.0,616.0,4,740.0
2.0,23.0,158.0,234.0,616.0,798.0,4,1027.0
2.0,23.0,158.0,440.0,616.0,798.0,4,1027.0
2.0,23.0,158.0,440.0,740.0,798.0,4,1027.0
2.0,23.0,169.0,440.0,616.0,740.0,4,1027.0
2.0,23.0,158.0,169.0,440.0,798.0,4,1027.0
2.0,23.0,169.0,616.0,740.0,798.0,4,1027.0
2.0,23.0,152.0,251.0,616.0,740.0,4,798.0
2.0,25.0,188.0,294.0,380.0,806.0,4,814.0
2.0,25.0,59.0,188.0,294.0,380.0,4,398.0
2.0,25.0,59.0,188.0,294.0,380.0,4,398.0
2.0,25.0,59.0,188.0,380.0,398.0,4,662.0
2.0,25.0,59.0,380.0,398.0,662.0,4,814.0
2.0,25.0,59.0,380.0,398.0,662.0,4,814.0
2.0,25.0,188.0,294.0,398.0,806.0,4,814.0
2.0,25.0,188.0,294.0,380.0,806.0,4,814.0
2.0,25.0,188.0,294.0,380.0,806.0,4,814.0
2.0,25.0,188.0,380.0,662.0,806.0,4,814.0
2.0,23.0,12.0,158.0,234.0,798.0,4,1027.0
2.0,23.0,158.0,234.0,440.0,740.0,4,798.0
2.0,23.0,12.0,158.0,169.0,440.0,4,740.0
2.0,23.0,12.0,169.0,440.0,740.0,4,798.0
2.0,23.0,12.0,169.0,740.0,798.0,4,1027.0
2.0,23.0,12.0,158.0,234.0,798.0,4,1027.0
2.0,23.0,12.0,158.0,234.0,740.0,4,1027.0
2.0,23.0,158.0,169.0,440.0,740.0,4,1027.0
2.0,23.0,158.0,169.0,740.0,798.0,4,1027.0
2.0,23.0,12.0,158.0,234.0,798.0,4,1027.0
2.0,23.0,12.0,158.0,234.0,798.0,4,1027.0
2.0,23.0,12.0,158.0,234.0,798.0,4,1027.0
2.0,23.0,12.0,158.0,234.0,798.0,4,1027.0
2.0,23.0,234.0,440.0,616.0,740.0,4,1027.0
2.0,23.0,12.0,158.0,234.0,616.0,4,1027.0
2.0,23.0,169.0,440.0,740.0,798.0,4,1027.0
2.0,23.0,12.0,158.0,234.0,616.0,4,1027.0
2.0,23.0,12.0,158.0,234.0,616.0,4,1027.0
2.0,23.0,12.0,158.0,234.0,616.0,4,1027.0
2.0,23.0,12.0,158.0,234.0,616.0,4,1027.0
2.0,23.0,158.0,234.0,440.0,740.0,4,798.0
2.0,33.0,125.0,134.0,255.0,698.0,4,853.0
2.0,33.0,255.0,601.0,698.0,789.0,4,853.0
2.0,33.0,255.0,601.0,698.0,789.0,4,853.0
2.0,33.0,45.0,134.0,255.0,601.0,4,789.0
2.0,33.0,45.0,134.0,255.0,601.0,4,789.0
2.0,33.0,134.0,255.0,692.0,698.0,4,853.0
2.0,33.0,134.0,255.0,692.0,789.0,4,853.0
2.0,33.0,125.0,134.0,255.0,789.0,4,853.0
2.0,33.0,134.0,255.0,601.0,692.0,4,789.0
2.0,33.0,134.0,255.0,601.0,789.0,4,853.0
2.0,8.0,136.0,151.0,201.0,575.0,4,627.0
2.0,8.0,136.0,151.0,153.0,400.0,4,575.0
2.0,8.0,136.0,151.0,153.0,400.0,4,827.0
2.0,8.0,57.0,136.0,153.0,400.0,4,827.0
2.0,8.0,57.0,400.0,627.0,747.0,4,827.0
2.0,8.0,57.0,400.0,627.0,747.0,4,827.0
2.0,8.0,136.0,151.0,400.0,575.0,4,747.0
2.0,8.0,57.0,136.0,153.0,400.0,4,627.0
2.0,8.0,57.0,136.0,153.0,400.0,4,627.0
2.0,8.0,57.0,151.0,575.0,627.0,4,747.0
2.0,8.0,57.0,136.0,151.0,575.0,4,747.0
2.0,23.0,12.0,234.0,740.0,798.0,4,1027.0
2.0,23.0,12.0,234.0,740.0,798.0,4,1027.0
2.0,23.0,169.0,234.0,740.0,798.0,4,1027.0
2.0,23.0,158.0,169.0,440.0,740.0,4,798.0
2.0,23.0,158.0,169.0,440.0,740.0,4,798.0
2.0,23.0,12.0,158.0,234.0,440.0,4,1027.0
2.0,23.0,12.0,158.0,234.0,798.0,4,1027.0
2.0,23.0,169.0,234.0,440.0,740.0,4,798.0
2.0,23.0,12.0,158.0,169.0,440.0,4,740.0
2.0,23.0,12.0,158.0,234.0,440.0,4,740.0
2.0,23.0,12.0,158.0,234.0,440.0,4,740.0
2.0,32.0,44.0,61.0,155.0,524.0,4,902.0
2.0,32.0,44.0,61.0,499.0,524.0,4,796.0
2.0,32.0,44.0,61.0,155.0,524.0,4,902.0
2.0,32.0,61.0,499.0,524.0,796.0,4,902.0
2.0,32.0,155.0,524.0,796.0,800.0,4,902.0
2.0,32.0,44.0,499.0,524.0,800.0,4,902.0
2.0,32.0,44.0,155.0,800.0,849.0,4,902.0
2.0,32.0,44.0,61.0,155.0,524.0,4,902.0
2.0,4.0,81.0,259.0,487.0,505.0,4,992.0
2.0,4.0,81.0,103.0,505.0,589.0,4,629.0
2.0,4.0,81.0,103.0,259.0,589.0,4,992.0
2.0,4.0,81.0,103.0,487.0,505.0,4,589.0
2.0,4.0,81.0,103.0,259.0,589.0,4,992.0
2.0,4.0,103.0,259.0,505.0,589.0,4,992.0
2.0,4.0,103.0,259.0,505.0,589.0,4,992.0
2.0,23.0,12.0,169.0,616.0,740.0,4,1027.0
2.0,23.0,12.0,158.0,189.0,740.0,4,1027.0
2.0,23.0,12.0,158.0,234.0,798.0,4,1027.0
2.0,23.0,12.0,169.0,490.0,740.0,4,1027.0
2.0,23.0,12.0,189.0,490.0,740.0,4,1027.0
2.0,25.0,188.0,294.0,380.0,806.0,4,814.0
2.0,25.0,59.0,380.0,398.0,662.0,4,961.0
2.0,25.0,398.0,662.0,711.0,806.0,4,814.0
2.0,25.0,398.0,662.0,711.0,806.0,4,814.0
2.0,25.0,188.0,294.0,711.0,806.0,4,814.0
2.0,25.0,59.0,188.0,294.0,380.0,4,961.0
2.0,25.0,59.0,188.0,294.0,380.0,4,814.0
2.0,25.0,59.0,188.0,294.0,380.0,4,814.0
2.0,16.0,296.0,477.0,674.0,702.0,4,1030.0
2.0,16.0,296.0,477.0,674.0,702.0,4,1030.0
2.0,16.0,200.0,416.0,427.0,674.0,4,702.0
2.0,16.0,296.0,416.0,427.0,674.0,4,702.0
2.0,16.0,296.0,416.0,674.0,702.0,4,1030.0
2.0,16.0,296.0,495.0,674.0,702.0,4,1030.0
2.0,16.0,200.0,296.0,427.0,495.0,4,702.0
2.0,16.0,200.0,296.0,427.0,495.0,4,702.0
2.0,16.0,200.0,296.0,495.0,674.0,4,702.0
2.0,16.0,200.0,296.0,495.0,674.0,4,702.0
2.0,16.0,200.0,296.0,495.0,674.0,4,702.0
2.0,23.0,12.0,158.0,234.0,440.0,4,1027.0
2.0,23.0,12.0,158.0,234.0,440.0,4,798.0
2.0,23.0,12.0,234.0,616.0,740.0,4,798.0
2.0,23.0,169.0,616.0,740.0,798.0,4,1027.0
2.0,23.0,158.0,169.0,616.0,740.0,4,1027.0
2.0,23.0,158.0,234.0,616.0,740.0,4,1027.0
2.0,23.0,12.0,158.0,234.0,440.0,4,1027.0
2.0,23.0,158.0,234.0,440.0,740.0,4,1027.0
2.0,23.0,158.0,234.0,440.0,616.0,4,740.0
2.0,23.0,169.0,440.0,490.0,616.0,4,740.0
2.0,23.0,169.0,440.0,490.0,616.0,4,740.0
2.0,23.0,169.0,490.0,735.0,740.0,4,1027.0
2.0,9.0,34.0,151.0,815.0,828.0,4,941.0
2.0,9.0,34.0,151.0,815.0,828.0,4,941.0
2.0,9.0,599.0,815.0,828.0,845.0,4,941.0
2.0,9.0,68.0,74.0,452.0,845.0,4,1011.0
2.0,9.0,68.0,74.0,452.0,845.0,4,1011.0
2.0,9.0,68.0,74.0,151.0,452.0,4,1011.0
2.0,9.0,68.0,74.0,151.0,452.0,4,1011.0
2.0,9.0,151.0,452.0,815.0,828.0,4,941.0
2.0,9.0,34.0,68.0,151.0,845.0,4,941.0
2.0,9.0,452.0,815.0,828.0,845.0,4,1011.0
2.0,9.0,68.0,151.0,815.0,828.0,4,941.0
2.0,12.0,216.0,682.0,816.0,933.0,4,983.0
2.0,12.0,111.0,216.0,444.0,462.0,4,856.0
2.0,12.0,216.0,682.0,816.0,933.0,4,983.0
2.0,12.0,111.0,444.0,462.0,682.0,4,816.0
2.0,12.0,216.0,444.0,462.0,682.0,4,983.0
2.0,12.0,216.0,444.0,682.0,933.0,4,983.0
2.0,12.0,216.0,444.0,682.0,933.0,4,983.0
2.0,6.0,85.0,250.0,623.0,730.0,4,1039.0
2.0,6.0,35.0,213.0,730.0,1010.0,4,1039.0
2.0,6.0,35.0,213.0,730.0,1010.0,4,1039.0
2.0,6.0,85.0,250.0,623.0,730.0,4,1039.0
2.0,6.0,85.0,250.0,623.0,730.0,4,1039.0
2.0,6.0,35.0,250.0,623.0,730.0,4,1039.0
2.0,6.0,35.0,213.0,623.0,730.0,4,1039.0
2.0,6.0,213.0,623.0,876.0,1010.0,4,1039.0
2.0,6.0,35.0,250.0,623.0,876.0,4,1010.0
2.0,6.0,35.0,250.0,623.0,730.0,4,1010.0
2.0,12.0,111.0,462.0,682.0,933.0,4,983.0
2.0,12.0,111.0,444.0,856.0,969.0,4,983.0
2.0,12.0,111.0,462.0,682.0,933.0,4,983.0
2.0,12.0,216.0,444.0,462.0,682.0,4,933.0
2.0,12.0,216.0,444.0,462.0,682.0,4,933.0
2.0,12.0,216.0,462.0,682.0,933.0,4,983.0
2.0,12.0,444.0,682.0,856.0,933.0,4,983.0
2.0,12.0,444.0,682.0,856.0,933.0,4,983.0
2.0,12.0,111.0,216.0,444.0,856.0,4,969.0
2.0,12.0,111.0,216.0,444.0,462.0,4,933.0
2.0,12.0,216.0,462.0,682.0,933.0,4,983.0
2.0,12.0,216.0,444.0,682.0,933.0,4,983.0
2.0,12.0,216.0,682.0,856.0,933.0,4,983.0
2.0,12.0,444.0,462.0,682.0,969.0,4,983.0
2.0,12.0,216.0,444.0,462.0,682.0,4,933.0
2.0,12.0,111.0,444.0,650.0,682.0,4,933.0
2.0,12.0,111.0,650.0,682.0,933.0,4,969.0
2.0,12.0,216.0,531.0,650.0,682.0,4,933.0
2.0,12.0,216.0,462.0,531.0,682.0,4,933.0
2.0,12.0,216.0,444.0,462.0,531.0,4,933.0
2.0,12.0,111.0,216.0,444.0,531.0,4,856.0
2.0,12.0,216.0,444.0,462.0,682.0,4,933.0
2.0,12.0,111.0,216.0,444.0,462.0,4,933.0
2.0,12.0,216.0,444.0,462.0,682.0,4,933.0
2.0,12.0,216.0,682.0,816.0,933.0,4,983.0
2.0,12.0,111.0,444.0,462.0,682.0,4,919.0
2.0,12.0,111.0,216.0,444.0,816.0,4,933.0
2.0,12.0,682.0,816.0,919.0,933.0,4,969.0
2.0,12.0,216.0,462.0,682.0,816.0,4,933.0
2.0,12.0,111.0,444.0,462.0,682.0,4,969.0
2.0,12.0,216.0,444.0,682.0,816.0,4,933.0
2.0,4.0,81.0,259.0,290.0,487.0,4,646.0
2.0,4.0,46.0,259.0,616.0,947.0,4,992.0
2.0,4.0,3.0,46.0,259.0,616.0,4,646.0
2.0,4.0,3.0,46.0,259.0,616.0,4,646.0
2.0,4.0,46.0,81.0,259.0,290.0,4,616.0
2.0,4.0,46.0,81.0,259.0,290.0,4,616.0
2.0,12.0,216.0,682.0,816.0,933.0,4,983.0
2.0,12.0,216.0,682.0,816.0,933.0,4,983.0
2.0,12.0,111.0,444.0,462.0,816.0,4,969.0
2.0,12.0,444.0,462.0,682.0,933.0,4,983.0
2.0,12.0,216.0,444.0,462.0,933.0,4,983.0
2.0,12.0,216.0,444.0,816.0,933.0,4,983.0
2.0,12.0,216.0,444.0,816.0,933.0,4,983.0
2.0,12.0,216.0,444.0,462.0,682.0,4,816.0
2.0,12.0,111.0,444.0,462.0,682.0,4,816.0
2.0,12.0,216.0,682.0,816.0,933.0,4,983.0
2.0,12.0,216.0,682.0,816.0,933.0,4,983.0
2.0,12.0,111.0,216.0,444.0,462.0,4,816.0
2.0,12.0,111.0,216.0,444.0,462.0,4,983.0
2.0,12.0,111.0,216.0,444.0,462.0,4,983.0
2.0,12.0,216.0,682.0,816.0,933.0,4,983.0
2.0,12.0,216.0,682.0,816.0,933.0,4,983.0
2.0,12.0,111.0,216.0,462.0,816.0,4,933.0
2.0,12.0,111.0,444.0,462.0,682.0,4,983.0
2.0,12.0,111.0,216.0,444.0,816.0,4,933.0
2.0,16.0,165.0,200.0,296.0,902.0,4,996.0
2.0,16.0,165.0,200.0,495.0,902.0,4,1030.0
2.0,16.0,200.0,296.0,674.0,902.0,4,996.0
2.0,16.0,296.0,674.0,902.0,996.0,4,1030.0
2.0,16.0,296.0,674.0,702.0,902.0,4,996.0
2.0,16.0,165.0,296.0,902.0,996.0,4,1030.0
2.0,16.0,165.0,296.0,495.0,902.0,4,1030.0
2.0,16.0,165.0,200.0,495.0,902.0,4,1030.0
2.0,16.0,165.0,200.0,495.0,902.0,4,1030.0
2.0,16.0,165.0,200.0,296.0,495.0,4,702.0
2.0,16.0,165.0,296.0,702.0,902.0,4,996.0
2.0,7.0,66.0,277.0,325.0,432.0,4,451.0
2.0,7.0,106.0,263.0,277.0,451.0,4,455.0
2.0,7.0,66.0,277.0,325.0,451.0,4,455.0
2.0,7.0,66.0,277.0,325.0,432.0,4,451.0
2.0,7.0,66.0,277.0,325.0,451.0,4,455.0
2.0,7.0,246.0,277.0,396.0,432.0,4,455.0
2.0,7.0,66.0,106.0,246.0,451.0,4,455.0
2.0,7.0,66.0,246.0,277.0,451.0,4,455.0
2.0,7.0,66.0,277.0,325.0,451.0,4,455.0
2.0,11.0,638.0,700.0,806.0,895.0,4,1031.0
2.0,11.0,113.0,132.0,638.0,700.0,4,806.0
2.0,11.0,113.0,132.0,638.0,700.0,4,806.0
2.0,11.0,1.0,113.0,132.0,895.0,4,1031.0
2.0,11.0,113.0,638.0,700.0,806.0,4,1031.0
2.0,11.0,113.0,638.0,700.0,806.0,4,1031.0
2.0,11.0,638.0,700.0,806.0,895.0,4,1031.0
2.0,11.0,113.0,132.0,638.0,700.0,4,806.0
2.0,12.0,111.0,216.0,444.0,933.0,4,983.0
2.0,12.0,216.0,444.0,682.0,816.0,4,933.0
2.0,12.0,216.0,444.0,682.0,816.0,4,933.0
2.0,12.0,111.0,462.0,682.0,933.0,4,983.0
2.0,12.0,216.0,462.0,682.0,933.0,4,983.0
2.0,12.0,111.0,216.0,444.0,816.0,4,983.0
2.0,12.0,216.0,444.0,462.0,682.0,4,983.0
2.0,12.0,216.0,444.0,682.0,933.0,4,983.0
2.0,25.0,59.0,294.0,380.0,398.0,4,814.0
2.0,25.0,59.0,116.0,188.0,294.0,4,814.0
2.0,25.0,188.0,294.0,380.0,398.0,4,961.0
2.0,25.0,59.0,294.0,398.0,814.0,4,961.0
2.0,25.0,59.0,294.0,380.0,398.0,4,814.0
2.0,25.0,59.0,188.0,294.0,380.0,4,814.0
2.0,25.0,59.0,294.0,380.0,398.0,4,814.0
2.0,25.0,59.0,294.0,380.0,398.0,4,814.0
2.0,25.0,59.0,188.0,294.0,814.0,4,961.0
2.0,25.0,59.0,188.0,294.0,380.0,4,814.0
2.0,25.0,59.0,188.0,294.0,380.0,4,814.0
2.0,1.0,570.0,577.0,790.0,808.0,4,820.0
2.0,1.0,118.0,570.0,577.0,808.0,4,820.0
2.0,1.0,118.0,356.0,577.0,790.0,4,808.0
2.0,1.0,570.0,577.0,790.0,808.0,4,820.0
2.0,1.0,570.0,577.0,790.0,808.0,4,820.0
2.0,1.0,118.0,305.0,356.0,625.0,4,790.0
2.0,1.0,118.0,305.0,577.0,790.0,4,808.0
2.0,1.0,305.0,577.0,790.0,808.0,4,820.0
2.0,6.0,35.0,213.0,730.0,1010.0,4,1039.0
2.0,6.0,35.0,85.0,213.0,250.0,4,623.0
2.0,6.0,35.0,85.0,213.0,250.0,4,623.0
2.0,6.0,85.0,250.0,623.0,730.0,4,1039.0
2.0,6.0,35.0,213.0,250.0,623.0,4,1010.0
2.0,6.0,35.0,213.0,730.0,876.0,4,1039.0
2.0,6.0,85.0,250.0,623.0,730.0,4,1039.0
2.0,6.0,213.0,227.0,397.0,876.0,4,937.0
2.0,12.0,216.0,462.0,682.0,856.0,4,933.0
2.0,12.0,216.0,444.0,531.0,682.0,4,816.0
2.0,12.0,216.0,462.0,682.0,933.0,4,983.0
2.0,12.0,462.0,682.0,919.0,933.0,4,983.0
2.0,12.0,216.0,462.0,682.0,933.0,4,983.0
2.0,12.0,444.0,462.0,682.0,919.0,4,983.0
2.0,12.0,444.0,682.0,816.0,919.0,4,983.0
2.0,12.0,216.0,444.0,682.0,816.0,4,983.0
2.0,12.0,216.0,444.0,462.0,682.0,4,983.0
2.0,32.0,155.0,420.0,450.0,477.0,4,524.0
2.0,32.0,44.0,155.0,420.0,450.0,4,524.0
2.0,32.0,155.0,420.0,450.0,499.0,4,524.0
2.0,32.0,420.0,477.0,499.0,849.0,4,1022.0
2.0,32.0,44.0,155.0,450.0,477.0,4,524.0
2.0,32.0,155.0,420.0,450.0,477.0,4,524.0
2.0,32.0,155.0,420.0,450.0,477.0,4,524.0
2.0,32.0,44.0,155.0,450.0,499.0,4,524.0
2.0,32.0,155.0,420.0,477.0,499.0,4,524.0
2.0,9.0,29.0,815.0,828.0,845.0,4,941.0
2.0,9.0,452.0,815.0,828.0,941.0,4,1019.0
2.0,9.0,29.0,68.0,452.0,845.0,4,941.0
2.0,9.0,29.0,815.0,828.0,845.0,4,941.0
2.0,9.0,74.0,815.0,828.0,845.0,4,941.0
2.0,9.0,29.0,68.0,815.0,828.0,4,941.0
2.0,17.0,47.0,149.0,642.0,708.0,4,829.0
2.0,17.0,47.0,149.0,642.0,708.0,4,829.0
2.0,17.0,47.0,149.0,642.0,708.0,4,829.0
2.0,17.0,47.0,148.0,149.0,708.0,4,809.0
2.0,17.0,75.0,148.0,149.0,708.0,4,809.0
2.0,17.0,75.0,148.0,149.0,708.0,4,809.0
2.0,17.0,75.0,148.0,149.0,809.0,4,829.0
2.0,17.0,47.0,635.0,642.0,708.0,4,829.0
2.0,17.0,47.0,635.0,642.0,708.0,4,829.0
2.0,17.0,47.0,149.0,635.0,642.0,4,708.0
2.0,17.0,47.0,149.0,642.0,708.0,4,809.0
2.0,17.0,47.0,149.0,642.0,708.0,4,829.0
2.0,17.0,47.0,149.0,708.0,809.0,4,829.0
2.0,17.0,47.0,148.0,635.0,708.0,4,809.0
2.0,17.0,47.0,149.0,642.0,708.0,4,829.0
2.0,17.0,47.0,149.0,642.0,708.0,4,829.0
2.0,34.0,36.0,55.0,137.0,247.0,4,718.0
2.0,34.0,36.0,137.0,224.0,278.0,4,718.0
2.0,34.0,36.0,55.0,137.0,247.0,4,538.0
2.0,34.0,36.0,55.0,137.0,247.0,4,538.0
2.0,12.0,111.0,444.0,462.0,856.0,4,919.0
2.0,12.0,111.0,444.0,462.0,856.0,4,933.0
2.0,12.0,111.0,444.0,650.0,816.0,4,969.0
2.0,12.0,111.0,462.0,856.0,919.0,4,933.0
2.0,12.0,111.0,444.0,462.0,856.0,4,933.0
2.0,12.0,111.0,444.0,462.0,816.0,4,933.0
2.0,12.0,111.0,444.0,650.0,816.0,4,933.0
2.0,12.0,444.0,650.0,816.0,919.0,4,933.0
2.0,12.0,111.0,531.0,816.0,919.0,4,969.0
2.0,12.0,111.0,462.0,856.0,919.0,4,933.0
2.0,12.0,111.0,444.0,462.0,816.0,4,933.0
2.0,26.0,40.0,41.0,874.0,948.0,4,1024.0
2.0,26.0,40.0,41.0,634.0,684.0,4,874.0
2.0,26.0,40.0,41.0,634.0,684.0,4,874.0
2.0,26.0,40.0,41.0,857.0,874.0,4,948.0
2.0,26.0,40.0,41.0,857.0,874.0,4,948.0
2.0,26.0,40.0,41.0,634.0,684.0,4,874.0
2.0,26.0,40.0,41.0,634.0,684.0,4,874.0
2.0,26.0,41.0,634.0,684.0,874.0,4,948.0
2.0,12.0,216.0,462.0,816.0,919.0,4,933.0
2.0,12.0,216.0,444.0,531.0,816.0,4,919.0
2.0,12.0,111.0,444.0,531.0,816.0,4,969.0
2.0,12.0,111.0,444.0,531.0,816.0,4,969.0
2.0,12.0,111.0,444.0,462.0,531.0,4,933.0
2.0,12.0,111.0,444.0,462.0,531.0,4,969.0
2.0,12.0,111.0,216.0,444.0,462.0,4,856.0
2.0,12.0,216.0,444.0,531.0,816.0,4,969.0
2.0,12.0,111.0,216.0,444.0,462.0,4,531.0
2.0,12.0,111.0,216.0,444.0,816.0,4,969.0
2.0,12.0,111.0,216.0,444.0,462.0,4,969.0
2.0,15.0,229.0,659.0,714.0,764.0,4,860.0
2.0,15.0,226.0,365.0,373.0,714.0,4,764.0
2.0,15.0,226.0,365.0,714.0,764.0,4,860.0
2.0,15.0,226.0,229.0,602.0,764.0,4,860.0
2.0,15.0,373.0,602.0,659.0,764.0,4,860.0
2.0,15.0,365.0,373.0,659.0,714.0,4,764.0
2.0,15.0,229.0,373.0,714.0,764.0,4,803.0
2.0,15.0,373.0,659.0,714.0,764.0,4,860.0
2.0,12.0,111.0,682.0,816.0,969.0,4,983.0
2.0,12.0,111.0,462.0,682.0,816.0,4,969.0
2.0,12.0,111.0,216.0,444.0,816.0,4,983.0
2.0,12.0,216.0,444.0,682.0,856.0,4,983.0
2.0,12.0,216.0,444.0,462.0,682.0,4,983.0
2.0,12.0,111.0,216.0,462.0,969.0,4,983.0
2.0,12.0,111.0,216.0,444.0,462.0,4,983.0
2.0,12.0,216.0,444.0,682.0,856.0,4,983.0
2.0,12.0,216.0,444.0,682.0,856.0,4,983.0
2.0,12.0,111.0,216.0,682.0,816.0,4,933.0
2.0,12.0,216.0,444.0,462.0,969.0,4,983.0
2.0,12.0,111.0,216.0,444.0,816.0,4,983.0
2.0,12.0,111.0,216.0,462.0,969.0,4,983.0
2.0,12.0,216.0,444.0,682.0,856.0,4,983.0
2.0,12.0,216.0,444.0,682.0,816.0,4,933.0
2.0,12.0,216.0,444.0,816.0,919.0,4,933.0
2.0,12.0,216.0,444.0,856.0,919.0,4,983.0
2.0,12.0,216.0,444.0,682.0,856.0,4,983.0
2.0,12.0,216.0,444.0,462.0,531.0,4,933.0
2.0,12.0,216.0,444.0,462.0,531.0,4,933.0
2.0,12.0,216.0,462.0,919.0,969.0,4,983.0
2.0,12.0,216.0,444.0,462.0,682.0,4,933.0
2.0,8.0,136.0,151.0,201.0,575.0,4,747.0
2.0,8.0,57.0,153.0,400.0,575.0,4,627.0
2.0,8.0,57.0,153.0,400.0,627.0,4,747.0
2.0,8.0,57.0,136.0,400.0,627.0,4,747.0
2.0,8.0,136.0,151.0,201.0,575.0,4,627.0
2.0,8.0,136.0,151.0,400.0,575.0,4,627.0
2.0,8.0,57.0,151.0,153.0,400.0,4,747.0
2.0,8.0,57.0,136.0,151.0,400.0,4,747.0
2.0,8.0,57.0,201.0,400.0,575.0,4,627.0
2.0,33.0,45.0,255.0,698.0,853.0,4,854.0
2.0,33.0,114.0,593.0,601.0,698.0,4,853.0
2.0,33.0,45.0,255.0,698.0,733.0,4,853.0
2.0,33.0,45.0,255.0,698.0,853.0,4,854.0
2.0,33.0,45.0,255.0,698.0,853.0,4,854.0
2.0,33.0,45.0,114.0,593.0,601.0,4,692.0
2.0,12.0,444.0,816.0,919.0,933.0,4,983.0
2.0,12.0,216.0,462.0,816.0,919.0,4,933.0
2.0,12.0,216.0,462.0,715.0,933.0,4,983.0
2.0,12.0,216.0,444.0,816.0,919.0,4,933.0
2.0,12.0,216.0,444.0,462.0,715.0,4,983.0
2.0,12.0,216.0,444.0,462.0,715.0,4,983.0
2.0,12.0,444.0,462.0,816.0,919.0,4,933.0
2.0,12.0,111.0,531.0,816.0,919.0,4,933.0
2.0,12.0,216.0,856.0,919.0,933.0,4,983.0
2.0,12.0,216.0,444.0,856.0,969.0,4,983.0
2.0,12.0,216.0,444.0,715.0,969.0,4,983.0
2.0,12.0,444.0,715.0,816.0,969.0,4,983.0
2.0,12.0,444.0,715.0,816.0,969.0,4,983.0
2.0,12.0,216.0,444.0,462.0,715.0,4,983.0
2.0,12.0,444.0,462.0,715.0,933.0,4,983.0
2.0,12.0,531.0,715.0,816.0,919.0,4,933.0
2.0,12.0,444.0,462.0,919.0,933.0,4,983.0
2.0,12.0,216.0,444.0,462.0,715.0,4,983.0
2.0,30.0,689.0,705.0,847.0,953.0,4,963.0
2.0,30.0,121.0,350.0,598.0,657.0,4,953.0
2.0,30.0,121.0,350.0,598.0,657.0,4,953.0
2.0,30.0,350.0,598.0,657.0,705.0,4,953.0
2.0,30.0,121.0,350.0,389.0,598.0,4,657.0
2.0,30.0,121.0,657.0,847.0,953.0,4,963.0
2.0,30.0,657.0,689.0,847.0,953.0,4,963.0
2.0,30.0,657.0,705.0,847.0,953.0,4,963.0
2.0,30.0,689.0,705.0,847.0,953.0,4,963.0
2.0,30.0,689.0,705.0,847.0,953.0,4,963.0
2.0,30.0,598.0,657.0,705.0,953.0,4,963.0
2.0,30.0,121.0,350.0,598.0,657.0,4,953.0
2.0,30.0,121.0,335.0,350.0,598.0,4,657.0
2.0,30.0,75.0,121.0,335.0,350.0,4,389.0
2.0,12.0,216.0,715.0,816.0,933.0,4,983.0
2.0,12.0,444.0,462.0,682.0,933.0,4,983.0
2.0,12.0,216.0,444.0,650.0,933.0,4,983.0
2.0,12.0,216.0,444.0,650.0,816.0,4,933.0
2.0,12.0,216.0,650.0,816.0,919.0,4,933.0
2.0,12.0,216.0,444.0,715.0,816.0,4,933.0
2.0,12.0,462.0,682.0,715.0,816.0,4,933.0
2.0,12.0,444.0,650.0,682.0,715.0,4,816.0
2.0,12.0,216.0,444.0,462.0,933.0,4,983.0
2.0,12.0,216.0,462.0,715.0,933.0,4,983.0
2.0,12.0,216.0,444.0,462.0,715.0,4,983.0
2.0,12.0,216.0,682.0,816.0,933.0,4,983.0
2.0,12.0,650.0,682.0,816.0,919.0,4,933.0
2.0,12.0,216.0,444.0,462.0,919.0,4,983.0
2.0,12.0,216.0,444.0,462.0,919.0,4,983.0
2.0,12.0,216.0,462.0,715.0,933.0,4,983.0
2.0,12.0,216.0,682.0,816.0,933.0,4,983.0
2.0,12.0,216.0,444.0,715.0,816.0,4,983.0
2.0,12.0,216.0,650.0,682.0,933.0,4,983.0
2.0,12.0,216.0,650.0,682.0,933.0,4,983.0
2.0,25.0,188.0,294.0,380.0,421.0,4,814.0
2.0,25.0,188.0,294.0,421.0,711.0,4,814.0
2.0,25.0,59.0,294.0,380.0,711.0,4,961.0
2.0,25.0,188.0,294.0,380.0,421.0,4,711.0
2.0,25.0,188.0,294.0,380.0,421.0,4,814.0
2.0,25.0,188.0,294.0,421.0,711.0,4,814.0
2.0,25.0,59.0,380.0,711.0,814.0,4,961.0
2.0,25.0,59.0,380.0,711.0,814.0,4,961.0
2.0,25.0,59.0,188.0,711.0,814.0,4,961.0
2.0,12.0,444.0,462.0,715.0,933.0,4,983.0
2.0,12.0,444.0,462.0,715.0,933.0,4,983.0
2.0,12.0,444.0,462.0,682.0,715.0,4,983.0
2.0,12.0,682.0,715.0,816.0,933.0,4,983.0
2.0,12.0,444.0,462.0,715.0,933.0,4,983.0
2.0,12.0,444.0,462.0,682.0,816.0,4,919.0
2.0,12.0,444.0,650.0,682.0,816.0,4,933.0
2.0,12.0,444.0,462.0,715.0,933.0,4,983.0
2.0,12.0,462.0,682.0,715.0,816.0,4,933.0
2.0,12.0,444.0,462.0,682.0,816.0,4,919.0
2.0,12.0,444.0,462.0,682.0,816.0,4,919.0
2.0,12.0,444.0,462.0,682.0,933.0,4,983.0
2.0,12.0,444.0,682.0,816.0,933.0,4,983.0
2.0,12.0,444.0,682.0,715.0,816.0,4,983.0
2.0,12.0,444.0,682.0,715.0,933.0,4,983.0
2.0,12.0,216.0,650.0,682.0,933.0,4,983.0
2.0,12.0,216.0,650.0,682.0,933.0,4,983.0
2.0,12.0,216.0,444.0,462.0,715.0,4,933.0
2.0,12.0,216.0,682.0,715.0,933.0,4,983.0
2.0,12.0,216.0,444.0,462.0,933.0,4,983.0
2.0,12.0,444.0,462.0,715.0,933.0,4,983.0
2.0,12.0,444.0,650.0,682.0,715.0,4,969.0
2.0,12.0,216.0,462.0,715.0,933.0,4,983.0
2.0,12.0,216.0,715.0,816.0,933.0,4,983.0
2.0,12.0,216.0,444.0,462.0,715.0,4,983.0
2.0,12.0,216.0,444.0,650.0,682.0,4,983.0
2.0,12.0,216.0,444.0,462.0,650.0,4,682.0
2.0,12.0,216.0,462.0,715.0,933.0,4,983.0
2.0,12.0,216.0,682.0,715.0,933.0,4,983.0
2.0,26.0,40.0,41.0,874.0,948.0,4,1024.0
2.0,26.0,40.0,41.0,874.0,948.0,4,1024.0
2.0,26.0,40.0,41.0,857.0,874.0,4,948.0
2.0,26.0,40.0,41.0,874.0,948.0,4,1024.0
2.0,26.0,40.0,41.0,874.0,948.0,4,1024.0
2.0,26.0,41.0,634.0,824.0,948.0,4,1024.0
2.0,12.0,216.0,444.0,715.0,933.0,4,983.0
2.0,12.0,111.0,715.0,856.0,969.0,4,983.0
2.0,12.0,444.0,715.0,856.0,969.0,4,983.0
2.0,12.0,111.0,216.0,462.0,715.0,4,933.0
2.0,12.0,111.0,216.0,462.0,715.0,4,933.0
2.0,12.0,111.0,216.0,462.0,856.0,4,933.0
2.0,12.0,216.0,462.0,715.0,969.0,4,983.0
2.0,12.0,216.0,444.0,715.0,933.0,4,983.0
2.0,12.0,111.0,216.0,444.0,933.0,4,983.0
2.0,34.0,55.0,137.0,224.0,278.0,4,718.0
2.0,34.0,55.0,404.0,458.0,538.0,4,753.0
2.0,34.0,224.0,404.0,458.0,538.0,4,753.0
2.0,34.0,55.0,137.0,404.0,458.0,4,753.0
2.0,34.0,55.0,137.0,404.0,458.0,4,753.0
2.0,34.0,55.0,137.0,224.0,278.0,4,718.0
2.0,34.0,55.0,137.0,224.0,278.0,4,718.0
2.0,34.0,55.0,137.0,278.0,404.0,4,718.0
2.0,34.0,55.0,137.0,278.0,718.0,4,766.0
2.0,34.0,55.0,224.0,278.0,458.0,4,753.0
2.0,34.0,55.0,137.0,278.0,718.0,4,753.0
2.0,12.0,216.0,444.0,856.0,933.0,4,983.0
2.0,12.0,111.0,650.0,816.0,919.0,4,969.0
2.0,12.0,216.0,444.0,816.0,933.0,4,983.0
2.0,12.0,216.0,444.0,856.0,933.0,4,983.0
2.0,12.0,216.0,444.0,816.0,933.0,4,983.0
2.0,12.0,111.0,216.0,816.0,969.0,4,983.0
2.0,12.0,216.0,444.0,856.0,969.0,4,983.0
2.0,12.0,216.0,444.0,856.0,969.0,4,983.0
2.0,17.0,148.0,211.0,653.0,809.0,4,829.0
2.0,17.0,148.0,149.0,211.0,303.0,4,829.0
2.0,17.0,148.0,149.0,211.0,303.0,4,561.0
2.0,17.0,148.0,489.0,635.0,809.0,4,829.0
2.0,17.0,149.0,337.0,635.0,809.0,4,829.0
2.0,17.0,148.0,149.0,337.0,809.0,4,829.0
2.0,17.0,148.0,337.0,561.0,809.0,4,829.0
2.0,17.0,148.0,303.0,561.0,635.0,4,829.0
2.0,17.0,148.0,149.0,561.0,809.0,4,829.0
2.0,17.0,148.0,149.0,303.0,561.0,4,829.0
2.0,17.0,148.0,561.0,635.0,809.0,4,829.0
2.0,12.0,216.0,444.0,856.0,933.0,4,983.0
2.0,12.0,444.0,650.0,682.0,856.0,4,933.0
2.0,12.0,111.0,650.0,682.0,816.0,4,969.0
2.0,12.0,216.0,444.0,816.0,969.0,4,983.0
2.0,12.0,216.0,444.0,816.0,969.0,4,983.0
2.0,12.0,216.0,444.0,856.0,933.0,4,983.0
2.0,12.0,444.0,682.0,816.0,933.0,4,983.0
2.0,12.0,111.0,216.0,682.0,816.0,4,969.0
2.0,12.0,111.0,216.0,682.0,816.0,4,969.0
2.0,12.0,111.0,216.0,682.0,816.0,4,969.0
2.0,12.0,216.0,444.0,682.0,933.0,4,983.0
2.0,12.0,216.0,444.0,682.0,933.0,4,983.0
2.0,18.0,579.0,719.0,811.0,866.0,4,886.0
2.0,18.0,115.0,579.0,582.0,719.0,4,843.0
2.0,18.0,115.0,719.0,811.0,866.0,4,886.0
2.0,18.0,115.0,582.0,719.0,811.0,4,866.0
2.0,18.0,448.0,719.0,811.0,866.0,4,886.0
2.0,18.0,115.0,582.0,719.0,811.0,4,866.0
2.0,18.0,115.0,719.0,811.0,866.0,4,886.0
2.0,18.0,115.0,719.0,811.0,866.0,4,886.0
2.0,12.0,444.0,682.0,856.0,933.0,4,983.0
2.0,12.0,111.0,444.0,462.0,650.0,4,933.0
2.0,12.0,444.0,682.0,856.0,933.0,4,983.0
2.0,12.0,444.0,682.0,856.0,933.0,4,983.0
2.0,12.0,444.0,682.0,856.0,933.0,4,983.0
2.0,12.0,444.0,682.0,856.0,933.0,4,983.0
2.0,12.0,444.0,462.0,682.0,933.0,4,983.0
2.0,12.0,444.0,462.0,682.0,933.0,4,983.0
2.0,12.0,111.0,444.0,682.0,856.0,4,983.0
2.0,12.0,111.0,444.0,816.0,933.0,4,983.0
2.0,12.0,444.0,462.0,682.0,816.0,4,933.0
2.0,12.0,462.0,682.0,816.0,919.0,4,933.0
2.0,12.0,682.0,816.0,919.0,969.0,4,983.0
2.0,12.0,444.0,682.0,816.0,933.0,4,983.0
2.0,12.0,111.0,444.0,682.0,856.0,4,983.0
2.0,12.0,111.0,444.0,682.0,856.0,4,983.0
2.0,12.0,444.0,462.0,682.0,816.0,4,933.0
2.0,12.0,444.0,462.0,682.0,933.0,4,983.0
2.0,1.0,356.0,570.0,790.0,808.0,4,820.0
2.0,1.0,305.0,356.0,625.0,790.0,4,820.0
2.0,1.0,305.0,570.0,725.0,790.0,4,921.0
2.0,1.0,305.0,570.0,725.0,808.0,4,820.0
2.0,1.0,356.0,570.0,790.0,808.0,4,820.0
2.0,1.0,570.0,625.0,790.0,808.0,4,820.0
2.0,1.0,625.0,725.0,790.0,808.0,4,820.0
2.0,1.0,305.0,625.0,725.0,820.0,4,921.0
2.0,12.0,444.0,682.0,856.0,933.0,4,983.0
2.0,12.0,111.0,682.0,856.0,933.0,4,983.0
2.0,12.0,111.0,444.0,462.0,816.0,4,919.0
2.0,12.0,111.0,444.0,462.0,816.0,4,919.0
2.0,12.0,444.0,682.0,856.0,933.0,4,983.0
2.0,12.0,444.0,682.0,816.0,933.0,4,983.0
2.0,12.0,111.0,444.0,462.0,816.0,4,919.0
2.0,12.0,111.0,444.0,462.0,682.0,4,983.0
2.0,12.0,111.0,444.0,462.0,682.0,4,983.0
2.0,12.0,111.0,444.0,462.0,682.0,4,983.0
2.0,12.0,444.0,462.0,682.0,933.0,4,983.0
2.0,12.0,444.0,462.0,682.0,933.0,4,983.0
2.0,29.0,46.0,456.0,580.0,812.0,4,1022.0
2.0,29.0,94.0,338.0,456.0,812.0,4,914.0
2.0,29.0,94.0,338.0,456.0,812.0,4,914.0
2.0,29.0,94.0,338.0,456.0,580.0,4,914.0
2.0,29.0,46.0,94.0,338.0,456.0,4,580.0
2.0,29.0,46.0,338.0,580.0,812.0,4,1022.0
2.0,29.0,94.0,456.0,812.0,914.0,4,1022.0
2.0,28.0,146.0,608.0,859.0,890.0,4,971.0
2.0,28.0,110.0,484.0,497.0,859.0,4,971.0
2.0,28.0,110.0,608.0,754.0,922.0,4,971.0
2.0,28.0,110.0,484.0,608.0,754.0,4,971.0
2.0,28.0,110.0,484.0,608.0,859.0,4,971.0
2.0,28.0,110.0,497.0,859.0,922.0,4,971.0
2.0,28.0,110.0,497.0,608.0,859.0,4,922.0
2.0,13.0,15.0,238.0,320.0,340.0,4,723.0
2.0,13.0,15.0,320.0,340.0,673.0,4,1036.0
2.0,13.0,238.0,320.0,723.0,925.0,4,1036.0
2.0,13.0,15.0,22.0,320.0,723.0,4,1036.0
2.0,13.0,15.0,238.0,320.0,340.0,4,723.0
2.0,13.0,15.0,238.0,320.0,340.0,4,723.0
2.0,13.0,15.0,320.0,340.0,723.0,4,1036.0
2.0,13.0,15.0,22.0,320.0,340.0,4,1036.0
2.0,13.0,15.0,238.0,320.0,340.0,4,1036.0
2.0,13.0,15.0,320.0,340.0,673.0,4,1036.0
2.0,12.0,444.0,682.0,816.0,933.0,4,983.0
2.0,12.0,111.0,682.0,816.0,933.0,4,983.0
2.0,12.0,111.0,444.0,816.0,969.0,4,983.0
2.0,12.0,444.0,682.0,856.0,933.0,4,983.0
2.0,12.0,111.0,682.0,856.0,933.0,4,983.0
2.0,12.0,111.0,444.0,816.0,933.0,4,983.0
2.0,12.0,444.0,682.0,816.0,969.0,4,983.0
2.0,0.0,13.0,493.0,535.0,695.0,4,713.0
2.0,0.0,13.0,493.0,713.0,851.0,4,910.0
2.0,0.0,13.0,493.0,713.0,851.0,4,910.0
2.0,0.0,13.0,493.0,535.0,713.0,4,851.0
2.0,0.0,13.0,493.0,535.0,695.0,4,713.0
2.0,0.0,13.0,493.0,535.0,695.0,4,713.0
2.0,0.0,13.0,493.0,535.0,695.0,4,713.0
2.0,0.0,13.0,493.0,535.0,695.0,4,851.0
2.0,0.0,493.0,535.0,695.0,851.0,4,1037.0
2.0,0.0,6.0,13.0,493.0,851.0,4,1037.0
2.0,0.0,6.0,13.0,695.0,713.0,4,851.0
2.0,0.0,6.0,676.0,695.0,910.0,4,950.0
2.0,32.0,44.0,450.0,499.0,524.0,4,796.0
2.0,32.0,44.0,61.0,155.0,524.0,4,902.0
2.0,32.0,44.0,155.0,499.0,524.0,4,902.0
2.0,32.0,44.0,155.0,450.0,524.0,4,902.0
2.0,32.0,44.0,155.0,450.0,524.0,4,902.0
2.0,32.0,44.0,155.0,450.0,524.0,4,902.0
2.0,32.0,155.0,450.0,499.0,796.0,4,849.0
2.0,32.0,44.0,61.0,499.0,796.0,4,849.0
2.0,12.0,216.0,531.0,682.0,816.0,4,969.0
2.0,12.0,216.0,444.0,682.0,856.0,4,933.0
2.0,12.0,111.0,216.0,444.0,462.0,4,933.0
2.0,12.0,216.0,444.0,462.0,856.0,4,933.0
2.0,12.0,111.0,444.0,462.0,816.0,4,969.0
2.0,12.0,216.0,444.0,856.0,919.0,4,933.0
2.0,12.0,111.0,531.0,856.0,919.0,4,933.0
2.0,12.0,111.0,531.0,856.0,919.0,4,933.0
2.0,12.0,216.0,444.0,856.0,933.0,4,983.0
2.0,12.0,111.0,462.0,531.0,919.0,4,969.0
2.0,12.0,216.0,856.0,919.0,969.0,4,983.0
2.0,12.0,111.0,216.0,444.0,933.0,4,983.0
2.0,12.0,111.0,216.0,444.0,933.0,4,983.0
2.0,12.0,111.0,216.0,462.0,969.0,4,983.0
2.0,12.0,111.0,462.0,919.0,969.0,4,983.0
2.0,12.0,111.0,216.0,462.0,919.0,4,969.0
2.0,12.0,111.0,216.0,919.0,969.0,4,983.0
2.0,12.0,111.0,216.0,462.0,969.0,4,983.0
2.0,12.0,111.0,216.0,444.0,462.0,4,856.0
2.0,12.0,111.0,216.0,444.0,462.0,4,816.0
2.0,12.0,111.0,462.0,816.0,919.0,4,933.0
2.0,12.0,111.0,216.0,444.0,462.0,4,933.0
2.0,12.0,111.0,216.0,444.0,856.0,4,933.0
2.0,12.0,216.0,444.0,462.0,816.0,4,933.0
2.0,12.0,111.0,444.0,462.0,816.0,4,933.0
2.0,12.0,111.0,216.0,444.0,462.0,4,933.0
2.0,12.0,111.0,216.0,444.0,462.0,4,933.0
2.0,4.0,81.0,103.0,487.0,505.0,4,589.0
2.0,4.0,81.0,103.0,487.0,505.0,4,589.0
2.0,4.0,81.0,103.0,487.0,589.0,4,956.0
2.0,4.0,81.0,103.0,259.0,487.0,4,505.0
2.0,4.0,81.0,259.0,487.0,505.0,4,992.0
2.0,4.0,81.0,103.0,505.0,589.0,4,992.0
2.0,4.0,81.0,103.0,259.0,505.0,4,992.0
2.0,12.0,111.0,216.0,444.0,462.0,4,856.0
2.0,12.0,111.0,216.0,444.0,462.0,4,816.0
2.0,12.0,216.0,816.0,919.0,933.0,4,969.0
2.0,12.0,216.0,816.0,919.0,933.0,4,969.0
2.0,12.0,111.0,444.0,462.0,856.0,4,933.0
2.0,12.0,111.0,216.0,444.0,462.0,4,933.0
2.0,12.0,111.0,216.0,444.0,462.0,4,933.0
2.0,12.0,111.0,216.0,444.0,462.0,4,856.0
2.0,12.0,111.0,444.0,462.0,856.0,4,933.0
2.0,12.0,216.0,816.0,919.0,933.0,4,969.0
2.0,12.0,216.0,816.0,919.0,933.0,4,969.0
2.0,12.0,111.0,444.0,856.0,933.0,4,983.0
2.0,12.0,111.0,444.0,856.0,933.0,4,983.0
2.0,12.0,111.0,216.0,531.0,816.0,4,933.0
2.0,12.0,216.0,444.0,531.0,816.0,4,933.0
2.0,12.0,111.0,216.0,444.0,933.0,4,983.0
2.0,12.0,111.0,216.0,444.0,856.0,4,983.0
2.0,12.0,216.0,444.0,531.0,816.0,4,933.0
2.0,12.0,216.0,444.0,531.0,933.0,4,983.0
2.0,12.0,111.0,216.0,444.0,933.0,4,983.0
2.0,12.0,111.0,216.0,444.0,856.0,4,983.0
2.0,12.0,216.0,444.0,462.0,933.0,4,983.0
2.0,12.0,216.0,444.0,462.0,933.0,4,983.0
2.0,12.0,111.0,216.0,444.0,462.0,4,983.0
2.0,12.0,111.0,216.0,444.0,462.0,4,983.0
2.0,12.0,444.0,856.0,933.0,969.0,4,983.0
2.0,12.0,111.0,856.0,933.0,969.0,4,983.0
2.0,12.0,111.0,444.0,462.0,969.0,4,983.0
2.0,12.0,111.0,216.0,444.0,933.0,4,983.0
2.0,12.0,111.0,216.0,444.0,933.0,4,983.0
2.0,12.0,111.0,216.0,444.0,933.0,4,983.0
2.0,24.0,463.0,576.0,605.0,750.0,4,863.0
2.0,24.0,198.0,576.0,605.0,750.0,4,900.0
2.0,24.0,463.0,576.0,746.0,863.0,4,900.0
2.0,24.0,463.0,576.0,605.0,750.0,4,900.0
2.0,24.0,198.0,463.0,605.0,750.0,4,900.0
2.0,24.0,198.0,463.0,605.0,750.0,4,900.0
2.0,24.0,198.0,605.0,655.0,750.0,4,900.0
2.0,12.0,111.0,216.0,444.0,856.0,4,983.0
2.0,12.0,216.0,444.0,462.0,933.0,4,983.0
2.0,12.0,444.0,462.0,531.0,919.0,4,933.0
2.0,12.0,216.0,462.0,531.0,919.0,4,933.0
2.0,12.0,216.0,462.0,531.0,919.0,4,933.0
2.0,12.0,216.0,462.0,919.0,933.0,4,983.0
2.0,12.0,444.0,856.0,919.0,933.0,4,983.0
2.0,12.0,216.0,444.0,856.0,933.0,4,983.0
2.0,12.0,216.0,444.0,462.0,933.0,4,983.0
2.0,12.0,111.0,216.0,444.0,856.0,4,983.0
2.0,12.0,111.0,216.0,444.0,856.0,4,983.0
2.0,12.0,111.0,216.0,462.0,531.0,4,933.0
2.0,12.0,444.0,531.0,650.0,919.0,4,933.0
2.0,12.0,111.0,531.0,856.0,919.0,4,969.0
2.0,12.0,111.0,531.0,856.0,919.0,4,969.0
2.0,0.0,13.0,493.0,535.0,676.0,4,713.0
2.0,0.0,13.0,493.0,535.0,686.0,4,713.0
2.0,0.0,13.0,676.0,713.0,851.0,4,1037.0
2.0,0.0,13.0,686.0,713.0,851.0,4,910.0
2.0,0.0,13.0,493.0,535.0,686.0,4,713.0
2.0,0.0,13.0,493.0,535.0,686.0,4,713.0
2.0,0.0,13.0,535.0,676.0,713.0,4,851.0
2.0,0.0,13.0,493.0,535.0,851.0,4,910.0
2.0,0.0,13.0,493.0,535.0,713.0,4,851.0
2.0,12.0,111.0,216.0,856.0,933.0,4,983.0
2.0,12.0,111.0,444.0,462.0,933.0,4,983.0
2.0,12.0,216.0,444.0,462.0,531.0,4,933.0
2.0,12.0,216.0,444.0,462.0,531.0,4,933.0
2.0,12.0,111.0,444.0,856.0,933.0,4,983.0
2.0,12.0,111.0,216.0,444.0,856.0,4,983.0
2.0,12.0,111.0,444.0,462.0,933.0,4,983.0
2.0,12.0,111.0,444.0,462.0,933.0,4,983.0
2.0,12.0,111.0,216.0,444.0,856.0,4,983.0
2.0,12.0,216.0,444.0,856.0,933.0,4,983.0
2.0,12.0,111.0,444.0,462.0,531.0,4,933.0
2.0,12.0,111.0,216.0,444.0,462.0,4,531.0
2.0,12.0,111.0,216.0,444.0,856.0,4,983.0
2.0,12.0,111.0,216.0,444.0,856.0,4,983.0
2.0,12.0,111.0,216.0,856.0,933.0,4,983.0
2.0,12.0,111.0,216.0,462.0,933.0,4,983.0
2.0,12.0,216.0,444.0,856.0,933.0,4,983.0
2.0,12.0,111.0,216.0,444.0,462.0,4,983.0
2.0,12.0,111.0,216.0,444.0,462.0,4,983.0
2.0,12.0,111.0,216.0,462.0,531.0,4,933.0
2.0,12.0,111.0,462.0,531.0,919.0,4,933.0
2.0,12.0,216.0,462.0,531.0,919.0,4,933.0
2.0,12.0,216.0,444.0,462.0,933.0,4,983.0
2.0,12.0,216.0,444.0,856.0,933.0,4,983.0
2.0,12.0,111.0,444.0,462.0,933.0,4,983.0
2.0,12.0,111.0,216.0,444.0,531.0,4,969.0
2.0,12.0,111.0,216.0,444.0,531.0,4,969.0
2.0,33.0,125.0,134.0,698.0,853.0,4,854.0
2.0,33.0,45.0,114.0,134.0,789.0,4,853.0
2.0,33.0,45.0,114.0,134.0,789.0,4,853.0
2.0,33.0,45.0,601.0,698.0,789.0,4,854.0
2.0,33.0,45.0,601.0,698.0,789.0,4,854.0
2.0,33.0,45.0,134.0,601.0,698.0,4,854.0
2.0,33.0,45.0,134.0,601.0,698.0,4,854.0
2.0,33.0,125.0,134.0,698.0,853.0,4,854.0
2.0,33.0,125.0,134.0,698.0,853.0,4,854.0
2.0,33.0,45.0,134.0,789.0,853.0,4,854.0
2.0,33.0,45.0,134.0,601.0,698.0,4,854.0
2.0,13.0,15.0,80.0,161.0,192.0,4,956.0
2.0,13.0,15.0,80.0,161.0,192.0,4,956.0
2.0,13.0,15.0,80.0,161.0,787.0,4,832.0
2.0,13.0,15.0,80.0,161.0,787.0,4,832.0
2.0,13.0,80.0,119.0,449.0,787.0,4,832.0
2.0,13.0,15.0,161.0,192.0,723.0,4,956.0
2.0,13.0,15.0,161.0,192.0,723.0,4,956.0
2.0,13.0,15.0,161.0,192.0,723.0,4,787.0
2.0,13.0,15.0,723.0,787.0,832.0,4,956.0
2.0,8.0,136.0,151.0,201.0,575.0,4,747.0
2.0,8.0,57.0,153.0,400.0,575.0,4,627.0
2.0,8.0,57.0,153.0,400.0,627.0,4,747.0
2.0,8.0,136.0,151.0,201.0,575.0,4,747.0
2.0,8.0,136.0,151.0,400.0,575.0,4,747.0
2.0,8.0,57.0,153.0,201.0,400.0,4,627.0
2.0,8.0,57.0,151.0,627.0,747.0,4,827.0
2.0,8.0,136.0,151.0,627.0,747.0,4,827.0
2.0,8.0,136.0,151.0,627.0,747.0,4,827.0
2.0,8.0,136.0,151.0,201.0,747.0,4,827.0
2.0,8.0,136.0,151.0,201.0,627.0,4,747.0
2.0,8.0,136.0,151.0,201.0,627.0,4,747.0
2.0,8.0,136.0,151.0,201.0,627.0,4,747.0
2.0,8.0,57.0,151.0,153.0,400.0,4,827.0
2.0,8.0,57.0,136.0,151.0,747.0,4,827.0
2.0,8.0,57.0,136.0,151.0,747.0,4,827.0
2.0,6.0,213.0,250.0,623.0,1010.0,4,1039.0
2.0,6.0,35.0,397.0,730.0,876.0,4,1010.0
2.0,6.0,35.0,397.0,730.0,876.0,4,1010.0
2.0,6.0,85.0,250.0,623.0,876.0,4,1039.0
2.0,6.0,85.0,250.0,623.0,730.0,4,1039.0
2.0,6.0,85.0,250.0,623.0,730.0,4,1039.0
2.0,6.0,35.0,213.0,250.0,623.0,4,1010.0
2.0,6.0,35.0,213.0,250.0,623.0,4,1010.0
2.0,6.0,35.0,213.0,397.0,730.0,4,1010.0
2.0,6.0,35.0,213.0,730.0,876.0,4,1010.0
2.0,1.0,570.0,577.0,790.0,808.0,4,820.0
2.0,1.0,570.0,577.0,790.0,808.0,4,820.0
2.0,1.0,570.0,577.0,790.0,808.0,4,820.0
2.0,1.0,570.0,577.0,790.0,808.0,4,820.0
2.0,1.0,570.0,577.0,790.0,808.0,4,820.0
2.0,1.0,305.0,570.0,577.0,820.0,4,960.0
2.0,8.0,136.0,151.0,201.0,575.0,4,747.0
2.0,8.0,57.0,136.0,400.0,627.0,4,747.0
2.0,8.0,136.0,151.0,201.0,575.0,4,747.0
2.0,8.0,151.0,201.0,575.0,627.0,4,747.0
2.0,8.0,57.0,151.0,400.0,575.0,4,627.0
2.0,8.0,57.0,136.0,400.0,627.0,4,747.0
2.0,8.0,136.0,151.0,400.0,575.0,4,747.0
2.0,8.0,136.0,151.0,201.0,575.0,4,747.0
2.0,8.0,57.0,136.0,400.0,575.0,4,827.0
2.0,8.0,57.0,136.0,400.0,627.0,4,827.0
2.0,8.0,57.0,400.0,627.0,747.0,4,827.0
2.0,8.0,136.0,151.0,174.0,575.0,4,747.0
2.0,8.0,136.0,151.0,201.0,575.0,4,747.0
2.0,8.0,136.0,151.0,201.0,575.0,4,627.0
2.0,8.0,57.0,151.0,400.0,627.0,4,827.0
2.0,30.0,335.0,350.0,705.0,847.0,4,953.0
2.0,30.0,350.0,389.0,598.0,705.0,4,953.0
2.0,30.0,335.0,350.0,705.0,847.0,4,953.0
2.0,30.0,121.0,409.0,689.0,705.0,4,953.0
2.0,30.0,121.0,335.0,389.0,409.0,4,689.0
2.0,30.0,64.0,121.0,350.0,389.0,4,689.0
2.0,30.0,64.0,350.0,389.0,689.0,4,847.0
2.0,30.0,64.0,90.0,350.0,389.0,4,689.0
2.0,8.0,136.0,151.0,400.0,575.0,4,747.0
2.0,8.0,57.0,136.0,400.0,627.0,4,827.0
2.0,8.0,57.0,136.0,400.0,627.0,4,827.0
2.0,8.0,57.0,136.0,151.0,575.0,4,747.0
2.0,8.0,151.0,400.0,627.0,747.0,4,827.0
2.0,8.0,57.0,136.0,575.0,627.0,4,827.0
2.0,8.0,57.0,136.0,151.0,575.0,4,747.0
2.0,8.0,57.0,136.0,151.0,575.0,4,747.0
2.0,13.0,15.0,80.0,161.0,320.0,4,665.0
2.0,13.0,238.0,320.0,723.0,925.0,4,1036.0
2.0,13.0,80.0,238.0,320.0,925.0,4,1036.0
2.0,13.0,15.0,80.0,320.0,665.0,4,787.0
2.0,13.0,15.0,80.0,320.0,665.0,4,787.0
2.0,13.0,80.0,320.0,665.0,673.0,4,787.0
2.0,13.0,15.0,80.0,320.0,665.0,4,1036.0
2.0,13.0,15.0,80.0,320.0,665.0,4,1036.0
2.0,13.0,80.0,320.0,665.0,673.0,4,1036.0
2.0,13.0,80.0,320.0,665.0,723.0,4,1036.0
2.0,8.0,136.0,151.0,400.0,575.0,4,627.0
2.0,8.0,57.0,153.0,400.0,575.0,4,627.0
2.0,8.0,57.0,153.0,400.0,627.0,4,747.0
2.0,8.0,57.0,153.0,400.0,627.0,4,747.0
2.0,8.0,57.0,136.0,151.0,153.0,4,575.0
2.0,8.0,57.0,136.0,151.0,153.0,4,575.0
2.0,8.0,136.0,151.0,400.0,575.0,4,747.0
2.0,8.0,57.0,136.0,153.0,400.0,4,627.0
2.0,8.0,57.0,136.0,153.0,400.0,4,627.0
2.0,18.0,14.0,448.0,719.0,811.0,4,866.0
2.0,18.0,14.0,181.0,191.0,866.0,4,886.0
2.0,18.0,14.0,579.0,811.0,812.0,4,866.0
2.0,18.0,14.0,579.0,811.0,812.0,4,866.0
2.0,18.0,14.0,181.0,579.0,866.0,4,886.0
2.0,18.0,181.0,448.0,579.0,719.0,4,886.0
2.0,18.0,14.0,181.0,191.0,866.0,4,886.0
2.0,18.0,181.0,191.0,579.0,811.0,4,886.0
2.0,18.0,14.0,579.0,719.0,811.0,4,866.0
2.0,18.0,115.0,579.0,811.0,843.0,4,886.0
2.0,8.0,136.0,151.0,201.0,575.0,4,747.0
2.0,8.0,136.0,151.0,153.0,400.0,4,575.0
2.0,8.0,57.0,153.0,400.0,627.0,4,747.0
2.0,8.0,57.0,136.0,400.0,575.0,4,747.0
2.0,8.0,57.0,136.0,151.0,575.0,4,747.0
2.0,8.0,151.0,153.0,201.0,400.0,4,575.0
2.0,8.0,151.0,201.0,400.0,575.0,4,747.0
2.0,8.0,57.0,151.0,153.0,201.0,4,627.0
2.0,8.0,57.0,151.0,153.0,201.0,4,627.0
2.0,8.0,57.0,151.0,153.0,627.0,4,747.0
2.0,8.0,57.0,151.0,153.0,627.0,4,747.0
2.0,8.0,57.0,151.0,400.0,575.0,4,747.0
2.0,8.0,57.0,151.0,400.0,575.0,4,747.0
2.0,8.0,136.0,151.0,201.0,575.0,4,747.0
2.0,8.0,136.0,151.0,201.0,575.0,4,747.0
2.0,8.0,136.0,151.0,400.0,575.0,4,747.0
2.0,8.0,151.0,153.0,400.0,575.0,4,627.0
2.0,8.0,57.0,151.0,153.0,400.0,4,627.0
2.0,8.0,57.0,151.0,153.0,400.0,4,627.0
2.0,8.0,57.0,136.0,400.0,575.0,4,747.0
2.0,8.0,136.0,151.0,201.0,575.0,4,747.0
2.0,8.0,136.0,151.0,201.0,575.0,4,747.0
2.0,8.0,136.0,151.0,201.0,575.0,4,747.0
2.0,8.0,136.0,151.0,201.0,575.0,4,747.0
2.0,8.0,136.0,151.0,153.0,627.0,4,747.0
2.0,8.0,151.0,153.0,400.0,627.0,4,827.0
2.0,8.0,152.0,174.0,400.0,627.0,4,827.0
2.0,8.0,57.0,136.0,153.0,400.0,4,575.0
2.0,8.0,57.0,136.0,153.0,400.0,4,627.0
2.0,8.0,57.0,136.0,400.0,575.0,4,627.0
2.0,8.0,57.0,136.0,400.0,575.0,4,627.0
2.0,8.0,57.0,136.0,151.0,400.0,4,747.0
2.0,8.0,136.0,151.0,400.0,627.0,4,747.0
2.0,8.0,136.0,151.0,400.0,627.0,4,747.0
2.0,29.0,93.0,456.0,505.0,580.0,4,914.0
2.0,29.0,338.0,456.0,505.0,580.0,4,914.0
2.0,29.0,86.0,338.0,456.0,580.0,4,725.0
2.0,29.0,86.0,103.0,338.0,580.0,4,914.0
2.0,29.0,86.0,103.0,338.0,580.0,4,914.0
2.0,29.0,86.0,338.0,456.0,505.0,4,580.0
2.0,29.0,86.0,338.0,456.0,505.0,4,914.0
2.0,29.0,93.0,283.0,456.0,505.0,4,905.0
2.0,8.0,136.0,151.0,201.0,747.0,4,827.0
2.0,8.0,57.0,136.0,153.0,400.0,4,747.0
2.0,8.0,136.0,151.0,201.0,747.0,4,827.0
2.0,8.0,136.0,151.0,201.0,747.0,4,827.0
2.0,8.0,136.0,151.0,201.0,747.0,4,827.0
2.0,8.0,57.0,136.0,151.0,153.0,4,627.0
2.0,8.0,57.0,136.0,153.0,400.0,4,747.0
2.0,7.0,106.0,246.0,396.0,455.0,4,530.0
2.0,7.0,106.0,246.0,396.0,455.0,4,530.0
2.0,7.0,106.0,263.0,277.0,451.0,4,455.0
2.0,7.0,106.0,263.0,277.0,451.0,4,455.0
2.0,7.0,263.0,277.0,325.0,396.0,4,451.0
2.0,11.0,1.0,638.0,895.0,968.0,4,1031.0
2.0,11.0,1.0,638.0,700.0,968.0,4,1031.0
2.0,11.0,1.0,638.0,895.0,968.0,4,1031.0
2.0,11.0,1.0,638.0,895.0,968.0,4,1031.0
2.0,8.0,57.0,153.0,400.0,575.0,4,627.0
2.0,8.0,57.0,136.0,151.0,400.0,4,747.0
2.0,8.0,136.0,151.0,575.0,627.0,4,747.0
2.0,8.0,57.0,136.0,153.0,575.0,4,627.0
2.0,8.0,57.0,136.0,153.0,575.0,4,627.0
2.0,8.0,136.0,151.0,153.0,400.0,4,575.0
2.0,8.0,57.0,151.0,153.0,400.0,4,627.0
2.0,8.0,57.0,151.0,400.0,627.0,4,747.0
2.0,8.0,153.0,174.0,201.0,627.0,4,827.0
2.0,8.0,151.0,400.0,575.0,627.0,4,747.0
2.0,8.0,151.0,400.0,575.0,627.0,4,747.0
2.0,8.0,151.0,153.0,400.0,575.0,4,627.0
2.0,8.0,57.0,151.0,153.0,575.0,4,627.0
2.0,8.0,57.0,153.0,174.0,627.0,4,747.0
2.0,8.0,151.0,153.0,174.0,400.0,4,747.0
2.0,8.0,151.0,174.0,400.0,575.0,4,747.0
2.0,8.0,151.0,201.0,400.0,575.0,4,747.0
2.0,8.0,57.0,151.0,153.0,575.0,4,627.0
2.0,8.0,151.0,153.0,400.0,627.0,4,747.0
2.0,28.0,110.0,367.0,608.0,754.0,4,922.0
2.0,28.0,110.0,497.0,608.0,922.0,4,971.0
2.0,28.0,497.0,608.0,859.0,890.0,4,971.0
2.0,28.0,146.0,497.0,859.0,890.0,4,971.0
2.0,28.0,110.0,146.0,497.0,859.0,4,890.0
2.0,28.0,110.0,367.0,608.0,859.0,4,922.0
2.0,28.0,110.0,497.0,608.0,859.0,4,922.0
2.0,28.0,110.0,497.0,608.0,754.0,4,922.0
2.0,28.0,110.0,497.0,608.0,922.0,4,971.0
2.0,28.0,110.0,497.0,608.0,922.0,4,971.0
2.0,28.0,146.0,497.0,859.0,890.0,4,971.0
2.0,28.0,110.0,146.0,497.0,859.0,4,890.0
2.0,28.0,110.0,497.0,608.0,859.0,4,890.0
2.0,8.0,57.0,151.0,201.0,575.0,4,747.0
2.0,8.0,57.0,151.0,201.0,575.0,4,627.0
2.0,8.0,57.0,151.0,153.0,627.0,4,827.0
2.0,8.0,57.0,400.0,627.0,747.0,4,827.0
2.0,8.0,151.0,201.0,400.0,575.0,4,747.0
2.0,8.0,151.0,400.0,575.0,627.0,4,747.0
2.0,8.0,57.0,151.0,153.0,575.0,4,627.0
2.0,8.0,57.0,151.0,153.0,174.0,4,627.0
2.0,8.0,57.0,174.0,400.0,627.0,4,747.0
2.0,8.0,57.0,174.0,400.0,627.0,4,747.0
2.0,8.0,151.0,174.0,400.0,627.0,4,747.0
2.0,8.0,151.0,174.0,400.0,575.0,4,747.0
2.0,0.0,493.0,535.0,686.0,713.0,4,1037.0
2.0,0.0,493.0,535.0,695.0,713.0,4,1037.0
2.0,0.0,13.0,493.0,535.0,686.0,4,851.0
2.0,0.0,13.0,493.0,535.0,686.0,4,713.0
2.0,0.0,13.0,493.0,535.0,686.0,4,713.0
2.0,0.0,13.0,493.0,686.0,713.0,4,1037.0
2.0,0.0,13.0,493.0,695.0,851.0,4,1037.0
2.0,0.0,535.0,695.0,713.0,851.0,4,1037.0
2.0,0.0,493.0,535.0,686.0,713.0,4,1037.0
2.0,0.0,13.0,493.0,535.0,686.0,4,713.0
2.0,32.0,44.0,61.0,155.0,420.0,4,524.0
2.0,32.0,155.0,413.0,420.0,499.0,4,524.0
2.0,32.0,44.0,61.0,155.0,499.0,4,524.0
2.0,32.0,61.0,155.0,413.0,420.0,4,524.0
2.0,32.0,44.0,61.0,413.0,499.0,4,1022.0
2.0,32.0,44.0,61.0,413.0,499.0,4,1022.0
2.0,32.0,44.0,61.0,155.0,524.0,4,1022.0
2.0,24.0,204.0,262.0,301.0,501.0,4,576.0
2.0,24.0,204.0,301.0,463.0,501.0,4,576.0
2.0,24.0,204.0,301.0,463.0,501.0,4,863.0
2.0,24.0,301.0,463.0,576.0,841.0,4,863.0
2.0,24.0,204.0,262.0,301.0,463.0,4,841.0
2.0,24.0,169.0,204.0,262.0,301.0,4,463.0
2.0,24.0,169.0,204.0,301.0,463.0,4,576.0
2.0,8.0,136.0,151.0,201.0,575.0,4,747.0
2.0,8.0,136.0,151.0,201.0,575.0,4,627.0
2.0,8.0,57.0,151.0,153.0,400.0,4,575.0
2.0,8.0,57.0,136.0,153.0,400.0,4,747.0
2.0,8.0,57.0,136.0,153.0,400.0,4,747.0
2.0,8.0,57.0,136.0,153.0,400.0,4,747.0
2.0,8.0,151.0,201.0,575.0,627.0,4,747.0
2.0,8.0,57.0,153.0,201.0,575.0,4,627.0
2.0,8.0,57.0,153.0,201.0,575.0,4,627.0
2.0,8.0,57.0,153.0,400.0,627.0,4,747.0
2.0,8.0,57.0,153.0,400.0,627.0,4,747.0
2.0,8.0,151.0,153.0,400.0,627.0,4,747.0
2.0,8.0,151.0,153.0,400.0,627.0,4,747.0
2.0,8.0,57.0,153.0,400.0,575.0,4,627.0
2.0,8.0,57.0,153.0,400.0,627.0,4,747.0
2.0,8.0,57.0,151.0,575.0,627.0,4,747.0
2.0,8.0,151.0,201.0,575.0,627.0,4,747.0
2.0,8.0,151.0,400.0,575.0,627.0,4,747.0
2.0,8.0,151.0,153.0,400.0,575.0,4,627.0
2.0,8.0,57.0,153.0,400.0,575.0,4,627.0
2.0,8.0,57.0,151.0,201.0,575.0,4,747.0
2.0,8.0,151.0,201.0,575.0,627.0,4,747.0
2.0,8.0,57.0,153.0,400.0,575.0,4,627.0
2.0,8.0,57.0,153.0,400.0,575.0,4,627.0
2.0,8.0,151.0,153.0,201.0,400.0,4,747.0
2.0,8.0,151.0,201.0,400.0,575.0,4,747.0
2.0,8.0,57.0,151.0,153.0,575.0,4,627.0
2.0,8.0,57.0,153.0,400.0,627.0,4,747.0
2.0,8.0,57.0,153.0,400.0,627.0,4,747.0
2.0,8.0,57.0,151.0,201.0,575.0,4,747.0
2.0,8.0,57.0,151.0,201.0,575.0,4,747.0
2.0,8.0,57.0,151.0,153.0,201.0,4,627.0
2.0,8.0,57.0,153.0,201.0,400.0,4,627.0
2.0,8.0,57.0,153.0,201.0,400.0,4,627.0
2.0,8.0,57.0,151.0,400.0,627.0,4,747.0
2.0,8.0,57.0,151.0,153.0,575.0,4,627.0
2.0,8.0,57.0,153.0,400.0,575.0,4,627.0
2.0,8.0,151.0,153.0,400.0,575.0,4,627.0
2.0,8.0,57.0,151.0,153.0,575.0,4,627.0
2.0,8.0,151.0,201.0,400.0,575.0,4,747.0
2.0,8.0,151.0,400.0,575.0,627.0,4,747.0
2.0,8.0,151.0,400.0,575.0,627.0,4,747.0
2.0,8.0,400.0,501.0,627.0,827.0,4,911.0
2.0,11.0,113.0,638.0,806.0,1008.0,4,1031.0
2.0,11.0,113.0,638.0,806.0,1008.0,4,1031.0
2.0,11.0,1.0,113.0,132.0,173.0,4,895.0
2.0,11.0,1.0,113.0,132.0,173.0,4,895.0
2.0,11.0,1.0,113.0,132.0,173.0,4,895.0
2.0,11.0,132.0,638.0,806.0,895.0,4,1008.0
2.0,11.0,1.0,132.0,638.0,806.0,4,1008.0
2.0,11.0,1.0,132.0,638.0,806.0,4,1008.0
2.0,11.0,1.0,113.0,132.0,1008.0,4,1031.0
2.0,11.0,1.0,113.0,132.0,895.0,4,1031.0
2.0,11.0,113.0,638.0,806.0,895.0,4,1031.0
2.0,8.0,57.0,153.0,400.0,627.0,4,747.0
2.0,8.0,151.0,400.0,575.0,627.0,4,747.0
2.0,8.0,57.0,151.0,153.0,575.0,4,627.0
2.0,8.0,151.0,400.0,575.0,747.0,4,827.0
2.0,8.0,57.0,151.0,153.0,575.0,4,627.0
2.0,8.0,57.0,153.0,400.0,627.0,4,747.0
2.0,8.0,57.0,153.0,400.0,501.0,4,627.0
2.0,8.0,57.0,153.0,501.0,627.0,4,911.0
2.0,8.0,151.0,201.0,400.0,575.0,4,747.0
2.0,8.0,151.0,201.0,400.0,575.0,4,747.0
2.0,8.0,57.0,151.0,201.0,575.0,4,747.0
2.0,8.0,57.0,151.0,153.0,575.0,4,627.0
2.0,8.0,57.0,153.0,400.0,575.0,4,627.0
2.0,8.0,151.0,201.0,400.0,575.0,4,747.0
2.0,8.0,151.0,201.0,400.0,575.0,4,747.0
2.0,8.0,57.0,151.0,400.0,575.0,4,747.0
2.0,8.0,57.0,153.0,400.0,627.0,4,747.0
2.0,8.0,57.0,151.0,153.0,501.0,4,627.0
2.0,8.0,57.0,501.0,627.0,827.0,4,911.0
2.0,15.0,229.0,659.0,714.0,764.0,4,860.0
2.0,15.0,221.0,373.0,602.0,681.0,4,803.0
2.0,15.0,221.0,373.0,602.0,681.0,4,860.0
2.0,15.0,229.0,365.0,373.0,681.0,4,714.0
2.0,15.0,221.0,373.0,602.0,764.0,4,860.0
2.0,15.0,221.0,373.0,602.0,764.0,4,860.0
2.0,15.0,373.0,602.0,659.0,803.0,4,860.0
2.0,15.0,373.0,602.0,659.0,764.0,4,803.0
2.0,15.0,221.0,373.0,602.0,681.0,4,803.0
2.0,8.0,136.0,151.0,201.0,575.0,4,747.0
2.0,8.0,57.0,153.0,400.0,575.0,4,627.0
2.0,8.0,57.0,153.0,400.0,575.0,4,627.0
2.0,8.0,57.0,153.0,400.0,627.0,4,747.0
2.0,8.0,151.0,153.0,201.0,575.0,4,627.0
2.0,8.0,136.0,151.0,201.0,575.0,4,747.0
2.0,8.0,151.0,153.0,400.0,575.0,4,627.0
2.0,8.0,57.0,136.0,153.0,400.0,4,627.0
2.0,8.0,57.0,136.0,153.0,400.0,4,627.0
2.0,8.0,57.0,400.0,627.0,747.0,4,827.0
2.0,8.0,57.0,136.0,400.0,747.0,4,827.0
2.0,8.0,57.0,136.0,400.0,747.0,4,827.0
2.0,8.0,57.0,136.0,153.0,627.0,4,747.0
2.0,8.0,57.0,151.0,153.0,201.0,4,627.0
2.0,8.0,57.0,151.0,153.0,201.0,4,627.0
2.0,8.0,136.0,151.0,400.0,627.0,4,747.0
2.0,8.0,136.0,151.0,400.0,627.0,4,747.0
2.0,8.0,57.0,136.0,400.0,747.0,4,827.0
2.0,8.0,57.0,136.0,400.0,627.0,4,747.0
2.0,8.0,57.0,136.0,400.0,627.0,4,747.0
2.0,8.0,57.0,136.0,400.0,627.0,4,747.0
2.0,24.0,463.0,576.0,605.0,750.0,4,863.0
2.0,24.0,301.0,463.0,494.0,576.0,4,746.0
2.0,24.0,301.0,463.0,494.0,605.0,4,746.0
2.0,24.0,301.0,463.0,576.0,750.0,4,863.0
2.0,24.0,301.0,463.0,576.0,746.0,4,863.0
2.0,24.0,301.0,494.0,576.0,605.0,4,746.0
2.0,24.0,463.0,576.0,605.0,750.0,4,863.0
2.0,34.0,55.0,224.0,278.0,458.0,4,718.0
2.0,34.0,55.0,278.0,404.0,538.0,4,718.0
2.0,34.0,55.0,224.0,278.0,458.0,4,753.0
2.0,34.0,278.0,404.0,458.0,753.0,4,766.0
2.0,16.0,200.0,296.0,427.0,495.0,4,702.0
2.0,16.0,200.0,296.0,495.0,674.0,4,902.0
2.0,16.0,296.0,495.0,674.0,902.0,4,996.0
2.0,16.0,296.0,495.0,674.0,902.0,4,996.0
2.0,16.0,296.0,495.0,674.0,902.0,4,996.0
2.0,16.0,165.0,200.0,674.0,702.0,4,996.0
2.0,25.0,59.0,188.0,294.0,711.0,4,814.0
2.0,25.0,188.0,294.0,711.0,961.0,4,991.0
2.0,25.0,380.0,662.0,711.0,814.0,4,991.0
2.0,25.0,59.0,294.0,380.0,711.0,4,814.0
2.0,25.0,188.0,380.0,662.0,961.0,4,991.0
2.0,25.0,188.0,294.0,711.0,814.0,4,991.0
2.0,25.0,188.0,294.0,380.0,711.0,4,814.0
2.0,26.0,40.0,41.0,874.0,948.0,4,1024.0
2.0,26.0,40.0,41.0,874.0,948.0,4,1024.0
2.0,26.0,40.0,634.0,824.0,857.0,4,948.0
2.0,26.0,634.0,684.0,824.0,857.0,4,948.0
2.0,26.0,41.0,824.0,857.0,874.0,4,948.0
2.0,26.0,634.0,684.0,874.0,948.0,4,1024.0
2.0,26.0,634.0,684.0,824.0,948.0,4,1024.0
2.0,26.0,634.0,684.0,824.0,857.0,4,948.0
2.0,26.0,634.0,684.0,857.0,874.0,4,948.0
2.0,26.0,634.0,684.0,857.0,874.0,4,948.0
2.0,4.0,3.0,81.0,589.0,646.0,4,992.0
2.0,4.0,3.0,81.0,589.0,646.0,4,992.0
2.0,4.0,3.0,259.0,487.0,589.0,4,646.0
2.0,4.0,81.0,259.0,589.0,646.0,4,992.0
2.0,4.0,3.0,81.0,589.0,646.0,4,992.0
2.0,4.0,3.0,81.0,589.0,646.0,4,992.0
2.0,4.0,81.0,259.0,487.0,646.0,4,992.0
2.0,4.0,81.0,259.0,487.0,646.0,4,992.0
2.0,4.0,81.0,259.0,487.0,646.0,4,992.0
2.0,4.0,81.0,487.0,589.0,646.0,4,992.0
2.0,4.0,81.0,487.0,589.0,646.0,4,992.0
2.0,17.0,149.0,337.0,635.0,809.0,4,829.0
2.0,17.0,149.0,337.0,561.0,809.0,4,829.0
2.0,17.0,148.0,149.0,211.0,561.0,4,809.0
2.0,17.0,148.0,149.0,211.0,561.0,4,642.0
2.0,17.0,148.0,149.0,489.0,635.0,4,642.0
2.0,17.0,489.0,642.0,653.0,809.0,4,829.0
2.0,17.0,148.0,489.0,653.0,809.0,4,829.0
2.0,17.0,148.0,149.0,337.0,642.0,4,809.0
2.0,17.0,148.0,149.0,337.0,642.0,4,809.0
2.0,17.0,148.0,149.0,489.0,642.0,4,809.0
2.0,17.0,148.0,149.0,337.0,809.0,4,829.0
2.0,17.0,148.0,149.0,337.0,809.0,4,829.0
2.0,8.0,136.0,151.0,153.0,400.0,4,575.0
2.0,8.0,136.0,151.0,400.0,575.0,4,627.0
2.0,8.0,136.0,151.0,153.0,201.0,4,575.0
2.0,8.0,57.0,136.0,151.0,153.0,4,575.0
2.0,8.0,57.0,136.0,153.0,400.0,4,627.0
2.0,8.0,57.0,136.0,153.0,400.0,4,627.0
2.0,8.0,57.0,151.0,153.0,400.0,4,627.0
2.0,8.0,136.0,151.0,400.0,575.0,4,627.0
2.0,8.0,136.0,151.0,153.0,400.0,4,575.0
2.0,8.0,136.0,151.0,153.0,400.0,4,575.0
2.0,8.0,136.0,151.0,153.0,400.0,4,575.0
2.0,8.0,136.0,151.0,201.0,501.0,4,575.0
2.0,9.0,68.0,815.0,828.0,845.0,4,941.0
2.0,9.0,68.0,452.0,845.0,941.0,4,1011.0
2.0,9.0,68.0,452.0,941.0,1011.0,4,1019.0
2.0,9.0,68.0,452.0,941.0,1011.0,4,1019.0
2.0,9.0,68.0,815.0,828.0,845.0,4,941.0
2.0,8.0,136.0,151.0,400.0,501.0,4,747.0
2.0,8.0,136.0,151.0,400.0,501.0,4,747.0
2.0,8.0,136.0,151.0,153.0,201.0,4,627.0
2.0,8.0,153.0,201.0,400.0,627.0,4,747.0
2.0,8.0,136.0,151.0,153.0,400.0,4,747.0
2.0,8.0,136.0,151.0,153.0,201.0,4,627.0
2.0,8.0,136.0,151.0,153.0,201.0,4,627.0
2.0,8.0,136.0,151.0,153.0,201.0,4,627.0
2.0,8.0,151.0,153.0,201.0,627.0,4,747.0
2.0,8.0,136.0,151.0,400.0,627.0,4,747.0
2.0,33.0,45.0,255.0,601.0,692.0,4,789.0
2.0,33.0,45.0,255.0,698.0,789.0,4,853.0
2.0,33.0,45.0,255.0,698.0,789.0,4,853.0
2.0,33.0,125.0,255.0,698.0,789.0,4,853.0
2.0,33.0,45.0,125.0,134.0,255.0,4,789.0
2.0,33.0,45.0,134.0,255.0,601.0,4,789.0
2.0,33.0,45.0,134.0,255.0,601.0,4,789.0
2.0,33.0,45.0,134.0,255.0,601.0,4,698.0
2.0,33.0,45.0,134.0,255.0,698.0,4,853.0
2.0,29.0,46.0,94.0,456.0,580.0,4,914.0
2.0,29.0,46.0,456.0,580.0,914.0,4,1022.0
2.0,29.0,46.0,94.0,338.0,580.0,4,914.0
2.0,29.0,46.0,94.0,338.0,580.0,4,914.0
2.0,29.0,46.0,94.0,338.0,580.0,4,914.0
2.0,29.0,46.0,338.0,580.0,914.0,4,1022.0
2.0,29.0,46.0,94.0,338.0,812.0,4,914.0
2.0,29.0,46.0,94.0,338.0,812.0,4,914.0
2.0,29.0,46.0,94.0,338.0,580.0,4,914.0
2.0,8.0,136.0,151.0,201.0,575.0,4,747.0
2.0,8.0,136.0,151.0,153.0,400.0,4,575.0
2.0,8.0,136.0,153.0,400.0,449.0,4,747.0
2.0,8.0,136.0,151.0,201.0,575.0,4,747.0
2.0,8.0,136.0,151.0,153.0,400.0,4,747.0
2.0,8.0,136.0,151.0,153.0,400.0,4,627.0
2.0,8.0,136.0,151.0,153.0,400.0,4,627.0
2.0,8.0,151.0,153.0,400.0,627.0,4,747.0
2.0,8.0,136.0,151.0,400.0,627.0,4,747.0
2.0,8.0,136.0,151.0,400.0,747.0,4,827.0
2.0,8.0,136.0,151.0,400.0,747.0,4,827.0
2.0,8.0,136.0,151.0,153.0,400.0,4,827.0
2.0,8.0,57.0,136.0,151.0,153.0,4,627.0
2.0,8.0,57.0,151.0,153.0,627.0,4,747.0
2.0,8.0,57.0,151.0,627.0,747.0,4,827.0
2.0,8.0,57.0,136.0,151.0,153.0,4,747.0
2.0,8.0,136.0,151.0,400.0,747.0,4,827.0
2.0,8.0,57.0,136.0,151.0,153.0,4,747.0
2.0,8.0,57.0,136.0,151.0,153.0,4,747.0
2.0,8.0,57.0,151.0,153.0,627.0,4,827.0
2.0,8.0,57.0,153.0,400.0,627.0,4,827.0
2.0,8.0,136.0,151.0,201.0,747.0,4,827.0
2.0,8.0,136.0,151.0,153.0,400.0,4,627.0
2.0,8.0,57.0,136.0,153.0,400.0,4,627.0
2.0,8.0,57.0,136.0,151.0,747.0,4,827.0
2.0,8.0,136.0,151.0,201.0,747.0,4,827.0
2.0,8.0,136.0,151.0,201.0,747.0,4,827.0
2.0,8.0,136.0,151.0,201.0,747.0,4,827.0
2.0,8.0,151.0,153.0,400.0,627.0,4,747.0
2.0,8.0,57.0,153.0,400.0,627.0,4,827.0
2.0,8.0,57.0,153.0,400.0,627.0,4,827.0
2.0,8.0,57.0,136.0,151.0,153.0,4,827.0
2.0,8.0,136.0,151.0,201.0,575.0,4,747.0
2.0,8.0,136.0,151.0,153.0,400.0,4,575.0
2.0,8.0,151.0,400.0,627.0,747.0,4,827.0
2.0,8.0,57.0,136.0,151.0,575.0,4,747.0
2.0,8.0,136.0,151.0,201.0,747.0,4,827.0
2.0,8.0,136.0,151.0,153.0,201.0,4,827.0
2.0,8.0,136.0,151.0,153.0,400.0,4,627.0
2.0,8.0,57.0,151.0,400.0,627.0,4,747.0
2.0,8.0,57.0,201.0,400.0,627.0,4,747.0
2.0,8.0,57.0,153.0,201.0,400.0,4,627.0
2.0,8.0,201.0,400.0,449.0,501.0,4,627.0
2.0,15.0,229.0,659.0,714.0,764.0,4,860.0
2.0,15.0,229.0,375.0,714.0,764.0,4,860.0
2.0,15.0,229.0,373.0,714.0,764.0,4,860.0
2.0,15.0,229.0,659.0,714.0,764.0,4,803.0
2.0,15.0,229.0,659.0,714.0,764.0,4,860.0
2.0,15.0,229.0,659.0,714.0,764.0,4,860.0
2.0,15.0,373.0,659.0,714.0,764.0,4,860.0
2.0,15.0,373.0,375.0,681.0,803.0,4,860.0
2.0,15.0,373.0,375.0,714.0,764.0,4,860.0
2.0,8.0,57.0,136.0,151.0,575.0,4,747.0
2.0,8.0,57.0,136.0,151.0,153.0,4,747.0
2.0,8.0,57.0,151.0,153.0,627.0,4,827.0
2.0,8.0,57.0,153.0,400.0,627.0,4,827.0
2.0,8.0,57.0,136.0,400.0,747.0,4,827.0
2.0,8.0,136.0,151.0,400.0,575.0,4,747.0
2.0,8.0,57.0,136.0,151.0,153.0,4,827.0
2.0,8.0,57.0,151.0,153.0,627.0,4,827.0
2.0,8.0,57.0,153.0,400.0,627.0,4,827.0
2.0,7.0,66.0,277.0,325.0,396.0,4,455.0
2.0,7.0,277.0,351.0,396.0,432.0,4,867.0
2.0,7.0,106.0,351.0,396.0,432.0,4,867.0
2.0,7.0,106.0,351.0,396.0,455.0,4,867.0
2.0,7.0,277.0,351.0,432.0,455.0,4,867.0
2.0,7.0,106.0,325.0,351.0,396.0,4,455.0
2.0,7.0,106.0,351.0,396.0,455.0,4,867.0
2.0,7.0,66.0,106.0,351.0,396.0,4,867.0
2.0,7.0,66.0,277.0,396.0,455.0,4,867.0
2.0,8.0,136.0,151.0,153.0,400.0,4,627.0
2.0,8.0,57.0,153.0,400.0,627.0,4,747.0
2.0,8.0,57.0,153.0,400.0,627.0,4,747.0
2.0,8.0,57.0,136.0,153.0,400.0,4,747.0
2.0,8.0,136.0,151.0,400.0,575.0,4,747.0
2.0,8.0,136.0,151.0,201.0,575.0,4,747.0
2.0,8.0,57.0,153.0,400.0,627.0,4,827.0
2.0,8.0,57.0,400.0,627.0,747.0,4,827.0
2.0,8.0,136.0,151.0,153.0,400.0,4,747.0
2.0,8.0,136.0,151.0,201.0,501.0,4,747.0
2.0,8.0,136.0,151.0,153.0,400.0,4,747.0
2.0,8.0,57.0,153.0,400.0,627.0,4,827.0
2.0,8.0,57.0,136.0,153.0,400.0,4,627.0
2.0,8.0,57.0,136.0,151.0,153.0,4,747.0
2.0,8.0,136.0,151.0,153.0,400.0,4,747.0
2.0,8.0,136.0,151.0,153.0,201.0,4,747.0
2.0,8.0,136.0,151.0,153.0,400.0,4,747.0
2.0,8.0,151.0,153.0,400.0,627.0,4,827.0
2.0,8.0,57.0,153.0,400.0,627.0,4,827.0
2.0,8.0,57.0,153.0,400.0,627.0,4,827.0
2.0,8.0,57.0,153.0,400.0,627.0,4,827.0
2.0,18.0,448.0,582.0,719.0,843.0,4,866.0
2.0,18.0,115.0,719.0,866.0,886.0,4,905.0
2.0,18.0,93.0,678.0,719.0,886.0,4,905.0
2.0,18.0,93.0,678.0,843.0,886.0,4,905.0
2.0,18.0,93.0,678.0,843.0,886.0,4,905.0
2.0,18.0,93.0,582.0,678.0,886.0,4,905.0
2.0,8.0,57.0,136.0,201.0,747.0,4,827.0
2.0,8.0,57.0,153.0,400.0,627.0,4,827.0
2.0,8.0,57.0,153.0,400.0,627.0,4,827.0
2.0,8.0,136.0,151.0,201.0,747.0,4,827.0
2.0,8.0,136.0,151.0,153.0,201.0,4,747.0
2.0,8.0,136.0,151.0,153.0,201.0,4,747.0
2.0,8.0,136.0,151.0,153.0,400.0,4,627.0
2.0,8.0,136.0,151.0,153.0,400.0,4,627.0
2.0,8.0,57.0,153.0,400.0,627.0,4,747.0
2.0,8.0,57.0,136.0,400.0,627.0,4,747.0
2.0,8.0,57.0,136.0,151.0,627.0,4,747.0
2.0,8.0,57.0,136.0,151.0,153.0,4,747.0
2.0,8.0,136.0,151.0,201.0,575.0,4,747.0
2.0,8.0,136.0,151.0,153.0,400.0,4,627.0
2.0,8.0,57.0,136.0,153.0,400.0,4,627.0
2.0,8.0,57.0,153.0,400.0,627.0,4,747.0
2.0,8.0,57.0,151.0,153.0,627.0,4,747.0
2.0,8.0,57.0,136.0,151.0,575.0,4,747.0
2.0,8.0,136.0,151.0,153.0,400.0,4,575.0
2.0,8.0,57.0,153.0,400.0,627.0,4,747.0
2.0,8.0,57.0,153.0,400.0,627.0,4,747.0
2.0,8.0,151.0,153.0,400.0,575.0,4,627.0
2.0,28.0,110.0,497.0,608.0,754.0,4,922.0
2.0,28.0,367.0,608.0,859.0,890.0,4,971.0
2.0,28.0,367.0,608.0,859.0,890.0,4,971.0
2.0,28.0,367.0,608.0,859.0,890.0,4,971.0
2.0,28.0,110.0,146.0,497.0,859.0,4,922.0
2.0,28.0,110.0,146.0,497.0,922.0,4,971.0
2.0,28.0,367.0,608.0,859.0,922.0,4,971.0
2.0,28.0,367.0,608.0,859.0,890.0,4,971.0
2.0,28.0,146.0,367.0,859.0,890.0,4,971.0
2.0,28.0,146.0,484.0,709.0,859.0,4,890.0
2.0,33.0,45.0,134.0,698.0,853.0,4,854.0
2.0,33.0,45.0,114.0,134.0,601.0,4,789.0
2.0,33.0,45.0,114.0,601.0,698.0,4,789.0
2.0,33.0,125.0,134.0,698.0,853.0,4,854.0
2.0,33.0,45.0,134.0,789.0,853.0,4,854.0
2.0,33.0,45.0,114.0,134.0,789.0,4,853.0
2.0,33.0,45.0,114.0,698.0,789.0,4,853.0
2.0,33.0,45.0,114.0,601.0,698.0,4,789.0
2.0,33.0,45.0,114.0,134.0,601.0,4,698.0
2.0,33.0,125.0,593.0,607.0,733.0,4,854.0
2.0,13.0,15.0,161.0,192.0,723.0,4,956.0
2.0,13.0,15.0,80.0,161.0,192.0,4,665.0
2.0,13.0,15.0,80.0,665.0,832.0,4,956.0
2.0,13.0,15.0,80.0,161.0,192.0,4,665.0
2.0,13.0,15.0,80.0,161.0,192.0,4,956.0
2.0,13.0,15.0,80.0,161.0,192.0,4,665.0
2.0,33.0,45.0,134.0,789.0,853.0,4,854.0
2.0,33.0,45.0,114.0,601.0,698.0,4,789.0
2.0,33.0,125.0,134.0,698.0,853.0,4,854.0
2.0,33.0,45.0,114.0,134.0,789.0,4,853.0
2.0,33.0,45.0,114.0,134.0,789.0,4,853.0
2.0,33.0,45.0,114.0,698.0,789.0,4,853.0
2.0,33.0,45.0,114.0,601.0,698.0,4,789.0
2.0,33.0,125.0,134.0,698.0,853.0,4,854.0
2.0,33.0,125.0,134.0,698.0,853.0,4,854.0
2.0,33.0,45.0,134.0,789.0,853.0,4,854.0
2.0,33.0,45.0,134.0,789.0,853.0,4,854.0
2.0,33.0,45.0,134.0,789.0,853.0,4,854.0
2.0,33.0,45.0,114.0,601.0,698.0,4,789.0
2.0,33.0,45.0,114.0,134.0,601.0,4,698.0
2.0,33.0,45.0,114.0,134.0,601.0,4,698.0
2.0,33.0,125.0,134.0,698.0,853.0,4,854.0
2.0,33.0,45.0,114.0,134.0,601.0,4,698.0
2.0,26.0,40.0,41.0,315.0,634.0,4,948.0
2.0,26.0,40.0,41.0,315.0,874.0,4,948.0
2.0,26.0,40.0,41.0,315.0,874.0,4,948.0
2.0,26.0,40.0,41.0,315.0,948.0,4,1024.0
2.0,34.0,55.0,137.0,404.0,538.0,4,753.0
2.0,34.0,36.0,55.0,247.0,404.0,4,753.0
2.0,34.0,36.0,55.0,137.0,247.0,4,404.0
2.0,34.0,55.0,137.0,247.0,404.0,4,753.0
2.0,34.0,55.0,137.0,247.0,404.0,4,753.0
2.0,6.0,85.0,250.0,623.0,730.0,4,1039.0
2.0,6.0,85.0,213.0,250.0,623.0,4,1010.0
2.0,6.0,35.0,213.0,250.0,623.0,4,1010.0
2.0,6.0,85.0,213.0,623.0,730.0,4,1039.0
2.0,6.0,35.0,85.0,250.0,623.0,4,730.0
2.0,6.0,85.0,250.0,623.0,730.0,4,1039.0
2.0,6.0,35.0,85.0,213.0,250.0,4,623.0
2.0,6.0,35.0,250.0,623.0,730.0,4,1039.0
2.0,6.0,35.0,85.0,250.0,623.0,4,730.0
2.0,33.0,125.0,134.0,698.0,853.0,4,854.0
2.0,33.0,134.0,698.0,733.0,853.0,4,854.0
2.0,33.0,134.0,733.0,789.0,853.0,4,854.0
2.0,33.0,134.0,733.0,789.0,853.0,4,854.0
2.0,33.0,45.0,125.0,601.0,692.0,4,789.0
2.0,33.0,45.0,601.0,698.0,789.0,4,854.0
2.0,33.0,45.0,134.0,789.0,853.0,4,854.0
2.0,33.0,45.0,134.0,593.0,853.0,4,854.0
2.0,33.0,45.0,125.0,134.0,593.0,4,854.0
2.0,33.0,45.0,125.0,134.0,789.0,4,854.0
2.0,33.0,45.0,125.0,698.0,789.0,4,854.0
2.0,30.0,121.0,350.0,689.0,705.0,4,953.0
2.0,30.0,350.0,389.0,689.0,705.0,4,953.0
2.0,30.0,335.0,350.0,389.0,689.0,4,847.0
2.0,30.0,335.0,350.0,389.0,689.0,4,847.0
2.0,30.0,335.0,389.0,689.0,705.0,4,847.0
2.0,30.0,64.0,121.0,705.0,847.0,4,953.0
2.0,30.0,121.0,335.0,705.0,847.0,4,953.0
2.0,30.0,121.0,335.0,389.0,847.0,4,953.0
2.0,30.0,350.0,389.0,689.0,847.0,4,953.0
2.0,30.0,121.0,689.0,705.0,847.0,4,953.0
2.0,30.0,121.0,335.0,689.0,705.0,4,847.0
2.0,30.0,121.0,335.0,689.0,705.0,4,847.0
2.0,30.0,64.0,90.0,350.0,389.0,4,598.0
2.0,15.0,226.0,229.0,714.0,803.0,4,860.0
2.0,15.0,229.0,659.0,714.0,803.0,4,860.0
2.0,15.0,229.0,659.0,681.0,714.0,4,860.0
2.0,15.0,229.0,681.0,714.0,764.0,4,860.0
2.0,15.0,229.0,681.0,714.0,764.0,4,860.0
2.0,33.0,45.0,114.0,593.0,698.0,4,733.0
2.0,33.0,45.0,125.0,698.0,733.0,4,854.0
2.0,33.0,45.0,125.0,698.0,853.0,4,854.0
2.0,33.0,125.0,698.0,789.0,853.0,4,854.0
2.0,33.0,125.0,698.0,789.0,853.0,4,854.0
2.0,33.0,45.0,698.0,789.0,853.0,4,854.0
2.0,33.0,45.0,698.0,789.0,853.0,4,854.0
2.0,33.0,125.0,255.0,698.0,789.0,4,853.0
2.0,33.0,45.0,692.0,733.0,789.0,4,854.0
2.0,33.0,45.0,255.0,698.0,789.0,4,853.0
2.0,33.0,125.0,255.0,698.0,789.0,4,853.0
2.0,33.0,125.0,255.0,698.0,789.0,4,853.0
2.0,33.0,125.0,255.0,698.0,789.0,4,853.0
2.0,33.0,45.0,125.0,789.0,853.0,4,854.0
2.0,33.0,45.0,255.0,698.0,789.0,4,853.0
2.0,33.0,45.0,255.0,698.0,789.0,4,853.0
2.0,33.0,45.0,255.0,698.0,789.0,4,853.0
2.0,33.0,125.0,255.0,698.0,789.0,4,853.0
2.0,33.0,45.0,125.0,601.0,789.0,4,854.0
2.0,33.0,45.0,601.0,698.0,733.0,4,854.0
2.0,33.0,45.0,601.0,698.0,733.0,4,854.0
2.0,33.0,45.0,255.0,601.0,698.0,4,733.0
2.0,33.0,125.0,255.0,698.0,789.0,4,853.0
2.0,33.0,125.0,255.0,698.0,789.0,4,853.0
2.0,33.0,45.0,125.0,255.0,698.0,4,853.0
2.0,33.0,45.0,125.0,698.0,853.0,4,854.0
2.0,33.0,593.0,601.0,607.0,733.0,4,854.0
2.0,33.0,125.0,255.0,698.0,789.0,4,853.0
2.0,33.0,45.0,125.0,601.0,789.0,4,854.0
2.0,33.0,45.0,255.0,601.0,698.0,4,853.0
2.0,33.0,125.0,255.0,698.0,789.0,4,853.0
2.0,33.0,125.0,255.0,601.0,698.0,4,789.0
2.0,33.0,125.0,255.0,601.0,698.0,4,789.0
2.0,33.0,593.0,607.0,733.0,853.0,4,854.0
2.0,29.0,86.0,94.0,103.0,338.0,4,914.0
2.0,29.0,86.0,103.0,338.0,580.0,4,914.0
2.0,29.0,86.0,103.0,338.0,580.0,4,914.0
2.0,29.0,86.0,94.0,103.0,580.0,4,914.0
2.0,29.0,86.0,94.0,103.0,338.0,4,914.0
2.0,29.0,86.0,94.0,456.0,580.0,4,914.0
2.0,29.0,86.0,103.0,580.0,800.0,4,914.0
2.0,33.0,125.0,255.0,698.0,789.0,4,853.0
2.0,33.0,593.0,601.0,733.0,789.0,4,854.0
2.0,33.0,125.0,255.0,601.0,698.0,4,789.0
2.0,33.0,593.0,601.0,733.0,789.0,4,854.0
2.0,33.0,255.0,601.0,698.0,733.0,4,789.0
2.0,33.0,125.0,255.0,698.0,789.0,4,853.0
2.0,33.0,125.0,255.0,698.0,789.0,4,853.0
2.0,33.0,125.0,255.0,698.0,789.0,4,853.0
2.0,33.0,255.0,698.0,733.0,789.0,4,853.0
2.0,33.0,255.0,698.0,733.0,789.0,4,853.0
2.0,33.0,45.0,114.0,698.0,733.0,4,853.0
2.0,33.0,45.0,114.0,698.0,733.0,4,853.0
2.0,33.0,45.0,114.0,601.0,692.0,4,789.0
2.0,33.0,45.0,255.0,601.0,692.0,4,789.0
2.0,33.0,45.0,255.0,601.0,698.0,4,789.0
2.0,33.0,45.0,255.0,601.0,698.0,4,853.0
2.0,33.0,125.0,255.0,698.0,789.0,4,853.0
2.0,33.0,125.0,255.0,698.0,789.0,4,853.0
2.0,33.0,45.0,125.0,255.0,698.0,4,853.0
2.0,33.0,45.0,114.0,125.0,698.0,4,853.0
2.0,33.0,45.0,114.0,601.0,692.0,4,789.0
2.0,33.0,45.0,114.0,601.0,692.0,4,789.0
2.0,33.0,114.0,125.0,593.0,733.0,4,854.0
2.0,18.0,14.0,191.0,811.0,812.0,4,866.0
2.0,18.0,14.0,579.0,582.0,812.0,4,886.0
2.0,18.0,14.0,579.0,811.0,843.0,4,886.0
2.0,18.0,14.0,579.0,811.0,866.0,4,886.0
2.0,18.0,14.0,191.0,582.0,866.0,4,886.0
2.0,18.0,14.0,191.0,582.0,843.0,4,866.0
2.0,18.0,14.0,191.0,811.0,812.0,4,866.0
2.0,18.0,14.0,191.0,811.0,812.0,4,866.0
2.0,18.0,115.0,579.0,582.0,811.0,4,843.0
2.0,33.0,45.0,125.0,255.0,698.0,4,853.0
2.0,33.0,45.0,255.0,601.0,698.0,4,789.0
2.0,33.0,125.0,255.0,698.0,789.0,4,853.0
2.0,33.0,125.0,255.0,698.0,789.0,4,853.0
2.0,33.0,45.0,114.0,601.0,692.0,4,789.0
2.0,33.0,125.0,255.0,698.0,733.0,4,789.0
2.0,33.0,45.0,114.0,593.0,601.0,4,733.0
2.0,33.0,45.0,125.0,255.0,698.0,4,789.0
2.0,33.0,45.0,125.0,255.0,698.0,4,789.0
2.0,33.0,45.0,255.0,601.0,698.0,4,789.0
2.0,1.0,570.0,577.0,790.0,808.0,4,820.0
2.0,1.0,342.0,356.0,625.0,790.0,4,960.0
2.0,1.0,342.0,356.0,625.0,790.0,4,960.0
2.0,1.0,342.0,356.0,625.0,820.0,4,960.0
2.0,1.0,570.0,577.0,790.0,808.0,4,820.0
2.0,1.0,570.0,577.0,790.0,808.0,4,820.0
2.0,9.0,29.0,815.0,828.0,845.0,4,941.0
2.0,9.0,68.0,815.0,828.0,941.0,4,1019.0
2.0,9.0,29.0,68.0,815.0,828.0,4,941.0
2.0,9.0,29.0,68.0,74.0,452.0,4,828.0
2.0,9.0,29.0,68.0,815.0,828.0,4,941.0
2.0,9.0,29.0,815.0,828.0,845.0,4,941.0
2.0,4.0,3.0,46.0,81.0,616.0,4,646.0
2.0,4.0,46.0,81.0,616.0,646.0,4,947.0
2.0,4.0,46.0,616.0,628.0,646.0,4,947.0
2.0,4.0,46.0,616.0,628.0,646.0,4,947.0
2.0,4.0,46.0,487.0,616.0,628.0,4,947.0
2.0,4.0,46.0,259.0,487.0,616.0,4,947.0
2.0,4.0,81.0,487.0,616.0,628.0,4,646.0
2.0,4.0,46.0,81.0,487.0,616.0,4,947.0
2.0,4.0,46.0,259.0,487.0,616.0,4,947.0
2.0,4.0,46.0,81.0,259.0,616.0,4,947.0
2.0,4.0,46.0,81.0,259.0,616.0,4,947.0
2.0,17.0,47.0,635.0,642.0,708.0,4,829.0
2.0,17.0,47.0,635.0,642.0,708.0,4,829.0
2.0,17.0,148.0,149.0,211.0,708.0,4,809.0
2.0,17.0,148.0,149.0,211.0,642.0,4,708.0
2.0,17.0,148.0,149.0,635.0,642.0,4,708.0
2.0,17.0,47.0,148.0,635.0,642.0,4,829.0
2.0,17.0,47.0,635.0,642.0,708.0,4,829.0
2.0,17.0,47.0,635.0,642.0,708.0,4,829.0
2.0,33.0,45.0,125.0,255.0,593.0,4,853.0
2.0,33.0,114.0,601.0,607.0,692.0,4,853.0
2.0,33.0,45.0,114.0,601.0,607.0,4,692.0
2.0,33.0,45.0,255.0,593.0,601.0,4,692.0
2.0,33.0,45.0,125.0,255.0,593.0,4,853.0
2.0,33.0,45.0,255.0,601.0,607.0,4,853.0
2.0,33.0,125.0,255.0,601.0,607.0,4,692.0
2.0,33.0,45.0,125.0,255.0,593.0,4,853.0
2.0,11.0,638.0,647.0,806.0,895.0,4,1031.0
2.0,11.0,638.0,647.0,806.0,895.0,4,1031.0
2.0,11.0,1.0,132.0,700.0,895.0,4,1031.0
2.0,11.0,1.0,132.0,647.0,895.0,4,1031.0
2.0,33.0,45.0,125.0,255.0,698.0,4,853.0
2.0,33.0,255.0,601.0,692.0,698.0,4,853.0
2.0,33.0,255.0,601.0,692.0,698.0,4,853.0
2.0,33.0,45.0,255.0,601.0,698.0,4,853.0
2.0,33.0,45.0,255.0,601.0,698.0,4,853.0
2.0,33.0,45.0,255.0,601.0,698.0,4,853.0
2.0,33.0,45.0,125.0,255.0,698.0,4,853.0
2.0,33.0,45.0,125.0,255.0,593.0,4,853.0
2.0,33.0,45.0,114.0,125.0,593.0,4,601.0
2.0,33.0,114.0,125.0,593.0,601.0,4,698.0
2.0,33.0,45.0,125.0,255.0,601.0,4,698.0
2.0,33.0,114.0,593.0,601.0,607.0,4,854.0
2.0,33.0,45.0,114.0,593.0,601.0,4,789.0
2.0,33.0,45.0,255.0,601.0,692.0,4,789.0
2.0,33.0,45.0,255.0,601.0,692.0,4,789.0
2.0,33.0,45.0,255.0,601.0,698.0,4,789.0
2.0,33.0,45.0,255.0,601.0,698.0,4,789.0
2.0,33.0,45.0,114.0,601.0,692.0,4,789.0
2.0,33.0,45.0,114.0,601.0,692.0,4,789.0
2.0,33.0,255.0,698.0,789.0,853.0,4,854.0
2.0,33.0,255.0,698.0,789.0,853.0,4,854.0
2.0,33.0,45.0,255.0,601.0,698.0,4,853.0
2.0,33.0,45.0,114.0,601.0,698.0,4,853.0
2.0,33.0,45.0,114.0,593.0,601.0,4,692.0
2.0,33.0,45.0,255.0,593.0,692.0,4,733.0
2.0,33.0,45.0,255.0,698.0,789.0,4,853.0
2.0,33.0,45.0,114.0,593.0,853.0,4,854.0
2.0,33.0,45.0,114.0,593.0,853.0,4,854.0
2.0,33.0,45.0,114.0,593.0,692.0,4,854.0
2.0,33.0,45.0,114.0,593.0,692.0,4,854.0
2.0,24.0,262.0,463.0,576.0,750.0,4,863.0
2.0,24.0,262.0,463.0,576.0,750.0,4,863.0
2.0,24.0,301.0,463.0,605.0,746.0,4,750.0
2.0,24.0,262.0,463.0,746.0,750.0,4,863.0
2.0,24.0,262.0,463.0,576.0,750.0,4,863.0
2.0,24.0,301.0,576.0,605.0,746.0,4,750.0
2.0,24.0,301.0,463.0,605.0,746.0,4,750.0
2.0,24.0,463.0,576.0,746.0,750.0,4,863.0
2.0,15.0,365.0,373.0,659.0,714.0,4,764.0
2.0,15.0,365.0,373.0,659.0,714.0,4,764.0
2.0,15.0,221.0,365.0,373.0,681.0,4,714.0
2.0,15.0,373.0,659.0,714.0,764.0,4,860.0
2.0,15.0,373.0,659.0,681.0,714.0,4,860.0
2.0,15.0,221.0,365.0,602.0,681.0,4,860.0
2.0,15.0,221.0,365.0,373.0,602.0,4,681.0
2.0,15.0,373.0,659.0,714.0,764.0,4,860.0
2.0,7.0,66.0,263.0,277.0,325.0,4,451.0
2.0,7.0,106.0,277.0,396.0,451.0,4,455.0
2.0,7.0,106.0,277.0,396.0,451.0,4,455.0
2.0,7.0,106.0,263.0,277.0,451.0,4,455.0
2.0,7.0,66.0,106.0,277.0,451.0,4,455.0
2.0,7.0,66.0,106.0,277.0,451.0,4,455.0
2.0,7.0,106.0,263.0,277.0,396.0,4,455.0
2.0,7.0,66.0,263.0,277.0,325.0,4,451.0
2.0,7.0,66.0,106.0,432.0,451.0,4,455.0
2.0,33.0,125.0,255.0,698.0,789.0,4,853.0
2.0,33.0,45.0,114.0,601.0,692.0,4,789.0
2.0,33.0,255.0,601.0,692.0,698.0,4,789.0
2.0,33.0,125.0,255.0,698.0,789.0,4,853.0
2.0,33.0,114.0,593.0,601.0,789.0,4,853.0
2.0,33.0,114.0,593.0,601.0,692.0,4,698.0
2.0,33.0,255.0,601.0,698.0,789.0,4,853.0
2.0,11.0,638.0,806.0,895.0,1008.0,4,1031.0
2.0,11.0,113.0,638.0,806.0,1008.0,4,1031.0
2.0,11.0,113.0,132.0,806.0,1008.0,4,1031.0
2.0,11.0,1.0,113.0,132.0,173.0,4,895.0
2.0,11.0,1.0,113.0,132.0,173.0,4,895.0
2.0,11.0,638.0,806.0,895.0,1008.0,4,1031.0
2.0,11.0,132.0,638.0,806.0,895.0,4,1008.0
2.0,11.0,113.0,132.0,638.0,806.0,4,1008.0
2.0,11.0,1.0,113.0,132.0,638.0,4,806.0
2.0,11.0,1.0,113.0,132.0,638.0,4,895.0
2.0,11.0,132.0,638.0,806.0,895.0,4,1008.0
2.0,33.0,125.0,255.0,607.0,789.0,4,853.0
2.0,33.0,255.0,601.0,607.0,789.0,4,853.0
2.0,33.0,114.0,593.0,601.0,692.0,4,698.0
2.0,33.0,114.0,593.0,601.0,692.0,4,789.0
2.0,33.0,255.0,593.0,601.0,692.0,4,789.0
2.0,33.0,255.0,593.0,601.0,789.0,4,853.0
2.0,33.0,125.0,255.0,607.0,789.0,4,853.0
2.0,33.0,114.0,601.0,607.0,789.0,4,853.0
2.0,33.0,114.0,593.0,601.0,692.0,4,698.0
2.0,33.0,114.0,601.0,692.0,698.0,4,789.0
2.0,33.0,125.0,255.0,698.0,789.0,4,853.0
2.0,33.0,125.0,255.0,698.0,789.0,4,853.0
2.0,33.0,255.0,601.0,692.0,698.0,4,853.0
2.0,33.0,114.0,125.0,601.0,692.0,4,698.0
2.0,33.0,125.0,255.0,698.0,789.0,4,853.0
2.0,33.0,125.0,255.0,692.0,698.0,4,853.0
2.0,33.0,125.0,255.0,698.0,789.0,4,853.0
2.0,33.0,125.0,255.0,698.0,789.0,4,853.0
2.0,33.0,125.0,255.0,698.0,789.0,4,853.0
2.0,33.0,125.0,255.0,698.0,789.0,4,853.0
2.0,33.0,114.0,601.0,607.0,692.0,4,698.0
2.0,33.0,114.0,601.0,607.0,692.0,4,698.0
2.0,33.0,255.0,601.0,607.0,692.0,4,698.0
2.0,33.0,255.0,601.0,698.0,789.0,4,853.0
2.0,33.0,255.0,601.0,698.0,789.0,4,853.0
2.0,33.0,125.0,255.0,445.0,789.0,4,853.0
2.0,33.0,125.0,255.0,698.0,789.0,4,853.0
2.0,33.0,125.0,255.0,698.0,789.0,4,853.0
2.0,33.0,125.0,255.0,607.0,789.0,4,853.0
2.0,33.0,255.0,601.0,692.0,698.0,4,789.0
2.0,33.0,255.0,601.0,692.0,698.0,4,789.0
2.0,28.0,110.0,367.0,608.0,754.0,4,890.0
2.0,28.0,110.0,484.0,497.0,608.0,4,971.0
2.0,28.0,484.0,497.0,608.0,859.0,4,971.0
2.0,28.0,484.0,497.0,608.0,859.0,4,971.0
2.0,28.0,110.0,497.0,859.0,890.0,4,971.0
2.0,28.0,110.0,484.0,497.0,608.0,4,971.0
2.0,28.0,110.0,367.0,608.0,754.0,4,890.0
2.0,28.0,110.0,497.0,608.0,754.0,4,890.0
2.0,28.0,110.0,484.0,497.0,608.0,4,754.0
2.0,28.0,110.0,484.0,497.0,608.0,4,754.0
2.0,28.0,484.0,497.0,608.0,859.0,4,971.0
2.0,28.0,110.0,497.0,754.0,859.0,4,971.0
2.0,33.0,114.0,593.0,601.0,698.0,4,853.0
2.0,33.0,125.0,692.0,698.0,853.0,4,854.0
2.0,33.0,445.0,601.0,692.0,853.0,4,854.0
2.0,33.0,445.0,601.0,692.0,853.0,4,854.0
2.0,33.0,114.0,445.0,601.0,789.0,4,853.0
2.0,33.0,114.0,445.0,601.0,789.0,4,853.0
2.0,33.0,114.0,601.0,698.0,789.0,4,853.0
2.0,33.0,255.0,601.0,698.0,789.0,4,853.0
2.0,33.0,255.0,445.0,789.0,853.0,4,854.0
2.0,33.0,114.0,445.0,789.0,853.0,4,854.0
2.0,33.0,114.0,601.0,692.0,698.0,4,854.0
2.0,33.0,255.0,601.0,692.0,698.0,4,853.0
2.0,33.0,255.0,601.0,698.0,789.0,4,853.0
2.0,33.0,255.0,601.0,698.0,789.0,4,853.0
2.0,33.0,255.0,601.0,698.0,789.0,4,853.0
2.0,33.0,255.0,601.0,698.0,789.0,4,853.0
2.0,33.0,255.0,698.0,789.0,853.0,4,854.0
2.0,33.0,601.0,692.0,698.0,853.0,4,854.0
2.0,33.0,255.0,601.0,692.0,698.0,4,854.0
2.0,33.0,593.0,607.0,733.0,853.0,4,854.0
2.0,29.0,94.0,338.0,456.0,505.0,4,725.0
2.0,29.0,338.0,456.0,505.0,580.0,4,914.0
2.0,29.0,86.0,456.0,505.0,580.0,4,914.0
2.0,29.0,86.0,505.0,580.0,725.0,4,914.0
2.0,29.0,94.0,338.0,456.0,505.0,4,580.0
2.0,29.0,94.0,338.0,456.0,505.0,4,580.0
2.0,29.0,86.0,94.0,456.0,505.0,4,580.0
2.0,33.0,125.0,255.0,445.0,789.0,4,853.0
2.0,33.0,45.0,125.0,255.0,593.0,4,853.0
2.0,33.0,125.0,255.0,445.0,789.0,4,853.0
2.0,33.0,255.0,445.0,601.0,789.0,4,853.0
2.0,33.0,255.0,445.0,601.0,789.0,4,853.0
2.0,33.0,45.0,125.0,255.0,601.0,4,789.0
2.0,33.0,45.0,125.0,255.0,601.0,4,789.0
2.0,33.0,45.0,255.0,601.0,692.0,4,698.0
2.0,33.0,125.0,255.0,698.0,789.0,4,853.0
2.0,33.0,125.0,255.0,445.0,789.0,4,853.0
2.0,33.0,45.0,255.0,445.0,601.0,4,853.0
2.0,33.0,45.0,114.0,445.0,601.0,4,692.0
2.0,33.0,45.0,255.0,601.0,692.0,4,698.0
2.0,33.0,45.0,255.0,601.0,692.0,4,698.0
2.0,33.0,255.0,601.0,692.0,698.0,4,789.0
2.0,33.0,255.0,601.0,692.0,698.0,4,789.0
2.0,33.0,125.0,255.0,698.0,789.0,4,853.0
2.0,33.0,125.0,255.0,698.0,789.0,4,853.0
2.0,33.0,255.0,445.0,601.0,789.0,4,853.0
2.0,33.0,45.0,114.0,445.0,601.0,4,692.0
2.0,33.0,45.0,114.0,601.0,692.0,4,698.0
2.0,33.0,45.0,255.0,601.0,692.0,4,698.0
2.0,33.0,45.0,255.0,601.0,698.0,4,853.0
2.0,33.0,45.0,255.0,601.0,698.0,4,789.0
2.0,33.0,45.0,255.0,601.0,698.0,4,789.0
2.0,33.0,45.0,255.0,601.0,698.0,4,789.0
2.0,33.0,134.0,255.0,601.0,698.0,4,853.0
2.0,33.0,114.0,601.0,692.0,789.0,4,853.0
2.0,33.0,45.0,114.0,601.0,692.0,4,789.0
2.0,33.0,134.0,255.0,601.0,698.0,4,853.0
2.0,33.0,125.0,134.0,255.0,698.0,4,853.0
2.0,33.0,255.0,601.0,698.0,789.0,4,853.0
2.0,33.0,45.0,255.0,601.0,789.0,4,853.0
2.0,33.0,45.0,114.0,601.0,692.0,4,789.0
2.0,18.0,579.0,719.0,811.0,866.0,4,886.0
2.0,18.0,579.0,719.0,811.0,866.0,4,886.0
2.0,18.0,93.0,115.0,191.0,582.0,4,843.0
2.0,18.0,579.0,719.0,811.0,866.0,4,886.0
2.0,18.0,115.0,448.0,811.0,843.0,4,886.0
2.0,18.0,579.0,719.0,811.0,866.0,4,886.0
2.0,33.0,125.0,134.0,255.0,698.0,4,853.0
2.0,33.0,114.0,601.0,698.0,789.0,4,853.0
2.0,33.0,125.0,134.0,255.0,698.0,4,853.0
2.0,33.0,255.0,601.0,698.0,789.0,4,853.0
2.0,33.0,45.0,114.0,601.0,789.0,4,853.0
2.0,33.0,45.0,255.0,601.0,789.0,4,853.0
2.0,33.0,45.0,255.0,601.0,789.0,4,853.0
2.0,33.0,125.0,134.0,255.0,698.0,4,853.0
2.0,33.0,255.0,601.0,698.0,789.0,4,853.0
2.0,33.0,114.0,601.0,698.0,789.0,4,853.0
2.0,33.0,45.0,114.0,601.0,692.0,4,789.0
2.0,33.0,45.0,255.0,601.0,692.0,4,698.0
2.0,33.0,45.0,134.0,255.0,698.0,4,853.0
2.0,33.0,45.0,134.0,255.0,698.0,4,853.0
2.0,33.0,45.0,134.0,255.0,789.0,4,853.0
2.0,33.0,45.0,134.0,255.0,692.0,4,853.0
2.0,33.0,125.0,134.0,255.0,698.0,4,853.0
2.0,33.0,125.0,134.0,255.0,698.0,4,853.0
2.0,33.0,114.0,601.0,698.0,789.0,4,853.0
2.0,33.0,45.0,134.0,255.0,601.0,4,692.0
2.0,33.0,45.0,255.0,601.0,698.0,4,789.0
2.0,33.0,45.0,134.0,255.0,698.0,4,853.0
2.0,33.0,45.0,134.0,255.0,789.0,4,853.0
2.0,32.0,61.0,155.0,524.0,796.0,4,902.0
2.0,32.0,155.0,450.0,499.0,849.0,4,902.0
2.0,32.0,44.0,61.0,450.0,499.0,4,796.0
2.0,32.0,44.0,155.0,499.0,524.0,4,902.0
2.0,32.0,44.0,450.0,524.0,796.0,4,902.0
2.0,32.0,61.0,155.0,450.0,499.0,4,902.0
2.0,0.0,13.0,493.0,535.0,695.0,4,713.0
2.0,0.0,13.0,493.0,535.0,676.0,4,851.0
2.0,0.0,13.0,493.0,535.0,676.0,4,851.0
2.0,0.0,6.0,493.0,535.0,676.0,4,1037.0
2.0,0.0,13.0,493.0,535.0,676.0,4,713.0
2.0,0.0,13.0,493.0,535.0,695.0,4,713.0
2.0,0.0,6.0,493.0,535.0,851.0,4,1037.0
2.0,0.0,6.0,13.0,493.0,851.0,4,1037.0
2.0,0.0,6.0,13.0,493.0,535.0,4,851.0
2.0,0.0,6.0,13.0,493.0,535.0,4,851.0
2.0,0.0,13.0,493.0,535.0,713.0,4,851.0
2.0,0.0,13.0,493.0,535.0,713.0,4,851.0
2.0,16.0,296.0,427.0,647.0,702.0,4,996.0
2.0,16.0,416.0,427.0,647.0,674.0,4,702.0
2.0,16.0,427.0,477.0,647.0,674.0,4,702.0
2.0,16.0,296.0,427.0,477.0,674.0,4,996.0
2.0,16.0,296.0,420.0,477.0,647.0,4,996.0
2.0,16.0,296.0,420.0,674.0,702.0,4,996.0
2.0,16.0,296.0,420.0,647.0,702.0,4,996.0
2.0,16.0,296.0,420.0,477.0,674.0,4,996.0
2.0,16.0,296.0,427.0,477.0,674.0,4,996.0
2.0,25.0,188.0,294.0,380.0,806.0,4,814.0
2.0,25.0,59.0,188.0,294.0,711.0,4,814.0
2.0,25.0,59.0,294.0,380.0,711.0,4,961.0
2.0,25.0,59.0,380.0,398.0,662.0,4,961.0
2.0,25.0,380.0,398.0,662.0,806.0,4,961.0
2.0,25.0,380.0,398.0,662.0,806.0,4,814.0
2.0,25.0,294.0,380.0,398.0,806.0,4,814.0
2.0,25.0,59.0,294.0,380.0,398.0,4,814.0
2.0,25.0,294.0,398.0,711.0,806.0,4,814.0
2.0,25.0,59.0,294.0,398.0,711.0,4,961.0
2.0,25.0,59.0,380.0,398.0,662.0,4,961.0
2.0,25.0,59.0,294.0,380.0,398.0,4,814.0
2.0,25.0,294.0,398.0,711.0,806.0,4,961.0
2.0,25.0,398.0,662.0,711.0,806.0,4,961.0
2.0,33.0,45.0,125.0,134.0,255.0,4,698.0
2.0,33.0,45.0,125.0,255.0,698.0,4,789.0
2.0,33.0,45.0,114.0,601.0,698.0,4,789.0
2.0,33.0,114.0,134.0,601.0,789.0,4,853.0
2.0,33.0,45.0,125.0,134.0,255.0,4,698.0
2.0,33.0,45.0,125.0,134.0,255.0,4,698.0
2.0,33.0,45.0,125.0,134.0,255.0,4,698.0
2.0,33.0,45.0,125.0,134.0,255.0,4,698.0
2.0,33.0,45.0,125.0,134.0,255.0,4,698.0
2.0,33.0,114.0,601.0,698.0,789.0,4,853.0
2.0,33.0,114.0,134.0,601.0,698.0,4,853.0
2.0,33.0,114.0,134.0,601.0,698.0,4,853.0
2.0,24.0,463.0,576.0,750.0,863.0,4,947.0
2.0,24.0,174.0,576.0,605.0,655.0,4,750.0
2.0,24.0,174.0,463.0,605.0,655.0,4,750.0
2.0,24.0,576.0,605.0,746.0,750.0,4,863.0
2.0,24.0,174.0,576.0,605.0,655.0,4,750.0
2.0,24.0,174.0,576.0,605.0,655.0,4,750.0
2.0,24.0,463.0,576.0,750.0,863.0,4,947.0
2.0,24.0,463.0,576.0,746.0,863.0,4,947.0
2.0,33.0,125.0,134.0,255.0,698.0,4,853.0
2.0,33.0,255.0,601.0,698.0,789.0,4,853.0
2.0,33.0,114.0,601.0,698.0,789.0,4,853.0
2.0,33.0,45.0,134.0,255.0,601.0,4,789.0
2.0,33.0,45.0,134.0,255.0,601.0,4,789.0
2.0,33.0,125.0,134.0,255.0,698.0,4,853.0
2.0,33.0,114.0,601.0,698.0,789.0,4,853.0
2.0,33.0,45.0,114.0,134.0,601.0,4,789.0
2.0,33.0,45.0,255.0,601.0,698.0,4,789.0
2.0,28.0,110.0,497.0,608.0,754.0,4,922.0
2.0,28.0,110.0,367.0,608.0,754.0,4,922.0
2.0,28.0,110.0,497.0,608.0,922.0,4,971.0
2.0,28.0,110.0,497.0,608.0,922.0,4,971.0
2.0,28.0,110.0,497.0,608.0,754.0,4,922.0
2.0,28.0,110.0,497.0,608.0,754.0,4,922.0
2.0,28.0,110.0,497.0,608.0,754.0,4,922.0
2.0,28.0,110.0,497.0,608.0,754.0,4,922.0
2.0,28.0,146.0,608.0,754.0,890.0,4,971.0
2.0,28.0,110.0,146.0,608.0,754.0,4,890.0
2.0,28.0,110.0,367.0,754.0,922.0,4,971.0
2.0,28.0,146.0,484.0,709.0,890.0,4,901.0
2.0,33.0,125.0,134.0,255.0,698.0,4,853.0
2.0,33.0,255.0,601.0,698.0,789.0,4,853.0
2.0,33.0,45.0,134.0,255.0,601.0,4,692.0
2.0,33.0,125.0,134.0,255.0,698.0,4,853.0
2.0,33.0,255.0,601.0,698.0,789.0,4,853.0
2.0,33.0,255.0,601.0,698.0,789.0,4,853.0
2.0,33.0,45.0,114.0,601.0,692.0,4,789.0
2.0,33.0,45.0,114.0,134.0,601.0,4,789.0
2.0,33.0,45.0,134.0,255.0,601.0,4,789.0
2.0,7.0,66.0,277.0,325.0,451.0,4,530.0
2.0,7.0,66.0,277.0,325.0,451.0,4,455.0
2.0,7.0,106.0,396.0,432.0,451.0,4,455.0
2.0,7.0,106.0,396.0,432.0,451.0,4,455.0
2.0,7.0,106.0,277.0,396.0,455.0,4,530.0
2.0,7.0,277.0,325.0,396.0,455.0,4,530.0
2.0,7.0,277.0,325.0,451.0,455.0,4,530.0
2.0,7.0,277.0,325.0,451.0,455.0,4,530.0
2.0,7.0,277.0,325.0,396.0,451.0,4,530.0
2.0,7.0,277.0,325.0,396.0,451.0,4,530.0
2.0,7.0,66.0,106.0,325.0,396.0,4,455.0
2.0,7.0,66.0,106.0,396.0,432.0,4,455.0
2.0,7.0,66.0,106.0,396.0,432.0,4,455.0
2.0,7.0,66.0,106.0,396.0,432.0,4,455.0
2.0,7.0,66.0,106.0,396.0,432.0,4,690.0
2.0,30.0,689.0,705.0,847.0,953.0,4,963.0
2.0,30.0,121.0,598.0,705.0,847.0,4,953.0
2.0,30.0,121.0,290.0,389.0,689.0,4,847.0
2.0,30.0,290.0,389.0,689.0,705.0,4,963.0
2.0,30.0,290.0,389.0,689.0,705.0,4,963.0
2.0,30.0,689.0,705.0,847.0,953.0,4,963.0
2.0,30.0,290.0,389.0,705.0,953.0,4,963.0
2.0,30.0,121.0,290.0,389.0,598.0,4,963.0
2.0,30.0,121.0,290.0,389.0,598.0,4,847.0
2.0,33.0,134.0,255.0,692.0,698.0,4,853.0
2.0,33.0,45.0,255.0,698.0,789.0,4,853.0
2.0,33.0,45.0,255.0,698.0,789.0,4,853.0
2.0,33.0,45.0,114.0,134.0,601.0,4,789.0
2.0,33.0,45.0,114.0,134.0,601.0,4,789.0
2.0,33.0,255.0,445.0,692.0,789.0,4,853.0
2.0,33.0,45.0,134.0,255.0,601.0,4,789.0
2.0,33.0,45.0,134.0,601.0,853.0,4,854.0
2.0,4.0,259.0,290.0,646.0,947.0,4,992.0
2.0,4.0,81.0,290.0,589.0,646.0,4,992.0
2.0,4.0,46.0,81.0,487.0,589.0,4,992.0
2.0,4.0,81.0,259.0,487.0,646.0,4,992.0
2.0,4.0,81.0,259.0,487.0,646.0,4,992.0
2.0,4.0,290.0,589.0,646.0,947.0,4,992.0
2.0,4.0,259.0,290.0,589.0,646.0,4,992.0
2.0,4.0,259.0,290.0,589.0,646.0,4,992.0
2.0,4.0,46.0,81.0,290.0,589.0,4,646.0
2.0,4.0,46.0,81.0,487.0,589.0,4,646.0
2.0,4.0,46.0,81.0,487.0,589.0,4,646.0
2.0,4.0,46.0,81.0,487.0,589.0,4,992.0
2.0,4.0,46.0,81.0,259.0,487.0,4,992.0
2.0,4.0,81.0,259.0,290.0,646.0,4,992.0
2.0,1.0,570.0,577.0,790.0,808.0,4,820.0
2.0,1.0,118.0,305.0,356.0,625.0,4,960.0
2.0,1.0,118.0,305.0,356.0,625.0,4,960.0
2.0,1.0,570.0,577.0,790.0,808.0,4,820.0
2.0,1.0,570.0,577.0,790.0,808.0,4,820.0
2.0,1.0,305.0,356.0,625.0,790.0,4,960.0
2.0,1.0,305.0,342.0,356.0,625.0,4,960.0
2.0,4.0,81.0,290.0,589.0,646.0,4,992.0
2.0,4.0,46.0,81.0,259.0,487.0,4,589.0
2.0,4.0,46.0,259.0,290.0,646.0,4,992.0
2.0,4.0,46.0,259.0,290.0,646.0,4,992.0
2.0,4.0,46.0,259.0,290.0,487.0,4,947.0
2.0,4.0,259.0,290.0,646.0,947.0,4,992.0
2.0,4.0,3.0,259.0,290.0,646.0,4,947.0
2.0,4.0,3.0,81.0,290.0,589.0,4,646.0
2.0,4.0,46.0,81.0,259.0,290.0,4,646.0
2.0,4.0,46.0,81.0,259.0,290.0,4,646.0
2.0,25.0,294.0,380.0,421.0,711.0,4,814.0
2.0,25.0,294.0,380.0,421.0,561.0,4,814.0
2.0,25.0,188.0,294.0,380.0,421.0,4,561.0
2.0,25.0,59.0,188.0,561.0,814.0,4,961.0
2.0,25.0,59.0,188.0,561.0,814.0,4,961.0
2.0,25.0,294.0,380.0,421.0,711.0,4,814.0
2.0,25.0,59.0,188.0,380.0,814.0,4,961.0
2.0,25.0,59.0,188.0,294.0,380.0,4,814.0
2.0,6.0,35.0,85.0,250.0,623.0,4,730.0
2.0,6.0,35.0,213.0,250.0,623.0,4,1010.0
2.0,6.0,35.0,213.0,250.0,623.0,4,1010.0
2.0,6.0,35.0,213.0,730.0,1010.0,4,1039.0
2.0,6.0,85.0,250.0,623.0,730.0,4,1010.0
2.0,6.0,85.0,250.0,623.0,730.0,4,1010.0
2.0,6.0,85.0,213.0,250.0,623.0,4,1010.0
2.0,6.0,35.0,213.0,730.0,1010.0,4,1039.0
2.0,6.0,35.0,85.0,250.0,623.0,4,730.0
2.0,6.0,35.0,250.0,397.0,730.0,4,876.0
2.0,4.0,46.0,81.0,259.0,487.0,4,646.0
2.0,4.0,46.0,81.0,487.0,646.0,4,947.0
2.0,4.0,46.0,259.0,646.0,947.0,4,992.0
2.0,4.0,46.0,259.0,646.0,947.0,4,992.0
2.0,4.0,81.0,259.0,487.0,646.0,4,992.0
2.0,4.0,46.0,81.0,259.0,487.0,4,646.0
2.0,4.0,46.0,81.0,259.0,487.0,4,646.0
2.0,4.0,46.0,81.0,259.0,487.0,4,646.0
2.0,4.0,3.0,46.0,81.0,259.0,4,646.0
2.0,4.0,3.0,46.0,259.0,646.0,4,947.0
2.0,4.0,3.0,46.0,81.0,646.0,4,947.0
2.0,4.0,3.0,46.0,81.0,259.0,4,947.0
2.0,4.0,3.0,46.0,81.0,259.0,4,947.0
2.0,4.0,3.0,46.0,259.0,646.0,4,947.0
2.0,4.0,46.0,81.0,259.0,646.0,4,947.0
2.0,4.0,3.0,81.0,259.0,646.0,4,992.0
2.0,4.0,3.0,81.0,259.0,646.0,4,992.0
2.0,4.0,3.0,81.0,259.0,646.0,4,992.0
2.0,4.0,3.0,46.0,259.0,616.0,4,992.0
2.0,4.0,46.0,81.0,259.0,290.0,4,992.0
2.0,4.0,46.0,81.0,259.0,290.0,4,646.0
2.0,4.0,3.0,46.0,81.0,259.0,4,646.0
2.0,4.0,3.0,46.0,81.0,259.0,4,646.0
2.0,4.0,81.0,259.0,290.0,646.0,4,992.0
2.0,4.0,46.0,81.0,290.0,616.0,4,992.0
2.0,4.0,46.0,81.0,616.0,646.0,4,992.0
2.0,4.0,46.0,259.0,616.0,646.0,4,992.0
2.0,4.0,46.0,259.0,616.0,646.0,4,992.0
2.0,4.0,46.0,259.0,616.0,646.0,4,992.0
2.0,28.0,110.0,497.0,608.0,754.0,4,922.0
2.0,28.0,110.0,367.0,608.0,922.0,4,971.0
2.0,28.0,110.0,497.0,608.0,859.0,4,922.0
2.0,28.0,110.0,497.0,608.0,754.0,4,922.0
2.0,28.0,110.0,497.0,608.0,922.0,4,971.0
2.0,28.0,110.0,367.0,608.0,890.0,4,971.0
2.0,28.0,110.0,146.0,367.0,890.0,4,971.0
2.0,28.0,146.0,367.0,859.0,890.0,4,971.0
2.0,28.0,146.0,497.0,859.0,890.0,4,971.0
2.0,30.0,121.0,335.0,705.0,847.0,4,953.0
2.0,30.0,350.0,657.0,689.0,705.0,4,953.0
2.0,30.0,350.0,657.0,689.0,705.0,4,953.0
2.0,30.0,121.0,350.0,598.0,689.0,4,847.0
2.0,30.0,350.0,657.0,705.0,847.0,4,953.0
2.0,30.0,121.0,335.0,705.0,847.0,4,953.0
2.0,30.0,335.0,657.0,705.0,847.0,4,953.0
2.0,30.0,350.0,389.0,657.0,689.0,4,953.0
2.0,30.0,121.0,350.0,598.0,689.0,4,847.0
2.0,30.0,121.0,350.0,389.0,598.0,4,847.0
2.0,30.0,121.0,350.0,389.0,598.0,4,847.0
2.0,26.0,40.0,41.0,315.0,874.0,4,948.0
2.0,26.0,40.0,41.0,315.0,874.0,4,948.0
2.0,26.0,40.0,41.0,315.0,684.0,4,948.0
2.0,26.0,40.0,315.0,634.0,684.0,4,1024.0
2.0,26.0,41.0,315.0,874.0,948.0,4,1024.0
2.0,26.0,41.0,315.0,684.0,948.0,4,1024.0
2.0,26.0,40.0,315.0,634.0,684.0,4,857.0
2.0,26.0,40.0,41.0,315.0,948.0,4,1024.0
2.0,26.0,40.0,41.0,315.0,948.0,4,1024.0
2.0,26.0,40.0,41.0,315.0,948.0,4,1024.0
2.0,4.0,3.0,81.0,259.0,616.0,4,992.0
2.0,4.0,46.0,616.0,628.0,646.0,4,992.0
2.0,4.0,46.0,259.0,616.0,646.0,4,992.0
2.0,4.0,46.0,259.0,616.0,646.0,4,992.0
2.0,4.0,46.0,81.0,290.0,616.0,4,646.0
2.0,4.0,81.0,259.0,290.0,487.0,4,646.0
2.0,4.0,46.0,81.0,616.0,646.0,4,992.0
2.0,17.0,47.0,149.0,635.0,642.0,4,708.0
2.0,17.0,47.0,149.0,635.0,708.0,4,809.0
2.0,17.0,149.0,211.0,635.0,642.0,4,809.0
2.0,17.0,149.0,211.0,635.0,642.0,4,809.0
2.0,17.0,149.0,211.0,642.0,809.0,4,829.0
2.0,17.0,149.0,211.0,642.0,809.0,4,829.0
2.0,17.0,149.0,211.0,635.0,809.0,4,829.0
2.0,17.0,149.0,211.0,708.0,809.0,4,829.0
2.0,17.0,149.0,211.0,642.0,708.0,4,829.0
2.0,4.0,3.0,81.0,259.0,290.0,4,646.0
2.0,4.0,3.0,81.0,616.0,646.0,4,992.0
2.0,4.0,3.0,46.0,81.0,290.0,4,616.0
2.0,4.0,3.0,46.0,81.0,290.0,4,616.0
2.0,4.0,3.0,46.0,81.0,259.0,4,616.0
2.0,4.0,3.0,81.0,259.0,290.0,4,646.0
2.0,4.0,46.0,81.0,259.0,616.0,4,646.0
2.0,4.0,46.0,81.0,259.0,616.0,4,646.0
2.0,4.0,46.0,81.0,259.0,616.0,4,646.0
2.0,15.0,373.0,602.0,659.0,764.0,4,860.0
2.0,15.0,373.0,659.0,714.0,803.0,4,860.0
2.0,15.0,226.0,373.0,714.0,803.0,4,860.0
2.0,15.0,226.0,373.0,714.0,764.0,4,803.0
2.0,15.0,226.0,373.0,714.0,764.0,4,803.0
2.0,15.0,226.0,602.0,659.0,764.0,4,860.0
2.0,15.0,226.0,602.0,659.0,764.0,4,860.0
2.0,15.0,226.0,602.0,659.0,764.0,4,860.0
2.0,15.0,226.0,602.0,659.0,764.0,4,860.0
2.0,15.0,373.0,659.0,714.0,803.0,4,860.0
2.0,15.0,226.0,373.0,714.0,803.0,4,860.0
2.0,4.0,46.0,81.0,259.0,487.0,4,646.0
2.0,4.0,46.0,81.0,259.0,487.0,4,616.0
2.0,4.0,46.0,81.0,487.0,616.0,4,992.0
2.0,4.0,46.0,259.0,487.0,616.0,4,992.0
2.0,4.0,81.0,259.0,487.0,646.0,4,992.0
2.0,4.0,81.0,259.0,487.0,646.0,4,992.0
2.0,4.0,3.0,81.0,259.0,290.0,4,646.0
2.0,4.0,81.0,259.0,290.0,487.0,4,646.0
2.0,4.0,81.0,259.0,290.0,487.0,4,616.0
2.0,4.0,46.0,81.0,487.0,616.0,4,992.0
2.0,4.0,81.0,259.0,290.0,646.0,4,992.0
2.0,4.0,81.0,290.0,487.0,616.0,4,646.0
2.0,4.0,46.0,81.0,259.0,290.0,4,646.0
2.0,4.0,46.0,81.0,259.0,290.0,4,646.0
2.0,4.0,46.0,81.0,259.0,487.0,4,646.0
2.0,4.0,46.0,81.0,290.0,616.0,4,646.0
2.0,4.0,46.0,81.0,259.0,290.0,4,616.0
2.0,4.0,46.0,81.0,259.0,290.0,4,646.0
2.0,1.0,570.0,577.0,790.0,808.0,4,820.0
2.0,1.0,570.0,577.0,790.0,808.0,4,820.0
2.0,1.0,305.0,342.0,356.0,625.0,4,960.0
2.0,1.0,570.0,577.0,790.0,808.0,4,820.0
2.0,1.0,118.0,570.0,790.0,808.0,4,820.0
2.0,1.0,570.0,577.0,790.0,808.0,4,820.0
2.0,1.0,570.0,577.0,790.0,808.0,4,820.0
2.0,1.0,118.0,305.0,625.0,820.0,4,960.0
2.0,1.0,118.0,305.0,625.0,820.0,4,960.0
2.0,1.0,118.0,305.0,625.0,820.0,4,960.0
2.0,9.0,29.0,815.0,828.0,845.0,4,941.0
2.0,9.0,74.0,452.0,815.0,828.0,4,845.0
2.0,9.0,29.0,68.0,74.0,452.0,4,941.0
2.0,9.0,29.0,68.0,828.0,845.0,4,941.0
2.0,9.0,68.0,74.0,815.0,845.0,4,941.0
2.0,9.0,68.0,74.0,815.0,845.0,4,941.0
2.0,9.0,68.0,74.0,452.0,828.0,4,845.0
2.0,9.0,68.0,74.0,452.0,828.0,4,845.0
2.0,9.0,74.0,815.0,828.0,845.0,4,941.0
2.0,16.0,296.0,495.0,674.0,902.0,4,996.0
2.0,16.0,200.0,664.0,702.0,902.0,4,996.0
2.0,16.0,200.0,296.0,495.0,674.0,4,902.0
2.0,16.0,296.0,495.0,674.0,902.0,4,996.0
2.0,16.0,296.0,495.0,674.0,902.0,4,996.0
2.0,16.0,200.0,296.0,416.0,674.0,4,702.0
2.0,16.0,200.0,416.0,664.0,702.0,4,1030.0
2.0,16.0,200.0,296.0,674.0,702.0,4,996.0
2.0,16.0,200.0,296.0,674.0,702.0,4,996.0
2.0,0.0,493.0,686.0,695.0,851.0,4,1037.0
2.0,0.0,493.0,686.0,695.0,851.0,4,1037.0
2.0,0.0,535.0,686.0,695.0,851.0,4,1037.0
2.0,0.0,493.0,535.0,686.0,851.0,4,1037.0
2.0,0.0,13.0,493.0,535.0,686.0,4,713.0
2.0,0.0,13.0,493.0,535.0,713.0,4,851.0
2.0,0.0,13.0,493.0,535.0,686.0,4,713.0
2.0,0.0,13.0,493.0,686.0,713.0,4,1037.0
2.0,0.0,13.0,493.0,695.0,851.0,4,1037.0
2.0,0.0,493.0,535.0,686.0,713.0,4,1037.0
2.0,0.0,493.0,535.0,686.0,713.0,4,1037.0
2.0,4.0,46.0,81.0,487.0,616.0,4,628.0
2.0,4.0,46.0,81.0,487.0,628.0,4,947.0
2.0,4.0,46.0,487.0,616.0,628.0,4,947.0
2.0,4.0,46.0,259.0,487.0,616.0,4,628.0
2.0,4.0,3.0,46.0,81.0,259.0,4,616.0
2.0,4.0,46.0,81.0,487.0,628.0,4,947.0
2.0,4.0,144.0,487.0,628.0,947.0,4,992.0
2.0,6.0,35.0,85.0,250.0,623.0,4,730.0
2.0,6.0,85.0,213.0,250.0,397.0,4,623.0
2.0,6.0,213.0,250.0,397.0,623.0,4,876.0
2.0,6.0,35.0,85.0,213.0,250.0,4,623.0
2.0,6.0,35.0,85.0,250.0,623.0,4,876.0
2.0,6.0,35.0,85.0,250.0,623.0,4,730.0
2.0,6.0,35.0,85.0,250.0,623.0,4,730.0
2.0,6.0,35.0,85.0,250.0,623.0,4,730.0
2.0,6.0,213.0,250.0,397.0,623.0,4,876.0
2.0,6.0,35.0,85.0,250.0,623.0,4,730.0
2.0,6.0,35.0,213.0,397.0,623.0,4,730.0
2.0,6.0,213.0,397.0,631.0,876.0,4,1010.0
2.0,4.0,3.0,81.0,259.0,947.0,4,992.0
2.0,4.0,3.0,81.0,259.0,947.0,4,992.0
2.0,4.0,3.0,46.0,81.0,259.0,4,616.0
2.0,4.0,3.0,81.0,259.0,947.0,4,992.0
2.0,4.0,3.0,46.0,81.0,259.0,4,992.0
2.0,4.0,3.0,46.0,81.0,259.0,4,992.0
2.0,4.0,46.0,81.0,487.0,628.0,4,992.0
2.0,4.0,46.0,487.0,616.0,628.0,4,947.0
2.0,4.0,46.0,487.0,616.0,628.0,4,947.0
2.0,4.0,46.0,487.0,616.0,628.0,4,947.0
2.0,4.0,46.0,81.0,259.0,487.0,4,992.0
2.0,4.0,81.0,259.0,290.0,487.0,4,947.0
2.0,4.0,46.0,259.0,487.0,616.0,4,992.0
2.0,4.0,81.0,259.0,487.0,616.0,4,992.0
2.0,4.0,81.0,259.0,290.0,947.0,4,992.0
2.0,4.0,81.0,259.0,290.0,616.0,4,992.0
2.0,4.0,46.0,81.0,259.0,487.0,4,616.0
2.0,4.0,46.0,487.0,616.0,628.0,4,947.0
2.0,4.0,81.0,259.0,290.0,947.0,4,992.0
2.0,4.0,81.0,259.0,290.0,947.0,4,992.0
2.0,4.0,46.0,290.0,487.0,616.0,4,628.0
2.0,4.0,46.0,81.0,259.0,290.0,4,992.0
2.0,4.0,46.0,81.0,259.0,487.0,4,992.0
2.0,4.0,46.0,81.0,290.0,487.0,4,628.0
2.0,4.0,81.0,259.0,290.0,616.0,4,992.0
2.0,4.0,46.0,81.0,487.0,616.0,4,628.0
2.0,4.0,46.0,259.0,290.0,616.0,4,992.0
2.0,4.0,46.0,259.0,290.0,487.0,4,616.0
2.0,4.0,81.0,259.0,290.0,616.0,4,992.0
2.0,4.0,46.0,81.0,259.0,487.0,4,992.0
2.0,4.0,46.0,81.0,487.0,628.0,4,992.0
2.0,4.0,46.0,290.0,487.0,616.0,4,628.0
2.0,4.0,46.0,290.0,487.0,616.0,4,628.0
2.0,4.0,46.0,259.0,290.0,487.0,4,616.0
2.0,4.0,81.0,259.0,290.0,947.0,4,992.0
2.0,4.0,259.0,290.0,589.0,947.0,4,992.0
2.0,4.0,259.0,487.0,589.0,646.0,4,992.0
2.0,4.0,3.0,46.0,589.0,646.0,4,992.0
2.0,4.0,3.0,46.0,81.0,259.0,4,616.0
2.0,4.0,81.0,290.0,589.0,646.0,4,992.0
2.0,4.0,46.0,81.0,259.0,290.0,4,589.0
2.0,4.0,46.0,81.0,259.0,290.0,4,589.0
2.0,32.0,44.0,61.0,155.0,420.0,4,1022.0
2.0,32.0,44.0,450.0,499.0,595.0,4,849.0
2.0,32.0,44.0,61.0,155.0,420.0,4,849.0
2.0,32.0,44.0,61.0,413.0,420.0,4,1022.0
2.0,32.0,44.0,61.0,155.0,420.0,4,1022.0
2.0,32.0,44.0,61.0,155.0,420.0,4,1022.0
2.0,4.0,46.0,259.0,290.0,589.0,4,947.0
2.0,4.0,46.0,259.0,290.0,589.0,4,947.0
2.0,4.0,46.0,259.0,290.0,589.0,4,947.0
2.0,4.0,46.0,81.0,290.0,589.0,4,947.0
2.0,4.0,46.0,259.0,290.0,589.0,4,646.0
2.0,4.0,46.0,81.0,589.0,947.0,4,992.0
2.0,4.0,46.0,81.0,259.0,646.0,4,992.0
2.0,4.0,46.0,259.0,589.0,646.0,4,992.0
2.0,4.0,46.0,259.0,589.0,646.0,4,992.0
2.0,4.0,81.0,290.0,589.0,646.0,4,992.0
2.0,4.0,46.0,81.0,290.0,589.0,4,947.0
2.0,4.0,46.0,259.0,487.0,589.0,4,947.0
2.0,4.0,46.0,259.0,290.0,589.0,4,646.0
2.0,4.0,46.0,81.0,259.0,487.0,4,646.0
2.0,4.0,259.0,290.0,589.0,646.0,4,992.0
2.0,4.0,46.0,81.0,259.0,487.0,4,646.0
2.0,4.0,46.0,81.0,259.0,290.0,4,646.0
2.0,4.0,46.0,81.0,487.0,589.0,4,646.0
2.0,4.0,3.0,46.0,81.0,589.0,4,646.0
2.0,4.0,3.0,46.0,81.0,589.0,4,646.0
2.0,4.0,3.0,46.0,81.0,589.0,4,646.0
2.0,4.0,3.0,46.0,81.0,589.0,4,947.0
2.0,4.0,3.0,46.0,259.0,589.0,4,947.0
2.0,4.0,3.0,46.0,259.0,589.0,4,947.0
2.0,4.0,259.0,487.0,589.0,646.0,4,992.0
2.0,4.0,46.0,81.0,487.0,589.0,4,646.0
2.0,4.0,46.0,81.0,487.0,589.0,4,646.0
2.0,4.0,46.0,81.0,487.0,589.0,4,947.0
2.0,4.0,81.0,259.0,487.0,947.0,4,992.0
2.0,4.0,81.0,259.0,487.0,646.0,4,992.0
2.0,4.0,3.0,81.0,589.0,646.0,4,992.0
2.0,4.0,3.0,81.0,589.0,947.0,4,992.0
2.0,4.0,46.0,259.0,487.0,589.0,4,947.0
2.0,4.0,46.0,259.0,487.0,589.0,4,947.0
2.0,4.0,46.0,81.0,259.0,646.0,4,992.0
2.0,4.0,46.0,81.0,589.0,646.0,4,992.0
2.0,4.0,3.0,46.0,259.0,589.0,4,646.0
2.0,4.0,3.0,46.0,259.0,589.0,4,947.0
2.0,4.0,3.0,46.0,81.0,589.0,4,947.0
2.0,4.0,3.0,46.0,81.0,589.0,4,947.0
2.0,4.0,46.0,81.0,259.0,487.0,4,646.0
2.0,18.0,115.0,579.0,719.0,843.0,4,886.0
2.0,18.0,115.0,579.0,719.0,843.0,4,886.0
2.0,18.0,14.0,579.0,719.0,811.0,4,843.0
2.0,18.0,14.0,811.0,843.0,866.0,4,886.0
2.0,18.0,14.0,191.0,811.0,866.0,4,886.0
2.0,18.0,579.0,719.0,843.0,866.0,4,886.0
2.0,18.0,14.0,579.0,719.0,811.0,4,886.0
2.0,13.0,80.0,119.0,320.0,665.0,4,832.0
2.0,13.0,15.0,80.0,340.0,665.0,4,832.0
2.0,13.0,15.0,340.0,665.0,832.0,4,925.0
2.0,13.0,15.0,238.0,320.0,340.0,4,925.0
2.0,13.0,15.0,80.0,320.0,340.0,4,665.0
2.0,13.0,15.0,119.0,320.0,340.0,4,665.0
2.0,13.0,80.0,238.0,320.0,832.0,4,925.0
2.0,13.0,80.0,238.0,320.0,832.0,4,925.0
2.0,13.0,80.0,238.0,320.0,832.0,4,925.0
2.0,13.0,15.0,238.0,320.0,340.0,4,925.0
2.0,29.0,93.0,338.0,505.0,725.0,4,914.0
2.0,29.0,94.0,505.0,580.0,725.0,4,914.0
2.0,29.0,86.0,103.0,456.0,505.0,4,580.0
2.0,29.0,86.0,103.0,456.0,505.0,4,580.0
2.0,29.0,338.0,456.0,505.0,580.0,4,914.0
2.0,29.0,93.0,283.0,338.0,456.0,4,914.0
2.0,11.0,638.0,806.0,895.0,968.0,4,1031.0
2.0,11.0,132.0,638.0,806.0,895.0,4,968.0
2.0,11.0,1.0,700.0,895.0,1008.0,4,1031.0
2.0,11.0,1.0,700.0,895.0,1008.0,4,1031.0
2.0,11.0,638.0,806.0,895.0,968.0,4,1031.0
2.0,11.0,638.0,806.0,895.0,968.0,4,1031.0
2.0,11.0,1.0,132.0,700.0,968.0,4,1031.0
2.0,11.0,1.0,132.0,700.0,1008.0,4,1031.0
2.0,7.0,66.0,106.0,325.0,451.0,4,455.0
2.0,7.0,66.0,106.0,277.0,396.0,4,455.0
2.0,7.0,106.0,277.0,396.0,455.0,4,530.0
2.0,7.0,106.0,396.0,432.0,455.0,4,530.0
2.0,7.0,66.0,277.0,432.0,451.0,4,455.0
2.0,7.0,66.0,277.0,325.0,451.0,4,530.0
2.0,7.0,66.0,277.0,325.0,396.0,4,451.0
2.0,7.0,66.0,277.0,325.0,396.0,4,451.0
2.0,7.0,66.0,277.0,325.0,396.0,4,690.0
2.0,7.0,106.0,277.0,396.0,451.0,4,530.0
2.0,7.0,106.0,396.0,432.0,451.0,4,530.0
2.0,4.0,81.0,487.0,589.0,646.0,4,992.0
2.0,4.0,81.0,487.0,589.0,646.0,4,992.0
2.0,4.0,81.0,487.0,589.0,646.0,4,992.0
2.0,4.0,46.0,81.0,487.0,589.0,4,646.0
2.0,4.0,46.0,81.0,259.0,487.0,4,992.0
2.0,4.0,81.0,259.0,487.0,646.0,4,992.0
2.0,4.0,46.0,259.0,487.0,589.0,4,947.0
2.0,4.0,81.0,259.0,487.0,646.0,4,992.0
2.0,4.0,46.0,81.0,487.0,589.0,4,992.0
2.0,4.0,81.0,487.0,589.0,646.0,4,992.0
2.0,4.0,81.0,259.0,487.0,589.0,4,992.0
2.0,17.0,211.0,561.0,635.0,809.0,4,829.0
2.0,17.0,148.0,149.0,211.0,303.0,4,561.0
2.0,17.0,148.0,149.0,211.0,561.0,4,809.0
2.0,17.0,148.0,149.0,337.0,809.0,4,829.0
2.0,17.0,148.0,337.0,635.0,809.0,4,829.0
2.0,17.0,148.0,149.0,211.0,303.0,4,829.0
2.0,17.0,148.0,149.0,211.0,809.0,4,829.0
2.0,17.0,148.0,561.0,635.0,809.0,4,829.0
2.0,4.0,81.0,259.0,487.0,646.0,4,992.0
2.0,4.0,81.0,103.0,259.0,646.0,4,992.0
2.0,4.0,81.0,103.0,505.0,589.0,4,956.0
2.0,4.0,259.0,487.0,505.0,589.0,4,956.0
2.0,4.0,81.0,259.0,487.0,646.0,4,956.0
2.0,4.0,81.0,259.0,487.0,646.0,4,992.0
2.0,4.0,103.0,259.0,505.0,589.0,4,956.0
2.0,4.0,81.0,103.0,505.0,589.0,4,956.0
2.0,4.0,81.0,487.0,505.0,589.0,4,956.0
2.0,34.0,55.0,137.0,224.0,278.0,4,718.0
2.0,34.0,55.0,137.0,224.0,278.0,4,718.0
2.0,34.0,36.0,224.0,278.0,458.0,4,753.0
2.0,34.0,36.0,224.0,278.0,458.0,4,753.0
2.0,34.0,137.0,404.0,718.0,753.0,4,766.0
2.0,34.0,36.0,55.0,137.0,278.0,4,718.0
2.0,34.0,36.0,137.0,278.0,458.0,4,753.0
2.0,34.0,36.0,55.0,278.0,718.0,4,753.0
2.0,34.0,36.0,55.0,278.0,718.0,4,753.0
2.0,34.0,36.0,55.0,137.0,718.0,4,753.0
2.0,34.0,278.0,404.0,458.0,753.0,4,766.0
2.0,4.0,81.0,259.0,487.0,646.0,4,992.0
2.0,4.0,81.0,103.0,487.0,505.0,4,589.0
2.0,4.0,103.0,505.0,589.0,646.0,4,956.0
2.0,4.0,81.0,103.0,259.0,505.0,4,992.0
2.0,4.0,103.0,259.0,505.0,589.0,4,992.0
2.0,4.0,103.0,259.0,487.0,505.0,4,589.0
2.0,4.0,259.0,487.0,505.0,589.0,4,992.0
2.0,4.0,81.0,103.0,259.0,487.0,4,505.0
2.0,4.0,81.0,103.0,259.0,487.0,4,505.0
2.0,4.0,81.0,259.0,487.0,505.0,4,992.0
2.0,4.0,81.0,103.0,505.0,589.0,4,992.0
2.0,4.0,81.0,103.0,505.0,589.0,4,992.0
2.0,4.0,103.0,259.0,505.0,589.0,4,956.0
2.0,4.0,81.0,259.0,487.0,589.0,4,956.0
2.0,4.0,81.0,259.0,487.0,589.0,4,956.0
2.0,4.0,81.0,259.0,487.0,589.0,4,992.0
2.0,4.0,81.0,103.0,259.0,505.0,4,956.0
2.0,4.0,81.0,103.0,259.0,505.0,4,992.0
2.0,4.0,81.0,103.0,259.0,487.0,4,505.0
2.0,16.0,296.0,420.0,477.0,674.0,4,996.0
2.0,16.0,200.0,296.0,477.0,674.0,4,996.0
2.0,16.0,296.0,427.0,477.0,674.0,4,702.0
2.0,16.0,296.0,420.0,477.0,674.0,4,996.0
2.0,16.0,296.0,420.0,674.0,702.0,4,996.0
2.0,16.0,296.0,420.0,477.0,674.0,4,996.0
2.0,16.0,200.0,296.0,420.0,702.0,4,996.0
2.0,16.0,165.0,200.0,427.0,477.0,4,702.0
2.0,16.0,200.0,296.0,477.0,674.0,4,996.0
2.0,25.0,188.0,294.0,711.0,806.0,4,814.0
2.0,25.0,188.0,294.0,711.0,806.0,4,814.0
2.0,25.0,188.0,662.0,711.0,806.0,4,814.0
2.0,25.0,59.0,188.0,398.0,662.0,4,814.0
2.0,25.0,59.0,294.0,398.0,711.0,4,961.0
2.0,25.0,59.0,294.0,398.0,711.0,4,961.0
2.0,25.0,59.0,294.0,398.0,711.0,4,961.0
2.0,25.0,188.0,398.0,806.0,814.0,4,961.0
2.0,25.0,188.0,294.0,711.0,806.0,4,814.0
2.0,25.0,188.0,294.0,711.0,806.0,4,814.0
2.0,25.0,188.0,294.0,711.0,806.0,4,814.0
2.0,25.0,59.0,188.0,294.0,711.0,4,961.0
2.0,25.0,59.0,294.0,398.0,711.0,4,961.0
2.0,25.0,59.0,398.0,662.0,711.0,4,961.0
2.0,26.0,40.0,634.0,857.0,874.0,4,948.0
2.0,26.0,40.0,634.0,684.0,824.0,4,857.0
2.0,26.0,41.0,634.0,684.0,824.0,4,948.0
2.0,26.0,41.0,634.0,684.0,824.0,4,948.0
2.0,26.0,40.0,41.0,874.0,948.0,4,1024.0
2.0,26.0,40.0,41.0,874.0,948.0,4,1024.0
2.0,26.0,634.0,684.0,857.0,874.0,4,948.0
2.0,4.0,81.0,259.0,487.0,505.0,4,992.0
2.0,4.0,81.0,259.0,487.0,505.0,4,992.0
2.0,4.0,81.0,103.0,259.0,487.0,4,505.0
2.0,4.0,81.0,103.0,505.0,589.0,4,956.0
2.0,4.0,81.0,103.0,259.0,589.0,4,956.0
2.0,4.0,81.0,103.0,259.0,487.0,4,956.0
2.0,4.0,81.0,103.0,259.0,487.0,4,956.0
2.0,4.0,81.0,103.0,259.0,487.0,4,505.0
2.0,4.0,81.0,259.0,487.0,505.0,4,992.0
2.0,4.0,81.0,103.0,487.0,505.0,4,589.0
2.0,4.0,81.0,103.0,505.0,589.0,4,956.0
2.0,4.0,81.0,103.0,259.0,589.0,4,956.0
2.0,4.0,81.0,259.0,487.0,505.0,4,992.0
2.0,4.0,259.0,487.0,505.0,589.0,4,992.0
2.0,4.0,103.0,259.0,505.0,589.0,4,992.0
2.0,4.0,81.0,103.0,487.0,505.0,4,589.0
2.0,4.0,81.0,259.0,487.0,505.0,4,992.0
2.0,4.0,81.0,103.0,505.0,589.0,4,992.0
2.0,4.0,81.0,103.0,505.0,589.0,4,956.0
2.0,4.0,81.0,103.0,505.0,589.0,4,956.0
2.0,4.0,81.0,103.0,259.0,589.0,4,956.0
2.0,4.0,81.0,103.0,259.0,505.0,4,589.0
2.0,24.0,463.0,576.0,746.0,863.0,4,947.0
2.0,24.0,463.0,576.0,746.0,863.0,4,947.0
2.0,24.0,463.0,576.0,750.0,863.0,4,947.0
2.0,24.0,174.0,463.0,605.0,655.0,4,750.0
2.0,24.0,174.0,463.0,655.0,750.0,4,863.0
2.0,24.0,174.0,463.0,576.0,750.0,4,947.0
2.0,24.0,463.0,576.0,750.0,863.0,4,947.0
2.0,34.0,36.0,55.0,278.0,718.0,4,753.0
2.0,34.0,36.0,55.0,278.0,718.0,4,753.0
2.0,34.0,36.0,278.0,404.0,458.0,4,538.0
2.0,34.0,55.0,278.0,404.0,458.0,4,718.0
2.0,34.0,36.0,278.0,458.0,753.0,4,766.0
2.0,34.0,55.0,278.0,404.0,458.0,4,718.0
2.0,4.0,81.0,487.0,505.0,589.0,4,992.0
2.0,4.0,81.0,487.0,505.0,589.0,4,992.0
2.0,4.0,81.0,487.0,505.0,589.0,4,992.0
2.0,4.0,81.0,103.0,505.0,589.0,4,992.0
2.0,4.0,81.0,103.0,505.0,589.0,4,992.0
2.0,4.0,81.0,487.0,505.0,589.0,4,992.0
2.0,4.0,81.0,487.0,505.0,589.0,4,992.0
2.0,4.0,103.0,259.0,505.0,589.0,4,992.0
2.0,4.0,81.0,259.0,487.0,505.0,4,992.0
2.0,4.0,81.0,259.0,487.0,505.0,4,992.0
2.0,4.0,259.0,487.0,505.0,589.0,4,992.0
2.0,4.0,81.0,487.0,505.0,589.0,4,992.0
2.0,4.0,103.0,259.0,505.0,589.0,4,992.0
2.0,4.0,81.0,103.0,259.0,589.0,4,992.0
2.0,4.0,81.0,103.0,259.0,487.0,4,589.0
2.0,4.0,81.0,103.0,259.0,487.0,4,505.0
2.0,32.0,44.0,61.0,155.0,524.0,4,902.0
2.0,32.0,61.0,155.0,499.0,796.0,4,849.0
2.0,32.0,155.0,450.0,499.0,796.0,4,849.0
2.0,32.0,61.0,155.0,450.0,524.0,4,902.0
2.0,32.0,61.0,155.0,796.0,849.0,4,902.0
2.0,4.0,81.0,259.0,487.0,505.0,4,992.0
2.0,4.0,81.0,103.0,259.0,505.0,4,992.0
2.0,4.0,81.0,103.0,505.0,589.0,4,956.0
2.0,4.0,103.0,259.0,505.0,589.0,4,956.0
2.0,4.0,259.0,487.0,505.0,589.0,4,992.0
2.0,4.0,81.0,487.0,505.0,589.0,4,992.0
2.0,4.0,81.0,259.0,487.0,505.0,4,992.0
2.0,4.0,81.0,103.0,487.0,589.0,4,956.0
2.0,4.0,81.0,103.0,259.0,487.0,4,505.0
2.0,4.0,81.0,103.0,259.0,487.0,4,505.0
2.0,4.0,81.0,259.0,487.0,505.0,4,992.0
2.0,4.0,3.0,103.0,259.0,505.0,4,589.0
2.0,4.0,103.0,259.0,487.0,505.0,4,589.0
2.0,4.0,81.0,103.0,259.0,487.0,4,629.0
2.0,4.0,81.0,103.0,259.0,487.0,4,589.0
2.0,4.0,81.0,259.0,487.0,505.0,4,992.0
2.0,4.0,81.0,103.0,259.0,589.0,4,992.0
2.0,4.0,103.0,259.0,505.0,589.0,4,992.0
2.0,4.0,81.0,259.0,487.0,505.0,4,992.0
2.0,4.0,81.0,259.0,487.0,505.0,4,992.0
2.0,4.0,81.0,103.0,259.0,487.0,4,589.0
2.0,4.0,81.0,103.0,259.0,505.0,4,992.0
2.0,4.0,81.0,259.0,487.0,505.0,4,992.0
2.0,4.0,3.0,259.0,505.0,589.0,4,629.0
2.0,4.0,81.0,487.0,505.0,589.0,4,629.0
2.0,4.0,81.0,103.0,259.0,487.0,4,505.0
2.0,4.0,81.0,259.0,487.0,505.0,4,992.0
2.0,9.0,68.0,599.0,828.0,845.0,4,941.0
2.0,9.0,74.0,452.0,599.0,828.0,4,1019.0
2.0,9.0,68.0,815.0,828.0,845.0,4,941.0
2.0,9.0,68.0,815.0,828.0,845.0,4,941.0
2.0,9.0,599.0,815.0,828.0,845.0,4,941.0
2.0,9.0,74.0,599.0,815.0,845.0,4,941.0
2.0,4.0,81.0,103.0,487.0,589.0,4,992.0
2.0,4.0,103.0,259.0,487.0,505.0,4,956.0
2.0,4.0,81.0,259.0,487.0,505.0,4,956.0
2.0,4.0,81.0,259.0,487.0,505.0,4,956.0
2.0,4.0,81.0,103.0,259.0,505.0,4,992.0
2.0,4.0,103.0,259.0,487.0,589.0,4,956.0
2.0,4.0,81.0,103.0,259.0,487.0,4,956.0
2.0,4.0,81.0,103.0,259.0,589.0,4,956.0
2.0,7.0,66.0,277.0,325.0,451.0,4,530.0
2.0,7.0,106.0,246.0,455.0,483.0,4,530.0
2.0,7.0,106.0,277.0,451.0,455.0,4,530.0
2.0,7.0,106.0,277.0,451.0,455.0,4,530.0
2.0,7.0,277.0,325.0,451.0,455.0,4,530.0
2.0,7.0,66.0,277.0,325.0,451.0,4,530.0
2.0,7.0,277.0,325.0,455.0,483.0,4,530.0
2.0,18.0,14.0,181.0,582.0,719.0,4,866.0
2.0,18.0,14.0,181.0,191.0,582.0,4,812.0
2.0,18.0,191.0,579.0,582.0,719.0,4,812.0
2.0,18.0,191.0,579.0,719.0,811.0,4,812.0
2.0,18.0,191.0,579.0,719.0,811.0,4,812.0
2.0,18.0,14.0,579.0,719.0,811.0,4,812.0
2.0,18.0,14.0,579.0,719.0,811.0,4,812.0
2.0,18.0,14.0,579.0,582.0,719.0,4,812.0
2.0,18.0,14.0,181.0,719.0,811.0,4,866.0
2.0,18.0,14.0,181.0,579.0,582.0,4,812.0
2.0,18.0,191.0,579.0,582.0,719.0,4,811.0
2.0,7.0,106.0,246.0,351.0,396.0,4,455.0
2.0,7.0,246.0,277.0,451.0,455.0,4,530.0
2.0,7.0,66.0,277.0,325.0,451.0,4,530.0
2.0,7.0,66.0,277.0,325.0,451.0,4,530.0
2.0,7.0,66.0,246.0,351.0,396.0,4,432.0
2.0,30.0,335.0,389.0,689.0,847.0,4,963.0
2.0,30.0,335.0,389.0,847.0,953.0,4,963.0
2.0,30.0,261.0,350.0,389.0,689.0,4,953.0
2.0,30.0,261.0,350.0,598.0,847.0,4,953.0
2.0,30.0,261.0,350.0,598.0,847.0,4,953.0
2.0,30.0,261.0,350.0,409.0,598.0,4,705.0
2.0,13.0,80.0,161.0,192.0,665.0,4,832.0
2.0,13.0,161.0,320.0,449.0,787.0,4,832.0
2.0,13.0,119.0,320.0,449.0,787.0,4,832.0
2.0,13.0,119.0,320.0,449.0,787.0,4,832.0
2.0,13.0,80.0,119.0,192.0,320.0,4,665.0
2.0,13.0,15.0,80.0,161.0,192.0,4,665.0
2.0,13.0,80.0,161.0,192.0,320.0,4,832.0
2.0,13.0,15.0,80.0,320.0,665.0,4,787.0
2.0,13.0,15.0,80.0,320.0,665.0,4,787.0
2.0,13.0,15.0,80.0,192.0,320.0,4,665.0
2.0,7.0,277.0,325.0,351.0,451.0,4,530.0
2.0,7.0,277.0,325.0,455.0,483.0,4,530.0
2.0,7.0,106.0,246.0,451.0,455.0,4,483.0
2.0,7.0,277.0,325.0,451.0,455.0,4,530.0
2.0,7.0,277.0,325.0,351.0,451.0,4,530.0
2.0,7.0,106.0,325.0,451.0,455.0,4,483.0
2.0,7.0,246.0,277.0,451.0,455.0,4,530.0
2.0,11.0,1.0,132.0,638.0,700.0,4,806.0
2.0,11.0,1.0,113.0,132.0,700.0,4,1008.0
2.0,11.0,132.0,638.0,700.0,806.0,4,968.0
2.0,7.0,277.0,325.0,351.0,432.0,4,451.0
2.0,7.0,246.0,277.0,432.0,451.0,4,455.0
2.0,7.0,246.0,277.0,396.0,455.0,4,903.0
2.0,7.0,277.0,325.0,432.0,451.0,4,455.0
2.0,7.0,277.0,325.0,432.0,451.0,4,455.0
2.0,7.0,277.0,325.0,432.0,451.0,4,455.0
2.0,7.0,277.0,325.0,432.0,451.0,4,455.0
2.0,29.0,93.0,94.0,338.0,725.0,4,914.0
2.0,29.0,86.0,94.0,103.0,505.0,4,725.0
2.0,29.0,86.0,94.0,103.0,505.0,4,725.0
2.0,29.0,93.0,94.0,456.0,800.0,4,914.0
2.0,29.0,93.0,283.0,338.0,456.0,4,914.0
2.0,29.0,93.0,283.0,338.0,456.0,4,914.0
2.0,7.0,246.0,263.0,277.0,451.0,4,455.0
2.0,7.0,246.0,277.0,396.0,455.0,4,903.0
2.0,7.0,106.0,246.0,396.0,455.0,4,903.0
2.0,7.0,106.0,246.0,396.0,455.0,4,903.0
2.0,7.0,246.0,277.0,396.0,451.0,4,455.0
2.0,7.0,106.0,277.0,396.0,455.0,4,903.0
2.0,7.0,106.0,277.0,396.0,451.0,4,903.0
2.0,7.0,106.0,277.0,396.0,451.0,4,455.0
2.0,7.0,106.0,246.0,396.0,455.0,4,903.0
2.0,7.0,106.0,246.0,396.0,455.0,4,903.0
2.0,7.0,106.0,246.0,451.0,455.0,4,903.0
2.0,7.0,263.0,277.0,325.0,396.0,4,451.0
2.0,7.0,263.0,277.0,325.0,451.0,4,455.0
2.0,7.0,246.0,277.0,396.0,455.0,4,903.0
2.0,7.0,246.0,277.0,396.0,455.0,4,903.0
2.0,7.0,106.0,246.0,396.0,455.0,4,903.0
2.0,7.0,263.0,277.0,325.0,396.0,4,451.0
2.0,7.0,66.0,246.0,277.0,451.0,4,455.0
2.0,7.0,66.0,246.0,277.0,451.0,4,455.0
2.0,7.0,66.0,106.0,246.0,396.0,4,455.0
2.0,7.0,246.0,263.0,277.0,451.0,4,455.0
2.0,7.0,263.0,277.0,325.0,396.0,4,451.0
2.0,7.0,263.0,277.0,325.0,451.0,4,455.0
2.0,7.0,66.0,246.0,277.0,451.0,4,455.0
2.0,7.0,66.0,106.0,277.0,396.0,4,455.0
2.0,7.0,263.0,277.0,325.0,451.0,4,455.0
2.0,7.0,66.0,106.0,277.0,396.0,4,455.0
2.0,7.0,263.0,277.0,325.0,451.0,4,455.0
2.0,7.0,263.0,277.0,325.0,451.0,4,455.0
2.0,7.0,106.0,246.0,263.0,451.0,4,455.0
2.0,7.0,66.0,106.0,277.0,396.0,4,455.0
2.0,7.0,66.0,106.0,277.0,396.0,4,455.0
2.0,7.0,106.0,246.0,263.0,451.0,4,455.0
2.0,7.0,106.0,246.0,396.0,455.0,4,903.0
2.0,7.0,106.0,277.0,396.0,455.0,4,903.0
2.0,7.0,106.0,263.0,277.0,451.0,4,455.0
2.0,7.0,263.0,277.0,325.0,396.0,4,451.0
2.0,7.0,106.0,263.0,277.0,451.0,4,455.0
2.0,7.0,106.0,277.0,451.0,455.0,4,903.0
2.0,7.0,106.0,263.0,396.0,455.0,4,903.0
2.0,32.0,155.0,450.0,477.0,499.0,4,524.0
2.0,32.0,155.0,450.0,477.0,499.0,4,524.0
2.0,32.0,155.0,420.0,450.0,477.0,4,524.0
2.0,32.0,155.0,420.0,450.0,477.0,4,524.0
2.0,32.0,155.0,420.0,450.0,477.0,4,524.0
2.0,34.0,55.0,137.0,404.0,718.0,4,753.0
2.0,34.0,55.0,137.0,224.0,718.0,4,753.0
2.0,34.0,55.0,137.0,224.0,278.0,4,718.0
2.0,34.0,55.0,137.0,224.0,278.0,4,718.0
2.0,7.0,263.0,277.0,325.0,451.0,4,530.0
2.0,7.0,325.0,432.0,451.0,455.0,4,530.0
2.0,7.0,325.0,432.0,451.0,455.0,4,530.0
2.0,7.0,246.0,396.0,432.0,455.0,4,530.0
2.0,7.0,246.0,263.0,277.0,396.0,4,455.0
2.0,7.0,246.0,263.0,277.0,396.0,4,455.0
2.0,7.0,277.0,325.0,451.0,455.0,4,530.0
2.0,7.0,263.0,277.0,325.0,451.0,4,530.0
2.0,7.0,263.0,277.0,325.0,451.0,4,455.0
2.0,7.0,106.0,396.0,432.0,455.0,4,530.0
2.0,7.0,106.0,277.0,396.0,451.0,4,455.0
2.0,7.0,106.0,263.0,277.0,451.0,4,455.0
2.0,28.0,110.0,497.0,608.0,890.0,4,971.0
2.0,28.0,110.0,367.0,608.0,859.0,4,922.0
2.0,28.0,110.0,367.0,754.0,922.0,4,971.0
2.0,28.0,110.0,367.0,608.0,754.0,4,922.0
2.0,28.0,110.0,497.0,859.0,922.0,4,971.0
2.0,28.0,110.0,367.0,608.0,859.0,4,922.0
2.0,28.0,110.0,367.0,859.0,922.0,4,971.0
2.0,13.0,15.0,80.0,320.0,665.0,4,673.0
2.0,13.0,15.0,238.0,320.0,340.0,4,449.0
2.0,13.0,15.0,238.0,320.0,340.0,4,449.0
2.0,13.0,80.0,320.0,449.0,665.0,4,787.0
2.0,13.0,15.0,80.0,320.0,340.0,4,665.0
2.0,13.0,15.0,80.0,340.0,449.0,4,665.0
2.0,13.0,15.0,119.0,320.0,449.0,4,673.0
2.0,13.0,15.0,320.0,449.0,665.0,4,673.0
2.0,7.0,246.0,277.0,451.0,455.0,4,530.0
2.0,7.0,246.0,396.0,432.0,455.0,4,530.0
2.0,7.0,277.0,325.0,451.0,455.0,4,530.0
2.0,7.0,277.0,325.0,451.0,455.0,4,530.0
2.0,7.0,66.0,246.0,432.0,451.0,4,455.0
2.0,7.0,277.0,325.0,451.0,455.0,4,530.0
2.0,7.0,263.0,277.0,325.0,451.0,4,530.0
2.0,7.0,246.0,277.0,396.0,455.0,4,530.0
2.0,7.0,263.0,277.0,325.0,451.0,4,455.0
2.0,7.0,263.0,277.0,325.0,396.0,4,451.0
2.0,7.0,277.0,325.0,396.0,455.0,4,530.0
2.0,7.0,106.0,325.0,451.0,455.0,4,530.0
2.0,7.0,106.0,325.0,451.0,455.0,4,530.0
2.0,7.0,106.0,277.0,396.0,451.0,4,455.0
2.0,7.0,106.0,277.0,396.0,451.0,4,455.0
2.0,15.0,229.0,602.0,659.0,764.0,4,860.0
2.0,15.0,373.0,602.0,659.0,764.0,4,860.0
2.0,15.0,229.0,681.0,714.0,764.0,4,860.0
2.0,15.0,659.0,681.0,714.0,764.0,4,860.0
2.0,15.0,373.0,602.0,659.0,764.0,4,860.0
2.0,15.0,373.0,602.0,659.0,764.0,4,860.0
2.0,15.0,229.0,365.0,373.0,714.0,4,764.0
2.0,7.0,66.0,277.0,325.0,451.0,4,530.0
2.0,7.0,277.0,325.0,396.0,455.0,4,530.0
2.0,7.0,277.0,325.0,396.0,455.0,4,530.0
2.0,7.0,106.0,246.0,396.0,451.0,4,455.0
2.0,7.0,66.0,106.0,277.0,396.0,4,451.0
2.0,7.0,106.0,277.0,451.0,455.0,4,530.0
2.0,7.0,106.0,396.0,432.0,455.0,4,530.0
2.0,7.0,106.0,277.0,451.0,455.0,4,530.0
2.0,29.0,86.0,103.0,456.0,505.0,4,580.0
2.0,29.0,86.0,103.0,456.0,505.0,4,580.0
2.0,29.0,93.0,94.0,338.0,725.0,4,914.0
2.0,29.0,103.0,338.0,505.0,580.0,4,914.0
2.0,29.0,86.0,103.0,456.0,505.0,4,580.0
2.0,29.0,86.0,456.0,505.0,580.0,4,914.0
2.0,29.0,86.0,94.0,338.0,456.0,4,914.0
2.0,29.0,86.0,94.0,338.0,456.0,4,914.0
2.0,29.0,338.0,456.0,505.0,580.0,4,914.0
2.0,29.0,103.0,338.0,505.0,580.0,4,914.0
2.0,7.0,66.0,277.0,325.0,351.0,4,451.0
2.0,7.0,66.0,106.0,325.0,451.0,4,455.0
2.0,7.0,66.0,106.0,325.0,451.0,4,455.0
2.0,7.0,106.0,263.0,277.0,396.0,4,455.0
2.0,7.0,66.0,277.0,325.0,351.0,4,451.0
2.0,7.0,66.0,106.0,432.0,451.0,4,455.0
2.0,7.0,66.0,106.0,277.0,451.0,4,455.0
2.0,26.0,40.0,41.0,874.0,948.0,4,1024.0
2.0,26.0,40.0,41.0,634.0,874.0,4,948.0
2.0,26.0,40.0,41.0,634.0,874.0,4,948.0
2.0,26.0,40.0,634.0,684.0,824.0,4,857.0
2.0,26.0,40.0,41.0,857.0,874.0,4,948.0
2.0,26.0,40.0,634.0,684.0,824.0,4,857.0
2.0,26.0,40.0,41.0,634.0,824.0,4,948.0
2.0,17.0,149.0,211.0,642.0,708.0,4,829.0
2.0,17.0,149.0,211.0,642.0,708.0,4,829.0
2.0,17.0,149.0,337.0,708.0,809.0,4,829.0
2.0,17.0,149.0,337.0,708.0,809.0,4,829.0
2.0,17.0,149.0,337.0,708.0,809.0,4,829.0
2.0,17.0,149.0,653.0,708.0,809.0,4,829.0
2.0,17.0,149.0,211.0,642.0,708.0,4,829.0
2.0,17.0,149.0,211.0,642.0,708.0,4,829.0
2.0,17.0,149.0,635.0,642.0,653.0,4,708.0
2.0,17.0,149.0,337.0,635.0,708.0,4,809.0
2.0,17.0,149.0,337.0,708.0,809.0,4,829.0
2.0,17.0,149.0,208.0,337.0,829.0,4,991.0
2.0,9.0,68.0,74.0,452.0,828.0,4,1019.0
2.0,9.0,68.0,74.0,452.0,828.0,4,1019.0
2.0,9.0,29.0,452.0,815.0,828.0,4,845.0
2.0,9.0,68.0,74.0,599.0,828.0,4,1019.0
2.0,9.0,34.0,74.0,599.0,1011.0,4,1019.0
2.0,1.0,570.0,577.0,790.0,808.0,4,820.0
2.0,1.0,570.0,577.0,790.0,808.0,4,820.0
2.0,1.0,118.0,356.0,790.0,808.0,4,820.0
2.0,1.0,118.0,305.0,342.0,356.0,4,820.0
2.0,1.0,118.0,305.0,356.0,808.0,4,820.0
2.0,1.0,305.0,570.0,577.0,790.0,4,808.0
2.0,1.0,305.0,570.0,577.0,808.0,4,820.0
2.0,1.0,570.0,577.0,790.0,808.0,4,820.0
2.0,1.0,118.0,305.0,356.0,808.0,4,820.0
2.0,1.0,118.0,305.0,342.0,356.0,4,382.0
2.0,1.0,305.0,342.0,382.0,625.0,4,783.0
2.0,16.0,165.0,200.0,296.0,702.0,4,996.0
2.0,16.0,165.0,200.0,296.0,416.0,4,702.0
2.0,16.0,200.0,296.0,674.0,702.0,4,996.0
2.0,16.0,165.0,200.0,427.0,677.0,4,702.0
2.0,16.0,165.0,200.0,427.0,677.0,4,702.0
2.0,25.0,188.0,294.0,421.0,711.0,4,814.0
2.0,25.0,188.0,294.0,421.0,711.0,4,814.0
2.0,25.0,59.0,294.0,380.0,711.0,4,961.0
2.0,25.0,59.0,188.0,294.0,711.0,4,961.0
2.0,25.0,59.0,188.0,711.0,814.0,4,961.0
2.0,25.0,188.0,294.0,380.0,398.0,4,814.0
2.0,25.0,188.0,294.0,380.0,711.0,4,814.0
2.0,7.0,66.0,277.0,325.0,451.0,4,530.0
2.0,7.0,66.0,106.0,325.0,451.0,4,530.0
2.0,7.0,106.0,277.0,396.0,455.0,4,530.0
2.0,7.0,66.0,106.0,277.0,396.0,4,455.0
2.0,7.0,66.0,106.0,277.0,451.0,4,455.0
2.0,7.0,106.0,277.0,451.0,455.0,4,530.0
2.0,7.0,66.0,106.0,325.0,451.0,4,455.0
2.0,7.0,106.0,277.0,451.0,455.0,4,530.0
2.0,7.0,106.0,325.0,451.0,530.0,4,690.0
2.0,7.0,106.0,325.0,451.0,530.0,4,690.0
2.0,7.0,106.0,263.0,277.0,396.0,4,530.0
2.0,7.0,106.0,277.0,396.0,451.0,4,530.0
2.0,7.0,106.0,277.0,396.0,451.0,4,530.0
2.0,7.0,106.0,325.0,396.0,451.0,4,530.0
2.0,7.0,277.0,325.0,396.0,451.0,4,530.0
2.0,7.0,66.0,277.0,325.0,451.0,4,530.0
2.0,7.0,66.0,277.0,325.0,451.0,4,530.0
2.0,7.0,66.0,325.0,451.0,530.0,4,690.0
2.0,7.0,325.0,432.0,451.0,530.0,4,690.0
2.0,7.0,66.0,106.0,277.0,396.0,4,451.0
2.0,7.0,66.0,106.0,277.0,396.0,4,451.0
2.0,7.0,106.0,277.0,396.0,530.0,4,690.0
2.0,7.0,66.0,106.0,325.0,451.0,4,690.0
2.0,7.0,66.0,277.0,325.0,451.0,4,530.0
2.0,7.0,66.0,277.0,325.0,451.0,4,530.0
2.0,7.0,66.0,263.0,277.0,325.0,4,451.0
2.0,7.0,66.0,263.0,277.0,325.0,4,451.0
2.0,7.0,66.0,277.0,325.0,451.0,4,530.0
2.0,7.0,66.0,106.0,325.0,451.0,4,530.0
2.0,7.0,66.0,106.0,277.0,396.0,4,690.0
2.0,7.0,106.0,263.0,277.0,396.0,4,451.0
2.0,7.0,66.0,277.0,325.0,451.0,4,530.0
2.0,7.0,66.0,277.0,325.0,451.0,4,530.0
2.0,7.0,66.0,277.0,325.0,451.0,4,530.0
2.0,7.0,66.0,277.0,325.0,451.0,4,530.0
2.0,7.0,66.0,277.0,325.0,451.0,4,530.0
2.0,7.0,66.0,277.0,325.0,451.0,4,530.0
2.0,7.0,66.0,106.0,277.0,396.0,4,530.0
2.0,7.0,106.0,325.0,396.0,451.0,4,530.0
2.0,7.0,66.0,277.0,325.0,451.0,4,530.0
2.0,11.0,113.0,602.0,700.0,1008.0,4,1031.0
2.0,11.0,113.0,173.0,602.0,700.0,4,1008.0
2.0,11.0,1.0,638.0,895.0,1008.0,4,1031.0
2.0,11.0,1.0,638.0,700.0,895.0,4,1031.0
2.0,11.0,602.0,638.0,700.0,895.0,4,1031.0
2.0,11.0,602.0,638.0,700.0,895.0,4,1031.0
2.0,11.0,1.0,638.0,700.0,895.0,4,1031.0
2.0,7.0,66.0,277.0,325.0,451.0,4,530.0
2.0,7.0,66.0,106.0,277.0,396.0,4,530.0
2.0,7.0,106.0,396.0,432.0,483.0,4,530.0
2.0,7.0,66.0,106.0,396.0,432.0,4,451.0
2.0,7.0,66.0,106.0,396.0,432.0,4,451.0
2.0,7.0,66.0,106.0,396.0,432.0,4,451.0
2.0,7.0,66.0,106.0,396.0,432.0,4,451.0
2.0,7.0,66.0,277.0,325.0,396.0,4,530.0
2.0,7.0,66.0,277.0,396.0,432.0,4,530.0
2.0,7.0,277.0,396.0,432.0,483.0,4,690.0
2.0,7.0,263.0,396.0,432.0,690.0,4,867.0
2.0,7.0,263.0,396.0,432.0,690.0,4,867.0
2.0,30.0,598.0,689.0,705.0,847.0,4,963.0
2.0,30.0,335.0,598.0,705.0,847.0,4,963.0
2.0,30.0,121.0,335.0,598.0,705.0,4,963.0
2.0,30.0,121.0,335.0,689.0,847.0,4,963.0
2.0,30.0,121.0,335.0,350.0,389.0,4,847.0
2.0,30.0,598.0,654.0,689.0,705.0,4,963.0
2.0,30.0,598.0,689.0,705.0,847.0,4,963.0
2.0,30.0,335.0,389.0,689.0,705.0,4,963.0
2.0,30.0,335.0,389.0,689.0,705.0,4,963.0
2.0,30.0,335.0,350.0,389.0,598.0,4,847.0
2.0,30.0,121.0,350.0,598.0,689.0,4,705.0
2.0,30.0,350.0,598.0,689.0,705.0,4,963.0
2.0,30.0,598.0,689.0,705.0,847.0,4,963.0
2.0,7.0,66.0,277.0,432.0,451.0,4,530.0
2.0,7.0,66.0,106.0,432.0,451.0,4,530.0
2.0,7.0,106.0,263.0,277.0,396.0,4,530.0
2.0,7.0,106.0,263.0,277.0,396.0,4,530.0
2.0,7.0,106.0,263.0,277.0,396.0,4,690.0
2.0,7.0,106.0,396.0,432.0,451.0,4,530.0
2.0,7.0,66.0,277.0,432.0,451.0,4,530.0
2.0,7.0,106.0,263.0,277.0,396.0,4,530.0
2.0,7.0,277.0,396.0,432.0,451.0,4,530.0
2.0,7.0,277.0,396.0,432.0,451.0,4,530.0
2.0,7.0,66.0,277.0,325.0,451.0,4,530.0
2.0,7.0,66.0,263.0,277.0,325.0,4,396.0
2.0,7.0,106.0,263.0,277.0,351.0,4,396.0
2.0,7.0,66.0,277.0,432.0,451.0,4,530.0
2.0,7.0,66.0,277.0,325.0,451.0,4,530.0
2.0,7.0,66.0,263.0,277.0,325.0,4,451.0
2.0,7.0,106.0,351.0,396.0,432.0,4,530.0
2.0,7.0,277.0,396.0,432.0,451.0,4,530.0
2.0,7.0,277.0,396.0,432.0,451.0,4,530.0
2.0,7.0,66.0,277.0,325.0,451.0,4,530.0
2.0,7.0,66.0,277.0,432.0,451.0,4,530.0
2.0,7.0,66.0,277.0,432.0,451.0,4,530.0
2.0,7.0,66.0,277.0,396.0,432.0,4,455.0
2.0,7.0,66.0,277.0,396.0,432.0,4,455.0
2.0,7.0,66.0,106.0,396.0,432.0,4,451.0
2.0,7.0,66.0,106.0,432.0,451.0,4,530.0
2.0,7.0,66.0,106.0,432.0,451.0,4,530.0
2.0,7.0,66.0,277.0,432.0,451.0,4,530.0
2.0,7.0,277.0,432.0,451.0,455.0,4,530.0
2.0,7.0,106.0,432.0,451.0,455.0,4,530.0
2.0,7.0,66.0,106.0,263.0,277.0,4,396.0
2.0,7.0,106.0,263.0,396.0,432.0,4,451.0
2.0,24.0,605.0,746.0,750.0,863.0,4,947.0
2.0,24.0,301.0,605.0,655.0,841.0,4,947.0
2.0,24.0,204.0,301.0,655.0,841.0,4,947.0
2.0,24.0,204.0,301.0,750.0,841.0,4,863.0
2.0,24.0,204.0,301.0,750.0,841.0,4,863.0
2.0,24.0,605.0,746.0,750.0,863.0,4,947.0
2.0,24.0,605.0,746.0,750.0,863.0,4,947.0
2.0,24.0,605.0,746.0,750.0,863.0,4,947.0
2.0,7.0,66.0,277.0,325.0,451.0,4,530.0
2.0,7.0,277.0,325.0,451.0,455.0,4,530.0
2.0,7.0,106.0,277.0,396.0,432.0,4,455.0
2.0,7.0,66.0,106.0,277.0,451.0,4,455.0
2.0,7.0,106.0,277.0,451.0,455.0,4,530.0
2.0,7.0,66.0,277.0,325.0,451.0,4,530.0
2.0,7.0,66.0,106.0,325.0,451.0,4,530.0
2.0,7.0,66.0,106.0,277.0,451.0,4,530.0
2.0,7.0,106.0,277.0,451.0,455.0,4,530.0
2.0,7.0,66.0,106.0,325.0,451.0,4,455.0
2.0,7.0,106.0,325.0,451.0,455.0,4,530.0
2.0,7.0,277.0,325.0,451.0,455.0,4,530.0
2.0,7.0,106.0,277.0,451.0,455.0,4,530.0
2.0,7.0,66.0,263.0,277.0,325.0,4,451.0
2.0,7.0,263.0,277.0,396.0,432.0,4,455.0
2.0,7.0,106.0,263.0,277.0,396.0,4,455.0
2.0,7.0,66.0,106.0,277.0,451.0,4,455.0
2.0,7.0,66.0,263.0,277.0,325.0,4,451.0
2.0,7.0,66.0,263.0,277.0,325.0,4,451.0
2.0,7.0,66.0,277.0,325.0,451.0,4,455.0
2.0,7.0,106.0,263.0,277.0,396.0,4,455.0
2.0,7.0,66.0,106.0,277.0,451.0,4,455.0
2.0,28.0,110.0,146.0,608.0,922.0,4,971.0
2.0,28.0,110.0,497.0,608.0,754.0,4,922.0
2.0,28.0,110.0,146.0,608.0,890.0,4,971.0
2.0,28.0,110.0,497.0,608.0,922.0,4,971.0
2.0,28.0,110.0,497.0,608.0,922.0,4,971.0
2.0,7.0,66.0,277.0,325.0,396.0,4,451.0
2.0,7.0,66.0,325.0,432.0,451.0,4,455.0
2.0,7.0,106.0,277.0,396.0,432.0,4,455.0
2.0,7.0,106.0,277.0,396.0,432.0,4,455.0
2.0,7.0,66.0,106.0,277.0,451.0,4,455.0
2.0,7.0,66.0,277.0,325.0,432.0,4,451.0
2.0,7.0,66.0,277.0,325.0,396.0,4,432.0
2.0,7.0,66.0,277.0,325.0,396.0,4,432.0
2.0,7.0,277.0,325.0,396.0,432.0,4,455.0
2.0,7.0,277.0,325.0,432.0,451.0,4,455.0
2.0,0.0,13.0,493.0,535.0,695.0,4,713.0
2.0,0.0,6.0,13.0,695.0,851.0,4,1037.0
2.0,0.0,13.0,676.0,695.0,851.0,4,1037.0
2.0,0.0,13.0,493.0,535.0,695.0,4,851.0
2.0,0.0,493.0,535.0,695.0,713.0,4,1037.0
2.0,0.0,493.0,535.0,713.0,851.0,4,1037.0
2.0,0.0,13.0,493.0,535.0,713.0,4,851.0
2.0,6.0,213.0,494.0,730.0,1010.0,4,1039.0
2.0,6.0,213.0,494.0,730.0,1010.0,4,1039.0
2.0,6.0,213.0,494.0,623.0,730.0,4,1039.0
2.0,6.0,35.0,250.0,494.0,623.0,4,730.0
2.0,6.0,35.0,250.0,623.0,730.0,4,1039.0
2.0,6.0,250.0,494.0,623.0,730.0,4,1039.0
2.0,6.0,35.0,250.0,623.0,730.0,4,1039.0
2.0,6.0,35.0,250.0,623.0,730.0,4,1039.0
2.0,6.0,35.0,213.0,250.0,494.0,4,623.0
2.0,6.0,213.0,494.0,730.0,1010.0,4,1039.0
2.0,6.0,213.0,494.0,730.0,1010.0,4,1039.0
2.0,6.0,213.0,227.0,397.0,876.0,4,1010.0
2.0,6.0,213.0,227.0,397.0,876.0,4,937.0
2.0,18.0,115.0,678.0,719.0,843.0,4,886.0
2.0,18.0,115.0,678.0,719.0,843.0,4,886.0
2.0,18.0,579.0,582.0,719.0,843.0,4,866.0
2.0,18.0,579.0,582.0,843.0,866.0,4,886.0
2.0,18.0,93.0,115.0,579.0,719.0,4,886.0
2.0,7.0,66.0,277.0,325.0,451.0,4,530.0
2.0,7.0,66.0,277.0,396.0,455.0,4,867.0
2.0,7.0,66.0,277.0,396.0,455.0,4,867.0
2.0,7.0,66.0,106.0,325.0,451.0,4,455.0
2.0,7.0,277.0,325.0,451.0,455.0,4,530.0
2.0,7.0,106.0,277.0,451.0,455.0,4,530.0
2.0,7.0,106.0,277.0,451.0,455.0,4,530.0
2.0,7.0,66.0,106.0,277.0,396.0,4,455.0
2.0,7.0,106.0,277.0,396.0,451.0,4,530.0
2.0,7.0,106.0,277.0,451.0,455.0,4,530.0
2.0,15.0,229.0,659.0,714.0,764.0,4,860.0
2.0,15.0,226.0,373.0,681.0,764.0,4,860.0
2.0,15.0,373.0,659.0,681.0,714.0,4,764.0
2.0,15.0,373.0,659.0,681.0,714.0,4,764.0
2.0,15.0,659.0,681.0,714.0,764.0,4,860.0
2.0,15.0,229.0,659.0,714.0,764.0,4,860.0
2.0,15.0,365.0,659.0,714.0,764.0,4,860.0
2.0,15.0,226.0,365.0,681.0,714.0,4,860.0
2.0,15.0,226.0,365.0,681.0,764.0,4,860.0
2.0,15.0,365.0,659.0,681.0,714.0,4,764.0
2.0,15.0,365.0,659.0,714.0,764.0,4,860.0
2.0,7.0,66.0,277.0,325.0,451.0,4,530.0
2.0,7.0,106.0,325.0,451.0,455.0,4,530.0
2.0,7.0,66.0,106.0,325.0,396.0,4,455.0
2.0,7.0,66.0,106.0,396.0,432.0,4,455.0
2.0,7.0,66.0,277.0,325.0,451.0,4,530.0
2.0,7.0,277.0,325.0,451.0,455.0,4,530.0
2.0,7.0,66.0,106.0,277.0,396.0,4,455.0
2.0,7.0,106.0,277.0,396.0,455.0,4,530.0
2.0,7.0,66.0,277.0,325.0,396.0,4,451.0
2.0,7.0,66.0,277.0,325.0,396.0,4,451.0
2.0,7.0,66.0,277.0,325.0,451.0,4,455.0
2.0,7.0,66.0,325.0,432.0,451.0,4,455.0
2.0,7.0,66.0,277.0,325.0,396.0,4,451.0
2.0,7.0,66.0,106.0,277.0,451.0,4,455.0
2.0,7.0,277.0,325.0,396.0,432.0,4,455.0
2.0,7.0,66.0,277.0,325.0,451.0,4,455.0
2.0,7.0,277.0,325.0,396.0,451.0,4,530.0
2.0,7.0,106.0,325.0,451.0,455.0,4,530.0
2.0,7.0,277.0,451.0,455.0,530.0,4,867.0
2.0,7.0,277.0,451.0,455.0,530.0,4,867.0
2.0,7.0,277.0,451.0,455.0,530.0,4,867.0
2.0,7.0,106.0,451.0,455.0,530.0,4,867.0
2.0,7.0,106.0,277.0,396.0,455.0,4,530.0
2.0,7.0,106.0,277.0,396.0,451.0,4,455.0
2.0,7.0,106.0,277.0,396.0,451.0,4,455.0
2.0,7.0,106.0,277.0,396.0,451.0,4,455.0
2.0,7.0,106.0,277.0,451.0,455.0,4,530.0
2.0,25.0,59.0,294.0,398.0,711.0,4,814.0
2.0,25.0,59.0,294.0,398.0,711.0,4,814.0
2.0,25.0,294.0,380.0,421.0,711.0,4,814.0
2.0,25.0,294.0,380.0,421.0,561.0,4,814.0
2.0,25.0,380.0,421.0,561.0,662.0,4,814.0
2.0,25.0,59.0,294.0,398.0,711.0,4,814.0
2.0,25.0,294.0,380.0,421.0,561.0,4,711.0
2.0,15.0,229.0,659.0,714.0,764.0,4,860.0
2.0,15.0,373.0,602.0,659.0,764.0,4,803.0
2.0,15.0,229.0,659.0,714.0,764.0,4,860.0
2.0,15.0,229.0,373.0,714.0,764.0,4,860.0
2.0,15.0,229.0,373.0,602.0,803.0,4,860.0
2.0,15.0,226.0,373.0,602.0,803.0,4,860.0
2.0,15.0,373.0,602.0,659.0,803.0,4,860.0
2.0,15.0,373.0,602.0,659.0,803.0,4,860.0
2.0,25.0,294.0,380.0,421.0,711.0,4,814.0
2.0,25.0,59.0,380.0,398.0,814.0,4,961.0
2.0,25.0,59.0,294.0,380.0,398.0,4,961.0
2.0,25.0,294.0,421.0,561.0,711.0,4,814.0
2.0,25.0,294.0,421.0,561.0,711.0,4,814.0
2.0,25.0,380.0,421.0,561.0,814.0,4,961.0
2.0,25.0,294.0,380.0,421.0,711.0,4,814.0
2.0,25.0,59.0,294.0,561.0,711.0,4,814.0
2.0,25.0,294.0,380.0,421.0,711.0,4,814.0
2.0,25.0,380.0,421.0,711.0,814.0,4,961.0
2.0,25.0,380.0,421.0,711.0,814.0,4,961.0
2.0,25.0,59.0,294.0,380.0,561.0,4,711.0
2.0,25.0,380.0,421.0,561.0,814.0,4,961.0
2.0,25.0,421.0,561.0,711.0,814.0,4,961.0
2.0,25.0,294.0,380.0,421.0,711.0,4,814.0
2.0,25.0,294.0,380.0,421.0,561.0,4,814.0
2.0,25.0,294.0,380.0,421.0,561.0,4,814.0
2.0,25.0,294.0,380.0,421.0,711.0,4,814.0
2.0,25.0,59.0,561.0,711.0,814.0,4,961.0
2.0,25.0,59.0,294.0,561.0,711.0,4,814.0
2.0,25.0,294.0,421.0,561.0,711.0,4,814.0
2.0,25.0,294.0,380.0,421.0,711.0,4,814.0
2.0,25.0,294.0,380.0,421.0,711.0,4,814.0
2.0,25.0,59.0,188.0,294.0,380.0,4,814.0
2.0,25.0,294.0,380.0,421.0,711.0,4,814.0
2.0,25.0,294.0,380.0,421.0,561.0,4,814.0
2.0,25.0,59.0,188.0,561.0,814.0,4,961.0
2.0,25.0,59.0,188.0,294.0,380.0,4,814.0
2.0,25.0,59.0,294.0,380.0,561.0,4,814.0
2.0,25.0,188.0,294.0,421.0,561.0,4,814.0
2.0,25.0,59.0,294.0,380.0,561.0,4,814.0
2.0,25.0,59.0,294.0,380.0,561.0,4,814.0
2.0,25.0,294.0,380.0,421.0,711.0,4,814.0
2.0,25.0,294.0,421.0,561.0,711.0,4,814.0
2.0,25.0,294.0,380.0,421.0,561.0,4,814.0
2.0,24.0,262.0,301.0,463.0,750.0,4,863.0
2.0,24.0,262.0,301.0,463.0,750.0,4,863.0
2.0,24.0,262.0,301.0,463.0,501.0,4,750.0
2.0,24.0,262.0,301.0,463.0,750.0,4,841.0
2.0,24.0,262.0,301.0,463.0,494.0,4,841.0
2.0,24.0,204.0,301.0,463.0,494.0,4,841.0
2.0,24.0,262.0,301.0,463.0,735.0,4,863.0
2.0,24.0,204.0,605.0,735.0,863.0,4,927.0
2.0,25.0,294.0,380.0,398.0,421.0,4,814.0
2.0,25.0,294.0,380.0,398.0,421.0,4,961.0
2.0,25.0,59.0,188.0,294.0,561.0,4,814.0
2.0,25.0,188.0,294.0,380.0,421.0,4,814.0
2.0,25.0,294.0,380.0,398.0,421.0,4,814.0
2.0,25.0,294.0,380.0,398.0,421.0,4,814.0
2.0,25.0,59.0,380.0,398.0,561.0,4,961.0
2.0,25.0,59.0,380.0,398.0,561.0,4,961.0
2.0,25.0,294.0,380.0,421.0,561.0,4,814.0
2.0,25.0,294.0,380.0,421.0,561.0,4,814.0
2.0,25.0,8.0,59.0,398.0,561.0,4,814.0
2.0,25.0,59.0,294.0,398.0,711.0,4,961.0
2.0,25.0,8.0,398.0,421.0,561.0,4,814.0
2.0,25.0,8.0,398.0,421.0,561.0,4,814.0
2.0,25.0,8.0,188.0,421.0,561.0,4,814.0
2.0,25.0,59.0,294.0,398.0,711.0,4,961.0
2.0,25.0,59.0,294.0,398.0,561.0,4,814.0
2.0,25.0,294.0,421.0,561.0,711.0,4,814.0
2.0,25.0,294.0,380.0,421.0,711.0,4,814.0
2.0,25.0,294.0,398.0,421.0,711.0,4,814.0
2.0,25.0,294.0,398.0,421.0,711.0,4,814.0
2.0,25.0,59.0,380.0,398.0,814.0,4,961.0
2.0,25.0,380.0,421.0,711.0,814.0,4,961.0
2.0,25.0,8.0,380.0,421.0,711.0,4,814.0
2.0,25.0,59.0,294.0,380.0,711.0,4,814.0
2.0,25.0,59.0,294.0,398.0,711.0,4,814.0
2.0,25.0,59.0,294.0,398.0,711.0,4,961.0
2.0,25.0,59.0,294.0,380.0,398.0,4,961.0
2.0,25.0,188.0,380.0,398.0,814.0,4,961.0
2.0,26.0,40.0,634.0,684.0,948.0,4,1024.0
2.0,26.0,40.0,634.0,684.0,948.0,4,1024.0
2.0,26.0,40.0,41.0,556.0,948.0,4,949.0
2.0,26.0,40.0,41.0,315.0,874.0,4,948.0
2.0,26.0,40.0,41.0,315.0,874.0,4,1024.0
2.0,26.0,40.0,315.0,634.0,824.0,4,1024.0
2.0,26.0,40.0,634.0,684.0,824.0,4,1024.0
2.0,26.0,40.0,634.0,684.0,949.0,4,1024.0
2.0,26.0,40.0,41.0,315.0,874.0,4,948.0
2.0,34.0,55.0,137.0,247.0,330.0,4,753.0
2.0,34.0,36.0,67.0,137.0,224.0,4,753.0
2.0,34.0,137.0,224.0,248.0,404.0,4,753.0
2.0,34.0,55.0,137.0,248.0,404.0,4,753.0
2.0,34.0,36.0,55.0,224.0,247.0,4,248.0
2.0,34.0,55.0,137.0,224.0,247.0,4,404.0
2.0,1.0,570.0,577.0,790.0,808.0,4,820.0
2.0,1.0,570.0,577.0,790.0,808.0,4,820.0
2.0,1.0,356.0,577.0,808.0,820.0,4,960.0
2.0,1.0,305.0,356.0,625.0,820.0,4,960.0
2.0,1.0,570.0,577.0,790.0,808.0,4,820.0
2.0,1.0,570.0,577.0,790.0,808.0,4,820.0
2.0,1.0,356.0,577.0,790.0,808.0,4,820.0
2.0,25.0,59.0,294.0,380.0,398.0,4,814.0
2.0,25.0,59.0,188.0,294.0,814.0,4,961.0
2.0,25.0,188.0,380.0,398.0,814.0,4,961.0
2.0,25.0,188.0,294.0,380.0,398.0,4,961.0
2.0,25.0,59.0,188.0,662.0,814.0,4,961.0
2.0,25.0,59.0,294.0,380.0,398.0,4,814.0
2.0,25.0,59.0,294.0,380.0,398.0,4,814.0
2.0,25.0,59.0,188.0,294.0,398.0,4,814.0
2.0,25.0,188.0,294.0,380.0,398.0,4,961.0
2.0,25.0,188.0,380.0,662.0,814.0,4,961.0
2.0,25.0,294.0,380.0,398.0,421.0,4,814.0
2.0,25.0,59.0,188.0,294.0,561.0,4,814.0
2.0,25.0,59.0,188.0,294.0,380.0,4,961.0
2.0,25.0,188.0,294.0,380.0,421.0,4,961.0
2.0,25.0,294.0,380.0,421.0,814.0,4,961.0
2.0,25.0,59.0,294.0,380.0,398.0,4,961.0
2.0,25.0,59.0,380.0,561.0,814.0,4,961.0
2.0,25.0,294.0,380.0,421.0,561.0,4,814.0
2.0,25.0,294.0,380.0,421.0,561.0,4,814.0
2.0,13.0,80.0,320.0,665.0,673.0,4,1036.0
2.0,13.0,15.0,238.0,673.0,723.0,4,1036.0
2.0,13.0,15.0,119.0,673.0,723.0,4,1036.0
2.0,13.0,15.0,80.0,119.0,723.0,4,1036.0
2.0,13.0,15.0,80.0,119.0,320.0,4,1036.0
2.0,13.0,15.0,80.0,119.0,320.0,4,1036.0
2.0,13.0,15.0,80.0,119.0,320.0,4,1036.0
2.0,13.0,15.0,80.0,320.0,665.0,4,1036.0
2.0,13.0,15.0,80.0,320.0,665.0,4,1036.0
2.0,13.0,15.0,80.0,119.0,320.0,4,665.0
2.0,28.0,110.0,497.0,859.0,890.0,4,971.0
2.0,28.0,146.0,497.0,859.0,890.0,4,971.0
2.0,28.0,110.0,497.0,608.0,859.0,4,890.0
2.0,28.0,110.0,608.0,859.0,922.0,4,971.0
2.0,28.0,110.0,497.0,608.0,754.0,4,922.0
2.0,28.0,110.0,497.0,608.0,859.0,4,890.0
2.0,28.0,497.0,608.0,859.0,890.0,4,971.0
2.0,28.0,110.0,497.0,859.0,890.0,4,971.0
2.0,28.0,110.0,497.0,859.0,890.0,4,971.0
2.0,25.0,294.0,380.0,421.0,561.0,4,814.0
2.0,25.0,59.0,188.0,380.0,662.0,4,814.0
2.0,25.0,59.0,116.0,188.0,294.0,4,561.0
2.0,25.0,59.0,116.0,188.0,294.0,4,561.0
2.0,25.0,116.0,188.0,294.0,421.0,4,561.0
2.0,25.0,294.0,380.0,421.0,561.0,4,814.0
2.0,25.0,294.0,380.0,421.0,561.0,4,814.0
2.0,25.0,294.0,380.0,421.0,561.0,4,814.0
2.0,25.0,188.0,380.0,421.0,662.0,4,814.0
2.0,25.0,294.0,380.0,421.0,561.0,4,814.0
2.0,25.0,294.0,421.0,561.0,711.0,4,814.0
2.0,25.0,59.0,561.0,662.0,711.0,4,814.0
2.0,25.0,59.0,188.0,294.0,380.0,4,961.0
2.0,25.0,188.0,294.0,380.0,421.0,4,961.0
2.0,25.0,188.0,294.0,380.0,421.0,4,814.0
2.0,25.0,59.0,380.0,662.0,711.0,4,814.0
2.0,25.0,59.0,294.0,380.0,711.0,4,961.0
2.0,18.0,115.0,582.0,678.0,811.0,4,866.0
2.0,18.0,115.0,678.0,812.0,866.0,4,886.0
2.0,18.0,14.0,115.0,812.0,866.0,4,886.0
2.0,18.0,14.0,579.0,812.0,843.0,4,886.0
2.0,18.0,14.0,579.0,811.0,812.0,4,843.0
2.0,18.0,14.0,579.0,811.0,812.0,4,843.0
2.0,18.0,579.0,811.0,812.0,843.0,4,866.0
2.0,18.0,579.0,811.0,812.0,843.0,4,866.0
2.0,18.0,14.0,191.0,811.0,812.0,4,866.0
2.0,18.0,14.0,812.0,843.0,866.0,4,886.0
2.0,18.0,579.0,812.0,843.0,866.0,4,886.0
2.0,9.0,29.0,34.0,815.0,845.0,4,941.0
2.0,9.0,74.0,452.0,815.0,845.0,4,941.0
2.0,9.0,29.0,68.0,74.0,452.0,4,845.0
2.0,9.0,68.0,74.0,815.0,845.0,4,941.0
2.0,9.0,29.0,34.0,815.0,845.0,4,941.0
2.0,9.0,29.0,34.0,815.0,845.0,4,941.0
2.0,9.0,68.0,74.0,815.0,845.0,4,941.0
2.0,25.0,188.0,294.0,380.0,421.0,4,814.0
2.0,25.0,59.0,188.0,294.0,814.0,4,961.0
2.0,25.0,188.0,294.0,380.0,421.0,4,814.0
2.0,25.0,59.0,188.0,294.0,380.0,4,814.0
2.0,25.0,188.0,421.0,662.0,814.0,4,961.0
2.0,25.0,188.0,294.0,380.0,421.0,4,814.0
2.0,32.0,44.0,61.0,155.0,420.0,4,1022.0
2.0,32.0,61.0,155.0,413.0,420.0,4,849.0
2.0,32.0,44.0,413.0,450.0,499.0,4,849.0
2.0,32.0,44.0,61.0,155.0,420.0,4,1022.0
2.0,32.0,44.0,61.0,155.0,420.0,4,849.0
2.0,32.0,44.0,61.0,155.0,420.0,4,1022.0
2.0,32.0,44.0,61.0,155.0,499.0,4,849.0
2.0,25.0,188.0,294.0,421.0,814.0,4,961.0
2.0,25.0,188.0,294.0,380.0,421.0,4,961.0
2.0,25.0,59.0,294.0,380.0,398.0,4,961.0
2.0,25.0,59.0,188.0,294.0,398.0,4,814.0
2.0,25.0,188.0,421.0,662.0,814.0,4,961.0
2.0,25.0,294.0,380.0,398.0,421.0,4,961.0
2.0,25.0,59.0,380.0,398.0,662.0,4,961.0
2.0,0.0,13.0,493.0,535.0,695.0,4,713.0
2.0,0.0,686.0,695.0,713.0,851.0,4,910.0
2.0,0.0,686.0,695.0,713.0,810.0,4,851.0
2.0,0.0,13.0,493.0,535.0,695.0,4,713.0
2.0,0.0,13.0,686.0,695.0,713.0,4,851.0
2.0,0.0,493.0,686.0,695.0,851.0,4,910.0
2.0,0.0,493.0,686.0,695.0,851.0,4,910.0
2.0,0.0,493.0,535.0,695.0,851.0,4,910.0
2.0,0.0,13.0,493.0,535.0,686.0,4,713.0
2.0,25.0,188.0,294.0,380.0,421.0,4,814.0
2.0,25.0,188.0,294.0,380.0,421.0,4,814.0
2.0,25.0,188.0,294.0,398.0,421.0,4,814.0
2.0,25.0,188.0,294.0,398.0,421.0,4,814.0
2.0,25.0,59.0,380.0,398.0,662.0,4,814.0
2.0,25.0,59.0,380.0,398.0,662.0,4,814.0
2.0,25.0,59.0,380.0,398.0,662.0,4,961.0
2.0,25.0,59.0,380.0,398.0,662.0,4,961.0
2.0,25.0,59.0,294.0,380.0,398.0,4,961.0
2.0,25.0,294.0,380.0,398.0,421.0,4,961.0
2.0,25.0,188.0,294.0,421.0,814.0,4,961.0
2.0,25.0,398.0,421.0,662.0,814.0,4,961.0
2.0,25.0,188.0,294.0,380.0,421.0,4,814.0
2.0,25.0,188.0,294.0,380.0,421.0,4,814.0
2.0,25.0,294.0,380.0,398.0,421.0,4,814.0
2.0,25.0,59.0,116.0,474.0,561.0,4,662.0
2.0,30.0,657.0,689.0,705.0,953.0,4,963.0
2.0,30.0,121.0,350.0,598.0,657.0,4,847.0
2.0,30.0,121.0,350.0,598.0,657.0,4,847.0
2.0,30.0,121.0,598.0,705.0,847.0,4,963.0
2.0,30.0,689.0,705.0,847.0,953.0,4,963.0
2.0,30.0,657.0,689.0,705.0,953.0,4,963.0
2.0,30.0,121.0,350.0,598.0,657.0,4,847.0
2.0,30.0,689.0,705.0,847.0,953.0,4,963.0
2.0,30.0,689.0,705.0,847.0,953.0,4,963.0
2.0,29.0,86.0,103.0,456.0,505.0,4,580.0
2.0,29.0,93.0,103.0,505.0,580.0,4,914.0
2.0,29.0,93.0,94.0,338.0,725.0,4,914.0
2.0,29.0,94.0,103.0,338.0,505.0,4,914.0
2.0,29.0,86.0,456.0,505.0,572.0,4,580.0
2.0,29.0,94.0,338.0,505.0,580.0,4,914.0
2.0,29.0,94.0,338.0,505.0,580.0,4,914.0
2.0,29.0,94.0,338.0,505.0,580.0,4,914.0
2.0,25.0,188.0,294.0,380.0,421.0,4,814.0
2.0,25.0,294.0,380.0,398.0,421.0,4,814.0
2.0,25.0,59.0,294.0,398.0,814.0,4,961.0
2.0,25.0,294.0,380.0,398.0,421.0,4,814.0
2.0,16.0,200.0,296.0,416.0,674.0,4,996.0
2.0,16.0,200.0,296.0,416.0,674.0,4,996.0
2.0,16.0,200.0,296.0,674.0,677.0,4,702.0
2.0,16.0,200.0,296.0,674.0,677.0,4,996.0
2.0,16.0,165.0,296.0,416.0,996.0,4,1030.0
2.0,16.0,165.0,296.0,677.0,996.0,4,1030.0
2.0,16.0,165.0,200.0,677.0,702.0,4,1030.0
2.0,16.0,200.0,296.0,416.0,674.0,4,996.0
2.0,25.0,188.0,294.0,380.0,421.0,4,814.0
2.0,25.0,294.0,380.0,421.0,711.0,4,814.0
2.0,25.0,188.0,294.0,380.0,421.0,4,814.0
2.0,25.0,188.0,294.0,380.0,421.0,4,814.0
2.0,25.0,188.0,380.0,421.0,814.0,4,961.0
2.0,25.0,188.0,294.0,380.0,421.0,4,814.0
2.0,25.0,59.0,188.0,294.0,711.0,4,814.0
2.0,25.0,59.0,188.0,294.0,380.0,4,711.0
2.0,25.0,59.0,380.0,711.0,814.0,4,961.0
2.0,25.0,59.0,380.0,711.0,814.0,4,961.0
2.0,25.0,59.0,380.0,711.0,814.0,4,961.0
2.0,32.0,44.0,61.0,477.0,499.0,4,1022.0
2.0,32.0,44.0,155.0,450.0,499.0,4,524.0
2.0,32.0,155.0,450.0,477.0,499.0,4,1022.0
2.0,32.0,155.0,450.0,477.0,499.0,4,1022.0
2.0,25.0,59.0,294.0,380.0,711.0,4,814.0
2.0,25.0,59.0,294.0,380.0,711.0,4,814.0
2.0,25.0,59.0,188.0,294.0,711.0,4,814.0
2.0,25.0,188.0,380.0,398.0,814.0,4,961.0
2.0,25.0,188.0,380.0,398.0,814.0,4,961.0
2.0,25.0,188.0,294.0,380.0,398.0,4,961.0
2.0,25.0,188.0,294.0,380.0,398.0,4,961.0
2.0,25.0,59.0,188.0,294.0,380.0,4,398.0
2.0,25.0,59.0,188.0,294.0,380.0,4,814.0
2.0,25.0,59.0,188.0,294.0,380.0,4,814.0
2.0,25.0,59.0,188.0,294.0,814.0,4,961.0
2.0,25.0,188.0,380.0,398.0,814.0,4,961.0
2.0,25.0,116.0,188.0,380.0,398.0,4,961.0
2.0,25.0,116.0,188.0,398.0,662.0,4,711.0
2.0,25.0,116.0,188.0,561.0,662.0,4,711.0
2.0,25.0,116.0,188.0,474.0,561.0,4,662.0
2.0,25.0,59.0,294.0,380.0,711.0,4,814.0
2.0,25.0,59.0,188.0,294.0,711.0,4,814.0
2.0,25.0,188.0,294.0,380.0,711.0,4,814.0
2.0,25.0,188.0,380.0,398.0,662.0,4,814.0
2.0,25.0,188.0,380.0,398.0,662.0,4,814.0
2.0,25.0,188.0,380.0,398.0,662.0,4,961.0
2.0,25.0,59.0,380.0,398.0,662.0,4,961.0
2.0,25.0,188.0,294.0,380.0,711.0,4,814.0
2.0,25.0,188.0,294.0,380.0,711.0,4,814.0
2.0,25.0,59.0,188.0,294.0,711.0,4,814.0
2.0,25.0,294.0,398.0,711.0,814.0,4,991.0
2.0,25.0,294.0,398.0,711.0,814.0,4,991.0
2.0,25.0,294.0,398.0,711.0,814.0,4,991.0
2.0,25.0,294.0,380.0,398.0,961.0,4,991.0
2.0,25.0,59.0,294.0,380.0,398.0,4,814.0
2.0,25.0,188.0,294.0,380.0,806.0,4,814.0
2.0,25.0,188.0,294.0,398.0,806.0,4,814.0
2.0,25.0,59.0,294.0,380.0,398.0,4,961.0
2.0,25.0,59.0,188.0,380.0,662.0,4,814.0
2.0,25.0,188.0,294.0,380.0,806.0,4,814.0
2.0,25.0,188.0,294.0,380.0,806.0,4,814.0
2.0,25.0,294.0,380.0,398.0,806.0,4,814.0
2.0,25.0,294.0,380.0,398.0,806.0,4,814.0
2.0,25.0,59.0,294.0,380.0,398.0,4,961.0
2.0,25.0,188.0,294.0,380.0,806.0,4,814.0
2.0,25.0,188.0,294.0,711.0,806.0,4,814.0
2.0,25.0,59.0,380.0,662.0,711.0,4,961.0
2.0,25.0,188.0,294.0,711.0,806.0,4,814.0
2.0,25.0,188.0,294.0,711.0,806.0,4,814.0
2.0,25.0,59.0,294.0,380.0,711.0,4,961.0
2.0,25.0,59.0,380.0,711.0,814.0,4,961.0
2.0,25.0,188.0,294.0,380.0,806.0,4,814.0
2.0,26.0,40.0,41.0,874.0,948.0,4,1024.0
2.0,26.0,40.0,41.0,948.0,949.0,4,1024.0
2.0,26.0,40.0,634.0,824.0,857.0,4,948.0
2.0,26.0,40.0,634.0,684.0,824.0,4,857.0
2.0,26.0,40.0,41.0,824.0,948.0,4,1024.0
2.0,26.0,40.0,41.0,874.0,948.0,4,1024.0
2.0,26.0,40.0,41.0,874.0,948.0,4,1024.0
2.0,26.0,40.0,41.0,634.0,824.0,4,948.0
2.0,26.0,40.0,634.0,824.0,857.0,4,948.0
2.0,25.0,188.0,294.0,380.0,806.0,4,961.0
2.0,25.0,59.0,294.0,398.0,711.0,4,961.0
2.0,25.0,59.0,380.0,662.0,711.0,4,814.0
2.0,25.0,59.0,380.0,662.0,711.0,4,814.0
2.0,25.0,59.0,380.0,662.0,711.0,4,814.0
2.0,25.0,59.0,294.0,380.0,711.0,4,814.0
2.0,25.0,188.0,380.0,662.0,711.0,4,806.0
2.0,25.0,59.0,294.0,380.0,711.0,4,814.0
2.0,25.0,59.0,188.0,294.0,711.0,4,814.0
2.0,25.0,188.0,294.0,380.0,806.0,4,814.0
2.0,25.0,188.0,294.0,380.0,806.0,4,814.0
2.0,1.0,356.0,570.0,790.0,820.0,4,921.0
2.0,1.0,305.0,570.0,625.0,790.0,4,820.0
2.0,1.0,305.0,570.0,625.0,790.0,4,820.0
2.0,1.0,356.0,570.0,790.0,820.0,4,921.0
2.0,1.0,305.0,625.0,725.0,790.0,4,820.0
2.0,1.0,305.0,625.0,725.0,790.0,4,820.0
2.0,1.0,305.0,570.0,625.0,790.0,4,820.0
2.0,9.0,68.0,815.0,828.0,845.0,4,941.0
2.0,9.0,68.0,452.0,941.0,1011.0,4,1019.0
2.0,9.0,68.0,599.0,941.0,1011.0,4,1019.0
2.0,9.0,68.0,599.0,828.0,845.0,4,941.0
2.0,9.0,68.0,599.0,828.0,845.0,4,941.0
2.0,9.0,68.0,452.0,828.0,941.0,4,1019.0
2.0,9.0,68.0,452.0,828.0,1011.0,4,1019.0
2.0,9.0,68.0,599.0,828.0,845.0,4,941.0
2.0,34.0,36.0,55.0,137.0,278.0,4,458.0
2.0,34.0,36.0,55.0,278.0,458.0,4,753.0
2.0,34.0,36.0,55.0,224.0,458.0,4,753.0
2.0,34.0,36.0,278.0,404.0,458.0,4,753.0
2.0,6.0,35.0,250.0,623.0,730.0,4,1039.0
2.0,6.0,35.0,250.0,494.0,623.0,4,876.0
2.0,6.0,35.0,494.0,730.0,876.0,4,1010.0
2.0,6.0,250.0,623.0,876.0,1010.0,4,1039.0
2.0,6.0,494.0,623.0,730.0,876.0,4,1039.0
2.0,6.0,35.0,250.0,623.0,730.0,4,1039.0
2.0,17.0,148.0,561.0,653.0,809.0,4,829.0
2.0,17.0,149.0,211.0,635.0,642.0,4,829.0
2.0,17.0,148.0,149.0,211.0,489.0,4,642.0
2.0,17.0,148.0,211.0,489.0,561.0,4,642.0
2.0,17.0,208.0,489.0,561.0,642.0,4,653.0
2.0,25.0,188.0,294.0,380.0,806.0,4,814.0
2.0,25.0,188.0,294.0,380.0,806.0,4,814.0
2.0,25.0,59.0,188.0,294.0,711.0,4,814.0
2.0,25.0,59.0,188.0,380.0,662.0,4,814.0
2.0,25.0,188.0,294.0,380.0,806.0,4,814.0
2.0,25.0,59.0,294.0,398.0,711.0,4,814.0
2.0,25.0,188.0,294.0,380.0,806.0,4,814.0
2.0,25.0,59.0,294.0,380.0,711.0,4,961.0
2.0,25.0,188.0,294.0,380.0,806.0,4,814.0
2.0,25.0,59.0,188.0,294.0,380.0,4,814.0
2.0,25.0,59.0,188.0,294.0,711.0,4,961.0
2.0,25.0,59.0,188.0,294.0,711.0,4,961.0
2.0,25.0,380.0,398.0,662.0,806.0,4,961.0
2.0,25.0,294.0,380.0,398.0,806.0,4,814.0
2.0,25.0,380.0,398.0,662.0,806.0,4,814.0
2.0,25.0,188.0,294.0,380.0,806.0,4,814.0
2.0,25.0,59.0,188.0,380.0,662.0,4,814.0
2.0,25.0,59.0,380.0,398.0,662.0,4,961.0
2.0,25.0,59.0,398.0,662.0,711.0,4,961.0
2.0,25.0,294.0,398.0,711.0,806.0,4,961.0
2.0,16.0,296.0,416.0,420.0,647.0,4,996.0
2.0,16.0,200.0,296.0,674.0,702.0,4,996.0
2.0,16.0,200.0,296.0,674.0,702.0,4,996.0
2.0,16.0,200.0,296.0,477.0,674.0,4,996.0
2.0,16.0,296.0,416.0,427.0,674.0,4,996.0
2.0,16.0,296.0,416.0,427.0,647.0,4,702.0
2.0,16.0,200.0,427.0,477.0,674.0,4,702.0
2.0,16.0,200.0,296.0,416.0,674.0,4,702.0
2.0,16.0,200.0,296.0,416.0,674.0,4,702.0
2.0,16.0,200.0,296.0,416.0,674.0,4,702.0
2.0,25.0,59.0,380.0,662.0,711.0,4,961.0
2.0,25.0,59.0,380.0,662.0,711.0,4,814.0
2.0,25.0,59.0,380.0,662.0,711.0,4,814.0
2.0,25.0,188.0,294.0,380.0,806.0,4,814.0
2.0,25.0,59.0,294.0,380.0,711.0,4,814.0
2.0,25.0,59.0,294.0,380.0,711.0,4,961.0
2.0,25.0,294.0,380.0,711.0,806.0,4,814.0
2.0,25.0,188.0,294.0,380.0,806.0,4,814.0
2.0,25.0,188.0,294.0,711.0,806.0,4,814.0
2.0,25.0,188.0,294.0,711.0,806.0,4,961.0
2.0,25.0,59.0,380.0,662.0,711.0,4,961.0
2.0,25.0,59.0,380.0,662.0,711.0,4,961.0
2.0,25.0,188.0,294.0,380.0,806.0,4,814.0
2.0,25.0,188.0,398.0,662.0,806.0,4,814.0
2.0,25.0,188.0,294.0,380.0,806.0,4,814.0
2.0,25.0,59.0,380.0,662.0,711.0,4,961.0
2.0,0.0,13.0,493.0,535.0,713.0,4,851.0
2.0,0.0,13.0,493.0,535.0,713.0,4,851.0
2.0,0.0,13.0,493.0,535.0,713.0,4,851.0
2.0,0.0,13.0,493.0,535.0,676.0,4,695.0
2.0,0.0,13.0,493.0,535.0,695.0,4,713.0
2.0,0.0,493.0,535.0,713.0,851.0,4,1037.0
2.0,0.0,13.0,493.0,535.0,713.0,4,851.0
2.0,0.0,13.0,493.0,535.0,713.0,4,851.0
2.0,11.0,1.0,638.0,700.0,895.0,4,1031.0
2.0,11.0,1.0,274.0,638.0,700.0,4,895.0
2.0,11.0,132.0,602.0,700.0,1008.0,4,1031.0
2.0,11.0,132.0,602.0,638.0,895.0,4,1008.0
2.0,11.0,132.0,602.0,700.0,1008.0,4,1031.0
2.0,25.0,398.0,662.0,711.0,961.0,4,991.0
2.0,25.0,398.0,662.0,711.0,806.0,4,814.0
2.0,25.0,294.0,398.0,711.0,806.0,4,814.0
2.0,25.0,188.0,294.0,380.0,806.0,4,814.0
2.0,25.0,294.0,380.0,398.0,806.0,4,961.0
2.0,25.0,294.0,380.0,398.0,961.0,4,991.0
2.0,25.0,294.0,380.0,398.0,961.0,4,991.0
2.0,17.0,148.0,208.0,211.0,635.0,4,829.0
2.0,17.0,148.0,208.0,337.0,635.0,4,829.0
2.0,17.0,148.0,149.0,208.0,337.0,4,489.0
2.0,17.0,149.0,337.0,489.0,809.0,4,829.0
2.0,17.0,149.0,337.0,489.0,635.0,4,809.0
2.0,17.0,149.0,211.0,489.0,635.0,4,809.0
2.0,17.0,211.0,489.0,635.0,653.0,4,809.0
2.0,17.0,148.0,211.0,635.0,809.0,4,829.0
2.0,17.0,489.0,561.0,653.0,809.0,4,829.0
2.0,17.0,489.0,561.0,653.0,809.0,4,829.0
2.0,17.0,148.0,208.0,489.0,561.0,4,653.0
2.0,25.0,188.0,294.0,711.0,806.0,4,961.0
2.0,25.0,188.0,294.0,662.0,711.0,4,806.0
2.0,25.0,59.0,398.0,662.0,711.0,4,961.0
2.0,25.0,59.0,398.0,662.0,711.0,4,961.0
2.0,25.0,188.0,294.0,711.0,806.0,4,961.0
2.0,25.0,59.0,398.0,662.0,711.0,4,961.0
2.0,25.0,59.0,398.0,474.0,662.0,4,961.0
2.0,25.0,8.0,398.0,474.0,662.0,4,991.0
2.0,1.0,305.0,570.0,577.0,790.0,4,820.0
2.0,1.0,305.0,570.0,577.0,790.0,4,820.0
2.0,1.0,305.0,577.0,625.0,790.0,4,960.0
2.0,1.0,356.0,577.0,790.0,808.0,4,820.0
2.0,1.0,356.0,577.0,790.0,808.0,4,820.0
2.0,1.0,570.0,577.0,790.0,808.0,4,820.0
2.0,1.0,577.0,625.0,790.0,808.0,4,820.0
2.0,1.0,577.0,625.0,790.0,808.0,4,820.0
2.0,1.0,305.0,356.0,625.0,790.0,4,960.0
2.0,11.0,1.0,113.0,638.0,700.0,4,1031.0
2.0,11.0,1.0,113.0,173.0,638.0,4,700.0
2.0,11.0,1.0,113.0,173.0,638.0,4,968.0
2.0,11.0,638.0,700.0,806.0,968.0,4,1031.0
2.0,11.0,1.0,113.0,132.0,700.0,4,1031.0
2.0,11.0,1.0,113.0,132.0,173.0,4,700.0
2.0,11.0,113.0,638.0,806.0,968.0,4,1031.0
2.0,24.0,301.0,463.0,501.0,576.0,4,750.0
2.0,24.0,169.0,262.0,463.0,494.0,4,605.0
2.0,24.0,169.0,262.0,301.0,494.0,4,576.0
2.0,24.0,169.0,204.0,262.0,494.0,4,863.0
2.0,24.0,463.0,494.0,576.0,750.0,4,863.0
2.0,1.0,570.0,577.0,808.0,820.0,4,960.0
2.0,1.0,305.0,356.0,625.0,790.0,4,960.0
2.0,1.0,305.0,356.0,625.0,790.0,4,960.0
2.0,1.0,356.0,577.0,790.0,808.0,4,960.0
2.0,1.0,570.0,577.0,790.0,808.0,4,820.0
2.0,1.0,570.0,577.0,790.0,808.0,4,820.0
2.0,1.0,356.0,625.0,790.0,808.0,4,960.0
2.0,1.0,356.0,625.0,790.0,808.0,4,960.0
2.0,1.0,356.0,625.0,790.0,808.0,4,960.0
2.0,1.0,356.0,577.0,808.0,820.0,4,960.0
2.0,1.0,118.0,342.0,382.0,625.0,4,960.0
2.0,9.0,29.0,34.0,815.0,828.0,4,941.0
2.0,9.0,29.0,34.0,815.0,828.0,4,941.0
2.0,9.0,29.0,599.0,815.0,828.0,4,941.0
2.0,9.0,34.0,74.0,815.0,941.0,4,1019.0
2.0,9.0,34.0,74.0,815.0,941.0,4,1019.0
2.0,9.0,29.0,74.0,815.0,941.0,4,1019.0
2.0,1.0,570.0,577.0,790.0,808.0,4,820.0
2.0,1.0,577.0,625.0,790.0,808.0,4,820.0
2.0,1.0,570.0,577.0,790.0,808.0,4,820.0
2.0,1.0,577.0,625.0,790.0,808.0,4,820.0
2.0,1.0,577.0,625.0,790.0,808.0,4,820.0
2.0,1.0,356.0,577.0,790.0,808.0,4,820.0
2.0,1.0,305.0,356.0,625.0,790.0,4,960.0
2.0,1.0,305.0,356.0,577.0,790.0,4,820.0
2.0,1.0,570.0,577.0,790.0,808.0,4,820.0
2.0,1.0,570.0,577.0,790.0,808.0,4,820.0
2.0,1.0,570.0,577.0,790.0,808.0,4,820.0
2.0,1.0,570.0,577.0,790.0,808.0,4,820.0
2.0,1.0,570.0,577.0,790.0,808.0,4,820.0
2.0,1.0,570.0,577.0,790.0,808.0,4,820.0
2.0,1.0,577.0,625.0,790.0,808.0,4,820.0
2.0,1.0,570.0,577.0,790.0,808.0,4,820.0
2.0,1.0,305.0,356.0,625.0,790.0,4,960.0
2.0,1.0,570.0,577.0,790.0,808.0,4,820.0
2.0,17.0,47.0,148.0,635.0,642.0,4,829.0
2.0,17.0,211.0,337.0,489.0,809.0,4,829.0
2.0,17.0,47.0,148.0,635.0,642.0,4,809.0
2.0,17.0,47.0,489.0,635.0,642.0,4,809.0
2.0,17.0,47.0,148.0,635.0,642.0,4,829.0
2.0,17.0,47.0,489.0,642.0,809.0,4,829.0
2.0,17.0,47.0,635.0,642.0,809.0,4,829.0
2.0,17.0,211.0,635.0,642.0,809.0,4,829.0
2.0,1.0,570.0,625.0,790.0,808.0,4,960.0
2.0,1.0,118.0,305.0,356.0,625.0,4,960.0
2.0,1.0,305.0,356.0,625.0,820.0,4,960.0
2.0,1.0,570.0,577.0,790.0,808.0,4,820.0
2.0,1.0,570.0,577.0,790.0,808.0,4,820.0
2.0,1.0,356.0,625.0,790.0,808.0,4,820.0
2.0,1.0,356.0,625.0,790.0,808.0,4,820.0
2.0,1.0,305.0,342.0,356.0,625.0,4,960.0
2.0,1.0,118.0,342.0,356.0,783.0,4,960.0
2.0,18.0,14.0,579.0,719.0,811.0,4,866.0
2.0,18.0,181.0,191.0,579.0,719.0,4,886.0
2.0,18.0,14.0,181.0,191.0,843.0,4,886.0
2.0,18.0,14.0,448.0,719.0,811.0,4,866.0
2.0,18.0,191.0,579.0,811.0,866.0,4,886.0
2.0,18.0,181.0,191.0,579.0,811.0,4,886.0
2.0,18.0,14.0,181.0,191.0,719.0,4,886.0
2.0,18.0,115.0,579.0,811.0,843.0,4,886.0
2.0,32.0,44.0,155.0,450.0,477.0,4,524.0
2.0,32.0,61.0,155.0,420.0,499.0,4,524.0
2.0,32.0,44.0,155.0,524.0,595.0,4,849.0
2.0,32.0,44.0,61.0,155.0,524.0,4,849.0
2.0,32.0,44.0,61.0,378.0,499.0,4,849.0
2.0,1.0,570.0,577.0,790.0,808.0,4,820.0
2.0,1.0,356.0,570.0,808.0,820.0,4,960.0
2.0,1.0,305.0,356.0,625.0,820.0,4,960.0
2.0,1.0,118.0,305.0,356.0,625.0,4,960.0
2.0,1.0,570.0,577.0,790.0,808.0,4,820.0
2.0,1.0,570.0,577.0,790.0,808.0,4,820.0
2.0,1.0,570.0,577.0,808.0,820.0,4,960.0
2.0,1.0,570.0,577.0,808.0,820.0,4,960.0
2.0,1.0,305.0,356.0,625.0,820.0,4,960.0
2.0,1.0,570.0,577.0,790.0,808.0,4,820.0
2.0,1.0,570.0,577.0,790.0,808.0,4,820.0
2.0,1.0,118.0,570.0,577.0,808.0,4,820.0
2.0,1.0,118.0,305.0,356.0,625.0,4,790.0
2.0,1.0,305.0,570.0,577.0,790.0,4,820.0
2.0,1.0,570.0,577.0,790.0,808.0,4,820.0
2.0,1.0,570.0,577.0,790.0,808.0,4,820.0
2.0,1.0,570.0,577.0,790.0,808.0,4,820.0
2.0,1.0,570.0,577.0,790.0,808.0,4,820.0
2.0,1.0,118.0,570.0,625.0,808.0,4,820.0
2.0,1.0,305.0,570.0,577.0,790.0,4,808.0
2.0,34.0,36.0,55.0,137.0,330.0,4,538.0
2.0,34.0,55.0,137.0,247.0,404.0,4,538.0
2.0,34.0,36.0,55.0,137.0,247.0,4,538.0
2.0,1.0,305.0,570.0,577.0,790.0,4,820.0
2.0,1.0,305.0,570.0,625.0,790.0,4,820.0
2.0,1.0,305.0,356.0,625.0,820.0,4,960.0
2.0,1.0,356.0,577.0,790.0,808.0,4,960.0
2.0,1.0,570.0,577.0,790.0,808.0,4,960.0
2.0,1.0,570.0,577.0,790.0,808.0,4,820.0
2.0,1.0,305.0,356.0,625.0,790.0,4,960.0
2.0,1.0,305.0,356.0,625.0,790.0,4,960.0
2.0,1.0,305.0,356.0,577.0,790.0,4,960.0
2.0,1.0,570.0,577.0,790.0,808.0,4,820.0
2.0,0.0,13.0,493.0,535.0,695.0,4,713.0
2.0,0.0,493.0,535.0,695.0,851.0,4,1037.0
2.0,0.0,13.0,493.0,686.0,851.0,4,1037.0
2.0,0.0,13.0,493.0,686.0,713.0,4,1037.0
2.0,0.0,13.0,493.0,686.0,713.0,4,1037.0
2.0,0.0,13.0,493.0,535.0,686.0,4,713.0
2.0,0.0,493.0,535.0,686.0,851.0,4,1037.0
2.0,1.0,570.0,577.0,790.0,808.0,4,820.0
2.0,1.0,570.0,577.0,790.0,808.0,4,820.0
2.0,1.0,118.0,305.0,625.0,820.0,4,960.0
2.0,1.0,570.0,577.0,790.0,808.0,4,820.0
2.0,1.0,570.0,577.0,790.0,808.0,4,820.0
2.0,1.0,570.0,577.0,790.0,808.0,4,820.0
2.0,1.0,570.0,577.0,790.0,808.0,4,820.0
2.0,1.0,570.0,577.0,790.0,808.0,4,820.0
2.0,1.0,118.0,305.0,342.0,625.0,4,960.0
2.0,1.0,118.0,305.0,342.0,625.0,4,960.0
2.0,1.0,118.0,305.0,342.0,625.0,4,960.0
2.0,29.0,86.0,94.0,103.0,505.0,4,914.0
2.0,29.0,86.0,94.0,103.0,505.0,4,914.0
2.0,29.0,86.0,94.0,505.0,725.0,4,914.0
2.0,29.0,93.0,94.0,283.0,456.0,4,914.0
2.0,28.0,367.0,608.0,859.0,922.0,4,971.0
2.0,28.0,367.0,608.0,859.0,922.0,4,971.0
2.0,28.0,497.0,608.0,859.0,922.0,4,971.0
2.0,28.0,367.0,484.0,497.0,922.0,4,971.0
2.0,28.0,484.0,497.0,608.0,890.0,4,971.0
2.0,28.0,484.0,497.0,608.0,890.0,4,971.0
2.0,28.0,367.0,608.0,859.0,922.0,4,971.0
2.0,28.0,367.0,608.0,859.0,922.0,4,971.0
2.0,1.0,570.0,577.0,790.0,808.0,4,820.0
2.0,1.0,570.0,577.0,790.0,808.0,4,820.0
2.0,1.0,118.0,356.0,625.0,808.0,4,960.0
2.0,1.0,118.0,305.0,356.0,625.0,4,960.0
2.0,1.0,305.0,356.0,625.0,820.0,4,960.0
2.0,1.0,305.0,356.0,625.0,820.0,4,960.0
2.0,1.0,570.0,577.0,790.0,808.0,4,820.0
2.0,1.0,570.0,577.0,790.0,808.0,4,820.0
2.0,1.0,570.0,577.0,790.0,808.0,4,820.0
2.0,1.0,356.0,570.0,790.0,808.0,4,820.0
2.0,1.0,118.0,305.0,342.0,783.0,4,960.0
2.0,1.0,118.0,305.0,342.0,783.0,4,960.0
2.0,1.0,570.0,577.0,790.0,808.0,4,820.0
2.0,1.0,570.0,577.0,790.0,808.0,4,820.0
2.0,1.0,570.0,577.0,790.0,808.0,4,820.0
2.0,1.0,342.0,356.0,625.0,790.0,4,808.0
2.0,1.0,570.0,577.0,790.0,808.0,4,820.0
2.0,1.0,356.0,577.0,790.0,808.0,4,820.0
2.0,1.0,356.0,577.0,790.0,808.0,4,820.0
2.0,1.0,305.0,342.0,356.0,625.0,4,790.0
2.0,1.0,305.0,342.0,356.0,625.0,4,820.0
2.0,1.0,570.0,577.0,790.0,808.0,4,820.0
2.0,6.0,85.0,213.0,250.0,397.0,4,623.0
2.0,6.0,35.0,213.0,250.0,397.0,4,730.0
2.0,6.0,35.0,85.0,213.0,250.0,4,623.0
2.0,6.0,35.0,85.0,213.0,250.0,4,623.0
2.0,6.0,35.0,85.0,213.0,250.0,4,623.0
2.0,6.0,213.0,250.0,397.0,623.0,4,1010.0
2.0,6.0,35.0,85.0,250.0,623.0,4,730.0
2.0,6.0,213.0,250.0,397.0,876.0,4,1010.0
2.0,32.0,44.0,61.0,155.0,420.0,4,524.0
2.0,32.0,44.0,61.0,155.0,499.0,4,1022.0
2.0,32.0,61.0,155.0,420.0,499.0,4,849.0
2.0,32.0,44.0,420.0,450.0,499.0,4,849.0
2.0,32.0,44.0,420.0,450.0,499.0,4,849.0
2.0,32.0,155.0,420.0,450.0,499.0,4,849.0
2.0,32.0,44.0,155.0,420.0,450.0,4,849.0
2.0,1.0,305.0,356.0,625.0,790.0,4,820.0
2.0,1.0,305.0,342.0,356.0,625.0,4,820.0
2.0,1.0,118.0,577.0,625.0,808.0,4,820.0
2.0,1.0,118.0,577.0,790.0,808.0,4,820.0
2.0,1.0,118.0,356.0,790.0,808.0,4,820.0
2.0,1.0,118.0,356.0,790.0,808.0,4,820.0
2.0,1.0,305.0,342.0,356.0,625.0,4,790.0
2.0,1.0,577.0,625.0,790.0,808.0,4,820.0
2.0,1.0,118.0,577.0,790.0,808.0,4,820.0
2.0,1.0,356.0,625.0,790.0,808.0,4,820.0
2.0,1.0,305.0,342.0,356.0,625.0,4,790.0
2.0,1.0,305.0,342.0,356.0,625.0,4,790.0
2.0,1.0,118.0,356.0,577.0,808.0,4,820.0
2.0,1.0,118.0,577.0,625.0,790.0,4,808.0
2.0,1.0,118.0,577.0,625.0,790.0,4,808.0
2.0,1.0,118.0,577.0,790.0,808.0,4,820.0
2.0,1.0,118.0,577.0,790.0,808.0,4,820.0
2.0,1.0,118.0,577.0,790.0,808.0,4,820.0
2.0,1.0,118.0,356.0,790.0,808.0,4,820.0
2.0,1.0,118.0,342.0,356.0,790.0,4,808.0
2.0,1.0,305.0,342.0,356.0,382.0,4,625.0
2.0,1.0,305.0,342.0,382.0,625.0,4,783.0
2.0,16.0,165.0,200.0,296.0,416.0,4,702.0
2.0,16.0,200.0,296.0,674.0,702.0,4,996.0
2.0,16.0,200.0,296.0,674.0,702.0,4,996.0
2.0,16.0,200.0,296.0,495.0,674.0,4,702.0
2.0,16.0,165.0,200.0,296.0,702.0,4,996.0
2.0,16.0,200.0,296.0,674.0,702.0,4,996.0
2.0,16.0,165.0,427.0,495.0,702.0,4,1030.0
2.0,16.0,165.0,427.0,495.0,702.0,4,1030.0
2.0,1.0,356.0,577.0,790.0,808.0,4,820.0
2.0,1.0,356.0,577.0,808.0,820.0,4,960.0
2.0,1.0,356.0,625.0,808.0,820.0,4,960.0
2.0,1.0,305.0,356.0,625.0,820.0,4,960.0
2.0,1.0,305.0,356.0,625.0,820.0,4,960.0
2.0,1.0,305.0,342.0,356.0,577.0,4,960.0
2.0,1.0,305.0,570.0,577.0,808.0,4,960.0
2.0,1.0,356.0,570.0,790.0,808.0,4,820.0
2.0,1.0,305.0,356.0,625.0,790.0,4,960.0
2.0,1.0,305.0,356.0,625.0,790.0,4,960.0
2.0,1.0,305.0,356.0,625.0,790.0,4,960.0
2.0,1.0,342.0,382.0,625.0,783.0,4,960.0
2.0,9.0,68.0,452.0,828.0,845.0,4,941.0
2.0,9.0,29.0,68.0,815.0,828.0,4,845.0
2.0,9.0,29.0,68.0,815.0,828.0,4,845.0
2.0,9.0,29.0,68.0,815.0,828.0,4,845.0
2.0,9.0,29.0,68.0,815.0,828.0,4,941.0
2.0,9.0,29.0,68.0,815.0,828.0,4,941.0
2.0,9.0,29.0,68.0,452.0,828.0,4,941.0
2.0,9.0,29.0,68.0,815.0,828.0,4,845.0
2.0,9.0,29.0,68.0,815.0,828.0,4,845.0
2.0,1.0,570.0,625.0,790.0,808.0,4,960.0
2.0,1.0,305.0,625.0,783.0,790.0,4,960.0
2.0,1.0,305.0,356.0,625.0,820.0,4,960.0
2.0,1.0,356.0,570.0,790.0,808.0,4,820.0
2.0,1.0,356.0,625.0,790.0,808.0,4,960.0
2.0,1.0,356.0,570.0,790.0,808.0,4,820.0
2.0,26.0,41.0,315.0,634.0,824.0,4,948.0
2.0,26.0,41.0,824.0,857.0,874.0,4,948.0
2.0,26.0,40.0,41.0,874.0,948.0,4,1024.0
2.0,26.0,40.0,41.0,874.0,948.0,4,1024.0
2.0,26.0,40.0,41.0,634.0,874.0,4,948.0
2.0,26.0,634.0,684.0,824.0,857.0,4,948.0
2.0,1.0,570.0,577.0,790.0,808.0,4,820.0
2.0,1.0,305.0,356.0,625.0,790.0,4,960.0
2.0,1.0,570.0,577.0,790.0,808.0,4,960.0
2.0,1.0,570.0,577.0,790.0,808.0,4,820.0
2.0,1.0,570.0,577.0,790.0,808.0,4,820.0
2.0,1.0,570.0,577.0,790.0,808.0,4,820.0
2.0,1.0,356.0,577.0,808.0,820.0,4,960.0
2.0,1.0,356.0,577.0,808.0,820.0,4,960.0
2.0,1.0,570.0,577.0,790.0,808.0,4,820.0
2.0,13.0,80.0,320.0,665.0,673.0,4,1036.0
2.0,13.0,80.0,320.0,340.0,665.0,4,1036.0
2.0,13.0,80.0,320.0,340.0,665.0,4,1036.0
2.0,13.0,80.0,320.0,665.0,673.0,4,1036.0
2.0,13.0,80.0,340.0,665.0,673.0,4,1036.0
2.0,13.0,80.0,340.0,665.0,673.0,4,1036.0
2.0,13.0,340.0,665.0,673.0,832.0,4,1036.0
2.0,13.0,80.0,340.0,665.0,673.0,4,1036.0
2.0,1.0,356.0,570.0,790.0,808.0,4,820.0
2.0,1.0,570.0,625.0,790.0,808.0,4,820.0
2.0,1.0,305.0,625.0,725.0,790.0,4,921.0
2.0,1.0,305.0,625.0,725.0,790.0,4,921.0
2.0,1.0,356.0,570.0,790.0,808.0,4,820.0
2.0,1.0,356.0,570.0,790.0,808.0,4,820.0
2.0,1.0,305.0,356.0,570.0,790.0,4,820.0
2.0,1.0,305.0,356.0,570.0,790.0,4,820.0
2.0,1.0,305.0,356.0,625.0,790.0,4,921.0
2.0,1.0,356.0,570.0,790.0,808.0,4,820.0
2.0,1.0,356.0,570.0,790.0,808.0,4,820.0
2.0,1.0,305.0,356.0,570.0,790.0,4,820.0
2.0,1.0,305.0,625.0,725.0,790.0,4,921.0
2.0,1.0,305.0,625.0,725.0,820.0,4,921.0
2.0,1.0,625.0,725.0,790.0,820.0,4,921.0
2.0,1.0,570.0,625.0,790.0,808.0,4,820.0
2.0,1.0,570.0,625.0,790.0,808.0,4,820.0
2.0,1.0,570.0,625.0,790.0,808.0,4,820.0
2.0,1.0,305.0,625.0,725.0,790.0,4,921.0
2.0,1.0,305.0,570.0,725.0,790.0,4,921.0
2.0,1.0,305.0,570.0,725.0,790.0,4,921.0
2.0,1.0,570.0,625.0,790.0,808.0,4,820.0
2.0,16.0,200.0,296.0,702.0,996.0,4,1030.0
2.0,16.0,200.0,416.0,427.0,674.0,4,702.0
2.0,16.0,200.0,416.0,427.0,674.0,4,702.0
2.0,16.0,200.0,427.0,477.0,674.0,4,702.0
2.0,16.0,296.0,420.0,477.0,674.0,4,996.0
2.0,16.0,296.0,420.0,477.0,674.0,4,996.0
2.0,16.0,200.0,296.0,416.0,420.0,4,996.0
2.0,16.0,200.0,416.0,420.0,674.0,4,702.0
2.0,16.0,200.0,416.0,427.0,674.0,4,702.0
2.0,16.0,296.0,420.0,477.0,674.0,4,996.0
2.0,1.0,570.0,625.0,790.0,808.0,4,820.0
2.0,1.0,305.0,382.0,625.0,725.0,4,820.0
2.0,1.0,305.0,382.0,570.0,725.0,4,921.0
2.0,1.0,305.0,382.0,570.0,725.0,4,921.0
2.0,1.0,305.0,382.0,570.0,725.0,4,921.0
2.0,1.0,305.0,570.0,725.0,790.0,4,921.0
2.0,1.0,570.0,625.0,790.0,808.0,4,820.0
2.0,1.0,570.0,625.0,790.0,808.0,4,820.0
2.0,1.0,570.0,625.0,790.0,808.0,4,820.0
2.0,1.0,625.0,725.0,790.0,808.0,4,820.0
2.0,1.0,625.0,725.0,790.0,808.0,4,820.0
2.0,1.0,305.0,382.0,625.0,725.0,4,921.0
2.0,1.0,305.0,625.0,725.0,790.0,4,921.0
2.0,17.0,148.0,489.0,635.0,642.0,4,829.0
2.0,17.0,148.0,337.0,489.0,561.0,4,642.0
2.0,17.0,148.0,337.0,489.0,561.0,4,642.0
2.0,17.0,149.0,337.0,642.0,809.0,4,829.0
2.0,17.0,635.0,642.0,653.0,809.0,4,829.0
2.0,17.0,149.0,337.0,635.0,809.0,4,829.0
2.0,17.0,148.0,635.0,642.0,653.0,4,829.0
2.0,17.0,148.0,561.0,635.0,642.0,4,653.0
2.0,17.0,148.0,149.0,561.0,642.0,4,653.0
2.0,1.0,356.0,570.0,790.0,808.0,4,921.0
2.0,1.0,305.0,342.0,382.0,725.0,4,808.0
2.0,1.0,356.0,382.0,790.0,808.0,4,921.0
2.0,1.0,305.0,356.0,725.0,790.0,4,808.0
2.0,1.0,305.0,356.0,725.0,790.0,4,808.0
2.0,1.0,305.0,356.0,570.0,790.0,4,808.0
2.0,1.0,305.0,356.0,570.0,790.0,4,808.0
2.0,30.0,689.0,705.0,847.0,953.0,4,963.0
2.0,30.0,598.0,705.0,847.0,953.0,4,963.0
2.0,30.0,121.0,290.0,350.0,389.0,4,598.0
2.0,30.0,290.0,350.0,689.0,847.0,4,963.0
2.0,30.0,689.0,705.0,847.0,953.0,4,963.0
2.0,30.0,598.0,705.0,847.0,953.0,4,963.0
2.0,30.0,121.0,290.0,598.0,847.0,4,963.0
2.0,30.0,121.0,598.0,705.0,953.0,4,963.0
2.0,15.0,226.0,365.0,373.0,681.0,4,764.0
2.0,15.0,226.0,365.0,373.0,681.0,4,860.0
2.0,15.0,373.0,659.0,681.0,764.0,4,860.0
2.0,15.0,229.0,373.0,681.0,764.0,4,860.0
2.0,15.0,365.0,373.0,375.0,681.0,4,803.0
2.0,1.0,570.0,577.0,790.0,808.0,4,820.0
2.0,1.0,570.0,577.0,790.0,808.0,4,820.0
2.0,1.0,305.0,570.0,725.0,820.0,4,921.0
2.0,1.0,356.0,570.0,790.0,808.0,4,820.0
2.0,1.0,570.0,577.0,790.0,808.0,4,820.0
2.0,1.0,356.0,570.0,790.0,808.0,4,820.0
2.0,1.0,305.0,356.0,725.0,820.0,4,921.0
2.0,1.0,305.0,356.0,725.0,820.0,4,921.0
2.0,0.0,13.0,493.0,535.0,695.0,4,713.0
2.0,0.0,535.0,695.0,713.0,851.0,4,1037.0
2.0,0.0,13.0,493.0,535.0,713.0,4,1037.0
2.0,0.0,13.0,493.0,535.0,695.0,4,713.0
2.0,0.0,493.0,535.0,695.0,851.0,4,1037.0
2.0,0.0,13.0,493.0,535.0,695.0,4,851.0
2.0,0.0,13.0,493.0,535.0,713.0,4,851.0
2.0,0.0,13.0,493.0,535.0,713.0,4,851.0
2.0,0.0,13.0,493.0,535.0,713.0,4,851.0
2.0,1.0,356.0,570.0,790.0,808.0,4,820.0
2.0,1.0,356.0,725.0,790.0,808.0,4,820.0
2.0,1.0,356.0,725.0,790.0,808.0,4,921.0
2.0,1.0,305.0,356.0,725.0,790.0,4,921.0
2.0,1.0,305.0,382.0,570.0,725.0,4,820.0
2.0,1.0,382.0,570.0,725.0,808.0,4,820.0
2.0,1.0,305.0,356.0,570.0,790.0,4,808.0
2.0,1.0,305.0,570.0,725.0,790.0,4,808.0
2.0,1.0,305.0,570.0,725.0,790.0,4,808.0
2.0,1.0,305.0,382.0,725.0,790.0,4,921.0
2.0,1.0,305.0,356.0,725.0,790.0,4,921.0
2.0,1.0,305.0,356.0,725.0,790.0,4,921.0
2.0,1.0,305.0,356.0,570.0,790.0,4,921.0
2.0,1.0,305.0,356.0,570.0,790.0,4,921.0
2.0,1.0,342.0,356.0,382.0,570.0,4,921.0
2.0,1.0,356.0,570.0,790.0,808.0,4,921.0
2.0,1.0,305.0,356.0,725.0,820.0,4,921.0
2.0,1.0,570.0,725.0,790.0,808.0,4,820.0
2.0,1.0,356.0,570.0,790.0,808.0,4,820.0
2.0,1.0,305.0,356.0,570.0,808.0,4,820.0
2.0,1.0,305.0,356.0,570.0,808.0,4,820.0
2.0,1.0,305.0,570.0,790.0,808.0,4,820.0
2.0,1.0,356.0,570.0,790.0,808.0,4,820.0
2.0,1.0,356.0,570.0,790.0,808.0,4,820.0
2.0,1.0,305.0,570.0,725.0,790.0,4,921.0
2.0,1.0,305.0,570.0,725.0,820.0,4,921.0
2.0,1.0,305.0,356.0,725.0,820.0,4,921.0
2.0,1.0,356.0,725.0,790.0,808.0,4,820.0
2.0,1.0,356.0,570.0,790.0,808.0,4,820.0
2.0,1.0,356.0,570.0,790.0,808.0,4,820.0
2.0,1.0,570.0,725.0,790.0,808.0,4,820.0
2.0,1.0,305.0,570.0,725.0,820.0,4,921.0
2.0,1.0,305.0,570.0,725.0,820.0,4,921.0
2.0,1.0,356.0,570.0,790.0,808.0,4,820.0
2.0,1.0,570.0,725.0,790.0,808.0,4,820.0
2.0,1.0,570.0,725.0,790.0,808.0,4,960.0
2.0,1.0,305.0,356.0,725.0,921.0,4,960.0
2.0,1.0,305.0,356.0,725.0,921.0,4,960.0
2.0,1.0,305.0,356.0,570.0,820.0,4,921.0
2.0,1.0,305.0,356.0,570.0,820.0,4,921.0
2.0,1.0,356.0,570.0,808.0,820.0,4,960.0
2.0,1.0,305.0,570.0,725.0,921.0,4,960.0
2.0,1.0,356.0,570.0,790.0,808.0,4,820.0
2.0,1.0,356.0,725.0,790.0,808.0,4,820.0
2.0,1.0,305.0,356.0,725.0,921.0,4,960.0
2.0,1.0,305.0,356.0,570.0,921.0,4,960.0
2.0,1.0,305.0,356.0,570.0,921.0,4,960.0
2.0,1.0,356.0,570.0,820.0,921.0,4,960.0
2.0,1.0,356.0,570.0,790.0,820.0,4,921.0
2.0,1.0,356.0,570.0,790.0,808.0,4,820.0
2.0,1.0,356.0,570.0,790.0,808.0,4,820.0
2.0,1.0,570.0,725.0,790.0,808.0,4,820.0
2.0,1.0,305.0,356.0,725.0,921.0,4,960.0
2.0,1.0,356.0,570.0,790.0,808.0,4,820.0
2.0,6.0,35.0,250.0,623.0,730.0,4,1039.0
2.0,6.0,35.0,213.0,494.0,623.0,4,730.0
2.0,6.0,85.0,213.0,250.0,494.0,4,623.0
2.0,6.0,85.0,213.0,250.0,494.0,4,730.0
2.0,6.0,35.0,213.0,250.0,494.0,4,730.0
2.0,6.0,35.0,250.0,623.0,730.0,4,1039.0
2.0,6.0,213.0,494.0,623.0,730.0,4,1039.0
2.0,6.0,213.0,227.0,250.0,494.0,4,730.0
2.0,26.0,40.0,41.0,824.0,874.0,4,1024.0
2.0,26.0,634.0,684.0,857.0,948.0,4,949.0
2.0,26.0,634.0,684.0,857.0,874.0,4,948.0
2.0,26.0,634.0,684.0,857.0,874.0,4,948.0
2.0,26.0,40.0,41.0,874.0,948.0,4,1024.0
2.0,26.0,40.0,41.0,634.0,824.0,4,874.0
2.0,26.0,40.0,41.0,634.0,684.0,4,824.0
2.0,1.0,570.0,625.0,808.0,921.0,4,960.0
2.0,1.0,342.0,356.0,625.0,921.0,4,960.0
2.0,1.0,305.0,342.0,356.0,725.0,4,921.0
2.0,1.0,305.0,342.0,356.0,382.0,4,725.0
2.0,1.0,305.0,625.0,725.0,921.0,4,960.0
2.0,1.0,305.0,625.0,725.0,921.0,4,960.0
2.0,1.0,570.0,625.0,808.0,921.0,4,960.0
2.0,1.0,305.0,356.0,382.0,725.0,4,921.0
2.0,1.0,305.0,356.0,382.0,725.0,4,921.0
2.0,1.0,305.0,342.0,356.0,725.0,4,960.0
2.0,1.0,305.0,342.0,356.0,625.0,4,960.0
2.0,1.0,342.0,356.0,382.0,725.0,4,960.0
2.0,18.0,14.0,181.0,719.0,811.0,4,866.0
2.0,18.0,191.0,719.0,811.0,812.0,4,866.0
2.0,18.0,191.0,579.0,582.0,812.0,4,843.0
2.0,18.0,14.0,579.0,582.0,812.0,4,843.0
2.0,18.0,14.0,181.0,579.0,582.0,4,719.0
2.0,18.0,14.0,181.0,811.0,812.0,4,866.0
2.0,18.0,191.0,579.0,582.0,812.0,4,843.0
2.0,18.0,14.0,579.0,582.0,719.0,4,812.0
2.0,16.0,296.0,674.0,702.0,902.0,4,996.0
2.0,16.0,200.0,296.0,674.0,902.0,4,996.0
2.0,16.0,200.0,664.0,677.0,702.0,4,900.0
2.0,16.0,200.0,664.0,677.0,702.0,4,900.0
2.0,16.0,200.0,296.0,674.0,702.0,4,996.0
2.0,16.0,200.0,296.0,674.0,902.0,4,996.0
2.0,16.0,200.0,296.0,674.0,902.0,4,996.0
2.0,16.0,296.0,674.0,702.0,902.0,4,996.0
2.0,16.0,296.0,674.0,702.0,902.0,4,996.0
2.0,16.0,200.0,296.0,674.0,902.0,4,996.0
2.0,16.0,200.0,664.0,674.0,677.0,4,902.0
2.0,16.0,200.0,664.0,677.0,702.0,4,900.0
2.0,16.0,200.0,285.0,495.0,664.0,4,900.0
2.0,26.0,40.0,41.0,315.0,874.0,4,948.0
2.0,26.0,40.0,41.0,315.0,874.0,4,1024.0
2.0,26.0,634.0,684.0,824.0,948.0,4,1024.0
2.0,26.0,634.0,684.0,824.0,948.0,4,1024.0
2.0,26.0,40.0,41.0,315.0,874.0,4,948.0
2.0,26.0,41.0,315.0,634.0,684.0,4,948.0
2.0,26.0,40.0,41.0,315.0,874.0,4,948.0
2.0,26.0,315.0,634.0,824.0,948.0,4,1024.0
2.0,26.0,556.0,634.0,684.0,824.0,4,1024.0
2.0,26.0,556.0,634.0,684.0,824.0,4,1024.0
2.0,26.0,284.0,556.0,634.0,684.0,4,857.0
2.0,29.0,86.0,505.0,580.0,725.0,4,914.0
2.0,29.0,93.0,456.0,505.0,580.0,4,914.0
2.0,29.0,93.0,456.0,505.0,800.0,4,914.0
2.0,29.0,93.0,456.0,505.0,800.0,4,914.0
2.0,29.0,86.0,505.0,580.0,725.0,4,914.0
2.0,29.0,86.0,505.0,580.0,725.0,4,914.0
2.0,29.0,93.0,94.0,505.0,725.0,4,914.0
2.0,29.0,93.0,94.0,456.0,505.0,4,725.0
2.0,29.0,93.0,456.0,505.0,580.0,4,914.0
2.0,29.0,86.0,103.0,505.0,580.0,4,725.0
2.0,29.0,86.0,505.0,580.0,725.0,4,914.0
2.0,29.0,93.0,505.0,580.0,725.0,4,914.0
2.0,29.0,93.0,94.0,456.0,580.0,4,914.0
2.0,29.0,86.0,103.0,505.0,580.0,4,725.0
2.0,29.0,86.0,103.0,505.0,580.0,4,725.0
2.0,29.0,86.0,103.0,505.0,580.0,4,725.0
2.0,29.0,86.0,103.0,505.0,580.0,4,914.0
2.0,29.0,86.0,505.0,580.0,905.0,4,914.0
2.0,29.0,86.0,505.0,580.0,905.0,4,914.0
2.0,29.0,93.0,94.0,505.0,905.0,4,914.0
2.0,29.0,86.0,103.0,456.0,505.0,4,725.0
2.0,29.0,86.0,103.0,456.0,505.0,4,725.0
2.0,29.0,86.0,456.0,505.0,725.0,4,914.0
2.0,29.0,86.0,94.0,103.0,505.0,4,914.0
2.0,29.0,86.0,103.0,456.0,505.0,4,725.0
2.0,29.0,86.0,103.0,456.0,505.0,4,914.0
2.0,29.0,86.0,103.0,456.0,505.0,4,914.0
2.0,13.0,15.0,320.0,723.0,787.0,4,956.0
2.0,13.0,80.0,192.0,665.0,832.0,4,956.0
2.0,13.0,15.0,80.0,161.0,192.0,4,665.0
2.0,13.0,161.0,192.0,723.0,832.0,4,956.0
2.0,13.0,161.0,320.0,723.0,832.0,4,956.0
2.0,13.0,15.0,80.0,665.0,832.0,4,956.0
2.0,13.0,15.0,80.0,192.0,665.0,4,832.0
2.0,29.0,86.0,103.0,456.0,505.0,4,725.0
2.0,29.0,86.0,103.0,456.0,505.0,4,914.0
2.0,29.0,93.0,94.0,456.0,505.0,4,914.0
2.0,29.0,86.0,103.0,456.0,505.0,4,725.0
2.0,29.0,86.0,103.0,456.0,505.0,4,725.0
2.0,29.0,86.0,103.0,456.0,505.0,4,800.0
2.0,29.0,86.0,103.0,456.0,505.0,4,800.0
2.0,29.0,86.0,103.0,456.0,725.0,4,800.0
2.0,15.0,229.0,659.0,714.0,764.0,4,860.0
2.0,15.0,373.0,602.0,659.0,764.0,4,860.0
2.0,15.0,226.0,373.0,602.0,764.0,4,860.0
2.0,15.0,226.0,373.0,602.0,764.0,4,860.0
2.0,15.0,226.0,373.0,602.0,764.0,4,803.0
2.0,15.0,226.0,373.0,602.0,764.0,4,803.0
2.0,15.0,226.0,373.0,602.0,803.0,4,860.0
2.0,15.0,226.0,373.0,714.0,803.0,4,860.0
2.0,15.0,373.0,659.0,714.0,803.0,4,860.0
2.0,15.0,229.0,659.0,714.0,764.0,4,860.0
2.0,29.0,86.0,103.0,283.0,456.0,4,505.0
2.0,29.0,93.0,94.0,456.0,505.0,4,914.0
2.0,29.0,93.0,94.0,103.0,505.0,4,914.0
2.0,29.0,86.0,103.0,456.0,505.0,4,914.0
2.0,29.0,93.0,283.0,456.0,800.0,4,914.0
2.0,29.0,93.0,283.0,456.0,800.0,4,914.0
2.0,29.0,93.0,283.0,800.0,905.0,4,914.0
2.0,28.0,146.0,497.0,859.0,890.0,4,971.0
2.0,28.0,146.0,497.0,859.0,890.0,4,971.0
2.0,28.0,146.0,497.0,859.0,890.0,4,971.0
2.0,28.0,110.0,367.0,608.0,859.0,4,922.0
2.0,28.0,110.0,497.0,608.0,922.0,4,971.0
2.0,28.0,110.0,146.0,497.0,922.0,4,971.0
2.0,28.0,110.0,497.0,608.0,922.0,4,971.0
2.0,29.0,86.0,103.0,456.0,505.0,4,725.0
2.0,29.0,86.0,283.0,505.0,725.0,4,914.0
2.0,29.0,94.0,103.0,283.0,505.0,4,914.0
2.0,29.0,86.0,103.0,283.0,505.0,4,914.0
2.0,29.0,86.0,103.0,456.0,505.0,4,725.0
2.0,29.0,86.0,94.0,103.0,505.0,4,725.0
2.0,29.0,86.0,94.0,103.0,505.0,4,725.0
2.0,29.0,93.0,94.0,283.0,456.0,4,914.0
2.0,29.0,93.0,94.0,283.0,456.0,4,914.0
2.0,29.0,86.0,94.0,456.0,505.0,4,914.0
2.0,29.0,86.0,94.0,505.0,725.0,4,914.0
2.0,29.0,86.0,94.0,103.0,505.0,4,914.0
2.0,29.0,86.0,103.0,338.0,456.0,4,505.0
2.0,29.0,93.0,94.0,338.0,456.0,4,725.0
2.0,29.0,93.0,94.0,456.0,505.0,4,725.0
2.0,29.0,86.0,103.0,338.0,456.0,4,505.0
2.0,29.0,86.0,103.0,338.0,505.0,4,914.0
2.0,29.0,86.0,103.0,283.0,505.0,4,914.0
2.0,29.0,86.0,103.0,338.0,505.0,4,914.0
2.0,29.0,93.0,94.0,283.0,456.0,4,725.0
2.0,29.0,93.0,94.0,283.0,456.0,4,914.0
2.0,28.0,110.0,497.0,608.0,754.0,4,922.0
2.0,28.0,146.0,497.0,859.0,890.0,4,971.0
2.0,28.0,110.0,497.0,608.0,859.0,4,890.0
2.0,28.0,110.0,497.0,608.0,859.0,4,890.0
2.0,28.0,110.0,367.0,608.0,754.0,4,922.0
2.0,28.0,110.0,367.0,608.0,754.0,4,922.0
2.0,28.0,110.0,367.0,608.0,754.0,4,922.0
2.0,28.0,110.0,367.0,608.0,754.0,4,922.0
2.0,28.0,110.0,497.0,608.0,922.0,4,971.0
2.0,28.0,110.0,497.0,608.0,890.0,4,971.0
2.0,28.0,497.0,608.0,859.0,890.0,4,971.0
2.0,28.0,484.0,497.0,608.0,859.0,4,971.0
2.0,11.0,1.0,638.0,895.0,968.0,4,1031.0
2.0,11.0,1.0,638.0,895.0,968.0,4,1031.0
2.0,11.0,1.0,638.0,895.0,968.0,4,1031.0
2.0,11.0,1.0,132.0,638.0,700.0,4,968.0
2.0,11.0,1.0,132.0,638.0,700.0,4,895.0
2.0,11.0,1.0,700.0,895.0,968.0,4,1031.0
2.0,30.0,689.0,705.0,847.0,953.0,4,963.0
2.0,30.0,64.0,121.0,598.0,657.0,4,963.0
2.0,30.0,64.0,121.0,350.0,705.0,4,953.0
2.0,30.0,121.0,689.0,705.0,953.0,4,963.0
2.0,30.0,657.0,689.0,705.0,953.0,4,963.0
2.0,30.0,64.0,350.0,389.0,409.0,4,598.0
2.0,29.0,86.0,103.0,338.0,505.0,4,914.0
2.0,29.0,86.0,103.0,338.0,505.0,4,725.0
2.0,29.0,93.0,94.0,338.0,456.0,4,725.0
2.0,29.0,93.0,94.0,103.0,338.0,4,456.0
2.0,29.0,86.0,94.0,103.0,338.0,4,914.0
2.0,29.0,86.0,103.0,338.0,505.0,4,914.0
2.0,29.0,86.0,94.0,103.0,505.0,4,725.0
2.0,29.0,93.0,94.0,338.0,456.0,4,725.0
2.0,29.0,93.0,94.0,456.0,505.0,4,725.0
2.0,29.0,86.0,94.0,103.0,505.0,4,914.0
2.0,29.0,86.0,94.0,103.0,505.0,4,914.0
2.0,29.0,86.0,94.0,103.0,505.0,4,914.0
2.0,29.0,86.0,103.0,338.0,505.0,4,725.0
2.0,29.0,94.0,338.0,456.0,580.0,4,725.0
2.0,29.0,94.0,338.0,456.0,505.0,4,725.0
2.0,29.0,94.0,103.0,338.0,505.0,4,725.0
2.0,29.0,86.0,94.0,103.0,505.0,4,725.0
2.0,29.0,94.0,456.0,505.0,580.0,4,725.0
2.0,29.0,93.0,456.0,505.0,580.0,4,725.0
2.0,29.0,93.0,456.0,505.0,580.0,4,725.0
2.0,29.0,93.0,103.0,338.0,456.0,4,580.0
2.0,29.0,86.0,103.0,456.0,505.0,4,580.0
2.0,9.0,29.0,34.0,599.0,845.0,4,941.0
2.0,9.0,29.0,34.0,599.0,845.0,4,941.0
2.0,9.0,29.0,34.0,74.0,452.0,4,845.0
2.0,9.0,29.0,74.0,452.0,941.0,4,1011.0
2.0,9.0,29.0,34.0,599.0,845.0,4,941.0
2.0,9.0,29.0,34.0,599.0,845.0,4,941.0
2.0,9.0,29.0,34.0,452.0,845.0,4,941.0
2.0,9.0,29.0,34.0,452.0,845.0,4,941.0
2.0,9.0,29.0,34.0,74.0,452.0,4,941.0
2.0,9.0,29.0,34.0,74.0,845.0,4,941.0
2.0,9.0,29.0,74.0,452.0,845.0,4,941.0
2.0,9.0,29.0,34.0,74.0,845.0,4,941.0
2.0,9.0,29.0,34.0,74.0,845.0,4,941.0
2.0,29.0,86.0,103.0,456.0,505.0,4,580.0
2.0,29.0,93.0,103.0,456.0,505.0,4,580.0
2.0,29.0,93.0,94.0,338.0,572.0,4,914.0
2.0,29.0,94.0,505.0,572.0,580.0,4,914.0
2.0,29.0,86.0,103.0,456.0,505.0,4,580.0
2.0,29.0,103.0,338.0,456.0,505.0,4,580.0
2.0,29.0,94.0,103.0,505.0,580.0,4,914.0
2.0,29.0,94.0,103.0,505.0,580.0,4,914.0
2.0,29.0,94.0,338.0,580.0,725.0,4,914.0
2.0,29.0,86.0,338.0,580.0,725.0,4,914.0
2.0,29.0,86.0,94.0,103.0,338.0,4,580.0
2.0,29.0,86.0,94.0,103.0,338.0,4,456.0
2.0,29.0,93.0,94.0,338.0,456.0,4,914.0
2.0,29.0,86.0,338.0,456.0,505.0,4,580.0
2.0,29.0,86.0,338.0,456.0,505.0,4,580.0
2.0,29.0,86.0,338.0,456.0,505.0,4,580.0
2.0,29.0,86.0,103.0,456.0,505.0,4,580.0
2.0,29.0,93.0,94.0,338.0,905.0,4,914.0
2.0,29.0,86.0,338.0,505.0,580.0,4,914.0
2.0,29.0,86.0,103.0,456.0,505.0,4,580.0
2.0,29.0,86.0,103.0,456.0,505.0,4,580.0
2.0,29.0,86.0,338.0,505.0,580.0,4,905.0
2.0,17.0,337.0,635.0,642.0,708.0,4,829.0
2.0,17.0,337.0,635.0,809.0,829.0,4,991.0
2.0,17.0,149.0,642.0,653.0,708.0,4,829.0
2.0,17.0,211.0,635.0,642.0,708.0,4,829.0
2.0,17.0,337.0,635.0,642.0,809.0,4,829.0
2.0,17.0,337.0,642.0,653.0,809.0,4,829.0
2.0,17.0,149.0,337.0,809.0,829.0,4,991.0
2.0,17.0,149.0,337.0,809.0,829.0,4,991.0
2.0,17.0,149.0,337.0,809.0,829.0,4,991.0
2.0,32.0,61.0,155.0,420.0,450.0,4,477.0
2.0,32.0,61.0,155.0,450.0,477.0,4,499.0
2.0,32.0,61.0,155.0,477.0,499.0,4,524.0
2.0,32.0,44.0,61.0,155.0,499.0,4,524.0
2.0,32.0,44.0,450.0,477.0,499.0,4,524.0
2.0,32.0,61.0,155.0,450.0,477.0,4,499.0
2.0,32.0,44.0,61.0,155.0,499.0,4,524.0
2.0,32.0,44.0,61.0,155.0,499.0,4,524.0
2.0,32.0,44.0,61.0,155.0,499.0,4,524.0
2.0,6.0,35.0,85.0,213.0,623.0,4,730.0
2.0,6.0,35.0,85.0,623.0,730.0,4,876.0
2.0,6.0,85.0,623.0,730.0,876.0,4,937.0
2.0,6.0,85.0,623.0,730.0,876.0,4,937.0
2.0,6.0,35.0,85.0,623.0,730.0,4,876.0
2.0,6.0,213.0,397.0,623.0,937.0,4,1010.0
2.0,6.0,35.0,213.0,397.0,730.0,4,937.0
2.0,6.0,35.0,213.0,397.0,730.0,4,937.0
2.0,6.0,35.0,213.0,397.0,623.0,4,730.0
2.0,29.0,93.0,456.0,505.0,580.0,4,914.0
2.0,29.0,94.0,338.0,580.0,725.0,4,914.0
2.0,29.0,94.0,338.0,505.0,725.0,4,905.0
2.0,29.0,338.0,456.0,505.0,580.0,4,905.0
2.0,29.0,338.0,456.0,505.0,580.0,4,914.0
2.0,29.0,93.0,456.0,505.0,580.0,4,914.0
2.0,29.0,93.0,338.0,505.0,580.0,4,905.0
2.0,29.0,94.0,338.0,505.0,580.0,4,905.0
2.0,29.0,94.0,338.0,505.0,580.0,4,905.0
2.0,29.0,94.0,456.0,505.0,580.0,4,914.0
2.0,24.0,463.0,576.0,605.0,750.0,4,863.0
2.0,24.0,301.0,463.0,576.0,750.0,4,863.0
2.0,24.0,301.0,463.0,576.0,746.0,4,863.0
2.0,24.0,301.0,494.0,576.0,746.0,4,863.0
2.0,24.0,301.0,463.0,494.0,605.0,4,746.0
2.0,24.0,301.0,494.0,576.0,605.0,4,746.0
2.0,24.0,463.0,576.0,605.0,750.0,4,863.0
2.0,24.0,301.0,463.0,576.0,750.0,4,863.0
2.0,11.0,1.0,132.0,638.0,700.0,4,1008.0
2.0,11.0,1.0,113.0,132.0,638.0,4,1008.0
2.0,11.0,638.0,700.0,806.0,895.0,4,1031.0
2.0,11.0,113.0,700.0,806.0,895.0,4,1031.0
2.0,29.0,86.0,338.0,456.0,580.0,4,914.0
2.0,29.0,86.0,338.0,456.0,580.0,4,914.0
2.0,29.0,86.0,283.0,338.0,725.0,4,914.0
2.0,29.0,86.0,338.0,580.0,905.0,4,914.0
2.0,29.0,86.0,94.0,580.0,905.0,4,914.0
2.0,29.0,86.0,338.0,580.0,905.0,4,914.0
2.0,29.0,86.0,94.0,456.0,580.0,4,914.0
2.0,29.0,86.0,94.0,338.0,456.0,4,914.0
2.0,15.0,373.0,659.0,714.0,764.0,4,860.0
2.0,15.0,226.0,229.0,714.0,764.0,4,860.0
2.0,15.0,229.0,365.0,659.0,681.0,4,764.0
2.0,15.0,229.0,365.0,714.0,764.0,4,860.0
2.0,15.0,229.0,365.0,714.0,764.0,4,860.0
2.0,15.0,229.0,365.0,714.0,764.0,4,803.0
2.0,15.0,226.0,373.0,714.0,764.0,4,860.0
2.0,15.0,226.0,229.0,365.0,714.0,4,764.0
2.0,15.0,226.0,365.0,681.0,764.0,4,803.0
2.0,15.0,226.0,365.0,681.0,764.0,4,803.0
2.0,15.0,365.0,659.0,714.0,764.0,4,860.0
2.0,15.0,226.0,714.0,764.0,803.0,4,860.0
2.0,29.0,46.0,86.0,338.0,580.0,4,914.0
2.0,29.0,46.0,86.0,338.0,580.0,4,914.0
2.0,29.0,46.0,94.0,338.0,812.0,4,914.0
2.0,29.0,46.0,86.0,144.0,580.0,4,812.0
2.0,29.0,86.0,338.0,456.0,580.0,4,914.0
2.0,29.0,46.0,86.0,338.0,580.0,4,914.0
2.0,29.0,46.0,94.0,338.0,580.0,4,914.0
2.0,29.0,46.0,94.0,290.0,580.0,4,914.0
2.0,29.0,46.0,94.0,290.0,338.0,4,914.0
2.0,29.0,290.0,338.0,456.0,580.0,4,1022.0
2.0,29.0,94.0,290.0,338.0,456.0,4,580.0
2.0,29.0,94.0,290.0,456.0,580.0,4,812.0
2.0,29.0,46.0,94.0,290.0,580.0,4,914.0
2.0,29.0,46.0,94.0,290.0,338.0,4,812.0
2.0,29.0,46.0,94.0,338.0,456.0,4,580.0
2.0,29.0,46.0,94.0,338.0,580.0,4,914.0
2.0,29.0,94.0,338.0,456.0,580.0,4,914.0
2.0,29.0,46.0,94.0,338.0,812.0,4,914.0
2.0,29.0,46.0,456.0,580.0,812.0,4,1022.0
2.0,29.0,46.0,94.0,456.0,580.0,4,812.0
2.0,29.0,94.0,338.0,387.0,580.0,4,914.0
2.0,29.0,94.0,338.0,456.0,580.0,4,914.0
2.0,29.0,46.0,94.0,338.0,456.0,4,580.0
2.0,29.0,46.0,94.0,456.0,580.0,4,812.0
2.0,29.0,46.0,94.0,580.0,812.0,4,914.0
2.0,29.0,46.0,94.0,338.0,580.0,4,914.0
2.0,29.0,46.0,338.0,580.0,914.0,4,1022.0
2.0,29.0,46.0,94.0,456.0,580.0,4,914.0
2.0,29.0,94.0,338.0,456.0,580.0,4,914.0
2.0,29.0,46.0,94.0,456.0,580.0,4,914.0
2.0,29.0,46.0,338.0,456.0,580.0,4,1022.0
2.0,29.0,46.0,338.0,812.0,914.0,4,1022.0
2.0,29.0,46.0,338.0,812.0,914.0,4,1022.0
2.0,29.0,46.0,94.0,338.0,812.0,4,914.0
2.0,29.0,46.0,94.0,456.0,580.0,4,914.0
2.0,29.0,283.0,338.0,580.0,914.0,4,1022.0
2.0,29.0,46.0,94.0,580.0,812.0,4,914.0
2.0,29.0,46.0,94.0,283.0,580.0,4,812.0
2.0,29.0,46.0,94.0,456.0,580.0,4,914.0
2.0,29.0,46.0,338.0,456.0,580.0,4,1022.0
2.0,29.0,46.0,338.0,456.0,580.0,4,1022.0
2.0,29.0,46.0,94.0,338.0,580.0,4,914.0
2.0,29.0,46.0,94.0,283.0,580.0,4,914.0
2.0,34.0,36.0,55.0,224.0,278.0,4,718.0
2.0,34.0,36.0,55.0,224.0,278.0,4,718.0
2.0,34.0,36.0,404.0,458.0,538.0,4,753.0
2.0,34.0,55.0,404.0,458.0,538.0,4,753.0
2.0,34.0,55.0,224.0,404.0,538.0,4,753.0
2.0,34.0,36.0,55.0,224.0,538.0,4,753.0
2.0,34.0,36.0,55.0,278.0,458.0,4,753.0
2.0,0.0,13.0,493.0,535.0,713.0,4,851.0
2.0,0.0,6.0,493.0,535.0,851.0,4,1037.0
2.0,0.0,6.0,13.0,713.0,851.0,4,1037.0
2.0,0.0,13.0,493.0,713.0,851.0,4,1037.0
2.0,0.0,13.0,493.0,535.0,695.0,4,713.0
2.0,0.0,493.0,535.0,695.0,713.0,4,910.0
2.0,0.0,493.0,535.0,695.0,713.0,4,910.0
2.0,0.0,13.0,493.0,535.0,695.0,4,713.0
2.0,0.0,13.0,493.0,535.0,713.0,4,851.0
2.0,0.0,493.0,535.0,713.0,851.0,4,1037.0
2.0,0.0,6.0,13.0,493.0,851.0,4,1037.0
2.0,0.0,6.0,13.0,493.0,535.0,4,851.0
2.0,0.0,6.0,13.0,535.0,713.0,4,851.0
2.0,0.0,6.0,676.0,695.0,851.0,4,1037.0
2.0,29.0,86.0,283.0,338.0,580.0,4,914.0
2.0,29.0,86.0,338.0,456.0,580.0,4,914.0
2.0,29.0,86.0,283.0,580.0,812.0,4,914.0
2.0,29.0,86.0,283.0,338.0,812.0,4,914.0
2.0,29.0,338.0,456.0,580.0,812.0,4,914.0
2.0,29.0,46.0,86.0,456.0,580.0,4,914.0
2.0,29.0,46.0,94.0,129.0,456.0,4,580.0
2.0,29.0,46.0,94.0,283.0,812.0,4,914.0
2.0,29.0,46.0,86.0,129.0,338.0,4,580.0
2.0,29.0,86.0,338.0,456.0,580.0,4,914.0
2.0,29.0,86.0,338.0,456.0,580.0,4,914.0
2.0,29.0,46.0,94.0,338.0,456.0,4,580.0
2.0,29.0,46.0,86.0,338.0,456.0,4,580.0
2.0,29.0,46.0,86.0,338.0,580.0,4,914.0
2.0,29.0,46.0,338.0,580.0,812.0,4,914.0
2.0,29.0,283.0,338.0,580.0,812.0,4,914.0
2.0,29.0,46.0,86.0,283.0,580.0,4,812.0
2.0,29.0,46.0,283.0,338.0,580.0,4,812.0
2.0,29.0,86.0,338.0,456.0,580.0,4,914.0
2.0,29.0,46.0,283.0,338.0,580.0,4,812.0
2.0,29.0,46.0,86.0,338.0,580.0,4,812.0
2.0,29.0,46.0,86.0,338.0,456.0,4,914.0
2.0,29.0,94.0,283.0,338.0,812.0,4,914.0
2.0,29.0,86.0,283.0,338.0,812.0,4,914.0
2.0,29.0,46.0,94.0,283.0,338.0,4,456.0
2.0,29.0,46.0,94.0,283.0,338.0,4,914.0
2.0,13.0,80.0,119.0,320.0,340.0,4,665.0
2.0,13.0,80.0,119.0,320.0,340.0,4,665.0
2.0,13.0,80.0,119.0,161.0,320.0,4,340.0
2.0,13.0,80.0,119.0,161.0,320.0,4,723.0
2.0,13.0,22.0,161.0,320.0,723.0,4,925.0
2.0,13.0,22.0,161.0,320.0,723.0,4,925.0
2.0,13.0,22.0,161.0,665.0,723.0,4,925.0
2.0,13.0,22.0,119.0,340.0,665.0,4,723.0
2.0,13.0,80.0,119.0,320.0,340.0,4,665.0
2.0,13.0,80.0,119.0,320.0,340.0,4,665.0
2.0,13.0,80.0,119.0,161.0,320.0,4,340.0
2.0,13.0,22.0,161.0,238.0,320.0,4,723.0
2.0,13.0,22.0,161.0,238.0,320.0,4,723.0
2.0,13.0,22.0,161.0,238.0,723.0,4,925.0
2.0,29.0,46.0,86.0,338.0,456.0,4,914.0
2.0,29.0,46.0,86.0,338.0,456.0,4,914.0
2.0,29.0,94.0,283.0,387.0,812.0,4,914.0
2.0,29.0,94.0,283.0,387.0,812.0,4,914.0
2.0,29.0,46.0,94.0,283.0,387.0,4,812.0
2.0,29.0,94.0,283.0,387.0,456.0,4,812.0
2.0,29.0,94.0,283.0,387.0,456.0,4,812.0
2.0,29.0,94.0,338.0,456.0,812.0,4,914.0
2.0,29.0,86.0,338.0,456.0,812.0,4,914.0
2.0,29.0,46.0,86.0,338.0,456.0,4,914.0
2.0,18.0,191.0,579.0,843.0,866.0,4,886.0
2.0,18.0,191.0,843.0,866.0,886.0,4,905.0
2.0,18.0,448.0,719.0,843.0,866.0,4,886.0
2.0,18.0,115.0,579.0,719.0,843.0,4,886.0
2.0,18.0,93.0,115.0,579.0,843.0,4,866.0
2.0,18.0,678.0,719.0,843.0,866.0,4,886.0
2.0,6.0,85.0,250.0,623.0,730.0,4,1039.0
2.0,6.0,213.0,250.0,623.0,1010.0,4,1039.0
2.0,6.0,35.0,213.0,250.0,623.0,4,1010.0
2.0,6.0,35.0,213.0,397.0,730.0,4,876.0
2.0,6.0,35.0,85.0,213.0,730.0,4,876.0
2.0,6.0,85.0,213.0,250.0,623.0,4,1039.0
2.0,6.0,85.0,213.0,250.0,623.0,4,1039.0
2.0,6.0,85.0,213.0,250.0,623.0,4,1039.0
2.0,6.0,35.0,213.0,730.0,876.0,4,1039.0
2.0,6.0,35.0,213.0,730.0,876.0,4,1039.0
2.0,6.0,85.0,213.0,623.0,730.0,4,1039.0
2.0,6.0,85.0,213.0,397.0,623.0,4,730.0
2.0,6.0,85.0,250.0,623.0,730.0,4,1039.0
2.0,6.0,213.0,250.0,623.0,1010.0,4,1039.0
2.0,6.0,35.0,213.0,397.0,730.0,4,1010.0
2.0,6.0,85.0,250.0,623.0,730.0,4,1039.0
2.0,6.0,35.0,213.0,250.0,623.0,4,1010.0
2.0,6.0,35.0,213.0,250.0,623.0,4,1010.0
2.0,6.0,35.0,250.0,623.0,730.0,4,1010.0
2.0,9.0,29.0,599.0,815.0,828.0,4,941.0
2.0,9.0,29.0,599.0,815.0,828.0,4,941.0
2.0,9.0,29.0,452.0,815.0,845.0,4,941.0
2.0,9.0,34.0,599.0,828.0,845.0,4,1019.0
2.0,9.0,29.0,34.0,815.0,828.0,4,941.0
2.0,9.0,29.0,599.0,815.0,828.0,4,941.0
2.0,9.0,29.0,599.0,815.0,828.0,4,941.0
2.0,9.0,29.0,74.0,452.0,828.0,4,941.0
2.0,9.0,29.0,74.0,452.0,828.0,4,941.0
2.0,9.0,29.0,74.0,452.0,815.0,4,845.0
2.0,9.0,29.0,74.0,452.0,815.0,4,845.0
2.0,9.0,29.0,74.0,452.0,815.0,4,845.0
2.0,6.0,85.0,250.0,623.0,730.0,4,1039.0
2.0,6.0,85.0,250.0,623.0,730.0,4,1039.0
2.0,6.0,35.0,213.0,250.0,623.0,4,1010.0
2.0,6.0,35.0,213.0,397.0,730.0,4,1010.0
2.0,6.0,35.0,213.0,397.0,730.0,4,1010.0
2.0,6.0,85.0,623.0,730.0,876.0,4,1039.0
2.0,6.0,85.0,250.0,623.0,730.0,4,1039.0
2.0,6.0,85.0,250.0,623.0,730.0,4,1039.0
2.0,6.0,85.0,250.0,623.0,730.0,4,1039.0
2.0,6.0,85.0,250.0,623.0,730.0,4,1039.0
2.0,6.0,35.0,213.0,250.0,623.0,4,1010.0
2.0,6.0,35.0,213.0,250.0,623.0,4,1010.0
2.0,6.0,35.0,213.0,397.0,730.0,4,1010.0
2.0,6.0,35.0,213.0,397.0,730.0,4,1010.0
2.0,6.0,227.0,250.0,397.0,876.0,4,1010.0
2.0,6.0,213.0,227.0,397.0,876.0,4,937.0
2.0,6.0,85.0,250.0,623.0,730.0,4,1039.0
2.0,6.0,85.0,250.0,623.0,730.0,4,1039.0
2.0,6.0,213.0,227.0,397.0,876.0,4,937.0
2.0,6.0,213.0,227.0,397.0,876.0,4,937.0
2.0,17.0,635.0,653.0,708.0,809.0,4,829.0
2.0,17.0,635.0,653.0,708.0,809.0,4,829.0
2.0,17.0,211.0,642.0,653.0,809.0,4,829.0
2.0,6.0,85.0,250.0,623.0,730.0,4,1039.0
2.0,6.0,35.0,213.0,250.0,623.0,4,1010.0
2.0,6.0,35.0,213.0,227.0,730.0,4,1010.0
2.0,6.0,35.0,227.0,730.0,876.0,4,1010.0
2.0,6.0,85.0,250.0,623.0,730.0,4,1039.0
2.0,6.0,85.0,250.0,623.0,730.0,4,1039.0
2.0,6.0,35.0,250.0,623.0,876.0,4,1010.0
2.0,6.0,35.0,730.0,876.0,1010.0,4,1039.0
2.0,6.0,35.0,227.0,250.0,876.0,4,1010.0
2.0,6.0,227.0,397.0,876.0,937.0,4,1010.0
2.0,26.0,40.0,41.0,315.0,874.0,4,1024.0
2.0,26.0,40.0,41.0,315.0,874.0,4,1024.0
2.0,26.0,40.0,41.0,315.0,824.0,4,1024.0
2.0,26.0,40.0,41.0,315.0,634.0,4,948.0
2.0,26.0,40.0,634.0,684.0,857.0,4,948.0
2.0,26.0,41.0,284.0,634.0,684.0,4,948.0
2.0,26.0,40.0,41.0,634.0,684.0,4,948.0
2.0,6.0,85.0,227.0,730.0,876.0,4,1010.0
2.0,6.0,35.0,85.0,250.0,623.0,4,1010.0
2.0,6.0,35.0,85.0,250.0,623.0,4,730.0
2.0,6.0,35.0,227.0,250.0,623.0,4,1010.0
2.0,6.0,35.0,227.0,250.0,730.0,4,876.0
2.0,6.0,35.0,227.0,250.0,730.0,4,876.0
2.0,6.0,35.0,85.0,250.0,623.0,4,730.0
2.0,6.0,35.0,227.0,250.0,623.0,4,876.0
2.0,0.0,13.0,493.0,535.0,686.0,4,713.0
2.0,0.0,493.0,535.0,686.0,713.0,4,1037.0
2.0,0.0,493.0,535.0,686.0,713.0,4,1037.0
2.0,0.0,13.0,686.0,713.0,851.0,4,1037.0
2.0,0.0,13.0,493.0,686.0,713.0,4,1037.0
2.0,0.0,13.0,493.0,535.0,686.0,4,713.0
2.0,0.0,493.0,535.0,713.0,851.0,4,1037.0
2.0,0.0,13.0,493.0,535.0,713.0,4,851.0
2.0,0.0,493.0,535.0,686.0,713.0,4,1037.0
2.0,18.0,14.0,191.0,719.0,811.0,4,866.0
2.0,18.0,14.0,191.0,719.0,811.0,4,866.0
2.0,18.0,14.0,191.0,719.0,811.0,4,866.0
2.0,18.0,14.0,191.0,719.0,811.0,4,866.0
2.0,24.0,169.0,204.0,301.0,494.0,4,863.0
2.0,24.0,169.0,463.0,494.0,576.0,4,863.0
2.0,24.0,262.0,463.0,576.0,750.0,4,863.0
2.0,24.0,262.0,463.0,576.0,750.0,4,863.0
2.0,24.0,204.0,301.0,494.0,576.0,4,863.0
2.0,24.0,262.0,463.0,576.0,750.0,4,863.0
2.0,6.0,85.0,250.0,623.0,730.0,4,1039.0
2.0,6.0,85.0,213.0,250.0,623.0,4,1010.0
2.0,6.0,35.0,213.0,730.0,876.0,4,1039.0
2.0,6.0,35.0,213.0,250.0,623.0,4,1039.0
2.0,6.0,35.0,85.0,250.0,623.0,4,730.0
2.0,6.0,85.0,623.0,730.0,876.0,4,1039.0
2.0,6.0,85.0,623.0,730.0,876.0,4,1039.0
2.0,6.0,35.0,213.0,623.0,876.0,4,1010.0
2.0,6.0,35.0,213.0,730.0,1010.0,4,1039.0
2.0,6.0,85.0,213.0,623.0,730.0,4,1039.0
2.0,6.0,35.0,213.0,730.0,1010.0,4,1039.0
2.0,6.0,35.0,213.0,730.0,876.0,4,1039.0
2.0,6.0,35.0,85.0,213.0,250.0,4,623.0
2.0,6.0,85.0,250.0,623.0,730.0,4,1039.0
2.0,6.0,35.0,213.0,250.0,623.0,4,876.0
2.0,6.0,35.0,85.0,213.0,250.0,4,623.0
2.0,6.0,35.0,85.0,213.0,250.0,4,623.0
2.0,6.0,35.0,85.0,250.0,623.0,4,730.0
2.0,6.0,35.0,213.0,623.0,730.0,4,1039.0
2.0,6.0,35.0,213.0,623.0,730.0,4,1039.0
2.0,6.0,35.0,85.0,250.0,623.0,4,730.0
2.0,6.0,35.0,85.0,250.0,623.0,4,730.0
2.0,16.0,296.0,495.0,674.0,902.0,4,996.0
2.0,16.0,296.0,674.0,702.0,902.0,4,996.0
2.0,16.0,200.0,495.0,674.0,702.0,4,1030.0
2.0,16.0,296.0,495.0,674.0,902.0,4,996.0
2.0,16.0,296.0,416.0,674.0,902.0,4,996.0
2.0,16.0,296.0,416.0,674.0,902.0,4,996.0
2.0,16.0,200.0,296.0,674.0,902.0,4,996.0
2.0,16.0,200.0,296.0,674.0,702.0,4,996.0
2.0,16.0,200.0,296.0,674.0,702.0,4,996.0
2.0,16.0,200.0,296.0,674.0,902.0,4,996.0
2.0,16.0,200.0,296.0,674.0,902.0,4,996.0
2.0,34.0,36.0,55.0,137.0,278.0,4,718.0
2.0,34.0,137.0,224.0,278.0,458.0,4,753.0
2.0,34.0,36.0,55.0,278.0,458.0,4,753.0
2.0,34.0,55.0,137.0,330.0,718.0,4,753.0
2.0,34.0,36.0,55.0,137.0,278.0,4,718.0
2.0,34.0,55.0,224.0,278.0,718.0,4,753.0
2.0,6.0,35.0,85.0,250.0,623.0,4,730.0
2.0,6.0,213.0,250.0,397.0,623.0,4,1010.0
2.0,6.0,213.0,250.0,397.0,623.0,4,1010.0
2.0,6.0,35.0,213.0,397.0,730.0,4,1010.0
2.0,6.0,35.0,85.0,213.0,250.0,4,623.0
2.0,6.0,35.0,85.0,250.0,623.0,4,730.0
2.0,6.0,213.0,250.0,397.0,623.0,4,1010.0
2.0,6.0,35.0,213.0,250.0,397.0,4,1010.0
2.0,6.0,227.0,250.0,397.0,876.0,4,1010.0
2.0,6.0,227.0,250.0,631.0,876.0,4,1010.0
2.0,15.0,229.0,602.0,659.0,764.0,4,860.0
2.0,15.0,373.0,659.0,681.0,714.0,4,860.0
2.0,15.0,373.0,659.0,681.0,714.0,4,860.0
2.0,15.0,221.0,659.0,714.0,764.0,4,860.0
2.0,15.0,221.0,365.0,375.0,714.0,4,764.0
2.0,15.0,365.0,602.0,659.0,764.0,4,860.0
2.0,15.0,221.0,373.0,375.0,602.0,4,681.0
2.0,6.0,35.0,213.0,623.0,730.0,4,1010.0
2.0,6.0,213.0,397.0,623.0,876.0,4,1010.0
2.0,6.0,213.0,397.0,623.0,876.0,4,1010.0
2.0,6.0,35.0,85.0,213.0,623.0,4,730.0
2.0,6.0,35.0,85.0,213.0,623.0,4,876.0
2.0,6.0,623.0,631.0,730.0,876.0,4,1010.0
2.0,6.0,35.0,85.0,623.0,730.0,4,876.0
2.0,6.0,35.0,85.0,623.0,730.0,4,876.0
2.0,6.0,213.0,623.0,730.0,876.0,4,1010.0
2.0,6.0,35.0,213.0,623.0,730.0,4,876.0
2.0,28.0,497.0,608.0,859.0,890.0,4,971.0
2.0,28.0,110.0,367.0,608.0,754.0,4,890.0
2.0,28.0,110.0,484.0,497.0,608.0,4,754.0
2.0,28.0,484.0,497.0,608.0,859.0,4,971.0
2.0,28.0,110.0,367.0,484.0,859.0,4,971.0
2.0,6.0,85.0,623.0,730.0,876.0,4,1039.0
2.0,6.0,35.0,85.0,623.0,730.0,4,876.0
2.0,6.0,85.0,730.0,876.0,1010.0,4,1039.0
2.0,6.0,85.0,623.0,730.0,876.0,4,1039.0
2.0,6.0,35.0,213.0,623.0,730.0,4,1010.0
2.0,6.0,35.0,85.0,213.0,623.0,4,1010.0
2.0,6.0,213.0,623.0,730.0,1010.0,4,1039.0
2.0,9.0,68.0,815.0,828.0,845.0,4,941.0
2.0,9.0,29.0,68.0,815.0,828.0,4,845.0
2.0,9.0,29.0,68.0,815.0,828.0,4,845.0
2.0,9.0,29.0,68.0,815.0,828.0,4,845.0
2.0,9.0,29.0,34.0,815.0,845.0,4,941.0
2.0,6.0,85.0,623.0,730.0,1010.0,4,1039.0
2.0,6.0,35.0,213.0,623.0,730.0,4,1010.0
2.0,6.0,35.0,213.0,397.0,730.0,4,1010.0
2.0,6.0,213.0,397.0,730.0,1010.0,4,1039.0
2.0,6.0,85.0,213.0,623.0,1010.0,4,1039.0
2.0,6.0,85.0,213.0,623.0,730.0,4,1039.0
2.0,6.0,85.0,623.0,730.0,1010.0,4,1039.0
2.0,6.0,213.0,397.0,623.0,730.0,4,1010.0
2.0,6.0,35.0,213.0,730.0,1010.0,4,1039.0
2.0,6.0,35.0,213.0,397.0,730.0,4,1010.0
2.0,6.0,213.0,397.0,623.0,730.0,4,1010.0
2.0,6.0,85.0,213.0,623.0,730.0,4,1010.0
2.0,6.0,85.0,213.0,623.0,730.0,4,1010.0
2.0,32.0,44.0,61.0,499.0,524.0,4,902.0
2.0,32.0,61.0,413.0,499.0,524.0,4,902.0
2.0,32.0,44.0,450.0,664.0,849.0,4,902.0
2.0,32.0,61.0,450.0,742.0,849.0,4,902.0
2.0,17.0,149.0,337.0,635.0,809.0,4,829.0
2.0,17.0,148.0,337.0,635.0,809.0,4,829.0
2.0,17.0,148.0,211.0,561.0,642.0,4,829.0
2.0,17.0,148.0,149.0,337.0,642.0,4,829.0
2.0,17.0,148.0,149.0,337.0,635.0,4,809.0
2.0,17.0,149.0,489.0,561.0,635.0,4,642.0
2.0,17.0,149.0,337.0,642.0,809.0,4,829.0
2.0,17.0,148.0,337.0,642.0,809.0,4,829.0
2.0,6.0,85.0,250.0,623.0,730.0,4,1039.0
2.0,6.0,85.0,250.0,623.0,730.0,4,1039.0
2.0,6.0,85.0,250.0,623.0,1010.0,4,1039.0
2.0,6.0,35.0,213.0,730.0,1010.0,4,1039.0
2.0,6.0,35.0,85.0,213.0,250.0,4,623.0
2.0,6.0,35.0,85.0,213.0,250.0,4,623.0
2.0,6.0,35.0,250.0,623.0,730.0,4,1010.0
2.0,6.0,35.0,213.0,250.0,623.0,4,1010.0
2.0,6.0,35.0,213.0,250.0,397.0,4,1010.0
2.0,6.0,85.0,623.0,730.0,937.0,4,1039.0
2.0,6.0,35.0,213.0,397.0,623.0,4,1010.0
2.0,6.0,35.0,213.0,397.0,623.0,4,1010.0
2.0,6.0,35.0,213.0,397.0,730.0,4,1010.0
2.0,6.0,35.0,213.0,397.0,730.0,4,1010.0
2.0,6.0,85.0,623.0,730.0,937.0,4,1039.0
2.0,6.0,35.0,623.0,730.0,937.0,4,1010.0
2.0,6.0,35.0,213.0,397.0,730.0,4,1010.0
2.0,6.0,35.0,213.0,397.0,730.0,4,1010.0
2.0,11.0,1.0,638.0,700.0,895.0,4,1031.0
2.0,11.0,602.0,638.0,700.0,1008.0,4,1031.0
2.0,11.0,113.0,602.0,895.0,1008.0,4,1031.0
2.0,11.0,1.0,638.0,700.0,895.0,4,1031.0
2.0,11.0,1.0,638.0,700.0,895.0,4,1031.0
2.0,11.0,1.0,638.0,700.0,895.0,4,1031.0
2.0,11.0,602.0,638.0,700.0,895.0,4,1031.0
2.0,11.0,173.0,602.0,895.0,1008.0,4,1031.0
2.0,11.0,1.0,638.0,700.0,1008.0,4,1031.0
2.0,11.0,1.0,700.0,895.0,1008.0,4,1031.0
2.0,30.0,121.0,335.0,350.0,389.0,4,705.0
2.0,30.0,335.0,350.0,389.0,705.0,4,847.0
2.0,30.0,335.0,389.0,705.0,847.0,4,963.0
2.0,30.0,598.0,654.0,689.0,847.0,4,963.0
2.0,30.0,350.0,598.0,654.0,705.0,4,963.0
2.0,30.0,598.0,689.0,705.0,847.0,4,963.0
2.0,30.0,121.0,335.0,689.0,705.0,4,963.0
2.0,30.0,335.0,350.0,389.0,654.0,4,796.0
2.0,30.0,350.0,389.0,409.0,654.0,4,796.0
2.0,0.0,535.0,686.0,695.0,851.0,4,1037.0
2.0,0.0,13.0,493.0,535.0,686.0,4,713.0
2.0,0.0,493.0,535.0,695.0,851.0,4,1037.0
2.0,0.0,13.0,493.0,686.0,851.0,4,1037.0
2.0,16.0,200.0,296.0,420.0,702.0,4,996.0
2.0,16.0,200.0,296.0,420.0,702.0,4,996.0
2.0,16.0,200.0,296.0,420.0,495.0,4,702.0
2.0,16.0,296.0,427.0,477.0,674.0,4,702.0
2.0,16.0,296.0,420.0,477.0,674.0,4,996.0
2.0,16.0,200.0,296.0,420.0,702.0,4,996.0
2.0,16.0,200.0,296.0,420.0,702.0,4,996.0
2.0,6.0,35.0,250.0,623.0,730.0,4,1010.0
2.0,6.0,213.0,227.0,397.0,730.0,4,1010.0
2.0,6.0,213.0,397.0,730.0,876.0,4,1010.0
2.0,6.0,35.0,250.0,623.0,876.0,4,1039.0
2.0,6.0,35.0,250.0,623.0,730.0,4,1039.0
2.0,6.0,35.0,250.0,623.0,730.0,4,1010.0
2.0,6.0,213.0,250.0,397.0,623.0,4,1010.0
2.0,6.0,213.0,250.0,397.0,623.0,4,1010.0
2.0,6.0,35.0,250.0,623.0,730.0,4,1010.0
2.0,6.0,35.0,250.0,623.0,730.0,4,1010.0
2.0,6.0,35.0,250.0,623.0,730.0,4,1039.0
2.0,6.0,35.0,250.0,494.0,623.0,4,730.0
2.0,6.0,35.0,250.0,494.0,623.0,4,730.0
2.0,6.0,213.0,250.0,397.0,494.0,4,1010.0
2.0,6.0,35.0,213.0,250.0,623.0,4,1010.0
2.0,6.0,35.0,250.0,623.0,730.0,4,1039.0
2.0,6.0,35.0,250.0,623.0,730.0,4,1039.0
2.0,6.0,35.0,250.0,494.0,623.0,4,730.0
2.0,6.0,213.0,250.0,494.0,623.0,4,1010.0
2.0,6.0,35.0,250.0,494.0,623.0,4,730.0
2.0,13.0,15.0,80.0,161.0,320.0,4,1036.0
2.0,13.0,15.0,320.0,665.0,723.0,4,925.0
2.0,13.0,161.0,340.0,665.0,723.0,4,925.0
2.0,13.0,15.0,80.0,161.0,320.0,4,1036.0
2.0,13.0,15.0,80.0,320.0,665.0,4,1036.0
2.0,13.0,15.0,80.0,161.0,320.0,4,1036.0
2.0,13.0,15.0,80.0,320.0,665.0,4,1036.0
2.0,13.0,15.0,161.0,320.0,665.0,4,723.0
2.0,6.0,213.0,227.0,494.0,730.0,4,876.0
2.0,6.0,213.0,227.0,494.0,730.0,4,876.0
2.0,6.0,35.0,213.0,250.0,623.0,4,1039.0
2.0,6.0,35.0,250.0,623.0,730.0,4,1039.0
2.0,6.0,250.0,494.0,623.0,730.0,4,1039.0
2.0,6.0,35.0,250.0,623.0,730.0,4,1039.0
2.0,6.0,213.0,494.0,623.0,730.0,4,876.0
2.0,6.0,35.0,213.0,250.0,623.0,4,1039.0
2.0,6.0,35.0,250.0,623.0,730.0,4,1039.0
2.0,6.0,35.0,250.0,623.0,730.0,4,1039.0
2.0,6.0,35.0,250.0,494.0,623.0,4,876.0
2.0,6.0,213.0,250.0,494.0,623.0,4,876.0
2.0,6.0,213.0,227.0,494.0,730.0,4,876.0
2.0,6.0,35.0,250.0,623.0,730.0,4,1039.0
2.0,6.0,213.0,227.0,494.0,623.0,4,730.0
2.0,6.0,213.0,227.0,250.0,397.0,4,623.0
2.0,6.0,35.0,250.0,623.0,730.0,4,1039.0
2.0,6.0,213.0,227.0,494.0,730.0,4,876.0
2.0,6.0,35.0,250.0,623.0,730.0,4,1039.0
2.0,6.0,35.0,250.0,623.0,730.0,4,1039.0
2.0,6.0,35.0,213.0,250.0,494.0,4,623.0
2.0,6.0,35.0,213.0,250.0,623.0,4,1039.0
2.0,6.0,35.0,250.0,623.0,730.0,4,1039.0
2.0,6.0,213.0,250.0,494.0,623.0,4,876.0
2.0,6.0,35.0,250.0,623.0,876.0,4,1039.0
2.0,6.0,35.0,250.0,623.0,876.0,4,1039.0
2.0,6.0,35.0,250.0,623.0,730.0,4,1039.0
2.0,6.0,35.0,250.0,623.0,730.0,4,1039.0
2.0,6.0,213.0,227.0,494.0,730.0,4,876.0
2.0,6.0,35.0,213.0,250.0,623.0,4,1039.0
2.0,6.0,35.0,213.0,250.0,623.0,4,1039.0
2.0,6.0,35.0,213.0,250.0,494.0,4,623.0
2.0,6.0,213.0,250.0,494.0,623.0,4,1010.0
2.0,6.0,35.0,213.0,227.0,250.0,4,623.0
2.0,6.0,35.0,213.0,227.0,250.0,4,623.0
2.0,6.0,35.0,213.0,250.0,623.0,4,1039.0
2.0,6.0,35.0,250.0,623.0,730.0,4,1039.0
2.0,6.0,35.0,250.0,494.0,623.0,4,730.0
2.0,6.0,213.0,494.0,623.0,730.0,4,1010.0
2.0,6.0,35.0,250.0,623.0,730.0,4,1039.0
2.0,6.0,35.0,250.0,623.0,730.0,4,1039.0
2.0,6.0,35.0,250.0,623.0,730.0,4,1039.0
2.0,34.0,55.0,112.0,137.0,278.0,4,753.0
2.0,34.0,55.0,137.0,224.0,278.0,4,753.0
2.0,34.0,36.0,55.0,224.0,278.0,4,753.0
2.0,34.0,36.0,137.0,224.0,404.0,4,753.0
2.0,34.0,55.0,137.0,224.0,355.0,4,753.0
2.0,34.0,55.0,112.0,137.0,355.0,4,753.0
2.0,34.0,55.0,112.0,137.0,355.0,4,753.0
2.0,34.0,112.0,137.0,224.0,278.0,4,753.0
2.0,34.0,112.0,137.0,224.0,278.0,4,355.0
2.0,34.0,112.0,137.0,224.0,278.0,4,355.0
2.0,6.0,227.0,250.0,623.0,730.0,4,1039.0
2.0,6.0,213.0,250.0,494.0,730.0,4,1039.0
2.0,6.0,213.0,250.0,494.0,730.0,4,1039.0
2.0,6.0,213.0,250.0,494.0,730.0,4,1039.0
2.0,6.0,213.0,227.0,250.0,623.0,4,1039.0
2.0,6.0,250.0,494.0,623.0,730.0,4,1039.0
2.0,6.0,213.0,494.0,623.0,730.0,4,1039.0
2.0,6.0,213.0,494.0,623.0,730.0,4,1039.0
2.0,6.0,213.0,494.0,623.0,876.0,4,1010.0
2.0,6.0,250.0,623.0,730.0,1010.0,4,1039.0
2.0,6.0,250.0,494.0,623.0,730.0,4,1039.0
2.0,6.0,227.0,250.0,623.0,730.0,4,1039.0
2.0,6.0,227.0,250.0,623.0,730.0,4,1039.0
2.0,6.0,35.0,250.0,623.0,730.0,4,1039.0
2.0,6.0,35.0,213.0,250.0,494.0,4,623.0
2.0,6.0,35.0,213.0,250.0,623.0,4,1039.0
2.0,6.0,35.0,250.0,623.0,730.0,4,1039.0
2.0,6.0,35.0,250.0,623.0,730.0,4,1039.0
2.0,6.0,35.0,250.0,623.0,730.0,4,1039.0
2.0,6.0,35.0,213.0,494.0,623.0,4,730.0
2.0,6.0,85.0,213.0,250.0,494.0,4,730.0
2.0,6.0,213.0,227.0,494.0,876.0,4,1010.0
2.0,26.0,40.0,41.0,824.0,874.0,4,1024.0
2.0,26.0,40.0,41.0,634.0,684.0,4,949.0
2.0,26.0,634.0,684.0,857.0,949.0,4,1024.0
2.0,26.0,40.0,41.0,634.0,684.0,4,874.0
2.0,26.0,40.0,41.0,684.0,874.0,4,1024.0
2.0,26.0,40.0,41.0,684.0,824.0,4,1024.0
2.0,26.0,40.0,41.0,824.0,874.0,4,1024.0
2.0,6.0,35.0,227.0,250.0,876.0,4,1010.0
2.0,6.0,35.0,213.0,250.0,631.0,4,1010.0
2.0,6.0,35.0,213.0,250.0,631.0,4,937.0
2.0,6.0,213.0,227.0,631.0,876.0,4,937.0
2.0,6.0,227.0,250.0,876.0,937.0,4,1010.0
2.0,6.0,213.0,250.0,459.0,631.0,4,1010.0
2.0,6.0,227.0,459.0,876.0,937.0,4,1010.0
2.0,6.0,459.0,631.0,876.0,937.0,4,1010.0
2.0,6.0,213.0,227.0,459.0,631.0,4,937.0
2.0,6.0,213.0,227.0,876.0,937.0,4,1010.0
2.0,28.0,110.0,146.0,608.0,922.0,4,971.0
2.0,28.0,110.0,146.0,608.0,754.0,4,859.0
2.0,28.0,146.0,608.0,754.0,859.0,4,890.0
2.0,28.0,146.0,608.0,754.0,859.0,4,890.0
2.0,28.0,497.0,754.0,859.0,890.0,4,971.0
2.0,28.0,110.0,608.0,859.0,922.0,4,971.0
2.0,28.0,110.0,497.0,608.0,922.0,4,971.0
2.0,28.0,110.0,497.0,608.0,922.0,4,971.0
2.0,28.0,110.0,497.0,608.0,754.0,4,859.0
2.0,28.0,146.0,608.0,754.0,859.0,4,890.0
2.0,28.0,110.0,608.0,859.0,922.0,4,971.0
2.0,28.0,110.0,146.0,608.0,922.0,4,971.0
2.0,28.0,110.0,146.0,497.0,859.0,4,971.0
2.0,28.0,497.0,754.0,859.0,890.0,4,971.0
2.0,28.0,110.0,146.0,608.0,859.0,4,922.0
2.0,28.0,110.0,387.0,608.0,922.0,4,971.0
2.0,28.0,110.0,497.0,608.0,754.0,4,922.0
2.0,28.0,110.0,146.0,497.0,922.0,4,971.0
2.0,28.0,110.0,146.0,608.0,859.0,4,971.0
2.0,28.0,146.0,608.0,859.0,890.0,4,971.0
2.0,28.0,146.0,608.0,859.0,890.0,4,971.0
2.0,28.0,110.0,146.0,608.0,859.0,4,922.0
2.0,28.0,110.0,608.0,754.0,859.0,4,922.0
2.0,28.0,110.0,146.0,608.0,859.0,4,922.0
2.0,28.0,110.0,497.0,608.0,754.0,4,922.0
2.0,28.0,110.0,497.0,608.0,754.0,4,922.0
2.0,28.0,110.0,146.0,608.0,859.0,4,922.0
2.0,28.0,146.0,608.0,859.0,890.0,4,971.0
2.0,28.0,146.0,608.0,859.0,890.0,4,971.0
2.0,28.0,146.0,608.0,859.0,890.0,4,971.0
2.0,28.0,110.0,146.0,497.0,859.0,4,922.0
2.0,16.0,165.0,200.0,495.0,674.0,4,702.0
2.0,16.0,165.0,200.0,296.0,702.0,4,996.0
2.0,16.0,296.0,674.0,702.0,996.0,4,1030.0
2.0,16.0,296.0,674.0,702.0,996.0,4,1030.0
2.0,16.0,165.0,200.0,296.0,702.0,4,996.0
2.0,16.0,165.0,200.0,296.0,495.0,4,996.0
2.0,16.0,165.0,200.0,296.0,495.0,4,677.0
2.0,16.0,165.0,200.0,495.0,674.0,4,677.0
2.0,16.0,165.0,200.0,296.0,677.0,4,996.0
2.0,18.0,181.0,448.0,579.0,719.0,4,811.0
2.0,18.0,14.0,191.0,811.0,812.0,4,866.0
2.0,18.0,14.0,191.0,719.0,811.0,4,866.0
2.0,18.0,14.0,191.0,719.0,811.0,4,866.0
2.0,18.0,14.0,181.0,191.0,811.0,4,866.0
2.0,18.0,14.0,181.0,579.0,719.0,4,886.0
2.0,18.0,14.0,181.0,579.0,719.0,4,811.0
2.0,18.0,14.0,191.0,582.0,811.0,4,866.0
2.0,28.0,110.0,367.0,608.0,754.0,4,922.0
2.0,28.0,110.0,367.0,608.0,754.0,4,922.0
2.0,28.0,110.0,367.0,608.0,754.0,4,922.0
2.0,28.0,146.0,497.0,859.0,890.0,4,971.0
2.0,28.0,146.0,497.0,859.0,890.0,4,971.0
2.0,28.0,110.0,367.0,608.0,754.0,4,922.0
2.0,28.0,110.0,497.0,608.0,754.0,4,922.0
2.0,28.0,110.0,367.0,608.0,754.0,4,922.0
2.0,28.0,110.0,497.0,608.0,922.0,4,971.0
2.0,28.0,110.0,146.0,497.0,859.0,4,971.0
2.0,28.0,146.0,497.0,859.0,890.0,4,971.0
2.0,28.0,146.0,497.0,859.0,890.0,4,971.0
2.0,28.0,146.0,367.0,859.0,890.0,4,971.0
2.0,28.0,146.0,367.0,484.0,890.0,4,971.0
2.0,28.0,110.0,367.0,608.0,754.0,4,922.0
2.0,28.0,110.0,367.0,608.0,922.0,4,971.0
2.0,28.0,110.0,146.0,367.0,859.0,4,890.0
2.0,28.0,110.0,367.0,608.0,754.0,4,922.0
2.0,28.0,110.0,497.0,608.0,859.0,4,922.0
2.0,28.0,497.0,608.0,859.0,922.0,4,971.0
2.0,28.0,497.0,608.0,859.0,890.0,4,971.0
2.0,28.0,110.0,497.0,859.0,890.0,4,971.0
2.0,28.0,110.0,497.0,608.0,859.0,4,922.0
2.0,9.0,34.0,74.0,452.0,845.0,4,1011.0
2.0,9.0,34.0,74.0,815.0,845.0,4,1011.0
2.0,9.0,74.0,599.0,815.0,845.0,4,1011.0
2.0,9.0,29.0,34.0,815.0,828.0,4,845.0
2.0,9.0,34.0,74.0,815.0,828.0,4,845.0
2.0,9.0,34.0,74.0,815.0,828.0,4,845.0
2.0,9.0,29.0,34.0,74.0,815.0,4,845.0
2.0,34.0,55.0,137.0,247.0,248.0,4,404.0
2.0,34.0,36.0,55.0,137.0,247.0,4,248.0
2.0,34.0,36.0,55.0,137.0,248.0,4,753.0
2.0,34.0,55.0,137.0,247.0,404.0,4,753.0
2.0,34.0,55.0,137.0,224.0,247.0,4,753.0
2.0,34.0,36.0,55.0,137.0,224.0,4,247.0
2.0,34.0,36.0,55.0,137.0,224.0,4,247.0
2.0,34.0,36.0,55.0,67.0,278.0,4,753.0
2.0,32.0,44.0,61.0,155.0,477.0,4,524.0
2.0,32.0,61.0,155.0,450.0,499.0,4,524.0
2.0,32.0,44.0,61.0,155.0,420.0,4,524.0
2.0,32.0,61.0,420.0,477.0,499.0,4,524.0
2.0,32.0,44.0,450.0,477.0,499.0,4,524.0
2.0,32.0,44.0,450.0,477.0,499.0,4,524.0
2.0,28.0,110.0,367.0,608.0,754.0,4,922.0
2.0,28.0,110.0,497.0,608.0,859.0,4,922.0
2.0,28.0,110.0,146.0,484.0,497.0,4,859.0
2.0,28.0,110.0,367.0,608.0,754.0,4,890.0
2.0,28.0,110.0,367.0,484.0,608.0,4,754.0
2.0,28.0,110.0,367.0,608.0,754.0,4,922.0
2.0,28.0,110.0,367.0,608.0,754.0,4,922.0
2.0,28.0,110.0,497.0,608.0,754.0,4,922.0
2.0,28.0,110.0,367.0,608.0,754.0,4,922.0
2.0,28.0,110.0,497.0,608.0,922.0,4,971.0
2.0,28.0,110.0,497.0,859.0,890.0,4,971.0
2.0,28.0,110.0,367.0,608.0,859.0,4,922.0
2.0,28.0,110.0,367.0,608.0,859.0,4,922.0
2.0,28.0,497.0,608.0,859.0,922.0,4,971.0
2.0,28.0,497.0,608.0,754.0,859.0,4,890.0
2.0,28.0,497.0,608.0,754.0,859.0,4,922.0
2.0,28.0,484.0,497.0,608.0,890.0,4,971.0
2.0,28.0,608.0,754.0,859.0,922.0,4,971.0
2.0,28.0,608.0,754.0,859.0,922.0,4,971.0
2.0,28.0,367.0,608.0,754.0,859.0,4,922.0
2.0,28.0,497.0,608.0,754.0,859.0,4,922.0
2.0,28.0,484.0,497.0,608.0,754.0,4,922.0
2.0,28.0,484.0,497.0,608.0,890.0,4,971.0
2.0,28.0,497.0,608.0,859.0,890.0,4,971.0
2.0,26.0,40.0,41.0,874.0,948.0,4,1024.0
2.0,26.0,40.0,41.0,874.0,948.0,4,1024.0
2.0,26.0,40.0,41.0,634.0,684.0,4,948.0
2.0,26.0,40.0,41.0,824.0,874.0,4,1024.0
2.0,26.0,40.0,41.0,634.0,684.0,4,874.0
2.0,26.0,40.0,634.0,684.0,857.0,4,874.0
2.0,26.0,40.0,634.0,684.0,824.0,4,857.0
2.0,26.0,634.0,684.0,824.0,857.0,4,948.0
2.0,26.0,40.0,41.0,634.0,684.0,4,824.0
2.0,28.0,110.0,367.0,608.0,754.0,4,890.0
2.0,28.0,110.0,367.0,484.0,608.0,4,754.0
2.0,28.0,497.0,608.0,859.0,890.0,4,971.0
2.0,28.0,110.0,367.0,608.0,754.0,4,890.0
2.0,28.0,110.0,367.0,608.0,754.0,4,890.0
2.0,28.0,110.0,367.0,859.0,890.0,4,971.0
2.0,28.0,110.0,367.0,859.0,890.0,4,971.0
2.0,28.0,110.0,367.0,608.0,754.0,4,890.0
2.0,28.0,110.0,367.0,484.0,608.0,4,754.0
2.0,28.0,367.0,484.0,608.0,859.0,4,971.0
2.0,28.0,110.0,367.0,859.0,890.0,4,971.0
2.0,28.0,110.0,367.0,859.0,890.0,4,971.0
2.0,28.0,110.0,367.0,608.0,890.0,4,971.0
2.0,28.0,110.0,367.0,608.0,754.0,4,890.0
2.0,28.0,110.0,367.0,608.0,754.0,4,890.0
2.0,28.0,110.0,497.0,859.0,890.0,4,971.0
2.0,28.0,110.0,367.0,859.0,890.0,4,971.0
2.0,28.0,110.0,367.0,608.0,859.0,4,890.0
2.0,13.0,15.0,119.0,238.0,320.0,4,340.0
2.0,13.0,119.0,320.0,449.0,832.0,4,925.0
2.0,13.0,15.0,238.0,320.0,340.0,4,925.0
2.0,13.0,15.0,119.0,238.0,320.0,4,340.0
2.0,13.0,15.0,119.0,152.0,320.0,4,340.0
2.0,13.0,15.0,119.0,320.0,340.0,4,925.0
2.0,28.0,110.0,484.0,497.0,608.0,4,971.0
2.0,28.0,484.0,497.0,608.0,859.0,4,971.0
2.0,28.0,110.0,497.0,859.0,890.0,4,971.0
2.0,28.0,110.0,367.0,484.0,608.0,4,971.0
2.0,28.0,497.0,608.0,859.0,890.0,4,971.0
2.0,28.0,110.0,367.0,484.0,608.0,4,859.0
2.0,24.0,463.0,576.0,605.0,750.0,4,863.0
2.0,24.0,301.0,463.0,576.0,605.0,4,750.0
2.0,24.0,301.0,463.0,576.0,605.0,4,750.0
2.0,24.0,301.0,463.0,494.0,576.0,4,605.0
2.0,24.0,174.0,301.0,463.0,494.0,4,576.0
2.0,24.0,301.0,494.0,576.0,605.0,4,863.0
2.0,24.0,463.0,576.0,605.0,750.0,4,863.0
2.0,24.0,301.0,463.0,494.0,576.0,4,605.0
2.0,28.0,110.0,367.0,608.0,754.0,4,890.0
2.0,28.0,110.0,484.0,497.0,608.0,4,754.0
2.0,28.0,110.0,484.0,497.0,608.0,4,754.0
2.0,28.0,484.0,497.0,608.0,859.0,4,971.0
2.0,28.0,110.0,367.0,859.0,890.0,4,971.0
2.0,28.0,110.0,497.0,608.0,890.0,4,971.0
2.0,28.0,110.0,367.0,484.0,608.0,4,971.0
2.0,28.0,110.0,367.0,484.0,859.0,4,971.0
2.0,28.0,110.0,484.0,497.0,859.0,4,971.0
2.0,28.0,484.0,497.0,608.0,859.0,4,971.0
2.0,28.0,110.0,484.0,497.0,608.0,4,971.0
2.0,28.0,110.0,497.0,608.0,754.0,4,922.0
2.0,28.0,110.0,497.0,608.0,754.0,4,922.0
2.0,28.0,110.0,497.0,608.0,754.0,4,922.0
2.0,28.0,110.0,146.0,608.0,890.0,4,971.0
2.0,28.0,146.0,608.0,859.0,890.0,4,971.0
2.0,28.0,146.0,497.0,859.0,890.0,4,971.0
2.0,28.0,110.0,497.0,859.0,890.0,4,971.0
2.0,28.0,110.0,497.0,608.0,754.0,4,922.0
2.0,28.0,110.0,497.0,859.0,890.0,4,971.0
2.0,28.0,110.0,497.0,608.0,922.0,4,971.0
2.0,28.0,146.0,608.0,859.0,890.0,4,971.0
2.0,28.0,146.0,608.0,859.0,890.0,4,971.0
2.0,28.0,110.0,484.0,608.0,922.0,4,971.0
2.0,28.0,110.0,497.0,608.0,754.0,4,922.0
2.0,28.0,110.0,146.0,608.0,754.0,4,922.0
2.0,28.0,110.0,146.0,608.0,859.0,4,971.0
2.0,28.0,146.0,608.0,859.0,890.0,4,971.0
2.0,28.0,146.0,608.0,859.0,890.0,4,971.0
2.0,28.0,110.0,608.0,859.0,922.0,4,971.0
2.0,28.0,110.0,608.0,859.0,922.0,4,971.0
2.0,28.0,110.0,497.0,608.0,754.0,4,922.0
2.0,28.0,110.0,497.0,608.0,754.0,4,922.0
2.0,28.0,497.0,608.0,859.0,922.0,4,971.0
2.0,28.0,110.0,146.0,859.0,890.0,4,971.0
2.0,28.0,110.0,146.0,859.0,890.0,4,971.0
2.0,28.0,110.0,146.0,608.0,859.0,4,922.0
2.0,28.0,110.0,484.0,497.0,608.0,4,971.0
2.0,28.0,110.0,497.0,608.0,754.0,4,922.0
2.0,28.0,110.0,146.0,608.0,922.0,4,971.0
2.0,28.0,146.0,754.0,859.0,890.0,4,971.0
2.0,28.0,146.0,484.0,709.0,890.0,4,901.0
2.0,11.0,1.0,638.0,700.0,895.0,4,1031.0
2.0,11.0,1.0,173.0,638.0,700.0,4,1008.0
2.0,11.0,113.0,173.0,602.0,638.0,4,1008.0
2.0,11.0,113.0,173.0,602.0,638.0,4,1008.0
2.0,11.0,113.0,173.0,602.0,895.0,4,1008.0
2.0,11.0,113.0,173.0,602.0,895.0,4,1008.0
2.0,11.0,1.0,638.0,700.0,895.0,4,1031.0
2.0,11.0,1.0,173.0,638.0,700.0,4,895.0
2.0,11.0,1.0,173.0,700.0,895.0,4,1031.0
2.0,11.0,602.0,638.0,700.0,1008.0,4,1031.0
2.0,30.0,598.0,689.0,705.0,847.0,4,963.0
2.0,30.0,121.0,335.0,689.0,705.0,4,963.0
2.0,30.0,121.0,335.0,350.0,598.0,4,847.0
2.0,30.0,121.0,598.0,689.0,705.0,4,963.0
2.0,30.0,121.0,335.0,705.0,847.0,4,963.0
2.0,30.0,121.0,335.0,705.0,847.0,4,963.0
2.0,30.0,598.0,689.0,705.0,847.0,4,963.0
2.0,30.0,335.0,389.0,689.0,705.0,4,963.0
2.0,30.0,335.0,389.0,598.0,705.0,4,963.0
2.0,30.0,335.0,350.0,389.0,598.0,4,847.0
2.0,30.0,335.0,689.0,705.0,847.0,4,963.0
2.0,30.0,121.0,335.0,689.0,705.0,4,963.0
2.0,18.0,448.0,579.0,811.0,866.0,4,886.0
2.0,18.0,448.0,579.0,811.0,866.0,4,886.0
2.0,18.0,191.0,579.0,582.0,719.0,4,843.0
2.0,18.0,115.0,448.0,811.0,866.0,4,886.0
2.0,18.0,93.0,115.0,579.0,719.0,4,811.0
2.0,18.0,93.0,191.0,843.0,866.0,4,905.0
2.0,28.0,110.0,497.0,608.0,754.0,4,922.0
2.0,28.0,110.0,497.0,608.0,754.0,4,922.0
2.0,28.0,146.0,608.0,859.0,922.0,4,971.0
2.0,28.0,146.0,608.0,859.0,890.0,4,971.0
2.0,28.0,146.0,608.0,859.0,890.0,4,971.0
2.0,28.0,110.0,484.0,497.0,608.0,4,971.0
2.0,28.0,110.0,497.0,608.0,754.0,4,922.0
2.0,28.0,146.0,608.0,859.0,890.0,4,971.0
2.0,28.0,110.0,497.0,608.0,754.0,4,922.0
2.0,28.0,146.0,608.0,859.0,890.0,4,971.0
2.0,28.0,110.0,146.0,497.0,859.0,4,890.0
2.0,28.0,110.0,146.0,497.0,754.0,4,922.0
2.0,28.0,110.0,608.0,754.0,922.0,4,971.0
2.0,28.0,110.0,497.0,608.0,754.0,4,922.0
2.0,28.0,110.0,484.0,608.0,859.0,4,971.0
2.0,28.0,110.0,497.0,859.0,922.0,4,971.0
2.0,28.0,110.0,608.0,859.0,922.0,4,971.0
2.0,28.0,146.0,497.0,890.0,922.0,4,971.0
2.0,28.0,110.0,497.0,608.0,922.0,4,971.0
2.0,28.0,110.0,608.0,754.0,922.0,4,971.0
2.0,28.0,110.0,484.0,608.0,922.0,4,971.0
2.0,28.0,110.0,484.0,497.0,754.0,4,971.0
2.0,28.0,110.0,608.0,754.0,922.0,4,971.0
2.0,0.0,13.0,493.0,535.0,695.0,4,713.0
2.0,0.0,13.0,493.0,695.0,713.0,4,1037.0
2.0,0.0,13.0,493.0,676.0,851.0,4,1037.0
2.0,0.0,13.0,493.0,535.0,695.0,4,713.0
2.0,0.0,13.0,493.0,535.0,676.0,4,713.0
2.0,0.0,13.0,493.0,695.0,713.0,4,1037.0
2.0,0.0,13.0,493.0,535.0,713.0,4,1037.0
2.0,0.0,13.0,493.0,535.0,713.0,4,1037.0
2.0,0.0,13.0,493.0,535.0,713.0,4,851.0
2.0,0.0,13.0,493.0,535.0,713.0,4,851.0
2.0,0.0,13.0,493.0,535.0,713.0,4,851.0
2.0,0.0,6.0,676.0,810.0,910.0,4,950.0
2.0,15.0,226.0,659.0,714.0,764.0,4,860.0
2.0,15.0,659.0,714.0,764.0,803.0,4,860.0
2.0,15.0,373.0,681.0,764.0,803.0,4,860.0
2.0,15.0,229.0,373.0,681.0,764.0,4,803.0
2.0,15.0,373.0,659.0,714.0,764.0,4,860.0
2.0,15.0,373.0,659.0,714.0,764.0,4,860.0
2.0,15.0,659.0,681.0,714.0,803.0,4,860.0
2.0,15.0,659.0,681.0,764.0,803.0,4,860.0
2.0,15.0,373.0,659.0,714.0,764.0,4,860.0
2.0,15.0,659.0,714.0,764.0,803.0,4,860.0
2.0,15.0,373.0,659.0,681.0,764.0,4,860.0
2.0,17.0,149.0,337.0,635.0,809.0,4,829.0
2.0,17.0,149.0,337.0,635.0,809.0,4,829.0
2.0,17.0,148.0,211.0,635.0,642.0,4,829.0
2.0,17.0,149.0,211.0,635.0,809.0,4,829.0
2.0,17.0,149.0,337.0,561.0,642.0,4,829.0
2.0,17.0,149.0,337.0,561.0,635.0,4,642.0
2.0,17.0,149.0,337.0,561.0,642.0,4,809.0
2.0,17.0,149.0,211.0,561.0,642.0,4,829.0
2.0,17.0,149.0,561.0,635.0,642.0,4,829.0
2.0,28.0,110.0,367.0,608.0,922.0,4,971.0
2.0,28.0,146.0,608.0,859.0,890.0,4,971.0
2.0,28.0,110.0,497.0,859.0,890.0,4,971.0
2.0,28.0,110.0,608.0,859.0,922.0,4,971.0
2.0,28.0,110.0,608.0,859.0,922.0,4,971.0
2.0,28.0,110.0,497.0,608.0,754.0,4,922.0
2.0,28.0,110.0,367.0,608.0,754.0,4,922.0
2.0,28.0,110.0,367.0,608.0,922.0,4,971.0
2.0,28.0,367.0,608.0,859.0,922.0,4,971.0
2.0,28.0,110.0,367.0,859.0,890.0,4,971.0
2.0,28.0,110.0,367.0,608.0,922.0,4,971.0
2.0,28.0,110.0,497.0,608.0,754.0,4,922.0
2.0,28.0,110.0,367.0,608.0,922.0,4,971.0
2.0,28.0,367.0,608.0,859.0,890.0,4,971.0
2.0,28.0,110.0,497.0,608.0,859.0,4,922.0
2.0,28.0,110.0,497.0,608.0,754.0,4,922.0
2.0,28.0,110.0,497.0,608.0,754.0,4,922.0
2.0,28.0,110.0,497.0,608.0,754.0,4,922.0
2.0,28.0,367.0,608.0,859.0,890.0,4,971.0
2.0,28.0,367.0,608.0,859.0,890.0,4,971.0
2.0,28.0,146.0,367.0,859.0,890.0,4,971.0
2.0,24.0,174.0,655.0,750.0,863.0,4,900.0
2.0,24.0,174.0,463.0,655.0,750.0,4,863.0
2.0,24.0,174.0,655.0,750.0,900.0,4,947.0
2.0,24.0,174.0,655.0,750.0,900.0,4,947.0
2.0,24.0,174.0,655.0,841.0,900.0,4,947.0
2.0,11.0,1.0,638.0,700.0,895.0,4,1031.0
2.0,11.0,1.0,173.0,700.0,895.0,4,1031.0
2.0,11.0,1.0,173.0,700.0,895.0,4,1031.0
2.0,11.0,1.0,173.0,602.0,1008.0,4,1031.0
2.0,11.0,173.0,602.0,638.0,700.0,4,895.0
2.0,11.0,173.0,602.0,638.0,700.0,4,895.0
2.0,11.0,1.0,173.0,895.0,1008.0,4,1031.0
2.0,11.0,173.0,602.0,700.0,1008.0,4,1031.0
2.0,11.0,602.0,700.0,895.0,1008.0,4,1031.0
2.0,11.0,602.0,638.0,700.0,895.0,4,1008.0
2.0,15.0,229.0,659.0,714.0,764.0,4,860.0
2.0,15.0,373.0,659.0,714.0,764.0,4,860.0
2.0,15.0,365.0,373.0,375.0,681.0,4,860.0
2.0,15.0,365.0,373.0,659.0,714.0,4,764.0
2.0,15.0,373.0,659.0,714.0,764.0,4,860.0
2.0,15.0,229.0,373.0,714.0,764.0,4,860.0
2.0,15.0,229.0,659.0,714.0,764.0,4,860.0
2.0,15.0,373.0,659.0,714.0,764.0,4,860.0
2.0,15.0,659.0,681.0,714.0,764.0,4,860.0
2.0,30.0,689.0,705.0,847.0,953.0,4,963.0
2.0,30.0,121.0,290.0,705.0,953.0,4,963.0
2.0,30.0,121.0,705.0,847.0,953.0,4,963.0
2.0,30.0,290.0,350.0,389.0,598.0,4,847.0
2.0,30.0,290.0,389.0,672.0,847.0,4,963.0
2.0,13.0,80.0,320.0,340.0,665.0,4,1036.0
2.0,13.0,80.0,119.0,161.0,320.0,4,340.0
2.0,13.0,80.0,320.0,340.0,665.0,4,1036.0
2.0,13.0,80.0,320.0,340.0,665.0,4,1036.0
2.0,13.0,119.0,320.0,340.0,723.0,4,1036.0
2.0,13.0,119.0,161.0,320.0,340.0,4,723.0
2.0,28.0,110.0,497.0,608.0,922.0,4,971.0
2.0,28.0,367.0,608.0,859.0,890.0,4,971.0
2.0,28.0,367.0,608.0,859.0,890.0,4,971.0
2.0,28.0,110.0,146.0,367.0,859.0,4,890.0
2.0,28.0,110.0,497.0,608.0,922.0,4,971.0
2.0,28.0,497.0,608.0,859.0,922.0,4,971.0
2.0,28.0,110.0,497.0,608.0,922.0,4,971.0
2.0,28.0,146.0,367.0,484.0,859.0,4,890.0
2.0,28.0,146.0,484.0,709.0,859.0,4,890.0
2.0,24.0,169.0,301.0,463.0,576.0,4,750.0
2.0,24.0,169.0,463.0,576.0,750.0,4,863.0
2.0,24.0,169.0,204.0,463.0,750.0,4,863.0
2.0,24.0,169.0,204.0,463.0,750.0,4,863.0
2.0,24.0,169.0,262.0,301.0,494.0,4,576.0
2.0,24.0,169.0,262.0,494.0,576.0,4,863.0
2.0,24.0,262.0,463.0,576.0,750.0,4,863.0
2.0,17.0,149.0,211.0,708.0,809.0,4,829.0
2.0,17.0,47.0,148.0,653.0,708.0,4,991.0
2.0,17.0,148.0,211.0,653.0,829.0,4,991.0
2.0,17.0,149.0,211.0,708.0,809.0,4,829.0
2.0,17.0,47.0,149.0,708.0,809.0,4,829.0
2.0,17.0,149.0,211.0,708.0,809.0,4,829.0
2.0,17.0,47.0,148.0,149.0,635.0,4,708.0
2.0,17.0,47.0,149.0,635.0,708.0,4,809.0
2.0,17.0,47.0,635.0,708.0,809.0,4,829.0
2.0,17.0,47.0,148.0,149.0,642.0,4,829.0
2.0,17.0,47.0,148.0,149.0,809.0,4,829.0
2.0,17.0,47.0,148.0,149.0,809.0,4,829.0
2.0,17.0,47.0,635.0,642.0,809.0,4,829.0
2.0,17.0,635.0,642.0,653.0,809.0,4,829.0
2.0,17.0,635.0,642.0,653.0,809.0,4,829.0
2.0,17.0,47.0,635.0,642.0,809.0,4,829.0
2.0,17.0,47.0,635.0,642.0,809.0,4,829.0
2.0,17.0,47.0,635.0,642.0,809.0,4,829.0
2.0,17.0,47.0,149.0,642.0,809.0,4,829.0
2.0,17.0,47.0,148.0,635.0,642.0,4,829.0
2.0,17.0,47.0,148.0,635.0,809.0,4,829.0
2.0,17.0,47.0,148.0,635.0,809.0,4,829.0
2.0,15.0,373.0,602.0,659.0,764.0,4,803.0
2.0,15.0,226.0,373.0,602.0,764.0,4,803.0
2.0,15.0,226.0,365.0,373.0,602.0,4,803.0
2.0,15.0,226.0,365.0,373.0,602.0,4,803.0
2.0,15.0,226.0,365.0,373.0,602.0,4,803.0
2.0,15.0,373.0,659.0,714.0,803.0,4,860.0
2.0,15.0,229.0,659.0,714.0,764.0,4,860.0
2.0,15.0,226.0,229.0,602.0,764.0,4,803.0
2.0,15.0,373.0,659.0,714.0,764.0,4,860.0
2.0,0.0,13.0,493.0,686.0,713.0,4,1037.0
2.0,0.0,13.0,493.0,686.0,713.0,4,910.0
2.0,0.0,13.0,493.0,686.0,713.0,4,851.0
2.0,0.0,13.0,493.0,686.0,695.0,4,713.0
2.0,0.0,13.0,493.0,686.0,695.0,4,713.0
2.0,0.0,493.0,686.0,695.0,713.0,4,910.0
2.0,0.0,13.0,493.0,686.0,713.0,4,1037.0
2.0,0.0,13.0,493.0,686.0,713.0,4,1037.0
2.0,0.0,6.0,686.0,695.0,713.0,4,851.0
2.0,9.0,599.0,815.0,828.0,845.0,4,941.0
2.0,9.0,34.0,815.0,828.0,845.0,4,941.0
2.0,9.0,34.0,815.0,828.0,845.0,4,941.0
2.0,9.0,29.0,34.0,74.0,452.0,4,941.0
2.0,9.0,29.0,74.0,452.0,815.0,4,1011.0
2.0,9.0,29.0,74.0,452.0,815.0,4,1011.0
2.0,9.0,599.0,815.0,828.0,845.0,4,941.0
2.0,9.0,29.0,74.0,452.0,815.0,4,1011.0
2.0,9.0,29.0,74.0,452.0,815.0,4,1011.0
2.0,17.0,47.0,635.0,642.0,653.0,4,829.0
2.0,17.0,149.0,635.0,653.0,809.0,4,829.0
2.0,17.0,149.0,211.0,489.0,642.0,4,708.0
2.0,17.0,47.0,642.0,653.0,708.0,4,829.0
2.0,17.0,149.0,211.0,708.0,829.0,4,991.0
2.0,17.0,47.0,642.0,653.0,708.0,4,829.0
2.0,16.0,200.0,296.0,674.0,902.0,4,996.0
2.0,16.0,200.0,674.0,702.0,902.0,4,996.0
2.0,16.0,296.0,495.0,674.0,902.0,4,996.0
2.0,16.0,296.0,495.0,674.0,702.0,4,902.0
2.0,16.0,165.0,200.0,296.0,495.0,4,902.0
2.0,16.0,200.0,296.0,495.0,674.0,4,902.0
2.0,26.0,40.0,41.0,315.0,874.0,4,1024.0
2.0,26.0,40.0,41.0,315.0,874.0,4,1024.0
2.0,26.0,40.0,41.0,315.0,948.0,4,1024.0
2.0,26.0,40.0,41.0,315.0,948.0,4,1024.0
2.0,26.0,41.0,634.0,684.0,948.0,4,1024.0
2.0,26.0,634.0,684.0,824.0,948.0,4,1024.0
2.0,26.0,634.0,684.0,824.0,948.0,4,1024.0
2.0,26.0,41.0,315.0,634.0,824.0,4,948.0
2.0,26.0,41.0,634.0,874.0,948.0,4,1024.0
2.0,26.0,40.0,634.0,684.0,824.0,4,948.0
2.0,26.0,40.0,41.0,634.0,684.0,4,824.0
2.0,26.0,40.0,41.0,634.0,684.0,4,824.0
2.0,26.0,40.0,41.0,634.0,684.0,4,948.0
2.0,17.0,47.0,635.0,642.0,708.0,4,829.0
2.0,17.0,47.0,149.0,635.0,642.0,4,708.0
2.0,17.0,149.0,211.0,635.0,642.0,4,708.0
2.0,17.0,148.0,149.0,211.0,708.0,4,809.0
2.0,17.0,148.0,149.0,211.0,635.0,4,809.0
2.0,17.0,47.0,148.0,635.0,642.0,4,809.0
2.0,17.0,47.0,148.0,635.0,642.0,4,708.0
2.0,17.0,211.0,635.0,642.0,708.0,4,829.0
2.0,17.0,148.0,149.0,211.0,489.0,4,809.0
2.0,17.0,211.0,635.0,642.0,708.0,4,829.0
2.0,17.0,47.0,149.0,635.0,708.0,4,991.0
2.0,17.0,47.0,635.0,642.0,708.0,4,829.0
2.0,17.0,211.0,489.0,653.0,809.0,4,991.0
2.0,30.0,64.0,598.0,657.0,847.0,4,963.0
2.0,30.0,64.0,121.0,350.0,705.0,4,953.0
2.0,30.0,121.0,350.0,689.0,705.0,4,953.0
2.0,30.0,350.0,689.0,705.0,847.0,4,953.0
2.0,30.0,689.0,705.0,847.0,953.0,4,963.0
2.0,30.0,689.0,705.0,847.0,953.0,4,963.0
2.0,30.0,121.0,598.0,705.0,847.0,4,963.0
2.0,30.0,598.0,689.0,705.0,847.0,4,963.0
2.0,30.0,121.0,389.0,657.0,953.0,4,963.0
2.0,30.0,121.0,350.0,389.0,657.0,4,953.0
2.0,30.0,350.0,389.0,705.0,847.0,4,953.0
2.0,11.0,1.0,638.0,806.0,968.0,4,1031.0
2.0,11.0,1.0,132.0,638.0,806.0,4,968.0
2.0,11.0,132.0,638.0,700.0,806.0,4,968.0
2.0,11.0,1.0,113.0,132.0,700.0,4,1031.0
2.0,11.0,132.0,638.0,700.0,806.0,4,968.0
2.0,11.0,1.0,132.0,638.0,700.0,4,968.0
2.0,17.0,47.0,635.0,642.0,708.0,4,829.0
2.0,17.0,148.0,149.0,211.0,708.0,4,991.0
2.0,17.0,47.0,635.0,642.0,708.0,4,829.0
2.0,17.0,47.0,635.0,642.0,708.0,4,829.0
2.0,17.0,47.0,149.0,642.0,708.0,4,829.0
2.0,17.0,47.0,148.0,149.0,708.0,4,991.0
2.0,17.0,148.0,149.0,211.0,829.0,4,991.0
2.0,17.0,148.0,149.0,337.0,489.0,4,991.0
2.0,17.0,148.0,149.0,337.0,642.0,4,708.0
2.0,17.0,148.0,149.0,337.0,708.0,4,809.0
2.0,17.0,148.0,149.0,337.0,809.0,4,829.0
2.0,17.0,149.0,635.0,642.0,708.0,4,829.0
2.0,17.0,149.0,635.0,642.0,708.0,4,829.0
2.0,17.0,148.0,149.0,337.0,708.0,4,809.0
2.0,17.0,148.0,149.0,337.0,708.0,4,809.0
2.0,17.0,148.0,149.0,337.0,642.0,4,708.0
2.0,17.0,211.0,635.0,708.0,809.0,4,829.0
2.0,17.0,149.0,211.0,708.0,809.0,4,829.0
2.0,17.0,149.0,211.0,708.0,809.0,4,829.0
2.0,17.0,148.0,149.0,337.0,829.0,4,991.0
2.0,17.0,148.0,149.0,337.0,829.0,4,991.0
2.0,17.0,148.0,149.0,337.0,708.0,4,991.0
2.0,17.0,148.0,149.0,211.0,708.0,4,809.0
2.0,17.0,149.0,337.0,708.0,809.0,4,829.0
2.0,17.0,211.0,635.0,642.0,708.0,4,829.0
2.0,17.0,148.0,149.0,211.0,642.0,4,708.0
2.0,17.0,149.0,337.0,642.0,708.0,4,829.0
2.0,17.0,148.0,149.0,642.0,708.0,4,829.0
2.0,17.0,211.0,635.0,642.0,708.0,4,829.0
2.0,17.0,149.0,635.0,708.0,809.0,4,829.0
2.0,17.0,149.0,635.0,642.0,708.0,4,829.0
2.0,17.0,148.0,149.0,708.0,809.0,4,829.0
2.0,17.0,148.0,149.0,635.0,708.0,4,809.0
2.0,17.0,148.0,149.0,635.0,708.0,4,809.0
2.0,18.0,14.0,115.0,719.0,811.0,4,866.0
2.0,18.0,115.0,579.0,719.0,811.0,4,866.0
2.0,18.0,115.0,579.0,719.0,811.0,4,843.0
2.0,18.0,14.0,579.0,719.0,843.0,4,886.0
2.0,18.0,14.0,719.0,811.0,866.0,4,886.0
2.0,18.0,579.0,719.0,843.0,866.0,4,886.0
2.0,18.0,579.0,719.0,843.0,866.0,4,886.0
2.0,18.0,115.0,579.0,719.0,843.0,4,886.0
2.0,18.0,115.0,579.0,719.0,811.0,4,843.0
2.0,18.0,14.0,811.0,843.0,866.0,4,886.0
2.0,34.0,36.0,55.0,137.0,278.0,4,718.0
2.0,34.0,36.0,278.0,404.0,458.0,4,753.0
2.0,34.0,55.0,224.0,278.0,458.0,4,753.0
2.0,34.0,55.0,224.0,278.0,458.0,4,753.0
2.0,34.0,55.0,137.0,224.0,458.0,4,718.0
2.0,34.0,36.0,55.0,137.0,278.0,4,718.0
2.0,34.0,55.0,137.0,278.0,404.0,4,718.0
2.0,34.0,55.0,137.0,404.0,718.0,4,753.0
2.0,34.0,36.0,55.0,137.0,718.0,4,753.0
2.0,17.0,47.0,635.0,642.0,708.0,4,829.0
2.0,17.0,47.0,635.0,642.0,708.0,4,829.0
2.0,17.0,47.0,489.0,642.0,708.0,4,829.0
2.0,17.0,47.0,489.0,642.0,708.0,4,829.0
2.0,17.0,47.0,489.0,642.0,708.0,4,829.0
2.0,17.0,47.0,149.0,642.0,708.0,4,829.0
2.0,17.0,47.0,489.0,635.0,642.0,4,708.0
2.0,17.0,47.0,635.0,642.0,708.0,4,829.0
2.0,17.0,489.0,635.0,642.0,708.0,4,829.0
2.0,13.0,15.0,119.0,320.0,665.0,4,673.0
2.0,13.0,15.0,238.0,340.0,832.0,4,925.0
2.0,13.0,15.0,238.0,340.0,832.0,4,925.0
2.0,13.0,15.0,119.0,320.0,665.0,4,673.0
2.0,13.0,15.0,119.0,320.0,665.0,4,673.0
2.0,13.0,15.0,119.0,320.0,665.0,4,673.0
2.0,13.0,15.0,238.0,320.0,340.0,4,665.0
2.0,13.0,15.0,238.0,320.0,340.0,4,665.0
2.0,13.0,119.0,320.0,673.0,832.0,4,925.0
2.0,0.0,493.0,535.0,686.0,713.0,4,1037.0
2.0,0.0,493.0,535.0,695.0,713.0,4,1037.0
2.0,0.0,493.0,686.0,695.0,851.0,4,1037.0
2.0,0.0,493.0,686.0,695.0,851.0,4,1037.0
2.0,0.0,535.0,686.0,695.0,713.0,4,851.0
2.0,0.0,493.0,535.0,695.0,851.0,4,910.0
2.0,0.0,535.0,695.0,713.0,851.0,4,910.0
2.0,0.0,535.0,695.0,713.0,851.0,4,910.0
2.0,0.0,535.0,695.0,713.0,851.0,4,910.0
2.0,0.0,695.0,772.0,851.0,910.0,4,950.0
2.0,17.0,149.0,635.0,809.0,829.0,4,991.0
2.0,17.0,489.0,642.0,653.0,829.0,4,991.0
2.0,17.0,489.0,653.0,809.0,829.0,4,991.0
2.0,17.0,148.0,149.0,489.0,829.0,4,991.0
2.0,17.0,148.0,337.0,489.0,829.0,4,991.0
2.0,17.0,148.0,337.0,489.0,642.0,4,991.0
2.0,17.0,148.0,337.0,489.0,642.0,4,809.0
2.0,17.0,148.0,337.0,642.0,809.0,4,829.0
2.0,32.0,44.0,420.0,450.0,477.0,4,524.0
2.0,32.0,155.0,450.0,477.0,499.0,4,524.0
2.0,32.0,44.0,155.0,450.0,499.0,4,524.0
2.0,32.0,44.0,61.0,420.0,477.0,4,524.0
2.0,32.0,44.0,61.0,155.0,450.0,4,524.0
2.0,17.0,149.0,337.0,642.0,809.0,4,829.0
2.0,17.0,47.0,149.0,642.0,809.0,4,829.0
2.0,17.0,47.0,148.0,635.0,642.0,4,829.0
2.0,17.0,148.0,149.0,337.0,635.0,4,809.0
2.0,17.0,47.0,148.0,642.0,809.0,4,829.0
2.0,17.0,149.0,337.0,642.0,809.0,4,829.0
2.0,17.0,149.0,337.0,642.0,809.0,4,829.0
2.0,17.0,47.0,148.0,642.0,809.0,4,829.0
2.0,17.0,47.0,148.0,642.0,809.0,4,829.0
2.0,17.0,211.0,489.0,635.0,809.0,4,829.0
2.0,17.0,148.0,149.0,208.0,211.0,4,561.0
2.0,17.0,148.0,149.0,211.0,561.0,4,809.0
2.0,17.0,148.0,149.0,337.0,809.0,4,829.0
2.0,17.0,148.0,149.0,211.0,809.0,4,829.0
2.0,17.0,148.0,149.0,211.0,561.0,4,809.0
2.0,17.0,148.0,149.0,211.0,561.0,4,809.0
2.0,17.0,149.0,337.0,561.0,809.0,4,829.0
2.0,17.0,149.0,337.0,635.0,809.0,4,829.0
2.0,17.0,149.0,211.0,561.0,809.0,4,829.0
2.0,17.0,149.0,211.0,561.0,809.0,4,829.0
2.0,17.0,211.0,561.0,635.0,809.0,4,829.0
2.0,17.0,561.0,635.0,653.0,809.0,4,829.0
2.0,17.0,148.0,561.0,635.0,653.0,4,809.0
2.0,17.0,148.0,149.0,208.0,337.0,4,635.0
2.0,17.0,148.0,149.0,208.0,337.0,4,635.0
2.0,17.0,148.0,149.0,635.0,809.0,4,829.0
2.0,17.0,148.0,149.0,635.0,809.0,4,829.0
2.0,17.0,148.0,635.0,653.0,809.0,4,829.0
2.0,17.0,149.0,337.0,635.0,809.0,4,829.0
2.0,17.0,149.0,211.0,635.0,809.0,4,829.0
2.0,17.0,148.0,149.0,211.0,561.0,4,809.0
2.0,17.0,148.0,211.0,303.0,561.0,4,635.0
2.0,17.0,148.0,149.0,211.0,809.0,4,829.0
2.0,17.0,148.0,149.0,653.0,809.0,4,829.0
2.0,17.0,149.0,489.0,653.0,809.0,4,829.0
2.0,9.0,29.0,68.0,815.0,828.0,4,941.0
2.0,9.0,29.0,34.0,68.0,74.0,4,845.0
2.0,9.0,29.0,68.0,815.0,828.0,4,941.0
2.0,9.0,29.0,68.0,815.0,845.0,4,941.0
2.0,9.0,29.0,68.0,815.0,828.0,4,941.0
2.0,9.0,29.0,34.0,68.0,828.0,4,845.0
2.0,9.0,29.0,34.0,68.0,828.0,4,845.0
2.0,9.0,29.0,68.0,452.0,828.0,4,845.0
2.0,9.0,29.0,68.0,452.0,828.0,4,845.0
2.0,17.0,149.0,337.0,635.0,809.0,4,829.0
2.0,17.0,149.0,337.0,635.0,809.0,4,829.0
2.0,17.0,148.0,149.0,211.0,642.0,4,829.0
2.0,17.0,148.0,149.0,211.0,635.0,4,642.0
2.0,17.0,148.0,149.0,561.0,642.0,4,653.0
2.0,17.0,149.0,337.0,635.0,809.0,4,829.0
2.0,17.0,148.0,211.0,635.0,642.0,4,829.0
2.0,17.0,148.0,149.0,635.0,642.0,4,653.0
2.0,17.0,149.0,211.0,561.0,809.0,4,829.0
2.0,17.0,148.0,149.0,211.0,561.0,4,809.0
2.0,17.0,149.0,211.0,635.0,809.0,4,829.0
2.0,17.0,149.0,211.0,561.0,642.0,4,829.0
2.0,17.0,149.0,561.0,642.0,653.0,4,829.0
2.0,17.0,149.0,337.0,635.0,809.0,4,829.0
2.0,17.0,148.0,561.0,642.0,653.0,4,829.0
2.0,17.0,148.0,561.0,642.0,653.0,4,829.0
2.0,17.0,148.0,561.0,635.0,642.0,4,653.0
2.0,17.0,149.0,337.0,635.0,809.0,4,829.0
2.0,17.0,149.0,337.0,635.0,809.0,4,829.0
2.0,17.0,148.0,149.0,561.0,642.0,4,829.0
2.0,32.0,44.0,61.0,155.0,524.0,4,902.0
2.0,32.0,61.0,155.0,499.0,849.0,4,902.0
2.0,32.0,44.0,61.0,155.0,450.0,4,524.0
2.0,32.0,44.0,413.0,450.0,524.0,4,902.0
2.0,32.0,155.0,413.0,450.0,524.0,4,902.0
2.0,32.0,61.0,155.0,450.0,524.0,4,902.0
2.0,32.0,44.0,450.0,499.0,524.0,4,902.0
2.0,32.0,44.0,450.0,499.0,849.0,4,902.0
2.0,16.0,296.0,427.0,647.0,702.0,4,996.0
2.0,16.0,296.0,416.0,427.0,647.0,4,702.0
2.0,16.0,200.0,416.0,427.0,647.0,4,702.0
2.0,16.0,200.0,416.0,427.0,647.0,4,702.0
2.0,16.0,200.0,416.0,427.0,674.0,4,702.0
2.0,16.0,200.0,296.0,477.0,674.0,4,702.0
2.0,16.0,200.0,296.0,477.0,674.0,4,996.0
2.0,16.0,296.0,420.0,477.0,674.0,4,996.0
2.0,16.0,416.0,427.0,647.0,674.0,4,996.0
2.0,16.0,296.0,416.0,427.0,674.0,4,996.0
2.0,16.0,296.0,427.0,477.0,674.0,4,996.0
2.0,26.0,41.0,634.0,684.0,857.0,4,949.0
2.0,26.0,40.0,41.0,284.0,634.0,4,824.0
2.0,26.0,40.0,41.0,284.0,634.0,4,684.0
2.0,26.0,40.0,284.0,634.0,684.0,4,857.0
2.0,26.0,41.0,284.0,634.0,684.0,4,857.0
2.0,26.0,40.0,41.0,284.0,634.0,4,684.0
2.0,26.0,40.0,41.0,284.0,634.0,4,684.0
2.0,17.0,148.0,149.0,211.0,809.0,4,829.0
2.0,17.0,148.0,149.0,211.0,809.0,4,829.0
2.0,17.0,148.0,208.0,561.0,635.0,4,653.0
2.0,17.0,148.0,211.0,561.0,635.0,4,809.0
2.0,17.0,148.0,211.0,561.0,635.0,4,809.0
2.0,17.0,148.0,561.0,635.0,653.0,4,809.0
2.0,17.0,148.0,149.0,653.0,809.0,4,829.0
2.0,17.0,148.0,149.0,635.0,809.0,4,829.0
2.0,17.0,148.0,561.0,635.0,809.0,4,829.0
2.0,17.0,148.0,149.0,211.0,809.0,4,829.0
2.0,17.0,148.0,211.0,635.0,642.0,4,829.0
2.0,17.0,148.0,211.0,635.0,642.0,4,829.0
2.0,17.0,148.0,211.0,635.0,642.0,4,829.0
2.0,17.0,148.0,489.0,561.0,642.0,4,653.0
2.0,17.0,149.0,489.0,561.0,642.0,4,653.0
2.0,17.0,149.0,489.0,561.0,642.0,4,653.0
2.0,17.0,149.0,561.0,653.0,809.0,4,829.0
2.0,17.0,149.0,561.0,653.0,809.0,4,829.0
2.0,17.0,149.0,561.0,642.0,809.0,4,829.0
2.0,17.0,561.0,635.0,642.0,809.0,4,829.0
2.0,17.0,211.0,635.0,642.0,809.0,4,829.0
2.0,17.0,148.0,149.0,561.0,635.0,4,642.0
2.0,17.0,148.0,149.0,561.0,635.0,4,642.0
2.0,17.0,149.0,489.0,635.0,642.0,4,829.0
2.0,17.0,211.0,635.0,642.0,809.0,4,829.0
2.0,17.0,211.0,635.0,642.0,809.0,4,829.0
2.0,17.0,211.0,635.0,642.0,809.0,4,829.0
2.0,17.0,148.0,149.0,489.0,642.0,4,829.0
2.0,26.0,40.0,41.0,315.0,874.0,4,948.0
2.0,26.0,40.0,315.0,634.0,824.0,4,1024.0
2.0,26.0,41.0,315.0,634.0,874.0,4,1024.0
2.0,26.0,40.0,41.0,315.0,556.0,4,874.0
2.0,26.0,40.0,41.0,315.0,556.0,4,949.0
2.0,26.0,40.0,41.0,315.0,874.0,4,948.0
2.0,26.0,40.0,41.0,315.0,874.0,4,948.0
2.0,26.0,40.0,41.0,315.0,556.0,4,874.0
2.0,32.0,44.0,61.0,155.0,420.0,4,524.0
2.0,32.0,44.0,61.0,155.0,450.0,4,1022.0
2.0,32.0,61.0,155.0,450.0,477.0,4,524.0
2.0,32.0,44.0,61.0,155.0,420.0,4,524.0
2.0,0.0,13.0,493.0,535.0,686.0,4,713.0
2.0,0.0,493.0,535.0,686.0,713.0,4,1037.0
2.0,0.0,493.0,535.0,695.0,713.0,4,1037.0
2.0,0.0,535.0,695.0,713.0,851.0,4,1037.0
2.0,0.0,6.0,686.0,695.0,851.0,4,910.0
2.0,0.0,493.0,686.0,713.0,851.0,4,910.0
2.0,0.0,493.0,686.0,713.0,851.0,4,910.0
2.0,0.0,13.0,493.0,686.0,713.0,4,910.0
2.0,0.0,493.0,686.0,713.0,810.0,4,910.0
2.0,0.0,13.0,493.0,686.0,713.0,4,1037.0
2.0,0.0,493.0,695.0,713.0,810.0,4,910.0
2.0,0.0,6.0,695.0,810.0,851.0,4,910.0
2.0,0.0,13.0,493.0,686.0,695.0,4,851.0
2.0,0.0,13.0,493.0,686.0,713.0,4,851.0
2.0,0.0,13.0,493.0,695.0,713.0,4,851.0
2.0,0.0,6.0,676.0,695.0,810.0,4,851.0
2.0,32.0,44.0,61.0,155.0,450.0,4,1022.0
2.0,32.0,44.0,61.0,450.0,477.0,4,1022.0
2.0,32.0,44.0,61.0,155.0,420.0,4,524.0
2.0,32.0,61.0,155.0,450.0,477.0,4,1022.0
2.0,32.0,44.0,155.0,420.0,450.0,4,1022.0
2.0,32.0,44.0,61.0,155.0,477.0,4,1022.0
2.0,32.0,44.0,61.0,155.0,595.0,4,1022.0
2.0,32.0,44.0,450.0,477.0,595.0,4,849.0
2.0,32.0,155.0,420.0,450.0,477.0,4,849.0
2.0,32.0,44.0,61.0,155.0,420.0,4,1022.0
2.0,32.0,44.0,61.0,155.0,477.0,4,1022.0
2.0,32.0,155.0,420.0,450.0,595.0,4,849.0
2.0,32.0,420.0,450.0,477.0,595.0,4,849.0
2.0,16.0,200.0,296.0,674.0,902.0,4,996.0
2.0,16.0,165.0,200.0,296.0,902.0,4,996.0
2.0,16.0,165.0,200.0,296.0,495.0,4,902.0
2.0,16.0,165.0,495.0,674.0,702.0,4,1030.0
2.0,16.0,296.0,674.0,902.0,996.0,4,1030.0
2.0,16.0,200.0,296.0,674.0,902.0,4,996.0
2.0,16.0,165.0,200.0,296.0,902.0,4,996.0
2.0,16.0,200.0,296.0,674.0,902.0,4,996.0
2.0,16.0,165.0,200.0,296.0,495.0,4,902.0
2.0,16.0,165.0,200.0,296.0,495.0,4,902.0
2.0,16.0,165.0,200.0,296.0,902.0,4,996.0
2.0,32.0,44.0,61.0,155.0,477.0,4,524.0
2.0,32.0,44.0,61.0,155.0,524.0,4,595.0
2.0,32.0,420.0,450.0,477.0,595.0,4,1022.0
2.0,32.0,44.0,420.0,450.0,477.0,4,1022.0
2.0,32.0,44.0,61.0,155.0,477.0,4,524.0
2.0,32.0,44.0,155.0,420.0,450.0,4,524.0
2.0,32.0,44.0,61.0,155.0,524.0,4,595.0
2.0,32.0,44.0,61.0,155.0,420.0,4,524.0
2.0,32.0,44.0,61.0,155.0,420.0,4,524.0
2.0,32.0,44.0,155.0,450.0,595.0,4,849.0
2.0,32.0,44.0,155.0,450.0,595.0,4,849.0
2.0,32.0,44.0,61.0,155.0,499.0,4,524.0
2.0,32.0,44.0,61.0,155.0,499.0,4,524.0
2.0,32.0,44.0,61.0,155.0,499.0,4,524.0
2.0,32.0,44.0,61.0,155.0,499.0,4,524.0
2.0,32.0,44.0,61.0,155.0,420.0,4,524.0
2.0,32.0,61.0,155.0,420.0,524.0,4,595.0
2.0,32.0,61.0,420.0,499.0,524.0,4,595.0
2.0,32.0,420.0,450.0,499.0,524.0,4,595.0
2.0,32.0,61.0,155.0,450.0,499.0,4,849.0
2.0,32.0,61.0,155.0,420.0,499.0,4,524.0
2.0,32.0,61.0,155.0,450.0,499.0,4,524.0
2.0,32.0,61.0,155.0,420.0,524.0,4,595.0
2.0,32.0,155.0,450.0,499.0,595.0,4,1022.0
2.0,32.0,155.0,450.0,499.0,595.0,4,1022.0
2.0,32.0,44.0,155.0,450.0,499.0,4,524.0
2.0,32.0,155.0,420.0,450.0,477.0,4,524.0
2.0,32.0,44.0,61.0,450.0,477.0,4,849.0
2.0,32.0,61.0,155.0,477.0,499.0,4,524.0
2.0,32.0,155.0,420.0,450.0,477.0,4,524.0
2.0,32.0,61.0,155.0,420.0,499.0,4,524.0
2.0,32.0,61.0,155.0,450.0,477.0,4,524.0
2.0,32.0,155.0,420.0,450.0,477.0,4,524.0
2.0,32.0,155.0,450.0,477.0,499.0,4,849.0
2.0,32.0,44.0,155.0,420.0,450.0,4,524.0
2.0,32.0,155.0,420.0,450.0,477.0,4,524.0
2.0,32.0,44.0,155.0,420.0,450.0,4,524.0
2.0,32.0,61.0,155.0,450.0,477.0,4,524.0
2.0,32.0,61.0,155.0,450.0,477.0,4,524.0
2.0,24.0,262.0,463.0,576.0,750.0,4,863.0
2.0,24.0,169.0,204.0,301.0,494.0,4,576.0
2.0,24.0,169.0,204.0,301.0,463.0,4,494.0
2.0,24.0,169.0,204.0,262.0,301.0,4,494.0
2.0,24.0,262.0,494.0,576.0,750.0,4,863.0
2.0,24.0,169.0,262.0,494.0,576.0,4,863.0
2.0,24.0,262.0,301.0,494.0,576.0,4,750.0
2.0,24.0,169.0,301.0,463.0,494.0,4,576.0
2.0,24.0,262.0,463.0,576.0,750.0,4,863.0
2.0,30.0,689.0,705.0,847.0,953.0,4,963.0
2.0,30.0,64.0,121.0,657.0,953.0,4,963.0
2.0,30.0,64.0,350.0,389.0,598.0,4,657.0
2.0,30.0,64.0,350.0,598.0,657.0,4,705.0
2.0,30.0,350.0,598.0,657.0,689.0,4,705.0
2.0,30.0,598.0,689.0,705.0,847.0,4,963.0
2.0,30.0,598.0,689.0,705.0,847.0,4,963.0
2.0,30.0,657.0,689.0,705.0,953.0,4,963.0
2.0,30.0,598.0,705.0,847.0,953.0,4,963.0
2.0,30.0,657.0,689.0,705.0,953.0,4,963.0
2.0,30.0,350.0,598.0,657.0,689.0,4,847.0
2.0,30.0,689.0,705.0,847.0,953.0,4,963.0
2.0,30.0,598.0,705.0,847.0,953.0,4,963.0
2.0,30.0,598.0,657.0,847.0,953.0,4,963.0
2.0,13.0,15.0,80.0,119.0,320.0,4,1036.0
2.0,13.0,15.0,80.0,238.0,320.0,4,787.0
2.0,13.0,15.0,80.0,449.0,925.0,4,1036.0
2.0,13.0,15.0,80.0,119.0,320.0,4,1036.0
2.0,13.0,15.0,80.0,238.0,320.0,4,1036.0
2.0,13.0,15.0,80.0,238.0,320.0,4,1036.0
2.0,13.0,80.0,238.0,320.0,673.0,4,1036.0
2.0,13.0,80.0,238.0,320.0,673.0,4,787.0
2.0,32.0,44.0,61.0,155.0,420.0,4,524.0
2.0,32.0,61.0,155.0,413.0,420.0,4,524.0
2.0,32.0,61.0,155.0,413.0,420.0,4,524.0
2.0,32.0,44.0,413.0,420.0,450.0,4,524.0
2.0,32.0,44.0,155.0,450.0,499.0,4,1022.0
2.0,32.0,44.0,61.0,155.0,499.0,4,1022.0
2.0,32.0,61.0,155.0,413.0,499.0,4,1022.0
2.0,32.0,44.0,61.0,155.0,499.0,4,1022.0
2.0,32.0,44.0,61.0,155.0,420.0,4,1022.0
2.0,32.0,44.0,61.0,413.0,420.0,4,1022.0
2.0,32.0,155.0,420.0,450.0,595.0,4,849.0
2.0,32.0,44.0,450.0,499.0,595.0,4,849.0
2.0,34.0,137.0,224.0,330.0,458.0,4,753.0
2.0,34.0,36.0,55.0,137.0,458.0,4,718.0
2.0,34.0,36.0,137.0,224.0,718.0,4,753.0
2.0,34.0,55.0,137.0,224.0,458.0,4,753.0
2.0,34.0,55.0,137.0,224.0,458.0,4,753.0
2.0,34.0,55.0,137.0,224.0,458.0,4,718.0
2.0,32.0,44.0,61.0,155.0,420.0,4,1022.0
2.0,32.0,44.0,61.0,155.0,420.0,4,1022.0
2.0,32.0,61.0,155.0,420.0,595.0,4,1022.0
2.0,32.0,155.0,420.0,450.0,595.0,4,1022.0
2.0,32.0,44.0,420.0,450.0,595.0,4,849.0
2.0,32.0,155.0,450.0,499.0,595.0,4,849.0
2.0,32.0,155.0,450.0,499.0,595.0,4,849.0
2.0,32.0,44.0,155.0,450.0,499.0,4,1022.0
2.0,32.0,44.0,155.0,450.0,499.0,4,1022.0
2.0,32.0,413.0,450.0,499.0,595.0,4,1022.0
2.0,0.0,493.0,535.0,695.0,713.0,4,910.0
2.0,0.0,493.0,535.0,695.0,713.0,4,910.0
2.0,0.0,493.0,535.0,695.0,713.0,4,851.0
2.0,0.0,493.0,535.0,695.0,713.0,4,1037.0
2.0,0.0,493.0,535.0,713.0,851.0,4,910.0
2.0,0.0,493.0,535.0,676.0,713.0,4,851.0
2.0,0.0,493.0,535.0,695.0,713.0,4,851.0
2.0,9.0,29.0,452.0,815.0,845.0,4,941.0
2.0,9.0,29.0,452.0,815.0,828.0,4,845.0
2.0,9.0,68.0,452.0,828.0,941.0,4,1019.0
2.0,9.0,29.0,68.0,828.0,845.0,4,941.0
2.0,9.0,29.0,68.0,828.0,845.0,4,941.0
2.0,9.0,29.0,68.0,452.0,845.0,4,941.0
2.0,9.0,29.0,34.0,815.0,845.0,4,941.0
2.0,9.0,29.0,34.0,815.0,845.0,4,941.0
2.0,9.0,29.0,34.0,815.0,845.0,4,941.0
2.0,9.0,29.0,68.0,74.0,452.0,4,828.0
2.0,9.0,29.0,68.0,452.0,828.0,4,845.0
2.0,9.0,68.0,74.0,452.0,845.0,4,1011.0
2.0,15.0,373.0,659.0,714.0,764.0,4,803.0
2.0,15.0,365.0,373.0,659.0,714.0,4,764.0
2.0,15.0,221.0,365.0,373.0,714.0,4,764.0
2.0,15.0,221.0,365.0,373.0,681.0,4,803.0
2.0,15.0,226.0,373.0,681.0,714.0,4,803.0
2.0,15.0,226.0,365.0,373.0,714.0,4,764.0
2.0,15.0,221.0,365.0,714.0,764.0,4,803.0
2.0,15.0,373.0,659.0,714.0,764.0,4,803.0
2.0,15.0,226.0,365.0,714.0,764.0,4,803.0
2.0,18.0,448.0,579.0,719.0,811.0,4,843.0
2.0,18.0,579.0,719.0,811.0,866.0,4,886.0
2.0,18.0,579.0,719.0,811.0,866.0,4,886.0
2.0,18.0,579.0,719.0,811.0,866.0,4,886.0
2.0,18.0,579.0,719.0,811.0,866.0,4,886.0
2.0,18.0,115.0,719.0,843.0,866.0,4,886.0
2.0,32.0,44.0,413.0,420.0,450.0,4,849.0
2.0,32.0,44.0,420.0,450.0,477.0,4,849.0
2.0,32.0,61.0,413.0,450.0,477.0,4,849.0
2.0,32.0,44.0,61.0,420.0,450.0,4,477.0
2.0,32.0,44.0,61.0,420.0,450.0,4,477.0
2.0,32.0,44.0,61.0,450.0,477.0,4,849.0
2.0,32.0,44.0,61.0,499.0,524.0,4,902.0
2.0,32.0,155.0,450.0,499.0,849.0,4,902.0
2.0,32.0,44.0,155.0,450.0,499.0,4,849.0
2.0,32.0,44.0,61.0,155.0,450.0,4,524.0
2.0,32.0,44.0,61.0,450.0,524.0,4,902.0
2.0,32.0,61.0,155.0,450.0,524.0,4,902.0
2.0,32.0,61.0,155.0,499.0,524.0,4,902.0
2.0,32.0,44.0,61.0,155.0,450.0,4,849.0
2.0,32.0,44.0,61.0,450.0,524.0,4,902.0
2.0,11.0,1.0,638.0,895.0,1008.0,4,1031.0
2.0,11.0,132.0,602.0,638.0,895.0,4,1008.0
2.0,11.0,132.0,602.0,700.0,1008.0,4,1031.0
2.0,11.0,132.0,602.0,700.0,1008.0,4,1031.0
2.0,11.0,132.0,602.0,700.0,1008.0,4,1031.0
2.0,11.0,1.0,132.0,638.0,700.0,4,895.0
2.0,11.0,132.0,602.0,638.0,700.0,4,895.0
2.0,11.0,132.0,602.0,638.0,895.0,4,1008.0
2.0,11.0,1.0,132.0,700.0,1008.0,4,1031.0
2.0,32.0,44.0,61.0,450.0,796.0,4,902.0
2.0,32.0,44.0,61.0,155.0,524.0,4,902.0
2.0,32.0,61.0,155.0,796.0,849.0,4,902.0
2.0,32.0,61.0,155.0,796.0,849.0,4,902.0
2.0,32.0,44.0,450.0,499.0,524.0,4,796.0
2.0,32.0,44.0,61.0,155.0,450.0,4,524.0
2.0,32.0,44.0,61.0,155.0,450.0,4,902.0
2.0,26.0,40.0,41.0,874.0,948.0,4,1024.0
2.0,26.0,40.0,41.0,684.0,948.0,4,1024.0
2.0,26.0,40.0,634.0,684.0,857.0,4,948.0
2.0,26.0,40.0,634.0,684.0,824.0,4,857.0
2.0,26.0,634.0,824.0,857.0,874.0,4,948.0
2.0,26.0,41.0,634.0,824.0,874.0,4,948.0
2.0,26.0,40.0,41.0,874.0,948.0,4,1024.0
2.0,26.0,40.0,41.0,874.0,948.0,4,1024.0
2.0,26.0,41.0,634.0,824.0,874.0,4,948.0
2.0,26.0,41.0,634.0,824.0,874.0,4,948.0
2.0,32.0,61.0,155.0,413.0,524.0,4,902.0
2.0,32.0,44.0,61.0,524.0,796.0,4,902.0
2.0,32.0,44.0,61.0,499.0,524.0,4,796.0
2.0,32.0,61.0,155.0,450.0,524.0,4,796.0
2.0,32.0,450.0,499.0,524.0,796.0,4,902.0
2.0,32.0,155.0,450.0,499.0,796.0,4,849.0
2.0,32.0,155.0,450.0,499.0,796.0,4,849.0
2.0,32.0,61.0,155.0,450.0,524.0,4,902.0
2.0,32.0,155.0,413.0,450.0,849.0,4,902.0
2.0,32.0,44.0,61.0,155.0,524.0,4,902.0
2.0,32.0,44.0,61.0,155.0,499.0,4,524.0
2.0,32.0,44.0,61.0,155.0,524.0,4,849.0
2.0,32.0,61.0,155.0,413.0,524.0,4,902.0
2.0,32.0,61.0,155.0,450.0,524.0,4,902.0
2.0,32.0,61.0,155.0,450.0,499.0,4,524.0
2.0,32.0,61.0,155.0,450.0,499.0,4,524.0
2.0,32.0,61.0,155.0,450.0,499.0,4,849.0
2.0,32.0,61.0,155.0,413.0,524.0,4,902.0
2.0,32.0,61.0,155.0,413.0,524.0,4,902.0
2.0,32.0,61.0,155.0,499.0,796.0,4,849.0
2.0,32.0,61.0,155.0,499.0,796.0,4,849.0
2.0,32.0,450.0,499.0,796.0,849.0,4,902.0
2.0,32.0,44.0,61.0,155.0,524.0,4,902.0
2.0,32.0,61.0,155.0,796.0,849.0,4,902.0
2.0,32.0,155.0,450.0,499.0,796.0,4,849.0
2.0,32.0,44.0,61.0,155.0,524.0,4,902.0
2.0,32.0,44.0,61.0,524.0,796.0,4,902.0
2.0,32.0,61.0,155.0,499.0,524.0,4,902.0
2.0,32.0,155.0,450.0,499.0,524.0,4,902.0
2.0,32.0,44.0,450.0,499.0,849.0,4,902.0
2.0,32.0,44.0,61.0,155.0,524.0,4,902.0
2.0,32.0,44.0,450.0,499.0,524.0,4,783.0
2.0,32.0,44.0,450.0,499.0,524.0,4,783.0
2.0,32.0,44.0,61.0,524.0,783.0,4,902.0
2.0,32.0,155.0,450.0,783.0,800.0,4,902.0
2.0,32.0,44.0,61.0,155.0,524.0,4,902.0
2.0,32.0,44.0,61.0,155.0,524.0,4,902.0
2.0,32.0,44.0,450.0,524.0,796.0,4,902.0
2.0,32.0,155.0,450.0,499.0,783.0,4,849.0
2.0,32.0,155.0,450.0,499.0,783.0,4,849.0
2.0,32.0,44.0,450.0,796.0,849.0,4,902.0
2.0,32.0,44.0,155.0,450.0,524.0,4,902.0
2.0,32.0,44.0,155.0,450.0,524.0,4,902.0
2.0,32.0,61.0,155.0,450.0,524.0,4,902.0
2.0,32.0,44.0,61.0,155.0,524.0,4,902.0
2.0,32.0,155.0,450.0,499.0,783.0,4,849.0
2.0,32.0,44.0,61.0,155.0,524.0,4,902.0
2.0,32.0,61.0,155.0,524.0,796.0,4,902.0
2.0,32.0,44.0,61.0,524.0,783.0,4,902.0
2.0,32.0,61.0,155.0,783.0,800.0,4,902.0
2.0,32.0,61.0,499.0,783.0,800.0,4,902.0
2.0,32.0,61.0,499.0,783.0,800.0,4,902.0
2.0,32.0,61.0,155.0,499.0,800.0,4,902.0
2.0,32.0,44.0,61.0,499.0,800.0,4,902.0
2.0,34.0,55.0,112.0,137.0,538.0,4,753.0
2.0,34.0,55.0,137.0,224.0,538.0,4,753.0
2.0,34.0,55.0,137.0,224.0,538.0,4,753.0
2.0,34.0,137.0,224.0,404.0,538.0,4,753.0
2.0,34.0,55.0,278.0,404.0,538.0,4,753.0
2.0,34.0,55.0,278.0,404.0,538.0,4,753.0
2.0,34.0,55.0,112.0,137.0,278.0,4,458.0
2.0,34.0,55.0,112.0,137.0,278.0,4,538.0
2.0,34.0,55.0,112.0,137.0,278.0,4,458.0
2.0,34.0,137.0,224.0,404.0,538.0,4,753.0
2.0,34.0,224.0,278.0,404.0,538.0,4,753.0
2.0,34.0,224.0,278.0,404.0,538.0,4,753.0
2.0,11.0,638.0,700.0,806.0,968.0,4,1031.0
2.0,11.0,113.0,132.0,806.0,968.0,4,1031.0
2.0,11.0,113.0,132.0,173.0,647.0,4,700.0
2.0,11.0,638.0,700.0,806.0,968.0,4,1031.0
2.0,11.0,113.0,132.0,806.0,968.0,4,1031.0
2.0,11.0,132.0,700.0,806.0,968.0,4,1031.0
2.0,11.0,1.0,113.0,132.0,173.0,4,700.0
2.0,11.0,1.0,113.0,132.0,173.0,4,700.0
2.0,11.0,638.0,700.0,806.0,968.0,4,1031.0
2.0,11.0,1.0,113.0,132.0,700.0,4,1031.0
2.0,11.0,132.0,700.0,806.0,968.0,4,1031.0
2.0,13.0,15.0,80.0,161.0,192.0,4,956.0
2.0,13.0,15.0,80.0,161.0,192.0,4,956.0
2.0,13.0,80.0,119.0,320.0,665.0,4,832.0
2.0,13.0,80.0,320.0,665.0,832.0,4,925.0
2.0,13.0,119.0,161.0,320.0,723.0,4,832.0
2.0,13.0,15.0,119.0,161.0,723.0,4,832.0
2.0,13.0,15.0,80.0,119.0,161.0,4,832.0
2.0,13.0,15.0,80.0,119.0,161.0,4,192.0
2.0,13.0,80.0,119.0,161.0,192.0,4,832.0
2.0,13.0,80.0,161.0,320.0,665.0,4,832.0
2.0,13.0,15.0,161.0,320.0,665.0,4,723.0
2.0,30.0,335.0,350.0,389.0,847.0,4,953.0
2.0,30.0,64.0,121.0,409.0,598.0,4,847.0
2.0,30.0,64.0,121.0,350.0,847.0,4,953.0
2.0,30.0,350.0,689.0,705.0,847.0,4,953.0
2.0,30.0,335.0,350.0,705.0,847.0,4,953.0
2.0,30.0,350.0,689.0,705.0,847.0,4,953.0
2.0,30.0,350.0,689.0,705.0,847.0,4,953.0
2.0,11.0,1.0,638.0,700.0,968.0,4,1031.0
2.0,11.0,132.0,173.0,647.0,968.0,4,1008.0
2.0,11.0,1.0,132.0,700.0,1008.0,4,1031.0
2.0,11.0,638.0,647.0,700.0,968.0,4,1031.0
2.0,24.0,301.0,463.0,501.0,576.0,4,750.0
2.0,24.0,204.0,463.0,494.0,841.0,4,863.0
2.0,24.0,301.0,501.0,576.0,750.0,4,863.0
2.0,24.0,301.0,463.0,494.0,501.0,4,576.0
2.0,24.0,204.0,494.0,501.0,576.0,4,863.0
2.0,24.0,463.0,576.0,750.0,841.0,4,863.0
2.0,24.0,463.0,576.0,750.0,841.0,4,863.0
2.0,24.0,301.0,463.0,494.0,576.0,4,863.0
2.0,34.0,55.0,137.0,247.0,248.0,4,404.0
2.0,34.0,36.0,55.0,67.0,137.0,4,247.0
2.0,34.0,36.0,55.0,67.0,137.0,4,753.0
2.0,34.0,55.0,224.0,247.0,248.0,4,404.0
2.0,34.0,36.0,55.0,137.0,247.0,4,753.0
2.0,34.0,55.0,137.0,247.0,248.0,4,404.0
2.0,34.0,36.0,55.0,137.0,247.0,4,248.0
2.0,34.0,36.0,55.0,137.0,247.0,4,538.0
2.0,34.0,36.0,55.0,67.0,137.0,4,538.0
2.0,34.0,55.0,67.0,224.0,330.0,4,538.0
2.0,16.0,165.0,200.0,495.0,902.0,4,1030.0
2.0,16.0,296.0,674.0,702.0,902.0,4,996.0
2.0,16.0,296.0,674.0,702.0,902.0,4,996.0
2.0,16.0,296.0,674.0,702.0,902.0,4,996.0
2.0,16.0,296.0,495.0,674.0,702.0,4,902.0
2.0,16.0,165.0,200.0,495.0,902.0,4,1030.0
2.0,16.0,296.0,495.0,674.0,702.0,4,1030.0
2.0,11.0,638.0,647.0,700.0,806.0,4,1031.0
2.0,11.0,638.0,700.0,806.0,895.0,4,1031.0
2.0,11.0,132.0,638.0,700.0,806.0,4,895.0
2.0,11.0,1.0,132.0,173.0,647.0,4,895.0
2.0,11.0,1.0,173.0,647.0,700.0,4,1031.0
2.0,11.0,638.0,647.0,700.0,806.0,4,1031.0
2.0,11.0,638.0,647.0,806.0,895.0,4,1031.0
2.0,11.0,638.0,647.0,806.0,895.0,4,1031.0
2.0,11.0,132.0,173.0,647.0,806.0,4,895.0
2.0,11.0,1.0,132.0,173.0,647.0,4,895.0
2.0,11.0,1.0,173.0,647.0,700.0,4,895.0
2.0,11.0,638.0,647.0,700.0,806.0,4,1031.0
2.0,11.0,173.0,638.0,647.0,700.0,4,806.0
2.0,11.0,132.0,173.0,647.0,700.0,4,806.0
2.0,11.0,1.0,132.0,647.0,895.0,4,1031.0
2.0,11.0,1.0,638.0,700.0,806.0,4,1031.0
2.0,11.0,1.0,173.0,700.0,806.0,4,1031.0
2.0,11.0,132.0,173.0,647.0,806.0,4,895.0
2.0,15.0,226.0,602.0,659.0,764.0,4,803.0
2.0,15.0,229.0,602.0,659.0,764.0,4,803.0
2.0,15.0,229.0,602.0,659.0,764.0,4,803.0
2.0,15.0,229.0,365.0,373.0,602.0,4,860.0
2.0,15.0,365.0,373.0,659.0,714.0,4,860.0
2.0,15.0,373.0,659.0,714.0,764.0,4,860.0
2.0,15.0,226.0,602.0,659.0,764.0,4,860.0
2.0,15.0,365.0,373.0,602.0,659.0,4,803.0
2.0,15.0,365.0,373.0,602.0,659.0,4,803.0
2.0,15.0,229.0,365.0,373.0,714.0,4,803.0
2.0,15.0,229.0,365.0,373.0,714.0,4,803.0
2.0,15.0,373.0,659.0,714.0,764.0,4,860.0
2.0,11.0,638.0,700.0,806.0,895.0,4,1031.0
2.0,11.0,638.0,700.0,806.0,895.0,4,1031.0
2.0,11.0,638.0,700.0,806.0,1008.0,4,1031.0
2.0,11.0,1.0,173.0,700.0,806.0,4,1031.0
2.0,11.0,132.0,700.0,806.0,895.0,4,1031.0
2.0,11.0,132.0,700.0,806.0,895.0,4,1031.0
2.0,13.0,15.0,80.0,320.0,665.0,4,1036.0
2.0,13.0,80.0,673.0,723.0,787.0,4,1036.0
2.0,13.0,15.0,320.0,665.0,723.0,4,787.0
2.0,13.0,15.0,80.0,320.0,665.0,4,1036.0
2.0,13.0,15.0,80.0,320.0,665.0,4,1036.0
2.0,13.0,15.0,80.0,320.0,665.0,4,1036.0
2.0,13.0,15.0,119.0,320.0,449.0,4,1036.0
2.0,13.0,15.0,119.0,320.0,449.0,4,1036.0
2.0,13.0,15.0,80.0,320.0,665.0,4,1036.0
2.0,18.0,14.0,191.0,719.0,811.0,4,866.0
2.0,18.0,14.0,191.0,582.0,812.0,4,866.0
2.0,18.0,14.0,191.0,582.0,812.0,4,866.0
2.0,18.0,14.0,191.0,582.0,812.0,4,866.0
2.0,18.0,14.0,579.0,811.0,812.0,4,843.0
2.0,18.0,14.0,579.0,811.0,812.0,4,866.0
2.0,18.0,14.0,191.0,811.0,812.0,4,866.0
2.0,18.0,14.0,582.0,678.0,811.0,4,866.0
2.0,18.0,14.0,582.0,678.0,811.0,4,812.0
2.0,18.0,14.0,191.0,582.0,811.0,4,812.0
2.0,18.0,14.0,191.0,582.0,811.0,4,812.0
2.0,11.0,638.0,806.0,895.0,968.0,4,1031.0
2.0,11.0,638.0,806.0,895.0,968.0,4,1031.0
2.0,11.0,638.0,700.0,806.0,968.0,4,1031.0
2.0,11.0,1.0,113.0,132.0,638.0,4,700.0
2.0,0.0,13.0,493.0,535.0,713.0,4,851.0
2.0,0.0,6.0,493.0,535.0,851.0,4,1037.0
2.0,0.0,6.0,535.0,695.0,851.0,4,910.0
2.0,0.0,6.0,13.0,695.0,851.0,4,910.0
2.0,0.0,13.0,493.0,535.0,713.0,4,851.0
2.0,0.0,13.0,493.0,535.0,713.0,4,851.0
2.0,0.0,493.0,535.0,695.0,713.0,4,1037.0
2.0,0.0,493.0,713.0,851.0,910.0,4,1037.0
2.0,0.0,6.0,13.0,493.0,851.0,4,1037.0
2.0,0.0,13.0,493.0,535.0,713.0,4,851.0
2.0,0.0,493.0,535.0,713.0,851.0,4,1037.0
2.0,26.0,40.0,41.0,874.0,948.0,4,1024.0
2.0,26.0,40.0,41.0,634.0,684.0,4,948.0
2.0,26.0,40.0,634.0,684.0,824.0,4,857.0
2.0,26.0,634.0,684.0,824.0,857.0,4,948.0
2.0,26.0,40.0,41.0,874.0,948.0,4,1024.0
2.0,26.0,40.0,634.0,684.0,857.0,4,949.0
2.0,26.0,41.0,634.0,684.0,824.0,4,948.0
2.0,26.0,40.0,41.0,634.0,684.0,4,948.0
2.0,24.0,463.0,576.0,750.0,841.0,4,863.0
2.0,24.0,494.0,576.0,605.0,750.0,4,863.0
2.0,24.0,301.0,576.0,746.0,750.0,4,863.0
2.0,24.0,576.0,605.0,746.0,750.0,4,863.0
2.0,24.0,463.0,576.0,750.0,841.0,4,863.0
2.0,24.0,494.0,576.0,605.0,746.0,4,863.0
2.0,24.0,301.0,463.0,494.0,605.0,4,746.0
2.0,24.0,301.0,463.0,494.0,605.0,4,746.0
2.0,24.0,463.0,494.0,576.0,746.0,4,863.0
2.0,24.0,463.0,494.0,576.0,750.0,4,863.0
2.0,11.0,638.0,806.0,895.0,1008.0,4,1031.0
2.0,11.0,113.0,638.0,806.0,1008.0,4,1031.0
2.0,11.0,1.0,132.0,173.0,895.0,4,1008.0
2.0,11.0,113.0,638.0,806.0,1008.0,4,1031.0
2.0,11.0,1.0,113.0,132.0,173.0,4,806.0
2.0,11.0,1.0,113.0,132.0,173.0,4,806.0
2.0,11.0,132.0,806.0,895.0,1008.0,4,1031.0
2.0,9.0,29.0,452.0,815.0,845.0,4,941.0
2.0,9.0,452.0,815.0,828.0,845.0,4,941.0
2.0,9.0,29.0,68.0,74.0,452.0,4,828.0
2.0,9.0,29.0,68.0,74.0,815.0,4,828.0
2.0,9.0,29.0,68.0,74.0,815.0,4,828.0
2.0,9.0,29.0,68.0,74.0,815.0,4,828.0
2.0,9.0,29.0,34.0,815.0,845.0,4,941.0
2.0,9.0,29.0,34.0,815.0,828.0,4,941.0
2.0,9.0,68.0,74.0,452.0,828.0,4,845.0
2.0,9.0,68.0,74.0,815.0,828.0,4,845.0
2.0,9.0,68.0,815.0,828.0,845.0,4,941.0
2.0,11.0,1.0,132.0,173.0,700.0,4,1008.0
2.0,11.0,1.0,132.0,173.0,700.0,4,1008.0
2.0,11.0,1.0,132.0,638.0,700.0,4,895.0
2.0,11.0,638.0,806.0,895.0,968.0,4,1031.0
2.0,11.0,638.0,806.0,895.0,968.0,4,1031.0
2.0,11.0,1.0,132.0,700.0,1008.0,4,1031.0
2.0,11.0,638.0,806.0,895.0,968.0,4,1031.0
2.0,11.0,700.0,806.0,895.0,968.0,4,1031.0
2.0,15.0,229.0,659.0,714.0,764.0,4,860.0
2.0,15.0,226.0,373.0,714.0,764.0,4,860.0
2.0,15.0,365.0,373.0,659.0,681.0,4,764.0
2.0,15.0,229.0,659.0,714.0,764.0,4,860.0
2.0,15.0,373.0,659.0,714.0,764.0,4,860.0
2.0,15.0,229.0,659.0,714.0,764.0,4,860.0
2.0,15.0,373.0,659.0,714.0,764.0,4,860.0
2.0,15.0,226.0,373.0,714.0,764.0,4,860.0
2.0,15.0,365.0,373.0,659.0,714.0,4,860.0
2.0,15.0,365.0,373.0,659.0,681.0,4,803.0
2.0,15.0,226.0,373.0,714.0,764.0,4,860.0
2.0,15.0,365.0,659.0,714.0,764.0,4,860.0
2.0,11.0,132.0,274.0,700.0,806.0,4,968.0
2.0,11.0,132.0,700.0,806.0,895.0,4,1031.0
2.0,11.0,173.0,638.0,806.0,895.0,4,968.0
2.0,11.0,638.0,806.0,895.0,968.0,4,1031.0
2.0,11.0,638.0,700.0,806.0,968.0,4,1031.0
2.0,11.0,132.0,700.0,806.0,968.0,4,1031.0
2.0,11.0,1.0,132.0,700.0,895.0,4,1031.0
2.0,11.0,1.0,132.0,700.0,895.0,4,968.0
2.0,11.0,638.0,700.0,806.0,895.0,4,1031.0
2.0,11.0,132.0,700.0,806.0,1008.0,4,1031.0
2.0,11.0,1.0,113.0,132.0,1008.0,4,1031.0
2.0,11.0,1.0,113.0,132.0,1008.0,4,1031.0
2.0,11.0,638.0,700.0,806.0,895.0,4,1008.0
2.0,11.0,638.0,700.0,806.0,895.0,4,1031.0
2.0,11.0,638.0,700.0,806.0,895.0,4,1031.0
2.0,11.0,638.0,700.0,806.0,895.0,4,1031.0
2.0,11.0,1.0,113.0,173.0,895.0,4,1008.0
2.0,11.0,1.0,113.0,895.0,1008.0,4,1031.0
2.0,11.0,1.0,113.0,173.0,638.0,4,1008.0
2.0,11.0,1.0,638.0,700.0,895.0,4,1031.0
2.0,11.0,1.0,638.0,700.0,895.0,4,1031.0
2.0,11.0,1.0,638.0,700.0,895.0,4,1031.0
2.0,11.0,113.0,602.0,895.0,1008.0,4,1031.0
2.0,11.0,113.0,602.0,895.0,1008.0,4,1031.0
2.0,11.0,113.0,602.0,895.0,1008.0,4,1031.0
2.0,11.0,113.0,173.0,274.0,602.0,4,1008.0
2.0,11.0,113.0,116.0,173.0,602.0,4,1008.0
2.0,18.0,93.0,448.0,719.0,811.0,4,866.0
2.0,18.0,93.0,448.0,719.0,811.0,4,866.0
2.0,18.0,93.0,579.0,719.0,811.0,4,866.0
2.0,18.0,93.0,115.0,191.0,719.0,4,811.0
2.0,18.0,93.0,115.0,191.0,719.0,4,843.0
2.0,18.0,93.0,191.0,719.0,843.0,4,866.0
2.0,18.0,579.0,719.0,811.0,843.0,4,866.0
2.0,18.0,448.0,579.0,582.0,811.0,4,866.0
2.0,18.0,93.0,678.0,719.0,811.0,4,866.0
2.0,18.0,93.0,115.0,191.0,719.0,4,843.0
2.0,18.0,115.0,191.0,719.0,811.0,4,843.0
2.0,11.0,1.0,638.0,700.0,895.0,4,1031.0
2.0,11.0,132.0,602.0,700.0,1008.0,4,1031.0
2.0,11.0,113.0,132.0,173.0,602.0,4,1008.0
2.0,11.0,113.0,132.0,173.0,602.0,4,895.0
2.0,11.0,1.0,602.0,638.0,700.0,4,1031.0
2.0,11.0,1.0,602.0,638.0,700.0,4,1031.0
2.0,11.0,1.0,132.0,602.0,638.0,4,700.0
2.0,11.0,1.0,638.0,700.0,895.0,4,1031.0
2.0,11.0,132.0,602.0,700.0,1008.0,4,1031.0
2.0,11.0,1.0,638.0,700.0,895.0,4,1031.0
2.0,11.0,1.0,700.0,895.0,1008.0,4,1031.0
2.0,11.0,1.0,638.0,700.0,895.0,4,1031.0
2.0,11.0,113.0,274.0,602.0,638.0,4,1008.0
2.0,11.0,113.0,173.0,602.0,1008.0,4,1031.0
2.0,11.0,113.0,173.0,602.0,1008.0,4,1031.0
2.0,11.0,1.0,638.0,700.0,895.0,4,1031.0
2.0,11.0,173.0,602.0,700.0,1008.0,4,1031.0
2.0,11.0,173.0,602.0,638.0,895.0,4,1008.0
2.0,11.0,602.0,638.0,700.0,895.0,4,1031.0
2.0,11.0,1.0,173.0,700.0,1008.0,4,1031.0
2.0,11.0,113.0,173.0,602.0,638.0,4,1008.0
2.0,11.0,602.0,638.0,700.0,895.0,4,1031.0
2.0,11.0,1.0,638.0,700.0,895.0,4,1031.0
2.0,11.0,1.0,638.0,700.0,895.0,4,1031.0
2.0,11.0,1.0,602.0,700.0,895.0,4,1031.0
2.0,11.0,113.0,173.0,602.0,700.0,4,1008.0
2.0,30.0,598.0,705.0,847.0,953.0,4,963.0
2.0,30.0,290.0,350.0,389.0,689.0,4,847.0
2.0,30.0,389.0,598.0,847.0,953.0,4,963.0
2.0,30.0,389.0,598.0,847.0,953.0,4,963.0
2.0,30.0,598.0,705.0,847.0,953.0,4,963.0
2.0,30.0,121.0,389.0,689.0,847.0,4,953.0
2.0,30.0,389.0,598.0,689.0,705.0,4,963.0
2.0,30.0,389.0,598.0,689.0,847.0,4,963.0
2.0,30.0,389.0,598.0,705.0,847.0,4,963.0
2.0,30.0,121.0,389.0,689.0,953.0,4,963.0
2.0,11.0,1.0,638.0,700.0,895.0,4,1031.0
2.0,11.0,1.0,638.0,700.0,895.0,4,1031.0
2.0,11.0,173.0,602.0,700.0,1008.0,4,1031.0
2.0,11.0,173.0,602.0,700.0,1008.0,4,1031.0
2.0,11.0,173.0,602.0,638.0,895.0,4,1008.0
2.0,11.0,1.0,638.0,700.0,895.0,4,1031.0
2.0,11.0,1.0,638.0,700.0,895.0,4,1031.0
2.0,11.0,1.0,173.0,700.0,895.0,4,1031.0
2.0,11.0,113.0,173.0,602.0,638.0,4,895.0
2.0,11.0,1.0,638.0,700.0,895.0,4,1031.0
2.0,11.0,113.0,132.0,602.0,1008.0,4,1031.0
2.0,11.0,113.0,132.0,602.0,1008.0,4,1031.0
2.0,11.0,173.0,602.0,638.0,895.0,4,1008.0
2.0,11.0,1.0,638.0,700.0,895.0,4,1031.0
2.0,11.0,1.0,638.0,700.0,895.0,4,1031.0
2.0,11.0,113.0,132.0,173.0,602.0,4,1008.0
2.0,16.0,296.0,674.0,702.0,902.0,4,996.0
2.0,16.0,200.0,296.0,674.0,902.0,4,996.0
2.0,16.0,165.0,200.0,677.0,902.0,4,1030.0
2.0,16.0,165.0,200.0,677.0,702.0,4,1030.0
2.0,16.0,165.0,200.0,677.0,702.0,4,1030.0
2.0,16.0,165.0,200.0,677.0,702.0,4,1030.0
2.0,16.0,296.0,674.0,677.0,702.0,4,1030.0
2.0,16.0,296.0,674.0,702.0,902.0,4,996.0
2.0,16.0,296.0,674.0,702.0,902.0,4,996.0
2.0,16.0,165.0,296.0,902.0,996.0,4,1030.0
2.0,16.0,165.0,296.0,677.0,996.0,4,1030.0
2.0,16.0,165.0,200.0,677.0,996.0,4,1030.0
2.0,16.0,165.0,200.0,677.0,702.0,4,1030.0
2.0,16.0,296.0,674.0,677.0,702.0,4,1030.0
2.0,16.0,296.0,674.0,677.0,702.0,4,1030.0
2.0,16.0,296.0,674.0,677.0,702.0,4,1030.0
2.0,16.0,296.0,674.0,702.0,996.0,4,1030.0
2.0,16.0,296.0,674.0,702.0,996.0,4,1030.0
2.0,16.0,296.0,674.0,702.0,996.0,4,1030.0
2.0,30.0,335.0,389.0,705.0,847.0,4,963.0
2.0,30.0,261.0,335.0,350.0,389.0,4,705.0
2.0,30.0,261.0,350.0,705.0,847.0,4,953.0
2.0,30.0,261.0,350.0,389.0,847.0,4,953.0
2.0,30.0,64.0,389.0,705.0,847.0,4,953.0
2.0,30.0,64.0,261.0,350.0,847.0,4,953.0
2.0,30.0,261.0,335.0,389.0,705.0,4,847.0
2.0,30.0,64.0,121.0,335.0,350.0,4,705.0
2.0,30.0,64.0,121.0,389.0,847.0,4,953.0
2.0,30.0,64.0,261.0,389.0,598.0,4,847.0
2.0,30.0,64.0,261.0,389.0,598.0,4,847.0
2.0,16.0,296.0,674.0,702.0,996.0,4,1030.0
2.0,16.0,165.0,200.0,296.0,495.0,4,996.0
2.0,16.0,165.0,200.0,495.0,702.0,4,1030.0
2.0,16.0,296.0,674.0,702.0,996.0,4,1030.0
2.0,16.0,165.0,200.0,296.0,495.0,4,702.0
2.0,16.0,165.0,200.0,296.0,702.0,4,996.0
2.0,16.0,165.0,200.0,296.0,702.0,4,996.0
2.0,16.0,296.0,674.0,702.0,902.0,4,996.0
2.0,16.0,165.0,200.0,674.0,902.0,4,996.0
2.0,16.0,165.0,200.0,495.0,702.0,4,1030.0
2.0,16.0,165.0,200.0,296.0,702.0,4,996.0
2.0,16.0,200.0,296.0,674.0,902.0,4,996.0
2.0,16.0,165.0,296.0,702.0,902.0,4,996.0
2.0,16.0,165.0,296.0,702.0,902.0,4,996.0
2.0,16.0,165.0,200.0,296.0,902.0,4,996.0
2.0,16.0,165.0,200.0,296.0,495.0,4,902.0
2.0,16.0,165.0,200.0,674.0,702.0,4,996.0
2.0,16.0,165.0,200.0,674.0,702.0,4,996.0
2.0,34.0,36.0,137.0,248.0,404.0,4,753.0
2.0,34.0,36.0,248.0,278.0,404.0,4,753.0
2.0,34.0,36.0,55.0,137.0,538.0,4,753.0
2.0,34.0,55.0,137.0,247.0,404.0,4,538.0
2.0,34.0,55.0,137.0,247.0,404.0,4,753.0
2.0,34.0,55.0,137.0,224.0,247.0,4,753.0
2.0,34.0,55.0,137.0,224.0,538.0,4,753.0
2.0,34.0,36.0,55.0,404.0,538.0,4,753.0
2.0,34.0,36.0,55.0,404.0,538.0,4,753.0
2.0,34.0,36.0,55.0,137.0,404.0,4,538.0
2.0,34.0,36.0,55.0,137.0,404.0,4,538.0
2.0,34.0,55.0,137.0,404.0,538.0,4,753.0
2.0,13.0,15.0,80.0,320.0,665.0,4,1036.0
2.0,13.0,15.0,80.0,320.0,665.0,4,1036.0
2.0,13.0,15.0,80.0,665.0,723.0,4,1036.0
2.0,16.0,296.0,495.0,674.0,902.0,4,996.0
2.0,16.0,296.0,702.0,900.0,902.0,4,996.0
2.0,16.0,200.0,416.0,900.0,902.0,4,1030.0
2.0,16.0,296.0,495.0,674.0,996.0,4,1030.0
2.0,16.0,200.0,296.0,495.0,902.0,4,996.0
2.0,16.0,296.0,495.0,674.0,902.0,4,996.0
2.0,16.0,200.0,495.0,674.0,702.0,4,1030.0
2.0,16.0,296.0,674.0,902.0,996.0,4,1030.0
2.0,16.0,296.0,674.0,702.0,902.0,4,996.0
2.0,16.0,165.0,200.0,702.0,902.0,4,996.0
2.0,16.0,296.0,495.0,674.0,996.0,4,1030.0
2.0,16.0,296.0,495.0,674.0,902.0,4,1030.0
2.0,16.0,296.0,495.0,674.0,902.0,4,996.0
2.0,16.0,165.0,200.0,702.0,902.0,4,996.0
2.0,16.0,296.0,495.0,674.0,702.0,4,1030.0
2.0,16.0,296.0,674.0,902.0,996.0,4,1030.0
2.0,16.0,296.0,495.0,674.0,902.0,4,996.0
2.0,16.0,296.0,495.0,674.0,902.0,4,996.0
2.0,16.0,165.0,200.0,416.0,902.0,4,1030.0
2.0,16.0,165.0,200.0,296.0,902.0,4,996.0
2.0,16.0,200.0,416.0,674.0,902.0,4,1030.0
2.0,16.0,200.0,296.0,674.0,902.0,4,996.0
2.0,15.0,226.0,229.0,602.0,764.0,4,860.0
2.0,15.0,226.0,373.0,602.0,803.0,4,860.0
2.0,15.0,226.0,659.0,714.0,803.0,4,860.0
2.0,15.0,229.0,659.0,714.0,764.0,4,803.0
2.0,15.0,226.0,714.0,764.0,803.0,4,860.0
2.0,15.0,226.0,229.0,602.0,764.0,4,860.0
2.0,15.0,226.0,229.0,602.0,764.0,4,860.0
2.0,15.0,229.0,602.0,659.0,764.0,4,860.0
2.0,15.0,229.0,602.0,659.0,764.0,4,860.0
2.0,15.0,365.0,373.0,659.0,714.0,4,803.0
2.0,15.0,226.0,373.0,714.0,764.0,4,860.0
2.0,16.0,296.0,674.0,702.0,996.0,4,1030.0
2.0,16.0,165.0,200.0,416.0,702.0,4,1030.0
2.0,16.0,165.0,200.0,296.0,416.0,4,702.0
2.0,16.0,200.0,296.0,495.0,674.0,4,996.0
2.0,16.0,296.0,674.0,702.0,996.0,4,1030.0
2.0,16.0,296.0,674.0,702.0,996.0,4,1030.0
2.0,16.0,165.0,296.0,702.0,996.0,4,1030.0
2.0,16.0,165.0,200.0,702.0,996.0,4,1030.0
2.0,16.0,165.0,416.0,674.0,702.0,4,1030.0
2.0,16.0,200.0,296.0,416.0,702.0,4,1030.0
2.0,16.0,296.0,416.0,674.0,902.0,4,996.0
2.0,16.0,200.0,296.0,416.0,674.0,4,996.0
2.0,16.0,165.0,200.0,296.0,416.0,4,702.0
2.0,16.0,165.0,200.0,702.0,996.0,4,1030.0
2.0,16.0,296.0,674.0,702.0,902.0,4,996.0
2.0,16.0,296.0,416.0,674.0,702.0,4,902.0
2.0,16.0,296.0,416.0,674.0,902.0,4,996.0
2.0,16.0,165.0,296.0,416.0,702.0,4,902.0
2.0,16.0,296.0,674.0,702.0,996.0,4,1030.0
2.0,18.0,14.0,191.0,719.0,843.0,4,886.0
2.0,18.0,115.0,579.0,719.0,811.0,4,843.0
2.0,18.0,115.0,579.0,719.0,811.0,4,843.0
2.0,18.0,14.0,579.0,719.0,811.0,4,843.0
2.0,18.0,14.0,579.0,843.0,866.0,4,886.0
2.0,18.0,14.0,191.0,811.0,866.0,4,886.0
2.0,18.0,14.0,191.0,719.0,843.0,4,886.0
2.0,18.0,115.0,579.0,719.0,811.0,4,843.0
2.0,18.0,115.0,579.0,719.0,811.0,4,843.0
2.0,18.0,14.0,811.0,843.0,866.0,4,886.0
2.0,24.0,262.0,301.0,463.0,576.0,4,746.0
2.0,24.0,262.0,301.0,463.0,576.0,4,746.0
2.0,24.0,169.0,301.0,576.0,605.0,4,746.0
2.0,24.0,262.0,463.0,576.0,750.0,4,863.0
2.0,24.0,301.0,576.0,605.0,746.0,4,863.0
2.0,24.0,301.0,576.0,605.0,746.0,4,863.0
2.0,24.0,262.0,463.0,576.0,750.0,4,863.0
2.0,16.0,296.0,416.0,674.0,996.0,4,1030.0
2.0,16.0,200.0,416.0,674.0,996.0,4,1030.0
2.0,16.0,200.0,427.0,674.0,702.0,4,996.0
2.0,16.0,165.0,200.0,427.0,495.0,4,702.0
2.0,16.0,165.0,296.0,427.0,495.0,4,702.0
2.0,16.0,165.0,296.0,427.0,495.0,4,996.0
2.0,16.0,296.0,427.0,674.0,702.0,4,996.0
2.0,16.0,296.0,427.0,674.0,702.0,4,996.0
2.0,16.0,200.0,296.0,674.0,677.0,4,996.0
2.0,16.0,296.0,416.0,674.0,996.0,4,1030.0
2.0,16.0,165.0,200.0,296.0,495.0,4,996.0
2.0,16.0,200.0,296.0,674.0,677.0,4,996.0
2.0,16.0,200.0,296.0,674.0,677.0,4,996.0
2.0,16.0,296.0,416.0,674.0,996.0,4,1030.0
2.0,16.0,165.0,200.0,427.0,495.0,4,702.0
2.0,16.0,200.0,296.0,427.0,495.0,4,996.0
2.0,16.0,200.0,296.0,495.0,674.0,4,996.0
2.0,16.0,296.0,495.0,674.0,996.0,4,1030.0
2.0,16.0,200.0,296.0,495.0,674.0,4,996.0
2.0,16.0,200.0,296.0,495.0,674.0,4,702.0
2.0,16.0,200.0,296.0,495.0,674.0,4,702.0
2.0,16.0,200.0,427.0,495.0,674.0,4,702.0
2.0,16.0,165.0,200.0,427.0,495.0,4,702.0
2.0,16.0,165.0,427.0,495.0,702.0,4,1030.0
2.0,16.0,296.0,416.0,674.0,996.0,4,1030.0
2.0,16.0,296.0,416.0,674.0,902.0,4,996.0
2.0,16.0,165.0,296.0,495.0,902.0,4,996.0
2.0,16.0,165.0,296.0,495.0,902.0,4,996.0
2.0,16.0,427.0,495.0,674.0,702.0,4,902.0
2.0,16.0,296.0,427.0,495.0,674.0,4,702.0
2.0,16.0,296.0,427.0,674.0,702.0,4,996.0
2.0,16.0,296.0,416.0,674.0,902.0,4,996.0
2.0,16.0,296.0,495.0,674.0,902.0,4,996.0
2.0,16.0,165.0,296.0,427.0,495.0,4,702.0
2.0,16.0,427.0,495.0,674.0,702.0,4,1030.0
2.0,16.0,165.0,427.0,495.0,702.0,4,1030.0
2.0,9.0,29.0,68.0,815.0,845.0,4,941.0
2.0,9.0,29.0,68.0,815.0,828.0,4,941.0
2.0,9.0,29.0,68.0,815.0,828.0,4,941.0
2.0,9.0,68.0,74.0,452.0,828.0,4,845.0
2.0,9.0,68.0,74.0,452.0,828.0,4,845.0
2.0,9.0,29.0,34.0,815.0,845.0,4,941.0
2.0,9.0,29.0,68.0,815.0,845.0,4,941.0
2.0,9.0,68.0,815.0,828.0,845.0,4,941.0
2.0,9.0,29.0,68.0,815.0,845.0,4,941.0
2.0,26.0,40.0,41.0,874.0,948.0,4,1024.0
2.0,26.0,40.0,41.0,874.0,948.0,4,1024.0
2.0,26.0,40.0,634.0,684.0,824.0,4,857.0
2.0,26.0,634.0,684.0,824.0,857.0,4,948.0
2.0,26.0,634.0,684.0,824.0,857.0,4,948.0
2.0,16.0,296.0,416.0,674.0,902.0,4,996.0
2.0,16.0,165.0,200.0,427.0,495.0,4,702.0
2.0,16.0,296.0,495.0,674.0,902.0,4,996.0
2.0,16.0,296.0,495.0,674.0,902.0,4,996.0
2.0,16.0,200.0,495.0,674.0,902.0,4,996.0
2.0,16.0,165.0,200.0,427.0,495.0,4,702.0
2.0,16.0,200.0,296.0,495.0,674.0,4,996.0
2.0,16.0,296.0,427.0,477.0,674.0,4,996.0
2.0,16.0,165.0,200.0,296.0,702.0,4,996.0
2.0,16.0,165.0,200.0,296.0,477.0,4,996.0
2.0,16.0,165.0,200.0,296.0,477.0,4,996.0
2.0,16.0,296.0,427.0,674.0,702.0,4,996.0
2.0,16.0,200.0,296.0,495.0,674.0,4,702.0
2.0,16.0,200.0,296.0,495.0,674.0,4,702.0
2.0,16.0,296.0,477.0,674.0,996.0,4,1030.0
2.0,16.0,165.0,296.0,420.0,477.0,4,702.0
2.0,16.0,296.0,420.0,477.0,674.0,4,702.0
2.0,16.0,200.0,296.0,420.0,477.0,4,702.0
2.0,16.0,200.0,296.0,420.0,702.0,4,996.0
2.0,16.0,165.0,296.0,702.0,996.0,4,1030.0
2.0,16.0,200.0,296.0,420.0,477.0,4,702.0
2.0,16.0,296.0,420.0,477.0,674.0,4,996.0
2.0,16.0,200.0,674.0,702.0,996.0,4,1030.0
2.0,16.0,296.0,420.0,477.0,674.0,4,702.0
2.0,16.0,200.0,296.0,420.0,477.0,4,996.0
2.0,16.0,296.0,477.0,674.0,996.0,4,1030.0
2.0,16.0,200.0,296.0,477.0,996.0,4,1030.0
2.0,16.0,296.0,420.0,477.0,996.0,4,1030.0
2.0,16.0,296.0,420.0,477.0,996.0,4,1030.0
2.0,16.0,296.0,420.0,702.0,996.0,4,1030.0
2.0,16.0,296.0,420.0,702.0,996.0,4,1030.0
2.0,16.0,200.0,296.0,420.0,702.0,4,996.0
2.0,16.0,200.0,296.0,420.0,702.0,4,996.0
2.0,0.0,13.0,493.0,535.0,686.0,4,713.0
2.0,0.0,13.0,686.0,695.0,851.0,4,1037.0
2.0,0.0,13.0,493.0,535.0,686.0,4,713.0
2.0,0.0,13.0,493.0,535.0,695.0,4,713.0
2.0,0.0,13.0,493.0,535.0,686.0,4,713.0
2.0,0.0,13.0,493.0,535.0,686.0,4,713.0
2.0,0.0,13.0,493.0,535.0,686.0,4,851.0
2.0,0.0,13.0,686.0,695.0,851.0,4,1037.0
2.0,0.0,13.0,493.0,535.0,686.0,4,851.0
2.0,26.0,40.0,41.0,874.0,948.0,4,1024.0
2.0,26.0,40.0,41.0,874.0,948.0,4,1024.0
2.0,26.0,41.0,634.0,684.0,824.0,4,948.0
2.0,26.0,40.0,41.0,634.0,874.0,4,948.0
2.0,26.0,40.0,41.0,684.0,948.0,4,949.0
2.0,26.0,40.0,284.0,634.0,684.0,4,948.0
2.0,26.0,40.0,284.0,634.0,684.0,4,948.0
2.0,26.0,41.0,284.0,634.0,874.0,4,948.0
2.0,26.0,41.0,284.0,634.0,874.0,4,948.0
2.0,26.0,40.0,41.0,284.0,634.0,4,874.0
2.0,9.0,68.0,74.0,599.0,845.0,4,941.0
2.0,9.0,68.0,74.0,452.0,1011.0,4,1019.0
2.0,9.0,34.0,599.0,845.0,1011.0,4,1019.0
2.0,9.0,68.0,74.0,599.0,845.0,4,941.0
2.0,9.0,68.0,452.0,845.0,1011.0,4,1019.0
2.0,9.0,68.0,452.0,941.0,1011.0,4,1019.0
2.0,9.0,68.0,74.0,452.0,845.0,4,941.0
2.0,16.0,296.0,416.0,420.0,674.0,4,996.0
2.0,16.0,296.0,420.0,647.0,702.0,4,996.0
2.0,16.0,200.0,427.0,495.0,647.0,4,702.0
2.0,16.0,200.0,416.0,427.0,674.0,4,702.0
2.0,16.0,296.0,416.0,420.0,674.0,4,996.0
2.0,16.0,296.0,420.0,647.0,702.0,4,996.0
2.0,16.0,200.0,420.0,647.0,702.0,4,996.0
2.0,34.0,36.0,55.0,137.0,458.0,4,753.0
2.0,34.0,55.0,112.0,278.0,458.0,4,538.0
2.0,34.0,55.0,137.0,224.0,404.0,4,538.0
2.0,34.0,55.0,137.0,278.0,404.0,4,458.0
2.0,34.0,55.0,112.0,137.0,278.0,4,458.0
2.0,34.0,55.0,112.0,137.0,278.0,4,458.0
2.0,34.0,36.0,55.0,137.0,278.0,4,538.0
2.0,34.0,36.0,55.0,137.0,278.0,4,538.0
2.0,34.0,55.0,112.0,137.0,278.0,4,458.0
2.0,16.0,165.0,416.0,420.0,427.0,4,702.0
2.0,16.0,165.0,416.0,420.0,427.0,4,702.0
2.0,16.0,296.0,420.0,477.0,674.0,4,702.0
2.0,16.0,296.0,420.0,477.0,674.0,4,702.0
2.0,16.0,296.0,416.0,420.0,427.0,4,702.0
2.0,16.0,416.0,427.0,674.0,702.0,4,1030.0
2.0,16.0,296.0,427.0,477.0,674.0,4,702.0
2.0,0.0,13.0,493.0,535.0,676.0,4,713.0
2.0,0.0,676.0,686.0,851.0,910.0,4,950.0
2.0,0.0,676.0,772.0,810.0,851.0,4,950.0
2.0,0.0,676.0,772.0,851.0,910.0,4,950.0
2.0,0.0,13.0,493.0,676.0,713.0,4,910.0
2.0,0.0,13.0,676.0,686.0,851.0,4,910.0
2.0,0.0,686.0,772.0,851.0,910.0,4,912.0
2.0,0.0,686.0,772.0,851.0,910.0,4,912.0
2.0,16.0,200.0,416.0,674.0,702.0,4,1030.0
2.0,16.0,200.0,416.0,427.0,674.0,4,702.0
2.0,16.0,165.0,200.0,427.0,495.0,4,677.0
2.0,16.0,165.0,285.0,427.0,495.0,4,677.0
2.0,16.0,165.0,285.0,427.0,495.0,4,1030.0
2.0,16.0,200.0,416.0,674.0,702.0,4,1030.0
2.0,16.0,200.0,495.0,674.0,702.0,4,1030.0
2.0,16.0,165.0,285.0,416.0,427.0,4,495.0
2.0,0.0,6.0,13.0,695.0,851.0,4,1037.0
2.0,0.0,493.0,535.0,686.0,713.0,4,1037.0
2.0,0.0,13.0,493.0,535.0,686.0,4,713.0
2.0,0.0,13.0,493.0,535.0,686.0,4,713.0
2.0,0.0,6.0,13.0,493.0,535.0,4,695.0
2.0,0.0,6.0,535.0,695.0,851.0,4,1037.0
2.0,0.0,6.0,493.0,535.0,851.0,4,1037.0
2.0,0.0,493.0,535.0,713.0,851.0,4,1037.0
2.0,0.0,493.0,535.0,713.0,851.0,4,1037.0
2.0,0.0,13.0,493.0,535.0,713.0,4,851.0
2.0,24.0,169.0,262.0,494.0,576.0,4,863.0
2.0,24.0,262.0,463.0,494.0,501.0,4,863.0
2.0,24.0,301.0,463.0,494.0,576.0,4,863.0
2.0,24.0,301.0,463.0,494.0,576.0,4,863.0
2.0,24.0,301.0,463.0,501.0,576.0,4,750.0
2.0,24.0,301.0,463.0,576.0,750.0,4,841.0
2.0,24.0,262.0,463.0,494.0,576.0,4,863.0
2.0,0.0,6.0,13.0,686.0,695.0,4,851.0
2.0,0.0,13.0,493.0,713.0,851.0,4,910.0
2.0,0.0,13.0,493.0,713.0,851.0,4,910.0
2.0,0.0,13.0,493.0,686.0,695.0,4,713.0
2.0,0.0,13.0,493.0,686.0,695.0,4,851.0
2.0,0.0,493.0,695.0,713.0,851.0,4,910.0
2.0,0.0,6.0,493.0,695.0,851.0,4,910.0
2.0,0.0,6.0,676.0,695.0,851.0,4,910.0
2.0,0.0,6.0,493.0,686.0,851.0,4,910.0
2.0,0.0,6.0,686.0,695.0,713.0,4,1037.0
2.0,0.0,493.0,686.0,695.0,713.0,4,1037.0
2.0,0.0,493.0,686.0,713.0,851.0,4,910.0
2.0,0.0,493.0,686.0,695.0,713.0,4,1037.0
2.0,0.0,13.0,493.0,695.0,713.0,4,910.0
2.0,0.0,493.0,686.0,695.0,851.0,4,910.0
2.0,0.0,6.0,686.0,695.0,851.0,4,910.0
2.0,0.0,6.0,686.0,695.0,851.0,4,910.0
2.0,0.0,6.0,493.0,686.0,713.0,4,910.0
2.0,0.0,6.0,493.0,686.0,713.0,4,910.0
2.0,0.0,6.0,13.0,493.0,686.0,4,713.0
2.0,0.0,13.0,493.0,695.0,713.0,4,1037.0
2.0,0.0,6.0,13.0,695.0,851.0,4,910.0
2.0,0.0,6.0,493.0,686.0,713.0,4,910.0
2.0,0.0,6.0,493.0,686.0,713.0,4,910.0
2.0,0.0,13.0,493.0,686.0,695.0,4,713.0
2.0,34.0,55.0,67.0,224.0,278.0,4,753.0
2.0,34.0,55.0,137.0,224.0,247.0,4,753.0
2.0,34.0,55.0,137.0,247.0,330.0,4,753.0
2.0,34.0,36.0,67.0,137.0,224.0,4,753.0
2.0,34.0,36.0,55.0,67.0,224.0,4,753.0
2.0,34.0,55.0,67.0,137.0,247.0,4,404.0
2.0,0.0,13.0,493.0,535.0,686.0,4,713.0
2.0,0.0,6.0,13.0,695.0,851.0,4,1037.0
2.0,0.0,535.0,686.0,713.0,851.0,4,1037.0
2.0,0.0,13.0,686.0,695.0,713.0,4,1037.0
2.0,0.0,13.0,493.0,535.0,686.0,4,713.0
2.0,0.0,13.0,493.0,535.0,686.0,4,713.0
2.0,0.0,13.0,493.0,695.0,713.0,4,1037.0
2.0,0.0,6.0,535.0,695.0,851.0,4,910.0
2.0,0.0,13.0,493.0,535.0,686.0,4,713.0
2.0,0.0,13.0,493.0,686.0,713.0,4,1037.0
2.0,0.0,13.0,493.0,686.0,713.0,4,1037.0
2.0,30.0,689.0,705.0,847.0,953.0,4,963.0
2.0,30.0,350.0,689.0,705.0,847.0,4,953.0
2.0,30.0,350.0,657.0,689.0,705.0,4,953.0
2.0,30.0,350.0,657.0,689.0,705.0,4,953.0
2.0,30.0,121.0,335.0,598.0,847.0,4,963.0
2.0,30.0,335.0,350.0,657.0,689.0,4,847.0
2.0,30.0,689.0,705.0,847.0,953.0,4,963.0
2.0,30.0,121.0,350.0,657.0,689.0,4,953.0
2.0,30.0,121.0,657.0,847.0,953.0,4,963.0
2.0,0.0,13.0,493.0,535.0,695.0,4,713.0
2.0,0.0,6.0,13.0,493.0,686.0,4,851.0
2.0,0.0,13.0,493.0,686.0,695.0,4,713.0
2.0,0.0,13.0,493.0,686.0,695.0,4,713.0
2.0,0.0,493.0,695.0,713.0,851.0,4,1037.0
2.0,0.0,493.0,695.0,713.0,851.0,4,910.0
2.0,0.0,13.0,493.0,535.0,686.0,4,713.0
2.0,0.0,13.0,493.0,535.0,695.0,4,713.0
2.0,0.0,13.0,493.0,535.0,695.0,4,851.0
2.0,0.0,13.0,493.0,535.0,686.0,4,851.0
2.0,0.0,13.0,686.0,695.0,713.0,4,851.0
2.0,0.0,13.0,493.0,535.0,686.0,4,713.0
2.0,0.0,13.0,493.0,535.0,695.0,4,713.0
2.0,0.0,13.0,493.0,535.0,695.0,4,851.0
2.0,0.0,13.0,493.0,535.0,686.0,4,851.0
2.0,0.0,13.0,493.0,535.0,686.0,4,713.0
2.0,0.0,13.0,493.0,695.0,851.0,4,1037.0
2.0,0.0,535.0,686.0,695.0,851.0,4,1037.0
2.0,0.0,13.0,493.0,535.0,686.0,4,713.0
2.0,0.0,13.0,493.0,535.0,686.0,4,713.0
2.0,0.0,13.0,493.0,535.0,686.0,4,713.0
2.0,0.0,686.0,695.0,713.0,851.0,4,1037.0
2.0,0.0,493.0,535.0,713.0,851.0,4,1037.0
2.0,0.0,493.0,535.0,713.0,851.0,4,1037.0
2.0,0.0,13.0,493.0,535.0,686.0,4,713.0
2.0,0.0,493.0,535.0,686.0,713.0,4,1037.0
2.0,0.0,535.0,695.0,713.0,851.0,4,910.0
2.0,0.0,6.0,493.0,686.0,851.0,4,910.0
2.0,0.0,6.0,493.0,535.0,713.0,4,910.0
2.0,0.0,493.0,535.0,695.0,713.0,4,1037.0
2.0,0.0,493.0,535.0,695.0,713.0,4,1037.0
2.0,0.0,493.0,535.0,686.0,695.0,4,713.0
2.0,0.0,686.0,695.0,713.0,851.0,4,1037.0
2.0,0.0,493.0,686.0,695.0,851.0,4,1037.0
2.0,13.0,15.0,320.0,665.0,673.0,4,925.0
2.0,13.0,15.0,320.0,340.0,665.0,4,832.0
2.0,13.0,15.0,119.0,320.0,665.0,4,673.0
2.0,13.0,15.0,119.0,320.0,665.0,4,673.0
2.0,13.0,15.0,238.0,320.0,340.0,4,665.0
2.0,13.0,15.0,238.0,340.0,665.0,4,673.0
2.0,13.0,15.0,119.0,320.0,340.0,4,673.0
2.0,0.0,493.0,535.0,686.0,695.0,4,851.0
2.0,0.0,6.0,493.0,686.0,713.0,4,1037.0
2.0,0.0,6.0,493.0,535.0,713.0,4,1037.0
2.0,0.0,493.0,535.0,713.0,851.0,4,1037.0
2.0,0.0,493.0,535.0,686.0,713.0,4,1037.0
2.0,0.0,493.0,535.0,686.0,713.0,4,1037.0
2.0,0.0,493.0,535.0,713.0,851.0,4,1037.0
2.0,0.0,493.0,535.0,713.0,851.0,4,1037.0
2.0,0.0,493.0,686.0,713.0,851.0,4,1037.0
2.0,0.0,493.0,686.0,713.0,851.0,4,910.0
2.0,0.0,493.0,686.0,713.0,851.0,4,910.0
2.0,18.0,14.0,579.0,811.0,866.0,4,886.0
2.0,18.0,14.0,719.0,811.0,866.0,4,886.0
2.0,18.0,14.0,719.0,811.0,866.0,4,886.0
2.0,18.0,14.0,579.0,719.0,811.0,4,886.0
2.0,18.0,14.0,115.0,719.0,811.0,4,812.0
2.0,18.0,115.0,579.0,719.0,811.0,4,812.0
2.0,18.0,579.0,719.0,811.0,812.0,4,866.0
2.0,18.0,579.0,719.0,811.0,812.0,4,866.0
2.0,18.0,14.0,719.0,811.0,812.0,4,866.0
2.0,0.0,535.0,686.0,695.0,851.0,4,1037.0
2.0,0.0,493.0,686.0,695.0,851.0,4,1037.0
2.0,0.0,6.0,13.0,493.0,535.0,4,686.0
2.0,0.0,6.0,493.0,535.0,686.0,4,910.0
2.0,0.0,13.0,493.0,535.0,686.0,4,851.0
2.0,0.0,6.0,676.0,695.0,851.0,4,1037.0
2.0,0.0,13.0,493.0,535.0,686.0,4,713.0
2.0,0.0,493.0,535.0,695.0,851.0,4,1037.0
2.0,0.0,493.0,686.0,695.0,851.0,4,1037.0
2.0,0.0,13.0,493.0,686.0,713.0,4,851.0
2.0,0.0,13.0,493.0,535.0,686.0,4,713.0
2.0,0.0,493.0,686.0,713.0,851.0,4,1037.0
2.0,0.0,493.0,535.0,695.0,713.0,4,1037.0
2.0,0.0,493.0,535.0,695.0,713.0,4,1037.0
2.0,0.0,493.0,535.0,695.0,713.0,4,851.0
2.0,0.0,6.0,535.0,695.0,713.0,4,851.0
2.0,0.0,6.0,676.0,686.0,695.0,4,851.0
2.0,0.0,6.0,493.0,695.0,851.0,4,1037.0
2.0,0.0,6.0,695.0,851.0,910.0,4,1037.0
2.0,9.0,29.0,34.0,815.0,828.0,4,941.0
2.0,9.0,68.0,74.0,452.0,828.0,4,845.0
2.0,9.0,68.0,74.0,452.0,828.0,4,845.0
2.0,9.0,29.0,34.0,815.0,845.0,4,941.0
2.0,9.0,68.0,74.0,452.0,828.0,4,845.0
2.0,9.0,29.0,68.0,452.0,828.0,4,941.0
2.0,9.0,29.0,68.0,828.0,845.0,4,941.0
2.0,34.0,36.0,55.0,278.0,404.0,4,718.0
2.0,34.0,55.0,224.0,404.0,458.0,4,753.0
2.0,34.0,55.0,278.0,404.0,458.0,4,718.0
2.0,34.0,36.0,55.0,224.0,278.0,4,718.0
2.0,34.0,36.0,55.0,404.0,718.0,4,753.0
2.0,34.0,55.0,278.0,404.0,458.0,4,718.0
2.0,34.0,55.0,278.0,404.0,458.0,4,718.0
2.0,0.0,13.0,493.0,535.0,686.0,4,713.0
2.0,0.0,13.0,493.0,695.0,851.0,4,1037.0
2.0,0.0,493.0,535.0,695.0,851.0,4,1037.0
2.0,0.0,13.0,493.0,535.0,686.0,4,713.0
2.0,0.0,13.0,493.0,535.0,686.0,4,713.0
2.0,0.0,13.0,493.0,535.0,695.0,4,713.0
2.0,0.0,13.0,493.0,535.0,695.0,4,713.0
2.0,0.0,13.0,493.0,713.0,851.0,4,1037.0
2.0,0.0,13.0,535.0,686.0,713.0,4,851.0
2.0,0.0,13.0,535.0,686.0,713.0,4,851.0
2.0,0.0,13.0,493.0,713.0,851.0,4,1037.0
2.0,0.0,493.0,535.0,713.0,851.0,4,1037.0
2.0,0.0,6.0,535.0,695.0,851.0,4,910.0
2.0,0.0,6.0,13.0,493.0,535.0,4,713.0
2.0,0.0,6.0,13.0,493.0,535.0,4,713.0
2.0,0.0,13.0,493.0,535.0,713.0,4,851.0
2.0,0.0,13.0,493.0,535.0,713.0,4,851.0
2.0,0.0,6.0,13.0,493.0,535.0,4,851.0
2.0,0.0,6.0,13.0,493.0,851.0,4,1037.0
2.0,0.0,6.0,493.0,535.0,851.0,4,1037.0
2.0,0.0,13.0,493.0,535.0,695.0,4,713.0
2.0,0.0,493.0,535.0,713.0,851.0,4,1037.0
2.0,0.0,493.0,535.0,713.0,851.0,4,1037.0
2.0,0.0,493.0,676.0,713.0,851.0,4,1037.0
2.0,0.0,676.0,695.0,713.0,851.0,4,1037.0
2.0,0.0,13.0,493.0,676.0,695.0,4,851.0
2.0,0.0,13.0,493.0,535.0,713.0,4,851.0
2.0,0.0,493.0,535.0,676.0,851.0,4,1037.0
2.0,0.0,13.0,695.0,713.0,851.0,4,1037.0
2.0,0.0,13.0,493.0,535.0,713.0,4,851.0
2.0,0.0,535.0,676.0,695.0,851.0,4,1037.0
2.0,0.0,13.0,493.0,535.0,695.0,4,713.0
2.0,0.0,13.0,493.0,535.0,713.0,4,851.0
2.0,0.0,13.0,695.0,713.0,851.0,4,1037.0
2.0,0.0,13.0,493.0,535.0,713.0,4,851.0
2.0,26.0,40.0,41.0,874.0,948.0,4,1024.0
2.0,26.0,40.0,41.0,874.0,948.0,4,1024.0
2.0,26.0,40.0,41.0,824.0,874.0,4,1024.0
2.0,26.0,40.0,634.0,684.0,824.0,4,1024.0
2.0,26.0,40.0,41.0,634.0,684.0,4,824.0
2.0,26.0,40.0,41.0,634.0,684.0,4,874.0
2.0,26.0,40.0,41.0,684.0,874.0,4,1024.0
2.0,26.0,40.0,41.0,824.0,874.0,4,1024.0
2.0,26.0,40.0,634.0,684.0,857.0,4,949.0
2.0,26.0,40.0,634.0,684.0,857.0,4,949.0
2.0,26.0,41.0,634.0,684.0,857.0,4,949.0
2.0,15.0,373.0,659.0,714.0,764.0,4,860.0
2.0,15.0,373.0,659.0,714.0,764.0,4,860.0
2.0,15.0,226.0,373.0,681.0,714.0,4,764.0
2.0,15.0,373.0,375.0,714.0,764.0,4,860.0
2.0,15.0,229.0,659.0,714.0,764.0,4,860.0
2.0,15.0,229.0,659.0,714.0,764.0,4,860.0
2.0,15.0,226.0,681.0,714.0,764.0,4,860.0
2.0,15.0,373.0,659.0,681.0,714.0,4,860.0
2.0,15.0,373.0,659.0,714.0,764.0,4,860.0
2.0,34.0,55.0,67.0,137.0,247.0,4,330.0
2.0,34.0,55.0,67.0,137.0,247.0,4,330.0
2.0,34.0,36.0,67.0,224.0,278.0,4,753.0
2.0,34.0,55.0,67.0,137.0,247.0,4,330.0
2.0,34.0,36.0,55.0,247.0,248.0,4,404.0
2.0,26.0,40.0,41.0,824.0,874.0,4,1024.0
2.0,26.0,284.0,634.0,948.0,949.0,4,1024.0
2.0,26.0,40.0,41.0,634.0,874.0,4,948.0
2.0,26.0,40.0,41.0,948.0,949.0,4,1024.0
2.0,26.0,40.0,634.0,948.0,949.0,4,1024.0
2.0,26.0,284.0,634.0,948.0,949.0,4,1024.0
2.0,9.0,29.0,34.0,815.0,845.0,4,941.0
2.0,9.0,29.0,74.0,452.0,815.0,4,845.0
2.0,9.0,29.0,74.0,452.0,599.0,4,941.0
2.0,9.0,29.0,34.0,452.0,845.0,4,941.0
2.0,9.0,29.0,34.0,452.0,845.0,4,941.0
2.0,9.0,29.0,74.0,452.0,845.0,4,941.0
2.0,9.0,29.0,74.0,452.0,845.0,4,941.0
2.0,9.0,29.0,74.0,452.0,845.0,4,941.0
2.0,30.0,689.0,705.0,847.0,953.0,4,963.0
2.0,30.0,121.0,598.0,657.0,953.0,4,963.0
2.0,30.0,121.0,598.0,705.0,953.0,4,963.0
2.0,30.0,350.0,598.0,657.0,689.0,4,847.0
2.0,30.0,335.0,705.0,847.0,953.0,4,963.0
2.0,30.0,121.0,689.0,705.0,953.0,4,963.0
2.0,30.0,121.0,598.0,657.0,953.0,4,963.0
2.0,30.0,598.0,657.0,689.0,847.0,4,963.0
2.0,30.0,350.0,598.0,657.0,689.0,4,847.0
2.0,30.0,121.0,705.0,847.0,953.0,4,963.0
2.0,15.0,221.0,373.0,602.0,803.0,4,860.0
2.0,15.0,221.0,373.0,602.0,681.0,4,803.0
2.0,15.0,221.0,373.0,602.0,764.0,4,860.0
2.0,15.0,229.0,659.0,714.0,764.0,4,860.0
2.0,15.0,229.0,602.0,659.0,764.0,4,803.0
2.0,15.0,221.0,373.0,602.0,803.0,4,860.0
2.0,15.0,373.0,659.0,714.0,764.0,4,860.0
2.0,24.0,169.0,301.0,463.0,605.0,4,746.0
2.0,24.0,262.0,463.0,576.0,750.0,4,863.0
2.0,24.0,262.0,463.0,576.0,750.0,4,863.0
2.0,24.0,262.0,463.0,576.0,750.0,4,863.0
2.0,24.0,262.0,463.0,576.0,750.0,4,863.0
2.0,24.0,169.0,262.0,301.0,576.0,4,750.0
2.0,24.0,169.0,262.0,301.0,576.0,4,750.0
2.0,24.0,169.0,301.0,576.0,605.0,4,746.0
2.0,26.0,40.0,41.0,948.0,949.0,4,1024.0
2.0,26.0,40.0,41.0,634.0,948.0,4,949.0
2.0,26.0,40.0,315.0,634.0,684.0,4,857.0
2.0,26.0,315.0,634.0,684.0,857.0,4,948.0
2.0,26.0,40.0,41.0,634.0,824.0,4,948.0
2.0,26.0,40.0,41.0,634.0,824.0,4,948.0
2.0,26.0,40.0,41.0,874.0,948.0,4,1024.0
2.0,34.0,224.0,404.0,458.0,718.0,4,766.0
2.0,34.0,55.0,404.0,458.0,753.0,4,766.0
2.0,34.0,55.0,404.0,458.0,753.0,4,766.0
2.0,34.0,55.0,224.0,278.0,718.0,4,753.0
2.0,34.0,55.0,224.0,404.0,458.0,4,718.0
2.0,34.0,224.0,278.0,458.0,753.0,4,766.0
2.0,34.0,278.0,404.0,458.0,753.0,4,766.0
2.0,13.0,15.0,80.0,161.0,320.0,4,665.0
2.0,13.0,15.0,80.0,238.0,320.0,4,665.0
2.0,13.0,80.0,320.0,340.0,665.0,4,925.0
2.0,13.0,15.0,161.0,340.0,723.0,4,925.0
2.0,13.0,15.0,80.0,320.0,340.0,4,665.0
2.0,13.0,15.0,80.0,320.0,665.0,4,925.0
2.0,13.0,161.0,320.0,340.0,723.0,4,925.0
2.0,18.0,448.0,579.0,582.0,719.0,4,866.0
2.0,18.0,115.0,678.0,719.0,843.0,4,886.0
2.0,18.0,115.0,579.0,843.0,866.0,4,886.0
2.0,18.0,115.0,579.0,843.0,866.0,4,886.0
2.0,18.0,115.0,579.0,843.0,866.0,4,886.0
2.0,18.0,448.0,579.0,582.0,719.0,4,866.0
2.0,18.0,115.0,448.0,582.0,719.0,4,843.0
2.0,18.0,115.0,448.0,719.0,843.0,4,886.0
2.0,18.0,579.0,582.0,843.0,866.0,4,886.0
2.0,9.0,68.0,815.0,828.0,845.0,4,941.0
2.0,9.0,599.0,815.0,828.0,845.0,4,941.0
2.0,9.0,599.0,815.0,828.0,941.0,4,1019.0
2.0,9.0,452.0,599.0,828.0,1011.0,4,1019.0
2.0,9.0,68.0,74.0,452.0,1011.0,4,1019.0
2.0,9.0,68.0,74.0,452.0,845.0,4,1019.0
2.0,9.0,74.0,452.0,599.0,845.0,4,1019.0
2.0,9.0,452.0,599.0,828.0,941.0,4,1019.0
2.0,24.0,169.0,262.0,301.0,576.0,4,750.0
2.0,24.0,169.0,463.0,576.0,750.0,4,863.0
2.0,24.0,169.0,262.0,463.0,576.0,4,863.0
2.0,24.0,169.0,262.0,463.0,494.0,4,863.0
2.0,24.0,169.0,262.0,463.0,494.0,4,863.0
2.0,24.0,262.0,494.0,576.0,750.0,4,863.0
2.0,24.0,301.0,463.0,576.0,750.0,4,863.0
2.0,18.0,14.0,181.0,579.0,719.0,4,811.0
2.0,18.0,191.0,579.0,719.0,812.0,4,886.0
2.0,18.0,191.0,579.0,811.0,812.0,4,886.0
2.0,18.0,14.0,579.0,811.0,812.0,4,886.0
2.0,18.0,14.0,181.0,719.0,811.0,4,866.0
2.0,18.0,14.0,181.0,719.0,811.0,4,866.0
2.0,18.0,14.0,181.0,719.0,866.0,4,886.0
2.0,18.0,14.0,579.0,719.0,811.0,4,866.0
2.0,18.0,181.0,191.0,579.0,812.0,4,886.0
2.0,18.0,14.0,181.0,191.0,719.0,4,886.0
2.0,18.0,14.0,191.0,811.0,866.0,4,886.0
2.0,18.0,14.0,448.0,719.0,811.0,4,866.0
2.0,18.0,14.0,191.0,719.0,811.0,4,866.0
2.0,18.0,14.0,191.0,719.0,811.0,4,866.0
2.0,18.0,14.0,191.0,719.0,811.0,4,866.0
2.0,9.0,29.0,452.0,815.0,828.0,4,941.0
2.0,9.0,29.0,452.0,815.0,828.0,4,941.0
2.0,9.0,29.0,599.0,815.0,828.0,4,941.0
2.0,9.0,452.0,815.0,845.0,941.0,4,1019.0
2.0,9.0,74.0,452.0,815.0,828.0,4,1019.0
2.0,9.0,34.0,74.0,452.0,1011.0,4,1019.0
2.0,24.0,204.0,463.0,576.0,750.0,4,863.0
2.0,24.0,169.0,204.0,262.0,463.0,4,863.0
2.0,24.0,169.0,262.0,494.0,576.0,4,863.0
2.0,24.0,169.0,463.0,494.0,576.0,4,863.0
2.0,24.0,301.0,463.0,494.0,576.0,4,750.0
2.0,24.0,169.0,463.0,576.0,750.0,4,863.0
2.0,24.0,169.0,262.0,463.0,576.0,4,863.0
2.0,24.0,169.0,262.0,494.0,576.0,4,863.0
2.0,24.0,169.0,262.0,494.0,576.0,4,863.0
2.0,24.0,169.0,262.0,463.0,494.0,4,863.0
2.0,24.0,169.0,262.0,463.0,494.0,4,863.0
2.0,24.0,169.0,463.0,494.0,576.0,4,863.0
2.0,18.0,191.0,579.0,812.0,843.0,4,886.0
2.0,18.0,14.0,579.0,812.0,843.0,4,886.0
2.0,18.0,14.0,579.0,811.0,812.0,4,886.0
2.0,18.0,14.0,579.0,582.0,812.0,4,866.0
2.0,18.0,14.0,191.0,582.0,843.0,4,866.0
2.0,18.0,115.0,678.0,811.0,843.0,4,886.0
2.0,18.0,14.0,191.0,719.0,811.0,4,866.0
2.0,18.0,14.0,579.0,719.0,811.0,4,812.0
2.0,18.0,14.0,579.0,719.0,811.0,4,866.0
2.0,18.0,14.0,579.0,719.0,811.0,4,812.0
2.0,18.0,14.0,579.0,719.0,811.0,4,866.0
2.0,18.0,14.0,191.0,719.0,811.0,4,866.0
2.0,18.0,14.0,191.0,719.0,811.0,4,866.0
2.0,30.0,689.0,705.0,847.0,953.0,4,963.0
2.0,30.0,657.0,689.0,847.0,953.0,4,963.0
2.0,30.0,64.0,121.0,350.0,705.0,4,953.0
2.0,30.0,121.0,350.0,689.0,705.0,4,953.0
2.0,30.0,121.0,689.0,705.0,953.0,4,963.0
2.0,30.0,689.0,705.0,847.0,953.0,4,963.0
2.0,30.0,64.0,705.0,847.0,953.0,4,963.0
2.0,30.0,64.0,657.0,705.0,953.0,4,963.0
2.0,30.0,64.0,657.0,705.0,953.0,4,963.0
2.0,30.0,64.0,121.0,657.0,953.0,4,963.0
2.0,30.0,121.0,598.0,657.0,847.0,4,963.0
2.0,30.0,121.0,350.0,598.0,657.0,4,847.0
2.0,30.0,121.0,689.0,705.0,953.0,4,963.0
2.0,30.0,121.0,705.0,847.0,953.0,4,963.0
2.0,18.0,14.0,191.0,582.0,811.0,4,866.0
2.0,18.0,115.0,579.0,812.0,843.0,4,886.0
2.0,18.0,14.0,191.0,582.0,811.0,4,866.0
2.0,18.0,14.0,191.0,582.0,811.0,4,866.0
2.0,18.0,14.0,579.0,812.0,866.0,4,886.0
2.0,18.0,14.0,579.0,812.0,866.0,4,886.0
2.0,18.0,14.0,579.0,811.0,866.0,4,886.0
2.0,18.0,14.0,579.0,582.0,811.0,4,843.0
2.0,15.0,229.0,373.0,602.0,803.0,4,860.0
2.0,15.0,229.0,373.0,714.0,764.0,4,803.0
2.0,15.0,221.0,229.0,373.0,714.0,4,764.0
2.0,15.0,221.0,373.0,714.0,764.0,4,860.0
2.0,15.0,373.0,659.0,714.0,764.0,4,860.0
2.0,15.0,373.0,602.0,659.0,764.0,4,860.0
2.0,18.0,14.0,191.0,811.0,866.0,4,886.0
2.0,18.0,14.0,191.0,811.0,866.0,4,886.0
2.0,18.0,14.0,191.0,811.0,866.0,4,886.0
2.0,18.0,579.0,719.0,843.0,866.0,4,886.0
2.0,18.0,115.0,579.0,719.0,811.0,4,843.0
2.0,18.0,14.0,579.0,719.0,811.0,4,843.0
2.0,18.0,14.0,191.0,843.0,866.0,4,886.0
2.0,18.0,14.0,191.0,811.0,866.0,4,886.0
2.0,18.0,14.0,191.0,811.0,866.0,4,886.0
2.0,18.0,115.0,579.0,719.0,843.0,4,886.0
2.0,18.0,579.0,678.0,812.0,843.0,4,886.0
2.0,18.0,579.0,678.0,719.0,812.0,4,843.0
2.0,13.0,119.0,320.0,673.0,832.0,4,925.0
2.0,13.0,119.0,320.0,340.0,832.0,4,925.0
2.0,13.0,119.0,320.0,340.0,832.0,4,925.0
2.0,13.0,15.0,119.0,238.0,320.0,4,340.0
2.0,13.0,238.0,320.0,340.0,832.0,4,925.0
2.0,18.0,14.0,719.0,811.0,866.0,4,886.0
2.0,18.0,14.0,191.0,811.0,866.0,4,886.0
2.0,18.0,14.0,191.0,811.0,866.0,4,886.0
2.0,18.0,14.0,719.0,811.0,866.0,4,886.0
2.0,18.0,191.0,579.0,719.0,843.0,4,886.0
2.0,18.0,14.0,579.0,719.0,811.0,4,843.0
2.0,18.0,14.0,579.0,719.0,811.0,4,843.0
2.0,18.0,14.0,191.0,719.0,811.0,4,866.0
2.0,18.0,579.0,719.0,811.0,843.0,4,866.0
2.0,18.0,115.0,579.0,719.0,843.0,4,886.0
2.0,18.0,14.0,579.0,719.0,811.0,4,886.0
2.0,18.0,14.0,579.0,719.0,811.0,4,866.0
2.0,18.0,14.0,191.0,811.0,866.0,4,886.0
2.0,18.0,14.0,191.0,719.0,811.0,4,866.0
2.0,18.0,579.0,719.0,843.0,866.0,4,886.0
2.0,18.0,115.0,579.0,719.0,811.0,4,843.0
2.0,34.0,55.0,137.0,224.0,278.0,4,718.0
2.0,34.0,55.0,137.0,278.0,404.0,4,458.0
2.0,34.0,55.0,137.0,278.0,404.0,4,458.0
2.0,34.0,36.0,137.0,404.0,458.0,4,753.0
2.0,34.0,36.0,137.0,404.0,458.0,4,753.0
2.0,34.0,36.0,55.0,224.0,718.0,4,753.0
2.0,34.0,55.0,137.0,224.0,278.0,4,718.0
2.0,34.0,36.0,55.0,137.0,278.0,4,718.0
2.0,34.0,36.0,224.0,278.0,458.0,4,753.0
2.0,34.0,36.0,55.0,137.0,224.0,4,458.0
2.0,34.0,36.0,55.0,137.0,278.0,4,458.0
2.0,18.0,115.0,719.0,811.0,866.0,4,886.0
2.0,18.0,191.0,579.0,719.0,843.0,4,886.0
2.0,18.0,579.0,719.0,811.0,866.0,4,886.0
2.0,18.0,115.0,191.0,719.0,866.0,4,886.0
2.0,18.0,115.0,579.0,582.0,719.0,4,811.0
2.0,18.0,93.0,579.0,719.0,866.0,4,886.0
2.0,18.0,93.0,579.0,719.0,866.0,4,886.0
2.0,18.0,448.0,579.0,719.0,866.0,4,886.0
2.0,18.0,191.0,579.0,719.0,866.0,4,886.0
2.0,18.0,191.0,579.0,582.0,719.0,4,866.0
2.0,18.0,448.0,579.0,719.0,866.0,4,886.0
2.0,18.0,448.0,579.0,719.0,866.0,4,886.0
2.0,18.0,115.0,448.0,579.0,719.0,4,886.0
2.0,18.0,115.0,191.0,579.0,719.0,4,886.0
2.0,18.0,115.0,191.0,582.0,866.0,4,905.0
2.0,18.0,115.0,191.0,582.0,866.0,4,905.0
2.0,18.0,93.0,115.0,191.0,582.0,4,905.0
2.0,18.0,93.0,115.0,191.0,582.0,4,905.0
2.0,18.0,191.0,579.0,719.0,811.0,4,866.0
2.0,18.0,191.0,579.0,719.0,811.0,4,843.0
2.0,18.0,115.0,579.0,719.0,811.0,4,843.0
2.0,18.0,115.0,811.0,843.0,866.0,4,886.0
2.0,18.0,115.0,811.0,843.0,866.0,4,886.0
2.0,18.0,579.0,719.0,843.0,866.0,4,886.0
2.0,18.0,115.0,191.0,719.0,811.0,4,866.0
2.0,18.0,115.0,579.0,811.0,843.0,4,886.0
2.0,30.0,598.0,689.0,705.0,847.0,4,963.0
2.0,30.0,389.0,598.0,689.0,847.0,4,963.0
2.0,30.0,389.0,598.0,689.0,705.0,4,963.0
2.0,30.0,389.0,598.0,689.0,705.0,4,963.0
2.0,30.0,350.0,598.0,689.0,705.0,4,963.0
2.0,30.0,598.0,689.0,705.0,847.0,4,963.0
2.0,30.0,121.0,335.0,350.0,389.0,4,963.0
2.0,30.0,121.0,335.0,350.0,389.0,4,847.0
2.0,30.0,121.0,335.0,350.0,389.0,4,847.0
2.0,30.0,121.0,335.0,350.0,389.0,4,847.0
2.0,18.0,115.0,191.0,719.0,811.0,4,843.0
2.0,18.0,191.0,579.0,719.0,866.0,4,886.0
2.0,18.0,93.0,191.0,582.0,719.0,4,843.0
2.0,18.0,93.0,191.0,582.0,843.0,4,905.0
2.0,18.0,93.0,191.0,582.0,843.0,4,905.0
2.0,18.0,93.0,579.0,582.0,843.0,4,905.0
2.0,18.0,93.0,579.0,582.0,843.0,4,905.0
2.0,18.0,93.0,579.0,582.0,843.0,4,905.0
2.0,26.0,284.0,634.0,824.0,857.0,4,948.0
2.0,26.0,40.0,41.0,634.0,684.0,4,948.0
2.0,26.0,40.0,41.0,634.0,948.0,4,949.0
2.0,26.0,40.0,634.0,824.0,857.0,4,949.0
2.0,26.0,634.0,824.0,857.0,948.0,4,949.0
2.0,26.0,40.0,41.0,824.0,857.0,4,948.0
2.0,13.0,80.0,238.0,320.0,340.0,4,925.0
2.0,13.0,80.0,119.0,238.0,320.0,4,340.0
2.0,13.0,22.0,119.0,340.0,723.0,4,925.0
2.0,13.0,22.0,80.0,119.0,723.0,4,925.0
2.0,13.0,80.0,119.0,238.0,320.0,4,340.0
2.0,13.0,80.0,119.0,320.0,340.0,4,925.0
2.0,13.0,22.0,80.0,119.0,723.0,4,925.0
2.0,13.0,80.0,119.0,320.0,340.0,4,723.0
2.0,26.0,40.0,41.0,315.0,874.0,4,948.0
2.0,26.0,40.0,41.0,315.0,874.0,4,948.0
2.0,26.0,40.0,634.0,824.0,874.0,4,1024.0
2.0,26.0,41.0,315.0,684.0,948.0,4,1024.0
2.0,26.0,40.0,41.0,315.0,874.0,4,1024.0
2.0,26.0,40.0,41.0,315.0,874.0,4,948.0
2.0,26.0,40.0,41.0,315.0,874.0,4,948.0
2.0,26.0,40.0,41.0,315.0,874.0,4,948.0
2.0,26.0,634.0,824.0,874.0,948.0,4,1024.0
2.0,26.0,634.0,684.0,824.0,948.0,4,1024.0
2.0,26.0,284.0,556.0,634.0,684.0,4,857.0
2.0,26.0,40.0,41.0,315.0,874.0,4,948.0
2.0,26.0,40.0,41.0,315.0,874.0,4,948.0
2.0,26.0,40.0,41.0,315.0,874.0,4,948.0
2.0,26.0,41.0,315.0,948.0,949.0,4,1024.0
2.0,26.0,40.0,41.0,315.0,684.0,4,948.0
2.0,26.0,40.0,41.0,315.0,874.0,4,948.0
2.0,9.0,29.0,599.0,815.0,828.0,4,941.0
2.0,9.0,29.0,599.0,815.0,828.0,4,941.0
2.0,9.0,29.0,34.0,599.0,845.0,4,941.0
2.0,9.0,34.0,74.0,452.0,828.0,4,845.0
2.0,9.0,34.0,74.0,452.0,828.0,4,845.0
2.0,9.0,29.0,34.0,828.0,845.0,4,941.0
2.0,9.0,29.0,599.0,815.0,828.0,4,941.0
2.0,9.0,29.0,34.0,815.0,845.0,4,941.0
2.0,9.0,29.0,74.0,452.0,815.0,4,845.0
2.0,26.0,40.0,41.0,315.0,874.0,4,1024.0
2.0,26.0,40.0,41.0,315.0,874.0,4,1024.0
2.0,26.0,41.0,315.0,634.0,824.0,4,948.0
2.0,26.0,41.0,315.0,634.0,824.0,4,948.0
2.0,26.0,40.0,41.0,315.0,874.0,4,948.0
2.0,26.0,40.0,41.0,315.0,874.0,4,1024.0
2.0,26.0,40.0,634.0,874.0,948.0,4,1024.0
2.0,26.0,40.0,41.0,315.0,634.0,4,874.0
2.0,34.0,36.0,55.0,137.0,247.0,4,718.0
2.0,34.0,55.0,137.0,224.0,278.0,4,718.0
2.0,34.0,36.0,55.0,278.0,718.0,4,753.0
2.0,34.0,36.0,55.0,137.0,718.0,4,753.0
2.0,34.0,36.0,55.0,137.0,247.0,4,718.0
2.0,34.0,55.0,137.0,224.0,718.0,4,753.0
2.0,34.0,36.0,55.0,278.0,718.0,4,753.0
2.0,34.0,36.0,55.0,137.0,247.0,4,753.0
2.0,34.0,36.0,55.0,137.0,247.0,4,718.0
2.0,34.0,36.0,55.0,137.0,247.0,4,718.0
2.0,13.0,15.0,320.0,449.0,665.0,4,673.0
2.0,13.0,80.0,320.0,340.0,665.0,4,787.0
2.0,13.0,15.0,80.0,320.0,665.0,4,787.0
2.0,13.0,15.0,80.0,320.0,665.0,4,673.0
2.0,13.0,80.0,340.0,449.0,665.0,4,787.0
2.0,30.0,689.0,705.0,847.0,953.0,4,963.0
2.0,30.0,598.0,657.0,689.0,847.0,4,963.0
2.0,30.0,598.0,657.0,689.0,847.0,4,963.0
2.0,30.0,64.0,598.0,657.0,847.0,4,963.0
2.0,30.0,350.0,657.0,689.0,705.0,4,953.0
2.0,30.0,657.0,689.0,705.0,953.0,4,963.0
2.0,30.0,657.0,705.0,847.0,953.0,4,963.0
2.0,30.0,121.0,657.0,689.0,953.0,4,963.0
2.0,30.0,121.0,598.0,657.0,705.0,4,963.0
2.0,30.0,121.0,598.0,689.0,705.0,4,847.0
2.0,30.0,121.0,657.0,689.0,953.0,4,963.0
2.0,26.0,40.0,41.0,874.0,948.0,4,1024.0
2.0,26.0,40.0,634.0,684.0,857.0,4,949.0
2.0,26.0,634.0,684.0,824.0,857.0,4,948.0
2.0,26.0,40.0,41.0,634.0,874.0,4,948.0
2.0,26.0,40.0,41.0,874.0,948.0,4,1024.0
2.0,26.0,40.0,41.0,874.0,948.0,4,1024.0
2.0,26.0,40.0,41.0,634.0,824.0,4,874.0
2.0,26.0,40.0,41.0,634.0,684.0,4,824.0
2.0,26.0,634.0,684.0,824.0,857.0,4,948.0
2.0,26.0,41.0,634.0,684.0,824.0,4,948.0
2.0,26.0,40.0,41.0,948.0,949.0,4,1024.0
2.0,26.0,40.0,41.0,948.0,949.0,4,1024.0
2.0,26.0,40.0,41.0,634.0,948.0,4,949.0
2.0,26.0,40.0,634.0,684.0,824.0,4,857.0
2.0,26.0,41.0,634.0,684.0,857.0,4,949.0
2.0,26.0,40.0,41.0,634.0,874.0,4,948.0
2.0,26.0,40.0,41.0,874.0,948.0,4,1024.0
2.0,26.0,40.0,41.0,874.0,948.0,4,1024.0
2.0,26.0,40.0,41.0,684.0,949.0,4,1024.0
2.0,26.0,40.0,634.0,684.0,824.0,4,857.0
2.0,26.0,634.0,684.0,824.0,857.0,4,948.0
2.0,26.0,634.0,684.0,824.0,857.0,4,948.0
2.0,26.0,556.0,634.0,684.0,824.0,4,857.0
2.0,26.0,284.0,556.0,634.0,824.0,4,857.0
2.0,26.0,40.0,41.0,874.0,948.0,4,1024.0
2.0,26.0,40.0,41.0,874.0,948.0,4,1024.0
2.0,26.0,40.0,315.0,634.0,684.0,4,857.0
2.0,26.0,41.0,315.0,634.0,684.0,4,948.0
2.0,26.0,40.0,41.0,315.0,948.0,4,1024.0
2.0,26.0,40.0,41.0,315.0,948.0,4,1024.0
2.0,26.0,40.0,315.0,634.0,824.0,4,857.0
2.0,26.0,40.0,41.0,634.0,824.0,4,948.0
2.0,26.0,40.0,41.0,315.0,634.0,4,948.0
2.0,26.0,40.0,41.0,315.0,634.0,4,948.0
2.0,26.0,40.0,41.0,948.0,949.0,4,1024.0
2.0,26.0,40.0,41.0,634.0,684.0,4,949.0
2.0,26.0,40.0,634.0,684.0,857.0,4,949.0
2.0,26.0,40.0,634.0,684.0,824.0,4,857.0
2.0,26.0,40.0,41.0,874.0,948.0,4,1024.0
2.0,26.0,40.0,41.0,634.0,684.0,4,874.0
2.0,26.0,40.0,634.0,684.0,857.0,4,874.0
2.0,26.0,41.0,634.0,824.0,857.0,4,948.0
2.0,26.0,40.0,41.0,857.0,874.0,4,948.0
2.0,34.0,55.0,137.0,224.0,278.0,4,718.0
2.0,34.0,55.0,137.0,224.0,458.0,4,718.0
2.0,34.0,36.0,55.0,278.0,718.0,4,753.0
2.0,34.0,55.0,224.0,278.0,458.0,4,718.0
2.0,34.0,137.0,224.0,278.0,458.0,4,753.0
2.0,34.0,55.0,137.0,278.0,458.0,4,753.0
2.0,26.0,40.0,41.0,824.0,948.0,4,1024.0
2.0,26.0,40.0,41.0,634.0,684.0,4,824.0
2.0,26.0,634.0,684.0,824.0,857.0,4,948.0
2.0,26.0,40.0,41.0,874.0,948.0,4,1024.0
2.0,26.0,40.0,41.0,824.0,948.0,4,1024.0
2.0,26.0,40.0,41.0,634.0,684.0,4,948.0
2.0,15.0,229.0,659.0,714.0,764.0,4,860.0
2.0,15.0,373.0,659.0,714.0,764.0,4,860.0
2.0,15.0,229.0,659.0,714.0,803.0,4,860.0
2.0,15.0,659.0,714.0,764.0,803.0,4,860.0
2.0,15.0,365.0,373.0,659.0,714.0,4,803.0
2.0,15.0,229.0,365.0,659.0,714.0,4,764.0
2.0,15.0,226.0,229.0,365.0,714.0,4,764.0
2.0,24.0,605.0,746.0,750.0,863.0,4,947.0
2.0,24.0,204.0,605.0,655.0,750.0,4,863.0
2.0,24.0,204.0,301.0,655.0,746.0,4,947.0
2.0,24.0,204.0,301.0,655.0,746.0,4,947.0
2.0,24.0,301.0,655.0,746.0,863.0,4,947.0
2.0,24.0,301.0,655.0,746.0,863.0,4,947.0
2.0,24.0,605.0,746.0,750.0,863.0,4,947.0
2.0,24.0,204.0,301.0,655.0,750.0,4,947.0
2.0,24.0,204.0,301.0,655.0,746.0,4,863.0
2.0,24.0,301.0,605.0,746.0,750.0,4,947.0
2.0,24.0,301.0,605.0,746.0,750.0,4,947.0
2.0,26.0,40.0,634.0,684.0,824.0,4,857.0
2.0,26.0,634.0,684.0,824.0,857.0,4,948.0
2.0,26.0,40.0,41.0,874.0,948.0,4,1024.0
2.0,26.0,40.0,634.0,684.0,824.0,4,857.0
2.0,26.0,634.0,684.0,824.0,857.0,4,948.0
2.0,26.0,40.0,41.0,634.0,824.0,4,948.0
2.0,9.0,68.0,599.0,828.0,845.0,4,941.0
2.0,9.0,29.0,452.0,599.0,828.0,4,845.0
2.0,9.0,29.0,34.0,68.0,941.0,4,1019.0
2.0,9.0,68.0,452.0,828.0,941.0,4,1019.0
2.0,9.0,68.0,452.0,828.0,845.0,4,941.0
2.0,9.0,68.0,599.0,828.0,845.0,4,941.0
2.0,9.0,29.0,34.0,452.0,828.0,4,845.0
2.0,9.0,29.0,34.0,68.0,941.0,4,1019.0
2.0,9.0,29.0,34.0,68.0,941.0,4,1019.0
2.0,26.0,40.0,41.0,824.0,874.0,4,1024.0
2.0,26.0,40.0,41.0,824.0,949.0,4,1024.0
2.0,26.0,41.0,284.0,634.0,684.0,4,1024.0
2.0,26.0,40.0,41.0,284.0,634.0,4,684.0
2.0,26.0,40.0,41.0,824.0,874.0,4,1024.0
2.0,26.0,40.0,41.0,824.0,874.0,4,1024.0
2.0,26.0,40.0,41.0,634.0,684.0,4,949.0
2.0,26.0,40.0,41.0,634.0,684.0,4,949.0
2.0,26.0,40.0,41.0,634.0,684.0,4,949.0
2.0,13.0,15.0,80.0,161.0,192.0,4,665.0
2.0,13.0,119.0,320.0,723.0,832.0,4,956.0
2.0,13.0,119.0,320.0,723.0,832.0,4,956.0
2.0,13.0,15.0,161.0,192.0,320.0,4,723.0
2.0,13.0,80.0,192.0,665.0,832.0,4,956.0
2.0,13.0,80.0,161.0,192.0,665.0,4,832.0
2.0,13.0,15.0,80.0,161.0,192.0,4,665.0
2.0,15.0,226.0,373.0,602.0,764.0,4,860.0
2.0,15.0,226.0,373.0,602.0,764.0,4,860.0
2.0,15.0,226.0,714.0,764.0,803.0,4,860.0
2.0,15.0,226.0,714.0,764.0,803.0,4,860.0
2.0,15.0,659.0,714.0,764.0,803.0,4,860.0
2.0,15.0,226.0,659.0,714.0,764.0,4,860.0
2.0,15.0,602.0,659.0,764.0,803.0,4,860.0
2.0,15.0,226.0,714.0,764.0,803.0,4,860.0
2.0,30.0,350.0,657.0,689.0,705.0,4,953.0
2.0,30.0,350.0,657.0,689.0,705.0,4,953.0
2.0,30.0,335.0,689.0,705.0,847.0,4,963.0
2.0,30.0,64.0,705.0,847.0,953.0,4,963.0
2.0,30.0,64.0,350.0,657.0,705.0,4,953.0
2.0,30.0,64.0,350.0,389.0,657.0,4,953.0
2.0,30.0,335.0,657.0,705.0,847.0,4,953.0
2.0,30.0,350.0,389.0,598.0,705.0,4,847.0
2.0,30.0,350.0,389.0,705.0,847.0,4,953.0
2.0,30.0,350.0,389.0,657.0,847.0,4,953.0
2.0,30.0,657.0,689.0,705.0,953.0,4,963.0
2.0,30.0,689.0,705.0,847.0,953.0,4,963.0
2.0,30.0,335.0,705.0,847.0,953.0,4,963.0
2.0,30.0,121.0,335.0,350.0,847.0,4,953.0
2.0,30.0,335.0,657.0,705.0,847.0,4,963.0
2.0,30.0,121.0,705.0,847.0,953.0,4,963.0
2.0,30.0,121.0,705.0,847.0,953.0,4,963.0
2.0,30.0,121.0,689.0,847.0,953.0,4,963.0
2.0,30.0,689.0,705.0,847.0,953.0,4,963.0
2.0,30.0,657.0,689.0,847.0,953.0,4,963.0
2.0,30.0,350.0,598.0,657.0,847.0,4,953.0
2.0,30.0,121.0,350.0,598.0,657.0,4,705.0
2.0,30.0,121.0,705.0,847.0,953.0,4,963.0
2.0,30.0,350.0,657.0,689.0,953.0,4,963.0
2.0,30.0,689.0,705.0,847.0,953.0,4,963.0
2.0,30.0,121.0,705.0,847.0,953.0,4,963.0
2.0,30.0,121.0,657.0,847.0,953.0,4,963.0
2.0,30.0,64.0,350.0,657.0,705.0,4,953.0
2.0,30.0,121.0,389.0,657.0,953.0,4,963.0
2.0,30.0,121.0,389.0,657.0,847.0,4,953.0
2.0,30.0,121.0,705.0,847.0,953.0,4,963.0
2.0,30.0,121.0,657.0,705.0,953.0,4,963.0
2.0,30.0,121.0,657.0,705.0,953.0,4,963.0
2.0,15.0,602.0,659.0,764.0,803.0,4,860.0
2.0,15.0,229.0,365.0,373.0,714.0,4,764.0
2.0,15.0,229.0,373.0,714.0,764.0,4,860.0
2.0,15.0,373.0,659.0,714.0,764.0,4,860.0
2.0,15.0,373.0,602.0,659.0,764.0,4,860.0
2.0,15.0,373.0,602.0,659.0,764.0,4,860.0
2.0,15.0,365.0,373.0,659.0,714.0,4,803.0
2.0,15.0,373.0,602.0,659.0,764.0,4,803.0
2.0,15.0,373.0,602.0,659.0,764.0,4,803.0
2.0,30.0,121.0,350.0,389.0,847.0,4,953.0
2.0,30.0,389.0,657.0,847.0,953.0,4,963.0
2.0,30.0,389.0,657.0,847.0,953.0,4,963.0
2.0,30.0,689.0,705.0,847.0,953.0,4,963.0
2.0,30.0,689.0,705.0,847.0,953.0,4,963.0
2.0,30.0,389.0,598.0,657.0,689.0,4,963.0
2.0,30.0,350.0,389.0,598.0,657.0,4,847.0
2.0,30.0,350.0,389.0,598.0,689.0,4,847.0
2.0,30.0,350.0,389.0,598.0,689.0,4,847.0
2.0,30.0,350.0,389.0,598.0,689.0,4,847.0
2.0,30.0,121.0,350.0,389.0,598.0,4,847.0
2.0,30.0,121.0,335.0,350.0,409.0,4,598.0
2.0,30.0,657.0,689.0,705.0,953.0,4,963.0
2.0,30.0,657.0,689.0,705.0,953.0,4,963.0
2.0,30.0,657.0,689.0,705.0,953.0,4,963.0
2.0,30.0,121.0,350.0,598.0,657.0,4,847.0
2.0,30.0,121.0,598.0,689.0,705.0,4,847.0
2.0,30.0,121.0,657.0,847.0,953.0,4,963.0
2.0,30.0,598.0,705.0,847.0,953.0,4,963.0
2.0,30.0,657.0,689.0,847.0,953.0,4,963.0
2.0,30.0,335.0,350.0,657.0,689.0,4,705.0
2.0,30.0,657.0,689.0,705.0,953.0,4,963.0
2.0,30.0,598.0,657.0,705.0,953.0,4,963.0
2.0,9.0,29.0,68.0,815.0,845.0,4,941.0
2.0,9.0,29.0,68.0,815.0,845.0,4,941.0
2.0,9.0,29.0,452.0,815.0,828.0,4,941.0
2.0,9.0,29.0,68.0,815.0,828.0,4,941.0
2.0,9.0,29.0,68.0,815.0,828.0,4,941.0
2.0,34.0,55.0,137.0,224.0,278.0,4,718.0
2.0,34.0,36.0,55.0,137.0,224.0,4,458.0
2.0,34.0,36.0,55.0,137.0,224.0,4,538.0
2.0,34.0,55.0,137.0,224.0,538.0,4,718.0
2.0,34.0,55.0,137.0,224.0,278.0,4,718.0
2.0,34.0,36.0,278.0,404.0,458.0,4,753.0
2.0,13.0,15.0,80.0,665.0,723.0,4,925.0
2.0,13.0,15.0,22.0,340.0,665.0,4,925.0
2.0,13.0,15.0,22.0,80.0,119.0,4,340.0
2.0,13.0,15.0,80.0,340.0,665.0,4,925.0
2.0,13.0,15.0,340.0,665.0,723.0,4,925.0
2.0,13.0,15.0,238.0,340.0,723.0,4,925.0
2.0,30.0,121.0,689.0,705.0,953.0,4,963.0
2.0,30.0,121.0,598.0,705.0,953.0,4,963.0
2.0,30.0,121.0,389.0,598.0,847.0,4,953.0
2.0,30.0,350.0,389.0,598.0,654.0,4,847.0
2.0,30.0,350.0,689.0,705.0,953.0,4,963.0
2.0,30.0,121.0,335.0,689.0,705.0,4,963.0
2.0,30.0,689.0,705.0,847.0,953.0,4,963.0
2.0,30.0,598.0,689.0,705.0,847.0,4,963.0
2.0,30.0,121.0,598.0,689.0,705.0,4,963.0
2.0,30.0,121.0,335.0,350.0,389.0,4,598.0
2.0,30.0,335.0,350.0,389.0,409.0,4,654.0
2.0,30.0,335.0,350.0,389.0,409.0,4,654.0
2.0,30.0,689.0,705.0,847.0,953.0,4,963.0
2.0,30.0,121.0,598.0,705.0,953.0,4,963.0
2.0,30.0,350.0,389.0,598.0,689.0,4,847.0
2.0,30.0,121.0,389.0,705.0,953.0,4,963.0
2.0,30.0,121.0,389.0,847.0,953.0,4,963.0
2.0,30.0,121.0,389.0,847.0,953.0,4,963.0
2.0,30.0,598.0,705.0,847.0,953.0,4,963.0
2.0,30.0,389.0,689.0,705.0,953.0,4,963.0
2.0,30.0,121.0,350.0,389.0,598.0,4,847.0
2.0,30.0,121.0,350.0,389.0,598.0,4,847.0
2.0,30.0,121.0,350.0,389.0,953.0,4,963.0
2.0,30.0,350.0,598.0,847.0,953.0,4,963.0
2.0,30.0,350.0,598.0,847.0,953.0,4,963.0
2.0,24.0,463.0,576.0,605.0,750.0,4,863.0
2.0,24.0,174.0,463.0,605.0,655.0,4,750.0
2.0,24.0,174.0,463.0,605.0,655.0,4,750.0
2.0,24.0,463.0,576.0,746.0,750.0,4,863.0
2.0,24.0,463.0,576.0,746.0,863.0,4,947.0
2.0,24.0,576.0,605.0,750.0,863.0,4,947.0
2.0,24.0,174.0,576.0,605.0,750.0,4,947.0
2.0,24.0,174.0,576.0,605.0,750.0,4,947.0
2.0,24.0,174.0,463.0,605.0,750.0,4,947.0
2.0,24.0,463.0,576.0,750.0,863.0,4,947.0
2.0,30.0,689.0,705.0,847.0,953.0,4,963.0
2.0,30.0,689.0,705.0,847.0,953.0,4,963.0
2.0,30.0,598.0,657.0,689.0,705.0,4,963.0
2.0,30.0,350.0,389.0,598.0,657.0,4,847.0
2.0,30.0,598.0,689.0,705.0,847.0,4,963.0
2.0,30.0,290.0,350.0,657.0,689.0,4,847.0
2.0,30.0,121.0,350.0,389.0,409.0,4,598.0
2.0,30.0,657.0,689.0,705.0,953.0,4,963.0
2.0,30.0,689.0,705.0,847.0,953.0,4,963.0
2.0,30.0,290.0,409.0,705.0,847.0,4,953.0
2.0,30.0,290.0,409.0,657.0,689.0,4,847.0
2.0,30.0,389.0,689.0,705.0,953.0,4,963.0
2.0,30.0,389.0,705.0,847.0,953.0,4,963.0
2.0,30.0,389.0,409.0,705.0,847.0,4,953.0
2.0,30.0,389.0,409.0,705.0,847.0,4,953.0
2.0,30.0,389.0,598.0,657.0,847.0,4,963.0
2.0,30.0,689.0,705.0,847.0,953.0,4,963.0
2.0,30.0,689.0,705.0,847.0,953.0,4,963.0
2.0,30.0,657.0,689.0,705.0,953.0,4,963.0
2.0,24.0,463.0,576.0,746.0,863.0,4,947.0
2.0,24.0,463.0,576.0,750.0,863.0,4,947.0
2.0,24.0,463.0,576.0,605.0,750.0,4,947.0
2.0,24.0,198.0,463.0,605.0,750.0,4,900.0
2.0,24.0,198.0,463.0,576.0,746.0,4,863.0
2.0,24.0,463.0,576.0,746.0,863.0,4,947.0
2.0,24.0,198.0,576.0,605.0,750.0,4,900.0
2.0,30.0,689.0,705.0,847.0,953.0,4,963.0
2.0,30.0,389.0,689.0,705.0,953.0,4,963.0
2.0,30.0,121.0,290.0,389.0,598.0,4,847.0
2.0,30.0,689.0,705.0,847.0,953.0,4,963.0
2.0,30.0,389.0,598.0,705.0,953.0,4,963.0
2.0,30.0,689.0,705.0,847.0,953.0,4,963.0
2.0,30.0,389.0,705.0,847.0,953.0,4,963.0
2.0,24.0,301.0,463.0,576.0,750.0,4,841.0
2.0,24.0,169.0,204.0,301.0,501.0,4,576.0
2.0,24.0,204.0,463.0,494.0,841.0,4,863.0
2.0,24.0,463.0,494.0,576.0,750.0,4,863.0
2.0,24.0,204.0,494.0,576.0,750.0,4,863.0
2.0,24.0,169.0,204.0,463.0,494.0,4,863.0
2.0,24.0,204.0,494.0,501.0,576.0,4,863.0
2.0,24.0,169.0,204.0,501.0,576.0,4,863.0
2.0,24.0,204.0,501.0,605.0,735.0,4,863.0
2.0,15.0,229.0,659.0,714.0,764.0,4,860.0
2.0,15.0,365.0,659.0,714.0,764.0,4,860.0
2.0,15.0,226.0,373.0,458.0,714.0,4,860.0
2.0,15.0,365.0,659.0,714.0,764.0,4,860.0
2.0,15.0,229.0,659.0,714.0,764.0,4,860.0
2.0,15.0,373.0,659.0,714.0,764.0,4,860.0
2.0,15.0,365.0,602.0,659.0,764.0,4,860.0
2.0,15.0,226.0,365.0,458.0,602.0,4,860.0
2.0,15.0,365.0,602.0,659.0,764.0,4,860.0
2.0,15.0,365.0,458.0,602.0,764.0,4,860.0
2.0,24.0,169.0,204.0,463.0,576.0,4,863.0
2.0,24.0,169.0,262.0,301.0,576.0,4,863.0
2.0,24.0,262.0,301.0,576.0,750.0,4,863.0
2.0,24.0,262.0,301.0,576.0,750.0,4,863.0
2.0,24.0,262.0,301.0,494.0,576.0,4,750.0
2.0,24.0,262.0,301.0,463.0,494.0,4,750.0
2.0,24.0,262.0,301.0,463.0,494.0,4,750.0
2.0,24.0,204.0,463.0,576.0,750.0,4,863.0
2.0,24.0,204.0,494.0,576.0,750.0,4,863.0
2.0,24.0,169.0,262.0,301.0,576.0,4,750.0
2.0,24.0,169.0,262.0,301.0,576.0,4,750.0
2.0,24.0,169.0,262.0,301.0,750.0,4,863.0
2.0,24.0,169.0,262.0,301.0,750.0,4,863.0
2.0,24.0,169.0,262.0,301.0,750.0,4,863.0
2.0,24.0,169.0,262.0,301.0,576.0,4,863.0
2.0,24.0,169.0,301.0,463.0,576.0,4,863.0
2.0,24.0,301.0,463.0,576.0,750.0,4,863.0
2.0,24.0,169.0,262.0,301.0,576.0,4,750.0
2.0,9.0,29.0,815.0,828.0,845.0,4,941.0
2.0,9.0,29.0,452.0,599.0,828.0,4,941.0
2.0,9.0,68.0,74.0,815.0,828.0,4,845.0
2.0,9.0,68.0,74.0,815.0,828.0,4,845.0
2.0,9.0,68.0,74.0,815.0,828.0,4,845.0
2.0,9.0,29.0,815.0,828.0,845.0,4,941.0
2.0,9.0,29.0,34.0,815.0,845.0,4,941.0
2.0,9.0,29.0,34.0,815.0,845.0,4,941.0
2.0,9.0,29.0,34.0,74.0,815.0,4,941.0
2.0,9.0,29.0,34.0,68.0,74.0,4,941.0
2.0,34.0,36.0,55.0,278.0,718.0,4,753.0
2.0,34.0,36.0,55.0,247.0,718.0,4,753.0
2.0,34.0,36.0,55.0,247.0,538.0,4,718.0
2.0,34.0,36.0,55.0,247.0,330.0,4,538.0
2.0,34.0,36.0,55.0,247.0,330.0,4,538.0
2.0,34.0,36.0,55.0,278.0,330.0,4,718.0
2.0,34.0,36.0,55.0,278.0,330.0,4,718.0
2.0,34.0,36.0,55.0,278.0,718.0,4,753.0
2.0,34.0,36.0,247.0,278.0,330.0,4,538.0
2.0,34.0,36.0,247.0,278.0,330.0,4,538.0
2.0,34.0,36.0,247.0,330.0,538.0,4,718.0
2.0,34.0,36.0,55.0,247.0,330.0,4,718.0
2.0,24.0,169.0,262.0,301.0,463.0,4,576.0
2.0,24.0,169.0,262.0,301.0,576.0,4,605.0
2.0,24.0,262.0,463.0,576.0,746.0,4,863.0
2.0,24.0,262.0,463.0,576.0,746.0,4,863.0
2.0,24.0,262.0,301.0,463.0,576.0,4,746.0
2.0,24.0,169.0,301.0,463.0,576.0,4,605.0
2.0,24.0,169.0,301.0,463.0,576.0,4,605.0
2.0,24.0,169.0,262.0,301.0,463.0,4,576.0
2.0,13.0,15.0,238.0,320.0,673.0,4,832.0
2.0,13.0,15.0,238.0,320.0,340.0,4,832.0
2.0,13.0,15.0,152.0,340.0,449.0,4,925.0
2.0,13.0,15.0,238.0,320.0,340.0,4,925.0
2.0,13.0,15.0,320.0,449.0,832.0,4,925.0
2.0,13.0,15.0,238.0,320.0,340.0,4,832.0
2.0,13.0,15.0,152.0,320.0,340.0,4,832.0
2.0,13.0,15.0,152.0,320.0,340.0,4,832.0
2.0,13.0,15.0,152.0,320.0,340.0,4,925.0
2.0,13.0,15.0,152.0,320.0,340.0,4,925.0
2.0,24.0,169.0,174.0,301.0,576.0,4,746.0
2.0,24.0,262.0,463.0,576.0,750.0,4,863.0
2.0,24.0,262.0,463.0,576.0,750.0,4,863.0
2.0,24.0,262.0,463.0,576.0,746.0,4,863.0
2.0,24.0,301.0,463.0,576.0,746.0,4,863.0
2.0,24.0,301.0,463.0,576.0,746.0,4,863.0
2.0,24.0,169.0,174.0,301.0,576.0,4,746.0
2.0,24.0,169.0,174.0,301.0,576.0,4,746.0
2.0,24.0,301.0,463.0,576.0,750.0,4,863.0
2.0,24.0,301.0,463.0,576.0,605.0,4,746.0
2.0,24.0,174.0,301.0,463.0,576.0,4,746.0
2.0,24.0,301.0,463.0,576.0,746.0,4,863.0
2.0,24.0,463.0,576.0,605.0,746.0,4,863.0
2.0,24.0,463.0,576.0,605.0,746.0,4,863.0
2.0,24.0,463.0,576.0,605.0,750.0,4,863.0
2.0,24.0,301.0,463.0,576.0,605.0,4,746.0
2.0,24.0,301.0,576.0,746.0,750.0,4,863.0
2.0,24.0,301.0,576.0,746.0,750.0,4,863.0
2.0,15.0,226.0,365.0,373.0,681.0,4,860.0
2.0,15.0,365.0,659.0,714.0,764.0,4,860.0
2.0,15.0,226.0,229.0,714.0,764.0,4,860.0
2.0,15.0,229.0,659.0,714.0,764.0,4,803.0
2.0,15.0,226.0,373.0,681.0,764.0,4,803.0
2.0,15.0,226.0,365.0,373.0,681.0,4,860.0
2.0,15.0,226.0,365.0,714.0,764.0,4,860.0
2.0,15.0,659.0,714.0,764.0,803.0,4,860.0
2.0,24.0,605.0,750.0,841.0,863.0,4,947.0
2.0,24.0,204.0,301.0,605.0,655.0,4,841.0
2.0,24.0,301.0,605.0,655.0,746.0,4,863.0
2.0,24.0,301.0,605.0,746.0,750.0,4,863.0
2.0,24.0,605.0,746.0,750.0,863.0,4,947.0
2.0,24.0,605.0,746.0,750.0,863.0,4,947.0
2.0,24.0,204.0,750.0,841.0,863.0,4,947.0
2.0,24.0,204.0,750.0,841.0,863.0,4,947.0
2.0,24.0,301.0,746.0,750.0,863.0,4,947.0
2.0,24.0,301.0,605.0,746.0,750.0,4,947.0
2.0,24.0,605.0,746.0,750.0,863.0,4,947.0
2.0,24.0,463.0,576.0,746.0,863.0,4,947.0
2.0,24.0,198.0,576.0,605.0,655.0,4,900.0
2.0,24.0,198.0,463.0,605.0,655.0,4,900.0
2.0,24.0,463.0,576.0,746.0,863.0,4,947.0
2.0,24.0,463.0,576.0,605.0,746.0,4,863.0
2.0,24.0,198.0,576.0,605.0,746.0,4,863.0
2.0,24.0,198.0,463.0,576.0,863.0,4,900.0
2.0,13.0,161.0,320.0,340.0,665.0,4,723.0
2.0,13.0,80.0,161.0,320.0,340.0,4,665.0
2.0,13.0,80.0,161.0,320.0,340.0,4,665.0
2.0,13.0,161.0,320.0,340.0,665.0,4,723.0
2.0,13.0,22.0,238.0,320.0,723.0,4,925.0
2.0,13.0,80.0,238.0,320.0,723.0,4,925.0
2.0,13.0,22.0,238.0,320.0,723.0,4,925.0
2.0,9.0,34.0,151.0,815.0,828.0,4,941.0
2.0,9.0,151.0,452.0,599.0,845.0,4,941.0
2.0,9.0,151.0,452.0,599.0,941.0,4,1011.0
2.0,9.0,68.0,74.0,599.0,845.0,4,1011.0
2.0,9.0,151.0,452.0,815.0,828.0,4,941.0
2.0,9.0,34.0,151.0,815.0,828.0,4,941.0
2.0,9.0,68.0,452.0,828.0,845.0,4,1011.0
2.0,9.0,68.0,452.0,828.0,845.0,4,1011.0
2.0,34.0,67.0,137.0,224.0,278.0,4,538.0
2.0,34.0,55.0,67.0,224.0,278.0,4,538.0
2.0,34.0,55.0,137.0,224.0,247.0,4,538.0
2.0,34.0,36.0,55.0,137.0,247.0,4,538.0
2.0,34.0,36.0,55.0,278.0,538.0,4,753.0
2.0,34.0,55.0,224.0,278.0,538.0,4,753.0
2.0,34.0,55.0,137.0,224.0,247.0,4,538.0
2.0,9.0,29.0,815.0,828.0,845.0,4,941.0
2.0,9.0,29.0,68.0,74.0,452.0,4,941.0
2.0,9.0,68.0,74.0,452.0,828.0,4,845.0
2.0,9.0,29.0,68.0,815.0,828.0,4,941.0
2.0,9.0,29.0,815.0,828.0,845.0,4,941.0
2.0,9.0,68.0,74.0,828.0,845.0,4,941.0
2.0,9.0,29.0,68.0,452.0,845.0,4,941.0
2.0,9.0,29.0,68.0,452.0,845.0,4,941.0
2.0,9.0,29.0,68.0,815.0,845.0,4,941.0
2.0,34.0,36.0,55.0,137.0,278.0,4,718.0
2.0,34.0,36.0,55.0,137.0,278.0,4,718.0
2.0,34.0,137.0,224.0,278.0,404.0,4,458.0
2.0,34.0,36.0,224.0,404.0,458.0,4,753.0
2.0,34.0,36.0,224.0,404.0,458.0,4,753.0
2.0,34.0,36.0,55.0,404.0,538.0,4,753.0
2.0,34.0,137.0,278.0,404.0,718.0,4,753.0
2.0,34.0,36.0,55.0,137.0,278.0,4,718.0
2.0,34.0,36.0,55.0,137.0,278.0,4,718.0
2.0,34.0,36.0,55.0,278.0,458.0,4,753.0
2.0,34.0,36.0,55.0,137.0,458.0,4,753.0
2.0,34.0,36.0,55.0,137.0,278.0,4,458.0
2.0,34.0,55.0,137.0,224.0,278.0,4,718.0
2.0,34.0,137.0,247.0,278.0,404.0,4,458.0
2.0,34.0,55.0,247.0,404.0,458.0,4,753.0
2.0,34.0,55.0,137.0,224.0,718.0,4,753.0
2.0,34.0,55.0,137.0,224.0,718.0,4,753.0
2.0,34.0,55.0,247.0,404.0,718.0,4,753.0
2.0,34.0,55.0,247.0,404.0,458.0,4,753.0
2.0,34.0,137.0,278.0,404.0,458.0,4,753.0
2.0,34.0,55.0,137.0,404.0,458.0,4,753.0
2.0,34.0,55.0,137.0,278.0,404.0,4,458.0
2.0,34.0,55.0,137.0,278.0,404.0,4,458.0
2.0,34.0,137.0,278.0,404.0,458.0,4,753.0
2.0,34.0,55.0,137.0,538.0,753.0,4,766.0
2.0,34.0,55.0,137.0,224.0,278.0,4,718.0
2.0,34.0,55.0,137.0,224.0,278.0,4,718.0
2.0,34.0,55.0,137.0,278.0,404.0,4,718.0
2.0,34.0,55.0,137.0,224.0,458.0,4,753.0
2.0,34.0,55.0,137.0,224.0,718.0,4,753.0
2.0,34.0,55.0,137.0,224.0,718.0,4,753.0
2.0,34.0,55.0,137.0,224.0,278.0,4,718.0
2.0,34.0,36.0,55.0,137.0,278.0,4,458.0
2.0,34.0,36.0,137.0,404.0,458.0,4,753.0
2.0,34.0,36.0,55.0,137.0,718.0,4,753.0
2.0,34.0,137.0,224.0,404.0,458.0,4,753.0
2.0,34.0,36.0,55.0,137.0,278.0,4,718.0
2.0,34.0,36.0,55.0,137.0,278.0,4,718.0
2.0,13.0,15.0,161.0,340.0,723.0,4,925.0
2.0,13.0,15.0,80.0,161.0,340.0,4,925.0
2.0,13.0,80.0,161.0,320.0,340.0,4,925.0
2.0,13.0,15.0,80.0,320.0,925.0,4,1036.0
2.0,13.0,15.0,80.0,161.0,320.0,4,925.0
2.0,13.0,15.0,80.0,161.0,320.0,4,925.0
2.0,13.0,15.0,80.0,320.0,925.0,4,1036.0
2.0,13.0,15.0,80.0,161.0,320.0,4,340.0
2.0,13.0,15.0,80.0,161.0,320.0,4,340.0
2.0,13.0,80.0,320.0,340.0,925.0,4,1036.0
2.0,13.0,80.0,320.0,340.0,925.0,4,1036.0
2.0,13.0,15.0,80.0,320.0,340.0,4,1036.0
2.0,13.0,15.0,80.0,320.0,340.0,4,1036.0
2.0,34.0,55.0,278.0,404.0,718.0,4,753.0
2.0,34.0,36.0,55.0,278.0,718.0,4,753.0
2.0,34.0,36.0,55.0,278.0,458.0,4,718.0
2.0,34.0,55.0,278.0,404.0,458.0,4,753.0
2.0,34.0,36.0,278.0,404.0,718.0,4,753.0
2.0,34.0,36.0,278.0,404.0,718.0,4,753.0
2.0,34.0,36.0,278.0,404.0,718.0,4,753.0
2.0,34.0,36.0,55.0,458.0,718.0,4,753.0
2.0,34.0,36.0,55.0,137.0,278.0,4,355.0
2.0,34.0,137.0,278.0,404.0,458.0,4,753.0
2.0,34.0,55.0,137.0,355.0,404.0,4,753.0
2.0,34.0,36.0,137.0,278.0,458.0,4,753.0
2.0,34.0,55.0,278.0,404.0,458.0,4,753.0
2.0,34.0,36.0,55.0,137.0,278.0,4,355.0
2.0,15.0,229.0,659.0,714.0,764.0,4,860.0
2.0,15.0,226.0,365.0,373.0,764.0,4,803.0
2.0,15.0,365.0,373.0,659.0,764.0,4,860.0
2.0,15.0,373.0,375.0,714.0,764.0,4,860.0
2.0,15.0,373.0,375.0,714.0,764.0,4,860.0
2.0,15.0,229.0,659.0,714.0,764.0,4,860.0
2.0,15.0,229.0,659.0,714.0,764.0,4,860.0
2.0,15.0,373.0,659.0,714.0,803.0,4,860.0
2.0,13.0,15.0,80.0,161.0,320.0,4,665.0
2.0,13.0,15.0,80.0,119.0,161.0,4,723.0
2.0,13.0,15.0,80.0,161.0,723.0,4,925.0
2.0,13.0,15.0,80.0,161.0,320.0,4,925.0
2.0,13.0,15.0,80.0,161.0,320.0,4,665.0
2.0,13.0,15.0,80.0,320.0,665.0,4,925.0
2.0,15.0,229.0,365.0,373.0,602.0,4,764.0
2.0,15.0,226.0,602.0,659.0,764.0,4,860.0
2.0,15.0,226.0,602.0,659.0,764.0,4,860.0
2.0,15.0,226.0,602.0,659.0,764.0,4,860.0
2.0,15.0,373.0,602.0,659.0,764.0,4,860.0
2.0,15.0,229.0,373.0,714.0,803.0,4,860.0
2.0,15.0,226.0,714.0,764.0,803.0,4,860.0
2.0,15.0,226.0,714.0,764.0,803.0,4,860.0
2.0,9.0,29.0,815.0,828.0,845.0,4,941.0
2.0,9.0,68.0,74.0,452.0,828.0,4,845.0
2.0,9.0,29.0,815.0,828.0,845.0,4,941.0
2.0,9.0,34.0,815.0,828.0,845.0,4,941.0
2.0,9.0,34.0,815.0,828.0,845.0,4,941.0
2.0,9.0,452.0,815.0,828.0,845.0,4,941.0
2.0,9.0,29.0,68.0,452.0,828.0,4,845.0
2.0,9.0,29.0,68.0,452.0,828.0,4,941.0
2.0,9.0,29.0,68.0,452.0,828.0,4,941.0
2.0,15.0,226.0,365.0,373.0,714.0,4,764.0
2.0,15.0,365.0,373.0,659.0,681.0,4,764.0
2.0,15.0,373.0,659.0,681.0,764.0,4,803.0
2.0,15.0,221.0,226.0,365.0,714.0,4,803.0
2.0,15.0,373.0,659.0,714.0,764.0,4,803.0
2.0,15.0,226.0,365.0,714.0,764.0,4,803.0
2.0,15.0,365.0,373.0,659.0,681.0,4,764.0
2.0,15.0,365.0,373.0,659.0,681.0,4,803.0
2.0,15.0,226.0,365.0,373.0,714.0,4,764.0
2.0,13.0,119.0,320.0,340.0,723.0,4,1036.0
2.0,13.0,80.0,161.0,320.0,925.0,4,1036.0
2.0,13.0,80.0,161.0,320.0,925.0,4,1036.0
2.0,13.0,80.0,161.0,320.0,723.0,4,1036.0
2.0,13.0,80.0,161.0,320.0,340.0,4,1036.0
2.0,13.0,119.0,320.0,340.0,925.0,4,1036.0
2.0,13.0,119.0,161.0,320.0,340.0,4,723.0
2.0,13.0,119.0,161.0,320.0,340.0,4,723.0
2.0,13.0,80.0,161.0,340.0,723.0,4,1036.0
2.0,13.0,80.0,161.0,340.0,723.0,4,1036.0
2.0,15.0,226.0,229.0,602.0,764.0,4,860.0
2.0,15.0,226.0,373.0,602.0,764.0,4,803.0
2.0,15.0,365.0,373.0,659.0,714.0,4,803.0
2.0,15.0,226.0,365.0,373.0,714.0,4,803.0
2.0,15.0,226.0,373.0,714.0,764.0,4,860.0
2.0,15.0,226.0,659.0,714.0,764.0,4,860.0
2.0,15.0,226.0,229.0,602.0,764.0,4,860.0
2.0,15.0,373.0,659.0,714.0,803.0,4,860.0
2.0,13.0,15.0,119.0,320.0,340.0,4,665.0
2.0,13.0,238.0,320.0,673.0,787.0,4,925.0
2.0,13.0,238.0,320.0,673.0,787.0,4,925.0
2.0,13.0,15.0,320.0,665.0,673.0,4,925.0
2.0,13.0,15.0,320.0,665.0,673.0,4,925.0
2.0,13.0,15.0,238.0,320.0,665.0,4,673.0
2.0,15.0,221.0,373.0,681.0,764.0,4,860.0
2.0,15.0,221.0,365.0,373.0,681.0,4,860.0
2.0,15.0,659.0,714.0,764.0,803.0,4,860.0
2.0,15.0,365.0,659.0,714.0,764.0,4,860.0
2.0,15.0,226.0,373.0,714.0,764.0,4,860.0
2.0,15.0,365.0,659.0,681.0,803.0,4,860.0
2.0,15.0,226.0,365.0,373.0,714.0,4,764.0
2.0,15.0,221.0,226.0,373.0,681.0,4,803.0
2.0,13.0,15.0,80.0,665.0,832.0,4,1036.0
2.0,13.0,15.0,665.0,723.0,832.0,4,1036.0
2.0,13.0,22.0,119.0,723.0,832.0,4,925.0
2.0,13.0,22.0,119.0,723.0,832.0,4,925.0
2.0,13.0,15.0,22.0,119.0,723.0,4,925.0
2.0,13.0,15.0,22.0,80.0,665.0,4,1036.0
2.0,13.0,15.0,22.0,119.0,665.0,4,723.0
2.0,13.0,15.0,22.0,723.0,925.0,4,1036.0
2.0,13.0,80.0,665.0,723.0,925.0,4,1036.0
2.0,13.0,15.0,80.0,665.0,723.0,4,1036.0
2.0,13.0,15.0,238.0,340.0,665.0,4,723.0
2.0,13.0,80.0,119.0,673.0,723.0,4,925.0
2.0,13.0,15.0,80.0,119.0,673.0,4,723.0
2.0,13.0,15.0,80.0,238.0,340.0,4,673.0
2.0,13.0,15.0,80.0,238.0,340.0,4,673.0
2.0,13.0,15.0,80.0,238.0,340.0,4,673.0
2.0,13.0,80.0,238.0,673.0,723.0,4,925.0
2.0,13.0,15.0,119.0,340.0,723.0,4,925.0
2.0,9.0,68.0,74.0,599.0,941.0,4,1019.0
2.0,9.0,68.0,452.0,941.0,1011.0,4,1019.0
2.0,9.0,68.0,599.0,941.0,1011.0,4,1019.0
2.0,9.0,68.0,74.0,599.0,941.0,4,1019.0
2.0,9.0,68.0,74.0,599.0,941.0,4,1019.0
2.0,9.0,68.0,74.0,452.0,1011.0,4,1019.0
2.0,9.0,452.0,599.0,941.0,1011.0,4,1019.0
2.0,9.0,452.0,599.0,941.0,1011.0,4,1019.0
2.0,9.0,68.0,599.0,941.0,1011.0,4,1019.0
2.0,9.0,68.0,452.0,941.0,1011.0,4,1019.0
2.0,9.0,29.0,815.0,828.0,845.0,4,941.0
2.0,9.0,29.0,34.0,815.0,845.0,4,941.0
2.0,9.0,29.0,34.0,815.0,845.0,4,941.0
2.0,9.0,29.0,68.0,815.0,845.0,4,941.0
2.0,9.0,29.0,815.0,828.0,845.0,4,941.0
2.0,9.0,29.0,34.0,68.0,845.0,4,941.0
2.0,9.0,68.0,452.0,828.0,845.0,4,941.0
2.0,15.0,229.0,659.0,714.0,764.0,4,860.0
2.0,15.0,221.0,373.0,602.0,681.0,4,764.0
2.0,15.0,373.0,659.0,714.0,764.0,4,860.0
2.0,15.0,229.0,659.0,714.0,764.0,4,860.0
2.0,15.0,373.0,659.0,714.0,764.0,4,860.0
2.0,15.0,229.0,373.0,602.0,764.0,4,860.0
2.0,15.0,373.0,602.0,659.0,681.0,4,764.0
2.0,9.0,452.0,599.0,828.0,845.0,4,941.0
2.0,9.0,74.0,452.0,599.0,828.0,4,1019.0
2.0,9.0,34.0,74.0,599.0,828.0,4,1019.0
2.0,9.0,452.0,599.0,828.0,845.0,4,941.0
2.0,9.0,68.0,452.0,828.0,845.0,4,941.0
2.0,9.0,34.0,68.0,828.0,941.0,4,1019.0
2.0,9.0,34.0,599.0,828.0,941.0,4,1019.0
2.0,9.0,68.0,599.0,828.0,941.0,4,1019.0
2.0,9.0,68.0,599.0,828.0,941.0,4,1019.0
2.0,9.0,68.0,815.0,828.0,845.0,4,941.0
2.0,9.0,68.0,599.0,828.0,941.0,4,1019.0
2.0,9.0,74.0,452.0,599.0,828.0,4,1019.0
2.0,9.0,74.0,452.0,599.0,828.0,4,1019.0
2.0,9.0,74.0,599.0,815.0,1011.0,4,1019.0
2.0,9.0,74.0,599.0,815.0,1011.0,4,1019.0
2.0,9.0,68.0,815.0,828.0,845.0,4,941.0
2.0,9.0,68.0,74.0,599.0,828.0,4,1019.0
2.0,15.0,226.0,373.0,602.0,764.0,4,860.0
2.0,15.0,226.0,365.0,659.0,714.0,4,764.0
2.0,15.0,226.0,714.0,764.0,803.0,4,860.0
2.0,15.0,365.0,659.0,714.0,803.0,4,860.0
2.0,15.0,365.0,373.0,659.0,714.0,4,860.0
2.0,15.0,365.0,373.0,602.0,659.0,4,714.0
