season,team,player_0,player_1,player_2,player_3,missing_position,target_player
1.0,10.0,52.0,80.0,564.0,711.0,4,731.0
1.0,10.0,12.0,80.0,564.0,688.0,4,982.0
1.0,10.0,12.0,52.0,564.0,711.0,4,731.0
1.0,10.0,12.0,80.0,564.0,711.0,4,731.0
1.0,10.0,12.0,80.0,564.0,711.0,4,731.0
1.0,10.0,12.0,80.0,711.0,731.0,4,982.0
1.0,10.0,12.0,80.0,688.0,711.0,4,731.0
1.0,10.0,12.0,52.0,564.0,711.0,4,731.0
1.0,10.0,12.0,52.0,80.0,663.0,4,731.0
1.0,10.0,52.0,75.0,80.0,663.0,4,731.0
1.0,13.0,161.0,182.0,192.0,803.0,4,871.0
1.0,13.0,15.0,114.0,182.0,192.0,4,956.0
1.0,13.0,15.0,114.0,161.0,192.0,4,956.0
1.0,13.0,15.0,114.0,161.0,192.0,4,956.0
1.0,13.0,161.0,182.0,803.0,858.0,4,871.0
1.0,13.0,161.0,182.0,803.0,858.0,4,871.0
1.0,13.0,15.0,114.0,161.0,192.0,4,858.0
1.0,13.0,15.0,114.0,161.0,192.0,4,858.0
1.0,13.0,114.0,161.0,182.0,192.0,4,956.0
1.0,33.0,134.0,449.0,692.0,698.0,4,853.0
1.0,33.0,134.0,449.0,692.0,698.0,4,853.0
1.0,33.0,134.0,449.0,692.0,698.0,4,853.0
1.0,33.0,45.0,360.0,449.0,692.0,4,789.0
1.0,33.0,45.0,255.0,360.0,692.0,4,789.0
1.0,33.0,45.0,255.0,360.0,692.0,4,789.0
1.0,33.0,45.0,134.0,255.0,360.0,4,789.0
1.0,33.0,45.0,134.0,255.0,360.0,4,789.0
1.0,33.0,45.0,134.0,255.0,360.0,4,698.0
1.0,33.0,45.0,134.0,255.0,360.0,4,698.0
1.0,33.0,45.0,134.0,255.0,360.0,4,698.0
1.0,33.0,45.0,134.0,255.0,360.0,4,854.0
1.0,33.0,449.0,692.0,698.0,789.0,4,853.0
1.0,33.0,45.0,134.0,255.0,698.0,4,853.0
1.0,33.0,45.0,134.0,255.0,698.0,4,853.0
1.0,10.0,12.0,52.0,80.0,564.0,4,711.0
1.0,10.0,12.0,52.0,80.0,564.0,4,688.0
1.0,10.0,80.0,564.0,688.0,731.0,4,783.0
1.0,10.0,12.0,52.0,80.0,711.0,4,731.0
1.0,10.0,12.0,52.0,80.0,711.0,4,731.0
1.0,10.0,12.0,52.0,80.0,688.0,4,731.0
1.0,10.0,12.0,52.0,80.0,688.0,4,731.0
1.0,10.0,12.0,52.0,80.0,688.0,4,731.0
1.0,10.0,12.0,52.0,80.0,564.0,4,731.0
1.0,10.0,12.0,52.0,80.0,564.0,4,731.0
1.0,10.0,52.0,80.0,564.0,688.0,4,731.0
1.0,10.0,12.0,52.0,80.0,663.0,4,731.0
1.0,10.0,12.0,80.0,663.0,688.0,4,731.0
1.0,10.0,12.0,80.0,564.0,663.0,4,731.0
1.0,10.0,52.0,80.0,564.0,663.0,4,731.0
1.0,10.0,12.0,80.0,564.0,731.0,4,783.0
1.0,10.0,52.0,80.0,564.0,688.0,4,731.0
1.0,10.0,12.0,52.0,80.0,564.0,4,688.0
1.0,10.0,12.0,80.0,564.0,688.0,4,783.0
1.0,10.0,52.0,80.0,105.0,564.0,4,731.0
1.0,10.0,12.0,80.0,564.0,688.0,4,731.0
1.0,10.0,12.0,80.0,564.0,688.0,4,731.0
1.0,10.0,12.0,52.0,80.0,564.0,4,688.0
1.0,10.0,52.0,80.0,105.0,564.0,4,688.0
1.0,10.0,12.0,52.0,80.0,564.0,4,688.0
1.0,10.0,80.0,564.0,688.0,731.0,4,783.0
1.0,10.0,12.0,52.0,564.0,688.0,4,731.0
1.0,10.0,12.0,52.0,80.0,688.0,4,731.0
1.0,10.0,12.0,52.0,80.0,688.0,4,731.0
1.0,32.0,61.0,155.0,420.0,650.0,4,933.0
1.0,32.0,44.0,135.0,155.0,450.0,4,933.0
1.0,32.0,44.0,135.0,450.0,524.0,4,538.0
1.0,32.0,44.0,135.0,420.0,524.0,4,538.0
1.0,32.0,135.0,155.0,420.0,538.0,4,933.0
1.0,32.0,61.0,155.0,420.0,538.0,4,933.0
1.0,32.0,44.0,61.0,420.0,450.0,4,933.0
1.0,32.0,44.0,61.0,420.0,450.0,4,933.0
1.0,32.0,61.0,135.0,155.0,420.0,4,933.0
1.0,23.0,307.0,418.0,798.0,921.0,4,1036.0
1.0,23.0,307.0,418.0,798.0,921.0,4,1036.0
1.0,23.0,234.0,340.0,418.0,673.0,4,740.0
1.0,23.0,234.0,418.0,673.0,740.0,4,798.0
1.0,23.0,307.0,418.0,740.0,921.0,4,1036.0
1.0,23.0,307.0,418.0,798.0,921.0,4,1036.0
1.0,23.0,307.0,340.0,418.0,798.0,4,1036.0
1.0,1.0,570.0,577.0,790.0,808.0,4,820.0
1.0,1.0,431.0,790.0,808.0,820.0,4,878.0
1.0,1.0,118.0,305.0,431.0,577.0,4,960.0
1.0,1.0,118.0,305.0,431.0,577.0,4,960.0
1.0,1.0,118.0,305.0,431.0,577.0,4,960.0
1.0,1.0,431.0,577.0,790.0,808.0,4,820.0
1.0,1.0,305.0,431.0,577.0,790.0,4,820.0
1.0,1.0,305.0,431.0,790.0,878.0,4,960.0
1.0,1.0,305.0,431.0,790.0,878.0,4,960.0
1.0,1.0,118.0,305.0,356.0,808.0,4,960.0
1.0,1.0,305.0,356.0,625.0,808.0,4,960.0
1.0,34.0,55.0,67.0,112.0,137.0,4,247.0
1.0,34.0,36.0,55.0,67.0,137.0,4,247.0
1.0,34.0,36.0,55.0,137.0,753.0,4,847.0
1.0,34.0,55.0,67.0,112.0,224.0,4,847.0
1.0,34.0,55.0,67.0,112.0,137.0,4,247.0
1.0,34.0,36.0,55.0,137.0,247.0,4,753.0
1.0,34.0,36.0,55.0,137.0,247.0,4,753.0
1.0,26.0,40.0,41.0,824.0,874.0,4,1024.0
1.0,26.0,40.0,41.0,824.0,874.0,4,1024.0
1.0,26.0,40.0,454.0,582.0,843.0,4,948.0
1.0,26.0,40.0,454.0,582.0,843.0,4,948.0
1.0,26.0,41.0,824.0,843.0,874.0,4,1024.0
1.0,26.0,41.0,634.0,824.0,948.0,4,1024.0
1.0,26.0,41.0,634.0,824.0,948.0,4,1024.0
1.0,26.0,40.0,41.0,634.0,824.0,4,1024.0
1.0,10.0,12.0,80.0,688.0,731.0,4,920.0
1.0,10.0,12.0,80.0,688.0,731.0,4,920.0
1.0,10.0,52.0,564.0,688.0,731.0,4,920.0
1.0,10.0,12.0,80.0,564.0,711.0,4,920.0
1.0,10.0,80.0,564.0,688.0,711.0,4,920.0
1.0,10.0,105.0,564.0,688.0,711.0,4,731.0
1.0,10.0,12.0,80.0,688.0,731.0,4,920.0
1.0,10.0,12.0,80.0,688.0,731.0,4,920.0
1.0,10.0,12.0,80.0,564.0,711.0,4,920.0
1.0,10.0,52.0,80.0,688.0,731.0,4,920.0
1.0,29.0,86.0,103.0,580.0,700.0,4,725.0
1.0,29.0,338.0,505.0,580.0,725.0,4,914.0
1.0,29.0,103.0,338.0,505.0,580.0,4,700.0
1.0,29.0,86.0,103.0,338.0,505.0,4,725.0
1.0,10.0,12.0,52.0,80.0,731.0,4,920.0
1.0,10.0,80.0,272.0,688.0,731.0,4,920.0
1.0,10.0,12.0,80.0,688.0,731.0,4,920.0
1.0,10.0,12.0,80.0,564.0,711.0,4,920.0
1.0,10.0,12.0,564.0,711.0,731.0,4,920.0
1.0,10.0,12.0,52.0,80.0,731.0,4,920.0
1.0,10.0,12.0,80.0,688.0,731.0,4,920.0
1.0,10.0,12.0,80.0,688.0,731.0,4,920.0
1.0,10.0,52.0,80.0,564.0,731.0,4,920.0
1.0,10.0,52.0,80.0,564.0,731.0,4,920.0
1.0,10.0,75.0,564.0,688.0,711.0,4,982.0
1.0,10.0,12.0,80.0,688.0,731.0,4,920.0
1.0,10.0,52.0,564.0,688.0,731.0,4,920.0
1.0,10.0,12.0,75.0,80.0,564.0,4,731.0
1.0,10.0,52.0,75.0,80.0,564.0,4,731.0
1.0,10.0,52.0,80.0,688.0,731.0,4,920.0
1.0,10.0,52.0,80.0,688.0,731.0,4,920.0
1.0,10.0,12.0,564.0,688.0,731.0,4,920.0
1.0,10.0,12.0,80.0,564.0,688.0,4,920.0
1.0,10.0,12.0,80.0,564.0,688.0,4,920.0
1.0,10.0,12.0,52.0,80.0,731.0,4,920.0
1.0,10.0,12.0,52.0,80.0,920.0,4,982.0
1.0,10.0,12.0,52.0,80.0,920.0,4,982.0
1.0,10.0,12.0,80.0,272.0,920.0,4,982.0
1.0,10.0,12.0,80.0,272.0,920.0,4,982.0
1.0,10.0,272.0,564.0,688.0,731.0,4,920.0
1.0,10.0,272.0,564.0,688.0,731.0,4,920.0
1.0,10.0,52.0,80.0,564.0,688.0,4,731.0
1.0,10.0,80.0,272.0,688.0,731.0,4,920.0
1.0,10.0,12.0,52.0,80.0,731.0,4,920.0
1.0,10.0,75.0,564.0,688.0,731.0,4,920.0
1.0,10.0,75.0,80.0,564.0,688.0,4,982.0
1.0,10.0,75.0,80.0,564.0,688.0,4,982.0
1.0,10.0,12.0,52.0,80.0,731.0,4,920.0
1.0,10.0,80.0,272.0,688.0,731.0,4,920.0
1.0,10.0,80.0,272.0,688.0,731.0,4,920.0
1.0,10.0,12.0,80.0,564.0,711.0,4,731.0
1.0,10.0,52.0,80.0,711.0,731.0,4,920.0
1.0,10.0,52.0,80.0,711.0,731.0,4,920.0
1.0,10.0,52.0,80.0,688.0,731.0,4,920.0
1.0,10.0,52.0,80.0,688.0,731.0,4,920.0
1.0,10.0,52.0,80.0,711.0,731.0,4,920.0
1.0,10.0,12.0,80.0,688.0,920.0,4,982.0
1.0,10.0,80.0,564.0,688.0,731.0,4,920.0
1.0,10.0,12.0,80.0,564.0,731.0,4,920.0
1.0,10.0,80.0,564.0,688.0,731.0,4,920.0
1.0,14.0,48.0,254.0,592.0,609.0,4,1007.0
1.0,14.0,518.0,609.0,855.0,877.0,4,974.0
1.0,14.0,48.0,254.0,592.0,609.0,4,1007.0
1.0,14.0,48.0,254.0,592.0,609.0,4,974.0
1.0,14.0,48.0,254.0,592.0,609.0,4,974.0
1.0,14.0,48.0,254.0,592.0,609.0,4,974.0
1.0,14.0,48.0,254.0,592.0,609.0,4,974.0
1.0,14.0,48.0,254.0,592.0,609.0,4,1007.0
1.0,14.0,48.0,254.0,592.0,609.0,4,974.0
1.0,14.0,518.0,592.0,609.0,855.0,4,1007.0
1.0,10.0,52.0,80.0,564.0,688.0,4,920.0
1.0,10.0,52.0,564.0,688.0,731.0,4,920.0
1.0,10.0,52.0,564.0,711.0,731.0,4,920.0
1.0,10.0,12.0,564.0,711.0,731.0,4,920.0
1.0,10.0,12.0,80.0,564.0,711.0,4,920.0
1.0,10.0,12.0,80.0,564.0,711.0,4,920.0
1.0,10.0,12.0,80.0,564.0,711.0,4,920.0
1.0,10.0,12.0,564.0,688.0,711.0,4,731.0
1.0,10.0,52.0,80.0,564.0,688.0,4,920.0
1.0,10.0,52.0,80.0,564.0,688.0,4,920.0
1.0,10.0,80.0,564.0,688.0,711.0,4,920.0
1.0,28.0,110.0,146.0,497.0,685.0,4,922.0
1.0,28.0,110.0,146.0,685.0,922.0,4,971.0
1.0,28.0,110.0,146.0,427.0,444.0,4,971.0
1.0,28.0,427.0,444.0,497.0,890.0,4,971.0
1.0,28.0,110.0,427.0,804.0,922.0,4,971.0
1.0,28.0,110.0,427.0,804.0,922.0,4,971.0
1.0,28.0,110.0,427.0,497.0,922.0,4,971.0
1.0,28.0,110.0,427.0,497.0,922.0,4,971.0
1.0,28.0,427.0,444.0,804.0,890.0,4,971.0
1.0,28.0,110.0,444.0,804.0,922.0,4,971.0
1.0,28.0,110.0,427.0,444.0,497.0,4,971.0
1.0,10.0,12.0,80.0,564.0,688.0,4,920.0
1.0,10.0,12.0,564.0,688.0,731.0,4,920.0
1.0,10.0,12.0,52.0,564.0,731.0,4,920.0
1.0,10.0,12.0,52.0,80.0,688.0,4,731.0
1.0,10.0,12.0,52.0,80.0,688.0,4,731.0
1.0,10.0,12.0,75.0,80.0,688.0,4,731.0
1.0,10.0,12.0,75.0,80.0,688.0,4,920.0
1.0,10.0,12.0,52.0,80.0,731.0,4,920.0
1.0,9.0,151.0,446.0,452.0,815.0,4,828.0
1.0,9.0,446.0,452.0,628.0,815.0,4,828.0
1.0,9.0,68.0,446.0,452.0,628.0,4,828.0
1.0,9.0,68.0,74.0,446.0,452.0,4,628.0
1.0,9.0,68.0,74.0,452.0,628.0,4,941.0
1.0,9.0,68.0,74.0,151.0,452.0,4,941.0
1.0,9.0,68.0,74.0,151.0,452.0,4,941.0
1.0,9.0,68.0,74.0,151.0,452.0,4,941.0
1.0,9.0,68.0,74.0,151.0,452.0,4,828.0
1.0,9.0,68.0,74.0,151.0,452.0,4,828.0
1.0,9.0,34.0,74.0,452.0,628.0,4,941.0
1.0,9.0,34.0,74.0,446.0,452.0,4,628.0
1.0,9.0,34.0,74.0,446.0,628.0,4,797.0
1.0,15.0,209.0,226.0,537.0,719.0,4,860.0
1.0,15.0,209.0,537.0,719.0,860.0,4,930.0
1.0,15.0,209.0,537.0,719.0,860.0,4,930.0
1.0,15.0,209.0,226.0,602.0,719.0,4,860.0
1.0,15.0,38.0,209.0,602.0,719.0,4,860.0
1.0,15.0,209.0,537.0,719.0,860.0,4,930.0
1.0,15.0,140.0,209.0,537.0,719.0,4,930.0
1.0,15.0,140.0,373.0,537.0,602.0,4,719.0
1.0,15.0,140.0,373.0,602.0,719.0,4,860.0
1.0,15.0,373.0,537.0,602.0,719.0,4,860.0
1.0,15.0,373.0,537.0,602.0,719.0,4,860.0
1.0,15.0,373.0,537.0,602.0,719.0,4,860.0
1.0,18.0,14.0,181.0,191.0,812.0,4,886.0
1.0,18.0,181.0,191.0,351.0,812.0,4,866.0
1.0,18.0,14.0,351.0,812.0,866.0,4,886.0
1.0,18.0,14.0,181.0,351.0,812.0,4,866.0
1.0,18.0,14.0,181.0,191.0,351.0,4,812.0
1.0,18.0,166.0,191.0,351.0,812.0,4,886.0
1.0,18.0,166.0,191.0,351.0,812.0,4,886.0
1.0,18.0,14.0,166.0,181.0,812.0,4,886.0
1.0,18.0,14.0,181.0,812.0,866.0,4,886.0
1.0,6.0,35.0,265.0,390.0,616.0,4,623.0
1.0,6.0,35.0,265.0,616.0,876.0,4,1039.0
1.0,6.0,35.0,213.0,290.0,623.0,4,876.0
1.0,6.0,35.0,213.0,290.0,623.0,4,876.0
1.0,6.0,265.0,290.0,616.0,623.0,4,1039.0
1.0,6.0,35.0,213.0,623.0,876.0,4,1039.0
1.0,6.0,35.0,213.0,265.0,623.0,4,897.0
1.0,6.0,35.0,213.0,265.0,623.0,4,897.0
1.0,6.0,35.0,213.0,265.0,623.0,4,897.0
1.0,6.0,265.0,323.0,390.0,876.0,4,897.0
1.0,10.0,12.0,52.0,80.0,731.0,4,920.0
1.0,10.0,12.0,52.0,80.0,731.0,4,920.0
1.0,10.0,80.0,272.0,688.0,731.0,4,920.0
1.0,10.0,12.0,80.0,564.0,688.0,4,731.0
1.0,10.0,12.0,80.0,564.0,688.0,4,731.0
1.0,10.0,12.0,564.0,688.0,711.0,4,731.0
1.0,10.0,52.0,80.0,564.0,711.0,4,920.0
1.0,10.0,12.0,52.0,80.0,731.0,4,920.0
1.0,10.0,12.0,52.0,80.0,731.0,4,920.0
1.0,10.0,80.0,272.0,688.0,731.0,4,920.0
1.0,10.0,12.0,80.0,688.0,731.0,4,920.0
1.0,10.0,12.0,80.0,711.0,731.0,4,920.0
1.0,10.0,12.0,52.0,80.0,688.0,4,920.0
1.0,10.0,12.0,564.0,711.0,731.0,4,920.0
1.0,10.0,12.0,52.0,80.0,731.0,4,920.0
1.0,10.0,12.0,80.0,564.0,688.0,4,920.0
1.0,10.0,12.0,80.0,564.0,688.0,4,920.0
1.0,10.0,52.0,80.0,564.0,731.0,4,920.0
1.0,10.0,12.0,52.0,80.0,731.0,4,920.0
1.0,8.0,29.0,136.0,174.0,665.0,4,747.0
1.0,8.0,29.0,174.0,400.0,627.0,4,747.0
1.0,8.0,29.0,57.0,136.0,308.0,4,665.0
1.0,8.0,29.0,57.0,136.0,308.0,4,665.0
1.0,8.0,29.0,136.0,400.0,627.0,4,665.0
1.0,8.0,29.0,57.0,136.0,400.0,4,665.0
1.0,11.0,99.0,173.0,806.0,895.0,4,1031.0
1.0,11.0,99.0,638.0,647.0,806.0,4,895.0
1.0,11.0,99.0,638.0,647.0,806.0,4,925.0
1.0,11.0,99.0,638.0,806.0,895.0,4,925.0
1.0,11.0,99.0,638.0,806.0,895.0,4,925.0
1.0,11.0,99.0,173.0,806.0,895.0,4,1031.0
1.0,11.0,173.0,638.0,647.0,806.0,4,895.0
1.0,7.0,267.0,277.0,306.0,325.0,4,530.0
1.0,7.0,267.0,277.0,325.0,455.0,4,530.0
1.0,7.0,277.0,325.0,455.0,483.0,4,530.0
1.0,7.0,106.0,277.0,455.0,483.0,4,530.0
1.0,7.0,106.0,277.0,455.0,483.0,4,530.0
1.0,7.0,263.0,267.0,306.0,325.0,4,530.0
1.0,7.0,267.0,277.0,325.0,483.0,4,530.0
1.0,7.0,267.0,277.0,325.0,483.0,4,530.0
1.0,7.0,267.0,277.0,325.0,483.0,4,530.0
1.0,7.0,106.0,325.0,455.0,483.0,4,530.0
1.0,7.0,106.0,277.0,455.0,483.0,4,530.0
1.0,7.0,106.0,277.0,455.0,483.0,4,530.0
1.0,7.0,106.0,277.0,455.0,483.0,4,530.0
1.0,7.0,106.0,277.0,455.0,483.0,4,530.0
1.0,10.0,12.0,80.0,688.0,731.0,4,920.0
1.0,10.0,12.0,80.0,688.0,711.0,4,731.0
1.0,10.0,12.0,80.0,688.0,711.0,4,731.0
1.0,10.0,12.0,80.0,688.0,711.0,4,731.0
1.0,10.0,12.0,80.0,688.0,711.0,4,920.0
1.0,10.0,52.0,80.0,688.0,731.0,4,920.0
1.0,10.0,52.0,80.0,688.0,711.0,4,920.0
1.0,10.0,12.0,52.0,80.0,711.0,4,920.0
1.0,10.0,105.0,564.0,688.0,711.0,4,783.0
1.0,10.0,52.0,80.0,688.0,731.0,4,920.0
1.0,10.0,52.0,80.0,711.0,731.0,4,920.0
1.0,10.0,12.0,80.0,711.0,731.0,4,920.0
1.0,10.0,12.0,80.0,711.0,731.0,4,920.0
1.0,10.0,12.0,52.0,80.0,688.0,4,731.0
1.0,10.0,12.0,52.0,80.0,564.0,4,731.0
1.0,10.0,52.0,80.0,564.0,731.0,4,920.0
1.0,10.0,12.0,80.0,564.0,731.0,4,920.0
1.0,10.0,12.0,80.0,564.0,731.0,4,920.0
1.0,10.0,52.0,80.0,564.0,731.0,4,920.0
1.0,10.0,12.0,80.0,564.0,731.0,4,920.0
1.0,10.0,12.0,52.0,80.0,711.0,4,731.0
1.0,10.0,12.0,52.0,80.0,711.0,4,731.0
1.0,10.0,12.0,80.0,711.0,731.0,4,920.0
1.0,10.0,52.0,80.0,711.0,731.0,4,920.0
1.0,28.0,110.0,497.0,608.0,685.0,4,922.0
1.0,28.0,110.0,497.0,608.0,685.0,4,922.0
1.0,28.0,110.0,497.0,608.0,685.0,4,922.0
1.0,28.0,110.0,146.0,608.0,685.0,4,922.0
1.0,28.0,146.0,444.0,685.0,890.0,4,971.0
1.0,28.0,146.0,427.0,444.0,890.0,4,971.0
1.0,28.0,110.0,427.0,497.0,608.0,4,922.0
1.0,28.0,427.0,608.0,685.0,922.0,4,971.0
1.0,28.0,110.0,497.0,608.0,685.0,4,922.0
1.0,28.0,110.0,497.0,608.0,685.0,4,922.0
1.0,28.0,110.0,146.0,444.0,608.0,4,685.0
1.0,28.0,146.0,427.0,444.0,890.0,4,971.0
1.0,10.0,12.0,52.0,80.0,731.0,4,920.0
1.0,10.0,52.0,564.0,711.0,731.0,4,920.0
1.0,10.0,12.0,564.0,688.0,731.0,4,920.0
1.0,10.0,12.0,52.0,80.0,731.0,4,920.0
1.0,10.0,12.0,52.0,80.0,731.0,4,920.0
1.0,10.0,12.0,52.0,80.0,126.0,4,920.0
1.0,10.0,52.0,80.0,126.0,688.0,4,920.0
1.0,10.0,12.0,52.0,80.0,731.0,4,920.0
1.0,10.0,52.0,80.0,564.0,731.0,4,920.0
1.0,10.0,12.0,52.0,80.0,731.0,4,920.0
1.0,10.0,75.0,80.0,711.0,731.0,4,920.0
1.0,10.0,52.0,126.0,564.0,731.0,4,920.0
1.0,10.0,52.0,126.0,564.0,731.0,4,920.0
1.0,10.0,12.0,75.0,80.0,688.0,4,920.0
1.0,10.0,75.0,80.0,688.0,731.0,4,920.0
1.0,10.0,12.0,80.0,564.0,731.0,4,920.0
1.0,10.0,12.0,80.0,564.0,731.0,4,920.0
1.0,10.0,75.0,80.0,711.0,731.0,4,920.0
1.0,10.0,75.0,80.0,711.0,731.0,4,920.0
1.0,10.0,12.0,80.0,711.0,731.0,4,920.0
1.0,10.0,12.0,564.0,711.0,731.0,4,920.0
1.0,10.0,12.0,80.0,711.0,731.0,4,920.0
1.0,10.0,12.0,80.0,564.0,711.0,4,731.0
1.0,10.0,75.0,80.0,564.0,711.0,4,920.0
1.0,10.0,52.0,80.0,688.0,731.0,4,920.0
1.0,18.0,14.0,681.0,812.0,866.0,4,886.0
1.0,18.0,14.0,681.0,812.0,866.0,4,886.0
1.0,18.0,14.0,181.0,365.0,866.0,4,886.0
1.0,18.0,65.0,181.0,191.0,365.0,4,681.0
1.0,18.0,14.0,681.0,812.0,866.0,4,886.0
1.0,18.0,65.0,191.0,351.0,365.0,4,886.0
1.0,18.0,65.0,181.0,191.0,351.0,4,886.0
1.0,18.0,65.0,191.0,351.0,681.0,4,812.0
1.0,18.0,14.0,65.0,681.0,812.0,4,866.0
1.0,12.0,682.0,715.0,903.0,969.0,4,983.0
1.0,12.0,682.0,715.0,903.0,969.0,4,983.0
1.0,12.0,682.0,715.0,903.0,969.0,4,983.0
1.0,12.0,42.0,216.0,462.0,556.0,4,715.0
1.0,12.0,216.0,682.0,715.0,969.0,4,983.0
1.0,12.0,216.0,682.0,715.0,969.0,4,983.0
1.0,12.0,216.0,462.0,556.0,715.0,4,969.0
1.0,12.0,216.0,462.0,556.0,715.0,4,969.0
1.0,12.0,216.0,462.0,556.0,715.0,4,969.0
1.0,4.0,85.0,158.0,494.0,646.0,4,947.0
1.0,4.0,81.0,85.0,158.0,494.0,4,646.0
1.0,4.0,46.0,81.0,85.0,158.0,4,646.0
1.0,4.0,46.0,81.0,487.0,646.0,4,947.0
1.0,4.0,46.0,81.0,487.0,947.0,4,992.0
1.0,4.0,46.0,81.0,85.0,494.0,4,947.0
1.0,4.0,46.0,81.0,487.0,646.0,4,947.0
1.0,4.0,46.0,81.0,158.0,494.0,4,646.0
1.0,4.0,46.0,81.0,158.0,494.0,4,646.0
1.0,17.0,47.0,708.0,730.0,857.0,4,1033.0
1.0,17.0,47.0,148.0,149.0,708.0,4,730.0
1.0,17.0,148.0,149.0,413.0,708.0,4,857.0
1.0,17.0,47.0,79.0,149.0,708.0,4,857.0
1.0,17.0,47.0,708.0,730.0,857.0,4,1033.0
1.0,10.0,12.0,52.0,80.0,731.0,4,920.0
1.0,10.0,80.0,688.0,731.0,783.0,4,920.0
1.0,10.0,52.0,80.0,688.0,711.0,4,731.0
1.0,10.0,12.0,80.0,688.0,731.0,4,920.0
1.0,10.0,12.0,80.0,126.0,688.0,4,920.0
1.0,10.0,52.0,80.0,126.0,688.0,4,920.0
1.0,10.0,52.0,564.0,688.0,731.0,4,920.0
1.0,10.0,52.0,564.0,688.0,731.0,4,920.0
1.0,10.0,12.0,52.0,80.0,731.0,4,920.0
1.0,10.0,12.0,80.0,126.0,564.0,4,688.0
1.0,10.0,12.0,80.0,126.0,731.0,4,920.0
1.0,10.0,52.0,80.0,688.0,731.0,4,920.0
1.0,10.0,52.0,80.0,688.0,731.0,4,920.0
1.0,10.0,12.0,80.0,688.0,731.0,4,920.0
1.0,10.0,12.0,52.0,564.0,731.0,4,920.0
1.0,10.0,52.0,80.0,564.0,688.0,4,731.0
1.0,10.0,52.0,80.0,688.0,731.0,4,920.0
1.0,10.0,80.0,663.0,688.0,731.0,4,920.0
1.0,10.0,12.0,80.0,564.0,731.0,4,920.0
1.0,10.0,12.0,52.0,80.0,731.0,4,920.0
1.0,10.0,12.0,52.0,80.0,731.0,4,920.0
1.0,10.0,12.0,52.0,80.0,731.0,4,920.0
1.0,10.0,12.0,80.0,126.0,688.0,4,920.0
1.0,10.0,52.0,126.0,564.0,688.0,4,731.0
1.0,10.0,12.0,52.0,80.0,731.0,4,920.0
1.0,10.0,12.0,52.0,80.0,731.0,4,920.0
1.0,10.0,12.0,52.0,80.0,731.0,4,920.0
1.0,10.0,52.0,80.0,688.0,731.0,4,920.0
1.0,10.0,12.0,52.0,80.0,731.0,4,920.0
1.0,11.0,638.0,647.0,806.0,895.0,4,1031.0
1.0,11.0,638.0,647.0,806.0,895.0,4,1031.0
1.0,11.0,638.0,647.0,806.0,895.0,4,1031.0
1.0,11.0,1.0,99.0,132.0,647.0,4,1031.0
1.0,11.0,1.0,99.0,132.0,647.0,4,895.0
1.0,11.0,638.0,647.0,806.0,895.0,4,1031.0
1.0,11.0,638.0,647.0,806.0,895.0,4,1031.0
1.0,11.0,647.0,806.0,895.0,925.0,4,1031.0
1.0,11.0,99.0,647.0,806.0,925.0,4,1031.0
1.0,11.0,99.0,132.0,647.0,806.0,4,925.0
1.0,11.0,1.0,99.0,647.0,925.0,4,1031.0
1.0,11.0,638.0,647.0,806.0,895.0,4,1031.0
1.0,10.0,12.0,80.0,688.0,731.0,4,920.0
1.0,10.0,52.0,80.0,688.0,731.0,4,920.0
1.0,10.0,52.0,564.0,688.0,731.0,4,920.0
1.0,10.0,52.0,564.0,688.0,731.0,4,920.0
1.0,10.0,12.0,126.0,564.0,711.0,4,731.0
1.0,10.0,52.0,80.0,711.0,731.0,4,920.0
1.0,10.0,52.0,80.0,711.0,731.0,4,920.0
1.0,10.0,52.0,126.0,564.0,711.0,4,920.0
1.0,10.0,52.0,105.0,126.0,564.0,4,711.0
1.0,10.0,12.0,52.0,80.0,688.0,4,731.0
1.0,10.0,12.0,688.0,711.0,731.0,4,920.0
1.0,10.0,12.0,80.0,688.0,711.0,4,920.0
1.0,10.0,52.0,80.0,711.0,731.0,4,920.0
1.0,10.0,52.0,80.0,168.0,731.0,4,920.0
1.0,10.0,12.0,52.0,80.0,711.0,4,920.0
1.0,10.0,12.0,52.0,711.0,731.0,4,920.0
1.0,10.0,52.0,80.0,711.0,731.0,4,920.0
1.0,10.0,12.0,80.0,168.0,731.0,4,920.0
1.0,10.0,52.0,80.0,688.0,731.0,4,920.0
1.0,10.0,52.0,80.0,688.0,731.0,4,920.0
1.0,10.0,12.0,52.0,80.0,711.0,4,920.0
1.0,10.0,12.0,52.0,80.0,564.0,4,920.0
1.0,10.0,12.0,52.0,80.0,731.0,4,920.0
1.0,10.0,80.0,688.0,711.0,731.0,4,920.0
1.0,10.0,80.0,688.0,711.0,731.0,4,920.0
1.0,10.0,52.0,80.0,688.0,731.0,4,920.0
1.0,10.0,12.0,80.0,688.0,731.0,4,920.0
1.0,10.0,12.0,80.0,688.0,731.0,4,920.0
1.0,10.0,12.0,52.0,80.0,731.0,4,920.0
1.0,10.0,12.0,52.0,80.0,711.0,4,731.0
1.0,10.0,12.0,52.0,711.0,731.0,4,920.0
1.0,10.0,12.0,168.0,711.0,731.0,4,920.0
1.0,10.0,80.0,168.0,688.0,731.0,4,920.0
1.0,10.0,12.0,80.0,688.0,731.0,4,920.0
1.0,10.0,12.0,80.0,688.0,731.0,4,920.0
1.0,10.0,12.0,52.0,80.0,731.0,4,920.0
1.0,10.0,12.0,80.0,688.0,731.0,4,920.0
1.0,10.0,12.0,52.0,80.0,731.0,4,920.0
1.0,10.0,12.0,52.0,80.0,731.0,4,920.0
1.0,10.0,80.0,688.0,711.0,731.0,4,920.0
1.0,10.0,12.0,564.0,688.0,731.0,4,920.0
1.0,10.0,75.0,564.0,688.0,731.0,4,920.0
1.0,10.0,75.0,80.0,711.0,731.0,4,920.0
1.0,10.0,12.0,80.0,688.0,731.0,4,920.0
1.0,10.0,52.0,80.0,564.0,688.0,4,731.0
1.0,10.0,52.0,80.0,564.0,731.0,4,920.0
1.0,10.0,12.0,80.0,564.0,731.0,4,920.0
1.0,33.0,134.0,692.0,789.0,853.0,4,854.0
1.0,33.0,601.0,692.0,698.0,789.0,4,854.0
1.0,33.0,255.0,601.0,692.0,698.0,4,789.0
1.0,33.0,45.0,134.0,255.0,601.0,4,698.0
1.0,33.0,45.0,134.0,255.0,698.0,4,853.0
1.0,33.0,45.0,134.0,255.0,698.0,4,853.0
1.0,33.0,45.0,134.0,255.0,698.0,4,853.0
1.0,10.0,12.0,52.0,80.0,711.0,4,731.0
1.0,10.0,12.0,52.0,80.0,688.0,4,731.0
1.0,10.0,12.0,168.0,688.0,711.0,4,731.0
1.0,10.0,52.0,80.0,168.0,711.0,4,731.0
1.0,10.0,12.0,52.0,80.0,711.0,4,731.0
1.0,10.0,12.0,75.0,80.0,711.0,4,731.0
1.0,10.0,12.0,52.0,80.0,711.0,4,731.0
1.0,10.0,12.0,52.0,80.0,688.0,4,731.0
1.0,10.0,12.0,52.0,80.0,711.0,4,731.0
1.0,10.0,12.0,52.0,80.0,711.0,4,731.0
1.0,10.0,12.0,52.0,80.0,711.0,4,731.0
1.0,10.0,80.0,168.0,688.0,711.0,4,731.0
1.0,10.0,12.0,75.0,80.0,105.0,4,731.0
1.0,10.0,12.0,75.0,80.0,688.0,4,731.0
1.0,10.0,12.0,80.0,105.0,688.0,4,731.0
1.0,10.0,80.0,105.0,564.0,688.0,4,731.0
1.0,10.0,80.0,105.0,564.0,711.0,4,731.0
1.0,10.0,12.0,80.0,105.0,564.0,4,731.0
1.0,10.0,12.0,80.0,105.0,564.0,4,731.0
1.0,10.0,80.0,126.0,168.0,688.0,4,920.0
1.0,10.0,80.0,105.0,126.0,168.0,4,711.0
1.0,10.0,12.0,75.0,80.0,731.0,4,920.0
1.0,10.0,12.0,75.0,80.0,731.0,4,920.0
1.0,10.0,75.0,80.0,711.0,731.0,4,920.0
1.0,10.0,75.0,80.0,711.0,731.0,4,920.0
1.0,10.0,75.0,80.0,711.0,731.0,4,920.0
1.0,10.0,12.0,80.0,688.0,711.0,4,731.0
1.0,10.0,12.0,80.0,688.0,711.0,4,731.0
1.0,10.0,12.0,80.0,688.0,711.0,4,731.0
1.0,10.0,80.0,105.0,168.0,731.0,4,920.0
1.0,10.0,12.0,80.0,105.0,731.0,4,920.0
1.0,10.0,12.0,80.0,688.0,731.0,4,920.0
1.0,10.0,12.0,80.0,688.0,711.0,4,731.0
1.0,10.0,75.0,688.0,711.0,731.0,4,920.0
1.0,10.0,80.0,105.0,168.0,731.0,4,920.0
1.0,10.0,75.0,80.0,564.0,688.0,4,731.0
1.0,10.0,75.0,80.0,564.0,711.0,4,920.0
1.0,10.0,75.0,80.0,564.0,711.0,4,920.0
1.0,10.0,75.0,105.0,126.0,564.0,4,711.0
1.0,10.0,80.0,105.0,168.0,731.0,4,920.0
1.0,10.0,12.0,564.0,711.0,731.0,4,920.0
1.0,10.0,12.0,564.0,711.0,731.0,4,920.0
1.0,10.0,12.0,80.0,688.0,711.0,4,920.0
1.0,10.0,75.0,80.0,688.0,711.0,4,920.0
1.0,10.0,75.0,80.0,105.0,731.0,4,920.0
1.0,10.0,12.0,80.0,105.0,731.0,4,920.0
1.0,10.0,12.0,80.0,711.0,731.0,4,920.0
1.0,10.0,12.0,564.0,711.0,731.0,4,920.0
1.0,10.0,12.0,80.0,564.0,688.0,4,731.0
1.0,0.0,13.0,493.0,527.0,686.0,4,713.0
1.0,0.0,493.0,527.0,535.0,686.0,4,713.0
1.0,0.0,13.0,493.0,527.0,686.0,4,713.0
1.0,0.0,13.0,493.0,527.0,686.0,4,870.0
1.0,16.0,165.0,664.0,832.0,902.0,4,996.0
1.0,25.0,294.0,380.0,421.0,695.0,4,814.0
1.0,25.0,294.0,421.0,561.0,695.0,4,814.0
1.0,25.0,294.0,380.0,421.0,561.0,4,695.0
1.0,25.0,294.0,380.0,561.0,586.0,4,814.0
1.0,25.0,294.0,380.0,421.0,561.0,4,814.0
1.0,25.0,294.0,380.0,421.0,561.0,4,814.0
1.0,25.0,294.0,380.0,561.0,586.0,4,695.0
1.0,25.0,133.0,294.0,380.0,586.0,4,814.0
1.0,25.0,294.0,380.0,421.0,561.0,4,814.0
1.0,10.0,52.0,80.0,711.0,731.0,4,920.0
1.0,10.0,12.0,564.0,711.0,731.0,4,920.0
1.0,10.0,52.0,80.0,711.0,731.0,4,920.0
1.0,10.0,12.0,80.0,711.0,731.0,4,920.0
1.0,10.0,52.0,80.0,711.0,731.0,4,920.0
1.0,10.0,52.0,80.0,711.0,731.0,4,920.0
1.0,10.0,52.0,80.0,564.0,731.0,4,920.0
1.0,10.0,80.0,564.0,688.0,731.0,4,920.0
1.0,27.0,33.0,363.0,807.0,898.0,4,924.0
1.0,27.0,100.0,360.0,363.0,624.0,4,898.0
1.0,27.0,33.0,100.0,360.0,363.0,4,624.0
1.0,27.0,33.0,100.0,360.0,363.0,4,624.0
1.0,27.0,33.0,100.0,360.0,807.0,4,924.0
1.0,27.0,100.0,363.0,624.0,807.0,4,924.0
1.0,27.0,33.0,100.0,624.0,807.0,4,924.0
1.0,27.0,33.0,363.0,807.0,898.0,4,924.0
1.0,27.0,33.0,363.0,807.0,898.0,4,924.0
1.0,27.0,33.0,100.0,624.0,807.0,4,924.0
1.0,27.0,33.0,100.0,624.0,807.0,4,924.0
1.0,27.0,33.0,363.0,624.0,807.0,4,924.0
1.0,10.0,52.0,564.0,711.0,731.0,4,920.0
1.0,10.0,52.0,564.0,711.0,731.0,4,920.0
1.0,10.0,52.0,126.0,711.0,731.0,4,920.0
1.0,10.0,12.0,105.0,126.0,731.0,4,920.0
1.0,10.0,12.0,80.0,105.0,126.0,4,564.0
1.0,10.0,12.0,80.0,126.0,564.0,4,711.0
1.0,10.0,12.0,80.0,126.0,564.0,4,711.0
1.0,10.0,126.0,688.0,711.0,731.0,4,920.0
1.0,10.0,12.0,80.0,711.0,731.0,4,920.0
1.0,10.0,12.0,126.0,564.0,731.0,4,920.0
1.0,10.0,52.0,80.0,711.0,731.0,4,920.0
1.0,29.0,103.0,338.0,505.0,700.0,4,800.0
1.0,29.0,59.0,103.0,338.0,580.0,4,700.0
1.0,29.0,59.0,103.0,580.0,700.0,4,725.0
1.0,29.0,59.0,103.0,580.0,700.0,4,725.0
1.0,29.0,59.0,103.0,580.0,700.0,4,725.0
1.0,13.0,15.0,182.0,192.0,907.0,4,956.0
1.0,13.0,15.0,182.0,192.0,907.0,4,956.0
1.0,13.0,15.0,182.0,192.0,907.0,4,956.0
1.0,13.0,15.0,192.0,803.0,907.0,4,956.0
1.0,13.0,15.0,192.0,803.0,907.0,4,956.0
1.0,13.0,15.0,192.0,803.0,907.0,4,956.0
1.0,13.0,15.0,210.0,751.0,803.0,4,907.0
1.0,10.0,12.0,80.0,711.0,731.0,4,920.0
1.0,10.0,12.0,52.0,126.0,731.0,4,920.0
1.0,10.0,52.0,80.0,711.0,731.0,4,920.0
1.0,10.0,12.0,52.0,80.0,564.0,4,920.0
1.0,10.0,52.0,80.0,564.0,731.0,4,920.0
1.0,10.0,12.0,52.0,80.0,731.0,4,920.0
1.0,10.0,12.0,52.0,711.0,731.0,4,920.0
1.0,10.0,12.0,80.0,711.0,731.0,4,920.0
1.0,10.0,52.0,80.0,711.0,731.0,4,920.0
1.0,14.0,254.0,592.0,609.0,644.0,4,1007.0
1.0,14.0,518.0,592.0,609.0,644.0,4,877.0
1.0,14.0,254.0,592.0,609.0,855.0,4,1007.0
1.0,14.0,254.0,592.0,609.0,855.0,4,1007.0
1.0,14.0,254.0,592.0,609.0,644.0,4,1007.0
1.0,14.0,254.0,592.0,609.0,644.0,4,1007.0
1.0,14.0,518.0,592.0,609.0,644.0,4,877.0
1.0,14.0,518.0,592.0,609.0,644.0,4,877.0
1.0,14.0,254.0,592.0,609.0,644.0,4,1007.0
1.0,10.0,12.0,52.0,80.0,731.0,4,920.0
1.0,10.0,12.0,52.0,80.0,731.0,4,920.0
1.0,10.0,12.0,80.0,564.0,731.0,4,920.0
1.0,10.0,12.0,80.0,564.0,731.0,4,920.0
1.0,10.0,80.0,105.0,564.0,731.0,4,920.0
1.0,10.0,80.0,105.0,564.0,731.0,4,920.0
1.0,10.0,80.0,105.0,564.0,731.0,4,920.0
1.0,10.0,12.0,80.0,564.0,731.0,4,920.0
1.0,10.0,12.0,80.0,564.0,731.0,4,920.0
1.0,10.0,52.0,80.0,564.0,731.0,4,920.0
1.0,10.0,75.0,80.0,105.0,731.0,4,920.0
1.0,10.0,52.0,75.0,564.0,731.0,4,920.0
1.0,10.0,12.0,75.0,564.0,731.0,4,920.0
1.0,10.0,12.0,80.0,564.0,731.0,4,920.0
1.0,10.0,12.0,80.0,564.0,731.0,4,920.0
1.0,10.0,52.0,564.0,688.0,731.0,4,920.0
1.0,10.0,80.0,564.0,688.0,731.0,4,920.0
1.0,10.0,52.0,564.0,688.0,731.0,4,920.0
1.0,10.0,52.0,564.0,688.0,731.0,4,920.0
1.0,10.0,52.0,126.0,564.0,688.0,4,920.0
1.0,8.0,29.0,57.0,136.0,575.0,4,665.0
1.0,8.0,29.0,136.0,308.0,400.0,4,665.0
1.0,8.0,29.0,136.0,400.0,575.0,4,627.0
1.0,8.0,57.0,136.0,400.0,575.0,4,627.0
1.0,8.0,29.0,136.0,308.0,400.0,4,665.0
1.0,8.0,29.0,136.0,308.0,400.0,4,627.0
1.0,8.0,29.0,308.0,400.0,575.0,4,627.0
1.0,8.0,29.0,308.0,400.0,575.0,4,627.0
1.0,8.0,29.0,308.0,400.0,575.0,4,627.0
1.0,10.0,12.0,80.0,564.0,731.0,4,920.0
1.0,10.0,12.0,80.0,564.0,731.0,4,920.0
1.0,10.0,52.0,80.0,564.0,731.0,4,920.0
1.0,10.0,52.0,564.0,688.0,731.0,4,920.0
1.0,10.0,52.0,80.0,564.0,688.0,4,920.0
1.0,10.0,12.0,80.0,564.0,688.0,4,731.0
1.0,10.0,12.0,80.0,564.0,688.0,4,731.0
1.0,10.0,12.0,80.0,564.0,731.0,4,920.0
1.0,10.0,52.0,564.0,688.0,731.0,4,920.0
1.0,10.0,12.0,52.0,80.0,564.0,4,920.0
1.0,10.0,52.0,80.0,564.0,731.0,4,920.0
1.0,30.0,121.0,657.0,705.0,953.0,4,963.0
1.0,30.0,389.0,657.0,705.0,953.0,4,963.0
1.0,30.0,335.0,389.0,657.0,705.0,4,963.0
1.0,30.0,335.0,389.0,409.0,657.0,4,705.0
1.0,30.0,121.0,389.0,705.0,953.0,4,963.0
1.0,30.0,121.0,657.0,705.0,953.0,4,963.0
1.0,30.0,389.0,657.0,705.0,953.0,4,963.0
1.0,30.0,121.0,657.0,705.0,953.0,4,963.0
1.0,30.0,121.0,389.0,705.0,953.0,4,963.0
1.0,30.0,121.0,335.0,389.0,657.0,4,963.0
1.0,30.0,121.0,335.0,389.0,657.0,4,963.0
1.0,30.0,335.0,389.0,409.0,657.0,4,705.0
1.0,30.0,335.0,389.0,409.0,657.0,4,705.0
1.0,30.0,95.0,389.0,409.0,598.0,4,689.0
1.0,7.0,277.0,325.0,451.0,455.0,4,530.0
1.0,7.0,306.0,325.0,451.0,455.0,4,530.0
1.0,7.0,106.0,277.0,306.0,451.0,4,530.0
1.0,7.0,106.0,263.0,277.0,306.0,4,451.0
1.0,7.0,263.0,306.0,455.0,530.0,4,653.0
1.0,7.0,263.0,306.0,455.0,530.0,4,653.0
1.0,7.0,263.0,277.0,455.0,530.0,4,653.0
1.0,7.0,277.0,306.0,325.0,451.0,4,530.0
1.0,7.0,66.0,277.0,451.0,455.0,4,653.0
1.0,7.0,277.0,325.0,451.0,455.0,4,530.0
1.0,7.0,277.0,325.0,451.0,455.0,4,530.0
1.0,7.0,306.0,325.0,451.0,455.0,4,530.0
1.0,7.0,263.0,306.0,325.0,455.0,4,530.0
1.0,7.0,263.0,306.0,325.0,455.0,4,530.0
1.0,7.0,263.0,277.0,451.0,455.0,4,653.0
1.0,7.0,263.0,277.0,451.0,455.0,4,653.0
1.0,7.0,66.0,106.0,263.0,653.0,4,991.0
1.0,15.0,448.0,458.0,537.0,602.0,4,860.0
1.0,15.0,448.0,458.0,537.0,602.0,4,860.0
1.0,15.0,373.0,537.0,602.0,719.0,4,860.0
1.0,15.0,373.0,537.0,602.0,719.0,4,860.0
1.0,15.0,373.0,458.0,602.0,719.0,4,860.0
1.0,15.0,226.0,458.0,537.0,602.0,4,860.0
1.0,15.0,226.0,373.0,458.0,537.0,4,602.0
1.0,15.0,226.0,373.0,458.0,602.0,4,719.0
1.0,10.0,12.0,52.0,80.0,731.0,4,920.0
1.0,10.0,12.0,52.0,80.0,731.0,4,920.0
1.0,10.0,12.0,52.0,80.0,731.0,4,920.0
1.0,10.0,12.0,80.0,105.0,564.0,4,731.0
1.0,10.0,12.0,80.0,105.0,564.0,4,731.0
1.0,10.0,75.0,80.0,126.0,731.0,4,920.0
1.0,10.0,12.0,52.0,564.0,731.0,4,920.0
1.0,10.0,52.0,75.0,80.0,126.0,4,711.0
1.0,10.0,52.0,75.0,80.0,126.0,4,711.0
1.0,10.0,12.0,52.0,80.0,731.0,4,920.0
1.0,10.0,12.0,52.0,80.0,731.0,4,920.0
1.0,10.0,12.0,80.0,564.0,731.0,4,920.0
1.0,10.0,12.0,80.0,688.0,731.0,4,920.0
1.0,10.0,12.0,80.0,688.0,711.0,4,731.0
1.0,10.0,52.0,80.0,711.0,731.0,4,920.0
1.0,10.0,12.0,52.0,80.0,688.0,4,731.0
1.0,10.0,52.0,80.0,564.0,731.0,4,920.0
1.0,10.0,12.0,52.0,80.0,731.0,4,920.0
1.0,10.0,12.0,52.0,80.0,731.0,4,920.0
1.0,10.0,12.0,52.0,80.0,731.0,4,920.0
1.0,10.0,12.0,52.0,80.0,731.0,4,920.0
1.0,10.0,52.0,80.0,711.0,731.0,4,920.0
1.0,10.0,52.0,80.0,711.0,731.0,4,920.0
1.0,27.0,33.0,363.0,807.0,898.0,4,924.0
1.0,27.0,100.0,119.0,360.0,363.0,4,624.0
1.0,27.0,33.0,360.0,624.0,807.0,4,898.0
1.0,27.0,33.0,624.0,807.0,898.0,4,924.0
1.0,27.0,33.0,100.0,360.0,807.0,4,924.0
1.0,27.0,100.0,360.0,624.0,807.0,4,898.0
1.0,27.0,33.0,624.0,807.0,898.0,4,924.0
1.0,27.0,33.0,100.0,624.0,807.0,4,924.0
1.0,27.0,33.0,100.0,624.0,807.0,4,924.0
1.0,10.0,52.0,75.0,663.0,711.0,4,731.0
1.0,10.0,52.0,75.0,80.0,663.0,4,711.0
1.0,10.0,52.0,80.0,711.0,731.0,4,920.0
1.0,10.0,52.0,80.0,688.0,711.0,4,731.0
1.0,10.0,52.0,75.0,80.0,126.0,4,688.0
1.0,10.0,52.0,75.0,80.0,564.0,4,663.0
1.0,10.0,52.0,80.0,564.0,731.0,4,920.0
1.0,10.0,52.0,80.0,564.0,731.0,4,920.0
1.0,8.0,29.0,136.0,575.0,665.0,4,1030.0
1.0,8.0,29.0,308.0,627.0,747.0,4,1030.0
1.0,8.0,29.0,136.0,575.0,665.0,4,1030.0
1.0,8.0,29.0,136.0,575.0,665.0,4,1030.0
1.0,8.0,29.0,136.0,665.0,747.0,4,1030.0
1.0,8.0,29.0,136.0,627.0,665.0,4,747.0
1.0,8.0,29.0,136.0,308.0,627.0,4,747.0
1.0,8.0,136.0,308.0,627.0,724.0,4,747.0
1.0,8.0,308.0,627.0,724.0,747.0,4,1030.0
1.0,8.0,29.0,136.0,308.0,627.0,4,665.0
1.0,8.0,29.0,136.0,308.0,627.0,4,665.0
1.0,18.0,14.0,812.0,866.0,886.0,4,949.0
1.0,18.0,65.0,181.0,191.0,365.0,4,681.0
1.0,18.0,65.0,181.0,191.0,365.0,4,681.0
1.0,18.0,65.0,181.0,191.0,365.0,4,681.0
1.0,18.0,14.0,812.0,866.0,886.0,4,949.0
1.0,18.0,14.0,812.0,866.0,886.0,4,949.0
1.0,8.0,29.0,136.0,575.0,665.0,4,1030.0
1.0,8.0,29.0,136.0,665.0,747.0,4,1030.0
1.0,8.0,29.0,308.0,627.0,724.0,4,747.0
1.0,8.0,29.0,136.0,308.0,575.0,4,627.0
1.0,8.0,29.0,136.0,308.0,747.0,4,1030.0
1.0,8.0,29.0,136.0,308.0,627.0,4,747.0
1.0,8.0,29.0,95.0,308.0,627.0,4,665.0
1.0,8.0,29.0,136.0,308.0,627.0,4,665.0
1.0,8.0,29.0,136.0,627.0,665.0,4,747.0
1.0,23.0,234.0,740.0,827.0,921.0,4,1036.0
1.0,23.0,307.0,418.0,798.0,921.0,4,1036.0
1.0,23.0,307.0,418.0,798.0,921.0,4,1036.0
1.0,23.0,307.0,418.0,798.0,921.0,4,1036.0
1.0,23.0,234.0,418.0,827.0,921.0,4,1036.0
1.0,23.0,234.0,418.0,740.0,827.0,4,1036.0
1.0,23.0,234.0,307.0,418.0,798.0,4,827.0
1.0,23.0,234.0,307.0,418.0,827.0,4,921.0
1.0,23.0,234.0,307.0,418.0,827.0,4,921.0
1.0,23.0,307.0,418.0,827.0,921.0,4,1036.0
1.0,23.0,307.0,418.0,827.0,921.0,4,1036.0
1.0,1.0,570.0,577.0,790.0,808.0,4,820.0
1.0,1.0,570.0,577.0,790.0,808.0,4,820.0
1.0,1.0,305.0,570.0,577.0,790.0,4,820.0
1.0,1.0,118.0,305.0,431.0,577.0,4,820.0
1.0,1.0,118.0,305.0,431.0,577.0,4,960.0
1.0,1.0,570.0,577.0,790.0,808.0,4,820.0
1.0,1.0,570.0,577.0,790.0,808.0,4,820.0
1.0,1.0,118.0,305.0,577.0,790.0,4,820.0
1.0,1.0,118.0,305.0,577.0,790.0,4,820.0
1.0,1.0,570.0,577.0,790.0,808.0,4,820.0
1.0,1.0,570.0,577.0,790.0,808.0,4,820.0
1.0,34.0,36.0,55.0,67.0,224.0,4,753.0
1.0,34.0,36.0,55.0,137.0,247.0,4,355.0
1.0,34.0,67.0,224.0,278.0,355.0,4,753.0
1.0,34.0,55.0,67.0,137.0,224.0,4,355.0
1.0,34.0,55.0,67.0,112.0,137.0,4,355.0
1.0,34.0,67.0,112.0,137.0,278.0,4,847.0
1.0,12.0,216.0,417.0,477.0,715.0,4,983.0
1.0,12.0,216.0,417.0,477.0,715.0,4,983.0
1.0,12.0,417.0,462.0,477.0,715.0,4,903.0
1.0,12.0,216.0,417.0,462.0,477.0,4,903.0
1.0,12.0,233.0,462.0,556.0,682.0,4,903.0
1.0,12.0,233.0,462.0,556.0,682.0,4,903.0
1.0,12.0,417.0,477.0,556.0,715.0,4,983.0
1.0,12.0,233.0,417.0,477.0,556.0,4,715.0
1.0,12.0,462.0,477.0,715.0,903.0,4,969.0
1.0,12.0,216.0,462.0,682.0,903.0,4,983.0
1.0,12.0,216.0,417.0,462.0,715.0,4,983.0
1.0,12.0,216.0,417.0,477.0,715.0,4,983.0
1.0,8.0,29.0,136.0,575.0,665.0,4,1030.0
1.0,8.0,29.0,136.0,575.0,665.0,4,1030.0
1.0,8.0,29.0,136.0,308.0,627.0,4,665.0
1.0,8.0,95.0,136.0,308.0,400.0,4,627.0
1.0,8.0,29.0,95.0,308.0,400.0,4,627.0
1.0,8.0,29.0,95.0,308.0,400.0,4,665.0
1.0,8.0,29.0,95.0,308.0,400.0,4,665.0
1.0,8.0,29.0,95.0,136.0,575.0,4,665.0
1.0,8.0,29.0,136.0,400.0,575.0,4,665.0
1.0,8.0,29.0,136.0,575.0,665.0,4,1030.0
1.0,8.0,29.0,136.0,575.0,665.0,4,1030.0
1.0,8.0,95.0,136.0,308.0,400.0,4,627.0
1.0,8.0,29.0,95.0,308.0,400.0,4,627.0
1.0,8.0,95.0,400.0,928.0,1008.0,4,1030.0
1.0,8.0,29.0,136.0,575.0,665.0,4,1030.0
1.0,8.0,29.0,136.0,308.0,665.0,4,1030.0
1.0,8.0,95.0,308.0,400.0,627.0,4,724.0
1.0,8.0,29.0,136.0,575.0,627.0,4,665.0
1.0,8.0,29.0,136.0,575.0,665.0,4,1030.0
1.0,8.0,29.0,136.0,575.0,665.0,4,1030.0
1.0,8.0,29.0,136.0,308.0,400.0,4,665.0
1.0,8.0,29.0,308.0,400.0,627.0,4,665.0
1.0,8.0,136.0,400.0,575.0,627.0,4,724.0
1.0,8.0,95.0,400.0,724.0,1008.0,4,1030.0
1.0,8.0,29.0,136.0,575.0,665.0,4,1030.0
1.0,8.0,29.0,136.0,308.0,400.0,4,665.0
1.0,8.0,29.0,95.0,308.0,400.0,4,627.0
1.0,8.0,29.0,95.0,308.0,400.0,4,627.0
1.0,8.0,95.0,136.0,575.0,627.0,4,724.0
1.0,8.0,29.0,136.0,575.0,665.0,4,1030.0
1.0,8.0,29.0,136.0,308.0,665.0,4,1030.0
1.0,8.0,29.0,308.0,400.0,627.0,4,665.0
1.0,8.0,95.0,308.0,400.0,627.0,4,724.0
1.0,8.0,29.0,136.0,575.0,665.0,4,1030.0
1.0,8.0,29.0,136.0,308.0,627.0,4,665.0
1.0,8.0,29.0,136.0,308.0,627.0,4,665.0
1.0,8.0,29.0,95.0,308.0,400.0,4,627.0
1.0,8.0,29.0,136.0,575.0,665.0,4,1030.0
1.0,8.0,29.0,136.0,575.0,665.0,4,1030.0
1.0,8.0,29.0,136.0,575.0,627.0,4,665.0
1.0,8.0,29.0,136.0,308.0,627.0,4,665.0
1.0,8.0,95.0,627.0,724.0,1008.0,4,1030.0
1.0,13.0,5.0,114.0,192.0,787.0,4,803.0
1.0,13.0,161.0,192.0,210.0,803.0,4,956.0
1.0,13.0,161.0,192.0,210.0,803.0,4,956.0
1.0,13.0,15.0,192.0,210.0,787.0,4,803.0
1.0,13.0,15.0,161.0,210.0,803.0,4,858.0
1.0,13.0,15.0,161.0,210.0,803.0,4,858.0
1.0,13.0,161.0,192.0,803.0,871.0,4,956.0
1.0,8.0,29.0,136.0,575.0,665.0,4,1030.0
1.0,8.0,29.0,95.0,136.0,308.0,4,400.0
1.0,8.0,29.0,136.0,308.0,400.0,4,665.0
1.0,8.0,29.0,136.0,575.0,665.0,4,1030.0
1.0,8.0,57.0,95.0,308.0,400.0,4,665.0
1.0,8.0,29.0,136.0,308.0,400.0,4,575.0
1.0,11.0,173.0,806.0,895.0,968.0,4,1031.0
1.0,11.0,173.0,806.0,895.0,968.0,4,1031.0
1.0,11.0,173.0,718.0,923.0,968.0,4,1031.0
1.0,11.0,173.0,638.0,718.0,923.0,4,968.0
1.0,11.0,173.0,638.0,718.0,895.0,4,923.0
1.0,11.0,173.0,806.0,895.0,968.0,4,1031.0
1.0,11.0,173.0,806.0,895.0,968.0,4,1031.0
1.0,11.0,173.0,806.0,895.0,968.0,4,1031.0
1.0,11.0,718.0,806.0,923.0,968.0,4,1031.0
1.0,11.0,590.0,806.0,895.0,923.0,4,1031.0
1.0,11.0,590.0,806.0,895.0,923.0,4,1031.0
1.0,8.0,29.0,57.0,136.0,308.0,4,665.0
1.0,8.0,29.0,57.0,136.0,308.0,4,400.0
1.0,8.0,29.0,57.0,400.0,627.0,4,665.0
1.0,8.0,29.0,57.0,136.0,308.0,4,665.0
1.0,8.0,29.0,57.0,136.0,308.0,4,665.0
1.0,8.0,29.0,57.0,136.0,308.0,4,665.0
1.0,8.0,29.0,136.0,308.0,627.0,4,665.0
1.0,8.0,29.0,57.0,136.0,627.0,4,665.0
1.0,14.0,48.0,518.0,592.0,644.0,4,855.0
1.0,14.0,518.0,609.0,644.0,855.0,4,877.0
1.0,14.0,518.0,609.0,644.0,855.0,4,877.0
1.0,14.0,48.0,254.0,592.0,609.0,4,1007.0
1.0,14.0,48.0,254.0,592.0,609.0,4,1007.0
1.0,14.0,48.0,254.0,592.0,609.0,4,644.0
1.0,14.0,48.0,254.0,592.0,609.0,4,644.0
1.0,14.0,518.0,644.0,855.0,877.0,4,1007.0
1.0,14.0,518.0,644.0,855.0,877.0,4,1007.0
1.0,14.0,518.0,644.0,855.0,877.0,4,1007.0
1.0,14.0,163.0,458.0,877.0,974.0,4,1007.0
1.0,14.0,163.0,458.0,877.0,974.0,4,1007.0
1.0,8.0,29.0,57.0,136.0,575.0,4,665.0
1.0,8.0,29.0,136.0,308.0,400.0,4,665.0
1.0,8.0,29.0,136.0,308.0,400.0,4,665.0
1.0,8.0,29.0,308.0,400.0,627.0,4,665.0
1.0,8.0,29.0,308.0,400.0,575.0,4,627.0
1.0,8.0,29.0,308.0,400.0,575.0,4,627.0
1.0,8.0,29.0,57.0,136.0,575.0,4,665.0
1.0,8.0,29.0,57.0,136.0,575.0,4,665.0
1.0,8.0,29.0,57.0,136.0,575.0,4,665.0
1.0,8.0,29.0,136.0,308.0,627.0,4,665.0
1.0,8.0,29.0,57.0,308.0,400.0,4,627.0
1.0,8.0,57.0,95.0,308.0,400.0,4,1030.0
1.0,8.0,29.0,57.0,136.0,575.0,4,665.0
1.0,8.0,29.0,136.0,308.0,400.0,4,665.0
1.0,8.0,29.0,136.0,308.0,400.0,4,665.0
1.0,8.0,29.0,308.0,400.0,575.0,4,627.0
1.0,8.0,57.0,400.0,575.0,627.0,4,665.0
1.0,8.0,29.0,57.0,136.0,575.0,4,665.0
1.0,8.0,29.0,57.0,136.0,575.0,4,665.0
1.0,8.0,29.0,57.0,136.0,308.0,4,665.0
1.0,8.0,29.0,136.0,308.0,400.0,4,627.0
1.0,8.0,29.0,308.0,400.0,575.0,4,627.0
1.0,8.0,29.0,57.0,136.0,308.0,4,665.0
1.0,8.0,29.0,57.0,136.0,575.0,4,665.0
1.0,8.0,29.0,57.0,136.0,308.0,4,665.0
1.0,8.0,29.0,136.0,308.0,400.0,4,575.0
1.0,8.0,29.0,136.0,308.0,400.0,4,575.0
1.0,7.0,277.0,325.0,455.0,483.0,4,530.0
1.0,7.0,106.0,246.0,396.0,483.0,4,530.0
1.0,7.0,106.0,267.0,277.0,483.0,4,530.0
1.0,7.0,106.0,277.0,455.0,483.0,4,530.0
1.0,7.0,267.0,277.0,325.0,455.0,4,483.0
1.0,7.0,106.0,267.0,277.0,455.0,4,483.0
1.0,7.0,106.0,267.0,277.0,325.0,4,455.0
1.0,7.0,277.0,455.0,483.0,530.0,4,553.0
1.0,7.0,106.0,246.0,263.0,396.0,4,973.0
1.0,8.0,29.0,57.0,136.0,575.0,4,665.0
1.0,8.0,29.0,136.0,308.0,627.0,4,665.0
1.0,8.0,29.0,57.0,400.0,575.0,4,627.0
1.0,8.0,29.0,57.0,95.0,575.0,4,627.0
1.0,8.0,29.0,57.0,136.0,575.0,4,665.0
1.0,8.0,29.0,57.0,400.0,575.0,4,627.0
1.0,8.0,29.0,57.0,400.0,575.0,4,627.0
1.0,8.0,29.0,136.0,575.0,627.0,4,665.0
1.0,8.0,29.0,136.0,575.0,627.0,4,665.0
1.0,8.0,29.0,136.0,575.0,665.0,4,1030.0
1.0,8.0,57.0,308.0,400.0,575.0,4,627.0
1.0,8.0,57.0,136.0,308.0,575.0,4,627.0
1.0,8.0,29.0,136.0,308.0,665.0,4,1030.0
1.0,8.0,29.0,57.0,136.0,575.0,4,665.0
1.0,8.0,29.0,136.0,308.0,575.0,4,627.0
1.0,8.0,29.0,57.0,136.0,308.0,4,575.0
1.0,8.0,29.0,57.0,136.0,575.0,4,665.0
1.0,30.0,113.0,337.0,409.0,657.0,4,839.0
1.0,30.0,113.0,121.0,225.0,705.0,4,953.0
1.0,30.0,113.0,121.0,335.0,409.0,4,705.0
1.0,30.0,121.0,335.0,409.0,657.0,4,705.0
1.0,30.0,121.0,335.0,409.0,657.0,4,705.0
1.0,30.0,121.0,335.0,409.0,705.0,4,953.0
1.0,30.0,121.0,409.0,657.0,705.0,4,953.0
1.0,30.0,113.0,225.0,335.0,409.0,4,657.0
1.0,30.0,113.0,225.0,335.0,409.0,4,657.0
1.0,30.0,113.0,121.0,335.0,409.0,4,657.0
1.0,8.0,29.0,57.0,308.0,575.0,4,627.0
1.0,8.0,29.0,57.0,136.0,575.0,4,665.0
1.0,8.0,29.0,57.0,136.0,308.0,4,575.0
1.0,8.0,29.0,136.0,308.0,575.0,4,627.0
1.0,8.0,29.0,136.0,308.0,627.0,4,665.0
1.0,8.0,29.0,57.0,136.0,575.0,4,665.0
1.0,8.0,29.0,174.0,308.0,627.0,4,665.0
1.0,8.0,29.0,174.0,308.0,575.0,4,627.0
1.0,8.0,57.0,136.0,174.0,308.0,4,575.0
1.0,8.0,29.0,57.0,136.0,575.0,4,665.0
1.0,8.0,29.0,57.0,136.0,308.0,4,575.0
1.0,8.0,29.0,57.0,136.0,308.0,4,575.0
1.0,28.0,110.0,497.0,608.0,685.0,4,922.0
1.0,28.0,110.0,146.0,444.0,608.0,4,685.0
1.0,28.0,427.0,444.0,497.0,890.0,4,971.0
1.0,28.0,110.0,427.0,444.0,608.0,4,971.0
1.0,28.0,110.0,427.0,608.0,685.0,4,922.0
1.0,28.0,110.0,146.0,444.0,685.0,4,971.0
1.0,28.0,110.0,146.0,427.0,444.0,4,971.0
1.0,28.0,146.0,427.0,444.0,922.0,4,971.0
1.0,28.0,146.0,427.0,444.0,922.0,4,971.0
1.0,29.0,338.0,505.0,700.0,800.0,4,914.0
1.0,29.0,86.0,338.0,700.0,800.0,4,914.0
1.0,29.0,86.0,103.0,505.0,700.0,4,725.0
1.0,29.0,86.0,103.0,201.0,338.0,4,505.0
1.0,8.0,29.0,57.0,136.0,575.0,4,665.0
1.0,8.0,29.0,136.0,174.0,308.0,4,665.0
1.0,8.0,136.0,174.0,308.0,627.0,4,665.0
1.0,8.0,136.0,174.0,308.0,627.0,4,747.0
1.0,8.0,29.0,174.0,308.0,627.0,4,747.0
1.0,8.0,29.0,174.0,308.0,627.0,4,747.0
1.0,8.0,29.0,136.0,575.0,627.0,4,665.0
1.0,8.0,29.0,57.0,136.0,308.0,4,665.0
1.0,8.0,29.0,57.0,136.0,575.0,4,665.0
1.0,8.0,29.0,57.0,627.0,665.0,4,747.0
1.0,8.0,29.0,57.0,627.0,665.0,4,747.0
1.0,8.0,29.0,174.0,308.0,627.0,4,747.0
1.0,8.0,29.0,57.0,136.0,575.0,4,665.0
1.0,8.0,29.0,57.0,136.0,575.0,4,665.0
1.0,8.0,29.0,174.0,627.0,665.0,4,747.0
1.0,8.0,29.0,136.0,174.0,308.0,4,747.0
1.0,8.0,29.0,136.0,174.0,308.0,4,747.0
1.0,8.0,29.0,136.0,174.0,308.0,4,747.0
1.0,8.0,29.0,57.0,136.0,575.0,4,665.0
1.0,18.0,14.0,166.0,681.0,866.0,4,886.0
1.0,18.0,14.0,166.0,365.0,681.0,4,812.0
1.0,18.0,14.0,166.0,365.0,681.0,4,812.0
1.0,18.0,14.0,181.0,191.0,866.0,4,886.0
1.0,18.0,14.0,191.0,681.0,812.0,4,866.0
1.0,18.0,14.0,65.0,681.0,812.0,4,866.0
1.0,18.0,14.0,191.0,681.0,812.0,4,866.0
1.0,18.0,14.0,65.0,681.0,812.0,4,866.0
1.0,18.0,14.0,65.0,681.0,812.0,4,866.0
1.0,8.0,29.0,57.0,136.0,575.0,4,665.0
1.0,8.0,57.0,136.0,575.0,627.0,4,665.0
1.0,8.0,57.0,136.0,575.0,627.0,4,665.0
1.0,8.0,29.0,57.0,136.0,575.0,4,665.0
1.0,8.0,29.0,57.0,308.0,627.0,4,747.0
1.0,8.0,29.0,57.0,308.0,627.0,4,747.0
1.0,8.0,29.0,57.0,136.0,575.0,4,665.0
1.0,27.0,33.0,363.0,807.0,902.0,4,924.0
1.0,27.0,100.0,119.0,624.0,902.0,4,924.0
1.0,27.0,100.0,119.0,363.0,624.0,4,664.0
1.0,27.0,100.0,119.0,363.0,624.0,4,664.0
1.0,27.0,100.0,624.0,807.0,902.0,4,924.0
1.0,27.0,119.0,624.0,807.0,902.0,4,924.0
1.0,27.0,119.0,624.0,807.0,902.0,4,924.0
1.0,27.0,100.0,119.0,363.0,624.0,4,664.0
1.0,27.0,33.0,363.0,624.0,664.0,4,902.0
1.0,27.0,33.0,100.0,664.0,902.0,4,924.0
1.0,27.0,33.0,100.0,664.0,902.0,4,924.0
1.0,27.0,33.0,100.0,322.0,624.0,4,664.0
1.0,27.0,20.0,322.0,624.0,664.0,4,882.0
1.0,8.0,57.0,308.0,400.0,575.0,4,627.0
1.0,8.0,57.0,136.0,575.0,627.0,4,665.0
1.0,8.0,29.0,57.0,136.0,575.0,4,665.0
1.0,8.0,29.0,57.0,136.0,308.0,4,665.0
1.0,8.0,29.0,136.0,308.0,627.0,4,665.0
1.0,8.0,29.0,136.0,308.0,627.0,4,665.0
1.0,8.0,29.0,57.0,308.0,575.0,4,627.0
1.0,8.0,29.0,57.0,136.0,575.0,4,665.0
1.0,0.0,13.0,59.0,493.0,535.0,4,686.0
1.0,0.0,13.0,59.0,493.0,527.0,4,686.0
1.0,0.0,13.0,59.0,493.0,527.0,4,686.0
1.0,0.0,6.0,493.0,527.0,686.0,4,991.0
1.0,0.0,6.0,493.0,527.0,686.0,4,991.0
1.0,0.0,6.0,493.0,527.0,686.0,4,991.0
1.0,0.0,13.0,59.0,493.0,535.0,4,686.0
1.0,0.0,13.0,59.0,493.0,535.0,4,686.0
1.0,0.0,13.0,59.0,493.0,527.0,4,676.0
1.0,0.0,6.0,493.0,527.0,535.0,4,686.0
1.0,0.0,6.0,493.0,527.0,535.0,4,686.0
1.0,8.0,29.0,57.0,136.0,627.0,4,665.0
1.0,8.0,29.0,136.0,308.0,400.0,4,665.0
1.0,8.0,29.0,136.0,308.0,400.0,4,665.0
1.0,8.0,29.0,308.0,400.0,627.0,4,665.0
1.0,8.0,29.0,57.0,136.0,627.0,4,665.0
1.0,8.0,29.0,57.0,136.0,627.0,4,665.0
1.0,8.0,29.0,136.0,308.0,400.0,4,665.0
1.0,8.0,29.0,308.0,400.0,627.0,4,665.0
1.0,8.0,29.0,57.0,136.0,627.0,4,665.0
1.0,8.0,29.0,57.0,136.0,308.0,4,665.0
1.0,8.0,29.0,136.0,308.0,400.0,4,665.0
1.0,8.0,29.0,308.0,400.0,627.0,4,665.0
1.0,8.0,29.0,308.0,400.0,627.0,4,1030.0
1.0,8.0,29.0,136.0,308.0,400.0,4,665.0
1.0,8.0,29.0,308.0,400.0,627.0,4,665.0
1.0,8.0,29.0,308.0,400.0,627.0,4,665.0
1.0,8.0,29.0,57.0,136.0,627.0,4,665.0
1.0,14.0,254.0,592.0,599.0,609.0,4,855.0
1.0,14.0,518.0,592.0,609.0,855.0,4,877.0
1.0,14.0,518.0,592.0,644.0,855.0,4,877.0
1.0,14.0,254.0,592.0,609.0,644.0,4,855.0
1.0,14.0,254.0,518.0,592.0,609.0,4,855.0
1.0,14.0,518.0,592.0,644.0,855.0,4,877.0
1.0,14.0,518.0,592.0,644.0,855.0,4,877.0
1.0,8.0,29.0,57.0,575.0,627.0,4,665.0
1.0,8.0,29.0,57.0,575.0,627.0,4,665.0
1.0,8.0,29.0,575.0,627.0,665.0,4,1030.0
1.0,8.0,29.0,57.0,308.0,575.0,4,1030.0
1.0,8.0,57.0,575.0,627.0,665.0,4,1030.0
1.0,8.0,29.0,308.0,627.0,665.0,4,1030.0
1.0,8.0,29.0,308.0,627.0,665.0,4,1030.0
1.0,8.0,29.0,308.0,575.0,627.0,4,1030.0
1.0,8.0,29.0,57.0,575.0,627.0,4,665.0
1.0,8.0,29.0,57.0,575.0,665.0,4,1030.0
1.0,8.0,29.0,400.0,575.0,665.0,4,1030.0
1.0,8.0,29.0,308.0,400.0,575.0,4,1030.0
1.0,8.0,57.0,308.0,400.0,575.0,4,627.0
1.0,8.0,29.0,57.0,308.0,400.0,4,665.0
1.0,8.0,29.0,57.0,308.0,400.0,4,575.0
1.0,8.0,29.0,57.0,308.0,627.0,4,665.0
1.0,7.0,267.0,277.0,306.0,325.0,4,530.0
1.0,7.0,246.0,267.0,277.0,306.0,4,530.0
1.0,7.0,246.0,277.0,306.0,455.0,4,530.0
1.0,7.0,246.0,277.0,455.0,530.0,4,973.0
1.0,7.0,106.0,246.0,306.0,455.0,4,973.0
1.0,7.0,246.0,267.0,277.0,306.0,4,530.0
1.0,7.0,246.0,277.0,455.0,530.0,4,973.0
1.0,7.0,106.0,246.0,396.0,455.0,4,973.0
1.0,7.0,277.0,306.0,325.0,455.0,4,530.0
1.0,7.0,106.0,325.0,396.0,455.0,4,530.0
1.0,7.0,106.0,325.0,396.0,455.0,4,530.0
1.0,7.0,106.0,277.0,396.0,455.0,4,530.0
1.0,15.0,226.0,537.0,602.0,719.0,4,860.0
1.0,15.0,226.0,373.0,537.0,602.0,4,860.0
1.0,15.0,140.0,226.0,373.0,602.0,4,719.0
1.0,15.0,140.0,226.0,373.0,602.0,4,860.0
1.0,15.0,226.0,537.0,602.0,719.0,4,860.0
1.0,15.0,226.0,373.0,602.0,719.0,4,860.0
1.0,15.0,226.0,537.0,602.0,719.0,4,860.0
1.0,8.0,29.0,57.0,400.0,627.0,4,928.0
1.0,8.0,29.0,136.0,575.0,627.0,4,1030.0
1.0,8.0,29.0,57.0,136.0,575.0,4,928.0
1.0,8.0,29.0,400.0,575.0,627.0,4,1030.0
1.0,8.0,29.0,400.0,627.0,928.0,4,1030.0
1.0,8.0,29.0,136.0,575.0,627.0,4,1030.0
1.0,8.0,29.0,136.0,575.0,627.0,4,1030.0
1.0,28.0,110.0,146.0,608.0,685.0,4,922.0
1.0,28.0,110.0,146.0,444.0,608.0,4,971.0
1.0,28.0,110.0,146.0,444.0,890.0,4,971.0
1.0,28.0,110.0,146.0,444.0,922.0,4,971.0
1.0,28.0,110.0,146.0,444.0,922.0,4,971.0
1.0,28.0,110.0,146.0,444.0,922.0,4,971.0
1.0,28.0,110.0,497.0,608.0,685.0,4,922.0
1.0,28.0,110.0,444.0,608.0,685.0,4,971.0
1.0,8.0,29.0,136.0,575.0,627.0,4,665.0
1.0,8.0,29.0,136.0,575.0,627.0,4,665.0
1.0,8.0,29.0,57.0,308.0,627.0,4,1030.0
1.0,8.0,29.0,57.0,136.0,575.0,4,665.0
1.0,8.0,29.0,57.0,136.0,575.0,4,665.0
1.0,8.0,29.0,57.0,136.0,575.0,4,665.0
1.0,8.0,29.0,136.0,575.0,627.0,4,665.0
1.0,8.0,29.0,57.0,136.0,308.0,4,627.0
1.0,8.0,29.0,57.0,136.0,308.0,4,627.0
1.0,8.0,29.0,57.0,136.0,308.0,4,627.0
1.0,8.0,29.0,136.0,308.0,575.0,4,627.0
1.0,8.0,29.0,57.0,136.0,575.0,4,665.0
1.0,8.0,29.0,57.0,136.0,575.0,4,665.0
1.0,8.0,29.0,57.0,136.0,575.0,4,665.0
1.0,8.0,29.0,136.0,575.0,627.0,4,665.0
1.0,8.0,57.0,136.0,308.0,627.0,4,665.0
1.0,8.0,57.0,308.0,400.0,627.0,4,665.0
1.0,8.0,29.0,57.0,136.0,308.0,4,575.0
1.0,8.0,29.0,57.0,136.0,575.0,4,665.0
1.0,8.0,29.0,57.0,136.0,575.0,4,665.0
1.0,8.0,29.0,136.0,575.0,627.0,4,665.0
1.0,6.0,144.0,208.0,265.0,284.0,4,623.0
1.0,6.0,208.0,265.0,284.0,616.0,4,1039.0
1.0,6.0,323.0,390.0,616.0,623.0,4,1039.0
1.0,6.0,208.0,292.0,616.0,623.0,4,1039.0
1.0,6.0,265.0,284.0,292.0,323.0,4,897.0
1.0,6.0,144.0,292.0,323.0,390.0,4,897.0
1.0,6.0,144.0,265.0,292.0,323.0,4,897.0
1.0,16.0,285.0,296.0,457.0,677.0,4,902.0
1.0,16.0,285.0,296.0,457.0,677.0,4,902.0
1.0,16.0,285.0,296.0,298.0,457.0,4,832.0
1.0,16.0,285.0,296.0,457.0,677.0,4,902.0
1.0,16.0,296.0,664.0,677.0,832.0,4,902.0
1.0,16.0,285.0,296.0,664.0,677.0,4,832.0
1.0,16.0,285.0,296.0,677.0,832.0,4,902.0
1.0,25.0,294.0,380.0,421.0,695.0,4,814.0
1.0,25.0,116.0,294.0,421.0,695.0,4,814.0
1.0,25.0,116.0,294.0,380.0,421.0,4,561.0
1.0,25.0,116.0,294.0,561.0,586.0,4,814.0
1.0,25.0,116.0,294.0,561.0,586.0,4,814.0
1.0,25.0,294.0,380.0,421.0,695.0,4,814.0
1.0,25.0,116.0,294.0,421.0,586.0,4,814.0
1.0,25.0,116.0,294.0,561.0,586.0,4,814.0
1.0,25.0,116.0,294.0,380.0,561.0,4,586.0
1.0,25.0,8.0,380.0,421.0,561.0,4,814.0
1.0,25.0,294.0,380.0,421.0,586.0,4,814.0
1.0,8.0,29.0,57.0,136.0,575.0,4,665.0
1.0,8.0,29.0,57.0,136.0,575.0,4,665.0
1.0,8.0,29.0,57.0,136.0,308.0,4,575.0
1.0,8.0,29.0,57.0,136.0,308.0,4,665.0
1.0,8.0,29.0,57.0,136.0,575.0,4,665.0
1.0,8.0,29.0,57.0,136.0,575.0,4,665.0
1.0,8.0,29.0,136.0,308.0,400.0,4,627.0
1.0,8.0,29.0,57.0,136.0,575.0,4,665.0
1.0,4.0,46.0,487.0,589.0,947.0,4,992.0
1.0,4.0,3.0,487.0,589.0,646.0,4,947.0
1.0,4.0,3.0,81.0,158.0,487.0,4,646.0
1.0,4.0,81.0,158.0,487.0,589.0,4,646.0
1.0,4.0,46.0,81.0,487.0,589.0,4,992.0
1.0,4.0,46.0,81.0,589.0,646.0,4,992.0
1.0,4.0,46.0,81.0,487.0,589.0,4,992.0
1.0,4.0,46.0,81.0,487.0,589.0,4,992.0
1.0,4.0,46.0,487.0,589.0,947.0,4,992.0
1.0,4.0,3.0,81.0,158.0,646.0,4,992.0
1.0,4.0,81.0,158.0,487.0,947.0,4,992.0
1.0,4.0,81.0,487.0,589.0,947.0,4,992.0
1.0,17.0,47.0,211.0,262.0,708.0,4,730.0
1.0,17.0,47.0,211.0,262.0,708.0,4,730.0
1.0,17.0,97.0,211.0,708.0,857.0,4,1033.0
1.0,17.0,47.0,148.0,262.0,708.0,4,730.0
1.0,17.0,47.0,148.0,211.0,708.0,4,730.0
1.0,17.0,47.0,148.0,211.0,708.0,4,730.0
1.0,17.0,47.0,149.0,262.0,708.0,4,730.0
1.0,17.0,47.0,148.0,708.0,730.0,4,1033.0
1.0,8.0,29.0,136.0,308.0,400.0,4,665.0
1.0,8.0,29.0,136.0,308.0,575.0,4,627.0
1.0,8.0,29.0,57.0,136.0,575.0,4,665.0
1.0,8.0,29.0,136.0,308.0,627.0,4,665.0
1.0,8.0,29.0,136.0,308.0,400.0,4,665.0
1.0,8.0,29.0,57.0,136.0,575.0,4,665.0
1.0,8.0,29.0,136.0,308.0,627.0,4,665.0
1.0,8.0,29.0,308.0,400.0,627.0,4,665.0
1.0,8.0,57.0,136.0,308.0,400.0,4,575.0
1.0,8.0,29.0,57.0,136.0,575.0,4,665.0
1.0,8.0,29.0,308.0,400.0,627.0,4,665.0
1.0,8.0,29.0,136.0,308.0,575.0,4,627.0
1.0,8.0,29.0,57.0,136.0,575.0,4,665.0
1.0,11.0,132.0,638.0,806.0,895.0,4,968.0
1.0,11.0,94.0,132.0,173.0,647.0,4,968.0
1.0,11.0,274.0,638.0,806.0,895.0,4,968.0
1.0,11.0,274.0,638.0,806.0,895.0,4,968.0
1.0,11.0,274.0,638.0,806.0,895.0,4,968.0
1.0,11.0,94.0,132.0,638.0,895.0,4,968.0
1.0,11.0,94.0,132.0,638.0,895.0,4,968.0
1.0,11.0,94.0,132.0,638.0,647.0,4,895.0
1.0,11.0,132.0,647.0,806.0,895.0,4,968.0
1.0,11.0,132.0,647.0,806.0,895.0,4,968.0
1.0,8.0,29.0,57.0,136.0,575.0,4,665.0
1.0,8.0,29.0,57.0,136.0,575.0,4,665.0
1.0,8.0,29.0,308.0,400.0,627.0,4,665.0
1.0,8.0,29.0,136.0,308.0,400.0,4,575.0
1.0,8.0,29.0,136.0,308.0,400.0,4,575.0
1.0,8.0,57.0,136.0,400.0,575.0,4,627.0
1.0,8.0,29.0,57.0,575.0,627.0,4,665.0
1.0,8.0,29.0,57.0,136.0,575.0,4,665.0
1.0,8.0,29.0,57.0,136.0,308.0,4,665.0
1.0,8.0,29.0,57.0,136.0,308.0,4,665.0
1.0,8.0,29.0,136.0,400.0,627.0,4,665.0
1.0,8.0,29.0,136.0,400.0,575.0,4,627.0
1.0,8.0,29.0,57.0,400.0,575.0,4,627.0
1.0,8.0,29.0,57.0,400.0,575.0,4,627.0
1.0,8.0,29.0,136.0,575.0,627.0,4,665.0
1.0,8.0,29.0,174.0,308.0,400.0,4,627.0
1.0,8.0,29.0,174.0,308.0,400.0,4,627.0
1.0,8.0,29.0,400.0,575.0,627.0,4,665.0
1.0,8.0,29.0,57.0,136.0,575.0,4,665.0
1.0,8.0,29.0,57.0,136.0,575.0,4,665.0
1.0,8.0,29.0,136.0,308.0,400.0,4,665.0
1.0,8.0,29.0,308.0,400.0,627.0,4,665.0
1.0,8.0,29.0,136.0,308.0,400.0,4,575.0
1.0,33.0,125.0,134.0,255.0,698.0,4,853.0
1.0,33.0,125.0,134.0,255.0,789.0,4,853.0
1.0,33.0,134.0,692.0,789.0,853.0,4,854.0
1.0,33.0,601.0,692.0,698.0,789.0,4,854.0
1.0,33.0,255.0,601.0,692.0,698.0,4,789.0
1.0,33.0,134.0,255.0,601.0,698.0,4,789.0
1.0,33.0,125.0,134.0,255.0,698.0,4,853.0
1.0,33.0,134.0,692.0,789.0,853.0,4,854.0
1.0,33.0,255.0,601.0,692.0,698.0,4,789.0
1.0,30.0,121.0,598.0,657.0,953.0,4,963.0
1.0,30.0,209.0,335.0,389.0,657.0,4,689.0
1.0,30.0,121.0,598.0,657.0,953.0,4,963.0
1.0,30.0,389.0,598.0,657.0,953.0,4,963.0
1.0,30.0,121.0,657.0,689.0,953.0,4,963.0
1.0,30.0,121.0,689.0,705.0,953.0,4,963.0
1.0,30.0,121.0,389.0,598.0,953.0,4,963.0
1.0,30.0,121.0,598.0,657.0,953.0,4,963.0
1.0,30.0,121.0,598.0,705.0,953.0,4,963.0
1.0,8.0,29.0,57.0,575.0,627.0,4,665.0
1.0,8.0,29.0,57.0,575.0,627.0,4,665.0
1.0,8.0,29.0,308.0,400.0,627.0,4,665.0
1.0,8.0,29.0,174.0,308.0,627.0,4,665.0
1.0,8.0,29.0,136.0,174.0,308.0,4,627.0
1.0,8.0,29.0,57.0,136.0,575.0,4,665.0
1.0,8.0,29.0,57.0,136.0,575.0,4,665.0
1.0,8.0,29.0,57.0,136.0,575.0,4,665.0
1.0,8.0,29.0,57.0,136.0,575.0,4,665.0
1.0,8.0,29.0,136.0,400.0,575.0,4,665.0
1.0,8.0,136.0,174.0,308.0,400.0,4,627.0
1.0,8.0,29.0,57.0,136.0,575.0,4,665.0
1.0,8.0,29.0,57.0,136.0,575.0,4,665.0
1.0,8.0,29.0,136.0,308.0,627.0,4,665.0
1.0,8.0,136.0,174.0,400.0,575.0,4,627.0
1.0,8.0,29.0,136.0,174.0,575.0,4,665.0
1.0,8.0,29.0,57.0,136.0,575.0,4,665.0
1.0,8.0,29.0,174.0,308.0,400.0,4,627.0
1.0,8.0,174.0,308.0,400.0,627.0,4,1030.0
1.0,8.0,29.0,57.0,136.0,575.0,4,665.0
1.0,8.0,29.0,57.0,136.0,575.0,4,665.0
1.0,8.0,29.0,57.0,136.0,575.0,4,665.0
1.0,8.0,29.0,136.0,174.0,308.0,4,665.0
1.0,8.0,29.0,174.0,308.0,400.0,4,627.0
1.0,8.0,174.0,308.0,400.0,575.0,4,627.0
1.0,8.0,136.0,174.0,400.0,575.0,4,627.0
1.0,8.0,29.0,57.0,136.0,575.0,4,665.0
1.0,8.0,29.0,57.0,136.0,575.0,4,665.0
1.0,8.0,29.0,57.0,136.0,575.0,4,665.0
1.0,8.0,29.0,57.0,136.0,575.0,4,665.0
1.0,8.0,57.0,174.0,308.0,627.0,4,665.0
1.0,8.0,174.0,308.0,400.0,627.0,4,1030.0
1.0,8.0,174.0,400.0,627.0,928.0,4,1030.0
1.0,8.0,400.0,627.0,928.0,939.0,4,1030.0
1.0,9.0,68.0,151.0,815.0,828.0,4,941.0
1.0,9.0,68.0,151.0,452.0,828.0,4,941.0
1.0,9.0,34.0,446.0,452.0,538.0,4,845.0
1.0,9.0,34.0,446.0,452.0,538.0,4,845.0
1.0,9.0,452.0,538.0,815.0,845.0,4,941.0
1.0,9.0,452.0,538.0,815.0,845.0,4,941.0
1.0,9.0,68.0,452.0,828.0,845.0,4,941.0
1.0,9.0,68.0,151.0,452.0,828.0,4,941.0
1.0,9.0,68.0,151.0,452.0,828.0,4,941.0
1.0,9.0,151.0,446.0,452.0,538.0,4,815.0
1.0,9.0,151.0,446.0,452.0,538.0,4,815.0
1.0,9.0,34.0,74.0,446.0,452.0,4,845.0
1.0,26.0,40.0,41.0,454.0,874.0,4,1024.0
1.0,26.0,40.0,41.0,454.0,634.0,4,874.0
1.0,26.0,41.0,454.0,634.0,824.0,4,948.0
1.0,26.0,40.0,454.0,634.0,824.0,4,948.0
1.0,26.0,40.0,634.0,824.0,843.0,4,948.0
1.0,26.0,40.0,41.0,824.0,874.0,4,1024.0
1.0,26.0,40.0,41.0,454.0,874.0,4,1024.0
1.0,26.0,40.0,41.0,454.0,874.0,4,1024.0
1.0,26.0,41.0,454.0,634.0,843.0,4,948.0
1.0,26.0,40.0,41.0,874.0,948.0,4,1024.0
1.0,32.0,44.0,61.0,155.0,420.0,4,524.0
1.0,32.0,44.0,61.0,155.0,420.0,4,524.0
1.0,32.0,61.0,155.0,420.0,524.0,4,816.0
1.0,32.0,61.0,155.0,420.0,524.0,4,816.0
1.0,32.0,61.0,155.0,420.0,524.0,4,816.0
1.0,15.0,373.0,448.0,714.0,719.0,4,860.0
1.0,15.0,373.0,448.0,537.0,602.0,4,860.0
1.0,15.0,373.0,448.0,537.0,602.0,4,719.0
1.0,15.0,373.0,448.0,458.0,602.0,4,719.0
1.0,15.0,448.0,458.0,602.0,719.0,4,860.0
1.0,15.0,226.0,458.0,714.0,719.0,4,860.0
1.0,15.0,373.0,458.0,714.0,719.0,4,860.0
1.0,15.0,373.0,537.0,714.0,719.0,4,860.0
1.0,15.0,448.0,458.0,537.0,602.0,4,860.0
1.0,15.0,448.0,458.0,537.0,602.0,4,860.0
1.0,15.0,115.0,140.0,373.0,458.0,4,602.0
1.0,8.0,29.0,308.0,400.0,627.0,4,665.0
1.0,8.0,29.0,308.0,400.0,575.0,4,627.0
1.0,8.0,29.0,308.0,400.0,575.0,4,627.0
1.0,8.0,57.0,136.0,575.0,627.0,4,665.0
1.0,8.0,29.0,57.0,136.0,575.0,4,665.0
1.0,8.0,29.0,136.0,308.0,400.0,4,665.0
1.0,8.0,29.0,308.0,400.0,627.0,4,665.0
1.0,8.0,29.0,308.0,400.0,575.0,4,627.0
1.0,8.0,29.0,136.0,308.0,400.0,4,575.0
1.0,8.0,29.0,136.0,400.0,575.0,4,665.0
1.0,27.0,33.0,100.0,360.0,624.0,4,898.0
1.0,27.0,33.0,360.0,807.0,898.0,4,924.0
1.0,27.0,33.0,624.0,807.0,898.0,4,924.0
1.0,27.0,33.0,100.0,360.0,807.0,4,924.0
1.0,27.0,33.0,100.0,360.0,624.0,4,807.0
1.0,27.0,33.0,100.0,624.0,898.0,4,924.0
1.0,27.0,33.0,100.0,807.0,898.0,4,924.0
1.0,27.0,33.0,100.0,807.0,898.0,4,924.0
1.0,8.0,29.0,57.0,136.0,575.0,4,665.0
1.0,8.0,29.0,57.0,136.0,308.0,4,665.0
1.0,8.0,29.0,136.0,308.0,400.0,4,665.0
1.0,8.0,29.0,308.0,400.0,627.0,4,747.0
1.0,8.0,57.0,136.0,400.0,575.0,4,665.0
1.0,8.0,29.0,57.0,136.0,575.0,4,665.0
1.0,8.0,29.0,308.0,400.0,627.0,4,747.0
1.0,8.0,29.0,136.0,400.0,627.0,4,747.0
1.0,8.0,29.0,57.0,136.0,627.0,4,665.0
1.0,8.0,29.0,57.0,136.0,308.0,4,665.0
1.0,8.0,29.0,308.0,400.0,627.0,4,747.0
1.0,8.0,29.0,57.0,136.0,627.0,4,665.0
1.0,8.0,29.0,57.0,136.0,308.0,4,665.0
1.0,8.0,29.0,136.0,308.0,400.0,4,665.0
1.0,8.0,29.0,308.0,400.0,627.0,4,747.0
1.0,8.0,29.0,308.0,400.0,627.0,4,747.0
1.0,8.0,29.0,136.0,400.0,627.0,4,665.0
1.0,8.0,29.0,136.0,308.0,400.0,4,665.0
1.0,13.0,15.0,114.0,532.0,907.0,4,956.0
1.0,13.0,114.0,192.0,315.0,803.0,4,956.0
1.0,13.0,15.0,210.0,672.0,751.0,4,907.0
1.0,33.0,45.0,134.0,255.0,698.0,4,853.0
1.0,33.0,45.0,134.0,789.0,853.0,4,854.0
1.0,33.0,134.0,601.0,692.0,789.0,4,854.0
1.0,33.0,45.0,134.0,255.0,601.0,4,698.0
1.0,33.0,45.0,134.0,255.0,698.0,4,853.0
1.0,33.0,45.0,134.0,449.0,698.0,4,853.0
1.0,33.0,45.0,134.0,255.0,698.0,4,853.0
1.0,33.0,134.0,692.0,789.0,853.0,4,854.0
1.0,33.0,601.0,692.0,698.0,789.0,4,854.0
1.0,33.0,255.0,601.0,692.0,698.0,4,789.0
1.0,33.0,134.0,255.0,601.0,692.0,4,698.0
1.0,33.0,134.0,255.0,601.0,692.0,4,698.0
1.0,33.0,134.0,255.0,601.0,692.0,4,698.0
1.0,33.0,125.0,445.0,449.0,601.0,4,789.0
1.0,8.0,29.0,57.0,136.0,575.0,4,665.0
1.0,8.0,29.0,136.0,308.0,400.0,4,665.0
1.0,8.0,29.0,308.0,400.0,627.0,4,665.0
1.0,8.0,29.0,136.0,308.0,400.0,4,575.0
1.0,8.0,29.0,57.0,308.0,627.0,4,665.0
1.0,8.0,29.0,57.0,575.0,627.0,4,665.0
1.0,8.0,29.0,57.0,308.0,627.0,4,665.0
1.0,8.0,29.0,136.0,308.0,400.0,4,665.0
1.0,8.0,29.0,136.0,308.0,400.0,4,627.0
1.0,8.0,29.0,136.0,400.0,627.0,4,1030.0
1.0,8.0,29.0,57.0,136.0,575.0,4,665.0
1.0,8.0,29.0,136.0,308.0,400.0,4,665.0
1.0,8.0,29.0,308.0,400.0,575.0,4,627.0
1.0,8.0,174.0,308.0,575.0,627.0,4,1030.0
1.0,8.0,29.0,136.0,174.0,575.0,4,665.0
1.0,8.0,174.0,308.0,400.0,627.0,4,1030.0
1.0,27.0,33.0,363.0,807.0,902.0,4,924.0
1.0,27.0,100.0,119.0,197.0,624.0,4,664.0
1.0,27.0,100.0,363.0,807.0,902.0,4,924.0
1.0,27.0,100.0,363.0,807.0,902.0,4,924.0
1.0,27.0,100.0,363.0,807.0,902.0,4,924.0
1.0,27.0,100.0,363.0,807.0,902.0,4,924.0
1.0,27.0,100.0,624.0,807.0,902.0,4,924.0
1.0,27.0,100.0,363.0,624.0,807.0,4,902.0
1.0,27.0,119.0,363.0,624.0,807.0,4,902.0
1.0,0.0,6.0,13.0,493.0,535.0,4,686.0
1.0,0.0,13.0,493.0,527.0,535.0,4,991.0
1.0,0.0,527.0,686.0,870.0,905.0,4,991.0
1.0,0.0,13.0,493.0,527.0,535.0,4,686.0
1.0,0.0,13.0,493.0,527.0,535.0,4,686.0
1.0,0.0,493.0,527.0,535.0,686.0,4,870.0
1.0,0.0,527.0,535.0,676.0,686.0,4,870.0
1.0,0.0,527.0,535.0,676.0,686.0,4,870.0
1.0,0.0,6.0,13.0,493.0,535.0,4,686.0
1.0,16.0,54.0,457.0,832.0,898.0,4,996.0
1.0,16.0,31.0,54.0,457.0,832.0,4,996.0
1.0,16.0,31.0,54.0,457.0,832.0,4,996.0
1.0,16.0,31.0,457.0,832.0,907.0,4,996.0
1.0,16.0,285.0,457.0,832.0,898.0,4,907.0
1.0,16.0,54.0,457.0,832.0,898.0,4,996.0
1.0,16.0,457.0,832.0,898.0,907.0,4,996.0
1.0,16.0,285.0,457.0,832.0,898.0,4,907.0
1.0,25.0,294.0,380.0,421.0,561.0,4,814.0
1.0,25.0,133.0,294.0,586.0,780.0,4,814.0
1.0,25.0,133.0,294.0,586.0,780.0,4,814.0
1.0,25.0,8.0,133.0,380.0,586.0,4,974.0
1.0,25.0,133.0,294.0,586.0,814.0,4,974.0
1.0,25.0,133.0,294.0,586.0,814.0,4,974.0
1.0,25.0,133.0,294.0,586.0,814.0,4,974.0
1.0,25.0,133.0,423.0,586.0,814.0,4,974.0
1.0,27.0,33.0,363.0,624.0,902.0,4,924.0
1.0,27.0,100.0,119.0,322.0,624.0,4,902.0
1.0,27.0,33.0,100.0,322.0,363.0,4,624.0
1.0,27.0,33.0,363.0,624.0,902.0,4,924.0
1.0,27.0,33.0,363.0,624.0,902.0,4,924.0
1.0,27.0,33.0,100.0,624.0,902.0,4,924.0
1.0,27.0,100.0,119.0,322.0,902.0,4,924.0
1.0,27.0,100.0,119.0,363.0,624.0,4,924.0
1.0,27.0,33.0,363.0,807.0,902.0,4,924.0
1.0,27.0,100.0,119.0,624.0,807.0,4,902.0
1.0,27.0,33.0,363.0,624.0,807.0,4,902.0
1.0,27.0,33.0,363.0,624.0,902.0,4,924.0
1.0,27.0,100.0,624.0,807.0,902.0,4,924.0
1.0,27.0,100.0,363.0,624.0,807.0,4,902.0
1.0,27.0,100.0,363.0,624.0,902.0,4,924.0
1.0,27.0,100.0,363.0,624.0,902.0,4,924.0
1.0,27.0,100.0,363.0,624.0,902.0,4,924.0
1.0,27.0,100.0,363.0,624.0,902.0,4,924.0
1.0,11.0,638.0,647.0,895.0,923.0,4,1031.0
1.0,11.0,638.0,647.0,895.0,923.0,4,1031.0
1.0,11.0,99.0,638.0,647.0,895.0,4,923.0
1.0,11.0,638.0,718.0,806.0,895.0,4,1031.0
1.0,11.0,173.0,718.0,806.0,895.0,4,1031.0
1.0,11.0,590.0,638.0,647.0,895.0,4,923.0
1.0,11.0,1.0,590.0,638.0,647.0,4,923.0
1.0,29.0,338.0,505.0,700.0,800.0,4,914.0
1.0,29.0,86.0,103.0,580.0,700.0,4,725.0
1.0,29.0,338.0,505.0,572.0,580.0,4,700.0
1.0,29.0,103.0,338.0,505.0,572.0,4,580.0
1.0,29.0,338.0,505.0,580.0,700.0,4,725.0
1.0,27.0,33.0,363.0,624.0,902.0,4,924.0
1.0,27.0,100.0,624.0,664.0,902.0,4,924.0
1.0,27.0,100.0,363.0,624.0,664.0,4,902.0
1.0,27.0,100.0,119.0,363.0,624.0,4,664.0
1.0,27.0,100.0,119.0,363.0,624.0,4,664.0
1.0,27.0,100.0,119.0,363.0,664.0,4,924.0
1.0,27.0,33.0,119.0,664.0,902.0,4,924.0
1.0,27.0,33.0,119.0,624.0,902.0,4,924.0
1.0,27.0,33.0,363.0,624.0,902.0,4,924.0
1.0,27.0,100.0,363.0,624.0,902.0,4,924.0
1.0,27.0,100.0,363.0,624.0,902.0,4,924.0
1.0,27.0,100.0,119.0,624.0,664.0,4,902.0
1.0,27.0,20.0,100.0,119.0,197.0,4,664.0
1.0,27.0,20.0,100.0,197.0,664.0,4,882.0
1.0,27.0,33.0,363.0,807.0,902.0,4,924.0
1.0,27.0,33.0,100.0,624.0,902.0,4,924.0
1.0,27.0,100.0,119.0,363.0,624.0,4,902.0
1.0,27.0,100.0,119.0,363.0,624.0,4,664.0
1.0,27.0,100.0,119.0,624.0,664.0,4,807.0
1.0,27.0,33.0,363.0,624.0,902.0,4,924.0
1.0,27.0,100.0,363.0,624.0,902.0,4,924.0
1.0,27.0,33.0,363.0,807.0,902.0,4,924.0
1.0,27.0,100.0,363.0,624.0,902.0,4,924.0
1.0,27.0,33.0,100.0,624.0,807.0,4,902.0
1.0,27.0,100.0,363.0,807.0,902.0,4,924.0
1.0,27.0,33.0,363.0,807.0,902.0,4,924.0
1.0,27.0,100.0,624.0,807.0,902.0,4,924.0
1.0,27.0,100.0,119.0,807.0,902.0,4,924.0
1.0,27.0,33.0,119.0,624.0,902.0,4,924.0
1.0,27.0,33.0,119.0,624.0,902.0,4,924.0
1.0,27.0,33.0,119.0,624.0,902.0,4,924.0
1.0,27.0,33.0,363.0,624.0,902.0,4,924.0
1.0,27.0,33.0,363.0,807.0,902.0,4,924.0
1.0,27.0,100.0,624.0,807.0,902.0,4,924.0
1.0,27.0,100.0,624.0,807.0,902.0,4,924.0
1.0,27.0,100.0,119.0,363.0,624.0,4,807.0
1.0,27.0,33.0,100.0,363.0,624.0,4,902.0
1.0,27.0,33.0,100.0,363.0,902.0,4,924.0
1.0,27.0,33.0,624.0,807.0,902.0,4,924.0
1.0,27.0,33.0,624.0,807.0,902.0,4,924.0
1.0,27.0,33.0,363.0,807.0,902.0,4,924.0
1.0,27.0,33.0,100.0,624.0,807.0,4,924.0
1.0,27.0,100.0,119.0,363.0,624.0,4,807.0
1.0,27.0,33.0,363.0,624.0,902.0,4,924.0
1.0,23.0,234.0,340.0,418.0,440.0,4,827.0
1.0,23.0,307.0,440.0,798.0,827.0,4,921.0
1.0,23.0,307.0,418.0,798.0,921.0,4,1036.0
1.0,23.0,307.0,418.0,798.0,921.0,4,1036.0
1.0,23.0,307.0,418.0,798.0,921.0,4,1036.0
1.0,23.0,234.0,418.0,798.0,921.0,4,1036.0
1.0,12.0,233.0,417.0,682.0,715.0,4,903.0
1.0,12.0,233.0,417.0,682.0,715.0,4,903.0
1.0,12.0,216.0,462.0,477.0,556.0,4,682.0
1.0,12.0,417.0,462.0,477.0,682.0,4,715.0
1.0,32.0,135.0,420.0,450.0,595.0,4,933.0
1.0,32.0,61.0,420.0,499.0,524.0,4,816.0
1.0,32.0,61.0,135.0,450.0,595.0,4,933.0
1.0,32.0,61.0,135.0,420.0,524.0,4,933.0
1.0,32.0,135.0,499.0,538.0,650.0,4,933.0
1.0,34.0,55.0,67.0,112.0,137.0,4,247.0
1.0,34.0,36.0,55.0,67.0,137.0,4,847.0
1.0,34.0,36.0,137.0,224.0,753.0,4,847.0
1.0,34.0,36.0,55.0,224.0,753.0,4,847.0
1.0,34.0,36.0,55.0,137.0,753.0,4,847.0
1.0,34.0,36.0,55.0,137.0,753.0,4,847.0
1.0,34.0,112.0,137.0,278.0,753.0,4,847.0
1.0,34.0,36.0,224.0,278.0,753.0,4,847.0
1.0,18.0,14.0,181.0,681.0,812.0,4,866.0
1.0,18.0,14.0,181.0,681.0,812.0,4,866.0
1.0,18.0,14.0,191.0,681.0,866.0,4,886.0
1.0,18.0,14.0,181.0,191.0,681.0,4,886.0
1.0,18.0,166.0,191.0,681.0,812.0,4,886.0
1.0,18.0,166.0,681.0,812.0,866.0,4,886.0
1.0,18.0,14.0,166.0,812.0,866.0,4,886.0
1.0,18.0,14.0,191.0,681.0,812.0,4,866.0
1.0,18.0,14.0,181.0,191.0,681.0,4,886.0
1.0,27.0,33.0,100.0,363.0,624.0,4,807.0
1.0,27.0,33.0,119.0,807.0,902.0,4,924.0
1.0,27.0,100.0,119.0,624.0,902.0,4,924.0
1.0,27.0,100.0,119.0,363.0,624.0,4,807.0
1.0,27.0,33.0,119.0,807.0,902.0,4,924.0
1.0,27.0,119.0,363.0,807.0,902.0,4,924.0
1.0,27.0,33.0,363.0,807.0,902.0,4,924.0
1.0,27.0,33.0,100.0,624.0,902.0,4,924.0
1.0,27.0,100.0,119.0,363.0,624.0,4,807.0
1.0,27.0,33.0,119.0,807.0,902.0,4,924.0
1.0,27.0,33.0,363.0,807.0,902.0,4,924.0
1.0,27.0,100.0,363.0,624.0,902.0,4,924.0
1.0,27.0,33.0,100.0,363.0,624.0,4,902.0
1.0,27.0,33.0,100.0,363.0,624.0,4,807.0
1.0,30.0,121.0,335.0,409.0,705.0,4,953.0
1.0,30.0,121.0,335.0,409.0,657.0,4,839.0
1.0,30.0,113.0,335.0,657.0,705.0,4,953.0
1.0,30.0,113.0,657.0,689.0,705.0,4,953.0
1.0,30.0,121.0,409.0,689.0,705.0,4,953.0
1.0,30.0,121.0,409.0,689.0,705.0,4,953.0
1.0,30.0,121.0,409.0,705.0,839.0,4,953.0
1.0,30.0,113.0,409.0,657.0,705.0,4,953.0
1.0,30.0,113.0,121.0,409.0,705.0,4,953.0
1.0,30.0,121.0,335.0,409.0,657.0,4,705.0
1.0,30.0,121.0,409.0,657.0,705.0,4,953.0
1.0,7.0,267.0,277.0,306.0,325.0,4,530.0
1.0,7.0,267.0,277.0,325.0,455.0,4,483.0
1.0,7.0,106.0,246.0,306.0,455.0,4,530.0
1.0,7.0,267.0,277.0,306.0,325.0,4,530.0
1.0,7.0,106.0,263.0,455.0,483.0,4,530.0
1.0,7.0,106.0,263.0,277.0,455.0,4,483.0
1.0,7.0,106.0,263.0,277.0,455.0,4,483.0
1.0,27.0,33.0,100.0,363.0,624.0,4,924.0
1.0,27.0,100.0,119.0,363.0,902.0,4,924.0
1.0,27.0,100.0,119.0,664.0,902.0,4,924.0
1.0,27.0,33.0,100.0,363.0,624.0,4,664.0
1.0,27.0,33.0,100.0,363.0,624.0,4,664.0
1.0,27.0,33.0,363.0,624.0,902.0,4,924.0
1.0,27.0,33.0,119.0,624.0,902.0,4,924.0
1.0,27.0,33.0,363.0,624.0,902.0,4,924.0
1.0,27.0,33.0,100.0,624.0,902.0,4,924.0
1.0,27.0,100.0,119.0,624.0,902.0,4,924.0
1.0,27.0,100.0,119.0,363.0,624.0,4,664.0
1.0,27.0,33.0,119.0,363.0,624.0,4,664.0
1.0,27.0,33.0,100.0,664.0,902.0,4,924.0
1.0,27.0,100.0,119.0,363.0,624.0,4,664.0
1.0,14.0,48.0,254.0,592.0,609.0,4,974.0
1.0,14.0,518.0,592.0,609.0,855.0,4,1007.0
1.0,14.0,48.0,518.0,609.0,877.0,4,974.0
1.0,14.0,48.0,518.0,609.0,877.0,4,974.0
1.0,14.0,48.0,254.0,592.0,877.0,4,1007.0
1.0,14.0,48.0,254.0,592.0,609.0,4,974.0
1.0,14.0,48.0,254.0,592.0,609.0,4,974.0
1.0,14.0,48.0,518.0,592.0,877.0,4,1007.0
1.0,14.0,48.0,518.0,592.0,609.0,4,877.0
1.0,14.0,48.0,518.0,592.0,609.0,4,877.0
1.0,13.0,15.0,114.0,161.0,192.0,4,871.0
1.0,13.0,15.0,114.0,161.0,192.0,4,871.0
1.0,13.0,114.0,161.0,192.0,532.0,4,871.0
1.0,13.0,15.0,114.0,161.0,182.0,4,192.0
1.0,13.0,161.0,182.0,192.0,803.0,4,871.0
1.0,13.0,15.0,161.0,182.0,210.0,4,831.0
1.0,27.0,33.0,363.0,807.0,902.0,4,924.0
1.0,27.0,100.0,119.0,624.0,902.0,4,924.0
1.0,27.0,100.0,119.0,363.0,624.0,4,807.0
1.0,27.0,100.0,119.0,363.0,624.0,4,807.0
1.0,27.0,100.0,119.0,363.0,624.0,4,807.0
1.0,27.0,100.0,119.0,363.0,624.0,4,807.0
1.0,27.0,100.0,119.0,363.0,624.0,4,807.0
1.0,27.0,33.0,100.0,807.0,902.0,4,924.0
1.0,27.0,33.0,363.0,807.0,902.0,4,924.0
1.0,29.0,86.0,103.0,338.0,572.0,4,800.0
1.0,29.0,86.0,103.0,338.0,505.0,4,725.0
1.0,29.0,201.0,505.0,572.0,725.0,4,800.0
1.0,29.0,86.0,103.0,338.0,505.0,4,914.0
1.0,29.0,103.0,338.0,505.0,800.0,4,914.0
1.0,29.0,338.0,505.0,725.0,800.0,4,914.0
1.0,29.0,201.0,338.0,725.0,800.0,4,914.0
1.0,27.0,33.0,119.0,363.0,664.0,4,807.0
1.0,27.0,33.0,363.0,807.0,902.0,4,924.0
1.0,27.0,33.0,100.0,807.0,902.0,4,924.0
1.0,27.0,100.0,363.0,807.0,902.0,4,924.0
1.0,27.0,33.0,363.0,807.0,902.0,4,924.0
1.0,27.0,33.0,363.0,807.0,902.0,4,924.0
1.0,27.0,100.0,363.0,624.0,807.0,4,902.0
1.0,27.0,100.0,119.0,624.0,902.0,4,924.0
1.0,27.0,100.0,119.0,363.0,624.0,4,664.0
1.0,27.0,100.0,119.0,363.0,624.0,4,664.0
1.0,27.0,33.0,100.0,664.0,902.0,4,924.0
1.0,27.0,33.0,100.0,363.0,624.0,4,664.0
1.0,27.0,33.0,363.0,624.0,902.0,4,924.0
1.0,27.0,119.0,624.0,807.0,902.0,4,924.0
1.0,27.0,119.0,624.0,807.0,902.0,4,924.0
1.0,27.0,119.0,624.0,807.0,902.0,4,924.0
1.0,27.0,33.0,624.0,807.0,902.0,4,924.0
1.0,27.0,33.0,100.0,624.0,807.0,4,902.0
1.0,27.0,100.0,119.0,624.0,807.0,4,902.0
1.0,27.0,100.0,119.0,624.0,664.0,4,902.0
1.0,27.0,33.0,100.0,624.0,807.0,4,902.0
1.0,27.0,33.0,100.0,624.0,807.0,4,902.0
1.0,33.0,125.0,134.0,255.0,698.0,4,853.0
1.0,33.0,134.0,255.0,601.0,698.0,4,853.0
1.0,33.0,255.0,449.0,601.0,698.0,4,789.0
1.0,33.0,125.0,134.0,255.0,698.0,4,853.0
1.0,33.0,134.0,255.0,601.0,698.0,4,853.0
1.0,33.0,449.0,601.0,698.0,789.0,4,853.0
1.0,33.0,134.0,255.0,601.0,698.0,4,853.0
1.0,33.0,134.0,445.0,449.0,601.0,4,853.0
1.0,33.0,134.0,445.0,449.0,601.0,4,853.0
1.0,33.0,255.0,449.0,601.0,698.0,4,789.0
1.0,33.0,445.0,449.0,601.0,733.0,4,789.0
1.0,27.0,33.0,100.0,807.0,902.0,4,924.0
1.0,27.0,33.0,119.0,624.0,902.0,4,924.0
1.0,27.0,100.0,119.0,624.0,664.0,4,807.0
1.0,27.0,33.0,100.0,807.0,902.0,4,924.0
1.0,27.0,33.0,100.0,807.0,902.0,4,924.0
1.0,27.0,33.0,100.0,624.0,807.0,4,902.0
1.0,13.0,161.0,182.0,803.0,871.0,4,956.0
1.0,13.0,161.0,182.0,803.0,871.0,4,956.0
1.0,13.0,114.0,182.0,192.0,532.0,4,956.0
1.0,13.0,161.0,182.0,192.0,871.0,4,956.0
1.0,13.0,161.0,182.0,803.0,871.0,4,956.0
1.0,13.0,161.0,182.0,803.0,871.0,4,956.0
1.0,13.0,161.0,182.0,803.0,871.0,4,956.0
1.0,13.0,15.0,161.0,192.0,871.0,4,956.0
1.0,13.0,161.0,182.0,192.0,871.0,4,956.0
1.0,14.0,518.0,592.0,609.0,855.0,4,974.0
1.0,14.0,458.0,518.0,609.0,855.0,4,974.0
1.0,14.0,254.0,592.0,599.0,609.0,4,644.0
1.0,14.0,518.0,592.0,609.0,855.0,4,877.0
1.0,14.0,518.0,609.0,855.0,877.0,4,974.0
1.0,14.0,518.0,592.0,609.0,855.0,4,877.0
1.0,27.0,100.0,119.0,197.0,624.0,4,807.0
1.0,27.0,100.0,624.0,807.0,902.0,4,924.0
1.0,27.0,33.0,624.0,807.0,902.0,4,924.0
1.0,27.0,33.0,100.0,624.0,807.0,4,924.0
1.0,27.0,33.0,100.0,807.0,902.0,4,924.0
1.0,27.0,100.0,119.0,197.0,624.0,4,807.0
1.0,27.0,33.0,100.0,807.0,902.0,4,924.0
1.0,27.0,33.0,119.0,624.0,902.0,4,924.0
1.0,27.0,33.0,119.0,624.0,902.0,4,924.0
1.0,27.0,100.0,119.0,197.0,624.0,4,807.0
1.0,27.0,100.0,119.0,197.0,624.0,4,807.0
1.0,27.0,33.0,100.0,624.0,807.0,4,924.0
1.0,27.0,33.0,100.0,197.0,807.0,4,924.0
1.0,27.0,33.0,624.0,807.0,902.0,4,924.0
1.0,27.0,119.0,624.0,807.0,902.0,4,924.0
1.0,27.0,100.0,119.0,197.0,624.0,4,807.0
1.0,27.0,33.0,100.0,197.0,624.0,4,807.0
1.0,27.0,33.0,100.0,197.0,902.0,4,924.0
1.0,27.0,33.0,100.0,197.0,902.0,4,924.0
1.0,27.0,33.0,100.0,197.0,624.0,4,902.0
1.0,17.0,47.0,97.0,148.0,149.0,4,857.0
1.0,17.0,47.0,97.0,148.0,149.0,4,857.0
1.0,17.0,79.0,97.0,148.0,149.0,4,413.0
1.0,17.0,47.0,97.0,148.0,149.0,4,708.0
1.0,17.0,47.0,97.0,148.0,149.0,4,708.0
1.0,17.0,47.0,97.0,148.0,149.0,4,708.0
1.0,17.0,47.0,97.0,148.0,149.0,4,708.0
1.0,17.0,47.0,148.0,149.0,708.0,4,857.0
1.0,18.0,14.0,681.0,812.0,866.0,4,886.0
1.0,18.0,65.0,181.0,191.0,812.0,4,886.0
1.0,18.0,65.0,181.0,191.0,681.0,4,812.0
1.0,18.0,65.0,181.0,191.0,681.0,4,866.0
1.0,18.0,14.0,681.0,812.0,866.0,4,886.0
1.0,18.0,14.0,681.0,812.0,866.0,4,886.0
1.0,18.0,65.0,181.0,191.0,681.0,4,886.0
1.0,6.0,290.0,390.0,616.0,623.0,4,1039.0
1.0,6.0,290.0,390.0,616.0,623.0,4,1039.0
1.0,6.0,290.0,390.0,616.0,623.0,4,1039.0
1.0,6.0,35.0,213.0,265.0,616.0,4,623.0
1.0,6.0,35.0,208.0,213.0,265.0,4,623.0
1.0,6.0,35.0,208.0,213.0,265.0,4,1039.0
1.0,6.0,35.0,208.0,213.0,265.0,4,1039.0
1.0,6.0,35.0,265.0,290.0,616.0,4,623.0
1.0,6.0,35.0,213.0,265.0,616.0,4,623.0
1.0,6.0,35.0,208.0,213.0,265.0,4,1039.0
1.0,6.0,35.0,208.0,213.0,623.0,4,1039.0
1.0,6.0,35.0,208.0,213.0,616.0,4,623.0
1.0,4.0,3.0,158.0,487.0,947.0,4,992.0
1.0,4.0,85.0,158.0,494.0,589.0,4,992.0
1.0,4.0,46.0,158.0,494.0,589.0,4,992.0
1.0,4.0,46.0,85.0,494.0,589.0,4,947.0
1.0,4.0,85.0,487.0,589.0,947.0,4,992.0
1.0,4.0,85.0,158.0,487.0,589.0,4,992.0
1.0,4.0,46.0,85.0,158.0,589.0,4,992.0
1.0,27.0,33.0,100.0,807.0,902.0,4,924.0
1.0,27.0,33.0,100.0,807.0,902.0,4,924.0
1.0,27.0,119.0,363.0,624.0,902.0,4,924.0
1.0,27.0,100.0,119.0,363.0,624.0,4,664.0
1.0,27.0,33.0,100.0,363.0,624.0,4,664.0
1.0,27.0,33.0,100.0,807.0,902.0,4,924.0
1.0,27.0,33.0,363.0,807.0,902.0,4,924.0
1.0,27.0,33.0,100.0,807.0,902.0,4,924.0
1.0,27.0,33.0,100.0,807.0,902.0,4,924.0
1.0,27.0,33.0,363.0,624.0,902.0,4,924.0
1.0,27.0,100.0,119.0,363.0,624.0,4,807.0
1.0,27.0,100.0,119.0,624.0,664.0,4,807.0
1.0,27.0,119.0,197.0,322.0,664.0,4,882.0
1.0,27.0,33.0,100.0,807.0,902.0,4,924.0
1.0,27.0,100.0,363.0,807.0,902.0,4,924.0
1.0,27.0,100.0,363.0,624.0,902.0,4,924.0
1.0,27.0,33.0,100.0,624.0,807.0,4,902.0
1.0,27.0,33.0,100.0,807.0,902.0,4,924.0
1.0,27.0,33.0,100.0,807.0,902.0,4,924.0
1.0,27.0,33.0,363.0,624.0,902.0,4,924.0
1.0,27.0,100.0,119.0,363.0,624.0,4,807.0
1.0,27.0,33.0,100.0,363.0,624.0,4,807.0
1.0,27.0,33.0,624.0,807.0,902.0,4,924.0
1.0,27.0,100.0,363.0,624.0,664.0,4,902.0
1.0,27.0,100.0,363.0,624.0,664.0,4,902.0
1.0,27.0,33.0,363.0,807.0,902.0,4,924.0
1.0,27.0,33.0,100.0,624.0,902.0,4,924.0
1.0,27.0,100.0,119.0,624.0,807.0,4,902.0
1.0,27.0,100.0,119.0,363.0,624.0,4,807.0
1.0,27.0,100.0,119.0,363.0,624.0,4,807.0
1.0,27.0,33.0,119.0,624.0,807.0,4,924.0
1.0,27.0,33.0,119.0,197.0,624.0,4,664.0
1.0,27.0,33.0,100.0,363.0,807.0,4,924.0
1.0,27.0,100.0,119.0,363.0,624.0,4,807.0
1.0,27.0,33.0,100.0,197.0,363.0,4,624.0
1.0,27.0,33.0,100.0,197.0,363.0,4,624.0
1.0,27.0,100.0,119.0,624.0,807.0,4,924.0
1.0,27.0,33.0,100.0,363.0,807.0,4,924.0
1.0,27.0,33.0,119.0,624.0,807.0,4,924.0
1.0,27.0,100.0,119.0,197.0,363.0,4,624.0
1.0,27.0,33.0,100.0,624.0,807.0,4,924.0
1.0,27.0,33.0,100.0,624.0,807.0,4,924.0
1.0,27.0,100.0,119.0,363.0,624.0,4,807.0
1.0,27.0,100.0,119.0,197.0,363.0,4,624.0
1.0,27.0,100.0,119.0,197.0,363.0,4,624.0
1.0,27.0,33.0,119.0,624.0,807.0,4,924.0
1.0,27.0,100.0,119.0,363.0,624.0,4,807.0
1.0,27.0,33.0,100.0,363.0,807.0,4,924.0
1.0,27.0,33.0,100.0,363.0,807.0,4,924.0
1.0,27.0,33.0,100.0,363.0,807.0,4,924.0
1.0,27.0,33.0,119.0,197.0,624.0,4,924.0
1.0,27.0,100.0,119.0,197.0,363.0,4,624.0
1.0,27.0,33.0,100.0,624.0,807.0,4,924.0
1.0,27.0,33.0,100.0,624.0,807.0,4,924.0
1.0,27.0,33.0,100.0,363.0,807.0,4,924.0
1.0,27.0,33.0,119.0,363.0,807.0,4,924.0
1.0,27.0,33.0,100.0,363.0,624.0,4,807.0
1.0,27.0,33.0,100.0,363.0,807.0,4,924.0
1.0,27.0,33.0,119.0,363.0,807.0,4,924.0
1.0,27.0,33.0,100.0,363.0,624.0,4,924.0
1.0,27.0,33.0,100.0,363.0,624.0,4,924.0
1.0,27.0,33.0,100.0,624.0,807.0,4,924.0
1.0,27.0,33.0,100.0,624.0,807.0,4,924.0
1.0,27.0,33.0,100.0,363.0,807.0,4,924.0
1.0,27.0,33.0,363.0,624.0,807.0,4,924.0
1.0,27.0,100.0,197.0,363.0,624.0,4,924.0
1.0,27.0,33.0,100.0,197.0,624.0,4,807.0
1.0,27.0,33.0,100.0,624.0,807.0,4,924.0
1.0,27.0,33.0,100.0,363.0,807.0,4,924.0
1.0,27.0,33.0,100.0,363.0,624.0,4,807.0
1.0,27.0,33.0,100.0,363.0,807.0,4,924.0
1.0,27.0,33.0,100.0,197.0,363.0,4,624.0
1.0,27.0,33.0,363.0,624.0,898.0,4,924.0
1.0,27.0,33.0,363.0,807.0,898.0,4,924.0
1.0,27.0,33.0,100.0,363.0,807.0,4,924.0
1.0,27.0,33.0,363.0,807.0,898.0,4,924.0
1.0,27.0,33.0,363.0,807.0,898.0,4,924.0
1.0,27.0,33.0,100.0,197.0,807.0,4,924.0
1.0,27.0,33.0,100.0,807.0,898.0,4,924.0
1.0,27.0,33.0,100.0,363.0,807.0,4,924.0
1.0,27.0,100.0,363.0,624.0,807.0,4,898.0
1.0,27.0,100.0,197.0,624.0,629.0,4,882.0
1.0,15.0,373.0,448.0,537.0,602.0,4,860.0
1.0,15.0,115.0,373.0,458.0,602.0,4,860.0
1.0,15.0,226.0,458.0,537.0,602.0,4,860.0
1.0,15.0,373.0,448.0,537.0,714.0,4,860.0
1.0,15.0,373.0,448.0,537.0,714.0,4,860.0
1.0,15.0,226.0,373.0,537.0,714.0,4,860.0
1.0,15.0,226.0,373.0,537.0,714.0,4,860.0
1.0,15.0,115.0,373.0,537.0,602.0,4,860.0
1.0,27.0,33.0,100.0,363.0,624.0,4,898.0
1.0,27.0,100.0,363.0,624.0,898.0,4,924.0
1.0,27.0,33.0,100.0,624.0,807.0,4,924.0
1.0,27.0,33.0,624.0,807.0,898.0,4,924.0
1.0,27.0,33.0,100.0,624.0,807.0,4,924.0
1.0,27.0,33.0,100.0,624.0,807.0,4,924.0
1.0,27.0,33.0,624.0,807.0,898.0,4,924.0
1.0,28.0,110.0,146.0,427.0,444.0,4,971.0
1.0,28.0,110.0,497.0,608.0,922.0,4,971.0
1.0,28.0,110.0,146.0,497.0,685.0,4,922.0
1.0,28.0,110.0,146.0,497.0,922.0,4,971.0
1.0,28.0,110.0,146.0,497.0,922.0,4,971.0
1.0,28.0,110.0,146.0,427.0,922.0,4,971.0
1.0,28.0,110.0,146.0,427.0,922.0,4,971.0
1.0,28.0,146.0,427.0,444.0,922.0,4,971.0
1.0,28.0,110.0,146.0,427.0,444.0,4,922.0
1.0,28.0,110.0,427.0,444.0,608.0,4,922.0
1.0,28.0,110.0,444.0,497.0,608.0,4,971.0
1.0,27.0,33.0,363.0,807.0,898.0,4,924.0
1.0,27.0,33.0,100.0,363.0,898.0,4,924.0
1.0,27.0,33.0,363.0,624.0,807.0,4,898.0
1.0,27.0,33.0,100.0,624.0,807.0,4,924.0
1.0,27.0,33.0,100.0,624.0,807.0,4,924.0
1.0,27.0,33.0,100.0,624.0,807.0,4,924.0
1.0,27.0,33.0,624.0,807.0,898.0,4,924.0
1.0,27.0,100.0,360.0,363.0,624.0,4,898.0
1.0,27.0,360.0,363.0,624.0,807.0,4,898.0
1.0,27.0,33.0,363.0,807.0,898.0,4,924.0
1.0,27.0,100.0,624.0,807.0,898.0,4,924.0
1.0,27.0,33.0,100.0,624.0,807.0,4,898.0
1.0,27.0,33.0,363.0,807.0,898.0,4,924.0
1.0,27.0,33.0,363.0,807.0,898.0,4,924.0
1.0,27.0,33.0,100.0,624.0,807.0,4,924.0
1.0,27.0,33.0,100.0,624.0,807.0,4,924.0
1.0,27.0,33.0,100.0,360.0,624.0,4,924.0
1.0,27.0,100.0,360.0,363.0,624.0,4,898.0
1.0,27.0,100.0,360.0,363.0,624.0,4,898.0
1.0,27.0,100.0,360.0,363.0,624.0,4,898.0
1.0,27.0,33.0,100.0,360.0,807.0,4,924.0
1.0,27.0,33.0,100.0,360.0,624.0,4,807.0
1.0,27.0,33.0,363.0,807.0,898.0,4,924.0
1.0,27.0,33.0,100.0,363.0,807.0,4,924.0
1.0,27.0,100.0,360.0,363.0,624.0,4,807.0
1.0,27.0,33.0,363.0,807.0,898.0,4,924.0
1.0,27.0,100.0,363.0,807.0,898.0,4,924.0
1.0,27.0,100.0,119.0,360.0,624.0,4,924.0
1.0,27.0,100.0,360.0,363.0,624.0,4,898.0
1.0,27.0,100.0,360.0,363.0,624.0,4,898.0
1.0,27.0,33.0,360.0,363.0,624.0,4,898.0
1.0,27.0,33.0,100.0,360.0,624.0,4,807.0
1.0,27.0,33.0,360.0,807.0,898.0,4,924.0
1.0,27.0,33.0,100.0,624.0,807.0,4,924.0
1.0,27.0,100.0,624.0,807.0,898.0,4,924.0
1.0,27.0,100.0,360.0,807.0,898.0,4,924.0
1.0,27.0,33.0,119.0,360.0,624.0,4,807.0
1.0,27.0,33.0,360.0,624.0,898.0,4,924.0
1.0,27.0,33.0,360.0,624.0,898.0,4,924.0
1.0,27.0,33.0,100.0,197.0,360.0,4,624.0
1.0,27.0,119.0,197.0,322.0,360.0,4,882.0
1.0,28.0,427.0,444.0,497.0,890.0,4,971.0
1.0,28.0,110.0,427.0,444.0,497.0,4,971.0
1.0,28.0,444.0,608.0,685.0,922.0,4,971.0
1.0,28.0,110.0,497.0,608.0,685.0,4,922.0
1.0,28.0,110.0,497.0,608.0,685.0,4,922.0
1.0,28.0,110.0,427.0,444.0,497.0,4,608.0
1.0,28.0,110.0,146.0,427.0,444.0,4,608.0
1.0,27.0,33.0,363.0,624.0,898.0,4,924.0
1.0,27.0,33.0,363.0,624.0,898.0,4,924.0
1.0,27.0,33.0,100.0,360.0,624.0,4,898.0
1.0,27.0,33.0,100.0,360.0,898.0,4,924.0
1.0,27.0,33.0,100.0,360.0,898.0,4,924.0
1.0,27.0,33.0,100.0,363.0,624.0,4,924.0
1.0,9.0,74.0,151.0,452.0,815.0,4,941.0
1.0,9.0,34.0,74.0,151.0,815.0,4,941.0
1.0,9.0,34.0,74.0,151.0,815.0,4,941.0
1.0,9.0,68.0,74.0,151.0,815.0,4,941.0
1.0,9.0,68.0,151.0,815.0,845.0,4,941.0
1.0,9.0,68.0,446.0,628.0,845.0,4,949.0
1.0,9.0,34.0,446.0,628.0,845.0,4,949.0
1.0,9.0,34.0,151.0,446.0,845.0,4,949.0
1.0,9.0,68.0,151.0,815.0,845.0,4,941.0
1.0,1.0,570.0,577.0,790.0,808.0,4,820.0
1.0,1.0,431.0,570.0,625.0,790.0,4,808.0
1.0,1.0,570.0,577.0,790.0,808.0,4,820.0
1.0,1.0,356.0,577.0,790.0,808.0,4,820.0
1.0,1.0,570.0,577.0,790.0,808.0,4,820.0
1.0,1.0,431.0,577.0,790.0,808.0,4,820.0
1.0,1.0,431.0,570.0,577.0,808.0,4,820.0
1.0,1.0,305.0,356.0,431.0,790.0,4,820.0
1.0,1.0,305.0,356.0,431.0,790.0,4,820.0
1.0,1.0,305.0,356.0,577.0,790.0,4,820.0
1.0,1.0,305.0,431.0,577.0,790.0,4,820.0
1.0,1.0,305.0,356.0,431.0,820.0,4,960.0
1.0,26.0,40.0,41.0,824.0,874.0,4,1024.0
1.0,26.0,40.0,41.0,843.0,874.0,4,948.0
1.0,26.0,454.0,582.0,634.0,843.0,4,874.0
1.0,26.0,40.0,41.0,634.0,824.0,4,874.0
1.0,26.0,40.0,41.0,824.0,843.0,4,1024.0
1.0,26.0,40.0,41.0,824.0,843.0,4,1024.0
1.0,26.0,40.0,41.0,824.0,874.0,4,1024.0
1.0,26.0,40.0,41.0,824.0,874.0,4,1024.0
1.0,26.0,40.0,41.0,634.0,874.0,4,948.0
1.0,26.0,41.0,634.0,843.0,874.0,4,948.0
1.0,26.0,40.0,41.0,634.0,843.0,4,874.0
1.0,26.0,454.0,582.0,634.0,824.0,4,948.0
1.0,27.0,33.0,363.0,807.0,898.0,4,924.0
1.0,27.0,33.0,100.0,624.0,807.0,4,924.0
1.0,27.0,100.0,360.0,363.0,898.0,4,924.0
1.0,27.0,33.0,363.0,807.0,898.0,4,924.0
1.0,27.0,33.0,100.0,624.0,807.0,4,924.0
1.0,27.0,33.0,100.0,360.0,624.0,4,807.0
1.0,27.0,100.0,119.0,360.0,363.0,4,624.0
1.0,27.0,119.0,197.0,322.0,360.0,4,882.0
1.0,27.0,33.0,363.0,807.0,898.0,4,924.0
1.0,27.0,33.0,100.0,360.0,363.0,4,624.0
1.0,27.0,100.0,363.0,624.0,898.0,4,924.0
1.0,27.0,33.0,100.0,807.0,898.0,4,924.0
1.0,27.0,33.0,100.0,363.0,807.0,4,924.0
1.0,27.0,33.0,363.0,807.0,898.0,4,924.0
1.0,27.0,33.0,363.0,807.0,898.0,4,924.0
1.0,27.0,33.0,100.0,360.0,624.0,4,807.0
1.0,15.0,226.0,537.0,714.0,719.0,4,860.0
1.0,15.0,226.0,537.0,714.0,719.0,4,860.0
1.0,15.0,448.0,537.0,602.0,719.0,4,860.0
1.0,15.0,373.0,448.0,537.0,602.0,4,719.0
1.0,15.0,226.0,373.0,714.0,719.0,4,860.0
1.0,15.0,226.0,373.0,537.0,714.0,4,860.0
1.0,15.0,373.0,537.0,602.0,714.0,4,860.0
1.0,15.0,373.0,537.0,602.0,714.0,4,860.0
1.0,30.0,121.0,598.0,705.0,953.0,4,963.0
1.0,30.0,121.0,598.0,657.0,953.0,4,963.0
1.0,30.0,121.0,335.0,389.0,657.0,4,963.0
1.0,30.0,335.0,389.0,657.0,705.0,4,963.0
1.0,30.0,121.0,335.0,657.0,953.0,4,963.0
1.0,30.0,121.0,335.0,657.0,953.0,4,963.0
1.0,30.0,121.0,657.0,705.0,953.0,4,963.0
1.0,30.0,389.0,409.0,657.0,705.0,4,953.0
1.0,30.0,95.0,389.0,409.0,598.0,4,689.0
1.0,11.0,132.0,638.0,647.0,806.0,4,968.0
1.0,11.0,94.0,132.0,173.0,806.0,4,968.0
1.0,11.0,1.0,94.0,132.0,173.0,4,925.0
1.0,11.0,1.0,94.0,132.0,274.0,4,925.0
1.0,11.0,1.0,94.0,173.0,274.0,4,925.0
1.0,11.0,1.0,173.0,638.0,647.0,4,968.0
1.0,11.0,274.0,638.0,647.0,806.0,4,968.0
1.0,11.0,274.0,638.0,647.0,806.0,4,968.0
1.0,11.0,132.0,638.0,647.0,806.0,4,968.0
1.0,11.0,1.0,94.0,132.0,274.0,4,925.0
1.0,11.0,1.0,94.0,132.0,274.0,4,968.0
1.0,11.0,94.0,274.0,638.0,806.0,4,968.0
1.0,27.0,33.0,100.0,360.0,807.0,4,924.0
1.0,27.0,33.0,100.0,119.0,360.0,4,624.0
1.0,27.0,20.0,100.0,197.0,360.0,4,882.0
1.0,27.0,20.0,197.0,322.0,360.0,4,882.0
1.0,14.0,254.0,592.0,599.0,644.0,4,855.0
1.0,14.0,48.0,518.0,592.0,695.0,4,855.0
1.0,14.0,178.0,254.0,592.0,644.0,4,855.0
1.0,14.0,48.0,163.0,254.0,644.0,4,695.0
1.0,14.0,48.0,163.0,518.0,644.0,4,695.0
1.0,14.0,48.0,254.0,592.0,644.0,4,855.0
1.0,14.0,254.0,592.0,599.0,644.0,4,855.0
1.0,14.0,254.0,518.0,592.0,599.0,4,644.0
1.0,14.0,254.0,592.0,599.0,644.0,4,855.0
1.0,14.0,48.0,254.0,592.0,644.0,4,855.0
1.0,14.0,48.0,116.0,518.0,592.0,4,1007.0
1.0,14.0,163.0,518.0,592.0,695.0,4,1007.0
1.0,14.0,254.0,592.0,599.0,644.0,4,855.0
1.0,14.0,254.0,592.0,599.0,644.0,4,1007.0
1.0,14.0,48.0,116.0,518.0,695.0,4,1007.0
1.0,14.0,48.0,518.0,592.0,695.0,4,1007.0
1.0,14.0,48.0,518.0,592.0,644.0,4,855.0
1.0,14.0,163.0,254.0,592.0,644.0,4,855.0
1.0,14.0,48.0,116.0,518.0,877.0,4,1007.0
1.0,14.0,48.0,518.0,592.0,855.0,4,1007.0
1.0,14.0,48.0,518.0,592.0,644.0,4,855.0
1.0,14.0,48.0,254.0,592.0,644.0,4,855.0
1.0,14.0,48.0,458.0,592.0,644.0,4,855.0
1.0,14.0,48.0,458.0,592.0,644.0,4,855.0
1.0,14.0,48.0,116.0,518.0,877.0,4,1007.0
1.0,14.0,48.0,254.0,592.0,609.0,4,855.0
1.0,14.0,48.0,518.0,609.0,644.0,4,1007.0
1.0,14.0,163.0,254.0,592.0,644.0,4,855.0
1.0,14.0,163.0,254.0,592.0,609.0,4,644.0
1.0,14.0,163.0,254.0,592.0,609.0,4,855.0
1.0,14.0,163.0,254.0,592.0,609.0,4,855.0
1.0,14.0,48.0,254.0,592.0,609.0,4,644.0
1.0,14.0,48.0,518.0,609.0,644.0,4,877.0
1.0,30.0,121.0,337.0,657.0,953.0,4,963.0
1.0,30.0,121.0,335.0,337.0,657.0,4,963.0
1.0,30.0,225.0,335.0,386.0,657.0,4,705.0
1.0,30.0,225.0,335.0,657.0,705.0,4,953.0
1.0,30.0,121.0,689.0,705.0,953.0,4,963.0
1.0,30.0,121.0,657.0,689.0,953.0,4,963.0
1.0,30.0,121.0,337.0,705.0,953.0,4,963.0
1.0,30.0,121.0,657.0,689.0,953.0,4,963.0
1.0,30.0,121.0,337.0,657.0,689.0,4,963.0
1.0,30.0,225.0,337.0,657.0,689.0,4,705.0
1.0,30.0,121.0,225.0,335.0,657.0,4,705.0
1.0,11.0,99.0,638.0,806.0,968.0,4,1031.0
1.0,11.0,99.0,274.0,638.0,806.0,4,968.0
1.0,11.0,99.0,590.0,806.0,968.0,4,1031.0
1.0,11.0,99.0,590.0,718.0,806.0,4,1031.0
1.0,11.0,99.0,173.0,806.0,895.0,4,1031.0
1.0,11.0,99.0,173.0,274.0,718.0,4,806.0
1.0,11.0,99.0,173.0,718.0,806.0,4,1031.0
1.0,11.0,99.0,173.0,806.0,895.0,4,1031.0
1.0,14.0,116.0,254.0,592.0,599.0,4,609.0
1.0,14.0,116.0,254.0,592.0,599.0,4,609.0
1.0,14.0,518.0,599.0,609.0,695.0,4,1007.0
1.0,14.0,48.0,518.0,644.0,695.0,4,1007.0
1.0,14.0,116.0,254.0,592.0,599.0,4,609.0
1.0,14.0,518.0,592.0,599.0,609.0,4,1007.0
1.0,14.0,48.0,518.0,644.0,695.0,4,1007.0
1.0,14.0,48.0,518.0,644.0,695.0,4,1007.0
1.0,14.0,48.0,518.0,592.0,609.0,4,1007.0
1.0,14.0,48.0,518.0,592.0,609.0,4,1007.0
1.0,14.0,48.0,518.0,644.0,695.0,4,1007.0
1.0,14.0,163.0,254.0,592.0,609.0,4,877.0
1.0,14.0,48.0,116.0,254.0,592.0,4,609.0
1.0,14.0,48.0,116.0,254.0,592.0,4,609.0
1.0,14.0,163.0,518.0,592.0,644.0,4,695.0
1.0,14.0,163.0,518.0,609.0,644.0,4,695.0
1.0,14.0,48.0,518.0,609.0,644.0,4,695.0
1.0,14.0,48.0,518.0,644.0,877.0,4,1007.0
1.0,12.0,216.0,233.0,417.0,715.0,4,983.0
1.0,12.0,216.0,233.0,417.0,715.0,4,983.0
1.0,12.0,417.0,462.0,477.0,682.0,4,903.0
1.0,12.0,233.0,417.0,556.0,682.0,4,903.0
1.0,12.0,233.0,417.0,556.0,682.0,4,903.0
1.0,12.0,233.0,556.0,903.0,969.0,4,983.0
1.0,12.0,233.0,556.0,903.0,969.0,4,983.0
1.0,17.0,47.0,262.0,708.0,730.0,4,1033.0
1.0,17.0,97.0,149.0,211.0,708.0,4,730.0
1.0,17.0,97.0,149.0,413.0,708.0,4,730.0
1.0,17.0,97.0,148.0,149.0,413.0,4,730.0
1.0,17.0,47.0,148.0,149.0,708.0,4,857.0
1.0,17.0,148.0,413.0,708.0,857.0,4,1033.0
1.0,17.0,148.0,413.0,708.0,857.0,4,1033.0
1.0,17.0,47.0,262.0,708.0,730.0,4,1033.0
1.0,17.0,97.0,149.0,413.0,730.0,4,857.0
1.0,17.0,47.0,97.0,149.0,730.0,4,857.0
1.0,17.0,47.0,97.0,149.0,708.0,4,730.0
1.0,17.0,47.0,97.0,149.0,708.0,4,730.0
1.0,1.0,570.0,577.0,790.0,808.0,4,820.0
1.0,1.0,570.0,577.0,790.0,808.0,4,820.0
1.0,1.0,305.0,431.0,790.0,878.0,4,960.0
1.0,1.0,118.0,305.0,431.0,570.0,4,790.0
1.0,1.0,570.0,577.0,790.0,808.0,4,820.0
1.0,1.0,570.0,577.0,790.0,808.0,4,820.0
1.0,1.0,118.0,305.0,431.0,790.0,4,960.0
1.0,14.0,48.0,254.0,592.0,609.0,4,1007.0
1.0,14.0,48.0,254.0,592.0,609.0,4,1007.0
1.0,14.0,518.0,609.0,644.0,855.0,4,877.0
1.0,14.0,163.0,518.0,592.0,609.0,4,644.0
1.0,14.0,48.0,518.0,592.0,609.0,4,974.0
1.0,14.0,48.0,254.0,592.0,609.0,4,1007.0
1.0,14.0,48.0,518.0,592.0,609.0,4,877.0
1.0,14.0,48.0,254.0,592.0,974.0,4,1007.0
1.0,14.0,48.0,254.0,592.0,609.0,4,877.0
1.0,14.0,48.0,254.0,592.0,609.0,4,877.0
1.0,14.0,163.0,254.0,592.0,609.0,4,644.0
1.0,14.0,48.0,254.0,592.0,609.0,4,1007.0
1.0,14.0,48.0,254.0,592.0,609.0,4,855.0
1.0,14.0,163.0,254.0,592.0,609.0,4,855.0
1.0,14.0,48.0,254.0,592.0,609.0,4,1007.0
1.0,14.0,48.0,254.0,592.0,609.0,4,1007.0
1.0,14.0,163.0,254.0,592.0,609.0,4,1007.0
1.0,14.0,163.0,254.0,592.0,609.0,4,644.0
1.0,14.0,163.0,518.0,644.0,855.0,4,877.0
1.0,33.0,45.0,255.0,445.0,789.0,4,853.0
1.0,33.0,45.0,449.0,607.0,692.0,4,853.0
1.0,33.0,45.0,125.0,449.0,607.0,4,692.0
1.0,33.0,45.0,125.0,255.0,449.0,4,789.0
1.0,33.0,45.0,125.0,255.0,449.0,4,789.0
1.0,33.0,45.0,125.0,255.0,445.0,4,789.0
1.0,33.0,45.0,255.0,360.0,607.0,4,789.0
1.0,33.0,45.0,255.0,445.0,789.0,4,853.0
1.0,33.0,255.0,607.0,692.0,789.0,4,853.0
1.0,33.0,45.0,449.0,607.0,692.0,4,853.0
1.0,33.0,45.0,255.0,445.0,789.0,4,853.0
1.0,33.0,45.0,255.0,445.0,789.0,4,853.0
1.0,33.0,45.0,255.0,445.0,789.0,4,853.0
1.0,33.0,125.0,360.0,607.0,733.0,4,854.0
1.0,14.0,48.0,254.0,592.0,609.0,4,1007.0
1.0,14.0,163.0,254.0,592.0,609.0,4,1007.0
1.0,14.0,163.0,254.0,592.0,609.0,4,1007.0
1.0,14.0,518.0,609.0,644.0,855.0,4,877.0
1.0,14.0,48.0,254.0,592.0,609.0,4,1007.0
1.0,14.0,254.0,592.0,609.0,855.0,4,1007.0
1.0,14.0,163.0,518.0,592.0,644.0,4,877.0
1.0,14.0,163.0,518.0,592.0,644.0,4,877.0
1.0,14.0,48.0,518.0,592.0,644.0,4,877.0
1.0,14.0,48.0,518.0,592.0,609.0,4,877.0
1.0,14.0,48.0,254.0,592.0,609.0,4,1007.0
1.0,18.0,14.0,65.0,181.0,365.0,4,886.0
1.0,18.0,65.0,181.0,191.0,365.0,4,886.0
1.0,18.0,65.0,181.0,191.0,365.0,4,886.0
1.0,18.0,14.0,678.0,812.0,866.0,4,886.0
1.0,18.0,65.0,181.0,191.0,365.0,4,704.0
1.0,18.0,65.0,181.0,191.0,365.0,4,704.0
1.0,18.0,14.0,166.0,812.0,866.0,4,886.0
1.0,18.0,166.0,181.0,191.0,351.0,4,812.0
1.0,14.0,48.0,254.0,592.0,609.0,4,644.0
1.0,14.0,518.0,592.0,855.0,974.0,4,1007.0
1.0,14.0,518.0,609.0,855.0,877.0,4,1007.0
1.0,14.0,518.0,592.0,855.0,877.0,4,1007.0
1.0,14.0,48.0,254.0,592.0,609.0,4,644.0
1.0,14.0,48.0,254.0,592.0,609.0,4,644.0
1.0,14.0,518.0,592.0,609.0,855.0,4,974.0
1.0,14.0,518.0,855.0,877.0,974.0,4,1007.0
1.0,14.0,518.0,855.0,877.0,974.0,4,1007.0
1.0,14.0,518.0,855.0,877.0,974.0,4,1007.0
1.0,14.0,518.0,592.0,855.0,877.0,4,1007.0
1.0,14.0,254.0,592.0,609.0,644.0,4,855.0
1.0,14.0,48.0,254.0,592.0,609.0,4,644.0
1.0,14.0,48.0,254.0,592.0,609.0,4,644.0
1.0,14.0,48.0,518.0,592.0,609.0,4,644.0
1.0,14.0,163.0,518.0,877.0,974.0,4,1007.0
1.0,14.0,48.0,254.0,592.0,609.0,4,644.0
1.0,14.0,48.0,254.0,592.0,609.0,4,644.0
1.0,14.0,163.0,518.0,592.0,877.0,4,1007.0
1.0,14.0,163.0,518.0,592.0,877.0,4,1007.0
1.0,14.0,48.0,458.0,592.0,877.0,4,1007.0
1.0,14.0,48.0,458.0,644.0,877.0,4,1007.0
1.0,14.0,48.0,458.0,644.0,877.0,4,1007.0
1.0,14.0,458.0,855.0,877.0,974.0,4,1007.0
1.0,4.0,3.0,46.0,158.0,646.0,4,992.0
1.0,4.0,3.0,46.0,81.0,158.0,4,992.0
1.0,4.0,3.0,46.0,81.0,158.0,4,992.0
1.0,4.0,46.0,81.0,85.0,589.0,4,992.0
1.0,4.0,81.0,85.0,494.0,589.0,4,646.0
1.0,4.0,3.0,46.0,158.0,589.0,4,646.0
1.0,4.0,81.0,85.0,589.0,646.0,4,992.0
1.0,6.0,35.0,265.0,390.0,616.0,4,623.0
1.0,6.0,35.0,290.0,616.0,623.0,4,876.0
1.0,6.0,35.0,265.0,390.0,616.0,4,623.0
1.0,6.0,35.0,265.0,616.0,876.0,4,1039.0
1.0,26.0,40.0,41.0,601.0,874.0,4,1024.0
1.0,26.0,41.0,582.0,843.0,874.0,4,1024.0
1.0,26.0,40.0,41.0,601.0,874.0,4,1024.0
1.0,26.0,40.0,41.0,824.0,874.0,4,1024.0
1.0,26.0,41.0,454.0,601.0,843.0,4,948.0
1.0,26.0,41.0,454.0,601.0,843.0,4,948.0
1.0,26.0,40.0,41.0,601.0,874.0,4,1024.0
1.0,26.0,40.0,41.0,874.0,948.0,4,1024.0
1.0,23.0,234.0,440.0,740.0,798.0,4,1036.0
1.0,23.0,234.0,307.0,440.0,740.0,4,798.0
1.0,23.0,307.0,340.0,418.0,798.0,4,1036.0
1.0,23.0,234.0,418.0,740.0,798.0,4,1036.0
1.0,23.0,234.0,307.0,418.0,655.0,4,798.0
1.0,23.0,234.0,418.0,440.0,655.0,4,798.0
1.0,23.0,234.0,418.0,440.0,655.0,4,798.0
1.0,23.0,418.0,440.0,655.0,740.0,4,798.0
1.0,23.0,234.0,418.0,440.0,740.0,4,798.0
1.0,14.0,48.0,254.0,592.0,609.0,4,974.0
1.0,14.0,518.0,592.0,599.0,609.0,4,1007.0
1.0,14.0,48.0,518.0,855.0,877.0,4,1007.0
1.0,14.0,254.0,592.0,599.0,609.0,4,974.0
1.0,14.0,48.0,254.0,592.0,609.0,4,974.0
1.0,14.0,254.0,518.0,592.0,599.0,4,609.0
1.0,14.0,48.0,254.0,592.0,609.0,4,974.0
1.0,14.0,458.0,518.0,599.0,609.0,4,974.0
1.0,14.0,518.0,592.0,599.0,609.0,4,974.0
1.0,14.0,48.0,254.0,592.0,609.0,4,644.0
1.0,14.0,48.0,254.0,592.0,609.0,4,974.0
1.0,14.0,254.0,592.0,599.0,609.0,4,644.0
1.0,14.0,458.0,518.0,592.0,609.0,4,855.0
1.0,14.0,48.0,254.0,592.0,644.0,4,855.0
1.0,14.0,48.0,254.0,592.0,855.0,4,974.0
1.0,14.0,48.0,458.0,518.0,855.0,4,974.0
1.0,14.0,458.0,518.0,599.0,855.0,4,974.0
1.0,14.0,458.0,518.0,599.0,855.0,4,974.0
1.0,14.0,458.0,518.0,599.0,644.0,4,974.0
1.0,14.0,48.0,254.0,458.0,592.0,4,644.0
1.0,14.0,48.0,254.0,592.0,644.0,4,855.0
1.0,14.0,48.0,254.0,592.0,644.0,4,855.0
1.0,14.0,48.0,518.0,592.0,644.0,4,855.0
1.0,14.0,48.0,254.0,592.0,644.0,4,855.0
1.0,14.0,178.0,458.0,518.0,599.0,4,974.0
1.0,14.0,178.0,458.0,518.0,599.0,4,974.0
1.0,14.0,48.0,254.0,592.0,609.0,4,644.0
1.0,14.0,48.0,254.0,592.0,609.0,4,644.0
1.0,14.0,48.0,518.0,592.0,609.0,4,974.0
1.0,14.0,518.0,592.0,599.0,609.0,4,974.0
1.0,14.0,458.0,518.0,599.0,855.0,4,974.0
1.0,14.0,48.0,254.0,592.0,609.0,4,644.0
1.0,14.0,48.0,254.0,592.0,609.0,4,644.0
1.0,14.0,48.0,254.0,592.0,609.0,4,644.0
1.0,14.0,48.0,254.0,592.0,609.0,4,644.0
1.0,14.0,48.0,254.0,592.0,609.0,4,644.0
1.0,14.0,48.0,254.0,592.0,609.0,4,644.0
1.0,14.0,48.0,254.0,592.0,609.0,4,644.0
1.0,15.0,226.0,373.0,714.0,719.0,4,860.0
1.0,15.0,373.0,714.0,719.0,786.0,4,860.0
1.0,15.0,226.0,714.0,719.0,786.0,4,860.0
1.0,15.0,226.0,373.0,714.0,719.0,4,860.0
1.0,15.0,226.0,373.0,714.0,719.0,4,860.0
1.0,15.0,373.0,714.0,719.0,786.0,4,860.0
1.0,15.0,38.0,226.0,373.0,537.0,4,714.0
1.0,14.0,48.0,254.0,592.0,609.0,4,644.0
1.0,14.0,48.0,518.0,592.0,609.0,4,974.0
1.0,14.0,458.0,518.0,599.0,609.0,4,974.0
1.0,14.0,48.0,254.0,592.0,644.0,4,855.0
1.0,14.0,48.0,254.0,592.0,644.0,4,855.0
1.0,14.0,48.0,178.0,254.0,644.0,4,855.0
1.0,14.0,48.0,254.0,592.0,609.0,4,644.0
1.0,14.0,48.0,518.0,592.0,609.0,4,974.0
1.0,14.0,178.0,518.0,599.0,609.0,4,974.0
1.0,14.0,518.0,592.0,599.0,644.0,4,855.0
1.0,14.0,48.0,254.0,592.0,644.0,4,855.0
1.0,14.0,254.0,592.0,599.0,609.0,4,644.0
1.0,14.0,518.0,592.0,599.0,855.0,4,974.0
1.0,14.0,458.0,518.0,599.0,644.0,4,974.0
1.0,30.0,389.0,657.0,705.0,953.0,4,963.0
1.0,30.0,113.0,705.0,839.0,953.0,4,963.0
1.0,30.0,657.0,705.0,839.0,953.0,4,963.0
1.0,30.0,121.0,657.0,705.0,953.0,4,963.0
1.0,30.0,113.0,121.0,389.0,953.0,4,963.0
1.0,30.0,113.0,121.0,389.0,409.0,4,953.0
1.0,30.0,113.0,389.0,657.0,953.0,4,963.0
1.0,30.0,113.0,389.0,705.0,953.0,4,963.0
1.0,30.0,113.0,389.0,705.0,953.0,4,963.0
1.0,7.0,246.0,277.0,455.0,530.0,4,973.0
1.0,7.0,246.0,277.0,455.0,530.0,4,973.0
1.0,7.0,106.0,267.0,277.0,455.0,4,530.0
1.0,7.0,106.0,267.0,325.0,455.0,4,530.0
1.0,7.0,277.0,306.0,325.0,396.0,4,530.0
1.0,7.0,246.0,267.0,277.0,455.0,4,530.0
1.0,7.0,106.0,246.0,306.0,455.0,4,973.0
1.0,7.0,267.0,277.0,306.0,325.0,4,530.0
1.0,7.0,267.0,277.0,306.0,325.0,4,530.0
1.0,7.0,267.0,277.0,306.0,325.0,4,530.0
1.0,7.0,106.0,325.0,455.0,530.0,4,973.0
1.0,7.0,267.0,277.0,306.0,325.0,4,530.0
1.0,7.0,267.0,277.0,325.0,455.0,4,530.0
1.0,14.0,254.0,592.0,599.0,609.0,4,644.0
1.0,14.0,254.0,592.0,599.0,609.0,4,644.0
1.0,14.0,518.0,592.0,599.0,609.0,4,877.0
1.0,14.0,254.0,592.0,599.0,609.0,4,877.0
1.0,14.0,254.0,592.0,599.0,609.0,4,644.0
1.0,14.0,254.0,592.0,599.0,609.0,4,644.0
1.0,14.0,518.0,592.0,609.0,855.0,4,877.0
1.0,14.0,518.0,592.0,609.0,855.0,4,877.0
1.0,14.0,254.0,592.0,609.0,644.0,4,855.0
1.0,14.0,254.0,592.0,599.0,609.0,4,644.0
1.0,14.0,254.0,592.0,599.0,609.0,4,644.0
1.0,14.0,518.0,592.0,855.0,877.0,4,1007.0
1.0,14.0,518.0,599.0,855.0,877.0,4,1007.0
1.0,14.0,254.0,272.0,458.0,592.0,4,855.0
1.0,14.0,254.0,592.0,599.0,609.0,4,1007.0
1.0,14.0,254.0,592.0,599.0,609.0,4,855.0
1.0,14.0,518.0,592.0,609.0,855.0,4,877.0
1.0,14.0,518.0,592.0,599.0,609.0,4,877.0
1.0,14.0,518.0,592.0,599.0,609.0,4,877.0
1.0,9.0,68.0,151.0,815.0,828.0,4,941.0
1.0,9.0,68.0,151.0,452.0,828.0,4,941.0
1.0,9.0,68.0,151.0,452.0,828.0,4,941.0
1.0,9.0,68.0,74.0,151.0,446.0,4,452.0
1.0,9.0,74.0,151.0,446.0,452.0,4,815.0
1.0,9.0,34.0,815.0,828.0,845.0,4,941.0
1.0,9.0,34.0,815.0,828.0,845.0,4,941.0
1.0,9.0,68.0,74.0,151.0,452.0,4,941.0
1.0,9.0,34.0,446.0,452.0,828.0,4,845.0
1.0,9.0,68.0,151.0,815.0,828.0,4,941.0
1.0,9.0,68.0,151.0,815.0,828.0,4,941.0
1.0,32.0,135.0,155.0,450.0,538.0,4,816.0
1.0,32.0,44.0,135.0,450.0,538.0,4,816.0
1.0,32.0,44.0,61.0,135.0,155.0,4,524.0
1.0,34.0,36.0,55.0,137.0,753.0,4,847.0
1.0,34.0,36.0,137.0,753.0,766.0,4,847.0
1.0,34.0,36.0,55.0,753.0,766.0,4,847.0
1.0,34.0,36.0,278.0,753.0,766.0,4,847.0
1.0,34.0,36.0,278.0,753.0,766.0,4,847.0
1.0,0.0,13.0,493.0,527.0,535.0,4,991.0
1.0,0.0,13.0,59.0,527.0,686.0,4,1037.0
1.0,0.0,13.0,59.0,493.0,676.0,4,686.0
1.0,0.0,13.0,59.0,493.0,535.0,4,686.0
1.0,0.0,13.0,59.0,493.0,527.0,4,535.0
1.0,0.0,13.0,493.0,527.0,686.0,4,991.0
1.0,0.0,493.0,527.0,535.0,686.0,4,991.0
1.0,25.0,294.0,380.0,421.0,695.0,4,814.0
1.0,25.0,116.0,294.0,380.0,421.0,4,695.0
1.0,25.0,8.0,380.0,561.0,586.0,4,814.0
1.0,25.0,8.0,116.0,421.0,695.0,4,814.0
1.0,25.0,8.0,116.0,421.0,561.0,4,814.0
1.0,25.0,116.0,398.0,421.0,561.0,4,814.0
1.0,25.0,294.0,380.0,561.0,586.0,4,814.0
1.0,25.0,294.0,380.0,561.0,586.0,4,814.0
1.0,16.0,285.0,296.0,457.0,677.0,4,902.0
1.0,16.0,296.0,298.0,664.0,832.0,4,902.0
1.0,16.0,296.0,457.0,677.0,832.0,4,902.0
1.0,16.0,296.0,457.0,677.0,832.0,4,902.0
1.0,16.0,285.0,296.0,664.0,832.0,4,902.0
1.0,16.0,285.0,296.0,664.0,677.0,4,902.0
1.0,18.0,14.0,181.0,812.0,866.0,4,886.0
1.0,18.0,14.0,65.0,681.0,811.0,4,812.0
1.0,18.0,65.0,181.0,191.0,681.0,4,811.0
1.0,18.0,14.0,191.0,365.0,681.0,4,811.0
1.0,18.0,14.0,681.0,812.0,866.0,4,886.0
1.0,18.0,65.0,181.0,191.0,811.0,4,812.0
1.0,18.0,65.0,181.0,191.0,351.0,4,886.0
1.0,18.0,181.0,191.0,351.0,704.0,4,811.0
1.0,14.0,254.0,592.0,609.0,786.0,4,1007.0
1.0,14.0,254.0,592.0,609.0,786.0,4,1007.0
1.0,14.0,518.0,592.0,609.0,644.0,4,786.0
1.0,14.0,518.0,609.0,644.0,855.0,4,877.0
1.0,14.0,518.0,644.0,855.0,877.0,4,1007.0
1.0,14.0,254.0,592.0,609.0,786.0,4,1007.0
1.0,14.0,254.0,592.0,609.0,786.0,4,1007.0
1.0,14.0,254.0,592.0,609.0,786.0,4,1007.0
1.0,14.0,518.0,592.0,609.0,644.0,4,786.0
1.0,14.0,518.0,644.0,855.0,877.0,4,1007.0
1.0,14.0,178.0,272.0,644.0,855.0,4,877.0
1.0,13.0,15.0,192.0,210.0,803.0,4,956.0
1.0,13.0,15.0,182.0,210.0,803.0,4,956.0
1.0,13.0,15.0,182.0,210.0,803.0,4,956.0
1.0,13.0,15.0,114.0,182.0,192.0,4,532.0
1.0,13.0,15.0,192.0,210.0,803.0,4,956.0
1.0,13.0,15.0,192.0,210.0,803.0,4,956.0
1.0,13.0,15.0,192.0,210.0,803.0,4,956.0
1.0,14.0,518.0,644.0,786.0,855.0,4,877.0
1.0,14.0,518.0,592.0,609.0,855.0,4,877.0
1.0,14.0,518.0,592.0,609.0,855.0,4,877.0
1.0,14.0,518.0,592.0,786.0,855.0,4,877.0
1.0,14.0,254.0,592.0,609.0,786.0,4,877.0
1.0,14.0,254.0,592.0,609.0,786.0,4,877.0
1.0,14.0,254.0,592.0,609.0,786.0,4,877.0
1.0,14.0,518.0,592.0,609.0,786.0,4,877.0
1.0,14.0,518.0,592.0,644.0,855.0,4,877.0
1.0,14.0,518.0,592.0,609.0,786.0,4,877.0
1.0,14.0,518.0,592.0,609.0,786.0,4,877.0
1.0,14.0,254.0,592.0,609.0,644.0,4,786.0
1.0,14.0,518.0,609.0,786.0,855.0,4,877.0
1.0,14.0,518.0,609.0,786.0,855.0,4,877.0
1.0,14.0,518.0,592.0,786.0,855.0,4,877.0
1.0,14.0,272.0,518.0,592.0,855.0,4,877.0
1.0,14.0,254.0,592.0,609.0,644.0,4,786.0
1.0,14.0,518.0,644.0,786.0,855.0,4,877.0
1.0,14.0,518.0,592.0,609.0,855.0,4,877.0
1.0,14.0,518.0,592.0,609.0,855.0,4,877.0
1.0,14.0,518.0,592.0,609.0,855.0,4,877.0
1.0,28.0,110.0,146.0,427.0,444.0,4,971.0
1.0,28.0,427.0,444.0,497.0,971.0,4,1008.0
1.0,28.0,110.0,444.0,608.0,971.0,4,1008.0
1.0,28.0,110.0,444.0,608.0,922.0,4,971.0
1.0,28.0,110.0,444.0,608.0,922.0,4,971.0
1.0,28.0,110.0,608.0,685.0,922.0,4,971.0
1.0,28.0,110.0,444.0,497.0,685.0,4,971.0
1.0,28.0,427.0,444.0,497.0,685.0,4,971.0
1.0,28.0,427.0,444.0,497.0,685.0,4,971.0
1.0,28.0,427.0,444.0,497.0,608.0,4,922.0
1.0,28.0,110.0,427.0,608.0,922.0,4,971.0
1.0,28.0,110.0,427.0,444.0,608.0,4,971.0
1.0,14.0,254.0,592.0,609.0,644.0,4,786.0
1.0,14.0,254.0,592.0,609.0,644.0,4,786.0
1.0,14.0,518.0,592.0,609.0,786.0,4,877.0
1.0,14.0,254.0,592.0,609.0,786.0,4,877.0
1.0,14.0,518.0,592.0,644.0,855.0,4,877.0
1.0,14.0,518.0,592.0,609.0,786.0,4,877.0
1.0,29.0,86.0,103.0,580.0,700.0,4,725.0
1.0,29.0,86.0,103.0,505.0,580.0,4,700.0
1.0,29.0,86.0,505.0,580.0,725.0,4,914.0
1.0,29.0,86.0,505.0,580.0,905.0,4,914.0
1.0,29.0,59.0,505.0,580.0,905.0,4,914.0
1.0,29.0,59.0,103.0,338.0,505.0,4,700.0
1.0,29.0,86.0,103.0,580.0,700.0,4,725.0
1.0,14.0,254.0,592.0,609.0,786.0,4,1007.0
1.0,14.0,254.0,592.0,609.0,644.0,4,786.0
1.0,14.0,518.0,592.0,786.0,855.0,4,877.0
1.0,14.0,518.0,609.0,855.0,877.0,4,1007.0
1.0,14.0,254.0,592.0,609.0,644.0,4,786.0
1.0,14.0,254.0,592.0,609.0,786.0,4,1007.0
1.0,14.0,254.0,592.0,609.0,644.0,4,786.0
1.0,14.0,254.0,592.0,609.0,644.0,4,786.0
1.0,14.0,518.0,592.0,644.0,786.0,4,855.0
1.0,14.0,518.0,609.0,644.0,855.0,4,877.0
1.0,14.0,518.0,609.0,855.0,877.0,4,1007.0
1.0,14.0,254.0,592.0,609.0,786.0,4,1007.0
1.0,14.0,254.0,592.0,609.0,786.0,4,1007.0
1.0,14.0,518.0,592.0,609.0,644.0,4,786.0
1.0,14.0,254.0,592.0,609.0,786.0,4,1007.0
1.0,14.0,254.0,592.0,609.0,786.0,4,1007.0
1.0,14.0,254.0,592.0,609.0,644.0,4,786.0
1.0,14.0,518.0,609.0,855.0,877.0,4,1007.0
1.0,14.0,254.0,592.0,609.0,786.0,4,877.0
1.0,14.0,254.0,592.0,609.0,786.0,4,1007.0
1.0,14.0,518.0,592.0,609.0,786.0,4,877.0
1.0,14.0,518.0,592.0,609.0,855.0,4,877.0
1.0,14.0,178.0,518.0,592.0,644.0,4,855.0
1.0,14.0,178.0,254.0,592.0,644.0,4,786.0
1.0,14.0,254.0,592.0,609.0,644.0,4,786.0
1.0,14.0,254.0,592.0,609.0,786.0,4,1007.0
1.0,14.0,254.0,592.0,609.0,786.0,4,1007.0
1.0,14.0,518.0,592.0,609.0,644.0,4,855.0
1.0,14.0,518.0,592.0,644.0,855.0,4,877.0
1.0,11.0,274.0,638.0,806.0,895.0,4,968.0
1.0,11.0,173.0,274.0,806.0,895.0,4,968.0
1.0,11.0,94.0,173.0,647.0,717.0,4,895.0
1.0,11.0,94.0,173.0,647.0,717.0,4,895.0
1.0,11.0,173.0,638.0,806.0,895.0,4,968.0
1.0,11.0,94.0,173.0,806.0,895.0,4,968.0
1.0,11.0,94.0,638.0,806.0,895.0,4,968.0
1.0,11.0,94.0,638.0,806.0,895.0,4,968.0
1.0,7.0,106.0,455.0,483.0,653.0,4,991.0
1.0,7.0,106.0,263.0,277.0,455.0,4,991.0
1.0,7.0,263.0,277.0,455.0,653.0,4,991.0
1.0,7.0,263.0,277.0,455.0,653.0,4,991.0
1.0,7.0,263.0,277.0,455.0,530.0,4,653.0
1.0,7.0,277.0,451.0,455.0,483.0,4,530.0
1.0,33.0,692.0,698.0,789.0,853.0,4,854.0
1.0,33.0,255.0,601.0,692.0,698.0,4,789.0
1.0,33.0,45.0,125.0,134.0,255.0,4,601.0
1.0,33.0,45.0,125.0,134.0,255.0,4,853.0
1.0,33.0,45.0,134.0,255.0,698.0,4,853.0
1.0,33.0,45.0,255.0,601.0,692.0,4,698.0
1.0,33.0,45.0,134.0,255.0,698.0,4,853.0
1.0,14.0,254.0,592.0,609.0,855.0,4,1007.0
1.0,14.0,518.0,592.0,609.0,855.0,4,1007.0
1.0,14.0,272.0,518.0,644.0,877.0,4,1007.0
1.0,14.0,254.0,592.0,609.0,855.0,4,1007.0
1.0,14.0,254.0,592.0,609.0,855.0,4,1007.0
1.0,14.0,254.0,592.0,609.0,644.0,4,855.0
1.0,14.0,518.0,592.0,609.0,855.0,4,1007.0
1.0,14.0,272.0,518.0,592.0,609.0,4,1007.0
1.0,14.0,272.0,518.0,644.0,877.0,4,1007.0
1.0,14.0,272.0,518.0,644.0,877.0,4,1007.0
1.0,14.0,272.0,518.0,592.0,644.0,4,877.0
1.0,14.0,272.0,518.0,592.0,609.0,4,877.0
1.0,14.0,254.0,592.0,609.0,855.0,4,877.0
1.0,14.0,272.0,518.0,609.0,644.0,4,877.0
1.0,14.0,254.0,609.0,644.0,877.0,4,1007.0
1.0,14.0,254.0,592.0,609.0,855.0,4,1007.0
1.0,14.0,254.0,272.0,592.0,609.0,4,1007.0
1.0,14.0,518.0,609.0,855.0,877.0,4,1007.0
1.0,14.0,254.0,592.0,609.0,855.0,4,877.0
1.0,14.0,254.0,592.0,609.0,855.0,4,877.0
1.0,14.0,254.0,592.0,609.0,855.0,4,1007.0
1.0,14.0,254.0,592.0,609.0,855.0,4,1007.0
1.0,14.0,163.0,518.0,592.0,644.0,4,877.0
1.0,14.0,518.0,592.0,609.0,855.0,4,877.0
1.0,14.0,254.0,592.0,609.0,855.0,4,1007.0
1.0,14.0,518.0,609.0,644.0,855.0,4,877.0
1.0,14.0,163.0,518.0,609.0,644.0,4,877.0
1.0,14.0,518.0,592.0,644.0,855.0,4,877.0
1.0,14.0,254.0,592.0,609.0,855.0,4,1007.0
1.0,14.0,272.0,518.0,592.0,644.0,4,877.0
1.0,14.0,254.0,592.0,609.0,644.0,4,855.0
1.0,14.0,518.0,592.0,609.0,644.0,4,855.0
1.0,14.0,518.0,592.0,644.0,786.0,4,877.0
1.0,14.0,254.0,592.0,609.0,786.0,4,1007.0
1.0,14.0,254.0,609.0,786.0,877.0,4,1007.0
1.0,14.0,254.0,592.0,609.0,786.0,4,1007.0
1.0,14.0,518.0,592.0,609.0,644.0,4,855.0
1.0,14.0,518.0,592.0,609.0,644.0,4,855.0
1.0,14.0,518.0,592.0,644.0,855.0,4,877.0
1.0,14.0,518.0,592.0,644.0,855.0,4,877.0
1.0,14.0,518.0,592.0,644.0,855.0,4,877.0
1.0,14.0,254.0,592.0,609.0,786.0,4,1007.0
1.0,14.0,254.0,592.0,609.0,786.0,4,877.0
1.0,14.0,254.0,592.0,609.0,786.0,4,1007.0
1.0,14.0,254.0,592.0,609.0,786.0,4,1007.0
1.0,14.0,254.0,592.0,609.0,786.0,4,1007.0
1.0,14.0,518.0,592.0,609.0,786.0,4,877.0
1.0,14.0,518.0,592.0,609.0,855.0,4,877.0
1.0,14.0,390.0,518.0,609.0,855.0,4,877.0
1.0,14.0,518.0,609.0,644.0,855.0,4,877.0
1.0,14.0,518.0,592.0,609.0,786.0,4,877.0
1.0,29.0,59.0,580.0,700.0,725.0,4,914.0
1.0,29.0,338.0,580.0,700.0,725.0,4,914.0
1.0,29.0,338.0,700.0,725.0,800.0,4,905.0
1.0,29.0,338.0,505.0,580.0,725.0,4,905.0
1.0,29.0,338.0,505.0,725.0,800.0,4,905.0
1.0,29.0,59.0,505.0,800.0,905.0,4,914.0
1.0,29.0,59.0,505.0,800.0,905.0,4,914.0
1.0,28.0,110.0,146.0,427.0,608.0,4,922.0
1.0,28.0,427.0,444.0,804.0,890.0,4,971.0
1.0,28.0,110.0,146.0,427.0,444.0,4,608.0
1.0,28.0,110.0,146.0,427.0,444.0,4,608.0
1.0,28.0,110.0,146.0,427.0,608.0,4,922.0
1.0,28.0,110.0,146.0,427.0,444.0,4,608.0
1.0,28.0,110.0,146.0,444.0,608.0,4,971.0
1.0,13.0,15.0,192.0,315.0,907.0,4,956.0
1.0,13.0,15.0,532.0,672.0,751.0,4,907.0
1.0,14.0,254.0,592.0,609.0,786.0,4,1007.0
1.0,14.0,254.0,592.0,609.0,786.0,4,1007.0
1.0,14.0,518.0,592.0,609.0,644.0,4,786.0
1.0,14.0,518.0,592.0,609.0,644.0,4,786.0
1.0,14.0,518.0,609.0,644.0,855.0,4,877.0
1.0,14.0,518.0,592.0,644.0,786.0,4,877.0
1.0,14.0,254.0,592.0,609.0,786.0,4,1007.0
1.0,14.0,254.0,592.0,609.0,786.0,4,1007.0
1.0,14.0,518.0,592.0,609.0,855.0,4,877.0
1.0,14.0,518.0,592.0,609.0,855.0,4,877.0
1.0,14.0,518.0,592.0,609.0,644.0,4,855.0
1.0,14.0,518.0,592.0,609.0,644.0,4,786.0
1.0,14.0,254.0,592.0,609.0,786.0,4,877.0
1.0,14.0,254.0,592.0,609.0,786.0,4,1007.0
1.0,14.0,254.0,592.0,609.0,786.0,4,1007.0
1.0,14.0,518.0,592.0,609.0,644.0,4,786.0
1.0,14.0,518.0,592.0,644.0,786.0,4,877.0
1.0,14.0,518.0,609.0,644.0,855.0,4,877.0
1.0,14.0,518.0,609.0,644.0,855.0,4,877.0
1.0,14.0,254.0,592.0,609.0,786.0,4,1007.0
1.0,14.0,518.0,644.0,786.0,855.0,4,877.0
1.0,14.0,518.0,644.0,786.0,855.0,4,877.0
1.0,14.0,272.0,518.0,609.0,644.0,4,877.0
1.0,14.0,254.0,592.0,609.0,786.0,4,1007.0
1.0,14.0,254.0,592.0,609.0,786.0,4,1007.0
1.0,14.0,518.0,592.0,609.0,855.0,4,1007.0
1.0,33.0,45.0,134.0,255.0,698.0,4,853.0
1.0,33.0,45.0,134.0,255.0,360.0,4,698.0
1.0,33.0,45.0,134.0,255.0,698.0,4,853.0
1.0,33.0,134.0,449.0,692.0,698.0,4,853.0
1.0,33.0,45.0,255.0,445.0,692.0,4,789.0
1.0,33.0,45.0,255.0,445.0,692.0,4,789.0
1.0,33.0,45.0,125.0,134.0,255.0,4,698.0
1.0,33.0,45.0,125.0,134.0,255.0,4,698.0
1.0,33.0,45.0,134.0,255.0,698.0,4,853.0
1.0,33.0,134.0,449.0,692.0,733.0,4,789.0
1.0,33.0,255.0,692.0,698.0,733.0,4,789.0
1.0,33.0,45.0,255.0,692.0,698.0,4,789.0
1.0,33.0,134.0,255.0,360.0,789.0,4,853.0
1.0,33.0,45.0,134.0,255.0,698.0,4,853.0
1.0,33.0,45.0,134.0,255.0,692.0,4,698.0
1.0,33.0,45.0,134.0,255.0,789.0,4,853.0
1.0,33.0,45.0,134.0,255.0,698.0,4,853.0
1.0,33.0,45.0,134.0,445.0,449.0,4,853.0
1.0,33.0,125.0,255.0,360.0,445.0,4,789.0
1.0,33.0,125.0,255.0,360.0,698.0,4,789.0
1.0,33.0,45.0,134.0,255.0,360.0,4,698.0
1.0,33.0,45.0,134.0,255.0,360.0,4,698.0
1.0,33.0,45.0,134.0,255.0,698.0,4,853.0
1.0,33.0,45.0,134.0,445.0,449.0,4,853.0
1.0,33.0,45.0,445.0,449.0,789.0,4,853.0
1.0,33.0,45.0,445.0,449.0,789.0,4,853.0
1.0,33.0,125.0,445.0,449.0,789.0,4,853.0
1.0,33.0,45.0,255.0,360.0,698.0,4,789.0
1.0,33.0,45.0,134.0,255.0,360.0,4,789.0
1.0,33.0,45.0,134.0,255.0,360.0,4,789.0
1.0,33.0,125.0,445.0,733.0,789.0,4,854.0
1.0,33.0,45.0,134.0,255.0,698.0,4,853.0
1.0,33.0,45.0,134.0,255.0,698.0,4,853.0
1.0,33.0,45.0,134.0,449.0,789.0,4,853.0
1.0,33.0,255.0,360.0,445.0,692.0,4,789.0
1.0,33.0,255.0,360.0,445.0,692.0,4,789.0
1.0,33.0,255.0,360.0,692.0,698.0,4,789.0
1.0,33.0,45.0,134.0,255.0,360.0,4,698.0
1.0,33.0,45.0,134.0,255.0,360.0,4,698.0
1.0,33.0,45.0,134.0,449.0,692.0,4,853.0
1.0,33.0,45.0,255.0,360.0,692.0,4,789.0
1.0,33.0,134.0,255.0,360.0,692.0,4,789.0
1.0,33.0,45.0,134.0,255.0,360.0,4,789.0
1.0,33.0,125.0,360.0,445.0,789.0,4,854.0
1.0,32.0,61.0,155.0,420.0,816.0,4,933.0
1.0,32.0,61.0,155.0,420.0,816.0,4,933.0
1.0,32.0,44.0,135.0,450.0,524.0,4,595.0
1.0,32.0,135.0,420.0,450.0,595.0,4,933.0
1.0,32.0,61.0,155.0,420.0,816.0,4,933.0
1.0,32.0,61.0,155.0,420.0,595.0,4,933.0
1.0,32.0,44.0,135.0,450.0,524.0,4,595.0
1.0,32.0,44.0,135.0,450.0,524.0,4,595.0
1.0,32.0,135.0,155.0,420.0,524.0,4,595.0
1.0,32.0,61.0,155.0,420.0,595.0,4,933.0
1.0,6.0,213.0,290.0,623.0,876.0,4,1039.0
1.0,6.0,213.0,265.0,390.0,876.0,4,1039.0
1.0,6.0,213.0,265.0,290.0,390.0,4,623.0
1.0,6.0,213.0,290.0,390.0,623.0,4,876.0
1.0,6.0,213.0,265.0,290.0,876.0,4,1039.0
1.0,6.0,208.0,265.0,390.0,876.0,4,1039.0
1.0,6.0,144.0,208.0,265.0,623.0,4,1039.0
1.0,6.0,208.0,265.0,292.0,390.0,4,623.0
1.0,6.0,208.0,213.0,390.0,623.0,4,1039.0
1.0,12.0,417.0,462.0,477.0,715.0,4,903.0
1.0,12.0,216.0,233.0,462.0,682.0,4,903.0
1.0,12.0,477.0,556.0,682.0,903.0,4,983.0
1.0,12.0,216.0,233.0,417.0,462.0,4,715.0
1.0,12.0,417.0,462.0,477.0,715.0,4,903.0
1.0,12.0,417.0,462.0,477.0,715.0,4,903.0
1.0,12.0,417.0,462.0,682.0,903.0,4,983.0
1.0,12.0,216.0,462.0,682.0,969.0,4,983.0
1.0,12.0,216.0,417.0,477.0,715.0,4,983.0
1.0,33.0,45.0,134.0,255.0,698.0,4,853.0
1.0,33.0,45.0,698.0,789.0,853.0,4,854.0
1.0,33.0,255.0,360.0,445.0,692.0,4,789.0
1.0,33.0,134.0,255.0,360.0,445.0,4,692.0
1.0,33.0,45.0,255.0,445.0,789.0,4,853.0
1.0,33.0,45.0,134.0,255.0,698.0,4,853.0
1.0,33.0,45.0,134.0,255.0,698.0,4,853.0
1.0,33.0,45.0,134.0,255.0,698.0,4,853.0
1.0,33.0,125.0,445.0,733.0,789.0,4,854.0
1.0,33.0,134.0,445.0,449.0,692.0,4,853.0
1.0,33.0,255.0,360.0,445.0,692.0,4,789.0
1.0,33.0,45.0,134.0,255.0,360.0,4,698.0
1.0,33.0,45.0,134.0,449.0,698.0,4,854.0
1.0,33.0,45.0,134.0,255.0,698.0,4,853.0
1.0,33.0,45.0,134.0,449.0,698.0,4,853.0
1.0,33.0,45.0,449.0,698.0,789.0,4,853.0
1.0,33.0,134.0,255.0,692.0,789.0,4,854.0
1.0,33.0,134.0,255.0,692.0,789.0,4,854.0
1.0,33.0,134.0,255.0,692.0,789.0,4,854.0
1.0,33.0,45.0,134.0,255.0,789.0,4,854.0
1.0,33.0,45.0,134.0,255.0,789.0,4,854.0
1.0,33.0,125.0,445.0,449.0,789.0,4,854.0
1.0,9.0,68.0,151.0,452.0,828.0,4,941.0
1.0,9.0,68.0,151.0,446.0,743.0,4,828.0
1.0,9.0,68.0,446.0,743.0,828.0,4,851.0
1.0,9.0,68.0,151.0,452.0,828.0,4,941.0
1.0,9.0,151.0,446.0,452.0,743.0,4,851.0
1.0,23.0,307.0,418.0,798.0,921.0,4,1036.0
1.0,23.0,234.0,418.0,740.0,827.0,4,1036.0
1.0,23.0,307.0,440.0,798.0,827.0,4,921.0
1.0,23.0,307.0,418.0,798.0,921.0,4,1036.0
1.0,23.0,307.0,418.0,798.0,921.0,4,1036.0
1.0,23.0,234.0,418.0,440.0,740.0,4,827.0
1.0,23.0,234.0,418.0,440.0,740.0,4,827.0
1.0,23.0,234.0,440.0,740.0,827.0,4,921.0
1.0,26.0,40.0,41.0,824.0,874.0,4,1024.0
1.0,26.0,40.0,41.0,454.0,601.0,4,824.0
1.0,26.0,40.0,454.0,601.0,634.0,4,824.0
1.0,26.0,40.0,41.0,601.0,824.0,4,1024.0
1.0,26.0,40.0,601.0,634.0,824.0,4,843.0
1.0,26.0,40.0,41.0,601.0,634.0,4,874.0
1.0,33.0,45.0,134.0,255.0,698.0,4,853.0
1.0,33.0,45.0,134.0,255.0,698.0,4,853.0
1.0,33.0,449.0,692.0,698.0,789.0,4,853.0
1.0,33.0,134.0,255.0,360.0,445.0,4,692.0
1.0,33.0,45.0,134.0,255.0,698.0,4,853.0
1.0,33.0,45.0,134.0,255.0,698.0,4,853.0
1.0,33.0,45.0,134.0,255.0,445.0,4,853.0
1.0,33.0,45.0,134.0,255.0,698.0,4,853.0
1.0,33.0,45.0,134.0,255.0,698.0,4,853.0
1.0,29.0,338.0,505.0,700.0,800.0,4,914.0
1.0,29.0,86.0,103.0,505.0,580.0,4,700.0
1.0,29.0,103.0,505.0,580.0,700.0,4,725.0
1.0,29.0,86.0,103.0,572.0,580.0,4,700.0
1.0,29.0,86.0,103.0,338.0,505.0,4,700.0
1.0,30.0,113.0,121.0,335.0,657.0,4,839.0
1.0,30.0,113.0,335.0,409.0,657.0,4,839.0
1.0,30.0,113.0,121.0,337.0,839.0,4,963.0
1.0,30.0,337.0,657.0,705.0,839.0,4,963.0
1.0,30.0,335.0,657.0,689.0,705.0,4,963.0
1.0,30.0,335.0,657.0,689.0,705.0,4,963.0
1.0,7.0,267.0,277.0,325.0,455.0,4,530.0
1.0,7.0,106.0,267.0,483.0,530.0,4,553.0
1.0,7.0,106.0,455.0,483.0,530.0,4,553.0
1.0,7.0,263.0,267.0,277.0,325.0,4,530.0
1.0,7.0,267.0,277.0,325.0,455.0,4,530.0
1.0,7.0,263.0,277.0,325.0,455.0,4,530.0
1.0,7.0,277.0,325.0,455.0,483.0,4,530.0
1.0,7.0,277.0,325.0,455.0,483.0,4,530.0
1.0,33.0,45.0,134.0,255.0,445.0,4,853.0
1.0,33.0,45.0,134.0,255.0,789.0,4,853.0
1.0,33.0,134.0,255.0,360.0,445.0,4,692.0
1.0,33.0,134.0,360.0,445.0,449.0,4,692.0
1.0,33.0,360.0,445.0,449.0,692.0,4,789.0
1.0,33.0,360.0,445.0,449.0,692.0,4,789.0
1.0,33.0,360.0,445.0,449.0,692.0,4,789.0
1.0,33.0,134.0,255.0,360.0,692.0,4,789.0
1.0,33.0,134.0,255.0,360.0,692.0,4,789.0
1.0,28.0,110.0,146.0,497.0,685.0,4,922.0
1.0,28.0,110.0,146.0,444.0,685.0,4,971.0
1.0,28.0,427.0,444.0,804.0,890.0,4,971.0
1.0,28.0,427.0,444.0,497.0,890.0,4,971.0
1.0,28.0,110.0,427.0,444.0,497.0,4,685.0
1.0,28.0,427.0,444.0,804.0,890.0,4,971.0
1.0,33.0,45.0,134.0,255.0,445.0,4,853.0
1.0,33.0,125.0,134.0,360.0,449.0,4,789.0
1.0,33.0,125.0,360.0,449.0,607.0,4,789.0
1.0,33.0,45.0,125.0,255.0,607.0,4,789.0
1.0,33.0,45.0,125.0,134.0,255.0,4,789.0
1.0,33.0,45.0,134.0,255.0,789.0,4,853.0
1.0,33.0,45.0,134.0,255.0,445.0,4,853.0
1.0,33.0,45.0,125.0,134.0,255.0,4,789.0
1.0,33.0,45.0,125.0,134.0,255.0,4,789.0
1.0,33.0,45.0,125.0,134.0,255.0,4,789.0
1.0,33.0,45.0,134.0,255.0,789.0,4,853.0
1.0,33.0,45.0,134.0,255.0,789.0,4,853.0
1.0,33.0,449.0,607.0,789.0,853.0,4,854.0
1.0,0.0,59.0,493.0,686.0,905.0,4,1037.0
1.0,0.0,13.0,59.0,493.0,686.0,4,1037.0
1.0,0.0,13.0,59.0,493.0,535.0,4,686.0
1.0,0.0,493.0,535.0,676.0,686.0,4,1037.0
1.0,0.0,59.0,493.0,686.0,905.0,4,1037.0
1.0,0.0,59.0,493.0,535.0,686.0,4,1037.0
1.0,0.0,13.0,59.0,493.0,686.0,4,1037.0
1.0,25.0,294.0,380.0,421.0,561.0,4,814.0
1.0,25.0,8.0,380.0,421.0,561.0,4,814.0
1.0,25.0,294.0,380.0,421.0,561.0,4,814.0
1.0,25.0,294.0,380.0,423.0,586.0,4,695.0
1.0,25.0,133.0,294.0,380.0,398.0,4,423.0
1.0,16.0,200.0,298.0,457.0,832.0,4,996.0
1.0,16.0,200.0,298.0,457.0,832.0,4,996.0
1.0,16.0,285.0,296.0,298.0,832.0,4,996.0
1.0,16.0,296.0,457.0,832.0,898.0,4,996.0
1.0,16.0,285.0,298.0,457.0,832.0,4,996.0
1.0,16.0,200.0,285.0,457.0,832.0,4,996.0
1.0,16.0,200.0,285.0,457.0,832.0,4,898.0
1.0,16.0,200.0,285.0,296.0,298.0,4,996.0
1.0,33.0,45.0,134.0,255.0,698.0,4,853.0
1.0,33.0,45.0,134.0,255.0,698.0,4,853.0
1.0,33.0,125.0,255.0,692.0,698.0,4,789.0
1.0,33.0,45.0,134.0,255.0,698.0,4,853.0
1.0,33.0,45.0,134.0,255.0,698.0,4,853.0
1.0,33.0,45.0,125.0,255.0,692.0,4,789.0
1.0,33.0,125.0,255.0,692.0,698.0,4,789.0
1.0,33.0,45.0,134.0,255.0,698.0,4,853.0
1.0,33.0,45.0,134.0,255.0,698.0,4,853.0
1.0,33.0,134.0,255.0,692.0,698.0,4,853.0
1.0,33.0,255.0,449.0,692.0,698.0,4,789.0
1.0,33.0,125.0,255.0,449.0,698.0,4,789.0
1.0,33.0,125.0,255.0,449.0,698.0,4,789.0
1.0,33.0,125.0,134.0,255.0,789.0,4,853.0
1.0,33.0,134.0,255.0,692.0,698.0,4,853.0
1.0,33.0,134.0,255.0,449.0,692.0,4,789.0
1.0,33.0,134.0,255.0,692.0,698.0,4,853.0
1.0,33.0,125.0,134.0,449.0,692.0,4,789.0
1.0,33.0,125.0,449.0,692.0,698.0,4,789.0
1.0,33.0,125.0,449.0,692.0,698.0,4,789.0
1.0,33.0,45.0,255.0,601.0,698.0,4,789.0
1.0,33.0,45.0,134.0,255.0,601.0,4,698.0
1.0,33.0,45.0,134.0,255.0,789.0,4,853.0
1.0,33.0,45.0,134.0,255.0,789.0,4,853.0
1.0,33.0,134.0,255.0,692.0,789.0,4,853.0
1.0,33.0,255.0,445.0,601.0,692.0,4,789.0
1.0,33.0,45.0,134.0,255.0,601.0,4,789.0
1.0,33.0,45.0,134.0,255.0,698.0,4,853.0
1.0,33.0,134.0,445.0,449.0,692.0,4,853.0
1.0,33.0,125.0,134.0,445.0,449.0,4,692.0
1.0,33.0,125.0,255.0,445.0,692.0,4,789.0
1.0,33.0,45.0,255.0,601.0,698.0,4,789.0
1.0,33.0,45.0,134.0,255.0,698.0,4,853.0
1.0,33.0,45.0,134.0,255.0,698.0,4,853.0
1.0,33.0,125.0,134.0,449.0,692.0,4,789.0
1.0,33.0,125.0,255.0,692.0,698.0,4,789.0
1.0,28.0,110.0,146.0,444.0,608.0,4,685.0
1.0,28.0,427.0,444.0,608.0,922.0,4,971.0
1.0,28.0,444.0,497.0,608.0,685.0,4,922.0
1.0,28.0,146.0,685.0,890.0,922.0,4,971.0
1.0,28.0,146.0,444.0,685.0,890.0,4,971.0
1.0,28.0,427.0,444.0,608.0,890.0,4,971.0
1.0,33.0,125.0,134.0,255.0,698.0,4,853.0
1.0,33.0,125.0,134.0,255.0,698.0,4,853.0
1.0,33.0,134.0,445.0,449.0,692.0,4,853.0
1.0,33.0,445.0,449.0,601.0,692.0,4,789.0
1.0,33.0,445.0,449.0,601.0,692.0,4,789.0
1.0,33.0,255.0,601.0,692.0,698.0,4,789.0
1.0,33.0,134.0,255.0,601.0,698.0,4,853.0
1.0,33.0,125.0,134.0,255.0,698.0,4,853.0
1.0,33.0,125.0,134.0,255.0,698.0,4,853.0
1.0,33.0,134.0,255.0,445.0,692.0,4,853.0
1.0,33.0,445.0,449.0,601.0,692.0,4,789.0
1.0,33.0,445.0,449.0,601.0,692.0,4,789.0
1.0,33.0,445.0,449.0,601.0,692.0,4,789.0
1.0,33.0,45.0,134.0,255.0,698.0,4,853.0
1.0,33.0,45.0,134.0,255.0,698.0,4,853.0
1.0,33.0,45.0,134.0,255.0,445.0,4,853.0
1.0,33.0,255.0,601.0,692.0,698.0,4,789.0
1.0,33.0,45.0,134.0,255.0,698.0,4,853.0
1.0,33.0,445.0,449.0,692.0,789.0,4,853.0
1.0,33.0,134.0,449.0,601.0,692.0,4,789.0
1.0,33.0,45.0,134.0,255.0,698.0,4,853.0
1.0,33.0,45.0,134.0,255.0,445.0,4,853.0
1.0,33.0,134.0,445.0,449.0,692.0,4,853.0
1.0,33.0,45.0,134.0,255.0,601.0,4,698.0
1.0,33.0,134.0,255.0,445.0,692.0,4,853.0
1.0,33.0,255.0,601.0,692.0,698.0,4,789.0
1.0,33.0,255.0,601.0,692.0,698.0,4,789.0
1.0,33.0,255.0,601.0,692.0,698.0,4,789.0
1.0,33.0,45.0,134.0,255.0,601.0,4,698.0
1.0,33.0,45.0,134.0,255.0,698.0,4,853.0
1.0,33.0,134.0,445.0,449.0,692.0,4,853.0
1.0,33.0,445.0,449.0,692.0,789.0,4,853.0
1.0,33.0,445.0,449.0,601.0,692.0,4,789.0
1.0,33.0,255.0,601.0,692.0,698.0,4,789.0
1.0,33.0,45.0,134.0,255.0,698.0,4,853.0
1.0,33.0,45.0,134.0,449.0,698.0,4,853.0
1.0,33.0,445.0,449.0,601.0,692.0,4,789.0
1.0,33.0,449.0,601.0,692.0,698.0,4,789.0
1.0,33.0,45.0,255.0,601.0,692.0,4,698.0
1.0,33.0,45.0,134.0,255.0,601.0,4,698.0
1.0,13.0,161.0,182.0,803.0,871.0,4,956.0
1.0,13.0,15.0,114.0,161.0,182.0,4,192.0
1.0,13.0,15.0,114.0,182.0,192.0,4,532.0
1.0,13.0,15.0,114.0,192.0,532.0,4,956.0
1.0,13.0,161.0,182.0,803.0,871.0,4,956.0
1.0,13.0,15.0,161.0,182.0,803.0,4,871.0
1.0,13.0,15.0,161.0,182.0,192.0,4,210.0
1.0,33.0,45.0,134.0,255.0,698.0,4,853.0
1.0,33.0,255.0,601.0,692.0,698.0,4,789.0
1.0,33.0,45.0,134.0,255.0,601.0,4,698.0
1.0,33.0,45.0,134.0,255.0,789.0,4,853.0
1.0,33.0,45.0,134.0,255.0,789.0,4,853.0
1.0,33.0,45.0,134.0,449.0,698.0,4,853.0
1.0,33.0,45.0,134.0,255.0,698.0,4,853.0
1.0,33.0,134.0,449.0,692.0,789.0,4,853.0
1.0,33.0,45.0,255.0,601.0,692.0,4,698.0
1.0,33.0,45.0,134.0,255.0,601.0,4,698.0
1.0,33.0,45.0,134.0,255.0,601.0,4,853.0
1.0,11.0,173.0,638.0,806.0,895.0,4,968.0
1.0,11.0,1.0,99.0,132.0,173.0,4,968.0
1.0,11.0,173.0,638.0,806.0,895.0,4,968.0
1.0,11.0,638.0,806.0,895.0,925.0,4,968.0
1.0,11.0,1.0,132.0,638.0,895.0,4,925.0
1.0,11.0,1.0,132.0,638.0,925.0,4,968.0
1.0,33.0,45.0,134.0,255.0,698.0,4,853.0
1.0,33.0,45.0,134.0,255.0,698.0,4,853.0
1.0,33.0,134.0,445.0,692.0,853.0,4,854.0
1.0,33.0,255.0,601.0,692.0,698.0,4,789.0
1.0,33.0,45.0,134.0,255.0,601.0,4,698.0
1.0,33.0,45.0,134.0,255.0,601.0,4,698.0
1.0,33.0,45.0,134.0,255.0,445.0,4,853.0
1.0,33.0,45.0,134.0,255.0,445.0,4,853.0
1.0,33.0,45.0,134.0,445.0,853.0,4,854.0
1.0,33.0,45.0,134.0,255.0,601.0,4,698.0
1.0,33.0,45.0,134.0,255.0,698.0,4,853.0
1.0,33.0,45.0,134.0,255.0,789.0,4,853.0
1.0,33.0,134.0,692.0,789.0,853.0,4,854.0
1.0,33.0,255.0,601.0,692.0,698.0,4,789.0
1.0,33.0,45.0,125.0,134.0,255.0,4,698.0
1.0,33.0,45.0,134.0,255.0,698.0,4,853.0
1.0,33.0,134.0,692.0,789.0,853.0,4,854.0
1.0,33.0,692.0,698.0,789.0,853.0,4,854.0
1.0,33.0,45.0,134.0,255.0,601.0,4,789.0
1.0,33.0,45.0,134.0,255.0,601.0,4,698.0
1.0,34.0,36.0,55.0,67.0,112.0,4,247.0
1.0,34.0,36.0,55.0,67.0,112.0,4,247.0
1.0,34.0,36.0,55.0,67.0,112.0,4,247.0
1.0,34.0,36.0,55.0,67.0,247.0,4,753.0
1.0,15.0,115.0,226.0,537.0,602.0,4,860.0
1.0,15.0,226.0,537.0,602.0,719.0,4,860.0
1.0,15.0,38.0,140.0,373.0,537.0,4,860.0
1.0,15.0,226.0,537.0,602.0,719.0,4,860.0
1.0,15.0,38.0,115.0,140.0,537.0,4,602.0
1.0,33.0,125.0,134.0,255.0,698.0,4,853.0
1.0,33.0,125.0,134.0,255.0,601.0,4,698.0
1.0,33.0,601.0,692.0,698.0,789.0,4,854.0
1.0,33.0,601.0,692.0,698.0,789.0,4,854.0
1.0,33.0,255.0,601.0,692.0,698.0,4,789.0
1.0,33.0,134.0,255.0,692.0,698.0,4,853.0
1.0,33.0,125.0,134.0,255.0,698.0,4,853.0
1.0,33.0,134.0,692.0,789.0,853.0,4,854.0
1.0,33.0,134.0,255.0,601.0,698.0,4,853.0
1.0,33.0,134.0,255.0,601.0,698.0,4,853.0
1.0,29.0,103.0,580.0,700.0,713.0,4,725.0
1.0,29.0,505.0,580.0,700.0,713.0,4,725.0
1.0,29.0,86.0,338.0,505.0,725.0,4,914.0
1.0,29.0,86.0,103.0,505.0,700.0,4,800.0
1.0,29.0,86.0,103.0,505.0,725.0,4,800.0
1.0,33.0,45.0,125.0,134.0,255.0,4,698.0
1.0,33.0,45.0,125.0,134.0,255.0,4,445.0
1.0,33.0,255.0,601.0,692.0,698.0,4,789.0
1.0,33.0,134.0,255.0,601.0,692.0,4,698.0
1.0,33.0,45.0,255.0,601.0,698.0,4,789.0
1.0,33.0,45.0,255.0,445.0,601.0,4,692.0
1.0,33.0,45.0,601.0,692.0,698.0,4,854.0
1.0,33.0,45.0,601.0,692.0,698.0,4,854.0
1.0,33.0,45.0,134.0,601.0,692.0,4,854.0
1.0,33.0,45.0,134.0,255.0,698.0,4,854.0
1.0,13.0,15.0,114.0,161.0,182.0,4,192.0
1.0,13.0,15.0,182.0,210.0,532.0,4,803.0
1.0,13.0,114.0,161.0,182.0,192.0,4,956.0
1.0,13.0,114.0,161.0,182.0,192.0,4,956.0
1.0,13.0,161.0,182.0,192.0,210.0,4,956.0
1.0,13.0,161.0,182.0,192.0,210.0,4,532.0
1.0,33.0,45.0,134.0,255.0,698.0,4,853.0
1.0,33.0,45.0,134.0,255.0,698.0,4,853.0
1.0,33.0,45.0,134.0,255.0,445.0,4,853.0
1.0,33.0,134.0,445.0,692.0,853.0,4,854.0
1.0,33.0,601.0,692.0,698.0,789.0,4,854.0
1.0,33.0,601.0,692.0,698.0,789.0,4,854.0
1.0,33.0,601.0,692.0,698.0,789.0,4,854.0
1.0,33.0,255.0,601.0,692.0,698.0,4,789.0
1.0,33.0,45.0,134.0,255.0,601.0,4,789.0
1.0,33.0,45.0,134.0,255.0,698.0,4,853.0
1.0,33.0,134.0,692.0,789.0,853.0,4,854.0
1.0,33.0,134.0,692.0,789.0,853.0,4,854.0
1.0,33.0,134.0,601.0,692.0,789.0,4,854.0
1.0,33.0,45.0,134.0,255.0,601.0,4,698.0
1.0,18.0,14.0,181.0,811.0,866.0,4,886.0
1.0,18.0,14.0,811.0,866.0,886.0,4,949.0
1.0,18.0,14.0,590.0,811.0,812.0,4,949.0
1.0,18.0,14.0,191.0,590.0,812.0,4,886.0
1.0,18.0,14.0,191.0,811.0,866.0,4,886.0
1.0,18.0,14.0,811.0,812.0,866.0,4,886.0
1.0,18.0,14.0,590.0,811.0,812.0,4,949.0
1.0,18.0,191.0,590.0,811.0,812.0,4,866.0
1.0,18.0,191.0,590.0,811.0,812.0,4,866.0
1.0,33.0,134.0,692.0,789.0,853.0,4,854.0
1.0,33.0,134.0,692.0,789.0,853.0,4,854.0
1.0,33.0,601.0,692.0,698.0,789.0,4,854.0
1.0,33.0,134.0,255.0,692.0,698.0,4,853.0
1.0,33.0,45.0,134.0,255.0,698.0,4,853.0
1.0,33.0,45.0,134.0,255.0,698.0,4,853.0
1.0,33.0,45.0,134.0,255.0,789.0,4,853.0
1.0,33.0,45.0,134.0,255.0,789.0,4,853.0
1.0,33.0,134.0,255.0,692.0,789.0,4,853.0
1.0,33.0,601.0,692.0,698.0,789.0,4,854.0
1.0,33.0,255.0,601.0,692.0,698.0,4,789.0
1.0,33.0,255.0,601.0,692.0,698.0,4,789.0
1.0,33.0,255.0,692.0,698.0,789.0,4,853.0
1.0,33.0,134.0,255.0,692.0,698.0,4,853.0
1.0,15.0,226.0,373.0,537.0,714.0,4,860.0
1.0,15.0,115.0,226.0,537.0,602.0,4,860.0
1.0,15.0,115.0,226.0,373.0,458.0,4,714.0
1.0,15.0,115.0,373.0,448.0,537.0,4,714.0
1.0,15.0,115.0,448.0,458.0,602.0,4,860.0
1.0,15.0,115.0,226.0,458.0,602.0,4,860.0
1.0,33.0,45.0,134.0,255.0,698.0,4,853.0
1.0,33.0,134.0,255.0,692.0,698.0,4,853.0
1.0,33.0,255.0,601.0,692.0,698.0,4,789.0
1.0,33.0,125.0,134.0,255.0,601.0,4,698.0
1.0,33.0,134.0,255.0,601.0,692.0,4,698.0
1.0,33.0,125.0,134.0,255.0,698.0,4,853.0
1.0,33.0,125.0,134.0,255.0,698.0,4,853.0
1.0,33.0,134.0,255.0,601.0,692.0,4,698.0
1.0,33.0,134.0,255.0,601.0,698.0,4,853.0
1.0,33.0,134.0,255.0,445.0,601.0,4,853.0
1.0,33.0,125.0,134.0,255.0,698.0,4,853.0
1.0,33.0,125.0,134.0,255.0,698.0,4,853.0
1.0,33.0,125.0,134.0,255.0,698.0,4,853.0
1.0,33.0,601.0,692.0,698.0,789.0,4,854.0
1.0,33.0,125.0,445.0,449.0,601.0,4,789.0
1.0,33.0,125.0,445.0,449.0,601.0,4,789.0
1.0,4.0,81.0,290.0,487.0,616.0,4,646.0
1.0,4.0,81.0,290.0,487.0,646.0,4,947.0
1.0,4.0,46.0,81.0,290.0,947.0,4,992.0
1.0,4.0,46.0,81.0,290.0,947.0,4,992.0
1.0,4.0,3.0,46.0,81.0,589.0,4,992.0
1.0,4.0,3.0,46.0,81.0,589.0,4,992.0
1.0,4.0,290.0,589.0,616.0,646.0,4,992.0
1.0,4.0,290.0,487.0,589.0,616.0,4,646.0
1.0,4.0,81.0,290.0,646.0,947.0,4,992.0
1.0,4.0,3.0,46.0,81.0,290.0,4,947.0
1.0,4.0,46.0,81.0,290.0,589.0,4,646.0
1.0,17.0,148.0,149.0,211.0,708.0,4,709.0
1.0,17.0,148.0,149.0,211.0,708.0,4,709.0
1.0,17.0,47.0,148.0,149.0,708.0,4,709.0
1.0,17.0,47.0,148.0,149.0,708.0,4,709.0
1.0,17.0,47.0,97.0,149.0,708.0,4,857.0
1.0,17.0,47.0,97.0,148.0,149.0,4,708.0
1.0,17.0,47.0,148.0,149.0,211.0,4,857.0
1.0,17.0,47.0,148.0,708.0,709.0,4,857.0
1.0,17.0,47.0,148.0,149.0,708.0,4,857.0
1.0,1.0,305.0,356.0,431.0,625.0,4,960.0
1.0,1.0,305.0,431.0,577.0,625.0,4,790.0
1.0,1.0,431.0,570.0,577.0,808.0,4,960.0
1.0,1.0,570.0,577.0,790.0,808.0,4,960.0
1.0,33.0,134.0,692.0,789.0,853.0,4,854.0
1.0,33.0,445.0,601.0,692.0,789.0,4,854.0
1.0,33.0,445.0,601.0,692.0,789.0,4,854.0
1.0,33.0,134.0,255.0,445.0,601.0,4,692.0
1.0,33.0,45.0,134.0,601.0,692.0,4,854.0
1.0,33.0,45.0,134.0,601.0,692.0,4,854.0
1.0,33.0,45.0,134.0,601.0,692.0,4,854.0
1.0,33.0,134.0,692.0,789.0,853.0,4,854.0
1.0,33.0,255.0,601.0,692.0,698.0,4,789.0
1.0,33.0,45.0,134.0,255.0,601.0,4,789.0
1.0,33.0,45.0,134.0,255.0,601.0,4,789.0
1.0,33.0,45.0,125.0,134.0,255.0,4,698.0
1.0,33.0,45.0,134.0,255.0,698.0,4,853.0
1.0,33.0,134.0,255.0,692.0,789.0,4,853.0
1.0,33.0,134.0,692.0,789.0,853.0,4,854.0
1.0,33.0,255.0,601.0,692.0,698.0,4,789.0
1.0,33.0,255.0,601.0,692.0,698.0,4,789.0
1.0,33.0,45.0,134.0,255.0,601.0,4,698.0
1.0,33.0,45.0,134.0,255.0,698.0,4,853.0
1.0,33.0,45.0,134.0,255.0,789.0,4,853.0
1.0,33.0,45.0,134.0,255.0,601.0,4,698.0
1.0,33.0,134.0,255.0,601.0,692.0,4,698.0
1.0,33.0,45.0,134.0,255.0,698.0,4,853.0
1.0,33.0,45.0,134.0,255.0,789.0,4,853.0
1.0,33.0,601.0,692.0,698.0,789.0,4,854.0
1.0,33.0,45.0,134.0,255.0,601.0,4,853.0
1.0,33.0,45.0,134.0,255.0,601.0,4,853.0
1.0,33.0,45.0,134.0,255.0,601.0,4,853.0
1.0,33.0,45.0,125.0,134.0,255.0,4,445.0
1.0,33.0,125.0,134.0,255.0,692.0,4,789.0
1.0,33.0,125.0,134.0,255.0,692.0,4,789.0
1.0,33.0,134.0,601.0,692.0,789.0,4,854.0
1.0,33.0,255.0,445.0,601.0,692.0,4,789.0
1.0,33.0,255.0,445.0,601.0,692.0,4,789.0
1.0,33.0,255.0,445.0,601.0,692.0,4,789.0
1.0,33.0,125.0,134.0,255.0,445.0,4,692.0
1.0,33.0,134.0,449.0,601.0,789.0,4,854.0
1.0,33.0,134.0,449.0,601.0,789.0,4,854.0
1.0,33.0,134.0,255.0,449.0,601.0,4,789.0
1.0,33.0,134.0,255.0,449.0,601.0,4,789.0
1.0,18.0,14.0,181.0,681.0,811.0,4,866.0
1.0,18.0,14.0,191.0,590.0,681.0,4,812.0
1.0,18.0,14.0,181.0,590.0,681.0,4,866.0
1.0,18.0,14.0,181.0,590.0,811.0,4,866.0
1.0,18.0,14.0,181.0,681.0,811.0,4,866.0
1.0,18.0,14.0,181.0,681.0,811.0,4,866.0
1.0,18.0,14.0,181.0,811.0,812.0,4,866.0
1.0,18.0,166.0,191.0,590.0,681.0,4,812.0
1.0,18.0,14.0,590.0,681.0,812.0,4,866.0
1.0,33.0,125.0,134.0,255.0,698.0,4,854.0
1.0,33.0,601.0,692.0,698.0,789.0,4,854.0
1.0,33.0,601.0,692.0,698.0,789.0,4,854.0
1.0,33.0,255.0,601.0,692.0,698.0,4,789.0
1.0,33.0,125.0,134.0,255.0,601.0,4,789.0
1.0,33.0,125.0,134.0,255.0,601.0,4,789.0
1.0,33.0,125.0,134.0,255.0,698.0,4,854.0
1.0,33.0,125.0,134.0,255.0,698.0,4,854.0
1.0,33.0,125.0,134.0,255.0,789.0,4,854.0
1.0,33.0,601.0,692.0,698.0,789.0,4,854.0
1.0,33.0,601.0,692.0,698.0,789.0,4,854.0
1.0,33.0,125.0,445.0,449.0,733.0,4,789.0
1.0,33.0,45.0,134.0,255.0,698.0,4,854.0
1.0,33.0,134.0,255.0,692.0,789.0,4,854.0
1.0,33.0,601.0,692.0,698.0,789.0,4,854.0
1.0,33.0,45.0,134.0,255.0,601.0,4,698.0
1.0,33.0,45.0,134.0,255.0,698.0,4,854.0
1.0,33.0,45.0,134.0,255.0,698.0,4,854.0
1.0,33.0,125.0,134.0,692.0,789.0,4,854.0
1.0,33.0,125.0,134.0,255.0,601.0,4,698.0
1.0,33.0,125.0,134.0,255.0,445.0,4,601.0
1.0,33.0,601.0,692.0,698.0,789.0,4,854.0
1.0,33.0,255.0,601.0,692.0,698.0,4,789.0
1.0,33.0,134.0,255.0,601.0,692.0,4,698.0
1.0,33.0,45.0,134.0,255.0,601.0,4,698.0
1.0,33.0,45.0,134.0,255.0,698.0,4,854.0
1.0,33.0,45.0,134.0,255.0,698.0,4,854.0
1.0,33.0,45.0,134.0,601.0,692.0,4,854.0
1.0,33.0,45.0,255.0,601.0,692.0,4,698.0
1.0,33.0,45.0,134.0,255.0,601.0,4,698.0
1.0,33.0,125.0,134.0,255.0,601.0,4,698.0
1.0,7.0,277.0,325.0,451.0,455.0,4,530.0
1.0,7.0,106.0,306.0,451.0,530.0,4,553.0
1.0,7.0,263.0,277.0,325.0,455.0,4,991.0
1.0,7.0,277.0,325.0,451.0,455.0,4,530.0
1.0,7.0,106.0,263.0,306.0,325.0,4,451.0
1.0,7.0,263.0,277.0,325.0,451.0,4,455.0
1.0,33.0,45.0,134.0,255.0,698.0,4,853.0
1.0,33.0,45.0,125.0,134.0,255.0,4,698.0
1.0,33.0,125.0,255.0,692.0,698.0,4,789.0
1.0,33.0,134.0,601.0,692.0,789.0,4,854.0
1.0,33.0,134.0,255.0,601.0,692.0,4,789.0
1.0,33.0,45.0,134.0,255.0,601.0,4,698.0
1.0,33.0,45.0,134.0,255.0,601.0,4,698.0
1.0,33.0,45.0,255.0,601.0,698.0,4,789.0
1.0,33.0,45.0,134.0,255.0,698.0,4,853.0
1.0,33.0,45.0,255.0,698.0,789.0,4,853.0
1.0,30.0,121.0,335.0,705.0,953.0,4,963.0
1.0,30.0,121.0,598.0,657.0,953.0,4,963.0
1.0,30.0,121.0,598.0,657.0,953.0,4,963.0
1.0,30.0,389.0,409.0,598.0,657.0,4,689.0
1.0,30.0,389.0,598.0,657.0,689.0,4,963.0
1.0,30.0,335.0,389.0,689.0,705.0,4,963.0
1.0,30.0,335.0,389.0,705.0,953.0,4,963.0
1.0,30.0,598.0,657.0,705.0,953.0,4,963.0
1.0,30.0,121.0,335.0,705.0,953.0,4,963.0
1.0,30.0,389.0,598.0,657.0,689.0,4,963.0
1.0,30.0,113.0,209.0,335.0,409.0,4,689.0
1.0,30.0,113.0,209.0,335.0,409.0,4,689.0
1.0,30.0,113.0,209.0,389.0,409.0,4,689.0
1.0,30.0,209.0,335.0,389.0,409.0,4,689.0
1.0,25.0,294.0,380.0,421.0,561.0,4,814.0
1.0,25.0,8.0,133.0,380.0,398.0,4,780.0
1.0,25.0,294.0,380.0,421.0,561.0,4,814.0
1.0,25.0,294.0,380.0,421.0,561.0,4,814.0
1.0,25.0,294.0,421.0,586.0,780.0,4,814.0
1.0,25.0,294.0,421.0,586.0,780.0,4,814.0
1.0,25.0,8.0,133.0,380.0,586.0,4,780.0
1.0,25.0,8.0,133.0,380.0,586.0,4,780.0
1.0,25.0,8.0,133.0,398.0,780.0,4,974.0
1.0,25.0,294.0,380.0,421.0,561.0,4,814.0
1.0,25.0,133.0,294.0,561.0,780.0,4,814.0
1.0,25.0,8.0,133.0,586.0,780.0,4,814.0
1.0,25.0,294.0,380.0,421.0,561.0,4,814.0
1.0,25.0,294.0,380.0,421.0,586.0,4,974.0
1.0,25.0,294.0,561.0,586.0,814.0,4,974.0
1.0,34.0,55.0,112.0,137.0,247.0,4,355.0
1.0,34.0,112.0,137.0,224.0,355.0,4,847.0
1.0,34.0,55.0,224.0,278.0,355.0,4,847.0
1.0,34.0,55.0,67.0,112.0,137.0,4,355.0
1.0,34.0,55.0,137.0,224.0,355.0,4,847.0
1.0,34.0,36.0,137.0,224.0,355.0,4,847.0
1.0,34.0,55.0,112.0,137.0,355.0,4,847.0
1.0,18.0,14.0,365.0,812.0,866.0,4,886.0
1.0,18.0,14.0,65.0,365.0,681.0,4,812.0
1.0,18.0,14.0,65.0,181.0,681.0,4,812.0
1.0,18.0,65.0,181.0,365.0,681.0,4,704.0
1.0,18.0,65.0,181.0,191.0,365.0,4,681.0
1.0,18.0,14.0,191.0,365.0,866.0,4,886.0
1.0,18.0,166.0,191.0,365.0,866.0,4,886.0
1.0,18.0,14.0,65.0,181.0,365.0,4,681.0
1.0,18.0,14.0,65.0,181.0,365.0,4,681.0
1.0,18.0,14.0,65.0,181.0,681.0,4,886.0
1.0,32.0,61.0,135.0,524.0,538.0,4,816.0
1.0,32.0,61.0,135.0,524.0,538.0,4,816.0
1.0,32.0,44.0,61.0,155.0,450.0,4,524.0
1.0,32.0,44.0,61.0,155.0,450.0,4,933.0
1.0,32.0,44.0,135.0,155.0,524.0,4,538.0
1.0,32.0,44.0,135.0,155.0,524.0,4,538.0
1.0,23.0,234.0,307.0,418.0,740.0,4,827.0
1.0,23.0,307.0,418.0,798.0,921.0,4,1036.0
1.0,23.0,234.0,418.0,655.0,740.0,4,827.0
1.0,23.0,234.0,307.0,740.0,827.0,4,921.0
1.0,23.0,234.0,418.0,798.0,827.0,4,921.0
1.0,25.0,294.0,380.0,421.0,561.0,4,814.0
1.0,25.0,294.0,380.0,421.0,561.0,4,814.0
1.0,25.0,8.0,380.0,421.0,561.0,4,814.0
1.0,25.0,8.0,380.0,421.0,586.0,4,814.0
1.0,25.0,294.0,380.0,421.0,561.0,4,974.0
1.0,25.0,294.0,380.0,421.0,561.0,4,814.0
1.0,25.0,294.0,380.0,421.0,561.0,4,814.0
1.0,25.0,294.0,421.0,561.0,814.0,4,974.0
1.0,25.0,8.0,133.0,380.0,780.0,4,974.0
1.0,25.0,92.0,133.0,423.0,586.0,4,974.0
1.0,6.0,213.0,265.0,290.0,292.0,4,623.0
1.0,6.0,208.0,265.0,616.0,876.0,4,1039.0
1.0,6.0,213.0,290.0,616.0,623.0,4,1039.0
1.0,6.0,213.0,290.0,616.0,623.0,4,1039.0
1.0,6.0,208.0,265.0,292.0,623.0,4,876.0
1.0,6.0,213.0,290.0,616.0,623.0,4,1039.0
1.0,6.0,213.0,290.0,623.0,876.0,4,1039.0
1.0,25.0,294.0,380.0,421.0,561.0,4,814.0
1.0,25.0,294.0,380.0,421.0,561.0,4,814.0
1.0,25.0,294.0,421.0,561.0,814.0,4,974.0
1.0,25.0,380.0,421.0,423.0,586.0,4,974.0
1.0,25.0,133.0,380.0,423.0,586.0,4,814.0
1.0,25.0,294.0,380.0,421.0,561.0,4,974.0
1.0,25.0,294.0,380.0,421.0,561.0,4,814.0
1.0,30.0,113.0,335.0,657.0,705.0,4,963.0
1.0,30.0,113.0,335.0,389.0,409.0,4,657.0
1.0,30.0,113.0,389.0,409.0,657.0,4,953.0
1.0,30.0,113.0,121.0,657.0,953.0,4,963.0
1.0,30.0,121.0,657.0,705.0,953.0,4,963.0
1.0,30.0,113.0,121.0,335.0,409.0,4,657.0
1.0,30.0,113.0,121.0,705.0,953.0,4,963.0
1.0,30.0,113.0,657.0,705.0,953.0,4,963.0
1.0,30.0,113.0,657.0,705.0,953.0,4,963.0
1.0,30.0,113.0,657.0,705.0,953.0,4,963.0
1.0,30.0,113.0,337.0,389.0,705.0,4,963.0
1.0,25.0,294.0,380.0,421.0,561.0,4,814.0
1.0,25.0,116.0,294.0,421.0,561.0,4,814.0
1.0,25.0,116.0,294.0,380.0,421.0,4,561.0
1.0,25.0,116.0,294.0,380.0,421.0,4,586.0
1.0,25.0,8.0,133.0,380.0,586.0,4,814.0
1.0,25.0,133.0,294.0,561.0,586.0,4,814.0
1.0,25.0,294.0,380.0,421.0,561.0,4,586.0
1.0,25.0,294.0,380.0,421.0,561.0,4,814.0
1.0,25.0,133.0,294.0,380.0,586.0,4,814.0
1.0,25.0,133.0,294.0,380.0,586.0,4,814.0
1.0,25.0,294.0,380.0,421.0,561.0,4,814.0
1.0,25.0,116.0,294.0,421.0,561.0,4,814.0
1.0,25.0,8.0,116.0,133.0,380.0,4,586.0
1.0,25.0,8.0,116.0,133.0,380.0,4,586.0
1.0,25.0,8.0,133.0,380.0,586.0,4,695.0
1.0,25.0,133.0,294.0,380.0,586.0,4,695.0
1.0,25.0,133.0,294.0,380.0,586.0,4,814.0
1.0,25.0,294.0,380.0,421.0,561.0,4,814.0
1.0,25.0,294.0,380.0,421.0,561.0,4,814.0
1.0,25.0,8.0,133.0,380.0,586.0,4,814.0
1.0,25.0,294.0,380.0,421.0,561.0,4,814.0
1.0,25.0,294.0,380.0,421.0,586.0,4,814.0
1.0,28.0,110.0,497.0,608.0,685.0,4,922.0
1.0,28.0,444.0,497.0,685.0,922.0,4,971.0
1.0,28.0,444.0,497.0,685.0,922.0,4,971.0
1.0,28.0,444.0,497.0,685.0,890.0,4,971.0
1.0,28.0,110.0,497.0,608.0,685.0,4,922.0
1.0,28.0,110.0,497.0,685.0,922.0,4,971.0
1.0,28.0,110.0,497.0,608.0,685.0,4,922.0
1.0,28.0,110.0,497.0,608.0,685.0,4,922.0
1.0,28.0,146.0,444.0,685.0,890.0,4,971.0
1.0,28.0,110.0,444.0,497.0,685.0,4,971.0
1.0,28.0,110.0,497.0,608.0,685.0,4,922.0
1.0,28.0,110.0,608.0,685.0,922.0,4,971.0
1.0,25.0,116.0,294.0,421.0,561.0,4,814.0
1.0,25.0,116.0,294.0,380.0,421.0,4,695.0
1.0,25.0,8.0,133.0,380.0,561.0,4,695.0
1.0,25.0,133.0,294.0,380.0,398.0,4,814.0
1.0,25.0,294.0,380.0,421.0,561.0,4,814.0
1.0,25.0,294.0,421.0,561.0,695.0,4,814.0
1.0,25.0,294.0,380.0,398.0,421.0,4,814.0
1.0,25.0,294.0,380.0,421.0,561.0,4,814.0
1.0,25.0,133.0,294.0,380.0,586.0,4,695.0
1.0,25.0,8.0,133.0,380.0,586.0,4,695.0
1.0,25.0,294.0,380.0,421.0,561.0,4,814.0
1.0,25.0,294.0,380.0,421.0,561.0,4,814.0
1.0,25.0,294.0,380.0,561.0,586.0,4,695.0
1.0,25.0,133.0,294.0,380.0,561.0,4,586.0
1.0,25.0,133.0,294.0,380.0,561.0,4,586.0
1.0,25.0,133.0,294.0,561.0,586.0,4,814.0
1.0,25.0,133.0,294.0,586.0,695.0,4,814.0
1.0,17.0,47.0,262.0,708.0,730.0,4,1033.0
1.0,17.0,47.0,262.0,708.0,730.0,4,1033.0
1.0,17.0,47.0,262.0,708.0,730.0,4,1033.0
1.0,17.0,97.0,148.0,262.0,413.0,4,730.0
1.0,17.0,97.0,148.0,149.0,413.0,4,708.0
1.0,17.0,97.0,148.0,149.0,708.0,4,1033.0
1.0,17.0,47.0,148.0,262.0,708.0,4,1033.0
1.0,17.0,47.0,262.0,708.0,730.0,4,1033.0
1.0,17.0,148.0,262.0,413.0,708.0,4,1033.0
1.0,17.0,97.0,148.0,413.0,708.0,4,1033.0
1.0,17.0,47.0,148.0,262.0,708.0,4,730.0
1.0,17.0,47.0,148.0,262.0,708.0,4,730.0
1.0,17.0,47.0,148.0,262.0,708.0,4,730.0
1.0,25.0,116.0,294.0,398.0,561.0,4,586.0
1.0,25.0,116.0,294.0,380.0,561.0,4,586.0
1.0,25.0,294.0,380.0,398.0,421.0,4,561.0
1.0,25.0,294.0,380.0,398.0,586.0,4,695.0
1.0,25.0,294.0,380.0,561.0,586.0,4,695.0
1.0,25.0,294.0,398.0,423.0,561.0,4,586.0
1.0,25.0,294.0,398.0,423.0,561.0,4,586.0
1.0,25.0,294.0,380.0,421.0,561.0,4,586.0
1.0,7.0,267.0,277.0,306.0,325.0,4,530.0
1.0,7.0,267.0,277.0,325.0,483.0,4,530.0
1.0,7.0,267.0,277.0,306.0,325.0,4,530.0
1.0,7.0,267.0,277.0,306.0,325.0,4,530.0
1.0,7.0,267.0,277.0,306.0,325.0,4,530.0
1.0,7.0,106.0,263.0,277.0,455.0,4,530.0
1.0,11.0,173.0,806.0,895.0,968.0,4,1031.0
1.0,11.0,99.0,638.0,806.0,968.0,4,1031.0
1.0,11.0,99.0,638.0,647.0,806.0,4,1031.0
1.0,11.0,638.0,647.0,718.0,895.0,4,1031.0
1.0,11.0,173.0,647.0,718.0,895.0,4,1031.0
1.0,11.0,99.0,718.0,806.0,895.0,4,1031.0
1.0,1.0,570.0,577.0,790.0,808.0,4,820.0
1.0,1.0,570.0,577.0,790.0,808.0,4,820.0
1.0,1.0,305.0,431.0,790.0,878.0,4,960.0
1.0,1.0,570.0,577.0,790.0,808.0,4,820.0
1.0,1.0,570.0,577.0,790.0,808.0,4,820.0
1.0,1.0,570.0,577.0,790.0,808.0,4,820.0
1.0,1.0,431.0,570.0,577.0,808.0,4,820.0
1.0,1.0,570.0,577.0,790.0,808.0,4,820.0
1.0,1.0,570.0,577.0,790.0,808.0,4,820.0
1.0,25.0,133.0,294.0,423.0,586.0,4,814.0
1.0,25.0,133.0,294.0,380.0,423.0,4,586.0
1.0,25.0,8.0,133.0,380.0,586.0,4,814.0
1.0,25.0,294.0,380.0,421.0,561.0,4,814.0
1.0,25.0,8.0,380.0,421.0,561.0,4,814.0
1.0,25.0,294.0,380.0,421.0,561.0,4,814.0
1.0,25.0,8.0,133.0,380.0,423.0,4,586.0
1.0,25.0,8.0,380.0,421.0,423.0,4,586.0
1.0,25.0,8.0,380.0,421.0,423.0,4,586.0
1.0,25.0,294.0,380.0,421.0,586.0,4,814.0
1.0,25.0,294.0,380.0,421.0,586.0,4,814.0
1.0,16.0,285.0,296.0,298.0,832.0,4,996.0
1.0,16.0,200.0,296.0,641.0,677.0,4,832.0
1.0,16.0,200.0,296.0,641.0,832.0,4,996.0
1.0,16.0,200.0,285.0,641.0,832.0,4,996.0
1.0,16.0,285.0,296.0,641.0,832.0,4,996.0
1.0,16.0,200.0,285.0,296.0,298.0,4,832.0
1.0,25.0,133.0,294.0,380.0,561.0,4,814.0
1.0,25.0,294.0,561.0,586.0,695.0,4,814.0
1.0,25.0,294.0,380.0,398.0,586.0,4,695.0
1.0,25.0,8.0,133.0,380.0,561.0,4,814.0
1.0,25.0,8.0,133.0,380.0,561.0,4,814.0
1.0,25.0,133.0,294.0,380.0,695.0,4,814.0
1.0,25.0,133.0,294.0,380.0,561.0,4,814.0
1.0,25.0,133.0,294.0,561.0,695.0,4,814.0
1.0,25.0,133.0,294.0,380.0,586.0,4,814.0
1.0,4.0,85.0,158.0,494.0,589.0,4,646.0
1.0,4.0,81.0,85.0,494.0,589.0,4,646.0
1.0,4.0,46.0,81.0,158.0,487.0,4,992.0
1.0,4.0,81.0,85.0,494.0,589.0,4,646.0
1.0,4.0,46.0,81.0,85.0,158.0,4,646.0
1.0,4.0,46.0,81.0,85.0,646.0,4,947.0
1.0,4.0,46.0,81.0,85.0,589.0,4,646.0
1.0,25.0,133.0,294.0,380.0,561.0,4,814.0
1.0,25.0,8.0,133.0,380.0,423.0,4,561.0
1.0,25.0,294.0,421.0,423.0,695.0,4,814.0
1.0,25.0,8.0,421.0,423.0,561.0,4,695.0
1.0,25.0,133.0,294.0,380.0,561.0,4,814.0
1.0,25.0,133.0,294.0,380.0,561.0,4,695.0
1.0,25.0,133.0,294.0,380.0,561.0,4,814.0
1.0,25.0,133.0,294.0,586.0,695.0,4,814.0
1.0,25.0,294.0,421.0,586.0,695.0,4,814.0
1.0,25.0,294.0,421.0,586.0,695.0,4,814.0
1.0,25.0,8.0,380.0,421.0,586.0,4,814.0
1.0,25.0,8.0,380.0,421.0,586.0,4,814.0
1.0,25.0,294.0,380.0,421.0,586.0,4,814.0
1.0,25.0,294.0,380.0,421.0,586.0,4,814.0
1.0,29.0,86.0,103.0,338.0,505.0,4,725.0
1.0,29.0,338.0,505.0,550.0,725.0,4,800.0
1.0,29.0,201.0,505.0,725.0,800.0,4,914.0
1.0,29.0,86.0,505.0,725.0,800.0,4,914.0
1.0,29.0,86.0,103.0,505.0,550.0,4,800.0
1.0,29.0,86.0,103.0,338.0,505.0,4,725.0
1.0,29.0,86.0,103.0,338.0,505.0,4,725.0
1.0,29.0,86.0,103.0,338.0,505.0,4,725.0
1.0,29.0,103.0,201.0,505.0,550.0,4,800.0
1.0,29.0,86.0,103.0,201.0,800.0,4,914.0
1.0,29.0,86.0,201.0,725.0,800.0,4,914.0
1.0,13.0,15.0,114.0,161.0,182.0,4,192.0
1.0,13.0,114.0,161.0,182.0,192.0,4,956.0
1.0,13.0,114.0,182.0,192.0,532.0,4,956.0
1.0,13.0,15.0,192.0,210.0,532.0,4,956.0
1.0,13.0,15.0,161.0,182.0,803.0,4,871.0
1.0,13.0,114.0,182.0,192.0,532.0,4,956.0
1.0,13.0,114.0,182.0,192.0,532.0,4,956.0
1.0,13.0,15.0,161.0,182.0,192.0,4,871.0
1.0,13.0,15.0,161.0,192.0,871.0,4,956.0
1.0,13.0,161.0,182.0,192.0,871.0,4,956.0
1.0,13.0,161.0,182.0,192.0,871.0,4,956.0
1.0,25.0,116.0,294.0,380.0,421.0,4,561.0
1.0,25.0,8.0,116.0,133.0,380.0,4,561.0
1.0,25.0,8.0,116.0,133.0,380.0,4,814.0
1.0,25.0,8.0,116.0,133.0,380.0,4,814.0
1.0,25.0,294.0,380.0,421.0,695.0,4,814.0
1.0,25.0,294.0,380.0,421.0,561.0,4,814.0
1.0,25.0,294.0,380.0,421.0,561.0,4,814.0
1.0,25.0,116.0,294.0,421.0,561.0,4,814.0
1.0,25.0,116.0,133.0,294.0,380.0,4,695.0
1.0,25.0,116.0,133.0,294.0,380.0,4,695.0
1.0,25.0,116.0,133.0,294.0,380.0,4,695.0
1.0,25.0,116.0,133.0,294.0,561.0,4,814.0
1.0,25.0,8.0,116.0,561.0,586.0,4,814.0
1.0,25.0,8.0,116.0,561.0,586.0,4,814.0
1.0,25.0,8.0,380.0,561.0,586.0,4,814.0
1.0,25.0,133.0,294.0,380.0,695.0,4,814.0
1.0,25.0,8.0,380.0,561.0,586.0,4,695.0
1.0,25.0,8.0,380.0,561.0,586.0,4,695.0
1.0,25.0,294.0,561.0,586.0,695.0,4,814.0
1.0,25.0,133.0,294.0,380.0,561.0,4,814.0
1.0,25.0,116.0,294.0,561.0,586.0,4,814.0
1.0,25.0,8.0,133.0,380.0,561.0,4,814.0
1.0,25.0,133.0,294.0,380.0,561.0,4,695.0
1.0,25.0,294.0,380.0,586.0,695.0,4,814.0
1.0,25.0,116.0,133.0,294.0,380.0,4,695.0
1.0,25.0,116.0,133.0,294.0,380.0,4,561.0
1.0,25.0,116.0,294.0,561.0,586.0,4,814.0
1.0,15.0,95.0,226.0,602.0,786.0,4,860.0
1.0,15.0,373.0,537.0,714.0,719.0,4,930.0
1.0,15.0,714.0,719.0,786.0,860.0,4,930.0
1.0,15.0,714.0,719.0,786.0,860.0,4,930.0
1.0,9.0,68.0,151.0,815.0,828.0,4,941.0
1.0,9.0,151.0,452.0,815.0,828.0,4,941.0
1.0,9.0,74.0,151.0,452.0,815.0,4,941.0
1.0,9.0,34.0,74.0,151.0,452.0,4,941.0
1.0,9.0,34.0,74.0,446.0,452.0,4,845.0
1.0,9.0,34.0,74.0,446.0,828.0,4,845.0
1.0,9.0,34.0,74.0,446.0,828.0,4,845.0
1.0,9.0,68.0,151.0,815.0,828.0,4,941.0
1.0,9.0,68.0,74.0,151.0,452.0,4,828.0
1.0,9.0,74.0,452.0,815.0,845.0,4,941.0
1.0,9.0,68.0,151.0,452.0,828.0,4,941.0
1.0,25.0,133.0,294.0,380.0,695.0,4,814.0
1.0,25.0,8.0,133.0,380.0,561.0,4,814.0
1.0,25.0,294.0,561.0,586.0,695.0,4,814.0
1.0,25.0,294.0,380.0,561.0,586.0,4,695.0
1.0,25.0,294.0,380.0,586.0,695.0,4,814.0
1.0,25.0,133.0,294.0,380.0,695.0,4,814.0
1.0,25.0,116.0,133.0,294.0,380.0,4,695.0
1.0,25.0,116.0,133.0,294.0,380.0,4,695.0
1.0,25.0,133.0,294.0,380.0,561.0,4,814.0
1.0,25.0,133.0,294.0,380.0,695.0,4,814.0
1.0,25.0,294.0,380.0,421.0,561.0,4,695.0
1.0,25.0,294.0,380.0,421.0,561.0,4,695.0
1.0,25.0,133.0,294.0,380.0,586.0,4,814.0
1.0,25.0,294.0,380.0,421.0,561.0,4,586.0
1.0,25.0,133.0,294.0,561.0,586.0,4,814.0
1.0,25.0,133.0,294.0,561.0,586.0,4,814.0
1.0,25.0,133.0,294.0,380.0,586.0,4,814.0
1.0,26.0,41.0,843.0,874.0,948.0,4,1024.0
1.0,26.0,41.0,634.0,824.0,843.0,4,874.0
1.0,26.0,41.0,634.0,824.0,843.0,4,874.0
1.0,26.0,41.0,843.0,874.0,948.0,4,1024.0
1.0,26.0,41.0,843.0,874.0,948.0,4,1024.0
1.0,26.0,40.0,582.0,634.0,824.0,4,843.0
1.0,26.0,40.0,582.0,634.0,824.0,4,843.0
1.0,26.0,40.0,41.0,634.0,874.0,4,948.0
1.0,26.0,40.0,41.0,634.0,874.0,4,948.0
1.0,12.0,216.0,682.0,715.0,969.0,4,983.0
1.0,12.0,216.0,417.0,682.0,903.0,4,983.0
1.0,12.0,216.0,417.0,682.0,903.0,4,983.0
1.0,12.0,417.0,682.0,715.0,903.0,4,983.0
1.0,12.0,216.0,417.0,556.0,903.0,4,983.0
1.0,12.0,417.0,682.0,715.0,903.0,4,983.0
1.0,12.0,417.0,682.0,715.0,903.0,4,983.0
1.0,12.0,216.0,462.0,682.0,715.0,4,969.0
1.0,12.0,462.0,556.0,715.0,903.0,4,969.0
1.0,25.0,133.0,294.0,561.0,695.0,4,814.0
1.0,25.0,133.0,294.0,380.0,695.0,4,814.0
1.0,25.0,133.0,294.0,380.0,695.0,4,814.0
1.0,25.0,116.0,133.0,294.0,695.0,4,814.0
1.0,25.0,116.0,294.0,380.0,586.0,4,695.0
1.0,25.0,116.0,294.0,380.0,561.0,4,586.0
1.0,25.0,8.0,116.0,561.0,586.0,4,814.0
1.0,25.0,294.0,380.0,561.0,586.0,4,814.0
1.0,25.0,294.0,380.0,561.0,586.0,4,814.0
1.0,25.0,294.0,380.0,421.0,695.0,4,814.0
1.0,25.0,294.0,380.0,421.0,695.0,4,814.0
1.0,25.0,294.0,380.0,421.0,695.0,4,814.0
1.0,25.0,294.0,380.0,421.0,695.0,4,814.0
1.0,25.0,8.0,380.0,421.0,695.0,4,814.0
1.0,25.0,294.0,380.0,421.0,695.0,4,814.0
1.0,25.0,116.0,294.0,380.0,421.0,4,561.0
1.0,25.0,116.0,294.0,561.0,586.0,4,814.0
1.0,25.0,116.0,294.0,561.0,586.0,4,814.0
1.0,25.0,8.0,380.0,421.0,561.0,4,814.0
1.0,25.0,294.0,380.0,421.0,695.0,4,814.0
1.0,25.0,116.0,294.0,380.0,421.0,4,695.0
1.0,25.0,116.0,294.0,380.0,421.0,4,561.0
1.0,25.0,8.0,133.0,380.0,695.0,4,814.0
1.0,25.0,294.0,380.0,421.0,695.0,4,814.0
1.0,25.0,294.0,380.0,421.0,695.0,4,814.0
1.0,25.0,116.0,294.0,380.0,421.0,4,695.0
1.0,25.0,116.0,294.0,421.0,561.0,4,814.0
1.0,25.0,8.0,133.0,380.0,561.0,4,814.0
1.0,25.0,294.0,380.0,421.0,561.0,4,814.0
1.0,25.0,294.0,380.0,421.0,695.0,4,814.0
1.0,25.0,294.0,380.0,421.0,561.0,4,814.0
1.0,9.0,68.0,151.0,815.0,828.0,4,941.0
1.0,9.0,68.0,74.0,151.0,452.0,4,941.0
1.0,9.0,68.0,74.0,151.0,452.0,4,941.0
1.0,9.0,68.0,446.0,452.0,828.0,4,845.0
1.0,9.0,34.0,74.0,446.0,452.0,4,845.0
1.0,9.0,34.0,74.0,446.0,845.0,4,1011.0
1.0,32.0,44.0,61.0,155.0,420.0,4,524.0
1.0,32.0,61.0,155.0,420.0,524.0,4,816.0
1.0,32.0,135.0,155.0,450.0,538.0,4,816.0
1.0,32.0,61.0,135.0,155.0,420.0,4,524.0
1.0,32.0,61.0,135.0,155.0,420.0,4,524.0
1.0,32.0,44.0,61.0,155.0,420.0,4,524.0
1.0,32.0,61.0,135.0,155.0,420.0,4,524.0
1.0,32.0,61.0,135.0,155.0,420.0,4,524.0
1.0,25.0,294.0,380.0,421.0,695.0,4,814.0
1.0,25.0,116.0,294.0,421.0,695.0,4,814.0
1.0,25.0,8.0,116.0,380.0,561.0,4,586.0
1.0,25.0,8.0,116.0,380.0,561.0,4,586.0
1.0,25.0,8.0,380.0,561.0,586.0,4,814.0
1.0,25.0,294.0,380.0,561.0,586.0,4,814.0
1.0,25.0,294.0,380.0,421.0,561.0,4,814.0
1.0,25.0,294.0,380.0,421.0,695.0,4,814.0
1.0,25.0,294.0,380.0,421.0,695.0,4,814.0
1.0,25.0,116.0,294.0,380.0,421.0,4,561.0
1.0,25.0,294.0,380.0,561.0,586.0,4,695.0
1.0,25.0,294.0,380.0,586.0,695.0,4,814.0
1.0,25.0,294.0,380.0,586.0,695.0,4,814.0
1.0,25.0,294.0,380.0,421.0,561.0,4,814.0
1.0,25.0,294.0,380.0,421.0,695.0,4,814.0
1.0,25.0,8.0,380.0,561.0,586.0,4,814.0
1.0,25.0,294.0,380.0,561.0,586.0,4,814.0
1.0,25.0,294.0,380.0,421.0,561.0,4,814.0
1.0,25.0,294.0,380.0,421.0,695.0,4,814.0
1.0,25.0,294.0,380.0,421.0,695.0,4,814.0
1.0,25.0,116.0,294.0,421.0,695.0,4,814.0
1.0,25.0,8.0,116.0,421.0,561.0,4,814.0
1.0,25.0,8.0,116.0,561.0,586.0,4,814.0
1.0,25.0,8.0,116.0,561.0,586.0,4,814.0
1.0,25.0,294.0,380.0,561.0,586.0,4,814.0
1.0,25.0,294.0,380.0,561.0,586.0,4,814.0
1.0,26.0,40.0,41.0,874.0,948.0,4,1024.0
1.0,26.0,41.0,129.0,634.0,824.0,4,843.0
1.0,26.0,40.0,41.0,129.0,948.0,4,1024.0
1.0,26.0,40.0,41.0,129.0,948.0,4,1024.0
1.0,26.0,40.0,41.0,824.0,948.0,4,1024.0
1.0,26.0,40.0,634.0,824.0,843.0,4,874.0
1.0,26.0,40.0,41.0,824.0,948.0,4,1024.0
1.0,25.0,116.0,294.0,380.0,561.0,4,695.0
1.0,25.0,8.0,116.0,380.0,561.0,4,695.0
1.0,25.0,8.0,116.0,133.0,695.0,4,814.0
1.0,25.0,133.0,294.0,380.0,561.0,4,814.0
1.0,25.0,133.0,294.0,380.0,561.0,4,814.0
1.0,25.0,133.0,294.0,380.0,695.0,4,814.0
1.0,25.0,116.0,133.0,294.0,380.0,4,695.0
1.0,25.0,116.0,133.0,294.0,380.0,4,561.0
1.0,25.0,133.0,294.0,380.0,561.0,4,814.0
1.0,25.0,133.0,294.0,380.0,561.0,4,814.0
1.0,25.0,133.0,294.0,380.0,398.0,4,814.0
1.0,25.0,133.0,294.0,380.0,398.0,4,814.0
1.0,25.0,294.0,380.0,421.0,695.0,4,814.0
1.0,25.0,8.0,133.0,380.0,561.0,4,695.0
1.0,25.0,8.0,133.0,380.0,561.0,4,695.0
1.0,25.0,133.0,294.0,380.0,695.0,4,814.0
1.0,25.0,8.0,380.0,421.0,561.0,4,814.0
1.0,25.0,294.0,380.0,421.0,695.0,4,814.0
1.0,25.0,294.0,380.0,421.0,695.0,4,814.0
1.0,25.0,116.0,133.0,294.0,561.0,4,814.0
1.0,25.0,116.0,133.0,294.0,561.0,4,814.0
1.0,25.0,133.0,294.0,380.0,561.0,4,814.0
1.0,25.0,133.0,294.0,380.0,561.0,4,814.0
1.0,25.0,133.0,294.0,380.0,561.0,4,814.0
1.0,25.0,294.0,380.0,421.0,561.0,4,814.0
1.0,34.0,36.0,278.0,753.0,766.0,4,847.0
1.0,34.0,36.0,55.0,224.0,247.0,4,847.0
1.0,34.0,36.0,247.0,753.0,766.0,4,847.0
1.0,34.0,224.0,278.0,753.0,766.0,4,847.0
1.0,25.0,294.0,380.0,421.0,695.0,4,814.0
1.0,25.0,294.0,380.0,421.0,695.0,4,814.0
1.0,25.0,116.0,294.0,380.0,421.0,4,695.0
1.0,25.0,133.0,294.0,380.0,561.0,4,814.0
1.0,25.0,133.0,294.0,380.0,561.0,4,814.0
1.0,25.0,133.0,294.0,380.0,561.0,4,814.0
1.0,25.0,133.0,294.0,561.0,695.0,4,814.0
1.0,25.0,133.0,294.0,380.0,561.0,4,814.0
1.0,25.0,294.0,380.0,421.0,695.0,4,814.0
1.0,25.0,116.0,294.0,421.0,695.0,4,814.0
1.0,25.0,116.0,294.0,421.0,695.0,4,814.0
1.0,25.0,8.0,133.0,380.0,561.0,4,814.0
1.0,25.0,8.0,133.0,380.0,561.0,4,814.0
1.0,25.0,116.0,133.0,294.0,695.0,4,814.0
1.0,25.0,116.0,133.0,294.0,695.0,4,814.0
1.0,25.0,294.0,380.0,421.0,695.0,4,814.0
1.0,25.0,116.0,133.0,294.0,561.0,4,814.0
1.0,25.0,133.0,294.0,380.0,561.0,4,814.0
1.0,25.0,116.0,380.0,561.0,586.0,4,814.0
1.0,16.0,24.0,200.0,457.0,495.0,4,832.0
1.0,16.0,24.0,95.0,200.0,457.0,4,495.0
1.0,16.0,24.0,95.0,165.0,495.0,4,832.0
1.0,16.0,24.0,95.0,165.0,495.0,4,832.0
1.0,16.0,24.0,95.0,165.0,495.0,4,832.0
1.0,16.0,165.0,200.0,457.0,495.0,4,832.0
1.0,16.0,165.0,200.0,457.0,495.0,4,832.0
1.0,16.0,24.0,200.0,457.0,677.0,4,832.0
1.0,16.0,200.0,457.0,495.0,677.0,4,832.0
1.0,16.0,95.0,200.0,457.0,495.0,4,832.0
1.0,16.0,95.0,165.0,457.0,495.0,4,832.0
1.0,16.0,95.0,165.0,457.0,495.0,4,832.0
1.0,16.0,200.0,457.0,495.0,677.0,4,832.0
1.0,25.0,294.0,380.0,421.0,695.0,4,814.0
1.0,25.0,116.0,294.0,380.0,421.0,4,695.0
1.0,25.0,8.0,133.0,380.0,561.0,4,814.0
1.0,25.0,116.0,133.0,294.0,561.0,4,814.0
1.0,25.0,133.0,294.0,380.0,561.0,4,695.0
1.0,25.0,116.0,294.0,421.0,695.0,4,814.0
1.0,25.0,133.0,294.0,380.0,561.0,4,814.0
1.0,25.0,116.0,380.0,421.0,561.0,4,814.0
1.0,25.0,294.0,380.0,421.0,561.0,4,814.0
1.0,25.0,294.0,380.0,421.0,561.0,4,814.0
1.0,25.0,116.0,294.0,380.0,421.0,4,695.0
1.0,25.0,116.0,294.0,380.0,421.0,4,695.0
1.0,25.0,116.0,294.0,380.0,421.0,4,695.0
1.0,25.0,8.0,380.0,561.0,586.0,4,780.0
1.0,25.0,8.0,561.0,586.0,780.0,4,814.0
1.0,25.0,8.0,561.0,586.0,780.0,4,814.0
1.0,25.0,294.0,380.0,421.0,695.0,4,814.0
1.0,25.0,294.0,561.0,586.0,780.0,4,814.0
1.0,25.0,294.0,380.0,561.0,586.0,4,814.0
1.0,25.0,294.0,380.0,421.0,561.0,4,814.0
1.0,25.0,294.0,380.0,421.0,695.0,4,814.0
1.0,25.0,116.0,294.0,380.0,561.0,4,586.0
1.0,25.0,294.0,380.0,421.0,561.0,4,814.0
1.0,25.0,133.0,294.0,380.0,695.0,4,780.0
1.0,25.0,8.0,133.0,380.0,695.0,4,780.0
1.0,25.0,8.0,380.0,421.0,561.0,4,814.0
1.0,25.0,294.0,380.0,421.0,695.0,4,814.0
1.0,25.0,116.0,294.0,380.0,421.0,4,695.0
1.0,25.0,8.0,380.0,561.0,586.0,4,814.0
1.0,25.0,8.0,380.0,561.0,586.0,4,814.0
1.0,25.0,294.0,380.0,561.0,586.0,4,695.0
1.0,25.0,294.0,380.0,421.0,586.0,4,814.0
1.0,25.0,294.0,380.0,421.0,695.0,4,814.0
1.0,25.0,294.0,380.0,421.0,695.0,4,814.0
1.0,25.0,8.0,380.0,421.0,561.0,4,695.0
1.0,25.0,8.0,116.0,561.0,586.0,4,695.0
1.0,25.0,8.0,116.0,561.0,586.0,4,814.0
1.0,25.0,8.0,116.0,398.0,561.0,4,586.0
1.0,0.0,493.0,527.0,535.0,713.0,4,1037.0
1.0,0.0,493.0,527.0,535.0,713.0,4,1037.0
1.0,0.0,13.0,493.0,535.0,686.0,4,713.0
1.0,0.0,493.0,527.0,535.0,713.0,4,1037.0
1.0,0.0,493.0,527.0,535.0,713.0,4,1037.0
1.0,0.0,493.0,527.0,535.0,713.0,4,1037.0
1.0,25.0,294.0,561.0,586.0,695.0,4,814.0
1.0,25.0,294.0,561.0,586.0,695.0,4,814.0
1.0,25.0,133.0,294.0,380.0,586.0,4,695.0
1.0,25.0,8.0,133.0,561.0,586.0,4,814.0
1.0,25.0,294.0,561.0,586.0,695.0,4,814.0
1.0,25.0,116.0,133.0,294.0,586.0,4,695.0
1.0,25.0,133.0,294.0,561.0,586.0,4,814.0
1.0,17.0,211.0,262.0,708.0,730.0,4,1033.0
1.0,17.0,211.0,262.0,708.0,730.0,4,1033.0
1.0,17.0,79.0,97.0,149.0,857.0,4,1033.0
1.0,17.0,262.0,708.0,709.0,730.0,4,1033.0
1.0,17.0,79.0,211.0,809.0,857.0,4,1033.0
1.0,17.0,79.0,413.0,809.0,857.0,4,1033.0
1.0,17.0,79.0,413.0,809.0,857.0,4,1033.0
1.0,25.0,133.0,294.0,380.0,695.0,4,814.0
1.0,25.0,133.0,294.0,695.0,780.0,4,814.0
1.0,25.0,133.0,294.0,380.0,561.0,4,780.0
1.0,25.0,8.0,380.0,561.0,586.0,4,780.0
1.0,25.0,8.0,380.0,561.0,586.0,4,814.0
1.0,25.0,294.0,380.0,561.0,586.0,4,780.0
1.0,25.0,133.0,294.0,380.0,561.0,4,695.0
1.0,25.0,133.0,294.0,380.0,561.0,4,695.0
1.0,25.0,294.0,561.0,586.0,780.0,4,814.0
1.0,25.0,294.0,380.0,586.0,695.0,4,814.0
1.0,25.0,294.0,380.0,586.0,695.0,4,814.0
1.0,6.0,85.0,250.0,265.0,623.0,4,1039.0
1.0,6.0,35.0,213.0,265.0,494.0,4,623.0
1.0,6.0,35.0,213.0,494.0,623.0,4,1010.0
1.0,6.0,35.0,213.0,265.0,494.0,4,1010.0
1.0,6.0,35.0,213.0,623.0,1010.0,4,1039.0
1.0,6.0,35.0,213.0,623.0,1010.0,4,1039.0
1.0,6.0,85.0,250.0,623.0,1010.0,4,1039.0
1.0,6.0,85.0,250.0,265.0,623.0,4,1039.0
1.0,23.0,234.0,418.0,440.0,1027.0,4,1036.0
1.0,23.0,234.0,418.0,440.0,1027.0,4,1036.0
1.0,23.0,340.0,418.0,740.0,827.0,4,1036.0
1.0,23.0,234.0,418.0,440.0,740.0,4,1027.0
1.0,23.0,234.0,418.0,440.0,1027.0,4,1036.0
1.0,23.0,340.0,673.0,740.0,1027.0,4,1036.0
1.0,23.0,340.0,673.0,740.0,1027.0,4,1036.0
1.0,23.0,234.0,340.0,673.0,740.0,4,1027.0
1.0,23.0,234.0,673.0,740.0,827.0,4,1027.0
1.0,25.0,8.0,133.0,561.0,695.0,4,814.0
1.0,25.0,8.0,133.0,561.0,695.0,4,814.0
1.0,25.0,133.0,294.0,380.0,561.0,4,586.0
1.0,25.0,133.0,294.0,380.0,561.0,4,586.0
1.0,25.0,133.0,294.0,380.0,586.0,4,814.0
1.0,25.0,294.0,380.0,421.0,695.0,4,814.0
1.0,25.0,294.0,421.0,561.0,695.0,4,814.0
1.0,25.0,294.0,380.0,421.0,695.0,4,814.0
1.0,25.0,8.0,421.0,561.0,695.0,4,814.0
1.0,25.0,8.0,380.0,421.0,561.0,4,814.0
1.0,25.0,133.0,294.0,380.0,586.0,4,814.0
1.0,25.0,133.0,294.0,380.0,586.0,4,814.0
1.0,25.0,133.0,294.0,380.0,398.0,4,814.0
1.0,25.0,294.0,380.0,421.0,695.0,4,814.0
1.0,25.0,294.0,421.0,561.0,695.0,4,814.0
1.0,25.0,133.0,294.0,380.0,561.0,4,695.0
1.0,25.0,8.0,133.0,380.0,561.0,4,814.0
1.0,25.0,8.0,133.0,380.0,561.0,4,814.0
1.0,25.0,294.0,380.0,421.0,695.0,4,814.0
1.0,25.0,8.0,380.0,421.0,586.0,4,695.0
1.0,4.0,487.0,589.0,616.0,646.0,4,992.0
1.0,4.0,46.0,81.0,487.0,589.0,4,646.0
1.0,4.0,3.0,46.0,81.0,158.0,4,947.0
1.0,4.0,158.0,487.0,589.0,947.0,4,992.0
1.0,4.0,46.0,158.0,487.0,646.0,4,992.0
1.0,4.0,46.0,487.0,589.0,616.0,4,646.0
1.0,4.0,3.0,46.0,589.0,646.0,4,947.0
1.0,4.0,144.0,158.0,487.0,897.0,4,947.0
1.0,0.0,493.0,527.0,535.0,870.0,4,1037.0
1.0,0.0,6.0,527.0,686.0,870.0,4,1037.0
1.0,0.0,6.0,13.0,527.0,535.0,4,686.0
1.0,0.0,6.0,13.0,527.0,535.0,4,686.0
1.0,0.0,13.0,527.0,535.0,686.0,4,870.0
1.0,0.0,6.0,13.0,527.0,535.0,4,870.0
1.0,0.0,527.0,535.0,686.0,870.0,4,1037.0
1.0,0.0,527.0,535.0,686.0,870.0,4,1037.0
1.0,25.0,133.0,294.0,380.0,695.0,4,814.0
1.0,25.0,133.0,294.0,380.0,695.0,4,814.0
1.0,25.0,133.0,294.0,561.0,695.0,4,814.0
1.0,25.0,133.0,294.0,561.0,695.0,4,814.0
1.0,25.0,8.0,380.0,561.0,586.0,4,780.0
1.0,25.0,133.0,398.0,662.0,695.0,4,780.0
1.0,25.0,133.0,398.0,423.0,561.0,4,662.0
1.0,25.0,133.0,423.0,561.0,586.0,4,662.0
1.0,25.0,398.0,423.0,561.0,586.0,4,662.0
1.0,25.0,133.0,398.0,423.0,561.0,4,662.0
1.0,12.0,216.0,233.0,417.0,462.0,4,715.0
1.0,12.0,216.0,233.0,417.0,462.0,4,715.0
1.0,12.0,233.0,462.0,682.0,715.0,4,969.0
1.0,12.0,233.0,417.0,462.0,682.0,4,715.0
1.0,12.0,233.0,417.0,462.0,556.0,4,715.0
1.0,12.0,42.0,387.0,462.0,556.0,4,969.0
1.0,12.0,42.0,189.0,387.0,417.0,4,715.0
1.0,12.0,216.0,233.0,387.0,417.0,4,715.0
1.0,12.0,189.0,216.0,233.0,417.0,4,715.0
1.0,12.0,216.0,387.0,462.0,715.0,4,969.0
1.0,12.0,216.0,387.0,417.0,462.0,4,715.0
1.0,12.0,216.0,233.0,387.0,417.0,4,715.0
1.0,12.0,233.0,387.0,417.0,682.0,4,715.0
1.0,12.0,216.0,417.0,462.0,682.0,4,715.0
1.0,12.0,216.0,417.0,462.0,477.0,4,715.0
1.0,12.0,233.0,387.0,417.0,682.0,4,715.0
1.0,12.0,216.0,233.0,387.0,417.0,4,715.0
1.0,12.0,216.0,233.0,387.0,417.0,4,715.0
1.0,12.0,216.0,417.0,462.0,477.0,4,715.0
1.0,12.0,233.0,387.0,417.0,682.0,4,715.0
1.0,12.0,216.0,233.0,417.0,462.0,4,715.0
1.0,12.0,216.0,417.0,462.0,556.0,4,715.0
1.0,15.0,209.0,719.0,786.0,860.0,4,930.0
1.0,15.0,140.0,602.0,719.0,786.0,4,930.0
1.0,15.0,140.0,373.0,537.0,602.0,4,786.0
1.0,15.0,140.0,209.0,226.0,537.0,4,719.0
1.0,15.0,140.0,209.0,226.0,719.0,4,786.0
1.0,15.0,140.0,209.0,226.0,719.0,4,786.0
1.0,15.0,209.0,226.0,537.0,719.0,4,786.0
1.0,15.0,226.0,602.0,719.0,786.0,4,860.0
1.0,15.0,226.0,602.0,719.0,786.0,4,860.0
1.0,12.0,216.0,417.0,477.0,715.0,4,983.0
1.0,12.0,216.0,233.0,903.0,969.0,4,983.0
1.0,12.0,216.0,233.0,903.0,969.0,4,983.0
1.0,12.0,216.0,477.0,903.0,969.0,4,983.0
1.0,12.0,216.0,417.0,462.0,477.0,4,715.0
1.0,12.0,216.0,233.0,682.0,715.0,4,903.0
1.0,12.0,216.0,417.0,477.0,715.0,4,983.0
1.0,12.0,216.0,417.0,462.0,715.0,4,983.0
1.0,12.0,477.0,556.0,715.0,903.0,4,969.0
1.0,12.0,216.0,417.0,462.0,477.0,4,903.0
1.0,12.0,216.0,417.0,462.0,477.0,4,903.0
1.0,12.0,462.0,477.0,556.0,715.0,4,969.0
1.0,12.0,417.0,462.0,477.0,556.0,4,715.0
1.0,12.0,216.0,417.0,462.0,477.0,4,556.0
1.0,34.0,55.0,112.0,137.0,247.0,4,355.0
1.0,34.0,36.0,55.0,137.0,224.0,4,355.0
1.0,34.0,36.0,67.0,112.0,224.0,4,247.0
1.0,34.0,36.0,67.0,112.0,224.0,4,247.0
1.0,34.0,55.0,112.0,137.0,247.0,4,355.0
1.0,34.0,36.0,55.0,112.0,137.0,4,355.0
1.0,34.0,36.0,55.0,67.0,137.0,4,355.0
1.0,34.0,36.0,67.0,137.0,224.0,4,355.0
1.0,34.0,55.0,67.0,112.0,224.0,4,355.0
1.0,32.0,135.0,450.0,522.0,524.0,4,595.0
1.0,32.0,135.0,450.0,522.0,524.0,4,595.0
1.0,32.0,135.0,155.0,450.0,522.0,4,933.0
1.0,32.0,61.0,155.0,420.0,522.0,4,933.0
1.0,32.0,61.0,155.0,420.0,650.0,4,933.0
1.0,32.0,61.0,155.0,420.0,650.0,4,933.0
1.0,32.0,61.0,450.0,522.0,524.0,4,595.0
1.0,32.0,61.0,450.0,522.0,524.0,4,595.0
1.0,32.0,61.0,450.0,522.0,524.0,4,595.0
1.0,32.0,135.0,450.0,522.0,524.0,4,595.0
1.0,32.0,61.0,135.0,155.0,522.0,4,524.0
1.0,12.0,216.0,417.0,462.0,715.0,4,983.0
1.0,12.0,216.0,417.0,462.0,903.0,4,983.0
1.0,12.0,233.0,682.0,903.0,969.0,4,983.0
1.0,12.0,216.0,417.0,462.0,715.0,4,903.0
1.0,12.0,216.0,233.0,417.0,462.0,4,715.0
1.0,12.0,216.0,462.0,682.0,969.0,4,983.0
1.0,12.0,216.0,417.0,462.0,682.0,4,983.0
1.0,12.0,216.0,417.0,462.0,715.0,4,983.0
1.0,12.0,216.0,233.0,682.0,903.0,4,983.0
1.0,12.0,216.0,417.0,462.0,682.0,4,903.0
1.0,12.0,216.0,417.0,462.0,715.0,4,983.0
1.0,12.0,216.0,233.0,417.0,462.0,4,682.0
1.0,12.0,216.0,233.0,417.0,682.0,4,903.0
1.0,12.0,216.0,233.0,417.0,682.0,4,903.0
1.0,12.0,216.0,233.0,417.0,682.0,4,903.0
1.0,12.0,216.0,233.0,682.0,715.0,4,903.0
1.0,12.0,216.0,417.0,462.0,682.0,4,903.0
1.0,28.0,110.0,497.0,608.0,685.0,4,922.0
1.0,28.0,110.0,444.0,608.0,922.0,4,971.0
1.0,28.0,444.0,685.0,804.0,890.0,4,971.0
1.0,28.0,110.0,444.0,497.0,608.0,4,922.0
1.0,28.0,110.0,444.0,608.0,922.0,4,971.0
1.0,28.0,110.0,444.0,608.0,685.0,4,971.0
1.0,28.0,444.0,608.0,685.0,890.0,4,971.0
1.0,28.0,444.0,497.0,685.0,890.0,4,971.0
1.0,28.0,444.0,497.0,685.0,890.0,4,971.0
1.0,28.0,110.0,444.0,497.0,685.0,4,971.0
1.0,28.0,110.0,444.0,608.0,685.0,4,971.0
1.0,28.0,110.0,444.0,608.0,685.0,4,971.0
1.0,13.0,15.0,161.0,192.0,210.0,4,956.0
1.0,13.0,15.0,161.0,192.0,210.0,4,956.0
1.0,13.0,5.0,15.0,182.0,210.0,4,956.0
1.0,13.0,5.0,15.0,182.0,210.0,4,956.0
1.0,13.0,15.0,161.0,182.0,210.0,4,956.0
1.0,13.0,114.0,161.0,182.0,192.0,4,956.0
1.0,13.0,5.0,210.0,803.0,858.0,4,956.0
1.0,13.0,5.0,161.0,192.0,210.0,4,803.0
1.0,6.0,290.0,323.0,876.0,897.0,4,1039.0
1.0,6.0,35.0,290.0,323.0,616.0,4,623.0
1.0,6.0,35.0,208.0,390.0,616.0,4,623.0
1.0,6.0,290.0,323.0,616.0,623.0,4,1039.0
1.0,6.0,290.0,323.0,616.0,623.0,4,1039.0
1.0,6.0,290.0,323.0,876.0,897.0,4,1039.0
1.0,6.0,35.0,323.0,616.0,623.0,4,1039.0
1.0,6.0,35.0,208.0,390.0,616.0,4,623.0
1.0,6.0,35.0,208.0,390.0,616.0,4,623.0
1.0,6.0,208.0,390.0,616.0,876.0,4,1039.0
1.0,6.0,323.0,390.0,616.0,876.0,4,1039.0
1.0,12.0,216.0,417.0,477.0,682.0,4,983.0
1.0,12.0,417.0,477.0,556.0,682.0,4,983.0
1.0,12.0,417.0,477.0,556.0,682.0,4,903.0
1.0,12.0,216.0,233.0,417.0,556.0,4,903.0
1.0,12.0,216.0,233.0,417.0,556.0,4,715.0
1.0,12.0,216.0,233.0,556.0,682.0,4,715.0
1.0,12.0,216.0,417.0,477.0,682.0,4,715.0
1.0,12.0,216.0,417.0,477.0,556.0,4,715.0
1.0,12.0,216.0,233.0,417.0,556.0,4,715.0
1.0,12.0,417.0,477.0,556.0,682.0,4,715.0
1.0,12.0,216.0,417.0,477.0,715.0,4,983.0
1.0,12.0,216.0,233.0,462.0,556.0,4,682.0
1.0,12.0,216.0,417.0,477.0,715.0,4,983.0
1.0,12.0,216.0,417.0,477.0,715.0,4,983.0
1.0,12.0,216.0,417.0,477.0,715.0,4,983.0
1.0,12.0,417.0,462.0,477.0,556.0,4,715.0
1.0,12.0,417.0,477.0,556.0,715.0,4,983.0
1.0,12.0,216.0,233.0,417.0,715.0,4,983.0
1.0,12.0,216.0,233.0,417.0,715.0,4,983.0
1.0,12.0,462.0,556.0,682.0,715.0,4,903.0
1.0,16.0,285.0,296.0,457.0,898.0,4,996.0
1.0,16.0,285.0,296.0,457.0,677.0,4,898.0
1.0,16.0,31.0,165.0,296.0,832.0,4,996.0
1.0,16.0,31.0,165.0,296.0,832.0,4,996.0
1.0,16.0,165.0,200.0,677.0,832.0,4,898.0
1.0,16.0,200.0,457.0,677.0,832.0,4,898.0
1.0,16.0,285.0,296.0,457.0,898.0,4,996.0
1.0,16.0,31.0,285.0,296.0,832.0,4,996.0
1.0,16.0,31.0,200.0,296.0,832.0,4,996.0
1.0,16.0,296.0,457.0,832.0,898.0,4,996.0
1.0,16.0,165.0,200.0,285.0,832.0,4,898.0
1.0,16.0,200.0,296.0,832.0,898.0,4,996.0
1.0,16.0,200.0,296.0,832.0,898.0,4,996.0
1.0,16.0,31.0,200.0,296.0,832.0,4,996.0
1.0,23.0,307.0,340.0,418.0,798.0,4,1036.0
1.0,23.0,234.0,340.0,418.0,921.0,4,1036.0
1.0,23.0,307.0,418.0,798.0,921.0,4,1036.0
1.0,23.0,307.0,340.0,418.0,798.0,4,1036.0
1.0,23.0,234.0,340.0,418.0,827.0,4,921.0
1.0,23.0,234.0,340.0,673.0,827.0,4,921.0
1.0,12.0,216.0,233.0,462.0,556.0,4,682.0
1.0,12.0,216.0,462.0,477.0,682.0,4,715.0
1.0,12.0,216.0,477.0,556.0,682.0,4,983.0
1.0,12.0,216.0,477.0,556.0,682.0,4,983.0
1.0,12.0,42.0,216.0,477.0,556.0,4,983.0
1.0,12.0,42.0,216.0,477.0,715.0,4,983.0
1.0,12.0,462.0,556.0,682.0,715.0,4,983.0
1.0,12.0,462.0,556.0,682.0,715.0,4,983.0
1.0,12.0,216.0,462.0,556.0,682.0,4,983.0
1.0,12.0,42.0,216.0,477.0,556.0,4,682.0
1.0,12.0,42.0,216.0,477.0,556.0,4,715.0
1.0,18.0,14.0,191.0,351.0,866.0,4,886.0
1.0,18.0,65.0,191.0,351.0,866.0,4,886.0
1.0,18.0,14.0,65.0,351.0,866.0,4,886.0
1.0,18.0,65.0,166.0,181.0,351.0,4,886.0
1.0,18.0,166.0,181.0,191.0,866.0,4,886.0
1.0,18.0,166.0,181.0,191.0,866.0,4,886.0
1.0,18.0,14.0,65.0,181.0,866.0,4,886.0
1.0,18.0,14.0,166.0,181.0,866.0,4,886.0
1.0,18.0,14.0,166.0,181.0,866.0,4,886.0
1.0,18.0,14.0,65.0,181.0,351.0,4,886.0
1.0,18.0,14.0,65.0,181.0,351.0,4,886.0
1.0,18.0,14.0,181.0,191.0,866.0,4,886.0
1.0,12.0,216.0,417.0,477.0,715.0,4,983.0
1.0,12.0,216.0,387.0,417.0,715.0,4,983.0
1.0,12.0,462.0,556.0,682.0,715.0,4,903.0
1.0,12.0,216.0,417.0,462.0,556.0,4,983.0
1.0,12.0,417.0,462.0,477.0,556.0,4,715.0
1.0,12.0,216.0,417.0,477.0,682.0,4,983.0
1.0,12.0,216.0,417.0,477.0,715.0,4,983.0
1.0,12.0,216.0,417.0,462.0,477.0,4,715.0
1.0,0.0,13.0,59.0,493.0,535.0,4,686.0
1.0,0.0,59.0,493.0,686.0,905.0,4,1037.0
1.0,0.0,6.0,493.0,686.0,905.0,4,1037.0
1.0,0.0,13.0,59.0,493.0,686.0,4,1037.0
1.0,0.0,13.0,59.0,493.0,535.0,4,686.0
1.0,0.0,13.0,59.0,493.0,535.0,4,686.0
1.0,0.0,13.0,59.0,493.0,527.0,4,686.0
1.0,0.0,13.0,59.0,493.0,527.0,4,686.0
1.0,0.0,13.0,59.0,493.0,686.0,4,905.0
1.0,0.0,6.0,13.0,493.0,527.0,4,905.0
1.0,0.0,6.0,493.0,527.0,905.0,4,1037.0
1.0,0.0,59.0,493.0,535.0,686.0,4,1037.0
1.0,0.0,59.0,493.0,527.0,535.0,4,686.0
1.0,9.0,68.0,151.0,815.0,828.0,4,941.0
1.0,9.0,151.0,446.0,452.0,815.0,4,845.0
1.0,9.0,446.0,452.0,815.0,828.0,4,845.0
1.0,9.0,68.0,446.0,452.0,828.0,4,845.0
1.0,9.0,68.0,446.0,452.0,828.0,4,845.0
1.0,9.0,68.0,151.0,446.0,452.0,4,828.0
1.0,9.0,68.0,74.0,151.0,446.0,4,815.0
1.0,9.0,68.0,74.0,151.0,446.0,4,797.0
1.0,9.0,68.0,151.0,815.0,828.0,4,941.0
1.0,9.0,151.0,452.0,815.0,828.0,4,941.0
1.0,12.0,42.0,216.0,477.0,715.0,4,983.0
1.0,12.0,216.0,387.0,462.0,556.0,4,682.0
1.0,12.0,477.0,556.0,682.0,715.0,4,983.0
1.0,12.0,216.0,477.0,556.0,682.0,4,983.0
1.0,12.0,216.0,477.0,556.0,682.0,4,983.0
1.0,12.0,42.0,216.0,462.0,477.0,4,715.0
1.0,12.0,42.0,216.0,477.0,715.0,4,983.0
1.0,12.0,42.0,387.0,556.0,715.0,4,983.0
1.0,12.0,42.0,462.0,556.0,682.0,4,983.0
1.0,12.0,42.0,216.0,477.0,715.0,4,983.0
1.0,12.0,42.0,216.0,477.0,715.0,4,983.0
1.0,12.0,42.0,216.0,477.0,715.0,4,983.0
1.0,12.0,233.0,462.0,556.0,682.0,4,903.0
1.0,12.0,462.0,477.0,556.0,682.0,4,715.0
1.0,12.0,42.0,216.0,477.0,715.0,4,983.0
1.0,12.0,216.0,233.0,556.0,682.0,4,715.0
1.0,12.0,216.0,477.0,556.0,682.0,4,903.0
1.0,12.0,477.0,556.0,682.0,715.0,4,903.0
1.0,12.0,462.0,556.0,682.0,715.0,4,903.0
1.0,29.0,86.0,103.0,338.0,505.0,4,580.0
1.0,29.0,86.0,103.0,338.0,505.0,4,580.0
1.0,29.0,86.0,103.0,505.0,580.0,4,725.0
1.0,29.0,86.0,103.0,338.0,505.0,4,580.0
1.0,29.0,86.0,103.0,338.0,505.0,4,725.0
1.0,29.0,86.0,103.0,338.0,505.0,4,580.0
1.0,29.0,86.0,103.0,338.0,505.0,4,580.0
1.0,29.0,201.0,338.0,580.0,725.0,4,800.0
1.0,29.0,201.0,338.0,580.0,725.0,4,800.0
1.0,29.0,201.0,338.0,505.0,725.0,4,800.0
1.0,29.0,86.0,103.0,338.0,505.0,4,580.0
1.0,12.0,216.0,417.0,556.0,715.0,4,983.0
1.0,12.0,216.0,462.0,715.0,919.0,4,969.0
1.0,12.0,216.0,462.0,903.0,919.0,4,969.0
1.0,12.0,216.0,417.0,903.0,919.0,4,983.0
1.0,12.0,417.0,462.0,556.0,715.0,4,983.0
1.0,12.0,216.0,417.0,556.0,715.0,4,983.0
1.0,12.0,216.0,462.0,556.0,903.0,4,969.0
1.0,12.0,216.0,417.0,715.0,919.0,4,983.0
1.0,12.0,216.0,417.0,462.0,715.0,4,919.0
1.0,12.0,216.0,417.0,462.0,556.0,4,903.0
1.0,12.0,216.0,417.0,462.0,556.0,4,903.0
1.0,12.0,216.0,417.0,462.0,556.0,4,903.0
1.0,26.0,40.0,41.0,634.0,874.0,4,948.0
1.0,26.0,40.0,454.0,634.0,843.0,4,948.0
1.0,26.0,40.0,454.0,634.0,843.0,4,948.0
1.0,26.0,40.0,454.0,634.0,843.0,4,948.0
1.0,26.0,40.0,41.0,360.0,874.0,4,948.0
1.0,26.0,40.0,41.0,634.0,874.0,4,948.0
1.0,26.0,454.0,582.0,634.0,843.0,4,948.0
1.0,26.0,582.0,634.0,824.0,843.0,4,948.0
1.0,26.0,40.0,41.0,634.0,874.0,4,1024.0
1.0,4.0,46.0,85.0,494.0,589.0,4,947.0
1.0,4.0,11.0,46.0,487.0,947.0,4,992.0
1.0,4.0,11.0,46.0,487.0,947.0,4,992.0
1.0,4.0,46.0,85.0,487.0,589.0,4,947.0
1.0,4.0,46.0,85.0,487.0,589.0,4,947.0
1.0,4.0,46.0,85.0,487.0,589.0,4,947.0
1.0,4.0,11.0,46.0,487.0,589.0,4,947.0
1.0,4.0,11.0,46.0,487.0,589.0,4,947.0
1.0,4.0,11.0,46.0,487.0,589.0,4,947.0
1.0,17.0,47.0,97.0,708.0,730.0,4,1033.0
1.0,17.0,47.0,97.0,148.0,708.0,4,730.0
1.0,17.0,148.0,149.0,709.0,730.0,4,857.0
1.0,17.0,148.0,149.0,708.0,709.0,4,857.0
1.0,17.0,47.0,97.0,708.0,730.0,4,857.0
1.0,17.0,47.0,97.0,148.0,708.0,4,730.0
1.0,17.0,47.0,97.0,148.0,708.0,4,857.0
1.0,17.0,148.0,149.0,708.0,709.0,4,857.0
1.0,17.0,148.0,149.0,708.0,709.0,4,857.0
1.0,17.0,47.0,148.0,149.0,708.0,4,730.0
1.0,16.0,285.0,296.0,457.0,677.0,4,996.0
1.0,16.0,165.0,285.0,298.0,677.0,4,832.0
1.0,16.0,165.0,285.0,298.0,677.0,4,832.0
1.0,16.0,200.0,285.0,296.0,457.0,4,996.0
1.0,16.0,285.0,296.0,457.0,677.0,4,996.0
1.0,16.0,200.0,285.0,296.0,677.0,4,832.0
1.0,16.0,200.0,457.0,677.0,832.0,4,996.0
1.0,16.0,296.0,457.0,677.0,832.0,4,996.0
1.0,12.0,216.0,462.0,715.0,969.0,4,983.0
1.0,12.0,42.0,462.0,556.0,715.0,4,983.0
1.0,12.0,42.0,216.0,462.0,556.0,4,715.0
1.0,12.0,216.0,462.0,556.0,715.0,4,969.0
1.0,12.0,216.0,556.0,715.0,969.0,4,983.0
1.0,12.0,216.0,233.0,556.0,903.0,4,969.0
1.0,12.0,216.0,462.0,556.0,715.0,4,969.0
1.0,12.0,216.0,462.0,682.0,715.0,4,969.0
1.0,12.0,216.0,462.0,715.0,969.0,4,983.0
1.0,12.0,216.0,233.0,417.0,556.0,4,903.0
1.0,12.0,216.0,233.0,417.0,556.0,4,903.0
1.0,12.0,216.0,462.0,715.0,969.0,4,983.0
1.0,12.0,216.0,462.0,715.0,969.0,4,983.0
1.0,12.0,216.0,233.0,417.0,715.0,4,983.0
1.0,12.0,233.0,417.0,556.0,715.0,4,903.0
1.0,12.0,233.0,417.0,556.0,715.0,4,903.0
1.0,12.0,417.0,462.0,556.0,715.0,4,903.0
1.0,12.0,216.0,462.0,715.0,969.0,4,983.0
1.0,12.0,216.0,462.0,715.0,969.0,4,983.0
1.0,12.0,417.0,556.0,715.0,903.0,4,983.0
1.0,12.0,216.0,462.0,682.0,715.0,4,969.0
1.0,12.0,233.0,417.0,682.0,715.0,4,903.0
1.0,12.0,387.0,556.0,903.0,919.0,4,969.0
1.0,23.0,307.0,340.0,418.0,440.0,4,1036.0
1.0,23.0,234.0,307.0,340.0,740.0,4,827.0
1.0,23.0,234.0,307.0,340.0,740.0,4,827.0
1.0,23.0,234.0,340.0,418.0,440.0,4,1036.0
1.0,23.0,234.0,340.0,418.0,827.0,4,1036.0
1.0,23.0,307.0,340.0,418.0,827.0,4,1036.0
1.0,23.0,234.0,418.0,673.0,827.0,4,1036.0
1.0,23.0,234.0,307.0,418.0,673.0,4,827.0
1.0,12.0,216.0,462.0,715.0,969.0,4,983.0
1.0,12.0,216.0,233.0,556.0,682.0,4,715.0
1.0,12.0,216.0,462.0,556.0,969.0,4,983.0
1.0,12.0,216.0,233.0,556.0,969.0,4,983.0
1.0,12.0,216.0,462.0,556.0,969.0,4,983.0
1.0,12.0,216.0,233.0,556.0,682.0,4,903.0
1.0,12.0,216.0,462.0,682.0,969.0,4,983.0
1.0,12.0,216.0,233.0,715.0,969.0,4,983.0
1.0,12.0,216.0,233.0,556.0,682.0,4,715.0
1.0,12.0,233.0,556.0,682.0,715.0,4,903.0
1.0,12.0,216.0,462.0,556.0,903.0,4,969.0
1.0,12.0,216.0,462.0,715.0,969.0,4,983.0
1.0,12.0,216.0,556.0,682.0,903.0,4,983.0
1.0,12.0,216.0,556.0,682.0,903.0,4,983.0
1.0,12.0,216.0,556.0,682.0,903.0,4,983.0
1.0,12.0,216.0,462.0,682.0,715.0,4,903.0
1.0,9.0,68.0,151.0,815.0,828.0,4,941.0
1.0,9.0,34.0,151.0,446.0,452.0,4,845.0
1.0,9.0,34.0,151.0,446.0,452.0,4,845.0
1.0,9.0,34.0,74.0,151.0,446.0,4,815.0
1.0,9.0,34.0,74.0,151.0,446.0,4,815.0
1.0,9.0,68.0,151.0,815.0,828.0,4,941.0
1.0,9.0,68.0,151.0,452.0,828.0,4,941.0
1.0,9.0,34.0,151.0,452.0,828.0,4,941.0
1.0,9.0,34.0,74.0,151.0,452.0,4,941.0
1.0,9.0,34.0,74.0,452.0,845.0,4,1011.0
1.0,12.0,216.0,462.0,715.0,969.0,4,983.0
1.0,12.0,216.0,462.0,715.0,969.0,4,983.0
1.0,12.0,216.0,462.0,556.0,682.0,4,903.0
1.0,12.0,216.0,462.0,715.0,969.0,4,983.0
1.0,12.0,216.0,462.0,715.0,969.0,4,983.0
1.0,12.0,216.0,462.0,556.0,969.0,4,983.0
1.0,12.0,216.0,462.0,682.0,715.0,4,983.0
1.0,12.0,216.0,462.0,715.0,969.0,4,983.0
1.0,12.0,216.0,556.0,715.0,969.0,4,983.0
1.0,12.0,216.0,556.0,715.0,969.0,4,983.0
1.0,12.0,216.0,556.0,715.0,969.0,4,983.0
1.0,12.0,216.0,462.0,556.0,682.0,4,715.0
1.0,12.0,462.0,682.0,715.0,903.0,4,969.0
1.0,12.0,462.0,682.0,715.0,903.0,4,969.0
1.0,12.0,216.0,462.0,556.0,715.0,4,969.0
1.0,12.0,462.0,556.0,715.0,969.0,4,983.0
1.0,12.0,462.0,556.0,715.0,969.0,4,983.0
1.0,12.0,233.0,556.0,682.0,903.0,4,983.0
1.0,12.0,216.0,556.0,682.0,715.0,4,983.0
1.0,12.0,216.0,556.0,715.0,969.0,4,983.0
1.0,12.0,216.0,682.0,715.0,969.0,4,983.0
1.0,12.0,216.0,462.0,556.0,682.0,4,969.0
1.0,12.0,216.0,462.0,556.0,682.0,4,969.0
1.0,12.0,682.0,715.0,903.0,969.0,4,983.0
1.0,12.0,216.0,556.0,682.0,969.0,4,983.0
1.0,12.0,216.0,462.0,715.0,969.0,4,983.0
1.0,12.0,216.0,233.0,556.0,682.0,4,903.0
1.0,12.0,216.0,233.0,556.0,682.0,4,903.0
1.0,12.0,216.0,462.0,682.0,715.0,4,969.0
1.0,12.0,216.0,462.0,715.0,969.0,4,983.0
1.0,12.0,233.0,556.0,682.0,715.0,4,983.0
1.0,12.0,216.0,682.0,715.0,969.0,4,983.0
1.0,32.0,44.0,135.0,450.0,524.0,4,933.0
1.0,32.0,61.0,450.0,524.0,595.0,4,933.0
1.0,32.0,61.0,450.0,499.0,524.0,4,933.0
1.0,32.0,44.0,61.0,450.0,524.0,4,933.0
1.0,32.0,44.0,61.0,135.0,420.0,4,524.0
1.0,32.0,44.0,61.0,135.0,420.0,4,524.0
1.0,32.0,44.0,61.0,135.0,524.0,4,933.0
1.0,12.0,216.0,462.0,715.0,969.0,4,983.0
1.0,12.0,216.0,462.0,556.0,682.0,4,715.0
1.0,12.0,216.0,233.0,715.0,969.0,4,983.0
1.0,12.0,216.0,233.0,715.0,969.0,4,983.0
1.0,12.0,216.0,462.0,715.0,969.0,4,983.0
1.0,12.0,216.0,233.0,556.0,682.0,4,969.0
1.0,12.0,216.0,462.0,682.0,715.0,4,969.0
1.0,12.0,216.0,462.0,556.0,715.0,4,851.0
1.0,12.0,42.0,233.0,387.0,851.0,4,919.0
1.0,11.0,638.0,647.0,806.0,895.0,4,968.0
1.0,11.0,132.0,647.0,806.0,895.0,4,968.0
1.0,11.0,94.0,173.0,647.0,806.0,4,968.0
1.0,11.0,94.0,173.0,647.0,806.0,4,968.0
1.0,11.0,1.0,94.0,173.0,647.0,4,895.0
1.0,11.0,1.0,94.0,173.0,647.0,4,895.0
1.0,11.0,1.0,94.0,173.0,647.0,4,895.0
1.0,11.0,94.0,173.0,806.0,895.0,4,968.0
1.0,11.0,173.0,638.0,806.0,895.0,4,968.0
1.0,11.0,173.0,638.0,806.0,895.0,4,968.0
1.0,11.0,274.0,638.0,806.0,895.0,4,968.0
1.0,11.0,132.0,638.0,806.0,895.0,4,968.0
1.0,11.0,132.0,638.0,806.0,895.0,4,968.0
1.0,11.0,94.0,132.0,173.0,647.0,4,968.0
1.0,11.0,1.0,132.0,173.0,647.0,4,925.0
1.0,30.0,121.0,598.0,657.0,953.0,4,963.0
1.0,30.0,209.0,335.0,389.0,689.0,4,705.0
1.0,30.0,209.0,389.0,598.0,657.0,4,953.0
1.0,30.0,121.0,598.0,657.0,689.0,4,963.0
1.0,30.0,121.0,598.0,657.0,953.0,4,963.0
1.0,30.0,121.0,689.0,705.0,953.0,4,963.0
1.0,30.0,121.0,689.0,705.0,953.0,4,963.0
1.0,30.0,335.0,389.0,409.0,657.0,4,705.0
1.0,30.0,335.0,389.0,409.0,689.0,4,705.0
1.0,6.0,35.0,85.0,250.0,265.0,4,623.0
1.0,6.0,35.0,250.0,265.0,494.0,4,623.0
1.0,6.0,208.0,265.0,494.0,623.0,4,1010.0
1.0,6.0,35.0,85.0,208.0,265.0,4,1010.0
1.0,6.0,35.0,85.0,250.0,265.0,4,623.0
1.0,6.0,35.0,208.0,494.0,623.0,4,1010.0
1.0,6.0,35.0,250.0,494.0,623.0,4,1010.0
1.0,12.0,216.0,462.0,715.0,969.0,4,983.0
1.0,12.0,216.0,233.0,715.0,851.0,4,983.0
1.0,12.0,216.0,233.0,682.0,969.0,4,983.0
1.0,12.0,216.0,233.0,556.0,969.0,4,983.0
1.0,12.0,216.0,233.0,715.0,969.0,4,983.0
1.0,12.0,233.0,462.0,682.0,715.0,4,969.0
1.0,12.0,216.0,462.0,682.0,715.0,4,851.0
1.0,12.0,216.0,233.0,556.0,851.0,4,983.0
1.0,12.0,233.0,462.0,556.0,715.0,4,851.0
1.0,12.0,216.0,462.0,556.0,969.0,4,983.0
1.0,7.0,277.0,325.0,451.0,483.0,4,530.0
1.0,7.0,106.0,325.0,455.0,483.0,4,530.0
1.0,7.0,106.0,325.0,455.0,483.0,4,530.0
1.0,7.0,106.0,325.0,451.0,455.0,4,530.0
1.0,7.0,66.0,106.0,455.0,653.0,4,991.0
1.0,7.0,277.0,325.0,451.0,483.0,4,530.0
1.0,7.0,106.0,325.0,451.0,455.0,4,483.0
1.0,7.0,277.0,325.0,451.0,483.0,4,530.0
1.0,7.0,277.0,325.0,451.0,455.0,4,530.0
1.0,7.0,66.0,106.0,277.0,455.0,4,991.0
1.0,7.0,66.0,106.0,455.0,553.0,4,991.0
1.0,7.0,66.0,106.0,455.0,553.0,4,991.0
1.0,7.0,66.0,106.0,325.0,451.0,4,455.0
1.0,7.0,277.0,325.0,451.0,483.0,4,530.0
1.0,7.0,66.0,106.0,416.0,553.0,4,991.0
1.0,12.0,216.0,462.0,715.0,851.0,4,983.0
1.0,12.0,216.0,462.0,715.0,851.0,4,983.0
1.0,12.0,216.0,387.0,462.0,682.0,4,969.0
1.0,12.0,216.0,387.0,462.0,682.0,4,969.0
1.0,12.0,216.0,387.0,682.0,969.0,4,983.0
1.0,12.0,216.0,387.0,715.0,851.0,4,983.0
1.0,12.0,216.0,556.0,682.0,851.0,4,983.0
1.0,12.0,216.0,387.0,715.0,969.0,4,983.0
1.0,12.0,387.0,556.0,715.0,969.0,4,983.0
1.0,12.0,216.0,462.0,682.0,715.0,4,969.0
1.0,12.0,216.0,682.0,715.0,851.0,4,983.0
1.0,12.0,216.0,682.0,715.0,851.0,4,983.0
1.0,12.0,216.0,462.0,682.0,715.0,4,851.0
1.0,12.0,233.0,682.0,715.0,969.0,4,983.0
1.0,12.0,387.0,682.0,715.0,851.0,4,983.0
1.0,12.0,387.0,682.0,715.0,851.0,4,903.0
1.0,12.0,387.0,682.0,715.0,851.0,4,903.0
1.0,12.0,462.0,556.0,715.0,851.0,4,983.0
1.0,12.0,462.0,556.0,715.0,851.0,4,983.0
1.0,12.0,462.0,682.0,715.0,851.0,4,983.0
1.0,12.0,462.0,682.0,715.0,851.0,4,983.0
1.0,12.0,462.0,682.0,715.0,851.0,4,983.0
1.0,12.0,462.0,682.0,715.0,851.0,4,903.0
1.0,12.0,462.0,682.0,715.0,851.0,4,903.0
1.0,12.0,462.0,682.0,715.0,903.0,4,969.0
1.0,12.0,216.0,233.0,715.0,851.0,4,983.0
1.0,12.0,233.0,682.0,715.0,969.0,4,983.0
1.0,12.0,233.0,682.0,715.0,969.0,4,983.0
1.0,12.0,462.0,682.0,715.0,969.0,4,983.0
1.0,12.0,216.0,462.0,715.0,969.0,4,983.0
1.0,12.0,216.0,233.0,715.0,969.0,4,983.0
1.0,12.0,233.0,462.0,682.0,715.0,4,851.0
1.0,12.0,216.0,462.0,715.0,969.0,4,983.0
1.0,12.0,216.0,233.0,715.0,969.0,4,983.0
1.0,4.0,290.0,487.0,589.0,616.0,4,646.0
1.0,4.0,3.0,46.0,81.0,589.0,4,992.0
1.0,4.0,81.0,290.0,589.0,616.0,4,646.0
1.0,4.0,81.0,290.0,616.0,646.0,4,992.0
1.0,4.0,81.0,487.0,589.0,616.0,4,646.0
1.0,4.0,81.0,290.0,589.0,616.0,4,646.0
1.0,12.0,233.0,682.0,715.0,903.0,4,969.0
1.0,12.0,216.0,233.0,682.0,715.0,4,969.0
1.0,12.0,216.0,233.0,715.0,851.0,4,983.0
1.0,12.0,216.0,233.0,715.0,851.0,4,983.0
1.0,12.0,233.0,715.0,903.0,969.0,4,983.0
1.0,12.0,216.0,462.0,682.0,903.0,4,969.0
1.0,12.0,216.0,462.0,682.0,903.0,4,969.0
1.0,12.0,216.0,462.0,682.0,903.0,4,969.0
1.0,12.0,216.0,715.0,903.0,969.0,4,983.0
1.0,12.0,216.0,233.0,715.0,903.0,4,969.0
1.0,12.0,216.0,233.0,715.0,903.0,4,969.0
1.0,12.0,216.0,556.0,715.0,851.0,4,983.0
1.0,12.0,216.0,462.0,682.0,851.0,4,903.0
1.0,12.0,216.0,682.0,903.0,969.0,4,983.0
1.0,12.0,216.0,682.0,903.0,969.0,4,983.0
1.0,12.0,216.0,682.0,715.0,969.0,4,983.0
1.0,12.0,216.0,556.0,715.0,851.0,4,983.0
1.0,12.0,216.0,556.0,715.0,851.0,4,983.0
1.0,12.0,216.0,233.0,682.0,903.0,4,969.0
1.0,12.0,233.0,682.0,715.0,903.0,4,969.0
1.0,12.0,216.0,682.0,715.0,969.0,4,983.0
1.0,12.0,477.0,682.0,715.0,969.0,4,983.0
1.0,12.0,477.0,556.0,682.0,969.0,4,983.0
1.0,12.0,216.0,462.0,715.0,851.0,4,983.0
1.0,12.0,216.0,462.0,682.0,715.0,4,851.0
1.0,12.0,216.0,462.0,682.0,715.0,4,851.0
1.0,12.0,477.0,556.0,682.0,715.0,4,969.0
1.0,12.0,216.0,387.0,682.0,919.0,4,969.0
1.0,12.0,387.0,556.0,903.0,919.0,4,969.0
1.0,1.0,570.0,577.0,790.0,808.0,4,820.0
1.0,1.0,577.0,625.0,790.0,808.0,4,820.0
1.0,1.0,305.0,625.0,775.0,790.0,4,820.0
1.0,1.0,305.0,431.0,625.0,775.0,4,960.0
1.0,1.0,305.0,431.0,577.0,625.0,4,960.0
1.0,1.0,431.0,570.0,577.0,808.0,4,960.0
1.0,1.0,577.0,625.0,790.0,808.0,4,820.0
1.0,1.0,570.0,577.0,790.0,808.0,4,820.0
1.0,1.0,305.0,570.0,577.0,790.0,4,820.0
1.0,1.0,305.0,431.0,625.0,790.0,4,960.0
1.0,1.0,431.0,577.0,790.0,808.0,4,820.0
1.0,1.0,431.0,577.0,790.0,808.0,4,820.0
1.0,17.0,47.0,149.0,262.0,708.0,4,809.0
1.0,17.0,47.0,97.0,262.0,708.0,4,809.0
1.0,17.0,97.0,149.0,709.0,809.0,4,857.0
1.0,17.0,47.0,149.0,708.0,730.0,4,857.0
1.0,17.0,47.0,149.0,262.0,708.0,4,730.0
1.0,17.0,47.0,97.0,708.0,809.0,4,857.0
1.0,17.0,47.0,97.0,708.0,809.0,4,857.0
1.0,17.0,97.0,149.0,709.0,809.0,4,857.0
1.0,17.0,47.0,149.0,708.0,730.0,4,857.0
1.0,12.0,216.0,462.0,715.0,851.0,4,983.0
1.0,12.0,216.0,477.0,715.0,851.0,4,983.0
1.0,12.0,462.0,477.0,682.0,715.0,4,969.0
1.0,12.0,216.0,462.0,715.0,969.0,4,983.0
1.0,12.0,216.0,477.0,682.0,715.0,4,969.0
1.0,12.0,216.0,462.0,682.0,715.0,4,969.0
1.0,12.0,216.0,462.0,682.0,715.0,4,969.0
1.0,12.0,216.0,462.0,715.0,851.0,4,983.0
1.0,12.0,216.0,477.0,682.0,715.0,4,851.0
1.0,12.0,462.0,477.0,682.0,715.0,4,851.0
1.0,12.0,477.0,682.0,903.0,969.0,4,983.0
1.0,12.0,477.0,682.0,903.0,969.0,4,983.0
1.0,12.0,216.0,462.0,682.0,715.0,4,969.0
1.0,12.0,682.0,715.0,851.0,903.0,4,983.0
1.0,12.0,216.0,682.0,715.0,851.0,4,983.0
1.0,12.0,216.0,682.0,715.0,851.0,4,983.0
1.0,12.0,216.0,462.0,682.0,715.0,4,969.0
1.0,12.0,216.0,462.0,682.0,715.0,4,851.0
1.0,12.0,216.0,462.0,682.0,715.0,4,851.0
1.0,26.0,41.0,454.0,843.0,874.0,4,1024.0
1.0,26.0,40.0,41.0,874.0,948.0,4,1024.0
1.0,26.0,40.0,41.0,874.0,948.0,4,1024.0
1.0,26.0,40.0,41.0,843.0,874.0,4,1024.0
1.0,26.0,40.0,582.0,634.0,843.0,4,874.0
1.0,26.0,41.0,454.0,582.0,634.0,4,948.0
1.0,12.0,462.0,477.0,682.0,715.0,4,969.0
1.0,12.0,477.0,682.0,715.0,969.0,4,983.0
1.0,12.0,216.0,462.0,715.0,851.0,4,983.0
1.0,12.0,216.0,556.0,715.0,851.0,4,983.0
1.0,12.0,462.0,556.0,715.0,851.0,4,983.0
1.0,12.0,216.0,477.0,682.0,969.0,4,983.0
1.0,12.0,216.0,477.0,682.0,715.0,4,969.0
1.0,12.0,216.0,477.0,682.0,715.0,4,969.0
1.0,12.0,216.0,477.0,682.0,715.0,4,969.0
1.0,12.0,216.0,462.0,682.0,715.0,4,969.0
1.0,12.0,216.0,462.0,682.0,715.0,4,969.0
1.0,34.0,55.0,67.0,112.0,224.0,4,247.0
1.0,34.0,112.0,224.0,278.0,753.0,4,847.0
1.0,34.0,36.0,224.0,278.0,753.0,4,847.0
1.0,34.0,36.0,278.0,753.0,766.0,4,847.0
1.0,34.0,36.0,55.0,224.0,753.0,4,847.0
1.0,34.0,55.0,67.0,112.0,224.0,4,847.0
1.0,34.0,36.0,55.0,67.0,224.0,4,847.0
1.0,34.0,36.0,55.0,67.0,278.0,4,847.0
1.0,34.0,36.0,67.0,278.0,753.0,4,847.0
1.0,34.0,36.0,55.0,67.0,224.0,4,847.0
1.0,12.0,216.0,233.0,682.0,851.0,4,903.0
1.0,12.0,42.0,216.0,233.0,715.0,4,983.0
1.0,12.0,42.0,216.0,233.0,715.0,4,983.0
1.0,12.0,42.0,216.0,387.0,715.0,4,983.0
1.0,12.0,42.0,216.0,387.0,682.0,4,715.0
1.0,12.0,216.0,233.0,715.0,851.0,4,983.0
1.0,12.0,387.0,715.0,851.0,903.0,4,983.0
1.0,12.0,42.0,233.0,715.0,919.0,4,983.0
1.0,12.0,42.0,216.0,233.0,715.0,4,983.0
1.0,12.0,216.0,233.0,715.0,851.0,4,983.0
1.0,12.0,216.0,233.0,715.0,851.0,4,983.0
1.0,12.0,216.0,233.0,715.0,851.0,4,983.0
1.0,30.0,121.0,335.0,705.0,953.0,4,963.0
1.0,30.0,113.0,337.0,657.0,705.0,4,953.0
1.0,30.0,113.0,337.0,389.0,657.0,4,953.0
1.0,30.0,113.0,337.0,389.0,689.0,4,963.0
1.0,30.0,335.0,389.0,657.0,689.0,4,963.0
1.0,30.0,121.0,335.0,657.0,953.0,4,963.0
1.0,30.0,121.0,335.0,657.0,953.0,4,963.0
1.0,30.0,121.0,337.0,657.0,953.0,4,963.0
1.0,30.0,121.0,337.0,657.0,689.0,4,963.0
1.0,30.0,113.0,225.0,335.0,389.0,4,689.0
1.0,30.0,113.0,225.0,386.0,389.0,4,689.0
1.0,7.0,246.0,277.0,306.0,396.0,4,530.0
1.0,7.0,106.0,455.0,483.0,530.0,4,553.0
1.0,7.0,106.0,455.0,483.0,530.0,4,553.0
1.0,7.0,106.0,396.0,483.0,530.0,4,553.0
1.0,7.0,246.0,277.0,306.0,396.0,4,455.0
1.0,7.0,246.0,277.0,306.0,396.0,4,530.0
1.0,7.0,246.0,277.0,455.0,530.0,4,973.0
1.0,7.0,106.0,455.0,483.0,553.0,4,973.0
1.0,7.0,106.0,396.0,483.0,553.0,4,973.0
1.0,7.0,106.0,277.0,455.0,530.0,4,973.0
1.0,7.0,246.0,277.0,455.0,530.0,4,973.0
1.0,29.0,103.0,338.0,505.0,580.0,4,725.0
1.0,29.0,103.0,505.0,572.0,580.0,4,800.0
1.0,29.0,103.0,505.0,572.0,580.0,4,770.0
1.0,29.0,103.0,505.0,580.0,725.0,4,800.0
1.0,29.0,103.0,338.0,505.0,580.0,4,725.0
1.0,29.0,338.0,572.0,580.0,725.0,4,800.0
1.0,29.0,103.0,505.0,572.0,580.0,4,800.0
1.0,29.0,103.0,338.0,505.0,580.0,4,800.0
1.0,29.0,103.0,338.0,505.0,572.0,4,580.0
1.0,29.0,103.0,338.0,580.0,725.0,4,800.0
1.0,29.0,103.0,338.0,505.0,580.0,4,725.0
1.0,29.0,103.0,338.0,505.0,580.0,4,725.0
1.0,29.0,103.0,338.0,505.0,580.0,4,725.0
1.0,29.0,103.0,505.0,572.0,770.0,4,800.0
1.0,29.0,86.0,572.0,580.0,800.0,4,914.0
1.0,29.0,103.0,338.0,505.0,580.0,4,725.0
1.0,29.0,103.0,338.0,505.0,580.0,4,725.0
1.0,29.0,103.0,505.0,580.0,725.0,4,800.0
1.0,29.0,86.0,103.0,338.0,505.0,4,572.0
1.0,29.0,86.0,103.0,505.0,572.0,4,580.0
1.0,18.0,14.0,365.0,866.0,886.0,4,949.0
1.0,18.0,65.0,181.0,812.0,886.0,4,949.0
1.0,18.0,14.0,65.0,181.0,812.0,4,886.0
1.0,18.0,14.0,65.0,181.0,812.0,4,886.0
1.0,18.0,14.0,65.0,181.0,365.0,4,681.0
1.0,18.0,14.0,65.0,365.0,812.0,4,866.0
1.0,18.0,14.0,681.0,812.0,866.0,4,949.0
1.0,18.0,14.0,181.0,681.0,812.0,4,949.0
1.0,18.0,65.0,181.0,681.0,812.0,4,949.0
1.0,18.0,65.0,166.0,181.0,365.0,4,681.0
1.0,18.0,65.0,166.0,181.0,365.0,4,886.0
1.0,18.0,14.0,65.0,181.0,812.0,4,886.0
1.0,18.0,14.0,65.0,812.0,866.0,4,886.0
1.0,18.0,14.0,65.0,681.0,812.0,4,866.0
1.0,29.0,86.0,103.0,580.0,700.0,4,725.0
1.0,29.0,86.0,103.0,505.0,580.0,4,700.0
1.0,29.0,86.0,103.0,580.0,700.0,4,725.0
1.0,29.0,103.0,338.0,505.0,580.0,4,914.0
1.0,29.0,86.0,338.0,505.0,700.0,4,914.0
1.0,29.0,86.0,103.0,505.0,580.0,4,700.0
1.0,29.0,86.0,103.0,580.0,700.0,4,725.0
1.0,29.0,86.0,103.0,338.0,580.0,4,725.0
1.0,29.0,86.0,103.0,505.0,580.0,4,700.0
1.0,28.0,110.0,444.0,497.0,608.0,4,685.0
1.0,28.0,444.0,497.0,608.0,890.0,4,971.0
1.0,28.0,444.0,497.0,685.0,890.0,4,971.0
1.0,28.0,110.0,444.0,608.0,890.0,4,971.0
1.0,28.0,110.0,608.0,685.0,890.0,4,971.0
1.0,28.0,110.0,608.0,685.0,922.0,4,971.0
1.0,28.0,110.0,146.0,685.0,922.0,4,971.0
1.0,28.0,110.0,146.0,608.0,685.0,4,922.0
1.0,28.0,444.0,497.0,685.0,890.0,4,971.0
1.0,28.0,444.0,497.0,685.0,890.0,4,971.0
1.0,28.0,110.0,444.0,608.0,922.0,4,971.0
1.0,28.0,110.0,444.0,608.0,922.0,4,971.0
1.0,29.0,86.0,338.0,505.0,700.0,4,914.0
1.0,29.0,86.0,505.0,580.0,700.0,4,800.0
1.0,29.0,86.0,103.0,580.0,700.0,4,725.0
1.0,29.0,86.0,103.0,580.0,700.0,4,725.0
1.0,29.0,86.0,103.0,580.0,700.0,4,725.0
1.0,29.0,86.0,103.0,580.0,700.0,4,725.0
1.0,29.0,86.0,103.0,505.0,700.0,4,725.0
1.0,29.0,86.0,103.0,580.0,700.0,4,725.0
1.0,29.0,86.0,103.0,580.0,700.0,4,725.0
1.0,29.0,86.0,505.0,580.0,700.0,4,914.0
1.0,29.0,86.0,103.0,505.0,700.0,4,725.0
1.0,29.0,86.0,103.0,338.0,572.0,4,700.0
1.0,29.0,86.0,103.0,338.0,505.0,4,700.0
1.0,29.0,86.0,103.0,505.0,700.0,4,725.0
1.0,29.0,86.0,103.0,505.0,700.0,4,725.0
1.0,29.0,103.0,338.0,505.0,700.0,4,914.0
1.0,29.0,86.0,103.0,338.0,572.0,4,700.0
1.0,29.0,86.0,103.0,505.0,700.0,4,725.0
1.0,29.0,338.0,700.0,725.0,800.0,4,914.0
1.0,29.0,338.0,505.0,572.0,800.0,4,914.0
1.0,29.0,338.0,505.0,572.0,800.0,4,914.0
1.0,1.0,356.0,577.0,790.0,808.0,4,820.0
1.0,1.0,118.0,305.0,625.0,790.0,4,960.0
1.0,1.0,118.0,305.0,356.0,790.0,4,820.0
1.0,1.0,356.0,577.0,790.0,808.0,4,820.0
1.0,1.0,305.0,356.0,431.0,577.0,4,790.0
1.0,1.0,305.0,431.0,577.0,790.0,4,960.0
1.0,1.0,305.0,431.0,577.0,790.0,4,820.0
1.0,26.0,40.0,41.0,824.0,874.0,4,1024.0
1.0,26.0,40.0,41.0,824.0,874.0,4,1024.0
1.0,26.0,40.0,454.0,601.0,634.0,4,948.0
1.0,26.0,40.0,454.0,601.0,634.0,4,1024.0
1.0,26.0,601.0,634.0,874.0,948.0,4,1024.0
1.0,26.0,40.0,41.0,601.0,634.0,4,874.0
1.0,26.0,40.0,41.0,601.0,634.0,4,874.0
1.0,34.0,55.0,112.0,137.0,247.0,4,753.0
1.0,34.0,55.0,112.0,137.0,247.0,4,847.0
1.0,34.0,55.0,112.0,137.0,247.0,4,847.0
1.0,34.0,36.0,137.0,224.0,753.0,4,847.0
1.0,34.0,55.0,112.0,137.0,247.0,4,753.0
1.0,34.0,36.0,55.0,137.0,247.0,4,847.0
1.0,34.0,36.0,224.0,247.0,278.0,4,847.0
1.0,34.0,36.0,224.0,247.0,278.0,4,847.0
1.0,17.0,47.0,148.0,413.0,708.0,4,730.0
1.0,17.0,97.0,148.0,413.0,857.0,4,1033.0
1.0,17.0,97.0,148.0,413.0,857.0,4,1033.0
1.0,17.0,47.0,97.0,708.0,730.0,4,1033.0
1.0,17.0,47.0,148.0,708.0,730.0,4,1033.0
1.0,17.0,47.0,148.0,708.0,730.0,4,1033.0
1.0,17.0,148.0,413.0,708.0,730.0,4,1033.0
1.0,17.0,47.0,97.0,148.0,708.0,4,857.0
1.0,29.0,201.0,338.0,700.0,800.0,4,914.0
1.0,29.0,86.0,103.0,505.0,700.0,4,725.0
1.0,29.0,86.0,103.0,338.0,505.0,4,700.0
1.0,29.0,201.0,338.0,572.0,800.0,4,914.0
1.0,29.0,86.0,338.0,505.0,700.0,4,725.0
1.0,29.0,86.0,103.0,338.0,505.0,4,725.0
1.0,29.0,201.0,505.0,572.0,800.0,4,914.0
1.0,29.0,86.0,103.0,338.0,505.0,4,725.0
1.0,29.0,86.0,103.0,338.0,505.0,4,725.0
1.0,29.0,103.0,201.0,338.0,725.0,4,800.0
1.0,29.0,103.0,201.0,338.0,725.0,4,800.0
1.0,29.0,86.0,103.0,338.0,505.0,4,725.0
1.0,29.0,86.0,103.0,338.0,505.0,4,725.0
1.0,29.0,86.0,103.0,338.0,505.0,4,725.0
1.0,23.0,234.0,307.0,418.0,798.0,4,921.0
1.0,23.0,234.0,307.0,418.0,798.0,4,921.0
1.0,23.0,234.0,418.0,655.0,740.0,4,921.0
1.0,23.0,234.0,307.0,418.0,921.0,4,1027.0
1.0,23.0,234.0,418.0,798.0,921.0,4,1027.0
1.0,23.0,418.0,440.0,740.0,921.0,4,1036.0
1.0,23.0,234.0,418.0,440.0,740.0,4,921.0
1.0,23.0,234.0,307.0,418.0,740.0,4,827.0
1.0,6.0,35.0,213.0,265.0,292.0,4,623.0
1.0,6.0,35.0,213.0,265.0,623.0,4,1039.0
1.0,6.0,35.0,213.0,265.0,290.0,4,616.0
1.0,6.0,35.0,213.0,290.0,616.0,4,623.0
1.0,6.0,290.0,616.0,623.0,876.0,4,1039.0
1.0,6.0,35.0,213.0,265.0,623.0,4,1039.0
1.0,6.0,35.0,213.0,265.0,623.0,4,1039.0
1.0,4.0,46.0,85.0,158.0,494.0,4,589.0
1.0,4.0,81.0,85.0,487.0,589.0,4,992.0
1.0,4.0,3.0,81.0,158.0,947.0,4,992.0
1.0,4.0,3.0,81.0,158.0,947.0,4,992.0
1.0,4.0,46.0,85.0,158.0,494.0,4,589.0
1.0,4.0,46.0,81.0,85.0,494.0,4,589.0
1.0,4.0,81.0,494.0,589.0,947.0,4,992.0
1.0,4.0,46.0,81.0,494.0,589.0,4,992.0
1.0,29.0,86.0,103.0,201.0,338.0,4,725.0
1.0,29.0,103.0,201.0,338.0,800.0,4,914.0
1.0,29.0,201.0,505.0,725.0,800.0,4,914.0
1.0,29.0,86.0,505.0,725.0,800.0,4,914.0
1.0,29.0,86.0,103.0,338.0,505.0,4,725.0
1.0,29.0,86.0,103.0,201.0,338.0,4,505.0
1.0,29.0,86.0,201.0,338.0,800.0,4,914.0
1.0,29.0,86.0,103.0,338.0,505.0,4,725.0
1.0,29.0,86.0,103.0,338.0,505.0,4,725.0
1.0,29.0,86.0,103.0,338.0,505.0,4,725.0
1.0,29.0,103.0,505.0,580.0,725.0,4,800.0
1.0,29.0,201.0,580.0,725.0,800.0,4,914.0
1.0,29.0,86.0,103.0,338.0,505.0,4,580.0
1.0,29.0,86.0,103.0,338.0,505.0,4,580.0
1.0,29.0,86.0,103.0,338.0,505.0,4,725.0
1.0,29.0,86.0,103.0,338.0,505.0,4,725.0
1.0,29.0,201.0,505.0,550.0,725.0,4,800.0
1.0,29.0,103.0,201.0,505.0,725.0,4,800.0
1.0,29.0,103.0,201.0,505.0,725.0,4,800.0
1.0,29.0,86.0,103.0,338.0,580.0,4,725.0
1.0,29.0,86.0,103.0,338.0,505.0,4,580.0
1.0,32.0,44.0,61.0,155.0,420.0,4,524.0
1.0,32.0,135.0,155.0,450.0,524.0,4,595.0
1.0,32.0,135.0,155.0,450.0,524.0,4,595.0
1.0,32.0,44.0,61.0,135.0,155.0,4,524.0
1.0,32.0,44.0,61.0,155.0,420.0,4,524.0
1.0,32.0,44.0,61.0,155.0,420.0,4,524.0
1.0,32.0,61.0,135.0,155.0,420.0,4,524.0
1.0,32.0,135.0,155.0,450.0,524.0,4,595.0
1.0,32.0,61.0,135.0,155.0,420.0,4,524.0
1.0,32.0,61.0,135.0,420.0,538.0,4,595.0
1.0,9.0,68.0,151.0,815.0,828.0,4,941.0
1.0,9.0,68.0,151.0,815.0,828.0,4,941.0
1.0,9.0,68.0,151.0,815.0,828.0,4,941.0
1.0,9.0,68.0,151.0,815.0,828.0,4,941.0
1.0,9.0,68.0,151.0,452.0,828.0,4,941.0
1.0,9.0,68.0,151.0,452.0,828.0,4,941.0
1.0,9.0,74.0,151.0,452.0,941.0,4,1011.0
1.0,9.0,68.0,151.0,815.0,828.0,4,941.0
1.0,29.0,86.0,103.0,505.0,580.0,4,700.0
1.0,29.0,86.0,338.0,700.0,713.0,4,914.0
1.0,29.0,86.0,338.0,700.0,713.0,4,914.0
1.0,29.0,338.0,580.0,700.0,713.0,4,914.0
1.0,29.0,103.0,338.0,580.0,700.0,4,713.0
1.0,29.0,103.0,580.0,700.0,713.0,4,725.0
1.0,29.0,103.0,580.0,700.0,713.0,4,725.0
1.0,29.0,103.0,338.0,580.0,713.0,4,725.0
1.0,29.0,86.0,103.0,338.0,580.0,4,725.0
1.0,29.0,86.0,201.0,338.0,700.0,4,914.0
1.0,29.0,201.0,338.0,550.0,800.0,4,914.0
1.0,13.0,161.0,182.0,803.0,871.0,4,956.0
1.0,13.0,161.0,182.0,192.0,871.0,4,956.0
1.0,13.0,15.0,114.0,161.0,182.0,4,192.0
1.0,13.0,15.0,114.0,161.0,192.0,4,956.0
1.0,13.0,15.0,161.0,182.0,192.0,4,871.0
1.0,13.0,161.0,182.0,803.0,871.0,4,956.0
1.0,13.0,161.0,182.0,803.0,871.0,4,956.0
1.0,13.0,15.0,161.0,182.0,803.0,4,871.0
1.0,13.0,15.0,114.0,161.0,192.0,4,956.0
1.0,13.0,15.0,114.0,161.0,192.0,4,956.0
1.0,13.0,15.0,114.0,161.0,182.0,4,192.0
1.0,13.0,15.0,210.0,371.0,532.0,4,803.0
1.0,29.0,86.0,338.0,505.0,725.0,4,914.0
1.0,29.0,86.0,338.0,505.0,725.0,4,914.0
1.0,29.0,86.0,103.0,505.0,580.0,4,725.0
1.0,29.0,103.0,505.0,580.0,700.0,4,713.0
1.0,29.0,103.0,580.0,700.0,713.0,4,725.0
1.0,29.0,103.0,338.0,580.0,700.0,4,713.0
1.0,29.0,103.0,338.0,580.0,700.0,4,713.0
1.0,29.0,86.0,338.0,580.0,725.0,4,914.0
1.0,29.0,103.0,580.0,700.0,713.0,4,725.0
1.0,29.0,103.0,700.0,713.0,725.0,4,800.0
1.0,29.0,103.0,580.0,700.0,713.0,4,725.0
1.0,29.0,86.0,103.0,338.0,505.0,4,700.0
1.0,29.0,86.0,338.0,505.0,725.0,4,914.0
1.0,29.0,86.0,580.0,713.0,725.0,4,914.0
1.0,29.0,103.0,505.0,580.0,700.0,4,713.0
1.0,29.0,86.0,505.0,580.0,700.0,4,725.0
1.0,29.0,103.0,505.0,580.0,700.0,4,713.0
1.0,29.0,86.0,103.0,580.0,700.0,4,713.0
1.0,29.0,103.0,580.0,700.0,713.0,4,725.0
1.0,29.0,86.0,338.0,505.0,725.0,4,914.0
1.0,29.0,338.0,700.0,713.0,800.0,4,914.0
1.0,29.0,338.0,505.0,700.0,800.0,4,914.0
1.0,29.0,338.0,505.0,725.0,800.0,4,914.0
1.0,29.0,338.0,550.0,700.0,713.0,4,914.0
1.0,29.0,338.0,550.0,700.0,800.0,4,914.0
1.0,29.0,505.0,580.0,700.0,713.0,4,725.0
1.0,29.0,505.0,580.0,700.0,713.0,4,725.0
1.0,15.0,373.0,448.0,537.0,602.0,4,860.0
1.0,15.0,373.0,448.0,537.0,602.0,4,860.0
1.0,15.0,448.0,537.0,602.0,719.0,4,860.0
1.0,15.0,448.0,537.0,602.0,719.0,4,860.0
1.0,15.0,115.0,226.0,537.0,714.0,4,719.0
1.0,15.0,226.0,373.0,537.0,602.0,4,860.0
1.0,15.0,226.0,373.0,714.0,719.0,4,860.0
1.0,15.0,226.0,373.0,714.0,719.0,4,860.0
1.0,15.0,226.0,373.0,537.0,714.0,4,860.0
1.0,15.0,115.0,373.0,448.0,537.0,4,602.0
1.0,15.0,115.0,373.0,448.0,537.0,4,602.0
1.0,15.0,226.0,537.0,714.0,719.0,4,860.0
1.0,11.0,638.0,806.0,895.0,968.0,4,1031.0
1.0,11.0,173.0,806.0,895.0,968.0,4,1031.0
1.0,11.0,173.0,806.0,895.0,968.0,4,1031.0
1.0,11.0,132.0,173.0,806.0,895.0,4,968.0
1.0,11.0,1.0,99.0,132.0,968.0,4,1031.0
1.0,11.0,1.0,99.0,132.0,895.0,4,1031.0
1.0,11.0,1.0,99.0,132.0,895.0,4,1031.0
1.0,11.0,638.0,806.0,895.0,968.0,4,1031.0
1.0,11.0,173.0,806.0,895.0,968.0,4,1031.0
1.0,11.0,173.0,806.0,895.0,968.0,4,1031.0
1.0,11.0,173.0,806.0,895.0,968.0,4,1031.0
1.0,11.0,806.0,895.0,925.0,968.0,4,1031.0
1.0,11.0,806.0,895.0,925.0,968.0,4,1031.0
1.0,28.0,110.0,146.0,444.0,608.0,4,922.0
1.0,28.0,110.0,146.0,608.0,685.0,4,922.0
1.0,28.0,146.0,444.0,685.0,890.0,4,971.0
1.0,28.0,110.0,444.0,497.0,608.0,4,685.0
1.0,28.0,110.0,444.0,608.0,922.0,4,971.0
1.0,28.0,110.0,608.0,685.0,922.0,4,971.0
1.0,28.0,110.0,444.0,497.0,608.0,4,922.0
1.0,28.0,110.0,444.0,608.0,685.0,4,971.0
1.0,28.0,110.0,444.0,608.0,685.0,4,971.0
1.0,29.0,86.0,580.0,700.0,725.0,4,914.0
1.0,29.0,59.0,338.0,505.0,725.0,4,914.0
1.0,29.0,86.0,103.0,338.0,580.0,4,700.0
1.0,29.0,86.0,505.0,580.0,700.0,4,725.0
1.0,29.0,59.0,338.0,505.0,905.0,4,914.0
1.0,29.0,59.0,338.0,505.0,905.0,4,914.0
1.0,29.0,59.0,103.0,338.0,700.0,4,905.0
1.0,16.0,296.0,457.0,677.0,902.0,4,996.0
1.0,16.0,296.0,298.0,457.0,832.0,4,902.0
1.0,16.0,296.0,298.0,457.0,832.0,4,902.0
1.0,16.0,664.0,677.0,832.0,902.0,4,996.0
1.0,16.0,296.0,457.0,677.0,832.0,4,996.0
1.0,16.0,296.0,457.0,677.0,832.0,4,902.0
1.0,16.0,296.0,298.0,457.0,677.0,4,832.0
1.0,16.0,296.0,457.0,677.0,902.0,4,996.0
1.0,16.0,296.0,457.0,677.0,902.0,4,996.0
1.0,16.0,296.0,664.0,832.0,902.0,4,996.0
1.0,16.0,296.0,664.0,832.0,902.0,4,996.0
1.0,0.0,13.0,493.0,535.0,676.0,4,713.0
1.0,0.0,493.0,535.0,676.0,713.0,4,1037.0
1.0,0.0,13.0,493.0,527.0,713.0,4,1037.0
1.0,0.0,13.0,493.0,535.0,676.0,4,713.0
1.0,0.0,13.0,493.0,527.0,713.0,4,1037.0
1.0,0.0,13.0,493.0,527.0,870.0,4,910.0
1.0,0.0,13.0,493.0,527.0,535.0,4,713.0
1.0,7.0,106.0,277.0,451.0,483.0,4,530.0
1.0,7.0,106.0,277.0,451.0,483.0,4,530.0
1.0,7.0,106.0,455.0,483.0,530.0,4,653.0
1.0,7.0,263.0,277.0,325.0,451.0,4,455.0
1.0,7.0,106.0,277.0,451.0,483.0,4,530.0
1.0,7.0,106.0,277.0,396.0,483.0,4,530.0
1.0,7.0,277.0,325.0,451.0,455.0,4,530.0
1.0,7.0,106.0,451.0,483.0,530.0,4,653.0
1.0,7.0,106.0,451.0,483.0,530.0,4,653.0
1.0,7.0,277.0,451.0,483.0,530.0,4,653.0
1.0,7.0,277.0,451.0,483.0,530.0,4,653.0
1.0,7.0,277.0,325.0,451.0,483.0,4,530.0
1.0,29.0,86.0,505.0,580.0,700.0,4,725.0
1.0,29.0,59.0,338.0,505.0,725.0,4,914.0
1.0,29.0,59.0,103.0,338.0,580.0,4,914.0
1.0,29.0,86.0,103.0,580.0,700.0,4,725.0
1.0,29.0,86.0,103.0,580.0,700.0,4,725.0
1.0,29.0,86.0,103.0,338.0,505.0,4,725.0
1.0,29.0,86.0,103.0,338.0,505.0,4,725.0
1.0,13.0,114.0,161.0,182.0,192.0,4,532.0
1.0,13.0,5.0,15.0,192.0,210.0,4,532.0
1.0,13.0,114.0,161.0,182.0,192.0,4,532.0
1.0,13.0,5.0,15.0,182.0,192.0,4,210.0
1.0,13.0,15.0,161.0,192.0,210.0,4,532.0
1.0,13.0,15.0,161.0,182.0,210.0,4,532.0
1.0,13.0,15.0,161.0,182.0,210.0,4,532.0
1.0,29.0,86.0,103.0,505.0,580.0,4,725.0
1.0,29.0,86.0,338.0,580.0,905.0,4,914.0
1.0,29.0,338.0,580.0,800.0,905.0,4,914.0
1.0,29.0,86.0,338.0,580.0,905.0,4,914.0
1.0,29.0,86.0,103.0,505.0,580.0,4,725.0
1.0,29.0,338.0,505.0,800.0,905.0,4,914.0
1.0,29.0,338.0,505.0,800.0,905.0,4,914.0
1.0,29.0,338.0,505.0,700.0,800.0,4,914.0
1.0,29.0,86.0,103.0,505.0,580.0,4,700.0
1.0,29.0,86.0,338.0,505.0,700.0,4,914.0
1.0,29.0,86.0,103.0,338.0,700.0,4,725.0
1.0,29.0,86.0,103.0,338.0,700.0,4,725.0
1.0,29.0,86.0,103.0,580.0,700.0,4,725.0
1.0,29.0,86.0,103.0,580.0,700.0,4,725.0
1.0,29.0,86.0,103.0,580.0,700.0,4,725.0
1.0,29.0,338.0,580.0,700.0,800.0,4,914.0
1.0,29.0,86.0,103.0,580.0,700.0,4,725.0
1.0,29.0,103.0,338.0,580.0,725.0,4,800.0
1.0,30.0,121.0,335.0,705.0,953.0,4,963.0
1.0,30.0,389.0,409.0,598.0,657.0,4,705.0
1.0,30.0,389.0,409.0,598.0,657.0,4,705.0
1.0,30.0,121.0,409.0,598.0,657.0,4,705.0
1.0,30.0,121.0,409.0,598.0,657.0,4,705.0
1.0,30.0,121.0,598.0,657.0,705.0,4,963.0
1.0,30.0,121.0,389.0,657.0,953.0,4,963.0
1.0,30.0,409.0,657.0,705.0,953.0,4,963.0
1.0,30.0,121.0,335.0,705.0,953.0,4,963.0
1.0,30.0,389.0,598.0,705.0,953.0,4,963.0
1.0,30.0,389.0,598.0,657.0,953.0,4,963.0
1.0,30.0,335.0,409.0,598.0,657.0,4,705.0
1.0,30.0,335.0,409.0,598.0,657.0,4,705.0
1.0,30.0,121.0,389.0,409.0,953.0,4,963.0
1.0,30.0,121.0,335.0,389.0,953.0,4,963.0
1.0,15.0,226.0,373.0,714.0,719.0,4,860.0
1.0,15.0,226.0,537.0,714.0,719.0,4,860.0
1.0,15.0,226.0,458.0,537.0,714.0,4,860.0
1.0,15.0,373.0,448.0,537.0,602.0,4,719.0
1.0,15.0,226.0,373.0,537.0,602.0,4,860.0
1.0,15.0,448.0,458.0,537.0,602.0,4,860.0
1.0,15.0,226.0,458.0,714.0,719.0,4,860.0
1.0,11.0,274.0,638.0,806.0,895.0,4,968.0
1.0,11.0,173.0,274.0,806.0,895.0,4,968.0
1.0,11.0,94.0,132.0,173.0,647.0,4,968.0
1.0,11.0,94.0,132.0,173.0,647.0,4,968.0
1.0,11.0,94.0,132.0,173.0,647.0,4,968.0
1.0,11.0,274.0,638.0,806.0,895.0,4,968.0
1.0,11.0,274.0,638.0,806.0,895.0,4,968.0
1.0,11.0,132.0,173.0,806.0,895.0,4,968.0
1.0,29.0,59.0,103.0,580.0,700.0,4,725.0
1.0,29.0,59.0,103.0,338.0,580.0,4,725.0
1.0,29.0,59.0,103.0,580.0,700.0,4,725.0
1.0,29.0,103.0,338.0,580.0,700.0,4,725.0
1.0,29.0,59.0,103.0,580.0,700.0,4,725.0
1.0,29.0,59.0,103.0,505.0,580.0,4,725.0
1.0,29.0,59.0,103.0,505.0,580.0,4,905.0
1.0,29.0,59.0,338.0,505.0,700.0,4,914.0
1.0,29.0,103.0,338.0,505.0,580.0,4,905.0
1.0,29.0,338.0,505.0,580.0,700.0,4,725.0
1.0,29.0,338.0,580.0,700.0,725.0,4,905.0
1.0,29.0,338.0,505.0,580.0,700.0,4,725.0
1.0,29.0,338.0,580.0,700.0,725.0,4,905.0
1.0,29.0,103.0,338.0,505.0,800.0,4,914.0
1.0,29.0,103.0,338.0,505.0,580.0,4,914.0
1.0,29.0,103.0,338.0,580.0,700.0,4,725.0
1.0,29.0,103.0,338.0,580.0,700.0,4,914.0
1.0,29.0,103.0,338.0,580.0,700.0,4,914.0
1.0,29.0,338.0,700.0,725.0,800.0,4,914.0
1.0,29.0,338.0,505.0,800.0,905.0,4,914.0
1.0,29.0,86.0,505.0,580.0,725.0,4,914.0
1.0,29.0,338.0,505.0,580.0,725.0,4,905.0
1.0,29.0,338.0,505.0,725.0,800.0,4,905.0
1.0,29.0,338.0,505.0,725.0,800.0,4,905.0
1.0,29.0,338.0,580.0,800.0,905.0,4,914.0
1.0,29.0,86.0,505.0,580.0,725.0,4,914.0
1.0,29.0,86.0,505.0,580.0,725.0,4,914.0
1.0,29.0,338.0,505.0,580.0,725.0,4,914.0
1.0,29.0,338.0,505.0,725.0,800.0,4,914.0
1.0,29.0,338.0,505.0,725.0,800.0,4,914.0
1.0,29.0,86.0,505.0,700.0,725.0,4,914.0
1.0,29.0,338.0,505.0,725.0,800.0,4,905.0
1.0,29.0,338.0,505.0,700.0,800.0,4,905.0
1.0,29.0,338.0,505.0,700.0,800.0,4,905.0
1.0,29.0,59.0,505.0,725.0,800.0,4,905.0
1.0,29.0,59.0,338.0,800.0,905.0,4,914.0
1.0,29.0,86.0,338.0,800.0,905.0,4,914.0
1.0,29.0,86.0,338.0,505.0,725.0,4,914.0
1.0,29.0,86.0,338.0,505.0,725.0,4,914.0
1.0,29.0,86.0,338.0,505.0,631.0,4,914.0
1.0,29.0,338.0,505.0,800.0,905.0,4,914.0
1.0,29.0,338.0,505.0,800.0,905.0,4,914.0
1.0,29.0,338.0,505.0,725.0,800.0,4,905.0
1.0,29.0,338.0,505.0,725.0,800.0,4,905.0
1.0,29.0,86.0,338.0,505.0,725.0,4,905.0
1.0,28.0,110.0,146.0,497.0,685.0,4,922.0
1.0,28.0,110.0,497.0,685.0,922.0,4,971.0
1.0,28.0,444.0,497.0,685.0,890.0,4,971.0
1.0,28.0,444.0,497.0,685.0,890.0,4,971.0
1.0,28.0,110.0,146.0,608.0,685.0,4,922.0
1.0,28.0,444.0,497.0,608.0,685.0,4,922.0
1.0,28.0,444.0,497.0,685.0,890.0,4,971.0
1.0,28.0,110.0,444.0,497.0,685.0,4,922.0
1.0,26.0,40.0,41.0,824.0,874.0,4,1024.0
1.0,26.0,40.0,41.0,824.0,874.0,4,1024.0
1.0,26.0,40.0,601.0,634.0,824.0,4,874.0
1.0,26.0,40.0,41.0,601.0,824.0,4,1024.0
1.0,26.0,40.0,454.0,582.0,601.0,4,634.0
1.0,26.0,41.0,454.0,601.0,843.0,4,948.0
1.0,15.0,602.0,719.0,786.0,860.0,4,930.0
1.0,15.0,140.0,373.0,537.0,602.0,4,930.0
1.0,15.0,209.0,226.0,719.0,786.0,4,860.0
1.0,15.0,209.0,719.0,786.0,860.0,4,930.0
1.0,15.0,209.0,537.0,786.0,860.0,4,930.0
1.0,15.0,209.0,537.0,786.0,860.0,4,930.0
1.0,15.0,373.0,537.0,602.0,719.0,4,786.0
1.0,15.0,537.0,602.0,719.0,786.0,4,860.0
1.0,18.0,14.0,191.0,365.0,866.0,4,886.0
1.0,18.0,166.0,191.0,365.0,866.0,4,886.0
1.0,18.0,166.0,191.0,365.0,866.0,4,886.0
1.0,18.0,351.0,704.0,812.0,866.0,4,886.0
1.0,13.0,161.0,192.0,803.0,871.0,4,956.0
1.0,13.0,5.0,192.0,210.0,803.0,4,956.0
1.0,13.0,15.0,161.0,803.0,858.0,4,871.0
1.0,13.0,15.0,161.0,192.0,210.0,4,858.0
1.0,13.0,15.0,192.0,210.0,858.0,4,956.0
1.0,0.0,13.0,59.0,493.0,535.0,4,686.0
1.0,0.0,527.0,676.0,905.0,991.0,4,1037.0
1.0,0.0,527.0,676.0,686.0,991.0,4,1037.0
1.0,0.0,13.0,59.0,493.0,535.0,4,686.0
1.0,0.0,13.0,493.0,527.0,991.0,4,1037.0
1.0,0.0,13.0,493.0,527.0,535.0,4,686.0
1.0,0.0,13.0,59.0,493.0,535.0,4,686.0
1.0,7.0,267.0,277.0,325.0,455.0,4,530.0
1.0,7.0,267.0,277.0,325.0,455.0,4,483.0
1.0,7.0,106.0,267.0,277.0,483.0,4,530.0
1.0,7.0,106.0,306.0,455.0,530.0,4,553.0
1.0,7.0,277.0,306.0,325.0,455.0,4,530.0
1.0,7.0,106.0,246.0,455.0,483.0,4,530.0
1.0,7.0,106.0,246.0,455.0,483.0,4,530.0
1.0,7.0,106.0,246.0,267.0,455.0,4,483.0
1.0,7.0,106.0,246.0,267.0,455.0,4,483.0
1.0,7.0,106.0,246.0,267.0,455.0,4,483.0
1.0,7.0,246.0,267.0,277.0,455.0,4,530.0
1.0,7.0,246.0,267.0,277.0,455.0,4,530.0
1.0,28.0,110.0,444.0,685.0,804.0,4,971.0
1.0,28.0,110.0,427.0,444.0,804.0,4,971.0
1.0,28.0,110.0,427.0,444.0,497.0,4,971.0
1.0,28.0,110.0,146.0,497.0,685.0,4,922.0
1.0,28.0,110.0,497.0,685.0,922.0,4,971.0
1.0,28.0,146.0,427.0,444.0,497.0,4,890.0
1.0,28.0,110.0,146.0,427.0,444.0,4,497.0
1.0,15.0,209.0,719.0,786.0,860.0,4,930.0
1.0,15.0,602.0,719.0,786.0,860.0,4,930.0
1.0,15.0,226.0,602.0,719.0,860.0,4,930.0
1.0,15.0,373.0,537.0,602.0,719.0,4,786.0
1.0,15.0,209.0,373.0,719.0,786.0,4,860.0
1.0,15.0,373.0,602.0,719.0,786.0,4,860.0
1.0,15.0,226.0,373.0,602.0,719.0,4,860.0
1.0,15.0,226.0,373.0,537.0,602.0,4,860.0
1.0,15.0,226.0,373.0,537.0,602.0,4,860.0
1.0,15.0,537.0,602.0,719.0,786.0,4,860.0
1.0,15.0,537.0,602.0,719.0,786.0,4,860.0
1.0,15.0,38.0,140.0,226.0,474.0,4,602.0
1.0,13.0,15.0,114.0,161.0,192.0,4,831.0
1.0,13.0,15.0,114.0,182.0,192.0,4,532.0
1.0,13.0,15.0,114.0,161.0,182.0,4,192.0
1.0,13.0,161.0,182.0,192.0,803.0,4,871.0
1.0,13.0,15.0,114.0,161.0,182.0,4,192.0
1.0,13.0,15.0,114.0,161.0,192.0,4,831.0
1.0,13.0,15.0,114.0,161.0,182.0,4,192.0
1.0,13.0,15.0,114.0,161.0,182.0,4,192.0
1.0,11.0,1.0,99.0,132.0,638.0,4,806.0
1.0,11.0,1.0,638.0,806.0,895.0,4,1031.0
1.0,30.0,121.0,335.0,657.0,953.0,4,963.0
1.0,30.0,335.0,389.0,409.0,657.0,4,839.0
1.0,30.0,121.0,335.0,657.0,953.0,4,963.0
1.0,30.0,389.0,409.0,657.0,839.0,4,953.0
1.0,30.0,337.0,389.0,409.0,474.0,4,689.0
1.0,4.0,46.0,85.0,494.0,589.0,4,947.0
1.0,4.0,46.0,85.0,494.0,589.0,4,947.0
1.0,4.0,46.0,487.0,494.0,589.0,4,947.0
1.0,4.0,3.0,46.0,487.0,589.0,4,947.0
1.0,4.0,3.0,46.0,158.0,487.0,4,947.0
1.0,4.0,3.0,158.0,487.0,947.0,4,992.0
1.0,4.0,46.0,85.0,487.0,589.0,4,947.0
1.0,4.0,3.0,46.0,158.0,487.0,4,947.0
1.0,17.0,47.0,262.0,708.0,730.0,4,1033.0
1.0,17.0,47.0,97.0,148.0,262.0,4,730.0
1.0,17.0,97.0,148.0,211.0,708.0,4,857.0
1.0,17.0,47.0,262.0,708.0,730.0,4,1033.0
1.0,17.0,47.0,97.0,262.0,708.0,4,730.0
1.0,17.0,47.0,148.0,708.0,730.0,4,1033.0
1.0,30.0,121.0,335.0,657.0,953.0,4,963.0
1.0,30.0,121.0,209.0,657.0,839.0,4,953.0
1.0,30.0,209.0,335.0,389.0,689.0,4,705.0
1.0,30.0,121.0,657.0,689.0,953.0,4,963.0
1.0,30.0,121.0,657.0,839.0,953.0,4,963.0
1.0,30.0,209.0,389.0,657.0,839.0,4,953.0
1.0,30.0,121.0,335.0,657.0,953.0,4,963.0
1.0,34.0,55.0,67.0,112.0,224.0,4,247.0
1.0,34.0,36.0,224.0,278.0,753.0,4,847.0
1.0,34.0,36.0,55.0,224.0,753.0,4,847.0
1.0,34.0,55.0,112.0,224.0,247.0,4,847.0
1.0,34.0,55.0,67.0,112.0,224.0,4,247.0
1.0,34.0,36.0,55.0,67.0,224.0,4,247.0
1.0,34.0,55.0,67.0,112.0,224.0,4,247.0
1.0,34.0,55.0,67.0,112.0,224.0,4,247.0
1.0,23.0,307.0,418.0,655.0,740.0,4,798.0
1.0,23.0,234.0,307.0,340.0,418.0,4,1027.0
1.0,23.0,234.0,340.0,440.0,740.0,4,1027.0
1.0,23.0,234.0,307.0,340.0,418.0,4,798.0
1.0,23.0,418.0,655.0,673.0,810.0,4,1027.0
1.0,23.0,418.0,440.0,655.0,810.0,4,1027.0
1.0,11.0,274.0,638.0,806.0,895.0,4,968.0
1.0,11.0,94.0,173.0,647.0,925.0,4,968.0
1.0,11.0,173.0,647.0,806.0,925.0,4,968.0
1.0,11.0,173.0,647.0,806.0,925.0,4,968.0
1.0,11.0,173.0,806.0,895.0,925.0,4,968.0
1.0,11.0,173.0,647.0,806.0,895.0,4,968.0
1.0,11.0,274.0,638.0,806.0,895.0,4,968.0
1.0,11.0,94.0,173.0,638.0,895.0,4,968.0
1.0,11.0,94.0,173.0,647.0,895.0,4,968.0
1.0,9.0,68.0,151.0,446.0,452.0,4,828.0
1.0,9.0,68.0,151.0,446.0,452.0,4,828.0
1.0,9.0,446.0,452.0,815.0,828.0,4,845.0
1.0,9.0,446.0,452.0,815.0,845.0,4,941.0
1.0,9.0,446.0,452.0,815.0,845.0,4,941.0
1.0,9.0,151.0,446.0,815.0,941.0,4,949.0
1.0,9.0,68.0,151.0,815.0,828.0,4,941.0
1.0,9.0,68.0,151.0,446.0,452.0,4,828.0
1.0,9.0,446.0,452.0,815.0,845.0,4,941.0
1.0,9.0,34.0,74.0,452.0,538.0,4,845.0
1.0,6.0,208.0,265.0,494.0,623.0,4,1010.0
1.0,6.0,208.0,265.0,494.0,1010.0,4,1039.0
1.0,6.0,35.0,250.0,494.0,623.0,4,876.0
1.0,6.0,35.0,250.0,623.0,876.0,4,1039.0
1.0,6.0,35.0,250.0,494.0,623.0,4,876.0
1.0,6.0,208.0,265.0,494.0,1010.0,4,1039.0
1.0,6.0,35.0,208.0,265.0,623.0,4,1039.0
1.0,1.0,570.0,577.0,790.0,808.0,4,820.0
1.0,1.0,570.0,577.0,790.0,808.0,4,960.0
1.0,1.0,305.0,431.0,577.0,775.0,4,820.0
1.0,1.0,570.0,577.0,790.0,808.0,4,960.0
1.0,1.0,570.0,577.0,790.0,808.0,4,820.0
1.0,1.0,570.0,577.0,790.0,808.0,4,820.0
1.0,1.0,625.0,775.0,790.0,808.0,4,820.0
1.0,1.0,305.0,431.0,577.0,625.0,4,960.0
1.0,1.0,305.0,431.0,577.0,625.0,4,960.0
1.0,1.0,305.0,431.0,625.0,790.0,4,960.0
1.0,1.0,577.0,625.0,790.0,808.0,4,820.0
1.0,32.0,44.0,61.0,155.0,420.0,4,524.0
1.0,32.0,44.0,135.0,155.0,420.0,4,524.0
1.0,32.0,44.0,135.0,420.0,524.0,4,816.0
1.0,32.0,44.0,135.0,420.0,524.0,4,816.0
1.0,32.0,135.0,155.0,524.0,816.0,4,933.0
1.0,32.0,44.0,135.0,420.0,524.0,4,595.0
1.0,32.0,44.0,135.0,524.0,595.0,4,629.0
1.0,32.0,44.0,135.0,524.0,595.0,4,629.0
1.0,32.0,135.0,420.0,524.0,595.0,4,629.0
1.0,32.0,135.0,420.0,524.0,595.0,4,629.0
1.0,16.0,24.0,90.0,200.0,495.0,4,832.0
1.0,16.0,24.0,165.0,200.0,495.0,4,832.0
1.0,16.0,165.0,200.0,495.0,832.0,4,917.0
1.0,18.0,14.0,590.0,681.0,811.0,4,866.0
1.0,18.0,14.0,166.0,590.0,811.0,4,812.0
1.0,18.0,166.0,181.0,191.0,811.0,4,812.0
1.0,18.0,14.0,181.0,681.0,812.0,4,866.0
1.0,18.0,14.0,590.0,681.0,811.0,4,866.0
1.0,18.0,166.0,181.0,191.0,811.0,4,812.0
1.0,7.0,106.0,277.0,306.0,451.0,4,530.0
1.0,7.0,106.0,451.0,455.0,483.0,4,653.0
1.0,7.0,277.0,325.0,451.0,483.0,4,530.0
1.0,7.0,106.0,277.0,451.0,455.0,4,530.0
1.0,7.0,106.0,277.0,451.0,455.0,4,530.0
1.0,7.0,106.0,277.0,451.0,455.0,4,530.0
1.0,7.0,106.0,277.0,306.0,455.0,4,530.0
1.0,7.0,106.0,277.0,451.0,455.0,4,530.0
1.0,15.0,140.0,602.0,719.0,786.0,4,930.0
1.0,15.0,140.0,537.0,602.0,786.0,4,930.0
1.0,15.0,373.0,537.0,602.0,719.0,4,786.0
1.0,15.0,209.0,537.0,719.0,786.0,4,930.0
1.0,15.0,209.0,226.0,719.0,786.0,4,860.0
1.0,15.0,209.0,226.0,719.0,786.0,4,860.0
1.0,15.0,209.0,226.0,719.0,786.0,4,860.0
1.0,15.0,209.0,226.0,719.0,786.0,4,860.0
1.0,15.0,209.0,226.0,719.0,786.0,4,860.0
1.0,28.0,110.0,444.0,497.0,608.0,4,685.0
1.0,28.0,110.0,608.0,685.0,922.0,4,971.0
1.0,28.0,110.0,146.0,608.0,685.0,4,922.0
1.0,28.0,110.0,146.0,608.0,685.0,4,922.0
1.0,28.0,444.0,608.0,685.0,922.0,4,971.0
1.0,28.0,444.0,497.0,685.0,922.0,4,971.0
1.0,28.0,110.0,444.0,497.0,685.0,4,971.0
1.0,28.0,110.0,444.0,608.0,685.0,4,971.0
1.0,28.0,110.0,444.0,608.0,685.0,4,971.0
1.0,28.0,110.0,444.0,608.0,922.0,4,971.0
1.0,28.0,110.0,444.0,608.0,922.0,4,971.0
1.0,15.0,226.0,602.0,719.0,930.0,4,937.0
1.0,15.0,140.0,602.0,786.0,930.0,4,937.0
1.0,15.0,373.0,537.0,602.0,786.0,4,860.0
1.0,15.0,537.0,602.0,719.0,786.0,4,860.0
1.0,15.0,537.0,602.0,719.0,786.0,4,860.0
1.0,15.0,226.0,537.0,602.0,860.0,4,930.0
1.0,17.0,47.0,262.0,708.0,730.0,4,1033.0
1.0,17.0,47.0,97.0,148.0,149.0,4,730.0
1.0,17.0,47.0,262.0,708.0,730.0,4,1033.0
1.0,17.0,47.0,262.0,708.0,730.0,4,1033.0
1.0,17.0,47.0,262.0,708.0,730.0,4,1033.0
1.0,7.0,246.0,267.0,277.0,530.0,4,694.0
1.0,7.0,106.0,267.0,325.0,530.0,4,973.0
1.0,7.0,246.0,277.0,455.0,483.0,4,530.0
1.0,7.0,106.0,246.0,455.0,483.0,4,530.0
1.0,7.0,246.0,267.0,277.0,530.0,4,694.0
1.0,7.0,106.0,267.0,325.0,455.0,4,483.0
1.0,7.0,106.0,325.0,455.0,483.0,4,530.0
1.0,7.0,106.0,267.0,277.0,483.0,4,530.0
1.0,7.0,246.0,267.0,277.0,455.0,4,530.0
1.0,15.0,209.0,719.0,786.0,860.0,4,930.0
1.0,15.0,209.0,719.0,786.0,860.0,4,930.0
1.0,15.0,209.0,719.0,786.0,860.0,4,930.0
1.0,15.0,140.0,602.0,786.0,860.0,4,930.0
1.0,15.0,140.0,602.0,786.0,860.0,4,930.0
1.0,15.0,140.0,373.0,537.0,602.0,4,860.0
1.0,15.0,140.0,373.0,537.0,602.0,4,786.0
1.0,15.0,209.0,537.0,719.0,786.0,4,930.0
1.0,15.0,140.0,209.0,373.0,537.0,4,860.0
1.0,15.0,140.0,209.0,373.0,537.0,4,860.0
1.0,15.0,209.0,719.0,786.0,860.0,4,930.0
1.0,15.0,209.0,719.0,786.0,860.0,4,930.0
1.0,15.0,140.0,373.0,537.0,602.0,4,860.0
1.0,15.0,38.0,373.0,537.0,602.0,4,937.0
1.0,15.0,209.0,719.0,786.0,860.0,4,930.0
1.0,15.0,209.0,719.0,786.0,860.0,4,930.0
1.0,15.0,140.0,373.0,602.0,719.0,4,860.0
1.0,15.0,140.0,373.0,602.0,860.0,4,937.0
1.0,15.0,602.0,719.0,786.0,860.0,4,930.0
1.0,30.0,121.0,335.0,657.0,953.0,4,963.0
1.0,30.0,121.0,337.0,409.0,657.0,4,953.0
1.0,30.0,113.0,335.0,337.0,409.0,4,657.0
1.0,30.0,113.0,121.0,335.0,953.0,4,963.0
1.0,30.0,113.0,121.0,705.0,953.0,4,963.0
1.0,30.0,121.0,657.0,705.0,953.0,4,963.0
1.0,30.0,121.0,335.0,705.0,953.0,4,963.0
1.0,30.0,113.0,337.0,409.0,657.0,4,953.0
1.0,30.0,113.0,337.0,409.0,657.0,4,705.0
1.0,30.0,113.0,337.0,389.0,705.0,4,963.0
1.0,15.0,209.0,537.0,719.0,786.0,4,860.0
1.0,15.0,140.0,373.0,602.0,860.0,4,930.0
1.0,15.0,140.0,373.0,537.0,602.0,4,786.0
1.0,15.0,373.0,537.0,602.0,719.0,4,786.0
1.0,15.0,209.0,537.0,719.0,786.0,4,860.0
1.0,15.0,537.0,602.0,719.0,786.0,4,860.0
1.0,15.0,537.0,602.0,719.0,860.0,4,930.0
1.0,15.0,373.0,602.0,719.0,860.0,4,930.0
1.0,15.0,373.0,602.0,719.0,860.0,4,930.0
1.0,15.0,537.0,602.0,719.0,786.0,4,860.0
1.0,32.0,61.0,155.0,420.0,524.0,4,816.0
1.0,32.0,44.0,61.0,155.0,420.0,4,524.0
1.0,32.0,44.0,61.0,135.0,231.0,4,420.0
1.0,32.0,44.0,135.0,231.0,450.0,4,499.0
1.0,32.0,44.0,135.0,231.0,450.0,4,499.0
1.0,32.0,44.0,135.0,450.0,524.0,4,816.0
1.0,32.0,135.0,420.0,450.0,524.0,4,816.0
1.0,32.0,135.0,420.0,450.0,524.0,4,816.0
1.0,32.0,61.0,135.0,420.0,524.0,4,816.0
1.0,32.0,44.0,61.0,420.0,450.0,4,524.0
1.0,32.0,44.0,61.0,420.0,450.0,4,524.0
1.0,32.0,61.0,420.0,450.0,524.0,4,816.0
1.0,32.0,44.0,61.0,231.0,420.0,4,450.0
1.0,32.0,61.0,135.0,450.0,524.0,4,595.0
1.0,15.0,209.0,226.0,719.0,786.0,4,860.0
1.0,15.0,209.0,719.0,786.0,860.0,4,930.0
1.0,15.0,226.0,602.0,719.0,860.0,4,930.0
1.0,15.0,226.0,537.0,602.0,860.0,4,930.0
1.0,15.0,226.0,537.0,602.0,719.0,4,930.0
1.0,15.0,209.0,719.0,786.0,860.0,4,930.0
1.0,15.0,209.0,226.0,719.0,786.0,4,860.0
1.0,15.0,209.0,719.0,786.0,860.0,4,930.0
1.0,15.0,602.0,719.0,786.0,860.0,4,930.0
1.0,15.0,226.0,537.0,602.0,860.0,4,930.0
1.0,15.0,226.0,537.0,602.0,860.0,4,930.0
1.0,15.0,38.0,140.0,226.0,537.0,4,602.0
1.0,15.0,209.0,226.0,719.0,786.0,4,860.0
1.0,15.0,373.0,537.0,602.0,786.0,4,860.0
1.0,15.0,373.0,537.0,602.0,786.0,4,860.0
1.0,15.0,209.0,537.0,719.0,786.0,4,860.0
1.0,15.0,209.0,537.0,719.0,786.0,4,860.0
1.0,15.0,209.0,719.0,786.0,860.0,4,930.0
1.0,15.0,209.0,719.0,786.0,860.0,4,930.0
1.0,15.0,537.0,602.0,719.0,786.0,4,860.0
1.0,11.0,99.0,806.0,895.0,968.0,4,1031.0
1.0,11.0,99.0,806.0,895.0,968.0,4,1031.0
1.0,11.0,99.0,638.0,718.0,923.0,4,1031.0
1.0,11.0,99.0,638.0,718.0,923.0,4,1031.0
1.0,11.0,99.0,638.0,923.0,968.0,4,1031.0
1.0,11.0,99.0,638.0,923.0,968.0,4,1031.0
1.0,11.0,638.0,806.0,895.0,968.0,4,1031.0
1.0,11.0,173.0,806.0,895.0,968.0,4,1031.0
1.0,11.0,99.0,806.0,895.0,968.0,4,1031.0
1.0,11.0,99.0,638.0,806.0,968.0,4,1031.0
1.0,11.0,99.0,806.0,895.0,968.0,4,1031.0
1.0,0.0,13.0,59.0,493.0,535.0,4,686.0
1.0,0.0,6.0,13.0,493.0,686.0,4,905.0
1.0,0.0,6.0,13.0,535.0,686.0,4,870.0
1.0,0.0,13.0,59.0,493.0,535.0,4,686.0
1.0,0.0,13.0,59.0,493.0,535.0,4,686.0
1.0,0.0,13.0,59.0,493.0,535.0,4,686.0
1.0,0.0,13.0,59.0,493.0,686.0,4,870.0
1.0,0.0,59.0,676.0,686.0,870.0,4,905.0
1.0,0.0,59.0,535.0,686.0,870.0,4,905.0
1.0,0.0,59.0,535.0,686.0,870.0,4,905.0
1.0,0.0,6.0,13.0,493.0,535.0,4,686.0
1.0,15.0,226.0,537.0,602.0,719.0,4,930.0
1.0,15.0,226.0,537.0,602.0,719.0,4,786.0
1.0,15.0,209.0,719.0,786.0,860.0,4,930.0
1.0,15.0,373.0,537.0,602.0,719.0,4,786.0
1.0,15.0,373.0,602.0,719.0,786.0,4,860.0
1.0,15.0,373.0,602.0,719.0,786.0,4,860.0
1.0,15.0,209.0,226.0,373.0,537.0,4,719.0
1.0,15.0,209.0,373.0,719.0,930.0,4,937.0
1.0,15.0,373.0,602.0,860.0,930.0,4,937.0
1.0,15.0,226.0,373.0,602.0,860.0,4,937.0
1.0,15.0,209.0,226.0,373.0,719.0,4,860.0
1.0,15.0,209.0,226.0,537.0,719.0,4,860.0
1.0,15.0,38.0,209.0,537.0,719.0,4,930.0
1.0,15.0,38.0,537.0,602.0,719.0,4,930.0
1.0,15.0,373.0,602.0,719.0,860.0,4,930.0
1.0,15.0,209.0,226.0,537.0,719.0,4,860.0
1.0,15.0,209.0,537.0,719.0,860.0,4,930.0
1.0,15.0,140.0,602.0,719.0,860.0,4,930.0
1.0,15.0,140.0,602.0,719.0,860.0,4,930.0
1.0,15.0,140.0,602.0,719.0,860.0,4,930.0
1.0,15.0,38.0,209.0,537.0,719.0,4,860.0
1.0,15.0,209.0,226.0,537.0,719.0,4,860.0
1.0,9.0,68.0,151.0,815.0,828.0,4,941.0
1.0,9.0,34.0,446.0,628.0,815.0,4,828.0
1.0,9.0,34.0,446.0,628.0,815.0,4,828.0
1.0,9.0,68.0,151.0,815.0,828.0,4,941.0
1.0,9.0,68.0,74.0,151.0,452.0,4,941.0
1.0,9.0,68.0,74.0,452.0,628.0,4,941.0
1.0,9.0,74.0,446.0,452.0,628.0,4,815.0
1.0,9.0,74.0,446.0,452.0,628.0,4,815.0
1.0,9.0,34.0,74.0,446.0,797.0,4,845.0
1.0,15.0,209.0,719.0,786.0,860.0,4,930.0
1.0,15.0,209.0,226.0,719.0,786.0,4,860.0
1.0,15.0,226.0,602.0,719.0,786.0,4,860.0
1.0,15.0,537.0,602.0,786.0,860.0,4,930.0
1.0,15.0,209.0,537.0,719.0,786.0,4,860.0
1.0,15.0,209.0,226.0,719.0,786.0,4,860.0
1.0,15.0,209.0,537.0,719.0,786.0,4,860.0
1.0,15.0,209.0,537.0,719.0,786.0,4,930.0
1.0,15.0,209.0,537.0,719.0,786.0,4,930.0
1.0,15.0,140.0,209.0,719.0,786.0,4,930.0
1.0,15.0,209.0,226.0,719.0,786.0,4,860.0
1.0,15.0,209.0,719.0,786.0,860.0,4,930.0
1.0,15.0,226.0,602.0,719.0,786.0,4,860.0
1.0,30.0,389.0,409.0,689.0,705.0,4,953.0
1.0,30.0,409.0,689.0,705.0,953.0,4,963.0
1.0,30.0,121.0,705.0,839.0,953.0,4,963.0
1.0,30.0,121.0,689.0,705.0,953.0,4,963.0
1.0,30.0,121.0,705.0,839.0,953.0,4,963.0
1.0,30.0,121.0,689.0,705.0,953.0,4,963.0
1.0,30.0,121.0,409.0,562.0,705.0,4,953.0
1.0,1.0,570.0,577.0,790.0,808.0,4,960.0
1.0,1.0,305.0,431.0,790.0,878.0,4,960.0
1.0,1.0,305.0,431.0,790.0,878.0,4,960.0
1.0,1.0,305.0,356.0,431.0,820.0,4,960.0
1.0,1.0,570.0,577.0,790.0,808.0,4,820.0
1.0,1.0,431.0,577.0,790.0,808.0,4,960.0
1.0,1.0,305.0,356.0,431.0,790.0,4,960.0
1.0,15.0,226.0,602.0,719.0,786.0,4,860.0
1.0,15.0,140.0,226.0,602.0,719.0,4,786.0
1.0,15.0,140.0,537.0,602.0,786.0,4,930.0
1.0,15.0,140.0,537.0,714.0,786.0,4,930.0
1.0,15.0,226.0,714.0,719.0,786.0,4,860.0
1.0,15.0,140.0,602.0,786.0,860.0,4,930.0
1.0,15.0,537.0,714.0,719.0,786.0,4,860.0
1.0,15.0,537.0,714.0,719.0,786.0,4,860.0
1.0,15.0,537.0,714.0,719.0,786.0,4,860.0
1.0,15.0,537.0,714.0,719.0,786.0,4,860.0
1.0,15.0,95.0,537.0,602.0,786.0,4,860.0
1.0,15.0,373.0,714.0,719.0,786.0,4,860.0
1.0,15.0,537.0,714.0,719.0,786.0,4,860.0
1.0,15.0,373.0,537.0,602.0,719.0,4,860.0
1.0,15.0,537.0,602.0,719.0,786.0,4,860.0
1.0,15.0,537.0,714.0,719.0,786.0,4,860.0
1.0,15.0,95.0,226.0,714.0,719.0,4,786.0
1.0,15.0,95.0,373.0,714.0,719.0,4,786.0
1.0,15.0,95.0,373.0,537.0,602.0,4,786.0
1.0,15.0,373.0,537.0,602.0,719.0,4,930.0
1.0,15.0,226.0,537.0,714.0,719.0,4,786.0
1.0,15.0,95.0,226.0,714.0,719.0,4,786.0
1.0,15.0,95.0,226.0,714.0,719.0,4,786.0
1.0,15.0,95.0,537.0,714.0,786.0,4,930.0
1.0,15.0,95.0,226.0,537.0,602.0,4,930.0
1.0,15.0,38.0,95.0,537.0,602.0,4,930.0
1.0,15.0,226.0,714.0,719.0,786.0,4,860.0
1.0,15.0,95.0,226.0,373.0,602.0,4,719.0
1.0,15.0,537.0,714.0,719.0,786.0,4,860.0
1.0,15.0,537.0,714.0,719.0,786.0,4,860.0
1.0,15.0,95.0,714.0,719.0,786.0,4,860.0
1.0,15.0,373.0,714.0,719.0,786.0,4,860.0
1.0,15.0,373.0,537.0,602.0,860.0,4,930.0
1.0,15.0,537.0,602.0,719.0,786.0,4,930.0
1.0,15.0,537.0,602.0,719.0,786.0,4,860.0
1.0,15.0,537.0,714.0,719.0,786.0,4,860.0
1.0,34.0,55.0,67.0,112.0,137.0,4,247.0
1.0,34.0,55.0,67.0,112.0,137.0,4,247.0
1.0,34.0,55.0,67.0,112.0,137.0,4,247.0
1.0,34.0,36.0,55.0,67.0,137.0,4,247.0
1.0,34.0,55.0,67.0,112.0,224.0,4,847.0
1.0,34.0,55.0,112.0,224.0,247.0,4,847.0
1.0,34.0,55.0,112.0,137.0,247.0,4,847.0
1.0,34.0,55.0,67.0,112.0,137.0,4,247.0
1.0,34.0,36.0,67.0,137.0,766.0,4,847.0
1.0,34.0,36.0,55.0,247.0,753.0,4,766.0
1.0,34.0,55.0,112.0,137.0,247.0,4,753.0
1.0,15.0,226.0,537.0,602.0,719.0,4,860.0
1.0,15.0,226.0,537.0,602.0,719.0,4,860.0
1.0,15.0,373.0,537.0,602.0,719.0,4,860.0
1.0,15.0,38.0,373.0,537.0,602.0,4,860.0
1.0,15.0,226.0,537.0,602.0,719.0,4,860.0
1.0,15.0,95.0,226.0,602.0,719.0,4,860.0
1.0,15.0,373.0,537.0,602.0,719.0,4,860.0
1.0,15.0,373.0,537.0,602.0,719.0,4,860.0
1.0,15.0,373.0,537.0,602.0,719.0,4,786.0
1.0,15.0,537.0,602.0,719.0,786.0,4,860.0
1.0,15.0,38.0,373.0,602.0,719.0,4,860.0
1.0,15.0,140.0,537.0,602.0,786.0,4,860.0
1.0,15.0,38.0,140.0,226.0,537.0,4,602.0
1.0,15.0,226.0,373.0,602.0,719.0,4,860.0
1.0,15.0,537.0,599.0,602.0,719.0,4,860.0
1.0,15.0,537.0,599.0,602.0,719.0,4,860.0
1.0,15.0,226.0,537.0,602.0,719.0,4,860.0
1.0,15.0,115.0,226.0,537.0,719.0,4,860.0
1.0,15.0,115.0,226.0,537.0,719.0,4,860.0
1.0,7.0,246.0,277.0,306.0,455.0,4,530.0
1.0,7.0,106.0,277.0,455.0,483.0,4,530.0
1.0,7.0,106.0,263.0,455.0,483.0,4,553.0
1.0,7.0,106.0,263.0,396.0,553.0,4,973.0
1.0,7.0,246.0,277.0,455.0,483.0,4,530.0
1.0,7.0,246.0,277.0,306.0,396.0,4,530.0
1.0,7.0,246.0,263.0,277.0,455.0,4,530.0
1.0,7.0,246.0,263.0,277.0,455.0,4,530.0
1.0,7.0,106.0,263.0,277.0,306.0,4,455.0
1.0,7.0,106.0,246.0,263.0,306.0,4,455.0
1.0,7.0,106.0,263.0,306.0,396.0,4,553.0
1.0,26.0,40.0,41.0,874.0,948.0,4,1024.0
1.0,26.0,40.0,41.0,874.0,948.0,4,1024.0
1.0,26.0,40.0,454.0,634.0,824.0,4,843.0
1.0,26.0,40.0,454.0,634.0,824.0,4,843.0
1.0,26.0,41.0,634.0,874.0,948.0,4,1024.0
1.0,26.0,40.0,41.0,874.0,948.0,4,1024.0
1.0,26.0,40.0,41.0,634.0,874.0,4,948.0
1.0,13.0,161.0,192.0,803.0,871.0,4,956.0
1.0,13.0,15.0,114.0,182.0,192.0,4,956.0
1.0,13.0,15.0,114.0,161.0,182.0,4,192.0
1.0,13.0,15.0,114.0,161.0,182.0,4,192.0
1.0,13.0,114.0,182.0,192.0,803.0,4,956.0
1.0,13.0,15.0,114.0,161.0,182.0,4,192.0
1.0,13.0,5.0,114.0,182.0,192.0,4,956.0
1.0,13.0,5.0,114.0,182.0,192.0,4,956.0
1.0,13.0,5.0,114.0,182.0,192.0,4,956.0
1.0,13.0,5.0,182.0,192.0,871.0,4,956.0
1.0,13.0,15.0,114.0,161.0,182.0,4,803.0
1.0,13.0,15.0,114.0,161.0,182.0,4,192.0
1.0,15.0,373.0,537.0,599.0,714.0,4,860.0
1.0,15.0,373.0,458.0,599.0,602.0,4,860.0
1.0,15.0,115.0,458.0,599.0,602.0,4,860.0
1.0,15.0,373.0,599.0,602.0,714.0,4,860.0
1.0,15.0,373.0,599.0,602.0,714.0,4,860.0
1.0,15.0,115.0,599.0,602.0,714.0,4,860.0
1.0,15.0,115.0,599.0,602.0,714.0,4,860.0
1.0,15.0,115.0,599.0,602.0,714.0,4,860.0
1.0,15.0,115.0,373.0,599.0,602.0,4,714.0
1.0,15.0,38.0,115.0,458.0,537.0,4,602.0
1.0,6.0,85.0,250.0,265.0,623.0,4,1039.0
1.0,6.0,85.0,250.0,265.0,623.0,4,1039.0
1.0,6.0,85.0,208.0,494.0,623.0,4,1010.0
1.0,6.0,208.0,265.0,292.0,494.0,4,1010.0
1.0,6.0,208.0,265.0,494.0,1010.0,4,1039.0
1.0,6.0,208.0,265.0,494.0,1010.0,4,1039.0
1.0,6.0,85.0,250.0,494.0,623.0,4,1010.0
1.0,6.0,85.0,208.0,494.0,623.0,4,1010.0
1.0,6.0,208.0,494.0,623.0,1010.0,4,1039.0
1.0,6.0,85.0,208.0,494.0,623.0,4,1010.0
1.0,6.0,85.0,250.0,623.0,1010.0,4,1039.0
1.0,11.0,274.0,638.0,806.0,895.0,4,968.0
1.0,11.0,173.0,638.0,806.0,895.0,4,968.0
1.0,11.0,94.0,173.0,638.0,647.0,4,895.0
1.0,11.0,173.0,638.0,647.0,806.0,4,968.0
1.0,11.0,274.0,638.0,806.0,895.0,4,968.0
1.0,11.0,274.0,638.0,806.0,895.0,4,968.0
1.0,11.0,94.0,132.0,647.0,806.0,4,895.0
1.0,11.0,94.0,132.0,647.0,806.0,4,895.0
1.0,4.0,290.0,487.0,589.0,616.0,4,646.0
1.0,4.0,81.0,290.0,616.0,646.0,4,992.0
1.0,4.0,46.0,81.0,290.0,589.0,4,992.0
1.0,4.0,3.0,46.0,81.0,589.0,4,992.0
1.0,4.0,46.0,81.0,290.0,589.0,4,646.0
1.0,4.0,46.0,81.0,487.0,589.0,4,646.0
1.0,4.0,46.0,487.0,589.0,616.0,4,646.0
1.0,4.0,46.0,487.0,589.0,616.0,4,646.0
1.0,4.0,46.0,81.0,487.0,616.0,4,646.0
1.0,4.0,290.0,487.0,589.0,616.0,4,646.0
1.0,4.0,46.0,81.0,290.0,589.0,4,646.0
1.0,15.0,226.0,373.0,714.0,719.0,4,860.0
1.0,15.0,226.0,458.0,602.0,719.0,4,860.0
1.0,15.0,226.0,458.0,537.0,602.0,4,860.0
1.0,15.0,226.0,373.0,714.0,719.0,4,860.0
1.0,15.0,226.0,537.0,602.0,719.0,4,860.0
1.0,15.0,373.0,448.0,537.0,602.0,4,860.0
1.0,15.0,226.0,373.0,537.0,602.0,4,860.0
1.0,15.0,226.0,373.0,537.0,602.0,4,860.0
1.0,15.0,226.0,458.0,714.0,719.0,4,860.0
1.0,15.0,115.0,140.0,458.0,599.0,4,602.0
1.0,15.0,115.0,140.0,458.0,599.0,4,602.0
1.0,15.0,226.0,373.0,458.0,537.0,4,714.0
1.0,15.0,226.0,373.0,458.0,537.0,4,714.0
1.0,15.0,226.0,373.0,714.0,719.0,4,860.0
1.0,15.0,226.0,458.0,714.0,719.0,4,860.0
1.0,15.0,226.0,373.0,458.0,537.0,4,714.0
1.0,15.0,226.0,373.0,458.0,537.0,4,714.0
1.0,15.0,226.0,537.0,714.0,719.0,4,860.0
1.0,15.0,226.0,373.0,458.0,537.0,4,714.0
1.0,15.0,226.0,373.0,458.0,537.0,4,602.0
1.0,15.0,226.0,373.0,458.0,537.0,4,602.0
1.0,15.0,373.0,448.0,458.0,602.0,4,719.0
1.0,15.0,448.0,458.0,602.0,719.0,4,860.0
1.0,15.0,448.0,537.0,602.0,719.0,4,860.0
1.0,15.0,373.0,448.0,537.0,602.0,4,719.0
1.0,18.0,14.0,181.0,681.0,812.0,4,866.0
1.0,18.0,166.0,181.0,191.0,811.0,4,812.0
1.0,18.0,14.0,181.0,681.0,812.0,4,866.0
1.0,18.0,14.0,590.0,681.0,811.0,4,866.0
1.0,18.0,14.0,590.0,681.0,811.0,4,866.0
1.0,18.0,14.0,191.0,590.0,811.0,4,812.0
1.0,18.0,166.0,181.0,191.0,811.0,4,812.0
1.0,18.0,166.0,181.0,191.0,811.0,4,812.0
1.0,18.0,14.0,590.0,811.0,812.0,4,866.0
1.0,23.0,418.0,440.0,740.0,810.0,4,827.0
1.0,23.0,340.0,440.0,673.0,740.0,4,827.0
1.0,23.0,418.0,440.0,740.0,827.0,4,1027.0
1.0,23.0,234.0,418.0,440.0,740.0,4,1027.0
1.0,23.0,418.0,655.0,673.0,827.0,4,1027.0
1.0,23.0,418.0,655.0,673.0,827.0,4,1027.0
1.0,23.0,673.0,740.0,810.0,827.0,4,1027.0
1.0,13.0,15.0,114.0,161.0,182.0,4,192.0
1.0,13.0,15.0,182.0,210.0,532.0,4,907.0
1.0,13.0,114.0,161.0,182.0,192.0,4,532.0
1.0,13.0,15.0,114.0,161.0,182.0,4,192.0
1.0,13.0,15.0,114.0,161.0,182.0,4,192.0
1.0,13.0,15.0,182.0,192.0,532.0,4,907.0
1.0,13.0,15.0,161.0,192.0,532.0,4,907.0
1.0,13.0,15.0,114.0,182.0,192.0,4,532.0
1.0,13.0,15.0,114.0,182.0,532.0,4,907.0
1.0,15.0,226.0,373.0,714.0,719.0,4,860.0
1.0,15.0,226.0,458.0,537.0,714.0,4,860.0
1.0,15.0,448.0,458.0,602.0,719.0,4,860.0
1.0,15.0,448.0,458.0,537.0,602.0,4,860.0
1.0,15.0,373.0,458.0,537.0,602.0,4,860.0
1.0,15.0,373.0,458.0,537.0,602.0,4,860.0
1.0,15.0,448.0,458.0,537.0,602.0,4,860.0
1.0,15.0,448.0,458.0,537.0,602.0,4,860.0
1.0,15.0,226.0,373.0,714.0,719.0,4,860.0
1.0,15.0,373.0,448.0,714.0,719.0,4,860.0
1.0,15.0,373.0,448.0,714.0,719.0,4,860.0
1.0,15.0,448.0,458.0,714.0,719.0,4,860.0
1.0,15.0,115.0,458.0,537.0,599.0,4,602.0
1.0,15.0,458.0,537.0,599.0,602.0,4,719.0
1.0,15.0,537.0,599.0,602.0,719.0,4,860.0
1.0,15.0,537.0,599.0,602.0,719.0,4,860.0
1.0,15.0,373.0,458.0,714.0,719.0,4,860.0
1.0,15.0,448.0,458.0,714.0,719.0,4,860.0
1.0,15.0,373.0,448.0,714.0,719.0,4,860.0
1.0,15.0,115.0,458.0,537.0,599.0,4,602.0
1.0,15.0,115.0,537.0,599.0,602.0,4,719.0
1.0,15.0,115.0,537.0,599.0,602.0,4,719.0
1.0,18.0,14.0,590.0,811.0,812.0,4,866.0
1.0,18.0,191.0,590.0,811.0,812.0,4,866.0
1.0,18.0,166.0,191.0,590.0,681.0,4,812.0
1.0,18.0,14.0,181.0,811.0,812.0,4,866.0
1.0,18.0,14.0,181.0,811.0,812.0,4,866.0
1.0,18.0,14.0,181.0,681.0,812.0,4,866.0
1.0,18.0,14.0,590.0,681.0,812.0,4,866.0
1.0,18.0,14.0,191.0,590.0,681.0,4,812.0
1.0,18.0,14.0,191.0,590.0,681.0,4,812.0
1.0,16.0,200.0,298.0,457.0,832.0,4,917.0
1.0,16.0,165.0,200.0,558.0,677.0,4,832.0
1.0,16.0,165.0,558.0,677.0,832.0,4,917.0
1.0,16.0,165.0,495.0,558.0,832.0,4,917.0
1.0,16.0,165.0,558.0,677.0,832.0,4,917.0
1.0,16.0,165.0,200.0,298.0,495.0,4,832.0
1.0,16.0,90.0,200.0,298.0,495.0,4,558.0
1.0,16.0,165.0,200.0,558.0,677.0,4,917.0
1.0,16.0,165.0,200.0,677.0,832.0,4,917.0
1.0,15.0,115.0,140.0,373.0,599.0,4,602.0
1.0,15.0,115.0,140.0,373.0,599.0,4,602.0
1.0,15.0,38.0,115.0,373.0,602.0,4,860.0
1.0,15.0,38.0,115.0,373.0,714.0,4,860.0
1.0,15.0,38.0,140.0,373.0,714.0,4,860.0
1.0,15.0,38.0,140.0,373.0,714.0,4,860.0
1.0,15.0,140.0,373.0,599.0,602.0,4,714.0
1.0,15.0,38.0,373.0,602.0,714.0,4,860.0
1.0,15.0,38.0,373.0,602.0,714.0,4,860.0
1.0,28.0,110.0,444.0,608.0,922.0,4,971.0
1.0,28.0,146.0,427.0,444.0,890.0,4,971.0
1.0,28.0,146.0,427.0,444.0,608.0,4,890.0
1.0,28.0,110.0,146.0,444.0,922.0,4,971.0
1.0,28.0,110.0,146.0,444.0,608.0,4,922.0
1.0,28.0,110.0,146.0,444.0,608.0,4,922.0
1.0,28.0,110.0,146.0,427.0,444.0,4,608.0
1.0,28.0,110.0,146.0,427.0,444.0,4,608.0
1.0,28.0,110.0,146.0,427.0,444.0,4,608.0
1.0,28.0,531.0,804.0,890.0,971.0,4,1008.0
1.0,1.0,118.0,305.0,577.0,820.0,4,960.0
1.0,1.0,118.0,305.0,790.0,878.0,4,960.0
1.0,1.0,118.0,305.0,790.0,878.0,4,960.0
1.0,1.0,118.0,305.0,577.0,790.0,4,820.0
1.0,1.0,570.0,577.0,790.0,808.0,4,820.0
1.0,1.0,570.0,577.0,790.0,808.0,4,820.0
1.0,1.0,577.0,808.0,820.0,878.0,4,960.0
1.0,1.0,118.0,577.0,790.0,808.0,4,820.0
1.0,1.0,118.0,577.0,790.0,808.0,4,820.0
1.0,1.0,118.0,305.0,356.0,625.0,4,960.0
1.0,32.0,44.0,61.0,450.0,816.0,4,933.0
1.0,32.0,135.0,155.0,524.0,538.0,4,816.0
1.0,32.0,44.0,61.0,155.0,450.0,4,933.0
1.0,32.0,44.0,61.0,155.0,450.0,4,933.0
1.0,32.0,44.0,61.0,135.0,522.0,4,524.0
1.0,32.0,135.0,155.0,522.0,524.0,4,538.0
1.0,32.0,135.0,155.0,450.0,538.0,4,933.0
1.0,1.0,570.0,577.0,790.0,808.0,4,820.0
1.0,1.0,118.0,305.0,570.0,790.0,4,960.0
1.0,1.0,118.0,305.0,570.0,820.0,4,960.0
1.0,1.0,305.0,570.0,577.0,790.0,4,820.0
1.0,1.0,305.0,570.0,577.0,790.0,4,820.0
1.0,1.0,305.0,570.0,577.0,790.0,4,820.0
1.0,1.0,305.0,570.0,577.0,790.0,4,808.0
1.0,1.0,570.0,577.0,790.0,808.0,4,820.0
1.0,1.0,118.0,305.0,577.0,820.0,4,960.0
1.0,1.0,118.0,305.0,577.0,790.0,4,960.0
1.0,1.0,305.0,577.0,790.0,808.0,4,820.0
1.0,1.0,305.0,342.0,356.0,808.0,4,960.0
1.0,1.0,431.0,577.0,790.0,808.0,4,820.0
1.0,1.0,118.0,570.0,577.0,790.0,4,960.0
1.0,1.0,570.0,577.0,790.0,820.0,4,960.0
1.0,1.0,570.0,577.0,790.0,820.0,4,960.0
1.0,1.0,570.0,577.0,790.0,808.0,4,820.0
1.0,1.0,570.0,577.0,790.0,808.0,4,820.0
1.0,1.0,431.0,570.0,790.0,820.0,4,960.0
1.0,1.0,356.0,431.0,808.0,820.0,4,960.0
1.0,1.0,356.0,431.0,808.0,820.0,4,960.0
1.0,1.0,431.0,577.0,790.0,808.0,4,820.0
1.0,1.0,118.0,431.0,625.0,808.0,4,960.0
1.0,1.0,118.0,342.0,431.0,625.0,4,960.0
1.0,1.0,570.0,577.0,790.0,808.0,4,820.0
1.0,1.0,118.0,305.0,431.0,820.0,4,878.0
1.0,1.0,305.0,431.0,570.0,577.0,4,820.0
1.0,1.0,570.0,577.0,790.0,808.0,4,820.0
1.0,1.0,570.0,577.0,790.0,808.0,4,820.0
1.0,1.0,570.0,577.0,790.0,808.0,4,820.0
1.0,1.0,431.0,570.0,577.0,808.0,4,820.0
1.0,1.0,431.0,570.0,577.0,808.0,4,820.0
1.0,1.0,431.0,570.0,577.0,808.0,4,820.0
1.0,1.0,118.0,431.0,808.0,820.0,4,878.0
1.0,1.0,305.0,431.0,790.0,820.0,4,878.0
1.0,6.0,213.0,290.0,623.0,876.0,4,1039.0
1.0,6.0,213.0,265.0,290.0,390.0,4,623.0
1.0,6.0,213.0,290.0,623.0,876.0,4,1039.0
1.0,6.0,213.0,290.0,623.0,876.0,4,1039.0
1.0,6.0,213.0,290.0,623.0,876.0,4,1039.0
1.0,6.0,213.0,290.0,623.0,876.0,4,1039.0
1.0,1.0,570.0,577.0,790.0,808.0,4,820.0
1.0,1.0,570.0,577.0,790.0,808.0,4,820.0
1.0,1.0,118.0,305.0,356.0,431.0,4,790.0
1.0,1.0,118.0,305.0,356.0,431.0,4,820.0
1.0,1.0,305.0,356.0,431.0,577.0,4,820.0
1.0,1.0,356.0,577.0,790.0,808.0,4,820.0
1.0,1.0,305.0,577.0,790.0,808.0,4,820.0
1.0,1.0,570.0,577.0,790.0,808.0,4,820.0
1.0,1.0,570.0,577.0,790.0,808.0,4,820.0
1.0,1.0,570.0,577.0,790.0,808.0,4,820.0
1.0,1.0,356.0,570.0,790.0,808.0,4,820.0
1.0,1.0,118.0,305.0,342.0,356.0,4,431.0
1.0,1.0,118.0,305.0,342.0,356.0,4,625.0
1.0,16.0,31.0,296.0,457.0,832.0,4,996.0
1.0,16.0,24.0,200.0,457.0,832.0,4,898.0
1.0,16.0,31.0,200.0,457.0,832.0,4,996.0
1.0,16.0,31.0,200.0,457.0,832.0,4,996.0
1.0,16.0,200.0,296.0,457.0,832.0,4,898.0
1.0,16.0,200.0,296.0,457.0,832.0,4,898.0
1.0,16.0,200.0,296.0,457.0,832.0,4,898.0
1.0,16.0,296.0,457.0,832.0,898.0,4,996.0
1.0,1.0,356.0,431.0,790.0,808.0,4,820.0
1.0,1.0,118.0,305.0,356.0,431.0,4,960.0
1.0,1.0,431.0,570.0,577.0,790.0,4,808.0
1.0,1.0,570.0,577.0,790.0,808.0,4,820.0
1.0,1.0,570.0,577.0,790.0,808.0,4,820.0
1.0,1.0,570.0,577.0,790.0,808.0,4,820.0
1.0,1.0,570.0,577.0,790.0,808.0,4,820.0
1.0,1.0,356.0,431.0,790.0,808.0,4,820.0
1.0,1.0,305.0,356.0,431.0,820.0,4,960.0
1.0,26.0,40.0,41.0,824.0,874.0,4,1024.0
1.0,26.0,40.0,41.0,454.0,824.0,4,1024.0
1.0,26.0,40.0,41.0,454.0,601.0,4,824.0
1.0,26.0,40.0,41.0,454.0,601.0,4,634.0
1.0,26.0,41.0,454.0,601.0,634.0,4,1024.0
1.0,26.0,40.0,601.0,634.0,874.0,4,1024.0
1.0,26.0,40.0,41.0,601.0,874.0,4,1024.0
1.0,26.0,40.0,41.0,824.0,874.0,4,1024.0
1.0,26.0,40.0,41.0,601.0,634.0,4,874.0
1.0,26.0,40.0,41.0,634.0,874.0,4,1024.0
1.0,1.0,570.0,577.0,790.0,808.0,4,820.0
1.0,1.0,305.0,431.0,570.0,577.0,4,790.0
1.0,1.0,305.0,431.0,570.0,790.0,4,960.0
1.0,1.0,305.0,356.0,431.0,790.0,4,960.0
1.0,1.0,305.0,356.0,431.0,820.0,4,960.0
1.0,1.0,305.0,431.0,577.0,820.0,4,960.0
1.0,1.0,118.0,305.0,577.0,790.0,4,820.0
1.0,1.0,570.0,577.0,790.0,808.0,4,820.0
1.0,1.0,356.0,431.0,790.0,808.0,4,960.0
1.0,1.0,118.0,305.0,356.0,431.0,4,960.0
1.0,4.0,81.0,85.0,494.0,589.0,4,646.0
1.0,4.0,81.0,85.0,487.0,589.0,4,646.0
1.0,4.0,46.0,85.0,158.0,589.0,4,947.0
1.0,4.0,85.0,158.0,494.0,589.0,4,646.0
1.0,4.0,46.0,81.0,85.0,158.0,4,646.0
1.0,4.0,46.0,158.0,487.0,589.0,4,646.0
1.0,4.0,46.0,81.0,85.0,589.0,4,646.0
1.0,1.0,570.0,577.0,790.0,808.0,4,960.0
1.0,1.0,118.0,305.0,356.0,431.0,4,790.0
1.0,1.0,570.0,577.0,790.0,808.0,4,960.0
1.0,1.0,570.0,577.0,790.0,808.0,4,960.0
1.0,1.0,570.0,577.0,790.0,808.0,4,960.0
1.0,1.0,431.0,577.0,790.0,808.0,4,960.0
1.0,1.0,356.0,431.0,790.0,808.0,4,960.0
1.0,1.0,305.0,356.0,431.0,625.0,4,808.0
1.0,1.0,118.0,305.0,342.0,356.0,4,625.0
1.0,32.0,135.0,155.0,450.0,524.0,4,595.0
1.0,32.0,44.0,61.0,155.0,450.0,4,524.0
1.0,32.0,135.0,155.0,231.0,450.0,4,499.0
1.0,32.0,135.0,155.0,231.0,450.0,4,499.0
1.0,32.0,135.0,155.0,450.0,499.0,4,524.0
1.0,32.0,44.0,231.0,420.0,499.0,4,595.0
1.0,32.0,44.0,231.0,420.0,499.0,4,595.0
1.0,1.0,570.0,577.0,790.0,808.0,4,820.0
1.0,1.0,570.0,577.0,790.0,808.0,4,820.0
1.0,1.0,305.0,356.0,431.0,570.0,4,820.0
1.0,1.0,570.0,577.0,790.0,808.0,4,820.0
1.0,1.0,570.0,577.0,790.0,808.0,4,820.0
1.0,1.0,431.0,577.0,790.0,808.0,4,820.0
1.0,1.0,570.0,577.0,790.0,808.0,4,820.0
1.0,1.0,305.0,570.0,577.0,790.0,4,820.0
1.0,1.0,570.0,577.0,790.0,808.0,4,820.0
1.0,1.0,305.0,356.0,431.0,820.0,4,960.0
1.0,1.0,431.0,577.0,808.0,820.0,4,960.0
1.0,1.0,570.0,577.0,790.0,808.0,4,820.0
1.0,1.0,570.0,577.0,790.0,808.0,4,820.0
1.0,1.0,577.0,790.0,808.0,820.0,4,878.0
1.0,1.0,356.0,790.0,808.0,820.0,4,878.0
1.0,1.0,356.0,431.0,808.0,820.0,4,960.0
1.0,1.0,118.0,305.0,356.0,431.0,4,960.0
1.0,1.0,570.0,577.0,790.0,808.0,4,820.0
1.0,1.0,570.0,577.0,790.0,808.0,4,820.0
1.0,1.0,305.0,431.0,570.0,790.0,4,820.0
1.0,1.0,305.0,431.0,570.0,790.0,4,820.0
1.0,1.0,431.0,570.0,577.0,808.0,4,820.0
1.0,1.0,577.0,790.0,808.0,820.0,4,878.0
1.0,1.0,577.0,790.0,808.0,820.0,4,878.0
1.0,1.0,431.0,577.0,790.0,808.0,4,820.0
1.0,1.0,431.0,577.0,790.0,808.0,4,820.0
1.0,9.0,151.0,452.0,815.0,828.0,4,941.0
1.0,9.0,151.0,452.0,815.0,828.0,4,941.0
1.0,9.0,151.0,452.0,815.0,828.0,4,941.0
1.0,9.0,151.0,452.0,815.0,845.0,4,941.0
1.0,9.0,151.0,446.0,797.0,815.0,4,828.0
1.0,9.0,68.0,151.0,815.0,828.0,4,941.0
1.0,9.0,68.0,151.0,815.0,828.0,4,941.0
1.0,9.0,151.0,452.0,815.0,845.0,4,941.0
1.0,9.0,68.0,151.0,815.0,828.0,4,941.0
1.0,1.0,570.0,577.0,790.0,808.0,4,960.0
1.0,1.0,118.0,305.0,431.0,878.0,4,960.0
1.0,1.0,118.0,305.0,431.0,878.0,4,960.0
1.0,1.0,305.0,570.0,790.0,878.0,4,960.0
1.0,1.0,431.0,570.0,577.0,790.0,4,808.0
1.0,1.0,118.0,431.0,570.0,790.0,4,808.0
1.0,1.0,431.0,570.0,577.0,790.0,4,808.0
1.0,1.0,118.0,305.0,431.0,570.0,4,790.0
1.0,1.0,305.0,431.0,577.0,790.0,4,960.0
1.0,34.0,55.0,67.0,112.0,137.0,4,247.0
1.0,34.0,36.0,67.0,137.0,224.0,4,247.0
1.0,34.0,36.0,55.0,224.0,753.0,4,847.0
1.0,34.0,36.0,55.0,224.0,753.0,4,847.0
1.0,34.0,36.0,55.0,67.0,224.0,4,753.0
1.0,34.0,36.0,137.0,224.0,247.0,4,847.0
1.0,34.0,36.0,55.0,137.0,247.0,4,847.0
1.0,34.0,55.0,67.0,112.0,137.0,4,247.0
1.0,1.0,570.0,577.0,790.0,808.0,4,820.0
1.0,1.0,305.0,356.0,431.0,790.0,4,820.0
1.0,1.0,305.0,356.0,431.0,790.0,4,960.0
1.0,1.0,305.0,570.0,577.0,820.0,4,960.0
1.0,1.0,570.0,577.0,790.0,808.0,4,820.0
1.0,1.0,305.0,356.0,431.0,790.0,4,960.0
1.0,1.0,305.0,431.0,577.0,790.0,4,960.0
1.0,1.0,431.0,570.0,790.0,820.0,4,960.0
1.0,1.0,305.0,431.0,570.0,577.0,4,820.0
1.0,1.0,305.0,570.0,577.0,790.0,4,820.0
1.0,1.0,305.0,570.0,577.0,790.0,4,820.0
1.0,1.0,305.0,570.0,577.0,790.0,4,820.0
1.0,1.0,305.0,431.0,577.0,820.0,4,960.0
1.0,1.0,305.0,431.0,577.0,820.0,4,960.0
1.0,1.0,305.0,356.0,431.0,820.0,4,960.0
1.0,1.0,305.0,431.0,577.0,790.0,4,820.0
1.0,1.0,342.0,356.0,577.0,790.0,4,960.0
1.0,1.0,342.0,356.0,431.0,790.0,4,960.0
1.0,1.0,305.0,570.0,577.0,790.0,4,820.0
1.0,1.0,305.0,570.0,577.0,790.0,4,820.0
1.0,1.0,305.0,570.0,577.0,790.0,4,820.0
1.0,1.0,305.0,570.0,577.0,790.0,4,820.0
1.0,1.0,305.0,577.0,625.0,790.0,4,820.0
1.0,1.0,577.0,625.0,790.0,820.0,4,960.0
1.0,1.0,356.0,431.0,625.0,790.0,4,960.0
1.0,1.0,356.0,431.0,625.0,820.0,4,960.0
1.0,1.0,356.0,431.0,625.0,820.0,4,960.0
1.0,1.0,305.0,431.0,577.0,625.0,4,820.0
1.0,1.0,305.0,431.0,577.0,625.0,4,820.0
1.0,23.0,234.0,418.0,440.0,740.0,4,1036.0
1.0,23.0,234.0,340.0,418.0,440.0,4,1036.0
1.0,23.0,307.0,340.0,418.0,440.0,4,1036.0
1.0,23.0,234.0,418.0,740.0,798.0,4,1036.0
1.0,23.0,307.0,418.0,740.0,798.0,4,1036.0
1.0,23.0,307.0,340.0,418.0,740.0,4,1036.0
1.0,23.0,234.0,340.0,480.0,673.0,4,740.0
1.0,1.0,570.0,577.0,790.0,808.0,4,820.0
1.0,1.0,118.0,305.0,625.0,790.0,4,960.0
1.0,1.0,118.0,305.0,625.0,820.0,4,960.0
1.0,1.0,570.0,577.0,790.0,808.0,4,960.0
1.0,1.0,570.0,577.0,790.0,808.0,4,820.0
1.0,1.0,305.0,356.0,577.0,790.0,4,820.0
1.0,1.0,570.0,577.0,790.0,808.0,4,820.0
1.0,1.0,570.0,577.0,790.0,808.0,4,820.0
1.0,1.0,305.0,577.0,625.0,820.0,4,960.0
1.0,16.0,165.0,285.0,296.0,832.0,4,996.0
1.0,16.0,165.0,285.0,296.0,677.0,4,832.0
1.0,16.0,24.0,296.0,641.0,677.0,4,832.0
1.0,16.0,24.0,165.0,298.0,641.0,4,832.0
1.0,16.0,24.0,165.0,200.0,298.0,4,641.0
1.0,16.0,165.0,200.0,285.0,298.0,4,641.0
1.0,1.0,118.0,570.0,790.0,808.0,4,820.0
1.0,1.0,431.0,625.0,790.0,808.0,4,820.0
1.0,1.0,305.0,431.0,625.0,790.0,4,820.0
1.0,1.0,305.0,431.0,625.0,820.0,4,960.0
1.0,1.0,305.0,431.0,625.0,790.0,4,960.0
1.0,1.0,118.0,570.0,790.0,808.0,4,820.0
1.0,1.0,305.0,431.0,625.0,790.0,4,960.0
1.0,1.0,431.0,625.0,790.0,808.0,4,820.0
1.0,6.0,290.0,390.0,616.0,623.0,4,1039.0
1.0,6.0,290.0,390.0,616.0,623.0,4,1039.0
1.0,6.0,208.0,213.0,265.0,292.0,4,623.0
1.0,6.0,213.0,290.0,390.0,616.0,4,1039.0
1.0,6.0,290.0,390.0,616.0,623.0,4,1039.0
1.0,6.0,213.0,284.0,292.0,616.0,4,623.0
1.0,6.0,208.0,213.0,265.0,616.0,4,1039.0
1.0,1.0,118.0,570.0,790.0,808.0,4,820.0
1.0,1.0,431.0,570.0,790.0,808.0,4,820.0
1.0,1.0,305.0,356.0,431.0,625.0,4,960.0
1.0,1.0,431.0,570.0,790.0,808.0,4,820.0
1.0,1.0,431.0,570.0,790.0,808.0,4,820.0
1.0,1.0,118.0,570.0,790.0,808.0,4,820.0
1.0,1.0,118.0,570.0,790.0,808.0,4,820.0
1.0,1.0,431.0,625.0,808.0,820.0,4,960.0
1.0,1.0,305.0,356.0,431.0,625.0,4,960.0
1.0,1.0,305.0,356.0,431.0,625.0,4,960.0
1.0,18.0,14.0,191.0,681.0,866.0,4,886.0
1.0,18.0,14.0,191.0,681.0,811.0,4,866.0
1.0,18.0,65.0,191.0,681.0,811.0,4,866.0
1.0,18.0,14.0,181.0,191.0,811.0,4,812.0
1.0,18.0,14.0,191.0,681.0,812.0,4,886.0
1.0,18.0,14.0,191.0,681.0,812.0,4,886.0
1.0,18.0,14.0,191.0,681.0,811.0,4,866.0
1.0,18.0,14.0,191.0,811.0,812.0,4,866.0
1.0,18.0,14.0,181.0,191.0,681.0,4,811.0
1.0,18.0,14.0,181.0,191.0,681.0,4,811.0
1.0,1.0,118.0,625.0,790.0,808.0,4,820.0
1.0,1.0,118.0,356.0,790.0,808.0,4,820.0
1.0,1.0,305.0,431.0,625.0,820.0,4,960.0
1.0,1.0,356.0,431.0,790.0,808.0,4,820.0
1.0,1.0,118.0,625.0,790.0,808.0,4,820.0
1.0,1.0,118.0,356.0,790.0,808.0,4,820.0
1.0,1.0,356.0,431.0,790.0,808.0,4,820.0
1.0,1.0,305.0,356.0,431.0,790.0,4,960.0
1.0,1.0,431.0,625.0,790.0,808.0,4,820.0
1.0,1.0,305.0,356.0,431.0,790.0,4,960.0
1.0,1.0,305.0,356.0,431.0,820.0,4,960.0
1.0,1.0,305.0,356.0,431.0,820.0,4,960.0
1.0,1.0,305.0,356.0,431.0,820.0,4,960.0
1.0,1.0,431.0,625.0,790.0,808.0,4,820.0
1.0,1.0,431.0,625.0,790.0,808.0,4,820.0
1.0,1.0,431.0,625.0,790.0,808.0,4,820.0
1.0,1.0,305.0,625.0,790.0,820.0,4,960.0
1.0,1.0,431.0,625.0,790.0,808.0,4,820.0
1.0,28.0,110.0,444.0,497.0,608.0,4,922.0
1.0,28.0,110.0,444.0,497.0,608.0,4,922.0
1.0,28.0,110.0,497.0,608.0,685.0,4,922.0
1.0,28.0,444.0,685.0,804.0,890.0,4,971.0
1.0,28.0,444.0,497.0,685.0,922.0,4,971.0
1.0,13.0,15.0,182.0,210.0,803.0,4,956.0
1.0,13.0,15.0,182.0,192.0,210.0,4,532.0
1.0,13.0,15.0,182.0,210.0,532.0,4,803.0
1.0,13.0,15.0,114.0,192.0,803.0,4,956.0
1.0,13.0,15.0,210.0,532.0,803.0,4,956.0
1.0,1.0,570.0,577.0,790.0,808.0,4,820.0
1.0,1.0,356.0,577.0,790.0,808.0,4,820.0
1.0,1.0,356.0,577.0,790.0,808.0,4,820.0
1.0,1.0,305.0,356.0,431.0,625.0,4,820.0
1.0,1.0,305.0,431.0,570.0,625.0,4,790.0
1.0,1.0,570.0,577.0,790.0,808.0,4,820.0
1.0,1.0,570.0,577.0,790.0,808.0,4,820.0
1.0,1.0,570.0,577.0,790.0,808.0,4,820.0
1.0,1.0,305.0,356.0,431.0,577.0,4,790.0
1.0,1.0,356.0,570.0,790.0,808.0,4,820.0
1.0,1.0,305.0,356.0,431.0,625.0,4,790.0
1.0,1.0,305.0,431.0,577.0,625.0,4,820.0
1.0,1.0,431.0,570.0,577.0,808.0,4,820.0
1.0,1.0,570.0,577.0,790.0,808.0,4,820.0
1.0,1.0,431.0,577.0,790.0,808.0,4,820.0
1.0,1.0,431.0,577.0,790.0,808.0,4,820.0
1.0,1.0,570.0,577.0,790.0,808.0,4,820.0
1.0,1.0,305.0,356.0,431.0,625.0,4,820.0
1.0,1.0,570.0,577.0,790.0,808.0,4,820.0
1.0,1.0,356.0,577.0,790.0,808.0,4,820.0
1.0,1.0,356.0,577.0,790.0,808.0,4,820.0
1.0,1.0,305.0,431.0,570.0,625.0,4,820.0
1.0,1.0,305.0,431.0,570.0,577.0,4,820.0
1.0,1.0,570.0,577.0,790.0,808.0,4,820.0
1.0,1.0,305.0,356.0,431.0,577.0,4,820.0
1.0,1.0,356.0,577.0,790.0,808.0,4,820.0
1.0,1.0,570.0,577.0,790.0,808.0,4,820.0
1.0,1.0,356.0,577.0,790.0,808.0,4,820.0
1.0,1.0,356.0,431.0,577.0,808.0,4,820.0
1.0,1.0,305.0,356.0,431.0,577.0,4,820.0
1.0,1.0,431.0,570.0,577.0,808.0,4,960.0
1.0,1.0,431.0,570.0,577.0,808.0,4,960.0
1.0,1.0,570.0,577.0,790.0,808.0,4,820.0
1.0,1.0,570.0,577.0,790.0,808.0,4,820.0
1.0,1.0,570.0,577.0,790.0,808.0,4,820.0
1.0,1.0,305.0,356.0,431.0,625.0,4,820.0
1.0,1.0,305.0,431.0,577.0,625.0,4,960.0
1.0,1.0,356.0,431.0,570.0,808.0,4,820.0
1.0,1.0,570.0,577.0,790.0,808.0,4,820.0
1.0,1.0,570.0,577.0,790.0,808.0,4,820.0
1.0,1.0,431.0,570.0,790.0,808.0,4,960.0
1.0,1.0,305.0,431.0,775.0,808.0,4,960.0
1.0,1.0,305.0,431.0,625.0,808.0,4,960.0
1.0,1.0,118.0,305.0,356.0,625.0,4,960.0
1.0,26.0,40.0,41.0,824.0,874.0,4,1024.0
1.0,26.0,40.0,41.0,454.0,634.0,4,948.0
1.0,26.0,40.0,41.0,634.0,874.0,4,948.0
1.0,26.0,40.0,41.0,634.0,824.0,4,948.0
1.0,26.0,40.0,41.0,129.0,843.0,4,948.0
1.0,26.0,40.0,41.0,454.0,634.0,4,874.0
1.0,26.0,41.0,454.0,634.0,874.0,4,948.0
1.0,1.0,570.0,577.0,790.0,808.0,4,820.0
1.0,1.0,305.0,570.0,577.0,790.0,4,820.0
1.0,1.0,305.0,356.0,431.0,625.0,4,790.0
1.0,1.0,305.0,356.0,431.0,625.0,4,960.0
1.0,1.0,305.0,356.0,431.0,625.0,4,960.0
1.0,1.0,431.0,577.0,790.0,820.0,4,871.0
1.0,1.0,570.0,577.0,790.0,820.0,4,871.0
1.0,1.0,570.0,577.0,790.0,820.0,4,871.0
1.0,1.0,570.0,577.0,790.0,808.0,4,820.0
1.0,1.0,570.0,625.0,790.0,808.0,4,820.0
1.0,1.0,305.0,431.0,570.0,625.0,4,960.0
1.0,1.0,356.0,431.0,775.0,871.0,4,960.0
1.0,17.0,149.0,211.0,262.0,708.0,4,730.0
1.0,17.0,97.0,148.0,262.0,709.0,4,857.0
1.0,17.0,97.0,148.0,262.0,709.0,4,857.0
1.0,30.0,121.0,335.0,705.0,953.0,4,963.0
1.0,30.0,335.0,389.0,657.0,953.0,4,963.0
1.0,30.0,389.0,409.0,657.0,839.0,4,953.0
1.0,30.0,121.0,598.0,657.0,705.0,4,963.0
1.0,30.0,121.0,409.0,598.0,705.0,4,963.0
1.0,30.0,335.0,389.0,657.0,953.0,4,963.0
1.0,30.0,389.0,409.0,598.0,657.0,4,839.0
1.0,11.0,173.0,717.0,806.0,895.0,4,968.0
1.0,11.0,173.0,717.0,806.0,895.0,4,968.0
1.0,11.0,94.0,173.0,647.0,717.0,4,895.0
1.0,11.0,94.0,173.0,647.0,717.0,4,895.0
1.0,11.0,94.0,173.0,638.0,806.0,4,968.0
1.0,11.0,173.0,638.0,806.0,895.0,4,968.0
1.0,11.0,173.0,638.0,806.0,895.0,4,968.0
1.0,7.0,263.0,277.0,325.0,451.0,4,455.0
1.0,7.0,277.0,325.0,451.0,483.0,4,530.0
1.0,7.0,277.0,325.0,451.0,483.0,4,530.0
1.0,7.0,277.0,325.0,455.0,530.0,4,991.0
1.0,7.0,277.0,455.0,530.0,653.0,4,991.0
1.0,7.0,106.0,263.0,455.0,483.0,4,653.0
1.0,7.0,277.0,325.0,451.0,483.0,4,530.0
1.0,1.0,570.0,577.0,790.0,808.0,4,820.0
1.0,1.0,570.0,577.0,790.0,820.0,4,871.0
1.0,1.0,305.0,570.0,577.0,820.0,4,871.0
1.0,1.0,305.0,356.0,625.0,871.0,4,960.0
1.0,1.0,577.0,625.0,790.0,871.0,4,960.0
1.0,1.0,577.0,625.0,790.0,808.0,4,820.0
1.0,1.0,305.0,570.0,625.0,871.0,4,960.0
1.0,1.0,305.0,356.0,625.0,871.0,4,960.0
1.0,1.0,305.0,577.0,790.0,808.0,4,820.0
1.0,1.0,570.0,577.0,790.0,808.0,4,820.0
1.0,1.0,570.0,577.0,790.0,808.0,4,820.0
1.0,1.0,570.0,577.0,790.0,808.0,4,820.0
1.0,1.0,570.0,625.0,790.0,808.0,4,820.0
1.0,1.0,356.0,431.0,625.0,871.0,4,960.0
1.0,1.0,305.0,356.0,431.0,625.0,4,871.0
1.0,1.0,305.0,356.0,431.0,625.0,4,871.0
1.0,1.0,570.0,577.0,790.0,808.0,4,820.0
1.0,1.0,570.0,577.0,790.0,808.0,4,820.0
1.0,1.0,431.0,625.0,775.0,871.0,4,960.0
1.0,1.0,431.0,625.0,775.0,871.0,4,960.0
1.0,1.0,305.0,356.0,431.0,625.0,4,960.0
1.0,4.0,81.0,487.0,616.0,646.0,4,992.0
1.0,4.0,46.0,487.0,589.0,646.0,4,947.0
1.0,4.0,3.0,46.0,158.0,616.0,4,947.0
1.0,4.0,158.0,487.0,616.0,947.0,4,992.0
1.0,4.0,81.0,158.0,487.0,646.0,4,992.0
1.0,4.0,158.0,487.0,589.0,646.0,4,992.0
1.0,4.0,487.0,589.0,646.0,947.0,4,992.0
1.0,4.0,46.0,487.0,589.0,947.0,4,992.0
1.0,4.0,3.0,46.0,81.0,158.0,4,992.0
1.0,4.0,46.0,81.0,487.0,589.0,4,992.0
1.0,17.0,47.0,262.0,708.0,709.0,4,809.0
1.0,17.0,47.0,211.0,262.0,708.0,4,809.0
1.0,17.0,47.0,97.0,211.0,708.0,4,809.0
1.0,17.0,47.0,97.0,262.0,708.0,4,857.0
1.0,17.0,47.0,262.0,708.0,709.0,4,809.0
1.0,17.0,47.0,97.0,708.0,709.0,4,809.0
1.0,17.0,47.0,97.0,708.0,709.0,4,857.0
1.0,17.0,47.0,262.0,708.0,709.0,4,857.0
1.0,34.0,55.0,67.0,112.0,137.0,4,247.0
1.0,34.0,55.0,137.0,224.0,247.0,4,355.0
1.0,34.0,36.0,137.0,224.0,355.0,4,847.0
1.0,34.0,36.0,137.0,224.0,355.0,4,847.0
1.0,34.0,36.0,137.0,224.0,355.0,4,847.0
1.0,34.0,55.0,67.0,112.0,137.0,4,247.0
1.0,34.0,55.0,67.0,112.0,247.0,4,355.0
1.0,34.0,55.0,67.0,224.0,247.0,4,355.0
1.0,34.0,55.0,112.0,137.0,247.0,4,355.0
1.0,1.0,570.0,577.0,790.0,808.0,4,820.0
1.0,1.0,431.0,570.0,577.0,790.0,4,808.0
1.0,1.0,431.0,570.0,577.0,790.0,4,808.0
1.0,1.0,431.0,570.0,775.0,808.0,4,960.0
1.0,1.0,356.0,431.0,775.0,871.0,4,960.0
1.0,1.0,356.0,431.0,775.0,871.0,4,960.0
1.0,1.0,356.0,431.0,577.0,820.0,4,871.0
1.0,1.0,570.0,577.0,790.0,808.0,4,820.0
1.0,1.0,570.0,577.0,790.0,808.0,4,820.0
1.0,1.0,570.0,577.0,790.0,808.0,4,820.0
1.0,1.0,570.0,775.0,790.0,820.0,4,871.0
1.0,1.0,356.0,431.0,775.0,871.0,4,960.0
1.0,1.0,118.0,342.0,356.0,431.0,4,960.0
1.0,0.0,527.0,535.0,686.0,713.0,4,1037.0
1.0,0.0,527.0,535.0,686.0,713.0,4,1037.0
1.0,0.0,13.0,493.0,686.0,870.0,4,910.0
1.0,0.0,13.0,493.0,535.0,686.0,4,713.0
1.0,0.0,13.0,493.0,527.0,535.0,4,713.0
1.0,0.0,13.0,493.0,527.0,713.0,4,1037.0
1.0,0.0,13.0,493.0,527.0,713.0,4,1037.0
1.0,23.0,234.0,418.0,440.0,1027.0,4,1036.0
1.0,23.0,234.0,340.0,418.0,740.0,4,827.0
1.0,23.0,234.0,340.0,673.0,740.0,4,827.0
1.0,23.0,340.0,673.0,740.0,827.0,4,1027.0
1.0,23.0,340.0,673.0,740.0,827.0,4,1027.0
1.0,1.0,570.0,577.0,790.0,820.0,4,871.0
1.0,1.0,570.0,577.0,790.0,820.0,4,871.0
1.0,1.0,118.0,305.0,625.0,775.0,4,960.0
1.0,1.0,118.0,342.0,625.0,775.0,4,960.0
1.0,1.0,118.0,305.0,356.0,625.0,4,960.0
1.0,1.0,118.0,305.0,356.0,625.0,4,960.0
1.0,1.0,118.0,305.0,356.0,625.0,4,960.0
1.0,1.0,118.0,305.0,356.0,625.0,4,960.0
1.0,1.0,118.0,305.0,356.0,625.0,4,960.0
1.0,6.0,213.0,265.0,292.0,616.0,4,1039.0
1.0,6.0,213.0,265.0,290.0,616.0,4,1039.0
1.0,6.0,208.0,290.0,292.0,616.0,4,623.0
1.0,6.0,208.0,284.0,290.0,616.0,4,623.0
1.0,6.0,213.0,290.0,616.0,623.0,4,1039.0
1.0,0.0,6.0,13.0,493.0,535.0,4,686.0
1.0,0.0,13.0,493.0,527.0,535.0,4,991.0
1.0,0.0,13.0,493.0,527.0,535.0,4,991.0
1.0,0.0,493.0,535.0,686.0,905.0,4,991.0
1.0,0.0,6.0,13.0,493.0,686.0,4,905.0
1.0,0.0,6.0,493.0,527.0,535.0,4,905.0
1.0,0.0,493.0,527.0,686.0,905.0,4,991.0
1.0,0.0,493.0,535.0,686.0,905.0,4,991.0
1.0,7.0,277.0,455.0,483.0,530.0,4,973.0
1.0,7.0,246.0,455.0,483.0,530.0,4,553.0
1.0,7.0,246.0,277.0,306.0,396.0,4,455.0
1.0,7.0,246.0,277.0,306.0,455.0,4,553.0
1.0,7.0,277.0,455.0,483.0,530.0,4,973.0
1.0,7.0,246.0,396.0,483.0,553.0,4,973.0
1.0,7.0,246.0,396.0,455.0,483.0,4,973.0
1.0,7.0,246.0,277.0,455.0,483.0,4,973.0
1.0,7.0,246.0,455.0,483.0,530.0,4,973.0
1.0,7.0,246.0,277.0,455.0,483.0,4,530.0
1.0,28.0,110.0,146.0,608.0,685.0,4,922.0
1.0,28.0,110.0,444.0,608.0,922.0,4,971.0
1.0,28.0,110.0,444.0,608.0,922.0,4,971.0
1.0,28.0,444.0,497.0,890.0,922.0,4,971.0
1.0,28.0,444.0,497.0,890.0,922.0,4,971.0
1.0,28.0,110.0,444.0,608.0,685.0,4,971.0
1.0,28.0,110.0,444.0,608.0,685.0,4,971.0
1.0,28.0,110.0,146.0,444.0,608.0,4,922.0
1.0,28.0,110.0,146.0,608.0,685.0,4,922.0
1.0,28.0,110.0,146.0,608.0,685.0,4,922.0
1.0,28.0,110.0,497.0,608.0,685.0,4,922.0
1.0,28.0,110.0,444.0,497.0,685.0,4,971.0
1.0,28.0,110.0,444.0,608.0,922.0,4,971.0
1.0,28.0,110.0,444.0,608.0,922.0,4,971.0
1.0,7.0,246.0,267.0,277.0,306.0,4,530.0
1.0,7.0,277.0,325.0,455.0,483.0,4,530.0
1.0,7.0,106.0,267.0,325.0,483.0,4,530.0
1.0,7.0,106.0,325.0,455.0,483.0,4,973.0
1.0,7.0,246.0,267.0,277.0,455.0,4,530.0
1.0,7.0,246.0,267.0,277.0,455.0,4,483.0
1.0,7.0,277.0,325.0,396.0,455.0,4,483.0
1.0,7.0,277.0,325.0,396.0,455.0,4,483.0
1.0,7.0,267.0,277.0,325.0,483.0,4,530.0
1.0,7.0,246.0,267.0,277.0,483.0,4,530.0
1.0,7.0,246.0,267.0,277.0,455.0,4,530.0
1.0,7.0,246.0,267.0,277.0,455.0,4,483.0
1.0,7.0,246.0,267.0,277.0,530.0,4,694.0
1.0,7.0,246.0,267.0,277.0,530.0,4,694.0
1.0,7.0,246.0,267.0,277.0,530.0,4,694.0
1.0,7.0,106.0,267.0,277.0,530.0,4,694.0
1.0,7.0,246.0,267.0,277.0,455.0,4,530.0
1.0,7.0,267.0,277.0,325.0,455.0,4,483.0
1.0,7.0,246.0,267.0,277.0,530.0,4,694.0
1.0,7.0,267.0,277.0,325.0,483.0,4,694.0
1.0,7.0,267.0,277.0,325.0,455.0,4,483.0
1.0,7.0,106.0,325.0,455.0,483.0,4,530.0
1.0,7.0,106.0,267.0,277.0,455.0,4,530.0
1.0,7.0,106.0,267.0,325.0,455.0,4,530.0
1.0,7.0,246.0,267.0,483.0,553.0,4,973.0
1.0,7.0,246.0,267.0,277.0,483.0,4,973.0
1.0,7.0,246.0,267.0,277.0,530.0,4,973.0
1.0,7.0,277.0,325.0,455.0,530.0,4,973.0
1.0,7.0,277.0,325.0,455.0,530.0,4,973.0
1.0,7.0,106.0,325.0,455.0,483.0,4,530.0
1.0,7.0,246.0,267.0,277.0,455.0,4,483.0
1.0,11.0,173.0,806.0,895.0,968.0,4,1031.0
1.0,11.0,99.0,638.0,806.0,968.0,4,1031.0
1.0,11.0,99.0,638.0,647.0,718.0,4,1031.0
1.0,11.0,173.0,274.0,647.0,895.0,4,968.0
1.0,11.0,173.0,806.0,895.0,968.0,4,1031.0
1.0,11.0,173.0,806.0,895.0,968.0,4,1031.0
1.0,11.0,173.0,806.0,895.0,968.0,4,1031.0
1.0,11.0,718.0,806.0,895.0,968.0,4,1031.0
1.0,17.0,47.0,97.0,148.0,149.0,4,730.0
1.0,17.0,97.0,148.0,149.0,211.0,4,857.0
1.0,17.0,97.0,148.0,149.0,211.0,4,857.0
1.0,17.0,97.0,148.0,149.0,857.0,4,1033.0
1.0,17.0,47.0,262.0,708.0,730.0,4,1033.0
1.0,17.0,47.0,149.0,262.0,708.0,4,730.0
1.0,17.0,47.0,97.0,149.0,708.0,4,730.0
1.0,17.0,97.0,148.0,149.0,211.0,4,730.0
1.0,7.0,246.0,267.0,277.0,530.0,4,973.0
1.0,7.0,267.0,277.0,325.0,530.0,4,973.0
1.0,7.0,106.0,455.0,483.0,530.0,4,553.0
1.0,7.0,246.0,267.0,277.0,483.0,4,973.0
1.0,7.0,106.0,267.0,277.0,455.0,4,483.0
1.0,7.0,277.0,325.0,396.0,455.0,4,553.0
1.0,7.0,277.0,396.0,455.0,483.0,4,530.0
1.0,7.0,267.0,277.0,325.0,455.0,4,530.0
1.0,7.0,106.0,267.0,325.0,455.0,4,483.0
1.0,7.0,106.0,267.0,325.0,455.0,4,483.0
1.0,7.0,246.0,267.0,277.0,483.0,4,530.0
1.0,7.0,106.0,267.0,277.0,483.0,4,530.0
1.0,7.0,267.0,277.0,325.0,455.0,4,530.0
1.0,7.0,267.0,277.0,325.0,455.0,4,530.0
1.0,7.0,246.0,267.0,277.0,483.0,4,530.0
1.0,7.0,106.0,246.0,396.0,455.0,4,530.0
1.0,7.0,277.0,325.0,396.0,455.0,4,530.0
1.0,7.0,106.0,267.0,277.0,483.0,4,530.0
1.0,7.0,106.0,267.0,277.0,455.0,4,483.0
1.0,7.0,267.0,277.0,325.0,455.0,4,530.0
1.0,7.0,246.0,267.0,277.0,455.0,4,530.0
1.0,7.0,106.0,246.0,267.0,483.0,4,530.0
1.0,4.0,46.0,85.0,158.0,646.0,4,947.0
1.0,4.0,46.0,81.0,85.0,158.0,4,947.0
1.0,4.0,11.0,81.0,85.0,487.0,4,589.0
1.0,4.0,81.0,85.0,487.0,589.0,4,646.0
1.0,4.0,46.0,85.0,158.0,589.0,4,646.0
1.0,4.0,46.0,85.0,158.0,589.0,4,646.0
1.0,4.0,46.0,81.0,85.0,589.0,4,646.0
1.0,4.0,46.0,85.0,158.0,589.0,4,646.0
1.0,30.0,121.0,337.0,409.0,657.0,4,689.0
1.0,30.0,113.0,337.0,409.0,657.0,4,705.0
1.0,30.0,113.0,335.0,409.0,657.0,4,705.0
1.0,30.0,113.0,335.0,409.0,657.0,4,705.0
1.0,30.0,113.0,121.0,335.0,705.0,4,963.0
1.0,30.0,113.0,121.0,335.0,839.0,4,963.0
1.0,30.0,121.0,335.0,657.0,839.0,4,963.0
1.0,30.0,121.0,337.0,657.0,705.0,4,963.0
1.0,30.0,121.0,337.0,657.0,705.0,4,963.0
1.0,30.0,113.0,121.0,335.0,657.0,4,705.0
1.0,30.0,113.0,337.0,409.0,657.0,4,705.0
1.0,30.0,121.0,337.0,409.0,657.0,4,705.0
1.0,30.0,121.0,335.0,657.0,705.0,4,963.0
1.0,30.0,121.0,337.0,657.0,705.0,4,963.0
1.0,23.0,234.0,340.0,418.0,827.0,4,1036.0
1.0,23.0,234.0,418.0,740.0,827.0,4,1036.0
1.0,23.0,340.0,418.0,440.0,798.0,4,1036.0
1.0,23.0,234.0,340.0,418.0,440.0,4,798.0
1.0,23.0,307.0,340.0,418.0,440.0,4,798.0
1.0,23.0,234.0,340.0,418.0,798.0,4,1036.0
1.0,23.0,234.0,340.0,418.0,798.0,4,1036.0
1.0,23.0,234.0,307.0,340.0,418.0,4,1036.0
1.0,23.0,234.0,340.0,418.0,798.0,4,1036.0
1.0,32.0,61.0,155.0,420.0,524.0,4,816.0
1.0,32.0,44.0,420.0,450.0,524.0,4,595.0
1.0,32.0,44.0,135.0,231.0,450.0,4,595.0
1.0,32.0,44.0,135.0,231.0,450.0,4,595.0
1.0,32.0,135.0,155.0,450.0,524.0,4,595.0
1.0,32.0,61.0,155.0,420.0,524.0,4,816.0
1.0,32.0,61.0,155.0,420.0,524.0,4,816.0
1.0,32.0,135.0,155.0,231.0,450.0,4,595.0
1.0,32.0,44.0,135.0,231.0,450.0,4,595.0
1.0,32.0,61.0,135.0,231.0,420.0,4,595.0
1.0,11.0,173.0,895.0,923.0,968.0,4,1031.0
1.0,11.0,99.0,173.0,647.0,968.0,4,1031.0
1.0,11.0,99.0,590.0,638.0,647.0,4,923.0
1.0,11.0,173.0,895.0,923.0,968.0,4,1031.0
1.0,11.0,173.0,895.0,923.0,968.0,4,1031.0
1.0,11.0,173.0,647.0,895.0,968.0,4,1031.0
1.0,11.0,1.0,99.0,590.0,638.0,4,647.0
1.0,7.0,277.0,325.0,455.0,483.0,4,530.0
1.0,7.0,106.0,263.0,325.0,455.0,4,483.0
1.0,7.0,106.0,263.0,325.0,455.0,4,530.0
1.0,7.0,277.0,306.0,325.0,455.0,4,530.0
1.0,7.0,267.0,277.0,306.0,325.0,4,530.0
1.0,7.0,267.0,277.0,306.0,325.0,4,530.0
1.0,7.0,267.0,277.0,325.0,483.0,4,530.0
1.0,7.0,267.0,277.0,325.0,455.0,4,530.0
1.0,7.0,106.0,246.0,263.0,267.0,4,455.0
1.0,7.0,267.0,277.0,306.0,325.0,4,530.0
1.0,7.0,106.0,306.0,455.0,483.0,4,553.0
1.0,7.0,106.0,267.0,325.0,455.0,4,530.0
1.0,7.0,263.0,267.0,277.0,325.0,4,530.0
1.0,7.0,267.0,277.0,306.0,325.0,4,530.0
1.0,7.0,106.0,267.0,277.0,455.0,4,483.0
1.0,7.0,106.0,267.0,277.0,455.0,4,483.0
1.0,7.0,267.0,277.0,325.0,455.0,4,530.0
1.0,7.0,267.0,277.0,306.0,325.0,4,530.0
1.0,7.0,277.0,325.0,455.0,483.0,4,530.0
1.0,7.0,246.0,263.0,267.0,306.0,4,483.0
1.0,7.0,246.0,263.0,267.0,277.0,4,306.0
1.0,7.0,277.0,306.0,325.0,455.0,4,530.0
1.0,7.0,263.0,325.0,455.0,483.0,4,530.0
1.0,7.0,277.0,325.0,455.0,483.0,4,530.0
1.0,7.0,267.0,277.0,325.0,483.0,4,530.0
1.0,7.0,246.0,277.0,455.0,483.0,4,530.0
1.0,7.0,106.0,263.0,455.0,483.0,4,553.0
1.0,7.0,106.0,267.0,306.0,530.0,4,553.0
1.0,7.0,246.0,267.0,277.0,306.0,4,530.0
1.0,7.0,246.0,267.0,277.0,306.0,4,530.0
1.0,7.0,246.0,267.0,277.0,306.0,4,530.0
1.0,7.0,106.0,246.0,455.0,530.0,4,973.0
1.0,7.0,246.0,267.0,277.0,306.0,4,530.0
1.0,7.0,267.0,277.0,306.0,455.0,4,530.0
1.0,18.0,14.0,681.0,812.0,866.0,4,886.0
1.0,18.0,14.0,181.0,351.0,866.0,4,886.0
1.0,18.0,65.0,351.0,678.0,681.0,4,866.0
1.0,18.0,14.0,65.0,681.0,866.0,4,886.0
1.0,18.0,14.0,191.0,681.0,866.0,4,886.0
1.0,18.0,14.0,181.0,678.0,681.0,4,886.0
1.0,18.0,14.0,166.0,681.0,812.0,4,866.0
1.0,18.0,14.0,166.0,681.0,812.0,4,866.0
1.0,18.0,65.0,191.0,351.0,812.0,4,886.0
1.0,7.0,267.0,277.0,306.0,325.0,4,530.0
1.0,7.0,277.0,325.0,455.0,483.0,4,530.0
1.0,7.0,246.0,277.0,455.0,483.0,4,530.0
1.0,7.0,106.0,267.0,325.0,455.0,4,483.0
1.0,7.0,106.0,267.0,306.0,325.0,4,530.0
1.0,7.0,267.0,277.0,306.0,325.0,4,530.0
1.0,7.0,277.0,306.0,325.0,455.0,4,530.0
1.0,7.0,277.0,325.0,455.0,483.0,4,530.0
1.0,7.0,106.0,267.0,277.0,455.0,4,483.0
1.0,7.0,106.0,267.0,277.0,455.0,4,483.0
1.0,7.0,106.0,267.0,325.0,483.0,4,530.0
1.0,13.0,161.0,182.0,192.0,871.0,4,956.0
1.0,13.0,161.0,182.0,192.0,871.0,4,956.0
1.0,13.0,161.0,182.0,192.0,871.0,4,956.0
1.0,13.0,114.0,161.0,182.0,192.0,4,956.0
1.0,13.0,15.0,114.0,192.0,532.0,4,956.0
1.0,13.0,15.0,192.0,532.0,871.0,4,956.0
1.0,13.0,161.0,182.0,192.0,871.0,4,956.0
1.0,13.0,161.0,182.0,192.0,871.0,4,956.0
1.0,13.0,15.0,114.0,182.0,210.0,4,956.0
1.0,13.0,15.0,114.0,161.0,192.0,4,956.0
1.0,13.0,114.0,161.0,182.0,192.0,4,956.0
1.0,13.0,114.0,161.0,182.0,192.0,4,956.0
1.0,7.0,267.0,277.0,306.0,325.0,4,530.0
1.0,7.0,277.0,306.0,325.0,455.0,4,530.0
1.0,7.0,277.0,325.0,455.0,483.0,4,530.0
1.0,7.0,106.0,277.0,455.0,483.0,4,973.0
1.0,7.0,246.0,267.0,277.0,306.0,4,530.0
1.0,7.0,246.0,277.0,455.0,483.0,4,530.0
1.0,7.0,267.0,277.0,306.0,325.0,4,530.0
1.0,7.0,246.0,277.0,455.0,483.0,4,530.0
1.0,7.0,267.0,277.0,325.0,455.0,4,530.0
1.0,7.0,106.0,246.0,396.0,455.0,4,973.0
1.0,34.0,55.0,67.0,112.0,137.0,4,247.0
1.0,34.0,137.0,224.0,753.0,766.0,4,847.0
1.0,34.0,55.0,67.0,112.0,137.0,4,247.0
1.0,34.0,55.0,67.0,112.0,137.0,4,247.0
1.0,34.0,55.0,67.0,112.0,137.0,4,247.0
1.0,34.0,55.0,67.0,137.0,753.0,4,766.0
1.0,34.0,36.0,55.0,67.0,137.0,4,247.0
1.0,34.0,36.0,55.0,67.0,137.0,4,247.0
1.0,9.0,68.0,151.0,815.0,828.0,4,941.0
1.0,9.0,68.0,151.0,815.0,828.0,4,941.0
1.0,9.0,151.0,452.0,815.0,828.0,4,941.0
1.0,9.0,452.0,815.0,828.0,845.0,4,941.0
1.0,9.0,34.0,151.0,446.0,452.0,4,845.0
1.0,9.0,68.0,74.0,151.0,446.0,4,452.0
1.0,9.0,68.0,151.0,815.0,828.0,4,941.0
1.0,9.0,151.0,452.0,815.0,828.0,4,941.0
1.0,9.0,68.0,151.0,815.0,828.0,4,941.0
1.0,9.0,74.0,151.0,452.0,815.0,4,941.0
1.0,9.0,74.0,151.0,446.0,452.0,4,815.0
1.0,9.0,68.0,446.0,452.0,828.0,4,845.0
1.0,9.0,68.0,446.0,815.0,828.0,4,845.0
1.0,9.0,68.0,446.0,815.0,828.0,4,845.0
1.0,9.0,34.0,74.0,446.0,845.0,4,1011.0
1.0,7.0,277.0,306.0,325.0,396.0,4,530.0
1.0,7.0,106.0,263.0,277.0,455.0,4,530.0
1.0,7.0,106.0,306.0,325.0,455.0,4,973.0
1.0,7.0,277.0,306.0,325.0,396.0,4,530.0
1.0,7.0,277.0,306.0,325.0,396.0,4,530.0
1.0,7.0,246.0,263.0,277.0,396.0,4,455.0
1.0,7.0,277.0,306.0,325.0,396.0,4,530.0
1.0,7.0,106.0,277.0,455.0,530.0,4,694.0
1.0,7.0,106.0,263.0,277.0,455.0,4,530.0
1.0,7.0,106.0,277.0,396.0,455.0,4,530.0
1.0,26.0,40.0,41.0,874.0,948.0,4,1024.0
1.0,26.0,40.0,41.0,634.0,824.0,4,874.0
1.0,26.0,41.0,824.0,874.0,948.0,4,1024.0
1.0,26.0,41.0,824.0,874.0,948.0,4,1024.0
1.0,26.0,40.0,41.0,874.0,948.0,4,1024.0
1.0,26.0,40.0,41.0,634.0,824.0,4,874.0
1.0,26.0,41.0,634.0,824.0,843.0,4,874.0
1.0,26.0,40.0,41.0,634.0,824.0,4,948.0
1.0,26.0,40.0,41.0,634.0,824.0,4,948.0
1.0,7.0,263.0,277.0,306.0,325.0,4,455.0
1.0,7.0,263.0,277.0,325.0,396.0,4,455.0
1.0,7.0,246.0,263.0,277.0,306.0,4,396.0
1.0,7.0,106.0,246.0,306.0,455.0,4,973.0
1.0,7.0,106.0,306.0,325.0,396.0,4,455.0
1.0,7.0,263.0,277.0,306.0,325.0,4,455.0
1.0,7.0,277.0,306.0,325.0,396.0,4,455.0
1.0,7.0,263.0,277.0,306.0,325.0,4,396.0
1.0,7.0,106.0,306.0,396.0,553.0,4,751.0
1.0,18.0,14.0,181.0,811.0,866.0,4,886.0
1.0,18.0,14.0,181.0,811.0,866.0,4,886.0
1.0,18.0,191.0,681.0,812.0,886.0,4,949.0
1.0,18.0,14.0,191.0,681.0,812.0,4,886.0
1.0,18.0,14.0,191.0,681.0,812.0,4,886.0
1.0,18.0,14.0,181.0,681.0,866.0,4,886.0
1.0,18.0,14.0,181.0,681.0,886.0,4,949.0
1.0,18.0,14.0,681.0,812.0,886.0,4,949.0
1.0,18.0,191.0,681.0,811.0,812.0,4,949.0
1.0,7.0,277.0,325.0,451.0,455.0,4,530.0
1.0,7.0,277.0,325.0,451.0,455.0,4,530.0
1.0,7.0,277.0,325.0,451.0,455.0,4,530.0
1.0,7.0,277.0,325.0,451.0,483.0,4,530.0
1.0,7.0,106.0,263.0,325.0,455.0,4,483.0
1.0,7.0,277.0,325.0,451.0,455.0,4,530.0
1.0,7.0,106.0,325.0,451.0,483.0,4,530.0
1.0,7.0,277.0,325.0,451.0,483.0,4,530.0
1.0,7.0,106.0,277.0,451.0,483.0,4,530.0
1.0,7.0,106.0,277.0,451.0,455.0,4,483.0
1.0,7.0,277.0,325.0,451.0,455.0,4,530.0
1.0,7.0,277.0,325.0,451.0,455.0,4,530.0
1.0,30.0,389.0,409.0,598.0,657.0,4,839.0
1.0,30.0,121.0,209.0,657.0,705.0,4,953.0
1.0,30.0,657.0,705.0,839.0,953.0,4,963.0
1.0,30.0,657.0,705.0,839.0,953.0,4,963.0
1.0,30.0,121.0,209.0,389.0,705.0,4,953.0
1.0,30.0,121.0,209.0,389.0,705.0,4,953.0
1.0,30.0,209.0,389.0,657.0,705.0,4,953.0
1.0,30.0,335.0,389.0,657.0,705.0,4,963.0
1.0,30.0,121.0,657.0,705.0,953.0,4,963.0
1.0,30.0,121.0,389.0,705.0,953.0,4,963.0
1.0,7.0,106.0,325.0,455.0,483.0,4,530.0
1.0,7.0,263.0,325.0,455.0,483.0,4,530.0
1.0,7.0,263.0,325.0,451.0,455.0,4,530.0
1.0,7.0,325.0,451.0,455.0,483.0,4,530.0
1.0,7.0,66.0,396.0,530.0,553.0,4,653.0
1.0,7.0,66.0,396.0,530.0,553.0,4,653.0
1.0,7.0,66.0,263.0,396.0,553.0,4,653.0
1.0,7.0,106.0,263.0,277.0,451.0,4,483.0
1.0,7.0,106.0,263.0,455.0,483.0,4,653.0
1.0,7.0,66.0,106.0,263.0,455.0,4,653.0
1.0,7.0,66.0,106.0,263.0,455.0,4,653.0
1.0,7.0,277.0,325.0,451.0,483.0,4,530.0
1.0,7.0,277.0,325.0,451.0,483.0,4,530.0
1.0,7.0,66.0,277.0,325.0,451.0,4,483.0
1.0,7.0,66.0,106.0,396.0,455.0,4,653.0
1.0,7.0,106.0,277.0,451.0,483.0,4,530.0
1.0,7.0,66.0,106.0,396.0,416.0,4,455.0
1.0,7.0,277.0,325.0,451.0,483.0,4,530.0
1.0,7.0,277.0,325.0,451.0,483.0,4,530.0
1.0,7.0,277.0,325.0,451.0,483.0,4,530.0
1.0,7.0,106.0,277.0,451.0,455.0,4,530.0
1.0,7.0,66.0,106.0,455.0,530.0,4,653.0
1.0,7.0,66.0,106.0,455.0,530.0,4,653.0
1.0,7.0,66.0,106.0,396.0,455.0,4,653.0
1.0,7.0,66.0,325.0,396.0,455.0,4,653.0
1.0,7.0,106.0,451.0,483.0,530.0,4,653.0
1.0,7.0,106.0,277.0,455.0,483.0,4,530.0
1.0,7.0,106.0,277.0,451.0,455.0,4,530.0
1.0,7.0,106.0,451.0,455.0,530.0,4,653.0
1.0,7.0,66.0,106.0,396.0,455.0,4,653.0
1.0,7.0,66.0,396.0,416.0,455.0,4,553.0
1.0,7.0,277.0,325.0,451.0,483.0,4,530.0
1.0,7.0,106.0,277.0,451.0,455.0,4,530.0
1.0,7.0,66.0,106.0,451.0,455.0,4,653.0
1.0,7.0,66.0,106.0,455.0,653.0,4,991.0
1.0,7.0,106.0,325.0,451.0,483.0,4,530.0
1.0,7.0,106.0,325.0,451.0,455.0,4,530.0
1.0,7.0,106.0,455.0,530.0,653.0,4,991.0
1.0,7.0,277.0,325.0,451.0,483.0,4,530.0
1.0,7.0,106.0,277.0,455.0,530.0,4,991.0
1.0,7.0,277.0,325.0,455.0,530.0,4,991.0
1.0,7.0,66.0,416.0,553.0,653.0,4,991.0
1.0,16.0,95.0,200.0,457.0,677.0,4,832.0
1.0,16.0,24.0,165.0,200.0,677.0,4,832.0
1.0,16.0,24.0,165.0,200.0,495.0,4,832.0
1.0,16.0,95.0,200.0,298.0,457.0,4,495.0
1.0,16.0,95.0,200.0,298.0,457.0,4,677.0
1.0,16.0,200.0,298.0,457.0,495.0,4,832.0
1.0,16.0,95.0,165.0,495.0,677.0,4,832.0
1.0,16.0,95.0,165.0,200.0,495.0,4,677.0
1.0,16.0,95.0,165.0,200.0,298.0,4,495.0
1.0,7.0,277.0,325.0,451.0,483.0,4,530.0
1.0,7.0,277.0,451.0,455.0,483.0,4,530.0
1.0,7.0,106.0,483.0,530.0,653.0,4,991.0
1.0,7.0,106.0,263.0,530.0,653.0,4,991.0
1.0,7.0,106.0,263.0,455.0,653.0,4,991.0
1.0,7.0,277.0,325.0,455.0,483.0,4,530.0
1.0,7.0,277.0,325.0,451.0,483.0,4,530.0
1.0,7.0,277.0,325.0,451.0,483.0,4,530.0
1.0,7.0,263.0,451.0,455.0,483.0,4,653.0
1.0,7.0,325.0,451.0,455.0,483.0,4,530.0
1.0,7.0,325.0,451.0,483.0,530.0,4,653.0
1.0,7.0,325.0,451.0,455.0,483.0,4,530.0
1.0,7.0,66.0,325.0,451.0,483.0,4,653.0
1.0,7.0,66.0,325.0,451.0,483.0,4,653.0
1.0,7.0,66.0,325.0,451.0,455.0,4,530.0
1.0,7.0,66.0,106.0,451.0,455.0,4,530.0
1.0,7.0,66.0,106.0,455.0,530.0,4,653.0
1.0,7.0,66.0,106.0,455.0,530.0,4,653.0
1.0,7.0,325.0,451.0,483.0,530.0,4,653.0
1.0,13.0,15.0,114.0,182.0,192.0,4,532.0
1.0,13.0,114.0,182.0,192.0,751.0,4,803.0
1.0,13.0,15.0,114.0,182.0,192.0,4,532.0
1.0,13.0,15.0,182.0,210.0,751.0,4,803.0
1.0,13.0,15.0,182.0,210.0,751.0,4,803.0
1.0,13.0,15.0,182.0,210.0,751.0,4,803.0
1.0,13.0,15.0,182.0,210.0,751.0,4,803.0
1.0,7.0,106.0,263.0,455.0,530.0,4,553.0
1.0,7.0,106.0,263.0,277.0,451.0,4,530.0
1.0,7.0,106.0,263.0,277.0,451.0,4,530.0
1.0,7.0,106.0,325.0,455.0,530.0,4,991.0
1.0,7.0,106.0,263.0,530.0,553.0,4,991.0
1.0,7.0,106.0,263.0,530.0,553.0,4,991.0
1.0,7.0,106.0,451.0,455.0,530.0,4,553.0
1.0,7.0,106.0,451.0,455.0,530.0,4,553.0
1.0,7.0,66.0,106.0,263.0,277.0,4,991.0
1.0,7.0,66.0,277.0,325.0,451.0,4,455.0
1.0,28.0,110.0,146.0,444.0,608.0,4,922.0
1.0,28.0,110.0,427.0,608.0,922.0,4,971.0
1.0,28.0,110.0,427.0,444.0,804.0,4,971.0
1.0,28.0,110.0,146.0,444.0,608.0,4,971.0
1.0,28.0,110.0,444.0,608.0,922.0,4,971.0
1.0,28.0,110.0,146.0,444.0,608.0,4,922.0
1.0,28.0,110.0,608.0,804.0,922.0,4,971.0
1.0,28.0,110.0,427.0,444.0,804.0,4,971.0
1.0,32.0,44.0,61.0,155.0,450.0,4,933.0
1.0,32.0,61.0,155.0,450.0,816.0,4,933.0
1.0,32.0,135.0,522.0,524.0,538.0,4,816.0
1.0,32.0,61.0,135.0,155.0,499.0,4,933.0
1.0,32.0,61.0,135.0,155.0,499.0,4,933.0
1.0,32.0,44.0,61.0,155.0,450.0,4,933.0
1.0,32.0,44.0,135.0,499.0,524.0,4,538.0
1.0,32.0,44.0,61.0,135.0,450.0,4,933.0
1.0,17.0,47.0,262.0,708.0,730.0,4,1033.0
1.0,17.0,47.0,262.0,708.0,730.0,4,1033.0
1.0,17.0,47.0,262.0,708.0,730.0,4,1033.0
1.0,17.0,47.0,262.0,708.0,730.0,4,1033.0
1.0,17.0,47.0,97.0,708.0,730.0,4,1033.0
1.0,17.0,97.0,148.0,211.0,708.0,4,1033.0
1.0,17.0,97.0,148.0,149.0,211.0,4,708.0
1.0,17.0,97.0,148.0,149.0,211.0,4,262.0
1.0,17.0,47.0,262.0,708.0,730.0,4,1033.0
1.0,17.0,47.0,262.0,708.0,730.0,4,1033.0
1.0,17.0,47.0,262.0,708.0,730.0,4,1033.0
1.0,17.0,47.0,97.0,148.0,708.0,4,1033.0
1.0,17.0,47.0,97.0,148.0,149.0,4,708.0
1.0,17.0,97.0,148.0,149.0,211.0,4,857.0
1.0,17.0,97.0,148.0,149.0,211.0,4,857.0
1.0,26.0,40.0,41.0,824.0,874.0,4,1024.0
1.0,26.0,40.0,41.0,601.0,824.0,4,843.0
1.0,26.0,40.0,454.0,601.0,634.0,4,843.0
1.0,26.0,40.0,41.0,824.0,843.0,4,1024.0
1.0,26.0,40.0,41.0,824.0,874.0,4,1024.0
1.0,26.0,40.0,41.0,454.0,874.0,4,1024.0
1.0,26.0,129.0,454.0,601.0,634.0,4,843.0
1.0,26.0,40.0,41.0,454.0,601.0,4,634.0
1.0,26.0,40.0,41.0,601.0,634.0,4,874.0
1.0,4.0,81.0,85.0,158.0,494.0,4,646.0
1.0,4.0,81.0,85.0,158.0,494.0,4,646.0
1.0,4.0,46.0,81.0,487.0,589.0,4,992.0
1.0,4.0,46.0,81.0,487.0,589.0,4,992.0
1.0,4.0,3.0,46.0,158.0,947.0,4,1004.0
1.0,4.0,3.0,158.0,487.0,947.0,4,1004.0
1.0,6.0,213.0,265.0,290.0,390.0,4,623.0
1.0,6.0,208.0,265.0,323.0,390.0,4,623.0
1.0,6.0,208.0,265.0,323.0,390.0,4,623.0
1.0,6.0,208.0,265.0,323.0,623.0,4,1039.0
1.0,6.0,208.0,213.0,290.0,323.0,4,1039.0
1.0,6.0,208.0,213.0,290.0,623.0,4,1039.0
1.0,6.0,208.0,213.0,290.0,623.0,4,876.0
1.0,6.0,208.0,213.0,290.0,623.0,4,876.0
1.0,6.0,208.0,213.0,623.0,876.0,4,1039.0
1.0,6.0,208.0,213.0,265.0,623.0,4,1039.0
1.0,6.0,208.0,213.0,265.0,623.0,4,1039.0
1.0,32.0,44.0,61.0,155.0,420.0,4,524.0
1.0,32.0,135.0,155.0,450.0,524.0,4,595.0
1.0,32.0,135.0,155.0,450.0,538.0,4,595.0
1.0,32.0,44.0,135.0,155.0,450.0,4,524.0
1.0,32.0,44.0,135.0,155.0,450.0,4,524.0
1.0,32.0,44.0,61.0,135.0,155.0,4,524.0
1.0,32.0,44.0,61.0,135.0,155.0,4,524.0
1.0,32.0,44.0,61.0,155.0,420.0,4,524.0
1.0,32.0,135.0,155.0,420.0,450.0,4,524.0
1.0,32.0,135.0,155.0,420.0,450.0,4,524.0
1.0,32.0,61.0,135.0,155.0,420.0,4,524.0
1.0,32.0,44.0,61.0,135.0,524.0,4,816.0
1.0,32.0,44.0,135.0,420.0,450.0,4,933.0
1.0,32.0,44.0,135.0,420.0,450.0,4,933.0
1.0,32.0,135.0,420.0,450.0,816.0,4,933.0
1.0,32.0,135.0,420.0,450.0,816.0,4,933.0
1.0,32.0,44.0,135.0,420.0,450.0,4,524.0
1.0,32.0,44.0,61.0,135.0,524.0,4,816.0
1.0,32.0,44.0,61.0,420.0,524.0,4,816.0
1.0,32.0,61.0,135.0,420.0,450.0,4,933.0
1.0,34.0,55.0,67.0,112.0,137.0,4,247.0
1.0,34.0,55.0,112.0,137.0,753.0,4,847.0
1.0,34.0,55.0,137.0,224.0,247.0,4,847.0
1.0,34.0,55.0,137.0,224.0,247.0,4,847.0
1.0,34.0,55.0,67.0,112.0,137.0,4,247.0
1.0,34.0,67.0,112.0,137.0,224.0,4,247.0
1.0,34.0,36.0,137.0,224.0,247.0,4,753.0
1.0,34.0,36.0,137.0,224.0,753.0,4,847.0
1.0,34.0,55.0,137.0,224.0,753.0,4,847.0
1.0,34.0,36.0,55.0,67.0,137.0,4,847.0
1.0,32.0,61.0,420.0,499.0,524.0,4,816.0
1.0,32.0,61.0,420.0,499.0,524.0,4,816.0
1.0,32.0,135.0,450.0,499.0,524.0,4,595.0
1.0,32.0,135.0,420.0,450.0,524.0,4,595.0
1.0,32.0,135.0,231.0,420.0,450.0,4,595.0
1.0,32.0,135.0,231.0,420.0,450.0,4,595.0
1.0,32.0,135.0,420.0,450.0,524.0,4,816.0
1.0,32.0,61.0,135.0,420.0,524.0,4,816.0
1.0,32.0,61.0,135.0,420.0,524.0,4,816.0
1.0,32.0,61.0,420.0,499.0,524.0,4,816.0
1.0,32.0,135.0,231.0,420.0,450.0,4,499.0
1.0,32.0,135.0,420.0,450.0,499.0,4,524.0
1.0,32.0,61.0,135.0,155.0,816.0,4,933.0
1.0,32.0,135.0,155.0,450.0,816.0,4,933.0
1.0,32.0,61.0,155.0,420.0,595.0,4,933.0
1.0,32.0,61.0,155.0,420.0,816.0,4,933.0
1.0,32.0,61.0,135.0,155.0,816.0,4,933.0
1.0,32.0,61.0,135.0,155.0,524.0,4,816.0
1.0,32.0,61.0,420.0,524.0,595.0,4,816.0
1.0,32.0,155.0,420.0,450.0,524.0,4,595.0
1.0,32.0,135.0,155.0,450.0,524.0,4,595.0
1.0,32.0,135.0,155.0,450.0,524.0,4,816.0
1.0,0.0,13.0,59.0,493.0,527.0,4,535.0
1.0,0.0,6.0,13.0,493.0,527.0,4,905.0
1.0,0.0,6.0,13.0,527.0,686.0,4,905.0
1.0,0.0,6.0,527.0,535.0,686.0,4,905.0
1.0,0.0,6.0,13.0,493.0,527.0,4,905.0
1.0,0.0,13.0,59.0,493.0,686.0,4,905.0
1.0,0.0,13.0,59.0,493.0,686.0,4,905.0
1.0,13.0,114.0,161.0,182.0,831.0,4,956.0
1.0,13.0,114.0,161.0,182.0,831.0,4,956.0
1.0,13.0,15.0,114.0,161.0,787.0,4,831.0
1.0,13.0,161.0,182.0,210.0,803.0,4,956.0
1.0,13.0,15.0,161.0,210.0,787.0,4,831.0
1.0,13.0,161.0,182.0,210.0,803.0,4,956.0
1.0,13.0,161.0,182.0,210.0,803.0,4,956.0
1.0,13.0,161.0,182.0,210.0,831.0,4,956.0
1.0,28.0,110.0,146.0,608.0,685.0,4,922.0
1.0,28.0,110.0,146.0,444.0,608.0,4,685.0
1.0,28.0,110.0,427.0,444.0,608.0,4,971.0
1.0,28.0,110.0,427.0,608.0,922.0,4,971.0
1.0,28.0,110.0,497.0,608.0,685.0,4,922.0
1.0,28.0,110.0,497.0,608.0,685.0,4,922.0
1.0,28.0,110.0,427.0,444.0,608.0,4,971.0
1.0,28.0,110.0,427.0,444.0,608.0,4,971.0
1.0,30.0,121.0,335.0,705.0,953.0,4,963.0
1.0,30.0,121.0,689.0,705.0,953.0,4,963.0
1.0,30.0,389.0,689.0,705.0,953.0,4,963.0
1.0,30.0,389.0,409.0,689.0,705.0,4,953.0
1.0,11.0,99.0,173.0,806.0,895.0,4,1031.0
1.0,11.0,99.0,173.0,638.0,647.0,4,806.0
1.0,11.0,1.0,99.0,638.0,647.0,4,1031.0
1.0,11.0,99.0,173.0,806.0,895.0,4,1031.0
1.0,11.0,99.0,173.0,806.0,895.0,4,1031.0
1.0,11.0,1.0,638.0,647.0,895.0,4,1031.0
1.0,11.0,173.0,647.0,806.0,895.0,4,1031.0
1.0,32.0,61.0,155.0,420.0,524.0,4,595.0
1.0,32.0,44.0,135.0,155.0,450.0,4,538.0
1.0,32.0,44.0,135.0,450.0,538.0,4,595.0
1.0,32.0,44.0,61.0,155.0,420.0,4,524.0
1.0,32.0,44.0,61.0,155.0,420.0,4,524.0
1.0,32.0,44.0,61.0,155.0,420.0,4,524.0
1.0,32.0,44.0,61.0,155.0,420.0,4,524.0
1.0,32.0,61.0,155.0,420.0,524.0,4,816.0
1.0,32.0,135.0,155.0,420.0,538.0,4,816.0
1.0,32.0,135.0,450.0,538.0,595.0,4,816.0
1.0,32.0,44.0,61.0,155.0,420.0,4,524.0
1.0,32.0,44.0,61.0,155.0,420.0,4,524.0
1.0,32.0,61.0,155.0,420.0,524.0,4,816.0
1.0,32.0,61.0,420.0,499.0,524.0,4,816.0
1.0,32.0,61.0,135.0,155.0,420.0,4,524.0
1.0,32.0,44.0,61.0,155.0,420.0,4,524.0
1.0,32.0,61.0,420.0,499.0,524.0,4,595.0
1.0,32.0,135.0,450.0,499.0,538.0,4,816.0
1.0,32.0,44.0,61.0,155.0,420.0,4,524.0
1.0,32.0,44.0,61.0,155.0,420.0,4,524.0
1.0,32.0,61.0,155.0,420.0,524.0,4,816.0
1.0,32.0,135.0,420.0,450.0,524.0,4,816.0
1.0,32.0,61.0,135.0,155.0,420.0,4,524.0
1.0,32.0,61.0,135.0,155.0,420.0,4,524.0
1.0,23.0,234.0,418.0,440.0,740.0,4,921.0
1.0,23.0,234.0,418.0,440.0,740.0,4,827.0
1.0,23.0,234.0,740.0,827.0,921.0,4,1036.0
1.0,23.0,234.0,418.0,440.0,740.0,4,921.0
1.0,23.0,234.0,418.0,440.0,740.0,4,921.0
1.0,23.0,234.0,418.0,440.0,740.0,4,921.0
1.0,23.0,234.0,307.0,418.0,740.0,4,827.0
1.0,23.0,234.0,418.0,740.0,827.0,4,921.0
1.0,23.0,234.0,418.0,740.0,827.0,4,921.0
1.0,32.0,44.0,61.0,155.0,420.0,4,524.0
1.0,32.0,44.0,61.0,155.0,420.0,4,524.0
1.0,32.0,61.0,135.0,155.0,524.0,4,816.0
1.0,32.0,135.0,231.0,450.0,499.0,4,595.0
1.0,32.0,135.0,231.0,450.0,499.0,4,595.0
1.0,32.0,135.0,155.0,231.0,450.0,4,499.0
1.0,32.0,61.0,135.0,155.0,420.0,4,524.0
1.0,32.0,61.0,135.0,155.0,524.0,4,816.0
1.0,32.0,61.0,135.0,155.0,524.0,4,595.0
1.0,32.0,61.0,135.0,155.0,420.0,4,524.0
1.0,32.0,61.0,135.0,155.0,420.0,4,524.0
1.0,9.0,68.0,151.0,815.0,828.0,4,941.0
1.0,9.0,151.0,446.0,452.0,815.0,4,845.0
1.0,9.0,151.0,446.0,452.0,815.0,4,845.0
1.0,9.0,68.0,446.0,452.0,828.0,4,845.0
1.0,9.0,68.0,446.0,452.0,828.0,4,845.0
1.0,9.0,151.0,452.0,815.0,828.0,4,941.0
1.0,9.0,68.0,151.0,815.0,828.0,4,941.0
1.0,9.0,68.0,151.0,815.0,828.0,4,941.0
1.0,9.0,68.0,151.0,815.0,828.0,4,941.0
1.0,9.0,68.0,452.0,828.0,845.0,4,941.0
1.0,32.0,44.0,61.0,155.0,420.0,4,524.0
1.0,32.0,61.0,155.0,420.0,524.0,4,816.0
1.0,32.0,135.0,450.0,538.0,595.0,4,816.0
1.0,32.0,61.0,155.0,420.0,499.0,4,524.0
1.0,32.0,61.0,155.0,420.0,499.0,4,524.0
1.0,32.0,61.0,135.0,155.0,420.0,4,524.0
1.0,32.0,61.0,135.0,155.0,420.0,4,524.0
1.0,26.0,40.0,41.0,360.0,874.0,4,948.0
1.0,26.0,40.0,41.0,874.0,948.0,4,1024.0
1.0,26.0,40.0,41.0,824.0,874.0,4,1024.0
1.0,26.0,40.0,41.0,824.0,874.0,4,1024.0
1.0,26.0,40.0,41.0,824.0,874.0,4,1024.0
1.0,26.0,40.0,41.0,824.0,874.0,4,1024.0
1.0,26.0,40.0,634.0,874.0,948.0,4,1024.0
1.0,32.0,61.0,135.0,155.0,524.0,4,816.0
1.0,32.0,61.0,135.0,155.0,524.0,4,816.0
1.0,32.0,135.0,155.0,231.0,450.0,4,816.0
1.0,32.0,61.0,135.0,155.0,524.0,4,816.0
1.0,32.0,61.0,135.0,155.0,524.0,4,595.0
1.0,32.0,44.0,61.0,155.0,420.0,4,524.0
1.0,32.0,61.0,155.0,420.0,524.0,4,816.0
1.0,32.0,61.0,155.0,420.0,524.0,4,816.0
1.0,32.0,135.0,155.0,450.0,524.0,4,816.0
1.0,32.0,135.0,155.0,450.0,524.0,4,816.0
1.0,32.0,44.0,135.0,231.0,450.0,4,499.0
1.0,34.0,36.0,55.0,67.0,112.0,4,247.0
1.0,34.0,36.0,55.0,247.0,766.0,4,847.0
1.0,34.0,224.0,247.0,753.0,766.0,4,847.0
1.0,34.0,36.0,55.0,67.0,112.0,4,847.0
1.0,34.0,55.0,67.0,112.0,247.0,4,278.0
1.0,34.0,36.0,55.0,67.0,112.0,4,247.0
1.0,34.0,36.0,55.0,67.0,112.0,4,247.0
1.0,34.0,55.0,67.0,112.0,247.0,4,278.0
1.0,34.0,55.0,224.0,247.0,278.0,4,847.0
1.0,32.0,44.0,61.0,155.0,420.0,4,524.0
1.0,32.0,44.0,61.0,155.0,420.0,4,524.0
1.0,32.0,135.0,450.0,538.0,595.0,4,816.0
1.0,32.0,44.0,135.0,450.0,538.0,4,816.0
1.0,32.0,44.0,135.0,450.0,538.0,4,816.0
1.0,32.0,44.0,61.0,155.0,420.0,4,524.0
1.0,32.0,44.0,61.0,155.0,420.0,4,524.0
1.0,32.0,44.0,61.0,155.0,420.0,4,524.0
1.0,32.0,44.0,135.0,450.0,538.0,4,816.0
1.0,32.0,135.0,450.0,538.0,650.0,4,816.0
1.0,32.0,450.0,499.0,538.0,595.0,4,650.0
1.0,16.0,24.0,165.0,200.0,285.0,4,296.0
1.0,16.0,24.0,165.0,200.0,285.0,4,832.0
1.0,16.0,24.0,165.0,200.0,285.0,4,832.0
1.0,16.0,24.0,296.0,298.0,457.0,4,832.0
1.0,16.0,296.0,298.0,457.0,677.0,4,832.0
1.0,16.0,24.0,165.0,200.0,285.0,4,298.0
1.0,16.0,24.0,165.0,200.0,285.0,4,298.0
1.0,32.0,44.0,61.0,155.0,420.0,4,524.0
1.0,32.0,61.0,155.0,420.0,524.0,4,816.0
1.0,32.0,44.0,61.0,155.0,420.0,4,524.0
1.0,32.0,61.0,155.0,420.0,524.0,4,816.0
1.0,32.0,44.0,61.0,155.0,420.0,4,524.0
1.0,32.0,61.0,135.0,155.0,816.0,4,933.0
1.0,32.0,44.0,61.0,155.0,420.0,4,524.0
1.0,32.0,44.0,61.0,155.0,420.0,4,524.0
1.0,32.0,44.0,61.0,155.0,420.0,4,524.0
1.0,18.0,14.0,181.0,681.0,866.0,4,886.0
1.0,18.0,14.0,65.0,811.0,866.0,4,886.0
1.0,18.0,14.0,65.0,811.0,866.0,4,886.0
1.0,32.0,44.0,61.0,135.0,524.0,4,595.0
1.0,32.0,155.0,420.0,450.0,524.0,4,816.0
1.0,32.0,44.0,61.0,155.0,420.0,4,524.0
1.0,32.0,44.0,61.0,155.0,420.0,4,524.0
1.0,32.0,44.0,135.0,420.0,524.0,4,816.0
1.0,32.0,44.0,135.0,420.0,538.0,4,816.0
1.0,32.0,61.0,135.0,155.0,524.0,4,816.0
1.0,32.0,61.0,135.0,155.0,524.0,4,816.0
1.0,32.0,61.0,135.0,155.0,524.0,4,816.0
1.0,32.0,44.0,61.0,155.0,420.0,4,524.0
1.0,32.0,44.0,61.0,135.0,155.0,4,524.0
1.0,32.0,44.0,135.0,155.0,450.0,4,524.0
1.0,32.0,44.0,61.0,135.0,155.0,4,524.0
1.0,32.0,44.0,61.0,135.0,155.0,4,524.0
1.0,32.0,44.0,61.0,155.0,420.0,4,524.0
1.0,32.0,135.0,450.0,524.0,595.0,4,816.0
1.0,32.0,135.0,450.0,524.0,595.0,4,816.0
1.0,23.0,234.0,340.0,655.0,740.0,4,1036.0
1.0,23.0,234.0,340.0,418.0,740.0,4,1036.0
1.0,23.0,234.0,340.0,418.0,740.0,4,1036.0
1.0,23.0,234.0,418.0,740.0,798.0,4,1036.0
1.0,23.0,234.0,340.0,418.0,798.0,4,1036.0
1.0,23.0,234.0,340.0,418.0,798.0,4,1036.0
1.0,23.0,234.0,418.0,740.0,798.0,4,1036.0
1.0,32.0,44.0,61.0,155.0,420.0,4,524.0
1.0,32.0,44.0,61.0,420.0,524.0,4,816.0
1.0,32.0,44.0,135.0,420.0,816.0,4,933.0
1.0,32.0,135.0,450.0,797.0,816.0,4,933.0
1.0,32.0,44.0,61.0,135.0,524.0,4,797.0
1.0,32.0,44.0,61.0,135.0,524.0,4,797.0
1.0,32.0,44.0,61.0,420.0,524.0,4,797.0
1.0,32.0,44.0,61.0,155.0,420.0,4,524.0
1.0,32.0,44.0,61.0,155.0,420.0,4,524.0
1.0,32.0,44.0,61.0,135.0,816.0,4,933.0
1.0,32.0,135.0,155.0,420.0,816.0,4,933.0
1.0,32.0,61.0,155.0,420.0,524.0,4,816.0
1.0,32.0,61.0,155.0,420.0,524.0,4,816.0
1.0,32.0,61.0,135.0,155.0,816.0,4,933.0
1.0,32.0,44.0,135.0,450.0,797.0,4,933.0
1.0,32.0,44.0,61.0,155.0,420.0,4,524.0
1.0,32.0,61.0,155.0,420.0,524.0,4,816.0
1.0,32.0,44.0,61.0,155.0,420.0,4,524.0
1.0,32.0,61.0,155.0,420.0,816.0,4,933.0
1.0,32.0,61.0,155.0,420.0,816.0,4,933.0
1.0,32.0,135.0,155.0,450.0,816.0,4,933.0
1.0,32.0,450.0,499.0,595.0,797.0,4,933.0
1.0,16.0,296.0,298.0,457.0,832.0,4,902.0
1.0,16.0,296.0,298.0,664.0,832.0,4,902.0
1.0,16.0,296.0,298.0,664.0,832.0,4,902.0
1.0,16.0,24.0,298.0,664.0,832.0,4,902.0
1.0,16.0,296.0,457.0,677.0,832.0,4,902.0
1.0,16.0,296.0,298.0,664.0,832.0,4,902.0
1.0,16.0,165.0,298.0,664.0,677.0,4,832.0
1.0,32.0,44.0,61.0,420.0,816.0,4,933.0
1.0,32.0,44.0,135.0,420.0,797.0,4,933.0
1.0,32.0,44.0,61.0,420.0,524.0,4,816.0
1.0,32.0,44.0,61.0,420.0,524.0,4,816.0
1.0,32.0,44.0,135.0,420.0,524.0,4,816.0
1.0,32.0,44.0,135.0,450.0,797.0,4,933.0
1.0,32.0,44.0,135.0,450.0,595.0,4,933.0
1.0,32.0,44.0,135.0,450.0,524.0,4,595.0
1.0,32.0,44.0,61.0,135.0,524.0,4,595.0
1.0,32.0,44.0,61.0,420.0,524.0,4,816.0
1.0,32.0,44.0,61.0,420.0,524.0,4,816.0
1.0,32.0,44.0,61.0,135.0,816.0,4,933.0
1.0,32.0,44.0,135.0,450.0,595.0,4,933.0
1.0,32.0,44.0,61.0,135.0,524.0,4,816.0
1.0,32.0,44.0,61.0,155.0,420.0,4,524.0
1.0,32.0,44.0,61.0,420.0,524.0,4,816.0
1.0,32.0,44.0,61.0,420.0,524.0,4,816.0
1.0,32.0,135.0,155.0,450.0,816.0,4,933.0
1.0,32.0,135.0,155.0,450.0,816.0,4,933.0
1.0,32.0,44.0,61.0,420.0,524.0,4,816.0
1.0,32.0,44.0,61.0,420.0,524.0,4,816.0
1.0,32.0,44.0,61.0,155.0,420.0,4,524.0
1.0,32.0,44.0,61.0,155.0,420.0,4,524.0
1.0,32.0,44.0,61.0,420.0,524.0,4,816.0
1.0,32.0,155.0,420.0,450.0,816.0,4,933.0
1.0,32.0,155.0,450.0,499.0,816.0,4,933.0
1.0,32.0,450.0,499.0,595.0,650.0,4,933.0
1.0,32.0,450.0,499.0,595.0,650.0,4,933.0
1.0,6.0,85.0,250.0,623.0,876.0,4,1039.0
1.0,6.0,35.0,208.0,265.0,494.0,4,623.0
1.0,6.0,35.0,250.0,265.0,1010.0,4,1039.0
1.0,6.0,35.0,208.0,265.0,494.0,4,623.0
1.0,6.0,208.0,265.0,494.0,623.0,4,1039.0
1.0,6.0,208.0,265.0,494.0,623.0,4,1039.0
1.0,6.0,208.0,265.0,494.0,623.0,4,1039.0
1.0,32.0,61.0,155.0,420.0,816.0,4,933.0
1.0,32.0,44.0,135.0,450.0,524.0,4,816.0
1.0,32.0,44.0,135.0,450.0,524.0,4,816.0
1.0,32.0,44.0,135.0,450.0,524.0,4,816.0
1.0,32.0,61.0,155.0,420.0,816.0,4,933.0
1.0,32.0,61.0,155.0,420.0,816.0,4,933.0
1.0,32.0,155.0,420.0,524.0,816.0,4,933.0
1.0,32.0,44.0,61.0,135.0,524.0,4,816.0
1.0,32.0,44.0,61.0,135.0,524.0,4,816.0
1.0,32.0,61.0,135.0,155.0,524.0,4,816.0
1.0,32.0,61.0,155.0,420.0,816.0,4,933.0
1.0,32.0,44.0,61.0,135.0,524.0,4,816.0
1.0,32.0,44.0,135.0,155.0,450.0,4,524.0
1.0,32.0,44.0,135.0,155.0,450.0,4,524.0
1.0,32.0,61.0,155.0,420.0,816.0,4,933.0
1.0,32.0,61.0,155.0,420.0,816.0,4,933.0
1.0,32.0,44.0,61.0,135.0,155.0,4,524.0
1.0,32.0,135.0,155.0,524.0,816.0,4,933.0
1.0,0.0,13.0,493.0,535.0,686.0,4,713.0
1.0,0.0,6.0,527.0,535.0,686.0,4,1037.0
1.0,0.0,493.0,527.0,686.0,713.0,4,1037.0
1.0,0.0,13.0,493.0,527.0,713.0,4,1037.0
1.0,0.0,493.0,527.0,535.0,713.0,4,1037.0
1.0,0.0,493.0,527.0,535.0,686.0,4,713.0
1.0,0.0,13.0,493.0,527.0,535.0,4,713.0
1.0,32.0,61.0,155.0,420.0,816.0,4,933.0
1.0,32.0,44.0,135.0,155.0,450.0,4,524.0
1.0,32.0,44.0,135.0,155.0,450.0,4,524.0
1.0,32.0,44.0,61.0,155.0,420.0,4,524.0
1.0,32.0,61.0,155.0,420.0,816.0,4,933.0
1.0,32.0,61.0,155.0,420.0,816.0,4,933.0
1.0,32.0,44.0,61.0,135.0,524.0,4,816.0
1.0,32.0,61.0,155.0,524.0,816.0,4,933.0
1.0,32.0,61.0,155.0,524.0,816.0,4,933.0
1.0,32.0,44.0,61.0,420.0,524.0,4,816.0
1.0,32.0,44.0,61.0,135.0,155.0,4,524.0
1.0,32.0,61.0,155.0,420.0,816.0,4,933.0
1.0,32.0,61.0,155.0,420.0,816.0,4,933.0
1.0,32.0,61.0,155.0,420.0,816.0,4,933.0
1.0,32.0,44.0,61.0,420.0,816.0,4,933.0
1.0,32.0,61.0,155.0,450.0,524.0,4,816.0
1.0,32.0,44.0,135.0,450.0,524.0,4,816.0
1.0,32.0,44.0,135.0,450.0,524.0,4,816.0
1.0,32.0,44.0,135.0,155.0,450.0,4,524.0
1.0,32.0,44.0,135.0,155.0,450.0,4,933.0
1.0,32.0,61.0,155.0,420.0,816.0,4,933.0
1.0,32.0,61.0,155.0,420.0,816.0,4,933.0
1.0,32.0,44.0,61.0,135.0,155.0,4,524.0
1.0,32.0,450.0,499.0,524.0,595.0,4,797.0
1.0,9.0,151.0,815.0,828.0,941.0,4,949.0
1.0,9.0,151.0,815.0,828.0,941.0,4,949.0
1.0,9.0,34.0,446.0,452.0,628.0,4,845.0
1.0,9.0,74.0,151.0,452.0,845.0,4,949.0
1.0,9.0,74.0,452.0,628.0,845.0,4,949.0
1.0,9.0,74.0,452.0,628.0,845.0,4,949.0
1.0,32.0,61.0,155.0,420.0,816.0,4,933.0
1.0,32.0,44.0,61.0,135.0,155.0,4,524.0
1.0,32.0,44.0,61.0,135.0,155.0,4,524.0
1.0,32.0,44.0,135.0,450.0,524.0,4,816.0
1.0,32.0,135.0,155.0,450.0,524.0,4,816.0
1.0,32.0,450.0,499.0,524.0,595.0,4,797.0
1.0,4.0,3.0,589.0,616.0,646.0,4,992.0
1.0,4.0,46.0,81.0,158.0,487.0,4,947.0
1.0,4.0,46.0,81.0,158.0,487.0,4,947.0
1.0,4.0,46.0,81.0,158.0,487.0,4,947.0
1.0,4.0,3.0,487.0,589.0,947.0,4,992.0
1.0,4.0,3.0,487.0,589.0,947.0,4,992.0
1.0,4.0,3.0,158.0,487.0,947.0,4,992.0
1.0,0.0,6.0,13.0,493.0,527.0,4,686.0
1.0,0.0,13.0,527.0,535.0,686.0,4,870.0
1.0,0.0,6.0,13.0,493.0,527.0,4,535.0
1.0,0.0,493.0,527.0,535.0,686.0,4,991.0
1.0,0.0,13.0,493.0,527.0,535.0,4,686.0
1.0,18.0,65.0,181.0,191.0,812.0,4,886.0
1.0,18.0,14.0,65.0,181.0,365.0,4,886.0
1.0,18.0,14.0,65.0,181.0,365.0,4,886.0
1.0,18.0,14.0,65.0,181.0,365.0,4,886.0
1.0,18.0,14.0,65.0,181.0,812.0,4,886.0
1.0,18.0,14.0,65.0,181.0,812.0,4,886.0
1.0,18.0,14.0,681.0,812.0,866.0,4,949.0
1.0,18.0,14.0,681.0,812.0,866.0,4,949.0
1.0,18.0,14.0,65.0,181.0,812.0,4,886.0
1.0,34.0,55.0,67.0,112.0,137.0,4,247.0
1.0,34.0,36.0,55.0,67.0,137.0,4,847.0
1.0,34.0,36.0,67.0,137.0,224.0,4,847.0
1.0,34.0,36.0,137.0,224.0,247.0,4,847.0
1.0,34.0,36.0,55.0,224.0,247.0,4,847.0
1.0,34.0,36.0,55.0,67.0,137.0,4,847.0
1.0,34.0,55.0,67.0,112.0,137.0,4,247.0
1.0,34.0,36.0,67.0,224.0,753.0,4,847.0
1.0,34.0,36.0,67.0,224.0,753.0,4,847.0
1.0,34.0,36.0,67.0,137.0,224.0,4,753.0
1.0,34.0,55.0,67.0,112.0,137.0,4,247.0
1.0,34.0,36.0,55.0,67.0,224.0,4,247.0
1.0,34.0,36.0,55.0,67.0,137.0,4,224.0
1.0,34.0,36.0,55.0,67.0,224.0,4,753.0
1.0,34.0,36.0,55.0,224.0,247.0,4,753.0
1.0,34.0,112.0,137.0,224.0,247.0,4,753.0
1.0,34.0,36.0,55.0,67.0,137.0,4,247.0
1.0,34.0,55.0,67.0,112.0,137.0,4,247.0
1.0,34.0,55.0,67.0,112.0,137.0,4,247.0
1.0,34.0,55.0,67.0,112.0,137.0,4,247.0
1.0,34.0,36.0,55.0,67.0,137.0,4,847.0
1.0,30.0,121.0,335.0,705.0,953.0,4,963.0
1.0,30.0,337.0,657.0,705.0,953.0,4,963.0
1.0,30.0,121.0,335.0,705.0,953.0,4,963.0
1.0,30.0,121.0,335.0,705.0,953.0,4,963.0
1.0,30.0,121.0,337.0,657.0,953.0,4,963.0
1.0,30.0,121.0,335.0,337.0,657.0,4,963.0
1.0,30.0,113.0,335.0,337.0,409.0,4,657.0
1.0,30.0,113.0,121.0,335.0,953.0,4,963.0
1.0,30.0,113.0,121.0,335.0,953.0,4,963.0
1.0,26.0,40.0,41.0,824.0,874.0,4,1024.0
1.0,26.0,41.0,454.0,601.0,874.0,4,1024.0
1.0,26.0,40.0,41.0,601.0,634.0,4,824.0
1.0,26.0,40.0,41.0,601.0,634.0,4,874.0
1.0,26.0,40.0,41.0,601.0,824.0,4,874.0
1.0,34.0,55.0,67.0,112.0,137.0,4,247.0
1.0,34.0,67.0,112.0,137.0,224.0,4,247.0
1.0,34.0,36.0,67.0,137.0,224.0,4,847.0
1.0,34.0,36.0,55.0,67.0,224.0,4,847.0
1.0,34.0,36.0,55.0,224.0,753.0,4,847.0
1.0,34.0,36.0,55.0,224.0,753.0,4,847.0
1.0,34.0,55.0,137.0,224.0,753.0,4,847.0
1.0,34.0,55.0,67.0,112.0,137.0,4,247.0
1.0,34.0,55.0,67.0,112.0,137.0,4,247.0
1.0,34.0,55.0,67.0,112.0,137.0,4,753.0
1.0,34.0,55.0,67.0,112.0,137.0,4,753.0
1.0,34.0,55.0,67.0,112.0,137.0,4,753.0
1.0,34.0,55.0,67.0,112.0,137.0,4,247.0
1.0,34.0,55.0,67.0,112.0,137.0,4,247.0
1.0,34.0,55.0,67.0,112.0,137.0,4,753.0
1.0,34.0,55.0,67.0,112.0,137.0,4,753.0
1.0,34.0,55.0,67.0,112.0,137.0,4,247.0
1.0,34.0,55.0,67.0,137.0,224.0,4,247.0
1.0,34.0,55.0,67.0,137.0,224.0,4,847.0
1.0,34.0,55.0,67.0,137.0,224.0,4,847.0
1.0,34.0,55.0,137.0,224.0,247.0,4,847.0
1.0,34.0,55.0,137.0,224.0,247.0,4,847.0
1.0,34.0,55.0,67.0,112.0,137.0,4,247.0
1.0,34.0,36.0,55.0,67.0,278.0,4,847.0
1.0,34.0,36.0,137.0,247.0,278.0,4,847.0
1.0,34.0,55.0,112.0,137.0,247.0,4,847.0
1.0,34.0,36.0,55.0,67.0,137.0,4,847.0
1.0,34.0,55.0,67.0,112.0,137.0,4,247.0
1.0,34.0,36.0,67.0,112.0,137.0,4,847.0
1.0,34.0,55.0,67.0,112.0,137.0,4,753.0
1.0,34.0,55.0,67.0,112.0,137.0,4,753.0
1.0,34.0,55.0,67.0,112.0,137.0,4,753.0
1.0,16.0,31.0,165.0,296.0,832.0,4,996.0
1.0,16.0,165.0,296.0,832.0,898.0,4,996.0
1.0,16.0,165.0,200.0,296.0,832.0,4,996.0
1.0,16.0,31.0,165.0,296.0,641.0,4,996.0
1.0,16.0,31.0,165.0,296.0,641.0,4,996.0
1.0,16.0,31.0,165.0,296.0,641.0,4,996.0
1.0,34.0,55.0,112.0,137.0,247.0,4,753.0
1.0,34.0,55.0,112.0,137.0,247.0,4,847.0
1.0,34.0,55.0,112.0,137.0,247.0,4,753.0
1.0,34.0,36.0,55.0,112.0,137.0,4,247.0
1.0,34.0,36.0,55.0,137.0,224.0,4,247.0
1.0,34.0,36.0,55.0,224.0,247.0,4,847.0
1.0,34.0,55.0,112.0,137.0,247.0,4,847.0
1.0,34.0,36.0,55.0,137.0,724.0,4,847.0
1.0,34.0,36.0,55.0,247.0,278.0,4,724.0
1.0,34.0,55.0,224.0,247.0,278.0,4,753.0
1.0,34.0,55.0,137.0,224.0,247.0,4,753.0
1.0,34.0,36.0,55.0,137.0,224.0,4,247.0
1.0,34.0,55.0,137.0,224.0,247.0,4,753.0
1.0,34.0,55.0,112.0,137.0,247.0,4,753.0
1.0,34.0,55.0,112.0,137.0,247.0,4,753.0
1.0,34.0,55.0,112.0,137.0,247.0,4,847.0
1.0,34.0,55.0,112.0,137.0,247.0,4,847.0
1.0,34.0,112.0,137.0,224.0,724.0,4,847.0
1.0,34.0,36.0,55.0,224.0,247.0,4,753.0
1.0,34.0,36.0,137.0,224.0,247.0,4,847.0
1.0,34.0,55.0,112.0,137.0,247.0,4,847.0
1.0,34.0,55.0,112.0,137.0,247.0,4,847.0
1.0,34.0,36.0,137.0,224.0,724.0,4,847.0
1.0,34.0,36.0,137.0,224.0,724.0,4,753.0
1.0,34.0,36.0,224.0,278.0,724.0,4,753.0
1.0,34.0,55.0,67.0,112.0,137.0,4,247.0
1.0,34.0,36.0,55.0,137.0,753.0,4,847.0
1.0,34.0,36.0,55.0,137.0,753.0,4,847.0
1.0,34.0,36.0,67.0,112.0,137.0,4,847.0
1.0,34.0,36.0,55.0,137.0,753.0,4,847.0
1.0,34.0,36.0,112.0,247.0,278.0,4,753.0
1.0,17.0,47.0,148.0,149.0,730.0,4,857.0
1.0,17.0,47.0,97.0,730.0,857.0,4,1033.0
1.0,17.0,47.0,97.0,730.0,857.0,4,1033.0
1.0,17.0,79.0,97.0,149.0,709.0,4,857.0
1.0,17.0,79.0,149.0,709.0,857.0,4,1033.0
1.0,34.0,55.0,67.0,112.0,137.0,4,247.0
1.0,34.0,55.0,67.0,112.0,137.0,4,247.0
1.0,34.0,55.0,67.0,112.0,137.0,4,247.0
1.0,34.0,55.0,67.0,112.0,137.0,4,247.0
1.0,34.0,36.0,67.0,137.0,224.0,4,753.0
1.0,34.0,55.0,67.0,112.0,137.0,4,247.0
1.0,34.0,55.0,67.0,112.0,137.0,4,847.0
1.0,34.0,55.0,67.0,137.0,224.0,4,847.0
1.0,34.0,55.0,67.0,137.0,224.0,4,847.0
1.0,34.0,55.0,137.0,224.0,247.0,4,847.0
1.0,34.0,112.0,137.0,224.0,247.0,4,847.0
1.0,34.0,36.0,224.0,247.0,753.0,4,847.0
1.0,34.0,36.0,224.0,278.0,753.0,4,847.0
1.0,34.0,55.0,67.0,112.0,137.0,4,247.0
1.0,34.0,36.0,55.0,224.0,753.0,4,847.0
1.0,34.0,55.0,67.0,112.0,137.0,4,247.0
1.0,34.0,36.0,112.0,137.0,753.0,4,847.0
1.0,34.0,36.0,137.0,224.0,753.0,4,847.0
1.0,34.0,55.0,137.0,224.0,753.0,4,847.0
1.0,34.0,55.0,224.0,278.0,753.0,4,847.0
1.0,0.0,13.0,493.0,527.0,535.0,4,686.0
1.0,0.0,13.0,59.0,493.0,527.0,4,535.0
1.0,0.0,13.0,59.0,493.0,535.0,4,686.0
1.0,0.0,13.0,59.0,493.0,527.0,4,535.0
1.0,0.0,13.0,59.0,493.0,527.0,4,535.0
1.0,0.0,59.0,493.0,527.0,535.0,4,686.0
1.0,23.0,307.0,340.0,418.0,798.0,4,1036.0
1.0,23.0,307.0,340.0,418.0,798.0,4,1036.0
1.0,23.0,234.0,418.0,440.0,740.0,4,827.0
1.0,23.0,234.0,340.0,440.0,740.0,4,827.0
1.0,23.0,307.0,340.0,418.0,798.0,4,1036.0
1.0,23.0,418.0,440.0,740.0,798.0,4,1036.0
1.0,23.0,234.0,307.0,418.0,740.0,4,827.0
1.0,23.0,234.0,307.0,418.0,740.0,4,827.0
1.0,23.0,234.0,418.0,740.0,827.0,4,1036.0
1.0,23.0,234.0,418.0,740.0,827.0,4,1036.0
1.0,34.0,55.0,67.0,112.0,137.0,4,247.0
1.0,34.0,55.0,137.0,224.0,753.0,4,847.0
1.0,34.0,36.0,55.0,224.0,753.0,4,847.0
1.0,34.0,36.0,137.0,224.0,753.0,4,847.0
1.0,34.0,67.0,112.0,137.0,247.0,4,766.0
1.0,34.0,55.0,67.0,112.0,137.0,4,247.0
1.0,34.0,55.0,67.0,137.0,247.0,4,766.0
1.0,34.0,36.0,55.0,137.0,753.0,4,847.0
1.0,34.0,55.0,67.0,112.0,753.0,4,847.0
1.0,6.0,290.0,616.0,623.0,876.0,4,1039.0
1.0,6.0,35.0,213.0,616.0,623.0,4,1039.0
1.0,6.0,35.0,208.0,213.0,265.0,4,1039.0
1.0,6.0,290.0,616.0,623.0,876.0,4,1039.0
1.0,6.0,290.0,616.0,623.0,876.0,4,1039.0
1.0,6.0,213.0,290.0,616.0,623.0,4,1039.0
1.0,6.0,213.0,290.0,616.0,623.0,4,1039.0
1.0,6.0,35.0,208.0,213.0,265.0,4,292.0
1.0,6.0,208.0,265.0,292.0,323.0,4,390.0
1.0,6.0,208.0,265.0,292.0,323.0,4,390.0
1.0,17.0,79.0,97.0,148.0,413.0,4,709.0
1.0,17.0,47.0,79.0,148.0,709.0,4,730.0
1.0,17.0,47.0,79.0,148.0,709.0,4,730.0
1.0,17.0,47.0,97.0,148.0,730.0,4,1033.0
1.0,17.0,79.0,97.0,148.0,709.0,4,730.0
1.0,17.0,47.0,148.0,730.0,857.0,4,1033.0
1.0,26.0,40.0,41.0,874.0,948.0,4,1024.0
1.0,26.0,40.0,41.0,874.0,948.0,4,1024.0
1.0,26.0,41.0,843.0,874.0,948.0,4,1024.0
1.0,26.0,41.0,454.0,634.0,824.0,4,843.0
1.0,26.0,40.0,454.0,634.0,824.0,4,843.0
1.0,26.0,40.0,454.0,634.0,824.0,4,843.0
1.0,26.0,40.0,454.0,634.0,843.0,4,948.0
1.0,34.0,36.0,55.0,112.0,247.0,4,753.0
1.0,34.0,36.0,55.0,112.0,247.0,4,753.0
1.0,34.0,36.0,67.0,224.0,753.0,4,766.0
1.0,34.0,55.0,67.0,224.0,766.0,4,847.0
1.0,34.0,55.0,67.0,224.0,766.0,4,847.0
1.0,34.0,55.0,67.0,112.0,224.0,4,847.0
1.0,34.0,36.0,55.0,67.0,112.0,4,247.0
1.0,34.0,36.0,55.0,67.0,112.0,4,247.0
1.0,13.0,15.0,161.0,182.0,192.0,4,871.0
1.0,13.0,5.0,15.0,114.0,192.0,4,956.0
1.0,13.0,15.0,114.0,161.0,182.0,4,956.0
1.0,13.0,15.0,161.0,182.0,192.0,4,871.0
1.0,13.0,15.0,161.0,182.0,192.0,4,871.0
1.0,13.0,15.0,114.0,161.0,182.0,4,956.0
1.0,13.0,15.0,114.0,161.0,182.0,4,956.0
1.0,34.0,36.0,55.0,67.0,112.0,4,247.0
1.0,34.0,36.0,224.0,278.0,753.0,4,847.0
1.0,34.0,36.0,224.0,278.0,753.0,4,847.0
1.0,34.0,55.0,67.0,112.0,247.0,4,766.0
1.0,34.0,36.0,55.0,67.0,112.0,4,247.0
1.0,34.0,55.0,67.0,112.0,247.0,4,753.0
1.0,34.0,36.0,224.0,278.0,753.0,4,847.0
1.0,34.0,36.0,224.0,278.0,753.0,4,847.0
1.0,6.0,88.0,208.0,265.0,292.0,4,623.0
1.0,6.0,88.0,208.0,265.0,292.0,4,623.0
1.0,6.0,208.0,265.0,323.0,623.0,4,1039.0
1.0,6.0,88.0,208.0,265.0,292.0,4,623.0
1.0,6.0,88.0,208.0,555.0,623.0,4,1039.0
1.0,6.0,208.0,265.0,323.0,623.0,4,1039.0
1.0,6.0,208.0,265.0,323.0,623.0,4,1039.0
1.0,6.0,208.0,265.0,323.0,623.0,4,1039.0
1.0,34.0,36.0,55.0,67.0,112.0,4,247.0
1.0,34.0,36.0,224.0,247.0,753.0,4,766.0
1.0,34.0,36.0,224.0,753.0,766.0,4,847.0
1.0,34.0,36.0,55.0,67.0,112.0,4,247.0
1.0,34.0,36.0,55.0,67.0,247.0,4,753.0
1.0,34.0,55.0,67.0,224.0,247.0,4,753.0
1.0,34.0,67.0,224.0,753.0,766.0,4,847.0
1.0,34.0,224.0,278.0,753.0,766.0,4,847.0
1.0,34.0,55.0,224.0,247.0,753.0,4,847.0
1.0,34.0,36.0,55.0,67.0,112.0,4,247.0
1.0,11.0,274.0,638.0,806.0,895.0,4,968.0
1.0,11.0,94.0,132.0,173.0,647.0,4,968.0
1.0,11.0,94.0,132.0,173.0,647.0,4,968.0
1.0,11.0,94.0,132.0,173.0,647.0,4,895.0
1.0,11.0,94.0,132.0,173.0,647.0,4,895.0
1.0,11.0,94.0,132.0,647.0,895.0,4,968.0
1.0,11.0,94.0,132.0,647.0,806.0,4,968.0
1.0,11.0,1.0,94.0,132.0,647.0,4,925.0
1.0,11.0,1.0,173.0,351.0,647.0,4,925.0
1.0,4.0,487.0,589.0,616.0,646.0,4,992.0
1.0,4.0,290.0,589.0,616.0,646.0,4,992.0
1.0,4.0,46.0,487.0,589.0,616.0,4,646.0
1.0,4.0,46.0,81.0,487.0,616.0,4,646.0
1.0,4.0,3.0,46.0,81.0,589.0,4,992.0
1.0,4.0,290.0,487.0,589.0,616.0,4,646.0
1.0,4.0,290.0,487.0,589.0,616.0,4,646.0
1.0,4.0,46.0,81.0,589.0,616.0,4,646.0
1.0,4.0,46.0,81.0,290.0,616.0,4,646.0
1.0,4.0,46.0,487.0,589.0,616.0,4,646.0
1.0,4.0,46.0,81.0,158.0,487.0,4,646.0
1.0,4.0,46.0,81.0,158.0,487.0,4,646.0
1.0,34.0,36.0,278.0,753.0,766.0,4,847.0
1.0,34.0,36.0,224.0,278.0,753.0,4,847.0
1.0,34.0,36.0,224.0,278.0,753.0,4,847.0
1.0,34.0,36.0,55.0,224.0,753.0,4,847.0
1.0,34.0,36.0,55.0,224.0,753.0,4,847.0
1.0,34.0,55.0,112.0,247.0,753.0,4,847.0
1.0,34.0,55.0,112.0,247.0,753.0,4,847.0
1.0,34.0,55.0,67.0,112.0,247.0,4,753.0
1.0,34.0,55.0,67.0,247.0,766.0,4,847.0
1.0,34.0,55.0,67.0,247.0,766.0,4,847.0
1.0,34.0,55.0,67.0,112.0,224.0,4,247.0
1.0,34.0,36.0,55.0,67.0,112.0,4,247.0
1.0,34.0,36.0,67.0,112.0,224.0,4,753.0
1.0,34.0,36.0,112.0,224.0,753.0,4,847.0
1.0,34.0,55.0,224.0,278.0,753.0,4,847.0
1.0,34.0,55.0,67.0,112.0,278.0,4,753.0
1.0,34.0,36.0,55.0,67.0,247.0,4,278.0
1.0,34.0,36.0,55.0,67.0,112.0,4,753.0
1.0,34.0,36.0,112.0,247.0,753.0,4,847.0
1.0,34.0,55.0,224.0,247.0,753.0,4,847.0
1.0,34.0,55.0,224.0,247.0,753.0,4,847.0
1.0,34.0,55.0,224.0,247.0,753.0,4,847.0
1.0,34.0,55.0,224.0,247.0,753.0,4,847.0
1.0,34.0,55.0,112.0,224.0,247.0,4,847.0
1.0,34.0,36.0,137.0,224.0,753.0,4,847.0
1.0,34.0,36.0,137.0,224.0,753.0,4,847.0
1.0,34.0,55.0,67.0,112.0,137.0,4,247.0
1.0,34.0,55.0,67.0,112.0,137.0,4,247.0
1.0,34.0,36.0,137.0,224.0,247.0,4,753.0
1.0,34.0,55.0,137.0,224.0,247.0,4,753.0
1.0,34.0,36.0,55.0,67.0,247.0,4,278.0
1.0,34.0,36.0,55.0,278.0,753.0,4,847.0
1.0,34.0,36.0,137.0,224.0,753.0,4,847.0
1.0,34.0,55.0,67.0,137.0,224.0,4,247.0
1.0,34.0,55.0,67.0,137.0,224.0,4,247.0
1.0,34.0,55.0,67.0,137.0,753.0,4,847.0
1.0,34.0,55.0,67.0,137.0,224.0,4,247.0
1.0,34.0,55.0,67.0,112.0,137.0,4,247.0
1.0,34.0,36.0,67.0,224.0,753.0,4,847.0
1.0,34.0,36.0,67.0,224.0,753.0,4,847.0
1.0,34.0,55.0,112.0,224.0,753.0,4,847.0
1.0,34.0,55.0,112.0,137.0,753.0,4,847.0
1.0,34.0,55.0,137.0,224.0,247.0,4,847.0
1.0,34.0,55.0,137.0,224.0,247.0,4,847.0
1.0,16.0,95.0,165.0,495.0,677.0,4,832.0
1.0,16.0,165.0,200.0,298.0,495.0,4,832.0
1.0,16.0,95.0,165.0,200.0,495.0,4,917.0
1.0,16.0,95.0,165.0,200.0,495.0,4,917.0
1.0,16.0,90.0,95.0,200.0,495.0,4,917.0
1.0,34.0,55.0,67.0,112.0,137.0,4,247.0
1.0,34.0,55.0,67.0,112.0,137.0,4,247.0
1.0,34.0,67.0,112.0,137.0,224.0,4,847.0
1.0,34.0,36.0,55.0,224.0,247.0,4,847.0
1.0,34.0,36.0,55.0,67.0,278.0,4,847.0
1.0,34.0,36.0,67.0,137.0,224.0,4,847.0
1.0,34.0,36.0,67.0,137.0,224.0,4,847.0
1.0,34.0,67.0,112.0,137.0,224.0,4,847.0
1.0,34.0,55.0,112.0,137.0,247.0,4,847.0
1.0,34.0,55.0,67.0,112.0,137.0,4,247.0
1.0,28.0,110.0,497.0,685.0,922.0,4,971.0
1.0,28.0,110.0,146.0,427.0,444.0,4,804.0
1.0,28.0,427.0,444.0,685.0,804.0,4,971.0
1.0,28.0,427.0,444.0,685.0,804.0,4,971.0
1.0,28.0,444.0,497.0,685.0,922.0,4,971.0
1.0,28.0,444.0,685.0,804.0,922.0,4,971.0
1.0,28.0,427.0,685.0,804.0,922.0,4,971.0
1.0,28.0,146.0,427.0,444.0,497.0,4,922.0
1.0,28.0,427.0,444.0,497.0,922.0,4,971.0
1.0,28.0,427.0,444.0,497.0,890.0,4,971.0
1.0,28.0,427.0,804.0,890.0,971.0,4,1008.0
1.0,34.0,55.0,67.0,112.0,137.0,4,247.0
1.0,34.0,55.0,112.0,137.0,247.0,4,355.0
1.0,34.0,36.0,224.0,278.0,753.0,4,847.0
1.0,34.0,55.0,67.0,112.0,137.0,4,247.0
1.0,34.0,55.0,112.0,137.0,355.0,4,847.0
1.0,34.0,36.0,137.0,224.0,753.0,4,847.0
1.0,34.0,36.0,137.0,224.0,247.0,4,355.0
1.0,34.0,36.0,112.0,278.0,355.0,4,847.0
1.0,34.0,36.0,67.0,112.0,137.0,4,847.0
1.0,34.0,67.0,112.0,137.0,224.0,4,247.0
1.0,34.0,67.0,112.0,137.0,224.0,4,247.0
1.0,34.0,67.0,112.0,137.0,224.0,4,247.0
1.0,34.0,36.0,112.0,137.0,247.0,4,355.0
1.0,34.0,36.0,112.0,137.0,247.0,4,355.0
1.0,4.0,46.0,487.0,589.0,616.0,4,947.0
1.0,4.0,3.0,46.0,81.0,158.0,4,947.0
1.0,4.0,3.0,46.0,81.0,158.0,4,947.0
1.0,4.0,487.0,589.0,616.0,646.0,4,947.0
1.0,4.0,3.0,81.0,589.0,947.0,4,992.0
1.0,4.0,3.0,81.0,589.0,947.0,4,992.0
1.0,4.0,3.0,81.0,158.0,616.0,4,992.0
1.0,9.0,151.0,815.0,828.0,941.0,4,949.0
1.0,9.0,151.0,815.0,828.0,941.0,4,949.0
1.0,9.0,452.0,828.0,845.0,941.0,4,949.0
1.0,9.0,68.0,446.0,452.0,628.0,4,845.0
1.0,9.0,68.0,446.0,452.0,628.0,4,845.0
1.0,9.0,68.0,151.0,815.0,828.0,4,941.0
1.0,9.0,151.0,452.0,815.0,828.0,4,941.0
1.0,9.0,151.0,452.0,815.0,828.0,4,941.0
1.0,9.0,151.0,452.0,815.0,828.0,4,941.0
1.0,9.0,151.0,452.0,815.0,828.0,4,941.0
1.0,9.0,34.0,446.0,452.0,828.0,4,845.0
1.0,9.0,34.0,446.0,452.0,628.0,4,845.0
1.0,9.0,34.0,74.0,452.0,628.0,4,845.0
1.0,34.0,55.0,67.0,224.0,247.0,4,355.0
1.0,34.0,36.0,55.0,67.0,278.0,4,847.0
1.0,34.0,67.0,112.0,224.0,278.0,4,847.0
1.0,34.0,55.0,67.0,112.0,224.0,4,247.0
1.0,34.0,36.0,224.0,278.0,355.0,4,847.0
1.0,34.0,36.0,55.0,224.0,355.0,4,847.0
1.0,34.0,36.0,55.0,224.0,355.0,4,847.0
1.0,34.0,36.0,55.0,224.0,247.0,4,355.0
1.0,34.0,36.0,55.0,224.0,247.0,4,355.0
1.0,34.0,55.0,112.0,224.0,247.0,4,355.0
1.0,9.0,68.0,151.0,815.0,828.0,4,941.0
1.0,9.0,68.0,151.0,452.0,828.0,4,941.0
1.0,9.0,74.0,151.0,452.0,815.0,4,941.0
1.0,9.0,74.0,151.0,446.0,452.0,4,815.0
1.0,9.0,68.0,446.0,452.0,828.0,4,851.0
1.0,9.0,68.0,446.0,452.0,828.0,4,851.0
1.0,9.0,68.0,446.0,452.0,828.0,4,851.0
1.0,9.0,68.0,151.0,446.0,452.0,4,828.0
1.0,9.0,68.0,151.0,446.0,815.0,4,828.0
1.0,0.0,6.0,493.0,535.0,686.0,4,1037.0
1.0,0.0,6.0,493.0,535.0,686.0,4,1037.0
1.0,0.0,6.0,493.0,535.0,686.0,4,1037.0
1.0,0.0,6.0,13.0,493.0,527.0,4,535.0
1.0,0.0,6.0,13.0,527.0,535.0,4,686.0
1.0,0.0,6.0,493.0,527.0,535.0,4,1037.0
1.0,0.0,6.0,13.0,493.0,686.0,4,1037.0
1.0,0.0,13.0,493.0,527.0,686.0,4,991.0
1.0,0.0,13.0,493.0,527.0,686.0,4,991.0
1.0,0.0,13.0,493.0,527.0,870.0,4,991.0
1.0,0.0,13.0,493.0,527.0,686.0,4,870.0
1.0,0.0,13.0,527.0,686.0,870.0,4,905.0
1.0,0.0,13.0,493.0,686.0,991.0,4,1037.0
1.0,0.0,13.0,493.0,527.0,686.0,4,1037.0
1.0,0.0,13.0,493.0,527.0,686.0,4,1037.0
1.0,0.0,13.0,493.0,527.0,870.0,4,1037.0
1.0,0.0,13.0,493.0,527.0,686.0,4,870.0
1.0,0.0,13.0,493.0,527.0,686.0,4,870.0
1.0,0.0,13.0,493.0,527.0,686.0,4,870.0
1.0,17.0,47.0,262.0,708.0,730.0,4,1033.0
1.0,17.0,97.0,148.0,149.0,211.0,4,730.0
1.0,17.0,97.0,148.0,149.0,211.0,4,857.0
1.0,17.0,97.0,148.0,149.0,211.0,4,857.0
1.0,17.0,97.0,148.0,149.0,211.0,4,857.0
1.0,17.0,47.0,97.0,148.0,149.0,4,857.0
1.0,17.0,47.0,149.0,262.0,708.0,4,730.0
1.0,17.0,47.0,149.0,262.0,708.0,4,730.0
1.0,17.0,97.0,148.0,149.0,211.0,4,857.0
1.0,17.0,47.0,97.0,149.0,708.0,4,730.0
1.0,0.0,59.0,493.0,527.0,686.0,4,905.0
1.0,0.0,13.0,59.0,493.0,527.0,4,535.0
1.0,0.0,13.0,493.0,527.0,535.0,4,676.0
1.0,0.0,13.0,59.0,527.0,676.0,4,686.0
1.0,0.0,13.0,59.0,493.0,527.0,4,686.0
1.0,0.0,13.0,59.0,493.0,535.0,4,686.0
1.0,16.0,296.0,457.0,832.0,898.0,4,996.0
1.0,16.0,296.0,457.0,832.0,898.0,4,996.0
1.0,16.0,31.0,54.0,832.0,907.0,4,996.0
1.0,16.0,54.0,296.0,832.0,898.0,4,996.0
1.0,16.0,31.0,54.0,457.0,832.0,4,996.0
1.0,16.0,54.0,296.0,832.0,898.0,4,907.0
1.0,18.0,14.0,678.0,681.0,812.0,4,866.0
1.0,18.0,14.0,678.0,681.0,812.0,4,866.0
1.0,18.0,14.0,65.0,681.0,812.0,4,866.0
1.0,18.0,65.0,191.0,365.0,866.0,4,886.0
1.0,18.0,65.0,181.0,191.0,365.0,4,886.0
1.0,18.0,65.0,181.0,191.0,365.0,4,886.0
1.0,18.0,14.0,65.0,365.0,681.0,4,812.0
1.0,18.0,14.0,65.0,681.0,812.0,4,866.0
1.0,18.0,14.0,65.0,181.0,365.0,4,681.0
1.0,18.0,14.0,65.0,681.0,812.0,4,866.0
1.0,4.0,81.0,85.0,646.0,947.0,4,992.0
1.0,4.0,81.0,85.0,494.0,646.0,4,947.0
1.0,4.0,46.0,81.0,494.0,646.0,4,947.0
1.0,4.0,46.0,81.0,487.0,494.0,4,589.0
1.0,4.0,46.0,85.0,487.0,589.0,4,947.0
1.0,4.0,85.0,487.0,589.0,646.0,4,947.0
1.0,4.0,81.0,85.0,158.0,487.0,4,646.0
1.0,4.0,81.0,85.0,589.0,646.0,4,992.0
1.0,4.0,81.0,85.0,158.0,646.0,4,992.0
1.0,4.0,81.0,85.0,158.0,646.0,4,992.0
1.0,4.0,81.0,85.0,158.0,646.0,4,992.0
1.0,4.0,81.0,85.0,158.0,646.0,4,992.0
1.0,4.0,46.0,81.0,85.0,158.0,4,487.0
1.0,4.0,46.0,81.0,85.0,158.0,4,646.0
1.0,0.0,13.0,59.0,493.0,535.0,4,676.0
1.0,0.0,493.0,527.0,905.0,991.0,4,1037.0
1.0,0.0,527.0,535.0,905.0,991.0,4,1037.0
1.0,0.0,527.0,535.0,905.0,991.0,4,1037.0
1.0,0.0,13.0,59.0,493.0,535.0,4,676.0
1.0,0.0,493.0,527.0,535.0,991.0,4,1037.0
1.0,0.0,59.0,493.0,527.0,991.0,4,1037.0
1.0,0.0,59.0,493.0,527.0,991.0,4,1037.0
1.0,0.0,59.0,493.0,527.0,991.0,4,1037.0
1.0,26.0,41.0,454.0,601.0,634.0,4,824.0
1.0,26.0,40.0,41.0,634.0,874.0,4,1024.0
1.0,26.0,40.0,41.0,634.0,874.0,4,1024.0
1.0,0.0,6.0,13.0,527.0,686.0,4,905.0
1.0,0.0,6.0,13.0,493.0,527.0,4,910.0
1.0,0.0,13.0,527.0,676.0,870.0,4,905.0
1.0,0.0,527.0,676.0,870.0,905.0,4,910.0
1.0,0.0,13.0,59.0,493.0,535.0,4,686.0
1.0,0.0,6.0,13.0,493.0,527.0,4,686.0
1.0,0.0,493.0,527.0,535.0,686.0,4,905.0
1.0,0.0,13.0,59.0,493.0,535.0,4,686.0
1.0,0.0,13.0,59.0,493.0,535.0,4,686.0
1.0,0.0,13.0,59.0,493.0,535.0,4,686.0
1.0,9.0,68.0,151.0,815.0,828.0,4,941.0
1.0,9.0,68.0,452.0,628.0,828.0,4,941.0
1.0,9.0,68.0,452.0,628.0,828.0,4,941.0
1.0,9.0,452.0,628.0,815.0,828.0,4,941.0
1.0,9.0,151.0,446.0,452.0,815.0,4,828.0
1.0,9.0,74.0,151.0,446.0,452.0,4,815.0
1.0,9.0,74.0,151.0,446.0,452.0,4,815.0
1.0,9.0,74.0,151.0,446.0,452.0,4,815.0
1.0,9.0,68.0,151.0,452.0,828.0,4,941.0
1.0,9.0,68.0,452.0,628.0,828.0,4,941.0
1.0,9.0,68.0,452.0,628.0,828.0,4,941.0
1.0,9.0,68.0,74.0,452.0,628.0,4,941.0
1.0,9.0,68.0,151.0,446.0,452.0,4,828.0
1.0,0.0,13.0,59.0,493.0,676.0,4,686.0
1.0,0.0,59.0,493.0,631.0,676.0,4,686.0
1.0,0.0,59.0,535.0,676.0,686.0,4,1037.0
1.0,0.0,493.0,535.0,676.0,686.0,4,1037.0
1.0,0.0,493.0,535.0,676.0,686.0,4,1037.0
1.0,0.0,13.0,59.0,493.0,535.0,4,686.0
1.0,0.0,13.0,59.0,493.0,535.0,4,686.0
1.0,0.0,13.0,59.0,493.0,535.0,4,686.0
1.0,0.0,13.0,59.0,493.0,535.0,4,686.0
1.0,0.0,59.0,493.0,535.0,686.0,4,1037.0
1.0,0.0,535.0,676.0,686.0,905.0,4,1037.0
1.0,0.0,13.0,59.0,493.0,535.0,4,686.0
1.0,0.0,13.0,59.0,493.0,535.0,4,686.0
1.0,0.0,13.0,59.0,493.0,535.0,4,686.0
1.0,0.0,59.0,493.0,535.0,686.0,4,1037.0
1.0,0.0,59.0,493.0,535.0,631.0,4,676.0
1.0,0.0,6.0,493.0,535.0,686.0,4,905.0
1.0,0.0,59.0,493.0,535.0,686.0,4,905.0
1.0,0.0,13.0,59.0,493.0,631.0,4,686.0
1.0,0.0,13.0,493.0,676.0,686.0,4,1037.0
1.0,0.0,493.0,676.0,686.0,905.0,4,1037.0
1.0,0.0,59.0,493.0,535.0,686.0,4,1037.0
1.0,0.0,493.0,676.0,686.0,905.0,4,1037.0
1.0,0.0,59.0,493.0,676.0,686.0,4,1037.0
1.0,0.0,13.0,59.0,493.0,535.0,4,686.0
1.0,0.0,59.0,493.0,535.0,686.0,4,1037.0
1.0,6.0,290.0,616.0,623.0,876.0,4,1039.0
1.0,6.0,35.0,213.0,290.0,616.0,4,623.0
1.0,6.0,35.0,213.0,265.0,292.0,4,623.0
1.0,6.0,35.0,213.0,265.0,292.0,4,876.0
1.0,6.0,35.0,213.0,265.0,876.0,4,1039.0
1.0,6.0,213.0,290.0,616.0,623.0,4,1039.0
1.0,6.0,290.0,616.0,623.0,876.0,4,1039.0
1.0,6.0,290.0,616.0,623.0,876.0,4,1039.0
1.0,6.0,35.0,213.0,265.0,292.0,4,623.0
1.0,6.0,35.0,213.0,265.0,876.0,4,1039.0
1.0,6.0,35.0,213.0,265.0,876.0,4,1039.0
1.0,6.0,35.0,265.0,290.0,616.0,4,623.0
1.0,6.0,35.0,265.0,290.0,616.0,4,623.0
1.0,6.0,35.0,213.0,290.0,616.0,4,623.0
1.0,0.0,13.0,59.0,493.0,535.0,4,686.0
1.0,0.0,6.0,527.0,535.0,686.0,4,905.0
1.0,0.0,13.0,59.0,493.0,535.0,4,686.0
1.0,0.0,59.0,493.0,527.0,535.0,4,676.0
1.0,0.0,59.0,493.0,527.0,535.0,4,676.0
1.0,0.0,13.0,59.0,493.0,527.0,4,535.0
1.0,0.0,13.0,59.0,493.0,527.0,4,535.0
1.0,0.0,13.0,59.0,527.0,535.0,4,676.0
1.0,0.0,13.0,493.0,527.0,631.0,4,686.0
1.0,0.0,6.0,493.0,527.0,631.0,4,686.0
1.0,0.0,6.0,493.0,527.0,631.0,4,991.0
1.0,0.0,6.0,13.0,493.0,527.0,4,631.0
1.0,0.0,6.0,13.0,527.0,631.0,4,686.0
1.0,0.0,6.0,13.0,493.0,535.0,4,686.0
1.0,0.0,59.0,493.0,631.0,686.0,4,905.0
1.0,0.0,13.0,59.0,493.0,535.0,4,686.0
1.0,0.0,13.0,59.0,493.0,535.0,4,686.0
1.0,0.0,13.0,59.0,493.0,527.0,4,535.0
1.0,0.0,13.0,59.0,493.0,535.0,4,686.0
1.0,0.0,6.0,493.0,527.0,535.0,4,686.0
1.0,0.0,6.0,493.0,527.0,910.0,4,991.0
1.0,0.0,59.0,493.0,527.0,535.0,4,686.0
1.0,0.0,13.0,59.0,493.0,535.0,4,686.0
1.0,0.0,13.0,59.0,493.0,535.0,4,686.0
1.0,0.0,6.0,493.0,527.0,676.0,4,910.0
1.0,0.0,6.0,493.0,527.0,676.0,4,910.0
1.0,0.0,6.0,13.0,493.0,527.0,4,686.0
1.0,0.0,59.0,493.0,527.0,686.0,4,991.0
1.0,0.0,6.0,527.0,676.0,910.0,4,991.0
1.0,17.0,47.0,97.0,708.0,857.0,4,1033.0
1.0,17.0,47.0,148.0,149.0,708.0,4,857.0
1.0,17.0,79.0,148.0,149.0,211.0,4,857.0
1.0,17.0,47.0,97.0,708.0,857.0,4,1033.0
1.0,17.0,47.0,148.0,708.0,857.0,4,1033.0
1.0,17.0,47.0,97.0,149.0,708.0,4,857.0
1.0,17.0,47.0,97.0,148.0,149.0,4,708.0
1.0,17.0,148.0,149.0,413.0,857.0,4,1033.0
1.0,17.0,148.0,149.0,413.0,708.0,4,1033.0
1.0,17.0,47.0,148.0,149.0,708.0,4,1033.0
1.0,17.0,47.0,148.0,149.0,708.0,4,857.0
1.0,0.0,6.0,13.0,493.0,535.0,4,686.0
1.0,0.0,13.0,493.0,527.0,686.0,4,991.0
1.0,0.0,6.0,13.0,493.0,535.0,4,686.0
1.0,0.0,6.0,13.0,493.0,527.0,4,535.0
1.0,0.0,13.0,493.0,535.0,686.0,4,991.0
1.0,28.0,146.0,427.0,444.0,890.0,4,971.0
1.0,28.0,110.0,497.0,608.0,685.0,4,922.0
1.0,28.0,110.0,146.0,427.0,890.0,4,971.0
1.0,28.0,110.0,146.0,427.0,890.0,4,971.0
1.0,28.0,110.0,146.0,427.0,444.0,4,971.0
1.0,28.0,110.0,427.0,444.0,608.0,4,971.0
1.0,13.0,15.0,192.0,532.0,871.0,4,956.0
1.0,13.0,5.0,15.0,114.0,192.0,4,803.0
1.0,13.0,5.0,114.0,192.0,803.0,4,956.0
1.0,13.0,5.0,15.0,114.0,871.0,4,956.0
1.0,13.0,15.0,114.0,192.0,532.0,4,956.0
1.0,13.0,15.0,114.0,192.0,532.0,4,956.0
1.0,13.0,5.0,15.0,114.0,803.0,4,956.0
1.0,13.0,5.0,15.0,114.0,803.0,4,956.0
1.0,13.0,5.0,15.0,192.0,803.0,4,871.0
1.0,0.0,13.0,59.0,493.0,535.0,4,686.0
1.0,0.0,13.0,59.0,493.0,527.0,4,535.0
1.0,0.0,6.0,493.0,527.0,535.0,4,1037.0
1.0,0.0,6.0,493.0,527.0,535.0,4,1037.0
1.0,0.0,6.0,527.0,686.0,991.0,4,1037.0
1.0,0.0,6.0,527.0,686.0,991.0,4,1037.0
1.0,0.0,6.0,13.0,527.0,686.0,4,991.0
1.0,0.0,13.0,59.0,493.0,535.0,4,686.0
1.0,0.0,13.0,493.0,527.0,535.0,4,686.0
1.0,0.0,59.0,493.0,527.0,535.0,4,686.0
1.0,0.0,493.0,527.0,535.0,991.0,4,1037.0
1.0,0.0,527.0,535.0,686.0,991.0,4,1037.0
1.0,0.0,527.0,535.0,686.0,991.0,4,1037.0
1.0,0.0,527.0,535.0,686.0,991.0,4,1037.0
1.0,0.0,527.0,535.0,686.0,991.0,4,1037.0
1.0,0.0,13.0,59.0,493.0,535.0,4,686.0
1.0,0.0,13.0,59.0,493.0,527.0,4,535.0
1.0,0.0,13.0,493.0,527.0,535.0,4,991.0
1.0,0.0,493.0,527.0,535.0,991.0,4,1037.0
1.0,0.0,493.0,527.0,535.0,991.0,4,1037.0
1.0,0.0,493.0,527.0,686.0,991.0,4,1037.0
1.0,0.0,13.0,493.0,527.0,535.0,4,991.0
1.0,0.0,13.0,59.0,493.0,527.0,4,535.0
1.0,0.0,13.0,493.0,527.0,686.0,4,991.0
1.0,0.0,13.0,493.0,527.0,535.0,4,991.0
1.0,0.0,527.0,535.0,686.0,991.0,4,1037.0
1.0,0.0,493.0,527.0,535.0,686.0,4,991.0
1.0,11.0,638.0,806.0,895.0,968.0,4,1031.0
1.0,11.0,638.0,806.0,895.0,968.0,4,1031.0
1.0,11.0,99.0,132.0,638.0,806.0,4,968.0
1.0,11.0,1.0,99.0,132.0,173.0,4,968.0
1.0,11.0,1.0,99.0,132.0,173.0,4,968.0
1.0,11.0,1.0,99.0,173.0,895.0,4,1031.0
1.0,11.0,1.0,99.0,173.0,895.0,4,1031.0
1.0,11.0,99.0,173.0,806.0,895.0,4,1031.0
1.0,11.0,638.0,806.0,895.0,968.0,4,1031.0
1.0,11.0,638.0,806.0,895.0,968.0,4,1031.0
1.0,11.0,99.0,638.0,806.0,968.0,4,1031.0
1.0,11.0,1.0,99.0,132.0,173.0,4,925.0
1.0,0.0,6.0,13.0,493.0,527.0,4,535.0
1.0,0.0,6.0,527.0,631.0,686.0,4,1037.0
1.0,0.0,493.0,535.0,686.0,991.0,4,1037.0
1.0,0.0,13.0,59.0,493.0,535.0,4,686.0
1.0,0.0,13.0,59.0,493.0,527.0,4,535.0
1.0,0.0,13.0,59.0,493.0,527.0,4,535.0
1.0,0.0,13.0,527.0,686.0,991.0,4,1037.0
1.0,0.0,59.0,493.0,527.0,535.0,4,686.0
1.0,30.0,209.0,598.0,657.0,705.0,4,839.0
1.0,30.0,389.0,598.0,705.0,839.0,4,963.0
1.0,30.0,121.0,389.0,598.0,705.0,4,963.0
1.0,30.0,121.0,409.0,657.0,705.0,4,953.0
1.0,30.0,121.0,657.0,839.0,953.0,4,963.0
1.0,30.0,121.0,657.0,839.0,953.0,4,963.0
1.0,30.0,121.0,598.0,657.0,839.0,4,963.0
1.0,30.0,121.0,389.0,598.0,705.0,4,963.0
1.0,30.0,209.0,389.0,657.0,705.0,4,953.0
1.0,30.0,121.0,657.0,839.0,953.0,4,963.0
1.0,30.0,121.0,657.0,839.0,953.0,4,963.0
1.0,30.0,209.0,389.0,409.0,689.0,4,953.0
1.0,0.0,13.0,493.0,535.0,686.0,4,713.0
1.0,0.0,493.0,527.0,535.0,870.0,4,1037.0
1.0,0.0,13.0,527.0,686.0,713.0,4,910.0
1.0,0.0,13.0,527.0,686.0,713.0,4,910.0
1.0,0.0,13.0,493.0,535.0,686.0,4,713.0
1.0,0.0,13.0,493.0,535.0,686.0,4,713.0
1.0,0.0,13.0,493.0,527.0,713.0,4,1037.0
1.0,0.0,13.0,493.0,527.0,535.0,4,713.0
1.0,0.0,13.0,493.0,527.0,535.0,4,713.0
1.0,0.0,493.0,527.0,535.0,870.0,4,1037.0
1.0,0.0,493.0,527.0,686.0,870.0,4,1037.0
1.0,0.0,493.0,527.0,535.0,713.0,4,1037.0
1.0,0.0,13.0,493.0,535.0,686.0,4,713.0
1.0,0.0,493.0,527.0,686.0,870.0,4,1037.0
1.0,0.0,493.0,527.0,686.0,870.0,4,1037.0
1.0,0.0,13.0,493.0,535.0,686.0,4,713.0
1.0,0.0,13.0,493.0,535.0,686.0,4,713.0
1.0,0.0,13.0,493.0,527.0,535.0,4,713.0
1.0,0.0,13.0,493.0,535.0,713.0,4,870.0
1.0,0.0,13.0,493.0,686.0,713.0,4,870.0
1.0,0.0,13.0,493.0,535.0,676.0,4,713.0
1.0,0.0,13.0,493.0,535.0,686.0,4,713.0
1.0,0.0,493.0,527.0,535.0,713.0,4,1037.0
1.0,0.0,493.0,527.0,535.0,713.0,4,1037.0
1.0,0.0,6.0,493.0,527.0,535.0,4,1037.0
1.0,0.0,6.0,527.0,535.0,686.0,4,1037.0
1.0,0.0,6.0,527.0,535.0,686.0,4,1037.0
1.0,0.0,6.0,493.0,527.0,676.0,4,686.0
1.0,0.0,493.0,527.0,535.0,676.0,4,713.0
1.0,0.0,13.0,493.0,535.0,686.0,4,713.0
1.0,0.0,13.0,493.0,527.0,535.0,4,713.0
1.0,0.0,6.0,13.0,493.0,527.0,4,535.0
1.0,0.0,6.0,493.0,527.0,535.0,4,686.0
1.0,0.0,6.0,493.0,527.0,686.0,4,1037.0
1.0,0.0,6.0,474.0,527.0,676.0,4,1037.0
1.0,23.0,234.0,418.0,740.0,810.0,4,1027.0
1.0,23.0,234.0,740.0,810.0,827.0,4,1027.0
1.0,23.0,440.0,740.0,810.0,827.0,4,1027.0
1.0,23.0,340.0,418.0,740.0,1027.0,4,1036.0
1.0,23.0,340.0,418.0,740.0,1027.0,4,1036.0
1.0,23.0,234.0,340.0,740.0,810.0,4,1027.0
1.0,23.0,234.0,340.0,418.0,810.0,4,827.0
1.0,23.0,340.0,673.0,740.0,827.0,4,1036.0
1.0,23.0,234.0,440.0,740.0,1027.0,4,1036.0
1.0,4.0,290.0,487.0,589.0,616.0,4,646.0
1.0,4.0,46.0,81.0,290.0,646.0,4,947.0
1.0,4.0,290.0,589.0,616.0,947.0,4,992.0
1.0,4.0,290.0,589.0,616.0,646.0,4,947.0
1.0,4.0,290.0,487.0,589.0,616.0,4,646.0
1.0,4.0,290.0,487.0,589.0,616.0,4,646.0
1.0,4.0,290.0,487.0,589.0,616.0,4,646.0
1.0,4.0,81.0,487.0,589.0,646.0,4,947.0
1.0,4.0,81.0,290.0,589.0,646.0,4,947.0
1.0,0.0,493.0,527.0,535.0,713.0,4,1037.0
1.0,0.0,6.0,493.0,527.0,686.0,4,1037.0
1.0,0.0,6.0,527.0,676.0,686.0,4,1037.0
1.0,0.0,6.0,493.0,527.0,686.0,4,1037.0
1.0,0.0,6.0,493.0,527.0,686.0,4,1037.0
1.0,0.0,493.0,527.0,535.0,713.0,4,910.0
1.0,0.0,13.0,493.0,535.0,686.0,4,713.0
1.0,0.0,13.0,493.0,527.0,535.0,4,713.0
1.0,0.0,493.0,527.0,535.0,713.0,4,1037.0
1.0,0.0,527.0,535.0,686.0,713.0,4,1037.0
1.0,0.0,493.0,527.0,535.0,686.0,4,1037.0
1.0,0.0,6.0,13.0,527.0,535.0,4,870.0
1.0,0.0,6.0,474.0,676.0,870.0,4,910.0
1.0,0.0,13.0,493.0,535.0,686.0,4,713.0
1.0,0.0,493.0,535.0,686.0,713.0,4,1037.0
1.0,0.0,493.0,535.0,686.0,713.0,4,1037.0
1.0,0.0,493.0,527.0,686.0,713.0,4,1037.0
1.0,0.0,493.0,527.0,535.0,686.0,4,713.0
1.0,0.0,13.0,493.0,535.0,686.0,4,713.0
1.0,0.0,13.0,493.0,535.0,686.0,4,713.0
1.0,0.0,13.0,493.0,535.0,686.0,4,713.0
1.0,0.0,6.0,13.0,527.0,686.0,4,1037.0
1.0,0.0,13.0,493.0,686.0,713.0,4,1037.0
1.0,0.0,13.0,493.0,686.0,713.0,4,1037.0
1.0,0.0,13.0,493.0,535.0,686.0,4,713.0
1.0,0.0,493.0,527.0,535.0,686.0,4,713.0
1.0,0.0,493.0,527.0,535.0,686.0,4,713.0
1.0,0.0,13.0,493.0,527.0,686.0,4,713.0
1.0,0.0,13.0,493.0,527.0,686.0,4,713.0
1.0,0.0,527.0,535.0,686.0,713.0,4,1037.0
1.0,0.0,527.0,535.0,686.0,713.0,4,1037.0
1.0,0.0,13.0,535.0,686.0,713.0,4,1037.0
1.0,0.0,13.0,535.0,686.0,713.0,4,1037.0
1.0,0.0,13.0,527.0,535.0,686.0,4,713.0
1.0,0.0,13.0,493.0,535.0,686.0,4,713.0
1.0,0.0,6.0,527.0,535.0,686.0,4,1037.0
1.0,0.0,493.0,527.0,535.0,713.0,4,1037.0
1.0,0.0,493.0,527.0,535.0,686.0,4,713.0
1.0,26.0,40.0,41.0,874.0,948.0,4,1024.0
1.0,26.0,40.0,41.0,634.0,824.0,4,948.0
1.0,26.0,40.0,582.0,634.0,824.0,4,843.0
1.0,26.0,40.0,41.0,634.0,843.0,4,874.0
1.0,26.0,40.0,41.0,874.0,948.0,4,1024.0
1.0,26.0,40.0,41.0,454.0,874.0,4,1024.0
1.0,26.0,40.0,41.0,454.0,874.0,4,1024.0
1.0,26.0,40.0,454.0,634.0,824.0,4,843.0
1.0,26.0,40.0,454.0,634.0,824.0,4,843.0
1.0,26.0,40.0,634.0,824.0,843.0,4,948.0
1.0,23.0,234.0,418.0,440.0,798.0,4,1036.0
1.0,23.0,418.0,440.0,798.0,1027.0,4,1036.0
1.0,23.0,234.0,340.0,740.0,1027.0,4,1036.0
1.0,23.0,340.0,418.0,440.0,1027.0,4,1036.0
1.0,23.0,234.0,418.0,440.0,798.0,4,1036.0
1.0,23.0,234.0,418.0,740.0,798.0,4,1036.0
1.0,23.0,418.0,440.0,798.0,1027.0,4,1036.0
1.0,23.0,418.0,440.0,740.0,798.0,4,1027.0
1.0,23.0,418.0,440.0,740.0,798.0,4,1027.0
1.0,16.0,165.0,298.0,495.0,558.0,4,832.0
1.0,16.0,298.0,457.0,495.0,558.0,4,832.0
1.0,16.0,200.0,298.0,457.0,495.0,4,558.0
1.0,16.0,200.0,457.0,495.0,558.0,4,677.0
1.0,16.0,24.0,200.0,457.0,677.0,4,832.0
1.0,16.0,165.0,200.0,677.0,832.0,4,917.0
1.0,16.0,165.0,200.0,677.0,832.0,4,917.0
1.0,16.0,165.0,200.0,677.0,832.0,4,917.0
1.0,16.0,165.0,298.0,558.0,832.0,4,917.0
1.0,16.0,200.0,298.0,457.0,558.0,4,677.0
1.0,16.0,200.0,298.0,457.0,677.0,4,832.0
1.0,16.0,200.0,298.0,457.0,495.0,4,832.0
1.0,16.0,165.0,200.0,298.0,495.0,4,558.0
1.0,13.0,114.0,182.0,192.0,787.0,4,956.0
1.0,13.0,15.0,114.0,192.0,787.0,4,858.0
1.0,13.0,114.0,161.0,182.0,192.0,4,858.0
1.0,13.0,161.0,182.0,803.0,871.0,4,956.0
1.0,13.0,182.0,192.0,210.0,858.0,4,956.0
1.0,13.0,15.0,192.0,210.0,858.0,4,956.0
1.0,13.0,15.0,161.0,192.0,210.0,4,956.0
1.0,13.0,161.0,182.0,192.0,210.0,4,956.0
1.0,13.0,161.0,182.0,192.0,871.0,4,956.0
1.0,16.0,31.0,296.0,457.0,832.0,4,996.0
1.0,16.0,24.0,54.0,296.0,677.0,4,907.0
1.0,16.0,31.0,54.0,457.0,832.0,4,996.0
1.0,16.0,200.0,296.0,457.0,898.0,4,996.0
1.0,16.0,200.0,296.0,457.0,677.0,4,898.0
1.0,4.0,81.0,85.0,158.0,646.0,4,992.0
1.0,4.0,46.0,158.0,494.0,589.0,4,992.0
1.0,4.0,46.0,158.0,494.0,589.0,4,992.0
1.0,4.0,46.0,81.0,494.0,589.0,4,992.0
1.0,4.0,81.0,494.0,589.0,646.0,4,992.0
1.0,4.0,81.0,85.0,494.0,589.0,4,646.0
1.0,4.0,81.0,85.0,494.0,589.0,4,646.0
1.0,4.0,81.0,85.0,589.0,646.0,4,992.0
1.0,4.0,11.0,158.0,487.0,947.0,4,992.0
1.0,23.0,307.0,340.0,418.0,798.0,4,1036.0
1.0,23.0,234.0,340.0,440.0,740.0,4,1036.0
1.0,23.0,234.0,307.0,440.0,740.0,4,798.0
1.0,23.0,234.0,307.0,340.0,418.0,4,740.0
1.0,23.0,234.0,307.0,340.0,418.0,4,1036.0
1.0,23.0,307.0,340.0,418.0,740.0,4,1036.0
1.0,23.0,234.0,418.0,440.0,740.0,4,1036.0
1.0,23.0,307.0,340.0,418.0,440.0,4,1036.0
1.0,18.0,14.0,181.0,191.0,681.0,4,886.0
1.0,18.0,14.0,166.0,181.0,681.0,4,812.0
1.0,18.0,65.0,166.0,181.0,681.0,4,812.0
1.0,18.0,14.0,166.0,181.0,681.0,4,886.0
1.0,18.0,14.0,166.0,181.0,812.0,4,886.0
1.0,18.0,14.0,181.0,191.0,681.0,4,812.0
1.0,18.0,65.0,166.0,681.0,812.0,4,866.0
1.0,18.0,14.0,181.0,191.0,812.0,4,886.0
1.0,28.0,110.0,146.0,444.0,608.0,4,685.0
1.0,28.0,146.0,427.0,444.0,890.0,4,971.0
1.0,28.0,110.0,427.0,444.0,497.0,4,608.0
1.0,28.0,427.0,444.0,497.0,608.0,4,922.0
1.0,28.0,110.0,497.0,608.0,685.0,4,922.0
1.0,28.0,110.0,146.0,608.0,685.0,4,922.0
1.0,28.0,110.0,146.0,427.0,444.0,4,497.0
1.0,28.0,110.0,427.0,444.0,497.0,4,971.0
1.0,6.0,290.0,616.0,623.0,876.0,4,1039.0
1.0,6.0,290.0,616.0,623.0,876.0,4,1039.0
1.0,6.0,35.0,208.0,213.0,265.0,4,1039.0
1.0,6.0,35.0,208.0,213.0,290.0,4,623.0
1.0,6.0,290.0,616.0,623.0,876.0,4,1039.0
1.0,6.0,290.0,616.0,623.0,876.0,4,1039.0
1.0,6.0,35.0,213.0,265.0,616.0,4,623.0
1.0,6.0,35.0,213.0,265.0,616.0,4,623.0
1.0,6.0,35.0,208.0,213.0,265.0,4,292.0
1.0,11.0,638.0,806.0,895.0,968.0,4,1031.0
1.0,11.0,1.0,99.0,132.0,968.0,4,1031.0
1.0,11.0,99.0,173.0,806.0,895.0,4,1031.0
1.0,11.0,173.0,806.0,895.0,968.0,4,1031.0
1.0,11.0,638.0,806.0,895.0,968.0,4,1031.0
1.0,11.0,638.0,806.0,895.0,968.0,4,1031.0
1.0,28.0,110.0,444.0,497.0,608.0,4,922.0
1.0,28.0,110.0,146.0,608.0,685.0,4,922.0
1.0,28.0,110.0,608.0,685.0,922.0,4,971.0
1.0,28.0,110.0,608.0,685.0,890.0,4,971.0
1.0,28.0,110.0,444.0,608.0,922.0,4,971.0
1.0,28.0,110.0,444.0,608.0,922.0,4,971.0
1.0,28.0,110.0,444.0,608.0,922.0,4,971.0
1.0,28.0,110.0,444.0,608.0,804.0,4,922.0
1.0,28.0,444.0,497.0,685.0,922.0,4,971.0
1.0,28.0,444.0,497.0,685.0,922.0,4,971.0
1.0,28.0,110.0,444.0,497.0,685.0,4,971.0
1.0,18.0,166.0,181.0,191.0,811.0,4,812.0
1.0,18.0,166.0,181.0,191.0,811.0,4,812.0
1.0,18.0,14.0,191.0,590.0,812.0,4,886.0
1.0,18.0,14.0,181.0,590.0,811.0,4,866.0
1.0,18.0,14.0,181.0,812.0,866.0,4,886.0
1.0,18.0,14.0,181.0,191.0,812.0,4,886.0
1.0,18.0,166.0,191.0,590.0,812.0,4,886.0
1.0,18.0,14.0,181.0,191.0,590.0,4,886.0
1.0,18.0,14.0,181.0,191.0,590.0,4,811.0
1.0,9.0,68.0,74.0,151.0,452.0,4,941.0
1.0,9.0,34.0,815.0,828.0,845.0,4,941.0
1.0,9.0,446.0,452.0,815.0,828.0,4,845.0
1.0,9.0,68.0,151.0,815.0,828.0,4,941.0
1.0,9.0,34.0,151.0,452.0,538.0,4,941.0
1.0,9.0,34.0,452.0,828.0,845.0,4,941.0
1.0,17.0,47.0,149.0,262.0,708.0,4,857.0
1.0,17.0,47.0,149.0,262.0,708.0,4,857.0
1.0,17.0,47.0,149.0,262.0,708.0,4,857.0
1.0,17.0,47.0,149.0,262.0,708.0,4,857.0
1.0,17.0,47.0,148.0,149.0,262.0,4,708.0
1.0,17.0,97.0,148.0,211.0,262.0,4,708.0
1.0,17.0,47.0,79.0,97.0,148.0,4,149.0
1.0,17.0,47.0,97.0,148.0,149.0,4,708.0
1.0,17.0,47.0,148.0,149.0,262.0,4,708.0
1.0,17.0,47.0,149.0,262.0,708.0,4,857.0
1.0,17.0,47.0,148.0,149.0,262.0,4,857.0
1.0,17.0,47.0,79.0,148.0,262.0,4,709.0
1.0,17.0,47.0,79.0,148.0,262.0,4,709.0
1.0,26.0,40.0,41.0,824.0,874.0,4,1024.0
1.0,26.0,40.0,41.0,824.0,874.0,4,1024.0
1.0,26.0,40.0,41.0,454.0,874.0,4,948.0
1.0,26.0,40.0,41.0,454.0,874.0,4,948.0
1.0,26.0,40.0,454.0,634.0,874.0,4,948.0
1.0,26.0,41.0,824.0,874.0,948.0,4,1024.0
1.0,26.0,40.0,41.0,824.0,874.0,4,1024.0
1.0,26.0,454.0,634.0,843.0,874.0,4,948.0
1.0,26.0,454.0,634.0,843.0,874.0,4,948.0
1.0,26.0,454.0,634.0,843.0,874.0,4,948.0
1.0,11.0,94.0,132.0,173.0,717.0,4,925.0
1.0,11.0,94.0,132.0,173.0,717.0,4,925.0
1.0,11.0,1.0,94.0,132.0,173.0,4,925.0
1.0,11.0,1.0,132.0,173.0,806.0,4,925.0
1.0,11.0,173.0,638.0,647.0,806.0,4,925.0
1.0,11.0,173.0,638.0,647.0,806.0,4,925.0
1.0,11.0,274.0,638.0,647.0,806.0,4,895.0
1.0,11.0,94.0,173.0,638.0,806.0,4,925.0
1.0,11.0,1.0,94.0,132.0,173.0,4,925.0
1.0,11.0,1.0,94.0,132.0,173.0,4,925.0
1.0,11.0,1.0,173.0,630.0,717.0,4,925.0
1.0,30.0,335.0,389.0,409.0,598.0,4,705.0
1.0,30.0,121.0,335.0,389.0,409.0,4,598.0
1.0,30.0,209.0,335.0,389.0,689.0,4,963.0
1.0,30.0,209.0,335.0,389.0,689.0,4,963.0
1.0,30.0,121.0,409.0,705.0,953.0,4,963.0
1.0,30.0,121.0,409.0,705.0,953.0,4,963.0
1.0,30.0,121.0,335.0,705.0,953.0,4,963.0
1.0,30.0,121.0,335.0,389.0,953.0,4,963.0
1.0,30.0,121.0,335.0,389.0,409.0,4,598.0
1.0,30.0,389.0,409.0,598.0,689.0,4,705.0
1.0,30.0,209.0,253.0,409.0,598.0,4,689.0
1.0,16.0,285.0,457.0,832.0,898.0,4,996.0
1.0,16.0,457.0,832.0,898.0,907.0,4,996.0
1.0,16.0,31.0,457.0,677.0,832.0,4,907.0
1.0,16.0,54.0,677.0,832.0,907.0,4,996.0
1.0,16.0,31.0,54.0,457.0,832.0,4,996.0
1.0,16.0,285.0,457.0,832.0,898.0,4,996.0
1.0,16.0,285.0,832.0,898.0,907.0,4,996.0
1.0,4.0,81.0,85.0,589.0,646.0,4,992.0
1.0,4.0,85.0,158.0,589.0,646.0,4,992.0
1.0,4.0,46.0,81.0,158.0,487.0,4,494.0
1.0,4.0,46.0,81.0,158.0,487.0,4,494.0
1.0,4.0,46.0,81.0,85.0,589.0,4,992.0
1.0,4.0,85.0,158.0,589.0,646.0,4,992.0
1.0,4.0,46.0,158.0,589.0,646.0,4,992.0
1.0,4.0,46.0,81.0,487.0,494.0,4,589.0
1.0,4.0,81.0,494.0,589.0,646.0,4,992.0
1.0,9.0,68.0,151.0,815.0,828.0,4,941.0
1.0,9.0,68.0,452.0,828.0,851.0,4,941.0
1.0,9.0,68.0,452.0,828.0,851.0,4,941.0
1.0,9.0,74.0,151.0,446.0,452.0,4,815.0
1.0,9.0,68.0,151.0,743.0,828.0,4,941.0
1.0,9.0,68.0,151.0,452.0,828.0,4,941.0
1.0,9.0,151.0,446.0,743.0,828.0,4,941.0
1.0,9.0,151.0,446.0,743.0,828.0,4,941.0
1.0,9.0,151.0,446.0,743.0,828.0,4,941.0
1.0,9.0,34.0,74.0,446.0,743.0,4,851.0
1.0,28.0,110.0,146.0,608.0,685.0,4,922.0
1.0,28.0,110.0,444.0,497.0,685.0,4,971.0
1.0,28.0,110.0,444.0,497.0,890.0,4,971.0
1.0,28.0,110.0,146.0,444.0,608.0,4,971.0
1.0,28.0,110.0,146.0,608.0,685.0,4,922.0
1.0,28.0,444.0,497.0,608.0,890.0,4,971.0
1.0,28.0,444.0,497.0,685.0,890.0,4,971.0
1.0,28.0,444.0,497.0,685.0,890.0,4,971.0
1.0,9.0,68.0,151.0,815.0,828.0,4,941.0
1.0,9.0,68.0,151.0,815.0,828.0,4,941.0
1.0,9.0,446.0,743.0,815.0,828.0,4,851.0
1.0,9.0,151.0,743.0,815.0,828.0,4,941.0
1.0,9.0,74.0,151.0,452.0,743.0,4,941.0
1.0,9.0,74.0,151.0,452.0,743.0,4,941.0
1.0,9.0,68.0,74.0,151.0,452.0,4,941.0
1.0,9.0,68.0,74.0,151.0,452.0,4,941.0
1.0,9.0,68.0,151.0,452.0,828.0,4,941.0
1.0,9.0,68.0,74.0,743.0,851.0,4,941.0
1.0,9.0,68.0,74.0,743.0,851.0,4,941.0
1.0,9.0,74.0,446.0,452.0,743.0,4,851.0
1.0,9.0,151.0,446.0,743.0,828.0,4,941.0
1.0,9.0,68.0,151.0,452.0,828.0,4,941.0
1.0,9.0,74.0,151.0,452.0,743.0,4,941.0
1.0,9.0,74.0,151.0,452.0,743.0,4,941.0
1.0,9.0,34.0,74.0,151.0,743.0,4,941.0
1.0,9.0,68.0,446.0,452.0,828.0,4,851.0
1.0,9.0,68.0,151.0,815.0,828.0,4,941.0
1.0,9.0,68.0,151.0,446.0,815.0,4,828.0
1.0,9.0,68.0,452.0,628.0,828.0,4,941.0
1.0,9.0,452.0,628.0,743.0,851.0,4,941.0
1.0,9.0,151.0,452.0,743.0,851.0,4,941.0
1.0,9.0,68.0,151.0,815.0,828.0,4,941.0
1.0,9.0,68.0,151.0,815.0,828.0,4,941.0
1.0,9.0,151.0,446.0,452.0,815.0,4,828.0
1.0,9.0,151.0,446.0,452.0,815.0,4,828.0
1.0,9.0,34.0,446.0,628.0,743.0,4,851.0
1.0,9.0,34.0,74.0,446.0,743.0,4,851.0
1.0,17.0,47.0,262.0,708.0,730.0,4,1033.0
1.0,17.0,149.0,211.0,262.0,708.0,4,730.0
1.0,17.0,97.0,148.0,413.0,708.0,4,1033.0
1.0,17.0,47.0,97.0,413.0,708.0,4,730.0
1.0,17.0,97.0,148.0,149.0,413.0,4,857.0
1.0,9.0,68.0,151.0,815.0,828.0,4,941.0
1.0,9.0,151.0,452.0,815.0,828.0,4,941.0
1.0,9.0,151.0,446.0,452.0,815.0,4,828.0
1.0,9.0,151.0,446.0,452.0,815.0,4,828.0
1.0,9.0,68.0,74.0,446.0,452.0,4,628.0
1.0,9.0,151.0,452.0,815.0,828.0,4,941.0
1.0,9.0,68.0,151.0,815.0,828.0,4,941.0
1.0,9.0,68.0,151.0,815.0,828.0,4,941.0
1.0,9.0,68.0,151.0,446.0,452.0,4,828.0
1.0,9.0,34.0,74.0,446.0,452.0,4,851.0
1.0,9.0,34.0,74.0,446.0,743.0,4,851.0
1.0,9.0,151.0,446.0,452.0,815.0,4,828.0
1.0,9.0,446.0,452.0,628.0,815.0,4,828.0
1.0,9.0,74.0,446.0,452.0,628.0,4,743.0
1.0,9.0,74.0,151.0,452.0,743.0,4,941.0
1.0,9.0,151.0,452.0,815.0,828.0,4,941.0
1.0,9.0,68.0,151.0,815.0,828.0,4,941.0
1.0,9.0,68.0,151.0,815.0,828.0,4,941.0
1.0,9.0,68.0,151.0,815.0,828.0,4,941.0
1.0,9.0,68.0,74.0,151.0,815.0,4,941.0
1.0,9.0,68.0,74.0,151.0,452.0,4,941.0
1.0,9.0,151.0,446.0,452.0,815.0,4,828.0
1.0,9.0,151.0,446.0,452.0,815.0,4,828.0
1.0,9.0,68.0,151.0,815.0,828.0,4,941.0
1.0,9.0,68.0,151.0,446.0,452.0,4,828.0
1.0,9.0,446.0,452.0,815.0,828.0,4,851.0
1.0,11.0,173.0,806.0,895.0,968.0,4,1031.0
1.0,11.0,173.0,806.0,895.0,968.0,4,1031.0
1.0,11.0,99.0,173.0,647.0,806.0,4,1031.0
1.0,11.0,99.0,173.0,647.0,968.0,4,1031.0
1.0,11.0,173.0,647.0,895.0,968.0,4,1031.0
1.0,11.0,173.0,806.0,895.0,968.0,4,1031.0
1.0,11.0,173.0,638.0,647.0,895.0,4,968.0
1.0,11.0,99.0,173.0,647.0,806.0,4,1031.0
1.0,11.0,173.0,647.0,806.0,895.0,4,1031.0
1.0,9.0,68.0,151.0,815.0,828.0,4,941.0
1.0,9.0,68.0,74.0,151.0,815.0,4,941.0
1.0,9.0,68.0,446.0,452.0,628.0,4,828.0
1.0,9.0,68.0,151.0,446.0,452.0,4,828.0
1.0,9.0,446.0,452.0,797.0,828.0,4,845.0
1.0,9.0,68.0,151.0,815.0,828.0,4,941.0
1.0,9.0,68.0,151.0,815.0,828.0,4,941.0
1.0,9.0,74.0,151.0,452.0,815.0,4,941.0
1.0,9.0,68.0,151.0,815.0,828.0,4,941.0
1.0,9.0,68.0,151.0,446.0,452.0,4,828.0
1.0,9.0,68.0,151.0,446.0,452.0,4,828.0
1.0,9.0,68.0,74.0,815.0,845.0,4,941.0
1.0,9.0,68.0,74.0,815.0,845.0,4,941.0
1.0,9.0,68.0,74.0,815.0,845.0,4,941.0
1.0,9.0,68.0,151.0,815.0,828.0,4,941.0
1.0,9.0,68.0,151.0,815.0,828.0,4,941.0
1.0,9.0,68.0,446.0,452.0,828.0,4,845.0
1.0,9.0,74.0,446.0,452.0,797.0,4,845.0
1.0,9.0,34.0,74.0,797.0,845.0,4,1011.0
1.0,9.0,34.0,74.0,797.0,845.0,4,1011.0
1.0,30.0,121.0,389.0,689.0,953.0,4,963.0
1.0,30.0,121.0,657.0,689.0,953.0,4,963.0
1.0,30.0,121.0,335.0,705.0,953.0,4,963.0
1.0,30.0,121.0,335.0,657.0,953.0,4,963.0
1.0,30.0,409.0,657.0,689.0,705.0,4,953.0
1.0,23.0,234.0,418.0,440.0,740.0,4,1036.0
1.0,23.0,234.0,307.0,418.0,440.0,4,740.0
1.0,23.0,234.0,307.0,440.0,740.0,4,827.0
1.0,23.0,418.0,440.0,740.0,827.0,4,1036.0
1.0,23.0,307.0,340.0,418.0,798.0,4,1036.0
1.0,23.0,307.0,340.0,418.0,798.0,4,1036.0
1.0,23.0,307.0,340.0,418.0,798.0,4,1036.0
1.0,23.0,234.0,418.0,740.0,798.0,4,1036.0
1.0,23.0,234.0,440.0,673.0,740.0,4,827.0
1.0,23.0,234.0,673.0,740.0,827.0,4,1027.0
1.0,4.0,46.0,85.0,494.0,589.0,4,947.0
1.0,4.0,46.0,81.0,85.0,494.0,4,589.0
1.0,4.0,46.0,81.0,158.0,487.0,4,494.0
1.0,4.0,46.0,81.0,85.0,158.0,4,947.0
1.0,4.0,46.0,81.0,85.0,589.0,4,947.0
1.0,4.0,46.0,85.0,158.0,494.0,4,947.0
1.0,4.0,46.0,81.0,85.0,158.0,4,947.0
1.0,4.0,46.0,81.0,158.0,487.0,4,947.0
1.0,4.0,46.0,81.0,158.0,487.0,4,947.0
1.0,26.0,40.0,41.0,454.0,874.0,4,948.0
1.0,26.0,40.0,454.0,634.0,874.0,4,948.0
1.0,26.0,40.0,454.0,634.0,843.0,4,948.0
1.0,26.0,40.0,41.0,824.0,874.0,4,1024.0
1.0,26.0,40.0,41.0,454.0,874.0,4,1024.0
1.0,26.0,40.0,454.0,634.0,874.0,4,1024.0
1.0,26.0,40.0,454.0,634.0,874.0,4,948.0
1.0,26.0,41.0,634.0,874.0,948.0,4,1024.0
1.0,9.0,68.0,452.0,828.0,845.0,4,941.0
1.0,9.0,68.0,151.0,815.0,828.0,4,941.0
1.0,9.0,68.0,151.0,815.0,828.0,4,941.0
1.0,9.0,68.0,74.0,151.0,815.0,4,941.0
1.0,9.0,68.0,446.0,815.0,828.0,4,845.0
1.0,9.0,68.0,151.0,815.0,828.0,4,941.0
1.0,9.0,68.0,151.0,452.0,828.0,4,941.0
1.0,9.0,34.0,74.0,151.0,452.0,4,941.0
1.0,9.0,34.0,74.0,446.0,815.0,4,845.0
1.0,9.0,34.0,74.0,446.0,815.0,4,845.0
1.0,9.0,34.0,74.0,446.0,815.0,4,845.0
1.0,9.0,68.0,151.0,452.0,828.0,4,941.0
1.0,9.0,68.0,151.0,815.0,828.0,4,941.0
1.0,9.0,68.0,151.0,452.0,828.0,4,941.0
1.0,9.0,74.0,446.0,452.0,815.0,4,845.0
1.0,9.0,34.0,446.0,815.0,828.0,4,845.0
1.0,9.0,34.0,446.0,815.0,828.0,4,845.0
1.0,9.0,68.0,151.0,815.0,828.0,4,941.0
1.0,9.0,68.0,151.0,815.0,828.0,4,941.0
1.0,9.0,68.0,74.0,151.0,452.0,4,941.0
1.0,9.0,68.0,446.0,452.0,828.0,4,845.0
1.0,9.0,34.0,446.0,452.0,828.0,4,845.0
1.0,9.0,34.0,446.0,452.0,828.0,4,845.0
1.0,9.0,34.0,74.0,797.0,845.0,4,1011.0
1.0,17.0,47.0,149.0,262.0,708.0,4,730.0
1.0,17.0,47.0,148.0,262.0,708.0,4,1033.0
1.0,17.0,97.0,148.0,211.0,857.0,4,1033.0
1.0,17.0,97.0,148.0,211.0,857.0,4,1033.0
1.0,17.0,97.0,148.0,211.0,857.0,4,1033.0
1.0,17.0,47.0,97.0,708.0,857.0,4,1033.0
1.0,17.0,47.0,149.0,262.0,708.0,4,730.0
1.0,17.0,148.0,149.0,211.0,262.0,4,730.0
1.0,17.0,97.0,148.0,211.0,857.0,4,1033.0
1.0,17.0,97.0,148.0,211.0,857.0,4,1033.0
1.0,9.0,68.0,151.0,815.0,828.0,4,941.0
1.0,9.0,68.0,151.0,446.0,452.0,4,828.0
1.0,9.0,34.0,446.0,815.0,828.0,4,845.0
1.0,9.0,34.0,74.0,815.0,845.0,4,941.0
1.0,9.0,34.0,74.0,815.0,845.0,4,941.0
1.0,9.0,34.0,74.0,151.0,815.0,4,941.0
1.0,9.0,68.0,151.0,815.0,828.0,4,941.0
1.0,9.0,68.0,151.0,452.0,828.0,4,941.0
1.0,9.0,34.0,151.0,446.0,452.0,4,828.0
1.0,9.0,34.0,446.0,452.0,828.0,4,845.0
1.0,9.0,34.0,74.0,446.0,845.0,4,1011.0
1.0,9.0,34.0,446.0,538.0,845.0,4,1011.0
1.0,9.0,34.0,446.0,538.0,845.0,4,1011.0
1.0,13.0,5.0,15.0,182.0,210.0,4,532.0
1.0,23.0,234.0,307.0,340.0,418.0,4,1027.0
1.0,23.0,307.0,418.0,440.0,740.0,4,1027.0
1.0,23.0,234.0,307.0,418.0,740.0,4,1027.0
1.0,23.0,234.0,307.0,418.0,740.0,4,1027.0
1.0,23.0,234.0,307.0,418.0,740.0,4,827.0
1.0,23.0,340.0,418.0,655.0,740.0,4,810.0
1.0,23.0,234.0,307.0,340.0,418.0,4,740.0
1.0,23.0,234.0,307.0,340.0,418.0,4,740.0
1.0,9.0,68.0,151.0,828.0,941.0,4,949.0
1.0,9.0,68.0,151.0,452.0,828.0,4,941.0
1.0,9.0,68.0,452.0,828.0,845.0,4,941.0
1.0,9.0,68.0,452.0,828.0,845.0,4,941.0
1.0,9.0,34.0,446.0,452.0,828.0,4,845.0
1.0,9.0,68.0,151.0,446.0,828.0,4,949.0
1.0,9.0,68.0,151.0,446.0,828.0,4,949.0
1.0,9.0,68.0,151.0,452.0,828.0,4,941.0
1.0,9.0,34.0,68.0,151.0,828.0,4,941.0
1.0,9.0,34.0,151.0,452.0,538.0,4,941.0
1.0,9.0,452.0,828.0,845.0,941.0,4,949.0
1.0,9.0,68.0,74.0,151.0,941.0,4,949.0
1.0,9.0,452.0,538.0,815.0,845.0,4,941.0
1.0,9.0,34.0,446.0,538.0,815.0,4,845.0
1.0,9.0,34.0,446.0,538.0,815.0,4,845.0
1.0,9.0,68.0,815.0,828.0,845.0,4,941.0
1.0,9.0,68.0,151.0,815.0,828.0,4,941.0
1.0,9.0,68.0,151.0,538.0,941.0,4,949.0
1.0,9.0,446.0,452.0,815.0,828.0,4,845.0
1.0,9.0,446.0,452.0,815.0,828.0,4,845.0
1.0,9.0,151.0,446.0,815.0,845.0,4,949.0
1.0,9.0,68.0,452.0,828.0,845.0,4,941.0
1.0,9.0,68.0,151.0,815.0,828.0,4,941.0
1.0,9.0,68.0,151.0,815.0,828.0,4,941.0
1.0,9.0,68.0,151.0,815.0,828.0,4,941.0
1.0,9.0,68.0,828.0,845.0,941.0,4,949.0
1.0,9.0,446.0,538.0,815.0,845.0,4,949.0
1.0,9.0,68.0,151.0,815.0,828.0,4,941.0
1.0,6.0,35.0,85.0,208.0,623.0,4,876.0
1.0,6.0,35.0,85.0,208.0,623.0,4,1010.0
1.0,6.0,85.0,250.0,623.0,876.0,4,1039.0
1.0,6.0,35.0,208.0,265.0,494.0,4,623.0
1.0,6.0,35.0,208.0,265.0,1010.0,4,1039.0
1.0,6.0,35.0,85.0,250.0,623.0,4,1010.0
1.0,6.0,85.0,250.0,623.0,876.0,4,1039.0
1.0,9.0,34.0,446.0,452.0,628.0,4,845.0
1.0,9.0,68.0,151.0,628.0,815.0,4,941.0
1.0,9.0,68.0,74.0,151.0,815.0,4,941.0
1.0,9.0,68.0,74.0,151.0,815.0,4,941.0
1.0,9.0,68.0,74.0,151.0,815.0,4,941.0
1.0,9.0,68.0,74.0,452.0,845.0,4,941.0
1.0,9.0,34.0,446.0,628.0,815.0,4,845.0
1.0,9.0,34.0,74.0,151.0,815.0,4,941.0
1.0,9.0,68.0,151.0,815.0,828.0,4,941.0
1.0,9.0,68.0,151.0,815.0,828.0,4,941.0
1.0,9.0,68.0,74.0,151.0,452.0,4,941.0
1.0,9.0,68.0,74.0,151.0,452.0,4,941.0
1.0,9.0,74.0,452.0,845.0,941.0,4,949.0
1.0,9.0,446.0,452.0,828.0,845.0,4,949.0
1.0,9.0,446.0,815.0,828.0,845.0,4,949.0
1.0,9.0,815.0,828.0,845.0,941.0,4,949.0
1.0,9.0,68.0,151.0,815.0,828.0,4,941.0
1.0,9.0,68.0,151.0,452.0,828.0,4,941.0
1.0,9.0,74.0,452.0,845.0,941.0,4,949.0
1.0,18.0,14.0,181.0,681.0,811.0,4,866.0
1.0,18.0,14.0,181.0,681.0,811.0,4,866.0
1.0,18.0,166.0,191.0,590.0,811.0,4,812.0
1.0,18.0,166.0,191.0,590.0,681.0,4,812.0
1.0,18.0,166.0,191.0,590.0,681.0,4,812.0
1.0,18.0,14.0,181.0,681.0,811.0,4,866.0
1.0,18.0,14.0,590.0,681.0,811.0,4,866.0
1.0,18.0,166.0,191.0,590.0,811.0,4,812.0
1.0,18.0,14.0,181.0,681.0,811.0,4,866.0
1.0,9.0,68.0,74.0,151.0,815.0,4,941.0
1.0,9.0,68.0,151.0,452.0,845.0,4,941.0
1.0,9.0,34.0,446.0,452.0,538.0,4,845.0
1.0,9.0,34.0,446.0,452.0,538.0,4,845.0
1.0,9.0,34.0,151.0,446.0,815.0,4,845.0
1.0,9.0,34.0,74.0,151.0,815.0,4,941.0
1.0,9.0,68.0,74.0,151.0,815.0,4,941.0
1.0,9.0,68.0,74.0,151.0,815.0,4,941.0
1.0,9.0,68.0,74.0,815.0,845.0,4,941.0
1.0,9.0,34.0,452.0,538.0,845.0,4,1011.0
1.0,16.0,165.0,200.0,298.0,677.0,4,832.0
1.0,16.0,200.0,457.0,495.0,832.0,4,917.0
1.0,16.0,90.0,165.0,200.0,298.0,4,677.0
1.0,16.0,165.0,200.0,495.0,677.0,4,832.0
1.0,16.0,90.0,165.0,677.0,832.0,4,917.0
1.0,16.0,90.0,165.0,677.0,832.0,4,917.0
1.0,16.0,90.0,200.0,298.0,832.0,4,917.0
1.0,16.0,90.0,165.0,298.0,495.0,4,832.0
1.0,9.0,34.0,446.0,452.0,538.0,4,845.0
1.0,9.0,151.0,538.0,815.0,941.0,4,1011.0
1.0,9.0,68.0,74.0,151.0,815.0,4,941.0
1.0,9.0,34.0,446.0,452.0,538.0,4,845.0
1.0,9.0,34.0,452.0,538.0,845.0,4,1011.0
1.0,26.0,40.0,41.0,824.0,874.0,4,1024.0
1.0,26.0,40.0,41.0,454.0,843.0,4,948.0
1.0,26.0,41.0,634.0,874.0,948.0,4,1024.0
1.0,26.0,40.0,41.0,634.0,874.0,4,1024.0
1.0,26.0,40.0,41.0,129.0,454.0,4,1024.0
1.0,26.0,40.0,41.0,129.0,454.0,4,948.0
1.0,26.0,40.0,129.0,454.0,634.0,4,948.0
1.0,9.0,68.0,446.0,452.0,828.0,4,845.0
1.0,9.0,446.0,452.0,628.0,845.0,4,949.0
1.0,9.0,446.0,452.0,628.0,845.0,4,949.0
1.0,9.0,446.0,452.0,628.0,845.0,4,949.0
1.0,9.0,446.0,452.0,628.0,845.0,4,949.0
1.0,9.0,446.0,452.0,628.0,845.0,4,949.0
1.0,6.0,35.0,85.0,208.0,250.0,4,1010.0
1.0,6.0,35.0,213.0,250.0,494.0,4,1010.0
1.0,6.0,213.0,265.0,292.0,494.0,4,1010.0
1.0,6.0,35.0,85.0,208.0,250.0,4,1010.0
1.0,6.0,35.0,85.0,208.0,250.0,4,1010.0
1.0,4.0,81.0,85.0,589.0,646.0,4,992.0
1.0,4.0,46.0,158.0,494.0,589.0,4,992.0
1.0,4.0,46.0,158.0,494.0,589.0,4,992.0
1.0,4.0,81.0,85.0,589.0,646.0,4,992.0
1.0,4.0,81.0,85.0,589.0,646.0,4,992.0
1.0,4.0,46.0,81.0,158.0,646.0,4,992.0
1.0,4.0,46.0,81.0,85.0,158.0,4,992.0
1.0,4.0,46.0,81.0,85.0,589.0,4,992.0
1.0,4.0,46.0,81.0,589.0,646.0,4,992.0
1.0,17.0,148.0,211.0,262.0,708.0,4,1033.0
1.0,17.0,148.0,211.0,262.0,708.0,4,1033.0
1.0,17.0,211.0,262.0,708.0,730.0,4,1033.0
1.0,17.0,211.0,262.0,708.0,730.0,4,1033.0
1.0,17.0,262.0,708.0,709.0,730.0,4,1033.0
1.0,17.0,262.0,708.0,709.0,730.0,4,1033.0
1.0,17.0,148.0,149.0,262.0,708.0,4,709.0
1.0,17.0,97.0,148.0,149.0,708.0,4,709.0
1.0,17.0,47.0,97.0,148.0,149.0,4,708.0
1.0,4.0,81.0,85.0,589.0,646.0,4,992.0
1.0,4.0,487.0,494.0,589.0,646.0,4,947.0
1.0,4.0,46.0,85.0,158.0,646.0,4,992.0
1.0,4.0,46.0,85.0,158.0,646.0,4,992.0
1.0,4.0,46.0,85.0,158.0,646.0,4,992.0
1.0,4.0,81.0,487.0,494.0,589.0,4,646.0
1.0,13.0,5.0,192.0,803.0,871.0,4,956.0
1.0,13.0,161.0,210.0,803.0,858.0,4,956.0
1.0,13.0,5.0,192.0,210.0,858.0,4,956.0
1.0,13.0,5.0,192.0,210.0,858.0,4,956.0
1.0,13.0,161.0,192.0,858.0,871.0,4,956.0
1.0,13.0,161.0,192.0,858.0,871.0,4,956.0
1.0,23.0,234.0,307.0,440.0,740.0,4,921.0
1.0,23.0,234.0,340.0,440.0,740.0,4,827.0
1.0,23.0,340.0,418.0,440.0,827.0,4,1036.0
1.0,23.0,307.0,340.0,418.0,921.0,4,1036.0
1.0,23.0,307.0,418.0,798.0,921.0,4,1036.0
1.0,23.0,307.0,418.0,798.0,921.0,4,1036.0
1.0,23.0,307.0,418.0,798.0,827.0,4,921.0
1.0,23.0,307.0,418.0,798.0,921.0,4,1036.0
1.0,4.0,81.0,85.0,589.0,646.0,4,992.0
1.0,4.0,85.0,158.0,589.0,646.0,4,992.0
1.0,4.0,46.0,81.0,494.0,589.0,4,992.0
1.0,4.0,81.0,85.0,589.0,646.0,4,992.0
1.0,4.0,46.0,81.0,85.0,589.0,4,646.0
1.0,4.0,46.0,81.0,85.0,158.0,4,992.0
1.0,4.0,46.0,85.0,158.0,589.0,4,992.0
1.0,4.0,46.0,85.0,158.0,589.0,4,992.0
1.0,4.0,3.0,11.0,46.0,158.0,4,947.0
1.0,4.0,81.0,85.0,494.0,589.0,4,646.0
1.0,4.0,46.0,81.0,487.0,589.0,4,646.0
1.0,4.0,46.0,81.0,158.0,487.0,4,646.0
1.0,4.0,46.0,81.0,158.0,487.0,4,646.0
1.0,4.0,81.0,85.0,494.0,589.0,4,646.0
1.0,4.0,81.0,487.0,494.0,589.0,4,646.0
1.0,4.0,81.0,85.0,494.0,589.0,4,646.0
1.0,4.0,81.0,85.0,494.0,589.0,4,646.0
1.0,4.0,46.0,81.0,85.0,589.0,4,646.0
1.0,4.0,46.0,85.0,158.0,589.0,4,646.0
1.0,4.0,46.0,158.0,487.0,589.0,4,646.0
1.0,4.0,46.0,158.0,487.0,589.0,4,646.0
1.0,4.0,81.0,85.0,494.0,589.0,4,646.0
1.0,4.0,81.0,85.0,494.0,589.0,4,646.0
1.0,4.0,81.0,85.0,494.0,589.0,4,646.0
1.0,4.0,81.0,85.0,494.0,589.0,4,646.0
1.0,4.0,3.0,81.0,494.0,589.0,4,646.0
1.0,4.0,3.0,46.0,158.0,589.0,4,646.0
1.0,4.0,3.0,11.0,158.0,487.0,4,947.0
1.0,4.0,3.0,11.0,158.0,487.0,4,947.0
1.0,30.0,113.0,121.0,839.0,953.0,4,963.0
1.0,30.0,389.0,409.0,705.0,839.0,4,953.0
1.0,30.0,337.0,389.0,409.0,689.0,4,705.0
1.0,30.0,337.0,389.0,689.0,705.0,4,963.0
1.0,30.0,121.0,335.0,705.0,953.0,4,963.0
1.0,30.0,389.0,409.0,689.0,705.0,4,953.0
1.0,30.0,337.0,389.0,409.0,689.0,4,705.0
1.0,30.0,121.0,335.0,389.0,689.0,4,963.0
1.0,30.0,121.0,335.0,409.0,689.0,4,705.0
1.0,4.0,85.0,158.0,494.0,589.0,4,646.0
1.0,4.0,81.0,85.0,494.0,589.0,4,646.0
1.0,4.0,3.0,46.0,81.0,158.0,4,992.0
1.0,4.0,81.0,85.0,158.0,494.0,4,646.0
1.0,4.0,3.0,46.0,81.0,589.0,4,646.0
1.0,4.0,3.0,46.0,81.0,589.0,4,646.0
1.0,23.0,234.0,440.0,740.0,798.0,4,1036.0
1.0,23.0,234.0,440.0,740.0,798.0,4,1036.0
1.0,23.0,234.0,307.0,340.0,740.0,4,827.0
1.0,23.0,307.0,340.0,740.0,798.0,4,827.0
1.0,23.0,234.0,307.0,673.0,798.0,4,1036.0
1.0,23.0,234.0,340.0,673.0,740.0,4,798.0
1.0,4.0,85.0,158.0,494.0,589.0,4,646.0
1.0,4.0,46.0,81.0,487.0,589.0,4,646.0
1.0,4.0,46.0,81.0,158.0,487.0,4,494.0
1.0,4.0,11.0,81.0,85.0,158.0,4,494.0
1.0,4.0,46.0,81.0,85.0,494.0,4,589.0
1.0,4.0,11.0,81.0,85.0,158.0,4,487.0
1.0,4.0,11.0,81.0,85.0,494.0,4,589.0
1.0,4.0,46.0,81.0,85.0,494.0,4,589.0
1.0,4.0,81.0,85.0,494.0,589.0,4,992.0
1.0,4.0,81.0,85.0,487.0,589.0,4,992.0
1.0,4.0,3.0,81.0,487.0,589.0,4,992.0
1.0,4.0,3.0,81.0,487.0,589.0,4,992.0
1.0,4.0,3.0,81.0,158.0,487.0,4,992.0
1.0,4.0,81.0,85.0,158.0,494.0,4,589.0
1.0,4.0,46.0,85.0,158.0,494.0,4,589.0
1.0,4.0,85.0,158.0,494.0,589.0,4,992.0
1.0,4.0,85.0,158.0,494.0,589.0,4,992.0
1.0,4.0,46.0,81.0,85.0,487.0,4,589.0
1.0,4.0,3.0,81.0,158.0,487.0,4,589.0
1.0,4.0,81.0,85.0,494.0,589.0,4,992.0
1.0,26.0,40.0,41.0,824.0,874.0,4,1024.0
1.0,26.0,40.0,41.0,824.0,874.0,4,1024.0
1.0,26.0,40.0,41.0,824.0,874.0,4,948.0
1.0,26.0,40.0,41.0,824.0,874.0,4,1024.0
1.0,26.0,41.0,454.0,843.0,874.0,4,948.0
1.0,26.0,40.0,41.0,634.0,824.0,4,874.0
1.0,26.0,40.0,41.0,634.0,824.0,4,874.0
1.0,26.0,40.0,41.0,454.0,874.0,4,948.0
1.0,16.0,296.0,457.0,677.0,832.0,4,996.0
1.0,16.0,200.0,457.0,832.0,898.0,4,996.0
1.0,16.0,296.0,457.0,677.0,832.0,4,996.0
1.0,16.0,296.0,457.0,677.0,832.0,4,996.0
1.0,16.0,285.0,296.0,457.0,677.0,4,996.0
1.0,4.0,46.0,158.0,487.0,589.0,4,992.0
1.0,4.0,46.0,158.0,487.0,589.0,4,992.0
1.0,4.0,46.0,85.0,487.0,589.0,4,947.0
1.0,4.0,46.0,85.0,487.0,589.0,4,947.0
1.0,4.0,11.0,46.0,85.0,589.0,4,947.0
1.0,4.0,3.0,46.0,251.0,589.0,4,992.0
1.0,4.0,46.0,85.0,487.0,589.0,4,947.0
1.0,4.0,11.0,46.0,85.0,487.0,4,589.0
1.0,4.0,46.0,85.0,487.0,589.0,4,947.0
1.0,4.0,85.0,487.0,589.0,947.0,4,1004.0
1.0,4.0,46.0,85.0,487.0,589.0,4,947.0
1.0,4.0,11.0,46.0,85.0,487.0,4,589.0
1.0,4.0,3.0,11.0,589.0,992.0,4,1004.0
1.0,4.0,11.0,85.0,589.0,992.0,4,1004.0
1.0,4.0,11.0,85.0,589.0,992.0,4,1004.0
1.0,18.0,14.0,181.0,681.0,866.0,4,886.0
1.0,18.0,14.0,181.0,681.0,811.0,4,866.0
1.0,18.0,65.0,351.0,704.0,811.0,4,886.0
1.0,18.0,65.0,351.0,704.0,866.0,4,886.0
1.0,18.0,14.0,65.0,351.0,866.0,4,886.0
1.0,18.0,14.0,181.0,681.0,866.0,4,886.0
1.0,18.0,14.0,191.0,811.0,866.0,4,886.0
1.0,18.0,65.0,191.0,811.0,866.0,4,886.0
1.0,18.0,14.0,65.0,181.0,681.0,4,866.0
1.0,18.0,14.0,65.0,181.0,681.0,4,866.0
1.0,18.0,14.0,65.0,181.0,681.0,4,866.0
1.0,28.0,110.0,497.0,608.0,685.0,4,922.0
1.0,28.0,110.0,608.0,685.0,922.0,4,971.0
1.0,28.0,444.0,608.0,685.0,890.0,4,971.0
1.0,28.0,444.0,497.0,685.0,890.0,4,971.0
1.0,28.0,110.0,444.0,608.0,804.0,4,922.0
1.0,28.0,110.0,146.0,608.0,685.0,4,922.0
1.0,28.0,444.0,497.0,685.0,922.0,4,971.0
1.0,28.0,146.0,444.0,685.0,922.0,4,971.0
1.0,28.0,110.0,146.0,444.0,685.0,4,971.0
1.0,28.0,110.0,444.0,497.0,608.0,4,922.0
1.0,4.0,46.0,158.0,494.0,947.0,4,992.0
1.0,4.0,46.0,158.0,494.0,589.0,4,992.0
1.0,4.0,46.0,487.0,589.0,947.0,4,992.0
1.0,4.0,3.0,46.0,487.0,589.0,4,947.0
1.0,4.0,3.0,46.0,494.0,589.0,4,947.0
1.0,4.0,3.0,46.0,158.0,947.0,4,992.0
1.0,4.0,46.0,158.0,494.0,589.0,4,992.0
1.0,4.0,46.0,494.0,589.0,947.0,4,992.0
1.0,4.0,46.0,494.0,589.0,947.0,4,992.0
1.0,4.0,46.0,158.0,487.0,589.0,4,947.0
1.0,11.0,638.0,806.0,895.0,968.0,4,1031.0
1.0,11.0,94.0,132.0,638.0,647.0,4,968.0
1.0,11.0,94.0,132.0,638.0,647.0,4,968.0
1.0,11.0,94.0,132.0,647.0,895.0,4,1031.0
1.0,11.0,638.0,806.0,895.0,968.0,4,1031.0
1.0,11.0,94.0,132.0,647.0,895.0,4,1031.0
1.0,11.0,94.0,638.0,647.0,895.0,4,968.0
1.0,11.0,94.0,806.0,895.0,968.0,4,1031.0
1.0,11.0,94.0,806.0,895.0,968.0,4,1031.0
1.0,6.0,35.0,85.0,250.0,265.0,4,623.0
1.0,6.0,35.0,85.0,250.0,265.0,4,623.0
1.0,6.0,35.0,208.0,494.0,623.0,4,1010.0
1.0,6.0,35.0,85.0,250.0,265.0,4,623.0
1.0,6.0,85.0,208.0,494.0,623.0,4,1010.0
1.0,6.0,85.0,250.0,494.0,623.0,4,1010.0
1.0,6.0,85.0,250.0,494.0,623.0,4,1010.0
1.0,6.0,85.0,250.0,494.0,623.0,4,1010.0
1.0,6.0,35.0,250.0,494.0,623.0,4,1010.0
1.0,4.0,290.0,487.0,589.0,616.0,4,646.0
1.0,4.0,81.0,290.0,487.0,589.0,4,646.0
1.0,4.0,3.0,46.0,81.0,290.0,4,589.0
1.0,4.0,81.0,290.0,487.0,589.0,4,616.0
1.0,4.0,290.0,487.0,589.0,616.0,4,646.0
1.0,4.0,81.0,290.0,487.0,616.0,4,646.0
1.0,4.0,46.0,81.0,290.0,589.0,4,646.0
1.0,4.0,46.0,81.0,290.0,589.0,4,646.0
1.0,4.0,46.0,81.0,487.0,589.0,4,646.0
1.0,4.0,290.0,487.0,589.0,616.0,4,646.0
1.0,4.0,81.0,290.0,487.0,589.0,4,646.0
1.0,4.0,81.0,290.0,646.0,947.0,4,992.0
1.0,4.0,81.0,290.0,646.0,947.0,4,992.0
1.0,4.0,3.0,46.0,616.0,947.0,4,992.0
1.0,4.0,3.0,46.0,616.0,947.0,4,992.0
1.0,4.0,3.0,46.0,290.0,616.0,4,947.0
1.0,4.0,290.0,487.0,589.0,616.0,4,646.0
1.0,4.0,290.0,487.0,589.0,616.0,4,646.0
1.0,4.0,46.0,81.0,646.0,947.0,4,992.0
1.0,4.0,46.0,589.0,646.0,947.0,4,992.0
1.0,4.0,46.0,81.0,290.0,616.0,4,646.0
1.0,4.0,81.0,487.0,589.0,947.0,4,992.0
1.0,4.0,81.0,487.0,589.0,646.0,4,947.0
1.0,4.0,487.0,589.0,616.0,646.0,4,947.0
1.0,4.0,290.0,589.0,616.0,646.0,4,947.0
1.0,4.0,46.0,81.0,616.0,646.0,4,947.0
1.0,4.0,81.0,290.0,589.0,646.0,4,947.0
1.0,4.0,81.0,290.0,589.0,616.0,4,947.0
1.0,4.0,81.0,290.0,487.0,616.0,4,646.0
1.0,4.0,46.0,487.0,616.0,947.0,4,992.0
1.0,4.0,46.0,81.0,290.0,487.0,4,616.0
1.0,4.0,290.0,487.0,616.0,646.0,4,947.0
1.0,4.0,46.0,81.0,290.0,646.0,4,947.0
1.0,4.0,3.0,81.0,251.0,947.0,4,992.0
1.0,26.0,40.0,41.0,824.0,874.0,4,1024.0
1.0,26.0,40.0,41.0,824.0,843.0,4,874.0
1.0,26.0,40.0,41.0,824.0,843.0,4,948.0
1.0,26.0,40.0,41.0,634.0,824.0,4,948.0
1.0,26.0,40.0,41.0,634.0,824.0,4,874.0
1.0,26.0,40.0,41.0,824.0,874.0,4,1024.0
1.0,26.0,40.0,41.0,634.0,874.0,4,948.0
1.0,26.0,40.0,41.0,634.0,874.0,4,948.0
1.0,26.0,40.0,454.0,582.0,634.0,4,948.0
1.0,4.0,487.0,589.0,616.0,646.0,4,992.0
1.0,4.0,46.0,81.0,487.0,589.0,4,646.0
1.0,4.0,46.0,81.0,158.0,487.0,4,947.0
1.0,4.0,46.0,81.0,158.0,947.0,4,992.0
1.0,4.0,487.0,589.0,616.0,646.0,4,992.0
1.0,4.0,46.0,487.0,589.0,616.0,4,646.0
1.0,4.0,46.0,487.0,589.0,616.0,4,646.0
1.0,4.0,589.0,616.0,646.0,947.0,4,992.0
1.0,6.0,35.0,213.0,494.0,623.0,4,1010.0
1.0,6.0,35.0,213.0,494.0,623.0,4,1010.0
1.0,6.0,35.0,213.0,265.0,1010.0,4,1039.0
1.0,6.0,35.0,85.0,213.0,623.0,4,1010.0
1.0,6.0,85.0,250.0,265.0,623.0,4,1039.0
1.0,6.0,85.0,250.0,265.0,623.0,4,1039.0
1.0,6.0,85.0,213.0,265.0,1010.0,4,1039.0
1.0,6.0,35.0,85.0,250.0,623.0,4,1010.0
1.0,16.0,165.0,200.0,558.0,677.0,4,917.0
1.0,16.0,165.0,298.0,558.0,677.0,4,832.0
1.0,16.0,165.0,200.0,298.0,677.0,4,832.0
1.0,16.0,165.0,298.0,558.0,677.0,4,832.0
1.0,16.0,165.0,495.0,558.0,832.0,4,917.0
1.0,16.0,457.0,495.0,558.0,832.0,4,917.0
1.0,16.0,200.0,457.0,558.0,677.0,4,917.0
1.0,16.0,200.0,298.0,457.0,558.0,4,677.0
1.0,4.0,3.0,81.0,158.0,947.0,4,992.0
1.0,4.0,3.0,46.0,81.0,158.0,4,947.0
1.0,4.0,3.0,46.0,81.0,158.0,4,947.0
1.0,4.0,3.0,46.0,81.0,158.0,4,947.0
1.0,4.0,46.0,81.0,158.0,487.0,4,646.0
1.0,4.0,46.0,81.0,158.0,487.0,4,646.0
1.0,4.0,46.0,81.0,158.0,487.0,4,646.0
1.0,4.0,487.0,589.0,616.0,646.0,4,992.0
1.0,4.0,487.0,589.0,616.0,646.0,4,992.0
1.0,4.0,487.0,589.0,616.0,646.0,4,992.0
1.0,4.0,487.0,589.0,616.0,646.0,4,992.0
1.0,17.0,47.0,149.0,262.0,708.0,4,809.0
1.0,17.0,149.0,211.0,262.0,708.0,4,809.0
1.0,17.0,149.0,211.0,262.0,809.0,4,857.0
1.0,17.0,97.0,262.0,708.0,709.0,4,809.0
1.0,17.0,79.0,97.0,413.0,709.0,4,809.0
1.0,16.0,54.0,200.0,457.0,898.0,4,996.0
1.0,16.0,31.0,54.0,285.0,457.0,4,996.0
1.0,16.0,285.0,457.0,832.0,898.0,4,996.0
1.0,16.0,54.0,165.0,200.0,285.0,4,898.0
1.0,16.0,165.0,285.0,832.0,898.0,4,996.0
1.0,16.0,165.0,285.0,832.0,898.0,4,996.0
1.0,26.0,40.0,41.0,824.0,874.0,4,1024.0
1.0,26.0,40.0,454.0,601.0,634.0,4,874.0
1.0,26.0,40.0,454.0,601.0,634.0,4,843.0
1.0,26.0,454.0,601.0,634.0,843.0,4,1024.0
1.0,26.0,40.0,41.0,454.0,843.0,4,1024.0
1.0,26.0,41.0,843.0,874.0,948.0,4,1024.0
1.0,26.0,40.0,41.0,824.0,874.0,4,1024.0
1.0,26.0,40.0,41.0,824.0,874.0,4,1024.0
1.0,26.0,40.0,454.0,601.0,634.0,4,843.0
1.0,26.0,40.0,454.0,601.0,634.0,4,843.0
1.0,26.0,454.0,601.0,634.0,843.0,4,948.0
1.0,26.0,454.0,601.0,634.0,843.0,4,948.0
1.0,16.0,31.0,296.0,457.0,832.0,4,996.0
1.0,16.0,31.0,296.0,457.0,832.0,4,996.0
1.0,16.0,31.0,200.0,457.0,832.0,4,996.0
1.0,16.0,31.0,54.0,296.0,457.0,4,832.0
1.0,16.0,54.0,165.0,296.0,898.0,4,996.0
1.0,16.0,31.0,296.0,457.0,832.0,4,996.0
1.0,16.0,31.0,200.0,457.0,832.0,4,996.0
1.0,16.0,24.0,31.0,200.0,457.0,4,832.0
1.0,16.0,31.0,200.0,457.0,832.0,4,996.0
1.0,17.0,47.0,148.0,708.0,730.0,4,1033.0
1.0,17.0,47.0,97.0,708.0,730.0,4,1033.0
1.0,17.0,97.0,413.0,730.0,857.0,4,1033.0
1.0,17.0,47.0,148.0,211.0,708.0,4,730.0
1.0,17.0,47.0,148.0,708.0,730.0,4,1033.0
1.0,17.0,47.0,148.0,708.0,730.0,4,1033.0
1.0,17.0,97.0,413.0,708.0,730.0,4,1033.0
1.0,6.0,290.0,616.0,623.0,876.0,4,1039.0
1.0,6.0,35.0,213.0,616.0,623.0,4,1039.0
1.0,6.0,35.0,208.0,213.0,265.0,4,623.0
1.0,6.0,35.0,208.0,213.0,265.0,4,623.0
1.0,6.0,35.0,208.0,213.0,265.0,4,290.0
1.0,6.0,35.0,208.0,213.0,265.0,4,290.0
1.0,6.0,35.0,213.0,616.0,623.0,4,1039.0
1.0,6.0,35.0,208.0,213.0,265.0,4,623.0
1.0,6.0,35.0,213.0,290.0,616.0,4,623.0
1.0,13.0,5.0,114.0,192.0,210.0,4,532.0
1.0,13.0,5.0,192.0,803.0,871.0,4,956.0
1.0,13.0,15.0,192.0,803.0,871.0,4,956.0
1.0,13.0,15.0,192.0,803.0,871.0,4,956.0
1.0,13.0,15.0,114.0,192.0,532.0,4,956.0
1.0,13.0,192.0,532.0,803.0,871.0,4,956.0
1.0,13.0,192.0,210.0,532.0,803.0,4,956.0
1.0,30.0,121.0,335.0,409.0,657.0,4,953.0
1.0,30.0,209.0,335.0,389.0,705.0,4,839.0
1.0,30.0,389.0,409.0,705.0,839.0,4,953.0
1.0,30.0,121.0,389.0,409.0,657.0,4,953.0
1.0,30.0,209.0,335.0,389.0,657.0,4,953.0
1.0,30.0,121.0,409.0,705.0,839.0,4,953.0
1.0,30.0,335.0,409.0,657.0,705.0,4,839.0
1.0,30.0,209.0,335.0,389.0,657.0,4,705.0
1.0,30.0,121.0,209.0,389.0,705.0,4,953.0
1.0,30.0,121.0,209.0,389.0,705.0,4,953.0
1.0,30.0,121.0,209.0,389.0,705.0,4,953.0
1.0,30.0,121.0,389.0,409.0,657.0,4,953.0
1.0,23.0,234.0,340.0,418.0,798.0,4,1036.0
1.0,23.0,234.0,418.0,440.0,740.0,4,1036.0
1.0,23.0,234.0,418.0,440.0,740.0,4,1036.0
1.0,23.0,234.0,418.0,440.0,740.0,4,1036.0
1.0,23.0,234.0,418.0,440.0,740.0,4,1036.0
1.0,23.0,234.0,340.0,418.0,798.0,4,1036.0
1.0,23.0,234.0,340.0,418.0,798.0,4,1036.0
1.0,23.0,234.0,340.0,418.0,827.0,4,1036.0
1.0,23.0,234.0,340.0,418.0,740.0,4,827.0
1.0,23.0,234.0,340.0,740.0,798.0,4,827.0
1.0,23.0,234.0,340.0,740.0,798.0,4,827.0
1.0,23.0,340.0,673.0,740.0,827.0,4,1027.0
1.0,18.0,14.0,590.0,811.0,866.0,4,886.0
1.0,18.0,14.0,191.0,590.0,681.0,4,811.0
1.0,18.0,166.0,191.0,365.0,681.0,4,886.0
1.0,18.0,14.0,590.0,811.0,866.0,4,886.0
1.0,18.0,14.0,590.0,811.0,866.0,4,886.0
1.0,18.0,14.0,191.0,590.0,811.0,4,886.0
1.0,18.0,14.0,590.0,811.0,866.0,4,886.0
1.0,11.0,274.0,638.0,806.0,895.0,4,968.0
1.0,11.0,94.0,638.0,717.0,925.0,4,968.0
1.0,11.0,94.0,638.0,647.0,717.0,4,968.0
1.0,11.0,274.0,647.0,806.0,895.0,4,968.0
1.0,11.0,274.0,638.0,806.0,895.0,4,968.0
1.0,11.0,274.0,638.0,806.0,895.0,4,968.0
1.0,11.0,173.0,717.0,806.0,895.0,4,968.0
1.0,11.0,173.0,717.0,806.0,895.0,4,968.0
1.0,6.0,85.0,250.0,623.0,876.0,4,1039.0
1.0,6.0,35.0,250.0,265.0,494.0,4,623.0
1.0,6.0,35.0,208.0,265.0,494.0,4,623.0
1.0,6.0,85.0,250.0,623.0,876.0,4,1039.0
1.0,6.0,85.0,250.0,623.0,876.0,4,1039.0
1.0,6.0,85.0,250.0,623.0,876.0,4,1039.0
1.0,6.0,35.0,85.0,250.0,265.0,4,623.0
1.0,6.0,35.0,250.0,265.0,494.0,4,623.0
1.0,6.0,208.0,494.0,623.0,1010.0,4,1039.0
1.0,6.0,85.0,250.0,265.0,623.0,4,1039.0
1.0,28.0,497.0,608.0,685.0,922.0,4,971.0
1.0,28.0,427.0,444.0,608.0,890.0,4,971.0
1.0,28.0,427.0,444.0,497.0,608.0,4,685.0
1.0,28.0,497.0,608.0,685.0,922.0,4,971.0
1.0,28.0,444.0,497.0,608.0,922.0,4,971.0
1.0,28.0,444.0,497.0,608.0,922.0,4,971.0
1.0,28.0,427.0,444.0,685.0,804.0,4,971.0
1.0,28.0,427.0,444.0,497.0,685.0,4,971.0
1.0,28.0,427.0,444.0,497.0,608.0,4,971.0
1.0,28.0,427.0,444.0,497.0,608.0,4,922.0
1.0,23.0,234.0,418.0,440.0,798.0,4,1036.0
1.0,23.0,234.0,418.0,798.0,1027.0,4,1036.0
1.0,23.0,234.0,340.0,740.0,827.0,4,1027.0
1.0,23.0,340.0,655.0,740.0,827.0,4,1027.0
1.0,23.0,340.0,673.0,740.0,827.0,4,1027.0
1.0,23.0,234.0,418.0,440.0,798.0,4,1036.0
1.0,23.0,234.0,418.0,440.0,798.0,4,1036.0
1.0,23.0,340.0,655.0,673.0,740.0,4,1027.0
1.0,23.0,340.0,673.0,740.0,827.0,4,1027.0
1.0,23.0,340.0,673.0,740.0,827.0,4,1027.0
1.0,23.0,340.0,673.0,740.0,827.0,4,1027.0
1.0,11.0,173.0,806.0,895.0,968.0,4,1031.0
1.0,11.0,638.0,718.0,895.0,968.0,4,1031.0
1.0,11.0,99.0,638.0,647.0,718.0,4,1031.0
1.0,11.0,99.0,647.0,718.0,895.0,4,1031.0
1.0,11.0,99.0,173.0,806.0,895.0,4,968.0
1.0,11.0,173.0,806.0,895.0,968.0,4,1031.0
1.0,11.0,173.0,638.0,806.0,895.0,4,968.0
1.0,11.0,99.0,647.0,718.0,895.0,4,1031.0
1.0,11.0,99.0,647.0,718.0,968.0,4,1031.0
1.0,11.0,99.0,806.0,895.0,968.0,4,1031.0
1.0,30.0,121.0,335.0,705.0,953.0,4,963.0
1.0,30.0,225.0,337.0,389.0,657.0,4,689.0
1.0,30.0,225.0,337.0,389.0,657.0,4,689.0
1.0,30.0,225.0,337.0,389.0,657.0,4,953.0
1.0,30.0,121.0,337.0,389.0,953.0,4,963.0
1.0,30.0,121.0,657.0,705.0,953.0,4,963.0
1.0,30.0,121.0,335.0,705.0,953.0,4,963.0
1.0,30.0,121.0,389.0,657.0,953.0,4,963.0
1.0,30.0,225.0,337.0,386.0,389.0,4,689.0
1.0,6.0,213.0,290.0,623.0,876.0,4,1039.0
1.0,6.0,208.0,265.0,390.0,623.0,4,1039.0
1.0,6.0,208.0,213.0,390.0,876.0,4,1039.0
1.0,6.0,213.0,290.0,623.0,876.0,4,1039.0
1.0,6.0,213.0,265.0,290.0,390.0,4,623.0
1.0,6.0,213.0,265.0,290.0,390.0,4,623.0
1.0,6.0,213.0,290.0,623.0,876.0,4,1039.0
1.0,17.0,148.0,149.0,211.0,730.0,4,857.0
1.0,17.0,148.0,149.0,211.0,730.0,4,857.0
1.0,17.0,47.0,262.0,708.0,730.0,4,1033.0
1.0,17.0,148.0,149.0,211.0,708.0,4,857.0
1.0,23.0,234.0,418.0,798.0,921.0,4,1036.0
1.0,23.0,307.0,418.0,798.0,921.0,4,1036.0
1.0,23.0,418.0,798.0,827.0,921.0,4,1036.0
1.0,23.0,418.0,798.0,827.0,921.0,4,1036.0
1.0,23.0,418.0,798.0,827.0,921.0,4,1036.0
1.0,23.0,307.0,340.0,418.0,798.0,4,827.0
1.0,23.0,307.0,340.0,418.0,798.0,4,827.0
1.0,23.0,307.0,340.0,418.0,798.0,4,1036.0
1.0,23.0,234.0,340.0,418.0,798.0,4,1036.0
1.0,23.0,234.0,340.0,418.0,798.0,4,1036.0
1.0,13.0,114.0,161.0,182.0,803.0,4,956.0
1.0,13.0,5.0,114.0,182.0,803.0,4,956.0
1.0,13.0,5.0,192.0,210.0,803.0,4,956.0
1.0,13.0,161.0,192.0,210.0,803.0,4,858.0
1.0,13.0,114.0,161.0,182.0,192.0,4,956.0
1.0,13.0,114.0,161.0,192.0,803.0,4,956.0
1.0,28.0,110.0,146.0,427.0,444.0,4,971.0
1.0,28.0,110.0,146.0,427.0,444.0,4,971.0
1.0,28.0,427.0,444.0,497.0,890.0,4,971.0
1.0,28.0,110.0,444.0,608.0,685.0,4,922.0
1.0,28.0,110.0,497.0,608.0,685.0,4,922.0
1.0,28.0,110.0,427.0,444.0,608.0,4,971.0
1.0,28.0,110.0,427.0,608.0,922.0,4,971.0
1.0,17.0,47.0,262.0,708.0,730.0,4,1033.0
1.0,17.0,47.0,262.0,708.0,730.0,4,1033.0
1.0,17.0,47.0,262.0,708.0,730.0,4,1033.0
1.0,17.0,47.0,262.0,708.0,730.0,4,1033.0
1.0,17.0,47.0,262.0,413.0,708.0,4,730.0
1.0,17.0,47.0,148.0,413.0,708.0,4,730.0
1.0,17.0,47.0,97.0,148.0,730.0,4,1033.0
1.0,6.0,35.0,213.0,290.0,616.0,4,623.0
1.0,6.0,35.0,265.0,390.0,616.0,4,623.0
1.0,6.0,35.0,213.0,290.0,623.0,4,876.0
1.0,6.0,213.0,290.0,616.0,623.0,4,1039.0
1.0,6.0,213.0,290.0,623.0,876.0,4,1039.0
1.0,6.0,35.0,265.0,390.0,616.0,4,623.0
1.0,6.0,35.0,213.0,265.0,623.0,4,1039.0
1.0,6.0,35.0,213.0,265.0,623.0,4,1039.0
1.0,6.0,35.0,213.0,265.0,623.0,4,1039.0
1.0,6.0,35.0,213.0,265.0,623.0,4,1039.0
1.0,6.0,35.0,213.0,265.0,623.0,4,1039.0
1.0,17.0,47.0,97.0,708.0,730.0,4,1033.0
1.0,17.0,47.0,148.0,149.0,730.0,4,857.0
1.0,17.0,47.0,148.0,708.0,730.0,4,1033.0
1.0,17.0,47.0,97.0,708.0,857.0,4,1033.0
1.0,17.0,47.0,149.0,708.0,730.0,4,857.0
1.0,16.0,165.0,296.0,677.0,832.0,4,996.0
1.0,16.0,200.0,296.0,298.0,641.0,4,677.0
1.0,16.0,165.0,200.0,298.0,641.0,4,996.0
1.0,16.0,165.0,296.0,677.0,832.0,4,996.0
1.0,16.0,165.0,200.0,296.0,832.0,4,996.0
1.0,26.0,40.0,41.0,824.0,874.0,4,1024.0
1.0,26.0,40.0,454.0,634.0,874.0,4,948.0
1.0,26.0,41.0,634.0,824.0,874.0,4,948.0
1.0,26.0,40.0,41.0,360.0,874.0,4,1024.0
1.0,26.0,40.0,41.0,824.0,874.0,4,1024.0
1.0,26.0,40.0,41.0,824.0,874.0,4,1024.0
1.0,26.0,40.0,454.0,634.0,948.0,4,1024.0
1.0,26.0,40.0,41.0,634.0,874.0,4,1024.0
1.0,17.0,47.0,97.0,730.0,857.0,4,1033.0
1.0,17.0,47.0,148.0,149.0,730.0,4,857.0
1.0,17.0,47.0,97.0,148.0,149.0,4,730.0
1.0,17.0,97.0,148.0,149.0,709.0,4,730.0
1.0,17.0,97.0,148.0,149.0,709.0,4,730.0
1.0,17.0,97.0,148.0,149.0,730.0,4,857.0
1.0,17.0,47.0,97.0,730.0,857.0,4,1033.0
1.0,17.0,47.0,97.0,148.0,730.0,4,857.0
1.0,17.0,97.0,148.0,709.0,730.0,4,1033.0
1.0,17.0,97.0,148.0,709.0,730.0,4,1033.0
1.0,17.0,97.0,148.0,709.0,730.0,4,1033.0
1.0,17.0,47.0,97.0,148.0,730.0,4,1033.0
1.0,26.0,40.0,41.0,824.0,874.0,4,1024.0
1.0,26.0,40.0,41.0,824.0,874.0,4,948.0
1.0,26.0,40.0,41.0,824.0,874.0,4,948.0
1.0,26.0,582.0,634.0,824.0,843.0,4,948.0
1.0,26.0,582.0,634.0,843.0,874.0,4,948.0
1.0,26.0,40.0,41.0,454.0,874.0,4,1024.0
1.0,26.0,40.0,41.0,824.0,874.0,4,1024.0
1.0,26.0,40.0,41.0,824.0,874.0,4,948.0
1.0,26.0,40.0,634.0,824.0,843.0,4,948.0
1.0,26.0,454.0,582.0,634.0,843.0,4,948.0
1.0,26.0,454.0,582.0,634.0,843.0,4,948.0
1.0,17.0,47.0,97.0,730.0,857.0,4,1033.0
1.0,17.0,148.0,149.0,211.0,262.0,4,730.0
1.0,17.0,47.0,97.0,730.0,857.0,4,1033.0
1.0,17.0,47.0,149.0,262.0,730.0,4,857.0
1.0,17.0,47.0,148.0,149.0,262.0,4,730.0
1.0,17.0,47.0,148.0,149.0,262.0,4,730.0
1.0,17.0,47.0,97.0,148.0,730.0,4,1033.0
1.0,17.0,97.0,148.0,708.0,709.0,4,1033.0
1.0,17.0,47.0,148.0,262.0,708.0,4,1033.0
1.0,17.0,47.0,148.0,149.0,262.0,4,708.0
1.0,17.0,149.0,262.0,708.0,709.0,4,857.0
1.0,17.0,148.0,149.0,262.0,709.0,4,857.0
1.0,17.0,148.0,149.0,262.0,709.0,4,857.0
1.0,17.0,47.0,148.0,708.0,857.0,4,1033.0
1.0,17.0,148.0,149.0,708.0,709.0,4,857.0
1.0,17.0,47.0,149.0,262.0,708.0,4,857.0
1.0,17.0,262.0,708.0,709.0,857.0,4,1033.0
1.0,17.0,148.0,709.0,730.0,857.0,4,1033.0
1.0,17.0,47.0,262.0,708.0,730.0,4,1033.0
1.0,17.0,47.0,97.0,262.0,708.0,4,730.0
1.0,17.0,47.0,262.0,708.0,730.0,4,1033.0
1.0,17.0,47.0,262.0,708.0,730.0,4,1033.0
1.0,17.0,47.0,149.0,262.0,708.0,4,730.0
1.0,17.0,47.0,149.0,262.0,708.0,4,730.0
1.0,17.0,47.0,148.0,730.0,857.0,4,1033.0
1.0,17.0,148.0,211.0,730.0,857.0,4,1033.0
1.0,17.0,47.0,149.0,262.0,708.0,4,730.0
1.0,17.0,47.0,149.0,262.0,708.0,4,730.0
1.0,17.0,47.0,148.0,149.0,262.0,4,730.0
1.0,17.0,47.0,97.0,148.0,149.0,4,708.0
1.0,17.0,47.0,149.0,262.0,708.0,4,730.0
1.0,17.0,47.0,149.0,262.0,708.0,4,730.0
1.0,17.0,47.0,97.0,148.0,708.0,4,857.0
1.0,17.0,47.0,149.0,262.0,708.0,4,857.0
1.0,17.0,97.0,148.0,149.0,708.0,4,709.0
1.0,17.0,79.0,97.0,148.0,262.0,4,709.0
1.0,17.0,47.0,97.0,148.0,262.0,4,708.0
1.0,17.0,148.0,149.0,262.0,709.0,4,857.0
1.0,17.0,97.0,148.0,262.0,709.0,4,857.0
1.0,17.0,47.0,148.0,149.0,262.0,4,708.0
1.0,17.0,148.0,149.0,262.0,708.0,4,709.0
1.0,17.0,47.0,149.0,262.0,708.0,4,857.0
1.0,17.0,47.0,149.0,262.0,708.0,4,857.0
1.0,17.0,47.0,148.0,149.0,262.0,4,708.0
1.0,17.0,79.0,148.0,149.0,708.0,4,709.0
1.0,17.0,79.0,148.0,413.0,709.0,4,809.0
1.0,17.0,149.0,211.0,262.0,708.0,4,730.0
1.0,17.0,149.0,211.0,262.0,708.0,4,730.0
1.0,17.0,148.0,708.0,709.0,857.0,4,1033.0
1.0,17.0,148.0,149.0,708.0,709.0,4,730.0
1.0,17.0,211.0,262.0,708.0,709.0,4,730.0
1.0,17.0,149.0,211.0,262.0,708.0,4,730.0
1.0,17.0,148.0,262.0,708.0,709.0,4,730.0
1.0,17.0,47.0,149.0,262.0,708.0,4,730.0
1.0,17.0,47.0,149.0,262.0,708.0,4,730.0
1.0,17.0,47.0,148.0,262.0,708.0,4,1033.0
1.0,17.0,148.0,211.0,262.0,708.0,4,1033.0
1.0,17.0,47.0,148.0,149.0,708.0,4,1033.0
1.0,17.0,47.0,149.0,262.0,708.0,4,730.0
1.0,17.0,47.0,149.0,262.0,708.0,4,730.0
1.0,17.0,47.0,262.0,708.0,730.0,4,1033.0
1.0,17.0,47.0,262.0,708.0,730.0,4,1033.0
1.0,17.0,47.0,262.0,708.0,730.0,4,1033.0
1.0,17.0,148.0,708.0,709.0,730.0,4,1033.0
1.0,17.0,47.0,262.0,708.0,730.0,4,1033.0
1.0,16.0,165.0,200.0,298.0,677.0,4,832.0
1.0,16.0,165.0,495.0,558.0,832.0,4,917.0
1.0,16.0,90.0,200.0,495.0,558.0,4,917.0
1.0,16.0,165.0,200.0,495.0,677.0,4,832.0
1.0,16.0,165.0,298.0,495.0,558.0,4,832.0
1.0,16.0,165.0,298.0,495.0,558.0,4,832.0
1.0,16.0,165.0,200.0,298.0,677.0,4,832.0
1.0,16.0,165.0,200.0,298.0,495.0,4,832.0
1.0,16.0,90.0,200.0,495.0,558.0,4,917.0
1.0,17.0,47.0,149.0,708.0,730.0,4,1033.0
1.0,17.0,149.0,708.0,709.0,730.0,4,1033.0
1.0,17.0,47.0,149.0,262.0,708.0,4,730.0
1.0,17.0,47.0,262.0,708.0,809.0,4,1033.0
1.0,17.0,97.0,708.0,709.0,809.0,4,1033.0
1.0,17.0,47.0,97.0,262.0,708.0,4,809.0
1.0,17.0,47.0,97.0,262.0,708.0,4,809.0
1.0,17.0,47.0,262.0,413.0,708.0,4,809.0
1.0,17.0,47.0,262.0,413.0,708.0,4,809.0
1.0,17.0,97.0,262.0,413.0,809.0,4,857.0
1.0,17.0,97.0,262.0,413.0,809.0,4,857.0
1.0,17.0,47.0,79.0,97.0,262.0,4,857.0
1.0,17.0,79.0,97.0,262.0,413.0,4,857.0
1.0,17.0,79.0,97.0,413.0,809.0,4,857.0
1.0,17.0,79.0,97.0,413.0,809.0,4,857.0
1.0,18.0,14.0,590.0,681.0,811.0,4,866.0
1.0,18.0,14.0,181.0,811.0,812.0,4,866.0
1.0,18.0,14.0,678.0,681.0,811.0,4,866.0
1.0,18.0,14.0,181.0,704.0,811.0,4,866.0
1.0,18.0,14.0,181.0,704.0,811.0,4,866.0
1.0,18.0,166.0,181.0,681.0,704.0,4,812.0
1.0,18.0,166.0,181.0,704.0,811.0,4,812.0
1.0,6.0,208.0,265.0,284.0,292.0,4,623.0
1.0,6.0,208.0,213.0,265.0,284.0,4,1039.0
1.0,6.0,213.0,292.0,616.0,623.0,4,1039.0
1.0,6.0,208.0,265.0,292.0,623.0,4,1039.0
1.0,6.0,208.0,265.0,284.0,292.0,4,623.0
1.0,6.0,208.0,265.0,284.0,292.0,4,623.0
1.0,6.0,208.0,265.0,292.0,623.0,4,1039.0
1.0,6.0,213.0,290.0,616.0,623.0,4,1039.0
1.0,6.0,213.0,290.0,616.0,623.0,4,1039.0
1.0,23.0,234.0,418.0,798.0,921.0,4,1036.0
1.0,23.0,234.0,740.0,827.0,921.0,4,1036.0
1.0,23.0,234.0,307.0,418.0,740.0,4,827.0
1.0,23.0,234.0,307.0,418.0,740.0,4,827.0
1.0,23.0,234.0,307.0,418.0,827.0,4,921.0
1.0,23.0,234.0,740.0,827.0,921.0,4,1036.0
1.0,23.0,307.0,418.0,798.0,921.0,4,1036.0
1.0,23.0,307.0,340.0,673.0,827.0,4,921.0
1.0,23.0,234.0,307.0,418.0,827.0,4,921.0
1.0,23.0,234.0,418.0,655.0,798.0,4,921.0
1.0,23.0,234.0,307.0,418.0,798.0,4,921.0
1.0,23.0,234.0,418.0,655.0,798.0,4,921.0
1.0,23.0,234.0,418.0,673.0,827.0,4,921.0
1.0,13.0,5.0,15.0,114.0,192.0,4,956.0
1.0,13.0,5.0,15.0,114.0,192.0,4,858.0
1.0,13.0,15.0,161.0,182.0,871.0,4,956.0
1.0,13.0,161.0,182.0,803.0,871.0,4,956.0
1.0,13.0,161.0,182.0,192.0,803.0,4,871.0
1.0,13.0,15.0,114.0,161.0,182.0,4,192.0
1.0,13.0,5.0,15.0,114.0,192.0,4,956.0
1.0,13.0,5.0,15.0,114.0,192.0,4,956.0
1.0,13.0,161.0,182.0,192.0,871.0,4,956.0
1.0,13.0,5.0,161.0,192.0,803.0,4,871.0
1.0,26.0,40.0,41.0,824.0,874.0,4,1024.0
1.0,26.0,40.0,41.0,824.0,874.0,4,1024.0
1.0,26.0,40.0,41.0,824.0,874.0,4,1024.0
1.0,26.0,40.0,41.0,454.0,874.0,4,1024.0
1.0,26.0,40.0,41.0,454.0,634.0,4,874.0
1.0,26.0,40.0,41.0,824.0,874.0,4,1024.0
1.0,26.0,40.0,41.0,454.0,824.0,4,1024.0
1.0,26.0,40.0,41.0,454.0,601.0,4,824.0
1.0,26.0,454.0,601.0,634.0,874.0,4,948.0
1.0,26.0,601.0,634.0,824.0,874.0,4,948.0
1.0,26.0,601.0,634.0,824.0,874.0,4,948.0
1.0,26.0,40.0,601.0,634.0,824.0,4,874.0
1.0,23.0,234.0,340.0,798.0,921.0,4,1036.0
1.0,23.0,234.0,340.0,418.0,740.0,4,798.0
1.0,23.0,234.0,340.0,418.0,740.0,4,798.0
1.0,23.0,234.0,307.0,418.0,440.0,4,798.0
1.0,23.0,234.0,307.0,418.0,440.0,4,798.0
1.0,23.0,307.0,340.0,418.0,440.0,4,1036.0
1.0,23.0,307.0,340.0,418.0,440.0,4,1036.0
1.0,23.0,307.0,340.0,418.0,740.0,4,1036.0
1.0,23.0,307.0,340.0,418.0,740.0,4,1036.0
1.0,23.0,307.0,340.0,418.0,798.0,4,1036.0
1.0,23.0,307.0,340.0,418.0,440.0,4,1036.0
1.0,23.0,234.0,340.0,418.0,798.0,4,1036.0
1.0,23.0,307.0,340.0,418.0,798.0,4,1036.0
1.0,23.0,234.0,418.0,440.0,798.0,4,1036.0
1.0,23.0,234.0,418.0,440.0,798.0,4,1036.0
1.0,23.0,234.0,340.0,418.0,655.0,4,798.0
1.0,23.0,234.0,340.0,418.0,655.0,4,798.0
1.0,23.0,234.0,340.0,418.0,655.0,4,798.0
1.0,23.0,307.0,340.0,418.0,798.0,4,1036.0
1.0,23.0,234.0,340.0,418.0,440.0,4,1036.0
1.0,23.0,234.0,418.0,440.0,740.0,4,1036.0
1.0,23.0,234.0,307.0,440.0,740.0,4,798.0
1.0,30.0,121.0,705.0,839.0,953.0,4,963.0
1.0,30.0,121.0,389.0,409.0,689.0,4,953.0
1.0,30.0,335.0,389.0,409.0,689.0,4,705.0
1.0,30.0,335.0,389.0,705.0,839.0,4,963.0
1.0,30.0,121.0,705.0,839.0,953.0,4,963.0
1.0,30.0,121.0,253.0,839.0,953.0,4,963.0
1.0,30.0,121.0,705.0,839.0,953.0,4,963.0
1.0,30.0,121.0,389.0,689.0,953.0,4,963.0
1.0,30.0,121.0,389.0,409.0,689.0,4,953.0
1.0,30.0,121.0,335.0,409.0,689.0,4,963.0
1.0,30.0,121.0,689.0,705.0,953.0,4,963.0
1.0,11.0,173.0,647.0,806.0,895.0,4,1031.0
1.0,11.0,173.0,274.0,647.0,806.0,4,895.0
1.0,11.0,1.0,99.0,173.0,274.0,4,806.0
1.0,11.0,1.0,99.0,173.0,274.0,4,806.0
1.0,11.0,1.0,99.0,274.0,638.0,4,895.0
1.0,11.0,1.0,99.0,638.0,895.0,4,1031.0
1.0,11.0,173.0,647.0,806.0,895.0,4,1031.0
1.0,11.0,173.0,647.0,806.0,895.0,4,1031.0
1.0,11.0,1.0,99.0,173.0,638.0,4,806.0
1.0,11.0,1.0,99.0,173.0,806.0,4,1031.0
1.0,11.0,1.0,173.0,806.0,895.0,4,1031.0
1.0,11.0,1.0,173.0,806.0,895.0,4,1031.0
1.0,23.0,234.0,418.0,740.0,921.0,4,1036.0
1.0,23.0,234.0,418.0,740.0,921.0,4,1036.0
1.0,23.0,234.0,307.0,440.0,740.0,4,921.0
1.0,23.0,234.0,307.0,418.0,440.0,4,740.0
1.0,23.0,234.0,418.0,740.0,921.0,4,1036.0
1.0,23.0,307.0,418.0,655.0,798.0,4,921.0
1.0,23.0,234.0,307.0,418.0,798.0,4,921.0
1.0,16.0,285.0,296.0,457.0,898.0,4,996.0
1.0,16.0,24.0,285.0,296.0,457.0,4,996.0
1.0,16.0,296.0,457.0,677.0,832.0,4,996.0
1.0,16.0,285.0,296.0,457.0,677.0,4,996.0
1.0,16.0,165.0,285.0,296.0,898.0,4,996.0
1.0,23.0,307.0,418.0,673.0,798.0,4,1036.0
1.0,23.0,234.0,418.0,740.0,798.0,4,1036.0
1.0,23.0,234.0,418.0,440.0,740.0,4,827.0
1.0,23.0,234.0,418.0,440.0,740.0,4,827.0
1.0,23.0,234.0,418.0,440.0,740.0,4,827.0
1.0,23.0,307.0,418.0,673.0,798.0,4,1036.0
1.0,23.0,234.0,418.0,740.0,798.0,4,1036.0
1.0,23.0,234.0,440.0,740.0,798.0,4,1036.0
1.0,23.0,234.0,418.0,740.0,798.0,4,1036.0
1.0,28.0,110.0,497.0,608.0,685.0,4,922.0
1.0,28.0,110.0,146.0,444.0,685.0,4,971.0
1.0,28.0,110.0,608.0,685.0,922.0,4,971.0
1.0,28.0,110.0,497.0,608.0,685.0,4,922.0
1.0,28.0,110.0,444.0,608.0,922.0,4,971.0
1.0,28.0,110.0,444.0,497.0,608.0,4,971.0
1.0,23.0,234.0,340.0,418.0,798.0,4,1036.0
1.0,23.0,234.0,340.0,418.0,798.0,4,1036.0
1.0,23.0,234.0,307.0,440.0,673.0,4,827.0
1.0,23.0,234.0,307.0,440.0,673.0,4,827.0
1.0,23.0,234.0,307.0,440.0,673.0,4,827.0
1.0,23.0,234.0,307.0,418.0,798.0,4,827.0
1.0,23.0,234.0,418.0,440.0,673.0,4,1036.0
1.0,23.0,418.0,440.0,673.0,827.0,4,1036.0
1.0,23.0,234.0,307.0,340.0,418.0,4,673.0
1.0,23.0,307.0,340.0,418.0,827.0,4,1036.0
1.0,23.0,307.0,340.0,418.0,827.0,4,1036.0
1.0,23.0,307.0,340.0,418.0,827.0,4,1036.0
1.0,23.0,307.0,340.0,418.0,1027.0,4,1036.0
1.0,23.0,234.0,307.0,340.0,418.0,4,827.0
1.0,23.0,234.0,340.0,418.0,440.0,4,827.0
1.0,23.0,234.0,340.0,440.0,673.0,4,1036.0
1.0,23.0,234.0,418.0,440.0,673.0,4,1036.0
1.0,23.0,234.0,418.0,440.0,673.0,4,1036.0
1.0,23.0,234.0,307.0,418.0,440.0,4,827.0
1.0,26.0,40.0,41.0,824.0,874.0,4,1024.0
1.0,26.0,40.0,41.0,824.0,874.0,4,948.0
1.0,26.0,40.0,454.0,634.0,843.0,4,948.0
1.0,26.0,454.0,582.0,634.0,843.0,4,948.0
1.0,26.0,41.0,634.0,824.0,843.0,4,874.0
1.0,26.0,40.0,41.0,129.0,824.0,4,1024.0
1.0,26.0,40.0,41.0,129.0,634.0,4,824.0
1.0,26.0,40.0,41.0,824.0,874.0,4,1024.0
1.0,26.0,40.0,41.0,824.0,874.0,4,1024.0
1.0,26.0,40.0,41.0,454.0,874.0,4,948.0
1.0,26.0,40.0,41.0,454.0,843.0,4,948.0
1.0,26.0,360.0,454.0,634.0,843.0,4,948.0
1.0,23.0,234.0,307.0,440.0,740.0,4,1027.0
1.0,23.0,307.0,418.0,655.0,798.0,4,1027.0
1.0,23.0,234.0,307.0,418.0,798.0,4,1027.0
1.0,23.0,234.0,307.0,418.0,740.0,4,1027.0
1.0,23.0,307.0,440.0,740.0,798.0,4,1027.0
1.0,23.0,234.0,340.0,440.0,740.0,4,827.0
1.0,23.0,340.0,440.0,740.0,798.0,4,827.0
1.0,23.0,234.0,340.0,440.0,740.0,4,798.0
1.0,23.0,234.0,340.0,440.0,740.0,4,798.0
1.0,23.0,340.0,740.0,798.0,827.0,4,1027.0
1.0,23.0,234.0,340.0,740.0,798.0,4,1027.0
1.0,16.0,200.0,457.0,677.0,832.0,4,902.0
1.0,16.0,200.0,457.0,677.0,832.0,4,902.0
1.0,16.0,24.0,200.0,457.0,832.0,4,902.0
1.0,16.0,24.0,95.0,165.0,677.0,4,832.0
1.0,16.0,95.0,165.0,200.0,677.0,4,902.0
1.0,18.0,14.0,590.0,681.0,811.0,4,866.0
1.0,18.0,14.0,181.0,681.0,811.0,4,866.0
1.0,18.0,14.0,181.0,811.0,812.0,4,866.0
1.0,18.0,14.0,191.0,590.0,811.0,4,812.0
1.0,18.0,14.0,590.0,811.0,812.0,4,866.0
1.0,18.0,14.0,590.0,681.0,811.0,4,866.0
1.0,18.0,14.0,590.0,811.0,812.0,4,866.0
1.0,18.0,181.0,191.0,681.0,812.0,4,866.0
1.0,18.0,166.0,181.0,191.0,681.0,4,812.0
1.0,23.0,340.0,418.0,655.0,673.0,4,827.0
1.0,23.0,418.0,440.0,655.0,673.0,4,1036.0
1.0,23.0,418.0,440.0,655.0,673.0,4,1036.0
1.0,23.0,234.0,418.0,440.0,673.0,4,1036.0
1.0,23.0,234.0,418.0,655.0,673.0,4,1027.0
1.0,23.0,234.0,418.0,655.0,673.0,4,1027.0
1.0,23.0,234.0,418.0,440.0,673.0,4,1027.0
1.0,23.0,234.0,418.0,440.0,1027.0,4,1036.0
1.0,23.0,340.0,673.0,810.0,827.0,4,1027.0
1.0,23.0,340.0,418.0,673.0,810.0,4,827.0
1.0,23.0,340.0,418.0,673.0,810.0,4,827.0
1.0,23.0,340.0,418.0,673.0,810.0,4,827.0
1.0,23.0,234.0,340.0,418.0,440.0,4,1027.0
1.0,23.0,234.0,340.0,418.0,827.0,4,1027.0
1.0,23.0,234.0,340.0,418.0,810.0,4,827.0
1.0,23.0,234.0,340.0,418.0,827.0,4,1027.0
1.0,11.0,173.0,806.0,895.0,968.0,4,1031.0
1.0,11.0,173.0,806.0,895.0,968.0,4,1031.0
1.0,11.0,99.0,638.0,718.0,968.0,4,1031.0
1.0,11.0,99.0,638.0,647.0,718.0,4,1031.0
1.0,11.0,99.0,173.0,638.0,647.0,4,718.0
1.0,11.0,99.0,638.0,806.0,895.0,4,968.0
1.0,11.0,173.0,638.0,806.0,895.0,4,968.0
1.0,11.0,173.0,638.0,806.0,895.0,4,968.0
1.0,11.0,99.0,638.0,647.0,718.0,4,1031.0
1.0,11.0,173.0,806.0,895.0,968.0,4,1031.0
1.0,11.0,638.0,806.0,895.0,968.0,4,1031.0
1.0,11.0,638.0,806.0,895.0,968.0,4,1031.0
1.0,11.0,99.0,173.0,647.0,718.0,4,1031.0
1.0,11.0,99.0,173.0,718.0,895.0,4,968.0
1.0,11.0,99.0,806.0,895.0,968.0,4,1031.0
1.0,11.0,99.0,638.0,718.0,895.0,4,968.0
1.0,11.0,99.0,647.0,718.0,895.0,4,1031.0
1.0,11.0,99.0,647.0,718.0,895.0,4,1031.0
1.0,11.0,99.0,718.0,895.0,968.0,4,1031.0
1.0,30.0,121.0,337.0,705.0,953.0,4,963.0
1.0,30.0,113.0,657.0,705.0,953.0,4,963.0
1.0,30.0,121.0,335.0,705.0,953.0,4,963.0
1.0,30.0,121.0,335.0,409.0,657.0,4,953.0
1.0,30.0,121.0,335.0,337.0,409.0,4,657.0
1.0,30.0,113.0,657.0,705.0,953.0,4,963.0
1.0,16.0,296.0,457.0,832.0,898.0,4,996.0
1.0,16.0,31.0,296.0,457.0,832.0,4,996.0
1.0,16.0,31.0,54.0,457.0,832.0,4,996.0
1.0,16.0,31.0,54.0,296.0,457.0,4,996.0
1.0,16.0,31.0,54.0,296.0,457.0,4,996.0
1.0,16.0,54.0,296.0,457.0,898.0,4,996.0
1.0,16.0,296.0,457.0,832.0,898.0,4,996.0
1.0,13.0,5.0,182.0,192.0,210.0,4,956.0
1.0,13.0,161.0,182.0,192.0,210.0,4,956.0
1.0,13.0,114.0,161.0,182.0,192.0,4,956.0
1.0,13.0,161.0,182.0,210.0,858.0,4,956.0
1.0,26.0,40.0,41.0,824.0,874.0,4,1024.0
1.0,26.0,40.0,41.0,824.0,874.0,4,1024.0
1.0,26.0,40.0,41.0,454.0,601.0,4,874.0
1.0,26.0,40.0,129.0,454.0,582.0,4,601.0
1.0,26.0,40.0,454.0,582.0,843.0,4,948.0
1.0,26.0,40.0,41.0,843.0,874.0,4,1024.0
1.0,26.0,41.0,601.0,874.0,948.0,4,1024.0
1.0,26.0,40.0,41.0,824.0,874.0,4,1024.0
1.0,26.0,40.0,41.0,824.0,874.0,4,1024.0
1.0,26.0,40.0,41.0,824.0,874.0,4,1024.0
1.0,26.0,40.0,41.0,582.0,601.0,4,874.0
1.0,11.0,173.0,647.0,806.0,895.0,4,1031.0
1.0,11.0,173.0,647.0,806.0,895.0,4,1031.0
1.0,11.0,638.0,647.0,806.0,895.0,4,1031.0
1.0,11.0,638.0,718.0,806.0,895.0,4,1031.0
1.0,11.0,132.0,638.0,718.0,806.0,4,895.0
1.0,11.0,132.0,638.0,718.0,806.0,4,895.0
1.0,11.0,1.0,132.0,638.0,718.0,4,806.0
1.0,11.0,1.0,132.0,638.0,718.0,4,806.0
1.0,11.0,1.0,173.0,647.0,895.0,4,1031.0
1.0,11.0,1.0,132.0,590.0,718.0,4,925.0
1.0,11.0,173.0,647.0,806.0,895.0,4,1031.0
1.0,11.0,1.0,99.0,638.0,895.0,4,1031.0
1.0,11.0,1.0,99.0,132.0,638.0,4,647.0
1.0,11.0,99.0,132.0,647.0,806.0,4,1031.0
1.0,11.0,99.0,647.0,806.0,895.0,4,1031.0
1.0,11.0,99.0,647.0,806.0,895.0,4,1031.0
1.0,11.0,173.0,647.0,806.0,895.0,4,1031.0
1.0,11.0,638.0,647.0,806.0,895.0,4,1031.0
1.0,11.0,638.0,647.0,806.0,895.0,4,1031.0
1.0,11.0,638.0,806.0,895.0,968.0,4,1031.0
1.0,11.0,638.0,806.0,895.0,968.0,4,1031.0
1.0,11.0,1.0,132.0,647.0,895.0,4,1031.0
1.0,11.0,1.0,132.0,647.0,895.0,4,1031.0
1.0,11.0,99.0,647.0,806.0,895.0,4,1031.0
1.0,11.0,99.0,806.0,895.0,968.0,4,1031.0
1.0,11.0,99.0,806.0,895.0,968.0,4,1031.0
1.0,11.0,173.0,806.0,895.0,968.0,4,1031.0
1.0,11.0,638.0,806.0,895.0,968.0,4,1031.0
1.0,11.0,1.0,132.0,638.0,895.0,4,968.0
1.0,28.0,110.0,497.0,608.0,685.0,4,922.0
1.0,28.0,110.0,146.0,497.0,685.0,4,922.0
1.0,28.0,110.0,146.0,497.0,685.0,4,922.0
1.0,28.0,110.0,427.0,497.0,608.0,4,922.0
1.0,28.0,146.0,427.0,444.0,890.0,4,971.0
1.0,28.0,110.0,146.0,427.0,444.0,4,971.0
1.0,18.0,14.0,191.0,811.0,812.0,4,866.0
1.0,18.0,65.0,181.0,191.0,811.0,4,812.0
1.0,18.0,14.0,65.0,181.0,812.0,4,886.0
1.0,18.0,14.0,65.0,681.0,866.0,4,886.0
1.0,18.0,14.0,65.0,681.0,812.0,4,886.0
1.0,18.0,14.0,681.0,704.0,866.0,4,886.0
1.0,18.0,65.0,191.0,812.0,866.0,4,886.0
1.0,18.0,14.0,191.0,812.0,866.0,4,886.0
1.0,11.0,638.0,806.0,895.0,968.0,4,1031.0
1.0,11.0,638.0,806.0,895.0,968.0,4,1031.0
1.0,11.0,99.0,132.0,638.0,806.0,4,895.0
1.0,11.0,1.0,99.0,132.0,173.0,4,968.0
1.0,11.0,99.0,638.0,806.0,895.0,4,1031.0
1.0,11.0,638.0,806.0,895.0,968.0,4,1031.0
1.0,11.0,99.0,638.0,806.0,895.0,4,1031.0
1.0,11.0,99.0,806.0,895.0,968.0,4,1031.0
1.0,11.0,638.0,806.0,895.0,968.0,4,1031.0
1.0,11.0,638.0,806.0,895.0,968.0,4,1031.0
1.0,11.0,99.0,638.0,806.0,895.0,4,1031.0
1.0,11.0,638.0,806.0,895.0,968.0,4,1031.0
1.0,11.0,638.0,806.0,895.0,968.0,4,1031.0
1.0,11.0,132.0,806.0,895.0,968.0,4,1031.0
1.0,11.0,99.0,132.0,638.0,806.0,4,968.0
1.0,11.0,99.0,132.0,638.0,806.0,4,968.0
1.0,11.0,99.0,806.0,895.0,968.0,4,1031.0
1.0,6.0,290.0,390.0,616.0,623.0,4,1039.0
1.0,6.0,208.0,213.0,265.0,290.0,4,1039.0
1.0,6.0,290.0,390.0,616.0,623.0,4,1039.0
1.0,6.0,213.0,284.0,616.0,623.0,4,1039.0
1.0,6.0,213.0,284.0,290.0,616.0,4,623.0
1.0,11.0,638.0,806.0,895.0,968.0,4,1031.0
1.0,11.0,638.0,806.0,895.0,968.0,4,1031.0
1.0,11.0,638.0,806.0,895.0,968.0,4,1031.0
1.0,11.0,132.0,638.0,647.0,806.0,4,968.0
1.0,11.0,1.0,132.0,638.0,647.0,4,968.0
1.0,11.0,1.0,132.0,895.0,925.0,4,1031.0
1.0,11.0,638.0,806.0,895.0,968.0,4,1031.0
1.0,11.0,132.0,647.0,895.0,968.0,4,1031.0
1.0,11.0,132.0,647.0,806.0,968.0,4,1031.0
1.0,11.0,132.0,806.0,895.0,968.0,4,1031.0
1.0,11.0,274.0,638.0,806.0,895.0,4,968.0
1.0,11.0,94.0,173.0,638.0,925.0,4,968.0
1.0,11.0,94.0,173.0,717.0,895.0,4,925.0
1.0,11.0,173.0,647.0,717.0,806.0,4,895.0
1.0,11.0,173.0,647.0,717.0,806.0,4,895.0
1.0,11.0,173.0,638.0,806.0,895.0,4,968.0
1.0,11.0,638.0,717.0,806.0,895.0,4,968.0
1.0,11.0,274.0,638.0,806.0,895.0,4,968.0
1.0,11.0,173.0,638.0,806.0,895.0,4,968.0
1.0,11.0,173.0,638.0,806.0,895.0,4,968.0
1.0,11.0,94.0,638.0,717.0,895.0,4,925.0
1.0,11.0,1.0,550.0,647.0,717.0,4,925.0
1.0,11.0,274.0,638.0,806.0,895.0,4,968.0
1.0,11.0,173.0,638.0,806.0,895.0,4,968.0
1.0,11.0,94.0,132.0,173.0,647.0,4,895.0
1.0,11.0,94.0,132.0,173.0,647.0,4,895.0
1.0,11.0,274.0,638.0,806.0,895.0,4,968.0
1.0,11.0,274.0,638.0,806.0,895.0,4,968.0
1.0,11.0,173.0,638.0,806.0,895.0,4,968.0
1.0,11.0,94.0,132.0,173.0,647.0,4,968.0
1.0,11.0,173.0,638.0,806.0,895.0,4,968.0
1.0,30.0,121.0,335.0,705.0,953.0,4,963.0
1.0,30.0,121.0,598.0,657.0,953.0,4,963.0
1.0,30.0,335.0,389.0,598.0,657.0,4,963.0
1.0,30.0,121.0,409.0,598.0,657.0,4,705.0
1.0,30.0,121.0,389.0,705.0,953.0,4,963.0
1.0,30.0,121.0,657.0,705.0,953.0,4,963.0
1.0,30.0,121.0,657.0,705.0,953.0,4,963.0
1.0,30.0,121.0,335.0,705.0,953.0,4,963.0
1.0,30.0,121.0,598.0,657.0,953.0,4,963.0
1.0,30.0,335.0,409.0,598.0,657.0,4,705.0
1.0,30.0,121.0,335.0,689.0,705.0,4,963.0
1.0,28.0,146.0,427.0,608.0,922.0,4,971.0
1.0,28.0,444.0,497.0,608.0,922.0,4,971.0
1.0,28.0,444.0,497.0,608.0,922.0,4,971.0
1.0,28.0,146.0,427.0,444.0,608.0,4,971.0
1.0,28.0,444.0,497.0,608.0,922.0,4,971.0
1.0,28.0,146.0,444.0,608.0,922.0,4,971.0
1.0,13.0,15.0,114.0,192.0,315.0,4,532.0
1.0,13.0,15.0,192.0,210.0,532.0,4,751.0
1.0,13.0,192.0,210.0,315.0,532.0,4,907.0
1.0,13.0,114.0,192.0,315.0,532.0,4,803.0
1.0,13.0,15.0,114.0,192.0,315.0,4,532.0
1.0,13.0,15.0,114.0,192.0,315.0,4,532.0
1.0,13.0,114.0,192.0,315.0,532.0,4,907.0
1.0,13.0,15.0,192.0,210.0,532.0,4,907.0
1.0,11.0,94.0,274.0,638.0,895.0,4,968.0
1.0,11.0,94.0,274.0,638.0,895.0,4,968.0
1.0,11.0,94.0,132.0,638.0,895.0,4,968.0
1.0,11.0,94.0,173.0,895.0,925.0,4,968.0
1.0,11.0,94.0,274.0,638.0,895.0,4,968.0
1.0,11.0,1.0,173.0,638.0,925.0,4,968.0
1.0,11.0,1.0,173.0,647.0,895.0,4,925.0
1.0,11.0,1.0,173.0,647.0,717.0,4,925.0
1.0,11.0,1.0,132.0,647.0,717.0,4,925.0
1.0,26.0,40.0,41.0,824.0,874.0,4,1024.0
1.0,26.0,40.0,601.0,634.0,843.0,4,874.0
1.0,26.0,40.0,454.0,601.0,634.0,4,843.0
1.0,26.0,41.0,601.0,843.0,874.0,4,1024.0
1.0,26.0,40.0,41.0,824.0,874.0,4,1024.0
1.0,26.0,40.0,41.0,454.0,601.0,4,874.0
1.0,26.0,129.0,454.0,601.0,634.0,4,843.0
1.0,26.0,40.0,41.0,601.0,843.0,4,874.0
1.0,26.0,40.0,41.0,634.0,824.0,4,1024.0
1.0,26.0,40.0,41.0,634.0,824.0,4,1024.0
1.0,26.0,40.0,41.0,582.0,824.0,4,1024.0
1.0,26.0,40.0,454.0,582.0,633.0,4,634.0
1.0,26.0,40.0,454.0,582.0,633.0,4,634.0
1.0,26.0,454.0,582.0,634.0,843.0,4,948.0
1.0,26.0,454.0,582.0,634.0,843.0,4,948.0
1.0,26.0,40.0,454.0,582.0,634.0,4,948.0
1.0,26.0,40.0,454.0,582.0,634.0,4,948.0
1.0,26.0,40.0,454.0,634.0,948.0,4,1024.0
1.0,26.0,40.0,41.0,824.0,874.0,4,1024.0
1.0,26.0,40.0,41.0,454.0,874.0,4,1024.0
1.0,26.0,40.0,41.0,824.0,874.0,4,1024.0
1.0,26.0,40.0,634.0,824.0,874.0,4,1024.0
1.0,26.0,40.0,454.0,601.0,634.0,4,948.0
1.0,26.0,40.0,41.0,601.0,874.0,4,1024.0
1.0,6.0,290.0,323.0,623.0,876.0,4,1039.0
1.0,6.0,35.0,290.0,616.0,623.0,4,897.0
1.0,6.0,35.0,290.0,616.0,623.0,4,876.0
1.0,6.0,35.0,290.0,616.0,623.0,4,876.0
1.0,6.0,290.0,323.0,623.0,876.0,4,1039.0
1.0,6.0,290.0,323.0,623.0,876.0,4,1039.0
1.0,6.0,290.0,616.0,623.0,897.0,4,1039.0
1.0,6.0,35.0,290.0,616.0,623.0,4,897.0
1.0,6.0,35.0,390.0,616.0,623.0,4,897.0
1.0,6.0,35.0,208.0,616.0,623.0,4,1039.0
1.0,6.0,290.0,616.0,623.0,897.0,4,1039.0
1.0,26.0,40.0,41.0,824.0,843.0,4,874.0
1.0,26.0,40.0,41.0,129.0,824.0,4,843.0
1.0,26.0,40.0,41.0,129.0,601.0,4,824.0
1.0,26.0,40.0,41.0,129.0,454.0,4,601.0
1.0,26.0,40.0,129.0,454.0,601.0,4,634.0
1.0,26.0,40.0,41.0,454.0,634.0,4,874.0
1.0,26.0,40.0,41.0,454.0,634.0,4,824.0
1.0,26.0,40.0,41.0,824.0,843.0,4,874.0
1.0,26.0,40.0,129.0,454.0,601.0,4,634.0
1.0,26.0,40.0,41.0,601.0,634.0,4,874.0
1.0,26.0,40.0,41.0,601.0,634.0,4,874.0
1.0,26.0,40.0,41.0,601.0,634.0,4,874.0
1.0,28.0,110.0,497.0,608.0,685.0,4,922.0
1.0,28.0,146.0,427.0,444.0,890.0,4,971.0
1.0,28.0,110.0,497.0,608.0,685.0,4,922.0
1.0,28.0,110.0,146.0,608.0,685.0,4,922.0
1.0,28.0,146.0,427.0,444.0,922.0,4,971.0
1.0,28.0,110.0,146.0,427.0,444.0,4,971.0
1.0,28.0,110.0,146.0,427.0,444.0,4,971.0
1.0,28.0,110.0,146.0,427.0,444.0,4,971.0
1.0,28.0,110.0,146.0,427.0,444.0,4,971.0
1.0,28.0,110.0,146.0,427.0,444.0,4,971.0
1.0,28.0,146.0,427.0,444.0,531.0,4,890.0
1.0,30.0,337.0,657.0,705.0,839.0,4,963.0
1.0,30.0,337.0,389.0,409.0,657.0,4,839.0
1.0,30.0,121.0,335.0,389.0,409.0,4,953.0
1.0,30.0,121.0,335.0,389.0,409.0,4,953.0
1.0,30.0,121.0,335.0,705.0,953.0,4,963.0
1.0,30.0,121.0,335.0,705.0,953.0,4,963.0
1.0,30.0,121.0,689.0,705.0,953.0,4,963.0
1.0,30.0,121.0,389.0,657.0,953.0,4,963.0
1.0,30.0,121.0,389.0,657.0,953.0,4,963.0
1.0,30.0,121.0,657.0,705.0,953.0,4,963.0
1.0,26.0,40.0,41.0,634.0,843.0,4,874.0
1.0,26.0,40.0,41.0,634.0,843.0,4,874.0
1.0,26.0,40.0,41.0,634.0,824.0,4,843.0
1.0,26.0,40.0,41.0,454.0,874.0,4,1024.0
1.0,26.0,40.0,41.0,874.0,948.0,4,1024.0
1.0,26.0,41.0,634.0,824.0,843.0,4,948.0
1.0,26.0,41.0,634.0,824.0,843.0,4,948.0
1.0,26.0,41.0,634.0,824.0,843.0,4,948.0
1.0,26.0,40.0,41.0,824.0,948.0,4,1024.0
1.0,26.0,40.0,41.0,454.0,634.0,4,948.0
1.0,26.0,40.0,41.0,874.0,948.0,4,1024.0
1.0,26.0,454.0,582.0,634.0,824.0,4,843.0
1.0,26.0,454.0,582.0,634.0,824.0,4,843.0
1.0,26.0,40.0,41.0,634.0,843.0,4,874.0
1.0,26.0,40.0,41.0,634.0,874.0,4,1024.0
1.0,26.0,40.0,41.0,843.0,874.0,4,1024.0
1.0,26.0,40.0,41.0,843.0,874.0,4,1024.0
1.0,26.0,40.0,582.0,634.0,824.0,4,948.0
1.0,26.0,40.0,41.0,874.0,948.0,4,1024.0
1.0,26.0,360.0,454.0,634.0,843.0,4,948.0
1.0,18.0,14.0,181.0,811.0,866.0,4,886.0
1.0,18.0,14.0,65.0,181.0,811.0,4,886.0
1.0,18.0,65.0,191.0,681.0,811.0,4,812.0
1.0,18.0,14.0,191.0,681.0,812.0,4,886.0
1.0,18.0,14.0,191.0,681.0,812.0,4,886.0
1.0,18.0,14.0,181.0,811.0,866.0,4,886.0
1.0,18.0,14.0,681.0,812.0,866.0,4,886.0
1.0,18.0,14.0,191.0,681.0,812.0,4,886.0
1.0,18.0,191.0,681.0,811.0,812.0,4,866.0
1.0,18.0,191.0,681.0,811.0,812.0,4,866.0
1.0,16.0,285.0,296.0,457.0,677.0,4,902.0
1.0,16.0,285.0,296.0,664.0,677.0,4,902.0
1.0,16.0,285.0,664.0,677.0,832.0,4,996.0
1.0,16.0,24.0,296.0,664.0,832.0,4,996.0
1.0,16.0,285.0,296.0,457.0,677.0,4,902.0
1.0,16.0,285.0,296.0,664.0,677.0,4,996.0
1.0,16.0,296.0,457.0,832.0,902.0,4,996.0
1.0,16.0,457.0,664.0,832.0,902.0,4,996.0
1.0,16.0,457.0,664.0,832.0,902.0,4,996.0
1.0,16.0,296.0,457.0,832.0,902.0,4,996.0
1.0,13.0,15.0,114.0,161.0,182.0,4,803.0
1.0,13.0,161.0,182.0,192.0,210.0,4,803.0
1.0,26.0,40.0,41.0,454.0,874.0,4,948.0
1.0,26.0,40.0,41.0,454.0,843.0,4,948.0
1.0,26.0,40.0,454.0,634.0,843.0,4,948.0
1.0,26.0,41.0,634.0,843.0,874.0,4,948.0
1.0,26.0,40.0,41.0,824.0,874.0,4,1024.0
1.0,26.0,40.0,41.0,824.0,874.0,4,1024.0
1.0,26.0,40.0,41.0,824.0,843.0,4,874.0
1.0,26.0,41.0,634.0,843.0,874.0,4,948.0
1.0,26.0,40.0,41.0,824.0,874.0,4,1024.0
1.0,26.0,40.0,41.0,454.0,843.0,4,874.0
1.0,26.0,40.0,634.0,843.0,874.0,4,948.0
1.0,26.0,41.0,454.0,634.0,843.0,4,948.0
1.0,26.0,40.0,41.0,634.0,874.0,4,948.0
1.0,26.0,40.0,41.0,874.0,948.0,4,1024.0
1.0,26.0,40.0,41.0,874.0,948.0,4,1024.0
1.0,26.0,40.0,634.0,843.0,874.0,4,948.0
1.0,26.0,40.0,41.0,634.0,874.0,4,948.0
1.0,6.0,213.0,250.0,292.0,494.0,4,623.0
1.0,6.0,213.0,250.0,292.0,494.0,4,623.0
1.0,6.0,213.0,250.0,265.0,494.0,4,1039.0
1.0,6.0,35.0,250.0,265.0,494.0,4,623.0
1.0,6.0,35.0,250.0,265.0,494.0,4,623.0
1.0,6.0,35.0,250.0,265.0,623.0,4,1039.0
1.0,6.0,250.0,265.0,494.0,623.0,4,1039.0
1.0,6.0,213.0,250.0,494.0,623.0,4,1010.0
1.0,6.0,208.0,265.0,494.0,623.0,4,1010.0
1.0,6.0,35.0,208.0,265.0,494.0,4,623.0
1.0,6.0,35.0,250.0,265.0,494.0,4,623.0
1.0,6.0,250.0,265.0,494.0,623.0,4,1039.0
1.0,26.0,40.0,41.0,824.0,874.0,4,1024.0
1.0,26.0,40.0,41.0,824.0,874.0,4,1024.0
1.0,26.0,40.0,41.0,874.0,948.0,4,1024.0
1.0,26.0,40.0,41.0,874.0,948.0,4,1024.0
1.0,26.0,40.0,41.0,129.0,824.0,4,1024.0
1.0,26.0,40.0,41.0,824.0,874.0,4,1024.0
1.0,26.0,41.0,634.0,843.0,874.0,4,948.0
1.0,26.0,40.0,41.0,634.0,874.0,4,948.0
1.0,26.0,40.0,41.0,634.0,824.0,4,948.0
1.0,26.0,40.0,41.0,634.0,874.0,4,948.0
1.0,13.0,15.0,114.0,161.0,182.0,4,956.0
1.0,13.0,15.0,114.0,182.0,787.0,4,858.0
1.0,13.0,161.0,803.0,858.0,871.0,4,956.0
1.0,13.0,161.0,182.0,803.0,871.0,4,956.0
1.0,13.0,161.0,182.0,803.0,871.0,4,956.0
1.0,13.0,161.0,182.0,787.0,803.0,4,871.0
1.0,13.0,182.0,787.0,858.0,871.0,4,956.0
1.0,13.0,182.0,787.0,858.0,871.0,4,956.0
1.0,18.0,14.0,678.0,681.0,812.0,4,866.0
1.0,18.0,14.0,65.0,351.0,365.0,4,678.0
1.0,18.0,14.0,65.0,681.0,704.0,4,812.0
1.0,18.0,14.0,681.0,704.0,812.0,4,866.0
1.0,18.0,14.0,365.0,681.0,704.0,4,866.0
1.0,18.0,14.0,365.0,678.0,681.0,4,866.0
1.0,18.0,14.0,65.0,351.0,365.0,4,678.0
1.0,18.0,65.0,181.0,191.0,351.0,4,365.0
1.0,18.0,65.0,181.0,191.0,351.0,4,365.0
1.0,18.0,14.0,65.0,181.0,351.0,4,365.0
1.0,6.0,213.0,265.0,290.0,292.0,4,897.0
1.0,6.0,265.0,290.0,292.0,323.0,4,897.0
1.0,6.0,265.0,292.0,323.0,897.0,4,1039.0
1.0,6.0,208.0,213.0,290.0,292.0,4,897.0
1.0,6.0,265.0,290.0,292.0,323.0,4,876.0
1.0,6.0,213.0,265.0,292.0,897.0,4,1039.0
1.0,6.0,213.0,290.0,292.0,323.0,4,897.0
1.0,6.0,290.0,616.0,623.0,876.0,4,1039.0
1.0,6.0,290.0,616.0,623.0,876.0,4,1039.0
1.0,6.0,35.0,213.0,290.0,616.0,4,623.0
1.0,6.0,35.0,213.0,265.0,876.0,4,1039.0
1.0,6.0,213.0,290.0,292.0,616.0,4,623.0
1.0,6.0,290.0,616.0,623.0,876.0,4,1039.0
1.0,6.0,290.0,616.0,623.0,876.0,4,1039.0
1.0,6.0,35.0,213.0,290.0,616.0,4,623.0
1.0,6.0,35.0,213.0,265.0,876.0,4,1039.0
1.0,6.0,35.0,213.0,265.0,876.0,4,1039.0
1.0,6.0,35.0,213.0,265.0,623.0,4,1039.0
1.0,6.0,35.0,213.0,290.0,616.0,4,623.0
1.0,6.0,35.0,213.0,290.0,616.0,4,623.0
1.0,30.0,121.0,335.0,705.0,953.0,4,963.0
1.0,30.0,121.0,657.0,839.0,953.0,4,963.0
1.0,30.0,113.0,389.0,409.0,657.0,4,953.0
1.0,30.0,121.0,657.0,839.0,953.0,4,963.0
1.0,30.0,335.0,389.0,657.0,705.0,4,963.0
1.0,30.0,335.0,389.0,657.0,705.0,4,963.0
1.0,30.0,113.0,121.0,705.0,953.0,4,963.0
1.0,16.0,285.0,296.0,457.0,677.0,4,996.0
1.0,16.0,165.0,296.0,677.0,832.0,4,996.0
1.0,16.0,165.0,200.0,457.0,832.0,4,898.0
1.0,16.0,296.0,457.0,832.0,898.0,4,996.0
1.0,16.0,296.0,457.0,677.0,832.0,4,996.0
1.0,16.0,165.0,296.0,677.0,832.0,4,996.0
1.0,16.0,165.0,296.0,677.0,832.0,4,996.0
1.0,16.0,165.0,200.0,296.0,677.0,4,996.0
1.0,28.0,110.0,497.0,608.0,685.0,4,922.0
1.0,28.0,110.0,497.0,608.0,685.0,4,922.0
1.0,28.0,110.0,146.0,608.0,685.0,4,922.0
1.0,28.0,146.0,427.0,444.0,890.0,4,971.0
1.0,28.0,110.0,427.0,444.0,608.0,4,971.0
1.0,28.0,110.0,146.0,427.0,444.0,4,971.0
1.0,28.0,110.0,146.0,444.0,685.0,4,971.0
1.0,28.0,110.0,497.0,608.0,685.0,4,922.0
1.0,28.0,110.0,146.0,608.0,685.0,4,922.0
1.0,28.0,146.0,444.0,685.0,922.0,4,971.0
1.0,28.0,427.0,497.0,890.0,922.0,4,971.0
1.0,28.0,427.0,497.0,890.0,922.0,4,971.0
1.0,6.0,208.0,213.0,265.0,292.0,4,623.0
1.0,6.0,208.0,213.0,292.0,390.0,4,623.0
1.0,6.0,208.0,213.0,265.0,623.0,4,1039.0
1.0,6.0,208.0,213.0,265.0,390.0,4,1039.0
1.0,6.0,213.0,290.0,616.0,623.0,4,1039.0
1.0,6.0,290.0,390.0,616.0,623.0,4,1039.0
1.0,6.0,290.0,390.0,616.0,623.0,4,1039.0
1.0,6.0,208.0,213.0,265.0,623.0,4,1039.0
1.0,6.0,213.0,290.0,616.0,623.0,4,1039.0
1.0,6.0,213.0,290.0,616.0,623.0,4,1039.0
1.0,6.0,290.0,390.0,616.0,623.0,4,1039.0
1.0,6.0,265.0,284.0,292.0,616.0,4,623.0
1.0,6.0,208.0,265.0,284.0,292.0,4,623.0
1.0,6.0,208.0,265.0,284.0,290.0,4,623.0
1.0,6.0,208.0,265.0,284.0,290.0,4,616.0
1.0,6.0,290.0,390.0,616.0,623.0,4,1039.0
1.0,6.0,265.0,290.0,616.0,623.0,4,1039.0
1.0,6.0,265.0,284.0,616.0,623.0,4,1039.0
1.0,6.0,208.0,265.0,290.0,616.0,4,623.0
1.0,6.0,35.0,208.0,250.0,494.0,4,623.0
1.0,6.0,35.0,208.0,265.0,494.0,4,623.0
1.0,6.0,35.0,85.0,250.0,265.0,4,623.0
1.0,6.0,85.0,250.0,265.0,623.0,4,1039.0
1.0,6.0,35.0,85.0,250.0,265.0,4,623.0
1.0,6.0,35.0,250.0,265.0,494.0,4,623.0
1.0,6.0,35.0,208.0,250.0,494.0,4,623.0
1.0,6.0,85.0,250.0,265.0,623.0,4,1039.0
1.0,6.0,35.0,85.0,250.0,265.0,4,623.0
1.0,6.0,208.0,292.0,494.0,623.0,4,1010.0
1.0,6.0,208.0,265.0,494.0,623.0,4,1010.0
1.0,6.0,35.0,85.0,250.0,265.0,4,623.0
1.0,6.0,35.0,250.0,265.0,623.0,4,1010.0
1.0,6.0,35.0,250.0,265.0,623.0,4,1010.0
1.0,6.0,35.0,250.0,265.0,623.0,4,1010.0
1.0,6.0,35.0,250.0,494.0,623.0,4,1010.0
1.0,6.0,85.0,250.0,265.0,623.0,4,1039.0
1.0,6.0,35.0,213.0,494.0,623.0,4,1010.0
1.0,6.0,213.0,250.0,494.0,623.0,4,1039.0
1.0,6.0,85.0,250.0,265.0,623.0,4,1039.0
1.0,6.0,35.0,213.0,250.0,623.0,4,1039.0
1.0,6.0,35.0,213.0,250.0,623.0,4,1039.0
1.0,6.0,35.0,213.0,494.0,623.0,4,1010.0
1.0,6.0,35.0,213.0,494.0,623.0,4,1010.0
1.0,6.0,35.0,213.0,494.0,623.0,4,1010.0
1.0,6.0,35.0,213.0,494.0,876.0,4,1010.0
1.0,6.0,35.0,213.0,494.0,876.0,4,1010.0
1.0,6.0,213.0,494.0,623.0,1010.0,4,1039.0
1.0,6.0,213.0,494.0,623.0,1010.0,4,1039.0
1.0,6.0,213.0,494.0,623.0,876.0,4,1010.0
1.0,6.0,85.0,213.0,265.0,623.0,4,1039.0
1.0,6.0,35.0,213.0,265.0,494.0,4,1010.0
1.0,6.0,35.0,213.0,265.0,494.0,4,1010.0
1.0,6.0,85.0,213.0,250.0,623.0,4,1039.0
1.0,6.0,35.0,250.0,494.0,623.0,4,876.0
1.0,6.0,35.0,213.0,265.0,876.0,4,1039.0
1.0,6.0,35.0,213.0,265.0,876.0,4,1039.0
1.0,28.0,110.0,146.0,608.0,685.0,4,922.0
1.0,28.0,110.0,608.0,685.0,922.0,4,971.0
1.0,28.0,110.0,444.0,497.0,685.0,4,971.0
1.0,28.0,444.0,497.0,685.0,890.0,4,971.0
1.0,28.0,444.0,497.0,685.0,890.0,4,971.0
1.0,28.0,110.0,444.0,608.0,922.0,4,971.0
1.0,28.0,110.0,146.0,608.0,685.0,4,922.0
1.0,28.0,110.0,146.0,608.0,685.0,4,922.0
1.0,28.0,110.0,146.0,444.0,922.0,4,971.0
1.0,28.0,110.0,146.0,444.0,922.0,4,971.0
1.0,16.0,285.0,296.0,457.0,898.0,4,996.0
1.0,16.0,285.0,296.0,298.0,457.0,4,996.0
1.0,16.0,200.0,285.0,296.0,832.0,4,996.0
1.0,16.0,165.0,285.0,296.0,832.0,4,996.0
1.0,16.0,165.0,285.0,296.0,832.0,4,996.0
1.0,16.0,285.0,296.0,457.0,832.0,4,898.0
1.0,16.0,200.0,285.0,298.0,457.0,4,898.0
1.0,16.0,296.0,298.0,457.0,832.0,4,996.0
1.0,16.0,285.0,296.0,832.0,898.0,4,996.0
1.0,13.0,161.0,182.0,803.0,871.0,4,956.0
1.0,13.0,15.0,114.0,161.0,182.0,4,192.0
1.0,13.0,161.0,182.0,192.0,871.0,4,956.0
1.0,13.0,161.0,182.0,192.0,871.0,4,956.0
1.0,13.0,161.0,182.0,803.0,871.0,4,956.0
1.0,13.0,161.0,182.0,192.0,532.0,4,871.0
1.0,13.0,15.0,161.0,192.0,532.0,4,871.0
1.0,13.0,15.0,114.0,192.0,532.0,4,956.0
1.0,13.0,15.0,114.0,192.0,532.0,4,956.0
1.0,13.0,15.0,114.0,161.0,192.0,4,956.0
1.0,13.0,15.0,161.0,182.0,192.0,4,871.0
1.0,18.0,14.0,181.0,681.0,866.0,4,886.0
1.0,18.0,14.0,181.0,351.0,866.0,4,886.0
1.0,18.0,181.0,191.0,351.0,866.0,4,886.0
1.0,18.0,14.0,65.0,365.0,681.0,4,812.0
1.0,18.0,14.0,65.0,681.0,866.0,4,886.0
1.0,18.0,14.0,681.0,812.0,866.0,4,886.0
1.0,18.0,14.0,191.0,812.0,866.0,4,886.0
1.0,18.0,14.0,65.0,181.0,351.0,4,886.0
1.0,18.0,14.0,65.0,181.0,351.0,4,681.0
1.0,18.0,14.0,65.0,181.0,681.0,4,866.0
1.0,18.0,14.0,65.0,181.0,866.0,4,886.0
1.0,18.0,14.0,65.0,812.0,866.0,4,886.0
1.0,16.0,24.0,296.0,457.0,677.0,4,832.0
1.0,16.0,24.0,457.0,641.0,677.0,4,832.0
1.0,16.0,285.0,296.0,457.0,677.0,4,832.0
1.0,16.0,24.0,296.0,457.0,641.0,4,677.0
1.0,16.0,24.0,285.0,457.0,641.0,4,832.0
1.0,16.0,285.0,296.0,298.0,641.0,4,832.0
1.0,16.0,285.0,296.0,457.0,677.0,4,832.0
1.0,30.0,209.0,335.0,389.0,598.0,4,657.0
1.0,30.0,389.0,409.0,705.0,953.0,4,963.0
1.0,30.0,409.0,657.0,705.0,953.0,4,963.0
1.0,30.0,389.0,409.0,657.0,705.0,4,953.0
1.0,30.0,121.0,598.0,657.0,953.0,4,963.0
1.0,30.0,121.0,335.0,389.0,953.0,4,963.0
1.0,30.0,209.0,335.0,389.0,657.0,4,705.0
1.0,30.0,121.0,657.0,705.0,953.0,4,963.0
1.0,30.0,121.0,389.0,705.0,953.0,4,963.0
1.0,18.0,14.0,678.0,681.0,866.0,4,886.0
1.0,18.0,14.0,365.0,678.0,681.0,4,866.0
1.0,18.0,65.0,181.0,191.0,351.0,4,886.0
1.0,18.0,14.0,181.0,191.0,351.0,4,886.0
1.0,18.0,14.0,365.0,678.0,866.0,4,886.0
1.0,18.0,14.0,181.0,191.0,866.0,4,886.0
1.0,18.0,14.0,181.0,191.0,866.0,4,886.0
1.0,16.0,285.0,296.0,457.0,898.0,4,996.0
1.0,16.0,31.0,296.0,457.0,832.0,4,996.0
1.0,16.0,165.0,285.0,296.0,898.0,4,996.0
1.0,16.0,165.0,296.0,832.0,898.0,4,996.0
1.0,28.0,110.0,497.0,608.0,685.0,4,922.0
1.0,28.0,146.0,444.0,608.0,685.0,4,890.0
1.0,28.0,427.0,444.0,497.0,608.0,4,922.0
1.0,28.0,427.0,444.0,608.0,922.0,4,971.0
1.0,28.0,110.0,146.0,608.0,685.0,4,922.0
1.0,28.0,110.0,146.0,444.0,608.0,4,685.0
1.0,28.0,110.0,146.0,444.0,685.0,4,971.0
1.0,28.0,110.0,146.0,427.0,444.0,4,971.0
1.0,13.0,15.0,161.0,182.0,803.0,4,871.0
1.0,13.0,192.0,532.0,803.0,831.0,4,871.0
1.0,13.0,161.0,192.0,532.0,803.0,4,871.0
1.0,13.0,114.0,161.0,182.0,192.0,4,831.0
1.0,13.0,114.0,161.0,182.0,192.0,4,831.0
1.0,18.0,65.0,191.0,681.0,812.0,4,886.0
1.0,18.0,14.0,65.0,681.0,812.0,4,866.0
1.0,18.0,14.0,181.0,704.0,866.0,4,886.0
1.0,18.0,14.0,65.0,351.0,681.0,4,812.0
1.0,18.0,14.0,181.0,191.0,351.0,4,886.0
1.0,18.0,14.0,191.0,351.0,866.0,4,886.0
1.0,18.0,14.0,681.0,812.0,866.0,4,886.0
1.0,18.0,14.0,681.0,812.0,866.0,4,886.0
1.0,18.0,14.0,181.0,191.0,866.0,4,886.0
1.0,18.0,65.0,181.0,191.0,681.0,4,812.0
1.0,18.0,14.0,181.0,681.0,866.0,4,886.0
1.0,18.0,14.0,681.0,812.0,866.0,4,886.0
1.0,18.0,14.0,181.0,681.0,866.0,4,886.0
1.0,18.0,14.0,181.0,681.0,866.0,4,886.0
1.0,18.0,14.0,681.0,812.0,866.0,4,886.0
1.0,18.0,65.0,181.0,191.0,812.0,4,886.0
1.0,18.0,65.0,191.0,812.0,866.0,4,886.0
1.0,18.0,14.0,65.0,681.0,812.0,4,866.0
1.0,30.0,335.0,657.0,705.0,953.0,4,963.0
1.0,30.0,337.0,389.0,409.0,657.0,4,839.0
1.0,30.0,121.0,335.0,409.0,657.0,4,689.0
1.0,30.0,121.0,335.0,409.0,657.0,4,689.0
1.0,30.0,121.0,335.0,705.0,953.0,4,963.0
1.0,30.0,121.0,335.0,657.0,953.0,4,963.0
1.0,30.0,335.0,389.0,409.0,657.0,4,953.0
1.0,30.0,337.0,389.0,409.0,657.0,4,689.0
1.0,30.0,389.0,409.0,689.0,953.0,4,963.0
1.0,30.0,337.0,389.0,657.0,705.0,4,963.0
1.0,30.0,337.0,389.0,657.0,705.0,4,963.0
1.0,18.0,14.0,181.0,681.0,811.0,4,866.0
1.0,18.0,65.0,191.0,351.0,811.0,4,812.0
1.0,18.0,14.0,181.0,681.0,811.0,4,866.0
1.0,18.0,14.0,181.0,351.0,681.0,4,866.0
1.0,18.0,14.0,181.0,191.0,681.0,4,866.0
1.0,18.0,14.0,181.0,191.0,681.0,4,866.0
1.0,18.0,14.0,181.0,191.0,681.0,4,866.0
1.0,18.0,14.0,181.0,191.0,681.0,4,866.0
1.0,18.0,14.0,191.0,811.0,866.0,4,886.0
1.0,18.0,65.0,191.0,811.0,866.0,4,886.0
1.0,18.0,65.0,191.0,811.0,812.0,4,886.0
1.0,18.0,65.0,191.0,681.0,811.0,4,812.0
1.0,18.0,65.0,191.0,681.0,812.0,4,866.0
1.0,18.0,14.0,181.0,811.0,866.0,4,886.0
1.0,18.0,191.0,681.0,812.0,886.0,4,949.0
1.0,18.0,191.0,681.0,811.0,812.0,4,949.0
1.0,18.0,191.0,681.0,811.0,812.0,4,949.0
1.0,18.0,14.0,681.0,811.0,866.0,4,886.0
1.0,18.0,181.0,811.0,866.0,886.0,4,949.0
1.0,18.0,14.0,681.0,812.0,866.0,4,886.0
1.0,18.0,14.0,681.0,812.0,866.0,4,886.0
1.0,18.0,191.0,681.0,811.0,812.0,4,949.0
1.0,18.0,191.0,681.0,811.0,812.0,4,949.0
1.0,18.0,14.0,811.0,812.0,866.0,4,886.0
1.0,13.0,15.0,161.0,182.0,192.0,4,210.0
1.0,13.0,15.0,161.0,182.0,192.0,4,210.0
1.0,13.0,37.0,182.0,192.0,532.0,4,956.0
1.0,13.0,15.0,37.0,182.0,532.0,4,956.0
1.0,13.0,15.0,37.0,182.0,532.0,4,956.0
1.0,13.0,15.0,161.0,192.0,210.0,4,532.0
1.0,13.0,15.0,182.0,210.0,532.0,4,956.0
1.0,13.0,15.0,210.0,532.0,803.0,4,956.0
1.0,13.0,15.0,161.0,182.0,192.0,4,956.0
1.0,18.0,14.0,681.0,811.0,812.0,4,866.0
1.0,18.0,14.0,191.0,681.0,811.0,4,812.0
1.0,18.0,166.0,181.0,191.0,681.0,4,812.0
1.0,18.0,166.0,181.0,191.0,811.0,4,812.0
1.0,18.0,14.0,191.0,590.0,811.0,4,812.0
1.0,18.0,14.0,590.0,811.0,812.0,4,866.0
1.0,18.0,14.0,590.0,811.0,812.0,4,866.0
1.0,18.0,14.0,181.0,191.0,681.0,4,812.0
1.0,28.0,110.0,146.0,427.0,444.0,4,971.0
1.0,28.0,110.0,427.0,444.0,497.0,4,971.0
1.0,28.0,110.0,427.0,444.0,497.0,4,971.0
1.0,28.0,110.0,427.0,444.0,497.0,4,608.0
1.0,28.0,110.0,497.0,608.0,685.0,4,922.0
1.0,28.0,427.0,444.0,497.0,922.0,4,971.0
1.0,28.0,110.0,427.0,444.0,497.0,4,971.0
1.0,28.0,110.0,427.0,444.0,497.0,4,608.0
1.0,18.0,14.0,181.0,681.0,812.0,4,866.0
1.0,18.0,14.0,191.0,590.0,811.0,4,812.0
1.0,18.0,14.0,590.0,811.0,812.0,4,866.0
1.0,18.0,14.0,590.0,681.0,811.0,4,866.0
1.0,18.0,14.0,181.0,681.0,811.0,4,866.0
1.0,18.0,181.0,191.0,681.0,812.0,4,866.0
1.0,18.0,191.0,590.0,681.0,812.0,4,866.0
1.0,18.0,14.0,191.0,590.0,681.0,4,812.0
1.0,18.0,14.0,590.0,681.0,812.0,4,866.0
1.0,30.0,389.0,409.0,598.0,657.0,4,953.0
1.0,30.0,389.0,409.0,598.0,657.0,4,689.0
1.0,30.0,335.0,389.0,689.0,705.0,4,963.0
1.0,30.0,657.0,689.0,705.0,953.0,4,963.0
1.0,30.0,657.0,689.0,705.0,953.0,4,963.0
1.0,30.0,121.0,335.0,705.0,953.0,4,963.0
1.0,30.0,209.0,389.0,598.0,657.0,4,689.0
1.0,30.0,121.0,389.0,409.0,598.0,4,657.0
1.0,30.0,389.0,409.0,598.0,657.0,4,953.0
1.0,30.0,209.0,389.0,409.0,598.0,4,689.0
1.0,30.0,121.0,657.0,689.0,953.0,4,963.0
1.0,30.0,113.0,225.0,337.0,657.0,4,689.0
1.0,30.0,113.0,335.0,705.0,953.0,4,963.0
1.0,30.0,113.0,335.0,705.0,953.0,4,963.0
1.0,30.0,121.0,335.0,705.0,953.0,4,963.0
1.0,30.0,113.0,225.0,337.0,657.0,4,689.0
1.0,30.0,113.0,337.0,657.0,689.0,4,963.0
1.0,30.0,121.0,657.0,689.0,953.0,4,963.0
1.0,30.0,121.0,335.0,657.0,953.0,4,963.0
1.0,30.0,121.0,335.0,705.0,953.0,4,963.0
1.0,30.0,121.0,337.0,705.0,953.0,4,963.0
1.0,30.0,337.0,657.0,705.0,953.0,4,963.0
1.0,30.0,337.0,657.0,689.0,705.0,4,963.0
1.0,30.0,113.0,121.0,337.0,657.0,4,689.0
1.0,30.0,113.0,121.0,657.0,689.0,4,953.0
1.0,30.0,121.0,337.0,705.0,953.0,4,963.0
1.0,30.0,337.0,657.0,705.0,953.0,4,963.0
1.0,30.0,121.0,337.0,657.0,953.0,4,963.0
1.0,30.0,121.0,335.0,657.0,953.0,4,963.0
1.0,30.0,121.0,335.0,657.0,953.0,4,963.0
1.0,30.0,121.0,335.0,657.0,953.0,4,963.0
1.0,30.0,113.0,337.0,657.0,689.0,4,705.0
1.0,30.0,337.0,657.0,689.0,705.0,4,963.0
1.0,30.0,337.0,657.0,689.0,705.0,4,963.0
1.0,30.0,121.0,337.0,657.0,689.0,4,963.0
1.0,30.0,121.0,335.0,657.0,953.0,4,963.0
1.0,30.0,121.0,337.0,657.0,953.0,4,963.0
1.0,30.0,113.0,335.0,337.0,657.0,4,963.0
1.0,30.0,113.0,337.0,409.0,657.0,4,705.0
1.0,30.0,113.0,121.0,335.0,337.0,4,963.0
1.0,30.0,121.0,337.0,689.0,705.0,4,963.0
1.0,30.0,121.0,335.0,657.0,689.0,4,963.0
1.0,30.0,113.0,335.0,409.0,657.0,4,705.0
1.0,30.0,113.0,335.0,409.0,705.0,4,963.0
1.0,30.0,113.0,337.0,389.0,409.0,4,963.0
1.0,30.0,121.0,335.0,705.0,953.0,4,963.0
1.0,30.0,113.0,389.0,409.0,705.0,4,953.0
1.0,30.0,121.0,389.0,409.0,705.0,4,953.0
1.0,30.0,113.0,121.0,705.0,953.0,4,963.0
1.0,30.0,113.0,121.0,389.0,953.0,4,963.0
1.0,30.0,113.0,121.0,389.0,953.0,4,963.0
1.0,30.0,121.0,389.0,705.0,953.0,4,963.0
1.0,13.0,15.0,161.0,182.0,803.0,4,871.0
1.0,13.0,15.0,161.0,182.0,803.0,4,871.0
1.0,13.0,15.0,114.0,182.0,192.0,4,532.0
1.0,13.0,114.0,182.0,192.0,532.0,4,956.0
1.0,13.0,15.0,114.0,192.0,532.0,4,956.0
1.0,13.0,15.0,114.0,192.0,532.0,4,956.0
1.0,13.0,15.0,161.0,182.0,803.0,4,871.0
1.0,13.0,15.0,161.0,182.0,803.0,4,871.0
1.0,13.0,114.0,161.0,182.0,192.0,4,956.0
1.0,13.0,15.0,114.0,161.0,192.0,4,956.0
1.0,13.0,15.0,114.0,161.0,182.0,4,192.0
1.0,16.0,285.0,296.0,457.0,677.0,4,996.0
1.0,16.0,285.0,296.0,457.0,677.0,4,996.0
1.0,16.0,24.0,296.0,298.0,457.0,4,832.0
1.0,16.0,24.0,165.0,285.0,298.0,4,832.0
1.0,16.0,285.0,296.0,457.0,677.0,4,996.0
1.0,16.0,285.0,296.0,457.0,677.0,4,996.0
1.0,30.0,121.0,335.0,705.0,953.0,4,963.0
1.0,30.0,335.0,657.0,705.0,953.0,4,963.0
1.0,30.0,657.0,689.0,705.0,953.0,4,963.0
1.0,30.0,389.0,409.0,598.0,657.0,4,689.0
1.0,30.0,389.0,409.0,598.0,657.0,4,705.0
1.0,30.0,121.0,389.0,705.0,953.0,4,963.0
1.0,30.0,121.0,335.0,705.0,953.0,4,963.0
1.0,30.0,121.0,389.0,409.0,657.0,4,953.0
1.0,30.0,389.0,409.0,598.0,657.0,4,705.0
1.0,30.0,121.0,657.0,705.0,953.0,4,963.0
1.0,28.0,110.0,497.0,608.0,922.0,4,971.0
1.0,28.0,444.0,497.0,608.0,922.0,4,971.0
1.0,28.0,110.0,427.0,444.0,497.0,4,971.0
1.0,28.0,110.0,497.0,608.0,922.0,4,971.0
1.0,28.0,110.0,608.0,804.0,922.0,4,971.0
1.0,28.0,110.0,427.0,608.0,804.0,4,922.0
1.0,28.0,110.0,608.0,804.0,922.0,4,971.0
1.0,28.0,110.0,146.0,444.0,608.0,4,971.0
1.0,28.0,110.0,497.0,608.0,685.0,4,922.0
1.0,28.0,110.0,608.0,685.0,804.0,4,922.0
1.0,28.0,110.0,146.0,608.0,685.0,4,922.0
1.0,28.0,110.0,146.0,444.0,685.0,4,971.0
1.0,28.0,110.0,146.0,427.0,444.0,4,971.0
1.0,28.0,427.0,444.0,497.0,890.0,4,971.0
1.0,28.0,110.0,427.0,444.0,497.0,4,608.0
1.0,28.0,110.0,427.0,497.0,922.0,4,971.0
1.0,28.0,110.0,497.0,608.0,685.0,4,922.0
1.0,28.0,110.0,427.0,444.0,608.0,4,971.0
1.0,28.0,427.0,444.0,608.0,890.0,4,971.0
1.0,28.0,110.0,427.0,497.0,922.0,4,971.0
1.0,28.0,110.0,427.0,608.0,922.0,4,971.0
1.0,16.0,285.0,296.0,457.0,832.0,4,898.0
1.0,16.0,165.0,200.0,296.0,832.0,4,996.0
1.0,16.0,296.0,457.0,832.0,898.0,4,996.0
1.0,16.0,296.0,457.0,832.0,898.0,4,996.0
1.0,16.0,165.0,200.0,832.0,898.0,4,996.0
1.0,16.0,165.0,200.0,832.0,898.0,4,996.0
1.0,16.0,165.0,200.0,832.0,898.0,4,996.0
1.0,16.0,296.0,457.0,832.0,898.0,4,996.0
1.0,13.0,15.0,182.0,210.0,803.0,4,956.0
1.0,13.0,15.0,182.0,210.0,803.0,4,956.0
1.0,13.0,114.0,182.0,192.0,532.0,4,956.0
1.0,13.0,114.0,182.0,192.0,532.0,4,956.0
1.0,13.0,15.0,114.0,182.0,192.0,4,532.0
1.0,13.0,15.0,182.0,210.0,803.0,4,956.0
1.0,13.0,15.0,192.0,210.0,803.0,4,956.0
1.0,28.0,110.0,497.0,608.0,685.0,4,922.0
1.0,28.0,110.0,146.0,444.0,608.0,4,685.0
1.0,28.0,110.0,497.0,608.0,685.0,4,922.0
1.0,28.0,110.0,497.0,608.0,685.0,4,922.0
1.0,28.0,110.0,497.0,608.0,685.0,4,922.0
1.0,28.0,146.0,427.0,444.0,922.0,4,971.0
1.0,28.0,110.0,427.0,444.0,497.0,4,971.0
1.0,28.0,110.0,427.0,444.0,497.0,4,608.0
1.0,28.0,110.0,497.0,608.0,685.0,4,922.0
1.0,13.0,15.0,182.0,192.0,751.0,4,907.0
1.0,13.0,15.0,182.0,192.0,210.0,4,532.0
1.0,13.0,15.0,182.0,751.0,803.0,4,907.0
1.0,13.0,15.0,182.0,192.0,532.0,4,907.0
1.0,13.0,182.0,192.0,210.0,532.0,4,803.0
1.0,13.0,114.0,161.0,182.0,803.0,4,956.0
1.0,13.0,114.0,192.0,787.0,803.0,4,956.0
1.0,13.0,114.0,192.0,787.0,803.0,4,956.0
1.0,13.0,15.0,182.0,192.0,210.0,4,787.0
1.0,13.0,15.0,161.0,182.0,192.0,4,210.0
1.0,13.0,114.0,161.0,182.0,192.0,4,803.0
1.0,13.0,114.0,161.0,182.0,192.0,4,803.0
1.0,13.0,114.0,161.0,182.0,192.0,4,787.0
1.0,13.0,161.0,182.0,192.0,210.0,4,956.0
1.0,16.0,24.0,165.0,200.0,832.0,4,902.0
1.0,16.0,24.0,165.0,200.0,832.0,4,902.0
1.0,16.0,24.0,165.0,200.0,677.0,4,832.0
1.0,16.0,200.0,457.0,677.0,832.0,4,902.0
1.0,16.0,200.0,457.0,677.0,832.0,4,902.0
1.0,16.0,200.0,457.0,677.0,832.0,4,902.0
1.0,16.0,200.0,457.0,677.0,832.0,4,902.0
1.0,16.0,200.0,457.0,677.0,832.0,4,902.0
