season,team,player_0,player_1,player_2,player_3,missing_position,target_player
8.0,29.0,132.0,260.0,755.0,809.0,4,824.0
8.0,29.0,132.0,260.0,755.0,809.0,4,824.0
8.0,29.0,83.0,132.0,230.0,242.0,4,860.0
8.0,29.0,83.0,230.0,242.0,456.0,4,860.0
8.0,29.0,132.0,230.0,456.0,755.0,4,860.0
8.0,29.0,83.0,230.0,242.0,755.0,4,769.0
8.0,10.0,40.0,289.0,336.0,624.0,4,918.0
8.0,10.0,40.0,47.0,591.0,684.0,4,900.0
8.0,10.0,40.0,47.0,376.0,591.0,4,918.0
8.0,10.0,40.0,47.0,376.0,591.0,4,918.0
8.0,10.0,40.0,336.0,376.0,591.0,4,918.0
8.0,10.0,47.0,289.0,376.0,591.0,4,918.0
8.0,10.0,40.0,336.0,376.0,591.0,4,918.0
8.0,10.0,40.0,336.0,376.0,591.0,4,624.0
8.0,10.0,40.0,289.0,376.0,624.0,4,900.0
8.0,10.0,40.0,289.0,376.0,624.0,4,900.0
8.0,10.0,40.0,47.0,289.0,624.0,4,918.0
8.0,10.0,40.0,47.0,289.0,591.0,4,918.0
8.0,10.0,40.0,47.0,289.0,591.0,4,918.0
8.0,28.0,161.0,203.0,608.0,754.0,4,922.0
8.0,28.0,203.0,842.0,951.0,1016.0,4,1017.0
8.0,28.0,161.0,203.0,951.0,1016.0,4,1017.0
8.0,28.0,161.0,203.0,754.0,951.0,4,1016.0
8.0,28.0,608.0,754.0,842.0,922.0,4,1016.0
8.0,28.0,203.0,608.0,754.0,842.0,4,1016.0
8.0,28.0,161.0,203.0,608.0,754.0,4,1016.0
8.0,28.0,161.0,203.0,608.0,754.0,4,1016.0
8.0,28.0,161.0,203.0,608.0,922.0,4,1017.0
8.0,28.0,161.0,922.0,951.0,1016.0,4,1017.0
8.0,28.0,203.0,754.0,842.0,922.0,4,951.0
8.0,10.0,47.0,289.0,376.0,591.0,4,918.0
8.0,10.0,47.0,289.0,376.0,624.0,4,918.0
8.0,10.0,40.0,234.0,336.0,624.0,4,900.0
8.0,10.0,40.0,289.0,336.0,591.0,4,900.0
8.0,10.0,40.0,47.0,289.0,591.0,4,918.0
8.0,10.0,40.0,47.0,289.0,591.0,4,918.0
8.0,10.0,47.0,289.0,376.0,591.0,4,918.0
8.0,10.0,40.0,336.0,376.0,591.0,4,900.0
8.0,10.0,40.0,336.0,376.0,591.0,4,624.0
8.0,10.0,289.0,376.0,591.0,900.0,4,918.0
8.0,11.0,281.0,425.0,455.0,594.0,4,974.0
8.0,11.0,281.0,338.0,391.0,455.0,4,981.0
8.0,11.0,391.0,425.0,594.0,938.0,4,974.0
8.0,11.0,281.0,425.0,455.0,594.0,4,974.0
8.0,11.0,281.0,425.0,455.0,594.0,4,974.0
8.0,11.0,338.0,391.0,425.0,455.0,4,594.0
8.0,11.0,281.0,391.0,425.0,455.0,4,974.0
8.0,11.0,281.0,391.0,425.0,455.0,4,974.0
8.0,27.0,319.0,359.0,668.0,680.0,4,726.0
8.0,27.0,23.0,64.0,359.0,392.0,4,777.0
8.0,27.0,64.0,351.0,392.0,726.0,4,777.0
8.0,27.0,319.0,359.0,668.0,680.0,4,777.0
8.0,27.0,319.0,359.0,668.0,680.0,4,777.0
8.0,27.0,319.0,359.0,668.0,680.0,4,726.0
8.0,27.0,319.0,359.0,680.0,726.0,4,777.0
8.0,27.0,351.0,392.0,668.0,726.0,4,777.0
8.0,27.0,351.0,392.0,668.0,726.0,4,777.0
8.0,27.0,351.0,392.0,668.0,726.0,4,777.0
8.0,27.0,351.0,392.0,668.0,726.0,4,777.0
8.0,10.0,40.0,47.0,376.0,591.0,4,918.0
8.0,10.0,40.0,289.0,336.0,624.0,4,900.0
8.0,10.0,40.0,289.0,336.0,591.0,4,900.0
8.0,10.0,40.0,47.0,289.0,591.0,4,900.0
8.0,10.0,47.0,289.0,376.0,591.0,4,918.0
8.0,10.0,40.0,336.0,376.0,591.0,4,918.0
8.0,10.0,40.0,336.0,376.0,591.0,4,624.0
8.0,10.0,40.0,376.0,624.0,684.0,4,900.0
8.0,10.0,289.0,376.0,591.0,684.0,4,918.0
8.0,10.0,47.0,289.0,376.0,591.0,4,918.0
8.0,10.0,47.0,289.0,376.0,591.0,4,918.0
8.0,10.0,40.0,47.0,289.0,624.0,4,918.0
8.0,10.0,40.0,376.0,624.0,684.0,4,900.0
8.0,10.0,40.0,47.0,376.0,591.0,4,918.0
8.0,10.0,47.0,289.0,376.0,591.0,4,918.0
8.0,10.0,47.0,289.0,376.0,591.0,4,918.0
8.0,10.0,40.0,47.0,289.0,591.0,4,918.0
8.0,10.0,40.0,289.0,591.0,684.0,4,918.0
8.0,10.0,47.0,289.0,376.0,591.0,4,918.0
8.0,10.0,40.0,289.0,591.0,684.0,4,918.0
8.0,10.0,40.0,376.0,624.0,684.0,4,900.0
8.0,10.0,40.0,47.0,289.0,591.0,4,918.0
8.0,10.0,47.0,289.0,376.0,591.0,4,918.0
8.0,10.0,40.0,47.0,289.0,624.0,4,918.0
8.0,10.0,40.0,376.0,624.0,684.0,4,900.0
8.0,10.0,40.0,376.0,624.0,684.0,4,900.0
8.0,10.0,40.0,376.0,591.0,684.0,4,900.0
8.0,10.0,40.0,47.0,289.0,591.0,4,900.0
8.0,10.0,40.0,47.0,289.0,591.0,4,918.0
8.0,10.0,47.0,289.0,376.0,591.0,4,918.0
8.0,10.0,40.0,289.0,591.0,684.0,4,918.0
8.0,10.0,47.0,289.0,376.0,591.0,4,918.0
8.0,10.0,40.0,289.0,591.0,684.0,4,918.0
8.0,10.0,40.0,47.0,289.0,624.0,4,918.0
8.0,10.0,40.0,47.0,289.0,624.0,4,918.0
8.0,10.0,336.0,376.0,548.0,624.0,4,900.0
8.0,10.0,111.0,336.0,548.0,624.0,4,900.0
8.0,14.0,302.0,516.0,592.0,854.0,4,868.0
8.0,14.0,134.0,302.0,592.0,854.0,4,1015.0
8.0,14.0,134.0,472.0,520.0,592.0,4,1015.0
8.0,14.0,134.0,520.0,592.0,854.0,4,1015.0
8.0,14.0,302.0,516.0,840.0,854.0,4,1028.0
8.0,14.0,302.0,516.0,840.0,854.0,4,1028.0
8.0,10.0,47.0,289.0,376.0,591.0,4,918.0
8.0,10.0,40.0,47.0,289.0,624.0,4,918.0
8.0,10.0,40.0,376.0,624.0,684.0,4,900.0
8.0,10.0,40.0,376.0,591.0,684.0,4,900.0
8.0,10.0,40.0,376.0,591.0,684.0,4,900.0
8.0,10.0,47.0,289.0,376.0,591.0,4,918.0
8.0,10.0,47.0,289.0,376.0,591.0,4,918.0
8.0,10.0,47.0,289.0,376.0,591.0,4,918.0
8.0,10.0,47.0,289.0,376.0,591.0,4,918.0
8.0,10.0,40.0,289.0,591.0,684.0,4,918.0
8.0,10.0,40.0,289.0,624.0,684.0,4,918.0
8.0,24.0,43.0,60.0,570.0,825.0,4,888.0
8.0,24.0,43.0,60.0,570.0,750.0,4,886.0
8.0,24.0,60.0,750.0,825.0,886.0,4,888.0
8.0,24.0,43.0,60.0,825.0,888.0,4,926.0
8.0,24.0,43.0,60.0,570.0,825.0,4,888.0
8.0,24.0,43.0,60.0,825.0,888.0,4,926.0
8.0,24.0,43.0,60.0,825.0,888.0,4,926.0
8.0,16.0,155.0,424.0,646.0,763.0,4,903.0
8.0,16.0,424.0,646.0,893.0,903.0,4,996.0
8.0,16.0,424.0,531.0,674.0,893.0,4,996.0
8.0,16.0,155.0,531.0,646.0,763.0,4,893.0
8.0,16.0,424.0,531.0,674.0,893.0,4,996.0
8.0,16.0,155.0,424.0,531.0,674.0,4,893.0
8.0,25.0,146.0,311.0,958.0,1003.0,4,1024.0
8.0,25.0,311.0,696.0,759.0,958.0,4,1024.0
8.0,25.0,311.0,332.0,759.0,958.0,4,1003.0
8.0,25.0,146.0,332.0,759.0,958.0,4,1003.0
8.0,25.0,81.0,311.0,603.0,696.0,4,1024.0
8.0,25.0,81.0,311.0,603.0,696.0,4,1024.0
8.0,25.0,81.0,311.0,603.0,696.0,4,1024.0
8.0,5.0,89.0,179.0,568.0,611.0,4,776.0
8.0,5.0,89.0,117.0,452.0,611.0,4,776.0
8.0,5.0,89.0,117.0,452.0,568.0,4,776.0
8.0,5.0,14.0,117.0,179.0,568.0,4,611.0
8.0,5.0,14.0,117.0,179.0,568.0,4,611.0
8.0,9.0,39.0,108.0,535.0,574.0,4,604.0
8.0,9.0,39.0,137.0,139.0,194.0,4,535.0
8.0,9.0,108.0,366.0,535.0,574.0,4,604.0
8.0,9.0,137.0,194.0,366.0,510.0,4,574.0
8.0,9.0,137.0,139.0,194.0,366.0,4,510.0
8.0,9.0,39.0,139.0,194.0,510.0,4,604.0
8.0,9.0,108.0,139.0,366.0,535.0,4,574.0
8.0,10.0,40.0,47.0,376.0,591.0,4,918.0
8.0,10.0,40.0,376.0,591.0,684.0,4,918.0
8.0,10.0,40.0,47.0,376.0,624.0,4,900.0
8.0,10.0,40.0,289.0,591.0,684.0,4,900.0
8.0,10.0,47.0,289.0,376.0,591.0,4,918.0
8.0,10.0,47.0,289.0,376.0,591.0,4,918.0
8.0,10.0,40.0,289.0,591.0,684.0,4,918.0
8.0,10.0,40.0,376.0,624.0,684.0,4,900.0
8.0,10.0,40.0,47.0,376.0,591.0,4,918.0
8.0,10.0,40.0,47.0,376.0,591.0,4,918.0
8.0,10.0,40.0,47.0,289.0,591.0,4,918.0
8.0,10.0,40.0,47.0,289.0,591.0,4,918.0
8.0,10.0,40.0,376.0,624.0,684.0,4,900.0
8.0,10.0,40.0,376.0,591.0,684.0,4,900.0
8.0,10.0,40.0,47.0,376.0,591.0,4,900.0
8.0,10.0,47.0,289.0,376.0,591.0,4,918.0
8.0,10.0,47.0,289.0,376.0,591.0,4,918.0
8.0,10.0,47.0,289.0,376.0,591.0,4,918.0
8.0,10.0,47.0,289.0,376.0,591.0,4,918.0
8.0,10.0,47.0,289.0,376.0,591.0,4,918.0
8.0,10.0,40.0,289.0,624.0,684.0,4,918.0
8.0,10.0,40.0,376.0,624.0,684.0,4,900.0
8.0,10.0,40.0,47.0,376.0,591.0,4,900.0
8.0,10.0,47.0,289.0,376.0,591.0,4,918.0
8.0,10.0,47.0,289.0,376.0,591.0,4,918.0
8.0,10.0,289.0,336.0,376.0,548.0,4,900.0
8.0,4.0,259.0,486.0,487.0,715.0,4,786.0
8.0,4.0,486.0,589.0,715.0,786.0,4,936.0
8.0,4.0,1.0,486.0,589.0,757.0,4,936.0
8.0,4.0,259.0,486.0,487.0,715.0,4,786.0
8.0,4.0,486.0,589.0,715.0,786.0,4,936.0
8.0,4.0,259.0,486.0,487.0,589.0,4,786.0
8.0,18.0,51.0,181.0,362.0,948.0,4,1035.0
8.0,18.0,51.0,181.0,362.0,892.0,4,948.0
8.0,18.0,56.0,181.0,892.0,948.0,4,1035.0
8.0,18.0,51.0,56.0,181.0,836.0,4,1035.0
8.0,18.0,51.0,181.0,362.0,948.0,4,1035.0
8.0,18.0,51.0,181.0,362.0,948.0,4,1035.0
8.0,18.0,51.0,56.0,181.0,836.0,4,892.0
8.0,18.0,150.0,358.0,460.0,836.0,4,1035.0
8.0,10.0,40.0,289.0,591.0,684.0,4,918.0
8.0,10.0,40.0,376.0,624.0,684.0,4,900.0
8.0,10.0,40.0,376.0,591.0,684.0,4,900.0
8.0,10.0,40.0,289.0,376.0,900.0,4,918.0
8.0,10.0,289.0,336.0,376.0,591.0,4,918.0
8.0,10.0,40.0,289.0,591.0,684.0,4,918.0
8.0,10.0,40.0,289.0,591.0,684.0,4,918.0
8.0,10.0,40.0,376.0,591.0,684.0,4,900.0
8.0,10.0,40.0,376.0,684.0,900.0,4,918.0
8.0,10.0,289.0,376.0,591.0,900.0,4,918.0
8.0,10.0,289.0,376.0,591.0,900.0,4,918.0
8.0,7.0,105.0,267.0,277.0,410.0,4,731.0
8.0,7.0,105.0,267.0,277.0,396.0,4,410.0
8.0,7.0,267.0,277.0,396.0,829.0,4,994.0
8.0,7.0,267.0,277.0,396.0,410.0,4,994.0
8.0,7.0,277.0,421.0,731.0,829.0,4,994.0
8.0,7.0,277.0,421.0,731.0,829.0,4,994.0
8.0,7.0,410.0,421.0,731.0,829.0,4,994.0
8.0,7.0,267.0,277.0,396.0,410.0,4,421.0
8.0,7.0,267.0,277.0,396.0,410.0,4,731.0
8.0,7.0,105.0,277.0,421.0,731.0,4,829.0
8.0,7.0,105.0,277.0,421.0,731.0,4,829.0
8.0,7.0,105.0,410.0,421.0,731.0,4,829.0
8.0,22.0,77.0,218.0,536.0,864.0,4,990.0
8.0,22.0,77.0,218.0,466.0,485.0,4,536.0
8.0,22.0,77.0,485.0,505.0,768.0,4,864.0
8.0,22.0,536.0,639.0,768.0,864.0,4,990.0
8.0,22.0,466.0,536.0,639.0,864.0,4,990.0
8.0,22.0,218.0,466.0,536.0,864.0,4,990.0
8.0,22.0,77.0,218.0,466.0,505.0,4,536.0
8.0,22.0,77.0,218.0,466.0,536.0,4,990.0
8.0,22.0,218.0,536.0,639.0,864.0,4,990.0
8.0,22.0,218.0,536.0,639.0,864.0,4,990.0
8.0,15.0,188.0,659.0,714.0,960.0,4,1036.0
8.0,15.0,509.0,659.0,714.0,941.0,4,1005.0
8.0,15.0,86.0,509.0,593.0,941.0,4,1005.0
8.0,15.0,86.0,509.0,593.0,941.0,4,1005.0
8.0,15.0,659.0,714.0,960.0,1005.0,4,1036.0
8.0,15.0,659.0,714.0,941.0,960.0,4,1005.0
8.0,15.0,86.0,188.0,659.0,960.0,4,1036.0
8.0,15.0,86.0,188.0,509.0,659.0,4,1005.0
8.0,15.0,86.0,509.0,593.0,941.0,4,1005.0
8.0,15.0,188.0,659.0,714.0,941.0,4,960.0
8.0,10.0,40.0,289.0,591.0,684.0,4,918.0
8.0,10.0,40.0,289.0,591.0,684.0,4,900.0
8.0,10.0,40.0,289.0,376.0,900.0,4,918.0
8.0,10.0,40.0,289.0,376.0,900.0,4,918.0
8.0,10.0,40.0,289.0,376.0,900.0,4,918.0
8.0,10.0,289.0,548.0,591.0,684.0,4,918.0
8.0,10.0,40.0,289.0,376.0,900.0,4,918.0
8.0,10.0,40.0,289.0,376.0,900.0,4,918.0
8.0,10.0,40.0,289.0,376.0,591.0,4,918.0
8.0,10.0,289.0,336.0,376.0,591.0,4,918.0
8.0,10.0,40.0,289.0,591.0,684.0,4,918.0
8.0,10.0,40.0,289.0,591.0,684.0,4,918.0
8.0,10.0,40.0,234.0,684.0,900.0,4,918.0
8.0,10.0,40.0,376.0,548.0,684.0,4,900.0
8.0,10.0,40.0,376.0,548.0,684.0,4,900.0
8.0,10.0,234.0,289.0,591.0,900.0,4,918.0
8.0,10.0,289.0,336.0,376.0,591.0,4,918.0
8.0,10.0,40.0,234.0,376.0,591.0,4,900.0
8.0,10.0,40.0,234.0,376.0,548.0,4,900.0
8.0,10.0,111.0,336.0,548.0,624.0,4,900.0
8.0,14.0,302.0,520.0,854.0,1013.0,4,1015.0
8.0,14.0,134.0,472.0,520.0,753.0,4,854.0
8.0,14.0,134.0,472.0,753.0,840.0,4,854.0
8.0,14.0,134.0,472.0,516.0,753.0,4,840.0
8.0,14.0,134.0,302.0,472.0,516.0,4,753.0
8.0,14.0,302.0,472.0,516.0,753.0,4,1015.0
8.0,14.0,302.0,753.0,854.0,1013.0,4,1015.0
8.0,14.0,520.0,753.0,854.0,1013.0,4,1015.0
8.0,14.0,302.0,520.0,854.0,1013.0,4,1015.0
8.0,14.0,134.0,840.0,854.0,1013.0,4,1015.0
8.0,14.0,134.0,753.0,840.0,854.0,4,1013.0
8.0,13.0,91.0,164.0,238.0,418.0,4,518.0
8.0,13.0,91.0,164.0,238.0,398.0,4,418.0
8.0,13.0,91.0,164.0,238.0,398.0,4,688.0
8.0,13.0,91.0,164.0,238.0,398.0,4,688.0
8.0,13.0,91.0,356.0,418.0,518.0,4,823.0
8.0,13.0,238.0,418.0,518.0,688.0,4,823.0
8.0,13.0,164.0,238.0,418.0,518.0,4,688.0
8.0,10.0,289.0,376.0,591.0,684.0,4,918.0
8.0,10.0,40.0,234.0,289.0,591.0,4,918.0
8.0,10.0,40.0,234.0,289.0,900.0,4,918.0
8.0,10.0,40.0,234.0,376.0,900.0,4,918.0
8.0,10.0,40.0,376.0,548.0,684.0,4,900.0
8.0,10.0,40.0,376.0,548.0,684.0,4,900.0
8.0,10.0,40.0,376.0,591.0,684.0,4,900.0
8.0,10.0,234.0,289.0,376.0,591.0,4,918.0
8.0,10.0,40.0,234.0,548.0,591.0,4,918.0
8.0,10.0,289.0,376.0,591.0,684.0,4,918.0
8.0,10.0,289.0,376.0,591.0,684.0,4,918.0
8.0,10.0,234.0,289.0,376.0,591.0,4,918.0
8.0,10.0,40.0,234.0,289.0,548.0,4,918.0
8.0,10.0,40.0,289.0,548.0,765.0,4,900.0
8.0,10.0,40.0,376.0,548.0,765.0,4,900.0
8.0,10.0,289.0,376.0,591.0,684.0,4,918.0
8.0,10.0,289.0,376.0,591.0,684.0,4,918.0
8.0,10.0,40.0,234.0,289.0,591.0,4,918.0
8.0,10.0,40.0,234.0,289.0,900.0,4,918.0
8.0,10.0,40.0,234.0,376.0,548.0,4,900.0
8.0,10.0,40.0,376.0,591.0,684.0,4,900.0
8.0,10.0,289.0,376.0,591.0,684.0,4,918.0
8.0,10.0,289.0,376.0,591.0,684.0,4,918.0
8.0,10.0,289.0,376.0,591.0,684.0,4,918.0
8.0,10.0,289.0,376.0,591.0,684.0,4,918.0
8.0,10.0,40.0,234.0,289.0,624.0,4,918.0
8.0,10.0,40.0,234.0,289.0,624.0,4,900.0
8.0,10.0,111.0,234.0,548.0,624.0,4,765.0
8.0,10.0,289.0,376.0,591.0,684.0,4,918.0
8.0,10.0,40.0,289.0,591.0,684.0,4,918.0
8.0,10.0,40.0,234.0,289.0,591.0,4,918.0
8.0,10.0,40.0,234.0,376.0,548.0,4,900.0
8.0,10.0,234.0,289.0,376.0,548.0,4,918.0
8.0,10.0,234.0,289.0,376.0,548.0,4,918.0
8.0,10.0,289.0,376.0,591.0,684.0,4,918.0
8.0,10.0,289.0,376.0,591.0,684.0,4,918.0
8.0,10.0,40.0,289.0,591.0,684.0,4,918.0
8.0,10.0,40.0,234.0,289.0,548.0,4,900.0
8.0,10.0,40.0,289.0,591.0,684.0,4,918.0
8.0,10.0,40.0,289.0,591.0,684.0,4,918.0
8.0,10.0,40.0,289.0,591.0,684.0,4,918.0
8.0,10.0,289.0,376.0,591.0,684.0,4,918.0
8.0,10.0,234.0,376.0,591.0,684.0,4,918.0
8.0,10.0,40.0,234.0,376.0,548.0,4,918.0
8.0,10.0,40.0,234.0,376.0,548.0,4,900.0
8.0,10.0,40.0,289.0,376.0,548.0,4,900.0
8.0,10.0,40.0,289.0,376.0,548.0,4,900.0
8.0,10.0,40.0,289.0,376.0,591.0,4,918.0
8.0,10.0,40.0,289.0,376.0,548.0,4,918.0
8.0,10.0,40.0,234.0,289.0,548.0,4,900.0
8.0,10.0,40.0,234.0,289.0,548.0,4,900.0
8.0,10.0,40.0,234.0,376.0,591.0,4,918.0
8.0,10.0,40.0,289.0,376.0,591.0,4,918.0
8.0,10.0,234.0,548.0,624.0,765.0,4,900.0
8.0,10.0,289.0,376.0,591.0,684.0,4,918.0
8.0,10.0,40.0,289.0,376.0,548.0,4,918.0
8.0,10.0,289.0,376.0,591.0,684.0,4,918.0
8.0,10.0,289.0,376.0,591.0,684.0,4,918.0
8.0,10.0,289.0,376.0,591.0,684.0,4,918.0
8.0,10.0,289.0,376.0,591.0,684.0,4,918.0
8.0,10.0,289.0,376.0,591.0,684.0,4,918.0
8.0,10.0,289.0,376.0,591.0,684.0,4,918.0
8.0,10.0,40.0,47.0,234.0,591.0,4,900.0
8.0,10.0,40.0,47.0,234.0,591.0,4,900.0
8.0,10.0,40.0,47.0,289.0,591.0,4,900.0
8.0,10.0,40.0,47.0,289.0,591.0,4,918.0
8.0,10.0,40.0,234.0,591.0,684.0,4,918.0
8.0,10.0,40.0,289.0,591.0,684.0,4,918.0
8.0,10.0,40.0,289.0,591.0,684.0,4,918.0
8.0,10.0,289.0,376.0,591.0,684.0,4,918.0
8.0,10.0,40.0,289.0,591.0,684.0,4,918.0
8.0,10.0,40.0,234.0,548.0,684.0,4,900.0
8.0,10.0,47.0,289.0,376.0,591.0,4,918.0
8.0,10.0,234.0,376.0,591.0,684.0,4,918.0
8.0,10.0,47.0,289.0,376.0,591.0,4,918.0
8.0,10.0,47.0,289.0,376.0,548.0,4,918.0
8.0,10.0,47.0,234.0,376.0,548.0,4,918.0
8.0,10.0,40.0,234.0,548.0,684.0,4,900.0
8.0,10.0,40.0,289.0,591.0,684.0,4,918.0
8.0,10.0,40.0,47.0,289.0,591.0,4,918.0
8.0,10.0,40.0,47.0,289.0,591.0,4,918.0
8.0,33.0,258.0,313.0,361.0,861.0,4,976.0
8.0,33.0,258.0,313.0,361.0,861.0,4,976.0
8.0,33.0,258.0,313.0,361.0,385.0,4,861.0
8.0,33.0,219.0,318.0,492.0,861.0,4,976.0
8.0,33.0,258.0,313.0,318.0,361.0,4,976.0
8.0,33.0,219.0,258.0,318.0,361.0,4,976.0
8.0,33.0,313.0,318.0,385.0,492.0,4,861.0
8.0,33.0,258.0,361.0,385.0,861.0,4,976.0
8.0,33.0,219.0,314.0,470.0,492.0,4,861.0
8.0,10.0,47.0,289.0,376.0,591.0,4,918.0
8.0,10.0,40.0,289.0,591.0,684.0,4,918.0
8.0,10.0,40.0,234.0,548.0,624.0,4,684.0
8.0,10.0,40.0,234.0,548.0,624.0,4,684.0
8.0,10.0,40.0,47.0,234.0,548.0,4,624.0
8.0,10.0,40.0,47.0,289.0,591.0,4,918.0
8.0,10.0,289.0,376.0,591.0,684.0,4,918.0
8.0,10.0,40.0,47.0,234.0,591.0,4,918.0
8.0,10.0,40.0,234.0,591.0,684.0,4,918.0
8.0,10.0,40.0,234.0,624.0,684.0,4,918.0
8.0,10.0,40.0,234.0,624.0,684.0,4,918.0
8.0,10.0,40.0,47.0,234.0,548.0,4,591.0
8.0,10.0,40.0,47.0,234.0,548.0,4,591.0
8.0,10.0,40.0,289.0,376.0,591.0,4,918.0
8.0,24.0,60.0,275.0,863.0,888.0,4,926.0
8.0,24.0,60.0,275.0,570.0,863.0,4,888.0
8.0,24.0,60.0,275.0,570.0,576.0,4,825.0
8.0,24.0,60.0,275.0,576.0,825.0,4,888.0
8.0,24.0,275.0,576.0,825.0,863.0,4,888.0
8.0,24.0,275.0,576.0,825.0,863.0,4,888.0
8.0,24.0,275.0,576.0,863.0,888.0,4,926.0
8.0,24.0,60.0,275.0,576.0,825.0,4,926.0
8.0,24.0,60.0,275.0,576.0,825.0,4,926.0
8.0,24.0,60.0,275.0,576.0,825.0,4,926.0
8.0,24.0,60.0,275.0,863.0,888.0,4,926.0
8.0,24.0,60.0,275.0,576.0,863.0,4,888.0
8.0,24.0,60.0,275.0,576.0,863.0,4,888.0
8.0,11.0,181.0,294.0,455.0,535.0,4,974.0
8.0,11.0,181.0,294.0,455.0,535.0,4,974.0
8.0,11.0,181.0,281.0,294.0,425.0,4,781.0
8.0,11.0,281.0,425.0,535.0,781.0,4,974.0
8.0,11.0,181.0,425.0,498.0,594.0,4,781.0
8.0,11.0,181.0,294.0,425.0,594.0,4,781.0
8.0,11.0,25.0,181.0,498.0,594.0,4,781.0
8.0,10.0,47.0,289.0,376.0,591.0,4,918.0
8.0,10.0,40.0,289.0,548.0,684.0,4,918.0
8.0,10.0,40.0,234.0,548.0,684.0,4,900.0
8.0,10.0,40.0,234.0,548.0,684.0,4,900.0
8.0,10.0,40.0,234.0,548.0,684.0,4,900.0
8.0,10.0,47.0,289.0,376.0,591.0,4,918.0
8.0,10.0,47.0,289.0,376.0,591.0,4,918.0
8.0,10.0,111.0,234.0,429.0,624.0,4,900.0
8.0,10.0,111.0,429.0,548.0,624.0,4,900.0
8.0,10.0,111.0,429.0,548.0,624.0,4,900.0
8.0,10.0,47.0,289.0,376.0,591.0,4,918.0
8.0,10.0,40.0,234.0,376.0,624.0,4,900.0
8.0,10.0,40.0,234.0,289.0,591.0,4,900.0
8.0,10.0,40.0,47.0,289.0,591.0,4,918.0
8.0,10.0,40.0,47.0,289.0,591.0,4,918.0
8.0,10.0,40.0,47.0,289.0,591.0,4,918.0
8.0,10.0,40.0,47.0,289.0,591.0,4,624.0
8.0,10.0,47.0,289.0,376.0,591.0,4,918.0
8.0,10.0,47.0,289.0,376.0,591.0,4,918.0
8.0,10.0,40.0,234.0,289.0,591.0,4,918.0
8.0,10.0,111.0,289.0,591.0,684.0,4,918.0
8.0,10.0,47.0,289.0,376.0,591.0,4,918.0
8.0,10.0,47.0,111.0,289.0,548.0,4,918.0
8.0,10.0,111.0,234.0,548.0,684.0,4,900.0
8.0,10.0,234.0,548.0,591.0,684.0,4,900.0
8.0,10.0,47.0,234.0,548.0,591.0,4,900.0
8.0,10.0,47.0,234.0,376.0,591.0,4,918.0
8.0,10.0,47.0,289.0,376.0,591.0,4,918.0
8.0,10.0,47.0,289.0,376.0,591.0,4,918.0
8.0,10.0,47.0,289.0,376.0,591.0,4,918.0
8.0,10.0,47.0,289.0,376.0,591.0,4,918.0
8.0,10.0,47.0,289.0,548.0,591.0,4,918.0
8.0,10.0,234.0,289.0,548.0,591.0,4,918.0
8.0,10.0,234.0,289.0,548.0,591.0,4,900.0
8.0,10.0,234.0,548.0,591.0,684.0,4,900.0
8.0,10.0,111.0,234.0,548.0,684.0,4,900.0
8.0,10.0,111.0,234.0,548.0,684.0,4,900.0
8.0,10.0,47.0,289.0,376.0,591.0,4,918.0
8.0,10.0,40.0,289.0,548.0,684.0,4,900.0
8.0,10.0,40.0,234.0,548.0,684.0,4,900.0
8.0,10.0,47.0,289.0,376.0,591.0,4,918.0
8.0,10.0,40.0,47.0,234.0,591.0,4,918.0
8.0,10.0,40.0,234.0,591.0,684.0,4,900.0
8.0,10.0,40.0,47.0,289.0,591.0,4,918.0
8.0,10.0,289.0,376.0,591.0,684.0,4,918.0
8.0,10.0,234.0,289.0,376.0,591.0,4,918.0
8.0,10.0,40.0,234.0,289.0,548.0,4,918.0
8.0,10.0,40.0,234.0,376.0,591.0,4,900.0
8.0,10.0,289.0,376.0,591.0,684.0,4,918.0
8.0,10.0,234.0,289.0,376.0,591.0,4,900.0
8.0,10.0,40.0,234.0,429.0,591.0,4,900.0
8.0,10.0,40.0,234.0,376.0,548.0,4,918.0
8.0,10.0,40.0,234.0,289.0,591.0,4,918.0
8.0,10.0,40.0,289.0,591.0,684.0,4,918.0
8.0,33.0,219.0,258.0,318.0,361.0,4,492.0
8.0,33.0,219.0,258.0,361.0,492.0,4,861.0
8.0,33.0,219.0,313.0,318.0,975.0,4,976.0
8.0,33.0,313.0,318.0,492.0,861.0,4,976.0
8.0,33.0,313.0,361.0,861.0,975.0,4,976.0
8.0,33.0,219.0,258.0,318.0,361.0,4,492.0
8.0,33.0,258.0,313.0,318.0,361.0,4,976.0
8.0,33.0,313.0,361.0,861.0,975.0,4,976.0
8.0,33.0,258.0,313.0,492.0,861.0,4,976.0
8.0,33.0,219.0,258.0,313.0,861.0,4,976.0
8.0,33.0,219.0,361.0,861.0,975.0,4,976.0
8.0,33.0,219.0,361.0,861.0,975.0,4,976.0
8.0,10.0,40.0,234.0,289.0,624.0,4,918.0
8.0,10.0,47.0,289.0,376.0,591.0,4,918.0
8.0,10.0,47.0,289.0,376.0,591.0,4,918.0
8.0,10.0,234.0,289.0,376.0,591.0,4,918.0
8.0,10.0,234.0,289.0,376.0,591.0,4,918.0
8.0,10.0,47.0,289.0,376.0,591.0,4,918.0
8.0,10.0,40.0,47.0,376.0,624.0,4,918.0
8.0,10.0,40.0,47.0,376.0,624.0,4,918.0
8.0,10.0,40.0,234.0,289.0,624.0,4,900.0
8.0,10.0,40.0,234.0,289.0,591.0,4,900.0
8.0,10.0,40.0,47.0,289.0,591.0,4,918.0
8.0,10.0,40.0,289.0,376.0,591.0,4,918.0
8.0,10.0,376.0,548.0,624.0,765.0,4,900.0
8.0,29.0,83.0,230.0,242.0,260.0,4,860.0
8.0,29.0,83.0,242.0,456.0,809.0,4,860.0
8.0,29.0,83.0,230.0,242.0,456.0,4,860.0
8.0,29.0,83.0,230.0,242.0,260.0,4,860.0
8.0,29.0,83.0,230.0,242.0,769.0,4,860.0
8.0,29.0,83.0,230.0,242.0,769.0,4,860.0
8.0,29.0,230.0,260.0,456.0,755.0,4,867.0
8.0,10.0,47.0,289.0,376.0,591.0,4,918.0
8.0,10.0,40.0,234.0,289.0,591.0,4,918.0
8.0,10.0,40.0,289.0,624.0,684.0,4,900.0
8.0,10.0,40.0,289.0,591.0,684.0,4,900.0
8.0,10.0,40.0,289.0,591.0,684.0,4,900.0
8.0,10.0,47.0,289.0,591.0,900.0,4,918.0
8.0,10.0,47.0,289.0,376.0,591.0,4,918.0
8.0,10.0,40.0,289.0,376.0,624.0,4,918.0
8.0,10.0,40.0,289.0,376.0,624.0,4,918.0
8.0,10.0,40.0,289.0,376.0,624.0,4,900.0
8.0,10.0,40.0,376.0,591.0,684.0,4,918.0
8.0,10.0,40.0,47.0,289.0,591.0,4,918.0
8.0,10.0,40.0,289.0,376.0,591.0,4,918.0
8.0,0.0,244.0,252.0,573.0,789.0,4,792.0
8.0,0.0,13.0,252.0,573.0,601.0,4,721.0
8.0,0.0,13.0,252.0,465.0,601.0,4,721.0
8.0,0.0,244.0,465.0,573.0,721.0,4,789.0
8.0,0.0,13.0,244.0,465.0,601.0,4,789.0
8.0,0.0,244.0,465.0,573.0,789.0,4,792.0
8.0,0.0,252.0,573.0,601.0,721.0,4,792.0
8.0,0.0,13.0,252.0,573.0,601.0,4,721.0
8.0,0.0,244.0,465.0,573.0,721.0,4,789.0
8.0,23.0,33.0,454.0,612.0,614.0,4,955.0
8.0,23.0,33.0,799.0,896.0,955.0,4,972.0
8.0,23.0,180.0,454.0,524.0,612.0,4,955.0
8.0,23.0,33.0,454.0,524.0,612.0,4,614.0
8.0,23.0,33.0,454.0,524.0,612.0,4,614.0
8.0,23.0,33.0,524.0,612.0,614.0,4,799.0
8.0,23.0,454.0,524.0,612.0,896.0,4,955.0
8.0,23.0,33.0,524.0,612.0,896.0,4,955.0
8.0,23.0,33.0,612.0,614.0,896.0,4,955.0
8.0,23.0,454.0,614.0,799.0,896.0,4,955.0
8.0,23.0,454.0,614.0,799.0,896.0,4,955.0
8.0,23.0,454.0,614.0,799.0,896.0,4,955.0
8.0,26.0,381.0,384.0,402.0,468.0,4,554.0
8.0,26.0,381.0,384.0,402.0,468.0,4,554.0
8.0,26.0,381.0,384.0,402.0,468.0,4,554.0
8.0,26.0,384.0,554.0,635.0,748.0,4,954.0
8.0,26.0,468.0,635.0,748.0,837.0,4,954.0
8.0,26.0,384.0,468.0,748.0,837.0,4,954.0
8.0,26.0,384.0,402.0,468.0,554.0,4,635.0
8.0,26.0,384.0,554.0,635.0,748.0,4,954.0
8.0,26.0,402.0,635.0,748.0,837.0,4,954.0
8.0,26.0,384.0,635.0,748.0,837.0,4,954.0
8.0,26.0,384.0,468.0,635.0,837.0,4,954.0
8.0,18.0,51.0,580.0,758.0,948.0,4,1035.0
8.0,18.0,51.0,580.0,758.0,948.0,4,1035.0
8.0,18.0,51.0,580.0,758.0,834.0,4,948.0
8.0,18.0,150.0,758.0,892.0,948.0,4,1035.0
8.0,18.0,51.0,56.0,362.0,580.0,4,834.0
8.0,18.0,51.0,580.0,758.0,834.0,4,948.0
8.0,10.0,47.0,289.0,376.0,591.0,4,918.0
8.0,10.0,40.0,47.0,234.0,591.0,4,918.0
8.0,10.0,40.0,234.0,624.0,684.0,4,918.0
8.0,10.0,47.0,289.0,376.0,591.0,4,918.0
8.0,10.0,47.0,289.0,376.0,591.0,4,918.0
8.0,10.0,47.0,289.0,376.0,591.0,4,918.0
8.0,10.0,40.0,234.0,376.0,624.0,4,918.0
8.0,10.0,40.0,336.0,376.0,591.0,4,918.0
8.0,12.0,126.0,207.0,386.0,638.0,4,845.0
8.0,12.0,126.0,207.0,386.0,638.0,4,845.0
8.0,12.0,125.0,237.0,350.0,856.0,4,909.0
8.0,12.0,125.0,237.0,350.0,386.0,4,909.0
8.0,12.0,125.0,237.0,350.0,386.0,4,909.0
8.0,12.0,126.0,207.0,386.0,638.0,4,845.0
8.0,12.0,125.0,237.0,350.0,845.0,4,856.0
8.0,34.0,345.0,506.0,662.0,747.0,4,790.0
8.0,34.0,583.0,662.0,685.0,809.0,4,817.0
8.0,34.0,583.0,595.0,685.0,809.0,4,817.0
8.0,34.0,506.0,662.0,685.0,747.0,4,809.0
8.0,34.0,345.0,506.0,662.0,747.0,4,790.0
8.0,34.0,345.0,506.0,595.0,662.0,4,790.0
8.0,34.0,345.0,506.0,662.0,747.0,4,790.0
8.0,34.0,506.0,595.0,685.0,747.0,4,817.0
8.0,34.0,345.0,506.0,747.0,790.0,4,817.0
8.0,6.0,388.0,623.0,693.0,957.0,4,980.0
8.0,6.0,388.0,400.0,579.0,606.0,4,957.0
8.0,6.0,400.0,579.0,606.0,623.0,4,980.0
8.0,6.0,400.0,579.0,606.0,623.0,4,957.0
8.0,6.0,388.0,400.0,623.0,693.0,4,980.0
8.0,6.0,388.0,400.0,579.0,606.0,4,623.0
8.0,32.0,34.0,370.0,511.0,634.0,4,944.0
8.0,32.0,34.0,370.0,511.0,634.0,4,944.0
8.0,32.0,241.0,370.0,426.0,511.0,4,602.0
8.0,32.0,34.0,370.0,634.0,944.0,4,986.0
8.0,32.0,34.0,370.0,634.0,944.0,4,986.0
8.0,32.0,241.0,370.0,511.0,784.0,4,944.0
8.0,32.0,173.0,369.0,426.0,613.0,4,634.0
8.0,1.0,78.0,106.0,333.0,669.0,4,989.0
8.0,1.0,78.0,333.0,392.0,410.0,4,989.0
8.0,1.0,392.0,410.0,435.0,510.0,4,669.0
8.0,1.0,392.0,410.0,435.0,510.0,4,669.0
8.0,1.0,78.0,106.0,333.0,392.0,4,410.0
8.0,1.0,78.0,106.0,392.0,669.0,4,989.0
8.0,2.0,17.0,255.0,493.0,679.0,4,687.0
8.0,2.0,17.0,120.0,255.0,493.0,4,679.0
8.0,2.0,17.0,120.0,255.0,493.0,4,679.0
8.0,2.0,17.0,98.0,120.0,444.0,4,948.0
8.0,2.0,98.0,255.0,493.0,687.0,4,948.0
8.0,2.0,17.0,120.0,255.0,444.0,4,493.0
8.0,2.0,17.0,120.0,255.0,444.0,4,493.0
8.0,2.0,98.0,444.0,679.0,687.0,4,948.0
8.0,2.0,17.0,120.0,255.0,444.0,4,493.0
8.0,10.0,47.0,289.0,376.0,591.0,4,918.0
8.0,10.0,47.0,289.0,376.0,591.0,4,918.0
8.0,10.0,40.0,47.0,289.0,548.0,4,918.0
8.0,10.0,40.0,336.0,376.0,591.0,4,900.0
8.0,10.0,289.0,336.0,591.0,900.0,4,918.0
8.0,10.0,40.0,47.0,289.0,591.0,4,918.0
8.0,10.0,40.0,47.0,289.0,591.0,4,900.0
8.0,10.0,40.0,289.0,376.0,591.0,4,900.0
8.0,10.0,40.0,289.0,376.0,900.0,4,918.0
8.0,10.0,40.0,289.0,376.0,900.0,4,918.0
8.0,10.0,40.0,289.0,376.0,900.0,4,918.0
8.0,10.0,47.0,289.0,376.0,591.0,4,918.0
8.0,10.0,47.0,289.0,376.0,591.0,4,918.0
8.0,10.0,40.0,376.0,624.0,684.0,4,900.0
8.0,10.0,40.0,336.0,376.0,591.0,4,900.0
8.0,10.0,40.0,289.0,336.0,591.0,4,900.0
8.0,10.0,40.0,289.0,336.0,591.0,4,900.0
8.0,10.0,47.0,289.0,591.0,900.0,4,918.0
8.0,10.0,47.0,289.0,376.0,591.0,4,918.0
8.0,10.0,47.0,289.0,376.0,591.0,4,918.0
8.0,10.0,40.0,47.0,289.0,591.0,4,918.0
8.0,10.0,40.0,376.0,591.0,684.0,4,900.0
8.0,10.0,40.0,376.0,684.0,900.0,4,918.0
8.0,10.0,40.0,336.0,376.0,900.0,4,918.0
8.0,10.0,40.0,289.0,591.0,624.0,4,684.0
8.0,10.0,40.0,234.0,336.0,624.0,4,900.0
8.0,10.0,40.0,47.0,234.0,900.0,4,918.0
8.0,10.0,47.0,234.0,591.0,900.0,4,918.0
8.0,10.0,289.0,376.0,591.0,900.0,4,918.0
8.0,10.0,47.0,289.0,376.0,591.0,4,918.0
8.0,10.0,40.0,289.0,591.0,900.0,4,918.0
8.0,10.0,40.0,289.0,591.0,624.0,4,900.0
8.0,10.0,40.0,376.0,591.0,624.0,4,900.0
8.0,27.0,23.0,109.0,319.0,680.0,4,777.0
8.0,27.0,23.0,319.0,351.0,680.0,4,777.0
8.0,27.0,109.0,351.0,668.0,680.0,4,935.0
8.0,27.0,23.0,109.0,668.0,777.0,4,935.0
8.0,27.0,23.0,319.0,668.0,777.0,4,935.0
8.0,27.0,23.0,319.0,668.0,777.0,4,935.0
8.0,27.0,319.0,351.0,680.0,777.0,4,935.0
8.0,27.0,319.0,351.0,680.0,777.0,4,935.0
8.0,27.0,69.0,105.0,351.0,777.0,4,935.0
8.0,27.0,69.0,105.0,319.0,668.0,4,935.0
8.0,27.0,69.0,105.0,298.0,670.0,4,823.0
8.0,10.0,47.0,289.0,376.0,591.0,4,918.0
8.0,10.0,47.0,289.0,376.0,591.0,4,918.0
8.0,10.0,40.0,376.0,624.0,684.0,4,900.0
8.0,10.0,40.0,47.0,289.0,591.0,4,900.0
8.0,10.0,40.0,47.0,624.0,900.0,4,918.0
8.0,10.0,40.0,591.0,624.0,684.0,4,900.0
8.0,10.0,40.0,591.0,624.0,684.0,4,900.0
8.0,10.0,40.0,591.0,624.0,684.0,4,918.0
8.0,10.0,40.0,47.0,289.0,591.0,4,918.0
8.0,8.0,215.0,421.0,571.0,811.0,4,1027.0
8.0,8.0,215.0,421.0,571.0,811.0,4,1027.0
8.0,8.0,215.0,421.0,571.0,811.0,4,1027.0
8.0,8.0,215.0,421.0,571.0,811.0,4,1027.0
8.0,8.0,397.0,421.0,571.0,1017.0,4,1027.0
8.0,8.0,215.0,421.0,571.0,811.0,4,1027.0
8.0,8.0,215.0,421.0,571.0,811.0,4,1027.0
8.0,10.0,40.0,47.0,289.0,591.0,4,918.0
8.0,10.0,40.0,289.0,548.0,684.0,4,918.0
8.0,10.0,40.0,234.0,548.0,684.0,4,900.0
8.0,10.0,40.0,234.0,548.0,684.0,4,900.0
8.0,10.0,40.0,234.0,548.0,684.0,4,900.0
8.0,10.0,234.0,289.0,591.0,900.0,4,918.0
8.0,10.0,47.0,289.0,376.0,591.0,4,918.0
8.0,10.0,47.0,289.0,376.0,591.0,4,918.0
8.0,10.0,47.0,289.0,376.0,591.0,4,918.0
8.0,10.0,40.0,234.0,548.0,684.0,4,900.0
8.0,10.0,40.0,234.0,336.0,548.0,4,624.0
8.0,10.0,40.0,289.0,336.0,591.0,4,918.0
8.0,10.0,40.0,234.0,336.0,548.0,4,900.0
8.0,10.0,40.0,47.0,376.0,900.0,4,918.0
8.0,10.0,40.0,47.0,429.0,591.0,4,918.0
8.0,10.0,40.0,47.0,429.0,591.0,4,918.0
8.0,10.0,40.0,234.0,289.0,591.0,4,900.0
8.0,10.0,40.0,47.0,289.0,591.0,4,900.0
8.0,10.0,47.0,289.0,376.0,548.0,4,918.0
8.0,10.0,40.0,289.0,376.0,624.0,4,918.0
8.0,10.0,40.0,289.0,624.0,684.0,4,918.0
8.0,10.0,40.0,376.0,548.0,684.0,4,900.0
8.0,10.0,40.0,376.0,548.0,684.0,4,900.0
8.0,10.0,47.0,289.0,548.0,900.0,4,918.0
8.0,10.0,40.0,47.0,289.0,624.0,4,918.0
8.0,10.0,47.0,289.0,376.0,548.0,4,918.0
8.0,10.0,40.0,47.0,289.0,624.0,4,918.0
8.0,10.0,40.0,289.0,336.0,624.0,4,918.0
8.0,10.0,40.0,336.0,376.0,624.0,4,900.0
8.0,10.0,40.0,336.0,376.0,624.0,4,900.0
8.0,10.0,40.0,336.0,376.0,624.0,4,900.0
8.0,10.0,47.0,289.0,376.0,548.0,4,918.0
8.0,10.0,40.0,289.0,624.0,684.0,4,918.0
8.0,10.0,40.0,234.0,624.0,684.0,4,900.0
8.0,10.0,234.0,336.0,376.0,548.0,4,900.0
8.0,10.0,289.0,336.0,376.0,900.0,4,918.0
8.0,10.0,47.0,289.0,376.0,900.0,4,918.0
8.0,10.0,47.0,289.0,376.0,624.0,4,918.0
8.0,10.0,40.0,289.0,336.0,624.0,4,918.0
8.0,10.0,40.0,289.0,336.0,624.0,4,918.0
8.0,10.0,40.0,289.0,624.0,684.0,4,918.0
8.0,10.0,40.0,234.0,624.0,684.0,4,900.0
8.0,10.0,111.0,234.0,429.0,624.0,4,900.0
8.0,10.0,47.0,289.0,376.0,548.0,4,918.0
8.0,10.0,40.0,47.0,289.0,624.0,4,918.0
8.0,10.0,40.0,376.0,624.0,684.0,4,900.0
8.0,10.0,47.0,376.0,548.0,900.0,4,918.0
8.0,10.0,47.0,289.0,548.0,900.0,4,918.0
8.0,10.0,47.0,289.0,376.0,548.0,4,918.0
8.0,10.0,40.0,47.0,289.0,624.0,4,918.0
8.0,10.0,40.0,47.0,376.0,624.0,4,900.0
8.0,10.0,40.0,47.0,376.0,624.0,4,900.0
8.0,10.0,40.0,47.0,289.0,900.0,4,918.0
8.0,10.0,47.0,289.0,376.0,591.0,4,918.0
8.0,10.0,40.0,234.0,591.0,684.0,4,900.0
8.0,10.0,47.0,289.0,548.0,591.0,4,918.0
8.0,10.0,47.0,289.0,376.0,548.0,4,918.0
8.0,10.0,47.0,289.0,376.0,591.0,4,918.0
8.0,10.0,47.0,289.0,376.0,624.0,4,918.0
8.0,10.0,47.0,234.0,376.0,624.0,4,918.0
8.0,10.0,40.0,47.0,234.0,624.0,4,918.0
8.0,10.0,40.0,234.0,624.0,684.0,4,918.0
8.0,10.0,40.0,234.0,624.0,684.0,4,918.0
8.0,10.0,40.0,111.0,234.0,684.0,4,900.0
8.0,10.0,40.0,111.0,234.0,336.0,4,900.0
8.0,10.0,111.0,336.0,548.0,684.0,4,900.0
8.0,10.0,111.0,336.0,548.0,684.0,4,900.0
8.0,28.0,30.0,74.0,203.0,285.0,4,842.0
8.0,28.0,30.0,74.0,203.0,285.0,4,842.0
8.0,28.0,30.0,74.0,128.0,496.0,4,922.0
8.0,28.0,30.0,128.0,203.0,285.0,4,842.0
8.0,28.0,30.0,74.0,128.0,203.0,4,496.0
8.0,28.0,28.0,128.0,203.0,496.0,4,701.0
8.0,28.0,28.0,128.0,496.0,701.0,4,922.0
8.0,28.0,28.0,30.0,74.0,128.0,4,203.0
8.0,15.0,86.0,463.0,593.0,960.0,4,1005.0
8.0,15.0,659.0,714.0,960.0,1005.0,4,1036.0
8.0,15.0,463.0,659.0,714.0,960.0,4,1036.0
8.0,15.0,86.0,188.0,463.0,659.0,4,714.0
8.0,15.0,86.0,463.0,659.0,714.0,4,1005.0
8.0,15.0,86.0,463.0,593.0,749.0,4,1005.0
8.0,15.0,463.0,659.0,714.0,749.0,4,1036.0
8.0,17.0,328.0,354.0,587.0,703.0,4,1037.0
8.0,17.0,328.0,354.0,587.0,985.0,4,1037.0
8.0,17.0,328.0,354.0,587.0,985.0,4,1037.0
8.0,17.0,328.0,354.0,484.0,587.0,4,1037.0
8.0,17.0,439.0,484.0,502.0,764.0,4,985.0
8.0,17.0,439.0,484.0,502.0,764.0,4,985.0
8.0,13.0,91.0,164.0,238.0,398.0,4,688.0
8.0,13.0,91.0,164.0,238.0,398.0,4,688.0
8.0,13.0,77.0,91.0,356.0,380.0,4,398.0
8.0,13.0,77.0,91.0,356.0,380.0,4,398.0
8.0,13.0,91.0,164.0,238.0,398.0,4,688.0
8.0,13.0,91.0,164.0,238.0,398.0,4,688.0
8.0,10.0,47.0,234.0,376.0,591.0,4,918.0
8.0,10.0,40.0,234.0,624.0,684.0,4,918.0
8.0,10.0,40.0,429.0,624.0,684.0,4,900.0
8.0,10.0,336.0,376.0,548.0,591.0,4,918.0
8.0,10.0,47.0,234.0,376.0,591.0,4,918.0
8.0,10.0,40.0,47.0,429.0,624.0,4,900.0
8.0,10.0,40.0,429.0,624.0,684.0,4,900.0
8.0,10.0,40.0,429.0,624.0,684.0,4,900.0
8.0,7.0,16.0,33.0,731.0,808.0,4,829.0
8.0,7.0,16.0,33.0,149.0,267.0,4,396.0
8.0,7.0,16.0,149.0,267.0,396.0,4,994.0
8.0,7.0,267.0,277.0,396.0,731.0,4,994.0
8.0,7.0,267.0,277.0,396.0,731.0,4,829.0
8.0,7.0,16.0,277.0,396.0,731.0,4,829.0
8.0,7.0,16.0,267.0,277.0,396.0,4,731.0
8.0,30.0,217.0,559.0,689.0,953.0,4,963.0
8.0,30.0,217.0,559.0,689.0,785.0,4,953.0
8.0,30.0,73.0,100.0,217.0,657.0,4,963.0
8.0,30.0,217.0,559.0,663.0,953.0,4,963.0
8.0,30.0,186.0,217.0,559.0,689.0,4,953.0
8.0,30.0,100.0,186.0,559.0,657.0,4,953.0
8.0,30.0,73.0,100.0,657.0,663.0,4,963.0
8.0,30.0,100.0,461.0,657.0,663.0,4,963.0
8.0,22.0,58.0,320.0,763.0,802.0,4,864.0
8.0,22.0,26.0,218.0,763.0,864.0,4,959.0
8.0,22.0,26.0,218.0,802.0,864.0,4,990.0
8.0,22.0,58.0,218.0,802.0,864.0,4,990.0
8.0,22.0,58.0,320.0,763.0,768.0,4,802.0
8.0,22.0,58.0,320.0,768.0,802.0,4,990.0
8.0,22.0,58.0,320.0,768.0,802.0,4,990.0
8.0,22.0,58.0,320.0,802.0,864.0,4,990.0
8.0,22.0,58.0,320.0,802.0,864.0,4,990.0
8.0,22.0,58.0,218.0,763.0,864.0,4,959.0
8.0,22.0,58.0,320.0,802.0,864.0,4,990.0
8.0,10.0,47.0,289.0,376.0,591.0,4,918.0
8.0,10.0,40.0,289.0,548.0,684.0,4,918.0
8.0,10.0,40.0,234.0,548.0,684.0,4,900.0
8.0,10.0,47.0,376.0,591.0,900.0,4,918.0
8.0,10.0,47.0,289.0,376.0,591.0,4,918.0
8.0,10.0,47.0,289.0,376.0,591.0,4,918.0
8.0,10.0,47.0,289.0,376.0,591.0,4,918.0
8.0,10.0,40.0,289.0,376.0,591.0,4,900.0
8.0,10.0,40.0,47.0,111.0,548.0,4,900.0
8.0,10.0,40.0,47.0,111.0,900.0,4,918.0
8.0,10.0,40.0,47.0,289.0,591.0,4,918.0
8.0,10.0,47.0,289.0,376.0,591.0,4,918.0
8.0,10.0,40.0,47.0,376.0,591.0,4,918.0
8.0,10.0,40.0,289.0,591.0,684.0,4,900.0
8.0,10.0,40.0,289.0,376.0,591.0,4,900.0
8.0,10.0,289.0,376.0,591.0,900.0,4,918.0
8.0,10.0,47.0,289.0,376.0,591.0,4,918.0
8.0,10.0,40.0,336.0,376.0,548.0,4,918.0
8.0,10.0,40.0,336.0,376.0,548.0,4,918.0
8.0,10.0,40.0,47.0,289.0,591.0,4,918.0
8.0,10.0,47.0,289.0,376.0,591.0,4,918.0
8.0,10.0,40.0,47.0,289.0,624.0,4,918.0
8.0,10.0,40.0,289.0,336.0,624.0,4,918.0
8.0,10.0,40.0,289.0,336.0,624.0,4,918.0
8.0,10.0,40.0,234.0,336.0,591.0,4,900.0
8.0,10.0,40.0,47.0,376.0,591.0,4,900.0
8.0,10.0,47.0,289.0,376.0,591.0,4,900.0
8.0,10.0,47.0,289.0,376.0,591.0,4,900.0
8.0,10.0,289.0,336.0,591.0,900.0,4,918.0
8.0,10.0,47.0,289.0,376.0,591.0,4,918.0
8.0,10.0,289.0,336.0,376.0,591.0,4,918.0
8.0,10.0,40.0,289.0,591.0,684.0,4,918.0
8.0,10.0,40.0,289.0,591.0,684.0,4,918.0
8.0,10.0,40.0,376.0,624.0,684.0,4,918.0
8.0,10.0,47.0,289.0,376.0,591.0,4,918.0
8.0,10.0,40.0,47.0,289.0,624.0,4,918.0
8.0,10.0,40.0,289.0,336.0,591.0,4,900.0
8.0,10.0,40.0,47.0,289.0,591.0,4,918.0
8.0,10.0,40.0,47.0,289.0,591.0,4,918.0
8.0,10.0,376.0,429.0,548.0,684.0,4,900.0
8.0,10.0,111.0,336.0,548.0,624.0,4,900.0
8.0,10.0,111.0,336.0,548.0,624.0,4,684.0
8.0,10.0,111.0,429.0,548.0,624.0,4,684.0
8.0,10.0,111.0,336.0,624.0,684.0,4,900.0
8.0,13.0,91.0,164.0,398.0,688.0,4,914.0
8.0,13.0,157.0,310.0,418.0,518.0,4,914.0
8.0,13.0,157.0,238.0,418.0,518.0,4,914.0
8.0,13.0,91.0,157.0,238.0,418.0,4,518.0
8.0,13.0,91.0,164.0,238.0,398.0,4,688.0
8.0,13.0,91.0,164.0,238.0,398.0,4,688.0
8.0,13.0,91.0,164.0,238.0,418.0,4,688.0
8.0,13.0,91.0,164.0,238.0,418.0,4,688.0
8.0,13.0,157.0,238.0,418.0,518.0,4,914.0
8.0,13.0,91.0,157.0,418.0,518.0,4,914.0
8.0,14.0,302.0,472.0,520.0,592.0,4,1015.0
8.0,14.0,302.0,472.0,520.0,592.0,4,1015.0
8.0,14.0,302.0,592.0,840.0,854.0,4,1028.0
8.0,14.0,134.0,520.0,592.0,854.0,4,1015.0
8.0,14.0,134.0,472.0,520.0,592.0,4,1015.0
8.0,14.0,134.0,302.0,472.0,592.0,4,1015.0
8.0,14.0,134.0,472.0,520.0,592.0,4,1015.0
8.0,14.0,302.0,472.0,520.0,592.0,4,1015.0
8.0,14.0,472.0,520.0,840.0,1013.0,4,1015.0
8.0,14.0,516.0,520.0,840.0,854.0,4,1013.0
8.0,14.0,302.0,520.0,592.0,854.0,4,1013.0
8.0,14.0,134.0,472.0,520.0,592.0,4,1015.0
8.0,13.0,91.0,157.0,164.0,518.0,4,914.0
8.0,13.0,157.0,380.0,438.0,518.0,4,914.0
8.0,13.0,157.0,380.0,438.0,518.0,4,914.0
8.0,13.0,157.0,380.0,438.0,518.0,4,914.0
8.0,13.0,91.0,164.0,398.0,688.0,4,914.0
8.0,13.0,91.0,164.0,398.0,688.0,4,914.0
8.0,13.0,91.0,164.0,238.0,398.0,4,688.0
8.0,13.0,91.0,164.0,238.0,398.0,4,518.0
8.0,13.0,91.0,164.0,238.0,398.0,4,688.0
8.0,13.0,91.0,164.0,238.0,398.0,4,688.0
8.0,13.0,91.0,164.0,238.0,418.0,4,823.0
8.0,13.0,380.0,418.0,518.0,823.0,4,914.0
8.0,13.0,91.0,418.0,518.0,688.0,4,914.0
8.0,13.0,91.0,164.0,238.0,418.0,4,688.0
8.0,13.0,91.0,164.0,238.0,418.0,4,688.0
8.0,13.0,91.0,418.0,518.0,823.0,4,914.0
8.0,13.0,238.0,418.0,518.0,823.0,4,914.0
8.0,13.0,91.0,164.0,238.0,418.0,4,823.0
8.0,13.0,91.0,164.0,518.0,688.0,4,914.0
8.0,13.0,238.0,418.0,518.0,688.0,4,914.0
8.0,13.0,91.0,164.0,238.0,398.0,4,688.0
8.0,13.0,91.0,164.0,238.0,398.0,4,418.0
8.0,13.0,164.0,238.0,398.0,418.0,4,914.0
8.0,13.0,164.0,238.0,398.0,418.0,4,914.0
8.0,13.0,238.0,356.0,418.0,518.0,4,688.0
8.0,13.0,238.0,356.0,418.0,518.0,4,688.0
8.0,13.0,91.0,356.0,398.0,518.0,4,688.0
8.0,13.0,91.0,356.0,398.0,518.0,4,688.0
8.0,13.0,91.0,164.0,238.0,398.0,4,688.0
8.0,13.0,91.0,164.0,238.0,398.0,4,418.0
8.0,13.0,164.0,238.0,398.0,688.0,4,914.0
8.0,13.0,380.0,418.0,518.0,688.0,4,914.0
8.0,13.0,91.0,238.0,418.0,518.0,4,688.0
8.0,13.0,164.0,238.0,356.0,398.0,4,688.0
8.0,13.0,91.0,164.0,238.0,398.0,4,418.0
8.0,13.0,91.0,164.0,238.0,398.0,4,688.0
8.0,13.0,91.0,398.0,518.0,688.0,4,914.0
8.0,13.0,356.0,418.0,518.0,688.0,4,914.0
8.0,13.0,91.0,164.0,238.0,398.0,4,418.0
8.0,13.0,91.0,164.0,238.0,418.0,4,688.0
8.0,13.0,91.0,164.0,418.0,688.0,4,914.0
8.0,13.0,238.0,418.0,518.0,823.0,4,914.0
8.0,13.0,164.0,398.0,418.0,688.0,4,914.0
8.0,13.0,91.0,164.0,238.0,398.0,4,688.0
8.0,13.0,91.0,164.0,238.0,398.0,4,688.0
8.0,13.0,91.0,164.0,238.0,398.0,4,688.0
8.0,13.0,91.0,164.0,418.0,518.0,4,914.0
8.0,13.0,164.0,238.0,398.0,688.0,4,914.0
8.0,13.0,91.0,164.0,398.0,418.0,4,688.0
8.0,13.0,91.0,164.0,398.0,418.0,4,518.0
8.0,13.0,91.0,164.0,418.0,823.0,4,914.0
8.0,13.0,356.0,418.0,518.0,823.0,4,914.0
8.0,13.0,356.0,418.0,518.0,823.0,4,914.0
8.0,13.0,164.0,238.0,418.0,518.0,4,914.0
8.0,13.0,91.0,164.0,238.0,418.0,4,518.0
8.0,13.0,238.0,418.0,518.0,688.0,4,914.0
8.0,13.0,91.0,164.0,238.0,418.0,4,688.0
8.0,13.0,91.0,164.0,238.0,398.0,4,418.0
8.0,25.0,146.0,642.0,696.0,759.0,4,1003.0
8.0,25.0,146.0,642.0,696.0,759.0,4,1003.0
8.0,25.0,146.0,696.0,759.0,958.0,4,1003.0
8.0,25.0,146.0,696.0,759.0,958.0,4,1003.0
8.0,25.0,146.0,311.0,696.0,759.0,4,958.0
8.0,25.0,146.0,269.0,311.0,696.0,4,1024.0
8.0,25.0,50.0,269.0,311.0,696.0,4,1024.0
8.0,16.0,153.0,424.0,531.0,674.0,4,893.0
8.0,16.0,155.0,646.0,674.0,893.0,4,903.0
8.0,16.0,153.0,155.0,646.0,674.0,4,893.0
8.0,16.0,153.0,216.0,531.0,893.0,4,897.0
8.0,16.0,153.0,216.0,531.0,674.0,4,897.0
8.0,16.0,153.0,531.0,674.0,893.0,4,897.0
8.0,16.0,153.0,155.0,674.0,893.0,4,897.0
8.0,16.0,424.0,546.0,893.0,897.0,4,903.0
8.0,15.0,188.0,659.0,714.0,960.0,4,1036.0
8.0,15.0,86.0,188.0,659.0,1005.0,4,1036.0
8.0,15.0,509.0,593.0,714.0,802.0,4,1005.0
8.0,15.0,509.0,659.0,714.0,802.0,4,960.0
8.0,15.0,509.0,659.0,714.0,802.0,4,960.0
8.0,15.0,188.0,659.0,714.0,960.0,4,1036.0
8.0,15.0,188.0,659.0,714.0,802.0,4,1036.0
8.0,15.0,86.0,188.0,659.0,802.0,4,1036.0
8.0,15.0,86.0,188.0,509.0,593.0,4,802.0
8.0,15.0,509.0,659.0,714.0,749.0,4,802.0
8.0,15.0,86.0,188.0,443.0,509.0,4,749.0
8.0,5.0,89.0,117.0,179.0,348.0,4,611.0
8.0,5.0,89.0,117.0,179.0,348.0,4,611.0
8.0,5.0,89.0,117.0,179.0,352.0,4,568.0
8.0,9.0,39.0,137.0,194.0,535.0,4,574.0
8.0,9.0,137.0,366.0,510.0,604.0,4,913.0
8.0,9.0,39.0,139.0,194.0,535.0,4,574.0
8.0,9.0,39.0,194.0,366.0,535.0,4,574.0
8.0,9.0,39.0,535.0,574.0,604.0,4,913.0
8.0,11.0,281.0,391.0,425.0,938.0,4,974.0
8.0,11.0,391.0,425.0,594.0,938.0,4,974.0
8.0,11.0,338.0,425.0,455.0,498.0,4,594.0
8.0,11.0,281.0,391.0,425.0,594.0,4,974.0
8.0,11.0,281.0,338.0,425.0,594.0,4,974.0
8.0,11.0,338.0,425.0,498.0,974.0,4,981.0
8.0,11.0,498.0,594.0,752.0,938.0,4,981.0
8.0,33.0,21.0,219.0,492.0,861.0,4,975.0
8.0,33.0,21.0,219.0,361.0,861.0,4,975.0
8.0,33.0,258.0,318.0,361.0,492.0,4,976.0
8.0,33.0,21.0,258.0,318.0,361.0,4,976.0
8.0,33.0,219.0,258.0,318.0,361.0,4,492.0
8.0,33.0,21.0,219.0,258.0,492.0,4,861.0
8.0,33.0,21.0,258.0,361.0,861.0,4,976.0
8.0,13.0,91.0,164.0,238.0,398.0,4,688.0
8.0,13.0,91.0,380.0,418.0,518.0,4,914.0
8.0,13.0,356.0,380.0,418.0,518.0,4,914.0
8.0,13.0,356.0,380.0,418.0,518.0,4,914.0
8.0,13.0,91.0,164.0,238.0,398.0,4,688.0
8.0,13.0,91.0,164.0,238.0,398.0,4,688.0
8.0,13.0,91.0,164.0,238.0,398.0,4,688.0
8.0,13.0,91.0,164.0,238.0,398.0,4,688.0
8.0,13.0,91.0,164.0,238.0,398.0,4,688.0
8.0,13.0,238.0,418.0,518.0,688.0,4,914.0
8.0,13.0,310.0,438.0,518.0,823.0,4,914.0
8.0,13.0,91.0,164.0,238.0,398.0,4,688.0
8.0,13.0,91.0,164.0,238.0,398.0,4,688.0
8.0,13.0,380.0,418.0,518.0,688.0,4,914.0
8.0,13.0,91.0,164.0,238.0,398.0,4,688.0
8.0,13.0,91.0,164.0,238.0,398.0,4,688.0
8.0,13.0,91.0,164.0,238.0,398.0,4,688.0
8.0,13.0,91.0,164.0,238.0,398.0,4,688.0
8.0,13.0,91.0,164.0,238.0,398.0,4,688.0
8.0,13.0,91.0,164.0,238.0,398.0,4,418.0
8.0,13.0,356.0,398.0,418.0,518.0,4,914.0
8.0,13.0,356.0,418.0,518.0,688.0,4,914.0
8.0,13.0,356.0,418.0,518.0,688.0,4,914.0
8.0,13.0,91.0,164.0,238.0,398.0,4,688.0
8.0,13.0,91.0,164.0,238.0,398.0,4,418.0
8.0,13.0,91.0,164.0,238.0,398.0,4,418.0
8.0,13.0,356.0,380.0,418.0,438.0,4,914.0
8.0,13.0,91.0,164.0,238.0,398.0,4,688.0
8.0,13.0,91.0,164.0,238.0,398.0,4,688.0
8.0,13.0,91.0,164.0,238.0,398.0,4,688.0
8.0,13.0,91.0,164.0,238.0,418.0,4,688.0
8.0,13.0,91.0,164.0,398.0,418.0,4,914.0
8.0,13.0,238.0,398.0,418.0,688.0,4,914.0
8.0,13.0,238.0,398.0,418.0,688.0,4,914.0
8.0,13.0,238.0,398.0,418.0,688.0,4,914.0
8.0,13.0,91.0,164.0,238.0,398.0,4,688.0
8.0,13.0,91.0,164.0,238.0,398.0,4,688.0
8.0,13.0,356.0,380.0,418.0,438.0,4,914.0
8.0,13.0,91.0,164.0,238.0,398.0,4,688.0
8.0,13.0,91.0,164.0,238.0,398.0,4,688.0
8.0,13.0,91.0,164.0,238.0,418.0,4,688.0
8.0,13.0,238.0,380.0,398.0,418.0,4,914.0
8.0,12.0,125.0,237.0,845.0,856.0,4,909.0
8.0,12.0,125.0,126.0,620.0,638.0,4,845.0
8.0,12.0,125.0,126.0,620.0,638.0,4,845.0
8.0,12.0,125.0,126.0,207.0,237.0,4,620.0
8.0,12.0,125.0,126.0,207.0,237.0,4,620.0
8.0,12.0,125.0,126.0,207.0,620.0,4,638.0
8.0,12.0,125.0,126.0,207.0,620.0,4,638.0
8.0,12.0,125.0,126.0,207.0,620.0,4,638.0
8.0,12.0,125.0,126.0,620.0,638.0,4,845.0
8.0,34.0,104.0,506.0,595.0,662.0,4,790.0
8.0,34.0,104.0,506.0,595.0,747.0,4,790.0
8.0,34.0,104.0,506.0,595.0,747.0,4,817.0
8.0,34.0,104.0,506.0,595.0,747.0,4,817.0
8.0,34.0,41.0,583.0,747.0,774.0,4,817.0
8.0,34.0,41.0,583.0,747.0,774.0,4,817.0
8.0,34.0,104.0,506.0,595.0,662.0,4,790.0
8.0,34.0,104.0,506.0,595.0,662.0,4,790.0
8.0,34.0,104.0,506.0,595.0,662.0,4,790.0
8.0,34.0,104.0,506.0,662.0,747.0,4,817.0
8.0,34.0,104.0,506.0,583.0,747.0,4,817.0
8.0,34.0,104.0,506.0,747.0,790.0,4,817.0
8.0,34.0,104.0,506.0,747.0,790.0,4,817.0
8.0,17.0,109.0,354.0,406.0,484.0,4,619.0
8.0,17.0,354.0,439.0,484.0,569.0,4,1037.0
8.0,17.0,406.0,439.0,569.0,587.0,4,619.0
8.0,17.0,406.0,439.0,569.0,587.0,4,619.0
8.0,17.0,406.0,439.0,569.0,587.0,4,619.0
8.0,17.0,439.0,484.0,569.0,587.0,4,619.0
8.0,17.0,406.0,484.0,569.0,587.0,4,619.0
8.0,17.0,406.0,484.0,569.0,587.0,4,619.0
8.0,13.0,91.0,164.0,238.0,398.0,4,688.0
8.0,13.0,91.0,164.0,356.0,418.0,4,518.0
8.0,13.0,91.0,157.0,356.0,418.0,4,518.0
8.0,13.0,157.0,238.0,356.0,418.0,4,518.0
8.0,13.0,91.0,157.0,238.0,418.0,4,518.0
8.0,13.0,91.0,164.0,238.0,398.0,4,688.0
8.0,13.0,91.0,164.0,238.0,418.0,4,688.0
8.0,13.0,91.0,164.0,238.0,418.0,4,688.0
8.0,13.0,91.0,157.0,356.0,418.0,4,518.0
8.0,13.0,157.0,356.0,380.0,418.0,4,518.0
8.0,13.0,157.0,310.0,380.0,438.0,4,823.0
8.0,13.0,91.0,164.0,238.0,398.0,4,688.0
8.0,13.0,91.0,356.0,418.0,518.0,4,688.0
8.0,13.0,91.0,157.0,356.0,418.0,4,518.0
8.0,13.0,91.0,164.0,238.0,398.0,4,418.0
8.0,13.0,91.0,164.0,238.0,398.0,4,688.0
8.0,13.0,91.0,164.0,238.0,398.0,4,688.0
8.0,13.0,91.0,164.0,238.0,398.0,4,418.0
8.0,13.0,164.0,238.0,356.0,418.0,4,518.0
8.0,8.0,74.0,571.0,957.0,984.0,4,1027.0
8.0,8.0,74.0,397.0,957.0,984.0,4,1027.0
8.0,8.0,74.0,215.0,397.0,957.0,4,984.0
8.0,8.0,74.0,215.0,397.0,957.0,4,984.0
8.0,8.0,215.0,552.0,571.0,740.0,4,1027.0
8.0,8.0,215.0,552.0,571.0,740.0,4,1027.0
8.0,8.0,30.0,215.0,552.0,571.0,4,740.0
8.0,8.0,30.0,215.0,552.0,571.0,4,740.0
8.0,8.0,30.0,552.0,571.0,740.0,4,984.0
8.0,8.0,30.0,552.0,571.0,740.0,4,984.0
8.0,13.0,91.0,164.0,238.0,398.0,4,688.0
8.0,13.0,91.0,164.0,238.0,398.0,4,688.0
8.0,13.0,356.0,380.0,418.0,518.0,4,823.0
8.0,13.0,164.0,238.0,398.0,418.0,4,688.0
8.0,13.0,91.0,164.0,238.0,398.0,4,688.0
8.0,13.0,91.0,164.0,238.0,398.0,4,688.0
8.0,13.0,91.0,164.0,238.0,398.0,4,418.0
8.0,13.0,91.0,164.0,238.0,398.0,4,418.0
8.0,30.0,100.0,186.0,657.0,663.0,4,953.0
8.0,30.0,100.0,186.0,657.0,663.0,4,953.0
8.0,30.0,73.0,100.0,186.0,657.0,4,663.0
8.0,30.0,73.0,100.0,186.0,657.0,4,663.0
8.0,30.0,73.0,100.0,657.0,663.0,4,963.0
8.0,30.0,73.0,100.0,217.0,663.0,4,963.0
8.0,30.0,100.0,217.0,663.0,953.0,4,963.0
8.0,30.0,186.0,217.0,952.0,953.0,4,963.0
8.0,30.0,100.0,657.0,663.0,953.0,4,963.0
8.0,30.0,217.0,600.0,952.0,953.0,4,963.0
8.0,30.0,100.0,217.0,663.0,953.0,4,963.0
8.0,30.0,73.0,100.0,186.0,657.0,4,663.0
8.0,30.0,217.0,663.0,689.0,953.0,4,963.0
8.0,30.0,186.0,217.0,663.0,952.0,4,953.0
8.0,30.0,186.0,217.0,657.0,952.0,4,953.0
8.0,0.0,13.0,244.0,252.0,601.0,4,789.0
8.0,0.0,315.0,465.0,601.0,789.0,4,947.0
8.0,0.0,315.0,465.0,601.0,789.0,4,947.0
8.0,0.0,13.0,244.0,465.0,721.0,4,947.0
8.0,0.0,244.0,315.0,465.0,789.0,4,947.0
8.0,0.0,13.0,315.0,465.0,601.0,4,947.0
8.0,0.0,13.0,465.0,601.0,721.0,4,947.0
8.0,0.0,13.0,252.0,601.0,721.0,4,947.0
8.0,0.0,13.0,244.0,252.0,601.0,4,789.0
8.0,13.0,91.0,356.0,418.0,518.0,4,823.0
8.0,13.0,91.0,356.0,418.0,518.0,4,823.0
8.0,13.0,164.0,238.0,356.0,398.0,4,418.0
8.0,13.0,91.0,164.0,238.0,398.0,4,688.0
8.0,13.0,91.0,164.0,238.0,398.0,4,688.0
8.0,13.0,91.0,238.0,398.0,418.0,4,518.0
8.0,13.0,91.0,164.0,238.0,398.0,4,418.0
8.0,13.0,157.0,310.0,438.0,518.0,4,823.0
8.0,13.0,91.0,164.0,238.0,398.0,4,688.0
8.0,13.0,91.0,164.0,238.0,418.0,4,688.0
8.0,13.0,238.0,418.0,518.0,823.0,4,914.0
8.0,13.0,91.0,164.0,238.0,398.0,4,418.0
8.0,13.0,91.0,164.0,238.0,398.0,4,688.0
8.0,13.0,164.0,238.0,398.0,418.0,4,914.0
8.0,13.0,91.0,418.0,518.0,823.0,4,914.0
8.0,13.0,91.0,164.0,238.0,418.0,4,688.0
8.0,13.0,91.0,164.0,238.0,398.0,4,688.0
8.0,13.0,91.0,164.0,238.0,398.0,4,688.0
8.0,13.0,91.0,238.0,398.0,518.0,4,688.0
8.0,13.0,91.0,164.0,238.0,398.0,4,688.0
8.0,13.0,91.0,164.0,398.0,688.0,4,914.0
8.0,13.0,91.0,164.0,238.0,398.0,4,688.0
8.0,13.0,91.0,164.0,238.0,398.0,4,688.0
8.0,13.0,91.0,164.0,238.0,418.0,4,688.0
8.0,13.0,91.0,164.0,418.0,688.0,4,914.0
8.0,13.0,310.0,356.0,438.0,518.0,4,823.0
8.0,13.0,91.0,164.0,238.0,398.0,4,688.0
8.0,13.0,91.0,164.0,238.0,398.0,4,688.0
8.0,13.0,164.0,238.0,398.0,418.0,4,914.0
8.0,13.0,356.0,418.0,518.0,823.0,4,914.0
8.0,13.0,356.0,418.0,518.0,823.0,4,914.0
8.0,13.0,356.0,418.0,518.0,823.0,4,914.0
8.0,13.0,91.0,164.0,238.0,398.0,4,418.0
8.0,13.0,91.0,164.0,238.0,398.0,4,688.0
8.0,13.0,91.0,164.0,398.0,418.0,4,914.0
8.0,13.0,356.0,418.0,518.0,823.0,4,914.0
8.0,13.0,356.0,418.0,518.0,823.0,4,914.0
8.0,13.0,310.0,438.0,518.0,823.0,4,914.0
8.0,13.0,310.0,438.0,518.0,823.0,4,914.0
8.0,13.0,310.0,356.0,438.0,518.0,4,823.0
8.0,13.0,310.0,356.0,438.0,518.0,4,823.0
8.0,13.0,91.0,164.0,238.0,398.0,4,688.0
8.0,13.0,164.0,238.0,398.0,418.0,4,914.0
8.0,13.0,91.0,164.0,238.0,398.0,4,688.0
8.0,13.0,91.0,238.0,398.0,518.0,4,688.0
8.0,13.0,164.0,238.0,418.0,823.0,4,914.0
8.0,13.0,91.0,164.0,238.0,398.0,4,418.0
8.0,13.0,157.0,310.0,518.0,823.0,4,914.0
8.0,13.0,91.0,164.0,238.0,398.0,4,688.0
8.0,13.0,91.0,418.0,518.0,688.0,4,914.0
8.0,13.0,164.0,238.0,398.0,418.0,4,914.0
8.0,13.0,91.0,164.0,238.0,398.0,4,418.0
8.0,13.0,91.0,164.0,238.0,398.0,4,688.0
8.0,13.0,91.0,164.0,238.0,398.0,4,688.0
8.0,13.0,91.0,164.0,238.0,398.0,4,688.0
8.0,13.0,91.0,164.0,238.0,418.0,4,688.0
8.0,13.0,91.0,164.0,238.0,398.0,4,688.0
8.0,13.0,91.0,164.0,238.0,418.0,4,688.0
8.0,13.0,91.0,164.0,238.0,398.0,4,688.0
8.0,13.0,91.0,164.0,238.0,398.0,4,688.0
8.0,13.0,91.0,418.0,518.0,688.0,4,914.0
8.0,13.0,91.0,418.0,518.0,688.0,4,914.0
8.0,13.0,91.0,418.0,518.0,688.0,4,914.0
8.0,13.0,157.0,356.0,518.0,823.0,4,914.0
8.0,13.0,91.0,164.0,238.0,398.0,4,688.0
8.0,13.0,91.0,164.0,398.0,688.0,4,914.0
8.0,13.0,418.0,518.0,688.0,823.0,4,914.0
8.0,13.0,91.0,164.0,238.0,398.0,4,688.0
8.0,13.0,91.0,164.0,418.0,688.0,4,914.0
8.0,13.0,91.0,398.0,418.0,518.0,4,914.0
8.0,13.0,91.0,164.0,238.0,398.0,4,418.0
8.0,13.0,91.0,164.0,238.0,398.0,4,688.0
8.0,28.0,128.0,203.0,608.0,701.0,4,754.0
8.0,28.0,128.0,608.0,701.0,922.0,4,1016.0
8.0,28.0,128.0,161.0,701.0,922.0,4,1016.0
8.0,28.0,161.0,203.0,701.0,922.0,4,1016.0
8.0,28.0,203.0,608.0,701.0,754.0,4,922.0
8.0,28.0,203.0,608.0,701.0,754.0,4,1016.0
8.0,28.0,203.0,608.0,701.0,754.0,4,1016.0
8.0,28.0,128.0,161.0,701.0,922.0,4,1016.0
8.0,28.0,128.0,161.0,701.0,922.0,4,1016.0
8.0,28.0,203.0,608.0,701.0,754.0,4,922.0
8.0,13.0,91.0,164.0,238.0,398.0,4,688.0
8.0,13.0,91.0,164.0,238.0,398.0,4,688.0
8.0,13.0,77.0,91.0,164.0,418.0,4,914.0
8.0,13.0,91.0,164.0,238.0,398.0,4,688.0
8.0,13.0,91.0,164.0,398.0,688.0,4,914.0
8.0,13.0,91.0,164.0,238.0,398.0,4,688.0
8.0,13.0,91.0,164.0,238.0,398.0,4,688.0
8.0,13.0,91.0,164.0,398.0,418.0,4,688.0
8.0,29.0,83.0,230.0,260.0,456.0,4,867.0
8.0,29.0,230.0,456.0,821.0,860.0,4,867.0
8.0,29.0,83.0,230.0,456.0,860.0,4,867.0
8.0,29.0,83.0,260.0,801.0,821.0,4,824.0
8.0,29.0,83.0,260.0,801.0,821.0,4,824.0
8.0,29.0,230.0,260.0,821.0,824.0,4,860.0
8.0,29.0,230.0,260.0,456.0,821.0,4,860.0
8.0,13.0,91.0,164.0,238.0,398.0,4,688.0
8.0,13.0,77.0,356.0,418.0,688.0,4,914.0
8.0,13.0,77.0,356.0,418.0,688.0,4,914.0
8.0,13.0,91.0,164.0,238.0,398.0,4,688.0
8.0,13.0,91.0,164.0,398.0,418.0,4,688.0
8.0,13.0,91.0,164.0,238.0,398.0,4,688.0
8.0,13.0,91.0,164.0,238.0,398.0,4,688.0
8.0,13.0,91.0,164.0,238.0,398.0,4,688.0
8.0,13.0,91.0,164.0,238.0,398.0,4,688.0
8.0,13.0,91.0,164.0,238.0,418.0,4,688.0
8.0,13.0,77.0,238.0,418.0,688.0,4,914.0
8.0,13.0,77.0,356.0,380.0,418.0,4,914.0
8.0,13.0,77.0,356.0,380.0,418.0,4,914.0
8.0,13.0,77.0,91.0,380.0,418.0,4,914.0
8.0,13.0,91.0,164.0,238.0,380.0,4,418.0
8.0,13.0,91.0,164.0,238.0,418.0,4,688.0
8.0,13.0,91.0,164.0,238.0,398.0,4,688.0
8.0,13.0,91.0,164.0,238.0,398.0,4,688.0
8.0,13.0,77.0,356.0,380.0,418.0,4,914.0
8.0,13.0,77.0,356.0,380.0,418.0,4,914.0
8.0,13.0,77.0,127.0,356.0,380.0,4,914.0
8.0,27.0,351.0,359.0,392.0,668.0,4,726.0
8.0,27.0,23.0,319.0,351.0,359.0,4,680.0
8.0,27.0,23.0,319.0,392.0,668.0,4,777.0
8.0,27.0,351.0,359.0,392.0,726.0,4,777.0
8.0,27.0,351.0,359.0,392.0,668.0,4,726.0
8.0,13.0,91.0,164.0,418.0,688.0,4,914.0
8.0,13.0,77.0,91.0,380.0,418.0,4,914.0
8.0,13.0,77.0,238.0,380.0,418.0,4,914.0
8.0,13.0,91.0,164.0,238.0,418.0,4,688.0
8.0,13.0,91.0,164.0,238.0,398.0,4,688.0
8.0,13.0,91.0,164.0,238.0,418.0,4,688.0
8.0,13.0,77.0,238.0,380.0,418.0,4,914.0
8.0,13.0,91.0,164.0,238.0,418.0,4,688.0
8.0,33.0,219.0,258.0,318.0,361.0,4,492.0
8.0,33.0,219.0,313.0,318.0,975.0,4,976.0
8.0,33.0,219.0,258.0,313.0,492.0,4,975.0
8.0,33.0,313.0,318.0,361.0,861.0,4,976.0
8.0,33.0,313.0,361.0,861.0,975.0,4,976.0
8.0,22.0,26.0,639.0,741.0,802.0,4,864.0
8.0,22.0,26.0,320.0,741.0,768.0,4,802.0
8.0,22.0,26.0,218.0,320.0,864.0,4,990.0
8.0,22.0,26.0,218.0,320.0,802.0,4,990.0
8.0,22.0,218.0,320.0,768.0,864.0,4,990.0
8.0,22.0,26.0,218.0,485.0,802.0,4,990.0
8.0,22.0,218.0,320.0,768.0,864.0,4,990.0
8.0,30.0,100.0,217.0,559.0,953.0,4,963.0
8.0,30.0,100.0,559.0,657.0,953.0,4,963.0
8.0,30.0,100.0,217.0,559.0,953.0,4,963.0
8.0,30.0,100.0,217.0,559.0,953.0,4,963.0
8.0,30.0,100.0,217.0,559.0,953.0,4,963.0
8.0,30.0,100.0,559.0,657.0,953.0,4,963.0
8.0,30.0,73.0,100.0,217.0,657.0,4,785.0
8.0,2.0,17.0,120.0,444.0,493.0,4,687.0
8.0,2.0,120.0,185.0,255.0,444.0,4,493.0
8.0,2.0,98.0,120.0,185.0,223.0,4,255.0
8.0,2.0,17.0,98.0,120.0,444.0,4,577.0
8.0,2.0,17.0,120.0,444.0,493.0,4,687.0
8.0,2.0,120.0,255.0,444.0,493.0,4,687.0
8.0,2.0,98.0,120.0,255.0,444.0,4,493.0
8.0,2.0,98.0,120.0,255.0,444.0,4,493.0
8.0,2.0,98.0,255.0,444.0,493.0,4,577.0
8.0,2.0,120.0,255.0,444.0,493.0,4,687.0
8.0,2.0,120.0,255.0,444.0,493.0,4,687.0
8.0,2.0,17.0,120.0,255.0,444.0,4,493.0
8.0,6.0,400.0,579.0,606.0,623.0,4,957.0
8.0,6.0,388.0,400.0,579.0,606.0,4,980.0
8.0,6.0,388.0,606.0,623.0,957.0,4,980.0
8.0,6.0,388.0,623.0,693.0,957.0,4,980.0
8.0,6.0,579.0,606.0,623.0,693.0,4,957.0
8.0,6.0,388.0,400.0,579.0,606.0,4,980.0
8.0,6.0,400.0,606.0,623.0,957.0,4,980.0
8.0,6.0,400.0,579.0,606.0,623.0,4,957.0
8.0,6.0,400.0,579.0,606.0,623.0,4,957.0
8.0,6.0,400.0,579.0,606.0,623.0,4,957.0
8.0,32.0,34.0,241.0,602.0,634.0,4,784.0
8.0,32.0,34.0,370.0,634.0,784.0,4,944.0
8.0,32.0,34.0,370.0,634.0,784.0,4,944.0
8.0,32.0,34.0,370.0,426.0,634.0,4,944.0
8.0,32.0,241.0,426.0,511.0,602.0,4,634.0
8.0,32.0,241.0,426.0,511.0,602.0,4,944.0
8.0,32.0,34.0,241.0,426.0,602.0,4,634.0
8.0,32.0,34.0,241.0,511.0,602.0,4,944.0
8.0,32.0,34.0,241.0,511.0,602.0,4,634.0
8.0,32.0,34.0,241.0,602.0,634.0,4,784.0
8.0,32.0,370.0,426.0,602.0,784.0,4,944.0
8.0,32.0,370.0,426.0,602.0,784.0,4,944.0
8.0,24.0,43.0,576.0,863.0,888.0,4,926.0
8.0,24.0,275.0,576.0,750.0,863.0,4,926.0
8.0,24.0,275.0,576.0,729.0,750.0,4,825.0
8.0,24.0,43.0,275.0,729.0,750.0,4,825.0
8.0,24.0,275.0,729.0,750.0,825.0,4,863.0
8.0,24.0,43.0,576.0,825.0,863.0,4,888.0
8.0,24.0,43.0,576.0,750.0,863.0,4,888.0
8.0,24.0,43.0,576.0,750.0,863.0,4,888.0
8.0,24.0,275.0,729.0,825.0,863.0,4,888.0
8.0,24.0,275.0,729.0,825.0,863.0,4,888.0
8.0,24.0,43.0,275.0,729.0,825.0,4,888.0
8.0,24.0,43.0,275.0,729.0,825.0,4,888.0
8.0,24.0,275.0,471.0,729.0,793.0,4,825.0
8.0,7.0,145.0,277.0,396.0,731.0,4,994.0
8.0,7.0,145.0,267.0,277.0,368.0,4,396.0
8.0,7.0,16.0,145.0,267.0,295.0,4,396.0
8.0,7.0,145.0,149.0,267.0,396.0,4,829.0
8.0,7.0,149.0,267.0,277.0,396.0,4,829.0
8.0,7.0,16.0,145.0,149.0,267.0,4,396.0
8.0,7.0,16.0,145.0,277.0,396.0,4,829.0
8.0,7.0,16.0,145.0,149.0,396.0,4,829.0
8.0,7.0,145.0,267.0,277.0,295.0,4,396.0
8.0,7.0,145.0,149.0,267.0,295.0,4,396.0
8.0,7.0,295.0,368.0,822.0,829.0,4,833.0
8.0,13.0,77.0,356.0,380.0,418.0,4,688.0
8.0,13.0,77.0,238.0,418.0,688.0,4,914.0
8.0,13.0,164.0,238.0,398.0,418.0,4,688.0
8.0,13.0,164.0,238.0,398.0,688.0,4,914.0
8.0,13.0,164.0,238.0,398.0,688.0,4,914.0
8.0,13.0,77.0,238.0,356.0,398.0,4,418.0
8.0,13.0,77.0,238.0,356.0,398.0,4,418.0
8.0,13.0,77.0,238.0,356.0,398.0,4,418.0
8.0,13.0,164.0,238.0,398.0,418.0,4,688.0
8.0,13.0,164.0,238.0,418.0,688.0,4,914.0
8.0,13.0,356.0,380.0,398.0,418.0,4,914.0
8.0,13.0,164.0,238.0,398.0,688.0,4,914.0
8.0,13.0,164.0,238.0,356.0,398.0,4,418.0
8.0,13.0,164.0,238.0,356.0,398.0,4,418.0
8.0,13.0,164.0,238.0,356.0,398.0,4,418.0
8.0,13.0,164.0,238.0,356.0,398.0,4,418.0
8.0,13.0,238.0,398.0,418.0,688.0,4,914.0
8.0,13.0,164.0,238.0,356.0,418.0,4,688.0
8.0,13.0,77.0,164.0,238.0,356.0,4,418.0
8.0,13.0,77.0,356.0,380.0,398.0,4,418.0
8.0,13.0,77.0,356.0,380.0,398.0,4,418.0
8.0,13.0,77.0,238.0,356.0,418.0,4,688.0
8.0,13.0,164.0,238.0,356.0,418.0,4,688.0
8.0,13.0,77.0,164.0,238.0,398.0,4,688.0
8.0,13.0,164.0,238.0,398.0,418.0,4,688.0
8.0,13.0,164.0,238.0,398.0,418.0,4,688.0
8.0,13.0,164.0,356.0,398.0,688.0,4,914.0
8.0,13.0,164.0,356.0,418.0,688.0,4,914.0
8.0,13.0,164.0,356.0,380.0,418.0,4,688.0
8.0,13.0,77.0,356.0,380.0,418.0,4,688.0
8.0,13.0,77.0,356.0,380.0,418.0,4,688.0
8.0,13.0,77.0,127.0,380.0,418.0,4,914.0
8.0,13.0,77.0,127.0,380.0,418.0,4,914.0
8.0,13.0,77.0,127.0,201.0,380.0,4,914.0
8.0,13.0,164.0,238.0,398.0,688.0,4,914.0
8.0,13.0,164.0,238.0,398.0,418.0,4,914.0
8.0,13.0,77.0,164.0,238.0,418.0,4,914.0
8.0,13.0,77.0,356.0,380.0,398.0,4,418.0
8.0,13.0,164.0,238.0,418.0,688.0,4,914.0
8.0,13.0,164.0,238.0,398.0,688.0,4,914.0
8.0,13.0,164.0,356.0,398.0,418.0,4,914.0
8.0,13.0,164.0,238.0,418.0,688.0,4,914.0
8.0,13.0,164.0,238.0,356.0,418.0,4,688.0
8.0,13.0,77.0,238.0,356.0,418.0,4,688.0
8.0,13.0,164.0,238.0,398.0,418.0,4,914.0
8.0,11.0,281.0,425.0,455.0,943.0,4,974.0
8.0,11.0,181.0,535.0,778.0,943.0,4,974.0
8.0,11.0,281.0,425.0,455.0,535.0,4,974.0
8.0,11.0,281.0,425.0,455.0,943.0,4,974.0
8.0,11.0,425.0,455.0,535.0,943.0,4,974.0
8.0,11.0,181.0,281.0,425.0,455.0,4,535.0
8.0,11.0,181.0,281.0,535.0,778.0,4,974.0
8.0,11.0,181.0,281.0,535.0,778.0,4,974.0
8.0,15.0,86.0,188.0,593.0,960.0,4,1036.0
8.0,15.0,86.0,509.0,593.0,749.0,4,960.0
8.0,15.0,86.0,509.0,659.0,749.0,4,960.0
8.0,15.0,86.0,188.0,463.0,659.0,4,1036.0
8.0,15.0,86.0,188.0,659.0,960.0,4,1036.0
8.0,15.0,509.0,593.0,714.0,749.0,4,960.0
8.0,15.0,188.0,659.0,714.0,960.0,4,1036.0
8.0,4.0,486.0,589.0,757.0,786.0,4,964.0
8.0,4.0,486.0,487.0,589.0,757.0,4,964.0
8.0,4.0,1.0,486.0,487.0,715.0,4,786.0
8.0,4.0,1.0,487.0,757.0,786.0,4,964.0
8.0,18.0,10.0,51.0,362.0,834.0,4,1035.0
8.0,18.0,10.0,51.0,348.0,362.0,4,1035.0
8.0,18.0,10.0,348.0,362.0,834.0,4,1035.0
8.0,18.0,51.0,362.0,577.0,834.0,4,1035.0
8.0,18.0,51.0,362.0,577.0,834.0,4,1035.0
8.0,18.0,51.0,348.0,362.0,577.0,4,834.0
8.0,18.0,10.0,51.0,150.0,348.0,4,834.0
8.0,13.0,164.0,238.0,398.0,519.0,4,914.0
8.0,13.0,164.0,238.0,380.0,398.0,4,914.0
8.0,13.0,77.0,164.0,238.0,380.0,4,914.0
8.0,13.0,77.0,356.0,380.0,398.0,4,914.0
8.0,13.0,77.0,356.0,380.0,398.0,4,519.0
8.0,13.0,77.0,164.0,238.0,398.0,4,914.0
8.0,13.0,164.0,238.0,398.0,519.0,4,914.0
8.0,13.0,164.0,238.0,398.0,519.0,4,914.0
8.0,13.0,77.0,238.0,356.0,380.0,4,398.0
8.0,13.0,77.0,164.0,238.0,356.0,4,380.0
8.0,13.0,77.0,164.0,238.0,356.0,4,380.0
8.0,13.0,164.0,238.0,356.0,380.0,4,398.0
8.0,13.0,164.0,238.0,398.0,688.0,4,914.0
8.0,13.0,77.0,164.0,238.0,356.0,4,688.0
8.0,13.0,77.0,238.0,380.0,398.0,4,740.0
8.0,13.0,77.0,238.0,398.0,740.0,4,914.0
8.0,13.0,164.0,238.0,356.0,398.0,4,688.0
8.0,13.0,164.0,238.0,398.0,688.0,4,914.0
8.0,13.0,164.0,238.0,398.0,688.0,4,914.0
8.0,13.0,164.0,238.0,356.0,398.0,4,688.0
8.0,13.0,77.0,238.0,356.0,688.0,4,740.0
8.0,13.0,77.0,238.0,380.0,398.0,4,740.0
8.0,13.0,77.0,164.0,238.0,380.0,4,398.0
8.0,13.0,164.0,238.0,398.0,688.0,4,914.0
8.0,24.0,275.0,604.0,863.0,888.0,4,926.0
8.0,24.0,60.0,275.0,863.0,888.0,4,926.0
8.0,24.0,60.0,275.0,750.0,863.0,4,926.0
8.0,24.0,60.0,275.0,750.0,863.0,4,926.0
8.0,24.0,60.0,194.0,275.0,750.0,4,926.0
8.0,24.0,60.0,194.0,275.0,318.0,4,926.0
8.0,24.0,60.0,275.0,729.0,863.0,4,926.0
8.0,24.0,60.0,194.0,729.0,863.0,4,926.0
8.0,24.0,60.0,194.0,318.0,863.0,4,888.0
8.0,24.0,60.0,194.0,471.0,604.0,4,729.0
8.0,7.0,33.0,145.0,149.0,267.0,4,731.0
8.0,7.0,267.0,277.0,396.0,829.0,4,994.0
8.0,7.0,149.0,267.0,396.0,829.0,4,994.0
8.0,7.0,145.0,149.0,731.0,808.0,4,994.0
8.0,7.0,145.0,149.0,731.0,808.0,4,994.0
8.0,7.0,33.0,267.0,277.0,396.0,4,829.0
8.0,7.0,33.0,267.0,277.0,396.0,4,829.0
8.0,7.0,33.0,267.0,277.0,396.0,4,829.0
8.0,7.0,87.0,149.0,368.0,822.0,4,829.0
8.0,13.0,91.0,164.0,238.0,398.0,4,688.0
8.0,13.0,91.0,164.0,238.0,398.0,4,688.0
8.0,13.0,77.0,238.0,398.0,688.0,4,914.0
8.0,13.0,77.0,356.0,519.0,740.0,4,914.0
8.0,13.0,77.0,91.0,356.0,519.0,4,740.0
8.0,13.0,91.0,164.0,356.0,398.0,4,519.0
8.0,13.0,164.0,238.0,356.0,398.0,4,688.0
8.0,13.0,164.0,238.0,356.0,398.0,4,688.0
8.0,13.0,77.0,91.0,356.0,398.0,4,740.0
8.0,13.0,91.0,164.0,238.0,398.0,4,688.0
8.0,13.0,91.0,164.0,238.0,380.0,4,398.0
8.0,13.0,91.0,164.0,238.0,380.0,4,398.0
8.0,13.0,77.0,91.0,164.0,238.0,4,398.0
8.0,13.0,77.0,201.0,356.0,740.0,4,914.0
8.0,13.0,77.0,356.0,398.0,740.0,4,914.0
8.0,13.0,77.0,356.0,398.0,740.0,4,914.0
8.0,13.0,91.0,164.0,238.0,380.0,4,398.0
8.0,13.0,91.0,164.0,238.0,380.0,4,398.0
8.0,13.0,91.0,164.0,238.0,380.0,4,398.0
8.0,13.0,77.0,201.0,356.0,740.0,4,914.0
8.0,13.0,164.0,238.0,398.0,740.0,4,914.0
8.0,29.0,41.0,260.0,755.0,769.0,4,824.0
8.0,29.0,41.0,260.0,755.0,769.0,4,824.0
8.0,29.0,41.0,260.0,456.0,755.0,4,769.0
8.0,29.0,83.0,456.0,821.0,860.0,4,867.0
8.0,29.0,41.0,260.0,755.0,769.0,4,824.0
8.0,13.0,91.0,164.0,238.0,398.0,4,688.0
8.0,13.0,77.0,91.0,164.0,238.0,4,688.0
8.0,13.0,77.0,91.0,380.0,740.0,4,914.0
8.0,13.0,91.0,164.0,238.0,398.0,4,688.0
8.0,13.0,77.0,91.0,164.0,238.0,4,398.0
8.0,13.0,91.0,164.0,238.0,398.0,4,688.0
8.0,13.0,91.0,164.0,238.0,398.0,4,688.0
8.0,13.0,91.0,164.0,238.0,398.0,4,688.0
8.0,13.0,77.0,91.0,164.0,238.0,4,380.0
8.0,13.0,77.0,356.0,380.0,740.0,4,914.0
8.0,13.0,77.0,356.0,380.0,740.0,4,914.0
8.0,13.0,91.0,164.0,238.0,398.0,4,688.0
8.0,13.0,91.0,164.0,238.0,398.0,4,688.0
8.0,13.0,91.0,164.0,238.0,398.0,4,688.0
8.0,13.0,77.0,91.0,164.0,238.0,4,688.0
8.0,13.0,77.0,164.0,356.0,380.0,4,914.0
8.0,13.0,77.0,356.0,380.0,740.0,4,914.0
8.0,13.0,77.0,356.0,380.0,740.0,4,914.0
8.0,13.0,91.0,164.0,238.0,398.0,4,688.0
8.0,13.0,91.0,164.0,238.0,398.0,4,688.0
8.0,23.0,175.0,180.0,454.0,614.0,4,833.0
8.0,23.0,175.0,454.0,612.0,614.0,4,833.0
8.0,23.0,44.0,612.0,614.0,799.0,4,896.0
8.0,23.0,180.0,612.0,614.0,799.0,4,833.0
8.0,26.0,384.0,391.0,453.0,635.0,4,951.0
8.0,26.0,393.0,468.0,635.0,748.0,4,837.0
8.0,26.0,384.0,393.0,635.0,748.0,4,837.0
8.0,26.0,341.0,384.0,391.0,468.0,4,951.0
8.0,26.0,341.0,384.0,391.0,468.0,4,748.0
8.0,26.0,341.0,384.0,391.0,393.0,4,748.0
8.0,26.0,341.0,358.0,391.0,393.0,4,748.0
8.0,1.0,78.0,333.0,392.0,410.0,4,989.0
8.0,1.0,106.0,392.0,510.0,637.0,4,669.0
8.0,1.0,78.0,106.0,333.0,795.0,4,989.0
8.0,1.0,78.0,106.0,333.0,392.0,4,989.0
8.0,1.0,333.0,392.0,565.0,669.0,4,989.0
8.0,1.0,333.0,392.0,565.0,669.0,4,989.0
8.0,1.0,510.0,565.0,637.0,669.0,4,795.0
8.0,1.0,410.0,510.0,565.0,637.0,4,795.0
8.0,1.0,392.0,410.0,510.0,565.0,4,637.0
8.0,1.0,410.0,510.0,565.0,637.0,4,795.0
8.0,28.0,74.0,203.0,608.0,754.0,4,842.0
8.0,28.0,128.0,203.0,608.0,754.0,4,842.0
8.0,28.0,128.0,161.0,285.0,608.0,4,922.0
8.0,28.0,74.0,161.0,285.0,496.0,4,922.0
8.0,28.0,74.0,161.0,285.0,496.0,4,922.0
8.0,28.0,74.0,161.0,285.0,496.0,4,922.0
8.0,28.0,128.0,161.0,203.0,608.0,4,754.0
8.0,28.0,128.0,161.0,203.0,608.0,4,754.0
8.0,28.0,74.0,128.0,203.0,608.0,4,754.0
8.0,8.0,421.0,552.0,571.0,1017.0,4,1027.0
8.0,8.0,421.0,500.0,571.0,811.0,4,1027.0
8.0,8.0,326.0,397.0,571.0,811.0,4,1027.0
8.0,8.0,326.0,552.0,571.0,1017.0,4,1027.0
8.0,8.0,326.0,347.0,552.0,571.0,4,1017.0
8.0,8.0,326.0,347.0,571.0,1017.0,4,1027.0
8.0,8.0,347.0,552.0,811.0,1017.0,4,1027.0
8.0,8.0,326.0,347.0,397.0,571.0,4,811.0
8.0,8.0,326.0,347.0,385.0,500.0,4,552.0
8.0,14.0,134.0,405.0,516.0,520.0,4,1015.0
8.0,14.0,134.0,293.0,405.0,520.0,4,1015.0
8.0,14.0,293.0,302.0,405.0,840.0,4,868.0
8.0,14.0,293.0,302.0,405.0,840.0,4,868.0
8.0,13.0,91.0,164.0,238.0,398.0,4,688.0
8.0,13.0,91.0,164.0,238.0,398.0,4,688.0
8.0,13.0,77.0,356.0,380.0,418.0,4,914.0
8.0,13.0,77.0,356.0,380.0,418.0,4,914.0
8.0,13.0,77.0,91.0,380.0,398.0,4,914.0
8.0,13.0,91.0,164.0,238.0,398.0,4,688.0
8.0,13.0,91.0,164.0,238.0,398.0,4,688.0
8.0,13.0,91.0,164.0,238.0,398.0,4,418.0
8.0,13.0,77.0,356.0,380.0,418.0,4,914.0
8.0,13.0,91.0,164.0,238.0,398.0,4,688.0
8.0,13.0,91.0,164.0,238.0,398.0,4,688.0
8.0,13.0,91.0,164.0,238.0,398.0,4,688.0
8.0,13.0,91.0,164.0,238.0,398.0,4,688.0
8.0,13.0,91.0,164.0,238.0,398.0,4,688.0
8.0,13.0,91.0,164.0,238.0,398.0,4,688.0
8.0,13.0,91.0,164.0,238.0,398.0,4,688.0
8.0,13.0,91.0,164.0,238.0,398.0,4,688.0
8.0,13.0,77.0,91.0,356.0,380.0,4,418.0
8.0,13.0,91.0,164.0,238.0,398.0,4,418.0
8.0,13.0,91.0,164.0,238.0,398.0,4,688.0
8.0,13.0,91.0,164.0,238.0,398.0,4,688.0
8.0,13.0,91.0,164.0,238.0,398.0,4,688.0
8.0,13.0,91.0,164.0,238.0,398.0,4,688.0
8.0,13.0,91.0,164.0,238.0,398.0,4,688.0
8.0,13.0,91.0,164.0,238.0,398.0,4,688.0
8.0,13.0,91.0,164.0,238.0,398.0,4,418.0
8.0,13.0,91.0,164.0,238.0,398.0,4,688.0
8.0,13.0,91.0,164.0,238.0,398.0,4,418.0
8.0,27.0,69.0,319.0,680.0,777.0,4,935.0
8.0,27.0,298.0,319.0,351.0,777.0,4,935.0
8.0,27.0,298.0,319.0,351.0,777.0,4,935.0
8.0,27.0,69.0,298.0,351.0,469.0,4,935.0
8.0,27.0,69.0,298.0,351.0,469.0,4,935.0
8.0,30.0,100.0,657.0,663.0,953.0,4,963.0
8.0,30.0,100.0,186.0,657.0,953.0,4,963.0
8.0,30.0,217.0,663.0,689.0,953.0,4,963.0
8.0,30.0,73.0,100.0,217.0,657.0,4,963.0
8.0,30.0,73.0,100.0,186.0,657.0,4,663.0
8.0,30.0,73.0,100.0,186.0,657.0,4,663.0
8.0,30.0,73.0,100.0,186.0,657.0,4,663.0
8.0,30.0,100.0,217.0,657.0,953.0,4,963.0
8.0,7.0,145.0,277.0,421.0,731.0,4,994.0
8.0,7.0,145.0,277.0,421.0,731.0,4,994.0
8.0,7.0,145.0,277.0,421.0,731.0,4,994.0
8.0,7.0,16.0,145.0,421.0,731.0,4,994.0
8.0,7.0,16.0,105.0,145.0,267.0,4,731.0
8.0,7.0,16.0,105.0,145.0,267.0,4,731.0
8.0,7.0,105.0,267.0,277.0,396.0,4,829.0
8.0,7.0,105.0,267.0,277.0,396.0,4,829.0
8.0,7.0,105.0,267.0,277.0,396.0,4,829.0
8.0,7.0,145.0,410.0,421.0,731.0,4,994.0
8.0,7.0,16.0,105.0,267.0,396.0,4,829.0
8.0,7.0,105.0,267.0,277.0,396.0,4,829.0
8.0,7.0,16.0,149.0,368.0,396.0,4,410.0
8.0,22.0,58.0,77.0,536.0,864.0,4,990.0
8.0,22.0,58.0,77.0,536.0,864.0,4,990.0
8.0,22.0,58.0,320.0,536.0,768.0,4,990.0
8.0,22.0,58.0,320.0,536.0,768.0,4,990.0
8.0,22.0,58.0,77.0,536.0,864.0,4,990.0
8.0,7.0,145.0,277.0,421.0,731.0,4,994.0
8.0,7.0,105.0,145.0,267.0,421.0,4,731.0
8.0,7.0,105.0,145.0,267.0,421.0,4,731.0
8.0,7.0,105.0,145.0,267.0,421.0,4,731.0
8.0,7.0,16.0,105.0,267.0,277.0,4,396.0
8.0,7.0,16.0,267.0,277.0,396.0,4,994.0
8.0,7.0,16.0,267.0,396.0,829.0,4,994.0
8.0,7.0,16.0,277.0,421.0,731.0,4,994.0
8.0,7.0,105.0,145.0,267.0,731.0,4,829.0
8.0,7.0,105.0,145.0,267.0,731.0,4,829.0
8.0,7.0,105.0,267.0,277.0,396.0,4,829.0
8.0,7.0,267.0,277.0,396.0,829.0,4,994.0
8.0,28.0,203.0,608.0,754.0,842.0,4,1016.0
8.0,28.0,128.0,161.0,608.0,922.0,4,1017.0
8.0,28.0,203.0,608.0,754.0,842.0,4,1016.0
8.0,28.0,203.0,608.0,754.0,842.0,4,1016.0
8.0,28.0,203.0,608.0,754.0,842.0,4,1016.0
8.0,28.0,128.0,161.0,608.0,754.0,4,922.0
8.0,28.0,128.0,161.0,203.0,754.0,4,922.0
8.0,28.0,128.0,161.0,203.0,922.0,4,951.0
8.0,28.0,128.0,161.0,203.0,922.0,4,951.0
8.0,28.0,128.0,285.0,496.0,701.0,4,1017.0
8.0,33.0,219.0,492.0,844.0,861.0,4,975.0
8.0,33.0,21.0,258.0,318.0,361.0,4,976.0
8.0,33.0,21.0,258.0,318.0,492.0,4,976.0
8.0,33.0,21.0,258.0,318.0,361.0,4,976.0
8.0,33.0,21.0,318.0,361.0,861.0,4,976.0
8.0,33.0,318.0,361.0,492.0,861.0,4,976.0
8.0,33.0,21.0,219.0,318.0,385.0,4,861.0
8.0,33.0,219.0,385.0,492.0,861.0,4,925.0
8.0,7.0,145.0,277.0,421.0,731.0,4,994.0
8.0,7.0,16.0,105.0,145.0,267.0,4,421.0
8.0,7.0,145.0,277.0,421.0,731.0,4,994.0
8.0,7.0,277.0,421.0,731.0,829.0,4,994.0
8.0,7.0,267.0,277.0,396.0,410.0,4,994.0
8.0,7.0,105.0,145.0,410.0,421.0,4,731.0
8.0,7.0,105.0,145.0,410.0,421.0,4,731.0
8.0,7.0,16.0,267.0,277.0,396.0,4,994.0
8.0,7.0,145.0,267.0,410.0,731.0,4,994.0
8.0,7.0,145.0,277.0,421.0,731.0,4,994.0
8.0,7.0,145.0,277.0,421.0,731.0,4,994.0
8.0,7.0,145.0,267.0,277.0,421.0,4,994.0
8.0,7.0,145.0,277.0,421.0,731.0,4,994.0
8.0,7.0,105.0,145.0,267.0,277.0,4,731.0
8.0,7.0,16.0,105.0,267.0,277.0,4,731.0
8.0,7.0,16.0,105.0,267.0,277.0,4,731.0
8.0,7.0,145.0,267.0,277.0,368.0,4,396.0
8.0,7.0,145.0,267.0,277.0,368.0,4,396.0
8.0,7.0,16.0,145.0,267.0,731.0,4,994.0
8.0,7.0,145.0,277.0,421.0,731.0,4,994.0
8.0,7.0,145.0,277.0,421.0,731.0,4,994.0
8.0,7.0,16.0,105.0,145.0,267.0,4,731.0
8.0,7.0,16.0,105.0,267.0,396.0,4,410.0
8.0,7.0,16.0,105.0,267.0,277.0,4,396.0
8.0,7.0,16.0,267.0,396.0,410.0,4,994.0
8.0,7.0,145.0,410.0,421.0,731.0,4,994.0
8.0,7.0,145.0,410.0,421.0,731.0,4,994.0
8.0,7.0,105.0,145.0,277.0,421.0,4,731.0
8.0,7.0,105.0,145.0,267.0,277.0,4,731.0
8.0,7.0,145.0,277.0,421.0,731.0,4,994.0
8.0,7.0,105.0,145.0,421.0,731.0,4,829.0
8.0,7.0,16.0,368.0,396.0,410.0,4,829.0
8.0,7.0,149.0,368.0,396.0,410.0,4,829.0
8.0,7.0,149.0,368.0,396.0,410.0,4,829.0
8.0,7.0,145.0,277.0,421.0,731.0,4,994.0
8.0,7.0,145.0,277.0,421.0,731.0,4,994.0
8.0,7.0,16.0,105.0,145.0,267.0,4,731.0
8.0,7.0,16.0,105.0,145.0,267.0,4,731.0
8.0,7.0,16.0,105.0,267.0,277.0,4,396.0
8.0,7.0,16.0,145.0,396.0,731.0,4,994.0
8.0,7.0,145.0,277.0,421.0,731.0,4,994.0
8.0,7.0,105.0,145.0,277.0,421.0,4,731.0
8.0,7.0,145.0,277.0,421.0,731.0,4,994.0
8.0,7.0,145.0,277.0,421.0,731.0,4,994.0
8.0,7.0,16.0,105.0,267.0,277.0,4,396.0
8.0,7.0,16.0,105.0,267.0,396.0,4,829.0
8.0,7.0,267.0,396.0,731.0,829.0,4,994.0
8.0,7.0,105.0,396.0,410.0,731.0,4,829.0
8.0,5.0,89.0,117.0,179.0,437.0,4,611.0
8.0,5.0,14.0,179.0,352.0,568.0,4,776.0
8.0,5.0,14.0,179.0,352.0,568.0,4,611.0
8.0,5.0,89.0,117.0,179.0,352.0,4,568.0
8.0,5.0,89.0,117.0,179.0,352.0,4,611.0
8.0,5.0,117.0,352.0,437.0,452.0,4,760.0
8.0,34.0,345.0,506.0,662.0,747.0,4,790.0
8.0,34.0,104.0,506.0,595.0,662.0,4,774.0
8.0,34.0,104.0,506.0,595.0,662.0,4,774.0
8.0,34.0,41.0,583.0,747.0,774.0,4,817.0
8.0,34.0,506.0,583.0,747.0,774.0,4,817.0
8.0,34.0,345.0,506.0,662.0,747.0,4,790.0
8.0,34.0,345.0,506.0,662.0,747.0,4,790.0
8.0,34.0,104.0,506.0,662.0,747.0,4,790.0
8.0,34.0,41.0,104.0,595.0,747.0,4,774.0
8.0,34.0,104.0,506.0,662.0,747.0,4,790.0
8.0,7.0,145.0,277.0,421.0,731.0,4,994.0
8.0,7.0,16.0,105.0,145.0,421.0,4,731.0
8.0,7.0,16.0,105.0,145.0,396.0,4,410.0
8.0,7.0,105.0,277.0,396.0,410.0,4,829.0
8.0,7.0,277.0,396.0,410.0,829.0,4,994.0
8.0,7.0,145.0,277.0,421.0,731.0,4,994.0
8.0,7.0,105.0,145.0,421.0,731.0,4,994.0
8.0,7.0,105.0,145.0,421.0,731.0,4,994.0
8.0,7.0,105.0,145.0,421.0,731.0,4,994.0
8.0,7.0,16.0,105.0,145.0,396.0,4,731.0
8.0,7.0,16.0,105.0,396.0,410.0,4,829.0
8.0,7.0,16.0,368.0,396.0,410.0,4,829.0
8.0,7.0,149.0,368.0,396.0,410.0,4,829.0
8.0,11.0,281.0,425.0,781.0,938.0,4,974.0
8.0,11.0,425.0,455.0,498.0,594.0,4,974.0
8.0,11.0,338.0,425.0,455.0,498.0,4,594.0
8.0,11.0,281.0,338.0,455.0,594.0,4,781.0
8.0,11.0,281.0,455.0,594.0,781.0,4,974.0
8.0,11.0,281.0,425.0,455.0,594.0,4,974.0
8.0,11.0,281.0,338.0,425.0,455.0,4,974.0
8.0,11.0,425.0,594.0,781.0,938.0,4,974.0
8.0,11.0,281.0,425.0,455.0,594.0,4,974.0
8.0,7.0,16.0,145.0,421.0,731.0,4,994.0
8.0,7.0,16.0,105.0,145.0,267.0,4,731.0
8.0,7.0,16.0,105.0,267.0,277.0,4,396.0
8.0,7.0,145.0,410.0,421.0,731.0,4,994.0
8.0,7.0,105.0,145.0,421.0,731.0,4,994.0
8.0,7.0,145.0,277.0,421.0,731.0,4,994.0
8.0,7.0,145.0,267.0,277.0,731.0,4,994.0
8.0,7.0,105.0,145.0,267.0,277.0,4,731.0
8.0,7.0,105.0,145.0,267.0,277.0,4,731.0
8.0,7.0,16.0,105.0,267.0,277.0,4,396.0
8.0,7.0,145.0,277.0,421.0,731.0,4,994.0
8.0,7.0,16.0,105.0,145.0,396.0,4,731.0
8.0,7.0,16.0,105.0,145.0,396.0,4,731.0
8.0,7.0,16.0,105.0,277.0,396.0,4,410.0
8.0,7.0,16.0,105.0,267.0,277.0,4,396.0
8.0,7.0,105.0,145.0,267.0,731.0,4,994.0
8.0,7.0,145.0,277.0,396.0,731.0,4,994.0
8.0,7.0,145.0,267.0,277.0,410.0,4,994.0
8.0,7.0,105.0,145.0,267.0,731.0,4,994.0
8.0,32.0,34.0,241.0,511.0,602.0,4,944.0
8.0,32.0,241.0,370.0,511.0,634.0,4,784.0
8.0,32.0,173.0,370.0,426.0,634.0,4,784.0
8.0,32.0,34.0,241.0,370.0,511.0,4,602.0
8.0,32.0,34.0,241.0,602.0,634.0,4,784.0
8.0,32.0,511.0,602.0,634.0,784.0,4,944.0
8.0,32.0,426.0,511.0,602.0,634.0,4,784.0
8.0,32.0,34.0,370.0,426.0,511.0,4,944.0
8.0,32.0,34.0,370.0,602.0,634.0,4,784.0
8.0,26.0,25.0,107.0,468.0,554.0,4,703.0
8.0,26.0,25.0,107.0,554.0,748.0,4,837.0
8.0,26.0,381.0,384.0,635.0,703.0,4,748.0
8.0,26.0,384.0,554.0,703.0,748.0,4,837.0
8.0,26.0,384.0,554.0,703.0,748.0,4,837.0
8.0,26.0,25.0,554.0,703.0,748.0,4,837.0
8.0,26.0,25.0,381.0,554.0,635.0,4,837.0
8.0,26.0,107.0,384.0,635.0,703.0,4,748.0
8.0,26.0,384.0,554.0,635.0,703.0,4,748.0
8.0,26.0,25.0,384.0,554.0,703.0,4,748.0
8.0,4.0,486.0,589.0,715.0,757.0,4,786.0
8.0,4.0,1.0,486.0,589.0,757.0,4,786.0
8.0,4.0,259.0,486.0,589.0,715.0,4,786.0
8.0,4.0,259.0,486.0,589.0,786.0,4,964.0
8.0,4.0,259.0,486.0,487.0,715.0,4,786.0
8.0,4.0,486.0,589.0,715.0,757.0,4,786.0
8.0,4.0,1.0,487.0,589.0,715.0,4,757.0
8.0,4.0,1.0,487.0,589.0,715.0,4,757.0
8.0,4.0,259.0,486.0,487.0,715.0,4,786.0
8.0,17.0,109.0,354.0,406.0,619.0,4,764.0
8.0,17.0,109.0,354.0,406.0,764.0,4,1037.0
8.0,17.0,109.0,354.0,439.0,484.0,4,1037.0
8.0,17.0,439.0,484.0,569.0,587.0,4,619.0
8.0,17.0,439.0,484.0,569.0,587.0,4,619.0
8.0,17.0,406.0,569.0,587.0,764.0,4,1037.0
8.0,17.0,109.0,406.0,587.0,764.0,4,1037.0
8.0,17.0,109.0,354.0,406.0,619.0,4,764.0
8.0,17.0,109.0,439.0,587.0,764.0,4,1037.0
8.0,17.0,439.0,484.0,569.0,587.0,4,1037.0
8.0,17.0,439.0,484.0,569.0,587.0,4,619.0
8.0,7.0,105.0,267.0,410.0,731.0,4,829.0
8.0,7.0,145.0,267.0,277.0,396.0,4,994.0
8.0,7.0,145.0,267.0,277.0,421.0,4,994.0
8.0,7.0,145.0,421.0,731.0,829.0,4,994.0
8.0,7.0,105.0,145.0,277.0,396.0,4,731.0
8.0,7.0,145.0,277.0,421.0,731.0,4,994.0
8.0,7.0,16.0,145.0,421.0,731.0,4,994.0
8.0,7.0,145.0,277.0,421.0,731.0,4,994.0
8.0,7.0,145.0,267.0,277.0,731.0,4,994.0
8.0,7.0,145.0,267.0,410.0,731.0,4,994.0
8.0,7.0,105.0,267.0,277.0,396.0,4,410.0
8.0,7.0,105.0,277.0,396.0,410.0,4,421.0
8.0,7.0,145.0,267.0,410.0,731.0,4,994.0
8.0,7.0,105.0,145.0,267.0,277.0,4,731.0
8.0,7.0,105.0,267.0,277.0,396.0,4,410.0
8.0,7.0,16.0,105.0,267.0,396.0,4,410.0
8.0,7.0,16.0,105.0,396.0,410.0,4,829.0
8.0,7.0,16.0,368.0,396.0,410.0,4,829.0
8.0,15.0,509.0,659.0,714.0,941.0,4,960.0
8.0,15.0,86.0,509.0,659.0,941.0,4,960.0
8.0,15.0,86.0,509.0,659.0,941.0,4,1005.0
8.0,15.0,188.0,659.0,714.0,960.0,4,1036.0
8.0,15.0,188.0,659.0,714.0,960.0,4,1036.0
8.0,15.0,659.0,714.0,941.0,960.0,4,1036.0
8.0,15.0,659.0,714.0,941.0,960.0,4,1036.0
8.0,15.0,86.0,509.0,659.0,714.0,4,941.0
8.0,15.0,86.0,509.0,659.0,714.0,4,941.0
8.0,7.0,145.0,277.0,396.0,731.0,4,994.0
8.0,7.0,16.0,145.0,267.0,731.0,4,994.0
8.0,7.0,16.0,105.0,267.0,277.0,4,731.0
8.0,7.0,105.0,277.0,396.0,410.0,4,731.0
8.0,7.0,145.0,396.0,410.0,731.0,4,994.0
8.0,7.0,267.0,277.0,410.0,731.0,4,994.0
8.0,7.0,145.0,277.0,396.0,731.0,4,994.0
8.0,7.0,16.0,105.0,267.0,277.0,4,731.0
8.0,7.0,105.0,267.0,277.0,410.0,4,829.0
8.0,7.0,105.0,145.0,267.0,410.0,4,829.0
8.0,7.0,105.0,145.0,267.0,731.0,4,829.0
8.0,7.0,145.0,396.0,731.0,829.0,4,994.0
8.0,23.0,33.0,136.0,454.0,778.0,4,896.0
8.0,23.0,33.0,136.0,524.0,896.0,4,955.0
8.0,23.0,136.0,454.0,524.0,778.0,4,896.0
8.0,23.0,136.0,454.0,524.0,778.0,4,799.0
8.0,23.0,454.0,524.0,778.0,799.0,4,972.0
8.0,23.0,454.0,799.0,896.0,955.0,4,972.0
8.0,9.0,39.0,108.0,535.0,574.0,4,604.0
8.0,9.0,39.0,108.0,535.0,574.0,4,604.0
8.0,9.0,108.0,137.0,366.0,488.0,4,535.0
8.0,9.0,39.0,137.0,194.0,366.0,4,488.0
8.0,9.0,39.0,194.0,535.0,574.0,4,604.0
8.0,9.0,39.0,194.0,535.0,574.0,4,604.0
8.0,9.0,39.0,194.0,488.0,510.0,4,604.0
8.0,9.0,39.0,194.0,510.0,574.0,4,604.0
8.0,9.0,39.0,194.0,510.0,574.0,4,604.0
8.0,9.0,39.0,194.0,510.0,574.0,4,604.0
8.0,7.0,145.0,277.0,368.0,731.0,4,808.0
8.0,7.0,145.0,731.0,808.0,829.0,4,994.0
8.0,7.0,16.0,145.0,731.0,808.0,4,994.0
8.0,7.0,16.0,145.0,731.0,808.0,4,994.0
8.0,7.0,145.0,267.0,277.0,731.0,4,994.0
8.0,7.0,145.0,731.0,808.0,829.0,4,994.0
8.0,7.0,145.0,149.0,267.0,277.0,4,731.0
8.0,7.0,267.0,731.0,808.0,829.0,4,994.0
8.0,7.0,267.0,277.0,731.0,808.0,4,994.0
8.0,7.0,145.0,277.0,731.0,808.0,4,994.0
8.0,7.0,145.0,277.0,731.0,808.0,4,994.0
8.0,7.0,149.0,267.0,277.0,731.0,4,829.0
8.0,7.0,16.0,149.0,267.0,277.0,4,396.0
8.0,7.0,16.0,267.0,277.0,396.0,4,994.0
8.0,7.0,149.0,267.0,368.0,396.0,4,829.0
8.0,7.0,145.0,277.0,731.0,808.0,4,994.0
8.0,7.0,145.0,277.0,731.0,808.0,4,994.0
8.0,27.0,23.0,319.0,359.0,680.0,4,777.0
8.0,27.0,319.0,359.0,668.0,726.0,4,777.0
8.0,27.0,319.0,351.0,668.0,726.0,4,777.0
8.0,27.0,23.0,319.0,351.0,359.0,4,680.0
8.0,27.0,23.0,319.0,359.0,392.0,4,680.0
8.0,27.0,23.0,319.0,359.0,392.0,4,680.0
8.0,27.0,23.0,319.0,359.0,392.0,4,680.0
8.0,27.0,23.0,319.0,359.0,680.0,4,777.0
8.0,27.0,351.0,392.0,680.0,726.0,4,777.0
8.0,27.0,351.0,359.0,392.0,668.0,4,726.0
8.0,27.0,319.0,351.0,359.0,392.0,4,680.0
8.0,7.0,145.0,277.0,731.0,808.0,4,994.0
8.0,7.0,267.0,277.0,368.0,808.0,4,829.0
8.0,7.0,145.0,149.0,267.0,731.0,4,994.0
8.0,7.0,145.0,149.0,267.0,731.0,4,994.0
8.0,7.0,145.0,149.0,267.0,368.0,4,731.0
8.0,7.0,145.0,277.0,731.0,808.0,4,994.0
8.0,7.0,145.0,149.0,731.0,808.0,4,994.0
8.0,7.0,267.0,277.0,368.0,396.0,4,829.0
8.0,7.0,145.0,149.0,731.0,808.0,4,994.0
8.0,7.0,145.0,149.0,368.0,731.0,4,808.0
8.0,7.0,145.0,277.0,396.0,731.0,4,808.0
8.0,7.0,145.0,267.0,368.0,396.0,4,731.0
8.0,7.0,145.0,149.0,267.0,368.0,4,731.0
8.0,7.0,267.0,277.0,368.0,808.0,4,829.0
8.0,7.0,145.0,368.0,396.0,731.0,4,829.0
8.0,7.0,145.0,277.0,396.0,731.0,4,808.0
8.0,7.0,145.0,277.0,396.0,731.0,4,808.0
8.0,7.0,145.0,149.0,267.0,368.0,4,731.0
8.0,7.0,149.0,368.0,731.0,808.0,4,829.0
8.0,7.0,149.0,267.0,368.0,808.0,4,829.0
8.0,7.0,145.0,277.0,731.0,808.0,4,829.0
8.0,7.0,145.0,149.0,267.0,731.0,4,994.0
8.0,7.0,267.0,277.0,368.0,808.0,4,829.0
8.0,7.0,277.0,368.0,396.0,808.0,4,829.0
8.0,7.0,145.0,396.0,731.0,829.0,4,994.0
8.0,7.0,145.0,396.0,731.0,829.0,4,994.0
8.0,7.0,145.0,277.0,368.0,731.0,4,808.0
8.0,7.0,145.0,277.0,731.0,808.0,4,994.0
8.0,7.0,145.0,277.0,731.0,808.0,4,994.0
8.0,7.0,145.0,277.0,731.0,808.0,4,994.0
8.0,7.0,145.0,267.0,368.0,731.0,4,829.0
8.0,7.0,267.0,277.0,368.0,396.0,4,829.0
8.0,7.0,267.0,277.0,368.0,396.0,4,829.0
8.0,7.0,149.0,368.0,396.0,808.0,4,829.0
8.0,7.0,16.0,149.0,295.0,396.0,4,822.0
8.0,1.0,106.0,410.0,421.0,565.0,4,669.0
8.0,1.0,105.0,410.0,421.0,442.0,4,669.0
8.0,1.0,105.0,333.0,410.0,442.0,4,669.0
8.0,1.0,78.0,333.0,442.0,669.0,4,989.0
8.0,1.0,78.0,333.0,442.0,463.0,4,989.0
8.0,1.0,78.0,333.0,442.0,463.0,4,989.0
8.0,1.0,333.0,421.0,442.0,463.0,4,565.0
8.0,1.0,78.0,106.0,410.0,669.0,4,989.0
8.0,1.0,78.0,106.0,410.0,669.0,4,989.0
8.0,1.0,78.0,410.0,442.0,669.0,4,989.0
8.0,1.0,78.0,442.0,463.0,565.0,4,669.0
8.0,6.0,579.0,606.0,693.0,719.0,4,980.0
8.0,6.0,275.0,579.0,606.0,719.0,4,980.0
8.0,6.0,275.0,606.0,693.0,902.0,4,980.0
8.0,6.0,275.0,579.0,693.0,719.0,4,902.0
8.0,6.0,275.0,579.0,606.0,902.0,4,980.0
8.0,6.0,427.0,491.0,579.0,693.0,4,902.0
8.0,6.0,0.0,275.0,427.0,902.0,4,980.0
8.0,6.0,0.0,275.0,579.0,693.0,4,980.0
8.0,2.0,120.0,444.0,493.0,687.0,4,889.0
8.0,2.0,120.0,444.0,493.0,687.0,4,889.0
8.0,2.0,17.0,120.0,444.0,728.0,4,889.0
8.0,2.0,17.0,120.0,444.0,728.0,4,889.0
8.0,2.0,17.0,223.0,493.0,687.0,4,728.0
8.0,2.0,120.0,444.0,493.0,728.0,4,889.0
8.0,2.0,17.0,120.0,444.0,728.0,4,889.0
8.0,2.0,17.0,120.0,444.0,493.0,4,889.0
8.0,2.0,17.0,444.0,493.0,687.0,4,728.0
8.0,2.0,17.0,444.0,493.0,687.0,4,728.0
8.0,7.0,145.0,149.0,267.0,368.0,4,731.0
8.0,7.0,267.0,277.0,368.0,808.0,4,829.0
8.0,7.0,145.0,396.0,731.0,829.0,4,994.0
8.0,7.0,145.0,149.0,267.0,731.0,4,994.0
8.0,7.0,145.0,149.0,267.0,368.0,4,731.0
8.0,7.0,145.0,149.0,267.0,731.0,4,994.0
8.0,7.0,145.0,277.0,731.0,808.0,4,994.0
8.0,29.0,83.0,230.0,242.0,260.0,4,860.0
8.0,29.0,83.0,230.0,242.0,260.0,4,860.0
8.0,29.0,132.0,230.0,242.0,260.0,4,755.0
8.0,29.0,83.0,132.0,230.0,260.0,4,755.0
8.0,29.0,230.0,242.0,260.0,456.0,4,821.0
8.0,29.0,83.0,132.0,242.0,260.0,4,821.0
8.0,29.0,230.0,242.0,260.0,755.0,4,821.0
8.0,29.0,83.0,132.0,230.0,242.0,4,821.0
8.0,29.0,83.0,132.0,230.0,242.0,4,821.0
8.0,8.0,74.0,397.0,552.0,984.0,4,1027.0
8.0,8.0,30.0,74.0,229.0,397.0,4,984.0
8.0,8.0,30.0,74.0,571.0,984.0,4,1027.0
8.0,8.0,74.0,552.0,571.0,984.0,4,1027.0
8.0,8.0,74.0,397.0,552.0,984.0,4,1027.0
8.0,8.0,347.0,552.0,571.0,984.0,4,1027.0
8.0,8.0,347.0,552.0,571.0,984.0,4,1027.0
8.0,8.0,347.0,552.0,571.0,984.0,4,1027.0
8.0,8.0,30.0,229.0,347.0,397.0,4,984.0
8.0,8.0,30.0,229.0,397.0,571.0,4,984.0
8.0,8.0,74.0,326.0,397.0,571.0,4,1027.0
8.0,7.0,145.0,277.0,731.0,808.0,4,994.0
8.0,7.0,277.0,295.0,396.0,808.0,4,829.0
8.0,7.0,277.0,295.0,396.0,808.0,4,829.0
8.0,7.0,145.0,396.0,731.0,829.0,4,994.0
8.0,7.0,145.0,277.0,731.0,808.0,4,994.0
8.0,7.0,145.0,277.0,731.0,808.0,4,994.0
8.0,7.0,145.0,277.0,731.0,808.0,4,994.0
8.0,15.0,86.0,463.0,515.0,659.0,4,1036.0
8.0,15.0,86.0,463.0,593.0,749.0,4,1036.0
8.0,15.0,86.0,463.0,593.0,749.0,4,1005.0
8.0,15.0,86.0,463.0,593.0,749.0,4,1005.0
8.0,15.0,463.0,593.0,714.0,749.0,4,1005.0
8.0,15.0,463.0,659.0,714.0,749.0,4,1036.0
8.0,15.0,188.0,659.0,714.0,960.0,4,1036.0
8.0,15.0,463.0,659.0,714.0,1005.0,4,1036.0
8.0,15.0,86.0,188.0,463.0,659.0,4,1036.0
8.0,15.0,86.0,188.0,463.0,659.0,4,1036.0
8.0,15.0,86.0,188.0,463.0,659.0,4,1036.0
8.0,18.0,51.0,362.0,730.0,836.0,4,948.0
8.0,18.0,51.0,730.0,758.0,948.0,4,1035.0
8.0,18.0,51.0,56.0,758.0,981.0,4,1035.0
8.0,18.0,56.0,358.0,362.0,981.0,4,1035.0
8.0,7.0,145.0,267.0,277.0,295.0,4,731.0
8.0,7.0,145.0,396.0,731.0,829.0,4,994.0
8.0,7.0,145.0,277.0,731.0,808.0,4,994.0
8.0,7.0,267.0,277.0,295.0,808.0,4,829.0
8.0,7.0,145.0,267.0,277.0,731.0,4,994.0
8.0,22.0,58.0,218.0,320.0,768.0,4,990.0
8.0,22.0,741.0,768.0,802.0,864.0,4,990.0
8.0,22.0,58.0,741.0,802.0,864.0,4,990.0
8.0,22.0,58.0,218.0,320.0,864.0,4,990.0
8.0,22.0,58.0,218.0,320.0,768.0,4,990.0
8.0,22.0,58.0,218.0,320.0,768.0,4,990.0
8.0,22.0,58.0,741.0,802.0,864.0,4,990.0
8.0,22.0,58.0,741.0,802.0,864.0,4,990.0
8.0,22.0,58.0,320.0,802.0,864.0,4,990.0
8.0,7.0,145.0,267.0,295.0,731.0,4,994.0
8.0,7.0,145.0,277.0,295.0,396.0,4,808.0
8.0,7.0,277.0,295.0,731.0,808.0,4,829.0
8.0,7.0,145.0,267.0,295.0,731.0,4,994.0
8.0,7.0,16.0,145.0,267.0,731.0,4,994.0
8.0,7.0,16.0,267.0,277.0,731.0,4,829.0
8.0,7.0,145.0,277.0,731.0,808.0,4,994.0
8.0,7.0,145.0,267.0,731.0,808.0,4,994.0
8.0,7.0,16.0,149.0,368.0,396.0,4,822.0
8.0,11.0,281.0,425.0,535.0,781.0,4,974.0
8.0,11.0,181.0,425.0,535.0,781.0,4,943.0
8.0,11.0,181.0,425.0,455.0,535.0,4,943.0
8.0,11.0,181.0,281.0,455.0,535.0,4,974.0
8.0,11.0,181.0,281.0,425.0,535.0,4,781.0
8.0,11.0,425.0,535.0,781.0,943.0,4,974.0
8.0,11.0,281.0,425.0,498.0,781.0,4,974.0
8.0,11.0,281.0,425.0,498.0,781.0,4,974.0
8.0,11.0,181.0,425.0,455.0,535.0,4,943.0
8.0,11.0,181.0,281.0,425.0,455.0,4,943.0
8.0,16.0,155.0,216.0,379.0,674.0,4,893.0
8.0,16.0,216.0,379.0,674.0,763.0,4,903.0
8.0,16.0,153.0,155.0,424.0,674.0,4,763.0
8.0,16.0,153.0,155.0,424.0,763.0,4,988.0
8.0,16.0,379.0,424.0,674.0,903.0,4,988.0
8.0,16.0,155.0,379.0,424.0,674.0,4,988.0
8.0,16.0,153.0,155.0,424.0,763.0,4,988.0
8.0,16.0,379.0,424.0,893.0,903.0,4,988.0
8.0,16.0,424.0,546.0,893.0,903.0,4,988.0
8.0,25.0,146.0,332.0,696.0,759.0,4,1024.0
8.0,25.0,2.0,81.0,759.0,958.0,4,1024.0
8.0,25.0,2.0,311.0,332.0,759.0,4,958.0
8.0,25.0,332.0,696.0,759.0,958.0,4,1024.0
8.0,25.0,2.0,81.0,146.0,696.0,4,1024.0
8.0,25.0,2.0,81.0,146.0,696.0,4,1024.0
8.0,25.0,2.0,146.0,332.0,696.0,4,1024.0
8.0,25.0,146.0,332.0,696.0,958.0,4,1024.0
8.0,7.0,145.0,277.0,396.0,731.0,4,994.0
8.0,7.0,16.0,145.0,267.0,368.0,4,731.0
8.0,7.0,16.0,267.0,277.0,295.0,4,396.0
8.0,7.0,16.0,149.0,267.0,277.0,4,396.0
8.0,7.0,16.0,149.0,277.0,396.0,4,822.0
8.0,7.0,16.0,149.0,277.0,396.0,4,822.0
8.0,7.0,145.0,267.0,277.0,731.0,4,994.0
8.0,7.0,145.0,277.0,396.0,731.0,4,994.0
8.0,7.0,145.0,277.0,396.0,731.0,4,994.0
8.0,7.0,16.0,145.0,267.0,731.0,4,994.0
8.0,7.0,16.0,149.0,267.0,731.0,4,829.0
8.0,7.0,16.0,149.0,267.0,277.0,4,396.0
8.0,7.0,16.0,149.0,267.0,277.0,4,396.0
8.0,7.0,145.0,267.0,277.0,731.0,4,994.0
8.0,7.0,145.0,277.0,396.0,731.0,4,994.0
8.0,29.0,230.0,242.0,456.0,755.0,4,860.0
8.0,29.0,242.0,456.0,755.0,809.0,4,860.0
8.0,29.0,242.0,260.0,755.0,809.0,4,860.0
8.0,29.0,456.0,755.0,769.0,809.0,4,860.0
8.0,29.0,132.0,755.0,769.0,809.0,4,860.0
8.0,29.0,132.0,755.0,801.0,821.0,4,867.0
8.0,7.0,145.0,277.0,396.0,731.0,4,994.0
8.0,7.0,16.0,145.0,277.0,396.0,4,731.0
8.0,7.0,16.0,145.0,396.0,731.0,4,994.0
8.0,7.0,16.0,149.0,267.0,277.0,4,396.0
8.0,7.0,16.0,145.0,267.0,731.0,4,994.0
8.0,7.0,16.0,145.0,267.0,277.0,4,731.0
8.0,7.0,16.0,396.0,731.0,829.0,4,994.0
8.0,7.0,16.0,145.0,267.0,277.0,4,396.0
8.0,7.0,16.0,145.0,267.0,277.0,4,396.0
8.0,7.0,16.0,145.0,396.0,731.0,4,994.0
8.0,7.0,145.0,277.0,396.0,731.0,4,994.0
8.0,7.0,145.0,267.0,277.0,731.0,4,994.0
8.0,7.0,16.0,87.0,145.0,267.0,4,731.0
8.0,7.0,16.0,87.0,149.0,267.0,4,731.0
8.0,7.0,16.0,87.0,149.0,267.0,4,731.0
8.0,7.0,87.0,149.0,396.0,731.0,4,829.0
8.0,7.0,145.0,267.0,277.0,368.0,4,731.0
8.0,7.0,145.0,277.0,368.0,396.0,4,731.0
8.0,7.0,16.0,145.0,368.0,396.0,4,731.0
8.0,7.0,16.0,87.0,149.0,396.0,4,731.0
8.0,7.0,16.0,87.0,267.0,277.0,4,731.0
8.0,24.0,43.0,576.0,750.0,863.0,4,888.0
8.0,24.0,60.0,275.0,729.0,863.0,4,888.0
8.0,24.0,60.0,275.0,729.0,793.0,4,863.0
8.0,24.0,60.0,275.0,576.0,729.0,4,793.0
8.0,24.0,60.0,275.0,576.0,863.0,4,888.0
8.0,24.0,60.0,471.0,576.0,863.0,4,888.0
8.0,24.0,60.0,576.0,750.0,863.0,4,888.0
8.0,24.0,43.0,60.0,576.0,750.0,4,863.0
8.0,24.0,275.0,576.0,729.0,863.0,4,888.0
8.0,24.0,60.0,275.0,576.0,750.0,4,888.0
8.0,24.0,275.0,576.0,750.0,863.0,4,888.0
8.0,24.0,43.0,60.0,471.0,729.0,4,793.0
8.0,7.0,16.0,145.0,267.0,731.0,4,994.0
8.0,7.0,16.0,267.0,731.0,829.0,4,994.0
8.0,7.0,16.0,267.0,277.0,731.0,4,829.0
8.0,7.0,16.0,267.0,277.0,396.0,4,829.0
8.0,7.0,16.0,145.0,267.0,277.0,4,396.0
8.0,7.0,16.0,145.0,277.0,396.0,4,808.0
8.0,7.0,145.0,149.0,396.0,731.0,4,994.0
8.0,7.0,145.0,267.0,277.0,731.0,4,994.0
8.0,7.0,145.0,277.0,731.0,808.0,4,994.0
8.0,7.0,16.0,145.0,267.0,731.0,4,994.0
8.0,7.0,16.0,149.0,267.0,731.0,4,994.0
8.0,7.0,16.0,149.0,267.0,277.0,4,731.0
8.0,7.0,277.0,731.0,808.0,829.0,4,994.0
8.0,7.0,16.0,731.0,808.0,829.0,4,994.0
8.0,7.0,16.0,33.0,267.0,731.0,4,829.0
8.0,7.0,16.0,33.0,267.0,277.0,4,396.0
8.0,7.0,16.0,149.0,277.0,396.0,4,808.0
8.0,7.0,149.0,731.0,808.0,829.0,4,994.0
8.0,7.0,277.0,731.0,808.0,829.0,4,994.0
8.0,7.0,16.0,267.0,731.0,829.0,4,994.0
8.0,7.0,16.0,33.0,267.0,277.0,4,396.0
8.0,7.0,149.0,731.0,808.0,829.0,4,994.0
8.0,7.0,149.0,731.0,808.0,829.0,4,994.0
8.0,7.0,277.0,731.0,808.0,829.0,4,994.0
8.0,7.0,16.0,267.0,731.0,829.0,4,994.0
8.0,7.0,267.0,277.0,731.0,808.0,4,994.0
8.0,7.0,267.0,277.0,731.0,808.0,4,994.0
8.0,7.0,267.0,277.0,731.0,808.0,4,994.0
8.0,7.0,267.0,277.0,731.0,829.0,4,994.0
8.0,7.0,16.0,33.0,267.0,731.0,4,829.0
8.0,7.0,16.0,33.0,267.0,277.0,4,731.0
8.0,7.0,16.0,33.0,267.0,277.0,4,731.0
8.0,7.0,16.0,33.0,267.0,277.0,4,396.0
8.0,7.0,16.0,33.0,267.0,277.0,4,396.0
8.0,7.0,16.0,33.0,277.0,396.0,4,731.0
8.0,0.0,252.0,573.0,601.0,721.0,4,789.0
8.0,0.0,252.0,465.0,601.0,721.0,4,789.0
8.0,0.0,13.0,244.0,252.0,465.0,4,789.0
8.0,0.0,13.0,244.0,465.0,601.0,4,789.0
8.0,0.0,13.0,244.0,465.0,601.0,4,789.0
8.0,0.0,244.0,465.0,573.0,789.0,4,792.0
8.0,0.0,13.0,252.0,573.0,601.0,4,792.0
8.0,0.0,13.0,252.0,573.0,601.0,4,792.0
8.0,0.0,13.0,252.0,573.0,601.0,4,721.0
8.0,0.0,13.0,252.0,573.0,601.0,4,721.0
8.0,7.0,16.0,33.0,267.0,731.0,4,829.0
8.0,7.0,16.0,33.0,267.0,731.0,4,829.0
8.0,7.0,16.0,277.0,731.0,808.0,4,829.0
8.0,7.0,16.0,33.0,267.0,731.0,4,829.0
8.0,7.0,16.0,87.0,267.0,277.0,4,396.0
8.0,7.0,149.0,267.0,277.0,731.0,4,808.0
8.0,7.0,87.0,277.0,731.0,808.0,4,829.0
8.0,7.0,16.0,87.0,731.0,808.0,4,829.0
8.0,7.0,33.0,149.0,731.0,808.0,4,829.0
8.0,7.0,33.0,149.0,731.0,808.0,4,829.0
8.0,7.0,87.0,277.0,731.0,808.0,4,829.0
8.0,7.0,16.0,33.0,267.0,731.0,4,829.0
8.0,7.0,16.0,33.0,267.0,277.0,4,396.0
8.0,7.0,16.0,33.0,267.0,277.0,4,396.0
8.0,28.0,203.0,608.0,754.0,842.0,4,1016.0
8.0,28.0,74.0,203.0,608.0,754.0,4,842.0
8.0,28.0,203.0,608.0,754.0,842.0,4,1016.0
8.0,28.0,203.0,608.0,754.0,842.0,4,1016.0
8.0,28.0,74.0,203.0,608.0,754.0,4,842.0
8.0,28.0,74.0,203.0,285.0,608.0,4,754.0
8.0,28.0,30.0,74.0,203.0,285.0,4,608.0
8.0,28.0,74.0,161.0,285.0,608.0,4,922.0
8.0,28.0,30.0,128.0,161.0,754.0,4,922.0
8.0,28.0,74.0,203.0,608.0,754.0,4,842.0
8.0,14.0,134.0,472.0,516.0,520.0,4,1015.0
8.0,14.0,134.0,302.0,472.0,868.0,4,1013.0
8.0,14.0,516.0,520.0,938.0,1013.0,4,1015.0
8.0,14.0,516.0,520.0,938.0,1013.0,4,1015.0
8.0,14.0,516.0,520.0,938.0,1013.0,4,1015.0
8.0,14.0,516.0,520.0,938.0,1013.0,4,1015.0
8.0,14.0,134.0,302.0,472.0,868.0,4,1013.0
8.0,7.0,16.0,145.0,731.0,808.0,4,994.0
8.0,7.0,16.0,145.0,731.0,808.0,4,994.0
8.0,7.0,16.0,33.0,267.0,277.0,4,731.0
8.0,7.0,16.0,33.0,267.0,731.0,4,829.0
8.0,7.0,145.0,267.0,277.0,731.0,4,994.0
8.0,7.0,145.0,277.0,731.0,808.0,4,994.0
8.0,7.0,145.0,277.0,731.0,808.0,4,994.0
8.0,7.0,145.0,149.0,731.0,808.0,4,994.0
8.0,7.0,33.0,267.0,277.0,396.0,4,829.0
8.0,7.0,145.0,149.0,731.0,808.0,4,994.0
8.0,7.0,145.0,149.0,731.0,808.0,4,994.0
8.0,7.0,145.0,149.0,731.0,808.0,4,994.0
8.0,7.0,145.0,277.0,731.0,808.0,4,994.0
8.0,7.0,145.0,277.0,396.0,731.0,4,994.0
8.0,7.0,33.0,145.0,149.0,396.0,4,731.0
8.0,7.0,33.0,145.0,277.0,396.0,4,808.0
8.0,7.0,277.0,731.0,808.0,829.0,4,994.0
8.0,7.0,145.0,149.0,731.0,808.0,4,994.0
8.0,7.0,145.0,277.0,731.0,808.0,4,994.0
8.0,7.0,145.0,149.0,731.0,808.0,4,994.0
8.0,7.0,16.0,33.0,267.0,277.0,4,396.0
8.0,7.0,145.0,267.0,731.0,808.0,4,994.0
8.0,7.0,145.0,396.0,731.0,808.0,4,994.0
8.0,7.0,16.0,277.0,396.0,731.0,4,808.0
8.0,7.0,16.0,145.0,267.0,731.0,4,994.0
8.0,7.0,16.0,33.0,145.0,267.0,4,731.0
8.0,7.0,16.0,33.0,149.0,267.0,4,396.0
8.0,7.0,145.0,277.0,731.0,808.0,4,994.0
8.0,7.0,16.0,267.0,277.0,396.0,4,808.0
8.0,7.0,145.0,149.0,267.0,731.0,4,994.0
8.0,7.0,16.0,33.0,149.0,267.0,4,396.0
8.0,7.0,16.0,149.0,267.0,396.0,4,994.0
8.0,7.0,16.0,145.0,277.0,731.0,4,808.0
8.0,7.0,16.0,145.0,267.0,396.0,4,808.0
8.0,27.0,23.0,319.0,668.0,680.0,4,777.0
8.0,27.0,105.0,319.0,668.0,777.0,4,935.0
8.0,27.0,0.0,105.0,668.0,680.0,4,935.0
8.0,27.0,105.0,319.0,668.0,680.0,4,935.0
8.0,27.0,0.0,105.0,319.0,668.0,4,777.0
8.0,27.0,105.0,319.0,668.0,777.0,4,935.0
8.0,27.0,23.0,69.0,668.0,680.0,4,777.0
8.0,27.0,23.0,69.0,319.0,680.0,4,777.0
8.0,7.0,16.0,33.0,145.0,267.0,4,731.0
8.0,7.0,16.0,33.0,267.0,277.0,4,822.0
8.0,7.0,145.0,267.0,277.0,731.0,4,822.0
8.0,7.0,145.0,267.0,731.0,808.0,4,994.0
8.0,7.0,145.0,267.0,731.0,808.0,4,994.0
8.0,7.0,33.0,145.0,277.0,731.0,4,808.0
8.0,7.0,145.0,277.0,731.0,808.0,4,994.0
8.0,7.0,145.0,267.0,277.0,731.0,4,994.0
8.0,7.0,16.0,145.0,267.0,731.0,4,994.0
8.0,7.0,16.0,149.0,267.0,731.0,4,994.0
8.0,7.0,16.0,33.0,149.0,267.0,4,731.0
8.0,30.0,217.0,559.0,952.0,953.0,4,963.0
8.0,30.0,100.0,217.0,559.0,953.0,4,963.0
8.0,30.0,100.0,559.0,663.0,785.0,4,953.0
8.0,30.0,100.0,559.0,663.0,785.0,4,952.0
8.0,30.0,100.0,657.0,663.0,785.0,4,952.0
8.0,30.0,100.0,217.0,657.0,785.0,4,952.0
8.0,30.0,100.0,217.0,657.0,785.0,4,953.0
8.0,30.0,217.0,559.0,663.0,953.0,4,963.0
8.0,30.0,217.0,559.0,663.0,953.0,4,963.0
8.0,30.0,217.0,559.0,657.0,785.0,4,953.0
8.0,30.0,100.0,217.0,657.0,785.0,4,952.0
8.0,30.0,100.0,217.0,663.0,952.0,4,963.0
8.0,30.0,100.0,217.0,559.0,953.0,4,963.0
8.0,30.0,100.0,559.0,657.0,953.0,4,963.0
8.0,30.0,559.0,657.0,952.0,953.0,4,963.0
8.0,12.0,125.0,237.0,350.0,856.0,4,909.0
8.0,12.0,126.0,237.0,350.0,386.0,4,845.0
8.0,12.0,126.0,350.0,386.0,638.0,4,845.0
8.0,12.0,126.0,207.0,620.0,638.0,4,909.0
8.0,12.0,125.0,237.0,350.0,856.0,4,909.0
8.0,12.0,125.0,237.0,350.0,845.0,4,856.0
8.0,12.0,126.0,207.0,386.0,638.0,4,845.0
8.0,12.0,126.0,350.0,386.0,638.0,4,845.0
8.0,12.0,125.0,126.0,237.0,350.0,4,856.0
8.0,24.0,60.0,275.0,318.0,729.0,4,863.0
8.0,24.0,60.0,194.0,318.0,729.0,4,863.0
8.0,24.0,60.0,194.0,275.0,604.0,4,926.0
8.0,24.0,60.0,275.0,318.0,863.0,4,925.0
8.0,24.0,60.0,275.0,318.0,863.0,4,925.0
8.0,24.0,275.0,318.0,604.0,863.0,4,926.0
8.0,24.0,60.0,275.0,318.0,793.0,4,863.0
8.0,24.0,60.0,194.0,729.0,863.0,4,926.0
8.0,24.0,60.0,194.0,275.0,863.0,4,926.0
8.0,24.0,60.0,194.0,275.0,863.0,4,926.0
8.0,7.0,145.0,277.0,731.0,808.0,4,994.0
8.0,7.0,16.0,33.0,267.0,277.0,4,396.0
8.0,7.0,16.0,33.0,277.0,396.0,4,731.0
8.0,7.0,145.0,277.0,396.0,731.0,4,994.0
8.0,7.0,16.0,145.0,731.0,808.0,4,994.0
8.0,7.0,145.0,267.0,277.0,731.0,4,994.0
8.0,7.0,145.0,267.0,277.0,731.0,4,994.0
8.0,7.0,16.0,33.0,267.0,277.0,4,396.0
8.0,7.0,267.0,277.0,396.0,829.0,4,994.0
8.0,7.0,16.0,277.0,396.0,731.0,4,808.0
8.0,7.0,267.0,277.0,396.0,731.0,4,808.0
8.0,7.0,16.0,33.0,267.0,731.0,4,829.0
8.0,7.0,33.0,267.0,277.0,396.0,4,829.0
8.0,7.0,267.0,277.0,396.0,829.0,4,994.0
8.0,7.0,16.0,149.0,731.0,808.0,4,994.0
8.0,7.0,16.0,149.0,731.0,808.0,4,994.0
8.0,7.0,16.0,33.0,277.0,731.0,4,808.0
8.0,7.0,16.0,149.0,731.0,808.0,4,994.0
8.0,7.0,16.0,33.0,267.0,277.0,4,396.0
8.0,7.0,16.0,33.0,267.0,277.0,4,396.0
8.0,7.0,149.0,731.0,808.0,829.0,4,994.0
8.0,7.0,277.0,731.0,808.0,829.0,4,994.0
8.0,8.0,347.0,397.0,984.0,1017.0,4,1027.0
8.0,8.0,215.0,326.0,347.0,552.0,4,811.0
8.0,8.0,552.0,811.0,984.0,1017.0,4,1027.0
8.0,8.0,215.0,397.0,811.0,984.0,4,1027.0
8.0,8.0,215.0,397.0,811.0,984.0,4,1027.0
8.0,8.0,215.0,397.0,811.0,984.0,4,1027.0
8.0,8.0,397.0,552.0,811.0,984.0,4,1027.0
8.0,8.0,215.0,397.0,552.0,984.0,4,1017.0
8.0,8.0,215.0,397.0,552.0,984.0,4,1017.0
8.0,8.0,215.0,571.0,984.0,1017.0,4,1027.0
8.0,14.0,293.0,302.0,516.0,868.0,4,1015.0
8.0,14.0,293.0,302.0,405.0,840.0,4,1015.0
8.0,14.0,405.0,516.0,868.0,938.0,4,1015.0
8.0,14.0,405.0,516.0,868.0,938.0,4,1015.0
8.0,14.0,405.0,516.0,868.0,938.0,4,1015.0
8.0,14.0,293.0,405.0,516.0,840.0,4,868.0
8.0,14.0,302.0,405.0,516.0,868.0,4,938.0
8.0,14.0,302.0,405.0,516.0,868.0,4,938.0
8.0,33.0,123.0,160.0,470.0,844.0,4,975.0
8.0,33.0,123.0,313.0,470.0,844.0,4,975.0
8.0,33.0,160.0,364.0,492.0,844.0,4,861.0
8.0,33.0,123.0,160.0,364.0,492.0,4,861.0
8.0,33.0,219.0,492.0,844.0,861.0,4,975.0
8.0,33.0,160.0,219.0,844.0,861.0,4,975.0
8.0,33.0,123.0,160.0,313.0,470.0,4,861.0
8.0,33.0,219.0,470.0,492.0,844.0,4,975.0
8.0,33.0,123.0,219.0,313.0,364.0,4,861.0
8.0,33.0,123.0,160.0,313.0,364.0,4,407.0
8.0,7.0,277.0,731.0,808.0,829.0,4,994.0
8.0,7.0,16.0,731.0,808.0,829.0,4,994.0
8.0,7.0,277.0,731.0,808.0,829.0,4,994.0
8.0,7.0,16.0,33.0,277.0,731.0,4,808.0
8.0,7.0,16.0,33.0,277.0,731.0,4,822.0
8.0,7.0,16.0,33.0,277.0,396.0,4,822.0
8.0,7.0,16.0,87.0,149.0,396.0,4,822.0
8.0,7.0,87.0,149.0,295.0,396.0,4,822.0
8.0,32.0,34.0,241.0,511.0,602.0,4,944.0
8.0,32.0,34.0,241.0,602.0,944.0,4,986.0
8.0,32.0,426.0,602.0,634.0,784.0,4,986.0
8.0,32.0,370.0,426.0,634.0,784.0,4,986.0
8.0,32.0,34.0,241.0,602.0,944.0,4,986.0
8.0,32.0,34.0,241.0,602.0,784.0,4,944.0
8.0,32.0,34.0,241.0,602.0,944.0,4,986.0
8.0,32.0,370.0,426.0,634.0,784.0,4,986.0
8.0,32.0,370.0,426.0,634.0,784.0,4,986.0
8.0,32.0,34.0,241.0,370.0,602.0,4,784.0
8.0,25.0,146.0,332.0,642.0,759.0,4,958.0
8.0,25.0,2.0,332.0,642.0,759.0,4,958.0
8.0,25.0,81.0,269.0,642.0,696.0,4,958.0
8.0,25.0,81.0,146.0,269.0,311.0,4,696.0
8.0,25.0,2.0,332.0,642.0,759.0,4,958.0
8.0,25.0,81.0,642.0,696.0,759.0,4,958.0
8.0,25.0,81.0,642.0,696.0,759.0,4,958.0
8.0,25.0,81.0,146.0,269.0,311.0,4,696.0
8.0,25.0,311.0,332.0,696.0,759.0,4,958.0
8.0,25.0,2.0,50.0,268.0,269.0,4,696.0
8.0,16.0,155.0,296.0,646.0,763.0,4,903.0
8.0,16.0,296.0,546.0,646.0,763.0,4,903.0
8.0,16.0,155.0,424.0,546.0,674.0,4,763.0
8.0,16.0,155.0,531.0,646.0,674.0,4,893.0
8.0,16.0,155.0,296.0,646.0,893.0,4,903.0
8.0,16.0,155.0,296.0,646.0,763.0,4,903.0
8.0,16.0,155.0,296.0,646.0,674.0,4,763.0
8.0,16.0,155.0,296.0,646.0,763.0,4,903.0
8.0,16.0,296.0,546.0,646.0,763.0,4,903.0
8.0,16.0,155.0,296.0,646.0,674.0,4,903.0
8.0,32.0,369.0,370.0,426.0,634.0,4,986.0
8.0,32.0,241.0,511.0,602.0,784.0,4,944.0
8.0,32.0,241.0,511.0,602.0,784.0,4,944.0
8.0,32.0,241.0,602.0,784.0,944.0,4,986.0
8.0,32.0,369.0,370.0,426.0,634.0,4,784.0
8.0,32.0,369.0,370.0,426.0,634.0,4,784.0
8.0,32.0,370.0,426.0,634.0,784.0,4,986.0
8.0,1.0,78.0,442.0,463.0,565.0,4,808.0
8.0,1.0,442.0,463.0,565.0,669.0,4,808.0
8.0,1.0,106.0,333.0,463.0,669.0,4,989.0
8.0,1.0,106.0,333.0,565.0,669.0,4,670.0
8.0,1.0,78.0,442.0,565.0,670.0,4,808.0
8.0,1.0,78.0,442.0,565.0,670.0,4,808.0
8.0,1.0,78.0,442.0,463.0,670.0,4,808.0
8.0,1.0,78.0,442.0,463.0,565.0,4,808.0
8.0,1.0,78.0,442.0,463.0,808.0,4,989.0
8.0,1.0,106.0,333.0,565.0,669.0,4,808.0
8.0,1.0,442.0,463.0,565.0,669.0,4,808.0
8.0,32.0,34.0,241.0,511.0,602.0,4,944.0
8.0,32.0,370.0,426.0,634.0,784.0,4,986.0
8.0,32.0,34.0,241.0,426.0,511.0,4,602.0
8.0,32.0,34.0,241.0,511.0,602.0,4,944.0
8.0,32.0,34.0,241.0,602.0,634.0,4,986.0
8.0,32.0,241.0,511.0,602.0,784.0,4,944.0
8.0,32.0,241.0,370.0,511.0,602.0,4,784.0
8.0,32.0,370.0,426.0,634.0,784.0,4,986.0
8.0,32.0,241.0,426.0,511.0,602.0,4,944.0
8.0,32.0,34.0,241.0,511.0,602.0,4,944.0
8.0,32.0,34.0,241.0,511.0,602.0,4,944.0
8.0,32.0,370.0,602.0,634.0,784.0,4,986.0
8.0,32.0,370.0,426.0,634.0,784.0,4,986.0
8.0,32.0,370.0,426.0,511.0,634.0,4,784.0
8.0,32.0,34.0,241.0,511.0,602.0,4,944.0
8.0,32.0,241.0,511.0,602.0,784.0,4,944.0
8.0,32.0,370.0,426.0,634.0,784.0,4,986.0
8.0,32.0,370.0,426.0,634.0,784.0,4,986.0
8.0,32.0,370.0,426.0,634.0,944.0,4,986.0
8.0,32.0,173.0,370.0,426.0,613.0,4,944.0
8.0,32.0,370.0,426.0,634.0,784.0,4,986.0
8.0,32.0,370.0,426.0,511.0,634.0,4,784.0
8.0,32.0,34.0,241.0,426.0,511.0,4,602.0
8.0,32.0,241.0,602.0,784.0,944.0,4,986.0
8.0,32.0,426.0,602.0,784.0,944.0,4,986.0
8.0,32.0,426.0,602.0,784.0,944.0,4,986.0
8.0,32.0,34.0,241.0,602.0,784.0,4,944.0
8.0,32.0,370.0,426.0,634.0,784.0,4,986.0
8.0,32.0,370.0,426.0,634.0,784.0,4,986.0
8.0,32.0,370.0,426.0,634.0,784.0,4,986.0
8.0,32.0,241.0,426.0,602.0,634.0,4,784.0
8.0,32.0,34.0,241.0,511.0,602.0,4,944.0
8.0,32.0,370.0,426.0,634.0,784.0,4,986.0
8.0,32.0,34.0,241.0,426.0,511.0,4,602.0
8.0,32.0,370.0,426.0,634.0,784.0,4,944.0
8.0,32.0,34.0,241.0,426.0,602.0,4,944.0
8.0,32.0,34.0,241.0,426.0,602.0,4,944.0
8.0,32.0,34.0,241.0,426.0,602.0,4,944.0
8.0,32.0,34.0,241.0,511.0,602.0,4,944.0
8.0,32.0,241.0,602.0,634.0,784.0,4,986.0
8.0,32.0,370.0,426.0,634.0,784.0,4,986.0
8.0,32.0,241.0,426.0,634.0,784.0,4,986.0
8.0,32.0,34.0,241.0,511.0,602.0,4,944.0
8.0,32.0,34.0,241.0,511.0,602.0,4,944.0
8.0,32.0,34.0,241.0,511.0,602.0,4,944.0
8.0,32.0,370.0,426.0,634.0,784.0,4,986.0
8.0,32.0,370.0,426.0,634.0,784.0,4,986.0
8.0,32.0,241.0,511.0,602.0,634.0,4,784.0
8.0,32.0,241.0,511.0,602.0,634.0,4,784.0
8.0,32.0,34.0,241.0,511.0,602.0,4,944.0
8.0,32.0,34.0,241.0,370.0,602.0,4,784.0
8.0,32.0,241.0,370.0,634.0,784.0,4,986.0
8.0,32.0,34.0,241.0,511.0,602.0,4,944.0
8.0,32.0,34.0,241.0,511.0,602.0,4,944.0
8.0,32.0,34.0,241.0,602.0,634.0,4,784.0
8.0,32.0,173.0,370.0,634.0,784.0,4,944.0
8.0,32.0,173.0,370.0,602.0,784.0,4,944.0
8.0,32.0,34.0,173.0,241.0,602.0,4,944.0
8.0,32.0,34.0,241.0,511.0,602.0,4,944.0
8.0,32.0,511.0,602.0,634.0,784.0,4,944.0
8.0,32.0,173.0,370.0,634.0,784.0,4,944.0
8.0,32.0,173.0,370.0,634.0,784.0,4,944.0
8.0,32.0,34.0,241.0,370.0,511.0,4,602.0
8.0,32.0,241.0,511.0,602.0,634.0,4,784.0
8.0,32.0,173.0,241.0,602.0,634.0,4,784.0
8.0,32.0,34.0,241.0,511.0,602.0,4,944.0
8.0,32.0,34.0,241.0,511.0,602.0,4,944.0
8.0,32.0,34.0,241.0,602.0,784.0,4,944.0
8.0,32.0,173.0,241.0,370.0,634.0,4,784.0
8.0,32.0,122.0,173.0,370.0,634.0,4,784.0
8.0,32.0,122.0,369.0,370.0,613.0,4,636.0
8.0,6.0,35.0,579.0,606.0,623.0,4,902.0
8.0,6.0,275.0,579.0,623.0,980.0,4,1020.0
8.0,6.0,35.0,579.0,606.0,623.0,4,719.0
8.0,6.0,35.0,579.0,606.0,623.0,4,902.0
8.0,6.0,35.0,491.0,606.0,623.0,4,980.0
8.0,6.0,491.0,579.0,606.0,719.0,4,980.0
8.0,32.0,34.0,241.0,511.0,602.0,4,944.0
8.0,32.0,241.0,511.0,602.0,634.0,4,784.0
8.0,32.0,173.0,241.0,370.0,784.0,4,944.0
8.0,32.0,173.0,241.0,602.0,784.0,4,944.0
8.0,32.0,34.0,241.0,511.0,602.0,4,944.0
8.0,32.0,34.0,241.0,511.0,602.0,4,944.0
8.0,32.0,34.0,241.0,370.0,511.0,4,634.0
8.0,32.0,241.0,370.0,511.0,634.0,4,784.0
8.0,32.0,370.0,511.0,602.0,634.0,4,784.0
8.0,32.0,370.0,511.0,602.0,634.0,4,784.0
8.0,32.0,34.0,241.0,602.0,634.0,4,944.0
8.0,0.0,244.0,252.0,721.0,792.0,4,906.0
8.0,0.0,244.0,252.0,721.0,792.0,4,906.0
8.0,0.0,13.0,244.0,252.0,721.0,4,906.0
8.0,0.0,13.0,244.0,465.0,601.0,4,789.0
8.0,0.0,13.0,244.0,465.0,601.0,4,789.0
8.0,0.0,13.0,244.0,465.0,601.0,4,789.0
8.0,0.0,13.0,244.0,465.0,601.0,4,789.0
8.0,0.0,13.0,244.0,465.0,601.0,4,789.0
8.0,14.0,134.0,472.0,520.0,592.0,4,1015.0
8.0,14.0,302.0,592.0,753.0,840.0,4,854.0
8.0,14.0,302.0,753.0,840.0,854.0,4,1013.0
8.0,14.0,302.0,753.0,840.0,854.0,4,1013.0
8.0,14.0,134.0,472.0,520.0,592.0,4,1015.0
8.0,14.0,302.0,592.0,753.0,840.0,4,854.0
8.0,14.0,302.0,753.0,840.0,854.0,4,1013.0
8.0,14.0,134.0,753.0,840.0,854.0,4,1013.0
8.0,14.0,134.0,472.0,520.0,592.0,4,753.0
8.0,14.0,134.0,472.0,520.0,592.0,4,753.0
8.0,29.0,755.0,769.0,809.0,824.0,4,860.0
8.0,29.0,755.0,769.0,809.0,824.0,4,860.0
8.0,29.0,83.0,755.0,769.0,809.0,4,824.0
8.0,29.0,83.0,230.0,456.0,824.0,4,860.0
8.0,29.0,755.0,769.0,809.0,824.0,4,860.0
8.0,29.0,83.0,260.0,755.0,809.0,4,824.0
8.0,29.0,83.0,260.0,456.0,809.0,4,824.0
8.0,33.0,258.0,318.0,361.0,385.0,4,976.0
8.0,33.0,258.0,318.0,361.0,385.0,4,976.0
8.0,33.0,258.0,318.0,361.0,844.0,4,976.0
8.0,33.0,258.0,318.0,361.0,844.0,4,976.0
8.0,33.0,318.0,361.0,844.0,861.0,4,976.0
8.0,33.0,258.0,361.0,492.0,975.0,4,976.0
8.0,33.0,219.0,492.0,844.0,861.0,4,975.0
8.0,33.0,219.0,318.0,361.0,492.0,4,861.0
8.0,32.0,34.0,426.0,602.0,634.0,4,784.0
8.0,32.0,370.0,511.0,634.0,784.0,4,944.0
8.0,32.0,511.0,602.0,634.0,784.0,4,944.0
8.0,32.0,34.0,426.0,511.0,602.0,4,944.0
8.0,32.0,34.0,173.0,426.0,602.0,4,944.0
8.0,32.0,34.0,370.0,511.0,602.0,4,944.0
8.0,32.0,426.0,511.0,602.0,634.0,4,784.0
8.0,32.0,370.0,426.0,634.0,784.0,4,986.0
8.0,32.0,370.0,426.0,634.0,784.0,4,986.0
8.0,32.0,426.0,602.0,634.0,784.0,4,944.0
8.0,32.0,34.0,173.0,426.0,602.0,4,944.0
8.0,32.0,370.0,426.0,634.0,784.0,4,986.0
8.0,32.0,370.0,426.0,634.0,784.0,4,986.0
8.0,32.0,370.0,511.0,602.0,784.0,4,944.0
8.0,32.0,34.0,602.0,634.0,784.0,4,944.0
8.0,32.0,370.0,511.0,602.0,784.0,4,944.0
8.0,32.0,370.0,511.0,602.0,784.0,4,944.0
8.0,6.0,275.0,427.0,623.0,693.0,4,980.0
8.0,6.0,579.0,606.0,623.0,902.0,4,980.0
8.0,6.0,35.0,579.0,606.0,623.0,4,902.0
8.0,6.0,275.0,427.0,606.0,623.0,4,980.0
8.0,6.0,275.0,606.0,623.0,693.0,4,980.0
8.0,6.0,275.0,606.0,623.0,693.0,4,980.0
8.0,6.0,579.0,606.0,623.0,693.0,4,980.0
8.0,6.0,579.0,606.0,623.0,693.0,4,980.0
8.0,6.0,579.0,606.0,623.0,693.0,4,980.0
8.0,32.0,34.0,511.0,602.0,613.0,4,944.0
8.0,32.0,370.0,511.0,634.0,784.0,4,944.0
8.0,32.0,426.0,602.0,634.0,784.0,4,986.0
8.0,32.0,34.0,426.0,511.0,602.0,4,634.0
8.0,32.0,34.0,511.0,602.0,634.0,4,944.0
8.0,32.0,511.0,602.0,613.0,634.0,4,784.0
8.0,32.0,370.0,613.0,634.0,784.0,4,986.0
8.0,32.0,370.0,426.0,634.0,784.0,4,986.0
8.0,32.0,370.0,426.0,634.0,784.0,4,986.0
8.0,32.0,34.0,370.0,426.0,634.0,4,986.0
8.0,32.0,34.0,370.0,511.0,634.0,4,944.0
8.0,23.0,136.0,524.0,799.0,874.0,4,955.0
8.0,23.0,136.0,524.0,799.0,874.0,4,955.0
8.0,23.0,33.0,524.0,778.0,799.0,4,955.0
8.0,23.0,524.0,778.0,799.0,874.0,4,896.0
8.0,23.0,136.0,454.0,524.0,778.0,4,874.0
8.0,23.0,33.0,136.0,778.0,799.0,4,896.0
8.0,23.0,33.0,136.0,524.0,778.0,4,955.0
8.0,32.0,34.0,511.0,602.0,613.0,4,944.0
8.0,32.0,602.0,634.0,784.0,944.0,4,986.0
8.0,32.0,34.0,511.0,602.0,613.0,4,944.0
8.0,32.0,602.0,613.0,784.0,944.0,4,986.0
8.0,32.0,602.0,613.0,784.0,944.0,4,986.0
8.0,32.0,370.0,426.0,634.0,784.0,4,986.0
8.0,32.0,370.0,426.0,634.0,784.0,4,986.0
8.0,32.0,370.0,426.0,634.0,784.0,4,986.0
8.0,32.0,34.0,370.0,426.0,511.0,4,634.0
8.0,32.0,34.0,426.0,511.0,602.0,4,944.0
8.0,32.0,34.0,511.0,602.0,613.0,4,944.0
8.0,32.0,370.0,426.0,634.0,784.0,4,986.0
8.0,32.0,370.0,426.0,634.0,784.0,4,986.0
8.0,32.0,34.0,370.0,426.0,634.0,4,784.0
8.0,32.0,34.0,426.0,602.0,634.0,4,784.0
8.0,32.0,34.0,426.0,602.0,634.0,4,784.0
8.0,32.0,34.0,426.0,602.0,634.0,4,784.0
8.0,9.0,39.0,108.0,535.0,574.0,4,604.0
8.0,9.0,108.0,366.0,488.0,535.0,4,574.0
8.0,9.0,137.0,194.0,366.0,488.0,4,510.0
8.0,9.0,137.0,194.0,366.0,488.0,4,510.0
8.0,9.0,108.0,137.0,366.0,488.0,4,510.0
8.0,9.0,108.0,366.0,488.0,510.0,4,574.0
8.0,9.0,108.0,139.0,366.0,510.0,4,574.0
8.0,32.0,34.0,426.0,511.0,602.0,4,944.0
8.0,32.0,34.0,370.0,511.0,602.0,4,944.0
8.0,32.0,370.0,511.0,602.0,784.0,4,944.0
8.0,32.0,370.0,602.0,634.0,784.0,4,986.0
8.0,32.0,370.0,602.0,634.0,784.0,4,986.0
8.0,32.0,34.0,426.0,602.0,634.0,4,986.0
8.0,32.0,34.0,426.0,511.0,602.0,4,944.0
8.0,32.0,34.0,426.0,602.0,634.0,4,784.0
8.0,32.0,34.0,370.0,426.0,634.0,4,784.0
8.0,32.0,370.0,634.0,784.0,944.0,4,986.0
8.0,32.0,34.0,602.0,634.0,784.0,4,944.0
8.0,32.0,34.0,370.0,634.0,784.0,4,944.0
8.0,4.0,259.0,486.0,487.0,715.0,4,786.0
8.0,4.0,259.0,486.0,715.0,786.0,4,936.0
8.0,4.0,259.0,486.0,487.0,589.0,4,786.0
8.0,4.0,1.0,486.0,589.0,786.0,4,936.0
8.0,4.0,1.0,486.0,589.0,757.0,4,936.0
8.0,4.0,1.0,486.0,487.0,589.0,4,757.0
8.0,4.0,1.0,486.0,487.0,589.0,4,757.0
8.0,4.0,1.0,259.0,486.0,487.0,4,757.0
8.0,8.0,74.0,571.0,957.0,984.0,4,1027.0
8.0,8.0,74.0,229.0,397.0,552.0,4,984.0
8.0,8.0,30.0,397.0,571.0,740.0,4,1027.0
8.0,8.0,74.0,571.0,957.0,984.0,4,1027.0
8.0,8.0,30.0,229.0,552.0,571.0,4,984.0
8.0,8.0,74.0,571.0,957.0,984.0,4,1027.0
8.0,8.0,74.0,571.0,957.0,984.0,4,1027.0
8.0,28.0,161.0,203.0,285.0,922.0,4,1016.0
8.0,28.0,161.0,203.0,608.0,754.0,4,1016.0
8.0,28.0,161.0,203.0,608.0,754.0,4,1016.0
8.0,28.0,203.0,285.0,608.0,754.0,4,922.0
8.0,28.0,496.0,608.0,754.0,922.0,4,1016.0
8.0,28.0,496.0,608.0,754.0,922.0,4,1016.0
8.0,28.0,203.0,496.0,608.0,754.0,4,1016.0
8.0,28.0,203.0,496.0,608.0,754.0,4,1016.0
8.0,27.0,23.0,319.0,359.0,680.0,4,777.0
8.0,27.0,351.0,392.0,668.0,726.0,4,777.0
8.0,27.0,351.0,359.0,392.0,668.0,4,726.0
8.0,27.0,351.0,359.0,392.0,668.0,4,680.0
8.0,27.0,23.0,319.0,351.0,392.0,4,680.0
8.0,27.0,23.0,319.0,359.0,680.0,4,777.0
8.0,27.0,319.0,359.0,680.0,726.0,4,777.0
8.0,27.0,319.0,359.0,680.0,726.0,4,777.0
8.0,27.0,351.0,359.0,392.0,668.0,4,726.0
8.0,27.0,351.0,359.0,392.0,668.0,4,726.0
8.0,27.0,69.0,351.0,392.0,668.0,4,901.0
8.0,27.0,69.0,668.0,901.0,935.0,4,985.0
8.0,32.0,370.0,511.0,602.0,784.0,4,944.0
8.0,32.0,34.0,370.0,426.0,634.0,4,986.0
8.0,32.0,426.0,511.0,602.0,784.0,4,944.0
8.0,32.0,370.0,511.0,602.0,784.0,4,944.0
8.0,32.0,370.0,511.0,602.0,784.0,4,944.0
8.0,32.0,370.0,426.0,634.0,784.0,4,986.0
8.0,32.0,370.0,426.0,634.0,784.0,4,986.0
8.0,32.0,426.0,602.0,784.0,944.0,4,986.0
8.0,32.0,34.0,602.0,634.0,784.0,4,944.0
8.0,32.0,34.0,426.0,602.0,634.0,4,986.0
8.0,32.0,370.0,511.0,634.0,784.0,4,944.0
8.0,32.0,34.0,370.0,602.0,944.0,4,986.0
8.0,32.0,34.0,370.0,426.0,602.0,4,986.0
8.0,32.0,426.0,602.0,634.0,784.0,4,986.0
8.0,32.0,426.0,511.0,602.0,784.0,4,944.0
8.0,32.0,426.0,511.0,602.0,634.0,4,784.0
8.0,32.0,370.0,511.0,602.0,634.0,4,784.0
8.0,32.0,370.0,602.0,634.0,784.0,4,986.0
8.0,32.0,34.0,426.0,511.0,602.0,4,634.0
8.0,32.0,34.0,426.0,511.0,602.0,4,634.0
8.0,32.0,34.0,426.0,511.0,602.0,4,944.0
8.0,32.0,34.0,426.0,511.0,602.0,4,944.0
8.0,32.0,34.0,602.0,634.0,784.0,4,944.0
8.0,32.0,370.0,426.0,634.0,784.0,4,986.0
8.0,32.0,370.0,426.0,511.0,634.0,4,784.0
8.0,32.0,34.0,511.0,602.0,634.0,4,944.0
8.0,32.0,511.0,602.0,634.0,784.0,4,944.0
8.0,32.0,34.0,370.0,426.0,511.0,4,634.0
8.0,32.0,370.0,426.0,634.0,784.0,4,986.0
8.0,32.0,370.0,511.0,634.0,784.0,4,986.0
8.0,32.0,370.0,426.0,511.0,602.0,4,784.0
8.0,32.0,34.0,241.0,511.0,602.0,4,944.0
8.0,32.0,34.0,241.0,602.0,784.0,4,944.0
8.0,32.0,426.0,602.0,634.0,784.0,4,986.0
8.0,32.0,370.0,426.0,634.0,784.0,4,986.0
8.0,32.0,34.0,370.0,511.0,602.0,4,944.0
8.0,32.0,34.0,241.0,511.0,602.0,4,944.0
8.0,32.0,34.0,241.0,602.0,634.0,4,986.0
8.0,32.0,426.0,602.0,634.0,784.0,4,986.0
8.0,32.0,370.0,426.0,634.0,784.0,4,986.0
8.0,32.0,370.0,426.0,511.0,634.0,4,784.0
8.0,32.0,241.0,370.0,511.0,634.0,4,784.0
8.0,32.0,34.0,241.0,370.0,602.0,4,784.0
8.0,32.0,34.0,241.0,370.0,602.0,4,784.0
8.0,32.0,34.0,241.0,370.0,602.0,4,784.0
8.0,32.0,34.0,241.0,370.0,602.0,4,784.0
8.0,32.0,34.0,241.0,511.0,602.0,4,944.0
8.0,32.0,241.0,370.0,634.0,784.0,4,986.0
8.0,32.0,370.0,426.0,634.0,784.0,4,986.0
8.0,32.0,241.0,426.0,602.0,784.0,4,986.0
8.0,32.0,241.0,426.0,602.0,784.0,4,944.0
8.0,32.0,241.0,426.0,602.0,634.0,4,784.0
8.0,32.0,34.0,241.0,370.0,634.0,4,944.0
8.0,32.0,370.0,426.0,511.0,944.0,4,986.0
8.0,32.0,370.0,602.0,634.0,784.0,4,986.0
8.0,32.0,34.0,241.0,370.0,511.0,4,602.0
8.0,32.0,34.0,241.0,370.0,511.0,4,602.0
8.0,32.0,241.0,370.0,511.0,602.0,4,784.0
8.0,32.0,241.0,370.0,511.0,602.0,4,784.0
8.0,32.0,241.0,602.0,634.0,784.0,4,986.0
8.0,32.0,426.0,602.0,634.0,784.0,4,986.0
8.0,17.0,109.0,354.0,439.0,587.0,4,1037.0
8.0,17.0,328.0,439.0,484.0,502.0,4,764.0
8.0,17.0,109.0,354.0,439.0,587.0,4,1037.0
8.0,17.0,109.0,354.0,439.0,587.0,4,1037.0
8.0,17.0,109.0,354.0,502.0,587.0,4,764.0
8.0,17.0,328.0,484.0,502.0,587.0,4,764.0
8.0,17.0,109.0,328.0,484.0,502.0,4,764.0
8.0,17.0,109.0,328.0,354.0,587.0,4,764.0
8.0,15.0,463.0,659.0,714.0,960.0,4,1036.0
8.0,15.0,188.0,463.0,593.0,714.0,4,1036.0
8.0,15.0,86.0,188.0,593.0,960.0,4,1005.0
8.0,15.0,86.0,188.0,593.0,659.0,4,1005.0
8.0,15.0,86.0,463.0,659.0,960.0,4,1036.0
8.0,15.0,463.0,659.0,714.0,749.0,4,1036.0
8.0,15.0,188.0,593.0,714.0,960.0,4,1036.0
8.0,15.0,86.0,188.0,593.0,749.0,4,1036.0
8.0,15.0,86.0,188.0,509.0,659.0,4,749.0
8.0,15.0,86.0,188.0,509.0,659.0,4,749.0
8.0,15.0,188.0,659.0,714.0,749.0,4,1036.0
8.0,15.0,188.0,659.0,714.0,749.0,4,1036.0
8.0,15.0,188.0,463.0,659.0,714.0,4,1036.0
8.0,26.0,554.0,635.0,703.0,748.0,4,837.0
8.0,26.0,554.0,635.0,703.0,748.0,4,837.0
8.0,26.0,381.0,384.0,468.0,635.0,4,703.0
8.0,26.0,381.0,384.0,468.0,615.0,4,748.0
8.0,26.0,381.0,384.0,468.0,615.0,4,748.0
8.0,26.0,468.0,554.0,703.0,748.0,4,837.0
8.0,26.0,554.0,635.0,703.0,748.0,4,837.0
8.0,32.0,34.0,241.0,370.0,511.0,4,602.0
8.0,32.0,241.0,511.0,602.0,634.0,4,784.0
8.0,32.0,370.0,634.0,784.0,944.0,4,986.0
8.0,32.0,602.0,634.0,784.0,944.0,4,986.0
8.0,32.0,34.0,241.0,426.0,511.0,4,602.0
8.0,32.0,34.0,241.0,426.0,511.0,4,602.0
8.0,32.0,34.0,241.0,370.0,511.0,4,602.0
8.0,32.0,241.0,511.0,602.0,634.0,4,784.0
8.0,12.0,126.0,237.0,845.0,856.0,4,909.0
8.0,12.0,207.0,350.0,386.0,638.0,4,845.0
8.0,12.0,237.0,350.0,845.0,856.0,4,909.0
8.0,12.0,207.0,237.0,350.0,386.0,4,845.0
8.0,12.0,207.0,237.0,350.0,386.0,4,845.0
8.0,12.0,237.0,350.0,845.0,856.0,4,909.0
8.0,12.0,237.0,350.0,845.0,856.0,4,909.0
8.0,32.0,34.0,241.0,370.0,511.0,4,602.0
8.0,32.0,34.0,241.0,511.0,602.0,4,634.0
8.0,32.0,173.0,241.0,602.0,634.0,4,784.0
8.0,32.0,173.0,241.0,370.0,634.0,4,784.0
8.0,32.0,173.0,241.0,426.0,602.0,4,784.0
8.0,32.0,34.0,173.0,241.0,426.0,4,602.0
8.0,32.0,34.0,241.0,370.0,511.0,4,602.0
8.0,32.0,34.0,241.0,370.0,511.0,4,602.0
8.0,32.0,241.0,511.0,602.0,634.0,4,784.0
8.0,32.0,602.0,634.0,784.0,944.0,4,986.0
8.0,32.0,602.0,634.0,784.0,944.0,4,986.0
8.0,32.0,173.0,370.0,634.0,784.0,4,944.0
8.0,32.0,173.0,241.0,602.0,634.0,4,784.0
8.0,2.0,98.0,120.0,444.0,493.0,4,577.0
8.0,2.0,98.0,120.0,185.0,444.0,4,493.0
8.0,2.0,98.0,120.0,185.0,444.0,4,493.0
8.0,2.0,98.0,120.0,185.0,444.0,4,493.0
8.0,2.0,120.0,223.0,444.0,493.0,4,687.0
8.0,2.0,98.0,120.0,444.0,493.0,4,687.0
8.0,2.0,98.0,120.0,444.0,493.0,4,687.0
8.0,2.0,98.0,120.0,444.0,493.0,4,687.0
8.0,2.0,98.0,185.0,444.0,493.0,4,687.0
8.0,2.0,17.0,98.0,185.0,444.0,4,687.0
8.0,2.0,17.0,120.0,444.0,493.0,4,687.0
8.0,34.0,104.0,506.0,662.0,747.0,4,790.0
8.0,34.0,104.0,506.0,662.0,747.0,4,790.0
8.0,34.0,104.0,506.0,583.0,595.0,4,790.0
8.0,34.0,104.0,345.0,583.0,595.0,4,774.0
8.0,34.0,345.0,506.0,595.0,747.0,4,774.0
8.0,34.0,345.0,506.0,595.0,747.0,4,774.0
8.0,34.0,104.0,506.0,595.0,747.0,4,774.0
8.0,32.0,370.0,634.0,784.0,944.0,4,986.0
8.0,32.0,511.0,602.0,634.0,784.0,4,944.0
8.0,32.0,241.0,511.0,602.0,784.0,4,944.0
8.0,32.0,370.0,634.0,784.0,944.0,4,986.0
8.0,32.0,370.0,634.0,784.0,944.0,4,986.0
8.0,32.0,370.0,634.0,784.0,944.0,4,986.0
8.0,32.0,34.0,241.0,511.0,602.0,4,944.0
8.0,32.0,34.0,241.0,511.0,602.0,4,944.0
8.0,32.0,370.0,511.0,634.0,784.0,4,944.0
8.0,32.0,34.0,241.0,511.0,602.0,4,944.0
8.0,32.0,34.0,241.0,602.0,784.0,4,944.0
8.0,32.0,241.0,511.0,634.0,784.0,4,944.0
8.0,32.0,241.0,511.0,634.0,784.0,4,944.0
8.0,32.0,34.0,241.0,426.0,511.0,4,602.0
8.0,32.0,241.0,426.0,511.0,602.0,4,784.0
8.0,32.0,241.0,511.0,602.0,784.0,4,944.0
8.0,32.0,241.0,426.0,511.0,602.0,4,784.0
8.0,32.0,241.0,426.0,511.0,602.0,4,784.0
8.0,32.0,34.0,241.0,426.0,511.0,4,602.0
8.0,32.0,34.0,370.0,634.0,784.0,4,944.0
8.0,32.0,241.0,370.0,426.0,511.0,4,602.0
8.0,32.0,34.0,241.0,426.0,602.0,4,784.0
8.0,32.0,370.0,634.0,784.0,944.0,4,986.0
8.0,32.0,34.0,241.0,370.0,602.0,4,784.0
8.0,32.0,34.0,241.0,370.0,426.0,4,602.0
8.0,32.0,34.0,241.0,602.0,634.0,4,784.0
8.0,32.0,34.0,241.0,370.0,634.0,4,784.0
8.0,32.0,34.0,241.0,602.0,634.0,4,784.0
8.0,32.0,34.0,241.0,602.0,634.0,4,784.0
8.0,32.0,34.0,241.0,602.0,634.0,4,784.0
8.0,0.0,13.0,465.0,573.0,601.0,4,789.0
8.0,0.0,244.0,465.0,573.0,789.0,4,792.0
8.0,0.0,13.0,244.0,465.0,601.0,4,789.0
8.0,0.0,13.0,244.0,465.0,601.0,4,789.0
8.0,0.0,252.0,503.0,720.0,721.0,4,906.0
8.0,11.0,181.0,281.0,425.0,535.0,4,781.0
8.0,11.0,181.0,425.0,455.0,535.0,4,943.0
8.0,11.0,181.0,281.0,455.0,943.0,4,974.0
8.0,11.0,181.0,281.0,425.0,535.0,4,781.0
8.0,11.0,181.0,281.0,425.0,535.0,4,781.0
8.0,11.0,281.0,425.0,498.0,781.0,4,974.0
8.0,11.0,281.0,425.0,498.0,781.0,4,974.0
8.0,11.0,181.0,281.0,425.0,535.0,4,781.0
8.0,11.0,181.0,425.0,535.0,781.0,4,943.0
8.0,11.0,181.0,425.0,455.0,535.0,4,943.0
8.0,11.0,181.0,281.0,455.0,943.0,4,974.0
8.0,11.0,181.0,498.0,554.0,594.0,4,778.0
8.0,22.0,26.0,763.0,768.0,802.0,4,990.0
8.0,22.0,26.0,763.0,768.0,802.0,4,990.0
8.0,22.0,26.0,320.0,466.0,639.0,4,763.0
8.0,22.0,26.0,320.0,466.0,639.0,4,763.0
8.0,22.0,218.0,320.0,768.0,802.0,4,990.0
8.0,22.0,320.0,639.0,768.0,802.0,4,990.0
8.0,22.0,218.0,320.0,768.0,802.0,4,990.0
8.0,22.0,26.0,320.0,768.0,802.0,4,990.0
8.0,22.0,26.0,218.0,320.0,768.0,4,990.0
8.0,22.0,26.0,218.0,639.0,763.0,4,990.0
8.0,22.0,26.0,218.0,639.0,763.0,4,990.0
8.0,22.0,26.0,218.0,320.0,639.0,4,763.0
8.0,22.0,320.0,639.0,763.0,768.0,4,990.0
8.0,22.0,26.0,320.0,639.0,763.0,4,990.0
8.0,23.0,44.0,175.0,614.0,633.0,4,955.0
8.0,23.0,175.0,180.0,454.0,614.0,4,955.0
8.0,23.0,180.0,454.0,612.0,896.0,4,955.0
8.0,23.0,180.0,454.0,612.0,896.0,4,955.0
8.0,23.0,25.0,180.0,454.0,612.0,4,955.0
8.0,23.0,44.0,175.0,614.0,633.0,4,955.0
8.0,23.0,44.0,175.0,614.0,633.0,4,955.0
8.0,23.0,44.0,175.0,633.0,896.0,4,955.0
8.0,23.0,44.0,180.0,612.0,896.0,4,955.0
8.0,23.0,180.0,454.0,612.0,896.0,4,955.0
8.0,23.0,25.0,180.0,454.0,612.0,4,896.0
8.0,23.0,25.0,454.0,612.0,633.0,4,896.0
8.0,23.0,25.0,454.0,612.0,633.0,4,896.0
8.0,23.0,25.0,44.0,614.0,633.0,4,955.0
8.0,26.0,381.0,384.0,393.0,468.0,4,951.0
8.0,26.0,341.0,384.0,393.0,468.0,4,951.0
8.0,26.0,341.0,384.0,393.0,468.0,4,951.0
8.0,26.0,381.0,391.0,402.0,635.0,4,748.0
8.0,26.0,381.0,384.0,391.0,635.0,4,748.0
8.0,26.0,384.0,391.0,468.0,635.0,4,748.0
8.0,26.0,381.0,393.0,402.0,635.0,4,748.0
8.0,26.0,381.0,393.0,468.0,635.0,4,748.0
8.0,26.0,341.0,384.0,393.0,468.0,4,951.0
8.0,26.0,393.0,402.0,468.0,635.0,4,748.0
8.0,26.0,384.0,391.0,393.0,468.0,4,748.0
8.0,32.0,34.0,241.0,511.0,634.0,4,944.0
8.0,32.0,241.0,634.0,784.0,944.0,4,986.0
8.0,32.0,370.0,634.0,784.0,944.0,4,986.0
8.0,32.0,34.0,241.0,370.0,511.0,4,634.0
8.0,32.0,241.0,370.0,426.0,511.0,4,784.0
8.0,32.0,241.0,370.0,511.0,634.0,4,784.0
8.0,32.0,241.0,511.0,634.0,784.0,4,944.0
8.0,32.0,34.0,370.0,634.0,784.0,4,944.0
8.0,32.0,241.0,370.0,511.0,634.0,4,944.0
8.0,5.0,14.0,179.0,352.0,706.0,4,730.0
8.0,5.0,89.0,117.0,686.0,706.0,4,730.0
8.0,5.0,89.0,117.0,611.0,686.0,4,706.0
8.0,5.0,14.0,611.0,686.0,706.0,4,730.0
8.0,5.0,14.0,611.0,686.0,706.0,4,730.0
8.0,5.0,14.0,179.0,611.0,706.0,4,730.0
8.0,5.0,14.0,117.0,686.0,706.0,4,730.0
8.0,5.0,89.0,117.0,686.0,706.0,4,730.0
8.0,5.0,89.0,117.0,611.0,686.0,4,706.0
8.0,5.0,14.0,179.0,352.0,611.0,4,730.0
8.0,24.0,43.0,318.0,604.0,863.0,4,888.0
8.0,24.0,60.0,318.0,604.0,863.0,4,888.0
8.0,24.0,194.0,275.0,750.0,863.0,4,926.0
8.0,24.0,43.0,275.0,318.0,863.0,4,888.0
8.0,24.0,43.0,318.0,604.0,863.0,4,888.0
8.0,24.0,43.0,275.0,863.0,888.0,4,926.0
8.0,24.0,194.0,275.0,863.0,888.0,4,926.0
8.0,24.0,194.0,275.0,863.0,888.0,4,926.0
8.0,24.0,60.0,194.0,275.0,888.0,4,926.0
8.0,24.0,194.0,275.0,318.0,863.0,4,888.0
8.0,24.0,194.0,275.0,318.0,863.0,4,888.0
8.0,30.0,217.0,559.0,952.0,953.0,4,963.0
8.0,30.0,100.0,186.0,559.0,953.0,4,963.0
8.0,30.0,100.0,217.0,559.0,953.0,4,963.0
8.0,30.0,100.0,217.0,559.0,785.0,4,952.0
8.0,30.0,100.0,217.0,663.0,785.0,4,952.0
8.0,30.0,559.0,663.0,952.0,953.0,4,963.0
8.0,30.0,217.0,559.0,952.0,953.0,4,963.0
8.0,30.0,100.0,559.0,663.0,953.0,4,963.0
8.0,30.0,186.0,663.0,689.0,785.0,4,952.0
8.0,30.0,217.0,559.0,689.0,953.0,4,963.0
8.0,32.0,241.0,602.0,784.0,944.0,4,986.0
8.0,32.0,173.0,370.0,426.0,602.0,4,634.0
8.0,32.0,34.0,241.0,426.0,602.0,4,634.0
8.0,32.0,241.0,602.0,784.0,944.0,4,986.0
8.0,32.0,34.0,241.0,602.0,944.0,4,986.0
8.0,32.0,34.0,370.0,602.0,634.0,4,784.0
8.0,32.0,241.0,370.0,634.0,784.0,4,986.0
8.0,32.0,241.0,602.0,634.0,784.0,4,986.0
8.0,32.0,241.0,511.0,602.0,784.0,4,944.0
8.0,32.0,34.0,426.0,602.0,634.0,4,784.0
8.0,32.0,370.0,426.0,634.0,784.0,4,986.0
8.0,12.0,237.0,350.0,386.0,845.0,4,909.0
8.0,12.0,125.0,126.0,386.0,638.0,4,845.0
8.0,12.0,126.0,237.0,350.0,856.0,4,909.0
8.0,12.0,237.0,350.0,845.0,856.0,4,909.0
8.0,12.0,237.0,350.0,386.0,845.0,4,909.0
8.0,12.0,237.0,350.0,386.0,845.0,4,909.0
8.0,12.0,125.0,126.0,237.0,386.0,4,845.0
8.0,12.0,126.0,350.0,638.0,845.0,4,856.0
8.0,12.0,350.0,638.0,845.0,856.0,4,909.0
8.0,32.0,34.0,241.0,511.0,602.0,4,944.0
8.0,32.0,370.0,602.0,634.0,784.0,4,986.0
8.0,32.0,241.0,602.0,634.0,784.0,4,986.0
8.0,32.0,34.0,241.0,370.0,426.0,4,944.0
8.0,32.0,34.0,241.0,426.0,634.0,4,944.0
8.0,32.0,34.0,241.0,426.0,634.0,4,944.0
8.0,32.0,34.0,241.0,511.0,602.0,4,944.0
8.0,32.0,241.0,370.0,511.0,634.0,4,784.0
8.0,32.0,34.0,241.0,370.0,634.0,4,784.0
8.0,4.0,1.0,757.0,786.0,936.0,4,964.0
8.0,4.0,589.0,757.0,786.0,936.0,4,964.0
8.0,4.0,288.0,297.0,487.0,589.0,4,757.0
8.0,4.0,1.0,487.0,589.0,757.0,4,964.0
8.0,4.0,1.0,715.0,757.0,786.0,4,964.0
8.0,4.0,1.0,715.0,757.0,786.0,4,964.0
8.0,4.0,1.0,487.0,715.0,786.0,4,964.0
8.0,4.0,1.0,487.0,589.0,715.0,4,786.0
8.0,4.0,1.0,297.0,589.0,757.0,4,786.0
8.0,4.0,1.0,487.0,715.0,757.0,4,964.0
8.0,4.0,487.0,589.0,715.0,757.0,4,964.0
8.0,4.0,487.0,589.0,715.0,757.0,4,964.0
8.0,32.0,34.0,241.0,370.0,511.0,4,944.0
8.0,32.0,34.0,241.0,370.0,511.0,4,944.0
8.0,32.0,370.0,426.0,634.0,784.0,4,986.0
8.0,32.0,370.0,426.0,634.0,784.0,4,986.0
8.0,32.0,34.0,241.0,370.0,511.0,4,944.0
8.0,32.0,426.0,634.0,784.0,944.0,4,986.0
8.0,32.0,241.0,426.0,634.0,784.0,4,986.0
8.0,9.0,39.0,64.0,137.0,574.0,4,825.0
8.0,9.0,39.0,574.0,825.0,903.0,4,941.0
8.0,9.0,64.0,495.0,574.0,825.0,4,941.0
8.0,9.0,39.0,64.0,137.0,574.0,4,825.0
8.0,9.0,39.0,64.0,137.0,488.0,4,825.0
8.0,9.0,39.0,64.0,488.0,825.0,4,941.0
8.0,9.0,39.0,64.0,574.0,825.0,4,941.0
8.0,9.0,39.0,64.0,574.0,825.0,4,941.0
8.0,32.0,34.0,241.0,370.0,511.0,4,944.0
8.0,32.0,34.0,241.0,370.0,511.0,4,944.0
8.0,32.0,34.0,241.0,370.0,511.0,4,944.0
8.0,32.0,34.0,426.0,634.0,784.0,4,944.0
8.0,32.0,34.0,241.0,370.0,511.0,4,944.0
8.0,32.0,241.0,511.0,634.0,784.0,4,944.0
8.0,32.0,241.0,426.0,634.0,784.0,4,986.0
8.0,32.0,34.0,370.0,426.0,511.0,4,634.0
8.0,32.0,34.0,241.0,370.0,426.0,4,511.0
8.0,32.0,34.0,241.0,370.0,511.0,4,944.0
8.0,32.0,241.0,370.0,511.0,784.0,4,944.0
8.0,32.0,241.0,370.0,511.0,784.0,4,944.0
8.0,32.0,34.0,241.0,426.0,634.0,4,784.0
8.0,32.0,241.0,426.0,634.0,784.0,4,986.0
8.0,32.0,34.0,241.0,426.0,634.0,4,986.0
8.0,32.0,34.0,241.0,426.0,634.0,4,986.0
8.0,32.0,241.0,426.0,511.0,634.0,4,986.0
8.0,32.0,241.0,511.0,634.0,784.0,4,944.0
8.0,32.0,241.0,426.0,511.0,634.0,4,784.0
8.0,32.0,241.0,426.0,634.0,784.0,4,986.0
8.0,32.0,370.0,634.0,784.0,944.0,4,986.0
8.0,32.0,34.0,241.0,511.0,634.0,4,944.0
8.0,32.0,34.0,241.0,370.0,426.0,4,511.0
8.0,32.0,241.0,370.0,426.0,784.0,4,986.0
8.0,32.0,34.0,241.0,370.0,511.0,4,944.0
8.0,32.0,34.0,241.0,370.0,784.0,4,944.0
8.0,32.0,34.0,241.0,426.0,634.0,4,784.0
8.0,32.0,34.0,241.0,370.0,511.0,4,634.0
8.0,32.0,34.0,241.0,370.0,634.0,4,784.0
8.0,32.0,34.0,241.0,634.0,784.0,4,944.0
8.0,18.0,10.0,51.0,546.0,632.0,4,1035.0
8.0,18.0,10.0,51.0,56.0,150.0,4,1035.0
8.0,18.0,51.0,56.0,150.0,546.0,4,1035.0
8.0,18.0,51.0,56.0,150.0,546.0,4,1035.0
8.0,18.0,51.0,56.0,150.0,546.0,4,1035.0
8.0,18.0,51.0,150.0,546.0,836.0,4,1035.0
8.0,18.0,10.0,51.0,150.0,836.0,4,1035.0
8.0,18.0,10.0,51.0,150.0,836.0,4,1035.0
8.0,18.0,10.0,150.0,632.0,836.0,4,1035.0
8.0,2.0,120.0,255.0,493.0,679.0,4,948.0
8.0,2.0,17.0,98.0,300.0,444.0,4,687.0
8.0,2.0,98.0,120.0,444.0,493.0,4,948.0
8.0,2.0,17.0,120.0,255.0,493.0,4,948.0
8.0,2.0,17.0,98.0,120.0,255.0,4,948.0
8.0,2.0,17.0,98.0,120.0,255.0,4,948.0
8.0,2.0,17.0,120.0,255.0,493.0,4,948.0
8.0,2.0,98.0,120.0,255.0,493.0,4,948.0
8.0,32.0,241.0,370.0,511.0,944.0,4,986.0
8.0,32.0,241.0,634.0,784.0,944.0,4,986.0
8.0,32.0,370.0,426.0,634.0,784.0,4,986.0
8.0,32.0,241.0,511.0,634.0,944.0,4,986.0
8.0,32.0,241.0,634.0,784.0,944.0,4,986.0
8.0,32.0,370.0,426.0,511.0,634.0,4,784.0
8.0,32.0,241.0,370.0,511.0,634.0,4,784.0
8.0,32.0,241.0,370.0,511.0,634.0,4,784.0
8.0,5.0,89.0,352.0,467.0,568.0,4,686.0
8.0,5.0,117.0,452.0,730.0,760.0,4,776.0
8.0,5.0,117.0,452.0,760.0,776.0,4,981.0
8.0,25.0,2.0,311.0,759.0,958.0,4,1003.0
8.0,25.0,2.0,269.0,332.0,1003.0,4,1024.0
8.0,25.0,2.0,269.0,332.0,1003.0,4,1024.0
8.0,25.0,311.0,332.0,759.0,958.0,4,1003.0
8.0,25.0,50.0,311.0,759.0,958.0,4,1003.0
8.0,25.0,50.0,311.0,759.0,958.0,4,1003.0
8.0,25.0,2.0,269.0,311.0,759.0,4,1003.0
8.0,25.0,2.0,311.0,332.0,759.0,4,1003.0
8.0,25.0,2.0,50.0,311.0,332.0,4,1024.0
8.0,25.0,311.0,332.0,759.0,958.0,4,1003.0
8.0,25.0,2.0,311.0,759.0,958.0,4,1003.0
8.0,16.0,296.0,359.0,379.0,646.0,4,996.0
8.0,16.0,359.0,379.0,424.0,646.0,4,674.0
8.0,16.0,153.0,424.0,674.0,702.0,4,988.0
8.0,16.0,296.0,359.0,379.0,646.0,4,988.0
8.0,16.0,296.0,359.0,379.0,424.0,4,646.0
8.0,16.0,296.0,359.0,379.0,424.0,4,646.0
8.0,16.0,296.0,359.0,379.0,646.0,4,996.0
8.0,16.0,153.0,296.0,359.0,702.0,4,988.0
8.0,1.0,78.0,106.0,333.0,669.0,4,989.0
8.0,1.0,106.0,392.0,410.0,565.0,4,669.0
8.0,1.0,78.0,392.0,442.0,510.0,4,637.0
8.0,1.0,78.0,106.0,333.0,410.0,4,442.0
8.0,1.0,78.0,333.0,392.0,410.0,4,989.0
8.0,1.0,78.0,106.0,333.0,669.0,4,989.0
8.0,1.0,106.0,333.0,392.0,669.0,4,989.0
8.0,1.0,106.0,392.0,410.0,669.0,4,989.0
8.0,1.0,106.0,333.0,392.0,669.0,4,989.0
8.0,1.0,106.0,333.0,392.0,669.0,4,989.0
8.0,32.0,241.0,511.0,602.0,944.0,4,986.0
8.0,32.0,34.0,241.0,370.0,784.0,4,944.0
8.0,32.0,241.0,511.0,602.0,784.0,4,944.0
8.0,32.0,241.0,511.0,602.0,784.0,4,944.0
8.0,32.0,241.0,370.0,511.0,944.0,4,986.0
8.0,32.0,241.0,511.0,602.0,944.0,4,986.0
8.0,32.0,241.0,370.0,511.0,784.0,4,944.0
8.0,28.0,128.0,285.0,496.0,608.0,4,922.0
8.0,28.0,128.0,161.0,285.0,842.0,4,922.0
8.0,28.0,161.0,203.0,842.0,922.0,4,1016.0
8.0,28.0,161.0,203.0,754.0,842.0,4,1016.0
8.0,28.0,203.0,608.0,754.0,842.0,4,1016.0
8.0,28.0,161.0,608.0,754.0,922.0,4,1016.0
8.0,28.0,161.0,608.0,754.0,922.0,4,1016.0
8.0,28.0,128.0,161.0,608.0,754.0,4,922.0
8.0,28.0,128.0,161.0,203.0,842.0,4,1016.0
8.0,28.0,128.0,161.0,203.0,842.0,4,1016.0
8.0,28.0,203.0,608.0,754.0,842.0,4,1016.0
8.0,28.0,203.0,608.0,754.0,842.0,4,922.0
8.0,28.0,203.0,608.0,754.0,842.0,4,922.0
8.0,28.0,28.0,128.0,496.0,951.0,4,1017.0
8.0,24.0,43.0,793.0,886.0,888.0,4,926.0
8.0,24.0,570.0,612.0,750.0,793.0,4,888.0
8.0,24.0,570.0,750.0,793.0,886.0,4,888.0
8.0,24.0,43.0,793.0,886.0,888.0,4,926.0
8.0,24.0,43.0,612.0,750.0,886.0,4,926.0
8.0,24.0,570.0,612.0,750.0,793.0,4,886.0
8.0,24.0,43.0,793.0,886.0,888.0,4,926.0
8.0,2.0,98.0,255.0,493.0,577.0,4,687.0
8.0,2.0,98.0,255.0,481.0,493.0,4,687.0
8.0,2.0,98.0,255.0,481.0,493.0,4,687.0
8.0,2.0,98.0,444.0,481.0,493.0,4,728.0
8.0,2.0,17.0,255.0,444.0,577.0,4,728.0
8.0,2.0,17.0,120.0,255.0,444.0,4,577.0
8.0,2.0,17.0,120.0,255.0,444.0,4,577.0
8.0,2.0,255.0,444.0,493.0,687.0,4,728.0
8.0,2.0,17.0,255.0,444.0,687.0,4,728.0
8.0,2.0,17.0,120.0,255.0,444.0,4,728.0
8.0,2.0,17.0,98.0,120.0,444.0,4,728.0
8.0,2.0,17.0,98.0,444.0,687.0,4,728.0
8.0,2.0,45.0,98.0,481.0,523.0,4,889.0
8.0,24.0,471.0,612.0,825.0,888.0,4,926.0
8.0,24.0,471.0,612.0,750.0,886.0,4,926.0
8.0,24.0,471.0,570.0,750.0,825.0,4,886.0
8.0,24.0,471.0,570.0,750.0,825.0,4,886.0
8.0,24.0,471.0,825.0,886.0,888.0,4,926.0
8.0,24.0,471.0,612.0,825.0,888.0,4,926.0
8.0,24.0,471.0,612.0,750.0,825.0,4,926.0
8.0,24.0,471.0,570.0,612.0,750.0,4,886.0
8.0,24.0,471.0,570.0,612.0,750.0,4,886.0
8.0,24.0,570.0,750.0,825.0,886.0,4,888.0
8.0,24.0,471.0,750.0,825.0,888.0,4,926.0
8.0,24.0,471.0,612.0,825.0,888.0,4,926.0
8.0,24.0,471.0,570.0,612.0,825.0,4,888.0
8.0,24.0,471.0,570.0,612.0,750.0,4,825.0
8.0,24.0,471.0,570.0,750.0,825.0,4,886.0
8.0,24.0,471.0,570.0,750.0,825.0,4,886.0
8.0,24.0,471.0,612.0,825.0,888.0,4,926.0
8.0,24.0,471.0,570.0,612.0,825.0,4,888.0
8.0,24.0,471.0,570.0,612.0,825.0,4,888.0
8.0,24.0,570.0,612.0,750.0,825.0,4,886.0
8.0,24.0,393.0,570.0,612.0,750.0,4,886.0
8.0,17.0,109.0,328.0,406.0,439.0,4,619.0
8.0,17.0,354.0,484.0,619.0,741.0,4,764.0
8.0,17.0,354.0,439.0,484.0,741.0,4,1037.0
8.0,17.0,109.0,354.0,439.0,741.0,4,1037.0
8.0,17.0,109.0,406.0,439.0,741.0,4,1037.0
8.0,17.0,109.0,328.0,354.0,619.0,4,764.0
8.0,17.0,354.0,484.0,502.0,764.0,4,1037.0
8.0,17.0,354.0,484.0,741.0,764.0,4,1037.0
8.0,17.0,354.0,484.0,741.0,764.0,4,1037.0
8.0,17.0,109.0,328.0,484.0,619.0,4,764.0
8.0,1.0,78.0,442.0,463.0,565.0,4,808.0
8.0,1.0,78.0,442.0,463.0,808.0,4,989.0
8.0,1.0,78.0,333.0,463.0,808.0,4,989.0
8.0,1.0,78.0,106.0,463.0,565.0,4,808.0
8.0,1.0,78.0,106.0,463.0,565.0,4,808.0
8.0,1.0,78.0,442.0,463.0,808.0,4,989.0
8.0,1.0,106.0,333.0,442.0,463.0,4,795.0
8.0,1.0,78.0,442.0,565.0,808.0,4,989.0
8.0,24.0,471.0,570.0,612.0,825.0,4,888.0
8.0,24.0,60.0,471.0,570.0,750.0,4,825.0
8.0,24.0,60.0,570.0,612.0,750.0,4,886.0
8.0,24.0,60.0,570.0,750.0,825.0,4,888.0
8.0,24.0,60.0,471.0,825.0,888.0,4,926.0
8.0,24.0,60.0,471.0,825.0,888.0,4,926.0
8.0,24.0,471.0,612.0,825.0,888.0,4,926.0
8.0,24.0,60.0,471.0,825.0,888.0,4,926.0
8.0,24.0,60.0,471.0,570.0,825.0,4,888.0
8.0,24.0,60.0,750.0,825.0,886.0,4,888.0
8.0,24.0,60.0,471.0,750.0,825.0,4,888.0
8.0,24.0,60.0,471.0,825.0,888.0,4,926.0
8.0,24.0,60.0,570.0,612.0,825.0,4,888.0
8.0,24.0,60.0,570.0,612.0,750.0,4,886.0
8.0,24.0,60.0,750.0,825.0,886.0,4,888.0
8.0,24.0,471.0,612.0,825.0,888.0,4,926.0
8.0,24.0,471.0,570.0,612.0,825.0,4,888.0
8.0,24.0,60.0,570.0,612.0,825.0,4,888.0
8.0,24.0,60.0,393.0,570.0,750.0,4,825.0
8.0,24.0,60.0,471.0,570.0,825.0,4,888.0
8.0,33.0,21.0,492.0,861.0,975.0,4,976.0
8.0,33.0,219.0,318.0,361.0,492.0,4,975.0
8.0,33.0,219.0,318.0,361.0,975.0,4,976.0
8.0,33.0,21.0,318.0,361.0,861.0,4,976.0
8.0,33.0,21.0,318.0,361.0,861.0,4,976.0
8.0,33.0,21.0,258.0,318.0,361.0,4,976.0
8.0,33.0,21.0,258.0,318.0,361.0,4,976.0
8.0,33.0,21.0,318.0,492.0,861.0,4,976.0
8.0,33.0,21.0,492.0,861.0,975.0,4,976.0
8.0,33.0,21.0,219.0,492.0,861.0,4,975.0
8.0,33.0,21.0,219.0,492.0,861.0,4,975.0
8.0,33.0,219.0,258.0,361.0,492.0,4,975.0
8.0,33.0,258.0,318.0,361.0,492.0,4,976.0
8.0,33.0,21.0,258.0,318.0,361.0,4,976.0
8.0,33.0,21.0,258.0,361.0,975.0,4,976.0
8.0,8.0,74.0,571.0,957.0,984.0,4,1027.0
8.0,8.0,74.0,571.0,957.0,984.0,4,1027.0
8.0,8.0,215.0,229.0,404.0,740.0,4,811.0
8.0,8.0,215.0,229.0,404.0,740.0,4,811.0
8.0,8.0,215.0,404.0,571.0,740.0,4,811.0
8.0,8.0,74.0,571.0,957.0,984.0,4,1027.0
8.0,8.0,74.0,571.0,957.0,984.0,4,1027.0
8.0,8.0,74.0,571.0,957.0,984.0,4,1027.0
8.0,8.0,74.0,571.0,957.0,984.0,4,1027.0
8.0,8.0,74.0,571.0,957.0,984.0,4,1027.0
8.0,24.0,43.0,612.0,825.0,888.0,4,926.0
8.0,24.0,60.0,570.0,612.0,886.0,4,888.0
8.0,24.0,60.0,471.0,750.0,886.0,4,888.0
8.0,24.0,60.0,471.0,750.0,825.0,4,888.0
8.0,24.0,60.0,471.0,750.0,825.0,4,888.0
8.0,24.0,60.0,471.0,825.0,888.0,4,926.0
8.0,24.0,43.0,612.0,825.0,888.0,4,926.0
8.0,24.0,43.0,612.0,825.0,888.0,4,926.0
8.0,24.0,60.0,612.0,825.0,888.0,4,926.0
8.0,24.0,60.0,570.0,612.0,825.0,4,888.0
8.0,24.0,60.0,570.0,612.0,886.0,4,888.0
8.0,24.0,471.0,570.0,612.0,825.0,4,888.0
8.0,24.0,43.0,60.0,825.0,888.0,4,926.0
8.0,24.0,43.0,60.0,825.0,888.0,4,926.0
8.0,24.0,60.0,471.0,570.0,750.0,4,886.0
8.0,24.0,60.0,471.0,570.0,750.0,4,886.0
8.0,24.0,60.0,471.0,570.0,886.0,4,888.0
8.0,24.0,60.0,471.0,825.0,888.0,4,926.0
8.0,24.0,43.0,60.0,825.0,888.0,4,926.0
8.0,24.0,43.0,60.0,825.0,888.0,4,926.0
8.0,24.0,43.0,60.0,570.0,825.0,4,888.0
8.0,24.0,43.0,612.0,825.0,888.0,4,926.0
8.0,24.0,43.0,471.0,750.0,825.0,4,926.0
8.0,24.0,60.0,471.0,750.0,825.0,4,926.0
8.0,24.0,60.0,471.0,570.0,825.0,4,888.0
8.0,24.0,60.0,471.0,570.0,825.0,4,888.0
8.0,24.0,43.0,612.0,863.0,888.0,4,926.0
8.0,24.0,43.0,825.0,863.0,888.0,4,926.0
8.0,24.0,60.0,570.0,825.0,863.0,4,888.0
8.0,24.0,60.0,471.0,570.0,750.0,4,825.0
8.0,24.0,60.0,471.0,570.0,750.0,4,825.0
8.0,24.0,60.0,471.0,570.0,750.0,4,825.0
8.0,24.0,43.0,825.0,863.0,888.0,4,926.0
8.0,24.0,43.0,612.0,750.0,863.0,4,926.0
8.0,24.0,43.0,612.0,750.0,863.0,4,926.0
8.0,24.0,43.0,471.0,750.0,825.0,4,926.0
8.0,24.0,60.0,364.0,471.0,570.0,4,825.0
8.0,24.0,60.0,364.0,393.0,471.0,4,612.0
8.0,22.0,58.0,536.0,639.0,768.0,4,990.0
8.0,22.0,58.0,505.0,536.0,864.0,4,990.0
8.0,22.0,77.0,536.0,639.0,768.0,4,864.0
8.0,22.0,58.0,536.0,639.0,768.0,4,990.0
8.0,22.0,58.0,536.0,639.0,768.0,4,990.0
8.0,22.0,58.0,536.0,768.0,864.0,4,990.0
8.0,22.0,58.0,77.0,505.0,536.0,4,864.0
8.0,22.0,58.0,505.0,536.0,864.0,4,990.0
8.0,26.0,107.0,402.0,468.0,554.0,4,837.0
8.0,26.0,381.0,384.0,554.0,635.0,4,703.0
8.0,26.0,468.0,554.0,703.0,748.0,4,837.0
8.0,26.0,384.0,554.0,635.0,703.0,4,748.0
8.0,26.0,468.0,554.0,703.0,748.0,4,837.0
8.0,26.0,384.0,554.0,703.0,748.0,4,837.0
8.0,26.0,384.0,554.0,703.0,748.0,4,837.0
8.0,26.0,384.0,635.0,703.0,748.0,4,837.0
8.0,9.0,39.0,108.0,535.0,574.0,4,604.0
8.0,9.0,39.0,108.0,535.0,574.0,4,604.0
8.0,9.0,39.0,108.0,535.0,574.0,4,604.0
8.0,9.0,108.0,139.0,366.0,510.0,4,604.0
8.0,9.0,137.0,139.0,194.0,366.0,4,510.0
8.0,9.0,39.0,108.0,139.0,366.0,4,604.0
8.0,9.0,39.0,108.0,535.0,574.0,4,604.0
8.0,9.0,39.0,108.0,535.0,574.0,4,604.0
8.0,24.0,43.0,471.0,570.0,793.0,4,863.0
8.0,24.0,60.0,471.0,570.0,793.0,4,863.0
8.0,24.0,60.0,471.0,570.0,576.0,4,825.0
8.0,24.0,60.0,471.0,570.0,576.0,4,825.0
8.0,24.0,570.0,576.0,793.0,825.0,4,863.0
8.0,24.0,576.0,793.0,825.0,863.0,4,888.0
8.0,24.0,43.0,793.0,825.0,863.0,4,888.0
8.0,24.0,43.0,793.0,825.0,863.0,4,888.0
8.0,24.0,43.0,576.0,863.0,888.0,4,926.0
8.0,24.0,43.0,60.0,570.0,863.0,4,888.0
8.0,24.0,60.0,471.0,570.0,576.0,4,825.0
8.0,24.0,60.0,576.0,825.0,863.0,4,888.0
8.0,24.0,471.0,570.0,750.0,825.0,4,863.0
8.0,24.0,60.0,471.0,570.0,576.0,4,825.0
8.0,24.0,471.0,570.0,576.0,825.0,4,863.0
8.0,24.0,471.0,570.0,576.0,863.0,4,888.0
8.0,24.0,471.0,576.0,750.0,863.0,4,888.0
8.0,24.0,471.0,750.0,825.0,863.0,4,888.0
8.0,24.0,43.0,576.0,863.0,888.0,4,926.0
8.0,24.0,43.0,60.0,863.0,888.0,4,926.0
8.0,24.0,60.0,570.0,576.0,750.0,4,825.0
8.0,24.0,60.0,570.0,576.0,750.0,4,825.0
8.0,24.0,60.0,576.0,750.0,863.0,4,926.0
8.0,24.0,60.0,576.0,825.0,863.0,4,926.0
8.0,18.0,51.0,181.0,362.0,892.0,4,948.0
8.0,18.0,51.0,181.0,362.0,892.0,4,948.0
8.0,18.0,51.0,56.0,181.0,362.0,4,892.0
8.0,18.0,51.0,56.0,181.0,362.0,4,892.0
8.0,18.0,51.0,56.0,181.0,362.0,4,892.0
8.0,18.0,51.0,56.0,892.0,948.0,4,1035.0
8.0,18.0,51.0,56.0,181.0,948.0,4,1035.0
8.0,24.0,43.0,576.0,863.0,888.0,4,926.0
8.0,24.0,43.0,576.0,863.0,888.0,4,926.0
8.0,24.0,43.0,60.0,825.0,863.0,4,926.0
8.0,24.0,60.0,570.0,576.0,750.0,4,825.0
8.0,24.0,60.0,570.0,576.0,750.0,4,825.0
8.0,24.0,60.0,570.0,825.0,863.0,4,888.0
8.0,24.0,60.0,825.0,863.0,888.0,4,926.0
8.0,24.0,43.0,576.0,793.0,863.0,4,926.0
8.0,24.0,60.0,393.0,570.0,750.0,4,793.0
8.0,29.0,83.0,230.0,456.0,824.0,4,860.0
8.0,29.0,132.0,260.0,755.0,809.0,4,867.0
8.0,29.0,83.0,132.0,260.0,456.0,4,809.0
8.0,29.0,83.0,230.0,260.0,824.0,4,860.0
8.0,29.0,230.0,260.0,456.0,755.0,4,867.0
8.0,29.0,132.0,260.0,755.0,809.0,4,867.0
8.0,29.0,83.0,132.0,230.0,456.0,4,860.0
8.0,14.0,302.0,520.0,592.0,854.0,4,1015.0
8.0,14.0,134.0,302.0,592.0,854.0,4,1015.0
8.0,14.0,134.0,472.0,592.0,753.0,4,840.0
8.0,14.0,134.0,302.0,592.0,854.0,4,1015.0
8.0,14.0,134.0,472.0,753.0,840.0,4,1013.0
8.0,14.0,134.0,472.0,840.0,1013.0,4,1015.0
8.0,14.0,134.0,302.0,472.0,592.0,4,1013.0
8.0,24.0,43.0,60.0,863.0,888.0,4,926.0
8.0,24.0,43.0,793.0,863.0,888.0,4,926.0
8.0,24.0,60.0,793.0,863.0,888.0,4,926.0
8.0,24.0,60.0,793.0,825.0,888.0,4,926.0
8.0,24.0,570.0,793.0,825.0,863.0,4,888.0
8.0,24.0,793.0,825.0,863.0,888.0,4,926.0
8.0,24.0,570.0,793.0,825.0,863.0,4,888.0
8.0,24.0,60.0,570.0,825.0,863.0,4,888.0
8.0,24.0,60.0,393.0,570.0,750.0,4,825.0
8.0,24.0,793.0,825.0,863.0,888.0,4,926.0
8.0,24.0,43.0,793.0,863.0,888.0,4,926.0
8.0,24.0,43.0,825.0,863.0,888.0,4,926.0
8.0,24.0,43.0,825.0,863.0,888.0,4,926.0
8.0,24.0,60.0,393.0,570.0,750.0,4,825.0
8.0,24.0,60.0,393.0,570.0,750.0,4,825.0
8.0,24.0,60.0,393.0,570.0,750.0,4,825.0
8.0,24.0,60.0,570.0,750.0,825.0,4,863.0
8.0,30.0,186.0,657.0,663.0,689.0,4,953.0
8.0,30.0,73.0,186.0,657.0,663.0,4,689.0
8.0,30.0,73.0,186.0,657.0,663.0,4,689.0
8.0,30.0,73.0,186.0,217.0,689.0,4,963.0
8.0,30.0,186.0,600.0,657.0,689.0,4,952.0
8.0,30.0,186.0,217.0,657.0,689.0,4,952.0
8.0,30.0,186.0,217.0,657.0,663.0,4,952.0
8.0,30.0,217.0,663.0,689.0,952.0,4,963.0
8.0,30.0,186.0,217.0,657.0,952.0,4,953.0
8.0,24.0,43.0,793.0,863.0,888.0,4,926.0
8.0,24.0,43.0,60.0,863.0,888.0,4,926.0
8.0,24.0,43.0,60.0,570.0,863.0,4,888.0
8.0,24.0,43.0,793.0,863.0,888.0,4,926.0
8.0,24.0,60.0,793.0,863.0,888.0,4,926.0
8.0,24.0,43.0,793.0,863.0,888.0,4,926.0
8.0,24.0,43.0,793.0,863.0,888.0,4,926.0
8.0,24.0,60.0,471.0,570.0,750.0,4,825.0
8.0,24.0,60.0,471.0,570.0,750.0,4,825.0
8.0,24.0,60.0,364.0,393.0,471.0,4,612.0
8.0,24.0,43.0,576.0,863.0,888.0,4,926.0
8.0,24.0,43.0,793.0,863.0,888.0,4,926.0
8.0,24.0,60.0,570.0,576.0,793.0,4,825.0
8.0,24.0,576.0,793.0,825.0,863.0,4,888.0
8.0,24.0,43.0,570.0,576.0,825.0,4,888.0
8.0,24.0,393.0,570.0,576.0,825.0,4,888.0
8.0,24.0,60.0,393.0,570.0,793.0,4,825.0
8.0,24.0,60.0,393.0,570.0,793.0,4,825.0
8.0,24.0,43.0,570.0,750.0,793.0,4,863.0
8.0,24.0,60.0,570.0,750.0,793.0,4,825.0
8.0,24.0,60.0,570.0,750.0,793.0,4,825.0
8.0,24.0,60.0,793.0,863.0,888.0,4,926.0
8.0,24.0,43.0,793.0,863.0,888.0,4,926.0
8.0,24.0,43.0,576.0,863.0,888.0,4,926.0
8.0,24.0,43.0,576.0,825.0,888.0,4,926.0
8.0,24.0,60.0,570.0,576.0,825.0,4,888.0
8.0,24.0,60.0,570.0,750.0,793.0,4,825.0
8.0,24.0,60.0,570.0,750.0,793.0,4,825.0
8.0,24.0,570.0,576.0,825.0,863.0,4,888.0
8.0,24.0,43.0,576.0,825.0,863.0,4,888.0
8.0,29.0,83.0,230.0,242.0,456.0,4,860.0
8.0,29.0,83.0,230.0,242.0,456.0,4,860.0
8.0,29.0,83.0,230.0,242.0,456.0,4,860.0
8.0,29.0,83.0,132.0,230.0,242.0,4,860.0
8.0,29.0,83.0,132.0,230.0,242.0,4,860.0
8.0,29.0,132.0,230.0,260.0,755.0,4,867.0
8.0,29.0,230.0,242.0,456.0,821.0,4,860.0
8.0,29.0,83.0,230.0,242.0,456.0,4,860.0
8.0,29.0,83.0,230.0,242.0,456.0,4,860.0
8.0,29.0,83.0,230.0,242.0,456.0,4,860.0
8.0,29.0,83.0,230.0,242.0,260.0,4,860.0
8.0,29.0,83.0,132.0,230.0,260.0,4,860.0
8.0,29.0,83.0,132.0,230.0,242.0,4,260.0
8.0,29.0,132.0,242.0,260.0,821.0,4,860.0
8.0,29.0,230.0,242.0,260.0,821.0,4,860.0
8.0,29.0,83.0,230.0,242.0,821.0,4,860.0
8.0,29.0,83.0,260.0,755.0,821.0,4,867.0
8.0,24.0,43.0,570.0,576.0,863.0,4,888.0
8.0,24.0,275.0,570.0,576.0,863.0,4,888.0
8.0,24.0,60.0,570.0,576.0,750.0,4,825.0
8.0,24.0,576.0,825.0,863.0,888.0,4,926.0
8.0,24.0,275.0,576.0,863.0,888.0,4,926.0
8.0,24.0,43.0,576.0,863.0,888.0,4,926.0
8.0,24.0,43.0,570.0,576.0,863.0,4,888.0
8.0,24.0,60.0,275.0,570.0,750.0,4,825.0
8.0,24.0,275.0,570.0,576.0,863.0,4,888.0
8.0,24.0,275.0,576.0,863.0,888.0,4,926.0
8.0,24.0,275.0,576.0,863.0,888.0,4,926.0
8.0,11.0,281.0,294.0,425.0,781.0,4,974.0
8.0,11.0,281.0,425.0,535.0,781.0,4,974.0
8.0,11.0,281.0,425.0,455.0,535.0,4,974.0
8.0,11.0,181.0,294.0,425.0,455.0,4,535.0
8.0,11.0,181.0,294.0,455.0,535.0,4,594.0
8.0,11.0,181.0,281.0,425.0,781.0,4,974.0
8.0,11.0,181.0,294.0,455.0,594.0,4,974.0
8.0,11.0,281.0,294.0,425.0,781.0,4,974.0
8.0,11.0,281.0,294.0,425.0,781.0,4,974.0
8.0,11.0,181.0,281.0,425.0,455.0,4,535.0
8.0,11.0,181.0,281.0,425.0,455.0,4,535.0
8.0,11.0,181.0,294.0,455.0,535.0,4,974.0
8.0,25.0,146.0,311.0,332.0,759.0,4,1003.0
8.0,25.0,146.0,311.0,332.0,696.0,4,759.0
8.0,25.0,146.0,269.0,311.0,332.0,4,1003.0
8.0,25.0,146.0,269.0,311.0,332.0,4,1024.0
8.0,25.0,2.0,146.0,311.0,603.0,4,1003.0
8.0,25.0,2.0,146.0,311.0,603.0,4,1003.0
8.0,25.0,268.0,269.0,603.0,696.0,4,1024.0
8.0,16.0,155.0,296.0,379.0,646.0,4,674.0
8.0,16.0,216.0,296.0,379.0,646.0,4,674.0
8.0,16.0,153.0,155.0,296.0,646.0,4,674.0
8.0,16.0,155.0,296.0,646.0,674.0,4,996.0
8.0,16.0,155.0,296.0,646.0,674.0,4,996.0
8.0,16.0,155.0,646.0,674.0,893.0,4,996.0
8.0,16.0,155.0,216.0,763.0,893.0,4,903.0
8.0,16.0,153.0,216.0,296.0,763.0,4,903.0
8.0,34.0,104.0,506.0,662.0,747.0,4,790.0
8.0,34.0,506.0,595.0,662.0,790.0,4,817.0
8.0,34.0,506.0,595.0,662.0,774.0,4,817.0
8.0,34.0,41.0,104.0,583.0,595.0,4,817.0
8.0,34.0,104.0,506.0,583.0,662.0,4,747.0
8.0,34.0,104.0,506.0,662.0,747.0,4,790.0
8.0,34.0,104.0,506.0,595.0,662.0,4,790.0
8.0,34.0,506.0,595.0,662.0,790.0,4,817.0
8.0,34.0,104.0,506.0,662.0,747.0,4,817.0
8.0,34.0,104.0,506.0,662.0,747.0,4,790.0
8.0,34.0,104.0,506.0,747.0,790.0,4,817.0
8.0,0.0,244.0,465.0,789.0,792.0,4,947.0
8.0,0.0,252.0,573.0,601.0,792.0,4,947.0
8.0,0.0,13.0,252.0,573.0,601.0,4,721.0
8.0,0.0,13.0,244.0,465.0,573.0,4,789.0
8.0,0.0,13.0,244.0,465.0,573.0,4,789.0
8.0,0.0,13.0,244.0,465.0,601.0,4,789.0
8.0,0.0,244.0,252.0,789.0,792.0,4,947.0
8.0,0.0,13.0,252.0,601.0,792.0,4,947.0
8.0,0.0,252.0,573.0,601.0,789.0,4,792.0
8.0,0.0,13.0,244.0,465.0,573.0,4,789.0
8.0,6.0,400.0,579.0,606.0,623.0,4,957.0
8.0,6.0,388.0,623.0,693.0,957.0,4,980.0
8.0,6.0,606.0,623.0,693.0,957.0,4,980.0
8.0,6.0,579.0,606.0,623.0,693.0,4,980.0
8.0,6.0,400.0,579.0,606.0,623.0,4,980.0
8.0,6.0,400.0,579.0,606.0,693.0,4,980.0
8.0,6.0,388.0,579.0,606.0,693.0,4,980.0
8.0,6.0,388.0,579.0,623.0,693.0,4,980.0
8.0,6.0,388.0,623.0,693.0,957.0,4,980.0
8.0,6.0,400.0,606.0,623.0,957.0,4,980.0
8.0,6.0,400.0,579.0,606.0,623.0,4,980.0
8.0,6.0,400.0,579.0,606.0,623.0,4,980.0
8.0,24.0,275.0,793.0,863.0,888.0,4,926.0
8.0,24.0,60.0,275.0,750.0,825.0,4,888.0
8.0,24.0,60.0,275.0,570.0,750.0,4,825.0
8.0,24.0,60.0,275.0,570.0,750.0,4,825.0
8.0,24.0,60.0,793.0,863.0,888.0,4,926.0
8.0,24.0,275.0,793.0,863.0,888.0,4,926.0
8.0,24.0,60.0,275.0,750.0,825.0,4,888.0
8.0,24.0,60.0,275.0,570.0,750.0,4,825.0
8.0,24.0,60.0,570.0,825.0,863.0,4,888.0
8.0,24.0,60.0,825.0,863.0,888.0,4,926.0
8.0,23.0,136.0,454.0,524.0,614.0,4,633.0
8.0,23.0,136.0,524.0,612.0,633.0,4,955.0
8.0,23.0,136.0,454.0,524.0,614.0,4,633.0
8.0,23.0,136.0,454.0,524.0,614.0,4,633.0
8.0,23.0,136.0,524.0,612.0,614.0,4,633.0
8.0,23.0,136.0,524.0,612.0,614.0,4,633.0
8.0,23.0,454.0,612.0,799.0,896.0,4,955.0
8.0,23.0,136.0,454.0,612.0,896.0,4,955.0
8.0,23.0,136.0,612.0,614.0,633.0,4,955.0
8.0,23.0,136.0,612.0,614.0,633.0,4,955.0
8.0,15.0,188.0,463.0,659.0,714.0,4,1036.0
8.0,15.0,188.0,509.0,659.0,714.0,4,960.0
8.0,15.0,86.0,188.0,509.0,659.0,4,960.0
8.0,15.0,86.0,463.0,593.0,960.0,4,1036.0
8.0,15.0,86.0,463.0,593.0,960.0,4,1036.0
8.0,15.0,86.0,463.0,593.0,960.0,4,1036.0
8.0,15.0,463.0,593.0,714.0,960.0,4,1036.0
8.0,15.0,188.0,463.0,659.0,714.0,4,1036.0
8.0,15.0,86.0,463.0,659.0,960.0,4,1036.0
8.0,15.0,86.0,659.0,749.0,960.0,4,1036.0
8.0,15.0,86.0,593.0,749.0,960.0,4,1036.0
8.0,15.0,86.0,509.0,593.0,749.0,4,960.0
8.0,15.0,463.0,659.0,714.0,960.0,4,1036.0
8.0,24.0,43.0,275.0,570.0,863.0,4,888.0
8.0,24.0,43.0,570.0,825.0,863.0,4,888.0
8.0,24.0,60.0,275.0,570.0,750.0,4,825.0
8.0,24.0,60.0,275.0,863.0,888.0,4,926.0
8.0,24.0,43.0,275.0,863.0,888.0,4,926.0
8.0,24.0,43.0,275.0,863.0,888.0,4,926.0
8.0,24.0,60.0,275.0,863.0,888.0,4,926.0
8.0,24.0,60.0,275.0,570.0,750.0,4,825.0
8.0,24.0,60.0,275.0,570.0,750.0,4,825.0
8.0,22.0,58.0,320.0,485.0,802.0,4,864.0
8.0,22.0,26.0,485.0,802.0,864.0,4,990.0
8.0,22.0,58.0,218.0,320.0,864.0,4,990.0
8.0,22.0,58.0,218.0,320.0,768.0,4,990.0
8.0,22.0,58.0,218.0,320.0,768.0,4,802.0
8.0,22.0,58.0,218.0,320.0,768.0,4,990.0
8.0,22.0,26.0,485.0,802.0,864.0,4,990.0
8.0,24.0,43.0,576.0,863.0,888.0,4,926.0
8.0,24.0,275.0,570.0,576.0,863.0,4,888.0
8.0,24.0,275.0,576.0,863.0,888.0,4,926.0
8.0,24.0,43.0,576.0,863.0,888.0,4,926.0
8.0,24.0,60.0,275.0,576.0,825.0,4,888.0
8.0,24.0,60.0,275.0,576.0,825.0,4,888.0
8.0,24.0,43.0,576.0,863.0,888.0,4,926.0
8.0,24.0,43.0,60.0,576.0,863.0,4,926.0
8.0,8.0,74.0,397.0,571.0,984.0,4,1027.0
8.0,8.0,74.0,215.0,229.0,397.0,4,811.0
8.0,8.0,215.0,229.0,552.0,811.0,4,1027.0
8.0,8.0,552.0,571.0,811.0,984.0,4,1027.0
8.0,8.0,74.0,552.0,571.0,984.0,4,1027.0
8.0,8.0,74.0,552.0,571.0,984.0,4,1027.0
8.0,8.0,74.0,229.0,571.0,984.0,4,1027.0
8.0,8.0,215.0,229.0,552.0,811.0,4,984.0
8.0,8.0,74.0,215.0,229.0,397.0,4,811.0
8.0,8.0,552.0,571.0,811.0,984.0,4,1027.0
8.0,8.0,552.0,571.0,811.0,984.0,4,1027.0
8.0,24.0,275.0,570.0,576.0,863.0,4,888.0
8.0,24.0,275.0,570.0,576.0,750.0,4,863.0
8.0,24.0,60.0,570.0,576.0,750.0,4,825.0
8.0,24.0,60.0,275.0,750.0,793.0,4,863.0
8.0,24.0,570.0,576.0,825.0,863.0,4,888.0
8.0,24.0,570.0,576.0,825.0,863.0,4,888.0
8.0,24.0,43.0,576.0,750.0,863.0,4,888.0
8.0,24.0,43.0,570.0,576.0,863.0,4,888.0
8.0,24.0,43.0,570.0,576.0,750.0,4,863.0
8.0,24.0,275.0,576.0,729.0,750.0,4,825.0
8.0,24.0,275.0,576.0,750.0,863.0,4,888.0
8.0,24.0,43.0,576.0,750.0,863.0,4,888.0
8.0,24.0,60.0,393.0,471.0,729.0,4,793.0
8.0,5.0,117.0,452.0,611.0,686.0,4,730.0
8.0,5.0,14.0,179.0,352.0,611.0,4,730.0
8.0,5.0,14.0,179.0,352.0,706.0,4,730.0
8.0,5.0,452.0,611.0,686.0,706.0,4,730.0
8.0,5.0,452.0,611.0,686.0,706.0,4,730.0
8.0,5.0,14.0,352.0,686.0,706.0,4,730.0
8.0,24.0,275.0,318.0,604.0,863.0,4,888.0
8.0,24.0,275.0,318.0,604.0,863.0,4,888.0
8.0,24.0,60.0,275.0,318.0,750.0,4,863.0
8.0,24.0,60.0,275.0,729.0,750.0,4,863.0
8.0,24.0,60.0,194.0,275.0,729.0,4,750.0
8.0,24.0,60.0,194.0,750.0,863.0,4,888.0
8.0,24.0,60.0,194.0,318.0,863.0,4,888.0
8.0,24.0,60.0,194.0,318.0,863.0,4,888.0
8.0,24.0,194.0,318.0,604.0,863.0,4,888.0
8.0,24.0,43.0,275.0,318.0,863.0,4,888.0
8.0,24.0,43.0,275.0,318.0,863.0,4,888.0
8.0,24.0,43.0,275.0,318.0,863.0,4,888.0
8.0,24.0,60.0,194.0,275.0,729.0,4,750.0
8.0,24.0,60.0,194.0,275.0,729.0,4,750.0
8.0,24.0,43.0,318.0,604.0,863.0,4,888.0
8.0,24.0,43.0,275.0,318.0,863.0,4,888.0
8.0,24.0,60.0,275.0,750.0,863.0,4,888.0
8.0,24.0,60.0,194.0,275.0,750.0,4,888.0
8.0,24.0,275.0,318.0,604.0,863.0,4,888.0
8.0,24.0,43.0,275.0,318.0,863.0,4,888.0
8.0,24.0,43.0,275.0,750.0,863.0,4,888.0
8.0,24.0,60.0,194.0,275.0,729.0,4,750.0
8.0,27.0,23.0,109.0,319.0,680.0,4,777.0
8.0,27.0,23.0,319.0,351.0,668.0,4,680.0
8.0,27.0,105.0,109.0,298.0,351.0,4,668.0
8.0,27.0,105.0,109.0,319.0,680.0,4,777.0
8.0,27.0,109.0,319.0,668.0,680.0,4,777.0
8.0,27.0,23.0,109.0,319.0,668.0,4,777.0
8.0,27.0,105.0,109.0,351.0,668.0,4,680.0
8.0,27.0,23.0,109.0,351.0,668.0,4,680.0
8.0,27.0,23.0,109.0,351.0,668.0,4,680.0
8.0,27.0,23.0,109.0,319.0,680.0,4,777.0
8.0,27.0,23.0,109.0,319.0,680.0,4,777.0
8.0,28.0,203.0,608.0,754.0,842.0,4,1016.0
8.0,28.0,74.0,203.0,608.0,754.0,4,842.0
8.0,28.0,74.0,161.0,608.0,754.0,4,922.0
8.0,28.0,74.0,161.0,608.0,922.0,4,1016.0
8.0,28.0,203.0,608.0,754.0,842.0,4,1016.0
8.0,28.0,203.0,608.0,754.0,842.0,4,1016.0
8.0,28.0,203.0,608.0,754.0,842.0,4,1016.0
8.0,28.0,74.0,203.0,608.0,754.0,4,842.0
8.0,28.0,74.0,161.0,608.0,754.0,4,922.0
8.0,28.0,74.0,161.0,285.0,922.0,4,1016.0
8.0,28.0,74.0,161.0,203.0,285.0,4,754.0
8.0,28.0,74.0,203.0,285.0,608.0,4,754.0
8.0,28.0,74.0,203.0,608.0,754.0,4,1016.0
8.0,14.0,302.0,472.0,516.0,520.0,4,1015.0
8.0,14.0,302.0,472.0,520.0,1013.0,4,1015.0
8.0,14.0,302.0,472.0,520.0,1013.0,4,1015.0
8.0,14.0,134.0,472.0,516.0,840.0,4,868.0
8.0,14.0,302.0,472.0,520.0,1013.0,4,1015.0
8.0,14.0,472.0,516.0,520.0,868.0,4,1013.0
8.0,24.0,60.0,275.0,750.0,863.0,4,888.0
8.0,24.0,60.0,275.0,729.0,750.0,4,863.0
8.0,24.0,60.0,194.0,275.0,729.0,4,750.0
8.0,24.0,194.0,318.0,604.0,729.0,4,863.0
8.0,24.0,43.0,318.0,604.0,863.0,4,888.0
8.0,24.0,194.0,275.0,729.0,750.0,4,863.0
8.0,24.0,194.0,275.0,729.0,750.0,4,863.0
8.0,24.0,194.0,275.0,729.0,750.0,4,863.0
8.0,24.0,60.0,194.0,275.0,729.0,4,750.0
8.0,24.0,60.0,194.0,275.0,729.0,4,750.0
8.0,24.0,194.0,275.0,729.0,750.0,4,863.0
8.0,24.0,194.0,275.0,750.0,863.0,4,888.0
8.0,4.0,297.0,487.0,589.0,715.0,4,757.0
8.0,4.0,297.0,487.0,589.0,715.0,4,757.0
8.0,4.0,1.0,297.0,715.0,757.0,4,786.0
8.0,4.0,297.0,487.0,589.0,715.0,4,757.0
8.0,4.0,1.0,297.0,715.0,757.0,4,786.0
8.0,4.0,1.0,297.0,715.0,757.0,4,786.0
8.0,24.0,43.0,275.0,318.0,729.0,4,863.0
8.0,24.0,43.0,318.0,604.0,729.0,4,863.0
8.0,24.0,43.0,318.0,604.0,729.0,4,863.0
8.0,24.0,60.0,318.0,604.0,863.0,4,926.0
8.0,24.0,60.0,194.0,318.0,604.0,4,926.0
8.0,24.0,43.0,60.0,194.0,750.0,4,926.0
8.0,24.0,194.0,275.0,318.0,863.0,4,926.0
8.0,24.0,60.0,275.0,318.0,729.0,4,863.0
8.0,24.0,43.0,275.0,318.0,729.0,4,863.0
8.0,24.0,43.0,275.0,318.0,729.0,4,863.0
8.0,24.0,60.0,194.0,604.0,750.0,4,926.0
8.0,24.0,60.0,194.0,604.0,750.0,4,926.0
8.0,24.0,60.0,194.0,604.0,750.0,4,926.0
8.0,24.0,194.0,604.0,750.0,863.0,4,926.0
8.0,24.0,194.0,275.0,318.0,729.0,4,863.0
8.0,24.0,60.0,194.0,318.0,750.0,4,863.0
8.0,24.0,60.0,194.0,604.0,729.0,4,750.0
8.0,24.0,60.0,194.0,604.0,729.0,4,750.0
8.0,24.0,43.0,275.0,318.0,863.0,4,926.0
8.0,24.0,60.0,318.0,604.0,750.0,4,863.0
8.0,24.0,60.0,194.0,604.0,729.0,4,750.0
8.0,24.0,60.0,194.0,750.0,863.0,4,926.0
8.0,24.0,60.0,194.0,318.0,863.0,4,926.0
8.0,24.0,60.0,194.0,318.0,863.0,4,926.0
8.0,24.0,43.0,275.0,318.0,863.0,4,926.0
8.0,24.0,43.0,275.0,318.0,863.0,4,926.0
8.0,24.0,60.0,194.0,729.0,750.0,4,863.0
8.0,24.0,60.0,275.0,318.0,863.0,4,926.0
8.0,24.0,43.0,275.0,318.0,863.0,4,926.0
8.0,24.0,60.0,275.0,318.0,863.0,4,926.0
8.0,24.0,60.0,275.0,318.0,750.0,4,863.0
8.0,24.0,60.0,194.0,750.0,863.0,4,926.0
8.0,24.0,60.0,194.0,275.0,750.0,4,926.0
8.0,24.0,60.0,194.0,863.0,925.0,4,926.0
8.0,24.0,43.0,275.0,729.0,863.0,4,926.0
8.0,24.0,60.0,275.0,750.0,863.0,4,925.0
8.0,24.0,60.0,194.0,750.0,863.0,4,926.0
8.0,24.0,43.0,275.0,750.0,863.0,4,926.0
8.0,24.0,60.0,275.0,750.0,863.0,4,926.0
8.0,24.0,60.0,194.0,750.0,863.0,4,926.0
8.0,24.0,60.0,194.0,275.0,863.0,4,926.0
8.0,24.0,60.0,194.0,275.0,863.0,4,926.0
8.0,24.0,60.0,275.0,318.0,863.0,4,926.0
8.0,24.0,60.0,275.0,318.0,863.0,4,926.0
8.0,24.0,60.0,275.0,318.0,729.0,4,863.0
8.0,24.0,60.0,194.0,604.0,729.0,4,926.0
8.0,24.0,194.0,275.0,318.0,863.0,4,926.0
8.0,24.0,60.0,275.0,318.0,863.0,4,926.0
8.0,24.0,275.0,318.0,604.0,863.0,4,926.0
8.0,24.0,60.0,275.0,318.0,729.0,4,863.0
8.0,24.0,60.0,194.0,275.0,318.0,4,729.0
8.0,24.0,60.0,194.0,729.0,863.0,4,926.0
8.0,24.0,60.0,194.0,729.0,863.0,4,926.0
8.0,24.0,275.0,318.0,604.0,863.0,4,926.0
8.0,24.0,194.0,471.0,729.0,863.0,4,926.0
8.0,24.0,60.0,275.0,863.0,925.0,4,926.0
8.0,24.0,275.0,318.0,604.0,863.0,4,926.0
8.0,24.0,60.0,275.0,318.0,729.0,4,863.0
8.0,24.0,60.0,194.0,275.0,729.0,4,926.0
8.0,30.0,217.0,559.0,952.0,953.0,4,963.0
8.0,30.0,100.0,217.0,559.0,953.0,4,963.0
8.0,30.0,100.0,657.0,663.0,952.0,4,963.0
8.0,30.0,217.0,559.0,663.0,785.0,4,953.0
8.0,30.0,217.0,559.0,663.0,953.0,4,963.0
8.0,30.0,100.0,559.0,663.0,953.0,4,963.0
8.0,30.0,100.0,217.0,559.0,953.0,4,963.0
8.0,30.0,217.0,559.0,952.0,953.0,4,963.0
8.0,30.0,217.0,559.0,952.0,953.0,4,963.0
8.0,30.0,559.0,663.0,952.0,953.0,4,963.0
8.0,30.0,100.0,559.0,663.0,953.0,4,963.0
8.0,30.0,100.0,217.0,657.0,785.0,4,952.0
8.0,30.0,100.0,217.0,657.0,785.0,4,952.0
8.0,30.0,100.0,217.0,461.0,657.0,4,785.0
8.0,30.0,100.0,186.0,461.0,785.0,4,826.0
8.0,30.0,186.0,461.0,689.0,785.0,4,826.0
8.0,33.0,361.0,844.0,861.0,975.0,4,976.0
8.0,33.0,160.0,219.0,313.0,470.0,4,861.0
8.0,33.0,470.0,492.0,844.0,861.0,4,976.0
8.0,33.0,470.0,492.0,844.0,861.0,4,976.0
8.0,33.0,492.0,844.0,861.0,975.0,4,976.0
8.0,33.0,361.0,844.0,861.0,975.0,4,976.0
8.0,33.0,313.0,361.0,861.0,975.0,4,976.0
8.0,33.0,219.0,361.0,844.0,861.0,4,975.0
8.0,33.0,219.0,361.0,844.0,861.0,4,975.0
8.0,33.0,160.0,361.0,470.0,492.0,4,976.0
8.0,33.0,160.0,361.0,470.0,492.0,4,976.0
8.0,33.0,160.0,219.0,492.0,861.0,4,976.0
8.0,33.0,361.0,844.0,861.0,975.0,4,976.0
8.0,27.0,23.0,319.0,668.0,680.0,4,777.0
8.0,27.0,23.0,109.0,319.0,680.0,4,935.0
8.0,27.0,105.0,109.0,319.0,777.0,4,935.0
8.0,27.0,105.0,109.0,668.0,777.0,4,935.0
8.0,27.0,23.0,109.0,319.0,668.0,4,680.0
8.0,27.0,105.0,109.0,319.0,680.0,4,935.0
8.0,15.0,188.0,463.0,659.0,714.0,4,1036.0
8.0,15.0,86.0,188.0,659.0,749.0,4,1036.0
8.0,15.0,463.0,593.0,659.0,714.0,4,1005.0
8.0,15.0,188.0,463.0,593.0,659.0,4,714.0
8.0,15.0,86.0,188.0,463.0,593.0,4,659.0
8.0,15.0,188.0,659.0,714.0,749.0,4,1036.0
8.0,15.0,188.0,659.0,714.0,749.0,4,1036.0
8.0,15.0,188.0,593.0,659.0,714.0,4,749.0
8.0,15.0,188.0,463.0,659.0,714.0,4,1036.0
8.0,24.0,60.0,194.0,318.0,604.0,4,863.0
8.0,24.0,60.0,194.0,275.0,729.0,4,926.0
8.0,24.0,194.0,275.0,318.0,729.0,4,863.0
8.0,24.0,275.0,318.0,604.0,729.0,4,863.0
8.0,24.0,60.0,275.0,318.0,604.0,4,863.0
8.0,24.0,60.0,275.0,318.0,863.0,4,925.0
8.0,24.0,60.0,275.0,318.0,863.0,4,925.0
8.0,24.0,60.0,194.0,275.0,863.0,4,926.0
8.0,24.0,60.0,275.0,318.0,863.0,4,926.0
8.0,24.0,60.0,275.0,318.0,604.0,4,863.0
8.0,24.0,60.0,275.0,318.0,604.0,4,863.0
8.0,24.0,43.0,60.0,275.0,318.0,4,863.0
8.0,24.0,275.0,318.0,604.0,863.0,4,926.0
8.0,24.0,275.0,318.0,604.0,863.0,4,926.0
8.0,24.0,194.0,471.0,729.0,793.0,4,925.0
8.0,24.0,43.0,275.0,318.0,863.0,4,926.0
8.0,24.0,60.0,275.0,318.0,750.0,4,863.0
8.0,24.0,60.0,194.0,318.0,750.0,4,863.0
8.0,24.0,60.0,194.0,275.0,750.0,4,926.0
8.0,24.0,60.0,194.0,275.0,750.0,4,926.0
8.0,24.0,43.0,275.0,318.0,863.0,4,926.0
8.0,24.0,60.0,194.0,318.0,750.0,4,863.0
8.0,24.0,60.0,194.0,275.0,604.0,4,750.0
8.0,24.0,60.0,275.0,318.0,863.0,4,926.0
8.0,12.0,125.0,280.0,386.0,638.0,4,845.0
8.0,12.0,125.0,350.0,386.0,620.0,4,845.0
8.0,12.0,125.0,350.0,620.0,845.0,4,856.0
8.0,12.0,125.0,237.0,350.0,856.0,4,909.0
8.0,12.0,350.0,638.0,788.0,845.0,4,856.0
8.0,12.0,350.0,386.0,638.0,788.0,4,845.0
8.0,12.0,125.0,280.0,386.0,620.0,4,845.0
8.0,12.0,125.0,350.0,386.0,620.0,4,845.0
8.0,12.0,125.0,237.0,350.0,386.0,4,845.0
8.0,12.0,125.0,237.0,350.0,845.0,4,856.0
8.0,12.0,125.0,237.0,350.0,845.0,4,856.0
8.0,24.0,43.0,275.0,318.0,863.0,4,926.0
8.0,24.0,60.0,275.0,318.0,750.0,4,863.0
8.0,24.0,60.0,275.0,318.0,750.0,4,863.0
8.0,24.0,43.0,60.0,194.0,750.0,4,926.0
8.0,24.0,43.0,275.0,318.0,863.0,4,926.0
8.0,24.0,43.0,275.0,318.0,863.0,4,926.0
8.0,24.0,43.0,275.0,318.0,863.0,4,926.0
8.0,18.0,51.0,546.0,580.0,836.0,4,1035.0
8.0,18.0,10.0,580.0,632.0,836.0,4,1035.0
8.0,18.0,10.0,56.0,580.0,632.0,4,1035.0
8.0,18.0,10.0,51.0,580.0,836.0,4,1035.0
8.0,18.0,10.0,51.0,56.0,580.0,4,1035.0
8.0,18.0,10.0,51.0,546.0,580.0,4,1035.0
8.0,18.0,56.0,70.0,580.0,632.0,4,836.0
8.0,14.0,134.0,516.0,520.0,592.0,4,854.0
8.0,14.0,134.0,472.0,520.0,592.0,4,1015.0
8.0,14.0,134.0,472.0,520.0,592.0,4,1015.0
8.0,14.0,134.0,472.0,520.0,592.0,4,1015.0
8.0,14.0,134.0,472.0,520.0,592.0,4,1015.0
8.0,14.0,134.0,302.0,472.0,592.0,4,1015.0
8.0,14.0,302.0,516.0,840.0,854.0,4,1028.0
8.0,14.0,516.0,840.0,854.0,1015.0,4,1028.0
8.0,33.0,219.0,361.0,844.0,861.0,4,975.0
8.0,33.0,21.0,219.0,844.0,861.0,4,975.0
8.0,33.0,21.0,219.0,492.0,861.0,4,975.0
8.0,33.0,258.0,318.0,361.0,844.0,4,976.0
8.0,33.0,361.0,844.0,861.0,975.0,4,976.0
8.0,33.0,258.0,361.0,844.0,975.0,4,976.0
8.0,33.0,258.0,361.0,844.0,975.0,4,976.0
8.0,33.0,21.0,361.0,861.0,975.0,4,976.0
8.0,11.0,294.0,391.0,425.0,943.0,4,974.0
8.0,11.0,294.0,391.0,425.0,943.0,4,974.0
8.0,11.0,425.0,455.0,594.0,938.0,4,943.0
8.0,11.0,281.0,294.0,391.0,425.0,4,594.0
8.0,11.0,391.0,425.0,938.0,943.0,4,974.0
8.0,11.0,294.0,391.0,425.0,943.0,4,974.0
8.0,11.0,281.0,294.0,391.0,425.0,4,974.0
8.0,11.0,281.0,425.0,455.0,594.0,4,974.0
8.0,11.0,281.0,391.0,425.0,455.0,4,594.0
8.0,11.0,281.0,391.0,425.0,455.0,4,594.0
8.0,11.0,294.0,455.0,594.0,943.0,4,974.0
8.0,11.0,294.0,455.0,594.0,943.0,4,974.0
8.0,11.0,281.0,455.0,594.0,943.0,4,974.0
8.0,26.0,25.0,160.0,381.0,554.0,4,652.0
8.0,26.0,25.0,160.0,554.0,652.0,4,748.0
8.0,26.0,25.0,160.0,554.0,652.0,4,748.0
8.0,26.0,25.0,160.0,381.0,384.0,4,748.0
8.0,26.0,25.0,107.0,384.0,554.0,4,652.0
8.0,26.0,107.0,381.0,384.0,635.0,4,965.0
8.0,26.0,25.0,402.0,554.0,748.0,4,965.0
8.0,26.0,25.0,160.0,402.0,554.0,4,748.0
8.0,26.0,107.0,384.0,402.0,554.0,4,965.0
8.0,16.0,155.0,296.0,646.0,763.0,4,903.0
8.0,16.0,296.0,546.0,646.0,763.0,4,903.0
8.0,16.0,155.0,424.0,546.0,674.0,4,893.0
8.0,16.0,155.0,424.0,546.0,674.0,4,893.0
8.0,16.0,155.0,424.0,531.0,674.0,4,893.0
8.0,16.0,424.0,531.0,546.0,674.0,4,893.0
8.0,16.0,296.0,531.0,546.0,674.0,4,893.0
8.0,16.0,296.0,546.0,674.0,893.0,4,903.0
8.0,16.0,531.0,646.0,674.0,763.0,4,903.0
8.0,16.0,155.0,296.0,646.0,893.0,4,903.0
8.0,16.0,155.0,424.0,546.0,674.0,4,893.0
8.0,16.0,296.0,546.0,674.0,893.0,4,903.0
8.0,11.0,281.0,294.0,391.0,425.0,4,974.0
8.0,11.0,425.0,455.0,594.0,938.0,4,974.0
8.0,11.0,294.0,455.0,594.0,974.0,4,981.0
8.0,11.0,281.0,294.0,391.0,425.0,4,594.0
8.0,11.0,281.0,294.0,391.0,425.0,4,594.0
8.0,11.0,281.0,294.0,425.0,455.0,4,974.0
8.0,11.0,281.0,294.0,391.0,425.0,4,974.0
8.0,11.0,281.0,294.0,391.0,425.0,4,594.0
8.0,11.0,294.0,425.0,455.0,594.0,4,974.0
8.0,18.0,51.0,580.0,758.0,948.0,4,1035.0
8.0,18.0,51.0,181.0,362.0,948.0,4,1035.0
8.0,18.0,56.0,181.0,362.0,730.0,4,892.0
8.0,18.0,51.0,580.0,758.0,948.0,4,1035.0
8.0,18.0,51.0,181.0,730.0,758.0,4,855.0
8.0,18.0,150.0,181.0,836.0,855.0,4,1035.0
8.0,11.0,338.0,455.0,594.0,938.0,4,974.0
8.0,11.0,294.0,338.0,425.0,455.0,4,594.0
8.0,11.0,281.0,294.0,338.0,391.0,4,425.0
8.0,11.0,281.0,294.0,338.0,391.0,4,425.0
8.0,11.0,281.0,294.0,391.0,425.0,4,974.0
8.0,11.0,281.0,294.0,391.0,425.0,4,974.0
8.0,11.0,338.0,425.0,455.0,594.0,4,938.0
8.0,11.0,294.0,338.0,455.0,594.0,4,974.0
8.0,11.0,281.0,294.0,425.0,455.0,4,974.0
8.0,11.0,281.0,294.0,391.0,425.0,4,974.0
8.0,15.0,188.0,659.0,714.0,802.0,4,1036.0
8.0,15.0,188.0,659.0,714.0,802.0,4,1036.0
8.0,15.0,188.0,659.0,714.0,802.0,4,1036.0
8.0,15.0,188.0,593.0,714.0,802.0,4,1036.0
8.0,15.0,86.0,188.0,593.0,802.0,4,1036.0
8.0,15.0,86.0,509.0,659.0,960.0,4,1005.0
8.0,15.0,659.0,714.0,802.0,1005.0,4,1036.0
8.0,15.0,188.0,659.0,714.0,802.0,4,1036.0
8.0,15.0,188.0,593.0,714.0,802.0,4,1036.0
8.0,15.0,86.0,188.0,509.0,659.0,4,960.0
8.0,15.0,86.0,188.0,509.0,593.0,4,960.0
8.0,15.0,86.0,188.0,509.0,593.0,4,802.0
8.0,15.0,86.0,509.0,515.0,593.0,4,802.0
8.0,11.0,425.0,498.0,594.0,781.0,4,974.0
8.0,11.0,338.0,425.0,498.0,594.0,4,781.0
8.0,11.0,338.0,455.0,594.0,938.0,4,974.0
8.0,11.0,281.0,425.0,455.0,938.0,4,974.0
8.0,11.0,425.0,594.0,781.0,938.0,4,974.0
8.0,11.0,455.0,594.0,781.0,938.0,4,974.0
8.0,11.0,281.0,425.0,781.0,938.0,4,974.0
8.0,11.0,338.0,425.0,455.0,498.0,4,594.0
8.0,11.0,281.0,338.0,455.0,594.0,4,781.0
8.0,11.0,455.0,594.0,781.0,938.0,4,974.0
8.0,11.0,425.0,455.0,594.0,938.0,4,974.0
8.0,11.0,281.0,391.0,425.0,938.0,4,974.0
8.0,11.0,281.0,391.0,425.0,938.0,4,974.0
8.0,11.0,391.0,425.0,498.0,594.0,4,974.0
8.0,11.0,281.0,338.0,455.0,594.0,4,974.0
8.0,11.0,281.0,338.0,391.0,594.0,4,974.0
8.0,11.0,281.0,391.0,425.0,938.0,4,974.0
8.0,11.0,281.0,425.0,455.0,594.0,4,974.0
8.0,11.0,281.0,425.0,455.0,594.0,4,974.0
8.0,11.0,425.0,455.0,594.0,938.0,4,974.0
8.0,11.0,338.0,425.0,455.0,498.0,4,594.0
8.0,11.0,281.0,338.0,391.0,425.0,4,974.0
8.0,11.0,281.0,338.0,391.0,425.0,4,974.0
8.0,11.0,281.0,338.0,391.0,425.0,4,974.0
8.0,11.0,281.0,391.0,425.0,938.0,4,974.0
8.0,11.0,281.0,391.0,425.0,498.0,4,974.0
8.0,11.0,338.0,425.0,455.0,498.0,4,594.0
8.0,11.0,338.0,455.0,498.0,594.0,4,974.0
8.0,11.0,338.0,391.0,425.0,498.0,4,594.0
8.0,11.0,338.0,391.0,425.0,498.0,4,594.0
8.0,11.0,281.0,338.0,455.0,594.0,4,974.0
8.0,11.0,281.0,338.0,455.0,594.0,4,974.0
8.0,11.0,281.0,425.0,455.0,594.0,4,974.0
8.0,11.0,281.0,391.0,425.0,594.0,4,974.0
8.0,17.0,328.0,439.0,569.0,587.0,4,764.0
8.0,17.0,109.0,354.0,439.0,484.0,4,619.0
8.0,17.0,328.0,354.0,484.0,569.0,4,587.0
8.0,17.0,354.0,406.0,439.0,569.0,4,619.0
8.0,17.0,354.0,406.0,439.0,569.0,4,619.0
8.0,11.0,281.0,425.0,455.0,938.0,4,974.0
8.0,11.0,281.0,425.0,498.0,752.0,4,974.0
8.0,11.0,281.0,338.0,425.0,498.0,4,752.0
8.0,11.0,338.0,425.0,498.0,594.0,4,752.0
8.0,11.0,338.0,455.0,498.0,594.0,4,974.0
8.0,11.0,281.0,425.0,594.0,752.0,4,974.0
8.0,11.0,281.0,425.0,752.0,938.0,4,974.0
8.0,11.0,281.0,338.0,425.0,455.0,4,974.0
8.0,11.0,281.0,425.0,455.0,938.0,4,974.0
8.0,11.0,281.0,425.0,752.0,938.0,4,974.0
8.0,11.0,338.0,455.0,498.0,594.0,4,981.0
8.0,18.0,51.0,181.0,362.0,948.0,4,1035.0
8.0,18.0,56.0,150.0,181.0,892.0,4,948.0
8.0,18.0,56.0,150.0,181.0,460.0,4,892.0
8.0,18.0,150.0,362.0,892.0,948.0,4,1035.0
8.0,18.0,56.0,150.0,460.0,892.0,4,1035.0
8.0,18.0,51.0,181.0,362.0,948.0,4,1035.0
8.0,18.0,51.0,181.0,362.0,948.0,4,1035.0
8.0,11.0,281.0,425.0,455.0,938.0,4,974.0
8.0,11.0,338.0,425.0,498.0,781.0,4,974.0
8.0,11.0,338.0,425.0,498.0,752.0,4,781.0
8.0,11.0,281.0,338.0,455.0,752.0,4,974.0
8.0,11.0,425.0,455.0,781.0,938.0,4,974.0
8.0,11.0,281.0,425.0,752.0,781.0,4,974.0
8.0,11.0,281.0,425.0,455.0,498.0,4,974.0
8.0,11.0,425.0,455.0,498.0,781.0,4,974.0
8.0,11.0,281.0,455.0,752.0,781.0,4,974.0
8.0,29.0,83.0,230.0,456.0,824.0,4,860.0
8.0,29.0,132.0,755.0,809.0,860.0,4,867.0
8.0,29.0,83.0,230.0,260.0,824.0,4,860.0
8.0,29.0,83.0,230.0,260.0,456.0,4,860.0
8.0,29.0,132.0,230.0,260.0,755.0,4,860.0
8.0,29.0,83.0,230.0,260.0,456.0,4,860.0
8.0,29.0,83.0,230.0,260.0,456.0,4,860.0
8.0,11.0,294.0,425.0,781.0,938.0,4,974.0
8.0,11.0,281.0,294.0,455.0,781.0,4,974.0
8.0,11.0,281.0,294.0,425.0,781.0,4,974.0
8.0,11.0,281.0,294.0,425.0,781.0,4,974.0
8.0,11.0,281.0,294.0,425.0,781.0,4,974.0
8.0,11.0,281.0,294.0,425.0,455.0,4,974.0
8.0,11.0,425.0,455.0,498.0,752.0,4,974.0
8.0,11.0,281.0,294.0,425.0,781.0,4,974.0
8.0,11.0,281.0,294.0,425.0,781.0,4,974.0
8.0,11.0,294.0,455.0,752.0,781.0,4,974.0
8.0,11.0,294.0,455.0,752.0,781.0,4,974.0
8.0,11.0,294.0,455.0,752.0,781.0,4,974.0
8.0,11.0,281.0,425.0,455.0,781.0,4,974.0
8.0,8.0,74.0,571.0,957.0,984.0,4,1027.0
8.0,8.0,74.0,229.0,397.0,552.0,4,984.0
8.0,8.0,215.0,229.0,397.0,552.0,4,984.0
8.0,8.0,215.0,229.0,552.0,571.0,4,984.0
8.0,8.0,74.0,215.0,552.0,571.0,4,740.0
8.0,8.0,74.0,215.0,552.0,571.0,4,740.0
8.0,8.0,74.0,552.0,571.0,740.0,4,1027.0
8.0,8.0,215.0,229.0,397.0,552.0,4,984.0
8.0,8.0,74.0,229.0,571.0,984.0,4,1027.0
8.0,8.0,74.0,229.0,571.0,984.0,4,1027.0
8.0,11.0,281.0,294.0,425.0,781.0,4,974.0
8.0,11.0,294.0,425.0,594.0,781.0,4,938.0
8.0,11.0,294.0,391.0,498.0,594.0,4,974.0
8.0,11.0,281.0,425.0,781.0,938.0,4,974.0
8.0,11.0,294.0,425.0,594.0,781.0,4,974.0
8.0,11.0,294.0,594.0,781.0,974.0,4,981.0
8.0,11.0,294.0,425.0,594.0,781.0,4,974.0
8.0,11.0,294.0,425.0,594.0,781.0,4,974.0
8.0,11.0,294.0,425.0,594.0,781.0,4,974.0
8.0,11.0,294.0,425.0,594.0,781.0,4,974.0
8.0,11.0,294.0,425.0,455.0,594.0,4,752.0
8.0,11.0,294.0,455.0,752.0,781.0,4,974.0
8.0,11.0,294.0,425.0,455.0,781.0,4,974.0
8.0,11.0,281.0,294.0,425.0,781.0,4,974.0
8.0,11.0,281.0,294.0,425.0,781.0,4,974.0
8.0,11.0,181.0,281.0,425.0,498.0,4,781.0
8.0,11.0,25.0,181.0,425.0,498.0,4,594.0
8.0,11.0,25.0,181.0,294.0,425.0,4,594.0
8.0,11.0,281.0,294.0,455.0,781.0,4,974.0
8.0,11.0,281.0,425.0,455.0,781.0,4,974.0
8.0,11.0,181.0,294.0,425.0,781.0,4,974.0
8.0,11.0,181.0,294.0,425.0,781.0,4,974.0
8.0,11.0,181.0,281.0,425.0,594.0,4,781.0
8.0,11.0,181.0,294.0,425.0,455.0,4,594.0
8.0,11.0,181.0,294.0,455.0,594.0,4,974.0
8.0,11.0,281.0,294.0,425.0,781.0,4,974.0
8.0,11.0,281.0,294.0,425.0,781.0,4,974.0
8.0,15.0,188.0,509.0,659.0,714.0,4,960.0
8.0,15.0,188.0,659.0,714.0,941.0,4,960.0
8.0,15.0,86.0,188.0,659.0,941.0,4,960.0
8.0,15.0,86.0,593.0,802.0,941.0,4,1005.0
8.0,15.0,86.0,593.0,802.0,941.0,4,1005.0
8.0,15.0,86.0,593.0,802.0,941.0,4,1005.0
8.0,15.0,188.0,509.0,659.0,714.0,4,960.0
8.0,15.0,86.0,188.0,659.0,802.0,4,941.0
8.0,15.0,86.0,593.0,714.0,941.0,4,1005.0
8.0,15.0,86.0,659.0,714.0,941.0,4,1005.0
8.0,15.0,188.0,659.0,714.0,960.0,4,1005.0
8.0,30.0,186.0,217.0,663.0,952.0,4,953.0
8.0,30.0,100.0,186.0,217.0,663.0,4,952.0
8.0,30.0,186.0,217.0,663.0,689.0,4,953.0
8.0,30.0,186.0,217.0,657.0,689.0,4,953.0
8.0,30.0,217.0,657.0,689.0,785.0,4,953.0
8.0,30.0,186.0,217.0,663.0,952.0,4,953.0
8.0,30.0,186.0,217.0,663.0,952.0,4,953.0
8.0,30.0,100.0,186.0,217.0,657.0,4,953.0
8.0,30.0,73.0,100.0,657.0,663.0,4,785.0
8.0,30.0,186.0,217.0,689.0,785.0,4,953.0
8.0,11.0,181.0,281.0,294.0,425.0,4,781.0
8.0,11.0,181.0,425.0,498.0,535.0,4,781.0
8.0,11.0,181.0,455.0,498.0,535.0,4,974.0
8.0,11.0,294.0,425.0,535.0,781.0,4,974.0
8.0,11.0,181.0,281.0,425.0,455.0,4,498.0
8.0,11.0,181.0,281.0,425.0,455.0,4,498.0
8.0,11.0,181.0,281.0,455.0,498.0,4,974.0
8.0,11.0,181.0,281.0,455.0,498.0,4,974.0
8.0,11.0,181.0,281.0,455.0,498.0,4,974.0
8.0,11.0,181.0,281.0,455.0,498.0,4,974.0
8.0,11.0,181.0,294.0,425.0,781.0,4,974.0
8.0,11.0,181.0,294.0,425.0,781.0,4,974.0
8.0,11.0,181.0,281.0,294.0,425.0,4,781.0
8.0,11.0,181.0,281.0,294.0,425.0,4,781.0
8.0,11.0,181.0,281.0,455.0,498.0,4,974.0
8.0,11.0,181.0,281.0,455.0,498.0,4,974.0
8.0,11.0,294.0,425.0,535.0,781.0,4,974.0
8.0,11.0,294.0,425.0,535.0,781.0,4,974.0
8.0,11.0,294.0,425.0,535.0,781.0,4,974.0
8.0,11.0,294.0,425.0,535.0,781.0,4,974.0
8.0,11.0,181.0,281.0,455.0,498.0,4,974.0
8.0,11.0,181.0,281.0,455.0,498.0,4,974.0
8.0,11.0,181.0,281.0,455.0,535.0,4,974.0
8.0,11.0,181.0,281.0,455.0,535.0,4,974.0
8.0,11.0,294.0,425.0,455.0,535.0,4,974.0
8.0,11.0,281.0,391.0,498.0,594.0,4,752.0
8.0,22.0,58.0,536.0,639.0,768.0,4,990.0
8.0,22.0,58.0,536.0,639.0,768.0,4,990.0
8.0,22.0,58.0,77.0,218.0,864.0,4,990.0
8.0,22.0,26.0,77.0,218.0,485.0,4,864.0
8.0,22.0,77.0,218.0,485.0,768.0,4,864.0
8.0,22.0,58.0,536.0,768.0,864.0,4,990.0
8.0,22.0,58.0,218.0,536.0,768.0,4,990.0
8.0,22.0,58.0,218.0,536.0,864.0,4,990.0
8.0,22.0,58.0,536.0,639.0,768.0,4,990.0
8.0,22.0,58.0,536.0,639.0,864.0,4,990.0
8.0,22.0,58.0,218.0,536.0,864.0,4,990.0
8.0,22.0,26.0,77.0,218.0,485.0,4,864.0
8.0,11.0,281.0,294.0,425.0,781.0,4,974.0
8.0,11.0,181.0,281.0,425.0,455.0,4,535.0
8.0,11.0,181.0,294.0,455.0,535.0,4,594.0
8.0,11.0,181.0,294.0,455.0,535.0,4,594.0
8.0,11.0,281.0,425.0,535.0,781.0,4,974.0
8.0,11.0,281.0,294.0,425.0,781.0,4,974.0
8.0,11.0,281.0,294.0,425.0,781.0,4,974.0
8.0,11.0,281.0,425.0,535.0,781.0,4,974.0
8.0,11.0,181.0,294.0,455.0,535.0,4,594.0
8.0,11.0,181.0,391.0,498.0,535.0,4,594.0
8.0,4.0,259.0,486.0,589.0,786.0,4,936.0
8.0,4.0,1.0,486.0,757.0,786.0,4,936.0
8.0,4.0,1.0,259.0,487.0,757.0,4,936.0
8.0,4.0,259.0,486.0,487.0,589.0,4,786.0
8.0,4.0,259.0,487.0,589.0,757.0,4,936.0
8.0,4.0,259.0,486.0,487.0,757.0,4,786.0
8.0,4.0,259.0,486.0,487.0,757.0,4,786.0
8.0,6.0,579.0,606.0,693.0,719.0,4,980.0
8.0,6.0,400.0,491.0,579.0,693.0,4,902.0
8.0,6.0,400.0,427.0,606.0,693.0,4,902.0
8.0,6.0,427.0,579.0,606.0,719.0,4,980.0
8.0,6.0,579.0,606.0,693.0,719.0,4,980.0
8.0,6.0,427.0,606.0,693.0,902.0,4,980.0
8.0,6.0,112.0,427.0,606.0,693.0,4,902.0
8.0,6.0,579.0,606.0,693.0,719.0,4,980.0
8.0,6.0,400.0,491.0,579.0,606.0,4,902.0
8.0,23.0,175.0,180.0,614.0,896.0,4,972.0
8.0,23.0,175.0,454.0,614.0,799.0,4,896.0
8.0,23.0,175.0,614.0,799.0,896.0,4,972.0
8.0,11.0,181.0,294.0,455.0,535.0,4,594.0
8.0,11.0,181.0,294.0,455.0,535.0,4,594.0
8.0,11.0,181.0,281.0,294.0,455.0,4,594.0
8.0,11.0,281.0,425.0,535.0,781.0,4,974.0
8.0,11.0,281.0,425.0,535.0,781.0,4,974.0
8.0,11.0,281.0,425.0,535.0,781.0,4,974.0
8.0,11.0,281.0,294.0,425.0,781.0,4,974.0
8.0,11.0,281.0,294.0,425.0,781.0,4,974.0
8.0,11.0,281.0,294.0,425.0,781.0,4,974.0
8.0,11.0,181.0,281.0,425.0,455.0,4,535.0
8.0,11.0,281.0,294.0,425.0,781.0,4,974.0
8.0,11.0,281.0,294.0,425.0,781.0,4,974.0
8.0,2.0,17.0,120.0,444.0,493.0,4,728.0
8.0,2.0,17.0,98.0,120.0,185.0,4,223.0
8.0,2.0,98.0,185.0,444.0,493.0,4,687.0
8.0,2.0,98.0,185.0,444.0,493.0,4,687.0
8.0,2.0,98.0,185.0,444.0,493.0,4,889.0
8.0,25.0,146.0,268.0,311.0,759.0,4,1003.0
8.0,25.0,146.0,268.0,332.0,642.0,4,759.0
8.0,25.0,146.0,268.0,311.0,759.0,4,1003.0
8.0,25.0,81.0,146.0,311.0,759.0,4,1003.0
8.0,25.0,81.0,146.0,311.0,759.0,4,1003.0
8.0,25.0,81.0,146.0,311.0,759.0,4,1003.0
8.0,11.0,281.0,294.0,425.0,781.0,4,974.0
8.0,11.0,181.0,281.0,425.0,455.0,4,535.0
8.0,11.0,281.0,294.0,425.0,455.0,4,974.0
8.0,11.0,281.0,294.0,425.0,455.0,4,974.0
8.0,11.0,281.0,294.0,425.0,781.0,4,974.0
8.0,11.0,294.0,425.0,535.0,781.0,4,974.0
8.0,11.0,181.0,294.0,425.0,535.0,4,781.0
8.0,11.0,181.0,281.0,425.0,455.0,4,535.0
8.0,11.0,294.0,425.0,535.0,781.0,4,974.0
8.0,11.0,181.0,281.0,294.0,425.0,4,781.0
8.0,27.0,23.0,319.0,359.0,680.0,4,777.0
8.0,27.0,105.0,351.0,392.0,668.0,4,777.0
8.0,27.0,105.0,319.0,351.0,392.0,4,668.0
8.0,27.0,105.0,319.0,351.0,392.0,4,726.0
8.0,27.0,319.0,351.0,392.0,680.0,4,726.0
8.0,27.0,319.0,351.0,392.0,726.0,4,777.0
8.0,27.0,23.0,351.0,359.0,392.0,4,777.0
8.0,27.0,23.0,319.0,351.0,392.0,4,668.0
8.0,27.0,105.0,319.0,351.0,392.0,4,668.0
8.0,27.0,319.0,392.0,668.0,680.0,4,777.0
8.0,27.0,319.0,392.0,668.0,680.0,4,777.0
8.0,27.0,319.0,392.0,668.0,680.0,4,777.0
8.0,14.0,134.0,302.0,472.0,753.0,4,1015.0
8.0,14.0,134.0,302.0,472.0,516.0,4,1015.0
8.0,14.0,516.0,520.0,840.0,868.0,4,1013.0
8.0,14.0,516.0,520.0,840.0,868.0,4,1013.0
8.0,14.0,134.0,302.0,472.0,1013.0,4,1015.0
8.0,14.0,134.0,302.0,472.0,1013.0,4,1015.0
8.0,14.0,302.0,472.0,854.0,938.0,4,1015.0
8.0,1.0,78.0,106.0,333.0,410.0,4,989.0
8.0,1.0,78.0,106.0,333.0,410.0,4,989.0
8.0,1.0,78.0,106.0,333.0,442.0,4,941.0
8.0,1.0,78.0,106.0,333.0,442.0,4,941.0
8.0,1.0,106.0,410.0,442.0,669.0,4,670.0
8.0,1.0,106.0,410.0,442.0,669.0,4,670.0
8.0,1.0,78.0,410.0,442.0,669.0,4,941.0
8.0,1.0,78.0,442.0,669.0,670.0,4,941.0
8.0,9.0,39.0,194.0,366.0,574.0,4,604.0
8.0,9.0,39.0,64.0,194.0,488.0,4,604.0
8.0,9.0,39.0,64.0,488.0,604.0,4,913.0
8.0,9.0,39.0,194.0,366.0,574.0,4,604.0
8.0,9.0,39.0,194.0,366.0,488.0,4,604.0
8.0,9.0,39.0,194.0,366.0,488.0,4,604.0
8.0,11.0,281.0,425.0,535.0,781.0,4,974.0
8.0,11.0,181.0,281.0,425.0,535.0,4,781.0
8.0,11.0,181.0,425.0,455.0,535.0,4,943.0
8.0,11.0,181.0,455.0,535.0,943.0,4,974.0
8.0,11.0,181.0,281.0,455.0,535.0,4,974.0
8.0,11.0,281.0,425.0,455.0,535.0,4,974.0
8.0,11.0,281.0,425.0,498.0,781.0,4,974.0
8.0,11.0,181.0,281.0,425.0,498.0,4,781.0
8.0,11.0,181.0,425.0,455.0,535.0,4,943.0
8.0,11.0,181.0,455.0,535.0,943.0,4,974.0
8.0,11.0,181.0,455.0,535.0,943.0,4,974.0
8.0,11.0,181.0,455.0,535.0,943.0,4,974.0
8.0,11.0,281.0,425.0,498.0,781.0,4,974.0
8.0,11.0,281.0,425.0,535.0,781.0,4,974.0
8.0,11.0,181.0,425.0,455.0,535.0,4,943.0
8.0,11.0,181.0,281.0,781.0,943.0,4,974.0
8.0,11.0,181.0,281.0,425.0,781.0,4,943.0
8.0,11.0,281.0,425.0,498.0,781.0,4,974.0
8.0,11.0,181.0,425.0,535.0,781.0,4,943.0
8.0,11.0,181.0,425.0,535.0,781.0,4,943.0
8.0,11.0,181.0,425.0,455.0,535.0,4,943.0
8.0,11.0,181.0,425.0,455.0,535.0,4,943.0
8.0,11.0,281.0,425.0,498.0,781.0,4,974.0
8.0,11.0,281.0,425.0,498.0,781.0,4,974.0
8.0,11.0,281.0,425.0,455.0,535.0,4,974.0
8.0,11.0,281.0,425.0,455.0,535.0,4,974.0
8.0,11.0,181.0,281.0,425.0,455.0,4,535.0
8.0,11.0,181.0,425.0,455.0,535.0,4,943.0
8.0,11.0,181.0,455.0,535.0,943.0,4,974.0
8.0,11.0,281.0,425.0,535.0,781.0,4,974.0
8.0,27.0,105.0,319.0,359.0,680.0,4,777.0
8.0,27.0,319.0,351.0,392.0,668.0,4,680.0
8.0,27.0,319.0,351.0,359.0,668.0,4,777.0
8.0,27.0,319.0,359.0,680.0,726.0,4,777.0
8.0,27.0,319.0,359.0,680.0,726.0,4,777.0
8.0,27.0,319.0,359.0,392.0,726.0,4,777.0
8.0,11.0,281.0,425.0,455.0,943.0,4,974.0
8.0,11.0,181.0,425.0,498.0,535.0,4,778.0
8.0,11.0,181.0,425.0,498.0,535.0,4,778.0
8.0,11.0,181.0,281.0,425.0,455.0,4,535.0
8.0,11.0,181.0,281.0,425.0,455.0,4,943.0
8.0,11.0,425.0,455.0,535.0,943.0,4,974.0
8.0,11.0,181.0,425.0,535.0,778.0,4,943.0
8.0,11.0,281.0,425.0,455.0,943.0,4,974.0
8.0,11.0,425.0,535.0,778.0,943.0,4,974.0
8.0,11.0,181.0,281.0,425.0,535.0,4,778.0
8.0,11.0,181.0,281.0,535.0,778.0,4,974.0
8.0,11.0,425.0,455.0,535.0,943.0,4,974.0
8.0,11.0,281.0,425.0,455.0,943.0,4,974.0
8.0,11.0,181.0,425.0,455.0,943.0,4,974.0
8.0,11.0,181.0,425.0,455.0,535.0,4,974.0
8.0,11.0,181.0,425.0,455.0,535.0,4,943.0
8.0,11.0,181.0,535.0,778.0,781.0,4,943.0
8.0,11.0,181.0,535.0,778.0,781.0,4,943.0
8.0,11.0,281.0,425.0,535.0,781.0,4,974.0
8.0,11.0,281.0,425.0,781.0,943.0,4,974.0
8.0,11.0,425.0,535.0,781.0,943.0,4,974.0
8.0,11.0,181.0,281.0,425.0,535.0,4,778.0
8.0,11.0,181.0,425.0,498.0,535.0,4,778.0
8.0,11.0,425.0,535.0,781.0,943.0,4,974.0
8.0,11.0,281.0,425.0,781.0,943.0,4,974.0
8.0,11.0,281.0,425.0,781.0,943.0,4,974.0
8.0,11.0,281.0,425.0,781.0,943.0,4,974.0
8.0,11.0,281.0,425.0,535.0,781.0,4,974.0
8.0,11.0,181.0,425.0,455.0,535.0,4,943.0
8.0,11.0,181.0,281.0,781.0,943.0,4,974.0
8.0,11.0,425.0,535.0,778.0,943.0,4,974.0
8.0,11.0,281.0,425.0,781.0,943.0,4,974.0
8.0,0.0,252.0,573.0,601.0,789.0,4,792.0
8.0,0.0,13.0,252.0,573.0,601.0,4,792.0
8.0,0.0,13.0,244.0,465.0,601.0,4,789.0
8.0,0.0,13.0,244.0,465.0,601.0,4,789.0
8.0,0.0,13.0,244.0,465.0,573.0,4,789.0
8.0,0.0,244.0,252.0,573.0,789.0,4,792.0
8.0,0.0,13.0,252.0,465.0,601.0,4,721.0
8.0,0.0,13.0,252.0,465.0,601.0,4,721.0
8.0,0.0,13.0,244.0,252.0,465.0,4,789.0
8.0,11.0,281.0,425.0,781.0,943.0,4,974.0
8.0,11.0,181.0,281.0,455.0,535.0,4,974.0
8.0,11.0,181.0,425.0,498.0,535.0,4,781.0
8.0,11.0,281.0,425.0,455.0,535.0,4,974.0
8.0,11.0,181.0,425.0,455.0,535.0,4,943.0
8.0,11.0,181.0,425.0,535.0,781.0,4,974.0
8.0,11.0,181.0,425.0,781.0,943.0,4,974.0
8.0,11.0,181.0,425.0,781.0,943.0,4,974.0
8.0,11.0,281.0,425.0,781.0,943.0,4,974.0
8.0,11.0,425.0,498.0,781.0,943.0,4,974.0
8.0,11.0,181.0,455.0,535.0,943.0,4,974.0
8.0,11.0,181.0,425.0,498.0,535.0,4,781.0
8.0,11.0,181.0,425.0,498.0,535.0,4,781.0
8.0,11.0,181.0,425.0,498.0,781.0,4,974.0
8.0,11.0,425.0,498.0,781.0,943.0,4,974.0
8.0,11.0,425.0,498.0,781.0,943.0,4,974.0
8.0,11.0,181.0,425.0,498.0,535.0,4,781.0
8.0,11.0,181.0,455.0,535.0,943.0,4,974.0
8.0,11.0,181.0,425.0,455.0,535.0,4,943.0
8.0,11.0,181.0,425.0,455.0,535.0,4,943.0
8.0,8.0,215.0,571.0,811.0,984.0,4,1027.0
8.0,8.0,397.0,571.0,811.0,984.0,4,1027.0
8.0,8.0,397.0,571.0,984.0,1017.0,4,1027.0
8.0,8.0,229.0,421.0,500.0,1017.0,4,1027.0
8.0,8.0,215.0,571.0,811.0,984.0,4,1027.0
8.0,8.0,215.0,571.0,811.0,984.0,4,1027.0
8.0,8.0,215.0,571.0,811.0,984.0,4,1027.0
8.0,8.0,215.0,571.0,984.0,1017.0,4,1027.0
8.0,8.0,215.0,421.0,571.0,811.0,4,984.0
8.0,8.0,215.0,571.0,811.0,984.0,4,1027.0
8.0,28.0,74.0,203.0,608.0,754.0,4,842.0
8.0,28.0,74.0,161.0,203.0,285.0,4,922.0
8.0,28.0,161.0,203.0,285.0,754.0,4,922.0
8.0,28.0,74.0,608.0,754.0,842.0,4,922.0
8.0,28.0,74.0,203.0,701.0,754.0,4,842.0
8.0,28.0,128.0,161.0,608.0,754.0,4,922.0
8.0,28.0,128.0,161.0,285.0,608.0,4,922.0
8.0,28.0,74.0,203.0,608.0,754.0,4,842.0
8.0,33.0,219.0,258.0,361.0,844.0,4,861.0
8.0,33.0,313.0,492.0,861.0,975.0,4,976.0
8.0,33.0,219.0,844.0,861.0,975.0,4,976.0
8.0,33.0,219.0,361.0,492.0,861.0,4,976.0
8.0,33.0,219.0,361.0,492.0,861.0,4,976.0
8.0,33.0,219.0,361.0,492.0,844.0,4,861.0
8.0,33.0,219.0,258.0,361.0,844.0,4,861.0
8.0,33.0,219.0,258.0,361.0,844.0,4,861.0
8.0,33.0,219.0,258.0,361.0,492.0,4,975.0
8.0,33.0,219.0,492.0,844.0,861.0,4,975.0
8.0,33.0,219.0,258.0,361.0,492.0,4,976.0
8.0,11.0,281.0,425.0,498.0,781.0,4,974.0
8.0,11.0,281.0,425.0,781.0,943.0,4,974.0
8.0,11.0,181.0,281.0,535.0,778.0,4,974.0
8.0,11.0,181.0,281.0,535.0,781.0,4,974.0
8.0,11.0,281.0,425.0,781.0,943.0,4,974.0
8.0,11.0,181.0,425.0,535.0,781.0,4,943.0
8.0,11.0,281.0,425.0,535.0,778.0,4,974.0
8.0,11.0,181.0,535.0,781.0,943.0,4,974.0
8.0,11.0,181.0,535.0,781.0,943.0,4,974.0
8.0,11.0,181.0,281.0,425.0,781.0,4,943.0
8.0,11.0,181.0,281.0,425.0,535.0,4,781.0
8.0,11.0,281.0,425.0,781.0,943.0,4,974.0
8.0,11.0,181.0,281.0,535.0,781.0,4,974.0
8.0,11.0,181.0,425.0,498.0,535.0,4,781.0
8.0,11.0,181.0,281.0,425.0,535.0,4,781.0
8.0,11.0,181.0,281.0,425.0,535.0,4,781.0
8.0,11.0,181.0,281.0,498.0,778.0,4,974.0
8.0,11.0,181.0,425.0,498.0,781.0,4,974.0
8.0,11.0,281.0,425.0,498.0,781.0,4,974.0
8.0,11.0,281.0,425.0,498.0,781.0,4,974.0
8.0,11.0,281.0,425.0,535.0,781.0,4,974.0
8.0,11.0,181.0,281.0,425.0,455.0,4,535.0
8.0,11.0,181.0,455.0,535.0,778.0,4,974.0
8.0,11.0,425.0,455.0,498.0,535.0,4,974.0
8.0,11.0,281.0,425.0,535.0,778.0,4,974.0
8.0,11.0,181.0,281.0,455.0,535.0,4,781.0
8.0,11.0,181.0,281.0,455.0,781.0,4,974.0
8.0,12.0,125.0,237.0,350.0,856.0,4,909.0
8.0,12.0,207.0,237.0,350.0,856.0,4,909.0
8.0,12.0,125.0,126.0,350.0,386.0,4,638.0
8.0,12.0,125.0,126.0,237.0,350.0,4,856.0
8.0,12.0,125.0,237.0,350.0,856.0,4,909.0
8.0,12.0,125.0,237.0,350.0,856.0,4,909.0
8.0,12.0,125.0,237.0,350.0,386.0,4,909.0
8.0,12.0,126.0,207.0,386.0,638.0,4,909.0
8.0,12.0,126.0,207.0,350.0,386.0,4,638.0
8.0,12.0,126.0,207.0,350.0,386.0,4,638.0
8.0,12.0,126.0,207.0,350.0,638.0,4,856.0
8.0,12.0,125.0,126.0,237.0,350.0,4,856.0
8.0,12.0,125.0,126.0,237.0,350.0,4,856.0
8.0,22.0,58.0,320.0,768.0,802.0,4,990.0
8.0,22.0,58.0,320.0,768.0,802.0,4,990.0
8.0,22.0,26.0,58.0,218.0,320.0,4,990.0
8.0,22.0,26.0,58.0,218.0,320.0,4,990.0
8.0,22.0,26.0,58.0,218.0,320.0,4,763.0
8.0,22.0,58.0,320.0,768.0,802.0,4,990.0
8.0,11.0,294.0,425.0,455.0,535.0,4,974.0
8.0,11.0,181.0,425.0,498.0,778.0,4,974.0
8.0,11.0,181.0,425.0,498.0,535.0,4,778.0
8.0,11.0,181.0,425.0,498.0,535.0,4,778.0
8.0,11.0,181.0,294.0,535.0,778.0,4,974.0
8.0,11.0,181.0,294.0,455.0,535.0,4,974.0
8.0,11.0,181.0,425.0,455.0,535.0,4,974.0
8.0,11.0,181.0,425.0,455.0,498.0,4,974.0
8.0,11.0,294.0,425.0,455.0,535.0,4,974.0
8.0,11.0,181.0,425.0,498.0,778.0,4,974.0
8.0,11.0,181.0,294.0,535.0,778.0,4,974.0
8.0,11.0,181.0,294.0,535.0,778.0,4,974.0
8.0,11.0,181.0,294.0,535.0,778.0,4,974.0
8.0,11.0,181.0,425.0,535.0,778.0,4,974.0
8.0,11.0,181.0,425.0,455.0,535.0,4,974.0
8.0,34.0,506.0,662.0,685.0,747.0,4,790.0
8.0,34.0,104.0,290.0,506.0,747.0,4,809.0
8.0,34.0,104.0,506.0,662.0,747.0,4,790.0
8.0,34.0,104.0,506.0,662.0,747.0,4,774.0
8.0,34.0,290.0,506.0,583.0,685.0,4,774.0
8.0,34.0,104.0,506.0,747.0,774.0,4,817.0
8.0,34.0,104.0,506.0,662.0,774.0,4,817.0
8.0,11.0,425.0,455.0,498.0,943.0,4,974.0
8.0,11.0,177.0,181.0,425.0,535.0,4,778.0
8.0,11.0,177.0,181.0,425.0,535.0,4,778.0
8.0,11.0,177.0,181.0,535.0,778.0,4,974.0
8.0,11.0,181.0,425.0,455.0,498.0,4,535.0
8.0,11.0,425.0,455.0,498.0,535.0,4,974.0
8.0,11.0,425.0,498.0,535.0,778.0,4,974.0
8.0,11.0,181.0,425.0,498.0,535.0,4,778.0
8.0,11.0,425.0,498.0,778.0,943.0,4,974.0
8.0,30.0,73.0,217.0,559.0,953.0,4,963.0
8.0,30.0,100.0,186.0,217.0,657.0,4,953.0
8.0,30.0,100.0,186.0,217.0,559.0,4,953.0
8.0,30.0,73.0,100.0,186.0,559.0,4,963.0
8.0,30.0,73.0,100.0,186.0,559.0,4,963.0
8.0,30.0,100.0,217.0,559.0,953.0,4,963.0
8.0,30.0,100.0,559.0,657.0,953.0,4,963.0
8.0,30.0,73.0,100.0,186.0,559.0,4,657.0
8.0,30.0,186.0,217.0,559.0,657.0,4,953.0
8.0,11.0,294.0,425.0,455.0,943.0,4,974.0
8.0,11.0,181.0,425.0,535.0,778.0,4,974.0
8.0,11.0,181.0,455.0,535.0,943.0,4,974.0
8.0,11.0,425.0,455.0,498.0,535.0,4,974.0
8.0,11.0,425.0,535.0,778.0,943.0,4,974.0
8.0,11.0,181.0,294.0,455.0,535.0,4,974.0
8.0,11.0,294.0,425.0,455.0,943.0,4,974.0
8.0,11.0,181.0,425.0,498.0,535.0,4,778.0
8.0,11.0,181.0,425.0,455.0,535.0,4,943.0
8.0,11.0,181.0,425.0,455.0,535.0,4,943.0
8.0,11.0,181.0,425.0,455.0,535.0,4,943.0
8.0,11.0,181.0,425.0,535.0,778.0,4,943.0
8.0,11.0,181.0,425.0,535.0,778.0,4,974.0
8.0,11.0,181.0,294.0,535.0,778.0,4,974.0
8.0,11.0,181.0,294.0,535.0,778.0,4,974.0
8.0,5.0,89.0,352.0,467.0,568.0,4,686.0
8.0,5.0,117.0,452.0,467.0,760.0,4,981.0
8.0,5.0,117.0,452.0,467.0,686.0,4,981.0
8.0,5.0,89.0,117.0,467.0,568.0,4,686.0
8.0,5.0,89.0,117.0,352.0,568.0,4,686.0
8.0,5.0,89.0,352.0,467.0,568.0,4,686.0
8.0,5.0,117.0,452.0,467.0,760.0,4,981.0
8.0,11.0,294.0,425.0,455.0,943.0,4,974.0
8.0,11.0,177.0,425.0,455.0,535.0,4,974.0
8.0,11.0,177.0,181.0,425.0,535.0,4,778.0
8.0,11.0,181.0,294.0,535.0,778.0,4,974.0
8.0,11.0,181.0,294.0,535.0,778.0,4,974.0
8.0,11.0,181.0,425.0,455.0,535.0,4,943.0
8.0,11.0,181.0,425.0,455.0,535.0,4,943.0
8.0,11.0,181.0,294.0,425.0,455.0,4,943.0
8.0,11.0,294.0,425.0,455.0,943.0,4,974.0
8.0,27.0,23.0,64.0,319.0,351.0,4,392.0
8.0,27.0,23.0,319.0,351.0,392.0,4,680.0
8.0,27.0,23.0,319.0,359.0,392.0,4,680.0
8.0,27.0,319.0,359.0,668.0,680.0,4,726.0
8.0,27.0,23.0,359.0,392.0,668.0,4,680.0
8.0,27.0,23.0,64.0,319.0,351.0,4,392.0
8.0,27.0,23.0,64.0,319.0,351.0,4,392.0
8.0,27.0,23.0,319.0,351.0,392.0,4,680.0
8.0,27.0,23.0,319.0,351.0,392.0,4,680.0
8.0,27.0,23.0,319.0,359.0,392.0,4,680.0
8.0,30.0,217.0,559.0,952.0,953.0,4,963.0
8.0,30.0,100.0,217.0,559.0,953.0,4,963.0
8.0,30.0,100.0,657.0,663.0,953.0,4,963.0
8.0,30.0,100.0,186.0,461.0,657.0,4,663.0
8.0,30.0,100.0,186.0,559.0,953.0,4,963.0
8.0,30.0,217.0,559.0,952.0,953.0,4,963.0
8.0,30.0,100.0,559.0,657.0,953.0,4,963.0
8.0,30.0,100.0,186.0,217.0,461.0,4,657.0
8.0,30.0,76.0,217.0,559.0,953.0,4,963.0
8.0,30.0,100.0,217.0,657.0,953.0,4,963.0
8.0,30.0,100.0,217.0,657.0,953.0,4,963.0
8.0,30.0,76.0,100.0,186.0,559.0,4,657.0
8.0,30.0,73.0,76.0,186.0,559.0,4,657.0
8.0,30.0,73.0,76.0,217.0,559.0,4,963.0
8.0,30.0,73.0,217.0,559.0,953.0,4,963.0
8.0,30.0,100.0,559.0,657.0,953.0,4,963.0
8.0,30.0,100.0,559.0,657.0,953.0,4,963.0
8.0,30.0,73.0,100.0,186.0,217.0,4,559.0
8.0,14.0,302.0,472.0,516.0,840.0,4,868.0
8.0,14.0,134.0,472.0,520.0,592.0,4,868.0
8.0,14.0,134.0,472.0,520.0,592.0,4,1015.0
8.0,14.0,134.0,472.0,520.0,592.0,4,1015.0
8.0,14.0,134.0,472.0,516.0,520.0,4,1015.0
8.0,14.0,302.0,472.0,516.0,840.0,4,1028.0
8.0,29.0,83.0,230.0,242.0,456.0,4,860.0
8.0,29.0,83.0,230.0,242.0,260.0,4,860.0
8.0,29.0,83.0,132.0,230.0,456.0,4,860.0
8.0,29.0,83.0,132.0,230.0,456.0,4,860.0
8.0,29.0,83.0,132.0,230.0,242.0,4,769.0
8.0,29.0,132.0,755.0,769.0,809.0,4,860.0
8.0,29.0,83.0,230.0,242.0,769.0,4,860.0
8.0,30.0,217.0,559.0,689.0,953.0,4,963.0
8.0,30.0,100.0,217.0,559.0,953.0,4,963.0
8.0,30.0,73.0,76.0,100.0,186.0,4,657.0
8.0,30.0,217.0,559.0,600.0,953.0,4,963.0
8.0,30.0,186.0,217.0,461.0,600.0,4,657.0
8.0,30.0,217.0,559.0,689.0,953.0,4,963.0
8.0,30.0,217.0,559.0,689.0,953.0,4,963.0
8.0,30.0,73.0,186.0,217.0,600.0,4,689.0
8.0,30.0,73.0,186.0,217.0,600.0,4,689.0
8.0,30.0,76.0,100.0,186.0,461.0,4,600.0
8.0,30.0,76.0,100.0,217.0,461.0,4,600.0
8.0,30.0,100.0,186.0,217.0,461.0,4,689.0
8.0,30.0,76.0,100.0,186.0,461.0,4,600.0
8.0,30.0,73.0,76.0,186.0,461.0,4,600.0
8.0,6.0,35.0,579.0,606.0,623.0,4,902.0
8.0,6.0,275.0,491.0,579.0,606.0,4,980.0
8.0,6.0,35.0,275.0,491.0,606.0,4,980.0
8.0,6.0,35.0,275.0,491.0,623.0,4,980.0
8.0,6.0,35.0,579.0,606.0,623.0,4,902.0
8.0,6.0,35.0,275.0,579.0,623.0,4,902.0
8.0,6.0,35.0,275.0,491.0,579.0,4,902.0
8.0,6.0,275.0,491.0,606.0,902.0,4,980.0
8.0,6.0,35.0,491.0,606.0,623.0,4,902.0
8.0,6.0,35.0,491.0,579.0,606.0,4,623.0
8.0,6.0,35.0,491.0,579.0,606.0,4,623.0
8.0,18.0,51.0,56.0,181.0,362.0,4,730.0
8.0,18.0,51.0,56.0,150.0,730.0,4,836.0
8.0,18.0,51.0,56.0,150.0,730.0,4,836.0
8.0,18.0,51.0,56.0,150.0,730.0,4,836.0
8.0,18.0,56.0,150.0,181.0,892.0,4,1035.0
8.0,18.0,56.0,150.0,181.0,362.0,4,1035.0
8.0,30.0,100.0,559.0,663.0,953.0,4,963.0
8.0,30.0,73.0,76.0,217.0,657.0,4,963.0
8.0,30.0,73.0,217.0,657.0,953.0,4,963.0
8.0,30.0,100.0,559.0,657.0,953.0,4,963.0
8.0,30.0,100.0,217.0,559.0,953.0,4,963.0
8.0,30.0,73.0,100.0,217.0,559.0,4,657.0
8.0,30.0,100.0,217.0,559.0,657.0,4,963.0
8.0,30.0,100.0,217.0,559.0,953.0,4,963.0
8.0,30.0,73.0,217.0,559.0,689.0,4,963.0
8.0,30.0,100.0,217.0,559.0,953.0,4,963.0
8.0,30.0,100.0,559.0,657.0,953.0,4,963.0
8.0,30.0,73.0,100.0,559.0,657.0,4,663.0
8.0,30.0,73.0,559.0,657.0,663.0,4,689.0
8.0,30.0,73.0,559.0,657.0,689.0,4,963.0
8.0,30.0,73.0,100.0,217.0,559.0,4,963.0
8.0,30.0,100.0,217.0,559.0,953.0,4,963.0
8.0,30.0,100.0,217.0,559.0,657.0,4,953.0
8.0,30.0,100.0,559.0,657.0,953.0,4,963.0
8.0,30.0,73.0,657.0,663.0,689.0,4,963.0
8.0,30.0,73.0,657.0,663.0,689.0,4,963.0
8.0,30.0,73.0,217.0,663.0,689.0,4,963.0
8.0,30.0,73.0,100.0,217.0,663.0,4,963.0
8.0,30.0,100.0,186.0,217.0,663.0,4,953.0
8.0,30.0,100.0,559.0,657.0,953.0,4,963.0
8.0,30.0,100.0,559.0,657.0,953.0,4,963.0
8.0,30.0,73.0,100.0,559.0,657.0,4,963.0
8.0,30.0,100.0,559.0,657.0,953.0,4,963.0
8.0,30.0,559.0,657.0,689.0,953.0,4,963.0
8.0,30.0,73.0,186.0,559.0,657.0,4,689.0
8.0,30.0,73.0,186.0,217.0,657.0,4,689.0
8.0,30.0,73.0,100.0,559.0,663.0,4,963.0
8.0,30.0,73.0,100.0,559.0,663.0,4,963.0
8.0,30.0,100.0,559.0,657.0,953.0,4,963.0
8.0,1.0,106.0,333.0,463.0,808.0,4,989.0
8.0,1.0,106.0,333.0,565.0,670.0,4,808.0
8.0,1.0,78.0,333.0,442.0,565.0,4,670.0
8.0,1.0,78.0,333.0,442.0,565.0,4,670.0
8.0,1.0,106.0,333.0,463.0,808.0,4,989.0
8.0,1.0,106.0,463.0,565.0,670.0,4,808.0
8.0,1.0,295.0,435.0,670.0,795.0,4,989.0
8.0,26.0,107.0,554.0,635.0,703.0,4,837.0
8.0,26.0,25.0,291.0,402.0,468.0,4,703.0
8.0,26.0,25.0,291.0,384.0,402.0,4,468.0
8.0,26.0,25.0,381.0,384.0,554.0,4,635.0
8.0,26.0,25.0,107.0,384.0,554.0,4,635.0
8.0,26.0,25.0,107.0,554.0,703.0,4,837.0
8.0,26.0,25.0,402.0,468.0,703.0,4,837.0
8.0,26.0,25.0,381.0,384.0,402.0,4,703.0
8.0,26.0,25.0,107.0,384.0,402.0,4,554.0
8.0,26.0,25.0,381.0,384.0,554.0,4,703.0
8.0,26.0,381.0,384.0,402.0,554.0,4,703.0
8.0,2.0,98.0,120.0,255.0,493.0,4,728.0
8.0,2.0,17.0,120.0,444.0,493.0,4,728.0
8.0,2.0,120.0,255.0,444.0,493.0,4,728.0
8.0,2.0,120.0,255.0,444.0,493.0,4,728.0
8.0,2.0,98.0,120.0,255.0,493.0,4,728.0
8.0,2.0,98.0,120.0,255.0,493.0,4,728.0
8.0,2.0,98.0,255.0,481.0,493.0,4,728.0
8.0,2.0,17.0,98.0,120.0,444.0,4,687.0
8.0,2.0,120.0,255.0,444.0,493.0,4,728.0
8.0,15.0,86.0,188.0,593.0,941.0,4,1036.0
8.0,15.0,86.0,659.0,714.0,941.0,4,1005.0
8.0,15.0,188.0,659.0,714.0,941.0,4,1036.0
8.0,15.0,188.0,659.0,714.0,960.0,4,1036.0
8.0,15.0,188.0,659.0,714.0,941.0,4,1036.0
8.0,15.0,188.0,659.0,714.0,941.0,4,1036.0
8.0,15.0,188.0,659.0,714.0,941.0,4,960.0
8.0,30.0,186.0,217.0,559.0,689.0,4,953.0
8.0,30.0,73.0,186.0,559.0,663.0,4,689.0
8.0,30.0,73.0,100.0,186.0,559.0,4,663.0
8.0,30.0,73.0,100.0,217.0,600.0,4,663.0
8.0,30.0,100.0,186.0,217.0,663.0,4,953.0
8.0,30.0,73.0,186.0,559.0,663.0,4,689.0
8.0,30.0,73.0,217.0,559.0,663.0,4,689.0
8.0,30.0,100.0,217.0,559.0,663.0,4,953.0
8.0,30.0,100.0,186.0,559.0,663.0,4,953.0
8.0,30.0,186.0,217.0,559.0,689.0,4,953.0
8.0,30.0,73.0,100.0,217.0,559.0,4,663.0
8.0,30.0,73.0,100.0,186.0,600.0,4,663.0
8.0,30.0,76.0,100.0,186.0,461.0,4,600.0
8.0,33.0,219.0,361.0,844.0,861.0,4,975.0
8.0,33.0,21.0,219.0,318.0,492.0,4,861.0
8.0,33.0,21.0,219.0,318.0,492.0,4,861.0
8.0,33.0,258.0,318.0,361.0,844.0,4,976.0
8.0,33.0,21.0,258.0,318.0,361.0,4,976.0
8.0,33.0,21.0,219.0,492.0,861.0,4,975.0
8.0,33.0,21.0,219.0,318.0,492.0,4,861.0
8.0,33.0,258.0,318.0,361.0,492.0,4,976.0
8.0,30.0,73.0,186.0,600.0,663.0,4,689.0
8.0,30.0,73.0,100.0,186.0,217.0,4,663.0
8.0,30.0,76.0,100.0,217.0,461.0,4,663.0
8.0,30.0,76.0,100.0,186.0,461.0,4,663.0
8.0,30.0,73.0,76.0,186.0,663.0,4,689.0
8.0,30.0,73.0,76.0,100.0,217.0,4,663.0
8.0,30.0,100.0,186.0,217.0,461.0,4,663.0
8.0,30.0,186.0,217.0,600.0,689.0,4,952.0
8.0,30.0,186.0,217.0,461.0,600.0,4,689.0
8.0,30.0,100.0,217.0,461.0,600.0,4,663.0
8.0,30.0,100.0,217.0,600.0,663.0,4,952.0
8.0,30.0,76.0,100.0,186.0,663.0,4,952.0
8.0,30.0,100.0,186.0,461.0,600.0,4,663.0
8.0,30.0,186.0,600.0,663.0,689.0,4,952.0
8.0,30.0,217.0,600.0,689.0,953.0,4,963.0
8.0,30.0,600.0,657.0,689.0,953.0,4,963.0
8.0,30.0,600.0,663.0,689.0,953.0,4,963.0
8.0,30.0,217.0,600.0,952.0,953.0,4,963.0
8.0,30.0,100.0,186.0,217.0,663.0,4,953.0
8.0,30.0,657.0,663.0,689.0,952.0,4,963.0
8.0,30.0,100.0,186.0,217.0,657.0,4,953.0
8.0,30.0,186.0,217.0,657.0,689.0,4,953.0
8.0,8.0,74.0,397.0,957.0,984.0,4,1027.0
8.0,8.0,74.0,347.0,397.0,957.0,4,984.0
8.0,8.0,30.0,229.0,347.0,552.0,4,740.0
8.0,8.0,74.0,229.0,397.0,984.0,4,1027.0
8.0,8.0,74.0,397.0,740.0,957.0,4,1027.0
8.0,8.0,74.0,552.0,957.0,984.0,4,1027.0
8.0,8.0,74.0,229.0,957.0,984.0,4,1027.0
8.0,8.0,30.0,74.0,347.0,984.0,4,1027.0
8.0,8.0,30.0,74.0,740.0,984.0,4,1027.0
8.0,8.0,30.0,74.0,552.0,740.0,4,984.0
8.0,8.0,30.0,74.0,552.0,984.0,4,1027.0
8.0,28.0,28.0,161.0,608.0,922.0,4,1017.0
8.0,28.0,28.0,161.0,496.0,922.0,4,1017.0
8.0,28.0,203.0,608.0,754.0,842.0,4,1016.0
8.0,28.0,161.0,203.0,608.0,754.0,4,1016.0
8.0,28.0,28.0,161.0,203.0,608.0,4,922.0
8.0,28.0,28.0,161.0,608.0,922.0,4,1016.0
8.0,28.0,28.0,161.0,496.0,922.0,4,1016.0
8.0,28.0,161.0,496.0,754.0,922.0,4,1016.0
8.0,28.0,203.0,608.0,754.0,951.0,4,1016.0
8.0,28.0,203.0,608.0,754.0,951.0,4,1016.0
8.0,30.0,100.0,186.0,217.0,657.0,4,952.0
8.0,30.0,100.0,186.0,600.0,663.0,4,953.0
8.0,30.0,100.0,186.0,600.0,663.0,4,953.0
8.0,30.0,217.0,657.0,663.0,952.0,4,953.0
8.0,30.0,217.0,657.0,663.0,952.0,4,953.0
8.0,30.0,186.0,217.0,663.0,689.0,4,953.0
8.0,30.0,100.0,186.0,217.0,663.0,4,952.0
8.0,30.0,100.0,186.0,217.0,657.0,4,952.0
8.0,30.0,100.0,186.0,217.0,657.0,4,952.0
8.0,30.0,100.0,186.0,217.0,663.0,4,952.0
8.0,30.0,100.0,217.0,657.0,663.0,4,953.0
8.0,30.0,100.0,186.0,217.0,600.0,4,953.0
8.0,30.0,76.0,657.0,663.0,689.0,4,952.0
8.0,30.0,100.0,186.0,217.0,600.0,4,953.0
8.0,30.0,100.0,186.0,217.0,600.0,4,953.0
8.0,30.0,100.0,186.0,217.0,600.0,4,953.0
8.0,30.0,100.0,186.0,217.0,657.0,4,953.0
8.0,30.0,100.0,186.0,217.0,657.0,4,953.0
8.0,30.0,100.0,186.0,217.0,663.0,4,953.0
8.0,30.0,100.0,186.0,217.0,600.0,4,953.0
8.0,30.0,100.0,186.0,217.0,952.0,4,953.0
8.0,22.0,58.0,77.0,218.0,536.0,4,864.0
8.0,22.0,26.0,77.0,218.0,505.0,4,864.0
8.0,22.0,26.0,77.0,218.0,505.0,4,864.0
8.0,22.0,58.0,536.0,768.0,864.0,4,990.0
8.0,22.0,58.0,536.0,639.0,768.0,4,990.0
8.0,22.0,58.0,77.0,505.0,536.0,4,864.0
8.0,22.0,26.0,77.0,218.0,505.0,4,864.0
8.0,22.0,26.0,77.0,218.0,505.0,4,864.0
8.0,22.0,58.0,77.0,218.0,505.0,4,864.0
8.0,22.0,58.0,77.0,505.0,864.0,4,990.0
8.0,15.0,188.0,509.0,659.0,714.0,4,960.0
8.0,15.0,188.0,443.0,659.0,714.0,4,960.0
8.0,15.0,188.0,659.0,714.0,941.0,4,960.0
8.0,15.0,188.0,659.0,714.0,941.0,4,1005.0
8.0,15.0,86.0,593.0,802.0,941.0,4,1005.0
8.0,15.0,659.0,714.0,802.0,941.0,4,960.0
8.0,15.0,659.0,714.0,802.0,941.0,4,960.0
8.0,15.0,659.0,714.0,802.0,941.0,4,960.0
8.0,15.0,659.0,714.0,802.0,941.0,4,960.0
8.0,30.0,100.0,657.0,663.0,785.0,4,952.0
8.0,30.0,100.0,657.0,663.0,785.0,4,952.0
8.0,30.0,186.0,217.0,600.0,689.0,4,953.0
8.0,30.0,100.0,657.0,663.0,785.0,4,952.0
8.0,30.0,100.0,657.0,663.0,785.0,4,952.0
8.0,30.0,186.0,217.0,600.0,689.0,4,953.0
8.0,30.0,100.0,657.0,663.0,785.0,4,952.0
8.0,30.0,186.0,217.0,600.0,689.0,4,953.0
8.0,30.0,217.0,657.0,785.0,952.0,4,953.0
8.0,30.0,100.0,600.0,657.0,785.0,4,952.0
8.0,30.0,73.0,100.0,600.0,657.0,4,785.0
8.0,30.0,186.0,217.0,663.0,952.0,4,953.0
8.0,30.0,186.0,217.0,657.0,952.0,4,953.0
8.0,30.0,100.0,217.0,663.0,785.0,4,953.0
8.0,30.0,100.0,217.0,663.0,785.0,4,953.0
8.0,30.0,100.0,186.0,657.0,663.0,4,952.0
8.0,30.0,100.0,217.0,663.0,785.0,4,952.0
8.0,30.0,100.0,217.0,663.0,785.0,4,952.0
8.0,30.0,100.0,186.0,657.0,663.0,4,953.0
8.0,30.0,100.0,186.0,217.0,657.0,4,953.0
8.0,30.0,217.0,663.0,952.0,953.0,4,963.0
8.0,30.0,100.0,186.0,461.0,657.0,4,785.0
8.0,30.0,100.0,186.0,461.0,657.0,4,785.0
8.0,30.0,100.0,186.0,461.0,657.0,4,785.0
8.0,30.0,217.0,663.0,952.0,953.0,4,963.0
8.0,30.0,100.0,186.0,461.0,657.0,4,785.0
8.0,30.0,186.0,217.0,663.0,952.0,4,953.0
8.0,30.0,217.0,461.0,663.0,689.0,4,785.0
8.0,30.0,100.0,217.0,461.0,663.0,4,785.0
8.0,30.0,100.0,186.0,217.0,657.0,4,952.0
8.0,30.0,217.0,663.0,952.0,953.0,4,963.0
8.0,30.0,186.0,663.0,785.0,952.0,4,953.0
8.0,30.0,100.0,186.0,657.0,785.0,4,953.0
8.0,30.0,217.0,461.0,657.0,952.0,4,963.0
8.0,30.0,663.0,785.0,952.0,953.0,4,963.0
8.0,30.0,100.0,186.0,217.0,785.0,4,952.0
8.0,30.0,100.0,186.0,217.0,785.0,4,952.0
8.0,30.0,186.0,217.0,461.0,600.0,4,785.0
8.0,30.0,217.0,461.0,600.0,689.0,4,785.0
8.0,30.0,186.0,217.0,461.0,663.0,4,689.0
8.0,30.0,186.0,663.0,689.0,785.0,4,952.0
8.0,30.0,186.0,217.0,689.0,785.0,4,952.0
8.0,30.0,186.0,217.0,689.0,785.0,4,952.0
8.0,18.0,56.0,727.0,730.0,836.0,4,1035.0
8.0,18.0,727.0,730.0,836.0,948.0,4,1035.0
8.0,18.0,51.0,362.0,730.0,948.0,4,1035.0
8.0,18.0,51.0,362.0,730.0,948.0,4,981.0
8.0,18.0,51.0,362.0,730.0,836.0,4,948.0
8.0,18.0,56.0,362.0,836.0,981.0,4,1035.0
8.0,18.0,51.0,56.0,836.0,981.0,4,1035.0
8.0,34.0,104.0,506.0,662.0,747.0,4,790.0
8.0,34.0,506.0,662.0,747.0,790.0,4,817.0
8.0,34.0,41.0,104.0,583.0,595.0,4,685.0
8.0,34.0,104.0,506.0,662.0,747.0,4,790.0
8.0,34.0,104.0,506.0,662.0,747.0,4,790.0
8.0,34.0,506.0,595.0,662.0,790.0,4,817.0
8.0,34.0,41.0,104.0,583.0,595.0,4,817.0
8.0,34.0,104.0,506.0,583.0,747.0,4,817.0
8.0,34.0,104.0,506.0,583.0,747.0,4,790.0
8.0,34.0,104.0,506.0,583.0,747.0,4,790.0
8.0,5.0,117.0,179.0,452.0,611.0,4,776.0
8.0,5.0,89.0,179.0,352.0,568.0,4,706.0
8.0,5.0,89.0,179.0,352.0,568.0,4,706.0
8.0,5.0,452.0,568.0,611.0,686.0,4,776.0
8.0,5.0,117.0,452.0,611.0,686.0,4,776.0
8.0,5.0,117.0,179.0,452.0,611.0,4,776.0
8.0,5.0,89.0,179.0,352.0,568.0,4,776.0
8.0,30.0,217.0,559.0,952.0,953.0,4,963.0
8.0,30.0,217.0,657.0,952.0,953.0,4,963.0
8.0,30.0,100.0,217.0,657.0,785.0,4,953.0
8.0,30.0,73.0,100.0,559.0,657.0,4,785.0
8.0,30.0,217.0,559.0,952.0,953.0,4,963.0
8.0,30.0,217.0,559.0,952.0,953.0,4,963.0
8.0,30.0,100.0,217.0,559.0,953.0,4,963.0
8.0,30.0,100.0,217.0,657.0,785.0,4,953.0
8.0,30.0,73.0,100.0,559.0,657.0,4,785.0
8.0,30.0,100.0,217.0,559.0,953.0,4,963.0
8.0,30.0,100.0,217.0,559.0,953.0,4,963.0
8.0,30.0,217.0,559.0,952.0,953.0,4,963.0
8.0,30.0,100.0,559.0,657.0,785.0,4,953.0
8.0,30.0,73.0,100.0,559.0,657.0,4,785.0
8.0,30.0,73.0,100.0,559.0,657.0,4,785.0
8.0,30.0,559.0,785.0,952.0,953.0,4,963.0
8.0,30.0,559.0,785.0,952.0,953.0,4,963.0
8.0,30.0,73.0,657.0,785.0,953.0,4,963.0
8.0,30.0,73.0,100.0,186.0,657.0,4,785.0
8.0,30.0,100.0,217.0,657.0,785.0,4,952.0
8.0,30.0,100.0,217.0,657.0,785.0,4,952.0
8.0,30.0,100.0,217.0,559.0,785.0,4,952.0
8.0,30.0,100.0,186.0,217.0,559.0,4,952.0
8.0,8.0,74.0,552.0,571.0,984.0,4,1027.0
8.0,8.0,421.0,552.0,571.0,984.0,4,1027.0
8.0,8.0,74.0,552.0,571.0,984.0,4,1027.0
8.0,8.0,74.0,552.0,571.0,984.0,4,1027.0
8.0,8.0,74.0,421.0,571.0,984.0,4,1027.0
8.0,8.0,74.0,552.0,571.0,984.0,4,1027.0
8.0,8.0,74.0,397.0,571.0,984.0,4,1027.0
8.0,8.0,74.0,571.0,811.0,984.0,4,1027.0
8.0,8.0,74.0,421.0,571.0,984.0,4,1027.0
8.0,4.0,259.0,589.0,786.0,936.0,4,964.0
8.0,4.0,1.0,589.0,786.0,936.0,4,964.0
8.0,4.0,1.0,589.0,743.0,936.0,4,964.0
8.0,4.0,1.0,486.0,589.0,743.0,4,757.0
8.0,4.0,1.0,259.0,486.0,743.0,4,757.0
8.0,4.0,1.0,259.0,486.0,743.0,4,757.0
8.0,4.0,1.0,259.0,486.0,757.0,4,786.0
8.0,4.0,1.0,259.0,786.0,936.0,4,964.0
8.0,4.0,259.0,589.0,786.0,936.0,4,964.0
8.0,4.0,259.0,486.0,786.0,936.0,4,964.0
8.0,4.0,1.0,486.0,589.0,786.0,4,936.0
8.0,4.0,1.0,486.0,589.0,936.0,4,964.0
8.0,30.0,217.0,559.0,689.0,953.0,4,963.0
8.0,30.0,559.0,657.0,689.0,953.0,4,963.0
8.0,30.0,73.0,559.0,657.0,952.0,4,963.0
8.0,30.0,73.0,186.0,559.0,657.0,4,952.0
8.0,30.0,73.0,217.0,559.0,952.0,4,963.0
8.0,30.0,217.0,559.0,689.0,953.0,4,963.0
8.0,30.0,559.0,657.0,952.0,953.0,4,963.0
8.0,30.0,73.0,100.0,559.0,657.0,4,785.0
8.0,30.0,217.0,559.0,689.0,953.0,4,963.0
8.0,30.0,100.0,559.0,657.0,785.0,4,952.0
8.0,30.0,100.0,559.0,657.0,785.0,4,952.0
8.0,30.0,559.0,657.0,689.0,953.0,4,963.0
8.0,30.0,100.0,186.0,559.0,953.0,4,963.0
8.0,30.0,100.0,186.0,559.0,657.0,4,953.0
8.0,30.0,100.0,186.0,559.0,657.0,4,953.0
8.0,30.0,100.0,186.0,559.0,657.0,4,952.0
8.0,30.0,100.0,217.0,657.0,952.0,4,963.0
8.0,30.0,217.0,559.0,689.0,952.0,4,963.0
8.0,30.0,217.0,559.0,689.0,953.0,4,963.0
8.0,30.0,73.0,100.0,559.0,657.0,4,963.0
8.0,30.0,73.0,100.0,559.0,657.0,4,785.0
8.0,30.0,73.0,100.0,217.0,657.0,4,785.0
8.0,30.0,73.0,100.0,217.0,657.0,4,785.0
8.0,30.0,73.0,100.0,217.0,657.0,4,785.0
8.0,30.0,186.0,559.0,689.0,953.0,4,963.0
8.0,30.0,186.0,657.0,689.0,953.0,4,963.0
8.0,30.0,73.0,186.0,657.0,689.0,4,785.0
8.0,30.0,186.0,657.0,689.0,785.0,4,953.0
8.0,30.0,186.0,217.0,689.0,953.0,4,963.0
8.0,30.0,186.0,217.0,689.0,953.0,4,963.0
8.0,30.0,217.0,559.0,657.0,953.0,4,963.0
8.0,30.0,559.0,657.0,663.0,953.0,4,963.0
8.0,30.0,73.0,559.0,657.0,663.0,4,785.0
8.0,30.0,73.0,559.0,657.0,663.0,4,785.0
8.0,30.0,73.0,217.0,657.0,663.0,4,785.0
8.0,30.0,73.0,186.0,217.0,657.0,4,785.0
8.0,30.0,217.0,559.0,657.0,953.0,4,963.0
8.0,30.0,217.0,657.0,663.0,785.0,4,953.0
8.0,30.0,73.0,186.0,657.0,663.0,4,785.0
8.0,30.0,73.0,186.0,657.0,663.0,4,785.0
8.0,30.0,73.0,186.0,657.0,663.0,4,785.0
8.0,30.0,100.0,559.0,657.0,953.0,4,963.0
8.0,30.0,73.0,217.0,559.0,953.0,4,963.0
8.0,30.0,100.0,559.0,657.0,952.0,4,963.0
8.0,30.0,100.0,559.0,657.0,785.0,4,952.0
8.0,30.0,100.0,657.0,663.0,785.0,4,953.0
8.0,30.0,559.0,663.0,689.0,953.0,4,963.0
8.0,30.0,559.0,663.0,689.0,953.0,4,963.0
8.0,30.0,73.0,559.0,663.0,953.0,4,963.0
8.0,30.0,559.0,657.0,689.0,952.0,4,963.0
8.0,30.0,217.0,663.0,689.0,785.0,4,952.0
8.0,30.0,73.0,559.0,663.0,689.0,4,785.0
8.0,12.0,125.0,237.0,350.0,845.0,4,856.0
8.0,12.0,125.0,126.0,237.0,638.0,4,909.0
8.0,12.0,125.0,350.0,638.0,845.0,4,856.0
8.0,12.0,125.0,237.0,350.0,845.0,4,856.0
8.0,12.0,125.0,237.0,350.0,845.0,4,856.0
8.0,12.0,125.0,237.0,350.0,845.0,4,856.0
8.0,12.0,126.0,237.0,638.0,845.0,4,909.0
8.0,12.0,126.0,237.0,638.0,845.0,4,909.0
8.0,12.0,126.0,237.0,638.0,845.0,4,909.0
8.0,12.0,125.0,350.0,638.0,856.0,4,909.0
8.0,9.0,39.0,64.0,488.0,504.0,4,604.0
8.0,9.0,39.0,64.0,194.0,488.0,4,604.0
8.0,9.0,39.0,64.0,194.0,488.0,4,604.0
8.0,9.0,194.0,366.0,488.0,510.0,4,574.0
8.0,9.0,366.0,488.0,504.0,510.0,4,574.0
8.0,33.0,219.0,258.0,361.0,492.0,4,861.0
8.0,33.0,361.0,492.0,861.0,975.0,4,976.0
8.0,33.0,313.0,844.0,861.0,975.0,4,976.0
8.0,33.0,313.0,470.0,844.0,975.0,4,976.0
8.0,33.0,313.0,361.0,861.0,975.0,4,976.0
8.0,33.0,219.0,258.0,361.0,492.0,4,861.0
8.0,33.0,313.0,361.0,861.0,975.0,4,976.0
8.0,33.0,258.0,313.0,844.0,975.0,4,976.0
8.0,33.0,219.0,361.0,492.0,861.0,4,975.0
8.0,33.0,219.0,258.0,361.0,492.0,4,975.0
8.0,28.0,203.0,608.0,754.0,842.0,4,1016.0
8.0,28.0,74.0,161.0,608.0,754.0,4,922.0
8.0,28.0,74.0,161.0,701.0,922.0,4,1016.0
8.0,28.0,203.0,608.0,754.0,842.0,4,1016.0
8.0,28.0,203.0,608.0,754.0,842.0,4,1016.0
8.0,28.0,74.0,161.0,203.0,608.0,4,754.0
8.0,28.0,74.0,161.0,701.0,922.0,4,1016.0
8.0,28.0,74.0,203.0,608.0,754.0,4,922.0
8.0,28.0,74.0,203.0,608.0,754.0,4,1016.0
8.0,28.0,203.0,608.0,754.0,842.0,4,1016.0
8.0,29.0,83.0,132.0,456.0,821.0,4,860.0
8.0,29.0,41.0,260.0,769.0,824.0,4,867.0
8.0,29.0,41.0,260.0,456.0,769.0,4,824.0
8.0,29.0,41.0,456.0,769.0,824.0,4,860.0
8.0,29.0,83.0,132.0,456.0,821.0,4,860.0
8.0,29.0,83.0,456.0,769.0,821.0,4,824.0
8.0,29.0,83.0,456.0,769.0,821.0,4,860.0
8.0,29.0,41.0,83.0,456.0,821.0,4,860.0
8.0,27.0,105.0,319.0,351.0,680.0,4,777.0
8.0,27.0,23.0,109.0,319.0,668.0,4,680.0
8.0,27.0,23.0,105.0,319.0,351.0,4,777.0
8.0,27.0,23.0,69.0,668.0,823.0,4,935.0
8.0,30.0,217.0,559.0,952.0,953.0,4,963.0
8.0,30.0,100.0,559.0,657.0,785.0,4,952.0
8.0,30.0,73.0,100.0,559.0,657.0,4,785.0
8.0,30.0,73.0,217.0,559.0,663.0,4,963.0
8.0,30.0,217.0,559.0,663.0,952.0,4,963.0
8.0,30.0,217.0,559.0,663.0,953.0,4,963.0
8.0,30.0,559.0,657.0,663.0,953.0,4,963.0
8.0,30.0,559.0,657.0,663.0,953.0,4,963.0
8.0,30.0,217.0,559.0,952.0,953.0,4,963.0
8.0,30.0,217.0,559.0,952.0,953.0,4,963.0
8.0,30.0,217.0,559.0,657.0,952.0,4,963.0
8.0,30.0,73.0,100.0,657.0,663.0,4,785.0
8.0,30.0,73.0,100.0,657.0,663.0,4,785.0
8.0,30.0,100.0,186.0,461.0,663.0,4,785.0
8.0,30.0,217.0,559.0,952.0,953.0,4,963.0
8.0,30.0,73.0,100.0,657.0,663.0,4,785.0
8.0,30.0,217.0,663.0,689.0,785.0,4,952.0
8.0,30.0,100.0,217.0,559.0,953.0,4,963.0
8.0,30.0,100.0,559.0,657.0,953.0,4,963.0
8.0,30.0,100.0,559.0,663.0,953.0,4,963.0
8.0,30.0,217.0,559.0,952.0,953.0,4,963.0
8.0,30.0,100.0,217.0,559.0,953.0,4,963.0
8.0,30.0,100.0,217.0,559.0,952.0,4,963.0
8.0,30.0,217.0,559.0,952.0,953.0,4,963.0
8.0,30.0,73.0,657.0,663.0,689.0,4,785.0
8.0,30.0,73.0,657.0,663.0,689.0,4,785.0
8.0,30.0,73.0,657.0,663.0,689.0,4,785.0
8.0,30.0,217.0,559.0,663.0,953.0,4,963.0
8.0,30.0,217.0,559.0,663.0,953.0,4,963.0
8.0,30.0,217.0,559.0,663.0,953.0,4,963.0
8.0,30.0,73.0,559.0,657.0,953.0,4,963.0
8.0,30.0,73.0,559.0,657.0,785.0,4,953.0
8.0,30.0,73.0,100.0,559.0,657.0,4,785.0
8.0,30.0,559.0,657.0,663.0,785.0,4,952.0
8.0,30.0,559.0,657.0,663.0,952.0,4,963.0
8.0,30.0,217.0,559.0,657.0,952.0,4,963.0
8.0,30.0,217.0,559.0,952.0,953.0,4,963.0
8.0,30.0,100.0,657.0,663.0,952.0,4,963.0
8.0,30.0,100.0,559.0,663.0,785.0,4,952.0
8.0,30.0,559.0,663.0,689.0,785.0,4,952.0
8.0,30.0,559.0,663.0,689.0,785.0,4,952.0
8.0,30.0,100.0,217.0,559.0,953.0,4,963.0
8.0,30.0,100.0,559.0,657.0,953.0,4,963.0
8.0,30.0,100.0,217.0,663.0,785.0,4,953.0
8.0,30.0,217.0,559.0,952.0,953.0,4,963.0
8.0,30.0,657.0,663.0,952.0,953.0,4,963.0
8.0,30.0,100.0,657.0,663.0,953.0,4,963.0
8.0,30.0,73.0,100.0,217.0,559.0,4,785.0
8.0,30.0,217.0,559.0,952.0,953.0,4,963.0
8.0,30.0,100.0,559.0,657.0,953.0,4,963.0
8.0,30.0,559.0,657.0,952.0,953.0,4,963.0
8.0,30.0,217.0,559.0,952.0,953.0,4,963.0
8.0,30.0,73.0,217.0,559.0,952.0,4,963.0
8.0,30.0,73.0,100.0,186.0,559.0,4,657.0
8.0,30.0,100.0,186.0,461.0,663.0,4,785.0
8.0,30.0,186.0,461.0,663.0,689.0,4,785.0
8.0,30.0,100.0,461.0,663.0,689.0,4,785.0
8.0,23.0,25.0,180.0,454.0,896.0,4,972.0
8.0,23.0,25.0,44.0,454.0,612.0,4,614.0
8.0,23.0,25.0,44.0,612.0,614.0,4,633.0
8.0,23.0,25.0,44.0,612.0,614.0,4,633.0
8.0,23.0,25.0,44.0,612.0,614.0,4,633.0
8.0,23.0,25.0,44.0,614.0,633.0,4,972.0
8.0,23.0,25.0,454.0,614.0,633.0,4,972.0
8.0,23.0,180.0,454.0,614.0,896.0,4,972.0
8.0,23.0,25.0,180.0,454.0,896.0,4,972.0
8.0,23.0,25.0,180.0,454.0,896.0,4,972.0
8.0,23.0,180.0,454.0,614.0,896.0,4,972.0
8.0,17.0,328.0,354.0,587.0,703.0,4,1037.0
8.0,17.0,328.0,354.0,484.0,502.0,4,703.0
8.0,17.0,160.0,328.0,484.0,502.0,4,985.0
8.0,17.0,160.0,328.0,484.0,985.0,4,1037.0
8.0,17.0,328.0,354.0,502.0,587.0,4,703.0
8.0,17.0,328.0,354.0,587.0,703.0,4,726.0
8.0,17.0,328.0,354.0,484.0,703.0,4,726.0
8.0,17.0,354.0,484.0,587.0,703.0,4,726.0
8.0,17.0,328.0,484.0,502.0,587.0,4,985.0
8.0,17.0,354.0,502.0,587.0,703.0,4,985.0
8.0,17.0,354.0,507.0,703.0,726.0,4,985.0
8.0,30.0,217.0,559.0,952.0,953.0,4,963.0
8.0,30.0,73.0,100.0,559.0,663.0,4,963.0
8.0,30.0,73.0,100.0,217.0,663.0,4,785.0
8.0,30.0,100.0,217.0,663.0,785.0,4,952.0
8.0,30.0,217.0,559.0,663.0,785.0,4,952.0
8.0,30.0,217.0,559.0,952.0,953.0,4,963.0
8.0,30.0,217.0,559.0,952.0,953.0,4,963.0
8.0,30.0,100.0,217.0,559.0,953.0,4,963.0
8.0,30.0,100.0,217.0,559.0,785.0,4,952.0
8.0,30.0,100.0,559.0,663.0,785.0,4,952.0
8.0,30.0,100.0,663.0,785.0,826.0,4,952.0
8.0,30.0,73.0,663.0,785.0,826.0,4,952.0
8.0,30.0,100.0,217.0,559.0,952.0,4,963.0
8.0,30.0,100.0,217.0,559.0,952.0,4,963.0
8.0,0.0,244.0,465.0,573.0,789.0,4,792.0
8.0,0.0,244.0,252.0,573.0,789.0,4,792.0
8.0,0.0,13.0,252.0,573.0,601.0,4,792.0
8.0,0.0,13.0,252.0,601.0,792.0,4,906.0
8.0,0.0,13.0,252.0,315.0,601.0,4,906.0
8.0,0.0,244.0,252.0,573.0,789.0,4,792.0
8.0,0.0,252.0,315.0,573.0,601.0,4,789.0
8.0,0.0,244.0,252.0,315.0,465.0,4,789.0
8.0,0.0,76.0,315.0,503.0,720.0,4,906.0
8.0,30.0,217.0,559.0,952.0,953.0,4,963.0
8.0,30.0,73.0,100.0,559.0,657.0,4,963.0
8.0,30.0,73.0,100.0,217.0,663.0,4,785.0
8.0,30.0,559.0,657.0,952.0,953.0,4,963.0
8.0,30.0,100.0,657.0,663.0,785.0,4,953.0
8.0,30.0,73.0,100.0,657.0,663.0,4,785.0
8.0,30.0,73.0,559.0,657.0,663.0,4,785.0
8.0,30.0,73.0,100.0,217.0,559.0,4,963.0
8.0,30.0,100.0,217.0,559.0,952.0,4,963.0
8.0,30.0,559.0,657.0,952.0,953.0,4,963.0
8.0,16.0,153.0,296.0,382.0,424.0,4,674.0
8.0,16.0,153.0,296.0,382.0,424.0,4,674.0
8.0,16.0,359.0,379.0,382.0,424.0,4,674.0
8.0,16.0,296.0,379.0,674.0,702.0,4,988.0
8.0,16.0,153.0,296.0,359.0,382.0,4,674.0
8.0,16.0,153.0,296.0,359.0,382.0,4,424.0
8.0,16.0,296.0,379.0,382.0,424.0,4,674.0
8.0,16.0,359.0,379.0,674.0,702.0,4,988.0
8.0,16.0,153.0,296.0,359.0,382.0,4,988.0
8.0,16.0,153.0,296.0,359.0,424.0,4,988.0
8.0,25.0,269.0,311.0,759.0,958.0,4,1003.0
8.0,25.0,2.0,50.0,603.0,642.0,4,1024.0
8.0,25.0,2.0,50.0,642.0,759.0,4,1024.0
8.0,25.0,269.0,311.0,759.0,958.0,4,1003.0
8.0,25.0,269.0,311.0,759.0,958.0,4,1003.0
8.0,25.0,50.0,311.0,759.0,958.0,4,1003.0
8.0,25.0,50.0,311.0,759.0,958.0,4,1003.0
8.0,25.0,50.0,269.0,642.0,958.0,4,1024.0
8.0,25.0,50.0,269.0,642.0,1003.0,4,1024.0
8.0,25.0,2.0,50.0,642.0,1003.0,4,1024.0
8.0,25.0,2.0,311.0,642.0,958.0,4,1003.0
8.0,25.0,311.0,642.0,759.0,958.0,4,1003.0
8.0,25.0,2.0,311.0,759.0,958.0,4,1003.0
8.0,30.0,217.0,559.0,952.0,953.0,4,963.0
8.0,30.0,100.0,559.0,657.0,953.0,4,963.0
8.0,30.0,73.0,100.0,186.0,559.0,4,657.0
8.0,30.0,73.0,100.0,186.0,657.0,4,663.0
8.0,30.0,217.0,559.0,689.0,953.0,4,963.0
8.0,30.0,217.0,559.0,689.0,953.0,4,963.0
8.0,30.0,73.0,559.0,663.0,689.0,4,963.0
8.0,30.0,73.0,100.0,657.0,663.0,4,785.0
8.0,30.0,100.0,217.0,559.0,953.0,4,963.0
8.0,30.0,73.0,186.0,217.0,559.0,4,663.0
8.0,30.0,100.0,217.0,663.0,953.0,4,963.0
8.0,30.0,73.0,186.0,559.0,657.0,4,663.0
8.0,30.0,73.0,186.0,217.0,657.0,4,663.0
8.0,30.0,217.0,559.0,663.0,953.0,4,963.0
8.0,30.0,100.0,217.0,559.0,953.0,4,963.0
8.0,30.0,217.0,559.0,600.0,953.0,4,963.0
8.0,22.0,58.0,320.0,768.0,802.0,4,990.0
8.0,22.0,58.0,320.0,768.0,802.0,4,990.0
8.0,22.0,58.0,218.0,536.0,768.0,4,990.0
8.0,22.0,58.0,218.0,536.0,864.0,4,990.0
8.0,22.0,58.0,218.0,536.0,864.0,4,990.0
8.0,22.0,58.0,218.0,536.0,763.0,4,864.0
8.0,22.0,26.0,218.0,536.0,763.0,4,864.0
8.0,22.0,58.0,536.0,768.0,802.0,4,990.0
8.0,22.0,58.0,320.0,536.0,768.0,4,990.0
8.0,22.0,58.0,320.0,536.0,864.0,4,990.0
8.0,6.0,35.0,275.0,579.0,606.0,4,623.0
8.0,6.0,35.0,275.0,579.0,606.0,4,623.0
8.0,6.0,275.0,579.0,693.0,902.0,4,980.0
8.0,6.0,35.0,606.0,693.0,902.0,4,980.0
8.0,6.0,579.0,606.0,623.0,693.0,4,980.0
8.0,6.0,275.0,579.0,623.0,693.0,4,980.0
8.0,6.0,275.0,606.0,719.0,902.0,4,980.0
8.0,6.0,35.0,275.0,579.0,606.0,4,623.0
8.0,6.0,275.0,579.0,606.0,623.0,4,693.0
8.0,6.0,275.0,579.0,606.0,623.0,4,693.0
8.0,4.0,259.0,487.0,589.0,715.0,4,786.0
8.0,4.0,259.0,487.0,589.0,715.0,4,786.0
8.0,4.0,1.0,288.0,757.0,936.0,4,964.0
8.0,4.0,259.0,487.0,589.0,715.0,4,936.0
8.0,4.0,259.0,487.0,589.0,715.0,4,786.0
8.0,4.0,259.0,487.0,589.0,715.0,4,786.0
8.0,4.0,259.0,487.0,715.0,786.0,4,964.0
8.0,4.0,1.0,288.0,786.0,936.0,4,964.0
8.0,4.0,1.0,288.0,487.0,786.0,4,964.0
8.0,4.0,487.0,589.0,715.0,936.0,4,964.0
8.0,4.0,487.0,589.0,715.0,936.0,4,964.0
8.0,28.0,203.0,608.0,754.0,842.0,4,1016.0
8.0,28.0,161.0,922.0,951.0,1016.0,4,1017.0
8.0,28.0,203.0,608.0,754.0,842.0,4,1016.0
8.0,28.0,203.0,608.0,754.0,842.0,4,1016.0
8.0,28.0,203.0,608.0,754.0,842.0,4,1016.0
8.0,28.0,161.0,922.0,951.0,1016.0,4,1017.0
8.0,28.0,203.0,608.0,754.0,842.0,4,1016.0
8.0,28.0,203.0,608.0,754.0,842.0,4,1016.0
8.0,28.0,203.0,608.0,754.0,842.0,4,1016.0
8.0,33.0,21.0,258.0,318.0,361.0,4,976.0
8.0,33.0,21.0,258.0,318.0,844.0,4,976.0
8.0,33.0,21.0,258.0,318.0,844.0,4,976.0
8.0,33.0,21.0,258.0,844.0,975.0,4,976.0
8.0,33.0,21.0,219.0,258.0,844.0,4,975.0
8.0,33.0,219.0,361.0,492.0,861.0,4,975.0
8.0,33.0,21.0,219.0,258.0,318.0,4,361.0
8.0,33.0,21.0,219.0,258.0,318.0,4,844.0
8.0,33.0,21.0,219.0,258.0,318.0,4,361.0
8.0,33.0,219.0,258.0,318.0,361.0,4,844.0
8.0,33.0,219.0,361.0,844.0,861.0,4,975.0
8.0,33.0,21.0,219.0,258.0,318.0,4,361.0
8.0,33.0,21.0,219.0,258.0,361.0,4,975.0
8.0,8.0,74.0,229.0,404.0,811.0,4,1027.0
8.0,8.0,74.0,229.0,404.0,811.0,4,1027.0
8.0,8.0,30.0,215.0,229.0,404.0,4,811.0
8.0,8.0,30.0,215.0,740.0,957.0,4,1027.0
8.0,8.0,74.0,215.0,740.0,957.0,4,1027.0
8.0,8.0,74.0,215.0,740.0,957.0,4,1027.0
8.0,8.0,74.0,571.0,740.0,811.0,4,957.0
8.0,8.0,30.0,215.0,326.0,552.0,4,811.0
8.0,8.0,30.0,215.0,326.0,552.0,4,811.0
8.0,8.0,30.0,326.0,552.0,811.0,4,1027.0
8.0,6.0,35.0,579.0,606.0,623.0,4,719.0
8.0,6.0,579.0,606.0,623.0,719.0,4,980.0
8.0,6.0,35.0,491.0,579.0,606.0,4,623.0
8.0,6.0,35.0,491.0,579.0,623.0,4,1020.0
8.0,6.0,35.0,491.0,579.0,606.0,4,623.0
8.0,6.0,35.0,491.0,579.0,606.0,4,623.0
8.0,6.0,491.0,606.0,623.0,902.0,4,980.0
8.0,6.0,491.0,606.0,623.0,902.0,4,980.0
8.0,6.0,491.0,606.0,623.0,902.0,4,980.0
8.0,6.0,579.0,606.0,719.0,902.0,4,980.0
8.0,1.0,78.0,442.0,463.0,565.0,4,808.0
8.0,1.0,106.0,333.0,463.0,565.0,4,670.0
8.0,1.0,78.0,442.0,670.0,808.0,4,989.0
8.0,1.0,78.0,106.0,333.0,463.0,4,565.0
8.0,1.0,78.0,442.0,463.0,565.0,4,808.0
8.0,1.0,78.0,106.0,333.0,463.0,4,565.0
8.0,1.0,106.0,333.0,463.0,565.0,4,670.0
8.0,1.0,333.0,442.0,670.0,808.0,4,989.0
8.0,1.0,333.0,442.0,670.0,808.0,4,989.0
8.0,1.0,78.0,333.0,442.0,670.0,4,989.0
8.0,1.0,78.0,463.0,565.0,670.0,4,989.0
8.0,6.0,35.0,579.0,606.0,623.0,4,902.0
8.0,6.0,35.0,275.0,491.0,579.0,4,623.0
8.0,6.0,35.0,275.0,491.0,579.0,4,623.0
8.0,6.0,275.0,491.0,579.0,606.0,4,980.0
8.0,6.0,35.0,275.0,491.0,606.0,4,980.0
8.0,6.0,35.0,275.0,623.0,902.0,4,980.0
8.0,6.0,35.0,275.0,623.0,902.0,4,980.0
8.0,6.0,579.0,606.0,623.0,902.0,4,980.0
8.0,6.0,35.0,275.0,579.0,606.0,4,623.0
8.0,6.0,275.0,491.0,579.0,606.0,4,980.0
8.0,6.0,275.0,579.0,606.0,623.0,4,980.0
8.0,6.0,275.0,579.0,623.0,902.0,4,980.0
8.0,6.0,275.0,491.0,606.0,902.0,4,980.0
8.0,6.0,275.0,491.0,902.0,980.0,4,1020.0
8.0,6.0,112.0,275.0,491.0,633.0,4,1020.0
8.0,6.0,112.0,275.0,491.0,633.0,4,1020.0
8.0,6.0,35.0,275.0,491.0,579.0,4,623.0
8.0,6.0,275.0,491.0,579.0,606.0,4,980.0
8.0,6.0,275.0,491.0,606.0,902.0,4,980.0
8.0,6.0,35.0,275.0,579.0,606.0,4,623.0
8.0,6.0,35.0,579.0,606.0,623.0,4,902.0
8.0,6.0,491.0,579.0,606.0,623.0,4,980.0
8.0,6.0,275.0,491.0,579.0,623.0,4,980.0
8.0,6.0,275.0,491.0,606.0,902.0,4,980.0
8.0,6.0,275.0,491.0,579.0,606.0,4,623.0
8.0,34.0,104.0,506.0,662.0,747.0,4,790.0
8.0,34.0,104.0,506.0,595.0,662.0,4,774.0
8.0,34.0,41.0,104.0,583.0,595.0,4,774.0
8.0,34.0,41.0,104.0,583.0,595.0,4,774.0
8.0,34.0,506.0,583.0,747.0,774.0,4,790.0
8.0,34.0,104.0,506.0,583.0,747.0,4,790.0
8.0,34.0,104.0,506.0,662.0,747.0,4,790.0
8.0,34.0,104.0,506.0,595.0,662.0,4,774.0
8.0,34.0,41.0,104.0,583.0,595.0,4,774.0
8.0,34.0,104.0,506.0,662.0,747.0,4,790.0
8.0,34.0,104.0,506.0,583.0,747.0,4,790.0
8.0,6.0,35.0,579.0,606.0,623.0,4,902.0
8.0,6.0,35.0,275.0,579.0,606.0,4,623.0
8.0,6.0,275.0,579.0,623.0,980.0,4,1020.0
8.0,6.0,275.0,579.0,623.0,980.0,4,1020.0
8.0,6.0,275.0,606.0,633.0,902.0,4,980.0
8.0,6.0,275.0,606.0,633.0,902.0,4,980.0
8.0,6.0,579.0,606.0,623.0,902.0,4,980.0
8.0,6.0,579.0,623.0,902.0,980.0,4,1020.0
8.0,6.0,35.0,275.0,579.0,606.0,4,623.0
8.0,6.0,35.0,579.0,606.0,623.0,4,902.0
8.0,6.0,491.0,579.0,623.0,980.0,4,1020.0
8.0,6.0,491.0,579.0,606.0,980.0,4,1020.0
8.0,6.0,275.0,491.0,633.0,980.0,4,1020.0
8.0,6.0,35.0,579.0,606.0,623.0,4,902.0
8.0,6.0,35.0,275.0,579.0,606.0,4,623.0
8.0,6.0,35.0,275.0,606.0,623.0,4,980.0
8.0,6.0,35.0,579.0,606.0,623.0,4,902.0
8.0,6.0,35.0,579.0,606.0,623.0,4,902.0
8.0,6.0,35.0,275.0,606.0,623.0,4,980.0
8.0,6.0,275.0,579.0,606.0,902.0,4,980.0
8.0,6.0,35.0,275.0,606.0,902.0,4,980.0
8.0,6.0,35.0,275.0,606.0,902.0,4,980.0
8.0,6.0,579.0,606.0,623.0,902.0,4,980.0
8.0,6.0,275.0,623.0,633.0,980.0,4,1020.0
8.0,6.0,275.0,579.0,606.0,902.0,4,980.0
8.0,6.0,579.0,606.0,623.0,902.0,4,980.0
8.0,6.0,579.0,606.0,623.0,902.0,4,980.0
8.0,6.0,579.0,606.0,623.0,902.0,4,980.0
8.0,6.0,275.0,491.0,606.0,633.0,4,980.0
8.0,6.0,275.0,579.0,606.0,902.0,4,980.0
8.0,6.0,275.0,491.0,633.0,980.0,4,1020.0
8.0,6.0,579.0,606.0,623.0,902.0,4,980.0
8.0,6.0,35.0,579.0,606.0,623.0,4,719.0
8.0,6.0,35.0,579.0,606.0,623.0,4,719.0
8.0,6.0,579.0,623.0,719.0,902.0,4,980.0
8.0,6.0,579.0,606.0,623.0,719.0,4,980.0
8.0,23.0,33.0,136.0,388.0,524.0,4,799.0
8.0,23.0,136.0,400.0,524.0,799.0,4,874.0
8.0,23.0,400.0,524.0,799.0,874.0,4,955.0
8.0,23.0,33.0,400.0,454.0,778.0,4,955.0
8.0,23.0,33.0,400.0,454.0,778.0,4,955.0
8.0,23.0,33.0,136.0,454.0,524.0,4,955.0
8.0,23.0,33.0,388.0,400.0,454.0,4,896.0
8.0,23.0,33.0,136.0,388.0,524.0,4,799.0
8.0,23.0,136.0,388.0,799.0,874.0,4,896.0
8.0,23.0,33.0,400.0,454.0,896.0,4,955.0
8.0,23.0,33.0,400.0,454.0,896.0,4,955.0
8.0,23.0,33.0,400.0,454.0,896.0,4,955.0
8.0,2.0,17.0,98.0,255.0,577.0,4,728.0
8.0,2.0,17.0,98.0,255.0,481.0,4,728.0
8.0,2.0,98.0,255.0,444.0,577.0,4,728.0
8.0,2.0,17.0,255.0,444.0,577.0,4,728.0
8.0,2.0,185.0,444.0,481.0,679.0,4,889.0
8.0,2.0,185.0,481.0,523.0,679.0,4,889.0
8.0,22.0,58.0,536.0,639.0,768.0,4,990.0
8.0,22.0,77.0,218.0,768.0,864.0,4,990.0
8.0,22.0,77.0,218.0,768.0,864.0,4,990.0
8.0,22.0,26.0,485.0,639.0,864.0,4,990.0
8.0,22.0,466.0,485.0,639.0,864.0,4,990.0
8.0,22.0,466.0,485.0,536.0,864.0,4,990.0
8.0,22.0,466.0,485.0,536.0,864.0,4,990.0
8.0,22.0,77.0,536.0,639.0,768.0,4,864.0
8.0,22.0,77.0,536.0,768.0,864.0,4,990.0
8.0,22.0,536.0,639.0,768.0,864.0,4,990.0
8.0,22.0,466.0,536.0,639.0,864.0,4,990.0
8.0,22.0,77.0,218.0,466.0,864.0,4,990.0
8.0,6.0,35.0,579.0,606.0,623.0,4,902.0
8.0,6.0,35.0,275.0,579.0,606.0,4,623.0
8.0,6.0,579.0,606.0,623.0,902.0,4,980.0
8.0,6.0,275.0,579.0,606.0,623.0,4,980.0
8.0,6.0,35.0,275.0,623.0,693.0,4,980.0
8.0,6.0,579.0,606.0,623.0,902.0,4,980.0
8.0,6.0,35.0,579.0,606.0,623.0,4,902.0
8.0,6.0,35.0,579.0,606.0,623.0,4,902.0
8.0,6.0,275.0,623.0,693.0,902.0,4,980.0
8.0,6.0,0.0,275.0,427.0,491.0,4,980.0
8.0,6.0,35.0,579.0,606.0,623.0,4,719.0
8.0,6.0,579.0,606.0,623.0,719.0,4,902.0
8.0,6.0,579.0,606.0,623.0,719.0,4,902.0
8.0,6.0,275.0,693.0,719.0,902.0,4,980.0
8.0,6.0,275.0,579.0,606.0,623.0,4,980.0
8.0,6.0,35.0,579.0,606.0,623.0,4,719.0
8.0,6.0,35.0,579.0,606.0,623.0,4,719.0
8.0,6.0,579.0,623.0,693.0,902.0,4,980.0
8.0,6.0,579.0,623.0,693.0,902.0,4,980.0
8.0,6.0,427.0,606.0,693.0,902.0,4,980.0
8.0,6.0,35.0,579.0,606.0,623.0,4,719.0
8.0,6.0,35.0,275.0,606.0,693.0,4,902.0
8.0,6.0,35.0,275.0,606.0,693.0,4,902.0
8.0,6.0,35.0,579.0,606.0,623.0,4,902.0
8.0,6.0,275.0,579.0,623.0,693.0,4,980.0
8.0,6.0,275.0,579.0,623.0,693.0,4,902.0
8.0,6.0,275.0,606.0,623.0,902.0,4,980.0
8.0,6.0,275.0,579.0,606.0,902.0,4,980.0
8.0,6.0,275.0,579.0,606.0,623.0,4,980.0
8.0,6.0,35.0,275.0,579.0,606.0,4,623.0
8.0,6.0,35.0,275.0,579.0,606.0,4,623.0
8.0,6.0,275.0,623.0,693.0,902.0,4,980.0
8.0,6.0,275.0,579.0,606.0,902.0,4,980.0
8.0,6.0,35.0,579.0,606.0,623.0,4,902.0
8.0,6.0,275.0,606.0,623.0,902.0,4,980.0
8.0,6.0,579.0,606.0,623.0,902.0,4,980.0
8.0,6.0,579.0,606.0,623.0,902.0,4,980.0
8.0,6.0,275.0,579.0,606.0,623.0,4,980.0
8.0,6.0,275.0,579.0,623.0,693.0,4,980.0
8.0,6.0,275.0,579.0,606.0,693.0,4,980.0
8.0,6.0,275.0,579.0,623.0,902.0,4,980.0
8.0,6.0,112.0,275.0,427.0,606.0,4,902.0
8.0,16.0,153.0,296.0,646.0,674.0,4,903.0
8.0,16.0,296.0,646.0,763.0,903.0,4,996.0
8.0,16.0,379.0,646.0,674.0,763.0,4,996.0
8.0,16.0,216.0,379.0,674.0,763.0,4,903.0
8.0,16.0,216.0,379.0,674.0,763.0,4,903.0
8.0,16.0,296.0,379.0,646.0,763.0,4,903.0
8.0,16.0,153.0,216.0,296.0,646.0,4,763.0
8.0,16.0,153.0,296.0,646.0,674.0,4,763.0
8.0,16.0,153.0,216.0,646.0,674.0,4,763.0
8.0,16.0,153.0,216.0,296.0,646.0,4,763.0
8.0,16.0,153.0,216.0,296.0,646.0,4,763.0
8.0,25.0,311.0,603.0,759.0,958.0,4,1003.0
8.0,25.0,146.0,332.0,759.0,958.0,4,1003.0
8.0,25.0,146.0,332.0,759.0,958.0,4,1003.0
8.0,25.0,81.0,146.0,269.0,311.0,4,332.0
8.0,25.0,81.0,146.0,269.0,332.0,4,1003.0
8.0,25.0,332.0,603.0,759.0,958.0,4,1003.0
8.0,25.0,269.0,332.0,759.0,958.0,4,1003.0
8.0,25.0,311.0,603.0,759.0,958.0,4,1003.0
8.0,25.0,269.0,311.0,759.0,958.0,4,1003.0
8.0,25.0,269.0,311.0,332.0,759.0,4,958.0
8.0,25.0,81.0,146.0,311.0,332.0,4,603.0
8.0,6.0,579.0,623.0,693.0,719.0,4,980.0
8.0,6.0,275.0,623.0,693.0,902.0,4,980.0
8.0,6.0,0.0,275.0,623.0,902.0,4,980.0
8.0,6.0,0.0,275.0,579.0,902.0,4,980.0
8.0,6.0,427.0,491.0,623.0,693.0,4,980.0
8.0,6.0,427.0,491.0,623.0,693.0,4,980.0
8.0,0.0,315.0,465.0,601.0,789.0,4,947.0
8.0,0.0,252.0,315.0,465.0,721.0,4,947.0
8.0,0.0,252.0,573.0,601.0,721.0,4,789.0
8.0,0.0,244.0,465.0,789.0,792.0,4,947.0
8.0,0.0,244.0,465.0,789.0,792.0,4,947.0
8.0,0.0,244.0,465.0,601.0,721.0,4,789.0
8.0,0.0,465.0,601.0,721.0,789.0,4,947.0
8.0,0.0,244.0,465.0,601.0,789.0,4,792.0
8.0,0.0,252.0,315.0,601.0,721.0,4,947.0
8.0,6.0,112.0,606.0,693.0,719.0,4,980.0
8.0,6.0,491.0,606.0,633.0,693.0,4,980.0
8.0,6.0,0.0,112.0,491.0,606.0,4,719.0
8.0,6.0,112.0,275.0,606.0,693.0,4,719.0
8.0,6.0,112.0,275.0,606.0,693.0,4,719.0
8.0,6.0,112.0,275.0,606.0,693.0,4,719.0
8.0,6.0,0.0,275.0,427.0,491.0,4,980.0
8.0,6.0,112.0,275.0,427.0,491.0,4,606.0
8.0,6.0,427.0,606.0,693.0,719.0,4,980.0
8.0,5.0,89.0,179.0,352.0,568.0,4,706.0
8.0,5.0,89.0,179.0,348.0,568.0,4,706.0
8.0,5.0,348.0,452.0,568.0,686.0,4,776.0
8.0,5.0,89.0,117.0,179.0,348.0,4,776.0
8.0,5.0,89.0,117.0,179.0,352.0,4,706.0
8.0,5.0,89.0,179.0,352.0,568.0,4,706.0
8.0,5.0,348.0,452.0,568.0,686.0,4,776.0
8.0,5.0,348.0,452.0,568.0,706.0,4,776.0
8.0,5.0,89.0,348.0,352.0,568.0,4,686.0
8.0,26.0,341.0,381.0,468.0,554.0,4,965.0
8.0,26.0,468.0,554.0,652.0,748.0,4,965.0
8.0,26.0,468.0,652.0,748.0,837.0,4,965.0
8.0,26.0,341.0,381.0,554.0,703.0,4,837.0
8.0,26.0,341.0,468.0,703.0,837.0,4,965.0
8.0,26.0,341.0,468.0,554.0,837.0,4,965.0
8.0,26.0,341.0,468.0,703.0,837.0,4,965.0
8.0,26.0,468.0,554.0,703.0,748.0,4,965.0
8.0,26.0,381.0,554.0,703.0,748.0,4,837.0
8.0,26.0,381.0,554.0,703.0,837.0,4,965.0
8.0,26.0,381.0,554.0,703.0,837.0,4,965.0
8.0,29.0,83.0,230.0,242.0,456.0,4,860.0
8.0,29.0,83.0,230.0,242.0,456.0,4,860.0
8.0,29.0,132.0,456.0,755.0,821.0,4,860.0
8.0,29.0,132.0,242.0,260.0,755.0,4,821.0
8.0,29.0,83.0,242.0,456.0,821.0,4,860.0
8.0,29.0,83.0,230.0,242.0,456.0,4,860.0
8.0,29.0,83.0,230.0,242.0,456.0,4,860.0
8.0,29.0,83.0,132.0,230.0,456.0,4,860.0
8.0,29.0,132.0,230.0,456.0,821.0,4,860.0
8.0,29.0,83.0,230.0,242.0,456.0,4,860.0
8.0,27.0,23.0,319.0,359.0,680.0,4,777.0
8.0,27.0,23.0,319.0,392.0,668.0,4,680.0
8.0,27.0,105.0,351.0,392.0,668.0,4,680.0
8.0,27.0,105.0,351.0,392.0,668.0,4,777.0
8.0,27.0,105.0,351.0,392.0,668.0,4,777.0
8.0,27.0,23.0,319.0,359.0,668.0,4,680.0
8.0,27.0,23.0,319.0,359.0,668.0,4,680.0
8.0,27.0,23.0,319.0,359.0,680.0,4,777.0
8.0,27.0,23.0,319.0,392.0,680.0,4,777.0
8.0,27.0,23.0,319.0,359.0,680.0,4,777.0
8.0,27.0,23.0,319.0,392.0,668.0,4,680.0
8.0,27.0,23.0,319.0,359.0,680.0,4,777.0
8.0,14.0,134.0,592.0,854.0,938.0,4,1015.0
8.0,14.0,134.0,592.0,854.0,868.0,4,938.0
8.0,14.0,134.0,472.0,753.0,868.0,4,938.0
8.0,14.0,134.0,472.0,753.0,868.0,4,938.0
8.0,14.0,302.0,472.0,520.0,753.0,4,1015.0
8.0,14.0,302.0,520.0,753.0,854.0,4,1015.0
8.0,14.0,302.0,520.0,592.0,854.0,4,1015.0
8.0,14.0,302.0,520.0,592.0,854.0,4,1015.0
8.0,14.0,302.0,520.0,592.0,854.0,4,1015.0
8.0,14.0,134.0,520.0,592.0,753.0,4,1015.0
8.0,14.0,134.0,520.0,592.0,753.0,4,1015.0
8.0,14.0,134.0,520.0,592.0,753.0,4,1015.0
8.0,14.0,520.0,592.0,753.0,868.0,4,1015.0
8.0,6.0,400.0,579.0,606.0,623.0,4,957.0
8.0,6.0,400.0,606.0,623.0,957.0,4,980.0
8.0,6.0,579.0,606.0,623.0,902.0,4,980.0
8.0,6.0,400.0,606.0,623.0,957.0,4,980.0
8.0,6.0,400.0,606.0,623.0,957.0,4,980.0
8.0,6.0,400.0,606.0,623.0,902.0,4,957.0
8.0,6.0,400.0,579.0,606.0,623.0,4,957.0
8.0,6.0,400.0,606.0,623.0,957.0,4,980.0
8.0,6.0,400.0,606.0,902.0,957.0,4,980.0
8.0,6.0,400.0,606.0,902.0,957.0,4,980.0
8.0,6.0,579.0,606.0,623.0,902.0,4,980.0
8.0,6.0,400.0,579.0,606.0,623.0,4,980.0
8.0,6.0,400.0,579.0,606.0,623.0,4,957.0
8.0,6.0,400.0,606.0,693.0,957.0,4,980.0
8.0,6.0,400.0,579.0,606.0,623.0,4,957.0
8.0,6.0,400.0,579.0,606.0,623.0,4,980.0
8.0,6.0,400.0,579.0,606.0,902.0,4,980.0
8.0,6.0,400.0,693.0,902.0,957.0,4,980.0
8.0,6.0,623.0,693.0,902.0,957.0,4,980.0
8.0,6.0,623.0,693.0,902.0,957.0,4,980.0
8.0,6.0,400.0,579.0,606.0,623.0,4,957.0
8.0,6.0,400.0,579.0,606.0,623.0,4,957.0
8.0,6.0,400.0,579.0,606.0,623.0,4,980.0
8.0,6.0,400.0,693.0,902.0,957.0,4,980.0
8.0,6.0,400.0,579.0,606.0,623.0,4,957.0
8.0,6.0,400.0,579.0,606.0,623.0,4,957.0
8.0,6.0,400.0,579.0,606.0,623.0,4,980.0
8.0,6.0,400.0,579.0,606.0,902.0,4,980.0
8.0,6.0,388.0,623.0,902.0,957.0,4,980.0
8.0,6.0,388.0,623.0,693.0,957.0,4,980.0
8.0,6.0,579.0,606.0,623.0,693.0,4,957.0
8.0,6.0,400.0,579.0,606.0,623.0,4,957.0
8.0,6.0,400.0,579.0,606.0,623.0,4,957.0
8.0,6.0,400.0,579.0,606.0,902.0,4,980.0
8.0,6.0,400.0,579.0,693.0,902.0,4,980.0
8.0,6.0,400.0,579.0,606.0,623.0,4,957.0
8.0,6.0,400.0,579.0,606.0,623.0,4,980.0
8.0,6.0,400.0,579.0,693.0,902.0,4,980.0
8.0,6.0,388.0,693.0,719.0,902.0,4,980.0
8.0,6.0,112.0,388.0,693.0,719.0,4,902.0
8.0,6.0,112.0,388.0,427.0,693.0,4,719.0
8.0,9.0,39.0,194.0,366.0,574.0,4,604.0
8.0,9.0,39.0,194.0,366.0,574.0,4,604.0
8.0,9.0,39.0,194.0,366.0,574.0,4,604.0
8.0,9.0,39.0,64.0,137.0,194.0,4,488.0
8.0,9.0,39.0,64.0,137.0,488.0,4,913.0
8.0,9.0,64.0,137.0,366.0,488.0,4,913.0
8.0,9.0,64.0,194.0,366.0,488.0,4,574.0
8.0,9.0,39.0,64.0,194.0,488.0,4,574.0
8.0,6.0,400.0,579.0,606.0,902.0,4,957.0
8.0,6.0,388.0,606.0,693.0,957.0,4,980.0
8.0,6.0,388.0,400.0,579.0,606.0,4,957.0
8.0,6.0,400.0,579.0,606.0,719.0,4,957.0
8.0,6.0,400.0,579.0,693.0,902.0,4,980.0
8.0,6.0,400.0,606.0,902.0,957.0,4,980.0
8.0,6.0,388.0,400.0,579.0,606.0,4,957.0
8.0,6.0,388.0,606.0,719.0,957.0,4,980.0
8.0,6.0,400.0,579.0,606.0,693.0,4,957.0
8.0,6.0,400.0,579.0,606.0,623.0,4,957.0
8.0,6.0,400.0,579.0,606.0,902.0,4,957.0
8.0,6.0,400.0,579.0,606.0,902.0,4,957.0
8.0,6.0,388.0,400.0,623.0,693.0,4,980.0
8.0,6.0,400.0,579.0,606.0,623.0,4,980.0
8.0,6.0,388.0,400.0,579.0,606.0,4,957.0
8.0,6.0,400.0,579.0,606.0,623.0,4,957.0
8.0,6.0,400.0,579.0,606.0,902.0,4,957.0
8.0,6.0,400.0,579.0,693.0,902.0,4,980.0
8.0,6.0,579.0,623.0,693.0,902.0,4,980.0
8.0,6.0,388.0,623.0,693.0,902.0,4,980.0
8.0,6.0,388.0,623.0,693.0,902.0,4,980.0
8.0,18.0,51.0,56.0,362.0,580.0,4,632.0
8.0,18.0,51.0,56.0,150.0,632.0,4,758.0
8.0,18.0,51.0,56.0,150.0,632.0,4,758.0
8.0,18.0,51.0,580.0,632.0,758.0,4,948.0
8.0,18.0,51.0,362.0,580.0,632.0,4,948.0
8.0,18.0,51.0,580.0,632.0,758.0,4,948.0
8.0,18.0,51.0,362.0,580.0,632.0,4,948.0
8.0,18.0,51.0,56.0,362.0,580.0,4,632.0
8.0,18.0,51.0,580.0,632.0,758.0,4,948.0
8.0,6.0,400.0,579.0,606.0,623.0,4,957.0
8.0,6.0,388.0,400.0,579.0,606.0,4,957.0
8.0,6.0,388.0,400.0,579.0,606.0,4,980.0
8.0,6.0,388.0,623.0,693.0,902.0,4,980.0
8.0,6.0,388.0,579.0,606.0,623.0,4,980.0
8.0,6.0,388.0,400.0,579.0,606.0,4,957.0
8.0,6.0,400.0,606.0,623.0,719.0,4,957.0
8.0,6.0,400.0,579.0,606.0,623.0,4,957.0
8.0,6.0,388.0,400.0,606.0,623.0,4,957.0
8.0,6.0,388.0,400.0,693.0,902.0,4,957.0
8.0,6.0,579.0,606.0,623.0,693.0,4,980.0
8.0,6.0,579.0,606.0,623.0,693.0,4,980.0
8.0,6.0,579.0,606.0,623.0,693.0,4,980.0
8.0,6.0,579.0,606.0,623.0,693.0,4,980.0
8.0,12.0,125.0,126.0,638.0,845.0,4,904.0
8.0,12.0,125.0,126.0,237.0,638.0,4,845.0
8.0,12.0,126.0,638.0,845.0,856.0,4,909.0
8.0,12.0,125.0,126.0,638.0,856.0,4,909.0
8.0,6.0,388.0,400.0,579.0,606.0,4,957.0
8.0,6.0,388.0,606.0,623.0,957.0,4,980.0
8.0,6.0,388.0,579.0,623.0,693.0,4,980.0
8.0,6.0,388.0,400.0,579.0,606.0,4,980.0
8.0,6.0,388.0,400.0,579.0,606.0,4,957.0
8.0,6.0,400.0,579.0,606.0,623.0,4,957.0
8.0,6.0,400.0,579.0,623.0,693.0,4,957.0
8.0,6.0,400.0,579.0,606.0,623.0,4,957.0
8.0,6.0,388.0,400.0,579.0,606.0,4,980.0
8.0,6.0,400.0,579.0,606.0,623.0,4,957.0
8.0,6.0,388.0,400.0,579.0,606.0,4,957.0
8.0,6.0,388.0,400.0,579.0,606.0,4,980.0
8.0,6.0,388.0,579.0,606.0,623.0,4,980.0
8.0,6.0,388.0,623.0,693.0,957.0,4,980.0
8.0,6.0,388.0,579.0,623.0,693.0,4,980.0
8.0,6.0,400.0,579.0,606.0,623.0,4,980.0
8.0,6.0,400.0,579.0,606.0,623.0,4,957.0
8.0,6.0,400.0,579.0,606.0,623.0,4,957.0
8.0,6.0,388.0,400.0,606.0,957.0,4,980.0
8.0,6.0,388.0,623.0,693.0,902.0,4,980.0
8.0,6.0,388.0,400.0,606.0,957.0,4,980.0
8.0,6.0,400.0,606.0,693.0,957.0,4,980.0
8.0,4.0,259.0,487.0,715.0,786.0,4,964.0
8.0,4.0,259.0,715.0,757.0,786.0,4,936.0
8.0,4.0,1.0,757.0,786.0,936.0,4,964.0
8.0,4.0,1.0,487.0,757.0,936.0,4,964.0
8.0,4.0,1.0,259.0,487.0,936.0,4,964.0
8.0,4.0,1.0,259.0,487.0,936.0,4,964.0
8.0,4.0,1.0,259.0,715.0,786.0,4,936.0
8.0,4.0,259.0,487.0,715.0,786.0,4,964.0
8.0,4.0,259.0,487.0,715.0,786.0,4,964.0
8.0,4.0,259.0,715.0,786.0,936.0,4,964.0
8.0,4.0,1.0,259.0,487.0,757.0,4,936.0
8.0,4.0,1.0,487.0,757.0,936.0,4,964.0
8.0,4.0,259.0,487.0,757.0,936.0,4,964.0
8.0,34.0,506.0,595.0,747.0,790.0,4,817.0
8.0,34.0,290.0,506.0,747.0,774.0,4,790.0
8.0,34.0,290.0,506.0,747.0,774.0,4,790.0
8.0,34.0,290.0,506.0,662.0,790.0,4,817.0
8.0,34.0,240.0,345.0,595.0,685.0,4,774.0
8.0,23.0,44.0,175.0,614.0,799.0,4,955.0
8.0,23.0,180.0,454.0,614.0,955.0,4,972.0
8.0,23.0,180.0,454.0,524.0,614.0,4,972.0
8.0,23.0,44.0,524.0,612.0,614.0,4,633.0
8.0,23.0,454.0,524.0,612.0,614.0,4,633.0
8.0,23.0,44.0,454.0,524.0,612.0,4,955.0
8.0,23.0,44.0,612.0,614.0,955.0,4,972.0
8.0,23.0,44.0,614.0,799.0,955.0,4,972.0
8.0,23.0,25.0,44.0,614.0,799.0,4,955.0
8.0,9.0,39.0,64.0,137.0,574.0,4,825.0
8.0,9.0,39.0,366.0,488.0,825.0,4,941.0
8.0,9.0,39.0,366.0,488.0,825.0,4,941.0
8.0,9.0,64.0,366.0,574.0,825.0,4,941.0
8.0,9.0,64.0,366.0,574.0,825.0,4,941.0
8.0,9.0,39.0,64.0,574.0,825.0,4,941.0
8.0,12.0,125.0,237.0,350.0,386.0,4,845.0
8.0,12.0,125.0,126.0,237.0,386.0,4,845.0
8.0,12.0,126.0,207.0,386.0,638.0,4,845.0
8.0,12.0,126.0,207.0,386.0,638.0,4,845.0
8.0,12.0,126.0,207.0,386.0,638.0,4,845.0
8.0,12.0,125.0,237.0,350.0,845.0,4,856.0
8.0,12.0,125.0,237.0,350.0,386.0,4,909.0
8.0,12.0,126.0,237.0,350.0,638.0,4,845.0
8.0,6.0,400.0,579.0,606.0,623.0,4,957.0
8.0,6.0,388.0,427.0,606.0,623.0,4,980.0
8.0,6.0,388.0,427.0,623.0,693.0,4,980.0
8.0,6.0,400.0,579.0,606.0,623.0,4,980.0
8.0,6.0,400.0,579.0,606.0,623.0,4,980.0
8.0,6.0,400.0,579.0,606.0,623.0,4,957.0
8.0,6.0,400.0,579.0,606.0,623.0,4,957.0
8.0,6.0,400.0,579.0,606.0,623.0,4,957.0
8.0,6.0,388.0,400.0,606.0,957.0,4,980.0
8.0,6.0,388.0,427.0,491.0,693.0,4,980.0
8.0,0.0,13.0,244.0,465.0,601.0,4,789.0
8.0,0.0,13.0,244.0,465.0,573.0,4,789.0
8.0,0.0,244.0,465.0,573.0,789.0,4,792.0
8.0,0.0,13.0,244.0,252.0,573.0,4,792.0
8.0,0.0,13.0,244.0,252.0,573.0,4,792.0
8.0,0.0,13.0,252.0,465.0,573.0,4,789.0
8.0,0.0,13.0,244.0,465.0,601.0,4,789.0
8.0,0.0,244.0,252.0,315.0,573.0,4,789.0
8.0,0.0,252.0,315.0,573.0,601.0,4,789.0
8.0,0.0,252.0,315.0,573.0,601.0,4,721.0
8.0,0.0,252.0,315.0,573.0,601.0,4,721.0
8.0,0.0,13.0,252.0,573.0,601.0,4,721.0
8.0,0.0,13.0,252.0,573.0,601.0,4,721.0
8.0,0.0,13.0,244.0,465.0,601.0,4,721.0
8.0,6.0,400.0,579.0,606.0,623.0,4,957.0
8.0,6.0,388.0,400.0,579.0,693.0,4,980.0
8.0,6.0,388.0,579.0,623.0,693.0,4,980.0
8.0,6.0,388.0,623.0,693.0,957.0,4,980.0
8.0,6.0,388.0,400.0,579.0,693.0,4,957.0
8.0,6.0,400.0,579.0,623.0,693.0,4,980.0
8.0,6.0,400.0,579.0,606.0,623.0,4,957.0
8.0,6.0,400.0,579.0,606.0,623.0,4,957.0
8.0,6.0,400.0,579.0,606.0,623.0,4,957.0
8.0,6.0,388.0,579.0,606.0,693.0,4,980.0
8.0,25.0,269.0,311.0,759.0,958.0,4,1003.0
8.0,25.0,269.0,311.0,759.0,958.0,4,1003.0
8.0,25.0,50.0,146.0,311.0,958.0,4,1003.0
8.0,25.0,269.0,311.0,759.0,958.0,4,1003.0
8.0,25.0,2.0,311.0,759.0,958.0,4,1003.0
8.0,25.0,2.0,146.0,642.0,958.0,4,1003.0
8.0,25.0,146.0,642.0,696.0,958.0,4,1003.0
8.0,25.0,311.0,696.0,759.0,958.0,4,1003.0
8.0,25.0,311.0,696.0,759.0,958.0,4,1003.0
8.0,25.0,311.0,696.0,759.0,958.0,4,1003.0
8.0,16.0,296.0,359.0,379.0,646.0,4,996.0
8.0,16.0,359.0,379.0,382.0,646.0,4,674.0
8.0,16.0,153.0,359.0,382.0,674.0,4,702.0
8.0,16.0,153.0,359.0,382.0,674.0,4,702.0
8.0,16.0,296.0,359.0,379.0,382.0,4,646.0
8.0,16.0,296.0,379.0,382.0,646.0,4,674.0
8.0,16.0,296.0,379.0,382.0,646.0,4,674.0
8.0,16.0,296.0,359.0,379.0,646.0,4,674.0
8.0,16.0,296.0,359.0,379.0,646.0,4,996.0
8.0,16.0,296.0,379.0,646.0,674.0,4,996.0
8.0,16.0,153.0,359.0,382.0,674.0,4,702.0
8.0,16.0,153.0,359.0,382.0,674.0,4,702.0
8.0,16.0,296.0,359.0,379.0,382.0,4,646.0
8.0,6.0,388.0,579.0,606.0,623.0,4,980.0
8.0,6.0,388.0,579.0,606.0,623.0,4,980.0
8.0,6.0,388.0,400.0,623.0,693.0,4,980.0
8.0,6.0,388.0,400.0,623.0,693.0,4,980.0
8.0,6.0,388.0,400.0,606.0,623.0,4,980.0
8.0,6.0,388.0,400.0,606.0,623.0,4,980.0
8.0,6.0,400.0,579.0,606.0,623.0,4,957.0
8.0,6.0,400.0,579.0,606.0,623.0,4,957.0
8.0,6.0,400.0,579.0,606.0,623.0,4,957.0
8.0,6.0,388.0,579.0,606.0,693.0,4,957.0
8.0,6.0,388.0,579.0,606.0,693.0,4,980.0
8.0,6.0,388.0,427.0,623.0,693.0,4,980.0
8.0,6.0,388.0,427.0,570.0,623.0,4,693.0
8.0,6.0,427.0,570.0,693.0,719.0,4,902.0
8.0,6.0,400.0,579.0,606.0,623.0,4,957.0
8.0,6.0,400.0,579.0,606.0,623.0,4,957.0
8.0,6.0,388.0,400.0,579.0,693.0,4,980.0
8.0,6.0,388.0,427.0,623.0,693.0,4,980.0
8.0,6.0,388.0,400.0,579.0,606.0,4,957.0
8.0,6.0,388.0,579.0,623.0,693.0,4,957.0
8.0,6.0,388.0,606.0,693.0,957.0,4,980.0
8.0,6.0,388.0,606.0,623.0,957.0,4,980.0
8.0,6.0,400.0,579.0,623.0,693.0,4,980.0
8.0,17.0,328.0,354.0,587.0,703.0,4,1037.0
8.0,17.0,160.0,484.0,502.0,587.0,4,703.0
8.0,17.0,328.0,587.0,703.0,985.0,4,1037.0
8.0,17.0,328.0,354.0,587.0,985.0,4,1037.0
8.0,17.0,160.0,484.0,507.0,726.0,4,985.0
8.0,15.0,86.0,463.0,593.0,960.0,4,1005.0
8.0,15.0,188.0,659.0,714.0,960.0,4,1036.0
8.0,15.0,463.0,659.0,714.0,749.0,4,960.0
8.0,15.0,86.0,463.0,515.0,593.0,4,749.0
8.0,15.0,86.0,403.0,509.0,515.0,4,749.0
8.0,2.0,120.0,255.0,493.0,679.0,4,687.0
8.0,2.0,17.0,98.0,120.0,255.0,4,687.0
8.0,2.0,17.0,98.0,120.0,185.0,4,444.0
8.0,2.0,17.0,98.0,444.0,493.0,4,687.0
8.0,2.0,17.0,98.0,120.0,444.0,4,493.0
8.0,2.0,17.0,98.0,120.0,255.0,4,493.0
8.0,2.0,17.0,98.0,120.0,255.0,4,493.0
8.0,2.0,120.0,255.0,300.0,493.0,4,679.0
8.0,2.0,17.0,98.0,300.0,444.0,4,687.0
8.0,6.0,388.0,400.0,579.0,606.0,4,957.0
8.0,6.0,388.0,400.0,579.0,606.0,4,980.0
8.0,6.0,388.0,427.0,623.0,693.0,4,980.0
8.0,6.0,400.0,427.0,606.0,623.0,4,980.0
8.0,6.0,400.0,579.0,606.0,693.0,4,957.0
8.0,6.0,400.0,579.0,606.0,623.0,4,980.0
8.0,6.0,623.0,693.0,902.0,957.0,4,980.0
8.0,6.0,400.0,606.0,623.0,693.0,4,957.0
8.0,6.0,400.0,427.0,606.0,623.0,4,957.0
8.0,6.0,400.0,427.0,606.0,623.0,4,957.0
8.0,6.0,388.0,400.0,623.0,693.0,4,980.0
8.0,6.0,388.0,400.0,606.0,623.0,4,980.0
8.0,6.0,388.0,400.0,606.0,623.0,4,957.0
8.0,6.0,388.0,400.0,606.0,623.0,4,980.0
8.0,6.0,388.0,400.0,623.0,693.0,4,980.0
8.0,6.0,388.0,400.0,623.0,693.0,4,980.0
8.0,6.0,427.0,491.0,570.0,693.0,4,719.0
8.0,6.0,388.0,579.0,606.0,623.0,4,957.0
8.0,6.0,388.0,606.0,623.0,957.0,4,980.0
8.0,6.0,388.0,400.0,606.0,957.0,4,980.0
8.0,6.0,388.0,400.0,606.0,957.0,4,980.0
8.0,6.0,400.0,579.0,623.0,693.0,4,980.0
8.0,6.0,400.0,606.0,623.0,957.0,4,980.0
8.0,6.0,388.0,400.0,606.0,957.0,4,980.0
8.0,6.0,388.0,400.0,606.0,957.0,4,980.0
8.0,6.0,388.0,400.0,606.0,623.0,4,957.0
8.0,6.0,400.0,579.0,606.0,623.0,4,957.0
8.0,6.0,400.0,579.0,606.0,623.0,4,980.0
8.0,6.0,388.0,579.0,606.0,623.0,4,980.0
8.0,6.0,388.0,400.0,623.0,693.0,4,980.0
8.0,6.0,388.0,400.0,623.0,693.0,4,957.0
8.0,17.0,328.0,439.0,484.0,502.0,4,764.0
8.0,17.0,484.0,502.0,587.0,764.0,4,985.0
8.0,17.0,484.0,587.0,726.0,985.0,4,1037.0
8.0,17.0,587.0,703.0,726.0,985.0,4,1037.0
8.0,17.0,439.0,502.0,587.0,703.0,4,1037.0
8.0,17.0,484.0,502.0,587.0,703.0,4,1037.0
8.0,17.0,439.0,484.0,502.0,587.0,4,764.0
8.0,17.0,439.0,484.0,502.0,703.0,4,764.0
8.0,17.0,439.0,587.0,703.0,764.0,4,1037.0
8.0,6.0,400.0,579.0,693.0,902.0,4,957.0
8.0,6.0,491.0,570.0,579.0,693.0,4,902.0
8.0,6.0,400.0,579.0,623.0,693.0,4,957.0
8.0,6.0,579.0,623.0,693.0,719.0,4,980.0
8.0,6.0,579.0,623.0,693.0,719.0,4,980.0
8.0,6.0,579.0,623.0,693.0,719.0,4,980.0
8.0,6.0,427.0,491.0,693.0,719.0,4,980.0
8.0,6.0,427.0,570.0,693.0,719.0,4,902.0
8.0,1.0,78.0,106.0,333.0,669.0,4,989.0
8.0,1.0,333.0,392.0,410.0,442.0,4,510.0
8.0,1.0,392.0,410.0,510.0,565.0,4,669.0
8.0,1.0,392.0,410.0,510.0,565.0,4,669.0
8.0,1.0,392.0,410.0,510.0,565.0,4,669.0
8.0,1.0,392.0,410.0,510.0,565.0,4,669.0
8.0,1.0,78.0,106.0,410.0,565.0,4,669.0
8.0,1.0,78.0,106.0,410.0,565.0,4,669.0
8.0,1.0,78.0,106.0,333.0,565.0,4,669.0
8.0,1.0,78.0,106.0,333.0,669.0,4,989.0
8.0,1.0,78.0,333.0,410.0,669.0,4,989.0
8.0,1.0,78.0,333.0,392.0,410.0,4,989.0
8.0,1.0,78.0,333.0,392.0,410.0,4,989.0
8.0,1.0,392.0,410.0,442.0,510.0,4,669.0
8.0,1.0,392.0,442.0,510.0,637.0,4,669.0
8.0,1.0,442.0,565.0,637.0,669.0,4,795.0
8.0,6.0,400.0,579.0,606.0,623.0,4,957.0
8.0,6.0,388.0,400.0,579.0,606.0,4,957.0
8.0,6.0,388.0,400.0,579.0,606.0,4,980.0
8.0,6.0,388.0,579.0,623.0,693.0,4,980.0
8.0,6.0,388.0,427.0,623.0,693.0,4,980.0
8.0,6.0,400.0,579.0,606.0,719.0,4,957.0
8.0,6.0,400.0,606.0,623.0,719.0,4,957.0
8.0,6.0,400.0,579.0,623.0,693.0,4,957.0
8.0,6.0,400.0,623.0,693.0,957.0,4,980.0
8.0,6.0,388.0,570.0,579.0,623.0,4,693.0
8.0,6.0,388.0,427.0,570.0,693.0,4,719.0
8.0,6.0,400.0,579.0,606.0,902.0,4,957.0
8.0,6.0,388.0,579.0,606.0,719.0,4,957.0
8.0,6.0,388.0,579.0,693.0,719.0,4,957.0
8.0,6.0,388.0,693.0,719.0,957.0,4,980.0
8.0,6.0,388.0,427.0,693.0,719.0,4,980.0
8.0,6.0,491.0,570.0,693.0,902.0,4,980.0
8.0,6.0,491.0,570.0,693.0,902.0,4,980.0
8.0,6.0,388.0,491.0,570.0,902.0,4,980.0
8.0,6.0,388.0,570.0,693.0,902.0,4,980.0
8.0,6.0,112.0,388.0,570.0,693.0,4,902.0
8.0,6.0,112.0,491.0,570.0,693.0,4,902.0
8.0,29.0,83.0,230.0,242.0,456.0,4,860.0
8.0,29.0,242.0,755.0,769.0,809.0,4,824.0
8.0,29.0,83.0,230.0,242.0,824.0,4,860.0
8.0,29.0,83.0,230.0,242.0,456.0,4,860.0
8.0,29.0,132.0,755.0,769.0,809.0,4,824.0
8.0,29.0,132.0,230.0,242.0,755.0,4,860.0
8.0,28.0,161.0,203.0,608.0,754.0,4,1016.0
8.0,28.0,128.0,161.0,608.0,754.0,4,922.0
8.0,28.0,161.0,203.0,922.0,951.0,4,1017.0
8.0,28.0,608.0,754.0,842.0,922.0,4,1016.0
8.0,28.0,608.0,754.0,842.0,922.0,4,1016.0
8.0,28.0,203.0,608.0,754.0,842.0,4,1016.0
8.0,28.0,128.0,161.0,203.0,608.0,4,754.0
8.0,28.0,128.0,161.0,608.0,754.0,4,922.0
8.0,28.0,128.0,161.0,608.0,922.0,4,1016.0
8.0,28.0,128.0,161.0,496.0,922.0,4,1016.0
8.0,28.0,203.0,608.0,754.0,842.0,4,1016.0
8.0,28.0,128.0,161.0,285.0,608.0,4,922.0
8.0,28.0,128.0,161.0,285.0,496.0,4,922.0
8.0,28.0,128.0,203.0,608.0,842.0,4,1016.0
8.0,28.0,128.0,203.0,608.0,842.0,4,1016.0
8.0,28.0,28.0,203.0,608.0,842.0,4,1016.0
8.0,28.0,203.0,608.0,842.0,922.0,4,1016.0
8.0,28.0,161.0,203.0,608.0,922.0,4,1016.0
8.0,28.0,28.0,128.0,161.0,608.0,4,922.0
8.0,28.0,28.0,128.0,161.0,496.0,4,922.0
8.0,28.0,28.0,128.0,161.0,496.0,4,922.0
8.0,28.0,203.0,496.0,608.0,922.0,4,1016.0
8.0,8.0,229.0,397.0,811.0,984.0,4,1027.0
8.0,8.0,30.0,404.0,552.0,811.0,4,984.0
8.0,8.0,30.0,229.0,397.0,984.0,4,1027.0
8.0,8.0,30.0,229.0,397.0,984.0,4,1027.0
8.0,8.0,30.0,571.0,740.0,811.0,4,957.0
8.0,8.0,215.0,571.0,811.0,957.0,4,984.0
8.0,8.0,30.0,397.0,571.0,984.0,4,1027.0
8.0,8.0,30.0,397.0,571.0,984.0,4,1027.0
8.0,8.0,30.0,215.0,552.0,984.0,4,1027.0
8.0,28.0,28.0,203.0,701.0,842.0,4,1016.0
8.0,28.0,28.0,203.0,701.0,842.0,4,1016.0
8.0,28.0,128.0,161.0,496.0,922.0,4,1017.0
8.0,28.0,128.0,161.0,496.0,922.0,4,1017.0
8.0,28.0,161.0,203.0,701.0,922.0,4,1017.0
8.0,28.0,28.0,203.0,496.0,842.0,4,1016.0
8.0,28.0,28.0,203.0,496.0,842.0,4,1016.0
8.0,28.0,28.0,128.0,161.0,203.0,4,496.0
8.0,28.0,128.0,161.0,496.0,922.0,4,1017.0
8.0,28.0,28.0,203.0,608.0,842.0,4,1016.0
8.0,28.0,128.0,161.0,496.0,922.0,4,1017.0
8.0,28.0,128.0,161.0,203.0,608.0,4,922.0
8.0,28.0,128.0,161.0,203.0,496.0,4,922.0
8.0,28.0,128.0,608.0,842.0,922.0,4,1016.0
8.0,28.0,203.0,608.0,842.0,922.0,4,1016.0
8.0,28.0,203.0,608.0,754.0,842.0,4,1016.0
8.0,28.0,161.0,203.0,608.0,922.0,4,1016.0
8.0,28.0,28.0,161.0,608.0,922.0,4,1017.0
8.0,28.0,28.0,161.0,608.0,922.0,4,1017.0
8.0,28.0,28.0,203.0,496.0,842.0,4,1016.0
8.0,28.0,28.0,203.0,608.0,842.0,4,1016.0
8.0,28.0,203.0,608.0,754.0,842.0,4,1016.0
8.0,28.0,28.0,161.0,608.0,922.0,4,1016.0
8.0,28.0,28.0,161.0,285.0,701.0,4,922.0
8.0,1.0,78.0,442.0,463.0,565.0,4,808.0
8.0,1.0,78.0,106.0,333.0,353.0,4,989.0
8.0,1.0,78.0,333.0,353.0,442.0,4,989.0
8.0,1.0,78.0,106.0,442.0,463.0,4,808.0
8.0,1.0,78.0,106.0,353.0,442.0,4,808.0
8.0,1.0,78.0,106.0,442.0,463.0,4,808.0
8.0,1.0,78.0,106.0,442.0,463.0,4,808.0
8.0,26.0,25.0,291.0,384.0,554.0,4,748.0
8.0,26.0,25.0,291.0,384.0,703.0,4,748.0
8.0,26.0,381.0,554.0,635.0,748.0,4,965.0
8.0,26.0,381.0,554.0,635.0,748.0,4,965.0
8.0,26.0,381.0,635.0,703.0,748.0,4,965.0
8.0,26.0,384.0,554.0,748.0,837.0,4,965.0
8.0,26.0,107.0,381.0,554.0,703.0,4,965.0
8.0,5.0,14.0,179.0,352.0,568.0,4,611.0
8.0,5.0,89.0,117.0,179.0,611.0,4,776.0
8.0,5.0,14.0,352.0,568.0,611.0,4,686.0
8.0,5.0,14.0,179.0,352.0,568.0,4,611.0
8.0,5.0,14.0,179.0,352.0,568.0,4,611.0
8.0,5.0,14.0,117.0,179.0,352.0,4,568.0
8.0,5.0,14.0,117.0,179.0,352.0,4,568.0
8.0,5.0,14.0,117.0,179.0,352.0,4,568.0
8.0,28.0,203.0,608.0,754.0,842.0,4,1016.0
8.0,28.0,161.0,203.0,608.0,754.0,4,922.0
8.0,28.0,28.0,161.0,496.0,922.0,4,1016.0
8.0,28.0,28.0,161.0,608.0,754.0,4,922.0
8.0,28.0,161.0,203.0,496.0,922.0,4,1016.0
8.0,28.0,161.0,203.0,496.0,922.0,4,1016.0
8.0,28.0,203.0,608.0,754.0,842.0,4,1016.0
8.0,28.0,203.0,608.0,754.0,842.0,4,922.0
8.0,28.0,161.0,203.0,496.0,922.0,4,1016.0
8.0,28.0,28.0,161.0,203.0,496.0,4,754.0
8.0,28.0,28.0,608.0,754.0,842.0,4,922.0
8.0,28.0,28.0,161.0,608.0,922.0,4,1016.0
8.0,28.0,203.0,608.0,754.0,842.0,4,1016.0
8.0,8.0,74.0,571.0,957.0,984.0,4,1027.0
8.0,8.0,74.0,571.0,957.0,984.0,4,1027.0
8.0,8.0,215.0,347.0,397.0,957.0,4,984.0
8.0,8.0,74.0,215.0,571.0,957.0,4,984.0
8.0,8.0,74.0,397.0,571.0,984.0,4,1027.0
8.0,8.0,74.0,571.0,957.0,984.0,4,1027.0
8.0,8.0,74.0,229.0,397.0,984.0,4,1027.0
8.0,8.0,215.0,229.0,397.0,984.0,4,1027.0
8.0,8.0,74.0,215.0,229.0,397.0,4,984.0
8.0,28.0,203.0,608.0,754.0,842.0,4,1016.0
8.0,28.0,203.0,608.0,754.0,842.0,4,922.0
8.0,28.0,28.0,161.0,496.0,922.0,4,1016.0
8.0,28.0,28.0,161.0,203.0,496.0,4,754.0
8.0,28.0,203.0,608.0,754.0,842.0,4,1016.0
8.0,28.0,161.0,203.0,608.0,754.0,4,922.0
8.0,28.0,28.0,161.0,496.0,922.0,4,1016.0
8.0,23.0,136.0,388.0,524.0,799.0,4,874.0
8.0,23.0,33.0,136.0,400.0,778.0,4,874.0
8.0,23.0,33.0,400.0,778.0,799.0,4,955.0
8.0,23.0,400.0,454.0,778.0,799.0,4,955.0
8.0,23.0,33.0,136.0,388.0,524.0,4,799.0
8.0,23.0,33.0,136.0,388.0,524.0,4,874.0
8.0,23.0,33.0,136.0,388.0,524.0,4,874.0
8.0,23.0,136.0,388.0,454.0,524.0,4,874.0
8.0,23.0,33.0,400.0,454.0,778.0,4,955.0
8.0,23.0,33.0,136.0,400.0,454.0,4,778.0
8.0,9.0,39.0,137.0,139.0,194.0,4,366.0
8.0,9.0,39.0,108.0,366.0,574.0,4,604.0
8.0,9.0,137.0,194.0,366.0,510.0,4,913.0
8.0,9.0,137.0,194.0,366.0,510.0,4,913.0
8.0,18.0,51.0,362.0,892.0,948.0,4,1035.0
8.0,18.0,51.0,362.0,892.0,948.0,4,1035.0
8.0,18.0,51.0,181.0,460.0,836.0,4,892.0
8.0,18.0,51.0,181.0,460.0,892.0,4,948.0
8.0,18.0,51.0,181.0,460.0,892.0,4,948.0
8.0,18.0,51.0,181.0,362.0,948.0,4,1035.0
8.0,18.0,51.0,56.0,460.0,892.0,4,1035.0
8.0,18.0,51.0,56.0,181.0,460.0,4,1035.0
8.0,18.0,181.0,460.0,892.0,948.0,4,1035.0
8.0,18.0,51.0,181.0,362.0,948.0,4,1035.0
8.0,4.0,1.0,486.0,589.0,757.0,4,936.0
8.0,4.0,259.0,486.0,715.0,786.0,4,936.0
8.0,4.0,1.0,486.0,589.0,757.0,4,936.0
8.0,4.0,1.0,259.0,486.0,757.0,4,936.0
8.0,12.0,126.0,237.0,845.0,856.0,4,909.0
8.0,12.0,126.0,638.0,845.0,856.0,4,909.0
8.0,12.0,126.0,237.0,280.0,620.0,4,909.0
8.0,12.0,126.0,237.0,280.0,620.0,4,909.0
8.0,12.0,126.0,207.0,638.0,856.0,4,909.0
8.0,12.0,126.0,237.0,845.0,856.0,4,909.0
8.0,28.0,28.0,161.0,608.0,922.0,4,1016.0
8.0,28.0,128.0,203.0,496.0,754.0,4,951.0
8.0,28.0,128.0,203.0,608.0,754.0,4,951.0
8.0,28.0,203.0,608.0,754.0,951.0,4,1016.0
8.0,28.0,203.0,608.0,754.0,951.0,4,1016.0
8.0,28.0,28.0,161.0,608.0,922.0,4,1016.0
8.0,28.0,161.0,203.0,608.0,922.0,4,1016.0
8.0,28.0,128.0,203.0,496.0,754.0,4,951.0
8.0,28.0,128.0,203.0,608.0,754.0,4,951.0
8.0,28.0,203.0,608.0,754.0,922.0,4,1016.0
8.0,22.0,77.0,218.0,768.0,864.0,4,990.0
8.0,22.0,26.0,77.0,639.0,862.0,4,864.0
8.0,28.0,203.0,496.0,754.0,951.0,4,1016.0
8.0,28.0,203.0,285.0,701.0,754.0,4,922.0
8.0,28.0,28.0,285.0,701.0,754.0,4,922.0
8.0,28.0,28.0,285.0,701.0,922.0,4,1016.0
8.0,28.0,128.0,496.0,922.0,1002.0,4,1016.0
8.0,28.0,128.0,203.0,496.0,922.0,4,1002.0
8.0,28.0,128.0,203.0,496.0,754.0,4,1002.0
8.0,28.0,203.0,701.0,754.0,1002.0,4,1016.0
8.0,28.0,203.0,701.0,754.0,1002.0,4,1016.0
8.0,28.0,203.0,285.0,496.0,754.0,4,1016.0
8.0,28.0,203.0,496.0,754.0,951.0,4,1016.0
8.0,28.0,203.0,754.0,951.0,1002.0,4,1016.0
8.0,28.0,28.0,285.0,701.0,922.0,4,1016.0
8.0,28.0,28.0,128.0,285.0,496.0,4,922.0
8.0,28.0,203.0,285.0,754.0,951.0,4,1016.0
8.0,28.0,28.0,128.0,951.0,1002.0,4,1017.0
8.0,28.0,28.0,128.0,951.0,1002.0,4,1017.0
8.0,28.0,203.0,496.0,754.0,951.0,4,1016.0
8.0,28.0,203.0,496.0,754.0,951.0,4,1016.0
8.0,28.0,28.0,161.0,285.0,922.0,4,1016.0
8.0,28.0,28.0,203.0,285.0,496.0,4,754.0
8.0,28.0,203.0,285.0,496.0,754.0,4,1016.0
8.0,28.0,203.0,496.0,754.0,951.0,4,1016.0
8.0,28.0,203.0,496.0,754.0,1002.0,4,1016.0
8.0,28.0,161.0,922.0,1002.0,1016.0,4,1017.0
8.0,28.0,128.0,496.0,922.0,1002.0,4,1017.0
8.0,28.0,28.0,128.0,701.0,1002.0,4,1017.0
8.0,28.0,203.0,496.0,608.0,754.0,4,1016.0
8.0,28.0,28.0,161.0,285.0,922.0,4,1016.0
8.0,28.0,28.0,161.0,285.0,922.0,4,1016.0
8.0,28.0,128.0,203.0,285.0,496.0,4,754.0
8.0,28.0,203.0,496.0,608.0,754.0,4,1016.0
8.0,28.0,161.0,203.0,608.0,754.0,4,922.0
8.0,28.0,161.0,203.0,608.0,922.0,4,1016.0
8.0,28.0,161.0,203.0,608.0,922.0,4,1016.0
8.0,28.0,203.0,285.0,496.0,922.0,4,1016.0
8.0,28.0,128.0,608.0,754.0,922.0,4,951.0
8.0,28.0,203.0,608.0,754.0,951.0,4,1016.0
8.0,28.0,161.0,203.0,608.0,754.0,4,1016.0
8.0,28.0,28.0,161.0,203.0,608.0,4,754.0
8.0,28.0,128.0,608.0,922.0,951.0,4,1016.0
8.0,28.0,161.0,203.0,701.0,754.0,4,922.0
8.0,28.0,28.0,203.0,608.0,701.0,4,754.0
8.0,28.0,203.0,608.0,701.0,754.0,4,1016.0
8.0,28.0,128.0,203.0,608.0,754.0,4,951.0
8.0,28.0,128.0,608.0,922.0,951.0,4,1016.0
8.0,28.0,28.0,161.0,285.0,922.0,4,1016.0
8.0,28.0,203.0,285.0,701.0,754.0,4,922.0
8.0,28.0,203.0,608.0,701.0,754.0,4,1016.0
8.0,28.0,161.0,203.0,608.0,754.0,4,1016.0
8.0,28.0,203.0,608.0,701.0,754.0,4,922.0
8.0,28.0,28.0,608.0,701.0,922.0,4,1016.0
8.0,28.0,28.0,608.0,701.0,922.0,4,1016.0
8.0,28.0,28.0,161.0,701.0,922.0,4,1016.0
8.0,28.0,28.0,203.0,608.0,701.0,4,754.0
8.0,28.0,28.0,203.0,608.0,701.0,4,754.0
8.0,28.0,161.0,203.0,608.0,754.0,4,1016.0
8.0,28.0,203.0,608.0,701.0,754.0,4,1016.0
8.0,28.0,128.0,203.0,608.0,701.0,4,754.0
8.0,28.0,161.0,701.0,922.0,1016.0,4,1017.0
8.0,28.0,285.0,922.0,951.0,1016.0,4,1017.0
8.0,28.0,203.0,608.0,701.0,754.0,4,1016.0
8.0,28.0,161.0,203.0,608.0,754.0,4,922.0
8.0,28.0,128.0,161.0,608.0,922.0,4,1016.0
8.0,28.0,203.0,285.0,608.0,754.0,4,922.0
8.0,28.0,161.0,203.0,608.0,754.0,4,1016.0
8.0,14.0,134.0,472.0,753.0,868.0,4,938.0
8.0,14.0,134.0,472.0,753.0,868.0,4,938.0
8.0,14.0,302.0,472.0,520.0,854.0,4,868.0
8.0,14.0,134.0,753.0,854.0,938.0,4,1015.0
8.0,15.0,86.0,188.0,659.0,960.0,4,1036.0
8.0,15.0,86.0,188.0,463.0,659.0,4,1036.0
8.0,15.0,463.0,593.0,749.0,1005.0,4,1036.0
8.0,15.0,463.0,593.0,659.0,749.0,4,1005.0
8.0,15.0,463.0,593.0,659.0,749.0,4,1005.0
8.0,15.0,463.0,593.0,659.0,749.0,4,1005.0
8.0,15.0,593.0,659.0,749.0,960.0,4,1005.0
8.0,15.0,86.0,188.0,659.0,960.0,4,1036.0
8.0,15.0,86.0,188.0,463.0,659.0,4,1036.0
8.0,15.0,86.0,188.0,463.0,659.0,4,1036.0
8.0,15.0,463.0,593.0,749.0,1005.0,4,1036.0
8.0,28.0,128.0,608.0,701.0,922.0,4,1016.0
8.0,28.0,285.0,701.0,922.0,951.0,4,1016.0
8.0,28.0,285.0,701.0,922.0,951.0,4,1016.0
8.0,28.0,161.0,203.0,285.0,922.0,4,951.0
8.0,28.0,161.0,203.0,285.0,922.0,4,951.0
8.0,28.0,203.0,285.0,701.0,951.0,4,1017.0
8.0,28.0,203.0,285.0,701.0,951.0,4,1017.0
8.0,28.0,203.0,285.0,701.0,951.0,4,1017.0
8.0,28.0,754.0,922.0,951.0,1016.0,4,1017.0
8.0,28.0,203.0,754.0,951.0,1016.0,4,1017.0
8.0,28.0,203.0,754.0,951.0,1016.0,4,1017.0
8.0,27.0,105.0,319.0,392.0,668.0,4,680.0
8.0,27.0,105.0,319.0,392.0,668.0,4,726.0
8.0,27.0,105.0,351.0,392.0,668.0,4,726.0
8.0,27.0,105.0,351.0,392.0,668.0,4,726.0
8.0,27.0,105.0,351.0,392.0,668.0,4,726.0
8.0,27.0,23.0,319.0,351.0,359.0,4,392.0
8.0,27.0,23.0,319.0,359.0,680.0,4,777.0
8.0,27.0,105.0,319.0,359.0,680.0,4,777.0
8.0,27.0,105.0,351.0,392.0,668.0,4,777.0
8.0,27.0,105.0,351.0,392.0,668.0,4,777.0
8.0,27.0,23.0,319.0,359.0,680.0,4,777.0
8.0,28.0,161.0,203.0,754.0,951.0,4,1016.0
8.0,28.0,128.0,701.0,922.0,1002.0,4,1016.0
8.0,28.0,128.0,701.0,1002.0,1016.0,4,1017.0
8.0,28.0,161.0,203.0,754.0,951.0,4,1017.0
8.0,28.0,203.0,285.0,701.0,754.0,4,1016.0
8.0,28.0,161.0,203.0,754.0,951.0,4,1016.0
8.0,28.0,128.0,701.0,922.0,951.0,4,1016.0
8.0,28.0,161.0,203.0,922.0,951.0,4,1016.0
8.0,28.0,285.0,608.0,922.0,951.0,4,1017.0
8.0,28.0,161.0,285.0,701.0,922.0,4,1016.0
8.0,28.0,161.0,203.0,285.0,701.0,4,1016.0
8.0,28.0,128.0,203.0,608.0,701.0,4,1016.0
8.0,28.0,128.0,203.0,608.0,951.0,4,1016.0
8.0,28.0,161.0,203.0,608.0,1016.0,4,1017.0
8.0,28.0,203.0,285.0,608.0,951.0,4,1017.0
8.0,28.0,285.0,608.0,922.0,951.0,4,1016.0
8.0,28.0,161.0,285.0,701.0,922.0,4,1016.0
8.0,28.0,203.0,608.0,701.0,1016.0,4,1017.0
8.0,28.0,203.0,608.0,701.0,1016.0,4,1017.0
8.0,0.0,13.0,465.0,573.0,601.0,4,789.0
8.0,0.0,13.0,465.0,573.0,601.0,4,721.0
8.0,0.0,13.0,465.0,503.0,601.0,4,721.0
8.0,0.0,13.0,465.0,573.0,601.0,4,789.0
8.0,0.0,252.0,573.0,601.0,789.0,4,792.0
8.0,0.0,13.0,252.0,465.0,573.0,4,789.0
8.0,0.0,13.0,252.0,573.0,601.0,4,721.0
8.0,0.0,13.0,252.0,573.0,601.0,4,721.0
8.0,0.0,252.0,465.0,601.0,721.0,4,789.0
8.0,0.0,13.0,465.0,573.0,601.0,4,789.0
8.0,17.0,109.0,354.0,439.0,502.0,4,587.0
8.0,17.0,109.0,354.0,439.0,502.0,4,587.0
8.0,17.0,109.0,354.0,439.0,502.0,4,587.0
8.0,17.0,484.0,523.0,575.0,587.0,4,764.0
8.0,17.0,354.0,484.0,575.0,587.0,4,764.0
8.0,17.0,354.0,484.0,575.0,587.0,4,764.0
8.0,17.0,439.0,484.0,575.0,587.0,4,764.0
8.0,17.0,439.0,484.0,575.0,587.0,4,764.0
8.0,17.0,439.0,484.0,575.0,587.0,4,764.0
8.0,17.0,439.0,484.0,502.0,587.0,4,764.0
8.0,28.0,203.0,608.0,754.0,842.0,4,1016.0
8.0,28.0,161.0,203.0,608.0,754.0,4,922.0
8.0,28.0,128.0,701.0,842.0,922.0,4,1016.0
8.0,28.0,128.0,203.0,608.0,754.0,4,842.0
8.0,28.0,203.0,608.0,754.0,842.0,4,1016.0
8.0,28.0,203.0,608.0,754.0,842.0,4,1016.0
8.0,28.0,161.0,203.0,608.0,754.0,4,922.0
8.0,28.0,128.0,161.0,701.0,922.0,4,1016.0
8.0,28.0,203.0,608.0,754.0,842.0,4,1016.0
8.0,28.0,203.0,608.0,701.0,754.0,4,922.0
8.0,28.0,128.0,608.0,701.0,922.0,4,1016.0
8.0,28.0,128.0,701.0,842.0,922.0,4,1016.0
8.0,28.0,128.0,203.0,701.0,754.0,4,842.0
8.0,28.0,203.0,608.0,754.0,842.0,4,922.0
8.0,28.0,128.0,701.0,842.0,922.0,4,1016.0
8.0,28.0,203.0,701.0,754.0,842.0,4,922.0
8.0,28.0,203.0,608.0,701.0,754.0,4,922.0
8.0,28.0,203.0,608.0,701.0,754.0,4,922.0
8.0,28.0,28.0,128.0,951.0,1002.0,4,1017.0
8.0,28.0,203.0,608.0,754.0,842.0,4,1016.0
8.0,28.0,203.0,608.0,701.0,754.0,4,922.0
8.0,28.0,128.0,608.0,701.0,922.0,4,1016.0
8.0,28.0,128.0,203.0,754.0,842.0,4,951.0
8.0,28.0,203.0,608.0,754.0,842.0,4,1016.0
8.0,28.0,28.0,128.0,701.0,951.0,4,1017.0
8.0,33.0,219.0,258.0,361.0,492.0,4,975.0
8.0,33.0,313.0,470.0,844.0,975.0,4,976.0
8.0,33.0,258.0,313.0,470.0,492.0,4,976.0
8.0,33.0,258.0,313.0,470.0,492.0,4,976.0
8.0,33.0,219.0,258.0,361.0,492.0,4,861.0
8.0,33.0,258.0,361.0,492.0,861.0,4,976.0
8.0,33.0,313.0,361.0,861.0,975.0,4,976.0
8.0,33.0,313.0,361.0,861.0,975.0,4,976.0
8.0,33.0,313.0,361.0,861.0,975.0,4,976.0
8.0,33.0,258.0,313.0,844.0,861.0,4,976.0
8.0,33.0,219.0,258.0,470.0,492.0,4,844.0
8.0,33.0,219.0,258.0,313.0,470.0,4,492.0
8.0,33.0,258.0,313.0,361.0,861.0,4,976.0
8.0,28.0,74.0,203.0,701.0,754.0,4,842.0
8.0,28.0,74.0,161.0,285.0,922.0,4,1016.0
8.0,28.0,74.0,161.0,285.0,922.0,4,1016.0
8.0,28.0,74.0,161.0,285.0,754.0,4,922.0
8.0,28.0,74.0,203.0,701.0,754.0,4,842.0
8.0,28.0,161.0,203.0,754.0,842.0,4,1016.0
8.0,28.0,74.0,161.0,203.0,754.0,4,842.0
8.0,28.0,74.0,161.0,754.0,842.0,4,922.0
8.0,28.0,74.0,161.0,285.0,922.0,4,1016.0
8.0,28.0,203.0,701.0,754.0,842.0,4,1016.0
8.0,29.0,132.0,456.0,769.0,821.0,4,860.0
8.0,29.0,41.0,769.0,824.0,860.0,4,867.0
8.0,29.0,41.0,83.0,769.0,824.0,4,867.0
8.0,29.0,41.0,83.0,260.0,456.0,4,769.0
8.0,29.0,260.0,769.0,821.0,860.0,4,867.0
8.0,29.0,83.0,132.0,456.0,821.0,4,860.0
8.0,29.0,83.0,132.0,821.0,860.0,4,867.0
8.0,29.0,41.0,260.0,769.0,860.0,4,867.0
8.0,29.0,41.0,260.0,769.0,860.0,4,867.0
8.0,18.0,51.0,362.0,580.0,758.0,4,834.0
8.0,18.0,51.0,348.0,577.0,758.0,4,834.0
8.0,18.0,51.0,577.0,580.0,758.0,4,834.0
8.0,18.0,10.0,348.0,362.0,834.0,4,1035.0
8.0,28.0,74.0,203.0,608.0,754.0,4,842.0
8.0,28.0,128.0,161.0,203.0,608.0,4,754.0
8.0,28.0,128.0,161.0,203.0,285.0,4,608.0
8.0,28.0,74.0,161.0,701.0,754.0,4,922.0
8.0,28.0,74.0,203.0,608.0,754.0,4,842.0
8.0,28.0,128.0,161.0,285.0,608.0,4,922.0
8.0,28.0,128.0,285.0,701.0,842.0,4,922.0
8.0,28.0,128.0,203.0,701.0,754.0,4,842.0
8.0,28.0,74.0,203.0,701.0,754.0,4,842.0
8.0,28.0,28.0,74.0,128.0,496.0,4,701.0
8.0,34.0,104.0,506.0,662.0,747.0,4,790.0
8.0,34.0,104.0,290.0,583.0,809.0,4,817.0
8.0,34.0,104.0,290.0,583.0,809.0,4,817.0
8.0,34.0,104.0,506.0,662.0,747.0,4,790.0
8.0,34.0,104.0,290.0,506.0,662.0,4,790.0
8.0,34.0,104.0,290.0,506.0,747.0,4,809.0
8.0,34.0,104.0,506.0,662.0,747.0,4,790.0
8.0,16.0,296.0,359.0,379.0,702.0,4,988.0
8.0,16.0,296.0,359.0,379.0,646.0,4,996.0
8.0,16.0,296.0,379.0,646.0,674.0,4,996.0
8.0,16.0,359.0,379.0,646.0,674.0,4,702.0
8.0,16.0,153.0,359.0,646.0,702.0,4,988.0
8.0,16.0,153.0,359.0,646.0,702.0,4,988.0
8.0,25.0,146.0,311.0,696.0,759.0,4,1003.0
8.0,25.0,50.0,81.0,311.0,696.0,4,759.0
8.0,25.0,2.0,50.0,81.0,603.0,4,642.0
8.0,25.0,2.0,50.0,81.0,603.0,4,642.0
8.0,25.0,146.0,311.0,696.0,759.0,4,1003.0
8.0,25.0,50.0,311.0,603.0,696.0,4,1003.0
8.0,25.0,50.0,311.0,603.0,696.0,4,1003.0
8.0,25.0,2.0,81.0,146.0,642.0,4,759.0
8.0,25.0,2.0,146.0,311.0,759.0,4,1003.0
8.0,15.0,463.0,659.0,714.0,960.0,4,1036.0
8.0,15.0,659.0,714.0,749.0,960.0,4,1036.0
8.0,15.0,463.0,659.0,714.0,960.0,4,1036.0
8.0,15.0,463.0,659.0,714.0,960.0,4,1036.0
8.0,15.0,463.0,659.0,714.0,960.0,4,1036.0
8.0,15.0,463.0,659.0,714.0,960.0,4,1036.0
8.0,15.0,463.0,509.0,593.0,714.0,4,960.0
8.0,15.0,463.0,659.0,714.0,960.0,4,1036.0
8.0,33.0,219.0,258.0,313.0,861.0,4,976.0
8.0,33.0,219.0,258.0,313.0,861.0,4,976.0
8.0,33.0,258.0,313.0,492.0,975.0,4,976.0
8.0,33.0,258.0,313.0,492.0,861.0,4,976.0
8.0,33.0,219.0,313.0,861.0,975.0,4,976.0
8.0,33.0,313.0,492.0,861.0,975.0,4,976.0
8.0,33.0,313.0,492.0,861.0,975.0,4,976.0
8.0,33.0,258.0,385.0,492.0,975.0,4,976.0
8.0,33.0,258.0,385.0,492.0,975.0,4,976.0
8.0,33.0,258.0,385.0,492.0,975.0,4,976.0
8.0,27.0,69.0,105.0,319.0,680.0,4,777.0
8.0,27.0,69.0,105.0,319.0,668.0,4,777.0
8.0,27.0,105.0,319.0,351.0,668.0,4,680.0
8.0,27.0,105.0,319.0,351.0,668.0,4,680.0
8.0,27.0,23.0,319.0,351.0,668.0,4,777.0
8.0,27.0,23.0,319.0,668.0,680.0,4,777.0
8.0,27.0,23.0,69.0,351.0,668.0,4,680.0
8.0,27.0,69.0,105.0,351.0,680.0,4,777.0
8.0,27.0,23.0,319.0,668.0,680.0,4,777.0
8.0,28.0,74.0,203.0,608.0,754.0,4,842.0
8.0,28.0,128.0,203.0,285.0,608.0,4,842.0
8.0,28.0,128.0,161.0,203.0,285.0,4,608.0
8.0,28.0,128.0,161.0,285.0,608.0,4,922.0
8.0,28.0,128.0,161.0,285.0,608.0,4,922.0
8.0,28.0,128.0,285.0,496.0,754.0,4,922.0
8.0,28.0,74.0,285.0,754.0,842.0,4,922.0
8.0,28.0,74.0,203.0,608.0,754.0,4,842.0
8.0,28.0,74.0,203.0,608.0,754.0,4,842.0
8.0,28.0,74.0,203.0,608.0,754.0,4,842.0
8.0,28.0,74.0,608.0,754.0,842.0,4,922.0
8.0,28.0,74.0,161.0,285.0,608.0,4,922.0
8.0,28.0,128.0,161.0,203.0,285.0,4,754.0
8.0,28.0,74.0,203.0,608.0,754.0,4,842.0
8.0,28.0,74.0,203.0,608.0,754.0,4,842.0
8.0,28.0,128.0,161.0,203.0,608.0,4,754.0
8.0,28.0,128.0,161.0,608.0,754.0,4,922.0
8.0,28.0,74.0,128.0,161.0,285.0,4,922.0
8.0,28.0,74.0,128.0,161.0,285.0,4,922.0
8.0,28.0,161.0,203.0,285.0,754.0,4,922.0
8.0,28.0,203.0,285.0,608.0,754.0,4,842.0
8.0,28.0,74.0,203.0,285.0,608.0,4,754.0
8.0,28.0,74.0,203.0,608.0,754.0,4,842.0
8.0,28.0,74.0,203.0,608.0,754.0,4,842.0
8.0,28.0,128.0,161.0,203.0,285.0,4,608.0
8.0,28.0,28.0,128.0,496.0,701.0,4,922.0
8.0,14.0,472.0,516.0,868.0,938.0,4,1015.0
8.0,14.0,472.0,516.0,868.0,938.0,4,1015.0
8.0,14.0,405.0,516.0,868.0,938.0,4,1015.0
8.0,14.0,293.0,302.0,405.0,840.0,4,868.0
8.0,28.0,128.0,161.0,203.0,608.0,4,754.0
8.0,28.0,74.0,128.0,161.0,608.0,4,922.0
8.0,28.0,74.0,128.0,701.0,842.0,4,922.0
8.0,28.0,128.0,203.0,701.0,754.0,4,842.0
8.0,28.0,74.0,161.0,203.0,608.0,4,754.0
8.0,28.0,128.0,161.0,608.0,754.0,4,922.0
8.0,28.0,74.0,128.0,161.0,203.0,4,608.0
8.0,28.0,74.0,161.0,203.0,608.0,4,754.0
8.0,28.0,74.0,161.0,203.0,608.0,4,754.0
8.0,2.0,98.0,120.0,255.0,300.0,4,493.0
8.0,2.0,98.0,120.0,255.0,300.0,4,493.0
8.0,2.0,98.0,300.0,444.0,679.0,4,687.0
8.0,2.0,98.0,223.0,444.0,687.0,4,948.0
8.0,2.0,98.0,255.0,493.0,687.0,4,948.0
8.0,2.0,98.0,120.0,255.0,493.0,4,948.0
8.0,2.0,98.0,120.0,255.0,493.0,4,948.0
8.0,2.0,98.0,120.0,255.0,493.0,4,948.0
8.0,2.0,98.0,444.0,679.0,687.0,4,948.0
8.0,28.0,74.0,203.0,608.0,754.0,4,842.0
8.0,28.0,128.0,161.0,203.0,608.0,4,754.0
8.0,28.0,128.0,161.0,203.0,608.0,4,754.0
8.0,28.0,74.0,128.0,701.0,842.0,4,922.0
8.0,28.0,128.0,203.0,701.0,754.0,4,842.0
8.0,28.0,128.0,161.0,203.0,608.0,4,754.0
8.0,28.0,128.0,161.0,203.0,608.0,4,754.0
8.0,28.0,74.0,161.0,203.0,608.0,4,754.0
8.0,28.0,74.0,203.0,608.0,754.0,4,842.0
8.0,28.0,74.0,128.0,701.0,842.0,4,922.0
8.0,28.0,74.0,128.0,701.0,842.0,4,922.0
8.0,28.0,74.0,128.0,701.0,842.0,4,922.0
8.0,28.0,28.0,30.0,496.0,701.0,4,954.0
8.0,28.0,28.0,496.0,754.0,842.0,4,922.0
8.0,28.0,28.0,128.0,754.0,842.0,4,922.0
8.0,28.0,28.0,128.0,754.0,842.0,4,922.0
8.0,28.0,28.0,128.0,203.0,496.0,4,754.0
8.0,28.0,28.0,128.0,203.0,496.0,4,754.0
8.0,28.0,128.0,203.0,701.0,754.0,4,842.0
8.0,28.0,28.0,128.0,203.0,496.0,4,701.0
8.0,28.0,28.0,203.0,496.0,754.0,4,922.0
8.0,28.0,28.0,128.0,496.0,754.0,4,922.0
8.0,28.0,28.0,128.0,203.0,754.0,4,842.0
8.0,28.0,28.0,128.0,203.0,754.0,4,842.0
8.0,0.0,244.0,465.0,601.0,789.0,4,792.0
8.0,0.0,244.0,465.0,573.0,789.0,4,792.0
8.0,0.0,465.0,573.0,789.0,792.0,4,947.0
8.0,0.0,13.0,573.0,721.0,906.0,4,947.0
8.0,0.0,13.0,244.0,465.0,601.0,4,789.0
8.0,0.0,244.0,573.0,789.0,792.0,4,906.0
8.0,0.0,13.0,601.0,721.0,906.0,4,947.0
8.0,0.0,13.0,244.0,465.0,601.0,4,789.0
8.0,5.0,14.0,179.0,568.0,611.0,4,776.0
8.0,5.0,179.0,348.0,452.0,568.0,4,776.0
8.0,5.0,117.0,179.0,348.0,452.0,4,611.0
8.0,5.0,117.0,179.0,348.0,452.0,4,611.0
8.0,5.0,14.0,117.0,611.0,686.0,4,706.0
8.0,5.0,14.0,568.0,611.0,686.0,4,706.0
8.0,5.0,179.0,348.0,452.0,568.0,4,776.0
8.0,5.0,117.0,179.0,348.0,452.0,4,706.0
8.0,5.0,14.0,179.0,348.0,568.0,4,611.0
8.0,0.0,244.0,252.0,721.0,792.0,4,947.0
8.0,0.0,13.0,252.0,601.0,721.0,4,947.0
8.0,0.0,13.0,252.0,601.0,789.0,4,947.0
8.0,0.0,13.0,252.0,601.0,789.0,4,947.0
8.0,0.0,13.0,465.0,601.0,789.0,4,947.0
8.0,0.0,465.0,601.0,789.0,792.0,4,947.0
8.0,0.0,252.0,789.0,792.0,906.0,4,947.0
8.0,0.0,252.0,789.0,792.0,906.0,4,947.0
8.0,0.0,13.0,244.0,465.0,601.0,4,789.0
8.0,0.0,13.0,244.0,465.0,601.0,4,789.0
8.0,23.0,136.0,388.0,874.0,896.0,4,955.0
8.0,23.0,33.0,175.0,400.0,454.0,4,778.0
8.0,23.0,136.0,388.0,454.0,874.0,4,896.0
8.0,23.0,136.0,388.0,454.0,896.0,4,955.0
8.0,23.0,136.0,388.0,454.0,778.0,4,955.0
8.0,23.0,33.0,136.0,400.0,454.0,4,778.0
8.0,23.0,33.0,136.0,400.0,454.0,4,778.0
8.0,23.0,136.0,388.0,400.0,454.0,4,896.0
8.0,0.0,465.0,601.0,789.0,792.0,4,947.0
8.0,0.0,252.0,573.0,601.0,789.0,4,792.0
8.0,0.0,465.0,601.0,789.0,792.0,4,947.0
8.0,0.0,465.0,601.0,789.0,792.0,4,947.0
8.0,0.0,252.0,601.0,720.0,789.0,4,906.0
8.0,0.0,13.0,252.0,601.0,720.0,4,906.0
8.0,0.0,13.0,465.0,601.0,789.0,4,947.0
8.0,0.0,13.0,465.0,601.0,789.0,4,947.0
8.0,0.0,465.0,601.0,789.0,792.0,4,947.0
8.0,0.0,252.0,721.0,792.0,906.0,4,947.0
8.0,0.0,465.0,601.0,720.0,789.0,4,947.0
8.0,0.0,465.0,601.0,720.0,789.0,4,947.0
8.0,0.0,252.0,789.0,792.0,906.0,4,947.0
8.0,0.0,13.0,252.0,601.0,721.0,4,906.0
8.0,0.0,252.0,465.0,601.0,721.0,4,789.0
8.0,0.0,252.0,465.0,601.0,721.0,4,789.0
8.0,0.0,13.0,252.0,573.0,721.0,4,906.0
8.0,0.0,465.0,789.0,792.0,906.0,4,947.0
8.0,0.0,13.0,465.0,601.0,789.0,4,947.0
8.0,0.0,465.0,601.0,789.0,792.0,4,947.0
8.0,0.0,13.0,252.0,601.0,721.0,4,906.0
8.0,0.0,13.0,465.0,601.0,789.0,4,947.0
8.0,0.0,13.0,244.0,465.0,601.0,4,789.0
8.0,0.0,244.0,252.0,721.0,792.0,4,947.0
8.0,0.0,13.0,244.0,252.0,721.0,4,906.0
8.0,0.0,13.0,244.0,252.0,721.0,4,906.0
8.0,0.0,13.0,244.0,252.0,721.0,4,906.0
8.0,0.0,13.0,244.0,465.0,601.0,4,789.0
8.0,0.0,13.0,244.0,465.0,601.0,4,789.0
8.0,0.0,244.0,465.0,601.0,789.0,4,792.0
8.0,0.0,13.0,244.0,465.0,721.0,4,906.0
8.0,0.0,13.0,465.0,601.0,789.0,4,947.0
8.0,0.0,465.0,601.0,789.0,792.0,4,947.0
8.0,34.0,104.0,290.0,506.0,583.0,4,774.0
8.0,34.0,104.0,290.0,506.0,583.0,4,774.0
8.0,34.0,41.0,104.0,290.0,583.0,4,774.0
8.0,34.0,104.0,290.0,506.0,583.0,4,774.0
8.0,34.0,104.0,506.0,595.0,662.0,4,790.0
8.0,34.0,345.0,506.0,595.0,662.0,4,790.0
8.0,34.0,104.0,506.0,595.0,790.0,4,817.0
8.0,34.0,104.0,506.0,595.0,662.0,4,790.0
8.0,34.0,104.0,290.0,506.0,662.0,4,774.0
8.0,34.0,41.0,104.0,290.0,583.0,4,774.0
8.0,34.0,104.0,290.0,506.0,583.0,4,790.0
8.0,34.0,104.0,506.0,662.0,790.0,4,817.0
8.0,34.0,104.0,290.0,506.0,790.0,4,817.0
8.0,34.0,104.0,345.0,506.0,790.0,4,817.0
8.0,0.0,13.0,244.0,465.0,601.0,4,789.0
8.0,0.0,13.0,244.0,465.0,789.0,4,906.0
8.0,0.0,252.0,573.0,721.0,792.0,4,906.0
8.0,0.0,252.0,573.0,789.0,792.0,4,906.0
8.0,0.0,13.0,465.0,573.0,601.0,4,789.0
8.0,0.0,244.0,465.0,601.0,789.0,4,792.0
8.0,0.0,13.0,244.0,465.0,601.0,4,792.0
8.0,0.0,13.0,244.0,465.0,601.0,4,789.0
8.0,0.0,244.0,252.0,465.0,789.0,4,792.0
8.0,0.0,13.0,252.0,465.0,573.0,4,792.0
8.0,0.0,13.0,244.0,465.0,601.0,4,789.0
8.0,0.0,244.0,252.0,315.0,789.0,4,906.0
8.0,0.0,252.0,315.0,573.0,721.0,4,906.0
8.0,0.0,13.0,252.0,573.0,721.0,4,906.0
8.0,0.0,252.0,315.0,573.0,601.0,4,721.0
8.0,0.0,244.0,315.0,465.0,601.0,4,789.0
8.0,0.0,13.0,244.0,465.0,601.0,4,789.0
8.0,0.0,13.0,244.0,465.0,601.0,4,789.0
8.0,0.0,252.0,573.0,720.0,721.0,4,947.0
8.0,0.0,315.0,573.0,720.0,721.0,4,906.0
8.0,0.0,315.0,573.0,720.0,721.0,4,906.0
8.0,0.0,244.0,252.0,601.0,789.0,4,792.0
8.0,0.0,13.0,465.0,573.0,601.0,4,789.0
8.0,0.0,465.0,573.0,601.0,789.0,4,792.0
8.0,0.0,465.0,573.0,601.0,789.0,4,792.0
8.0,0.0,244.0,465.0,601.0,789.0,4,792.0
8.0,0.0,13.0,244.0,465.0,601.0,4,789.0
8.0,0.0,13.0,244.0,465.0,601.0,4,789.0
8.0,0.0,13.0,244.0,465.0,601.0,4,789.0
8.0,0.0,13.0,244.0,465.0,601.0,4,792.0
8.0,0.0,252.0,573.0,601.0,789.0,4,792.0
8.0,0.0,244.0,252.0,573.0,789.0,4,792.0
8.0,0.0,13.0,244.0,252.0,601.0,4,789.0
8.0,0.0,13.0,244.0,252.0,601.0,4,789.0
8.0,16.0,296.0,531.0,646.0,893.0,4,903.0
8.0,16.0,296.0,531.0,646.0,674.0,4,903.0
8.0,16.0,155.0,296.0,424.0,646.0,4,903.0
8.0,16.0,155.0,296.0,424.0,531.0,4,674.0
8.0,16.0,155.0,216.0,674.0,893.0,4,996.0
8.0,16.0,155.0,296.0,674.0,893.0,4,996.0
8.0,16.0,155.0,296.0,674.0,893.0,4,996.0
8.0,2.0,98.0,120.0,255.0,493.0,4,577.0
8.0,2.0,98.0,120.0,255.0,493.0,4,577.0
8.0,2.0,17.0,444.0,523.0,687.0,4,728.0
8.0,2.0,17.0,185.0,444.0,523.0,4,687.0
8.0,2.0,17.0,185.0,481.0,523.0,4,679.0
8.0,0.0,13.0,244.0,465.0,601.0,4,789.0
8.0,0.0,252.0,601.0,789.0,792.0,4,947.0
8.0,0.0,252.0,721.0,792.0,906.0,4,947.0
8.0,0.0,13.0,252.0,721.0,906.0,4,947.0
8.0,0.0,13.0,252.0,601.0,721.0,4,906.0
8.0,0.0,13.0,244.0,252.0,601.0,4,721.0
8.0,0.0,244.0,465.0,601.0,789.0,4,792.0
8.0,0.0,244.0,465.0,573.0,789.0,4,792.0
8.0,0.0,244.0,465.0,573.0,789.0,4,792.0
8.0,0.0,13.0,252.0,721.0,906.0,4,947.0
8.0,0.0,13.0,252.0,601.0,721.0,4,947.0
8.0,0.0,13.0,244.0,465.0,601.0,4,789.0
8.0,12.0,207.0,638.0,845.0,856.0,4,909.0
8.0,12.0,207.0,638.0,845.0,856.0,4,909.0
8.0,12.0,207.0,638.0,845.0,856.0,4,909.0
8.0,12.0,125.0,126.0,620.0,638.0,4,909.0
8.0,12.0,125.0,126.0,207.0,620.0,4,638.0
8.0,12.0,125.0,126.0,207.0,620.0,4,638.0
8.0,12.0,125.0,156.0,280.0,904.0,4,909.0
8.0,0.0,13.0,244.0,465.0,601.0,4,789.0
8.0,0.0,244.0,252.0,789.0,792.0,4,906.0
8.0,0.0,252.0,789.0,792.0,906.0,4,947.0
8.0,0.0,13.0,252.0,792.0,906.0,4,947.0
8.0,0.0,13.0,252.0,601.0,720.0,4,947.0
8.0,0.0,13.0,465.0,601.0,720.0,4,947.0
8.0,0.0,244.0,465.0,601.0,720.0,4,789.0
8.0,0.0,13.0,244.0,465.0,601.0,4,789.0
8.0,0.0,244.0,252.0,789.0,792.0,4,906.0
8.0,0.0,13.0,252.0,720.0,906.0,4,947.0
8.0,0.0,252.0,720.0,789.0,906.0,4,947.0
8.0,0.0,252.0,601.0,720.0,789.0,4,947.0
8.0,0.0,252.0,573.0,720.0,789.0,4,906.0
8.0,0.0,503.0,573.0,720.0,906.0,4,947.0
8.0,0.0,13.0,244.0,465.0,601.0,4,789.0
8.0,0.0,244.0,315.0,465.0,601.0,4,789.0
8.0,0.0,13.0,252.0,721.0,906.0,4,947.0
8.0,0.0,13.0,252.0,721.0,906.0,4,947.0
8.0,0.0,13.0,252.0,601.0,721.0,4,947.0
8.0,0.0,244.0,465.0,601.0,721.0,4,789.0
8.0,0.0,244.0,252.0,315.0,789.0,4,947.0
8.0,0.0,252.0,315.0,465.0,789.0,4,947.0
8.0,0.0,13.0,252.0,315.0,465.0,4,947.0
8.0,0.0,13.0,465.0,601.0,721.0,4,947.0
8.0,0.0,244.0,465.0,601.0,721.0,4,789.0
8.0,0.0,244.0,465.0,721.0,789.0,4,947.0
8.0,25.0,146.0,332.0,759.0,958.0,4,1003.0
8.0,25.0,146.0,269.0,332.0,958.0,4,1003.0
8.0,25.0,81.0,269.0,311.0,332.0,4,958.0
8.0,25.0,81.0,146.0,269.0,311.0,4,332.0
8.0,25.0,146.0,311.0,332.0,759.0,4,1003.0
8.0,25.0,146.0,332.0,759.0,958.0,4,1003.0
8.0,25.0,146.0,332.0,759.0,958.0,4,1003.0
8.0,25.0,81.0,311.0,603.0,759.0,4,958.0
8.0,25.0,146.0,332.0,603.0,958.0,4,1003.0
8.0,25.0,146.0,332.0,759.0,958.0,4,1003.0
8.0,0.0,13.0,244.0,465.0,601.0,4,789.0
8.0,0.0,315.0,465.0,601.0,789.0,4,947.0
8.0,0.0,13.0,244.0,252.0,721.0,4,947.0
8.0,0.0,244.0,315.0,465.0,573.0,4,789.0
8.0,0.0,315.0,465.0,573.0,601.0,4,789.0
8.0,0.0,13.0,244.0,465.0,601.0,4,789.0
8.0,0.0,252.0,315.0,601.0,789.0,4,947.0
8.0,0.0,13.0,244.0,465.0,573.0,4,721.0
8.0,0.0,244.0,465.0,573.0,721.0,4,789.0
8.0,0.0,13.0,244.0,465.0,601.0,4,789.0
8.0,0.0,10.0,244.0,252.0,789.0,4,947.0
8.0,0.0,244.0,315.0,465.0,573.0,4,721.0
8.0,0.0,13.0,244.0,465.0,601.0,4,789.0
8.0,0.0,315.0,601.0,789.0,906.0,4,947.0
8.0,0.0,13.0,252.0,721.0,906.0,4,947.0
8.0,0.0,10.0,252.0,573.0,720.0,4,906.0
8.0,17.0,109.0,439.0,484.0,502.0,4,587.0
8.0,17.0,439.0,484.0,502.0,587.0,4,764.0
8.0,17.0,439.0,484.0,502.0,587.0,4,764.0
8.0,17.0,439.0,484.0,587.0,764.0,4,1037.0
8.0,17.0,109.0,354.0,587.0,764.0,4,1037.0
8.0,17.0,109.0,354.0,439.0,569.0,4,1037.0
8.0,17.0,439.0,484.0,587.0,764.0,4,1037.0
8.0,17.0,439.0,484.0,502.0,587.0,4,764.0
8.0,17.0,439.0,484.0,502.0,587.0,4,764.0
8.0,17.0,109.0,354.0,484.0,587.0,4,1037.0
8.0,17.0,109.0,354.0,502.0,569.0,4,587.0
8.0,33.0,219.0,258.0,361.0,861.0,4,976.0
8.0,33.0,219.0,361.0,861.0,975.0,4,976.0
8.0,33.0,219.0,361.0,492.0,861.0,4,975.0
8.0,33.0,219.0,385.0,492.0,861.0,4,975.0
8.0,33.0,385.0,492.0,861.0,975.0,4,976.0
8.0,33.0,258.0,361.0,492.0,975.0,4,976.0
8.0,33.0,258.0,361.0,492.0,975.0,4,976.0
8.0,33.0,219.0,258.0,361.0,492.0,4,975.0
8.0,33.0,318.0,385.0,492.0,861.0,4,976.0
8.0,33.0,219.0,318.0,385.0,861.0,4,976.0
8.0,33.0,219.0,258.0,361.0,861.0,4,976.0
8.0,0.0,244.0,252.0,789.0,792.0,4,947.0
8.0,0.0,13.0,252.0,601.0,721.0,4,947.0
8.0,0.0,13.0,252.0,573.0,601.0,4,721.0
8.0,0.0,465.0,573.0,601.0,721.0,4,792.0
8.0,0.0,244.0,465.0,573.0,789.0,4,792.0
8.0,0.0,244.0,465.0,601.0,789.0,4,792.0
8.0,0.0,13.0,244.0,465.0,601.0,4,789.0
8.0,0.0,13.0,465.0,601.0,789.0,4,947.0
8.0,0.0,244.0,252.0,789.0,792.0,4,947.0
8.0,0.0,465.0,573.0,601.0,789.0,4,792.0
8.0,0.0,13.0,244.0,465.0,601.0,4,789.0
8.0,9.0,64.0,108.0,366.0,488.0,4,574.0
8.0,9.0,64.0,108.0,366.0,488.0,4,574.0
8.0,9.0,39.0,108.0,366.0,574.0,4,604.0
8.0,9.0,108.0,366.0,495.0,574.0,4,604.0
8.0,9.0,64.0,108.0,488.0,495.0,4,604.0
8.0,9.0,64.0,194.0,495.0,574.0,4,604.0
8.0,0.0,13.0,244.0,465.0,601.0,4,789.0
8.0,0.0,13.0,252.0,601.0,721.0,4,947.0
8.0,0.0,13.0,244.0,465.0,601.0,4,789.0
8.0,0.0,13.0,244.0,465.0,601.0,4,789.0
8.0,0.0,244.0,465.0,789.0,792.0,4,947.0
8.0,0.0,244.0,252.0,789.0,792.0,4,947.0
8.0,0.0,13.0,252.0,601.0,792.0,4,947.0
8.0,0.0,13.0,465.0,601.0,721.0,4,947.0
8.0,0.0,13.0,465.0,601.0,721.0,4,947.0
8.0,0.0,13.0,465.0,601.0,721.0,4,947.0
8.0,0.0,244.0,465.0,721.0,792.0,4,947.0
8.0,0.0,465.0,573.0,721.0,792.0,4,947.0
8.0,0.0,252.0,573.0,720.0,721.0,4,906.0
8.0,26.0,381.0,384.0,402.0,468.0,4,965.0
8.0,26.0,554.0,635.0,748.0,837.0,4,965.0
8.0,26.0,384.0,468.0,554.0,837.0,4,965.0
8.0,26.0,341.0,384.0,554.0,703.0,4,837.0
8.0,26.0,402.0,468.0,554.0,652.0,4,748.0
8.0,1.0,78.0,333.0,442.0,565.0,4,670.0
8.0,1.0,333.0,442.0,565.0,669.0,4,670.0
8.0,1.0,106.0,333.0,565.0,669.0,4,670.0
8.0,1.0,78.0,333.0,442.0,670.0,4,989.0
8.0,1.0,78.0,106.0,333.0,669.0,4,989.0
8.0,1.0,78.0,410.0,442.0,565.0,4,669.0
8.0,1.0,78.0,410.0,442.0,565.0,4,669.0
8.0,1.0,106.0,442.0,669.0,670.0,4,795.0
8.0,1.0,435.0,442.0,565.0,669.0,4,795.0
8.0,1.0,435.0,442.0,565.0,669.0,4,795.0
8.0,1.0,435.0,442.0,565.0,669.0,4,795.0
8.0,4.0,1.0,297.0,486.0,757.0,4,936.0
8.0,4.0,1.0,259.0,589.0,786.0,4,936.0
8.0,4.0,259.0,486.0,589.0,786.0,4,936.0
8.0,4.0,1.0,297.0,486.0,757.0,4,936.0
8.0,4.0,1.0,259.0,589.0,757.0,4,786.0
8.0,4.0,259.0,486.0,589.0,786.0,4,936.0
8.0,0.0,13.0,244.0,465.0,601.0,4,789.0
8.0,0.0,13.0,252.0,601.0,721.0,4,947.0
8.0,0.0,13.0,252.0,601.0,721.0,4,947.0
8.0,0.0,13.0,244.0,465.0,573.0,4,789.0
8.0,0.0,244.0,465.0,601.0,789.0,4,792.0
8.0,0.0,13.0,244.0,465.0,601.0,4,789.0
8.0,0.0,244.0,252.0,789.0,792.0,4,947.0
8.0,0.0,13.0,244.0,252.0,721.0,4,947.0
8.0,0.0,13.0,252.0,601.0,721.0,4,947.0
8.0,0.0,13.0,465.0,573.0,601.0,4,721.0
8.0,0.0,244.0,465.0,573.0,721.0,4,789.0
8.0,0.0,13.0,244.0,465.0,573.0,4,789.0
8.0,0.0,13.0,244.0,465.0,601.0,4,789.0
8.0,0.0,244.0,252.0,789.0,792.0,4,947.0
8.0,0.0,13.0,252.0,601.0,721.0,4,947.0
8.0,0.0,465.0,573.0,601.0,789.0,4,792.0
8.0,0.0,13.0,244.0,465.0,601.0,4,789.0
8.0,0.0,13.0,244.0,465.0,601.0,4,789.0
8.0,0.0,244.0,465.0,789.0,792.0,4,947.0
8.0,0.0,13.0,244.0,465.0,601.0,4,721.0
8.0,0.0,13.0,244.0,465.0,601.0,4,789.0
8.0,0.0,244.0,465.0,789.0,792.0,4,947.0
8.0,0.0,13.0,244.0,465.0,601.0,4,789.0
8.0,0.0,244.0,252.0,789.0,792.0,4,947.0
8.0,0.0,244.0,252.0,721.0,792.0,4,947.0
8.0,0.0,13.0,252.0,601.0,721.0,4,947.0
8.0,0.0,13.0,252.0,573.0,601.0,4,721.0
8.0,0.0,13.0,465.0,573.0,601.0,4,721.0
8.0,0.0,13.0,465.0,573.0,601.0,4,789.0
8.0,0.0,13.0,465.0,573.0,601.0,4,789.0
8.0,0.0,13.0,244.0,465.0,789.0,4,947.0
8.0,0.0,252.0,601.0,789.0,792.0,4,947.0
8.0,0.0,252.0,601.0,789.0,792.0,4,947.0
8.0,0.0,13.0,244.0,465.0,573.0,4,721.0
8.0,0.0,13.0,244.0,465.0,601.0,4,789.0
8.0,0.0,244.0,252.0,789.0,792.0,4,947.0
8.0,0.0,244.0,252.0,721.0,792.0,4,947.0
8.0,0.0,13.0,252.0,601.0,721.0,4,947.0
8.0,0.0,465.0,573.0,601.0,721.0,4,792.0
8.0,0.0,244.0,465.0,573.0,789.0,4,792.0
8.0,0.0,244.0,465.0,601.0,789.0,4,792.0
8.0,0.0,13.0,244.0,465.0,601.0,4,789.0
8.0,0.0,244.0,465.0,789.0,792.0,4,947.0
8.0,0.0,244.0,252.0,789.0,792.0,4,947.0
8.0,0.0,13.0,252.0,601.0,792.0,4,947.0
8.0,0.0,13.0,252.0,601.0,721.0,4,947.0
8.0,0.0,13.0,244.0,465.0,573.0,4,789.0
8.0,0.0,13.0,465.0,573.0,601.0,4,789.0
8.0,0.0,13.0,465.0,573.0,601.0,4,789.0
8.0,0.0,252.0,315.0,465.0,573.0,4,789.0
8.0,0.0,252.0,315.0,503.0,573.0,4,789.0
8.0,0.0,252.0,315.0,503.0,601.0,4,721.0
8.0,0.0,13.0,252.0,503.0,601.0,4,721.0
8.0,0.0,13.0,252.0,503.0,601.0,4,721.0
8.0,0.0,13.0,252.0,503.0,601.0,4,721.0
8.0,0.0,13.0,252.0,503.0,601.0,4,721.0
8.0,0.0,465.0,573.0,601.0,721.0,4,789.0
8.0,0.0,13.0,465.0,573.0,601.0,4,789.0
8.0,0.0,13.0,465.0,573.0,601.0,4,789.0
8.0,0.0,13.0,252.0,503.0,601.0,4,721.0
8.0,0.0,13.0,252.0,465.0,573.0,4,789.0
8.0,0.0,13.0,252.0,465.0,601.0,4,789.0
8.0,22.0,58.0,218.0,320.0,768.0,4,990.0
8.0,22.0,58.0,320.0,768.0,802.0,4,990.0
8.0,22.0,58.0,485.0,802.0,864.0,4,990.0
8.0,22.0,58.0,485.0,802.0,864.0,4,990.0
8.0,22.0,58.0,218.0,320.0,768.0,4,990.0
8.0,22.0,58.0,218.0,320.0,768.0,4,990.0
8.0,22.0,58.0,218.0,802.0,864.0,4,990.0
8.0,22.0,320.0,485.0,768.0,802.0,4,864.0
8.0,22.0,320.0,485.0,768.0,802.0,4,864.0
8.0,0.0,465.0,573.0,601.0,789.0,4,792.0
8.0,0.0,13.0,252.0,573.0,601.0,4,792.0
8.0,0.0,13.0,244.0,252.0,573.0,4,792.0
8.0,0.0,13.0,244.0,252.0,573.0,4,721.0
8.0,0.0,244.0,465.0,601.0,721.0,4,789.0
8.0,0.0,13.0,252.0,465.0,573.0,4,789.0
8.0,0.0,244.0,465.0,601.0,789.0,4,792.0
8.0,0.0,13.0,252.0,573.0,601.0,4,792.0
8.0,0.0,13.0,244.0,252.0,573.0,4,792.0
8.0,0.0,13.0,244.0,252.0,573.0,4,721.0
8.0,0.0,244.0,252.0,601.0,721.0,4,789.0
8.0,0.0,13.0,244.0,465.0,601.0,4,789.0
8.0,15.0,188.0,463.0,659.0,714.0,4,1036.0
8.0,15.0,188.0,463.0,659.0,714.0,4,1036.0
8.0,15.0,188.0,463.0,659.0,714.0,4,1036.0
8.0,15.0,86.0,188.0,659.0,960.0,4,1036.0
8.0,15.0,86.0,593.0,659.0,714.0,4,960.0
8.0,15.0,188.0,593.0,749.0,960.0,4,1036.0
8.0,15.0,188.0,463.0,714.0,960.0,4,1036.0
8.0,18.0,51.0,580.0,758.0,834.0,4,948.0
8.0,18.0,51.0,362.0,730.0,892.0,4,948.0
8.0,18.0,51.0,56.0,362.0,580.0,4,834.0
8.0,18.0,362.0,580.0,834.0,892.0,4,948.0
8.0,18.0,51.0,580.0,758.0,834.0,4,948.0
8.0,18.0,51.0,580.0,758.0,834.0,4,948.0
8.0,18.0,51.0,580.0,758.0,948.0,4,1035.0
8.0,18.0,56.0,362.0,892.0,981.0,4,1035.0
8.0,1.0,78.0,333.0,410.0,670.0,4,989.0
8.0,1.0,106.0,410.0,435.0,669.0,4,941.0
8.0,1.0,78.0,333.0,442.0,670.0,4,989.0
8.0,1.0,78.0,333.0,442.0,670.0,4,989.0
8.0,1.0,78.0,106.0,333.0,442.0,4,670.0
8.0,1.0,78.0,106.0,333.0,442.0,4,670.0
8.0,1.0,78.0,333.0,410.0,442.0,4,941.0
8.0,1.0,333.0,435.0,670.0,941.0,4,989.0
8.0,1.0,78.0,333.0,442.0,670.0,4,941.0
8.0,1.0,78.0,333.0,442.0,669.0,4,941.0
8.0,17.0,328.0,587.0,764.0,985.0,4,1037.0
8.0,17.0,328.0,484.0,587.0,726.0,4,764.0
8.0,17.0,354.0,439.0,484.0,587.0,4,726.0
8.0,17.0,354.0,439.0,484.0,587.0,4,726.0
8.0,17.0,354.0,439.0,484.0,502.0,4,587.0
8.0,17.0,354.0,439.0,484.0,502.0,4,764.0
8.0,17.0,354.0,439.0,502.0,764.0,4,985.0
8.0,17.0,328.0,587.0,726.0,764.0,4,985.0
8.0,0.0,13.0,244.0,465.0,601.0,4,789.0
8.0,0.0,252.0,573.0,789.0,792.0,4,906.0
8.0,0.0,252.0,573.0,721.0,792.0,4,906.0
8.0,0.0,13.0,244.0,465.0,601.0,4,789.0
8.0,0.0,244.0,252.0,573.0,789.0,4,792.0
8.0,0.0,13.0,244.0,252.0,573.0,4,721.0
8.0,0.0,465.0,573.0,601.0,721.0,4,789.0
8.0,16.0,296.0,379.0,646.0,674.0,4,702.0
8.0,16.0,296.0,359.0,646.0,674.0,4,996.0
8.0,16.0,296.0,359.0,379.0,646.0,4,674.0
8.0,16.0,296.0,359.0,379.0,382.0,4,646.0
8.0,16.0,296.0,379.0,382.0,646.0,4,674.0
8.0,16.0,359.0,382.0,674.0,702.0,4,996.0
8.0,16.0,359.0,646.0,674.0,702.0,4,996.0
8.0,16.0,359.0,646.0,674.0,702.0,4,996.0
8.0,16.0,296.0,379.0,646.0,674.0,4,702.0
8.0,26.0,341.0,384.0,393.0,402.0,4,951.0
8.0,26.0,391.0,402.0,635.0,748.0,4,837.0
8.0,26.0,341.0,384.0,391.0,393.0,4,951.0
8.0,26.0,384.0,391.0,402.0,837.0,4,951.0
8.0,0.0,13.0,244.0,465.0,601.0,4,789.0
8.0,0.0,244.0,315.0,465.0,573.0,4,789.0
8.0,0.0,244.0,252.0,315.0,573.0,4,789.0
8.0,0.0,13.0,252.0,573.0,601.0,4,721.0
8.0,0.0,13.0,252.0,573.0,601.0,4,721.0
8.0,0.0,13.0,252.0,573.0,601.0,4,721.0
8.0,0.0,13.0,252.0,465.0,601.0,4,721.0
8.0,0.0,13.0,252.0,465.0,601.0,4,721.0
8.0,0.0,244.0,252.0,315.0,465.0,4,789.0
8.0,0.0,13.0,244.0,465.0,601.0,4,789.0
8.0,0.0,13.0,244.0,465.0,601.0,4,789.0
8.0,0.0,244.0,315.0,465.0,573.0,4,789.0
8.0,0.0,13.0,252.0,601.0,721.0,4,906.0
8.0,0.0,13.0,465.0,601.0,721.0,4,906.0
8.0,0.0,252.0,315.0,573.0,721.0,4,906.0
8.0,0.0,315.0,503.0,573.0,721.0,4,906.0
8.0,8.0,215.0,397.0,811.0,984.0,4,1027.0
8.0,8.0,215.0,397.0,811.0,984.0,4,1027.0
8.0,8.0,215.0,397.0,811.0,984.0,4,1027.0
8.0,8.0,397.0,421.0,571.0,1017.0,4,1027.0
8.0,8.0,215.0,229.0,421.0,571.0,4,1017.0
8.0,8.0,215.0,229.0,397.0,421.0,4,1017.0
8.0,8.0,215.0,397.0,984.0,1017.0,4,1027.0
8.0,8.0,215.0,571.0,811.0,984.0,4,1027.0
8.0,8.0,229.0,571.0,811.0,984.0,4,1027.0
8.0,8.0,229.0,571.0,811.0,984.0,4,1017.0
8.0,8.0,229.0,421.0,571.0,984.0,4,1017.0
8.0,8.0,397.0,421.0,984.0,1017.0,4,1027.0
8.0,8.0,326.0,347.0,397.0,1017.0,4,1027.0
8.0,8.0,326.0,347.0,397.0,500.0,4,1017.0
8.0,27.0,69.0,105.0,670.0,680.0,4,935.0
8.0,27.0,69.0,105.0,319.0,668.0,4,777.0
8.0,27.0,23.0,69.0,319.0,668.0,4,777.0
8.0,27.0,23.0,319.0,668.0,680.0,4,777.0
8.0,27.0,23.0,319.0,668.0,680.0,4,777.0
8.0,27.0,69.0,105.0,670.0,680.0,4,935.0
8.0,27.0,105.0,319.0,668.0,680.0,4,777.0
8.0,14.0,134.0,302.0,405.0,472.0,4,1015.0
8.0,14.0,134.0,302.0,405.0,472.0,4,868.0
8.0,14.0,134.0,302.0,405.0,472.0,4,868.0
8.0,14.0,134.0,302.0,405.0,472.0,4,868.0
8.0,14.0,134.0,302.0,405.0,472.0,4,868.0
8.0,14.0,472.0,520.0,938.0,1013.0,4,1015.0
8.0,14.0,134.0,302.0,405.0,516.0,4,868.0
8.0,14.0,134.0,302.0,405.0,516.0,4,868.0
8.0,14.0,134.0,302.0,516.0,868.0,4,1013.0
8.0,14.0,134.0,516.0,868.0,1013.0,4,1015.0
8.0,29.0,132.0,242.0,755.0,769.0,4,821.0
8.0,29.0,41.0,83.0,242.0,260.0,4,755.0
8.0,29.0,41.0,242.0,260.0,755.0,4,821.0
8.0,29.0,83.0,132.0,242.0,769.0,4,821.0
8.0,29.0,83.0,242.0,456.0,755.0,4,821.0
8.0,29.0,41.0,83.0,242.0,456.0,4,769.0
8.0,29.0,41.0,83.0,242.0,456.0,4,769.0
8.0,29.0,41.0,242.0,456.0,755.0,4,769.0
8.0,29.0,41.0,83.0,456.0,769.0,4,824.0
8.0,29.0,41.0,83.0,456.0,769.0,4,824.0
8.0,25.0,269.0,311.0,759.0,958.0,4,1003.0
8.0,25.0,269.0,311.0,759.0,958.0,4,1003.0
8.0,25.0,311.0,759.0,958.0,1003.0,4,1024.0
8.0,25.0,642.0,759.0,958.0,1003.0,4,1024.0
8.0,25.0,2.0,50.0,146.0,642.0,4,1024.0
8.0,25.0,269.0,311.0,759.0,958.0,4,1003.0
8.0,25.0,311.0,759.0,958.0,1003.0,4,1024.0
8.0,25.0,2.0,50.0,642.0,759.0,4,1003.0
8.0,25.0,2.0,50.0,642.0,759.0,4,1003.0
8.0,0.0,13.0,244.0,252.0,601.0,4,789.0
8.0,0.0,13.0,573.0,601.0,720.0,4,906.0
8.0,0.0,13.0,244.0,573.0,601.0,4,906.0
8.0,0.0,13.0,244.0,601.0,906.0,4,947.0
8.0,0.0,13.0,244.0,789.0,906.0,4,947.0
8.0,0.0,252.0,720.0,789.0,906.0,4,947.0
8.0,0.0,13.0,244.0,252.0,601.0,4,789.0
8.0,0.0,244.0,252.0,573.0,720.0,4,789.0
8.0,0.0,13.0,252.0,573.0,601.0,4,720.0
8.0,0.0,252.0,720.0,789.0,906.0,4,947.0
8.0,5.0,14.0,352.0,467.0,568.0,4,686.0
8.0,5.0,89.0,352.0,568.0,686.0,4,776.0
8.0,5.0,89.0,452.0,611.0,730.0,4,776.0
8.0,5.0,89.0,452.0,611.0,730.0,4,776.0
8.0,5.0,14.0,117.0,467.0,568.0,4,686.0
8.0,5.0,14.0,117.0,467.0,568.0,4,686.0
8.0,5.0,14.0,352.0,467.0,568.0,4,686.0
8.0,5.0,89.0,352.0,467.0,568.0,4,686.0
8.0,5.0,89.0,352.0,568.0,686.0,4,776.0
8.0,5.0,89.0,452.0,467.0,730.0,4,776.0
8.0,5.0,89.0,452.0,467.0,730.0,4,776.0
8.0,5.0,89.0,467.0,568.0,686.0,4,730.0
8.0,5.0,89.0,352.0,568.0,686.0,4,730.0
8.0,5.0,89.0,352.0,568.0,686.0,4,730.0
8.0,0.0,13.0,244.0,465.0,601.0,4,789.0
8.0,0.0,244.0,252.0,573.0,789.0,4,792.0
8.0,0.0,13.0,252.0,573.0,601.0,4,792.0
8.0,0.0,13.0,244.0,465.0,601.0,4,789.0
8.0,0.0,13.0,244.0,573.0,792.0,4,906.0
8.0,0.0,465.0,601.0,720.0,789.0,4,947.0
8.0,0.0,465.0,601.0,720.0,789.0,4,947.0
8.0,0.0,13.0,244.0,465.0,601.0,4,789.0
8.0,0.0,13.0,465.0,601.0,789.0,4,947.0
8.0,9.0,39.0,64.0,137.0,574.0,4,825.0
8.0,9.0,488.0,495.0,903.0,913.0,4,941.0
8.0,9.0,39.0,64.0,504.0,574.0,4,941.0
8.0,9.0,39.0,64.0,137.0,504.0,4,574.0
8.0,9.0,39.0,64.0,488.0,504.0,4,941.0
8.0,9.0,64.0,488.0,495.0,504.0,4,941.0
8.0,0.0,13.0,244.0,465.0,601.0,4,789.0
8.0,0.0,244.0,573.0,789.0,792.0,4,906.0
8.0,0.0,244.0,573.0,789.0,792.0,4,906.0
8.0,0.0,13.0,601.0,792.0,906.0,4,947.0
8.0,0.0,13.0,465.0,601.0,720.0,4,947.0
8.0,0.0,13.0,244.0,601.0,720.0,4,906.0
8.0,0.0,13.0,244.0,465.0,601.0,4,720.0
8.0,0.0,244.0,465.0,601.0,720.0,4,792.0
8.0,0.0,244.0,573.0,720.0,792.0,4,906.0
8.0,0.0,244.0,573.0,721.0,792.0,4,906.0
8.0,0.0,573.0,721.0,792.0,906.0,4,947.0
8.0,0.0,315.0,503.0,573.0,720.0,4,906.0
8.0,0.0,315.0,503.0,573.0,721.0,4,947.0
8.0,0.0,315.0,503.0,573.0,906.0,4,947.0
8.0,0.0,13.0,244.0,465.0,601.0,4,720.0
8.0,0.0,244.0,465.0,573.0,721.0,4,792.0
8.0,0.0,244.0,252.0,573.0,721.0,4,792.0
8.0,0.0,13.0,465.0,573.0,601.0,4,720.0
8.0,0.0,13.0,465.0,601.0,720.0,4,947.0
8.0,0.0,244.0,465.0,720.0,721.0,4,947.0
8.0,0.0,244.0,465.0,720.0,721.0,4,947.0
8.0,0.0,13.0,244.0,465.0,601.0,4,720.0
8.0,0.0,244.0,465.0,573.0,721.0,4,792.0
8.0,0.0,252.0,573.0,721.0,792.0,4,906.0
8.0,0.0,13.0,601.0,720.0,906.0,4,947.0
8.0,0.0,13.0,601.0,720.0,906.0,4,947.0
8.0,0.0,601.0,720.0,721.0,906.0,4,947.0
8.0,0.0,252.0,315.0,573.0,721.0,4,906.0
8.0,2.0,98.0,120.0,255.0,493.0,4,948.0
8.0,2.0,98.0,120.0,255.0,679.0,4,948.0
8.0,2.0,98.0,444.0,493.0,679.0,4,687.0
8.0,2.0,98.0,444.0,493.0,679.0,4,687.0
8.0,2.0,98.0,120.0,255.0,300.0,4,493.0
8.0,2.0,120.0,255.0,444.0,493.0,4,948.0
8.0,2.0,120.0,255.0,444.0,493.0,4,948.0
8.0,2.0,120.0,255.0,444.0,493.0,4,948.0
8.0,2.0,120.0,255.0,444.0,493.0,4,948.0
8.0,0.0,13.0,244.0,465.0,601.0,4,720.0
8.0,0.0,13.0,244.0,465.0,601.0,4,721.0
8.0,0.0,13.0,252.0,573.0,601.0,4,792.0
8.0,0.0,465.0,601.0,720.0,721.0,4,906.0
8.0,0.0,13.0,244.0,465.0,601.0,4,720.0
8.0,0.0,13.0,244.0,465.0,601.0,4,721.0
8.0,0.0,244.0,252.0,573.0,721.0,4,792.0
8.0,0.0,13.0,252.0,573.0,601.0,4,792.0
8.0,0.0,13.0,252.0,573.0,601.0,4,720.0
8.0,0.0,13.0,252.0,601.0,720.0,4,906.0
8.0,0.0,76.0,315.0,503.0,721.0,4,906.0
8.0,34.0,104.0,506.0,662.0,747.0,4,790.0
8.0,34.0,104.0,290.0,506.0,662.0,4,790.0
8.0,34.0,104.0,290.0,506.0,662.0,4,790.0
8.0,34.0,290.0,506.0,662.0,774.0,4,790.0
8.0,34.0,104.0,290.0,747.0,774.0,4,809.0
8.0,34.0,104.0,595.0,747.0,774.0,4,809.0
8.0,34.0,506.0,595.0,747.0,774.0,4,790.0
8.0,34.0,506.0,595.0,662.0,774.0,4,790.0
8.0,34.0,104.0,506.0,662.0,747.0,4,790.0
8.0,0.0,13.0,244.0,465.0,601.0,4,720.0
8.0,0.0,13.0,465.0,503.0,601.0,4,721.0
8.0,0.0,13.0,244.0,315.0,465.0,4,601.0
8.0,0.0,13.0,244.0,465.0,601.0,4,720.0
8.0,0.0,244.0,315.0,465.0,573.0,4,721.0
8.0,0.0,13.0,573.0,601.0,721.0,4,906.0
8.0,0.0,244.0,315.0,465.0,720.0,4,906.0
8.0,0.0,13.0,244.0,465.0,601.0,4,721.0
8.0,4.0,1.0,486.0,715.0,786.0,4,936.0
8.0,4.0,1.0,715.0,757.0,936.0,4,964.0
8.0,4.0,1.0,486.0,786.0,936.0,4,964.0
8.0,4.0,1.0,486.0,757.0,786.0,4,964.0
8.0,4.0,297.0,486.0,715.0,743.0,4,757.0
8.0,4.0,1.0,486.0,715.0,757.0,4,786.0
8.0,27.0,319.0,359.0,668.0,680.0,4,726.0
8.0,27.0,23.0,319.0,359.0,668.0,4,680.0
8.0,27.0,23.0,319.0,392.0,668.0,4,680.0
8.0,27.0,23.0,64.0,319.0,359.0,4,668.0
8.0,27.0,23.0,359.0,392.0,668.0,4,680.0
8.0,27.0,319.0,359.0,668.0,680.0,4,726.0
8.0,27.0,23.0,319.0,359.0,668.0,4,680.0
8.0,27.0,23.0,319.0,359.0,668.0,4,901.0
8.0,27.0,23.0,319.0,392.0,668.0,4,901.0
8.0,27.0,351.0,392.0,726.0,901.0,4,985.0
8.0,33.0,21.0,258.0,318.0,361.0,4,976.0
8.0,33.0,21.0,258.0,318.0,361.0,4,976.0
8.0,33.0,219.0,361.0,492.0,861.0,4,975.0
8.0,33.0,219.0,318.0,361.0,492.0,4,861.0
8.0,33.0,21.0,258.0,844.0,975.0,4,976.0
8.0,33.0,21.0,258.0,361.0,975.0,4,976.0
8.0,33.0,21.0,219.0,318.0,492.0,4,861.0
8.0,33.0,21.0,219.0,492.0,861.0,4,975.0
8.0,33.0,21.0,258.0,361.0,975.0,4,976.0
8.0,33.0,219.0,844.0,861.0,925.0,4,976.0
8.0,33.0,219.0,385.0,844.0,861.0,4,925.0
8.0,14.0,134.0,302.0,472.0,592.0,4,1015.0
8.0,14.0,302.0,516.0,854.0,868.0,4,1013.0
8.0,14.0,134.0,472.0,520.0,592.0,4,1015.0
8.0,14.0,134.0,302.0,592.0,854.0,4,1013.0
8.0,14.0,134.0,302.0,592.0,854.0,4,1013.0
8.0,27.0,23.0,319.0,359.0,680.0,4,777.0
8.0,27.0,23.0,319.0,359.0,680.0,4,777.0
8.0,27.0,23.0,64.0,351.0,392.0,4,777.0
8.0,27.0,319.0,351.0,392.0,680.0,4,726.0
8.0,27.0,23.0,319.0,359.0,392.0,4,680.0
8.0,27.0,23.0,319.0,359.0,668.0,4,680.0
8.0,27.0,319.0,392.0,668.0,680.0,4,726.0
8.0,27.0,23.0,351.0,392.0,777.0,4,901.0
8.0,27.0,23.0,319.0,351.0,680.0,4,777.0
8.0,27.0,319.0,351.0,359.0,680.0,4,777.0
8.0,27.0,319.0,359.0,668.0,680.0,4,726.0
8.0,27.0,319.0,359.0,668.0,680.0,4,726.0
8.0,27.0,23.0,351.0,359.0,668.0,4,777.0
8.0,27.0,319.0,392.0,680.0,726.0,4,777.0
8.0,27.0,319.0,392.0,680.0,726.0,4,777.0
8.0,27.0,319.0,359.0,680.0,726.0,4,777.0
8.0,27.0,23.0,359.0,668.0,680.0,4,777.0
8.0,27.0,319.0,359.0,668.0,680.0,4,726.0
8.0,27.0,359.0,392.0,680.0,726.0,4,777.0
8.0,27.0,359.0,392.0,668.0,777.0,4,901.0
8.0,27.0,319.0,359.0,668.0,680.0,4,726.0
8.0,27.0,23.0,64.0,319.0,392.0,4,777.0
8.0,27.0,64.0,351.0,392.0,680.0,4,777.0
8.0,27.0,351.0,359.0,680.0,726.0,4,777.0
8.0,27.0,319.0,359.0,668.0,680.0,4,726.0
8.0,27.0,319.0,359.0,680.0,726.0,4,777.0
8.0,27.0,23.0,319.0,392.0,680.0,4,777.0
8.0,27.0,23.0,351.0,392.0,668.0,4,777.0
8.0,27.0,351.0,359.0,392.0,680.0,4,726.0
8.0,27.0,351.0,359.0,392.0,680.0,4,726.0
8.0,27.0,351.0,359.0,392.0,680.0,4,726.0
8.0,27.0,319.0,359.0,668.0,680.0,4,726.0
8.0,27.0,319.0,359.0,668.0,680.0,4,726.0
8.0,27.0,23.0,64.0,351.0,392.0,4,777.0
8.0,27.0,64.0,319.0,359.0,392.0,4,726.0
8.0,27.0,319.0,359.0,668.0,680.0,4,726.0
8.0,27.0,23.0,319.0,392.0,668.0,4,777.0
8.0,27.0,319.0,359.0,680.0,726.0,4,777.0
8.0,1.0,106.0,333.0,463.0,795.0,4,989.0
8.0,1.0,78.0,442.0,670.0,808.0,4,989.0
8.0,1.0,78.0,106.0,442.0,463.0,4,795.0
8.0,1.0,333.0,463.0,670.0,808.0,4,989.0
8.0,1.0,333.0,442.0,670.0,795.0,4,989.0
8.0,1.0,78.0,333.0,463.0,808.0,4,989.0
8.0,9.0,39.0,137.0,194.0,510.0,4,913.0
8.0,9.0,39.0,108.0,137.0,535.0,4,574.0
8.0,9.0,39.0,194.0,510.0,604.0,4,913.0
8.0,26.0,381.0,635.0,703.0,748.0,4,965.0
8.0,26.0,25.0,107.0,381.0,554.0,4,635.0
8.0,26.0,25.0,107.0,381.0,384.0,4,554.0
8.0,26.0,107.0,635.0,703.0,837.0,4,965.0
8.0,26.0,25.0,107.0,384.0,554.0,4,748.0
8.0,26.0,25.0,107.0,384.0,554.0,4,748.0
8.0,26.0,25.0,107.0,554.0,748.0,4,837.0
8.0,26.0,25.0,107.0,554.0,748.0,4,837.0
8.0,26.0,291.0,384.0,703.0,748.0,4,837.0
8.0,26.0,25.0,107.0,291.0,554.0,4,837.0
8.0,26.0,25.0,107.0,291.0,554.0,4,837.0
8.0,12.0,156.0,280.0,386.0,638.0,4,909.0
8.0,12.0,0.0,207.0,386.0,620.0,4,909.0
8.0,12.0,156.0,280.0,620.0,638.0,4,909.0
8.0,12.0,280.0,386.0,620.0,845.0,4,909.0
8.0,12.0,0.0,207.0,638.0,904.0,4,909.0
8.0,12.0,0.0,207.0,280.0,638.0,4,904.0
8.0,27.0,319.0,359.0,668.0,680.0,4,726.0
8.0,27.0,23.0,319.0,351.0,668.0,4,777.0
8.0,27.0,23.0,351.0,359.0,680.0,4,777.0
8.0,27.0,351.0,359.0,680.0,726.0,4,777.0
8.0,27.0,23.0,319.0,359.0,668.0,4,777.0
8.0,27.0,319.0,359.0,668.0,680.0,4,726.0
8.0,27.0,64.0,351.0,359.0,668.0,4,777.0
8.0,27.0,64.0,319.0,351.0,680.0,4,777.0
8.0,27.0,319.0,351.0,680.0,726.0,4,777.0
8.0,27.0,319.0,351.0,680.0,726.0,4,777.0
8.0,27.0,319.0,351.0,680.0,726.0,4,777.0
8.0,8.0,74.0,571.0,957.0,984.0,4,1027.0
8.0,8.0,74.0,397.0,957.0,984.0,4,1027.0
8.0,8.0,347.0,397.0,957.0,984.0,4,1027.0
8.0,8.0,215.0,347.0,397.0,957.0,4,984.0
8.0,8.0,215.0,229.0,347.0,397.0,4,740.0
8.0,8.0,215.0,229.0,347.0,571.0,4,740.0
8.0,8.0,74.0,229.0,571.0,984.0,4,1027.0
8.0,8.0,74.0,397.0,571.0,984.0,4,1027.0
8.0,8.0,74.0,571.0,957.0,984.0,4,1027.0
8.0,8.0,30.0,215.0,229.0,347.0,4,740.0
8.0,27.0,23.0,351.0,359.0,680.0,4,777.0
8.0,27.0,64.0,319.0,351.0,726.0,4,777.0
8.0,27.0,64.0,319.0,351.0,726.0,4,777.0
8.0,27.0,319.0,359.0,668.0,680.0,4,726.0
8.0,27.0,319.0,359.0,680.0,726.0,4,777.0
8.0,27.0,319.0,351.0,359.0,680.0,4,777.0
8.0,27.0,319.0,359.0,680.0,726.0,4,777.0
8.0,27.0,23.0,319.0,351.0,668.0,4,680.0
8.0,27.0,319.0,351.0,359.0,680.0,4,777.0
8.0,27.0,319.0,359.0,680.0,726.0,4,777.0
8.0,27.0,23.0,319.0,359.0,680.0,4,777.0
8.0,27.0,319.0,359.0,680.0,726.0,4,777.0
8.0,27.0,23.0,319.0,359.0,680.0,4,777.0
8.0,27.0,23.0,64.0,319.0,351.0,4,668.0
8.0,27.0,64.0,319.0,351.0,668.0,4,726.0
8.0,27.0,64.0,319.0,351.0,668.0,4,726.0
8.0,27.0,64.0,319.0,359.0,668.0,4,726.0
8.0,27.0,319.0,359.0,668.0,680.0,4,726.0
8.0,27.0,64.0,69.0,901.0,935.0,4,985.0
8.0,27.0,23.0,319.0,351.0,668.0,4,680.0
8.0,27.0,23.0,64.0,319.0,351.0,4,668.0
8.0,27.0,23.0,64.0,319.0,351.0,4,668.0
8.0,27.0,23.0,64.0,351.0,668.0,4,985.0
8.0,27.0,23.0,64.0,351.0,668.0,4,985.0
8.0,27.0,319.0,359.0,680.0,726.0,4,777.0
8.0,27.0,319.0,359.0,668.0,726.0,4,777.0
8.0,27.0,23.0,319.0,359.0,668.0,4,680.0
8.0,27.0,23.0,64.0,351.0,359.0,4,668.0
8.0,27.0,23.0,64.0,319.0,351.0,4,668.0
8.0,27.0,319.0,351.0,668.0,680.0,4,777.0
8.0,27.0,319.0,359.0,680.0,726.0,4,777.0
8.0,27.0,23.0,64.0,351.0,359.0,4,777.0
8.0,27.0,64.0,351.0,392.0,668.0,4,726.0
8.0,27.0,319.0,359.0,392.0,668.0,4,680.0
8.0,27.0,319.0,359.0,392.0,668.0,4,680.0
8.0,27.0,319.0,359.0,680.0,726.0,4,777.0
8.0,27.0,23.0,359.0,392.0,680.0,4,777.0
8.0,27.0,351.0,392.0,668.0,726.0,4,777.0
8.0,27.0,319.0,359.0,392.0,726.0,4,777.0
8.0,27.0,23.0,319.0,351.0,680.0,4,777.0
8.0,27.0,319.0,392.0,668.0,680.0,4,726.0
8.0,27.0,351.0,392.0,668.0,680.0,4,726.0
8.0,27.0,64.0,351.0,392.0,668.0,4,726.0
8.0,27.0,319.0,351.0,392.0,726.0,4,777.0
8.0,27.0,23.0,319.0,351.0,680.0,4,777.0
8.0,27.0,23.0,319.0,351.0,680.0,4,777.0
8.0,27.0,23.0,319.0,392.0,680.0,4,777.0
8.0,27.0,319.0,351.0,392.0,680.0,4,777.0
8.0,5.0,14.0,179.0,568.0,611.0,4,706.0
8.0,5.0,89.0,117.0,348.0,352.0,4,686.0
8.0,5.0,117.0,179.0,348.0,352.0,4,686.0
8.0,5.0,14.0,117.0,348.0,611.0,4,706.0
8.0,5.0,14.0,348.0,568.0,611.0,4,706.0
8.0,5.0,14.0,179.0,352.0,568.0,4,706.0
8.0,5.0,89.0,348.0,352.0,568.0,4,686.0
8.0,5.0,14.0,348.0,352.0,568.0,4,686.0
8.0,5.0,14.0,348.0,352.0,568.0,4,686.0
8.0,23.0,136.0,454.0,524.0,778.0,4,874.0
8.0,23.0,136.0,454.0,524.0,778.0,4,874.0
8.0,23.0,778.0,799.0,874.0,896.0,4,972.0
8.0,23.0,778.0,799.0,874.0,896.0,4,972.0
8.0,23.0,136.0,180.0,454.0,524.0,4,955.0
8.0,23.0,136.0,524.0,874.0,955.0,4,972.0
8.0,23.0,136.0,524.0,778.0,874.0,4,955.0
8.0,23.0,136.0,454.0,524.0,778.0,4,955.0
8.0,23.0,136.0,180.0,524.0,799.0,4,955.0
8.0,23.0,136.0,454.0,524.0,874.0,4,955.0
8.0,23.0,136.0,454.0,524.0,778.0,4,874.0
8.0,23.0,136.0,524.0,778.0,874.0,4,955.0
8.0,23.0,136.0,524.0,778.0,799.0,4,955.0
8.0,34.0,104.0,506.0,595.0,662.0,4,790.0
8.0,34.0,104.0,506.0,583.0,595.0,4,790.0
8.0,34.0,506.0,595.0,662.0,790.0,4,817.0
8.0,34.0,506.0,583.0,747.0,774.0,4,817.0
8.0,34.0,506.0,583.0,747.0,774.0,4,817.0
8.0,34.0,104.0,506.0,583.0,747.0,4,817.0
8.0,34.0,104.0,506.0,583.0,790.0,4,817.0
8.0,29.0,132.0,260.0,755.0,769.0,4,821.0
8.0,29.0,83.0,230.0,456.0,824.0,4,860.0
8.0,29.0,83.0,230.0,456.0,824.0,4,860.0
8.0,29.0,83.0,230.0,260.0,824.0,4,860.0
8.0,29.0,83.0,230.0,821.0,824.0,4,860.0
8.0,29.0,83.0,230.0,821.0,824.0,4,860.0
8.0,14.0,302.0,520.0,592.0,854.0,4,1015.0
8.0,14.0,134.0,472.0,753.0,840.0,4,1013.0
8.0,14.0,134.0,472.0,753.0,840.0,4,1013.0
8.0,14.0,134.0,302.0,472.0,592.0,4,753.0
8.0,22.0,58.0,536.0,639.0,768.0,4,990.0
8.0,22.0,58.0,536.0,639.0,768.0,4,990.0
8.0,22.0,58.0,218.0,536.0,864.0,4,990.0
8.0,22.0,77.0,218.0,485.0,768.0,4,864.0
8.0,22.0,58.0,485.0,536.0,768.0,4,990.0
8.0,22.0,58.0,485.0,536.0,864.0,4,990.0
8.0,22.0,58.0,77.0,485.0,864.0,4,990.0
8.0,22.0,58.0,536.0,639.0,768.0,4,990.0
8.0,22.0,58.0,218.0,485.0,864.0,4,990.0
8.0,22.0,58.0,77.0,218.0,485.0,4,864.0
8.0,22.0,58.0,77.0,218.0,485.0,4,864.0
8.0,22.0,58.0,218.0,485.0,536.0,4,864.0
8.0,22.0,58.0,218.0,536.0,864.0,4,990.0
8.0,27.0,23.0,319.0,359.0,680.0,4,777.0
8.0,27.0,319.0,359.0,680.0,726.0,4,777.0
8.0,27.0,319.0,392.0,668.0,726.0,4,777.0
8.0,27.0,351.0,392.0,668.0,726.0,4,935.0
8.0,27.0,351.0,392.0,668.0,726.0,4,935.0
8.0,27.0,319.0,359.0,668.0,726.0,4,777.0
8.0,27.0,23.0,319.0,359.0,680.0,4,777.0
8.0,27.0,23.0,319.0,359.0,680.0,4,777.0
8.0,27.0,319.0,351.0,668.0,726.0,4,777.0
8.0,27.0,319.0,351.0,392.0,668.0,4,726.0
8.0,27.0,351.0,359.0,392.0,668.0,4,726.0
8.0,27.0,351.0,359.0,392.0,668.0,4,726.0
8.0,27.0,319.0,359.0,392.0,668.0,4,680.0
8.0,27.0,69.0,359.0,901.0,935.0,4,1038.0
8.0,17.0,109.0,354.0,507.0,587.0,4,1037.0
8.0,17.0,109.0,354.0,439.0,502.0,4,587.0
8.0,17.0,109.0,354.0,439.0,502.0,4,764.0
8.0,17.0,439.0,484.0,502.0,569.0,4,764.0
8.0,17.0,109.0,354.0,507.0,587.0,4,1037.0
8.0,17.0,109.0,354.0,507.0,587.0,4,1037.0
8.0,17.0,109.0,439.0,484.0,502.0,4,587.0
8.0,17.0,109.0,354.0,484.0,502.0,4,587.0
8.0,18.0,51.0,362.0,730.0,892.0,4,948.0
8.0,18.0,51.0,362.0,730.0,892.0,4,948.0
8.0,18.0,51.0,56.0,362.0,730.0,4,892.0
8.0,18.0,51.0,56.0,150.0,362.0,4,1035.0
8.0,18.0,56.0,150.0,730.0,836.0,4,892.0
8.0,18.0,51.0,362.0,730.0,892.0,4,948.0
8.0,18.0,51.0,56.0,362.0,730.0,4,892.0
8.0,18.0,51.0,56.0,150.0,362.0,4,1035.0
8.0,18.0,51.0,150.0,362.0,730.0,4,948.0
8.0,15.0,188.0,659.0,714.0,960.0,4,1036.0
8.0,15.0,86.0,509.0,593.0,749.0,4,1005.0
8.0,15.0,593.0,714.0,749.0,960.0,4,1036.0
8.0,15.0,188.0,659.0,714.0,960.0,4,1036.0
8.0,15.0,86.0,188.0,593.0,1005.0,4,1036.0
8.0,15.0,593.0,659.0,714.0,749.0,4,1005.0
8.0,15.0,188.0,593.0,659.0,714.0,4,960.0
8.0,27.0,23.0,319.0,359.0,680.0,4,777.0
8.0,27.0,105.0,359.0,392.0,680.0,4,777.0
8.0,27.0,105.0,351.0,392.0,668.0,4,935.0
8.0,27.0,23.0,319.0,351.0,359.0,4,680.0
8.0,27.0,23.0,319.0,351.0,359.0,4,680.0
8.0,27.0,23.0,319.0,351.0,359.0,4,680.0
8.0,27.0,23.0,319.0,359.0,680.0,4,777.0
8.0,27.0,319.0,359.0,680.0,726.0,4,777.0
8.0,27.0,319.0,392.0,680.0,726.0,4,777.0
8.0,27.0,351.0,392.0,668.0,726.0,4,777.0
8.0,27.0,351.0,392.0,668.0,726.0,4,777.0
8.0,27.0,105.0,351.0,392.0,668.0,4,726.0
8.0,27.0,105.0,351.0,359.0,392.0,4,668.0
8.0,27.0,105.0,319.0,351.0,359.0,4,680.0
8.0,27.0,319.0,392.0,668.0,680.0,4,726.0
8.0,27.0,105.0,351.0,392.0,668.0,4,726.0
8.0,27.0,105.0,351.0,359.0,392.0,4,668.0
8.0,27.0,23.0,319.0,359.0,680.0,4,777.0
8.0,27.0,23.0,319.0,359.0,392.0,4,777.0
8.0,27.0,23.0,319.0,359.0,392.0,4,777.0
8.0,27.0,23.0,319.0,359.0,680.0,4,777.0
8.0,27.0,105.0,319.0,359.0,680.0,4,777.0
8.0,27.0,105.0,319.0,351.0,392.0,4,668.0
8.0,27.0,105.0,351.0,359.0,392.0,4,668.0
8.0,27.0,319.0,359.0,392.0,680.0,4,777.0
8.0,27.0,23.0,319.0,359.0,680.0,4,777.0
8.0,27.0,319.0,359.0,668.0,680.0,4,726.0
8.0,27.0,319.0,392.0,668.0,680.0,4,726.0
8.0,27.0,105.0,351.0,359.0,392.0,4,668.0
8.0,27.0,105.0,351.0,359.0,392.0,4,668.0
8.0,27.0,105.0,319.0,351.0,359.0,4,668.0
8.0,27.0,105.0,319.0,351.0,359.0,4,680.0
8.0,27.0,23.0,319.0,351.0,392.0,4,680.0
8.0,27.0,105.0,319.0,359.0,680.0,4,777.0
8.0,27.0,105.0,319.0,359.0,668.0,4,777.0
8.0,27.0,105.0,359.0,392.0,668.0,4,777.0
8.0,27.0,105.0,359.0,392.0,668.0,4,777.0
8.0,27.0,23.0,319.0,359.0,680.0,4,777.0
8.0,27.0,23.0,319.0,359.0,680.0,4,777.0
8.0,27.0,23.0,319.0,359.0,680.0,4,777.0
8.0,27.0,105.0,359.0,392.0,668.0,4,726.0
8.0,27.0,105.0,359.0,392.0,668.0,4,680.0
8.0,27.0,319.0,359.0,680.0,726.0,4,777.0
8.0,27.0,319.0,359.0,680.0,726.0,4,777.0
8.0,27.0,359.0,392.0,668.0,726.0,4,777.0
8.0,27.0,105.0,319.0,392.0,668.0,4,777.0
8.0,27.0,105.0,319.0,392.0,668.0,4,680.0
8.0,27.0,105.0,319.0,392.0,668.0,4,680.0
8.0,27.0,23.0,319.0,359.0,680.0,4,777.0
8.0,27.0,105.0,359.0,392.0,668.0,4,680.0
8.0,27.0,105.0,319.0,359.0,680.0,4,777.0
8.0,27.0,105.0,359.0,392.0,668.0,4,726.0
8.0,27.0,105.0,359.0,392.0,668.0,4,726.0
8.0,27.0,105.0,319.0,359.0,392.0,4,668.0
8.0,27.0,105.0,319.0,359.0,392.0,4,668.0
8.0,27.0,105.0,319.0,359.0,392.0,4,668.0
8.0,27.0,105.0,319.0,392.0,668.0,4,680.0
8.0,27.0,105.0,319.0,392.0,668.0,4,777.0
8.0,27.0,105.0,319.0,392.0,668.0,4,777.0
8.0,27.0,351.0,392.0,668.0,726.0,4,777.0
8.0,27.0,319.0,359.0,668.0,680.0,4,726.0
8.0,27.0,105.0,319.0,359.0,668.0,4,680.0
8.0,27.0,319.0,359.0,680.0,726.0,4,777.0
8.0,27.0,105.0,359.0,392.0,668.0,4,777.0
8.0,27.0,105.0,351.0,392.0,668.0,4,777.0
8.0,27.0,105.0,319.0,392.0,668.0,4,680.0
8.0,29.0,83.0,242.0,456.0,769.0,4,809.0
8.0,29.0,83.0,132.0,242.0,260.0,4,809.0
8.0,29.0,83.0,132.0,260.0,821.0,4,824.0
8.0,29.0,83.0,242.0,456.0,769.0,4,809.0
8.0,29.0,83.0,242.0,456.0,769.0,4,809.0
8.0,29.0,83.0,242.0,456.0,769.0,4,809.0
8.0,29.0,83.0,242.0,260.0,809.0,4,824.0
8.0,29.0,83.0,132.0,260.0,821.0,4,824.0
8.0,29.0,83.0,242.0,260.0,456.0,4,809.0
8.0,18.0,51.0,56.0,580.0,758.0,4,834.0
8.0,18.0,348.0,362.0,580.0,758.0,4,834.0
8.0,18.0,348.0,362.0,580.0,758.0,4,834.0
8.0,18.0,10.0,51.0,362.0,580.0,4,834.0
8.0,18.0,10.0,348.0,758.0,834.0,4,892.0
8.0,18.0,51.0,362.0,580.0,758.0,4,834.0
8.0,4.0,259.0,486.0,487.0,715.0,4,786.0
8.0,4.0,1.0,486.0,487.0,715.0,4,786.0
8.0,4.0,1.0,486.0,715.0,786.0,4,936.0
8.0,4.0,1.0,487.0,757.0,936.0,4,964.0
8.0,4.0,259.0,486.0,487.0,936.0,4,964.0
8.0,27.0,23.0,69.0,105.0,319.0,4,668.0
8.0,27.0,69.0,105.0,298.0,319.0,4,668.0
8.0,27.0,105.0,319.0,668.0,670.0,4,935.0
8.0,27.0,23.0,319.0,670.0,680.0,4,777.0
8.0,27.0,23.0,109.0,319.0,680.0,4,777.0
8.0,27.0,69.0,105.0,109.0,668.0,4,777.0
8.0,27.0,69.0,105.0,109.0,319.0,4,668.0
8.0,27.0,105.0,109.0,319.0,668.0,4,935.0
8.0,27.0,105.0,319.0,668.0,777.0,4,935.0
8.0,27.0,23.0,109.0,319.0,680.0,4,777.0
8.0,8.0,215.0,229.0,347.0,552.0,4,984.0
8.0,8.0,215.0,397.0,552.0,811.0,4,984.0
8.0,8.0,215.0,397.0,552.0,811.0,4,984.0
8.0,8.0,397.0,421.0,500.0,811.0,4,1017.0
8.0,8.0,347.0,421.0,500.0,552.0,4,1017.0
8.0,8.0,347.0,421.0,500.0,552.0,4,1017.0
8.0,8.0,215.0,397.0,421.0,984.0,4,1017.0
8.0,8.0,347.0,397.0,500.0,811.0,4,984.0
8.0,8.0,215.0,347.0,552.0,984.0,4,1017.0
8.0,8.0,215.0,552.0,811.0,984.0,4,1017.0
8.0,8.0,215.0,347.0,552.0,984.0,4,1017.0
8.0,8.0,215.0,347.0,500.0,984.0,4,1017.0
8.0,8.0,215.0,347.0,500.0,984.0,4,1017.0
8.0,16.0,296.0,379.0,382.0,646.0,4,674.0
8.0,16.0,379.0,382.0,646.0,674.0,4,988.0
8.0,16.0,379.0,382.0,646.0,674.0,4,988.0
8.0,16.0,153.0,359.0,382.0,702.0,4,988.0
8.0,16.0,153.0,296.0,382.0,674.0,4,702.0
8.0,16.0,296.0,379.0,646.0,674.0,4,702.0
8.0,16.0,296.0,379.0,646.0,674.0,4,702.0
8.0,16.0,296.0,379.0,646.0,988.0,4,996.0
8.0,16.0,296.0,359.0,379.0,646.0,4,996.0
8.0,16.0,153.0,296.0,646.0,702.0,4,988.0
8.0,16.0,153.0,646.0,674.0,702.0,4,988.0
8.0,16.0,646.0,674.0,702.0,988.0,4,996.0
8.0,16.0,296.0,359.0,702.0,988.0,4,996.0
8.0,16.0,702.0,893.0,988.0,996.0,4,1038.0
8.0,25.0,269.0,311.0,759.0,958.0,4,1003.0
8.0,25.0,2.0,311.0,759.0,958.0,4,1003.0
8.0,25.0,50.0,146.0,311.0,696.0,4,1003.0
8.0,25.0,50.0,146.0,311.0,958.0,4,1003.0
8.0,25.0,50.0,311.0,759.0,958.0,4,1003.0
8.0,25.0,269.0,311.0,759.0,958.0,4,1003.0
8.0,25.0,50.0,146.0,311.0,696.0,4,1003.0
8.0,25.0,50.0,269.0,311.0,696.0,4,1003.0
8.0,25.0,269.0,311.0,958.0,1003.0,4,1024.0
8.0,25.0,269.0,311.0,759.0,958.0,4,1024.0
8.0,25.0,269.0,311.0,759.0,958.0,4,1003.0
8.0,2.0,17.0,255.0,444.0,493.0,4,687.0
8.0,2.0,17.0,98.0,120.0,444.0,4,948.0
8.0,2.0,255.0,493.0,679.0,687.0,4,948.0
8.0,2.0,255.0,444.0,493.0,687.0,4,948.0
8.0,2.0,17.0,120.0,255.0,444.0,4,493.0
8.0,2.0,17.0,120.0,255.0,444.0,4,948.0
8.0,2.0,98.0,120.0,185.0,255.0,4,444.0
8.0,2.0,98.0,120.0,185.0,255.0,4,444.0
8.0,2.0,98.0,120.0,185.0,255.0,4,444.0
8.0,27.0,23.0,319.0,668.0,680.0,4,777.0
8.0,27.0,69.0,105.0,668.0,670.0,4,680.0
8.0,27.0,23.0,319.0,668.0,777.0,4,935.0
8.0,27.0,319.0,668.0,680.0,777.0,4,935.0
8.0,27.0,23.0,319.0,668.0,680.0,4,777.0
8.0,27.0,105.0,319.0,668.0,680.0,4,777.0
8.0,27.0,105.0,319.0,668.0,670.0,4,680.0
8.0,27.0,69.0,105.0,668.0,670.0,4,680.0
8.0,27.0,69.0,105.0,670.0,680.0,4,935.0
8.0,27.0,69.0,105.0,670.0,777.0,4,935.0
8.0,27.0,105.0,319.0,670.0,777.0,4,935.0
8.0,27.0,105.0,319.0,680.0,777.0,4,935.0
8.0,27.0,105.0,319.0,668.0,680.0,4,777.0
8.0,27.0,69.0,105.0,668.0,891.0,4,935.0
8.0,27.0,298.0,351.0,668.0,777.0,4,891.0
8.0,27.0,105.0,319.0,668.0,680.0,4,777.0
8.0,27.0,105.0,319.0,668.0,680.0,4,777.0
8.0,27.0,105.0,319.0,668.0,680.0,4,777.0
8.0,27.0,105.0,319.0,668.0,680.0,4,777.0
8.0,27.0,105.0,319.0,668.0,680.0,4,777.0
8.0,27.0,69.0,298.0,319.0,777.0,4,935.0
8.0,27.0,69.0,298.0,668.0,777.0,4,935.0
8.0,27.0,69.0,105.0,319.0,668.0,4,777.0
8.0,27.0,69.0,105.0,319.0,668.0,4,777.0
8.0,27.0,105.0,319.0,680.0,777.0,4,935.0
8.0,27.0,69.0,105.0,319.0,668.0,4,777.0
8.0,27.0,69.0,298.0,351.0,668.0,4,935.0
8.0,27.0,105.0,319.0,668.0,680.0,4,777.0
8.0,27.0,105.0,319.0,668.0,680.0,4,777.0
8.0,27.0,23.0,319.0,668.0,680.0,4,777.0
8.0,27.0,23.0,69.0,680.0,777.0,4,935.0
8.0,27.0,69.0,105.0,680.0,777.0,4,935.0
8.0,27.0,23.0,69.0,105.0,319.0,4,935.0
8.0,27.0,0.0,23.0,69.0,105.0,4,777.0
8.0,27.0,23.0,319.0,668.0,680.0,4,777.0
8.0,27.0,23.0,319.0,668.0,680.0,4,777.0
8.0,27.0,69.0,105.0,319.0,351.0,4,668.0
8.0,27.0,105.0,319.0,351.0,668.0,4,680.0
8.0,27.0,319.0,351.0,668.0,680.0,4,777.0
8.0,27.0,69.0,105.0,319.0,668.0,4,935.0
8.0,27.0,69.0,105.0,668.0,777.0,4,935.0
8.0,27.0,69.0,469.0,668.0,680.0,4,777.0
8.0,27.0,319.0,351.0,668.0,680.0,4,777.0
8.0,27.0,105.0,319.0,351.0,668.0,4,680.0
8.0,27.0,105.0,319.0,668.0,680.0,4,777.0
8.0,27.0,105.0,319.0,351.0,777.0,4,935.0
8.0,27.0,69.0,351.0,469.0,668.0,4,680.0
8.0,27.0,69.0,319.0,351.0,668.0,4,680.0
8.0,27.0,69.0,319.0,351.0,668.0,4,680.0
8.0,22.0,58.0,320.0,768.0,802.0,4,990.0
8.0,22.0,58.0,218.0,763.0,768.0,4,990.0
8.0,22.0,26.0,218.0,536.0,763.0,4,864.0
8.0,22.0,26.0,218.0,320.0,763.0,4,864.0
8.0,22.0,218.0,320.0,802.0,864.0,4,990.0
8.0,22.0,320.0,768.0,802.0,864.0,4,990.0
8.0,22.0,26.0,218.0,536.0,763.0,4,802.0
8.0,22.0,58.0,218.0,320.0,536.0,4,763.0
8.0,22.0,58.0,218.0,320.0,536.0,4,763.0
8.0,22.0,58.0,218.0,320.0,802.0,4,990.0
8.0,8.0,74.0,215.0,552.0,571.0,4,984.0
8.0,8.0,74.0,229.0,552.0,811.0,4,1027.0
8.0,8.0,74.0,229.0,552.0,811.0,4,1027.0
8.0,8.0,229.0,552.0,740.0,811.0,4,1027.0
8.0,8.0,74.0,571.0,957.0,984.0,4,1027.0
8.0,8.0,74.0,215.0,571.0,957.0,4,984.0
8.0,8.0,74.0,215.0,571.0,957.0,4,984.0
8.0,8.0,74.0,215.0,571.0,957.0,4,984.0
8.0,8.0,74.0,215.0,571.0,957.0,4,984.0
8.0,8.0,74.0,215.0,552.0,571.0,4,984.0
8.0,8.0,74.0,229.0,552.0,984.0,4,1027.0
8.0,8.0,30.0,229.0,404.0,811.0,4,1027.0
8.0,8.0,30.0,74.0,404.0,811.0,4,1027.0
8.0,8.0,74.0,215.0,552.0,571.0,4,984.0
8.0,8.0,74.0,215.0,229.0,552.0,4,984.0
8.0,8.0,215.0,229.0,552.0,740.0,4,811.0
8.0,8.0,215.0,229.0,740.0,811.0,4,957.0
8.0,8.0,215.0,229.0,740.0,811.0,4,957.0
8.0,8.0,74.0,571.0,957.0,984.0,4,1027.0
8.0,8.0,74.0,404.0,571.0,984.0,4,1027.0
8.0,8.0,229.0,404.0,811.0,984.0,4,1027.0
8.0,8.0,215.0,229.0,571.0,811.0,4,984.0
8.0,8.0,215.0,229.0,571.0,740.0,4,811.0
8.0,8.0,74.0,571.0,740.0,957.0,4,1027.0
8.0,8.0,74.0,404.0,811.0,984.0,4,1027.0
8.0,29.0,83.0,230.0,242.0,456.0,4,860.0
8.0,29.0,83.0,230.0,456.0,824.0,4,860.0
8.0,29.0,83.0,230.0,242.0,769.0,4,860.0
8.0,29.0,83.0,230.0,242.0,456.0,4,860.0
8.0,29.0,83.0,230.0,242.0,456.0,4,860.0
8.0,29.0,83.0,132.0,230.0,824.0,4,860.0
8.0,29.0,83.0,132.0,230.0,824.0,4,860.0
8.0,29.0,83.0,132.0,260.0,755.0,4,821.0
8.0,12.0,156.0,280.0,638.0,856.0,4,909.0
8.0,12.0,156.0,280.0,620.0,856.0,4,909.0
8.0,12.0,0.0,207.0,386.0,620.0,4,909.0
8.0,12.0,0.0,207.0,386.0,620.0,4,909.0
8.0,12.0,156.0,280.0,620.0,856.0,4,909.0
8.0,12.0,0.0,207.0,386.0,620.0,4,909.0
8.0,12.0,0.0,207.0,386.0,620.0,4,909.0
8.0,12.0,0.0,207.0,280.0,386.0,4,904.0
8.0,12.0,0.0,207.0,386.0,904.0,4,909.0
8.0,23.0,33.0,136.0,400.0,454.0,4,778.0
8.0,23.0,33.0,454.0,778.0,955.0,4,972.0
8.0,23.0,33.0,778.0,799.0,955.0,4,972.0
8.0,23.0,778.0,799.0,874.0,955.0,4,972.0
8.0,23.0,136.0,778.0,799.0,874.0,4,955.0
8.0,23.0,136.0,778.0,799.0,874.0,4,955.0
8.0,23.0,136.0,400.0,454.0,874.0,4,896.0
8.0,23.0,136.0,400.0,454.0,874.0,4,896.0
8.0,23.0,136.0,400.0,454.0,874.0,4,896.0
8.0,23.0,136.0,400.0,799.0,874.0,4,896.0
8.0,23.0,33.0,136.0,400.0,799.0,4,896.0
8.0,23.0,33.0,136.0,400.0,799.0,4,896.0
8.0,23.0,136.0,400.0,454.0,799.0,4,896.0
8.0,8.0,74.0,215.0,571.0,957.0,4,984.0
8.0,8.0,215.0,229.0,404.0,740.0,4,811.0
8.0,8.0,215.0,229.0,404.0,740.0,4,811.0
8.0,8.0,215.0,571.0,740.0,811.0,4,957.0
8.0,8.0,74.0,571.0,957.0,984.0,4,1027.0
8.0,8.0,74.0,229.0,957.0,984.0,4,1027.0
8.0,8.0,74.0,404.0,571.0,984.0,4,1027.0
8.0,8.0,74.0,404.0,571.0,984.0,4,1027.0
8.0,8.0,215.0,404.0,740.0,811.0,4,1027.0
8.0,8.0,215.0,404.0,740.0,811.0,4,1027.0
8.0,8.0,30.0,215.0,552.0,740.0,4,811.0
8.0,14.0,302.0,472.0,520.0,592.0,4,1015.0
8.0,14.0,302.0,472.0,520.0,592.0,4,1015.0
8.0,14.0,753.0,840.0,854.0,1013.0,4,1015.0
8.0,14.0,302.0,472.0,520.0,592.0,4,1015.0
8.0,14.0,302.0,472.0,520.0,592.0,4,1015.0
8.0,8.0,74.0,571.0,957.0,984.0,4,1027.0
8.0,8.0,74.0,215.0,397.0,571.0,4,984.0
8.0,8.0,74.0,215.0,397.0,571.0,4,984.0
8.0,8.0,215.0,229.0,347.0,397.0,4,740.0
8.0,8.0,215.0,347.0,397.0,740.0,4,1027.0
8.0,8.0,74.0,215.0,229.0,957.0,4,984.0
8.0,8.0,30.0,215.0,229.0,397.0,4,740.0
8.0,8.0,30.0,215.0,397.0,740.0,4,1027.0
8.0,8.0,30.0,74.0,215.0,957.0,4,984.0
8.0,33.0,21.0,318.0,361.0,975.0,4,976.0
8.0,33.0,21.0,318.0,361.0,861.0,4,976.0
8.0,33.0,21.0,361.0,492.0,975.0,4,976.0
8.0,33.0,21.0,318.0,492.0,861.0,4,976.0
8.0,33.0,21.0,219.0,861.0,975.0,4,976.0
8.0,33.0,219.0,361.0,844.0,861.0,4,975.0
8.0,33.0,21.0,361.0,861.0,975.0,4,976.0
8.0,34.0,104.0,506.0,595.0,662.0,4,790.0
8.0,34.0,104.0,506.0,595.0,662.0,4,817.0
8.0,34.0,506.0,583.0,747.0,774.0,4,817.0
8.0,34.0,41.0,583.0,747.0,774.0,4,817.0
8.0,34.0,41.0,583.0,595.0,774.0,4,817.0
8.0,34.0,104.0,506.0,583.0,595.0,4,790.0
8.0,34.0,104.0,506.0,595.0,662.0,4,790.0
8.0,34.0,104.0,506.0,595.0,662.0,4,790.0
8.0,34.0,104.0,506.0,595.0,662.0,4,790.0
8.0,34.0,41.0,583.0,747.0,774.0,4,817.0
8.0,34.0,41.0,583.0,747.0,774.0,4,817.0
8.0,8.0,74.0,397.0,957.0,984.0,4,1027.0
8.0,8.0,229.0,347.0,571.0,984.0,4,1027.0
8.0,8.0,30.0,229.0,347.0,571.0,4,984.0
8.0,8.0,74.0,229.0,326.0,347.0,4,571.0
8.0,8.0,74.0,326.0,571.0,957.0,4,1027.0
8.0,8.0,74.0,397.0,957.0,984.0,4,1027.0
8.0,8.0,74.0,229.0,957.0,984.0,4,1027.0
8.0,8.0,74.0,397.0,957.0,984.0,4,1027.0
8.0,8.0,30.0,74.0,397.0,957.0,4,984.0
8.0,8.0,30.0,347.0,397.0,957.0,4,984.0
8.0,8.0,30.0,229.0,347.0,957.0,4,984.0
8.0,8.0,30.0,229.0,326.0,347.0,4,571.0
8.0,8.0,30.0,229.0,326.0,347.0,4,571.0
8.0,8.0,74.0,397.0,957.0,984.0,4,1027.0
8.0,8.0,74.0,215.0,397.0,957.0,4,984.0
8.0,8.0,215.0,552.0,571.0,740.0,4,1027.0
8.0,8.0,215.0,571.0,957.0,984.0,4,1027.0
8.0,8.0,74.0,215.0,571.0,957.0,4,984.0
8.0,8.0,74.0,215.0,397.0,957.0,4,984.0
8.0,8.0,74.0,397.0,957.0,984.0,4,1027.0
8.0,8.0,74.0,215.0,397.0,957.0,4,984.0
8.0,8.0,30.0,215.0,397.0,957.0,4,984.0
8.0,8.0,74.0,215.0,552.0,740.0,4,1027.0
8.0,8.0,74.0,215.0,571.0,957.0,4,984.0
8.0,8.0,74.0,571.0,957.0,984.0,4,1027.0
8.0,5.0,14.0,179.0,352.0,568.0,4,706.0
8.0,5.0,89.0,179.0,352.0,568.0,4,706.0
8.0,5.0,89.0,348.0,568.0,686.0,4,776.0
8.0,5.0,14.0,117.0,348.0,686.0,4,776.0
8.0,5.0,14.0,117.0,348.0,686.0,4,776.0
8.0,5.0,14.0,348.0,568.0,686.0,4,706.0
8.0,5.0,14.0,352.0,568.0,686.0,4,706.0
8.0,5.0,14.0,348.0,568.0,686.0,4,776.0
8.0,5.0,14.0,179.0,352.0,568.0,4,776.0
8.0,5.0,14.0,348.0,568.0,686.0,4,776.0
8.0,5.0,89.0,348.0,568.0,686.0,4,776.0
8.0,5.0,89.0,117.0,437.0,686.0,4,776.0
8.0,5.0,117.0,437.0,452.0,467.0,4,686.0
8.0,5.0,117.0,437.0,452.0,467.0,4,706.0
8.0,2.0,444.0,493.0,577.0,687.0,4,889.0
8.0,2.0,444.0,493.0,577.0,687.0,4,889.0
8.0,2.0,107.0,444.0,493.0,687.0,4,889.0
8.0,2.0,17.0,98.0,120.0,185.0,4,223.0
8.0,2.0,17.0,98.0,185.0,223.0,4,687.0
8.0,2.0,17.0,98.0,444.0,687.0,4,728.0
8.0,2.0,17.0,98.0,120.0,444.0,4,728.0
8.0,2.0,17.0,444.0,493.0,687.0,4,889.0
8.0,2.0,17.0,444.0,493.0,687.0,4,889.0
8.0,2.0,17.0,444.0,493.0,687.0,4,889.0
8.0,2.0,17.0,444.0,493.0,687.0,4,889.0
8.0,8.0,74.0,571.0,957.0,984.0,4,1027.0
8.0,8.0,30.0,397.0,957.0,984.0,4,1027.0
8.0,8.0,30.0,74.0,397.0,552.0,4,984.0
8.0,8.0,74.0,397.0,552.0,740.0,4,1027.0
8.0,8.0,74.0,571.0,957.0,984.0,4,1027.0
8.0,8.0,74.0,571.0,957.0,984.0,4,1027.0
8.0,8.0,74.0,571.0,957.0,984.0,4,1027.0
8.0,8.0,74.0,571.0,957.0,984.0,4,1027.0
8.0,8.0,74.0,571.0,957.0,984.0,4,1027.0
8.0,8.0,74.0,397.0,957.0,984.0,4,1027.0
8.0,8.0,74.0,326.0,571.0,957.0,4,984.0
8.0,8.0,30.0,74.0,397.0,552.0,4,984.0
8.0,8.0,30.0,74.0,397.0,552.0,4,740.0
8.0,8.0,30.0,347.0,397.0,552.0,4,740.0
8.0,8.0,30.0,347.0,397.0,552.0,4,740.0
8.0,8.0,30.0,347.0,397.0,552.0,4,740.0
8.0,8.0,30.0,397.0,552.0,740.0,4,984.0
8.0,8.0,30.0,397.0,552.0,740.0,4,984.0
8.0,4.0,259.0,486.0,487.0,715.0,4,786.0
8.0,4.0,486.0,589.0,715.0,786.0,4,936.0
8.0,4.0,1.0,589.0,757.0,936.0,4,964.0
8.0,4.0,1.0,486.0,487.0,589.0,4,936.0
8.0,4.0,259.0,486.0,487.0,715.0,4,786.0
8.0,4.0,259.0,486.0,487.0,589.0,4,786.0
8.0,4.0,1.0,486.0,589.0,757.0,4,786.0
8.0,4.0,1.0,259.0,487.0,589.0,4,936.0
8.0,4.0,1.0,259.0,487.0,589.0,4,936.0
8.0,4.0,1.0,259.0,486.0,487.0,4,936.0
8.0,8.0,74.0,397.0,957.0,984.0,4,1027.0
8.0,8.0,74.0,229.0,397.0,552.0,4,984.0
8.0,8.0,229.0,397.0,552.0,740.0,4,1027.0
8.0,8.0,74.0,552.0,571.0,740.0,4,1027.0
8.0,8.0,74.0,571.0,957.0,984.0,4,1027.0
8.0,8.0,74.0,229.0,397.0,552.0,4,984.0
8.0,8.0,74.0,229.0,397.0,552.0,4,984.0
8.0,8.0,229.0,552.0,571.0,984.0,4,1027.0
8.0,8.0,74.0,552.0,571.0,984.0,4,1027.0
8.0,18.0,51.0,362.0,730.0,892.0,4,948.0
8.0,18.0,56.0,460.0,892.0,981.0,4,1035.0
8.0,18.0,51.0,362.0,730.0,892.0,4,948.0
8.0,18.0,51.0,362.0,730.0,948.0,4,1035.0
8.0,18.0,51.0,362.0,730.0,892.0,4,948.0
8.0,18.0,51.0,362.0,892.0,948.0,4,1035.0
8.0,18.0,51.0,56.0,358.0,460.0,4,1035.0
8.0,18.0,51.0,460.0,730.0,892.0,4,948.0
8.0,18.0,51.0,56.0,358.0,981.0,4,1035.0
8.0,8.0,74.0,552.0,571.0,984.0,4,1027.0
8.0,8.0,74.0,397.0,552.0,984.0,4,1027.0
8.0,8.0,74.0,397.0,552.0,984.0,4,1027.0
8.0,8.0,74.0,397.0,552.0,984.0,4,1027.0
8.0,8.0,229.0,397.0,740.0,984.0,4,1027.0
8.0,8.0,74.0,552.0,571.0,740.0,4,1027.0
8.0,8.0,74.0,552.0,571.0,984.0,4,1027.0
8.0,8.0,74.0,229.0,397.0,984.0,4,1027.0
8.0,8.0,74.0,229.0,397.0,984.0,4,1027.0
8.0,29.0,230.0,242.0,456.0,755.0,4,860.0
8.0,29.0,132.0,242.0,260.0,755.0,4,821.0
8.0,29.0,83.0,230.0,242.0,456.0,4,860.0
8.0,29.0,132.0,230.0,260.0,456.0,4,821.0
8.0,29.0,83.0,230.0,242.0,821.0,4,860.0
8.0,29.0,83.0,260.0,755.0,821.0,4,867.0
8.0,29.0,83.0,260.0,755.0,821.0,4,867.0
8.0,8.0,74.0,397.0,552.0,984.0,4,1027.0
8.0,8.0,30.0,229.0,397.0,421.0,4,811.0
8.0,8.0,30.0,229.0,397.0,421.0,4,811.0
8.0,8.0,30.0,229.0,397.0,421.0,4,811.0
8.0,8.0,74.0,552.0,571.0,984.0,4,1027.0
8.0,8.0,74.0,552.0,571.0,984.0,4,1027.0
8.0,8.0,74.0,421.0,571.0,984.0,4,1027.0
8.0,8.0,74.0,421.0,552.0,571.0,4,1027.0
8.0,8.0,74.0,397.0,421.0,571.0,4,1027.0
8.0,8.0,74.0,397.0,421.0,571.0,4,1027.0
8.0,8.0,74.0,215.0,397.0,421.0,4,571.0
8.0,8.0,74.0,229.0,421.0,571.0,4,1027.0
8.0,8.0,74.0,421.0,552.0,571.0,4,1027.0
8.0,8.0,74.0,421.0,552.0,571.0,4,1027.0
8.0,8.0,74.0,397.0,421.0,571.0,4,1027.0
8.0,8.0,74.0,215.0,421.0,552.0,4,571.0
8.0,8.0,215.0,229.0,397.0,421.0,4,811.0
8.0,8.0,74.0,397.0,421.0,571.0,4,1027.0
8.0,8.0,74.0,552.0,571.0,984.0,4,1027.0
8.0,8.0,215.0,229.0,397.0,421.0,4,811.0
8.0,8.0,229.0,397.0,421.0,811.0,4,1027.0
8.0,8.0,74.0,229.0,571.0,984.0,4,1027.0
8.0,8.0,74.0,229.0,571.0,984.0,4,1027.0
8.0,8.0,74.0,552.0,571.0,984.0,4,1027.0
8.0,8.0,74.0,229.0,571.0,984.0,4,1027.0
8.0,22.0,58.0,320.0,485.0,802.0,4,864.0
8.0,22.0,58.0,218.0,320.0,485.0,4,864.0
8.0,22.0,218.0,320.0,768.0,802.0,4,864.0
8.0,22.0,58.0,218.0,320.0,768.0,4,990.0
8.0,22.0,58.0,218.0,802.0,864.0,4,990.0
8.0,15.0,86.0,188.0,463.0,659.0,4,1036.0
8.0,15.0,463.0,593.0,749.0,960.0,4,1036.0
8.0,15.0,509.0,593.0,749.0,960.0,4,1005.0
8.0,15.0,463.0,659.0,749.0,960.0,4,1036.0
8.0,15.0,86.0,188.0,463.0,659.0,4,1036.0
8.0,15.0,86.0,188.0,463.0,659.0,4,1036.0
8.0,15.0,188.0,593.0,749.0,960.0,4,1036.0
8.0,15.0,509.0,515.0,593.0,749.0,4,960.0
8.0,15.0,509.0,515.0,593.0,749.0,4,960.0
8.0,15.0,509.0,515.0,593.0,749.0,4,960.0
8.0,15.0,509.0,515.0,593.0,749.0,4,992.0
8.0,8.0,74.0,215.0,552.0,984.0,4,1027.0
8.0,8.0,30.0,74.0,215.0,552.0,4,984.0
8.0,8.0,30.0,74.0,347.0,397.0,4,984.0
8.0,8.0,74.0,397.0,404.0,984.0,4,1027.0
8.0,8.0,74.0,215.0,404.0,421.0,4,984.0
8.0,8.0,74.0,215.0,404.0,421.0,4,984.0
8.0,8.0,74.0,215.0,421.0,552.0,4,984.0
8.0,8.0,30.0,215.0,326.0,347.0,4,552.0
8.0,26.0,381.0,384.0,635.0,703.0,4,837.0
8.0,26.0,381.0,384.0,468.0,554.0,4,703.0
8.0,26.0,381.0,384.0,468.0,554.0,4,615.0
8.0,26.0,381.0,384.0,554.0,615.0,4,635.0
8.0,26.0,381.0,384.0,468.0,554.0,4,615.0
8.0,26.0,402.0,635.0,703.0,748.0,4,837.0
8.0,26.0,402.0,635.0,703.0,748.0,4,837.0
8.0,26.0,381.0,384.0,468.0,703.0,4,837.0
8.0,1.0,78.0,106.0,333.0,669.0,4,989.0
8.0,1.0,78.0,333.0,410.0,670.0,4,989.0
8.0,1.0,410.0,435.0,442.0,669.0,4,670.0
8.0,1.0,410.0,435.0,442.0,669.0,4,670.0
8.0,1.0,410.0,435.0,442.0,669.0,4,670.0
8.0,1.0,78.0,333.0,435.0,442.0,4,669.0
8.0,1.0,78.0,106.0,333.0,669.0,4,989.0
8.0,1.0,78.0,410.0,442.0,670.0,4,989.0
8.0,1.0,410.0,435.0,442.0,669.0,4,670.0
8.0,1.0,78.0,333.0,410.0,442.0,4,669.0
8.0,9.0,39.0,194.0,366.0,574.0,4,604.0
8.0,9.0,39.0,137.0,194.0,366.0,4,574.0
8.0,9.0,39.0,64.0,137.0,488.0,4,504.0
8.0,9.0,39.0,64.0,137.0,488.0,4,504.0
8.0,9.0,64.0,137.0,194.0,366.0,4,488.0
8.0,9.0,64.0,194.0,366.0,488.0,4,604.0
8.0,9.0,39.0,194.0,366.0,574.0,4,604.0
8.0,9.0,39.0,64.0,194.0,574.0,4,604.0
8.0,9.0,137.0,194.0,366.0,488.0,4,510.0
8.0,14.0,516.0,840.0,868.0,938.0,4,1013.0
8.0,14.0,302.0,516.0,868.0,938.0,4,1013.0
8.0,14.0,134.0,302.0,472.0,753.0,4,1015.0
8.0,14.0,134.0,302.0,472.0,753.0,4,1015.0
8.0,14.0,134.0,302.0,472.0,753.0,4,1015.0
8.0,14.0,134.0,516.0,753.0,1013.0,4,1015.0
8.0,17.0,354.0,484.0,507.0,764.0,4,1037.0
8.0,17.0,439.0,587.0,764.0,985.0,4,1037.0
8.0,17.0,439.0,484.0,502.0,587.0,4,764.0
8.0,17.0,439.0,484.0,502.0,587.0,4,764.0
8.0,17.0,439.0,484.0,502.0,587.0,4,764.0
8.0,17.0,439.0,484.0,502.0,587.0,4,764.0
8.0,17.0,439.0,587.0,764.0,985.0,4,1037.0
8.0,17.0,439.0,484.0,764.0,985.0,4,1037.0
8.0,17.0,439.0,484.0,764.0,985.0,4,1037.0
8.0,17.0,354.0,439.0,484.0,985.0,4,1037.0
8.0,17.0,354.0,439.0,484.0,587.0,4,1037.0
8.0,8.0,215.0,229.0,347.0,552.0,4,984.0
8.0,8.0,500.0,571.0,811.0,984.0,4,1017.0
8.0,8.0,215.0,347.0,552.0,984.0,4,1017.0
8.0,8.0,215.0,421.0,500.0,984.0,4,1017.0
8.0,8.0,326.0,421.0,500.0,571.0,4,1017.0
8.0,8.0,326.0,347.0,500.0,552.0,4,811.0
8.0,8.0,397.0,571.0,811.0,984.0,4,1027.0
8.0,8.0,397.0,421.0,571.0,1017.0,4,1027.0
8.0,8.0,500.0,571.0,984.0,1017.0,4,1027.0
8.0,8.0,215.0,571.0,984.0,1017.0,4,1027.0
8.0,8.0,215.0,571.0,984.0,1017.0,4,1027.0
8.0,8.0,571.0,811.0,984.0,1017.0,4,1027.0
8.0,8.0,215.0,421.0,571.0,1017.0,4,1027.0
8.0,8.0,347.0,421.0,571.0,1017.0,4,1027.0
8.0,8.0,215.0,571.0,811.0,984.0,4,1027.0
8.0,8.0,215.0,571.0,811.0,984.0,4,1027.0
8.0,8.0,215.0,571.0,811.0,984.0,4,1027.0
8.0,8.0,347.0,500.0,984.0,1017.0,4,1027.0
8.0,8.0,215.0,347.0,397.0,421.0,4,1017.0
8.0,8.0,215.0,347.0,397.0,421.0,4,1017.0
8.0,8.0,421.0,571.0,811.0,1017.0,4,1027.0
8.0,8.0,571.0,811.0,984.0,1017.0,4,1027.0
8.0,8.0,215.0,571.0,811.0,984.0,4,1027.0
8.0,8.0,215.0,571.0,811.0,984.0,4,1027.0
8.0,8.0,229.0,397.0,421.0,1017.0,4,1027.0
8.0,8.0,215.0,229.0,811.0,984.0,4,1027.0
8.0,8.0,215.0,229.0,984.0,1017.0,4,1027.0
8.0,8.0,215.0,571.0,984.0,1017.0,4,1027.0
8.0,8.0,215.0,571.0,811.0,984.0,4,1027.0
8.0,8.0,215.0,571.0,811.0,984.0,4,1027.0
8.0,8.0,215.0,397.0,421.0,811.0,4,1017.0
8.0,8.0,229.0,326.0,397.0,421.0,4,1017.0
8.0,8.0,215.0,571.0,811.0,984.0,4,1027.0
8.0,18.0,51.0,577.0,580.0,758.0,4,834.0
8.0,18.0,51.0,362.0,577.0,580.0,4,834.0
8.0,18.0,10.0,51.0,362.0,580.0,4,834.0
8.0,18.0,10.0,51.0,348.0,362.0,4,834.0
8.0,18.0,10.0,348.0,362.0,834.0,4,1035.0
8.0,18.0,51.0,348.0,362.0,577.0,4,834.0
8.0,8.0,397.0,571.0,984.0,1017.0,4,1027.0
8.0,8.0,229.0,397.0,984.0,1017.0,4,1027.0
8.0,8.0,229.0,347.0,397.0,421.0,4,1017.0
8.0,8.0,229.0,347.0,397.0,421.0,4,1017.0
8.0,8.0,215.0,347.0,421.0,571.0,4,1017.0
8.0,8.0,326.0,347.0,571.0,811.0,4,1027.0
8.0,8.0,500.0,571.0,811.0,984.0,4,1017.0
8.0,8.0,215.0,571.0,811.0,984.0,4,1027.0
8.0,8.0,215.0,397.0,811.0,984.0,4,1027.0
8.0,8.0,215.0,397.0,811.0,984.0,4,1017.0
8.0,8.0,326.0,347.0,500.0,571.0,4,1017.0
8.0,8.0,326.0,347.0,397.0,500.0,4,1017.0
8.0,22.0,58.0,320.0,768.0,802.0,4,990.0
8.0,22.0,58.0,218.0,320.0,768.0,4,990.0
8.0,22.0,26.0,58.0,218.0,314.0,4,763.0
8.0,22.0,58.0,218.0,314.0,466.0,4,763.0
8.0,22.0,218.0,314.0,466.0,639.0,4,763.0
8.0,22.0,58.0,320.0,768.0,802.0,4,990.0
8.0,22.0,58.0,320.0,768.0,802.0,4,990.0
8.0,22.0,58.0,218.0,320.0,768.0,4,990.0
8.0,22.0,26.0,58.0,218.0,320.0,4,990.0
8.0,22.0,58.0,218.0,320.0,763.0,4,990.0
8.0,15.0,86.0,188.0,463.0,659.0,4,1036.0
8.0,15.0,593.0,749.0,960.0,1005.0,4,1036.0
8.0,15.0,86.0,188.0,463.0,659.0,4,960.0
8.0,15.0,86.0,188.0,463.0,659.0,4,960.0
8.0,15.0,86.0,659.0,960.0,1005.0,4,1036.0
8.0,15.0,188.0,593.0,749.0,960.0,4,1036.0
8.0,15.0,593.0,749.0,960.0,1005.0,4,1036.0
8.0,15.0,593.0,749.0,960.0,1005.0,4,1036.0
8.0,15.0,86.0,188.0,659.0,960.0,4,1036.0
8.0,16.0,296.0,379.0,646.0,674.0,4,702.0
8.0,16.0,153.0,296.0,646.0,674.0,4,702.0
8.0,16.0,153.0,359.0,646.0,674.0,4,702.0
8.0,16.0,153.0,359.0,382.0,674.0,4,702.0
8.0,16.0,153.0,359.0,382.0,674.0,4,702.0
8.0,16.0,296.0,379.0,382.0,674.0,4,702.0
8.0,16.0,296.0,379.0,646.0,674.0,4,702.0
8.0,16.0,296.0,359.0,379.0,646.0,4,702.0
8.0,16.0,296.0,359.0,379.0,646.0,4,996.0
8.0,16.0,359.0,379.0,382.0,674.0,4,702.0
8.0,16.0,153.0,359.0,382.0,674.0,4,702.0
8.0,16.0,296.0,379.0,382.0,674.0,4,702.0
8.0,16.0,296.0,359.0,379.0,646.0,4,702.0
8.0,25.0,50.0,311.0,696.0,759.0,4,1003.0
8.0,25.0,2.0,50.0,311.0,759.0,4,1003.0
8.0,25.0,311.0,642.0,759.0,1003.0,4,1024.0
8.0,25.0,50.0,311.0,759.0,1003.0,4,1024.0
8.0,25.0,50.0,81.0,642.0,696.0,4,1024.0
8.0,25.0,50.0,81.0,603.0,642.0,4,1003.0
8.0,25.0,2.0,311.0,603.0,642.0,4,1003.0
8.0,8.0,215.0,397.0,421.0,552.0,4,1017.0
8.0,8.0,215.0,571.0,811.0,984.0,4,1027.0
8.0,8.0,215.0,571.0,811.0,984.0,4,1027.0
8.0,8.0,215.0,397.0,811.0,984.0,4,1027.0
8.0,8.0,397.0,421.0,811.0,984.0,4,1017.0
8.0,8.0,215.0,571.0,811.0,984.0,4,1027.0
8.0,8.0,215.0,397.0,811.0,984.0,4,1027.0
8.0,8.0,215.0,397.0,811.0,984.0,4,1027.0
8.0,8.0,397.0,421.0,552.0,984.0,4,1017.0
8.0,8.0,397.0,421.0,552.0,984.0,4,1017.0
8.0,8.0,421.0,552.0,571.0,984.0,4,1027.0
8.0,8.0,215.0,500.0,811.0,984.0,4,1027.0
8.0,8.0,215.0,500.0,811.0,984.0,4,1027.0
8.0,8.0,215.0,500.0,811.0,984.0,4,1027.0
8.0,8.0,215.0,571.0,811.0,984.0,4,1027.0
8.0,8.0,215.0,397.0,421.0,984.0,4,1027.0
8.0,8.0,215.0,326.0,397.0,421.0,4,1027.0
8.0,8.0,326.0,397.0,421.0,500.0,4,1017.0
8.0,8.0,421.0,571.0,984.0,1017.0,4,1027.0
8.0,33.0,160.0,219.0,258.0,361.0,4,861.0
8.0,33.0,219.0,313.0,470.0,975.0,4,976.0
8.0,33.0,219.0,313.0,861.0,975.0,4,976.0
8.0,33.0,219.0,258.0,313.0,361.0,4,861.0
8.0,33.0,219.0,313.0,361.0,492.0,4,861.0
8.0,33.0,219.0,258.0,361.0,492.0,4,861.0
8.0,33.0,219.0,258.0,361.0,492.0,4,861.0
8.0,33.0,361.0,492.0,861.0,975.0,4,976.0
8.0,33.0,160.0,313.0,861.0,975.0,4,976.0
8.0,33.0,258.0,313.0,492.0,975.0,4,976.0
8.0,33.0,258.0,313.0,492.0,975.0,4,976.0
8.0,8.0,215.0,571.0,811.0,984.0,4,1027.0
8.0,8.0,215.0,571.0,811.0,984.0,4,1027.0
8.0,8.0,215.0,397.0,811.0,984.0,4,1027.0
8.0,8.0,215.0,347.0,571.0,984.0,4,1027.0
8.0,8.0,215.0,571.0,811.0,984.0,4,1027.0
8.0,8.0,215.0,571.0,811.0,984.0,4,1027.0
8.0,8.0,215.0,571.0,811.0,984.0,4,1027.0
8.0,8.0,215.0,347.0,571.0,984.0,4,1017.0
8.0,8.0,215.0,347.0,397.0,984.0,4,1017.0
8.0,8.0,347.0,397.0,500.0,984.0,4,1017.0
8.0,8.0,215.0,571.0,811.0,984.0,4,1027.0
8.0,8.0,215.0,571.0,811.0,984.0,4,1027.0
8.0,8.0,215.0,571.0,811.0,984.0,4,1027.0
8.0,8.0,215.0,397.0,571.0,811.0,4,984.0
8.0,8.0,215.0,397.0,571.0,811.0,4,1017.0
8.0,8.0,326.0,397.0,552.0,984.0,4,1017.0
8.0,8.0,326.0,552.0,984.0,1017.0,4,1027.0
8.0,8.0,215.0,347.0,571.0,811.0,4,1017.0
8.0,8.0,215.0,571.0,811.0,984.0,4,1027.0
8.0,8.0,215.0,571.0,811.0,984.0,4,1027.0
8.0,8.0,215.0,571.0,811.0,984.0,4,1027.0
8.0,8.0,215.0,347.0,397.0,984.0,4,1027.0
8.0,8.0,215.0,347.0,397.0,984.0,4,1017.0
8.0,8.0,326.0,347.0,500.0,552.0,4,1017.0
8.0,8.0,347.0,385.0,500.0,552.0,4,1017.0
8.0,1.0,78.0,442.0,463.0,565.0,4,808.0
8.0,1.0,333.0,442.0,463.0,565.0,4,669.0
8.0,1.0,333.0,442.0,463.0,565.0,4,669.0
8.0,1.0,106.0,333.0,442.0,669.0,4,670.0
8.0,1.0,106.0,333.0,442.0,670.0,4,808.0
8.0,1.0,78.0,106.0,463.0,808.0,4,989.0
8.0,1.0,78.0,463.0,669.0,808.0,4,989.0
8.0,1.0,333.0,442.0,463.0,669.0,4,670.0
8.0,1.0,333.0,442.0,463.0,669.0,4,670.0
8.0,1.0,333.0,442.0,669.0,670.0,4,808.0
8.0,1.0,333.0,442.0,669.0,670.0,4,808.0
8.0,1.0,78.0,442.0,463.0,565.0,4,808.0
8.0,1.0,442.0,463.0,565.0,669.0,4,808.0
8.0,1.0,106.0,333.0,463.0,565.0,4,669.0
8.0,1.0,78.0,106.0,442.0,670.0,4,808.0
8.0,1.0,78.0,463.0,565.0,669.0,4,808.0
8.0,1.0,78.0,463.0,565.0,669.0,4,808.0
8.0,1.0,78.0,442.0,463.0,565.0,4,808.0
8.0,1.0,106.0,333.0,442.0,669.0,4,670.0
8.0,1.0,78.0,106.0,442.0,463.0,4,808.0
8.0,1.0,78.0,463.0,565.0,808.0,4,989.0
8.0,1.0,78.0,463.0,565.0,808.0,4,989.0
8.0,1.0,106.0,333.0,565.0,669.0,4,795.0
8.0,1.0,106.0,333.0,353.0,442.0,4,795.0
8.0,1.0,106.0,333.0,353.0,442.0,4,795.0
8.0,1.0,78.0,106.0,353.0,442.0,4,795.0
8.0,4.0,486.0,487.0,589.0,715.0,4,786.0
8.0,4.0,1.0,486.0,715.0,786.0,4,936.0
8.0,4.0,1.0,486.0,715.0,786.0,4,936.0
8.0,4.0,1.0,288.0,486.0,786.0,4,936.0
8.0,4.0,1.0,288.0,486.0,487.0,4,936.0
8.0,4.0,1.0,486.0,487.0,589.0,4,936.0
8.0,4.0,1.0,486.0,487.0,589.0,4,936.0
8.0,4.0,1.0,486.0,589.0,786.0,4,936.0
8.0,26.0,381.0,635.0,703.0,748.0,4,965.0
8.0,26.0,107.0,291.0,554.0,837.0,4,965.0
8.0,26.0,107.0,384.0,748.0,837.0,4,965.0
8.0,26.0,107.0,381.0,635.0,703.0,4,965.0
8.0,26.0,107.0,291.0,554.0,635.0,4,965.0
8.0,26.0,107.0,384.0,635.0,703.0,4,748.0
8.0,15.0,188.0,659.0,714.0,941.0,4,1036.0
8.0,15.0,86.0,509.0,515.0,593.0,4,1005.0
8.0,15.0,188.0,509.0,714.0,1005.0,4,1036.0
8.0,15.0,188.0,659.0,714.0,941.0,4,1036.0
8.0,15.0,188.0,659.0,714.0,941.0,4,1036.0
8.0,15.0,188.0,659.0,714.0,941.0,4,1036.0
8.0,15.0,86.0,515.0,593.0,1005.0,4,1036.0
8.0,15.0,86.0,509.0,515.0,593.0,4,1005.0
8.0,15.0,86.0,509.0,515.0,593.0,4,1005.0
8.0,15.0,86.0,509.0,593.0,714.0,4,1005.0
8.0,15.0,86.0,509.0,659.0,714.0,4,1005.0
8.0,15.0,86.0,509.0,659.0,714.0,4,1005.0
8.0,15.0,86.0,188.0,509.0,659.0,4,941.0
8.0,1.0,78.0,442.0,463.0,565.0,4,808.0
8.0,1.0,78.0,442.0,463.0,808.0,4,989.0
8.0,1.0,78.0,106.0,333.0,808.0,4,989.0
8.0,1.0,333.0,442.0,565.0,670.0,4,795.0
8.0,1.0,78.0,106.0,333.0,808.0,4,989.0
8.0,1.0,78.0,106.0,333.0,442.0,4,795.0
8.0,1.0,78.0,106.0,442.0,463.0,4,808.0
8.0,1.0,78.0,442.0,463.0,808.0,4,989.0
8.0,1.0,106.0,333.0,565.0,670.0,4,795.0
8.0,1.0,333.0,442.0,670.0,808.0,4,989.0
8.0,1.0,442.0,669.0,670.0,808.0,4,989.0
8.0,1.0,78.0,106.0,463.0,565.0,4,795.0
8.0,1.0,78.0,106.0,463.0,565.0,4,795.0
8.0,1.0,78.0,463.0,565.0,795.0,4,989.0
8.0,1.0,333.0,463.0,565.0,795.0,4,989.0
8.0,1.0,106.0,333.0,353.0,565.0,4,795.0
8.0,1.0,106.0,333.0,353.0,565.0,4,808.0
8.0,1.0,106.0,333.0,353.0,565.0,4,808.0
8.0,1.0,106.0,333.0,463.0,795.0,4,989.0
8.0,1.0,78.0,442.0,463.0,808.0,4,989.0
8.0,1.0,78.0,442.0,463.0,808.0,4,989.0
8.0,1.0,333.0,463.0,565.0,808.0,4,989.0
8.0,1.0,106.0,333.0,565.0,670.0,4,795.0
8.0,1.0,78.0,442.0,670.0,795.0,4,989.0
8.0,1.0,78.0,333.0,565.0,808.0,4,989.0
8.0,1.0,333.0,442.0,463.0,565.0,4,808.0
8.0,1.0,78.0,106.0,333.0,565.0,4,808.0
8.0,1.0,78.0,106.0,333.0,565.0,4,808.0
8.0,1.0,78.0,333.0,442.0,808.0,4,989.0
8.0,1.0,78.0,442.0,463.0,808.0,4,989.0
8.0,1.0,78.0,442.0,463.0,808.0,4,989.0
8.0,1.0,78.0,442.0,463.0,808.0,4,989.0
8.0,1.0,106.0,333.0,463.0,669.0,4,989.0
8.0,1.0,78.0,333.0,442.0,565.0,4,670.0
8.0,1.0,78.0,333.0,442.0,565.0,4,670.0
8.0,1.0,78.0,442.0,463.0,565.0,4,808.0
8.0,1.0,78.0,442.0,463.0,808.0,4,989.0
8.0,1.0,106.0,333.0,442.0,670.0,4,808.0
8.0,34.0,104.0,506.0,595.0,662.0,4,790.0
8.0,34.0,506.0,595.0,662.0,774.0,4,817.0
8.0,34.0,41.0,290.0,583.0,774.0,4,817.0
8.0,34.0,41.0,104.0,290.0,583.0,4,817.0
8.0,34.0,104.0,506.0,595.0,662.0,4,790.0
8.0,34.0,104.0,506.0,595.0,662.0,4,790.0
8.0,34.0,104.0,290.0,506.0,662.0,4,817.0
8.0,34.0,104.0,506.0,595.0,790.0,4,817.0
8.0,5.0,14.0,179.0,352.0,568.0,4,611.0
8.0,5.0,14.0,179.0,352.0,568.0,4,706.0
8.0,5.0,14.0,179.0,352.0,568.0,4,611.0
8.0,5.0,14.0,568.0,611.0,686.0,4,706.0
8.0,5.0,14.0,117.0,348.0,611.0,4,686.0
8.0,5.0,14.0,352.0,568.0,611.0,4,686.0
8.0,5.0,14.0,352.0,568.0,611.0,4,686.0
8.0,1.0,353.0,463.0,565.0,808.0,4,989.0
8.0,1.0,353.0,463.0,565.0,808.0,4,989.0
8.0,1.0,106.0,353.0,463.0,565.0,4,669.0
8.0,1.0,106.0,333.0,565.0,670.0,4,795.0
8.0,1.0,333.0,442.0,463.0,670.0,4,808.0
8.0,1.0,333.0,442.0,463.0,808.0,4,989.0
8.0,1.0,106.0,463.0,565.0,670.0,4,795.0
8.0,1.0,106.0,333.0,442.0,463.0,4,808.0
8.0,1.0,333.0,442.0,463.0,670.0,4,808.0
8.0,1.0,333.0,463.0,670.0,808.0,4,989.0
8.0,26.0,384.0,635.0,703.0,748.0,4,837.0
8.0,26.0,381.0,554.0,635.0,703.0,4,965.0
8.0,26.0,381.0,554.0,635.0,703.0,4,965.0
8.0,26.0,384.0,635.0,703.0,748.0,4,837.0
8.0,26.0,341.0,402.0,468.0,554.0,4,965.0
8.0,26.0,341.0,402.0,468.0,554.0,4,965.0
8.0,1.0,78.0,442.0,463.0,808.0,4,989.0
8.0,1.0,106.0,333.0,463.0,565.0,4,795.0
8.0,1.0,333.0,442.0,463.0,808.0,4,989.0
8.0,1.0,78.0,442.0,463.0,565.0,4,808.0
8.0,1.0,78.0,442.0,463.0,808.0,4,989.0
8.0,1.0,106.0,333.0,353.0,565.0,4,795.0
8.0,1.0,78.0,106.0,333.0,565.0,4,795.0
8.0,1.0,78.0,106.0,565.0,795.0,4,808.0
8.0,1.0,78.0,106.0,565.0,795.0,4,808.0
8.0,1.0,78.0,333.0,442.0,463.0,4,565.0
8.0,1.0,106.0,463.0,565.0,669.0,4,795.0
8.0,1.0,106.0,333.0,353.0,565.0,4,795.0
8.0,1.0,78.0,333.0,353.0,442.0,4,989.0
8.0,1.0,78.0,333.0,442.0,463.0,4,989.0
8.0,1.0,78.0,333.0,442.0,669.0,4,989.0
8.0,1.0,78.0,333.0,442.0,669.0,4,989.0
8.0,1.0,78.0,442.0,463.0,565.0,4,669.0
8.0,1.0,78.0,442.0,463.0,565.0,4,669.0
8.0,1.0,78.0,442.0,463.0,669.0,4,989.0
8.0,16.0,153.0,646.0,674.0,763.0,4,903.0
8.0,16.0,424.0,646.0,763.0,903.0,4,996.0
8.0,16.0,424.0,646.0,763.0,903.0,4,996.0
8.0,16.0,424.0,546.0,646.0,763.0,4,996.0
8.0,16.0,216.0,424.0,763.0,903.0,4,996.0
8.0,16.0,153.0,646.0,674.0,763.0,4,996.0
8.0,16.0,153.0,216.0,424.0,674.0,4,903.0
8.0,16.0,153.0,216.0,424.0,674.0,4,903.0
8.0,16.0,153.0,424.0,646.0,674.0,4,763.0
8.0,16.0,153.0,424.0,646.0,674.0,4,763.0
8.0,25.0,311.0,603.0,759.0,958.0,4,1003.0
8.0,25.0,146.0,332.0,759.0,958.0,4,1003.0
8.0,25.0,81.0,146.0,269.0,311.0,4,332.0
8.0,25.0,81.0,146.0,269.0,311.0,4,332.0
8.0,25.0,81.0,146.0,269.0,311.0,4,332.0
8.0,25.0,332.0,603.0,759.0,958.0,4,1003.0
8.0,25.0,332.0,603.0,759.0,958.0,4,1003.0
8.0,25.0,146.0,332.0,603.0,958.0,4,1003.0
8.0,25.0,81.0,146.0,311.0,332.0,4,603.0
8.0,1.0,78.0,442.0,463.0,669.0,4,989.0
8.0,1.0,78.0,421.0,442.0,463.0,4,565.0
8.0,1.0,105.0,333.0,421.0,463.0,4,565.0
8.0,1.0,78.0,410.0,442.0,565.0,4,669.0
8.0,1.0,78.0,421.0,442.0,463.0,4,989.0
8.0,1.0,78.0,442.0,463.0,669.0,4,989.0
8.0,1.0,78.0,463.0,565.0,669.0,4,989.0
8.0,1.0,333.0,410.0,421.0,565.0,4,989.0
8.0,1.0,78.0,333.0,442.0,463.0,4,669.0
8.0,34.0,104.0,506.0,662.0,747.0,4,790.0
8.0,34.0,104.0,506.0,662.0,747.0,4,790.0
8.0,34.0,104.0,506.0,595.0,662.0,4,790.0
8.0,34.0,104.0,506.0,595.0,662.0,4,817.0
8.0,34.0,41.0,583.0,595.0,774.0,4,817.0
8.0,34.0,41.0,583.0,595.0,774.0,4,817.0
8.0,34.0,104.0,506.0,662.0,747.0,4,790.0
8.0,34.0,104.0,506.0,662.0,747.0,4,817.0
8.0,34.0,104.0,506.0,595.0,662.0,4,817.0
8.0,34.0,41.0,583.0,595.0,774.0,4,817.0
8.0,34.0,41.0,583.0,595.0,774.0,4,817.0
8.0,34.0,41.0,583.0,595.0,774.0,4,817.0
8.0,1.0,78.0,333.0,442.0,463.0,4,989.0
8.0,1.0,78.0,333.0,442.0,463.0,4,989.0
8.0,1.0,78.0,106.0,410.0,565.0,4,669.0
8.0,1.0,105.0,333.0,410.0,442.0,4,669.0
8.0,1.0,78.0,105.0,333.0,442.0,4,463.0
8.0,1.0,78.0,333.0,442.0,463.0,4,989.0
8.0,1.0,78.0,106.0,421.0,463.0,4,565.0
8.0,1.0,106.0,421.0,463.0,565.0,4,669.0
8.0,1.0,106.0,410.0,421.0,565.0,4,669.0
8.0,1.0,106.0,410.0,421.0,565.0,4,669.0
8.0,1.0,106.0,333.0,410.0,565.0,4,669.0
8.0,1.0,333.0,410.0,442.0,565.0,4,669.0
8.0,4.0,1.0,297.0,487.0,936.0,4,964.0
8.0,4.0,259.0,589.0,786.0,936.0,4,964.0
8.0,4.0,259.0,589.0,757.0,786.0,4,936.0
8.0,4.0,259.0,589.0,757.0,786.0,4,936.0
8.0,4.0,1.0,589.0,757.0,786.0,4,936.0
8.0,4.0,1.0,589.0,757.0,786.0,4,936.0
8.0,4.0,1.0,297.0,757.0,786.0,4,936.0
8.0,4.0,1.0,297.0,487.0,936.0,4,964.0
8.0,4.0,259.0,589.0,757.0,786.0,4,936.0
8.0,1.0,442.0,463.0,565.0,669.0,4,795.0
8.0,1.0,106.0,463.0,565.0,669.0,4,795.0
8.0,1.0,78.0,333.0,410.0,442.0,4,989.0
8.0,1.0,78.0,333.0,442.0,463.0,4,989.0
8.0,1.0,105.0,353.0,410.0,442.0,4,669.0
8.0,1.0,105.0,106.0,410.0,435.0,4,669.0
8.0,1.0,105.0,106.0,410.0,435.0,4,795.0
8.0,1.0,105.0,106.0,410.0,435.0,4,795.0
8.0,1.0,106.0,410.0,435.0,565.0,4,795.0
8.0,1.0,106.0,410.0,435.0,442.0,4,669.0
8.0,1.0,78.0,435.0,442.0,463.0,4,669.0
8.0,2.0,444.0,493.0,577.0,687.0,4,889.0
8.0,2.0,444.0,493.0,577.0,687.0,4,889.0
8.0,2.0,17.0,444.0,687.0,728.0,4,889.0
8.0,2.0,17.0,120.0,255.0,728.0,4,889.0
8.0,2.0,98.0,444.0,493.0,577.0,4,687.0
8.0,2.0,444.0,493.0,577.0,687.0,4,889.0
8.0,2.0,17.0,120.0,444.0,493.0,4,687.0
8.0,2.0,17.0,98.0,223.0,687.0,4,728.0
8.0,2.0,17.0,444.0,493.0,687.0,4,728.0
8.0,12.0,126.0,237.0,845.0,856.0,4,909.0
8.0,12.0,125.0,126.0,237.0,845.0,4,856.0
8.0,12.0,125.0,126.0,237.0,845.0,4,856.0
8.0,12.0,125.0,280.0,620.0,638.0,4,909.0
8.0,12.0,125.0,126.0,638.0,845.0,4,856.0
8.0,12.0,125.0,156.0,280.0,620.0,4,638.0
8.0,12.0,125.0,156.0,280.0,620.0,4,638.0
8.0,1.0,78.0,333.0,442.0,670.0,4,989.0
8.0,1.0,106.0,410.0,435.0,565.0,4,669.0
8.0,1.0,78.0,106.0,410.0,669.0,4,989.0
8.0,1.0,78.0,333.0,410.0,442.0,4,989.0
8.0,1.0,78.0,333.0,410.0,442.0,4,669.0
8.0,1.0,78.0,333.0,410.0,442.0,4,669.0
8.0,1.0,78.0,333.0,410.0,442.0,4,565.0
8.0,1.0,106.0,435.0,669.0,670.0,4,989.0
8.0,1.0,106.0,435.0,669.0,670.0,4,989.0
8.0,1.0,78.0,106.0,410.0,442.0,4,669.0
8.0,1.0,78.0,410.0,442.0,565.0,4,669.0
8.0,1.0,78.0,106.0,410.0,442.0,4,669.0
8.0,1.0,78.0,106.0,410.0,442.0,4,669.0
8.0,1.0,78.0,333.0,565.0,670.0,4,989.0
8.0,1.0,106.0,410.0,442.0,669.0,4,795.0
8.0,1.0,78.0,106.0,442.0,669.0,4,795.0
8.0,1.0,333.0,442.0,565.0,669.0,4,670.0
8.0,1.0,78.0,333.0,442.0,565.0,4,669.0
8.0,33.0,219.0,258.0,361.0,492.0,4,861.0
8.0,33.0,219.0,258.0,492.0,861.0,4,976.0
8.0,33.0,258.0,361.0,492.0,861.0,4,976.0
8.0,33.0,219.0,258.0,318.0,361.0,4,492.0
8.0,33.0,258.0,318.0,361.0,492.0,4,976.0
8.0,33.0,258.0,318.0,361.0,492.0,4,976.0
8.0,33.0,258.0,318.0,361.0,492.0,4,976.0
8.0,33.0,313.0,318.0,361.0,861.0,4,976.0
8.0,33.0,313.0,318.0,492.0,861.0,4,976.0
8.0,33.0,318.0,361.0,492.0,861.0,4,976.0
8.0,33.0,258.0,318.0,361.0,492.0,4,976.0
8.0,33.0,258.0,318.0,361.0,492.0,4,976.0
8.0,18.0,51.0,362.0,580.0,632.0,4,948.0
8.0,18.0,56.0,150.0,580.0,632.0,4,758.0
8.0,18.0,51.0,362.0,580.0,948.0,4,1035.0
8.0,18.0,51.0,362.0,758.0,948.0,4,1035.0
8.0,18.0,51.0,362.0,758.0,948.0,4,1035.0
8.0,18.0,51.0,580.0,632.0,758.0,4,948.0
8.0,18.0,51.0,580.0,632.0,758.0,4,948.0
8.0,18.0,51.0,580.0,632.0,758.0,4,948.0
8.0,1.0,106.0,333.0,442.0,669.0,4,670.0
8.0,1.0,353.0,435.0,669.0,670.0,4,989.0
8.0,1.0,78.0,106.0,410.0,442.0,4,795.0
8.0,1.0,78.0,106.0,410.0,669.0,4,989.0
8.0,1.0,78.0,106.0,410.0,669.0,4,989.0
8.0,1.0,106.0,333.0,410.0,795.0,4,989.0
8.0,1.0,78.0,106.0,410.0,669.0,4,989.0
8.0,23.0,136.0,454.0,524.0,614.0,4,633.0
8.0,23.0,136.0,454.0,614.0,799.0,4,955.0
8.0,23.0,454.0,612.0,799.0,896.0,4,955.0
8.0,23.0,175.0,612.0,633.0,896.0,4,955.0
8.0,23.0,136.0,454.0,524.0,614.0,4,633.0
8.0,23.0,136.0,454.0,524.0,614.0,4,633.0
8.0,23.0,454.0,612.0,614.0,896.0,4,955.0
8.0,1.0,78.0,106.0,333.0,442.0,4,669.0
8.0,1.0,78.0,106.0,333.0,410.0,4,442.0
8.0,1.0,78.0,106.0,333.0,410.0,4,989.0
8.0,1.0,410.0,435.0,669.0,670.0,4,989.0
8.0,1.0,410.0,435.0,669.0,670.0,4,989.0
8.0,1.0,106.0,333.0,442.0,669.0,4,670.0
8.0,1.0,78.0,106.0,333.0,442.0,4,669.0
8.0,1.0,410.0,435.0,669.0,670.0,4,989.0
8.0,1.0,410.0,442.0,669.0,670.0,4,989.0
8.0,1.0,410.0,442.0,669.0,670.0,4,989.0
8.0,1.0,78.0,410.0,442.0,669.0,4,989.0
8.0,17.0,109.0,354.0,439.0,502.0,4,587.0
8.0,17.0,328.0,439.0,484.0,523.0,4,764.0
8.0,17.0,109.0,328.0,439.0,484.0,4,587.0
8.0,17.0,109.0,354.0,484.0,502.0,4,587.0
8.0,17.0,109.0,354.0,484.0,502.0,4,587.0
8.0,17.0,109.0,328.0,354.0,484.0,4,587.0
8.0,17.0,109.0,328.0,354.0,484.0,4,587.0
8.0,17.0,109.0,354.0,439.0,502.0,4,764.0
8.0,17.0,328.0,484.0,523.0,587.0,4,764.0
8.0,17.0,109.0,354.0,484.0,502.0,4,764.0
8.0,29.0,83.0,260.0,456.0,769.0,4,821.0
8.0,29.0,83.0,260.0,456.0,769.0,4,821.0
8.0,29.0,83.0,260.0,456.0,769.0,4,821.0
8.0,29.0,41.0,260.0,456.0,769.0,4,860.0
8.0,29.0,41.0,242.0,260.0,769.0,4,860.0
8.0,29.0,41.0,83.0,242.0,769.0,4,860.0
8.0,29.0,41.0,83.0,242.0,769.0,4,860.0
8.0,29.0,83.0,242.0,456.0,821.0,4,860.0
8.0,29.0,41.0,83.0,242.0,769.0,4,860.0
8.0,29.0,41.0,242.0,260.0,769.0,4,860.0
8.0,14.0,302.0,520.0,753.0,854.0,4,1015.0
8.0,14.0,302.0,472.0,520.0,753.0,4,1015.0
8.0,14.0,302.0,472.0,520.0,753.0,4,1015.0
8.0,14.0,302.0,472.0,520.0,753.0,4,1013.0
8.0,14.0,134.0,472.0,868.0,938.0,4,1013.0
8.0,14.0,134.0,516.0,840.0,868.0,4,1013.0
8.0,14.0,302.0,472.0,520.0,854.0,4,1015.0
8.0,14.0,302.0,472.0,753.0,854.0,4,1015.0
8.0,14.0,302.0,472.0,753.0,854.0,4,1015.0
8.0,14.0,134.0,472.0,753.0,854.0,4,1015.0
8.0,14.0,134.0,472.0,753.0,854.0,4,1015.0
8.0,1.0,78.0,106.0,333.0,669.0,4,989.0
8.0,1.0,353.0,435.0,510.0,669.0,4,989.0
8.0,1.0,78.0,353.0,510.0,669.0,4,989.0
8.0,1.0,78.0,353.0,410.0,510.0,4,669.0
8.0,1.0,78.0,333.0,410.0,510.0,4,669.0
8.0,1.0,78.0,106.0,333.0,392.0,4,410.0
8.0,1.0,78.0,106.0,333.0,392.0,4,410.0
8.0,1.0,106.0,333.0,392.0,410.0,4,669.0
8.0,1.0,333.0,392.0,410.0,510.0,4,669.0
8.0,1.0,333.0,392.0,410.0,510.0,4,669.0
8.0,1.0,333.0,392.0,410.0,510.0,4,669.0
8.0,1.0,333.0,392.0,410.0,510.0,4,669.0
8.0,1.0,333.0,392.0,410.0,510.0,4,669.0
8.0,1.0,78.0,392.0,410.0,510.0,4,669.0
8.0,1.0,392.0,410.0,510.0,637.0,4,669.0
8.0,1.0,78.0,106.0,333.0,669.0,4,989.0
8.0,1.0,333.0,392.0,410.0,669.0,4,989.0
8.0,1.0,78.0,392.0,410.0,435.0,4,510.0
8.0,1.0,78.0,106.0,392.0,435.0,4,510.0
8.0,1.0,78.0,106.0,392.0,435.0,4,510.0
8.0,1.0,78.0,333.0,392.0,410.0,4,989.0
8.0,1.0,78.0,333.0,392.0,410.0,4,510.0
8.0,1.0,392.0,410.0,435.0,510.0,4,669.0
8.0,1.0,392.0,410.0,435.0,510.0,4,669.0
8.0,1.0,78.0,392.0,410.0,435.0,4,510.0
8.0,1.0,78.0,333.0,392.0,410.0,4,510.0
8.0,1.0,78.0,333.0,392.0,410.0,4,989.0
8.0,1.0,78.0,435.0,510.0,565.0,4,669.0
8.0,1.0,78.0,106.0,333.0,410.0,4,669.0
8.0,1.0,78.0,333.0,410.0,669.0,4,989.0
8.0,1.0,78.0,333.0,410.0,669.0,4,989.0
8.0,1.0,78.0,333.0,410.0,669.0,4,989.0
8.0,1.0,78.0,333.0,392.0,410.0,4,989.0
8.0,1.0,106.0,333.0,392.0,510.0,4,669.0
8.0,1.0,106.0,333.0,392.0,510.0,4,669.0
8.0,1.0,78.0,106.0,410.0,510.0,4,669.0
8.0,22.0,58.0,320.0,763.0,768.0,4,990.0
8.0,22.0,26.0,218.0,639.0,763.0,4,802.0
8.0,22.0,58.0,218.0,320.0,763.0,4,802.0
8.0,22.0,58.0,320.0,763.0,768.0,4,990.0
8.0,22.0,58.0,320.0,768.0,802.0,4,990.0
8.0,22.0,58.0,320.0,639.0,763.0,4,990.0
8.0,22.0,26.0,320.0,639.0,763.0,4,990.0
8.0,22.0,58.0,320.0,639.0,802.0,4,990.0
8.0,25.0,2.0,50.0,81.0,146.0,4,311.0
8.0,25.0,269.0,311.0,696.0,958.0,4,1003.0
8.0,25.0,269.0,311.0,696.0,958.0,4,1003.0
8.0,25.0,269.0,311.0,696.0,958.0,4,1003.0
8.0,25.0,269.0,311.0,696.0,958.0,4,1003.0
8.0,25.0,269.0,311.0,696.0,958.0,4,1003.0
8.0,25.0,2.0,146.0,311.0,958.0,4,1003.0
8.0,25.0,269.0,311.0,696.0,958.0,4,1003.0
8.0,25.0,269.0,311.0,696.0,958.0,4,1003.0
8.0,25.0,2.0,311.0,696.0,958.0,4,1003.0
8.0,16.0,296.0,379.0,646.0,702.0,4,988.0
8.0,16.0,153.0,382.0,674.0,702.0,4,988.0
8.0,16.0,296.0,379.0,646.0,702.0,4,988.0
8.0,16.0,153.0,382.0,646.0,674.0,4,988.0
8.0,16.0,296.0,379.0,382.0,646.0,4,674.0
8.0,16.0,153.0,296.0,702.0,893.0,4,988.0
8.0,1.0,78.0,106.0,333.0,669.0,4,989.0
8.0,1.0,78.0,106.0,410.0,565.0,4,795.0
8.0,1.0,333.0,410.0,510.0,637.0,4,795.0
8.0,1.0,78.0,106.0,333.0,669.0,4,989.0
8.0,1.0,78.0,106.0,333.0,565.0,4,669.0
8.0,1.0,78.0,106.0,333.0,565.0,4,669.0
8.0,1.0,78.0,106.0,410.0,669.0,4,989.0
8.0,1.0,106.0,410.0,510.0,669.0,4,795.0
8.0,1.0,78.0,106.0,410.0,669.0,4,989.0
8.0,1.0,78.0,106.0,333.0,669.0,4,989.0
8.0,1.0,78.0,106.0,410.0,565.0,4,795.0
8.0,1.0,78.0,410.0,565.0,637.0,4,795.0
8.0,1.0,410.0,510.0,565.0,637.0,4,795.0
8.0,1.0,78.0,106.0,333.0,669.0,4,989.0
8.0,1.0,78.0,106.0,333.0,410.0,4,669.0
8.0,1.0,78.0,106.0,333.0,410.0,4,669.0
8.0,1.0,78.0,106.0,333.0,669.0,4,989.0
8.0,1.0,333.0,435.0,510.0,565.0,4,795.0
8.0,1.0,435.0,510.0,565.0,669.0,4,795.0
8.0,1.0,78.0,106.0,333.0,565.0,4,795.0
8.0,1.0,78.0,106.0,333.0,410.0,4,795.0
8.0,1.0,78.0,106.0,333.0,565.0,4,795.0
8.0,12.0,125.0,237.0,350.0,856.0,4,909.0
8.0,12.0,126.0,207.0,638.0,845.0,4,856.0
8.0,12.0,125.0,237.0,350.0,845.0,4,856.0
8.0,12.0,125.0,237.0,350.0,638.0,4,845.0
8.0,12.0,125.0,237.0,350.0,856.0,4,909.0
8.0,12.0,125.0,237.0,350.0,856.0,4,909.0
8.0,12.0,126.0,350.0,386.0,638.0,4,909.0
8.0,12.0,126.0,237.0,350.0,386.0,4,909.0
8.0,12.0,125.0,126.0,237.0,350.0,4,386.0
8.0,12.0,125.0,237.0,350.0,845.0,4,856.0
8.0,1.0,78.0,106.0,333.0,669.0,4,989.0
8.0,1.0,78.0,106.0,333.0,669.0,4,989.0
8.0,1.0,78.0,106.0,333.0,565.0,4,669.0
8.0,1.0,106.0,333.0,410.0,565.0,4,637.0
8.0,1.0,410.0,510.0,637.0,795.0,4,989.0
8.0,1.0,78.0,410.0,510.0,795.0,4,989.0
8.0,1.0,78.0,106.0,410.0,510.0,4,795.0
8.0,1.0,78.0,106.0,333.0,669.0,4,989.0
8.0,1.0,78.0,106.0,333.0,669.0,4,989.0
8.0,1.0,78.0,410.0,565.0,637.0,4,795.0
8.0,1.0,78.0,510.0,637.0,795.0,4,989.0
8.0,1.0,78.0,410.0,637.0,669.0,4,989.0
8.0,1.0,410.0,435.0,637.0,669.0,4,989.0
8.0,1.0,78.0,106.0,333.0,410.0,4,989.0
8.0,1.0,78.0,106.0,333.0,565.0,4,637.0
8.0,1.0,353.0,410.0,510.0,565.0,4,795.0
8.0,1.0,333.0,353.0,410.0,510.0,4,989.0
8.0,1.0,78.0,106.0,333.0,410.0,4,565.0
8.0,1.0,78.0,106.0,333.0,410.0,4,565.0
8.0,1.0,333.0,353.0,435.0,510.0,4,989.0
8.0,1.0,333.0,353.0,435.0,510.0,4,989.0
8.0,1.0,410.0,435.0,510.0,795.0,4,989.0
8.0,1.0,410.0,435.0,510.0,795.0,4,989.0
8.0,1.0,78.0,106.0,333.0,410.0,4,565.0
8.0,2.0,98.0,120.0,255.0,493.0,4,948.0
8.0,2.0,17.0,98.0,444.0,493.0,4,687.0
8.0,2.0,17.0,98.0,120.0,255.0,4,493.0
8.0,2.0,17.0,98.0,120.0,185.0,4,255.0
8.0,2.0,255.0,444.0,493.0,687.0,4,948.0
8.0,1.0,78.0,106.0,392.0,410.0,4,565.0
8.0,1.0,106.0,392.0,410.0,565.0,4,669.0
8.0,1.0,392.0,410.0,510.0,669.0,4,989.0
8.0,1.0,78.0,333.0,353.0,392.0,4,989.0
8.0,1.0,510.0,565.0,637.0,669.0,4,795.0
8.0,1.0,510.0,565.0,637.0,669.0,4,795.0
8.0,1.0,410.0,510.0,637.0,669.0,4,795.0
8.0,1.0,410.0,510.0,637.0,669.0,4,795.0
8.0,1.0,410.0,510.0,637.0,669.0,4,795.0
8.0,23.0,44.0,612.0,614.0,633.0,4,896.0
8.0,23.0,175.0,454.0,799.0,833.0,4,896.0
8.0,23.0,44.0,612.0,614.0,633.0,4,896.0
8.0,23.0,44.0,612.0,614.0,633.0,4,896.0
8.0,23.0,44.0,612.0,633.0,833.0,4,896.0
8.0,23.0,44.0,175.0,612.0,833.0,4,896.0
8.0,23.0,175.0,454.0,614.0,799.0,4,896.0
8.0,23.0,44.0,175.0,614.0,799.0,4,896.0
8.0,23.0,44.0,612.0,614.0,633.0,4,896.0
8.0,23.0,44.0,175.0,612.0,614.0,4,896.0
8.0,5.0,14.0,352.0,467.0,568.0,4,686.0
8.0,5.0,89.0,452.0,568.0,730.0,4,776.0
8.0,5.0,14.0,117.0,467.0,568.0,4,686.0
8.0,5.0,89.0,568.0,686.0,730.0,4,776.0
8.0,5.0,89.0,352.0,686.0,730.0,4,776.0
8.0,5.0,89.0,352.0,568.0,686.0,4,730.0
8.0,5.0,89.0,467.0,568.0,686.0,4,730.0
8.0,5.0,89.0,467.0,568.0,686.0,4,730.0
8.0,5.0,89.0,352.0,568.0,686.0,4,730.0
8.0,5.0,89.0,352.0,568.0,686.0,4,730.0
8.0,1.0,78.0,106.0,333.0,669.0,4,989.0
8.0,1.0,333.0,392.0,410.0,510.0,4,565.0
8.0,1.0,392.0,410.0,510.0,565.0,4,669.0
8.0,1.0,392.0,410.0,510.0,565.0,4,669.0
8.0,1.0,78.0,106.0,333.0,669.0,4,989.0
8.0,1.0,78.0,106.0,333.0,392.0,4,989.0
8.0,1.0,78.0,392.0,410.0,510.0,4,565.0
8.0,1.0,333.0,410.0,510.0,565.0,4,669.0
8.0,1.0,333.0,410.0,510.0,565.0,4,669.0
8.0,1.0,333.0,410.0,510.0,565.0,4,669.0
8.0,1.0,78.0,106.0,333.0,669.0,4,989.0
8.0,1.0,333.0,410.0,510.0,565.0,4,669.0
8.0,1.0,78.0,333.0,510.0,565.0,4,669.0
8.0,1.0,392.0,410.0,510.0,565.0,4,637.0
8.0,1.0,78.0,333.0,392.0,510.0,4,565.0
8.0,1.0,78.0,106.0,333.0,410.0,4,669.0
8.0,9.0,39.0,137.0,366.0,574.0,4,825.0
8.0,9.0,366.0,488.0,504.0,574.0,4,941.0
8.0,9.0,366.0,488.0,574.0,825.0,4,941.0
8.0,9.0,366.0,488.0,574.0,825.0,4,941.0
8.0,9.0,366.0,488.0,574.0,825.0,4,941.0
8.0,9.0,64.0,137.0,366.0,574.0,4,825.0
8.0,9.0,39.0,64.0,488.0,504.0,4,941.0
8.0,9.0,39.0,488.0,574.0,825.0,4,941.0
8.0,9.0,39.0,366.0,488.0,825.0,4,941.0
8.0,17.0,328.0,354.0,587.0,703.0,4,1037.0
8.0,17.0,507.0,523.0,726.0,764.0,4,985.0
8.0,17.0,328.0,354.0,587.0,703.0,4,726.0
8.0,17.0,328.0,354.0,587.0,703.0,4,726.0
8.0,17.0,328.0,354.0,703.0,985.0,4,1037.0
8.0,17.0,328.0,354.0,502.0,764.0,4,985.0
8.0,17.0,507.0,523.0,726.0,764.0,4,985.0
8.0,17.0,507.0,523.0,726.0,764.0,4,985.0
8.0,15.0,86.0,188.0,509.0,593.0,4,802.0
8.0,15.0,188.0,509.0,593.0,714.0,4,802.0
8.0,15.0,188.0,509.0,593.0,714.0,4,1005.0
8.0,15.0,509.0,593.0,714.0,960.0,4,1005.0
8.0,15.0,86.0,188.0,659.0,960.0,4,1036.0
8.0,15.0,188.0,659.0,714.0,960.0,4,1036.0
8.0,15.0,188.0,659.0,714.0,1005.0,4,1036.0
8.0,15.0,188.0,659.0,714.0,1005.0,4,1036.0
8.0,15.0,188.0,659.0,714.0,1005.0,4,1036.0
8.0,29.0,83.0,230.0,242.0,456.0,4,860.0
8.0,29.0,83.0,230.0,242.0,456.0,4,821.0
8.0,29.0,132.0,230.0,242.0,755.0,4,821.0
8.0,29.0,83.0,230.0,242.0,769.0,4,860.0
8.0,29.0,132.0,242.0,755.0,769.0,4,821.0
8.0,29.0,132.0,755.0,769.0,821.0,4,860.0
8.0,29.0,132.0,755.0,769.0,821.0,4,860.0
8.0,29.0,83.0,230.0,242.0,769.0,4,860.0
8.0,29.0,132.0,260.0,769.0,809.0,4,860.0
8.0,29.0,132.0,230.0,242.0,260.0,4,860.0
8.0,29.0,132.0,230.0,242.0,260.0,4,860.0
8.0,29.0,83.0,230.0,242.0,456.0,4,860.0
8.0,29.0,83.0,230.0,242.0,260.0,4,456.0
8.0,29.0,83.0,230.0,242.0,260.0,4,456.0
8.0,29.0,83.0,132.0,230.0,260.0,4,456.0
8.0,29.0,83.0,230.0,242.0,456.0,4,860.0
8.0,18.0,51.0,56.0,181.0,362.0,4,730.0
8.0,18.0,51.0,56.0,181.0,362.0,4,730.0
8.0,18.0,51.0,56.0,181.0,362.0,4,730.0
8.0,18.0,51.0,150.0,836.0,892.0,4,1035.0
8.0,18.0,51.0,150.0,836.0,892.0,4,1035.0
8.0,18.0,56.0,150.0,181.0,362.0,4,730.0
8.0,18.0,51.0,150.0,362.0,892.0,4,1035.0
8.0,18.0,51.0,150.0,362.0,892.0,4,1035.0
8.0,18.0,150.0,181.0,362.0,730.0,4,892.0
8.0,18.0,51.0,56.0,181.0,362.0,4,730.0
8.0,22.0,58.0,77.0,485.0,639.0,4,864.0
8.0,22.0,77.0,466.0,485.0,639.0,4,864.0
8.0,22.0,77.0,466.0,485.0,864.0,4,990.0
8.0,22.0,58.0,77.0,768.0,864.0,4,990.0
8.0,22.0,58.0,505.0,536.0,768.0,4,990.0
8.0,22.0,58.0,505.0,536.0,864.0,4,990.0
8.0,22.0,58.0,222.0,536.0,768.0,4,990.0
8.0,22.0,58.0,505.0,768.0,864.0,4,990.0
8.0,22.0,58.0,536.0,768.0,864.0,4,990.0
8.0,22.0,58.0,77.0,536.0,864.0,4,990.0
8.0,22.0,58.0,77.0,536.0,864.0,4,990.0
8.0,29.0,83.0,230.0,456.0,860.0,4,867.0
8.0,29.0,83.0,230.0,824.0,860.0,4,867.0
8.0,29.0,83.0,230.0,824.0,860.0,4,867.0
8.0,29.0,83.0,230.0,824.0,860.0,4,867.0
8.0,29.0,83.0,230.0,456.0,824.0,4,860.0
8.0,29.0,83.0,132.0,230.0,769.0,4,824.0
8.0,29.0,83.0,132.0,769.0,809.0,4,824.0
8.0,29.0,83.0,230.0,456.0,860.0,4,867.0
8.0,29.0,83.0,230.0,456.0,860.0,4,867.0
8.0,29.0,83.0,230.0,456.0,860.0,4,867.0
8.0,29.0,230.0,456.0,755.0,769.0,4,867.0
8.0,29.0,132.0,755.0,769.0,809.0,4,824.0
8.0,29.0,83.0,132.0,230.0,456.0,4,860.0
8.0,29.0,83.0,132.0,230.0,456.0,4,860.0
8.0,29.0,83.0,230.0,456.0,860.0,4,867.0
8.0,29.0,83.0,132.0,769.0,809.0,4,824.0
8.0,29.0,83.0,132.0,769.0,809.0,4,824.0
8.0,29.0,83.0,230.0,456.0,860.0,4,867.0
8.0,29.0,83.0,230.0,456.0,860.0,4,867.0
8.0,29.0,83.0,230.0,260.0,824.0,4,860.0
8.0,29.0,83.0,230.0,456.0,860.0,4,867.0
8.0,29.0,83.0,132.0,456.0,809.0,4,860.0
8.0,29.0,132.0,260.0,769.0,809.0,4,821.0
8.0,29.0,132.0,230.0,260.0,769.0,4,809.0
8.0,29.0,132.0,230.0,260.0,769.0,4,809.0
8.0,29.0,83.0,230.0,456.0,824.0,4,860.0
8.0,29.0,132.0,230.0,456.0,755.0,4,860.0
8.0,29.0,132.0,230.0,260.0,755.0,4,867.0
8.0,29.0,260.0,456.0,755.0,809.0,4,867.0
8.0,29.0,456.0,755.0,809.0,824.0,4,860.0
8.0,29.0,83.0,230.0,456.0,824.0,4,860.0
8.0,29.0,83.0,230.0,456.0,824.0,4,860.0
8.0,29.0,83.0,132.0,230.0,824.0,4,860.0
8.0,29.0,132.0,755.0,809.0,860.0,4,867.0
8.0,29.0,260.0,456.0,755.0,809.0,4,824.0
8.0,29.0,230.0,456.0,755.0,824.0,4,860.0
8.0,29.0,230.0,456.0,755.0,824.0,4,860.0
8.0,14.0,302.0,520.0,592.0,854.0,4,1015.0
8.0,14.0,134.0,472.0,592.0,753.0,4,840.0
8.0,14.0,134.0,472.0,753.0,840.0,4,1013.0
8.0,14.0,134.0,472.0,753.0,840.0,4,1013.0
8.0,14.0,302.0,472.0,520.0,753.0,4,1013.0
8.0,14.0,302.0,520.0,592.0,854.0,4,1015.0
8.0,14.0,302.0,520.0,592.0,854.0,4,1015.0
8.0,14.0,134.0,302.0,472.0,592.0,4,753.0
8.0,14.0,134.0,520.0,592.0,1013.0,4,1015.0
8.0,14.0,134.0,520.0,592.0,1013.0,4,1015.0
8.0,14.0,134.0,520.0,592.0,1013.0,4,1015.0
8.0,29.0,83.0,230.0,456.0,860.0,4,867.0
8.0,29.0,83.0,132.0,230.0,260.0,4,456.0
8.0,29.0,132.0,260.0,755.0,821.0,4,824.0
8.0,29.0,83.0,132.0,230.0,456.0,4,860.0
8.0,29.0,83.0,132.0,230.0,260.0,4,860.0
8.0,29.0,83.0,230.0,260.0,860.0,4,867.0
8.0,29.0,260.0,456.0,755.0,821.0,4,824.0
8.0,29.0,230.0,821.0,824.0,860.0,4,867.0
8.0,29.0,83.0,132.0,230.0,860.0,4,867.0
8.0,29.0,83.0,132.0,230.0,860.0,4,867.0
8.0,29.0,83.0,230.0,242.0,456.0,4,860.0
8.0,29.0,83.0,230.0,456.0,860.0,4,867.0
8.0,29.0,83.0,132.0,260.0,809.0,4,860.0
8.0,29.0,230.0,242.0,755.0,809.0,4,860.0
8.0,29.0,83.0,230.0,242.0,456.0,4,860.0
8.0,29.0,83.0,230.0,242.0,456.0,4,860.0
8.0,29.0,83.0,230.0,242.0,456.0,4,860.0
8.0,29.0,83.0,230.0,260.0,456.0,4,860.0
8.0,29.0,83.0,230.0,242.0,809.0,4,860.0
8.0,29.0,83.0,230.0,242.0,809.0,4,860.0
8.0,29.0,83.0,230.0,242.0,260.0,4,860.0
8.0,29.0,83.0,230.0,242.0,260.0,4,860.0
8.0,29.0,83.0,230.0,242.0,456.0,4,860.0
8.0,29.0,83.0,132.0,230.0,242.0,4,860.0
8.0,29.0,242.0,260.0,456.0,755.0,4,821.0
8.0,29.0,83.0,132.0,230.0,456.0,4,860.0
8.0,29.0,83.0,132.0,242.0,821.0,4,860.0
8.0,29.0,132.0,230.0,260.0,456.0,4,860.0
8.0,29.0,83.0,230.0,242.0,456.0,4,860.0
8.0,29.0,83.0,230.0,242.0,456.0,4,860.0
8.0,29.0,83.0,230.0,242.0,260.0,4,860.0
8.0,29.0,83.0,230.0,242.0,456.0,4,860.0
8.0,29.0,83.0,230.0,242.0,456.0,4,860.0
8.0,29.0,230.0,456.0,821.0,824.0,4,860.0
8.0,29.0,83.0,242.0,260.0,755.0,4,821.0
8.0,29.0,83.0,230.0,755.0,824.0,4,860.0
8.0,29.0,83.0,132.0,230.0,456.0,4,860.0
8.0,29.0,132.0,230.0,755.0,824.0,4,860.0
8.0,29.0,132.0,755.0,821.0,824.0,4,860.0
8.0,29.0,132.0,755.0,821.0,824.0,4,860.0
8.0,29.0,132.0,260.0,755.0,821.0,4,824.0
8.0,29.0,132.0,260.0,755.0,821.0,4,824.0
8.0,2.0,17.0,444.0,687.0,728.0,4,889.0
8.0,2.0,17.0,98.0,120.0,255.0,4,728.0
8.0,2.0,17.0,120.0,444.0,493.0,4,687.0
8.0,2.0,17.0,444.0,493.0,577.0,4,687.0
8.0,2.0,444.0,493.0,577.0,687.0,4,889.0
8.0,2.0,17.0,444.0,687.0,728.0,4,889.0
8.0,2.0,17.0,444.0,687.0,728.0,4,889.0
8.0,2.0,17.0,255.0,493.0,687.0,4,728.0
8.0,18.0,56.0,150.0,460.0,892.0,4,1035.0
8.0,18.0,51.0,56.0,150.0,460.0,4,730.0
8.0,18.0,51.0,56.0,150.0,460.0,4,730.0
8.0,18.0,51.0,362.0,730.0,892.0,4,948.0
8.0,18.0,51.0,362.0,730.0,892.0,4,948.0
8.0,18.0,51.0,56.0,362.0,730.0,4,892.0
8.0,18.0,51.0,56.0,362.0,730.0,4,892.0
8.0,18.0,51.0,56.0,150.0,460.0,4,730.0
8.0,18.0,51.0,56.0,460.0,730.0,4,892.0
8.0,18.0,51.0,56.0,362.0,730.0,4,981.0
8.0,18.0,56.0,460.0,730.0,892.0,4,981.0
8.0,18.0,51.0,460.0,948.0,981.0,4,1035.0
8.0,18.0,51.0,362.0,730.0,892.0,4,948.0
8.0,9.0,39.0,108.0,366.0,574.0,4,604.0
8.0,9.0,108.0,366.0,510.0,574.0,4,604.0
8.0,9.0,39.0,137.0,194.0,488.0,4,510.0
8.0,9.0,137.0,194.0,488.0,495.0,4,510.0
8.0,9.0,64.0,137.0,194.0,488.0,4,495.0
8.0,9.0,64.0,137.0,194.0,488.0,4,495.0
8.0,9.0,39.0,108.0,366.0,574.0,4,604.0
8.0,9.0,108.0,137.0,366.0,488.0,4,510.0
8.0,9.0,39.0,137.0,194.0,488.0,4,510.0
8.0,9.0,39.0,137.0,194.0,488.0,4,510.0
8.0,9.0,39.0,108.0,137.0,510.0,4,574.0
8.0,9.0,39.0,108.0,488.0,510.0,4,574.0
8.0,29.0,83.0,230.0,242.0,260.0,4,456.0
8.0,29.0,83.0,230.0,242.0,260.0,4,769.0
8.0,29.0,83.0,230.0,260.0,769.0,4,824.0
8.0,29.0,230.0,260.0,755.0,821.0,4,824.0
8.0,29.0,83.0,242.0,755.0,821.0,4,824.0
8.0,29.0,83.0,242.0,769.0,821.0,4,824.0
8.0,29.0,242.0,755.0,769.0,821.0,4,824.0
8.0,29.0,83.0,230.0,242.0,260.0,4,456.0
8.0,29.0,83.0,230.0,242.0,260.0,4,456.0
8.0,29.0,755.0,769.0,821.0,824.0,4,867.0
8.0,29.0,230.0,242.0,456.0,755.0,4,860.0
8.0,29.0,230.0,242.0,456.0,755.0,4,860.0
8.0,29.0,260.0,456.0,755.0,809.0,4,860.0
8.0,29.0,83.0,230.0,242.0,769.0,4,860.0
8.0,29.0,83.0,230.0,242.0,456.0,4,860.0
8.0,29.0,83.0,230.0,242.0,456.0,4,860.0
8.0,29.0,83.0,230.0,242.0,456.0,4,860.0
8.0,29.0,83.0,242.0,260.0,769.0,4,809.0
8.0,29.0,230.0,242.0,769.0,809.0,4,860.0
8.0,29.0,83.0,230.0,242.0,809.0,4,860.0
8.0,29.0,83.0,230.0,242.0,809.0,4,860.0
8.0,12.0,125.0,207.0,350.0,386.0,4,638.0
8.0,12.0,126.0,386.0,638.0,845.0,4,909.0
8.0,12.0,125.0,126.0,638.0,845.0,4,856.0
8.0,12.0,125.0,126.0,207.0,638.0,4,856.0
8.0,12.0,125.0,350.0,638.0,856.0,4,909.0
8.0,12.0,125.0,350.0,638.0,856.0,4,909.0
8.0,12.0,237.0,350.0,386.0,845.0,4,909.0
8.0,12.0,207.0,237.0,350.0,386.0,4,845.0
8.0,12.0,125.0,207.0,350.0,386.0,4,638.0
8.0,12.0,125.0,207.0,237.0,350.0,4,856.0
8.0,33.0,219.0,258.0,313.0,318.0,4,361.0
8.0,33.0,258.0,313.0,361.0,861.0,4,976.0
8.0,33.0,219.0,318.0,861.0,925.0,4,976.0
8.0,33.0,219.0,258.0,318.0,361.0,4,976.0
8.0,33.0,219.0,258.0,313.0,318.0,4,361.0
8.0,33.0,219.0,258.0,318.0,361.0,4,976.0
8.0,33.0,219.0,258.0,313.0,318.0,4,361.0
8.0,33.0,219.0,313.0,318.0,361.0,4,861.0
8.0,33.0,219.0,258.0,361.0,975.0,4,976.0
8.0,33.0,219.0,258.0,361.0,975.0,4,976.0
8.0,33.0,258.0,313.0,361.0,975.0,4,976.0
8.0,4.0,259.0,486.0,487.0,715.0,4,786.0
8.0,4.0,259.0,486.0,487.0,786.0,4,964.0
8.0,4.0,259.0,486.0,487.0,786.0,4,964.0
8.0,4.0,1.0,486.0,757.0,936.0,4,964.0
8.0,4.0,1.0,487.0,757.0,936.0,4,964.0
8.0,4.0,259.0,486.0,786.0,936.0,4,964.0
8.0,4.0,259.0,487.0,715.0,786.0,4,964.0
8.0,4.0,259.0,715.0,786.0,936.0,4,964.0
8.0,4.0,1.0,757.0,786.0,936.0,4,964.0
8.0,4.0,259.0,715.0,786.0,936.0,4,964.0
8.0,17.0,109.0,354.0,439.0,502.0,4,587.0
8.0,17.0,328.0,354.0,484.0,764.0,4,1037.0
8.0,17.0,502.0,507.0,523.0,587.0,4,764.0
8.0,17.0,109.0,502.0,507.0,523.0,4,587.0
8.0,17.0,109.0,354.0,439.0,587.0,4,1037.0
8.0,17.0,109.0,354.0,439.0,764.0,4,1037.0
8.0,17.0,109.0,354.0,507.0,764.0,4,1037.0
8.0,17.0,109.0,354.0,507.0,764.0,4,1037.0
8.0,29.0,83.0,242.0,456.0,821.0,4,860.0
8.0,29.0,83.0,242.0,769.0,821.0,4,824.0
8.0,29.0,83.0,242.0,769.0,821.0,4,824.0
8.0,29.0,41.0,83.0,456.0,769.0,4,824.0
8.0,29.0,41.0,260.0,456.0,769.0,4,824.0
8.0,29.0,41.0,260.0,456.0,824.0,4,860.0
8.0,29.0,83.0,242.0,260.0,821.0,4,860.0
8.0,29.0,83.0,456.0,821.0,824.0,4,860.0
8.0,29.0,41.0,260.0,456.0,769.0,4,824.0
8.0,29.0,41.0,242.0,260.0,769.0,4,824.0
8.0,29.0,242.0,260.0,769.0,821.0,4,860.0
8.0,29.0,41.0,83.0,456.0,769.0,4,860.0
8.0,23.0,25.0,180.0,454.0,612.0,4,896.0
8.0,23.0,25.0,44.0,454.0,612.0,4,896.0
8.0,23.0,25.0,44.0,454.0,612.0,4,896.0
8.0,23.0,44.0,175.0,180.0,614.0,4,955.0
8.0,23.0,25.0,180.0,454.0,612.0,4,896.0
8.0,23.0,25.0,180.0,454.0,612.0,4,896.0
8.0,23.0,25.0,180.0,454.0,612.0,4,896.0
8.0,25.0,146.0,269.0,311.0,958.0,4,1003.0
8.0,25.0,146.0,311.0,603.0,958.0,4,1003.0
8.0,25.0,50.0,81.0,269.0,958.0,4,1003.0
8.0,25.0,2.0,50.0,81.0,146.0,4,311.0
8.0,25.0,2.0,50.0,146.0,311.0,4,1003.0
8.0,25.0,146.0,269.0,311.0,958.0,4,1003.0
8.0,25.0,146.0,269.0,311.0,958.0,4,1003.0
8.0,25.0,50.0,81.0,311.0,603.0,4,958.0
8.0,25.0,2.0,50.0,81.0,603.0,4,1003.0
8.0,25.0,146.0,269.0,311.0,958.0,4,1003.0
8.0,16.0,153.0,674.0,702.0,893.0,4,988.0
8.0,16.0,382.0,424.0,674.0,702.0,4,988.0
8.0,16.0,153.0,296.0,674.0,702.0,4,988.0
8.0,16.0,153.0,296.0,702.0,893.0,4,988.0
8.0,16.0,382.0,424.0,674.0,702.0,4,988.0
8.0,16.0,382.0,424.0,674.0,702.0,4,988.0
8.0,16.0,382.0,424.0,674.0,702.0,4,988.0
8.0,16.0,382.0,424.0,674.0,702.0,4,988.0
8.0,5.0,89.0,452.0,568.0,706.0,4,730.0
8.0,5.0,14.0,611.0,686.0,706.0,4,730.0
8.0,5.0,14.0,352.0,686.0,706.0,4,730.0
8.0,5.0,89.0,568.0,611.0,706.0,4,730.0
8.0,5.0,89.0,611.0,686.0,706.0,4,730.0
8.0,26.0,391.0,402.0,635.0,748.0,4,837.0
8.0,26.0,391.0,468.0,635.0,748.0,4,837.0
8.0,26.0,384.0,393.0,468.0,748.0,4,951.0
8.0,26.0,341.0,384.0,393.0,468.0,4,951.0
8.0,26.0,341.0,384.0,393.0,468.0,4,951.0
8.0,26.0,391.0,402.0,635.0,748.0,4,837.0
8.0,26.0,391.0,468.0,635.0,748.0,4,837.0
8.0,26.0,393.0,468.0,635.0,748.0,4,837.0
8.0,26.0,393.0,468.0,635.0,748.0,4,837.0
8.0,26.0,381.0,384.0,393.0,468.0,4,951.0
8.0,26.0,381.0,384.0,393.0,468.0,4,951.0
8.0,26.0,381.0,384.0,393.0,468.0,4,951.0
8.0,34.0,104.0,290.0,506.0,662.0,4,790.0
8.0,34.0,290.0,583.0,774.0,809.0,4,817.0
8.0,34.0,104.0,506.0,662.0,774.0,4,790.0
8.0,34.0,104.0,290.0,506.0,662.0,4,790.0
8.0,34.0,104.0,290.0,506.0,583.0,4,790.0
8.0,34.0,104.0,290.0,506.0,583.0,4,790.0
8.0,34.0,240.0,290.0,506.0,809.0,4,817.0
8.0,34.0,240.0,290.0,506.0,809.0,4,817.0
8.0,34.0,240.0,506.0,662.0,809.0,4,817.0
8.0,34.0,104.0,240.0,662.0,809.0,4,817.0
8.0,34.0,104.0,240.0,506.0,662.0,4,817.0
8.0,29.0,83.0,456.0,769.0,821.0,4,860.0
8.0,29.0,83.0,456.0,769.0,821.0,4,860.0
8.0,29.0,260.0,755.0,821.0,824.0,4,860.0
8.0,29.0,41.0,260.0,755.0,824.0,4,860.0
8.0,29.0,41.0,132.0,260.0,755.0,4,824.0
8.0,29.0,41.0,132.0,755.0,769.0,4,824.0
8.0,29.0,83.0,456.0,769.0,821.0,4,860.0
8.0,29.0,41.0,260.0,755.0,824.0,4,860.0
8.0,29.0,41.0,260.0,755.0,769.0,4,824.0
8.0,29.0,41.0,83.0,260.0,824.0,4,860.0
8.0,29.0,41.0,83.0,260.0,456.0,4,860.0
8.0,29.0,242.0,755.0,769.0,821.0,4,860.0
8.0,29.0,242.0,755.0,769.0,821.0,4,860.0
8.0,29.0,41.0,83.0,769.0,824.0,4,867.0
8.0,29.0,769.0,821.0,824.0,860.0,4,867.0
8.0,29.0,456.0,755.0,769.0,821.0,4,860.0
8.0,29.0,83.0,242.0,769.0,821.0,4,860.0
8.0,29.0,83.0,260.0,755.0,821.0,4,824.0
8.0,29.0,41.0,83.0,260.0,755.0,4,824.0
8.0,29.0,83.0,132.0,242.0,769.0,4,821.0
8.0,29.0,41.0,456.0,755.0,824.0,4,860.0
8.0,29.0,242.0,755.0,821.0,824.0,4,860.0
8.0,29.0,83.0,242.0,769.0,821.0,4,860.0
8.0,29.0,83.0,242.0,769.0,821.0,4,860.0
8.0,29.0,41.0,260.0,456.0,755.0,4,860.0
8.0,29.0,41.0,260.0,456.0,755.0,4,860.0
8.0,29.0,41.0,242.0,755.0,769.0,4,860.0
8.0,22.0,26.0,58.0,218.0,763.0,4,990.0
8.0,22.0,26.0,58.0,218.0,763.0,4,959.0
8.0,22.0,26.0,58.0,218.0,763.0,4,959.0
8.0,22.0,218.0,763.0,768.0,802.0,4,959.0
8.0,22.0,218.0,639.0,763.0,768.0,4,802.0
8.0,22.0,58.0,218.0,763.0,768.0,4,990.0
8.0,22.0,58.0,218.0,763.0,768.0,4,990.0
8.0,22.0,26.0,58.0,218.0,763.0,4,959.0
8.0,22.0,26.0,58.0,218.0,763.0,4,959.0
8.0,22.0,26.0,218.0,763.0,802.0,4,959.0
8.0,22.0,58.0,320.0,768.0,802.0,4,990.0
8.0,15.0,188.0,463.0,659.0,714.0,4,1036.0
8.0,15.0,86.0,593.0,749.0,1005.0,4,1036.0
8.0,15.0,86.0,593.0,749.0,1005.0,4,1036.0
8.0,15.0,86.0,463.0,659.0,749.0,4,1036.0
8.0,15.0,188.0,463.0,659.0,714.0,4,1036.0
8.0,15.0,188.0,463.0,714.0,1005.0,4,1036.0
8.0,15.0,188.0,463.0,714.0,1005.0,4,1036.0
8.0,15.0,188.0,659.0,714.0,749.0,4,1005.0
8.0,15.0,86.0,188.0,659.0,749.0,4,1005.0
8.0,15.0,86.0,463.0,593.0,749.0,4,1005.0
8.0,15.0,188.0,463.0,659.0,714.0,4,1005.0
8.0,29.0,41.0,132.0,242.0,260.0,4,755.0
8.0,29.0,41.0,83.0,242.0,260.0,4,755.0
8.0,29.0,41.0,83.0,456.0,755.0,4,769.0
8.0,29.0,41.0,83.0,260.0,456.0,4,769.0
8.0,29.0,83.0,242.0,456.0,769.0,4,821.0
8.0,29.0,132.0,242.0,755.0,769.0,4,821.0
8.0,29.0,242.0,456.0,755.0,769.0,4,821.0
8.0,29.0,242.0,260.0,456.0,755.0,4,821.0
8.0,29.0,242.0,260.0,456.0,755.0,4,821.0
8.0,29.0,83.0,242.0,260.0,769.0,4,821.0
8.0,29.0,83.0,242.0,260.0,769.0,4,821.0
8.0,29.0,83.0,242.0,260.0,769.0,4,821.0
8.0,29.0,83.0,132.0,242.0,769.0,4,821.0
8.0,29.0,41.0,83.0,260.0,456.0,4,755.0
8.0,29.0,41.0,83.0,242.0,456.0,4,769.0
8.0,29.0,83.0,242.0,456.0,769.0,4,821.0
8.0,29.0,83.0,242.0,456.0,769.0,4,821.0
8.0,29.0,242.0,260.0,456.0,755.0,4,821.0
8.0,29.0,41.0,260.0,456.0,755.0,4,769.0
8.0,29.0,41.0,83.0,242.0,260.0,4,769.0
8.0,29.0,242.0,260.0,456.0,769.0,4,821.0
8.0,29.0,83.0,242.0,260.0,456.0,4,821.0
8.0,29.0,83.0,769.0,821.0,824.0,4,860.0
8.0,29.0,41.0,83.0,260.0,456.0,4,755.0
8.0,29.0,41.0,260.0,456.0,755.0,4,860.0
8.0,29.0,41.0,260.0,456.0,769.0,4,860.0
8.0,29.0,755.0,769.0,821.0,824.0,4,860.0
8.0,29.0,83.0,769.0,821.0,824.0,4,860.0
8.0,29.0,260.0,769.0,821.0,824.0,4,860.0
8.0,29.0,260.0,769.0,821.0,824.0,4,860.0
8.0,29.0,41.0,260.0,456.0,769.0,4,821.0
8.0,29.0,41.0,260.0,456.0,821.0,4,860.0
8.0,33.0,219.0,258.0,361.0,407.0,4,844.0
8.0,33.0,219.0,844.0,861.0,975.0,4,976.0
8.0,33.0,160.0,470.0,492.0,975.0,4,976.0
8.0,33.0,258.0,361.0,470.0,492.0,4,976.0
8.0,33.0,219.0,844.0,861.0,975.0,4,976.0
8.0,33.0,407.0,470.0,492.0,844.0,4,976.0
8.0,33.0,407.0,470.0,492.0,844.0,4,976.0
8.0,33.0,219.0,258.0,361.0,844.0,4,861.0
8.0,33.0,219.0,258.0,361.0,844.0,4,861.0
8.0,33.0,160.0,470.0,492.0,975.0,4,976.0
8.0,33.0,160.0,258.0,492.0,975.0,4,976.0
8.0,33.0,219.0,258.0,492.0,844.0,4,975.0
8.0,33.0,160.0,219.0,844.0,861.0,4,975.0
8.0,33.0,219.0,492.0,844.0,861.0,4,975.0
8.0,29.0,260.0,755.0,769.0,821.0,4,867.0
8.0,29.0,41.0,260.0,755.0,769.0,4,867.0
8.0,29.0,132.0,456.0,755.0,769.0,4,821.0
8.0,29.0,41.0,260.0,456.0,755.0,4,769.0
8.0,29.0,41.0,260.0,456.0,769.0,4,821.0
8.0,14.0,405.0,520.0,868.0,938.0,4,998.0
8.0,14.0,302.0,405.0,520.0,868.0,4,998.0
8.0,14.0,302.0,405.0,840.0,868.0,4,998.0
8.0,14.0,134.0,405.0,520.0,938.0,4,998.0
8.0,14.0,134.0,405.0,520.0,938.0,4,998.0
8.0,23.0,33.0,136.0,388.0,874.0,4,896.0
8.0,23.0,33.0,136.0,400.0,454.0,4,778.0
8.0,23.0,33.0,136.0,388.0,874.0,4,896.0
8.0,23.0,33.0,136.0,874.0,896.0,4,955.0
8.0,23.0,180.0,388.0,400.0,799.0,4,972.0
8.0,23.0,175.0,180.0,388.0,799.0,4,955.0
8.0,18.0,181.0,362.0,580.0,834.0,4,948.0
8.0,18.0,51.0,580.0,758.0,834.0,4,948.0
8.0,18.0,51.0,56.0,580.0,758.0,4,834.0
8.0,18.0,51.0,56.0,580.0,758.0,4,834.0
8.0,18.0,150.0,181.0,362.0,730.0,4,836.0
8.0,18.0,51.0,56.0,580.0,758.0,4,834.0
8.0,18.0,51.0,56.0,580.0,758.0,4,834.0
8.0,18.0,56.0,580.0,730.0,758.0,4,834.0
8.0,4.0,1.0,288.0,757.0,936.0,4,964.0
8.0,4.0,1.0,288.0,757.0,786.0,4,964.0
8.0,4.0,1.0,288.0,757.0,786.0,4,964.0
8.0,4.0,1.0,288.0,757.0,786.0,4,964.0
8.0,4.0,486.0,589.0,715.0,757.0,4,786.0
8.0,4.0,1.0,486.0,715.0,757.0,4,786.0
8.0,4.0,1.0,589.0,757.0,936.0,4,964.0
8.0,4.0,1.0,589.0,757.0,936.0,4,964.0
8.0,4.0,1.0,486.0,589.0,786.0,4,936.0
8.0,17.0,109.0,328.0,406.0,439.0,4,619.0
8.0,17.0,328.0,484.0,587.0,764.0,4,1037.0
8.0,17.0,354.0,484.0,587.0,619.0,4,764.0
8.0,17.0,109.0,354.0,406.0,439.0,4,619.0
8.0,17.0,109.0,354.0,502.0,764.0,4,1037.0
8.0,17.0,354.0,484.0,587.0,764.0,4,1037.0
8.0,17.0,109.0,354.0,406.0,619.0,4,764.0
8.0,26.0,107.0,160.0,554.0,635.0,4,965.0
8.0,26.0,25.0,107.0,160.0,384.0,4,554.0
8.0,26.0,25.0,381.0,402.0,554.0,4,635.0
8.0,26.0,25.0,381.0,402.0,554.0,4,635.0
8.0,26.0,107.0,160.0,384.0,554.0,4,965.0
8.0,26.0,160.0,381.0,554.0,635.0,4,965.0
8.0,26.0,381.0,384.0,402.0,635.0,4,965.0
8.0,26.0,107.0,381.0,384.0,554.0,4,965.0
8.0,4.0,259.0,486.0,487.0,715.0,4,786.0
8.0,4.0,486.0,589.0,715.0,786.0,4,936.0
8.0,4.0,1.0,288.0,589.0,757.0,4,936.0
8.0,4.0,259.0,486.0,487.0,715.0,4,936.0
8.0,4.0,259.0,486.0,487.0,715.0,4,786.0
8.0,4.0,259.0,486.0,487.0,715.0,4,786.0
8.0,4.0,259.0,486.0,487.0,715.0,4,786.0
8.0,4.0,259.0,486.0,715.0,786.0,4,936.0
8.0,4.0,1.0,486.0,715.0,786.0,4,936.0
8.0,4.0,288.0,487.0,589.0,936.0,4,964.0
8.0,4.0,486.0,487.0,589.0,715.0,4,936.0
8.0,4.0,486.0,487.0,589.0,715.0,4,786.0
8.0,4.0,486.0,589.0,786.0,936.0,4,964.0
8.0,4.0,486.0,589.0,786.0,936.0,4,964.0
8.0,4.0,486.0,487.0,589.0,786.0,4,964.0
8.0,33.0,21.0,258.0,318.0,492.0,4,976.0
8.0,33.0,219.0,361.0,492.0,861.0,4,975.0
8.0,33.0,258.0,318.0,361.0,492.0,4,976.0
8.0,33.0,258.0,318.0,361.0,492.0,4,976.0
8.0,33.0,21.0,258.0,318.0,361.0,4,976.0
8.0,33.0,21.0,258.0,318.0,492.0,4,976.0
8.0,33.0,21.0,258.0,318.0,492.0,4,976.0
8.0,33.0,258.0,361.0,492.0,975.0,4,976.0
8.0,33.0,361.0,492.0,861.0,975.0,4,976.0
8.0,33.0,21.0,258.0,318.0,361.0,4,976.0
8.0,2.0,98.0,120.0,255.0,493.0,4,577.0
8.0,2.0,120.0,255.0,444.0,493.0,4,577.0
8.0,2.0,17.0,98.0,120.0,255.0,4,577.0
8.0,2.0,98.0,120.0,185.0,255.0,4,577.0
8.0,2.0,255.0,444.0,481.0,493.0,4,687.0
8.0,2.0,255.0,444.0,481.0,493.0,4,687.0
8.0,2.0,17.0,98.0,444.0,577.0,4,687.0
8.0,2.0,185.0,444.0,481.0,523.0,4,889.0
8.0,2.0,17.0,185.0,481.0,523.0,4,889.0
8.0,5.0,14.0,179.0,352.0,568.0,4,611.0
8.0,5.0,14.0,179.0,352.0,568.0,4,611.0
8.0,5.0,14.0,179.0,568.0,611.0,4,776.0
8.0,5.0,89.0,117.0,568.0,686.0,4,776.0
8.0,5.0,89.0,117.0,568.0,686.0,4,776.0
8.0,5.0,14.0,179.0,352.0,568.0,4,611.0
8.0,4.0,486.0,589.0,715.0,757.0,4,786.0
8.0,4.0,1.0,486.0,589.0,757.0,4,936.0
8.0,4.0,1.0,589.0,715.0,757.0,4,936.0
8.0,4.0,1.0,589.0,715.0,757.0,4,936.0
8.0,4.0,259.0,589.0,715.0,757.0,4,786.0
8.0,4.0,130.0,259.0,589.0,715.0,4,786.0
8.0,4.0,130.0,259.0,589.0,715.0,4,786.0
8.0,4.0,259.0,486.0,715.0,786.0,4,936.0
8.0,4.0,259.0,486.0,715.0,786.0,4,936.0
8.0,4.0,1.0,486.0,589.0,786.0,4,936.0
8.0,4.0,1.0,486.0,589.0,757.0,4,936.0
8.0,4.0,1.0,589.0,715.0,757.0,4,936.0
8.0,4.0,259.0,486.0,589.0,786.0,4,936.0
8.0,4.0,259.0,486.0,589.0,786.0,4,936.0
8.0,4.0,259.0,486.0,589.0,786.0,4,936.0
8.0,16.0,296.0,546.0,646.0,763.0,4,903.0
8.0,16.0,153.0,216.0,424.0,674.0,4,903.0
8.0,16.0,153.0,216.0,674.0,763.0,4,903.0
8.0,16.0,216.0,546.0,646.0,674.0,4,763.0
8.0,16.0,153.0,216.0,646.0,674.0,4,763.0
8.0,16.0,153.0,216.0,646.0,674.0,4,763.0
8.0,16.0,153.0,296.0,546.0,674.0,4,763.0
8.0,4.0,486.0,487.0,589.0,715.0,4,786.0
8.0,4.0,486.0,589.0,715.0,757.0,4,786.0
8.0,4.0,1.0,486.0,757.0,786.0,4,964.0
8.0,4.0,1.0,486.0,757.0,786.0,4,964.0
8.0,4.0,486.0,589.0,715.0,757.0,4,786.0
8.0,4.0,1.0,486.0,487.0,715.0,4,757.0
8.0,4.0,1.0,486.0,487.0,589.0,4,757.0
8.0,4.0,1.0,486.0,487.0,589.0,4,757.0
8.0,4.0,1.0,486.0,589.0,757.0,4,786.0
8.0,15.0,188.0,659.0,714.0,941.0,4,1036.0
8.0,15.0,86.0,188.0,509.0,659.0,4,802.0
8.0,15.0,86.0,188.0,509.0,593.0,4,802.0
8.0,15.0,86.0,509.0,593.0,802.0,4,1005.0
8.0,15.0,509.0,593.0,714.0,749.0,4,1005.0
8.0,15.0,188.0,659.0,714.0,749.0,4,1005.0
8.0,34.0,104.0,506.0,595.0,662.0,4,790.0
8.0,34.0,104.0,506.0,662.0,747.0,4,817.0
8.0,34.0,104.0,506.0,583.0,747.0,4,817.0
8.0,34.0,104.0,506.0,595.0,662.0,4,790.0
8.0,34.0,104.0,506.0,583.0,747.0,4,817.0
8.0,34.0,104.0,506.0,662.0,790.0,4,817.0
8.0,4.0,259.0,486.0,487.0,715.0,4,786.0
8.0,4.0,1.0,486.0,715.0,786.0,4,936.0
8.0,4.0,1.0,297.0,486.0,757.0,4,936.0
8.0,4.0,1.0,297.0,757.0,936.0,4,964.0
8.0,4.0,1.0,259.0,487.0,786.0,4,964.0
8.0,4.0,1.0,486.0,715.0,786.0,4,936.0
8.0,4.0,1.0,297.0,486.0,786.0,4,936.0
8.0,4.0,259.0,297.0,486.0,757.0,4,936.0
8.0,4.0,1.0,259.0,486.0,487.0,4,757.0
8.0,4.0,1.0,259.0,486.0,487.0,4,786.0
8.0,4.0,259.0,486.0,487.0,715.0,4,786.0
8.0,4.0,1.0,297.0,486.0,757.0,4,936.0
8.0,4.0,1.0,259.0,486.0,487.0,4,757.0
8.0,4.0,1.0,259.0,486.0,487.0,4,786.0
8.0,4.0,1.0,259.0,486.0,487.0,4,786.0
8.0,4.0,1.0,486.0,487.0,715.0,4,786.0
8.0,4.0,1.0,297.0,715.0,786.0,4,936.0
8.0,4.0,1.0,297.0,715.0,757.0,4,936.0
8.0,12.0,237.0,350.0,845.0,856.0,4,909.0
8.0,12.0,125.0,350.0,638.0,856.0,4,909.0
8.0,12.0,125.0,126.0,620.0,638.0,4,845.0
8.0,12.0,125.0,126.0,156.0,620.0,4,638.0
8.0,12.0,237.0,350.0,845.0,856.0,4,909.0
8.0,12.0,237.0,350.0,620.0,845.0,4,909.0
8.0,12.0,125.0,126.0,237.0,620.0,4,909.0
8.0,12.0,125.0,126.0,156.0,620.0,4,638.0
8.0,12.0,125.0,126.0,156.0,620.0,4,638.0
8.0,4.0,259.0,486.0,487.0,715.0,4,786.0
8.0,4.0,259.0,297.0,486.0,757.0,4,936.0
8.0,4.0,259.0,487.0,715.0,786.0,4,964.0
8.0,4.0,259.0,486.0,487.0,715.0,4,786.0
8.0,4.0,259.0,487.0,715.0,786.0,4,964.0
8.0,4.0,259.0,486.0,487.0,715.0,4,786.0
8.0,4.0,297.0,743.0,757.0,936.0,4,964.0
8.0,4.0,259.0,486.0,487.0,589.0,4,786.0
8.0,4.0,1.0,487.0,757.0,936.0,4,964.0
8.0,4.0,1.0,487.0,757.0,936.0,4,964.0
8.0,4.0,259.0,486.0,487.0,589.0,4,786.0
8.0,4.0,1.0,259.0,487.0,757.0,4,936.0
8.0,4.0,1.0,486.0,589.0,757.0,4,936.0
8.0,4.0,1.0,130.0,297.0,743.0,4,964.0
8.0,34.0,104.0,506.0,662.0,747.0,4,790.0
8.0,34.0,104.0,506.0,595.0,662.0,4,817.0
8.0,34.0,104.0,506.0,595.0,662.0,4,817.0
8.0,34.0,104.0,506.0,662.0,747.0,4,790.0
8.0,34.0,104.0,506.0,595.0,662.0,4,790.0
8.0,34.0,104.0,506.0,583.0,747.0,4,817.0
8.0,34.0,506.0,662.0,747.0,790.0,4,817.0
8.0,34.0,104.0,506.0,662.0,747.0,4,790.0
8.0,4.0,486.0,487.0,589.0,786.0,4,964.0
8.0,4.0,486.0,487.0,589.0,786.0,4,964.0
8.0,4.0,1.0,297.0,486.0,757.0,4,936.0
8.0,4.0,1.0,589.0,757.0,786.0,4,936.0
8.0,4.0,486.0,487.0,589.0,757.0,4,786.0
8.0,4.0,486.0,487.0,589.0,786.0,4,964.0
8.0,4.0,1.0,297.0,757.0,936.0,4,964.0
8.0,4.0,1.0,486.0,589.0,786.0,4,936.0
8.0,4.0,1.0,487.0,589.0,936.0,4,964.0
8.0,4.0,259.0,486.0,487.0,589.0,4,786.0
8.0,4.0,1.0,486.0,786.0,936.0,4,964.0
8.0,4.0,1.0,486.0,757.0,936.0,4,964.0
8.0,4.0,1.0,486.0,757.0,936.0,4,964.0
8.0,4.0,1.0,259.0,757.0,936.0,4,964.0
8.0,4.0,1.0,259.0,487.0,757.0,4,964.0
8.0,4.0,1.0,259.0,486.0,487.0,4,786.0
8.0,4.0,259.0,486.0,487.0,786.0,4,964.0
8.0,4.0,259.0,486.0,487.0,786.0,4,964.0
8.0,4.0,259.0,589.0,786.0,936.0,4,964.0
8.0,4.0,1.0,486.0,589.0,757.0,4,936.0
8.0,4.0,1.0,589.0,757.0,936.0,4,964.0
8.0,4.0,1.0,297.0,589.0,757.0,4,936.0
8.0,4.0,259.0,486.0,786.0,936.0,4,964.0
8.0,4.0,486.0,589.0,786.0,936.0,4,964.0
8.0,4.0,1.0,486.0,589.0,757.0,4,936.0
8.0,4.0,259.0,486.0,487.0,786.0,4,964.0
8.0,4.0,1.0,486.0,589.0,757.0,4,936.0
8.0,4.0,1.0,486.0,589.0,757.0,4,936.0
8.0,14.0,516.0,520.0,840.0,868.0,4,1013.0
8.0,14.0,134.0,516.0,520.0,868.0,4,1013.0
8.0,14.0,134.0,472.0,516.0,520.0,4,868.0
8.0,14.0,134.0,302.0,472.0,516.0,4,1015.0
8.0,14.0,134.0,302.0,472.0,1013.0,4,1015.0
8.0,14.0,302.0,472.0,840.0,1013.0,4,1015.0
8.0,14.0,516.0,520.0,840.0,1013.0,4,1015.0
8.0,14.0,516.0,520.0,840.0,868.0,4,1013.0
8.0,14.0,134.0,516.0,520.0,868.0,4,1013.0
8.0,14.0,134.0,472.0,516.0,520.0,4,868.0
8.0,14.0,134.0,472.0,516.0,520.0,4,868.0
8.0,14.0,134.0,302.0,472.0,1013.0,4,1015.0
8.0,22.0,58.0,218.0,320.0,768.0,4,990.0
8.0,22.0,58.0,320.0,485.0,802.0,4,864.0
8.0,22.0,58.0,485.0,768.0,802.0,4,990.0
8.0,22.0,26.0,218.0,802.0,864.0,4,990.0
8.0,22.0,26.0,802.0,864.0,959.0,4,990.0
8.0,22.0,26.0,466.0,485.0,639.0,4,959.0
8.0,25.0,146.0,759.0,958.0,1003.0,4,1024.0
8.0,25.0,2.0,603.0,696.0,958.0,4,1024.0
8.0,25.0,2.0,269.0,332.0,603.0,4,1024.0
8.0,25.0,2.0,269.0,332.0,603.0,4,1003.0
8.0,25.0,269.0,332.0,603.0,958.0,4,1003.0
8.0,25.0,269.0,332.0,603.0,958.0,4,1003.0
8.0,25.0,146.0,311.0,759.0,958.0,4,1003.0
8.0,25.0,2.0,269.0,332.0,603.0,4,1024.0
8.0,25.0,269.0,332.0,603.0,958.0,4,1024.0
8.0,25.0,269.0,311.0,332.0,603.0,4,958.0
8.0,25.0,146.0,311.0,759.0,958.0,4,1003.0
8.0,25.0,146.0,311.0,759.0,958.0,4,1003.0
8.0,9.0,39.0,137.0,366.0,574.0,4,913.0
8.0,9.0,39.0,64.0,139.0,488.0,4,504.0
8.0,9.0,39.0,64.0,139.0,504.0,4,574.0
8.0,9.0,39.0,137.0,366.0,574.0,4,913.0
8.0,9.0,39.0,64.0,139.0,488.0,4,504.0
8.0,4.0,259.0,715.0,757.0,786.0,4,964.0
8.0,4.0,1.0,486.0,487.0,757.0,4,964.0
8.0,4.0,1.0,486.0,487.0,757.0,4,964.0
8.0,4.0,259.0,486.0,757.0,786.0,4,964.0
8.0,4.0,1.0,259.0,487.0,757.0,4,964.0
8.0,4.0,1.0,486.0,487.0,715.0,4,786.0
8.0,4.0,487.0,589.0,757.0,936.0,4,964.0
8.0,4.0,1.0,757.0,786.0,936.0,4,964.0
8.0,4.0,1.0,486.0,786.0,936.0,4,964.0
8.0,4.0,486.0,589.0,786.0,936.0,4,964.0
8.0,4.0,1.0,486.0,487.0,715.0,4,786.0
8.0,4.0,1.0,486.0,487.0,786.0,4,964.0
8.0,4.0,1.0,486.0,487.0,715.0,4,936.0
8.0,4.0,1.0,486.0,487.0,936.0,4,964.0
8.0,4.0,1.0,486.0,487.0,715.0,4,964.0
8.0,4.0,1.0,486.0,487.0,715.0,4,964.0
8.0,4.0,1.0,486.0,487.0,715.0,4,757.0
8.0,4.0,1.0,486.0,487.0,715.0,4,757.0
8.0,4.0,1.0,486.0,487.0,715.0,4,964.0
8.0,4.0,1.0,486.0,487.0,589.0,4,964.0
8.0,4.0,487.0,589.0,715.0,757.0,4,964.0
8.0,4.0,486.0,487.0,589.0,715.0,4,964.0
8.0,4.0,486.0,487.0,589.0,715.0,4,964.0
8.0,4.0,1.0,487.0,715.0,786.0,4,964.0
8.0,4.0,288.0,589.0,757.0,786.0,4,964.0
8.0,4.0,1.0,297.0,487.0,715.0,4,757.0
8.0,4.0,1.0,297.0,487.0,715.0,4,757.0
8.0,4.0,1.0,297.0,715.0,757.0,4,786.0
8.0,4.0,1.0,297.0,715.0,757.0,4,786.0
8.0,4.0,1.0,487.0,715.0,786.0,4,964.0
8.0,4.0,1.0,487.0,715.0,786.0,4,964.0
8.0,4.0,288.0,589.0,757.0,786.0,4,964.0
8.0,4.0,1.0,487.0,715.0,757.0,4,964.0
8.0,12.0,125.0,237.0,350.0,856.0,4,909.0
8.0,12.0,126.0,386.0,638.0,845.0,4,909.0
8.0,12.0,125.0,126.0,638.0,845.0,4,856.0
8.0,12.0,125.0,350.0,638.0,845.0,4,856.0
8.0,12.0,237.0,350.0,386.0,845.0,4,909.0
8.0,12.0,126.0,207.0,386.0,638.0,4,845.0
8.0,12.0,125.0,126.0,350.0,386.0,4,638.0
8.0,12.0,125.0,386.0,638.0,845.0,4,909.0
8.0,12.0,125.0,126.0,237.0,845.0,4,856.0
8.0,12.0,125.0,126.0,237.0,386.0,4,845.0
8.0,4.0,1.0,715.0,757.0,786.0,4,964.0
8.0,4.0,288.0,297.0,487.0,589.0,4,757.0
8.0,4.0,1.0,288.0,297.0,487.0,4,757.0
8.0,4.0,1.0,297.0,715.0,757.0,4,786.0
8.0,4.0,297.0,487.0,589.0,757.0,4,964.0
8.0,4.0,297.0,487.0,589.0,757.0,4,964.0
8.0,4.0,1.0,297.0,757.0,786.0,4,964.0
8.0,26.0,391.0,468.0,748.0,837.0,4,951.0
8.0,26.0,341.0,391.0,468.0,837.0,4,951.0
8.0,26.0,341.0,391.0,468.0,837.0,4,951.0
8.0,26.0,393.0,453.0,635.0,748.0,4,837.0
8.0,26.0,393.0,402.0,453.0,635.0,4,748.0
8.0,26.0,384.0,391.0,468.0,837.0,4,951.0
8.0,26.0,384.0,391.0,393.0,635.0,4,748.0
8.0,26.0,384.0,391.0,393.0,635.0,4,748.0
8.0,5.0,352.0,452.0,568.0,611.0,4,706.0
8.0,5.0,352.0,452.0,568.0,686.0,4,730.0
8.0,5.0,89.0,352.0,686.0,706.0,4,730.0
8.0,5.0,352.0,452.0,568.0,611.0,4,686.0
8.0,5.0,352.0,452.0,568.0,611.0,4,686.0
8.0,4.0,1.0,487.0,715.0,786.0,4,964.0
8.0,4.0,589.0,715.0,757.0,786.0,4,964.0
8.0,4.0,288.0,487.0,589.0,757.0,4,964.0
8.0,4.0,288.0,297.0,487.0,589.0,4,757.0
8.0,4.0,297.0,487.0,589.0,715.0,4,757.0
8.0,4.0,1.0,487.0,715.0,786.0,4,964.0
8.0,4.0,589.0,715.0,757.0,786.0,4,964.0
8.0,4.0,589.0,715.0,757.0,786.0,4,964.0
8.0,4.0,487.0,589.0,715.0,757.0,4,964.0
8.0,4.0,1.0,487.0,715.0,757.0,4,786.0
8.0,4.0,1.0,487.0,757.0,786.0,4,964.0
8.0,9.0,39.0,64.0,137.0,574.0,4,825.0
8.0,9.0,39.0,64.0,137.0,488.0,4,913.0
8.0,9.0,39.0,64.0,488.0,825.0,4,941.0
8.0,9.0,39.0,137.0,495.0,574.0,4,825.0
8.0,9.0,137.0,495.0,574.0,825.0,4,941.0
8.0,9.0,488.0,495.0,574.0,913.0,4,941.0
8.0,9.0,488.0,495.0,574.0,913.0,4,941.0
8.0,9.0,488.0,495.0,574.0,913.0,4,941.0
8.0,4.0,1.0,486.0,715.0,786.0,4,936.0
8.0,4.0,1.0,486.0,715.0,786.0,4,936.0
8.0,4.0,1.0,589.0,757.0,786.0,4,964.0
8.0,4.0,486.0,589.0,757.0,936.0,4,964.0
8.0,4.0,1.0,715.0,757.0,786.0,4,964.0
8.0,4.0,1.0,486.0,715.0,786.0,4,936.0
8.0,4.0,486.0,589.0,757.0,936.0,4,964.0
8.0,4.0,486.0,589.0,757.0,936.0,4,964.0
8.0,4.0,486.0,589.0,757.0,936.0,4,964.0
8.0,4.0,1.0,486.0,589.0,757.0,4,786.0
8.0,4.0,1.0,486.0,487.0,715.0,4,786.0
8.0,4.0,1.0,486.0,487.0,715.0,4,786.0
8.0,4.0,486.0,589.0,715.0,786.0,4,936.0
8.0,4.0,487.0,589.0,757.0,936.0,4,964.0
8.0,4.0,1.0,487.0,589.0,757.0,4,964.0
8.0,4.0,1.0,487.0,589.0,757.0,4,964.0
8.0,4.0,1.0,486.0,757.0,786.0,4,964.0
8.0,4.0,1.0,486.0,487.0,715.0,4,786.0
8.0,4.0,486.0,589.0,715.0,786.0,4,936.0
8.0,4.0,589.0,715.0,757.0,786.0,4,936.0
8.0,4.0,589.0,715.0,757.0,936.0,4,964.0
8.0,4.0,297.0,589.0,757.0,936.0,4,964.0
8.0,4.0,297.0,743.0,757.0,936.0,4,964.0
8.0,17.0,328.0,354.0,484.0,502.0,4,764.0
8.0,17.0,328.0,484.0,703.0,764.0,4,1037.0
8.0,17.0,328.0,354.0,587.0,703.0,4,1037.0
8.0,17.0,439.0,484.0,502.0,587.0,4,764.0
8.0,17.0,439.0,484.0,502.0,703.0,4,764.0
8.0,17.0,328.0,502.0,587.0,703.0,4,764.0
8.0,17.0,328.0,587.0,703.0,764.0,4,1037.0
8.0,4.0,1.0,486.0,487.0,715.0,4,786.0
8.0,4.0,1.0,486.0,487.0,715.0,4,786.0
8.0,4.0,297.0,715.0,786.0,936.0,4,964.0
8.0,4.0,297.0,486.0,487.0,757.0,4,936.0
8.0,4.0,297.0,486.0,487.0,757.0,4,936.0
8.0,4.0,1.0,486.0,487.0,757.0,4,936.0
8.0,4.0,1.0,486.0,715.0,786.0,4,936.0
8.0,4.0,1.0,486.0,487.0,715.0,4,786.0
8.0,4.0,297.0,715.0,786.0,936.0,4,964.0
8.0,4.0,297.0,486.0,487.0,757.0,4,936.0
8.0,4.0,297.0,486.0,757.0,786.0,4,936.0
8.0,4.0,1.0,486.0,757.0,786.0,4,936.0
8.0,25.0,2.0,311.0,332.0,759.0,4,958.0
8.0,25.0,50.0,269.0,311.0,958.0,4,1003.0
8.0,25.0,2.0,50.0,269.0,311.0,4,1003.0
8.0,25.0,269.0,311.0,759.0,958.0,4,1003.0
8.0,25.0,2.0,50.0,311.0,332.0,4,759.0
8.0,25.0,2.0,50.0,311.0,332.0,4,759.0
8.0,25.0,2.0,311.0,332.0,759.0,4,1003.0
8.0,25.0,2.0,311.0,332.0,759.0,4,1003.0
8.0,16.0,296.0,379.0,646.0,674.0,4,996.0
8.0,16.0,153.0,359.0,424.0,674.0,4,996.0
8.0,16.0,153.0,359.0,424.0,674.0,4,702.0
8.0,16.0,359.0,379.0,424.0,674.0,4,702.0
8.0,16.0,296.0,379.0,646.0,674.0,4,702.0
8.0,16.0,296.0,379.0,646.0,674.0,4,702.0
8.0,16.0,296.0,379.0,646.0,674.0,4,702.0
8.0,16.0,296.0,379.0,646.0,674.0,4,702.0
8.0,16.0,296.0,359.0,379.0,424.0,4,646.0
8.0,16.0,296.0,359.0,379.0,424.0,4,646.0
8.0,4.0,259.0,486.0,487.0,715.0,4,786.0
8.0,4.0,259.0,486.0,487.0,715.0,4,786.0
8.0,4.0,259.0,486.0,487.0,715.0,4,936.0
8.0,4.0,259.0,486.0,715.0,786.0,4,936.0
8.0,4.0,259.0,486.0,715.0,786.0,4,936.0
8.0,4.0,259.0,486.0,487.0,715.0,4,786.0
8.0,4.0,259.0,486.0,487.0,715.0,4,786.0
8.0,4.0,1.0,486.0,715.0,786.0,4,936.0
8.0,4.0,1.0,486.0,757.0,786.0,4,936.0
8.0,4.0,1.0,715.0,757.0,786.0,4,964.0
8.0,4.0,1.0,487.0,715.0,757.0,4,964.0
8.0,4.0,259.0,486.0,487.0,757.0,4,964.0
8.0,4.0,259.0,486.0,786.0,936.0,4,964.0
8.0,4.0,259.0,486.0,786.0,936.0,4,964.0
8.0,4.0,259.0,486.0,487.0,936.0,4,964.0
8.0,2.0,98.0,120.0,255.0,493.0,4,948.0
8.0,2.0,98.0,120.0,255.0,444.0,4,493.0
8.0,22.0,58.0,320.0,505.0,536.0,4,864.0
8.0,22.0,58.0,77.0,485.0,505.0,4,864.0
8.0,22.0,77.0,485.0,505.0,768.0,4,864.0
8.0,22.0,77.0,485.0,768.0,864.0,4,990.0
8.0,22.0,58.0,320.0,536.0,768.0,4,990.0
8.0,22.0,58.0,320.0,536.0,864.0,4,990.0
8.0,22.0,58.0,320.0,536.0,864.0,4,990.0
8.0,22.0,58.0,77.0,485.0,505.0,4,864.0
8.0,22.0,58.0,77.0,485.0,505.0,4,864.0
8.0,22.0,58.0,77.0,485.0,505.0,4,864.0
8.0,22.0,58.0,320.0,536.0,768.0,4,990.0
8.0,22.0,58.0,320.0,536.0,768.0,4,990.0
8.0,15.0,659.0,714.0,941.0,960.0,4,1036.0
8.0,15.0,593.0,714.0,802.0,941.0,4,1036.0
8.0,15.0,86.0,659.0,941.0,960.0,4,1005.0
8.0,15.0,86.0,659.0,802.0,941.0,4,960.0
8.0,15.0,659.0,714.0,802.0,960.0,4,1036.0
8.0,15.0,86.0,659.0,802.0,941.0,4,1005.0
8.0,15.0,86.0,659.0,802.0,941.0,4,1036.0
8.0,22.0,58.0,77.0,320.0,536.0,4,768.0
8.0,22.0,58.0,77.0,320.0,536.0,4,768.0
8.0,22.0,58.0,77.0,485.0,864.0,4,990.0
8.0,22.0,58.0,320.0,536.0,768.0,4,990.0
8.0,22.0,58.0,77.0,320.0,536.0,4,768.0
8.0,22.0,58.0,320.0,536.0,768.0,4,990.0
8.0,22.0,58.0,77.0,536.0,864.0,4,990.0
8.0,22.0,58.0,77.0,320.0,485.0,4,864.0
8.0,22.0,77.0,320.0,768.0,864.0,4,990.0
8.0,22.0,58.0,320.0,536.0,768.0,4,990.0
8.0,22.0,58.0,320.0,536.0,768.0,4,990.0
8.0,22.0,58.0,320.0,536.0,768.0,4,990.0
8.0,22.0,58.0,320.0,536.0,768.0,4,990.0
8.0,22.0,58.0,77.0,320.0,536.0,4,864.0
8.0,22.0,58.0,77.0,320.0,639.0,4,864.0
8.0,22.0,26.0,77.0,639.0,864.0,4,990.0
8.0,22.0,26.0,77.0,536.0,864.0,4,990.0
8.0,22.0,58.0,320.0,536.0,768.0,4,990.0
8.0,22.0,58.0,320.0,536.0,768.0,4,990.0
8.0,22.0,58.0,77.0,536.0,768.0,4,990.0
8.0,22.0,58.0,77.0,536.0,768.0,4,990.0
8.0,22.0,58.0,77.0,536.0,639.0,4,768.0
8.0,22.0,58.0,77.0,536.0,639.0,4,864.0
8.0,22.0,58.0,77.0,222.0,639.0,4,864.0
8.0,22.0,77.0,320.0,768.0,864.0,4,990.0
8.0,22.0,77.0,320.0,768.0,864.0,4,990.0
8.0,22.0,320.0,536.0,768.0,864.0,4,990.0
8.0,22.0,58.0,77.0,536.0,864.0,4,990.0
8.0,22.0,58.0,320.0,536.0,864.0,4,990.0
8.0,22.0,58.0,320.0,536.0,864.0,4,990.0
8.0,22.0,58.0,77.0,536.0,639.0,4,864.0
8.0,22.0,26.0,77.0,536.0,639.0,4,864.0
8.0,22.0,26.0,77.0,485.0,639.0,4,864.0
8.0,22.0,26.0,77.0,222.0,485.0,4,639.0
8.0,22.0,26.0,77.0,222.0,485.0,4,639.0
8.0,22.0,26.0,222.0,466.0,485.0,4,639.0
8.0,33.0,21.0,258.0,318.0,492.0,4,976.0
8.0,33.0,21.0,219.0,492.0,861.0,4,975.0
8.0,33.0,21.0,258.0,361.0,975.0,4,976.0
8.0,33.0,219.0,258.0,361.0,492.0,4,975.0
8.0,33.0,219.0,258.0,361.0,492.0,4,975.0
8.0,33.0,21.0,258.0,361.0,975.0,4,976.0
8.0,33.0,21.0,258.0,361.0,975.0,4,976.0
8.0,34.0,104.0,506.0,595.0,662.0,4,790.0
8.0,34.0,104.0,290.0,506.0,662.0,4,817.0
8.0,34.0,41.0,104.0,583.0,595.0,4,774.0
8.0,34.0,104.0,506.0,595.0,662.0,4,790.0
8.0,34.0,104.0,506.0,595.0,662.0,4,790.0
8.0,34.0,104.0,506.0,595.0,662.0,4,790.0
8.0,34.0,104.0,290.0,506.0,662.0,4,790.0
8.0,34.0,104.0,290.0,506.0,662.0,4,817.0
8.0,34.0,41.0,290.0,662.0,774.0,4,817.0
8.0,14.0,302.0,472.0,520.0,753.0,4,1013.0
8.0,14.0,134.0,302.0,592.0,854.0,4,1015.0
8.0,14.0,302.0,520.0,592.0,854.0,4,1015.0
8.0,14.0,134.0,472.0,753.0,840.0,4,1013.0
8.0,14.0,302.0,520.0,592.0,854.0,4,1015.0
8.0,22.0,58.0,536.0,639.0,768.0,4,990.0
8.0,22.0,58.0,536.0,639.0,768.0,4,990.0
8.0,22.0,58.0,77.0,218.0,864.0,4,990.0
8.0,22.0,58.0,218.0,536.0,639.0,4,990.0
8.0,22.0,218.0,536.0,768.0,864.0,4,990.0
8.0,22.0,58.0,536.0,639.0,768.0,4,990.0
8.0,22.0,77.0,218.0,536.0,768.0,4,864.0
8.0,22.0,77.0,218.0,343.0,768.0,4,864.0
8.0,22.0,77.0,218.0,768.0,864.0,4,990.0
8.0,22.0,58.0,77.0,218.0,536.0,4,864.0
8.0,22.0,58.0,77.0,218.0,485.0,4,864.0
8.0,22.0,77.0,218.0,466.0,485.0,4,864.0
8.0,22.0,77.0,218.0,466.0,485.0,4,864.0
8.0,22.0,58.0,536.0,639.0,768.0,4,990.0
8.0,22.0,58.0,536.0,639.0,768.0,4,990.0
8.0,22.0,58.0,218.0,536.0,768.0,4,990.0
8.0,22.0,58.0,218.0,536.0,768.0,4,990.0
8.0,22.0,77.0,218.0,466.0,485.0,4,864.0
8.0,22.0,77.0,218.0,466.0,485.0,4,864.0
8.0,22.0,58.0,77.0,536.0,864.0,4,990.0
8.0,22.0,58.0,77.0,536.0,864.0,4,990.0
8.0,12.0,126.0,237.0,620.0,845.0,4,909.0
8.0,12.0,125.0,126.0,237.0,620.0,4,845.0
8.0,12.0,125.0,237.0,350.0,620.0,4,909.0
8.0,12.0,125.0,350.0,620.0,638.0,4,909.0
8.0,12.0,125.0,126.0,638.0,856.0,4,909.0
8.0,12.0,125.0,126.0,237.0,845.0,4,856.0
8.0,12.0,126.0,237.0,845.0,856.0,4,909.0
8.0,12.0,126.0,237.0,620.0,845.0,4,909.0
8.0,12.0,125.0,350.0,620.0,638.0,4,845.0
8.0,12.0,125.0,350.0,620.0,638.0,4,845.0
8.0,12.0,126.0,638.0,845.0,856.0,4,909.0
8.0,22.0,58.0,218.0,536.0,864.0,4,990.0
8.0,22.0,58.0,320.0,536.0,768.0,4,990.0
8.0,22.0,58.0,218.0,536.0,768.0,4,990.0
8.0,22.0,58.0,218.0,536.0,864.0,4,990.0
8.0,22.0,58.0,77.0,320.0,864.0,4,990.0
8.0,22.0,58.0,320.0,536.0,864.0,4,990.0
8.0,5.0,117.0,348.0,452.0,686.0,4,776.0
8.0,5.0,117.0,179.0,352.0,686.0,4,776.0
8.0,5.0,89.0,352.0,568.0,686.0,4,706.0
8.0,5.0,348.0,452.0,568.0,686.0,4,706.0
8.0,5.0,117.0,348.0,352.0,452.0,4,686.0
8.0,5.0,348.0,352.0,452.0,568.0,4,686.0
8.0,5.0,89.0,179.0,348.0,352.0,4,568.0
8.0,22.0,58.0,218.0,320.0,536.0,4,768.0
8.0,22.0,58.0,218.0,320.0,536.0,4,768.0
8.0,22.0,58.0,218.0,536.0,768.0,4,990.0
8.0,22.0,320.0,536.0,768.0,864.0,4,990.0
8.0,22.0,58.0,320.0,536.0,768.0,4,990.0
8.0,22.0,58.0,218.0,536.0,864.0,4,990.0
8.0,22.0,58.0,218.0,320.0,536.0,4,768.0
8.0,22.0,58.0,218.0,320.0,536.0,4,864.0
8.0,22.0,58.0,320.0,536.0,864.0,4,990.0
8.0,22.0,58.0,77.0,218.0,864.0,4,990.0
8.0,22.0,58.0,320.0,536.0,864.0,4,990.0
8.0,9.0,39.0,108.0,366.0,574.0,4,604.0
8.0,9.0,39.0,137.0,194.0,488.0,4,510.0
8.0,9.0,39.0,108.0,366.0,574.0,4,604.0
8.0,9.0,108.0,137.0,488.0,495.0,4,510.0
8.0,9.0,108.0,137.0,488.0,495.0,4,510.0
8.0,9.0,137.0,194.0,488.0,495.0,4,510.0
8.0,9.0,137.0,194.0,488.0,495.0,4,510.0
8.0,9.0,64.0,139.0,194.0,366.0,4,574.0
8.0,26.0,554.0,635.0,703.0,748.0,4,837.0
8.0,26.0,381.0,384.0,402.0,468.0,4,615.0
8.0,26.0,554.0,635.0,703.0,748.0,4,837.0
8.0,26.0,554.0,635.0,703.0,748.0,4,837.0
8.0,26.0,468.0,635.0,703.0,748.0,4,837.0
8.0,26.0,381.0,384.0,468.0,554.0,4,703.0
8.0,26.0,384.0,468.0,703.0,748.0,4,837.0
8.0,23.0,136.0,454.0,524.0,614.0,4,633.0
8.0,23.0,33.0,136.0,454.0,524.0,4,955.0
8.0,23.0,33.0,612.0,896.0,955.0,4,972.0
8.0,23.0,33.0,454.0,612.0,896.0,4,955.0
8.0,23.0,136.0,454.0,614.0,633.0,4,955.0
8.0,23.0,136.0,454.0,524.0,614.0,4,633.0
8.0,23.0,136.0,454.0,524.0,614.0,4,633.0
8.0,23.0,33.0,136.0,612.0,896.0,4,955.0
8.0,23.0,33.0,136.0,612.0,614.0,4,955.0
8.0,23.0,136.0,454.0,524.0,614.0,4,633.0
8.0,22.0,58.0,218.0,320.0,768.0,4,990.0
8.0,22.0,26.0,741.0,802.0,864.0,4,990.0
8.0,22.0,58.0,218.0,320.0,768.0,4,990.0
8.0,22.0,58.0,218.0,320.0,741.0,4,768.0
8.0,22.0,58.0,320.0,741.0,802.0,4,864.0
8.0,22.0,320.0,741.0,768.0,802.0,4,864.0
8.0,22.0,58.0,320.0,768.0,802.0,4,990.0
8.0,18.0,51.0,362.0,730.0,836.0,4,948.0
8.0,18.0,51.0,56.0,150.0,758.0,4,1035.0
8.0,18.0,56.0,150.0,758.0,836.0,4,1035.0
8.0,18.0,56.0,150.0,362.0,836.0,4,1035.0
8.0,18.0,51.0,362.0,730.0,836.0,4,948.0
8.0,18.0,51.0,730.0,758.0,836.0,4,948.0
8.0,18.0,150.0,362.0,758.0,836.0,4,1035.0
8.0,18.0,51.0,362.0,730.0,758.0,4,948.0
8.0,22.0,58.0,218.0,320.0,768.0,4,990.0
8.0,22.0,58.0,218.0,320.0,768.0,4,990.0
8.0,22.0,58.0,320.0,802.0,864.0,4,990.0
8.0,22.0,58.0,741.0,802.0,864.0,4,990.0
8.0,22.0,26.0,505.0,741.0,802.0,4,864.0
8.0,22.0,58.0,218.0,320.0,802.0,4,864.0
8.0,22.0,58.0,218.0,320.0,864.0,4,990.0
8.0,22.0,58.0,218.0,320.0,768.0,4,990.0
8.0,22.0,58.0,218.0,320.0,768.0,4,990.0
8.0,22.0,58.0,218.0,320.0,768.0,4,990.0
8.0,22.0,58.0,218.0,320.0,768.0,4,990.0
8.0,22.0,58.0,218.0,741.0,802.0,4,864.0
8.0,22.0,26.0,485.0,639.0,802.0,4,864.0
8.0,22.0,218.0,320.0,466.0,768.0,4,990.0
8.0,22.0,320.0,466.0,768.0,802.0,4,990.0
8.0,22.0,26.0,320.0,639.0,802.0,4,959.0
8.0,22.0,26.0,320.0,639.0,802.0,4,959.0
8.0,22.0,320.0,639.0,768.0,802.0,4,959.0
8.0,22.0,320.0,639.0,768.0,959.0,4,990.0
8.0,22.0,320.0,639.0,768.0,959.0,4,990.0
8.0,22.0,26.0,218.0,639.0,959.0,4,990.0
8.0,22.0,26.0,320.0,639.0,959.0,4,990.0
8.0,22.0,26.0,218.0,320.0,768.0,4,990.0
8.0,22.0,466.0,768.0,802.0,959.0,4,990.0
8.0,22.0,466.0,639.0,768.0,802.0,4,959.0
8.0,22.0,26.0,320.0,485.0,639.0,4,990.0
8.0,22.0,218.0,639.0,768.0,802.0,4,959.0
8.0,22.0,485.0,639.0,768.0,802.0,4,959.0
8.0,22.0,26.0,466.0,485.0,639.0,4,959.0
8.0,22.0,26.0,466.0,485.0,639.0,4,959.0
8.0,25.0,269.0,311.0,332.0,759.0,4,1003.0
8.0,25.0,269.0,332.0,759.0,1003.0,4,1024.0
8.0,25.0,2.0,50.0,269.0,642.0,4,1024.0
8.0,25.0,146.0,311.0,332.0,759.0,4,1024.0
8.0,25.0,146.0,311.0,332.0,759.0,4,1024.0
8.0,25.0,146.0,311.0,332.0,759.0,4,1003.0
8.0,25.0,146.0,311.0,332.0,759.0,4,1003.0
8.0,25.0,50.0,269.0,332.0,642.0,4,1024.0
8.0,25.0,50.0,269.0,332.0,642.0,4,1024.0
8.0,25.0,50.0,332.0,759.0,1003.0,4,1024.0
8.0,25.0,50.0,311.0,332.0,759.0,4,1003.0
8.0,16.0,379.0,424.0,646.0,674.0,4,893.0
8.0,16.0,153.0,424.0,646.0,674.0,4,893.0
8.0,16.0,153.0,424.0,646.0,674.0,4,893.0
8.0,16.0,153.0,424.0,646.0,674.0,4,893.0
8.0,16.0,153.0,424.0,646.0,674.0,4,893.0
8.0,16.0,296.0,359.0,379.0,646.0,4,674.0
8.0,16.0,296.0,359.0,379.0,424.0,4,674.0
8.0,16.0,296.0,359.0,379.0,646.0,4,674.0
8.0,16.0,153.0,424.0,674.0,893.0,4,996.0
8.0,16.0,153.0,424.0,674.0,893.0,4,996.0
8.0,16.0,296.0,359.0,379.0,674.0,4,996.0
8.0,22.0,218.0,320.0,768.0,802.0,4,990.0
8.0,22.0,218.0,320.0,768.0,802.0,4,990.0
8.0,22.0,639.0,763.0,768.0,802.0,4,990.0
8.0,22.0,26.0,639.0,763.0,802.0,4,990.0
8.0,22.0,218.0,639.0,763.0,768.0,4,990.0
8.0,22.0,218.0,320.0,768.0,802.0,4,990.0
8.0,22.0,218.0,763.0,768.0,802.0,4,990.0
8.0,22.0,218.0,320.0,768.0,802.0,4,990.0
8.0,22.0,26.0,320.0,639.0,763.0,4,802.0
8.0,22.0,26.0,320.0,639.0,763.0,4,802.0
8.0,22.0,218.0,320.0,768.0,802.0,4,990.0
8.0,22.0,26.0,218.0,639.0,763.0,4,990.0
8.0,22.0,320.0,639.0,763.0,768.0,4,802.0
8.0,22.0,218.0,320.0,768.0,802.0,4,990.0
8.0,22.0,218.0,320.0,768.0,802.0,4,990.0
8.0,22.0,26.0,320.0,639.0,763.0,4,990.0
8.0,22.0,218.0,320.0,768.0,802.0,4,990.0
8.0,22.0,26.0,58.0,320.0,802.0,4,990.0
8.0,22.0,26.0,58.0,218.0,763.0,4,990.0
8.0,22.0,26.0,58.0,218.0,763.0,4,990.0
8.0,22.0,58.0,218.0,320.0,802.0,4,990.0
8.0,22.0,26.0,58.0,218.0,763.0,4,990.0
8.0,22.0,26.0,218.0,639.0,763.0,4,802.0
8.0,22.0,58.0,320.0,768.0,802.0,4,990.0
8.0,22.0,26.0,218.0,639.0,763.0,4,802.0
8.0,22.0,58.0,320.0,768.0,802.0,4,990.0
8.0,22.0,26.0,58.0,320.0,763.0,4,990.0
8.0,22.0,26.0,58.0,320.0,763.0,4,990.0
8.0,22.0,58.0,320.0,768.0,802.0,4,990.0
8.0,22.0,58.0,320.0,763.0,768.0,4,990.0
8.0,22.0,58.0,320.0,763.0,768.0,4,990.0
8.0,22.0,26.0,58.0,320.0,763.0,4,990.0
8.0,22.0,26.0,218.0,320.0,763.0,4,802.0
8.0,22.0,58.0,320.0,763.0,768.0,4,990.0
8.0,17.0,354.0,439.0,502.0,587.0,4,703.0
8.0,17.0,160.0,439.0,484.0,502.0,4,985.0
8.0,17.0,160.0,439.0,484.0,502.0,4,985.0
8.0,17.0,328.0,354.0,502.0,587.0,4,703.0
8.0,17.0,328.0,354.0,484.0,502.0,4,703.0
8.0,17.0,160.0,354.0,484.0,502.0,4,587.0
8.0,2.0,120.0,255.0,493.0,679.0,4,948.0
8.0,2.0,120.0,255.0,493.0,679.0,4,948.0
8.0,2.0,17.0,185.0,444.0,679.0,4,687.0
8.0,2.0,255.0,444.0,481.0,493.0,4,948.0
8.0,2.0,98.0,185.0,255.0,444.0,4,481.0
8.0,2.0,98.0,185.0,444.0,687.0,4,889.0
8.0,2.0,98.0,185.0,223.0,444.0,4,687.0
8.0,2.0,98.0,185.0,223.0,444.0,4,687.0
8.0,22.0,58.0,320.0,768.0,802.0,4,990.0
8.0,22.0,58.0,320.0,768.0,802.0,4,990.0
8.0,22.0,26.0,218.0,314.0,763.0,4,802.0
8.0,22.0,58.0,320.0,763.0,768.0,4,802.0
8.0,22.0,58.0,320.0,768.0,802.0,4,990.0
8.0,22.0,26.0,58.0,763.0,802.0,4,990.0
8.0,22.0,58.0,320.0,768.0,802.0,4,990.0
8.0,22.0,58.0,320.0,768.0,802.0,4,990.0
8.0,22.0,58.0,218.0,320.0,768.0,4,990.0
8.0,22.0,26.0,58.0,218.0,763.0,4,990.0
8.0,22.0,26.0,58.0,218.0,763.0,4,959.0
8.0,22.0,58.0,320.0,768.0,802.0,4,990.0
8.0,22.0,58.0,218.0,320.0,768.0,4,990.0
8.0,22.0,58.0,320.0,768.0,802.0,4,990.0
8.0,22.0,26.0,58.0,218.0,320.0,4,763.0
8.0,22.0,26.0,58.0,218.0,320.0,4,763.0
8.0,22.0,26.0,218.0,639.0,763.0,4,959.0
8.0,22.0,26.0,218.0,639.0,763.0,4,959.0
8.0,22.0,26.0,218.0,639.0,763.0,4,959.0
8.0,14.0,472.0,516.0,868.0,938.0,4,1015.0
8.0,14.0,134.0,405.0,472.0,520.0,4,1013.0
8.0,14.0,134.0,405.0,516.0,520.0,4,1015.0
8.0,14.0,134.0,405.0,516.0,520.0,4,1013.0
8.0,14.0,134.0,405.0,516.0,520.0,4,1013.0
8.0,14.0,134.0,405.0,472.0,520.0,4,1013.0
8.0,14.0,405.0,472.0,868.0,938.0,4,1013.0
8.0,15.0,188.0,659.0,714.0,1005.0,4,1036.0
8.0,15.0,86.0,188.0,659.0,1005.0,4,1036.0
8.0,15.0,86.0,463.0,593.0,659.0,4,1005.0
8.0,15.0,86.0,463.0,593.0,714.0,4,1005.0
8.0,15.0,86.0,463.0,593.0,714.0,4,1036.0
8.0,15.0,188.0,463.0,659.0,714.0,4,1036.0
8.0,15.0,188.0,659.0,714.0,1005.0,4,1036.0
8.0,15.0,86.0,188.0,593.0,1005.0,4,1036.0
8.0,15.0,86.0,463.0,593.0,714.0,4,1005.0
8.0,15.0,86.0,463.0,593.0,714.0,4,1005.0
8.0,15.0,403.0,443.0,509.0,515.0,4,749.0
8.0,15.0,403.0,443.0,509.0,515.0,4,749.0
8.0,18.0,51.0,150.0,546.0,836.0,4,1035.0
8.0,18.0,51.0,70.0,150.0,632.0,4,836.0
8.0,18.0,150.0,546.0,632.0,836.0,4,1035.0
8.0,18.0,51.0,70.0,632.0,836.0,4,1035.0
8.0,18.0,51.0,70.0,632.0,836.0,4,1035.0
8.0,16.0,153.0,296.0,646.0,763.0,4,903.0
8.0,16.0,153.0,155.0,424.0,674.0,4,893.0
8.0,16.0,153.0,155.0,424.0,674.0,4,893.0
8.0,16.0,153.0,296.0,646.0,763.0,4,903.0
8.0,16.0,153.0,155.0,424.0,674.0,4,893.0
8.0,16.0,153.0,155.0,424.0,674.0,4,893.0
8.0,16.0,155.0,296.0,646.0,674.0,4,903.0
8.0,16.0,155.0,296.0,646.0,763.0,4,903.0
8.0,25.0,146.0,311.0,332.0,759.0,4,958.0
8.0,25.0,2.0,311.0,332.0,759.0,4,958.0
8.0,25.0,2.0,81.0,269.0,642.0,4,958.0
8.0,25.0,2.0,81.0,146.0,642.0,4,759.0
8.0,25.0,50.0,81.0,332.0,642.0,4,759.0
8.0,25.0,81.0,332.0,642.0,759.0,4,958.0
8.0,34.0,345.0,506.0,662.0,747.0,4,790.0
8.0,34.0,345.0,506.0,595.0,662.0,4,774.0
8.0,34.0,290.0,506.0,747.0,774.0,4,790.0
8.0,34.0,506.0,662.0,747.0,774.0,4,790.0
8.0,34.0,345.0,506.0,662.0,747.0,4,774.0
8.0,34.0,290.0,345.0,506.0,662.0,4,774.0
8.0,34.0,240.0,345.0,506.0,747.0,4,774.0
8.0,34.0,345.0,506.0,662.0,747.0,4,774.0
8.0,23.0,33.0,136.0,388.0,874.0,4,896.0
8.0,23.0,136.0,388.0,454.0,874.0,4,896.0
8.0,23.0,136.0,180.0,400.0,454.0,4,896.0
8.0,23.0,136.0,388.0,454.0,778.0,4,874.0
8.0,23.0,33.0,136.0,388.0,874.0,4,896.0
8.0,23.0,33.0,136.0,388.0,454.0,4,896.0
8.0,23.0,180.0,400.0,454.0,778.0,4,955.0
8.0,23.0,180.0,400.0,454.0,778.0,4,955.0
8.0,34.0,345.0,506.0,662.0,747.0,4,790.0
8.0,34.0,506.0,583.0,747.0,774.0,4,790.0
8.0,34.0,345.0,506.0,583.0,747.0,4,790.0
8.0,34.0,345.0,506.0,595.0,662.0,4,790.0
8.0,34.0,345.0,506.0,662.0,747.0,4,790.0
8.0,34.0,290.0,345.0,506.0,662.0,4,774.0
8.0,34.0,41.0,290.0,345.0,583.0,4,774.0
8.0,34.0,345.0,506.0,662.0,747.0,4,790.0
8.0,12.0,0.0,156.0,207.0,386.0,4,620.0
8.0,12.0,0.0,156.0,207.0,620.0,4,909.0
8.0,12.0,156.0,280.0,386.0,638.0,4,909.0
8.0,12.0,0.0,156.0,207.0,620.0,4,909.0
8.0,12.0,0.0,156.0,207.0,904.0,4,909.0
8.0,12.0,0.0,207.0,386.0,904.0,4,909.0
8.0,12.0,0.0,207.0,386.0,904.0,4,909.0
8.0,34.0,506.0,583.0,595.0,774.0,4,817.0
8.0,34.0,41.0,583.0,595.0,774.0,4,817.0
8.0,34.0,506.0,662.0,747.0,790.0,4,817.0
8.0,34.0,506.0,662.0,747.0,790.0,4,817.0
8.0,34.0,345.0,506.0,662.0,747.0,4,790.0
8.0,34.0,345.0,506.0,583.0,595.0,4,774.0
8.0,34.0,506.0,583.0,595.0,774.0,4,817.0
8.0,34.0,41.0,583.0,595.0,774.0,4,817.0
8.0,34.0,41.0,583.0,595.0,774.0,4,817.0
8.0,34.0,506.0,595.0,747.0,790.0,4,817.0
8.0,34.0,506.0,662.0,747.0,790.0,4,817.0
8.0,34.0,345.0,506.0,662.0,747.0,4,790.0
8.0,34.0,345.0,506.0,595.0,662.0,4,774.0
8.0,34.0,41.0,595.0,662.0,774.0,4,817.0
8.0,34.0,41.0,583.0,595.0,774.0,4,817.0
8.0,34.0,41.0,583.0,595.0,774.0,4,817.0
8.0,34.0,506.0,583.0,747.0,790.0,4,817.0
8.0,34.0,506.0,662.0,747.0,790.0,4,817.0
8.0,34.0,345.0,506.0,662.0,747.0,4,790.0
8.0,34.0,345.0,506.0,595.0,662.0,4,774.0
8.0,34.0,345.0,506.0,583.0,595.0,4,774.0
8.0,34.0,41.0,583.0,595.0,774.0,4,817.0
8.0,34.0,41.0,583.0,595.0,774.0,4,817.0
8.0,17.0,109.0,354.0,406.0,587.0,4,619.0
8.0,17.0,109.0,354.0,406.0,587.0,4,619.0
8.0,17.0,109.0,354.0,406.0,587.0,4,1037.0
8.0,17.0,328.0,354.0,484.0,764.0,4,1037.0
8.0,17.0,109.0,328.0,354.0,764.0,4,1037.0
8.0,17.0,109.0,328.0,354.0,764.0,4,1037.0
8.0,17.0,109.0,328.0,406.0,439.0,4,587.0
8.0,34.0,104.0,506.0,595.0,662.0,4,790.0
8.0,34.0,506.0,595.0,662.0,790.0,4,817.0
8.0,34.0,290.0,506.0,662.0,774.0,4,817.0
8.0,34.0,290.0,506.0,583.0,774.0,4,817.0
8.0,34.0,41.0,290.0,583.0,774.0,4,817.0
8.0,34.0,41.0,104.0,290.0,583.0,4,817.0
8.0,34.0,290.0,506.0,595.0,774.0,4,817.0
8.0,34.0,290.0,506.0,595.0,774.0,4,817.0
8.0,34.0,104.0,290.0,506.0,662.0,4,817.0
8.0,34.0,41.0,290.0,583.0,774.0,4,817.0
8.0,34.0,41.0,240.0,583.0,774.0,4,817.0
8.0,34.0,104.0,506.0,595.0,662.0,4,790.0
8.0,34.0,104.0,506.0,583.0,595.0,4,790.0
8.0,34.0,104.0,506.0,595.0,662.0,4,790.0
8.0,34.0,104.0,506.0,595.0,662.0,4,790.0
8.0,34.0,104.0,506.0,595.0,662.0,4,790.0
8.0,34.0,104.0,506.0,595.0,662.0,4,790.0
8.0,34.0,41.0,104.0,290.0,583.0,4,817.0
8.0,34.0,104.0,506.0,595.0,662.0,4,817.0
8.0,25.0,146.0,269.0,311.0,958.0,4,1003.0
8.0,25.0,81.0,146.0,311.0,958.0,4,1024.0
8.0,25.0,81.0,146.0,311.0,958.0,4,1024.0
8.0,25.0,146.0,332.0,603.0,958.0,4,1003.0
8.0,25.0,146.0,332.0,603.0,958.0,4,1003.0
8.0,25.0,146.0,332.0,603.0,958.0,4,1003.0
8.0,25.0,269.0,311.0,332.0,603.0,4,958.0
8.0,25.0,81.0,269.0,311.0,603.0,4,1024.0
8.0,34.0,41.0,583.0,747.0,774.0,4,817.0
8.0,34.0,41.0,583.0,747.0,774.0,4,817.0
8.0,34.0,104.0,506.0,595.0,662.0,4,790.0
8.0,34.0,104.0,506.0,595.0,662.0,4,790.0
8.0,34.0,104.0,506.0,595.0,662.0,4,790.0
8.0,34.0,104.0,506.0,662.0,747.0,4,817.0
8.0,34.0,41.0,104.0,583.0,747.0,4,817.0
8.0,34.0,41.0,583.0,747.0,774.0,4,817.0
8.0,34.0,41.0,583.0,747.0,774.0,4,817.0
8.0,34.0,104.0,506.0,595.0,662.0,4,790.0
8.0,34.0,104.0,506.0,595.0,662.0,4,790.0
8.0,34.0,104.0,506.0,595.0,662.0,4,774.0
8.0,34.0,104.0,506.0,595.0,662.0,4,817.0
8.0,34.0,345.0,506.0,595.0,747.0,4,817.0
8.0,34.0,104.0,506.0,595.0,662.0,4,817.0
8.0,34.0,104.0,506.0,662.0,747.0,4,774.0
8.0,34.0,104.0,506.0,583.0,747.0,4,817.0
8.0,34.0,104.0,506.0,583.0,747.0,4,817.0
8.0,34.0,104.0,506.0,583.0,747.0,4,817.0
8.0,34.0,104.0,506.0,595.0,662.0,4,817.0
8.0,16.0,153.0,296.0,646.0,763.0,4,903.0
8.0,16.0,296.0,546.0,646.0,763.0,4,903.0
8.0,16.0,296.0,546.0,674.0,763.0,4,996.0
8.0,16.0,296.0,379.0,674.0,763.0,4,996.0
8.0,16.0,296.0,379.0,424.0,674.0,4,903.0
8.0,16.0,153.0,424.0,646.0,674.0,4,903.0
8.0,16.0,153.0,296.0,646.0,674.0,4,903.0
8.0,16.0,296.0,379.0,646.0,674.0,4,903.0
8.0,16.0,296.0,546.0,674.0,763.0,4,996.0
8.0,16.0,296.0,379.0,424.0,763.0,4,996.0
8.0,16.0,296.0,379.0,646.0,674.0,4,763.0
8.0,16.0,153.0,296.0,646.0,674.0,4,763.0
8.0,23.0,33.0,524.0,778.0,799.0,4,972.0
8.0,23.0,33.0,136.0,454.0,524.0,4,955.0
8.0,23.0,33.0,136.0,524.0,874.0,4,955.0
8.0,23.0,136.0,180.0,454.0,524.0,4,955.0
8.0,23.0,136.0,180.0,454.0,524.0,4,778.0
8.0,23.0,136.0,180.0,778.0,799.0,4,896.0
8.0,23.0,136.0,180.0,778.0,799.0,4,896.0
8.0,23.0,33.0,136.0,180.0,524.0,4,778.0
8.0,23.0,136.0,180.0,454.0,524.0,4,955.0
8.0,34.0,104.0,506.0,662.0,747.0,4,774.0
8.0,34.0,506.0,595.0,662.0,774.0,4,817.0
8.0,34.0,41.0,583.0,595.0,685.0,4,817.0
8.0,34.0,41.0,583.0,595.0,685.0,4,817.0
8.0,34.0,104.0,506.0,662.0,747.0,4,774.0
8.0,34.0,104.0,506.0,595.0,662.0,4,817.0
8.0,34.0,104.0,506.0,662.0,747.0,4,817.0
8.0,34.0,104.0,506.0,662.0,747.0,4,817.0
8.0,34.0,41.0,240.0,290.0,345.0,4,685.0
8.0,34.0,41.0,104.0,662.0,747.0,4,790.0
8.0,34.0,41.0,104.0,595.0,662.0,4,817.0
8.0,34.0,41.0,595.0,662.0,774.0,4,817.0
8.0,34.0,104.0,506.0,583.0,595.0,4,817.0
8.0,34.0,104.0,506.0,662.0,747.0,4,790.0
8.0,34.0,41.0,240.0,595.0,774.0,4,817.0
8.0,34.0,506.0,685.0,747.0,774.0,4,790.0
8.0,34.0,104.0,506.0,662.0,685.0,4,790.0
8.0,34.0,240.0,345.0,583.0,685.0,4,774.0
8.0,2.0,98.0,444.0,493.0,577.0,4,687.0
8.0,2.0,98.0,120.0,444.0,493.0,4,577.0
8.0,2.0,17.0,444.0,493.0,577.0,4,687.0
8.0,2.0,98.0,120.0,444.0,493.0,4,728.0
8.0,2.0,17.0,98.0,120.0,444.0,4,728.0
8.0,2.0,17.0,120.0,444.0,493.0,4,728.0
8.0,34.0,104.0,506.0,662.0,747.0,4,790.0
8.0,34.0,104.0,506.0,595.0,662.0,4,790.0
8.0,34.0,506.0,595.0,662.0,774.0,4,817.0
8.0,34.0,506.0,595.0,662.0,774.0,4,817.0
8.0,34.0,41.0,595.0,662.0,774.0,4,817.0
8.0,34.0,41.0,583.0,747.0,774.0,4,817.0
8.0,34.0,41.0,583.0,747.0,774.0,4,817.0
8.0,34.0,41.0,104.0,583.0,747.0,4,774.0
8.0,34.0,104.0,506.0,662.0,747.0,4,774.0
8.0,34.0,104.0,290.0,506.0,662.0,4,790.0
8.0,34.0,104.0,506.0,662.0,747.0,4,790.0
8.0,34.0,104.0,506.0,662.0,747.0,4,790.0
8.0,34.0,506.0,595.0,662.0,790.0,4,817.0
8.0,34.0,506.0,595.0,662.0,790.0,4,817.0
8.0,34.0,41.0,583.0,595.0,774.0,4,817.0
8.0,34.0,290.0,345.0,583.0,685.0,4,774.0
8.0,14.0,516.0,520.0,840.0,868.0,4,1013.0
8.0,14.0,134.0,302.0,472.0,516.0,4,868.0
8.0,14.0,134.0,302.0,472.0,516.0,4,1015.0
8.0,14.0,134.0,302.0,472.0,1013.0,4,1015.0
8.0,14.0,134.0,302.0,472.0,1013.0,4,1015.0
8.0,14.0,134.0,302.0,472.0,1013.0,4,1015.0
8.0,14.0,134.0,302.0,516.0,1013.0,4,1015.0
8.0,14.0,516.0,520.0,840.0,868.0,4,1013.0
8.0,14.0,472.0,520.0,840.0,1013.0,4,1015.0
8.0,34.0,104.0,506.0,662.0,747.0,4,790.0
8.0,34.0,104.0,345.0,583.0,595.0,4,774.0
8.0,34.0,104.0,506.0,662.0,747.0,4,790.0
8.0,34.0,104.0,345.0,506.0,662.0,4,747.0
8.0,34.0,104.0,345.0,506.0,583.0,4,595.0
8.0,34.0,345.0,583.0,595.0,774.0,4,817.0
8.0,34.0,104.0,506.0,662.0,747.0,4,790.0
8.0,5.0,14.0,117.0,179.0,352.0,4,706.0
8.0,5.0,117.0,352.0,452.0,611.0,4,686.0
8.0,5.0,117.0,348.0,452.0,611.0,4,686.0
8.0,5.0,14.0,117.0,352.0,686.0,4,706.0
8.0,5.0,117.0,352.0,452.0,611.0,4,686.0
8.0,5.0,117.0,348.0,452.0,611.0,4,686.0
8.0,5.0,117.0,348.0,452.0,611.0,4,686.0
8.0,5.0,14.0,179.0,348.0,352.0,4,611.0
8.0,5.0,14.0,117.0,179.0,352.0,4,611.0
8.0,34.0,506.0,662.0,747.0,774.0,4,790.0
8.0,34.0,506.0,662.0,747.0,774.0,4,790.0
8.0,34.0,41.0,345.0,583.0,595.0,4,817.0
8.0,34.0,41.0,345.0,583.0,595.0,4,817.0
8.0,34.0,41.0,345.0,583.0,595.0,4,817.0
8.0,34.0,41.0,345.0,583.0,595.0,4,817.0
8.0,34.0,506.0,583.0,595.0,774.0,4,817.0
8.0,34.0,506.0,662.0,747.0,774.0,4,790.0
8.0,34.0,506.0,583.0,747.0,774.0,4,790.0
8.0,34.0,345.0,506.0,583.0,595.0,4,790.0
8.0,34.0,41.0,345.0,583.0,595.0,4,817.0
8.0,34.0,41.0,345.0,583.0,595.0,4,817.0
8.0,34.0,41.0,345.0,583.0,595.0,4,817.0
8.0,34.0,41.0,240.0,290.0,345.0,4,685.0
8.0,34.0,345.0,506.0,662.0,747.0,4,790.0
8.0,34.0,506.0,662.0,747.0,774.0,4,790.0
8.0,34.0,506.0,595.0,662.0,774.0,4,817.0
8.0,34.0,345.0,506.0,662.0,747.0,4,790.0
8.0,34.0,345.0,506.0,662.0,747.0,4,790.0
8.0,34.0,506.0,662.0,747.0,790.0,4,817.0
8.0,34.0,290.0,506.0,662.0,685.0,4,817.0
8.0,34.0,41.0,290.0,662.0,685.0,4,817.0
8.0,34.0,290.0,345.0,506.0,583.0,4,817.0
8.0,9.0,39.0,137.0,366.0,574.0,4,825.0
8.0,9.0,39.0,137.0,366.0,574.0,4,825.0
8.0,9.0,39.0,64.0,137.0,574.0,4,913.0
8.0,9.0,39.0,64.0,139.0,488.0,4,913.0
8.0,18.0,10.0,51.0,348.0,758.0,4,834.0
8.0,18.0,10.0,51.0,348.0,362.0,4,834.0
8.0,18.0,10.0,348.0,362.0,580.0,4,1035.0
8.0,18.0,51.0,577.0,580.0,758.0,4,834.0
8.0,18.0,51.0,577.0,580.0,758.0,4,834.0
8.0,18.0,51.0,348.0,362.0,758.0,4,1035.0
8.0,18.0,10.0,348.0,362.0,580.0,4,1035.0
8.0,18.0,51.0,577.0,580.0,758.0,4,834.0
8.0,18.0,51.0,577.0,580.0,758.0,4,834.0
8.0,18.0,51.0,577.0,580.0,758.0,4,834.0
8.0,26.0,384.0,393.0,468.0,748.0,4,951.0
8.0,26.0,381.0,393.0,453.0,748.0,4,837.0
8.0,26.0,391.0,453.0,635.0,748.0,4,837.0
8.0,26.0,393.0,453.0,635.0,748.0,4,837.0
8.0,26.0,384.0,393.0,635.0,748.0,4,837.0
8.0,26.0,384.0,393.0,404.0,468.0,4,951.0
8.0,26.0,384.0,391.0,468.0,635.0,4,748.0
8.0,26.0,393.0,453.0,468.0,635.0,4,748.0
8.0,26.0,393.0,453.0,468.0,635.0,4,748.0
8.0,34.0,104.0,506.0,662.0,747.0,4,790.0
8.0,34.0,345.0,506.0,662.0,747.0,4,774.0
8.0,34.0,290.0,345.0,506.0,662.0,4,774.0
8.0,34.0,104.0,290.0,583.0,790.0,4,809.0
8.0,34.0,104.0,290.0,662.0,790.0,4,809.0
8.0,34.0,104.0,290.0,506.0,662.0,4,790.0
8.0,34.0,345.0,506.0,662.0,747.0,4,774.0
8.0,34.0,290.0,345.0,506.0,662.0,4,774.0
8.0,34.0,104.0,506.0,662.0,747.0,4,790.0
8.0,34.0,104.0,506.0,662.0,747.0,4,790.0
8.0,34.0,104.0,506.0,662.0,747.0,4,790.0
8.0,34.0,104.0,506.0,662.0,747.0,4,790.0
8.0,34.0,345.0,506.0,662.0,747.0,4,774.0
8.0,34.0,290.0,345.0,506.0,662.0,4,774.0
8.0,34.0,290.0,345.0,583.0,774.0,4,809.0
8.0,34.0,104.0,290.0,583.0,774.0,4,809.0
8.0,34.0,104.0,290.0,583.0,774.0,4,809.0
8.0,34.0,104.0,583.0,747.0,774.0,4,809.0
8.0,34.0,104.0,290.0,506.0,662.0,4,774.0
8.0,34.0,104.0,506.0,662.0,747.0,4,790.0
8.0,17.0,328.0,354.0,587.0,703.0,4,1037.0
8.0,17.0,160.0,328.0,439.0,484.0,4,1037.0
8.0,17.0,160.0,354.0,502.0,587.0,4,703.0
8.0,17.0,160.0,439.0,502.0,587.0,4,703.0
8.0,17.0,328.0,354.0,484.0,587.0,4,1037.0
8.0,17.0,328.0,354.0,587.0,703.0,4,1037.0
8.0,5.0,14.0,352.0,686.0,706.0,4,730.0
8.0,5.0,89.0,117.0,611.0,686.0,4,706.0
8.0,34.0,506.0,583.0,662.0,774.0,4,817.0
8.0,34.0,104.0,240.0,583.0,774.0,4,809.0
8.0,34.0,506.0,662.0,774.0,790.0,4,809.0
8.0,34.0,506.0,662.0,774.0,790.0,4,809.0
8.0,34.0,104.0,290.0,506.0,662.0,4,790.0
8.0,34.0,104.0,290.0,506.0,662.0,4,774.0
8.0,34.0,104.0,240.0,583.0,774.0,4,809.0
8.0,34.0,290.0,662.0,685.0,774.0,4,809.0
8.0,34.0,240.0,685.0,809.0,817.0,4,967.0
8.0,33.0,219.0,258.0,361.0,844.0,4,861.0
8.0,33.0,258.0,313.0,492.0,975.0,4,976.0
8.0,33.0,258.0,492.0,844.0,975.0,4,976.0
8.0,33.0,219.0,258.0,361.0,492.0,4,861.0
8.0,33.0,219.0,258.0,361.0,844.0,4,861.0
8.0,33.0,258.0,313.0,492.0,975.0,4,976.0
8.0,33.0,313.0,844.0,861.0,975.0,4,976.0
8.0,33.0,258.0,361.0,844.0,861.0,4,976.0
8.0,34.0,104.0,506.0,662.0,747.0,4,790.0
8.0,34.0,104.0,290.0,662.0,685.0,4,809.0
8.0,34.0,290.0,583.0,685.0,809.0,4,817.0
8.0,34.0,506.0,583.0,747.0,809.0,4,817.0
8.0,34.0,506.0,662.0,685.0,747.0,4,790.0
8.0,34.0,506.0,583.0,662.0,685.0,4,817.0
8.0,34.0,290.0,583.0,685.0,809.0,4,817.0
8.0,34.0,290.0,506.0,583.0,809.0,4,817.0
8.0,34.0,104.0,506.0,662.0,747.0,4,790.0
8.0,34.0,290.0,506.0,662.0,685.0,4,790.0
8.0,34.0,104.0,290.0,583.0,685.0,4,809.0
8.0,34.0,290.0,506.0,662.0,790.0,4,809.0
8.0,34.0,104.0,290.0,506.0,662.0,4,790.0
8.0,34.0,290.0,506.0,662.0,685.0,4,817.0
8.0,34.0,290.0,506.0,662.0,809.0,4,817.0
8.0,34.0,290.0,506.0,583.0,809.0,4,817.0
8.0,34.0,104.0,290.0,583.0,809.0,4,817.0
8.0,34.0,104.0,290.0,506.0,747.0,4,817.0
8.0,34.0,104.0,290.0,506.0,662.0,4,817.0
8.0,34.0,104.0,506.0,662.0,747.0,4,774.0
8.0,34.0,104.0,290.0,506.0,662.0,4,774.0
8.0,34.0,290.0,506.0,662.0,774.0,4,817.0
8.0,34.0,290.0,506.0,662.0,774.0,4,817.0
8.0,34.0,104.0,290.0,583.0,809.0,4,817.0
8.0,34.0,104.0,583.0,595.0,809.0,4,817.0
8.0,34.0,104.0,506.0,583.0,595.0,4,774.0
8.0,34.0,104.0,506.0,595.0,662.0,4,774.0
8.0,34.0,104.0,506.0,595.0,662.0,4,774.0
8.0,34.0,104.0,506.0,662.0,747.0,4,774.0
8.0,34.0,104.0,290.0,506.0,662.0,4,774.0
8.0,34.0,104.0,290.0,506.0,662.0,4,774.0
8.0,34.0,104.0,290.0,506.0,662.0,4,774.0
8.0,34.0,104.0,506.0,595.0,662.0,4,817.0
8.0,34.0,104.0,290.0,506.0,662.0,4,774.0
8.0,34.0,290.0,506.0,662.0,774.0,4,809.0
8.0,34.0,595.0,662.0,774.0,809.0,4,817.0
8.0,34.0,104.0,290.0,506.0,662.0,4,817.0
8.0,34.0,104.0,290.0,506.0,662.0,4,774.0
8.0,34.0,104.0,290.0,506.0,662.0,4,774.0
8.0,34.0,104.0,290.0,506.0,662.0,4,774.0
8.0,34.0,506.0,595.0,662.0,774.0,4,809.0
8.0,34.0,583.0,595.0,809.0,817.0,4,1019.0
8.0,15.0,86.0,463.0,593.0,749.0,4,1005.0
8.0,15.0,86.0,188.0,659.0,714.0,4,1036.0
8.0,15.0,86.0,403.0,515.0,659.0,4,1005.0
8.0,15.0,86.0,403.0,515.0,593.0,4,1005.0
8.0,15.0,188.0,515.0,659.0,714.0,4,1036.0
8.0,26.0,384.0,402.0,453.0,635.0,4,951.0
8.0,26.0,384.0,402.0,453.0,635.0,4,951.0
8.0,26.0,384.0,402.0,453.0,635.0,4,748.0
8.0,2.0,120.0,255.0,493.0,679.0,4,948.0
8.0,2.0,120.0,255.0,493.0,679.0,4,948.0
8.0,2.0,98.0,120.0,255.0,679.0,4,948.0
8.0,2.0,98.0,120.0,255.0,679.0,4,948.0
8.0,2.0,98.0,120.0,185.0,255.0,4,444.0
8.0,2.0,98.0,185.0,444.0,493.0,4,687.0
8.0,2.0,98.0,185.0,444.0,493.0,4,687.0
8.0,2.0,98.0,444.0,493.0,687.0,4,948.0
8.0,2.0,98.0,444.0,493.0,687.0,4,948.0
8.0,2.0,98.0,255.0,493.0,687.0,4,948.0
8.0,2.0,120.0,255.0,493.0,679.0,4,948.0
8.0,2.0,98.0,120.0,255.0,493.0,4,948.0
8.0,2.0,255.0,444.0,493.0,687.0,4,948.0
8.0,2.0,185.0,255.0,444.0,493.0,4,687.0
8.0,2.0,185.0,255.0,444.0,493.0,4,687.0
8.0,2.0,98.0,120.0,444.0,679.0,4,687.0
8.0,2.0,98.0,120.0,444.0,679.0,4,687.0
8.0,2.0,98.0,185.0,223.0,481.0,4,679.0
8.0,2.0,185.0,223.0,300.0,481.0,4,679.0
8.0,12.0,237.0,350.0,386.0,788.0,4,845.0
8.0,12.0,237.0,350.0,386.0,788.0,4,845.0
8.0,12.0,280.0,386.0,638.0,788.0,4,845.0
8.0,12.0,125.0,237.0,350.0,620.0,4,909.0
8.0,12.0,125.0,237.0,350.0,620.0,4,845.0
8.0,12.0,125.0,237.0,350.0,856.0,4,909.0
8.0,12.0,280.0,386.0,638.0,788.0,4,845.0
8.0,12.0,350.0,638.0,788.0,845.0,4,856.0
8.0,12.0,125.0,350.0,638.0,788.0,4,856.0
8.0,12.0,125.0,350.0,638.0,788.0,4,856.0
8.0,12.0,125.0,237.0,350.0,845.0,4,856.0
8.0,18.0,51.0,181.0,758.0,834.0,4,948.0
8.0,18.0,56.0,362.0,580.0,730.0,4,892.0
8.0,18.0,51.0,181.0,758.0,834.0,4,948.0
8.0,18.0,51.0,181.0,758.0,834.0,4,948.0
8.0,18.0,51.0,181.0,758.0,834.0,4,948.0
8.0,18.0,51.0,181.0,758.0,834.0,4,948.0
8.0,18.0,181.0,730.0,758.0,834.0,4,948.0
8.0,9.0,137.0,194.0,366.0,535.0,4,574.0
8.0,9.0,137.0,194.0,366.0,535.0,4,604.0
8.0,9.0,39.0,108.0,535.0,574.0,4,604.0
8.0,9.0,108.0,366.0,535.0,574.0,4,604.0
8.0,9.0,108.0,366.0,535.0,574.0,4,604.0
8.0,9.0,137.0,194.0,366.0,535.0,4,574.0
8.0,9.0,39.0,137.0,194.0,510.0,4,604.0
8.0,9.0,39.0,137.0,194.0,510.0,4,604.0
8.0,9.0,108.0,137.0,366.0,535.0,4,574.0
8.0,9.0,108.0,137.0,366.0,510.0,4,604.0
8.0,9.0,108.0,137.0,366.0,535.0,4,574.0
8.0,9.0,108.0,137.0,495.0,535.0,4,574.0
8.0,9.0,39.0,137.0,194.0,510.0,4,604.0
8.0,9.0,39.0,137.0,194.0,366.0,4,604.0
8.0,9.0,108.0,137.0,366.0,535.0,4,574.0
8.0,9.0,137.0,194.0,495.0,535.0,4,574.0
8.0,9.0,39.0,108.0,137.0,194.0,4,535.0
8.0,9.0,39.0,108.0,137.0,194.0,4,510.0
8.0,9.0,39.0,108.0,137.0,194.0,4,510.0
8.0,9.0,137.0,194.0,366.0,510.0,4,604.0
8.0,9.0,137.0,194.0,366.0,535.0,4,604.0
8.0,9.0,108.0,137.0,366.0,535.0,4,574.0
8.0,9.0,39.0,137.0,194.0,510.0,4,604.0
8.0,9.0,108.0,366.0,535.0,574.0,4,604.0
8.0,9.0,39.0,108.0,366.0,535.0,4,574.0
8.0,9.0,39.0,108.0,137.0,366.0,4,574.0
8.0,9.0,137.0,194.0,366.0,510.0,4,604.0
8.0,9.0,39.0,137.0,194.0,535.0,4,574.0
8.0,15.0,188.0,659.0,714.0,960.0,4,1036.0
8.0,15.0,86.0,188.0,659.0,960.0,4,1036.0
8.0,15.0,86.0,188.0,593.0,960.0,4,1036.0
8.0,15.0,188.0,509.0,659.0,714.0,4,1005.0
8.0,15.0,659.0,714.0,941.0,960.0,4,1036.0
8.0,15.0,659.0,714.0,941.0,960.0,4,1036.0
8.0,15.0,86.0,188.0,593.0,1005.0,4,1036.0
8.0,15.0,86.0,188.0,593.0,1005.0,4,1036.0
8.0,15.0,86.0,188.0,593.0,659.0,4,1005.0
8.0,9.0,39.0,108.0,366.0,535.0,4,574.0
8.0,9.0,137.0,194.0,366.0,510.0,4,604.0
8.0,9.0,108.0,137.0,366.0,535.0,4,574.0
8.0,9.0,108.0,137.0,366.0,535.0,4,574.0
8.0,17.0,109.0,354.0,406.0,619.0,4,764.0
8.0,17.0,109.0,354.0,406.0,619.0,4,764.0
8.0,17.0,328.0,439.0,484.0,502.0,4,587.0
8.0,17.0,109.0,354.0,406.0,764.0,4,1037.0
8.0,17.0,109.0,354.0,406.0,619.0,4,764.0
8.0,17.0,109.0,354.0,406.0,619.0,4,764.0
8.0,17.0,109.0,354.0,406.0,619.0,4,764.0
8.0,17.0,109.0,354.0,406.0,619.0,4,764.0
8.0,17.0,109.0,328.0,439.0,619.0,4,764.0
8.0,17.0,109.0,328.0,439.0,587.0,4,1037.0
8.0,17.0,328.0,439.0,484.0,587.0,4,1037.0
8.0,17.0,109.0,354.0,406.0,764.0,4,1037.0
8.0,9.0,39.0,137.0,510.0,604.0,4,913.0
8.0,9.0,39.0,194.0,535.0,574.0,4,604.0
8.0,9.0,39.0,194.0,535.0,574.0,4,604.0
8.0,9.0,39.0,108.0,535.0,574.0,4,604.0
8.0,9.0,39.0,108.0,139.0,366.0,4,604.0
8.0,9.0,137.0,194.0,366.0,535.0,4,574.0
8.0,9.0,137.0,194.0,366.0,510.0,4,637.0
8.0,9.0,137.0,194.0,366.0,510.0,4,637.0
8.0,9.0,108.0,366.0,535.0,574.0,4,604.0
8.0,9.0,108.0,366.0,535.0,574.0,4,604.0
8.0,9.0,39.0,108.0,139.0,535.0,4,604.0
8.0,9.0,39.0,137.0,139.0,194.0,4,535.0
8.0,9.0,194.0,495.0,535.0,574.0,4,604.0
8.0,9.0,39.0,108.0,535.0,574.0,4,604.0
8.0,9.0,39.0,108.0,535.0,574.0,4,604.0
8.0,9.0,39.0,108.0,366.0,574.0,4,604.0
8.0,9.0,137.0,139.0,194.0,366.0,4,535.0
8.0,9.0,137.0,139.0,194.0,366.0,4,535.0
8.0,2.0,444.0,493.0,577.0,687.0,4,889.0
8.0,2.0,444.0,493.0,687.0,728.0,4,889.0
8.0,2.0,17.0,444.0,687.0,728.0,4,889.0
8.0,2.0,444.0,493.0,577.0,687.0,4,889.0
8.0,2.0,444.0,493.0,577.0,687.0,4,889.0
8.0,2.0,98.0,444.0,687.0,728.0,4,889.0
8.0,2.0,98.0,444.0,481.0,728.0,4,889.0
8.0,2.0,17.0,223.0,493.0,687.0,4,728.0
8.0,2.0,17.0,223.0,493.0,687.0,4,728.0
8.0,9.0,39.0,108.0,366.0,574.0,4,604.0
8.0,9.0,108.0,366.0,510.0,574.0,4,604.0
8.0,9.0,39.0,137.0,194.0,488.0,4,510.0
8.0,9.0,39.0,108.0,488.0,510.0,4,574.0
8.0,9.0,39.0,108.0,366.0,488.0,4,574.0
8.0,9.0,194.0,366.0,510.0,574.0,4,604.0
8.0,9.0,108.0,366.0,495.0,574.0,4,604.0
8.0,9.0,108.0,495.0,510.0,574.0,4,604.0
8.0,9.0,194.0,488.0,495.0,510.0,4,604.0
8.0,9.0,39.0,137.0,194.0,488.0,4,510.0
8.0,25.0,311.0,603.0,759.0,958.0,4,1003.0
8.0,25.0,146.0,311.0,332.0,759.0,4,958.0
8.0,25.0,311.0,332.0,603.0,759.0,4,958.0
8.0,25.0,146.0,269.0,332.0,958.0,4,1003.0
8.0,25.0,81.0,146.0,332.0,642.0,4,958.0
8.0,25.0,81.0,146.0,332.0,642.0,4,958.0
8.0,25.0,50.0,269.0,642.0,696.0,4,1024.0
8.0,23.0,44.0,400.0,524.0,799.0,4,896.0
8.0,23.0,400.0,454.0,524.0,778.0,4,799.0
8.0,23.0,180.0,400.0,524.0,778.0,4,972.0
8.0,23.0,180.0,400.0,454.0,524.0,4,896.0
8.0,23.0,175.0,180.0,400.0,524.0,4,972.0
8.0,23.0,175.0,400.0,524.0,799.0,4,972.0
8.0,9.0,39.0,108.0,366.0,574.0,4,604.0
8.0,9.0,39.0,137.0,194.0,488.0,4,510.0
8.0,9.0,64.0,108.0,366.0,574.0,4,604.0
8.0,9.0,39.0,108.0,366.0,574.0,4,604.0
8.0,9.0,39.0,108.0,366.0,574.0,4,604.0
8.0,9.0,39.0,137.0,194.0,488.0,4,510.0
8.0,9.0,137.0,194.0,366.0,488.0,4,510.0
8.0,12.0,125.0,126.0,237.0,386.0,4,845.0
8.0,12.0,125.0,280.0,386.0,638.0,4,845.0
8.0,12.0,125.0,207.0,280.0,386.0,4,638.0
8.0,12.0,125.0,207.0,280.0,386.0,4,638.0
8.0,12.0,125.0,207.0,280.0,386.0,4,638.0
8.0,12.0,126.0,237.0,845.0,856.0,4,909.0
8.0,12.0,125.0,207.0,280.0,386.0,4,638.0
8.0,12.0,125.0,207.0,280.0,386.0,4,638.0
8.0,12.0,125.0,280.0,386.0,638.0,4,909.0
8.0,12.0,125.0,126.0,237.0,856.0,4,909.0
8.0,9.0,39.0,108.0,366.0,574.0,4,604.0
8.0,9.0,137.0,194.0,366.0,488.0,4,510.0
8.0,9.0,64.0,137.0,194.0,366.0,4,488.0
8.0,9.0,64.0,194.0,366.0,488.0,4,574.0
8.0,9.0,39.0,64.0,108.0,488.0,4,574.0
8.0,9.0,39.0,108.0,366.0,574.0,4,604.0
8.0,9.0,39.0,64.0,194.0,574.0,4,604.0
8.0,9.0,39.0,64.0,194.0,488.0,4,604.0
8.0,9.0,39.0,64.0,194.0,488.0,4,574.0
8.0,9.0,39.0,108.0,366.0,574.0,4,604.0
8.0,9.0,39.0,108.0,137.0,366.0,4,574.0
8.0,9.0,64.0,108.0,137.0,366.0,4,488.0
8.0,9.0,64.0,137.0,194.0,366.0,4,488.0
8.0,9.0,39.0,64.0,137.0,194.0,4,488.0
8.0,9.0,64.0,108.0,366.0,574.0,4,604.0
8.0,9.0,39.0,64.0,108.0,488.0,4,604.0
8.0,9.0,39.0,64.0,108.0,488.0,4,574.0
8.0,17.0,109.0,328.0,354.0,587.0,4,1037.0
8.0,17.0,109.0,354.0,439.0,502.0,4,764.0
8.0,17.0,439.0,484.0,502.0,587.0,4,764.0
8.0,17.0,439.0,484.0,587.0,764.0,4,1037.0
8.0,17.0,354.0,484.0,587.0,764.0,4,1037.0
8.0,17.0,109.0,354.0,484.0,587.0,4,1037.0
8.0,17.0,109.0,328.0,354.0,587.0,4,1037.0
8.0,17.0,109.0,328.0,439.0,587.0,4,1037.0
8.0,17.0,109.0,354.0,439.0,502.0,4,764.0
8.0,17.0,354.0,439.0,484.0,502.0,4,764.0
8.0,26.0,402.0,635.0,703.0,748.0,4,837.0
8.0,26.0,384.0,554.0,635.0,703.0,4,748.0
8.0,26.0,381.0,384.0,468.0,554.0,4,615.0
8.0,26.0,381.0,384.0,468.0,554.0,4,615.0
8.0,26.0,554.0,635.0,703.0,748.0,4,837.0
8.0,26.0,402.0,635.0,703.0,748.0,4,837.0
8.0,26.0,402.0,468.0,635.0,703.0,4,748.0
8.0,26.0,381.0,468.0,554.0,635.0,4,703.0
8.0,26.0,381.0,384.0,468.0,554.0,4,703.0
8.0,26.0,554.0,635.0,703.0,748.0,4,837.0
8.0,26.0,402.0,635.0,703.0,748.0,4,837.0
8.0,9.0,39.0,194.0,366.0,574.0,4,604.0
8.0,9.0,39.0,64.0,194.0,488.0,4,604.0
8.0,9.0,39.0,194.0,366.0,574.0,4,604.0
8.0,9.0,39.0,64.0,194.0,574.0,4,604.0
8.0,9.0,39.0,194.0,366.0,574.0,4,604.0
8.0,9.0,39.0,64.0,194.0,574.0,4,604.0
8.0,9.0,39.0,64.0,137.0,194.0,4,574.0
8.0,9.0,495.0,504.0,510.0,574.0,4,604.0
8.0,9.0,39.0,194.0,366.0,574.0,4,604.0
8.0,12.0,125.0,237.0,350.0,845.0,4,856.0
8.0,12.0,126.0,237.0,386.0,845.0,4,909.0
8.0,12.0,126.0,207.0,386.0,638.0,4,909.0
8.0,12.0,126.0,207.0,638.0,904.0,4,909.0
8.0,12.0,126.0,207.0,638.0,856.0,4,909.0
8.0,12.0,125.0,237.0,350.0,845.0,4,856.0
8.0,12.0,126.0,207.0,638.0,904.0,4,909.0
8.0,12.0,126.0,207.0,638.0,904.0,4,909.0
8.0,12.0,125.0,207.0,350.0,638.0,4,856.0
8.0,9.0,64.0,194.0,366.0,574.0,4,604.0
8.0,9.0,39.0,137.0,194.0,366.0,4,574.0
8.0,9.0,39.0,194.0,366.0,574.0,4,604.0
8.0,9.0,64.0,194.0,366.0,574.0,4,604.0
8.0,9.0,39.0,194.0,366.0,574.0,4,604.0
8.0,9.0,64.0,194.0,366.0,488.0,4,604.0
8.0,9.0,64.0,366.0,488.0,504.0,4,604.0
8.0,5.0,14.0,117.0,179.0,352.0,4,467.0
8.0,5.0,14.0,117.0,179.0,352.0,4,467.0
8.0,5.0,117.0,352.0,452.0,611.0,4,686.0
8.0,5.0,352.0,452.0,611.0,686.0,4,776.0
8.0,5.0,14.0,467.0,611.0,686.0,4,776.0
8.0,5.0,14.0,179.0,352.0,611.0,4,776.0
8.0,5.0,14.0,467.0,611.0,686.0,4,776.0
8.0,5.0,117.0,179.0,467.0,760.0,4,776.0
8.0,9.0,64.0,137.0,366.0,488.0,4,504.0
8.0,9.0,64.0,137.0,366.0,488.0,4,504.0
8.0,9.0,39.0,137.0,488.0,825.0,4,903.0
8.0,9.0,39.0,64.0,137.0,488.0,4,504.0
8.0,9.0,39.0,64.0,137.0,488.0,4,825.0
8.0,9.0,39.0,366.0,488.0,574.0,4,825.0
8.0,9.0,64.0,366.0,574.0,825.0,4,941.0
8.0,9.0,366.0,574.0,825.0,903.0,4,941.0
8.0,9.0,366.0,574.0,825.0,903.0,4,941.0
8.0,9.0,39.0,137.0,488.0,504.0,4,903.0
8.0,9.0,137.0,366.0,488.0,504.0,4,903.0
8.0,9.0,137.0,366.0,488.0,504.0,4,903.0
8.0,9.0,39.0,64.0,574.0,825.0,4,941.0
8.0,9.0,39.0,64.0,574.0,825.0,4,941.0
8.0,14.0,516.0,520.0,938.0,1013.0,4,1015.0
8.0,14.0,134.0,302.0,472.0,868.0,4,1013.0
8.0,14.0,302.0,472.0,868.0,938.0,4,1013.0
8.0,14.0,302.0,472.0,868.0,938.0,4,1013.0
8.0,14.0,516.0,520.0,938.0,1013.0,4,1015.0
8.0,14.0,516.0,520.0,938.0,1013.0,4,1015.0
8.0,14.0,134.0,472.0,516.0,520.0,4,1015.0
8.0,14.0,134.0,472.0,520.0,1013.0,4,1015.0
8.0,14.0,134.0,302.0,472.0,868.0,4,1013.0
8.0,14.0,134.0,302.0,472.0,868.0,4,1013.0
8.0,33.0,219.0,258.0,361.0,844.0,4,861.0
8.0,33.0,258.0,492.0,844.0,975.0,4,976.0
8.0,33.0,219.0,258.0,492.0,844.0,4,861.0
8.0,33.0,219.0,313.0,361.0,492.0,4,861.0
8.0,33.0,219.0,361.0,492.0,844.0,4,861.0
8.0,33.0,219.0,258.0,361.0,844.0,4,861.0
8.0,33.0,219.0,258.0,361.0,492.0,4,861.0
8.0,33.0,219.0,361.0,492.0,861.0,4,975.0
8.0,33.0,258.0,361.0,844.0,861.0,4,976.0
8.0,33.0,219.0,258.0,361.0,844.0,4,861.0
8.0,33.0,219.0,258.0,361.0,844.0,4,861.0
8.0,9.0,39.0,574.0,825.0,903.0,4,941.0
8.0,9.0,39.0,574.0,825.0,903.0,4,941.0
8.0,9.0,64.0,137.0,495.0,574.0,4,913.0
8.0,9.0,39.0,64.0,137.0,574.0,4,825.0
8.0,9.0,39.0,64.0,137.0,574.0,4,825.0
8.0,9.0,39.0,488.0,903.0,913.0,4,941.0
8.0,9.0,488.0,495.0,903.0,913.0,4,941.0
8.0,9.0,39.0,64.0,574.0,825.0,4,941.0
8.0,26.0,393.0,402.0,453.0,635.0,4,748.0
8.0,26.0,384.0,391.0,468.0,837.0,4,951.0
8.0,26.0,384.0,391.0,468.0,837.0,4,951.0
8.0,26.0,384.0,391.0,468.0,837.0,4,951.0
8.0,26.0,391.0,453.0,468.0,635.0,4,748.0
8.0,26.0,393.0,402.0,453.0,635.0,4,748.0
8.0,26.0,393.0,402.0,453.0,635.0,4,748.0
8.0,26.0,393.0,402.0,453.0,635.0,4,748.0
8.0,26.0,393.0,453.0,468.0,635.0,4,748.0
8.0,26.0,384.0,391.0,468.0,837.0,4,951.0
8.0,26.0,341.0,384.0,391.0,468.0,4,837.0
8.0,26.0,341.0,384.0,391.0,468.0,4,837.0
8.0,25.0,50.0,311.0,759.0,958.0,4,1003.0
8.0,25.0,2.0,311.0,642.0,759.0,4,1003.0
8.0,25.0,50.0,311.0,759.0,958.0,4,1003.0
8.0,25.0,642.0,759.0,958.0,1003.0,4,1024.0
8.0,25.0,2.0,50.0,311.0,642.0,4,1024.0
8.0,25.0,2.0,50.0,311.0,642.0,4,1024.0
8.0,25.0,2.0,311.0,958.0,1003.0,4,1024.0
8.0,16.0,359.0,424.0,646.0,674.0,4,996.0
8.0,16.0,382.0,424.0,674.0,702.0,4,988.0
8.0,16.0,296.0,646.0,674.0,702.0,4,988.0
8.0,16.0,296.0,359.0,646.0,674.0,4,996.0
8.0,16.0,296.0,359.0,646.0,988.0,4,996.0
8.0,16.0,296.0,646.0,674.0,988.0,4,996.0
8.0,16.0,296.0,359.0,382.0,424.0,4,996.0
8.0,16.0,296.0,359.0,674.0,988.0,4,996.0
8.0,16.0,296.0,382.0,424.0,674.0,4,988.0
8.0,5.0,14.0,352.0,467.0,568.0,4,686.0
8.0,5.0,14.0,352.0,467.0,568.0,4,686.0
8.0,5.0,89.0,452.0,568.0,730.0,4,776.0
8.0,5.0,89.0,352.0,452.0,730.0,4,776.0
8.0,5.0,89.0,352.0,452.0,730.0,4,776.0
8.0,5.0,14.0,352.0,467.0,568.0,4,686.0
8.0,5.0,14.0,352.0,467.0,568.0,4,686.0
8.0,5.0,89.0,117.0,452.0,730.0,4,776.0
8.0,5.0,89.0,117.0,452.0,730.0,4,776.0
8.0,5.0,14.0,452.0,568.0,730.0,4,776.0
8.0,5.0,14.0,352.0,568.0,686.0,4,730.0
8.0,5.0,14.0,352.0,568.0,686.0,4,730.0
8.0,5.0,89.0,117.0,467.0,760.0,4,981.0
8.0,9.0,39.0,64.0,137.0,574.0,4,825.0
8.0,9.0,39.0,64.0,137.0,574.0,4,825.0
8.0,9.0,39.0,64.0,137.0,574.0,4,825.0
8.0,9.0,39.0,64.0,504.0,574.0,4,825.0
8.0,9.0,39.0,64.0,574.0,825.0,4,941.0
8.0,9.0,39.0,64.0,574.0,825.0,4,941.0
8.0,9.0,39.0,64.0,574.0,825.0,4,941.0
8.0,9.0,39.0,64.0,488.0,504.0,4,941.0
8.0,9.0,39.0,366.0,488.0,574.0,4,825.0
8.0,9.0,39.0,366.0,488.0,574.0,4,825.0
8.0,9.0,39.0,137.0,366.0,574.0,4,825.0
8.0,9.0,39.0,137.0,366.0,574.0,4,825.0
8.0,9.0,39.0,64.0,488.0,504.0,4,941.0
8.0,9.0,64.0,366.0,488.0,504.0,4,941.0
8.0,9.0,64.0,366.0,488.0,504.0,4,941.0
8.0,9.0,64.0,366.0,488.0,574.0,4,825.0
8.0,9.0,39.0,137.0,366.0,574.0,4,825.0
8.0,9.0,39.0,137.0,366.0,574.0,4,825.0
8.0,9.0,39.0,64.0,137.0,574.0,4,825.0
8.0,9.0,39.0,64.0,488.0,801.0,4,825.0
8.0,9.0,64.0,366.0,488.0,504.0,4,801.0
8.0,9.0,64.0,366.0,488.0,504.0,4,801.0
8.0,9.0,64.0,366.0,574.0,801.0,4,825.0
8.0,9.0,64.0,366.0,488.0,574.0,4,825.0
8.0,9.0,64.0,366.0,488.0,504.0,4,574.0
8.0,9.0,39.0,488.0,574.0,825.0,4,903.0
8.0,9.0,139.0,495.0,504.0,801.0,4,903.0
8.0,23.0,612.0,614.0,633.0,799.0,4,955.0
8.0,23.0,175.0,633.0,799.0,896.0,4,955.0
8.0,23.0,180.0,612.0,614.0,833.0,4,896.0
8.0,23.0,180.0,454.0,612.0,614.0,4,955.0
8.0,23.0,175.0,614.0,633.0,799.0,4,833.0
8.0,23.0,175.0,180.0,614.0,799.0,4,833.0
8.0,14.0,472.0,520.0,592.0,1013.0,4,1015.0
8.0,14.0,134.0,472.0,520.0,592.0,4,1015.0
8.0,14.0,134.0,302.0,472.0,592.0,4,1015.0
8.0,14.0,134.0,302.0,472.0,592.0,4,1013.0
8.0,14.0,302.0,840.0,854.0,1013.0,4,1015.0
8.0,14.0,302.0,520.0,854.0,1013.0,4,1015.0
8.0,14.0,302.0,472.0,520.0,592.0,4,1015.0
8.0,14.0,134.0,472.0,520.0,592.0,4,1015.0
8.0,14.0,134.0,472.0,520.0,592.0,4,1015.0
8.0,14.0,302.0,840.0,854.0,1013.0,4,1028.0
8.0,15.0,188.0,659.0,714.0,960.0,4,1036.0
8.0,15.0,659.0,714.0,960.0,1005.0,4,1036.0
8.0,15.0,593.0,714.0,960.0,1005.0,4,1036.0
8.0,15.0,86.0,593.0,659.0,802.0,4,1005.0
8.0,15.0,86.0,188.0,593.0,659.0,4,1005.0
8.0,15.0,86.0,188.0,593.0,659.0,4,1005.0
8.0,15.0,188.0,593.0,659.0,714.0,4,1005.0
8.0,15.0,188.0,593.0,659.0,714.0,4,1005.0
8.0,15.0,86.0,188.0,509.0,593.0,4,1005.0
8.0,15.0,86.0,509.0,593.0,714.0,4,1005.0
8.0,14.0,134.0,472.0,520.0,592.0,4,1015.0
8.0,14.0,302.0,472.0,520.0,592.0,4,1015.0
8.0,14.0,302.0,520.0,592.0,753.0,4,854.0
8.0,14.0,302.0,753.0,840.0,854.0,4,1013.0
8.0,14.0,302.0,520.0,592.0,753.0,4,854.0
8.0,14.0,302.0,520.0,753.0,854.0,4,1013.0
8.0,14.0,302.0,753.0,840.0,854.0,4,1013.0
8.0,14.0,134.0,472.0,520.0,592.0,4,1015.0
8.0,14.0,302.0,520.0,592.0,753.0,4,854.0
8.0,14.0,302.0,592.0,753.0,840.0,4,854.0
8.0,14.0,302.0,753.0,840.0,854.0,4,1013.0
8.0,14.0,134.0,472.0,592.0,840.0,4,1013.0
8.0,14.0,134.0,472.0,520.0,592.0,4,1013.0
8.0,14.0,472.0,520.0,592.0,753.0,4,1015.0
8.0,14.0,472.0,520.0,592.0,753.0,4,1015.0
8.0,14.0,302.0,472.0,753.0,1013.0,4,1015.0
8.0,14.0,302.0,753.0,854.0,1013.0,4,1015.0
8.0,14.0,302.0,753.0,854.0,1013.0,4,1015.0
8.0,14.0,302.0,753.0,854.0,1013.0,4,1015.0
8.0,18.0,51.0,181.0,362.0,948.0,4,1035.0
8.0,18.0,181.0,460.0,892.0,948.0,4,1035.0
8.0,18.0,181.0,362.0,892.0,948.0,4,1035.0
8.0,18.0,51.0,181.0,362.0,892.0,4,948.0
8.0,18.0,56.0,836.0,892.0,948.0,4,1035.0
8.0,18.0,51.0,56.0,362.0,836.0,4,1035.0
8.0,18.0,51.0,362.0,892.0,948.0,4,1035.0
8.0,18.0,51.0,181.0,362.0,948.0,4,1035.0
8.0,12.0,126.0,237.0,845.0,856.0,4,909.0
8.0,12.0,126.0,237.0,845.0,856.0,4,909.0
8.0,12.0,126.0,237.0,620.0,845.0,4,909.0
8.0,12.0,125.0,280.0,620.0,638.0,4,909.0
8.0,12.0,125.0,280.0,620.0,638.0,4,845.0
8.0,12.0,125.0,280.0,620.0,638.0,4,845.0
8.0,12.0,280.0,638.0,845.0,856.0,4,909.0
8.0,12.0,126.0,237.0,845.0,856.0,4,909.0
8.0,12.0,237.0,280.0,620.0,845.0,4,909.0
8.0,12.0,125.0,156.0,207.0,280.0,4,904.0
8.0,14.0,302.0,520.0,592.0,854.0,4,1015.0
8.0,14.0,302.0,520.0,592.0,854.0,4,1015.0
8.0,14.0,134.0,472.0,753.0,840.0,4,1013.0
8.0,14.0,472.0,520.0,753.0,840.0,4,1013.0
8.0,14.0,302.0,520.0,592.0,854.0,4,1015.0
8.0,14.0,134.0,592.0,854.0,868.0,4,1015.0
8.0,14.0,134.0,472.0,753.0,840.0,4,1013.0
8.0,14.0,134.0,302.0,472.0,753.0,4,1013.0
8.0,14.0,302.0,472.0,520.0,592.0,4,753.0
8.0,14.0,302.0,472.0,592.0,753.0,4,1015.0
8.0,14.0,302.0,520.0,592.0,854.0,4,1015.0
8.0,14.0,302.0,520.0,592.0,753.0,4,854.0
8.0,14.0,134.0,302.0,592.0,753.0,4,854.0
8.0,14.0,134.0,302.0,472.0,753.0,4,868.0
8.0,14.0,134.0,472.0,753.0,840.0,4,868.0
8.0,14.0,134.0,302.0,472.0,592.0,4,753.0
8.0,14.0,302.0,520.0,854.0,868.0,4,1013.0
8.0,14.0,134.0,472.0,520.0,753.0,4,868.0
8.0,14.0,134.0,472.0,753.0,840.0,4,868.0
8.0,14.0,302.0,472.0,520.0,868.0,4,1013.0
8.0,14.0,134.0,472.0,516.0,753.0,4,938.0
8.0,14.0,134.0,472.0,868.0,938.0,4,1013.0
8.0,14.0,134.0,472.0,854.0,868.0,4,938.0
8.0,14.0,134.0,472.0,854.0,868.0,4,938.0
8.0,14.0,134.0,592.0,753.0,854.0,4,938.0
8.0,14.0,134.0,472.0,592.0,753.0,4,938.0
8.0,14.0,134.0,472.0,753.0,868.0,4,938.0
8.0,14.0,302.0,520.0,592.0,854.0,4,1015.0
8.0,14.0,302.0,520.0,592.0,854.0,4,1015.0
8.0,14.0,134.0,472.0,753.0,868.0,4,938.0
8.0,14.0,134.0,472.0,753.0,868.0,4,938.0
8.0,14.0,134.0,592.0,854.0,868.0,4,1015.0
8.0,14.0,520.0,592.0,854.0,868.0,4,1015.0
8.0,33.0,258.0,318.0,361.0,492.0,4,976.0
8.0,33.0,361.0,492.0,861.0,975.0,4,976.0
8.0,33.0,258.0,313.0,318.0,492.0,4,976.0
8.0,33.0,258.0,318.0,361.0,844.0,4,976.0
8.0,33.0,258.0,361.0,844.0,861.0,4,976.0
8.0,33.0,361.0,844.0,861.0,975.0,4,976.0
8.0,33.0,219.0,361.0,844.0,861.0,4,975.0
8.0,33.0,219.0,361.0,492.0,861.0,4,975.0
8.0,33.0,219.0,313.0,861.0,975.0,4,976.0
8.0,33.0,219.0,492.0,861.0,975.0,4,976.0
8.0,33.0,258.0,318.0,361.0,844.0,4,976.0
8.0,33.0,258.0,318.0,361.0,844.0,4,976.0
8.0,23.0,136.0,454.0,524.0,614.0,4,633.0
8.0,23.0,136.0,454.0,524.0,614.0,4,633.0
8.0,23.0,136.0,614.0,633.0,799.0,4,955.0
8.0,23.0,136.0,633.0,799.0,896.0,4,955.0
8.0,23.0,136.0,524.0,612.0,614.0,4,633.0
8.0,23.0,136.0,454.0,524.0,614.0,4,633.0
8.0,23.0,136.0,454.0,614.0,633.0,4,955.0
8.0,23.0,136.0,454.0,524.0,614.0,4,633.0
8.0,23.0,136.0,454.0,524.0,614.0,4,633.0
8.0,23.0,136.0,454.0,524.0,633.0,4,896.0
8.0,23.0,136.0,633.0,799.0,896.0,4,955.0
8.0,23.0,454.0,612.0,799.0,896.0,4,955.0
8.0,23.0,136.0,614.0,633.0,799.0,4,955.0
8.0,17.0,109.0,354.0,439.0,502.0,4,587.0
8.0,17.0,354.0,484.0,507.0,587.0,4,764.0
8.0,17.0,354.0,484.0,507.0,587.0,4,764.0
8.0,17.0,109.0,354.0,439.0,502.0,4,587.0
8.0,17.0,109.0,354.0,439.0,502.0,4,587.0
8.0,17.0,109.0,354.0,502.0,587.0,4,764.0
8.0,17.0,109.0,354.0,502.0,587.0,4,764.0
8.0,17.0,439.0,484.0,502.0,587.0,4,764.0
8.0,17.0,109.0,354.0,484.0,502.0,4,587.0
8.0,25.0,2.0,311.0,759.0,958.0,4,1003.0
8.0,25.0,2.0,642.0,759.0,958.0,4,1003.0
8.0,25.0,146.0,311.0,759.0,958.0,4,1003.0
8.0,25.0,2.0,642.0,759.0,958.0,4,1003.0
8.0,25.0,2.0,603.0,642.0,958.0,4,1003.0
8.0,25.0,2.0,332.0,603.0,642.0,4,1024.0
8.0,25.0,311.0,332.0,759.0,958.0,4,1024.0
8.0,25.0,311.0,759.0,958.0,1003.0,4,1024.0
8.0,14.0,516.0,840.0,868.0,938.0,4,1013.0
8.0,14.0,302.0,472.0,520.0,753.0,4,854.0
8.0,14.0,302.0,472.0,520.0,753.0,4,854.0
8.0,14.0,516.0,520.0,840.0,868.0,4,1013.0
8.0,14.0,516.0,840.0,868.0,938.0,4,1013.0
8.0,14.0,302.0,516.0,520.0,854.0,4,868.0
8.0,14.0,302.0,472.0,520.0,753.0,4,854.0
8.0,14.0,302.0,472.0,520.0,753.0,4,854.0
8.0,33.0,219.0,258.0,361.0,492.0,4,861.0
8.0,33.0,219.0,258.0,313.0,361.0,4,861.0
8.0,33.0,258.0,313.0,361.0,861.0,4,976.0
8.0,33.0,313.0,844.0,861.0,975.0,4,976.0
8.0,33.0,313.0,470.0,844.0,975.0,4,976.0
8.0,33.0,258.0,361.0,492.0,975.0,4,976.0
8.0,33.0,258.0,313.0,361.0,861.0,4,976.0
8.0,33.0,219.0,313.0,844.0,861.0,4,975.0
8.0,14.0,134.0,516.0,840.0,868.0,4,1013.0
8.0,14.0,134.0,472.0,516.0,840.0,4,868.0
8.0,14.0,302.0,472.0,516.0,520.0,4,1015.0
8.0,14.0,134.0,516.0,840.0,868.0,4,1013.0
8.0,14.0,302.0,472.0,520.0,1013.0,4,1015.0
8.0,14.0,302.0,472.0,520.0,1013.0,4,1015.0
8.0,14.0,302.0,472.0,868.0,1013.0,4,1015.0
8.0,5.0,14.0,179.0,352.0,706.0,4,730.0
8.0,5.0,89.0,117.0,686.0,706.0,4,730.0
8.0,5.0,14.0,117.0,352.0,611.0,4,686.0
8.0,5.0,14.0,179.0,352.0,611.0,4,730.0
8.0,5.0,14.0,179.0,352.0,706.0,4,730.0
8.0,5.0,89.0,117.0,352.0,467.0,4,686.0
8.0,5.0,14.0,352.0,686.0,706.0,4,730.0
8.0,16.0,296.0,359.0,379.0,646.0,4,996.0
8.0,16.0,296.0,359.0,379.0,646.0,4,702.0
8.0,16.0,296.0,359.0,379.0,646.0,4,996.0
8.0,16.0,296.0,359.0,379.0,646.0,4,996.0
8.0,16.0,296.0,379.0,646.0,674.0,4,996.0
8.0,16.0,296.0,379.0,382.0,646.0,4,674.0
8.0,16.0,296.0,359.0,379.0,382.0,4,646.0
8.0,15.0,188.0,463.0,659.0,714.0,4,1036.0
8.0,15.0,86.0,188.0,593.0,960.0,4,1036.0
8.0,15.0,86.0,593.0,960.0,1005.0,4,1036.0
8.0,15.0,188.0,659.0,714.0,960.0,4,1036.0
8.0,15.0,463.0,593.0,714.0,960.0,4,1036.0
8.0,15.0,463.0,593.0,659.0,714.0,4,960.0
8.0,15.0,463.0,659.0,749.0,960.0,4,1036.0
8.0,14.0,516.0,520.0,938.0,1013.0,4,1015.0
8.0,14.0,472.0,520.0,938.0,1013.0,4,1015.0
8.0,14.0,302.0,405.0,516.0,520.0,4,868.0
8.0,14.0,302.0,516.0,520.0,1013.0,4,1015.0
8.0,14.0,134.0,302.0,405.0,472.0,4,1015.0
8.0,14.0,134.0,302.0,516.0,868.0,4,1013.0
8.0,14.0,516.0,520.0,938.0,1013.0,4,1015.0
8.0,14.0,516.0,520.0,938.0,1013.0,4,1015.0
8.0,14.0,134.0,472.0,516.0,520.0,4,1015.0
8.0,14.0,302.0,405.0,472.0,868.0,4,938.0
8.0,14.0,472.0,520.0,868.0,938.0,4,1013.0
8.0,14.0,516.0,520.0,938.0,1013.0,4,1015.0
8.0,14.0,516.0,520.0,938.0,1013.0,4,1015.0
8.0,14.0,516.0,520.0,938.0,1013.0,4,1015.0
8.0,14.0,134.0,302.0,405.0,472.0,4,1015.0
8.0,14.0,134.0,302.0,405.0,472.0,4,868.0
8.0,14.0,134.0,302.0,405.0,472.0,4,868.0
8.0,14.0,134.0,302.0,405.0,472.0,4,1015.0
8.0,14.0,516.0,520.0,938.0,1013.0,4,1015.0
8.0,14.0,134.0,405.0,472.0,938.0,4,1015.0
8.0,14.0,405.0,472.0,520.0,868.0,4,938.0
8.0,14.0,516.0,520.0,868.0,938.0,4,1013.0
8.0,14.0,516.0,520.0,938.0,1013.0,4,1015.0
8.0,14.0,134.0,472.0,516.0,938.0,4,1015.0
8.0,14.0,134.0,302.0,405.0,472.0,4,868.0
8.0,14.0,134.0,302.0,405.0,472.0,4,868.0
8.0,14.0,134.0,302.0,405.0,472.0,4,868.0
8.0,14.0,134.0,302.0,405.0,472.0,4,868.0
8.0,18.0,10.0,51.0,150.0,632.0,4,1035.0
8.0,18.0,10.0,51.0,150.0,881.0,4,1035.0
8.0,18.0,51.0,150.0,362.0,881.0,4,1035.0
8.0,18.0,51.0,150.0,362.0,632.0,4,1035.0
8.0,18.0,51.0,150.0,546.0,632.0,4,881.0
8.0,18.0,10.0,51.0,150.0,881.0,4,1035.0
8.0,18.0,10.0,150.0,546.0,881.0,4,1035.0
8.0,18.0,10.0,51.0,362.0,632.0,4,1035.0
8.0,2.0,120.0,255.0,493.0,679.0,4,687.0
8.0,2.0,120.0,255.0,493.0,679.0,4,687.0
8.0,2.0,255.0,300.0,493.0,679.0,4,687.0
8.0,2.0,120.0,255.0,493.0,679.0,4,687.0
8.0,2.0,17.0,120.0,255.0,493.0,4,679.0
8.0,2.0,17.0,120.0,300.0,444.0,4,679.0
8.0,2.0,98.0,255.0,300.0,493.0,4,687.0
8.0,26.0,341.0,393.0,402.0,748.0,4,837.0
8.0,26.0,341.0,393.0,402.0,748.0,4,837.0
8.0,26.0,358.0,384.0,391.0,748.0,4,951.0
8.0,26.0,341.0,393.0,402.0,748.0,4,837.0
8.0,26.0,358.0,381.0,384.0,393.0,4,748.0
8.0,26.0,358.0,381.0,384.0,391.0,4,951.0
8.0,14.0,405.0,516.0,868.0,938.0,4,1015.0
8.0,14.0,293.0,516.0,868.0,938.0,4,1015.0
8.0,14.0,293.0,302.0,516.0,868.0,4,1015.0
8.0,14.0,293.0,302.0,405.0,840.0,4,1015.0
8.0,14.0,293.0,405.0,840.0,868.0,4,1015.0
8.0,14.0,405.0,516.0,868.0,938.0,4,1015.0
8.0,14.0,293.0,405.0,516.0,868.0,4,938.0
8.0,14.0,405.0,516.0,868.0,938.0,4,1015.0
8.0,14.0,293.0,302.0,516.0,868.0,4,1015.0
8.0,14.0,293.0,302.0,405.0,516.0,4,868.0
8.0,14.0,293.0,302.0,405.0,516.0,4,840.0
8.0,14.0,293.0,405.0,868.0,938.0,4,1015.0
8.0,14.0,405.0,516.0,868.0,938.0,4,1015.0
8.0,15.0,188.0,659.0,714.0,960.0,4,1036.0
8.0,15.0,86.0,188.0,593.0,960.0,4,1036.0
8.0,15.0,86.0,509.0,659.0,960.0,4,1005.0
8.0,15.0,509.0,659.0,714.0,960.0,4,1005.0
8.0,15.0,188.0,509.0,714.0,960.0,4,1036.0
8.0,15.0,188.0,659.0,714.0,802.0,4,1036.0
8.0,15.0,188.0,659.0,714.0,802.0,4,1036.0
8.0,15.0,188.0,659.0,714.0,960.0,4,1036.0
8.0,15.0,509.0,714.0,802.0,1005.0,4,1036.0
8.0,15.0,188.0,659.0,714.0,960.0,4,1036.0
8.0,12.0,125.0,280.0,386.0,638.0,4,909.0
8.0,12.0,125.0,156.0,280.0,386.0,4,620.0
8.0,12.0,156.0,207.0,386.0,620.0,4,845.0
8.0,12.0,156.0,207.0,386.0,620.0,4,845.0
8.0,12.0,156.0,207.0,280.0,386.0,4,620.0
8.0,12.0,207.0,280.0,620.0,856.0,4,909.0
8.0,12.0,125.0,156.0,280.0,620.0,4,856.0
8.0,5.0,117.0,348.0,452.0,611.0,4,686.0
8.0,5.0,14.0,179.0,568.0,611.0,4,706.0
8.0,5.0,14.0,568.0,611.0,686.0,4,706.0
8.0,5.0,14.0,179.0,568.0,611.0,4,706.0
8.0,5.0,14.0,179.0,352.0,568.0,4,611.0
8.0,5.0,14.0,179.0,348.0,352.0,4,568.0
8.0,5.0,14.0,117.0,179.0,348.0,4,352.0
8.0,5.0,14.0,117.0,348.0,686.0,4,706.0
8.0,17.0,109.0,328.0,406.0,439.0,4,619.0
8.0,17.0,109.0,328.0,354.0,764.0,4,1037.0
8.0,17.0,328.0,354.0,484.0,764.0,4,1037.0
8.0,17.0,354.0,406.0,484.0,502.0,4,764.0
8.0,17.0,354.0,406.0,484.0,502.0,4,764.0
8.0,17.0,109.0,328.0,406.0,439.0,4,1037.0
8.0,17.0,109.0,328.0,406.0,587.0,4,1037.0
8.0,17.0,109.0,328.0,406.0,587.0,4,1037.0
8.0,17.0,354.0,439.0,484.0,502.0,4,764.0
8.0,17.0,354.0,439.0,484.0,502.0,4,764.0
8.0,17.0,354.0,439.0,484.0,619.0,4,764.0
8.0,15.0,659.0,714.0,941.0,960.0,4,1036.0
8.0,15.0,659.0,714.0,941.0,960.0,4,1036.0
8.0,15.0,86.0,188.0,509.0,659.0,4,941.0
8.0,15.0,86.0,188.0,509.0,593.0,4,941.0
8.0,15.0,86.0,188.0,509.0,593.0,4,802.0
8.0,15.0,86.0,188.0,509.0,593.0,4,802.0
8.0,15.0,188.0,593.0,714.0,941.0,4,1036.0
8.0,15.0,659.0,714.0,941.0,960.0,4,1036.0
8.0,15.0,188.0,659.0,714.0,941.0,4,1036.0
8.0,15.0,86.0,509.0,593.0,941.0,4,960.0
8.0,15.0,86.0,188.0,509.0,659.0,4,941.0
8.0,15.0,188.0,659.0,714.0,960.0,4,1036.0
8.0,15.0,593.0,714.0,941.0,960.0,4,1036.0
8.0,15.0,86.0,509.0,593.0,941.0,4,1005.0
8.0,15.0,188.0,509.0,659.0,714.0,4,960.0
8.0,15.0,86.0,509.0,593.0,802.0,4,941.0
8.0,15.0,86.0,509.0,593.0,802.0,4,960.0
8.0,15.0,659.0,714.0,802.0,960.0,4,1036.0
8.0,15.0,659.0,714.0,802.0,960.0,4,1036.0
8.0,26.0,384.0,635.0,703.0,748.0,4,837.0
8.0,26.0,25.0,381.0,468.0,703.0,4,965.0
8.0,26.0,25.0,381.0,384.0,837.0,4,965.0
8.0,26.0,384.0,635.0,703.0,748.0,4,837.0
8.0,26.0,25.0,381.0,468.0,837.0,4,965.0
8.0,26.0,25.0,381.0,384.0,837.0,4,965.0
8.0,15.0,188.0,593.0,659.0,714.0,4,941.0
8.0,15.0,86.0,188.0,593.0,659.0,4,941.0
8.0,15.0,86.0,509.0,515.0,659.0,4,1005.0
8.0,15.0,188.0,593.0,659.0,714.0,4,941.0
8.0,15.0,188.0,509.0,659.0,714.0,4,1005.0
8.0,15.0,86.0,188.0,509.0,659.0,4,1005.0
8.0,15.0,188.0,593.0,659.0,714.0,4,1005.0
8.0,15.0,86.0,188.0,593.0,659.0,4,714.0
8.0,16.0,216.0,296.0,379.0,674.0,4,763.0
8.0,16.0,216.0,296.0,674.0,763.0,4,996.0
8.0,16.0,216.0,296.0,424.0,763.0,4,996.0
8.0,16.0,153.0,296.0,646.0,674.0,4,903.0
8.0,16.0,153.0,296.0,646.0,674.0,4,903.0
8.0,16.0,216.0,379.0,646.0,674.0,4,763.0
8.0,16.0,153.0,216.0,296.0,674.0,4,763.0
8.0,16.0,153.0,216.0,296.0,646.0,4,674.0
8.0,16.0,153.0,216.0,296.0,646.0,4,674.0
8.0,15.0,188.0,443.0,659.0,714.0,4,960.0
8.0,15.0,659.0,714.0,802.0,941.0,4,1005.0
8.0,15.0,659.0,714.0,941.0,960.0,4,1005.0
8.0,15.0,659.0,714.0,941.0,960.0,4,1005.0
8.0,15.0,188.0,443.0,659.0,714.0,4,960.0
8.0,15.0,188.0,659.0,714.0,941.0,4,960.0
8.0,15.0,188.0,593.0,714.0,941.0,4,960.0
8.0,15.0,443.0,509.0,515.0,749.0,4,802.0
8.0,2.0,17.0,444.0,481.0,493.0,4,687.0
8.0,2.0,17.0,223.0,481.0,493.0,4,728.0
8.0,2.0,17.0,223.0,493.0,687.0,4,728.0
8.0,2.0,223.0,444.0,493.0,687.0,4,728.0
8.0,2.0,17.0,98.0,223.0,687.0,4,728.0
8.0,2.0,17.0,98.0,223.0,687.0,4,728.0
8.0,2.0,17.0,98.0,223.0,493.0,4,687.0
8.0,2.0,17.0,120.0,185.0,444.0,4,493.0
8.0,25.0,146.0,268.0,311.0,759.0,4,1003.0
8.0,25.0,81.0,603.0,642.0,696.0,4,1003.0
8.0,25.0,146.0,311.0,332.0,759.0,4,1003.0
8.0,25.0,146.0,268.0,311.0,759.0,4,1003.0
8.0,25.0,81.0,332.0,603.0,642.0,4,759.0
8.0,25.0,81.0,311.0,603.0,759.0,4,1003.0
8.0,25.0,146.0,268.0,311.0,759.0,4,1003.0
8.0,15.0,188.0,463.0,659.0,714.0,4,1036.0
8.0,15.0,188.0,463.0,509.0,659.0,4,714.0
8.0,15.0,86.0,593.0,960.0,1005.0,4,1036.0
8.0,15.0,86.0,593.0,960.0,1005.0,4,1036.0
8.0,15.0,463.0,593.0,714.0,1005.0,4,1036.0
8.0,15.0,463.0,659.0,714.0,1005.0,4,1036.0
8.0,15.0,86.0,188.0,463.0,659.0,4,1036.0
8.0,15.0,188.0,463.0,659.0,714.0,4,1036.0
8.0,15.0,188.0,463.0,659.0,714.0,4,1036.0
8.0,15.0,86.0,463.0,593.0,960.0,4,1005.0
8.0,15.0,86.0,509.0,593.0,749.0,4,1005.0
8.0,15.0,86.0,188.0,463.0,659.0,4,1036.0
8.0,15.0,86.0,593.0,749.0,1005.0,4,1036.0
8.0,15.0,86.0,593.0,749.0,1005.0,4,1036.0
8.0,15.0,86.0,509.0,593.0,749.0,4,1005.0
8.0,15.0,86.0,509.0,593.0,749.0,4,1005.0
8.0,15.0,188.0,659.0,714.0,1005.0,4,1036.0
8.0,15.0,86.0,188.0,659.0,1005.0,4,1036.0
8.0,15.0,86.0,188.0,509.0,659.0,4,1005.0
8.0,33.0,219.0,258.0,318.0,361.0,4,492.0
8.0,33.0,258.0,361.0,492.0,861.0,4,976.0
8.0,33.0,219.0,313.0,318.0,975.0,4,976.0
8.0,33.0,219.0,258.0,313.0,318.0,4,976.0
8.0,33.0,318.0,361.0,492.0,861.0,4,976.0
8.0,33.0,318.0,361.0,492.0,861.0,4,976.0
8.0,33.0,258.0,313.0,318.0,361.0,4,976.0
8.0,33.0,313.0,318.0,361.0,861.0,4,976.0
8.0,33.0,160.0,258.0,361.0,861.0,4,976.0
8.0,33.0,160.0,219.0,318.0,975.0,4,976.0
8.0,33.0,258.0,361.0,492.0,861.0,4,976.0
8.0,33.0,160.0,258.0,361.0,861.0,4,976.0
8.0,18.0,51.0,362.0,580.0,834.0,4,948.0
8.0,18.0,51.0,362.0,580.0,834.0,4,948.0
8.0,18.0,51.0,56.0,362.0,730.0,4,1035.0
8.0,18.0,51.0,56.0,730.0,758.0,4,1035.0
8.0,18.0,51.0,56.0,580.0,834.0,4,948.0
8.0,18.0,51.0,580.0,758.0,834.0,4,948.0
8.0,18.0,51.0,730.0,758.0,834.0,4,948.0
8.0,18.0,51.0,580.0,758.0,834.0,4,948.0
8.0,15.0,188.0,463.0,659.0,714.0,4,1036.0
8.0,15.0,188.0,463.0,659.0,714.0,4,1036.0
8.0,15.0,86.0,463.0,659.0,960.0,4,1036.0
8.0,15.0,86.0,509.0,593.0,749.0,4,960.0
8.0,15.0,86.0,509.0,593.0,749.0,4,960.0
8.0,15.0,188.0,463.0,659.0,714.0,4,1036.0
8.0,15.0,86.0,188.0,659.0,960.0,4,1036.0
8.0,15.0,86.0,463.0,593.0,960.0,4,1036.0
8.0,18.0,51.0,362.0,577.0,580.0,4,834.0
8.0,18.0,10.0,51.0,362.0,580.0,4,834.0
8.0,18.0,10.0,51.0,348.0,362.0,4,834.0
8.0,18.0,51.0,577.0,580.0,758.0,4,834.0
8.0,18.0,10.0,51.0,362.0,580.0,4,834.0
8.0,18.0,10.0,51.0,348.0,362.0,4,834.0
8.0,18.0,10.0,51.0,348.0,362.0,4,834.0
8.0,18.0,10.0,51.0,348.0,362.0,4,834.0
8.0,18.0,10.0,51.0,348.0,362.0,4,834.0
8.0,18.0,10.0,348.0,362.0,834.0,4,1035.0
8.0,18.0,10.0,51.0,362.0,580.0,4,834.0
8.0,18.0,51.0,348.0,362.0,580.0,4,834.0
8.0,15.0,188.0,463.0,593.0,659.0,4,714.0
8.0,15.0,188.0,509.0,515.0,659.0,4,714.0
8.0,15.0,188.0,509.0,515.0,659.0,4,714.0
8.0,15.0,463.0,509.0,515.0,593.0,4,749.0
8.0,15.0,403.0,463.0,515.0,593.0,4,749.0
8.0,15.0,403.0,463.0,515.0,593.0,4,749.0
8.0,15.0,188.0,509.0,515.0,659.0,4,714.0
8.0,15.0,188.0,463.0,515.0,593.0,4,749.0
8.0,15.0,515.0,593.0,659.0,714.0,4,749.0
8.0,15.0,86.0,188.0,659.0,960.0,4,1036.0
8.0,15.0,86.0,188.0,659.0,960.0,4,1036.0
8.0,15.0,188.0,593.0,749.0,960.0,4,1036.0
8.0,15.0,593.0,749.0,960.0,1005.0,4,1036.0
8.0,15.0,463.0,593.0,749.0,960.0,4,1005.0
8.0,15.0,463.0,593.0,659.0,749.0,4,1005.0
8.0,15.0,86.0,463.0,659.0,1005.0,4,1036.0
8.0,15.0,86.0,188.0,659.0,960.0,4,1036.0
8.0,15.0,188.0,593.0,749.0,960.0,4,1036.0
8.0,15.0,463.0,659.0,749.0,960.0,4,1005.0
8.0,15.0,86.0,463.0,659.0,960.0,4,1005.0
8.0,15.0,86.0,188.0,659.0,1005.0,4,1036.0
8.0,23.0,180.0,454.0,612.0,614.0,4,896.0
8.0,23.0,180.0,454.0,612.0,614.0,4,833.0
8.0,23.0,44.0,454.0,614.0,799.0,4,896.0
8.0,23.0,44.0,454.0,614.0,799.0,4,896.0
8.0,23.0,44.0,612.0,614.0,633.0,4,896.0
8.0,23.0,44.0,454.0,612.0,614.0,4,833.0
8.0,23.0,44.0,612.0,614.0,633.0,4,896.0
8.0,33.0,123.0,313.0,407.0,492.0,4,975.0
8.0,33.0,219.0,258.0,361.0,470.0,4,844.0
8.0,33.0,219.0,361.0,492.0,844.0,4,861.0
8.0,33.0,123.0,492.0,844.0,861.0,4,975.0
8.0,33.0,123.0,470.0,492.0,844.0,4,975.0
8.0,33.0,123.0,470.0,492.0,844.0,4,975.0
8.0,33.0,123.0,258.0,361.0,470.0,4,492.0
8.0,33.0,123.0,258.0,361.0,470.0,4,492.0
8.0,33.0,219.0,258.0,361.0,844.0,4,861.0
8.0,15.0,188.0,463.0,659.0,749.0,4,1036.0
8.0,15.0,188.0,659.0,749.0,1005.0,4,1036.0
8.0,15.0,515.0,593.0,659.0,749.0,4,1005.0
8.0,15.0,463.0,515.0,593.0,749.0,4,1005.0
8.0,15.0,463.0,515.0,593.0,749.0,4,1005.0
8.0,15.0,463.0,515.0,659.0,749.0,4,1036.0
8.0,15.0,86.0,188.0,463.0,659.0,4,1036.0
8.0,15.0,515.0,659.0,749.0,1005.0,4,1036.0
8.0,15.0,463.0,515.0,593.0,749.0,4,1005.0
8.0,15.0,463.0,515.0,593.0,749.0,4,1036.0
8.0,15.0,463.0,515.0,593.0,749.0,4,1036.0
8.0,2.0,98.0,120.0,255.0,493.0,4,728.0
8.0,2.0,17.0,98.0,120.0,444.0,4,728.0
8.0,2.0,17.0,98.0,444.0,687.0,4,728.0
8.0,2.0,17.0,444.0,493.0,687.0,4,728.0
8.0,2.0,17.0,98.0,120.0,255.0,4,577.0
8.0,2.0,17.0,255.0,444.0,687.0,4,728.0
8.0,2.0,255.0,444.0,493.0,687.0,4,728.0
8.0,2.0,120.0,255.0,444.0,493.0,4,728.0
8.0,2.0,98.0,120.0,255.0,493.0,4,577.0
8.0,2.0,98.0,120.0,255.0,493.0,4,687.0
8.0,2.0,17.0,98.0,444.0,687.0,4,728.0
8.0,2.0,17.0,98.0,444.0,687.0,4,728.0
8.0,2.0,98.0,120.0,255.0,493.0,4,728.0
8.0,2.0,98.0,120.0,255.0,493.0,4,577.0
8.0,2.0,98.0,120.0,255.0,493.0,4,577.0
8.0,2.0,98.0,255.0,493.0,577.0,4,687.0
8.0,2.0,17.0,255.0,444.0,687.0,4,728.0
8.0,2.0,17.0,120.0,444.0,493.0,4,728.0
8.0,2.0,98.0,255.0,444.0,577.0,4,687.0
8.0,2.0,120.0,255.0,444.0,493.0,4,577.0
8.0,2.0,98.0,120.0,255.0,493.0,4,577.0
8.0,2.0,98.0,120.0,444.0,493.0,4,728.0
8.0,2.0,17.0,255.0,444.0,687.0,4,728.0
8.0,2.0,17.0,98.0,255.0,493.0,4,577.0
8.0,2.0,17.0,98.0,255.0,493.0,4,577.0
8.0,2.0,98.0,120.0,255.0,493.0,4,577.0
8.0,2.0,98.0,120.0,255.0,493.0,4,577.0
8.0,2.0,98.0,255.0,481.0,493.0,4,687.0
8.0,2.0,98.0,255.0,481.0,493.0,4,687.0
8.0,2.0,17.0,98.0,444.0,687.0,4,728.0
8.0,2.0,17.0,98.0,120.0,444.0,4,577.0
8.0,2.0,98.0,120.0,255.0,493.0,4,577.0
8.0,2.0,98.0,255.0,493.0,687.0,4,728.0
8.0,2.0,98.0,120.0,255.0,493.0,4,577.0
8.0,2.0,98.0,444.0,493.0,687.0,4,728.0
8.0,2.0,17.0,98.0,444.0,481.0,4,728.0
8.0,2.0,255.0,444.0,493.0,577.0,4,728.0
8.0,2.0,98.0,120.0,255.0,493.0,4,577.0
8.0,2.0,98.0,120.0,255.0,493.0,4,728.0
8.0,2.0,17.0,98.0,444.0,687.0,4,728.0
8.0,2.0,255.0,444.0,481.0,493.0,4,577.0
8.0,2.0,98.0,120.0,255.0,493.0,4,577.0
8.0,2.0,98.0,120.0,255.0,493.0,4,577.0
8.0,26.0,107.0,384.0,635.0,703.0,4,837.0
8.0,26.0,381.0,554.0,703.0,748.0,4,837.0
8.0,26.0,381.0,384.0,554.0,748.0,4,965.0
8.0,26.0,381.0,384.0,554.0,748.0,4,965.0
8.0,26.0,381.0,384.0,703.0,837.0,4,965.0
8.0,26.0,381.0,635.0,703.0,748.0,4,965.0
8.0,26.0,107.0,381.0,554.0,635.0,4,965.0
8.0,26.0,107.0,384.0,554.0,748.0,4,965.0
8.0,26.0,107.0,384.0,554.0,703.0,4,748.0
8.0,26.0,384.0,554.0,703.0,748.0,4,965.0
8.0,26.0,384.0,554.0,703.0,748.0,4,965.0
8.0,23.0,454.0,778.0,799.0,896.0,4,955.0
8.0,23.0,33.0,136.0,388.0,524.0,4,874.0
8.0,23.0,33.0,136.0,180.0,388.0,4,524.0
8.0,23.0,136.0,180.0,524.0,799.0,4,955.0
8.0,23.0,33.0,136.0,180.0,778.0,4,896.0
8.0,23.0,33.0,136.0,778.0,896.0,4,972.0
8.0,23.0,33.0,136.0,778.0,896.0,4,972.0
8.0,23.0,33.0,136.0,180.0,778.0,4,896.0
8.0,23.0,33.0,136.0,180.0,524.0,4,896.0
8.0,23.0,33.0,136.0,180.0,388.0,4,524.0
8.0,2.0,255.0,493.0,577.0,687.0,4,889.0
8.0,2.0,17.0,98.0,185.0,255.0,4,687.0
8.0,2.0,17.0,98.0,185.0,255.0,4,687.0
8.0,2.0,17.0,98.0,185.0,444.0,4,687.0
8.0,2.0,17.0,98.0,185.0,444.0,4,577.0
8.0,2.0,17.0,98.0,185.0,444.0,4,577.0
8.0,2.0,17.0,185.0,444.0,493.0,4,577.0
8.0,2.0,255.0,444.0,493.0,687.0,4,889.0
8.0,2.0,255.0,493.0,577.0,687.0,4,889.0
8.0,2.0,185.0,255.0,493.0,687.0,4,889.0
8.0,2.0,17.0,98.0,185.0,255.0,4,687.0
8.0,2.0,17.0,98.0,185.0,444.0,4,687.0
8.0,2.0,17.0,98.0,185.0,444.0,4,577.0
8.0,2.0,17.0,255.0,493.0,687.0,4,889.0
8.0,2.0,17.0,255.0,493.0,687.0,4,889.0
8.0,5.0,89.0,117.0,348.0,686.0,4,706.0
8.0,5.0,89.0,117.0,348.0,686.0,4,706.0
8.0,5.0,89.0,117.0,348.0,611.0,4,686.0
8.0,5.0,14.0,179.0,348.0,568.0,4,611.0
8.0,5.0,14.0,179.0,352.0,568.0,4,611.0
8.0,5.0,89.0,348.0,568.0,686.0,4,706.0
8.0,5.0,89.0,117.0,437.0,706.0,4,776.0
8.0,2.0,255.0,493.0,687.0,728.0,4,889.0
8.0,2.0,17.0,185.0,255.0,687.0,4,889.0
8.0,2.0,255.0,444.0,493.0,687.0,4,889.0
8.0,2.0,255.0,493.0,577.0,687.0,4,889.0
8.0,2.0,17.0,98.0,185.0,444.0,4,577.0
8.0,2.0,17.0,98.0,255.0,493.0,4,577.0
8.0,2.0,17.0,255.0,444.0,493.0,4,687.0
8.0,2.0,17.0,255.0,444.0,493.0,4,687.0
8.0,2.0,444.0,493.0,577.0,687.0,4,889.0
8.0,2.0,255.0,444.0,493.0,577.0,4,889.0
8.0,2.0,255.0,444.0,493.0,577.0,4,889.0
8.0,2.0,17.0,444.0,493.0,687.0,4,889.0
8.0,25.0,311.0,603.0,759.0,958.0,4,1003.0
8.0,25.0,146.0,332.0,759.0,958.0,4,1003.0
8.0,25.0,311.0,332.0,759.0,958.0,4,1003.0
8.0,25.0,146.0,332.0,603.0,958.0,4,1003.0
8.0,25.0,81.0,146.0,311.0,332.0,4,603.0
8.0,25.0,81.0,146.0,268.0,311.0,4,332.0
8.0,25.0,81.0,146.0,268.0,311.0,4,332.0
8.0,25.0,81.0,146.0,268.0,311.0,4,332.0
8.0,25.0,81.0,146.0,268.0,311.0,4,332.0
8.0,16.0,153.0,155.0,296.0,646.0,4,674.0
8.0,16.0,216.0,296.0,379.0,646.0,4,674.0
8.0,16.0,216.0,296.0,379.0,646.0,4,674.0
8.0,16.0,155.0,216.0,379.0,424.0,4,763.0
8.0,16.0,153.0,155.0,296.0,646.0,4,674.0
8.0,16.0,216.0,296.0,379.0,424.0,4,674.0
8.0,2.0,120.0,444.0,493.0,687.0,4,889.0
8.0,2.0,17.0,444.0,493.0,687.0,4,728.0
8.0,2.0,17.0,444.0,493.0,687.0,4,728.0
8.0,2.0,120.0,444.0,493.0,687.0,4,889.0
8.0,2.0,17.0,120.0,444.0,493.0,4,687.0
8.0,2.0,17.0,98.0,120.0,444.0,4,687.0
8.0,2.0,17.0,98.0,444.0,481.0,4,493.0
8.0,33.0,219.0,258.0,318.0,361.0,4,492.0
8.0,33.0,219.0,258.0,361.0,492.0,4,975.0
8.0,33.0,219.0,313.0,861.0,975.0,4,976.0
8.0,33.0,219.0,313.0,318.0,861.0,4,976.0
8.0,33.0,313.0,318.0,492.0,861.0,4,976.0
8.0,33.0,258.0,318.0,361.0,492.0,4,976.0
8.0,33.0,219.0,258.0,361.0,492.0,4,861.0
8.0,33.0,219.0,258.0,318.0,361.0,4,492.0
8.0,33.0,219.0,258.0,361.0,492.0,4,861.0
8.0,33.0,258.0,313.0,492.0,975.0,4,976.0
8.0,33.0,219.0,258.0,492.0,861.0,4,976.0
8.0,33.0,219.0,258.0,318.0,492.0,4,976.0
8.0,33.0,258.0,318.0,361.0,492.0,4,976.0
8.0,33.0,318.0,361.0,492.0,975.0,4,976.0
8.0,33.0,314.0,318.0,385.0,975.0,4,976.0
8.0,2.0,17.0,444.0,493.0,577.0,4,687.0
8.0,2.0,17.0,444.0,493.0,577.0,4,687.0
8.0,2.0,120.0,255.0,444.0,493.0,4,687.0
8.0,2.0,98.0,120.0,255.0,444.0,4,687.0
8.0,2.0,98.0,255.0,444.0,493.0,4,577.0
8.0,2.0,17.0,120.0,444.0,493.0,4,577.0
8.0,2.0,98.0,255.0,444.0,493.0,4,577.0
8.0,2.0,17.0,98.0,120.0,444.0,4,493.0
8.0,2.0,17.0,98.0,120.0,444.0,4,493.0
8.0,17.0,328.0,354.0,439.0,484.0,4,523.0
8.0,17.0,354.0,439.0,484.0,502.0,4,523.0
8.0,17.0,109.0,354.0,439.0,502.0,4,587.0
8.0,17.0,109.0,354.0,439.0,502.0,4,587.0
8.0,17.0,109.0,354.0,439.0,587.0,4,1037.0
8.0,17.0,109.0,354.0,587.0,764.0,4,1037.0
8.0,17.0,439.0,484.0,587.0,764.0,4,1037.0
8.0,2.0,17.0,98.0,120.0,444.0,4,948.0
8.0,2.0,98.0,255.0,679.0,687.0,4,948.0
8.0,2.0,98.0,255.0,493.0,687.0,4,948.0
8.0,2.0,98.0,120.0,255.0,493.0,4,948.0
8.0,2.0,17.0,98.0,444.0,687.0,4,948.0
8.0,2.0,17.0,185.0,444.0,679.0,4,687.0
8.0,2.0,185.0,223.0,481.0,679.0,4,889.0
8.0,2.0,120.0,255.0,493.0,679.0,4,948.0
8.0,2.0,120.0,255.0,493.0,679.0,4,948.0
8.0,2.0,17.0,98.0,120.0,444.0,4,948.0
8.0,2.0,98.0,185.0,255.0,493.0,4,687.0
8.0,2.0,98.0,120.0,185.0,255.0,4,493.0
8.0,2.0,98.0,120.0,255.0,493.0,4,948.0
8.0,2.0,17.0,98.0,444.0,687.0,4,948.0
8.0,2.0,17.0,98.0,444.0,687.0,4,948.0
8.0,2.0,17.0,120.0,185.0,444.0,4,493.0
8.0,2.0,17.0,120.0,185.0,444.0,4,493.0
8.0,2.0,120.0,255.0,444.0,493.0,4,948.0
8.0,16.0,153.0,296.0,359.0,382.0,4,646.0
8.0,16.0,153.0,296.0,382.0,646.0,4,674.0
8.0,16.0,153.0,382.0,646.0,674.0,4,988.0
8.0,16.0,382.0,646.0,674.0,988.0,4,996.0
8.0,16.0,296.0,359.0,702.0,988.0,4,996.0
8.0,16.0,296.0,359.0,702.0,988.0,4,996.0
8.0,16.0,296.0,359.0,702.0,988.0,4,996.0
8.0,16.0,153.0,296.0,359.0,382.0,4,646.0
8.0,16.0,382.0,674.0,702.0,988.0,4,996.0
8.0,16.0,296.0,382.0,674.0,988.0,4,996.0
8.0,26.0,381.0,391.0,402.0,453.0,4,468.0
8.0,26.0,384.0,391.0,402.0,837.0,4,951.0
8.0,26.0,358.0,384.0,393.0,837.0,4,951.0
8.0,26.0,358.0,384.0,393.0,837.0,4,951.0
8.0,26.0,358.0,384.0,391.0,748.0,4,951.0
8.0,26.0,393.0,453.0,468.0,748.0,4,837.0
8.0,26.0,381.0,393.0,453.0,837.0,4,951.0
8.0,26.0,381.0,384.0,393.0,837.0,4,951.0
8.0,26.0,381.0,384.0,393.0,748.0,4,837.0
8.0,26.0,384.0,391.0,468.0,748.0,4,837.0
8.0,26.0,384.0,391.0,393.0,468.0,4,748.0
8.0,18.0,51.0,362.0,546.0,580.0,4,1035.0
8.0,18.0,51.0,150.0,362.0,546.0,4,1035.0
8.0,18.0,10.0,51.0,150.0,546.0,4,632.0
8.0,18.0,10.0,150.0,546.0,580.0,4,1035.0
8.0,18.0,150.0,362.0,546.0,580.0,4,632.0
8.0,18.0,51.0,150.0,362.0,546.0,4,632.0
8.0,18.0,10.0,51.0,150.0,362.0,4,1035.0
8.0,2.0,120.0,255.0,493.0,679.0,4,948.0
8.0,2.0,17.0,98.0,120.0,444.0,4,948.0
8.0,2.0,17.0,444.0,493.0,687.0,4,948.0
8.0,2.0,17.0,98.0,120.0,444.0,4,948.0
8.0,2.0,17.0,98.0,185.0,444.0,4,687.0
8.0,2.0,98.0,444.0,493.0,687.0,4,948.0
8.0,2.0,98.0,444.0,493.0,687.0,4,948.0
8.0,12.0,125.0,237.0,350.0,856.0,4,909.0
8.0,12.0,125.0,237.0,350.0,856.0,4,909.0
8.0,12.0,125.0,237.0,350.0,856.0,4,909.0
8.0,12.0,125.0,237.0,350.0,856.0,4,909.0
8.0,12.0,125.0,237.0,350.0,856.0,4,909.0
8.0,12.0,125.0,126.0,237.0,386.0,4,909.0
8.0,12.0,125.0,350.0,386.0,638.0,4,909.0
8.0,12.0,125.0,126.0,237.0,350.0,4,856.0
8.0,5.0,14.0,352.0,568.0,686.0,4,706.0
8.0,5.0,89.0,452.0,611.0,706.0,4,730.0
8.0,5.0,89.0,452.0,611.0,706.0,4,730.0
8.0,5.0,14.0,568.0,686.0,706.0,4,730.0
8.0,5.0,14.0,352.0,568.0,706.0,4,730.0
8.0,5.0,14.0,352.0,568.0,706.0,4,730.0
8.0,2.0,120.0,255.0,493.0,679.0,4,948.0
8.0,2.0,120.0,255.0,493.0,679.0,4,948.0
8.0,2.0,120.0,255.0,493.0,679.0,4,948.0
8.0,2.0,17.0,120.0,255.0,679.0,4,948.0
8.0,2.0,17.0,120.0,255.0,679.0,4,948.0
8.0,2.0,120.0,255.0,493.0,679.0,4,948.0
8.0,2.0,17.0,255.0,493.0,687.0,4,948.0
8.0,2.0,17.0,444.0,493.0,687.0,4,948.0
8.0,2.0,17.0,120.0,444.0,493.0,4,687.0
8.0,2.0,17.0,120.0,444.0,493.0,4,687.0
8.0,2.0,17.0,120.0,444.0,493.0,4,948.0
8.0,2.0,17.0,120.0,444.0,679.0,4,948.0
8.0,23.0,175.0,454.0,799.0,833.0,4,896.0
8.0,23.0,44.0,612.0,614.0,799.0,4,833.0
8.0,23.0,175.0,454.0,799.0,833.0,4,896.0
8.0,23.0,175.0,454.0,614.0,799.0,4,833.0
8.0,23.0,175.0,454.0,614.0,799.0,4,833.0
8.0,23.0,175.0,454.0,614.0,799.0,4,833.0
8.0,23.0,175.0,454.0,614.0,799.0,4,833.0
8.0,23.0,175.0,454.0,614.0,799.0,4,833.0
8.0,17.0,328.0,354.0,587.0,703.0,4,1037.0
8.0,17.0,328.0,439.0,587.0,703.0,4,1037.0
8.0,17.0,328.0,354.0,587.0,703.0,4,1037.0
8.0,17.0,328.0,354.0,587.0,703.0,4,1037.0
8.0,17.0,328.0,354.0,587.0,703.0,4,1037.0
8.0,17.0,328.0,354.0,587.0,703.0,4,1037.0
8.0,17.0,354.0,439.0,484.0,502.0,4,764.0
8.0,17.0,354.0,439.0,484.0,502.0,4,764.0
8.0,17.0,439.0,587.0,726.0,764.0,4,985.0
8.0,2.0,98.0,120.0,255.0,493.0,4,948.0
8.0,2.0,98.0,120.0,444.0,493.0,4,948.0
8.0,2.0,98.0,185.0,444.0,493.0,4,687.0
8.0,2.0,98.0,185.0,255.0,444.0,4,687.0
8.0,2.0,98.0,120.0,255.0,493.0,4,948.0
8.0,2.0,98.0,120.0,444.0,493.0,4,948.0
8.0,2.0,98.0,120.0,444.0,493.0,4,687.0
8.0,2.0,120.0,255.0,444.0,493.0,4,687.0
8.0,2.0,255.0,444.0,493.0,687.0,4,948.0
8.0,2.0,98.0,255.0,493.0,687.0,4,948.0
8.0,2.0,98.0,255.0,493.0,687.0,4,948.0
8.0,5.0,14.0,179.0,352.0,568.0,4,611.0
8.0,5.0,14.0,179.0,348.0,352.0,4,568.0
8.0,5.0,14.0,568.0,611.0,686.0,4,706.0
8.0,5.0,14.0,179.0,568.0,611.0,4,706.0
8.0,5.0,179.0,348.0,452.0,568.0,4,611.0
8.0,5.0,117.0,179.0,348.0,452.0,4,611.0
8.0,5.0,14.0,117.0,179.0,348.0,4,706.0
8.0,5.0,14.0,568.0,611.0,686.0,4,706.0
8.0,5.0,14.0,348.0,568.0,611.0,4,686.0
8.0,17.0,109.0,354.0,406.0,502.0,4,764.0
8.0,17.0,354.0,406.0,502.0,569.0,4,764.0
8.0,17.0,328.0,354.0,484.0,502.0,4,764.0
8.0,17.0,109.0,354.0,406.0,587.0,4,619.0
8.0,17.0,109.0,406.0,439.0,587.0,4,619.0
8.0,17.0,109.0,406.0,439.0,587.0,4,619.0
8.0,17.0,354.0,484.0,502.0,741.0,4,764.0
8.0,17.0,109.0,406.0,587.0,619.0,4,764.0
8.0,17.0,109.0,406.0,587.0,619.0,4,764.0
8.0,17.0,109.0,406.0,587.0,619.0,4,764.0
8.0,12.0,125.0,280.0,638.0,856.0,4,909.0
8.0,12.0,156.0,386.0,620.0,845.0,4,909.0
8.0,12.0,156.0,207.0,620.0,845.0,4,856.0
8.0,12.0,156.0,207.0,620.0,845.0,4,856.0
8.0,12.0,125.0,156.0,207.0,620.0,4,845.0
8.0,12.0,156.0,620.0,845.0,856.0,4,909.0
8.0,25.0,2.0,332.0,642.0,759.0,4,958.0
8.0,25.0,2.0,642.0,759.0,1003.0,4,1024.0
8.0,25.0,2.0,146.0,642.0,1003.0,4,1024.0
8.0,25.0,2.0,146.0,332.0,642.0,4,1024.0
8.0,25.0,146.0,311.0,332.0,759.0,4,958.0
8.0,25.0,146.0,332.0,759.0,958.0,4,1003.0
8.0,25.0,146.0,332.0,759.0,958.0,4,1003.0
8.0,25.0,146.0,332.0,759.0,958.0,4,1003.0
8.0,25.0,2.0,332.0,642.0,759.0,4,958.0
8.0,25.0,2.0,311.0,332.0,642.0,4,759.0
8.0,25.0,332.0,759.0,958.0,1003.0,4,1024.0
8.0,25.0,332.0,759.0,958.0,1003.0,4,1024.0
8.0,25.0,2.0,50.0,269.0,311.0,4,1024.0
8.0,16.0,153.0,155.0,424.0,646.0,4,763.0
8.0,16.0,153.0,155.0,424.0,646.0,4,763.0
8.0,16.0,153.0,155.0,424.0,674.0,4,893.0
8.0,16.0,155.0,424.0,674.0,893.0,4,996.0
8.0,16.0,646.0,674.0,893.0,903.0,4,996.0
8.0,16.0,424.0,646.0,893.0,903.0,4,996.0
8.0,16.0,153.0,155.0,424.0,646.0,4,893.0
8.0,16.0,155.0,646.0,674.0,893.0,4,903.0
8.0,16.0,155.0,646.0,674.0,763.0,4,903.0
8.0,17.0,109.0,354.0,406.0,587.0,4,1037.0
8.0,17.0,109.0,406.0,439.0,587.0,4,1037.0
8.0,17.0,109.0,328.0,439.0,502.0,4,764.0
8.0,17.0,109.0,328.0,439.0,502.0,4,764.0
8.0,17.0,406.0,484.0,587.0,764.0,4,1037.0
8.0,17.0,109.0,406.0,484.0,587.0,4,1037.0
8.0,17.0,109.0,406.0,484.0,587.0,4,1037.0
8.0,17.0,109.0,354.0,406.0,587.0,4,1037.0
8.0,17.0,109.0,354.0,406.0,587.0,4,1037.0
8.0,17.0,328.0,439.0,484.0,764.0,4,1037.0
8.0,18.0,51.0,56.0,150.0,362.0,4,1035.0
8.0,18.0,56.0,150.0,181.0,836.0,4,892.0
8.0,18.0,51.0,181.0,362.0,948.0,4,1035.0
8.0,18.0,51.0,181.0,362.0,948.0,4,1035.0
8.0,17.0,439.0,569.0,587.0,741.0,4,1037.0
8.0,17.0,109.0,406.0,439.0,484.0,4,587.0
8.0,17.0,109.0,354.0,406.0,484.0,4,587.0
8.0,17.0,354.0,406.0,484.0,764.0,4,1037.0
8.0,17.0,354.0,406.0,484.0,764.0,4,1037.0
8.0,17.0,354.0,406.0,484.0,569.0,4,619.0
8.0,17.0,439.0,484.0,569.0,587.0,4,619.0
8.0,17.0,439.0,484.0,569.0,587.0,4,619.0
8.0,17.0,109.0,439.0,569.0,587.0,4,1037.0
8.0,17.0,109.0,354.0,406.0,587.0,4,1037.0
8.0,17.0,109.0,354.0,406.0,587.0,4,1037.0
8.0,17.0,109.0,354.0,507.0,619.0,4,764.0
8.0,17.0,109.0,328.0,354.0,764.0,4,1037.0
8.0,17.0,439.0,484.0,569.0,587.0,4,1037.0
8.0,17.0,439.0,484.0,569.0,587.0,4,619.0
8.0,17.0,439.0,484.0,569.0,587.0,4,619.0
8.0,17.0,109.0,328.0,354.0,619.0,4,764.0
8.0,17.0,109.0,354.0,439.0,619.0,4,764.0
8.0,17.0,109.0,354.0,439.0,587.0,4,1037.0
8.0,17.0,354.0,439.0,484.0,569.0,4,1037.0
8.0,17.0,109.0,354.0,439.0,484.0,4,619.0
8.0,5.0,89.0,348.0,568.0,686.0,4,776.0
8.0,5.0,14.0,352.0,568.0,686.0,4,706.0
8.0,5.0,14.0,179.0,352.0,568.0,4,706.0
8.0,5.0,14.0,348.0,568.0,686.0,4,706.0
8.0,5.0,179.0,348.0,568.0,686.0,4,776.0
8.0,5.0,117.0,179.0,352.0,568.0,4,686.0
8.0,17.0,109.0,354.0,439.0,587.0,4,1037.0
8.0,17.0,439.0,484.0,502.0,569.0,4,764.0
8.0,17.0,109.0,354.0,484.0,587.0,4,1037.0
8.0,17.0,109.0,354.0,507.0,587.0,4,1037.0
8.0,17.0,354.0,439.0,484.0,502.0,4,764.0
8.0,17.0,109.0,354.0,587.0,764.0,4,1037.0
8.0,23.0,180.0,400.0,524.0,799.0,4,955.0
8.0,23.0,400.0,454.0,524.0,799.0,4,955.0
8.0,23.0,454.0,778.0,896.0,955.0,4,972.0
8.0,23.0,180.0,400.0,799.0,896.0,4,955.0
8.0,23.0,180.0,400.0,524.0,799.0,4,955.0
8.0,23.0,400.0,454.0,524.0,799.0,4,955.0
8.0,23.0,175.0,180.0,400.0,454.0,4,524.0
8.0,23.0,175.0,400.0,799.0,955.0,4,972.0
8.0,23.0,175.0,799.0,896.0,955.0,4,972.0
8.0,26.0,381.0,402.0,703.0,748.0,4,837.0
8.0,26.0,381.0,402.0,703.0,748.0,4,837.0
8.0,26.0,341.0,402.0,468.0,554.0,4,965.0
8.0,26.0,341.0,402.0,468.0,652.0,4,837.0
8.0,26.0,341.0,402.0,468.0,554.0,4,652.0
8.0,17.0,439.0,484.0,502.0,569.0,4,764.0
8.0,17.0,439.0,484.0,569.0,764.0,4,1037.0
8.0,17.0,109.0,354.0,569.0,587.0,4,1037.0
8.0,17.0,439.0,484.0,587.0,764.0,4,1037.0
8.0,17.0,439.0,484.0,502.0,587.0,4,764.0
8.0,17.0,109.0,354.0,439.0,502.0,4,764.0
8.0,17.0,109.0,354.0,507.0,587.0,4,1037.0
8.0,17.0,109.0,328.0,354.0,587.0,4,1037.0
8.0,17.0,109.0,328.0,587.0,764.0,4,1037.0
8.0,17.0,109.0,354.0,484.0,587.0,4,1037.0
8.0,17.0,109.0,354.0,484.0,587.0,4,1037.0
8.0,17.0,109.0,354.0,484.0,575.0,4,587.0
8.0,17.0,109.0,354.0,439.0,587.0,4,1037.0
8.0,17.0,109.0,354.0,439.0,587.0,4,1037.0
8.0,17.0,109.0,354.0,439.0,502.0,4,587.0
8.0,17.0,354.0,484.0,502.0,507.0,4,587.0
8.0,17.0,484.0,507.0,587.0,764.0,4,1037.0
8.0,17.0,439.0,484.0,507.0,764.0,4,1037.0
8.0,17.0,439.0,484.0,507.0,764.0,4,1037.0
8.0,17.0,109.0,354.0,507.0,575.0,4,587.0
8.0,17.0,109.0,328.0,354.0,587.0,4,1037.0
8.0,17.0,109.0,328.0,354.0,587.0,4,1037.0
8.0,17.0,439.0,484.0,502.0,507.0,4,764.0
8.0,17.0,439.0,484.0,502.0,507.0,4,764.0
8.0,17.0,439.0,484.0,502.0,507.0,4,764.0
8.0,17.0,439.0,484.0,502.0,507.0,4,764.0
8.0,17.0,109.0,354.0,439.0,587.0,4,1037.0
8.0,16.0,155.0,216.0,674.0,893.0,4,996.0
8.0,16.0,216.0,674.0,893.0,903.0,4,996.0
8.0,16.0,296.0,379.0,424.0,674.0,4,903.0
8.0,16.0,155.0,216.0,296.0,379.0,4,763.0
8.0,16.0,155.0,216.0,296.0,379.0,4,674.0
8.0,16.0,155.0,216.0,379.0,674.0,4,763.0
8.0,16.0,155.0,216.0,379.0,424.0,4,674.0
8.0,25.0,81.0,332.0,603.0,958.0,4,1024.0
8.0,25.0,2.0,311.0,603.0,958.0,4,1003.0
8.0,25.0,311.0,332.0,603.0,759.0,4,1003.0
8.0,25.0,311.0,332.0,603.0,759.0,4,1024.0
8.0,25.0,269.0,311.0,332.0,603.0,4,1024.0
8.0,25.0,269.0,332.0,603.0,642.0,4,1024.0
8.0,17.0,328.0,354.0,587.0,703.0,4,1037.0
8.0,17.0,328.0,354.0,484.0,587.0,4,1037.0
8.0,17.0,354.0,439.0,484.0,502.0,4,985.0
8.0,17.0,439.0,484.0,502.0,587.0,4,985.0
8.0,17.0,439.0,484.0,502.0,587.0,4,985.0
8.0,17.0,328.0,439.0,484.0,703.0,4,1037.0
8.0,17.0,328.0,354.0,484.0,703.0,4,1037.0
8.0,17.0,328.0,354.0,484.0,502.0,4,587.0
8.0,17.0,354.0,439.0,484.0,502.0,4,985.0
8.0,17.0,354.0,439.0,502.0,587.0,4,985.0
8.0,33.0,219.0,258.0,361.0,492.0,4,861.0
8.0,33.0,258.0,313.0,361.0,861.0,4,976.0
8.0,33.0,313.0,844.0,861.0,975.0,4,976.0
8.0,33.0,258.0,313.0,844.0,975.0,4,976.0
8.0,33.0,313.0,844.0,861.0,975.0,4,976.0
8.0,33.0,219.0,258.0,313.0,844.0,4,975.0
8.0,33.0,258.0,361.0,492.0,975.0,4,976.0
8.0,33.0,313.0,361.0,861.0,975.0,4,976.0
8.0,33.0,258.0,313.0,844.0,975.0,4,976.0
8.0,33.0,313.0,844.0,861.0,975.0,4,976.0
8.0,33.0,313.0,361.0,861.0,975.0,4,976.0
8.0,33.0,258.0,361.0,844.0,861.0,4,976.0
8.0,17.0,328.0,354.0,703.0,726.0,4,764.0
8.0,17.0,160.0,439.0,587.0,703.0,4,1037.0
8.0,17.0,328.0,354.0,502.0,587.0,4,703.0
8.0,17.0,160.0,354.0,439.0,502.0,4,703.0
8.0,17.0,160.0,439.0,502.0,587.0,4,985.0
8.0,17.0,160.0,439.0,502.0,587.0,4,985.0
8.0,17.0,354.0,439.0,587.0,703.0,4,1037.0
8.0,12.0,350.0,386.0,638.0,845.0,4,909.0
8.0,12.0,207.0,350.0,386.0,638.0,4,845.0
8.0,12.0,126.0,207.0,620.0,638.0,4,845.0
8.0,12.0,126.0,207.0,620.0,638.0,4,845.0
8.0,12.0,125.0,237.0,350.0,386.0,4,909.0
8.0,12.0,125.0,237.0,350.0,386.0,4,909.0
8.0,12.0,125.0,126.0,237.0,386.0,4,845.0
8.0,12.0,125.0,126.0,386.0,638.0,4,845.0
8.0,12.0,237.0,350.0,386.0,845.0,4,909.0
8.0,17.0,328.0,484.0,587.0,703.0,4,1037.0
8.0,17.0,328.0,484.0,587.0,703.0,4,1037.0
8.0,17.0,354.0,484.0,502.0,703.0,4,726.0
8.0,17.0,354.0,484.0,703.0,726.0,4,1037.0
8.0,17.0,354.0,587.0,703.0,726.0,4,1037.0
8.0,17.0,354.0,484.0,587.0,703.0,4,726.0
8.0,17.0,328.0,354.0,484.0,587.0,4,1037.0
8.0,17.0,328.0,354.0,484.0,587.0,4,1037.0
8.0,17.0,328.0,354.0,484.0,587.0,4,1037.0
8.0,17.0,328.0,354.0,587.0,703.0,4,1037.0
8.0,17.0,328.0,354.0,587.0,703.0,4,1037.0
8.0,17.0,328.0,354.0,587.0,703.0,4,1037.0
8.0,17.0,328.0,354.0,587.0,703.0,4,1037.0
8.0,17.0,439.0,484.0,502.0,587.0,4,764.0
8.0,17.0,354.0,439.0,502.0,703.0,4,985.0
8.0,17.0,328.0,354.0,502.0,703.0,4,985.0
8.0,17.0,328.0,354.0,587.0,703.0,4,1037.0
8.0,17.0,328.0,354.0,587.0,703.0,4,1037.0
8.0,17.0,328.0,354.0,587.0,703.0,4,1037.0
8.0,17.0,354.0,439.0,484.0,502.0,4,587.0
8.0,17.0,328.0,354.0,484.0,764.0,4,1037.0
8.0,17.0,328.0,354.0,484.0,587.0,4,1037.0
8.0,17.0,328.0,354.0,587.0,703.0,4,1037.0
8.0,17.0,328.0,587.0,703.0,764.0,4,1037.0
8.0,17.0,328.0,587.0,703.0,764.0,4,1037.0
8.0,17.0,439.0,502.0,587.0,703.0,4,764.0
8.0,17.0,328.0,354.0,587.0,703.0,4,1037.0
8.0,17.0,328.0,587.0,703.0,764.0,4,1037.0
8.0,17.0,439.0,502.0,587.0,703.0,4,764.0
8.0,23.0,180.0,612.0,614.0,799.0,4,955.0
8.0,23.0,454.0,612.0,614.0,633.0,4,896.0
8.0,23.0,612.0,633.0,799.0,833.0,4,896.0
8.0,23.0,633.0,799.0,833.0,896.0,4,955.0
8.0,23.0,454.0,612.0,614.0,896.0,4,955.0
8.0,23.0,454.0,612.0,614.0,633.0,4,896.0
8.0,23.0,612.0,614.0,633.0,799.0,4,955.0
8.0,23.0,454.0,612.0,614.0,633.0,4,896.0
8.0,23.0,454.0,612.0,614.0,633.0,4,896.0
8.0,23.0,180.0,614.0,633.0,799.0,4,833.0
8.0,26.0,341.0,384.0,393.0,468.0,4,837.0
8.0,26.0,341.0,384.0,393.0,837.0,4,951.0
8.0,26.0,358.0,381.0,402.0,837.0,4,951.0
8.0,26.0,358.0,381.0,402.0,837.0,4,951.0
8.0,26.0,358.0,381.0,384.0,402.0,4,951.0
8.0,26.0,341.0,358.0,384.0,393.0,4,468.0
8.0,26.0,341.0,384.0,393.0,468.0,4,837.0
8.0,26.0,358.0,381.0,384.0,402.0,4,951.0
8.0,26.0,381.0,393.0,402.0,468.0,4,837.0
8.0,25.0,311.0,332.0,696.0,759.0,4,958.0
8.0,25.0,332.0,642.0,696.0,759.0,4,958.0
8.0,25.0,311.0,332.0,759.0,958.0,4,1024.0
8.0,25.0,311.0,332.0,759.0,958.0,4,1024.0
8.0,25.0,146.0,311.0,332.0,759.0,4,958.0
8.0,25.0,2.0,81.0,146.0,311.0,4,696.0
8.0,25.0,2.0,332.0,642.0,759.0,4,958.0
8.0,25.0,2.0,311.0,332.0,759.0,4,958.0
8.0,16.0,155.0,296.0,646.0,763.0,4,903.0
8.0,16.0,296.0,646.0,763.0,903.0,4,996.0
8.0,16.0,155.0,531.0,646.0,674.0,4,763.0
8.0,16.0,155.0,296.0,646.0,763.0,4,903.0
8.0,16.0,296.0,646.0,763.0,903.0,4,996.0
8.0,16.0,646.0,674.0,763.0,903.0,4,996.0
8.0,16.0,155.0,424.0,674.0,893.0,4,996.0
8.0,16.0,296.0,646.0,763.0,903.0,4,996.0
8.0,16.0,155.0,296.0,646.0,763.0,4,903.0
8.0,18.0,51.0,362.0,580.0,730.0,4,892.0
8.0,18.0,51.0,362.0,580.0,730.0,4,892.0
8.0,18.0,56.0,181.0,362.0,580.0,4,1035.0
8.0,18.0,51.0,181.0,836.0,892.0,4,1035.0
8.0,18.0,51.0,181.0,836.0,892.0,4,1035.0
8.0,18.0,51.0,362.0,580.0,730.0,4,836.0
8.0,18.0,51.0,150.0,181.0,730.0,4,836.0
8.0,18.0,51.0,362.0,580.0,730.0,4,892.0
8.0,18.0,181.0,362.0,580.0,730.0,4,892.0
8.0,18.0,56.0,181.0,580.0,892.0,4,1035.0
8.0,18.0,181.0,362.0,580.0,730.0,4,892.0
8.0,18.0,181.0,362.0,580.0,730.0,4,892.0
8.0,18.0,51.0,181.0,362.0,730.0,4,948.0
8.0,18.0,51.0,56.0,836.0,892.0,4,1035.0
8.0,18.0,150.0,181.0,362.0,948.0,4,1035.0
8.0,18.0,150.0,181.0,362.0,730.0,4,948.0
8.0,18.0,150.0,181.0,362.0,730.0,4,948.0
8.0,18.0,51.0,181.0,362.0,730.0,4,948.0
8.0,18.0,51.0,181.0,362.0,730.0,4,948.0
8.0,18.0,51.0,181.0,362.0,730.0,4,948.0
8.0,18.0,181.0,362.0,730.0,836.0,4,892.0
8.0,18.0,181.0,362.0,836.0,892.0,4,1035.0
8.0,18.0,362.0,730.0,892.0,948.0,4,1035.0
8.0,18.0,51.0,181.0,362.0,730.0,4,948.0
8.0,18.0,150.0,362.0,730.0,892.0,4,948.0
8.0,18.0,56.0,150.0,362.0,730.0,4,892.0
8.0,18.0,51.0,362.0,892.0,948.0,4,1035.0
8.0,18.0,51.0,362.0,892.0,948.0,4,1035.0
8.0,18.0,56.0,150.0,362.0,730.0,4,892.0
8.0,33.0,258.0,318.0,361.0,844.0,4,976.0
8.0,33.0,219.0,361.0,782.0,861.0,4,975.0
8.0,33.0,219.0,258.0,318.0,492.0,4,976.0
8.0,33.0,219.0,258.0,318.0,492.0,4,976.0
8.0,33.0,258.0,318.0,361.0,492.0,4,976.0
8.0,33.0,318.0,361.0,492.0,861.0,4,976.0
8.0,33.0,318.0,361.0,782.0,975.0,4,976.0
8.0,33.0,361.0,492.0,861.0,975.0,4,976.0
8.0,33.0,258.0,492.0,782.0,975.0,4,976.0
8.0,33.0,258.0,361.0,782.0,975.0,4,976.0
8.0,33.0,258.0,361.0,844.0,975.0,4,976.0
8.0,33.0,258.0,318.0,361.0,844.0,4,976.0
8.0,18.0,51.0,362.0,892.0,948.0,4,1035.0
8.0,18.0,51.0,362.0,730.0,948.0,4,981.0
8.0,18.0,51.0,56.0,460.0,730.0,4,1035.0
8.0,18.0,51.0,56.0,460.0,730.0,4,1035.0
8.0,18.0,460.0,730.0,836.0,892.0,4,981.0
8.0,18.0,51.0,362.0,730.0,836.0,4,948.0
8.0,18.0,51.0,56.0,362.0,836.0,4,1035.0
8.0,18.0,51.0,56.0,362.0,730.0,4,836.0
8.0,18.0,56.0,358.0,460.0,836.0,4,981.0
8.0,12.0,207.0,280.0,620.0,638.0,4,845.0
8.0,12.0,207.0,280.0,620.0,638.0,4,845.0
8.0,12.0,207.0,280.0,620.0,638.0,4,845.0
8.0,12.0,207.0,280.0,620.0,638.0,4,845.0
8.0,12.0,125.0,126.0,237.0,856.0,4,909.0
8.0,12.0,207.0,280.0,620.0,638.0,4,845.0
8.0,12.0,280.0,386.0,638.0,845.0,4,909.0
8.0,5.0,89.0,117.0,179.0,352.0,4,706.0
8.0,5.0,14.0,348.0,611.0,686.0,4,776.0
8.0,5.0,14.0,348.0,611.0,686.0,4,776.0
8.0,5.0,14.0,348.0,611.0,686.0,4,776.0
8.0,5.0,14.0,348.0,611.0,686.0,4,776.0
8.0,5.0,89.0,179.0,348.0,352.0,4,706.0
8.0,5.0,89.0,117.0,179.0,352.0,4,706.0
8.0,5.0,89.0,117.0,611.0,686.0,4,706.0
8.0,5.0,14.0,117.0,611.0,686.0,4,776.0
8.0,5.0,14.0,348.0,611.0,686.0,4,776.0
8.0,26.0,381.0,384.0,554.0,635.0,4,703.0
8.0,26.0,402.0,635.0,703.0,748.0,4,837.0
8.0,26.0,381.0,384.0,468.0,554.0,4,615.0
8.0,26.0,381.0,384.0,468.0,615.0,4,837.0
8.0,18.0,51.0,580.0,758.0,834.0,4,948.0
8.0,18.0,51.0,362.0,580.0,730.0,4,948.0
8.0,18.0,56.0,758.0,834.0,948.0,4,1035.0
8.0,18.0,51.0,580.0,758.0,834.0,4,948.0
8.0,18.0,51.0,56.0,362.0,580.0,4,730.0
8.0,18.0,51.0,362.0,580.0,730.0,4,948.0
8.0,18.0,51.0,362.0,580.0,730.0,4,948.0
8.0,18.0,51.0,362.0,580.0,834.0,4,948.0
8.0,23.0,25.0,44.0,612.0,614.0,4,633.0
8.0,23.0,25.0,44.0,454.0,896.0,4,972.0
8.0,23.0,180.0,454.0,614.0,896.0,4,972.0
8.0,23.0,25.0,44.0,612.0,614.0,4,633.0
8.0,23.0,25.0,44.0,612.0,614.0,4,633.0
8.0,23.0,25.0,44.0,614.0,799.0,4,972.0
8.0,23.0,25.0,44.0,612.0,614.0,4,633.0
8.0,23.0,25.0,612.0,614.0,633.0,4,799.0
8.0,23.0,25.0,180.0,612.0,614.0,4,799.0
8.0,23.0,180.0,454.0,614.0,799.0,4,896.0
8.0,23.0,25.0,180.0,454.0,896.0,4,972.0
8.0,23.0,25.0,44.0,614.0,799.0,4,896.0
8.0,18.0,10.0,51.0,362.0,580.0,4,1035.0
8.0,18.0,10.0,150.0,348.0,580.0,4,632.0
8.0,18.0,51.0,150.0,362.0,580.0,4,1035.0
8.0,18.0,10.0,51.0,348.0,362.0,4,1035.0
8.0,18.0,10.0,51.0,362.0,580.0,4,1035.0
8.0,33.0,219.0,258.0,492.0,844.0,4,861.0
8.0,33.0,258.0,492.0,844.0,861.0,4,976.0
8.0,33.0,123.0,258.0,313.0,844.0,4,975.0
8.0,33.0,123.0,219.0,258.0,470.0,4,844.0
8.0,33.0,219.0,492.0,861.0,975.0,4,976.0
8.0,33.0,258.0,492.0,844.0,861.0,4,976.0
8.0,33.0,219.0,258.0,492.0,861.0,4,976.0
8.0,33.0,219.0,313.0,861.0,975.0,4,976.0
8.0,33.0,123.0,219.0,492.0,861.0,4,975.0
8.0,18.0,10.0,150.0,632.0,836.0,4,1035.0
8.0,18.0,10.0,150.0,632.0,836.0,4,1035.0
8.0,18.0,10.0,51.0,632.0,836.0,4,1035.0
8.0,18.0,10.0,51.0,632.0,836.0,4,1035.0
8.0,18.0,10.0,51.0,150.0,546.0,4,1035.0
8.0,18.0,51.0,150.0,546.0,836.0,4,1035.0
8.0,18.0,10.0,51.0,56.0,150.0,4,1035.0
8.0,18.0,10.0,56.0,150.0,836.0,4,1035.0
8.0,18.0,10.0,51.0,150.0,546.0,4,1035.0
8.0,18.0,51.0,150.0,546.0,836.0,4,1035.0
8.0,18.0,150.0,546.0,580.0,836.0,4,1035.0
8.0,12.0,125.0,156.0,280.0,638.0,4,856.0
8.0,12.0,125.0,156.0,620.0,845.0,4,856.0
8.0,12.0,156.0,207.0,386.0,620.0,4,845.0
8.0,12.0,125.0,280.0,638.0,856.0,4,909.0
8.0,12.0,125.0,280.0,638.0,856.0,4,909.0
8.0,12.0,125.0,280.0,620.0,856.0,4,909.0
8.0,12.0,125.0,280.0,620.0,856.0,4,909.0
8.0,12.0,125.0,156.0,280.0,620.0,4,856.0
8.0,12.0,125.0,156.0,280.0,386.0,4,620.0
8.0,12.0,125.0,156.0,280.0,638.0,4,856.0
8.0,12.0,125.0,280.0,845.0,856.0,4,909.0
8.0,12.0,207.0,280.0,620.0,856.0,4,909.0
8.0,12.0,0.0,156.0,207.0,620.0,4,638.0
8.0,12.0,0.0,156.0,207.0,620.0,4,638.0
8.0,12.0,0.0,156.0,207.0,620.0,4,638.0
8.0,12.0,0.0,156.0,638.0,856.0,4,909.0
8.0,12.0,156.0,280.0,638.0,856.0,4,909.0
8.0,12.0,156.0,280.0,638.0,856.0,4,909.0
8.0,12.0,0.0,207.0,620.0,856.0,4,909.0
8.0,12.0,0.0,207.0,386.0,620.0,4,909.0
8.0,12.0,0.0,156.0,207.0,386.0,4,620.0
8.0,12.0,0.0,207.0,280.0,386.0,4,620.0
8.0,12.0,0.0,207.0,386.0,620.0,4,909.0
8.0,12.0,207.0,280.0,620.0,856.0,4,909.0
8.0,12.0,0.0,207.0,620.0,856.0,4,909.0
8.0,16.0,155.0,296.0,646.0,763.0,4,903.0
8.0,16.0,153.0,296.0,646.0,763.0,4,903.0
8.0,16.0,153.0,531.0,646.0,674.0,4,763.0
8.0,16.0,153.0,424.0,531.0,674.0,4,893.0
8.0,16.0,155.0,296.0,646.0,763.0,4,903.0
8.0,16.0,296.0,531.0,646.0,763.0,4,996.0
8.0,16.0,153.0,155.0,646.0,674.0,4,763.0
8.0,16.0,155.0,296.0,531.0,674.0,4,893.0
8.0,16.0,155.0,531.0,646.0,674.0,4,893.0
8.0,12.0,156.0,280.0,638.0,856.0,4,909.0
8.0,12.0,0.0,207.0,386.0,620.0,4,845.0
8.0,12.0,0.0,207.0,620.0,856.0,4,909.0
8.0,12.0,207.0,280.0,638.0,856.0,4,909.0
8.0,12.0,156.0,280.0,638.0,856.0,4,909.0
8.0,12.0,156.0,280.0,386.0,638.0,4,845.0
8.0,12.0,156.0,280.0,386.0,638.0,4,845.0
8.0,12.0,0.0,386.0,620.0,845.0,4,909.0
8.0,12.0,280.0,638.0,845.0,856.0,4,909.0
8.0,12.0,237.0,280.0,386.0,845.0,4,909.0
8.0,12.0,280.0,386.0,638.0,845.0,4,909.0
8.0,12.0,280.0,620.0,638.0,845.0,4,909.0
8.0,12.0,125.0,280.0,620.0,638.0,4,845.0
8.0,12.0,125.0,126.0,156.0,237.0,4,638.0
8.0,12.0,125.0,126.0,156.0,237.0,4,620.0
8.0,12.0,125.0,126.0,156.0,237.0,4,620.0
8.0,12.0,156.0,280.0,638.0,845.0,4,909.0
8.0,12.0,237.0,280.0,386.0,845.0,4,909.0
8.0,12.0,237.0,280.0,386.0,845.0,4,909.0
8.0,12.0,237.0,280.0,386.0,845.0,4,909.0
8.0,12.0,125.0,280.0,386.0,638.0,4,909.0
8.0,12.0,125.0,126.0,620.0,638.0,4,909.0
8.0,12.0,125.0,126.0,156.0,620.0,4,638.0
8.0,12.0,237.0,280.0,620.0,845.0,4,909.0
8.0,12.0,125.0,237.0,350.0,845.0,4,856.0
8.0,12.0,125.0,126.0,237.0,350.0,4,620.0
8.0,12.0,125.0,126.0,156.0,620.0,4,638.0
8.0,12.0,237.0,350.0,845.0,856.0,4,909.0
8.0,12.0,237.0,350.0,845.0,856.0,4,909.0
8.0,12.0,125.0,237.0,350.0,856.0,4,909.0
8.0,12.0,125.0,237.0,350.0,856.0,4,909.0
8.0,12.0,125.0,126.0,156.0,237.0,4,620.0
8.0,12.0,125.0,126.0,156.0,237.0,4,620.0
8.0,12.0,125.0,126.0,156.0,620.0,4,638.0
8.0,33.0,313.0,361.0,385.0,470.0,4,925.0
8.0,33.0,219.0,258.0,313.0,361.0,4,975.0
8.0,33.0,219.0,258.0,361.0,492.0,4,861.0
8.0,33.0,258.0,361.0,385.0,492.0,4,861.0
8.0,33.0,219.0,258.0,361.0,492.0,4,861.0
8.0,33.0,313.0,385.0,492.0,861.0,4,975.0
8.0,33.0,258.0,313.0,385.0,492.0,4,861.0
8.0,33.0,258.0,313.0,385.0,492.0,4,861.0
8.0,33.0,219.0,258.0,313.0,361.0,4,975.0
8.0,33.0,219.0,258.0,361.0,492.0,4,975.0
8.0,33.0,219.0,258.0,361.0,492.0,4,861.0
8.0,26.0,381.0,402.0,468.0,837.0,4,965.0
8.0,26.0,381.0,402.0,468.0,554.0,4,965.0
8.0,26.0,554.0,635.0,703.0,748.0,4,965.0
8.0,26.0,554.0,635.0,703.0,748.0,4,837.0
8.0,26.0,341.0,554.0,703.0,748.0,4,837.0
8.0,26.0,341.0,402.0,468.0,554.0,4,703.0
8.0,26.0,554.0,635.0,703.0,748.0,4,837.0
8.0,26.0,381.0,402.0,468.0,703.0,4,965.0
8.0,26.0,402.0,554.0,635.0,748.0,4,965.0
8.0,26.0,402.0,554.0,635.0,748.0,4,965.0
8.0,26.0,381.0,402.0,554.0,635.0,4,965.0
8.0,5.0,89.0,117.0,611.0,686.0,4,706.0
8.0,5.0,117.0,452.0,611.0,686.0,4,776.0
8.0,5.0,348.0,452.0,611.0,686.0,4,776.0
8.0,5.0,89.0,117.0,179.0,352.0,4,706.0
8.0,5.0,89.0,117.0,352.0,686.0,4,706.0
8.0,5.0,89.0,117.0,352.0,686.0,4,706.0
8.0,5.0,89.0,117.0,611.0,686.0,4,706.0
8.0,5.0,117.0,452.0,611.0,686.0,4,776.0
8.0,5.0,117.0,452.0,611.0,686.0,4,776.0
8.0,5.0,89.0,117.0,179.0,352.0,4,706.0
8.0,5.0,89.0,117.0,352.0,686.0,4,706.0
8.0,16.0,153.0,155.0,296.0,646.0,4,674.0
8.0,16.0,155.0,296.0,646.0,893.0,4,996.0
8.0,16.0,646.0,674.0,893.0,903.0,4,996.0
8.0,16.0,646.0,674.0,893.0,903.0,4,996.0
8.0,16.0,216.0,674.0,893.0,903.0,4,996.0
8.0,16.0,155.0,216.0,674.0,893.0,4,903.0
8.0,16.0,153.0,155.0,216.0,296.0,4,893.0
8.0,16.0,153.0,155.0,296.0,646.0,4,763.0
8.0,16.0,153.0,216.0,296.0,763.0,4,996.0
8.0,16.0,153.0,155.0,296.0,646.0,4,674.0
8.0,16.0,216.0,674.0,893.0,903.0,4,996.0
8.0,16.0,155.0,216.0,296.0,763.0,4,903.0
8.0,16.0,153.0,155.0,296.0,646.0,4,763.0
8.0,25.0,268.0,332.0,603.0,958.0,4,1024.0
8.0,25.0,2.0,311.0,759.0,958.0,4,1003.0
8.0,25.0,146.0,311.0,759.0,958.0,4,1003.0
8.0,25.0,2.0,146.0,311.0,759.0,4,1003.0
8.0,25.0,146.0,332.0,759.0,958.0,4,1024.0
8.0,25.0,146.0,332.0,603.0,958.0,4,1024.0
8.0,25.0,146.0,332.0,603.0,958.0,4,1024.0
8.0,12.0,125.0,237.0,350.0,386.0,4,845.0
8.0,12.0,125.0,237.0,350.0,386.0,4,845.0
8.0,12.0,125.0,207.0,237.0,350.0,4,386.0
8.0,12.0,126.0,207.0,386.0,620.0,4,845.0
8.0,12.0,126.0,207.0,620.0,845.0,4,856.0
8.0,12.0,126.0,620.0,845.0,856.0,4,909.0
8.0,12.0,125.0,237.0,350.0,856.0,4,909.0
8.0,12.0,126.0,237.0,845.0,856.0,4,909.0
8.0,12.0,125.0,237.0,350.0,856.0,4,909.0
8.0,12.0,125.0,237.0,350.0,856.0,4,909.0
8.0,5.0,14.0,117.0,179.0,352.0,4,467.0
8.0,5.0,14.0,117.0,179.0,352.0,4,467.0
8.0,5.0,117.0,348.0,452.0,611.0,4,686.0
8.0,5.0,14.0,348.0,467.0,611.0,4,686.0
8.0,5.0,14.0,348.0,467.0,611.0,4,686.0
8.0,5.0,14.0,117.0,179.0,348.0,4,352.0
8.0,5.0,14.0,117.0,179.0,352.0,4,467.0
8.0,5.0,14.0,117.0,348.0,352.0,4,686.0
8.0,5.0,14.0,117.0,179.0,348.0,4,352.0
8.0,5.0,14.0,117.0,179.0,348.0,4,352.0
8.0,26.0,381.0,384.0,402.0,404.0,4,468.0
8.0,26.0,381.0,384.0,402.0,404.0,4,468.0
8.0,26.0,384.0,402.0,468.0,635.0,4,748.0
8.0,26.0,381.0,402.0,404.0,453.0,4,468.0
8.0,26.0,453.0,635.0,748.0,837.0,4,954.0
8.0,26.0,468.0,635.0,748.0,837.0,4,954.0
8.0,26.0,468.0,635.0,748.0,837.0,4,954.0
8.0,26.0,341.0,384.0,402.0,468.0,4,954.0
8.0,12.0,207.0,237.0,350.0,856.0,4,909.0
8.0,12.0,125.0,126.0,386.0,638.0,4,845.0
8.0,12.0,125.0,126.0,638.0,845.0,4,856.0
8.0,12.0,125.0,350.0,638.0,845.0,4,856.0
8.0,12.0,237.0,350.0,845.0,856.0,4,909.0
8.0,12.0,125.0,350.0,638.0,845.0,4,856.0
8.0,12.0,125.0,350.0,638.0,845.0,4,856.0
8.0,12.0,125.0,237.0,350.0,845.0,4,856.0
8.0,12.0,125.0,237.0,350.0,386.0,4,909.0
8.0,12.0,125.0,237.0,350.0,386.0,4,909.0
8.0,12.0,237.0,350.0,620.0,845.0,4,909.0
8.0,12.0,280.0,620.0,638.0,845.0,4,909.0
8.0,12.0,207.0,280.0,620.0,638.0,4,845.0
8.0,12.0,207.0,280.0,620.0,638.0,4,845.0
8.0,12.0,280.0,620.0,638.0,845.0,4,909.0
8.0,12.0,350.0,620.0,638.0,845.0,4,909.0
8.0,12.0,125.0,237.0,350.0,386.0,4,909.0
8.0,12.0,237.0,350.0,620.0,845.0,4,909.0
8.0,12.0,207.0,280.0,386.0,638.0,4,845.0
8.0,12.0,156.0,207.0,280.0,620.0,4,904.0
8.0,23.0,25.0,44.0,175.0,454.0,4,614.0
8.0,23.0,25.0,44.0,180.0,612.0,4,896.0
8.0,23.0,25.0,44.0,180.0,612.0,4,896.0
8.0,23.0,180.0,612.0,799.0,896.0,4,955.0
8.0,23.0,44.0,614.0,799.0,955.0,4,972.0
8.0,23.0,25.0,44.0,175.0,454.0,4,614.0
8.0,23.0,175.0,180.0,614.0,799.0,4,955.0
8.0,23.0,25.0,180.0,612.0,799.0,4,896.0
8.0,23.0,25.0,180.0,612.0,799.0,4,896.0
8.0,23.0,25.0,44.0,454.0,612.0,4,614.0
8.0,23.0,25.0,180.0,454.0,612.0,4,896.0
8.0,12.0,126.0,237.0,386.0,845.0,4,909.0
8.0,12.0,126.0,386.0,638.0,845.0,4,909.0
8.0,12.0,126.0,207.0,386.0,638.0,4,845.0
8.0,12.0,126.0,350.0,386.0,638.0,4,845.0
8.0,12.0,126.0,350.0,386.0,638.0,4,845.0
8.0,12.0,237.0,350.0,386.0,845.0,4,909.0
8.0,12.0,207.0,237.0,350.0,856.0,4,909.0
8.0,12.0,207.0,237.0,350.0,856.0,4,909.0
8.0,12.0,207.0,237.0,350.0,386.0,4,845.0
8.0,12.0,126.0,386.0,638.0,845.0,4,909.0
8.0,12.0,126.0,386.0,638.0,845.0,4,909.0
8.0,12.0,126.0,386.0,638.0,845.0,4,909.0
8.0,12.0,126.0,386.0,638.0,845.0,4,909.0
8.0,12.0,156.0,207.0,280.0,620.0,4,904.0
8.0,12.0,125.0,237.0,350.0,856.0,4,909.0
8.0,12.0,125.0,350.0,386.0,638.0,4,845.0
8.0,12.0,125.0,126.0,386.0,638.0,4,845.0
8.0,12.0,126.0,207.0,386.0,638.0,4,845.0
8.0,12.0,125.0,126.0,350.0,620.0,4,638.0
8.0,12.0,125.0,237.0,350.0,856.0,4,909.0
8.0,12.0,125.0,237.0,350.0,856.0,4,909.0
8.0,12.0,125.0,237.0,350.0,386.0,4,845.0
8.0,12.0,126.0,386.0,638.0,845.0,4,909.0
8.0,12.0,207.0,280.0,620.0,638.0,4,909.0
8.0,12.0,125.0,237.0,350.0,856.0,4,909.0
8.0,12.0,280.0,386.0,638.0,788.0,4,845.0
8.0,12.0,280.0,386.0,638.0,788.0,4,845.0
8.0,12.0,125.0,237.0,350.0,856.0,4,909.0
8.0,12.0,207.0,237.0,350.0,856.0,4,909.0
8.0,12.0,125.0,237.0,350.0,856.0,4,909.0
8.0,12.0,280.0,386.0,638.0,788.0,4,845.0
8.0,12.0,280.0,386.0,638.0,788.0,4,845.0
8.0,12.0,280.0,386.0,638.0,788.0,4,845.0
8.0,12.0,125.0,280.0,386.0,638.0,4,845.0
8.0,12.0,125.0,280.0,386.0,638.0,4,845.0
8.0,12.0,207.0,280.0,386.0,638.0,4,909.0
8.0,12.0,156.0,207.0,280.0,620.0,4,909.0
8.0,23.0,44.0,180.0,612.0,896.0,4,955.0
8.0,23.0,44.0,454.0,612.0,614.0,4,833.0
8.0,23.0,180.0,454.0,612.0,614.0,4,896.0
8.0,23.0,454.0,799.0,833.0,896.0,4,955.0
8.0,23.0,454.0,799.0,833.0,896.0,4,955.0
8.0,23.0,454.0,614.0,799.0,833.0,4,955.0
8.0,23.0,454.0,614.0,799.0,896.0,4,955.0
8.0,23.0,180.0,614.0,799.0,896.0,4,955.0
8.0,26.0,107.0,384.0,635.0,748.0,4,965.0
8.0,26.0,381.0,384.0,554.0,748.0,4,965.0
8.0,26.0,25.0,160.0,402.0,554.0,4,652.0
8.0,26.0,25.0,107.0,160.0,554.0,4,748.0
8.0,26.0,107.0,384.0,554.0,748.0,4,965.0
8.0,26.0,107.0,381.0,384.0,554.0,4,965.0
8.0,26.0,384.0,554.0,635.0,748.0,4,965.0
8.0,26.0,107.0,381.0,384.0,635.0,4,965.0
8.0,26.0,25.0,381.0,554.0,635.0,4,965.0
8.0,26.0,25.0,107.0,384.0,554.0,4,652.0
8.0,26.0,107.0,381.0,384.0,635.0,4,965.0
8.0,23.0,136.0,388.0,799.0,874.0,4,896.0
8.0,23.0,33.0,400.0,454.0,778.0,4,972.0
8.0,23.0,33.0,136.0,400.0,454.0,4,778.0
8.0,23.0,136.0,400.0,799.0,874.0,4,896.0
8.0,23.0,136.0,388.0,799.0,874.0,4,955.0
8.0,23.0,136.0,388.0,454.0,874.0,4,955.0
8.0,23.0,33.0,388.0,400.0,454.0,4,955.0
8.0,23.0,33.0,400.0,454.0,778.0,4,896.0
8.0,23.0,33.0,454.0,778.0,896.0,4,955.0
8.0,23.0,136.0,388.0,400.0,778.0,4,874.0
8.0,23.0,136.0,400.0,778.0,874.0,4,955.0
8.0,5.0,14.0,352.0,568.0,611.0,4,686.0
8.0,5.0,14.0,352.0,568.0,611.0,4,686.0
8.0,5.0,89.0,179.0,348.0,568.0,4,611.0
8.0,5.0,89.0,117.0,179.0,348.0,4,611.0
8.0,5.0,89.0,117.0,179.0,348.0,4,611.0
8.0,5.0,14.0,117.0,348.0,352.0,4,686.0
8.0,5.0,14.0,352.0,568.0,611.0,4,686.0
8.0,5.0,89.0,348.0,352.0,568.0,4,686.0
8.0,5.0,14.0,352.0,568.0,611.0,4,686.0
8.0,5.0,14.0,179.0,352.0,568.0,4,611.0
8.0,5.0,14.0,179.0,348.0,568.0,4,611.0
8.0,5.0,14.0,348.0,568.0,611.0,4,686.0
8.0,25.0,146.0,332.0,759.0,1003.0,4,1024.0
8.0,25.0,332.0,696.0,759.0,1003.0,4,1024.0
8.0,25.0,81.0,146.0,269.0,311.0,4,696.0
8.0,25.0,81.0,269.0,332.0,759.0,4,1003.0
8.0,25.0,146.0,332.0,759.0,1003.0,4,1024.0
8.0,25.0,311.0,332.0,696.0,759.0,4,1003.0
8.0,25.0,81.0,311.0,332.0,696.0,4,759.0
8.0,25.0,81.0,146.0,311.0,696.0,4,1024.0
8.0,33.0,258.0,318.0,361.0,844.0,4,976.0
8.0,33.0,258.0,318.0,361.0,492.0,4,976.0
8.0,33.0,219.0,361.0,492.0,861.0,4,975.0
8.0,33.0,219.0,492.0,844.0,861.0,4,975.0
8.0,33.0,258.0,318.0,361.0,844.0,4,976.0
8.0,33.0,258.0,318.0,361.0,844.0,4,976.0
8.0,33.0,258.0,492.0,844.0,975.0,4,976.0
8.0,33.0,219.0,385.0,492.0,861.0,4,975.0
8.0,33.0,219.0,361.0,492.0,861.0,4,975.0
8.0,33.0,219.0,361.0,844.0,861.0,4,975.0
8.0,33.0,258.0,361.0,844.0,975.0,4,976.0
8.0,25.0,332.0,603.0,759.0,958.0,4,1003.0
8.0,25.0,81.0,146.0,269.0,311.0,4,332.0
8.0,25.0,81.0,146.0,311.0,332.0,4,603.0
8.0,25.0,146.0,311.0,332.0,603.0,4,1003.0
8.0,25.0,146.0,311.0,332.0,759.0,4,958.0
8.0,25.0,81.0,269.0,311.0,603.0,4,958.0
8.0,25.0,81.0,269.0,311.0,332.0,4,603.0
8.0,25.0,146.0,311.0,332.0,759.0,4,1003.0
8.0,25.0,332.0,603.0,759.0,958.0,4,1003.0
8.0,25.0,311.0,332.0,759.0,958.0,4,1003.0
8.0,25.0,311.0,603.0,759.0,958.0,4,1003.0
8.0,25.0,81.0,146.0,269.0,332.0,4,642.0
8.0,25.0,146.0,269.0,332.0,642.0,4,1003.0
8.0,25.0,311.0,603.0,759.0,958.0,4,1003.0
8.0,25.0,311.0,603.0,759.0,958.0,4,1003.0
8.0,25.0,311.0,603.0,759.0,958.0,4,1003.0
8.0,25.0,311.0,603.0,759.0,958.0,4,1003.0
8.0,25.0,146.0,332.0,759.0,958.0,4,1003.0
8.0,25.0,146.0,332.0,603.0,958.0,4,1003.0
8.0,25.0,146.0,332.0,759.0,958.0,4,1003.0
8.0,25.0,311.0,332.0,759.0,958.0,4,1003.0
8.0,25.0,311.0,332.0,759.0,958.0,4,1003.0
8.0,25.0,311.0,332.0,759.0,958.0,4,1003.0
8.0,5.0,89.0,348.0,568.0,686.0,4,706.0
8.0,5.0,14.0,352.0,568.0,686.0,4,706.0
8.0,5.0,14.0,352.0,568.0,686.0,4,706.0
8.0,5.0,14.0,352.0,568.0,686.0,4,706.0
8.0,5.0,89.0,348.0,568.0,686.0,4,776.0
8.0,5.0,14.0,348.0,352.0,568.0,4,686.0
8.0,16.0,153.0,155.0,296.0,646.0,4,763.0
8.0,16.0,216.0,379.0,646.0,674.0,4,763.0
8.0,16.0,155.0,216.0,379.0,674.0,4,763.0
8.0,16.0,153.0,216.0,296.0,646.0,4,763.0
8.0,16.0,155.0,216.0,296.0,379.0,4,763.0
8.0,16.0,155.0,216.0,296.0,646.0,4,763.0
8.0,25.0,146.0,332.0,642.0,759.0,4,958.0
8.0,25.0,81.0,146.0,311.0,332.0,4,958.0
8.0,25.0,146.0,268.0,269.0,311.0,4,332.0
8.0,25.0,311.0,603.0,759.0,958.0,4,1003.0
8.0,25.0,332.0,642.0,759.0,958.0,4,1003.0
8.0,25.0,81.0,269.0,332.0,642.0,4,958.0
8.0,25.0,269.0,311.0,332.0,958.0,4,1003.0
8.0,25.0,311.0,332.0,759.0,958.0,4,1003.0
8.0,25.0,268.0,311.0,332.0,958.0,4,1003.0
8.0,23.0,136.0,454.0,524.0,614.0,4,633.0
8.0,23.0,175.0,180.0,612.0,778.0,4,955.0
8.0,23.0,136.0,454.0,524.0,614.0,4,633.0
8.0,23.0,136.0,180.0,454.0,524.0,4,614.0
8.0,23.0,136.0,180.0,454.0,614.0,4,778.0
8.0,23.0,454.0,612.0,778.0,799.0,4,955.0
8.0,23.0,454.0,612.0,778.0,799.0,4,955.0
8.0,23.0,454.0,612.0,799.0,896.0,4,955.0
8.0,23.0,136.0,612.0,799.0,896.0,4,955.0
8.0,23.0,136.0,612.0,633.0,896.0,4,955.0
8.0,23.0,136.0,454.0,612.0,614.0,4,778.0
8.0,25.0,146.0,311.0,332.0,759.0,4,1003.0
8.0,25.0,2.0,332.0,642.0,759.0,4,1003.0
8.0,25.0,81.0,269.0,603.0,642.0,4,1024.0
8.0,25.0,81.0,269.0,642.0,759.0,4,1024.0
8.0,25.0,311.0,332.0,603.0,759.0,4,1003.0
8.0,25.0,311.0,603.0,759.0,1003.0,4,1024.0
8.0,25.0,2.0,269.0,332.0,642.0,4,1024.0
8.0,25.0,269.0,332.0,642.0,759.0,4,1024.0
8.0,25.0,269.0,311.0,759.0,1003.0,4,1024.0
8.0,25.0,269.0,311.0,759.0,1003.0,4,1024.0
8.0,25.0,269.0,311.0,759.0,1003.0,4,1024.0
8.0,25.0,146.0,311.0,759.0,958.0,4,1003.0
8.0,25.0,146.0,311.0,332.0,759.0,4,1003.0
8.0,25.0,146.0,332.0,642.0,759.0,4,1003.0
8.0,25.0,50.0,269.0,332.0,642.0,4,1003.0
8.0,25.0,269.0,332.0,642.0,958.0,4,1024.0
8.0,25.0,146.0,311.0,759.0,1003.0,4,1024.0
8.0,25.0,2.0,311.0,759.0,1003.0,4,1024.0
8.0,25.0,2.0,311.0,759.0,1003.0,4,1024.0
8.0,25.0,146.0,311.0,759.0,1003.0,4,1024.0
8.0,25.0,146.0,311.0,759.0,1003.0,4,1024.0
8.0,25.0,269.0,642.0,958.0,1003.0,4,1024.0
8.0,25.0,311.0,759.0,958.0,1003.0,4,1024.0
8.0,25.0,269.0,311.0,759.0,958.0,4,1003.0
8.0,25.0,269.0,311.0,332.0,759.0,4,1003.0
8.0,25.0,2.0,269.0,332.0,642.0,4,1024.0
8.0,25.0,2.0,269.0,332.0,642.0,4,1024.0
8.0,25.0,2.0,311.0,332.0,759.0,4,1003.0
8.0,25.0,311.0,332.0,759.0,958.0,4,1003.0
8.0,25.0,146.0,311.0,759.0,958.0,4,1003.0
8.0,25.0,269.0,332.0,642.0,958.0,4,1024.0
8.0,25.0,146.0,759.0,958.0,1003.0,4,1024.0
8.0,25.0,269.0,642.0,696.0,958.0,4,1024.0
8.0,25.0,50.0,269.0,642.0,696.0,4,1024.0
8.0,25.0,146.0,759.0,958.0,1003.0,4,1024.0
8.0,25.0,269.0,759.0,958.0,1003.0,4,1024.0
8.0,25.0,50.0,269.0,696.0,1003.0,4,1024.0
8.0,25.0,50.0,269.0,696.0,1003.0,4,1024.0
8.0,25.0,50.0,81.0,269.0,696.0,4,1024.0
8.0,25.0,50.0,81.0,269.0,696.0,4,1024.0
8.0,25.0,2.0,269.0,311.0,958.0,4,1003.0
8.0,25.0,2.0,269.0,311.0,958.0,4,1024.0
8.0,25.0,2.0,50.0,759.0,1003.0,4,1024.0
8.0,25.0,2.0,269.0,311.0,696.0,4,958.0
8.0,25.0,2.0,146.0,311.0,958.0,4,1003.0
8.0,25.0,2.0,50.0,269.0,311.0,4,1024.0
8.0,25.0,2.0,50.0,311.0,759.0,4,1024.0
8.0,25.0,2.0,50.0,311.0,759.0,4,1024.0
8.0,25.0,311.0,759.0,958.0,1003.0,4,1024.0
8.0,16.0,296.0,359.0,379.0,646.0,4,996.0
8.0,16.0,296.0,379.0,646.0,674.0,4,996.0
8.0,16.0,359.0,379.0,424.0,646.0,4,674.0
8.0,16.0,359.0,379.0,424.0,646.0,4,674.0
8.0,16.0,296.0,379.0,424.0,646.0,4,674.0
8.0,16.0,296.0,359.0,379.0,646.0,4,674.0
8.0,16.0,153.0,296.0,359.0,424.0,4,646.0
8.0,23.0,136.0,180.0,400.0,778.0,4,799.0
8.0,23.0,136.0,180.0,400.0,778.0,4,799.0
8.0,23.0,175.0,180.0,400.0,778.0,4,799.0
8.0,23.0,175.0,180.0,400.0,778.0,4,972.0
8.0,23.0,136.0,400.0,454.0,778.0,4,972.0
8.0,23.0,136.0,454.0,778.0,896.0,4,972.0
8.0,23.0,136.0,454.0,778.0,896.0,4,972.0
8.0,23.0,175.0,454.0,778.0,896.0,4,972.0
8.0,23.0,400.0,454.0,778.0,896.0,4,972.0
8.0,23.0,400.0,454.0,778.0,896.0,4,972.0
8.0,23.0,136.0,454.0,778.0,896.0,4,972.0
8.0,23.0,136.0,400.0,454.0,778.0,4,896.0
8.0,33.0,219.0,361.0,844.0,861.0,4,975.0
8.0,33.0,21.0,219.0,492.0,861.0,4,975.0
8.0,33.0,21.0,219.0,318.0,492.0,4,861.0
8.0,33.0,21.0,318.0,844.0,975.0,4,976.0
8.0,33.0,21.0,318.0,361.0,861.0,4,976.0
8.0,33.0,361.0,844.0,861.0,975.0,4,976.0
8.0,33.0,361.0,470.0,844.0,861.0,4,976.0
8.0,33.0,219.0,361.0,470.0,844.0,4,861.0
8.0,33.0,21.0,318.0,361.0,861.0,4,976.0
8.0,16.0,296.0,424.0,674.0,903.0,4,996.0
8.0,16.0,153.0,296.0,424.0,674.0,4,903.0
8.0,16.0,153.0,296.0,424.0,646.0,4,763.0
8.0,16.0,153.0,296.0,646.0,674.0,4,763.0
8.0,16.0,153.0,296.0,646.0,763.0,4,903.0
8.0,16.0,424.0,674.0,893.0,903.0,4,996.0
8.0,5.0,14.0,179.0,352.0,568.0,4,706.0
8.0,5.0,14.0,352.0,568.0,686.0,4,706.0
8.0,5.0,89.0,348.0,568.0,686.0,4,706.0
8.0,5.0,89.0,117.0,348.0,686.0,4,776.0
8.0,5.0,89.0,117.0,348.0,686.0,4,776.0
8.0,5.0,14.0,352.0,568.0,686.0,4,706.0
8.0,5.0,14.0,179.0,352.0,568.0,4,706.0
8.0,5.0,14.0,179.0,352.0,568.0,4,706.0
8.0,5.0,89.0,117.0,348.0,686.0,4,706.0
8.0,5.0,89.0,352.0,568.0,686.0,4,706.0
8.0,33.0,258.0,318.0,361.0,844.0,4,976.0
8.0,33.0,219.0,258.0,361.0,492.0,4,975.0
8.0,33.0,219.0,361.0,492.0,861.0,4,975.0
8.0,33.0,258.0,318.0,361.0,782.0,4,976.0
8.0,33.0,219.0,258.0,318.0,361.0,4,976.0
8.0,33.0,219.0,258.0,844.0,861.0,4,976.0
8.0,33.0,219.0,258.0,361.0,975.0,4,976.0
8.0,33.0,258.0,361.0,492.0,975.0,4,976.0
8.0,33.0,219.0,361.0,492.0,861.0,4,975.0
8.0,33.0,219.0,361.0,492.0,861.0,4,975.0
8.0,33.0,318.0,492.0,844.0,861.0,4,976.0
8.0,33.0,258.0,361.0,844.0,975.0,4,976.0
8.0,33.0,258.0,361.0,844.0,975.0,4,976.0
8.0,26.0,391.0,468.0,635.0,748.0,4,837.0
8.0,26.0,341.0,391.0,468.0,748.0,4,837.0
8.0,26.0,341.0,393.0,468.0,837.0,4,951.0
8.0,26.0,384.0,391.0,453.0,468.0,4,748.0
8.0,26.0,384.0,391.0,402.0,468.0,4,748.0
8.0,26.0,391.0,402.0,453.0,635.0,4,748.0
8.0,26.0,341.0,384.0,393.0,837.0,4,951.0
8.0,26.0,384.0,393.0,748.0,837.0,4,951.0
8.0,26.0,393.0,453.0,635.0,748.0,4,951.0
8.0,26.0,384.0,391.0,393.0,635.0,4,748.0
8.0,33.0,219.0,258.0,844.0,861.0,4,976.0
8.0,33.0,219.0,258.0,492.0,844.0,4,861.0
8.0,33.0,219.0,258.0,492.0,844.0,4,975.0
8.0,33.0,313.0,492.0,861.0,975.0,4,976.0
8.0,33.0,219.0,258.0,482.0,492.0,4,976.0
8.0,33.0,219.0,258.0,470.0,492.0,4,976.0
8.0,33.0,219.0,258.0,492.0,861.0,4,976.0
8.0,33.0,219.0,258.0,492.0,844.0,4,861.0
8.0,33.0,219.0,258.0,361.0,844.0,4,861.0
8.0,33.0,219.0,258.0,361.0,492.0,4,861.0
8.0,33.0,219.0,258.0,313.0,361.0,4,861.0
8.0,33.0,313.0,361.0,861.0,975.0,4,976.0
8.0,33.0,219.0,313.0,861.0,975.0,4,976.0
8.0,33.0,219.0,313.0,861.0,975.0,4,976.0
8.0,33.0,258.0,313.0,844.0,975.0,4,976.0
8.0,33.0,492.0,844.0,861.0,975.0,4,976.0
8.0,33.0,361.0,492.0,844.0,861.0,4,976.0
8.0,33.0,219.0,258.0,361.0,492.0,4,976.0
8.0,33.0,219.0,313.0,361.0,407.0,4,492.0
8.0,33.0,219.0,258.0,361.0,844.0,4,861.0
8.0,33.0,258.0,361.0,844.0,861.0,4,976.0
8.0,33.0,407.0,470.0,492.0,844.0,4,976.0
8.0,26.0,25.0,107.0,160.0,554.0,4,652.0
8.0,26.0,25.0,107.0,160.0,554.0,4,652.0
8.0,26.0,25.0,107.0,160.0,554.0,4,748.0
8.0,26.0,25.0,160.0,381.0,554.0,4,748.0
8.0,26.0,107.0,381.0,384.0,635.0,4,965.0
8.0,26.0,107.0,160.0,381.0,384.0,4,965.0
8.0,26.0,107.0,160.0,554.0,652.0,4,965.0
8.0,26.0,381.0,384.0,635.0,748.0,4,965.0
8.0,5.0,14.0,352.0,568.0,611.0,4,686.0
8.0,5.0,14.0,568.0,611.0,686.0,4,776.0
8.0,5.0,14.0,179.0,568.0,611.0,4,776.0
8.0,5.0,179.0,348.0,452.0,568.0,4,776.0
8.0,5.0,179.0,348.0,452.0,568.0,4,776.0
8.0,5.0,14.0,117.0,352.0,611.0,4,686.0
8.0,5.0,14.0,117.0,352.0,611.0,4,686.0
8.0,5.0,14.0,352.0,568.0,611.0,4,686.0
8.0,5.0,14.0,568.0,611.0,686.0,4,776.0
8.0,5.0,179.0,452.0,568.0,611.0,4,776.0
8.0,5.0,117.0,179.0,348.0,452.0,4,776.0
8.0,5.0,117.0,179.0,348.0,452.0,4,776.0
8.0,5.0,14.0,348.0,568.0,611.0,4,686.0
8.0,16.0,155.0,646.0,674.0,897.0,4,903.0
8.0,16.0,155.0,646.0,893.0,897.0,4,903.0
8.0,16.0,153.0,155.0,674.0,893.0,4,897.0
8.0,16.0,424.0,531.0,646.0,674.0,4,996.0
8.0,16.0,155.0,424.0,646.0,893.0,4,903.0
8.0,16.0,155.0,424.0,646.0,893.0,4,903.0
8.0,16.0,155.0,531.0,646.0,674.0,4,893.0
8.0,16.0,155.0,646.0,893.0,897.0,4,903.0
8.0,16.0,155.0,424.0,646.0,893.0,4,903.0
8.0,16.0,424.0,531.0,646.0,893.0,4,996.0
8.0,16.0,155.0,646.0,674.0,893.0,4,903.0
8.0,23.0,33.0,136.0,388.0,524.0,4,799.0
8.0,23.0,33.0,136.0,388.0,524.0,4,799.0
8.0,23.0,33.0,136.0,388.0,524.0,4,799.0
8.0,23.0,33.0,136.0,400.0,524.0,4,799.0
8.0,23.0,33.0,136.0,524.0,955.0,4,972.0
8.0,23.0,136.0,874.0,896.0,955.0,4,972.0
8.0,23.0,136.0,874.0,896.0,955.0,4,972.0
8.0,23.0,33.0,136.0,524.0,896.0,4,955.0
8.0,23.0,33.0,136.0,524.0,896.0,4,955.0
8.0,16.0,153.0,296.0,646.0,674.0,4,903.0
8.0,16.0,296.0,646.0,674.0,903.0,4,996.0
8.0,16.0,646.0,674.0,763.0,903.0,4,996.0
8.0,16.0,216.0,646.0,674.0,763.0,4,996.0
8.0,16.0,216.0,424.0,674.0,763.0,4,996.0
8.0,16.0,216.0,379.0,424.0,763.0,4,996.0
8.0,16.0,296.0,379.0,646.0,763.0,4,903.0
8.0,16.0,153.0,296.0,646.0,674.0,4,903.0
8.0,16.0,153.0,296.0,646.0,674.0,4,903.0
8.0,16.0,296.0,646.0,674.0,903.0,4,996.0
8.0,16.0,153.0,296.0,646.0,674.0,4,903.0
8.0,16.0,216.0,296.0,424.0,763.0,4,996.0
8.0,16.0,216.0,424.0,674.0,763.0,4,996.0
8.0,16.0,153.0,216.0,296.0,646.0,4,674.0
8.0,5.0,89.0,179.0,352.0,568.0,4,706.0
8.0,5.0,89.0,179.0,352.0,568.0,4,706.0
8.0,5.0,89.0,117.0,179.0,352.0,4,706.0
8.0,5.0,89.0,117.0,611.0,686.0,4,706.0
8.0,5.0,14.0,117.0,611.0,686.0,4,706.0
8.0,5.0,14.0,117.0,348.0,611.0,4,686.0
8.0,5.0,14.0,117.0,348.0,611.0,4,686.0
8.0,5.0,14.0,117.0,348.0,611.0,4,686.0
8.0,5.0,89.0,179.0,348.0,352.0,4,568.0
8.0,5.0,14.0,179.0,352.0,568.0,4,706.0
8.0,5.0,14.0,117.0,179.0,348.0,4,611.0
8.0,16.0,153.0,216.0,646.0,674.0,4,763.0
8.0,16.0,153.0,216.0,646.0,674.0,4,763.0
8.0,16.0,153.0,155.0,216.0,763.0,4,988.0
8.0,16.0,155.0,216.0,379.0,763.0,4,988.0
8.0,16.0,155.0,379.0,646.0,763.0,4,988.0
8.0,16.0,153.0,155.0,646.0,674.0,4,988.0
8.0,16.0,155.0,379.0,646.0,674.0,4,893.0
8.0,16.0,153.0,216.0,646.0,763.0,4,893.0
8.0,16.0,153.0,155.0,216.0,674.0,4,763.0
8.0,16.0,153.0,155.0,216.0,674.0,4,763.0
8.0,16.0,153.0,155.0,216.0,674.0,4,763.0
8.0,16.0,153.0,155.0,646.0,674.0,4,763.0
8.0,23.0,454.0,524.0,612.0,614.0,4,633.0
8.0,23.0,44.0,180.0,612.0,614.0,4,955.0
8.0,23.0,44.0,454.0,612.0,614.0,4,955.0
8.0,23.0,175.0,524.0,614.0,633.0,4,972.0
8.0,23.0,44.0,454.0,524.0,612.0,4,955.0
8.0,23.0,175.0,454.0,524.0,614.0,4,633.0
8.0,23.0,44.0,524.0,612.0,799.0,4,955.0
8.0,23.0,454.0,614.0,799.0,955.0,4,972.0
8.0,23.0,44.0,175.0,614.0,955.0,4,972.0
8.0,23.0,44.0,175.0,614.0,955.0,4,972.0
8.0,16.0,296.0,359.0,379.0,646.0,4,996.0
8.0,16.0,296.0,359.0,379.0,382.0,4,646.0
8.0,16.0,153.0,359.0,382.0,646.0,4,674.0
8.0,16.0,153.0,382.0,424.0,674.0,4,893.0
8.0,16.0,296.0,359.0,379.0,382.0,4,646.0
8.0,16.0,296.0,359.0,379.0,646.0,4,996.0
8.0,16.0,296.0,359.0,379.0,382.0,4,646.0
8.0,16.0,359.0,379.0,382.0,646.0,4,674.0
8.0,16.0,359.0,379.0,424.0,646.0,4,674.0
8.0,16.0,153.0,424.0,646.0,674.0,4,893.0
8.0,16.0,153.0,424.0,646.0,674.0,4,893.0
8.0,16.0,153.0,424.0,674.0,893.0,4,996.0
8.0,16.0,153.0,424.0,674.0,893.0,4,996.0
8.0,16.0,153.0,296.0,424.0,646.0,4,674.0
8.0,16.0,359.0,382.0,424.0,988.0,4,996.0
8.0,16.0,296.0,359.0,379.0,424.0,4,646.0
8.0,16.0,296.0,359.0,379.0,646.0,4,996.0
8.0,16.0,296.0,379.0,646.0,988.0,4,996.0
8.0,16.0,296.0,379.0,646.0,988.0,4,996.0
8.0,16.0,359.0,424.0,646.0,988.0,4,996.0
8.0,16.0,153.0,359.0,424.0,646.0,4,988.0
8.0,16.0,153.0,359.0,424.0,646.0,4,988.0
8.0,16.0,296.0,359.0,379.0,424.0,4,646.0
8.0,26.0,358.0,381.0,384.0,837.0,4,951.0
8.0,26.0,384.0,402.0,468.0,837.0,4,951.0
8.0,26.0,358.0,381.0,384.0,468.0,4,951.0
8.0,26.0,358.0,381.0,402.0,468.0,4,951.0
8.0,26.0,358.0,381.0,384.0,468.0,4,951.0
8.0,26.0,381.0,384.0,402.0,468.0,4,951.0
8.0,26.0,381.0,384.0,402.0,468.0,4,837.0
8.0,23.0,136.0,388.0,799.0,874.0,4,896.0
8.0,23.0,136.0,400.0,799.0,874.0,4,896.0
8.0,23.0,33.0,400.0,454.0,778.0,4,955.0
8.0,23.0,33.0,400.0,454.0,778.0,4,955.0
8.0,23.0,400.0,778.0,799.0,874.0,4,896.0
8.0,23.0,136.0,388.0,799.0,874.0,4,896.0
8.0,23.0,33.0,136.0,388.0,799.0,4,896.0
8.0,23.0,33.0,136.0,180.0,388.0,4,896.0
8.0,23.0,33.0,136.0,400.0,454.0,4,778.0
8.0,23.0,33.0,400.0,454.0,778.0,4,955.0
8.0,23.0,33.0,400.0,454.0,778.0,4,955.0
8.0,23.0,136.0,388.0,454.0,778.0,4,799.0
8.0,23.0,136.0,388.0,400.0,778.0,4,874.0
8.0,5.0,14.0,179.0,352.0,568.0,4,611.0
8.0,5.0,14.0,179.0,568.0,611.0,4,776.0
8.0,5.0,89.0,348.0,568.0,686.0,4,776.0
8.0,5.0,89.0,117.0,348.0,611.0,4,686.0
8.0,5.0,14.0,117.0,348.0,611.0,4,686.0
8.0,5.0,14.0,179.0,352.0,568.0,4,611.0
8.0,5.0,14.0,179.0,352.0,568.0,4,611.0
8.0,5.0,14.0,352.0,568.0,611.0,4,686.0
8.0,5.0,89.0,117.0,348.0,611.0,4,686.0
8.0,26.0,381.0,402.0,554.0,635.0,4,703.0
8.0,26.0,384.0,703.0,748.0,837.0,4,965.0
8.0,26.0,384.0,554.0,635.0,748.0,4,965.0
8.0,26.0,402.0,468.0,554.0,635.0,4,965.0
8.0,26.0,402.0,468.0,554.0,635.0,4,965.0
8.0,23.0,175.0,180.0,454.0,524.0,4,955.0
8.0,23.0,454.0,524.0,799.0,955.0,4,972.0
8.0,23.0,454.0,524.0,614.0,955.0,4,972.0
8.0,23.0,175.0,180.0,454.0,524.0,4,896.0
8.0,23.0,175.0,180.0,524.0,799.0,4,896.0
8.0,23.0,175.0,614.0,799.0,896.0,4,972.0
8.0,23.0,175.0,180.0,524.0,955.0,4,972.0
8.0,23.0,175.0,454.0,524.0,955.0,4,972.0
8.0,23.0,175.0,614.0,799.0,896.0,4,972.0
8.0,23.0,614.0,799.0,896.0,955.0,4,972.0
8.0,5.0,14.0,117.0,352.0,611.0,4,686.0
8.0,5.0,14.0,179.0,348.0,611.0,4,706.0
8.0,5.0,117.0,179.0,352.0,686.0,4,706.0
8.0,5.0,14.0,117.0,452.0,611.0,4,706.0
8.0,5.0,348.0,452.0,611.0,706.0,4,776.0
8.0,5.0,14.0,117.0,179.0,352.0,4,611.0
8.0,5.0,14.0,117.0,179.0,352.0,4,611.0
8.0,26.0,384.0,468.0,635.0,748.0,4,954.0
8.0,26.0,381.0,384.0,402.0,468.0,4,554.0
8.0,26.0,384.0,402.0,635.0,748.0,4,954.0
8.0,26.0,402.0,635.0,748.0,837.0,4,954.0
8.0,26.0,384.0,635.0,748.0,837.0,4,954.0
8.0,26.0,381.0,384.0,635.0,837.0,4,954.0
8.0,26.0,381.0,384.0,468.0,554.0,4,954.0
8.0,26.0,554.0,635.0,748.0,837.0,4,954.0
8.0,5.0,89.0,352.0,467.0,568.0,4,686.0
8.0,5.0,452.0,611.0,730.0,760.0,4,776.0
8.0,5.0,452.0,611.0,730.0,760.0,4,776.0
8.0,5.0,452.0,611.0,730.0,760.0,4,776.0
8.0,5.0,89.0,352.0,568.0,686.0,4,730.0
8.0,5.0,89.0,352.0,467.0,568.0,4,686.0
8.0,5.0,89.0,352.0,467.0,568.0,4,686.0
8.0,5.0,452.0,467.0,568.0,730.0,4,760.0
8.0,5.0,352.0,452.0,568.0,730.0,4,760.0
8.0,5.0,89.0,352.0,568.0,686.0,4,730.0
8.0,23.0,136.0,388.0,524.0,799.0,4,874.0
8.0,23.0,136.0,388.0,524.0,799.0,4,874.0
8.0,23.0,136.0,388.0,778.0,799.0,4,874.0
8.0,23.0,33.0,400.0,454.0,778.0,4,955.0
8.0,23.0,33.0,136.0,400.0,524.0,4,799.0
8.0,23.0,33.0,136.0,388.0,524.0,4,799.0
8.0,23.0,136.0,388.0,454.0,524.0,4,799.0
8.0,23.0,136.0,180.0,388.0,454.0,4,524.0
8.0,23.0,136.0,388.0,524.0,799.0,4,874.0
8.0,23.0,136.0,388.0,778.0,799.0,4,874.0
8.0,23.0,33.0,136.0,388.0,778.0,4,799.0
8.0,26.0,384.0,468.0,615.0,652.0,4,703.0
8.0,26.0,384.0,468.0,615.0,652.0,4,703.0
8.0,26.0,341.0,381.0,468.0,703.0,4,837.0
8.0,26.0,384.0,402.0,554.0,615.0,4,652.0
8.0,26.0,381.0,384.0,468.0,703.0,4,837.0
8.0,26.0,381.0,468.0,615.0,703.0,4,837.0
8.0,26.0,393.0,402.0,453.0,635.0,4,748.0
8.0,26.0,393.0,402.0,453.0,635.0,4,748.0
8.0,26.0,384.0,393.0,468.0,635.0,4,748.0
8.0,26.0,341.0,384.0,391.0,468.0,4,837.0
8.0,26.0,341.0,384.0,391.0,468.0,4,837.0
8.0,26.0,341.0,391.0,453.0,635.0,4,837.0
8.0,26.0,391.0,402.0,453.0,635.0,4,748.0
8.0,26.0,384.0,393.0,402.0,635.0,4,748.0
8.0,26.0,393.0,402.0,453.0,635.0,4,748.0
8.0,26.0,393.0,402.0,468.0,748.0,4,837.0
8.0,26.0,341.0,384.0,391.0,468.0,4,837.0
8.0,26.0,341.0,384.0,391.0,468.0,4,837.0
8.0,26.0,393.0,402.0,635.0,748.0,4,837.0
8.0,26.0,393.0,402.0,635.0,748.0,4,837.0
8.0,23.0,44.0,614.0,799.0,896.0,4,955.0
8.0,23.0,44.0,614.0,799.0,896.0,4,955.0
8.0,23.0,454.0,612.0,633.0,896.0,4,955.0
8.0,23.0,44.0,612.0,633.0,896.0,4,955.0
8.0,23.0,44.0,612.0,614.0,633.0,4,896.0
8.0,23.0,44.0,612.0,633.0,833.0,4,896.0
8.0,23.0,44.0,799.0,833.0,896.0,4,955.0
8.0,23.0,44.0,454.0,612.0,614.0,4,896.0
