season,team,player_0,player_1,player_2,player_3,missing_position,target_player
4.0,8.0,74.0,136.0,151.0,747.0,4,905.0
4.0,8.0,12.0,74.0,136.0,151.0,4,905.0
4.0,8.0,12.0,74.0,136.0,699.0,4,984.0
4.0,8.0,12.0,136.0,400.0,699.0,4,984.0
4.0,8.0,12.0,74.0,151.0,400.0,4,747.0
4.0,8.0,74.0,136.0,151.0,747.0,4,984.0
4.0,8.0,74.0,136.0,151.0,747.0,4,984.0
4.0,8.0,74.0,136.0,151.0,699.0,4,984.0
4.0,8.0,12.0,74.0,136.0,151.0,4,747.0
4.0,8.0,12.0,74.0,400.0,905.0,4,984.0
4.0,8.0,74.0,346.0,827.0,905.0,4,984.0
4.0,11.0,580.0,602.0,638.0,895.0,4,1031.0
4.0,11.0,103.0,150.0,580.0,602.0,4,638.0
4.0,11.0,1.0,150.0,173.0,188.0,4,520.0
4.0,11.0,1.0,150.0,173.0,188.0,4,520.0
4.0,11.0,1.0,173.0,580.0,895.0,4,1031.0
4.0,11.0,580.0,602.0,638.0,895.0,4,1031.0
4.0,11.0,580.0,602.0,638.0,895.0,4,1031.0
4.0,11.0,1.0,103.0,580.0,638.0,4,895.0
4.0,11.0,103.0,150.0,188.0,602.0,4,638.0
4.0,11.0,1.0,150.0,173.0,188.0,4,638.0
4.0,11.0,1.0,150.0,173.0,580.0,4,638.0
4.0,8.0,74.0,136.0,151.0,346.0,4,905.0
4.0,8.0,74.0,136.0,151.0,346.0,4,905.0
4.0,8.0,12.0,74.0,400.0,905.0,4,984.0
4.0,8.0,12.0,74.0,346.0,905.0,4,984.0
4.0,8.0,12.0,74.0,346.0,905.0,4,984.0
4.0,8.0,12.0,74.0,136.0,151.0,4,346.0
4.0,8.0,12.0,74.0,136.0,151.0,4,984.0
4.0,8.0,12.0,136.0,151.0,400.0,4,984.0
4.0,8.0,12.0,136.0,151.0,400.0,4,984.0
4.0,8.0,12.0,74.0,136.0,400.0,4,984.0
4.0,8.0,74.0,136.0,151.0,699.0,4,905.0
4.0,8.0,12.0,136.0,400.0,905.0,4,984.0
4.0,8.0,12.0,74.0,400.0,905.0,4,984.0
4.0,8.0,12.0,74.0,136.0,151.0,4,699.0
4.0,8.0,12.0,74.0,136.0,151.0,4,699.0
4.0,8.0,74.0,136.0,151.0,699.0,4,905.0
4.0,8.0,12.0,74.0,136.0,151.0,4,699.0
4.0,8.0,12.0,136.0,151.0,400.0,4,699.0
4.0,8.0,12.0,74.0,136.0,400.0,4,984.0
4.0,7.0,112.0,137.0,279.0,396.0,4,902.0
4.0,7.0,112.0,137.0,451.0,455.0,4,902.0
4.0,7.0,137.0,277.0,451.0,455.0,4,994.0
4.0,7.0,137.0,277.0,451.0,455.0,4,994.0
4.0,7.0,137.0,396.0,451.0,902.0,4,994.0
4.0,7.0,137.0,277.0,451.0,455.0,4,902.0
4.0,4.0,126.0,487.0,601.0,768.0,4,853.0
4.0,4.0,259.0,601.0,646.0,768.0,4,936.0
4.0,4.0,259.0,487.0,601.0,646.0,4,936.0
4.0,4.0,259.0,487.0,601.0,646.0,4,936.0
4.0,4.0,259.0,487.0,561.0,646.0,4,936.0
4.0,4.0,259.0,487.0,561.0,646.0,4,936.0
4.0,4.0,259.0,487.0,561.0,646.0,4,936.0
4.0,4.0,259.0,487.0,601.0,853.0,4,936.0
4.0,4.0,259.0,487.0,561.0,601.0,4,646.0
4.0,12.0,216.0,230.0,531.0,715.0,4,856.0
4.0,12.0,111.0,216.0,230.0,531.0,4,856.0
4.0,12.0,111.0,230.0,788.0,856.0,4,986.0
4.0,12.0,111.0,230.0,788.0,856.0,4,986.0
4.0,12.0,111.0,216.0,856.0,933.0,4,986.0
4.0,12.0,216.0,230.0,531.0,715.0,4,986.0
4.0,12.0,216.0,230.0,531.0,715.0,4,856.0
4.0,12.0,216.0,230.0,531.0,715.0,4,856.0
4.0,12.0,111.0,531.0,715.0,933.0,4,986.0
4.0,12.0,111.0,531.0,715.0,933.0,4,986.0
4.0,12.0,111.0,230.0,531.0,788.0,4,910.0
4.0,12.0,111.0,230.0,788.0,910.0,4,986.0
4.0,8.0,74.0,136.0,151.0,747.0,4,905.0
4.0,8.0,12.0,74.0,136.0,151.0,4,400.0
4.0,8.0,12.0,136.0,346.0,400.0,4,984.0
4.0,8.0,136.0,346.0,400.0,747.0,4,984.0
4.0,8.0,136.0,346.0,400.0,747.0,4,984.0
4.0,8.0,74.0,136.0,151.0,747.0,4,905.0
4.0,8.0,12.0,136.0,151.0,400.0,4,747.0
4.0,8.0,12.0,136.0,151.0,346.0,4,400.0
4.0,8.0,12.0,136.0,346.0,400.0,4,984.0
4.0,8.0,12.0,74.0,346.0,400.0,4,984.0
4.0,8.0,74.0,136.0,400.0,747.0,4,984.0
4.0,27.0,146.0,363.0,380.0,453.0,4,924.0
4.0,27.0,146.0,363.0,380.0,453.0,4,924.0
4.0,27.0,146.0,363.0,380.0,453.0,4,924.0
4.0,27.0,146.0,363.0,380.0,453.0,4,924.0
4.0,27.0,146.0,363.0,373.0,453.0,4,924.0
4.0,27.0,146.0,373.0,453.0,527.0,4,924.0
4.0,27.0,359.0,373.0,380.0,439.0,4,527.0
4.0,27.0,146.0,359.0,373.0,380.0,4,527.0
4.0,27.0,146.0,373.0,380.0,527.0,4,924.0
4.0,8.0,74.0,136.0,151.0,747.0,4,905.0
4.0,8.0,12.0,136.0,151.0,346.0,4,905.0
4.0,8.0,12.0,74.0,346.0,905.0,4,984.0
4.0,8.0,12.0,74.0,346.0,905.0,4,984.0
4.0,8.0,74.0,346.0,747.0,905.0,4,984.0
4.0,8.0,74.0,136.0,151.0,905.0,4,984.0
4.0,8.0,74.0,136.0,151.0,747.0,4,905.0
4.0,8.0,12.0,136.0,151.0,346.0,4,747.0
4.0,8.0,12.0,136.0,151.0,346.0,4,905.0
4.0,28.0,41.0,608.0,665.0,754.0,4,1016.0
4.0,28.0,71.0,218.0,608.0,754.0,4,859.0
4.0,28.0,71.0,218.0,608.0,859.0,4,1016.0
4.0,28.0,41.0,218.0,665.0,859.0,4,1016.0
4.0,28.0,41.0,218.0,665.0,754.0,4,1016.0
4.0,28.0,41.0,218.0,608.0,754.0,4,1016.0
4.0,28.0,41.0,608.0,665.0,754.0,4,1016.0
4.0,28.0,41.0,608.0,665.0,754.0,4,1016.0
4.0,28.0,41.0,218.0,665.0,859.0,4,1016.0
4.0,28.0,41.0,608.0,665.0,754.0,4,859.0
4.0,28.0,41.0,608.0,665.0,754.0,4,859.0
4.0,28.0,41.0,608.0,665.0,859.0,4,1016.0
4.0,8.0,12.0,136.0,151.0,400.0,4,747.0
4.0,8.0,12.0,136.0,400.0,699.0,4,984.0
4.0,8.0,12.0,346.0,400.0,699.0,4,984.0
4.0,8.0,74.0,136.0,151.0,747.0,4,984.0
4.0,8.0,74.0,136.0,151.0,747.0,4,905.0
4.0,8.0,12.0,151.0,346.0,400.0,4,699.0
4.0,8.0,12.0,346.0,400.0,699.0,4,984.0
4.0,8.0,12.0,136.0,151.0,699.0,4,984.0
4.0,10.0,52.0,211.0,285.0,731.0,4,918.0
4.0,10.0,460.0,731.0,826.0,843.0,4,918.0
4.0,10.0,285.0,460.0,731.0,843.0,4,918.0
4.0,10.0,52.0,211.0,285.0,731.0,4,918.0
4.0,10.0,211.0,285.0,472.0,826.0,4,918.0
4.0,10.0,211.0,285.0,472.0,731.0,4,826.0
4.0,8.0,74.0,136.0,747.0,905.0,4,984.0
4.0,8.0,12.0,57.0,153.0,346.0,4,400.0
4.0,8.0,74.0,136.0,153.0,346.0,4,984.0
4.0,8.0,74.0,136.0,747.0,905.0,4,984.0
4.0,8.0,12.0,57.0,136.0,153.0,4,400.0
4.0,8.0,12.0,57.0,74.0,153.0,4,400.0
4.0,8.0,74.0,136.0,400.0,747.0,4,984.0
4.0,8.0,74.0,136.0,151.0,747.0,4,905.0
4.0,8.0,74.0,151.0,346.0,747.0,4,905.0
4.0,8.0,12.0,153.0,346.0,400.0,4,984.0
4.0,8.0,74.0,151.0,346.0,747.0,4,984.0
4.0,8.0,74.0,151.0,400.0,747.0,4,984.0
4.0,8.0,74.0,151.0,400.0,747.0,4,905.0
4.0,8.0,12.0,74.0,400.0,747.0,4,984.0
4.0,8.0,12.0,74.0,136.0,151.0,4,747.0
4.0,8.0,12.0,136.0,151.0,153.0,4,400.0
4.0,8.0,12.0,74.0,400.0,747.0,4,984.0
4.0,8.0,74.0,136.0,151.0,747.0,4,905.0
4.0,8.0,74.0,136.0,151.0,153.0,4,400.0
4.0,8.0,12.0,74.0,151.0,153.0,4,400.0
4.0,8.0,12.0,74.0,153.0,400.0,4,984.0
4.0,8.0,12.0,151.0,153.0,400.0,4,984.0
4.0,8.0,12.0,74.0,151.0,400.0,4,747.0
4.0,8.0,74.0,136.0,151.0,747.0,4,905.0
4.0,8.0,12.0,136.0,153.0,400.0,4,984.0
4.0,8.0,12.0,153.0,346.0,400.0,4,984.0
4.0,8.0,74.0,136.0,151.0,747.0,4,905.0
4.0,8.0,12.0,136.0,153.0,400.0,4,984.0
4.0,8.0,12.0,136.0,153.0,400.0,4,984.0
4.0,8.0,12.0,74.0,400.0,747.0,4,984.0
4.0,8.0,12.0,74.0,151.0,400.0,4,747.0
4.0,8.0,74.0,136.0,151.0,747.0,4,905.0
4.0,8.0,12.0,74.0,136.0,151.0,4,747.0
4.0,8.0,12.0,346.0,400.0,699.0,4,984.0
4.0,8.0,12.0,346.0,400.0,699.0,4,984.0
4.0,8.0,12.0,346.0,400.0,747.0,4,984.0
4.0,8.0,12.0,74.0,400.0,747.0,4,984.0
4.0,1.0,577.0,790.0,808.0,820.0,4,898.0
4.0,1.0,577.0,790.0,808.0,820.0,4,898.0
4.0,1.0,356.0,682.0,790.0,808.0,4,898.0
4.0,1.0,356.0,577.0,790.0,808.0,4,820.0
4.0,1.0,356.0,577.0,740.0,790.0,4,820.0
4.0,1.0,356.0,682.0,790.0,808.0,4,887.0
4.0,1.0,356.0,682.0,740.0,790.0,4,887.0
4.0,1.0,356.0,682.0,740.0,790.0,4,887.0
4.0,1.0,78.0,640.0,682.0,740.0,4,1008.0
4.0,32.0,34.0,44.0,241.0,484.0,4,911.0
4.0,32.0,34.0,241.0,302.0,484.0,4,911.0
4.0,32.0,34.0,241.0,302.0,624.0,4,911.0
4.0,32.0,44.0,302.0,624.0,627.0,4,911.0
4.0,32.0,34.0,44.0,241.0,624.0,4,627.0
4.0,32.0,302.0,539.0,624.0,627.0,4,911.0
4.0,32.0,44.0,484.0,539.0,627.0,4,911.0
4.0,32.0,44.0,241.0,484.0,539.0,4,627.0
4.0,32.0,34.0,44.0,241.0,624.0,4,911.0
4.0,32.0,44.0,539.0,624.0,627.0,4,911.0
4.0,23.0,33.0,215.0,613.0,822.0,4,1027.0
4.0,23.0,33.0,822.0,855.0,959.0,4,1027.0
4.0,23.0,33.0,822.0,855.0,959.0,4,1027.0
4.0,23.0,613.0,822.0,855.0,903.0,4,959.0
4.0,23.0,33.0,215.0,613.0,822.0,4,855.0
4.0,23.0,33.0,613.0,822.0,959.0,4,1027.0
4.0,23.0,33.0,613.0,822.0,959.0,4,1027.0
4.0,23.0,33.0,613.0,822.0,959.0,4,1027.0
4.0,23.0,215.0,613.0,822.0,855.0,4,1027.0
4.0,23.0,33.0,215.0,613.0,822.0,4,1027.0
4.0,8.0,74.0,136.0,747.0,905.0,4,984.0
4.0,8.0,12.0,136.0,400.0,699.0,4,984.0
4.0,8.0,12.0,57.0,136.0,400.0,4,699.0
4.0,8.0,12.0,74.0,400.0,747.0,4,984.0
4.0,8.0,12.0,74.0,136.0,747.0,4,984.0
4.0,8.0,12.0,74.0,136.0,747.0,4,984.0
4.0,8.0,74.0,136.0,747.0,905.0,4,984.0
4.0,8.0,12.0,136.0,400.0,905.0,4,984.0
4.0,8.0,12.0,57.0,74.0,400.0,4,905.0
4.0,8.0,12.0,57.0,74.0,400.0,4,905.0
4.0,8.0,57.0,74.0,136.0,400.0,4,747.0
4.0,8.0,12.0,74.0,136.0,747.0,4,984.0
4.0,8.0,74.0,136.0,747.0,905.0,4,984.0
4.0,8.0,74.0,136.0,747.0,905.0,4,984.0
4.0,8.0,12.0,74.0,136.0,400.0,4,984.0
4.0,8.0,12.0,57.0,74.0,346.0,4,400.0
4.0,8.0,57.0,136.0,346.0,400.0,4,747.0
4.0,8.0,74.0,136.0,346.0,747.0,4,984.0
4.0,8.0,74.0,136.0,747.0,905.0,4,984.0
4.0,8.0,12.0,74.0,400.0,747.0,4,984.0
4.0,8.0,12.0,74.0,400.0,747.0,4,984.0
4.0,8.0,12.0,74.0,136.0,400.0,4,984.0
4.0,8.0,12.0,136.0,400.0,699.0,4,984.0
4.0,8.0,12.0,74.0,400.0,699.0,4,984.0
4.0,8.0,12.0,74.0,400.0,699.0,4,984.0
4.0,8.0,57.0,74.0,136.0,400.0,4,747.0
4.0,8.0,12.0,74.0,136.0,747.0,4,984.0
4.0,8.0,12.0,346.0,400.0,905.0,4,984.0
4.0,8.0,74.0,136.0,747.0,905.0,4,984.0
4.0,8.0,12.0,136.0,400.0,905.0,4,984.0
4.0,8.0,12.0,57.0,74.0,400.0,4,905.0
4.0,8.0,12.0,57.0,136.0,400.0,4,905.0
4.0,8.0,12.0,74.0,136.0,747.0,4,984.0
4.0,8.0,12.0,74.0,136.0,747.0,4,984.0
4.0,30.0,240.0,657.0,829.0,953.0,4,963.0
4.0,30.0,657.0,829.0,952.0,953.0,4,963.0
4.0,30.0,165.0,348.0,657.0,689.0,4,952.0
4.0,30.0,68.0,657.0,829.0,953.0,4,963.0
4.0,30.0,68.0,657.0,829.0,953.0,4,963.0
4.0,30.0,657.0,689.0,829.0,953.0,4,963.0
4.0,30.0,348.0,689.0,829.0,952.0,4,963.0
4.0,30.0,165.0,348.0,657.0,689.0,4,952.0
4.0,30.0,165.0,348.0,657.0,689.0,4,952.0
4.0,30.0,657.0,689.0,829.0,953.0,4,963.0
4.0,24.0,425.0,463.0,576.0,750.0,4,863.0
4.0,24.0,425.0,463.0,576.0,750.0,4,863.0
4.0,24.0,463.0,576.0,746.0,863.0,4,947.0
4.0,24.0,463.0,576.0,746.0,863.0,4,947.0
4.0,24.0,321.0,425.0,576.0,888.0,4,947.0
4.0,24.0,321.0,425.0,576.0,888.0,4,947.0
4.0,24.0,425.0,463.0,576.0,863.0,4,888.0
4.0,8.0,74.0,151.0,400.0,575.0,4,747.0
4.0,8.0,74.0,151.0,400.0,575.0,4,747.0
4.0,8.0,12.0,74.0,151.0,153.0,4,984.0
4.0,8.0,74.0,151.0,400.0,747.0,4,984.0
4.0,8.0,74.0,151.0,400.0,575.0,4,747.0
4.0,8.0,151.0,153.0,400.0,747.0,4,984.0
4.0,8.0,74.0,153.0,346.0,400.0,4,984.0
4.0,8.0,74.0,151.0,400.0,575.0,4,747.0
4.0,8.0,153.0,346.0,400.0,905.0,4,984.0
4.0,8.0,74.0,153.0,346.0,400.0,4,984.0
4.0,8.0,74.0,151.0,153.0,400.0,4,747.0
4.0,8.0,74.0,151.0,153.0,400.0,4,747.0
4.0,8.0,74.0,151.0,400.0,575.0,4,747.0
4.0,8.0,74.0,346.0,400.0,699.0,4,984.0
4.0,18.0,226.0,579.0,642.0,702.0,4,1015.0
4.0,18.0,181.0,579.0,642.0,702.0,4,758.0
4.0,18.0,579.0,642.0,702.0,758.0,4,1015.0
4.0,18.0,579.0,642.0,685.0,702.0,4,758.0
4.0,18.0,181.0,642.0,685.0,702.0,4,758.0
4.0,18.0,181.0,514.0,685.0,702.0,4,758.0
4.0,18.0,579.0,642.0,685.0,702.0,4,1015.0
4.0,18.0,579.0,642.0,685.0,702.0,4,1015.0
4.0,8.0,74.0,136.0,151.0,575.0,4,747.0
4.0,8.0,153.0,346.0,400.0,905.0,4,984.0
4.0,8.0,153.0,346.0,400.0,905.0,4,984.0
4.0,8.0,74.0,136.0,151.0,747.0,4,984.0
4.0,8.0,74.0,136.0,151.0,575.0,4,747.0
4.0,8.0,74.0,151.0,153.0,400.0,4,747.0
4.0,8.0,151.0,153.0,400.0,905.0,4,984.0
4.0,8.0,153.0,346.0,400.0,905.0,4,984.0
4.0,8.0,346.0,400.0,747.0,905.0,4,984.0
4.0,8.0,74.0,136.0,151.0,400.0,4,747.0
4.0,8.0,74.0,136.0,151.0,400.0,4,747.0
4.0,8.0,74.0,136.0,151.0,153.0,4,747.0
4.0,8.0,136.0,151.0,153.0,400.0,4,905.0
4.0,8.0,74.0,136.0,400.0,747.0,4,984.0
4.0,8.0,74.0,136.0,151.0,400.0,4,747.0
4.0,8.0,74.0,136.0,151.0,400.0,4,747.0
4.0,8.0,74.0,136.0,151.0,575.0,4,747.0
4.0,8.0,74.0,136.0,575.0,747.0,4,984.0
4.0,8.0,74.0,136.0,575.0,747.0,4,984.0
4.0,8.0,74.0,136.0,153.0,400.0,4,984.0
4.0,8.0,74.0,136.0,151.0,575.0,4,747.0
4.0,8.0,74.0,136.0,151.0,575.0,4,747.0
4.0,13.0,80.0,91.0,238.0,320.0,4,866.0
4.0,13.0,80.0,91.0,238.0,320.0,4,866.0
4.0,13.0,80.0,238.0,320.0,811.0,4,866.0
4.0,13.0,16.0,80.0,91.0,238.0,4,320.0
4.0,13.0,16.0,80.0,91.0,238.0,4,320.0
4.0,13.0,91.0,238.0,319.0,320.0,4,866.0
4.0,13.0,16.0,91.0,319.0,387.0,4,811.0
4.0,13.0,238.0,319.0,320.0,387.0,4,866.0
4.0,13.0,238.0,319.0,320.0,387.0,4,866.0
4.0,13.0,80.0,91.0,238.0,320.0,4,866.0
4.0,29.0,86.0,132.0,338.0,874.0,4,990.0
4.0,29.0,86.0,132.0,338.0,874.0,4,990.0
4.0,29.0,86.0,132.0,242.0,331.0,4,338.0
4.0,29.0,132.0,242.0,331.0,769.0,4,990.0
4.0,29.0,132.0,242.0,331.0,769.0,4,990.0
4.0,29.0,132.0,331.0,769.0,874.0,4,990.0
4.0,29.0,331.0,456.0,769.0,874.0,4,990.0
4.0,29.0,86.0,242.0,769.0,874.0,4,990.0
4.0,29.0,86.0,132.0,338.0,874.0,4,990.0
4.0,29.0,86.0,132.0,242.0,769.0,4,990.0
4.0,29.0,86.0,132.0,242.0,331.0,4,769.0
4.0,29.0,86.0,132.0,242.0,331.0,4,769.0
4.0,29.0,132.0,242.0,331.0,769.0,4,990.0
4.0,29.0,86.0,132.0,242.0,338.0,4,990.0
4.0,29.0,227.0,283.0,331.0,478.0,4,769.0
4.0,8.0,74.0,136.0,151.0,747.0,4,905.0
4.0,8.0,12.0,57.0,136.0,400.0,4,699.0
4.0,8.0,74.0,151.0,400.0,747.0,4,905.0
4.0,8.0,12.0,74.0,151.0,346.0,4,400.0
4.0,8.0,12.0,57.0,151.0,346.0,4,400.0
4.0,8.0,12.0,57.0,136.0,346.0,4,400.0
4.0,8.0,12.0,57.0,136.0,151.0,4,400.0
4.0,8.0,12.0,136.0,151.0,153.0,4,400.0
4.0,8.0,12.0,136.0,153.0,400.0,4,984.0
4.0,8.0,12.0,136.0,153.0,400.0,4,984.0
4.0,8.0,12.0,74.0,153.0,400.0,4,984.0
4.0,8.0,12.0,74.0,400.0,747.0,4,984.0
4.0,8.0,12.0,74.0,400.0,747.0,4,984.0
4.0,8.0,74.0,136.0,151.0,747.0,4,984.0
4.0,8.0,74.0,136.0,151.0,747.0,4,984.0
4.0,8.0,136.0,151.0,346.0,400.0,4,747.0
4.0,8.0,74.0,136.0,151.0,575.0,4,747.0
4.0,8.0,74.0,136.0,151.0,575.0,4,747.0
4.0,8.0,12.0,74.0,136.0,151.0,4,747.0
4.0,8.0,12.0,74.0,136.0,151.0,4,747.0
4.0,8.0,12.0,74.0,136.0,151.0,4,575.0
4.0,8.0,12.0,136.0,151.0,400.0,4,575.0
4.0,8.0,12.0,136.0,400.0,575.0,4,984.0
4.0,8.0,57.0,74.0,346.0,905.0,4,984.0
4.0,8.0,74.0,136.0,151.0,575.0,4,747.0
4.0,8.0,12.0,136.0,151.0,400.0,4,747.0
4.0,8.0,12.0,136.0,400.0,699.0,4,984.0
4.0,8.0,12.0,74.0,400.0,699.0,4,984.0
4.0,8.0,74.0,136.0,151.0,747.0,4,984.0
4.0,8.0,74.0,136.0,151.0,575.0,4,747.0
4.0,8.0,74.0,136.0,151.0,575.0,4,747.0
4.0,8.0,74.0,136.0,151.0,575.0,4,747.0
4.0,8.0,12.0,346.0,400.0,699.0,4,984.0
4.0,8.0,74.0,136.0,151.0,747.0,4,905.0
4.0,8.0,74.0,136.0,151.0,747.0,4,905.0
4.0,8.0,12.0,136.0,151.0,400.0,4,699.0
4.0,8.0,12.0,151.0,346.0,400.0,4,699.0
4.0,8.0,12.0,346.0,400.0,699.0,4,984.0
4.0,8.0,12.0,346.0,400.0,699.0,4,984.0
4.0,8.0,12.0,136.0,400.0,747.0,4,984.0
4.0,8.0,74.0,136.0,151.0,747.0,4,984.0
4.0,8.0,74.0,136.0,151.0,747.0,4,905.0
4.0,8.0,12.0,74.0,136.0,151.0,4,699.0
4.0,8.0,12.0,57.0,346.0,400.0,4,699.0
4.0,8.0,57.0,74.0,400.0,699.0,4,827.0
4.0,30.0,68.0,348.0,350.0,657.0,4,952.0
4.0,30.0,68.0,348.0,350.0,657.0,4,952.0
4.0,30.0,348.0,350.0,829.0,953.0,4,963.0
4.0,30.0,348.0,350.0,829.0,953.0,4,963.0
4.0,30.0,348.0,350.0,829.0,953.0,4,963.0
4.0,30.0,68.0,348.0,829.0,953.0,4,963.0
4.0,30.0,68.0,348.0,350.0,953.0,4,963.0
4.0,30.0,348.0,350.0,829.0,953.0,4,963.0
4.0,8.0,74.0,136.0,151.0,575.0,4,747.0
4.0,8.0,74.0,136.0,151.0,575.0,4,747.0
4.0,8.0,12.0,136.0,400.0,699.0,4,984.0
4.0,8.0,12.0,74.0,136.0,151.0,4,747.0
4.0,8.0,12.0,74.0,136.0,151.0,4,747.0
4.0,8.0,12.0,136.0,400.0,575.0,4,984.0
4.0,8.0,74.0,136.0,151.0,747.0,4,984.0
4.0,8.0,74.0,136.0,151.0,400.0,4,747.0
4.0,8.0,74.0,136.0,151.0,575.0,4,747.0
4.0,8.0,12.0,74.0,400.0,699.0,4,984.0
4.0,8.0,74.0,136.0,151.0,747.0,4,984.0
4.0,8.0,74.0,136.0,151.0,747.0,4,984.0
4.0,8.0,12.0,136.0,400.0,747.0,4,984.0
4.0,8.0,74.0,136.0,151.0,747.0,4,984.0
4.0,8.0,74.0,136.0,151.0,747.0,4,984.0
4.0,8.0,74.0,136.0,151.0,747.0,4,984.0
4.0,8.0,12.0,74.0,136.0,151.0,4,575.0
4.0,8.0,12.0,136.0,151.0,400.0,4,575.0
4.0,8.0,12.0,136.0,400.0,699.0,4,984.0
4.0,8.0,12.0,74.0,400.0,747.0,4,984.0
4.0,8.0,12.0,74.0,400.0,747.0,4,984.0
4.0,8.0,12.0,74.0,151.0,747.0,4,984.0
4.0,8.0,74.0,136.0,151.0,747.0,4,984.0
4.0,8.0,74.0,136.0,151.0,747.0,4,984.0
4.0,8.0,74.0,136.0,151.0,575.0,4,747.0
4.0,8.0,12.0,74.0,136.0,151.0,4,575.0
4.0,8.0,12.0,136.0,400.0,575.0,4,984.0
4.0,8.0,12.0,136.0,400.0,747.0,4,984.0
4.0,8.0,12.0,74.0,400.0,747.0,4,984.0
4.0,8.0,12.0,74.0,400.0,747.0,4,984.0
4.0,8.0,57.0,74.0,400.0,699.0,4,905.0
4.0,34.0,36.0,506.0,583.0,753.0,4,814.0
4.0,34.0,36.0,383.0,506.0,753.0,4,814.0
4.0,34.0,404.0,736.0,753.0,814.0,4,975.0
4.0,34.0,36.0,404.0,506.0,753.0,4,814.0
4.0,34.0,15.0,36.0,506.0,753.0,4,1033.0
4.0,34.0,15.0,506.0,753.0,975.0,4,1033.0
4.0,34.0,15.0,736.0,753.0,975.0,4,1033.0
4.0,34.0,36.0,506.0,753.0,814.0,4,1033.0
4.0,9.0,169.0,366.0,845.0,941.0,4,968.0
4.0,9.0,76.0,81.0,85.0,149.0,4,1019.0
4.0,9.0,81.0,85.0,149.0,941.0,4,968.0
4.0,9.0,81.0,85.0,366.0,941.0,4,968.0
4.0,9.0,76.0,81.0,85.0,149.0,4,1019.0
4.0,9.0,76.0,85.0,941.0,968.0,4,1019.0
4.0,6.0,55.0,213.0,499.0,809.0,4,867.0
4.0,6.0,55.0,61.0,213.0,499.0,4,867.0
4.0,6.0,171.0,397.0,499.0,656.0,4,809.0
4.0,6.0,55.0,171.0,397.0,656.0,4,809.0
4.0,6.0,55.0,171.0,213.0,397.0,4,809.0
4.0,6.0,55.0,171.0,213.0,397.0,4,809.0
4.0,6.0,55.0,213.0,397.0,499.0,4,809.0
4.0,6.0,55.0,213.0,397.0,499.0,4,809.0
4.0,6.0,55.0,213.0,499.0,656.0,4,809.0
4.0,6.0,61.0,171.0,499.0,809.0,4,867.0
4.0,6.0,61.0,171.0,397.0,499.0,4,809.0
4.0,26.0,40.0,488.0,536.0,914.0,4,948.0
4.0,26.0,40.0,333.0,488.0,684.0,4,948.0
4.0,26.0,333.0,536.0,634.0,684.0,4,948.0
4.0,26.0,315.0,333.0,536.0,634.0,4,948.0
4.0,26.0,40.0,315.0,488.0,536.0,4,914.0
4.0,26.0,40.0,315.0,333.0,488.0,4,536.0
4.0,26.0,333.0,488.0,536.0,914.0,4,948.0
4.0,26.0,40.0,315.0,536.0,634.0,4,948.0
4.0,26.0,40.0,315.0,333.0,634.0,4,948.0
4.0,8.0,12.0,136.0,151.0,153.0,4,400.0
4.0,8.0,12.0,136.0,151.0,153.0,4,400.0
4.0,8.0,12.0,74.0,400.0,747.0,4,984.0
4.0,8.0,74.0,136.0,151.0,575.0,4,747.0
4.0,8.0,74.0,136.0,151.0,575.0,4,747.0
4.0,8.0,12.0,136.0,151.0,400.0,4,575.0
4.0,8.0,12.0,74.0,400.0,575.0,4,984.0
4.0,8.0,74.0,136.0,151.0,400.0,4,747.0
4.0,8.0,74.0,136.0,151.0,400.0,4,747.0
4.0,8.0,74.0,136.0,151.0,575.0,4,747.0
4.0,8.0,12.0,74.0,153.0,400.0,4,984.0
4.0,8.0,74.0,151.0,575.0,747.0,4,984.0
4.0,8.0,74.0,136.0,151.0,575.0,4,747.0
4.0,8.0,12.0,136.0,151.0,400.0,4,747.0
4.0,8.0,74.0,136.0,151.0,575.0,4,747.0
4.0,8.0,12.0,74.0,153.0,400.0,4,984.0
4.0,8.0,74.0,136.0,151.0,575.0,4,747.0
4.0,18.0,181.0,226.0,514.0,579.0,4,702.0
4.0,18.0,226.0,579.0,702.0,886.0,4,1015.0
4.0,18.0,64.0,622.0,758.0,886.0,4,1015.0
4.0,18.0,181.0,226.0,514.0,579.0,4,702.0
4.0,18.0,181.0,226.0,514.0,579.0,4,702.0
4.0,18.0,181.0,226.0,514.0,579.0,4,702.0
4.0,18.0,64.0,702.0,758.0,886.0,4,1015.0
4.0,18.0,64.0,622.0,758.0,886.0,4,1015.0
4.0,18.0,226.0,579.0,702.0,886.0,4,1015.0
4.0,8.0,12.0,74.0,136.0,151.0,4,575.0
4.0,8.0,136.0,153.0,400.0,575.0,4,984.0
4.0,8.0,12.0,74.0,136.0,400.0,4,984.0
4.0,8.0,74.0,153.0,346.0,400.0,4,984.0
4.0,8.0,57.0,153.0,346.0,400.0,4,984.0
4.0,8.0,12.0,74.0,136.0,400.0,4,984.0
4.0,8.0,12.0,74.0,136.0,400.0,4,984.0
4.0,10.0,234.0,285.0,310.0,731.0,4,918.0
4.0,10.0,234.0,285.0,310.0,731.0,4,918.0
4.0,10.0,285.0,310.0,472.0,731.0,4,1007.0
4.0,10.0,310.0,472.0,731.0,826.0,4,1007.0
4.0,10.0,234.0,285.0,310.0,826.0,4,918.0
4.0,10.0,52.0,234.0,285.0,731.0,4,918.0
4.0,10.0,52.0,234.0,285.0,731.0,4,826.0
4.0,10.0,52.0,234.0,285.0,731.0,4,826.0
4.0,8.0,74.0,136.0,151.0,575.0,4,747.0
4.0,8.0,74.0,136.0,151.0,575.0,4,747.0
4.0,8.0,136.0,151.0,153.0,400.0,4,575.0
4.0,8.0,12.0,136.0,151.0,153.0,4,400.0
4.0,8.0,74.0,136.0,151.0,153.0,4,575.0
4.0,8.0,12.0,136.0,151.0,400.0,4,575.0
4.0,8.0,12.0,74.0,136.0,747.0,4,984.0
4.0,8.0,74.0,136.0,151.0,747.0,4,984.0
4.0,8.0,74.0,136.0,151.0,747.0,4,984.0
4.0,15.0,659.0,714.0,860.0,872.0,4,1036.0
4.0,15.0,659.0,714.0,860.0,872.0,4,1036.0
4.0,15.0,229.0,714.0,872.0,960.0,4,1036.0
4.0,15.0,229.0,714.0,872.0,960.0,4,1036.0
4.0,15.0,229.0,457.0,860.0,960.0,4,1036.0
4.0,15.0,229.0,457.0,860.0,960.0,4,1036.0
4.0,15.0,229.0,457.0,872.0,960.0,4,1036.0
4.0,15.0,229.0,714.0,872.0,960.0,4,1036.0
4.0,15.0,229.0,714.0,860.0,872.0,4,960.0
4.0,15.0,229.0,714.0,860.0,872.0,4,1036.0
4.0,11.0,173.0,580.0,602.0,638.0,4,895.0
4.0,11.0,1.0,103.0,150.0,188.0,4,602.0
4.0,11.0,1.0,150.0,188.0,520.0,4,638.0
4.0,11.0,1.0,150.0,188.0,520.0,4,638.0
4.0,11.0,1.0,150.0,188.0,520.0,4,638.0
4.0,11.0,1.0,150.0,188.0,520.0,4,638.0
4.0,11.0,150.0,188.0,520.0,602.0,4,638.0
4.0,11.0,150.0,188.0,520.0,602.0,4,638.0
4.0,11.0,173.0,580.0,602.0,638.0,4,895.0
4.0,11.0,173.0,580.0,602.0,638.0,4,895.0
4.0,11.0,1.0,150.0,188.0,520.0,4,895.0
4.0,11.0,1.0,150.0,188.0,520.0,4,895.0
4.0,11.0,1.0,150.0,188.0,520.0,4,895.0
4.0,17.0,47.0,135.0,182.0,299.0,4,619.0
4.0,17.0,47.0,182.0,299.0,505.0,4,635.0
4.0,17.0,47.0,182.0,299.0,505.0,4,635.0
4.0,17.0,47.0,182.0,299.0,505.0,4,635.0
4.0,8.0,74.0,400.0,575.0,747.0,4,984.0
4.0,8.0,74.0,400.0,575.0,747.0,4,984.0
4.0,8.0,12.0,74.0,153.0,346.0,4,984.0
4.0,8.0,153.0,346.0,400.0,747.0,4,984.0
4.0,8.0,153.0,346.0,400.0,747.0,4,984.0
4.0,8.0,74.0,400.0,575.0,747.0,4,984.0
4.0,8.0,74.0,400.0,575.0,747.0,4,984.0
4.0,8.0,12.0,74.0,400.0,747.0,4,984.0
4.0,8.0,12.0,74.0,400.0,747.0,4,984.0
4.0,8.0,12.0,74.0,400.0,747.0,4,984.0
4.0,8.0,400.0,575.0,747.0,822.0,4,1027.0
4.0,8.0,12.0,153.0,400.0,822.0,4,1027.0
4.0,8.0,12.0,153.0,400.0,822.0,4,1027.0
4.0,8.0,215.0,400.0,747.0,822.0,4,1027.0
4.0,8.0,74.0,575.0,747.0,822.0,4,1027.0
4.0,8.0,74.0,575.0,747.0,822.0,4,1027.0
4.0,8.0,12.0,153.0,400.0,822.0,4,1027.0
4.0,8.0,74.0,400.0,747.0,822.0,4,1027.0
4.0,8.0,74.0,575.0,747.0,822.0,4,984.0
4.0,28.0,41.0,608.0,754.0,859.0,4,1016.0
4.0,28.0,41.0,110.0,608.0,859.0,4,1016.0
4.0,28.0,110.0,639.0,754.0,785.0,4,1016.0
4.0,28.0,110.0,639.0,754.0,785.0,4,1016.0
4.0,28.0,41.0,608.0,754.0,859.0,4,1016.0
4.0,28.0,41.0,110.0,608.0,754.0,4,859.0
4.0,28.0,110.0,608.0,754.0,785.0,4,1016.0
4.0,28.0,41.0,608.0,754.0,859.0,4,1016.0
4.0,28.0,41.0,608.0,754.0,859.0,4,1016.0
4.0,8.0,400.0,575.0,747.0,822.0,4,1027.0
4.0,8.0,12.0,153.0,400.0,822.0,4,1027.0
4.0,8.0,12.0,74.0,153.0,400.0,4,822.0
4.0,8.0,74.0,400.0,747.0,822.0,4,984.0
4.0,8.0,575.0,747.0,822.0,984.0,4,1027.0
4.0,8.0,575.0,747.0,822.0,984.0,4,1027.0
4.0,8.0,153.0,400.0,575.0,822.0,4,1027.0
4.0,8.0,74.0,153.0,400.0,822.0,4,1027.0
4.0,8.0,74.0,153.0,400.0,747.0,4,822.0
4.0,8.0,74.0,400.0,575.0,747.0,4,822.0
4.0,8.0,74.0,575.0,747.0,984.0,4,1027.0
4.0,8.0,12.0,153.0,400.0,822.0,4,984.0
4.0,8.0,12.0,153.0,400.0,822.0,4,984.0
4.0,8.0,12.0,153.0,400.0,822.0,4,1027.0
4.0,8.0,12.0,400.0,747.0,822.0,4,1027.0
4.0,8.0,12.0,74.0,400.0,747.0,4,822.0
4.0,8.0,74.0,575.0,747.0,984.0,4,1027.0
4.0,8.0,74.0,575.0,747.0,984.0,4,1027.0
4.0,8.0,153.0,400.0,575.0,984.0,4,1027.0
4.0,8.0,12.0,153.0,346.0,400.0,4,822.0
4.0,8.0,346.0,400.0,593.0,822.0,4,957.0
4.0,8.0,346.0,400.0,593.0,957.0,4,984.0
4.0,33.0,125.0,267.0,337.0,361.0,4,789.0
4.0,33.0,14.0,45.0,125.0,301.0,4,361.0
4.0,33.0,14.0,125.0,301.0,361.0,4,789.0
4.0,33.0,14.0,45.0,267.0,361.0,4,807.0
4.0,33.0,14.0,45.0,267.0,789.0,4,807.0
4.0,33.0,14.0,125.0,267.0,789.0,4,807.0
4.0,33.0,125.0,301.0,361.0,607.0,4,789.0
4.0,33.0,125.0,301.0,361.0,607.0,4,789.0
4.0,33.0,45.0,125.0,301.0,361.0,4,607.0
4.0,33.0,14.0,125.0,267.0,789.0,4,807.0
4.0,13.0,16.0,91.0,161.0,319.0,4,320.0
4.0,13.0,16.0,91.0,161.0,319.0,4,811.0
4.0,13.0,16.0,161.0,238.0,319.0,4,811.0
4.0,13.0,91.0,161.0,730.0,811.0,4,866.0
4.0,13.0,16.0,91.0,161.0,319.0,4,811.0
4.0,13.0,16.0,91.0,238.0,319.0,4,730.0
4.0,13.0,16.0,91.0,238.0,319.0,4,730.0
4.0,27.0,373.0,439.0,662.0,711.0,4,924.0
4.0,27.0,1.0,439.0,527.0,662.0,4,711.0
4.0,27.0,1.0,439.0,527.0,662.0,4,711.0
4.0,27.0,1.0,439.0,527.0,662.0,4,711.0
4.0,27.0,1.0,439.0,527.0,711.0,4,842.0
4.0,27.0,1.0,527.0,711.0,842.0,4,1034.0
4.0,27.0,1.0,527.0,711.0,842.0,4,1034.0
4.0,27.0,1.0,344.0,527.0,842.0,4,1034.0
4.0,8.0,346.0,575.0,747.0,984.0,4,1027.0
4.0,8.0,12.0,153.0,400.0,822.0,4,1027.0
4.0,8.0,12.0,400.0,747.0,822.0,4,984.0
4.0,8.0,346.0,575.0,747.0,984.0,4,1027.0
4.0,8.0,400.0,575.0,747.0,822.0,4,1027.0
4.0,8.0,153.0,400.0,575.0,822.0,4,1027.0
4.0,8.0,12.0,153.0,400.0,822.0,4,984.0
4.0,8.0,12.0,346.0,400.0,957.0,4,984.0
4.0,0.0,13.0,418.0,493.0,589.0,4,1037.0
4.0,0.0,418.0,535.0,589.0,686.0,4,1037.0
4.0,0.0,418.0,535.0,589.0,686.0,4,1037.0
4.0,0.0,13.0,465.0,493.0,535.0,4,589.0
4.0,0.0,13.0,418.0,493.0,686.0,4,1037.0
4.0,0.0,13.0,204.0,418.0,686.0,4,1037.0
4.0,25.0,158.0,300.0,380.0,798.0,4,864.0
4.0,25.0,106.0,294.0,380.0,421.0,4,453.0
4.0,25.0,106.0,294.0,380.0,421.0,4,453.0
4.0,25.0,106.0,294.0,380.0,421.0,4,453.0
4.0,25.0,106.0,294.0,380.0,421.0,4,453.0
4.0,25.0,294.0,421.0,453.0,798.0,4,864.0
4.0,25.0,294.0,421.0,453.0,798.0,4,864.0
4.0,25.0,106.0,294.0,421.0,453.0,4,798.0
4.0,25.0,106.0,294.0,421.0,453.0,4,798.0
4.0,25.0,106.0,294.0,380.0,421.0,4,453.0
4.0,16.0,155.0,296.0,325.0,623.0,4,674.0
4.0,16.0,155.0,296.0,325.0,623.0,4,674.0
4.0,16.0,155.0,427.0,495.0,713.0,4,719.0
4.0,16.0,155.0,296.0,495.0,713.0,4,719.0
4.0,16.0,155.0,296.0,495.0,623.0,4,713.0
4.0,16.0,155.0,296.0,325.0,623.0,4,713.0
4.0,16.0,155.0,296.0,325.0,623.0,4,713.0
4.0,16.0,305.0,427.0,495.0,623.0,4,719.0
4.0,16.0,155.0,296.0,495.0,623.0,4,713.0
4.0,16.0,155.0,296.0,495.0,623.0,4,713.0
4.0,8.0,215.0,575.0,747.0,984.0,4,1027.0
4.0,8.0,215.0,400.0,575.0,747.0,4,984.0
4.0,8.0,153.0,215.0,400.0,575.0,4,984.0
4.0,8.0,12.0,153.0,215.0,400.0,4,984.0
4.0,8.0,12.0,153.0,346.0,400.0,4,1027.0
4.0,8.0,12.0,153.0,346.0,400.0,4,1027.0
4.0,8.0,12.0,346.0,400.0,747.0,4,1027.0
4.0,8.0,215.0,400.0,575.0,984.0,4,1027.0
4.0,8.0,215.0,575.0,747.0,984.0,4,1027.0
4.0,8.0,215.0,575.0,747.0,984.0,4,1027.0
4.0,8.0,12.0,153.0,215.0,400.0,4,984.0
4.0,8.0,12.0,153.0,346.0,400.0,4,957.0
4.0,8.0,12.0,153.0,400.0,822.0,4,984.0
4.0,8.0,12.0,215.0,400.0,747.0,4,822.0
4.0,8.0,215.0,575.0,747.0,822.0,4,1027.0
4.0,8.0,215.0,575.0,747.0,984.0,4,1027.0
4.0,8.0,12.0,215.0,575.0,822.0,4,984.0
4.0,8.0,12.0,400.0,747.0,822.0,4,1027.0
4.0,8.0,12.0,400.0,747.0,822.0,4,1027.0
4.0,8.0,12.0,400.0,747.0,822.0,4,1027.0
4.0,8.0,12.0,400.0,747.0,822.0,4,1027.0
4.0,8.0,12.0,575.0,822.0,984.0,4,1027.0
4.0,8.0,215.0,346.0,575.0,747.0,4,984.0
4.0,8.0,153.0,215.0,400.0,747.0,4,822.0
4.0,8.0,153.0,215.0,400.0,747.0,4,822.0
4.0,8.0,12.0,153.0,215.0,400.0,4,822.0
4.0,8.0,12.0,153.0,215.0,400.0,4,822.0
4.0,8.0,12.0,400.0,575.0,822.0,4,984.0
4.0,8.0,12.0,346.0,575.0,822.0,4,984.0
4.0,8.0,215.0,400.0,575.0,747.0,4,984.0
4.0,8.0,215.0,400.0,575.0,747.0,4,984.0
4.0,8.0,215.0,400.0,575.0,747.0,4,822.0
4.0,8.0,12.0,153.0,215.0,400.0,4,822.0
4.0,8.0,12.0,153.0,400.0,822.0,4,984.0
4.0,8.0,12.0,153.0,400.0,822.0,4,984.0
4.0,8.0,12.0,153.0,346.0,822.0,4,984.0
4.0,8.0,153.0,215.0,400.0,822.0,4,1027.0
4.0,8.0,12.0,153.0,215.0,400.0,4,822.0
4.0,8.0,215.0,400.0,747.0,984.0,4,1027.0
4.0,8.0,12.0,215.0,747.0,984.0,4,1027.0
4.0,8.0,12.0,215.0,747.0,984.0,4,1027.0
4.0,8.0,215.0,747.0,822.0,984.0,4,1027.0
4.0,8.0,12.0,400.0,747.0,822.0,4,1027.0
4.0,8.0,215.0,400.0,747.0,984.0,4,1027.0
4.0,8.0,215.0,400.0,747.0,984.0,4,1027.0
4.0,8.0,215.0,400.0,747.0,822.0,4,984.0
4.0,29.0,242.0,338.0,670.0,874.0,4,990.0
4.0,29.0,86.0,338.0,456.0,670.0,4,874.0
4.0,29.0,86.0,227.0,338.0,874.0,4,990.0
4.0,29.0,86.0,227.0,338.0,874.0,4,990.0
4.0,29.0,86.0,456.0,670.0,874.0,4,990.0
4.0,29.0,86.0,242.0,338.0,456.0,4,670.0
4.0,29.0,86.0,242.0,670.0,874.0,4,990.0
4.0,14.0,254.0,592.0,609.0,700.0,4,786.0
4.0,14.0,592.0,609.0,688.0,786.0,4,922.0
4.0,14.0,48.0,609.0,688.0,897.0,4,922.0
4.0,14.0,48.0,254.0,592.0,609.0,4,922.0
4.0,14.0,48.0,254.0,592.0,700.0,4,786.0
4.0,14.0,254.0,592.0,609.0,688.0,4,786.0
4.0,14.0,254.0,592.0,609.0,700.0,4,786.0
4.0,8.0,12.0,400.0,593.0,822.0,4,984.0
4.0,8.0,215.0,747.0,822.0,984.0,4,1027.0
4.0,8.0,215.0,747.0,822.0,984.0,4,1027.0
4.0,8.0,215.0,575.0,747.0,984.0,4,1027.0
4.0,8.0,215.0,575.0,747.0,984.0,4,1027.0
4.0,8.0,215.0,575.0,747.0,822.0,4,1027.0
4.0,8.0,12.0,215.0,400.0,822.0,4,1027.0
4.0,8.0,215.0,575.0,747.0,822.0,4,984.0
4.0,8.0,215.0,575.0,747.0,822.0,4,984.0
4.0,7.0,112.0,277.0,396.0,455.0,4,902.0
4.0,7.0,112.0,396.0,455.0,791.0,4,902.0
4.0,7.0,181.0,386.0,396.0,455.0,4,791.0
4.0,7.0,112.0,277.0,396.0,455.0,4,902.0
4.0,7.0,112.0,277.0,396.0,455.0,4,902.0
4.0,7.0,112.0,181.0,277.0,396.0,4,791.0
4.0,7.0,112.0,181.0,277.0,396.0,4,791.0
4.0,7.0,112.0,396.0,455.0,791.0,4,902.0
4.0,7.0,386.0,396.0,455.0,791.0,4,902.0
4.0,7.0,386.0,396.0,455.0,791.0,4,902.0
4.0,24.0,570.0,576.0,863.0,888.0,4,947.0
4.0,24.0,321.0,425.0,576.0,750.0,4,888.0
4.0,24.0,200.0,321.0,425.0,743.0,4,750.0
4.0,24.0,200.0,321.0,425.0,743.0,4,750.0
4.0,24.0,200.0,425.0,743.0,750.0,4,863.0
4.0,24.0,570.0,576.0,863.0,888.0,4,947.0
4.0,24.0,576.0,750.0,863.0,888.0,4,947.0
4.0,24.0,321.0,425.0,576.0,743.0,4,750.0
4.0,24.0,200.0,321.0,425.0,743.0,4,750.0
4.0,24.0,570.0,576.0,750.0,863.0,4,947.0
4.0,8.0,215.0,575.0,747.0,822.0,4,984.0
4.0,8.0,215.0,400.0,575.0,747.0,4,822.0
4.0,8.0,215.0,400.0,575.0,747.0,4,822.0
4.0,8.0,12.0,400.0,747.0,822.0,4,984.0
4.0,8.0,400.0,575.0,747.0,822.0,4,984.0
4.0,8.0,346.0,400.0,575.0,747.0,4,822.0
4.0,8.0,346.0,575.0,747.0,822.0,4,984.0
4.0,8.0,12.0,400.0,747.0,822.0,4,984.0
4.0,8.0,12.0,400.0,747.0,822.0,4,984.0
4.0,8.0,12.0,400.0,747.0,822.0,4,984.0
4.0,8.0,12.0,346.0,400.0,593.0,4,822.0
4.0,8.0,346.0,575.0,747.0,822.0,4,984.0
4.0,8.0,153.0,400.0,575.0,822.0,4,984.0
4.0,8.0,346.0,575.0,747.0,822.0,4,984.0
4.0,8.0,74.0,153.0,400.0,575.0,4,984.0
4.0,8.0,74.0,346.0,575.0,593.0,4,984.0
4.0,8.0,346.0,400.0,575.0,593.0,4,984.0
4.0,8.0,400.0,575.0,593.0,822.0,4,984.0
4.0,8.0,153.0,400.0,575.0,822.0,4,984.0
4.0,8.0,153.0,346.0,400.0,593.0,4,822.0
4.0,8.0,346.0,400.0,593.0,822.0,4,984.0
4.0,8.0,346.0,400.0,593.0,822.0,4,984.0
4.0,33.0,14.0,258.0,267.0,361.0,4,789.0
4.0,33.0,267.0,301.0,337.0,470.0,4,789.0
4.0,33.0,267.0,301.0,337.0,361.0,4,470.0
4.0,33.0,14.0,267.0,301.0,361.0,4,789.0
4.0,33.0,14.0,267.0,301.0,361.0,4,789.0
4.0,33.0,14.0,267.0,301.0,470.0,4,789.0
4.0,33.0,14.0,258.0,267.0,361.0,4,789.0
4.0,33.0,14.0,258.0,267.0,361.0,4,789.0
4.0,33.0,258.0,267.0,301.0,361.0,4,470.0
4.0,33.0,14.0,267.0,301.0,361.0,4,789.0
4.0,32.0,44.0,524.0,624.0,627.0,4,824.0
4.0,32.0,34.0,232.0,524.0,624.0,4,911.0
4.0,32.0,44.0,241.0,444.0,627.0,4,824.0
4.0,32.0,44.0,241.0,444.0,627.0,4,824.0
4.0,32.0,44.0,241.0,444.0,627.0,4,824.0
4.0,32.0,44.0,241.0,444.0,627.0,4,824.0
4.0,32.0,44.0,444.0,624.0,824.0,4,911.0
4.0,32.0,34.0,232.0,524.0,624.0,4,911.0
4.0,1.0,577.0,790.0,808.0,820.0,4,898.0
4.0,1.0,356.0,682.0,790.0,808.0,4,820.0
4.0,1.0,356.0,682.0,740.0,808.0,4,1008.0
4.0,1.0,577.0,740.0,790.0,820.0,4,898.0
4.0,1.0,577.0,790.0,808.0,820.0,4,898.0
4.0,1.0,356.0,577.0,790.0,808.0,4,820.0
4.0,1.0,577.0,790.0,808.0,820.0,4,898.0
4.0,1.0,356.0,682.0,740.0,790.0,4,808.0
4.0,1.0,356.0,682.0,740.0,790.0,4,808.0
4.0,1.0,356.0,577.0,790.0,808.0,4,820.0
4.0,1.0,577.0,682.0,790.0,808.0,4,820.0
4.0,23.0,33.0,215.0,613.0,822.0,4,957.0
4.0,23.0,33.0,215.0,822.0,959.0,4,1027.0
4.0,23.0,382.0,822.0,855.0,959.0,4,1027.0
4.0,23.0,33.0,822.0,957.0,959.0,4,1027.0
4.0,23.0,33.0,822.0,855.0,959.0,4,1027.0
4.0,23.0,33.0,613.0,822.0,855.0,4,1027.0
4.0,23.0,33.0,613.0,822.0,855.0,4,1027.0
4.0,23.0,215.0,613.0,822.0,855.0,4,1027.0
4.0,23.0,613.0,822.0,855.0,959.0,4,1027.0
4.0,23.0,382.0,613.0,855.0,959.0,4,1027.0
4.0,23.0,33.0,382.0,855.0,959.0,4,1027.0
4.0,23.0,33.0,382.0,822.0,855.0,4,1027.0
4.0,4.0,259.0,487.0,561.0,646.0,4,936.0
4.0,4.0,118.0,126.0,426.0,646.0,4,768.0
4.0,4.0,118.0,259.0,487.0,601.0,4,853.0
4.0,4.0,259.0,487.0,601.0,646.0,4,936.0
4.0,4.0,259.0,487.0,561.0,646.0,4,936.0
4.0,4.0,259.0,487.0,561.0,646.0,4,936.0
4.0,4.0,259.0,487.0,561.0,601.0,4,646.0
4.0,4.0,126.0,601.0,768.0,853.0,4,936.0
4.0,4.0,126.0,601.0,768.0,853.0,4,936.0
4.0,23.0,33.0,215.0,822.0,959.0,4,1027.0
4.0,23.0,62.0,382.0,855.0,959.0,4,1027.0
4.0,23.0,62.0,382.0,855.0,959.0,4,1027.0
4.0,23.0,62.0,382.0,855.0,959.0,4,1027.0
4.0,23.0,215.0,613.0,855.0,959.0,4,1027.0
4.0,23.0,215.0,613.0,855.0,959.0,4,1027.0
4.0,23.0,33.0,215.0,613.0,822.0,4,855.0
4.0,23.0,33.0,215.0,822.0,959.0,4,1027.0
4.0,23.0,215.0,382.0,855.0,959.0,4,1027.0
4.0,23.0,62.0,382.0,855.0,959.0,4,1027.0
4.0,23.0,33.0,382.0,822.0,855.0,4,959.0
4.0,23.0,33.0,215.0,822.0,855.0,4,959.0
4.0,23.0,33.0,215.0,822.0,855.0,4,959.0
4.0,23.0,62.0,382.0,855.0,959.0,4,1027.0
4.0,23.0,33.0,215.0,822.0,855.0,4,959.0
4.0,23.0,33.0,215.0,613.0,822.0,4,855.0
4.0,23.0,33.0,215.0,613.0,822.0,4,855.0
4.0,23.0,33.0,215.0,613.0,855.0,4,959.0
4.0,23.0,33.0,215.0,613.0,957.0,4,959.0
4.0,23.0,33.0,613.0,957.0,959.0,4,1027.0
4.0,23.0,62.0,215.0,822.0,855.0,4,1027.0
4.0,23.0,62.0,215.0,822.0,855.0,4,1027.0
4.0,17.0,47.0,108.0,290.0,505.0,4,635.0
4.0,17.0,108.0,290.0,328.0,505.0,4,635.0
4.0,17.0,108.0,290.0,328.0,505.0,4,635.0
4.0,17.0,47.0,182.0,299.0,328.0,4,586.0
4.0,17.0,108.0,290.0,505.0,508.0,4,635.0
4.0,17.0,47.0,108.0,182.0,505.0,4,635.0
4.0,17.0,47.0,108.0,182.0,505.0,4,635.0
4.0,17.0,47.0,108.0,182.0,505.0,4,635.0
4.0,17.0,47.0,108.0,182.0,586.0,4,635.0
4.0,17.0,290.0,299.0,505.0,586.0,4,635.0
4.0,17.0,299.0,328.0,586.0,619.0,4,635.0
4.0,23.0,62.0,382.0,613.0,959.0,4,1027.0
4.0,23.0,33.0,215.0,613.0,822.0,4,1027.0
4.0,23.0,33.0,215.0,613.0,822.0,4,959.0
4.0,23.0,382.0,613.0,822.0,959.0,4,1027.0
4.0,23.0,33.0,215.0,613.0,959.0,4,1027.0
4.0,18.0,226.0,579.0,702.0,886.0,4,1015.0
4.0,18.0,64.0,181.0,758.0,886.0,4,1015.0
4.0,18.0,64.0,579.0,702.0,886.0,4,1015.0
4.0,18.0,181.0,226.0,579.0,702.0,4,886.0
4.0,18.0,181.0,579.0,593.0,702.0,4,886.0
4.0,18.0,181.0,579.0,702.0,932.0,4,1015.0
4.0,18.0,181.0,579.0,702.0,886.0,4,1015.0
4.0,18.0,181.0,579.0,702.0,886.0,4,1015.0
4.0,23.0,33.0,215.0,613.0,822.0,4,957.0
4.0,23.0,33.0,215.0,822.0,957.0,4,959.0
4.0,23.0,62.0,822.0,957.0,959.0,4,1027.0
4.0,23.0,62.0,847.0,957.0,959.0,4,1027.0
4.0,23.0,33.0,215.0,613.0,822.0,4,1027.0
4.0,23.0,33.0,822.0,957.0,959.0,4,1027.0
4.0,23.0,33.0,215.0,613.0,822.0,4,1027.0
4.0,23.0,33.0,215.0,613.0,822.0,4,1027.0
4.0,29.0,132.0,456.0,647.0,874.0,4,990.0
4.0,29.0,132.0,242.0,647.0,769.0,4,990.0
4.0,29.0,132.0,283.0,456.0,647.0,4,990.0
4.0,29.0,132.0,242.0,283.0,647.0,4,990.0
4.0,29.0,86.0,132.0,227.0,283.0,4,338.0
4.0,29.0,86.0,132.0,242.0,283.0,4,990.0
4.0,29.0,86.0,132.0,242.0,283.0,4,990.0
4.0,29.0,86.0,227.0,242.0,283.0,4,990.0
4.0,29.0,86.0,132.0,242.0,283.0,4,990.0
4.0,10.0,52.0,285.0,731.0,918.0,4,1007.0
4.0,10.0,211.0,285.0,731.0,918.0,4,1007.0
4.0,10.0,285.0,460.0,731.0,826.0,4,843.0
4.0,10.0,52.0,285.0,731.0,918.0,4,1007.0
4.0,10.0,211.0,285.0,731.0,826.0,4,918.0
4.0,10.0,52.0,285.0,731.0,826.0,4,918.0
4.0,10.0,52.0,285.0,731.0,826.0,4,918.0
4.0,13.0,91.0,238.0,319.0,320.0,4,866.0
4.0,13.0,16.0,91.0,320.0,811.0,4,866.0
4.0,13.0,16.0,91.0,320.0,811.0,4,866.0
4.0,13.0,116.0,238.0,319.0,320.0,4,817.0
4.0,13.0,91.0,116.0,320.0,817.0,4,1026.0
4.0,13.0,91.0,116.0,320.0,817.0,4,1026.0
4.0,13.0,91.0,238.0,319.0,320.0,4,866.0
4.0,13.0,91.0,238.0,319.0,320.0,4,866.0
4.0,13.0,91.0,116.0,320.0,811.0,4,866.0
4.0,13.0,91.0,116.0,320.0,811.0,4,866.0
4.0,13.0,91.0,116.0,319.0,320.0,4,866.0
4.0,13.0,16.0,91.0,116.0,319.0,4,817.0
4.0,13.0,91.0,238.0,320.0,811.0,4,866.0
4.0,13.0,91.0,116.0,319.0,320.0,4,866.0
4.0,23.0,33.0,215.0,613.0,822.0,4,855.0
4.0,23.0,33.0,215.0,613.0,822.0,4,1027.0
4.0,23.0,33.0,215.0,822.0,959.0,4,1027.0
4.0,23.0,33.0,215.0,382.0,855.0,4,959.0
4.0,23.0,33.0,215.0,822.0,855.0,4,1027.0
4.0,23.0,33.0,215.0,613.0,822.0,4,855.0
4.0,23.0,33.0,215.0,822.0,855.0,4,959.0
4.0,23.0,215.0,822.0,855.0,959.0,4,1027.0
4.0,23.0,215.0,613.0,855.0,959.0,4,1027.0
4.0,23.0,215.0,613.0,822.0,855.0,4,1027.0
4.0,23.0,33.0,215.0,613.0,822.0,4,1027.0
4.0,23.0,33.0,613.0,822.0,959.0,4,1027.0
4.0,23.0,33.0,613.0,822.0,959.0,4,1027.0
4.0,23.0,53.0,62.0,613.0,957.0,4,959.0
4.0,9.0,81.0,149.0,366.0,968.0,4,1019.0
4.0,9.0,81.0,149.0,366.0,968.0,4,1019.0
4.0,9.0,81.0,149.0,366.0,968.0,4,1019.0
4.0,9.0,85.0,828.0,845.0,941.0,4,968.0
4.0,9.0,85.0,828.0,845.0,941.0,4,968.0
4.0,9.0,85.0,828.0,845.0,941.0,4,968.0
4.0,9.0,76.0,81.0,149.0,366.0,4,1019.0
4.0,23.0,33.0,215.0,613.0,822.0,4,1027.0
4.0,23.0,33.0,215.0,613.0,822.0,4,957.0
4.0,23.0,33.0,382.0,822.0,957.0,4,959.0
4.0,23.0,33.0,62.0,382.0,959.0,4,1027.0
4.0,23.0,33.0,215.0,613.0,822.0,4,1027.0
4.0,23.0,33.0,215.0,613.0,822.0,4,1027.0
4.0,23.0,33.0,215.0,822.0,959.0,4,1027.0
4.0,23.0,33.0,382.0,613.0,959.0,4,1027.0
4.0,23.0,33.0,215.0,613.0,822.0,4,1027.0
4.0,32.0,34.0,302.0,524.0,624.0,4,627.0
4.0,32.0,34.0,302.0,524.0,624.0,4,627.0
4.0,32.0,241.0,302.0,484.0,624.0,4,627.0
4.0,32.0,34.0,44.0,241.0,484.0,4,624.0
4.0,32.0,34.0,241.0,302.0,524.0,4,911.0
4.0,32.0,34.0,241.0,302.0,484.0,4,911.0
4.0,32.0,34.0,44.0,484.0,524.0,4,624.0
4.0,32.0,34.0,44.0,484.0,524.0,4,624.0
4.0,32.0,34.0,44.0,241.0,484.0,4,524.0
4.0,23.0,33.0,215.0,822.0,855.0,4,1027.0
4.0,23.0,33.0,822.0,855.0,959.0,4,1027.0
4.0,23.0,822.0,855.0,903.0,959.0,4,1027.0
4.0,23.0,33.0,215.0,613.0,822.0,4,1027.0
4.0,23.0,33.0,215.0,613.0,822.0,4,1027.0
4.0,23.0,33.0,822.0,903.0,959.0,4,1027.0
4.0,23.0,822.0,855.0,903.0,959.0,4,1027.0
4.0,23.0,33.0,215.0,855.0,903.0,4,959.0
4.0,23.0,33.0,215.0,903.0,959.0,4,1027.0
4.0,23.0,33.0,613.0,822.0,903.0,4,1027.0
4.0,23.0,33.0,613.0,822.0,903.0,4,1027.0
4.0,23.0,33.0,215.0,613.0,822.0,4,1027.0
4.0,23.0,215.0,822.0,855.0,959.0,4,1027.0
4.0,23.0,33.0,613.0,903.0,959.0,4,1027.0
4.0,23.0,33.0,215.0,822.0,855.0,4,959.0
4.0,23.0,33.0,215.0,822.0,959.0,4,1027.0
4.0,23.0,33.0,215.0,613.0,822.0,4,1027.0
4.0,23.0,33.0,215.0,822.0,959.0,4,1027.0
4.0,23.0,33.0,613.0,822.0,903.0,4,959.0
4.0,23.0,33.0,613.0,822.0,903.0,4,959.0
4.0,23.0,33.0,215.0,613.0,822.0,4,1027.0
4.0,23.0,33.0,215.0,613.0,822.0,4,1027.0
4.0,23.0,33.0,215.0,613.0,822.0,4,1027.0
4.0,34.0,36.0,355.0,404.0,506.0,4,753.0
4.0,34.0,36.0,355.0,589.0,753.0,4,1033.0
4.0,34.0,36.0,506.0,589.0,753.0,4,1033.0
4.0,34.0,404.0,506.0,589.0,753.0,4,1033.0
4.0,34.0,404.0,506.0,589.0,753.0,4,1033.0
4.0,34.0,15.0,404.0,506.0,589.0,4,1033.0
4.0,34.0,355.0,404.0,506.0,753.0,4,1033.0
4.0,34.0,36.0,355.0,404.0,506.0,4,753.0
4.0,34.0,36.0,355.0,404.0,506.0,4,753.0
4.0,23.0,33.0,215.0,613.0,822.0,4,1027.0
4.0,23.0,33.0,215.0,613.0,822.0,4,1027.0
4.0,23.0,33.0,822.0,855.0,959.0,4,1027.0
4.0,23.0,215.0,855.0,903.0,959.0,4,1027.0
4.0,23.0,33.0,215.0,613.0,822.0,4,1027.0
4.0,23.0,33.0,215.0,822.0,903.0,4,959.0
4.0,23.0,33.0,613.0,822.0,959.0,4,1027.0
4.0,23.0,33.0,215.0,613.0,822.0,4,1027.0
4.0,23.0,215.0,822.0,855.0,959.0,4,1027.0
4.0,23.0,215.0,613.0,903.0,959.0,4,1027.0
4.0,23.0,33.0,613.0,822.0,903.0,4,1027.0
4.0,23.0,33.0,215.0,613.0,822.0,4,1027.0
4.0,23.0,613.0,822.0,903.0,959.0,4,1027.0
4.0,23.0,33.0,215.0,822.0,903.0,4,959.0
4.0,23.0,33.0,215.0,382.0,822.0,4,1027.0
4.0,6.0,35.0,55.0,61.0,213.0,4,730.0
4.0,6.0,397.0,420.0,459.0,730.0,4,809.0
4.0,6.0,35.0,55.0,61.0,213.0,4,730.0
4.0,6.0,55.0,61.0,397.0,730.0,4,809.0
4.0,6.0,35.0,213.0,420.0,459.0,4,809.0
4.0,6.0,35.0,213.0,420.0,459.0,4,809.0
4.0,6.0,35.0,55.0,213.0,420.0,4,809.0
4.0,23.0,33.0,215.0,613.0,822.0,4,1027.0
4.0,23.0,33.0,215.0,822.0,903.0,4,1027.0
4.0,23.0,215.0,822.0,855.0,903.0,4,959.0
4.0,23.0,613.0,855.0,903.0,959.0,4,1027.0
4.0,23.0,33.0,613.0,855.0,959.0,4,1027.0
4.0,23.0,33.0,613.0,855.0,959.0,4,1027.0
4.0,23.0,33.0,215.0,822.0,855.0,4,1027.0
4.0,23.0,33.0,215.0,613.0,822.0,4,1027.0
4.0,23.0,215.0,822.0,855.0,903.0,4,959.0
4.0,23.0,33.0,613.0,855.0,959.0,4,1027.0
4.0,23.0,33.0,613.0,855.0,959.0,4,1027.0
4.0,23.0,33.0,613.0,855.0,959.0,4,1027.0
4.0,23.0,33.0,613.0,855.0,959.0,4,1027.0
4.0,23.0,33.0,215.0,613.0,822.0,4,1027.0
4.0,23.0,33.0,215.0,822.0,903.0,4,959.0
4.0,23.0,613.0,822.0,855.0,903.0,4,959.0
4.0,23.0,33.0,215.0,613.0,822.0,4,903.0
4.0,23.0,33.0,215.0,613.0,822.0,4,1027.0
4.0,23.0,33.0,215.0,613.0,822.0,4,1027.0
4.0,23.0,33.0,215.0,822.0,903.0,4,959.0
4.0,23.0,822.0,855.0,903.0,959.0,4,1027.0
4.0,23.0,33.0,613.0,855.0,959.0,4,1027.0
4.0,23.0,33.0,215.0,613.0,822.0,4,1027.0
4.0,16.0,133.0,155.0,296.0,623.0,4,1039.0
4.0,16.0,133.0,155.0,296.0,623.0,4,1039.0
4.0,16.0,133.0,296.0,495.0,553.0,4,623.0
4.0,16.0,155.0,296.0,427.0,495.0,4,674.0
4.0,16.0,155.0,296.0,495.0,623.0,4,674.0
4.0,16.0,133.0,155.0,296.0,495.0,4,623.0
4.0,25.0,294.0,398.0,421.0,453.0,4,864.0
4.0,25.0,294.0,355.0,398.0,453.0,4,864.0
4.0,25.0,106.0,294.0,355.0,380.0,4,398.0
4.0,25.0,294.0,380.0,398.0,421.0,4,453.0
4.0,25.0,294.0,355.0,380.0,398.0,4,453.0
4.0,25.0,294.0,355.0,398.0,453.0,4,864.0
4.0,25.0,294.0,355.0,398.0,453.0,4,864.0
4.0,25.0,294.0,380.0,398.0,421.0,4,453.0
4.0,23.0,33.0,822.0,855.0,903.0,4,959.0
4.0,23.0,382.0,822.0,855.0,903.0,4,959.0
4.0,23.0,382.0,822.0,855.0,903.0,4,959.0
4.0,23.0,382.0,855.0,903.0,959.0,4,1027.0
4.0,23.0,33.0,215.0,855.0,959.0,4,1027.0
4.0,23.0,215.0,822.0,855.0,959.0,4,1027.0
4.0,23.0,215.0,822.0,855.0,903.0,4,959.0
4.0,23.0,33.0,822.0,855.0,959.0,4,1027.0
4.0,23.0,33.0,822.0,855.0,959.0,4,1027.0
4.0,23.0,33.0,822.0,855.0,959.0,4,1027.0
4.0,23.0,33.0,613.0,822.0,855.0,4,1027.0
4.0,23.0,382.0,822.0,903.0,959.0,4,1027.0
4.0,23.0,382.0,613.0,855.0,903.0,4,959.0
4.0,23.0,33.0,382.0,613.0,822.0,4,1027.0
4.0,23.0,33.0,613.0,822.0,855.0,4,1027.0
4.0,23.0,33.0,613.0,822.0,855.0,4,1027.0
4.0,23.0,33.0,613.0,822.0,855.0,4,1027.0
4.0,23.0,382.0,822.0,903.0,959.0,4,1027.0
4.0,23.0,33.0,613.0,822.0,959.0,4,1027.0
4.0,23.0,33.0,613.0,822.0,959.0,4,1027.0
4.0,23.0,33.0,613.0,822.0,959.0,4,1027.0
4.0,27.0,146.0,363.0,711.0,924.0,4,1005.0
4.0,27.0,146.0,359.0,439.0,662.0,4,711.0
4.0,27.0,146.0,359.0,363.0,439.0,4,711.0
4.0,27.0,373.0,439.0,711.0,924.0,4,1005.0
4.0,27.0,363.0,439.0,662.0,924.0,4,1005.0
4.0,27.0,359.0,363.0,439.0,527.0,4,842.0
4.0,27.0,359.0,439.0,527.0,711.0,4,842.0
4.0,14.0,48.0,254.0,592.0,700.0,4,786.0
4.0,14.0,48.0,254.0,592.0,609.0,4,700.0
4.0,14.0,48.0,254.0,592.0,700.0,4,786.0
4.0,14.0,48.0,254.0,592.0,609.0,4,700.0
4.0,14.0,592.0,609.0,786.0,897.0,4,922.0
4.0,14.0,592.0,609.0,786.0,897.0,4,922.0
4.0,14.0,254.0,592.0,609.0,700.0,4,786.0
4.0,28.0,41.0,218.0,665.0,754.0,4,1016.0
4.0,28.0,41.0,218.0,665.0,754.0,4,1016.0
4.0,28.0,608.0,665.0,754.0,785.0,4,859.0
4.0,28.0,41.0,665.0,754.0,859.0,4,1016.0
4.0,28.0,41.0,608.0,665.0,754.0,4,1016.0
4.0,28.0,41.0,608.0,665.0,754.0,4,859.0
4.0,33.0,14.0,45.0,255.0,789.0,4,807.0
4.0,33.0,14.0,45.0,255.0,789.0,4,807.0
4.0,33.0,14.0,45.0,255.0,789.0,4,807.0
4.0,33.0,45.0,125.0,301.0,698.0,4,854.0
4.0,33.0,45.0,125.0,255.0,301.0,4,698.0
4.0,33.0,45.0,125.0,255.0,301.0,4,698.0
4.0,33.0,14.0,45.0,125.0,255.0,4,301.0
4.0,33.0,14.0,255.0,361.0,789.0,4,807.0
4.0,33.0,255.0,361.0,607.0,789.0,4,807.0
4.0,33.0,14.0,45.0,255.0,789.0,4,807.0
4.0,33.0,14.0,45.0,125.0,255.0,4,807.0
4.0,33.0,45.0,125.0,301.0,698.0,4,854.0
4.0,33.0,45.0,125.0,301.0,698.0,4,854.0
4.0,33.0,45.0,125.0,255.0,301.0,4,698.0
4.0,33.0,14.0,45.0,125.0,255.0,4,807.0
4.0,23.0,33.0,382.0,822.0,903.0,4,959.0
4.0,23.0,382.0,613.0,903.0,959.0,4,1027.0
4.0,23.0,33.0,382.0,613.0,855.0,4,959.0
4.0,23.0,33.0,613.0,822.0,855.0,4,1027.0
4.0,23.0,33.0,822.0,903.0,959.0,4,1027.0
4.0,23.0,33.0,822.0,903.0,959.0,4,1027.0
4.0,23.0,33.0,215.0,822.0,903.0,4,959.0
4.0,23.0,382.0,613.0,903.0,959.0,4,1027.0
4.0,23.0,382.0,613.0,903.0,959.0,4,1027.0
4.0,23.0,382.0,613.0,903.0,959.0,4,1027.0
4.0,23.0,33.0,215.0,613.0,822.0,4,1027.0
4.0,23.0,33.0,215.0,613.0,822.0,4,1027.0
4.0,23.0,382.0,613.0,822.0,903.0,4,1027.0
4.0,23.0,382.0,613.0,822.0,903.0,4,1027.0
4.0,23.0,33.0,382.0,822.0,903.0,4,1027.0
4.0,11.0,173.0,580.0,602.0,638.0,4,895.0
4.0,11.0,1.0,150.0,173.0,602.0,4,638.0
4.0,11.0,1.0,150.0,173.0,602.0,4,638.0
4.0,11.0,173.0,580.0,602.0,638.0,4,895.0
4.0,11.0,1.0,150.0,173.0,520.0,4,602.0
4.0,11.0,1.0,150.0,188.0,520.0,4,784.0
4.0,11.0,1.0,150.0,173.0,188.0,4,520.0
4.0,11.0,1.0,173.0,520.0,580.0,4,602.0
4.0,30.0,240.0,657.0,829.0,953.0,4,963.0
4.0,30.0,68.0,348.0,829.0,953.0,4,963.0
4.0,30.0,68.0,165.0,348.0,657.0,4,953.0
4.0,30.0,68.0,165.0,240.0,348.0,4,657.0
4.0,30.0,68.0,240.0,348.0,829.0,4,963.0
4.0,30.0,240.0,348.0,618.0,953.0,4,963.0
4.0,30.0,240.0,618.0,657.0,953.0,4,963.0
4.0,30.0,240.0,618.0,657.0,953.0,4,963.0
4.0,30.0,68.0,165.0,240.0,657.0,4,829.0
4.0,30.0,348.0,657.0,829.0,953.0,4,963.0
4.0,30.0,240.0,348.0,829.0,953.0,4,963.0
4.0,24.0,321.0,425.0,576.0,750.0,4,888.0
4.0,24.0,200.0,463.0,576.0,746.0,4,863.0
4.0,24.0,463.0,576.0,746.0,863.0,4,947.0
4.0,24.0,425.0,576.0,750.0,863.0,4,888.0
4.0,24.0,321.0,425.0,576.0,750.0,4,888.0
4.0,24.0,425.0,576.0,750.0,863.0,4,888.0
4.0,23.0,33.0,215.0,613.0,822.0,4,1027.0
4.0,23.0,33.0,215.0,613.0,822.0,4,1027.0
4.0,23.0,33.0,382.0,822.0,855.0,4,959.0
4.0,23.0,382.0,855.0,903.0,959.0,4,1027.0
4.0,23.0,33.0,215.0,822.0,855.0,4,1027.0
4.0,23.0,33.0,215.0,613.0,822.0,4,1027.0
4.0,23.0,33.0,822.0,855.0,959.0,4,1027.0
4.0,23.0,33.0,822.0,855.0,959.0,4,1027.0
4.0,23.0,215.0,822.0,855.0,903.0,4,959.0
4.0,23.0,215.0,822.0,855.0,903.0,4,959.0
4.0,23.0,33.0,215.0,855.0,959.0,4,1027.0
4.0,23.0,33.0,215.0,822.0,855.0,4,1027.0
4.0,23.0,33.0,215.0,613.0,822.0,4,1027.0
4.0,23.0,33.0,215.0,822.0,855.0,4,959.0
4.0,23.0,33.0,215.0,822.0,855.0,4,959.0
4.0,23.0,382.0,613.0,855.0,903.0,4,959.0
4.0,23.0,33.0,613.0,903.0,959.0,4,1027.0
4.0,23.0,33.0,613.0,822.0,903.0,4,1027.0
4.0,23.0,33.0,215.0,613.0,822.0,4,1027.0
4.0,23.0,613.0,855.0,903.0,959.0,4,1027.0
4.0,23.0,33.0,215.0,613.0,822.0,4,903.0
4.0,0.0,13.0,493.0,535.0,686.0,4,713.0
4.0,0.0,13.0,418.0,493.0,695.0,4,1037.0
4.0,0.0,13.0,204.0,418.0,535.0,4,695.0
4.0,0.0,13.0,204.0,418.0,535.0,4,686.0
4.0,0.0,13.0,493.0,535.0,686.0,4,713.0
4.0,0.0,13.0,493.0,535.0,686.0,4,713.0
4.0,0.0,13.0,493.0,535.0,686.0,4,713.0
4.0,0.0,418.0,493.0,535.0,695.0,4,1037.0
4.0,0.0,13.0,418.0,493.0,535.0,4,713.0
4.0,0.0,13.0,493.0,535.0,686.0,4,713.0
4.0,23.0,33.0,215.0,613.0,822.0,4,855.0
4.0,23.0,33.0,215.0,822.0,957.0,4,959.0
4.0,23.0,62.0,382.0,613.0,957.0,4,959.0
4.0,23.0,33.0,215.0,613.0,822.0,4,957.0
4.0,23.0,33.0,215.0,613.0,822.0,4,957.0
4.0,23.0,33.0,215.0,822.0,957.0,4,959.0
4.0,23.0,33.0,215.0,613.0,957.0,4,959.0
4.0,23.0,33.0,215.0,613.0,957.0,4,959.0
4.0,23.0,33.0,215.0,613.0,822.0,4,957.0
4.0,23.0,33.0,215.0,613.0,822.0,4,903.0
4.0,23.0,33.0,215.0,822.0,903.0,4,959.0
4.0,23.0,215.0,822.0,903.0,957.0,4,959.0
4.0,23.0,33.0,382.0,613.0,957.0,4,959.0
4.0,23.0,33.0,215.0,382.0,613.0,4,822.0
4.0,23.0,33.0,215.0,822.0,903.0,4,959.0
4.0,23.0,33.0,215.0,613.0,903.0,4,959.0
4.0,23.0,53.0,62.0,382.0,957.0,4,959.0
4.0,26.0,40.0,315.0,488.0,536.0,4,914.0
4.0,26.0,315.0,333.0,488.0,634.0,4,948.0
4.0,26.0,333.0,536.0,634.0,684.0,4,948.0
4.0,26.0,40.0,315.0,488.0,536.0,4,914.0
4.0,26.0,40.0,315.0,488.0,536.0,4,948.0
4.0,26.0,333.0,536.0,634.0,948.0,4,961.0
4.0,26.0,40.0,315.0,333.0,634.0,4,948.0
4.0,26.0,40.0,315.0,333.0,634.0,4,948.0
4.0,26.0,40.0,315.0,333.0,634.0,4,948.0
4.0,26.0,40.0,315.0,333.0,634.0,4,948.0
4.0,23.0,33.0,215.0,613.0,822.0,4,957.0
4.0,23.0,33.0,215.0,613.0,822.0,4,957.0
4.0,23.0,613.0,822.0,903.0,959.0,4,1027.0
4.0,23.0,33.0,215.0,822.0,957.0,4,1027.0
4.0,23.0,33.0,215.0,822.0,903.0,4,1027.0
4.0,23.0,33.0,215.0,613.0,822.0,4,957.0
4.0,23.0,33.0,613.0,822.0,957.0,4,1027.0
4.0,23.0,33.0,822.0,903.0,959.0,4,1027.0
4.0,23.0,613.0,822.0,903.0,959.0,4,1027.0
4.0,23.0,33.0,215.0,613.0,822.0,4,957.0
4.0,23.0,33.0,215.0,613.0,822.0,4,957.0
4.0,23.0,33.0,215.0,613.0,822.0,4,957.0
4.0,23.0,822.0,903.0,957.0,959.0,4,1027.0
4.0,23.0,215.0,822.0,957.0,959.0,4,1027.0
4.0,23.0,215.0,822.0,903.0,959.0,4,1027.0
4.0,23.0,613.0,822.0,903.0,959.0,4,1027.0
4.0,23.0,33.0,215.0,613.0,959.0,4,1027.0
4.0,23.0,33.0,215.0,613.0,822.0,4,957.0
4.0,23.0,613.0,822.0,903.0,959.0,4,1027.0
4.0,23.0,33.0,215.0,613.0,822.0,4,957.0
4.0,23.0,33.0,215.0,822.0,957.0,4,1027.0
4.0,23.0,33.0,215.0,822.0,959.0,4,1027.0
4.0,23.0,613.0,822.0,903.0,959.0,4,1027.0
4.0,23.0,613.0,903.0,957.0,959.0,4,1027.0
4.0,23.0,62.0,215.0,957.0,959.0,4,1027.0
4.0,23.0,33.0,215.0,613.0,822.0,4,1027.0
4.0,23.0,382.0,855.0,903.0,959.0,4,1027.0
4.0,23.0,33.0,613.0,855.0,959.0,4,1027.0
4.0,23.0,215.0,613.0,822.0,957.0,4,1027.0
4.0,23.0,33.0,215.0,613.0,822.0,4,957.0
4.0,23.0,215.0,855.0,903.0,959.0,4,1027.0
4.0,23.0,33.0,215.0,613.0,822.0,4,1027.0
4.0,23.0,33.0,136.0,151.0,613.0,4,855.0
4.0,23.0,33.0,136.0,151.0,613.0,4,903.0
4.0,23.0,33.0,136.0,151.0,903.0,4,959.0
4.0,23.0,33.0,382.0,613.0,903.0,4,959.0
4.0,23.0,33.0,382.0,613.0,903.0,4,959.0
4.0,23.0,33.0,136.0,151.0,613.0,4,855.0
4.0,23.0,382.0,613.0,855.0,903.0,4,959.0
4.0,23.0,382.0,613.0,855.0,903.0,4,959.0
4.0,23.0,136.0,382.0,613.0,903.0,4,959.0
4.0,6.0,55.0,61.0,171.0,397.0,4,809.0
4.0,6.0,55.0,61.0,171.0,397.0,4,809.0
4.0,6.0,55.0,61.0,171.0,397.0,4,809.0
4.0,6.0,55.0,61.0,171.0,397.0,4,809.0
4.0,6.0,55.0,61.0,171.0,397.0,4,809.0
4.0,6.0,55.0,61.0,171.0,213.0,4,873.0
4.0,6.0,30.0,55.0,61.0,213.0,4,873.0
4.0,6.0,30.0,61.0,213.0,397.0,4,873.0
4.0,16.0,155.0,296.0,325.0,623.0,4,674.0
4.0,16.0,296.0,495.0,623.0,674.0,4,719.0
4.0,16.0,427.0,495.0,623.0,674.0,4,719.0
4.0,16.0,155.0,296.0,305.0,495.0,4,719.0
4.0,16.0,155.0,296.0,305.0,495.0,4,623.0
4.0,16.0,155.0,296.0,495.0,623.0,4,719.0
4.0,16.0,155.0,296.0,325.0,623.0,4,674.0
4.0,16.0,155.0,296.0,325.0,623.0,4,674.0
4.0,16.0,155.0,296.0,325.0,623.0,4,674.0
4.0,16.0,155.0,296.0,305.0,495.0,4,719.0
4.0,16.0,155.0,296.0,305.0,495.0,4,719.0
4.0,25.0,106.0,294.0,398.0,421.0,4,453.0
4.0,25.0,294.0,398.0,421.0,453.0,4,864.0
4.0,25.0,294.0,380.0,398.0,421.0,4,864.0
4.0,25.0,294.0,398.0,421.0,453.0,4,864.0
4.0,25.0,158.0,294.0,453.0,798.0,4,864.0
4.0,25.0,158.0,294.0,453.0,798.0,4,864.0
4.0,25.0,294.0,421.0,453.0,798.0,4,864.0
4.0,25.0,294.0,421.0,453.0,798.0,4,864.0
4.0,23.0,33.0,136.0,613.0,855.0,4,959.0
4.0,23.0,33.0,136.0,382.0,903.0,4,959.0
4.0,23.0,57.0,136.0,382.0,440.0,4,903.0
4.0,23.0,33.0,57.0,440.0,613.0,4,959.0
4.0,23.0,33.0,136.0,613.0,855.0,4,959.0
4.0,23.0,33.0,136.0,382.0,903.0,4,959.0
4.0,23.0,33.0,136.0,382.0,903.0,4,959.0
4.0,23.0,57.0,136.0,382.0,440.0,4,903.0
4.0,23.0,33.0,57.0,440.0,613.0,4,903.0
4.0,23.0,382.0,440.0,613.0,903.0,4,959.0
4.0,23.0,256.0,440.0,847.0,903.0,4,959.0
4.0,23.0,256.0,440.0,847.0,905.0,4,959.0
4.0,23.0,33.0,136.0,440.0,613.0,4,959.0
4.0,23.0,33.0,136.0,440.0,613.0,4,959.0
4.0,23.0,57.0,382.0,440.0,903.0,4,905.0
4.0,23.0,33.0,57.0,382.0,440.0,4,613.0
4.0,23.0,33.0,136.0,613.0,903.0,4,959.0
4.0,23.0,33.0,136.0,613.0,903.0,4,959.0
4.0,23.0,33.0,136.0,613.0,903.0,4,959.0
4.0,23.0,57.0,136.0,613.0,903.0,4,905.0
4.0,23.0,57.0,136.0,440.0,613.0,4,905.0
4.0,23.0,33.0,57.0,136.0,613.0,4,905.0
4.0,0.0,13.0,383.0,418.0,493.0,4,589.0
4.0,0.0,204.0,418.0,465.0,686.0,4,1037.0
4.0,0.0,204.0,418.0,493.0,535.0,4,686.0
4.0,0.0,13.0,418.0,493.0,535.0,4,686.0
4.0,0.0,13.0,383.0,493.0,589.0,4,686.0
4.0,0.0,13.0,204.0,418.0,493.0,4,686.0
4.0,0.0,204.0,418.0,465.0,535.0,4,686.0
4.0,0.0,13.0,418.0,493.0,535.0,4,589.0
4.0,23.0,33.0,136.0,440.0,613.0,4,959.0
4.0,23.0,136.0,847.0,903.0,905.0,4,959.0
4.0,23.0,33.0,136.0,440.0,613.0,4,959.0
4.0,23.0,33.0,57.0,136.0,440.0,4,613.0
4.0,23.0,33.0,136.0,440.0,613.0,4,959.0
4.0,23.0,136.0,440.0,613.0,903.0,4,959.0
4.0,23.0,136.0,847.0,903.0,905.0,4,959.0
4.0,23.0,57.0,256.0,847.0,903.0,4,905.0
4.0,23.0,53.0,256.0,827.0,847.0,4,905.0
4.0,15.0,229.0,714.0,764.0,895.0,4,1036.0
4.0,15.0,229.0,393.0,764.0,960.0,4,1036.0
4.0,15.0,229.0,659.0,714.0,895.0,4,960.0
4.0,15.0,229.0,393.0,659.0,872.0,4,895.0
4.0,15.0,229.0,714.0,764.0,960.0,4,1036.0
4.0,15.0,229.0,714.0,895.0,960.0,4,1036.0
4.0,7.0,277.0,451.0,846.0,902.0,4,994.0
4.0,7.0,277.0,451.0,846.0,902.0,4,994.0
4.0,7.0,112.0,277.0,451.0,846.0,4,902.0
4.0,7.0,112.0,277.0,451.0,846.0,4,902.0
4.0,7.0,112.0,181.0,277.0,396.0,4,455.0
4.0,7.0,112.0,181.0,277.0,396.0,4,455.0
4.0,7.0,112.0,181.0,277.0,396.0,4,455.0
4.0,7.0,115.0,396.0,455.0,902.0,4,994.0
4.0,7.0,112.0,115.0,451.0,455.0,4,902.0
4.0,7.0,112.0,181.0,277.0,396.0,4,455.0
4.0,7.0,277.0,451.0,455.0,902.0,4,994.0
4.0,23.0,33.0,136.0,151.0,440.0,4,613.0
4.0,23.0,33.0,847.0,855.0,903.0,4,959.0
4.0,23.0,33.0,847.0,855.0,903.0,4,959.0
4.0,23.0,136.0,151.0,440.0,613.0,4,903.0
4.0,23.0,33.0,847.0,855.0,903.0,4,959.0
4.0,23.0,33.0,382.0,855.0,903.0,4,959.0
4.0,12.0,201.0,230.0,788.0,856.0,4,986.0
4.0,12.0,201.0,230.0,462.0,788.0,4,986.0
4.0,12.0,0.0,111.0,201.0,462.0,4,986.0
4.0,12.0,216.0,230.0,788.0,856.0,4,986.0
4.0,12.0,201.0,230.0,531.0,788.0,4,986.0
4.0,12.0,216.0,230.0,788.0,856.0,4,986.0
4.0,12.0,216.0,230.0,788.0,856.0,4,986.0
4.0,12.0,111.0,216.0,230.0,856.0,4,986.0
4.0,12.0,216.0,230.0,788.0,856.0,4,986.0
4.0,23.0,33.0,136.0,151.0,855.0,4,959.0
4.0,23.0,136.0,847.0,855.0,903.0,4,959.0
4.0,23.0,33.0,613.0,847.0,903.0,4,959.0
4.0,23.0,33.0,440.0,613.0,847.0,4,959.0
4.0,23.0,33.0,136.0,151.0,440.0,4,959.0
4.0,23.0,33.0,136.0,151.0,440.0,4,959.0
4.0,23.0,33.0,136.0,151.0,440.0,4,613.0
4.0,23.0,136.0,151.0,440.0,903.0,4,959.0
4.0,23.0,136.0,847.0,855.0,903.0,4,959.0
4.0,23.0,33.0,136.0,151.0,440.0,4,613.0
4.0,23.0,440.0,613.0,847.0,903.0,4,959.0
4.0,9.0,76.0,85.0,366.0,941.0,4,968.0
4.0,9.0,149.0,366.0,845.0,941.0,4,968.0
4.0,9.0,76.0,81.0,149.0,169.0,4,845.0
4.0,9.0,85.0,366.0,845.0,941.0,4,968.0
4.0,9.0,85.0,366.0,845.0,941.0,4,968.0
4.0,9.0,76.0,85.0,366.0,941.0,4,968.0
4.0,9.0,81.0,149.0,169.0,845.0,4,1019.0
4.0,17.0,47.0,108.0,135.0,505.0,4,635.0
4.0,17.0,47.0,108.0,135.0,505.0,4,635.0
4.0,17.0,47.0,108.0,135.0,505.0,4,635.0
4.0,17.0,47.0,108.0,135.0,586.0,4,635.0
4.0,23.0,33.0,136.0,151.0,613.0,4,855.0
4.0,23.0,33.0,440.0,847.0,903.0,4,959.0
4.0,23.0,136.0,847.0,855.0,903.0,4,959.0
4.0,23.0,136.0,847.0,855.0,903.0,4,959.0
4.0,23.0,136.0,151.0,847.0,855.0,4,903.0
4.0,23.0,33.0,136.0,151.0,440.0,4,613.0
4.0,23.0,33.0,136.0,440.0,613.0,4,959.0
4.0,23.0,136.0,440.0,613.0,903.0,4,959.0
4.0,23.0,136.0,151.0,855.0,903.0,4,959.0
4.0,23.0,33.0,136.0,151.0,440.0,4,613.0
4.0,23.0,136.0,151.0,440.0,903.0,4,959.0
4.0,23.0,33.0,613.0,847.0,903.0,4,959.0
4.0,23.0,33.0,613.0,847.0,903.0,4,959.0
4.0,23.0,33.0,136.0,151.0,903.0,4,959.0
4.0,23.0,33.0,136.0,151.0,903.0,4,959.0
4.0,23.0,33.0,136.0,151.0,903.0,4,959.0
4.0,23.0,136.0,440.0,847.0,903.0,4,959.0
4.0,23.0,33.0,57.0,613.0,903.0,4,959.0
4.0,23.0,33.0,57.0,613.0,903.0,4,959.0
4.0,23.0,33.0,57.0,151.0,613.0,4,903.0
4.0,23.0,57.0,136.0,151.0,613.0,4,855.0
4.0,23.0,33.0,136.0,151.0,855.0,4,959.0
4.0,23.0,33.0,136.0,151.0,855.0,4,959.0
4.0,23.0,136.0,151.0,903.0,905.0,4,959.0
4.0,23.0,33.0,57.0,613.0,903.0,4,959.0
4.0,23.0,33.0,136.0,151.0,903.0,4,959.0
4.0,23.0,33.0,136.0,151.0,905.0,4,959.0
4.0,23.0,57.0,136.0,382.0,905.0,4,959.0
4.0,23.0,57.0,136.0,382.0,440.0,4,959.0
4.0,23.0,33.0,382.0,440.0,613.0,4,959.0
4.0,23.0,33.0,382.0,440.0,613.0,4,959.0
4.0,23.0,57.0,136.0,903.0,905.0,4,959.0
4.0,23.0,57.0,136.0,382.0,905.0,4,959.0
4.0,23.0,57.0,136.0,382.0,905.0,4,959.0
4.0,23.0,33.0,136.0,440.0,613.0,4,959.0
4.0,23.0,33.0,136.0,151.0,440.0,4,959.0
4.0,23.0,33.0,136.0,151.0,905.0,4,959.0
4.0,23.0,33.0,136.0,151.0,613.0,4,905.0
4.0,23.0,33.0,136.0,151.0,440.0,4,959.0
4.0,23.0,136.0,382.0,440.0,903.0,4,959.0
4.0,23.0,33.0,57.0,136.0,151.0,4,903.0
4.0,23.0,33.0,57.0,136.0,151.0,4,440.0
4.0,23.0,33.0,136.0,151.0,440.0,4,613.0
4.0,23.0,57.0,136.0,151.0,440.0,4,903.0
4.0,23.0,136.0,151.0,440.0,903.0,4,959.0
4.0,23.0,136.0,151.0,440.0,903.0,4,959.0
4.0,23.0,57.0,136.0,903.0,905.0,4,959.0
4.0,23.0,33.0,136.0,151.0,613.0,4,905.0
4.0,23.0,33.0,136.0,151.0,440.0,4,613.0
4.0,23.0,57.0,136.0,440.0,903.0,4,959.0
4.0,23.0,33.0,57.0,382.0,903.0,4,959.0
4.0,23.0,33.0,57.0,151.0,382.0,4,905.0
4.0,23.0,33.0,57.0,136.0,151.0,4,905.0
4.0,23.0,136.0,151.0,440.0,903.0,4,959.0
4.0,23.0,33.0,57.0,382.0,440.0,4,959.0
4.0,23.0,33.0,57.0,136.0,151.0,4,440.0
4.0,23.0,33.0,136.0,151.0,440.0,4,613.0
4.0,23.0,136.0,382.0,903.0,905.0,4,959.0
4.0,23.0,136.0,382.0,903.0,905.0,4,959.0
4.0,23.0,57.0,382.0,903.0,905.0,4,959.0
4.0,23.0,57.0,382.0,903.0,905.0,4,959.0
4.0,23.0,57.0,382.0,903.0,905.0,4,959.0
4.0,23.0,33.0,57.0,382.0,903.0,4,959.0
4.0,23.0,33.0,57.0,382.0,903.0,4,959.0
4.0,26.0,40.0,315.0,333.0,536.0,4,948.0
4.0,26.0,40.0,315.0,333.0,488.0,4,536.0
4.0,26.0,315.0,333.0,488.0,536.0,4,948.0
4.0,26.0,40.0,315.0,488.0,536.0,4,684.0
4.0,26.0,40.0,315.0,333.0,536.0,4,948.0
4.0,26.0,333.0,488.0,536.0,684.0,4,948.0
4.0,26.0,40.0,315.0,333.0,536.0,4,948.0
4.0,26.0,40.0,315.0,488.0,536.0,4,948.0
4.0,12.0,216.0,230.0,788.0,856.0,4,986.0
4.0,12.0,0.0,201.0,531.0,715.0,4,856.0
4.0,12.0,0.0,216.0,462.0,531.0,4,715.0
4.0,12.0,216.0,462.0,531.0,715.0,4,933.0
4.0,12.0,216.0,230.0,462.0,531.0,4,715.0
4.0,12.0,216.0,230.0,788.0,856.0,4,986.0
4.0,12.0,216.0,230.0,788.0,856.0,4,986.0
4.0,12.0,216.0,230.0,788.0,856.0,4,986.0
4.0,12.0,201.0,230.0,788.0,856.0,4,986.0
4.0,12.0,201.0,230.0,531.0,788.0,4,856.0
4.0,12.0,0.0,216.0,462.0,531.0,4,715.0
4.0,12.0,216.0,230.0,531.0,715.0,4,856.0
4.0,23.0,136.0,151.0,613.0,855.0,4,903.0
4.0,23.0,136.0,151.0,440.0,903.0,4,959.0
4.0,23.0,57.0,382.0,440.0,903.0,4,959.0
4.0,23.0,136.0,151.0,256.0,440.0,4,613.0
4.0,23.0,136.0,151.0,382.0,440.0,4,959.0
4.0,23.0,57.0,136.0,382.0,440.0,4,959.0
4.0,23.0,57.0,382.0,440.0,903.0,4,959.0
4.0,23.0,57.0,136.0,151.0,855.0,4,959.0
4.0,23.0,382.0,613.0,855.0,903.0,4,959.0
4.0,1.0,78.0,463.0,746.0,983.0,4,1008.0
4.0,1.0,78.0,463.0,876.0,983.0,4,1008.0
4.0,1.0,78.0,356.0,463.0,876.0,4,983.0
4.0,1.0,133.0,356.0,746.0,876.0,4,1008.0
4.0,1.0,133.0,356.0,463.0,746.0,4,876.0
4.0,1.0,133.0,356.0,463.0,746.0,4,876.0
4.0,1.0,78.0,463.0,876.0,983.0,4,1008.0
4.0,1.0,78.0,463.0,876.0,983.0,4,1008.0
4.0,1.0,78.0,133.0,876.0,983.0,4,1008.0
4.0,14.0,254.0,592.0,700.0,786.0,4,949.0
4.0,14.0,700.0,786.0,897.0,922.0,4,949.0
4.0,14.0,592.0,609.0,688.0,786.0,4,922.0
4.0,14.0,254.0,592.0,609.0,700.0,4,786.0
4.0,14.0,254.0,592.0,609.0,700.0,4,786.0
4.0,14.0,688.0,700.0,897.0,922.0,4,949.0
4.0,14.0,609.0,688.0,786.0,897.0,4,922.0
4.0,14.0,609.0,688.0,786.0,897.0,4,922.0
4.0,14.0,592.0,609.0,786.0,897.0,4,922.0
4.0,10.0,52.0,234.0,285.0,731.0,4,918.0
4.0,10.0,234.0,285.0,731.0,918.0,4,1007.0
4.0,10.0,105.0,731.0,826.0,843.0,4,1007.0
4.0,10.0,52.0,234.0,285.0,731.0,4,918.0
4.0,10.0,52.0,234.0,285.0,731.0,4,918.0
4.0,10.0,211.0,234.0,285.0,731.0,4,918.0
4.0,10.0,211.0,234.0,285.0,731.0,4,918.0
4.0,10.0,211.0,234.0,285.0,843.0,4,918.0
4.0,10.0,52.0,234.0,731.0,826.0,4,918.0
4.0,10.0,52.0,234.0,731.0,826.0,4,918.0
4.0,11.0,1.0,580.0,638.0,895.0,4,1031.0
4.0,11.0,1.0,173.0,580.0,895.0,4,1031.0
4.0,11.0,150.0,173.0,520.0,580.0,4,602.0
4.0,11.0,150.0,188.0,520.0,602.0,4,638.0
4.0,11.0,173.0,520.0,580.0,602.0,4,895.0
4.0,11.0,520.0,580.0,602.0,638.0,4,895.0
4.0,11.0,520.0,580.0,602.0,638.0,4,895.0
4.0,11.0,150.0,520.0,580.0,602.0,4,638.0
4.0,11.0,150.0,188.0,520.0,602.0,4,638.0
4.0,11.0,1.0,150.0,188.0,520.0,4,638.0
4.0,11.0,1.0,150.0,188.0,638.0,4,1031.0
4.0,11.0,1.0,150.0,520.0,580.0,4,638.0
4.0,30.0,68.0,348.0,829.0,953.0,4,963.0
4.0,30.0,68.0,348.0,829.0,952.0,4,963.0
4.0,30.0,68.0,240.0,348.0,350.0,4,657.0
4.0,30.0,240.0,350.0,829.0,953.0,4,963.0
4.0,30.0,240.0,657.0,829.0,953.0,4,963.0
4.0,30.0,68.0,657.0,829.0,953.0,4,963.0
4.0,30.0,68.0,348.0,350.0,657.0,4,952.0
4.0,30.0,68.0,350.0,657.0,953.0,4,963.0
4.0,30.0,240.0,657.0,829.0,953.0,4,963.0
4.0,30.0,68.0,657.0,829.0,953.0,4,963.0
4.0,11.0,393.0,580.0,638.0,895.0,4,1031.0
4.0,11.0,393.0,520.0,580.0,638.0,4,895.0
4.0,11.0,188.0,393.0,520.0,638.0,4,895.0
4.0,11.0,103.0,150.0,173.0,188.0,4,393.0
4.0,11.0,150.0,173.0,188.0,580.0,4,1031.0
4.0,11.0,393.0,580.0,638.0,895.0,4,1031.0
4.0,11.0,103.0,393.0,580.0,638.0,4,895.0
4.0,11.0,103.0,393.0,580.0,638.0,4,895.0
4.0,11.0,393.0,580.0,638.0,895.0,4,1031.0
4.0,11.0,393.0,520.0,580.0,638.0,4,895.0
4.0,11.0,150.0,173.0,188.0,393.0,4,520.0
4.0,11.0,150.0,393.0,440.0,478.0,4,520.0
4.0,34.0,15.0,36.0,404.0,506.0,4,589.0
4.0,34.0,15.0,36.0,404.0,506.0,4,589.0
4.0,34.0,15.0,36.0,355.0,506.0,4,1033.0
4.0,34.0,15.0,36.0,355.0,506.0,4,1033.0
4.0,34.0,36.0,139.0,355.0,506.0,4,1033.0
4.0,34.0,15.0,355.0,383.0,589.0,4,1033.0
4.0,34.0,15.0,36.0,404.0,506.0,4,753.0
4.0,34.0,15.0,36.0,404.0,506.0,4,589.0
4.0,34.0,355.0,383.0,506.0,753.0,4,1033.0
4.0,34.0,355.0,383.0,506.0,753.0,4,1033.0
4.0,34.0,15.0,36.0,355.0,506.0,4,1033.0
4.0,34.0,15.0,36.0,355.0,506.0,4,1033.0
4.0,12.0,111.0,216.0,856.0,933.0,4,986.0
4.0,12.0,111.0,216.0,431.0,856.0,4,933.0
4.0,12.0,111.0,216.0,431.0,856.0,4,933.0
4.0,12.0,111.0,216.0,431.0,856.0,4,933.0
4.0,12.0,111.0,216.0,230.0,531.0,4,986.0
4.0,12.0,111.0,216.0,431.0,856.0,4,933.0
4.0,12.0,111.0,431.0,715.0,856.0,4,933.0
4.0,12.0,111.0,431.0,715.0,856.0,4,933.0
4.0,12.0,111.0,431.0,531.0,715.0,4,933.0
4.0,12.0,111.0,230.0,431.0,531.0,4,715.0
4.0,12.0,216.0,230.0,431.0,531.0,4,715.0
4.0,11.0,103.0,580.0,602.0,638.0,4,895.0
4.0,11.0,520.0,580.0,602.0,638.0,4,895.0
4.0,11.0,103.0,173.0,188.0,393.0,4,580.0
4.0,11.0,103.0,580.0,602.0,638.0,4,895.0
4.0,11.0,173.0,580.0,602.0,638.0,4,895.0
4.0,11.0,103.0,580.0,602.0,638.0,4,895.0
4.0,24.0,576.0,746.0,863.0,888.0,4,947.0
4.0,24.0,576.0,750.0,863.0,888.0,4,947.0
4.0,24.0,321.0,425.0,746.0,750.0,4,947.0
4.0,24.0,321.0,425.0,576.0,750.0,4,947.0
4.0,24.0,425.0,576.0,863.0,888.0,4,947.0
4.0,24.0,576.0,746.0,863.0,888.0,4,947.0
4.0,24.0,576.0,746.0,863.0,888.0,4,947.0
4.0,24.0,576.0,746.0,863.0,888.0,4,947.0
4.0,24.0,198.0,576.0,750.0,863.0,4,947.0
4.0,24.0,198.0,321.0,425.0,576.0,4,750.0
4.0,32.0,44.0,444.0,627.0,824.0,4,911.0
4.0,32.0,34.0,44.0,241.0,524.0,4,627.0
4.0,32.0,34.0,44.0,241.0,524.0,4,627.0
4.0,32.0,34.0,232.0,241.0,524.0,4,627.0
4.0,32.0,34.0,232.0,524.0,627.0,4,911.0
4.0,32.0,44.0,241.0,444.0,824.0,4,911.0
4.0,32.0,44.0,241.0,524.0,627.0,4,824.0
4.0,32.0,34.0,232.0,241.0,524.0,4,627.0
4.0,32.0,34.0,44.0,241.0,524.0,4,911.0
4.0,11.0,103.0,150.0,188.0,602.0,4,638.0
4.0,11.0,173.0,580.0,602.0,638.0,4,895.0
4.0,11.0,150.0,188.0,393.0,520.0,4,638.0
4.0,11.0,103.0,150.0,188.0,393.0,4,520.0
4.0,11.0,103.0,150.0,188.0,393.0,4,520.0
4.0,11.0,103.0,520.0,580.0,602.0,4,895.0
4.0,11.0,173.0,580.0,602.0,638.0,4,895.0
4.0,11.0,150.0,173.0,580.0,602.0,4,638.0
4.0,11.0,103.0,150.0,173.0,188.0,4,393.0
4.0,11.0,150.0,188.0,520.0,580.0,4,602.0
4.0,11.0,150.0,580.0,602.0,638.0,4,895.0
4.0,11.0,150.0,188.0,393.0,580.0,4,638.0
4.0,11.0,150.0,188.0,602.0,638.0,4,895.0
4.0,11.0,150.0,188.0,602.0,638.0,4,895.0
4.0,11.0,173.0,580.0,602.0,638.0,4,895.0
4.0,11.0,103.0,580.0,602.0,638.0,4,895.0
4.0,11.0,103.0,580.0,602.0,638.0,4,895.0
4.0,11.0,103.0,150.0,393.0,520.0,4,580.0
4.0,11.0,150.0,520.0,580.0,602.0,4,638.0
4.0,11.0,173.0,580.0,602.0,638.0,4,895.0
4.0,11.0,103.0,580.0,602.0,638.0,4,895.0
4.0,11.0,103.0,150.0,393.0,520.0,4,580.0
4.0,11.0,103.0,188.0,520.0,602.0,4,895.0
4.0,7.0,112.0,137.0,451.0,455.0,4,902.0
4.0,7.0,112.0,277.0,396.0,455.0,4,902.0
4.0,7.0,112.0,277.0,396.0,455.0,4,902.0
4.0,7.0,137.0,396.0,451.0,902.0,4,994.0
4.0,7.0,137.0,247.0,277.0,451.0,4,994.0
4.0,7.0,137.0,247.0,277.0,451.0,4,994.0
4.0,7.0,112.0,277.0,396.0,455.0,4,902.0
4.0,11.0,173.0,580.0,602.0,638.0,4,895.0
4.0,11.0,103.0,150.0,188.0,520.0,4,602.0
4.0,11.0,103.0,150.0,188.0,393.0,4,520.0
4.0,11.0,173.0,580.0,602.0,638.0,4,895.0
4.0,11.0,150.0,188.0,520.0,602.0,4,638.0
4.0,11.0,103.0,150.0,188.0,393.0,4,520.0
4.0,11.0,103.0,150.0,188.0,520.0,4,602.0
4.0,11.0,520.0,580.0,602.0,638.0,4,895.0
4.0,15.0,659.0,714.0,860.0,1028.0,4,1036.0
4.0,15.0,229.0,370.0,377.0,764.0,4,872.0
4.0,15.0,659.0,714.0,860.0,960.0,4,1036.0
4.0,15.0,659.0,714.0,860.0,960.0,4,1036.0
4.0,15.0,659.0,714.0,860.0,1028.0,4,1036.0
4.0,15.0,229.0,714.0,764.0,860.0,4,1036.0
4.0,15.0,229.0,714.0,764.0,860.0,4,1028.0
4.0,4.0,134.0,259.0,487.0,646.0,4,853.0
4.0,4.0,126.0,487.0,601.0,853.0,4,936.0
4.0,4.0,134.0,259.0,601.0,646.0,4,768.0
4.0,4.0,134.0,259.0,601.0,646.0,4,768.0
4.0,4.0,134.0,259.0,601.0,646.0,4,768.0
4.0,4.0,134.0,259.0,487.0,601.0,4,646.0
4.0,4.0,134.0,259.0,487.0,561.0,4,646.0
4.0,4.0,134.0,259.0,487.0,601.0,4,646.0
4.0,11.0,173.0,580.0,602.0,638.0,4,895.0
4.0,11.0,173.0,580.0,602.0,638.0,4,895.0
4.0,11.0,173.0,580.0,602.0,638.0,4,895.0
4.0,11.0,173.0,580.0,602.0,638.0,4,895.0
4.0,11.0,173.0,580.0,602.0,638.0,4,895.0
4.0,11.0,188.0,440.0,602.0,638.0,4,895.0
4.0,11.0,188.0,440.0,602.0,638.0,4,895.0
4.0,11.0,188.0,440.0,602.0,638.0,4,895.0
4.0,17.0,47.0,108.0,182.0,505.0,4,619.0
4.0,17.0,47.0,182.0,328.0,505.0,4,586.0
4.0,17.0,47.0,108.0,157.0,505.0,4,619.0
4.0,17.0,47.0,108.0,505.0,619.0,4,635.0
4.0,17.0,47.0,108.0,328.0,505.0,4,635.0
4.0,17.0,47.0,157.0,328.0,505.0,4,586.0
4.0,17.0,47.0,108.0,157.0,328.0,4,505.0
4.0,17.0,47.0,108.0,157.0,328.0,4,505.0
4.0,11.0,173.0,580.0,602.0,638.0,4,895.0
4.0,11.0,173.0,188.0,580.0,638.0,4,895.0
4.0,11.0,150.0,188.0,520.0,580.0,4,638.0
4.0,11.0,103.0,150.0,188.0,520.0,4,580.0
4.0,11.0,103.0,150.0,188.0,478.0,4,520.0
4.0,11.0,103.0,150.0,188.0,478.0,4,520.0
4.0,11.0,103.0,580.0,602.0,638.0,4,895.0
4.0,11.0,103.0,580.0,602.0,638.0,4,895.0
4.0,11.0,103.0,580.0,602.0,638.0,4,895.0
4.0,11.0,103.0,150.0,188.0,602.0,4,895.0
4.0,11.0,103.0,150.0,188.0,602.0,4,895.0
4.0,11.0,150.0,173.0,580.0,602.0,4,638.0
4.0,11.0,150.0,188.0,520.0,602.0,4,638.0
4.0,11.0,150.0,188.0,520.0,602.0,4,638.0
4.0,11.0,103.0,150.0,188.0,393.0,4,520.0
4.0,11.0,103.0,150.0,188.0,393.0,4,520.0
4.0,11.0,520.0,580.0,602.0,638.0,4,895.0
4.0,11.0,520.0,580.0,602.0,638.0,4,895.0
4.0,11.0,173.0,580.0,602.0,638.0,4,895.0
4.0,11.0,173.0,580.0,602.0,638.0,4,895.0
4.0,11.0,150.0,173.0,188.0,602.0,4,638.0
4.0,11.0,103.0,150.0,188.0,393.0,4,520.0
4.0,11.0,103.0,150.0,188.0,393.0,4,520.0
4.0,24.0,425.0,463.0,576.0,750.0,4,863.0
4.0,24.0,425.0,463.0,576.0,750.0,4,863.0
4.0,24.0,198.0,321.0,425.0,576.0,4,750.0
4.0,24.0,425.0,463.0,576.0,863.0,4,888.0
4.0,24.0,463.0,576.0,863.0,888.0,4,947.0
4.0,24.0,463.0,576.0,863.0,888.0,4,947.0
4.0,24.0,425.0,463.0,750.0,863.0,4,947.0
4.0,24.0,321.0,425.0,463.0,750.0,4,947.0
4.0,24.0,321.0,425.0,576.0,750.0,4,947.0
4.0,24.0,321.0,425.0,576.0,750.0,4,947.0
4.0,24.0,425.0,463.0,576.0,863.0,4,947.0
4.0,11.0,173.0,580.0,602.0,638.0,4,895.0
4.0,11.0,173.0,580.0,602.0,638.0,4,895.0
4.0,11.0,173.0,580.0,602.0,638.0,4,895.0
4.0,11.0,103.0,150.0,188.0,602.0,4,638.0
4.0,11.0,173.0,580.0,602.0,638.0,4,895.0
4.0,11.0,173.0,580.0,602.0,638.0,4,895.0
4.0,11.0,173.0,580.0,602.0,638.0,4,895.0
4.0,11.0,520.0,580.0,602.0,638.0,4,895.0
4.0,11.0,520.0,580.0,602.0,638.0,4,895.0
4.0,29.0,86.0,227.0,242.0,283.0,4,990.0
4.0,29.0,86.0,132.0,283.0,338.0,4,874.0
4.0,29.0,132.0,242.0,331.0,769.0,4,990.0
4.0,29.0,227.0,242.0,331.0,769.0,4,990.0
4.0,29.0,86.0,227.0,242.0,769.0,4,990.0
4.0,29.0,86.0,132.0,338.0,874.0,4,990.0
4.0,29.0,86.0,132.0,338.0,874.0,4,990.0
4.0,29.0,86.0,227.0,242.0,283.0,4,338.0
4.0,10.0,234.0,285.0,310.0,731.0,4,826.0
4.0,10.0,234.0,285.0,310.0,731.0,4,826.0
4.0,10.0,6.0,234.0,285.0,310.0,4,826.0
4.0,10.0,6.0,310.0,731.0,843.0,4,1007.0
4.0,10.0,6.0,310.0,472.0,633.0,4,731.0
4.0,10.0,6.0,310.0,472.0,731.0,4,1007.0
4.0,10.0,234.0,285.0,633.0,731.0,4,826.0
4.0,13.0,91.0,238.0,319.0,811.0,4,817.0
4.0,13.0,91.0,238.0,319.0,811.0,4,817.0
4.0,13.0,16.0,319.0,387.0,445.0,4,817.0
4.0,13.0,80.0,91.0,238.0,320.0,4,866.0
4.0,13.0,91.0,319.0,320.0,387.0,4,866.0
4.0,13.0,91.0,319.0,320.0,387.0,4,866.0
4.0,13.0,80.0,91.0,238.0,320.0,4,866.0
4.0,11.0,173.0,580.0,602.0,638.0,4,895.0
4.0,11.0,173.0,580.0,602.0,638.0,4,895.0
4.0,11.0,1.0,103.0,150.0,188.0,4,520.0
4.0,11.0,1.0,103.0,150.0,188.0,4,520.0
4.0,11.0,150.0,520.0,580.0,602.0,4,638.0
4.0,11.0,520.0,580.0,602.0,638.0,4,895.0
4.0,11.0,173.0,580.0,602.0,638.0,4,895.0
4.0,11.0,173.0,580.0,602.0,638.0,4,895.0
4.0,11.0,1.0,150.0,188.0,520.0,4,895.0
4.0,11.0,1.0,150.0,188.0,520.0,4,895.0
4.0,11.0,1.0,173.0,580.0,602.0,4,895.0
4.0,11.0,1.0,173.0,580.0,638.0,4,895.0
4.0,11.0,1.0,103.0,188.0,520.0,4,895.0
4.0,11.0,1.0,103.0,150.0,188.0,4,520.0
4.0,11.0,520.0,580.0,602.0,638.0,4,895.0
4.0,11.0,173.0,580.0,602.0,638.0,4,895.0
4.0,11.0,173.0,580.0,602.0,638.0,4,895.0
4.0,11.0,1.0,103.0,150.0,188.0,4,520.0
4.0,11.0,150.0,580.0,602.0,638.0,4,895.0
4.0,11.0,1.0,103.0,188.0,784.0,4,895.0
4.0,11.0,1.0,103.0,150.0,188.0,4,784.0
4.0,11.0,1.0,103.0,150.0,188.0,4,784.0
4.0,11.0,1.0,103.0,150.0,188.0,4,784.0
4.0,11.0,150.0,188.0,520.0,602.0,4,638.0
4.0,11.0,150.0,188.0,520.0,602.0,4,638.0
4.0,11.0,520.0,580.0,602.0,638.0,4,895.0
4.0,11.0,1.0,103.0,150.0,580.0,4,784.0
4.0,11.0,1.0,103.0,150.0,188.0,4,784.0
4.0,11.0,1.0,103.0,150.0,188.0,4,784.0
4.0,28.0,41.0,608.0,665.0,754.0,4,1016.0
4.0,28.0,41.0,608.0,665.0,859.0,4,1016.0
4.0,28.0,218.0,754.0,785.0,859.0,4,882.0
4.0,28.0,41.0,608.0,665.0,754.0,4,1016.0
4.0,28.0,218.0,608.0,754.0,785.0,4,859.0
4.0,28.0,218.0,665.0,754.0,785.0,4,859.0
4.0,28.0,218.0,665.0,754.0,785.0,4,859.0
4.0,28.0,218.0,665.0,785.0,859.0,4,1016.0
4.0,11.0,103.0,188.0,580.0,602.0,4,784.0
4.0,11.0,103.0,150.0,188.0,784.0,4,945.0
4.0,11.0,520.0,580.0,602.0,638.0,4,895.0
4.0,11.0,520.0,580.0,602.0,638.0,4,895.0
4.0,11.0,520.0,580.0,602.0,638.0,4,895.0
4.0,11.0,520.0,580.0,602.0,638.0,4,895.0
4.0,11.0,188.0,580.0,638.0,784.0,4,895.0
4.0,11.0,103.0,150.0,188.0,580.0,4,784.0
4.0,25.0,106.0,294.0,398.0,421.0,4,453.0
4.0,25.0,106.0,398.0,421.0,453.0,4,864.0
4.0,25.0,300.0,355.0,398.0,453.0,4,864.0
4.0,25.0,300.0,355.0,398.0,453.0,4,864.0
4.0,25.0,294.0,300.0,355.0,380.0,4,398.0
4.0,25.0,106.0,300.0,380.0,421.0,4,453.0
4.0,25.0,106.0,300.0,380.0,398.0,4,421.0
4.0,25.0,106.0,380.0,398.0,421.0,4,864.0
4.0,25.0,106.0,294.0,380.0,421.0,4,453.0
4.0,25.0,106.0,294.0,380.0,421.0,4,453.0
4.0,25.0,300.0,355.0,380.0,398.0,4,864.0
4.0,25.0,294.0,355.0,398.0,453.0,4,864.0
4.0,25.0,158.0,300.0,355.0,798.0,4,864.0
4.0,11.0,520.0,580.0,602.0,638.0,4,895.0
4.0,11.0,520.0,580.0,602.0,638.0,4,895.0
4.0,11.0,103.0,150.0,188.0,393.0,4,638.0
4.0,11.0,103.0,150.0,188.0,393.0,4,784.0
4.0,11.0,103.0,150.0,188.0,393.0,4,784.0
4.0,11.0,103.0,150.0,188.0,393.0,4,784.0
4.0,11.0,103.0,150.0,188.0,602.0,4,784.0
4.0,11.0,103.0,150.0,188.0,602.0,4,638.0
4.0,1.0,356.0,477.0,682.0,740.0,4,1008.0
4.0,1.0,356.0,790.0,808.0,820.0,4,898.0
4.0,1.0,477.0,640.0,682.0,740.0,4,1008.0
4.0,1.0,356.0,682.0,790.0,808.0,4,820.0
4.0,11.0,188.0,440.0,602.0,638.0,4,895.0
4.0,11.0,188.0,440.0,602.0,638.0,4,895.0
4.0,11.0,150.0,188.0,440.0,602.0,4,638.0
4.0,11.0,150.0,188.0,440.0,602.0,4,784.0
4.0,11.0,188.0,602.0,638.0,895.0,4,945.0
4.0,11.0,188.0,602.0,638.0,784.0,4,895.0
4.0,11.0,150.0,188.0,440.0,602.0,4,784.0
4.0,11.0,1.0,188.0,602.0,638.0,4,895.0
4.0,11.0,173.0,580.0,602.0,638.0,4,895.0
4.0,11.0,173.0,580.0,602.0,638.0,4,895.0
4.0,11.0,1.0,173.0,188.0,602.0,4,638.0
4.0,11.0,1.0,150.0,188.0,520.0,4,784.0
4.0,11.0,173.0,580.0,602.0,638.0,4,895.0
4.0,11.0,173.0,580.0,602.0,638.0,4,895.0
4.0,11.0,1.0,173.0,580.0,602.0,4,638.0
4.0,11.0,173.0,580.0,602.0,638.0,4,895.0
4.0,0.0,13.0,493.0,535.0,695.0,4,713.0
4.0,0.0,13.0,418.0,493.0,535.0,4,695.0
4.0,0.0,13.0,418.0,493.0,535.0,4,713.0
4.0,0.0,13.0,493.0,535.0,695.0,4,713.0
4.0,0.0,13.0,493.0,535.0,695.0,4,713.0
4.0,0.0,13.0,493.0,535.0,695.0,4,713.0
4.0,11.0,173.0,580.0,602.0,638.0,4,895.0
4.0,11.0,520.0,580.0,602.0,638.0,4,895.0
4.0,11.0,173.0,580.0,602.0,638.0,4,895.0
4.0,11.0,173.0,580.0,602.0,638.0,4,895.0
4.0,11.0,1.0,520.0,602.0,638.0,4,895.0
4.0,15.0,377.0,714.0,764.0,860.0,4,1036.0
4.0,15.0,229.0,377.0,714.0,764.0,4,860.0
4.0,15.0,229.0,370.0,764.0,960.0,4,1036.0
4.0,15.0,659.0,714.0,860.0,872.0,4,1036.0
4.0,15.0,659.0,714.0,764.0,872.0,4,1036.0
4.0,15.0,377.0,714.0,764.0,860.0,4,1036.0
4.0,15.0,229.0,377.0,714.0,764.0,4,860.0
4.0,15.0,229.0,370.0,764.0,860.0,4,1036.0
4.0,15.0,229.0,714.0,764.0,860.0,4,1036.0
4.0,15.0,659.0,714.0,860.0,960.0,4,1036.0
4.0,11.0,150.0,173.0,580.0,602.0,4,638.0
4.0,11.0,150.0,188.0,520.0,580.0,4,602.0
4.0,11.0,150.0,520.0,580.0,602.0,4,638.0
4.0,11.0,520.0,580.0,602.0,638.0,4,895.0
4.0,11.0,1.0,150.0,188.0,520.0,4,638.0
4.0,11.0,1.0,150.0,188.0,520.0,4,784.0
4.0,11.0,150.0,188.0,440.0,784.0,4,945.0
4.0,18.0,181.0,226.0,579.0,642.0,4,702.0
4.0,18.0,514.0,579.0,685.0,758.0,4,1015.0
4.0,18.0,64.0,514.0,685.0,758.0,4,1015.0
4.0,18.0,226.0,514.0,579.0,685.0,4,1015.0
4.0,18.0,226.0,579.0,642.0,702.0,4,1013.0
4.0,18.0,579.0,642.0,685.0,758.0,4,1015.0
4.0,18.0,514.0,579.0,685.0,758.0,4,1015.0
4.0,18.0,514.0,579.0,622.0,758.0,4,1015.0
4.0,18.0,226.0,514.0,579.0,702.0,4,1015.0
4.0,18.0,226.0,579.0,642.0,702.0,4,1015.0
4.0,11.0,173.0,580.0,602.0,638.0,4,895.0
4.0,11.0,1.0,150.0,173.0,602.0,4,638.0
4.0,11.0,173.0,580.0,602.0,638.0,4,895.0
4.0,11.0,1.0,602.0,638.0,784.0,4,895.0
4.0,11.0,1.0,150.0,602.0,638.0,4,784.0
4.0,11.0,1.0,150.0,188.0,638.0,4,784.0
4.0,11.0,1.0,150.0,173.0,188.0,4,784.0
4.0,11.0,1.0,173.0,602.0,784.0,4,895.0
4.0,7.0,247.0,277.0,451.0,876.0,4,994.0
4.0,7.0,247.0,451.0,876.0,902.0,4,994.0
4.0,7.0,451.0,455.0,876.0,902.0,4,994.0
4.0,7.0,112.0,277.0,396.0,455.0,4,902.0
4.0,7.0,247.0,277.0,451.0,876.0,4,994.0
4.0,7.0,277.0,451.0,455.0,876.0,4,994.0
4.0,7.0,247.0,396.0,451.0,902.0,4,994.0
4.0,7.0,277.0,386.0,396.0,451.0,4,902.0
4.0,7.0,277.0,386.0,396.0,455.0,4,902.0
4.0,30.0,240.0,657.0,829.0,953.0,4,963.0
4.0,30.0,350.0,829.0,952.0,953.0,4,963.0
4.0,30.0,68.0,240.0,348.0,657.0,4,829.0
4.0,30.0,240.0,657.0,829.0,953.0,4,963.0
4.0,30.0,68.0,348.0,350.0,829.0,4,953.0
4.0,30.0,68.0,240.0,348.0,350.0,4,657.0
4.0,30.0,68.0,240.0,350.0,829.0,4,963.0
4.0,14.0,254.0,592.0,609.0,700.0,4,786.0
4.0,14.0,592.0,609.0,786.0,897.0,4,922.0
4.0,14.0,592.0,609.0,700.0,897.0,4,922.0
4.0,14.0,254.0,266.0,592.0,609.0,4,786.0
4.0,14.0,254.0,266.0,592.0,609.0,4,786.0
4.0,14.0,609.0,644.0,786.0,897.0,4,922.0
4.0,14.0,609.0,644.0,786.0,897.0,4,922.0
4.0,14.0,257.0,592.0,609.0,897.0,4,922.0
4.0,33.0,14.0,301.0,361.0,789.0,4,807.0
4.0,33.0,125.0,337.0,789.0,807.0,4,854.0
4.0,33.0,14.0,125.0,301.0,789.0,4,854.0
4.0,33.0,14.0,125.0,301.0,789.0,4,807.0
4.0,33.0,14.0,125.0,301.0,470.0,4,807.0
4.0,33.0,14.0,125.0,301.0,789.0,4,807.0
4.0,11.0,1.0,103.0,188.0,784.0,4,895.0
4.0,11.0,173.0,580.0,602.0,638.0,4,895.0
4.0,11.0,173.0,580.0,602.0,638.0,4,895.0
4.0,11.0,173.0,580.0,602.0,638.0,4,895.0
4.0,11.0,173.0,580.0,602.0,638.0,4,895.0
4.0,11.0,1.0,103.0,188.0,784.0,4,895.0
4.0,11.0,1.0,103.0,173.0,188.0,4,895.0
4.0,11.0,173.0,580.0,602.0,638.0,4,895.0
4.0,11.0,173.0,580.0,602.0,638.0,4,895.0
4.0,11.0,1.0,173.0,188.0,638.0,4,895.0
4.0,11.0,1.0,150.0,173.0,188.0,4,638.0
4.0,11.0,173.0,188.0,580.0,602.0,4,638.0
4.0,11.0,173.0,580.0,602.0,638.0,4,895.0
4.0,11.0,1.0,173.0,188.0,602.0,4,895.0
4.0,11.0,1.0,173.0,188.0,602.0,4,895.0
4.0,11.0,173.0,580.0,602.0,638.0,4,895.0
4.0,11.0,173.0,580.0,602.0,638.0,4,895.0
4.0,11.0,1.0,103.0,173.0,580.0,4,602.0
4.0,11.0,1.0,520.0,580.0,602.0,4,895.0
4.0,11.0,1.0,188.0,520.0,602.0,4,895.0
4.0,11.0,1.0,188.0,520.0,602.0,4,895.0
4.0,11.0,1.0,188.0,520.0,602.0,4,895.0
4.0,11.0,173.0,580.0,602.0,638.0,4,895.0
4.0,11.0,1.0,520.0,580.0,638.0,4,895.0
4.0,11.0,1.0,103.0,150.0,602.0,4,784.0
4.0,11.0,1.0,150.0,602.0,638.0,4,784.0
4.0,11.0,580.0,602.0,638.0,784.0,4,895.0
4.0,11.0,150.0,580.0,602.0,638.0,4,895.0
4.0,11.0,150.0,580.0,602.0,638.0,4,895.0
4.0,9.0,85.0,366.0,845.0,941.0,4,968.0
4.0,9.0,85.0,366.0,845.0,941.0,4,968.0
4.0,9.0,81.0,85.0,366.0,845.0,4,941.0
4.0,9.0,81.0,85.0,366.0,845.0,4,941.0
4.0,9.0,76.0,81.0,149.0,169.0,4,1019.0
4.0,9.0,81.0,85.0,366.0,845.0,4,941.0
4.0,9.0,76.0,81.0,149.0,169.0,4,1019.0
4.0,9.0,76.0,81.0,169.0,845.0,4,1019.0
4.0,6.0,55.0,61.0,171.0,397.0,4,809.0
4.0,6.0,55.0,397.0,420.0,656.0,4,809.0
4.0,6.0,61.0,420.0,656.0,867.0,4,873.0
4.0,6.0,55.0,61.0,171.0,397.0,4,809.0
4.0,6.0,55.0,420.0,656.0,809.0,4,867.0
4.0,6.0,420.0,656.0,809.0,867.0,4,873.0
4.0,6.0,61.0,420.0,656.0,867.0,4,873.0
4.0,6.0,55.0,61.0,420.0,656.0,4,873.0
4.0,6.0,55.0,61.0,656.0,809.0,4,873.0
4.0,11.0,150.0,173.0,580.0,602.0,4,638.0
4.0,11.0,103.0,150.0,188.0,359.0,4,784.0
4.0,11.0,103.0,150.0,188.0,359.0,4,784.0
4.0,11.0,103.0,188.0,359.0,784.0,4,945.0
4.0,11.0,173.0,188.0,580.0,602.0,4,638.0
4.0,11.0,150.0,520.0,580.0,602.0,4,638.0
4.0,11.0,150.0,520.0,580.0,602.0,4,784.0
4.0,11.0,150.0,173.0,188.0,580.0,4,638.0
4.0,11.0,150.0,173.0,188.0,580.0,4,638.0
4.0,11.0,103.0,150.0,188.0,580.0,4,784.0
4.0,11.0,103.0,150.0,188.0,784.0,4,945.0
4.0,11.0,103.0,150.0,188.0,602.0,4,784.0
4.0,11.0,173.0,188.0,580.0,602.0,4,638.0
4.0,11.0,173.0,188.0,580.0,602.0,4,638.0
4.0,28.0,110.0,353.0,665.0,754.0,4,785.0
4.0,28.0,41.0,353.0,608.0,754.0,4,1016.0
4.0,28.0,41.0,110.0,353.0,608.0,4,754.0
4.0,28.0,353.0,445.0,754.0,785.0,4,1016.0
4.0,13.0,91.0,238.0,320.0,730.0,4,866.0
4.0,13.0,161.0,238.0,320.0,420.0,4,730.0
4.0,13.0,91.0,238.0,320.0,420.0,4,730.0
4.0,13.0,91.0,238.0,320.0,730.0,4,866.0
4.0,13.0,16.0,91.0,238.0,320.0,4,730.0
4.0,13.0,16.0,161.0,238.0,420.0,4,811.0
4.0,13.0,16.0,161.0,238.0,420.0,4,811.0
4.0,13.0,161.0,238.0,320.0,730.0,4,811.0
4.0,11.0,150.0,173.0,580.0,602.0,4,638.0
4.0,11.0,150.0,173.0,580.0,602.0,4,638.0
4.0,11.0,103.0,188.0,359.0,580.0,4,638.0
4.0,11.0,103.0,188.0,359.0,580.0,4,784.0
4.0,11.0,103.0,150.0,188.0,359.0,4,784.0
4.0,11.0,173.0,188.0,580.0,602.0,4,638.0
4.0,11.0,150.0,173.0,580.0,602.0,4,638.0
4.0,29.0,86.0,242.0,338.0,670.0,4,874.0
4.0,29.0,86.0,242.0,456.0,670.0,4,769.0
4.0,29.0,242.0,331.0,670.0,769.0,4,874.0
4.0,29.0,86.0,338.0,456.0,670.0,4,874.0
4.0,29.0,86.0,242.0,338.0,670.0,4,874.0
4.0,29.0,86.0,242.0,456.0,478.0,4,670.0
4.0,29.0,227.0,331.0,456.0,478.0,4,769.0
4.0,27.0,373.0,662.0,711.0,924.0,4,1005.0
4.0,27.0,363.0,373.0,662.0,924.0,4,1005.0
4.0,27.0,363.0,373.0,842.0,924.0,4,1005.0
4.0,27.0,363.0,439.0,662.0,924.0,4,1005.0
4.0,27.0,1.0,373.0,439.0,662.0,4,1005.0
4.0,27.0,1.0,363.0,373.0,439.0,4,662.0
4.0,11.0,103.0,150.0,188.0,359.0,4,784.0
4.0,11.0,103.0,150.0,188.0,359.0,4,784.0
4.0,11.0,150.0,173.0,520.0,580.0,4,602.0
4.0,11.0,150.0,173.0,520.0,580.0,4,602.0
4.0,11.0,150.0,173.0,520.0,580.0,4,602.0
4.0,11.0,103.0,188.0,580.0,602.0,4,784.0
4.0,11.0,150.0,173.0,188.0,580.0,4,602.0
4.0,11.0,150.0,173.0,580.0,602.0,4,784.0
4.0,11.0,150.0,173.0,520.0,580.0,4,602.0
4.0,11.0,150.0,173.0,188.0,602.0,4,784.0
4.0,11.0,150.0,173.0,188.0,520.0,4,602.0
4.0,11.0,150.0,173.0,580.0,602.0,4,784.0
4.0,11.0,103.0,150.0,188.0,359.0,4,784.0
4.0,11.0,150.0,173.0,580.0,602.0,4,784.0
4.0,11.0,150.0,173.0,188.0,602.0,4,784.0
4.0,11.0,150.0,173.0,188.0,359.0,4,520.0
4.0,11.0,150.0,173.0,580.0,602.0,4,784.0
4.0,11.0,150.0,173.0,580.0,602.0,4,784.0
4.0,11.0,150.0,173.0,188.0,602.0,4,784.0
4.0,11.0,150.0,173.0,188.0,602.0,4,784.0
4.0,11.0,173.0,188.0,580.0,602.0,4,784.0
4.0,11.0,150.0,173.0,580.0,602.0,4,784.0
4.0,11.0,173.0,188.0,580.0,602.0,4,784.0
4.0,11.0,188.0,520.0,580.0,602.0,4,784.0
4.0,11.0,103.0,188.0,359.0,520.0,4,602.0
4.0,11.0,103.0,188.0,359.0,520.0,4,580.0
4.0,11.0,150.0,173.0,520.0,580.0,4,602.0
4.0,11.0,150.0,173.0,580.0,602.0,4,784.0
4.0,11.0,150.0,173.0,580.0,602.0,4,784.0
4.0,11.0,150.0,173.0,580.0,602.0,4,784.0
4.0,11.0,103.0,188.0,580.0,602.0,4,784.0
4.0,11.0,150.0,173.0,580.0,602.0,4,638.0
4.0,11.0,173.0,188.0,580.0,602.0,4,638.0
4.0,11.0,173.0,188.0,580.0,602.0,4,784.0
4.0,11.0,173.0,188.0,359.0,580.0,4,638.0
4.0,11.0,173.0,188.0,580.0,602.0,4,784.0
4.0,11.0,188.0,359.0,520.0,602.0,4,784.0
4.0,11.0,188.0,520.0,580.0,602.0,4,784.0
4.0,11.0,173.0,188.0,580.0,602.0,4,784.0
4.0,11.0,173.0,188.0,580.0,602.0,4,638.0
4.0,11.0,173.0,188.0,359.0,580.0,4,784.0
4.0,11.0,173.0,188.0,359.0,580.0,4,784.0
4.0,11.0,188.0,580.0,602.0,638.0,4,784.0
4.0,11.0,173.0,188.0,580.0,602.0,4,638.0
4.0,11.0,173.0,188.0,580.0,602.0,4,638.0
4.0,11.0,173.0,188.0,580.0,602.0,4,784.0
4.0,11.0,188.0,359.0,602.0,638.0,4,784.0
4.0,11.0,244.0,359.0,520.0,717.0,4,784.0
4.0,16.0,155.0,305.0,495.0,623.0,4,719.0
4.0,16.0,155.0,296.0,305.0,719.0,4,1039.0
4.0,16.0,296.0,305.0,553.0,719.0,4,1039.0
4.0,16.0,155.0,296.0,427.0,623.0,4,713.0
4.0,16.0,296.0,427.0,495.0,623.0,4,713.0
4.0,16.0,296.0,427.0,495.0,623.0,4,713.0
4.0,16.0,155.0,296.0,427.0,495.0,4,719.0
4.0,16.0,155.0,296.0,427.0,495.0,4,623.0
4.0,16.0,155.0,296.0,427.0,495.0,4,623.0
4.0,26.0,40.0,46.0,634.0,914.0,4,948.0
4.0,26.0,46.0,315.0,488.0,536.0,4,948.0
4.0,26.0,40.0,536.0,634.0,914.0,4,948.0
4.0,26.0,40.0,315.0,488.0,536.0,4,914.0
4.0,26.0,40.0,488.0,536.0,914.0,4,948.0
4.0,26.0,40.0,315.0,536.0,634.0,4,948.0
4.0,26.0,46.0,315.0,488.0,634.0,4,948.0
4.0,26.0,46.0,488.0,634.0,914.0,4,948.0
4.0,11.0,150.0,173.0,580.0,602.0,4,638.0
4.0,11.0,173.0,188.0,580.0,602.0,4,784.0
4.0,11.0,150.0,173.0,188.0,359.0,4,784.0
4.0,11.0,150.0,188.0,359.0,520.0,4,784.0
4.0,11.0,150.0,188.0,602.0,638.0,4,784.0
4.0,11.0,150.0,173.0,580.0,602.0,4,638.0
4.0,11.0,150.0,580.0,602.0,638.0,4,784.0
4.0,11.0,150.0,580.0,602.0,638.0,4,784.0
4.0,11.0,188.0,359.0,580.0,638.0,4,784.0
4.0,11.0,150.0,188.0,602.0,638.0,4,784.0
4.0,11.0,173.0,188.0,580.0,602.0,4,638.0
4.0,11.0,150.0,173.0,580.0,602.0,4,638.0
4.0,11.0,173.0,188.0,359.0,580.0,4,784.0
4.0,11.0,188.0,359.0,520.0,580.0,4,784.0
4.0,11.0,150.0,173.0,580.0,602.0,4,638.0
4.0,11.0,150.0,173.0,580.0,602.0,4,638.0
4.0,11.0,150.0,173.0,580.0,602.0,4,638.0
4.0,11.0,173.0,188.0,580.0,602.0,4,784.0
4.0,11.0,150.0,173.0,580.0,602.0,4,638.0
4.0,11.0,188.0,359.0,520.0,580.0,4,784.0
4.0,11.0,173.0,188.0,580.0,602.0,4,638.0
4.0,11.0,150.0,173.0,580.0,602.0,4,638.0
4.0,11.0,150.0,173.0,188.0,602.0,4,784.0
4.0,11.0,173.0,188.0,580.0,602.0,4,638.0
4.0,11.0,173.0,188.0,580.0,602.0,4,638.0
4.0,11.0,150.0,173.0,359.0,580.0,4,784.0
4.0,11.0,150.0,173.0,359.0,520.0,4,580.0
4.0,11.0,103.0,188.0,359.0,520.0,4,580.0
4.0,11.0,103.0,150.0,173.0,188.0,4,717.0
4.0,11.0,103.0,150.0,173.0,188.0,4,717.0
4.0,11.0,103.0,150.0,173.0,188.0,4,717.0
4.0,11.0,150.0,173.0,359.0,580.0,4,784.0
4.0,11.0,103.0,150.0,359.0,580.0,4,784.0
4.0,11.0,103.0,173.0,188.0,359.0,4,580.0
4.0,11.0,103.0,188.0,359.0,580.0,4,784.0
4.0,11.0,103.0,150.0,173.0,188.0,4,359.0
4.0,11.0,150.0,173.0,188.0,359.0,4,580.0
4.0,11.0,150.0,188.0,359.0,580.0,4,784.0
4.0,11.0,103.0,188.0,359.0,580.0,4,784.0
4.0,11.0,103.0,188.0,359.0,580.0,4,784.0
4.0,18.0,62.0,64.0,642.0,685.0,4,1015.0
4.0,18.0,62.0,64.0,642.0,685.0,4,1015.0
4.0,18.0,62.0,64.0,642.0,702.0,4,1015.0
4.0,18.0,62.0,64.0,642.0,702.0,4,1015.0
4.0,18.0,62.0,64.0,642.0,702.0,4,1015.0
4.0,28.0,41.0,110.0,608.0,665.0,4,1016.0
4.0,28.0,71.0,218.0,335.0,859.0,4,1016.0
4.0,28.0,41.0,608.0,665.0,859.0,4,1016.0
4.0,28.0,41.0,110.0,608.0,665.0,4,1016.0
4.0,28.0,110.0,608.0,665.0,754.0,4,1016.0
4.0,28.0,110.0,218.0,608.0,859.0,4,1016.0
4.0,28.0,71.0,218.0,665.0,859.0,4,1016.0
4.0,28.0,71.0,110.0,665.0,859.0,4,1016.0
4.0,28.0,110.0,608.0,665.0,754.0,4,859.0
4.0,28.0,41.0,110.0,608.0,754.0,4,1016.0
4.0,28.0,41.0,110.0,608.0,754.0,4,1016.0
4.0,33.0,125.0,255.0,607.0,789.0,4,807.0
4.0,33.0,45.0,255.0,361.0,607.0,4,807.0
4.0,33.0,14.0,45.0,255.0,361.0,4,789.0
4.0,33.0,14.0,45.0,255.0,789.0,4,807.0
4.0,33.0,14.0,45.0,255.0,789.0,4,807.0
4.0,33.0,14.0,45.0,125.0,255.0,4,361.0
4.0,33.0,14.0,255.0,361.0,789.0,4,807.0
4.0,33.0,14.0,45.0,255.0,361.0,4,807.0
4.0,27.0,363.0,380.0,453.0,842.0,4,924.0
4.0,27.0,146.0,359.0,373.0,439.0,4,527.0
4.0,27.0,363.0,380.0,453.0,842.0,4,924.0
4.0,27.0,363.0,380.0,453.0,842.0,4,924.0
4.0,27.0,146.0,359.0,373.0,439.0,4,527.0
4.0,27.0,146.0,359.0,373.0,439.0,4,527.0
4.0,27.0,363.0,380.0,453.0,842.0,4,924.0
4.0,27.0,146.0,359.0,373.0,439.0,4,527.0
4.0,27.0,146.0,359.0,373.0,439.0,4,527.0
4.0,27.0,344.0,359.0,373.0,439.0,4,527.0
4.0,27.0,344.0,373.0,439.0,527.0,4,924.0
4.0,27.0,146.0,363.0,373.0,453.0,4,924.0
4.0,27.0,146.0,363.0,373.0,453.0,4,924.0
4.0,27.0,344.0,359.0,363.0,373.0,4,453.0
4.0,27.0,359.0,363.0,373.0,439.0,4,453.0
4.0,27.0,359.0,373.0,439.0,453.0,4,527.0
4.0,27.0,146.0,363.0,373.0,453.0,4,924.0
4.0,27.0,146.0,363.0,373.0,453.0,4,924.0
4.0,27.0,344.0,359.0,373.0,439.0,4,527.0
4.0,27.0,344.0,359.0,373.0,439.0,4,527.0
4.0,27.0,344.0,363.0,380.0,453.0,4,924.0
4.0,27.0,363.0,373.0,380.0,453.0,4,924.0
4.0,27.0,363.0,380.0,453.0,842.0,4,924.0
4.0,27.0,146.0,359.0,373.0,439.0,4,527.0
4.0,27.0,146.0,359.0,373.0,439.0,4,527.0
4.0,27.0,146.0,373.0,453.0,527.0,4,924.0
4.0,0.0,13.0,418.0,465.0,493.0,4,535.0
4.0,0.0,13.0,418.0,465.0,493.0,4,535.0
4.0,0.0,418.0,517.0,532.0,535.0,4,713.0
4.0,0.0,13.0,465.0,493.0,517.0,4,535.0
4.0,0.0,13.0,418.0,493.0,535.0,4,713.0
4.0,0.0,13.0,418.0,493.0,535.0,4,713.0
4.0,0.0,13.0,418.0,493.0,535.0,4,713.0
4.0,0.0,13.0,418.0,493.0,535.0,4,713.0
4.0,15.0,659.0,714.0,764.0,860.0,4,1036.0
4.0,15.0,229.0,659.0,714.0,860.0,4,1028.0
4.0,15.0,6.0,764.0,860.0,1028.0,4,1036.0
4.0,15.0,229.0,714.0,764.0,860.0,4,1036.0
4.0,15.0,659.0,714.0,764.0,860.0,4,1036.0
4.0,15.0,229.0,659.0,714.0,860.0,4,1028.0
4.0,15.0,6.0,229.0,860.0,1028.0,4,1036.0
4.0,15.0,6.0,229.0,860.0,1028.0,4,1036.0
4.0,15.0,659.0,714.0,764.0,1028.0,4,1036.0
4.0,27.0,363.0,380.0,453.0,842.0,4,924.0
4.0,27.0,146.0,380.0,439.0,453.0,4,924.0
4.0,27.0,146.0,359.0,373.0,439.0,4,527.0
4.0,27.0,363.0,380.0,453.0,842.0,4,924.0
4.0,27.0,146.0,363.0,380.0,453.0,4,924.0
4.0,27.0,146.0,359.0,373.0,439.0,4,527.0
4.0,27.0,146.0,373.0,453.0,527.0,4,924.0
4.0,14.0,266.0,688.0,786.0,877.0,4,897.0
4.0,14.0,592.0,609.0,688.0,786.0,4,897.0
4.0,14.0,254.0,592.0,609.0,688.0,4,786.0
4.0,16.0,133.0,155.0,296.0,623.0,4,1039.0
4.0,16.0,133.0,155.0,296.0,623.0,4,996.0
4.0,16.0,305.0,427.0,495.0,553.0,4,623.0
4.0,16.0,305.0,427.0,495.0,553.0,4,623.0
4.0,16.0,155.0,305.0,427.0,553.0,4,623.0
4.0,16.0,155.0,296.0,305.0,427.0,4,553.0
4.0,16.0,155.0,296.0,305.0,427.0,4,553.0
4.0,16.0,155.0,296.0,427.0,623.0,4,996.0
4.0,16.0,296.0,427.0,553.0,623.0,4,996.0
4.0,16.0,133.0,155.0,296.0,623.0,4,1039.0
4.0,16.0,133.0,155.0,296.0,427.0,4,996.0
4.0,16.0,155.0,296.0,305.0,427.0,4,996.0
4.0,16.0,155.0,296.0,305.0,427.0,4,996.0
4.0,16.0,296.0,305.0,427.0,495.0,4,996.0
4.0,16.0,305.0,483.0,495.0,674.0,4,996.0
4.0,25.0,294.0,421.0,798.0,814.0,4,1005.0
4.0,25.0,294.0,421.0,711.0,798.0,4,814.0
4.0,25.0,294.0,421.0,711.0,798.0,4,814.0
4.0,25.0,106.0,158.0,662.0,814.0,4,1005.0
4.0,25.0,106.0,294.0,421.0,814.0,4,1005.0
4.0,25.0,106.0,158.0,711.0,814.0,4,1005.0
4.0,25.0,106.0,294.0,421.0,711.0,4,798.0
4.0,25.0,158.0,662.0,711.0,814.0,4,864.0
4.0,27.0,146.0,363.0,380.0,453.0,4,924.0
4.0,27.0,146.0,363.0,380.0,453.0,4,924.0
4.0,27.0,146.0,363.0,380.0,453.0,4,924.0
4.0,27.0,146.0,363.0,380.0,453.0,4,924.0
4.0,27.0,146.0,363.0,373.0,453.0,4,924.0
4.0,27.0,146.0,359.0,373.0,439.0,4,453.0
4.0,27.0,146.0,363.0,373.0,453.0,4,924.0
4.0,27.0,146.0,373.0,439.0,453.0,4,924.0
4.0,27.0,146.0,359.0,373.0,439.0,4,527.0
4.0,10.0,52.0,234.0,731.0,826.0,4,843.0
4.0,10.0,52.0,234.0,731.0,826.0,4,843.0
4.0,10.0,148.0,460.0,731.0,843.0,4,918.0
4.0,10.0,148.0,285.0,460.0,731.0,4,918.0
4.0,10.0,52.0,234.0,285.0,731.0,4,918.0
4.0,10.0,234.0,285.0,460.0,731.0,4,918.0
4.0,10.0,234.0,285.0,731.0,826.0,4,843.0
4.0,10.0,234.0,285.0,731.0,826.0,4,843.0
4.0,10.0,234.0,285.0,731.0,826.0,4,918.0
4.0,27.0,146.0,298.0,363.0,453.0,4,924.0
4.0,27.0,359.0,373.0,380.0,439.0,4,527.0
4.0,27.0,146.0,298.0,363.0,453.0,4,924.0
4.0,27.0,146.0,300.0,439.0,453.0,4,924.0
4.0,27.0,146.0,300.0,359.0,439.0,4,453.0
4.0,27.0,146.0,300.0,359.0,380.0,4,439.0
4.0,27.0,146.0,298.0,359.0,380.0,4,439.0
4.0,27.0,146.0,359.0,363.0,380.0,4,439.0
4.0,27.0,146.0,363.0,439.0,453.0,4,924.0
4.0,27.0,373.0,380.0,439.0,453.0,4,924.0
4.0,27.0,146.0,363.0,373.0,453.0,4,924.0
4.0,27.0,146.0,298.0,363.0,453.0,4,924.0
4.0,27.0,146.0,298.0,363.0,453.0,4,924.0
4.0,27.0,359.0,373.0,380.0,439.0,4,527.0
4.0,27.0,146.0,363.0,373.0,453.0,4,924.0
4.0,27.0,300.0,344.0,359.0,439.0,4,527.0
4.0,28.0,110.0,608.0,665.0,754.0,4,1016.0
4.0,28.0,110.0,497.0,608.0,785.0,4,1016.0
4.0,28.0,218.0,497.0,754.0,785.0,4,859.0
4.0,28.0,71.0,110.0,608.0,665.0,4,1016.0
4.0,28.0,497.0,754.0,785.0,859.0,4,1016.0
4.0,28.0,608.0,754.0,785.0,859.0,4,1016.0
4.0,28.0,608.0,754.0,785.0,859.0,4,1016.0
4.0,28.0,110.0,608.0,754.0,859.0,4,1016.0
4.0,27.0,146.0,298.0,359.0,363.0,4,453.0
4.0,27.0,146.0,359.0,373.0,439.0,4,453.0
4.0,27.0,146.0,359.0,373.0,380.0,4,439.0
4.0,27.0,146.0,298.0,363.0,453.0,4,924.0
4.0,27.0,146.0,359.0,363.0,527.0,4,924.0
4.0,27.0,359.0,373.0,380.0,439.0,4,527.0
4.0,27.0,359.0,373.0,380.0,439.0,4,527.0
4.0,27.0,359.0,373.0,380.0,439.0,4,527.0
4.0,27.0,146.0,359.0,373.0,380.0,4,439.0
4.0,27.0,359.0,373.0,380.0,439.0,4,924.0
4.0,27.0,359.0,373.0,380.0,439.0,4,924.0
4.0,27.0,146.0,363.0,373.0,453.0,4,924.0
4.0,27.0,359.0,373.0,380.0,439.0,4,527.0
4.0,27.0,359.0,373.0,380.0,439.0,4,527.0
4.0,27.0,146.0,363.0,380.0,453.0,4,924.0
4.0,27.0,146.0,363.0,380.0,453.0,4,924.0
4.0,27.0,146.0,363.0,380.0,453.0,4,924.0
4.0,27.0,146.0,363.0,453.0,842.0,4,924.0
4.0,27.0,146.0,298.0,363.0,453.0,4,924.0
4.0,27.0,146.0,363.0,439.0,453.0,4,924.0
4.0,27.0,146.0,363.0,453.0,842.0,4,924.0
4.0,27.0,146.0,298.0,363.0,453.0,4,924.0
4.0,27.0,146.0,359.0,363.0,439.0,4,453.0
4.0,27.0,146.0,359.0,373.0,380.0,4,439.0
4.0,27.0,146.0,359.0,380.0,439.0,4,842.0
4.0,27.0,146.0,363.0,439.0,842.0,4,924.0
4.0,7.0,137.0,247.0,277.0,451.0,4,994.0
4.0,7.0,137.0,247.0,277.0,451.0,4,994.0
4.0,7.0,112.0,277.0,396.0,455.0,4,902.0
4.0,7.0,112.0,277.0,396.0,455.0,4,902.0
4.0,7.0,112.0,396.0,451.0,455.0,4,902.0
4.0,7.0,396.0,451.0,455.0,902.0,4,994.0
4.0,7.0,137.0,247.0,277.0,451.0,4,994.0
4.0,7.0,137.0,247.0,277.0,451.0,4,994.0
4.0,7.0,137.0,396.0,455.0,902.0,4,994.0
4.0,7.0,112.0,277.0,396.0,455.0,4,902.0
4.0,7.0,115.0,386.0,396.0,455.0,4,902.0
4.0,24.0,463.0,576.0,863.0,888.0,4,947.0
4.0,24.0,463.0,576.0,750.0,863.0,4,947.0
4.0,24.0,425.0,576.0,750.0,863.0,4,947.0
4.0,24.0,425.0,576.0,750.0,863.0,4,947.0
4.0,24.0,321.0,463.0,576.0,750.0,4,947.0
4.0,30.0,240.0,657.0,829.0,953.0,4,963.0
4.0,30.0,348.0,689.0,829.0,953.0,4,963.0
4.0,30.0,68.0,165.0,348.0,657.0,4,689.0
4.0,30.0,240.0,348.0,657.0,829.0,4,953.0
4.0,30.0,240.0,657.0,829.0,953.0,4,963.0
4.0,30.0,165.0,240.0,657.0,829.0,4,953.0
4.0,30.0,165.0,240.0,657.0,829.0,4,953.0
4.0,30.0,165.0,240.0,348.0,657.0,4,953.0
4.0,30.0,165.0,348.0,657.0,689.0,4,953.0
4.0,30.0,68.0,657.0,689.0,829.0,4,963.0
4.0,27.0,146.0,363.0,439.0,842.0,4,924.0
4.0,27.0,146.0,363.0,439.0,842.0,4,924.0
4.0,27.0,146.0,363.0,439.0,842.0,4,924.0
4.0,27.0,146.0,363.0,439.0,662.0,4,924.0
4.0,27.0,363.0,373.0,439.0,662.0,4,924.0
4.0,27.0,363.0,373.0,439.0,662.0,4,924.0
4.0,27.0,146.0,359.0,439.0,711.0,4,842.0
4.0,27.0,146.0,359.0,439.0,711.0,4,842.0
4.0,27.0,146.0,359.0,363.0,439.0,4,842.0
4.0,13.0,80.0,91.0,238.0,320.0,4,866.0
4.0,13.0,91.0,238.0,319.0,320.0,4,866.0
4.0,13.0,16.0,91.0,238.0,319.0,4,320.0
4.0,13.0,16.0,91.0,319.0,387.0,4,811.0
4.0,13.0,80.0,91.0,238.0,811.0,4,866.0
4.0,13.0,80.0,91.0,238.0,320.0,4,811.0
4.0,13.0,80.0,91.0,238.0,320.0,4,866.0
4.0,13.0,80.0,91.0,320.0,387.0,4,866.0
4.0,13.0,16.0,319.0,320.0,387.0,4,811.0
4.0,13.0,16.0,91.0,238.0,320.0,4,811.0
4.0,13.0,16.0,80.0,91.0,238.0,4,320.0
4.0,13.0,16.0,80.0,91.0,238.0,4,320.0
4.0,27.0,146.0,363.0,842.0,924.0,4,1005.0
4.0,27.0,146.0,363.0,662.0,924.0,4,1005.0
4.0,27.0,359.0,363.0,439.0,662.0,4,711.0
4.0,27.0,359.0,439.0,662.0,711.0,4,1005.0
4.0,27.0,146.0,363.0,662.0,711.0,4,924.0
4.0,27.0,363.0,373.0,662.0,711.0,4,924.0
4.0,27.0,146.0,363.0,842.0,924.0,4,1005.0
4.0,27.0,363.0,662.0,711.0,924.0,4,1005.0
4.0,27.0,359.0,373.0,439.0,662.0,4,711.0
4.0,27.0,363.0,662.0,711.0,924.0,4,1005.0
4.0,27.0,363.0,711.0,842.0,924.0,4,1005.0
4.0,27.0,363.0,662.0,711.0,924.0,4,1005.0
4.0,27.0,359.0,363.0,439.0,662.0,4,711.0
4.0,27.0,146.0,359.0,439.0,662.0,4,1005.0
4.0,27.0,146.0,359.0,439.0,662.0,4,1005.0
4.0,27.0,146.0,359.0,439.0,662.0,4,1005.0
4.0,27.0,146.0,439.0,662.0,711.0,4,924.0
4.0,27.0,146.0,359.0,439.0,662.0,4,1005.0
4.0,29.0,132.0,338.0,769.0,874.0,4,990.0
4.0,29.0,132.0,242.0,338.0,769.0,4,990.0
4.0,29.0,132.0,242.0,283.0,769.0,4,990.0
4.0,29.0,132.0,338.0,456.0,769.0,4,990.0
4.0,29.0,86.0,242.0,338.0,456.0,4,990.0
4.0,29.0,86.0,132.0,338.0,456.0,4,990.0
4.0,29.0,132.0,242.0,331.0,338.0,4,769.0
4.0,29.0,132.0,242.0,331.0,338.0,4,769.0
4.0,27.0,363.0,662.0,842.0,924.0,4,1005.0
4.0,27.0,146.0,363.0,662.0,711.0,4,924.0
4.0,27.0,146.0,359.0,373.0,439.0,4,711.0
4.0,27.0,363.0,439.0,662.0,924.0,4,1005.0
4.0,27.0,363.0,439.0,662.0,924.0,4,1005.0
4.0,27.0,363.0,439.0,662.0,924.0,4,1005.0
4.0,27.0,146.0,439.0,842.0,924.0,4,1005.0
4.0,27.0,146.0,373.0,439.0,924.0,4,1005.0
4.0,27.0,146.0,439.0,842.0,924.0,4,1005.0
4.0,27.0,146.0,439.0,842.0,924.0,4,1005.0
4.0,27.0,146.0,359.0,439.0,662.0,4,711.0
4.0,27.0,146.0,359.0,439.0,842.0,4,1005.0
4.0,27.0,146.0,359.0,439.0,842.0,4,924.0
4.0,27.0,146.0,373.0,439.0,924.0,4,1005.0
4.0,27.0,146.0,527.0,842.0,924.0,4,1005.0
4.0,27.0,146.0,373.0,527.0,924.0,4,1005.0
4.0,27.0,146.0,373.0,527.0,924.0,4,1005.0
4.0,27.0,373.0,439.0,662.0,924.0,4,1005.0
4.0,27.0,146.0,527.0,842.0,924.0,4,1005.0
4.0,27.0,146.0,439.0,842.0,924.0,4,1005.0
4.0,27.0,146.0,439.0,662.0,924.0,4,1005.0
4.0,27.0,146.0,359.0,373.0,439.0,4,662.0
4.0,27.0,146.0,359.0,439.0,924.0,4,1005.0
4.0,27.0,359.0,373.0,439.0,662.0,4,1005.0
4.0,27.0,363.0,373.0,439.0,662.0,4,924.0
4.0,27.0,146.0,363.0,439.0,842.0,4,924.0
4.0,27.0,146.0,363.0,842.0,924.0,4,1005.0
4.0,27.0,146.0,363.0,662.0,924.0,4,1005.0
4.0,27.0,146.0,439.0,662.0,711.0,4,924.0
4.0,27.0,146.0,359.0,373.0,439.0,4,711.0
4.0,27.0,146.0,359.0,363.0,373.0,4,439.0
4.0,6.0,30.0,55.0,397.0,656.0,4,809.0
4.0,6.0,55.0,213.0,420.0,809.0,4,873.0
4.0,6.0,30.0,55.0,397.0,656.0,4,809.0
4.0,6.0,30.0,55.0,397.0,656.0,4,809.0
4.0,6.0,55.0,213.0,420.0,809.0,4,873.0
4.0,6.0,213.0,397.0,420.0,656.0,4,873.0
4.0,6.0,213.0,397.0,420.0,656.0,4,873.0
4.0,6.0,55.0,213.0,397.0,420.0,4,656.0
4.0,6.0,55.0,213.0,397.0,420.0,4,809.0
4.0,34.0,36.0,404.0,506.0,753.0,4,814.0
4.0,34.0,15.0,36.0,583.0,589.0,4,753.0
4.0,34.0,36.0,404.0,506.0,753.0,4,814.0
4.0,9.0,169.0,366.0,845.0,941.0,4,968.0
4.0,9.0,169.0,366.0,845.0,941.0,4,968.0
4.0,9.0,76.0,81.0,85.0,941.0,4,1019.0
4.0,9.0,76.0,366.0,845.0,941.0,4,968.0
4.0,9.0,76.0,81.0,85.0,845.0,4,1019.0
4.0,9.0,76.0,81.0,85.0,941.0,4,1019.0
4.0,9.0,76.0,81.0,85.0,941.0,4,1019.0
4.0,26.0,40.0,333.0,536.0,684.0,4,948.0
4.0,26.0,46.0,333.0,634.0,684.0,4,948.0
4.0,26.0,46.0,333.0,634.0,684.0,4,948.0
4.0,26.0,46.0,315.0,333.0,634.0,4,948.0
4.0,26.0,40.0,315.0,333.0,536.0,4,948.0
4.0,26.0,40.0,315.0,333.0,536.0,4,948.0
4.0,26.0,40.0,315.0,488.0,536.0,4,948.0
4.0,26.0,315.0,333.0,536.0,634.0,4,948.0
4.0,26.0,40.0,333.0,488.0,634.0,4,948.0
4.0,26.0,40.0,488.0,536.0,634.0,4,948.0
4.0,27.0,146.0,439.0,662.0,924.0,4,1005.0
4.0,27.0,359.0,363.0,373.0,439.0,4,662.0
4.0,27.0,359.0,363.0,373.0,439.0,4,662.0
4.0,27.0,359.0,363.0,373.0,439.0,4,662.0
4.0,27.0,363.0,439.0,662.0,924.0,4,1005.0
4.0,27.0,146.0,363.0,842.0,924.0,4,1005.0
4.0,27.0,146.0,439.0,662.0,924.0,4,1005.0
4.0,27.0,146.0,363.0,842.0,924.0,4,1005.0
4.0,27.0,146.0,363.0,842.0,924.0,4,1005.0
4.0,27.0,146.0,439.0,662.0,924.0,4,1005.0
4.0,27.0,146.0,439.0,662.0,711.0,4,924.0
4.0,27.0,359.0,373.0,439.0,662.0,4,711.0
4.0,27.0,359.0,373.0,439.0,662.0,4,711.0
4.0,27.0,146.0,363.0,662.0,924.0,4,1005.0
4.0,27.0,146.0,363.0,842.0,924.0,4,1005.0
4.0,27.0,146.0,363.0,842.0,924.0,4,1005.0
4.0,27.0,363.0,373.0,842.0,924.0,4,1005.0
4.0,27.0,439.0,662.0,711.0,924.0,4,1005.0
4.0,27.0,359.0,363.0,439.0,662.0,4,711.0
4.0,27.0,146.0,662.0,711.0,924.0,4,1005.0
4.0,27.0,146.0,363.0,842.0,924.0,4,1005.0
4.0,27.0,146.0,373.0,439.0,711.0,4,924.0
4.0,27.0,373.0,439.0,711.0,842.0,4,1034.0
4.0,27.0,146.0,363.0,662.0,924.0,4,1005.0
4.0,27.0,146.0,363.0,662.0,924.0,4,1005.0
4.0,27.0,146.0,363.0,842.0,924.0,4,1005.0
4.0,27.0,146.0,439.0,662.0,924.0,4,1005.0
4.0,27.0,146.0,439.0,662.0,711.0,4,1034.0
4.0,27.0,146.0,439.0,662.0,711.0,4,1034.0
4.0,27.0,146.0,439.0,662.0,711.0,4,924.0
4.0,27.0,146.0,363.0,842.0,924.0,4,1005.0
4.0,27.0,146.0,363.0,662.0,924.0,4,1005.0
4.0,27.0,373.0,439.0,662.0,711.0,4,1034.0
4.0,27.0,373.0,439.0,662.0,711.0,4,1034.0
4.0,27.0,146.0,363.0,439.0,924.0,4,1005.0
4.0,27.0,146.0,363.0,842.0,924.0,4,1005.0
4.0,27.0,146.0,363.0,662.0,924.0,4,1005.0
4.0,27.0,146.0,363.0,439.0,662.0,4,924.0
4.0,27.0,146.0,363.0,842.0,924.0,4,1005.0
4.0,27.0,146.0,439.0,662.0,711.0,4,924.0
4.0,27.0,146.0,439.0,662.0,711.0,4,1034.0
4.0,27.0,146.0,363.0,842.0,924.0,4,1005.0
4.0,27.0,146.0,363.0,842.0,924.0,4,1005.0
4.0,27.0,146.0,363.0,662.0,924.0,4,1005.0
4.0,27.0,146.0,439.0,662.0,711.0,4,1034.0
4.0,10.0,234.0,285.0,731.0,918.0,4,1007.0
4.0,10.0,234.0,731.0,826.0,918.0,4,1007.0
4.0,10.0,310.0,731.0,826.0,918.0,4,1007.0
4.0,10.0,52.0,105.0,234.0,285.0,4,731.0
4.0,10.0,234.0,285.0,731.0,826.0,4,918.0
4.0,10.0,285.0,310.0,731.0,826.0,4,918.0
4.0,10.0,285.0,310.0,731.0,826.0,4,918.0
4.0,10.0,310.0,731.0,826.0,918.0,4,1007.0
4.0,27.0,146.0,363.0,842.0,924.0,4,1005.0
4.0,27.0,146.0,363.0,662.0,924.0,4,1005.0
4.0,27.0,146.0,363.0,439.0,662.0,4,924.0
4.0,27.0,373.0,439.0,662.0,711.0,4,1034.0
4.0,27.0,373.0,439.0,662.0,711.0,4,1034.0
4.0,27.0,146.0,439.0,662.0,711.0,4,924.0
4.0,27.0,146.0,363.0,711.0,842.0,4,924.0
4.0,27.0,146.0,363.0,711.0,842.0,4,1034.0
4.0,27.0,146.0,363.0,842.0,924.0,4,1005.0
4.0,27.0,146.0,363.0,439.0,662.0,4,924.0
4.0,27.0,146.0,363.0,439.0,662.0,4,1034.0
4.0,27.0,373.0,527.0,662.0,711.0,4,1034.0
4.0,33.0,14.0,45.0,125.0,255.0,4,789.0
4.0,33.0,14.0,45.0,125.0,255.0,4,789.0
4.0,33.0,125.0,301.0,337.0,361.0,4,607.0
4.0,33.0,14.0,125.0,255.0,361.0,4,789.0
4.0,27.0,146.0,363.0,439.0,662.0,4,924.0
4.0,27.0,146.0,363.0,439.0,662.0,4,924.0
4.0,27.0,373.0,439.0,662.0,711.0,4,1034.0
4.0,27.0,146.0,363.0,662.0,924.0,4,1005.0
4.0,27.0,146.0,363.0,842.0,924.0,4,1005.0
4.0,27.0,146.0,363.0,439.0,662.0,4,924.0
4.0,27.0,146.0,363.0,439.0,662.0,4,924.0
4.0,27.0,146.0,363.0,842.0,924.0,4,1005.0
4.0,27.0,146.0,363.0,662.0,924.0,4,1005.0
4.0,27.0,146.0,439.0,662.0,924.0,4,1005.0
4.0,27.0,359.0,373.0,439.0,662.0,4,711.0
4.0,27.0,373.0,439.0,662.0,711.0,4,924.0
4.0,27.0,146.0,363.0,662.0,924.0,4,1005.0
4.0,27.0,146.0,363.0,842.0,924.0,4,1005.0
4.0,27.0,363.0,439.0,662.0,711.0,4,924.0
4.0,27.0,363.0,439.0,662.0,711.0,4,924.0
4.0,27.0,146.0,363.0,662.0,924.0,4,1005.0
4.0,27.0,146.0,363.0,842.0,924.0,4,1005.0
4.0,27.0,363.0,711.0,842.0,924.0,4,1005.0
4.0,27.0,146.0,363.0,842.0,924.0,4,1005.0
4.0,27.0,146.0,363.0,842.0,924.0,4,1005.0
4.0,27.0,146.0,363.0,439.0,662.0,4,924.0
4.0,27.0,146.0,711.0,842.0,924.0,4,1005.0
4.0,27.0,146.0,363.0,711.0,924.0,4,1005.0
4.0,27.0,146.0,363.0,842.0,924.0,4,1005.0
4.0,27.0,146.0,363.0,439.0,662.0,4,924.0
4.0,27.0,359.0,373.0,439.0,662.0,4,711.0
4.0,27.0,359.0,373.0,439.0,662.0,4,711.0
4.0,27.0,359.0,373.0,439.0,662.0,4,711.0
4.0,27.0,146.0,363.0,439.0,662.0,4,924.0
4.0,27.0,146.0,439.0,662.0,711.0,4,924.0
4.0,27.0,146.0,363.0,439.0,662.0,4,924.0
4.0,32.0,44.0,302.0,426.0,524.0,4,624.0
4.0,32.0,44.0,302.0,484.0,624.0,4,911.0
4.0,32.0,34.0,44.0,241.0,426.0,4,484.0
4.0,32.0,34.0,44.0,241.0,426.0,4,524.0
4.0,32.0,44.0,302.0,484.0,624.0,4,911.0
4.0,32.0,44.0,241.0,302.0,484.0,4,624.0
4.0,32.0,44.0,241.0,302.0,524.0,4,624.0
4.0,32.0,26.0,302.0,484.0,539.0,4,624.0
4.0,12.0,216.0,230.0,788.0,856.0,4,986.0
4.0,12.0,216.0,462.0,611.0,788.0,4,986.0
4.0,12.0,0.0,111.0,216.0,531.0,4,856.0
4.0,12.0,0.0,111.0,216.0,531.0,4,856.0
4.0,12.0,0.0,111.0,216.0,531.0,4,856.0
4.0,12.0,111.0,216.0,230.0,462.0,4,986.0
4.0,12.0,0.0,216.0,462.0,788.0,4,986.0
4.0,12.0,0.0,201.0,788.0,856.0,4,986.0
4.0,12.0,0.0,111.0,216.0,462.0,4,531.0
4.0,1.0,577.0,746.0,790.0,808.0,4,820.0
4.0,1.0,356.0,577.0,790.0,808.0,4,820.0
4.0,1.0,356.0,463.0,577.0,790.0,4,808.0
4.0,1.0,78.0,356.0,463.0,983.0,4,1008.0
4.0,1.0,577.0,746.0,790.0,808.0,4,820.0
4.0,1.0,577.0,746.0,790.0,808.0,4,820.0
4.0,1.0,577.0,746.0,790.0,808.0,4,820.0
4.0,1.0,356.0,577.0,790.0,808.0,4,820.0
4.0,17.0,108.0,135.0,298.0,505.0,4,619.0
4.0,17.0,108.0,135.0,182.0,298.0,4,586.0
4.0,17.0,182.0,299.0,505.0,508.0,4,586.0
4.0,17.0,108.0,135.0,505.0,508.0,4,619.0
4.0,17.0,135.0,182.0,299.0,508.0,4,586.0
4.0,17.0,108.0,182.0,299.0,505.0,4,619.0
4.0,17.0,157.0,298.0,299.0,508.0,4,586.0
4.0,24.0,576.0,750.0,863.0,888.0,4,947.0
4.0,24.0,425.0,576.0,750.0,863.0,4,888.0
4.0,24.0,200.0,321.0,425.0,743.0,4,750.0
4.0,24.0,425.0,576.0,863.0,888.0,4,947.0
4.0,24.0,576.0,743.0,863.0,888.0,4,947.0
4.0,24.0,321.0,425.0,576.0,750.0,4,947.0
4.0,24.0,200.0,321.0,425.0,750.0,4,947.0
4.0,24.0,200.0,425.0,576.0,750.0,4,863.0
4.0,24.0,200.0,425.0,576.0,750.0,4,863.0
4.0,27.0,1.0,373.0,439.0,662.0,4,711.0
4.0,27.0,1.0,373.0,439.0,662.0,4,711.0
4.0,27.0,1.0,363.0,439.0,527.0,4,662.0
4.0,27.0,1.0,363.0,373.0,662.0,4,1005.0
4.0,27.0,1.0,363.0,373.0,662.0,4,1005.0
4.0,27.0,439.0,527.0,711.0,842.0,4,1034.0
4.0,27.0,439.0,527.0,711.0,842.0,4,1034.0
4.0,27.0,344.0,439.0,527.0,711.0,4,1034.0
4.0,27.0,146.0,363.0,842.0,924.0,4,1005.0
4.0,27.0,146.0,363.0,439.0,662.0,4,924.0
4.0,27.0,1.0,373.0,439.0,662.0,4,711.0
4.0,27.0,146.0,363.0,662.0,924.0,4,1005.0
4.0,27.0,146.0,363.0,662.0,924.0,4,1005.0
4.0,27.0,1.0,373.0,439.0,527.0,4,711.0
4.0,27.0,146.0,363.0,439.0,924.0,4,1005.0
4.0,27.0,363.0,439.0,662.0,924.0,4,1005.0
4.0,13.0,91.0,161.0,320.0,730.0,4,866.0
4.0,13.0,16.0,191.0,319.0,387.0,4,811.0
4.0,13.0,91.0,161.0,320.0,730.0,4,811.0
4.0,13.0,91.0,161.0,320.0,730.0,4,866.0
4.0,13.0,91.0,161.0,320.0,730.0,4,811.0
4.0,13.0,116.0,161.0,320.0,730.0,4,811.0
4.0,14.0,609.0,644.0,688.0,897.0,4,922.0
4.0,14.0,254.0,592.0,700.0,786.0,4,897.0
4.0,14.0,254.0,592.0,700.0,786.0,4,897.0
4.0,14.0,254.0,592.0,609.0,700.0,4,786.0
4.0,14.0,254.0,592.0,609.0,700.0,4,786.0
4.0,14.0,592.0,609.0,688.0,786.0,4,922.0
4.0,27.0,1.0,146.0,439.0,662.0,4,1005.0
4.0,27.0,1.0,373.0,439.0,662.0,4,711.0
4.0,27.0,1.0,373.0,439.0,527.0,4,662.0
4.0,27.0,1.0,146.0,439.0,662.0,4,924.0
4.0,27.0,1.0,146.0,439.0,662.0,4,924.0
4.0,27.0,1.0,146.0,439.0,662.0,4,1034.0
4.0,27.0,1.0,146.0,439.0,662.0,4,1034.0
4.0,27.0,1.0,146.0,439.0,662.0,4,924.0
4.0,27.0,146.0,363.0,662.0,924.0,4,1005.0
4.0,27.0,1.0,373.0,439.0,527.0,4,662.0
4.0,27.0,146.0,363.0,439.0,662.0,4,924.0
4.0,27.0,146.0,363.0,439.0,662.0,4,924.0
4.0,27.0,146.0,373.0,439.0,527.0,4,924.0
4.0,27.0,1.0,146.0,373.0,439.0,4,527.0
4.0,27.0,1.0,146.0,363.0,373.0,4,924.0
4.0,27.0,1.0,146.0,363.0,373.0,4,924.0
4.0,27.0,146.0,363.0,439.0,662.0,4,924.0
4.0,27.0,146.0,439.0,527.0,662.0,4,924.0
4.0,27.0,146.0,439.0,527.0,662.0,4,924.0
4.0,27.0,1.0,373.0,527.0,842.0,4,1005.0
4.0,27.0,439.0,527.0,662.0,924.0,4,1005.0
4.0,27.0,146.0,363.0,439.0,662.0,4,924.0
4.0,27.0,1.0,363.0,439.0,662.0,4,1005.0
4.0,29.0,86.0,242.0,338.0,456.0,4,670.0
4.0,29.0,86.0,283.0,456.0,670.0,4,990.0
4.0,29.0,86.0,283.0,456.0,670.0,4,990.0
4.0,29.0,242.0,283.0,338.0,670.0,4,990.0
4.0,29.0,86.0,242.0,283.0,338.0,4,990.0
4.0,29.0,86.0,283.0,456.0,670.0,4,874.0
4.0,29.0,86.0,242.0,283.0,456.0,4,670.0
4.0,29.0,283.0,456.0,670.0,769.0,4,990.0
4.0,29.0,86.0,242.0,456.0,769.0,4,990.0
4.0,29.0,86.0,242.0,456.0,769.0,4,990.0
4.0,29.0,86.0,242.0,456.0,670.0,4,990.0
4.0,27.0,146.0,363.0,439.0,662.0,4,924.0
4.0,27.0,363.0,373.0,439.0,662.0,4,924.0
4.0,27.0,1.0,373.0,527.0,842.0,4,1005.0
4.0,27.0,1.0,373.0,527.0,662.0,4,1005.0
4.0,27.0,146.0,373.0,527.0,924.0,4,1005.0
4.0,27.0,146.0,373.0,439.0,924.0,4,1005.0
4.0,27.0,146.0,527.0,662.0,924.0,4,1005.0
4.0,27.0,1.0,146.0,439.0,662.0,4,1005.0
4.0,27.0,1.0,146.0,363.0,439.0,4,662.0
4.0,27.0,1.0,146.0,363.0,439.0,4,662.0
4.0,27.0,373.0,527.0,842.0,1005.0,4,1034.0
4.0,27.0,373.0,527.0,842.0,1005.0,4,1034.0
4.0,27.0,146.0,363.0,373.0,439.0,4,1034.0
4.0,27.0,146.0,363.0,373.0,439.0,4,1034.0
4.0,27.0,1.0,146.0,363.0,439.0,4,662.0
4.0,27.0,373.0,439.0,527.0,662.0,4,1034.0
4.0,27.0,373.0,439.0,527.0,662.0,4,1034.0
4.0,30.0,68.0,657.0,829.0,953.0,4,963.0
4.0,30.0,350.0,689.0,829.0,953.0,4,963.0
4.0,30.0,350.0,689.0,829.0,952.0,4,963.0
4.0,30.0,348.0,350.0,657.0,689.0,4,952.0
4.0,30.0,348.0,350.0,657.0,689.0,4,952.0
4.0,30.0,68.0,657.0,829.0,953.0,4,963.0
4.0,30.0,68.0,657.0,829.0,953.0,4,963.0
4.0,30.0,240.0,348.0,350.0,422.0,4,689.0
4.0,30.0,240.0,348.0,350.0,689.0,4,829.0
4.0,4.0,259.0,598.0,646.0,853.0,4,936.0
4.0,4.0,126.0,646.0,768.0,853.0,4,936.0
4.0,4.0,126.0,601.0,768.0,853.0,4,936.0
4.0,4.0,126.0,601.0,768.0,853.0,4,936.0
4.0,4.0,134.0,259.0,487.0,601.0,4,646.0
4.0,4.0,134.0,259.0,487.0,561.0,4,646.0
4.0,4.0,134.0,259.0,487.0,561.0,4,646.0
4.0,4.0,126.0,601.0,646.0,853.0,4,936.0
4.0,18.0,62.0,514.0,685.0,758.0,4,1015.0
4.0,18.0,62.0,64.0,642.0,685.0,4,702.0
4.0,18.0,62.0,64.0,642.0,685.0,4,702.0
4.0,7.0,277.0,451.0,846.0,902.0,4,994.0
4.0,7.0,451.0,455.0,791.0,902.0,4,994.0
4.0,7.0,451.0,455.0,791.0,902.0,4,994.0
4.0,7.0,112.0,181.0,277.0,396.0,4,455.0
4.0,7.0,112.0,181.0,396.0,451.0,4,902.0
4.0,7.0,277.0,396.0,451.0,902.0,4,994.0
4.0,7.0,112.0,277.0,396.0,451.0,4,902.0
4.0,7.0,112.0,277.0,396.0,455.0,4,791.0
4.0,7.0,112.0,115.0,396.0,455.0,4,791.0
4.0,27.0,146.0,363.0,439.0,662.0,4,924.0
4.0,27.0,1.0,146.0,373.0,527.0,4,1034.0
4.0,27.0,1.0,344.0,373.0,527.0,4,1034.0
4.0,27.0,146.0,363.0,439.0,662.0,4,924.0
4.0,27.0,146.0,439.0,527.0,662.0,4,924.0
4.0,27.0,1.0,146.0,344.0,439.0,4,527.0
4.0,27.0,146.0,363.0,439.0,662.0,4,924.0
4.0,27.0,146.0,363.0,439.0,662.0,4,924.0
4.0,27.0,146.0,527.0,662.0,924.0,4,1005.0
4.0,27.0,373.0,527.0,662.0,924.0,4,1005.0
4.0,27.0,1.0,373.0,527.0,842.0,4,1005.0
4.0,27.0,146.0,363.0,439.0,842.0,4,924.0
4.0,27.0,1.0,373.0,527.0,662.0,4,1005.0
4.0,27.0,1.0,146.0,363.0,439.0,4,662.0
4.0,24.0,463.0,576.0,863.0,888.0,4,947.0
4.0,24.0,200.0,321.0,425.0,576.0,4,888.0
4.0,24.0,200.0,425.0,463.0,863.0,4,888.0
4.0,24.0,463.0,576.0,746.0,863.0,4,947.0
4.0,24.0,463.0,576.0,746.0,863.0,4,947.0
4.0,24.0,200.0,321.0,425.0,576.0,4,888.0
4.0,24.0,463.0,576.0,863.0,888.0,4,947.0
4.0,9.0,85.0,149.0,828.0,845.0,4,968.0
4.0,9.0,81.0,149.0,452.0,941.0,4,968.0
4.0,9.0,81.0,149.0,452.0,845.0,4,941.0
4.0,9.0,76.0,81.0,452.0,845.0,4,941.0
4.0,9.0,76.0,85.0,828.0,845.0,4,941.0
4.0,9.0,76.0,81.0,85.0,828.0,4,845.0
4.0,9.0,76.0,81.0,149.0,828.0,4,845.0
4.0,9.0,81.0,149.0,452.0,828.0,4,941.0
4.0,9.0,81.0,149.0,452.0,828.0,4,941.0
4.0,9.0,81.0,149.0,452.0,845.0,4,941.0
4.0,24.0,180.0,321.0,425.0,576.0,4,888.0
4.0,24.0,425.0,463.0,576.0,863.0,4,947.0
4.0,24.0,200.0,425.0,576.0,863.0,4,888.0
4.0,24.0,425.0,463.0,576.0,863.0,4,888.0
4.0,24.0,180.0,200.0,321.0,425.0,4,947.0
4.0,13.0,91.0,161.0,319.0,320.0,4,866.0
4.0,13.0,91.0,238.0,320.0,817.0,4,866.0
4.0,13.0,191.0,238.0,319.0,817.0,4,866.0
4.0,13.0,16.0,191.0,238.0,319.0,4,817.0
4.0,13.0,16.0,191.0,238.0,319.0,4,817.0
4.0,13.0,191.0,238.0,319.0,320.0,4,866.0
4.0,13.0,191.0,238.0,319.0,320.0,4,866.0
4.0,13.0,91.0,161.0,319.0,320.0,4,866.0
4.0,13.0,16.0,191.0,238.0,319.0,4,817.0
4.0,13.0,191.0,238.0,320.0,817.0,4,866.0
4.0,13.0,91.0,161.0,319.0,320.0,4,866.0
4.0,28.0,41.0,110.0,608.0,665.0,4,754.0
4.0,28.0,110.0,218.0,665.0,754.0,4,1016.0
4.0,28.0,71.0,110.0,218.0,665.0,4,1016.0
4.0,28.0,71.0,218.0,665.0,754.0,4,1016.0
4.0,28.0,41.0,110.0,608.0,665.0,4,754.0
4.0,28.0,41.0,110.0,608.0,665.0,4,754.0
4.0,28.0,41.0,110.0,218.0,608.0,4,754.0
4.0,28.0,41.0,110.0,608.0,665.0,4,754.0
4.0,28.0,71.0,218.0,608.0,754.0,4,1016.0
4.0,28.0,41.0,110.0,608.0,665.0,4,754.0
4.0,24.0,576.0,746.0,863.0,888.0,4,947.0
4.0,24.0,180.0,321.0,576.0,863.0,4,888.0
4.0,24.0,576.0,746.0,863.0,888.0,4,947.0
4.0,24.0,576.0,746.0,863.0,888.0,4,947.0
4.0,24.0,425.0,576.0,746.0,863.0,4,888.0
4.0,24.0,180.0,425.0,576.0,746.0,4,863.0
4.0,24.0,425.0,576.0,746.0,863.0,4,888.0
4.0,24.0,425.0,576.0,746.0,863.0,4,888.0
4.0,24.0,180.0,425.0,576.0,863.0,4,888.0
4.0,24.0,180.0,321.0,425.0,576.0,4,888.0
4.0,24.0,321.0,425.0,746.0,863.0,4,947.0
4.0,24.0,200.0,321.0,746.0,863.0,4,947.0
4.0,24.0,576.0,746.0,863.0,888.0,4,947.0
4.0,24.0,321.0,576.0,863.0,888.0,4,947.0
4.0,24.0,576.0,746.0,863.0,888.0,4,947.0
4.0,24.0,180.0,321.0,425.0,576.0,4,888.0
4.0,24.0,576.0,746.0,863.0,888.0,4,947.0
4.0,24.0,425.0,576.0,746.0,863.0,4,888.0
4.0,24.0,198.0,321.0,425.0,746.0,4,863.0
4.0,24.0,198.0,321.0,863.0,888.0,4,947.0
4.0,24.0,576.0,746.0,863.0,888.0,4,947.0
4.0,24.0,321.0,425.0,746.0,863.0,4,947.0
4.0,24.0,576.0,746.0,863.0,888.0,4,947.0
4.0,24.0,576.0,746.0,863.0,888.0,4,947.0
4.0,24.0,463.0,576.0,746.0,863.0,4,947.0
4.0,24.0,321.0,425.0,463.0,750.0,4,888.0
4.0,24.0,425.0,463.0,576.0,746.0,4,863.0
4.0,24.0,321.0,425.0,576.0,863.0,4,947.0
4.0,33.0,14.0,45.0,255.0,361.0,4,789.0
4.0,33.0,14.0,45.0,255.0,361.0,4,789.0
4.0,33.0,125.0,255.0,607.0,789.0,4,854.0
4.0,33.0,125.0,301.0,607.0,789.0,4,854.0
4.0,33.0,125.0,301.0,607.0,789.0,4,854.0
4.0,33.0,14.0,125.0,301.0,789.0,4,854.0
4.0,33.0,14.0,45.0,125.0,255.0,4,789.0
4.0,33.0,125.0,255.0,337.0,361.0,4,789.0
4.0,33.0,45.0,125.0,301.0,337.0,4,361.0
4.0,33.0,14.0,45.0,125.0,255.0,4,789.0
4.0,1.0,250.0,356.0,682.0,740.0,4,887.0
4.0,1.0,577.0,790.0,808.0,820.0,4,898.0
4.0,1.0,577.0,790.0,808.0,820.0,4,898.0
4.0,1.0,250.0,356.0,790.0,808.0,4,887.0
4.0,17.0,108.0,290.0,328.0,505.0,4,635.0
4.0,17.0,108.0,182.0,290.0,328.0,4,586.0
4.0,17.0,47.0,108.0,182.0,328.0,4,586.0
4.0,17.0,47.0,108.0,290.0,505.0,4,635.0
4.0,17.0,108.0,290.0,328.0,586.0,4,635.0
4.0,17.0,47.0,108.0,290.0,505.0,4,635.0
4.0,17.0,47.0,108.0,290.0,505.0,4,635.0
4.0,24.0,463.0,576.0,746.0,863.0,4,947.0
4.0,24.0,321.0,425.0,463.0,750.0,4,888.0
4.0,24.0,463.0,576.0,746.0,863.0,4,947.0
4.0,24.0,463.0,576.0,746.0,863.0,4,947.0
4.0,24.0,463.0,576.0,746.0,863.0,4,947.0
4.0,24.0,425.0,576.0,750.0,863.0,4,947.0
4.0,24.0,463.0,576.0,863.0,888.0,4,947.0
4.0,24.0,463.0,576.0,863.0,888.0,4,947.0
4.0,24.0,463.0,576.0,746.0,863.0,4,947.0
4.0,24.0,321.0,425.0,463.0,750.0,4,888.0
4.0,24.0,321.0,425.0,463.0,576.0,4,750.0
4.0,24.0,425.0,463.0,576.0,750.0,4,863.0
4.0,24.0,425.0,463.0,576.0,746.0,4,863.0
4.0,24.0,463.0,576.0,863.0,888.0,4,947.0
4.0,24.0,425.0,463.0,863.0,888.0,4,947.0
4.0,24.0,463.0,576.0,746.0,863.0,4,947.0
4.0,24.0,463.0,576.0,746.0,863.0,4,947.0
4.0,24.0,463.0,576.0,746.0,863.0,4,947.0
4.0,24.0,321.0,425.0,576.0,750.0,4,888.0
4.0,24.0,463.0,576.0,746.0,863.0,4,947.0
4.0,12.0,216.0,230.0,531.0,715.0,4,856.0
4.0,12.0,111.0,431.0,715.0,910.0,4,933.0
4.0,12.0,111.0,431.0,715.0,910.0,4,933.0
4.0,12.0,111.0,216.0,230.0,431.0,4,856.0
4.0,12.0,111.0,216.0,230.0,531.0,4,856.0
4.0,12.0,111.0,216.0,531.0,856.0,4,933.0
4.0,12.0,111.0,216.0,531.0,910.0,4,933.0
4.0,12.0,111.0,431.0,715.0,856.0,4,933.0
4.0,12.0,111.0,216.0,431.0,910.0,4,933.0
4.0,12.0,216.0,431.0,715.0,856.0,4,933.0
4.0,24.0,463.0,576.0,863.0,888.0,4,947.0
4.0,24.0,425.0,576.0,750.0,863.0,4,888.0
4.0,24.0,321.0,425.0,576.0,750.0,4,888.0
4.0,24.0,321.0,425.0,463.0,750.0,4,888.0
4.0,24.0,425.0,463.0,576.0,863.0,4,888.0
4.0,24.0,425.0,576.0,750.0,863.0,4,888.0
4.0,24.0,321.0,425.0,576.0,750.0,4,888.0
4.0,24.0,463.0,576.0,863.0,888.0,4,947.0
4.0,32.0,34.0,44.0,241.0,524.0,4,911.0
4.0,32.0,44.0,302.0,484.0,624.0,4,911.0
4.0,32.0,44.0,302.0,524.0,627.0,4,911.0
4.0,32.0,34.0,44.0,241.0,524.0,4,911.0
4.0,32.0,34.0,44.0,241.0,524.0,4,911.0
4.0,32.0,34.0,241.0,302.0,524.0,4,911.0
4.0,32.0,44.0,241.0,484.0,624.0,4,627.0
4.0,32.0,34.0,44.0,484.0,524.0,4,624.0
4.0,24.0,463.0,576.0,746.0,863.0,4,947.0
4.0,24.0,463.0,576.0,746.0,863.0,4,947.0
4.0,24.0,425.0,576.0,863.0,888.0,4,947.0
4.0,24.0,321.0,425.0,463.0,888.0,4,947.0
4.0,24.0,321.0,425.0,463.0,857.0,4,888.0
4.0,24.0,463.0,576.0,857.0,863.0,4,888.0
4.0,24.0,425.0,463.0,576.0,863.0,4,888.0
4.0,4.0,134.0,259.0,561.0,646.0,4,768.0
4.0,4.0,259.0,646.0,768.0,853.0,4,936.0
4.0,4.0,259.0,646.0,768.0,853.0,4,936.0
4.0,4.0,126.0,601.0,768.0,853.0,4,936.0
4.0,4.0,134.0,259.0,487.0,601.0,4,646.0
4.0,4.0,134.0,259.0,487.0,601.0,4,646.0
4.0,4.0,134.0,259.0,487.0,561.0,4,646.0
4.0,4.0,134.0,259.0,561.0,646.0,4,768.0
4.0,4.0,134.0,259.0,646.0,853.0,4,936.0
4.0,4.0,126.0,487.0,601.0,646.0,4,936.0
4.0,4.0,134.0,259.0,601.0,646.0,4,936.0
4.0,4.0,134.0,259.0,601.0,646.0,4,936.0
4.0,18.0,181.0,579.0,642.0,702.0,4,1015.0
4.0,18.0,181.0,579.0,642.0,758.0,4,1015.0
4.0,18.0,181.0,579.0,642.0,758.0,4,1015.0
4.0,18.0,181.0,579.0,642.0,758.0,4,1013.0
4.0,18.0,181.0,579.0,642.0,702.0,4,1015.0
4.0,18.0,181.0,579.0,642.0,702.0,4,1015.0
4.0,18.0,579.0,642.0,702.0,1013.0,4,1015.0
4.0,24.0,463.0,576.0,863.0,888.0,4,947.0
4.0,24.0,463.0,576.0,863.0,888.0,4,947.0
4.0,24.0,425.0,463.0,576.0,863.0,4,888.0
4.0,24.0,198.0,321.0,425.0,576.0,4,750.0
4.0,24.0,198.0,321.0,425.0,463.0,4,750.0
4.0,24.0,463.0,576.0,750.0,863.0,4,947.0
4.0,24.0,425.0,463.0,576.0,863.0,4,888.0
4.0,24.0,425.0,463.0,576.0,750.0,4,863.0
4.0,24.0,198.0,425.0,576.0,750.0,4,863.0
4.0,24.0,198.0,425.0,576.0,750.0,4,863.0
4.0,24.0,198.0,321.0,425.0,750.0,4,857.0
4.0,24.0,124.0,198.0,321.0,734.0,4,857.0
4.0,24.0,463.0,576.0,863.0,888.0,4,947.0
4.0,24.0,198.0,321.0,425.0,463.0,4,750.0
4.0,24.0,198.0,321.0,425.0,463.0,4,750.0
4.0,24.0,425.0,463.0,576.0,750.0,4,863.0
4.0,24.0,463.0,576.0,863.0,888.0,4,947.0
4.0,24.0,425.0,463.0,576.0,750.0,4,863.0
4.0,24.0,198.0,321.0,425.0,463.0,4,750.0
4.0,24.0,425.0,463.0,576.0,750.0,4,863.0
4.0,24.0,463.0,576.0,750.0,863.0,4,947.0
4.0,24.0,463.0,576.0,863.0,888.0,4,947.0
4.0,24.0,425.0,576.0,750.0,863.0,4,888.0
4.0,24.0,321.0,425.0,463.0,750.0,4,888.0
4.0,24.0,321.0,425.0,463.0,750.0,4,888.0
4.0,24.0,425.0,463.0,576.0,863.0,4,888.0
4.0,24.0,425.0,463.0,576.0,746.0,4,863.0
4.0,24.0,425.0,576.0,750.0,863.0,4,888.0
4.0,24.0,463.0,576.0,746.0,863.0,4,947.0
4.0,24.0,425.0,576.0,750.0,863.0,4,888.0
4.0,24.0,321.0,425.0,750.0,888.0,4,947.0
4.0,24.0,321.0,425.0,463.0,750.0,4,947.0
4.0,24.0,425.0,463.0,576.0,750.0,4,863.0
4.0,24.0,425.0,463.0,576.0,750.0,4,863.0
4.0,24.0,425.0,463.0,576.0,746.0,4,863.0
4.0,24.0,463.0,576.0,746.0,863.0,4,947.0
4.0,24.0,425.0,463.0,576.0,746.0,4,863.0
4.0,24.0,321.0,425.0,576.0,750.0,4,888.0
4.0,24.0,321.0,425.0,463.0,750.0,4,888.0
4.0,24.0,321.0,425.0,463.0,750.0,4,888.0
4.0,24.0,321.0,425.0,463.0,750.0,4,888.0
4.0,24.0,124.0,198.0,321.0,425.0,4,857.0
4.0,24.0,463.0,576.0,746.0,863.0,4,947.0
4.0,24.0,463.0,576.0,746.0,863.0,4,947.0
4.0,24.0,321.0,425.0,463.0,576.0,4,888.0
4.0,24.0,321.0,425.0,576.0,750.0,4,888.0
4.0,24.0,321.0,425.0,463.0,750.0,4,888.0
4.0,24.0,463.0,576.0,750.0,863.0,4,888.0
4.0,24.0,425.0,463.0,576.0,750.0,4,863.0
4.0,24.0,425.0,576.0,746.0,750.0,4,863.0
4.0,24.0,463.0,576.0,746.0,863.0,4,947.0
4.0,24.0,576.0,746.0,863.0,888.0,4,947.0
4.0,24.0,425.0,576.0,746.0,863.0,4,888.0
4.0,24.0,321.0,425.0,576.0,750.0,4,888.0
4.0,24.0,321.0,425.0,463.0,750.0,4,888.0
4.0,30.0,240.0,657.0,829.0,953.0,4,963.0
4.0,30.0,240.0,350.0,829.0,953.0,4,963.0
4.0,30.0,350.0,689.0,829.0,953.0,4,963.0
4.0,30.0,350.0,389.0,657.0,689.0,4,952.0
4.0,30.0,657.0,689.0,829.0,953.0,4,963.0
4.0,30.0,240.0,350.0,657.0,953.0,4,963.0
4.0,30.0,240.0,348.0,350.0,953.0,4,963.0
4.0,30.0,348.0,389.0,689.0,953.0,4,963.0
4.0,30.0,348.0,350.0,389.0,689.0,4,952.0
4.0,30.0,165.0,348.0,657.0,689.0,4,952.0
4.0,30.0,165.0,240.0,348.0,657.0,4,689.0
4.0,15.0,659.0,714.0,860.0,960.0,4,1036.0
4.0,15.0,659.0,714.0,860.0,872.0,4,1036.0
4.0,15.0,229.0,659.0,714.0,860.0,4,872.0
4.0,15.0,229.0,714.0,860.0,960.0,4,1036.0
4.0,15.0,370.0,659.0,714.0,860.0,4,1036.0
4.0,15.0,229.0,370.0,659.0,714.0,4,860.0
4.0,15.0,659.0,714.0,860.0,960.0,4,1036.0
4.0,15.0,229.0,714.0,860.0,960.0,4,1036.0
4.0,7.0,247.0,451.0,455.0,902.0,4,994.0
4.0,7.0,112.0,115.0,247.0,396.0,4,455.0
4.0,7.0,112.0,115.0,247.0,396.0,4,451.0
4.0,7.0,396.0,451.0,455.0,902.0,4,994.0
4.0,7.0,247.0,451.0,455.0,902.0,4,994.0
4.0,24.0,463.0,576.0,863.0,888.0,4,947.0
4.0,24.0,425.0,576.0,750.0,863.0,4,888.0
4.0,24.0,321.0,425.0,463.0,750.0,4,888.0
4.0,24.0,576.0,746.0,863.0,888.0,4,947.0
4.0,24.0,463.0,576.0,863.0,888.0,4,947.0
4.0,24.0,463.0,576.0,863.0,888.0,4,947.0
4.0,24.0,463.0,576.0,750.0,863.0,4,888.0
4.0,24.0,463.0,576.0,746.0,863.0,4,947.0
4.0,24.0,463.0,576.0,746.0,863.0,4,947.0
4.0,24.0,321.0,425.0,576.0,750.0,4,888.0
4.0,24.0,425.0,463.0,576.0,863.0,4,888.0
4.0,24.0,463.0,576.0,746.0,863.0,4,947.0
4.0,24.0,321.0,425.0,576.0,863.0,4,888.0
4.0,24.0,321.0,425.0,576.0,863.0,4,888.0
4.0,24.0,321.0,576.0,863.0,888.0,4,947.0
4.0,14.0,48.0,254.0,592.0,700.0,4,786.0
4.0,14.0,609.0,644.0,786.0,897.0,4,922.0
4.0,14.0,254.0,592.0,609.0,700.0,4,786.0
4.0,14.0,48.0,254.0,592.0,609.0,4,700.0
4.0,14.0,48.0,254.0,592.0,700.0,4,786.0
4.0,14.0,48.0,609.0,644.0,897.0,4,922.0
4.0,14.0,609.0,644.0,786.0,897.0,4,922.0
4.0,18.0,181.0,579.0,642.0,758.0,4,1015.0
4.0,18.0,579.0,642.0,702.0,758.0,4,1015.0
4.0,18.0,64.0,514.0,702.0,758.0,4,1015.0
4.0,18.0,64.0,514.0,579.0,685.0,4,1015.0
4.0,18.0,514.0,579.0,685.0,702.0,4,1015.0
4.0,18.0,181.0,579.0,642.0,685.0,4,702.0
4.0,18.0,64.0,181.0,579.0,642.0,4,685.0
4.0,18.0,181.0,226.0,579.0,642.0,4,702.0
4.0,18.0,64.0,579.0,642.0,758.0,4,1015.0
4.0,18.0,64.0,514.0,702.0,758.0,4,1015.0
4.0,18.0,226.0,579.0,642.0,702.0,4,1015.0
4.0,18.0,181.0,226.0,579.0,642.0,4,702.0
4.0,18.0,226.0,579.0,642.0,702.0,4,1015.0
4.0,24.0,200.0,463.0,750.0,863.0,4,888.0
4.0,24.0,200.0,321.0,463.0,750.0,4,888.0
4.0,24.0,200.0,321.0,576.0,750.0,4,888.0
4.0,24.0,200.0,576.0,750.0,863.0,4,888.0
4.0,24.0,200.0,463.0,576.0,863.0,4,888.0
4.0,24.0,200.0,463.0,576.0,750.0,4,863.0
4.0,24.0,200.0,463.0,576.0,750.0,4,863.0
4.0,24.0,200.0,321.0,425.0,463.0,4,750.0
4.0,24.0,200.0,321.0,425.0,463.0,4,750.0
4.0,24.0,425.0,463.0,576.0,750.0,4,863.0
4.0,24.0,425.0,463.0,576.0,750.0,4,863.0
4.0,24.0,425.0,463.0,576.0,746.0,4,863.0
4.0,24.0,200.0,321.0,425.0,576.0,4,888.0
4.0,24.0,200.0,321.0,425.0,576.0,4,888.0
4.0,24.0,200.0,321.0,425.0,463.0,4,888.0
4.0,24.0,200.0,463.0,576.0,750.0,4,863.0
4.0,24.0,200.0,463.0,576.0,750.0,4,863.0
4.0,24.0,200.0,463.0,576.0,750.0,4,863.0
4.0,24.0,200.0,463.0,576.0,863.0,4,888.0
4.0,24.0,425.0,463.0,576.0,863.0,4,888.0
4.0,24.0,200.0,321.0,576.0,750.0,4,888.0
4.0,24.0,200.0,321.0,463.0,750.0,4,888.0
4.0,24.0,425.0,463.0,576.0,746.0,4,863.0
4.0,24.0,321.0,425.0,463.0,576.0,4,746.0
4.0,24.0,200.0,321.0,463.0,576.0,4,746.0
4.0,24.0,200.0,321.0,576.0,750.0,4,888.0
4.0,24.0,200.0,321.0,576.0,750.0,4,888.0
4.0,24.0,321.0,463.0,576.0,750.0,4,888.0
4.0,24.0,321.0,463.0,576.0,750.0,4,888.0
4.0,33.0,14.0,255.0,361.0,789.0,4,807.0
4.0,33.0,14.0,125.0,255.0,337.0,4,807.0
4.0,33.0,14.0,125.0,255.0,337.0,4,807.0
4.0,33.0,125.0,301.0,337.0,789.0,4,854.0
4.0,33.0,301.0,361.0,470.0,607.0,4,854.0
4.0,24.0,321.0,425.0,576.0,750.0,4,888.0
4.0,24.0,321.0,425.0,576.0,750.0,4,888.0
4.0,24.0,321.0,425.0,463.0,750.0,4,888.0
4.0,24.0,425.0,463.0,750.0,863.0,4,888.0
4.0,24.0,463.0,576.0,746.0,750.0,4,863.0
4.0,24.0,425.0,463.0,576.0,863.0,4,888.0
4.0,24.0,463.0,576.0,746.0,863.0,4,947.0
4.0,24.0,321.0,425.0,463.0,750.0,4,888.0
4.0,24.0,321.0,425.0,463.0,750.0,4,888.0
4.0,29.0,86.0,242.0,456.0,769.0,4,990.0
4.0,29.0,86.0,132.0,242.0,769.0,4,990.0
4.0,29.0,86.0,456.0,769.0,874.0,4,990.0
4.0,29.0,86.0,283.0,456.0,874.0,4,990.0
4.0,29.0,86.0,242.0,769.0,874.0,4,990.0
4.0,10.0,52.0,234.0,285.0,731.0,4,918.0
4.0,10.0,234.0,285.0,310.0,731.0,4,918.0
4.0,10.0,234.0,310.0,731.0,826.0,4,1007.0
4.0,10.0,52.0,285.0,310.0,731.0,4,826.0
4.0,10.0,52.0,285.0,310.0,826.0,4,918.0
4.0,10.0,234.0,285.0,310.0,826.0,4,918.0
4.0,10.0,52.0,234.0,285.0,731.0,4,918.0
4.0,10.0,234.0,285.0,731.0,826.0,4,918.0
4.0,10.0,234.0,285.0,310.0,731.0,4,826.0
4.0,10.0,234.0,285.0,310.0,731.0,4,918.0
4.0,10.0,234.0,285.0,310.0,731.0,4,918.0
4.0,24.0,463.0,576.0,746.0,863.0,4,947.0
4.0,24.0,200.0,321.0,425.0,750.0,4,888.0
4.0,24.0,200.0,321.0,425.0,750.0,4,888.0
4.0,24.0,425.0,463.0,576.0,863.0,4,888.0
4.0,24.0,463.0,576.0,746.0,863.0,4,947.0
4.0,24.0,463.0,576.0,746.0,863.0,4,947.0
4.0,24.0,463.0,576.0,746.0,863.0,4,947.0
4.0,24.0,200.0,321.0,425.0,750.0,4,888.0
4.0,24.0,200.0,321.0,425.0,750.0,4,888.0
4.0,24.0,576.0,746.0,863.0,888.0,4,947.0
4.0,24.0,180.0,321.0,425.0,576.0,4,750.0
4.0,24.0,463.0,576.0,746.0,863.0,4,888.0
4.0,24.0,200.0,463.0,576.0,746.0,4,863.0
4.0,24.0,463.0,576.0,746.0,863.0,4,947.0
4.0,24.0,321.0,425.0,576.0,750.0,4,888.0
4.0,24.0,321.0,425.0,463.0,750.0,4,888.0
4.0,24.0,321.0,425.0,463.0,750.0,4,888.0
4.0,24.0,321.0,425.0,463.0,750.0,4,888.0
4.0,24.0,180.0,200.0,321.0,425.0,4,857.0
4.0,30.0,240.0,657.0,829.0,953.0,4,963.0
4.0,30.0,240.0,348.0,350.0,657.0,4,689.0
4.0,30.0,68.0,348.0,350.0,657.0,4,689.0
4.0,30.0,68.0,348.0,829.0,953.0,4,963.0
4.0,30.0,68.0,348.0,829.0,953.0,4,963.0
4.0,30.0,68.0,657.0,829.0,953.0,4,963.0
4.0,30.0,348.0,350.0,689.0,953.0,4,963.0
4.0,30.0,68.0,348.0,350.0,689.0,4,963.0
4.0,30.0,68.0,348.0,350.0,657.0,4,689.0
4.0,30.0,348.0,350.0,829.0,953.0,4,963.0
4.0,30.0,350.0,689.0,829.0,953.0,4,963.0
4.0,30.0,657.0,689.0,829.0,953.0,4,963.0
4.0,25.0,106.0,294.0,380.0,421.0,4,453.0
4.0,25.0,294.0,380.0,398.0,421.0,4,453.0
4.0,25.0,294.0,380.0,398.0,421.0,4,453.0
4.0,25.0,294.0,355.0,398.0,453.0,4,798.0
4.0,25.0,106.0,294.0,380.0,421.0,4,453.0
4.0,25.0,106.0,294.0,380.0,421.0,4,453.0
4.0,25.0,294.0,300.0,380.0,421.0,4,453.0
4.0,25.0,294.0,300.0,355.0,398.0,4,453.0
4.0,25.0,294.0,300.0,355.0,380.0,4,398.0
4.0,25.0,294.0,380.0,398.0,421.0,4,453.0
4.0,25.0,294.0,380.0,398.0,421.0,4,453.0
4.0,24.0,576.0,750.0,863.0,888.0,4,947.0
4.0,24.0,180.0,425.0,576.0,863.0,4,888.0
4.0,24.0,180.0,200.0,321.0,425.0,4,750.0
4.0,24.0,200.0,425.0,576.0,863.0,4,888.0
4.0,24.0,576.0,750.0,863.0,888.0,4,947.0
4.0,24.0,200.0,576.0,863.0,888.0,4,947.0
4.0,24.0,425.0,576.0,863.0,888.0,4,947.0
4.0,24.0,200.0,321.0,425.0,576.0,4,888.0
4.0,24.0,425.0,576.0,750.0,863.0,4,947.0
4.0,24.0,576.0,743.0,863.0,888.0,4,947.0
4.0,24.0,576.0,743.0,863.0,888.0,4,947.0
4.0,24.0,180.0,200.0,321.0,425.0,4,888.0
4.0,24.0,180.0,200.0,321.0,425.0,4,743.0
4.0,24.0,200.0,321.0,425.0,576.0,4,750.0
4.0,24.0,576.0,740.0,863.0,888.0,4,947.0
4.0,24.0,576.0,750.0,863.0,888.0,4,947.0
4.0,24.0,425.0,750.0,863.0,888.0,4,947.0
4.0,24.0,180.0,200.0,321.0,425.0,4,750.0
4.0,24.0,180.0,200.0,740.0,743.0,4,857.0
4.0,24.0,180.0,200.0,740.0,743.0,4,857.0
4.0,0.0,13.0,448.0,493.0,589.0,4,686.0
4.0,0.0,13.0,204.0,418.0,465.0,4,493.0
4.0,0.0,13.0,204.0,418.0,465.0,4,493.0
4.0,0.0,13.0,330.0,418.0,465.0,4,493.0
4.0,0.0,13.0,204.0,330.0,418.0,4,465.0
4.0,0.0,13.0,330.0,418.0,493.0,4,686.0
4.0,0.0,13.0,418.0,493.0,589.0,4,686.0
4.0,15.0,659.0,714.0,872.0,960.0,4,1036.0
4.0,15.0,659.0,714.0,872.0,895.0,4,1036.0
4.0,15.0,659.0,714.0,764.0,960.0,4,1036.0
4.0,15.0,457.0,659.0,764.0,872.0,4,895.0
4.0,15.0,714.0,764.0,872.0,895.0,4,1036.0
4.0,15.0,714.0,872.0,895.0,960.0,4,1036.0
4.0,26.0,40.0,315.0,488.0,536.0,4,914.0
4.0,26.0,40.0,488.0,536.0,684.0,4,948.0
4.0,26.0,40.0,315.0,333.0,488.0,4,536.0
4.0,26.0,40.0,315.0,488.0,536.0,4,684.0
4.0,26.0,315.0,333.0,488.0,634.0,4,948.0
4.0,24.0,576.0,743.0,863.0,888.0,4,947.0
4.0,24.0,425.0,576.0,750.0,863.0,4,888.0
4.0,24.0,200.0,321.0,425.0,750.0,4,888.0
4.0,24.0,425.0,576.0,863.0,888.0,4,947.0
4.0,24.0,576.0,743.0,863.0,888.0,4,947.0
4.0,24.0,425.0,576.0,750.0,863.0,4,947.0
4.0,24.0,200.0,425.0,750.0,863.0,4,947.0
4.0,6.0,171.0,213.0,640.0,809.0,4,867.0
4.0,6.0,30.0,61.0,397.0,656.0,4,873.0
4.0,6.0,171.0,213.0,640.0,656.0,4,867.0
4.0,6.0,30.0,171.0,499.0,656.0,4,867.0
4.0,34.0,404.0,506.0,695.0,753.0,4,975.0
4.0,34.0,517.0,695.0,753.0,975.0,4,1033.0
4.0,34.0,404.0,506.0,517.0,975.0,4,1033.0
4.0,34.0,404.0,506.0,517.0,975.0,4,1033.0
4.0,34.0,506.0,517.0,583.0,975.0,4,1033.0
4.0,34.0,506.0,517.0,583.0,975.0,4,1033.0
4.0,34.0,404.0,506.0,517.0,583.0,4,695.0
4.0,16.0,416.0,553.0,623.0,674.0,4,719.0
4.0,16.0,155.0,296.0,495.0,713.0,4,719.0
4.0,16.0,296.0,495.0,553.0,623.0,4,713.0
4.0,16.0,155.0,296.0,495.0,623.0,4,674.0
4.0,16.0,155.0,296.0,495.0,623.0,4,674.0
4.0,16.0,155.0,296.0,495.0,623.0,4,713.0
4.0,16.0,155.0,296.0,623.0,713.0,4,719.0
4.0,24.0,570.0,576.0,863.0,888.0,4,947.0
4.0,24.0,425.0,576.0,750.0,863.0,4,888.0
4.0,24.0,425.0,576.0,750.0,863.0,4,888.0
4.0,24.0,200.0,321.0,425.0,743.0,4,750.0
4.0,24.0,200.0,321.0,425.0,743.0,4,750.0
4.0,24.0,425.0,570.0,576.0,863.0,4,888.0
4.0,24.0,570.0,576.0,863.0,888.0,4,947.0
4.0,24.0,425.0,576.0,750.0,863.0,4,888.0
4.0,24.0,321.0,425.0,576.0,743.0,4,750.0
4.0,24.0,425.0,576.0,743.0,750.0,4,863.0
4.0,24.0,425.0,570.0,576.0,863.0,4,888.0
4.0,24.0,570.0,576.0,863.0,888.0,4,947.0
4.0,24.0,321.0,425.0,576.0,743.0,4,750.0
4.0,24.0,200.0,321.0,425.0,743.0,4,750.0
4.0,24.0,425.0,576.0,750.0,863.0,4,947.0
4.0,24.0,425.0,570.0,576.0,863.0,4,888.0
4.0,24.0,425.0,576.0,743.0,750.0,4,863.0
4.0,24.0,200.0,321.0,425.0,743.0,4,750.0
4.0,24.0,570.0,576.0,863.0,888.0,4,947.0
4.0,24.0,570.0,576.0,863.0,888.0,4,947.0
4.0,24.0,576.0,750.0,863.0,888.0,4,947.0
4.0,24.0,321.0,425.0,576.0,743.0,4,750.0
4.0,24.0,321.0,425.0,743.0,750.0,4,947.0
4.0,24.0,321.0,425.0,743.0,750.0,4,947.0
4.0,24.0,425.0,576.0,743.0,750.0,4,863.0
4.0,24.0,570.0,576.0,863.0,888.0,4,947.0
4.0,24.0,425.0,576.0,750.0,863.0,4,888.0
4.0,24.0,200.0,321.0,425.0,743.0,4,750.0
4.0,24.0,200.0,321.0,425.0,743.0,4,750.0
4.0,24.0,425.0,576.0,743.0,750.0,4,863.0
4.0,24.0,570.0,576.0,863.0,888.0,4,947.0
4.0,24.0,321.0,425.0,576.0,743.0,4,750.0
4.0,24.0,576.0,743.0,750.0,863.0,4,947.0
4.0,24.0,570.0,576.0,863.0,888.0,4,947.0
4.0,24.0,570.0,576.0,863.0,888.0,4,947.0
4.0,24.0,200.0,321.0,425.0,743.0,4,750.0
4.0,24.0,200.0,425.0,576.0,743.0,4,863.0
4.0,24.0,200.0,570.0,576.0,863.0,4,888.0
4.0,24.0,200.0,570.0,576.0,863.0,4,888.0
4.0,24.0,200.0,570.0,576.0,863.0,4,888.0
4.0,24.0,321.0,425.0,576.0,750.0,4,888.0
4.0,24.0,425.0,576.0,743.0,750.0,4,863.0
4.0,24.0,425.0,570.0,576.0,750.0,4,863.0
4.0,24.0,425.0,570.0,576.0,750.0,4,863.0
4.0,24.0,200.0,321.0,425.0,576.0,4,743.0
4.0,24.0,200.0,321.0,425.0,743.0,4,947.0
4.0,24.0,200.0,321.0,425.0,743.0,4,947.0
4.0,24.0,200.0,570.0,576.0,863.0,4,888.0
4.0,24.0,200.0,321.0,425.0,576.0,4,743.0
4.0,24.0,200.0,425.0,576.0,743.0,4,863.0
4.0,28.0,110.0,353.0,608.0,754.0,4,859.0
4.0,28.0,110.0,353.0,665.0,754.0,4,859.0
4.0,28.0,110.0,353.0,665.0,754.0,4,859.0
4.0,28.0,41.0,353.0,608.0,754.0,4,859.0
4.0,28.0,41.0,353.0,608.0,665.0,4,1016.0
4.0,28.0,41.0,608.0,665.0,754.0,4,1016.0
4.0,28.0,110.0,353.0,608.0,754.0,4,859.0
4.0,28.0,110.0,353.0,608.0,754.0,4,859.0
4.0,28.0,41.0,353.0,608.0,754.0,4,859.0
4.0,13.0,91.0,191.0,320.0,730.0,4,811.0
4.0,13.0,16.0,91.0,238.0,320.0,4,730.0
4.0,13.0,91.0,238.0,320.0,420.0,4,730.0
4.0,13.0,16.0,91.0,191.0,320.0,4,730.0
4.0,13.0,16.0,91.0,191.0,320.0,4,730.0
4.0,13.0,16.0,91.0,191.0,319.0,4,811.0
4.0,13.0,191.0,238.0,319.0,320.0,4,811.0
4.0,13.0,91.0,238.0,320.0,730.0,4,811.0
4.0,13.0,91.0,238.0,320.0,730.0,4,811.0
4.0,24.0,425.0,570.0,576.0,750.0,4,863.0
4.0,24.0,321.0,425.0,576.0,743.0,4,750.0
4.0,24.0,200.0,321.0,425.0,743.0,4,750.0
4.0,24.0,200.0,425.0,743.0,750.0,4,863.0
4.0,24.0,570.0,576.0,863.0,888.0,4,947.0
4.0,24.0,570.0,576.0,863.0,888.0,4,947.0
4.0,24.0,200.0,425.0,743.0,750.0,4,863.0
4.0,24.0,425.0,570.0,576.0,863.0,4,888.0
4.0,14.0,48.0,254.0,592.0,700.0,4,786.0
4.0,14.0,592.0,609.0,688.0,786.0,4,922.0
4.0,14.0,48.0,254.0,592.0,700.0,4,786.0
4.0,14.0,48.0,254.0,592.0,700.0,4,786.0
4.0,14.0,48.0,254.0,592.0,609.0,4,700.0
4.0,14.0,609.0,700.0,786.0,897.0,4,922.0
4.0,29.0,86.0,242.0,283.0,331.0,4,456.0
4.0,29.0,86.0,242.0,283.0,456.0,4,670.0
4.0,29.0,86.0,242.0,338.0,456.0,4,670.0
4.0,29.0,86.0,242.0,338.0,670.0,4,874.0
4.0,29.0,86.0,338.0,456.0,670.0,4,874.0
4.0,29.0,86.0,242.0,338.0,670.0,4,874.0
4.0,24.0,570.0,576.0,863.0,888.0,4,947.0
4.0,24.0,124.0,200.0,321.0,425.0,4,743.0
4.0,24.0,570.0,576.0,863.0,888.0,4,947.0
4.0,30.0,350.0,689.0,829.0,953.0,4,963.0
4.0,30.0,68.0,422.0,657.0,689.0,4,963.0
4.0,30.0,240.0,657.0,829.0,953.0,4,963.0
4.0,30.0,350.0,422.0,689.0,953.0,4,963.0
4.0,30.0,68.0,97.0,350.0,657.0,4,829.0
4.0,30.0,68.0,350.0,422.0,953.0,4,963.0
4.0,30.0,350.0,657.0,829.0,953.0,4,963.0
4.0,30.0,240.0,657.0,829.0,953.0,4,963.0
4.0,30.0,68.0,350.0,422.0,953.0,4,963.0
4.0,30.0,240.0,350.0,657.0,829.0,4,953.0
4.0,30.0,68.0,348.0,829.0,953.0,4,963.0
4.0,30.0,68.0,240.0,348.0,350.0,4,657.0
4.0,30.0,240.0,348.0,350.0,657.0,4,829.0
4.0,30.0,240.0,348.0,350.0,657.0,4,829.0
4.0,30.0,240.0,348.0,350.0,657.0,4,829.0
4.0,13.0,91.0,161.0,319.0,320.0,4,866.0
4.0,13.0,91.0,161.0,319.0,320.0,4,866.0
4.0,13.0,116.0,238.0,319.0,817.0,4,866.0
4.0,13.0,91.0,238.0,319.0,320.0,4,866.0
4.0,13.0,91.0,161.0,817.0,866.0,4,1026.0
4.0,13.0,91.0,161.0,319.0,320.0,4,866.0
4.0,13.0,91.0,161.0,319.0,320.0,4,817.0
4.0,13.0,91.0,161.0,319.0,320.0,4,817.0
4.0,13.0,16.0,116.0,238.0,319.0,4,817.0
4.0,30.0,240.0,657.0,829.0,953.0,4,963.0
4.0,30.0,68.0,350.0,829.0,952.0,4,963.0
4.0,30.0,68.0,350.0,422.0,952.0,4,963.0
4.0,30.0,350.0,422.0,952.0,953.0,4,963.0
4.0,30.0,350.0,657.0,952.0,953.0,4,963.0
4.0,30.0,68.0,657.0,829.0,953.0,4,963.0
4.0,30.0,68.0,350.0,829.0,952.0,4,963.0
4.0,30.0,68.0,350.0,829.0,952.0,4,963.0
4.0,30.0,240.0,657.0,829.0,953.0,4,963.0
4.0,30.0,240.0,657.0,829.0,953.0,4,963.0
4.0,30.0,68.0,350.0,829.0,953.0,4,963.0
4.0,30.0,68.0,350.0,829.0,953.0,4,963.0
4.0,30.0,348.0,350.0,657.0,829.0,4,952.0
4.0,30.0,240.0,350.0,829.0,953.0,4,963.0
4.0,30.0,240.0,350.0,829.0,953.0,4,963.0
4.0,30.0,240.0,657.0,829.0,953.0,4,963.0
4.0,30.0,30.0,240.0,657.0,953.0,4,963.0
4.0,30.0,240.0,657.0,829.0,953.0,4,963.0
4.0,30.0,68.0,350.0,829.0,953.0,4,963.0
4.0,30.0,350.0,689.0,829.0,953.0,4,963.0
4.0,30.0,348.0,350.0,657.0,689.0,4,952.0
4.0,30.0,30.0,165.0,240.0,348.0,4,350.0
4.0,30.0,68.0,240.0,348.0,350.0,4,963.0
4.0,30.0,350.0,689.0,829.0,953.0,4,963.0
4.0,30.0,350.0,657.0,689.0,953.0,4,963.0
4.0,30.0,657.0,689.0,829.0,953.0,4,963.0
4.0,30.0,350.0,689.0,829.0,953.0,4,963.0
4.0,30.0,348.0,350.0,657.0,689.0,4,953.0
4.0,30.0,68.0,348.0,350.0,657.0,4,829.0
4.0,30.0,68.0,350.0,657.0,953.0,4,963.0
4.0,33.0,125.0,255.0,337.0,789.0,4,807.0
4.0,33.0,14.0,45.0,125.0,301.0,4,854.0
4.0,33.0,14.0,45.0,125.0,255.0,4,854.0
4.0,33.0,14.0,45.0,255.0,789.0,4,807.0
4.0,33.0,125.0,255.0,337.0,789.0,4,807.0
4.0,33.0,125.0,255.0,337.0,789.0,4,807.0
4.0,30.0,240.0,657.0,829.0,952.0,4,963.0
4.0,30.0,240.0,350.0,829.0,952.0,4,963.0
4.0,30.0,350.0,689.0,829.0,952.0,4,963.0
4.0,30.0,217.0,348.0,350.0,689.0,4,952.0
4.0,30.0,348.0,350.0,657.0,689.0,4,953.0
4.0,30.0,240.0,350.0,657.0,952.0,4,963.0
4.0,30.0,240.0,657.0,829.0,953.0,4,963.0
4.0,30.0,240.0,350.0,657.0,689.0,4,963.0
4.0,30.0,348.0,350.0,657.0,689.0,4,952.0
4.0,30.0,217.0,689.0,829.0,952.0,4,963.0
4.0,30.0,217.0,689.0,829.0,952.0,4,963.0
4.0,30.0,165.0,217.0,348.0,689.0,4,952.0
4.0,30.0,165.0,217.0,348.0,689.0,4,952.0
4.0,30.0,240.0,657.0,829.0,953.0,4,963.0
4.0,30.0,657.0,689.0,829.0,953.0,4,963.0
4.0,30.0,68.0,348.0,350.0,689.0,4,963.0
4.0,30.0,348.0,350.0,657.0,689.0,4,953.0
4.0,30.0,68.0,350.0,657.0,689.0,4,963.0
4.0,30.0,240.0,657.0,829.0,953.0,4,963.0
4.0,30.0,68.0,348.0,350.0,657.0,4,689.0
4.0,30.0,68.0,348.0,350.0,657.0,4,689.0
4.0,30.0,68.0,350.0,689.0,829.0,4,963.0
4.0,30.0,657.0,689.0,829.0,953.0,4,963.0
4.0,18.0,226.0,579.0,642.0,702.0,4,1015.0
4.0,18.0,181.0,226.0,579.0,642.0,4,1015.0
4.0,18.0,64.0,181.0,579.0,642.0,4,1013.0
4.0,18.0,64.0,181.0,226.0,886.0,4,1013.0
4.0,18.0,64.0,226.0,642.0,702.0,4,1015.0
4.0,18.0,226.0,579.0,642.0,702.0,4,1015.0
4.0,18.0,579.0,593.0,642.0,702.0,4,1015.0
4.0,18.0,579.0,593.0,642.0,702.0,4,1015.0
4.0,18.0,64.0,181.0,579.0,886.0,4,1015.0
4.0,18.0,64.0,181.0,579.0,886.0,4,1015.0
4.0,18.0,226.0,579.0,642.0,702.0,4,1015.0
4.0,30.0,350.0,657.0,689.0,829.0,4,953.0
4.0,30.0,350.0,689.0,829.0,952.0,4,963.0
4.0,30.0,657.0,689.0,829.0,952.0,4,963.0
4.0,30.0,68.0,657.0,829.0,953.0,4,963.0
4.0,30.0,657.0,689.0,829.0,953.0,4,963.0
4.0,30.0,348.0,350.0,657.0,689.0,4,953.0
4.0,30.0,348.0,350.0,689.0,953.0,4,963.0
4.0,30.0,68.0,348.0,350.0,689.0,4,963.0
4.0,30.0,350.0,657.0,689.0,953.0,4,963.0
4.0,10.0,52.0,234.0,285.0,731.0,4,918.0
4.0,10.0,52.0,234.0,285.0,731.0,4,918.0
4.0,10.0,52.0,285.0,731.0,843.0,4,918.0
4.0,10.0,211.0,234.0,731.0,826.0,4,843.0
4.0,10.0,52.0,234.0,285.0,731.0,4,918.0
4.0,10.0,52.0,234.0,285.0,731.0,4,918.0
4.0,10.0,52.0,234.0,285.0,826.0,4,918.0
4.0,10.0,234.0,285.0,731.0,918.0,4,1007.0
4.0,10.0,234.0,285.0,843.0,918.0,4,1007.0
4.0,13.0,80.0,91.0,116.0,320.0,4,866.0
4.0,13.0,80.0,91.0,238.0,320.0,4,817.0
4.0,13.0,80.0,91.0,238.0,320.0,4,817.0
4.0,13.0,16.0,91.0,238.0,319.0,4,320.0
4.0,13.0,16.0,91.0,238.0,319.0,4,320.0
4.0,13.0,80.0,91.0,116.0,817.0,4,866.0
4.0,13.0,116.0,191.0,319.0,817.0,4,866.0
4.0,30.0,350.0,657.0,689.0,829.0,4,952.0
4.0,30.0,240.0,348.0,350.0,389.0,4,953.0
4.0,30.0,240.0,348.0,350.0,657.0,4,829.0
4.0,30.0,240.0,657.0,829.0,953.0,4,963.0
4.0,30.0,68.0,240.0,348.0,350.0,4,657.0
4.0,30.0,350.0,657.0,829.0,953.0,4,963.0
4.0,30.0,240.0,657.0,829.0,953.0,4,963.0
4.0,30.0,240.0,657.0,829.0,953.0,4,963.0
4.0,30.0,240.0,350.0,829.0,953.0,4,963.0
4.0,30.0,68.0,348.0,350.0,657.0,4,689.0
4.0,30.0,68.0,348.0,350.0,657.0,4,689.0
4.0,30.0,68.0,348.0,350.0,657.0,4,689.0
4.0,30.0,68.0,348.0,689.0,829.0,4,963.0
4.0,30.0,68.0,348.0,689.0,829.0,4,963.0
4.0,30.0,240.0,348.0,657.0,829.0,4,963.0
4.0,30.0,240.0,657.0,829.0,953.0,4,963.0
4.0,30.0,240.0,348.0,829.0,952.0,4,963.0
4.0,30.0,165.0,240.0,348.0,389.0,4,952.0
4.0,30.0,240.0,657.0,829.0,953.0,4,963.0
4.0,30.0,350.0,389.0,657.0,689.0,4,952.0
4.0,30.0,350.0,389.0,657.0,689.0,4,952.0
4.0,30.0,240.0,350.0,657.0,953.0,4,963.0
4.0,30.0,240.0,657.0,829.0,953.0,4,963.0
4.0,30.0,240.0,350.0,689.0,829.0,4,963.0
4.0,30.0,350.0,657.0,689.0,829.0,4,952.0
4.0,30.0,348.0,350.0,657.0,689.0,4,952.0
4.0,30.0,348.0,350.0,389.0,689.0,4,952.0
4.0,30.0,165.0,348.0,389.0,689.0,4,952.0
4.0,30.0,240.0,657.0,829.0,953.0,4,963.0
4.0,30.0,68.0,350.0,829.0,953.0,4,963.0
4.0,30.0,68.0,350.0,657.0,829.0,4,953.0
4.0,30.0,68.0,348.0,350.0,657.0,4,689.0
4.0,30.0,240.0,350.0,829.0,953.0,4,963.0
4.0,30.0,240.0,350.0,829.0,953.0,4,963.0
4.0,30.0,68.0,348.0,350.0,657.0,4,689.0
4.0,30.0,240.0,348.0,350.0,689.0,4,963.0
4.0,30.0,240.0,350.0,689.0,829.0,4,963.0
4.0,30.0,240.0,350.0,689.0,829.0,4,963.0
4.0,30.0,240.0,657.0,829.0,953.0,4,963.0
4.0,30.0,350.0,689.0,829.0,953.0,4,963.0
4.0,30.0,348.0,350.0,689.0,829.0,4,953.0
4.0,30.0,68.0,348.0,350.0,657.0,4,689.0
4.0,30.0,68.0,350.0,829.0,953.0,4,963.0
4.0,30.0,68.0,350.0,657.0,953.0,4,963.0
4.0,30.0,68.0,240.0,350.0,829.0,4,963.0
4.0,30.0,68.0,348.0,350.0,657.0,4,689.0
4.0,30.0,68.0,348.0,350.0,657.0,4,689.0
4.0,30.0,68.0,348.0,350.0,689.0,4,963.0
4.0,30.0,68.0,348.0,350.0,953.0,4,963.0
4.0,30.0,240.0,657.0,829.0,953.0,4,963.0
4.0,30.0,350.0,657.0,689.0,953.0,4,963.0
4.0,30.0,68.0,348.0,350.0,657.0,4,689.0
4.0,30.0,68.0,348.0,350.0,657.0,4,689.0
4.0,30.0,68.0,348.0,350.0,689.0,4,829.0
4.0,30.0,348.0,689.0,829.0,953.0,4,963.0
4.0,30.0,657.0,689.0,829.0,953.0,4,963.0
4.0,30.0,240.0,657.0,829.0,953.0,4,963.0
4.0,30.0,240.0,350.0,829.0,953.0,4,963.0
4.0,30.0,350.0,657.0,689.0,829.0,4,953.0
4.0,30.0,350.0,657.0,689.0,953.0,4,963.0
4.0,30.0,240.0,657.0,829.0,953.0,4,963.0
4.0,30.0,165.0,348.0,657.0,689.0,4,952.0
4.0,30.0,165.0,240.0,348.0,657.0,4,952.0
4.0,30.0,165.0,348.0,657.0,689.0,4,952.0
4.0,30.0,165.0,348.0,657.0,689.0,4,952.0
4.0,30.0,657.0,689.0,829.0,952.0,4,963.0
4.0,30.0,240.0,657.0,829.0,953.0,4,963.0
4.0,30.0,68.0,348.0,389.0,953.0,4,963.0
4.0,30.0,68.0,348.0,389.0,953.0,4,963.0
4.0,30.0,657.0,689.0,829.0,953.0,4,963.0
4.0,30.0,68.0,657.0,829.0,953.0,4,963.0
4.0,25.0,106.0,398.0,421.0,453.0,4,864.0
4.0,25.0,106.0,355.0,380.0,398.0,4,864.0
4.0,25.0,106.0,355.0,380.0,398.0,4,864.0
4.0,25.0,294.0,355.0,380.0,398.0,4,864.0
4.0,25.0,294.0,355.0,380.0,421.0,4,453.0
4.0,25.0,106.0,294.0,355.0,421.0,4,453.0
4.0,25.0,106.0,294.0,355.0,380.0,4,453.0
4.0,25.0,106.0,294.0,355.0,380.0,4,453.0
4.0,25.0,294.0,355.0,398.0,798.0,4,864.0
4.0,25.0,106.0,294.0,380.0,421.0,4,453.0
4.0,25.0,158.0,300.0,380.0,398.0,4,864.0
4.0,30.0,240.0,657.0,829.0,953.0,4,963.0
4.0,30.0,350.0,657.0,689.0,829.0,4,953.0
4.0,30.0,68.0,348.0,350.0,689.0,4,963.0
4.0,30.0,68.0,348.0,389.0,689.0,4,963.0
4.0,30.0,348.0,389.0,689.0,953.0,4,963.0
4.0,30.0,389.0,657.0,689.0,953.0,4,963.0
4.0,30.0,240.0,657.0,829.0,953.0,4,963.0
4.0,30.0,350.0,689.0,829.0,953.0,4,963.0
4.0,30.0,348.0,350.0,689.0,953.0,4,963.0
4.0,30.0,240.0,348.0,350.0,657.0,4,829.0
4.0,30.0,240.0,348.0,657.0,829.0,4,963.0
4.0,30.0,240.0,348.0,689.0,829.0,4,963.0
4.0,30.0,657.0,689.0,829.0,953.0,4,963.0
4.0,30.0,350.0,689.0,829.0,953.0,4,963.0
4.0,30.0,348.0,350.0,657.0,689.0,4,952.0
4.0,30.0,240.0,389.0,829.0,953.0,4,963.0
4.0,30.0,657.0,689.0,829.0,953.0,4,963.0
4.0,30.0,240.0,657.0,829.0,953.0,4,963.0
4.0,30.0,240.0,657.0,829.0,953.0,4,963.0
4.0,30.0,240.0,348.0,350.0,657.0,4,689.0
4.0,30.0,240.0,350.0,829.0,953.0,4,963.0
4.0,30.0,240.0,657.0,829.0,953.0,4,963.0
4.0,30.0,240.0,350.0,829.0,952.0,4,963.0
4.0,7.0,115.0,137.0,247.0,451.0,4,994.0
4.0,7.0,115.0,137.0,247.0,451.0,4,994.0
4.0,7.0,396.0,451.0,455.0,902.0,4,994.0
4.0,7.0,137.0,451.0,455.0,902.0,4,994.0
4.0,7.0,137.0,451.0,455.0,902.0,4,994.0
4.0,7.0,115.0,137.0,247.0,451.0,4,994.0
4.0,7.0,115.0,137.0,247.0,451.0,4,994.0
4.0,7.0,115.0,137.0,451.0,455.0,4,994.0
4.0,1.0,356.0,790.0,808.0,820.0,4,898.0
4.0,1.0,356.0,790.0,808.0,820.0,4,898.0
4.0,1.0,356.0,477.0,682.0,808.0,4,820.0
4.0,1.0,356.0,790.0,808.0,820.0,4,898.0
4.0,1.0,356.0,790.0,808.0,820.0,4,898.0
4.0,1.0,356.0,740.0,790.0,808.0,4,820.0
4.0,1.0,477.0,740.0,790.0,808.0,4,820.0
4.0,1.0,477.0,682.0,740.0,808.0,4,820.0
4.0,1.0,356.0,477.0,790.0,808.0,4,820.0
4.0,1.0,356.0,790.0,808.0,820.0,4,898.0
4.0,12.0,216.0,230.0,715.0,856.0,4,986.0
4.0,12.0,111.0,462.0,788.0,933.0,4,986.0
4.0,12.0,111.0,216.0,715.0,856.0,4,933.0
4.0,12.0,216.0,230.0,715.0,788.0,4,856.0
4.0,12.0,216.0,230.0,715.0,788.0,4,856.0
4.0,12.0,111.0,216.0,230.0,715.0,4,856.0
4.0,12.0,216.0,230.0,715.0,856.0,4,986.0
4.0,12.0,111.0,216.0,230.0,856.0,4,986.0
4.0,12.0,111.0,230.0,715.0,856.0,4,986.0
4.0,30.0,68.0,348.0,350.0,657.0,4,689.0
4.0,30.0,240.0,657.0,829.0,953.0,4,963.0
4.0,30.0,657.0,689.0,829.0,953.0,4,963.0
4.0,30.0,348.0,350.0,657.0,689.0,4,953.0
4.0,30.0,68.0,348.0,350.0,657.0,4,689.0
4.0,30.0,68.0,348.0,350.0,657.0,4,689.0
4.0,30.0,68.0,348.0,657.0,689.0,4,963.0
4.0,30.0,68.0,348.0,657.0,689.0,4,963.0
4.0,30.0,68.0,348.0,657.0,829.0,4,953.0
4.0,18.0,181.0,226.0,579.0,642.0,4,685.0
4.0,18.0,514.0,579.0,685.0,702.0,4,758.0
4.0,18.0,64.0,181.0,579.0,642.0,4,685.0
4.0,18.0,181.0,226.0,579.0,642.0,4,702.0
4.0,18.0,64.0,181.0,514.0,579.0,4,685.0
4.0,18.0,64.0,514.0,685.0,702.0,4,1015.0
4.0,18.0,226.0,579.0,642.0,702.0,4,1015.0
4.0,17.0,47.0,182.0,328.0,505.0,4,586.0
4.0,17.0,47.0,157.0,182.0,299.0,4,328.0
4.0,17.0,157.0,182.0,290.0,299.0,4,328.0
4.0,17.0,47.0,299.0,328.0,505.0,4,635.0
4.0,17.0,47.0,328.0,505.0,586.0,4,635.0
4.0,17.0,47.0,328.0,505.0,586.0,4,635.0
4.0,17.0,47.0,157.0,328.0,505.0,4,586.0
4.0,30.0,240.0,657.0,829.0,953.0,4,963.0
4.0,30.0,240.0,348.0,350.0,689.0,4,963.0
4.0,30.0,240.0,348.0,350.0,657.0,4,689.0
4.0,30.0,240.0,348.0,350.0,657.0,4,689.0
4.0,30.0,68.0,350.0,829.0,952.0,4,963.0
4.0,30.0,240.0,348.0,350.0,829.0,4,952.0
4.0,30.0,240.0,657.0,829.0,953.0,4,963.0
4.0,30.0,68.0,348.0,350.0,953.0,4,963.0
4.0,30.0,68.0,240.0,350.0,657.0,4,829.0
4.0,30.0,68.0,348.0,657.0,953.0,4,963.0
4.0,30.0,240.0,657.0,829.0,953.0,4,963.0
4.0,30.0,240.0,657.0,829.0,953.0,4,963.0
4.0,30.0,68.0,240.0,348.0,350.0,4,963.0
4.0,30.0,68.0,240.0,348.0,350.0,4,963.0
4.0,30.0,68.0,240.0,348.0,350.0,4,657.0
4.0,30.0,68.0,348.0,350.0,657.0,4,953.0
4.0,30.0,68.0,350.0,829.0,953.0,4,963.0
4.0,10.0,52.0,234.0,285.0,731.0,4,918.0
4.0,10.0,211.0,234.0,285.0,731.0,4,918.0
4.0,10.0,211.0,234.0,285.0,731.0,4,918.0
4.0,10.0,211.0,234.0,285.0,731.0,4,918.0
4.0,10.0,6.0,310.0,731.0,826.0,4,1007.0
4.0,10.0,6.0,234.0,285.0,633.0,4,826.0
4.0,10.0,285.0,310.0,731.0,918.0,4,1007.0
4.0,33.0,125.0,255.0,337.0,698.0,4,854.0
4.0,33.0,45.0,125.0,255.0,337.0,4,698.0
4.0,33.0,14.0,45.0,301.0,789.0,4,807.0
4.0,33.0,14.0,45.0,255.0,789.0,4,807.0
4.0,33.0,125.0,301.0,470.0,698.0,4,807.0
4.0,33.0,125.0,301.0,470.0,698.0,4,807.0
4.0,33.0,14.0,125.0,255.0,301.0,4,470.0
4.0,33.0,14.0,45.0,125.0,255.0,4,807.0
4.0,28.0,41.0,218.0,608.0,754.0,4,1016.0
4.0,28.0,218.0,608.0,785.0,859.0,4,1016.0
4.0,28.0,218.0,608.0,785.0,859.0,4,1016.0
4.0,28.0,41.0,497.0,608.0,754.0,4,859.0
4.0,28.0,41.0,218.0,608.0,754.0,4,1016.0
4.0,28.0,41.0,218.0,608.0,754.0,4,1016.0
4.0,28.0,218.0,608.0,785.0,859.0,4,1016.0
4.0,28.0,41.0,218.0,608.0,859.0,4,1016.0
4.0,28.0,41.0,218.0,608.0,859.0,4,1016.0
4.0,28.0,41.0,218.0,608.0,859.0,4,1016.0
4.0,14.0,48.0,254.0,592.0,700.0,4,786.0
4.0,14.0,254.0,592.0,609.0,700.0,4,786.0
4.0,14.0,48.0,609.0,700.0,897.0,4,922.0
4.0,14.0,254.0,592.0,609.0,700.0,4,786.0
4.0,14.0,254.0,592.0,609.0,700.0,4,786.0
4.0,14.0,254.0,592.0,609.0,700.0,4,786.0
4.0,14.0,592.0,609.0,700.0,786.0,4,922.0
4.0,29.0,86.0,132.0,227.0,283.0,4,331.0
4.0,29.0,86.0,242.0,769.0,874.0,4,990.0
4.0,29.0,86.0,132.0,227.0,769.0,4,990.0
4.0,29.0,86.0,132.0,227.0,331.0,4,990.0
4.0,29.0,227.0,283.0,331.0,769.0,4,874.0
4.0,29.0,86.0,132.0,242.0,331.0,4,990.0
4.0,29.0,86.0,132.0,242.0,331.0,4,990.0
4.0,9.0,81.0,85.0,366.0,941.0,4,968.0
4.0,9.0,81.0,85.0,366.0,845.0,4,968.0
4.0,9.0,76.0,149.0,452.0,845.0,4,1019.0
4.0,9.0,76.0,149.0,452.0,845.0,4,1019.0
4.0,9.0,76.0,366.0,845.0,941.0,4,1019.0
4.0,9.0,85.0,366.0,845.0,941.0,4,968.0
4.0,32.0,34.0,44.0,241.0,524.0,4,911.0
4.0,32.0,34.0,302.0,484.0,624.0,4,911.0
4.0,32.0,34.0,44.0,241.0,524.0,4,911.0
4.0,32.0,34.0,44.0,241.0,524.0,4,624.0
4.0,32.0,34.0,44.0,241.0,524.0,4,624.0
4.0,32.0,34.0,44.0,241.0,524.0,4,911.0
4.0,32.0,34.0,44.0,241.0,524.0,4,911.0
4.0,32.0,34.0,241.0,302.0,524.0,4,624.0
4.0,32.0,34.0,44.0,241.0,524.0,4,624.0
4.0,26.0,40.0,315.0,488.0,536.0,4,914.0
4.0,26.0,40.0,315.0,488.0,536.0,4,914.0
4.0,26.0,40.0,315.0,488.0,536.0,4,914.0
4.0,26.0,224.0,333.0,536.0,634.0,4,948.0
4.0,26.0,40.0,315.0,536.0,634.0,4,914.0
4.0,26.0,40.0,315.0,488.0,536.0,4,948.0
4.0,26.0,40.0,315.0,536.0,634.0,4,948.0
4.0,26.0,315.0,333.0,536.0,634.0,4,948.0
4.0,26.0,40.0,333.0,488.0,914.0,4,948.0
4.0,26.0,40.0,315.0,536.0,634.0,4,914.0
4.0,34.0,36.0,404.0,506.0,589.0,4,975.0
4.0,34.0,139.0,583.0,589.0,975.0,4,1033.0
4.0,34.0,36.0,139.0,404.0,506.0,4,753.0
4.0,34.0,36.0,139.0,404.0,506.0,4,753.0
4.0,34.0,139.0,383.0,736.0,975.0,4,1033.0
4.0,34.0,139.0,383.0,736.0,975.0,4,1033.0
4.0,4.0,134.0,259.0,561.0,598.0,4,646.0
4.0,4.0,259.0,646.0,768.0,853.0,4,936.0
4.0,4.0,126.0,134.0,598.0,601.0,4,853.0
4.0,4.0,134.0,259.0,598.0,601.0,4,646.0
4.0,4.0,259.0,598.0,601.0,646.0,4,936.0
4.0,4.0,134.0,259.0,561.0,646.0,4,936.0
4.0,4.0,126.0,646.0,768.0,853.0,4,936.0
4.0,30.0,240.0,657.0,829.0,953.0,4,963.0
4.0,30.0,240.0,350.0,689.0,829.0,4,963.0
4.0,30.0,68.0,350.0,422.0,657.0,4,689.0
4.0,30.0,240.0,657.0,829.0,953.0,4,963.0
4.0,30.0,350.0,422.0,689.0,953.0,4,963.0
4.0,30.0,350.0,422.0,689.0,953.0,4,963.0
4.0,30.0,68.0,350.0,422.0,657.0,4,689.0
4.0,30.0,240.0,350.0,657.0,829.0,4,963.0
4.0,30.0,240.0,657.0,829.0,953.0,4,963.0
4.0,30.0,350.0,422.0,689.0,953.0,4,963.0
4.0,30.0,240.0,350.0,422.0,657.0,4,689.0
4.0,30.0,240.0,350.0,422.0,657.0,4,689.0
4.0,30.0,68.0,350.0,422.0,657.0,4,689.0
4.0,30.0,68.0,350.0,422.0,689.0,4,829.0
4.0,30.0,350.0,422.0,689.0,829.0,4,953.0
4.0,30.0,68.0,165.0,422.0,657.0,4,689.0
4.0,30.0,165.0,240.0,657.0,689.0,4,829.0
4.0,30.0,240.0,350.0,657.0,689.0,4,829.0
4.0,15.0,659.0,714.0,872.0,960.0,4,1036.0
4.0,15.0,659.0,714.0,872.0,960.0,4,1036.0
4.0,15.0,229.0,457.0,659.0,764.0,4,895.0
4.0,15.0,229.0,375.0,457.0,764.0,4,895.0
4.0,15.0,229.0,457.0,764.0,895.0,4,1036.0
4.0,15.0,229.0,714.0,872.0,960.0,4,1036.0
4.0,15.0,229.0,714.0,872.0,960.0,4,1036.0
4.0,15.0,229.0,714.0,872.0,960.0,4,1036.0
4.0,15.0,457.0,764.0,895.0,960.0,4,1036.0
4.0,15.0,229.0,714.0,764.0,895.0,4,960.0
4.0,15.0,229.0,714.0,872.0,960.0,4,1036.0
4.0,15.0,714.0,764.0,872.0,895.0,4,1036.0
4.0,6.0,30.0,397.0,656.0,809.0,4,873.0
4.0,6.0,30.0,397.0,640.0,656.0,4,809.0
4.0,6.0,30.0,499.0,656.0,809.0,4,873.0
4.0,6.0,61.0,171.0,397.0,499.0,4,656.0
4.0,6.0,30.0,171.0,499.0,656.0,4,873.0
4.0,30.0,240.0,657.0,829.0,953.0,4,963.0
4.0,30.0,240.0,350.0,657.0,829.0,4,953.0
4.0,30.0,350.0,657.0,689.0,829.0,4,953.0
4.0,30.0,240.0,348.0,350.0,689.0,4,963.0
4.0,30.0,350.0,689.0,829.0,953.0,4,963.0
4.0,30.0,348.0,350.0,657.0,689.0,4,953.0
4.0,30.0,350.0,689.0,829.0,953.0,4,963.0
4.0,30.0,240.0,348.0,350.0,657.0,4,689.0
4.0,30.0,348.0,350.0,657.0,689.0,4,952.0
4.0,30.0,240.0,348.0,773.0,925.0,4,952.0
4.0,30.0,240.0,657.0,829.0,953.0,4,963.0
4.0,30.0,350.0,689.0,829.0,952.0,4,963.0
4.0,30.0,348.0,350.0,689.0,952.0,4,963.0
4.0,30.0,348.0,350.0,689.0,925.0,4,952.0
4.0,30.0,240.0,348.0,422.0,925.0,4,952.0
4.0,30.0,240.0,348.0,422.0,925.0,4,952.0
4.0,30.0,68.0,657.0,829.0,953.0,4,963.0
4.0,30.0,350.0,689.0,829.0,953.0,4,963.0
4.0,30.0,240.0,348.0,350.0,657.0,4,689.0
4.0,30.0,240.0,348.0,350.0,657.0,4,689.0
4.0,30.0,68.0,240.0,348.0,422.0,4,963.0
4.0,30.0,240.0,348.0,350.0,689.0,4,963.0
4.0,30.0,240.0,348.0,350.0,689.0,4,963.0
4.0,30.0,240.0,348.0,350.0,657.0,4,689.0
4.0,30.0,68.0,422.0,657.0,953.0,4,963.0
4.0,30.0,350.0,657.0,689.0,953.0,4,963.0
4.0,30.0,240.0,348.0,350.0,689.0,4,963.0
4.0,30.0,68.0,240.0,348.0,350.0,4,963.0
4.0,30.0,68.0,350.0,422.0,657.0,4,953.0
4.0,30.0,348.0,350.0,657.0,689.0,4,953.0
4.0,30.0,68.0,240.0,350.0,657.0,4,963.0
4.0,30.0,240.0,348.0,350.0,689.0,4,963.0
4.0,30.0,240.0,348.0,350.0,422.0,4,657.0
4.0,30.0,348.0,350.0,689.0,953.0,4,963.0
4.0,30.0,350.0,657.0,689.0,953.0,4,963.0
4.0,16.0,155.0,296.0,416.0,623.0,4,674.0
4.0,16.0,155.0,296.0,416.0,623.0,4,674.0
4.0,16.0,296.0,416.0,553.0,623.0,4,674.0
4.0,16.0,155.0,296.0,416.0,623.0,4,674.0
4.0,16.0,155.0,296.0,325.0,623.0,4,674.0
4.0,16.0,296.0,416.0,553.0,623.0,4,719.0
4.0,16.0,155.0,296.0,416.0,623.0,4,719.0
4.0,16.0,155.0,296.0,495.0,623.0,4,674.0
4.0,16.0,155.0,296.0,416.0,623.0,4,674.0
4.0,16.0,155.0,296.0,416.0,623.0,4,674.0
4.0,16.0,416.0,427.0,553.0,674.0,4,719.0
4.0,7.0,277.0,451.0,455.0,902.0,4,994.0
4.0,7.0,112.0,451.0,455.0,846.0,4,902.0
4.0,7.0,112.0,247.0,277.0,451.0,4,846.0
4.0,7.0,277.0,386.0,396.0,455.0,4,846.0
4.0,7.0,112.0,277.0,451.0,455.0,4,846.0
4.0,7.0,112.0,277.0,451.0,455.0,4,846.0
4.0,30.0,68.0,657.0,829.0,952.0,4,963.0
4.0,30.0,68.0,657.0,829.0,952.0,4,963.0
4.0,30.0,240.0,348.0,350.0,689.0,4,963.0
4.0,30.0,240.0,348.0,350.0,689.0,4,963.0
4.0,30.0,68.0,348.0,350.0,657.0,4,689.0
4.0,30.0,348.0,350.0,657.0,925.0,4,952.0
4.0,30.0,240.0,350.0,829.0,925.0,4,963.0
4.0,30.0,68.0,657.0,829.0,952.0,4,963.0
4.0,30.0,348.0,350.0,689.0,952.0,4,963.0
4.0,30.0,240.0,348.0,350.0,689.0,4,925.0
4.0,30.0,348.0,689.0,829.0,952.0,4,963.0
4.0,30.0,68.0,657.0,829.0,953.0,4,963.0
4.0,30.0,657.0,689.0,829.0,953.0,4,963.0
4.0,30.0,657.0,689.0,829.0,952.0,4,963.0
4.0,30.0,657.0,689.0,829.0,952.0,4,963.0
4.0,30.0,68.0,348.0,657.0,925.0,4,963.0
4.0,30.0,657.0,689.0,829.0,952.0,4,963.0
4.0,30.0,657.0,689.0,829.0,952.0,4,963.0
4.0,30.0,68.0,657.0,689.0,829.0,4,963.0
4.0,30.0,68.0,350.0,689.0,829.0,4,963.0
4.0,30.0,68.0,350.0,829.0,925.0,4,963.0
4.0,30.0,68.0,348.0,350.0,829.0,4,925.0
4.0,30.0,68.0,350.0,657.0,689.0,4,963.0
4.0,28.0,110.0,608.0,665.0,859.0,4,1016.0
4.0,28.0,110.0,353.0,665.0,859.0,4,1016.0
4.0,28.0,41.0,353.0,608.0,754.0,4,859.0
4.0,28.0,41.0,353.0,608.0,754.0,4,1016.0
4.0,28.0,41.0,608.0,665.0,859.0,4,1016.0
4.0,28.0,41.0,110.0,353.0,608.0,4,754.0
4.0,28.0,41.0,353.0,608.0,754.0,4,1016.0
4.0,15.0,393.0,659.0,764.0,895.0,4,1036.0
4.0,15.0,393.0,659.0,764.0,895.0,4,1036.0
4.0,15.0,229.0,393.0,764.0,895.0,4,1036.0
4.0,15.0,229.0,625.0,714.0,764.0,4,895.0
4.0,15.0,229.0,659.0,714.0,872.0,4,960.0
4.0,15.0,659.0,714.0,872.0,960.0,4,1036.0
4.0,15.0,659.0,714.0,895.0,960.0,4,1036.0
4.0,15.0,659.0,714.0,895.0,960.0,4,1036.0
4.0,15.0,375.0,714.0,764.0,960.0,4,1036.0
4.0,15.0,229.0,659.0,714.0,764.0,4,895.0
4.0,15.0,659.0,714.0,764.0,895.0,4,1036.0
4.0,15.0,659.0,714.0,764.0,960.0,4,1036.0
4.0,30.0,240.0,350.0,422.0,829.0,4,925.0
4.0,30.0,165.0,350.0,422.0,925.0,4,952.0
4.0,30.0,350.0,422.0,829.0,925.0,4,952.0
4.0,30.0,240.0,348.0,350.0,829.0,4,925.0
4.0,30.0,350.0,422.0,689.0,829.0,4,952.0
4.0,30.0,217.0,348.0,350.0,689.0,4,952.0
4.0,30.0,217.0,240.0,348.0,350.0,4,925.0
4.0,30.0,165.0,217.0,240.0,348.0,4,925.0
4.0,30.0,348.0,350.0,689.0,829.0,4,952.0
4.0,30.0,68.0,657.0,829.0,953.0,4,963.0
4.0,30.0,350.0,689.0,829.0,953.0,4,963.0
4.0,30.0,240.0,348.0,350.0,657.0,4,689.0
4.0,30.0,68.0,348.0,350.0,657.0,4,953.0
4.0,30.0,68.0,348.0,829.0,953.0,4,963.0
4.0,30.0,657.0,689.0,829.0,953.0,4,963.0
4.0,30.0,240.0,348.0,350.0,689.0,4,829.0
4.0,30.0,68.0,240.0,348.0,350.0,4,657.0
4.0,30.0,68.0,657.0,829.0,953.0,4,963.0
4.0,30.0,657.0,689.0,829.0,953.0,4,963.0
4.0,0.0,13.0,418.0,448.0,493.0,4,589.0
4.0,0.0,13.0,418.0,465.0,493.0,4,1037.0
4.0,0.0,204.0,418.0,465.0,686.0,4,1037.0
4.0,0.0,204.0,418.0,589.0,686.0,4,1037.0
4.0,0.0,13.0,418.0,448.0,493.0,4,589.0
4.0,0.0,13.0,493.0,589.0,686.0,4,1037.0
4.0,0.0,13.0,418.0,493.0,589.0,4,1037.0
4.0,0.0,13.0,418.0,493.0,589.0,4,1037.0
4.0,0.0,13.0,418.0,493.0,589.0,4,1037.0
4.0,30.0,68.0,657.0,829.0,953.0,4,963.0
4.0,30.0,217.0,240.0,348.0,350.0,4,689.0
4.0,30.0,217.0,240.0,348.0,350.0,4,689.0
4.0,30.0,350.0,657.0,689.0,953.0,4,963.0
4.0,30.0,350.0,657.0,689.0,953.0,4,963.0
4.0,30.0,68.0,657.0,829.0,953.0,4,963.0
4.0,30.0,68.0,657.0,829.0,953.0,4,963.0
4.0,30.0,68.0,240.0,348.0,350.0,4,963.0
4.0,30.0,68.0,240.0,348.0,350.0,4,657.0
4.0,30.0,240.0,348.0,350.0,657.0,4,689.0
4.0,30.0,217.0,240.0,348.0,350.0,4,689.0
4.0,30.0,217.0,240.0,348.0,350.0,4,925.0
4.0,30.0,217.0,240.0,348.0,925.0,4,952.0
4.0,30.0,350.0,657.0,689.0,829.0,4,953.0
4.0,30.0,240.0,348.0,350.0,657.0,4,689.0
4.0,30.0,240.0,348.0,350.0,689.0,4,963.0
4.0,30.0,348.0,829.0,925.0,953.0,4,963.0
4.0,30.0,348.0,350.0,657.0,829.0,4,952.0
4.0,30.0,657.0,689.0,829.0,953.0,4,963.0
4.0,30.0,348.0,350.0,657.0,689.0,4,952.0
4.0,30.0,240.0,657.0,829.0,952.0,4,963.0
4.0,30.0,240.0,657.0,829.0,952.0,4,963.0
4.0,14.0,48.0,254.0,592.0,700.0,4,786.0
4.0,14.0,48.0,254.0,592.0,609.0,4,700.0
4.0,14.0,494.0,592.0,644.0,786.0,4,897.0
4.0,14.0,494.0,592.0,644.0,786.0,4,897.0
4.0,14.0,254.0,592.0,609.0,700.0,4,786.0
4.0,14.0,254.0,592.0,609.0,700.0,4,786.0
4.0,14.0,254.0,592.0,609.0,700.0,4,786.0
4.0,14.0,254.0,609.0,644.0,786.0,4,897.0
4.0,14.0,592.0,609.0,700.0,897.0,4,949.0
4.0,14.0,254.0,592.0,609.0,700.0,4,786.0
4.0,10.0,52.0,234.0,285.0,731.0,4,918.0
4.0,10.0,211.0,234.0,285.0,731.0,4,918.0
4.0,10.0,211.0,731.0,843.0,918.0,4,1007.0
4.0,10.0,211.0,826.0,843.0,918.0,4,1007.0
4.0,10.0,234.0,826.0,843.0,918.0,4,1007.0
4.0,10.0,52.0,234.0,285.0,731.0,4,918.0
4.0,10.0,52.0,234.0,285.0,731.0,4,826.0
4.0,10.0,105.0,285.0,731.0,826.0,4,1007.0
4.0,10.0,105.0,285.0,472.0,826.0,4,843.0
4.0,14.0,254.0,592.0,609.0,700.0,4,786.0
4.0,14.0,592.0,609.0,786.0,897.0,4,922.0
4.0,14.0,254.0,592.0,688.0,700.0,4,786.0
4.0,14.0,254.0,592.0,609.0,700.0,4,786.0
4.0,14.0,592.0,609.0,688.0,786.0,4,922.0
4.0,14.0,688.0,700.0,786.0,897.0,4,922.0
4.0,14.0,688.0,700.0,786.0,897.0,4,922.0
4.0,14.0,257.0,266.0,688.0,877.0,4,897.0
4.0,10.0,52.0,234.0,285.0,731.0,4,826.0
4.0,10.0,234.0,285.0,731.0,826.0,4,1007.0
4.0,10.0,148.0,285.0,731.0,826.0,4,1007.0
4.0,10.0,148.0,731.0,826.0,843.0,4,1007.0
4.0,10.0,148.0,731.0,826.0,843.0,4,1007.0
4.0,10.0,52.0,234.0,731.0,826.0,4,843.0
4.0,10.0,52.0,234.0,285.0,731.0,4,826.0
4.0,10.0,211.0,234.0,285.0,731.0,4,826.0
4.0,10.0,52.0,234.0,285.0,731.0,4,826.0
4.0,10.0,148.0,234.0,285.0,826.0,4,1007.0
4.0,10.0,234.0,285.0,731.0,826.0,4,1007.0
4.0,10.0,52.0,826.0,843.0,918.0,4,1007.0
4.0,10.0,52.0,234.0,285.0,731.0,4,826.0
4.0,10.0,52.0,234.0,285.0,731.0,4,918.0
4.0,10.0,52.0,234.0,285.0,731.0,4,918.0
4.0,10.0,148.0,211.0,234.0,826.0,4,843.0
4.0,10.0,211.0,234.0,731.0,843.0,4,918.0
4.0,10.0,52.0,234.0,285.0,731.0,4,918.0
4.0,9.0,76.0,85.0,828.0,845.0,4,941.0
4.0,9.0,81.0,149.0,366.0,968.0,4,1019.0
4.0,9.0,81.0,366.0,845.0,941.0,4,968.0
4.0,9.0,76.0,85.0,828.0,845.0,4,941.0
4.0,9.0,85.0,149.0,828.0,845.0,4,1019.0
4.0,9.0,81.0,149.0,366.0,828.0,4,1019.0
4.0,9.0,81.0,149.0,828.0,941.0,4,1019.0
4.0,9.0,81.0,149.0,828.0,845.0,4,941.0
4.0,32.0,44.0,241.0,444.0,627.0,4,824.0
4.0,32.0,34.0,44.0,241.0,444.0,4,627.0
4.0,32.0,44.0,241.0,444.0,627.0,4,824.0
4.0,32.0,34.0,232.0,241.0,444.0,4,627.0
4.0,32.0,34.0,232.0,444.0,624.0,4,911.0
4.0,32.0,34.0,524.0,624.0,627.0,4,911.0
4.0,32.0,34.0,241.0,444.0,627.0,4,911.0
4.0,32.0,34.0,241.0,444.0,627.0,4,911.0
4.0,32.0,44.0,241.0,444.0,627.0,4,911.0
4.0,4.0,259.0,487.0,561.0,646.0,4,936.0
4.0,4.0,259.0,487.0,561.0,646.0,4,936.0
4.0,4.0,259.0,487.0,561.0,646.0,4,853.0
4.0,4.0,259.0,561.0,646.0,768.0,4,853.0
4.0,4.0,126.0,259.0,646.0,853.0,4,936.0
4.0,4.0,259.0,487.0,561.0,646.0,4,853.0
4.0,4.0,259.0,487.0,561.0,853.0,4,936.0
4.0,4.0,259.0,487.0,561.0,646.0,4,936.0
4.0,4.0,259.0,487.0,561.0,646.0,4,936.0
4.0,4.0,126.0,259.0,487.0,601.0,4,646.0
4.0,4.0,126.0,259.0,487.0,601.0,4,646.0
4.0,4.0,118.0,126.0,426.0,601.0,4,768.0
4.0,17.0,47.0,108.0,290.0,505.0,4,635.0
4.0,17.0,47.0,108.0,182.0,328.0,4,505.0
4.0,17.0,182.0,290.0,299.0,328.0,4,586.0
4.0,17.0,108.0,505.0,508.0,586.0,4,635.0
4.0,17.0,47.0,108.0,505.0,586.0,4,635.0
4.0,10.0,52.0,285.0,460.0,731.0,4,918.0
4.0,10.0,52.0,285.0,460.0,731.0,4,918.0
4.0,10.0,285.0,460.0,731.0,843.0,4,918.0
4.0,10.0,285.0,460.0,731.0,843.0,4,918.0
4.0,10.0,211.0,285.0,731.0,826.0,4,843.0
4.0,10.0,211.0,285.0,826.0,843.0,4,918.0
4.0,10.0,52.0,285.0,731.0,826.0,4,843.0
4.0,10.0,52.0,285.0,472.0,826.0,4,1007.0
4.0,10.0,52.0,285.0,472.0,826.0,4,1007.0
4.0,14.0,254.0,592.0,609.0,700.0,4,786.0
4.0,14.0,254.0,592.0,609.0,700.0,4,786.0
4.0,14.0,266.0,688.0,786.0,897.0,4,922.0
4.0,14.0,257.0,609.0,688.0,897.0,4,922.0
4.0,14.0,254.0,592.0,644.0,688.0,4,786.0
4.0,14.0,254.0,592.0,644.0,688.0,4,786.0
4.0,14.0,254.0,592.0,609.0,700.0,4,786.0
4.0,14.0,592.0,609.0,688.0,786.0,4,922.0
4.0,14.0,257.0,266.0,688.0,897.0,4,922.0
4.0,14.0,257.0,266.0,688.0,897.0,4,922.0
4.0,14.0,257.0,266.0,644.0,877.0,4,922.0
4.0,15.0,659.0,714.0,860.0,1028.0,4,1036.0
4.0,15.0,659.0,714.0,764.0,860.0,4,1036.0
4.0,15.0,659.0,714.0,764.0,860.0,4,1036.0
4.0,15.0,659.0,714.0,764.0,860.0,4,1036.0
4.0,15.0,659.0,714.0,860.0,960.0,4,1036.0
4.0,15.0,229.0,370.0,764.0,960.0,4,1036.0
4.0,15.0,229.0,714.0,764.0,860.0,4,960.0
4.0,18.0,64.0,181.0,593.0,886.0,4,1013.0
4.0,18.0,64.0,579.0,642.0,702.0,4,1013.0
4.0,18.0,64.0,579.0,642.0,702.0,4,1015.0
4.0,18.0,64.0,579.0,642.0,702.0,4,1015.0
4.0,18.0,64.0,181.0,579.0,642.0,4,1015.0
4.0,18.0,64.0,181.0,579.0,642.0,4,1015.0
4.0,7.0,112.0,137.0,451.0,455.0,4,902.0
4.0,7.0,26.0,277.0,396.0,455.0,4,902.0
4.0,7.0,112.0,137.0,277.0,451.0,4,455.0
4.0,7.0,277.0,386.0,396.0,455.0,4,902.0
4.0,7.0,277.0,386.0,396.0,455.0,4,902.0
4.0,7.0,137.0,386.0,396.0,455.0,4,902.0
4.0,10.0,52.0,234.0,285.0,731.0,4,826.0
4.0,10.0,52.0,234.0,285.0,731.0,4,826.0
4.0,10.0,6.0,211.0,285.0,633.0,4,731.0
4.0,10.0,6.0,234.0,633.0,731.0,4,1007.0
4.0,10.0,52.0,234.0,285.0,731.0,4,826.0
4.0,10.0,52.0,234.0,285.0,731.0,4,826.0
4.0,33.0,125.0,255.0,607.0,789.0,4,854.0
4.0,33.0,45.0,125.0,255.0,607.0,4,854.0
4.0,33.0,45.0,125.0,301.0,470.0,4,607.0
4.0,33.0,45.0,125.0,301.0,470.0,4,607.0
4.0,33.0,14.0,45.0,255.0,789.0,4,854.0
4.0,33.0,14.0,45.0,255.0,789.0,4,854.0
4.0,33.0,125.0,255.0,607.0,789.0,4,854.0
4.0,33.0,45.0,125.0,301.0,607.0,4,854.0
4.0,33.0,14.0,45.0,125.0,255.0,4,789.0
4.0,33.0,14.0,45.0,125.0,255.0,4,789.0
4.0,33.0,14.0,45.0,125.0,301.0,4,470.0
4.0,10.0,6.0,52.0,633.0,731.0,4,1007.0
4.0,10.0,234.0,285.0,310.0,731.0,4,826.0
4.0,10.0,52.0,285.0,633.0,731.0,4,826.0
4.0,10.0,52.0,285.0,633.0,731.0,4,826.0
4.0,10.0,52.0,234.0,285.0,731.0,4,826.0
4.0,10.0,52.0,234.0,285.0,731.0,4,826.0
4.0,10.0,234.0,285.0,633.0,731.0,4,826.0
4.0,10.0,6.0,52.0,633.0,731.0,4,826.0
4.0,10.0,6.0,52.0,633.0,731.0,4,826.0
4.0,10.0,6.0,52.0,633.0,731.0,4,826.0
4.0,10.0,6.0,234.0,633.0,731.0,4,826.0
4.0,28.0,41.0,218.0,608.0,859.0,4,1016.0
4.0,28.0,41.0,608.0,859.0,882.0,4,1016.0
4.0,28.0,218.0,639.0,785.0,859.0,4,882.0
4.0,28.0,218.0,608.0,785.0,859.0,4,1016.0
4.0,28.0,41.0,218.0,608.0,859.0,4,1016.0
4.0,28.0,41.0,218.0,608.0,859.0,4,1016.0
4.0,28.0,41.0,71.0,218.0,608.0,4,1016.0
4.0,28.0,41.0,218.0,608.0,859.0,4,1016.0
4.0,28.0,218.0,639.0,785.0,882.0,4,1016.0
4.0,29.0,86.0,227.0,242.0,283.0,4,990.0
4.0,29.0,86.0,132.0,331.0,769.0,4,874.0
4.0,29.0,132.0,331.0,338.0,478.0,4,874.0
4.0,29.0,132.0,338.0,478.0,874.0,4,990.0
4.0,29.0,86.0,132.0,227.0,338.0,4,990.0
4.0,29.0,132.0,227.0,331.0,338.0,4,990.0
4.0,29.0,132.0,227.0,283.0,331.0,4,990.0
4.0,29.0,86.0,227.0,242.0,283.0,4,990.0
4.0,29.0,86.0,132.0,242.0,283.0,4,990.0
4.0,29.0,86.0,132.0,242.0,283.0,4,990.0
4.0,29.0,86.0,132.0,242.0,283.0,4,990.0
4.0,29.0,86.0,132.0,242.0,338.0,4,990.0
4.0,10.0,234.0,285.0,731.0,826.0,4,1007.0
4.0,10.0,234.0,731.0,826.0,843.0,4,1007.0
4.0,10.0,234.0,731.0,843.0,918.0,4,1007.0
4.0,10.0,310.0,731.0,843.0,918.0,4,1007.0
4.0,10.0,234.0,285.0,633.0,731.0,4,918.0
4.0,10.0,6.0,234.0,285.0,633.0,4,731.0
4.0,10.0,234.0,310.0,731.0,826.0,4,918.0
4.0,10.0,234.0,285.0,310.0,731.0,4,826.0
4.0,10.0,234.0,285.0,731.0,826.0,4,1007.0
4.0,10.0,234.0,285.0,633.0,731.0,4,918.0
4.0,10.0,285.0,310.0,731.0,826.0,4,1007.0
4.0,10.0,285.0,310.0,731.0,826.0,4,1007.0
4.0,10.0,310.0,731.0,826.0,843.0,4,1007.0
4.0,10.0,234.0,731.0,843.0,918.0,4,1007.0
4.0,10.0,234.0,285.0,731.0,843.0,4,918.0
4.0,10.0,6.0,234.0,285.0,310.0,4,731.0
4.0,10.0,6.0,234.0,285.0,918.0,4,1007.0
4.0,10.0,234.0,285.0,731.0,918.0,4,1007.0
4.0,10.0,234.0,285.0,731.0,918.0,4,1007.0
4.0,0.0,13.0,418.0,493.0,535.0,4,686.0
4.0,0.0,13.0,418.0,493.0,535.0,4,1037.0
4.0,0.0,13.0,418.0,686.0,695.0,4,1037.0
4.0,0.0,13.0,418.0,686.0,695.0,4,1037.0
4.0,0.0,13.0,493.0,535.0,686.0,4,713.0
4.0,0.0,13.0,418.0,493.0,695.0,4,1037.0
4.0,0.0,418.0,465.0,535.0,695.0,4,1037.0
4.0,0.0,13.0,418.0,493.0,535.0,4,713.0
4.0,0.0,13.0,418.0,493.0,535.0,4,713.0
4.0,16.0,427.0,495.0,553.0,623.0,4,674.0
4.0,16.0,133.0,155.0,296.0,427.0,4,623.0
4.0,16.0,133.0,155.0,296.0,427.0,4,623.0
4.0,16.0,133.0,155.0,296.0,623.0,4,1039.0
4.0,16.0,133.0,427.0,495.0,553.0,4,623.0
4.0,16.0,133.0,427.0,495.0,553.0,4,623.0
4.0,16.0,427.0,495.0,553.0,623.0,4,674.0
4.0,16.0,155.0,296.0,427.0,495.0,4,674.0
4.0,16.0,155.0,427.0,495.0,623.0,4,674.0
4.0,25.0,106.0,355.0,380.0,398.0,4,864.0
4.0,25.0,106.0,355.0,380.0,398.0,4,864.0
4.0,25.0,106.0,294.0,380.0,421.0,4,453.0
4.0,25.0,106.0,294.0,355.0,380.0,4,453.0
4.0,25.0,106.0,294.0,380.0,421.0,4,453.0
4.0,25.0,294.0,355.0,398.0,453.0,4,864.0
4.0,25.0,294.0,355.0,398.0,453.0,4,864.0
4.0,25.0,294.0,355.0,380.0,398.0,4,453.0
4.0,25.0,294.0,355.0,380.0,398.0,4,453.0
4.0,10.0,52.0,234.0,285.0,731.0,4,918.0
4.0,10.0,52.0,234.0,285.0,731.0,4,918.0
4.0,10.0,6.0,234.0,285.0,310.0,4,731.0
4.0,10.0,6.0,310.0,633.0,731.0,4,1007.0
4.0,10.0,6.0,310.0,633.0,731.0,4,1007.0
4.0,10.0,6.0,234.0,633.0,826.0,4,1007.0
4.0,10.0,52.0,234.0,285.0,826.0,4,918.0
4.0,10.0,234.0,285.0,731.0,918.0,4,1007.0
4.0,10.0,52.0,234.0,285.0,731.0,4,918.0
4.0,10.0,52.0,234.0,285.0,731.0,4,918.0
4.0,10.0,234.0,285.0,731.0,826.0,4,1007.0
4.0,10.0,234.0,285.0,731.0,918.0,4,1007.0
4.0,13.0,80.0,91.0,238.0,320.0,4,866.0
4.0,13.0,91.0,238.0,319.0,320.0,4,866.0
4.0,13.0,16.0,80.0,238.0,320.0,4,866.0
4.0,13.0,80.0,91.0,238.0,320.0,4,866.0
4.0,13.0,80.0,91.0,238.0,320.0,4,866.0
4.0,13.0,80.0,91.0,238.0,320.0,4,866.0
4.0,13.0,80.0,91.0,238.0,320.0,4,866.0
4.0,13.0,16.0,91.0,319.0,387.0,4,811.0
4.0,13.0,16.0,238.0,319.0,320.0,4,387.0
4.0,10.0,52.0,234.0,285.0,731.0,4,918.0
4.0,10.0,52.0,234.0,285.0,731.0,4,918.0
4.0,10.0,52.0,285.0,731.0,918.0,4,1007.0
4.0,10.0,52.0,234.0,285.0,731.0,4,918.0
4.0,10.0,52.0,234.0,285.0,731.0,4,918.0
4.0,10.0,211.0,234.0,285.0,731.0,4,918.0
4.0,10.0,211.0,234.0,285.0,731.0,4,918.0
4.0,10.0,211.0,234.0,285.0,731.0,4,918.0
4.0,10.0,52.0,234.0,285.0,731.0,4,918.0
4.0,10.0,211.0,234.0,285.0,731.0,4,918.0
4.0,10.0,6.0,234.0,633.0,731.0,4,826.0
4.0,10.0,310.0,633.0,731.0,826.0,4,1007.0
4.0,10.0,310.0,731.0,826.0,918.0,4,1007.0
4.0,10.0,234.0,285.0,826.0,918.0,4,1007.0
4.0,10.0,234.0,285.0,826.0,918.0,4,1007.0
4.0,10.0,6.0,52.0,234.0,285.0,4,731.0
4.0,10.0,6.0,234.0,285.0,826.0,4,1007.0
4.0,10.0,6.0,234.0,285.0,826.0,4,1007.0
4.0,10.0,6.0,52.0,234.0,285.0,4,826.0
4.0,10.0,52.0,234.0,731.0,826.0,4,918.0
4.0,10.0,234.0,285.0,731.0,826.0,4,1007.0
4.0,10.0,52.0,234.0,285.0,731.0,4,918.0
4.0,10.0,52.0,234.0,285.0,731.0,4,826.0
4.0,10.0,6.0,310.0,633.0,826.0,4,1007.0
4.0,10.0,6.0,310.0,633.0,918.0,4,1007.0
4.0,10.0,234.0,633.0,731.0,918.0,4,1007.0
4.0,10.0,52.0,234.0,731.0,918.0,4,1007.0
4.0,10.0,52.0,234.0,731.0,918.0,4,1007.0
4.0,10.0,6.0,52.0,285.0,731.0,4,826.0
4.0,10.0,6.0,52.0,731.0,826.0,4,1007.0
4.0,10.0,234.0,731.0,826.0,918.0,4,1007.0
4.0,10.0,52.0,234.0,285.0,731.0,4,918.0
4.0,10.0,6.0,234.0,285.0,310.0,4,731.0
4.0,10.0,234.0,285.0,310.0,731.0,4,918.0
4.0,10.0,52.0,234.0,285.0,731.0,4,918.0
4.0,10.0,52.0,234.0,285.0,731.0,4,918.0
4.0,10.0,52.0,234.0,285.0,731.0,4,918.0
4.0,10.0,6.0,105.0,285.0,731.0,4,1007.0
4.0,10.0,6.0,105.0,731.0,826.0,4,1007.0
4.0,10.0,105.0,234.0,285.0,731.0,4,918.0
4.0,10.0,52.0,234.0,285.0,731.0,4,918.0
4.0,10.0,52.0,285.0,731.0,918.0,4,1007.0
4.0,10.0,6.0,285.0,310.0,731.0,4,1007.0
4.0,10.0,211.0,234.0,285.0,731.0,4,918.0
4.0,10.0,211.0,234.0,285.0,731.0,4,918.0
4.0,10.0,211.0,234.0,285.0,731.0,4,918.0
4.0,10.0,52.0,234.0,285.0,731.0,4,918.0
4.0,10.0,52.0,234.0,285.0,731.0,4,918.0
4.0,10.0,211.0,234.0,285.0,731.0,4,918.0
4.0,13.0,80.0,91.0,238.0,320.0,4,866.0
4.0,13.0,91.0,238.0,319.0,320.0,4,866.0
4.0,13.0,80.0,91.0,238.0,320.0,4,866.0
4.0,13.0,16.0,91.0,319.0,387.0,4,811.0
4.0,13.0,16.0,319.0,387.0,811.0,4,866.0
4.0,13.0,80.0,319.0,387.0,811.0,4,866.0
4.0,13.0,80.0,91.0,238.0,320.0,4,866.0
4.0,10.0,285.0,633.0,731.0,826.0,4,1007.0
4.0,10.0,285.0,633.0,731.0,918.0,4,1007.0
4.0,10.0,234.0,285.0,731.0,918.0,4,1007.0
4.0,10.0,52.0,234.0,285.0,731.0,4,918.0
4.0,10.0,52.0,234.0,285.0,731.0,4,918.0
4.0,10.0,285.0,633.0,731.0,918.0,4,1007.0
4.0,10.0,6.0,234.0,285.0,918.0,4,1007.0
4.0,10.0,6.0,234.0,285.0,310.0,4,918.0
4.0,10.0,6.0,234.0,285.0,310.0,4,918.0
4.0,10.0,52.0,234.0,285.0,731.0,4,918.0
4.0,10.0,52.0,285.0,731.0,918.0,4,1007.0
4.0,10.0,6.0,310.0,731.0,826.0,4,1007.0
4.0,10.0,6.0,234.0,310.0,731.0,4,826.0
4.0,10.0,52.0,234.0,285.0,731.0,4,918.0
4.0,10.0,52.0,234.0,285.0,731.0,4,918.0
4.0,10.0,234.0,285.0,310.0,731.0,4,918.0
4.0,10.0,6.0,52.0,731.0,918.0,4,1007.0
4.0,10.0,234.0,285.0,310.0,731.0,4,918.0
4.0,10.0,234.0,285.0,310.0,731.0,4,918.0
4.0,10.0,234.0,285.0,310.0,731.0,4,918.0
4.0,10.0,6.0,285.0,310.0,633.0,4,731.0
4.0,10.0,6.0,52.0,285.0,633.0,4,826.0
4.0,10.0,52.0,234.0,285.0,731.0,4,918.0
4.0,10.0,285.0,310.0,633.0,826.0,4,918.0
4.0,10.0,6.0,105.0,310.0,633.0,4,826.0
4.0,10.0,52.0,234.0,285.0,731.0,4,918.0
4.0,10.0,234.0,285.0,731.0,918.0,4,1007.0
4.0,10.0,310.0,731.0,826.0,918.0,4,1007.0
4.0,10.0,148.0,310.0,731.0,826.0,4,1007.0
4.0,10.0,52.0,234.0,285.0,731.0,4,918.0
4.0,10.0,52.0,234.0,285.0,731.0,4,826.0
4.0,10.0,52.0,285.0,731.0,826.0,4,1007.0
4.0,10.0,234.0,285.0,826.0,918.0,4,1007.0
4.0,10.0,234.0,285.0,826.0,918.0,4,1007.0
4.0,10.0,234.0,285.0,731.0,918.0,4,1007.0
4.0,10.0,52.0,234.0,285.0,731.0,4,918.0
4.0,10.0,285.0,310.0,826.0,918.0,4,1007.0
4.0,10.0,285.0,310.0,826.0,918.0,4,1007.0
4.0,10.0,285.0,310.0,731.0,918.0,4,1007.0
4.0,10.0,285.0,310.0,731.0,918.0,4,1007.0
4.0,10.0,52.0,285.0,731.0,918.0,4,1007.0
4.0,10.0,148.0,285.0,310.0,472.0,4,1007.0
4.0,10.0,148.0,285.0,310.0,472.0,4,1007.0
4.0,10.0,285.0,310.0,731.0,918.0,4,1007.0
4.0,10.0,285.0,310.0,731.0,918.0,4,1007.0
4.0,10.0,285.0,310.0,731.0,918.0,4,1007.0
4.0,10.0,234.0,285.0,731.0,918.0,4,1007.0
4.0,10.0,52.0,234.0,285.0,731.0,4,918.0
4.0,10.0,52.0,234.0,285.0,731.0,4,918.0
4.0,10.0,148.0,234.0,285.0,731.0,4,826.0
4.0,10.0,148.0,234.0,285.0,731.0,4,826.0
4.0,10.0,148.0,234.0,285.0,731.0,4,826.0
4.0,33.0,14.0,125.0,301.0,361.0,4,470.0
4.0,33.0,14.0,255.0,301.0,361.0,4,470.0
4.0,33.0,14.0,125.0,255.0,337.0,4,361.0
4.0,33.0,14.0,125.0,255.0,337.0,4,361.0
4.0,33.0,14.0,125.0,255.0,361.0,4,789.0
4.0,10.0,6.0,52.0,234.0,285.0,4,731.0
4.0,10.0,6.0,52.0,234.0,285.0,4,731.0
4.0,10.0,6.0,285.0,310.0,731.0,4,826.0
4.0,10.0,6.0,310.0,826.0,918.0,4,1007.0
4.0,10.0,6.0,310.0,826.0,918.0,4,1007.0
4.0,10.0,52.0,234.0,285.0,731.0,4,918.0
4.0,10.0,6.0,234.0,310.0,731.0,4,826.0
4.0,10.0,310.0,633.0,731.0,826.0,4,1007.0
4.0,10.0,52.0,234.0,285.0,731.0,4,918.0
4.0,10.0,6.0,285.0,826.0,918.0,4,1007.0
4.0,10.0,6.0,285.0,826.0,918.0,4,1007.0
4.0,10.0,6.0,310.0,472.0,633.0,4,826.0
4.0,10.0,6.0,310.0,472.0,633.0,4,826.0
4.0,10.0,6.0,310.0,472.0,633.0,4,826.0
4.0,18.0,226.0,579.0,642.0,702.0,4,1015.0
4.0,18.0,64.0,514.0,579.0,622.0,4,1013.0
4.0,18.0,64.0,579.0,622.0,642.0,4,1015.0
4.0,18.0,64.0,514.0,579.0,702.0,4,1015.0
4.0,18.0,226.0,579.0,642.0,702.0,4,1015.0
4.0,18.0,226.0,579.0,642.0,702.0,4,1015.0
4.0,12.0,111.0,216.0,230.0,531.0,4,856.0
4.0,12.0,111.0,216.0,531.0,611.0,4,856.0
4.0,12.0,201.0,611.0,788.0,856.0,4,986.0
4.0,12.0,111.0,216.0,230.0,531.0,4,856.0
4.0,12.0,216.0,230.0,611.0,856.0,4,986.0
4.0,12.0,216.0,230.0,462.0,611.0,4,986.0
4.0,12.0,201.0,230.0,462.0,788.0,4,986.0
4.0,12.0,0.0,201.0,462.0,788.0,4,986.0
4.0,12.0,111.0,216.0,230.0,531.0,4,856.0
4.0,34.0,36.0,506.0,530.0,753.0,4,975.0
4.0,34.0,36.0,404.0,506.0,530.0,4,753.0
4.0,34.0,36.0,506.0,695.0,753.0,4,1033.0
4.0,34.0,695.0,736.0,753.0,975.0,4,1033.0
4.0,34.0,36.0,695.0,736.0,753.0,4,975.0
4.0,34.0,36.0,506.0,695.0,753.0,4,975.0
4.0,34.0,36.0,506.0,517.0,753.0,4,975.0
4.0,34.0,36.0,506.0,517.0,753.0,4,975.0
4.0,1.0,577.0,746.0,790.0,808.0,4,820.0
4.0,1.0,577.0,746.0,790.0,808.0,4,820.0
4.0,1.0,746.0,790.0,808.0,983.0,4,1008.0
4.0,1.0,78.0,160.0,463.0,983.0,4,1008.0
4.0,1.0,463.0,577.0,790.0,808.0,4,820.0
4.0,1.0,463.0,577.0,790.0,808.0,4,820.0
4.0,1.0,577.0,746.0,790.0,808.0,4,820.0
4.0,1.0,577.0,746.0,790.0,808.0,4,820.0
4.0,1.0,577.0,746.0,790.0,808.0,4,820.0
4.0,1.0,160.0,463.0,790.0,808.0,4,983.0
4.0,26.0,40.0,315.0,536.0,634.0,4,914.0
4.0,26.0,40.0,536.0,634.0,914.0,4,948.0
4.0,26.0,333.0,536.0,634.0,684.0,4,948.0
4.0,26.0,333.0,488.0,634.0,684.0,4,948.0
4.0,26.0,333.0,536.0,634.0,684.0,4,948.0
4.0,26.0,333.0,536.0,634.0,684.0,4,948.0
4.0,26.0,315.0,333.0,536.0,634.0,4,948.0
4.0,26.0,40.0,315.0,333.0,634.0,4,948.0
4.0,26.0,40.0,315.0,488.0,634.0,4,948.0
4.0,26.0,40.0,333.0,536.0,634.0,4,948.0
4.0,26.0,40.0,333.0,488.0,536.0,4,948.0
4.0,6.0,80.0,171.0,213.0,397.0,4,867.0
4.0,6.0,30.0,61.0,80.0,171.0,4,867.0
4.0,6.0,30.0,80.0,171.0,213.0,4,867.0
4.0,6.0,80.0,171.0,213.0,397.0,4,867.0
4.0,6.0,80.0,171.0,213.0,867.0,4,873.0
4.0,10.0,6.0,285.0,310.0,731.0,4,1007.0
4.0,10.0,6.0,15.0,310.0,731.0,4,1007.0
4.0,10.0,52.0,234.0,285.0,731.0,4,918.0
4.0,10.0,52.0,234.0,285.0,731.0,4,918.0
4.0,10.0,6.0,234.0,731.0,826.0,4,1007.0
4.0,10.0,6.0,234.0,285.0,731.0,4,1007.0
4.0,10.0,234.0,285.0,731.0,918.0,4,1007.0
4.0,10.0,234.0,285.0,731.0,918.0,4,1007.0
4.0,10.0,234.0,285.0,310.0,731.0,4,918.0
4.0,10.0,234.0,285.0,310.0,731.0,4,918.0
4.0,10.0,6.0,285.0,310.0,633.0,4,731.0
4.0,10.0,6.0,285.0,310.0,633.0,4,731.0
4.0,10.0,15.0,234.0,633.0,826.0,4,918.0
4.0,10.0,52.0,234.0,285.0,731.0,4,918.0
4.0,10.0,6.0,234.0,285.0,918.0,4,1007.0
4.0,10.0,6.0,15.0,234.0,918.0,4,1007.0
4.0,10.0,6.0,15.0,633.0,918.0,4,1007.0
4.0,10.0,15.0,234.0,633.0,826.0,4,918.0
4.0,10.0,15.0,234.0,310.0,826.0,4,918.0
4.0,10.0,15.0,310.0,460.0,633.0,4,826.0
4.0,29.0,86.0,242.0,338.0,670.0,4,874.0
4.0,29.0,86.0,338.0,456.0,670.0,4,874.0
4.0,29.0,456.0,647.0,670.0,769.0,4,874.0
4.0,29.0,86.0,456.0,647.0,769.0,4,874.0
4.0,29.0,456.0,647.0,670.0,769.0,4,874.0
4.0,29.0,338.0,456.0,647.0,670.0,4,874.0
4.0,29.0,86.0,456.0,647.0,769.0,4,874.0
4.0,10.0,52.0,234.0,285.0,731.0,4,918.0
4.0,10.0,6.0,52.0,234.0,285.0,4,731.0
4.0,10.0,6.0,234.0,285.0,310.0,4,731.0
4.0,10.0,6.0,15.0,234.0,310.0,4,731.0
4.0,10.0,6.0,285.0,310.0,731.0,4,1007.0
4.0,10.0,6.0,234.0,285.0,731.0,4,1007.0
4.0,7.0,247.0,277.0,451.0,846.0,4,994.0
4.0,7.0,115.0,386.0,451.0,455.0,4,791.0
4.0,7.0,115.0,386.0,451.0,455.0,4,791.0
4.0,7.0,277.0,386.0,396.0,455.0,4,791.0
4.0,7.0,181.0,277.0,386.0,396.0,4,455.0
4.0,7.0,115.0,247.0,451.0,846.0,4,994.0
4.0,7.0,115.0,451.0,791.0,846.0,4,994.0
4.0,7.0,277.0,386.0,396.0,455.0,4,791.0
4.0,7.0,277.0,386.0,455.0,791.0,4,846.0
4.0,7.0,115.0,181.0,386.0,396.0,4,846.0
4.0,7.0,115.0,181.0,386.0,396.0,4,846.0
4.0,7.0,115.0,181.0,386.0,396.0,4,846.0
4.0,10.0,234.0,285.0,310.0,731.0,4,918.0
4.0,10.0,234.0,285.0,731.0,826.0,4,918.0
4.0,10.0,234.0,285.0,731.0,826.0,4,918.0
4.0,10.0,15.0,234.0,731.0,826.0,4,918.0
4.0,10.0,15.0,633.0,731.0,826.0,4,918.0
4.0,10.0,15.0,633.0,731.0,826.0,4,918.0
4.0,10.0,15.0,310.0,633.0,731.0,4,918.0
4.0,10.0,234.0,285.0,310.0,731.0,4,918.0
4.0,10.0,234.0,285.0,310.0,731.0,4,918.0
4.0,10.0,15.0,285.0,633.0,731.0,4,826.0
4.0,10.0,15.0,310.0,460.0,633.0,4,826.0
4.0,10.0,234.0,285.0,310.0,731.0,4,918.0
4.0,10.0,234.0,285.0,310.0,731.0,4,918.0
4.0,10.0,234.0,285.0,633.0,731.0,4,918.0
4.0,10.0,15.0,234.0,633.0,731.0,4,826.0
4.0,10.0,15.0,234.0,285.0,731.0,4,826.0
4.0,10.0,15.0,234.0,285.0,731.0,4,918.0
4.0,10.0,15.0,234.0,285.0,731.0,4,826.0
4.0,10.0,234.0,285.0,310.0,731.0,4,918.0
4.0,10.0,234.0,285.0,310.0,731.0,4,918.0
4.0,10.0,15.0,234.0,285.0,731.0,4,918.0
4.0,10.0,15.0,285.0,633.0,731.0,4,826.0
4.0,10.0,15.0,234.0,285.0,731.0,4,826.0
4.0,10.0,234.0,285.0,310.0,731.0,4,826.0
4.0,15.0,659.0,714.0,872.0,960.0,4,1036.0
4.0,15.0,659.0,714.0,872.0,960.0,4,1036.0
4.0,15.0,229.0,625.0,714.0,764.0,4,872.0
4.0,15.0,659.0,714.0,872.0,960.0,4,1036.0
4.0,15.0,229.0,659.0,714.0,895.0,4,960.0
4.0,15.0,229.0,714.0,895.0,960.0,4,1036.0
4.0,15.0,229.0,714.0,895.0,960.0,4,1036.0
4.0,10.0,234.0,285.0,310.0,731.0,4,918.0
4.0,10.0,234.0,285.0,310.0,731.0,4,918.0
4.0,10.0,15.0,234.0,472.0,633.0,4,826.0
4.0,10.0,15.0,234.0,472.0,633.0,4,826.0
4.0,10.0,15.0,310.0,472.0,633.0,4,731.0
4.0,10.0,234.0,285.0,633.0,731.0,4,918.0
4.0,10.0,234.0,285.0,633.0,731.0,4,918.0
4.0,10.0,15.0,234.0,285.0,633.0,4,731.0
4.0,10.0,15.0,234.0,285.0,731.0,4,918.0
4.0,28.0,41.0,608.0,665.0,754.0,4,1016.0
4.0,28.0,110.0,353.0,608.0,754.0,4,859.0
4.0,28.0,110.0,353.0,608.0,754.0,4,1016.0
4.0,28.0,41.0,353.0,608.0,859.0,4,1016.0
4.0,28.0,71.0,160.0,639.0,785.0,4,859.0
4.0,10.0,234.0,285.0,633.0,731.0,4,918.0
4.0,10.0,15.0,234.0,285.0,633.0,4,731.0
4.0,10.0,15.0,234.0,633.0,731.0,4,826.0
4.0,10.0,15.0,633.0,826.0,918.0,4,1007.0
4.0,10.0,285.0,633.0,826.0,918.0,4,1007.0
4.0,10.0,234.0,285.0,731.0,918.0,4,1007.0
4.0,10.0,234.0,285.0,310.0,731.0,4,918.0
4.0,10.0,234.0,285.0,310.0,731.0,4,918.0
4.0,10.0,234.0,285.0,310.0,731.0,4,918.0
4.0,10.0,234.0,285.0,633.0,826.0,4,918.0
4.0,10.0,234.0,285.0,633.0,731.0,4,918.0
4.0,10.0,285.0,310.0,633.0,826.0,4,918.0
4.0,10.0,234.0,285.0,310.0,472.0,4,826.0
4.0,10.0,15.0,234.0,285.0,472.0,4,826.0
4.0,10.0,15.0,234.0,285.0,731.0,4,1007.0
4.0,10.0,234.0,285.0,310.0,731.0,4,918.0
4.0,10.0,234.0,285.0,633.0,826.0,4,918.0
4.0,10.0,234.0,285.0,633.0,826.0,4,918.0
4.0,10.0,234.0,285.0,310.0,472.0,4,826.0
4.0,10.0,234.0,285.0,310.0,731.0,4,918.0
4.0,10.0,234.0,285.0,310.0,826.0,4,918.0
4.0,10.0,234.0,285.0,310.0,472.0,4,826.0
4.0,10.0,15.0,472.0,633.0,826.0,4,1007.0
4.0,10.0,15.0,234.0,472.0,633.0,4,826.0
4.0,10.0,234.0,285.0,310.0,826.0,4,918.0
4.0,10.0,234.0,285.0,310.0,826.0,4,918.0
4.0,10.0,234.0,285.0,310.0,826.0,4,918.0
4.0,10.0,234.0,285.0,460.0,826.0,4,918.0
4.0,10.0,234.0,285.0,460.0,472.0,4,826.0
4.0,10.0,285.0,310.0,460.0,472.0,4,826.0
4.0,1.0,577.0,790.0,808.0,820.0,4,898.0
4.0,1.0,356.0,477.0,790.0,808.0,4,820.0
4.0,1.0,356.0,477.0,682.0,740.0,4,790.0
4.0,1.0,356.0,477.0,682.0,740.0,4,790.0
4.0,1.0,577.0,790.0,808.0,820.0,4,898.0
4.0,1.0,577.0,790.0,808.0,820.0,4,898.0
4.0,1.0,356.0,577.0,790.0,808.0,4,820.0
4.0,1.0,356.0,577.0,740.0,790.0,4,808.0
4.0,26.0,40.0,333.0,634.0,684.0,4,948.0
4.0,26.0,46.0,224.0,333.0,634.0,4,948.0
4.0,26.0,40.0,315.0,450.0,634.0,4,914.0
4.0,26.0,40.0,315.0,450.0,634.0,4,914.0
4.0,26.0,40.0,46.0,333.0,634.0,4,948.0
4.0,26.0,40.0,46.0,333.0,634.0,4,948.0
4.0,26.0,40.0,46.0,315.0,333.0,4,536.0
4.0,26.0,46.0,315.0,333.0,536.0,4,634.0
4.0,26.0,46.0,315.0,333.0,536.0,4,634.0
4.0,16.0,133.0,155.0,296.0,495.0,4,623.0
4.0,16.0,133.0,155.0,296.0,623.0,4,1039.0
4.0,16.0,305.0,416.0,427.0,623.0,4,996.0
4.0,16.0,133.0,155.0,296.0,427.0,4,996.0
4.0,16.0,133.0,155.0,296.0,623.0,4,1039.0
4.0,16.0,133.0,155.0,296.0,495.0,4,623.0
4.0,16.0,133.0,155.0,296.0,495.0,4,623.0
4.0,16.0,133.0,155.0,296.0,495.0,4,623.0
4.0,16.0,133.0,296.0,495.0,623.0,4,996.0
4.0,16.0,133.0,305.0,427.0,495.0,4,996.0
4.0,16.0,296.0,305.0,427.0,495.0,4,996.0
4.0,16.0,155.0,305.0,427.0,674.0,4,1039.0
4.0,16.0,133.0,155.0,296.0,495.0,4,623.0
4.0,16.0,133.0,155.0,296.0,623.0,4,996.0
4.0,16.0,305.0,427.0,623.0,996.0,4,1039.0
4.0,16.0,427.0,623.0,674.0,996.0,4,1039.0
4.0,16.0,296.0,427.0,674.0,996.0,4,1039.0
4.0,16.0,155.0,296.0,427.0,495.0,4,674.0
4.0,16.0,133.0,155.0,296.0,623.0,4,1039.0
4.0,16.0,133.0,155.0,296.0,623.0,4,1039.0
4.0,16.0,133.0,155.0,296.0,495.0,4,623.0
4.0,16.0,133.0,155.0,296.0,495.0,4,623.0
4.0,16.0,133.0,155.0,427.0,495.0,4,623.0
4.0,16.0,133.0,155.0,427.0,495.0,4,623.0
4.0,16.0,305.0,427.0,623.0,996.0,4,1039.0
4.0,16.0,305.0,427.0,674.0,996.0,4,1039.0
4.0,16.0,305.0,483.0,553.0,674.0,4,996.0
4.0,16.0,296.0,305.0,623.0,996.0,4,1039.0
4.0,16.0,305.0,427.0,623.0,996.0,4,1039.0
4.0,16.0,133.0,155.0,296.0,427.0,4,996.0
4.0,16.0,133.0,155.0,296.0,427.0,4,996.0
4.0,16.0,133.0,155.0,296.0,623.0,4,996.0
4.0,16.0,133.0,155.0,296.0,495.0,4,623.0
4.0,16.0,155.0,296.0,427.0,623.0,4,1039.0
4.0,16.0,305.0,427.0,623.0,996.0,4,1039.0
4.0,16.0,133.0,155.0,296.0,495.0,4,623.0
4.0,16.0,305.0,427.0,623.0,996.0,4,1039.0
4.0,16.0,133.0,305.0,427.0,996.0,4,1039.0
4.0,16.0,133.0,155.0,296.0,623.0,4,996.0
4.0,16.0,155.0,296.0,427.0,623.0,4,996.0
4.0,16.0,155.0,296.0,427.0,623.0,4,996.0
4.0,16.0,133.0,155.0,296.0,623.0,4,1039.0
4.0,16.0,305.0,427.0,623.0,996.0,4,1039.0
4.0,16.0,133.0,155.0,296.0,623.0,4,1039.0
4.0,16.0,155.0,296.0,305.0,623.0,4,1039.0
4.0,16.0,155.0,296.0,305.0,623.0,4,996.0
4.0,16.0,305.0,427.0,495.0,623.0,4,996.0
4.0,16.0,155.0,296.0,427.0,623.0,4,996.0
4.0,16.0,155.0,296.0,427.0,623.0,4,996.0
4.0,16.0,133.0,155.0,296.0,623.0,4,1039.0
4.0,16.0,133.0,296.0,623.0,996.0,4,1039.0
4.0,16.0,305.0,427.0,495.0,623.0,4,996.0
4.0,16.0,133.0,296.0,623.0,996.0,4,1039.0
4.0,16.0,305.0,427.0,495.0,623.0,4,996.0
4.0,16.0,296.0,427.0,623.0,996.0,4,1039.0
4.0,16.0,296.0,427.0,623.0,996.0,4,1039.0
4.0,16.0,296.0,427.0,623.0,996.0,4,1039.0
4.0,16.0,133.0,155.0,296.0,623.0,4,1039.0
4.0,16.0,305.0,427.0,495.0,623.0,4,996.0
4.0,16.0,155.0,305.0,427.0,674.0,4,996.0
4.0,16.0,155.0,305.0,427.0,674.0,4,996.0
4.0,16.0,296.0,427.0,623.0,996.0,4,1039.0
4.0,16.0,155.0,296.0,305.0,623.0,4,996.0
4.0,16.0,155.0,296.0,427.0,623.0,4,996.0
4.0,15.0,229.0,659.0,714.0,860.0,4,1028.0
4.0,15.0,370.0,377.0,764.0,860.0,4,1036.0
4.0,15.0,370.0,659.0,764.0,872.0,4,1036.0
4.0,15.0,659.0,714.0,860.0,1028.0,4,1036.0
4.0,15.0,229.0,370.0,764.0,872.0,4,1036.0
4.0,15.0,229.0,370.0,764.0,872.0,4,1036.0
4.0,15.0,659.0,714.0,764.0,860.0,4,1036.0
4.0,16.0,133.0,155.0,296.0,623.0,4,1039.0
4.0,16.0,133.0,155.0,296.0,623.0,4,1039.0
4.0,16.0,305.0,416.0,427.0,553.0,4,623.0
4.0,16.0,155.0,296.0,305.0,553.0,4,623.0
4.0,25.0,294.0,398.0,421.0,798.0,4,814.0
4.0,25.0,294.0,398.0,421.0,798.0,4,814.0
4.0,25.0,106.0,294.0,421.0,711.0,4,798.0
4.0,25.0,106.0,294.0,421.0,711.0,4,798.0
4.0,25.0,106.0,158.0,398.0,662.0,4,814.0
4.0,25.0,106.0,158.0,398.0,662.0,4,814.0
4.0,25.0,158.0,398.0,662.0,711.0,4,814.0
4.0,25.0,158.0,398.0,662.0,711.0,4,814.0
4.0,25.0,294.0,398.0,421.0,711.0,4,814.0
4.0,25.0,294.0,398.0,421.0,711.0,4,814.0
4.0,16.0,133.0,155.0,296.0,623.0,4,1039.0
4.0,16.0,305.0,427.0,495.0,553.0,4,623.0
4.0,16.0,155.0,305.0,427.0,495.0,4,674.0
4.0,16.0,133.0,155.0,296.0,623.0,4,1039.0
4.0,16.0,133.0,155.0,296.0,495.0,4,623.0
4.0,16.0,133.0,296.0,495.0,553.0,4,623.0
4.0,16.0,155.0,305.0,427.0,495.0,4,623.0
4.0,16.0,155.0,305.0,427.0,495.0,4,623.0
4.0,16.0,155.0,296.0,305.0,495.0,4,623.0
4.0,16.0,133.0,296.0,495.0,553.0,4,623.0
4.0,7.0,137.0,247.0,277.0,451.0,4,994.0
4.0,7.0,112.0,277.0,396.0,455.0,4,902.0
4.0,7.0,137.0,277.0,451.0,455.0,4,994.0
4.0,7.0,137.0,277.0,451.0,455.0,4,994.0
4.0,7.0,137.0,451.0,455.0,902.0,4,994.0
4.0,7.0,137.0,247.0,277.0,451.0,4,994.0
4.0,7.0,137.0,247.0,277.0,451.0,4,994.0
4.0,7.0,137.0,247.0,451.0,902.0,4,994.0
4.0,7.0,137.0,451.0,455.0,902.0,4,994.0
4.0,7.0,137.0,277.0,451.0,455.0,4,994.0
4.0,16.0,133.0,155.0,427.0,623.0,4,1039.0
4.0,16.0,296.0,427.0,495.0,553.0,4,623.0
4.0,16.0,155.0,296.0,325.0,427.0,4,674.0
4.0,16.0,155.0,325.0,427.0,623.0,4,674.0
4.0,16.0,133.0,155.0,296.0,623.0,4,1039.0
4.0,16.0,427.0,495.0,553.0,623.0,4,674.0
4.0,16.0,427.0,495.0,553.0,623.0,4,674.0
4.0,16.0,155.0,296.0,427.0,495.0,4,674.0
4.0,16.0,155.0,296.0,427.0,495.0,4,674.0
4.0,16.0,155.0,296.0,495.0,623.0,4,674.0
4.0,16.0,133.0,155.0,296.0,623.0,4,1039.0
4.0,16.0,155.0,305.0,427.0,495.0,4,674.0
4.0,16.0,133.0,155.0,305.0,325.0,4,623.0
4.0,16.0,133.0,155.0,427.0,623.0,4,1039.0
4.0,16.0,133.0,427.0,495.0,553.0,4,623.0
4.0,16.0,427.0,495.0,553.0,623.0,4,674.0
4.0,16.0,296.0,427.0,495.0,553.0,4,674.0
4.0,16.0,155.0,296.0,427.0,495.0,4,674.0
4.0,16.0,155.0,296.0,427.0,495.0,4,674.0
4.0,6.0,35.0,61.0,397.0,499.0,4,730.0
4.0,6.0,55.0,213.0,499.0,730.0,4,867.0
4.0,6.0,55.0,213.0,397.0,420.0,4,809.0
4.0,6.0,35.0,55.0,213.0,420.0,4,809.0
4.0,6.0,55.0,213.0,459.0,730.0,4,867.0
4.0,6.0,55.0,213.0,459.0,730.0,4,867.0
4.0,6.0,55.0,213.0,459.0,625.0,4,809.0
4.0,16.0,133.0,155.0,296.0,623.0,4,1039.0
4.0,16.0,133.0,155.0,296.0,623.0,4,1039.0
4.0,16.0,427.0,495.0,623.0,674.0,4,1039.0
4.0,16.0,155.0,296.0,427.0,495.0,4,674.0
4.0,16.0,155.0,296.0,325.0,427.0,4,674.0
4.0,16.0,155.0,296.0,325.0,427.0,4,674.0
4.0,16.0,155.0,296.0,427.0,495.0,4,674.0
4.0,16.0,155.0,296.0,427.0,495.0,4,674.0
4.0,16.0,155.0,296.0,495.0,623.0,4,674.0
4.0,17.0,47.0,108.0,182.0,328.0,4,505.0
4.0,17.0,47.0,182.0,299.0,505.0,4,619.0
4.0,17.0,47.0,182.0,299.0,505.0,4,619.0
4.0,17.0,47.0,108.0,505.0,619.0,4,635.0
4.0,17.0,47.0,157.0,182.0,328.0,4,586.0
4.0,33.0,14.0,45.0,255.0,789.0,4,807.0
4.0,33.0,125.0,301.0,337.0,789.0,4,807.0
4.0,33.0,45.0,125.0,301.0,337.0,4,854.0
4.0,33.0,14.0,45.0,255.0,789.0,4,807.0
4.0,33.0,14.0,45.0,125.0,255.0,4,789.0
4.0,29.0,86.0,242.0,283.0,456.0,4,990.0
4.0,29.0,86.0,283.0,456.0,874.0,4,990.0
4.0,29.0,132.0,331.0,769.0,874.0,4,990.0
4.0,29.0,86.0,132.0,769.0,874.0,4,990.0
4.0,29.0,86.0,132.0,769.0,874.0,4,990.0
4.0,29.0,86.0,132.0,331.0,769.0,4,874.0
4.0,29.0,132.0,331.0,338.0,769.0,4,874.0
4.0,29.0,227.0,242.0,283.0,331.0,4,769.0
4.0,16.0,325.0,427.0,553.0,623.0,4,674.0
4.0,16.0,296.0,553.0,623.0,674.0,4,1039.0
4.0,16.0,133.0,155.0,296.0,623.0,4,1039.0
4.0,16.0,133.0,155.0,296.0,623.0,4,1039.0
4.0,16.0,133.0,155.0,296.0,325.0,4,623.0
4.0,16.0,325.0,427.0,553.0,623.0,4,674.0
4.0,16.0,155.0,296.0,325.0,427.0,4,674.0
4.0,16.0,305.0,325.0,427.0,553.0,4,623.0
4.0,16.0,155.0,296.0,427.0,495.0,4,674.0
4.0,16.0,155.0,296.0,427.0,623.0,4,1039.0
4.0,16.0,155.0,296.0,623.0,674.0,4,1039.0
4.0,16.0,305.0,427.0,495.0,553.0,4,623.0
4.0,16.0,155.0,296.0,427.0,495.0,4,674.0
4.0,16.0,155.0,296.0,427.0,495.0,4,674.0
4.0,34.0,15.0,36.0,404.0,589.0,4,753.0
4.0,34.0,36.0,404.0,530.0,589.0,4,753.0
4.0,34.0,15.0,36.0,383.0,589.0,4,753.0
4.0,34.0,15.0,36.0,404.0,589.0,4,753.0
4.0,34.0,15.0,36.0,404.0,589.0,4,753.0
4.0,34.0,36.0,383.0,530.0,589.0,4,753.0
4.0,34.0,36.0,383.0,530.0,589.0,4,753.0
4.0,16.0,296.0,427.0,495.0,553.0,4,674.0
4.0,16.0,155.0,296.0,427.0,495.0,4,674.0
4.0,16.0,155.0,296.0,495.0,674.0,4,719.0
4.0,16.0,133.0,155.0,296.0,623.0,4,1039.0
4.0,16.0,133.0,155.0,296.0,623.0,4,1039.0
4.0,16.0,155.0,296.0,495.0,623.0,4,674.0
4.0,14.0,254.0,592.0,609.0,700.0,4,786.0
4.0,14.0,254.0,592.0,609.0,700.0,4,786.0
4.0,14.0,254.0,592.0,609.0,700.0,4,786.0
4.0,14.0,48.0,700.0,786.0,897.0,4,922.0
4.0,14.0,592.0,609.0,688.0,786.0,4,897.0
4.0,16.0,133.0,155.0,296.0,623.0,4,1039.0
4.0,16.0,155.0,325.0,427.0,674.0,4,719.0
4.0,16.0,133.0,155.0,296.0,623.0,4,1039.0
4.0,16.0,133.0,427.0,495.0,553.0,4,623.0
4.0,16.0,155.0,296.0,325.0,427.0,4,674.0
4.0,16.0,155.0,296.0,325.0,623.0,4,674.0
4.0,17.0,47.0,182.0,505.0,586.0,4,635.0
4.0,17.0,47.0,182.0,505.0,586.0,4,635.0
4.0,17.0,47.0,157.0,505.0,586.0,4,635.0
4.0,17.0,47.0,157.0,505.0,586.0,4,635.0
4.0,17.0,47.0,157.0,299.0,505.0,4,635.0
4.0,17.0,157.0,299.0,328.0,508.0,4,635.0
4.0,28.0,218.0,608.0,754.0,785.0,4,859.0
4.0,28.0,41.0,608.0,665.0,754.0,4,1016.0
4.0,28.0,41.0,497.0,608.0,754.0,4,1016.0
4.0,28.0,218.0,497.0,754.0,785.0,4,859.0
4.0,28.0,608.0,665.0,754.0,785.0,4,1016.0
4.0,13.0,80.0,91.0,238.0,320.0,4,866.0
4.0,13.0,16.0,91.0,319.0,811.0,4,866.0
4.0,13.0,16.0,91.0,319.0,811.0,4,866.0
4.0,13.0,80.0,91.0,238.0,320.0,4,866.0
4.0,13.0,91.0,319.0,320.0,387.0,4,866.0
4.0,13.0,16.0,91.0,319.0,320.0,4,387.0
4.0,4.0,134.0,259.0,561.0,598.0,4,646.0
4.0,4.0,134.0,259.0,561.0,646.0,4,768.0
4.0,4.0,259.0,646.0,768.0,853.0,4,936.0
4.0,4.0,134.0,259.0,601.0,646.0,4,936.0
4.0,4.0,134.0,259.0,561.0,598.0,4,646.0
4.0,4.0,134.0,259.0,561.0,598.0,4,646.0
4.0,4.0,259.0,646.0,768.0,853.0,4,936.0
4.0,4.0,134.0,259.0,598.0,646.0,4,853.0
4.0,16.0,296.0,305.0,495.0,623.0,4,674.0
4.0,16.0,305.0,427.0,495.0,623.0,4,674.0
4.0,16.0,296.0,305.0,553.0,674.0,4,1039.0
4.0,16.0,296.0,305.0,495.0,623.0,4,674.0
4.0,16.0,427.0,623.0,674.0,719.0,4,1039.0
4.0,16.0,427.0,495.0,623.0,674.0,4,719.0
4.0,16.0,133.0,305.0,495.0,553.0,4,623.0
4.0,16.0,305.0,495.0,553.0,674.0,4,719.0
4.0,16.0,305.0,495.0,553.0,674.0,4,719.0
4.0,16.0,305.0,495.0,623.0,674.0,4,719.0
4.0,16.0,305.0,495.0,623.0,674.0,4,719.0
4.0,16.0,133.0,305.0,495.0,623.0,4,719.0
4.0,16.0,305.0,427.0,495.0,623.0,4,674.0
4.0,16.0,305.0,495.0,623.0,674.0,4,719.0
4.0,16.0,305.0,495.0,623.0,674.0,4,719.0
4.0,16.0,305.0,427.0,495.0,623.0,4,719.0
4.0,16.0,305.0,427.0,495.0,623.0,4,719.0
4.0,16.0,305.0,495.0,553.0,623.0,4,719.0
4.0,16.0,305.0,495.0,553.0,623.0,4,719.0
4.0,16.0,305.0,427.0,495.0,623.0,4,674.0
4.0,16.0,155.0,296.0,623.0,674.0,4,1039.0
4.0,16.0,155.0,296.0,623.0,719.0,4,1039.0
4.0,16.0,296.0,427.0,623.0,719.0,4,1039.0
4.0,16.0,305.0,427.0,495.0,623.0,4,719.0
4.0,16.0,305.0,427.0,495.0,623.0,4,719.0
4.0,16.0,155.0,296.0,305.0,495.0,4,719.0
4.0,16.0,155.0,296.0,495.0,623.0,4,674.0
4.0,16.0,155.0,296.0,495.0,623.0,4,674.0
4.0,16.0,305.0,427.0,495.0,623.0,4,719.0
4.0,16.0,155.0,296.0,305.0,495.0,4,719.0
4.0,16.0,155.0,296.0,305.0,495.0,4,719.0
4.0,25.0,294.0,300.0,355.0,380.0,4,421.0
4.0,25.0,294.0,355.0,398.0,453.0,4,798.0
4.0,25.0,294.0,355.0,398.0,453.0,4,798.0
4.0,25.0,294.0,380.0,398.0,421.0,4,798.0
4.0,25.0,294.0,380.0,421.0,453.0,4,798.0
4.0,25.0,294.0,300.0,355.0,421.0,4,798.0
4.0,25.0,294.0,300.0,355.0,421.0,4,453.0
4.0,25.0,294.0,355.0,421.0,453.0,4,864.0
4.0,16.0,155.0,296.0,623.0,674.0,4,1039.0
4.0,16.0,296.0,427.0,623.0,674.0,4,1039.0
4.0,16.0,155.0,296.0,305.0,495.0,4,719.0
4.0,16.0,155.0,296.0,305.0,495.0,4,623.0
4.0,16.0,305.0,427.0,495.0,623.0,4,719.0
4.0,16.0,155.0,296.0,623.0,674.0,4,1039.0
4.0,16.0,155.0,296.0,495.0,623.0,4,674.0
4.0,16.0,305.0,427.0,495.0,623.0,4,719.0
4.0,16.0,155.0,296.0,305.0,719.0,4,1039.0
4.0,16.0,155.0,296.0,305.0,427.0,4,1039.0
4.0,16.0,155.0,296.0,305.0,427.0,4,495.0
4.0,16.0,155.0,296.0,305.0,495.0,4,623.0
4.0,16.0,155.0,296.0,305.0,495.0,4,623.0
4.0,16.0,155.0,296.0,623.0,674.0,4,1039.0
4.0,16.0,427.0,495.0,623.0,674.0,4,719.0
4.0,16.0,155.0,296.0,305.0,427.0,4,495.0
4.0,16.0,155.0,296.0,325.0,623.0,4,674.0
4.0,16.0,325.0,427.0,623.0,674.0,4,719.0
4.0,16.0,155.0,296.0,305.0,325.0,4,719.0
4.0,16.0,155.0,296.0,325.0,623.0,4,719.0
4.0,9.0,76.0,366.0,845.0,941.0,4,968.0
4.0,9.0,76.0,366.0,845.0,941.0,4,968.0
4.0,9.0,76.0,81.0,149.0,169.0,4,1019.0
4.0,9.0,85.0,366.0,845.0,941.0,4,968.0
4.0,9.0,81.0,85.0,366.0,941.0,4,968.0
4.0,9.0,76.0,81.0,85.0,941.0,4,1019.0
4.0,9.0,76.0,81.0,149.0,452.0,4,1019.0
4.0,1.0,356.0,570.0,790.0,808.0,4,820.0
4.0,1.0,356.0,570.0,740.0,820.0,4,1008.0
4.0,1.0,356.0,577.0,790.0,808.0,4,820.0
4.0,1.0,570.0,577.0,790.0,808.0,4,820.0
4.0,1.0,570.0,577.0,790.0,808.0,4,820.0
4.0,1.0,356.0,570.0,790.0,808.0,4,1008.0
4.0,1.0,356.0,570.0,808.0,820.0,4,1008.0
4.0,1.0,356.0,577.0,790.0,808.0,4,820.0
4.0,12.0,216.0,230.0,531.0,788.0,4,856.0
4.0,12.0,0.0,201.0,462.0,788.0,4,986.0
4.0,12.0,0.0,201.0,462.0,788.0,4,986.0
4.0,12.0,0.0,111.0,216.0,462.0,4,531.0
4.0,12.0,111.0,216.0,230.0,531.0,4,856.0
4.0,12.0,216.0,230.0,531.0,788.0,4,856.0
4.0,32.0,34.0,44.0,241.0,524.0,4,911.0
4.0,32.0,34.0,44.0,241.0,524.0,4,911.0
4.0,32.0,44.0,302.0,484.0,624.0,4,911.0
4.0,32.0,34.0,241.0,302.0,484.0,4,624.0
4.0,32.0,34.0,44.0,241.0,524.0,4,624.0
4.0,32.0,44.0,241.0,302.0,524.0,4,911.0
4.0,32.0,26.0,241.0,302.0,524.0,4,624.0
4.0,32.0,26.0,302.0,484.0,624.0,4,911.0
4.0,32.0,26.0,44.0,241.0,524.0,4,624.0
4.0,32.0,26.0,44.0,241.0,524.0,4,624.0
4.0,32.0,34.0,44.0,241.0,302.0,4,524.0
4.0,32.0,34.0,44.0,241.0,484.0,4,524.0
4.0,16.0,155.0,296.0,325.0,623.0,4,674.0
4.0,16.0,155.0,296.0,325.0,623.0,4,674.0
4.0,16.0,305.0,325.0,427.0,623.0,4,674.0
4.0,16.0,155.0,296.0,305.0,427.0,4,495.0
4.0,16.0,155.0,296.0,305.0,427.0,4,495.0
4.0,16.0,155.0,296.0,325.0,623.0,4,674.0
4.0,16.0,155.0,296.0,495.0,623.0,4,674.0
4.0,16.0,155.0,296.0,305.0,427.0,4,495.0
4.0,4.0,126.0,646.0,768.0,853.0,4,936.0
4.0,4.0,134.0,259.0,561.0,646.0,4,768.0
4.0,4.0,126.0,646.0,768.0,853.0,4,936.0
4.0,4.0,134.0,259.0,487.0,601.0,4,646.0
4.0,16.0,305.0,427.0,623.0,674.0,4,1039.0
4.0,16.0,305.0,427.0,623.0,674.0,4,1039.0
4.0,16.0,155.0,296.0,305.0,427.0,4,1039.0
4.0,16.0,155.0,296.0,305.0,427.0,4,1039.0
4.0,16.0,155.0,296.0,305.0,427.0,4,1039.0
4.0,16.0,155.0,296.0,427.0,623.0,4,1039.0
4.0,16.0,155.0,296.0,325.0,623.0,4,674.0
4.0,16.0,305.0,427.0,623.0,674.0,4,1039.0
4.0,16.0,155.0,296.0,305.0,623.0,4,1039.0
4.0,16.0,155.0,296.0,305.0,623.0,4,1039.0
4.0,16.0,427.0,623.0,674.0,719.0,4,1039.0
4.0,16.0,155.0,296.0,495.0,713.0,4,719.0
4.0,16.0,155.0,296.0,495.0,713.0,4,719.0
4.0,16.0,155.0,296.0,325.0,623.0,4,713.0
4.0,16.0,325.0,427.0,623.0,713.0,4,719.0
4.0,16.0,155.0,296.0,325.0,623.0,4,674.0
4.0,16.0,155.0,296.0,325.0,623.0,4,719.0
4.0,16.0,427.0,623.0,674.0,719.0,4,1039.0
4.0,16.0,155.0,427.0,713.0,719.0,4,1039.0
4.0,16.0,296.0,325.0,623.0,674.0,4,719.0
4.0,16.0,155.0,296.0,623.0,674.0,4,719.0
4.0,16.0,155.0,296.0,623.0,674.0,4,719.0
4.0,16.0,155.0,296.0,623.0,674.0,4,719.0
4.0,16.0,427.0,495.0,623.0,674.0,4,719.0
4.0,16.0,296.0,495.0,623.0,674.0,4,719.0
4.0,16.0,296.0,495.0,623.0,674.0,4,719.0
4.0,16.0,155.0,296.0,623.0,674.0,4,719.0
4.0,16.0,155.0,296.0,325.0,623.0,4,674.0
4.0,16.0,155.0,296.0,495.0,623.0,4,674.0
4.0,16.0,155.0,296.0,623.0,674.0,4,713.0
4.0,16.0,155.0,296.0,325.0,623.0,4,674.0
4.0,16.0,296.0,325.0,553.0,623.0,4,674.0
4.0,16.0,296.0,553.0,623.0,674.0,4,1039.0
4.0,16.0,296.0,553.0,623.0,674.0,4,1039.0
4.0,16.0,155.0,296.0,495.0,713.0,4,719.0
4.0,16.0,155.0,296.0,713.0,719.0,4,1039.0
4.0,16.0,155.0,296.0,713.0,719.0,4,1039.0
4.0,16.0,155.0,296.0,623.0,674.0,4,1039.0
4.0,16.0,155.0,296.0,623.0,719.0,4,1039.0
4.0,16.0,553.0,623.0,713.0,719.0,4,1039.0
4.0,16.0,155.0,296.0,623.0,713.0,4,1039.0
4.0,16.0,155.0,296.0,325.0,623.0,4,674.0
4.0,16.0,495.0,553.0,623.0,674.0,4,719.0
4.0,16.0,155.0,296.0,416.0,713.0,4,719.0
4.0,16.0,155.0,296.0,416.0,713.0,4,719.0
4.0,16.0,296.0,416.0,553.0,623.0,4,713.0
4.0,16.0,155.0,296.0,416.0,623.0,4,713.0
4.0,16.0,155.0,296.0,325.0,623.0,4,674.0
4.0,16.0,155.0,296.0,325.0,623.0,4,674.0
4.0,16.0,155.0,296.0,495.0,713.0,4,719.0
4.0,16.0,155.0,296.0,416.0,713.0,4,719.0
4.0,16.0,305.0,416.0,427.0,553.0,4,713.0
4.0,0.0,13.0,418.0,493.0,535.0,4,1037.0
4.0,0.0,13.0,418.0,493.0,589.0,4,686.0
4.0,0.0,13.0,204.0,493.0,535.0,4,589.0
4.0,0.0,13.0,204.0,493.0,535.0,4,589.0
4.0,0.0,204.0,418.0,465.0,686.0,4,1037.0
4.0,0.0,204.0,418.0,465.0,686.0,4,1037.0
4.0,0.0,204.0,383.0,465.0,686.0,4,1037.0
4.0,0.0,204.0,383.0,465.0,686.0,4,1037.0
4.0,9.0,169.0,366.0,828.0,941.0,4,968.0
4.0,9.0,76.0,366.0,828.0,941.0,4,968.0
4.0,9.0,76.0,81.0,149.0,366.0,4,845.0
4.0,9.0,452.0,828.0,845.0,941.0,4,968.0
4.0,9.0,452.0,828.0,845.0,941.0,4,968.0
4.0,9.0,169.0,366.0,828.0,941.0,4,968.0
4.0,9.0,169.0,366.0,828.0,941.0,4,968.0
4.0,9.0,169.0,366.0,828.0,941.0,4,968.0
4.0,9.0,366.0,828.0,845.0,941.0,4,968.0
4.0,16.0,296.0,305.0,416.0,623.0,4,719.0
4.0,16.0,296.0,416.0,623.0,713.0,4,719.0
4.0,16.0,155.0,296.0,623.0,713.0,4,719.0
4.0,16.0,155.0,296.0,623.0,713.0,4,719.0
4.0,16.0,155.0,296.0,325.0,623.0,4,713.0
4.0,16.0,155.0,296.0,305.0,427.0,4,719.0
4.0,16.0,155.0,296.0,305.0,427.0,4,623.0
4.0,16.0,155.0,296.0,305.0,427.0,4,623.0
4.0,16.0,155.0,296.0,305.0,427.0,4,623.0
4.0,16.0,155.0,296.0,305.0,427.0,4,623.0
4.0,6.0,30.0,61.0,80.0,397.0,4,867.0
4.0,6.0,30.0,213.0,397.0,809.0,4,867.0
4.0,6.0,171.0,213.0,397.0,640.0,4,809.0
4.0,6.0,171.0,213.0,640.0,809.0,4,867.0
4.0,6.0,80.0,171.0,213.0,640.0,4,867.0
4.0,6.0,61.0,80.0,171.0,397.0,4,640.0
4.0,6.0,30.0,61.0,80.0,397.0,4,867.0
4.0,6.0,30.0,61.0,397.0,809.0,4,867.0
4.0,6.0,171.0,213.0,640.0,809.0,4,867.0
4.0,6.0,61.0,80.0,640.0,809.0,4,867.0
4.0,6.0,61.0,80.0,213.0,397.0,4,867.0
4.0,34.0,404.0,506.0,517.0,695.0,4,1033.0
4.0,34.0,36.0,404.0,506.0,517.0,4,773.0
4.0,34.0,374.0,517.0,695.0,773.0,4,1033.0
4.0,34.0,36.0,404.0,517.0,695.0,4,773.0
4.0,34.0,404.0,517.0,695.0,773.0,4,1033.0
4.0,34.0,404.0,517.0,695.0,773.0,4,1033.0
4.0,34.0,36.0,139.0,517.0,583.0,4,773.0
4.0,34.0,139.0,517.0,583.0,773.0,4,1033.0
4.0,18.0,226.0,579.0,642.0,685.0,4,1015.0
4.0,18.0,62.0,514.0,579.0,685.0,4,1015.0
4.0,18.0,62.0,514.0,579.0,685.0,4,1013.0
4.0,18.0,62.0,64.0,514.0,685.0,4,1013.0
4.0,18.0,64.0,579.0,642.0,702.0,4,1013.0
4.0,18.0,64.0,579.0,642.0,685.0,4,702.0
4.0,18.0,64.0,579.0,642.0,685.0,4,1013.0
4.0,18.0,64.0,579.0,642.0,685.0,4,1013.0
4.0,18.0,62.0,514.0,622.0,685.0,4,1013.0
4.0,16.0,553.0,623.0,713.0,719.0,4,1039.0
4.0,16.0,553.0,623.0,713.0,719.0,4,1039.0
4.0,16.0,155.0,427.0,495.0,674.0,4,719.0
4.0,16.0,155.0,427.0,495.0,623.0,4,674.0
4.0,16.0,155.0,325.0,427.0,623.0,4,713.0
4.0,16.0,495.0,553.0,623.0,713.0,4,719.0
4.0,16.0,495.0,553.0,623.0,713.0,4,719.0
4.0,16.0,495.0,553.0,623.0,674.0,4,719.0
4.0,16.0,155.0,495.0,623.0,713.0,4,719.0
4.0,16.0,155.0,427.0,495.0,623.0,4,713.0
4.0,16.0,155.0,296.0,623.0,713.0,4,1039.0
4.0,16.0,296.0,427.0,495.0,623.0,4,713.0
4.0,16.0,155.0,427.0,495.0,674.0,4,719.0
4.0,16.0,155.0,296.0,495.0,623.0,4,674.0
4.0,16.0,296.0,495.0,623.0,713.0,4,719.0
4.0,16.0,296.0,495.0,623.0,713.0,4,719.0
4.0,16.0,155.0,296.0,623.0,713.0,4,719.0
4.0,16.0,427.0,623.0,713.0,719.0,4,1039.0
4.0,16.0,155.0,296.0,427.0,623.0,4,713.0
4.0,16.0,296.0,495.0,553.0,623.0,4,713.0
4.0,16.0,427.0,495.0,623.0,713.0,4,719.0
4.0,16.0,155.0,427.0,495.0,674.0,4,719.0
4.0,16.0,155.0,296.0,495.0,674.0,4,719.0
4.0,16.0,155.0,296.0,495.0,623.0,4,674.0
4.0,16.0,155.0,296.0,623.0,713.0,4,1039.0
4.0,16.0,155.0,296.0,623.0,713.0,4,1039.0
4.0,16.0,296.0,495.0,553.0,623.0,4,713.0
4.0,16.0,495.0,553.0,623.0,674.0,4,713.0
4.0,16.0,155.0,427.0,495.0,623.0,4,674.0
4.0,16.0,155.0,296.0,427.0,495.0,4,713.0
4.0,16.0,155.0,296.0,495.0,623.0,4,713.0
4.0,16.0,416.0,427.0,553.0,674.0,4,713.0
4.0,0.0,13.0,418.0,493.0,535.0,4,686.0
4.0,0.0,204.0,418.0,465.0,532.0,4,1037.0
4.0,0.0,13.0,418.0,493.0,535.0,4,1037.0
4.0,0.0,13.0,493.0,535.0,589.0,4,1037.0
4.0,0.0,13.0,493.0,535.0,589.0,4,686.0
4.0,0.0,13.0,418.0,493.0,535.0,4,686.0
4.0,0.0,13.0,418.0,493.0,535.0,4,1037.0
4.0,0.0,418.0,493.0,532.0,535.0,4,1037.0
4.0,0.0,204.0,418.0,465.0,532.0,4,1037.0
4.0,0.0,204.0,418.0,465.0,532.0,4,1037.0
4.0,0.0,204.0,418.0,465.0,532.0,4,1037.0
4.0,0.0,204.0,418.0,465.0,532.0,4,1037.0
4.0,32.0,241.0,302.0,426.0,484.0,4,498.0
4.0,32.0,26.0,241.0,426.0,484.0,4,498.0
4.0,32.0,26.0,241.0,302.0,426.0,4,484.0
4.0,32.0,26.0,241.0,302.0,426.0,4,484.0
4.0,32.0,241.0,302.0,426.0,484.0,4,498.0
4.0,32.0,26.0,241.0,302.0,484.0,4,539.0
4.0,14.0,254.0,592.0,609.0,700.0,4,786.0
4.0,14.0,592.0,688.0,700.0,786.0,4,922.0
4.0,14.0,688.0,700.0,786.0,897.0,4,922.0
4.0,14.0,609.0,688.0,786.0,897.0,4,922.0
4.0,14.0,609.0,688.0,897.0,922.0,4,949.0
4.0,14.0,254.0,592.0,609.0,700.0,4,786.0
4.0,14.0,254.0,592.0,609.0,688.0,4,786.0
4.0,14.0,609.0,688.0,786.0,897.0,4,922.0
4.0,14.0,609.0,688.0,897.0,922.0,4,949.0
4.0,14.0,609.0,688.0,897.0,922.0,4,949.0
4.0,29.0,132.0,338.0,769.0,874.0,4,990.0
4.0,29.0,132.0,338.0,456.0,874.0,4,990.0
4.0,29.0,86.0,132.0,242.0,338.0,4,990.0
4.0,29.0,86.0,338.0,456.0,647.0,4,874.0
4.0,29.0,86.0,132.0,769.0,874.0,4,990.0
4.0,29.0,86.0,132.0,242.0,769.0,4,990.0
4.0,29.0,86.0,132.0,338.0,769.0,4,874.0
4.0,29.0,86.0,227.0,338.0,456.0,4,874.0
4.0,29.0,86.0,227.0,338.0,647.0,4,874.0
4.0,29.0,86.0,227.0,338.0,647.0,4,874.0
4.0,29.0,86.0,227.0,338.0,647.0,4,874.0
4.0,29.0,86.0,132.0,338.0,647.0,4,874.0
4.0,29.0,86.0,242.0,338.0,647.0,4,990.0
4.0,14.0,254.0,592.0,609.0,700.0,4,786.0
4.0,14.0,592.0,609.0,700.0,786.0,4,922.0
4.0,14.0,254.0,592.0,609.0,700.0,4,786.0
4.0,14.0,609.0,688.0,786.0,897.0,4,922.0
4.0,14.0,644.0,688.0,786.0,897.0,4,922.0
4.0,14.0,254.0,592.0,609.0,700.0,4,786.0
4.0,14.0,254.0,592.0,609.0,700.0,4,786.0
4.0,14.0,257.0,688.0,786.0,897.0,4,922.0
4.0,14.0,257.0,688.0,786.0,897.0,4,922.0
4.0,14.0,257.0,609.0,688.0,897.0,4,922.0
4.0,14.0,254.0,592.0,609.0,700.0,4,786.0
4.0,14.0,254.0,609.0,700.0,786.0,4,897.0
4.0,14.0,592.0,609.0,786.0,897.0,4,922.0
4.0,14.0,609.0,688.0,897.0,922.0,4,949.0
4.0,14.0,257.0,688.0,897.0,922.0,4,949.0
4.0,14.0,257.0,644.0,688.0,877.0,4,922.0
4.0,14.0,257.0,644.0,688.0,877.0,4,922.0
4.0,14.0,254.0,592.0,609.0,700.0,4,786.0
4.0,14.0,644.0,688.0,897.0,922.0,4,949.0
4.0,14.0,254.0,592.0,644.0,700.0,4,786.0
4.0,14.0,254.0,592.0,609.0,700.0,4,786.0
4.0,14.0,254.0,592.0,688.0,700.0,4,786.0
4.0,14.0,254.0,592.0,688.0,700.0,4,786.0
4.0,14.0,644.0,688.0,786.0,897.0,4,922.0
4.0,14.0,592.0,609.0,688.0,786.0,4,922.0
4.0,17.0,47.0,108.0,290.0,505.0,4,635.0
4.0,17.0,47.0,108.0,290.0,505.0,4,635.0
4.0,17.0,182.0,299.0,328.0,586.0,4,619.0
4.0,17.0,47.0,182.0,299.0,328.0,4,586.0
4.0,17.0,47.0,108.0,290.0,505.0,4,635.0
4.0,17.0,47.0,108.0,290.0,505.0,4,586.0
4.0,17.0,47.0,108.0,290.0,505.0,4,586.0
4.0,17.0,47.0,108.0,182.0,290.0,4,505.0
4.0,17.0,47.0,108.0,299.0,328.0,4,586.0
4.0,17.0,47.0,108.0,290.0,505.0,4,635.0
4.0,9.0,76.0,81.0,85.0,845.0,4,941.0
4.0,9.0,81.0,149.0,452.0,968.0,4,1019.0
4.0,9.0,81.0,149.0,452.0,941.0,4,1019.0
4.0,9.0,149.0,452.0,941.0,968.0,4,1019.0
4.0,9.0,149.0,452.0,941.0,968.0,4,1019.0
4.0,9.0,76.0,81.0,149.0,366.0,4,845.0
4.0,9.0,76.0,81.0,149.0,366.0,4,845.0
4.0,9.0,76.0,81.0,169.0,366.0,4,845.0
4.0,18.0,226.0,579.0,702.0,886.0,4,1015.0
4.0,18.0,64.0,181.0,593.0,622.0,4,642.0
4.0,18.0,181.0,226.0,579.0,886.0,4,1015.0
4.0,18.0,64.0,226.0,702.0,886.0,4,1015.0
4.0,18.0,64.0,181.0,579.0,642.0,4,702.0
4.0,18.0,181.0,226.0,579.0,642.0,4,702.0
4.0,18.0,181.0,226.0,579.0,642.0,4,702.0
4.0,18.0,181.0,226.0,579.0,702.0,4,886.0
4.0,18.0,181.0,226.0,579.0,702.0,4,886.0
4.0,18.0,226.0,579.0,702.0,932.0,4,1013.0
4.0,18.0,64.0,593.0,622.0,932.0,4,1013.0
4.0,14.0,592.0,609.0,688.0,786.0,4,922.0
4.0,14.0,609.0,688.0,786.0,897.0,4,922.0
4.0,14.0,609.0,688.0,786.0,897.0,4,922.0
4.0,14.0,609.0,688.0,786.0,897.0,4,922.0
4.0,14.0,592.0,688.0,786.0,897.0,4,922.0
4.0,14.0,254.0,592.0,609.0,700.0,4,786.0
4.0,14.0,592.0,688.0,786.0,897.0,4,922.0
4.0,33.0,14.0,125.0,301.0,337.0,4,854.0
4.0,33.0,14.0,125.0,301.0,789.0,4,854.0
4.0,33.0,14.0,125.0,301.0,789.0,4,854.0
4.0,33.0,14.0,125.0,255.0,301.0,4,789.0
4.0,33.0,14.0,125.0,255.0,301.0,4,789.0
4.0,33.0,14.0,45.0,255.0,789.0,4,807.0
4.0,33.0,14.0,45.0,255.0,789.0,4,807.0
4.0,33.0,14.0,45.0,125.0,255.0,4,807.0
4.0,33.0,125.0,301.0,607.0,789.0,4,854.0
4.0,33.0,14.0,45.0,125.0,255.0,4,301.0
4.0,33.0,14.0,45.0,255.0,789.0,4,807.0
4.0,14.0,257.0,592.0,609.0,688.0,4,922.0
4.0,14.0,592.0,644.0,688.0,786.0,4,922.0
4.0,14.0,254.0,592.0,609.0,700.0,4,786.0
4.0,14.0,254.0,592.0,609.0,700.0,4,786.0
4.0,14.0,592.0,609.0,688.0,786.0,4,922.0
4.0,14.0,592.0,609.0,786.0,897.0,4,922.0
4.0,14.0,592.0,609.0,786.0,897.0,4,922.0
4.0,15.0,659.0,714.0,860.0,1028.0,4,1036.0
4.0,15.0,377.0,714.0,860.0,1028.0,4,1036.0
4.0,15.0,377.0,714.0,860.0,1028.0,4,1036.0
4.0,15.0,370.0,764.0,860.0,872.0,4,1036.0
4.0,15.0,370.0,659.0,764.0,860.0,4,1028.0
4.0,15.0,659.0,714.0,764.0,1028.0,4,1036.0
4.0,15.0,659.0,714.0,764.0,1028.0,4,1036.0
4.0,15.0,659.0,714.0,860.0,1028.0,4,1036.0
4.0,15.0,370.0,659.0,764.0,860.0,4,960.0
4.0,15.0,377.0,714.0,764.0,872.0,4,1036.0
4.0,15.0,659.0,714.0,764.0,860.0,4,1036.0
4.0,15.0,659.0,714.0,764.0,860.0,4,1036.0
4.0,14.0,254.0,592.0,609.0,700.0,4,786.0
4.0,14.0,254.0,592.0,609.0,700.0,4,786.0
4.0,14.0,254.0,592.0,609.0,700.0,4,786.0
4.0,14.0,257.0,609.0,700.0,897.0,4,922.0
4.0,14.0,644.0,688.0,786.0,897.0,4,922.0
4.0,14.0,609.0,688.0,786.0,897.0,4,922.0
4.0,14.0,592.0,609.0,688.0,786.0,4,922.0
4.0,14.0,254.0,592.0,609.0,700.0,4,786.0
4.0,14.0,257.0,592.0,609.0,700.0,4,922.0
4.0,14.0,254.0,592.0,609.0,700.0,4,786.0
4.0,14.0,254.0,592.0,609.0,700.0,4,786.0
4.0,14.0,257.0,609.0,688.0,897.0,4,922.0
4.0,14.0,257.0,688.0,700.0,897.0,4,922.0
4.0,14.0,257.0,266.0,644.0,877.0,4,897.0
4.0,14.0,254.0,592.0,609.0,700.0,4,786.0
4.0,14.0,609.0,688.0,786.0,897.0,4,922.0
4.0,14.0,254.0,592.0,609.0,786.0,4,897.0
4.0,14.0,254.0,592.0,609.0,700.0,4,786.0
4.0,14.0,254.0,257.0,592.0,609.0,4,700.0
4.0,14.0,254.0,592.0,609.0,700.0,4,786.0
4.0,14.0,688.0,700.0,786.0,897.0,4,922.0
4.0,14.0,592.0,700.0,786.0,897.0,4,922.0
4.0,13.0,16.0,91.0,238.0,319.0,4,320.0
4.0,13.0,80.0,191.0,445.0,817.0,4,866.0
4.0,13.0,91.0,238.0,319.0,320.0,4,866.0
4.0,13.0,191.0,319.0,320.0,445.0,4,866.0
4.0,13.0,191.0,319.0,320.0,445.0,4,866.0
4.0,13.0,16.0,91.0,238.0,319.0,4,320.0
4.0,13.0,16.0,91.0,238.0,319.0,4,320.0
4.0,13.0,16.0,91.0,238.0,319.0,4,320.0
4.0,13.0,91.0,238.0,319.0,320.0,4,866.0
4.0,13.0,91.0,238.0,319.0,320.0,4,866.0
4.0,4.0,134.0,259.0,487.0,646.0,4,853.0
4.0,4.0,259.0,646.0,768.0,853.0,4,936.0
4.0,4.0,259.0,601.0,768.0,853.0,4,936.0
4.0,4.0,134.0,259.0,487.0,601.0,4,853.0
4.0,4.0,134.0,259.0,487.0,601.0,4,646.0
4.0,4.0,134.0,259.0,487.0,601.0,4,646.0
4.0,4.0,134.0,259.0,487.0,646.0,4,853.0
4.0,4.0,259.0,487.0,601.0,853.0,4,936.0
4.0,4.0,134.0,259.0,487.0,601.0,4,646.0
4.0,34.0,15.0,355.0,404.0,589.0,4,1033.0
4.0,34.0,15.0,355.0,383.0,589.0,4,975.0
4.0,34.0,355.0,583.0,589.0,753.0,4,975.0
4.0,34.0,355.0,583.0,589.0,753.0,4,975.0
4.0,34.0,15.0,355.0,404.0,753.0,4,975.0
4.0,34.0,355.0,583.0,589.0,753.0,4,975.0
4.0,34.0,15.0,355.0,404.0,589.0,4,975.0
4.0,34.0,139.0,355.0,383.0,583.0,4,753.0
4.0,34.0,139.0,355.0,383.0,583.0,4,753.0
4.0,34.0,139.0,355.0,383.0,583.0,4,589.0
4.0,34.0,15.0,404.0,589.0,753.0,4,975.0
4.0,12.0,201.0,230.0,431.0,715.0,4,910.0
4.0,12.0,111.0,216.0,230.0,531.0,4,856.0
4.0,12.0,216.0,230.0,715.0,856.0,4,986.0
4.0,12.0,111.0,462.0,715.0,910.0,4,933.0
4.0,12.0,111.0,462.0,715.0,910.0,4,933.0
4.0,12.0,111.0,431.0,462.0,715.0,4,933.0
4.0,12.0,111.0,216.0,431.0,856.0,4,933.0
4.0,12.0,216.0,230.0,431.0,715.0,4,856.0
4.0,12.0,216.0,230.0,715.0,856.0,4,986.0
4.0,12.0,216.0,230.0,715.0,856.0,4,986.0
4.0,26.0,40.0,46.0,315.0,536.0,4,914.0
4.0,26.0,40.0,46.0,315.0,536.0,4,914.0
4.0,26.0,40.0,46.0,315.0,536.0,4,914.0
4.0,26.0,40.0,536.0,634.0,914.0,4,948.0
4.0,26.0,40.0,315.0,488.0,536.0,4,914.0
4.0,26.0,40.0,634.0,914.0,948.0,4,961.0
4.0,26.0,40.0,634.0,914.0,948.0,4,961.0
4.0,26.0,40.0,46.0,315.0,536.0,4,914.0
4.0,26.0,40.0,315.0,536.0,914.0,4,948.0
4.0,26.0,46.0,488.0,634.0,684.0,4,948.0
4.0,32.0,34.0,241.0,302.0,524.0,4,627.0
4.0,32.0,34.0,241.0,498.0,524.0,4,539.0
4.0,32.0,34.0,484.0,498.0,539.0,4,624.0
4.0,32.0,302.0,484.0,539.0,624.0,4,908.0
4.0,32.0,34.0,241.0,524.0,624.0,4,627.0
4.0,32.0,34.0,241.0,498.0,524.0,4,627.0
4.0,32.0,34.0,241.0,498.0,524.0,4,624.0
4.0,32.0,241.0,484.0,498.0,524.0,4,627.0
4.0,32.0,34.0,241.0,524.0,539.0,4,627.0
4.0,14.0,254.0,592.0,609.0,700.0,4,786.0
4.0,14.0,48.0,644.0,688.0,897.0,4,922.0
4.0,14.0,48.0,644.0,688.0,897.0,4,922.0
4.0,14.0,48.0,254.0,592.0,609.0,4,700.0
4.0,14.0,48.0,254.0,592.0,688.0,4,786.0
4.0,14.0,48.0,688.0,786.0,897.0,4,922.0
4.0,14.0,48.0,609.0,688.0,897.0,4,922.0
4.0,14.0,609.0,688.0,786.0,897.0,4,922.0
4.0,14.0,48.0,254.0,592.0,700.0,4,786.0
4.0,14.0,48.0,254.0,592.0,609.0,4,700.0
4.0,14.0,48.0,254.0,592.0,609.0,4,700.0
4.0,14.0,48.0,592.0,609.0,688.0,4,897.0
4.0,14.0,48.0,592.0,609.0,688.0,4,922.0
4.0,14.0,592.0,609.0,688.0,786.0,4,922.0
4.0,14.0,48.0,592.0,609.0,700.0,4,922.0
4.0,14.0,609.0,688.0,786.0,897.0,4,922.0
4.0,14.0,48.0,254.0,592.0,609.0,4,688.0
4.0,14.0,48.0,254.0,592.0,700.0,4,786.0
4.0,14.0,257.0,494.0,644.0,897.0,4,922.0
4.0,14.0,257.0,494.0,644.0,897.0,4,922.0
4.0,14.0,254.0,592.0,609.0,700.0,4,786.0
4.0,14.0,254.0,592.0,609.0,700.0,4,786.0
4.0,14.0,592.0,609.0,688.0,786.0,4,897.0
4.0,14.0,48.0,609.0,688.0,897.0,4,922.0
4.0,14.0,592.0,609.0,688.0,786.0,4,922.0
4.0,14.0,254.0,592.0,644.0,700.0,4,786.0
4.0,14.0,48.0,254.0,592.0,700.0,4,786.0
4.0,14.0,609.0,700.0,786.0,897.0,4,922.0
4.0,14.0,48.0,609.0,688.0,897.0,4,922.0
4.0,14.0,257.0,494.0,644.0,897.0,4,922.0
4.0,14.0,257.0,494.0,609.0,644.0,4,897.0
4.0,14.0,48.0,609.0,688.0,897.0,4,922.0
4.0,14.0,48.0,609.0,688.0,897.0,4,922.0
4.0,14.0,48.0,254.0,592.0,700.0,4,786.0
4.0,14.0,254.0,592.0,609.0,700.0,4,786.0
4.0,14.0,254.0,592.0,609.0,700.0,4,786.0
4.0,14.0,592.0,609.0,786.0,897.0,4,922.0
4.0,14.0,48.0,592.0,609.0,700.0,4,897.0
4.0,14.0,48.0,592.0,609.0,700.0,4,897.0
4.0,14.0,48.0,254.0,592.0,700.0,4,786.0
4.0,14.0,48.0,254.0,592.0,700.0,4,786.0
4.0,14.0,609.0,644.0,786.0,897.0,4,922.0
4.0,14.0,48.0,609.0,644.0,897.0,4,922.0
4.0,14.0,48.0,254.0,592.0,609.0,4,700.0
4.0,14.0,48.0,254.0,592.0,700.0,4,786.0
4.0,14.0,48.0,254.0,592.0,700.0,4,786.0
4.0,14.0,48.0,254.0,592.0,700.0,4,786.0
4.0,14.0,609.0,644.0,786.0,897.0,4,922.0
4.0,14.0,257.0,266.0,494.0,644.0,4,922.0
4.0,14.0,257.0,266.0,494.0,897.0,4,922.0
4.0,14.0,592.0,609.0,786.0,897.0,4,922.0
4.0,14.0,48.0,609.0,644.0,897.0,4,922.0
4.0,14.0,48.0,254.0,592.0,700.0,4,786.0
4.0,14.0,254.0,592.0,609.0,700.0,4,786.0
4.0,14.0,48.0,609.0,644.0,897.0,4,922.0
4.0,14.0,48.0,592.0,609.0,644.0,4,897.0
4.0,14.0,48.0,254.0,592.0,609.0,4,700.0
4.0,13.0,80.0,91.0,238.0,320.0,4,866.0
4.0,13.0,16.0,80.0,91.0,238.0,4,320.0
4.0,13.0,16.0,91.0,238.0,319.0,4,320.0
4.0,13.0,80.0,238.0,320.0,387.0,4,866.0
4.0,13.0,91.0,238.0,319.0,320.0,4,866.0
4.0,13.0,16.0,91.0,238.0,319.0,4,320.0
4.0,13.0,80.0,91.0,238.0,319.0,4,811.0
4.0,13.0,80.0,91.0,319.0,387.0,4,811.0
4.0,13.0,80.0,91.0,320.0,387.0,4,811.0
4.0,7.0,247.0,277.0,451.0,876.0,4,994.0
4.0,7.0,112.0,277.0,451.0,455.0,4,902.0
4.0,7.0,112.0,277.0,396.0,455.0,4,902.0
4.0,7.0,115.0,277.0,396.0,455.0,4,902.0
4.0,7.0,115.0,277.0,451.0,455.0,4,902.0
4.0,7.0,112.0,115.0,277.0,451.0,4,455.0
4.0,7.0,247.0,277.0,451.0,876.0,4,994.0
4.0,7.0,451.0,455.0,876.0,902.0,4,994.0
4.0,7.0,112.0,451.0,455.0,876.0,4,902.0
4.0,7.0,277.0,396.0,455.0,902.0,4,994.0
4.0,7.0,277.0,396.0,455.0,902.0,4,994.0
4.0,14.0,48.0,254.0,592.0,609.0,4,700.0
4.0,14.0,592.0,609.0,786.0,897.0,4,922.0
4.0,14.0,609.0,644.0,786.0,897.0,4,922.0
4.0,14.0,609.0,644.0,786.0,897.0,4,922.0
4.0,14.0,609.0,644.0,786.0,897.0,4,922.0
4.0,14.0,48.0,609.0,644.0,897.0,4,922.0
4.0,14.0,48.0,254.0,592.0,609.0,4,700.0
4.0,14.0,48.0,592.0,700.0,786.0,4,897.0
4.0,14.0,609.0,644.0,786.0,897.0,4,922.0
4.0,14.0,257.0,266.0,494.0,897.0,4,922.0
4.0,14.0,48.0,254.0,592.0,609.0,4,700.0
4.0,14.0,592.0,609.0,786.0,897.0,4,922.0
4.0,14.0,48.0,254.0,592.0,700.0,4,786.0
4.0,14.0,592.0,609.0,700.0,786.0,4,922.0
4.0,14.0,48.0,609.0,644.0,897.0,4,922.0
4.0,14.0,48.0,592.0,609.0,897.0,4,922.0
4.0,14.0,48.0,592.0,609.0,897.0,4,922.0
4.0,14.0,592.0,609.0,786.0,897.0,4,922.0
4.0,14.0,592.0,609.0,786.0,897.0,4,922.0
4.0,14.0,592.0,609.0,644.0,786.0,4,922.0
4.0,14.0,48.0,254.0,592.0,700.0,4,786.0
4.0,14.0,48.0,254.0,592.0,700.0,4,786.0
4.0,14.0,48.0,254.0,592.0,700.0,4,786.0
4.0,14.0,48.0,592.0,786.0,897.0,4,922.0
4.0,15.0,659.0,714.0,860.0,872.0,4,1036.0
4.0,15.0,659.0,714.0,860.0,872.0,4,1036.0
4.0,15.0,659.0,714.0,860.0,960.0,4,1036.0
4.0,15.0,659.0,714.0,860.0,960.0,4,1036.0
4.0,15.0,229.0,714.0,860.0,960.0,4,1036.0
4.0,15.0,370.0,659.0,860.0,872.0,4,1036.0
4.0,15.0,659.0,714.0,860.0,872.0,4,1036.0
4.0,1.0,356.0,577.0,790.0,808.0,4,820.0
4.0,1.0,356.0,570.0,808.0,820.0,4,1008.0
4.0,1.0,356.0,570.0,740.0,790.0,4,1008.0
4.0,1.0,356.0,570.0,740.0,790.0,4,1008.0
4.0,1.0,356.0,570.0,740.0,790.0,4,1008.0
4.0,1.0,356.0,577.0,808.0,820.0,4,1008.0
4.0,1.0,356.0,577.0,790.0,808.0,4,1008.0
4.0,1.0,570.0,577.0,790.0,808.0,4,820.0
4.0,25.0,106.0,294.0,380.0,421.0,4,453.0
4.0,25.0,106.0,294.0,355.0,380.0,4,398.0
4.0,25.0,294.0,300.0,398.0,421.0,4,453.0
4.0,25.0,294.0,380.0,421.0,453.0,4,864.0
4.0,25.0,106.0,294.0,355.0,380.0,4,453.0
4.0,25.0,106.0,294.0,355.0,380.0,4,398.0
4.0,25.0,106.0,294.0,355.0,380.0,4,398.0
4.0,25.0,106.0,294.0,355.0,398.0,4,453.0
4.0,6.0,55.0,61.0,171.0,397.0,4,730.0
4.0,6.0,55.0,171.0,213.0,809.0,4,867.0
4.0,6.0,55.0,213.0,420.0,809.0,4,867.0
4.0,6.0,55.0,213.0,420.0,809.0,4,867.0
4.0,6.0,55.0,61.0,171.0,397.0,4,809.0
4.0,6.0,55.0,61.0,171.0,397.0,4,809.0
4.0,14.0,48.0,254.0,592.0,700.0,4,786.0
4.0,14.0,609.0,700.0,786.0,897.0,4,922.0
4.0,14.0,48.0,254.0,592.0,609.0,4,700.0
4.0,14.0,48.0,592.0,609.0,897.0,4,922.0
4.0,14.0,257.0,266.0,644.0,897.0,4,922.0
4.0,28.0,41.0,497.0,608.0,754.0,4,1016.0
4.0,28.0,41.0,497.0,608.0,754.0,4,859.0
4.0,28.0,41.0,608.0,754.0,859.0,4,1016.0
4.0,28.0,41.0,497.0,608.0,754.0,4,859.0
4.0,28.0,110.0,218.0,608.0,859.0,4,1016.0
4.0,28.0,110.0,218.0,497.0,754.0,4,859.0
4.0,28.0,110.0,218.0,608.0,754.0,4,859.0
4.0,14.0,48.0,609.0,644.0,897.0,4,922.0
4.0,14.0,48.0,592.0,609.0,897.0,4,922.0
4.0,14.0,48.0,254.0,592.0,700.0,4,786.0
4.0,14.0,48.0,254.0,592.0,700.0,4,786.0
4.0,14.0,254.0,609.0,644.0,786.0,4,897.0
4.0,14.0,48.0,254.0,592.0,700.0,4,786.0
4.0,14.0,48.0,254.0,592.0,786.0,4,897.0
4.0,14.0,592.0,609.0,786.0,897.0,4,922.0
4.0,14.0,592.0,609.0,786.0,897.0,4,922.0
4.0,14.0,48.0,266.0,644.0,897.0,4,922.0
4.0,18.0,226.0,579.0,642.0,702.0,4,1015.0
4.0,18.0,579.0,642.0,702.0,758.0,4,1015.0
4.0,18.0,579.0,642.0,702.0,758.0,4,1015.0
4.0,18.0,62.0,64.0,514.0,622.0,4,1013.0
4.0,18.0,64.0,226.0,514.0,702.0,4,1013.0
4.0,18.0,226.0,579.0,642.0,702.0,4,1015.0
4.0,18.0,579.0,642.0,702.0,758.0,4,1015.0
4.0,18.0,226.0,514.0,579.0,702.0,4,1015.0
4.0,18.0,226.0,579.0,642.0,702.0,4,1015.0
4.0,14.0,48.0,592.0,700.0,786.0,4,922.0
4.0,14.0,48.0,592.0,609.0,700.0,4,922.0
4.0,14.0,609.0,644.0,786.0,897.0,4,922.0
4.0,14.0,609.0,644.0,786.0,897.0,4,922.0
4.0,0.0,13.0,493.0,535.0,589.0,4,686.0
4.0,0.0,13.0,204.0,418.0,493.0,4,1037.0
4.0,0.0,13.0,493.0,535.0,589.0,4,686.0
4.0,0.0,13.0,204.0,535.0,589.0,4,686.0
4.0,0.0,204.0,418.0,493.0,589.0,4,1037.0
4.0,0.0,13.0,418.0,493.0,589.0,4,1037.0
4.0,0.0,13.0,493.0,535.0,589.0,4,1037.0
4.0,7.0,277.0,451.0,846.0,902.0,4,994.0
4.0,7.0,112.0,115.0,451.0,455.0,4,902.0
4.0,7.0,112.0,181.0,277.0,396.0,4,455.0
4.0,7.0,277.0,396.0,455.0,902.0,4,994.0
4.0,7.0,277.0,396.0,455.0,902.0,4,994.0
4.0,7.0,277.0,451.0,846.0,902.0,4,994.0
4.0,7.0,277.0,451.0,455.0,902.0,4,994.0
4.0,7.0,115.0,396.0,451.0,902.0,4,994.0
4.0,7.0,277.0,451.0,455.0,902.0,4,994.0
4.0,14.0,48.0,254.0,592.0,609.0,4,700.0
4.0,14.0,609.0,688.0,786.0,897.0,4,922.0
4.0,14.0,254.0,592.0,609.0,700.0,4,786.0
4.0,14.0,254.0,592.0,609.0,700.0,4,786.0
4.0,14.0,254.0,592.0,609.0,700.0,4,786.0
4.0,14.0,609.0,688.0,786.0,897.0,4,922.0
4.0,14.0,48.0,609.0,688.0,897.0,4,922.0
4.0,14.0,254.0,609.0,700.0,786.0,4,897.0
4.0,14.0,48.0,254.0,592.0,700.0,4,786.0
4.0,14.0,48.0,609.0,700.0,897.0,4,922.0
4.0,14.0,48.0,592.0,688.0,786.0,4,922.0
4.0,14.0,48.0,254.0,592.0,609.0,4,700.0
4.0,14.0,592.0,609.0,688.0,786.0,4,922.0
4.0,14.0,254.0,592.0,609.0,700.0,4,786.0
4.0,14.0,254.0,592.0,609.0,700.0,4,786.0
4.0,14.0,254.0,592.0,609.0,700.0,4,786.0
4.0,14.0,609.0,688.0,786.0,897.0,4,922.0
4.0,14.0,609.0,688.0,786.0,897.0,4,922.0
4.0,14.0,688.0,700.0,786.0,897.0,4,922.0
4.0,14.0,254.0,592.0,609.0,700.0,4,786.0
4.0,14.0,254.0,592.0,609.0,700.0,4,786.0
4.0,14.0,254.0,592.0,609.0,700.0,4,786.0
4.0,14.0,48.0,254.0,592.0,700.0,4,786.0
4.0,14.0,254.0,592.0,609.0,700.0,4,786.0
4.0,14.0,48.0,592.0,700.0,786.0,4,922.0
4.0,14.0,254.0,592.0,609.0,786.0,4,897.0
4.0,14.0,48.0,254.0,592.0,700.0,4,786.0
4.0,14.0,48.0,254.0,592.0,700.0,4,786.0
4.0,14.0,592.0,609.0,700.0,786.0,4,922.0
4.0,14.0,254.0,592.0,609.0,700.0,4,786.0
4.0,14.0,48.0,254.0,592.0,700.0,4,786.0
4.0,14.0,254.0,592.0,609.0,700.0,4,786.0
4.0,14.0,254.0,592.0,609.0,700.0,4,786.0
4.0,14.0,48.0,644.0,688.0,897.0,4,922.0
4.0,14.0,254.0,592.0,609.0,700.0,4,786.0
4.0,14.0,48.0,592.0,609.0,700.0,4,922.0
4.0,14.0,254.0,592.0,609.0,700.0,4,786.0
4.0,14.0,254.0,592.0,609.0,700.0,4,786.0
4.0,14.0,48.0,592.0,609.0,700.0,4,922.0
4.0,14.0,48.0,609.0,688.0,897.0,4,922.0
4.0,14.0,48.0,592.0,609.0,700.0,4,897.0
4.0,14.0,254.0,609.0,644.0,786.0,4,897.0
4.0,33.0,14.0,125.0,301.0,607.0,4,789.0
4.0,33.0,258.0,361.0,605.0,607.0,4,789.0
4.0,33.0,14.0,125.0,258.0,301.0,4,361.0
4.0,33.0,14.0,125.0,301.0,361.0,4,789.0
4.0,14.0,48.0,254.0,592.0,700.0,4,786.0
4.0,14.0,48.0,609.0,688.0,897.0,4,922.0
4.0,14.0,48.0,254.0,592.0,700.0,4,786.0
4.0,14.0,48.0,609.0,644.0,897.0,4,922.0
4.0,14.0,48.0,592.0,786.0,897.0,4,922.0
4.0,14.0,254.0,592.0,609.0,700.0,4,786.0
4.0,28.0,41.0,353.0,608.0,754.0,4,1016.0
4.0,28.0,110.0,353.0,608.0,785.0,4,859.0
4.0,28.0,110.0,353.0,608.0,859.0,4,1016.0
4.0,28.0,41.0,353.0,608.0,859.0,4,1016.0
4.0,28.0,41.0,353.0,608.0,859.0,4,1016.0
4.0,28.0,41.0,353.0,608.0,754.0,4,1016.0
4.0,28.0,41.0,110.0,353.0,608.0,4,1016.0
4.0,28.0,41.0,110.0,353.0,608.0,4,1016.0
4.0,28.0,41.0,110.0,353.0,608.0,4,1016.0
4.0,28.0,41.0,110.0,160.0,353.0,4,859.0
4.0,28.0,41.0,110.0,353.0,608.0,4,1016.0
4.0,29.0,338.0,456.0,670.0,874.0,4,990.0
4.0,29.0,86.0,338.0,456.0,670.0,4,874.0
4.0,29.0,86.0,242.0,283.0,338.0,4,670.0
4.0,29.0,86.0,283.0,670.0,874.0,4,990.0
4.0,29.0,86.0,456.0,670.0,874.0,4,990.0
4.0,29.0,86.0,456.0,670.0,874.0,4,990.0
4.0,29.0,242.0,338.0,456.0,670.0,4,990.0
4.0,29.0,86.0,338.0,456.0,670.0,4,874.0
4.0,29.0,86.0,283.0,456.0,874.0,4,990.0
4.0,29.0,86.0,456.0,670.0,874.0,4,990.0
4.0,29.0,86.0,456.0,670.0,874.0,4,990.0
4.0,18.0,226.0,579.0,642.0,702.0,4,1013.0
4.0,18.0,64.0,181.0,593.0,886.0,4,1015.0
4.0,18.0,64.0,181.0,579.0,702.0,4,886.0
4.0,18.0,64.0,226.0,642.0,702.0,4,1015.0
4.0,18.0,64.0,226.0,642.0,1013.0,4,1015.0
4.0,18.0,64.0,226.0,642.0,1013.0,4,1015.0
4.0,18.0,64.0,181.0,758.0,886.0,4,1015.0
4.0,18.0,181.0,579.0,702.0,758.0,4,886.0
4.0,18.0,181.0,579.0,702.0,758.0,4,886.0
4.0,18.0,64.0,226.0,642.0,702.0,4,1013.0
4.0,18.0,64.0,642.0,702.0,758.0,4,1013.0
4.0,18.0,64.0,226.0,642.0,702.0,4,1013.0
4.0,18.0,64.0,226.0,702.0,886.0,4,1015.0
4.0,18.0,181.0,579.0,758.0,886.0,4,1015.0
4.0,18.0,181.0,226.0,579.0,886.0,4,1015.0
4.0,18.0,64.0,181.0,226.0,642.0,4,1013.0
4.0,18.0,64.0,593.0,642.0,702.0,4,1013.0
4.0,18.0,64.0,579.0,642.0,702.0,4,1015.0
4.0,18.0,64.0,579.0,642.0,702.0,4,1015.0
4.0,18.0,226.0,579.0,642.0,702.0,4,1013.0
4.0,18.0,579.0,642.0,702.0,758.0,4,1013.0
4.0,18.0,64.0,642.0,702.0,758.0,4,1013.0
4.0,18.0,64.0,593.0,642.0,702.0,4,1015.0
4.0,18.0,181.0,226.0,579.0,642.0,4,1015.0
4.0,15.0,229.0,659.0,714.0,764.0,4,860.0
4.0,15.0,377.0,714.0,764.0,860.0,4,872.0
4.0,15.0,6.0,229.0,377.0,872.0,4,960.0
4.0,15.0,229.0,714.0,764.0,860.0,4,960.0
4.0,15.0,229.0,714.0,764.0,860.0,4,960.0
4.0,15.0,375.0,714.0,764.0,860.0,4,960.0
4.0,15.0,229.0,659.0,714.0,764.0,4,860.0
4.0,15.0,6.0,659.0,860.0,872.0,4,960.0
4.0,15.0,229.0,659.0,714.0,764.0,4,860.0
4.0,15.0,659.0,714.0,764.0,860.0,4,960.0
4.0,25.0,421.0,662.0,814.0,864.0,4,1005.0
4.0,25.0,421.0,662.0,814.0,864.0,4,1005.0
4.0,25.0,106.0,158.0,662.0,798.0,4,1005.0
4.0,25.0,106.0,158.0,294.0,398.0,4,798.0
4.0,25.0,106.0,158.0,294.0,398.0,4,798.0
4.0,25.0,294.0,398.0,421.0,814.0,4,864.0
4.0,25.0,421.0,662.0,814.0,864.0,4,1005.0
4.0,25.0,294.0,421.0,814.0,864.0,4,1005.0
4.0,25.0,106.0,294.0,421.0,814.0,4,1005.0
4.0,25.0,106.0,294.0,421.0,814.0,4,1005.0
4.0,25.0,106.0,294.0,421.0,814.0,4,1005.0
4.0,25.0,106.0,158.0,294.0,798.0,4,1005.0
4.0,25.0,106.0,398.0,457.0,662.0,4,798.0
4.0,18.0,226.0,579.0,642.0,702.0,4,1015.0
4.0,18.0,226.0,579.0,642.0,702.0,4,1015.0
4.0,18.0,64.0,226.0,642.0,702.0,4,1015.0
4.0,18.0,64.0,702.0,758.0,886.0,4,1015.0
4.0,18.0,181.0,579.0,702.0,886.0,4,1015.0
4.0,18.0,181.0,579.0,702.0,886.0,4,1015.0
4.0,29.0,132.0,242.0,283.0,338.0,4,990.0
4.0,29.0,86.0,227.0,242.0,338.0,4,456.0
4.0,29.0,86.0,227.0,242.0,338.0,4,769.0
4.0,29.0,86.0,132.0,769.0,874.0,4,990.0
4.0,29.0,86.0,227.0,769.0,874.0,4,990.0
4.0,29.0,242.0,338.0,456.0,769.0,4,990.0
4.0,29.0,86.0,132.0,338.0,769.0,4,874.0
4.0,29.0,86.0,227.0,338.0,769.0,4,874.0
4.0,0.0,13.0,418.0,493.0,535.0,4,695.0
4.0,0.0,13.0,418.0,465.0,535.0,4,695.0
4.0,0.0,13.0,418.0,465.0,535.0,4,695.0
4.0,0.0,418.0,465.0,532.0,695.0,4,1037.0
4.0,0.0,418.0,465.0,532.0,695.0,4,1037.0
4.0,0.0,13.0,493.0,535.0,686.0,4,713.0
4.0,0.0,13.0,418.0,493.0,535.0,4,686.0
4.0,0.0,13.0,493.0,535.0,686.0,4,713.0
4.0,0.0,13.0,493.0,535.0,686.0,4,713.0
4.0,0.0,418.0,465.0,532.0,686.0,4,1037.0
4.0,0.0,13.0,418.0,493.0,535.0,4,713.0
4.0,18.0,181.0,226.0,579.0,642.0,4,702.0
4.0,18.0,64.0,226.0,702.0,886.0,4,1015.0
4.0,18.0,64.0,226.0,702.0,886.0,4,1015.0
4.0,18.0,226.0,579.0,702.0,886.0,4,1013.0
4.0,18.0,64.0,181.0,226.0,642.0,4,702.0
4.0,18.0,64.0,181.0,593.0,642.0,4,702.0
4.0,18.0,64.0,181.0,579.0,642.0,4,1015.0
4.0,7.0,137.0,247.0,277.0,451.0,4,994.0
4.0,7.0,112.0,115.0,451.0,455.0,4,902.0
4.0,7.0,112.0,115.0,451.0,455.0,4,902.0
4.0,7.0,112.0,277.0,396.0,455.0,4,902.0
4.0,7.0,112.0,277.0,396.0,455.0,4,902.0
4.0,7.0,112.0,137.0,396.0,451.0,4,902.0
4.0,7.0,137.0,247.0,277.0,451.0,4,994.0
4.0,7.0,137.0,277.0,451.0,455.0,4,994.0
4.0,7.0,277.0,451.0,455.0,902.0,4,994.0
4.0,7.0,115.0,451.0,455.0,902.0,4,994.0
4.0,18.0,181.0,226.0,579.0,642.0,4,1015.0
4.0,18.0,181.0,226.0,579.0,886.0,4,1015.0
4.0,18.0,579.0,758.0,886.0,1013.0,4,1015.0
4.0,18.0,579.0,593.0,886.0,1013.0,4,1015.0
4.0,18.0,181.0,226.0,886.0,1013.0,4,1015.0
4.0,18.0,181.0,226.0,886.0,1013.0,4,1015.0
4.0,18.0,181.0,226.0,579.0,886.0,4,1013.0
4.0,18.0,226.0,579.0,642.0,1013.0,4,1015.0
4.0,18.0,181.0,226.0,579.0,642.0,4,1015.0
4.0,18.0,181.0,226.0,579.0,642.0,4,1015.0
4.0,18.0,181.0,226.0,579.0,642.0,4,1015.0
4.0,18.0,226.0,579.0,642.0,1013.0,4,1015.0
4.0,18.0,226.0,579.0,642.0,1013.0,4,1015.0
4.0,18.0,181.0,622.0,758.0,886.0,4,1013.0
4.0,18.0,181.0,622.0,758.0,886.0,4,1013.0
4.0,18.0,181.0,622.0,758.0,886.0,4,1013.0
4.0,18.0,593.0,622.0,886.0,932.0,4,1013.0
4.0,18.0,181.0,226.0,642.0,702.0,4,1015.0
4.0,18.0,181.0,226.0,642.0,702.0,4,1015.0
4.0,18.0,181.0,579.0,758.0,886.0,4,1013.0
4.0,18.0,181.0,226.0,579.0,886.0,4,1013.0
4.0,18.0,181.0,226.0,579.0,642.0,4,702.0
4.0,18.0,226.0,579.0,642.0,702.0,4,1015.0
4.0,18.0,181.0,642.0,702.0,758.0,4,1015.0
4.0,18.0,181.0,622.0,642.0,758.0,4,1013.0
4.0,18.0,181.0,226.0,579.0,886.0,4,1013.0
4.0,18.0,181.0,226.0,579.0,642.0,4,702.0
4.0,18.0,181.0,226.0,579.0,642.0,4,1015.0
4.0,18.0,181.0,226.0,579.0,642.0,4,1015.0
4.0,4.0,134.0,259.0,487.0,561.0,4,646.0
4.0,4.0,126.0,601.0,768.0,853.0,4,936.0
4.0,4.0,134.0,259.0,487.0,561.0,4,646.0
4.0,4.0,134.0,259.0,487.0,646.0,4,853.0
4.0,4.0,126.0,601.0,768.0,853.0,4,936.0
4.0,4.0,126.0,601.0,768.0,853.0,4,936.0
4.0,4.0,126.0,426.0,598.0,601.0,4,936.0
4.0,28.0,41.0,608.0,665.0,754.0,4,1016.0
4.0,28.0,41.0,218.0,608.0,754.0,4,1016.0
4.0,28.0,218.0,608.0,785.0,859.0,4,1016.0
4.0,28.0,218.0,497.0,785.0,859.0,4,1016.0
4.0,28.0,218.0,665.0,754.0,785.0,4,859.0
4.0,28.0,41.0,608.0,665.0,754.0,4,859.0
4.0,28.0,41.0,608.0,665.0,859.0,4,1016.0
4.0,28.0,41.0,218.0,608.0,859.0,4,1016.0
4.0,28.0,41.0,608.0,859.0,882.0,4,1016.0
4.0,28.0,497.0,785.0,859.0,882.0,4,1016.0
4.0,28.0,71.0,218.0,785.0,859.0,4,882.0
4.0,28.0,497.0,608.0,785.0,859.0,4,1016.0
4.0,13.0,80.0,91.0,238.0,320.0,4,866.0
4.0,13.0,91.0,238.0,319.0,320.0,4,866.0
4.0,13.0,16.0,91.0,238.0,319.0,4,320.0
4.0,13.0,16.0,238.0,319.0,320.0,4,817.0
4.0,13.0,16.0,80.0,91.0,320.0,4,817.0
4.0,13.0,80.0,91.0,320.0,817.0,4,866.0
4.0,13.0,80.0,320.0,445.0,817.0,4,866.0
4.0,13.0,80.0,91.0,238.0,320.0,4,866.0
4.0,13.0,80.0,320.0,445.0,817.0,4,866.0
4.0,13.0,80.0,91.0,320.0,817.0,4,866.0
4.0,13.0,80.0,91.0,320.0,817.0,4,866.0
4.0,18.0,226.0,579.0,642.0,702.0,4,1015.0
4.0,18.0,181.0,514.0,593.0,702.0,4,1015.0
4.0,18.0,181.0,514.0,593.0,702.0,4,1015.0
4.0,18.0,181.0,514.0,579.0,702.0,4,1015.0
4.0,18.0,226.0,579.0,642.0,685.0,4,1015.0
4.0,18.0,226.0,579.0,642.0,685.0,4,1015.0
4.0,18.0,579.0,642.0,685.0,702.0,4,1015.0
4.0,18.0,579.0,642.0,685.0,702.0,4,1015.0
4.0,18.0,579.0,593.0,642.0,685.0,4,1015.0
4.0,18.0,181.0,226.0,514.0,579.0,4,685.0
4.0,18.0,579.0,642.0,685.0,702.0,4,1015.0
4.0,6.0,35.0,55.0,61.0,420.0,4,730.0
4.0,6.0,35.0,55.0,61.0,420.0,4,730.0
4.0,6.0,35.0,55.0,459.0,730.0,4,809.0
4.0,6.0,35.0,55.0,61.0,459.0,4,809.0
4.0,6.0,35.0,55.0,61.0,420.0,4,730.0
4.0,6.0,35.0,55.0,61.0,420.0,4,730.0
4.0,6.0,35.0,55.0,61.0,459.0,4,809.0
4.0,6.0,55.0,61.0,397.0,459.0,4,809.0
4.0,6.0,35.0,397.0,459.0,730.0,4,809.0
4.0,18.0,181.0,514.0,579.0,685.0,4,702.0
4.0,18.0,181.0,579.0,642.0,685.0,4,702.0
4.0,18.0,579.0,642.0,702.0,758.0,4,1015.0
4.0,18.0,226.0,579.0,642.0,702.0,4,1015.0
4.0,18.0,226.0,579.0,642.0,702.0,4,1015.0
4.0,18.0,226.0,579.0,642.0,702.0,4,1015.0
4.0,18.0,579.0,642.0,685.0,758.0,4,1015.0
4.0,18.0,181.0,514.0,685.0,702.0,4,758.0
4.0,18.0,181.0,514.0,579.0,685.0,4,702.0
4.0,18.0,514.0,579.0,685.0,702.0,4,1015.0
4.0,18.0,514.0,579.0,685.0,702.0,4,1015.0
4.0,18.0,181.0,579.0,642.0,702.0,4,758.0
4.0,18.0,181.0,579.0,642.0,685.0,4,758.0
4.0,18.0,181.0,579.0,685.0,758.0,4,886.0
4.0,18.0,181.0,226.0,579.0,642.0,4,702.0
4.0,18.0,181.0,579.0,593.0,642.0,4,702.0
4.0,18.0,226.0,579.0,642.0,702.0,4,1015.0
4.0,18.0,181.0,579.0,685.0,758.0,4,886.0
4.0,18.0,181.0,226.0,579.0,642.0,4,685.0
4.0,18.0,181.0,226.0,579.0,642.0,4,685.0
4.0,18.0,181.0,579.0,642.0,685.0,4,758.0
4.0,1.0,356.0,740.0,790.0,898.0,4,1008.0
4.0,1.0,356.0,790.0,808.0,820.0,4,898.0
4.0,1.0,477.0,640.0,790.0,808.0,4,820.0
4.0,1.0,477.0,640.0,790.0,808.0,4,1008.0
4.0,1.0,477.0,640.0,682.0,740.0,4,820.0
4.0,1.0,640.0,790.0,808.0,820.0,4,898.0
4.0,1.0,356.0,790.0,808.0,820.0,4,898.0
4.0,18.0,226.0,579.0,642.0,702.0,4,1015.0
4.0,18.0,226.0,579.0,642.0,702.0,4,1015.0
4.0,18.0,226.0,579.0,642.0,702.0,4,1015.0
4.0,18.0,579.0,593.0,642.0,702.0,4,1015.0
4.0,18.0,579.0,593.0,642.0,702.0,4,1015.0
4.0,18.0,181.0,579.0,593.0,642.0,4,685.0
4.0,18.0,181.0,514.0,593.0,685.0,4,702.0
4.0,18.0,64.0,181.0,514.0,593.0,4,685.0
4.0,18.0,181.0,514.0,579.0,685.0,4,702.0
4.0,18.0,64.0,579.0,642.0,702.0,4,1015.0
4.0,18.0,181.0,579.0,593.0,642.0,4,702.0
4.0,18.0,181.0,579.0,593.0,642.0,4,685.0
4.0,18.0,64.0,226.0,514.0,685.0,4,1015.0
4.0,18.0,64.0,181.0,226.0,642.0,4,685.0
4.0,18.0,64.0,181.0,579.0,642.0,4,702.0
4.0,18.0,181.0,226.0,579.0,642.0,4,1015.0
4.0,18.0,181.0,226.0,579.0,642.0,4,1015.0
4.0,18.0,181.0,226.0,579.0,642.0,4,1015.0
4.0,18.0,181.0,226.0,579.0,642.0,4,685.0
4.0,18.0,579.0,642.0,685.0,758.0,4,1013.0
4.0,18.0,181.0,226.0,579.0,642.0,4,685.0
4.0,18.0,181.0,226.0,579.0,642.0,4,1013.0
4.0,18.0,181.0,226.0,514.0,579.0,4,1013.0
4.0,18.0,181.0,226.0,579.0,642.0,4,1015.0
4.0,18.0,181.0,226.0,579.0,642.0,4,1013.0
4.0,18.0,181.0,226.0,579.0,642.0,4,1013.0
4.0,18.0,181.0,226.0,579.0,642.0,4,1015.0
4.0,18.0,579.0,642.0,758.0,1013.0,4,1015.0
4.0,18.0,181.0,226.0,579.0,642.0,4,1015.0
4.0,18.0,181.0,226.0,579.0,642.0,4,1015.0
4.0,18.0,226.0,514.0,579.0,685.0,4,1013.0
4.0,18.0,64.0,181.0,579.0,642.0,4,1013.0
4.0,28.0,41.0,218.0,608.0,754.0,4,859.0
4.0,28.0,41.0,608.0,754.0,859.0,4,1016.0
4.0,28.0,41.0,218.0,608.0,859.0,4,1016.0
4.0,28.0,41.0,218.0,608.0,754.0,4,1016.0
4.0,28.0,41.0,218.0,608.0,754.0,4,1016.0
4.0,28.0,41.0,497.0,608.0,754.0,4,859.0
4.0,28.0,41.0,497.0,608.0,754.0,4,859.0
4.0,28.0,497.0,608.0,754.0,785.0,4,859.0
4.0,28.0,218.0,608.0,785.0,859.0,4,1016.0
4.0,28.0,41.0,218.0,608.0,859.0,4,1016.0
4.0,28.0,41.0,497.0,608.0,754.0,4,1016.0
4.0,13.0,80.0,91.0,238.0,320.0,4,866.0
4.0,13.0,91.0,238.0,319.0,811.0,4,866.0
4.0,13.0,16.0,319.0,387.0,811.0,4,866.0
4.0,13.0,16.0,319.0,387.0,811.0,4,866.0
4.0,13.0,80.0,91.0,238.0,320.0,4,866.0
4.0,13.0,16.0,91.0,238.0,319.0,4,320.0
4.0,13.0,16.0,319.0,320.0,387.0,4,866.0
4.0,13.0,80.0,91.0,238.0,320.0,4,811.0
4.0,13.0,80.0,91.0,238.0,320.0,4,811.0
4.0,13.0,16.0,80.0,320.0,387.0,4,811.0
4.0,33.0,14.0,45.0,301.0,789.0,4,807.0
4.0,33.0,14.0,45.0,301.0,789.0,4,807.0
4.0,33.0,14.0,45.0,301.0,789.0,4,807.0
4.0,33.0,14.0,45.0,301.0,789.0,4,807.0
4.0,33.0,45.0,301.0,337.0,789.0,4,807.0
4.0,33.0,125.0,301.0,337.0,789.0,4,807.0
4.0,33.0,125.0,337.0,361.0,470.0,4,854.0
4.0,33.0,14.0,45.0,125.0,301.0,4,789.0
4.0,18.0,181.0,226.0,579.0,642.0,4,702.0
4.0,18.0,64.0,514.0,685.0,758.0,4,1015.0
4.0,18.0,64.0,514.0,685.0,758.0,4,1015.0
4.0,18.0,64.0,514.0,685.0,758.0,4,1015.0
4.0,18.0,226.0,514.0,579.0,685.0,4,1015.0
4.0,18.0,226.0,514.0,579.0,702.0,4,1015.0
4.0,18.0,226.0,514.0,579.0,702.0,4,1015.0
4.0,18.0,181.0,226.0,579.0,642.0,4,702.0
4.0,18.0,226.0,514.0,579.0,685.0,4,1015.0
4.0,18.0,64.0,514.0,685.0,758.0,4,1015.0
4.0,18.0,64.0,514.0,685.0,758.0,4,1015.0
4.0,18.0,64.0,514.0,685.0,758.0,4,1013.0
4.0,18.0,181.0,226.0,514.0,579.0,4,702.0
4.0,18.0,181.0,226.0,579.0,685.0,4,886.0
4.0,18.0,64.0,514.0,579.0,702.0,4,1013.0
4.0,18.0,64.0,514.0,579.0,685.0,4,1013.0
4.0,18.0,64.0,514.0,579.0,702.0,4,1013.0
4.0,32.0,34.0,44.0,241.0,524.0,4,911.0
4.0,32.0,44.0,302.0,524.0,539.0,4,977.0
4.0,32.0,44.0,302.0,524.0,539.0,4,977.0
4.0,32.0,34.0,44.0,241.0,524.0,4,911.0
4.0,32.0,34.0,44.0,241.0,524.0,4,911.0
4.0,32.0,34.0,241.0,302.0,539.0,4,977.0
4.0,32.0,34.0,44.0,524.0,539.0,4,977.0
4.0,32.0,34.0,44.0,241.0,524.0,4,911.0
4.0,32.0,34.0,44.0,241.0,524.0,4,911.0
4.0,12.0,216.0,230.0,531.0,715.0,4,856.0
4.0,12.0,216.0,230.0,531.0,715.0,4,856.0
4.0,12.0,201.0,230.0,462.0,788.0,4,986.0
4.0,12.0,0.0,462.0,715.0,788.0,4,986.0
4.0,12.0,216.0,230.0,531.0,715.0,4,856.0
4.0,12.0,216.0,230.0,531.0,788.0,4,856.0
4.0,12.0,216.0,230.0,788.0,856.0,4,986.0
4.0,12.0,201.0,230.0,462.0,788.0,4,986.0
4.0,12.0,0.0,201.0,462.0,788.0,4,986.0
4.0,12.0,0.0,201.0,462.0,715.0,4,986.0
4.0,12.0,0.0,201.0,531.0,715.0,4,856.0
4.0,12.0,201.0,216.0,230.0,531.0,4,856.0
4.0,18.0,181.0,514.0,579.0,758.0,4,1015.0
4.0,18.0,181.0,514.0,579.0,758.0,4,1015.0
4.0,18.0,64.0,593.0,622.0,642.0,4,1013.0
4.0,18.0,64.0,181.0,622.0,642.0,4,758.0
4.0,18.0,64.0,181.0,642.0,758.0,4,1013.0
4.0,18.0,64.0,181.0,514.0,579.0,4,1015.0
4.0,18.0,64.0,181.0,514.0,579.0,4,1015.0
4.0,18.0,64.0,622.0,642.0,758.0,4,1013.0
4.0,18.0,64.0,514.0,758.0,1013.0,4,1015.0
4.0,18.0,64.0,642.0,685.0,758.0,4,1013.0
4.0,18.0,64.0,226.0,642.0,685.0,4,1013.0
4.0,18.0,226.0,579.0,642.0,685.0,4,1013.0
4.0,18.0,579.0,593.0,642.0,685.0,4,1013.0
4.0,18.0,579.0,593.0,642.0,685.0,4,1013.0
4.0,18.0,181.0,226.0,514.0,579.0,4,1013.0
4.0,18.0,226.0,514.0,579.0,685.0,4,1013.0
4.0,18.0,64.0,642.0,685.0,758.0,4,1013.0
4.0,18.0,579.0,642.0,685.0,758.0,4,1013.0
4.0,18.0,226.0,579.0,642.0,685.0,4,1013.0
4.0,18.0,226.0,579.0,642.0,685.0,4,1013.0
4.0,18.0,226.0,579.0,642.0,685.0,4,1013.0
4.0,18.0,226.0,579.0,685.0,886.0,4,1013.0
4.0,18.0,64.0,181.0,226.0,642.0,4,685.0
4.0,18.0,64.0,758.0,886.0,1013.0,4,1015.0
4.0,18.0,226.0,579.0,642.0,685.0,4,1013.0
4.0,18.0,64.0,579.0,642.0,685.0,4,1013.0
4.0,17.0,47.0,108.0,135.0,505.0,4,635.0
4.0,17.0,47.0,108.0,135.0,328.0,4,505.0
4.0,17.0,47.0,135.0,328.0,505.0,4,586.0
4.0,17.0,108.0,135.0,182.0,508.0,4,586.0
4.0,17.0,108.0,135.0,328.0,508.0,4,586.0
4.0,17.0,108.0,182.0,505.0,508.0,4,586.0
4.0,17.0,108.0,182.0,505.0,508.0,4,586.0
4.0,17.0,108.0,182.0,505.0,508.0,4,586.0
4.0,18.0,64.0,622.0,758.0,886.0,4,1013.0
4.0,18.0,226.0,579.0,642.0,702.0,4,1013.0
4.0,18.0,64.0,226.0,622.0,642.0,4,1015.0
4.0,18.0,64.0,622.0,642.0,758.0,4,1013.0
4.0,18.0,64.0,622.0,758.0,886.0,4,1013.0
4.0,18.0,579.0,642.0,702.0,758.0,4,1015.0
4.0,18.0,226.0,579.0,642.0,702.0,4,1013.0
4.0,18.0,226.0,579.0,642.0,702.0,4,1015.0
4.0,18.0,64.0,514.0,622.0,758.0,4,1015.0
4.0,18.0,226.0,579.0,642.0,702.0,4,1015.0
4.0,18.0,62.0,64.0,622.0,642.0,4,758.0
4.0,18.0,64.0,514.0,579.0,622.0,4,1015.0
4.0,18.0,64.0,579.0,642.0,702.0,4,1015.0
4.0,18.0,64.0,579.0,642.0,702.0,4,1015.0
4.0,9.0,76.0,81.0,169.0,366.0,4,845.0
4.0,9.0,76.0,81.0,169.0,366.0,4,845.0
4.0,9.0,81.0,149.0,452.0,828.0,4,1019.0
4.0,9.0,76.0,81.0,149.0,366.0,4,845.0
4.0,9.0,76.0,81.0,169.0,366.0,4,845.0
4.0,9.0,76.0,149.0,366.0,828.0,4,845.0
4.0,9.0,76.0,366.0,828.0,845.0,4,1019.0
4.0,9.0,76.0,81.0,366.0,828.0,4,845.0
4.0,9.0,76.0,81.0,366.0,828.0,4,845.0
4.0,26.0,40.0,315.0,536.0,634.0,4,948.0
4.0,26.0,333.0,488.0,634.0,684.0,4,948.0
4.0,26.0,315.0,333.0,488.0,634.0,4,948.0
4.0,26.0,40.0,315.0,333.0,634.0,4,948.0
4.0,26.0,40.0,315.0,488.0,536.0,4,684.0
4.0,26.0,40.0,536.0,634.0,684.0,4,914.0
4.0,26.0,40.0,315.0,488.0,536.0,4,914.0
4.0,26.0,40.0,488.0,536.0,684.0,4,948.0
4.0,34.0,36.0,139.0,404.0,506.0,4,695.0
4.0,34.0,36.0,139.0,404.0,695.0,4,736.0
4.0,34.0,36.0,404.0,517.0,695.0,4,736.0
4.0,34.0,36.0,404.0,506.0,517.0,4,814.0
4.0,34.0,36.0,404.0,506.0,517.0,4,814.0
4.0,34.0,36.0,506.0,517.0,814.0,4,1033.0
4.0,34.0,139.0,404.0,506.0,695.0,4,975.0
4.0,34.0,139.0,404.0,695.0,736.0,4,975.0
4.0,34.0,36.0,139.0,506.0,695.0,4,975.0
4.0,34.0,36.0,139.0,506.0,695.0,4,975.0
4.0,18.0,226.0,579.0,642.0,702.0,4,1015.0
4.0,18.0,514.0,579.0,685.0,702.0,4,758.0
4.0,18.0,64.0,514.0,685.0,758.0,4,1013.0
4.0,18.0,64.0,642.0,685.0,758.0,4,1013.0
4.0,18.0,226.0,579.0,642.0,702.0,4,1013.0
4.0,18.0,62.0,579.0,642.0,702.0,4,1013.0
4.0,18.0,62.0,579.0,642.0,702.0,4,1013.0
4.0,18.0,579.0,642.0,702.0,758.0,4,1013.0
4.0,18.0,579.0,642.0,702.0,758.0,4,1013.0
4.0,18.0,226.0,579.0,642.0,702.0,4,1015.0
4.0,18.0,64.0,514.0,579.0,685.0,4,1013.0
4.0,18.0,64.0,514.0,579.0,685.0,4,1013.0
4.0,18.0,226.0,514.0,579.0,702.0,4,1015.0
4.0,18.0,64.0,226.0,642.0,702.0,4,1013.0
4.0,18.0,226.0,579.0,642.0,702.0,4,1013.0
4.0,18.0,226.0,579.0,642.0,702.0,4,1013.0
4.0,18.0,62.0,579.0,642.0,685.0,4,1013.0
4.0,18.0,62.0,64.0,514.0,685.0,4,1013.0
4.0,18.0,62.0,64.0,514.0,685.0,4,1013.0
4.0,18.0,62.0,64.0,685.0,886.0,4,1013.0
4.0,18.0,226.0,579.0,642.0,702.0,4,1015.0
4.0,18.0,64.0,514.0,685.0,758.0,4,1013.0
4.0,18.0,226.0,579.0,642.0,702.0,4,1015.0
4.0,18.0,226.0,579.0,642.0,702.0,4,1015.0
4.0,18.0,226.0,579.0,642.0,702.0,4,1013.0
4.0,18.0,226.0,514.0,579.0,702.0,4,1013.0
4.0,18.0,64.0,514.0,685.0,758.0,4,1013.0
4.0,33.0,14.0,45.0,125.0,258.0,4,267.0
4.0,33.0,14.0,45.0,125.0,267.0,4,607.0
4.0,33.0,125.0,301.0,470.0,607.0,4,807.0
4.0,33.0,14.0,301.0,361.0,470.0,4,807.0
4.0,33.0,14.0,301.0,361.0,470.0,4,807.0
4.0,33.0,14.0,301.0,361.0,470.0,4,807.0
4.0,33.0,14.0,301.0,361.0,470.0,4,807.0
4.0,33.0,14.0,125.0,301.0,361.0,4,470.0
4.0,33.0,14.0,45.0,125.0,258.0,4,267.0
4.0,33.0,14.0,45.0,125.0,258.0,4,267.0
4.0,33.0,14.0,45.0,267.0,361.0,4,470.0
4.0,33.0,14.0,45.0,301.0,361.0,4,807.0
4.0,33.0,14.0,45.0,125.0,301.0,4,807.0
4.0,33.0,14.0,45.0,125.0,301.0,4,807.0
4.0,18.0,226.0,579.0,642.0,702.0,4,1015.0
4.0,18.0,226.0,579.0,642.0,685.0,4,1015.0
4.0,18.0,579.0,642.0,685.0,758.0,4,1013.0
4.0,18.0,62.0,64.0,514.0,758.0,4,1013.0
4.0,18.0,62.0,226.0,642.0,685.0,4,1015.0
4.0,18.0,64.0,642.0,685.0,702.0,4,758.0
4.0,18.0,64.0,642.0,685.0,702.0,4,758.0
4.0,18.0,62.0,64.0,622.0,642.0,4,1013.0
4.0,7.0,277.0,451.0,846.0,902.0,4,994.0
4.0,7.0,112.0,451.0,455.0,791.0,4,902.0
4.0,7.0,277.0,386.0,396.0,455.0,4,791.0
4.0,7.0,277.0,386.0,396.0,455.0,4,791.0
4.0,7.0,277.0,451.0,846.0,902.0,4,994.0
4.0,7.0,451.0,455.0,791.0,902.0,4,994.0
4.0,7.0,277.0,451.0,455.0,902.0,4,994.0
4.0,18.0,62.0,64.0,514.0,685.0,4,1013.0
4.0,18.0,64.0,226.0,514.0,685.0,4,702.0
4.0,18.0,64.0,226.0,642.0,685.0,4,702.0
4.0,18.0,64.0,226.0,642.0,685.0,4,702.0
4.0,18.0,62.0,226.0,642.0,702.0,4,1015.0
4.0,18.0,64.0,226.0,642.0,702.0,4,1015.0
4.0,18.0,64.0,226.0,642.0,702.0,4,1015.0
4.0,18.0,62.0,64.0,642.0,702.0,4,1015.0
4.0,18.0,62.0,226.0,642.0,702.0,4,1015.0
4.0,18.0,64.0,226.0,642.0,702.0,4,1015.0
4.0,18.0,62.0,64.0,514.0,685.0,4,1013.0
4.0,18.0,226.0,514.0,579.0,702.0,4,1013.0
4.0,18.0,62.0,64.0,514.0,685.0,4,1013.0
4.0,18.0,62.0,64.0,514.0,685.0,4,1013.0
4.0,15.0,659.0,714.0,872.0,960.0,4,1036.0
4.0,15.0,229.0,659.0,714.0,764.0,4,872.0
4.0,15.0,229.0,659.0,714.0,764.0,4,895.0
4.0,15.0,229.0,393.0,625.0,764.0,4,895.0
4.0,15.0,229.0,393.0,625.0,764.0,4,895.0
4.0,15.0,229.0,393.0,625.0,764.0,4,895.0
4.0,15.0,393.0,625.0,764.0,895.0,4,1036.0
4.0,15.0,659.0,714.0,872.0,960.0,4,1036.0
4.0,15.0,229.0,370.0,659.0,764.0,4,960.0
4.0,15.0,229.0,659.0,714.0,764.0,4,895.0
4.0,15.0,229.0,625.0,714.0,764.0,4,895.0
4.0,15.0,375.0,714.0,764.0,960.0,4,1036.0
4.0,15.0,375.0,714.0,764.0,960.0,4,1036.0
4.0,15.0,229.0,714.0,764.0,960.0,4,1036.0
4.0,7.0,137.0,277.0,451.0,455.0,4,994.0
4.0,7.0,112.0,137.0,279.0,396.0,4,902.0
4.0,7.0,112.0,137.0,279.0,396.0,4,902.0
4.0,7.0,277.0,451.0,455.0,902.0,4,994.0
4.0,7.0,137.0,277.0,451.0,455.0,4,994.0
4.0,7.0,137.0,277.0,451.0,455.0,4,994.0
4.0,7.0,112.0,137.0,277.0,451.0,4,455.0
4.0,7.0,137.0,396.0,455.0,902.0,4,994.0
4.0,7.0,137.0,277.0,396.0,455.0,4,902.0
4.0,7.0,112.0,137.0,277.0,451.0,4,455.0
4.0,7.0,115.0,279.0,386.0,396.0,4,902.0
4.0,7.0,137.0,277.0,451.0,455.0,4,994.0
4.0,7.0,137.0,277.0,451.0,455.0,4,994.0
4.0,7.0,112.0,277.0,279.0,396.0,4,902.0
4.0,7.0,112.0,137.0,396.0,455.0,4,902.0
4.0,7.0,112.0,137.0,396.0,455.0,4,902.0
4.0,7.0,277.0,451.0,455.0,902.0,4,994.0
4.0,7.0,137.0,277.0,451.0,455.0,4,994.0
4.0,7.0,112.0,277.0,396.0,455.0,4,902.0
4.0,7.0,112.0,277.0,396.0,455.0,4,902.0
4.0,7.0,137.0,451.0,455.0,902.0,4,994.0
4.0,13.0,16.0,91.0,161.0,319.0,4,320.0
4.0,13.0,16.0,91.0,238.0,319.0,4,320.0
4.0,13.0,16.0,91.0,238.0,319.0,4,817.0
4.0,13.0,80.0,161.0,191.0,817.0,4,866.0
4.0,13.0,16.0,80.0,91.0,238.0,4,320.0
4.0,13.0,16.0,91.0,238.0,319.0,4,320.0
4.0,13.0,80.0,161.0,191.0,817.0,4,866.0
4.0,7.0,137.0,247.0,277.0,451.0,4,994.0
4.0,7.0,137.0,247.0,277.0,451.0,4,994.0
4.0,7.0,112.0,277.0,396.0,455.0,4,902.0
4.0,7.0,112.0,277.0,396.0,455.0,4,902.0
4.0,7.0,137.0,451.0,455.0,902.0,4,994.0
4.0,7.0,137.0,277.0,451.0,455.0,4,994.0
4.0,7.0,112.0,277.0,396.0,455.0,4,902.0
4.0,7.0,277.0,451.0,455.0,902.0,4,994.0
4.0,15.0,659.0,714.0,764.0,860.0,4,1036.0
4.0,15.0,6.0,229.0,659.0,764.0,4,860.0
4.0,15.0,659.0,714.0,764.0,860.0,4,1036.0
4.0,15.0,229.0,377.0,714.0,960.0,4,1028.0
4.0,15.0,714.0,764.0,860.0,872.0,4,1036.0
4.0,15.0,6.0,659.0,860.0,1028.0,4,1036.0
4.0,7.0,247.0,277.0,451.0,902.0,4,994.0
4.0,7.0,115.0,451.0,455.0,902.0,4,994.0
4.0,7.0,277.0,451.0,455.0,902.0,4,994.0
4.0,7.0,277.0,451.0,455.0,902.0,4,994.0
4.0,7.0,112.0,115.0,277.0,396.0,4,455.0
4.0,7.0,112.0,115.0,277.0,396.0,4,455.0
4.0,7.0,112.0,396.0,451.0,455.0,4,902.0
4.0,7.0,247.0,277.0,451.0,902.0,4,994.0
4.0,7.0,115.0,247.0,277.0,451.0,4,994.0
4.0,7.0,112.0,115.0,247.0,451.0,4,455.0
4.0,7.0,112.0,247.0,277.0,451.0,4,902.0
4.0,7.0,112.0,115.0,451.0,455.0,4,902.0
4.0,7.0,112.0,277.0,396.0,455.0,4,902.0
4.0,7.0,112.0,277.0,396.0,451.0,4,455.0
4.0,7.0,277.0,396.0,451.0,455.0,4,994.0
4.0,7.0,277.0,396.0,451.0,455.0,4,994.0
4.0,7.0,277.0,396.0,451.0,455.0,4,994.0
4.0,7.0,112.0,277.0,396.0,455.0,4,902.0
4.0,7.0,137.0,277.0,451.0,455.0,4,902.0
4.0,7.0,137.0,277.0,451.0,455.0,4,902.0
4.0,7.0,137.0,277.0,451.0,455.0,4,994.0
4.0,7.0,137.0,277.0,451.0,455.0,4,994.0
4.0,7.0,112.0,277.0,396.0,455.0,4,902.0
4.0,7.0,137.0,277.0,451.0,455.0,4,994.0
4.0,7.0,137.0,277.0,451.0,455.0,4,994.0
4.0,0.0,13.0,493.0,535.0,686.0,4,713.0
4.0,0.0,13.0,418.0,493.0,535.0,4,713.0
4.0,0.0,418.0,465.0,535.0,686.0,4,1037.0
4.0,0.0,418.0,493.0,535.0,686.0,4,1037.0
4.0,0.0,13.0,493.0,535.0,695.0,4,713.0
4.0,0.0,13.0,493.0,535.0,686.0,4,713.0
4.0,0.0,13.0,418.0,493.0,517.0,4,535.0
4.0,0.0,13.0,418.0,493.0,517.0,4,695.0
4.0,0.0,13.0,418.0,517.0,686.0,4,695.0
4.0,0.0,13.0,418.0,493.0,517.0,4,535.0
4.0,0.0,13.0,418.0,493.0,535.0,4,713.0
4.0,7.0,137.0,247.0,277.0,451.0,4,994.0
4.0,7.0,112.0,137.0,396.0,455.0,4,902.0
4.0,7.0,137.0,277.0,451.0,455.0,4,994.0
4.0,7.0,277.0,396.0,455.0,902.0,4,994.0
4.0,7.0,112.0,137.0,277.0,451.0,4,455.0
4.0,7.0,112.0,137.0,277.0,451.0,4,455.0
4.0,33.0,14.0,45.0,255.0,789.0,4,807.0
4.0,33.0,125.0,301.0,337.0,607.0,4,854.0
4.0,33.0,14.0,45.0,255.0,301.0,4,789.0
4.0,33.0,14.0,125.0,255.0,789.0,4,807.0
4.0,29.0,86.0,242.0,283.0,456.0,4,990.0
4.0,29.0,86.0,132.0,242.0,283.0,4,990.0
4.0,29.0,86.0,132.0,242.0,283.0,4,990.0
4.0,29.0,86.0,132.0,242.0,283.0,4,990.0
4.0,29.0,86.0,242.0,283.0,456.0,4,990.0
4.0,29.0,86.0,283.0,456.0,874.0,4,990.0
4.0,29.0,86.0,456.0,769.0,874.0,4,990.0
4.0,29.0,132.0,242.0,331.0,338.0,4,769.0
4.0,29.0,132.0,331.0,338.0,769.0,4,874.0
4.0,7.0,137.0,247.0,277.0,451.0,4,994.0
4.0,7.0,112.0,137.0,451.0,455.0,4,902.0
4.0,7.0,112.0,137.0,451.0,455.0,4,902.0
4.0,7.0,137.0,396.0,451.0,902.0,4,994.0
4.0,7.0,137.0,247.0,277.0,451.0,4,994.0
4.0,7.0,112.0,137.0,451.0,455.0,4,902.0
4.0,7.0,112.0,277.0,396.0,455.0,4,902.0
4.0,7.0,277.0,386.0,396.0,455.0,4,902.0
4.0,7.0,137.0,247.0,277.0,451.0,4,994.0
4.0,7.0,137.0,247.0,277.0,451.0,4,994.0
4.0,7.0,112.0,277.0,396.0,455.0,4,902.0
4.0,7.0,137.0,247.0,277.0,451.0,4,994.0
4.0,7.0,112.0,137.0,277.0,451.0,4,455.0
4.0,7.0,137.0,247.0,277.0,451.0,4,994.0
4.0,7.0,112.0,137.0,451.0,455.0,4,902.0
4.0,7.0,112.0,137.0,396.0,455.0,4,902.0
4.0,7.0,112.0,277.0,396.0,455.0,4,902.0
4.0,7.0,112.0,277.0,396.0,455.0,4,902.0
4.0,7.0,277.0,396.0,451.0,902.0,4,994.0
4.0,7.0,277.0,451.0,455.0,902.0,4,994.0
4.0,7.0,137.0,451.0,455.0,902.0,4,994.0
4.0,7.0,112.0,277.0,396.0,455.0,4,902.0
4.0,7.0,112.0,277.0,396.0,455.0,4,902.0
4.0,7.0,137.0,277.0,451.0,455.0,4,994.0
4.0,7.0,137.0,451.0,455.0,902.0,4,994.0
4.0,7.0,137.0,386.0,396.0,451.0,4,902.0
4.0,7.0,137.0,451.0,455.0,902.0,4,994.0
4.0,7.0,137.0,451.0,455.0,902.0,4,994.0
4.0,7.0,112.0,277.0,396.0,455.0,4,902.0
4.0,7.0,137.0,277.0,451.0,455.0,4,994.0
4.0,25.0,106.0,294.0,355.0,421.0,4,453.0
4.0,25.0,106.0,294.0,355.0,398.0,4,453.0
4.0,25.0,106.0,294.0,355.0,398.0,4,453.0
4.0,25.0,294.0,380.0,398.0,421.0,4,453.0
4.0,25.0,294.0,380.0,398.0,421.0,4,453.0
4.0,25.0,106.0,300.0,355.0,380.0,4,421.0
4.0,25.0,294.0,380.0,398.0,421.0,4,453.0
4.0,7.0,115.0,137.0,386.0,396.0,4,455.0
4.0,7.0,115.0,137.0,386.0,396.0,4,455.0
4.0,7.0,137.0,451.0,455.0,902.0,4,994.0
4.0,7.0,137.0,451.0,455.0,902.0,4,994.0
4.0,7.0,115.0,137.0,386.0,451.0,4,455.0
4.0,7.0,112.0,115.0,137.0,396.0,4,455.0
4.0,7.0,112.0,115.0,247.0,396.0,4,455.0
4.0,7.0,112.0,115.0,247.0,396.0,4,455.0
4.0,7.0,115.0,137.0,451.0,455.0,4,902.0
4.0,17.0,47.0,328.0,505.0,586.0,4,635.0
4.0,17.0,47.0,299.0,328.0,505.0,4,635.0
4.0,17.0,182.0,299.0,328.0,505.0,4,508.0
4.0,17.0,47.0,157.0,182.0,299.0,4,508.0
4.0,17.0,47.0,157.0,328.0,505.0,4,586.0
4.0,17.0,47.0,157.0,299.0,328.0,4,505.0
4.0,17.0,47.0,182.0,299.0,505.0,4,586.0
4.0,17.0,47.0,182.0,299.0,505.0,4,586.0
4.0,17.0,47.0,299.0,328.0,505.0,4,586.0
4.0,6.0,30.0,55.0,397.0,656.0,4,730.0
4.0,6.0,30.0,55.0,397.0,656.0,4,809.0
4.0,6.0,55.0,61.0,730.0,809.0,4,867.0
4.0,6.0,55.0,61.0,656.0,730.0,4,867.0
4.0,6.0,55.0,171.0,397.0,656.0,4,730.0
4.0,6.0,30.0,55.0,171.0,397.0,4,809.0
4.0,6.0,55.0,61.0,730.0,809.0,4,867.0
4.0,7.0,112.0,115.0,247.0,396.0,4,451.0
4.0,7.0,112.0,115.0,279.0,396.0,4,455.0
4.0,7.0,112.0,115.0,279.0,396.0,4,451.0
4.0,7.0,112.0,115.0,247.0,396.0,4,451.0
4.0,7.0,115.0,396.0,451.0,455.0,4,994.0
4.0,7.0,247.0,451.0,455.0,902.0,4,994.0
4.0,7.0,247.0,451.0,455.0,902.0,4,994.0
4.0,7.0,247.0,451.0,455.0,902.0,4,994.0
4.0,7.0,112.0,115.0,247.0,396.0,4,455.0
4.0,7.0,112.0,115.0,247.0,396.0,4,455.0
4.0,7.0,112.0,115.0,279.0,396.0,4,455.0
4.0,7.0,112.0,115.0,279.0,396.0,4,451.0
4.0,7.0,247.0,396.0,451.0,902.0,4,994.0
4.0,7.0,247.0,451.0,455.0,902.0,4,994.0
4.0,7.0,112.0,115.0,247.0,396.0,4,455.0
4.0,7.0,112.0,247.0,451.0,455.0,4,902.0
4.0,7.0,26.0,115.0,279.0,386.0,4,396.0
4.0,12.0,111.0,230.0,462.0,715.0,4,986.0
4.0,12.0,431.0,715.0,788.0,910.0,4,933.0
4.0,12.0,216.0,230.0,462.0,715.0,4,788.0
4.0,12.0,216.0,230.0,462.0,715.0,4,788.0
4.0,12.0,111.0,216.0,230.0,788.0,4,856.0
4.0,12.0,111.0,216.0,230.0,856.0,4,986.0
4.0,12.0,111.0,216.0,715.0,856.0,4,933.0
4.0,12.0,431.0,462.0,715.0,788.0,4,933.0
4.0,12.0,111.0,216.0,462.0,715.0,4,933.0
4.0,15.0,659.0,714.0,860.0,872.0,4,1036.0
4.0,15.0,659.0,714.0,860.0,872.0,4,1036.0
4.0,15.0,229.0,370.0,764.0,872.0,4,1036.0
4.0,15.0,659.0,714.0,860.0,872.0,4,1036.0
4.0,15.0,659.0,714.0,860.0,872.0,4,1036.0
4.0,15.0,659.0,714.0,860.0,872.0,4,1036.0
4.0,15.0,229.0,370.0,659.0,764.0,4,860.0
4.0,15.0,229.0,370.0,764.0,860.0,4,1036.0
4.0,15.0,229.0,714.0,860.0,872.0,4,1036.0
4.0,9.0,169.0,366.0,845.0,941.0,4,968.0
4.0,9.0,81.0,149.0,366.0,845.0,4,941.0
4.0,9.0,76.0,81.0,149.0,366.0,4,1019.0
4.0,9.0,81.0,149.0,169.0,941.0,4,1019.0
4.0,9.0,81.0,169.0,845.0,941.0,4,968.0
4.0,9.0,81.0,366.0,845.0,941.0,4,968.0
4.0,9.0,169.0,366.0,845.0,941.0,4,968.0
4.0,9.0,169.0,366.0,845.0,941.0,4,968.0
4.0,9.0,81.0,149.0,366.0,845.0,4,941.0
4.0,9.0,76.0,81.0,149.0,366.0,4,1019.0
4.0,9.0,81.0,149.0,366.0,941.0,4,1019.0
4.0,4.0,259.0,561.0,598.0,646.0,4,936.0
4.0,4.0,259.0,561.0,598.0,646.0,4,768.0
4.0,4.0,259.0,561.0,598.0,601.0,4,646.0
4.0,4.0,259.0,601.0,646.0,768.0,4,853.0
4.0,4.0,126.0,601.0,768.0,853.0,4,936.0
4.0,4.0,259.0,598.0,601.0,646.0,4,853.0
4.0,4.0,259.0,601.0,646.0,768.0,4,853.0
4.0,4.0,259.0,601.0,646.0,768.0,4,853.0
4.0,4.0,259.0,561.0,646.0,768.0,4,853.0
4.0,4.0,259.0,601.0,646.0,768.0,4,853.0
4.0,4.0,126.0,259.0,598.0,853.0,4,936.0
4.0,4.0,126.0,259.0,598.0,853.0,4,936.0
4.0,7.0,112.0,277.0,396.0,451.0,4,455.0
4.0,7.0,112.0,386.0,396.0,451.0,4,455.0
4.0,7.0,247.0,277.0,396.0,451.0,4,994.0
4.0,7.0,112.0,247.0,451.0,455.0,4,902.0
4.0,7.0,112.0,247.0,451.0,455.0,4,902.0
4.0,7.0,112.0,247.0,451.0,455.0,4,902.0
4.0,7.0,112.0,277.0,396.0,455.0,4,902.0
4.0,7.0,112.0,396.0,451.0,455.0,4,902.0
4.0,7.0,247.0,277.0,451.0,876.0,4,994.0
4.0,7.0,112.0,451.0,455.0,876.0,4,902.0
4.0,7.0,112.0,451.0,455.0,876.0,4,902.0
4.0,7.0,247.0,277.0,451.0,455.0,4,994.0
4.0,7.0,247.0,451.0,455.0,902.0,4,994.0
4.0,7.0,247.0,451.0,455.0,902.0,4,994.0
4.0,7.0,112.0,277.0,396.0,455.0,4,902.0
4.0,7.0,112.0,277.0,396.0,455.0,4,902.0
4.0,7.0,112.0,277.0,451.0,455.0,4,902.0
4.0,7.0,277.0,451.0,455.0,902.0,4,994.0
4.0,7.0,115.0,247.0,277.0,451.0,4,994.0
4.0,7.0,112.0,277.0,396.0,455.0,4,902.0
4.0,7.0,115.0,386.0,396.0,455.0,4,902.0
4.0,7.0,115.0,277.0,451.0,455.0,4,994.0
4.0,7.0,277.0,451.0,455.0,902.0,4,994.0
4.0,7.0,115.0,451.0,455.0,902.0,4,994.0
4.0,7.0,112.0,277.0,396.0,455.0,4,902.0
4.0,7.0,277.0,451.0,455.0,902.0,4,994.0
4.0,1.0,356.0,577.0,790.0,808.0,4,820.0
4.0,1.0,356.0,682.0,740.0,808.0,4,887.0
4.0,1.0,356.0,682.0,740.0,808.0,4,887.0
4.0,1.0,356.0,682.0,740.0,808.0,4,887.0
4.0,1.0,356.0,682.0,740.0,887.0,4,1008.0
4.0,1.0,570.0,577.0,790.0,808.0,4,820.0
4.0,1.0,570.0,577.0,790.0,808.0,4,820.0
4.0,1.0,356.0,577.0,790.0,808.0,4,820.0
4.0,1.0,356.0,577.0,790.0,808.0,4,820.0
4.0,1.0,356.0,570.0,682.0,790.0,4,808.0
4.0,1.0,570.0,577.0,790.0,808.0,4,820.0
4.0,7.0,277.0,396.0,451.0,791.0,4,994.0
4.0,7.0,247.0,451.0,455.0,902.0,4,994.0
4.0,7.0,247.0,386.0,451.0,455.0,4,902.0
4.0,7.0,386.0,396.0,455.0,791.0,4,902.0
4.0,7.0,386.0,396.0,455.0,791.0,4,902.0
4.0,7.0,277.0,396.0,451.0,902.0,4,994.0
4.0,7.0,386.0,396.0,451.0,455.0,4,994.0
4.0,29.0,86.0,242.0,456.0,769.0,4,990.0
4.0,29.0,86.0,242.0,456.0,769.0,4,990.0
4.0,29.0,86.0,132.0,242.0,769.0,4,990.0
4.0,29.0,86.0,132.0,769.0,874.0,4,990.0
4.0,29.0,86.0,132.0,242.0,283.0,4,990.0
4.0,29.0,86.0,242.0,456.0,769.0,4,990.0
4.0,29.0,86.0,242.0,769.0,874.0,4,990.0
4.0,7.0,247.0,277.0,451.0,791.0,4,994.0
4.0,7.0,112.0,247.0,451.0,455.0,4,902.0
4.0,7.0,112.0,277.0,396.0,455.0,4,902.0
4.0,7.0,112.0,277.0,396.0,455.0,4,902.0
4.0,7.0,112.0,277.0,396.0,455.0,4,902.0
4.0,7.0,451.0,791.0,846.0,902.0,4,994.0
4.0,7.0,277.0,451.0,455.0,791.0,4,994.0
4.0,7.0,277.0,451.0,791.0,846.0,4,994.0
4.0,7.0,451.0,455.0,791.0,902.0,4,994.0
4.0,7.0,112.0,451.0,455.0,791.0,4,902.0
4.0,7.0,112.0,451.0,455.0,791.0,4,902.0
4.0,7.0,112.0,386.0,396.0,455.0,4,902.0
4.0,7.0,115.0,247.0,386.0,396.0,4,846.0
4.0,7.0,112.0,115.0,247.0,396.0,4,846.0
4.0,7.0,277.0,451.0,791.0,846.0,4,994.0
4.0,7.0,112.0,277.0,396.0,455.0,4,902.0
4.0,7.0,112.0,115.0,277.0,396.0,4,455.0
4.0,7.0,115.0,277.0,396.0,455.0,4,994.0
4.0,7.0,386.0,451.0,455.0,846.0,4,994.0
4.0,7.0,277.0,451.0,791.0,846.0,4,994.0
4.0,7.0,277.0,451.0,791.0,846.0,4,994.0
4.0,7.0,277.0,451.0,791.0,846.0,4,994.0
4.0,7.0,112.0,451.0,455.0,791.0,4,902.0
4.0,7.0,112.0,451.0,455.0,791.0,4,902.0
4.0,7.0,112.0,115.0,396.0,455.0,4,902.0
4.0,7.0,112.0,115.0,247.0,386.0,4,396.0
4.0,34.0,404.0,506.0,530.0,753.0,4,814.0
4.0,34.0,506.0,530.0,583.0,753.0,4,814.0
4.0,34.0,404.0,530.0,713.0,753.0,4,975.0
4.0,34.0,404.0,517.0,695.0,713.0,4,975.0
4.0,34.0,404.0,517.0,695.0,713.0,4,814.0
4.0,34.0,506.0,530.0,583.0,753.0,4,814.0
4.0,34.0,506.0,583.0,695.0,713.0,4,975.0
4.0,34.0,506.0,583.0,695.0,713.0,4,975.0
4.0,34.0,404.0,506.0,530.0,753.0,4,814.0
4.0,34.0,404.0,506.0,517.0,753.0,4,814.0
4.0,34.0,404.0,506.0,517.0,753.0,4,814.0
4.0,32.0,34.0,241.0,302.0,426.0,4,524.0
4.0,32.0,26.0,302.0,484.0,624.0,4,911.0
4.0,32.0,34.0,241.0,302.0,524.0,4,624.0
4.0,32.0,34.0,241.0,302.0,524.0,4,624.0
4.0,32.0,34.0,241.0,426.0,524.0,4,624.0
4.0,32.0,241.0,302.0,426.0,484.0,4,624.0
4.0,32.0,34.0,241.0,302.0,426.0,4,524.0
4.0,32.0,26.0,484.0,624.0,908.0,4,911.0
4.0,26.0,333.0,536.0,634.0,684.0,4,948.0
4.0,26.0,333.0,488.0,634.0,684.0,4,948.0
4.0,26.0,40.0,315.0,488.0,536.0,4,914.0
4.0,26.0,40.0,315.0,488.0,536.0,4,948.0
4.0,26.0,333.0,536.0,634.0,684.0,4,948.0
4.0,26.0,40.0,315.0,333.0,536.0,4,948.0
4.0,26.0,40.0,315.0,488.0,536.0,4,684.0
4.0,7.0,112.0,277.0,451.0,791.0,4,846.0
4.0,7.0,112.0,247.0,451.0,455.0,4,902.0
4.0,7.0,247.0,386.0,451.0,455.0,4,902.0
4.0,7.0,277.0,386.0,396.0,455.0,4,902.0
4.0,7.0,181.0,277.0,386.0,396.0,4,455.0
4.0,7.0,112.0,181.0,451.0,846.0,4,902.0
4.0,7.0,112.0,115.0,451.0,846.0,4,902.0
4.0,7.0,112.0,277.0,451.0,791.0,4,846.0
4.0,7.0,112.0,247.0,277.0,396.0,4,455.0
4.0,7.0,277.0,386.0,451.0,455.0,4,902.0
4.0,7.0,112.0,277.0,451.0,791.0,4,846.0
4.0,7.0,277.0,386.0,396.0,455.0,4,902.0
4.0,7.0,112.0,181.0,277.0,396.0,4,455.0
4.0,7.0,112.0,181.0,451.0,846.0,4,902.0
4.0,7.0,112.0,277.0,396.0,455.0,4,902.0
4.0,7.0,277.0,386.0,396.0,455.0,4,902.0
4.0,7.0,112.0,277.0,451.0,455.0,4,902.0
4.0,28.0,41.0,608.0,665.0,754.0,4,1016.0
4.0,28.0,110.0,608.0,665.0,785.0,4,859.0
4.0,28.0,41.0,110.0,608.0,665.0,4,1016.0
4.0,28.0,110.0,608.0,665.0,859.0,4,1016.0
4.0,28.0,110.0,608.0,665.0,859.0,4,1016.0
4.0,33.0,14.0,125.0,301.0,789.0,4,807.0
4.0,33.0,14.0,125.0,789.0,807.0,4,854.0
4.0,33.0,125.0,258.0,361.0,789.0,4,854.0
4.0,33.0,14.0,258.0,301.0,361.0,4,854.0
4.0,33.0,14.0,361.0,789.0,807.0,4,854.0
4.0,33.0,14.0,125.0,789.0,807.0,4,854.0
4.0,33.0,14.0,125.0,301.0,789.0,4,807.0
4.0,33.0,125.0,258.0,361.0,789.0,4,854.0
4.0,33.0,125.0,258.0,361.0,789.0,4,854.0
4.0,13.0,91.0,161.0,320.0,730.0,4,866.0
4.0,13.0,91.0,161.0,320.0,730.0,4,866.0
4.0,13.0,16.0,91.0,161.0,320.0,4,730.0
4.0,13.0,91.0,161.0,238.0,320.0,4,811.0
4.0,13.0,91.0,238.0,320.0,420.0,4,811.0
4.0,28.0,41.0,353.0,608.0,665.0,4,1016.0
4.0,28.0,41.0,608.0,665.0,754.0,4,1016.0
4.0,28.0,41.0,608.0,665.0,754.0,4,1016.0
4.0,28.0,110.0,353.0,608.0,754.0,4,859.0
4.0,28.0,41.0,110.0,353.0,754.0,4,1016.0
4.0,28.0,41.0,353.0,608.0,665.0,4,1016.0
4.0,28.0,110.0,608.0,665.0,754.0,4,859.0
4.0,28.0,110.0,608.0,665.0,754.0,4,859.0
4.0,28.0,110.0,353.0,608.0,754.0,4,859.0
4.0,28.0,41.0,353.0,608.0,754.0,4,1016.0
4.0,7.0,277.0,386.0,396.0,455.0,4,902.0
4.0,7.0,181.0,277.0,386.0,846.0,4,902.0
4.0,7.0,277.0,386.0,396.0,846.0,4,902.0
4.0,7.0,112.0,181.0,396.0,846.0,4,902.0
4.0,7.0,112.0,181.0,277.0,396.0,4,846.0
4.0,7.0,181.0,277.0,396.0,902.0,4,994.0
4.0,7.0,181.0,277.0,396.0,902.0,4,994.0
4.0,7.0,247.0,791.0,846.0,902.0,4,994.0
4.0,7.0,112.0,247.0,277.0,791.0,4,846.0
4.0,7.0,112.0,247.0,277.0,396.0,4,791.0
4.0,7.0,112.0,247.0,277.0,396.0,4,791.0
4.0,7.0,112.0,115.0,451.0,455.0,4,902.0
4.0,7.0,451.0,455.0,846.0,902.0,4,994.0
4.0,7.0,277.0,451.0,455.0,902.0,4,994.0
4.0,7.0,277.0,396.0,451.0,902.0,4,994.0
4.0,7.0,247.0,277.0,451.0,902.0,4,994.0
4.0,7.0,247.0,277.0,451.0,902.0,4,994.0
4.0,7.0,112.0,115.0,451.0,455.0,4,902.0
4.0,7.0,112.0,115.0,451.0,455.0,4,902.0
4.0,7.0,112.0,115.0,277.0,396.0,4,455.0
4.0,7.0,112.0,115.0,247.0,396.0,4,455.0
4.0,7.0,112.0,115.0,181.0,247.0,4,396.0
4.0,7.0,112.0,115.0,181.0,386.0,4,396.0
4.0,15.0,229.0,377.0,714.0,764.0,4,860.0
4.0,15.0,229.0,714.0,764.0,872.0,4,1036.0
4.0,15.0,229.0,714.0,764.0,860.0,4,1036.0
4.0,15.0,229.0,714.0,764.0,860.0,4,1036.0
4.0,15.0,714.0,764.0,860.0,1028.0,4,1036.0
4.0,15.0,377.0,714.0,764.0,860.0,4,1028.0
4.0,15.0,229.0,714.0,764.0,860.0,4,872.0
4.0,15.0,6.0,244.0,377.0,960.0,4,1028.0
4.0,15.0,229.0,714.0,764.0,860.0,4,1028.0
4.0,29.0,227.0,242.0,338.0,769.0,4,990.0
4.0,29.0,86.0,227.0,338.0,456.0,4,874.0
4.0,29.0,86.0,132.0,338.0,456.0,4,874.0
4.0,29.0,227.0,242.0,338.0,769.0,4,990.0
4.0,29.0,132.0,242.0,338.0,769.0,4,990.0
4.0,29.0,86.0,227.0,338.0,874.0,4,990.0
4.0,29.0,86.0,242.0,338.0,874.0,4,990.0
4.0,15.0,659.0,714.0,764.0,860.0,4,1036.0
4.0,15.0,229.0,714.0,764.0,860.0,4,1036.0
4.0,15.0,229.0,714.0,860.0,960.0,4,1036.0
4.0,15.0,659.0,714.0,764.0,860.0,4,1036.0
4.0,15.0,229.0,659.0,714.0,860.0,4,960.0
4.0,15.0,659.0,714.0,860.0,960.0,4,1036.0
4.0,15.0,229.0,370.0,659.0,860.0,4,960.0
4.0,15.0,229.0,370.0,659.0,860.0,4,960.0
4.0,15.0,370.0,659.0,860.0,960.0,4,1036.0
4.0,15.0,370.0,659.0,860.0,960.0,4,1036.0
4.0,15.0,229.0,659.0,714.0,860.0,4,960.0
4.0,25.0,294.0,421.0,798.0,814.0,4,1005.0
4.0,25.0,106.0,158.0,662.0,814.0,4,1005.0
4.0,25.0,158.0,294.0,662.0,814.0,4,1005.0
4.0,25.0,106.0,294.0,421.0,814.0,4,1005.0
4.0,25.0,106.0,158.0,662.0,711.0,4,814.0
4.0,25.0,294.0,421.0,662.0,711.0,4,1005.0
4.0,25.0,106.0,294.0,421.0,814.0,4,1005.0
4.0,15.0,377.0,714.0,764.0,860.0,4,1036.0
4.0,15.0,229.0,370.0,764.0,860.0,4,872.0
4.0,15.0,229.0,370.0,860.0,872.0,4,1028.0
4.0,15.0,229.0,659.0,714.0,764.0,4,860.0
4.0,15.0,659.0,714.0,764.0,860.0,4,1036.0
4.0,15.0,229.0,370.0,860.0,960.0,4,1036.0
4.0,15.0,370.0,659.0,860.0,960.0,4,1036.0
4.0,15.0,659.0,714.0,764.0,860.0,4,1036.0
4.0,34.0,15.0,36.0,355.0,404.0,4,589.0
4.0,34.0,15.0,36.0,355.0,404.0,4,589.0
4.0,34.0,36.0,139.0,355.0,383.0,4,753.0
4.0,34.0,36.0,139.0,355.0,404.0,4,753.0
4.0,34.0,15.0,36.0,355.0,404.0,4,589.0
4.0,15.0,659.0,714.0,860.0,1028.0,4,1036.0
4.0,15.0,229.0,714.0,860.0,960.0,4,1036.0
4.0,15.0,229.0,714.0,860.0,960.0,4,1036.0
4.0,15.0,229.0,370.0,659.0,764.0,4,960.0
4.0,15.0,229.0,714.0,764.0,860.0,4,1036.0
4.0,15.0,659.0,714.0,860.0,1028.0,4,1036.0
4.0,15.0,659.0,714.0,860.0,872.0,4,1036.0
4.0,15.0,229.0,370.0,764.0,860.0,4,1036.0
4.0,15.0,229.0,370.0,659.0,764.0,4,860.0
4.0,15.0,659.0,714.0,764.0,860.0,4,872.0
4.0,6.0,61.0,397.0,499.0,730.0,4,867.0
4.0,6.0,55.0,61.0,420.0,730.0,4,867.0
4.0,6.0,35.0,61.0,397.0,499.0,4,730.0
4.0,6.0,35.0,61.0,397.0,499.0,4,730.0
4.0,6.0,35.0,61.0,397.0,499.0,4,730.0
4.0,6.0,35.0,61.0,397.0,499.0,4,730.0
4.0,6.0,35.0,213.0,397.0,499.0,4,730.0
4.0,6.0,35.0,55.0,61.0,499.0,4,730.0
4.0,6.0,35.0,61.0,397.0,499.0,4,730.0
4.0,0.0,418.0,465.0,532.0,686.0,4,1037.0
4.0,0.0,418.0,465.0,532.0,695.0,4,1037.0
4.0,0.0,13.0,418.0,532.0,686.0,4,713.0
4.0,0.0,13.0,535.0,686.0,695.0,4,713.0
4.0,0.0,13.0,418.0,535.0,686.0,4,713.0
4.0,0.0,13.0,418.0,532.0,686.0,4,713.0
4.0,0.0,13.0,418.0,535.0,686.0,4,713.0
4.0,33.0,14.0,45.0,255.0,789.0,4,807.0
4.0,33.0,14.0,45.0,255.0,789.0,4,807.0
4.0,33.0,45.0,125.0,255.0,301.0,4,607.0
4.0,33.0,14.0,125.0,255.0,789.0,4,807.0
4.0,33.0,14.0,45.0,255.0,789.0,4,807.0
4.0,33.0,14.0,45.0,255.0,789.0,4,807.0
4.0,33.0,125.0,255.0,337.0,607.0,4,807.0
4.0,33.0,125.0,255.0,337.0,607.0,4,807.0
4.0,33.0,125.0,301.0,337.0,607.0,4,807.0
4.0,33.0,14.0,125.0,255.0,301.0,4,337.0
4.0,33.0,14.0,125.0,255.0,301.0,4,789.0
4.0,33.0,14.0,125.0,255.0,789.0,4,807.0
4.0,13.0,16.0,91.0,238.0,319.0,4,320.0
4.0,13.0,80.0,91.0,238.0,320.0,4,866.0
4.0,13.0,80.0,116.0,238.0,320.0,4,866.0
4.0,13.0,80.0,91.0,116.0,817.0,4,866.0
4.0,13.0,80.0,91.0,238.0,320.0,4,866.0
4.0,13.0,80.0,91.0,238.0,320.0,4,866.0
4.0,13.0,80.0,91.0,116.0,320.0,4,866.0
4.0,15.0,659.0,714.0,860.0,1028.0,4,1036.0
4.0,15.0,229.0,370.0,764.0,860.0,4,1036.0
4.0,15.0,659.0,714.0,764.0,860.0,4,1036.0
4.0,15.0,659.0,714.0,764.0,860.0,4,1036.0
4.0,15.0,229.0,370.0,764.0,960.0,4,1036.0
4.0,15.0,229.0,370.0,659.0,764.0,4,960.0
4.0,15.0,370.0,659.0,764.0,960.0,4,1036.0
4.0,15.0,229.0,370.0,764.0,960.0,4,1036.0
4.0,15.0,659.0,714.0,860.0,1028.0,4,1036.0
4.0,15.0,229.0,659.0,714.0,860.0,4,1028.0
4.0,15.0,229.0,377.0,714.0,764.0,4,860.0
4.0,15.0,229.0,377.0,714.0,764.0,4,860.0
4.0,15.0,229.0,370.0,377.0,764.0,4,860.0
4.0,15.0,370.0,377.0,764.0,960.0,4,1036.0
4.0,15.0,370.0,377.0,764.0,960.0,4,1036.0
4.0,15.0,659.0,714.0,764.0,860.0,4,1036.0
4.0,15.0,659.0,714.0,764.0,860.0,4,1036.0
4.0,15.0,659.0,714.0,860.0,1028.0,4,1036.0
4.0,15.0,229.0,659.0,714.0,764.0,4,860.0
4.0,15.0,229.0,659.0,714.0,764.0,4,860.0
4.0,15.0,229.0,370.0,377.0,872.0,4,960.0
4.0,15.0,377.0,714.0,860.0,1028.0,4,1036.0
4.0,15.0,377.0,714.0,860.0,1028.0,4,1036.0
4.0,15.0,377.0,714.0,860.0,1028.0,4,1036.0
4.0,15.0,659.0,714.0,764.0,860.0,4,1036.0
4.0,15.0,659.0,714.0,764.0,860.0,4,1036.0
4.0,15.0,659.0,714.0,860.0,1028.0,4,1036.0
4.0,15.0,659.0,714.0,860.0,960.0,4,1036.0
4.0,15.0,375.0,714.0,860.0,960.0,4,1036.0
4.0,15.0,229.0,370.0,764.0,860.0,4,1036.0
4.0,15.0,229.0,370.0,377.0,764.0,4,860.0
4.0,15.0,659.0,714.0,764.0,860.0,4,1036.0
4.0,12.0,111.0,431.0,715.0,910.0,4,933.0
4.0,12.0,111.0,431.0,715.0,910.0,4,933.0
4.0,12.0,216.0,230.0,462.0,715.0,4,856.0
4.0,12.0,111.0,216.0,230.0,856.0,4,986.0
4.0,12.0,111.0,216.0,230.0,462.0,4,856.0
4.0,15.0,229.0,370.0,764.0,860.0,4,1036.0
4.0,15.0,229.0,659.0,714.0,860.0,4,960.0
4.0,15.0,229.0,659.0,714.0,860.0,4,960.0
4.0,15.0,659.0,714.0,860.0,960.0,4,1036.0
4.0,15.0,659.0,714.0,860.0,960.0,4,1036.0
4.0,15.0,659.0,714.0,860.0,960.0,4,1036.0
4.0,15.0,229.0,714.0,860.0,960.0,4,1036.0
4.0,15.0,229.0,764.0,860.0,960.0,4,1036.0
4.0,15.0,714.0,764.0,860.0,960.0,4,1036.0
4.0,29.0,86.0,242.0,338.0,456.0,4,990.0
4.0,29.0,86.0,132.0,331.0,769.0,4,874.0
4.0,29.0,86.0,242.0,331.0,769.0,4,874.0
4.0,29.0,86.0,132.0,242.0,331.0,4,338.0
4.0,29.0,132.0,331.0,769.0,874.0,4,990.0
4.0,29.0,86.0,242.0,338.0,874.0,4,990.0
4.0,33.0,14.0,45.0,255.0,789.0,4,807.0
4.0,33.0,301.0,361.0,607.0,789.0,4,807.0
4.0,33.0,301.0,337.0,361.0,607.0,4,854.0
4.0,33.0,301.0,337.0,361.0,607.0,4,854.0
4.0,33.0,14.0,255.0,361.0,789.0,4,854.0
4.0,33.0,14.0,45.0,255.0,789.0,4,807.0
4.0,33.0,14.0,255.0,361.0,789.0,4,807.0
4.0,33.0,14.0,255.0,361.0,789.0,4,807.0
4.0,15.0,659.0,714.0,860.0,960.0,4,1036.0
4.0,15.0,229.0,370.0,377.0,764.0,4,860.0
4.0,15.0,229.0,370.0,659.0,764.0,4,960.0
4.0,15.0,370.0,659.0,764.0,860.0,4,1036.0
4.0,15.0,659.0,714.0,860.0,960.0,4,1036.0
4.0,15.0,370.0,659.0,860.0,960.0,4,1036.0
4.0,15.0,229.0,370.0,764.0,860.0,4,1036.0
4.0,15.0,229.0,370.0,377.0,764.0,4,872.0
4.0,15.0,229.0,370.0,377.0,764.0,4,872.0
4.0,9.0,169.0,366.0,845.0,941.0,4,968.0
4.0,9.0,149.0,169.0,845.0,941.0,4,968.0
4.0,9.0,76.0,81.0,149.0,366.0,4,845.0
4.0,9.0,169.0,366.0,845.0,941.0,4,968.0
4.0,9.0,169.0,366.0,845.0,941.0,4,968.0
4.0,9.0,149.0,366.0,845.0,941.0,4,968.0
4.0,9.0,76.0,81.0,149.0,452.0,4,968.0
4.0,9.0,169.0,366.0,845.0,941.0,4,968.0
4.0,9.0,81.0,366.0,845.0,941.0,4,968.0
4.0,15.0,659.0,714.0,860.0,872.0,4,1036.0
4.0,15.0,229.0,714.0,860.0,872.0,4,1036.0
4.0,15.0,229.0,370.0,659.0,764.0,4,872.0
4.0,15.0,229.0,370.0,659.0,764.0,4,872.0
4.0,15.0,229.0,370.0,377.0,764.0,4,872.0
4.0,15.0,229.0,370.0,377.0,764.0,4,872.0
4.0,15.0,377.0,714.0,764.0,860.0,4,1036.0
4.0,17.0,47.0,157.0,182.0,328.0,4,586.0
4.0,17.0,135.0,182.0,328.0,586.0,4,635.0
4.0,17.0,47.0,135.0,157.0,299.0,4,619.0
4.0,17.0,47.0,135.0,157.0,299.0,4,619.0
4.0,17.0,47.0,135.0,299.0,328.0,4,586.0
4.0,17.0,47.0,182.0,299.0,586.0,4,619.0
4.0,17.0,47.0,135.0,182.0,299.0,4,619.0
4.0,17.0,135.0,182.0,299.0,508.0,4,619.0
4.0,17.0,135.0,182.0,299.0,508.0,4,619.0
4.0,32.0,34.0,44.0,241.0,484.0,4,539.0
4.0,32.0,34.0,44.0,241.0,484.0,4,539.0
4.0,32.0,44.0,302.0,484.0,539.0,4,932.0
4.0,32.0,44.0,302.0,484.0,539.0,4,932.0
4.0,32.0,34.0,44.0,241.0,484.0,4,539.0
4.0,32.0,44.0,302.0,539.0,911.0,4,932.0
4.0,32.0,34.0,44.0,241.0,484.0,4,539.0
4.0,26.0,40.0,315.0,536.0,634.0,4,684.0
4.0,26.0,40.0,333.0,634.0,684.0,4,948.0
4.0,26.0,40.0,315.0,333.0,634.0,4,948.0
4.0,26.0,40.0,315.0,333.0,634.0,4,948.0
4.0,26.0,40.0,315.0,333.0,536.0,4,961.0
4.0,26.0,40.0,315.0,488.0,536.0,4,914.0
4.0,26.0,40.0,315.0,488.0,536.0,4,914.0
4.0,26.0,40.0,315.0,488.0,536.0,4,914.0
4.0,26.0,40.0,315.0,488.0,536.0,4,914.0
4.0,15.0,659.0,714.0,860.0,872.0,4,1036.0
4.0,15.0,229.0,714.0,860.0,960.0,4,1036.0
4.0,15.0,229.0,714.0,860.0,960.0,4,1036.0
4.0,15.0,229.0,659.0,714.0,872.0,4,960.0
4.0,15.0,377.0,714.0,860.0,960.0,4,1036.0
4.0,15.0,229.0,714.0,860.0,872.0,4,1036.0
4.0,15.0,229.0,714.0,960.0,1028.0,4,1036.0
4.0,15.0,229.0,714.0,960.0,1028.0,4,1036.0
4.0,15.0,659.0,714.0,872.0,960.0,4,1036.0
4.0,15.0,229.0,659.0,714.0,872.0,4,960.0
4.0,15.0,229.0,370.0,659.0,872.0,4,960.0
4.0,15.0,659.0,714.0,860.0,960.0,4,1036.0
4.0,15.0,659.0,714.0,860.0,872.0,4,1036.0
4.0,15.0,229.0,370.0,377.0,860.0,4,960.0
4.0,15.0,229.0,370.0,377.0,860.0,4,960.0
4.0,15.0,229.0,370.0,377.0,860.0,4,960.0
4.0,15.0,370.0,659.0,714.0,872.0,4,1036.0
4.0,15.0,370.0,659.0,714.0,860.0,4,1036.0
4.0,15.0,659.0,714.0,860.0,872.0,4,1036.0
4.0,15.0,659.0,714.0,860.0,872.0,4,1036.0
4.0,15.0,659.0,714.0,860.0,872.0,4,1036.0
4.0,15.0,370.0,377.0,872.0,960.0,4,1036.0
4.0,15.0,375.0,714.0,860.0,872.0,4,1036.0
4.0,15.0,659.0,714.0,860.0,872.0,4,1036.0
4.0,15.0,229.0,714.0,860.0,872.0,4,1036.0
4.0,15.0,229.0,370.0,860.0,960.0,4,1036.0
4.0,15.0,229.0,370.0,860.0,960.0,4,1036.0
4.0,15.0,659.0,714.0,860.0,960.0,4,1036.0
4.0,15.0,229.0,659.0,714.0,860.0,4,872.0
4.0,15.0,244.0,370.0,659.0,872.0,4,960.0
4.0,15.0,229.0,457.0,659.0,860.0,4,960.0
4.0,15.0,229.0,714.0,860.0,872.0,4,960.0
4.0,15.0,229.0,659.0,714.0,860.0,4,960.0
4.0,15.0,229.0,659.0,714.0,872.0,4,960.0
4.0,15.0,229.0,375.0,714.0,872.0,4,960.0
4.0,15.0,370.0,375.0,860.0,872.0,4,960.0
4.0,15.0,375.0,714.0,860.0,872.0,4,960.0
4.0,15.0,229.0,659.0,714.0,860.0,4,872.0
4.0,15.0,659.0,714.0,860.0,872.0,4,960.0
4.0,15.0,659.0,714.0,860.0,872.0,4,1036.0
4.0,15.0,659.0,714.0,860.0,872.0,4,1036.0
4.0,15.0,229.0,457.0,659.0,860.0,4,960.0
4.0,15.0,229.0,457.0,659.0,860.0,4,960.0
4.0,15.0,229.0,457.0,872.0,960.0,4,1036.0
4.0,15.0,659.0,714.0,872.0,960.0,4,1036.0
4.0,15.0,229.0,659.0,714.0,764.0,4,872.0
4.0,15.0,370.0,457.0,659.0,960.0,4,1036.0
4.0,15.0,370.0,659.0,714.0,960.0,4,1036.0
4.0,15.0,370.0,659.0,714.0,960.0,4,1036.0
4.0,15.0,370.0,659.0,714.0,960.0,4,1036.0
4.0,15.0,229.0,714.0,872.0,960.0,4,1036.0
4.0,15.0,457.0,659.0,872.0,960.0,4,1036.0
4.0,15.0,457.0,659.0,764.0,895.0,4,1036.0
4.0,15.0,375.0,714.0,764.0,872.0,4,1036.0
4.0,15.0,375.0,714.0,764.0,872.0,4,1036.0
4.0,15.0,659.0,714.0,872.0,895.0,4,1036.0
4.0,15.0,659.0,714.0,872.0,960.0,4,1036.0
4.0,15.0,659.0,714.0,872.0,960.0,4,1036.0
4.0,15.0,659.0,714.0,872.0,895.0,4,1036.0
4.0,15.0,229.0,659.0,714.0,764.0,4,895.0
4.0,15.0,229.0,659.0,714.0,764.0,4,895.0
4.0,15.0,229.0,375.0,457.0,764.0,4,895.0
4.0,15.0,229.0,375.0,457.0,764.0,4,895.0
4.0,15.0,659.0,714.0,872.0,960.0,4,1036.0
4.0,15.0,229.0,375.0,457.0,764.0,4,895.0
4.0,15.0,229.0,375.0,457.0,764.0,4,895.0
4.0,15.0,229.0,457.0,659.0,764.0,4,895.0
4.0,15.0,229.0,393.0,659.0,764.0,4,895.0
4.0,15.0,659.0,714.0,872.0,960.0,4,1036.0
4.0,15.0,229.0,370.0,659.0,895.0,4,960.0
4.0,15.0,229.0,370.0,764.0,895.0,4,1036.0
4.0,15.0,659.0,714.0,764.0,895.0,4,1036.0
4.0,15.0,659.0,714.0,895.0,960.0,4,1036.0
4.0,15.0,659.0,714.0,872.0,960.0,4,1036.0
4.0,15.0,659.0,714.0,872.0,960.0,4,1036.0
4.0,15.0,229.0,714.0,872.0,960.0,4,1036.0
4.0,15.0,229.0,370.0,764.0,895.0,4,1036.0
4.0,15.0,229.0,370.0,764.0,872.0,4,895.0
4.0,15.0,714.0,872.0,895.0,960.0,4,1036.0
4.0,15.0,393.0,625.0,764.0,872.0,4,895.0
4.0,15.0,659.0,714.0,872.0,960.0,4,1036.0
4.0,15.0,229.0,370.0,764.0,895.0,4,1036.0
4.0,15.0,229.0,370.0,764.0,895.0,4,1036.0
4.0,15.0,229.0,370.0,625.0,764.0,4,895.0
4.0,15.0,659.0,714.0,764.0,895.0,4,1036.0
4.0,15.0,659.0,714.0,872.0,960.0,4,1036.0
4.0,15.0,625.0,714.0,872.0,960.0,4,1036.0
4.0,15.0,393.0,625.0,872.0,960.0,4,1036.0
4.0,15.0,229.0,714.0,895.0,960.0,4,1036.0
4.0,15.0,229.0,714.0,764.0,895.0,4,1036.0
4.0,15.0,229.0,714.0,764.0,895.0,4,1036.0
4.0,15.0,229.0,625.0,714.0,764.0,4,960.0
4.0,15.0,229.0,714.0,764.0,960.0,4,1036.0
4.0,15.0,229.0,714.0,764.0,960.0,4,1036.0
4.0,15.0,370.0,393.0,625.0,764.0,4,872.0
4.0,15.0,375.0,714.0,872.0,960.0,4,1036.0
4.0,15.0,370.0,375.0,764.0,895.0,4,1036.0
4.0,15.0,370.0,375.0,764.0,895.0,4,1036.0
4.0,15.0,229.0,370.0,625.0,764.0,4,895.0
4.0,15.0,659.0,714.0,764.0,960.0,4,1036.0
4.0,15.0,659.0,714.0,872.0,960.0,4,1036.0
4.0,15.0,659.0,714.0,872.0,960.0,4,1036.0
4.0,15.0,229.0,370.0,375.0,764.0,4,895.0
4.0,15.0,229.0,714.0,764.0,895.0,4,1036.0
4.0,15.0,229.0,370.0,625.0,764.0,4,895.0
4.0,1.0,356.0,577.0,790.0,808.0,4,820.0
4.0,1.0,250.0,463.0,577.0,808.0,4,820.0
4.0,1.0,356.0,577.0,790.0,808.0,4,820.0
4.0,1.0,356.0,577.0,790.0,808.0,4,820.0
4.0,1.0,356.0,577.0,790.0,808.0,4,820.0
4.0,4.0,259.0,598.0,646.0,853.0,4,936.0
4.0,4.0,126.0,601.0,768.0,853.0,4,936.0
4.0,4.0,134.0,259.0,487.0,601.0,4,646.0
4.0,4.0,134.0,259.0,487.0,601.0,4,646.0
4.0,4.0,134.0,259.0,487.0,601.0,4,646.0
4.0,15.0,659.0,714.0,872.0,960.0,4,1036.0
4.0,15.0,659.0,714.0,895.0,960.0,4,1036.0
4.0,15.0,229.0,659.0,714.0,764.0,4,895.0
4.0,15.0,229.0,375.0,393.0,764.0,4,895.0
4.0,15.0,229.0,393.0,625.0,764.0,4,895.0
4.0,15.0,659.0,714.0,895.0,960.0,4,1036.0
4.0,15.0,659.0,714.0,872.0,960.0,4,1036.0
4.0,15.0,229.0,659.0,714.0,764.0,4,895.0
4.0,15.0,229.0,714.0,895.0,960.0,4,1036.0
4.0,15.0,370.0,659.0,895.0,960.0,4,1036.0
4.0,15.0,375.0,714.0,764.0,960.0,4,1036.0
4.0,15.0,375.0,714.0,764.0,960.0,4,1036.0
4.0,15.0,229.0,714.0,872.0,960.0,4,1036.0
4.0,15.0,625.0,714.0,872.0,960.0,4,1036.0
4.0,15.0,659.0,714.0,872.0,960.0,4,1036.0
4.0,15.0,659.0,714.0,895.0,960.0,4,1036.0
4.0,15.0,229.0,659.0,714.0,764.0,4,895.0
4.0,15.0,229.0,370.0,375.0,764.0,4,895.0
4.0,15.0,659.0,714.0,872.0,960.0,4,1036.0
4.0,15.0,659.0,714.0,872.0,960.0,4,1036.0
4.0,15.0,659.0,714.0,872.0,960.0,4,1036.0
4.0,15.0,659.0,714.0,764.0,895.0,4,1036.0
4.0,15.0,229.0,370.0,659.0,764.0,4,895.0
4.0,15.0,229.0,370.0,375.0,764.0,4,895.0
4.0,15.0,370.0,375.0,393.0,625.0,4,764.0
4.0,28.0,110.0,665.0,754.0,785.0,4,859.0
4.0,28.0,41.0,353.0,608.0,859.0,4,1016.0
4.0,28.0,41.0,353.0,608.0,859.0,4,1016.0
4.0,28.0,41.0,353.0,608.0,665.0,4,1016.0
4.0,28.0,41.0,353.0,665.0,754.0,4,1016.0
4.0,28.0,41.0,353.0,665.0,754.0,4,1016.0
4.0,28.0,41.0,353.0,665.0,754.0,4,1016.0
4.0,28.0,110.0,608.0,665.0,859.0,4,1016.0
4.0,28.0,41.0,353.0,608.0,754.0,4,859.0
4.0,13.0,91.0,238.0,320.0,420.0,4,730.0
4.0,13.0,91.0,238.0,320.0,420.0,4,730.0
4.0,13.0,91.0,191.0,320.0,420.0,4,730.0
4.0,13.0,16.0,191.0,319.0,320.0,4,387.0
4.0,13.0,16.0,191.0,319.0,320.0,4,387.0
4.0,13.0,16.0,191.0,319.0,387.0,4,811.0
4.0,13.0,16.0,91.0,238.0,319.0,4,320.0
4.0,13.0,91.0,238.0,319.0,320.0,4,811.0
4.0,13.0,16.0,91.0,238.0,320.0,4,730.0
4.0,13.0,16.0,91.0,238.0,319.0,4,320.0
4.0,13.0,91.0,238.0,320.0,730.0,4,811.0
4.0,12.0,216.0,230.0,531.0,715.0,4,856.0
4.0,12.0,216.0,230.0,531.0,788.0,4,986.0
4.0,12.0,216.0,230.0,715.0,856.0,4,986.0
4.0,12.0,216.0,230.0,715.0,856.0,4,986.0
4.0,12.0,216.0,531.0,715.0,933.0,4,986.0
4.0,12.0,216.0,531.0,715.0,933.0,4,986.0
4.0,12.0,216.0,230.0,531.0,715.0,4,856.0
4.0,12.0,531.0,715.0,788.0,933.0,4,986.0
4.0,12.0,216.0,788.0,856.0,933.0,4,986.0
4.0,12.0,216.0,715.0,856.0,933.0,4,986.0
4.0,12.0,216.0,531.0,715.0,933.0,4,986.0
4.0,26.0,40.0,46.0,315.0,536.0,4,914.0
4.0,26.0,40.0,315.0,333.0,536.0,4,914.0
4.0,26.0,40.0,315.0,333.0,536.0,4,948.0
4.0,26.0,40.0,315.0,333.0,536.0,4,948.0
4.0,26.0,333.0,450.0,634.0,684.0,4,948.0
4.0,26.0,40.0,315.0,536.0,634.0,4,948.0
4.0,26.0,40.0,315.0,536.0,634.0,4,948.0
4.0,26.0,40.0,46.0,315.0,634.0,4,948.0
4.0,26.0,315.0,333.0,450.0,634.0,4,948.0
4.0,26.0,40.0,450.0,536.0,684.0,4,948.0
4.0,26.0,40.0,315.0,333.0,536.0,4,684.0
4.0,26.0,40.0,315.0,333.0,536.0,4,634.0
4.0,12.0,216.0,230.0,531.0,715.0,4,856.0
4.0,12.0,216.0,230.0,431.0,715.0,4,856.0
4.0,12.0,431.0,788.0,910.0,933.0,4,986.0
4.0,12.0,216.0,788.0,910.0,933.0,4,986.0
4.0,12.0,216.0,230.0,431.0,715.0,4,910.0
4.0,12.0,216.0,431.0,788.0,910.0,4,933.0
4.0,12.0,216.0,431.0,715.0,856.0,4,933.0
4.0,12.0,216.0,230.0,715.0,856.0,4,986.0
4.0,6.0,55.0,213.0,420.0,809.0,4,867.0
4.0,6.0,55.0,213.0,420.0,625.0,4,809.0
4.0,6.0,55.0,213.0,459.0,625.0,4,656.0
4.0,6.0,61.0,397.0,420.0,809.0,4,867.0
4.0,6.0,55.0,213.0,420.0,625.0,4,809.0
4.0,6.0,55.0,213.0,459.0,625.0,4,656.0
4.0,6.0,55.0,213.0,459.0,625.0,4,656.0
4.0,12.0,216.0,531.0,715.0,856.0,4,933.0
4.0,12.0,111.0,431.0,715.0,856.0,4,933.0
4.0,12.0,0.0,111.0,216.0,531.0,4,910.0
4.0,12.0,0.0,111.0,216.0,431.0,4,856.0
4.0,12.0,111.0,216.0,531.0,856.0,4,933.0
4.0,12.0,111.0,216.0,431.0,715.0,4,933.0
4.0,12.0,0.0,431.0,462.0,788.0,4,986.0
4.0,12.0,0.0,431.0,462.0,788.0,4,986.0
4.0,12.0,0.0,216.0,431.0,462.0,4,788.0
4.0,12.0,0.0,201.0,216.0,431.0,4,856.0
4.0,12.0,111.0,216.0,856.0,933.0,4,986.0
4.0,12.0,111.0,216.0,531.0,856.0,4,933.0
4.0,12.0,111.0,216.0,531.0,856.0,4,933.0
4.0,12.0,0.0,111.0,431.0,462.0,4,531.0
4.0,12.0,0.0,216.0,431.0,462.0,4,986.0
4.0,12.0,111.0,216.0,431.0,856.0,4,933.0
4.0,12.0,0.0,111.0,531.0,788.0,4,986.0
4.0,12.0,0.0,201.0,531.0,788.0,4,986.0
4.0,12.0,0.0,111.0,216.0,431.0,4,856.0
4.0,12.0,111.0,715.0,856.0,933.0,4,986.0
4.0,12.0,111.0,431.0,462.0,715.0,4,933.0
4.0,12.0,111.0,216.0,431.0,462.0,4,933.0
4.0,12.0,111.0,216.0,431.0,462.0,4,933.0
4.0,12.0,216.0,230.0,531.0,715.0,4,856.0
4.0,12.0,111.0,230.0,431.0,788.0,4,856.0
4.0,12.0,111.0,216.0,230.0,531.0,4,856.0
4.0,12.0,111.0,216.0,230.0,531.0,4,856.0
4.0,12.0,216.0,230.0,531.0,715.0,4,910.0
4.0,12.0,216.0,230.0,431.0,715.0,4,910.0
4.0,12.0,216.0,230.0,715.0,856.0,4,986.0
4.0,12.0,111.0,216.0,531.0,933.0,4,986.0
4.0,29.0,86.0,242.0,283.0,338.0,4,456.0
4.0,29.0,86.0,242.0,338.0,456.0,4,769.0
4.0,29.0,86.0,338.0,456.0,874.0,4,990.0
4.0,29.0,86.0,132.0,242.0,647.0,4,769.0
4.0,29.0,86.0,132.0,242.0,338.0,4,769.0
4.0,29.0,86.0,132.0,338.0,456.0,4,990.0
4.0,29.0,86.0,132.0,242.0,338.0,4,990.0
4.0,33.0,14.0,45.0,255.0,789.0,4,807.0
4.0,33.0,14.0,45.0,255.0,789.0,4,807.0
4.0,33.0,14.0,125.0,255.0,789.0,4,854.0
4.0,33.0,125.0,255.0,337.0,789.0,4,854.0
4.0,33.0,45.0,125.0,301.0,337.0,4,854.0
4.0,33.0,45.0,125.0,255.0,301.0,4,337.0
4.0,33.0,14.0,45.0,255.0,789.0,4,807.0
4.0,33.0,14.0,45.0,255.0,789.0,4,807.0
4.0,33.0,125.0,255.0,607.0,789.0,4,807.0
4.0,33.0,45.0,125.0,301.0,607.0,4,807.0
4.0,33.0,14.0,45.0,125.0,255.0,4,301.0
4.0,33.0,14.0,125.0,255.0,301.0,4,789.0
4.0,12.0,216.0,230.0,531.0,715.0,4,856.0
4.0,12.0,111.0,216.0,230.0,531.0,4,856.0
4.0,12.0,111.0,216.0,431.0,856.0,4,933.0
4.0,12.0,111.0,431.0,715.0,910.0,4,933.0
4.0,12.0,216.0,230.0,531.0,715.0,4,856.0
4.0,12.0,111.0,216.0,431.0,910.0,4,933.0
4.0,12.0,216.0,230.0,715.0,856.0,4,986.0
4.0,17.0,47.0,108.0,505.0,619.0,4,635.0
4.0,17.0,47.0,108.0,328.0,505.0,4,635.0
4.0,17.0,157.0,182.0,328.0,586.0,4,619.0
4.0,17.0,47.0,157.0,328.0,586.0,4,635.0
4.0,17.0,47.0,108.0,157.0,328.0,4,635.0
4.0,17.0,47.0,108.0,328.0,505.0,4,635.0
4.0,17.0,47.0,108.0,505.0,619.0,4,635.0
4.0,17.0,182.0,328.0,505.0,586.0,4,619.0
4.0,12.0,216.0,230.0,531.0,715.0,4,856.0
4.0,12.0,111.0,216.0,230.0,431.0,4,910.0
4.0,12.0,111.0,431.0,715.0,910.0,4,933.0
4.0,12.0,111.0,216.0,431.0,910.0,4,933.0
4.0,12.0,216.0,230.0,531.0,715.0,4,856.0
4.0,12.0,111.0,216.0,230.0,431.0,4,856.0
4.0,12.0,111.0,216.0,230.0,431.0,4,856.0
4.0,12.0,216.0,230.0,531.0,715.0,4,856.0
4.0,12.0,111.0,531.0,715.0,910.0,4,933.0
4.0,12.0,111.0,431.0,715.0,910.0,4,933.0
4.0,12.0,111.0,216.0,431.0,910.0,4,933.0
4.0,12.0,111.0,216.0,230.0,531.0,4,910.0
4.0,12.0,216.0,230.0,431.0,715.0,4,856.0
4.0,0.0,13.0,204.0,418.0,448.0,4,686.0
4.0,0.0,204.0,418.0,465.0,532.0,4,535.0
4.0,0.0,204.0,418.0,465.0,532.0,4,535.0
4.0,0.0,204.0,418.0,465.0,532.0,4,535.0
4.0,0.0,13.0,204.0,418.0,465.0,4,535.0
4.0,0.0,13.0,535.0,686.0,695.0,4,713.0
4.0,0.0,13.0,535.0,686.0,695.0,4,713.0
4.0,0.0,13.0,418.0,535.0,686.0,4,713.0
4.0,0.0,13.0,204.0,418.0,465.0,4,532.0
4.0,0.0,13.0,204.0,418.0,535.0,4,713.0
4.0,4.0,134.0,259.0,487.0,561.0,4,646.0
4.0,4.0,126.0,134.0,487.0,646.0,4,853.0
4.0,4.0,126.0,487.0,601.0,853.0,4,936.0
4.0,4.0,134.0,259.0,487.0,601.0,4,646.0
4.0,4.0,134.0,259.0,487.0,561.0,4,646.0
4.0,4.0,126.0,487.0,601.0,853.0,4,936.0
4.0,4.0,134.0,259.0,601.0,646.0,4,936.0
4.0,12.0,216.0,230.0,531.0,715.0,4,856.0
4.0,12.0,111.0,431.0,715.0,910.0,4,933.0
4.0,12.0,111.0,216.0,431.0,910.0,4,933.0
4.0,12.0,216.0,230.0,431.0,715.0,4,856.0
4.0,12.0,111.0,230.0,431.0,715.0,4,856.0
4.0,12.0,216.0,230.0,531.0,715.0,4,856.0
4.0,12.0,111.0,431.0,715.0,910.0,4,933.0
4.0,12.0,111.0,216.0,431.0,910.0,4,933.0
4.0,12.0,111.0,216.0,431.0,856.0,4,933.0
4.0,12.0,111.0,216.0,431.0,856.0,4,933.0
4.0,1.0,78.0,356.0,682.0,820.0,4,898.0
4.0,1.0,577.0,740.0,790.0,820.0,4,898.0
4.0,1.0,577.0,740.0,790.0,820.0,4,898.0
4.0,1.0,356.0,577.0,740.0,790.0,4,820.0
4.0,1.0,356.0,577.0,740.0,790.0,4,820.0
4.0,1.0,356.0,577.0,682.0,740.0,4,820.0
4.0,1.0,356.0,682.0,740.0,790.0,4,898.0
4.0,1.0,577.0,682.0,740.0,790.0,4,898.0
4.0,1.0,356.0,577.0,682.0,740.0,4,790.0
4.0,1.0,356.0,577.0,740.0,790.0,4,820.0
4.0,1.0,356.0,577.0,740.0,790.0,4,820.0
4.0,12.0,216.0,230.0,462.0,715.0,4,856.0
4.0,12.0,216.0,230.0,715.0,856.0,4,986.0
4.0,12.0,111.0,715.0,910.0,933.0,4,986.0
4.0,12.0,111.0,216.0,431.0,910.0,4,933.0
4.0,12.0,111.0,216.0,431.0,910.0,4,933.0
4.0,12.0,216.0,230.0,462.0,715.0,4,856.0
4.0,12.0,111.0,230.0,462.0,715.0,4,856.0
4.0,12.0,111.0,216.0,230.0,462.0,4,910.0
4.0,12.0,111.0,715.0,910.0,933.0,4,986.0
4.0,12.0,111.0,431.0,715.0,910.0,4,933.0
4.0,12.0,111.0,216.0,230.0,856.0,4,933.0
4.0,12.0,111.0,230.0,431.0,856.0,4,933.0
4.0,12.0,111.0,216.0,230.0,531.0,4,856.0
4.0,12.0,111.0,216.0,230.0,531.0,4,856.0
4.0,12.0,216.0,230.0,431.0,715.0,4,856.0
4.0,12.0,201.0,431.0,715.0,910.0,4,933.0
4.0,12.0,111.0,216.0,230.0,531.0,4,856.0
4.0,12.0,111.0,216.0,230.0,531.0,4,856.0
4.0,12.0,111.0,216.0,462.0,856.0,4,933.0
4.0,12.0,111.0,216.0,230.0,531.0,4,856.0
4.0,12.0,111.0,462.0,715.0,910.0,4,933.0
4.0,34.0,36.0,404.0,589.0,753.0,4,814.0
4.0,34.0,36.0,383.0,530.0,589.0,4,753.0
4.0,34.0,404.0,506.0,530.0,753.0,4,814.0
4.0,34.0,36.0,404.0,506.0,753.0,4,814.0
4.0,34.0,36.0,404.0,506.0,753.0,4,814.0
4.0,34.0,404.0,506.0,530.0,753.0,4,814.0
4.0,34.0,36.0,139.0,530.0,753.0,4,975.0
4.0,34.0,36.0,139.0,530.0,753.0,4,975.0
4.0,34.0,36.0,139.0,530.0,753.0,4,975.0
4.0,34.0,36.0,139.0,506.0,753.0,4,814.0
4.0,12.0,216.0,230.0,531.0,715.0,4,856.0
4.0,12.0,111.0,788.0,910.0,933.0,4,986.0
4.0,12.0,216.0,431.0,788.0,910.0,4,933.0
4.0,12.0,216.0,431.0,788.0,856.0,4,933.0
4.0,12.0,216.0,230.0,431.0,715.0,4,856.0
4.0,12.0,111.0,230.0,531.0,788.0,4,856.0
4.0,12.0,111.0,230.0,431.0,715.0,4,856.0
4.0,0.0,13.0,418.0,493.0,535.0,4,695.0
4.0,0.0,13.0,418.0,493.0,535.0,4,713.0
4.0,0.0,13.0,204.0,418.0,695.0,4,1037.0
4.0,0.0,13.0,493.0,535.0,695.0,4,713.0
4.0,0.0,13.0,418.0,493.0,535.0,4,713.0
4.0,0.0,13.0,418.0,493.0,535.0,4,713.0
4.0,0.0,418.0,493.0,535.0,695.0,4,1037.0
4.0,0.0,13.0,418.0,493.0,535.0,4,713.0
4.0,0.0,13.0,418.0,493.0,535.0,4,713.0
4.0,26.0,46.0,315.0,488.0,536.0,4,684.0
4.0,26.0,40.0,333.0,536.0,684.0,4,948.0
4.0,26.0,40.0,315.0,333.0,536.0,4,948.0
4.0,26.0,315.0,333.0,488.0,536.0,4,684.0
4.0,26.0,40.0,315.0,488.0,536.0,4,684.0
4.0,26.0,40.0,315.0,488.0,536.0,4,684.0
4.0,26.0,40.0,315.0,333.0,634.0,4,948.0
4.0,26.0,40.0,333.0,634.0,684.0,4,948.0
4.0,26.0,40.0,333.0,634.0,684.0,4,948.0
4.0,26.0,40.0,315.0,333.0,488.0,4,536.0
4.0,12.0,111.0,216.0,462.0,788.0,4,933.0
4.0,12.0,216.0,230.0,462.0,715.0,4,788.0
4.0,12.0,111.0,216.0,230.0,462.0,4,715.0
4.0,12.0,216.0,230.0,431.0,788.0,4,856.0
4.0,12.0,216.0,230.0,431.0,462.0,4,788.0
4.0,12.0,216.0,230.0,462.0,715.0,4,788.0
4.0,13.0,91.0,238.0,319.0,320.0,4,866.0
4.0,13.0,80.0,91.0,387.0,811.0,4,866.0
4.0,13.0,80.0,91.0,387.0,811.0,4,866.0
4.0,13.0,80.0,91.0,238.0,811.0,4,866.0
4.0,13.0,80.0,91.0,238.0,320.0,4,866.0
4.0,13.0,80.0,320.0,387.0,811.0,4,866.0
4.0,13.0,80.0,320.0,387.0,811.0,4,866.0
4.0,13.0,80.0,91.0,238.0,320.0,4,866.0
4.0,13.0,16.0,91.0,319.0,320.0,4,387.0
4.0,13.0,319.0,320.0,387.0,811.0,4,866.0
4.0,13.0,319.0,320.0,387.0,811.0,4,866.0
4.0,13.0,80.0,91.0,238.0,320.0,4,811.0
4.0,13.0,80.0,91.0,238.0,320.0,4,811.0
4.0,28.0,218.0,608.0,754.0,859.0,4,1016.0
4.0,28.0,218.0,608.0,754.0,859.0,4,1016.0
4.0,28.0,218.0,608.0,754.0,859.0,4,1016.0
4.0,28.0,218.0,608.0,754.0,859.0,4,1016.0
4.0,28.0,497.0,608.0,754.0,785.0,4,1016.0
4.0,28.0,497.0,608.0,785.0,859.0,4,1016.0
4.0,28.0,497.0,608.0,754.0,785.0,4,859.0
4.0,28.0,218.0,608.0,754.0,859.0,4,1016.0
4.0,12.0,216.0,230.0,462.0,715.0,4,788.0
4.0,12.0,216.0,230.0,462.0,715.0,4,788.0
4.0,12.0,216.0,230.0,431.0,715.0,4,910.0
4.0,12.0,216.0,230.0,462.0,788.0,4,986.0
4.0,12.0,216.0,230.0,431.0,462.0,4,788.0
4.0,12.0,111.0,230.0,431.0,462.0,4,788.0
4.0,12.0,0.0,216.0,462.0,715.0,4,788.0
4.0,12.0,216.0,230.0,462.0,715.0,4,788.0
4.0,12.0,216.0,230.0,531.0,715.0,4,856.0
4.0,12.0,230.0,531.0,715.0,788.0,4,856.0
4.0,12.0,230.0,531.0,715.0,788.0,4,856.0
4.0,12.0,0.0,431.0,462.0,788.0,4,933.0
4.0,12.0,0.0,216.0,431.0,462.0,4,933.0
4.0,12.0,0.0,216.0,230.0,531.0,4,856.0
4.0,12.0,216.0,230.0,531.0,715.0,4,856.0
4.0,12.0,216.0,230.0,531.0,715.0,4,856.0
4.0,12.0,230.0,431.0,462.0,715.0,4,788.0
4.0,12.0,216.0,230.0,531.0,715.0,4,856.0
4.0,12.0,216.0,230.0,462.0,531.0,4,715.0
4.0,12.0,0.0,216.0,431.0,462.0,4,715.0
4.0,12.0,0.0,216.0,431.0,462.0,4,715.0
4.0,12.0,0.0,216.0,531.0,715.0,4,910.0
4.0,12.0,0.0,201.0,531.0,788.0,4,910.0
4.0,4.0,259.0,598.0,646.0,853.0,4,936.0
4.0,4.0,259.0,646.0,768.0,853.0,4,936.0
4.0,4.0,126.0,646.0,768.0,853.0,4,936.0
4.0,4.0,126.0,134.0,601.0,853.0,4,936.0
4.0,4.0,259.0,598.0,601.0,646.0,4,936.0
4.0,4.0,259.0,598.0,646.0,853.0,4,936.0
4.0,4.0,126.0,601.0,646.0,853.0,4,936.0
4.0,4.0,126.0,134.0,601.0,646.0,4,853.0
4.0,4.0,134.0,259.0,601.0,646.0,4,853.0
4.0,4.0,134.0,259.0,601.0,646.0,4,853.0
4.0,4.0,134.0,259.0,601.0,646.0,4,853.0
4.0,12.0,216.0,230.0,531.0,715.0,4,856.0
4.0,12.0,216.0,230.0,715.0,856.0,4,986.0
4.0,12.0,216.0,230.0,462.0,788.0,4,986.0
4.0,12.0,0.0,201.0,462.0,788.0,4,986.0
4.0,12.0,0.0,201.0,462.0,531.0,4,788.0
4.0,12.0,216.0,230.0,531.0,715.0,4,856.0
4.0,12.0,216.0,230.0,531.0,788.0,4,856.0
4.0,6.0,55.0,61.0,171.0,809.0,4,867.0
4.0,6.0,55.0,171.0,397.0,656.0,4,809.0
4.0,6.0,55.0,171.0,397.0,656.0,4,809.0
4.0,6.0,55.0,171.0,397.0,656.0,4,809.0
4.0,6.0,55.0,171.0,397.0,656.0,4,809.0
4.0,6.0,55.0,61.0,171.0,397.0,4,809.0
4.0,6.0,30.0,61.0,499.0,656.0,4,867.0
4.0,6.0,30.0,397.0,499.0,656.0,4,809.0
4.0,6.0,55.0,61.0,171.0,397.0,4,809.0
4.0,12.0,216.0,230.0,531.0,715.0,4,856.0
4.0,12.0,216.0,230.0,715.0,856.0,4,986.0
4.0,12.0,0.0,201.0,462.0,788.0,4,986.0
4.0,12.0,216.0,230.0,431.0,715.0,4,856.0
4.0,12.0,216.0,230.0,431.0,462.0,4,715.0
4.0,12.0,216.0,230.0,431.0,462.0,4,715.0
4.0,12.0,216.0,230.0,531.0,715.0,4,856.0
4.0,12.0,216.0,230.0,462.0,531.0,4,715.0
4.0,12.0,216.0,230.0,531.0,715.0,4,986.0
4.0,12.0,0.0,216.0,462.0,788.0,4,986.0
4.0,12.0,0.0,201.0,788.0,856.0,4,986.0
4.0,12.0,216.0,230.0,531.0,715.0,4,856.0
4.0,12.0,0.0,201.0,462.0,788.0,4,986.0
4.0,12.0,0.0,216.0,462.0,788.0,4,986.0
4.0,12.0,0.0,216.0,462.0,531.0,4,788.0
4.0,12.0,216.0,230.0,531.0,715.0,4,856.0
4.0,12.0,0.0,216.0,462.0,788.0,4,986.0
4.0,12.0,0.0,201.0,462.0,788.0,4,986.0
4.0,12.0,216.0,230.0,531.0,788.0,4,856.0
4.0,17.0,47.0,108.0,182.0,328.0,4,505.0
4.0,17.0,47.0,108.0,135.0,505.0,4,635.0
4.0,17.0,135.0,328.0,505.0,586.0,4,635.0
4.0,17.0,47.0,299.0,505.0,586.0,4,635.0
4.0,17.0,47.0,108.0,135.0,328.0,4,505.0
4.0,17.0,108.0,135.0,328.0,586.0,4,635.0
4.0,17.0,47.0,108.0,135.0,586.0,4,635.0
4.0,17.0,135.0,299.0,328.0,508.0,4,586.0
4.0,9.0,85.0,366.0,845.0,941.0,4,968.0
4.0,9.0,76.0,81.0,366.0,941.0,4,968.0
4.0,9.0,81.0,149.0,169.0,941.0,4,1019.0
4.0,9.0,76.0,81.0,149.0,169.0,4,1019.0
4.0,9.0,85.0,366.0,845.0,941.0,4,968.0
4.0,9.0,85.0,366.0,845.0,941.0,4,968.0
4.0,9.0,76.0,85.0,366.0,845.0,4,968.0
4.0,9.0,76.0,81.0,149.0,169.0,4,1019.0
4.0,34.0,36.0,404.0,506.0,530.0,4,753.0
4.0,34.0,36.0,530.0,583.0,753.0,4,814.0
4.0,34.0,36.0,530.0,583.0,753.0,4,814.0
4.0,34.0,36.0,139.0,506.0,530.0,4,583.0
4.0,34.0,15.0,506.0,814.0,975.0,4,1033.0
4.0,34.0,15.0,36.0,404.0,530.0,4,753.0
4.0,34.0,15.0,36.0,404.0,506.0,4,753.0
4.0,34.0,139.0,506.0,583.0,753.0,4,975.0
4.0,12.0,201.0,230.0,788.0,856.0,4,986.0
4.0,12.0,201.0,230.0,788.0,856.0,4,986.0
4.0,12.0,201.0,230.0,462.0,788.0,4,986.0
4.0,12.0,0.0,111.0,462.0,788.0,4,986.0
4.0,12.0,0.0,111.0,462.0,788.0,4,986.0
4.0,12.0,111.0,201.0,230.0,531.0,4,856.0
4.0,12.0,0.0,111.0,201.0,462.0,4,531.0
4.0,12.0,0.0,111.0,216.0,462.0,4,531.0
4.0,12.0,0.0,111.0,216.0,462.0,4,531.0
4.0,12.0,0.0,111.0,216.0,462.0,4,531.0
4.0,12.0,111.0,216.0,230.0,531.0,4,856.0
4.0,12.0,0.0,216.0,462.0,788.0,4,986.0
4.0,12.0,111.0,216.0,230.0,531.0,4,856.0
4.0,12.0,111.0,216.0,230.0,788.0,4,856.0
4.0,12.0,216.0,230.0,788.0,856.0,4,986.0
4.0,12.0,0.0,201.0,531.0,788.0,4,986.0
4.0,12.0,0.0,201.0,531.0,788.0,4,986.0
4.0,12.0,0.0,201.0,788.0,856.0,4,986.0
4.0,12.0,0.0,201.0,788.0,856.0,4,986.0
4.0,12.0,0.0,111.0,216.0,856.0,4,986.0
4.0,12.0,0.0,216.0,788.0,856.0,4,986.0
4.0,32.0,44.0,241.0,302.0,426.0,4,524.0
4.0,32.0,241.0,302.0,426.0,524.0,4,824.0
4.0,32.0,498.0,524.0,624.0,824.0,4,911.0
4.0,32.0,44.0,484.0,624.0,824.0,4,911.0
4.0,32.0,302.0,484.0,624.0,824.0,4,911.0
4.0,32.0,44.0,426.0,484.0,624.0,4,824.0
4.0,32.0,44.0,484.0,624.0,824.0,4,911.0
4.0,32.0,44.0,302.0,484.0,624.0,4,911.0
4.0,32.0,241.0,302.0,524.0,624.0,4,824.0
4.0,1.0,356.0,577.0,790.0,808.0,4,820.0
4.0,1.0,133.0,356.0,463.0,577.0,4,790.0
4.0,1.0,133.0,250.0,356.0,463.0,4,983.0
4.0,1.0,250.0,356.0,463.0,808.0,4,983.0
4.0,1.0,250.0,356.0,463.0,746.0,4,808.0
4.0,1.0,356.0,463.0,746.0,808.0,4,820.0
4.0,1.0,133.0,250.0,356.0,463.0,4,983.0
4.0,1.0,133.0,250.0,356.0,463.0,4,983.0
4.0,1.0,250.0,356.0,463.0,820.0,4,983.0
4.0,12.0,216.0,230.0,788.0,856.0,4,986.0
4.0,12.0,201.0,230.0,788.0,856.0,4,986.0
4.0,12.0,0.0,111.0,201.0,462.0,4,531.0
4.0,12.0,0.0,111.0,216.0,462.0,4,531.0
4.0,12.0,111.0,216.0,230.0,462.0,4,986.0
4.0,12.0,111.0,216.0,230.0,856.0,4,986.0
4.0,12.0,216.0,230.0,788.0,856.0,4,986.0
4.0,12.0,201.0,230.0,788.0,856.0,4,986.0
4.0,12.0,0.0,201.0,462.0,788.0,4,986.0
4.0,12.0,111.0,216.0,230.0,856.0,4,986.0
4.0,12.0,111.0,216.0,230.0,462.0,4,986.0
4.0,12.0,216.0,230.0,788.0,856.0,4,986.0
4.0,12.0,111.0,216.0,230.0,531.0,4,856.0
4.0,12.0,0.0,111.0,216.0,462.0,4,531.0
4.0,12.0,111.0,216.0,230.0,788.0,4,856.0
4.0,9.0,366.0,452.0,828.0,845.0,4,941.0
4.0,9.0,76.0,452.0,828.0,845.0,4,1019.0
4.0,9.0,76.0,366.0,828.0,845.0,4,941.0
4.0,9.0,366.0,452.0,828.0,845.0,4,941.0
4.0,9.0,76.0,366.0,828.0,845.0,4,941.0
4.0,9.0,149.0,452.0,828.0,941.0,4,1019.0
4.0,9.0,149.0,452.0,828.0,941.0,4,1019.0
4.0,9.0,149.0,366.0,828.0,845.0,4,941.0
4.0,12.0,0.0,111.0,201.0,531.0,4,856.0
4.0,12.0,0.0,111.0,201.0,462.0,4,531.0
4.0,12.0,0.0,111.0,201.0,462.0,4,531.0
4.0,12.0,0.0,111.0,216.0,531.0,4,856.0
4.0,12.0,111.0,216.0,230.0,856.0,4,986.0
4.0,12.0,0.0,111.0,201.0,462.0,4,531.0
4.0,12.0,0.0,111.0,201.0,462.0,4,531.0
4.0,12.0,0.0,111.0,216.0,462.0,4,531.0
4.0,12.0,0.0,111.0,216.0,462.0,4,531.0
4.0,12.0,111.0,216.0,230.0,531.0,4,856.0
4.0,12.0,0.0,111.0,462.0,531.0,4,715.0
4.0,12.0,0.0,111.0,216.0,462.0,4,531.0
4.0,12.0,0.0,111.0,216.0,531.0,4,856.0
4.0,12.0,216.0,230.0,531.0,788.0,4,856.0
4.0,12.0,216.0,230.0,788.0,856.0,4,986.0
4.0,12.0,230.0,462.0,531.0,715.0,4,788.0
4.0,12.0,0.0,111.0,462.0,531.0,4,715.0
4.0,12.0,0.0,111.0,462.0,531.0,4,715.0
4.0,12.0,0.0,111.0,216.0,462.0,4,531.0
4.0,12.0,216.0,230.0,788.0,856.0,4,986.0
4.0,12.0,216.0,230.0,788.0,856.0,4,986.0
4.0,12.0,216.0,230.0,788.0,856.0,4,986.0
4.0,12.0,216.0,230.0,788.0,856.0,4,986.0
4.0,12.0,111.0,230.0,715.0,856.0,4,986.0
4.0,12.0,216.0,230.0,788.0,856.0,4,986.0
4.0,12.0,216.0,230.0,788.0,856.0,4,986.0
4.0,12.0,111.0,230.0,462.0,715.0,4,986.0
4.0,12.0,0.0,111.0,462.0,531.0,4,715.0
4.0,12.0,0.0,111.0,462.0,531.0,4,715.0
4.0,12.0,0.0,111.0,462.0,531.0,4,715.0
4.0,12.0,0.0,216.0,462.0,531.0,4,715.0
4.0,12.0,0.0,216.0,462.0,531.0,4,715.0
4.0,12.0,216.0,230.0,788.0,856.0,4,986.0
4.0,12.0,216.0,230.0,788.0,856.0,4,986.0
4.0,12.0,0.0,111.0,531.0,715.0,4,986.0
4.0,12.0,0.0,111.0,531.0,715.0,4,856.0
4.0,12.0,0.0,201.0,431.0,531.0,4,715.0
4.0,12.0,0.0,201.0,431.0,531.0,4,788.0
4.0,12.0,216.0,230.0,788.0,856.0,4,986.0
4.0,12.0,111.0,230.0,715.0,856.0,4,986.0
4.0,12.0,0.0,201.0,462.0,531.0,4,715.0
4.0,12.0,201.0,216.0,230.0,856.0,4,986.0
4.0,12.0,216.0,230.0,531.0,715.0,4,856.0
4.0,12.0,216.0,230.0,788.0,856.0,4,986.0
4.0,12.0,111.0,216.0,230.0,856.0,4,986.0
4.0,12.0,0.0,111.0,216.0,462.0,4,531.0
4.0,12.0,0.0,111.0,462.0,531.0,4,715.0
4.0,12.0,111.0,230.0,462.0,531.0,4,715.0
4.0,12.0,111.0,216.0,230.0,531.0,4,856.0
4.0,25.0,106.0,294.0,380.0,421.0,4,453.0
4.0,25.0,158.0,453.0,653.0,798.0,4,864.0
4.0,25.0,106.0,158.0,380.0,798.0,4,864.0
4.0,25.0,294.0,300.0,421.0,798.0,4,864.0
4.0,25.0,294.0,300.0,421.0,798.0,4,864.0
4.0,25.0,158.0,294.0,300.0,380.0,4,453.0
4.0,25.0,158.0,300.0,653.0,798.0,4,864.0
4.0,33.0,14.0,45.0,255.0,789.0,4,807.0
4.0,33.0,14.0,45.0,255.0,789.0,4,807.0
4.0,33.0,14.0,125.0,255.0,789.0,4,854.0
4.0,33.0,14.0,125.0,255.0,789.0,4,854.0
4.0,33.0,45.0,125.0,301.0,337.0,4,361.0
4.0,33.0,14.0,45.0,255.0,789.0,4,807.0
4.0,33.0,14.0,45.0,255.0,789.0,4,807.0
4.0,33.0,14.0,125.0,255.0,337.0,4,807.0
4.0,33.0,125.0,255.0,337.0,789.0,4,854.0
4.0,33.0,14.0,125.0,255.0,789.0,4,854.0
4.0,33.0,14.0,125.0,255.0,789.0,4,854.0
4.0,33.0,14.0,125.0,255.0,789.0,4,854.0
4.0,33.0,14.0,125.0,255.0,337.0,4,807.0
4.0,33.0,125.0,337.0,361.0,607.0,4,854.0
4.0,33.0,45.0,255.0,361.0,607.0,4,789.0
4.0,33.0,14.0,45.0,255.0,361.0,4,789.0
4.0,33.0,14.0,45.0,255.0,337.0,4,807.0
4.0,33.0,14.0,45.0,255.0,789.0,4,807.0
4.0,33.0,14.0,45.0,255.0,789.0,4,807.0
4.0,33.0,45.0,255.0,337.0,789.0,4,807.0
4.0,33.0,14.0,125.0,255.0,337.0,4,807.0
4.0,33.0,14.0,45.0,125.0,255.0,4,337.0
4.0,33.0,14.0,45.0,125.0,255.0,4,789.0
4.0,25.0,106.0,294.0,421.0,814.0,4,1005.0
4.0,25.0,294.0,421.0,662.0,798.0,4,1005.0
4.0,25.0,158.0,294.0,662.0,798.0,4,1005.0
4.0,25.0,106.0,158.0,398.0,662.0,4,798.0
4.0,25.0,106.0,158.0,398.0,662.0,4,814.0
4.0,25.0,106.0,294.0,421.0,814.0,4,1005.0
4.0,25.0,106.0,294.0,421.0,814.0,4,1005.0
4.0,25.0,106.0,158.0,662.0,814.0,4,1005.0
4.0,25.0,398.0,421.0,662.0,798.0,4,814.0
4.0,25.0,106.0,421.0,662.0,814.0,4,1005.0
4.0,0.0,13.0,493.0,535.0,686.0,4,713.0
4.0,0.0,13.0,418.0,493.0,535.0,4,686.0
4.0,0.0,418.0,465.0,532.0,695.0,4,1037.0
4.0,0.0,418.0,465.0,532.0,695.0,4,1037.0
4.0,0.0,13.0,465.0,535.0,686.0,4,713.0
4.0,0.0,13.0,493.0,535.0,686.0,4,713.0
4.0,0.0,13.0,418.0,493.0,535.0,4,686.0
4.0,33.0,14.0,45.0,255.0,789.0,4,807.0
4.0,33.0,14.0,45.0,255.0,789.0,4,807.0
4.0,33.0,14.0,45.0,255.0,789.0,4,807.0
4.0,33.0,301.0,337.0,361.0,789.0,4,854.0
4.0,33.0,301.0,337.0,361.0,789.0,4,854.0
4.0,28.0,41.0,608.0,665.0,754.0,4,1016.0
4.0,28.0,41.0,608.0,665.0,754.0,4,859.0
4.0,28.0,71.0,218.0,608.0,754.0,4,859.0
4.0,28.0,71.0,218.0,608.0,754.0,4,859.0
4.0,28.0,71.0,218.0,665.0,859.0,4,1016.0
4.0,28.0,41.0,608.0,665.0,754.0,4,1016.0
4.0,28.0,41.0,608.0,665.0,754.0,4,1016.0
4.0,28.0,41.0,608.0,665.0,754.0,4,1016.0
4.0,28.0,41.0,218.0,608.0,754.0,4,1016.0
4.0,28.0,71.0,218.0,608.0,859.0,4,1016.0
4.0,28.0,41.0,608.0,665.0,754.0,4,1016.0
4.0,33.0,125.0,301.0,337.0,607.0,4,854.0
4.0,33.0,14.0,125.0,301.0,607.0,4,854.0
4.0,33.0,14.0,125.0,301.0,607.0,4,854.0
4.0,33.0,14.0,45.0,255.0,789.0,4,807.0
4.0,33.0,14.0,45.0,255.0,789.0,4,807.0
4.0,33.0,14.0,125.0,255.0,789.0,4,807.0
4.0,33.0,125.0,255.0,607.0,789.0,4,807.0
4.0,33.0,14.0,125.0,301.0,337.0,4,854.0
4.0,33.0,125.0,255.0,337.0,361.0,4,470.0
4.0,33.0,14.0,45.0,255.0,789.0,4,807.0
4.0,33.0,125.0,255.0,337.0,789.0,4,854.0
4.0,33.0,125.0,301.0,337.0,607.0,4,854.0
4.0,33.0,125.0,301.0,337.0,607.0,4,854.0
4.0,33.0,125.0,301.0,337.0,607.0,4,854.0
4.0,33.0,14.0,45.0,255.0,789.0,4,807.0
4.0,33.0,125.0,301.0,337.0,607.0,4,807.0
4.0,33.0,125.0,301.0,337.0,607.0,4,854.0
4.0,33.0,14.0,125.0,301.0,337.0,4,854.0
4.0,33.0,14.0,125.0,255.0,301.0,4,337.0
4.0,33.0,14.0,125.0,255.0,301.0,4,789.0
4.0,33.0,14.0,125.0,255.0,301.0,4,789.0
4.0,13.0,16.0,91.0,320.0,445.0,4,1026.0
4.0,13.0,191.0,319.0,445.0,817.0,4,866.0
4.0,13.0,91.0,116.0,319.0,320.0,4,866.0
4.0,13.0,91.0,116.0,319.0,320.0,4,866.0
4.0,13.0,16.0,91.0,319.0,320.0,4,866.0
4.0,33.0,14.0,45.0,255.0,789.0,4,807.0
4.0,33.0,45.0,255.0,337.0,789.0,4,807.0
4.0,33.0,125.0,255.0,337.0,789.0,4,807.0
4.0,33.0,125.0,301.0,337.0,607.0,4,854.0
4.0,33.0,45.0,125.0,301.0,607.0,4,854.0
4.0,33.0,14.0,45.0,255.0,301.0,4,789.0
4.0,33.0,14.0,45.0,255.0,301.0,4,789.0
4.0,33.0,14.0,45.0,255.0,789.0,4,807.0
4.0,33.0,14.0,45.0,255.0,789.0,4,807.0
4.0,33.0,14.0,125.0,301.0,789.0,4,807.0
4.0,33.0,14.0,125.0,301.0,789.0,4,807.0
4.0,33.0,45.0,125.0,301.0,337.0,4,854.0
4.0,33.0,45.0,125.0,301.0,337.0,4,854.0
4.0,33.0,14.0,45.0,125.0,255.0,4,301.0
4.0,33.0,14.0,45.0,125.0,255.0,4,301.0
4.0,33.0,14.0,45.0,255.0,301.0,4,361.0
4.0,33.0,301.0,361.0,470.0,607.0,4,854.0
4.0,33.0,125.0,255.0,337.0,361.0,4,789.0
4.0,33.0,14.0,45.0,255.0,301.0,4,789.0
4.0,33.0,14.0,45.0,255.0,301.0,4,789.0
4.0,33.0,14.0,45.0,255.0,361.0,4,789.0
4.0,33.0,14.0,45.0,255.0,789.0,4,854.0
4.0,33.0,14.0,45.0,255.0,789.0,4,854.0
4.0,33.0,14.0,45.0,255.0,789.0,4,854.0
4.0,33.0,14.0,125.0,301.0,337.0,4,854.0
4.0,33.0,14.0,45.0,125.0,255.0,4,789.0
4.0,17.0,47.0,108.0,157.0,328.0,4,505.0
4.0,17.0,182.0,290.0,505.0,586.0,4,635.0
4.0,17.0,182.0,290.0,505.0,586.0,4,635.0
4.0,17.0,47.0,108.0,157.0,290.0,4,505.0
4.0,17.0,47.0,108.0,290.0,505.0,4,586.0
4.0,17.0,47.0,108.0,157.0,505.0,4,586.0
4.0,17.0,47.0,157.0,328.0,505.0,4,586.0
4.0,6.0,55.0,397.0,420.0,730.0,4,809.0
4.0,6.0,55.0,397.0,420.0,730.0,4,809.0
4.0,6.0,35.0,55.0,61.0,730.0,4,809.0
4.0,6.0,35.0,55.0,61.0,213.0,4,730.0
4.0,6.0,35.0,55.0,61.0,213.0,4,730.0
4.0,33.0,14.0,45.0,255.0,789.0,4,807.0
4.0,33.0,125.0,255.0,337.0,698.0,4,807.0
4.0,33.0,14.0,125.0,255.0,789.0,4,807.0
4.0,33.0,14.0,45.0,255.0,789.0,4,807.0
4.0,33.0,125.0,255.0,698.0,789.0,4,807.0
4.0,33.0,125.0,255.0,361.0,698.0,4,789.0
4.0,33.0,14.0,255.0,361.0,789.0,4,807.0
4.0,13.0,80.0,91.0,238.0,320.0,4,866.0
4.0,13.0,80.0,91.0,238.0,320.0,4,866.0
4.0,13.0,16.0,91.0,238.0,319.0,4,320.0
4.0,13.0,16.0,91.0,238.0,319.0,4,811.0
4.0,13.0,80.0,91.0,238.0,320.0,4,866.0
4.0,13.0,16.0,238.0,319.0,320.0,4,387.0
4.0,13.0,16.0,238.0,319.0,320.0,4,387.0
4.0,13.0,16.0,91.0,319.0,387.0,4,811.0
4.0,13.0,16.0,80.0,91.0,238.0,4,320.0
4.0,13.0,16.0,80.0,91.0,238.0,4,320.0
4.0,28.0,41.0,608.0,665.0,754.0,4,1016.0
4.0,28.0,41.0,608.0,665.0,754.0,4,1016.0
4.0,28.0,41.0,608.0,665.0,754.0,4,1016.0
4.0,28.0,41.0,608.0,665.0,754.0,4,1016.0
4.0,28.0,41.0,608.0,665.0,754.0,4,1016.0
4.0,28.0,41.0,608.0,665.0,859.0,4,1016.0
4.0,28.0,218.0,608.0,785.0,859.0,4,1016.0
4.0,28.0,218.0,785.0,859.0,882.0,4,1016.0
4.0,28.0,218.0,754.0,785.0,859.0,4,882.0
4.0,28.0,41.0,608.0,665.0,754.0,4,1016.0
4.0,28.0,41.0,608.0,665.0,754.0,4,1016.0
4.0,33.0,125.0,255.0,607.0,789.0,4,807.0
4.0,33.0,45.0,125.0,301.0,607.0,4,854.0
4.0,33.0,14.0,255.0,337.0,361.0,4,854.0
4.0,33.0,125.0,255.0,607.0,789.0,4,807.0
4.0,33.0,14.0,45.0,255.0,789.0,4,807.0
4.0,33.0,125.0,255.0,337.0,607.0,4,854.0
4.0,33.0,14.0,45.0,125.0,301.0,4,854.0
4.0,33.0,14.0,45.0,255.0,337.0,4,807.0
4.0,33.0,301.0,361.0,470.0,607.0,4,854.0
4.0,33.0,14.0,45.0,255.0,789.0,4,807.0
4.0,33.0,14.0,125.0,255.0,789.0,4,807.0
4.0,33.0,45.0,125.0,301.0,698.0,4,854.0
4.0,33.0,14.0,125.0,255.0,301.0,4,789.0
4.0,33.0,14.0,255.0,361.0,789.0,4,807.0
4.0,33.0,125.0,255.0,698.0,789.0,4,807.0
4.0,33.0,45.0,125.0,255.0,698.0,4,807.0
4.0,33.0,14.0,45.0,125.0,301.0,4,854.0
4.0,33.0,14.0,45.0,125.0,255.0,4,807.0
4.0,34.0,36.0,404.0,506.0,753.0,4,814.0
4.0,34.0,15.0,589.0,753.0,814.0,4,1033.0
4.0,34.0,15.0,36.0,506.0,589.0,4,1033.0
4.0,34.0,36.0,506.0,589.0,753.0,4,1033.0
4.0,34.0,36.0,404.0,506.0,753.0,4,814.0
4.0,34.0,15.0,589.0,753.0,814.0,4,1033.0
4.0,34.0,15.0,36.0,506.0,589.0,4,1033.0
4.0,1.0,577.0,790.0,808.0,820.0,4,898.0
4.0,1.0,577.0,790.0,808.0,820.0,4,898.0
4.0,1.0,356.0,577.0,790.0,808.0,4,820.0
4.0,1.0,356.0,682.0,808.0,820.0,4,887.0
4.0,1.0,356.0,577.0,790.0,808.0,4,820.0
4.0,1.0,356.0,577.0,790.0,808.0,4,820.0
4.0,1.0,577.0,790.0,808.0,820.0,4,887.0
4.0,1.0,356.0,682.0,740.0,887.0,4,1008.0
4.0,1.0,640.0,682.0,740.0,887.0,4,1008.0
4.0,26.0,40.0,315.0,488.0,536.0,4,914.0
4.0,26.0,315.0,333.0,488.0,536.0,4,914.0
4.0,26.0,333.0,536.0,634.0,684.0,4,948.0
4.0,26.0,40.0,333.0,634.0,684.0,4,948.0
4.0,26.0,40.0,315.0,488.0,536.0,4,948.0
4.0,26.0,40.0,315.0,488.0,536.0,4,948.0
4.0,26.0,40.0,315.0,488.0,536.0,4,914.0
4.0,26.0,40.0,315.0,536.0,634.0,4,948.0
4.0,33.0,14.0,45.0,301.0,789.0,4,807.0
4.0,33.0,14.0,125.0,470.0,807.0,4,854.0
4.0,33.0,45.0,125.0,607.0,789.0,4,854.0
4.0,33.0,45.0,125.0,607.0,789.0,4,854.0
4.0,33.0,14.0,45.0,125.0,789.0,4,854.0
4.0,33.0,14.0,45.0,789.0,807.0,4,854.0
4.0,33.0,14.0,45.0,301.0,789.0,4,807.0
4.0,33.0,14.0,125.0,789.0,807.0,4,854.0
4.0,33.0,45.0,125.0,301.0,337.0,4,789.0
4.0,29.0,86.0,456.0,769.0,874.0,4,990.0
4.0,29.0,86.0,456.0,769.0,874.0,4,990.0
4.0,29.0,132.0,283.0,331.0,647.0,4,874.0
4.0,29.0,242.0,283.0,331.0,456.0,4,647.0
4.0,29.0,86.0,242.0,456.0,769.0,4,990.0
4.0,29.0,86.0,242.0,456.0,769.0,4,990.0
4.0,29.0,86.0,242.0,456.0,769.0,4,990.0
4.0,29.0,86.0,242.0,769.0,874.0,4,990.0
4.0,29.0,242.0,283.0,647.0,874.0,4,990.0
4.0,29.0,86.0,132.0,331.0,874.0,4,990.0
4.0,29.0,86.0,242.0,456.0,769.0,4,990.0
4.0,33.0,14.0,45.0,255.0,789.0,4,807.0
4.0,33.0,14.0,45.0,255.0,789.0,4,807.0
4.0,33.0,14.0,45.0,255.0,789.0,4,807.0
4.0,33.0,14.0,125.0,301.0,789.0,4,854.0
4.0,33.0,14.0,45.0,125.0,255.0,4,301.0
4.0,9.0,76.0,81.0,169.0,366.0,4,845.0
4.0,9.0,149.0,199.0,366.0,845.0,4,1019.0
4.0,9.0,149.0,199.0,452.0,845.0,4,1019.0
4.0,9.0,81.0,149.0,199.0,452.0,4,1019.0
4.0,9.0,76.0,81.0,149.0,366.0,4,1019.0
4.0,9.0,76.0,149.0,366.0,845.0,4,1019.0
4.0,9.0,76.0,149.0,366.0,845.0,4,1019.0
4.0,9.0,76.0,81.0,199.0,452.0,4,1019.0
4.0,9.0,76.0,81.0,199.0,366.0,4,845.0
4.0,9.0,76.0,81.0,366.0,845.0,4,1019.0
4.0,33.0,125.0,258.0,301.0,361.0,4,789.0
4.0,33.0,14.0,45.0,258.0,301.0,4,361.0
4.0,33.0,14.0,45.0,267.0,361.0,4,789.0
4.0,33.0,14.0,45.0,267.0,361.0,4,789.0
4.0,33.0,14.0,125.0,258.0,301.0,4,361.0
4.0,33.0,14.0,45.0,267.0,789.0,4,807.0
4.0,33.0,14.0,45.0,267.0,789.0,4,807.0
4.0,33.0,125.0,258.0,301.0,789.0,4,807.0
4.0,33.0,14.0,125.0,301.0,337.0,4,361.0
4.0,33.0,14.0,125.0,301.0,337.0,4,361.0
4.0,33.0,14.0,125.0,301.0,337.0,4,361.0
4.0,33.0,14.0,125.0,301.0,337.0,4,807.0
4.0,33.0,14.0,45.0,267.0,789.0,4,807.0
4.0,33.0,14.0,45.0,267.0,789.0,4,807.0
4.0,33.0,45.0,258.0,267.0,789.0,4,807.0
4.0,33.0,14.0,125.0,301.0,337.0,4,361.0
4.0,33.0,14.0,125.0,258.0,267.0,4,807.0
4.0,33.0,14.0,45.0,267.0,337.0,4,807.0
4.0,33.0,14.0,45.0,267.0,337.0,4,807.0
4.0,32.0,34.0,241.0,302.0,426.0,4,524.0
4.0,32.0,426.0,484.0,624.0,824.0,4,911.0
4.0,32.0,426.0,484.0,624.0,824.0,4,911.0
4.0,32.0,484.0,539.0,624.0,824.0,4,911.0
4.0,32.0,241.0,302.0,484.0,524.0,4,824.0
4.0,32.0,241.0,302.0,426.0,524.0,4,824.0
4.0,32.0,302.0,484.0,498.0,624.0,4,911.0
4.0,32.0,302.0,484.0,498.0,624.0,4,911.0
4.0,32.0,484.0,498.0,624.0,824.0,4,911.0
4.0,32.0,241.0,484.0,524.0,824.0,4,911.0
4.0,4.0,259.0,487.0,561.0,598.0,4,646.0
4.0,4.0,259.0,598.0,646.0,853.0,4,936.0
4.0,4.0,259.0,598.0,601.0,853.0,4,936.0
4.0,4.0,126.0,601.0,768.0,853.0,4,936.0
4.0,4.0,126.0,601.0,768.0,853.0,4,936.0
4.0,4.0,126.0,598.0,601.0,853.0,4,936.0
4.0,4.0,259.0,487.0,598.0,601.0,4,646.0
4.0,4.0,259.0,487.0,561.0,598.0,4,646.0
4.0,4.0,259.0,487.0,598.0,646.0,4,853.0
4.0,4.0,126.0,487.0,601.0,646.0,4,768.0
4.0,4.0,126.0,259.0,487.0,601.0,4,646.0
4.0,33.0,14.0,45.0,125.0,258.0,4,267.0
4.0,33.0,125.0,267.0,470.0,607.0,4,807.0
4.0,33.0,125.0,301.0,470.0,607.0,4,807.0
4.0,33.0,14.0,45.0,301.0,470.0,4,807.0
4.0,33.0,14.0,45.0,258.0,301.0,4,807.0
4.0,33.0,125.0,258.0,301.0,470.0,4,807.0
4.0,33.0,125.0,258.0,301.0,789.0,4,807.0
4.0,33.0,258.0,301.0,361.0,789.0,4,807.0
4.0,33.0,258.0,301.0,361.0,789.0,4,854.0
4.0,33.0,258.0,301.0,361.0,470.0,4,854.0
4.0,33.0,14.0,361.0,470.0,807.0,4,854.0
4.0,33.0,14.0,301.0,361.0,789.0,4,807.0
4.0,33.0,14.0,125.0,301.0,789.0,4,807.0
4.0,33.0,125.0,258.0,301.0,361.0,4,470.0
4.0,33.0,125.0,258.0,301.0,361.0,4,470.0
4.0,33.0,258.0,301.0,361.0,470.0,4,807.0
4.0,33.0,14.0,301.0,361.0,789.0,4,807.0
4.0,33.0,14.0,125.0,301.0,789.0,4,807.0
4.0,33.0,14.0,125.0,301.0,789.0,4,807.0
4.0,33.0,14.0,125.0,361.0,470.0,4,854.0
4.0,33.0,14.0,125.0,301.0,789.0,4,807.0
4.0,33.0,14.0,125.0,301.0,789.0,4,807.0
4.0,33.0,258.0,301.0,361.0,470.0,4,789.0
4.0,33.0,125.0,258.0,361.0,470.0,4,854.0
4.0,33.0,125.0,258.0,361.0,470.0,4,854.0
4.0,29.0,242.0,338.0,670.0,874.0,4,990.0
4.0,29.0,338.0,456.0,670.0,874.0,4,990.0
4.0,29.0,86.0,227.0,338.0,456.0,4,990.0
4.0,29.0,86.0,227.0,242.0,283.0,4,670.0
4.0,29.0,242.0,338.0,670.0,874.0,4,990.0
4.0,29.0,242.0,338.0,670.0,874.0,4,990.0
4.0,29.0,86.0,338.0,456.0,670.0,4,874.0
4.0,29.0,86.0,242.0,456.0,670.0,4,990.0
4.0,33.0,14.0,258.0,267.0,361.0,4,789.0
4.0,33.0,14.0,258.0,301.0,361.0,4,789.0
4.0,33.0,125.0,258.0,267.0,301.0,4,470.0
4.0,33.0,125.0,258.0,267.0,301.0,4,470.0
4.0,33.0,14.0,125.0,267.0,361.0,4,789.0
4.0,6.0,35.0,55.0,61.0,213.0,4,420.0
4.0,6.0,55.0,213.0,459.0,656.0,4,867.0
4.0,6.0,55.0,213.0,459.0,656.0,4,867.0
4.0,6.0,55.0,213.0,459.0,809.0,4,867.0
4.0,6.0,213.0,397.0,459.0,809.0,4,867.0
4.0,6.0,35.0,213.0,397.0,420.0,4,809.0
4.0,6.0,35.0,61.0,213.0,397.0,4,420.0
4.0,6.0,55.0,61.0,213.0,459.0,4,867.0
4.0,6.0,35.0,213.0,397.0,420.0,4,809.0
4.0,6.0,35.0,61.0,213.0,397.0,4,420.0
4.0,6.0,35.0,61.0,213.0,420.0,4,459.0
4.0,29.0,86.0,132.0,769.0,874.0,4,990.0
4.0,29.0,66.0,86.0,132.0,338.0,4,874.0
4.0,29.0,227.0,456.0,647.0,769.0,4,990.0
4.0,29.0,86.0,132.0,242.0,647.0,4,769.0
4.0,29.0,86.0,132.0,456.0,874.0,4,990.0
4.0,29.0,86.0,132.0,456.0,874.0,4,990.0
4.0,29.0,456.0,647.0,769.0,874.0,4,990.0
4.0,29.0,456.0,647.0,769.0,874.0,4,990.0
4.0,29.0,86.0,132.0,242.0,769.0,4,990.0
4.0,29.0,86.0,132.0,242.0,769.0,4,990.0
4.0,29.0,86.0,132.0,242.0,769.0,4,990.0
4.0,29.0,86.0,132.0,769.0,874.0,4,990.0
4.0,29.0,132.0,242.0,338.0,647.0,4,990.0
4.0,29.0,66.0,242.0,338.0,456.0,4,647.0
4.0,29.0,86.0,132.0,769.0,874.0,4,990.0
4.0,29.0,86.0,132.0,769.0,874.0,4,990.0
4.0,29.0,86.0,132.0,338.0,874.0,4,990.0
4.0,29.0,132.0,283.0,647.0,874.0,4,990.0
4.0,29.0,86.0,132.0,242.0,283.0,4,990.0
4.0,29.0,86.0,132.0,242.0,283.0,4,990.0
4.0,29.0,86.0,242.0,283.0,338.0,4,874.0
4.0,29.0,86.0,132.0,338.0,456.0,4,990.0
4.0,29.0,132.0,227.0,283.0,647.0,4,990.0
4.0,29.0,86.0,242.0,283.0,456.0,4,647.0
4.0,29.0,132.0,242.0,283.0,647.0,4,990.0
4.0,29.0,132.0,283.0,647.0,874.0,4,990.0
4.0,29.0,132.0,242.0,283.0,647.0,4,990.0
4.0,29.0,242.0,283.0,456.0,647.0,4,990.0
4.0,29.0,86.0,242.0,338.0,456.0,4,990.0
4.0,29.0,86.0,132.0,338.0,647.0,4,874.0
4.0,29.0,132.0,283.0,647.0,874.0,4,990.0
4.0,29.0,86.0,242.0,283.0,874.0,4,990.0
4.0,29.0,86.0,132.0,283.0,647.0,4,874.0
4.0,29.0,86.0,132.0,242.0,338.0,4,647.0
4.0,29.0,86.0,132.0,242.0,338.0,4,647.0
4.0,29.0,86.0,242.0,338.0,647.0,4,874.0
4.0,13.0,16.0,91.0,238.0,319.0,4,320.0
4.0,13.0,16.0,91.0,238.0,320.0,4,811.0
4.0,13.0,116.0,191.0,811.0,866.0,4,1026.0
4.0,13.0,16.0,91.0,238.0,319.0,4,320.0
4.0,13.0,16.0,91.0,238.0,319.0,4,320.0
4.0,13.0,91.0,116.0,319.0,320.0,4,866.0
4.0,13.0,116.0,191.0,817.0,866.0,4,1026.0
4.0,13.0,91.0,191.0,320.0,817.0,4,866.0
4.0,29.0,132.0,283.0,647.0,874.0,4,990.0
4.0,29.0,66.0,86.0,242.0,456.0,4,769.0
4.0,29.0,86.0,242.0,456.0,769.0,4,990.0
4.0,29.0,86.0,456.0,769.0,874.0,4,990.0
4.0,29.0,283.0,456.0,647.0,874.0,4,990.0
4.0,29.0,283.0,456.0,647.0,874.0,4,990.0
4.0,29.0,86.0,242.0,283.0,769.0,4,990.0
4.0,29.0,86.0,242.0,456.0,647.0,4,990.0
4.0,13.0,16.0,91.0,238.0,319.0,4,320.0
4.0,13.0,80.0,191.0,445.0,817.0,4,866.0
4.0,13.0,16.0,80.0,445.0,817.0,4,866.0
4.0,13.0,91.0,319.0,320.0,817.0,4,866.0
4.0,13.0,238.0,319.0,320.0,817.0,4,866.0
4.0,13.0,16.0,91.0,238.0,319.0,4,320.0
4.0,13.0,80.0,91.0,320.0,445.0,4,866.0
4.0,13.0,80.0,191.0,238.0,320.0,4,817.0
4.0,13.0,91.0,238.0,319.0,320.0,4,866.0
4.0,29.0,86.0,242.0,283.0,456.0,4,990.0
4.0,29.0,132.0,331.0,456.0,769.0,4,990.0
4.0,29.0,132.0,331.0,456.0,769.0,4,990.0
4.0,29.0,132.0,331.0,456.0,769.0,4,990.0
4.0,29.0,132.0,331.0,456.0,769.0,4,990.0
4.0,29.0,86.0,242.0,283.0,456.0,4,990.0
4.0,29.0,86.0,242.0,283.0,456.0,4,990.0
4.0,29.0,86.0,242.0,283.0,456.0,4,990.0
4.0,29.0,86.0,227.0,283.0,456.0,4,990.0
4.0,29.0,227.0,283.0,331.0,456.0,4,990.0
4.0,29.0,86.0,227.0,331.0,456.0,4,769.0
4.0,29.0,86.0,227.0,331.0,456.0,4,769.0
4.0,29.0,86.0,132.0,283.0,874.0,4,990.0
4.0,29.0,86.0,132.0,227.0,331.0,4,769.0
4.0,29.0,227.0,331.0,338.0,769.0,4,874.0
4.0,29.0,132.0,331.0,338.0,874.0,4,990.0
4.0,29.0,86.0,132.0,283.0,874.0,4,990.0
4.0,29.0,86.0,132.0,283.0,874.0,4,990.0
4.0,29.0,86.0,132.0,283.0,874.0,4,990.0
4.0,29.0,86.0,132.0,242.0,283.0,4,331.0
4.0,29.0,227.0,242.0,331.0,338.0,4,769.0
4.0,29.0,86.0,132.0,338.0,874.0,4,990.0
4.0,29.0,227.0,242.0,331.0,769.0,4,990.0
4.0,29.0,86.0,227.0,242.0,331.0,4,769.0
4.0,29.0,86.0,132.0,769.0,874.0,4,990.0
4.0,29.0,86.0,132.0,338.0,874.0,4,990.0
4.0,29.0,242.0,331.0,338.0,874.0,4,990.0
4.0,29.0,242.0,331.0,769.0,874.0,4,990.0
4.0,29.0,86.0,132.0,769.0,874.0,4,990.0
4.0,29.0,86.0,132.0,338.0,874.0,4,990.0
4.0,29.0,86.0,338.0,456.0,874.0,4,990.0
4.0,29.0,86.0,338.0,456.0,769.0,4,874.0
4.0,29.0,132.0,331.0,769.0,874.0,4,990.0
4.0,29.0,86.0,242.0,769.0,874.0,4,990.0
4.0,29.0,132.0,331.0,338.0,769.0,4,874.0
4.0,29.0,132.0,242.0,338.0,769.0,4,990.0
4.0,29.0,132.0,242.0,283.0,769.0,4,990.0
4.0,29.0,132.0,242.0,283.0,769.0,4,990.0
4.0,29.0,132.0,242.0,283.0,769.0,4,990.0
4.0,32.0,44.0,241.0,498.0,524.0,4,627.0
4.0,32.0,34.0,241.0,498.0,524.0,4,627.0
4.0,32.0,34.0,302.0,484.0,624.0,4,627.0
4.0,32.0,44.0,302.0,484.0,624.0,4,627.0
4.0,32.0,44.0,241.0,302.0,484.0,4,624.0
4.0,32.0,34.0,241.0,302.0,524.0,4,624.0
4.0,32.0,34.0,302.0,524.0,624.0,4,627.0
4.0,32.0,34.0,44.0,241.0,524.0,4,624.0
4.0,32.0,34.0,241.0,302.0,484.0,4,624.0
4.0,32.0,44.0,484.0,498.0,539.0,4,624.0
4.0,32.0,44.0,241.0,484.0,498.0,4,624.0
4.0,32.0,44.0,241.0,498.0,524.0,4,624.0
4.0,32.0,34.0,44.0,241.0,524.0,4,624.0
4.0,34.0,36.0,404.0,506.0,753.0,4,814.0
4.0,34.0,404.0,506.0,753.0,814.0,4,1033.0
4.0,34.0,15.0,404.0,506.0,753.0,4,814.0
4.0,34.0,15.0,383.0,506.0,753.0,4,814.0
4.0,34.0,36.0,404.0,506.0,753.0,4,814.0
4.0,34.0,36.0,404.0,506.0,753.0,4,814.0
4.0,34.0,36.0,404.0,506.0,589.0,4,814.0
4.0,34.0,404.0,506.0,589.0,753.0,4,814.0
4.0,34.0,404.0,506.0,589.0,753.0,4,814.0
4.0,1.0,356.0,790.0,808.0,820.0,4,898.0
4.0,1.0,640.0,682.0,790.0,808.0,4,887.0
4.0,1.0,640.0,682.0,790.0,808.0,4,887.0
4.0,1.0,640.0,682.0,740.0,887.0,4,1008.0
4.0,1.0,640.0,682.0,740.0,887.0,4,1008.0
4.0,1.0,356.0,682.0,740.0,887.0,4,1008.0
4.0,1.0,356.0,682.0,740.0,820.0,4,887.0
4.0,1.0,356.0,790.0,808.0,820.0,4,887.0
4.0,1.0,356.0,790.0,808.0,820.0,4,887.0
4.0,1.0,356.0,790.0,808.0,820.0,4,887.0
4.0,1.0,356.0,790.0,808.0,887.0,4,1008.0
4.0,1.0,356.0,790.0,808.0,820.0,4,898.0
4.0,1.0,640.0,790.0,808.0,820.0,4,887.0
4.0,1.0,640.0,682.0,808.0,887.0,4,1008.0
4.0,1.0,640.0,682.0,740.0,887.0,4,1008.0
4.0,9.0,81.0,169.0,366.0,941.0,4,1019.0
4.0,9.0,81.0,149.0,366.0,941.0,4,1019.0
4.0,9.0,81.0,169.0,366.0,845.0,4,941.0
4.0,9.0,81.0,149.0,366.0,845.0,4,941.0
4.0,9.0,76.0,81.0,149.0,169.0,4,1019.0
4.0,9.0,76.0,149.0,366.0,845.0,4,1019.0
4.0,9.0,149.0,366.0,845.0,941.0,4,1019.0
4.0,0.0,204.0,330.0,418.0,532.0,4,695.0
4.0,0.0,13.0,418.0,493.0,535.0,4,713.0
4.0,0.0,13.0,418.0,493.0,535.0,4,713.0
4.0,0.0,13.0,448.0,493.0,535.0,4,713.0
4.0,0.0,13.0,418.0,535.0,695.0,4,713.0
4.0,0.0,13.0,418.0,493.0,535.0,4,713.0
4.0,29.0,86.0,242.0,283.0,456.0,4,990.0
4.0,29.0,86.0,242.0,456.0,769.0,4,990.0
4.0,29.0,86.0,456.0,769.0,874.0,4,990.0
4.0,29.0,86.0,242.0,456.0,769.0,4,990.0
4.0,29.0,86.0,242.0,283.0,456.0,4,990.0
4.0,29.0,86.0,132.0,331.0,769.0,4,874.0
4.0,29.0,86.0,132.0,769.0,874.0,4,990.0
4.0,28.0,41.0,497.0,608.0,754.0,4,1016.0
4.0,28.0,41.0,218.0,608.0,859.0,4,1016.0
4.0,28.0,41.0,497.0,608.0,754.0,4,1016.0
4.0,28.0,41.0,497.0,608.0,754.0,4,1016.0
4.0,28.0,218.0,608.0,785.0,859.0,4,1016.0
4.0,28.0,41.0,608.0,754.0,859.0,4,1016.0
4.0,29.0,86.0,242.0,456.0,769.0,4,990.0
4.0,29.0,86.0,132.0,283.0,874.0,4,990.0
4.0,29.0,132.0,283.0,331.0,874.0,4,990.0
4.0,29.0,132.0,227.0,456.0,769.0,4,990.0
4.0,29.0,86.0,132.0,456.0,769.0,4,990.0
4.0,29.0,132.0,242.0,283.0,874.0,4,990.0
4.0,29.0,86.0,132.0,456.0,874.0,4,990.0
4.0,29.0,86.0,132.0,456.0,769.0,4,990.0
4.0,29.0,86.0,242.0,456.0,769.0,4,990.0
4.0,29.0,86.0,132.0,283.0,331.0,4,874.0
4.0,29.0,132.0,242.0,283.0,769.0,4,990.0
4.0,29.0,86.0,242.0,769.0,874.0,4,990.0
4.0,29.0,86.0,227.0,283.0,769.0,4,874.0
4.0,29.0,86.0,242.0,647.0,769.0,4,874.0
4.0,29.0,86.0,132.0,647.0,769.0,4,874.0
4.0,29.0,132.0,242.0,331.0,647.0,4,769.0
4.0,29.0,86.0,132.0,769.0,874.0,4,990.0
4.0,29.0,86.0,242.0,769.0,874.0,4,990.0
4.0,29.0,86.0,132.0,242.0,874.0,4,990.0
4.0,29.0,132.0,242.0,283.0,331.0,4,769.0
4.0,29.0,132.0,283.0,331.0,769.0,4,874.0
4.0,29.0,86.0,242.0,283.0,874.0,4,990.0
4.0,29.0,86.0,283.0,769.0,874.0,4,990.0
4.0,29.0,242.0,331.0,769.0,874.0,4,990.0
4.0,29.0,86.0,242.0,331.0,769.0,4,874.0
4.0,29.0,86.0,242.0,769.0,874.0,4,990.0
4.0,25.0,106.0,355.0,380.0,398.0,4,864.0
4.0,25.0,106.0,355.0,380.0,398.0,4,864.0
4.0,25.0,294.0,355.0,380.0,398.0,4,864.0
4.0,25.0,106.0,294.0,380.0,421.0,4,453.0
4.0,25.0,106.0,294.0,380.0,421.0,4,453.0
4.0,25.0,106.0,294.0,355.0,421.0,4,453.0
4.0,29.0,86.0,456.0,478.0,769.0,4,874.0
4.0,29.0,86.0,242.0,456.0,670.0,4,769.0
4.0,29.0,86.0,227.0,242.0,670.0,4,769.0
4.0,29.0,227.0,283.0,331.0,478.0,4,874.0
4.0,29.0,227.0,283.0,331.0,478.0,4,874.0
4.0,29.0,86.0,242.0,670.0,769.0,4,874.0
4.0,29.0,86.0,456.0,670.0,769.0,4,874.0
4.0,29.0,86.0,242.0,670.0,769.0,4,874.0
4.0,29.0,86.0,456.0,478.0,769.0,4,874.0
4.0,29.0,86.0,242.0,478.0,769.0,4,874.0
4.0,29.0,86.0,242.0,478.0,769.0,4,874.0
4.0,29.0,86.0,242.0,456.0,670.0,4,769.0
4.0,29.0,242.0,283.0,331.0,456.0,4,670.0
4.0,29.0,86.0,242.0,670.0,769.0,4,874.0
4.0,29.0,86.0,242.0,670.0,769.0,4,874.0
4.0,29.0,86.0,456.0,670.0,769.0,4,874.0
4.0,29.0,242.0,283.0,331.0,456.0,4,478.0
4.0,29.0,86.0,242.0,283.0,456.0,4,478.0
4.0,29.0,86.0,242.0,670.0,769.0,4,874.0
4.0,29.0,242.0,338.0,647.0,670.0,4,874.0
4.0,29.0,242.0,456.0,478.0,647.0,4,769.0
4.0,29.0,227.0,331.0,456.0,478.0,4,769.0
4.0,29.0,242.0,456.0,647.0,670.0,4,769.0
4.0,29.0,331.0,456.0,647.0,769.0,4,874.0
4.0,29.0,86.0,242.0,338.0,670.0,4,874.0
4.0,29.0,86.0,242.0,338.0,670.0,4,874.0
4.0,29.0,242.0,331.0,456.0,478.0,4,769.0
4.0,29.0,86.0,227.0,242.0,478.0,4,769.0
4.0,29.0,86.0,242.0,338.0,670.0,4,874.0
4.0,29.0,242.0,331.0,456.0,478.0,4,769.0
4.0,29.0,86.0,242.0,456.0,478.0,4,769.0
4.0,29.0,86.0,242.0,338.0,670.0,4,874.0
4.0,29.0,242.0,331.0,338.0,456.0,4,670.0
4.0,29.0,86.0,456.0,670.0,769.0,4,874.0
4.0,29.0,86.0,242.0,338.0,478.0,4,874.0
4.0,29.0,86.0,242.0,338.0,456.0,4,478.0
4.0,29.0,86.0,242.0,456.0,478.0,4,769.0
4.0,29.0,227.0,242.0,283.0,331.0,4,478.0
4.0,4.0,134.0,259.0,487.0,561.0,4,646.0
4.0,4.0,126.0,646.0,768.0,853.0,4,936.0
4.0,4.0,126.0,134.0,601.0,768.0,4,853.0
4.0,4.0,134.0,259.0,487.0,601.0,4,646.0
4.0,4.0,259.0,487.0,561.0,646.0,4,936.0
4.0,4.0,126.0,601.0,768.0,853.0,4,936.0
4.0,4.0,126.0,598.0,601.0,768.0,4,817.0
4.0,17.0,47.0,108.0,135.0,505.0,4,635.0
4.0,17.0,47.0,135.0,299.0,508.0,4,586.0
4.0,17.0,47.0,108.0,135.0,505.0,4,635.0
4.0,17.0,47.0,135.0,505.0,586.0,4,635.0
4.0,17.0,135.0,299.0,508.0,586.0,4,619.0
4.0,17.0,135.0,299.0,508.0,586.0,4,619.0
4.0,17.0,135.0,299.0,508.0,586.0,4,619.0
4.0,17.0,47.0,108.0,135.0,586.0,4,619.0
4.0,17.0,47.0,108.0,135.0,505.0,4,635.0
4.0,26.0,40.0,315.0,488.0,536.0,4,914.0
4.0,26.0,40.0,315.0,488.0,536.0,4,914.0
4.0,26.0,333.0,488.0,536.0,914.0,4,948.0
4.0,26.0,40.0,333.0,634.0,948.0,4,961.0
4.0,26.0,40.0,315.0,488.0,634.0,4,914.0
4.0,26.0,40.0,315.0,333.0,536.0,4,914.0
4.0,26.0,315.0,333.0,488.0,536.0,4,948.0
4.0,26.0,315.0,333.0,488.0,536.0,4,948.0
4.0,26.0,333.0,488.0,536.0,914.0,4,948.0
4.0,26.0,40.0,315.0,488.0,536.0,4,914.0
4.0,25.0,294.0,421.0,798.0,814.0,4,1005.0
4.0,25.0,294.0,421.0,798.0,814.0,4,1005.0
4.0,25.0,106.0,158.0,294.0,398.0,4,814.0
4.0,25.0,158.0,398.0,662.0,814.0,4,1005.0
4.0,25.0,158.0,398.0,662.0,814.0,4,1005.0
4.0,25.0,106.0,294.0,421.0,798.0,4,1005.0
4.0,25.0,106.0,294.0,398.0,421.0,4,798.0
4.0,25.0,294.0,421.0,798.0,814.0,4,1005.0
4.0,25.0,294.0,421.0,798.0,814.0,4,1005.0
4.0,25.0,158.0,398.0,662.0,711.0,4,864.0
4.0,25.0,158.0,457.0,662.0,711.0,4,864.0
4.0,25.0,158.0,457.0,662.0,711.0,4,864.0
4.0,25.0,294.0,421.0,814.0,864.0,4,1005.0
4.0,25.0,294.0,398.0,421.0,814.0,4,1005.0
4.0,25.0,294.0,421.0,711.0,814.0,4,1005.0
4.0,25.0,294.0,421.0,711.0,814.0,4,1005.0
4.0,25.0,106.0,294.0,421.0,814.0,4,1005.0
4.0,25.0,106.0,294.0,421.0,711.0,4,1005.0
4.0,25.0,106.0,421.0,662.0,711.0,4,1005.0
4.0,25.0,158.0,294.0,398.0,814.0,4,1005.0
4.0,25.0,106.0,158.0,662.0,814.0,4,1005.0
4.0,25.0,106.0,158.0,662.0,814.0,4,1005.0
4.0,25.0,294.0,398.0,457.0,662.0,4,798.0
4.0,25.0,106.0,294.0,398.0,457.0,4,798.0
4.0,25.0,106.0,294.0,457.0,798.0,4,1005.0
4.0,25.0,106.0,158.0,398.0,662.0,4,798.0
4.0,25.0,158.0,294.0,398.0,814.0,4,864.0
4.0,25.0,158.0,294.0,398.0,814.0,4,864.0
4.0,25.0,106.0,294.0,398.0,457.0,4,798.0
4.0,25.0,106.0,398.0,457.0,662.0,4,798.0
4.0,25.0,294.0,398.0,457.0,662.0,4,798.0
4.0,25.0,294.0,398.0,457.0,814.0,4,1005.0
4.0,25.0,294.0,421.0,798.0,814.0,4,1005.0
4.0,25.0,294.0,421.0,798.0,814.0,4,1005.0
4.0,25.0,106.0,294.0,398.0,421.0,4,711.0
4.0,25.0,158.0,398.0,662.0,711.0,4,814.0
4.0,25.0,158.0,398.0,662.0,711.0,4,814.0
4.0,25.0,421.0,662.0,711.0,814.0,4,1005.0
4.0,25.0,294.0,421.0,798.0,814.0,4,1005.0
4.0,25.0,106.0,158.0,294.0,711.0,4,1005.0
4.0,25.0,106.0,294.0,421.0,711.0,4,1005.0
4.0,25.0,106.0,294.0,421.0,711.0,4,1005.0
4.0,25.0,294.0,398.0,421.0,798.0,4,814.0
4.0,25.0,294.0,398.0,421.0,711.0,4,814.0
4.0,25.0,294.0,421.0,711.0,798.0,4,814.0
4.0,25.0,294.0,421.0,711.0,798.0,4,814.0
4.0,25.0,106.0,158.0,398.0,662.0,4,798.0
4.0,25.0,106.0,158.0,398.0,662.0,4,798.0
4.0,25.0,158.0,294.0,711.0,798.0,4,814.0
4.0,25.0,158.0,294.0,711.0,798.0,4,814.0
4.0,25.0,158.0,294.0,398.0,711.0,4,814.0
4.0,34.0,30.0,36.0,355.0,583.0,4,589.0
4.0,34.0,36.0,139.0,355.0,583.0,4,753.0
4.0,34.0,139.0,583.0,589.0,753.0,4,975.0
4.0,34.0,30.0,36.0,404.0,589.0,4,753.0
4.0,34.0,30.0,355.0,383.0,753.0,4,975.0
4.0,34.0,30.0,36.0,355.0,404.0,4,589.0
4.0,34.0,30.0,36.0,355.0,404.0,4,589.0
4.0,34.0,30.0,36.0,355.0,383.0,4,753.0
4.0,34.0,30.0,36.0,355.0,583.0,4,753.0
4.0,34.0,36.0,139.0,404.0,589.0,4,753.0
4.0,34.0,139.0,404.0,589.0,753.0,4,975.0
4.0,34.0,139.0,404.0,589.0,753.0,4,975.0
4.0,25.0,106.0,294.0,421.0,711.0,4,1005.0
4.0,25.0,106.0,158.0,294.0,711.0,4,1005.0
4.0,25.0,158.0,294.0,398.0,711.0,4,814.0
4.0,25.0,106.0,158.0,294.0,814.0,4,1005.0
4.0,25.0,106.0,158.0,294.0,398.0,4,711.0
4.0,25.0,106.0,294.0,398.0,421.0,4,711.0
4.0,25.0,294.0,421.0,711.0,814.0,4,1005.0
4.0,4.0,259.0,487.0,646.0,853.0,4,936.0
4.0,4.0,134.0,259.0,487.0,601.0,4,646.0
4.0,4.0,134.0,259.0,601.0,646.0,4,768.0
4.0,4.0,259.0,426.0,487.0,601.0,4,646.0
4.0,4.0,126.0,426.0,487.0,601.0,4,646.0
4.0,4.0,126.0,426.0,601.0,853.0,4,936.0
4.0,9.0,366.0,452.0,828.0,845.0,4,941.0
4.0,9.0,81.0,149.0,366.0,941.0,4,968.0
4.0,9.0,76.0,81.0,149.0,366.0,4,968.0
4.0,9.0,81.0,149.0,452.0,845.0,4,941.0
4.0,9.0,81.0,85.0,452.0,845.0,4,941.0
4.0,9.0,81.0,85.0,452.0,845.0,4,941.0
4.0,9.0,85.0,149.0,828.0,845.0,4,941.0
4.0,9.0,81.0,149.0,366.0,845.0,4,941.0
4.0,9.0,81.0,149.0,366.0,941.0,4,968.0
4.0,17.0,47.0,108.0,505.0,619.0,4,635.0
4.0,17.0,47.0,108.0,182.0,328.0,4,505.0
4.0,17.0,47.0,108.0,328.0,505.0,4,635.0
4.0,17.0,47.0,108.0,505.0,619.0,4,635.0
4.0,17.0,47.0,108.0,328.0,505.0,4,635.0
4.0,17.0,47.0,108.0,157.0,182.0,4,328.0
4.0,25.0,106.0,158.0,294.0,814.0,4,1005.0
4.0,25.0,106.0,158.0,294.0,398.0,4,814.0
4.0,25.0,294.0,457.0,711.0,814.0,4,1005.0
4.0,25.0,106.0,158.0,294.0,814.0,4,1005.0
4.0,25.0,158.0,294.0,798.0,814.0,4,1005.0
4.0,25.0,106.0,158.0,294.0,398.0,4,1005.0
4.0,28.0,41.0,110.0,218.0,754.0,4,859.0
4.0,28.0,41.0,110.0,608.0,754.0,4,1016.0
4.0,28.0,41.0,110.0,608.0,754.0,4,1016.0
4.0,28.0,41.0,110.0,608.0,665.0,4,1016.0
4.0,28.0,41.0,110.0,608.0,665.0,4,1016.0
4.0,28.0,110.0,218.0,665.0,754.0,4,1016.0
4.0,28.0,110.0,218.0,497.0,754.0,4,859.0
4.0,28.0,41.0,110.0,497.0,754.0,4,1016.0
4.0,13.0,16.0,191.0,319.0,445.0,4,817.0
4.0,13.0,16.0,116.0,191.0,319.0,4,817.0
4.0,13.0,16.0,80.0,91.0,320.0,4,866.0
4.0,13.0,80.0,91.0,238.0,320.0,4,866.0
4.0,13.0,91.0,116.0,319.0,320.0,4,817.0
4.0,13.0,80.0,91.0,116.0,320.0,4,817.0
4.0,13.0,80.0,91.0,116.0,320.0,4,817.0
4.0,13.0,91.0,116.0,319.0,320.0,4,817.0
4.0,25.0,294.0,398.0,421.0,653.0,4,798.0
4.0,25.0,106.0,294.0,398.0,421.0,4,798.0
4.0,25.0,106.0,294.0,398.0,421.0,4,798.0
4.0,25.0,294.0,398.0,421.0,653.0,4,798.0
4.0,25.0,158.0,294.0,421.0,653.0,4,798.0
4.0,25.0,106.0,158.0,398.0,653.0,4,798.0
4.0,25.0,106.0,294.0,398.0,421.0,4,798.0
4.0,0.0,13.0,448.0,493.0,535.0,4,713.0
4.0,0.0,13.0,686.0,695.0,713.0,4,1037.0
4.0,0.0,448.0,465.0,493.0,535.0,4,686.0
4.0,0.0,13.0,448.0,493.0,535.0,4,713.0
4.0,0.0,13.0,204.0,465.0,535.0,4,686.0
4.0,0.0,13.0,448.0,493.0,535.0,4,713.0
4.0,0.0,13.0,448.0,493.0,535.0,4,713.0
4.0,0.0,13.0,448.0,493.0,535.0,4,713.0
4.0,0.0,13.0,448.0,493.0,686.0,4,713.0
4.0,0.0,13.0,448.0,493.0,686.0,4,713.0
4.0,0.0,448.0,493.0,535.0,686.0,4,713.0
4.0,0.0,493.0,535.0,686.0,713.0,4,1037.0
4.0,25.0,106.0,294.0,380.0,421.0,4,453.0
4.0,25.0,294.0,355.0,380.0,398.0,4,864.0
4.0,25.0,294.0,355.0,380.0,398.0,4,864.0
4.0,25.0,106.0,294.0,380.0,421.0,4,453.0
4.0,25.0,106.0,380.0,421.0,453.0,4,864.0
4.0,25.0,106.0,380.0,398.0,421.0,4,864.0
4.0,25.0,106.0,355.0,380.0,398.0,4,864.0
4.0,25.0,294.0,355.0,398.0,453.0,4,864.0
4.0,25.0,106.0,294.0,380.0,398.0,4,421.0
4.0,6.0,55.0,397.0,420.0,730.0,4,809.0
4.0,6.0,35.0,213.0,397.0,420.0,4,809.0
4.0,6.0,55.0,61.0,213.0,397.0,4,730.0
4.0,6.0,35.0,55.0,61.0,213.0,4,730.0
4.0,25.0,106.0,294.0,380.0,421.0,4,453.0
4.0,25.0,294.0,355.0,398.0,453.0,4,864.0
4.0,25.0,106.0,355.0,380.0,398.0,4,864.0
4.0,25.0,294.0,398.0,421.0,453.0,4,864.0
4.0,25.0,294.0,398.0,421.0,453.0,4,864.0
4.0,25.0,294.0,398.0,421.0,453.0,4,864.0
4.0,25.0,106.0,294.0,380.0,421.0,4,453.0
4.0,25.0,294.0,398.0,421.0,453.0,4,864.0
4.0,25.0,294.0,398.0,421.0,453.0,4,864.0
4.0,25.0,294.0,380.0,398.0,421.0,4,453.0
4.0,1.0,577.0,790.0,808.0,820.0,4,898.0
4.0,1.0,356.0,577.0,790.0,808.0,4,820.0
4.0,1.0,356.0,640.0,682.0,740.0,4,790.0
4.0,1.0,577.0,790.0,808.0,820.0,4,898.0
4.0,1.0,356.0,577.0,790.0,808.0,4,820.0
4.0,1.0,356.0,682.0,790.0,808.0,4,898.0
4.0,1.0,356.0,682.0,808.0,820.0,4,898.0
4.0,1.0,356.0,577.0,790.0,808.0,4,820.0
4.0,25.0,106.0,294.0,380.0,421.0,4,453.0
4.0,25.0,294.0,355.0,421.0,453.0,4,864.0
4.0,25.0,106.0,355.0,398.0,453.0,4,864.0
4.0,25.0,294.0,380.0,398.0,421.0,4,864.0
4.0,25.0,294.0,380.0,398.0,421.0,4,864.0
4.0,25.0,294.0,355.0,398.0,453.0,4,864.0
4.0,25.0,294.0,355.0,398.0,453.0,4,864.0
4.0,25.0,294.0,380.0,421.0,453.0,4,864.0
4.0,25.0,294.0,380.0,398.0,421.0,4,453.0
4.0,25.0,106.0,294.0,380.0,421.0,4,453.0
4.0,25.0,294.0,398.0,421.0,453.0,4,864.0
4.0,25.0,294.0,355.0,398.0,453.0,4,864.0
4.0,25.0,106.0,355.0,380.0,398.0,4,864.0
4.0,25.0,106.0,294.0,355.0,398.0,4,453.0
4.0,25.0,106.0,294.0,355.0,421.0,4,453.0
4.0,25.0,106.0,294.0,380.0,421.0,4,453.0
4.0,25.0,106.0,355.0,380.0,398.0,4,864.0
4.0,25.0,158.0,300.0,355.0,798.0,4,864.0
4.0,25.0,158.0,300.0,457.0,798.0,4,864.0
4.0,25.0,106.0,294.0,380.0,421.0,4,453.0
4.0,25.0,106.0,355.0,380.0,398.0,4,864.0
4.0,25.0,106.0,355.0,380.0,398.0,4,864.0
4.0,25.0,294.0,355.0,398.0,798.0,4,864.0
4.0,25.0,294.0,380.0,421.0,453.0,4,864.0
4.0,25.0,294.0,380.0,421.0,453.0,4,864.0
4.0,4.0,259.0,598.0,646.0,853.0,4,936.0
4.0,4.0,126.0,134.0,601.0,853.0,4,936.0
4.0,4.0,134.0,259.0,601.0,646.0,4,853.0
4.0,4.0,259.0,598.0,601.0,646.0,4,853.0
4.0,4.0,134.0,259.0,561.0,646.0,4,768.0
4.0,4.0,134.0,259.0,561.0,646.0,4,768.0
4.0,4.0,126.0,134.0,598.0,601.0,4,853.0
4.0,25.0,106.0,294.0,380.0,421.0,4,453.0
4.0,25.0,106.0,294.0,380.0,421.0,4,453.0
4.0,25.0,106.0,294.0,380.0,421.0,4,453.0
4.0,25.0,294.0,398.0,421.0,453.0,4,864.0
4.0,25.0,294.0,398.0,421.0,453.0,4,864.0
4.0,25.0,106.0,158.0,380.0,398.0,4,864.0
4.0,25.0,158.0,294.0,380.0,398.0,4,864.0
4.0,25.0,294.0,380.0,421.0,453.0,4,864.0
4.0,25.0,106.0,294.0,380.0,421.0,4,453.0
4.0,25.0,106.0,398.0,421.0,453.0,4,864.0
4.0,34.0,36.0,383.0,589.0,753.0,4,814.0
4.0,34.0,589.0,753.0,814.0,975.0,4,1033.0
4.0,34.0,15.0,506.0,589.0,975.0,4,1033.0
4.0,34.0,36.0,404.0,506.0,753.0,4,814.0
4.0,34.0,36.0,404.0,506.0,753.0,4,814.0
4.0,34.0,36.0,506.0,589.0,753.0,4,975.0
4.0,34.0,36.0,506.0,589.0,753.0,4,975.0
4.0,34.0,36.0,506.0,589.0,753.0,4,975.0
4.0,1.0,356.0,570.0,682.0,808.0,4,1008.0
4.0,1.0,356.0,570.0,808.0,820.0,4,1008.0
4.0,1.0,570.0,577.0,790.0,808.0,4,820.0
4.0,1.0,356.0,577.0,790.0,808.0,4,820.0
4.0,1.0,356.0,577.0,740.0,790.0,4,1008.0
4.0,1.0,570.0,577.0,790.0,808.0,4,820.0
4.0,1.0,570.0,577.0,790.0,808.0,4,820.0
4.0,1.0,570.0,577.0,790.0,808.0,4,820.0
4.0,1.0,356.0,570.0,790.0,808.0,4,820.0
4.0,1.0,356.0,577.0,790.0,808.0,4,820.0
4.0,25.0,294.0,380.0,421.0,453.0,4,864.0
4.0,25.0,300.0,355.0,380.0,398.0,4,653.0
4.0,25.0,294.0,300.0,380.0,421.0,4,453.0
4.0,25.0,300.0,380.0,421.0,453.0,4,653.0
4.0,25.0,294.0,380.0,421.0,453.0,4,864.0
4.0,25.0,294.0,398.0,421.0,453.0,4,864.0
4.0,25.0,355.0,398.0,453.0,653.0,4,864.0
4.0,25.0,294.0,300.0,355.0,380.0,4,398.0
4.0,25.0,294.0,300.0,355.0,380.0,4,398.0
4.0,25.0,294.0,355.0,380.0,398.0,4,864.0
4.0,25.0,294.0,355.0,380.0,398.0,4,864.0
4.0,26.0,40.0,315.0,488.0,536.0,4,914.0
4.0,26.0,40.0,315.0,488.0,536.0,4,961.0
4.0,26.0,333.0,488.0,634.0,948.0,4,961.0
4.0,26.0,40.0,333.0,634.0,948.0,4,961.0
4.0,26.0,40.0,315.0,488.0,536.0,4,948.0
4.0,26.0,333.0,536.0,634.0,948.0,4,961.0
4.0,25.0,294.0,380.0,421.0,453.0,4,864.0
4.0,25.0,294.0,380.0,421.0,453.0,4,864.0
4.0,25.0,300.0,355.0,398.0,453.0,4,864.0
4.0,25.0,294.0,300.0,398.0,421.0,4,453.0
4.0,25.0,294.0,380.0,421.0,453.0,4,864.0
4.0,25.0,294.0,380.0,398.0,421.0,4,864.0
4.0,25.0,294.0,300.0,380.0,398.0,4,421.0
4.0,25.0,294.0,300.0,355.0,398.0,4,453.0
4.0,25.0,106.0,380.0,421.0,453.0,4,864.0
4.0,25.0,106.0,355.0,380.0,398.0,4,864.0
4.0,25.0,106.0,355.0,380.0,398.0,4,864.0
4.0,25.0,294.0,355.0,398.0,453.0,4,864.0
4.0,25.0,294.0,355.0,398.0,453.0,4,864.0
4.0,25.0,294.0,380.0,398.0,421.0,4,864.0
4.0,25.0,106.0,398.0,421.0,453.0,4,864.0
4.0,25.0,106.0,294.0,380.0,421.0,4,453.0
4.0,25.0,106.0,294.0,380.0,421.0,4,453.0
4.0,25.0,294.0,398.0,421.0,453.0,4,864.0
4.0,25.0,294.0,355.0,398.0,453.0,4,864.0
4.0,25.0,106.0,355.0,380.0,398.0,4,864.0
4.0,25.0,106.0,294.0,380.0,421.0,4,453.0
4.0,25.0,294.0,355.0,398.0,453.0,4,864.0
4.0,25.0,106.0,355.0,398.0,453.0,4,864.0
4.0,25.0,106.0,300.0,355.0,398.0,4,864.0
4.0,25.0,106.0,300.0,355.0,398.0,4,864.0
4.0,25.0,294.0,380.0,398.0,421.0,4,864.0
4.0,25.0,106.0,294.0,380.0,421.0,4,453.0
4.0,25.0,294.0,380.0,421.0,453.0,4,864.0
4.0,25.0,106.0,294.0,380.0,421.0,4,453.0
4.0,25.0,106.0,294.0,398.0,421.0,4,453.0
4.0,25.0,106.0,294.0,380.0,421.0,4,453.0
4.0,25.0,106.0,294.0,380.0,421.0,4,453.0
4.0,25.0,294.0,398.0,421.0,453.0,4,864.0
4.0,25.0,294.0,355.0,380.0,453.0,4,864.0
4.0,25.0,294.0,355.0,380.0,453.0,4,864.0
4.0,25.0,106.0,294.0,398.0,421.0,4,453.0
4.0,25.0,106.0,380.0,421.0,453.0,4,864.0
4.0,25.0,106.0,300.0,380.0,421.0,4,453.0
4.0,25.0,106.0,300.0,355.0,398.0,4,453.0
4.0,25.0,300.0,355.0,380.0,398.0,4,864.0
4.0,25.0,300.0,355.0,380.0,453.0,4,864.0
4.0,25.0,300.0,355.0,380.0,453.0,4,864.0
4.0,25.0,300.0,355.0,398.0,453.0,4,864.0
4.0,25.0,300.0,355.0,398.0,453.0,4,864.0
4.0,25.0,300.0,355.0,380.0,453.0,4,864.0
4.0,17.0,182.0,298.0,299.0,508.0,4,586.0
4.0,17.0,108.0,298.0,505.0,586.0,4,635.0
4.0,17.0,108.0,505.0,508.0,586.0,4,635.0
4.0,17.0,108.0,298.0,505.0,586.0,4,635.0
4.0,6.0,61.0,171.0,213.0,397.0,4,640.0
4.0,6.0,171.0,640.0,656.0,809.0,4,873.0
4.0,6.0,30.0,61.0,397.0,809.0,4,867.0
4.0,6.0,30.0,213.0,397.0,809.0,4,867.0
4.0,6.0,171.0,213.0,640.0,656.0,4,867.0
4.0,6.0,171.0,213.0,640.0,656.0,4,867.0
4.0,25.0,106.0,294.0,355.0,380.0,4,421.0
4.0,25.0,294.0,355.0,380.0,421.0,4,864.0
4.0,25.0,106.0,158.0,355.0,380.0,4,864.0
4.0,25.0,106.0,158.0,355.0,453.0,4,864.0
4.0,25.0,106.0,158.0,355.0,453.0,4,864.0
4.0,25.0,294.0,355.0,380.0,453.0,4,864.0
4.0,25.0,158.0,294.0,355.0,380.0,4,864.0
4.0,25.0,158.0,294.0,355.0,453.0,4,864.0
4.0,25.0,158.0,294.0,380.0,453.0,4,864.0
4.0,25.0,158.0,294.0,380.0,453.0,4,864.0
4.0,0.0,13.0,448.0,493.0,535.0,4,589.0
4.0,0.0,13.0,418.0,493.0,535.0,4,686.0
4.0,0.0,418.0,465.0,535.0,686.0,4,1037.0
4.0,0.0,13.0,418.0,448.0,589.0,4,686.0
4.0,0.0,13.0,418.0,448.0,493.0,4,589.0
4.0,0.0,13.0,448.0,493.0,535.0,4,589.0
4.0,0.0,13.0,330.0,493.0,535.0,4,589.0
4.0,0.0,13.0,493.0,535.0,589.0,4,686.0
4.0,0.0,13.0,493.0,535.0,589.0,4,1037.0
4.0,0.0,418.0,493.0,535.0,686.0,4,1037.0
4.0,0.0,13.0,418.0,493.0,535.0,4,686.0
4.0,25.0,106.0,294.0,380.0,421.0,4,453.0
4.0,25.0,106.0,294.0,380.0,421.0,4,798.0
4.0,25.0,294.0,380.0,453.0,798.0,4,864.0
4.0,25.0,106.0,380.0,421.0,653.0,4,798.0
4.0,25.0,294.0,380.0,421.0,798.0,4,864.0
4.0,25.0,106.0,294.0,380.0,421.0,4,453.0
4.0,25.0,294.0,380.0,453.0,798.0,4,864.0
4.0,25.0,294.0,380.0,421.0,798.0,4,864.0
4.0,25.0,106.0,380.0,421.0,653.0,4,798.0
4.0,25.0,106.0,421.0,453.0,653.0,4,798.0
4.0,25.0,106.0,294.0,380.0,421.0,4,453.0
4.0,32.0,34.0,241.0,302.0,426.0,4,484.0
4.0,32.0,241.0,302.0,426.0,484.0,4,824.0
4.0,32.0,241.0,484.0,498.0,624.0,4,824.0
4.0,32.0,241.0,484.0,498.0,624.0,4,824.0
4.0,32.0,34.0,241.0,302.0,426.0,4,484.0
4.0,32.0,34.0,241.0,426.0,484.0,4,824.0
4.0,32.0,241.0,426.0,498.0,624.0,4,911.0
4.0,32.0,241.0,302.0,426.0,624.0,4,911.0
4.0,25.0,106.0,294.0,380.0,421.0,4,453.0
4.0,25.0,106.0,294.0,380.0,421.0,4,453.0
4.0,25.0,294.0,355.0,380.0,798.0,4,864.0
4.0,25.0,158.0,294.0,421.0,453.0,4,798.0
4.0,25.0,294.0,355.0,380.0,421.0,4,864.0
4.0,25.0,158.0,294.0,355.0,380.0,4,864.0
4.0,25.0,106.0,294.0,380.0,421.0,4,453.0
4.0,25.0,106.0,294.0,380.0,421.0,4,453.0
4.0,25.0,106.0,355.0,421.0,453.0,4,864.0
4.0,25.0,355.0,421.0,453.0,653.0,4,864.0
4.0,25.0,106.0,380.0,421.0,453.0,4,864.0
4.0,25.0,106.0,380.0,421.0,453.0,4,864.0
4.0,25.0,106.0,380.0,421.0,453.0,4,864.0
4.0,25.0,355.0,421.0,453.0,653.0,4,864.0
4.0,25.0,106.0,158.0,355.0,453.0,4,653.0
4.0,25.0,106.0,380.0,421.0,453.0,4,864.0
4.0,26.0,46.0,333.0,488.0,914.0,4,948.0
4.0,26.0,46.0,67.0,315.0,536.0,4,948.0
4.0,26.0,46.0,67.0,315.0,536.0,4,948.0
4.0,26.0,46.0,315.0,488.0,536.0,4,914.0
4.0,26.0,46.0,67.0,315.0,333.0,4,948.0
4.0,26.0,315.0,333.0,536.0,684.0,4,948.0
4.0,26.0,46.0,67.0,333.0,684.0,4,948.0
4.0,26.0,46.0,67.0,333.0,684.0,4,948.0
4.0,32.0,44.0,241.0,444.0,627.0,4,824.0
4.0,32.0,34.0,44.0,524.0,624.0,4,911.0
4.0,32.0,34.0,44.0,524.0,624.0,4,911.0
4.0,32.0,44.0,241.0,444.0,627.0,4,824.0
4.0,32.0,44.0,241.0,524.0,627.0,4,824.0
4.0,32.0,232.0,241.0,524.0,627.0,4,824.0
4.0,32.0,34.0,44.0,444.0,624.0,4,911.0
4.0,28.0,41.0,110.0,608.0,665.0,4,754.0
4.0,28.0,41.0,218.0,608.0,754.0,4,1016.0
4.0,28.0,71.0,110.0,218.0,639.0,4,665.0
4.0,28.0,71.0,110.0,218.0,639.0,4,665.0
4.0,28.0,71.0,110.0,608.0,639.0,4,665.0
4.0,28.0,71.0,110.0,608.0,639.0,4,665.0
4.0,28.0,41.0,110.0,218.0,665.0,4,754.0
4.0,28.0,41.0,110.0,608.0,665.0,4,754.0
4.0,28.0,41.0,110.0,218.0,608.0,4,754.0
4.0,28.0,41.0,110.0,608.0,665.0,4,754.0
4.0,28.0,41.0,110.0,218.0,608.0,4,754.0
4.0,28.0,41.0,110.0,218.0,608.0,4,754.0
4.0,32.0,44.0,444.0,627.0,824.0,4,911.0
4.0,32.0,34.0,44.0,524.0,539.0,4,911.0
4.0,32.0,34.0,524.0,539.0,824.0,4,911.0
4.0,32.0,34.0,44.0,444.0,627.0,4,911.0
4.0,32.0,44.0,241.0,444.0,627.0,4,824.0
4.0,32.0,44.0,524.0,539.0,824.0,4,911.0
4.0,32.0,34.0,44.0,524.0,539.0,4,911.0
4.0,34.0,15.0,36.0,355.0,404.0,4,589.0
4.0,34.0,15.0,383.0,589.0,753.0,4,975.0
4.0,34.0,36.0,139.0,383.0,589.0,4,753.0
4.0,34.0,36.0,139.0,355.0,383.0,4,753.0
4.0,34.0,36.0,404.0,589.0,753.0,4,975.0
4.0,34.0,15.0,36.0,355.0,404.0,4,589.0
4.0,34.0,15.0,355.0,404.0,589.0,4,975.0
4.0,34.0,15.0,355.0,383.0,589.0,4,975.0
4.0,34.0,15.0,383.0,589.0,753.0,4,975.0
4.0,34.0,36.0,355.0,589.0,753.0,4,975.0
4.0,34.0,355.0,383.0,589.0,753.0,4,975.0
4.0,34.0,139.0,374.0,583.0,626.0,4,753.0
4.0,26.0,46.0,315.0,333.0,536.0,4,914.0
4.0,26.0,333.0,450.0,536.0,684.0,4,948.0
4.0,26.0,224.0,315.0,333.0,634.0,4,948.0
4.0,26.0,46.0,315.0,333.0,536.0,4,961.0
4.0,26.0,46.0,315.0,333.0,536.0,4,961.0
4.0,26.0,46.0,315.0,333.0,536.0,4,914.0
4.0,26.0,315.0,333.0,536.0,948.0,4,961.0
4.0,32.0,34.0,44.0,241.0,624.0,4,627.0
4.0,32.0,34.0,44.0,624.0,627.0,4,911.0
4.0,32.0,34.0,44.0,524.0,627.0,4,911.0
4.0,32.0,44.0,241.0,524.0,824.0,4,911.0
4.0,32.0,44.0,241.0,524.0,824.0,4,911.0
4.0,32.0,34.0,524.0,624.0,824.0,4,911.0
4.0,32.0,34.0,44.0,624.0,627.0,4,911.0
4.0,32.0,44.0,241.0,624.0,627.0,4,824.0
4.0,32.0,34.0,44.0,241.0,524.0,4,911.0
4.0,32.0,34.0,44.0,524.0,624.0,4,911.0
4.0,32.0,44.0,241.0,524.0,824.0,4,911.0
4.0,32.0,34.0,524.0,624.0,824.0,4,911.0
4.0,32.0,34.0,484.0,624.0,824.0,4,911.0
4.0,32.0,34.0,44.0,484.0,624.0,4,627.0
4.0,32.0,44.0,241.0,524.0,627.0,4,824.0
4.0,32.0,44.0,241.0,524.0,627.0,4,824.0
4.0,32.0,44.0,524.0,624.0,824.0,4,911.0
4.0,1.0,577.0,790.0,808.0,820.0,4,898.0
4.0,1.0,356.0,682.0,740.0,887.0,4,1008.0
4.0,1.0,577.0,790.0,808.0,820.0,4,898.0
4.0,1.0,577.0,790.0,808.0,820.0,4,898.0
4.0,1.0,577.0,790.0,808.0,820.0,4,898.0
4.0,1.0,356.0,577.0,790.0,808.0,4,820.0
4.0,32.0,241.0,484.0,498.0,624.0,4,627.0
4.0,32.0,44.0,241.0,524.0,624.0,4,627.0
4.0,32.0,34.0,44.0,524.0,539.0,4,911.0
4.0,32.0,44.0,241.0,524.0,624.0,4,627.0
4.0,32.0,34.0,44.0,241.0,524.0,4,624.0
4.0,32.0,34.0,241.0,484.0,498.0,4,539.0
4.0,32.0,34.0,241.0,302.0,524.0,4,624.0
4.0,32.0,34.0,241.0,302.0,484.0,4,624.0
4.0,32.0,44.0,484.0,498.0,624.0,4,627.0
4.0,32.0,44.0,484.0,498.0,624.0,4,627.0
4.0,32.0,44.0,484.0,498.0,624.0,4,911.0
4.0,32.0,34.0,241.0,498.0,524.0,4,911.0
4.0,32.0,34.0,241.0,302.0,524.0,4,911.0
4.0,32.0,44.0,241.0,302.0,524.0,4,911.0
4.0,32.0,34.0,44.0,241.0,524.0,4,911.0
4.0,32.0,34.0,44.0,241.0,524.0,4,911.0
4.0,32.0,34.0,241.0,302.0,524.0,4,911.0
4.0,32.0,44.0,241.0,302.0,484.0,4,624.0
4.0,32.0,44.0,241.0,302.0,484.0,4,624.0
4.0,32.0,302.0,484.0,624.0,627.0,4,911.0
4.0,32.0,44.0,484.0,624.0,627.0,4,911.0
4.0,9.0,85.0,366.0,828.0,845.0,4,941.0
4.0,9.0,81.0,149.0,366.0,968.0,4,1019.0
4.0,9.0,81.0,149.0,366.0,968.0,4,1019.0
4.0,9.0,81.0,85.0,149.0,968.0,4,1019.0
4.0,9.0,81.0,85.0,149.0,845.0,4,968.0
4.0,9.0,81.0,85.0,149.0,845.0,4,941.0
4.0,9.0,81.0,85.0,149.0,845.0,4,941.0
4.0,9.0,81.0,85.0,828.0,845.0,4,941.0
4.0,9.0,85.0,452.0,828.0,845.0,4,941.0
4.0,9.0,85.0,366.0,828.0,845.0,4,941.0
4.0,9.0,85.0,149.0,828.0,845.0,4,941.0
4.0,32.0,241.0,302.0,484.0,498.0,4,911.0
4.0,32.0,241.0,302.0,498.0,624.0,4,627.0
4.0,32.0,241.0,302.0,484.0,498.0,4,624.0
4.0,32.0,241.0,498.0,539.0,624.0,4,627.0
4.0,32.0,241.0,498.0,539.0,624.0,4,627.0
4.0,32.0,498.0,539.0,624.0,627.0,4,911.0
4.0,32.0,34.0,44.0,241.0,524.0,4,627.0
4.0,32.0,44.0,241.0,302.0,524.0,4,627.0
4.0,32.0,241.0,302.0,484.0,498.0,4,627.0
4.0,32.0,44.0,302.0,484.0,624.0,4,627.0
4.0,32.0,34.0,241.0,524.0,624.0,4,627.0
4.0,32.0,44.0,241.0,524.0,624.0,4,627.0
4.0,32.0,34.0,44.0,241.0,524.0,4,627.0
4.0,32.0,44.0,241.0,302.0,484.0,4,624.0
4.0,32.0,44.0,302.0,524.0,624.0,4,627.0
4.0,32.0,44.0,302.0,524.0,624.0,4,627.0
4.0,32.0,34.0,44.0,524.0,624.0,4,627.0
4.0,32.0,34.0,44.0,524.0,624.0,4,627.0
4.0,32.0,44.0,241.0,524.0,624.0,4,627.0
4.0,32.0,34.0,241.0,302.0,524.0,4,627.0
4.0,32.0,44.0,302.0,539.0,624.0,4,627.0
4.0,32.0,44.0,302.0,524.0,539.0,4,624.0
4.0,32.0,44.0,302.0,524.0,624.0,4,627.0
4.0,32.0,44.0,241.0,302.0,624.0,4,627.0
4.0,32.0,241.0,302.0,539.0,624.0,4,627.0
4.0,32.0,302.0,498.0,539.0,624.0,4,908.0
4.0,32.0,241.0,302.0,498.0,524.0,4,627.0
4.0,32.0,34.0,302.0,539.0,624.0,4,627.0
4.0,32.0,241.0,302.0,498.0,524.0,4,624.0
4.0,32.0,241.0,302.0,498.0,524.0,4,624.0
4.0,32.0,34.0,241.0,498.0,524.0,4,627.0
4.0,32.0,241.0,302.0,498.0,624.0,4,627.0
4.0,32.0,34.0,241.0,302.0,624.0,4,627.0
4.0,32.0,34.0,302.0,524.0,624.0,4,627.0
4.0,4.0,134.0,259.0,561.0,646.0,4,936.0
4.0,4.0,134.0,259.0,561.0,646.0,4,936.0
4.0,4.0,259.0,646.0,768.0,853.0,4,936.0
4.0,4.0,126.0,601.0,768.0,853.0,4,936.0
4.0,4.0,126.0,134.0,601.0,853.0,4,936.0
4.0,4.0,134.0,259.0,601.0,646.0,4,936.0
4.0,4.0,134.0,259.0,601.0,646.0,4,936.0
4.0,4.0,134.0,259.0,561.0,598.0,4,646.0
4.0,4.0,259.0,646.0,768.0,853.0,4,936.0
4.0,4.0,126.0,646.0,768.0,853.0,4,936.0
4.0,4.0,126.0,601.0,646.0,768.0,4,853.0
4.0,4.0,126.0,601.0,646.0,768.0,4,853.0
4.0,6.0,30.0,35.0,55.0,213.0,4,730.0
4.0,6.0,35.0,55.0,171.0,213.0,4,809.0
4.0,6.0,55.0,171.0,730.0,809.0,4,867.0
4.0,6.0,30.0,171.0,656.0,809.0,4,867.0
4.0,1.0,356.0,790.0,808.0,820.0,4,898.0
4.0,1.0,477.0,640.0,682.0,790.0,4,808.0
4.0,1.0,477.0,640.0,682.0,740.0,4,1008.0
4.0,1.0,356.0,682.0,740.0,898.0,4,1008.0
4.0,1.0,356.0,790.0,808.0,820.0,4,898.0
4.0,1.0,356.0,740.0,790.0,820.0,4,898.0
4.0,1.0,356.0,640.0,682.0,808.0,4,1008.0
4.0,1.0,356.0,640.0,682.0,808.0,4,820.0
4.0,1.0,356.0,640.0,682.0,740.0,4,820.0
4.0,1.0,356.0,640.0,682.0,740.0,4,1008.0
4.0,32.0,34.0,44.0,241.0,524.0,4,627.0
4.0,32.0,44.0,484.0,498.0,624.0,4,627.0
4.0,32.0,44.0,484.0,498.0,624.0,4,627.0
4.0,32.0,44.0,241.0,484.0,624.0,4,627.0
4.0,32.0,34.0,44.0,241.0,524.0,4,627.0
4.0,32.0,34.0,44.0,241.0,524.0,4,627.0
4.0,32.0,34.0,302.0,484.0,624.0,4,627.0
4.0,32.0,34.0,241.0,302.0,484.0,4,624.0
4.0,32.0,44.0,241.0,302.0,484.0,4,624.0
4.0,32.0,34.0,44.0,241.0,524.0,4,627.0
4.0,32.0,44.0,241.0,302.0,524.0,4,624.0
4.0,32.0,34.0,44.0,524.0,539.0,4,627.0
4.0,32.0,34.0,44.0,524.0,539.0,4,627.0
4.0,32.0,34.0,44.0,241.0,524.0,4,627.0
4.0,32.0,34.0,498.0,524.0,539.0,4,627.0
4.0,32.0,34.0,498.0,524.0,539.0,4,627.0
4.0,32.0,34.0,44.0,241.0,524.0,4,627.0
4.0,32.0,34.0,44.0,524.0,539.0,4,627.0
4.0,34.0,15.0,404.0,589.0,753.0,4,1033.0
4.0,34.0,15.0,404.0,589.0,753.0,4,1033.0
4.0,34.0,15.0,36.0,589.0,753.0,4,1033.0
4.0,34.0,15.0,36.0,506.0,753.0,4,814.0
4.0,34.0,15.0,36.0,506.0,753.0,4,814.0
4.0,34.0,15.0,36.0,589.0,753.0,4,814.0
4.0,34.0,15.0,36.0,404.0,506.0,4,589.0
4.0,34.0,36.0,404.0,506.0,753.0,4,814.0
4.0,32.0,34.0,44.0,241.0,524.0,4,539.0
4.0,32.0,34.0,44.0,241.0,524.0,4,539.0
4.0,32.0,34.0,302.0,484.0,539.0,4,911.0
4.0,32.0,34.0,44.0,241.0,524.0,4,977.0
4.0,32.0,26.0,34.0,241.0,524.0,4,539.0
4.0,32.0,34.0,44.0,241.0,524.0,4,911.0
4.0,32.0,34.0,44.0,241.0,524.0,4,539.0
4.0,32.0,34.0,44.0,241.0,484.0,4,911.0
4.0,32.0,26.0,302.0,484.0,911.0,4,977.0
4.0,32.0,26.0,302.0,484.0,524.0,4,911.0
4.0,32.0,26.0,302.0,484.0,524.0,4,911.0
4.0,32.0,44.0,241.0,302.0,484.0,4,911.0
4.0,32.0,34.0,44.0,241.0,524.0,4,911.0
4.0,32.0,34.0,44.0,241.0,524.0,4,911.0
4.0,32.0,34.0,44.0,241.0,484.0,4,911.0
4.0,32.0,26.0,34.0,484.0,524.0,4,539.0
4.0,32.0,34.0,241.0,302.0,524.0,4,911.0
4.0,0.0,13.0,493.0,535.0,695.0,4,713.0
4.0,0.0,13.0,418.0,493.0,535.0,4,695.0
4.0,0.0,13.0,204.0,418.0,493.0,4,535.0
4.0,0.0,204.0,418.0,465.0,535.0,4,1037.0
4.0,0.0,13.0,418.0,493.0,535.0,4,713.0
4.0,0.0,13.0,493.0,535.0,695.0,4,713.0
4.0,0.0,13.0,493.0,535.0,695.0,4,713.0
4.0,0.0,13.0,418.0,493.0,535.0,4,695.0
4.0,0.0,204.0,418.0,493.0,535.0,4,1037.0
4.0,0.0,13.0,418.0,493.0,535.0,4,713.0
4.0,0.0,13.0,418.0,493.0,535.0,4,713.0
4.0,17.0,47.0,108.0,182.0,328.0,4,505.0
4.0,17.0,47.0,108.0,182.0,505.0,4,635.0
4.0,17.0,47.0,108.0,182.0,505.0,4,635.0
4.0,17.0,47.0,108.0,135.0,157.0,4,635.0
4.0,17.0,47.0,108.0,182.0,328.0,4,505.0
4.0,17.0,135.0,328.0,505.0,586.0,4,635.0
4.0,17.0,135.0,328.0,505.0,586.0,4,635.0
4.0,17.0,135.0,328.0,505.0,586.0,4,635.0
4.0,17.0,157.0,345.0,508.0,586.0,4,635.0
4.0,32.0,44.0,241.0,302.0,524.0,4,911.0
4.0,32.0,44.0,302.0,524.0,539.0,4,911.0
4.0,32.0,44.0,241.0,498.0,524.0,4,911.0
4.0,32.0,44.0,241.0,498.0,524.0,4,624.0
4.0,32.0,44.0,484.0,498.0,624.0,4,911.0
4.0,32.0,44.0,484.0,498.0,624.0,4,911.0
4.0,32.0,34.0,44.0,241.0,524.0,4,911.0
4.0,32.0,44.0,241.0,302.0,524.0,4,624.0
4.0,32.0,302.0,484.0,498.0,624.0,4,911.0
4.0,32.0,44.0,241.0,302.0,524.0,4,977.0
4.0,32.0,34.0,44.0,241.0,524.0,4,911.0
4.0,32.0,44.0,241.0,302.0,524.0,4,624.0
4.0,32.0,34.0,241.0,302.0,484.0,4,624.0
4.0,32.0,34.0,241.0,302.0,484.0,4,624.0
4.0,32.0,44.0,241.0,302.0,484.0,4,624.0
4.0,32.0,44.0,241.0,302.0,524.0,4,624.0
4.0,32.0,44.0,302.0,524.0,624.0,4,911.0
4.0,32.0,26.0,302.0,524.0,624.0,4,911.0
4.0,32.0,34.0,44.0,241.0,426.0,4,524.0
4.0,32.0,26.0,44.0,241.0,426.0,4,524.0
4.0,32.0,34.0,44.0,241.0,426.0,4,524.0
4.0,32.0,34.0,44.0,524.0,624.0,4,911.0
4.0,32.0,34.0,241.0,302.0,426.0,4,524.0
4.0,32.0,44.0,241.0,302.0,524.0,4,911.0
4.0,32.0,34.0,44.0,484.0,624.0,4,911.0
4.0,32.0,34.0,44.0,484.0,624.0,4,911.0
4.0,32.0,34.0,44.0,241.0,524.0,4,911.0
4.0,32.0,34.0,44.0,241.0,524.0,4,911.0
4.0,32.0,34.0,241.0,302.0,524.0,4,911.0
4.0,32.0,34.0,241.0,302.0,426.0,4,524.0
4.0,32.0,44.0,241.0,302.0,524.0,4,624.0
4.0,32.0,34.0,44.0,241.0,524.0,4,624.0
4.0,32.0,44.0,241.0,426.0,484.0,4,824.0
4.0,32.0,44.0,484.0,624.0,824.0,4,911.0
4.0,32.0,44.0,241.0,484.0,624.0,4,824.0
4.0,32.0,44.0,302.0,426.0,524.0,4,624.0
4.0,32.0,44.0,241.0,302.0,426.0,4,524.0
4.0,32.0,241.0,302.0,426.0,524.0,4,824.0
4.0,32.0,44.0,484.0,624.0,824.0,4,911.0
4.0,32.0,44.0,484.0,624.0,824.0,4,911.0
4.0,9.0,85.0,366.0,828.0,941.0,4,968.0
4.0,9.0,85.0,366.0,828.0,941.0,4,968.0
4.0,9.0,85.0,366.0,828.0,941.0,4,968.0
4.0,9.0,76.0,81.0,149.0,169.0,4,845.0
4.0,9.0,76.0,81.0,149.0,169.0,4,845.0
4.0,9.0,81.0,149.0,366.0,845.0,4,968.0
4.0,9.0,85.0,366.0,828.0,845.0,4,941.0
4.0,9.0,76.0,81.0,149.0,169.0,4,845.0
4.0,9.0,76.0,81.0,149.0,169.0,4,845.0
4.0,9.0,366.0,828.0,845.0,941.0,4,968.0
4.0,32.0,34.0,44.0,241.0,426.0,4,524.0
4.0,32.0,241.0,302.0,484.0,824.0,4,911.0
4.0,32.0,302.0,426.0,524.0,624.0,4,824.0
4.0,32.0,44.0,241.0,426.0,524.0,4,824.0
4.0,32.0,44.0,241.0,426.0,524.0,4,824.0
4.0,32.0,34.0,44.0,241.0,426.0,4,524.0
4.0,32.0,44.0,241.0,426.0,524.0,4,824.0
4.0,32.0,44.0,241.0,426.0,484.0,4,824.0
4.0,32.0,302.0,484.0,624.0,824.0,4,911.0
4.0,32.0,44.0,302.0,484.0,624.0,4,911.0
4.0,13.0,91.0,238.0,730.0,811.0,4,866.0
4.0,13.0,16.0,91.0,238.0,730.0,4,811.0
4.0,13.0,91.0,161.0,320.0,730.0,4,811.0
4.0,13.0,91.0,161.0,320.0,730.0,4,811.0
4.0,13.0,91.0,161.0,420.0,730.0,4,811.0
4.0,13.0,16.0,91.0,238.0,320.0,4,730.0
4.0,13.0,16.0,91.0,238.0,319.0,4,320.0
4.0,13.0,161.0,191.0,319.0,320.0,4,811.0
4.0,13.0,91.0,161.0,320.0,730.0,4,811.0
4.0,13.0,91.0,161.0,320.0,730.0,4,811.0
4.0,32.0,34.0,44.0,241.0,426.0,4,524.0
4.0,32.0,34.0,302.0,524.0,624.0,4,911.0
4.0,32.0,34.0,44.0,241.0,426.0,4,524.0
4.0,32.0,34.0,44.0,241.0,426.0,4,524.0
4.0,32.0,241.0,302.0,426.0,484.0,4,824.0
4.0,32.0,241.0,302.0,426.0,484.0,4,824.0
4.0,32.0,34.0,44.0,241.0,484.0,4,624.0
4.0,4.0,134.0,259.0,561.0,598.0,4,646.0
4.0,4.0,259.0,561.0,646.0,768.0,4,936.0
4.0,4.0,259.0,646.0,768.0,853.0,4,936.0
4.0,4.0,259.0,646.0,768.0,853.0,4,936.0
4.0,4.0,126.0,646.0,768.0,853.0,4,936.0
4.0,4.0,126.0,646.0,768.0,853.0,4,936.0
4.0,4.0,126.0,134.0,601.0,853.0,4,936.0
4.0,4.0,134.0,259.0,561.0,598.0,4,646.0
4.0,4.0,259.0,646.0,768.0,853.0,4,936.0
4.0,4.0,259.0,646.0,768.0,853.0,4,936.0
4.0,4.0,126.0,134.0,259.0,601.0,4,936.0
4.0,32.0,26.0,241.0,302.0,484.0,4,911.0
4.0,32.0,26.0,241.0,484.0,498.0,4,911.0
4.0,32.0,302.0,426.0,484.0,824.0,4,911.0
4.0,32.0,241.0,302.0,426.0,524.0,4,824.0
4.0,32.0,26.0,241.0,426.0,484.0,4,824.0
4.0,32.0,26.0,241.0,426.0,484.0,4,911.0
4.0,32.0,26.0,302.0,484.0,524.0,4,911.0
4.0,32.0,26.0,302.0,484.0,524.0,4,911.0
4.0,32.0,26.0,302.0,484.0,524.0,4,911.0
4.0,32.0,26.0,241.0,302.0,484.0,4,911.0
4.0,26.0,315.0,333.0,488.0,536.0,4,914.0
4.0,26.0,315.0,333.0,488.0,536.0,4,948.0
4.0,26.0,315.0,333.0,488.0,536.0,4,948.0
4.0,26.0,315.0,333.0,488.0,536.0,4,948.0
4.0,26.0,40.0,67.0,333.0,914.0,4,948.0
4.0,26.0,40.0,333.0,488.0,914.0,4,948.0
4.0,26.0,40.0,315.0,488.0,536.0,4,948.0
4.0,26.0,315.0,333.0,488.0,536.0,4,948.0
4.0,26.0,40.0,333.0,488.0,914.0,4,948.0
4.0,32.0,241.0,302.0,426.0,484.0,4,824.0
4.0,32.0,26.0,241.0,302.0,484.0,4,539.0
4.0,32.0,26.0,426.0,484.0,539.0,4,824.0
4.0,32.0,241.0,302.0,426.0,484.0,4,824.0
4.0,32.0,241.0,302.0,426.0,484.0,4,824.0
4.0,32.0,26.0,241.0,426.0,484.0,4,824.0
4.0,32.0,241.0,302.0,426.0,498.0,4,539.0
4.0,17.0,108.0,135.0,290.0,505.0,4,635.0
4.0,17.0,157.0,290.0,299.0,328.0,4,708.0
4.0,17.0,108.0,135.0,182.0,290.0,4,505.0
4.0,17.0,108.0,135.0,182.0,328.0,4,505.0
4.0,17.0,108.0,290.0,328.0,505.0,4,586.0
4.0,26.0,40.0,315.0,536.0,634.0,4,914.0
4.0,26.0,40.0,315.0,536.0,634.0,4,914.0
4.0,26.0,40.0,315.0,333.0,536.0,4,914.0
4.0,26.0,40.0,46.0,315.0,536.0,4,914.0
4.0,26.0,40.0,46.0,536.0,634.0,4,961.0
4.0,26.0,46.0,315.0,333.0,634.0,4,948.0
4.0,26.0,40.0,46.0,315.0,333.0,4,948.0
4.0,26.0,40.0,46.0,315.0,536.0,4,948.0
4.0,26.0,40.0,46.0,315.0,536.0,4,634.0
4.0,34.0,15.0,36.0,383.0,506.0,4,589.0
4.0,34.0,15.0,36.0,383.0,506.0,4,753.0
4.0,34.0,15.0,36.0,383.0,506.0,4,753.0
4.0,34.0,36.0,139.0,383.0,589.0,4,753.0
4.0,34.0,15.0,36.0,404.0,506.0,4,589.0
4.0,34.0,15.0,404.0,506.0,589.0,4,1033.0
4.0,34.0,15.0,36.0,506.0,753.0,4,1033.0
4.0,34.0,15.0,36.0,506.0,589.0,4,1033.0
4.0,26.0,333.0,450.0,634.0,684.0,4,948.0
4.0,26.0,333.0,450.0,634.0,684.0,4,948.0
4.0,26.0,40.0,46.0,224.0,536.0,4,961.0
4.0,26.0,40.0,46.0,224.0,536.0,4,961.0
4.0,26.0,40.0,46.0,224.0,536.0,4,961.0
4.0,26.0,40.0,333.0,536.0,684.0,4,961.0
4.0,26.0,46.0,315.0,333.0,536.0,4,961.0
4.0,26.0,46.0,315.0,333.0,536.0,4,961.0
4.0,26.0,46.0,536.0,634.0,684.0,4,961.0
4.0,26.0,46.0,315.0,536.0,634.0,4,961.0
4.0,26.0,46.0,315.0,536.0,634.0,4,961.0
4.0,6.0,55.0,213.0,499.0,656.0,4,867.0
4.0,6.0,55.0,213.0,499.0,656.0,4,867.0
4.0,6.0,35.0,55.0,61.0,213.0,4,499.0
4.0,6.0,35.0,61.0,397.0,420.0,4,809.0
4.0,6.0,35.0,61.0,397.0,420.0,4,809.0
4.0,6.0,35.0,61.0,397.0,420.0,4,809.0
4.0,6.0,35.0,61.0,397.0,420.0,4,809.0
4.0,6.0,35.0,55.0,61.0,213.0,4,420.0
4.0,6.0,35.0,55.0,61.0,213.0,4,420.0
4.0,6.0,55.0,61.0,213.0,499.0,4,867.0
4.0,6.0,55.0,213.0,499.0,656.0,4,867.0
4.0,6.0,55.0,213.0,499.0,809.0,4,867.0
4.0,26.0,46.0,315.0,333.0,536.0,4,914.0
4.0,26.0,315.0,333.0,536.0,914.0,4,948.0
4.0,26.0,315.0,488.0,634.0,684.0,4,948.0
4.0,26.0,315.0,488.0,634.0,684.0,4,948.0
4.0,26.0,315.0,333.0,488.0,634.0,4,914.0
4.0,26.0,333.0,488.0,634.0,948.0,4,961.0
4.0,26.0,46.0,333.0,536.0,914.0,4,948.0
4.0,26.0,46.0,333.0,634.0,684.0,4,948.0
4.0,26.0,46.0,488.0,634.0,684.0,4,948.0
4.0,26.0,315.0,536.0,634.0,684.0,4,948.0
4.0,26.0,315.0,536.0,634.0,914.0,4,948.0
4.0,26.0,315.0,333.0,536.0,634.0,4,914.0
4.0,34.0,139.0,404.0,506.0,753.0,4,975.0
4.0,34.0,139.0,404.0,506.0,753.0,4,975.0
4.0,34.0,36.0,355.0,383.0,589.0,4,753.0
4.0,34.0,36.0,355.0,404.0,506.0,4,589.0
4.0,34.0,36.0,355.0,404.0,506.0,4,753.0
4.0,34.0,355.0,404.0,506.0,753.0,4,975.0
4.0,34.0,36.0,404.0,506.0,589.0,4,753.0
4.0,34.0,36.0,355.0,404.0,506.0,4,589.0
4.0,34.0,36.0,355.0,404.0,506.0,4,589.0
4.0,26.0,40.0,315.0,333.0,536.0,4,914.0
4.0,26.0,40.0,315.0,333.0,536.0,4,684.0
4.0,26.0,40.0,488.0,634.0,684.0,4,948.0
4.0,26.0,40.0,315.0,333.0,536.0,4,914.0
4.0,26.0,40.0,315.0,333.0,536.0,4,914.0
4.0,26.0,40.0,536.0,634.0,948.0,4,961.0
4.0,26.0,40.0,536.0,634.0,948.0,4,961.0
4.0,26.0,40.0,536.0,634.0,948.0,4,961.0
4.0,26.0,40.0,536.0,634.0,948.0,4,961.0
4.0,26.0,40.0,315.0,333.0,536.0,4,914.0
4.0,26.0,40.0,315.0,333.0,536.0,4,914.0
4.0,26.0,46.0,333.0,634.0,684.0,4,948.0
4.0,26.0,46.0,333.0,634.0,684.0,4,948.0
4.0,26.0,40.0,315.0,488.0,634.0,4,948.0
4.0,26.0,40.0,488.0,536.0,684.0,4,948.0
4.0,26.0,40.0,315.0,536.0,684.0,4,948.0
4.0,26.0,40.0,46.0,315.0,536.0,4,961.0
4.0,26.0,40.0,46.0,315.0,634.0,4,961.0
4.0,0.0,13.0,418.0,535.0,686.0,4,713.0
4.0,0.0,13.0,418.0,535.0,686.0,4,713.0
4.0,0.0,13.0,418.0,535.0,686.0,4,713.0
4.0,0.0,13.0,418.0,686.0,713.0,4,1037.0
4.0,0.0,13.0,418.0,465.0,686.0,4,1037.0
4.0,0.0,13.0,418.0,465.0,686.0,4,1037.0
4.0,0.0,13.0,418.0,465.0,695.0,4,1037.0
4.0,0.0,418.0,465.0,535.0,686.0,4,1037.0
4.0,0.0,13.0,418.0,686.0,713.0,4,1037.0
4.0,0.0,13.0,418.0,686.0,713.0,4,1037.0
4.0,26.0,40.0,315.0,488.0,536.0,4,914.0
4.0,26.0,46.0,333.0,634.0,684.0,4,948.0
4.0,26.0,40.0,315.0,333.0,536.0,4,948.0
4.0,26.0,40.0,315.0,488.0,536.0,4,914.0
4.0,26.0,40.0,315.0,488.0,536.0,4,914.0
4.0,26.0,40.0,488.0,634.0,914.0,4,948.0
4.0,26.0,40.0,315.0,488.0,536.0,4,948.0
4.0,26.0,40.0,315.0,488.0,536.0,4,948.0
4.0,26.0,40.0,315.0,488.0,536.0,4,948.0
4.0,26.0,40.0,315.0,488.0,536.0,4,948.0
4.0,26.0,40.0,315.0,488.0,536.0,4,948.0
4.0,26.0,333.0,536.0,634.0,914.0,4,948.0
4.0,26.0,46.0,315.0,333.0,634.0,4,948.0
4.0,26.0,46.0,315.0,333.0,634.0,4,948.0
4.0,26.0,40.0,315.0,488.0,536.0,4,914.0
4.0,26.0,333.0,536.0,634.0,914.0,4,948.0
4.0,26.0,333.0,488.0,536.0,634.0,4,948.0
4.0,26.0,40.0,315.0,488.0,536.0,4,914.0
4.0,26.0,40.0,315.0,488.0,536.0,4,914.0
4.0,26.0,40.0,488.0,536.0,914.0,4,948.0
4.0,26.0,315.0,333.0,488.0,634.0,4,948.0
4.0,26.0,315.0,333.0,488.0,634.0,4,948.0
4.0,26.0,40.0,315.0,333.0,488.0,4,536.0
4.0,26.0,40.0,315.0,488.0,634.0,4,914.0
4.0,26.0,40.0,315.0,488.0,634.0,4,914.0
4.0,26.0,46.0,315.0,536.0,634.0,4,948.0
4.0,26.0,40.0,315.0,488.0,536.0,4,948.0
4.0,26.0,40.0,315.0,488.0,536.0,4,914.0
4.0,26.0,40.0,333.0,634.0,684.0,4,948.0
4.0,26.0,40.0,333.0,634.0,684.0,4,948.0
4.0,26.0,40.0,536.0,634.0,684.0,4,948.0
4.0,26.0,40.0,536.0,634.0,684.0,4,948.0
4.0,26.0,40.0,488.0,634.0,914.0,4,948.0
4.0,26.0,333.0,488.0,634.0,914.0,4,948.0
4.0,26.0,315.0,333.0,488.0,634.0,4,948.0
4.0,26.0,40.0,488.0,634.0,914.0,4,948.0
4.0,26.0,315.0,333.0,536.0,634.0,4,948.0
4.0,26.0,40.0,315.0,488.0,536.0,4,914.0
4.0,26.0,40.0,315.0,488.0,536.0,4,914.0
4.0,26.0,40.0,315.0,488.0,536.0,4,914.0
4.0,26.0,40.0,315.0,488.0,536.0,4,914.0
4.0,26.0,40.0,315.0,488.0,634.0,4,948.0
4.0,26.0,40.0,536.0,634.0,914.0,4,948.0
4.0,26.0,40.0,315.0,536.0,634.0,4,948.0
4.0,26.0,40.0,315.0,536.0,634.0,4,948.0
4.0,26.0,40.0,315.0,488.0,536.0,4,948.0
4.0,4.0,134.0,259.0,561.0,598.0,4,646.0
4.0,4.0,134.0,259.0,598.0,646.0,4,853.0
4.0,4.0,126.0,601.0,646.0,768.0,4,853.0
4.0,4.0,134.0,259.0,598.0,601.0,4,853.0
4.0,4.0,134.0,259.0,598.0,601.0,4,646.0
4.0,4.0,134.0,259.0,561.0,598.0,4,646.0
4.0,4.0,134.0,259.0,598.0,646.0,4,853.0
4.0,4.0,134.0,259.0,598.0,646.0,4,853.0
4.0,4.0,126.0,134.0,601.0,768.0,4,853.0
4.0,4.0,126.0,426.0,601.0,768.0,4,853.0
4.0,4.0,126.0,426.0,601.0,768.0,4,853.0
4.0,4.0,118.0,126.0,426.0,504.0,4,768.0
4.0,1.0,577.0,740.0,790.0,820.0,4,898.0
4.0,1.0,356.0,682.0,740.0,790.0,4,887.0
4.0,1.0,577.0,740.0,790.0,820.0,4,898.0
4.0,1.0,356.0,577.0,682.0,790.0,4,820.0
4.0,1.0,577.0,740.0,790.0,820.0,4,898.0
4.0,26.0,333.0,488.0,634.0,684.0,4,948.0
4.0,26.0,46.0,315.0,488.0,536.0,4,914.0
4.0,26.0,46.0,315.0,450.0,536.0,4,914.0
4.0,26.0,46.0,315.0,450.0,536.0,4,914.0
4.0,26.0,46.0,315.0,536.0,634.0,4,948.0
4.0,26.0,46.0,315.0,333.0,634.0,4,948.0
4.0,26.0,315.0,333.0,536.0,634.0,4,948.0
4.0,26.0,315.0,333.0,488.0,536.0,4,948.0
4.0,26.0,315.0,488.0,536.0,634.0,4,914.0
4.0,26.0,46.0,315.0,488.0,536.0,4,914.0
4.0,26.0,46.0,315.0,488.0,536.0,4,914.0
4.0,26.0,46.0,315.0,488.0,536.0,4,914.0
4.0,26.0,46.0,315.0,488.0,536.0,4,948.0
4.0,9.0,81.0,85.0,149.0,845.0,4,941.0
4.0,9.0,76.0,366.0,452.0,828.0,4,968.0
4.0,9.0,81.0,149.0,366.0,845.0,4,941.0
4.0,9.0,81.0,85.0,366.0,845.0,4,941.0
4.0,9.0,81.0,85.0,366.0,941.0,4,968.0
4.0,9.0,76.0,366.0,828.0,845.0,4,968.0
4.0,9.0,76.0,85.0,828.0,845.0,4,968.0
4.0,26.0,40.0,315.0,488.0,536.0,4,914.0
4.0,26.0,315.0,333.0,488.0,536.0,4,914.0
4.0,26.0,40.0,46.0,315.0,634.0,4,948.0
4.0,26.0,40.0,46.0,315.0,634.0,4,948.0
4.0,26.0,40.0,46.0,634.0,684.0,4,948.0
4.0,26.0,40.0,46.0,315.0,536.0,4,634.0
4.0,26.0,315.0,488.0,536.0,634.0,4,914.0
4.0,26.0,40.0,333.0,536.0,684.0,4,948.0
4.0,26.0,40.0,315.0,536.0,634.0,4,914.0
4.0,26.0,40.0,315.0,488.0,536.0,4,914.0
4.0,26.0,40.0,315.0,333.0,634.0,4,914.0
4.0,26.0,40.0,315.0,488.0,536.0,4,914.0
4.0,26.0,40.0,315.0,488.0,536.0,4,948.0
4.0,26.0,40.0,315.0,488.0,634.0,4,684.0
4.0,26.0,40.0,315.0,488.0,634.0,4,684.0
4.0,26.0,40.0,315.0,536.0,634.0,4,684.0
4.0,26.0,315.0,333.0,536.0,634.0,4,948.0
4.0,26.0,315.0,333.0,536.0,634.0,4,948.0
4.0,26.0,333.0,536.0,634.0,684.0,4,948.0
4.0,26.0,40.0,333.0,536.0,684.0,4,948.0
4.0,0.0,204.0,418.0,465.0,535.0,4,695.0
4.0,0.0,493.0,535.0,686.0,713.0,4,1037.0
4.0,0.0,418.0,535.0,686.0,695.0,4,713.0
4.0,0.0,418.0,517.0,535.0,686.0,4,695.0
4.0,0.0,204.0,465.0,517.0,532.0,4,695.0
4.0,0.0,204.0,465.0,517.0,532.0,4,695.0
4.0,26.0,40.0,315.0,333.0,536.0,4,948.0
4.0,26.0,40.0,315.0,333.0,634.0,4,948.0
4.0,26.0,333.0,536.0,634.0,684.0,4,948.0
4.0,26.0,40.0,488.0,536.0,684.0,4,948.0
4.0,26.0,40.0,488.0,536.0,684.0,4,948.0
4.0,26.0,40.0,315.0,488.0,536.0,4,948.0
4.0,26.0,40.0,315.0,488.0,536.0,4,914.0
4.0,26.0,40.0,315.0,488.0,536.0,4,914.0
4.0,26.0,40.0,315.0,488.0,536.0,4,914.0
4.0,26.0,40.0,315.0,488.0,536.0,4,914.0
4.0,26.0,315.0,333.0,488.0,536.0,4,948.0
4.0,26.0,315.0,333.0,488.0,634.0,4,948.0
4.0,26.0,40.0,333.0,634.0,684.0,4,948.0
4.0,26.0,333.0,488.0,634.0,684.0,4,948.0
4.0,26.0,224.0,333.0,488.0,634.0,4,684.0
4.0,26.0,40.0,315.0,488.0,536.0,4,914.0
4.0,26.0,40.0,315.0,536.0,634.0,4,948.0
4.0,26.0,333.0,488.0,634.0,684.0,4,948.0
4.0,26.0,40.0,315.0,333.0,536.0,4,948.0
4.0,26.0,40.0,315.0,488.0,536.0,4,948.0
4.0,26.0,40.0,315.0,488.0,536.0,4,914.0
4.0,26.0,40.0,315.0,536.0,634.0,4,948.0
4.0,26.0,315.0,333.0,536.0,634.0,4,948.0
4.0,26.0,40.0,315.0,333.0,634.0,4,948.0
4.0,26.0,40.0,488.0,634.0,684.0,4,948.0
4.0,26.0,40.0,488.0,634.0,684.0,4,948.0
4.0,26.0,40.0,488.0,536.0,684.0,4,948.0
4.0,6.0,55.0,61.0,171.0,397.0,4,809.0
4.0,6.0,55.0,171.0,213.0,397.0,4,809.0
4.0,6.0,55.0,61.0,213.0,397.0,4,656.0
4.0,6.0,55.0,61.0,213.0,397.0,4,809.0
4.0,6.0,55.0,61.0,213.0,809.0,4,873.0
4.0,6.0,30.0,61.0,213.0,397.0,4,873.0
4.0,6.0,61.0,213.0,397.0,809.0,4,873.0
4.0,6.0,61.0,213.0,397.0,809.0,4,873.0
4.0,26.0,40.0,315.0,488.0,536.0,4,914.0
4.0,26.0,333.0,488.0,634.0,684.0,4,948.0
4.0,26.0,40.0,536.0,634.0,684.0,4,948.0
4.0,26.0,40.0,315.0,488.0,536.0,4,914.0
4.0,26.0,40.0,315.0,536.0,634.0,4,948.0
4.0,26.0,40.0,315.0,536.0,634.0,4,914.0
4.0,17.0,299.0,505.0,586.0,619.0,4,635.0
4.0,17.0,47.0,135.0,299.0,586.0,4,619.0
4.0,17.0,47.0,135.0,299.0,586.0,4,619.0
4.0,17.0,135.0,299.0,505.0,619.0,4,635.0
4.0,17.0,135.0,299.0,505.0,619.0,4,635.0
4.0,17.0,47.0,108.0,135.0,505.0,4,635.0
4.0,17.0,47.0,108.0,135.0,505.0,4,635.0
4.0,17.0,47.0,108.0,505.0,586.0,4,619.0
4.0,17.0,299.0,505.0,586.0,619.0,4,635.0
4.0,17.0,157.0,299.0,586.0,619.0,4,635.0
4.0,13.0,16.0,91.0,161.0,420.0,4,730.0
4.0,13.0,16.0,91.0,161.0,420.0,4,730.0
4.0,13.0,16.0,161.0,191.0,319.0,4,420.0
4.0,13.0,16.0,161.0,191.0,319.0,4,420.0
4.0,13.0,16.0,91.0,161.0,730.0,4,811.0
4.0,13.0,16.0,91.0,161.0,730.0,4,811.0
4.0,13.0,91.0,238.0,730.0,811.0,4,866.0
4.0,13.0,16.0,161.0,238.0,319.0,4,420.0
4.0,13.0,16.0,161.0,238.0,319.0,4,420.0
4.0,13.0,91.0,238.0,319.0,730.0,4,811.0
4.0,13.0,91.0,238.0,319.0,730.0,4,811.0
4.0,13.0,91.0,238.0,319.0,730.0,4,811.0
4.0,28.0,41.0,353.0,608.0,754.0,4,1016.0
4.0,28.0,41.0,608.0,665.0,859.0,4,1016.0
4.0,28.0,110.0,608.0,665.0,785.0,4,859.0
4.0,28.0,41.0,353.0,608.0,754.0,4,1016.0
4.0,28.0,41.0,353.0,608.0,754.0,4,1016.0
4.0,28.0,41.0,110.0,353.0,608.0,4,1016.0
4.0,28.0,41.0,353.0,608.0,754.0,4,1016.0
4.0,28.0,41.0,353.0,608.0,754.0,4,1016.0
4.0,28.0,41.0,353.0,608.0,754.0,4,1016.0
4.0,28.0,41.0,353.0,608.0,754.0,4,1016.0
4.0,26.0,40.0,315.0,488.0,536.0,4,914.0
4.0,26.0,40.0,315.0,488.0,536.0,4,914.0
4.0,26.0,46.0,333.0,634.0,948.0,4,961.0
4.0,26.0,40.0,315.0,536.0,634.0,4,914.0
4.0,26.0,40.0,315.0,536.0,634.0,4,948.0
4.0,26.0,40.0,315.0,488.0,536.0,4,948.0
4.0,26.0,46.0,315.0,488.0,634.0,4,948.0
4.0,26.0,46.0,488.0,634.0,914.0,4,948.0
4.0,26.0,40.0,46.0,634.0,914.0,4,948.0
4.0,4.0,134.0,259.0,487.0,601.0,4,853.0
4.0,4.0,126.0,134.0,259.0,487.0,4,646.0
4.0,4.0,134.0,259.0,487.0,646.0,4,853.0
4.0,4.0,259.0,487.0,646.0,853.0,4,936.0
4.0,4.0,259.0,646.0,768.0,853.0,4,936.0
4.0,26.0,40.0,315.0,488.0,536.0,4,914.0
4.0,26.0,40.0,315.0,488.0,536.0,4,914.0
4.0,26.0,40.0,488.0,634.0,914.0,4,948.0
4.0,26.0,40.0,46.0,315.0,634.0,4,948.0
4.0,26.0,40.0,315.0,536.0,634.0,4,948.0
4.0,26.0,40.0,315.0,488.0,536.0,4,948.0
4.0,26.0,40.0,315.0,488.0,536.0,4,948.0
4.0,26.0,40.0,315.0,536.0,634.0,4,948.0
4.0,26.0,40.0,315.0,536.0,634.0,4,948.0
4.0,26.0,46.0,488.0,634.0,914.0,4,948.0
4.0,26.0,46.0,333.0,536.0,684.0,4,914.0
4.0,17.0,157.0,290.0,586.0,619.0,4,708.0
4.0,17.0,47.0,108.0,182.0,505.0,4,635.0
4.0,17.0,47.0,108.0,290.0,505.0,4,586.0
4.0,1.0,356.0,577.0,790.0,808.0,4,820.0
4.0,1.0,250.0,356.0,463.0,746.0,4,808.0
4.0,1.0,356.0,577.0,790.0,808.0,4,820.0
4.0,1.0,477.0,577.0,790.0,808.0,4,820.0
4.0,1.0,477.0,577.0,790.0,808.0,4,820.0
4.0,1.0,356.0,746.0,790.0,808.0,4,820.0
4.0,1.0,250.0,463.0,746.0,790.0,4,808.0
4.0,1.0,250.0,356.0,463.0,746.0,4,820.0
4.0,1.0,250.0,356.0,463.0,577.0,4,820.0
4.0,1.0,250.0,356.0,463.0,577.0,4,820.0
4.0,1.0,356.0,577.0,790.0,808.0,4,820.0
4.0,1.0,356.0,463.0,808.0,820.0,4,983.0
4.0,26.0,46.0,315.0,488.0,536.0,4,684.0
4.0,26.0,67.0,333.0,536.0,914.0,4,948.0
4.0,26.0,67.0,315.0,488.0,536.0,4,914.0
4.0,26.0,46.0,315.0,333.0,488.0,4,948.0
4.0,26.0,46.0,315.0,333.0,536.0,4,914.0
4.0,26.0,46.0,315.0,333.0,536.0,4,948.0
4.0,26.0,333.0,450.0,488.0,684.0,4,914.0
4.0,26.0,333.0,450.0,536.0,684.0,4,914.0
4.0,13.0,80.0,91.0,161.0,320.0,4,866.0
4.0,13.0,161.0,238.0,811.0,817.0,4,866.0
4.0,13.0,80.0,91.0,238.0,320.0,4,817.0
4.0,13.0,80.0,91.0,238.0,320.0,4,817.0
4.0,13.0,80.0,161.0,320.0,817.0,4,866.0
4.0,13.0,91.0,161.0,320.0,811.0,4,817.0
4.0,13.0,320.0,445.0,811.0,817.0,4,866.0
4.0,13.0,80.0,91.0,161.0,320.0,4,817.0
4.0,13.0,91.0,320.0,817.0,866.0,4,1026.0
4.0,13.0,238.0,320.0,817.0,866.0,4,1026.0
4.0,13.0,91.0,191.0,319.0,320.0,4,866.0
4.0,13.0,16.0,91.0,319.0,320.0,4,866.0
4.0,13.0,191.0,320.0,445.0,817.0,4,866.0
4.0,13.0,91.0,238.0,319.0,817.0,4,866.0
4.0,13.0,16.0,91.0,319.0,320.0,4,445.0
4.0,13.0,191.0,238.0,319.0,817.0,4,866.0
4.0,13.0,16.0,91.0,238.0,319.0,4,320.0
4.0,13.0,116.0,191.0,319.0,817.0,4,866.0
4.0,13.0,16.0,91.0,238.0,320.0,4,1026.0
4.0,13.0,16.0,91.0,238.0,320.0,4,1026.0
4.0,13.0,16.0,91.0,238.0,320.0,4,1026.0
4.0,13.0,16.0,91.0,238.0,320.0,4,811.0
4.0,13.0,116.0,191.0,817.0,866.0,4,1026.0
4.0,13.0,16.0,91.0,238.0,320.0,4,866.0
4.0,28.0,41.0,110.0,608.0,665.0,4,1016.0
4.0,28.0,41.0,110.0,608.0,665.0,4,1016.0
4.0,28.0,41.0,110.0,608.0,665.0,4,1016.0
4.0,28.0,41.0,608.0,665.0,754.0,4,1016.0
4.0,28.0,41.0,218.0,497.0,754.0,4,859.0
4.0,28.0,41.0,218.0,665.0,754.0,4,859.0
4.0,28.0,41.0,110.0,665.0,754.0,4,1016.0
4.0,28.0,110.0,665.0,754.0,785.0,4,1016.0
4.0,28.0,218.0,497.0,754.0,785.0,4,1016.0
4.0,9.0,85.0,366.0,828.0,845.0,4,941.0
4.0,9.0,81.0,149.0,452.0,845.0,4,968.0
4.0,9.0,81.0,149.0,366.0,941.0,4,968.0
4.0,9.0,81.0,149.0,169.0,199.0,4,1019.0
4.0,9.0,81.0,149.0,169.0,199.0,4,1019.0
4.0,4.0,134.0,259.0,561.0,646.0,4,768.0
4.0,4.0,134.0,259.0,561.0,646.0,4,768.0
4.0,4.0,134.0,259.0,601.0,768.0,4,853.0
4.0,4.0,134.0,259.0,646.0,768.0,4,853.0
4.0,4.0,134.0,259.0,646.0,768.0,4,853.0
4.0,4.0,134.0,259.0,646.0,768.0,4,853.0
4.0,4.0,118.0,259.0,598.0,646.0,4,853.0
4.0,4.0,126.0,259.0,598.0,601.0,4,646.0
4.0,4.0,134.0,259.0,598.0,601.0,4,646.0
4.0,13.0,80.0,91.0,238.0,320.0,4,866.0
4.0,13.0,80.0,91.0,238.0,811.0,4,866.0
4.0,13.0,80.0,91.0,238.0,811.0,4,866.0
4.0,13.0,16.0,91.0,238.0,319.0,4,811.0
4.0,13.0,16.0,91.0,238.0,319.0,4,811.0
4.0,13.0,16.0,91.0,319.0,387.0,4,811.0
4.0,13.0,16.0,238.0,319.0,320.0,4,387.0
4.0,13.0,80.0,91.0,238.0,320.0,4,866.0
4.0,28.0,41.0,218.0,608.0,859.0,4,1016.0
4.0,28.0,218.0,608.0,785.0,859.0,4,1016.0
4.0,28.0,218.0,497.0,754.0,785.0,4,859.0
4.0,28.0,41.0,497.0,608.0,754.0,4,1016.0
4.0,28.0,41.0,608.0,859.0,882.0,4,1016.0
4.0,28.0,41.0,608.0,754.0,859.0,4,1016.0
4.0,28.0,41.0,218.0,608.0,754.0,4,1016.0
4.0,28.0,218.0,608.0,754.0,785.0,4,859.0
4.0,28.0,218.0,497.0,785.0,859.0,4,1016.0
4.0,28.0,218.0,497.0,785.0,859.0,4,1016.0
4.0,28.0,41.0,608.0,754.0,859.0,4,1016.0
4.0,13.0,80.0,91.0,387.0,811.0,4,866.0
4.0,13.0,16.0,91.0,319.0,387.0,4,811.0
4.0,13.0,80.0,91.0,387.0,811.0,4,866.0
4.0,13.0,80.0,91.0,387.0,811.0,4,866.0
4.0,13.0,80.0,91.0,387.0,811.0,4,866.0
4.0,13.0,80.0,91.0,116.0,811.0,4,866.0
4.0,13.0,80.0,91.0,238.0,811.0,4,866.0
4.0,13.0,16.0,91.0,238.0,319.0,4,817.0
4.0,13.0,80.0,91.0,238.0,811.0,4,866.0
4.0,13.0,80.0,91.0,238.0,811.0,4,866.0
4.0,13.0,80.0,91.0,238.0,811.0,4,866.0
4.0,13.0,91.0,238.0,319.0,811.0,4,866.0
4.0,13.0,16.0,91.0,238.0,811.0,4,817.0
4.0,13.0,16.0,80.0,91.0,116.0,4,811.0
4.0,13.0,80.0,91.0,116.0,811.0,4,866.0
4.0,13.0,91.0,238.0,319.0,811.0,4,866.0
4.0,13.0,116.0,319.0,387.0,817.0,4,866.0
4.0,13.0,80.0,91.0,238.0,811.0,4,866.0
4.0,13.0,80.0,91.0,238.0,811.0,4,866.0
4.0,13.0,16.0,91.0,319.0,387.0,4,811.0
4.0,13.0,80.0,91.0,238.0,811.0,4,866.0
4.0,13.0,80.0,91.0,387.0,817.0,4,866.0
4.0,13.0,91.0,319.0,387.0,817.0,4,866.0
4.0,13.0,16.0,80.0,238.0,387.0,4,811.0
4.0,13.0,16.0,80.0,91.0,238.0,4,811.0
4.0,0.0,13.0,448.0,493.0,535.0,4,713.0
4.0,0.0,13.0,418.0,465.0,686.0,4,1037.0
4.0,0.0,13.0,418.0,465.0,686.0,4,1037.0
4.0,0.0,418.0,465.0,532.0,535.0,4,686.0
4.0,0.0,13.0,418.0,493.0,686.0,4,713.0
4.0,0.0,13.0,418.0,493.0,686.0,4,713.0
4.0,0.0,13.0,418.0,493.0,535.0,4,713.0
4.0,0.0,13.0,418.0,493.0,535.0,4,686.0
4.0,0.0,13.0,418.0,493.0,535.0,4,686.0
4.0,0.0,418.0,493.0,535.0,686.0,4,1037.0
4.0,0.0,13.0,418.0,493.0,535.0,4,686.0
4.0,6.0,55.0,213.0,397.0,420.0,4,730.0
4.0,6.0,55.0,213.0,420.0,730.0,4,867.0
4.0,6.0,55.0,213.0,420.0,730.0,4,867.0
4.0,6.0,213.0,397.0,420.0,730.0,4,867.0
4.0,6.0,213.0,397.0,420.0,730.0,4,867.0
4.0,6.0,55.0,171.0,213.0,397.0,4,730.0
4.0,6.0,55.0,171.0,213.0,730.0,4,867.0
4.0,6.0,55.0,213.0,420.0,730.0,4,867.0
4.0,6.0,55.0,213.0,420.0,730.0,4,867.0
4.0,6.0,61.0,213.0,397.0,809.0,4,867.0
4.0,6.0,55.0,61.0,213.0,397.0,4,809.0
4.0,6.0,55.0,61.0,397.0,730.0,4,809.0
4.0,17.0,47.0,108.0,135.0,505.0,4,635.0
4.0,17.0,108.0,135.0,505.0,508.0,4,635.0
4.0,17.0,47.0,135.0,505.0,586.0,4,635.0
4.0,17.0,47.0,135.0,505.0,586.0,4,635.0
4.0,17.0,47.0,345.0,505.0,586.0,4,635.0
4.0,17.0,108.0,135.0,345.0,505.0,4,508.0
4.0,17.0,47.0,108.0,505.0,508.0,4,586.0
4.0,17.0,135.0,505.0,508.0,586.0,4,635.0
4.0,17.0,135.0,505.0,508.0,586.0,4,635.0
4.0,17.0,108.0,135.0,505.0,508.0,4,635.0
4.0,13.0,91.0,238.0,319.0,811.0,4,866.0
4.0,13.0,91.0,238.0,319.0,811.0,4,866.0
4.0,13.0,16.0,91.0,161.0,319.0,4,811.0
4.0,13.0,16.0,91.0,161.0,811.0,4,1026.0
4.0,13.0,16.0,161.0,238.0,811.0,4,1026.0
4.0,13.0,91.0,238.0,319.0,811.0,4,866.0
4.0,13.0,16.0,91.0,191.0,319.0,4,811.0
4.0,13.0,91.0,191.0,319.0,811.0,4,866.0
4.0,13.0,16.0,91.0,161.0,319.0,4,866.0
4.0,13.0,16.0,91.0,161.0,319.0,4,811.0
4.0,13.0,16.0,91.0,238.0,319.0,4,811.0
4.0,1.0,133.0,463.0,746.0,876.0,4,983.0
4.0,1.0,577.0,746.0,790.0,808.0,4,820.0
4.0,1.0,133.0,463.0,746.0,790.0,4,808.0
4.0,1.0,133.0,463.0,746.0,808.0,4,820.0
4.0,1.0,133.0,463.0,746.0,808.0,4,820.0
4.0,1.0,463.0,577.0,790.0,808.0,4,820.0
4.0,34.0,404.0,506.0,583.0,695.0,4,753.0
4.0,34.0,404.0,506.0,517.0,530.0,4,583.0
4.0,34.0,404.0,506.0,517.0,530.0,4,583.0
4.0,34.0,404.0,506.0,583.0,695.0,4,753.0
4.0,34.0,374.0,506.0,517.0,695.0,4,975.0
4.0,34.0,404.0,506.0,517.0,753.0,4,975.0
4.0,13.0,16.0,91.0,161.0,319.0,4,320.0
4.0,13.0,16.0,161.0,191.0,319.0,4,320.0
4.0,13.0,16.0,161.0,191.0,319.0,4,811.0
4.0,13.0,91.0,191.0,319.0,730.0,4,811.0
4.0,13.0,91.0,238.0,320.0,730.0,4,811.0
4.0,13.0,91.0,238.0,320.0,730.0,4,866.0
4.0,13.0,91.0,161.0,319.0,320.0,4,811.0
4.0,13.0,161.0,191.0,319.0,320.0,4,811.0
4.0,13.0,191.0,238.0,319.0,320.0,4,811.0
4.0,13.0,91.0,191.0,320.0,730.0,4,811.0
4.0,13.0,91.0,161.0,320.0,730.0,4,866.0
4.0,13.0,91.0,161.0,320.0,730.0,4,866.0
4.0,13.0,161.0,191.0,420.0,730.0,4,811.0
4.0,13.0,91.0,161.0,320.0,420.0,4,730.0
4.0,13.0,91.0,161.0,320.0,420.0,4,730.0
4.0,13.0,91.0,161.0,319.0,320.0,4,866.0
4.0,13.0,91.0,191.0,420.0,730.0,4,811.0
4.0,13.0,91.0,161.0,320.0,730.0,4,811.0
4.0,4.0,118.0,259.0,487.0,561.0,4,646.0
4.0,4.0,118.0,259.0,487.0,646.0,4,853.0
4.0,4.0,259.0,426.0,487.0,561.0,4,768.0
4.0,4.0,259.0,426.0,487.0,561.0,4,768.0
4.0,4.0,259.0,487.0,561.0,646.0,4,936.0
4.0,4.0,118.0,259.0,487.0,601.0,4,646.0
4.0,4.0,118.0,126.0,426.0,601.0,4,768.0
4.0,4.0,259.0,426.0,601.0,768.0,4,936.0
4.0,4.0,259.0,426.0,601.0,768.0,4,936.0
4.0,4.0,259.0,426.0,487.0,601.0,4,936.0
4.0,4.0,259.0,487.0,561.0,646.0,4,936.0
4.0,4.0,126.0,426.0,487.0,646.0,4,768.0
4.0,4.0,126.0,426.0,487.0,601.0,4,768.0
4.0,4.0,259.0,487.0,601.0,853.0,4,936.0
4.0,4.0,118.0,259.0,487.0,601.0,4,646.0
4.0,4.0,259.0,487.0,561.0,646.0,4,936.0
4.0,4.0,259.0,487.0,561.0,646.0,4,768.0
4.0,4.0,259.0,601.0,646.0,768.0,4,936.0
4.0,1.0,477.0,577.0,790.0,808.0,4,820.0
4.0,1.0,356.0,682.0,740.0,887.0,4,1008.0
4.0,1.0,356.0,682.0,740.0,887.0,4,1008.0
4.0,1.0,477.0,577.0,682.0,790.0,4,808.0
4.0,1.0,356.0,577.0,682.0,790.0,4,808.0
4.0,1.0,356.0,577.0,790.0,808.0,4,820.0
4.0,1.0,356.0,682.0,740.0,820.0,4,887.0
4.0,1.0,477.0,577.0,790.0,808.0,4,820.0
4.0,1.0,356.0,577.0,790.0,808.0,4,820.0
4.0,1.0,356.0,577.0,790.0,808.0,4,820.0
4.0,4.0,259.0,487.0,561.0,646.0,4,936.0
4.0,4.0,259.0,487.0,601.0,646.0,4,853.0
4.0,4.0,126.0,487.0,601.0,646.0,4,853.0
4.0,4.0,259.0,601.0,768.0,853.0,4,936.0
4.0,4.0,259.0,487.0,561.0,646.0,4,936.0
4.0,1.0,577.0,790.0,808.0,820.0,4,898.0
4.0,1.0,356.0,577.0,790.0,808.0,4,820.0
4.0,1.0,356.0,577.0,790.0,808.0,4,820.0
4.0,1.0,577.0,682.0,808.0,820.0,4,887.0
4.0,1.0,577.0,790.0,808.0,820.0,4,898.0
4.0,1.0,356.0,577.0,790.0,808.0,4,820.0
4.0,1.0,356.0,682.0,790.0,808.0,4,887.0
4.0,1.0,577.0,682.0,740.0,820.0,4,887.0
4.0,1.0,356.0,682.0,808.0,820.0,4,887.0
4.0,6.0,35.0,397.0,459.0,656.0,4,730.0
4.0,6.0,35.0,397.0,459.0,656.0,4,730.0
4.0,6.0,397.0,459.0,656.0,730.0,4,867.0
4.0,6.0,213.0,397.0,459.0,656.0,4,867.0
4.0,6.0,35.0,55.0,61.0,213.0,4,730.0
4.0,6.0,35.0,55.0,61.0,213.0,4,730.0
4.0,6.0,35.0,55.0,61.0,213.0,4,730.0
4.0,6.0,35.0,55.0,459.0,656.0,4,730.0
4.0,6.0,35.0,55.0,459.0,656.0,4,730.0
4.0,34.0,15.0,36.0,404.0,589.0,4,753.0
4.0,34.0,36.0,404.0,530.0,589.0,4,814.0
4.0,34.0,15.0,36.0,383.0,530.0,4,626.0
4.0,34.0,36.0,383.0,530.0,589.0,4,753.0
4.0,34.0,15.0,36.0,404.0,530.0,4,589.0
4.0,34.0,383.0,530.0,589.0,753.0,4,814.0
4.0,34.0,36.0,404.0,530.0,589.0,4,753.0
4.0,34.0,15.0,36.0,404.0,589.0,4,753.0
4.0,9.0,366.0,452.0,828.0,968.0,4,1019.0
4.0,9.0,81.0,149.0,366.0,828.0,4,845.0
4.0,9.0,81.0,85.0,149.0,845.0,4,941.0
4.0,9.0,149.0,366.0,828.0,941.0,4,1019.0
4.0,9.0,149.0,366.0,828.0,968.0,4,1019.0
4.0,9.0,366.0,452.0,828.0,845.0,4,968.0
4.0,9.0,452.0,828.0,845.0,941.0,4,968.0
4.0,4.0,134.0,259.0,561.0,598.0,4,646.0
4.0,4.0,259.0,598.0,646.0,853.0,4,936.0
4.0,4.0,126.0,134.0,598.0,601.0,4,853.0
4.0,4.0,134.0,259.0,561.0,598.0,4,646.0
4.0,4.0,134.0,259.0,561.0,598.0,4,646.0
4.0,4.0,134.0,259.0,646.0,853.0,4,936.0
4.0,4.0,134.0,259.0,646.0,853.0,4,936.0
4.0,4.0,259.0,601.0,646.0,768.0,4,936.0
4.0,4.0,259.0,598.0,601.0,646.0,4,936.0
4.0,4.0,134.0,259.0,601.0,646.0,4,768.0
4.0,4.0,134.0,259.0,601.0,646.0,4,853.0
4.0,4.0,259.0,561.0,598.0,646.0,4,936.0
4.0,4.0,259.0,598.0,646.0,853.0,4,936.0
4.0,4.0,126.0,134.0,601.0,853.0,4,936.0
4.0,4.0,134.0,259.0,598.0,646.0,4,853.0
4.0,4.0,134.0,259.0,561.0,598.0,4,646.0
4.0,4.0,134.0,259.0,561.0,598.0,4,646.0
4.0,4.0,134.0,259.0,598.0,646.0,4,853.0
4.0,4.0,126.0,259.0,646.0,768.0,4,853.0
4.0,4.0,134.0,259.0,598.0,601.0,4,646.0
4.0,4.0,134.0,259.0,598.0,601.0,4,646.0
4.0,4.0,259.0,561.0,598.0,646.0,4,936.0
4.0,4.0,259.0,646.0,768.0,853.0,4,936.0
4.0,4.0,126.0,601.0,768.0,853.0,4,936.0
4.0,4.0,126.0,134.0,601.0,853.0,4,936.0
4.0,4.0,134.0,259.0,598.0,601.0,4,646.0
4.0,4.0,134.0,259.0,561.0,598.0,4,646.0
4.0,4.0,134.0,259.0,561.0,646.0,4,768.0
4.0,4.0,126.0,646.0,768.0,853.0,4,936.0
4.0,4.0,134.0,259.0,598.0,646.0,4,853.0
4.0,4.0,126.0,601.0,646.0,768.0,4,936.0
4.0,4.0,126.0,134.0,601.0,853.0,4,936.0
4.0,4.0,126.0,134.0,601.0,853.0,4,936.0
4.0,4.0,134.0,259.0,598.0,646.0,4,853.0
4.0,4.0,126.0,646.0,768.0,853.0,4,936.0
4.0,4.0,126.0,134.0,601.0,853.0,4,936.0
4.0,4.0,134.0,259.0,601.0,853.0,4,936.0
4.0,4.0,134.0,259.0,646.0,853.0,4,936.0
4.0,4.0,134.0,259.0,598.0,646.0,4,853.0
4.0,4.0,126.0,134.0,259.0,646.0,4,853.0
4.0,4.0,134.0,259.0,561.0,598.0,4,646.0
4.0,4.0,134.0,259.0,598.0,646.0,4,853.0
4.0,4.0,126.0,646.0,768.0,853.0,4,936.0
4.0,4.0,134.0,259.0,646.0,853.0,4,936.0
4.0,4.0,134.0,259.0,646.0,853.0,4,936.0
4.0,4.0,134.0,259.0,561.0,598.0,4,646.0
4.0,4.0,134.0,259.0,561.0,598.0,4,646.0
4.0,4.0,259.0,598.0,646.0,853.0,4,936.0
4.0,4.0,259.0,598.0,646.0,853.0,4,936.0
4.0,4.0,134.0,259.0,646.0,853.0,4,936.0
4.0,4.0,259.0,601.0,646.0,768.0,4,853.0
4.0,4.0,259.0,598.0,601.0,853.0,4,936.0
4.0,4.0,259.0,561.0,598.0,646.0,4,936.0
4.0,4.0,259.0,601.0,646.0,853.0,4,936.0
4.0,4.0,259.0,601.0,646.0,853.0,4,936.0
4.0,4.0,259.0,598.0,601.0,853.0,4,936.0
4.0,4.0,134.0,259.0,561.0,598.0,4,646.0
4.0,4.0,126.0,601.0,768.0,853.0,4,936.0
4.0,4.0,126.0,134.0,601.0,768.0,4,853.0
4.0,4.0,134.0,259.0,598.0,601.0,4,646.0
4.0,4.0,134.0,259.0,561.0,598.0,4,646.0
4.0,4.0,259.0,646.0,768.0,853.0,4,936.0
4.0,4.0,126.0,134.0,259.0,601.0,4,646.0
4.0,4.0,134.0,259.0,598.0,646.0,4,853.0
4.0,4.0,259.0,598.0,646.0,853.0,4,936.0
4.0,4.0,259.0,598.0,601.0,853.0,4,936.0
4.0,4.0,259.0,598.0,601.0,853.0,4,936.0
4.0,4.0,126.0,598.0,601.0,853.0,4,936.0
4.0,4.0,126.0,598.0,601.0,853.0,4,936.0
4.0,4.0,126.0,134.0,601.0,646.0,4,768.0
4.0,4.0,134.0,259.0,601.0,646.0,4,768.0
4.0,4.0,134.0,259.0,598.0,601.0,4,646.0
4.0,4.0,259.0,598.0,646.0,853.0,4,936.0
4.0,4.0,259.0,598.0,646.0,853.0,4,936.0
4.0,4.0,259.0,598.0,646.0,853.0,4,936.0
4.0,4.0,134.0,259.0,598.0,601.0,4,646.0
4.0,28.0,41.0,608.0,754.0,859.0,4,1016.0
4.0,28.0,41.0,608.0,754.0,859.0,4,1016.0
4.0,28.0,41.0,497.0,608.0,754.0,4,1016.0
4.0,28.0,41.0,608.0,754.0,859.0,4,1016.0
4.0,28.0,497.0,608.0,785.0,859.0,4,1016.0
4.0,4.0,134.0,259.0,561.0,598.0,4,646.0
4.0,4.0,259.0,646.0,768.0,853.0,4,936.0
4.0,4.0,126.0,646.0,768.0,853.0,4,936.0
4.0,4.0,134.0,259.0,598.0,601.0,4,853.0
4.0,4.0,134.0,259.0,598.0,601.0,4,646.0
4.0,4.0,134.0,259.0,598.0,601.0,4,646.0
4.0,4.0,134.0,259.0,561.0,598.0,4,646.0
4.0,4.0,134.0,259.0,561.0,598.0,4,646.0
4.0,4.0,259.0,646.0,768.0,853.0,4,936.0
4.0,4.0,126.0,646.0,768.0,853.0,4,936.0
4.0,4.0,134.0,259.0,601.0,646.0,4,936.0
4.0,4.0,134.0,259.0,601.0,646.0,4,936.0
4.0,17.0,108.0,182.0,505.0,619.0,4,635.0
4.0,17.0,47.0,182.0,505.0,586.0,4,619.0
4.0,17.0,108.0,135.0,505.0,508.0,4,619.0
4.0,17.0,47.0,108.0,135.0,505.0,4,508.0
4.0,17.0,108.0,182.0,508.0,586.0,4,619.0
4.0,17.0,47.0,135.0,299.0,505.0,4,635.0
4.0,34.0,506.0,517.0,583.0,695.0,4,814.0
4.0,34.0,506.0,530.0,583.0,753.0,4,975.0
4.0,34.0,583.0,736.0,753.0,814.0,4,975.0
4.0,34.0,36.0,583.0,736.0,753.0,4,975.0
4.0,34.0,36.0,404.0,736.0,753.0,4,975.0
4.0,0.0,13.0,418.0,448.0,493.0,4,589.0
4.0,0.0,13.0,418.0,493.0,589.0,4,1037.0
4.0,0.0,13.0,418.0,493.0,589.0,4,1037.0
4.0,0.0,13.0,448.0,493.0,589.0,4,686.0
4.0,0.0,13.0,418.0,493.0,686.0,4,1037.0
4.0,0.0,13.0,204.0,418.0,493.0,4,1037.0
4.0,0.0,13.0,418.0,493.0,589.0,4,686.0
4.0,4.0,134.0,259.0,487.0,561.0,4,646.0
4.0,4.0,126.0,646.0,768.0,853.0,4,936.0
4.0,4.0,134.0,259.0,487.0,561.0,4,646.0
4.0,4.0,259.0,646.0,768.0,853.0,4,936.0
4.0,4.0,259.0,487.0,561.0,598.0,4,646.0
4.0,4.0,259.0,487.0,561.0,598.0,4,646.0
4.0,4.0,126.0,598.0,646.0,853.0,4,936.0
4.0,4.0,126.0,646.0,768.0,853.0,4,936.0
4.0,4.0,126.0,601.0,768.0,853.0,4,936.0
4.0,4.0,259.0,487.0,598.0,601.0,4,646.0
4.0,4.0,259.0,487.0,598.0,601.0,4,646.0
4.0,4.0,259.0,487.0,561.0,598.0,4,646.0
4.0,4.0,259.0,487.0,561.0,598.0,4,646.0
4.0,4.0,126.0,646.0,768.0,853.0,4,936.0
4.0,4.0,126.0,646.0,768.0,853.0,4,936.0
4.0,4.0,259.0,487.0,598.0,601.0,4,646.0
4.0,4.0,259.0,561.0,598.0,646.0,4,936.0
4.0,4.0,259.0,601.0,646.0,768.0,4,853.0
4.0,4.0,259.0,598.0,601.0,646.0,4,853.0
4.0,4.0,259.0,598.0,601.0,646.0,4,853.0
4.0,4.0,259.0,561.0,598.0,646.0,4,936.0
4.0,4.0,259.0,561.0,598.0,646.0,4,936.0
4.0,4.0,126.0,561.0,646.0,768.0,4,853.0
4.0,4.0,126.0,561.0,646.0,768.0,4,853.0
4.0,4.0,259.0,598.0,601.0,646.0,4,936.0
4.0,0.0,204.0,383.0,418.0,465.0,4,1037.0
4.0,0.0,204.0,383.0,418.0,465.0,4,532.0
4.0,0.0,204.0,383.0,418.0,465.0,4,532.0
4.0,17.0,47.0,108.0,135.0,505.0,4,635.0
4.0,17.0,108.0,135.0,508.0,586.0,4,619.0
4.0,17.0,135.0,505.0,508.0,586.0,4,619.0
4.0,17.0,47.0,108.0,135.0,505.0,4,619.0
4.0,17.0,47.0,108.0,135.0,586.0,4,635.0
4.0,17.0,47.0,108.0,135.0,505.0,4,635.0
4.0,17.0,47.0,108.0,135.0,505.0,4,619.0
4.0,17.0,108.0,505.0,586.0,619.0,4,635.0
4.0,9.0,169.0,366.0,828.0,845.0,4,941.0
4.0,9.0,76.0,366.0,828.0,845.0,4,941.0
4.0,9.0,76.0,81.0,149.0,452.0,4,845.0
4.0,9.0,81.0,169.0,366.0,845.0,4,941.0
4.0,9.0,76.0,366.0,828.0,845.0,4,941.0
4.0,9.0,76.0,366.0,828.0,845.0,4,941.0
4.0,9.0,76.0,81.0,452.0,845.0,4,1019.0
4.0,9.0,76.0,366.0,828.0,941.0,4,1019.0
4.0,4.0,134.0,259.0,487.0,561.0,4,646.0
4.0,4.0,134.0,259.0,487.0,561.0,4,646.0
4.0,4.0,259.0,598.0,601.0,853.0,4,936.0
4.0,4.0,259.0,598.0,601.0,853.0,4,936.0
4.0,4.0,134.0,259.0,487.0,601.0,4,646.0
4.0,4.0,134.0,259.0,487.0,601.0,4,646.0
4.0,4.0,134.0,259.0,487.0,561.0,4,646.0
4.0,4.0,134.0,259.0,598.0,646.0,4,853.0
4.0,4.0,134.0,259.0,598.0,646.0,4,853.0
4.0,4.0,259.0,598.0,601.0,646.0,4,936.0
4.0,4.0,134.0,259.0,598.0,601.0,4,646.0
4.0,6.0,30.0,213.0,397.0,809.0,4,887.0
4.0,6.0,30.0,213.0,640.0,809.0,4,887.0
4.0,6.0,213.0,499.0,640.0,809.0,4,887.0
4.0,6.0,213.0,499.0,640.0,809.0,4,887.0
4.0,6.0,61.0,80.0,397.0,656.0,4,867.0
4.0,6.0,30.0,61.0,80.0,397.0,4,867.0
4.0,6.0,30.0,213.0,640.0,809.0,4,867.0
4.0,6.0,61.0,80.0,213.0,397.0,4,499.0
4.0,4.0,134.0,259.0,487.0,561.0,4,646.0
4.0,4.0,126.0,561.0,598.0,601.0,4,936.0
4.0,4.0,126.0,601.0,768.0,817.0,4,936.0
4.0,4.0,134.0,259.0,487.0,601.0,4,646.0
4.0,4.0,134.0,259.0,561.0,598.0,4,646.0
4.0,4.0,259.0,598.0,601.0,646.0,4,936.0
4.0,4.0,259.0,598.0,601.0,646.0,4,936.0
4.0,4.0,259.0,598.0,601.0,646.0,4,936.0
4.0,4.0,126.0,598.0,601.0,817.0,4,936.0
4.0,0.0,13.0,493.0,535.0,686.0,4,713.0
4.0,0.0,418.0,465.0,493.0,532.0,4,1037.0
4.0,0.0,418.0,465.0,493.0,532.0,4,1037.0
4.0,0.0,418.0,448.0,493.0,535.0,4,713.0
4.0,0.0,13.0,493.0,535.0,686.0,4,713.0
4.0,0.0,13.0,418.0,465.0,535.0,4,686.0
4.0,0.0,418.0,493.0,532.0,713.0,4,1037.0
4.0,0.0,13.0,418.0,493.0,535.0,4,713.0
4.0,34.0,15.0,36.0,404.0,506.0,4,589.0
4.0,34.0,15.0,355.0,383.0,589.0,4,1033.0
4.0,34.0,15.0,355.0,383.0,506.0,4,1033.0
4.0,34.0,15.0,36.0,404.0,506.0,4,589.0
4.0,34.0,15.0,355.0,383.0,589.0,4,1033.0
4.0,34.0,36.0,355.0,404.0,506.0,4,589.0
4.0,34.0,15.0,36.0,506.0,589.0,4,1033.0
4.0,34.0,15.0,36.0,355.0,589.0,4,1033.0
4.0,34.0,355.0,404.0,506.0,753.0,4,1033.0
4.0,34.0,36.0,506.0,589.0,753.0,4,1033.0
4.0,34.0,355.0,383.0,506.0,589.0,4,1033.0
4.0,34.0,355.0,383.0,506.0,589.0,4,1033.0
4.0,34.0,355.0,383.0,506.0,589.0,4,1033.0
4.0,34.0,36.0,355.0,506.0,589.0,4,1033.0
4.0,34.0,36.0,355.0,404.0,589.0,4,753.0
4.0,1.0,356.0,577.0,790.0,808.0,4,820.0
4.0,1.0,356.0,682.0,808.0,820.0,4,898.0
4.0,1.0,577.0,682.0,808.0,820.0,4,898.0
4.0,1.0,577.0,682.0,808.0,820.0,4,898.0
4.0,1.0,577.0,790.0,808.0,820.0,4,898.0
4.0,1.0,577.0,790.0,808.0,820.0,4,898.0
4.0,1.0,577.0,790.0,808.0,820.0,4,898.0
4.0,1.0,356.0,790.0,808.0,820.0,4,887.0
4.0,1.0,250.0,356.0,790.0,808.0,4,887.0
4.0,1.0,250.0,356.0,682.0,740.0,4,887.0
4.0,1.0,250.0,356.0,682.0,740.0,4,887.0
4.0,1.0,250.0,356.0,682.0,740.0,4,887.0
4.0,1.0,250.0,640.0,740.0,887.0,4,1008.0
4.0,9.0,85.0,452.0,828.0,845.0,4,941.0
4.0,9.0,85.0,452.0,828.0,845.0,4,941.0
4.0,9.0,85.0,149.0,828.0,968.0,4,1019.0
4.0,9.0,81.0,149.0,366.0,968.0,4,1019.0
4.0,9.0,81.0,149.0,452.0,968.0,4,1019.0
4.0,9.0,81.0,149.0,452.0,968.0,4,1019.0
4.0,9.0,85.0,452.0,828.0,845.0,4,941.0
4.0,9.0,149.0,452.0,828.0,845.0,4,941.0
4.0,9.0,81.0,149.0,452.0,968.0,4,1019.0
4.0,0.0,13.0,493.0,535.0,686.0,4,713.0
4.0,0.0,13.0,418.0,493.0,535.0,4,713.0
4.0,0.0,418.0,532.0,686.0,695.0,4,1037.0
4.0,0.0,13.0,418.0,493.0,535.0,4,695.0
4.0,0.0,13.0,418.0,493.0,535.0,4,695.0
4.0,0.0,13.0,493.0,535.0,686.0,4,713.0
4.0,0.0,13.0,493.0,535.0,686.0,4,713.0
4.0,0.0,418.0,517.0,532.0,695.0,4,1037.0
4.0,0.0,448.0,465.0,517.0,695.0,4,1037.0
4.0,34.0,30.0,36.0,404.0,506.0,4,589.0
4.0,34.0,15.0,36.0,355.0,404.0,4,589.0
4.0,34.0,30.0,36.0,355.0,404.0,4,506.0
4.0,34.0,30.0,36.0,404.0,506.0,4,589.0
4.0,34.0,30.0,36.0,355.0,383.0,4,589.0
4.0,34.0,139.0,355.0,383.0,589.0,4,1033.0
4.0,34.0,36.0,355.0,506.0,589.0,4,1033.0
4.0,34.0,36.0,139.0,404.0,506.0,4,589.0
4.0,34.0,36.0,139.0,404.0,506.0,4,589.0
4.0,34.0,15.0,36.0,404.0,589.0,4,753.0
4.0,34.0,36.0,383.0,530.0,589.0,4,753.0
4.0,34.0,15.0,36.0,589.0,753.0,4,975.0
4.0,34.0,15.0,36.0,404.0,589.0,4,753.0
4.0,34.0,15.0,36.0,404.0,589.0,4,753.0
4.0,34.0,15.0,36.0,404.0,530.0,4,589.0
4.0,34.0,36.0,383.0,530.0,626.0,4,753.0
4.0,34.0,36.0,383.0,530.0,626.0,4,753.0
4.0,34.0,404.0,530.0,626.0,753.0,4,975.0
4.0,34.0,139.0,404.0,530.0,626.0,4,975.0
4.0,34.0,36.0,404.0,506.0,753.0,4,814.0
4.0,34.0,36.0,383.0,626.0,753.0,4,814.0
4.0,34.0,36.0,404.0,626.0,753.0,4,814.0
4.0,34.0,15.0,36.0,139.0,404.0,4,626.0
4.0,34.0,15.0,139.0,404.0,506.0,4,814.0
4.0,34.0,15.0,404.0,506.0,753.0,4,814.0
4.0,34.0,15.0,36.0,506.0,753.0,4,814.0
4.0,34.0,15.0,36.0,139.0,404.0,4,626.0
4.0,34.0,36.0,404.0,506.0,753.0,4,814.0
4.0,34.0,36.0,404.0,506.0,753.0,4,814.0
4.0,34.0,15.0,589.0,753.0,814.0,4,1033.0
4.0,34.0,36.0,404.0,506.0,753.0,4,814.0
4.0,34.0,36.0,404.0,589.0,753.0,4,814.0
4.0,34.0,15.0,404.0,589.0,753.0,4,814.0
4.0,34.0,15.0,404.0,506.0,589.0,4,814.0
4.0,34.0,15.0,404.0,506.0,589.0,4,814.0
4.0,34.0,15.0,139.0,506.0,975.0,4,1033.0
4.0,17.0,182.0,290.0,299.0,508.0,4,586.0
4.0,17.0,47.0,182.0,299.0,328.0,4,586.0
4.0,17.0,47.0,182.0,299.0,328.0,4,586.0
4.0,17.0,182.0,299.0,328.0,508.0,4,586.0
4.0,17.0,47.0,157.0,182.0,328.0,4,586.0
4.0,17.0,47.0,290.0,299.0,586.0,4,635.0
4.0,17.0,47.0,182.0,290.0,299.0,4,586.0
4.0,34.0,583.0,736.0,753.0,814.0,4,1033.0
4.0,34.0,139.0,583.0,736.0,814.0,4,1033.0
4.0,34.0,139.0,404.0,736.0,814.0,4,1033.0
4.0,34.0,15.0,36.0,404.0,506.0,4,753.0
4.0,34.0,15.0,404.0,506.0,753.0,4,1033.0
4.0,34.0,36.0,139.0,404.0,506.0,4,814.0
4.0,34.0,15.0,36.0,404.0,506.0,4,753.0
4.0,34.0,15.0,36.0,404.0,736.0,4,753.0
4.0,34.0,15.0,36.0,404.0,736.0,4,753.0
4.0,34.0,36.0,404.0,506.0,753.0,4,814.0
4.0,34.0,36.0,506.0,753.0,814.0,4,1033.0
4.0,34.0,15.0,404.0,589.0,753.0,4,975.0
4.0,34.0,15.0,404.0,589.0,753.0,4,975.0
4.0,34.0,15.0,404.0,589.0,753.0,4,975.0
4.0,34.0,36.0,404.0,506.0,753.0,4,814.0
4.0,34.0,589.0,753.0,814.0,975.0,4,1033.0
4.0,34.0,15.0,36.0,404.0,506.0,4,589.0
4.0,34.0,36.0,506.0,589.0,753.0,4,814.0
4.0,34.0,36.0,139.0,404.0,506.0,4,589.0
4.0,34.0,139.0,404.0,589.0,753.0,4,975.0
4.0,34.0,139.0,404.0,589.0,753.0,4,975.0
4.0,34.0,36.0,139.0,404.0,589.0,4,753.0
4.0,34.0,139.0,383.0,506.0,753.0,4,814.0
4.0,34.0,36.0,404.0,506.0,753.0,4,814.0
4.0,34.0,36.0,506.0,583.0,753.0,4,814.0
4.0,34.0,404.0,589.0,753.0,814.0,4,975.0
4.0,34.0,139.0,404.0,589.0,753.0,4,975.0
4.0,34.0,36.0,139.0,506.0,753.0,4,814.0
4.0,6.0,55.0,171.0,213.0,397.0,4,809.0
4.0,6.0,55.0,213.0,420.0,809.0,4,867.0
4.0,6.0,55.0,61.0,171.0,397.0,4,730.0
4.0,6.0,55.0,61.0,171.0,397.0,4,730.0
4.0,6.0,55.0,397.0,420.0,730.0,4,809.0
4.0,6.0,55.0,397.0,420.0,730.0,4,809.0
4.0,6.0,61.0,420.0,809.0,867.0,4,873.0
4.0,6.0,55.0,61.0,397.0,420.0,4,809.0
4.0,9.0,81.0,169.0,366.0,845.0,4,941.0
4.0,9.0,76.0,169.0,828.0,845.0,4,941.0
4.0,9.0,76.0,149.0,452.0,828.0,4,1019.0
4.0,9.0,149.0,452.0,828.0,845.0,4,1019.0
4.0,9.0,81.0,149.0,452.0,845.0,4,941.0
4.0,9.0,81.0,149.0,169.0,845.0,4,941.0
4.0,9.0,81.0,169.0,366.0,845.0,4,941.0
4.0,9.0,81.0,149.0,452.0,845.0,4,941.0
4.0,9.0,81.0,149.0,452.0,845.0,4,941.0
4.0,9.0,149.0,452.0,828.0,845.0,4,941.0
4.0,9.0,76.0,149.0,169.0,828.0,4,1019.0
4.0,9.0,76.0,366.0,828.0,845.0,4,941.0
4.0,34.0,36.0,404.0,506.0,695.0,4,753.0
4.0,34.0,404.0,506.0,517.0,695.0,4,975.0
4.0,34.0,506.0,517.0,583.0,753.0,4,1033.0
4.0,34.0,404.0,506.0,695.0,753.0,4,975.0
4.0,34.0,404.0,506.0,517.0,695.0,4,975.0
4.0,34.0,139.0,404.0,517.0,695.0,4,1033.0
4.0,34.0,506.0,517.0,695.0,975.0,4,1033.0
4.0,34.0,506.0,517.0,695.0,975.0,4,1033.0
4.0,34.0,404.0,506.0,517.0,975.0,4,1033.0
4.0,34.0,404.0,506.0,517.0,695.0,4,1033.0
4.0,34.0,404.0,506.0,517.0,695.0,4,1033.0
4.0,34.0,404.0,506.0,517.0,695.0,4,975.0
4.0,34.0,404.0,517.0,695.0,773.0,4,975.0
4.0,34.0,404.0,517.0,695.0,773.0,4,975.0
4.0,34.0,404.0,506.0,517.0,695.0,4,1033.0
4.0,28.0,41.0,353.0,608.0,754.0,4,1016.0
4.0,28.0,110.0,160.0,353.0,859.0,4,1016.0
4.0,28.0,110.0,353.0,608.0,859.0,4,1016.0
4.0,28.0,41.0,353.0,608.0,754.0,4,1016.0
4.0,28.0,41.0,353.0,608.0,754.0,4,1016.0
4.0,28.0,110.0,353.0,608.0,754.0,4,1016.0
4.0,28.0,41.0,353.0,608.0,754.0,4,1016.0
4.0,28.0,353.0,608.0,754.0,859.0,4,1016.0
4.0,28.0,110.0,353.0,608.0,754.0,4,859.0
4.0,28.0,110.0,160.0,754.0,859.0,4,1016.0
4.0,28.0,41.0,160.0,754.0,859.0,4,1016.0
4.0,28.0,160.0,754.0,785.0,859.0,4,1016.0
4.0,34.0,36.0,404.0,517.0,695.0,4,773.0
4.0,34.0,36.0,517.0,583.0,695.0,4,773.0
4.0,34.0,36.0,517.0,583.0,695.0,4,773.0
4.0,34.0,139.0,404.0,517.0,695.0,4,1033.0
4.0,34.0,36.0,404.0,517.0,695.0,4,773.0
4.0,34.0,36.0,404.0,517.0,695.0,4,773.0
4.0,34.0,36.0,139.0,404.0,517.0,4,695.0
4.0,34.0,36.0,139.0,404.0,517.0,4,773.0
4.0,34.0,36.0,139.0,583.0,695.0,4,736.0
4.0,34.0,139.0,404.0,517.0,736.0,4,1033.0
4.0,34.0,139.0,404.0,517.0,736.0,4,1033.0
4.0,34.0,36.0,517.0,695.0,773.0,4,1033.0
4.0,34.0,36.0,404.0,506.0,517.0,4,695.0
4.0,34.0,36.0,404.0,506.0,517.0,4,695.0
4.0,34.0,36.0,506.0,517.0,695.0,4,1033.0
4.0,34.0,36.0,506.0,517.0,695.0,4,1033.0
4.0,34.0,506.0,517.0,583.0,695.0,4,1033.0
4.0,34.0,36.0,404.0,506.0,517.0,4,695.0
4.0,1.0,577.0,746.0,790.0,808.0,4,820.0
4.0,1.0,356.0,463.0,577.0,808.0,4,820.0
4.0,1.0,356.0,577.0,790.0,808.0,4,820.0
4.0,1.0,577.0,746.0,790.0,808.0,4,820.0
4.0,1.0,577.0,746.0,790.0,808.0,4,820.0
4.0,34.0,36.0,404.0,506.0,517.0,4,695.0
4.0,34.0,36.0,506.0,583.0,618.0,4,773.0
4.0,34.0,36.0,583.0,618.0,736.0,4,773.0
4.0,34.0,517.0,583.0,618.0,773.0,4,1033.0
4.0,34.0,36.0,404.0,506.0,517.0,4,695.0
4.0,34.0,36.0,404.0,506.0,517.0,4,695.0
4.0,34.0,36.0,404.0,517.0,618.0,4,773.0
4.0,34.0,506.0,583.0,618.0,773.0,4,1033.0
4.0,34.0,506.0,583.0,618.0,773.0,4,1033.0
4.0,34.0,583.0,618.0,736.0,773.0,4,1033.0
4.0,34.0,36.0,506.0,583.0,695.0,4,773.0
4.0,34.0,36.0,506.0,583.0,618.0,4,773.0
4.0,34.0,36.0,404.0,506.0,618.0,4,773.0
4.0,34.0,404.0,517.0,618.0,773.0,4,1033.0
4.0,34.0,36.0,404.0,506.0,517.0,4,695.0
4.0,34.0,506.0,517.0,583.0,695.0,4,1033.0
4.0,34.0,36.0,404.0,506.0,517.0,4,695.0
4.0,34.0,36.0,404.0,506.0,517.0,4,695.0
4.0,34.0,506.0,517.0,583.0,695.0,4,1033.0
4.0,34.0,506.0,583.0,618.0,773.0,4,1033.0
4.0,34.0,517.0,583.0,618.0,773.0,4,1033.0
4.0,34.0,36.0,517.0,618.0,773.0,4,1033.0
4.0,34.0,404.0,506.0,517.0,773.0,4,1033.0
4.0,34.0,36.0,404.0,506.0,517.0,4,773.0
4.0,6.0,171.0,213.0,397.0,640.0,4,656.0
4.0,6.0,171.0,213.0,397.0,499.0,4,656.0
4.0,6.0,30.0,61.0,499.0,809.0,4,867.0
4.0,6.0,30.0,61.0,397.0,809.0,4,867.0
4.0,6.0,30.0,213.0,397.0,640.0,4,809.0
4.0,6.0,171.0,213.0,640.0,656.0,4,867.0
4.0,6.0,61.0,213.0,397.0,809.0,4,867.0
4.0,9.0,81.0,85.0,149.0,845.0,4,941.0
4.0,9.0,76.0,81.0,452.0,845.0,4,941.0
4.0,9.0,76.0,81.0,85.0,845.0,4,941.0
4.0,9.0,81.0,85.0,149.0,845.0,4,941.0
4.0,9.0,85.0,149.0,199.0,452.0,4,941.0
4.0,9.0,76.0,81.0,149.0,366.0,4,845.0
4.0,0.0,465.0,517.0,532.0,686.0,4,1037.0
4.0,0.0,465.0,517.0,532.0,686.0,4,1037.0
4.0,0.0,13.0,493.0,535.0,686.0,4,713.0
4.0,0.0,13.0,493.0,535.0,713.0,4,1037.0
4.0,0.0,13.0,493.0,535.0,713.0,4,1037.0
4.0,9.0,76.0,81.0,85.0,941.0,4,968.0
4.0,9.0,149.0,366.0,828.0,968.0,4,1019.0
4.0,9.0,81.0,85.0,149.0,828.0,4,941.0
4.0,9.0,76.0,81.0,85.0,941.0,4,968.0
4.0,9.0,81.0,85.0,149.0,941.0,4,1019.0
4.0,9.0,81.0,149.0,366.0,828.0,4,1019.0
4.0,9.0,81.0,149.0,366.0,828.0,4,1019.0
4.0,28.0,41.0,110.0,608.0,665.0,4,754.0
4.0,28.0,41.0,608.0,665.0,754.0,4,859.0
4.0,28.0,41.0,218.0,608.0,859.0,4,1016.0
4.0,28.0,41.0,110.0,608.0,665.0,4,754.0
4.0,28.0,41.0,110.0,608.0,665.0,4,754.0
4.0,28.0,41.0,110.0,608.0,665.0,4,754.0
4.0,28.0,71.0,608.0,754.0,859.0,4,1016.0
4.0,28.0,71.0,218.0,608.0,859.0,4,1016.0
4.0,28.0,218.0,639.0,785.0,859.0,4,882.0
4.0,9.0,85.0,452.0,828.0,845.0,4,941.0
4.0,9.0,85.0,452.0,828.0,845.0,4,941.0
4.0,9.0,81.0,149.0,366.0,968.0,4,1019.0
4.0,9.0,81.0,149.0,366.0,845.0,4,968.0
4.0,9.0,85.0,452.0,828.0,941.0,4,1019.0
4.0,9.0,85.0,452.0,828.0,845.0,4,941.0
4.0,9.0,85.0,452.0,828.0,941.0,4,1019.0
4.0,9.0,149.0,452.0,828.0,941.0,4,1019.0
4.0,9.0,81.0,149.0,452.0,828.0,4,1019.0
4.0,9.0,81.0,85.0,149.0,845.0,4,1019.0
4.0,9.0,81.0,85.0,149.0,845.0,4,941.0
4.0,9.0,85.0,452.0,828.0,845.0,4,941.0
4.0,9.0,81.0,149.0,366.0,845.0,4,968.0
4.0,9.0,81.0,149.0,366.0,845.0,4,941.0
4.0,9.0,81.0,85.0,828.0,845.0,4,941.0
4.0,9.0,81.0,85.0,828.0,845.0,4,941.0
4.0,9.0,81.0,85.0,828.0,845.0,4,941.0
4.0,9.0,81.0,149.0,366.0,845.0,4,968.0
4.0,9.0,149.0,366.0,828.0,845.0,4,941.0
4.0,9.0,149.0,366.0,828.0,845.0,4,941.0
4.0,9.0,85.0,366.0,828.0,845.0,4,941.0
4.0,9.0,85.0,149.0,828.0,941.0,4,968.0
4.0,9.0,85.0,149.0,828.0,941.0,4,968.0
4.0,9.0,81.0,149.0,169.0,845.0,4,968.0
4.0,9.0,81.0,149.0,169.0,845.0,4,968.0
4.0,9.0,85.0,149.0,828.0,845.0,4,941.0
4.0,9.0,85.0,366.0,828.0,845.0,4,941.0
4.0,9.0,81.0,149.0,169.0,828.0,4,968.0
4.0,9.0,81.0,149.0,169.0,845.0,4,968.0
4.0,9.0,81.0,149.0,169.0,845.0,4,968.0
4.0,9.0,81.0,149.0,169.0,845.0,4,968.0
4.0,9.0,81.0,149.0,169.0,845.0,4,968.0
4.0,9.0,81.0,85.0,366.0,941.0,4,968.0
4.0,9.0,81.0,169.0,366.0,941.0,4,1019.0
4.0,9.0,169.0,366.0,941.0,968.0,4,1019.0
4.0,9.0,81.0,169.0,366.0,941.0,4,968.0
4.0,9.0,81.0,169.0,366.0,941.0,4,968.0
4.0,9.0,81.0,85.0,149.0,941.0,4,1019.0
4.0,9.0,81.0,85.0,149.0,941.0,4,1019.0
4.0,9.0,81.0,149.0,452.0,941.0,4,1019.0
4.0,9.0,81.0,149.0,199.0,452.0,4,1019.0
4.0,9.0,81.0,149.0,199.0,452.0,4,941.0
4.0,9.0,149.0,199.0,452.0,941.0,4,1019.0
4.0,9.0,81.0,149.0,452.0,941.0,4,1019.0
4.0,9.0,81.0,85.0,149.0,941.0,4,968.0
4.0,9.0,81.0,85.0,169.0,941.0,4,968.0
4.0,9.0,81.0,85.0,169.0,941.0,4,968.0
4.0,9.0,81.0,85.0,169.0,828.0,4,941.0
4.0,9.0,76.0,149.0,169.0,828.0,4,1019.0
4.0,9.0,76.0,149.0,366.0,828.0,4,1019.0
4.0,9.0,81.0,85.0,149.0,941.0,4,968.0
4.0,9.0,81.0,85.0,149.0,941.0,4,968.0
4.0,9.0,76.0,169.0,366.0,828.0,4,1019.0
4.0,9.0,81.0,169.0,828.0,941.0,4,968.0
4.0,1.0,577.0,790.0,808.0,820.0,4,898.0
4.0,1.0,356.0,682.0,740.0,887.0,4,1008.0
4.0,1.0,356.0,740.0,820.0,887.0,4,1008.0
4.0,1.0,356.0,577.0,790.0,808.0,4,820.0
4.0,1.0,356.0,790.0,808.0,887.0,4,1008.0
4.0,1.0,356.0,790.0,808.0,887.0,4,1008.0
4.0,1.0,356.0,740.0,790.0,887.0,4,1008.0
4.0,1.0,577.0,790.0,808.0,820.0,4,898.0
4.0,1.0,577.0,790.0,808.0,820.0,4,898.0
4.0,9.0,81.0,85.0,366.0,941.0,4,968.0
4.0,9.0,76.0,85.0,149.0,941.0,4,968.0
4.0,9.0,76.0,85.0,149.0,941.0,4,968.0
4.0,9.0,76.0,81.0,366.0,941.0,4,968.0
4.0,9.0,81.0,169.0,366.0,941.0,4,968.0
4.0,9.0,76.0,81.0,366.0,941.0,4,1019.0
4.0,9.0,81.0,85.0,366.0,941.0,4,968.0
4.0,9.0,81.0,169.0,366.0,941.0,4,968.0
4.0,9.0,81.0,169.0,366.0,941.0,4,968.0
4.0,9.0,76.0,169.0,941.0,968.0,4,1019.0
4.0,9.0,76.0,366.0,941.0,968.0,4,1019.0
4.0,9.0,76.0,81.0,366.0,941.0,4,968.0
4.0,9.0,81.0,85.0,366.0,941.0,4,968.0
4.0,9.0,76.0,81.0,199.0,366.0,4,1019.0
4.0,9.0,76.0,81.0,366.0,941.0,4,968.0
4.0,17.0,47.0,108.0,135.0,182.0,4,328.0
4.0,17.0,47.0,182.0,328.0,505.0,4,586.0
4.0,17.0,47.0,108.0,135.0,182.0,4,635.0
4.0,17.0,47.0,108.0,135.0,182.0,4,328.0
4.0,17.0,47.0,135.0,505.0,586.0,4,635.0
4.0,6.0,55.0,213.0,420.0,809.0,4,867.0
4.0,6.0,55.0,61.0,213.0,397.0,4,809.0
4.0,6.0,55.0,61.0,213.0,397.0,4,809.0
4.0,6.0,55.0,61.0,171.0,397.0,4,809.0
4.0,6.0,55.0,61.0,213.0,397.0,4,809.0
4.0,6.0,55.0,61.0,213.0,397.0,4,809.0
4.0,9.0,81.0,85.0,366.0,941.0,4,968.0
4.0,9.0,149.0,366.0,845.0,941.0,4,1019.0
4.0,9.0,149.0,366.0,845.0,941.0,4,968.0
4.0,9.0,81.0,149.0,366.0,968.0,4,1019.0
4.0,9.0,76.0,81.0,149.0,366.0,4,1019.0
4.0,9.0,76.0,81.0,149.0,169.0,4,1019.0
4.0,9.0,76.0,81.0,149.0,169.0,4,1019.0
4.0,9.0,85.0,366.0,845.0,941.0,4,968.0
4.0,9.0,76.0,85.0,845.0,941.0,4,968.0
4.0,9.0,76.0,81.0,149.0,169.0,4,1019.0
4.0,9.0,76.0,366.0,845.0,941.0,4,968.0
4.0,17.0,108.0,135.0,505.0,508.0,4,619.0
4.0,17.0,108.0,135.0,298.0,505.0,4,619.0
4.0,17.0,108.0,182.0,298.0,505.0,4,619.0
4.0,17.0,108.0,135.0,505.0,508.0,4,619.0
4.0,17.0,108.0,135.0,182.0,298.0,4,586.0
4.0,17.0,182.0,298.0,299.0,505.0,4,586.0
4.0,17.0,108.0,135.0,505.0,586.0,4,619.0
4.0,17.0,108.0,135.0,505.0,586.0,4,619.0
4.0,0.0,13.0,493.0,535.0,589.0,4,686.0
4.0,0.0,13.0,418.0,493.0,535.0,4,589.0
4.0,0.0,418.0,493.0,535.0,589.0,4,1037.0
4.0,0.0,13.0,418.0,493.0,535.0,4,686.0
4.0,0.0,13.0,493.0,535.0,589.0,4,686.0
4.0,0.0,13.0,418.0,493.0,589.0,4,1037.0
4.0,6.0,30.0,61.0,397.0,809.0,4,867.0
4.0,6.0,80.0,171.0,213.0,397.0,4,640.0
4.0,6.0,30.0,61.0,397.0,809.0,4,867.0
4.0,6.0,30.0,61.0,397.0,809.0,4,867.0
4.0,6.0,61.0,80.0,213.0,640.0,4,873.0
4.0,6.0,61.0,80.0,213.0,397.0,4,640.0
4.0,1.0,250.0,356.0,463.0,820.0,4,898.0
4.0,1.0,477.0,577.0,790.0,808.0,4,820.0
4.0,1.0,356.0,577.0,790.0,808.0,4,820.0
4.0,1.0,477.0,577.0,790.0,808.0,4,820.0
4.0,1.0,356.0,577.0,790.0,808.0,4,820.0
4.0,1.0,250.0,356.0,463.0,577.0,4,808.0
4.0,1.0,133.0,250.0,356.0,463.0,4,790.0
4.0,1.0,250.0,356.0,463.0,790.0,4,820.0
4.0,1.0,356.0,463.0,790.0,808.0,4,820.0
4.0,9.0,169.0,366.0,828.0,941.0,4,1019.0
4.0,9.0,169.0,366.0,828.0,941.0,4,1019.0
4.0,9.0,76.0,366.0,828.0,845.0,4,941.0
4.0,9.0,76.0,81.0,149.0,452.0,4,1019.0
4.0,9.0,169.0,366.0,828.0,845.0,4,941.0
4.0,9.0,76.0,81.0,366.0,828.0,4,845.0
4.0,9.0,76.0,81.0,366.0,828.0,4,845.0
4.0,9.0,76.0,81.0,149.0,366.0,4,845.0
4.0,9.0,76.0,81.0,149.0,452.0,4,845.0
4.0,9.0,149.0,366.0,828.0,845.0,4,941.0
4.0,9.0,169.0,366.0,828.0,941.0,4,968.0
4.0,9.0,169.0,366.0,828.0,845.0,4,941.0
4.0,9.0,76.0,452.0,828.0,845.0,4,941.0
4.0,9.0,76.0,81.0,149.0,452.0,4,845.0
4.0,9.0,169.0,366.0,828.0,941.0,4,968.0
4.0,9.0,169.0,366.0,828.0,941.0,4,968.0
4.0,9.0,76.0,81.0,149.0,452.0,4,845.0
4.0,9.0,169.0,366.0,828.0,845.0,4,941.0
4.0,9.0,169.0,452.0,828.0,845.0,4,941.0
4.0,9.0,76.0,169.0,452.0,828.0,4,845.0
4.0,9.0,76.0,81.0,149.0,452.0,4,845.0
4.0,9.0,76.0,81.0,366.0,452.0,4,845.0
4.0,9.0,76.0,81.0,149.0,452.0,4,845.0
4.0,9.0,76.0,81.0,366.0,452.0,4,845.0
4.0,6.0,35.0,61.0,397.0,420.0,4,809.0
4.0,6.0,35.0,55.0,213.0,459.0,4,809.0
4.0,6.0,35.0,213.0,397.0,459.0,4,809.0
4.0,6.0,35.0,61.0,397.0,459.0,4,809.0
4.0,6.0,35.0,61.0,397.0,420.0,4,809.0
4.0,6.0,35.0,55.0,61.0,213.0,4,397.0
4.0,6.0,55.0,61.0,213.0,459.0,4,867.0
4.0,6.0,55.0,213.0,459.0,809.0,4,867.0
4.0,6.0,35.0,61.0,397.0,420.0,4,809.0
4.0,1.0,356.0,577.0,790.0,808.0,4,820.0
4.0,1.0,356.0,577.0,682.0,790.0,4,808.0
4.0,1.0,477.0,577.0,790.0,808.0,4,820.0
4.0,1.0,477.0,577.0,790.0,808.0,4,820.0
4.0,1.0,356.0,577.0,790.0,808.0,4,820.0
4.0,1.0,356.0,577.0,790.0,808.0,4,820.0
4.0,1.0,356.0,477.0,682.0,790.0,4,808.0
4.0,0.0,418.0,465.0,532.0,695.0,4,1037.0
4.0,0.0,418.0,465.0,517.0,532.0,4,535.0
4.0,0.0,13.0,418.0,493.0,535.0,4,713.0
4.0,0.0,13.0,493.0,535.0,686.0,4,713.0
4.0,0.0,13.0,418.0,493.0,517.0,4,532.0
4.0,0.0,418.0,517.0,532.0,695.0,4,1037.0
4.0,0.0,418.0,448.0,517.0,532.0,4,695.0
4.0,1.0,577.0,740.0,790.0,820.0,4,898.0
4.0,1.0,250.0,356.0,577.0,790.0,4,820.0
4.0,1.0,356.0,682.0,740.0,790.0,4,898.0
4.0,1.0,250.0,356.0,577.0,790.0,4,820.0
4.0,1.0,250.0,356.0,577.0,790.0,4,820.0
4.0,1.0,577.0,682.0,790.0,820.0,4,898.0
4.0,1.0,356.0,577.0,682.0,790.0,4,820.0
4.0,1.0,356.0,682.0,820.0,898.0,4,1008.0
4.0,1.0,577.0,740.0,790.0,820.0,4,898.0
4.0,1.0,577.0,740.0,790.0,820.0,4,898.0
4.0,6.0,35.0,61.0,397.0,499.0,4,730.0
4.0,6.0,35.0,61.0,397.0,499.0,4,730.0
4.0,6.0,35.0,61.0,397.0,499.0,4,730.0
4.0,6.0,35.0,61.0,397.0,420.0,4,730.0
4.0,6.0,55.0,213.0,420.0,809.0,4,867.0
4.0,6.0,35.0,55.0,61.0,420.0,4,809.0
4.0,6.0,55.0,61.0,213.0,397.0,4,809.0
4.0,1.0,356.0,577.0,682.0,790.0,4,808.0
4.0,1.0,356.0,682.0,740.0,820.0,4,887.0
4.0,1.0,577.0,790.0,808.0,820.0,4,898.0
4.0,1.0,356.0,682.0,790.0,808.0,4,898.0
4.0,1.0,356.0,682.0,790.0,808.0,4,898.0
4.0,1.0,356.0,577.0,682.0,790.0,4,808.0
4.0,1.0,356.0,577.0,682.0,808.0,4,820.0
4.0,1.0,356.0,577.0,682.0,808.0,4,820.0
4.0,1.0,356.0,577.0,740.0,790.0,4,820.0
4.0,1.0,78.0,356.0,640.0,682.0,4,790.0
4.0,1.0,356.0,640.0,682.0,740.0,4,820.0
4.0,1.0,356.0,577.0,740.0,790.0,4,820.0
4.0,1.0,356.0,577.0,740.0,790.0,4,820.0
4.0,1.0,577.0,740.0,790.0,820.0,4,887.0
4.0,1.0,356.0,682.0,740.0,820.0,4,887.0
4.0,1.0,356.0,682.0,740.0,790.0,4,887.0
4.0,1.0,356.0,682.0,740.0,790.0,4,887.0
4.0,1.0,356.0,577.0,740.0,790.0,4,820.0
4.0,1.0,477.0,640.0,682.0,790.0,4,1008.0
4.0,1.0,356.0,740.0,790.0,820.0,4,898.0
4.0,1.0,477.0,640.0,682.0,740.0,4,820.0
4.0,1.0,477.0,640.0,682.0,740.0,4,820.0
4.0,1.0,356.0,790.0,808.0,820.0,4,898.0
4.0,1.0,356.0,682.0,790.0,808.0,4,820.0
4.0,1.0,356.0,790.0,808.0,820.0,4,898.0
4.0,1.0,356.0,640.0,682.0,808.0,4,1008.0
4.0,1.0,356.0,790.0,808.0,820.0,4,898.0
4.0,1.0,356.0,682.0,808.0,820.0,4,898.0
4.0,1.0,640.0,682.0,740.0,898.0,4,1008.0
4.0,1.0,356.0,682.0,808.0,820.0,4,898.0
4.0,1.0,577.0,790.0,808.0,820.0,4,887.0
4.0,1.0,356.0,640.0,740.0,790.0,4,808.0
4.0,1.0,577.0,808.0,820.0,887.0,4,1008.0
4.0,1.0,577.0,790.0,808.0,820.0,4,887.0
4.0,1.0,570.0,577.0,790.0,808.0,4,820.0
4.0,1.0,570.0,640.0,790.0,808.0,4,820.0
4.0,1.0,356.0,570.0,740.0,808.0,4,820.0
4.0,1.0,356.0,570.0,740.0,808.0,4,1008.0
4.0,28.0,218.0,608.0,785.0,859.0,4,1016.0
4.0,28.0,218.0,608.0,785.0,859.0,4,1016.0
4.0,28.0,218.0,497.0,754.0,785.0,4,859.0
4.0,28.0,218.0,497.0,754.0,785.0,4,859.0
4.0,28.0,218.0,608.0,754.0,785.0,4,859.0
4.0,28.0,41.0,497.0,608.0,859.0,4,1016.0
4.0,28.0,41.0,497.0,608.0,859.0,4,1016.0
4.0,28.0,41.0,218.0,608.0,859.0,4,1016.0
4.0,28.0,41.0,218.0,608.0,859.0,4,1016.0
4.0,28.0,41.0,218.0,608.0,859.0,4,1016.0
4.0,1.0,570.0,577.0,790.0,808.0,4,820.0
4.0,1.0,356.0,570.0,790.0,808.0,4,1008.0
4.0,1.0,570.0,577.0,740.0,808.0,4,820.0
4.0,1.0,356.0,577.0,790.0,808.0,4,820.0
4.0,1.0,356.0,577.0,790.0,808.0,4,1008.0
4.0,1.0,356.0,640.0,740.0,820.0,4,1008.0
4.0,1.0,570.0,577.0,740.0,820.0,4,1008.0
4.0,1.0,570.0,577.0,740.0,820.0,4,1008.0
4.0,1.0,570.0,577.0,790.0,808.0,4,820.0
4.0,17.0,108.0,135.0,505.0,508.0,4,619.0
4.0,17.0,108.0,135.0,182.0,619.0,4,635.0
4.0,17.0,182.0,505.0,586.0,619.0,4,635.0
4.0,17.0,108.0,135.0,505.0,508.0,4,619.0
4.0,17.0,108.0,157.0,505.0,619.0,4,635.0
4.0,17.0,108.0,135.0,505.0,508.0,4,635.0
4.0,1.0,577.0,746.0,790.0,808.0,4,820.0
4.0,1.0,577.0,746.0,790.0,808.0,4,820.0
4.0,1.0,133.0,577.0,746.0,790.0,4,820.0
4.0,1.0,133.0,356.0,463.0,876.0,4,983.0
4.0,1.0,463.0,577.0,746.0,808.0,4,820.0
4.0,1.0,577.0,746.0,790.0,808.0,4,820.0
4.0,1.0,577.0,746.0,790.0,808.0,4,820.0
4.0,1.0,577.0,746.0,790.0,808.0,4,820.0
4.0,1.0,133.0,356.0,463.0,876.0,4,983.0
4.0,1.0,133.0,356.0,463.0,876.0,4,983.0
4.0,1.0,78.0,133.0,463.0,876.0,4,983.0
4.0,1.0,577.0,746.0,790.0,808.0,4,820.0
4.0,1.0,577.0,746.0,790.0,808.0,4,820.0
4.0,1.0,356.0,577.0,790.0,808.0,4,820.0
4.0,1.0,577.0,746.0,790.0,808.0,4,820.0
4.0,1.0,250.0,356.0,463.0,577.0,4,820.0
4.0,1.0,577.0,746.0,790.0,808.0,4,820.0
4.0,1.0,577.0,746.0,790.0,808.0,4,820.0
4.0,1.0,463.0,577.0,746.0,808.0,4,820.0
4.0,1.0,250.0,356.0,463.0,577.0,4,808.0
4.0,1.0,250.0,356.0,463.0,746.0,4,808.0
4.0,1.0,250.0,463.0,577.0,790.0,4,820.0
4.0,0.0,13.0,493.0,535.0,589.0,4,686.0
4.0,0.0,13.0,418.0,493.0,535.0,4,589.0
4.0,0.0,13.0,418.0,589.0,686.0,4,1037.0
4.0,0.0,13.0,418.0,589.0,686.0,4,1037.0
4.0,0.0,13.0,418.0,493.0,535.0,4,686.0
4.0,0.0,13.0,418.0,493.0,589.0,4,1037.0
4.0,0.0,13.0,418.0,493.0,589.0,4,1037.0
4.0,17.0,47.0,108.0,135.0,290.0,4,505.0
4.0,17.0,47.0,108.0,135.0,182.0,4,290.0
4.0,17.0,108.0,135.0,290.0,505.0,4,508.0
4.0,17.0,299.0,328.0,586.0,619.0,4,635.0
4.0,28.0,41.0,110.0,608.0,665.0,4,754.0
4.0,28.0,41.0,110.0,608.0,665.0,4,754.0
4.0,28.0,41.0,608.0,754.0,882.0,4,1016.0
4.0,28.0,71.0,608.0,754.0,882.0,4,1016.0
4.0,28.0,41.0,110.0,218.0,608.0,4,859.0
4.0,28.0,41.0,110.0,608.0,665.0,4,754.0
4.0,28.0,71.0,218.0,608.0,754.0,4,1016.0
4.0,28.0,71.0,110.0,218.0,608.0,4,1016.0
4.0,28.0,41.0,218.0,608.0,754.0,4,1016.0
4.0,28.0,41.0,608.0,754.0,882.0,4,1016.0
4.0,28.0,41.0,608.0,754.0,882.0,4,1016.0
4.0,28.0,608.0,754.0,785.0,859.0,4,882.0
4.0,28.0,608.0,754.0,785.0,859.0,4,882.0
4.0,28.0,639.0,754.0,785.0,859.0,4,882.0
4.0,28.0,41.0,608.0,754.0,859.0,4,1016.0
4.0,28.0,41.0,608.0,639.0,859.0,4,882.0
4.0,28.0,41.0,608.0,639.0,859.0,4,882.0
4.0,28.0,41.0,608.0,754.0,859.0,4,1016.0
4.0,28.0,608.0,754.0,785.0,859.0,4,882.0
4.0,28.0,71.0,608.0,639.0,754.0,4,785.0
4.0,28.0,41.0,608.0,639.0,859.0,4,1016.0
4.0,28.0,608.0,639.0,785.0,859.0,4,1016.0
4.0,28.0,41.0,608.0,665.0,754.0,4,859.0
4.0,28.0,41.0,608.0,665.0,754.0,4,1016.0
4.0,28.0,41.0,608.0,665.0,754.0,4,1016.0
4.0,28.0,218.0,608.0,785.0,859.0,4,1016.0
4.0,28.0,218.0,497.0,754.0,785.0,4,859.0
4.0,28.0,218.0,665.0,754.0,785.0,4,859.0
4.0,28.0,41.0,608.0,665.0,754.0,4,1016.0
4.0,6.0,213.0,420.0,656.0,867.0,4,873.0
4.0,6.0,213.0,420.0,656.0,867.0,4,873.0
4.0,6.0,213.0,420.0,656.0,867.0,4,873.0
4.0,6.0,55.0,61.0,171.0,397.0,4,809.0
4.0,6.0,55.0,61.0,171.0,397.0,4,809.0
4.0,6.0,55.0,213.0,397.0,420.0,4,809.0
4.0,6.0,171.0,213.0,420.0,656.0,4,867.0
4.0,6.0,55.0,61.0,213.0,397.0,4,809.0
4.0,28.0,41.0,218.0,608.0,754.0,4,1016.0
4.0,28.0,41.0,608.0,754.0,859.0,4,1016.0
4.0,28.0,41.0,218.0,608.0,754.0,4,1016.0
4.0,28.0,41.0,218.0,608.0,754.0,4,1016.0
4.0,28.0,218.0,608.0,754.0,859.0,4,1016.0
4.0,28.0,218.0,608.0,785.0,859.0,4,1016.0
4.0,28.0,41.0,218.0,608.0,754.0,4,859.0
4.0,28.0,41.0,608.0,665.0,754.0,4,1016.0
4.0,28.0,41.0,608.0,665.0,754.0,4,1016.0
4.0,28.0,41.0,608.0,665.0,754.0,4,1016.0
4.0,28.0,110.0,353.0,665.0,754.0,4,859.0
4.0,28.0,41.0,353.0,665.0,754.0,4,859.0
4.0,28.0,41.0,110.0,608.0,754.0,4,1016.0
4.0,28.0,41.0,110.0,353.0,754.0,4,1016.0
4.0,28.0,41.0,608.0,754.0,859.0,4,1016.0
4.0,28.0,110.0,353.0,608.0,785.0,4,859.0
4.0,28.0,110.0,353.0,608.0,785.0,4,859.0
4.0,28.0,41.0,353.0,608.0,754.0,4,1016.0
4.0,28.0,41.0,608.0,665.0,754.0,4,1016.0
4.0,28.0,110.0,353.0,608.0,785.0,4,859.0
4.0,28.0,608.0,665.0,754.0,785.0,4,1016.0
4.0,28.0,41.0,608.0,665.0,754.0,4,1016.0
4.0,28.0,41.0,608.0,665.0,754.0,4,1016.0
4.0,28.0,41.0,353.0,608.0,754.0,4,1016.0
4.0,28.0,110.0,353.0,665.0,785.0,4,859.0
4.0,28.0,110.0,353.0,608.0,785.0,4,859.0
4.0,28.0,110.0,353.0,608.0,785.0,4,859.0
4.0,28.0,41.0,110.0,353.0,608.0,4,859.0
4.0,28.0,41.0,110.0,353.0,445.0,4,859.0
4.0,0.0,204.0,418.0,465.0,686.0,4,1037.0
4.0,0.0,204.0,465.0,493.0,535.0,4,686.0
4.0,0.0,204.0,465.0,535.0,589.0,4,686.0
4.0,0.0,465.0,493.0,535.0,589.0,4,1037.0
4.0,0.0,418.0,465.0,493.0,535.0,4,1037.0
4.0,0.0,418.0,465.0,493.0,535.0,4,686.0
4.0,0.0,204.0,418.0,465.0,686.0,4,1037.0
4.0,0.0,204.0,418.0,465.0,686.0,4,1037.0
4.0,28.0,41.0,353.0,608.0,754.0,4,1016.0
4.0,28.0,41.0,353.0,608.0,754.0,4,1016.0
4.0,28.0,41.0,353.0,608.0,754.0,4,1016.0
4.0,28.0,41.0,353.0,665.0,754.0,4,859.0
4.0,28.0,110.0,353.0,665.0,754.0,4,859.0
4.0,28.0,110.0,608.0,665.0,785.0,4,859.0
4.0,28.0,110.0,608.0,665.0,785.0,4,859.0
4.0,28.0,41.0,110.0,608.0,665.0,4,859.0
4.0,28.0,41.0,110.0,353.0,608.0,4,859.0
4.0,28.0,353.0,608.0,754.0,785.0,4,1016.0
4.0,28.0,41.0,353.0,608.0,754.0,4,1016.0
4.0,28.0,41.0,353.0,608.0,754.0,4,1016.0
4.0,28.0,353.0,754.0,785.0,859.0,4,1016.0
4.0,28.0,71.0,160.0,445.0,785.0,4,859.0
4.0,6.0,35.0,213.0,397.0,459.0,4,730.0
4.0,6.0,213.0,459.0,625.0,730.0,4,867.0
4.0,6.0,35.0,213.0,420.0,625.0,4,730.0
4.0,6.0,35.0,61.0,397.0,420.0,4,809.0
4.0,6.0,35.0,61.0,397.0,420.0,4,809.0
4.0,6.0,213.0,420.0,459.0,730.0,4,867.0
4.0,6.0,61.0,213.0,459.0,730.0,4,867.0
4.0,6.0,35.0,213.0,397.0,420.0,4,730.0
4.0,6.0,35.0,61.0,397.0,420.0,4,730.0
4.0,6.0,35.0,55.0,213.0,420.0,4,730.0
4.0,6.0,35.0,55.0,213.0,420.0,4,730.0
4.0,6.0,55.0,213.0,420.0,809.0,4,867.0
4.0,6.0,35.0,61.0,397.0,420.0,4,730.0
4.0,6.0,35.0,61.0,397.0,420.0,4,730.0
4.0,6.0,61.0,397.0,420.0,730.0,4,867.0
4.0,6.0,35.0,55.0,61.0,213.0,4,809.0
4.0,6.0,35.0,61.0,397.0,499.0,4,730.0
4.0,6.0,55.0,213.0,420.0,809.0,4,867.0
4.0,6.0,35.0,61.0,397.0,499.0,4,730.0
4.0,6.0,35.0,61.0,397.0,499.0,4,730.0
4.0,6.0,35.0,61.0,397.0,499.0,4,730.0
4.0,6.0,35.0,55.0,61.0,499.0,4,730.0
4.0,6.0,35.0,55.0,61.0,499.0,4,730.0
4.0,6.0,35.0,55.0,61.0,213.0,4,730.0
4.0,0.0,13.0,465.0,493.0,695.0,4,1037.0
4.0,0.0,13.0,465.0,493.0,695.0,4,1037.0
4.0,0.0,465.0,535.0,686.0,695.0,4,1037.0
4.0,0.0,535.0,686.0,695.0,713.0,4,1037.0
4.0,0.0,13.0,493.0,535.0,713.0,4,1037.0
4.0,0.0,13.0,493.0,535.0,686.0,4,713.0
4.0,0.0,13.0,465.0,493.0,686.0,4,1037.0
4.0,0.0,465.0,535.0,686.0,695.0,4,1037.0
4.0,0.0,465.0,535.0,686.0,695.0,4,1037.0
4.0,0.0,13.0,465.0,493.0,535.0,4,695.0
4.0,0.0,13.0,493.0,535.0,686.0,4,713.0
4.0,6.0,55.0,171.0,213.0,809.0,4,873.0
4.0,6.0,55.0,171.0,213.0,809.0,4,873.0
4.0,6.0,55.0,61.0,171.0,213.0,4,873.0
4.0,6.0,30.0,61.0,213.0,499.0,4,873.0
4.0,6.0,30.0,61.0,213.0,397.0,4,499.0
4.0,6.0,55.0,61.0,171.0,213.0,4,867.0
4.0,6.0,55.0,61.0,171.0,213.0,4,867.0
4.0,6.0,171.0,213.0,397.0,499.0,4,809.0
4.0,6.0,171.0,499.0,656.0,809.0,4,873.0
4.0,6.0,61.0,80.0,171.0,397.0,4,640.0
4.0,6.0,61.0,80.0,171.0,397.0,4,640.0
4.0,6.0,80.0,171.0,640.0,656.0,4,887.0
4.0,6.0,80.0,171.0,640.0,809.0,4,887.0
4.0,6.0,30.0,61.0,397.0,809.0,4,873.0
4.0,6.0,30.0,61.0,397.0,809.0,4,873.0
4.0,17.0,157.0,299.0,508.0,586.0,4,619.0
4.0,17.0,157.0,299.0,508.0,586.0,4,619.0
4.0,17.0,47.0,157.0,299.0,508.0,4,586.0
4.0,17.0,47.0,157.0,299.0,508.0,4,586.0
4.0,17.0,47.0,157.0,299.0,505.0,4,635.0
4.0,17.0,47.0,108.0,135.0,505.0,4,635.0
4.0,17.0,47.0,108.0,135.0,505.0,4,635.0
4.0,17.0,108.0,505.0,508.0,586.0,4,619.0
4.0,6.0,30.0,61.0,397.0,809.0,4,867.0
4.0,6.0,30.0,213.0,397.0,656.0,4,873.0
4.0,6.0,171.0,213.0,640.0,656.0,4,873.0
4.0,6.0,61.0,171.0,640.0,656.0,4,867.0
4.0,6.0,30.0,61.0,397.0,809.0,4,867.0
4.0,6.0,30.0,213.0,397.0,656.0,4,873.0
4.0,6.0,61.0,213.0,397.0,809.0,4,867.0
4.0,6.0,30.0,61.0,80.0,640.0,4,873.0
4.0,6.0,30.0,80.0,213.0,640.0,4,873.0
4.0,6.0,61.0,171.0,397.0,809.0,4,867.0
4.0,6.0,30.0,213.0,640.0,809.0,4,873.0
4.0,6.0,80.0,171.0,213.0,640.0,4,873.0
4.0,6.0,213.0,499.0,640.0,656.0,4,867.0
4.0,6.0,30.0,61.0,80.0,397.0,4,867.0
4.0,6.0,171.0,213.0,397.0,640.0,4,809.0
4.0,6.0,171.0,213.0,499.0,809.0,4,867.0
4.0,6.0,30.0,80.0,213.0,397.0,4,640.0
4.0,6.0,30.0,213.0,397.0,640.0,4,809.0
4.0,6.0,61.0,213.0,640.0,809.0,4,867.0
4.0,6.0,61.0,213.0,640.0,809.0,4,867.0
4.0,6.0,30.0,213.0,640.0,809.0,4,867.0
4.0,17.0,108.0,135.0,290.0,505.0,4,635.0
4.0,17.0,108.0,135.0,290.0,505.0,4,635.0
4.0,17.0,108.0,135.0,290.0,505.0,4,635.0
4.0,17.0,135.0,290.0,505.0,586.0,4,635.0
4.0,17.0,182.0,328.0,586.0,619.0,4,708.0
4.0,17.0,108.0,135.0,290.0,505.0,4,635.0
4.0,17.0,108.0,135.0,290.0,505.0,4,635.0
4.0,17.0,290.0,505.0,586.0,635.0,4,708.0
4.0,17.0,108.0,135.0,290.0,505.0,4,635.0
4.0,0.0,13.0,448.0,493.0,535.0,4,713.0
4.0,0.0,418.0,465.0,532.0,535.0,4,1037.0
4.0,0.0,13.0,448.0,493.0,535.0,4,713.0
4.0,0.0,13.0,418.0,465.0,517.0,4,532.0
4.0,0.0,418.0,465.0,517.0,532.0,4,1037.0
4.0,0.0,13.0,535.0,686.0,713.0,4,1037.0
4.0,0.0,13.0,418.0,535.0,713.0,4,1037.0
4.0,0.0,204.0,418.0,532.0,695.0,4,1037.0
4.0,0.0,13.0,204.0,418.0,465.0,4,532.0
4.0,0.0,13.0,418.0,465.0,535.0,4,686.0
4.0,0.0,13.0,418.0,465.0,535.0,4,686.0
4.0,0.0,13.0,418.0,535.0,686.0,4,1037.0
4.0,0.0,13.0,330.0,418.0,535.0,4,686.0
4.0,0.0,13.0,330.0,418.0,535.0,4,686.0
4.0,0.0,13.0,448.0,535.0,686.0,4,713.0
4.0,0.0,13.0,418.0,448.0,535.0,4,713.0
4.0,0.0,418.0,532.0,535.0,713.0,4,1037.0
4.0,0.0,13.0,418.0,532.0,535.0,4,695.0
4.0,0.0,13.0,418.0,448.0,535.0,4,695.0
4.0,0.0,13.0,418.0,448.0,535.0,4,713.0
4.0,0.0,13.0,418.0,535.0,686.0,4,713.0
4.0,0.0,13.0,493.0,535.0,686.0,4,713.0
4.0,0.0,493.0,535.0,686.0,713.0,4,1037.0
4.0,0.0,13.0,204.0,465.0,532.0,4,695.0
4.0,0.0,13.0,204.0,465.0,532.0,4,695.0
4.0,0.0,13.0,493.0,535.0,686.0,4,713.0
4.0,0.0,448.0,493.0,535.0,686.0,4,713.0
4.0,0.0,448.0,493.0,535.0,686.0,4,713.0
4.0,0.0,13.0,493.0,535.0,686.0,4,713.0
4.0,17.0,47.0,299.0,505.0,508.0,4,586.0
4.0,17.0,47.0,157.0,328.0,505.0,4,586.0
4.0,17.0,47.0,157.0,505.0,508.0,4,586.0
4.0,17.0,47.0,182.0,505.0,586.0,4,619.0
4.0,0.0,448.0,493.0,535.0,695.0,4,713.0
4.0,0.0,418.0,493.0,535.0,695.0,4,1037.0
4.0,0.0,418.0,448.0,493.0,532.0,4,713.0
4.0,0.0,418.0,517.0,535.0,695.0,4,1037.0
4.0,0.0,418.0,517.0,535.0,695.0,4,1037.0
4.0,17.0,47.0,157.0,182.0,328.0,4,586.0
4.0,17.0,47.0,135.0,328.0,345.0,4,586.0
4.0,17.0,135.0,299.0,345.0,619.0,4,635.0
4.0,17.0,135.0,299.0,345.0,619.0,4,635.0
4.0,17.0,135.0,182.0,299.0,345.0,4,619.0
4.0,17.0,135.0,182.0,299.0,345.0,4,619.0
4.0,17.0,47.0,135.0,182.0,299.0,4,345.0
4.0,0.0,13.0,448.0,493.0,535.0,4,713.0
4.0,0.0,13.0,418.0,448.0,493.0,4,535.0
4.0,0.0,13.0,418.0,686.0,695.0,4,1037.0
4.0,0.0,13.0,418.0,686.0,695.0,4,1037.0
4.0,0.0,13.0,418.0,686.0,695.0,4,1037.0
4.0,0.0,13.0,418.0,686.0,713.0,4,1037.0
4.0,0.0,13.0,418.0,493.0,535.0,4,713.0
4.0,0.0,13.0,418.0,493.0,535.0,4,713.0
4.0,0.0,13.0,448.0,493.0,535.0,4,713.0
4.0,0.0,13.0,418.0,493.0,535.0,4,713.0
4.0,0.0,13.0,418.0,493.0,535.0,4,589.0
4.0,0.0,418.0,493.0,535.0,589.0,4,1037.0
4.0,0.0,418.0,493.0,535.0,686.0,4,1037.0
4.0,0.0,13.0,418.0,448.0,493.0,4,686.0
4.0,0.0,13.0,418.0,448.0,493.0,4,686.0
4.0,0.0,13.0,418.0,493.0,535.0,4,589.0
4.0,0.0,13.0,465.0,493.0,535.0,4,589.0
4.0,0.0,13.0,418.0,493.0,535.0,4,589.0
4.0,0.0,13.0,418.0,493.0,535.0,4,589.0
4.0,0.0,13.0,418.0,493.0,535.0,4,589.0
4.0,0.0,13.0,418.0,535.0,589.0,4,686.0
4.0,0.0,418.0,465.0,535.0,686.0,4,1037.0
4.0,0.0,204.0,383.0,465.0,532.0,4,686.0
4.0,0.0,13.0,493.0,535.0,589.0,4,686.0
4.0,0.0,13.0,493.0,535.0,589.0,4,686.0
4.0,0.0,13.0,418.0,493.0,535.0,4,589.0
4.0,0.0,13.0,418.0,465.0,493.0,4,1037.0
4.0,0.0,13.0,418.0,465.0,493.0,4,1037.0
4.0,0.0,418.0,465.0,535.0,686.0,4,1037.0
4.0,0.0,418.0,535.0,589.0,686.0,4,1037.0
4.0,0.0,13.0,418.0,493.0,535.0,4,589.0
4.0,0.0,13.0,493.0,535.0,589.0,4,686.0
4.0,0.0,13.0,418.0,535.0,589.0,4,686.0
4.0,17.0,47.0,108.0,182.0,505.0,4,635.0
4.0,17.0,47.0,108.0,290.0,505.0,4,635.0
4.0,17.0,47.0,182.0,299.0,328.0,4,586.0
4.0,17.0,108.0,182.0,328.0,505.0,4,508.0
4.0,17.0,108.0,182.0,328.0,505.0,4,508.0
4.0,17.0,47.0,108.0,182.0,328.0,4,505.0
4.0,17.0,47.0,135.0,182.0,328.0,4,586.0
4.0,17.0,47.0,108.0,135.0,182.0,4,328.0
4.0,17.0,108.0,135.0,328.0,345.0,4,635.0
4.0,17.0,135.0,328.0,345.0,586.0,4,635.0
4.0,17.0,47.0,182.0,345.0,586.0,4,635.0
4.0,17.0,47.0,135.0,345.0,586.0,4,635.0
4.0,17.0,47.0,135.0,182.0,328.0,4,586.0
4.0,17.0,47.0,108.0,135.0,182.0,4,328.0
4.0,17.0,108.0,135.0,328.0,345.0,4,635.0
4.0,17.0,47.0,135.0,345.0,586.0,4,635.0
4.0,17.0,47.0,135.0,328.0,345.0,4,586.0
4.0,17.0,47.0,108.0,135.0,505.0,4,635.0
4.0,17.0,47.0,108.0,135.0,505.0,4,619.0
4.0,17.0,47.0,108.0,135.0,505.0,4,635.0
4.0,17.0,47.0,108.0,135.0,505.0,4,635.0
4.0,17.0,47.0,108.0,135.0,505.0,4,635.0
4.0,17.0,47.0,108.0,135.0,505.0,4,619.0
4.0,17.0,47.0,108.0,135.0,505.0,4,508.0
4.0,17.0,47.0,108.0,135.0,505.0,4,508.0
4.0,17.0,47.0,108.0,135.0,505.0,4,635.0
4.0,17.0,108.0,135.0,508.0,586.0,4,635.0
4.0,17.0,47.0,108.0,135.0,505.0,4,635.0
4.0,17.0,47.0,108.0,135.0,290.0,4,505.0
4.0,17.0,47.0,108.0,135.0,505.0,4,635.0
4.0,17.0,47.0,108.0,135.0,505.0,4,635.0
4.0,17.0,47.0,108.0,182.0,505.0,4,635.0
4.0,17.0,47.0,108.0,135.0,505.0,4,635.0
4.0,17.0,47.0,108.0,135.0,505.0,4,635.0
4.0,17.0,135.0,182.0,299.0,508.0,4,635.0
4.0,17.0,108.0,328.0,505.0,619.0,4,635.0
4.0,17.0,108.0,328.0,505.0,619.0,4,635.0
4.0,17.0,157.0,505.0,586.0,619.0,4,635.0
4.0,17.0,108.0,328.0,505.0,508.0,4,635.0
4.0,17.0,108.0,328.0,505.0,619.0,4,635.0
4.0,17.0,108.0,328.0,505.0,586.0,4,635.0
4.0,17.0,108.0,328.0,505.0,586.0,4,635.0
4.0,17.0,108.0,157.0,586.0,619.0,4,635.0
