season,team,player_0,player_1,player_2,player_3,missing_position,target_player
7.0,14.0,161.0,488.0,518.0,1015.0,4,1028.0
7.0,14.0,488.0,518.0,520.0,1015.0,4,1028.0
7.0,14.0,161.0,753.0,786.0,922.0,4,924.0
7.0,14.0,161.0,753.0,786.0,922.0,4,924.0
7.0,14.0,753.0,786.0,903.0,922.0,4,924.0
7.0,14.0,161.0,753.0,786.0,922.0,4,924.0
7.0,14.0,161.0,488.0,518.0,1015.0,4,1028.0
7.0,14.0,488.0,518.0,520.0,1015.0,4,1028.0
7.0,14.0,488.0,518.0,520.0,1015.0,4,1028.0
7.0,14.0,488.0,518.0,520.0,1015.0,4,1028.0
7.0,13.0,91.0,164.0,238.0,398.0,4,439.0
7.0,13.0,91.0,230.0,418.0,688.0,4,867.0
7.0,13.0,124.0,230.0,238.0,418.0,4,688.0
7.0,13.0,91.0,164.0,238.0,398.0,4,439.0
7.0,13.0,91.0,164.0,238.0,398.0,4,688.0
7.0,13.0,91.0,164.0,238.0,398.0,4,688.0
7.0,13.0,91.0,164.0,238.0,398.0,4,439.0
7.0,29.0,242.0,370.0,505.0,670.0,4,784.0
7.0,29.0,242.0,392.0,456.0,670.0,4,971.0
7.0,29.0,242.0,392.0,456.0,670.0,4,971.0
7.0,29.0,242.0,370.0,456.0,505.0,4,670.0
7.0,29.0,83.0,242.0,392.0,456.0,4,971.0
7.0,29.0,83.0,242.0,392.0,456.0,4,971.0
7.0,29.0,83.0,173.0,392.0,456.0,4,971.0
7.0,29.0,242.0,392.0,456.0,505.0,4,670.0
7.0,29.0,242.0,392.0,505.0,670.0,4,784.0
7.0,13.0,91.0,164.0,238.0,398.0,4,439.0
7.0,13.0,91.0,164.0,238.0,398.0,4,439.0
7.0,13.0,91.0,164.0,398.0,418.0,4,688.0
7.0,13.0,91.0,164.0,238.0,418.0,4,439.0
7.0,13.0,91.0,164.0,238.0,398.0,4,418.0
7.0,13.0,91.0,164.0,238.0,398.0,4,439.0
7.0,13.0,91.0,124.0,164.0,398.0,4,439.0
7.0,13.0,124.0,164.0,418.0,439.0,4,688.0
7.0,13.0,91.0,164.0,238.0,418.0,4,439.0
7.0,13.0,124.0,230.0,418.0,823.0,4,867.0
7.0,25.0,74.0,421.0,452.0,696.0,4,759.0
7.0,25.0,74.0,297.0,452.0,759.0,4,1003.0
7.0,25.0,50.0,297.0,603.0,696.0,4,1003.0
7.0,25.0,50.0,297.0,603.0,696.0,4,1003.0
7.0,25.0,50.0,74.0,421.0,759.0,4,1003.0
7.0,25.0,74.0,421.0,452.0,759.0,4,1003.0
7.0,25.0,74.0,297.0,421.0,452.0,4,759.0
7.0,25.0,74.0,297.0,421.0,452.0,4,759.0
7.0,25.0,50.0,297.0,421.0,759.0,4,1003.0
7.0,25.0,50.0,74.0,297.0,421.0,4,603.0
7.0,25.0,50.0,74.0,297.0,421.0,4,759.0
7.0,25.0,50.0,74.0,297.0,421.0,4,759.0
7.0,16.0,155.0,623.0,674.0,820.0,4,996.0
7.0,16.0,155.0,623.0,674.0,820.0,4,895.0
7.0,16.0,153.0,296.0,763.0,820.0,4,895.0
7.0,16.0,155.0,623.0,674.0,763.0,4,814.0
7.0,16.0,155.0,296.0,623.0,674.0,4,996.0
7.0,16.0,155.0,623.0,763.0,820.0,4,996.0
7.0,16.0,153.0,623.0,763.0,820.0,4,895.0
7.0,16.0,153.0,296.0,763.0,820.0,4,895.0
7.0,16.0,153.0,296.0,763.0,820.0,4,895.0
7.0,16.0,153.0,296.0,623.0,763.0,4,895.0
7.0,16.0,155.0,623.0,763.0,820.0,4,895.0
7.0,11.0,145.0,294.0,425.0,472.0,4,769.0
7.0,11.0,145.0,294.0,425.0,472.0,4,769.0
7.0,11.0,338.0,425.0,472.0,768.0,4,769.0
7.0,11.0,338.0,472.0,768.0,769.0,4,781.0
7.0,11.0,294.0,338.0,472.0,769.0,4,781.0
7.0,11.0,145.0,294.0,338.0,425.0,4,781.0
7.0,11.0,145.0,294.0,338.0,425.0,4,781.0
7.0,11.0,145.0,294.0,425.0,768.0,4,781.0
7.0,11.0,145.0,294.0,338.0,769.0,4,781.0
7.0,13.0,91.0,164.0,238.0,418.0,4,439.0
7.0,13.0,91.0,164.0,418.0,688.0,4,867.0
7.0,13.0,124.0,230.0,418.0,688.0,4,867.0
7.0,13.0,124.0,230.0,238.0,418.0,4,688.0
7.0,13.0,91.0,164.0,238.0,398.0,4,418.0
7.0,13.0,91.0,164.0,238.0,418.0,4,688.0
7.0,13.0,91.0,164.0,238.0,418.0,4,688.0
7.0,13.0,91.0,230.0,238.0,418.0,4,688.0
7.0,13.0,91.0,230.0,238.0,418.0,4,688.0
7.0,13.0,91.0,164.0,238.0,398.0,4,439.0
7.0,13.0,91.0,164.0,238.0,418.0,4,688.0
7.0,13.0,124.0,230.0,418.0,688.0,4,867.0
7.0,13.0,91.0,164.0,238.0,398.0,4,439.0
7.0,13.0,91.0,164.0,238.0,398.0,4,439.0
7.0,13.0,91.0,164.0,238.0,398.0,4,439.0
7.0,13.0,91.0,164.0,238.0,398.0,4,439.0
7.0,13.0,91.0,164.0,238.0,398.0,4,439.0
7.0,13.0,164.0,230.0,418.0,823.0,4,867.0
7.0,13.0,91.0,164.0,230.0,238.0,4,418.0
7.0,13.0,91.0,164.0,398.0,418.0,4,439.0
7.0,13.0,91.0,164.0,238.0,398.0,4,439.0
7.0,13.0,91.0,164.0,238.0,418.0,4,439.0
7.0,13.0,91.0,164.0,238.0,398.0,4,439.0
7.0,13.0,124.0,164.0,238.0,398.0,4,439.0
7.0,13.0,124.0,164.0,238.0,398.0,4,439.0
7.0,13.0,91.0,164.0,238.0,398.0,4,688.0
7.0,13.0,91.0,124.0,230.0,418.0,4,688.0
7.0,13.0,91.0,164.0,238.0,418.0,4,688.0
7.0,13.0,91.0,164.0,238.0,398.0,4,418.0
7.0,13.0,91.0,164.0,398.0,439.0,4,688.0
7.0,13.0,124.0,164.0,238.0,418.0,4,688.0
7.0,13.0,124.0,164.0,238.0,418.0,4,688.0
7.0,13.0,91.0,230.0,238.0,418.0,4,688.0
7.0,13.0,91.0,164.0,238.0,398.0,4,439.0
7.0,13.0,124.0,164.0,238.0,398.0,4,439.0
7.0,13.0,164.0,238.0,418.0,439.0,4,867.0
7.0,13.0,91.0,164.0,238.0,418.0,4,688.0
7.0,13.0,91.0,230.0,418.0,688.0,4,867.0
7.0,13.0,91.0,164.0,238.0,398.0,4,418.0
7.0,18.0,181.0,218.0,579.0,580.0,4,834.0
7.0,18.0,181.0,218.0,579.0,834.0,4,836.0
7.0,18.0,25.0,218.0,260.0,396.0,4,836.0
7.0,18.0,181.0,579.0,580.0,758.0,4,834.0
7.0,18.0,181.0,579.0,580.0,758.0,4,834.0
7.0,18.0,181.0,396.0,579.0,580.0,4,758.0
7.0,18.0,181.0,579.0,580.0,758.0,4,834.0
7.0,24.0,570.0,576.0,863.0,888.0,4,947.0
7.0,24.0,576.0,863.0,888.0,926.0,4,947.0
7.0,24.0,471.0,576.0,750.0,825.0,4,926.0
7.0,24.0,254.0,471.0,750.0,825.0,4,926.0
7.0,24.0,570.0,576.0,863.0,888.0,4,947.0
7.0,24.0,254.0,471.0,750.0,825.0,4,926.0
7.0,24.0,254.0,471.0,576.0,825.0,4,926.0
7.0,24.0,254.0,576.0,825.0,863.0,4,888.0
7.0,24.0,43.0,471.0,793.0,825.0,4,926.0
7.0,13.0,91.0,164.0,238.0,398.0,4,439.0
7.0,13.0,91.0,164.0,238.0,398.0,4,439.0
7.0,13.0,91.0,164.0,238.0,398.0,4,439.0
7.0,13.0,91.0,230.0,238.0,418.0,4,823.0
7.0,13.0,124.0,230.0,418.0,823.0,4,867.0
7.0,13.0,91.0,164.0,238.0,398.0,4,439.0
7.0,13.0,91.0,164.0,238.0,398.0,4,439.0
7.0,13.0,164.0,238.0,398.0,418.0,4,867.0
7.0,13.0,91.0,164.0,238.0,398.0,4,439.0
7.0,13.0,124.0,230.0,418.0,823.0,4,867.0
7.0,13.0,91.0,164.0,238.0,398.0,4,418.0
7.0,13.0,91.0,164.0,398.0,418.0,4,439.0
7.0,13.0,91.0,164.0,238.0,398.0,4,439.0
7.0,13.0,91.0,164.0,238.0,418.0,4,823.0
7.0,13.0,91.0,230.0,418.0,823.0,4,867.0
7.0,13.0,55.0,230.0,238.0,418.0,4,823.0
7.0,13.0,91.0,164.0,238.0,398.0,4,439.0
7.0,13.0,91.0,164.0,238.0,398.0,4,439.0
7.0,13.0,91.0,164.0,238.0,398.0,4,439.0
7.0,13.0,91.0,164.0,238.0,398.0,4,823.0
7.0,13.0,55.0,230.0,418.0,823.0,4,867.0
7.0,13.0,124.0,230.0,823.0,867.0,4,1024.0
7.0,13.0,55.0,164.0,238.0,398.0,4,439.0
7.0,13.0,55.0,230.0,418.0,823.0,4,867.0
7.0,13.0,91.0,230.0,418.0,823.0,4,867.0
7.0,13.0,91.0,164.0,238.0,398.0,4,439.0
7.0,13.0,55.0,164.0,238.0,398.0,4,439.0
7.0,13.0,91.0,164.0,238.0,398.0,4,439.0
7.0,13.0,91.0,164.0,238.0,398.0,4,439.0
7.0,13.0,55.0,230.0,418.0,823.0,4,867.0
7.0,13.0,55.0,91.0,230.0,418.0,4,823.0
7.0,13.0,91.0,230.0,238.0,418.0,4,439.0
7.0,29.0,83.0,242.0,260.0,370.0,4,456.0
7.0,29.0,242.0,392.0,505.0,670.0,4,784.0
7.0,29.0,242.0,370.0,505.0,670.0,4,971.0
7.0,29.0,83.0,242.0,260.0,370.0,4,456.0
7.0,29.0,83.0,242.0,260.0,392.0,4,670.0
7.0,29.0,392.0,505.0,670.0,784.0,4,971.0
7.0,29.0,83.0,242.0,260.0,392.0,4,784.0
7.0,13.0,91.0,164.0,238.0,418.0,4,823.0
7.0,13.0,55.0,230.0,418.0,823.0,4,867.0
7.0,13.0,55.0,230.0,418.0,823.0,4,867.0
7.0,13.0,91.0,164.0,238.0,418.0,4,823.0
7.0,13.0,91.0,164.0,230.0,238.0,4,418.0
7.0,13.0,91.0,164.0,230.0,238.0,4,418.0
7.0,13.0,55.0,91.0,230.0,418.0,4,823.0
7.0,13.0,55.0,230.0,418.0,823.0,4,867.0
7.0,13.0,55.0,230.0,238.0,418.0,4,823.0
7.0,13.0,91.0,164.0,230.0,238.0,4,418.0
7.0,0.0,13.0,244.0,465.0,601.0,4,789.0
7.0,0.0,315.0,465.0,634.0,789.0,4,906.0
7.0,0.0,139.0,315.0,634.0,789.0,4,906.0
7.0,0.0,315.0,465.0,601.0,634.0,4,789.0
7.0,0.0,315.0,465.0,601.0,634.0,4,789.0
7.0,0.0,13.0,315.0,465.0,634.0,4,789.0
7.0,0.0,13.0,244.0,315.0,465.0,4,906.0
7.0,0.0,139.0,315.0,634.0,789.0,4,906.0
7.0,0.0,13.0,601.0,634.0,789.0,4,906.0
7.0,0.0,13.0,244.0,601.0,789.0,4,906.0
7.0,15.0,302.0,719.0,749.0,802.0,4,1036.0
7.0,15.0,302.0,509.0,719.0,749.0,4,802.0
7.0,15.0,484.0,593.0,714.0,802.0,4,1036.0
7.0,15.0,509.0,593.0,714.0,719.0,4,802.0
7.0,15.0,484.0,509.0,714.0,802.0,4,1036.0
7.0,15.0,415.0,484.0,509.0,749.0,4,802.0
7.0,6.0,35.0,275.0,444.0,606.0,4,980.0
7.0,6.0,35.0,275.0,300.0,444.0,4,606.0
7.0,6.0,56.0,275.0,300.0,444.0,4,980.0
7.0,6.0,35.0,275.0,444.0,606.0,4,980.0
7.0,6.0,48.0,125.0,444.0,606.0,4,980.0
7.0,6.0,30.0,48.0,125.0,300.0,4,444.0
7.0,6.0,30.0,48.0,125.0,606.0,4,980.0
7.0,6.0,35.0,275.0,300.0,444.0,4,693.0
7.0,6.0,35.0,275.0,444.0,693.0,4,980.0
7.0,6.0,35.0,275.0,444.0,606.0,4,980.0
7.0,26.0,333.0,422.0,620.0,632.0,4,948.0
7.0,26.0,107.0,333.0,384.0,914.0,4,965.0
7.0,26.0,333.0,384.0,914.0,948.0,4,965.0
7.0,26.0,107.0,333.0,384.0,914.0,4,965.0
7.0,26.0,107.0,333.0,422.0,620.0,4,632.0
7.0,26.0,107.0,384.0,422.0,620.0,4,632.0
7.0,26.0,384.0,422.0,620.0,632.0,4,948.0
7.0,26.0,333.0,384.0,620.0,948.0,4,965.0
7.0,1.0,78.0,106.0,442.0,463.0,4,517.0
7.0,1.0,106.0,188.0,353.0,517.0,4,1006.0
7.0,1.0,188.0,353.0,463.0,795.0,4,1006.0
7.0,1.0,106.0,188.0,353.0,442.0,4,795.0
7.0,1.0,78.0,106.0,442.0,463.0,4,517.0
7.0,1.0,78.0,106.0,353.0,463.0,4,517.0
7.0,1.0,106.0,188.0,353.0,463.0,4,795.0
7.0,1.0,78.0,442.0,463.0,517.0,4,658.0
7.0,2.0,36.0,120.0,255.0,493.0,4,790.0
7.0,2.0,36.0,120.0,255.0,493.0,4,790.0
7.0,2.0,17.0,36.0,687.0,790.0,4,900.0
7.0,2.0,17.0,36.0,687.0,790.0,4,900.0
7.0,2.0,17.0,120.0,255.0,493.0,4,577.0
7.0,2.0,17.0,120.0,255.0,493.0,4,577.0
7.0,2.0,17.0,36.0,120.0,255.0,4,493.0
7.0,2.0,17.0,120.0,255.0,493.0,4,577.0
7.0,2.0,36.0,120.0,255.0,493.0,4,790.0
7.0,2.0,36.0,493.0,687.0,790.0,4,900.0
7.0,2.0,17.0,36.0,687.0,790.0,4,900.0
7.0,34.0,345.0,357.0,436.0,774.0,4,975.0
7.0,34.0,436.0,506.0,662.0,685.0,4,974.0
7.0,34.0,506.0,583.0,662.0,685.0,4,974.0
7.0,34.0,357.0,506.0,583.0,974.0,4,975.0
7.0,34.0,357.0,506.0,583.0,974.0,4,975.0
7.0,34.0,357.0,506.0,583.0,662.0,4,974.0
7.0,34.0,167.0,321.0,357.0,583.0,4,774.0
7.0,13.0,91.0,164.0,238.0,418.0,4,439.0
7.0,13.0,230.0,238.0,439.0,920.0,4,1024.0
7.0,13.0,230.0,238.0,439.0,920.0,4,1024.0
7.0,13.0,230.0,238.0,439.0,920.0,4,1024.0
7.0,13.0,164.0,238.0,439.0,920.0,4,1024.0
7.0,13.0,91.0,164.0,238.0,418.0,4,1024.0
7.0,13.0,91.0,164.0,418.0,439.0,4,1024.0
7.0,13.0,91.0,164.0,418.0,439.0,4,867.0
7.0,13.0,91.0,164.0,418.0,439.0,4,920.0
7.0,13.0,91.0,164.0,230.0,418.0,4,920.0
7.0,13.0,91.0,164.0,238.0,418.0,4,439.0
7.0,13.0,91.0,164.0,418.0,439.0,4,1024.0
7.0,13.0,230.0,418.0,439.0,920.0,4,1024.0
7.0,13.0,91.0,164.0,238.0,418.0,4,439.0
7.0,13.0,91.0,230.0,238.0,418.0,4,1024.0
7.0,13.0,91.0,164.0,230.0,238.0,4,439.0
7.0,13.0,91.0,164.0,238.0,418.0,4,439.0
7.0,13.0,91.0,164.0,238.0,418.0,4,439.0
7.0,13.0,91.0,164.0,238.0,418.0,4,439.0
7.0,13.0,164.0,230.0,238.0,920.0,4,1024.0
7.0,13.0,164.0,230.0,238.0,439.0,4,1024.0
7.0,13.0,91.0,164.0,238.0,418.0,4,439.0
7.0,13.0,91.0,164.0,238.0,418.0,4,439.0
7.0,13.0,91.0,164.0,230.0,238.0,4,688.0
7.0,13.0,55.0,230.0,688.0,867.0,4,1024.0
7.0,13.0,91.0,164.0,238.0,418.0,4,439.0
7.0,13.0,91.0,164.0,238.0,418.0,4,688.0
7.0,13.0,91.0,164.0,238.0,418.0,4,439.0
7.0,13.0,91.0,164.0,238.0,418.0,4,439.0
7.0,13.0,91.0,164.0,238.0,418.0,4,688.0
7.0,13.0,55.0,230.0,238.0,418.0,4,688.0
7.0,13.0,55.0,230.0,688.0,867.0,4,1024.0
7.0,13.0,230.0,688.0,867.0,920.0,4,1024.0
7.0,13.0,91.0,164.0,238.0,418.0,4,439.0
7.0,13.0,91.0,164.0,230.0,688.0,4,867.0
7.0,13.0,55.0,230.0,688.0,867.0,4,1024.0
7.0,13.0,91.0,230.0,439.0,688.0,4,1024.0
7.0,13.0,91.0,164.0,238.0,418.0,4,688.0
7.0,13.0,91.0,164.0,230.0,238.0,4,418.0
7.0,10.0,289.0,376.0,573.0,684.0,4,959.0
7.0,10.0,289.0,376.0,573.0,684.0,4,959.0
7.0,10.0,40.0,47.0,234.0,591.0,4,918.0
7.0,10.0,40.0,47.0,234.0,591.0,4,918.0
7.0,10.0,234.0,376.0,591.0,684.0,4,918.0
7.0,10.0,289.0,376.0,383.0,591.0,4,918.0
7.0,10.0,40.0,47.0,376.0,591.0,4,918.0
7.0,10.0,40.0,47.0,234.0,591.0,4,918.0
7.0,10.0,40.0,234.0,376.0,591.0,4,918.0
7.0,28.0,203.0,608.0,754.0,842.0,4,1016.0
7.0,28.0,496.0,608.0,730.0,754.0,4,1016.0
7.0,28.0,203.0,285.0,496.0,701.0,4,730.0
7.0,28.0,203.0,701.0,730.0,842.0,4,1016.0
7.0,28.0,608.0,730.0,754.0,842.0,4,1016.0
7.0,28.0,203.0,496.0,701.0,754.0,4,1016.0
7.0,28.0,203.0,701.0,754.0,842.0,4,1016.0
7.0,28.0,203.0,285.0,496.0,608.0,4,730.0
7.0,28.0,203.0,285.0,496.0,608.0,4,730.0
7.0,13.0,91.0,164.0,238.0,418.0,4,439.0
7.0,13.0,164.0,238.0,418.0,439.0,4,920.0
7.0,13.0,124.0,230.0,688.0,920.0,4,1024.0
7.0,13.0,124.0,230.0,688.0,920.0,4,1024.0
7.0,13.0,91.0,164.0,230.0,238.0,4,688.0
7.0,13.0,91.0,164.0,238.0,418.0,4,439.0
7.0,13.0,91.0,164.0,238.0,418.0,4,439.0
7.0,13.0,91.0,230.0,688.0,920.0,4,1024.0
7.0,13.0,91.0,164.0,238.0,418.0,4,439.0
7.0,13.0,230.0,238.0,688.0,920.0,4,1024.0
7.0,13.0,91.0,164.0,230.0,418.0,4,688.0
7.0,13.0,91.0,164.0,238.0,418.0,4,439.0
7.0,13.0,230.0,439.0,688.0,920.0,4,1024.0
7.0,13.0,124.0,230.0,688.0,920.0,4,1024.0
7.0,13.0,91.0,164.0,238.0,418.0,4,439.0
7.0,13.0,91.0,230.0,238.0,418.0,4,688.0
7.0,13.0,91.0,164.0,238.0,418.0,4,688.0
7.0,13.0,91.0,164.0,238.0,418.0,4,688.0
7.0,13.0,91.0,164.0,238.0,418.0,4,439.0
7.0,13.0,91.0,164.0,238.0,418.0,4,439.0
7.0,13.0,91.0,164.0,238.0,418.0,4,439.0
7.0,13.0,91.0,164.0,238.0,418.0,4,439.0
7.0,13.0,91.0,164.0,238.0,418.0,4,688.0
7.0,13.0,91.0,230.0,418.0,688.0,4,1024.0
7.0,13.0,230.0,439.0,688.0,867.0,4,1024.0
7.0,13.0,91.0,230.0,238.0,688.0,4,1024.0
7.0,13.0,91.0,230.0,238.0,418.0,4,439.0
7.0,13.0,91.0,230.0,238.0,418.0,4,439.0
7.0,7.0,240.0,277.0,524.0,731.0,4,902.0
7.0,7.0,240.0,524.0,731.0,902.0,4,1005.0
7.0,7.0,105.0,277.0,410.0,896.0,4,1005.0
7.0,7.0,105.0,277.0,410.0,896.0,4,1005.0
7.0,7.0,105.0,277.0,410.0,896.0,4,1005.0
7.0,7.0,105.0,277.0,410.0,731.0,4,896.0
7.0,7.0,105.0,410.0,524.0,902.0,4,1005.0
7.0,7.0,105.0,277.0,410.0,896.0,4,1005.0
7.0,7.0,105.0,277.0,410.0,896.0,4,1005.0
7.0,7.0,105.0,277.0,410.0,896.0,4,1005.0
7.0,7.0,105.0,277.0,410.0,731.0,4,896.0
7.0,30.0,559.0,663.0,952.0,953.0,4,963.0
7.0,30.0,217.0,657.0,952.0,953.0,4,963.0
7.0,30.0,217.0,461.0,657.0,953.0,4,963.0
7.0,30.0,217.0,461.0,559.0,657.0,4,785.0
7.0,30.0,559.0,663.0,952.0,953.0,4,963.0
7.0,30.0,217.0,559.0,657.0,953.0,4,963.0
7.0,30.0,217.0,461.0,657.0,953.0,4,963.0
7.0,30.0,217.0,559.0,657.0,785.0,4,952.0
7.0,30.0,217.0,461.0,559.0,953.0,4,963.0
7.0,30.0,217.0,461.0,559.0,953.0,4,963.0
7.0,30.0,73.0,186.0,663.0,689.0,4,739.0
7.0,13.0,91.0,230.0,238.0,418.0,4,439.0
7.0,13.0,55.0,230.0,238.0,418.0,4,439.0
7.0,13.0,55.0,230.0,238.0,418.0,4,439.0
7.0,13.0,55.0,418.0,688.0,867.0,4,1024.0
7.0,13.0,55.0,230.0,238.0,418.0,4,688.0
7.0,13.0,55.0,230.0,238.0,418.0,4,688.0
7.0,13.0,55.0,230.0,418.0,688.0,4,867.0
7.0,13.0,91.0,230.0,238.0,418.0,4,439.0
7.0,13.0,91.0,230.0,238.0,418.0,4,439.0
7.0,13.0,91.0,230.0,238.0,418.0,4,439.0
7.0,13.0,91.0,230.0,238.0,418.0,4,439.0
7.0,13.0,55.0,418.0,688.0,867.0,4,1024.0
7.0,13.0,55.0,238.0,418.0,688.0,4,1024.0
7.0,13.0,91.0,230.0,238.0,418.0,4,439.0
7.0,13.0,230.0,418.0,439.0,688.0,4,867.0
7.0,13.0,91.0,230.0,238.0,418.0,4,688.0
7.0,13.0,55.0,91.0,418.0,688.0,4,1024.0
7.0,13.0,91.0,230.0,238.0,398.0,4,439.0
7.0,13.0,91.0,230.0,238.0,418.0,4,688.0
7.0,13.0,91.0,230.0,238.0,398.0,4,439.0
7.0,13.0,91.0,230.0,238.0,398.0,4,439.0
7.0,13.0,230.0,238.0,398.0,418.0,4,688.0
7.0,13.0,91.0,230.0,238.0,398.0,4,439.0
7.0,13.0,91.0,230.0,238.0,398.0,4,439.0
7.0,13.0,91.0,230.0,238.0,418.0,4,439.0
7.0,13.0,91.0,230.0,238.0,418.0,4,688.0
7.0,13.0,91.0,230.0,418.0,688.0,4,867.0
7.0,13.0,55.0,418.0,688.0,867.0,4,1024.0
7.0,13.0,124.0,649.0,688.0,867.0,4,1024.0
7.0,13.0,124.0,223.0,649.0,867.0,4,1024.0
7.0,13.0,91.0,230.0,238.0,398.0,4,439.0
7.0,13.0,223.0,238.0,418.0,439.0,4,688.0
7.0,13.0,91.0,238.0,398.0,418.0,4,688.0
7.0,13.0,91.0,230.0,238.0,398.0,4,688.0
7.0,13.0,91.0,230.0,238.0,398.0,4,688.0
7.0,13.0,91.0,230.0,238.0,418.0,4,688.0
7.0,13.0,91.0,230.0,238.0,398.0,4,418.0
7.0,13.0,91.0,230.0,398.0,418.0,4,439.0
7.0,13.0,91.0,230.0,398.0,418.0,4,688.0
7.0,23.0,44.0,136.0,388.0,822.0,4,994.0
7.0,23.0,44.0,136.0,388.0,400.0,4,822.0
7.0,23.0,44.0,388.0,400.0,475.0,4,967.0
7.0,23.0,44.0,136.0,388.0,822.0,4,994.0
7.0,23.0,44.0,136.0,400.0,822.0,4,994.0
7.0,23.0,44.0,136.0,400.0,475.0,4,955.0
7.0,23.0,136.0,388.0,400.0,822.0,4,994.0
7.0,23.0,136.0,400.0,822.0,955.0,4,994.0
7.0,12.0,237.0,350.0,611.0,788.0,4,856.0
7.0,12.0,216.0,350.0,638.0,788.0,4,856.0
7.0,12.0,216.0,350.0,638.0,788.0,4,856.0
7.0,12.0,126.0,216.0,386.0,611.0,4,638.0
7.0,12.0,237.0,350.0,611.0,788.0,4,856.0
7.0,12.0,216.0,350.0,386.0,611.0,4,788.0
7.0,12.0,126.0,216.0,386.0,611.0,4,788.0
7.0,12.0,126.0,216.0,386.0,611.0,4,788.0
7.0,9.0,39.0,366.0,604.0,845.0,4,1019.0
7.0,9.0,108.0,366.0,535.0,604.0,4,845.0
7.0,9.0,39.0,108.0,366.0,535.0,4,574.0
7.0,9.0,108.0,366.0,535.0,845.0,4,1019.0
7.0,9.0,39.0,535.0,574.0,604.0,4,845.0
7.0,4.0,486.0,718.0,743.0,936.0,4,964.0
7.0,4.0,134.0,194.0,486.0,487.0,4,715.0
7.0,4.0,134.0,194.0,486.0,487.0,4,715.0
7.0,4.0,134.0,194.0,486.0,715.0,4,936.0
7.0,4.0,134.0,194.0,486.0,715.0,4,936.0
7.0,4.0,486.0,487.0,718.0,936.0,4,964.0
7.0,4.0,486.0,487.0,718.0,936.0,4,964.0
7.0,4.0,486.0,487.0,718.0,936.0,4,964.0
7.0,32.0,34.0,241.0,511.0,602.0,4,944.0
7.0,32.0,34.0,241.0,511.0,602.0,4,944.0
7.0,32.0,34.0,370.0,511.0,602.0,4,944.0
7.0,32.0,370.0,511.0,602.0,784.0,4,944.0
7.0,32.0,505.0,511.0,602.0,925.0,4,944.0
7.0,17.0,328.0,354.0,502.0,587.0,4,642.0
7.0,17.0,137.0,502.0,587.0,642.0,4,727.0
7.0,17.0,137.0,354.0,502.0,642.0,4,727.0
7.0,17.0,137.0,354.0,587.0,642.0,4,727.0
7.0,17.0,109.0,328.0,354.0,502.0,4,587.0
7.0,17.0,109.0,137.0,328.0,354.0,4,502.0
7.0,17.0,109.0,137.0,328.0,502.0,4,741.0
7.0,17.0,109.0,328.0,354.0,727.0,4,741.0
7.0,17.0,328.0,354.0,587.0,727.0,4,741.0
7.0,13.0,91.0,230.0,238.0,398.0,4,688.0
7.0,13.0,380.0,418.0,439.0,867.0,4,1024.0
7.0,13.0,238.0,398.0,418.0,439.0,4,688.0
7.0,13.0,91.0,230.0,238.0,398.0,4,688.0
7.0,13.0,91.0,230.0,238.0,398.0,4,688.0
7.0,13.0,91.0,238.0,398.0,418.0,4,688.0
7.0,13.0,238.0,380.0,398.0,418.0,4,688.0
7.0,10.0,40.0,47.0,234.0,591.0,4,918.0
7.0,10.0,40.0,47.0,234.0,376.0,4,918.0
7.0,10.0,40.0,47.0,234.0,376.0,4,918.0
7.0,10.0,47.0,289.0,376.0,517.0,4,918.0
7.0,10.0,289.0,376.0,517.0,591.0,4,684.0
7.0,10.0,289.0,376.0,517.0,591.0,4,684.0
7.0,10.0,40.0,47.0,234.0,591.0,4,918.0
7.0,10.0,40.0,47.0,234.0,591.0,4,918.0
7.0,10.0,40.0,234.0,376.0,684.0,4,918.0
7.0,10.0,234.0,376.0,517.0,684.0,4,918.0
7.0,10.0,40.0,47.0,234.0,591.0,4,918.0
7.0,10.0,40.0,234.0,289.0,591.0,4,918.0
7.0,13.0,91.0,230.0,398.0,688.0,4,867.0
7.0,13.0,91.0,230.0,418.0,688.0,4,867.0
7.0,13.0,91.0,230.0,418.0,439.0,4,867.0
7.0,13.0,91.0,380.0,418.0,439.0,4,1024.0
7.0,13.0,91.0,230.0,238.0,398.0,4,688.0
7.0,13.0,91.0,230.0,238.0,418.0,4,688.0
7.0,13.0,91.0,230.0,238.0,418.0,4,439.0
7.0,13.0,91.0,418.0,439.0,867.0,4,1024.0
7.0,13.0,238.0,380.0,418.0,439.0,4,1024.0
7.0,13.0,238.0,380.0,418.0,439.0,4,1024.0
7.0,13.0,91.0,230.0,238.0,418.0,4,439.0
7.0,13.0,91.0,230.0,238.0,418.0,4,688.0
7.0,8.0,397.0,811.0,957.0,984.0,4,1027.0
7.0,8.0,229.0,332.0,801.0,811.0,4,957.0
7.0,8.0,397.0,571.0,801.0,811.0,4,984.0
7.0,8.0,397.0,571.0,811.0,984.0,4,1027.0
7.0,8.0,397.0,571.0,811.0,984.0,4,1027.0
7.0,8.0,397.0,571.0,811.0,984.0,4,1027.0
7.0,8.0,229.0,801.0,957.0,984.0,4,1027.0
7.0,8.0,229.0,801.0,811.0,957.0,4,984.0
7.0,13.0,91.0,418.0,439.0,688.0,4,1024.0
7.0,13.0,91.0,418.0,439.0,688.0,4,1024.0
7.0,13.0,91.0,230.0,418.0,439.0,4,688.0
7.0,13.0,91.0,230.0,238.0,418.0,4,688.0
7.0,13.0,91.0,418.0,439.0,688.0,4,1024.0
7.0,13.0,238.0,418.0,439.0,688.0,4,1024.0
7.0,13.0,91.0,230.0,238.0,418.0,4,688.0
7.0,13.0,91.0,230.0,238.0,418.0,4,688.0
7.0,13.0,91.0,230.0,238.0,418.0,4,688.0
7.0,13.0,91.0,230.0,238.0,439.0,4,1024.0
7.0,13.0,238.0,418.0,439.0,823.0,4,1024.0
7.0,13.0,91.0,230.0,238.0,418.0,4,688.0
7.0,13.0,91.0,230.0,238.0,418.0,4,688.0
7.0,13.0,230.0,238.0,418.0,439.0,4,688.0
7.0,13.0,238.0,418.0,439.0,688.0,4,1024.0
7.0,13.0,238.0,418.0,439.0,688.0,4,1024.0
7.0,13.0,91.0,230.0,238.0,418.0,4,688.0
7.0,13.0,91.0,164.0,238.0,418.0,4,688.0
7.0,13.0,91.0,230.0,238.0,418.0,4,688.0
7.0,13.0,230.0,238.0,380.0,418.0,4,688.0
7.0,13.0,230.0,238.0,380.0,688.0,4,1024.0
7.0,13.0,230.0,380.0,439.0,867.0,4,1024.0
7.0,13.0,230.0,380.0,439.0,867.0,4,1024.0
7.0,13.0,164.0,238.0,380.0,439.0,4,1024.0
7.0,13.0,91.0,164.0,238.0,439.0,4,1024.0
7.0,13.0,91.0,164.0,238.0,418.0,4,688.0
7.0,13.0,91.0,164.0,238.0,418.0,4,688.0
7.0,13.0,91.0,164.0,238.0,418.0,4,688.0
7.0,13.0,230.0,380.0,418.0,688.0,4,867.0
7.0,13.0,230.0,380.0,439.0,867.0,4,1024.0
7.0,13.0,230.0,380.0,439.0,867.0,4,1024.0
7.0,13.0,55.0,230.0,439.0,867.0,4,1024.0
7.0,13.0,55.0,230.0,439.0,867.0,4,877.0
7.0,13.0,55.0,230.0,823.0,867.0,4,877.0
7.0,13.0,55.0,230.0,823.0,867.0,4,877.0
7.0,13.0,91.0,164.0,238.0,418.0,4,688.0
7.0,13.0,91.0,164.0,230.0,380.0,4,418.0
7.0,13.0,230.0,380.0,418.0,439.0,4,867.0
7.0,13.0,230.0,238.0,380.0,439.0,4,823.0
7.0,13.0,91.0,164.0,238.0,418.0,4,688.0
7.0,13.0,91.0,164.0,238.0,418.0,4,688.0
7.0,13.0,91.0,164.0,418.0,439.0,4,688.0
7.0,13.0,91.0,230.0,418.0,439.0,4,823.0
7.0,13.0,91.0,164.0,230.0,439.0,4,867.0
7.0,13.0,91.0,164.0,230.0,238.0,4,439.0
7.0,13.0,91.0,164.0,230.0,238.0,4,418.0
7.0,13.0,91.0,164.0,238.0,418.0,4,688.0
7.0,13.0,91.0,164.0,238.0,418.0,4,688.0
7.0,13.0,91.0,164.0,238.0,418.0,4,688.0
7.0,13.0,230.0,380.0,439.0,867.0,4,1024.0
7.0,13.0,91.0,164.0,238.0,418.0,4,439.0
7.0,13.0,91.0,164.0,418.0,439.0,4,688.0
7.0,13.0,91.0,164.0,230.0,238.0,4,823.0
7.0,13.0,91.0,164.0,230.0,238.0,4,418.0
7.0,15.0,302.0,593.0,719.0,749.0,4,960.0
7.0,15.0,426.0,593.0,719.0,749.0,4,960.0
7.0,15.0,426.0,593.0,714.0,719.0,4,960.0
7.0,15.0,426.0,593.0,714.0,719.0,4,960.0
7.0,15.0,188.0,426.0,714.0,960.0,4,1036.0
7.0,15.0,188.0,426.0,714.0,719.0,4,1036.0
7.0,15.0,188.0,593.0,659.0,749.0,4,960.0
7.0,15.0,426.0,593.0,719.0,749.0,4,960.0
7.0,15.0,659.0,714.0,719.0,960.0,4,1036.0
7.0,15.0,188.0,659.0,714.0,719.0,4,1036.0
7.0,24.0,576.0,750.0,825.0,888.0,4,947.0
7.0,24.0,471.0,576.0,750.0,825.0,4,888.0
7.0,24.0,254.0,471.0,576.0,750.0,4,825.0
7.0,24.0,254.0,471.0,750.0,825.0,4,888.0
7.0,24.0,254.0,576.0,825.0,863.0,4,888.0
7.0,24.0,576.0,825.0,863.0,888.0,4,947.0
7.0,24.0,576.0,863.0,888.0,926.0,4,947.0
7.0,24.0,471.0,576.0,750.0,825.0,4,888.0
7.0,24.0,254.0,471.0,576.0,750.0,4,825.0
7.0,24.0,254.0,471.0,576.0,750.0,4,825.0
7.0,24.0,254.0,471.0,576.0,750.0,4,825.0
7.0,24.0,254.0,471.0,576.0,825.0,4,888.0
7.0,22.0,16.0,58.0,117.0,320.0,4,369.0
7.0,22.0,26.0,60.0,77.0,639.0,4,990.0
7.0,22.0,16.0,58.0,77.0,369.0,4,990.0
7.0,22.0,16.0,58.0,117.0,369.0,4,990.0
7.0,22.0,26.0,58.0,77.0,320.0,4,990.0
7.0,22.0,26.0,60.0,77.0,639.0,4,990.0
7.0,22.0,58.0,77.0,320.0,466.0,4,990.0
7.0,22.0,16.0,26.0,58.0,77.0,4,320.0
7.0,13.0,91.0,164.0,238.0,418.0,4,688.0
7.0,13.0,91.0,164.0,238.0,418.0,4,688.0
7.0,13.0,91.0,164.0,238.0,418.0,4,688.0
7.0,13.0,91.0,164.0,230.0,238.0,4,688.0
7.0,13.0,91.0,164.0,238.0,688.0,4,1024.0
7.0,13.0,91.0,164.0,238.0,439.0,4,1024.0
7.0,13.0,91.0,230.0,238.0,439.0,4,1024.0
7.0,13.0,91.0,230.0,356.0,439.0,4,1024.0
7.0,13.0,91.0,164.0,230.0,238.0,4,688.0
7.0,13.0,91.0,164.0,230.0,238.0,4,688.0
7.0,13.0,91.0,164.0,230.0,238.0,4,688.0
7.0,13.0,91.0,164.0,230.0,238.0,4,688.0
7.0,13.0,91.0,164.0,238.0,688.0,4,1024.0
7.0,13.0,91.0,230.0,238.0,439.0,4,1024.0
7.0,13.0,91.0,164.0,380.0,439.0,4,1024.0
7.0,13.0,91.0,164.0,238.0,688.0,4,1024.0
7.0,13.0,91.0,164.0,230.0,238.0,4,688.0
7.0,13.0,91.0,164.0,230.0,238.0,4,688.0
7.0,13.0,91.0,164.0,230.0,238.0,4,688.0
7.0,13.0,230.0,380.0,439.0,867.0,4,1024.0
7.0,13.0,230.0,380.0,439.0,823.0,4,867.0
7.0,13.0,356.0,439.0,823.0,867.0,4,1024.0
7.0,27.0,359.0,624.0,668.0,680.0,4,901.0
7.0,27.0,359.0,624.0,668.0,777.0,4,901.0
7.0,27.0,359.0,624.0,668.0,777.0,4,901.0
7.0,27.0,23.0,393.0,624.0,668.0,4,777.0
7.0,27.0,23.0,351.0,359.0,393.0,4,777.0
7.0,27.0,23.0,351.0,359.0,668.0,4,777.0
7.0,27.0,351.0,359.0,680.0,777.0,4,901.0
7.0,27.0,351.0,359.0,680.0,777.0,4,901.0
7.0,14.0,488.0,518.0,840.0,1015.0,4,1028.0
7.0,14.0,488.0,518.0,573.0,786.0,4,1015.0
7.0,14.0,569.0,658.0,840.0,868.0,4,1015.0
7.0,13.0,216.0,230.0,380.0,418.0,4,867.0
7.0,13.0,91.0,164.0,230.0,238.0,4,688.0
7.0,13.0,91.0,164.0,230.0,238.0,4,688.0
7.0,13.0,91.0,164.0,230.0,238.0,4,688.0
7.0,13.0,91.0,216.0,230.0,356.0,4,1024.0
7.0,13.0,216.0,230.0,356.0,380.0,4,1024.0
7.0,13.0,91.0,164.0,230.0,238.0,4,688.0
7.0,13.0,91.0,164.0,216.0,356.0,4,1024.0
7.0,13.0,216.0,230.0,238.0,380.0,4,1024.0
7.0,13.0,91.0,164.0,216.0,230.0,4,238.0
7.0,13.0,91.0,164.0,230.0,238.0,4,688.0
7.0,13.0,91.0,230.0,238.0,688.0,4,1024.0
7.0,13.0,91.0,164.0,230.0,238.0,4,688.0
7.0,13.0,216.0,230.0,356.0,380.0,4,688.0
7.0,13.0,91.0,164.0,238.0,688.0,4,1024.0
7.0,13.0,91.0,164.0,216.0,238.0,4,1024.0
7.0,13.0,216.0,230.0,356.0,380.0,4,1024.0
7.0,13.0,91.0,164.0,216.0,230.0,4,238.0
7.0,13.0,91.0,164.0,216.0,238.0,4,1024.0
7.0,13.0,91.0,164.0,216.0,356.0,4,1024.0
7.0,13.0,91.0,216.0,230.0,356.0,4,1024.0
7.0,13.0,91.0,164.0,230.0,238.0,4,688.0
7.0,13.0,91.0,164.0,230.0,238.0,4,688.0
7.0,33.0,258.0,318.0,361.0,829.0,4,976.0
7.0,33.0,318.0,361.0,470.0,829.0,4,976.0
7.0,33.0,21.0,318.0,361.0,470.0,4,976.0
7.0,33.0,21.0,258.0,271.0,470.0,4,829.0
7.0,33.0,21.0,271.0,318.0,829.0,4,861.0
7.0,33.0,258.0,318.0,361.0,829.0,4,976.0
7.0,13.0,91.0,164.0,238.0,688.0,4,1024.0
7.0,13.0,91.0,216.0,356.0,823.0,4,1024.0
7.0,13.0,216.0,356.0,380.0,823.0,4,1024.0
7.0,13.0,91.0,164.0,216.0,238.0,4,1024.0
7.0,13.0,91.0,164.0,356.0,688.0,4,823.0
7.0,13.0,91.0,164.0,238.0,688.0,4,1024.0
7.0,13.0,91.0,164.0,216.0,356.0,4,823.0
7.0,13.0,91.0,164.0,238.0,823.0,4,1024.0
7.0,13.0,91.0,164.0,238.0,688.0,4,1024.0
7.0,13.0,91.0,238.0,688.0,823.0,4,1024.0
7.0,8.0,397.0,571.0,811.0,984.0,4,1027.0
7.0,8.0,397.0,571.0,801.0,811.0,4,984.0
7.0,8.0,332.0,397.0,571.0,801.0,4,984.0
7.0,8.0,1.0,229.0,332.0,397.0,4,801.0
7.0,8.0,1.0,229.0,332.0,397.0,4,1027.0
7.0,8.0,1.0,571.0,957.0,984.0,4,1027.0
7.0,8.0,571.0,811.0,957.0,984.0,4,1027.0
7.0,8.0,397.0,811.0,957.0,984.0,4,1027.0
7.0,8.0,1.0,332.0,397.0,571.0,4,801.0
7.0,8.0,1.0,229.0,332.0,397.0,4,801.0
7.0,8.0,1.0,229.0,332.0,397.0,4,984.0
7.0,8.0,1.0,229.0,397.0,984.0,4,1027.0
7.0,8.0,1.0,397.0,571.0,984.0,4,1027.0
7.0,8.0,397.0,571.0,811.0,984.0,4,1027.0
7.0,13.0,91.0,164.0,230.0,238.0,4,688.0
7.0,13.0,91.0,164.0,238.0,418.0,4,688.0
7.0,13.0,91.0,164.0,238.0,418.0,4,688.0
7.0,13.0,91.0,164.0,238.0,418.0,4,688.0
7.0,13.0,91.0,164.0,230.0,238.0,4,688.0
7.0,13.0,91.0,164.0,238.0,418.0,4,688.0
7.0,13.0,216.0,230.0,356.0,380.0,4,418.0
7.0,13.0,91.0,164.0,238.0,418.0,4,688.0
7.0,13.0,91.0,164.0,230.0,238.0,4,688.0
7.0,13.0,91.0,164.0,230.0,356.0,4,688.0
7.0,13.0,230.0,238.0,380.0,418.0,4,439.0
7.0,13.0,91.0,164.0,230.0,238.0,4,688.0
7.0,13.0,91.0,164.0,230.0,238.0,4,688.0
7.0,13.0,216.0,230.0,356.0,380.0,4,418.0
7.0,13.0,91.0,216.0,230.0,238.0,4,418.0
7.0,22.0,16.0,60.0,369.0,466.0,4,990.0
7.0,22.0,16.0,26.0,60.0,466.0,4,990.0
7.0,22.0,26.0,60.0,466.0,639.0,4,990.0
7.0,22.0,16.0,58.0,222.0,369.0,4,990.0
7.0,22.0,16.0,58.0,60.0,222.0,4,369.0
7.0,22.0,16.0,26.0,58.0,60.0,4,990.0
7.0,22.0,16.0,26.0,58.0,60.0,4,222.0
7.0,22.0,26.0,58.0,222.0,639.0,4,990.0
7.0,22.0,26.0,58.0,222.0,639.0,4,990.0
7.0,7.0,277.0,524.0,731.0,874.0,4,902.0
7.0,7.0,240.0,267.0,277.0,410.0,4,1005.0
7.0,7.0,105.0,267.0,277.0,410.0,4,731.0
7.0,7.0,267.0,731.0,874.0,902.0,4,1005.0
7.0,7.0,105.0,277.0,524.0,731.0,4,902.0
7.0,7.0,105.0,277.0,410.0,524.0,4,1005.0
7.0,7.0,105.0,267.0,410.0,902.0,4,1005.0
7.0,7.0,105.0,267.0,277.0,410.0,4,1005.0
7.0,11.0,145.0,425.0,472.0,768.0,4,943.0
7.0,11.0,145.0,281.0,425.0,472.0,4,768.0
7.0,11.0,145.0,281.0,391.0,425.0,4,769.0
7.0,11.0,281.0,338.0,391.0,425.0,4,769.0
7.0,11.0,281.0,338.0,391.0,425.0,4,769.0
7.0,11.0,145.0,425.0,472.0,768.0,4,769.0
7.0,11.0,145.0,425.0,472.0,768.0,4,943.0
7.0,11.0,145.0,281.0,391.0,425.0,4,943.0
7.0,11.0,145.0,281.0,425.0,472.0,4,768.0
7.0,18.0,181.0,362.0,579.0,580.0,4,834.0
7.0,18.0,181.0,362.0,396.0,579.0,4,834.0
7.0,18.0,150.0,218.0,396.0,580.0,4,836.0
7.0,18.0,150.0,218.0,396.0,580.0,4,836.0
7.0,18.0,150.0,218.0,396.0,580.0,4,836.0
7.0,18.0,150.0,218.0,396.0,580.0,4,836.0
7.0,18.0,150.0,362.0,579.0,580.0,4,834.0
7.0,18.0,150.0,218.0,396.0,579.0,4,836.0
7.0,18.0,150.0,218.0,396.0,836.0,4,892.0
7.0,18.0,150.0,218.0,396.0,836.0,4,892.0
7.0,18.0,150.0,362.0,396.0,836.0,4,892.0
7.0,27.0,146.0,319.0,359.0,726.0,4,777.0
7.0,27.0,146.0,351.0,359.0,726.0,4,777.0
7.0,27.0,319.0,351.0,393.0,668.0,4,680.0
7.0,27.0,351.0,359.0,668.0,680.0,4,777.0
7.0,27.0,146.0,319.0,359.0,726.0,4,777.0
7.0,27.0,319.0,351.0,680.0,726.0,4,777.0
7.0,13.0,91.0,164.0,230.0,238.0,4,688.0
7.0,13.0,230.0,356.0,398.0,439.0,4,688.0
7.0,13.0,91.0,164.0,230.0,238.0,4,688.0
7.0,13.0,91.0,164.0,230.0,238.0,4,688.0
7.0,13.0,91.0,164.0,230.0,238.0,4,688.0
7.0,13.0,91.0,164.0,238.0,398.0,4,688.0
7.0,13.0,91.0,164.0,230.0,238.0,4,688.0
7.0,13.0,91.0,164.0,230.0,238.0,4,688.0
7.0,13.0,91.0,164.0,230.0,238.0,4,398.0
7.0,13.0,91.0,164.0,238.0,398.0,4,688.0
7.0,13.0,91.0,164.0,230.0,238.0,4,688.0
7.0,13.0,91.0,164.0,230.0,238.0,4,688.0
7.0,13.0,230.0,356.0,398.0,439.0,4,1024.0
7.0,13.0,91.0,230.0,356.0,398.0,4,688.0
7.0,13.0,91.0,164.0,238.0,398.0,4,688.0
7.0,13.0,164.0,230.0,238.0,439.0,4,688.0
7.0,13.0,91.0,164.0,238.0,398.0,4,688.0
7.0,13.0,91.0,164.0,230.0,238.0,4,439.0
7.0,13.0,230.0,356.0,380.0,398.0,4,439.0
7.0,13.0,230.0,356.0,439.0,823.0,4,1024.0
7.0,13.0,91.0,164.0,230.0,356.0,4,439.0
7.0,13.0,91.0,164.0,238.0,398.0,4,688.0
7.0,13.0,91.0,164.0,238.0,398.0,4,688.0
7.0,13.0,164.0,238.0,380.0,398.0,4,688.0
7.0,13.0,164.0,238.0,380.0,398.0,4,688.0
7.0,13.0,91.0,164.0,230.0,238.0,4,688.0
7.0,13.0,91.0,164.0,230.0,380.0,4,823.0
7.0,13.0,164.0,230.0,356.0,380.0,4,823.0
7.0,13.0,91.0,230.0,356.0,398.0,4,688.0
7.0,13.0,230.0,356.0,380.0,418.0,4,439.0
7.0,13.0,230.0,238.0,380.0,418.0,4,439.0
7.0,13.0,91.0,238.0,398.0,418.0,4,439.0
7.0,13.0,91.0,164.0,238.0,398.0,4,688.0
7.0,13.0,91.0,164.0,238.0,398.0,4,688.0
7.0,13.0,91.0,164.0,238.0,398.0,4,418.0
7.0,13.0,91.0,164.0,356.0,398.0,4,688.0
7.0,13.0,91.0,164.0,230.0,356.0,4,688.0
7.0,13.0,91.0,230.0,356.0,398.0,4,418.0
7.0,13.0,230.0,238.0,356.0,398.0,4,418.0
7.0,13.0,91.0,164.0,238.0,398.0,4,418.0
7.0,13.0,91.0,164.0,238.0,398.0,4,418.0
7.0,13.0,91.0,164.0,238.0,398.0,4,688.0
7.0,13.0,230.0,356.0,380.0,418.0,4,439.0
7.0,13.0,230.0,356.0,380.0,418.0,4,439.0
7.0,13.0,91.0,164.0,238.0,398.0,4,688.0
7.0,13.0,91.0,164.0,238.0,418.0,4,688.0
7.0,13.0,91.0,164.0,238.0,418.0,4,688.0
7.0,13.0,230.0,356.0,380.0,418.0,4,439.0
7.0,13.0,230.0,356.0,380.0,418.0,4,439.0
7.0,13.0,230.0,356.0,380.0,418.0,4,439.0
7.0,13.0,230.0,356.0,380.0,418.0,4,439.0
7.0,13.0,230.0,238.0,380.0,418.0,4,688.0
7.0,28.0,203.0,285.0,754.0,842.0,4,1016.0
7.0,28.0,203.0,285.0,754.0,842.0,4,1016.0
7.0,28.0,203.0,285.0,754.0,842.0,4,1016.0
7.0,28.0,203.0,285.0,754.0,842.0,4,1016.0
7.0,28.0,128.0,301.0,496.0,951.0,4,1017.0
7.0,28.0,28.0,128.0,701.0,1002.0,4,1017.0
7.0,28.0,28.0,128.0,301.0,842.0,4,951.0
7.0,28.0,28.0,128.0,701.0,1002.0,4,1017.0
7.0,28.0,28.0,128.0,496.0,1002.0,4,1017.0
7.0,11.0,145.0,294.0,425.0,472.0,4,769.0
7.0,11.0,338.0,472.0,768.0,769.0,4,781.0
7.0,11.0,145.0,294.0,338.0,425.0,4,472.0
7.0,11.0,1.0,145.0,294.0,338.0,4,425.0
7.0,11.0,145.0,338.0,425.0,472.0,4,768.0
7.0,11.0,145.0,294.0,425.0,472.0,4,769.0
7.0,11.0,145.0,294.0,338.0,472.0,4,769.0
7.0,11.0,1.0,145.0,338.0,768.0,4,769.0
7.0,11.0,1.0,145.0,338.0,768.0,4,769.0
7.0,11.0,1.0,338.0,425.0,768.0,4,769.0
7.0,11.0,294.0,338.0,425.0,472.0,4,769.0
7.0,11.0,294.0,338.0,425.0,472.0,4,769.0
7.0,11.0,145.0,294.0,338.0,425.0,4,472.0
7.0,11.0,145.0,294.0,425.0,472.0,4,768.0
7.0,11.0,145.0,294.0,425.0,472.0,4,769.0
7.0,11.0,1.0,294.0,338.0,425.0,4,769.0
7.0,11.0,1.0,294.0,338.0,425.0,4,769.0
7.0,11.0,1.0,145.0,338.0,472.0,4,768.0
7.0,11.0,145.0,294.0,338.0,425.0,4,472.0
7.0,11.0,145.0,294.0,425.0,472.0,4,768.0
7.0,11.0,145.0,294.0,425.0,472.0,4,769.0
7.0,11.0,1.0,338.0,425.0,768.0,4,769.0
7.0,11.0,1.0,338.0,425.0,768.0,4,769.0
7.0,11.0,1.0,281.0,368.0,853.0,4,943.0
7.0,33.0,258.0,318.0,361.0,417.0,4,829.0
7.0,33.0,318.0,361.0,504.0,829.0,4,861.0
7.0,33.0,21.0,318.0,361.0,504.0,4,861.0
7.0,33.0,21.0,318.0,504.0,717.0,4,829.0
7.0,33.0,21.0,318.0,504.0,717.0,4,829.0
7.0,33.0,21.0,258.0,361.0,504.0,4,717.0
7.0,33.0,21.0,318.0,361.0,417.0,4,717.0
7.0,28.0,203.0,608.0,754.0,842.0,4,1016.0
7.0,28.0,285.0,608.0,730.0,754.0,4,842.0
7.0,28.0,203.0,608.0,730.0,842.0,4,1016.0
7.0,28.0,203.0,608.0,754.0,842.0,4,1016.0
7.0,28.0,203.0,285.0,608.0,754.0,4,1016.0
7.0,28.0,203.0,285.0,730.0,754.0,4,842.0
7.0,11.0,145.0,294.0,425.0,472.0,4,769.0
7.0,11.0,145.0,294.0,425.0,472.0,4,769.0
7.0,11.0,145.0,294.0,425.0,472.0,4,781.0
7.0,11.0,145.0,294.0,425.0,472.0,4,768.0
7.0,11.0,145.0,425.0,472.0,768.0,4,769.0
7.0,11.0,338.0,425.0,768.0,769.0,4,781.0
7.0,11.0,145.0,294.0,425.0,472.0,4,781.0
7.0,11.0,145.0,294.0,425.0,768.0,4,781.0
7.0,11.0,145.0,294.0,425.0,769.0,4,781.0
7.0,11.0,425.0,472.0,768.0,769.0,4,943.0
7.0,11.0,472.0,768.0,769.0,781.0,4,943.0
7.0,11.0,145.0,294.0,425.0,472.0,4,943.0
7.0,11.0,145.0,294.0,425.0,472.0,4,769.0
7.0,11.0,145.0,294.0,425.0,781.0,4,943.0
7.0,11.0,145.0,425.0,472.0,768.0,4,769.0
7.0,11.0,145.0,425.0,472.0,768.0,4,769.0
7.0,11.0,145.0,472.0,768.0,781.0,4,943.0
7.0,11.0,145.0,294.0,425.0,472.0,4,943.0
7.0,26.0,107.0,223.0,384.0,422.0,4,620.0
7.0,26.0,107.0,223.0,384.0,422.0,4,620.0
7.0,26.0,107.0,223.0,422.0,620.0,4,965.0
7.0,26.0,223.0,333.0,914.0,948.0,4,965.0
7.0,26.0,333.0,422.0,914.0,948.0,4,965.0
7.0,26.0,333.0,422.0,620.0,948.0,4,965.0
7.0,26.0,107.0,223.0,333.0,422.0,4,620.0
7.0,26.0,333.0,422.0,914.0,948.0,4,965.0
7.0,26.0,333.0,422.0,914.0,948.0,4,965.0
7.0,23.0,44.0,136.0,388.0,400.0,4,822.0
7.0,23.0,44.0,136.0,400.0,700.0,4,778.0
7.0,23.0,33.0,136.0,388.0,822.0,4,955.0
7.0,23.0,136.0,388.0,400.0,575.0,4,822.0
7.0,23.0,136.0,388.0,400.0,575.0,4,822.0
7.0,23.0,44.0,136.0,388.0,400.0,4,822.0
7.0,23.0,44.0,136.0,388.0,400.0,4,822.0
7.0,23.0,44.0,136.0,400.0,700.0,4,822.0
7.0,23.0,44.0,136.0,400.0,700.0,4,822.0
7.0,23.0,136.0,388.0,575.0,822.0,4,955.0
7.0,23.0,44.0,136.0,388.0,400.0,4,822.0
7.0,23.0,44.0,136.0,388.0,400.0,4,822.0
7.0,11.0,145.0,294.0,425.0,781.0,4,943.0
7.0,11.0,145.0,294.0,425.0,781.0,4,943.0
7.0,11.0,281.0,338.0,472.0,769.0,4,781.0
7.0,11.0,281.0,294.0,338.0,472.0,4,781.0
7.0,11.0,145.0,281.0,294.0,425.0,4,472.0
7.0,11.0,145.0,294.0,425.0,472.0,4,943.0
7.0,11.0,145.0,425.0,769.0,781.0,4,943.0
7.0,11.0,145.0,425.0,769.0,781.0,4,943.0
7.0,11.0,145.0,425.0,769.0,781.0,4,943.0
7.0,11.0,281.0,338.0,472.0,769.0,4,781.0
7.0,11.0,145.0,294.0,425.0,781.0,4,943.0
7.0,11.0,145.0,294.0,425.0,781.0,4,943.0
7.0,11.0,145.0,294.0,425.0,472.0,4,769.0
7.0,11.0,281.0,338.0,425.0,472.0,4,769.0
7.0,11.0,145.0,425.0,769.0,781.0,4,943.0
7.0,11.0,145.0,425.0,769.0,781.0,4,943.0
7.0,11.0,145.0,294.0,425.0,781.0,4,943.0
7.0,11.0,145.0,294.0,425.0,472.0,4,769.0
7.0,11.0,1.0,281.0,338.0,769.0,4,943.0
7.0,11.0,1.0,281.0,338.0,768.0,4,769.0
7.0,7.0,240.0,277.0,410.0,896.0,4,1005.0
7.0,7.0,524.0,731.0,874.0,902.0,4,1005.0
7.0,7.0,731.0,874.0,896.0,902.0,4,1005.0
7.0,7.0,240.0,731.0,896.0,902.0,4,1005.0
7.0,7.0,240.0,277.0,410.0,896.0,4,1005.0
7.0,7.0,277.0,410.0,731.0,874.0,4,896.0
7.0,7.0,277.0,524.0,731.0,874.0,4,902.0
7.0,11.0,145.0,294.0,472.0,781.0,4,943.0
7.0,11.0,145.0,294.0,338.0,769.0,4,781.0
7.0,11.0,1.0,145.0,294.0,472.0,4,943.0
7.0,11.0,1.0,145.0,294.0,781.0,4,943.0
7.0,11.0,1.0,145.0,294.0,472.0,4,943.0
7.0,11.0,1.0,294.0,338.0,781.0,4,943.0
7.0,11.0,1.0,338.0,472.0,768.0,4,769.0
7.0,11.0,1.0,145.0,472.0,768.0,4,769.0
7.0,11.0,145.0,294.0,472.0,769.0,4,781.0
7.0,15.0,593.0,714.0,941.0,960.0,4,1036.0
7.0,15.0,302.0,484.0,714.0,941.0,4,1036.0
7.0,15.0,302.0,484.0,714.0,719.0,4,1036.0
7.0,15.0,302.0,484.0,509.0,719.0,4,749.0
7.0,15.0,302.0,749.0,941.0,960.0,4,1036.0
7.0,15.0,593.0,714.0,941.0,960.0,4,1036.0
7.0,11.0,145.0,294.0,472.0,781.0,4,943.0
7.0,11.0,145.0,294.0,472.0,781.0,4,943.0
7.0,11.0,145.0,294.0,338.0,781.0,4,943.0
7.0,11.0,1.0,145.0,338.0,768.0,4,769.0
7.0,11.0,1.0,145.0,338.0,768.0,4,769.0
7.0,11.0,1.0,145.0,294.0,781.0,4,943.0
7.0,11.0,1.0,145.0,294.0,781.0,4,943.0
7.0,11.0,145.0,338.0,768.0,781.0,4,943.0
7.0,11.0,145.0,294.0,338.0,769.0,4,781.0
7.0,11.0,1.0,145.0,294.0,769.0,4,781.0
7.0,11.0,1.0,338.0,768.0,769.0,4,781.0
7.0,11.0,1.0,145.0,338.0,768.0,4,769.0
7.0,11.0,1.0,145.0,338.0,768.0,4,943.0
7.0,11.0,1.0,145.0,338.0,769.0,4,943.0
7.0,11.0,1.0,281.0,768.0,769.0,4,853.0
7.0,11.0,145.0,294.0,425.0,781.0,4,943.0
7.0,11.0,145.0,294.0,425.0,781.0,4,943.0
7.0,11.0,1.0,145.0,294.0,338.0,4,769.0
7.0,11.0,1.0,338.0,768.0,769.0,4,781.0
7.0,11.0,145.0,425.0,768.0,781.0,4,943.0
7.0,11.0,1.0,145.0,294.0,425.0,4,943.0
7.0,11.0,145.0,294.0,425.0,781.0,4,943.0
7.0,11.0,145.0,425.0,768.0,781.0,4,943.0
7.0,30.0,100.0,217.0,559.0,953.0,4,963.0
7.0,30.0,217.0,559.0,663.0,785.0,4,952.0
7.0,30.0,100.0,559.0,657.0,953.0,4,963.0
7.0,30.0,559.0,657.0,952.0,953.0,4,963.0
7.0,30.0,559.0,657.0,689.0,953.0,4,963.0
7.0,30.0,657.0,663.0,689.0,953.0,4,963.0
7.0,30.0,657.0,663.0,689.0,953.0,4,963.0
7.0,30.0,657.0,663.0,689.0,953.0,4,963.0
7.0,30.0,657.0,663.0,689.0,952.0,4,963.0
7.0,30.0,217.0,657.0,663.0,785.0,4,952.0
7.0,30.0,217.0,559.0,657.0,953.0,4,963.0
7.0,30.0,217.0,657.0,689.0,953.0,4,963.0
7.0,33.0,258.0,361.0,686.0,829.0,4,976.0
7.0,33.0,21.0,258.0,361.0,470.0,4,976.0
7.0,33.0,21.0,258.0,361.0,686.0,4,976.0
7.0,33.0,258.0,361.0,686.0,829.0,4,976.0
7.0,33.0,21.0,258.0,361.0,686.0,4,976.0
7.0,33.0,21.0,258.0,361.0,470.0,4,976.0
7.0,33.0,21.0,271.0,318.0,361.0,4,470.0
7.0,33.0,21.0,258.0,361.0,686.0,4,976.0
7.0,11.0,1.0,294.0,425.0,769.0,4,781.0
7.0,11.0,1.0,281.0,338.0,769.0,4,781.0
7.0,11.0,1.0,294.0,425.0,769.0,4,781.0
7.0,11.0,1.0,294.0,425.0,769.0,4,781.0
7.0,11.0,1.0,338.0,769.0,781.0,4,943.0
7.0,11.0,1.0,425.0,769.0,781.0,4,943.0
7.0,11.0,145.0,294.0,425.0,781.0,4,943.0
7.0,11.0,1.0,294.0,338.0,425.0,4,769.0
7.0,11.0,145.0,281.0,338.0,781.0,4,943.0
7.0,11.0,1.0,294.0,425.0,769.0,4,781.0
7.0,11.0,145.0,294.0,425.0,781.0,4,943.0
7.0,11.0,1.0,145.0,294.0,425.0,4,943.0
7.0,11.0,281.0,338.0,425.0,769.0,4,781.0
7.0,11.0,1.0,281.0,338.0,769.0,4,853.0
7.0,11.0,145.0,294.0,425.0,781.0,4,943.0
7.0,11.0,145.0,294.0,425.0,781.0,4,943.0
7.0,11.0,145.0,281.0,338.0,769.0,4,781.0
7.0,11.0,145.0,294.0,425.0,781.0,4,943.0
7.0,11.0,145.0,425.0,769.0,781.0,4,943.0
7.0,11.0,1.0,338.0,425.0,769.0,4,943.0
7.0,28.0,203.0,608.0,754.0,842.0,4,1016.0
7.0,28.0,608.0,730.0,754.0,842.0,4,1016.0
7.0,28.0,203.0,285.0,496.0,608.0,4,730.0
7.0,28.0,203.0,608.0,754.0,842.0,4,1016.0
7.0,28.0,203.0,608.0,754.0,842.0,4,1016.0
7.0,28.0,285.0,496.0,608.0,730.0,4,754.0
7.0,28.0,203.0,285.0,496.0,608.0,4,730.0
7.0,28.0,203.0,608.0,754.0,842.0,4,1016.0
7.0,10.0,234.0,376.0,591.0,684.0,4,959.0
7.0,10.0,234.0,289.0,376.0,684.0,4,959.0
7.0,10.0,47.0,289.0,376.0,591.0,4,918.0
7.0,10.0,234.0,376.0,383.0,591.0,4,918.0
7.0,10.0,47.0,234.0,376.0,591.0,4,918.0
7.0,10.0,234.0,289.0,376.0,591.0,4,918.0
7.0,10.0,47.0,376.0,591.0,684.0,4,959.0
7.0,10.0,47.0,376.0,591.0,684.0,4,959.0
7.0,10.0,47.0,376.0,591.0,684.0,4,959.0
7.0,10.0,234.0,289.0,591.0,684.0,4,918.0
7.0,10.0,47.0,234.0,376.0,591.0,4,918.0
7.0,29.0,83.0,242.0,392.0,456.0,4,860.0
7.0,29.0,260.0,392.0,799.0,860.0,4,971.0
7.0,29.0,83.0,260.0,485.0,799.0,4,971.0
7.0,29.0,83.0,242.0,260.0,392.0,4,971.0
7.0,29.0,83.0,392.0,456.0,860.0,4,971.0
7.0,29.0,83.0,242.0,392.0,456.0,4,860.0
7.0,29.0,242.0,392.0,456.0,670.0,4,860.0
7.0,29.0,260.0,392.0,799.0,860.0,4,971.0
7.0,29.0,242.0,392.0,456.0,860.0,4,971.0
7.0,29.0,242.0,392.0,456.0,860.0,4,971.0
7.0,29.0,242.0,392.0,456.0,860.0,4,971.0
7.0,29.0,242.0,260.0,392.0,860.0,4,971.0
7.0,11.0,145.0,294.0,425.0,781.0,4,943.0
7.0,11.0,145.0,294.0,425.0,781.0,4,943.0
7.0,11.0,1.0,145.0,294.0,425.0,4,769.0
7.0,11.0,145.0,338.0,368.0,769.0,4,781.0
7.0,11.0,145.0,294.0,425.0,781.0,4,943.0
7.0,11.0,145.0,294.0,425.0,781.0,4,943.0
7.0,11.0,294.0,338.0,425.0,769.0,4,781.0
7.0,11.0,1.0,294.0,338.0,425.0,4,769.0
7.0,11.0,1.0,145.0,338.0,368.0,4,769.0
7.0,11.0,1.0,338.0,368.0,769.0,4,853.0
7.0,12.0,237.0,350.0,611.0,788.0,4,856.0
7.0,12.0,126.0,216.0,386.0,611.0,4,638.0
7.0,12.0,126.0,237.0,611.0,788.0,4,856.0
7.0,12.0,237.0,350.0,611.0,788.0,4,856.0
7.0,12.0,126.0,216.0,386.0,611.0,4,638.0
7.0,12.0,126.0,216.0,386.0,611.0,4,638.0
7.0,12.0,126.0,156.0,216.0,386.0,4,817.0
7.0,12.0,156.0,216.0,280.0,386.0,4,817.0
7.0,9.0,39.0,108.0,366.0,535.0,4,604.0
7.0,9.0,39.0,108.0,149.0,535.0,4,604.0
7.0,9.0,39.0,108.0,535.0,604.0,4,1019.0
7.0,9.0,108.0,366.0,535.0,574.0,4,1019.0
7.0,9.0,108.0,366.0,574.0,604.0,4,1019.0
7.0,9.0,108.0,366.0,535.0,574.0,4,604.0
7.0,9.0,366.0,529.0,604.0,845.0,4,1019.0
7.0,9.0,366.0,529.0,604.0,845.0,4,1019.0
7.0,9.0,529.0,604.0,637.0,845.0,4,1019.0
7.0,9.0,39.0,604.0,637.0,845.0,4,1019.0
7.0,11.0,145.0,294.0,338.0,472.0,4,943.0
7.0,11.0,1.0,145.0,294.0,338.0,4,769.0
7.0,11.0,1.0,472.0,769.0,853.0,4,943.0
7.0,11.0,145.0,294.0,338.0,472.0,4,943.0
7.0,11.0,145.0,294.0,338.0,472.0,4,943.0
7.0,11.0,145.0,294.0,338.0,472.0,4,943.0
7.0,11.0,1.0,145.0,294.0,472.0,4,769.0
7.0,11.0,1.0,145.0,472.0,769.0,4,943.0
7.0,11.0,145.0,294.0,338.0,472.0,4,943.0
7.0,11.0,1.0,145.0,294.0,338.0,4,472.0
7.0,11.0,1.0,145.0,294.0,338.0,4,472.0
7.0,30.0,100.0,217.0,657.0,785.0,4,952.0
7.0,30.0,100.0,186.0,217.0,663.0,4,785.0
7.0,30.0,559.0,657.0,689.0,953.0,4,963.0
7.0,30.0,559.0,663.0,952.0,953.0,4,963.0
7.0,11.0,145.0,294.0,425.0,472.0,4,943.0
7.0,11.0,145.0,294.0,425.0,472.0,4,943.0
7.0,11.0,1.0,145.0,425.0,769.0,4,943.0
7.0,11.0,145.0,425.0,472.0,769.0,4,943.0
7.0,11.0,145.0,281.0,425.0,472.0,4,943.0
7.0,11.0,1.0,145.0,281.0,425.0,4,943.0
7.0,11.0,145.0,281.0,338.0,425.0,4,472.0
7.0,11.0,145.0,281.0,338.0,425.0,4,472.0
7.0,11.0,145.0,281.0,338.0,425.0,4,472.0
7.0,11.0,145.0,294.0,425.0,472.0,4,769.0
7.0,11.0,1.0,145.0,294.0,425.0,4,769.0
7.0,11.0,1.0,281.0,338.0,425.0,4,769.0
7.0,11.0,1.0,338.0,425.0,769.0,4,943.0
7.0,11.0,1.0,338.0,425.0,769.0,4,943.0
7.0,11.0,145.0,294.0,425.0,472.0,4,943.0
7.0,11.0,145.0,294.0,425.0,472.0,4,943.0
7.0,24.0,570.0,576.0,825.0,888.0,4,947.0
7.0,24.0,570.0,576.0,825.0,888.0,4,947.0
7.0,24.0,570.0,576.0,825.0,888.0,4,947.0
7.0,24.0,254.0,471.0,576.0,750.0,4,947.0
7.0,24.0,570.0,576.0,825.0,888.0,4,947.0
7.0,24.0,471.0,576.0,750.0,793.0,4,825.0
7.0,24.0,254.0,471.0,576.0,750.0,4,793.0
7.0,24.0,43.0,254.0,471.0,750.0,4,793.0
7.0,24.0,43.0,471.0,793.0,866.0,4,926.0
7.0,11.0,145.0,294.0,425.0,472.0,4,943.0
7.0,11.0,1.0,145.0,294.0,425.0,4,943.0
7.0,11.0,1.0,145.0,294.0,338.0,4,769.0
7.0,11.0,145.0,294.0,338.0,472.0,4,769.0
7.0,11.0,145.0,294.0,425.0,472.0,4,943.0
7.0,11.0,145.0,294.0,425.0,472.0,4,943.0
7.0,11.0,145.0,294.0,425.0,472.0,4,943.0
7.0,11.0,145.0,294.0,425.0,472.0,4,769.0
7.0,11.0,145.0,294.0,338.0,472.0,4,769.0
7.0,11.0,1.0,145.0,294.0,338.0,4,769.0
7.0,11.0,1.0,145.0,294.0,338.0,4,769.0
7.0,11.0,1.0,294.0,338.0,425.0,4,943.0
7.0,11.0,145.0,294.0,425.0,472.0,4,943.0
7.0,11.0,1.0,145.0,368.0,425.0,4,769.0
7.0,11.0,145.0,294.0,338.0,472.0,4,769.0
7.0,11.0,294.0,338.0,425.0,472.0,4,943.0
7.0,11.0,145.0,294.0,425.0,472.0,4,943.0
7.0,11.0,1.0,145.0,294.0,425.0,4,943.0
7.0,11.0,1.0,145.0,294.0,425.0,4,943.0
7.0,11.0,1.0,145.0,338.0,368.0,4,425.0
7.0,11.0,1.0,145.0,338.0,368.0,4,425.0
7.0,11.0,294.0,425.0,472.0,853.0,4,943.0
7.0,11.0,294.0,425.0,472.0,769.0,4,943.0
7.0,11.0,294.0,425.0,472.0,769.0,4,853.0
7.0,11.0,1.0,294.0,425.0,769.0,4,853.0
7.0,11.0,1.0,281.0,425.0,853.0,4,943.0
7.0,11.0,294.0,425.0,472.0,853.0,4,943.0
7.0,11.0,294.0,425.0,472.0,853.0,4,943.0
7.0,11.0,294.0,338.0,425.0,472.0,4,769.0
7.0,11.0,294.0,338.0,425.0,472.0,4,769.0
7.0,11.0,1.0,294.0,338.0,472.0,4,769.0
7.0,0.0,244.0,465.0,601.0,721.0,4,792.0
7.0,0.0,315.0,601.0,634.0,721.0,4,906.0
7.0,0.0,244.0,465.0,601.0,789.0,4,792.0
7.0,0.0,244.0,315.0,465.0,634.0,4,789.0
7.0,0.0,244.0,465.0,601.0,789.0,4,792.0
7.0,0.0,244.0,315.0,465.0,634.0,4,789.0
7.0,0.0,315.0,601.0,634.0,721.0,4,906.0
7.0,0.0,601.0,634.0,721.0,792.0,4,906.0
7.0,0.0,244.0,315.0,465.0,601.0,4,789.0
7.0,34.0,104.0,506.0,662.0,974.0,4,975.0
7.0,34.0,436.0,506.0,685.0,747.0,4,974.0
7.0,34.0,104.0,506.0,662.0,685.0,4,974.0
7.0,34.0,506.0,583.0,685.0,747.0,4,974.0
7.0,34.0,506.0,583.0,685.0,747.0,4,974.0
7.0,34.0,506.0,583.0,685.0,747.0,4,974.0
7.0,34.0,506.0,583.0,685.0,747.0,4,974.0
7.0,34.0,506.0,583.0,685.0,747.0,4,974.0
7.0,1.0,78.0,442.0,463.0,517.0,4,595.0
7.0,1.0,78.0,106.0,353.0,484.0,4,595.0
7.0,1.0,353.0,442.0,463.0,484.0,4,565.0
7.0,1.0,78.0,463.0,517.0,595.0,4,1006.0
7.0,1.0,106.0,353.0,484.0,565.0,4,658.0
7.0,1.0,106.0,353.0,484.0,565.0,4,658.0
7.0,1.0,78.0,106.0,442.0,484.0,4,658.0
7.0,22.0,16.0,58.0,117.0,320.0,4,454.0
7.0,22.0,26.0,58.0,117.0,222.0,4,320.0
7.0,22.0,26.0,58.0,117.0,222.0,4,320.0
7.0,22.0,26.0,58.0,77.0,222.0,4,320.0
7.0,22.0,16.0,26.0,77.0,222.0,4,320.0
7.0,22.0,16.0,26.0,58.0,77.0,4,117.0
7.0,22.0,58.0,117.0,222.0,320.0,4,454.0
7.0,22.0,26.0,77.0,222.0,320.0,4,369.0
7.0,22.0,26.0,77.0,222.0,320.0,4,369.0
7.0,22.0,77.0,222.0,320.0,369.0,4,466.0
7.0,22.0,58.0,117.0,222.0,320.0,4,369.0
7.0,11.0,1.0,145.0,281.0,294.0,4,338.0
7.0,11.0,1.0,281.0,425.0,769.0,4,943.0
7.0,11.0,1.0,145.0,425.0,769.0,4,943.0
7.0,11.0,1.0,145.0,425.0,769.0,4,943.0
7.0,11.0,145.0,281.0,425.0,472.0,4,943.0
7.0,11.0,145.0,281.0,425.0,472.0,4,943.0
7.0,11.0,145.0,294.0,425.0,472.0,4,943.0
7.0,11.0,281.0,294.0,425.0,472.0,4,769.0
7.0,11.0,1.0,281.0,425.0,769.0,4,943.0
7.0,11.0,1.0,145.0,281.0,769.0,4,943.0
7.0,11.0,1.0,145.0,281.0,425.0,4,943.0
7.0,11.0,145.0,281.0,294.0,425.0,4,472.0
7.0,11.0,145.0,294.0,425.0,472.0,4,943.0
7.0,11.0,1.0,294.0,425.0,769.0,4,943.0
7.0,11.0,1.0,145.0,281.0,769.0,4,943.0
7.0,11.0,1.0,145.0,294.0,425.0,4,943.0
7.0,11.0,145.0,281.0,294.0,425.0,4,781.0
7.0,11.0,145.0,281.0,294.0,425.0,4,472.0
7.0,11.0,294.0,425.0,472.0,769.0,4,853.0
7.0,11.0,145.0,294.0,472.0,769.0,4,781.0
7.0,11.0,145.0,425.0,472.0,769.0,4,781.0
7.0,11.0,145.0,294.0,425.0,769.0,4,781.0
7.0,11.0,294.0,425.0,472.0,769.0,4,853.0
7.0,11.0,145.0,281.0,472.0,769.0,4,853.0
7.0,11.0,145.0,281.0,472.0,769.0,4,853.0
7.0,11.0,145.0,294.0,425.0,769.0,4,781.0
7.0,11.0,145.0,281.0,294.0,425.0,4,781.0
7.0,11.0,145.0,294.0,425.0,472.0,4,769.0
7.0,11.0,281.0,425.0,472.0,769.0,4,781.0
7.0,11.0,145.0,294.0,472.0,769.0,4,781.0
7.0,11.0,145.0,281.0,294.0,425.0,4,472.0
7.0,11.0,294.0,425.0,769.0,781.0,4,837.0
7.0,11.0,145.0,281.0,294.0,425.0,4,781.0
7.0,11.0,145.0,281.0,294.0,425.0,4,781.0
7.0,11.0,294.0,425.0,472.0,769.0,4,781.0
7.0,11.0,145.0,281.0,472.0,769.0,4,781.0
7.0,11.0,281.0,472.0,769.0,781.0,4,837.0
7.0,11.0,281.0,294.0,425.0,472.0,4,769.0
7.0,11.0,145.0,294.0,425.0,472.0,4,781.0
7.0,11.0,294.0,425.0,472.0,769.0,4,781.0
7.0,11.0,145.0,294.0,425.0,781.0,4,943.0
7.0,11.0,145.0,281.0,425.0,769.0,4,781.0
7.0,11.0,145.0,281.0,425.0,472.0,4,769.0
7.0,11.0,145.0,281.0,425.0,472.0,4,769.0
7.0,11.0,145.0,281.0,472.0,769.0,4,781.0
7.0,11.0,145.0,425.0,472.0,781.0,4,943.0
7.0,11.0,145.0,294.0,425.0,781.0,4,943.0
7.0,15.0,188.0,593.0,749.0,941.0,4,1036.0
7.0,15.0,188.0,426.0,593.0,749.0,4,1036.0
7.0,15.0,302.0,426.0,593.0,714.0,4,719.0
7.0,15.0,302.0,426.0,593.0,714.0,4,719.0
7.0,15.0,426.0,659.0,719.0,749.0,4,1036.0
7.0,15.0,188.0,659.0,714.0,941.0,4,1036.0
7.0,15.0,188.0,659.0,714.0,941.0,4,1036.0
7.0,15.0,188.0,593.0,749.0,941.0,4,1036.0
7.0,15.0,188.0,302.0,593.0,749.0,4,941.0
7.0,15.0,188.0,302.0,426.0,593.0,4,749.0
7.0,15.0,188.0,302.0,426.0,593.0,4,749.0
7.0,15.0,426.0,659.0,714.0,749.0,4,1036.0
7.0,15.0,188.0,426.0,659.0,714.0,4,1036.0
7.0,11.0,145.0,281.0,294.0,472.0,4,781.0
7.0,11.0,1.0,281.0,472.0,769.0,4,943.0
7.0,11.0,1.0,145.0,472.0,769.0,4,943.0
7.0,11.0,145.0,281.0,294.0,472.0,4,781.0
7.0,11.0,145.0,294.0,472.0,781.0,4,943.0
7.0,11.0,145.0,294.0,472.0,781.0,4,943.0
7.0,7.0,240.0,277.0,524.0,731.0,4,902.0
7.0,7.0,240.0,524.0,731.0,902.0,4,1005.0
7.0,7.0,105.0,267.0,277.0,410.0,4,731.0
7.0,7.0,240.0,277.0,524.0,731.0,4,902.0
7.0,7.0,277.0,524.0,731.0,874.0,4,902.0
7.0,7.0,240.0,267.0,277.0,410.0,4,1005.0
7.0,7.0,105.0,267.0,277.0,731.0,4,1005.0
7.0,7.0,240.0,277.0,524.0,731.0,4,1005.0
7.0,7.0,240.0,267.0,277.0,524.0,4,1005.0
7.0,11.0,145.0,294.0,425.0,781.0,4,943.0
7.0,11.0,145.0,294.0,425.0,472.0,4,943.0
7.0,11.0,281.0,294.0,425.0,472.0,4,769.0
7.0,11.0,281.0,472.0,769.0,781.0,4,943.0
7.0,11.0,281.0,294.0,425.0,472.0,4,781.0
7.0,11.0,281.0,294.0,425.0,472.0,4,781.0
7.0,11.0,281.0,294.0,425.0,472.0,4,781.0
7.0,11.0,281.0,472.0,769.0,781.0,4,943.0
7.0,11.0,294.0,425.0,472.0,781.0,4,943.0
7.0,11.0,145.0,294.0,425.0,781.0,4,943.0
7.0,11.0,145.0,294.0,425.0,781.0,4,943.0
7.0,11.0,145.0,294.0,425.0,472.0,4,943.0
7.0,11.0,145.0,281.0,425.0,472.0,4,943.0
7.0,11.0,145.0,294.0,425.0,781.0,4,943.0
7.0,11.0,281.0,294.0,472.0,769.0,4,781.0
7.0,11.0,145.0,294.0,425.0,472.0,4,781.0
7.0,17.0,109.0,354.0,502.0,587.0,4,1037.0
7.0,17.0,109.0,354.0,587.0,727.0,4,1037.0
7.0,17.0,348.0,354.0,502.0,587.0,4,741.0
7.0,17.0,109.0,502.0,587.0,727.0,4,741.0
7.0,17.0,109.0,354.0,502.0,587.0,4,741.0
7.0,17.0,109.0,502.0,587.0,741.0,4,1037.0
7.0,17.0,348.0,354.0,502.0,727.0,4,741.0
7.0,17.0,109.0,354.0,502.0,741.0,4,1037.0
7.0,17.0,109.0,502.0,587.0,741.0,4,1037.0
7.0,18.0,181.0,396.0,579.0,635.0,4,855.0
7.0,18.0,181.0,396.0,579.0,635.0,4,855.0
7.0,18.0,25.0,218.0,362.0,396.0,4,635.0
7.0,18.0,150.0,579.0,635.0,834.0,4,855.0
7.0,18.0,150.0,579.0,635.0,834.0,4,855.0
7.0,18.0,25.0,218.0,579.0,635.0,4,834.0
7.0,18.0,150.0,181.0,218.0,579.0,4,834.0
7.0,11.0,145.0,294.0,425.0,472.0,4,943.0
7.0,11.0,145.0,281.0,294.0,338.0,4,472.0
7.0,11.0,1.0,145.0,281.0,294.0,4,338.0
7.0,11.0,145.0,294.0,425.0,472.0,4,943.0
7.0,11.0,145.0,281.0,294.0,425.0,4,472.0
7.0,11.0,1.0,145.0,338.0,768.0,4,943.0
7.0,11.0,145.0,294.0,425.0,472.0,4,943.0
7.0,14.0,488.0,518.0,520.0,840.0,4,1015.0
7.0,14.0,488.0,520.0,569.0,840.0,4,868.0
7.0,14.0,161.0,518.0,569.0,868.0,4,1015.0
7.0,14.0,161.0,488.0,520.0,569.0,4,1015.0
7.0,14.0,488.0,520.0,569.0,840.0,4,868.0
7.0,14.0,488.0,569.0,840.0,868.0,4,1015.0
7.0,10.0,289.0,376.0,517.0,684.0,4,922.0
7.0,10.0,234.0,289.0,376.0,918.0,4,922.0
7.0,10.0,234.0,477.0,591.0,918.0,4,922.0
7.0,10.0,40.0,234.0,376.0,477.0,4,918.0
7.0,10.0,40.0,234.0,477.0,591.0,4,918.0
7.0,10.0,40.0,289.0,376.0,517.0,4,922.0
7.0,10.0,40.0,234.0,477.0,591.0,4,918.0
7.0,27.0,359.0,393.0,668.0,680.0,4,726.0
7.0,27.0,359.0,393.0,668.0,680.0,4,726.0
7.0,27.0,146.0,359.0,393.0,668.0,4,680.0
7.0,27.0,146.0,359.0,393.0,668.0,4,680.0
7.0,27.0,146.0,351.0,359.0,726.0,4,777.0
7.0,27.0,146.0,351.0,359.0,680.0,4,777.0
7.0,27.0,146.0,351.0,393.0,680.0,4,777.0
7.0,27.0,146.0,351.0,359.0,680.0,4,777.0
7.0,29.0,3.0,83.0,242.0,392.0,4,860.0
7.0,29.0,83.0,132.0,821.0,824.0,4,860.0
7.0,29.0,83.0,242.0,821.0,824.0,4,860.0
7.0,29.0,83.0,242.0,392.0,824.0,4,860.0
7.0,29.0,83.0,260.0,392.0,824.0,4,860.0
7.0,29.0,3.0,260.0,392.0,821.0,4,860.0
7.0,29.0,3.0,83.0,260.0,392.0,4,821.0
7.0,29.0,83.0,260.0,392.0,824.0,4,860.0
7.0,29.0,83.0,260.0,392.0,824.0,4,860.0
7.0,29.0,83.0,260.0,821.0,824.0,4,971.0
7.0,11.0,294.0,425.0,519.0,781.0,4,943.0
7.0,11.0,294.0,425.0,519.0,781.0,4,943.0
7.0,11.0,294.0,425.0,472.0,519.0,4,943.0
7.0,11.0,281.0,294.0,425.0,472.0,4,769.0
7.0,11.0,281.0,294.0,425.0,472.0,4,769.0
7.0,11.0,281.0,472.0,768.0,769.0,4,781.0
7.0,11.0,281.0,425.0,768.0,769.0,4,781.0
7.0,11.0,294.0,425.0,519.0,781.0,4,943.0
7.0,11.0,281.0,294.0,425.0,472.0,4,519.0
7.0,11.0,294.0,425.0,519.0,781.0,4,943.0
7.0,11.0,145.0,294.0,425.0,781.0,4,943.0
7.0,11.0,281.0,425.0,472.0,519.0,4,768.0
7.0,11.0,145.0,294.0,425.0,781.0,4,943.0
7.0,11.0,145.0,519.0,768.0,781.0,4,943.0
7.0,11.0,145.0,294.0,425.0,781.0,4,943.0
7.0,11.0,145.0,294.0,425.0,781.0,4,943.0
7.0,11.0,294.0,425.0,472.0,519.0,4,943.0
7.0,11.0,281.0,425.0,472.0,519.0,4,768.0
7.0,11.0,145.0,294.0,425.0,781.0,4,943.0
7.0,25.0,74.0,696.0,759.0,854.0,4,958.0
7.0,25.0,50.0,74.0,297.0,603.0,4,696.0
7.0,25.0,9.0,50.0,286.0,297.0,4,759.0
7.0,25.0,74.0,297.0,759.0,854.0,4,958.0
7.0,25.0,9.0,50.0,286.0,297.0,4,603.0
7.0,11.0,145.0,294.0,425.0,781.0,4,943.0
7.0,11.0,145.0,294.0,425.0,781.0,4,943.0
7.0,11.0,145.0,281.0,294.0,425.0,4,781.0
7.0,11.0,281.0,294.0,425.0,472.0,4,519.0
7.0,11.0,145.0,294.0,425.0,781.0,4,943.0
7.0,11.0,145.0,294.0,425.0,781.0,4,943.0
7.0,11.0,281.0,425.0,519.0,768.0,4,781.0
7.0,11.0,145.0,281.0,472.0,519.0,4,768.0
7.0,11.0,145.0,425.0,768.0,781.0,4,943.0
7.0,11.0,145.0,281.0,472.0,519.0,4,768.0
7.0,11.0,145.0,294.0,425.0,768.0,4,781.0
7.0,11.0,145.0,294.0,425.0,472.0,4,781.0
7.0,11.0,145.0,294.0,425.0,472.0,4,781.0
7.0,11.0,145.0,294.0,425.0,472.0,4,781.0
7.0,11.0,145.0,294.0,425.0,472.0,4,781.0
7.0,24.0,137.0,377.0,576.0,825.0,4,888.0
7.0,24.0,137.0,377.0,576.0,825.0,4,888.0
7.0,24.0,137.0,254.0,576.0,825.0,4,926.0
7.0,24.0,137.0,254.0,471.0,825.0,4,888.0
7.0,24.0,137.0,254.0,576.0,825.0,4,888.0
7.0,24.0,137.0,576.0,825.0,863.0,4,926.0
7.0,24.0,576.0,793.0,863.0,888.0,4,926.0
7.0,24.0,137.0,254.0,793.0,825.0,4,888.0
7.0,4.0,134.0,486.0,487.0,589.0,4,715.0
7.0,4.0,134.0,194.0,486.0,715.0,4,936.0
7.0,4.0,134.0,194.0,486.0,487.0,4,589.0
7.0,4.0,134.0,194.0,487.0,589.0,4,964.0
7.0,4.0,134.0,486.0,487.0,589.0,4,715.0
7.0,4.0,134.0,486.0,487.0,589.0,4,715.0
7.0,4.0,134.0,194.0,486.0,715.0,4,936.0
7.0,4.0,194.0,487.0,589.0,715.0,4,936.0
7.0,4.0,194.0,487.0,589.0,715.0,4,936.0
7.0,4.0,194.0,485.0,487.0,715.0,4,936.0
7.0,4.0,194.0,485.0,743.0,936.0,4,964.0
7.0,4.0,327.0,485.0,743.0,964.0,4,966.0
7.0,16.0,155.0,296.0,367.0,623.0,4,674.0
7.0,16.0,153.0,155.0,296.0,623.0,4,674.0
7.0,16.0,153.0,623.0,763.0,820.0,4,895.0
7.0,16.0,153.0,296.0,763.0,820.0,4,895.0
7.0,16.0,155.0,296.0,623.0,674.0,4,895.0
7.0,16.0,155.0,296.0,623.0,674.0,4,895.0
7.0,16.0,155.0,623.0,674.0,820.0,4,895.0
7.0,16.0,155.0,623.0,820.0,895.0,4,959.0
7.0,16.0,155.0,296.0,367.0,623.0,4,674.0
7.0,16.0,153.0,296.0,623.0,763.0,4,895.0
7.0,16.0,153.0,623.0,763.0,820.0,4,895.0
7.0,16.0,155.0,296.0,623.0,763.0,4,820.0
7.0,11.0,145.0,425.0,768.0,781.0,4,943.0
7.0,11.0,145.0,281.0,425.0,472.0,4,943.0
7.0,11.0,145.0,281.0,425.0,472.0,4,768.0
7.0,11.0,281.0,472.0,519.0,768.0,4,781.0
7.0,11.0,472.0,519.0,768.0,781.0,4,943.0
7.0,11.0,145.0,472.0,768.0,781.0,4,943.0
7.0,11.0,145.0,281.0,425.0,781.0,4,943.0
7.0,11.0,145.0,425.0,768.0,781.0,4,943.0
7.0,11.0,145.0,425.0,768.0,781.0,4,943.0
7.0,11.0,145.0,281.0,425.0,472.0,4,768.0
7.0,11.0,145.0,281.0,472.0,768.0,4,781.0
7.0,11.0,281.0,472.0,519.0,781.0,4,943.0
7.0,11.0,281.0,472.0,519.0,781.0,4,943.0
7.0,11.0,281.0,391.0,472.0,519.0,4,943.0
7.0,11.0,281.0,391.0,472.0,519.0,4,943.0
7.0,11.0,281.0,425.0,472.0,519.0,4,769.0
7.0,11.0,281.0,425.0,472.0,769.0,4,781.0
7.0,11.0,281.0,425.0,472.0,769.0,4,781.0
7.0,11.0,145.0,281.0,425.0,769.0,4,781.0
7.0,11.0,145.0,425.0,472.0,768.0,4,943.0
7.0,11.0,145.0,425.0,768.0,781.0,4,943.0
7.0,11.0,145.0,425.0,768.0,781.0,4,943.0
7.0,11.0,145.0,425.0,768.0,781.0,4,943.0
7.0,11.0,281.0,425.0,472.0,519.0,4,768.0
7.0,11.0,281.0,425.0,472.0,519.0,4,769.0
7.0,11.0,145.0,281.0,472.0,519.0,4,769.0
7.0,11.0,145.0,281.0,425.0,472.0,4,768.0
7.0,6.0,35.0,275.0,444.0,693.0,4,989.0
7.0,6.0,35.0,275.0,444.0,693.0,4,989.0
7.0,6.0,35.0,275.0,693.0,891.0,4,989.0
7.0,6.0,30.0,275.0,693.0,914.0,4,980.0
7.0,6.0,30.0,444.0,693.0,914.0,4,980.0
7.0,6.0,35.0,444.0,693.0,891.0,4,989.0
7.0,6.0,35.0,275.0,444.0,693.0,4,989.0
7.0,6.0,35.0,275.0,444.0,693.0,4,989.0
7.0,6.0,275.0,444.0,693.0,980.0,4,989.0
7.0,6.0,30.0,275.0,693.0,980.0,4,989.0
7.0,11.0,145.0,294.0,425.0,472.0,4,943.0
7.0,11.0,145.0,281.0,472.0,519.0,4,768.0
7.0,11.0,145.0,472.0,519.0,768.0,4,943.0
7.0,11.0,145.0,294.0,425.0,472.0,4,943.0
7.0,11.0,145.0,294.0,391.0,425.0,4,943.0
7.0,11.0,145.0,294.0,391.0,425.0,4,943.0
7.0,11.0,145.0,294.0,425.0,472.0,4,943.0
7.0,11.0,145.0,294.0,425.0,472.0,4,943.0
7.0,11.0,145.0,391.0,425.0,768.0,4,943.0
7.0,11.0,281.0,391.0,425.0,768.0,4,769.0
7.0,11.0,281.0,391.0,519.0,768.0,4,769.0
7.0,2.0,255.0,493.0,687.0,790.0,4,900.0
7.0,2.0,255.0,493.0,687.0,790.0,4,900.0
7.0,2.0,17.0,36.0,255.0,493.0,4,728.0
7.0,2.0,17.0,255.0,493.0,687.0,4,790.0
7.0,2.0,17.0,255.0,493.0,687.0,4,790.0
7.0,2.0,255.0,493.0,687.0,790.0,4,900.0
7.0,2.0,255.0,493.0,687.0,790.0,4,900.0
7.0,2.0,17.0,36.0,255.0,493.0,4,728.0
7.0,2.0,36.0,255.0,493.0,523.0,4,728.0
7.0,2.0,17.0,36.0,255.0,728.0,4,900.0
7.0,2.0,17.0,255.0,687.0,728.0,4,900.0
7.0,2.0,255.0,493.0,687.0,728.0,4,900.0
7.0,32.0,370.0,505.0,739.0,784.0,4,986.0
7.0,32.0,241.0,505.0,739.0,925.0,4,986.0
7.0,32.0,241.0,370.0,511.0,925.0,4,944.0
7.0,32.0,241.0,370.0,511.0,784.0,4,944.0
7.0,32.0,241.0,370.0,784.0,944.0,4,986.0
7.0,32.0,241.0,370.0,511.0,784.0,4,944.0
7.0,32.0,241.0,370.0,511.0,784.0,4,944.0
7.0,32.0,241.0,370.0,511.0,784.0,4,944.0
7.0,32.0,241.0,370.0,505.0,511.0,4,944.0
7.0,11.0,145.0,425.0,472.0,768.0,4,943.0
7.0,11.0,145.0,281.0,391.0,425.0,4,768.0
7.0,11.0,338.0,425.0,472.0,768.0,4,943.0
7.0,11.0,145.0,425.0,472.0,768.0,4,943.0
7.0,11.0,145.0,338.0,425.0,472.0,4,768.0
7.0,11.0,145.0,338.0,391.0,425.0,4,943.0
7.0,11.0,145.0,338.0,391.0,425.0,4,943.0
7.0,11.0,338.0,391.0,425.0,472.0,4,943.0
7.0,11.0,338.0,391.0,425.0,472.0,4,943.0
7.0,11.0,145.0,391.0,425.0,472.0,4,943.0
7.0,11.0,281.0,338.0,391.0,425.0,4,769.0
7.0,11.0,145.0,338.0,391.0,768.0,4,769.0
7.0,11.0,145.0,425.0,472.0,768.0,4,943.0
7.0,11.0,145.0,281.0,425.0,472.0,4,768.0
7.0,11.0,145.0,281.0,338.0,391.0,4,943.0
7.0,11.0,145.0,338.0,425.0,472.0,4,768.0
7.0,14.0,488.0,518.0,840.0,924.0,4,1015.0
7.0,14.0,488.0,518.0,840.0,924.0,4,1015.0
7.0,14.0,488.0,518.0,520.0,840.0,4,924.0
7.0,14.0,488.0,518.0,520.0,840.0,4,924.0
7.0,14.0,488.0,518.0,753.0,868.0,4,1015.0
7.0,14.0,488.0,518.0,520.0,753.0,4,1015.0
7.0,14.0,569.0,658.0,753.0,868.0,4,1015.0
7.0,8.0,1.0,571.0,801.0,811.0,4,957.0
7.0,8.0,1.0,571.0,801.0,811.0,4,957.0
7.0,8.0,1.0,571.0,801.0,811.0,4,957.0
7.0,8.0,1.0,571.0,801.0,811.0,4,957.0
7.0,8.0,1.0,229.0,332.0,436.0,4,801.0
7.0,8.0,1.0,332.0,571.0,801.0,4,957.0
7.0,8.0,1.0,571.0,801.0,811.0,4,957.0
7.0,8.0,1.0,229.0,801.0,811.0,4,957.0
7.0,8.0,229.0,332.0,801.0,811.0,4,957.0
7.0,8.0,229.0,332.0,436.0,801.0,4,811.0
7.0,8.0,229.0,332.0,436.0,801.0,4,811.0
7.0,8.0,229.0,332.0,436.0,801.0,4,811.0
7.0,8.0,229.0,332.0,436.0,801.0,4,811.0
7.0,8.0,1.0,332.0,436.0,801.0,4,811.0
7.0,18.0,181.0,218.0,362.0,834.0,4,836.0
7.0,18.0,181.0,218.0,362.0,834.0,4,836.0
7.0,18.0,181.0,218.0,362.0,834.0,4,836.0
7.0,18.0,181.0,218.0,635.0,834.0,4,836.0
7.0,18.0,181.0,218.0,362.0,834.0,4,836.0
7.0,18.0,181.0,218.0,362.0,834.0,4,836.0
7.0,18.0,181.0,218.0,396.0,635.0,4,855.0
7.0,18.0,181.0,218.0,362.0,396.0,4,635.0
7.0,18.0,181.0,218.0,362.0,635.0,4,834.0
7.0,18.0,181.0,218.0,362.0,635.0,4,834.0
7.0,11.0,294.0,425.0,769.0,781.0,4,943.0
7.0,11.0,281.0,425.0,472.0,768.0,4,769.0
7.0,11.0,281.0,294.0,472.0,519.0,4,781.0
7.0,11.0,294.0,472.0,519.0,781.0,4,943.0
7.0,11.0,294.0,425.0,769.0,781.0,4,943.0
7.0,11.0,281.0,294.0,425.0,472.0,4,781.0
7.0,11.0,294.0,425.0,472.0,781.0,4,981.0
7.0,11.0,294.0,425.0,472.0,781.0,4,981.0
7.0,11.0,294.0,425.0,472.0,781.0,4,981.0
7.0,11.0,294.0,425.0,472.0,781.0,4,981.0
7.0,11.0,294.0,425.0,472.0,781.0,4,981.0
7.0,11.0,145.0,294.0,425.0,781.0,4,943.0
7.0,11.0,145.0,294.0,425.0,472.0,4,943.0
7.0,11.0,145.0,338.0,472.0,768.0,4,943.0
7.0,11.0,145.0,338.0,472.0,768.0,4,943.0
7.0,11.0,145.0,294.0,425.0,781.0,4,943.0
7.0,11.0,145.0,294.0,425.0,781.0,4,943.0
7.0,22.0,26.0,77.0,222.0,466.0,4,990.0
7.0,22.0,26.0,77.0,222.0,699.0,4,990.0
7.0,22.0,16.0,60.0,77.0,222.0,4,990.0
7.0,22.0,60.0,77.0,639.0,699.0,4,990.0
7.0,22.0,60.0,77.0,639.0,699.0,4,990.0
7.0,22.0,16.0,26.0,60.0,77.0,4,639.0
7.0,22.0,60.0,77.0,222.0,466.0,4,990.0
7.0,18.0,181.0,579.0,580.0,758.0,4,834.0
7.0,18.0,181.0,579.0,580.0,758.0,4,834.0
7.0,18.0,181.0,579.0,580.0,834.0,4,855.0
7.0,18.0,25.0,218.0,396.0,580.0,4,855.0
7.0,18.0,25.0,181.0,396.0,579.0,4,855.0
7.0,18.0,181.0,218.0,579.0,580.0,4,834.0
7.0,18.0,181.0,579.0,580.0,758.0,4,834.0
7.0,18.0,181.0,579.0,580.0,758.0,4,834.0
7.0,18.0,260.0,579.0,580.0,758.0,4,834.0
7.0,18.0,260.0,396.0,579.0,834.0,4,855.0
7.0,18.0,25.0,218.0,260.0,362.0,4,396.0
7.0,18.0,25.0,218.0,260.0,362.0,4,396.0
7.0,18.0,25.0,260.0,579.0,758.0,4,834.0
7.0,18.0,181.0,579.0,580.0,758.0,4,834.0
7.0,18.0,181.0,579.0,580.0,758.0,4,834.0
7.0,18.0,181.0,218.0,396.0,579.0,4,834.0
7.0,18.0,181.0,218.0,396.0,579.0,4,834.0
7.0,18.0,25.0,218.0,260.0,396.0,4,758.0
7.0,23.0,136.0,388.0,700.0,778.0,4,994.0
7.0,23.0,44.0,136.0,388.0,822.0,4,994.0
7.0,23.0,44.0,136.0,822.0,955.0,4,994.0
7.0,23.0,136.0,575.0,700.0,822.0,4,955.0
7.0,23.0,136.0,575.0,700.0,822.0,4,955.0
7.0,23.0,136.0,575.0,700.0,778.0,4,955.0
7.0,23.0,136.0,575.0,700.0,778.0,4,955.0
7.0,23.0,136.0,388.0,778.0,822.0,4,994.0
7.0,23.0,136.0,388.0,778.0,822.0,4,994.0
7.0,6.0,35.0,275.0,300.0,606.0,4,980.0
7.0,6.0,30.0,48.0,56.0,125.0,4,444.0
7.0,6.0,30.0,48.0,56.0,125.0,4,444.0
7.0,6.0,30.0,35.0,125.0,606.0,4,980.0
7.0,6.0,35.0,275.0,300.0,606.0,4,980.0
7.0,6.0,35.0,275.0,444.0,606.0,4,980.0
7.0,6.0,35.0,275.0,300.0,606.0,4,980.0
7.0,6.0,30.0,48.0,56.0,125.0,4,444.0
7.0,18.0,181.0,579.0,580.0,758.0,4,834.0
7.0,18.0,260.0,396.0,579.0,580.0,4,758.0
7.0,18.0,260.0,396.0,579.0,580.0,4,758.0
7.0,18.0,181.0,579.0,580.0,758.0,4,834.0
7.0,18.0,181.0,579.0,580.0,758.0,4,834.0
7.0,18.0,181.0,218.0,396.0,579.0,4,580.0
7.0,18.0,181.0,579.0,580.0,758.0,4,834.0
7.0,18.0,25.0,181.0,218.0,396.0,4,758.0
7.0,18.0,25.0,181.0,218.0,396.0,4,758.0
7.0,18.0,218.0,579.0,580.0,834.0,4,836.0
7.0,18.0,181.0,218.0,579.0,580.0,4,834.0
7.0,18.0,181.0,579.0,580.0,758.0,4,834.0
7.0,18.0,181.0,218.0,396.0,579.0,4,834.0
7.0,18.0,181.0,218.0,579.0,580.0,4,834.0
7.0,14.0,488.0,518.0,520.0,903.0,4,1028.0
7.0,14.0,488.0,518.0,520.0,903.0,4,1028.0
7.0,14.0,161.0,520.0,922.0,924.0,4,1028.0
7.0,14.0,488.0,786.0,903.0,922.0,4,1015.0
7.0,14.0,488.0,786.0,903.0,922.0,4,1015.0
7.0,18.0,181.0,579.0,758.0,834.0,4,836.0
7.0,18.0,181.0,218.0,579.0,834.0,4,836.0
7.0,18.0,181.0,218.0,260.0,396.0,4,579.0
7.0,18.0,181.0,218.0,260.0,396.0,4,758.0
7.0,18.0,181.0,260.0,579.0,834.0,4,836.0
7.0,18.0,181.0,579.0,758.0,834.0,4,836.0
7.0,18.0,181.0,218.0,579.0,834.0,4,836.0
7.0,18.0,181.0,218.0,579.0,834.0,4,836.0
7.0,18.0,218.0,396.0,579.0,834.0,4,836.0
7.0,8.0,397.0,519.0,571.0,811.0,4,984.0
7.0,8.0,397.0,571.0,740.0,984.0,4,1027.0
7.0,8.0,397.0,571.0,740.0,984.0,4,1027.0
7.0,8.0,571.0,740.0,957.0,984.0,4,1027.0
7.0,8.0,397.0,519.0,571.0,811.0,4,984.0
7.0,8.0,229.0,332.0,957.0,984.0,4,1027.0
7.0,8.0,229.0,332.0,957.0,984.0,4,1027.0
7.0,8.0,41.0,229.0,332.0,740.0,4,957.0
7.0,18.0,181.0,579.0,580.0,758.0,4,834.0
7.0,18.0,579.0,580.0,758.0,834.0,4,836.0
7.0,18.0,218.0,579.0,580.0,834.0,4,836.0
7.0,18.0,218.0,396.0,579.0,834.0,4,836.0
7.0,18.0,25.0,218.0,396.0,579.0,4,836.0
7.0,18.0,25.0,218.0,396.0,758.0,4,836.0
7.0,18.0,25.0,218.0,396.0,758.0,4,836.0
7.0,18.0,181.0,579.0,580.0,758.0,4,834.0
7.0,18.0,181.0,218.0,579.0,580.0,4,834.0
7.0,18.0,218.0,396.0,580.0,758.0,4,836.0
7.0,18.0,181.0,218.0,579.0,580.0,4,834.0
7.0,34.0,345.0,506.0,685.0,747.0,4,975.0
7.0,34.0,104.0,506.0,662.0,685.0,4,747.0
7.0,34.0,104.0,506.0,662.0,685.0,4,747.0
7.0,34.0,104.0,506.0,662.0,685.0,4,747.0
7.0,34.0,104.0,345.0,436.0,685.0,4,975.0
7.0,18.0,181.0,579.0,580.0,758.0,4,834.0
7.0,18.0,181.0,396.0,579.0,580.0,4,758.0
7.0,18.0,181.0,396.0,579.0,580.0,4,758.0
7.0,18.0,181.0,218.0,396.0,579.0,4,580.0
7.0,18.0,181.0,218.0,396.0,579.0,4,580.0
7.0,18.0,181.0,218.0,396.0,579.0,4,836.0
7.0,18.0,218.0,580.0,758.0,834.0,4,836.0
7.0,18.0,181.0,579.0,580.0,758.0,4,834.0
7.0,18.0,25.0,218.0,260.0,396.0,4,836.0
7.0,12.0,237.0,350.0,611.0,788.0,4,856.0
7.0,12.0,237.0,350.0,611.0,788.0,4,856.0
7.0,12.0,237.0,350.0,771.0,788.0,4,856.0
7.0,12.0,350.0,638.0,771.0,788.0,4,856.0
7.0,12.0,126.0,386.0,611.0,638.0,4,771.0
7.0,12.0,126.0,350.0,386.0,638.0,4,771.0
7.0,12.0,126.0,237.0,350.0,788.0,4,856.0
7.0,12.0,237.0,350.0,611.0,788.0,4,856.0
7.0,12.0,237.0,350.0,386.0,611.0,4,788.0
7.0,12.0,237.0,350.0,386.0,771.0,4,788.0
7.0,12.0,126.0,386.0,638.0,771.0,4,788.0
7.0,12.0,126.0,386.0,611.0,638.0,4,788.0
7.0,12.0,126.0,386.0,611.0,638.0,4,788.0
7.0,12.0,350.0,611.0,638.0,788.0,4,856.0
7.0,18.0,181.0,579.0,580.0,758.0,4,834.0
7.0,18.0,181.0,579.0,580.0,758.0,4,834.0
7.0,18.0,25.0,218.0,396.0,758.0,4,892.0
7.0,18.0,181.0,579.0,580.0,758.0,4,834.0
7.0,18.0,181.0,579.0,580.0,758.0,4,834.0
7.0,18.0,181.0,218.0,396.0,579.0,4,834.0
7.0,18.0,181.0,218.0,396.0,579.0,4,834.0
7.0,18.0,218.0,396.0,579.0,580.0,4,834.0
7.0,18.0,181.0,579.0,580.0,758.0,4,834.0
7.0,7.0,277.0,343.0,731.0,874.0,4,902.0
7.0,7.0,240.0,343.0,731.0,902.0,4,1005.0
7.0,7.0,240.0,277.0,410.0,896.0,4,1005.0
7.0,7.0,240.0,277.0,410.0,896.0,4,1013.0
7.0,7.0,277.0,343.0,731.0,874.0,4,902.0
7.0,7.0,277.0,343.0,731.0,874.0,4,1005.0
7.0,7.0,277.0,343.0,731.0,874.0,4,902.0
7.0,7.0,343.0,731.0,874.0,902.0,4,1005.0
7.0,7.0,240.0,277.0,410.0,896.0,4,1005.0
7.0,7.0,240.0,343.0,731.0,902.0,4,1005.0
7.0,7.0,240.0,277.0,731.0,902.0,4,1005.0
7.0,24.0,471.0,576.0,863.0,888.0,4,926.0
7.0,24.0,471.0,576.0,750.0,825.0,4,926.0
7.0,24.0,254.0,576.0,863.0,888.0,4,947.0
7.0,24.0,570.0,576.0,863.0,888.0,4,947.0
7.0,24.0,471.0,576.0,750.0,825.0,4,888.0
7.0,24.0,471.0,576.0,750.0,825.0,4,888.0
7.0,24.0,254.0,471.0,576.0,750.0,4,825.0
7.0,24.0,254.0,471.0,576.0,750.0,4,825.0
7.0,24.0,570.0,576.0,825.0,863.0,4,888.0
7.0,18.0,181.0,580.0,635.0,758.0,4,834.0
7.0,18.0,181.0,396.0,580.0,635.0,4,758.0
7.0,18.0,181.0,580.0,635.0,758.0,4,834.0
7.0,18.0,0.0,25.0,362.0,836.0,4,892.0
7.0,9.0,39.0,108.0,366.0,535.0,4,574.0
7.0,9.0,108.0,151.0,366.0,535.0,4,604.0
7.0,9.0,39.0,151.0,529.0,574.0,4,604.0
7.0,9.0,39.0,108.0,366.0,535.0,4,574.0
7.0,9.0,39.0,108.0,149.0,510.0,4,535.0
7.0,9.0,39.0,108.0,149.0,151.0,4,510.0
7.0,18.0,181.0,579.0,580.0,758.0,4,834.0
7.0,18.0,25.0,218.0,396.0,635.0,4,758.0
7.0,18.0,25.0,218.0,396.0,635.0,4,758.0
7.0,18.0,181.0,218.0,579.0,834.0,4,836.0
7.0,18.0,181.0,579.0,580.0,758.0,4,834.0
7.0,18.0,25.0,218.0,396.0,635.0,4,758.0
7.0,18.0,25.0,218.0,396.0,758.0,4,836.0
7.0,18.0,218.0,396.0,580.0,758.0,4,836.0
7.0,18.0,396.0,579.0,758.0,834.0,4,836.0
7.0,18.0,181.0,579.0,758.0,834.0,4,836.0
7.0,30.0,217.0,461.0,559.0,953.0,4,963.0
7.0,30.0,100.0,559.0,657.0,953.0,4,963.0
7.0,30.0,100.0,217.0,657.0,663.0,4,785.0
7.0,30.0,100.0,461.0,657.0,663.0,4,785.0
7.0,30.0,100.0,559.0,663.0,785.0,4,953.0
7.0,30.0,100.0,559.0,663.0,953.0,4,963.0
7.0,30.0,100.0,559.0,663.0,953.0,4,963.0
7.0,30.0,559.0,657.0,689.0,953.0,4,963.0
7.0,30.0,186.0,461.0,657.0,663.0,4,689.0
7.0,30.0,100.0,657.0,663.0,953.0,4,963.0
7.0,30.0,100.0,559.0,657.0,663.0,4,963.0
7.0,30.0,100.0,559.0,657.0,953.0,4,963.0
7.0,15.0,509.0,714.0,719.0,960.0,4,1036.0
7.0,15.0,302.0,484.0,509.0,719.0,4,749.0
7.0,15.0,302.0,484.0,509.0,719.0,4,749.0
7.0,15.0,484.0,593.0,714.0,960.0,4,1036.0
7.0,15.0,509.0,714.0,941.0,960.0,4,1036.0
7.0,15.0,509.0,714.0,941.0,960.0,4,1036.0
7.0,15.0,484.0,509.0,714.0,719.0,4,1036.0
7.0,15.0,484.0,509.0,941.0,960.0,4,1036.0
7.0,1.0,78.0,106.0,442.0,463.0,4,517.0
7.0,1.0,78.0,353.0,517.0,565.0,4,595.0
7.0,1.0,188.0,353.0,517.0,565.0,4,595.0
7.0,1.0,188.0,353.0,565.0,795.0,4,1006.0
7.0,1.0,78.0,106.0,442.0,463.0,4,517.0
7.0,1.0,78.0,442.0,463.0,517.0,4,595.0
7.0,1.0,78.0,463.0,517.0,595.0,4,1006.0
7.0,1.0,78.0,463.0,517.0,595.0,4,1006.0
7.0,1.0,78.0,353.0,442.0,517.0,4,595.0
7.0,1.0,78.0,442.0,463.0,517.0,4,595.0
7.0,18.0,181.0,579.0,580.0,758.0,4,834.0
7.0,18.0,181.0,579.0,580.0,758.0,4,834.0
7.0,18.0,181.0,579.0,580.0,758.0,4,834.0
7.0,18.0,218.0,579.0,580.0,635.0,4,834.0
7.0,18.0,218.0,396.0,579.0,635.0,4,834.0
7.0,18.0,25.0,218.0,396.0,579.0,4,635.0
7.0,18.0,25.0,218.0,396.0,635.0,4,758.0
7.0,18.0,181.0,579.0,580.0,758.0,4,834.0
7.0,18.0,181.0,218.0,396.0,579.0,4,580.0
7.0,18.0,218.0,396.0,635.0,758.0,4,834.0
7.0,14.0,488.0,520.0,786.0,1015.0,4,1028.0
7.0,14.0,488.0,753.0,840.0,903.0,4,1028.0
7.0,14.0,488.0,753.0,840.0,903.0,4,1028.0
7.0,14.0,488.0,753.0,786.0,1015.0,4,1028.0
7.0,14.0,488.0,520.0,786.0,1015.0,4,1028.0
7.0,14.0,161.0,753.0,786.0,1015.0,4,1028.0
7.0,14.0,161.0,488.0,753.0,903.0,4,1015.0
7.0,14.0,488.0,753.0,840.0,903.0,4,1028.0
7.0,14.0,488.0,753.0,786.0,903.0,4,1028.0
7.0,14.0,488.0,753.0,786.0,903.0,4,1028.0
7.0,18.0,25.0,218.0,396.0,635.0,4,758.0
7.0,18.0,25.0,218.0,396.0,635.0,4,758.0
7.0,18.0,25.0,218.0,396.0,579.0,4,580.0
7.0,18.0,181.0,579.0,580.0,758.0,4,834.0
7.0,18.0,181.0,218.0,579.0,580.0,4,834.0
7.0,18.0,25.0,218.0,396.0,579.0,4,635.0
7.0,18.0,25.0,218.0,396.0,635.0,4,758.0
7.0,18.0,0.0,25.0,362.0,836.0,4,892.0
7.0,17.0,109.0,328.0,354.0,587.0,4,619.0
7.0,17.0,109.0,137.0,354.0,587.0,4,619.0
7.0,17.0,109.0,328.0,354.0,619.0,4,764.0
7.0,17.0,137.0,587.0,727.0,741.0,4,764.0
7.0,17.0,137.0,587.0,619.0,741.0,4,764.0
7.0,17.0,109.0,137.0,587.0,619.0,4,764.0
7.0,17.0,109.0,328.0,354.0,587.0,4,619.0
7.0,18.0,181.0,579.0,580.0,758.0,4,834.0
7.0,18.0,25.0,218.0,396.0,635.0,4,758.0
7.0,18.0,181.0,579.0,580.0,758.0,4,834.0
7.0,18.0,181.0,579.0,580.0,758.0,4,834.0
7.0,18.0,181.0,579.0,580.0,758.0,4,834.0
7.0,18.0,181.0,218.0,396.0,579.0,4,836.0
7.0,18.0,181.0,218.0,396.0,758.0,4,836.0
7.0,18.0,181.0,579.0,580.0,758.0,4,834.0
7.0,18.0,181.0,218.0,579.0,580.0,4,834.0
7.0,18.0,25.0,218.0,396.0,579.0,4,635.0
7.0,18.0,218.0,580.0,635.0,758.0,4,834.0
7.0,18.0,579.0,580.0,635.0,758.0,4,834.0
7.0,18.0,579.0,580.0,635.0,758.0,4,834.0
7.0,18.0,181.0,579.0,580.0,758.0,4,834.0
7.0,18.0,181.0,579.0,580.0,758.0,4,834.0
7.0,18.0,181.0,579.0,580.0,758.0,4,834.0
7.0,18.0,25.0,218.0,579.0,635.0,4,834.0
7.0,18.0,25.0,218.0,396.0,579.0,4,836.0
7.0,18.0,0.0,25.0,362.0,836.0,4,892.0
7.0,18.0,181.0,579.0,580.0,758.0,4,834.0
7.0,18.0,25.0,218.0,396.0,579.0,4,836.0
7.0,18.0,218.0,396.0,580.0,758.0,4,836.0
7.0,18.0,181.0,218.0,396.0,580.0,4,758.0
7.0,18.0,218.0,579.0,580.0,758.0,4,834.0
7.0,18.0,181.0,218.0,396.0,579.0,4,580.0
7.0,18.0,25.0,181.0,218.0,396.0,4,579.0
7.0,18.0,181.0,579.0,580.0,758.0,4,834.0
7.0,26.0,333.0,384.0,703.0,914.0,4,948.0
7.0,26.0,107.0,214.0,314.0,333.0,4,422.0
7.0,26.0,214.0,314.0,384.0,620.0,4,632.0
7.0,18.0,181.0,579.0,580.0,758.0,4,834.0
7.0,18.0,25.0,150.0,218.0,396.0,4,855.0
7.0,18.0,181.0,579.0,580.0,758.0,4,834.0
7.0,18.0,181.0,579.0,580.0,758.0,4,834.0
7.0,18.0,181.0,579.0,580.0,834.0,4,855.0
7.0,18.0,25.0,150.0,218.0,396.0,4,855.0
7.0,18.0,181.0,579.0,580.0,758.0,4,834.0
7.0,18.0,25.0,181.0,396.0,579.0,4,855.0
7.0,18.0,25.0,150.0,218.0,396.0,4,855.0
7.0,18.0,25.0,150.0,218.0,396.0,4,855.0
7.0,18.0,25.0,150.0,218.0,396.0,4,758.0
7.0,18.0,150.0,579.0,580.0,758.0,4,834.0
7.0,18.0,181.0,396.0,579.0,580.0,4,758.0
7.0,18.0,181.0,579.0,580.0,758.0,4,834.0
7.0,18.0,0.0,150.0,218.0,362.0,4,635.0
7.0,18.0,0.0,25.0,218.0,362.0,4,635.0
7.0,30.0,100.0,217.0,559.0,953.0,4,963.0
7.0,30.0,559.0,663.0,689.0,953.0,4,963.0
7.0,30.0,217.0,461.0,663.0,689.0,4,963.0
7.0,30.0,100.0,559.0,785.0,953.0,4,963.0
7.0,30.0,100.0,559.0,663.0,953.0,4,963.0
7.0,30.0,461.0,559.0,663.0,953.0,4,963.0
7.0,30.0,73.0,186.0,461.0,559.0,4,963.0
7.0,30.0,186.0,461.0,559.0,689.0,4,785.0
7.0,18.0,25.0,181.0,396.0,579.0,4,855.0
7.0,18.0,25.0,150.0,218.0,396.0,4,855.0
7.0,18.0,181.0,579.0,580.0,834.0,4,855.0
7.0,18.0,25.0,150.0,396.0,758.0,4,855.0
7.0,18.0,25.0,181.0,396.0,579.0,4,758.0
7.0,32.0,34.0,241.0,511.0,602.0,4,944.0
7.0,32.0,34.0,173.0,505.0,602.0,4,944.0
7.0,32.0,173.0,241.0,370.0,505.0,4,784.0
7.0,32.0,34.0,241.0,511.0,602.0,4,944.0
7.0,32.0,34.0,370.0,602.0,784.0,4,944.0
7.0,32.0,173.0,241.0,370.0,784.0,4,944.0
7.0,32.0,34.0,370.0,511.0,602.0,4,944.0
7.0,18.0,181.0,579.0,580.0,758.0,4,834.0
7.0,18.0,181.0,396.0,579.0,580.0,4,758.0
7.0,18.0,25.0,150.0,218.0,396.0,4,855.0
7.0,18.0,25.0,150.0,218.0,396.0,4,758.0
7.0,18.0,181.0,579.0,580.0,758.0,4,834.0
7.0,18.0,181.0,579.0,580.0,758.0,4,834.0
7.0,18.0,181.0,579.0,580.0,758.0,4,834.0
7.0,18.0,181.0,579.0,580.0,758.0,4,834.0
7.0,18.0,181.0,362.0,579.0,580.0,4,834.0
7.0,18.0,181.0,579.0,580.0,758.0,4,834.0
7.0,18.0,150.0,181.0,579.0,758.0,4,834.0
7.0,18.0,25.0,218.0,362.0,635.0,4,892.0
7.0,33.0,21.0,318.0,361.0,686.0,4,976.0
7.0,33.0,21.0,111.0,470.0,504.0,4,861.0
7.0,33.0,21.0,111.0,470.0,504.0,4,861.0
7.0,33.0,318.0,361.0,686.0,829.0,4,976.0
7.0,33.0,21.0,318.0,361.0,686.0,4,976.0
7.0,33.0,21.0,361.0,470.0,861.0,4,976.0
7.0,33.0,21.0,271.0,470.0,861.0,4,976.0
7.0,33.0,271.0,385.0,470.0,861.0,4,976.0
7.0,10.0,40.0,47.0,234.0,376.0,4,918.0
7.0,10.0,47.0,289.0,376.0,517.0,4,918.0
7.0,10.0,289.0,376.0,517.0,591.0,4,684.0
7.0,10.0,40.0,47.0,234.0,591.0,4,918.0
7.0,10.0,40.0,47.0,234.0,376.0,4,918.0
7.0,10.0,40.0,47.0,234.0,376.0,4,918.0
7.0,10.0,289.0,376.0,517.0,684.0,4,918.0
7.0,28.0,203.0,608.0,754.0,842.0,4,1016.0
7.0,28.0,128.0,496.0,608.0,730.0,4,754.0
7.0,28.0,128.0,496.0,608.0,730.0,4,754.0
7.0,28.0,128.0,496.0,730.0,951.0,4,1016.0
7.0,28.0,128.0,496.0,730.0,951.0,4,1016.0
7.0,28.0,128.0,496.0,730.0,951.0,4,1016.0
7.0,28.0,203.0,608.0,754.0,842.0,4,1016.0
7.0,28.0,128.0,496.0,608.0,730.0,4,754.0
7.0,28.0,128.0,496.0,730.0,951.0,4,1016.0
7.0,28.0,128.0,730.0,842.0,951.0,4,1016.0
7.0,28.0,203.0,608.0,730.0,754.0,4,842.0
7.0,4.0,134.0,194.0,486.0,715.0,4,936.0
7.0,4.0,194.0,486.0,743.0,936.0,4,964.0
7.0,4.0,715.0,718.0,743.0,936.0,4,964.0
7.0,4.0,134.0,715.0,718.0,743.0,4,964.0
7.0,4.0,134.0,194.0,486.0,715.0,4,936.0
7.0,4.0,134.0,194.0,486.0,715.0,4,936.0
7.0,4.0,194.0,486.0,743.0,936.0,4,964.0
7.0,4.0,134.0,194.0,486.0,936.0,4,964.0
7.0,4.0,134.0,194.0,486.0,936.0,4,964.0
7.0,4.0,134.0,194.0,486.0,715.0,4,936.0
7.0,18.0,181.0,579.0,580.0,834.0,4,855.0
7.0,18.0,181.0,579.0,580.0,834.0,4,855.0
7.0,18.0,150.0,181.0,579.0,834.0,4,855.0
7.0,18.0,150.0,218.0,362.0,396.0,4,635.0
7.0,18.0,181.0,579.0,580.0,834.0,4,855.0
7.0,18.0,181.0,579.0,580.0,834.0,4,855.0
7.0,18.0,181.0,396.0,579.0,580.0,4,855.0
7.0,18.0,150.0,218.0,396.0,579.0,4,635.0
7.0,18.0,150.0,218.0,396.0,579.0,4,635.0
7.0,18.0,150.0,218.0,579.0,580.0,4,834.0
7.0,18.0,181.0,579.0,580.0,834.0,4,855.0
7.0,18.0,181.0,579.0,580.0,834.0,4,855.0
7.0,18.0,181.0,579.0,580.0,834.0,4,855.0
7.0,18.0,181.0,579.0,580.0,834.0,4,855.0
7.0,18.0,181.0,218.0,579.0,580.0,4,834.0
7.0,18.0,150.0,218.0,362.0,396.0,4,580.0
7.0,0.0,244.0,372.0,465.0,601.0,4,789.0
7.0,0.0,252.0,315.0,634.0,789.0,4,906.0
7.0,0.0,252.0,315.0,634.0,721.0,4,906.0
7.0,0.0,252.0,372.0,634.0,721.0,4,906.0
7.0,0.0,252.0,634.0,721.0,789.0,4,906.0
7.0,0.0,315.0,465.0,601.0,634.0,4,789.0
7.0,0.0,244.0,372.0,465.0,601.0,4,789.0
7.0,0.0,244.0,315.0,465.0,601.0,4,721.0
7.0,0.0,244.0,315.0,465.0,601.0,4,721.0
7.0,0.0,315.0,601.0,634.0,789.0,4,906.0
7.0,0.0,244.0,372.0,601.0,789.0,4,906.0
7.0,18.0,181.0,579.0,580.0,834.0,4,855.0
7.0,18.0,181.0,579.0,580.0,834.0,4,855.0
7.0,18.0,181.0,579.0,580.0,834.0,4,855.0
7.0,18.0,150.0,218.0,362.0,396.0,4,635.0
7.0,18.0,150.0,218.0,362.0,396.0,4,635.0
7.0,18.0,181.0,579.0,580.0,834.0,4,855.0
7.0,18.0,181.0,579.0,580.0,834.0,4,855.0
7.0,18.0,181.0,218.0,579.0,580.0,4,834.0
7.0,18.0,218.0,396.0,579.0,580.0,4,635.0
7.0,24.0,570.0,576.0,825.0,888.0,4,947.0
7.0,24.0,254.0,471.0,750.0,793.0,4,926.0
7.0,24.0,576.0,793.0,825.0,888.0,4,947.0
7.0,24.0,570.0,576.0,825.0,888.0,4,947.0
7.0,24.0,576.0,793.0,825.0,888.0,4,947.0
7.0,24.0,570.0,576.0,825.0,888.0,4,947.0
7.0,24.0,254.0,471.0,576.0,750.0,4,888.0
7.0,24.0,254.0,471.0,576.0,750.0,4,793.0
7.0,24.0,254.0,471.0,750.0,793.0,4,825.0
7.0,24.0,254.0,471.0,750.0,793.0,4,825.0
7.0,22.0,16.0,26.0,58.0,117.0,4,320.0
7.0,22.0,58.0,77.0,320.0,369.0,4,990.0
7.0,22.0,58.0,60.0,77.0,369.0,4,990.0
7.0,22.0,16.0,60.0,369.0,639.0,4,990.0
7.0,22.0,16.0,58.0,60.0,117.0,4,639.0
7.0,22.0,26.0,58.0,117.0,320.0,4,990.0
7.0,22.0,16.0,26.0,58.0,117.0,4,320.0
7.0,22.0,16.0,58.0,117.0,320.0,4,369.0
7.0,22.0,58.0,117.0,320.0,369.0,4,990.0
7.0,22.0,60.0,77.0,369.0,639.0,4,990.0
7.0,22.0,60.0,77.0,369.0,639.0,4,990.0
7.0,22.0,58.0,60.0,77.0,320.0,4,639.0
7.0,22.0,58.0,60.0,77.0,320.0,4,639.0
7.0,22.0,58.0,60.0,77.0,320.0,4,639.0
7.0,22.0,58.0,60.0,117.0,320.0,4,639.0
7.0,18.0,150.0,181.0,218.0,834.0,4,855.0
7.0,18.0,25.0,362.0,396.0,635.0,4,892.0
7.0,18.0,218.0,396.0,834.0,855.0,4,892.0
7.0,18.0,181.0,218.0,834.0,855.0,4,892.0
7.0,18.0,150.0,181.0,218.0,834.0,4,855.0
7.0,18.0,150.0,181.0,218.0,834.0,4,855.0
7.0,18.0,150.0,181.0,218.0,834.0,4,855.0
7.0,18.0,181.0,218.0,834.0,855.0,4,892.0
7.0,18.0,150.0,181.0,579.0,834.0,4,855.0
7.0,18.0,150.0,181.0,396.0,579.0,4,855.0
7.0,18.0,25.0,181.0,218.0,396.0,4,579.0
7.0,18.0,25.0,181.0,218.0,396.0,4,579.0
7.0,18.0,25.0,218.0,396.0,579.0,4,635.0
7.0,18.0,218.0,396.0,635.0,834.0,4,855.0
7.0,18.0,150.0,181.0,579.0,834.0,4,855.0
7.0,18.0,150.0,181.0,579.0,834.0,4,855.0
7.0,18.0,150.0,181.0,218.0,579.0,4,834.0
7.0,18.0,181.0,218.0,396.0,579.0,4,834.0
7.0,18.0,181.0,218.0,396.0,579.0,4,834.0
7.0,18.0,181.0,218.0,396.0,579.0,4,834.0
7.0,18.0,181.0,218.0,396.0,579.0,4,834.0
7.0,18.0,0.0,218.0,362.0,396.0,4,635.0
7.0,18.0,150.0,181.0,579.0,834.0,4,855.0
7.0,18.0,150.0,181.0,579.0,834.0,4,855.0
7.0,18.0,25.0,218.0,396.0,579.0,4,635.0
7.0,18.0,150.0,579.0,635.0,834.0,4,855.0
7.0,18.0,150.0,181.0,579.0,834.0,4,855.0
7.0,18.0,150.0,181.0,579.0,834.0,4,855.0
7.0,18.0,150.0,218.0,396.0,635.0,4,855.0
7.0,18.0,25.0,218.0,396.0,635.0,4,855.0
7.0,18.0,181.0,218.0,579.0,635.0,4,834.0
7.0,18.0,181.0,218.0,579.0,635.0,4,834.0
7.0,33.0,21.0,271.0,318.0,361.0,4,470.0
7.0,33.0,21.0,111.0,318.0,470.0,4,976.0
7.0,33.0,21.0,318.0,470.0,829.0,4,976.0
7.0,33.0,318.0,361.0,470.0,829.0,4,976.0
7.0,33.0,21.0,318.0,361.0,686.0,4,976.0
7.0,33.0,21.0,361.0,686.0,861.0,4,976.0
7.0,33.0,21.0,271.0,652.0,861.0,4,976.0
7.0,28.0,203.0,285.0,754.0,842.0,4,1016.0
7.0,28.0,203.0,285.0,730.0,754.0,4,842.0
7.0,28.0,203.0,730.0,754.0,842.0,4,1016.0
7.0,28.0,203.0,754.0,842.0,951.0,4,1016.0
7.0,28.0,730.0,754.0,842.0,951.0,4,1016.0
7.0,28.0,203.0,754.0,842.0,951.0,4,1016.0
7.0,28.0,730.0,754.0,842.0,1002.0,4,1017.0
7.0,28.0,730.0,754.0,951.0,1002.0,4,1017.0
7.0,28.0,730.0,754.0,951.0,1002.0,4,1017.0
7.0,28.0,730.0,951.0,1002.0,1016.0,4,1017.0
7.0,28.0,730.0,951.0,1002.0,1016.0,4,1017.0
7.0,28.0,730.0,754.0,951.0,1002.0,4,1016.0
7.0,27.0,146.0,351.0,359.0,726.0,4,777.0
7.0,27.0,69.0,393.0,668.0,680.0,4,777.0
7.0,27.0,351.0,393.0,668.0,680.0,4,726.0
7.0,27.0,146.0,351.0,393.0,668.0,4,680.0
7.0,27.0,351.0,359.0,668.0,680.0,4,777.0
7.0,27.0,351.0,393.0,668.0,680.0,4,777.0
7.0,27.0,351.0,393.0,668.0,680.0,4,777.0
7.0,27.0,69.0,351.0,393.0,668.0,4,680.0
7.0,27.0,146.0,351.0,359.0,680.0,4,777.0
7.0,29.0,83.0,242.0,392.0,456.0,4,860.0
7.0,29.0,83.0,260.0,392.0,456.0,4,860.0
7.0,29.0,260.0,392.0,771.0,799.0,4,824.0
7.0,29.0,260.0,771.0,799.0,821.0,4,824.0
7.0,29.0,242.0,392.0,456.0,821.0,4,860.0
7.0,29.0,260.0,392.0,821.0,824.0,4,860.0
7.0,29.0,242.0,392.0,456.0,821.0,4,860.0
7.0,29.0,242.0,260.0,392.0,456.0,4,821.0
7.0,29.0,260.0,771.0,799.0,821.0,4,824.0
7.0,29.0,260.0,771.0,799.0,821.0,4,824.0
7.0,29.0,242.0,392.0,799.0,821.0,4,860.0
7.0,8.0,397.0,571.0,811.0,984.0,4,1027.0
7.0,8.0,397.0,571.0,811.0,984.0,4,1027.0
7.0,8.0,1.0,332.0,436.0,571.0,4,811.0
7.0,8.0,332.0,436.0,571.0,811.0,4,984.0
7.0,8.0,571.0,811.0,957.0,984.0,4,1027.0
7.0,8.0,397.0,811.0,957.0,984.0,4,1027.0
7.0,8.0,229.0,397.0,811.0,984.0,4,1027.0
7.0,8.0,229.0,397.0,811.0,984.0,4,1027.0
7.0,8.0,571.0,811.0,957.0,984.0,4,1027.0
7.0,8.0,397.0,571.0,811.0,984.0,4,1027.0
7.0,8.0,332.0,397.0,571.0,984.0,4,1027.0
7.0,8.0,1.0,229.0,332.0,397.0,4,811.0
7.0,8.0,1.0,229.0,397.0,984.0,4,1027.0
7.0,8.0,1.0,571.0,811.0,984.0,4,1027.0
7.0,8.0,1.0,571.0,811.0,984.0,4,1027.0
7.0,8.0,1.0,571.0,811.0,984.0,4,1027.0
7.0,18.0,150.0,218.0,396.0,579.0,4,635.0
7.0,18.0,150.0,218.0,396.0,758.0,4,892.0
7.0,18.0,181.0,218.0,579.0,580.0,4,834.0
7.0,18.0,181.0,218.0,579.0,580.0,4,834.0
7.0,18.0,181.0,579.0,580.0,758.0,4,834.0
7.0,18.0,150.0,181.0,579.0,580.0,4,834.0
7.0,18.0,181.0,579.0,580.0,758.0,4,834.0
7.0,18.0,181.0,579.0,580.0,758.0,4,834.0
7.0,18.0,150.0,218.0,396.0,579.0,4,635.0
7.0,18.0,150.0,396.0,635.0,758.0,4,834.0
7.0,18.0,396.0,579.0,580.0,758.0,4,892.0
7.0,18.0,181.0,396.0,579.0,580.0,4,758.0
7.0,18.0,181.0,362.0,579.0,580.0,4,834.0
7.0,18.0,181.0,579.0,580.0,758.0,4,834.0
7.0,18.0,181.0,579.0,580.0,758.0,4,834.0
7.0,18.0,181.0,218.0,579.0,580.0,4,834.0
7.0,18.0,181.0,579.0,580.0,758.0,4,834.0
7.0,18.0,181.0,579.0,580.0,758.0,4,834.0
7.0,18.0,181.0,218.0,579.0,580.0,4,834.0
7.0,18.0,150.0,181.0,396.0,579.0,4,758.0
7.0,18.0,150.0,181.0,396.0,579.0,4,758.0
7.0,18.0,181.0,579.0,580.0,758.0,4,834.0
7.0,18.0,181.0,396.0,579.0,580.0,4,758.0
7.0,18.0,150.0,181.0,758.0,834.0,4,892.0
7.0,18.0,150.0,181.0,758.0,834.0,4,892.0
7.0,18.0,181.0,579.0,580.0,758.0,4,834.0
7.0,18.0,150.0,181.0,218.0,396.0,4,579.0
7.0,18.0,150.0,218.0,396.0,579.0,4,834.0
7.0,18.0,150.0,218.0,396.0,758.0,4,834.0
7.0,18.0,150.0,218.0,396.0,580.0,4,758.0
7.0,18.0,181.0,579.0,580.0,758.0,4,834.0
7.0,18.0,181.0,579.0,580.0,758.0,4,834.0
7.0,18.0,181.0,218.0,396.0,579.0,4,580.0
7.0,18.0,218.0,396.0,579.0,834.0,4,892.0
7.0,18.0,218.0,396.0,579.0,834.0,4,892.0
7.0,18.0,396.0,579.0,758.0,834.0,4,892.0
7.0,18.0,181.0,218.0,396.0,579.0,4,834.0
7.0,18.0,181.0,362.0,579.0,580.0,4,834.0
7.0,18.0,218.0,396.0,579.0,580.0,4,635.0
7.0,18.0,181.0,362.0,579.0,580.0,4,834.0
7.0,18.0,181.0,362.0,579.0,580.0,4,834.0
7.0,18.0,181.0,362.0,579.0,580.0,4,834.0
7.0,18.0,181.0,218.0,362.0,396.0,4,580.0
7.0,18.0,218.0,362.0,396.0,580.0,4,836.0
7.0,18.0,218.0,579.0,580.0,834.0,4,836.0
7.0,7.0,277.0,410.0,524.0,731.0,4,874.0
7.0,7.0,277.0,410.0,524.0,731.0,4,902.0
7.0,7.0,267.0,410.0,874.0,902.0,4,1005.0
7.0,7.0,267.0,277.0,410.0,902.0,4,1005.0
7.0,7.0,105.0,267.0,277.0,410.0,4,1005.0
7.0,7.0,105.0,267.0,277.0,731.0,4,1005.0
7.0,7.0,105.0,267.0,731.0,902.0,4,1005.0
7.0,7.0,267.0,277.0,731.0,902.0,4,1005.0
7.0,7.0,267.0,277.0,731.0,902.0,4,1005.0
7.0,18.0,181.0,362.0,579.0,580.0,4,834.0
7.0,18.0,181.0,362.0,579.0,580.0,4,834.0
7.0,18.0,181.0,362.0,579.0,580.0,4,834.0
7.0,18.0,218.0,396.0,579.0,834.0,4,892.0
7.0,18.0,218.0,396.0,579.0,580.0,4,892.0
7.0,18.0,181.0,362.0,579.0,580.0,4,834.0
7.0,18.0,181.0,218.0,579.0,580.0,4,834.0
7.0,15.0,188.0,659.0,714.0,941.0,4,1036.0
7.0,15.0,188.0,659.0,714.0,941.0,4,1036.0
7.0,15.0,659.0,714.0,749.0,941.0,4,1036.0
7.0,15.0,302.0,719.0,749.0,941.0,4,1036.0
7.0,15.0,302.0,426.0,719.0,749.0,4,1036.0
7.0,15.0,188.0,659.0,714.0,941.0,4,1036.0
7.0,15.0,302.0,426.0,593.0,714.0,4,719.0
7.0,15.0,86.0,302.0,426.0,593.0,4,719.0
7.0,18.0,181.0,362.0,579.0,580.0,4,834.0
7.0,18.0,181.0,218.0,396.0,579.0,4,580.0
7.0,18.0,150.0,181.0,218.0,362.0,4,396.0
7.0,18.0,150.0,218.0,362.0,396.0,4,580.0
7.0,18.0,150.0,362.0,396.0,579.0,4,580.0
7.0,18.0,181.0,362.0,579.0,580.0,4,834.0
7.0,18.0,181.0,362.0,579.0,580.0,4,834.0
7.0,18.0,181.0,362.0,579.0,580.0,4,834.0
7.0,18.0,150.0,362.0,396.0,834.0,4,836.0
7.0,18.0,25.0,150.0,635.0,836.0,4,892.0
7.0,18.0,181.0,579.0,580.0,758.0,4,834.0
7.0,18.0,181.0,579.0,580.0,758.0,4,834.0
7.0,18.0,150.0,181.0,362.0,396.0,4,579.0
7.0,18.0,150.0,181.0,218.0,362.0,4,396.0
7.0,18.0,150.0,218.0,362.0,396.0,4,635.0
7.0,18.0,150.0,218.0,396.0,635.0,4,758.0
7.0,18.0,362.0,579.0,580.0,635.0,4,834.0
7.0,18.0,181.0,579.0,580.0,758.0,4,834.0
7.0,18.0,150.0,181.0,218.0,579.0,4,834.0
7.0,18.0,150.0,362.0,396.0,635.0,4,836.0
7.0,2.0,255.0,493.0,687.0,790.0,4,900.0
7.0,2.0,36.0,255.0,493.0,670.0,4,790.0
7.0,2.0,36.0,255.0,493.0,670.0,4,790.0
7.0,2.0,17.0,36.0,670.0,728.0,4,900.0
7.0,2.0,17.0,36.0,670.0,728.0,4,900.0
7.0,2.0,17.0,36.0,670.0,728.0,4,900.0
7.0,2.0,17.0,255.0,493.0,687.0,4,790.0
7.0,2.0,17.0,255.0,493.0,687.0,4,728.0
7.0,2.0,17.0,36.0,493.0,728.0,4,900.0
7.0,2.0,17.0,255.0,670.0,687.0,4,790.0
7.0,2.0,17.0,255.0,523.0,687.0,4,790.0
7.0,2.0,255.0,493.0,687.0,790.0,4,900.0
7.0,2.0,255.0,493.0,687.0,728.0,4,900.0
7.0,18.0,181.0,362.0,579.0,580.0,4,834.0
7.0,18.0,150.0,181.0,218.0,396.0,4,855.0
7.0,18.0,150.0,218.0,396.0,855.0,4,892.0
7.0,18.0,150.0,218.0,396.0,855.0,4,892.0
7.0,18.0,362.0,579.0,580.0,834.0,4,892.0
7.0,18.0,181.0,362.0,579.0,580.0,4,834.0
7.0,18.0,181.0,362.0,579.0,580.0,4,834.0
7.0,18.0,181.0,362.0,579.0,580.0,4,834.0
7.0,18.0,150.0,396.0,579.0,855.0,4,892.0
7.0,18.0,181.0,579.0,580.0,834.0,4,855.0
7.0,16.0,155.0,623.0,674.0,959.0,4,996.0
7.0,16.0,155.0,623.0,820.0,959.0,4,996.0
7.0,16.0,153.0,674.0,763.0,814.0,4,820.0
7.0,16.0,153.0,427.0,674.0,763.0,4,814.0
7.0,16.0,153.0,155.0,427.0,674.0,4,763.0
7.0,16.0,153.0,155.0,427.0,623.0,4,674.0
7.0,16.0,155.0,427.0,623.0,763.0,4,996.0
7.0,16.0,155.0,623.0,763.0,820.0,4,996.0
7.0,16.0,153.0,623.0,763.0,814.0,4,820.0
7.0,16.0,153.0,623.0,763.0,814.0,4,820.0
7.0,16.0,153.0,155.0,623.0,674.0,4,820.0
7.0,16.0,155.0,623.0,674.0,763.0,4,820.0
7.0,25.0,74.0,269.0,421.0,603.0,4,696.0
7.0,25.0,50.0,74.0,421.0,603.0,4,696.0
7.0,25.0,50.0,74.0,421.0,696.0,4,958.0
7.0,25.0,50.0,286.0,297.0,958.0,4,1003.0
7.0,25.0,269.0,286.0,297.0,958.0,4,1003.0
7.0,25.0,74.0,286.0,603.0,958.0,4,1003.0
7.0,25.0,74.0,269.0,696.0,958.0,4,1003.0
7.0,25.0,50.0,286.0,297.0,958.0,4,1003.0
7.0,25.0,50.0,286.0,297.0,958.0,4,1003.0
7.0,25.0,50.0,286.0,297.0,958.0,4,1003.0
7.0,25.0,50.0,286.0,297.0,958.0,4,1003.0
7.0,25.0,74.0,421.0,603.0,958.0,4,1003.0
7.0,18.0,181.0,362.0,579.0,834.0,4,836.0
7.0,18.0,181.0,362.0,579.0,834.0,4,836.0
7.0,18.0,181.0,396.0,579.0,635.0,4,855.0
7.0,18.0,218.0,362.0,396.0,635.0,4,834.0
7.0,18.0,362.0,396.0,579.0,834.0,4,836.0
7.0,18.0,181.0,362.0,579.0,834.0,4,836.0
7.0,18.0,181.0,362.0,579.0,834.0,4,836.0
7.0,18.0,181.0,362.0,579.0,834.0,4,836.0
7.0,18.0,218.0,396.0,635.0,836.0,4,855.0
7.0,18.0,218.0,396.0,834.0,836.0,4,855.0
7.0,18.0,218.0,635.0,773.0,834.0,4,855.0
7.0,18.0,25.0,218.0,635.0,773.0,4,855.0
7.0,18.0,25.0,579.0,635.0,773.0,4,855.0
7.0,18.0,579.0,635.0,834.0,836.0,4,855.0
7.0,29.0,83.0,242.0,260.0,392.0,4,456.0
7.0,29.0,83.0,242.0,260.0,456.0,4,821.0
7.0,29.0,3.0,83.0,260.0,456.0,4,821.0
7.0,29.0,3.0,83.0,260.0,456.0,4,821.0
7.0,29.0,3.0,83.0,392.0,799.0,4,971.0
7.0,29.0,83.0,242.0,260.0,456.0,4,821.0
7.0,29.0,83.0,242.0,260.0,456.0,4,821.0
7.0,29.0,83.0,242.0,260.0,392.0,4,456.0
7.0,29.0,83.0,242.0,260.0,392.0,4,799.0
7.0,29.0,83.0,242.0,260.0,799.0,4,821.0
7.0,29.0,83.0,242.0,260.0,799.0,4,821.0
7.0,29.0,242.0,260.0,392.0,821.0,4,971.0
7.0,29.0,260.0,392.0,456.0,821.0,4,971.0
7.0,29.0,260.0,392.0,456.0,821.0,4,971.0
7.0,10.0,234.0,289.0,517.0,684.0,4,922.0
7.0,10.0,234.0,289.0,517.0,591.0,4,918.0
7.0,10.0,234.0,289.0,477.0,591.0,4,918.0
7.0,10.0,289.0,376.0,477.0,591.0,4,918.0
7.0,10.0,234.0,376.0,477.0,591.0,4,918.0
7.0,10.0,234.0,289.0,376.0,591.0,4,918.0
7.0,10.0,289.0,376.0,591.0,684.0,4,922.0
7.0,10.0,234.0,289.0,591.0,918.0,4,922.0
7.0,10.0,234.0,289.0,376.0,591.0,4,918.0
7.0,10.0,234.0,289.0,376.0,591.0,4,918.0
7.0,18.0,25.0,218.0,635.0,836.0,4,855.0
7.0,18.0,218.0,635.0,834.0,836.0,4,855.0
7.0,18.0,579.0,635.0,834.0,836.0,4,855.0
7.0,18.0,181.0,362.0,579.0,580.0,4,834.0
7.0,18.0,181.0,362.0,579.0,580.0,4,834.0
7.0,18.0,25.0,181.0,579.0,836.0,4,855.0
7.0,18.0,25.0,218.0,834.0,836.0,4,855.0
7.0,18.0,25.0,218.0,362.0,834.0,4,836.0
7.0,18.0,218.0,579.0,580.0,834.0,4,836.0
7.0,27.0,146.0,319.0,359.0,726.0,4,777.0
7.0,27.0,319.0,359.0,668.0,726.0,4,777.0
7.0,27.0,319.0,359.0,668.0,726.0,4,777.0
7.0,27.0,351.0,359.0,668.0,726.0,4,777.0
7.0,27.0,23.0,319.0,351.0,668.0,4,777.0
7.0,27.0,69.0,146.0,359.0,726.0,4,777.0
7.0,27.0,69.0,359.0,668.0,726.0,4,777.0
7.0,27.0,69.0,351.0,359.0,668.0,4,726.0
7.0,27.0,319.0,359.0,668.0,726.0,4,777.0
7.0,27.0,146.0,319.0,359.0,726.0,4,777.0
7.0,8.0,62.0,397.0,404.0,811.0,4,984.0
7.0,8.0,41.0,332.0,571.0,740.0,4,957.0
7.0,8.0,62.0,397.0,404.0,811.0,4,984.0
7.0,8.0,41.0,571.0,740.0,957.0,4,984.0
7.0,8.0,41.0,332.0,571.0,740.0,4,957.0
7.0,8.0,571.0,740.0,811.0,957.0,4,984.0
7.0,28.0,203.0,608.0,754.0,842.0,4,1016.0
7.0,28.0,203.0,608.0,754.0,842.0,4,1016.0
7.0,28.0,203.0,608.0,730.0,754.0,4,842.0
7.0,28.0,203.0,285.0,608.0,754.0,4,842.0
7.0,28.0,203.0,608.0,730.0,754.0,4,842.0
7.0,28.0,203.0,608.0,730.0,754.0,4,842.0
7.0,28.0,203.0,608.0,754.0,842.0,4,1016.0
7.0,28.0,203.0,496.0,730.0,754.0,4,951.0
7.0,28.0,285.0,730.0,842.0,951.0,4,1016.0
7.0,28.0,203.0,608.0,754.0,842.0,4,1016.0
7.0,28.0,608.0,730.0,754.0,842.0,4,1016.0
7.0,28.0,285.0,496.0,608.0,730.0,4,754.0
7.0,28.0,203.0,285.0,496.0,730.0,4,951.0
7.0,28.0,203.0,285.0,496.0,730.0,4,951.0
7.0,28.0,608.0,730.0,754.0,842.0,4,1016.0
7.0,28.0,608.0,730.0,754.0,842.0,4,1016.0
7.0,28.0,203.0,608.0,754.0,842.0,4,1016.0
7.0,28.0,203.0,496.0,608.0,754.0,4,1016.0
7.0,28.0,203.0,496.0,608.0,730.0,4,754.0
7.0,28.0,203.0,608.0,754.0,842.0,4,1016.0
7.0,29.0,392.0,456.0,505.0,670.0,4,784.0
7.0,29.0,83.0,392.0,485.0,635.0,4,784.0
7.0,29.0,242.0,370.0,505.0,670.0,4,784.0
7.0,29.0,370.0,456.0,505.0,670.0,4,784.0
7.0,29.0,83.0,242.0,370.0,485.0,4,635.0
7.0,29.0,83.0,242.0,370.0,485.0,4,635.0
7.0,29.0,83.0,242.0,370.0,485.0,4,635.0
7.0,28.0,203.0,608.0,754.0,842.0,4,1016.0
7.0,28.0,496.0,608.0,730.0,754.0,4,1016.0
7.0,28.0,496.0,608.0,730.0,754.0,4,1016.0
7.0,28.0,203.0,285.0,496.0,730.0,4,754.0
7.0,28.0,203.0,285.0,496.0,608.0,4,730.0
7.0,28.0,285.0,608.0,730.0,842.0,4,1016.0
7.0,28.0,496.0,608.0,730.0,754.0,4,1016.0
7.0,28.0,203.0,285.0,496.0,730.0,4,842.0
7.0,28.0,203.0,285.0,608.0,730.0,4,842.0
7.0,28.0,203.0,496.0,730.0,951.0,4,1016.0
7.0,28.0,203.0,608.0,754.0,842.0,4,1016.0
7.0,28.0,285.0,496.0,608.0,730.0,4,754.0
7.0,28.0,285.0,730.0,842.0,951.0,4,1016.0
7.0,28.0,203.0,608.0,730.0,951.0,4,1016.0
7.0,1.0,78.0,106.0,442.0,463.0,4,517.0
7.0,1.0,106.0,353.0,442.0,463.0,4,517.0
7.0,1.0,188.0,353.0,442.0,517.0,4,1006.0
7.0,1.0,188.0,353.0,442.0,517.0,4,1006.0
7.0,1.0,188.0,353.0,442.0,795.0,4,1006.0
7.0,1.0,188.0,353.0,442.0,795.0,4,1006.0
7.0,1.0,78.0,106.0,463.0,517.0,4,565.0
7.0,1.0,106.0,353.0,442.0,463.0,4,517.0
7.0,1.0,106.0,353.0,442.0,463.0,4,517.0
7.0,1.0,188.0,353.0,442.0,565.0,4,795.0
7.0,1.0,188.0,353.0,442.0,517.0,4,565.0
7.0,32.0,34.0,241.0,511.0,602.0,4,860.0
7.0,32.0,602.0,799.0,860.0,944.0,4,986.0
7.0,32.0,34.0,602.0,613.0,860.0,4,986.0
7.0,32.0,602.0,613.0,799.0,860.0,4,986.0
7.0,32.0,241.0,511.0,602.0,860.0,4,986.0
7.0,32.0,241.0,511.0,602.0,860.0,4,986.0
7.0,32.0,34.0,241.0,602.0,860.0,4,925.0
7.0,2.0,493.0,577.0,790.0,824.0,4,900.0
7.0,2.0,17.0,36.0,790.0,824.0,4,900.0
7.0,2.0,17.0,36.0,790.0,824.0,4,900.0
7.0,2.0,36.0,455.0,493.0,824.0,4,900.0
7.0,2.0,17.0,455.0,493.0,577.0,4,790.0
7.0,17.0,137.0,310.0,642.0,764.0,4,1037.0
7.0,17.0,328.0,348.0,502.0,587.0,4,741.0
7.0,17.0,328.0,348.0,502.0,587.0,4,741.0
7.0,17.0,137.0,310.0,642.0,764.0,4,1037.0
7.0,17.0,328.0,348.0,502.0,587.0,4,741.0
7.0,17.0,328.0,348.0,502.0,587.0,4,741.0
7.0,17.0,137.0,587.0,642.0,764.0,4,1037.0
7.0,17.0,137.0,328.0,348.0,642.0,4,1037.0
7.0,28.0,203.0,285.0,608.0,730.0,4,842.0
7.0,28.0,203.0,608.0,754.0,842.0,4,1016.0
7.0,28.0,203.0,608.0,754.0,842.0,4,1016.0
7.0,28.0,203.0,608.0,754.0,842.0,4,1016.0
7.0,28.0,608.0,730.0,754.0,842.0,4,1016.0
7.0,28.0,285.0,496.0,730.0,842.0,4,1016.0
7.0,28.0,285.0,496.0,608.0,730.0,4,754.0
7.0,28.0,203.0,608.0,754.0,842.0,4,1016.0
7.0,10.0,47.0,234.0,289.0,376.0,4,918.0
7.0,10.0,234.0,289.0,376.0,684.0,4,745.0
7.0,10.0,289.0,573.0,591.0,684.0,4,745.0
7.0,10.0,47.0,289.0,376.0,591.0,4,918.0
7.0,10.0,47.0,234.0,376.0,591.0,4,918.0
7.0,10.0,47.0,234.0,376.0,591.0,4,918.0
7.0,10.0,47.0,234.0,376.0,591.0,4,918.0
7.0,10.0,47.0,376.0,573.0,684.0,4,918.0
7.0,28.0,203.0,608.0,754.0,842.0,4,1016.0
7.0,28.0,285.0,301.0,496.0,608.0,4,754.0
7.0,28.0,285.0,301.0,496.0,951.0,4,1017.0
7.0,28.0,203.0,496.0,951.0,1016.0,4,1017.0
7.0,28.0,203.0,496.0,754.0,951.0,4,1016.0
7.0,27.0,146.0,351.0,359.0,668.0,4,726.0
7.0,27.0,146.0,351.0,359.0,668.0,4,726.0
7.0,27.0,146.0,351.0,359.0,668.0,4,680.0
7.0,27.0,146.0,351.0,359.0,668.0,4,777.0
7.0,27.0,146.0,351.0,359.0,726.0,4,777.0
7.0,27.0,351.0,359.0,680.0,726.0,4,777.0
7.0,27.0,146.0,351.0,393.0,668.0,4,680.0
7.0,27.0,146.0,351.0,393.0,668.0,4,680.0
7.0,27.0,146.0,359.0,393.0,668.0,4,680.0
7.0,14.0,753.0,786.0,903.0,922.0,4,1028.0
7.0,14.0,753.0,840.0,903.0,922.0,4,1028.0
7.0,14.0,753.0,840.0,903.0,922.0,4,1028.0
7.0,14.0,488.0,840.0,922.0,1015.0,4,1028.0
7.0,14.0,488.0,520.0,786.0,922.0,4,1028.0
7.0,14.0,488.0,753.0,840.0,903.0,4,922.0
7.0,14.0,753.0,840.0,903.0,1015.0,4,1028.0
7.0,14.0,488.0,840.0,903.0,1015.0,4,1028.0
7.0,14.0,488.0,840.0,903.0,1015.0,4,1028.0
7.0,14.0,488.0,840.0,903.0,1015.0,4,1028.0
7.0,28.0,203.0,496.0,608.0,730.0,4,754.0
7.0,28.0,203.0,285.0,496.0,730.0,4,951.0
7.0,28.0,608.0,730.0,754.0,842.0,4,1016.0
7.0,28.0,496.0,608.0,730.0,754.0,4,1016.0
7.0,28.0,203.0,496.0,608.0,730.0,4,754.0
7.0,28.0,203.0,285.0,496.0,730.0,4,951.0
7.0,28.0,203.0,285.0,496.0,730.0,4,951.0
7.0,28.0,203.0,285.0,496.0,730.0,4,951.0
7.0,28.0,203.0,608.0,754.0,842.0,4,1016.0
7.0,28.0,496.0,608.0,730.0,754.0,4,1016.0
7.0,28.0,203.0,730.0,842.0,951.0,4,1016.0
7.0,28.0,203.0,608.0,730.0,842.0,4,1016.0
7.0,28.0,203.0,608.0,754.0,842.0,4,1016.0
7.0,28.0,608.0,730.0,754.0,842.0,4,1016.0
7.0,28.0,285.0,496.0,608.0,730.0,4,754.0
7.0,28.0,203.0,285.0,496.0,730.0,4,951.0
7.0,28.0,203.0,608.0,754.0,842.0,4,1016.0
7.0,28.0,203.0,608.0,754.0,842.0,4,1016.0
7.0,28.0,203.0,608.0,754.0,842.0,4,1016.0
7.0,28.0,203.0,285.0,496.0,608.0,4,730.0
7.0,28.0,203.0,285.0,496.0,608.0,4,730.0
7.0,28.0,608.0,730.0,754.0,842.0,4,1016.0
7.0,28.0,203.0,608.0,754.0,842.0,4,1016.0
7.0,28.0,203.0,608.0,754.0,842.0,4,1016.0
7.0,28.0,203.0,608.0,754.0,842.0,4,1016.0
7.0,28.0,203.0,608.0,754.0,842.0,4,1016.0
7.0,28.0,203.0,608.0,754.0,842.0,4,1016.0
7.0,28.0,285.0,496.0,608.0,730.0,4,754.0
7.0,28.0,28.0,301.0,701.0,951.0,4,1017.0
7.0,28.0,28.0,301.0,701.0,951.0,4,1017.0
7.0,28.0,203.0,608.0,754.0,842.0,4,1016.0
7.0,28.0,203.0,285.0,496.0,730.0,4,951.0
7.0,28.0,608.0,730.0,754.0,842.0,4,1016.0
7.0,28.0,203.0,608.0,754.0,842.0,4,1016.0
7.0,28.0,730.0,754.0,842.0,951.0,4,1016.0
7.0,28.0,203.0,608.0,754.0,842.0,4,1016.0
7.0,28.0,203.0,608.0,754.0,842.0,4,1016.0
7.0,33.0,318.0,361.0,470.0,829.0,4,976.0
7.0,33.0,21.0,271.0,318.0,717.0,4,829.0
7.0,33.0,21.0,52.0,271.0,470.0,4,829.0
7.0,33.0,318.0,361.0,717.0,829.0,4,976.0
7.0,26.0,333.0,384.0,914.0,948.0,4,965.0
7.0,26.0,107.0,314.0,422.0,620.0,4,632.0
7.0,26.0,107.0,314.0,422.0,632.0,4,914.0
7.0,26.0,333.0,384.0,914.0,948.0,4,965.0
7.0,26.0,107.0,214.0,314.0,384.0,4,632.0
7.0,26.0,107.0,314.0,384.0,620.0,4,632.0
7.0,9.0,39.0,108.0,366.0,535.0,4,574.0
7.0,9.0,39.0,151.0,529.0,604.0,4,845.0
7.0,9.0,39.0,151.0,574.0,604.0,4,845.0
7.0,9.0,39.0,151.0,535.0,574.0,4,845.0
7.0,9.0,39.0,108.0,151.0,535.0,4,845.0
7.0,9.0,39.0,108.0,366.0,535.0,4,845.0
7.0,9.0,39.0,108.0,366.0,535.0,4,574.0
7.0,9.0,151.0,366.0,535.0,604.0,4,845.0
7.0,9.0,39.0,151.0,535.0,604.0,4,845.0
7.0,9.0,39.0,108.0,366.0,535.0,4,845.0
7.0,6.0,30.0,48.0,125.0,606.0,4,980.0
7.0,6.0,35.0,275.0,444.0,606.0,4,980.0
7.0,6.0,48.0,275.0,444.0,606.0,4,980.0
7.0,6.0,48.0,125.0,444.0,606.0,4,980.0
7.0,6.0,30.0,48.0,275.0,606.0,4,980.0
7.0,6.0,35.0,275.0,444.0,606.0,4,980.0
7.0,6.0,35.0,275.0,444.0,693.0,4,980.0
7.0,6.0,35.0,275.0,300.0,444.0,4,693.0
7.0,6.0,48.0,275.0,444.0,606.0,4,980.0
7.0,6.0,35.0,275.0,444.0,606.0,4,980.0
7.0,28.0,203.0,285.0,496.0,608.0,4,730.0
7.0,28.0,608.0,730.0,754.0,842.0,4,1016.0
7.0,28.0,203.0,608.0,754.0,842.0,4,1016.0
7.0,28.0,203.0,608.0,754.0,842.0,4,1016.0
7.0,28.0,203.0,608.0,754.0,842.0,4,1016.0
7.0,28.0,285.0,496.0,608.0,730.0,4,754.0
7.0,28.0,203.0,285.0,496.0,608.0,4,730.0
7.0,28.0,203.0,608.0,754.0,842.0,4,1016.0
7.0,28.0,203.0,608.0,754.0,842.0,4,1016.0
7.0,28.0,285.0,496.0,608.0,730.0,4,754.0
7.0,28.0,203.0,285.0,496.0,608.0,4,730.0
7.0,28.0,203.0,285.0,701.0,730.0,4,842.0
7.0,28.0,203.0,285.0,701.0,730.0,4,842.0
7.0,28.0,496.0,608.0,730.0,754.0,4,1016.0
7.0,28.0,203.0,608.0,754.0,842.0,4,1016.0
7.0,28.0,203.0,608.0,754.0,842.0,4,1016.0
7.0,28.0,496.0,608.0,730.0,754.0,4,1016.0
7.0,28.0,203.0,496.0,608.0,730.0,4,754.0
7.0,28.0,285.0,701.0,730.0,842.0,4,1016.0
7.0,22.0,16.0,58.0,60.0,536.0,4,864.0
7.0,22.0,16.0,58.0,60.0,536.0,4,864.0
7.0,22.0,16.0,26.0,58.0,117.0,4,990.0
7.0,22.0,77.0,117.0,369.0,864.0,4,990.0
7.0,22.0,16.0,58.0,536.0,864.0,4,990.0
7.0,22.0,16.0,58.0,536.0,864.0,4,990.0
7.0,22.0,16.0,58.0,536.0,864.0,4,990.0
7.0,22.0,16.0,58.0,536.0,864.0,4,990.0
7.0,22.0,16.0,77.0,536.0,864.0,4,990.0
7.0,22.0,16.0,58.0,77.0,536.0,4,990.0
7.0,24.0,570.0,576.0,825.0,888.0,4,947.0
7.0,24.0,254.0,471.0,576.0,750.0,4,926.0
7.0,24.0,254.0,471.0,750.0,793.0,4,926.0
7.0,24.0,254.0,471.0,576.0,888.0,4,926.0
7.0,24.0,471.0,570.0,576.0,825.0,4,888.0
7.0,24.0,570.0,576.0,825.0,888.0,4,947.0
7.0,28.0,203.0,608.0,754.0,842.0,4,1016.0
7.0,28.0,203.0,608.0,754.0,842.0,4,1016.0
7.0,28.0,203.0,285.0,496.0,701.0,4,730.0
7.0,28.0,203.0,285.0,701.0,730.0,4,842.0
7.0,28.0,285.0,701.0,730.0,842.0,4,1016.0
7.0,28.0,203.0,496.0,608.0,754.0,4,1016.0
7.0,28.0,203.0,608.0,754.0,842.0,4,1016.0
7.0,28.0,203.0,608.0,754.0,842.0,4,1016.0
7.0,28.0,496.0,608.0,730.0,754.0,4,1016.0
7.0,28.0,203.0,285.0,701.0,730.0,4,842.0
7.0,28.0,203.0,285.0,701.0,730.0,4,842.0
7.0,28.0,285.0,701.0,730.0,951.0,4,1017.0
7.0,28.0,28.0,301.0,701.0,951.0,4,1017.0
7.0,28.0,28.0,301.0,701.0,951.0,4,1017.0
7.0,28.0,496.0,608.0,730.0,754.0,4,1016.0
7.0,28.0,203.0,285.0,496.0,608.0,4,730.0
7.0,28.0,203.0,285.0,701.0,730.0,4,842.0
7.0,28.0,701.0,730.0,754.0,842.0,4,1016.0
7.0,28.0,496.0,608.0,730.0,754.0,4,1016.0
7.0,28.0,496.0,608.0,730.0,754.0,4,1016.0
7.0,28.0,203.0,496.0,608.0,754.0,4,1016.0
7.0,28.0,203.0,608.0,754.0,842.0,4,1016.0
7.0,28.0,496.0,608.0,730.0,754.0,4,1016.0
7.0,28.0,285.0,496.0,608.0,730.0,4,754.0
7.0,28.0,203.0,285.0,701.0,730.0,4,842.0
7.0,28.0,203.0,608.0,754.0,842.0,4,1016.0
7.0,29.0,242.0,392.0,456.0,670.0,4,860.0
7.0,29.0,3.0,83.0,260.0,485.0,4,799.0
7.0,29.0,242.0,260.0,392.0,456.0,4,860.0
7.0,29.0,242.0,392.0,456.0,670.0,4,860.0
7.0,29.0,242.0,260.0,392.0,456.0,4,670.0
7.0,29.0,83.0,242.0,260.0,485.0,4,860.0
7.0,29.0,83.0,242.0,260.0,485.0,4,860.0
7.0,28.0,203.0,608.0,754.0,842.0,4,1016.0
7.0,28.0,203.0,608.0,730.0,842.0,4,1016.0
7.0,28.0,203.0,496.0,608.0,754.0,4,1016.0
7.0,28.0,203.0,608.0,754.0,842.0,4,1016.0
7.0,28.0,203.0,496.0,608.0,730.0,4,754.0
7.0,28.0,128.0,496.0,608.0,730.0,4,754.0
7.0,28.0,128.0,496.0,730.0,951.0,4,1016.0
7.0,28.0,203.0,496.0,730.0,754.0,4,951.0
7.0,28.0,203.0,608.0,730.0,754.0,4,951.0
7.0,28.0,203.0,608.0,754.0,951.0,4,1016.0
7.0,28.0,128.0,496.0,608.0,730.0,4,754.0
7.0,28.0,128.0,496.0,608.0,730.0,4,754.0
7.0,28.0,203.0,608.0,730.0,754.0,4,842.0
7.0,28.0,203.0,608.0,754.0,842.0,4,1016.0
7.0,28.0,203.0,608.0,754.0,842.0,4,1016.0
7.0,28.0,203.0,608.0,754.0,842.0,4,1016.0
7.0,28.0,203.0,496.0,730.0,951.0,4,1016.0
7.0,28.0,203.0,608.0,730.0,842.0,4,1016.0
7.0,28.0,203.0,608.0,730.0,842.0,4,1016.0
7.0,28.0,128.0,496.0,608.0,730.0,4,754.0
7.0,28.0,203.0,730.0,842.0,951.0,4,1016.0
7.0,28.0,203.0,608.0,730.0,754.0,4,842.0
7.0,28.0,203.0,608.0,754.0,842.0,4,1016.0
7.0,28.0,128.0,496.0,608.0,730.0,4,754.0
7.0,28.0,128.0,496.0,608.0,730.0,4,754.0
7.0,28.0,128.0,496.0,730.0,951.0,4,1016.0
7.0,28.0,203.0,608.0,730.0,754.0,4,842.0
7.0,28.0,203.0,608.0,754.0,842.0,4,1016.0
7.0,30.0,100.0,559.0,663.0,953.0,4,963.0
7.0,30.0,100.0,461.0,559.0,657.0,4,963.0
7.0,30.0,100.0,657.0,663.0,953.0,4,963.0
7.0,30.0,100.0,559.0,663.0,953.0,4,963.0
7.0,30.0,100.0,657.0,663.0,953.0,4,963.0
7.0,30.0,461.0,657.0,663.0,953.0,4,963.0
7.0,30.0,461.0,657.0,785.0,953.0,4,963.0
7.0,30.0,461.0,559.0,657.0,785.0,4,953.0
7.0,7.0,240.0,267.0,731.0,896.0,4,1005.0
7.0,7.0,105.0,277.0,410.0,731.0,4,896.0
7.0,7.0,105.0,410.0,524.0,731.0,4,902.0
7.0,7.0,105.0,240.0,267.0,410.0,4,1013.0
7.0,7.0,105.0,267.0,410.0,896.0,4,1013.0
7.0,7.0,105.0,240.0,410.0,896.0,4,1013.0
7.0,7.0,105.0,240.0,410.0,896.0,4,1013.0
7.0,24.0,570.0,576.0,825.0,888.0,4,947.0
7.0,24.0,254.0,471.0,750.0,825.0,4,926.0
7.0,24.0,570.0,576.0,825.0,888.0,4,947.0
7.0,24.0,576.0,750.0,825.0,888.0,4,947.0
7.0,24.0,254.0,471.0,576.0,750.0,4,926.0
7.0,24.0,471.0,570.0,576.0,825.0,4,888.0
7.0,24.0,570.0,576.0,825.0,888.0,4,947.0
7.0,28.0,203.0,608.0,754.0,842.0,4,1016.0
7.0,28.0,203.0,608.0,754.0,842.0,4,1016.0
7.0,28.0,203.0,608.0,730.0,754.0,4,842.0
7.0,28.0,203.0,496.0,608.0,730.0,4,754.0
7.0,28.0,203.0,608.0,754.0,842.0,4,1016.0
7.0,28.0,203.0,608.0,754.0,842.0,4,1016.0
7.0,28.0,203.0,608.0,730.0,754.0,4,842.0
7.0,28.0,128.0,730.0,842.0,951.0,4,1016.0
7.0,28.0,203.0,608.0,754.0,842.0,4,1016.0
7.0,10.0,40.0,47.0,234.0,591.0,4,918.0
7.0,10.0,40.0,47.0,234.0,591.0,4,918.0
7.0,10.0,40.0,47.0,234.0,591.0,4,918.0
7.0,10.0,40.0,47.0,234.0,591.0,4,918.0
7.0,10.0,40.0,234.0,289.0,591.0,4,918.0
7.0,10.0,40.0,234.0,289.0,376.0,4,918.0
7.0,10.0,40.0,289.0,376.0,517.0,4,591.0
7.0,10.0,40.0,289.0,376.0,517.0,4,591.0
7.0,10.0,40.0,289.0,376.0,517.0,4,591.0
7.0,10.0,234.0,289.0,376.0,517.0,4,591.0
7.0,10.0,40.0,234.0,376.0,591.0,4,918.0
7.0,28.0,203.0,608.0,730.0,754.0,4,842.0
7.0,28.0,203.0,608.0,730.0,754.0,4,842.0
7.0,28.0,128.0,608.0,701.0,730.0,4,1016.0
7.0,28.0,203.0,701.0,754.0,842.0,4,1016.0
7.0,28.0,203.0,608.0,754.0,842.0,4,1016.0
7.0,28.0,203.0,608.0,754.0,842.0,4,1016.0
7.0,28.0,128.0,496.0,608.0,730.0,4,754.0
7.0,28.0,128.0,203.0,842.0,951.0,4,1016.0
7.0,28.0,128.0,203.0,842.0,951.0,4,1016.0
7.0,28.0,203.0,285.0,496.0,608.0,4,754.0
7.0,28.0,203.0,285.0,496.0,608.0,4,754.0
7.0,28.0,128.0,203.0,608.0,754.0,4,842.0
7.0,28.0,203.0,496.0,608.0,730.0,4,1016.0
7.0,28.0,203.0,608.0,754.0,842.0,4,1016.0
7.0,34.0,104.0,506.0,662.0,747.0,4,974.0
7.0,34.0,506.0,583.0,662.0,685.0,4,974.0
7.0,34.0,345.0,583.0,662.0,685.0,4,974.0
7.0,34.0,104.0,506.0,662.0,747.0,4,974.0
7.0,34.0,104.0,506.0,662.0,747.0,4,974.0
7.0,34.0,506.0,583.0,662.0,685.0,4,974.0
7.0,34.0,345.0,583.0,662.0,685.0,4,974.0
7.0,34.0,104.0,506.0,583.0,685.0,4,747.0
7.0,23.0,33.0,136.0,400.0,778.0,4,994.0
7.0,23.0,33.0,400.0,475.0,778.0,4,955.0
7.0,23.0,33.0,400.0,475.0,778.0,4,955.0
7.0,23.0,136.0,388.0,822.0,955.0,4,994.0
7.0,23.0,136.0,388.0,778.0,822.0,4,994.0
7.0,23.0,33.0,136.0,400.0,778.0,4,955.0
7.0,23.0,33.0,136.0,475.0,778.0,4,955.0
7.0,23.0,33.0,388.0,475.0,778.0,4,955.0
7.0,23.0,136.0,400.0,778.0,955.0,4,994.0
7.0,12.0,126.0,216.0,237.0,788.0,4,856.0
7.0,12.0,126.0,216.0,386.0,638.0,4,817.0
7.0,12.0,126.0,216.0,386.0,638.0,4,817.0
7.0,12.0,216.0,237.0,350.0,788.0,4,856.0
7.0,12.0,216.0,237.0,350.0,788.0,4,856.0
7.0,12.0,216.0,237.0,350.0,788.0,4,856.0
7.0,28.0,203.0,608.0,754.0,842.0,4,1016.0
7.0,28.0,203.0,608.0,754.0,842.0,4,1016.0
7.0,28.0,301.0,608.0,754.0,842.0,4,1016.0
7.0,28.0,128.0,203.0,608.0,754.0,4,842.0
7.0,28.0,128.0,203.0,608.0,754.0,4,842.0
7.0,28.0,128.0,203.0,608.0,701.0,4,754.0
7.0,28.0,128.0,301.0,842.0,951.0,4,1016.0
7.0,28.0,203.0,285.0,754.0,842.0,4,1016.0
7.0,28.0,203.0,285.0,754.0,842.0,4,1016.0
7.0,28.0,128.0,203.0,730.0,951.0,4,1002.0
7.0,28.0,203.0,285.0,730.0,754.0,4,842.0
7.0,28.0,203.0,285.0,754.0,842.0,4,1016.0
7.0,28.0,203.0,754.0,842.0,951.0,4,1016.0
7.0,28.0,203.0,730.0,951.0,1002.0,4,1016.0
7.0,28.0,128.0,203.0,730.0,951.0,4,1016.0
7.0,28.0,203.0,730.0,754.0,842.0,4,1016.0
7.0,28.0,203.0,754.0,842.0,951.0,4,1016.0
7.0,28.0,203.0,285.0,754.0,842.0,4,1016.0
7.0,28.0,203.0,730.0,754.0,951.0,4,1016.0
7.0,28.0,128.0,730.0,951.0,1002.0,4,1017.0
7.0,28.0,203.0,285.0,730.0,842.0,4,1016.0
7.0,28.0,128.0,203.0,730.0,754.0,4,951.0
7.0,28.0,203.0,730.0,754.0,842.0,4,1017.0
7.0,28.0,203.0,730.0,754.0,842.0,4,1016.0
7.0,8.0,1.0,397.0,811.0,957.0,4,1027.0
7.0,8.0,1.0,397.0,811.0,957.0,4,1027.0
7.0,8.0,332.0,397.0,436.0,801.0,4,811.0
7.0,8.0,332.0,397.0,436.0,801.0,4,811.0
7.0,8.0,1.0,571.0,811.0,957.0,4,1027.0
7.0,8.0,1.0,332.0,571.0,811.0,4,1027.0
7.0,8.0,1.0,332.0,397.0,801.0,4,957.0
7.0,8.0,1.0,332.0,397.0,801.0,4,957.0
7.0,8.0,332.0,397.0,436.0,801.0,4,811.0
7.0,8.0,332.0,397.0,436.0,801.0,4,811.0
7.0,8.0,332.0,397.0,571.0,801.0,4,811.0
7.0,8.0,332.0,397.0,571.0,801.0,4,811.0
7.0,8.0,332.0,397.0,571.0,801.0,4,811.0
7.0,28.0,203.0,285.0,754.0,842.0,4,1016.0
7.0,28.0,203.0,285.0,730.0,754.0,4,842.0
7.0,28.0,128.0,730.0,1002.0,1016.0,4,1017.0
7.0,28.0,128.0,730.0,1002.0,1016.0,4,1017.0
7.0,28.0,128.0,730.0,1002.0,1016.0,4,1017.0
7.0,28.0,203.0,730.0,754.0,842.0,4,1017.0
7.0,28.0,203.0,730.0,754.0,1002.0,4,1016.0
7.0,28.0,285.0,730.0,1002.0,1016.0,4,1017.0
7.0,28.0,28.0,285.0,301.0,1002.0,4,1017.0
7.0,28.0,28.0,128.0,301.0,1002.0,4,1017.0
7.0,28.0,28.0,128.0,301.0,1002.0,4,1017.0
7.0,28.0,203.0,608.0,754.0,842.0,4,1016.0
7.0,28.0,285.0,701.0,730.0,754.0,4,1017.0
7.0,28.0,203.0,608.0,754.0,842.0,4,1016.0
7.0,28.0,203.0,608.0,754.0,842.0,4,1016.0
7.0,28.0,203.0,285.0,701.0,730.0,4,754.0
7.0,28.0,285.0,608.0,701.0,730.0,4,1017.0
7.0,28.0,203.0,730.0,754.0,842.0,4,1016.0
7.0,28.0,128.0,285.0,608.0,701.0,4,730.0
7.0,28.0,128.0,730.0,842.0,1016.0,4,1017.0
7.0,28.0,128.0,730.0,842.0,1016.0,4,1017.0
7.0,28.0,203.0,730.0,754.0,842.0,4,1016.0
7.0,28.0,203.0,285.0,754.0,842.0,4,1016.0
7.0,28.0,203.0,285.0,701.0,730.0,4,754.0
7.0,28.0,285.0,608.0,701.0,730.0,4,754.0
7.0,28.0,203.0,730.0,754.0,842.0,4,1016.0
7.0,28.0,203.0,608.0,754.0,842.0,4,1016.0
7.0,28.0,203.0,608.0,754.0,842.0,4,1016.0
7.0,28.0,203.0,701.0,730.0,754.0,4,1016.0
7.0,28.0,203.0,285.0,701.0,730.0,4,754.0
7.0,28.0,128.0,285.0,701.0,730.0,4,754.0
7.0,28.0,128.0,730.0,754.0,842.0,4,1016.0
7.0,28.0,203.0,608.0,754.0,842.0,4,1016.0
7.0,28.0,285.0,608.0,730.0,754.0,4,1016.0
7.0,28.0,128.0,285.0,608.0,730.0,4,1017.0
7.0,28.0,28.0,128.0,701.0,1002.0,4,1017.0
7.0,7.0,277.0,524.0,731.0,874.0,4,902.0
7.0,7.0,277.0,524.0,731.0,874.0,4,902.0
7.0,7.0,524.0,731.0,874.0,902.0,4,1005.0
7.0,7.0,524.0,731.0,874.0,902.0,4,1005.0
7.0,7.0,105.0,267.0,410.0,524.0,4,902.0
7.0,7.0,105.0,267.0,277.0,410.0,4,731.0
7.0,7.0,105.0,267.0,277.0,410.0,4,731.0
7.0,7.0,105.0,267.0,277.0,410.0,4,731.0
7.0,7.0,240.0,267.0,277.0,731.0,4,1005.0
7.0,7.0,105.0,267.0,277.0,410.0,4,731.0
7.0,7.0,267.0,277.0,731.0,874.0,4,1005.0
7.0,15.0,188.0,659.0,714.0,941.0,4,1036.0
7.0,15.0,593.0,659.0,719.0,749.0,4,960.0
7.0,15.0,593.0,659.0,719.0,749.0,4,960.0
7.0,15.0,593.0,719.0,749.0,960.0,4,1036.0
7.0,15.0,659.0,714.0,719.0,960.0,4,1036.0
7.0,15.0,659.0,714.0,719.0,960.0,4,1036.0
7.0,15.0,188.0,659.0,714.0,941.0,4,1036.0
7.0,15.0,188.0,593.0,749.0,941.0,4,1036.0
7.0,15.0,593.0,719.0,749.0,960.0,4,1036.0
7.0,15.0,593.0,659.0,719.0,749.0,4,960.0
7.0,30.0,217.0,559.0,952.0,953.0,4,963.0
7.0,30.0,100.0,657.0,663.0,785.0,4,952.0
7.0,30.0,100.0,657.0,663.0,785.0,4,952.0
7.0,30.0,73.0,100.0,217.0,663.0,4,785.0
7.0,30.0,73.0,100.0,217.0,663.0,4,785.0
7.0,30.0,73.0,217.0,663.0,785.0,4,953.0
7.0,30.0,559.0,657.0,952.0,953.0,4,963.0
7.0,30.0,73.0,217.0,559.0,953.0,4,963.0
7.0,30.0,100.0,559.0,657.0,953.0,4,963.0
7.0,30.0,100.0,657.0,663.0,785.0,4,952.0
7.0,30.0,100.0,559.0,663.0,785.0,4,952.0
7.0,22.0,16.0,58.0,117.0,320.0,4,990.0
7.0,22.0,58.0,60.0,77.0,320.0,4,990.0
7.0,22.0,16.0,60.0,77.0,466.0,4,990.0
7.0,22.0,16.0,58.0,117.0,320.0,4,990.0
7.0,22.0,16.0,58.0,117.0,320.0,4,990.0
7.0,22.0,16.0,58.0,60.0,77.0,4,990.0
7.0,22.0,60.0,117.0,222.0,466.0,4,990.0
7.0,28.0,203.0,285.0,754.0,842.0,4,1016.0
7.0,28.0,203.0,730.0,754.0,842.0,4,1017.0
7.0,28.0,730.0,951.0,1002.0,1016.0,4,1017.0
7.0,28.0,730.0,842.0,1002.0,1016.0,4,1017.0
7.0,28.0,203.0,730.0,754.0,842.0,4,1002.0
7.0,28.0,203.0,730.0,754.0,842.0,4,1002.0
7.0,28.0,203.0,754.0,842.0,1002.0,4,1016.0
7.0,28.0,203.0,285.0,754.0,842.0,4,1016.0
7.0,28.0,730.0,754.0,842.0,1016.0,4,1017.0
7.0,28.0,203.0,701.0,730.0,754.0,4,1016.0
7.0,28.0,203.0,701.0,730.0,754.0,4,951.0
7.0,28.0,128.0,701.0,730.0,754.0,4,951.0
7.0,28.0,128.0,701.0,730.0,951.0,4,1017.0
7.0,28.0,128.0,701.0,730.0,951.0,4,1017.0
7.0,28.0,730.0,842.0,951.0,1016.0,4,1017.0
7.0,28.0,730.0,842.0,951.0,1016.0,4,1017.0
7.0,28.0,203.0,285.0,754.0,842.0,4,1016.0
7.0,28.0,203.0,701.0,730.0,754.0,4,951.0
7.0,28.0,730.0,754.0,842.0,1016.0,4,1017.0
7.0,28.0,203.0,730.0,951.0,1002.0,4,1017.0
7.0,28.0,203.0,730.0,754.0,842.0,4,1016.0
7.0,28.0,203.0,285.0,754.0,842.0,4,1016.0
7.0,28.0,203.0,285.0,754.0,842.0,4,1016.0
7.0,28.0,730.0,754.0,951.0,1002.0,4,1017.0
7.0,28.0,203.0,730.0,754.0,842.0,4,1016.0
7.0,28.0,203.0,730.0,754.0,842.0,4,1016.0
7.0,16.0,155.0,367.0,623.0,674.0,4,959.0
7.0,16.0,155.0,367.0,623.0,820.0,4,959.0
7.0,16.0,153.0,702.0,763.0,820.0,4,895.0
7.0,16.0,155.0,623.0,674.0,702.0,4,763.0
7.0,16.0,155.0,623.0,674.0,702.0,4,959.0
7.0,16.0,155.0,623.0,674.0,702.0,4,959.0
7.0,16.0,155.0,623.0,674.0,763.0,4,820.0
7.0,16.0,155.0,367.0,623.0,674.0,4,959.0
7.0,16.0,153.0,623.0,674.0,763.0,4,820.0
7.0,16.0,153.0,674.0,702.0,763.0,4,820.0
7.0,25.0,74.0,696.0,759.0,958.0,4,1003.0
7.0,25.0,50.0,286.0,297.0,854.0,4,958.0
7.0,25.0,74.0,286.0,603.0,759.0,4,1003.0
7.0,25.0,74.0,286.0,603.0,759.0,4,1003.0
7.0,25.0,74.0,603.0,696.0,759.0,4,1003.0
7.0,25.0,74.0,696.0,759.0,958.0,4,1003.0
7.0,25.0,74.0,696.0,759.0,958.0,4,1003.0
7.0,25.0,297.0,603.0,696.0,958.0,4,1003.0
7.0,25.0,297.0,603.0,696.0,958.0,4,1003.0
7.0,25.0,297.0,603.0,696.0,958.0,4,1003.0
7.0,0.0,244.0,465.0,634.0,720.0,4,789.0
7.0,0.0,252.0,634.0,720.0,721.0,4,906.0
7.0,0.0,315.0,465.0,634.0,721.0,4,906.0
7.0,0.0,244.0,315.0,465.0,789.0,4,906.0
7.0,0.0,244.0,315.0,465.0,789.0,4,906.0
7.0,0.0,244.0,465.0,720.0,789.0,4,906.0
7.0,0.0,244.0,252.0,634.0,720.0,4,789.0
7.0,0.0,252.0,634.0,720.0,789.0,4,906.0
7.0,0.0,315.0,465.0,634.0,789.0,4,906.0
7.0,4.0,134.0,194.0,486.0,487.0,4,715.0
7.0,4.0,134.0,194.0,486.0,715.0,4,936.0
7.0,4.0,194.0,589.0,743.0,936.0,4,964.0
7.0,4.0,134.0,486.0,487.0,589.0,4,715.0
7.0,4.0,134.0,194.0,486.0,487.0,4,715.0
7.0,4.0,134.0,194.0,486.0,715.0,4,936.0
7.0,4.0,194.0,485.0,486.0,487.0,4,936.0
7.0,28.0,203.0,608.0,754.0,842.0,4,1016.0
7.0,28.0,203.0,608.0,730.0,951.0,4,1016.0
7.0,28.0,608.0,730.0,951.0,1016.0,4,1017.0
7.0,28.0,203.0,285.0,730.0,754.0,4,842.0
7.0,28.0,203.0,608.0,730.0,951.0,4,1016.0
7.0,28.0,203.0,608.0,730.0,951.0,4,1016.0
7.0,28.0,730.0,754.0,842.0,951.0,4,1017.0
7.0,28.0,285.0,730.0,754.0,842.0,4,1017.0
7.0,28.0,203.0,285.0,730.0,754.0,4,842.0
7.0,28.0,203.0,608.0,730.0,842.0,4,1016.0
7.0,14.0,161.0,488.0,573.0,786.0,4,924.0
7.0,14.0,753.0,840.0,868.0,924.0,4,1028.0
7.0,14.0,753.0,840.0,868.0,924.0,4,1028.0
7.0,14.0,753.0,840.0,868.0,924.0,4,1028.0
7.0,14.0,753.0,840.0,868.0,924.0,4,1028.0
7.0,14.0,161.0,488.0,573.0,753.0,4,786.0
7.0,14.0,161.0,488.0,569.0,753.0,4,786.0
7.0,14.0,161.0,569.0,573.0,753.0,4,786.0
7.0,28.0,203.0,608.0,754.0,842.0,4,1016.0
7.0,28.0,730.0,842.0,951.0,1016.0,4,1017.0
7.0,28.0,203.0,608.0,730.0,951.0,4,1016.0
7.0,28.0,203.0,608.0,754.0,842.0,4,1016.0
7.0,28.0,203.0,608.0,754.0,842.0,4,1016.0
7.0,28.0,203.0,608.0,754.0,842.0,4,1016.0
7.0,28.0,203.0,608.0,754.0,842.0,4,1016.0
7.0,28.0,203.0,608.0,754.0,842.0,4,1016.0
7.0,28.0,730.0,842.0,951.0,1016.0,4,1017.0
7.0,28.0,203.0,285.0,608.0,730.0,4,951.0
7.0,28.0,203.0,608.0,730.0,951.0,4,1016.0
7.0,28.0,203.0,608.0,730.0,754.0,4,951.0
7.0,28.0,203.0,608.0,754.0,842.0,4,1016.0
7.0,28.0,203.0,608.0,754.0,842.0,4,1016.0
7.0,28.0,203.0,285.0,730.0,754.0,4,842.0
7.0,28.0,203.0,285.0,730.0,754.0,4,842.0
7.0,28.0,285.0,730.0,754.0,842.0,4,1016.0
7.0,28.0,285.0,608.0,730.0,754.0,4,1016.0
7.0,28.0,203.0,608.0,754.0,951.0,4,1016.0
7.0,28.0,301.0,608.0,951.0,1016.0,4,1017.0
7.0,28.0,203.0,285.0,754.0,842.0,4,1017.0
7.0,28.0,285.0,301.0,608.0,842.0,4,1016.0
7.0,28.0,285.0,301.0,608.0,842.0,4,1016.0
7.0,28.0,301.0,608.0,754.0,951.0,4,1016.0
7.0,28.0,203.0,608.0,754.0,951.0,4,1016.0
7.0,28.0,285.0,301.0,608.0,951.0,4,1016.0
7.0,28.0,203.0,608.0,754.0,842.0,4,1016.0
7.0,33.0,21.0,318.0,361.0,470.0,4,976.0
7.0,33.0,21.0,318.0,470.0,829.0,4,976.0
7.0,33.0,21.0,258.0,318.0,829.0,4,976.0
7.0,33.0,21.0,258.0,318.0,361.0,4,976.0
7.0,33.0,21.0,258.0,318.0,361.0,4,976.0
7.0,33.0,21.0,258.0,361.0,470.0,4,976.0
7.0,33.0,21.0,258.0,361.0,470.0,4,976.0
7.0,33.0,21.0,258.0,318.0,361.0,4,976.0
7.0,28.0,203.0,608.0,754.0,951.0,4,1016.0
7.0,28.0,285.0,730.0,842.0,951.0,4,1016.0
7.0,28.0,203.0,285.0,730.0,754.0,4,842.0
7.0,28.0,203.0,285.0,730.0,754.0,4,842.0
7.0,28.0,203.0,608.0,730.0,754.0,4,842.0
7.0,28.0,285.0,608.0,730.0,951.0,4,1016.0
7.0,28.0,285.0,608.0,730.0,951.0,4,1016.0
7.0,28.0,285.0,730.0,842.0,951.0,4,1016.0
7.0,28.0,203.0,285.0,730.0,754.0,4,842.0
7.0,28.0,203.0,285.0,730.0,754.0,4,842.0
7.0,33.0,258.0,318.0,361.0,504.0,4,829.0
7.0,33.0,21.0,258.0,361.0,504.0,4,861.0
7.0,33.0,21.0,258.0,717.0,829.0,4,861.0
7.0,33.0,21.0,318.0,417.0,717.0,4,861.0
7.0,33.0,21.0,258.0,417.0,717.0,4,861.0
7.0,33.0,21.0,258.0,504.0,717.0,4,861.0
7.0,33.0,258.0,361.0,504.0,717.0,4,861.0
7.0,33.0,21.0,258.0,318.0,361.0,4,504.0
7.0,24.0,254.0,471.0,750.0,793.0,4,825.0
7.0,24.0,254.0,471.0,750.0,793.0,4,825.0
7.0,24.0,576.0,825.0,863.0,926.0,4,947.0
7.0,24.0,576.0,750.0,863.0,926.0,4,947.0
7.0,24.0,471.0,576.0,750.0,793.0,4,825.0
7.0,24.0,471.0,576.0,750.0,793.0,4,825.0
7.0,24.0,254.0,576.0,750.0,825.0,4,863.0
7.0,24.0,254.0,576.0,750.0,825.0,4,863.0
7.0,24.0,254.0,576.0,825.0,863.0,4,888.0
7.0,24.0,570.0,576.0,863.0,888.0,4,947.0
7.0,24.0,576.0,750.0,825.0,863.0,4,888.0
7.0,24.0,471.0,750.0,793.0,825.0,4,888.0
7.0,24.0,576.0,750.0,825.0,863.0,4,926.0
7.0,24.0,576.0,863.0,888.0,926.0,4,947.0
7.0,24.0,570.0,576.0,863.0,888.0,4,947.0
7.0,24.0,570.0,576.0,863.0,888.0,4,947.0
7.0,24.0,254.0,471.0,863.0,888.0,4,926.0
7.0,24.0,254.0,471.0,576.0,863.0,4,888.0
7.0,9.0,39.0,108.0,151.0,366.0,4,535.0
7.0,9.0,39.0,604.0,637.0,845.0,4,1019.0
7.0,9.0,39.0,108.0,151.0,366.0,4,535.0
7.0,9.0,39.0,108.0,151.0,366.0,4,535.0
7.0,9.0,108.0,151.0,366.0,535.0,4,604.0
7.0,9.0,108.0,151.0,366.0,535.0,4,604.0
7.0,9.0,39.0,510.0,574.0,845.0,4,1019.0
7.0,9.0,108.0,151.0,366.0,535.0,4,604.0
7.0,9.0,108.0,151.0,366.0,604.0,4,845.0
7.0,24.0,576.0,793.0,825.0,926.0,4,947.0
7.0,24.0,576.0,793.0,825.0,926.0,4,947.0
7.0,24.0,254.0,471.0,793.0,825.0,4,926.0
7.0,24.0,471.0,576.0,825.0,888.0,4,926.0
7.0,24.0,471.0,576.0,793.0,825.0,4,926.0
7.0,24.0,576.0,793.0,863.0,888.0,4,947.0
7.0,24.0,576.0,825.0,863.0,888.0,4,947.0
7.0,24.0,471.0,576.0,825.0,888.0,4,947.0
7.0,24.0,471.0,576.0,825.0,888.0,4,947.0
7.0,10.0,40.0,47.0,234.0,591.0,4,918.0
7.0,10.0,40.0,234.0,376.0,477.0,4,591.0
7.0,10.0,289.0,376.0,477.0,684.0,4,918.0
7.0,10.0,234.0,289.0,376.0,477.0,4,918.0
7.0,10.0,40.0,47.0,234.0,591.0,4,918.0
7.0,10.0,40.0,47.0,234.0,591.0,4,918.0
7.0,10.0,40.0,47.0,234.0,591.0,4,918.0
7.0,10.0,40.0,47.0,234.0,376.0,4,918.0
7.0,10.0,40.0,47.0,234.0,376.0,4,918.0
7.0,10.0,40.0,234.0,376.0,477.0,4,918.0
7.0,10.0,40.0,289.0,376.0,477.0,4,918.0
7.0,10.0,289.0,376.0,477.0,591.0,4,918.0
7.0,17.0,310.0,502.0,587.0,741.0,4,764.0
7.0,17.0,348.0,354.0,502.0,642.0,4,1037.0
7.0,17.0,310.0,354.0,587.0,741.0,4,764.0
7.0,17.0,310.0,587.0,642.0,764.0,4,1037.0
7.0,17.0,310.0,587.0,741.0,764.0,4,1037.0
7.0,24.0,254.0,471.0,750.0,825.0,4,926.0
7.0,24.0,254.0,471.0,576.0,750.0,4,825.0
7.0,24.0,471.0,576.0,863.0,888.0,4,947.0
7.0,24.0,570.0,576.0,863.0,888.0,4,947.0
7.0,24.0,254.0,576.0,750.0,825.0,4,863.0
7.0,24.0,254.0,576.0,750.0,825.0,4,863.0
7.0,24.0,254.0,576.0,750.0,825.0,4,863.0
7.0,24.0,254.0,576.0,825.0,863.0,4,888.0
7.0,24.0,570.0,576.0,825.0,888.0,4,947.0
7.0,24.0,254.0,471.0,576.0,888.0,4,926.0
7.0,24.0,254.0,471.0,793.0,888.0,4,926.0
7.0,24.0,254.0,471.0,750.0,793.0,4,926.0
7.0,24.0,570.0,576.0,825.0,888.0,4,947.0
7.0,24.0,570.0,576.0,825.0,888.0,4,947.0
7.0,24.0,570.0,576.0,825.0,888.0,4,947.0
7.0,24.0,570.0,576.0,825.0,888.0,4,947.0
7.0,24.0,43.0,471.0,793.0,866.0,4,926.0
7.0,24.0,471.0,576.0,750.0,825.0,4,926.0
7.0,24.0,254.0,471.0,750.0,825.0,4,926.0
7.0,24.0,570.0,576.0,863.0,888.0,4,947.0
7.0,24.0,570.0,576.0,863.0,888.0,4,947.0
7.0,24.0,576.0,750.0,825.0,888.0,4,947.0
7.0,24.0,471.0,576.0,750.0,825.0,4,888.0
7.0,24.0,254.0,471.0,750.0,825.0,4,888.0
7.0,24.0,471.0,576.0,825.0,863.0,4,888.0
7.0,24.0,576.0,825.0,863.0,888.0,4,947.0
7.0,24.0,570.0,576.0,863.0,888.0,4,947.0
7.0,24.0,254.0,471.0,750.0,825.0,4,926.0
7.0,24.0,254.0,471.0,750.0,825.0,4,926.0
7.0,24.0,570.0,576.0,825.0,863.0,4,888.0
7.0,24.0,471.0,750.0,825.0,863.0,4,888.0
7.0,24.0,471.0,750.0,825.0,863.0,4,888.0
7.0,24.0,471.0,576.0,750.0,825.0,4,888.0
7.0,24.0,471.0,576.0,825.0,863.0,4,888.0
7.0,24.0,471.0,576.0,863.0,888.0,4,947.0
7.0,24.0,471.0,576.0,863.0,888.0,4,947.0
7.0,29.0,83.0,173.0,260.0,370.0,4,456.0
7.0,29.0,260.0,374.0,392.0,670.0,4,784.0
7.0,29.0,83.0,370.0,456.0,505.0,4,784.0
7.0,29.0,83.0,370.0,456.0,505.0,4,784.0
7.0,29.0,83.0,173.0,260.0,370.0,4,784.0
7.0,29.0,374.0,392.0,505.0,670.0,4,784.0
7.0,29.0,392.0,456.0,505.0,670.0,4,784.0
7.0,29.0,392.0,456.0,505.0,670.0,4,784.0
7.0,29.0,392.0,456.0,505.0,670.0,4,784.0
7.0,22.0,16.0,320.0,454.0,536.0,4,864.0
7.0,22.0,16.0,60.0,536.0,864.0,4,990.0
7.0,22.0,16.0,60.0,536.0,864.0,4,990.0
7.0,22.0,16.0,117.0,320.0,633.0,4,864.0
7.0,22.0,60.0,77.0,117.0,454.0,4,633.0
7.0,22.0,16.0,60.0,117.0,320.0,4,864.0
7.0,22.0,60.0,117.0,222.0,466.0,4,527.0
7.0,24.0,570.0,576.0,863.0,888.0,4,947.0
7.0,24.0,570.0,576.0,863.0,888.0,4,947.0
7.0,24.0,576.0,863.0,888.0,926.0,4,947.0
7.0,24.0,471.0,576.0,750.0,825.0,4,926.0
7.0,24.0,254.0,471.0,750.0,825.0,4,926.0
7.0,24.0,570.0,576.0,863.0,888.0,4,947.0
7.0,24.0,570.0,576.0,750.0,863.0,4,947.0
7.0,24.0,471.0,570.0,576.0,750.0,4,863.0
7.0,24.0,254.0,576.0,825.0,888.0,4,947.0
7.0,24.0,576.0,825.0,863.0,888.0,4,947.0
7.0,24.0,254.0,471.0,793.0,825.0,4,926.0
7.0,0.0,13.0,244.0,465.0,601.0,4,789.0
7.0,0.0,139.0,315.0,634.0,789.0,4,906.0
7.0,0.0,13.0,244.0,465.0,601.0,4,721.0
7.0,0.0,244.0,315.0,465.0,601.0,4,789.0
7.0,0.0,244.0,315.0,601.0,634.0,4,789.0
7.0,0.0,139.0,315.0,465.0,634.0,4,789.0
7.0,0.0,315.0,601.0,634.0,789.0,4,906.0
7.0,0.0,13.0,465.0,601.0,789.0,4,906.0
7.0,0.0,13.0,465.0,601.0,789.0,4,906.0
7.0,15.0,415.0,509.0,714.0,941.0,4,1036.0
7.0,15.0,415.0,509.0,714.0,719.0,4,1036.0
7.0,15.0,415.0,509.0,593.0,719.0,4,749.0
7.0,15.0,509.0,593.0,719.0,749.0,4,941.0
7.0,15.0,509.0,714.0,719.0,941.0,4,1036.0
7.0,15.0,509.0,714.0,719.0,941.0,4,1036.0
7.0,15.0,415.0,484.0,509.0,593.0,4,749.0
7.0,15.0,415.0,484.0,509.0,719.0,4,749.0
7.0,24.0,43.0,570.0,576.0,863.0,4,888.0
7.0,24.0,471.0,576.0,863.0,888.0,4,926.0
7.0,24.0,471.0,793.0,825.0,863.0,4,926.0
7.0,24.0,254.0,471.0,576.0,750.0,4,825.0
7.0,24.0,254.0,576.0,750.0,825.0,4,863.0
7.0,24.0,254.0,471.0,576.0,863.0,4,888.0
7.0,24.0,43.0,570.0,576.0,863.0,4,888.0
7.0,24.0,43.0,570.0,576.0,863.0,4,888.0
7.0,24.0,471.0,576.0,863.0,888.0,4,926.0
7.0,24.0,471.0,576.0,863.0,888.0,4,926.0
7.0,24.0,471.0,576.0,793.0,825.0,4,926.0
7.0,24.0,254.0,471.0,793.0,825.0,4,926.0
7.0,24.0,43.0,377.0,471.0,793.0,4,825.0
7.0,24.0,43.0,377.0,471.0,793.0,4,825.0
7.0,24.0,471.0,750.0,825.0,863.0,4,926.0
7.0,24.0,254.0,471.0,750.0,825.0,4,926.0
7.0,24.0,254.0,471.0,576.0,825.0,4,926.0
7.0,24.0,570.0,576.0,825.0,863.0,4,947.0
7.0,24.0,570.0,576.0,863.0,888.0,4,947.0
7.0,24.0,471.0,576.0,863.0,888.0,4,926.0
7.0,24.0,471.0,576.0,825.0,888.0,4,926.0
7.0,24.0,254.0,471.0,750.0,825.0,4,926.0
7.0,24.0,254.0,471.0,750.0,825.0,4,926.0
7.0,8.0,397.0,571.0,811.0,984.0,4,1027.0
7.0,8.0,229.0,519.0,740.0,957.0,4,984.0
7.0,8.0,41.0,397.0,519.0,571.0,4,740.0
7.0,8.0,41.0,397.0,519.0,571.0,4,740.0
7.0,8.0,41.0,397.0,519.0,571.0,4,984.0
7.0,8.0,397.0,571.0,811.0,984.0,4,1027.0
7.0,8.0,332.0,397.0,571.0,984.0,4,1027.0
7.0,8.0,229.0,332.0,519.0,740.0,4,957.0
7.0,8.0,229.0,332.0,740.0,957.0,4,1027.0
7.0,8.0,229.0,571.0,740.0,984.0,4,1027.0
7.0,8.0,397.0,740.0,811.0,984.0,4,1027.0
7.0,24.0,570.0,576.0,863.0,888.0,4,947.0
7.0,24.0,570.0,576.0,750.0,863.0,4,947.0
7.0,24.0,576.0,750.0,863.0,926.0,4,947.0
7.0,24.0,471.0,576.0,750.0,825.0,4,926.0
7.0,24.0,254.0,471.0,750.0,825.0,4,926.0
7.0,24.0,570.0,576.0,825.0,888.0,4,947.0
7.0,24.0,471.0,570.0,576.0,825.0,4,947.0
7.0,24.0,570.0,576.0,863.0,888.0,4,947.0
7.0,24.0,254.0,471.0,750.0,825.0,4,926.0
7.0,24.0,576.0,825.0,863.0,888.0,4,926.0
7.0,30.0,217.0,663.0,952.0,953.0,4,963.0
7.0,30.0,100.0,657.0,663.0,953.0,4,963.0
7.0,30.0,100.0,657.0,663.0,953.0,4,963.0
7.0,30.0,73.0,100.0,217.0,663.0,4,785.0
7.0,30.0,217.0,657.0,663.0,953.0,4,963.0
7.0,30.0,217.0,663.0,952.0,953.0,4,963.0
7.0,30.0,657.0,663.0,952.0,953.0,4,963.0
7.0,30.0,100.0,217.0,657.0,785.0,4,952.0
7.0,30.0,100.0,217.0,657.0,785.0,4,952.0
7.0,30.0,100.0,217.0,663.0,953.0,4,963.0
7.0,24.0,570.0,576.0,863.0,888.0,4,947.0
7.0,24.0,254.0,471.0,750.0,793.0,4,825.0
7.0,24.0,254.0,471.0,750.0,793.0,4,825.0
7.0,24.0,570.0,576.0,863.0,888.0,4,947.0
7.0,24.0,576.0,825.0,863.0,888.0,4,926.0
7.0,24.0,576.0,825.0,863.0,888.0,4,926.0
7.0,24.0,471.0,750.0,825.0,863.0,4,926.0
7.0,24.0,254.0,471.0,576.0,750.0,4,825.0
7.0,24.0,576.0,793.0,825.0,863.0,4,888.0
7.0,23.0,44.0,86.0,388.0,400.0,4,994.0
7.0,23.0,44.0,86.0,400.0,955.0,4,994.0
7.0,23.0,33.0,400.0,575.0,955.0,4,967.0
7.0,23.0,86.0,388.0,400.0,955.0,4,994.0
7.0,23.0,86.0,388.0,400.0,955.0,4,994.0
7.0,23.0,33.0,388.0,955.0,967.0,4,994.0
7.0,23.0,33.0,86.0,180.0,400.0,4,955.0
7.0,24.0,570.0,576.0,825.0,888.0,4,947.0
7.0,24.0,254.0,471.0,576.0,888.0,4,926.0
7.0,24.0,254.0,471.0,750.0,793.0,4,926.0
7.0,24.0,471.0,576.0,793.0,825.0,4,888.0
7.0,24.0,471.0,576.0,793.0,825.0,4,888.0
7.0,24.0,576.0,793.0,825.0,888.0,4,947.0
7.0,24.0,254.0,471.0,570.0,888.0,4,947.0
7.0,24.0,254.0,471.0,570.0,793.0,4,947.0
7.0,24.0,254.0,471.0,793.0,926.0,4,947.0
7.0,24.0,254.0,576.0,793.0,825.0,4,926.0
7.0,24.0,570.0,576.0,825.0,888.0,4,947.0
7.0,24.0,471.0,576.0,750.0,825.0,4,888.0
7.0,24.0,471.0,750.0,793.0,825.0,4,888.0
7.0,24.0,570.0,576.0,825.0,888.0,4,947.0
7.0,24.0,570.0,576.0,825.0,888.0,4,947.0
7.0,24.0,570.0,576.0,825.0,888.0,4,947.0
7.0,24.0,570.0,576.0,825.0,888.0,4,947.0
7.0,24.0,471.0,750.0,793.0,825.0,4,888.0
7.0,24.0,254.0,471.0,750.0,793.0,4,888.0
7.0,24.0,254.0,471.0,750.0,793.0,4,888.0
7.0,24.0,43.0,254.0,471.0,750.0,4,793.0
7.0,24.0,43.0,254.0,377.0,471.0,4,793.0
7.0,24.0,43.0,254.0,377.0,471.0,4,793.0
7.0,33.0,258.0,361.0,686.0,829.0,4,976.0
7.0,33.0,21.0,258.0,318.0,361.0,4,976.0
7.0,33.0,21.0,111.0,258.0,271.0,4,318.0
7.0,33.0,21.0,111.0,271.0,318.0,4,470.0
7.0,33.0,258.0,361.0,686.0,829.0,4,976.0
7.0,33.0,258.0,361.0,686.0,829.0,4,976.0
7.0,33.0,258.0,361.0,686.0,829.0,4,976.0
7.0,33.0,21.0,258.0,361.0,829.0,4,976.0
7.0,8.0,229.0,332.0,397.0,811.0,4,984.0
7.0,8.0,229.0,332.0,740.0,957.0,4,984.0
7.0,8.0,229.0,332.0,740.0,811.0,4,957.0
7.0,8.0,397.0,571.0,740.0,811.0,4,984.0
7.0,8.0,571.0,740.0,811.0,957.0,4,984.0
7.0,8.0,397.0,571.0,801.0,811.0,4,984.0
7.0,8.0,332.0,397.0,571.0,811.0,4,984.0
7.0,8.0,229.0,332.0,811.0,957.0,4,984.0
7.0,8.0,229.0,332.0,740.0,957.0,4,984.0
7.0,8.0,62.0,332.0,519.0,571.0,4,740.0
7.0,24.0,570.0,576.0,825.0,888.0,4,947.0
7.0,24.0,254.0,471.0,576.0,750.0,4,926.0
7.0,24.0,254.0,471.0,576.0,750.0,4,926.0
7.0,24.0,471.0,576.0,825.0,888.0,4,926.0
7.0,24.0,471.0,570.0,576.0,825.0,4,888.0
7.0,24.0,254.0,570.0,576.0,888.0,4,947.0
7.0,24.0,471.0,576.0,825.0,888.0,4,947.0
7.0,24.0,471.0,576.0,825.0,888.0,4,947.0
7.0,24.0,254.0,471.0,576.0,888.0,4,947.0
7.0,24.0,254.0,471.0,576.0,888.0,4,947.0
7.0,24.0,254.0,471.0,576.0,888.0,4,947.0
7.0,15.0,188.0,659.0,714.0,941.0,4,1036.0
7.0,15.0,188.0,302.0,714.0,941.0,4,1036.0
7.0,15.0,188.0,302.0,426.0,749.0,4,1036.0
7.0,15.0,188.0,659.0,714.0,941.0,4,1036.0
7.0,15.0,188.0,302.0,426.0,714.0,4,1036.0
7.0,15.0,426.0,509.0,714.0,719.0,4,1036.0
7.0,15.0,426.0,714.0,719.0,941.0,4,1036.0
7.0,24.0,471.0,570.0,576.0,825.0,4,888.0
7.0,24.0,254.0,471.0,576.0,750.0,4,926.0
7.0,24.0,254.0,471.0,750.0,793.0,4,926.0
7.0,24.0,471.0,576.0,750.0,825.0,4,888.0
7.0,24.0,570.0,576.0,825.0,888.0,4,947.0
7.0,24.0,570.0,576.0,825.0,888.0,4,947.0
7.0,24.0,254.0,576.0,750.0,926.0,4,947.0
7.0,24.0,254.0,471.0,576.0,793.0,4,888.0
7.0,24.0,471.0,576.0,793.0,825.0,4,888.0
7.0,24.0,254.0,570.0,576.0,888.0,4,947.0
7.0,24.0,254.0,471.0,750.0,926.0,4,947.0
7.0,24.0,254.0,471.0,750.0,825.0,4,926.0
7.0,24.0,254.0,471.0,576.0,825.0,4,926.0
7.0,24.0,254.0,570.0,576.0,888.0,4,947.0
7.0,24.0,570.0,576.0,825.0,888.0,4,947.0
7.0,24.0,576.0,750.0,825.0,926.0,4,947.0
7.0,24.0,254.0,471.0,576.0,750.0,4,926.0
7.0,24.0,254.0,471.0,750.0,825.0,4,926.0
7.0,30.0,100.0,559.0,657.0,953.0,4,963.0
7.0,30.0,100.0,559.0,657.0,953.0,4,963.0
7.0,30.0,100.0,559.0,663.0,953.0,4,963.0
7.0,30.0,100.0,559.0,663.0,953.0,4,963.0
7.0,30.0,100.0,657.0,663.0,953.0,4,963.0
7.0,30.0,100.0,461.0,657.0,663.0,4,963.0
7.0,30.0,186.0,461.0,663.0,689.0,4,785.0
7.0,30.0,461.0,663.0,689.0,785.0,4,963.0
7.0,30.0,186.0,657.0,663.0,953.0,4,963.0
7.0,1.0,353.0,442.0,463.0,595.0,4,808.0
7.0,1.0,106.0,353.0,463.0,565.0,4,795.0
7.0,1.0,106.0,160.0,353.0,442.0,4,795.0
7.0,1.0,106.0,353.0,463.0,795.0,4,1006.0
7.0,1.0,160.0,442.0,565.0,795.0,4,808.0
7.0,1.0,160.0,442.0,565.0,795.0,4,998.0
7.0,26.0,269.0,333.0,384.0,620.0,4,965.0
7.0,26.0,333.0,422.0,703.0,914.0,4,948.0
7.0,26.0,333.0,422.0,620.0,703.0,4,948.0
7.0,26.0,269.0,314.0,384.0,620.0,4,965.0
7.0,26.0,333.0,422.0,703.0,914.0,4,948.0
7.0,26.0,333.0,422.0,703.0,914.0,4,948.0
7.0,24.0,570.0,576.0,825.0,888.0,4,947.0
7.0,24.0,471.0,576.0,750.0,825.0,4,926.0
7.0,24.0,254.0,576.0,750.0,825.0,4,926.0
7.0,24.0,254.0,471.0,576.0,750.0,4,926.0
7.0,24.0,570.0,576.0,825.0,888.0,4,947.0
7.0,24.0,570.0,576.0,825.0,888.0,4,947.0
7.0,24.0,576.0,793.0,825.0,888.0,4,947.0
7.0,24.0,471.0,576.0,750.0,793.0,4,825.0
7.0,24.0,471.0,576.0,750.0,825.0,4,947.0
7.0,24.0,254.0,471.0,576.0,750.0,4,947.0
7.0,24.0,254.0,576.0,825.0,888.0,4,947.0
7.0,16.0,155.0,296.0,623.0,674.0,4,895.0
7.0,16.0,155.0,296.0,623.0,674.0,4,895.0
7.0,16.0,155.0,296.0,623.0,674.0,4,820.0
7.0,16.0,153.0,155.0,296.0,623.0,4,820.0
7.0,16.0,153.0,155.0,296.0,623.0,4,820.0
7.0,16.0,702.0,763.0,814.0,959.0,4,996.0
7.0,2.0,17.0,36.0,255.0,455.0,4,728.0
7.0,2.0,17.0,455.0,577.0,790.0,4,900.0
7.0,2.0,17.0,36.0,493.0,790.0,4,900.0
7.0,2.0,255.0,455.0,687.0,728.0,4,790.0
7.0,2.0,255.0,455.0,683.0,687.0,4,728.0
7.0,2.0,255.0,455.0,683.0,687.0,4,728.0
7.0,34.0,104.0,506.0,662.0,747.0,4,974.0
7.0,34.0,506.0,583.0,662.0,685.0,4,974.0
7.0,34.0,506.0,583.0,662.0,685.0,4,974.0
7.0,34.0,104.0,345.0,583.0,685.0,4,975.0
7.0,34.0,104.0,345.0,583.0,974.0,4,975.0
7.0,34.0,506.0,662.0,685.0,974.0,4,975.0
7.0,34.0,345.0,506.0,662.0,685.0,4,975.0
7.0,34.0,506.0,662.0,685.0,747.0,4,974.0
7.0,34.0,506.0,662.0,685.0,974.0,4,975.0
7.0,34.0,104.0,345.0,662.0,974.0,4,975.0
7.0,34.0,104.0,506.0,662.0,685.0,4,747.0
7.0,34.0,506.0,662.0,685.0,747.0,4,974.0
7.0,24.0,570.0,576.0,825.0,888.0,4,947.0
7.0,24.0,576.0,793.0,825.0,888.0,4,926.0
7.0,24.0,570.0,576.0,825.0,888.0,4,947.0
7.0,24.0,570.0,576.0,825.0,888.0,4,947.0
7.0,24.0,254.0,576.0,750.0,793.0,4,926.0
7.0,24.0,471.0,576.0,750.0,825.0,4,926.0
7.0,24.0,471.0,576.0,825.0,888.0,4,926.0
7.0,24.0,570.0,576.0,825.0,888.0,4,947.0
7.0,25.0,50.0,297.0,603.0,696.0,4,1003.0
7.0,25.0,74.0,297.0,603.0,759.0,4,1003.0
7.0,25.0,74.0,356.0,421.0,759.0,4,1003.0
7.0,25.0,74.0,356.0,421.0,759.0,4,958.0
7.0,25.0,50.0,74.0,421.0,696.0,4,759.0
7.0,25.0,297.0,603.0,696.0,958.0,4,1003.0
7.0,25.0,74.0,696.0,759.0,958.0,4,1003.0
7.0,24.0,570.0,576.0,825.0,888.0,4,947.0
7.0,24.0,471.0,576.0,825.0,888.0,4,947.0
7.0,24.0,254.0,471.0,576.0,888.0,4,947.0
7.0,24.0,254.0,471.0,750.0,793.0,4,947.0
7.0,24.0,471.0,576.0,750.0,825.0,4,888.0
7.0,24.0,471.0,576.0,750.0,825.0,4,888.0
7.0,24.0,570.0,576.0,825.0,888.0,4,947.0
7.0,24.0,570.0,576.0,825.0,888.0,4,947.0
7.0,24.0,570.0,576.0,825.0,888.0,4,947.0
7.0,24.0,254.0,471.0,576.0,750.0,4,793.0
7.0,24.0,576.0,750.0,825.0,888.0,4,947.0
7.0,24.0,570.0,576.0,825.0,888.0,4,947.0
7.0,14.0,161.0,569.0,903.0,922.0,4,1015.0
7.0,14.0,520.0,840.0,868.0,903.0,4,922.0
7.0,14.0,161.0,569.0,903.0,922.0,4,1015.0
7.0,14.0,161.0,569.0,903.0,922.0,4,1015.0
7.0,14.0,520.0,569.0,868.0,922.0,4,1015.0
7.0,14.0,161.0,569.0,903.0,922.0,4,1015.0
7.0,14.0,161.0,569.0,903.0,922.0,4,1015.0
7.0,24.0,471.0,576.0,825.0,888.0,4,947.0
7.0,24.0,576.0,793.0,825.0,863.0,4,888.0
7.0,24.0,576.0,825.0,863.0,888.0,4,947.0
7.0,24.0,576.0,793.0,825.0,888.0,4,947.0
7.0,24.0,471.0,576.0,793.0,825.0,4,888.0
7.0,24.0,254.0,471.0,576.0,750.0,4,825.0
7.0,24.0,576.0,825.0,863.0,888.0,4,947.0
7.0,24.0,576.0,863.0,888.0,926.0,4,947.0
7.0,24.0,576.0,825.0,888.0,926.0,4,947.0
7.0,24.0,254.0,576.0,750.0,825.0,4,863.0
7.0,24.0,254.0,576.0,825.0,863.0,4,888.0
7.0,24.0,576.0,863.0,888.0,926.0,4,947.0
7.0,24.0,576.0,863.0,888.0,926.0,4,947.0
7.0,24.0,576.0,863.0,888.0,926.0,4,947.0
7.0,24.0,576.0,750.0,825.0,888.0,4,947.0
7.0,24.0,254.0,576.0,863.0,888.0,4,947.0
7.0,24.0,576.0,863.0,888.0,926.0,4,947.0
7.0,24.0,576.0,825.0,863.0,888.0,4,926.0
7.0,24.0,377.0,471.0,576.0,750.0,4,825.0
7.0,24.0,254.0,377.0,471.0,750.0,4,825.0
7.0,24.0,576.0,825.0,863.0,888.0,4,926.0
7.0,24.0,576.0,825.0,863.0,888.0,4,926.0
7.0,24.0,576.0,793.0,863.0,888.0,4,926.0
7.0,24.0,576.0,793.0,825.0,888.0,4,926.0
7.0,24.0,254.0,377.0,576.0,750.0,4,825.0
7.0,24.0,576.0,793.0,825.0,863.0,4,888.0
7.0,24.0,576.0,793.0,863.0,888.0,4,926.0
7.0,24.0,377.0,471.0,576.0,825.0,4,888.0
7.0,24.0,377.0,471.0,576.0,750.0,4,825.0
7.0,24.0,254.0,377.0,471.0,750.0,4,825.0
7.0,24.0,254.0,471.0,750.0,825.0,4,888.0
7.0,24.0,43.0,576.0,793.0,863.0,4,926.0
7.0,24.0,576.0,793.0,863.0,888.0,4,926.0
7.0,24.0,576.0,793.0,863.0,888.0,4,926.0
7.0,24.0,254.0,377.0,471.0,750.0,4,825.0
7.0,24.0,254.0,471.0,576.0,750.0,4,825.0
7.0,24.0,254.0,576.0,825.0,863.0,4,888.0
7.0,24.0,254.0,576.0,825.0,863.0,4,888.0
7.0,24.0,43.0,471.0,793.0,825.0,4,926.0
7.0,24.0,576.0,793.0,863.0,888.0,4,926.0
7.0,24.0,137.0,471.0,576.0,750.0,4,825.0
7.0,24.0,254.0,576.0,793.0,863.0,4,888.0
7.0,24.0,137.0,576.0,793.0,863.0,4,888.0
7.0,24.0,576.0,793.0,863.0,888.0,4,926.0
7.0,24.0,137.0,377.0,576.0,750.0,4,825.0
7.0,24.0,137.0,254.0,377.0,750.0,4,825.0
7.0,24.0,137.0,254.0,377.0,750.0,4,825.0
7.0,24.0,137.0,254.0,377.0,750.0,4,825.0
7.0,24.0,43.0,137.0,377.0,471.0,4,825.0
7.0,24.0,43.0,377.0,471.0,793.0,4,825.0
7.0,24.0,43.0,377.0,471.0,793.0,4,825.0
7.0,27.0,146.0,359.0,668.0,680.0,4,777.0
7.0,27.0,69.0,359.0,668.0,680.0,4,777.0
7.0,27.0,351.0,393.0,668.0,680.0,4,901.0
7.0,27.0,351.0,393.0,668.0,680.0,4,777.0
7.0,27.0,146.0,351.0,359.0,668.0,4,777.0
7.0,27.0,23.0,146.0,351.0,359.0,4,777.0
7.0,27.0,146.0,351.0,359.0,680.0,4,777.0
7.0,27.0,146.0,351.0,393.0,680.0,4,777.0
7.0,27.0,351.0,393.0,668.0,680.0,4,777.0
7.0,27.0,351.0,393.0,668.0,680.0,4,777.0
7.0,27.0,351.0,359.0,393.0,668.0,4,777.0
7.0,27.0,351.0,359.0,393.0,680.0,4,777.0
7.0,14.0,488.0,518.0,573.0,840.0,4,868.0
7.0,14.0,488.0,569.0,786.0,868.0,4,1015.0
7.0,14.0,488.0,569.0,786.0,868.0,4,1015.0
7.0,14.0,488.0,569.0,786.0,868.0,4,1015.0
7.0,14.0,488.0,518.0,573.0,786.0,4,1015.0
7.0,24.0,43.0,576.0,863.0,888.0,4,926.0
7.0,24.0,576.0,793.0,863.0,888.0,4,926.0
7.0,24.0,137.0,576.0,750.0,793.0,4,825.0
7.0,24.0,137.0,254.0,576.0,750.0,4,825.0
7.0,24.0,137.0,254.0,576.0,750.0,4,863.0
7.0,24.0,43.0,137.0,793.0,863.0,4,888.0
7.0,24.0,137.0,576.0,793.0,825.0,4,888.0
7.0,24.0,137.0,254.0,576.0,825.0,4,888.0
7.0,24.0,137.0,254.0,576.0,750.0,4,825.0
7.0,24.0,137.0,254.0,576.0,750.0,4,825.0
7.0,24.0,137.0,377.0,471.0,793.0,4,826.0
7.0,24.0,43.0,377.0,471.0,793.0,4,826.0
7.0,24.0,43.0,576.0,825.0,888.0,4,926.0
7.0,24.0,43.0,137.0,254.0,576.0,4,750.0
7.0,24.0,137.0,254.0,471.0,750.0,4,793.0
7.0,24.0,137.0,254.0,750.0,793.0,4,888.0
7.0,24.0,137.0,576.0,750.0,825.0,4,888.0
7.0,24.0,137.0,576.0,750.0,825.0,4,888.0
7.0,24.0,43.0,576.0,825.0,888.0,4,926.0
7.0,24.0,137.0,254.0,576.0,825.0,4,888.0
7.0,24.0,137.0,254.0,576.0,825.0,4,888.0
7.0,24.0,43.0,377.0,471.0,736.0,4,793.0
7.0,4.0,134.0,486.0,487.0,589.0,4,715.0
7.0,4.0,134.0,486.0,487.0,589.0,4,715.0
7.0,4.0,194.0,486.0,487.0,589.0,4,936.0
7.0,4.0,134.0,194.0,486.0,715.0,4,936.0
7.0,4.0,134.0,194.0,486.0,715.0,4,936.0
7.0,4.0,194.0,486.0,487.0,715.0,4,936.0
7.0,6.0,275.0,444.0,693.0,914.0,4,980.0
7.0,6.0,275.0,444.0,693.0,914.0,4,980.0
7.0,6.0,30.0,35.0,275.0,693.0,4,980.0
7.0,6.0,30.0,35.0,444.0,693.0,4,989.0
7.0,6.0,30.0,275.0,693.0,914.0,4,980.0
7.0,6.0,30.0,275.0,693.0,914.0,4,980.0
7.0,6.0,30.0,275.0,693.0,914.0,4,980.0
7.0,6.0,30.0,275.0,693.0,914.0,4,980.0
7.0,32.0,34.0,241.0,511.0,602.0,4,944.0
7.0,32.0,505.0,511.0,602.0,944.0,4,986.0
7.0,32.0,34.0,241.0,370.0,505.0,4,986.0
7.0,32.0,34.0,241.0,511.0,602.0,4,944.0
7.0,32.0,34.0,241.0,505.0,511.0,4,602.0
7.0,32.0,370.0,505.0,511.0,602.0,4,986.0
7.0,32.0,34.0,241.0,370.0,944.0,4,986.0
7.0,32.0,34.0,241.0,370.0,511.0,4,739.0
7.0,24.0,43.0,576.0,825.0,888.0,4,926.0
7.0,24.0,43.0,137.0,576.0,825.0,4,888.0
7.0,24.0,137.0,254.0,471.0,750.0,4,793.0
7.0,24.0,137.0,254.0,750.0,825.0,4,888.0
7.0,24.0,137.0,254.0,750.0,825.0,4,888.0
7.0,24.0,43.0,576.0,825.0,888.0,4,926.0
7.0,24.0,471.0,576.0,750.0,825.0,4,888.0
7.0,24.0,137.0,254.0,471.0,576.0,4,750.0
7.0,24.0,137.0,254.0,471.0,750.0,4,888.0
7.0,24.0,137.0,254.0,750.0,825.0,4,888.0
7.0,24.0,137.0,254.0,750.0,825.0,4,926.0
7.0,24.0,137.0,254.0,471.0,793.0,4,926.0
7.0,24.0,43.0,471.0,736.0,793.0,4,926.0
7.0,7.0,277.0,524.0,731.0,874.0,4,902.0
7.0,7.0,524.0,731.0,874.0,902.0,4,1005.0
7.0,7.0,277.0,524.0,731.0,874.0,4,902.0
7.0,7.0,277.0,524.0,731.0,874.0,4,902.0
7.0,7.0,240.0,267.0,277.0,410.0,4,1005.0
7.0,7.0,105.0,267.0,277.0,410.0,4,1005.0
7.0,7.0,105.0,267.0,277.0,410.0,4,731.0
7.0,7.0,105.0,277.0,524.0,731.0,4,902.0
7.0,24.0,43.0,377.0,576.0,863.0,4,888.0
7.0,24.0,377.0,471.0,576.0,863.0,4,888.0
7.0,24.0,137.0,471.0,576.0,863.0,4,888.0
7.0,24.0,137.0,254.0,471.0,576.0,4,750.0
7.0,24.0,43.0,576.0,863.0,888.0,4,926.0
7.0,24.0,43.0,377.0,576.0,863.0,4,888.0
7.0,24.0,377.0,471.0,576.0,863.0,4,888.0
7.0,24.0,254.0,377.0,471.0,576.0,4,750.0
7.0,24.0,43.0,576.0,863.0,888.0,4,926.0
7.0,24.0,43.0,576.0,863.0,888.0,4,926.0
7.0,24.0,43.0,377.0,576.0,863.0,4,888.0
7.0,24.0,137.0,254.0,377.0,471.0,4,750.0
7.0,24.0,137.0,254.0,377.0,471.0,4,750.0
7.0,24.0,137.0,576.0,750.0,863.0,4,888.0
7.0,24.0,43.0,576.0,863.0,888.0,4,926.0
7.0,24.0,43.0,576.0,750.0,863.0,4,888.0
7.0,24.0,137.0,254.0,377.0,471.0,4,750.0
7.0,24.0,137.0,254.0,377.0,471.0,4,750.0
7.0,24.0,137.0,254.0,471.0,750.0,4,888.0
7.0,24.0,43.0,471.0,793.0,826.0,4,926.0
7.0,24.0,137.0,576.0,750.0,863.0,4,926.0
7.0,24.0,137.0,576.0,750.0,825.0,4,926.0
7.0,24.0,137.0,576.0,750.0,825.0,4,926.0
7.0,24.0,254.0,576.0,825.0,863.0,4,888.0
7.0,24.0,137.0,576.0,825.0,863.0,4,888.0
7.0,24.0,43.0,570.0,576.0,863.0,4,888.0
7.0,24.0,43.0,570.0,576.0,863.0,4,888.0
7.0,24.0,43.0,570.0,576.0,863.0,4,888.0
7.0,24.0,137.0,576.0,750.0,863.0,4,888.0
7.0,24.0,137.0,254.0,825.0,888.0,4,926.0
7.0,24.0,137.0,254.0,825.0,888.0,4,926.0
7.0,24.0,137.0,576.0,825.0,863.0,4,888.0
7.0,27.0,146.0,319.0,359.0,726.0,4,777.0
7.0,27.0,319.0,351.0,680.0,726.0,4,777.0
7.0,27.0,319.0,351.0,680.0,777.0,4,901.0
7.0,27.0,351.0,359.0,668.0,680.0,4,901.0
7.0,27.0,351.0,359.0,393.0,668.0,4,680.0
7.0,27.0,146.0,359.0,393.0,668.0,4,777.0
7.0,27.0,146.0,319.0,359.0,668.0,4,777.0
7.0,27.0,146.0,351.0,359.0,726.0,4,777.0
7.0,27.0,319.0,351.0,359.0,680.0,4,777.0
7.0,27.0,319.0,351.0,359.0,726.0,4,777.0
7.0,29.0,83.0,242.0,456.0,821.0,4,971.0
7.0,29.0,242.0,260.0,456.0,821.0,4,971.0
7.0,29.0,83.0,260.0,456.0,799.0,4,821.0
7.0,29.0,83.0,242.0,456.0,821.0,4,971.0
7.0,29.0,83.0,242.0,456.0,821.0,4,971.0
7.0,29.0,242.0,260.0,456.0,821.0,4,971.0
7.0,29.0,3.0,438.0,799.0,821.0,4,971.0
7.0,29.0,3.0,83.0,438.0,799.0,4,971.0
7.0,24.0,570.0,576.0,863.0,888.0,4,947.0
7.0,24.0,137.0,576.0,750.0,863.0,4,888.0
7.0,24.0,137.0,254.0,750.0,825.0,4,947.0
7.0,24.0,137.0,254.0,750.0,825.0,4,947.0
7.0,24.0,137.0,254.0,576.0,863.0,4,888.0
7.0,24.0,254.0,576.0,825.0,863.0,4,888.0
7.0,24.0,254.0,576.0,793.0,863.0,4,888.0
7.0,24.0,570.0,576.0,863.0,888.0,4,947.0
7.0,24.0,570.0,576.0,863.0,888.0,4,947.0
7.0,24.0,570.0,576.0,825.0,863.0,4,888.0
7.0,24.0,576.0,750.0,825.0,863.0,4,888.0
7.0,24.0,137.0,254.0,750.0,825.0,4,888.0
7.0,24.0,137.0,254.0,750.0,825.0,4,926.0
7.0,24.0,137.0,471.0,793.0,825.0,4,926.0
7.0,24.0,137.0,471.0,793.0,825.0,4,926.0
7.0,12.0,237.0,350.0,611.0,788.0,4,856.0
7.0,12.0,126.0,237.0,611.0,788.0,4,856.0
7.0,12.0,126.0,237.0,333.0,386.0,4,788.0
7.0,12.0,126.0,333.0,386.0,611.0,4,638.0
7.0,12.0,126.0,333.0,611.0,638.0,4,856.0
7.0,12.0,237.0,333.0,350.0,611.0,4,856.0
7.0,12.0,237.0,350.0,611.0,788.0,4,856.0
7.0,12.0,126.0,237.0,611.0,788.0,4,856.0
7.0,12.0,126.0,333.0,386.0,611.0,4,638.0
7.0,22.0,60.0,222.0,639.0,699.0,4,990.0
7.0,22.0,16.0,60.0,77.0,639.0,4,699.0
7.0,22.0,16.0,60.0,222.0,466.0,4,990.0
7.0,22.0,16.0,26.0,60.0,222.0,4,990.0
7.0,22.0,26.0,60.0,222.0,466.0,4,990.0
7.0,22.0,16.0,433.0,639.0,699.0,4,990.0
7.0,22.0,26.0,60.0,222.0,639.0,4,990.0
7.0,22.0,60.0,222.0,466.0,639.0,4,990.0
7.0,22.0,60.0,222.0,466.0,639.0,4,990.0
7.0,24.0,570.0,576.0,863.0,888.0,4,947.0
7.0,24.0,576.0,750.0,863.0,926.0,4,947.0
7.0,24.0,137.0,254.0,750.0,825.0,4,888.0
7.0,24.0,137.0,254.0,576.0,825.0,4,888.0
7.0,24.0,576.0,825.0,863.0,888.0,4,947.0
7.0,24.0,576.0,825.0,863.0,888.0,4,947.0
7.0,24.0,570.0,576.0,863.0,888.0,4,947.0
7.0,24.0,137.0,254.0,576.0,825.0,4,926.0
7.0,24.0,137.0,254.0,576.0,825.0,4,888.0
7.0,24.0,254.0,576.0,863.0,888.0,4,947.0
7.0,30.0,657.0,663.0,689.0,785.0,4,952.0
7.0,30.0,657.0,663.0,689.0,785.0,4,952.0
7.0,30.0,657.0,663.0,689.0,785.0,4,952.0
7.0,30.0,461.0,657.0,663.0,689.0,4,785.0
7.0,30.0,217.0,461.0,663.0,689.0,4,785.0
7.0,30.0,100.0,217.0,663.0,785.0,4,953.0
7.0,30.0,100.0,559.0,657.0,953.0,4,963.0
7.0,30.0,100.0,217.0,559.0,952.0,4,963.0
7.0,30.0,100.0,559.0,657.0,952.0,4,963.0
7.0,30.0,100.0,461.0,559.0,657.0,4,963.0
7.0,30.0,657.0,663.0,689.0,785.0,4,952.0
7.0,30.0,100.0,217.0,559.0,952.0,4,963.0
7.0,30.0,100.0,559.0,657.0,952.0,4,963.0
7.0,30.0,100.0,559.0,657.0,952.0,4,963.0
7.0,14.0,161.0,488.0,518.0,1015.0,4,1028.0
7.0,14.0,161.0,488.0,518.0,1015.0,4,1028.0
7.0,14.0,161.0,488.0,518.0,1015.0,4,1028.0
7.0,14.0,161.0,488.0,518.0,1015.0,4,1028.0
7.0,14.0,488.0,518.0,520.0,1015.0,4,1028.0
7.0,8.0,404.0,519.0,571.0,811.0,4,984.0
7.0,8.0,332.0,397.0,740.0,957.0,4,984.0
7.0,8.0,332.0,397.0,740.0,957.0,4,984.0
7.0,8.0,41.0,397.0,519.0,740.0,4,957.0
7.0,8.0,41.0,404.0,571.0,740.0,4,811.0
7.0,8.0,41.0,404.0,571.0,811.0,4,984.0
7.0,8.0,41.0,229.0,740.0,957.0,4,984.0
7.0,8.0,404.0,519.0,571.0,811.0,4,984.0
7.0,8.0,332.0,397.0,740.0,957.0,4,984.0
7.0,30.0,100.0,217.0,559.0,953.0,4,963.0
7.0,30.0,559.0,657.0,663.0,785.0,4,953.0
7.0,30.0,559.0,657.0,663.0,785.0,4,952.0
7.0,30.0,559.0,657.0,663.0,953.0,4,963.0
7.0,30.0,559.0,657.0,663.0,953.0,4,963.0
7.0,30.0,217.0,559.0,657.0,953.0,4,963.0
7.0,30.0,100.0,217.0,663.0,953.0,4,963.0
7.0,30.0,217.0,559.0,657.0,952.0,4,963.0
7.0,30.0,100.0,217.0,657.0,663.0,4,785.0
7.0,30.0,100.0,186.0,217.0,663.0,4,785.0
7.0,30.0,217.0,559.0,663.0,953.0,4,963.0
7.0,30.0,100.0,217.0,657.0,953.0,4,963.0
7.0,30.0,217.0,559.0,952.0,953.0,4,963.0
7.0,30.0,100.0,559.0,657.0,953.0,4,963.0
7.0,30.0,73.0,217.0,461.0,657.0,4,785.0
7.0,30.0,100.0,657.0,663.0,953.0,4,963.0
7.0,30.0,73.0,100.0,217.0,657.0,4,663.0
7.0,30.0,559.0,663.0,952.0,953.0,4,963.0
7.0,23.0,44.0,136.0,388.0,700.0,4,822.0
7.0,23.0,44.0,136.0,388.0,400.0,4,822.0
7.0,23.0,86.0,180.0,700.0,778.0,4,955.0
7.0,23.0,86.0,180.0,700.0,778.0,4,955.0
7.0,26.0,333.0,422.0,703.0,914.0,4,948.0
7.0,26.0,107.0,223.0,384.0,620.0,4,965.0
7.0,26.0,223.0,384.0,620.0,914.0,4,965.0
7.0,26.0,223.0,333.0,703.0,914.0,4,948.0
7.0,26.0,333.0,703.0,914.0,948.0,4,965.0
7.0,26.0,333.0,620.0,703.0,914.0,4,965.0
7.0,26.0,223.0,333.0,422.0,914.0,4,948.0
7.0,26.0,333.0,422.0,703.0,914.0,4,948.0
7.0,30.0,217.0,559.0,952.0,953.0,4,963.0
7.0,30.0,100.0,657.0,663.0,785.0,4,952.0
7.0,30.0,100.0,657.0,663.0,785.0,4,952.0
7.0,30.0,217.0,559.0,657.0,953.0,4,963.0
7.0,30.0,461.0,657.0,663.0,785.0,4,952.0
7.0,30.0,100.0,461.0,657.0,663.0,4,785.0
7.0,30.0,100.0,461.0,657.0,663.0,4,785.0
7.0,30.0,100.0,461.0,657.0,663.0,4,785.0
7.0,30.0,100.0,186.0,461.0,657.0,4,739.0
7.0,33.0,21.0,258.0,318.0,361.0,4,829.0
7.0,33.0,21.0,258.0,318.0,361.0,4,829.0
7.0,33.0,21.0,258.0,361.0,686.0,4,829.0
7.0,33.0,21.0,258.0,271.0,361.0,4,686.0
7.0,33.0,21.0,258.0,318.0,361.0,4,829.0
7.0,33.0,21.0,258.0,318.0,361.0,4,829.0
7.0,33.0,271.0,361.0,686.0,829.0,4,861.0
7.0,33.0,271.0,361.0,686.0,717.0,4,861.0
7.0,30.0,100.0,559.0,657.0,953.0,4,963.0
7.0,30.0,100.0,461.0,657.0,663.0,4,785.0
7.0,30.0,100.0,461.0,657.0,663.0,4,785.0
7.0,30.0,100.0,461.0,657.0,663.0,4,785.0
7.0,30.0,559.0,657.0,952.0,953.0,4,963.0
7.0,30.0,559.0,657.0,952.0,953.0,4,963.0
7.0,30.0,217.0,559.0,952.0,953.0,4,963.0
7.0,30.0,217.0,559.0,689.0,953.0,4,963.0
7.0,30.0,559.0,657.0,689.0,953.0,4,963.0
7.0,30.0,100.0,559.0,657.0,689.0,4,963.0
7.0,30.0,100.0,217.0,657.0,785.0,4,952.0
7.0,30.0,100.0,217.0,663.0,785.0,4,952.0
7.0,15.0,484.0,593.0,719.0,941.0,4,1036.0
7.0,15.0,302.0,714.0,802.0,960.0,4,1036.0
7.0,15.0,302.0,484.0,714.0,941.0,4,1036.0
7.0,15.0,593.0,714.0,941.0,960.0,4,1036.0
7.0,15.0,593.0,714.0,941.0,960.0,4,1036.0
7.0,15.0,302.0,484.0,714.0,719.0,4,941.0
7.0,15.0,593.0,714.0,941.0,960.0,4,1036.0
7.0,30.0,217.0,559.0,952.0,953.0,4,963.0
7.0,30.0,217.0,657.0,689.0,785.0,4,953.0
7.0,30.0,461.0,657.0,663.0,689.0,4,785.0
7.0,30.0,657.0,663.0,689.0,785.0,4,952.0
7.0,30.0,559.0,663.0,785.0,952.0,4,953.0
7.0,30.0,559.0,663.0,952.0,953.0,4,963.0
7.0,30.0,73.0,559.0,663.0,689.0,4,963.0
7.0,30.0,73.0,217.0,663.0,689.0,4,963.0
7.0,30.0,217.0,461.0,657.0,953.0,4,963.0
7.0,30.0,73.0,186.0,217.0,663.0,4,689.0
7.0,30.0,73.0,461.0,663.0,739.0,4,785.0
7.0,30.0,217.0,559.0,952.0,953.0,4,963.0
7.0,30.0,100.0,559.0,657.0,953.0,4,963.0
7.0,30.0,100.0,657.0,663.0,785.0,4,952.0
7.0,30.0,657.0,663.0,689.0,785.0,4,952.0
7.0,30.0,657.0,663.0,689.0,785.0,4,952.0
7.0,30.0,217.0,663.0,689.0,785.0,4,952.0
7.0,30.0,217.0,461.0,559.0,953.0,4,963.0
7.0,30.0,100.0,559.0,657.0,953.0,4,963.0
7.0,30.0,100.0,461.0,657.0,663.0,4,785.0
7.0,30.0,100.0,461.0,657.0,663.0,4,785.0
7.0,25.0,74.0,297.0,356.0,759.0,4,1003.0
7.0,25.0,50.0,286.0,356.0,696.0,4,854.0
7.0,25.0,50.0,286.0,356.0,696.0,4,854.0
7.0,25.0,50.0,286.0,356.0,696.0,4,854.0
7.0,25.0,74.0,297.0,356.0,759.0,4,1003.0
7.0,25.0,50.0,297.0,759.0,854.0,4,1003.0
7.0,25.0,286.0,603.0,696.0,854.0,4,910.0
7.0,30.0,217.0,559.0,952.0,953.0,4,963.0
7.0,30.0,100.0,461.0,657.0,663.0,4,963.0
7.0,30.0,100.0,217.0,663.0,785.0,4,952.0
7.0,30.0,217.0,785.0,952.0,953.0,4,963.0
7.0,30.0,657.0,663.0,952.0,953.0,4,963.0
7.0,30.0,100.0,657.0,663.0,952.0,4,963.0
7.0,30.0,100.0,657.0,663.0,785.0,4,952.0
7.0,30.0,100.0,657.0,663.0,785.0,4,952.0
7.0,30.0,100.0,663.0,785.0,952.0,4,963.0
7.0,30.0,100.0,217.0,559.0,953.0,4,963.0
7.0,30.0,217.0,559.0,952.0,953.0,4,963.0
7.0,30.0,100.0,559.0,657.0,953.0,4,963.0
7.0,30.0,100.0,559.0,657.0,953.0,4,963.0
7.0,30.0,100.0,657.0,663.0,785.0,4,952.0
7.0,30.0,100.0,217.0,461.0,663.0,4,785.0
7.0,30.0,100.0,559.0,657.0,689.0,4,785.0
7.0,30.0,100.0,461.0,559.0,663.0,4,785.0
7.0,30.0,73.0,186.0,663.0,689.0,4,785.0
7.0,30.0,73.0,186.0,663.0,689.0,4,785.0
7.0,30.0,73.0,186.0,663.0,689.0,4,785.0
7.0,32.0,34.0,241.0,511.0,602.0,4,944.0
7.0,32.0,34.0,241.0,511.0,602.0,4,944.0
7.0,32.0,34.0,241.0,602.0,613.0,4,925.0
7.0,32.0,76.0,241.0,511.0,602.0,4,944.0
7.0,32.0,76.0,241.0,511.0,602.0,4,944.0
7.0,32.0,76.0,293.0,613.0,925.0,4,944.0
7.0,32.0,76.0,293.0,511.0,925.0,4,944.0
7.0,17.0,328.0,354.0,642.0,727.0,4,741.0
7.0,17.0,109.0,328.0,502.0,587.0,4,764.0
7.0,17.0,109.0,328.0,354.0,502.0,4,764.0
7.0,17.0,328.0,354.0,642.0,727.0,4,741.0
7.0,33.0,21.0,258.0,361.0,686.0,4,976.0
7.0,33.0,258.0,361.0,686.0,829.0,4,976.0
7.0,33.0,258.0,361.0,686.0,829.0,4,976.0
7.0,33.0,258.0,361.0,686.0,829.0,4,976.0
7.0,33.0,21.0,318.0,361.0,470.0,4,504.0
7.0,33.0,21.0,258.0,361.0,686.0,4,976.0
7.0,27.0,146.0,319.0,359.0,726.0,4,777.0
7.0,27.0,146.0,319.0,351.0,726.0,4,777.0
7.0,27.0,69.0,146.0,319.0,359.0,4,726.0
7.0,27.0,146.0,319.0,359.0,726.0,4,777.0
7.0,27.0,146.0,319.0,359.0,726.0,4,777.0
7.0,27.0,319.0,359.0,680.0,726.0,4,777.0
7.0,10.0,40.0,47.0,234.0,591.0,4,918.0
7.0,10.0,47.0,234.0,376.0,591.0,4,918.0
7.0,10.0,289.0,376.0,591.0,684.0,4,959.0
7.0,10.0,40.0,289.0,376.0,684.0,4,959.0
7.0,10.0,40.0,47.0,234.0,591.0,4,918.0
7.0,10.0,40.0,47.0,234.0,376.0,4,918.0
7.0,10.0,234.0,289.0,573.0,591.0,4,959.0
7.0,10.0,234.0,289.0,573.0,591.0,4,918.0
7.0,10.0,40.0,47.0,234.0,591.0,4,918.0
7.0,30.0,559.0,663.0,952.0,953.0,4,963.0
7.0,30.0,100.0,559.0,657.0,953.0,4,963.0
7.0,30.0,100.0,217.0,657.0,953.0,4,963.0
7.0,30.0,217.0,461.0,657.0,689.0,4,785.0
7.0,30.0,217.0,461.0,663.0,689.0,4,785.0
7.0,30.0,461.0,559.0,663.0,689.0,4,785.0
7.0,30.0,100.0,559.0,663.0,953.0,4,963.0
7.0,30.0,100.0,559.0,657.0,953.0,4,963.0
7.0,30.0,559.0,663.0,952.0,953.0,4,963.0
7.0,30.0,100.0,217.0,657.0,953.0,4,963.0
7.0,30.0,100.0,217.0,559.0,953.0,4,963.0
7.0,30.0,100.0,217.0,559.0,953.0,4,963.0
7.0,30.0,217.0,559.0,657.0,952.0,4,963.0
7.0,7.0,240.0,277.0,524.0,731.0,4,902.0
7.0,7.0,524.0,731.0,874.0,902.0,4,1005.0
7.0,7.0,240.0,277.0,524.0,731.0,4,902.0
7.0,7.0,240.0,277.0,524.0,731.0,4,902.0
7.0,7.0,277.0,410.0,874.0,896.0,4,1005.0
7.0,7.0,240.0,277.0,731.0,896.0,4,1005.0
7.0,7.0,524.0,731.0,874.0,902.0,4,1005.0
7.0,7.0,524.0,731.0,874.0,902.0,4,1005.0
7.0,7.0,277.0,524.0,731.0,874.0,4,1005.0
7.0,7.0,277.0,524.0,731.0,874.0,4,1005.0
7.0,30.0,559.0,663.0,952.0,953.0,4,963.0
7.0,30.0,100.0,559.0,657.0,953.0,4,963.0
7.0,30.0,100.0,217.0,657.0,953.0,4,963.0
7.0,30.0,73.0,100.0,217.0,657.0,4,785.0
7.0,30.0,73.0,100.0,217.0,663.0,4,785.0
7.0,30.0,73.0,100.0,217.0,663.0,4,963.0
7.0,30.0,100.0,217.0,657.0,785.0,4,952.0
7.0,30.0,217.0,657.0,952.0,953.0,4,963.0
7.0,30.0,217.0,657.0,952.0,953.0,4,963.0
7.0,30.0,217.0,657.0,952.0,953.0,4,963.0
7.0,30.0,100.0,559.0,657.0,953.0,4,963.0
7.0,30.0,559.0,663.0,952.0,953.0,4,963.0
7.0,30.0,559.0,663.0,952.0,953.0,4,963.0
7.0,30.0,100.0,217.0,461.0,657.0,4,963.0
7.0,30.0,217.0,559.0,952.0,953.0,4,963.0
7.0,30.0,559.0,663.0,952.0,953.0,4,963.0
7.0,30.0,559.0,657.0,952.0,953.0,4,963.0
7.0,30.0,100.0,559.0,663.0,953.0,4,963.0
7.0,30.0,100.0,559.0,657.0,953.0,4,963.0
7.0,30.0,100.0,559.0,657.0,953.0,4,963.0
7.0,30.0,461.0,559.0,657.0,689.0,4,785.0
7.0,30.0,461.0,657.0,663.0,689.0,4,785.0
7.0,30.0,559.0,663.0,952.0,953.0,4,963.0
7.0,30.0,657.0,663.0,952.0,953.0,4,963.0
7.0,30.0,217.0,657.0,663.0,953.0,4,963.0
7.0,30.0,217.0,657.0,663.0,785.0,4,952.0
7.0,30.0,217.0,559.0,663.0,953.0,4,963.0
7.0,30.0,559.0,657.0,663.0,953.0,4,963.0
7.0,15.0,302.0,426.0,509.0,714.0,4,941.0
7.0,15.0,593.0,714.0,719.0,941.0,4,1036.0
7.0,15.0,593.0,714.0,719.0,941.0,4,1036.0
7.0,15.0,509.0,719.0,749.0,941.0,4,1036.0
7.0,15.0,426.0,509.0,749.0,941.0,4,1036.0
7.0,15.0,188.0,302.0,426.0,509.0,4,714.0
7.0,15.0,188.0,302.0,426.0,714.0,4,1036.0
7.0,15.0,188.0,302.0,426.0,714.0,4,1036.0
7.0,30.0,100.0,217.0,559.0,953.0,4,963.0
7.0,30.0,559.0,663.0,689.0,953.0,4,963.0
7.0,30.0,100.0,217.0,559.0,953.0,4,963.0
7.0,30.0,100.0,559.0,663.0,953.0,4,963.0
7.0,30.0,100.0,217.0,559.0,953.0,4,963.0
7.0,30.0,186.0,217.0,663.0,953.0,4,963.0
7.0,30.0,100.0,186.0,461.0,663.0,4,785.0
7.0,30.0,100.0,186.0,461.0,663.0,4,785.0
7.0,30.0,186.0,461.0,663.0,689.0,4,785.0
7.0,22.0,16.0,58.0,117.0,320.0,4,454.0
7.0,22.0,16.0,26.0,117.0,222.0,4,320.0
7.0,22.0,16.0,26.0,60.0,77.0,4,222.0
7.0,22.0,26.0,60.0,77.0,222.0,4,466.0
7.0,22.0,60.0,77.0,222.0,454.0,4,466.0
7.0,22.0,16.0,26.0,58.0,60.0,4,117.0
7.0,22.0,16.0,26.0,58.0,60.0,4,117.0
7.0,22.0,16.0,58.0,117.0,320.0,4,454.0
7.0,22.0,16.0,58.0,117.0,320.0,4,454.0
7.0,22.0,16.0,58.0,60.0,77.0,4,222.0
7.0,30.0,461.0,559.0,657.0,953.0,4,963.0
7.0,30.0,100.0,461.0,559.0,663.0,4,963.0
7.0,30.0,100.0,461.0,657.0,663.0,4,785.0
7.0,30.0,186.0,559.0,689.0,953.0,4,963.0
7.0,30.0,559.0,663.0,689.0,953.0,4,963.0
7.0,30.0,100.0,559.0,663.0,953.0,4,963.0
7.0,30.0,100.0,186.0,559.0,953.0,4,963.0
7.0,30.0,100.0,186.0,657.0,953.0,4,963.0
7.0,30.0,73.0,461.0,657.0,663.0,4,785.0
7.0,30.0,461.0,559.0,663.0,689.0,4,963.0
7.0,30.0,461.0,559.0,663.0,689.0,4,963.0
7.0,30.0,100.0,559.0,663.0,785.0,4,953.0
7.0,30.0,100.0,657.0,663.0,785.0,4,953.0
7.0,30.0,461.0,657.0,663.0,785.0,4,953.0
7.0,30.0,73.0,461.0,657.0,663.0,4,785.0
7.0,30.0,73.0,461.0,657.0,663.0,4,785.0
7.0,30.0,100.0,186.0,559.0,739.0,4,953.0
7.0,30.0,100.0,186.0,559.0,663.0,4,953.0
7.0,30.0,100.0,186.0,559.0,739.0,4,953.0
7.0,30.0,100.0,186.0,657.0,739.0,4,953.0
7.0,30.0,461.0,652.0,657.0,739.0,4,785.0
7.0,30.0,73.0,652.0,657.0,739.0,4,785.0
7.0,30.0,73.0,652.0,663.0,739.0,4,785.0
7.0,30.0,73.0,186.0,652.0,739.0,4,785.0
7.0,0.0,252.0,315.0,430.0,721.0,4,906.0
7.0,0.0,315.0,601.0,634.0,789.0,4,906.0
7.0,0.0,372.0,601.0,634.0,789.0,4,906.0
7.0,0.0,252.0,372.0,430.0,634.0,4,721.0
7.0,16.0,155.0,623.0,674.0,820.0,4,895.0
7.0,16.0,153.0,296.0,623.0,763.0,4,820.0
7.0,16.0,155.0,367.0,623.0,763.0,4,820.0
7.0,16.0,155.0,296.0,367.0,623.0,4,674.0
7.0,16.0,155.0,623.0,674.0,820.0,4,895.0
7.0,16.0,155.0,623.0,674.0,820.0,4,895.0
7.0,16.0,153.0,296.0,763.0,820.0,4,895.0
7.0,16.0,153.0,296.0,674.0,702.0,4,763.0
7.0,16.0,153.0,296.0,674.0,702.0,4,763.0
7.0,16.0,153.0,296.0,674.0,702.0,4,763.0
7.0,30.0,73.0,100.0,186.0,739.0,4,785.0
7.0,30.0,73.0,100.0,186.0,773.0,4,785.0
7.0,30.0,73.0,100.0,186.0,773.0,4,785.0
7.0,30.0,73.0,100.0,186.0,773.0,4,785.0
7.0,30.0,73.0,100.0,186.0,663.0,4,963.0
7.0,30.0,100.0,186.0,785.0,953.0,4,963.0
7.0,30.0,186.0,461.0,663.0,953.0,4,963.0
7.0,30.0,461.0,663.0,785.0,953.0,4,963.0
7.0,30.0,100.0,186.0,739.0,785.0,4,953.0
7.0,30.0,100.0,663.0,773.0,953.0,4,963.0
7.0,30.0,186.0,897.0,952.0,953.0,4,963.0
7.0,30.0,100.0,461.0,663.0,785.0,4,897.0
7.0,30.0,100.0,461.0,663.0,785.0,4,897.0
7.0,30.0,100.0,186.0,689.0,785.0,4,953.0
7.0,30.0,663.0,689.0,739.0,785.0,4,953.0
7.0,30.0,100.0,689.0,785.0,952.0,4,963.0
7.0,30.0,100.0,689.0,785.0,953.0,4,963.0
7.0,22.0,16.0,26.0,58.0,117.0,4,320.0
7.0,22.0,16.0,58.0,117.0,320.0,4,369.0
7.0,22.0,58.0,117.0,320.0,369.0,4,990.0
7.0,22.0,16.0,60.0,77.0,369.0,4,990.0
7.0,22.0,16.0,60.0,77.0,117.0,4,369.0
7.0,22.0,16.0,58.0,60.0,77.0,4,369.0
7.0,22.0,16.0,26.0,58.0,60.0,4,77.0
7.0,22.0,26.0,58.0,60.0,117.0,4,320.0
7.0,22.0,26.0,58.0,60.0,117.0,4,320.0
7.0,22.0,16.0,58.0,60.0,77.0,4,369.0
7.0,22.0,16.0,58.0,60.0,77.0,4,369.0
7.0,22.0,16.0,58.0,117.0,320.0,4,369.0
7.0,34.0,104.0,506.0,662.0,747.0,4,974.0
7.0,34.0,104.0,506.0,662.0,747.0,4,974.0
7.0,34.0,506.0,662.0,685.0,974.0,4,975.0
7.0,34.0,345.0,583.0,685.0,974.0,4,975.0
7.0,34.0,104.0,345.0,583.0,685.0,4,975.0
7.0,34.0,104.0,506.0,662.0,747.0,4,974.0
7.0,34.0,104.0,506.0,662.0,747.0,4,974.0
7.0,34.0,506.0,662.0,685.0,974.0,4,975.0
7.0,34.0,506.0,662.0,685.0,974.0,4,975.0
7.0,34.0,506.0,583.0,685.0,974.0,4,975.0
7.0,34.0,345.0,583.0,685.0,974.0,4,975.0
7.0,34.0,104.0,345.0,583.0,685.0,4,975.0
7.0,34.0,104.0,506.0,662.0,747.0,4,974.0
7.0,2.0,17.0,36.0,493.0,790.0,4,900.0
7.0,2.0,17.0,36.0,45.0,255.0,4,728.0
7.0,2.0,17.0,45.0,255.0,687.0,4,728.0
7.0,2.0,17.0,45.0,687.0,728.0,4,900.0
7.0,2.0,45.0,493.0,687.0,728.0,4,900.0
7.0,2.0,255.0,493.0,577.0,790.0,4,900.0
7.0,2.0,255.0,493.0,577.0,790.0,4,900.0
7.0,2.0,36.0,255.0,493.0,790.0,4,900.0
7.0,2.0,17.0,36.0,45.0,255.0,4,493.0
7.0,2.0,17.0,36.0,45.0,728.0,4,900.0
7.0,2.0,17.0,45.0,577.0,728.0,4,900.0
7.0,2.0,17.0,45.0,577.0,728.0,4,900.0
7.0,2.0,17.0,36.0,45.0,255.0,4,728.0
7.0,9.0,39.0,108.0,366.0,535.0,4,604.0
7.0,9.0,108.0,366.0,535.0,604.0,4,845.0
7.0,9.0,366.0,510.0,574.0,845.0,4,1019.0
7.0,9.0,108.0,366.0,535.0,574.0,4,845.0
7.0,9.0,108.0,366.0,535.0,574.0,4,604.0
7.0,9.0,108.0,366.0,535.0,574.0,4,604.0
7.0,9.0,39.0,108.0,366.0,535.0,4,604.0
7.0,9.0,39.0,108.0,535.0,604.0,4,845.0
7.0,1.0,160.0,484.0,565.0,595.0,4,795.0
7.0,1.0,160.0,484.0,565.0,595.0,4,795.0
7.0,1.0,353.0,442.0,463.0,565.0,4,808.0
7.0,1.0,106.0,353.0,442.0,463.0,4,808.0
7.0,1.0,160.0,463.0,484.0,565.0,4,595.0
7.0,1.0,353.0,463.0,495.0,565.0,4,808.0
7.0,1.0,442.0,463.0,484.0,565.0,4,808.0
7.0,1.0,106.0,463.0,484.0,565.0,4,795.0
7.0,27.0,146.0,351.0,359.0,726.0,4,777.0
7.0,27.0,146.0,359.0,393.0,668.0,4,680.0
7.0,27.0,146.0,359.0,393.0,668.0,4,680.0
7.0,27.0,146.0,359.0,393.0,668.0,4,680.0
7.0,27.0,146.0,359.0,393.0,668.0,4,680.0
7.0,27.0,146.0,359.0,393.0,668.0,4,680.0
7.0,27.0,146.0,351.0,393.0,726.0,4,777.0
7.0,27.0,146.0,351.0,393.0,668.0,4,680.0
7.0,27.0,146.0,351.0,359.0,726.0,4,777.0
7.0,27.0,146.0,351.0,359.0,726.0,4,777.0
7.0,27.0,69.0,359.0,393.0,668.0,4,680.0
7.0,27.0,69.0,146.0,393.0,668.0,4,680.0
7.0,27.0,69.0,146.0,393.0,668.0,4,680.0
7.0,30.0,186.0,217.0,559.0,952.0,4,953.0
7.0,30.0,100.0,217.0,461.0,663.0,4,785.0
7.0,30.0,100.0,217.0,663.0,785.0,4,953.0
7.0,30.0,559.0,657.0,785.0,952.0,4,953.0
7.0,30.0,559.0,657.0,785.0,952.0,4,953.0
7.0,30.0,217.0,559.0,657.0,952.0,4,953.0
7.0,30.0,559.0,657.0,663.0,952.0,4,953.0
7.0,30.0,100.0,559.0,657.0,663.0,4,953.0
7.0,30.0,100.0,559.0,657.0,663.0,4,953.0
7.0,30.0,100.0,217.0,461.0,559.0,4,663.0
7.0,30.0,100.0,559.0,657.0,663.0,4,952.0
7.0,30.0,73.0,100.0,559.0,663.0,4,785.0
7.0,30.0,559.0,657.0,663.0,785.0,4,953.0
7.0,30.0,217.0,559.0,657.0,663.0,4,953.0
7.0,30.0,217.0,559.0,657.0,663.0,4,953.0
7.0,30.0,217.0,559.0,657.0,785.0,4,952.0
7.0,30.0,100.0,559.0,657.0,785.0,4,953.0
7.0,30.0,100.0,657.0,663.0,785.0,4,953.0
7.0,30.0,100.0,217.0,559.0,663.0,4,952.0
7.0,30.0,100.0,217.0,559.0,785.0,4,953.0
7.0,30.0,100.0,217.0,657.0,785.0,4,953.0
7.0,30.0,100.0,657.0,663.0,785.0,4,953.0
7.0,30.0,217.0,559.0,952.0,953.0,4,963.0
7.0,30.0,217.0,559.0,952.0,953.0,4,963.0
7.0,30.0,73.0,100.0,657.0,663.0,4,785.0
7.0,30.0,73.0,100.0,657.0,663.0,4,785.0
7.0,30.0,100.0,217.0,663.0,785.0,4,952.0
7.0,30.0,100.0,217.0,663.0,785.0,4,952.0
7.0,30.0,217.0,559.0,952.0,953.0,4,963.0
7.0,30.0,100.0,657.0,663.0,785.0,4,953.0
7.0,30.0,217.0,559.0,952.0,953.0,4,963.0
7.0,30.0,100.0,657.0,663.0,785.0,4,952.0
7.0,30.0,559.0,663.0,952.0,953.0,4,963.0
7.0,6.0,444.0,606.0,646.0,914.0,4,980.0
7.0,6.0,444.0,606.0,646.0,914.0,4,980.0
7.0,6.0,275.0,646.0,693.0,980.0,4,989.0
7.0,6.0,56.0,275.0,646.0,693.0,4,989.0
7.0,6.0,56.0,606.0,646.0,693.0,4,989.0
7.0,6.0,30.0,275.0,606.0,914.0,4,980.0
7.0,6.0,444.0,606.0,646.0,914.0,4,980.0
7.0,6.0,56.0,275.0,606.0,693.0,4,989.0
7.0,6.0,275.0,606.0,646.0,914.0,4,980.0
7.0,30.0,100.0,217.0,559.0,953.0,4,963.0
7.0,30.0,100.0,559.0,657.0,953.0,4,963.0
7.0,30.0,100.0,657.0,663.0,953.0,4,963.0
7.0,30.0,100.0,657.0,952.0,953.0,4,963.0
7.0,30.0,559.0,663.0,785.0,952.0,4,953.0
7.0,30.0,100.0,559.0,657.0,953.0,4,963.0
7.0,30.0,100.0,663.0,952.0,953.0,4,963.0
7.0,30.0,217.0,559.0,657.0,785.0,4,953.0
7.0,30.0,100.0,217.0,657.0,785.0,4,952.0
7.0,30.0,100.0,217.0,559.0,785.0,4,953.0
7.0,30.0,100.0,559.0,663.0,953.0,4,963.0
7.0,30.0,100.0,559.0,657.0,953.0,4,963.0
7.0,30.0,73.0,76.0,186.0,689.0,4,785.0
7.0,30.0,217.0,559.0,952.0,953.0,4,963.0
7.0,30.0,100.0,217.0,657.0,953.0,4,963.0
7.0,30.0,73.0,100.0,657.0,663.0,4,963.0
7.0,30.0,100.0,559.0,657.0,663.0,4,785.0
7.0,30.0,217.0,559.0,952.0,953.0,4,963.0
7.0,30.0,559.0,657.0,952.0,953.0,4,963.0
7.0,30.0,100.0,559.0,657.0,785.0,4,953.0
7.0,30.0,217.0,657.0,663.0,785.0,4,952.0
7.0,30.0,559.0,657.0,663.0,952.0,4,963.0
7.0,30.0,217.0,559.0,657.0,953.0,4,963.0
7.0,4.0,134.0,194.0,486.0,487.0,4,589.0
7.0,4.0,134.0,486.0,487.0,589.0,4,715.0
7.0,4.0,134.0,486.0,487.0,589.0,4,715.0
7.0,4.0,194.0,486.0,589.0,743.0,4,936.0
7.0,4.0,194.0,589.0,743.0,936.0,4,964.0
7.0,4.0,194.0,485.0,743.0,936.0,4,964.0
7.0,4.0,194.0,485.0,743.0,936.0,4,964.0
7.0,30.0,217.0,559.0,952.0,953.0,4,963.0
7.0,30.0,100.0,657.0,663.0,953.0,4,963.0
7.0,30.0,100.0,186.0,657.0,663.0,4,953.0
7.0,30.0,100.0,186.0,657.0,663.0,4,953.0
7.0,30.0,73.0,100.0,186.0,657.0,4,663.0
7.0,30.0,73.0,100.0,186.0,657.0,4,663.0
7.0,30.0,186.0,217.0,559.0,689.0,4,952.0
7.0,30.0,217.0,559.0,689.0,785.0,4,952.0
7.0,30.0,217.0,559.0,952.0,953.0,4,963.0
7.0,30.0,73.0,186.0,559.0,657.0,4,689.0
7.0,30.0,73.0,186.0,657.0,663.0,4,689.0
7.0,30.0,100.0,461.0,663.0,689.0,4,785.0
7.0,30.0,73.0,186.0,461.0,689.0,4,785.0
7.0,30.0,217.0,559.0,952.0,953.0,4,963.0
7.0,30.0,73.0,100.0,657.0,663.0,4,785.0
7.0,30.0,73.0,100.0,657.0,663.0,4,785.0
7.0,30.0,100.0,217.0,663.0,785.0,4,952.0
7.0,30.0,217.0,559.0,663.0,953.0,4,963.0
7.0,30.0,217.0,559.0,657.0,953.0,4,963.0
7.0,30.0,559.0,663.0,952.0,953.0,4,963.0
7.0,30.0,100.0,657.0,663.0,953.0,4,963.0
7.0,30.0,73.0,100.0,657.0,663.0,4,785.0
7.0,30.0,73.0,100.0,657.0,663.0,4,785.0
7.0,30.0,100.0,559.0,663.0,785.0,4,953.0
7.0,30.0,559.0,663.0,952.0,953.0,4,963.0
7.0,30.0,73.0,186.0,217.0,461.0,4,689.0
7.0,14.0,488.0,573.0,786.0,840.0,4,1028.0
7.0,14.0,488.0,573.0,786.0,840.0,4,1028.0
7.0,14.0,573.0,658.0,840.0,868.0,4,1028.0
7.0,14.0,573.0,658.0,840.0,868.0,4,1028.0
7.0,14.0,488.0,569.0,786.0,868.0,4,1028.0
7.0,14.0,488.0,569.0,786.0,868.0,4,1015.0
7.0,14.0,569.0,573.0,786.0,840.0,4,1028.0
7.0,29.0,83.0,242.0,392.0,824.0,4,860.0
7.0,29.0,83.0,242.0,260.0,392.0,4,971.0
7.0,29.0,260.0,456.0,821.0,860.0,4,971.0
7.0,29.0,260.0,456.0,821.0,860.0,4,971.0
7.0,29.0,242.0,260.0,392.0,860.0,4,971.0
7.0,29.0,260.0,456.0,821.0,860.0,4,971.0
7.0,29.0,83.0,242.0,260.0,392.0,4,971.0
7.0,10.0,289.0,477.0,591.0,918.0,4,922.0
7.0,10.0,289.0,477.0,517.0,684.0,4,922.0
7.0,10.0,47.0,234.0,376.0,591.0,4,918.0
7.0,10.0,47.0,234.0,376.0,591.0,4,918.0
7.0,10.0,234.0,289.0,376.0,591.0,4,918.0
7.0,10.0,47.0,234.0,376.0,591.0,4,918.0
7.0,10.0,289.0,376.0,591.0,684.0,4,918.0
7.0,30.0,100.0,186.0,559.0,657.0,4,953.0
7.0,30.0,76.0,461.0,559.0,663.0,4,785.0
7.0,30.0,76.0,461.0,559.0,663.0,4,785.0
7.0,30.0,76.0,461.0,559.0,663.0,4,785.0
7.0,30.0,76.0,186.0,559.0,657.0,4,953.0
7.0,30.0,76.0,186.0,657.0,663.0,4,953.0
7.0,30.0,76.0,461.0,559.0,663.0,4,785.0
7.0,30.0,76.0,461.0,559.0,663.0,4,785.0
7.0,30.0,76.0,186.0,461.0,663.0,4,785.0
7.0,30.0,100.0,186.0,461.0,657.0,4,785.0
7.0,30.0,73.0,76.0,100.0,186.0,4,785.0
7.0,30.0,73.0,76.0,100.0,186.0,4,663.0
7.0,30.0,217.0,559.0,952.0,953.0,4,963.0
7.0,30.0,100.0,559.0,657.0,953.0,4,963.0
7.0,30.0,100.0,559.0,657.0,953.0,4,963.0
7.0,30.0,100.0,657.0,663.0,953.0,4,963.0
7.0,30.0,73.0,100.0,657.0,663.0,4,785.0
7.0,30.0,73.0,100.0,657.0,663.0,4,785.0
7.0,30.0,217.0,559.0,952.0,953.0,4,963.0
7.0,30.0,217.0,559.0,952.0,953.0,4,963.0
7.0,30.0,76.0,217.0,559.0,953.0,4,963.0
7.0,30.0,559.0,657.0,952.0,953.0,4,963.0
7.0,30.0,100.0,217.0,663.0,953.0,4,963.0
7.0,8.0,1.0,229.0,332.0,436.0,4,811.0
7.0,8.0,332.0,571.0,811.0,957.0,4,984.0
7.0,8.0,571.0,801.0,811.0,957.0,4,984.0
7.0,8.0,1.0,229.0,332.0,811.0,4,984.0
7.0,30.0,100.0,559.0,663.0,953.0,4,963.0
7.0,30.0,100.0,657.0,663.0,953.0,4,963.0
7.0,30.0,100.0,657.0,663.0,953.0,4,963.0
7.0,30.0,76.0,186.0,461.0,559.0,4,785.0
7.0,30.0,76.0,186.0,461.0,559.0,4,785.0
7.0,30.0,100.0,559.0,663.0,785.0,4,953.0
7.0,30.0,100.0,559.0,663.0,953.0,4,963.0
7.0,30.0,559.0,657.0,663.0,953.0,4,963.0
7.0,30.0,100.0,559.0,657.0,953.0,4,963.0
7.0,30.0,100.0,657.0,663.0,953.0,4,963.0
7.0,30.0,73.0,186.0,559.0,663.0,4,785.0
7.0,30.0,186.0,657.0,663.0,785.0,4,953.0
7.0,30.0,186.0,461.0,657.0,663.0,4,785.0
7.0,30.0,76.0,186.0,461.0,663.0,4,785.0
7.0,30.0,73.0,76.0,186.0,461.0,4,785.0
7.0,12.0,280.0,386.0,611.0,638.0,4,817.0
7.0,12.0,350.0,386.0,611.0,638.0,4,817.0
7.0,12.0,237.0,350.0,611.0,788.0,4,856.0
7.0,12.0,237.0,350.0,611.0,788.0,4,856.0
7.0,12.0,237.0,280.0,788.0,817.0,4,856.0
7.0,12.0,237.0,280.0,788.0,817.0,4,856.0
7.0,12.0,237.0,280.0,788.0,817.0,4,856.0
7.0,30.0,100.0,217.0,559.0,953.0,4,963.0
7.0,30.0,100.0,217.0,559.0,953.0,4,963.0
7.0,30.0,100.0,559.0,657.0,953.0,4,963.0
7.0,30.0,217.0,657.0,663.0,785.0,4,952.0
7.0,30.0,217.0,559.0,663.0,785.0,4,952.0
7.0,30.0,100.0,559.0,657.0,953.0,4,963.0
7.0,30.0,559.0,657.0,663.0,953.0,4,963.0
7.0,30.0,559.0,657.0,663.0,952.0,4,963.0
7.0,30.0,100.0,217.0,657.0,663.0,4,963.0
7.0,30.0,217.0,461.0,657.0,663.0,4,785.0
7.0,30.0,217.0,559.0,952.0,953.0,4,963.0
7.0,30.0,100.0,657.0,663.0,953.0,4,963.0
7.0,30.0,100.0,657.0,663.0,953.0,4,963.0
7.0,30.0,186.0,559.0,657.0,952.0,4,953.0
7.0,30.0,100.0,186.0,559.0,657.0,4,953.0
7.0,30.0,186.0,217.0,559.0,952.0,4,953.0
7.0,30.0,186.0,217.0,559.0,952.0,4,953.0
7.0,30.0,100.0,559.0,663.0,689.0,4,785.0
7.0,30.0,100.0,559.0,663.0,689.0,4,785.0
7.0,30.0,76.0,186.0,461.0,657.0,4,785.0
7.0,30.0,76.0,186.0,461.0,657.0,4,785.0
7.0,7.0,524.0,731.0,874.0,902.0,4,1005.0
7.0,7.0,240.0,267.0,277.0,410.0,4,1005.0
7.0,7.0,240.0,267.0,277.0,410.0,4,1005.0
7.0,7.0,105.0,524.0,731.0,902.0,4,1005.0
7.0,7.0,105.0,267.0,277.0,731.0,4,902.0
7.0,7.0,267.0,277.0,731.0,874.0,4,1005.0
7.0,7.0,240.0,267.0,731.0,902.0,4,1005.0
7.0,7.0,105.0,267.0,524.0,902.0,4,1005.0
7.0,7.0,105.0,267.0,277.0,410.0,4,1005.0
7.0,7.0,277.0,524.0,731.0,874.0,4,902.0
7.0,7.0,267.0,277.0,524.0,731.0,4,1005.0
7.0,30.0,73.0,100.0,217.0,663.0,4,785.0
7.0,30.0,100.0,217.0,461.0,663.0,4,785.0
7.0,30.0,100.0,217.0,559.0,952.0,4,963.0
7.0,30.0,76.0,186.0,461.0,559.0,4,785.0
7.0,30.0,100.0,217.0,559.0,785.0,4,952.0
7.0,30.0,76.0,217.0,559.0,952.0,4,963.0
7.0,30.0,76.0,217.0,461.0,559.0,4,963.0
7.0,30.0,100.0,217.0,461.0,559.0,4,963.0
7.0,30.0,100.0,217.0,461.0,559.0,4,785.0
7.0,30.0,100.0,217.0,461.0,663.0,4,785.0
7.0,30.0,100.0,559.0,663.0,785.0,4,963.0
7.0,30.0,100.0,217.0,559.0,663.0,4,785.0
7.0,30.0,100.0,217.0,657.0,952.0,4,963.0
7.0,30.0,100.0,461.0,559.0,657.0,4,785.0
7.0,30.0,186.0,559.0,689.0,785.0,4,952.0
7.0,30.0,559.0,657.0,689.0,952.0,4,963.0
7.0,30.0,100.0,559.0,657.0,785.0,4,952.0
7.0,30.0,76.0,186.0,205.0,461.0,4,689.0
7.0,30.0,73.0,76.0,186.0,205.0,4,461.0
7.0,27.0,146.0,319.0,359.0,726.0,4,777.0
7.0,27.0,146.0,351.0,359.0,726.0,4,777.0
7.0,27.0,69.0,146.0,359.0,726.0,4,777.0
7.0,27.0,146.0,359.0,393.0,668.0,4,726.0
7.0,27.0,276.0,319.0,680.0,726.0,4,777.0
7.0,27.0,23.0,276.0,351.0,393.0,4,680.0
7.0,27.0,23.0,319.0,351.0,393.0,4,680.0
7.0,22.0,16.0,58.0,320.0,454.0,4,536.0
7.0,22.0,16.0,58.0,117.0,320.0,4,454.0
7.0,22.0,16.0,58.0,117.0,320.0,4,454.0
7.0,22.0,58.0,117.0,320.0,369.0,4,990.0
7.0,22.0,16.0,58.0,320.0,454.0,4,536.0
7.0,22.0,58.0,60.0,117.0,369.0,4,990.0
7.0,22.0,16.0,60.0,117.0,454.0,4,990.0
7.0,22.0,58.0,60.0,117.0,320.0,4,536.0
7.0,27.0,146.0,319.0,351.0,726.0,4,777.0
7.0,27.0,319.0,351.0,680.0,726.0,4,777.0
7.0,27.0,69.0,319.0,680.0,726.0,4,777.0
7.0,27.0,146.0,351.0,393.0,668.0,4,680.0
7.0,27.0,146.0,351.0,393.0,668.0,4,680.0
7.0,27.0,146.0,319.0,351.0,680.0,4,777.0
7.0,27.0,146.0,319.0,351.0,726.0,4,777.0
7.0,27.0,276.0,319.0,680.0,726.0,4,777.0
7.0,27.0,146.0,276.0,393.0,668.0,4,680.0
7.0,27.0,319.0,351.0,668.0,680.0,4,726.0
7.0,27.0,69.0,359.0,680.0,726.0,4,777.0
7.0,27.0,69.0,146.0,359.0,668.0,4,680.0
7.0,27.0,319.0,359.0,680.0,726.0,4,777.0
7.0,27.0,146.0,319.0,351.0,726.0,4,777.0
7.0,27.0,319.0,351.0,359.0,668.0,4,680.0
7.0,27.0,69.0,276.0,359.0,668.0,4,680.0
7.0,27.0,69.0,276.0,359.0,668.0,4,680.0
7.0,27.0,69.0,319.0,680.0,726.0,4,777.0
7.0,27.0,146.0,319.0,359.0,726.0,4,777.0
7.0,27.0,146.0,319.0,359.0,726.0,4,777.0
7.0,27.0,146.0,319.0,359.0,726.0,4,777.0
7.0,27.0,69.0,359.0,680.0,726.0,4,777.0
7.0,27.0,319.0,351.0,668.0,680.0,4,726.0
7.0,27.0,319.0,351.0,668.0,680.0,4,726.0
7.0,27.0,319.0,351.0,668.0,680.0,4,726.0
7.0,27.0,146.0,351.0,359.0,668.0,4,777.0
7.0,27.0,146.0,351.0,359.0,668.0,4,777.0
7.0,27.0,146.0,351.0,359.0,668.0,4,777.0
7.0,27.0,69.0,146.0,351.0,359.0,4,668.0
7.0,27.0,69.0,146.0,351.0,359.0,4,668.0
7.0,27.0,319.0,359.0,668.0,726.0,4,777.0
7.0,27.0,146.0,319.0,359.0,726.0,4,777.0
7.0,29.0,83.0,242.0,370.0,456.0,4,635.0
7.0,29.0,83.0,242.0,392.0,456.0,4,635.0
7.0,29.0,173.0,392.0,485.0,505.0,4,784.0
7.0,29.0,83.0,242.0,370.0,456.0,4,635.0
7.0,29.0,83.0,370.0,456.0,635.0,4,784.0
7.0,29.0,83.0,242.0,370.0,456.0,4,635.0
7.0,29.0,374.0,392.0,485.0,784.0,4,971.0
7.0,29.0,83.0,242.0,392.0,784.0,4,971.0
7.0,29.0,83.0,242.0,392.0,784.0,4,971.0
7.0,27.0,146.0,351.0,359.0,726.0,4,777.0
7.0,27.0,351.0,359.0,668.0,680.0,4,726.0
7.0,27.0,351.0,359.0,668.0,680.0,4,726.0
7.0,27.0,69.0,351.0,393.0,668.0,4,726.0
7.0,27.0,351.0,359.0,680.0,726.0,4,777.0
7.0,27.0,276.0,351.0,359.0,668.0,4,777.0
7.0,27.0,276.0,351.0,359.0,668.0,4,777.0
7.0,25.0,50.0,297.0,356.0,421.0,4,958.0
7.0,25.0,50.0,74.0,421.0,759.0,4,1003.0
7.0,25.0,74.0,356.0,421.0,759.0,4,1003.0
7.0,25.0,74.0,421.0,696.0,759.0,4,1003.0
7.0,25.0,50.0,74.0,421.0,759.0,4,1003.0
7.0,16.0,155.0,623.0,763.0,820.0,4,895.0
7.0,16.0,155.0,623.0,763.0,814.0,4,820.0
7.0,16.0,153.0,623.0,763.0,814.0,4,820.0
7.0,16.0,153.0,623.0,763.0,814.0,4,820.0
7.0,16.0,153.0,296.0,814.0,820.0,4,847.0
7.0,16.0,155.0,296.0,702.0,820.0,4,847.0
7.0,16.0,155.0,623.0,702.0,763.0,4,847.0
7.0,16.0,155.0,296.0,623.0,763.0,4,895.0
7.0,16.0,153.0,623.0,702.0,763.0,4,820.0
7.0,16.0,153.0,296.0,702.0,820.0,4,847.0
7.0,16.0,155.0,623.0,702.0,763.0,4,820.0
7.0,33.0,111.0,258.0,361.0,504.0,4,686.0
7.0,33.0,111.0,318.0,361.0,504.0,4,686.0
7.0,33.0,111.0,318.0,361.0,470.0,4,504.0
7.0,33.0,21.0,111.0,318.0,470.0,4,976.0
7.0,33.0,21.0,111.0,318.0,470.0,4,976.0
7.0,33.0,21.0,318.0,361.0,470.0,4,976.0
7.0,33.0,21.0,318.0,361.0,470.0,4,686.0
7.0,33.0,21.0,52.0,361.0,470.0,4,976.0
7.0,27.0,146.0,351.0,359.0,726.0,4,777.0
7.0,27.0,146.0,319.0,359.0,680.0,4,777.0
7.0,27.0,69.0,146.0,319.0,668.0,4,680.0
7.0,27.0,351.0,359.0,668.0,680.0,4,726.0
7.0,27.0,351.0,359.0,668.0,680.0,4,726.0
7.0,27.0,146.0,351.0,359.0,726.0,4,777.0
7.0,27.0,146.0,319.0,351.0,680.0,4,777.0
7.0,27.0,276.0,319.0,351.0,668.0,4,680.0
7.0,27.0,276.0,351.0,359.0,668.0,4,680.0
7.0,27.0,146.0,319.0,351.0,359.0,4,668.0
7.0,27.0,146.0,319.0,359.0,668.0,4,777.0
7.0,15.0,302.0,593.0,714.0,941.0,4,960.0
7.0,15.0,302.0,415.0,593.0,714.0,4,719.0
7.0,15.0,302.0,593.0,714.0,941.0,4,960.0
7.0,15.0,302.0,593.0,714.0,941.0,4,960.0
7.0,15.0,302.0,509.0,749.0,941.0,4,960.0
7.0,15.0,302.0,509.0,714.0,941.0,4,960.0
7.0,15.0,302.0,484.0,509.0,714.0,4,941.0
7.0,15.0,509.0,593.0,714.0,941.0,4,960.0
7.0,15.0,415.0,484.0,509.0,593.0,4,749.0
7.0,27.0,146.0,319.0,359.0,726.0,4,777.0
7.0,27.0,351.0,359.0,668.0,680.0,4,1001.0
7.0,27.0,69.0,146.0,319.0,359.0,4,777.0
7.0,27.0,319.0,359.0,680.0,726.0,4,777.0
7.0,27.0,146.0,319.0,359.0,726.0,4,777.0
7.0,27.0,146.0,319.0,359.0,680.0,4,777.0
7.0,27.0,351.0,359.0,668.0,680.0,4,777.0
7.0,27.0,351.0,359.0,668.0,680.0,4,777.0
7.0,27.0,319.0,359.0,668.0,680.0,4,777.0
7.0,14.0,488.0,520.0,753.0,922.0,4,1028.0
7.0,14.0,488.0,520.0,753.0,922.0,4,1028.0
7.0,14.0,592.0,753.0,786.0,922.0,4,1015.0
7.0,14.0,520.0,753.0,922.0,1015.0,4,1028.0
7.0,14.0,488.0,520.0,753.0,1015.0,4,1028.0
7.0,14.0,592.0,753.0,786.0,922.0,4,1028.0
7.0,27.0,146.0,319.0,359.0,726.0,4,777.0
7.0,27.0,146.0,351.0,359.0,668.0,4,680.0
7.0,27.0,146.0,351.0,359.0,668.0,4,680.0
7.0,27.0,69.0,146.0,319.0,726.0,4,777.0
7.0,27.0,146.0,319.0,359.0,726.0,4,777.0
7.0,27.0,146.0,319.0,359.0,726.0,4,777.0
7.0,27.0,351.0,359.0,668.0,680.0,4,777.0
7.0,27.0,146.0,319.0,351.0,668.0,4,680.0
7.0,27.0,146.0,319.0,359.0,726.0,4,777.0
7.0,27.0,146.0,319.0,359.0,726.0,4,777.0
7.0,27.0,319.0,351.0,680.0,726.0,4,777.0
7.0,27.0,319.0,351.0,680.0,726.0,4,777.0
7.0,27.0,69.0,351.0,359.0,668.0,4,680.0
7.0,27.0,146.0,351.0,359.0,668.0,4,680.0
7.0,27.0,146.0,319.0,359.0,668.0,4,680.0
7.0,27.0,146.0,319.0,359.0,726.0,4,777.0
7.0,27.0,351.0,359.0,680.0,726.0,4,777.0
7.0,27.0,319.0,351.0,668.0,680.0,4,726.0
7.0,27.0,319.0,351.0,668.0,680.0,4,726.0
7.0,27.0,146.0,319.0,359.0,668.0,4,777.0
7.0,8.0,397.0,571.0,811.0,984.0,4,1027.0
7.0,8.0,571.0,811.0,957.0,984.0,4,1027.0
7.0,8.0,41.0,62.0,229.0,332.0,4,740.0
7.0,8.0,41.0,62.0,229.0,332.0,4,740.0
7.0,8.0,41.0,62.0,332.0,571.0,4,740.0
7.0,8.0,229.0,397.0,811.0,984.0,4,1027.0
7.0,8.0,571.0,811.0,957.0,984.0,4,1027.0
7.0,8.0,229.0,397.0,811.0,984.0,4,1027.0
7.0,27.0,146.0,319.0,359.0,726.0,4,777.0
7.0,27.0,146.0,351.0,359.0,726.0,4,777.0
7.0,27.0,351.0,359.0,668.0,680.0,4,777.0
7.0,27.0,69.0,319.0,351.0,668.0,4,680.0
7.0,27.0,319.0,351.0,359.0,726.0,4,777.0
7.0,27.0,146.0,319.0,359.0,726.0,4,777.0
7.0,27.0,146.0,319.0,359.0,726.0,4,777.0
7.0,27.0,319.0,351.0,680.0,726.0,4,777.0
7.0,27.0,146.0,319.0,351.0,668.0,4,680.0
7.0,27.0,146.0,351.0,359.0,668.0,4,680.0
7.0,27.0,146.0,319.0,359.0,668.0,4,680.0
7.0,27.0,146.0,319.0,359.0,726.0,4,777.0
7.0,27.0,146.0,319.0,359.0,726.0,4,777.0
7.0,27.0,319.0,351.0,680.0,726.0,4,777.0
7.0,27.0,146.0,351.0,359.0,668.0,4,680.0
7.0,27.0,146.0,319.0,351.0,668.0,4,726.0
7.0,27.0,146.0,319.0,359.0,726.0,4,777.0
7.0,27.0,146.0,319.0,359.0,726.0,4,777.0
7.0,27.0,146.0,319.0,359.0,726.0,4,777.0
7.0,27.0,69.0,351.0,359.0,668.0,4,680.0
7.0,27.0,69.0,319.0,351.0,668.0,4,680.0
7.0,27.0,69.0,319.0,351.0,668.0,4,726.0
7.0,27.0,69.0,276.0,393.0,668.0,4,726.0
7.0,27.0,69.0,276.0,351.0,393.0,4,1001.0
7.0,10.0,40.0,47.0,234.0,591.0,4,918.0
7.0,10.0,47.0,289.0,376.0,573.0,4,918.0
7.0,10.0,40.0,234.0,289.0,591.0,4,918.0
7.0,10.0,40.0,47.0,234.0,591.0,4,918.0
7.0,10.0,40.0,47.0,234.0,591.0,4,918.0
7.0,10.0,40.0,47.0,234.0,376.0,4,918.0
7.0,10.0,40.0,47.0,234.0,591.0,4,918.0
7.0,10.0,40.0,47.0,234.0,591.0,4,918.0
7.0,10.0,289.0,376.0,591.0,684.0,4,918.0
7.0,10.0,289.0,376.0,573.0,684.0,4,959.0
7.0,10.0,289.0,376.0,573.0,684.0,4,959.0
7.0,10.0,376.0,383.0,573.0,745.0,4,959.0
7.0,27.0,146.0,319.0,359.0,726.0,4,777.0
7.0,27.0,351.0,359.0,680.0,726.0,4,777.0
7.0,27.0,351.0,359.0,680.0,726.0,4,777.0
7.0,27.0,69.0,146.0,319.0,351.0,4,668.0
7.0,27.0,69.0,146.0,319.0,351.0,4,668.0
7.0,27.0,69.0,146.0,319.0,668.0,4,726.0
7.0,27.0,146.0,319.0,359.0,726.0,4,777.0
7.0,27.0,146.0,319.0,359.0,726.0,4,777.0
7.0,27.0,319.0,351.0,668.0,680.0,4,726.0
7.0,27.0,319.0,351.0,668.0,680.0,4,777.0
7.0,27.0,146.0,351.0,359.0,668.0,4,777.0
7.0,27.0,146.0,351.0,359.0,668.0,4,777.0
7.0,27.0,146.0,351.0,359.0,726.0,4,777.0
7.0,27.0,351.0,393.0,668.0,680.0,4,726.0
7.0,27.0,146.0,351.0,359.0,726.0,4,777.0
7.0,27.0,146.0,351.0,359.0,726.0,4,777.0
7.0,27.0,146.0,351.0,359.0,726.0,4,777.0
7.0,27.0,69.0,146.0,359.0,726.0,4,777.0
7.0,27.0,146.0,351.0,393.0,668.0,4,680.0
7.0,27.0,146.0,351.0,393.0,668.0,4,680.0
7.0,27.0,351.0,359.0,668.0,726.0,4,777.0
7.0,27.0,146.0,351.0,359.0,726.0,4,777.0
7.0,27.0,146.0,351.0,393.0,668.0,4,680.0
7.0,27.0,146.0,351.0,393.0,668.0,4,680.0
7.0,27.0,146.0,351.0,393.0,668.0,4,680.0
7.0,27.0,69.0,276.0,393.0,668.0,4,1001.0
7.0,4.0,486.0,487.0,589.0,715.0,4,936.0
7.0,4.0,486.0,487.0,589.0,715.0,4,936.0
7.0,4.0,194.0,486.0,715.0,743.0,4,936.0
7.0,4.0,194.0,486.0,743.0,936.0,4,964.0
7.0,4.0,194.0,486.0,743.0,936.0,4,964.0
7.0,4.0,194.0,487.0,589.0,936.0,4,964.0
7.0,4.0,194.0,486.0,487.0,589.0,4,715.0
7.0,4.0,486.0,487.0,589.0,715.0,4,936.0
7.0,4.0,194.0,486.0,743.0,936.0,4,964.0
7.0,4.0,194.0,486.0,743.0,936.0,4,964.0
7.0,4.0,194.0,486.0,487.0,715.0,4,964.0
7.0,4.0,194.0,486.0,487.0,715.0,4,964.0
7.0,15.0,593.0,714.0,719.0,941.0,4,1036.0
7.0,15.0,188.0,302.0,426.0,749.0,4,1036.0
7.0,15.0,188.0,302.0,426.0,509.0,4,749.0
7.0,15.0,188.0,302.0,426.0,509.0,4,749.0
7.0,15.0,188.0,302.0,426.0,509.0,4,714.0
7.0,15.0,188.0,302.0,426.0,509.0,4,714.0
7.0,15.0,509.0,714.0,719.0,941.0,4,1036.0
7.0,15.0,302.0,426.0,714.0,941.0,4,1036.0
7.0,15.0,188.0,302.0,426.0,714.0,4,1036.0
7.0,15.0,188.0,302.0,426.0,509.0,4,749.0
7.0,15.0,188.0,302.0,426.0,593.0,4,749.0
7.0,15.0,188.0,302.0,426.0,714.0,4,1036.0
7.0,15.0,188.0,302.0,426.0,714.0,4,1036.0
7.0,9.0,39.0,108.0,366.0,535.0,4,574.0
7.0,9.0,108.0,366.0,535.0,574.0,4,604.0
7.0,9.0,108.0,366.0,535.0,604.0,4,845.0
7.0,9.0,39.0,149.0,604.0,845.0,4,1019.0
7.0,9.0,39.0,108.0,149.0,604.0,4,845.0
7.0,9.0,39.0,108.0,149.0,574.0,4,604.0
7.0,9.0,39.0,108.0,535.0,845.0,4,1019.0
7.0,9.0,108.0,366.0,535.0,574.0,4,604.0
7.0,9.0,108.0,535.0,604.0,845.0,4,1019.0
7.0,9.0,108.0,366.0,535.0,574.0,4,1019.0
7.0,23.0,44.0,136.0,388.0,575.0,4,822.0
7.0,23.0,33.0,400.0,575.0,955.0,4,967.0
7.0,23.0,136.0,400.0,575.0,955.0,4,967.0
7.0,23.0,44.0,136.0,388.0,400.0,4,822.0
7.0,23.0,44.0,136.0,388.0,400.0,4,822.0
7.0,23.0,44.0,136.0,388.0,400.0,4,822.0
7.0,23.0,33.0,44.0,136.0,388.0,4,822.0
7.0,23.0,33.0,44.0,136.0,388.0,4,822.0
7.0,23.0,33.0,136.0,400.0,955.0,4,967.0
7.0,23.0,33.0,400.0,575.0,822.0,4,955.0
7.0,23.0,136.0,388.0,400.0,575.0,4,822.0
7.0,23.0,44.0,136.0,388.0,575.0,4,822.0
7.0,27.0,146.0,351.0,359.0,726.0,4,777.0
7.0,27.0,351.0,359.0,680.0,726.0,4,777.0
7.0,27.0,351.0,393.0,680.0,726.0,4,777.0
7.0,27.0,23.0,69.0,359.0,668.0,4,680.0
7.0,27.0,146.0,351.0,359.0,726.0,4,777.0
7.0,27.0,146.0,351.0,359.0,726.0,4,777.0
7.0,27.0,146.0,351.0,359.0,726.0,4,777.0
7.0,27.0,146.0,351.0,359.0,726.0,4,777.0
7.0,27.0,351.0,359.0,393.0,726.0,4,777.0
7.0,27.0,146.0,351.0,393.0,668.0,4,680.0
7.0,27.0,146.0,359.0,393.0,668.0,4,680.0
7.0,27.0,69.0,146.0,359.0,668.0,4,680.0
7.0,27.0,23.0,351.0,393.0,668.0,4,680.0
7.0,27.0,351.0,393.0,680.0,726.0,4,777.0
7.0,27.0,69.0,146.0,359.0,680.0,4,777.0
7.0,27.0,359.0,393.0,668.0,680.0,4,777.0
7.0,27.0,359.0,393.0,668.0,680.0,4,777.0
7.0,27.0,146.0,351.0,359.0,680.0,4,777.0
7.0,27.0,146.0,351.0,359.0,680.0,4,777.0
7.0,27.0,146.0,351.0,359.0,726.0,4,777.0
7.0,27.0,146.0,359.0,624.0,726.0,4,777.0
7.0,27.0,23.0,359.0,624.0,680.0,4,777.0
7.0,27.0,23.0,393.0,624.0,668.0,4,680.0
7.0,27.0,146.0,351.0,393.0,668.0,4,680.0
7.0,27.0,146.0,351.0,359.0,726.0,4,777.0
7.0,27.0,146.0,393.0,624.0,680.0,4,777.0
7.0,27.0,146.0,393.0,624.0,668.0,4,680.0
7.0,27.0,23.0,393.0,624.0,668.0,4,680.0
7.0,27.0,23.0,393.0,624.0,668.0,4,680.0
7.0,27.0,351.0,359.0,680.0,726.0,4,777.0
7.0,27.0,624.0,668.0,680.0,726.0,4,777.0
7.0,27.0,146.0,351.0,624.0,668.0,4,680.0
7.0,27.0,351.0,359.0,668.0,680.0,4,726.0
7.0,27.0,146.0,359.0,624.0,726.0,4,777.0
7.0,27.0,146.0,351.0,359.0,726.0,4,777.0
7.0,27.0,146.0,351.0,359.0,726.0,4,777.0
7.0,27.0,351.0,624.0,680.0,726.0,4,777.0
7.0,27.0,146.0,393.0,624.0,668.0,4,680.0
7.0,27.0,146.0,393.0,624.0,668.0,4,680.0
7.0,27.0,23.0,69.0,276.0,393.0,4,668.0
7.0,27.0,146.0,359.0,624.0,680.0,4,777.0
7.0,27.0,146.0,393.0,624.0,668.0,4,680.0
7.0,27.0,146.0,351.0,359.0,726.0,4,777.0
7.0,27.0,351.0,359.0,680.0,726.0,4,777.0
7.0,27.0,146.0,393.0,624.0,668.0,4,680.0
7.0,27.0,146.0,351.0,359.0,624.0,4,777.0
7.0,6.0,35.0,125.0,606.0,646.0,4,980.0
7.0,6.0,275.0,606.0,646.0,980.0,4,989.0
7.0,6.0,125.0,275.0,300.0,444.0,4,989.0
7.0,6.0,125.0,275.0,300.0,444.0,4,989.0
7.0,6.0,125.0,275.0,300.0,444.0,4,989.0
7.0,6.0,35.0,444.0,606.0,646.0,4,980.0
7.0,6.0,35.0,444.0,606.0,646.0,4,980.0
7.0,6.0,275.0,300.0,444.0,646.0,4,989.0
7.0,6.0,35.0,444.0,606.0,646.0,4,980.0
7.0,26.0,333.0,384.0,703.0,914.0,4,948.0
7.0,26.0,269.0,314.0,384.0,620.0,4,965.0
7.0,26.0,269.0,314.0,384.0,620.0,4,965.0
7.0,26.0,314.0,422.0,620.0,914.0,4,965.0
7.0,26.0,333.0,422.0,703.0,914.0,4,948.0
7.0,26.0,314.0,384.0,620.0,948.0,4,965.0
7.0,26.0,333.0,422.0,703.0,914.0,4,948.0
7.0,26.0,333.0,422.0,703.0,914.0,4,948.0
7.0,26.0,333.0,384.0,422.0,703.0,4,948.0
7.0,17.0,109.0,328.0,354.0,587.0,4,619.0
7.0,17.0,109.0,328.0,354.0,619.0,4,642.0
7.0,17.0,109.0,137.0,587.0,619.0,4,741.0
7.0,17.0,109.0,354.0,502.0,587.0,4,619.0
7.0,17.0,354.0,502.0,587.0,619.0,4,741.0
7.0,17.0,109.0,328.0,354.0,502.0,4,741.0
7.0,17.0,109.0,137.0,328.0,587.0,4,619.0
7.0,12.0,126.0,216.0,237.0,386.0,4,611.0
7.0,12.0,126.0,216.0,237.0,386.0,4,611.0
7.0,12.0,237.0,350.0,611.0,788.0,4,856.0
7.0,12.0,237.0,350.0,611.0,788.0,4,856.0
7.0,12.0,216.0,237.0,350.0,386.0,4,788.0
7.0,12.0,126.0,611.0,638.0,788.0,4,856.0
7.0,12.0,216.0,237.0,350.0,788.0,4,856.0
7.0,27.0,146.0,351.0,359.0,726.0,4,777.0
7.0,27.0,146.0,351.0,359.0,726.0,4,777.0
7.0,27.0,146.0,351.0,359.0,680.0,4,777.0
7.0,27.0,146.0,351.0,624.0,668.0,4,680.0
7.0,27.0,23.0,393.0,624.0,668.0,4,680.0
7.0,27.0,359.0,393.0,668.0,680.0,4,726.0
7.0,27.0,351.0,359.0,668.0,680.0,4,726.0
7.0,27.0,351.0,359.0,668.0,680.0,4,726.0
7.0,27.0,146.0,351.0,359.0,726.0,4,777.0
7.0,27.0,146.0,359.0,668.0,726.0,4,777.0
7.0,27.0,146.0,359.0,668.0,726.0,4,777.0
7.0,27.0,69.0,146.0,359.0,668.0,4,680.0
7.0,27.0,23.0,69.0,393.0,668.0,4,680.0
7.0,27.0,393.0,624.0,668.0,680.0,4,726.0
7.0,27.0,351.0,393.0,668.0,680.0,4,726.0
7.0,27.0,351.0,359.0,680.0,726.0,4,777.0
7.0,27.0,146.0,351.0,359.0,726.0,4,777.0
7.0,27.0,146.0,351.0,359.0,726.0,4,777.0
7.0,27.0,146.0,351.0,359.0,726.0,4,777.0
7.0,27.0,146.0,359.0,624.0,668.0,4,680.0
7.0,27.0,146.0,351.0,359.0,726.0,4,777.0
7.0,27.0,393.0,624.0,668.0,680.0,4,726.0
7.0,27.0,359.0,624.0,668.0,680.0,4,726.0
7.0,27.0,146.0,359.0,624.0,668.0,4,777.0
7.0,27.0,351.0,359.0,668.0,680.0,4,777.0
7.0,27.0,146.0,351.0,359.0,726.0,4,777.0
7.0,27.0,146.0,351.0,359.0,726.0,4,777.0
7.0,27.0,146.0,351.0,359.0,668.0,4,777.0
7.0,27.0,146.0,359.0,624.0,680.0,4,777.0
7.0,27.0,146.0,359.0,624.0,680.0,4,777.0
7.0,27.0,146.0,359.0,624.0,680.0,4,777.0
7.0,27.0,146.0,359.0,624.0,680.0,4,777.0
7.0,27.0,146.0,351.0,359.0,726.0,4,777.0
7.0,27.0,146.0,351.0,359.0,680.0,4,777.0
7.0,27.0,23.0,393.0,624.0,668.0,4,680.0
7.0,27.0,146.0,359.0,393.0,726.0,4,777.0
7.0,27.0,146.0,359.0,393.0,680.0,4,777.0
7.0,27.0,146.0,351.0,359.0,680.0,4,777.0
7.0,27.0,146.0,351.0,359.0,680.0,4,777.0
7.0,8.0,332.0,519.0,571.0,811.0,4,957.0
7.0,8.0,62.0,332.0,571.0,811.0,4,957.0
7.0,8.0,62.0,229.0,332.0,519.0,4,957.0
7.0,8.0,62.0,229.0,332.0,397.0,4,519.0
7.0,8.0,332.0,571.0,811.0,957.0,4,1027.0
7.0,8.0,332.0,571.0,811.0,957.0,4,1027.0
7.0,8.0,62.0,229.0,332.0,957.0,4,1027.0
7.0,8.0,62.0,229.0,332.0,519.0,4,957.0
7.0,8.0,229.0,332.0,571.0,811.0,4,1027.0
7.0,8.0,332.0,397.0,571.0,811.0,4,1027.0
7.0,27.0,146.0,351.0,359.0,726.0,4,777.0
7.0,27.0,23.0,351.0,393.0,680.0,4,777.0
7.0,27.0,23.0,351.0,393.0,680.0,4,777.0
7.0,27.0,23.0,393.0,624.0,680.0,4,777.0
7.0,27.0,146.0,351.0,359.0,726.0,4,777.0
7.0,27.0,351.0,359.0,668.0,680.0,4,777.0
7.0,27.0,359.0,393.0,668.0,680.0,4,777.0
7.0,27.0,146.0,393.0,668.0,680.0,4,777.0
7.0,27.0,146.0,393.0,668.0,680.0,4,777.0
7.0,27.0,146.0,351.0,359.0,680.0,4,777.0
7.0,33.0,258.0,361.0,686.0,829.0,4,976.0
7.0,33.0,21.0,258.0,271.0,686.0,4,829.0
7.0,33.0,21.0,318.0,361.0,470.0,4,976.0
7.0,33.0,258.0,361.0,686.0,829.0,4,976.0
7.0,33.0,258.0,361.0,686.0,829.0,4,976.0
7.0,33.0,258.0,361.0,686.0,829.0,4,976.0
7.0,33.0,21.0,271.0,318.0,361.0,4,470.0
7.0,33.0,21.0,271.0,318.0,361.0,4,470.0
7.0,33.0,21.0,271.0,318.0,361.0,4,470.0
7.0,33.0,21.0,271.0,318.0,361.0,4,470.0
7.0,27.0,146.0,351.0,359.0,726.0,4,777.0
7.0,27.0,69.0,351.0,393.0,668.0,4,680.0
7.0,27.0,146.0,359.0,680.0,726.0,4,777.0
7.0,27.0,146.0,351.0,359.0,726.0,4,777.0
7.0,27.0,359.0,668.0,680.0,726.0,4,777.0
7.0,27.0,359.0,393.0,668.0,680.0,4,777.0
7.0,27.0,359.0,393.0,668.0,680.0,4,777.0
7.0,27.0,351.0,359.0,393.0,668.0,4,680.0
7.0,27.0,351.0,359.0,393.0,668.0,4,680.0
7.0,27.0,351.0,359.0,393.0,668.0,4,680.0
7.0,27.0,146.0,351.0,393.0,680.0,4,777.0
7.0,27.0,146.0,351.0,393.0,680.0,4,777.0
7.0,27.0,351.0,393.0,668.0,680.0,4,901.0
7.0,27.0,359.0,393.0,668.0,680.0,4,901.0
7.0,27.0,359.0,393.0,668.0,680.0,4,901.0
7.0,27.0,146.0,351.0,359.0,393.0,4,668.0
7.0,27.0,146.0,351.0,359.0,393.0,4,777.0
7.0,27.0,393.0,624.0,668.0,680.0,4,777.0
7.0,27.0,393.0,624.0,668.0,680.0,4,777.0
7.0,27.0,359.0,624.0,668.0,777.0,4,901.0
7.0,10.0,40.0,289.0,376.0,477.0,4,922.0
7.0,10.0,289.0,376.0,477.0,517.0,4,922.0
7.0,10.0,234.0,289.0,376.0,591.0,4,918.0
7.0,10.0,40.0,234.0,376.0,591.0,4,918.0
7.0,10.0,40.0,234.0,376.0,591.0,4,918.0
7.0,10.0,40.0,47.0,234.0,591.0,4,918.0
7.0,10.0,40.0,234.0,289.0,591.0,4,918.0
7.0,10.0,234.0,289.0,591.0,918.0,4,922.0
7.0,10.0,234.0,289.0,376.0,591.0,4,922.0
7.0,10.0,40.0,234.0,289.0,376.0,4,922.0
7.0,27.0,351.0,359.0,668.0,680.0,4,726.0
7.0,27.0,359.0,393.0,668.0,680.0,4,726.0
7.0,27.0,146.0,319.0,359.0,668.0,4,680.0
7.0,27.0,146.0,319.0,351.0,359.0,4,726.0
7.0,27.0,146.0,319.0,359.0,668.0,4,726.0
7.0,27.0,146.0,351.0,359.0,668.0,4,680.0
7.0,27.0,146.0,319.0,351.0,668.0,4,680.0
7.0,27.0,146.0,319.0,359.0,668.0,4,680.0
7.0,27.0,146.0,319.0,351.0,359.0,4,668.0
7.0,1.0,106.0,463.0,484.0,595.0,4,808.0
7.0,1.0,78.0,160.0,442.0,565.0,4,808.0
7.0,1.0,78.0,160.0,565.0,595.0,4,795.0
7.0,1.0,160.0,463.0,565.0,595.0,4,795.0
7.0,1.0,160.0,463.0,565.0,595.0,4,795.0
7.0,1.0,106.0,463.0,484.0,565.0,4,808.0
7.0,1.0,78.0,106.0,463.0,595.0,4,808.0
7.0,1.0,78.0,160.0,442.0,565.0,4,808.0
7.0,1.0,78.0,160.0,442.0,565.0,4,795.0
7.0,1.0,160.0,442.0,463.0,565.0,4,808.0
7.0,32.0,34.0,241.0,511.0,602.0,4,944.0
7.0,32.0,34.0,241.0,511.0,602.0,4,944.0
7.0,32.0,241.0,370.0,505.0,925.0,4,986.0
7.0,32.0,241.0,505.0,511.0,602.0,4,925.0
7.0,32.0,370.0,511.0,602.0,925.0,4,944.0
7.0,32.0,34.0,241.0,511.0,602.0,4,944.0
7.0,32.0,34.0,241.0,370.0,511.0,4,602.0
7.0,32.0,34.0,173.0,241.0,370.0,4,602.0
7.0,32.0,34.0,241.0,511.0,602.0,4,944.0
7.0,32.0,34.0,241.0,602.0,925.0,4,944.0
7.0,2.0,255.0,493.0,687.0,790.0,4,900.0
7.0,2.0,255.0,493.0,687.0,790.0,4,900.0
7.0,2.0,36.0,255.0,493.0,523.0,4,790.0
7.0,2.0,36.0,45.0,255.0,493.0,4,523.0
7.0,2.0,17.0,670.0,687.0,790.0,4,900.0
7.0,2.0,17.0,670.0,687.0,790.0,4,900.0
7.0,2.0,255.0,493.0,670.0,687.0,4,790.0
7.0,2.0,36.0,255.0,493.0,790.0,4,900.0
7.0,2.0,36.0,493.0,670.0,790.0,4,900.0
7.0,2.0,17.0,36.0,45.0,255.0,4,670.0
7.0,2.0,17.0,45.0,255.0,687.0,4,900.0
7.0,27.0,146.0,319.0,359.0,726.0,4,777.0
7.0,27.0,23.0,351.0,393.0,668.0,4,680.0
7.0,27.0,146.0,319.0,359.0,668.0,4,726.0
7.0,27.0,146.0,319.0,359.0,726.0,4,777.0
7.0,27.0,146.0,351.0,359.0,680.0,4,777.0
7.0,27.0,351.0,359.0,668.0,680.0,4,777.0
7.0,27.0,351.0,359.0,393.0,668.0,4,680.0
7.0,27.0,351.0,359.0,393.0,668.0,4,680.0
7.0,27.0,351.0,359.0,393.0,668.0,4,680.0
7.0,27.0,319.0,351.0,393.0,668.0,4,680.0
7.0,27.0,319.0,351.0,393.0,668.0,4,680.0
7.0,27.0,23.0,69.0,393.0,668.0,4,777.0
7.0,27.0,23.0,319.0,351.0,668.0,4,680.0
7.0,27.0,319.0,359.0,680.0,726.0,4,777.0
7.0,27.0,146.0,319.0,359.0,726.0,4,777.0
7.0,27.0,319.0,351.0,668.0,680.0,4,726.0
7.0,27.0,319.0,359.0,668.0,680.0,4,777.0
7.0,27.0,146.0,319.0,359.0,680.0,4,777.0
7.0,0.0,244.0,315.0,465.0,634.0,4,789.0
7.0,0.0,244.0,252.0,315.0,634.0,4,789.0
7.0,0.0,244.0,252.0,315.0,634.0,4,721.0
7.0,0.0,252.0,315.0,634.0,721.0,4,789.0
7.0,0.0,465.0,634.0,720.0,721.0,4,789.0
7.0,0.0,244.0,465.0,789.0,792.0,4,906.0
7.0,0.0,244.0,465.0,721.0,792.0,4,906.0
7.0,0.0,244.0,465.0,634.0,721.0,4,792.0
7.0,0.0,244.0,315.0,634.0,721.0,4,906.0
7.0,0.0,244.0,315.0,634.0,721.0,4,906.0
7.0,0.0,315.0,634.0,721.0,789.0,4,906.0
7.0,34.0,104.0,506.0,662.0,974.0,4,975.0
7.0,34.0,12.0,41.0,104.0,290.0,4,685.0
7.0,34.0,41.0,104.0,506.0,662.0,4,974.0
7.0,34.0,41.0,104.0,290.0,506.0,4,974.0
7.0,34.0,41.0,104.0,290.0,506.0,4,974.0
7.0,34.0,41.0,506.0,662.0,685.0,4,974.0
7.0,34.0,12.0,506.0,662.0,685.0,4,974.0
7.0,34.0,12.0,104.0,506.0,685.0,4,974.0
7.0,27.0,146.0,319.0,359.0,726.0,4,777.0
7.0,27.0,351.0,359.0,680.0,726.0,4,777.0
7.0,27.0,351.0,359.0,680.0,726.0,4,777.0
7.0,27.0,146.0,351.0,359.0,680.0,4,777.0
7.0,27.0,146.0,319.0,351.0,668.0,4,680.0
7.0,27.0,146.0,319.0,359.0,668.0,4,680.0
7.0,27.0,146.0,319.0,359.0,668.0,4,680.0
7.0,27.0,319.0,351.0,668.0,680.0,4,726.0
7.0,27.0,146.0,319.0,359.0,726.0,4,777.0
7.0,27.0,69.0,359.0,668.0,680.0,4,777.0
7.0,27.0,69.0,319.0,668.0,680.0,4,777.0
7.0,27.0,146.0,319.0,359.0,726.0,4,777.0
7.0,27.0,23.0,146.0,359.0,393.0,4,668.0
7.0,14.0,161.0,488.0,520.0,569.0,4,573.0
7.0,14.0,161.0,488.0,520.0,569.0,4,573.0
7.0,14.0,161.0,488.0,569.0,753.0,4,868.0
7.0,14.0,161.0,488.0,569.0,753.0,4,868.0
7.0,14.0,161.0,488.0,569.0,573.0,4,868.0
7.0,14.0,161.0,488.0,569.0,573.0,4,868.0
7.0,14.0,161.0,488.0,520.0,569.0,4,573.0
7.0,14.0,161.0,488.0,520.0,569.0,4,573.0
7.0,14.0,161.0,488.0,569.0,753.0,4,868.0
7.0,14.0,161.0,488.0,569.0,573.0,4,868.0
7.0,22.0,60.0,77.0,222.0,466.0,4,990.0
7.0,22.0,16.0,60.0,77.0,466.0,4,639.0
7.0,22.0,60.0,77.0,222.0,369.0,4,639.0
7.0,22.0,60.0,77.0,222.0,466.0,4,639.0
7.0,22.0,60.0,77.0,222.0,466.0,4,639.0
7.0,22.0,60.0,77.0,466.0,639.0,4,990.0
7.0,7.0,105.0,267.0,410.0,731.0,4,1005.0
7.0,7.0,105.0,267.0,277.0,896.0,4,1005.0
7.0,7.0,524.0,731.0,874.0,902.0,4,1005.0
7.0,7.0,105.0,267.0,277.0,731.0,4,902.0
7.0,7.0,105.0,267.0,277.0,731.0,4,1005.0
7.0,7.0,105.0,267.0,277.0,731.0,4,1005.0
7.0,7.0,105.0,267.0,277.0,731.0,4,902.0
7.0,7.0,105.0,267.0,731.0,902.0,4,1005.0
7.0,7.0,105.0,267.0,277.0,731.0,4,902.0
7.0,7.0,105.0,267.0,277.0,731.0,4,902.0
7.0,27.0,351.0,359.0,668.0,680.0,4,901.0
7.0,27.0,146.0,319.0,359.0,680.0,4,777.0
7.0,27.0,146.0,319.0,359.0,680.0,4,777.0
7.0,27.0,146.0,319.0,359.0,726.0,4,777.0
7.0,27.0,146.0,319.0,351.0,680.0,4,777.0
7.0,27.0,351.0,359.0,668.0,680.0,4,726.0
7.0,27.0,146.0,319.0,359.0,668.0,4,726.0
7.0,29.0,83.0,260.0,392.0,456.0,4,860.0
7.0,29.0,83.0,260.0,456.0,821.0,4,860.0
7.0,29.0,3.0,83.0,799.0,821.0,4,971.0
7.0,29.0,3.0,83.0,260.0,799.0,4,821.0
7.0,29.0,83.0,260.0,392.0,456.0,4,860.0
7.0,29.0,83.0,260.0,392.0,456.0,4,860.0
7.0,29.0,3.0,83.0,799.0,821.0,4,971.0
7.0,7.0,277.0,524.0,731.0,874.0,4,902.0
7.0,7.0,524.0,731.0,874.0,902.0,4,1005.0
7.0,7.0,240.0,524.0,731.0,902.0,4,1005.0
7.0,7.0,277.0,524.0,731.0,874.0,4,1005.0
7.0,7.0,277.0,524.0,731.0,874.0,4,1005.0
7.0,7.0,277.0,524.0,731.0,874.0,4,1005.0
7.0,7.0,277.0,524.0,731.0,874.0,4,902.0
7.0,7.0,240.0,731.0,902.0,1005.0,4,1013.0
7.0,7.0,240.0,277.0,524.0,902.0,4,1013.0
7.0,7.0,240.0,277.0,343.0,410.0,4,731.0
7.0,7.0,240.0,277.0,524.0,731.0,4,1005.0
7.0,7.0,277.0,524.0,731.0,874.0,4,902.0
7.0,7.0,277.0,524.0,874.0,902.0,4,1005.0
7.0,7.0,277.0,524.0,731.0,874.0,4,902.0
7.0,7.0,524.0,731.0,874.0,902.0,4,1005.0
7.0,7.0,240.0,524.0,731.0,902.0,4,1005.0
7.0,7.0,240.0,277.0,343.0,410.0,4,1005.0
7.0,7.0,240.0,343.0,731.0,902.0,4,1005.0
7.0,7.0,277.0,524.0,731.0,874.0,4,1005.0
7.0,7.0,240.0,524.0,731.0,902.0,4,1005.0
7.0,7.0,240.0,277.0,410.0,731.0,4,1005.0
7.0,7.0,277.0,410.0,524.0,731.0,4,874.0
7.0,7.0,277.0,524.0,731.0,874.0,4,902.0
7.0,7.0,240.0,343.0,731.0,902.0,4,1005.0
7.0,7.0,240.0,277.0,343.0,410.0,4,1005.0
7.0,7.0,240.0,277.0,343.0,410.0,4,1005.0
7.0,7.0,240.0,277.0,343.0,410.0,4,731.0
7.0,7.0,240.0,343.0,410.0,731.0,4,902.0
7.0,7.0,410.0,524.0,874.0,902.0,4,1005.0
7.0,7.0,524.0,731.0,874.0,902.0,4,1005.0
7.0,7.0,277.0,524.0,731.0,874.0,4,902.0
7.0,7.0,343.0,731.0,874.0,902.0,4,1005.0
7.0,7.0,240.0,277.0,343.0,410.0,4,731.0
7.0,17.0,109.0,310.0,348.0,587.0,4,741.0
7.0,17.0,348.0,502.0,587.0,741.0,4,1037.0
7.0,17.0,109.0,137.0,348.0,502.0,4,1037.0
7.0,17.0,137.0,502.0,741.0,764.0,4,1037.0
7.0,17.0,137.0,587.0,741.0,764.0,4,1037.0
7.0,17.0,137.0,587.0,741.0,764.0,4,1037.0
7.0,17.0,137.0,587.0,741.0,764.0,4,1037.0
7.0,17.0,109.0,137.0,310.0,587.0,4,764.0
7.0,17.0,109.0,310.0,348.0,587.0,4,764.0
7.0,17.0,348.0,587.0,741.0,764.0,4,1037.0
7.0,7.0,240.0,410.0,731.0,902.0,4,1005.0
7.0,7.0,240.0,410.0,731.0,902.0,4,1005.0
7.0,7.0,240.0,410.0,731.0,902.0,4,1005.0
7.0,7.0,240.0,277.0,343.0,410.0,4,1005.0
7.0,7.0,240.0,277.0,343.0,410.0,4,1005.0
7.0,7.0,277.0,410.0,524.0,731.0,4,874.0
7.0,7.0,277.0,524.0,731.0,874.0,4,902.0
7.0,7.0,240.0,277.0,524.0,731.0,4,902.0
7.0,7.0,277.0,524.0,731.0,874.0,4,902.0
7.0,7.0,524.0,731.0,874.0,902.0,4,1005.0
7.0,7.0,240.0,277.0,343.0,410.0,4,1005.0
7.0,7.0,240.0,524.0,731.0,902.0,4,1005.0
7.0,7.0,240.0,524.0,731.0,902.0,4,1005.0
7.0,16.0,155.0,623.0,674.0,814.0,4,895.0
7.0,16.0,153.0,296.0,702.0,763.0,4,814.0
7.0,16.0,155.0,296.0,623.0,674.0,4,895.0
7.0,16.0,155.0,296.0,623.0,674.0,4,895.0
7.0,16.0,155.0,296.0,623.0,763.0,4,895.0
7.0,16.0,153.0,623.0,702.0,763.0,4,814.0
7.0,16.0,153.0,623.0,702.0,763.0,4,814.0
7.0,16.0,155.0,296.0,623.0,763.0,4,814.0
7.0,16.0,155.0,296.0,623.0,763.0,4,814.0
7.0,25.0,74.0,421.0,452.0,696.0,4,759.0
7.0,25.0,50.0,74.0,297.0,452.0,4,1003.0
7.0,25.0,74.0,421.0,452.0,759.0,4,1003.0
7.0,25.0,74.0,297.0,421.0,452.0,4,759.0
7.0,25.0,74.0,421.0,452.0,696.0,4,759.0
7.0,25.0,74.0,297.0,759.0,910.0,4,1003.0
7.0,7.0,240.0,524.0,731.0,902.0,4,1005.0
7.0,7.0,240.0,343.0,731.0,902.0,4,1005.0
7.0,7.0,277.0,410.0,731.0,874.0,4,896.0
7.0,7.0,277.0,410.0,524.0,874.0,4,902.0
7.0,7.0,277.0,524.0,731.0,874.0,4,1005.0
7.0,7.0,87.0,410.0,731.0,902.0,4,1005.0
7.0,7.0,87.0,277.0,410.0,896.0,4,1005.0
7.0,7.0,87.0,277.0,410.0,896.0,4,1005.0
7.0,7.0,410.0,524.0,731.0,874.0,4,902.0
7.0,7.0,277.0,524.0,731.0,874.0,4,902.0
7.0,7.0,524.0,731.0,874.0,902.0,4,1005.0
7.0,7.0,240.0,410.0,524.0,731.0,4,1005.0
7.0,7.0,240.0,277.0,410.0,896.0,4,1013.0
7.0,7.0,524.0,731.0,874.0,902.0,4,1005.0
7.0,7.0,524.0,731.0,874.0,902.0,4,1005.0
7.0,7.0,410.0,524.0,731.0,874.0,4,902.0
7.0,7.0,524.0,731.0,874.0,902.0,4,1005.0
7.0,7.0,240.0,277.0,410.0,731.0,4,896.0
7.0,7.0,277.0,524.0,731.0,874.0,4,902.0
7.0,8.0,397.0,571.0,811.0,984.0,4,1027.0
7.0,8.0,229.0,397.0,519.0,811.0,4,984.0
7.0,8.0,229.0,519.0,811.0,957.0,4,984.0
7.0,8.0,229.0,519.0,740.0,957.0,4,984.0
7.0,8.0,41.0,332.0,571.0,740.0,4,1027.0
7.0,8.0,41.0,332.0,571.0,740.0,4,1027.0
7.0,8.0,41.0,332.0,571.0,984.0,4,1027.0
7.0,8.0,332.0,397.0,571.0,984.0,4,1027.0
7.0,8.0,229.0,397.0,519.0,740.0,4,984.0
7.0,8.0,41.0,229.0,332.0,740.0,4,957.0
7.0,8.0,397.0,571.0,811.0,984.0,4,1027.0
7.0,8.0,41.0,571.0,811.0,984.0,4,1027.0
7.0,7.0,240.0,277.0,524.0,731.0,4,902.0
7.0,7.0,277.0,343.0,410.0,874.0,4,1013.0
7.0,7.0,277.0,524.0,731.0,874.0,4,902.0
7.0,7.0,277.0,524.0,731.0,874.0,4,902.0
7.0,7.0,524.0,731.0,874.0,902.0,4,1005.0
7.0,7.0,240.0,277.0,343.0,410.0,4,1005.0
7.0,7.0,277.0,410.0,524.0,731.0,4,902.0
7.0,7.0,277.0,524.0,731.0,874.0,4,902.0
7.0,7.0,240.0,277.0,410.0,896.0,4,1005.0
7.0,7.0,240.0,277.0,410.0,896.0,4,1013.0
7.0,7.0,277.0,410.0,874.0,896.0,4,1013.0
7.0,7.0,874.0,896.0,902.0,1005.0,4,1013.0
7.0,7.0,240.0,277.0,410.0,896.0,4,1005.0
7.0,7.0,240.0,277.0,410.0,896.0,4,1005.0
7.0,7.0,240.0,277.0,410.0,896.0,4,1013.0
7.0,7.0,277.0,731.0,874.0,896.0,4,1005.0
7.0,0.0,13.0,139.0,244.0,465.0,4,789.0
7.0,0.0,13.0,139.0,244.0,465.0,4,789.0
7.0,0.0,13.0,244.0,634.0,789.0,4,906.0
7.0,0.0,244.0,315.0,465.0,634.0,4,789.0
7.0,0.0,244.0,315.0,465.0,634.0,4,789.0
7.0,0.0,244.0,315.0,465.0,634.0,4,789.0
7.0,0.0,244.0,315.0,634.0,789.0,4,906.0
7.0,0.0,13.0,139.0,315.0,634.0,4,906.0
7.0,0.0,13.0,139.0,244.0,465.0,4,789.0
7.0,0.0,13.0,139.0,244.0,465.0,4,789.0
7.0,7.0,277.0,524.0,731.0,874.0,4,902.0
7.0,7.0,524.0,731.0,874.0,902.0,4,1005.0
7.0,7.0,87.0,277.0,410.0,896.0,4,1005.0
7.0,7.0,87.0,277.0,410.0,896.0,4,1005.0
7.0,7.0,277.0,524.0,731.0,874.0,4,902.0
7.0,7.0,87.0,277.0,524.0,731.0,4,1005.0
7.0,7.0,240.0,524.0,731.0,902.0,4,1005.0
7.0,7.0,240.0,277.0,410.0,896.0,4,1005.0
7.0,7.0,240.0,277.0,343.0,410.0,4,1005.0
7.0,7.0,240.0,277.0,343.0,410.0,4,1005.0
7.0,7.0,240.0,343.0,731.0,902.0,4,1005.0
7.0,7.0,240.0,277.0,524.0,731.0,4,902.0
7.0,7.0,277.0,524.0,731.0,874.0,4,902.0
7.0,22.0,16.0,320.0,536.0,864.0,4,990.0
7.0,22.0,60.0,117.0,222.0,633.0,4,990.0
7.0,22.0,60.0,117.0,633.0,864.0,4,990.0
7.0,22.0,117.0,320.0,454.0,864.0,4,990.0
7.0,22.0,320.0,454.0,536.0,864.0,4,990.0
7.0,22.0,16.0,320.0,454.0,536.0,4,864.0
7.0,22.0,16.0,320.0,454.0,536.0,4,864.0
7.0,22.0,16.0,320.0,536.0,864.0,4,990.0
7.0,22.0,320.0,454.0,536.0,864.0,4,990.0
7.0,22.0,16.0,320.0,454.0,536.0,4,864.0
7.0,22.0,16.0,320.0,454.0,536.0,4,864.0
7.0,29.0,83.0,242.0,260.0,392.0,4,456.0
7.0,29.0,83.0,242.0,260.0,392.0,4,456.0
7.0,29.0,83.0,242.0,392.0,456.0,4,670.0
7.0,29.0,83.0,242.0,392.0,456.0,4,670.0
7.0,29.0,83.0,242.0,260.0,392.0,4,456.0
7.0,29.0,83.0,242.0,260.0,392.0,4,971.0
7.0,29.0,242.0,392.0,456.0,670.0,4,971.0
7.0,29.0,242.0,392.0,456.0,670.0,4,971.0
7.0,29.0,83.0,242.0,260.0,392.0,4,971.0
7.0,10.0,47.0,234.0,376.0,591.0,4,918.0
7.0,10.0,47.0,289.0,376.0,591.0,4,918.0
7.0,10.0,47.0,234.0,289.0,376.0,4,918.0
7.0,10.0,47.0,234.0,376.0,591.0,4,918.0
7.0,10.0,47.0,234.0,376.0,591.0,4,918.0
7.0,10.0,234.0,289.0,376.0,383.0,4,918.0
7.0,10.0,47.0,234.0,289.0,376.0,4,918.0
7.0,10.0,47.0,234.0,376.0,591.0,4,918.0
7.0,7.0,240.0,410.0,524.0,731.0,4,902.0
7.0,7.0,105.0,410.0,524.0,731.0,4,1005.0
7.0,7.0,105.0,410.0,524.0,731.0,4,1005.0
7.0,7.0,105.0,410.0,896.0,1005.0,4,1013.0
7.0,7.0,105.0,896.0,902.0,1005.0,4,1013.0
7.0,7.0,105.0,524.0,731.0,902.0,4,1005.0
7.0,7.0,105.0,410.0,524.0,731.0,4,1005.0
7.0,7.0,240.0,410.0,524.0,1005.0,4,1013.0
7.0,7.0,240.0,410.0,524.0,731.0,4,902.0
7.0,7.0,105.0,240.0,410.0,524.0,4,1013.0
7.0,7.0,105.0,240.0,896.0,1005.0,4,1013.0
7.0,7.0,240.0,277.0,524.0,731.0,4,902.0
7.0,7.0,105.0,277.0,410.0,896.0,4,1005.0
7.0,7.0,240.0,277.0,410.0,896.0,4,1005.0
7.0,7.0,240.0,277.0,410.0,896.0,4,1013.0
7.0,7.0,277.0,524.0,731.0,874.0,4,1005.0
7.0,7.0,277.0,524.0,731.0,874.0,4,1005.0
7.0,7.0,277.0,410.0,874.0,896.0,4,1005.0
7.0,7.0,524.0,731.0,874.0,902.0,4,1005.0
7.0,7.0,524.0,731.0,874.0,902.0,4,1005.0
7.0,7.0,240.0,277.0,524.0,731.0,4,902.0
7.0,7.0,105.0,410.0,731.0,902.0,4,1005.0
7.0,7.0,105.0,277.0,410.0,896.0,4,1005.0
7.0,7.0,105.0,277.0,410.0,896.0,4,1005.0
7.0,7.0,277.0,524.0,731.0,874.0,4,902.0
7.0,7.0,277.0,524.0,731.0,874.0,4,1005.0
7.0,7.0,105.0,277.0,410.0,731.0,4,896.0
7.0,7.0,240.0,277.0,524.0,731.0,4,902.0
7.0,7.0,105.0,277.0,524.0,731.0,4,902.0
7.0,4.0,194.0,487.0,589.0,715.0,4,936.0
7.0,4.0,134.0,194.0,486.0,487.0,4,589.0
7.0,4.0,194.0,486.0,487.0,936.0,4,964.0
7.0,4.0,194.0,486.0,487.0,936.0,4,964.0
7.0,34.0,104.0,506.0,662.0,974.0,4,975.0
7.0,34.0,104.0,506.0,662.0,974.0,4,975.0
7.0,34.0,345.0,583.0,685.0,747.0,4,974.0
7.0,34.0,345.0,583.0,685.0,747.0,4,974.0
7.0,34.0,506.0,662.0,685.0,747.0,4,774.0
7.0,34.0,104.0,506.0,662.0,774.0,4,975.0
7.0,34.0,104.0,506.0,662.0,774.0,4,975.0
7.0,34.0,104.0,506.0,747.0,974.0,4,975.0
7.0,34.0,104.0,506.0,747.0,974.0,4,975.0
7.0,34.0,104.0,506.0,662.0,974.0,4,975.0
7.0,34.0,506.0,583.0,685.0,747.0,4,974.0
7.0,34.0,506.0,685.0,747.0,774.0,4,975.0
7.0,34.0,104.0,506.0,662.0,685.0,4,975.0
7.0,34.0,104.0,506.0,662.0,747.0,4,974.0
7.0,7.0,240.0,277.0,524.0,731.0,4,902.0
7.0,7.0,240.0,277.0,524.0,731.0,4,1005.0
7.0,7.0,240.0,277.0,524.0,731.0,4,902.0
7.0,7.0,105.0,524.0,731.0,902.0,4,1005.0
7.0,7.0,105.0,524.0,731.0,902.0,4,1005.0
7.0,7.0,240.0,277.0,410.0,731.0,4,1005.0
7.0,7.0,240.0,524.0,731.0,902.0,4,1005.0
7.0,7.0,105.0,277.0,524.0,731.0,4,902.0
7.0,7.0,240.0,277.0,524.0,731.0,4,902.0
7.0,7.0,410.0,524.0,874.0,902.0,4,1005.0
7.0,7.0,105.0,277.0,410.0,731.0,4,1005.0
7.0,7.0,105.0,277.0,343.0,410.0,4,731.0
7.0,7.0,240.0,524.0,731.0,902.0,4,1005.0
7.0,7.0,105.0,277.0,524.0,731.0,4,902.0
7.0,7.0,240.0,277.0,524.0,731.0,4,1013.0
7.0,7.0,105.0,240.0,524.0,731.0,4,1005.0
7.0,7.0,277.0,343.0,410.0,874.0,4,1005.0
7.0,7.0,105.0,240.0,410.0,524.0,4,1005.0
7.0,7.0,105.0,240.0,524.0,731.0,4,1005.0
7.0,7.0,105.0,240.0,410.0,524.0,4,731.0
7.0,22.0,58.0,77.0,222.0,369.0,4,990.0
7.0,22.0,16.0,58.0,117.0,320.0,4,369.0
7.0,22.0,16.0,58.0,77.0,320.0,4,454.0
7.0,22.0,16.0,58.0,117.0,320.0,4,454.0
7.0,22.0,58.0,117.0,222.0,320.0,4,454.0
7.0,22.0,58.0,117.0,222.0,320.0,4,454.0
7.0,22.0,60.0,77.0,222.0,454.0,4,466.0
7.0,22.0,16.0,58.0,60.0,117.0,4,320.0
7.0,22.0,58.0,117.0,222.0,320.0,4,466.0
7.0,7.0,105.0,277.0,833.0,896.0,4,1005.0
7.0,7.0,277.0,410.0,874.0,896.0,4,1005.0
7.0,7.0,277.0,410.0,731.0,874.0,4,896.0
7.0,7.0,277.0,410.0,731.0,874.0,4,896.0
7.0,7.0,105.0,277.0,524.0,731.0,4,1005.0
7.0,7.0,277.0,410.0,524.0,731.0,4,874.0
7.0,7.0,105.0,240.0,731.0,896.0,4,1005.0
7.0,7.0,105.0,277.0,524.0,731.0,4,1005.0
7.0,7.0,277.0,410.0,524.0,731.0,4,874.0
7.0,7.0,105.0,410.0,524.0,731.0,4,1005.0
7.0,7.0,277.0,410.0,524.0,731.0,4,874.0
7.0,7.0,105.0,240.0,524.0,731.0,4,1005.0
7.0,7.0,105.0,240.0,524.0,731.0,4,1005.0
7.0,7.0,105.0,240.0,731.0,1005.0,4,1013.0
7.0,7.0,105.0,277.0,343.0,1005.0,4,1013.0
7.0,7.0,277.0,343.0,410.0,731.0,4,874.0
7.0,7.0,343.0,410.0,524.0,731.0,4,874.0
7.0,7.0,343.0,410.0,524.0,731.0,4,874.0
7.0,7.0,105.0,240.0,410.0,524.0,4,1005.0
7.0,7.0,240.0,277.0,524.0,731.0,4,1013.0
7.0,7.0,105.0,240.0,524.0,731.0,4,1005.0
7.0,7.0,105.0,240.0,524.0,731.0,4,1005.0
7.0,7.0,105.0,240.0,731.0,1005.0,4,1013.0
7.0,7.0,105.0,524.0,731.0,874.0,4,1005.0
7.0,7.0,105.0,410.0,524.0,731.0,4,1005.0
7.0,6.0,35.0,125.0,606.0,646.0,4,980.0
7.0,6.0,35.0,125.0,606.0,646.0,4,980.0
7.0,6.0,35.0,275.0,606.0,646.0,4,980.0
7.0,6.0,35.0,125.0,606.0,646.0,4,980.0
7.0,6.0,35.0,275.0,444.0,606.0,4,980.0
7.0,6.0,35.0,275.0,444.0,606.0,4,980.0
7.0,6.0,35.0,275.0,444.0,606.0,4,980.0
7.0,6.0,35.0,444.0,606.0,646.0,4,980.0
7.0,32.0,34.0,241.0,505.0,602.0,4,784.0
7.0,32.0,173.0,370.0,505.0,784.0,4,944.0
7.0,32.0,34.0,173.0,370.0,505.0,4,944.0
7.0,32.0,34.0,173.0,370.0,505.0,4,944.0
7.0,32.0,34.0,241.0,370.0,511.0,4,602.0
7.0,32.0,34.0,241.0,370.0,511.0,4,602.0
7.0,32.0,173.0,241.0,370.0,505.0,4,784.0
7.0,32.0,173.0,241.0,370.0,505.0,4,784.0
7.0,32.0,34.0,241.0,370.0,511.0,4,602.0
7.0,32.0,34.0,241.0,370.0,511.0,4,602.0
7.0,2.0,17.0,493.0,577.0,790.0,4,900.0
7.0,2.0,36.0,255.0,493.0,790.0,4,900.0
7.0,2.0,17.0,36.0,45.0,255.0,4,493.0
7.0,2.0,36.0,45.0,255.0,455.0,4,728.0
7.0,2.0,36.0,45.0,255.0,455.0,4,728.0
7.0,2.0,36.0,45.0,255.0,455.0,4,728.0
7.0,2.0,45.0,255.0,455.0,577.0,4,728.0
7.0,2.0,255.0,493.0,577.0,728.0,4,790.0
7.0,2.0,17.0,493.0,577.0,790.0,4,900.0
7.0,2.0,255.0,493.0,577.0,790.0,4,900.0
7.0,2.0,36.0,45.0,255.0,455.0,4,728.0
7.0,2.0,36.0,45.0,493.0,728.0,4,900.0
7.0,2.0,36.0,255.0,493.0,728.0,4,790.0
7.0,7.0,277.0,524.0,731.0,874.0,4,902.0
7.0,7.0,240.0,267.0,277.0,410.0,4,1005.0
7.0,7.0,267.0,277.0,410.0,731.0,4,874.0
7.0,7.0,524.0,731.0,874.0,902.0,4,1005.0
7.0,7.0,277.0,524.0,731.0,874.0,4,902.0
7.0,7.0,240.0,277.0,524.0,731.0,4,902.0
7.0,7.0,105.0,267.0,410.0,524.0,4,1005.0
7.0,7.0,105.0,267.0,277.0,410.0,4,1005.0
7.0,7.0,105.0,267.0,277.0,410.0,4,731.0
7.0,7.0,105.0,524.0,731.0,902.0,4,1005.0
7.0,7.0,105.0,267.0,524.0,902.0,4,1005.0
7.0,7.0,240.0,267.0,524.0,902.0,4,1005.0
7.0,7.0,240.0,267.0,277.0,524.0,4,902.0
7.0,7.0,277.0,410.0,524.0,731.0,4,874.0
7.0,7.0,105.0,267.0,277.0,410.0,4,731.0
7.0,7.0,267.0,277.0,410.0,731.0,4,874.0
7.0,7.0,240.0,267.0,410.0,731.0,4,1005.0
7.0,7.0,105.0,267.0,277.0,410.0,4,731.0
7.0,7.0,105.0,267.0,277.0,524.0,4,1005.0
7.0,7.0,105.0,410.0,524.0,731.0,4,1005.0
7.0,7.0,105.0,524.0,731.0,874.0,4,1005.0
7.0,7.0,105.0,240.0,267.0,1005.0,4,1013.0
7.0,7.0,105.0,267.0,277.0,896.0,4,1013.0
7.0,7.0,267.0,410.0,731.0,874.0,4,1005.0
7.0,7.0,240.0,277.0,410.0,524.0,4,731.0
7.0,7.0,277.0,410.0,524.0,731.0,4,874.0
7.0,7.0,105.0,524.0,731.0,874.0,4,1005.0
7.0,7.0,105.0,524.0,731.0,874.0,4,1005.0
7.0,7.0,105.0,240.0,524.0,731.0,4,1005.0
7.0,7.0,105.0,240.0,267.0,524.0,4,1005.0
7.0,7.0,105.0,267.0,277.0,410.0,4,524.0
7.0,7.0,105.0,267.0,277.0,1005.0,4,1013.0
7.0,7.0,410.0,524.0,731.0,874.0,4,1005.0
7.0,7.0,410.0,524.0,731.0,874.0,4,1013.0
7.0,15.0,188.0,659.0,749.0,941.0,4,1036.0
7.0,15.0,188.0,223.0,593.0,941.0,4,1036.0
7.0,15.0,223.0,426.0,593.0,659.0,4,719.0
7.0,15.0,426.0,593.0,659.0,719.0,4,749.0
7.0,15.0,426.0,659.0,749.0,941.0,4,1036.0
7.0,15.0,188.0,426.0,509.0,659.0,4,749.0
7.0,15.0,188.0,426.0,659.0,749.0,4,1036.0
7.0,7.0,524.0,731.0,874.0,902.0,4,1005.0
7.0,7.0,240.0,524.0,731.0,902.0,4,1005.0
7.0,7.0,105.0,240.0,524.0,731.0,4,1005.0
7.0,7.0,105.0,240.0,267.0,410.0,4,1005.0
7.0,7.0,240.0,267.0,277.0,410.0,4,731.0
7.0,7.0,524.0,731.0,874.0,902.0,4,1005.0
7.0,7.0,277.0,524.0,731.0,874.0,4,902.0
7.0,7.0,240.0,277.0,524.0,731.0,4,902.0
7.0,7.0,105.0,277.0,524.0,731.0,4,1005.0
7.0,7.0,524.0,731.0,874.0,902.0,4,1005.0
7.0,7.0,524.0,731.0,874.0,902.0,4,1005.0
7.0,7.0,87.0,267.0,410.0,896.0,4,1013.0
7.0,1.0,353.0,442.0,463.0,565.0,4,808.0
7.0,1.0,160.0,353.0,442.0,484.0,4,595.0
7.0,1.0,78.0,442.0,463.0,595.0,4,808.0
7.0,1.0,78.0,442.0,463.0,565.0,4,808.0
7.0,1.0,106.0,463.0,484.0,565.0,4,808.0
7.0,1.0,160.0,442.0,463.0,565.0,4,808.0
7.0,1.0,160.0,442.0,463.0,565.0,4,808.0
7.0,12.0,216.0,350.0,638.0,788.0,4,856.0
7.0,12.0,126.0,216.0,237.0,386.0,4,611.0
7.0,12.0,237.0,350.0,611.0,788.0,4,856.0
7.0,12.0,237.0,350.0,611.0,788.0,4,856.0
7.0,12.0,216.0,237.0,350.0,386.0,4,788.0
7.0,12.0,350.0,611.0,638.0,788.0,4,856.0
7.0,12.0,237.0,350.0,611.0,788.0,4,856.0
7.0,7.0,240.0,267.0,277.0,410.0,4,1005.0
7.0,7.0,105.0,267.0,277.0,410.0,4,1005.0
7.0,7.0,277.0,524.0,731.0,874.0,4,902.0
7.0,26.0,72.0,384.0,422.0,703.0,4,965.0
7.0,26.0,72.0,632.0,703.0,948.0,4,965.0
7.0,26.0,72.0,632.0,703.0,948.0,4,965.0
7.0,26.0,72.0,314.0,632.0,948.0,4,965.0
7.0,26.0,72.0,314.0,632.0,948.0,4,965.0
7.0,26.0,72.0,422.0,703.0,948.0,4,965.0
7.0,26.0,72.0,422.0,632.0,948.0,4,965.0
7.0,26.0,72.0,314.0,384.0,632.0,4,965.0
7.0,9.0,108.0,366.0,535.0,604.0,4,845.0
7.0,9.0,108.0,366.0,535.0,604.0,4,845.0
7.0,9.0,39.0,535.0,604.0,845.0,4,1019.0
7.0,9.0,39.0,535.0,574.0,845.0,4,1019.0
7.0,9.0,39.0,535.0,574.0,845.0,4,1019.0
7.0,9.0,108.0,366.0,535.0,604.0,4,1019.0
7.0,9.0,366.0,535.0,604.0,845.0,4,1019.0
7.0,23.0,33.0,136.0,400.0,822.0,4,994.0
7.0,23.0,136.0,400.0,822.0,955.0,4,994.0
7.0,23.0,136.0,400.0,475.0,822.0,4,955.0
7.0,23.0,400.0,475.0,778.0,955.0,4,994.0
7.0,23.0,33.0,136.0,400.0,778.0,4,955.0
7.0,23.0,136.0,180.0,400.0,778.0,4,955.0
7.0,23.0,136.0,180.0,400.0,822.0,4,955.0
7.0,23.0,136.0,400.0,778.0,822.0,4,994.0
7.0,7.0,240.0,267.0,731.0,902.0,4,1005.0
7.0,7.0,105.0,267.0,277.0,1005.0,4,1013.0
7.0,7.0,524.0,731.0,874.0,902.0,4,1005.0
7.0,7.0,524.0,731.0,874.0,902.0,4,1005.0
7.0,7.0,105.0,267.0,277.0,524.0,4,902.0
7.0,7.0,277.0,524.0,731.0,874.0,4,902.0
7.0,7.0,277.0,524.0,731.0,874.0,4,902.0
7.0,7.0,105.0,524.0,731.0,902.0,4,1005.0
7.0,7.0,105.0,267.0,277.0,1005.0,4,1013.0
7.0,7.0,105.0,267.0,277.0,731.0,4,1013.0
7.0,7.0,524.0,731.0,874.0,902.0,4,1013.0
7.0,7.0,87.0,267.0,410.0,896.0,4,1013.0
7.0,7.0,277.0,524.0,731.0,874.0,4,902.0
7.0,7.0,524.0,731.0,874.0,902.0,4,1005.0
7.0,7.0,524.0,731.0,874.0,902.0,4,1005.0
7.0,7.0,410.0,524.0,874.0,902.0,4,1005.0
7.0,7.0,524.0,731.0,874.0,902.0,4,1005.0
7.0,7.0,240.0,267.0,277.0,731.0,4,1013.0
7.0,7.0,105.0,277.0,524.0,731.0,4,1013.0
7.0,7.0,105.0,277.0,524.0,731.0,4,1005.0
7.0,8.0,571.0,811.0,957.0,984.0,4,1027.0
7.0,8.0,332.0,571.0,811.0,957.0,4,984.0
7.0,8.0,1.0,229.0,397.0,811.0,4,1027.0
7.0,8.0,397.0,571.0,801.0,811.0,4,984.0
7.0,8.0,1.0,229.0,332.0,811.0,4,957.0
7.0,8.0,1.0,229.0,332.0,397.0,4,1027.0
7.0,8.0,1.0,229.0,332.0,397.0,4,1027.0
7.0,8.0,1.0,332.0,397.0,571.0,4,1027.0
7.0,7.0,277.0,524.0,731.0,874.0,4,902.0
7.0,7.0,240.0,524.0,731.0,902.0,4,1005.0
7.0,7.0,240.0,524.0,731.0,902.0,4,1005.0
7.0,7.0,240.0,267.0,277.0,410.0,4,1005.0
7.0,7.0,105.0,524.0,731.0,902.0,4,1005.0
7.0,7.0,277.0,524.0,731.0,874.0,4,902.0
7.0,7.0,240.0,277.0,524.0,731.0,4,902.0
7.0,7.0,240.0,277.0,524.0,731.0,4,902.0
7.0,7.0,105.0,267.0,277.0,524.0,4,1005.0
7.0,7.0,105.0,267.0,277.0,524.0,4,1005.0
7.0,7.0,105.0,277.0,524.0,731.0,4,1005.0
7.0,7.0,267.0,277.0,731.0,874.0,4,902.0
7.0,10.0,40.0,47.0,234.0,591.0,4,922.0
7.0,10.0,40.0,47.0,376.0,477.0,4,922.0
7.0,10.0,40.0,47.0,376.0,477.0,4,922.0
7.0,10.0,47.0,289.0,376.0,517.0,4,922.0
7.0,10.0,289.0,376.0,477.0,517.0,4,922.0
7.0,10.0,289.0,376.0,477.0,517.0,4,922.0
7.0,10.0,40.0,47.0,234.0,517.0,4,918.0
7.0,10.0,40.0,47.0,234.0,591.0,4,918.0
7.0,10.0,40.0,47.0,234.0,591.0,4,918.0
7.0,10.0,40.0,47.0,234.0,591.0,4,918.0
7.0,10.0,40.0,47.0,234.0,591.0,4,922.0
7.0,10.0,47.0,234.0,376.0,591.0,4,922.0
7.0,10.0,47.0,234.0,376.0,517.0,4,918.0
7.0,10.0,289.0,517.0,684.0,745.0,4,922.0
7.0,33.0,258.0,361.0,686.0,829.0,4,976.0
7.0,33.0,21.0,318.0,361.0,470.0,4,976.0
7.0,33.0,21.0,271.0,318.0,470.0,4,829.0
7.0,33.0,21.0,318.0,361.0,686.0,4,976.0
7.0,33.0,258.0,361.0,686.0,829.0,4,976.0
7.0,33.0,21.0,258.0,361.0,470.0,4,976.0
7.0,33.0,21.0,318.0,361.0,470.0,4,976.0
7.0,33.0,21.0,258.0,318.0,829.0,4,976.0
7.0,33.0,21.0,258.0,318.0,361.0,4,976.0
7.0,7.0,524.0,731.0,874.0,902.0,4,1005.0
7.0,7.0,240.0,524.0,731.0,902.0,4,1005.0
7.0,7.0,240.0,267.0,524.0,902.0,4,1005.0
7.0,7.0,240.0,267.0,277.0,410.0,4,1005.0
7.0,7.0,267.0,731.0,874.0,902.0,4,1005.0
7.0,7.0,524.0,731.0,874.0,902.0,4,1005.0
7.0,7.0,277.0,524.0,731.0,874.0,4,1005.0
7.0,7.0,277.0,524.0,731.0,874.0,4,902.0
7.0,7.0,105.0,267.0,277.0,1005.0,4,1013.0
7.0,7.0,240.0,277.0,524.0,731.0,4,902.0
7.0,7.0,240.0,524.0,731.0,902.0,4,1005.0
7.0,7.0,240.0,267.0,410.0,731.0,4,902.0
7.0,7.0,240.0,267.0,410.0,902.0,4,1005.0
7.0,7.0,105.0,267.0,277.0,410.0,4,524.0
7.0,7.0,105.0,277.0,410.0,524.0,4,731.0
7.0,7.0,267.0,277.0,731.0,874.0,4,1005.0
7.0,7.0,105.0,267.0,277.0,524.0,4,1005.0
7.0,7.0,277.0,524.0,731.0,874.0,4,902.0
7.0,7.0,524.0,731.0,874.0,902.0,4,1005.0
7.0,7.0,105.0,267.0,277.0,410.0,4,1005.0
7.0,7.0,105.0,267.0,277.0,410.0,4,1005.0
7.0,7.0,105.0,267.0,277.0,731.0,4,902.0
7.0,7.0,105.0,267.0,731.0,902.0,4,1005.0
7.0,7.0,277.0,524.0,731.0,874.0,4,902.0
7.0,7.0,267.0,277.0,731.0,874.0,4,902.0
7.0,7.0,267.0,277.0,410.0,874.0,4,902.0
7.0,7.0,267.0,410.0,874.0,902.0,4,1005.0
7.0,7.0,267.0,277.0,410.0,731.0,4,874.0
7.0,7.0,105.0,267.0,277.0,731.0,4,902.0
7.0,7.0,267.0,277.0,731.0,874.0,4,902.0
7.0,7.0,267.0,731.0,874.0,902.0,4,1005.0
7.0,7.0,267.0,731.0,874.0,902.0,4,1005.0
7.0,7.0,277.0,524.0,731.0,874.0,4,902.0
7.0,7.0,524.0,731.0,874.0,902.0,4,1005.0
7.0,7.0,105.0,267.0,277.0,410.0,4,1005.0
7.0,7.0,105.0,267.0,277.0,410.0,4,731.0
7.0,7.0,105.0,524.0,731.0,902.0,4,1005.0
7.0,7.0,524.0,731.0,874.0,902.0,4,1005.0
7.0,7.0,277.0,524.0,731.0,874.0,4,902.0
7.0,7.0,105.0,524.0,731.0,902.0,4,1005.0
7.0,7.0,105.0,267.0,410.0,731.0,4,1005.0
7.0,7.0,277.0,524.0,731.0,874.0,4,902.0
7.0,7.0,105.0,524.0,731.0,902.0,4,1005.0
7.0,7.0,105.0,267.0,277.0,410.0,4,1005.0
7.0,7.0,267.0,410.0,731.0,902.0,4,1005.0
7.0,7.0,267.0,410.0,731.0,902.0,4,1005.0
7.0,7.0,277.0,524.0,731.0,902.0,4,1005.0
7.0,7.0,105.0,277.0,524.0,731.0,4,902.0
7.0,7.0,240.0,267.0,277.0,410.0,4,1005.0
7.0,7.0,240.0,410.0,524.0,731.0,4,902.0
7.0,7.0,240.0,410.0,524.0,731.0,4,902.0
7.0,14.0,488.0,520.0,569.0,573.0,4,1015.0
7.0,14.0,520.0,573.0,753.0,924.0,4,1015.0
7.0,14.0,488.0,520.0,569.0,573.0,4,868.0
7.0,14.0,488.0,520.0,569.0,573.0,4,1015.0
7.0,14.0,488.0,520.0,569.0,573.0,4,1015.0
7.0,14.0,488.0,520.0,569.0,573.0,4,1015.0
7.0,29.0,83.0,242.0,821.0,824.0,4,860.0
7.0,29.0,83.0,242.0,456.0,821.0,4,971.0
7.0,29.0,260.0,456.0,821.0,860.0,4,971.0
7.0,29.0,260.0,456.0,821.0,860.0,4,971.0
7.0,29.0,83.0,242.0,456.0,821.0,4,860.0
7.0,29.0,83.0,242.0,821.0,824.0,4,860.0
7.0,29.0,260.0,456.0,821.0,860.0,4,971.0
7.0,29.0,260.0,456.0,821.0,860.0,4,971.0
7.0,29.0,242.0,456.0,821.0,860.0,4,971.0
7.0,33.0,21.0,271.0,318.0,361.0,4,470.0
7.0,33.0,21.0,258.0,361.0,470.0,4,976.0
7.0,33.0,21.0,258.0,318.0,829.0,4,976.0
7.0,33.0,271.0,318.0,361.0,470.0,4,829.0
7.0,33.0,271.0,318.0,361.0,470.0,4,829.0
7.0,33.0,21.0,258.0,318.0,361.0,4,976.0
7.0,15.0,188.0,659.0,714.0,941.0,4,1036.0
7.0,15.0,188.0,659.0,749.0,941.0,4,1036.0
7.0,15.0,188.0,302.0,659.0,749.0,4,960.0
7.0,15.0,714.0,719.0,941.0,960.0,4,1036.0
7.0,15.0,188.0,659.0,714.0,941.0,4,1036.0
7.0,15.0,188.0,659.0,714.0,941.0,4,1036.0
7.0,15.0,659.0,714.0,719.0,960.0,4,1036.0
7.0,15.0,188.0,659.0,714.0,719.0,4,1036.0
7.0,29.0,242.0,370.0,505.0,670.0,4,784.0
7.0,29.0,83.0,173.0,392.0,456.0,4,971.0
7.0,29.0,83.0,173.0,392.0,456.0,4,505.0
7.0,29.0,83.0,242.0,392.0,505.0,4,784.0
7.0,29.0,242.0,392.0,505.0,670.0,4,784.0
7.0,29.0,242.0,370.0,392.0,670.0,4,784.0
7.0,29.0,242.0,370.0,505.0,670.0,4,784.0
7.0,29.0,242.0,370.0,505.0,670.0,4,784.0
7.0,29.0,83.0,173.0,242.0,370.0,4,392.0
7.0,29.0,242.0,370.0,392.0,456.0,4,670.0
7.0,8.0,404.0,519.0,571.0,740.0,4,984.0
7.0,8.0,332.0,397.0,404.0,740.0,4,984.0
7.0,8.0,41.0,332.0,397.0,957.0,4,984.0
7.0,8.0,41.0,332.0,397.0,957.0,4,984.0
7.0,8.0,41.0,332.0,404.0,571.0,4,740.0
7.0,8.0,41.0,404.0,571.0,740.0,4,811.0
7.0,8.0,41.0,404.0,571.0,740.0,4,811.0
7.0,8.0,332.0,397.0,519.0,957.0,4,984.0
7.0,8.0,332.0,404.0,519.0,571.0,4,984.0
7.0,8.0,332.0,519.0,571.0,957.0,4,984.0
7.0,8.0,332.0,397.0,811.0,957.0,4,984.0
7.0,8.0,41.0,404.0,571.0,811.0,4,984.0
7.0,8.0,41.0,404.0,571.0,811.0,4,984.0
7.0,8.0,41.0,404.0,571.0,811.0,4,984.0
7.0,8.0,41.0,404.0,571.0,811.0,4,984.0
7.0,33.0,258.0,318.0,361.0,504.0,4,829.0
7.0,33.0,258.0,318.0,361.0,504.0,4,829.0
7.0,33.0,258.0,361.0,504.0,686.0,4,829.0
7.0,33.0,21.0,318.0,361.0,417.0,4,686.0
7.0,33.0,21.0,258.0,318.0,361.0,4,504.0
7.0,33.0,258.0,318.0,361.0,504.0,4,829.0
7.0,33.0,258.0,318.0,361.0,504.0,4,829.0
7.0,33.0,21.0,258.0,361.0,504.0,4,861.0
7.0,33.0,21.0,258.0,361.0,504.0,4,861.0
7.0,33.0,21.0,258.0,417.0,686.0,4,861.0
7.0,8.0,229.0,811.0,957.0,984.0,4,1027.0
7.0,8.0,41.0,229.0,740.0,957.0,4,1027.0
7.0,8.0,397.0,519.0,571.0,811.0,4,984.0
7.0,8.0,41.0,229.0,332.0,740.0,4,957.0
7.0,8.0,41.0,229.0,332.0,740.0,4,957.0
7.0,8.0,41.0,332.0,571.0,740.0,4,1027.0
7.0,8.0,41.0,332.0,571.0,740.0,4,1027.0
7.0,8.0,41.0,571.0,740.0,957.0,4,984.0
7.0,8.0,397.0,571.0,740.0,984.0,4,1027.0
7.0,8.0,41.0,229.0,519.0,740.0,4,957.0
7.0,8.0,332.0,397.0,519.0,571.0,4,984.0
7.0,8.0,332.0,397.0,519.0,571.0,4,984.0
7.0,8.0,397.0,571.0,811.0,984.0,4,1027.0
7.0,8.0,397.0,519.0,571.0,811.0,4,984.0
7.0,8.0,229.0,519.0,740.0,957.0,4,984.0
7.0,8.0,41.0,229.0,519.0,740.0,4,957.0
7.0,8.0,41.0,229.0,519.0,740.0,4,957.0
7.0,8.0,41.0,229.0,397.0,519.0,4,984.0
7.0,8.0,397.0,571.0,811.0,984.0,4,1027.0
7.0,8.0,229.0,519.0,740.0,957.0,4,984.0
7.0,8.0,41.0,229.0,332.0,740.0,4,957.0
7.0,8.0,397.0,571.0,811.0,984.0,4,1027.0
7.0,8.0,41.0,519.0,740.0,957.0,4,1027.0
7.0,32.0,241.0,511.0,602.0,860.0,4,986.0
7.0,32.0,241.0,511.0,602.0,860.0,4,986.0
7.0,2.0,17.0,120.0,493.0,577.0,4,900.0
7.0,2.0,17.0,36.0,120.0,493.0,4,900.0
7.0,2.0,17.0,577.0,687.0,966.0,4,993.0
7.0,2.0,17.0,36.0,120.0,493.0,4,993.0
7.0,2.0,17.0,36.0,824.0,900.0,4,966.0
7.0,6.0,30.0,48.0,125.0,606.0,4,980.0
7.0,6.0,30.0,48.0,125.0,606.0,4,980.0
7.0,6.0,48.0,125.0,275.0,606.0,4,980.0
7.0,6.0,35.0,56.0,275.0,444.0,4,980.0
7.0,6.0,35.0,56.0,275.0,300.0,4,444.0
7.0,6.0,30.0,48.0,444.0,606.0,4,980.0
7.0,6.0,30.0,48.0,125.0,606.0,4,980.0
7.0,6.0,35.0,275.0,444.0,606.0,4,980.0
7.0,6.0,35.0,56.0,275.0,300.0,4,444.0
7.0,1.0,78.0,106.0,442.0,463.0,4,517.0
7.0,1.0,78.0,106.0,463.0,517.0,4,595.0
7.0,1.0,78.0,106.0,463.0,517.0,4,595.0
7.0,1.0,188.0,353.0,595.0,795.0,4,1006.0
7.0,1.0,78.0,106.0,353.0,463.0,4,517.0
7.0,1.0,78.0,106.0,353.0,517.0,4,595.0
7.0,1.0,188.0,353.0,595.0,795.0,4,1006.0
7.0,1.0,353.0,463.0,595.0,795.0,4,1006.0
7.0,26.0,333.0,384.0,914.0,948.0,4,965.0
7.0,26.0,333.0,422.0,620.0,948.0,4,965.0
7.0,26.0,107.0,384.0,422.0,620.0,4,632.0
7.0,26.0,333.0,384.0,914.0,948.0,4,965.0
7.0,26.0,333.0,384.0,914.0,948.0,4,965.0
7.0,26.0,333.0,384.0,914.0,948.0,4,965.0
7.0,26.0,333.0,384.0,914.0,948.0,4,965.0
7.0,26.0,333.0,422.0,914.0,948.0,4,965.0
7.0,26.0,107.0,333.0,422.0,620.0,4,965.0
7.0,34.0,357.0,506.0,662.0,974.0,4,975.0
7.0,34.0,167.0,436.0,506.0,662.0,4,974.0
7.0,34.0,506.0,662.0,774.0,974.0,4,975.0
7.0,34.0,357.0,506.0,662.0,974.0,4,975.0
7.0,34.0,357.0,436.0,506.0,662.0,4,974.0
7.0,34.0,357.0,436.0,506.0,583.0,4,974.0
7.0,34.0,357.0,506.0,662.0,974.0,4,975.0
7.0,34.0,357.0,506.0,662.0,974.0,4,975.0
7.0,34.0,167.0,345.0,357.0,436.0,4,662.0
7.0,34.0,167.0,345.0,436.0,974.0,4,975.0
7.0,34.0,167.0,345.0,436.0,974.0,4,975.0
7.0,8.0,229.0,397.0,740.0,984.0,4,1027.0
7.0,8.0,41.0,229.0,519.0,740.0,4,957.0
7.0,8.0,41.0,229.0,519.0,740.0,4,957.0
7.0,8.0,229.0,740.0,957.0,984.0,4,1027.0
7.0,8.0,41.0,229.0,740.0,957.0,4,1027.0
7.0,8.0,41.0,229.0,740.0,957.0,4,1027.0
7.0,8.0,41.0,229.0,519.0,740.0,4,957.0
7.0,8.0,41.0,229.0,519.0,740.0,4,957.0
7.0,8.0,397.0,571.0,811.0,984.0,4,1027.0
7.0,8.0,229.0,397.0,519.0,811.0,4,984.0
7.0,8.0,41.0,229.0,519.0,740.0,4,957.0
7.0,8.0,41.0,519.0,571.0,740.0,4,957.0
7.0,8.0,571.0,811.0,957.0,984.0,4,1027.0
7.0,8.0,397.0,571.0,811.0,984.0,4,1027.0
7.0,8.0,229.0,397.0,740.0,984.0,4,1027.0
7.0,8.0,41.0,519.0,571.0,740.0,4,957.0
7.0,8.0,41.0,519.0,740.0,957.0,4,1027.0
7.0,8.0,41.0,519.0,740.0,957.0,4,1027.0
7.0,8.0,397.0,519.0,740.0,984.0,4,1027.0
7.0,8.0,41.0,62.0,229.0,519.0,4,740.0
7.0,8.0,41.0,397.0,957.0,984.0,4,1027.0
7.0,8.0,41.0,397.0,957.0,984.0,4,1027.0
7.0,8.0,397.0,811.0,957.0,984.0,4,1027.0
7.0,8.0,41.0,62.0,229.0,519.0,4,984.0
7.0,8.0,41.0,62.0,229.0,519.0,4,740.0
7.0,8.0,41.0,62.0,519.0,740.0,4,957.0
7.0,8.0,41.0,229.0,397.0,984.0,4,1027.0
7.0,22.0,16.0,58.0,60.0,536.0,4,864.0
7.0,22.0,16.0,26.0,536.0,864.0,4,990.0
7.0,22.0,26.0,117.0,222.0,633.0,4,990.0
7.0,22.0,26.0,117.0,222.0,633.0,4,990.0
7.0,22.0,26.0,117.0,222.0,864.0,4,990.0
7.0,22.0,58.0,117.0,536.0,864.0,4,990.0
7.0,22.0,16.0,26.0,536.0,864.0,4,990.0
7.0,22.0,16.0,58.0,60.0,536.0,4,864.0
7.0,22.0,16.0,58.0,536.0,864.0,4,990.0
7.0,22.0,16.0,26.0,117.0,222.0,4,990.0
7.0,22.0,26.0,117.0,222.0,864.0,4,990.0
7.0,22.0,16.0,58.0,536.0,864.0,4,990.0
7.0,15.0,593.0,714.0,941.0,960.0,4,1036.0
7.0,15.0,302.0,426.0,484.0,509.0,4,719.0
7.0,15.0,302.0,426.0,484.0,509.0,4,719.0
7.0,15.0,426.0,593.0,714.0,960.0,4,1036.0
7.0,15.0,593.0,714.0,941.0,960.0,4,1036.0
7.0,15.0,593.0,714.0,941.0,960.0,4,1036.0
7.0,15.0,302.0,426.0,484.0,714.0,4,719.0
7.0,15.0,302.0,426.0,714.0,719.0,4,1036.0
7.0,8.0,229.0,811.0,957.0,984.0,4,1027.0
7.0,8.0,41.0,229.0,740.0,811.0,4,957.0
7.0,8.0,41.0,397.0,571.0,740.0,4,811.0
7.0,8.0,397.0,571.0,740.0,811.0,4,1027.0
7.0,8.0,397.0,571.0,811.0,984.0,4,1027.0
7.0,8.0,229.0,397.0,811.0,984.0,4,1027.0
7.0,8.0,229.0,811.0,957.0,984.0,4,1027.0
7.0,8.0,397.0,571.0,811.0,984.0,4,1027.0
7.0,8.0,397.0,571.0,811.0,984.0,4,1027.0
7.0,8.0,397.0,571.0,811.0,984.0,4,1027.0
7.0,8.0,229.0,332.0,740.0,801.0,4,957.0
7.0,8.0,571.0,811.0,957.0,984.0,4,1027.0
7.0,8.0,397.0,571.0,811.0,984.0,4,1027.0
7.0,8.0,62.0,229.0,571.0,811.0,4,984.0
7.0,8.0,332.0,740.0,957.0,984.0,4,1027.0
7.0,8.0,332.0,397.0,740.0,984.0,4,1027.0
7.0,8.0,229.0,332.0,397.0,984.0,4,1027.0
7.0,8.0,397.0,571.0,811.0,984.0,4,1027.0
7.0,8.0,397.0,811.0,957.0,984.0,4,1027.0
7.0,8.0,229.0,811.0,957.0,984.0,4,1027.0
7.0,8.0,229.0,332.0,811.0,957.0,4,984.0
7.0,8.0,229.0,332.0,740.0,957.0,4,984.0
7.0,8.0,229.0,332.0,740.0,957.0,4,984.0
7.0,8.0,571.0,740.0,811.0,957.0,4,1027.0
7.0,8.0,397.0,571.0,811.0,984.0,4,1027.0
7.0,8.0,229.0,332.0,957.0,984.0,4,1027.0
7.0,8.0,332.0,397.0,740.0,957.0,4,1027.0
7.0,8.0,332.0,571.0,740.0,957.0,4,1027.0
7.0,8.0,332.0,571.0,740.0,811.0,4,957.0
7.0,8.0,332.0,571.0,740.0,811.0,4,957.0
7.0,8.0,229.0,332.0,571.0,740.0,4,984.0
7.0,8.0,229.0,571.0,740.0,984.0,4,1027.0
7.0,14.0,488.0,569.0,786.0,840.0,4,1015.0
7.0,14.0,569.0,753.0,786.0,868.0,4,903.0
7.0,14.0,569.0,753.0,786.0,868.0,4,903.0
7.0,14.0,569.0,753.0,786.0,868.0,4,903.0
7.0,14.0,488.0,520.0,753.0,868.0,4,903.0
7.0,14.0,488.0,753.0,786.0,840.0,4,1015.0
7.0,14.0,569.0,753.0,786.0,840.0,4,1015.0
7.0,14.0,488.0,569.0,753.0,786.0,4,903.0
7.0,14.0,569.0,753.0,786.0,840.0,4,868.0
7.0,14.0,520.0,569.0,753.0,786.0,4,868.0
7.0,14.0,488.0,569.0,753.0,786.0,4,840.0
7.0,8.0,397.0,571.0,811.0,984.0,4,1027.0
7.0,8.0,571.0,811.0,957.0,984.0,4,1027.0
7.0,8.0,229.0,332.0,957.0,984.0,4,1027.0
7.0,8.0,229.0,332.0,740.0,957.0,4,1027.0
7.0,8.0,571.0,740.0,811.0,957.0,4,1027.0
7.0,8.0,229.0,397.0,571.0,811.0,4,984.0
7.0,8.0,397.0,571.0,811.0,984.0,4,1027.0
7.0,8.0,571.0,811.0,957.0,984.0,4,1027.0
7.0,8.0,229.0,332.0,397.0,740.0,4,811.0
7.0,8.0,397.0,571.0,740.0,811.0,4,984.0
7.0,8.0,397.0,571.0,740.0,811.0,4,984.0
7.0,8.0,62.0,332.0,519.0,740.0,4,801.0
7.0,8.0,397.0,571.0,801.0,811.0,4,984.0
7.0,8.0,397.0,571.0,801.0,811.0,4,984.0
7.0,8.0,332.0,397.0,571.0,811.0,4,984.0
7.0,8.0,229.0,332.0,740.0,801.0,4,957.0
7.0,8.0,229.0,332.0,740.0,801.0,4,957.0
7.0,8.0,229.0,740.0,801.0,811.0,4,957.0
7.0,8.0,229.0,740.0,801.0,811.0,4,957.0
7.0,8.0,397.0,571.0,801.0,811.0,4,984.0
7.0,8.0,332.0,397.0,571.0,811.0,4,984.0
7.0,8.0,229.0,332.0,519.0,740.0,4,957.0
7.0,33.0,21.0,111.0,258.0,271.0,4,318.0
7.0,33.0,21.0,111.0,258.0,271.0,4,318.0
7.0,33.0,21.0,111.0,271.0,318.0,4,470.0
7.0,33.0,111.0,271.0,318.0,470.0,4,504.0
7.0,33.0,271.0,318.0,470.0,504.0,4,829.0
7.0,33.0,271.0,318.0,470.0,504.0,4,829.0
7.0,33.0,271.0,318.0,470.0,829.0,4,976.0
7.0,33.0,21.0,258.0,686.0,829.0,4,976.0
7.0,33.0,21.0,258.0,686.0,829.0,4,976.0
7.0,33.0,21.0,258.0,686.0,829.0,4,976.0
7.0,33.0,21.0,111.0,271.0,318.0,4,470.0
7.0,33.0,21.0,258.0,686.0,829.0,4,976.0
7.0,10.0,47.0,234.0,376.0,591.0,4,918.0
7.0,10.0,40.0,47.0,234.0,376.0,4,918.0
7.0,10.0,40.0,234.0,289.0,376.0,4,591.0
7.0,10.0,47.0,234.0,376.0,591.0,4,918.0
7.0,10.0,234.0,289.0,376.0,591.0,4,918.0
7.0,10.0,40.0,234.0,289.0,376.0,4,918.0
7.0,8.0,397.0,571.0,811.0,984.0,4,1027.0
7.0,8.0,397.0,801.0,811.0,957.0,4,984.0
7.0,8.0,397.0,801.0,811.0,957.0,4,984.0
7.0,8.0,332.0,571.0,801.0,957.0,4,984.0
7.0,8.0,397.0,811.0,957.0,984.0,4,1027.0
7.0,8.0,397.0,801.0,811.0,957.0,4,984.0
7.0,8.0,332.0,801.0,957.0,984.0,4,1027.0
7.0,8.0,332.0,740.0,811.0,957.0,4,1027.0
7.0,8.0,332.0,740.0,811.0,957.0,4,984.0
7.0,8.0,397.0,740.0,811.0,984.0,4,1027.0
7.0,8.0,397.0,571.0,811.0,984.0,4,1027.0
7.0,8.0,397.0,811.0,957.0,984.0,4,1027.0
7.0,8.0,332.0,571.0,740.0,801.0,4,957.0
7.0,8.0,571.0,811.0,957.0,984.0,4,1027.0
7.0,8.0,571.0,811.0,957.0,984.0,4,1027.0
7.0,8.0,332.0,397.0,740.0,801.0,4,957.0
7.0,8.0,397.0,571.0,740.0,801.0,4,811.0
7.0,8.0,397.0,571.0,811.0,984.0,4,1027.0
7.0,29.0,3.0,260.0,392.0,670.0,4,799.0
7.0,29.0,83.0,132.0,392.0,799.0,4,971.0
7.0,29.0,83.0,132.0,392.0,799.0,4,971.0
7.0,29.0,83.0,132.0,485.0,799.0,4,971.0
7.0,29.0,83.0,132.0,260.0,392.0,4,670.0
7.0,29.0,3.0,260.0,392.0,456.0,4,670.0
7.0,29.0,83.0,132.0,260.0,392.0,4,799.0
7.0,29.0,3.0,83.0,456.0,485.0,4,971.0
7.0,29.0,83.0,260.0,392.0,456.0,4,670.0
7.0,29.0,83.0,392.0,456.0,670.0,4,971.0
7.0,8.0,332.0,397.0,801.0,811.0,4,957.0
7.0,8.0,229.0,332.0,801.0,811.0,4,957.0
7.0,8.0,332.0,519.0,571.0,957.0,4,1027.0
7.0,8.0,332.0,397.0,571.0,811.0,4,1027.0
7.0,8.0,229.0,332.0,519.0,811.0,4,957.0
7.0,8.0,332.0,397.0,571.0,811.0,4,1027.0
7.0,8.0,229.0,332.0,811.0,957.0,4,1027.0
7.0,8.0,229.0,332.0,801.0,957.0,4,1027.0
7.0,8.0,332.0,397.0,519.0,571.0,4,811.0
7.0,8.0,229.0,332.0,811.0,957.0,4,1027.0
7.0,8.0,332.0,397.0,571.0,811.0,4,1027.0
7.0,8.0,229.0,519.0,811.0,957.0,4,1027.0
7.0,8.0,229.0,519.0,801.0,811.0,4,957.0
7.0,8.0,332.0,571.0,811.0,957.0,4,1027.0
7.0,8.0,332.0,397.0,571.0,811.0,4,1027.0
7.0,8.0,332.0,397.0,571.0,811.0,4,1027.0
7.0,8.0,332.0,397.0,571.0,811.0,4,1027.0
7.0,8.0,229.0,332.0,397.0,811.0,4,1027.0
7.0,8.0,332.0,397.0,571.0,811.0,4,1027.0
7.0,8.0,332.0,397.0,571.0,801.0,4,811.0
7.0,8.0,332.0,397.0,571.0,801.0,4,811.0
7.0,8.0,397.0,571.0,811.0,984.0,4,1027.0
7.0,8.0,397.0,811.0,957.0,984.0,4,1027.0
7.0,8.0,229.0,332.0,957.0,984.0,4,1027.0
7.0,8.0,229.0,332.0,801.0,957.0,4,984.0
7.0,8.0,229.0,332.0,571.0,801.0,4,811.0
7.0,8.0,397.0,571.0,811.0,984.0,4,1027.0
7.0,8.0,397.0,571.0,811.0,984.0,4,1027.0
7.0,8.0,397.0,571.0,811.0,984.0,4,1027.0
7.0,8.0,397.0,571.0,811.0,984.0,4,1027.0
7.0,8.0,332.0,397.0,571.0,801.0,4,811.0
7.0,8.0,332.0,571.0,801.0,811.0,4,957.0
7.0,8.0,332.0,397.0,957.0,984.0,4,1027.0
7.0,23.0,33.0,136.0,400.0,955.0,4,967.0
7.0,23.0,33.0,400.0,475.0,955.0,4,967.0
7.0,23.0,33.0,136.0,475.0,778.0,4,955.0
7.0,23.0,136.0,388.0,475.0,822.0,4,994.0
7.0,23.0,136.0,388.0,400.0,822.0,4,994.0
7.0,23.0,136.0,388.0,778.0,822.0,4,994.0
7.0,23.0,136.0,400.0,822.0,955.0,4,994.0
7.0,23.0,33.0,136.0,400.0,778.0,4,955.0
7.0,23.0,33.0,400.0,475.0,778.0,4,955.0
7.0,23.0,33.0,400.0,475.0,822.0,4,955.0
7.0,23.0,180.0,475.0,700.0,955.0,4,967.0
7.0,9.0,39.0,108.0,366.0,535.0,4,604.0
7.0,9.0,39.0,108.0,535.0,604.0,4,845.0
7.0,9.0,39.0,108.0,535.0,604.0,4,845.0
7.0,9.0,39.0,108.0,535.0,574.0,4,845.0
7.0,9.0,39.0,108.0,535.0,604.0,4,845.0
7.0,9.0,39.0,108.0,535.0,604.0,4,845.0
7.0,9.0,108.0,510.0,535.0,574.0,4,604.0
7.0,9.0,39.0,108.0,366.0,535.0,4,604.0
7.0,9.0,39.0,108.0,366.0,535.0,4,604.0
7.0,9.0,108.0,366.0,535.0,604.0,4,845.0
7.0,9.0,108.0,366.0,535.0,604.0,4,845.0
7.0,9.0,39.0,108.0,535.0,604.0,4,845.0
7.0,9.0,39.0,108.0,535.0,604.0,4,845.0
7.0,12.0,237.0,350.0,611.0,788.0,4,856.0
7.0,12.0,216.0,237.0,350.0,386.0,4,788.0
7.0,12.0,216.0,237.0,350.0,386.0,4,788.0
7.0,12.0,126.0,216.0,237.0,386.0,4,788.0
7.0,12.0,126.0,216.0,386.0,611.0,4,638.0
7.0,12.0,216.0,237.0,350.0,611.0,4,856.0
7.0,12.0,237.0,350.0,611.0,788.0,4,856.0
7.0,12.0,237.0,350.0,611.0,788.0,4,856.0
7.0,12.0,237.0,350.0,611.0,788.0,4,856.0
7.0,12.0,216.0,237.0,350.0,788.0,4,856.0
7.0,12.0,126.0,216.0,386.0,638.0,4,817.0
7.0,12.0,156.0,280.0,386.0,817.0,4,909.0
7.0,12.0,156.0,280.0,386.0,817.0,4,909.0
7.0,12.0,156.0,280.0,386.0,817.0,4,909.0
7.0,17.0,137.0,354.0,502.0,741.0,4,764.0
7.0,17.0,328.0,354.0,587.0,727.0,4,764.0
7.0,17.0,137.0,328.0,741.0,764.0,4,1037.0
7.0,17.0,137.0,328.0,354.0,502.0,4,741.0
7.0,17.0,137.0,328.0,354.0,502.0,4,764.0
7.0,17.0,137.0,328.0,354.0,764.0,4,1037.0
7.0,17.0,328.0,354.0,587.0,741.0,4,1037.0
7.0,17.0,354.0,587.0,741.0,764.0,4,1037.0
7.0,17.0,354.0,502.0,741.0,764.0,4,1037.0
7.0,17.0,137.0,354.0,502.0,741.0,4,764.0
7.0,17.0,328.0,354.0,587.0,741.0,4,1037.0
7.0,4.0,134.0,486.0,487.0,589.0,4,715.0
7.0,4.0,134.0,486.0,487.0,589.0,4,715.0
7.0,4.0,134.0,194.0,486.0,487.0,4,715.0
7.0,4.0,194.0,715.0,743.0,936.0,4,964.0
7.0,4.0,194.0,715.0,743.0,936.0,4,964.0
7.0,4.0,194.0,487.0,715.0,936.0,4,964.0
7.0,4.0,194.0,487.0,715.0,936.0,4,964.0
7.0,4.0,194.0,487.0,589.0,936.0,4,964.0
7.0,4.0,134.0,487.0,589.0,715.0,4,964.0
7.0,4.0,134.0,194.0,715.0,936.0,4,964.0
7.0,4.0,134.0,194.0,715.0,936.0,4,964.0
7.0,4.0,194.0,487.0,715.0,936.0,4,964.0
7.0,4.0,194.0,589.0,743.0,936.0,4,964.0
7.0,8.0,1.0,571.0,811.0,957.0,4,1027.0
7.0,8.0,1.0,332.0,571.0,801.0,4,957.0
7.0,8.0,1.0,332.0,397.0,436.0,4,801.0
7.0,8.0,332.0,397.0,436.0,801.0,4,811.0
7.0,8.0,332.0,397.0,436.0,801.0,4,811.0
7.0,8.0,332.0,436.0,801.0,811.0,4,957.0
7.0,8.0,62.0,332.0,801.0,811.0,4,1027.0
7.0,8.0,332.0,571.0,801.0,811.0,4,1027.0
7.0,8.0,1.0,332.0,436.0,801.0,4,811.0
7.0,8.0,1.0,571.0,801.0,811.0,4,957.0
7.0,8.0,1.0,571.0,801.0,811.0,4,957.0
7.0,8.0,1.0,332.0,571.0,811.0,4,957.0
7.0,8.0,1.0,62.0,332.0,397.0,4,801.0
7.0,8.0,1.0,62.0,332.0,397.0,4,801.0
7.0,8.0,571.0,811.0,957.0,984.0,4,1027.0
7.0,8.0,571.0,811.0,957.0,984.0,4,1027.0
7.0,8.0,571.0,811.0,957.0,984.0,4,1027.0
7.0,8.0,332.0,571.0,957.0,984.0,4,1027.0
7.0,8.0,571.0,811.0,957.0,984.0,4,1027.0
7.0,8.0,571.0,811.0,957.0,984.0,4,1027.0
7.0,8.0,571.0,811.0,957.0,984.0,4,1027.0
7.0,8.0,571.0,811.0,957.0,984.0,4,1027.0
7.0,8.0,1.0,332.0,436.0,571.0,4,984.0
7.0,22.0,58.0,60.0,77.0,369.0,4,990.0
7.0,22.0,16.0,60.0,77.0,369.0,4,466.0
7.0,22.0,58.0,77.0,320.0,466.0,4,990.0
7.0,22.0,26.0,58.0,117.0,320.0,4,990.0
7.0,22.0,58.0,117.0,320.0,369.0,4,990.0
7.0,22.0,58.0,117.0,320.0,369.0,4,990.0
7.0,22.0,58.0,77.0,320.0,369.0,4,990.0
7.0,22.0,58.0,77.0,320.0,369.0,4,990.0
7.0,22.0,16.0,58.0,60.0,77.0,4,369.0
7.0,22.0,16.0,58.0,117.0,320.0,4,990.0
7.0,25.0,74.0,421.0,603.0,696.0,4,759.0
7.0,25.0,50.0,286.0,297.0,958.0,4,1003.0
7.0,25.0,74.0,297.0,421.0,759.0,4,1003.0
7.0,25.0,74.0,421.0,603.0,759.0,4,1003.0
7.0,16.0,155.0,296.0,623.0,674.0,4,895.0
7.0,16.0,153.0,155.0,623.0,674.0,4,820.0
7.0,16.0,153.0,296.0,674.0,702.0,4,820.0
7.0,16.0,153.0,296.0,623.0,702.0,4,763.0
7.0,16.0,153.0,155.0,296.0,674.0,4,820.0
7.0,16.0,153.0,155.0,623.0,674.0,4,820.0
7.0,16.0,153.0,623.0,674.0,763.0,4,820.0
7.0,16.0,153.0,155.0,296.0,763.0,4,820.0
7.0,16.0,155.0,296.0,623.0,763.0,4,820.0
7.0,16.0,155.0,296.0,623.0,674.0,4,820.0
7.0,16.0,155.0,296.0,623.0,674.0,4,820.0
7.0,0.0,244.0,465.0,601.0,789.0,4,792.0
7.0,0.0,244.0,465.0,601.0,789.0,4,792.0
7.0,0.0,244.0,465.0,601.0,789.0,4,792.0
7.0,0.0,244.0,465.0,601.0,789.0,4,792.0
7.0,0.0,244.0,315.0,465.0,601.0,4,789.0
7.0,0.0,244.0,465.0,601.0,789.0,4,792.0
7.0,0.0,244.0,315.0,465.0,601.0,4,789.0
7.0,0.0,244.0,465.0,601.0,789.0,4,792.0
7.0,0.0,244.0,315.0,465.0,601.0,4,789.0
7.0,8.0,1.0,332.0,571.0,811.0,4,957.0
7.0,8.0,1.0,332.0,397.0,571.0,4,801.0
7.0,8.0,1.0,229.0,332.0,397.0,4,801.0
7.0,8.0,1.0,332.0,571.0,811.0,4,957.0
7.0,8.0,1.0,332.0,571.0,811.0,4,957.0
7.0,8.0,1.0,229.0,436.0,571.0,4,811.0
7.0,8.0,1.0,332.0,571.0,811.0,4,957.0
7.0,8.0,1.0,62.0,397.0,571.0,4,811.0
7.0,8.0,1.0,62.0,229.0,397.0,4,811.0
7.0,8.0,1.0,62.0,229.0,397.0,4,811.0
7.0,8.0,1.0,62.0,229.0,397.0,4,811.0
7.0,8.0,332.0,436.0,571.0,811.0,4,984.0
7.0,8.0,1.0,229.0,332.0,436.0,4,801.0
7.0,8.0,1.0,571.0,811.0,957.0,4,984.0
7.0,8.0,1.0,571.0,811.0,957.0,4,984.0
7.0,8.0,62.0,436.0,571.0,811.0,4,984.0
7.0,8.0,229.0,332.0,571.0,811.0,4,984.0
7.0,8.0,1.0,229.0,332.0,571.0,4,801.0
7.0,8.0,1.0,229.0,332.0,801.0,4,957.0
7.0,8.0,1.0,229.0,332.0,801.0,4,957.0
7.0,8.0,1.0,229.0,571.0,811.0,4,984.0
7.0,8.0,229.0,801.0,811.0,957.0,4,984.0
7.0,8.0,1.0,229.0,332.0,436.0,4,811.0
7.0,8.0,1.0,571.0,811.0,957.0,4,984.0
7.0,8.0,229.0,332.0,801.0,957.0,4,984.0
7.0,8.0,1.0,229.0,332.0,957.0,4,984.0
7.0,8.0,1.0,436.0,571.0,811.0,4,984.0
7.0,8.0,1.0,571.0,811.0,957.0,4,984.0
7.0,8.0,571.0,801.0,811.0,957.0,4,984.0
7.0,8.0,571.0,801.0,811.0,957.0,4,984.0
7.0,8.0,229.0,801.0,811.0,957.0,4,984.0
7.0,8.0,229.0,332.0,801.0,957.0,4,984.0
7.0,8.0,1.0,229.0,332.0,436.0,4,984.0
7.0,8.0,1.0,229.0,332.0,436.0,4,811.0
7.0,8.0,1.0,229.0,436.0,811.0,4,984.0
7.0,8.0,1.0,571.0,811.0,957.0,4,984.0
7.0,8.0,229.0,332.0,811.0,957.0,4,984.0
7.0,8.0,1.0,229.0,332.0,957.0,4,984.0
7.0,8.0,1.0,229.0,332.0,436.0,4,984.0
7.0,8.0,1.0,332.0,436.0,571.0,4,811.0
7.0,8.0,1.0,62.0,332.0,436.0,4,571.0
7.0,8.0,1.0,62.0,332.0,436.0,4,801.0
7.0,8.0,1.0,62.0,332.0,436.0,4,801.0
7.0,15.0,188.0,659.0,714.0,941.0,4,1036.0
7.0,15.0,188.0,659.0,714.0,941.0,4,1036.0
7.0,15.0,302.0,593.0,719.0,749.0,4,960.0
7.0,15.0,188.0,659.0,714.0,941.0,4,1036.0
7.0,15.0,188.0,659.0,714.0,719.0,4,1036.0
7.0,15.0,188.0,593.0,749.0,960.0,4,1036.0
7.0,15.0,188.0,593.0,659.0,749.0,4,960.0
7.0,15.0,659.0,714.0,749.0,960.0,4,1036.0
7.0,10.0,40.0,47.0,289.0,591.0,4,918.0
7.0,10.0,289.0,376.0,477.0,591.0,4,918.0
7.0,10.0,376.0,477.0,684.0,918.0,4,922.0
7.0,10.0,376.0,477.0,517.0,684.0,4,922.0
7.0,10.0,376.0,477.0,517.0,684.0,4,922.0
7.0,10.0,40.0,47.0,289.0,591.0,4,918.0
7.0,10.0,40.0,47.0,289.0,376.0,4,918.0
7.0,10.0,40.0,47.0,376.0,591.0,4,918.0
7.0,8.0,1.0,571.0,801.0,811.0,4,957.0
7.0,8.0,1.0,332.0,571.0,811.0,4,957.0
7.0,8.0,1.0,332.0,571.0,811.0,4,957.0
7.0,8.0,1.0,571.0,801.0,811.0,4,957.0
7.0,8.0,1.0,436.0,571.0,801.0,4,1027.0
7.0,8.0,1.0,332.0,436.0,571.0,4,1027.0
7.0,8.0,1.0,332.0,436.0,571.0,4,1027.0
7.0,8.0,1.0,332.0,436.0,811.0,4,1027.0
7.0,8.0,332.0,571.0,811.0,957.0,4,1027.0
7.0,8.0,1.0,571.0,801.0,811.0,4,957.0
7.0,8.0,1.0,571.0,801.0,811.0,4,957.0
7.0,8.0,1.0,571.0,811.0,957.0,4,1027.0
7.0,8.0,436.0,571.0,801.0,811.0,4,1027.0
7.0,8.0,62.0,571.0,801.0,811.0,4,1027.0
7.0,8.0,62.0,332.0,571.0,801.0,4,811.0
7.0,10.0,40.0,47.0,234.0,591.0,4,918.0
7.0,10.0,40.0,47.0,234.0,591.0,4,918.0
7.0,10.0,289.0,477.0,591.0,684.0,4,918.0
7.0,10.0,40.0,234.0,289.0,477.0,4,959.0
7.0,10.0,40.0,47.0,234.0,591.0,4,918.0
7.0,10.0,40.0,47.0,234.0,591.0,4,918.0
7.0,10.0,40.0,47.0,234.0,591.0,4,918.0
7.0,10.0,234.0,289.0,477.0,591.0,4,918.0
7.0,10.0,289.0,477.0,591.0,684.0,4,959.0
7.0,10.0,289.0,573.0,745.0,765.0,4,959.0
7.0,10.0,573.0,684.0,745.0,765.0,4,959.0
7.0,10.0,40.0,47.0,234.0,591.0,4,918.0
7.0,10.0,40.0,289.0,591.0,684.0,4,959.0
7.0,10.0,289.0,573.0,591.0,684.0,4,959.0
7.0,10.0,40.0,47.0,234.0,591.0,4,918.0
7.0,10.0,40.0,47.0,234.0,591.0,4,918.0
7.0,10.0,40.0,234.0,289.0,591.0,4,918.0
7.0,10.0,40.0,47.0,234.0,591.0,4,918.0
7.0,10.0,40.0,289.0,591.0,684.0,4,959.0
7.0,10.0,40.0,289.0,591.0,684.0,4,959.0
7.0,10.0,289.0,573.0,591.0,684.0,4,959.0
7.0,26.0,422.0,620.0,703.0,948.0,4,965.0
7.0,26.0,214.0,223.0,384.0,620.0,4,965.0
7.0,26.0,107.0,214.0,223.0,384.0,4,965.0
7.0,26.0,107.0,214.0,223.0,384.0,4,703.0
7.0,15.0,659.0,714.0,941.0,960.0,4,1036.0
7.0,15.0,659.0,714.0,719.0,960.0,4,1036.0
7.0,15.0,593.0,719.0,749.0,941.0,4,1036.0
7.0,15.0,593.0,659.0,719.0,749.0,4,941.0
7.0,15.0,659.0,714.0,941.0,960.0,4,1036.0
7.0,15.0,659.0,719.0,749.0,960.0,4,1036.0
7.0,15.0,593.0,719.0,749.0,941.0,4,1036.0
7.0,15.0,593.0,659.0,719.0,749.0,4,941.0
7.0,15.0,659.0,714.0,719.0,941.0,4,1036.0
7.0,15.0,659.0,714.0,719.0,941.0,4,1036.0
7.0,15.0,659.0,714.0,719.0,941.0,4,1036.0
7.0,10.0,40.0,47.0,234.0,591.0,4,918.0
7.0,10.0,40.0,47.0,234.0,591.0,4,918.0
7.0,10.0,289.0,376.0,477.0,684.0,4,918.0
7.0,10.0,40.0,47.0,234.0,591.0,4,918.0
7.0,10.0,40.0,47.0,234.0,376.0,4,591.0
7.0,10.0,40.0,47.0,234.0,591.0,4,918.0
7.0,10.0,40.0,47.0,234.0,376.0,4,918.0
7.0,10.0,289.0,376.0,477.0,745.0,4,765.0
7.0,10.0,40.0,47.0,234.0,591.0,4,918.0
7.0,10.0,40.0,47.0,234.0,591.0,4,918.0
7.0,10.0,40.0,47.0,234.0,591.0,4,918.0
7.0,10.0,234.0,376.0,477.0,591.0,4,918.0
7.0,10.0,40.0,289.0,376.0,477.0,4,684.0
7.0,10.0,40.0,376.0,477.0,591.0,4,918.0
7.0,10.0,40.0,47.0,234.0,591.0,4,918.0
7.0,10.0,40.0,289.0,376.0,477.0,4,591.0
7.0,10.0,40.0,47.0,376.0,591.0,4,918.0
7.0,10.0,40.0,376.0,591.0,684.0,4,918.0
7.0,10.0,47.0,234.0,376.0,591.0,4,918.0
7.0,33.0,258.0,318.0,361.0,504.0,4,686.0
7.0,33.0,258.0,271.0,361.0,686.0,4,829.0
7.0,33.0,258.0,271.0,686.0,717.0,4,829.0
7.0,33.0,258.0,271.0,361.0,686.0,4,829.0
7.0,33.0,21.0,271.0,385.0,717.0,4,861.0
7.0,33.0,21.0,271.0,385.0,717.0,4,861.0
7.0,10.0,40.0,47.0,234.0,376.0,4,591.0
7.0,10.0,40.0,234.0,376.0,591.0,4,684.0
7.0,10.0,47.0,289.0,573.0,591.0,4,684.0
7.0,10.0,40.0,234.0,376.0,591.0,4,684.0
7.0,10.0,40.0,234.0,289.0,376.0,4,591.0
7.0,10.0,40.0,47.0,234.0,376.0,4,591.0
7.0,10.0,234.0,289.0,376.0,573.0,4,684.0
7.0,10.0,40.0,47.0,289.0,376.0,4,591.0
7.0,14.0,753.0,786.0,903.0,922.0,4,1028.0
7.0,14.0,518.0,753.0,786.0,903.0,4,1028.0
7.0,14.0,518.0,753.0,786.0,903.0,4,1028.0
7.0,14.0,518.0,520.0,753.0,1015.0,4,1028.0
7.0,14.0,488.0,520.0,786.0,922.0,4,1015.0
7.0,14.0,753.0,786.0,903.0,922.0,4,1028.0
7.0,14.0,518.0,753.0,786.0,903.0,4,1028.0
7.0,14.0,518.0,753.0,786.0,903.0,4,1028.0
7.0,14.0,518.0,520.0,753.0,903.0,4,1028.0
7.0,14.0,488.0,520.0,753.0,786.0,4,922.0
7.0,22.0,16.0,58.0,320.0,454.0,4,536.0
7.0,22.0,16.0,320.0,454.0,536.0,4,864.0
7.0,22.0,16.0,58.0,320.0,454.0,4,536.0
7.0,22.0,16.0,58.0,320.0,536.0,4,864.0
7.0,22.0,58.0,320.0,536.0,864.0,4,990.0
7.0,22.0,58.0,320.0,536.0,864.0,4,990.0
7.0,22.0,58.0,320.0,536.0,864.0,4,990.0
7.0,29.0,83.0,242.0,260.0,370.0,4,456.0
7.0,29.0,83.0,242.0,260.0,392.0,4,456.0
7.0,29.0,173.0,392.0,505.0,670.0,4,784.0
7.0,29.0,83.0,242.0,260.0,370.0,4,456.0
7.0,29.0,83.0,173.0,260.0,370.0,4,456.0
7.0,29.0,173.0,392.0,505.0,670.0,4,784.0
7.0,29.0,173.0,392.0,505.0,670.0,4,784.0
7.0,29.0,173.0,392.0,505.0,670.0,4,784.0
7.0,29.0,242.0,392.0,505.0,670.0,4,784.0
7.0,29.0,392.0,456.0,505.0,670.0,4,784.0
7.0,10.0,289.0,376.0,477.0,684.0,4,745.0
7.0,10.0,47.0,289.0,376.0,591.0,4,918.0
7.0,10.0,234.0,289.0,477.0,591.0,4,918.0
7.0,10.0,234.0,289.0,477.0,591.0,4,918.0
7.0,10.0,234.0,289.0,477.0,591.0,4,918.0
7.0,10.0,234.0,289.0,477.0,591.0,4,918.0
7.0,10.0,234.0,289.0,477.0,591.0,4,918.0
7.0,15.0,509.0,714.0,802.0,941.0,4,1036.0
7.0,15.0,509.0,714.0,802.0,941.0,4,1036.0
7.0,15.0,484.0,509.0,593.0,719.0,4,749.0
7.0,15.0,484.0,509.0,593.0,714.0,4,719.0
7.0,15.0,593.0,714.0,719.0,802.0,4,1036.0
7.0,15.0,509.0,714.0,719.0,749.0,4,1036.0
7.0,15.0,484.0,509.0,593.0,719.0,4,749.0
7.0,15.0,484.0,509.0,593.0,719.0,4,749.0
7.0,10.0,40.0,47.0,234.0,591.0,4,918.0
7.0,10.0,234.0,289.0,591.0,684.0,4,918.0
7.0,10.0,289.0,376.0,591.0,684.0,4,959.0
7.0,10.0,289.0,376.0,684.0,918.0,4,959.0
7.0,10.0,40.0,47.0,234.0,591.0,4,918.0
7.0,10.0,40.0,47.0,234.0,591.0,4,918.0
7.0,10.0,40.0,47.0,234.0,591.0,4,918.0
7.0,10.0,40.0,47.0,234.0,591.0,4,918.0
7.0,10.0,40.0,47.0,234.0,591.0,4,918.0
7.0,10.0,234.0,289.0,376.0,684.0,4,959.0
7.0,10.0,289.0,376.0,573.0,684.0,4,959.0
7.0,10.0,40.0,47.0,234.0,591.0,4,918.0
7.0,10.0,40.0,234.0,289.0,376.0,4,918.0
7.0,10.0,40.0,47.0,234.0,591.0,4,918.0
7.0,10.0,47.0,234.0,376.0,591.0,4,918.0
7.0,10.0,234.0,376.0,591.0,684.0,4,918.0
7.0,10.0,289.0,376.0,573.0,684.0,4,959.0
7.0,10.0,40.0,47.0,234.0,591.0,4,918.0
7.0,10.0,47.0,234.0,376.0,591.0,4,918.0
7.0,6.0,35.0,125.0,300.0,606.0,4,980.0
7.0,6.0,35.0,125.0,300.0,606.0,4,980.0
7.0,6.0,56.0,275.0,444.0,693.0,4,989.0
7.0,6.0,275.0,444.0,606.0,980.0,4,989.0
7.0,6.0,35.0,125.0,275.0,444.0,4,980.0
7.0,6.0,35.0,125.0,300.0,606.0,4,980.0
7.0,6.0,56.0,125.0,275.0,444.0,4,989.0
7.0,6.0,35.0,125.0,275.0,606.0,4,980.0
7.0,25.0,74.0,297.0,603.0,958.0,4,1003.0
7.0,25.0,74.0,356.0,452.0,958.0,4,1003.0
7.0,25.0,74.0,356.0,421.0,452.0,4,958.0
7.0,25.0,74.0,356.0,421.0,452.0,4,958.0
7.0,25.0,74.0,356.0,421.0,696.0,4,958.0
7.0,25.0,50.0,286.0,603.0,696.0,4,854.0
7.0,16.0,155.0,623.0,674.0,820.0,4,895.0
7.0,16.0,155.0,623.0,674.0,820.0,4,895.0
7.0,16.0,153.0,623.0,702.0,763.0,4,820.0
7.0,16.0,153.0,296.0,702.0,763.0,4,820.0
7.0,16.0,153.0,155.0,623.0,674.0,4,763.0
7.0,16.0,155.0,296.0,623.0,674.0,4,763.0
7.0,16.0,155.0,623.0,702.0,763.0,4,820.0
7.0,16.0,153.0,296.0,702.0,763.0,4,820.0
7.0,16.0,155.0,296.0,623.0,674.0,4,820.0
7.0,0.0,315.0,465.0,634.0,789.0,4,906.0
7.0,0.0,315.0,634.0,721.0,789.0,4,906.0
7.0,0.0,244.0,315.0,634.0,721.0,4,906.0
7.0,0.0,465.0,601.0,634.0,789.0,4,792.0
7.0,0.0,244.0,465.0,601.0,789.0,4,792.0
7.0,0.0,244.0,465.0,601.0,789.0,4,792.0
7.0,0.0,244.0,315.0,465.0,601.0,4,789.0
7.0,0.0,244.0,315.0,465.0,601.0,4,789.0
7.0,0.0,315.0,601.0,634.0,789.0,4,906.0
7.0,0.0,315.0,601.0,634.0,789.0,4,906.0
7.0,0.0,244.0,634.0,721.0,792.0,4,906.0
7.0,0.0,244.0,465.0,721.0,792.0,4,906.0
7.0,34.0,506.0,662.0,685.0,974.0,4,975.0
7.0,34.0,506.0,685.0,747.0,974.0,4,975.0
7.0,34.0,167.0,345.0,685.0,747.0,4,774.0
7.0,34.0,436.0,506.0,685.0,747.0,4,774.0
7.0,34.0,345.0,436.0,685.0,747.0,4,774.0
7.0,34.0,345.0,436.0,685.0,747.0,4,774.0
7.0,34.0,104.0,436.0,506.0,685.0,4,975.0
7.0,34.0,167.0,345.0,436.0,685.0,4,774.0
7.0,17.0,109.0,328.0,354.0,619.0,4,642.0
7.0,17.0,109.0,310.0,328.0,354.0,4,642.0
7.0,17.0,109.0,137.0,310.0,587.0,4,764.0
7.0,17.0,109.0,137.0,310.0,587.0,4,764.0
7.0,17.0,109.0,137.0,310.0,587.0,4,764.0
7.0,2.0,36.0,45.0,493.0,790.0,4,900.0
7.0,2.0,36.0,45.0,493.0,728.0,4,900.0
7.0,2.0,17.0,36.0,45.0,455.0,4,728.0
7.0,2.0,17.0,36.0,45.0,455.0,4,728.0
7.0,2.0,17.0,36.0,455.0,728.0,4,790.0
7.0,2.0,493.0,577.0,728.0,790.0,4,900.0
7.0,2.0,455.0,493.0,577.0,728.0,4,790.0
7.0,2.0,17.0,493.0,577.0,728.0,4,900.0
7.0,2.0,17.0,36.0,455.0,493.0,4,728.0
7.0,2.0,36.0,493.0,728.0,790.0,4,900.0
7.0,10.0,40.0,47.0,234.0,591.0,4,918.0
7.0,10.0,47.0,234.0,376.0,591.0,4,918.0
7.0,10.0,40.0,47.0,234.0,591.0,4,918.0
7.0,10.0,40.0,47.0,234.0,591.0,4,918.0
7.0,10.0,40.0,47.0,234.0,591.0,4,918.0
7.0,10.0,234.0,376.0,591.0,684.0,4,918.0
7.0,10.0,40.0,289.0,376.0,591.0,4,684.0
7.0,10.0,40.0,289.0,376.0,684.0,4,918.0
7.0,10.0,47.0,289.0,376.0,591.0,4,918.0
7.0,22.0,16.0,58.0,117.0,320.0,4,369.0
7.0,22.0,26.0,58.0,117.0,320.0,4,990.0
7.0,22.0,16.0,26.0,77.0,222.0,4,990.0
7.0,22.0,16.0,77.0,222.0,466.0,4,990.0
7.0,22.0,16.0,58.0,222.0,320.0,4,990.0
7.0,22.0,16.0,58.0,77.0,222.0,4,990.0
7.0,22.0,58.0,117.0,222.0,466.0,4,990.0
7.0,10.0,40.0,47.0,234.0,591.0,4,918.0
7.0,10.0,40.0,47.0,234.0,591.0,4,918.0
7.0,10.0,40.0,47.0,234.0,591.0,4,918.0
7.0,10.0,47.0,234.0,376.0,591.0,4,918.0
7.0,10.0,234.0,289.0,376.0,591.0,4,918.0
7.0,10.0,289.0,376.0,517.0,684.0,4,918.0
7.0,10.0,40.0,47.0,234.0,591.0,4,918.0
7.0,10.0,40.0,234.0,289.0,591.0,4,918.0
7.0,10.0,40.0,47.0,234.0,591.0,4,918.0
7.0,10.0,47.0,234.0,376.0,517.0,4,918.0
7.0,10.0,289.0,376.0,517.0,684.0,4,918.0
7.0,10.0,289.0,376.0,517.0,591.0,4,684.0
7.0,10.0,289.0,376.0,517.0,591.0,4,684.0
7.0,10.0,40.0,47.0,234.0,591.0,4,918.0
7.0,10.0,40.0,47.0,234.0,591.0,4,918.0
7.0,10.0,40.0,289.0,376.0,591.0,4,918.0
7.0,10.0,234.0,376.0,517.0,591.0,4,684.0
7.0,10.0,40.0,47.0,234.0,591.0,4,918.0
7.0,33.0,21.0,271.0,361.0,470.0,4,861.0
7.0,33.0,21.0,111.0,271.0,318.0,4,470.0
7.0,33.0,21.0,271.0,318.0,361.0,4,470.0
7.0,33.0,21.0,271.0,318.0,361.0,4,829.0
7.0,33.0,21.0,318.0,361.0,829.0,4,976.0
7.0,33.0,21.0,111.0,271.0,361.0,4,861.0
7.0,33.0,21.0,111.0,271.0,652.0,4,861.0
7.0,33.0,21.0,318.0,361.0,829.0,4,976.0
7.0,10.0,40.0,376.0,477.0,591.0,4,918.0
7.0,10.0,47.0,234.0,517.0,591.0,4,918.0
7.0,10.0,40.0,47.0,234.0,517.0,4,591.0
7.0,10.0,289.0,376.0,573.0,658.0,4,684.0
7.0,10.0,40.0,376.0,591.0,684.0,4,918.0
7.0,10.0,40.0,376.0,591.0,684.0,4,918.0
7.0,10.0,40.0,289.0,376.0,517.0,4,684.0
7.0,10.0,40.0,376.0,517.0,591.0,4,684.0
7.0,10.0,40.0,517.0,591.0,684.0,4,918.0
7.0,10.0,40.0,289.0,376.0,591.0,4,918.0
7.0,10.0,40.0,289.0,376.0,591.0,4,918.0
7.0,10.0,40.0,289.0,376.0,591.0,4,918.0
7.0,10.0,40.0,289.0,376.0,591.0,4,918.0
7.0,10.0,40.0,289.0,477.0,591.0,4,918.0
7.0,10.0,40.0,376.0,477.0,517.0,4,918.0
7.0,10.0,289.0,376.0,517.0,591.0,4,918.0
7.0,10.0,40.0,376.0,477.0,591.0,4,918.0
7.0,10.0,40.0,289.0,376.0,477.0,4,918.0
7.0,10.0,40.0,234.0,289.0,591.0,4,918.0
7.0,10.0,40.0,289.0,376.0,684.0,4,918.0
7.0,10.0,40.0,376.0,517.0,684.0,4,918.0
7.0,10.0,234.0,376.0,517.0,591.0,4,684.0
7.0,10.0,234.0,376.0,517.0,591.0,4,684.0
7.0,10.0,234.0,517.0,591.0,684.0,4,918.0
7.0,10.0,40.0,234.0,376.0,684.0,4,918.0
7.0,10.0,40.0,234.0,289.0,591.0,4,918.0
7.0,10.0,40.0,234.0,289.0,591.0,4,918.0
7.0,10.0,40.0,234.0,376.0,517.0,4,684.0
7.0,10.0,376.0,517.0,573.0,658.0,4,684.0
7.0,10.0,517.0,573.0,658.0,684.0,4,765.0
7.0,10.0,289.0,517.0,573.0,658.0,4,765.0
7.0,10.0,40.0,234.0,289.0,376.0,4,918.0
7.0,10.0,40.0,289.0,376.0,684.0,4,918.0
7.0,10.0,234.0,376.0,517.0,684.0,4,918.0
7.0,10.0,40.0,234.0,376.0,517.0,4,918.0
7.0,10.0,40.0,234.0,289.0,591.0,4,918.0
7.0,10.0,40.0,234.0,376.0,591.0,4,918.0
7.0,10.0,40.0,234.0,376.0,591.0,4,918.0
7.0,10.0,40.0,234.0,376.0,517.0,4,918.0
7.0,10.0,289.0,376.0,517.0,591.0,4,918.0
7.0,10.0,40.0,234.0,289.0,591.0,4,918.0
7.0,10.0,40.0,234.0,376.0,591.0,4,918.0
7.0,29.0,132.0,392.0,456.0,860.0,4,971.0
7.0,29.0,260.0,392.0,799.0,860.0,4,971.0
7.0,29.0,132.0,260.0,485.0,799.0,4,971.0
7.0,29.0,132.0,260.0,392.0,821.0,4,860.0
7.0,29.0,392.0,799.0,821.0,860.0,4,971.0
7.0,29.0,83.0,132.0,392.0,456.0,4,860.0
7.0,29.0,83.0,132.0,392.0,799.0,4,860.0
7.0,29.0,392.0,456.0,799.0,860.0,4,971.0
7.0,29.0,260.0,392.0,456.0,799.0,4,971.0
7.0,10.0,40.0,289.0,477.0,591.0,4,918.0
7.0,10.0,40.0,376.0,517.0,684.0,4,922.0
7.0,10.0,40.0,376.0,517.0,684.0,4,922.0
7.0,10.0,289.0,376.0,517.0,591.0,4,918.0
7.0,10.0,40.0,289.0,477.0,591.0,4,918.0
7.0,10.0,40.0,289.0,376.0,517.0,4,922.0
7.0,10.0,40.0,289.0,376.0,517.0,4,922.0
7.0,9.0,39.0,108.0,366.0,535.0,4,604.0
7.0,9.0,39.0,108.0,366.0,535.0,4,845.0
7.0,9.0,39.0,535.0,604.0,845.0,4,1019.0
7.0,9.0,39.0,510.0,604.0,845.0,4,1019.0
7.0,9.0,39.0,510.0,604.0,845.0,4,1019.0
7.0,9.0,108.0,366.0,535.0,574.0,4,604.0
7.0,9.0,39.0,108.0,366.0,535.0,4,604.0
7.0,9.0,108.0,366.0,535.0,604.0,4,845.0
7.0,9.0,39.0,510.0,604.0,845.0,4,1019.0
7.0,9.0,108.0,366.0,535.0,604.0,4,1019.0
7.0,4.0,134.0,486.0,487.0,589.0,4,715.0
7.0,4.0,134.0,194.0,486.0,936.0,4,964.0
7.0,4.0,194.0,715.0,743.0,936.0,4,964.0
7.0,4.0,194.0,487.0,715.0,936.0,4,964.0
7.0,4.0,487.0,589.0,715.0,936.0,4,964.0
7.0,4.0,134.0,486.0,589.0,715.0,4,936.0
7.0,4.0,134.0,486.0,487.0,589.0,4,715.0
7.0,4.0,134.0,486.0,487.0,589.0,4,715.0
7.0,4.0,194.0,486.0,487.0,715.0,4,936.0
7.0,4.0,194.0,486.0,487.0,715.0,4,936.0
7.0,4.0,194.0,486.0,487.0,715.0,4,936.0
7.0,4.0,194.0,486.0,487.0,715.0,4,936.0
7.0,4.0,194.0,327.0,743.0,964.0,4,966.0
7.0,23.0,136.0,400.0,822.0,955.0,4,994.0
7.0,23.0,475.0,778.0,897.0,955.0,4,994.0
7.0,23.0,300.0,778.0,897.0,955.0,4,994.0
7.0,23.0,136.0,400.0,778.0,822.0,4,994.0
7.0,23.0,136.0,822.0,897.0,955.0,4,994.0
7.0,23.0,300.0,475.0,897.0,955.0,4,967.0
7.0,23.0,300.0,475.0,897.0,955.0,4,967.0
7.0,23.0,136.0,400.0,955.0,967.0,4,994.0
7.0,32.0,34.0,241.0,511.0,602.0,4,613.0
7.0,32.0,34.0,241.0,370.0,511.0,4,613.0
7.0,32.0,241.0,370.0,505.0,784.0,4,986.0
7.0,32.0,34.0,241.0,511.0,602.0,4,613.0
7.0,32.0,34.0,241.0,511.0,602.0,4,613.0
7.0,32.0,241.0,511.0,602.0,613.0,4,784.0
7.0,32.0,241.0,370.0,505.0,784.0,4,986.0
7.0,32.0,34.0,241.0,370.0,602.0,4,784.0
7.0,32.0,34.0,241.0,505.0,602.0,4,784.0
7.0,12.0,237.0,333.0,350.0,386.0,4,788.0
7.0,12.0,126.0,333.0,386.0,611.0,4,638.0
7.0,12.0,126.0,333.0,386.0,611.0,4,638.0
7.0,12.0,237.0,350.0,611.0,788.0,4,856.0
7.0,12.0,237.0,350.0,611.0,788.0,4,856.0
7.0,12.0,237.0,350.0,611.0,788.0,4,856.0
7.0,1.0,106.0,160.0,442.0,463.0,4,795.0
7.0,1.0,154.0,160.0,565.0,595.0,4,808.0
7.0,1.0,154.0,160.0,565.0,595.0,4,808.0
7.0,1.0,154.0,160.0,495.0,565.0,4,795.0
7.0,10.0,40.0,47.0,234.0,591.0,4,918.0
7.0,10.0,40.0,234.0,477.0,918.0,4,922.0
7.0,10.0,40.0,47.0,234.0,376.0,4,918.0
7.0,10.0,40.0,234.0,289.0,376.0,4,918.0
7.0,10.0,40.0,47.0,289.0,918.0,4,922.0
7.0,10.0,40.0,289.0,477.0,517.0,4,922.0
7.0,10.0,40.0,289.0,477.0,517.0,4,922.0
7.0,10.0,40.0,47.0,234.0,376.0,4,918.0
7.0,10.0,40.0,47.0,234.0,376.0,4,918.0
7.0,10.0,40.0,47.0,234.0,376.0,4,918.0
7.0,10.0,40.0,47.0,234.0,376.0,4,918.0
7.0,10.0,40.0,289.0,376.0,477.0,4,922.0
7.0,10.0,47.0,234.0,289.0,376.0,4,918.0
7.0,10.0,40.0,47.0,289.0,376.0,4,918.0
7.0,10.0,40.0,47.0,289.0,376.0,4,918.0
7.0,10.0,234.0,289.0,376.0,591.0,4,918.0
7.0,10.0,234.0,376.0,517.0,684.0,4,922.0
7.0,10.0,289.0,517.0,591.0,684.0,4,922.0
7.0,10.0,234.0,289.0,591.0,918.0,4,922.0
7.0,10.0,234.0,289.0,376.0,591.0,4,918.0
7.0,10.0,234.0,289.0,376.0,591.0,4,918.0
7.0,10.0,234.0,289.0,591.0,918.0,4,922.0
7.0,10.0,289.0,517.0,684.0,918.0,4,922.0
7.0,10.0,234.0,376.0,517.0,684.0,4,922.0
7.0,10.0,47.0,234.0,376.0,591.0,4,918.0
7.0,10.0,234.0,289.0,591.0,918.0,4,922.0
7.0,10.0,234.0,289.0,517.0,591.0,4,922.0
7.0,10.0,289.0,517.0,591.0,684.0,4,922.0
7.0,10.0,47.0,234.0,289.0,918.0,4,922.0
7.0,10.0,47.0,234.0,376.0,591.0,4,918.0
7.0,10.0,234.0,289.0,376.0,591.0,4,918.0
7.0,10.0,234.0,289.0,591.0,918.0,4,922.0
7.0,10.0,47.0,234.0,517.0,591.0,4,922.0
7.0,10.0,234.0,289.0,376.0,591.0,4,918.0
7.0,10.0,40.0,47.0,591.0,684.0,4,918.0
7.0,10.0,376.0,477.0,591.0,684.0,4,918.0
7.0,10.0,40.0,289.0,591.0,684.0,4,918.0
7.0,10.0,40.0,289.0,591.0,684.0,4,918.0
7.0,10.0,289.0,376.0,477.0,591.0,4,922.0
7.0,10.0,40.0,289.0,477.0,591.0,4,918.0
7.0,10.0,40.0,477.0,591.0,684.0,4,918.0
7.0,10.0,40.0,289.0,591.0,684.0,4,918.0
7.0,10.0,40.0,376.0,477.0,684.0,4,918.0
7.0,10.0,289.0,376.0,477.0,918.0,4,922.0
7.0,10.0,376.0,477.0,591.0,918.0,4,922.0
7.0,10.0,40.0,289.0,591.0,918.0,4,922.0
7.0,10.0,40.0,289.0,477.0,591.0,4,918.0
7.0,10.0,40.0,289.0,477.0,591.0,4,918.0
7.0,10.0,40.0,289.0,477.0,591.0,4,918.0
7.0,10.0,289.0,376.0,684.0,918.0,4,922.0
7.0,10.0,289.0,376.0,517.0,684.0,4,922.0
7.0,10.0,376.0,477.0,517.0,684.0,4,922.0
7.0,10.0,376.0,477.0,517.0,684.0,4,922.0
7.0,10.0,376.0,477.0,684.0,918.0,4,922.0
7.0,10.0,40.0,289.0,376.0,591.0,4,918.0
7.0,10.0,40.0,289.0,477.0,591.0,4,918.0
7.0,10.0,289.0,376.0,517.0,684.0,4,922.0
7.0,10.0,289.0,376.0,517.0,684.0,4,922.0
7.0,10.0,40.0,47.0,289.0,591.0,4,918.0
7.0,10.0,40.0,47.0,289.0,591.0,4,918.0
7.0,10.0,376.0,477.0,517.0,684.0,4,922.0
7.0,10.0,47.0,376.0,517.0,591.0,4,922.0
7.0,10.0,40.0,47.0,289.0,591.0,4,918.0
7.0,10.0,40.0,47.0,289.0,591.0,4,918.0
7.0,10.0,40.0,47.0,289.0,591.0,4,918.0
7.0,10.0,40.0,47.0,289.0,591.0,4,918.0
7.0,10.0,40.0,289.0,477.0,591.0,4,918.0
7.0,10.0,376.0,477.0,591.0,918.0,4,922.0
7.0,10.0,376.0,477.0,591.0,918.0,4,922.0
7.0,10.0,376.0,383.0,517.0,684.0,4,922.0
7.0,14.0,488.0,569.0,753.0,840.0,4,868.0
7.0,14.0,488.0,518.0,520.0,753.0,4,840.0
7.0,14.0,488.0,518.0,520.0,753.0,4,840.0
7.0,14.0,488.0,518.0,520.0,753.0,4,868.0
7.0,14.0,518.0,520.0,753.0,868.0,4,1015.0
7.0,14.0,786.0,903.0,922.0,924.0,4,1028.0
7.0,14.0,161.0,753.0,786.0,922.0,4,924.0
7.0,14.0,161.0,488.0,518.0,753.0,4,1015.0
7.0,14.0,488.0,518.0,520.0,753.0,4,1015.0
7.0,14.0,488.0,518.0,520.0,753.0,4,1015.0
7.0,14.0,786.0,903.0,922.0,924.0,4,1028.0
7.0,14.0,786.0,922.0,924.0,1015.0,4,1028.0
7.0,14.0,161.0,518.0,922.0,1015.0,4,1028.0
7.0,14.0,161.0,518.0,922.0,1015.0,4,1028.0
7.0,14.0,161.0,488.0,518.0,753.0,4,1015.0
7.0,14.0,520.0,903.0,922.0,924.0,4,1028.0
7.0,22.0,16.0,58.0,320.0,454.0,4,536.0
7.0,22.0,58.0,320.0,454.0,536.0,4,990.0
7.0,22.0,58.0,320.0,454.0,536.0,4,990.0
7.0,22.0,60.0,117.0,369.0,612.0,4,990.0
7.0,22.0,16.0,58.0,320.0,454.0,4,536.0
7.0,22.0,58.0,320.0,454.0,536.0,4,990.0
7.0,22.0,60.0,117.0,369.0,612.0,4,990.0
7.0,22.0,60.0,369.0,536.0,612.0,4,990.0
7.0,22.0,58.0,60.0,369.0,536.0,4,990.0
7.0,22.0,58.0,60.0,454.0,536.0,4,990.0
7.0,22.0,58.0,320.0,454.0,536.0,4,990.0
7.0,14.0,161.0,488.0,753.0,786.0,4,922.0
7.0,14.0,161.0,518.0,753.0,903.0,4,1028.0
7.0,14.0,161.0,518.0,753.0,903.0,4,1028.0
7.0,14.0,161.0,518.0,753.0,903.0,4,1028.0
7.0,14.0,518.0,520.0,753.0,786.0,4,1028.0
7.0,14.0,520.0,753.0,786.0,922.0,4,1028.0
7.0,14.0,488.0,520.0,786.0,922.0,4,1015.0
7.0,14.0,488.0,520.0,786.0,922.0,4,1015.0
7.0,14.0,488.0,520.0,786.0,922.0,4,1015.0
7.0,14.0,161.0,488.0,753.0,786.0,4,922.0
7.0,14.0,161.0,488.0,753.0,786.0,4,922.0
7.0,14.0,161.0,518.0,753.0,903.0,4,1028.0
7.0,14.0,161.0,518.0,520.0,753.0,4,1028.0
7.0,14.0,161.0,488.0,520.0,922.0,4,1028.0
7.0,14.0,488.0,520.0,840.0,922.0,4,1028.0
7.0,14.0,312.0,518.0,840.0,868.0,4,1028.0
7.0,14.0,161.0,488.0,786.0,922.0,4,1015.0
7.0,14.0,161.0,518.0,753.0,903.0,4,1028.0
7.0,14.0,488.0,518.0,520.0,753.0,4,903.0
7.0,14.0,488.0,518.0,520.0,753.0,4,786.0
7.0,14.0,488.0,520.0,753.0,786.0,4,922.0
7.0,14.0,488.0,520.0,753.0,786.0,4,922.0
7.0,14.0,488.0,753.0,786.0,903.0,4,922.0
7.0,14.0,161.0,488.0,520.0,753.0,4,922.0
7.0,14.0,161.0,488.0,518.0,753.0,4,903.0
7.0,14.0,488.0,753.0,786.0,903.0,4,922.0
7.0,14.0,488.0,520.0,786.0,922.0,4,1015.0
7.0,14.0,518.0,520.0,753.0,903.0,4,1028.0
7.0,14.0,518.0,520.0,753.0,903.0,4,1028.0
7.0,14.0,488.0,520.0,786.0,922.0,4,1015.0
7.0,14.0,488.0,520.0,786.0,922.0,4,1015.0
7.0,14.0,753.0,786.0,903.0,922.0,4,1028.0
7.0,14.0,518.0,753.0,786.0,903.0,4,1028.0
7.0,14.0,518.0,520.0,753.0,903.0,4,1028.0
7.0,14.0,753.0,786.0,903.0,922.0,4,1028.0
7.0,14.0,488.0,520.0,753.0,786.0,4,922.0
7.0,14.0,488.0,753.0,786.0,903.0,4,922.0
7.0,14.0,518.0,753.0,786.0,903.0,4,1028.0
7.0,14.0,518.0,520.0,753.0,903.0,4,1028.0
7.0,14.0,488.0,520.0,786.0,922.0,4,1015.0
7.0,14.0,488.0,786.0,903.0,922.0,4,1015.0
7.0,14.0,488.0,786.0,903.0,922.0,4,1015.0
7.0,14.0,488.0,518.0,753.0,786.0,4,903.0
7.0,14.0,518.0,753.0,786.0,903.0,4,1028.0
7.0,14.0,518.0,520.0,753.0,903.0,4,1028.0
7.0,14.0,518.0,520.0,753.0,903.0,4,1028.0
7.0,14.0,753.0,786.0,903.0,922.0,4,1028.0
7.0,34.0,506.0,662.0,685.0,747.0,4,974.0
7.0,34.0,321.0,345.0,436.0,662.0,4,685.0
7.0,34.0,506.0,662.0,685.0,747.0,4,974.0
7.0,34.0,506.0,662.0,685.0,747.0,4,974.0
7.0,34.0,345.0,506.0,662.0,685.0,4,747.0
7.0,34.0,345.0,506.0,662.0,685.0,4,747.0
7.0,34.0,321.0,345.0,436.0,662.0,4,685.0
7.0,34.0,321.0,345.0,436.0,662.0,4,685.0
7.0,2.0,17.0,493.0,687.0,728.0,4,900.0
7.0,2.0,17.0,36.0,577.0,790.0,4,900.0
7.0,2.0,17.0,36.0,493.0,687.0,4,900.0
7.0,2.0,36.0,493.0,577.0,790.0,4,900.0
7.0,2.0,36.0,493.0,687.0,790.0,4,900.0
7.0,2.0,36.0,493.0,577.0,790.0,4,993.0
7.0,2.0,17.0,36.0,687.0,790.0,4,993.0
7.0,2.0,17.0,493.0,687.0,728.0,4,790.0
7.0,2.0,17.0,493.0,577.0,728.0,4,790.0
7.0,9.0,39.0,108.0,366.0,535.0,4,574.0
7.0,9.0,108.0,366.0,535.0,604.0,4,845.0
7.0,9.0,108.0,529.0,535.0,604.0,4,845.0
7.0,9.0,39.0,108.0,149.0,604.0,4,845.0
7.0,9.0,39.0,108.0,366.0,535.0,4,845.0
7.0,9.0,108.0,366.0,535.0,574.0,4,604.0
7.0,9.0,39.0,108.0,366.0,535.0,4,574.0
7.0,9.0,108.0,366.0,535.0,604.0,4,845.0
7.0,9.0,108.0,529.0,535.0,604.0,4,845.0
7.0,9.0,108.0,366.0,535.0,604.0,4,845.0
7.0,29.0,83.0,242.0,370.0,456.0,4,505.0
7.0,29.0,83.0,173.0,392.0,505.0,4,784.0
7.0,29.0,173.0,392.0,505.0,670.0,4,784.0
7.0,29.0,242.0,392.0,505.0,670.0,4,784.0
7.0,29.0,242.0,260.0,392.0,456.0,4,670.0
7.0,29.0,83.0,260.0,392.0,456.0,4,784.0
7.0,29.0,83.0,242.0,260.0,370.0,4,456.0
7.0,29.0,83.0,173.0,260.0,370.0,4,456.0
7.0,29.0,83.0,173.0,370.0,505.0,4,784.0
7.0,29.0,242.0,392.0,505.0,670.0,4,784.0
7.0,29.0,242.0,392.0,505.0,670.0,4,784.0
7.0,14.0,592.0,786.0,903.0,922.0,4,1015.0
7.0,14.0,488.0,753.0,786.0,903.0,4,922.0
7.0,14.0,488.0,520.0,753.0,903.0,4,1028.0
7.0,14.0,488.0,753.0,786.0,1015.0,4,1028.0
7.0,14.0,592.0,753.0,786.0,922.0,4,1015.0
7.0,14.0,488.0,592.0,786.0,922.0,4,1015.0
7.0,14.0,488.0,592.0,786.0,903.0,4,922.0
7.0,14.0,488.0,592.0,786.0,903.0,4,922.0
7.0,14.0,488.0,753.0,840.0,903.0,4,922.0
7.0,14.0,488.0,520.0,753.0,1015.0,4,1028.0
7.0,0.0,315.0,601.0,634.0,721.0,4,906.0
7.0,0.0,13.0,244.0,315.0,465.0,4,601.0
7.0,0.0,13.0,244.0,465.0,601.0,4,789.0
7.0,0.0,13.0,244.0,465.0,601.0,4,789.0
7.0,0.0,315.0,601.0,634.0,789.0,4,906.0
7.0,0.0,315.0,465.0,634.0,721.0,4,906.0
7.0,0.0,13.0,465.0,634.0,721.0,4,906.0
7.0,0.0,13.0,244.0,465.0,634.0,4,789.0
7.0,0.0,13.0,244.0,465.0,601.0,4,789.0
7.0,15.0,302.0,415.0,509.0,719.0,4,749.0
7.0,15.0,302.0,415.0,509.0,719.0,4,749.0
7.0,15.0,302.0,415.0,509.0,719.0,4,749.0
7.0,15.0,509.0,719.0,749.0,960.0,4,1036.0
7.0,15.0,509.0,719.0,749.0,960.0,4,1036.0
7.0,15.0,415.0,484.0,509.0,960.0,4,1036.0
7.0,15.0,415.0,509.0,749.0,960.0,4,1036.0
7.0,15.0,302.0,484.0,719.0,960.0,4,1036.0
7.0,14.0,488.0,518.0,786.0,903.0,4,1015.0
7.0,14.0,488.0,520.0,753.0,786.0,4,1028.0
7.0,14.0,518.0,520.0,753.0,868.0,4,1028.0
7.0,14.0,488.0,518.0,753.0,786.0,4,1015.0
7.0,14.0,488.0,518.0,753.0,786.0,4,1015.0
7.0,14.0,488.0,518.0,786.0,903.0,4,1015.0
7.0,14.0,488.0,518.0,753.0,786.0,4,1015.0
7.0,33.0,21.0,258.0,361.0,686.0,4,976.0
7.0,33.0,21.0,318.0,361.0,504.0,4,686.0
7.0,33.0,258.0,361.0,470.0,829.0,4,976.0
7.0,33.0,258.0,361.0,686.0,829.0,4,976.0
7.0,33.0,21.0,258.0,361.0,686.0,4,976.0
7.0,33.0,21.0,258.0,361.0,686.0,4,976.0
7.0,33.0,258.0,361.0,686.0,829.0,4,976.0
7.0,33.0,21.0,318.0,470.0,504.0,4,829.0
7.0,33.0,21.0,318.0,470.0,829.0,4,976.0
7.0,14.0,488.0,518.0,520.0,903.0,4,1015.0
7.0,14.0,161.0,488.0,753.0,1015.0,4,1028.0
7.0,14.0,488.0,518.0,753.0,840.0,4,903.0
7.0,14.0,488.0,518.0,520.0,753.0,4,903.0
7.0,14.0,488.0,518.0,520.0,753.0,4,903.0
7.0,14.0,520.0,569.0,753.0,903.0,4,1015.0
7.0,14.0,488.0,518.0,520.0,903.0,4,1015.0
7.0,14.0,518.0,520.0,569.0,753.0,4,868.0
7.0,14.0,518.0,520.0,569.0,753.0,4,868.0
7.0,14.0,569.0,753.0,840.0,868.0,4,903.0
7.0,14.0,569.0,753.0,840.0,868.0,4,903.0
7.0,14.0,569.0,753.0,840.0,868.0,4,903.0
7.0,14.0,488.0,518.0,520.0,753.0,4,786.0
7.0,14.0,488.0,520.0,569.0,753.0,4,868.0
7.0,14.0,569.0,753.0,840.0,868.0,4,903.0
7.0,14.0,488.0,569.0,753.0,786.0,4,903.0
7.0,14.0,488.0,518.0,753.0,786.0,4,868.0
7.0,14.0,488.0,518.0,753.0,786.0,4,868.0
7.0,14.0,520.0,569.0,753.0,868.0,4,903.0
7.0,14.0,488.0,569.0,753.0,786.0,4,903.0
7.0,14.0,488.0,569.0,753.0,786.0,4,903.0
7.0,14.0,488.0,569.0,753.0,786.0,4,840.0
7.0,14.0,488.0,569.0,753.0,786.0,4,840.0
7.0,14.0,569.0,786.0,840.0,868.0,4,1015.0
7.0,14.0,488.0,520.0,753.0,903.0,4,1015.0
7.0,14.0,488.0,569.0,753.0,786.0,4,840.0
7.0,14.0,569.0,786.0,868.0,903.0,4,1015.0
7.0,14.0,488.0,520.0,868.0,903.0,4,1015.0
7.0,14.0,488.0,569.0,753.0,786.0,4,840.0
7.0,14.0,520.0,569.0,753.0,786.0,4,1015.0
7.0,14.0,161.0,488.0,520.0,753.0,4,868.0
7.0,14.0,161.0,488.0,520.0,753.0,4,868.0
7.0,14.0,488.0,520.0,753.0,786.0,4,1015.0
7.0,14.0,488.0,569.0,753.0,786.0,4,1015.0
7.0,14.0,488.0,569.0,753.0,786.0,4,1015.0
7.0,14.0,488.0,520.0,569.0,786.0,4,1015.0
7.0,14.0,488.0,520.0,753.0,786.0,4,1015.0
7.0,14.0,161.0,488.0,753.0,868.0,4,1015.0
7.0,14.0,161.0,569.0,753.0,868.0,4,1015.0
7.0,14.0,488.0,520.0,569.0,753.0,4,786.0
7.0,1.0,78.0,442.0,463.0,595.0,4,808.0
7.0,1.0,106.0,353.0,484.0,565.0,4,795.0
7.0,1.0,353.0,442.0,484.0,565.0,4,795.0
7.0,1.0,353.0,442.0,463.0,565.0,4,808.0
7.0,1.0,353.0,442.0,463.0,565.0,4,808.0
7.0,1.0,78.0,106.0,463.0,565.0,4,795.0
7.0,1.0,353.0,442.0,484.0,565.0,4,795.0
7.0,1.0,353.0,442.0,463.0,565.0,4,795.0
7.0,1.0,353.0,442.0,463.0,565.0,4,795.0
7.0,32.0,34.0,241.0,602.0,784.0,4,944.0
7.0,32.0,34.0,370.0,602.0,784.0,4,944.0
7.0,32.0,173.0,370.0,602.0,784.0,4,944.0
7.0,32.0,173.0,241.0,370.0,542.0,4,784.0
7.0,32.0,173.0,241.0,370.0,542.0,4,784.0
7.0,32.0,173.0,241.0,370.0,542.0,4,784.0
7.0,32.0,34.0,241.0,602.0,784.0,4,944.0
7.0,32.0,34.0,241.0,511.0,602.0,4,944.0
7.0,32.0,34.0,241.0,370.0,542.0,4,784.0
7.0,32.0,34.0,173.0,241.0,602.0,4,944.0
7.0,32.0,173.0,241.0,602.0,784.0,4,944.0
7.0,4.0,134.0,486.0,487.0,589.0,4,715.0
7.0,4.0,134.0,486.0,487.0,589.0,4,715.0
7.0,4.0,134.0,486.0,487.0,589.0,4,715.0
7.0,4.0,194.0,487.0,589.0,936.0,4,964.0
7.0,4.0,194.0,487.0,589.0,936.0,4,964.0
7.0,4.0,134.0,486.0,487.0,589.0,4,715.0
7.0,4.0,134.0,486.0,487.0,589.0,4,715.0
7.0,4.0,134.0,194.0,486.0,487.0,4,715.0
7.0,4.0,194.0,486.0,487.0,936.0,4,964.0
7.0,4.0,194.0,486.0,487.0,715.0,4,936.0
7.0,4.0,194.0,486.0,487.0,936.0,4,964.0
7.0,16.0,155.0,623.0,674.0,820.0,4,895.0
7.0,16.0,367.0,674.0,702.0,763.0,4,814.0
7.0,16.0,153.0,155.0,623.0,674.0,4,763.0
7.0,16.0,153.0,155.0,623.0,674.0,4,820.0
7.0,16.0,155.0,623.0,674.0,820.0,4,895.0
7.0,16.0,367.0,623.0,702.0,763.0,4,847.0
7.0,16.0,155.0,674.0,702.0,763.0,4,814.0
7.0,16.0,153.0,155.0,623.0,674.0,4,820.0
7.0,25.0,74.0,297.0,421.0,603.0,4,958.0
7.0,25.0,286.0,603.0,696.0,958.0,4,1003.0
7.0,25.0,74.0,356.0,421.0,696.0,4,958.0
7.0,25.0,74.0,356.0,421.0,958.0,4,1003.0
7.0,25.0,74.0,297.0,356.0,421.0,4,603.0
7.0,23.0,136.0,388.0,778.0,822.0,4,994.0
7.0,23.0,136.0,180.0,388.0,400.0,4,822.0
7.0,23.0,136.0,180.0,400.0,822.0,4,955.0
7.0,23.0,136.0,388.0,400.0,822.0,4,994.0
7.0,23.0,136.0,400.0,822.0,955.0,4,994.0
7.0,23.0,136.0,400.0,778.0,955.0,4,994.0
7.0,23.0,136.0,400.0,475.0,778.0,4,955.0
7.0,23.0,136.0,400.0,822.0,955.0,4,994.0
7.0,14.0,520.0,569.0,656.0,753.0,4,840.0
7.0,14.0,488.0,520.0,656.0,753.0,4,840.0
7.0,14.0,488.0,520.0,656.0,753.0,4,840.0
7.0,14.0,520.0,569.0,753.0,786.0,4,1015.0
7.0,14.0,569.0,753.0,786.0,868.0,4,1015.0
7.0,14.0,488.0,656.0,753.0,840.0,4,868.0
7.0,14.0,488.0,569.0,786.0,868.0,4,1015.0
7.0,14.0,569.0,753.0,786.0,868.0,4,1015.0
7.0,14.0,569.0,753.0,786.0,868.0,4,1015.0
7.0,14.0,488.0,569.0,753.0,786.0,4,868.0
7.0,14.0,569.0,656.0,753.0,840.0,4,868.0
7.0,14.0,569.0,656.0,753.0,840.0,4,868.0
7.0,14.0,488.0,656.0,753.0,786.0,4,868.0
7.0,14.0,488.0,569.0,753.0,786.0,4,868.0
7.0,6.0,125.0,300.0,606.0,693.0,4,989.0
7.0,6.0,35.0,125.0,300.0,606.0,4,693.0
7.0,6.0,35.0,125.0,300.0,606.0,4,646.0
7.0,6.0,35.0,56.0,125.0,275.0,4,444.0
7.0,6.0,35.0,56.0,125.0,275.0,4,693.0
7.0,6.0,35.0,56.0,125.0,275.0,4,693.0
7.0,6.0,35.0,125.0,275.0,300.0,4,693.0
7.0,6.0,35.0,56.0,125.0,275.0,4,693.0
7.0,26.0,333.0,422.0,703.0,914.0,4,948.0
7.0,26.0,314.0,384.0,620.0,948.0,4,965.0
7.0,26.0,333.0,384.0,620.0,914.0,4,965.0
7.0,26.0,314.0,384.0,620.0,914.0,4,965.0
7.0,26.0,314.0,384.0,620.0,914.0,4,965.0
7.0,26.0,333.0,422.0,703.0,914.0,4,948.0
7.0,26.0,333.0,422.0,620.0,703.0,4,948.0
7.0,14.0,840.0,903.0,922.0,924.0,4,1015.0
7.0,14.0,161.0,520.0,569.0,868.0,4,1015.0
7.0,14.0,161.0,569.0,903.0,922.0,4,1015.0
7.0,14.0,520.0,569.0,840.0,903.0,4,922.0
7.0,14.0,520.0,569.0,840.0,903.0,4,922.0
7.0,14.0,161.0,520.0,569.0,922.0,4,1015.0
7.0,14.0,161.0,903.0,922.0,924.0,4,1015.0
7.0,14.0,161.0,868.0,903.0,922.0,4,924.0
7.0,14.0,161.0,520.0,569.0,868.0,4,922.0
7.0,14.0,161.0,569.0,903.0,922.0,4,1015.0
7.0,14.0,161.0,569.0,868.0,903.0,4,1015.0
7.0,14.0,161.0,569.0,903.0,922.0,4,1015.0
7.0,14.0,520.0,569.0,868.0,903.0,4,1015.0
7.0,14.0,520.0,840.0,868.0,922.0,4,1015.0
7.0,14.0,161.0,518.0,520.0,573.0,4,658.0
7.0,14.0,161.0,518.0,520.0,573.0,4,658.0
7.0,14.0,488.0,569.0,573.0,786.0,4,1015.0
7.0,14.0,488.0,569.0,573.0,786.0,4,1015.0
7.0,14.0,161.0,518.0,520.0,573.0,4,658.0
7.0,14.0,161.0,518.0,520.0,573.0,4,658.0
7.0,14.0,161.0,518.0,520.0,573.0,4,658.0
7.0,14.0,161.0,518.0,520.0,573.0,4,658.0
7.0,14.0,161.0,518.0,520.0,573.0,4,658.0
7.0,14.0,161.0,518.0,520.0,573.0,4,658.0
7.0,14.0,161.0,518.0,520.0,573.0,4,658.0
7.0,14.0,488.0,518.0,520.0,753.0,4,786.0
7.0,14.0,161.0,518.0,520.0,658.0,4,753.0
7.0,14.0,161.0,520.0,569.0,573.0,4,658.0
7.0,14.0,520.0,569.0,573.0,658.0,4,786.0
7.0,14.0,488.0,569.0,573.0,786.0,4,1015.0
7.0,14.0,161.0,518.0,573.0,753.0,4,1015.0
7.0,14.0,161.0,518.0,520.0,658.0,4,753.0
7.0,14.0,488.0,518.0,520.0,573.0,4,786.0
7.0,14.0,488.0,518.0,520.0,573.0,4,786.0
7.0,12.0,237.0,350.0,611.0,788.0,4,856.0
7.0,12.0,237.0,350.0,611.0,788.0,4,856.0
7.0,12.0,237.0,333.0,350.0,386.0,4,788.0
7.0,12.0,237.0,333.0,350.0,386.0,4,788.0
7.0,12.0,126.0,333.0,611.0,638.0,4,856.0
7.0,12.0,237.0,350.0,611.0,788.0,4,856.0
7.0,12.0,237.0,350.0,611.0,788.0,4,856.0
7.0,12.0,126.0,237.0,333.0,386.0,4,788.0
7.0,12.0,126.0,333.0,386.0,611.0,4,638.0
7.0,15.0,188.0,659.0,714.0,941.0,4,1036.0
7.0,15.0,188.0,426.0,749.0,941.0,4,1036.0
7.0,15.0,426.0,593.0,719.0,749.0,4,960.0
7.0,15.0,426.0,593.0,719.0,749.0,4,960.0
7.0,15.0,659.0,714.0,719.0,960.0,4,1036.0
7.0,15.0,188.0,659.0,714.0,960.0,4,1036.0
7.0,15.0,188.0,659.0,749.0,960.0,4,1036.0
7.0,15.0,188.0,659.0,749.0,941.0,4,1036.0
7.0,15.0,426.0,593.0,719.0,749.0,4,960.0
7.0,14.0,488.0,569.0,573.0,786.0,4,1015.0
7.0,14.0,518.0,573.0,658.0,786.0,4,1015.0
7.0,14.0,488.0,518.0,573.0,786.0,4,1015.0
7.0,14.0,488.0,569.0,573.0,786.0,4,1015.0
7.0,14.0,488.0,518.0,658.0,786.0,4,868.0
7.0,14.0,488.0,518.0,658.0,840.0,4,868.0
7.0,14.0,518.0,658.0,840.0,868.0,4,1015.0
7.0,14.0,518.0,658.0,786.0,868.0,4,1015.0
7.0,14.0,518.0,658.0,786.0,868.0,4,1015.0
7.0,14.0,518.0,573.0,658.0,786.0,4,868.0
7.0,14.0,518.0,573.0,840.0,868.0,4,1028.0
7.0,14.0,518.0,573.0,840.0,868.0,4,1028.0
7.0,14.0,488.0,518.0,840.0,1015.0,4,1028.0
7.0,14.0,488.0,569.0,573.0,786.0,4,1015.0
7.0,14.0,488.0,518.0,573.0,786.0,4,1015.0
7.0,14.0,488.0,518.0,573.0,786.0,4,868.0
7.0,14.0,518.0,573.0,658.0,786.0,4,868.0
7.0,14.0,569.0,573.0,658.0,840.0,4,868.0
7.0,14.0,569.0,658.0,840.0,868.0,4,1028.0
7.0,14.0,488.0,518.0,573.0,786.0,4,1015.0
7.0,14.0,569.0,753.0,786.0,868.0,4,1028.0
7.0,14.0,520.0,753.0,868.0,924.0,4,1028.0
7.0,14.0,488.0,520.0,569.0,786.0,4,1028.0
7.0,14.0,488.0,520.0,569.0,786.0,4,1028.0
7.0,14.0,488.0,520.0,569.0,786.0,4,1028.0
7.0,14.0,488.0,520.0,569.0,786.0,4,1028.0
7.0,14.0,753.0,840.0,868.0,924.0,4,1028.0
7.0,14.0,488.0,753.0,840.0,868.0,4,924.0
7.0,14.0,488.0,520.0,569.0,753.0,4,786.0
7.0,14.0,488.0,520.0,569.0,753.0,4,786.0
7.0,14.0,488.0,569.0,753.0,786.0,4,868.0
7.0,14.0,488.0,520.0,569.0,786.0,4,1015.0
7.0,14.0,488.0,573.0,753.0,840.0,4,868.0
7.0,14.0,488.0,573.0,753.0,840.0,4,868.0
7.0,14.0,488.0,520.0,573.0,753.0,4,868.0
7.0,14.0,488.0,520.0,573.0,753.0,4,786.0
7.0,14.0,488.0,520.0,573.0,753.0,4,786.0
7.0,14.0,488.0,520.0,569.0,786.0,4,1015.0
7.0,14.0,488.0,520.0,569.0,840.0,4,1015.0
7.0,14.0,488.0,573.0,753.0,840.0,4,868.0
7.0,14.0,488.0,520.0,569.0,753.0,4,868.0
7.0,14.0,161.0,520.0,569.0,573.0,4,753.0
7.0,14.0,573.0,753.0,840.0,868.0,4,1028.0
7.0,14.0,573.0,753.0,840.0,868.0,4,1028.0
7.0,14.0,573.0,753.0,840.0,868.0,4,1028.0
7.0,14.0,488.0,573.0,840.0,868.0,4,1028.0
7.0,14.0,161.0,488.0,573.0,868.0,4,1028.0
7.0,14.0,161.0,488.0,569.0,573.0,4,868.0
7.0,14.0,161.0,488.0,520.0,569.0,4,1015.0
7.0,14.0,161.0,488.0,520.0,569.0,4,1015.0
7.0,14.0,161.0,488.0,569.0,868.0,4,1015.0
7.0,14.0,573.0,753.0,840.0,868.0,4,1028.0
7.0,14.0,573.0,753.0,840.0,868.0,4,1028.0
7.0,14.0,488.0,573.0,658.0,840.0,4,868.0
7.0,14.0,569.0,573.0,658.0,840.0,4,868.0
7.0,17.0,109.0,310.0,354.0,502.0,4,587.0
7.0,17.0,109.0,354.0,460.0,502.0,4,809.0
7.0,17.0,109.0,354.0,460.0,809.0,4,1037.0
7.0,17.0,109.0,460.0,587.0,809.0,4,1037.0
7.0,17.0,109.0,460.0,587.0,809.0,4,1037.0
7.0,17.0,109.0,310.0,354.0,502.0,4,587.0
7.0,17.0,109.0,310.0,354.0,502.0,4,809.0
7.0,17.0,109.0,310.0,354.0,502.0,4,809.0
7.0,29.0,83.0,242.0,821.0,824.0,4,860.0
7.0,29.0,83.0,260.0,456.0,821.0,4,860.0
7.0,29.0,83.0,260.0,456.0,821.0,4,971.0
7.0,29.0,260.0,438.0,456.0,860.0,4,971.0
7.0,29.0,260.0,438.0,456.0,860.0,4,971.0
7.0,29.0,83.0,456.0,821.0,860.0,4,971.0
7.0,29.0,83.0,456.0,821.0,860.0,4,971.0
7.0,14.0,488.0,520.0,569.0,868.0,4,1015.0
7.0,14.0,488.0,518.0,520.0,753.0,4,840.0
7.0,14.0,488.0,518.0,753.0,840.0,4,1015.0
7.0,14.0,518.0,753.0,840.0,868.0,4,1015.0
7.0,14.0,488.0,520.0,569.0,753.0,4,1015.0
7.0,14.0,488.0,518.0,520.0,840.0,4,1015.0
7.0,14.0,518.0,569.0,840.0,868.0,4,1015.0
7.0,14.0,518.0,569.0,840.0,868.0,4,1015.0
7.0,14.0,488.0,569.0,840.0,868.0,4,1015.0
7.0,14.0,488.0,569.0,840.0,868.0,4,1015.0
7.0,33.0,21.0,258.0,361.0,470.0,4,976.0
7.0,33.0,21.0,258.0,470.0,829.0,4,976.0
7.0,33.0,21.0,271.0,318.0,470.0,4,829.0
7.0,33.0,271.0,318.0,361.0,470.0,4,829.0
7.0,33.0,271.0,318.0,361.0,470.0,4,829.0
7.0,33.0,21.0,258.0,318.0,361.0,4,976.0
7.0,33.0,21.0,258.0,318.0,829.0,4,976.0
7.0,33.0,271.0,385.0,652.0,861.0,4,976.0
7.0,16.0,155.0,296.0,623.0,674.0,4,996.0
7.0,16.0,155.0,623.0,674.0,820.0,4,895.0
7.0,16.0,153.0,623.0,763.0,820.0,4,895.0
7.0,16.0,153.0,296.0,763.0,820.0,4,895.0
7.0,16.0,155.0,296.0,623.0,763.0,4,996.0
7.0,16.0,155.0,623.0,763.0,820.0,4,996.0
7.0,16.0,153.0,623.0,763.0,820.0,4,895.0
7.0,16.0,153.0,623.0,763.0,820.0,4,895.0
7.0,16.0,155.0,296.0,623.0,674.0,4,895.0
7.0,26.0,333.0,422.0,703.0,914.0,4,948.0
7.0,26.0,333.0,422.0,703.0,914.0,4,948.0
7.0,26.0,422.0,620.0,703.0,948.0,4,965.0
7.0,26.0,422.0,703.0,914.0,948.0,4,965.0
7.0,26.0,214.0,223.0,333.0,620.0,4,965.0
7.0,26.0,214.0,223.0,333.0,620.0,4,965.0
7.0,26.0,333.0,422.0,703.0,914.0,4,948.0
7.0,26.0,333.0,422.0,703.0,914.0,4,948.0
7.0,2.0,120.0,255.0,493.0,577.0,4,790.0
7.0,2.0,17.0,36.0,120.0,790.0,4,900.0
7.0,2.0,17.0,36.0,120.0,790.0,4,900.0
7.0,2.0,17.0,36.0,45.0,455.0,4,900.0
7.0,2.0,120.0,255.0,493.0,577.0,4,790.0
7.0,2.0,36.0,255.0,493.0,577.0,4,790.0
7.0,2.0,36.0,255.0,493.0,790.0,4,824.0
7.0,2.0,36.0,493.0,790.0,824.0,4,900.0
7.0,2.0,36.0,493.0,790.0,824.0,4,900.0
7.0,16.0,155.0,296.0,623.0,674.0,4,996.0
7.0,16.0,155.0,623.0,674.0,820.0,4,996.0
7.0,16.0,155.0,623.0,763.0,820.0,4,996.0
7.0,16.0,153.0,296.0,763.0,820.0,4,895.0
7.0,16.0,153.0,296.0,763.0,820.0,4,895.0
7.0,16.0,155.0,296.0,623.0,674.0,4,820.0
7.0,16.0,155.0,296.0,623.0,674.0,4,996.0
7.0,16.0,155.0,623.0,674.0,820.0,4,895.0
7.0,16.0,153.0,623.0,674.0,820.0,4,895.0
7.0,16.0,153.0,623.0,763.0,820.0,4,895.0
7.0,16.0,155.0,296.0,623.0,763.0,4,820.0
7.0,32.0,34.0,241.0,511.0,602.0,4,860.0
7.0,32.0,194.0,241.0,613.0,860.0,4,986.0
7.0,32.0,194.0,241.0,613.0,944.0,4,986.0
7.0,32.0,34.0,194.0,613.0,944.0,4,986.0
7.0,32.0,511.0,602.0,613.0,860.0,4,944.0
7.0,32.0,34.0,241.0,602.0,613.0,4,860.0
7.0,32.0,241.0,511.0,602.0,860.0,4,944.0
7.0,32.0,241.0,511.0,602.0,860.0,4,944.0
7.0,16.0,155.0,296.0,623.0,674.0,4,895.0
7.0,16.0,153.0,296.0,702.0,763.0,4,895.0
7.0,16.0,155.0,623.0,674.0,702.0,4,895.0
7.0,16.0,155.0,623.0,674.0,702.0,4,895.0
7.0,16.0,155.0,296.0,623.0,674.0,4,895.0
7.0,16.0,155.0,296.0,623.0,674.0,4,895.0
7.0,16.0,153.0,296.0,763.0,814.0,4,820.0
7.0,16.0,153.0,296.0,763.0,814.0,4,820.0
7.0,16.0,155.0,296.0,623.0,674.0,4,895.0
7.0,16.0,155.0,623.0,674.0,814.0,4,895.0
7.0,16.0,153.0,623.0,674.0,814.0,4,895.0
7.0,16.0,153.0,296.0,702.0,763.0,4,814.0
7.0,16.0,153.0,296.0,702.0,763.0,4,814.0
7.0,16.0,153.0,296.0,623.0,763.0,4,847.0
7.0,16.0,155.0,296.0,623.0,674.0,4,895.0
7.0,16.0,155.0,296.0,623.0,674.0,4,895.0
7.0,16.0,155.0,296.0,623.0,674.0,4,895.0
7.0,16.0,155.0,623.0,674.0,814.0,4,895.0
7.0,16.0,153.0,623.0,763.0,814.0,4,895.0
7.0,16.0,153.0,623.0,702.0,763.0,4,814.0
7.0,16.0,153.0,296.0,702.0,763.0,4,814.0
7.0,16.0,155.0,623.0,674.0,814.0,4,820.0
7.0,16.0,153.0,623.0,763.0,814.0,4,820.0
7.0,16.0,623.0,763.0,814.0,820.0,4,996.0
7.0,16.0,155.0,623.0,674.0,814.0,4,820.0
7.0,16.0,155.0,623.0,674.0,763.0,4,895.0
7.0,16.0,155.0,427.0,623.0,674.0,4,895.0
7.0,16.0,153.0,702.0,763.0,814.0,4,820.0
7.0,16.0,153.0,702.0,763.0,814.0,4,820.0
7.0,16.0,495.0,702.0,763.0,814.0,4,847.0
7.0,25.0,74.0,421.0,696.0,759.0,4,1003.0
7.0,25.0,74.0,297.0,696.0,759.0,4,1003.0
7.0,25.0,286.0,297.0,421.0,452.0,4,910.0
7.0,25.0,74.0,421.0,452.0,696.0,4,1003.0
7.0,25.0,74.0,421.0,452.0,696.0,4,1003.0
7.0,25.0,74.0,421.0,452.0,696.0,4,1003.0
7.0,25.0,74.0,297.0,421.0,759.0,4,1003.0
7.0,25.0,50.0,286.0,452.0,854.0,4,1003.0
7.0,16.0,153.0,296.0,763.0,814.0,4,820.0
7.0,16.0,155.0,296.0,623.0,674.0,4,702.0
7.0,16.0,155.0,296.0,623.0,674.0,4,895.0
7.0,16.0,155.0,296.0,623.0,674.0,4,895.0
7.0,16.0,153.0,623.0,763.0,814.0,4,820.0
7.0,16.0,153.0,296.0,763.0,814.0,4,820.0
7.0,16.0,155.0,296.0,623.0,763.0,4,820.0
7.0,6.0,30.0,48.0,606.0,693.0,4,980.0
7.0,6.0,35.0,275.0,300.0,444.0,4,606.0
7.0,6.0,35.0,275.0,300.0,444.0,4,889.0
7.0,6.0,30.0,48.0,444.0,606.0,4,980.0
7.0,6.0,48.0,444.0,606.0,889.0,4,980.0
7.0,6.0,48.0,275.0,444.0,606.0,4,980.0
7.0,6.0,35.0,275.0,300.0,444.0,4,889.0
7.0,6.0,35.0,275.0,300.0,606.0,4,889.0
7.0,6.0,48.0,275.0,300.0,444.0,4,606.0
7.0,32.0,34.0,241.0,602.0,860.0,4,925.0
7.0,32.0,511.0,602.0,860.0,925.0,4,944.0
7.0,32.0,241.0,602.0,860.0,925.0,4,986.0
7.0,32.0,241.0,602.0,860.0,925.0,4,986.0
7.0,32.0,241.0,602.0,925.0,944.0,4,986.0
7.0,32.0,241.0,602.0,860.0,944.0,4,986.0
7.0,16.0,155.0,623.0,674.0,820.0,4,895.0
7.0,16.0,155.0,623.0,674.0,820.0,4,895.0
7.0,16.0,153.0,296.0,702.0,763.0,4,814.0
7.0,16.0,153.0,296.0,702.0,763.0,4,814.0
7.0,16.0,155.0,296.0,623.0,674.0,4,895.0
7.0,16.0,153.0,296.0,702.0,763.0,4,820.0
7.0,16.0,153.0,296.0,623.0,674.0,4,763.0
7.0,16.0,155.0,296.0,623.0,674.0,4,763.0
7.0,16.0,155.0,427.0,623.0,674.0,4,895.0
7.0,16.0,153.0,702.0,763.0,814.0,4,820.0
7.0,16.0,153.0,674.0,702.0,763.0,4,814.0
7.0,16.0,155.0,623.0,674.0,702.0,4,763.0
7.0,16.0,155.0,623.0,674.0,702.0,4,820.0
7.0,16.0,155.0,427.0,623.0,674.0,4,895.0
7.0,16.0,155.0,623.0,763.0,820.0,4,895.0
7.0,16.0,153.0,702.0,763.0,814.0,4,820.0
7.0,16.0,153.0,702.0,763.0,814.0,4,820.0
7.0,16.0,153.0,702.0,763.0,814.0,4,820.0
7.0,16.0,153.0,623.0,702.0,763.0,4,820.0
7.0,4.0,134.0,487.0,589.0,646.0,4,964.0
7.0,4.0,134.0,589.0,646.0,936.0,4,964.0
7.0,4.0,134.0,646.0,683.0,715.0,4,936.0
7.0,4.0,646.0,683.0,715.0,743.0,4,936.0
7.0,4.0,683.0,715.0,743.0,936.0,4,964.0
7.0,4.0,487.0,683.0,715.0,936.0,4,964.0
7.0,4.0,487.0,683.0,715.0,936.0,4,964.0
7.0,4.0,134.0,487.0,589.0,646.0,4,964.0
7.0,4.0,134.0,487.0,589.0,646.0,4,964.0
7.0,4.0,134.0,646.0,683.0,936.0,4,964.0
7.0,4.0,134.0,589.0,646.0,715.0,4,936.0
7.0,9.0,39.0,108.0,510.0,535.0,4,604.0
7.0,9.0,108.0,149.0,510.0,529.0,4,535.0
7.0,9.0,39.0,108.0,366.0,535.0,4,574.0
7.0,9.0,39.0,366.0,510.0,604.0,4,794.0
7.0,9.0,108.0,149.0,510.0,529.0,4,604.0
7.0,9.0,39.0,108.0,366.0,535.0,4,637.0
7.0,9.0,366.0,535.0,637.0,794.0,4,962.0
7.0,9.0,510.0,529.0,637.0,794.0,4,962.0
7.0,12.0,237.0,350.0,611.0,788.0,4,856.0
7.0,12.0,350.0,638.0,771.0,788.0,4,856.0
7.0,12.0,126.0,386.0,611.0,638.0,4,771.0
7.0,12.0,126.0,237.0,386.0,611.0,4,771.0
7.0,12.0,237.0,350.0,771.0,788.0,4,856.0
7.0,12.0,237.0,350.0,771.0,788.0,4,856.0
7.0,12.0,126.0,386.0,638.0,771.0,4,788.0
7.0,12.0,126.0,611.0,638.0,788.0,4,856.0
7.0,12.0,237.0,350.0,611.0,788.0,4,856.0
7.0,16.0,155.0,623.0,674.0,814.0,4,820.0
7.0,16.0,153.0,623.0,763.0,814.0,4,820.0
7.0,16.0,153.0,296.0,763.0,814.0,4,820.0
7.0,16.0,153.0,296.0,623.0,763.0,4,814.0
7.0,16.0,155.0,296.0,623.0,763.0,4,814.0
7.0,16.0,155.0,623.0,674.0,763.0,4,895.0
7.0,16.0,155.0,296.0,623.0,674.0,4,763.0
7.0,16.0,153.0,623.0,763.0,814.0,4,820.0
7.0,16.0,155.0,296.0,623.0,763.0,4,820.0
7.0,16.0,155.0,296.0,623.0,674.0,4,820.0
7.0,16.0,155.0,623.0,674.0,763.0,4,820.0
7.0,16.0,155.0,296.0,623.0,674.0,4,895.0
7.0,16.0,155.0,296.0,623.0,674.0,4,763.0
7.0,16.0,155.0,296.0,623.0,674.0,4,895.0
7.0,16.0,155.0,623.0,674.0,763.0,4,895.0
7.0,16.0,155.0,296.0,623.0,674.0,4,895.0
7.0,16.0,155.0,296.0,623.0,674.0,4,814.0
7.0,16.0,153.0,296.0,763.0,814.0,4,820.0
7.0,16.0,155.0,623.0,763.0,814.0,4,820.0
7.0,16.0,155.0,296.0,623.0,674.0,4,895.0
7.0,16.0,155.0,296.0,623.0,763.0,4,814.0
7.0,16.0,155.0,623.0,674.0,763.0,4,996.0
7.0,16.0,155.0,296.0,674.0,820.0,4,996.0
7.0,16.0,153.0,155.0,296.0,623.0,4,763.0
7.0,16.0,153.0,623.0,763.0,814.0,4,820.0
7.0,16.0,153.0,296.0,763.0,814.0,4,820.0
7.0,16.0,153.0,155.0,296.0,623.0,4,820.0
7.0,16.0,155.0,623.0,763.0,820.0,4,895.0
7.0,16.0,153.0,296.0,763.0,814.0,4,820.0
7.0,16.0,155.0,623.0,674.0,763.0,4,895.0
7.0,16.0,155.0,296.0,623.0,674.0,4,895.0
7.0,16.0,155.0,296.0,623.0,763.0,4,895.0
7.0,16.0,155.0,623.0,763.0,820.0,4,895.0
7.0,16.0,153.0,623.0,674.0,820.0,4,895.0
7.0,16.0,153.0,623.0,674.0,814.0,4,820.0
7.0,16.0,153.0,296.0,674.0,814.0,4,820.0
7.0,16.0,153.0,296.0,674.0,814.0,4,820.0
7.0,16.0,155.0,623.0,674.0,820.0,4,895.0
7.0,16.0,155.0,674.0,763.0,814.0,4,820.0
7.0,16.0,153.0,674.0,763.0,814.0,4,847.0
7.0,16.0,153.0,623.0,763.0,814.0,4,847.0
7.0,16.0,155.0,623.0,674.0,702.0,4,820.0
7.0,16.0,155.0,623.0,702.0,763.0,4,847.0
7.0,16.0,153.0,702.0,763.0,814.0,4,847.0
7.0,16.0,153.0,623.0,763.0,814.0,4,847.0
7.0,16.0,153.0,623.0,674.0,702.0,4,820.0
7.0,29.0,242.0,260.0,392.0,670.0,4,971.0
7.0,29.0,242.0,260.0,392.0,670.0,4,971.0
7.0,29.0,260.0,392.0,670.0,799.0,4,971.0
7.0,29.0,83.0,242.0,392.0,860.0,4,971.0
7.0,29.0,83.0,242.0,260.0,392.0,4,971.0
7.0,29.0,83.0,242.0,392.0,456.0,4,860.0
7.0,29.0,242.0,485.0,670.0,799.0,4,860.0
7.0,29.0,242.0,260.0,392.0,670.0,4,860.0
7.0,25.0,50.0,74.0,356.0,421.0,4,958.0
7.0,25.0,297.0,452.0,696.0,854.0,4,1003.0
7.0,25.0,297.0,356.0,421.0,696.0,4,1003.0
7.0,25.0,74.0,356.0,421.0,958.0,4,1003.0
7.0,25.0,74.0,421.0,603.0,696.0,4,958.0
7.0,25.0,74.0,421.0,603.0,696.0,4,958.0
7.0,25.0,74.0,421.0,603.0,696.0,4,958.0
7.0,16.0,155.0,296.0,623.0,674.0,4,814.0
7.0,16.0,623.0,674.0,814.0,820.0,4,996.0
7.0,16.0,155.0,296.0,623.0,674.0,4,702.0
7.0,16.0,155.0,623.0,674.0,763.0,4,814.0
7.0,16.0,155.0,296.0,623.0,674.0,4,702.0
7.0,16.0,155.0,296.0,623.0,702.0,4,763.0
7.0,16.0,153.0,155.0,296.0,623.0,4,763.0
7.0,16.0,153.0,155.0,296.0,763.0,4,820.0
7.0,16.0,153.0,155.0,296.0,820.0,4,847.0
7.0,16.0,153.0,296.0,623.0,820.0,4,847.0
7.0,16.0,155.0,623.0,763.0,814.0,4,820.0
7.0,16.0,155.0,296.0,623.0,763.0,4,814.0
7.0,16.0,153.0,623.0,702.0,820.0,4,847.0
7.0,16.0,153.0,155.0,296.0,763.0,4,820.0
7.0,16.0,155.0,296.0,623.0,763.0,4,814.0
7.0,16.0,155.0,296.0,623.0,763.0,4,814.0
7.0,16.0,153.0,623.0,702.0,820.0,4,847.0
7.0,16.0,153.0,296.0,702.0,820.0,4,847.0
7.0,16.0,153.0,155.0,296.0,820.0,4,847.0
7.0,16.0,153.0,155.0,296.0,820.0,4,847.0
7.0,16.0,153.0,155.0,296.0,623.0,4,820.0
7.0,16.0,153.0,155.0,296.0,623.0,4,820.0
7.0,16.0,153.0,427.0,702.0,820.0,4,847.0
7.0,23.0,33.0,44.0,136.0,822.0,4,955.0
7.0,23.0,33.0,388.0,575.0,955.0,4,967.0
7.0,23.0,44.0,136.0,388.0,822.0,4,955.0
7.0,23.0,44.0,136.0,388.0,575.0,4,822.0
7.0,23.0,33.0,44.0,136.0,388.0,4,822.0
7.0,23.0,33.0,44.0,136.0,388.0,4,822.0
7.0,23.0,33.0,44.0,388.0,822.0,4,955.0
7.0,23.0,33.0,44.0,136.0,955.0,4,967.0
7.0,23.0,33.0,44.0,136.0,955.0,4,967.0
7.0,23.0,33.0,44.0,136.0,388.0,4,822.0
7.0,2.0,17.0,493.0,577.0,790.0,4,900.0
7.0,2.0,17.0,36.0,493.0,790.0,4,900.0
7.0,2.0,45.0,493.0,728.0,824.0,4,900.0
7.0,2.0,45.0,455.0,577.0,790.0,4,900.0
7.0,2.0,455.0,493.0,577.0,790.0,4,900.0
7.0,2.0,17.0,36.0,493.0,790.0,4,900.0
7.0,2.0,17.0,36.0,493.0,790.0,4,900.0
7.0,2.0,45.0,493.0,577.0,790.0,4,900.0
7.0,34.0,104.0,506.0,662.0,747.0,4,974.0
7.0,34.0,104.0,506.0,662.0,974.0,4,975.0
7.0,34.0,506.0,662.0,685.0,974.0,4,975.0
7.0,34.0,506.0,662.0,685.0,974.0,4,975.0
7.0,34.0,345.0,685.0,747.0,974.0,4,975.0
7.0,34.0,104.0,345.0,685.0,747.0,4,975.0
7.0,34.0,104.0,506.0,662.0,974.0,4,975.0
7.0,34.0,104.0,506.0,662.0,747.0,4,974.0
7.0,34.0,506.0,662.0,685.0,974.0,4,975.0
7.0,34.0,506.0,685.0,747.0,974.0,4,975.0
7.0,34.0,506.0,685.0,747.0,974.0,4,975.0
7.0,26.0,269.0,333.0,703.0,948.0,4,965.0
7.0,26.0,269.0,333.0,384.0,948.0,4,965.0
7.0,26.0,269.0,333.0,422.0,948.0,4,965.0
7.0,26.0,107.0,269.0,314.0,384.0,4,965.0
7.0,26.0,107.0,269.0,314.0,384.0,4,965.0
7.0,26.0,107.0,269.0,314.0,384.0,4,965.0
7.0,0.0,244.0,465.0,601.0,789.0,4,792.0
7.0,0.0,244.0,315.0,634.0,721.0,4,906.0
7.0,0.0,315.0,601.0,634.0,721.0,4,906.0
7.0,0.0,601.0,634.0,721.0,789.0,4,906.0
7.0,0.0,601.0,634.0,721.0,792.0,4,906.0
7.0,0.0,244.0,315.0,465.0,634.0,4,721.0
7.0,0.0,244.0,315.0,465.0,601.0,4,789.0
7.0,0.0,244.0,315.0,465.0,601.0,4,721.0
7.0,0.0,244.0,315.0,601.0,721.0,4,906.0
7.0,0.0,244.0,315.0,601.0,721.0,4,906.0
7.0,0.0,244.0,315.0,601.0,721.0,4,906.0
7.0,0.0,244.0,601.0,789.0,792.0,4,906.0
7.0,16.0,155.0,623.0,674.0,820.0,4,895.0
7.0,16.0,155.0,623.0,674.0,820.0,4,895.0
7.0,16.0,155.0,623.0,674.0,820.0,4,895.0
7.0,16.0,153.0,623.0,763.0,820.0,4,895.0
7.0,16.0,153.0,674.0,702.0,763.0,4,814.0
7.0,16.0,155.0,367.0,623.0,763.0,4,820.0
7.0,16.0,153.0,623.0,674.0,702.0,4,763.0
7.0,16.0,153.0,155.0,674.0,702.0,4,763.0
7.0,16.0,153.0,155.0,623.0,763.0,4,820.0
7.0,23.0,136.0,400.0,778.0,822.0,4,994.0
7.0,23.0,136.0,400.0,822.0,955.0,4,994.0
7.0,23.0,136.0,400.0,822.0,955.0,4,994.0
7.0,23.0,136.0,400.0,575.0,822.0,4,994.0
7.0,23.0,136.0,400.0,822.0,955.0,4,994.0
7.0,23.0,136.0,475.0,575.0,778.0,4,955.0
7.0,23.0,136.0,475.0,575.0,778.0,4,955.0
7.0,23.0,400.0,475.0,575.0,778.0,4,955.0
7.0,16.0,155.0,296.0,623.0,674.0,4,895.0
7.0,16.0,153.0,623.0,702.0,763.0,4,820.0
7.0,16.0,153.0,155.0,296.0,623.0,4,763.0
7.0,16.0,155.0,296.0,367.0,623.0,4,674.0
7.0,16.0,155.0,367.0,623.0,674.0,4,763.0
7.0,16.0,155.0,367.0,623.0,674.0,4,763.0
7.0,16.0,155.0,296.0,623.0,763.0,4,895.0
7.0,16.0,155.0,367.0,623.0,763.0,4,820.0
7.0,16.0,153.0,155.0,296.0,763.0,4,820.0
7.0,16.0,153.0,155.0,296.0,763.0,4,820.0
7.0,16.0,153.0,296.0,623.0,674.0,4,820.0
7.0,16.0,153.0,296.0,623.0,674.0,4,820.0
7.0,33.0,258.0,361.0,686.0,829.0,4,976.0
7.0,33.0,258.0,271.0,361.0,686.0,4,829.0
7.0,33.0,21.0,258.0,271.0,361.0,4,470.0
7.0,33.0,21.0,271.0,318.0,361.0,4,470.0
7.0,33.0,21.0,318.0,686.0,829.0,4,976.0
7.0,33.0,21.0,258.0,361.0,686.0,4,976.0
7.0,33.0,258.0,361.0,686.0,829.0,4,976.0
7.0,33.0,21.0,271.0,318.0,361.0,4,470.0
7.0,33.0,21.0,271.0,318.0,361.0,4,470.0
7.0,33.0,21.0,271.0,318.0,470.0,4,829.0
7.0,33.0,271.0,318.0,361.0,686.0,4,829.0
7.0,33.0,258.0,361.0,686.0,829.0,4,976.0
7.0,16.0,155.0,296.0,367.0,674.0,4,895.0
7.0,16.0,153.0,155.0,674.0,763.0,4,820.0
7.0,16.0,155.0,296.0,674.0,820.0,4,895.0
7.0,16.0,153.0,155.0,296.0,763.0,4,820.0
7.0,16.0,155.0,296.0,367.0,674.0,4,895.0
7.0,16.0,153.0,155.0,674.0,820.0,4,895.0
7.0,16.0,153.0,674.0,702.0,820.0,4,895.0
7.0,16.0,153.0,702.0,763.0,820.0,4,895.0
7.0,16.0,155.0,296.0,674.0,702.0,4,820.0
7.0,16.0,155.0,296.0,674.0,702.0,4,820.0
7.0,16.0,155.0,296.0,623.0,674.0,4,895.0
7.0,16.0,155.0,296.0,623.0,763.0,4,895.0
7.0,16.0,153.0,623.0,763.0,820.0,4,895.0
7.0,16.0,153.0,296.0,702.0,763.0,4,820.0
7.0,16.0,155.0,296.0,623.0,763.0,4,895.0
7.0,16.0,367.0,623.0,674.0,763.0,4,895.0
7.0,16.0,155.0,296.0,623.0,674.0,4,895.0
7.0,16.0,153.0,623.0,674.0,820.0,4,895.0
7.0,16.0,153.0,623.0,763.0,820.0,4,895.0
7.0,16.0,153.0,155.0,623.0,763.0,4,820.0
7.0,16.0,367.0,702.0,763.0,814.0,4,959.0
7.0,16.0,155.0,623.0,674.0,820.0,4,895.0
7.0,16.0,155.0,623.0,674.0,820.0,4,895.0
7.0,16.0,153.0,296.0,702.0,763.0,4,820.0
7.0,16.0,155.0,296.0,367.0,763.0,4,820.0
7.0,16.0,155.0,296.0,367.0,623.0,4,763.0
7.0,16.0,155.0,367.0,623.0,674.0,4,763.0
7.0,16.0,155.0,296.0,367.0,623.0,4,674.0
7.0,16.0,155.0,296.0,367.0,623.0,4,674.0
7.0,16.0,153.0,296.0,623.0,674.0,4,895.0
7.0,16.0,153.0,296.0,623.0,674.0,4,895.0
7.0,16.0,153.0,623.0,674.0,820.0,4,895.0
7.0,16.0,153.0,623.0,702.0,763.0,4,820.0
7.0,16.0,296.0,367.0,702.0,763.0,4,820.0
7.0,16.0,155.0,623.0,674.0,895.0,4,959.0
7.0,16.0,155.0,623.0,763.0,820.0,4,895.0
7.0,16.0,153.0,623.0,702.0,763.0,4,820.0
7.0,16.0,153.0,623.0,702.0,763.0,4,820.0
7.0,16.0,153.0,155.0,674.0,763.0,4,820.0
7.0,16.0,155.0,367.0,674.0,763.0,4,820.0
7.0,16.0,155.0,623.0,674.0,763.0,4,895.0
7.0,16.0,155.0,623.0,674.0,895.0,4,959.0
7.0,16.0,153.0,623.0,702.0,763.0,4,820.0
7.0,16.0,155.0,623.0,674.0,820.0,4,996.0
7.0,4.0,134.0,486.0,487.0,589.0,4,964.0
7.0,4.0,134.0,486.0,487.0,589.0,4,964.0
7.0,4.0,134.0,194.0,486.0,936.0,4,964.0
7.0,4.0,194.0,715.0,743.0,936.0,4,964.0
7.0,4.0,194.0,487.0,715.0,936.0,4,964.0
7.0,4.0,134.0,486.0,487.0,589.0,4,715.0
7.0,4.0,134.0,486.0,487.0,589.0,4,715.0
7.0,4.0,194.0,486.0,487.0,715.0,4,936.0
7.0,4.0,194.0,486.0,487.0,589.0,4,936.0
7.0,4.0,194.0,486.0,487.0,589.0,4,936.0
7.0,16.0,155.0,296.0,623.0,674.0,4,895.0
7.0,16.0,153.0,623.0,763.0,820.0,4,895.0
7.0,16.0,153.0,623.0,702.0,763.0,4,820.0
7.0,16.0,155.0,296.0,623.0,763.0,4,820.0
7.0,16.0,155.0,623.0,674.0,763.0,4,996.0
7.0,16.0,155.0,623.0,674.0,763.0,4,996.0
7.0,16.0,155.0,623.0,674.0,763.0,4,996.0
7.0,16.0,153.0,623.0,674.0,702.0,4,820.0
7.0,16.0,153.0,623.0,702.0,763.0,4,820.0
7.0,16.0,155.0,296.0,702.0,763.0,4,820.0
7.0,16.0,155.0,296.0,623.0,674.0,4,820.0
7.0,16.0,155.0,296.0,623.0,674.0,4,820.0
7.0,16.0,155.0,296.0,623.0,674.0,4,895.0
7.0,16.0,155.0,296.0,623.0,674.0,4,895.0
7.0,16.0,155.0,623.0,674.0,820.0,4,895.0
7.0,16.0,155.0,296.0,623.0,674.0,4,895.0
7.0,16.0,155.0,296.0,623.0,674.0,4,820.0
7.0,6.0,35.0,125.0,275.0,693.0,4,989.0
7.0,6.0,35.0,275.0,444.0,693.0,4,989.0
7.0,6.0,30.0,275.0,444.0,914.0,4,980.0
7.0,6.0,30.0,275.0,444.0,914.0,4,980.0
7.0,6.0,30.0,35.0,444.0,693.0,4,914.0
7.0,6.0,30.0,35.0,275.0,444.0,4,914.0
7.0,1.0,78.0,160.0,442.0,484.0,4,565.0
7.0,1.0,78.0,160.0,442.0,484.0,4,565.0
7.0,1.0,78.0,442.0,484.0,565.0,4,808.0
7.0,1.0,78.0,463.0,495.0,595.0,4,808.0
7.0,1.0,78.0,106.0,463.0,595.0,4,808.0
7.0,1.0,106.0,442.0,463.0,484.0,4,808.0
7.0,1.0,78.0,442.0,484.0,565.0,4,808.0
7.0,1.0,78.0,106.0,463.0,484.0,4,565.0
7.0,1.0,78.0,106.0,442.0,463.0,4,808.0
7.0,16.0,155.0,296.0,367.0,623.0,4,674.0
7.0,16.0,296.0,763.0,820.0,895.0,4,996.0
7.0,16.0,296.0,763.0,820.0,895.0,4,996.0
7.0,16.0,155.0,296.0,623.0,763.0,4,895.0
7.0,16.0,153.0,155.0,623.0,674.0,4,820.0
7.0,16.0,153.0,155.0,623.0,674.0,4,820.0
7.0,16.0,153.0,155.0,296.0,623.0,4,674.0
7.0,16.0,153.0,623.0,674.0,763.0,4,820.0
7.0,16.0,153.0,623.0,674.0,763.0,4,820.0
7.0,16.0,155.0,296.0,623.0,674.0,4,820.0
7.0,22.0,16.0,58.0,117.0,639.0,4,990.0
7.0,22.0,16.0,60.0,77.0,369.0,4,466.0
7.0,22.0,16.0,60.0,77.0,369.0,4,466.0
7.0,22.0,16.0,58.0,77.0,639.0,4,990.0
7.0,22.0,16.0,58.0,117.0,639.0,4,990.0
7.0,22.0,16.0,58.0,117.0,639.0,4,990.0
7.0,22.0,16.0,58.0,117.0,639.0,4,990.0
7.0,22.0,16.0,58.0,60.0,117.0,4,990.0
7.0,22.0,16.0,26.0,60.0,77.0,4,990.0
7.0,22.0,16.0,26.0,60.0,77.0,4,639.0
7.0,22.0,16.0,26.0,60.0,77.0,4,639.0
7.0,22.0,16.0,26.0,58.0,60.0,4,77.0
7.0,22.0,16.0,26.0,58.0,60.0,4,77.0
7.0,12.0,237.0,350.0,611.0,788.0,4,856.0
7.0,12.0,237.0,350.0,611.0,788.0,4,856.0
7.0,12.0,237.0,333.0,350.0,788.0,4,856.0
7.0,12.0,280.0,333.0,386.0,611.0,4,638.0
7.0,12.0,237.0,350.0,386.0,611.0,4,788.0
7.0,12.0,237.0,350.0,611.0,788.0,4,856.0
7.0,12.0,333.0,350.0,386.0,638.0,4,788.0
7.0,12.0,237.0,350.0,611.0,788.0,4,856.0
7.0,12.0,237.0,350.0,611.0,788.0,4,856.0
7.0,12.0,237.0,333.0,350.0,788.0,4,856.0
7.0,9.0,39.0,108.0,366.0,535.0,4,845.0
7.0,9.0,366.0,535.0,574.0,845.0,4,1019.0
7.0,9.0,108.0,366.0,510.0,604.0,4,845.0
7.0,9.0,108.0,366.0,510.0,604.0,4,845.0
7.0,17.0,109.0,354.0,502.0,587.0,4,1037.0
7.0,17.0,109.0,196.0,502.0,587.0,4,809.0
7.0,17.0,109.0,196.0,502.0,587.0,4,809.0
7.0,17.0,109.0,310.0,354.0,502.0,4,587.0
7.0,17.0,196.0,310.0,354.0,502.0,4,809.0
7.0,16.0,155.0,623.0,674.0,959.0,4,996.0
7.0,16.0,155.0,623.0,674.0,814.0,4,959.0
7.0,16.0,153.0,155.0,427.0,623.0,4,959.0
7.0,16.0,155.0,623.0,674.0,959.0,4,996.0
7.0,16.0,155.0,623.0,674.0,763.0,4,996.0
7.0,16.0,153.0,427.0,623.0,763.0,4,814.0
7.0,16.0,153.0,155.0,427.0,674.0,4,763.0
7.0,16.0,153.0,155.0,623.0,674.0,4,959.0
7.0,16.0,153.0,155.0,623.0,674.0,4,959.0
7.0,16.0,155.0,623.0,674.0,959.0,4,996.0
7.0,16.0,155.0,427.0,623.0,959.0,4,996.0
7.0,16.0,153.0,427.0,674.0,763.0,4,814.0
7.0,16.0,153.0,155.0,427.0,763.0,4,959.0
7.0,16.0,155.0,623.0,763.0,959.0,4,996.0
7.0,16.0,155.0,623.0,674.0,959.0,4,996.0
7.0,16.0,155.0,623.0,674.0,959.0,4,996.0
7.0,16.0,153.0,427.0,674.0,763.0,4,814.0
7.0,16.0,155.0,623.0,674.0,959.0,4,996.0
7.0,16.0,623.0,763.0,820.0,895.0,4,996.0
7.0,16.0,674.0,763.0,814.0,820.0,4,996.0
7.0,16.0,674.0,763.0,814.0,820.0,4,996.0
7.0,16.0,155.0,623.0,674.0,895.0,4,996.0
7.0,16.0,155.0,623.0,674.0,959.0,4,996.0
7.0,16.0,155.0,623.0,674.0,895.0,4,959.0
7.0,16.0,623.0,763.0,820.0,895.0,4,996.0
7.0,16.0,623.0,763.0,820.0,895.0,4,996.0
7.0,16.0,623.0,763.0,820.0,895.0,4,996.0
7.0,16.0,155.0,623.0,674.0,820.0,4,895.0
7.0,16.0,153.0,623.0,763.0,814.0,4,820.0
7.0,16.0,153.0,155.0,763.0,814.0,4,820.0
7.0,16.0,155.0,623.0,763.0,814.0,4,959.0
7.0,16.0,153.0,623.0,763.0,820.0,4,895.0
7.0,16.0,155.0,623.0,674.0,895.0,4,959.0
7.0,16.0,153.0,623.0,674.0,814.0,4,820.0
7.0,16.0,153.0,155.0,763.0,814.0,4,820.0
7.0,16.0,155.0,623.0,674.0,814.0,4,820.0
7.0,15.0,188.0,659.0,714.0,960.0,4,1036.0
7.0,15.0,188.0,659.0,714.0,960.0,4,1036.0
7.0,15.0,593.0,719.0,749.0,960.0,4,1036.0
7.0,15.0,426.0,659.0,714.0,719.0,4,1036.0
7.0,15.0,188.0,426.0,659.0,714.0,4,1036.0
7.0,15.0,188.0,426.0,659.0,714.0,4,1036.0
7.0,15.0,188.0,659.0,714.0,960.0,4,1036.0
7.0,15.0,188.0,659.0,714.0,960.0,4,1036.0
7.0,15.0,188.0,659.0,714.0,960.0,4,1036.0
7.0,15.0,188.0,659.0,714.0,960.0,4,1036.0
7.0,15.0,188.0,659.0,749.0,960.0,4,1036.0
7.0,16.0,155.0,623.0,674.0,820.0,4,996.0
7.0,16.0,153.0,623.0,763.0,814.0,4,820.0
7.0,16.0,623.0,674.0,820.0,895.0,4,996.0
7.0,16.0,155.0,623.0,763.0,820.0,4,996.0
7.0,16.0,155.0,623.0,674.0,959.0,4,996.0
7.0,16.0,155.0,623.0,674.0,959.0,4,996.0
7.0,16.0,155.0,674.0,814.0,820.0,4,996.0
7.0,16.0,155.0,674.0,814.0,820.0,4,996.0
7.0,0.0,244.0,465.0,601.0,721.0,4,789.0
7.0,0.0,244.0,315.0,465.0,634.0,4,721.0
7.0,0.0,244.0,315.0,634.0,721.0,4,906.0
7.0,0.0,244.0,465.0,721.0,789.0,4,906.0
7.0,0.0,244.0,315.0,465.0,601.0,4,789.0
7.0,0.0,244.0,465.0,721.0,789.0,4,906.0
7.0,0.0,139.0,315.0,634.0,721.0,4,906.0
7.0,0.0,465.0,601.0,634.0,721.0,4,789.0
7.0,0.0,244.0,465.0,634.0,721.0,4,789.0
7.0,34.0,104.0,506.0,662.0,974.0,4,975.0
7.0,34.0,506.0,685.0,747.0,974.0,4,975.0
7.0,34.0,12.0,41.0,104.0,685.0,4,747.0
7.0,34.0,12.0,41.0,104.0,685.0,4,747.0
7.0,34.0,12.0,41.0,104.0,747.0,4,974.0
7.0,34.0,12.0,41.0,104.0,662.0,4,974.0
7.0,34.0,104.0,506.0,662.0,747.0,4,974.0
7.0,34.0,104.0,506.0,662.0,747.0,4,974.0
7.0,34.0,104.0,506.0,747.0,974.0,4,975.0
7.0,34.0,104.0,506.0,662.0,974.0,4,975.0
7.0,34.0,506.0,662.0,685.0,974.0,4,975.0
7.0,34.0,12.0,41.0,685.0,747.0,4,974.0
7.0,34.0,12.0,41.0,685.0,747.0,4,774.0
7.0,34.0,41.0,290.0,583.0,685.0,4,774.0
7.0,16.0,296.0,427.0,895.0,959.0,4,996.0
7.0,16.0,367.0,702.0,763.0,820.0,4,895.0
7.0,16.0,296.0,546.0,702.0,763.0,4,895.0
7.0,16.0,296.0,546.0,763.0,820.0,4,895.0
7.0,16.0,296.0,546.0,820.0,895.0,4,959.0
7.0,16.0,296.0,427.0,895.0,959.0,4,996.0
7.0,16.0,367.0,427.0,763.0,820.0,4,895.0
7.0,16.0,367.0,427.0,763.0,820.0,4,895.0
7.0,16.0,427.0,546.0,763.0,820.0,4,895.0
7.0,16.0,427.0,546.0,763.0,820.0,4,895.0
7.0,32.0,241.0,511.0,602.0,860.0,4,986.0
7.0,32.0,241.0,602.0,613.0,860.0,4,986.0
7.0,32.0,194.0,613.0,860.0,925.0,4,986.0
7.0,32.0,34.0,194.0,241.0,511.0,4,613.0
7.0,32.0,241.0,511.0,602.0,944.0,4,986.0
7.0,32.0,241.0,511.0,602.0,944.0,4,986.0
7.0,32.0,241.0,511.0,602.0,944.0,4,986.0
7.0,32.0,241.0,602.0,613.0,944.0,4,986.0
7.0,32.0,34.0,241.0,511.0,602.0,4,860.0
7.0,32.0,194.0,241.0,613.0,944.0,4,986.0
7.0,32.0,34.0,241.0,511.0,602.0,4,860.0
7.0,0.0,13.0,244.0,465.0,601.0,4,789.0
7.0,0.0,13.0,139.0,244.0,465.0,4,721.0
7.0,0.0,13.0,139.0,244.0,252.0,4,721.0
7.0,0.0,13.0,244.0,252.0,465.0,4,792.0
7.0,0.0,13.0,139.0,244.0,465.0,4,792.0
7.0,0.0,13.0,139.0,244.0,465.0,4,792.0
7.0,0.0,13.0,139.0,244.0,465.0,4,792.0
7.0,0.0,13.0,244.0,465.0,601.0,4,789.0
7.0,0.0,13.0,244.0,465.0,601.0,4,789.0
7.0,0.0,13.0,139.0,244.0,465.0,4,792.0
7.0,0.0,13.0,139.0,252.0,601.0,4,789.0
7.0,17.0,137.0,328.0,619.0,741.0,4,764.0
7.0,17.0,348.0,502.0,587.0,764.0,4,1037.0
7.0,17.0,348.0,354.0,502.0,764.0,4,1037.0
7.0,17.0,328.0,348.0,354.0,619.0,4,741.0
7.0,17.0,137.0,328.0,348.0,619.0,4,741.0
7.0,17.0,348.0,502.0,587.0,764.0,4,1037.0
7.0,17.0,348.0,354.0,502.0,587.0,4,764.0
7.0,17.0,354.0,502.0,587.0,741.0,4,764.0
7.0,17.0,354.0,502.0,587.0,741.0,4,764.0
7.0,17.0,354.0,502.0,587.0,741.0,4,764.0
7.0,12.0,237.0,350.0,611.0,788.0,4,856.0
7.0,12.0,350.0,386.0,638.0,771.0,4,909.0
7.0,12.0,350.0,386.0,638.0,771.0,4,909.0
7.0,12.0,126.0,237.0,771.0,788.0,4,856.0
7.0,12.0,237.0,350.0,611.0,788.0,4,856.0
7.0,12.0,126.0,237.0,386.0,611.0,4,788.0
7.0,12.0,126.0,386.0,611.0,638.0,4,771.0
7.0,32.0,34.0,241.0,511.0,602.0,4,860.0
7.0,32.0,241.0,511.0,602.0,613.0,4,986.0
7.0,32.0,241.0,511.0,602.0,613.0,4,986.0
7.0,32.0,34.0,293.0,613.0,944.0,4,986.0
7.0,32.0,34.0,293.0,860.0,944.0,4,986.0
7.0,32.0,34.0,293.0,511.0,860.0,4,944.0
7.0,32.0,511.0,602.0,799.0,860.0,4,944.0
7.0,32.0,34.0,241.0,293.0,511.0,4,860.0
7.0,32.0,241.0,293.0,613.0,799.0,4,986.0
7.0,32.0,542.0,613.0,799.0,944.0,4,986.0
7.0,32.0,542.0,613.0,799.0,944.0,4,986.0
7.0,15.0,415.0,593.0,714.0,941.0,4,1036.0
7.0,15.0,302.0,484.0,593.0,719.0,4,749.0
7.0,15.0,302.0,484.0,659.0,719.0,4,960.0
7.0,15.0,302.0,484.0,659.0,719.0,4,960.0
7.0,15.0,302.0,714.0,941.0,960.0,4,1036.0
7.0,15.0,659.0,714.0,941.0,960.0,4,1036.0
7.0,15.0,302.0,484.0,719.0,960.0,4,1036.0
7.0,15.0,302.0,659.0,714.0,719.0,4,941.0
7.0,15.0,302.0,659.0,714.0,719.0,4,941.0
7.0,32.0,34.0,241.0,511.0,602.0,4,860.0
7.0,32.0,241.0,602.0,613.0,799.0,4,986.0
7.0,32.0,241.0,293.0,602.0,799.0,4,986.0
7.0,32.0,241.0,293.0,602.0,799.0,4,860.0
7.0,32.0,241.0,293.0,799.0,860.0,4,944.0
7.0,26.0,214.0,333.0,422.0,914.0,4,965.0
7.0,26.0,107.0,333.0,384.0,620.0,4,965.0
7.0,26.0,214.0,314.0,333.0,703.0,4,914.0
7.0,26.0,214.0,333.0,422.0,703.0,4,914.0
7.0,26.0,333.0,422.0,620.0,703.0,4,914.0
7.0,26.0,333.0,422.0,620.0,914.0,4,965.0
7.0,26.0,107.0,384.0,620.0,703.0,4,965.0
7.0,26.0,333.0,620.0,703.0,914.0,4,965.0
7.0,26.0,214.0,333.0,422.0,914.0,4,965.0
7.0,26.0,333.0,422.0,620.0,703.0,4,914.0
7.0,32.0,34.0,241.0,602.0,925.0,4,986.0
7.0,32.0,34.0,241.0,602.0,925.0,4,986.0
7.0,32.0,34.0,542.0,925.0,944.0,4,986.0
7.0,32.0,34.0,241.0,511.0,602.0,4,860.0
7.0,32.0,34.0,602.0,860.0,925.0,4,944.0
7.0,32.0,34.0,194.0,860.0,925.0,4,944.0
7.0,32.0,34.0,194.0,860.0,925.0,4,944.0
7.0,32.0,194.0,511.0,860.0,925.0,4,944.0
7.0,32.0,194.0,241.0,511.0,925.0,4,944.0
7.0,32.0,241.0,511.0,602.0,944.0,4,986.0
7.0,32.0,34.0,241.0,602.0,944.0,4,986.0
7.0,32.0,34.0,241.0,602.0,925.0,4,944.0
7.0,32.0,34.0,241.0,602.0,925.0,4,944.0
7.0,32.0,241.0,602.0,860.0,925.0,4,986.0
7.0,32.0,241.0,602.0,925.0,944.0,4,986.0
7.0,32.0,34.0,241.0,602.0,860.0,4,925.0
7.0,32.0,34.0,241.0,511.0,602.0,4,860.0
7.0,32.0,34.0,241.0,602.0,784.0,4,944.0
7.0,32.0,34.0,241.0,505.0,602.0,4,784.0
7.0,32.0,34.0,370.0,505.0,511.0,4,944.0
7.0,32.0,34.0,241.0,511.0,602.0,4,944.0
7.0,32.0,241.0,602.0,784.0,944.0,4,986.0
7.0,32.0,241.0,602.0,784.0,944.0,4,986.0
7.0,32.0,241.0,505.0,602.0,784.0,4,986.0
7.0,32.0,34.0,241.0,370.0,505.0,4,784.0
7.0,32.0,34.0,241.0,370.0,505.0,4,511.0
7.0,32.0,34.0,241.0,511.0,602.0,4,944.0
7.0,4.0,134.0,486.0,487.0,646.0,4,683.0
7.0,4.0,134.0,486.0,487.0,646.0,4,683.0
7.0,4.0,134.0,646.0,683.0,715.0,4,936.0
7.0,4.0,194.0,715.0,743.0,936.0,4,964.0
7.0,4.0,134.0,486.0,487.0,646.0,4,683.0
7.0,4.0,486.0,487.0,683.0,715.0,4,936.0
7.0,32.0,34.0,241.0,511.0,602.0,4,944.0
7.0,32.0,370.0,505.0,602.0,784.0,4,986.0
7.0,32.0,241.0,370.0,505.0,784.0,4,986.0
7.0,32.0,34.0,241.0,370.0,505.0,4,986.0
7.0,32.0,34.0,370.0,511.0,602.0,4,944.0
7.0,32.0,34.0,370.0,602.0,784.0,4,944.0
7.0,32.0,34.0,241.0,370.0,505.0,4,784.0
7.0,32.0,34.0,370.0,505.0,784.0,4,944.0
7.0,32.0,34.0,241.0,505.0,602.0,4,784.0
7.0,23.0,44.0,86.0,388.0,400.0,4,575.0
7.0,23.0,33.0,44.0,86.0,700.0,4,955.0
7.0,23.0,33.0,44.0,700.0,955.0,4,967.0
7.0,23.0,33.0,400.0,955.0,967.0,4,994.0
7.0,23.0,44.0,86.0,400.0,955.0,4,994.0
7.0,23.0,44.0,86.0,400.0,955.0,4,994.0
7.0,23.0,44.0,86.0,388.0,400.0,4,994.0
7.0,23.0,44.0,86.0,400.0,955.0,4,994.0
7.0,23.0,33.0,86.0,400.0,575.0,4,955.0
7.0,23.0,33.0,400.0,575.0,955.0,4,967.0
7.0,23.0,44.0,400.0,955.0,967.0,4,994.0
7.0,23.0,44.0,86.0,400.0,955.0,4,994.0
7.0,32.0,34.0,241.0,511.0,602.0,4,944.0
7.0,32.0,370.0,505.0,602.0,784.0,4,986.0
7.0,32.0,34.0,241.0,370.0,511.0,4,944.0
7.0,32.0,34.0,241.0,511.0,602.0,4,944.0
7.0,32.0,34.0,241.0,511.0,602.0,4,944.0
7.0,32.0,34.0,241.0,511.0,602.0,4,944.0
7.0,32.0,34.0,241.0,602.0,784.0,4,944.0
7.0,32.0,370.0,505.0,602.0,784.0,4,986.0
7.0,32.0,34.0,241.0,602.0,784.0,4,944.0
7.0,32.0,34.0,241.0,505.0,511.0,4,602.0
7.0,4.0,134.0,486.0,487.0,589.0,4,646.0
7.0,4.0,134.0,486.0,589.0,715.0,4,936.0
7.0,4.0,134.0,194.0,486.0,715.0,4,936.0
7.0,4.0,194.0,486.0,715.0,743.0,4,936.0
7.0,4.0,194.0,646.0,715.0,743.0,4,936.0
7.0,4.0,194.0,486.0,487.0,646.0,4,936.0
7.0,4.0,194.0,486.0,487.0,646.0,4,936.0
7.0,4.0,134.0,486.0,487.0,589.0,4,646.0
7.0,4.0,134.0,486.0,589.0,715.0,4,936.0
7.0,4.0,486.0,487.0,589.0,646.0,4,936.0
7.0,32.0,34.0,241.0,511.0,602.0,4,944.0
7.0,32.0,505.0,511.0,602.0,784.0,4,944.0
7.0,32.0,34.0,241.0,511.0,602.0,4,944.0
7.0,32.0,34.0,241.0,511.0,602.0,4,944.0
7.0,32.0,241.0,505.0,511.0,602.0,4,784.0
7.0,32.0,241.0,505.0,602.0,784.0,4,986.0
7.0,32.0,241.0,370.0,505.0,784.0,4,986.0
7.0,32.0,34.0,241.0,511.0,602.0,4,944.0
7.0,32.0,34.0,241.0,511.0,602.0,4,944.0
7.0,34.0,506.0,662.0,685.0,747.0,4,974.0
7.0,34.0,345.0,583.0,685.0,747.0,4,774.0
7.0,34.0,104.0,506.0,662.0,685.0,4,975.0
7.0,34.0,506.0,685.0,747.0,974.0,4,975.0
7.0,34.0,104.0,345.0,436.0,685.0,4,975.0
7.0,34.0,104.0,345.0,436.0,685.0,4,975.0
7.0,12.0,216.0,237.0,350.0,611.0,4,856.0
7.0,12.0,216.0,237.0,350.0,611.0,4,856.0
7.0,12.0,216.0,350.0,611.0,638.0,4,856.0
7.0,12.0,126.0,216.0,237.0,386.0,4,788.0
7.0,12.0,216.0,237.0,350.0,611.0,4,856.0
7.0,12.0,216.0,237.0,350.0,611.0,4,856.0
7.0,32.0,34.0,241.0,511.0,602.0,4,944.0
7.0,32.0,34.0,505.0,602.0,784.0,4,944.0
7.0,32.0,173.0,241.0,370.0,505.0,4,784.0
7.0,32.0,34.0,241.0,370.0,511.0,4,602.0
7.0,32.0,173.0,370.0,505.0,511.0,4,602.0
7.0,32.0,34.0,241.0,511.0,602.0,4,944.0
7.0,32.0,34.0,241.0,511.0,602.0,4,944.0
7.0,32.0,173.0,505.0,602.0,784.0,4,944.0
7.0,32.0,34.0,370.0,505.0,602.0,4,784.0
7.0,32.0,34.0,241.0,370.0,505.0,4,511.0
7.0,32.0,34.0,173.0,241.0,602.0,4,944.0
7.0,32.0,34.0,173.0,241.0,602.0,4,944.0
7.0,32.0,34.0,370.0,542.0,784.0,4,944.0
7.0,32.0,241.0,505.0,511.0,602.0,4,784.0
7.0,32.0,173.0,241.0,505.0,602.0,4,784.0
7.0,32.0,173.0,370.0,505.0,784.0,4,944.0
7.0,32.0,34.0,241.0,511.0,602.0,4,944.0
7.0,32.0,34.0,505.0,511.0,602.0,4,944.0
7.0,32.0,173.0,241.0,505.0,602.0,4,784.0
7.0,32.0,173.0,241.0,602.0,784.0,4,944.0
7.0,32.0,34.0,241.0,370.0,784.0,4,944.0
7.0,32.0,34.0,241.0,511.0,602.0,4,944.0
7.0,32.0,241.0,505.0,511.0,602.0,4,784.0
7.0,32.0,241.0,505.0,511.0,602.0,4,784.0
7.0,32.0,505.0,511.0,602.0,784.0,4,944.0
7.0,32.0,34.0,173.0,241.0,370.0,4,505.0
7.0,32.0,173.0,241.0,505.0,602.0,4,784.0
7.0,32.0,34.0,241.0,511.0,602.0,4,944.0
7.0,32.0,34.0,241.0,505.0,511.0,4,602.0
7.0,32.0,241.0,505.0,511.0,602.0,4,784.0
7.0,32.0,173.0,241.0,602.0,784.0,4,944.0
7.0,32.0,173.0,370.0,505.0,784.0,4,944.0
7.0,32.0,241.0,370.0,511.0,784.0,4,944.0
7.0,32.0,241.0,370.0,511.0,784.0,4,944.0
7.0,32.0,370.0,511.0,613.0,925.0,4,944.0
7.0,1.0,106.0,353.0,463.0,484.0,4,1006.0
7.0,1.0,78.0,106.0,353.0,442.0,4,484.0
7.0,1.0,78.0,353.0,442.0,463.0,4,595.0
7.0,1.0,78.0,106.0,442.0,463.0,4,795.0
7.0,1.0,78.0,442.0,463.0,595.0,4,795.0
7.0,1.0,78.0,442.0,463.0,595.0,4,795.0
7.0,1.0,106.0,353.0,442.0,463.0,4,484.0
7.0,26.0,314.0,384.0,703.0,914.0,4,948.0
7.0,26.0,314.0,333.0,384.0,620.0,4,948.0
7.0,26.0,269.0,314.0,333.0,384.0,4,620.0
7.0,26.0,269.0,314.0,333.0,384.0,4,620.0
7.0,26.0,333.0,422.0,703.0,914.0,4,948.0
7.0,26.0,269.0,314.0,384.0,620.0,4,703.0
7.0,26.0,333.0,422.0,703.0,914.0,4,948.0
7.0,26.0,314.0,333.0,384.0,914.0,4,948.0
7.0,26.0,384.0,422.0,703.0,914.0,4,948.0
7.0,2.0,17.0,36.0,255.0,493.0,4,790.0
7.0,2.0,17.0,36.0,45.0,255.0,4,790.0
7.0,2.0,36.0,45.0,255.0,455.0,4,728.0
7.0,2.0,17.0,493.0,577.0,790.0,4,900.0
7.0,2.0,17.0,255.0,493.0,577.0,4,790.0
7.0,2.0,17.0,255.0,493.0,577.0,4,790.0
7.0,2.0,36.0,45.0,255.0,493.0,4,790.0
7.0,2.0,45.0,255.0,577.0,728.0,4,900.0
7.0,2.0,45.0,255.0,577.0,790.0,4,900.0
7.0,2.0,17.0,255.0,577.0,790.0,4,900.0
7.0,32.0,34.0,370.0,511.0,602.0,4,944.0
7.0,32.0,34.0,370.0,511.0,602.0,4,944.0
7.0,32.0,34.0,505.0,511.0,602.0,4,944.0
7.0,32.0,34.0,173.0,505.0,602.0,4,944.0
7.0,32.0,173.0,370.0,505.0,542.0,4,925.0
7.0,32.0,173.0,370.0,542.0,925.0,4,944.0
7.0,32.0,34.0,370.0,505.0,511.0,4,602.0
7.0,32.0,34.0,370.0,505.0,511.0,4,602.0
7.0,32.0,34.0,370.0,511.0,602.0,4,944.0
7.0,32.0,34.0,173.0,505.0,602.0,4,944.0
7.0,32.0,34.0,370.0,505.0,511.0,4,944.0
7.0,32.0,34.0,370.0,505.0,511.0,4,602.0
7.0,32.0,34.0,370.0,505.0,511.0,4,602.0
7.0,32.0,34.0,370.0,511.0,602.0,4,944.0
7.0,33.0,21.0,686.0,829.0,861.0,4,976.0
7.0,33.0,21.0,318.0,361.0,686.0,4,976.0
7.0,33.0,318.0,361.0,686.0,829.0,4,976.0
7.0,33.0,361.0,686.0,829.0,861.0,4,976.0
7.0,33.0,21.0,111.0,271.0,686.0,4,861.0
7.0,33.0,21.0,361.0,686.0,861.0,4,976.0
7.0,29.0,242.0,392.0,456.0,670.0,4,860.0
7.0,29.0,242.0,392.0,456.0,670.0,4,860.0
7.0,29.0,242.0,392.0,456.0,670.0,4,860.0
7.0,29.0,83.0,456.0,485.0,799.0,4,860.0
7.0,29.0,83.0,456.0,485.0,799.0,4,860.0
7.0,29.0,83.0,242.0,456.0,485.0,4,860.0
7.0,29.0,83.0,132.0,392.0,670.0,4,799.0
7.0,29.0,242.0,392.0,456.0,860.0,4,971.0
7.0,29.0,83.0,242.0,392.0,799.0,4,860.0
7.0,32.0,241.0,511.0,602.0,784.0,4,944.0
7.0,32.0,241.0,511.0,602.0,784.0,4,944.0
7.0,32.0,505.0,511.0,602.0,944.0,4,986.0
7.0,32.0,241.0,511.0,602.0,784.0,4,944.0
7.0,32.0,241.0,511.0,602.0,784.0,4,944.0
7.0,32.0,241.0,511.0,602.0,784.0,4,944.0
7.0,32.0,241.0,511.0,602.0,784.0,4,944.0
7.0,32.0,241.0,602.0,784.0,944.0,4,986.0
7.0,32.0,370.0,505.0,602.0,784.0,4,986.0
7.0,32.0,370.0,505.0,602.0,784.0,4,986.0
7.0,32.0,241.0,370.0,505.0,925.0,4,986.0
7.0,32.0,241.0,370.0,511.0,925.0,4,944.0
7.0,32.0,370.0,511.0,602.0,784.0,4,944.0
7.0,32.0,173.0,370.0,602.0,784.0,4,944.0
7.0,32.0,173.0,370.0,602.0,784.0,4,944.0
7.0,32.0,241.0,511.0,602.0,784.0,4,944.0
7.0,32.0,241.0,511.0,602.0,784.0,4,944.0
7.0,32.0,370.0,505.0,602.0,784.0,4,986.0
7.0,32.0,241.0,370.0,505.0,925.0,4,986.0
7.0,32.0,241.0,370.0,505.0,511.0,4,925.0
7.0,32.0,241.0,370.0,505.0,511.0,4,925.0
7.0,32.0,241.0,505.0,602.0,784.0,4,925.0
7.0,34.0,104.0,506.0,662.0,747.0,4,974.0
7.0,34.0,104.0,506.0,583.0,685.0,4,747.0
7.0,34.0,104.0,506.0,662.0,747.0,4,974.0
7.0,34.0,104.0,506.0,662.0,747.0,4,974.0
7.0,34.0,104.0,506.0,662.0,747.0,4,974.0
7.0,34.0,104.0,506.0,662.0,747.0,4,974.0
7.0,34.0,104.0,506.0,685.0,747.0,4,974.0
7.0,34.0,104.0,506.0,685.0,747.0,4,974.0
7.0,32.0,34.0,370.0,505.0,602.0,4,986.0
7.0,32.0,241.0,370.0,505.0,511.0,4,784.0
7.0,32.0,241.0,511.0,602.0,784.0,4,944.0
7.0,32.0,34.0,241.0,370.0,505.0,4,986.0
7.0,32.0,34.0,241.0,602.0,944.0,4,986.0
7.0,32.0,241.0,370.0,505.0,925.0,4,986.0
7.0,32.0,34.0,241.0,511.0,602.0,4,944.0
7.0,32.0,370.0,511.0,602.0,784.0,4,944.0
7.0,32.0,34.0,241.0,511.0,602.0,4,944.0
7.0,32.0,34.0,241.0,511.0,602.0,4,944.0
7.0,32.0,505.0,511.0,602.0,784.0,4,944.0
7.0,32.0,505.0,511.0,602.0,784.0,4,944.0
7.0,32.0,241.0,370.0,505.0,784.0,4,986.0
7.0,32.0,241.0,370.0,505.0,784.0,4,986.0
7.0,32.0,370.0,505.0,602.0,784.0,4,986.0
7.0,32.0,241.0,370.0,505.0,784.0,4,986.0
7.0,32.0,34.0,241.0,370.0,511.0,4,944.0
7.0,32.0,34.0,370.0,511.0,602.0,4,944.0
7.0,32.0,34.0,370.0,511.0,602.0,4,944.0
7.0,32.0,34.0,241.0,511.0,602.0,4,944.0
7.0,32.0,34.0,241.0,511.0,602.0,4,944.0
7.0,32.0,505.0,602.0,784.0,944.0,4,986.0
7.0,32.0,241.0,370.0,602.0,784.0,4,986.0
7.0,32.0,241.0,370.0,511.0,602.0,4,784.0
7.0,6.0,606.0,646.0,693.0,914.0,4,980.0
7.0,6.0,444.0,606.0,646.0,914.0,4,980.0
7.0,6.0,444.0,606.0,646.0,914.0,4,980.0
7.0,6.0,606.0,646.0,693.0,980.0,4,989.0
7.0,6.0,606.0,646.0,693.0,914.0,4,989.0
7.0,32.0,34.0,241.0,511.0,602.0,4,944.0
7.0,32.0,34.0,241.0,602.0,784.0,4,944.0
7.0,32.0,34.0,505.0,602.0,784.0,4,944.0
7.0,32.0,241.0,370.0,511.0,602.0,4,784.0
7.0,32.0,241.0,370.0,602.0,784.0,4,986.0
7.0,32.0,241.0,370.0,602.0,784.0,4,986.0
7.0,32.0,34.0,241.0,370.0,505.0,4,784.0
7.0,32.0,34.0,370.0,505.0,602.0,4,784.0
7.0,32.0,34.0,241.0,511.0,602.0,4,944.0
7.0,32.0,34.0,241.0,511.0,602.0,4,944.0
7.0,32.0,241.0,505.0,511.0,602.0,4,784.0
7.0,32.0,370.0,505.0,511.0,602.0,4,784.0
7.0,32.0,34.0,241.0,511.0,602.0,4,944.0
7.0,32.0,370.0,505.0,602.0,784.0,4,986.0
7.0,32.0,34.0,241.0,511.0,602.0,4,944.0
7.0,32.0,241.0,511.0,602.0,784.0,4,944.0
7.0,32.0,173.0,370.0,505.0,784.0,4,944.0
7.0,32.0,173.0,370.0,505.0,602.0,4,784.0
7.0,32.0,34.0,241.0,505.0,511.0,4,602.0
7.0,2.0,36.0,255.0,493.0,790.0,4,900.0
7.0,2.0,17.0,670.0,687.0,728.0,4,900.0
7.0,2.0,17.0,255.0,687.0,790.0,4,900.0
7.0,2.0,17.0,36.0,255.0,493.0,4,687.0
7.0,2.0,17.0,36.0,255.0,493.0,4,687.0
7.0,2.0,255.0,493.0,687.0,790.0,4,900.0
7.0,2.0,36.0,255.0,493.0,687.0,4,900.0
7.0,2.0,36.0,255.0,493.0,687.0,4,900.0
7.0,2.0,17.0,36.0,448.0,670.0,4,900.0
7.0,2.0,17.0,36.0,255.0,670.0,4,790.0
7.0,2.0,17.0,255.0,670.0,687.0,4,790.0
7.0,2.0,36.0,255.0,493.0,790.0,4,900.0
7.0,32.0,34.0,241.0,511.0,602.0,4,944.0
7.0,32.0,34.0,241.0,370.0,505.0,4,925.0
7.0,32.0,34.0,241.0,505.0,602.0,4,925.0
7.0,32.0,34.0,370.0,511.0,602.0,4,944.0
7.0,32.0,34.0,241.0,511.0,602.0,4,944.0
7.0,32.0,173.0,241.0,370.0,505.0,4,511.0
7.0,32.0,34.0,173.0,241.0,602.0,4,944.0
7.0,32.0,241.0,370.0,505.0,925.0,4,986.0
7.0,32.0,34.0,241.0,370.0,602.0,4,925.0
7.0,32.0,173.0,241.0,370.0,511.0,4,602.0
7.0,32.0,34.0,241.0,511.0,602.0,4,944.0
7.0,32.0,34.0,241.0,511.0,602.0,4,944.0
7.0,32.0,34.0,241.0,370.0,511.0,4,602.0
7.0,32.0,34.0,241.0,370.0,511.0,4,602.0
7.0,32.0,34.0,241.0,370.0,511.0,4,602.0
7.0,0.0,139.0,315.0,465.0,721.0,4,906.0
7.0,0.0,139.0,252.0,315.0,721.0,4,906.0
7.0,0.0,139.0,244.0,252.0,720.0,4,721.0
7.0,0.0,244.0,465.0,601.0,720.0,4,789.0
7.0,0.0,244.0,465.0,601.0,789.0,4,792.0
7.0,0.0,244.0,465.0,601.0,789.0,4,792.0
7.0,0.0,244.0,315.0,465.0,789.0,4,906.0
7.0,0.0,244.0,315.0,465.0,721.0,4,906.0
7.0,0.0,139.0,252.0,315.0,721.0,4,906.0
7.0,0.0,139.0,252.0,315.0,601.0,4,721.0
7.0,0.0,139.0,252.0,315.0,601.0,4,721.0
7.0,0.0,244.0,465.0,601.0,789.0,4,792.0
7.0,22.0,117.0,320.0,369.0,466.0,4,990.0
7.0,22.0,16.0,26.0,117.0,320.0,4,990.0
7.0,22.0,16.0,26.0,60.0,77.0,4,990.0
7.0,22.0,16.0,26.0,60.0,77.0,4,222.0
7.0,22.0,16.0,26.0,60.0,77.0,4,222.0
7.0,22.0,117.0,320.0,369.0,466.0,4,990.0
7.0,22.0,16.0,26.0,77.0,117.0,4,990.0
7.0,22.0,16.0,26.0,77.0,222.0,4,990.0
7.0,22.0,16.0,60.0,77.0,222.0,4,466.0
7.0,32.0,34.0,241.0,602.0,944.0,4,986.0
7.0,32.0,34.0,370.0,505.0,739.0,4,925.0
7.0,32.0,34.0,241.0,370.0,602.0,4,925.0
7.0,32.0,173.0,241.0,370.0,602.0,4,925.0
7.0,32.0,173.0,370.0,511.0,613.0,4,944.0
7.0,32.0,173.0,370.0,511.0,613.0,4,944.0
7.0,32.0,173.0,370.0,511.0,613.0,4,944.0
7.0,32.0,34.0,241.0,370.0,944.0,4,986.0
7.0,32.0,173.0,511.0,602.0,739.0,4,944.0
7.0,32.0,173.0,241.0,511.0,602.0,4,944.0
7.0,32.0,173.0,241.0,370.0,511.0,4,944.0
7.0,32.0,34.0,241.0,511.0,602.0,4,944.0
7.0,6.0,275.0,444.0,646.0,914.0,4,980.0
7.0,6.0,275.0,444.0,646.0,914.0,4,980.0
7.0,6.0,444.0,646.0,693.0,914.0,4,980.0
7.0,6.0,30.0,35.0,275.0,693.0,4,989.0
7.0,6.0,30.0,35.0,275.0,693.0,4,989.0
7.0,6.0,35.0,275.0,444.0,646.0,4,980.0
7.0,6.0,275.0,444.0,646.0,693.0,4,980.0
7.0,1.0,78.0,106.0,463.0,595.0,4,808.0
7.0,1.0,160.0,442.0,484.0,565.0,4,808.0
7.0,1.0,78.0,106.0,463.0,595.0,4,808.0
7.0,1.0,78.0,106.0,442.0,463.0,4,795.0
7.0,1.0,160.0,442.0,484.0,565.0,4,795.0
7.0,1.0,160.0,442.0,484.0,565.0,4,795.0
7.0,1.0,160.0,442.0,484.0,565.0,4,795.0
7.0,1.0,160.0,442.0,565.0,795.0,4,808.0
7.0,1.0,78.0,160.0,442.0,565.0,4,808.0
7.0,32.0,34.0,505.0,511.0,602.0,4,944.0
7.0,32.0,173.0,505.0,511.0,602.0,4,944.0
7.0,32.0,173.0,370.0,505.0,511.0,4,944.0
7.0,32.0,173.0,370.0,505.0,511.0,4,944.0
7.0,32.0,34.0,173.0,241.0,370.0,4,602.0
7.0,32.0,34.0,241.0,370.0,511.0,4,602.0
7.0,32.0,173.0,370.0,505.0,511.0,4,944.0
7.0,32.0,173.0,241.0,511.0,602.0,4,944.0
7.0,32.0,173.0,241.0,511.0,602.0,4,944.0
7.0,32.0,173.0,241.0,505.0,511.0,4,602.0
7.0,32.0,34.0,241.0,370.0,511.0,4,602.0
7.0,25.0,74.0,421.0,603.0,696.0,4,759.0
7.0,25.0,50.0,74.0,696.0,759.0,4,1003.0
7.0,25.0,74.0,421.0,696.0,759.0,4,958.0
7.0,25.0,74.0,421.0,603.0,696.0,4,759.0
7.0,25.0,74.0,269.0,421.0,696.0,4,759.0
7.0,25.0,74.0,269.0,421.0,958.0,4,1003.0
7.0,25.0,269.0,297.0,696.0,958.0,4,1003.0
7.0,25.0,74.0,421.0,696.0,759.0,4,958.0
7.0,25.0,74.0,696.0,759.0,958.0,4,1003.0
7.0,32.0,241.0,370.0,511.0,944.0,4,986.0
7.0,32.0,173.0,370.0,505.0,944.0,4,986.0
7.0,32.0,173.0,505.0,739.0,944.0,4,986.0
7.0,32.0,173.0,241.0,505.0,739.0,4,986.0
7.0,32.0,241.0,370.0,511.0,739.0,4,784.0
7.0,32.0,370.0,511.0,739.0,784.0,4,944.0
7.0,32.0,241.0,370.0,511.0,784.0,4,944.0
7.0,32.0,173.0,241.0,505.0,739.0,4,986.0
7.0,32.0,241.0,370.0,511.0,784.0,4,944.0
7.0,17.0,109.0,460.0,502.0,587.0,4,809.0
7.0,17.0,170.0,354.0,460.0,502.0,4,809.0
7.0,17.0,354.0,460.0,502.0,587.0,4,809.0
7.0,17.0,109.0,460.0,502.0,587.0,4,809.0
7.0,17.0,109.0,460.0,502.0,587.0,4,809.0
7.0,17.0,170.0,354.0,502.0,587.0,4,809.0
7.0,32.0,241.0,511.0,602.0,784.0,4,944.0
7.0,32.0,505.0,602.0,784.0,944.0,4,986.0
7.0,32.0,241.0,370.0,505.0,511.0,4,784.0
7.0,32.0,241.0,370.0,511.0,602.0,4,784.0
7.0,32.0,173.0,511.0,602.0,739.0,4,944.0
7.0,32.0,505.0,511.0,602.0,784.0,4,944.0
7.0,32.0,241.0,511.0,602.0,784.0,4,944.0
7.0,32.0,241.0,511.0,602.0,784.0,4,944.0
7.0,32.0,370.0,505.0,511.0,602.0,4,784.0
7.0,32.0,34.0,241.0,370.0,505.0,4,986.0
7.0,32.0,34.0,241.0,370.0,505.0,4,986.0
7.0,32.0,241.0,511.0,602.0,784.0,4,944.0
7.0,32.0,173.0,241.0,511.0,602.0,4,944.0
7.0,32.0,241.0,505.0,511.0,602.0,4,944.0
7.0,32.0,34.0,241.0,511.0,602.0,4,944.0
7.0,32.0,173.0,241.0,370.0,784.0,4,944.0
7.0,32.0,241.0,505.0,511.0,602.0,4,925.0
7.0,32.0,241.0,505.0,511.0,602.0,4,925.0
7.0,9.0,39.0,108.0,366.0,604.0,4,845.0
7.0,9.0,39.0,510.0,574.0,637.0,4,794.0
7.0,9.0,39.0,108.0,366.0,604.0,4,845.0
7.0,9.0,39.0,108.0,366.0,604.0,4,845.0
7.0,9.0,39.0,108.0,366.0,604.0,4,845.0
7.0,9.0,39.0,108.0,366.0,604.0,4,845.0
7.0,9.0,366.0,510.0,574.0,604.0,4,794.0
7.0,32.0,34.0,370.0,511.0,602.0,4,944.0
7.0,32.0,34.0,370.0,602.0,944.0,4,986.0
7.0,32.0,370.0,602.0,784.0,944.0,4,986.0
7.0,32.0,602.0,739.0,784.0,944.0,4,986.0
7.0,32.0,370.0,505.0,739.0,784.0,4,986.0
7.0,32.0,370.0,505.0,739.0,784.0,4,986.0
7.0,32.0,34.0,505.0,511.0,602.0,4,944.0
7.0,32.0,34.0,370.0,511.0,602.0,4,944.0
7.0,32.0,34.0,370.0,511.0,602.0,4,944.0
7.0,23.0,33.0,388.0,400.0,475.0,4,955.0
7.0,23.0,33.0,180.0,388.0,400.0,4,955.0
7.0,23.0,180.0,388.0,400.0,897.0,4,967.0
7.0,23.0,180.0,388.0,400.0,897.0,4,967.0
7.0,23.0,388.0,400.0,475.0,897.0,4,967.0
7.0,23.0,33.0,180.0,388.0,400.0,4,778.0
7.0,23.0,180.0,475.0,897.0,955.0,4,967.0
7.0,23.0,180.0,475.0,897.0,955.0,4,967.0
7.0,23.0,388.0,475.0,897.0,955.0,4,967.0
7.0,23.0,180.0,388.0,897.0,955.0,4,967.0
7.0,23.0,180.0,388.0,400.0,955.0,4,967.0
7.0,9.0,39.0,151.0,366.0,535.0,4,1019.0
7.0,9.0,366.0,535.0,574.0,604.0,4,1019.0
7.0,9.0,39.0,510.0,574.0,604.0,4,1019.0
7.0,9.0,39.0,151.0,366.0,535.0,4,574.0
7.0,9.0,151.0,366.0,535.0,574.0,4,604.0
7.0,9.0,39.0,510.0,574.0,604.0,4,1019.0
7.0,9.0,366.0,535.0,574.0,604.0,4,1019.0
7.0,9.0,151.0,366.0,535.0,604.0,4,1019.0
7.0,15.0,659.0,714.0,941.0,960.0,4,1036.0
7.0,15.0,302.0,484.0,659.0,719.0,4,802.0
7.0,15.0,302.0,484.0,593.0,719.0,4,802.0
7.0,15.0,302.0,484.0,593.0,719.0,4,960.0
7.0,15.0,659.0,714.0,719.0,960.0,4,1036.0
7.0,15.0,659.0,714.0,941.0,960.0,4,1036.0
7.0,15.0,302.0,484.0,593.0,719.0,4,802.0
7.0,15.0,302.0,484.0,593.0,719.0,4,802.0
7.0,15.0,302.0,593.0,714.0,719.0,4,802.0
7.0,15.0,593.0,714.0,719.0,802.0,4,1036.0
7.0,15.0,659.0,714.0,719.0,960.0,4,1036.0
7.0,9.0,39.0,151.0,366.0,535.0,4,1019.0
7.0,9.0,39.0,108.0,151.0,366.0,4,535.0
7.0,9.0,39.0,108.0,535.0,604.0,4,845.0
7.0,9.0,39.0,510.0,535.0,845.0,4,1019.0
7.0,9.0,39.0,151.0,366.0,535.0,4,1019.0
7.0,9.0,39.0,108.0,151.0,366.0,4,535.0
7.0,9.0,39.0,108.0,510.0,604.0,4,845.0
7.0,9.0,39.0,108.0,366.0,604.0,4,845.0
7.0,9.0,39.0,108.0,366.0,604.0,4,845.0
7.0,9.0,108.0,366.0,535.0,604.0,4,845.0
7.0,9.0,39.0,535.0,604.0,845.0,4,1019.0
7.0,9.0,39.0,108.0,604.0,637.0,4,1019.0
7.0,9.0,108.0,151.0,366.0,535.0,4,604.0
7.0,9.0,39.0,108.0,151.0,535.0,4,604.0
7.0,9.0,366.0,535.0,604.0,845.0,4,1019.0
7.0,9.0,366.0,535.0,604.0,845.0,4,1019.0
7.0,9.0,39.0,535.0,604.0,845.0,4,1019.0
7.0,9.0,108.0,366.0,574.0,604.0,4,637.0
7.0,29.0,83.0,173.0,392.0,635.0,4,670.0
7.0,29.0,242.0,370.0,392.0,456.0,4,635.0
7.0,29.0,83.0,242.0,370.0,456.0,4,505.0
7.0,9.0,366.0,535.0,604.0,794.0,4,845.0
7.0,9.0,39.0,108.0,604.0,637.0,4,845.0
7.0,9.0,39.0,108.0,366.0,535.0,4,574.0
7.0,9.0,39.0,108.0,366.0,535.0,4,574.0
7.0,9.0,39.0,108.0,366.0,535.0,4,845.0
7.0,9.0,39.0,108.0,366.0,535.0,4,574.0
7.0,9.0,39.0,108.0,366.0,535.0,4,845.0
7.0,9.0,39.0,535.0,604.0,794.0,4,845.0
7.0,9.0,39.0,535.0,604.0,794.0,4,845.0
7.0,9.0,39.0,574.0,604.0,794.0,4,845.0
7.0,9.0,39.0,108.0,366.0,535.0,4,845.0
7.0,0.0,13.0,244.0,465.0,601.0,4,789.0
7.0,0.0,13.0,244.0,465.0,601.0,4,789.0
7.0,0.0,13.0,244.0,465.0,601.0,4,789.0
7.0,0.0,13.0,244.0,465.0,601.0,4,789.0
7.0,0.0,13.0,244.0,465.0,634.0,4,789.0
7.0,0.0,244.0,372.0,465.0,634.0,4,789.0
7.0,0.0,372.0,601.0,634.0,721.0,4,906.0
7.0,0.0,13.0,244.0,465.0,721.0,4,906.0
7.0,0.0,13.0,244.0,465.0,721.0,4,906.0
7.0,0.0,13.0,244.0,465.0,601.0,4,721.0
7.0,9.0,108.0,366.0,535.0,604.0,4,845.0
7.0,9.0,39.0,108.0,535.0,604.0,4,845.0
7.0,9.0,39.0,535.0,574.0,794.0,4,845.0
7.0,9.0,39.0,108.0,529.0,604.0,4,845.0
7.0,9.0,39.0,108.0,529.0,574.0,4,604.0
7.0,9.0,39.0,108.0,366.0,604.0,4,845.0
7.0,9.0,108.0,366.0,535.0,604.0,4,845.0
7.0,9.0,108.0,529.0,535.0,574.0,4,604.0
7.0,9.0,39.0,108.0,366.0,604.0,4,845.0
7.0,2.0,36.0,493.0,577.0,790.0,4,900.0
7.0,2.0,17.0,790.0,824.0,966.0,4,993.0
7.0,2.0,17.0,36.0,493.0,577.0,4,900.0
7.0,2.0,17.0,36.0,493.0,577.0,4,900.0
7.0,2.0,36.0,493.0,790.0,824.0,4,900.0
7.0,2.0,36.0,493.0,790.0,824.0,4,900.0
7.0,2.0,17.0,687.0,728.0,966.0,4,993.0
7.0,2.0,17.0,493.0,687.0,728.0,4,993.0
7.0,2.0,17.0,493.0,687.0,728.0,4,900.0
7.0,2.0,17.0,493.0,687.0,728.0,4,900.0
7.0,9.0,39.0,108.0,366.0,535.0,4,574.0
7.0,9.0,108.0,366.0,535.0,604.0,4,845.0
7.0,9.0,108.0,366.0,535.0,574.0,4,845.0
7.0,9.0,39.0,149.0,535.0,845.0,4,1019.0
7.0,9.0,39.0,108.0,366.0,535.0,4,845.0
7.0,9.0,108.0,366.0,535.0,574.0,4,845.0
7.0,9.0,108.0,149.0,529.0,574.0,4,845.0
7.0,9.0,108.0,366.0,510.0,535.0,4,845.0
7.0,9.0,108.0,510.0,574.0,637.0,4,962.0
7.0,9.0,39.0,108.0,366.0,535.0,4,574.0
7.0,9.0,108.0,366.0,535.0,604.0,4,845.0
7.0,9.0,39.0,108.0,366.0,604.0,4,845.0
7.0,9.0,39.0,108.0,366.0,535.0,4,845.0
7.0,9.0,39.0,108.0,366.0,535.0,4,845.0
7.0,9.0,39.0,108.0,149.0,535.0,4,845.0
7.0,9.0,39.0,510.0,604.0,845.0,4,1019.0
7.0,9.0,510.0,574.0,637.0,962.0,4,1019.0
7.0,9.0,39.0,108.0,366.0,535.0,4,574.0
7.0,9.0,39.0,108.0,366.0,535.0,4,574.0
7.0,9.0,39.0,108.0,535.0,604.0,4,845.0
7.0,9.0,39.0,108.0,535.0,604.0,4,845.0
7.0,9.0,510.0,529.0,604.0,794.0,4,845.0
7.0,9.0,108.0,366.0,510.0,574.0,4,845.0
7.0,9.0,39.0,108.0,366.0,574.0,4,845.0
7.0,9.0,39.0,108.0,366.0,535.0,4,845.0
7.0,9.0,39.0,108.0,366.0,535.0,4,845.0
7.0,9.0,39.0,108.0,366.0,535.0,4,845.0
7.0,9.0,39.0,108.0,366.0,535.0,4,574.0
7.0,9.0,108.0,366.0,535.0,604.0,4,845.0
7.0,9.0,39.0,366.0,535.0,574.0,4,845.0
7.0,9.0,39.0,108.0,535.0,574.0,4,845.0
7.0,9.0,39.0,108.0,535.0,574.0,4,845.0
7.0,17.0,328.0,354.0,642.0,764.0,4,1037.0
7.0,17.0,310.0,328.0,348.0,354.0,4,642.0
7.0,17.0,310.0,328.0,348.0,354.0,4,642.0
7.0,17.0,310.0,328.0,348.0,354.0,4,642.0
7.0,17.0,328.0,348.0,354.0,502.0,4,642.0
7.0,17.0,328.0,348.0,354.0,502.0,4,642.0
7.0,17.0,310.0,328.0,348.0,354.0,4,642.0
7.0,17.0,328.0,354.0,502.0,642.0,4,764.0
7.0,17.0,109.0,328.0,502.0,587.0,4,764.0
7.0,4.0,134.0,487.0,589.0,936.0,4,964.0
7.0,4.0,683.0,715.0,743.0,936.0,4,964.0
7.0,4.0,134.0,487.0,589.0,683.0,4,715.0
7.0,4.0,134.0,487.0,589.0,683.0,4,715.0
7.0,4.0,134.0,487.0,589.0,936.0,4,964.0
7.0,4.0,589.0,715.0,743.0,936.0,4,964.0
7.0,4.0,487.0,683.0,715.0,936.0,4,964.0
7.0,4.0,487.0,683.0,715.0,936.0,4,964.0
7.0,22.0,16.0,320.0,454.0,536.0,4,864.0
7.0,22.0,16.0,60.0,77.0,633.0,4,990.0
7.0,22.0,16.0,60.0,77.0,454.0,4,990.0
7.0,22.0,16.0,60.0,77.0,454.0,4,990.0
7.0,22.0,16.0,320.0,454.0,536.0,4,990.0
7.0,22.0,16.0,320.0,454.0,536.0,4,864.0
7.0,22.0,16.0,454.0,536.0,633.0,4,990.0
7.0,22.0,320.0,454.0,536.0,864.0,4,990.0
7.0,22.0,16.0,320.0,454.0,536.0,4,864.0
7.0,9.0,151.0,366.0,529.0,604.0,4,845.0
7.0,9.0,151.0,366.0,529.0,604.0,4,845.0
7.0,9.0,39.0,151.0,529.0,604.0,4,845.0
7.0,9.0,39.0,108.0,529.0,535.0,4,845.0
7.0,9.0,39.0,108.0,366.0,535.0,4,574.0
7.0,9.0,108.0,366.0,535.0,574.0,4,604.0
7.0,9.0,151.0,366.0,535.0,604.0,4,845.0
7.0,9.0,39.0,108.0,535.0,604.0,4,845.0
7.0,12.0,237.0,350.0,611.0,788.0,4,856.0
7.0,12.0,350.0,611.0,638.0,817.0,4,856.0
7.0,12.0,126.0,386.0,638.0,771.0,4,788.0
7.0,12.0,126.0,386.0,638.0,771.0,4,788.0
7.0,12.0,237.0,350.0,611.0,788.0,4,856.0
7.0,12.0,126.0,386.0,638.0,788.0,4,817.0
7.0,12.0,126.0,611.0,638.0,788.0,4,856.0
7.0,12.0,350.0,611.0,638.0,788.0,4,856.0
7.0,12.0,237.0,350.0,611.0,788.0,4,856.0
7.0,1.0,78.0,106.0,442.0,463.0,4,517.0
7.0,1.0,78.0,106.0,442.0,463.0,4,517.0
7.0,1.0,78.0,353.0,442.0,517.0,4,595.0
7.0,1.0,78.0,353.0,442.0,517.0,4,595.0
7.0,1.0,188.0,353.0,565.0,595.0,4,795.0
7.0,1.0,188.0,353.0,565.0,795.0,4,1006.0
7.0,1.0,353.0,463.0,517.0,595.0,4,1006.0
7.0,1.0,188.0,353.0,595.0,795.0,4,1006.0
7.0,1.0,78.0,106.0,353.0,442.0,4,517.0
7.0,9.0,39.0,108.0,366.0,535.0,4,574.0
7.0,9.0,39.0,108.0,535.0,574.0,4,604.0
7.0,9.0,151.0,529.0,535.0,604.0,4,1019.0
7.0,9.0,151.0,529.0,535.0,604.0,4,1019.0
7.0,9.0,151.0,366.0,529.0,604.0,4,1019.0
7.0,9.0,151.0,366.0,529.0,604.0,4,1019.0
7.0,9.0,39.0,108.0,529.0,535.0,4,574.0
7.0,9.0,39.0,108.0,366.0,535.0,4,604.0
7.0,9.0,39.0,108.0,366.0,535.0,4,604.0
7.0,9.0,108.0,366.0,529.0,535.0,4,604.0
7.0,9.0,108.0,366.0,529.0,535.0,4,604.0
7.0,6.0,48.0,300.0,606.0,693.0,4,980.0
7.0,6.0,48.0,125.0,606.0,693.0,4,980.0
7.0,6.0,30.0,48.0,125.0,606.0,4,980.0
7.0,6.0,444.0,693.0,889.0,980.0,4,989.0
7.0,25.0,74.0,356.0,421.0,759.0,4,958.0
7.0,25.0,74.0,421.0,759.0,958.0,4,1003.0
7.0,25.0,286.0,356.0,696.0,854.0,4,1003.0
7.0,25.0,286.0,356.0,696.0,854.0,4,1003.0
7.0,25.0,74.0,696.0,759.0,958.0,4,1003.0
7.0,25.0,74.0,356.0,421.0,759.0,4,958.0
7.0,25.0,356.0,421.0,759.0,958.0,4,1003.0
7.0,25.0,74.0,421.0,452.0,759.0,4,1003.0
7.0,25.0,74.0,356.0,421.0,452.0,4,1003.0
7.0,25.0,452.0,696.0,759.0,958.0,4,1003.0
7.0,25.0,452.0,696.0,759.0,958.0,4,1003.0
7.0,34.0,104.0,506.0,662.0,974.0,4,975.0
7.0,34.0,104.0,506.0,662.0,974.0,4,975.0
7.0,34.0,506.0,662.0,685.0,747.0,4,974.0
7.0,34.0,345.0,436.0,685.0,747.0,4,774.0
7.0,34.0,104.0,506.0,662.0,974.0,4,975.0
7.0,34.0,104.0,506.0,662.0,974.0,4,975.0
7.0,34.0,104.0,506.0,662.0,747.0,4,974.0
7.0,34.0,104.0,506.0,662.0,974.0,4,975.0
7.0,34.0,506.0,662.0,685.0,747.0,4,974.0
7.0,34.0,506.0,662.0,685.0,747.0,4,974.0
7.0,34.0,345.0,436.0,685.0,747.0,4,774.0
7.0,34.0,345.0,436.0,685.0,774.0,4,975.0
7.0,34.0,167.0,345.0,685.0,774.0,4,975.0
7.0,34.0,167.0,321.0,345.0,774.0,4,975.0
7.0,9.0,108.0,366.0,535.0,574.0,4,604.0
7.0,9.0,108.0,151.0,366.0,535.0,4,604.0
7.0,9.0,39.0,108.0,366.0,535.0,4,574.0
7.0,9.0,39.0,108.0,366.0,535.0,4,574.0
7.0,9.0,108.0,366.0,535.0,574.0,4,604.0
7.0,9.0,39.0,108.0,366.0,574.0,4,604.0
7.0,9.0,151.0,366.0,535.0,604.0,4,1019.0
7.0,9.0,39.0,108.0,535.0,574.0,4,604.0
7.0,9.0,39.0,108.0,366.0,535.0,4,574.0
7.0,9.0,39.0,366.0,574.0,604.0,4,1019.0
7.0,9.0,39.0,108.0,366.0,535.0,4,1019.0
7.0,9.0,39.0,510.0,574.0,637.0,4,1019.0
7.0,23.0,44.0,136.0,388.0,575.0,4,822.0
7.0,23.0,33.0,44.0,136.0,400.0,4,822.0
7.0,23.0,33.0,44.0,136.0,388.0,4,822.0
7.0,23.0,33.0,44.0,136.0,400.0,4,822.0
7.0,23.0,44.0,136.0,388.0,575.0,4,822.0
7.0,23.0,44.0,136.0,388.0,400.0,4,575.0
7.0,23.0,33.0,44.0,136.0,388.0,4,400.0
7.0,23.0,33.0,136.0,388.0,400.0,4,822.0
7.0,26.0,333.0,422.0,703.0,914.0,4,948.0
7.0,26.0,107.0,314.0,384.0,914.0,4,965.0
7.0,26.0,314.0,384.0,422.0,948.0,4,965.0
7.0,26.0,333.0,384.0,703.0,914.0,4,965.0
7.0,26.0,314.0,333.0,384.0,948.0,4,965.0
7.0,26.0,333.0,703.0,914.0,948.0,4,965.0
7.0,26.0,314.0,422.0,703.0,914.0,4,948.0
7.0,26.0,333.0,422.0,703.0,914.0,4,948.0
7.0,9.0,39.0,108.0,535.0,604.0,4,845.0
7.0,9.0,39.0,535.0,604.0,845.0,4,1019.0
7.0,9.0,149.0,366.0,604.0,845.0,4,1019.0
7.0,9.0,39.0,108.0,535.0,604.0,4,845.0
7.0,9.0,108.0,510.0,529.0,574.0,4,604.0
7.0,34.0,104.0,506.0,662.0,747.0,4,974.0
7.0,34.0,104.0,506.0,662.0,974.0,4,975.0
7.0,34.0,104.0,436.0,506.0,662.0,4,974.0
7.0,34.0,104.0,436.0,506.0,662.0,4,974.0
7.0,34.0,104.0,436.0,506.0,662.0,4,974.0
7.0,34.0,506.0,662.0,685.0,747.0,4,974.0
7.0,34.0,506.0,662.0,685.0,747.0,4,974.0
7.0,34.0,436.0,506.0,662.0,685.0,4,974.0
7.0,34.0,104.0,506.0,662.0,685.0,4,747.0
7.0,34.0,104.0,506.0,685.0,747.0,4,974.0
7.0,17.0,109.0,310.0,328.0,354.0,4,587.0
7.0,17.0,109.0,310.0,328.0,354.0,4,587.0
7.0,17.0,109.0,137.0,328.0,587.0,4,727.0
7.0,17.0,137.0,310.0,354.0,587.0,4,642.0
7.0,17.0,109.0,137.0,328.0,502.0,4,587.0
7.0,17.0,109.0,137.0,587.0,642.0,4,727.0
7.0,17.0,109.0,137.0,587.0,642.0,4,727.0
7.0,17.0,109.0,137.0,587.0,642.0,4,727.0
7.0,17.0,109.0,137.0,587.0,642.0,4,727.0
7.0,9.0,39.0,108.0,535.0,604.0,4,845.0
7.0,9.0,39.0,535.0,604.0,845.0,4,1019.0
7.0,9.0,39.0,108.0,366.0,535.0,4,574.0
7.0,9.0,39.0,108.0,366.0,535.0,4,574.0
7.0,9.0,39.0,108.0,366.0,535.0,4,574.0
7.0,9.0,39.0,108.0,366.0,535.0,4,574.0
7.0,9.0,39.0,574.0,604.0,845.0,4,1019.0
7.0,9.0,39.0,574.0,604.0,845.0,4,1019.0
7.0,9.0,39.0,529.0,604.0,845.0,4,1019.0
7.0,9.0,39.0,108.0,535.0,604.0,4,1019.0
7.0,9.0,39.0,108.0,535.0,604.0,4,1019.0
7.0,9.0,39.0,108.0,535.0,574.0,4,1019.0
7.0,9.0,39.0,108.0,366.0,535.0,4,845.0
7.0,9.0,108.0,366.0,535.0,604.0,4,845.0
7.0,9.0,108.0,366.0,535.0,604.0,4,845.0
7.0,9.0,39.0,108.0,529.0,604.0,4,845.0
7.0,9.0,39.0,108.0,529.0,604.0,4,845.0
7.0,9.0,39.0,108.0,366.0,535.0,4,574.0
7.0,9.0,39.0,529.0,604.0,845.0,4,1019.0
7.0,9.0,39.0,529.0,604.0,845.0,4,1019.0
7.0,9.0,108.0,366.0,529.0,604.0,4,1019.0
7.0,9.0,108.0,529.0,535.0,574.0,4,604.0
7.0,9.0,108.0,366.0,535.0,574.0,4,604.0
7.0,9.0,108.0,366.0,529.0,574.0,4,604.0
7.0,9.0,108.0,366.0,529.0,604.0,4,1019.0
7.0,9.0,39.0,108.0,535.0,604.0,4,1019.0
7.0,25.0,74.0,356.0,421.0,759.0,4,958.0
7.0,25.0,74.0,356.0,421.0,696.0,4,759.0
7.0,25.0,74.0,421.0,603.0,696.0,4,1003.0
7.0,25.0,286.0,297.0,603.0,696.0,4,1003.0
7.0,25.0,74.0,356.0,421.0,759.0,4,1003.0
7.0,25.0,74.0,356.0,421.0,759.0,4,958.0
7.0,9.0,39.0,108.0,366.0,535.0,4,604.0
7.0,9.0,39.0,108.0,366.0,535.0,4,604.0
7.0,9.0,108.0,366.0,535.0,574.0,4,845.0
7.0,9.0,39.0,151.0,535.0,574.0,4,845.0
7.0,9.0,39.0,151.0,510.0,574.0,4,845.0
7.0,9.0,39.0,108.0,366.0,535.0,4,604.0
7.0,9.0,108.0,366.0,535.0,604.0,4,845.0
7.0,9.0,39.0,108.0,366.0,535.0,4,604.0
7.0,9.0,39.0,108.0,510.0,604.0,4,845.0
7.0,9.0,39.0,108.0,366.0,535.0,4,604.0
7.0,9.0,39.0,535.0,604.0,845.0,4,1019.0
7.0,9.0,39.0,510.0,604.0,845.0,4,1019.0
7.0,9.0,108.0,366.0,535.0,574.0,4,604.0
7.0,9.0,108.0,366.0,535.0,604.0,4,1019.0
7.0,9.0,39.0,108.0,535.0,604.0,4,845.0
7.0,9.0,39.0,108.0,510.0,535.0,4,574.0
7.0,9.0,39.0,108.0,510.0,535.0,4,574.0
7.0,9.0,39.0,108.0,535.0,604.0,4,1019.0
7.0,9.0,108.0,366.0,510.0,574.0,4,845.0
7.0,9.0,39.0,510.0,604.0,845.0,4,1019.0
7.0,9.0,108.0,366.0,535.0,604.0,4,845.0
7.0,9.0,108.0,366.0,535.0,604.0,4,845.0
7.0,9.0,39.0,108.0,366.0,535.0,4,845.0
7.0,9.0,39.0,366.0,604.0,845.0,4,1019.0
7.0,9.0,108.0,366.0,535.0,604.0,4,1019.0
7.0,9.0,39.0,108.0,535.0,604.0,4,1019.0
7.0,9.0,39.0,108.0,366.0,535.0,4,604.0
7.0,9.0,39.0,510.0,604.0,845.0,4,1019.0
7.0,9.0,39.0,510.0,574.0,845.0,4,1019.0
7.0,9.0,39.0,108.0,366.0,535.0,4,1019.0
7.0,9.0,39.0,108.0,366.0,535.0,4,604.0
7.0,9.0,39.0,108.0,366.0,535.0,4,604.0
7.0,9.0,39.0,108.0,366.0,535.0,4,604.0
7.0,9.0,108.0,366.0,535.0,604.0,4,845.0
7.0,9.0,108.0,366.0,535.0,604.0,4,845.0
7.0,9.0,39.0,366.0,510.0,845.0,4,1019.0
7.0,9.0,39.0,510.0,535.0,845.0,4,1019.0
7.0,9.0,366.0,535.0,604.0,845.0,4,1019.0
7.0,9.0,39.0,108.0,535.0,604.0,4,845.0
7.0,9.0,39.0,510.0,604.0,845.0,4,1019.0
7.0,9.0,39.0,535.0,574.0,845.0,4,1019.0
7.0,9.0,39.0,108.0,366.0,535.0,4,604.0
7.0,9.0,39.0,108.0,510.0,535.0,4,604.0
7.0,9.0,39.0,108.0,366.0,510.0,4,845.0
7.0,9.0,39.0,366.0,510.0,845.0,4,1019.0
7.0,9.0,39.0,366.0,535.0,845.0,4,1019.0
7.0,9.0,39.0,366.0,535.0,845.0,4,1019.0
7.0,9.0,39.0,108.0,366.0,535.0,4,604.0
7.0,9.0,39.0,108.0,366.0,535.0,4,604.0
7.0,9.0,108.0,366.0,535.0,604.0,4,845.0
7.0,9.0,39.0,366.0,535.0,845.0,4,1019.0
7.0,9.0,39.0,366.0,535.0,845.0,4,1019.0
7.0,1.0,106.0,463.0,484.0,595.0,4,808.0
7.0,1.0,160.0,442.0,463.0,595.0,4,808.0
7.0,1.0,154.0,160.0,442.0,565.0,4,808.0
7.0,1.0,154.0,442.0,484.0,565.0,4,795.0
7.0,1.0,154.0,442.0,484.0,565.0,4,795.0
7.0,1.0,106.0,463.0,484.0,595.0,4,808.0
7.0,1.0,442.0,463.0,484.0,565.0,4,808.0
7.0,1.0,106.0,463.0,484.0,595.0,4,808.0
7.0,1.0,106.0,160.0,463.0,565.0,4,808.0
7.0,1.0,154.0,442.0,484.0,595.0,4,795.0
7.0,1.0,154.0,442.0,484.0,595.0,4,795.0
7.0,9.0,39.0,108.0,535.0,604.0,4,845.0
7.0,9.0,39.0,108.0,535.0,604.0,4,845.0
7.0,9.0,39.0,108.0,510.0,604.0,4,845.0
7.0,9.0,366.0,510.0,574.0,845.0,4,1019.0
7.0,9.0,39.0,108.0,535.0,604.0,4,1019.0
7.0,9.0,39.0,108.0,366.0,535.0,4,604.0
7.0,9.0,108.0,366.0,535.0,604.0,4,845.0
7.0,9.0,39.0,535.0,604.0,845.0,4,1019.0
7.0,9.0,39.0,510.0,604.0,845.0,4,1019.0
7.0,9.0,39.0,510.0,604.0,845.0,4,1019.0
7.0,9.0,39.0,108.0,366.0,535.0,4,604.0
7.0,9.0,108.0,366.0,535.0,604.0,4,845.0
7.0,9.0,108.0,366.0,535.0,604.0,4,845.0
7.0,9.0,108.0,366.0,535.0,604.0,4,845.0
7.0,9.0,108.0,366.0,510.0,604.0,4,845.0
7.0,9.0,366.0,510.0,604.0,845.0,4,1019.0
7.0,9.0,149.0,510.0,574.0,845.0,4,1019.0
7.0,9.0,366.0,535.0,604.0,845.0,4,1019.0
7.0,33.0,318.0,361.0,686.0,829.0,4,976.0
7.0,33.0,258.0,318.0,361.0,829.0,4,976.0
7.0,33.0,258.0,271.0,318.0,361.0,4,829.0
7.0,33.0,258.0,271.0,361.0,504.0,4,686.0
7.0,9.0,39.0,108.0,366.0,535.0,4,604.0
7.0,9.0,108.0,366.0,535.0,604.0,4,845.0
7.0,9.0,108.0,366.0,535.0,604.0,4,845.0
7.0,9.0,39.0,108.0,366.0,535.0,4,604.0
7.0,9.0,39.0,108.0,366.0,535.0,4,604.0
7.0,9.0,39.0,108.0,366.0,535.0,4,845.0
7.0,9.0,108.0,366.0,510.0,535.0,4,845.0
7.0,26.0,381.0,384.0,422.0,703.0,4,948.0
7.0,26.0,107.0,314.0,447.0,703.0,4,965.0
7.0,26.0,141.0,314.0,381.0,948.0,4,965.0
7.0,26.0,381.0,422.0,703.0,948.0,4,965.0
7.0,26.0,381.0,422.0,703.0,948.0,4,965.0
7.0,26.0,314.0,384.0,447.0,703.0,4,948.0
7.0,26.0,314.0,384.0,447.0,703.0,4,948.0
7.0,26.0,381.0,384.0,422.0,703.0,4,948.0
7.0,26.0,314.0,381.0,703.0,948.0,4,965.0
7.0,26.0,141.0,314.0,447.0,948.0,4,965.0
7.0,26.0,141.0,314.0,447.0,948.0,4,965.0
7.0,26.0,107.0,141.0,314.0,447.0,4,965.0
7.0,26.0,107.0,141.0,314.0,447.0,4,965.0
7.0,26.0,381.0,384.0,422.0,703.0,4,948.0
7.0,26.0,381.0,384.0,422.0,703.0,4,948.0
7.0,9.0,39.0,108.0,366.0,535.0,4,604.0
7.0,9.0,39.0,108.0,366.0,535.0,4,604.0
7.0,9.0,39.0,108.0,366.0,535.0,4,604.0
7.0,9.0,39.0,108.0,366.0,604.0,4,845.0
7.0,9.0,366.0,510.0,574.0,845.0,4,1019.0
7.0,9.0,39.0,108.0,366.0,535.0,4,604.0
7.0,9.0,39.0,108.0,366.0,604.0,4,845.0
7.0,9.0,39.0,108.0,366.0,604.0,4,845.0
7.0,9.0,366.0,510.0,574.0,845.0,4,1019.0
7.0,9.0,108.0,510.0,535.0,574.0,4,1019.0
7.0,9.0,39.0,108.0,366.0,535.0,4,1019.0
7.0,9.0,39.0,108.0,366.0,535.0,4,1019.0
7.0,12.0,333.0,350.0,638.0,788.0,4,856.0
7.0,12.0,237.0,280.0,386.0,611.0,4,817.0
7.0,12.0,237.0,350.0,386.0,611.0,4,788.0
7.0,12.0,237.0,350.0,386.0,611.0,4,788.0
7.0,12.0,350.0,386.0,611.0,638.0,4,788.0
7.0,12.0,237.0,333.0,350.0,386.0,4,788.0
7.0,12.0,333.0,350.0,386.0,611.0,4,638.0
7.0,12.0,350.0,611.0,638.0,788.0,4,856.0
7.0,12.0,237.0,350.0,611.0,788.0,4,856.0
7.0,2.0,255.0,493.0,687.0,790.0,4,900.0
7.0,2.0,36.0,45.0,255.0,790.0,4,900.0
7.0,2.0,36.0,45.0,670.0,728.0,4,900.0
7.0,2.0,255.0,493.0,670.0,687.0,4,728.0
7.0,2.0,255.0,448.0,493.0,670.0,4,728.0
7.0,2.0,255.0,448.0,493.0,670.0,4,728.0
7.0,2.0,255.0,448.0,493.0,670.0,4,728.0
7.0,2.0,255.0,493.0,687.0,790.0,4,900.0
7.0,2.0,36.0,45.0,255.0,728.0,4,900.0
7.0,2.0,45.0,448.0,670.0,728.0,4,900.0
7.0,2.0,45.0,448.0,670.0,790.0,4,900.0
7.0,2.0,17.0,448.0,670.0,790.0,4,900.0
7.0,9.0,39.0,108.0,535.0,604.0,4,845.0
7.0,9.0,39.0,108.0,535.0,604.0,4,845.0
7.0,9.0,366.0,510.0,574.0,794.0,4,845.0
7.0,9.0,39.0,366.0,604.0,794.0,4,845.0
7.0,9.0,39.0,108.0,366.0,535.0,4,604.0
7.0,9.0,39.0,108.0,366.0,535.0,4,845.0
7.0,9.0,39.0,108.0,510.0,604.0,4,845.0
7.0,9.0,39.0,510.0,604.0,794.0,4,845.0
7.0,9.0,39.0,510.0,604.0,794.0,4,845.0
7.0,9.0,39.0,108.0,510.0,604.0,4,845.0
7.0,0.0,139.0,315.0,465.0,721.0,4,906.0
7.0,0.0,244.0,252.0,601.0,789.0,4,792.0
7.0,0.0,244.0,252.0,465.0,789.0,4,792.0
7.0,0.0,244.0,465.0,601.0,789.0,4,792.0
7.0,0.0,244.0,315.0,465.0,601.0,4,789.0
7.0,0.0,244.0,465.0,601.0,789.0,4,792.0
7.0,0.0,244.0,315.0,465.0,789.0,4,906.0
7.0,0.0,139.0,315.0,601.0,721.0,4,906.0
7.0,6.0,275.0,606.0,646.0,914.0,4,980.0
7.0,6.0,275.0,606.0,646.0,914.0,4,980.0
7.0,6.0,35.0,444.0,606.0,693.0,4,989.0
7.0,6.0,35.0,275.0,444.0,693.0,4,989.0
7.0,6.0,35.0,275.0,444.0,693.0,4,989.0
7.0,6.0,35.0,275.0,444.0,693.0,4,989.0
7.0,6.0,35.0,275.0,444.0,693.0,4,989.0
7.0,6.0,606.0,646.0,693.0,914.0,4,980.0
7.0,6.0,606.0,646.0,693.0,914.0,4,980.0
7.0,6.0,35.0,444.0,606.0,646.0,4,980.0
7.0,6.0,35.0,444.0,646.0,693.0,4,980.0
7.0,6.0,35.0,275.0,444.0,693.0,4,989.0
7.0,6.0,35.0,275.0,444.0,693.0,4,989.0
7.0,6.0,35.0,275.0,444.0,693.0,4,989.0
7.0,6.0,30.0,444.0,693.0,889.0,4,989.0
7.0,4.0,194.0,486.0,715.0,743.0,4,936.0
7.0,4.0,194.0,486.0,487.0,936.0,4,964.0
7.0,4.0,194.0,487.0,589.0,936.0,4,964.0
7.0,4.0,486.0,487.0,589.0,936.0,4,964.0
7.0,4.0,134.0,486.0,487.0,589.0,4,715.0
7.0,4.0,134.0,194.0,486.0,715.0,4,936.0
7.0,4.0,194.0,486.0,487.0,715.0,4,936.0
7.0,4.0,194.0,486.0,487.0,715.0,4,936.0
7.0,4.0,194.0,486.0,487.0,715.0,4,936.0
7.0,29.0,242.0,370.0,505.0,670.0,4,784.0
7.0,29.0,242.0,370.0,505.0,670.0,4,784.0
7.0,29.0,242.0,370.0,505.0,670.0,4,784.0
7.0,29.0,83.0,392.0,456.0,505.0,4,784.0
7.0,29.0,83.0,242.0,392.0,456.0,4,971.0
7.0,29.0,173.0,392.0,505.0,670.0,4,784.0
7.0,29.0,173.0,392.0,505.0,670.0,4,784.0
7.0,0.0,13.0,244.0,465.0,601.0,4,789.0
7.0,0.0,139.0,244.0,465.0,789.0,4,792.0
7.0,0.0,139.0,252.0,465.0,721.0,4,792.0
7.0,0.0,139.0,252.0,465.0,721.0,4,792.0
7.0,0.0,13.0,244.0,465.0,601.0,4,789.0
7.0,0.0,13.0,244.0,465.0,601.0,4,789.0
7.0,0.0,13.0,139.0,244.0,465.0,4,721.0
7.0,0.0,139.0,465.0,601.0,789.0,4,792.0
7.0,0.0,13.0,244.0,465.0,601.0,4,789.0
7.0,0.0,139.0,244.0,465.0,721.0,4,792.0
7.0,0.0,139.0,252.0,601.0,721.0,4,792.0
7.0,0.0,13.0,244.0,465.0,601.0,4,789.0
7.0,0.0,13.0,244.0,465.0,601.0,4,789.0
7.0,0.0,13.0,244.0,465.0,601.0,4,789.0
7.0,0.0,13.0,244.0,465.0,601.0,4,789.0
7.0,0.0,139.0,252.0,601.0,721.0,4,792.0
7.0,0.0,13.0,139.0,465.0,601.0,4,721.0
7.0,0.0,13.0,244.0,372.0,465.0,4,601.0
7.0,0.0,13.0,244.0,465.0,601.0,4,789.0
7.0,0.0,315.0,465.0,601.0,634.0,4,789.0
7.0,0.0,139.0,252.0,315.0,634.0,4,789.0
7.0,0.0,139.0,244.0,252.0,315.0,4,789.0
7.0,0.0,13.0,244.0,372.0,465.0,4,601.0
7.0,0.0,244.0,315.0,465.0,634.0,4,789.0
7.0,0.0,13.0,139.0,372.0,465.0,4,601.0
7.0,0.0,13.0,139.0,372.0,465.0,4,601.0
7.0,0.0,13.0,244.0,465.0,601.0,4,789.0
7.0,23.0,33.0,136.0,400.0,822.0,4,955.0
7.0,23.0,44.0,136.0,388.0,400.0,4,822.0
7.0,23.0,44.0,136.0,388.0,400.0,4,822.0
7.0,23.0,44.0,136.0,388.0,822.0,4,955.0
7.0,23.0,136.0,388.0,575.0,822.0,4,955.0
7.0,23.0,33.0,400.0,575.0,778.0,4,955.0
7.0,23.0,33.0,180.0,778.0,955.0,4,967.0
7.0,0.0,13.0,244.0,465.0,601.0,4,789.0
7.0,0.0,13.0,139.0,465.0,601.0,4,721.0
7.0,0.0,139.0,634.0,721.0,792.0,4,906.0
7.0,0.0,13.0,244.0,465.0,601.0,4,789.0
7.0,0.0,13.0,244.0,465.0,601.0,4,789.0
7.0,0.0,13.0,244.0,465.0,634.0,4,789.0
7.0,0.0,13.0,244.0,465.0,601.0,4,789.0
7.0,0.0,13.0,244.0,465.0,601.0,4,789.0
7.0,0.0,13.0,139.0,465.0,634.0,4,721.0
7.0,0.0,139.0,244.0,634.0,721.0,4,792.0
7.0,0.0,13.0,244.0,465.0,601.0,4,789.0
7.0,0.0,244.0,372.0,634.0,721.0,4,906.0
7.0,0.0,13.0,244.0,601.0,721.0,4,906.0
7.0,0.0,13.0,244.0,601.0,789.0,4,906.0
7.0,0.0,13.0,465.0,601.0,634.0,4,789.0
7.0,0.0,13.0,244.0,465.0,601.0,4,789.0
7.0,0.0,139.0,252.0,372.0,634.0,4,792.0
7.0,34.0,506.0,662.0,685.0,747.0,4,974.0
7.0,34.0,167.0,436.0,506.0,662.0,4,974.0
7.0,34.0,167.0,321.0,436.0,662.0,4,974.0
7.0,34.0,167.0,321.0,583.0,685.0,4,747.0
7.0,34.0,506.0,662.0,685.0,747.0,4,974.0
7.0,34.0,506.0,662.0,685.0,747.0,4,974.0
7.0,34.0,506.0,662.0,685.0,747.0,4,974.0
7.0,34.0,167.0,321.0,436.0,662.0,4,685.0
7.0,34.0,167.0,436.0,506.0,747.0,4,974.0
7.0,0.0,13.0,244.0,465.0,601.0,4,789.0
7.0,0.0,315.0,465.0,634.0,789.0,4,906.0
7.0,0.0,139.0,315.0,634.0,789.0,4,906.0
7.0,0.0,13.0,139.0,372.0,634.0,4,906.0
7.0,0.0,13.0,139.0,372.0,634.0,4,906.0
7.0,0.0,315.0,465.0,601.0,634.0,4,789.0
7.0,0.0,13.0,244.0,465.0,601.0,4,789.0
7.0,0.0,13.0,372.0,601.0,634.0,4,906.0
7.0,0.0,13.0,372.0,601.0,634.0,4,906.0
7.0,0.0,139.0,372.0,438.0,634.0,4,721.0
7.0,0.0,13.0,465.0,601.0,634.0,4,789.0
7.0,0.0,315.0,465.0,601.0,634.0,4,789.0
7.0,0.0,13.0,244.0,465.0,792.0,4,906.0
7.0,0.0,13.0,465.0,601.0,634.0,4,789.0
7.0,0.0,13.0,244.0,465.0,601.0,4,789.0
7.0,0.0,13.0,244.0,634.0,792.0,4,906.0
7.0,23.0,44.0,136.0,388.0,400.0,4,778.0
7.0,23.0,33.0,44.0,86.0,388.0,4,400.0
7.0,23.0,33.0,86.0,136.0,700.0,4,955.0
7.0,23.0,44.0,86.0,136.0,778.0,4,955.0
7.0,23.0,44.0,136.0,388.0,778.0,4,955.0
7.0,23.0,44.0,136.0,700.0,778.0,4,955.0
7.0,23.0,33.0,136.0,388.0,778.0,4,955.0
7.0,23.0,44.0,136.0,388.0,778.0,4,955.0
7.0,0.0,13.0,244.0,465.0,601.0,4,789.0
7.0,0.0,13.0,244.0,465.0,601.0,4,789.0
7.0,0.0,244.0,315.0,465.0,601.0,4,789.0
7.0,0.0,244.0,315.0,465.0,601.0,4,789.0
7.0,0.0,13.0,503.0,634.0,789.0,4,906.0
7.0,0.0,13.0,601.0,634.0,721.0,4,906.0
7.0,0.0,13.0,601.0,634.0,721.0,4,906.0
7.0,0.0,13.0,244.0,465.0,601.0,4,789.0
7.0,0.0,244.0,315.0,465.0,601.0,4,789.0
7.0,0.0,244.0,315.0,634.0,789.0,4,906.0
7.0,0.0,601.0,634.0,721.0,792.0,4,906.0
7.0,0.0,601.0,634.0,721.0,792.0,4,906.0
7.0,0.0,13.0,244.0,601.0,721.0,4,906.0
7.0,0.0,13.0,244.0,465.0,601.0,4,721.0
7.0,0.0,13.0,244.0,465.0,601.0,4,789.0
7.0,0.0,244.0,315.0,465.0,601.0,4,789.0
7.0,0.0,244.0,315.0,465.0,634.0,4,789.0
7.0,0.0,13.0,601.0,634.0,721.0,4,906.0
7.0,0.0,13.0,601.0,634.0,721.0,4,906.0
7.0,0.0,13.0,244.0,465.0,601.0,4,721.0
7.0,0.0,244.0,465.0,634.0,789.0,4,792.0
7.0,0.0,244.0,465.0,634.0,789.0,4,792.0
7.0,0.0,13.0,244.0,465.0,601.0,4,789.0
7.0,0.0,244.0,315.0,465.0,634.0,4,789.0
7.0,0.0,315.0,503.0,634.0,721.0,4,906.0
7.0,0.0,252.0,503.0,634.0,721.0,4,792.0
7.0,0.0,252.0,503.0,634.0,721.0,4,792.0
7.0,0.0,252.0,315.0,503.0,721.0,4,792.0
7.0,6.0,48.0,275.0,444.0,606.0,4,980.0
7.0,6.0,35.0,275.0,444.0,606.0,4,980.0
7.0,6.0,35.0,56.0,275.0,444.0,4,693.0
7.0,6.0,48.0,444.0,606.0,693.0,4,980.0
7.0,6.0,48.0,275.0,300.0,606.0,4,980.0
7.0,6.0,35.0,125.0,300.0,606.0,4,980.0
7.0,6.0,35.0,300.0,444.0,606.0,4,980.0
7.0,6.0,35.0,275.0,444.0,693.0,4,989.0
7.0,6.0,35.0,275.0,444.0,693.0,4,989.0
7.0,6.0,275.0,444.0,693.0,980.0,4,989.0
7.0,6.0,275.0,606.0,693.0,980.0,4,989.0
7.0,0.0,244.0,315.0,465.0,601.0,4,789.0
7.0,0.0,465.0,634.0,789.0,792.0,4,906.0
7.0,0.0,244.0,634.0,721.0,792.0,4,906.0
7.0,0.0,244.0,315.0,465.0,601.0,4,789.0
7.0,0.0,465.0,634.0,789.0,792.0,4,906.0
7.0,0.0,601.0,634.0,721.0,792.0,4,906.0
7.0,0.0,465.0,601.0,789.0,792.0,4,906.0
7.0,25.0,74.0,356.0,421.0,759.0,4,958.0
7.0,25.0,50.0,74.0,759.0,958.0,4,1003.0
7.0,25.0,74.0,356.0,421.0,696.0,4,958.0
7.0,25.0,74.0,356.0,421.0,696.0,4,958.0
7.0,25.0,74.0,421.0,696.0,759.0,4,958.0
7.0,25.0,74.0,356.0,421.0,759.0,4,958.0
7.0,25.0,297.0,356.0,696.0,958.0,4,1003.0
7.0,25.0,74.0,356.0,421.0,759.0,4,1003.0
7.0,25.0,74.0,421.0,759.0,958.0,4,1003.0
7.0,1.0,78.0,106.0,442.0,463.0,4,517.0
7.0,1.0,78.0,106.0,463.0,517.0,4,595.0
7.0,1.0,106.0,188.0,463.0,517.0,4,595.0
7.0,1.0,188.0,353.0,565.0,595.0,4,795.0
7.0,1.0,188.0,353.0,565.0,595.0,4,795.0
7.0,1.0,78.0,353.0,517.0,565.0,4,595.0
7.0,1.0,78.0,353.0,517.0,565.0,4,595.0
7.0,1.0,188.0,353.0,565.0,595.0,4,795.0
7.0,4.0,486.0,487.0,589.0,646.0,4,936.0
7.0,4.0,486.0,589.0,715.0,743.0,4,936.0
7.0,4.0,194.0,487.0,646.0,715.0,4,964.0
7.0,4.0,194.0,487.0,646.0,715.0,4,964.0
7.0,4.0,486.0,487.0,589.0,646.0,4,936.0
7.0,4.0,194.0,486.0,487.0,715.0,4,936.0
7.0,4.0,194.0,486.0,487.0,715.0,4,964.0
7.0,4.0,194.0,487.0,646.0,715.0,4,936.0
7.0,2.0,17.0,493.0,577.0,790.0,4,900.0
7.0,2.0,36.0,45.0,493.0,790.0,4,900.0
7.0,2.0,36.0,45.0,493.0,790.0,4,900.0
7.0,2.0,36.0,45.0,493.0,728.0,4,900.0
7.0,2.0,17.0,493.0,577.0,790.0,4,900.0
7.0,2.0,17.0,493.0,577.0,790.0,4,900.0
7.0,2.0,17.0,45.0,493.0,790.0,4,824.0
7.0,2.0,45.0,728.0,790.0,824.0,4,900.0
7.0,2.0,17.0,493.0,577.0,728.0,4,900.0
7.0,0.0,244.0,465.0,601.0,789.0,4,792.0
7.0,0.0,244.0,315.0,465.0,634.0,4,789.0
7.0,0.0,601.0,634.0,721.0,792.0,4,906.0
7.0,0.0,244.0,315.0,465.0,634.0,4,789.0
7.0,0.0,244.0,465.0,601.0,789.0,4,792.0
7.0,0.0,244.0,465.0,634.0,721.0,4,792.0
7.0,15.0,188.0,593.0,714.0,941.0,4,1036.0
7.0,15.0,188.0,302.0,749.0,941.0,4,1036.0
7.0,15.0,302.0,426.0,509.0,714.0,4,719.0
7.0,15.0,302.0,426.0,509.0,714.0,4,719.0
7.0,15.0,302.0,426.0,509.0,714.0,4,719.0
7.0,15.0,188.0,593.0,714.0,941.0,4,1036.0
7.0,15.0,188.0,593.0,714.0,941.0,4,1036.0
7.0,15.0,188.0,426.0,593.0,714.0,4,1036.0
7.0,15.0,426.0,593.0,714.0,719.0,4,1036.0
7.0,15.0,302.0,426.0,714.0,719.0,4,1036.0
7.0,15.0,188.0,302.0,426.0,714.0,4,719.0
7.0,15.0,188.0,426.0,714.0,719.0,4,1036.0
7.0,0.0,315.0,465.0,601.0,634.0,4,789.0
7.0,0.0,252.0,601.0,721.0,792.0,4,906.0
7.0,0.0,465.0,601.0,634.0,789.0,4,792.0
7.0,0.0,315.0,465.0,601.0,634.0,4,789.0
7.0,0.0,252.0,372.0,430.0,721.0,4,906.0
7.0,0.0,252.0,372.0,430.0,721.0,4,906.0
7.0,25.0,297.0,356.0,421.0,696.0,4,958.0
7.0,25.0,297.0,421.0,603.0,696.0,4,958.0
7.0,25.0,74.0,286.0,356.0,421.0,4,603.0
7.0,25.0,74.0,286.0,356.0,421.0,4,958.0
7.0,25.0,286.0,603.0,696.0,958.0,4,1003.0
7.0,25.0,286.0,356.0,603.0,696.0,4,1003.0
7.0,25.0,74.0,356.0,421.0,958.0,4,1003.0
7.0,17.0,109.0,328.0,354.0,619.0,4,642.0
7.0,17.0,109.0,137.0,502.0,587.0,4,764.0
7.0,17.0,137.0,502.0,587.0,642.0,4,764.0
7.0,17.0,137.0,502.0,587.0,642.0,4,764.0
7.0,17.0,109.0,328.0,354.0,587.0,4,619.0
7.0,17.0,109.0,328.0,502.0,587.0,4,619.0
7.0,17.0,354.0,502.0,727.0,741.0,4,764.0
7.0,17.0,109.0,137.0,354.0,502.0,4,741.0
7.0,17.0,109.0,354.0,587.0,727.0,4,741.0
7.0,26.0,333.0,422.0,620.0,703.0,4,948.0
7.0,26.0,269.0,333.0,384.0,620.0,4,965.0
7.0,26.0,314.0,422.0,620.0,948.0,4,965.0
7.0,26.0,333.0,422.0,620.0,703.0,4,948.0
7.0,26.0,269.0,314.0,384.0,703.0,4,948.0
7.0,26.0,269.0,314.0,384.0,620.0,4,965.0
7.0,0.0,244.0,372.0,465.0,601.0,4,789.0
7.0,0.0,315.0,601.0,634.0,721.0,4,906.0
7.0,0.0,372.0,465.0,601.0,634.0,4,721.0
7.0,0.0,244.0,372.0,465.0,601.0,4,721.0
7.0,0.0,315.0,465.0,601.0,634.0,4,789.0
7.0,0.0,244.0,315.0,634.0,721.0,4,906.0
7.0,0.0,244.0,315.0,634.0,721.0,4,906.0
7.0,0.0,139.0,252.0,601.0,721.0,4,789.0
7.0,0.0,139.0,252.0,601.0,721.0,4,789.0
7.0,0.0,139.0,252.0,601.0,721.0,4,789.0
7.0,0.0,139.0,252.0,721.0,789.0,4,906.0
7.0,22.0,16.0,26.0,58.0,117.0,4,320.0
7.0,22.0,16.0,26.0,58.0,117.0,4,320.0
7.0,22.0,58.0,60.0,117.0,320.0,4,369.0
7.0,22.0,58.0,60.0,77.0,117.0,4,369.0
7.0,22.0,16.0,60.0,77.0,369.0,4,466.0
7.0,22.0,16.0,60.0,77.0,369.0,4,466.0
7.0,22.0,16.0,60.0,77.0,369.0,4,466.0
7.0,22.0,16.0,26.0,58.0,117.0,4,320.0
7.0,22.0,16.0,58.0,117.0,320.0,4,369.0
7.0,22.0,58.0,60.0,77.0,117.0,4,369.0
7.0,22.0,58.0,60.0,117.0,320.0,4,369.0
7.0,0.0,244.0,372.0,465.0,601.0,4,789.0
7.0,0.0,244.0,315.0,601.0,634.0,4,789.0
7.0,0.0,244.0,315.0,465.0,634.0,4,789.0
7.0,0.0,139.0,315.0,465.0,601.0,4,721.0
7.0,0.0,244.0,372.0,601.0,634.0,4,789.0
7.0,0.0,244.0,372.0,601.0,634.0,4,789.0
7.0,0.0,244.0,315.0,601.0,634.0,4,789.0
7.0,0.0,244.0,315.0,601.0,634.0,4,789.0
7.0,0.0,244.0,315.0,601.0,634.0,4,789.0
7.0,4.0,486.0,487.0,589.0,715.0,4,936.0
7.0,4.0,486.0,487.0,589.0,715.0,4,936.0
7.0,4.0,194.0,486.0,487.0,715.0,4,936.0
7.0,4.0,194.0,486.0,487.0,715.0,4,964.0
7.0,4.0,194.0,486.0,743.0,936.0,4,964.0
7.0,4.0,194.0,486.0,487.0,936.0,4,964.0
7.0,4.0,194.0,487.0,589.0,715.0,4,936.0
7.0,4.0,194.0,486.0,715.0,936.0,4,964.0
7.0,4.0,194.0,486.0,487.0,589.0,4,936.0
7.0,4.0,194.0,487.0,589.0,715.0,4,936.0
7.0,12.0,237.0,350.0,611.0,788.0,4,856.0
7.0,12.0,237.0,350.0,611.0,788.0,4,856.0
7.0,12.0,126.0,216.0,237.0,386.0,4,788.0
7.0,12.0,126.0,216.0,611.0,638.0,4,856.0
7.0,12.0,237.0,350.0,611.0,788.0,4,856.0
7.0,12.0,216.0,237.0,350.0,386.0,4,788.0
7.0,12.0,126.0,216.0,386.0,611.0,4,638.0
7.0,12.0,126.0,216.0,386.0,611.0,4,638.0
7.0,12.0,126.0,216.0,280.0,386.0,4,817.0
7.0,0.0,139.0,315.0,465.0,789.0,4,906.0
7.0,0.0,252.0,601.0,634.0,721.0,4,789.0
7.0,0.0,315.0,465.0,601.0,634.0,4,721.0
7.0,0.0,315.0,465.0,601.0,634.0,4,721.0
7.0,0.0,139.0,315.0,465.0,601.0,4,789.0
7.0,0.0,465.0,601.0,634.0,721.0,4,789.0
7.0,0.0,244.0,315.0,465.0,601.0,4,634.0
7.0,0.0,139.0,315.0,465.0,601.0,4,634.0
7.0,0.0,139.0,465.0,634.0,721.0,4,906.0
7.0,0.0,252.0,315.0,634.0,721.0,4,906.0
7.0,0.0,244.0,315.0,465.0,601.0,4,906.0
7.0,0.0,139.0,601.0,634.0,721.0,4,906.0
7.0,0.0,244.0,315.0,465.0,634.0,4,721.0
7.0,0.0,244.0,315.0,465.0,634.0,4,721.0
7.0,0.0,244.0,315.0,465.0,601.0,4,906.0
7.0,0.0,315.0,465.0,601.0,634.0,4,721.0
7.0,0.0,315.0,465.0,601.0,634.0,4,721.0
7.0,0.0,315.0,465.0,601.0,634.0,4,721.0
7.0,0.0,315.0,465.0,601.0,634.0,4,721.0
7.0,0.0,244.0,601.0,634.0,721.0,4,906.0
7.0,0.0,315.0,601.0,634.0,721.0,4,906.0
7.0,0.0,244.0,315.0,634.0,721.0,4,906.0
7.0,0.0,244.0,315.0,465.0,601.0,4,634.0
7.0,0.0,244.0,315.0,465.0,601.0,4,721.0
7.0,1.0,106.0,160.0,353.0,463.0,4,808.0
7.0,1.0,106.0,160.0,353.0,463.0,4,808.0
7.0,1.0,160.0,353.0,463.0,495.0,4,808.0
7.0,1.0,160.0,353.0,484.0,495.0,4,795.0
7.0,1.0,106.0,160.0,463.0,484.0,4,795.0
7.0,1.0,106.0,353.0,463.0,795.0,4,808.0
7.0,1.0,106.0,353.0,463.0,795.0,4,808.0
7.0,1.0,106.0,353.0,463.0,484.0,4,808.0
7.0,1.0,160.0,353.0,484.0,495.0,4,808.0
7.0,1.0,160.0,353.0,484.0,595.0,4,808.0
7.0,1.0,160.0,463.0,484.0,595.0,4,795.0
7.0,1.0,353.0,463.0,484.0,595.0,4,808.0
7.0,1.0,353.0,463.0,484.0,595.0,4,808.0
7.0,1.0,106.0,353.0,463.0,484.0,4,808.0
7.0,33.0,21.0,318.0,470.0,829.0,4,976.0
7.0,33.0,21.0,318.0,361.0,686.0,4,976.0
7.0,33.0,258.0,361.0,686.0,829.0,4,976.0
7.0,33.0,318.0,361.0,686.0,829.0,4,976.0
7.0,33.0,318.0,361.0,686.0,829.0,4,976.0
7.0,33.0,21.0,318.0,470.0,829.0,4,976.0
7.0,33.0,21.0,258.0,361.0,686.0,4,976.0
7.0,0.0,244.0,465.0,601.0,789.0,4,792.0
7.0,0.0,139.0,252.0,315.0,721.0,4,906.0
7.0,0.0,139.0,244.0,252.0,720.0,4,789.0
7.0,0.0,244.0,465.0,601.0,721.0,4,792.0
7.0,0.0,244.0,465.0,601.0,789.0,4,792.0
7.0,0.0,244.0,315.0,465.0,601.0,4,721.0
7.0,0.0,244.0,252.0,315.0,721.0,4,906.0
7.0,0.0,139.0,244.0,252.0,315.0,4,789.0
7.0,0.0,139.0,244.0,252.0,789.0,4,792.0
7.0,0.0,244.0,315.0,465.0,601.0,4,789.0
7.0,0.0,244.0,465.0,789.0,792.0,4,906.0
7.0,0.0,139.0,315.0,465.0,634.0,4,721.0
7.0,0.0,139.0,252.0,720.0,721.0,4,906.0
7.0,0.0,244.0,465.0,720.0,789.0,4,906.0
7.0,0.0,244.0,465.0,721.0,792.0,4,906.0
7.0,0.0,244.0,465.0,789.0,792.0,4,906.0
7.0,0.0,244.0,315.0,465.0,721.0,4,906.0
7.0,0.0,244.0,252.0,634.0,789.0,4,792.0
7.0,0.0,244.0,465.0,789.0,792.0,4,906.0
7.0,0.0,244.0,465.0,789.0,792.0,4,906.0
7.0,34.0,290.0,506.0,662.0,685.0,4,974.0
7.0,34.0,12.0,290.0,506.0,685.0,4,974.0
7.0,34.0,12.0,41.0,104.0,290.0,4,685.0
7.0,34.0,104.0,290.0,506.0,662.0,4,974.0
7.0,34.0,290.0,506.0,662.0,685.0,4,974.0
7.0,34.0,290.0,506.0,662.0,685.0,4,974.0
7.0,34.0,290.0,506.0,662.0,685.0,4,974.0
7.0,34.0,12.0,41.0,104.0,290.0,4,685.0
7.0,34.0,12.0,41.0,104.0,290.0,4,685.0
7.0,34.0,12.0,41.0,104.0,290.0,4,506.0
7.0,34.0,104.0,290.0,506.0,662.0,4,974.0
7.0,0.0,244.0,465.0,634.0,789.0,4,792.0
7.0,0.0,315.0,465.0,634.0,721.0,4,789.0
7.0,0.0,252.0,315.0,601.0,634.0,4,721.0
7.0,0.0,244.0,465.0,720.0,789.0,4,906.0
7.0,0.0,244.0,465.0,789.0,792.0,4,906.0
7.0,0.0,244.0,315.0,465.0,789.0,4,906.0
7.0,0.0,465.0,601.0,634.0,789.0,4,792.0
7.0,0.0,244.0,315.0,465.0,634.0,4,789.0
7.0,0.0,244.0,315.0,465.0,634.0,4,789.0
7.0,0.0,252.0,601.0,789.0,792.0,4,906.0
7.0,0.0,315.0,465.0,601.0,634.0,4,789.0
7.0,0.0,244.0,315.0,465.0,634.0,4,789.0
7.0,0.0,244.0,465.0,601.0,789.0,4,792.0
7.0,0.0,244.0,252.0,634.0,720.0,4,721.0
7.0,0.0,244.0,465.0,789.0,792.0,4,906.0
7.0,0.0,465.0,601.0,634.0,789.0,4,792.0
7.0,0.0,244.0,315.0,465.0,634.0,4,789.0
7.0,0.0,244.0,315.0,465.0,601.0,4,789.0
7.0,0.0,244.0,465.0,601.0,789.0,4,792.0
7.0,0.0,244.0,315.0,465.0,634.0,4,789.0
7.0,0.0,244.0,315.0,465.0,634.0,4,721.0
7.0,0.0,252.0,315.0,601.0,634.0,4,721.0
7.0,0.0,252.0,315.0,601.0,634.0,4,721.0
7.0,0.0,244.0,315.0,601.0,634.0,4,721.0
7.0,0.0,244.0,465.0,601.0,789.0,4,792.0
7.0,0.0,244.0,315.0,465.0,601.0,4,789.0
7.0,0.0,244.0,315.0,465.0,634.0,4,721.0
7.0,0.0,244.0,465.0,601.0,789.0,4,792.0
7.0,0.0,244.0,315.0,465.0,601.0,4,789.0
7.0,0.0,244.0,315.0,465.0,601.0,4,789.0
7.0,12.0,237.0,350.0,386.0,611.0,4,788.0
7.0,12.0,237.0,350.0,611.0,638.0,4,788.0
7.0,12.0,237.0,350.0,611.0,638.0,4,788.0
7.0,12.0,237.0,280.0,638.0,788.0,4,817.0
7.0,12.0,237.0,333.0,350.0,386.0,4,788.0
7.0,12.0,156.0,237.0,333.0,350.0,4,788.0
7.0,12.0,156.0,237.0,333.0,350.0,4,788.0
7.0,0.0,244.0,315.0,465.0,601.0,4,789.0
7.0,0.0,244.0,465.0,601.0,721.0,4,789.0
7.0,0.0,244.0,315.0,634.0,721.0,4,906.0
7.0,0.0,244.0,315.0,634.0,721.0,4,906.0
7.0,0.0,315.0,601.0,634.0,721.0,4,906.0
7.0,0.0,244.0,634.0,721.0,789.0,4,906.0
7.0,0.0,601.0,634.0,721.0,789.0,4,906.0
7.0,0.0,244.0,315.0,465.0,601.0,4,789.0
7.0,0.0,244.0,315.0,465.0,601.0,4,789.0
7.0,2.0,45.0,493.0,523.0,687.0,4,790.0
7.0,2.0,45.0,493.0,523.0,687.0,4,790.0
7.0,2.0,45.0,670.0,683.0,687.0,4,728.0
7.0,2.0,523.0,577.0,670.0,683.0,4,728.0
7.0,2.0,45.0,493.0,683.0,687.0,4,790.0
7.0,2.0,45.0,493.0,523.0,687.0,4,790.0
7.0,2.0,493.0,523.0,670.0,687.0,4,728.0
7.0,2.0,493.0,523.0,670.0,687.0,4,728.0
7.0,2.0,493.0,670.0,683.0,687.0,4,728.0
7.0,2.0,493.0,670.0,683.0,687.0,4,728.0
7.0,2.0,45.0,577.0,670.0,683.0,4,728.0
7.0,0.0,139.0,315.0,465.0,634.0,4,792.0
7.0,0.0,139.0,252.0,315.0,792.0,4,906.0
7.0,0.0,139.0,252.0,315.0,720.0,4,906.0
7.0,0.0,252.0,634.0,721.0,792.0,4,906.0
7.0,0.0,139.0,634.0,721.0,792.0,4,906.0
7.0,0.0,139.0,315.0,465.0,634.0,4,721.0
7.0,0.0,139.0,315.0,465.0,721.0,4,906.0
7.0,0.0,139.0,465.0,634.0,721.0,4,792.0
7.0,0.0,315.0,465.0,634.0,721.0,4,906.0
7.0,0.0,139.0,252.0,315.0,720.0,4,906.0
7.0,0.0,139.0,252.0,315.0,720.0,4,906.0
7.0,0.0,252.0,634.0,720.0,721.0,4,906.0
7.0,17.0,109.0,460.0,587.0,809.0,4,1037.0
7.0,17.0,109.0,460.0,502.0,587.0,4,809.0
7.0,17.0,109.0,170.0,354.0,460.0,4,502.0
7.0,17.0,354.0,502.0,587.0,809.0,4,1037.0
7.0,17.0,109.0,460.0,502.0,587.0,4,809.0
7.0,17.0,109.0,460.0,502.0,587.0,4,809.0
7.0,17.0,109.0,170.0,354.0,502.0,4,587.0
7.0,17.0,109.0,354.0,460.0,502.0,4,587.0
7.0,34.0,104.0,506.0,662.0,974.0,4,975.0
7.0,34.0,12.0,104.0,321.0,662.0,4,974.0
7.0,34.0,104.0,506.0,662.0,974.0,4,975.0
7.0,34.0,104.0,506.0,662.0,974.0,4,975.0
7.0,34.0,345.0,506.0,583.0,685.0,4,975.0
7.0,34.0,345.0,506.0,583.0,685.0,4,975.0
7.0,34.0,12.0,321.0,583.0,685.0,4,974.0
7.0,34.0,506.0,662.0,685.0,974.0,4,975.0
7.0,34.0,104.0,506.0,662.0,685.0,4,974.0
7.0,26.0,214.0,223.0,422.0,620.0,4,965.0
7.0,26.0,214.0,223.0,422.0,620.0,4,965.0
7.0,26.0,422.0,703.0,914.0,948.0,4,965.0
7.0,26.0,333.0,620.0,703.0,914.0,4,965.0
7.0,26.0,333.0,422.0,703.0,914.0,4,948.0
7.0,34.0,12.0,104.0,506.0,662.0,4,974.0
7.0,34.0,12.0,104.0,506.0,662.0,4,974.0
7.0,34.0,12.0,104.0,506.0,662.0,4,685.0
7.0,34.0,12.0,104.0,321.0,583.0,4,685.0
7.0,34.0,104.0,506.0,662.0,747.0,4,974.0
7.0,34.0,12.0,104.0,506.0,583.0,4,974.0
7.0,34.0,12.0,104.0,506.0,583.0,4,974.0
7.0,34.0,104.0,506.0,662.0,747.0,4,974.0
7.0,34.0,104.0,506.0,662.0,747.0,4,974.0
7.0,34.0,104.0,506.0,662.0,685.0,4,747.0
7.0,34.0,104.0,506.0,583.0,662.0,4,685.0
7.0,34.0,104.0,357.0,506.0,583.0,4,662.0
7.0,34.0,104.0,345.0,357.0,436.0,4,747.0
7.0,34.0,345.0,357.0,436.0,685.0,4,747.0
7.0,34.0,104.0,436.0,506.0,662.0,4,685.0
7.0,34.0,104.0,506.0,662.0,685.0,4,747.0
7.0,34.0,104.0,506.0,662.0,685.0,4,747.0
7.0,34.0,104.0,345.0,436.0,685.0,4,747.0
7.0,34.0,104.0,506.0,662.0,685.0,4,747.0
7.0,6.0,35.0,275.0,444.0,693.0,4,980.0
7.0,6.0,30.0,35.0,300.0,444.0,4,693.0
7.0,6.0,35.0,444.0,606.0,889.0,4,980.0
7.0,6.0,35.0,275.0,381.0,444.0,4,693.0
7.0,6.0,35.0,275.0,381.0,444.0,4,693.0
7.0,6.0,35.0,275.0,381.0,444.0,4,693.0
7.0,6.0,35.0,56.0,275.0,444.0,4,693.0
7.0,6.0,35.0,275.0,300.0,606.0,4,693.0
7.0,6.0,35.0,275.0,300.0,606.0,4,693.0
7.0,34.0,104.0,436.0,506.0,662.0,4,685.0
7.0,34.0,104.0,436.0,506.0,662.0,4,685.0
7.0,34.0,104.0,321.0,345.0,436.0,4,747.0
7.0,34.0,104.0,506.0,662.0,685.0,4,747.0
7.0,34.0,104.0,506.0,662.0,685.0,4,747.0
7.0,34.0,104.0,506.0,662.0,685.0,4,747.0
7.0,34.0,345.0,436.0,506.0,662.0,4,685.0
7.0,34.0,104.0,436.0,506.0,662.0,4,685.0
7.0,34.0,104.0,436.0,506.0,662.0,4,685.0
7.0,34.0,104.0,506.0,662.0,685.0,4,747.0
7.0,17.0,109.0,328.0,587.0,764.0,4,1037.0
7.0,17.0,109.0,137.0,328.0,502.0,4,764.0
7.0,17.0,109.0,328.0,587.0,764.0,4,1037.0
7.0,17.0,109.0,137.0,328.0,348.0,4,502.0
7.0,17.0,137.0,328.0,348.0,642.0,4,1037.0
7.0,17.0,328.0,587.0,642.0,764.0,4,1037.0
7.0,12.0,237.0,350.0,611.0,788.0,4,856.0
7.0,12.0,237.0,350.0,788.0,856.0,4,909.0
7.0,12.0,126.0,638.0,788.0,856.0,4,909.0
7.0,12.0,237.0,350.0,611.0,788.0,4,856.0
7.0,12.0,237.0,350.0,611.0,788.0,4,856.0
7.0,12.0,126.0,386.0,611.0,638.0,4,788.0
7.0,12.0,126.0,386.0,611.0,638.0,4,788.0
7.0,12.0,126.0,611.0,638.0,788.0,4,856.0
7.0,12.0,126.0,611.0,638.0,788.0,4,856.0
7.0,12.0,126.0,611.0,638.0,856.0,4,909.0
7.0,34.0,506.0,662.0,685.0,747.0,4,974.0
7.0,34.0,436.0,506.0,662.0,685.0,4,974.0
7.0,34.0,506.0,662.0,685.0,747.0,4,974.0
7.0,34.0,506.0,662.0,685.0,747.0,4,974.0
7.0,34.0,506.0,662.0,685.0,747.0,4,974.0
7.0,34.0,506.0,662.0,685.0,747.0,4,974.0
7.0,34.0,167.0,436.0,506.0,662.0,4,974.0
7.0,34.0,167.0,436.0,506.0,662.0,4,974.0
7.0,34.0,167.0,321.0,436.0,685.0,4,747.0
7.0,34.0,167.0,321.0,357.0,436.0,4,975.0
7.0,34.0,506.0,662.0,747.0,774.0,4,974.0
7.0,34.0,506.0,662.0,747.0,774.0,4,974.0
7.0,34.0,345.0,436.0,774.0,974.0,4,975.0
7.0,34.0,167.0,506.0,662.0,747.0,4,974.0
7.0,34.0,436.0,506.0,662.0,774.0,4,974.0
7.0,34.0,506.0,662.0,774.0,974.0,4,975.0
7.0,34.0,506.0,662.0,774.0,974.0,4,975.0
7.0,34.0,167.0,436.0,506.0,974.0,4,975.0
7.0,23.0,33.0,86.0,388.0,700.0,4,955.0
7.0,23.0,33.0,86.0,136.0,388.0,4,955.0
7.0,23.0,44.0,136.0,400.0,778.0,4,955.0
7.0,23.0,44.0,86.0,136.0,388.0,4,400.0
7.0,23.0,44.0,86.0,136.0,388.0,4,400.0
7.0,23.0,33.0,86.0,136.0,388.0,4,400.0
7.0,23.0,33.0,86.0,136.0,388.0,4,400.0
7.0,23.0,44.0,86.0,136.0,388.0,4,400.0
7.0,2.0,36.0,120.0,255.0,493.0,4,790.0
7.0,2.0,17.0,36.0,728.0,790.0,4,900.0
7.0,2.0,17.0,577.0,728.0,790.0,4,900.0
7.0,2.0,36.0,120.0,255.0,493.0,4,790.0
7.0,2.0,17.0,36.0,255.0,493.0,4,577.0
7.0,2.0,36.0,255.0,493.0,790.0,4,824.0
7.0,2.0,120.0,255.0,493.0,577.0,4,790.0
7.0,2.0,120.0,255.0,493.0,577.0,4,790.0
7.0,2.0,120.0,255.0,493.0,577.0,4,790.0
7.0,1.0,78.0,106.0,442.0,463.0,4,517.0
7.0,1.0,188.0,353.0,442.0,517.0,4,595.0
7.0,1.0,188.0,353.0,517.0,565.0,4,595.0
7.0,1.0,188.0,353.0,565.0,595.0,4,795.0
7.0,1.0,78.0,106.0,442.0,463.0,4,517.0
7.0,1.0,78.0,106.0,353.0,595.0,4,795.0
7.0,1.0,353.0,442.0,463.0,595.0,4,795.0
7.0,22.0,16.0,26.0,58.0,320.0,4,536.0
7.0,22.0,58.0,117.0,320.0,369.0,4,990.0
7.0,22.0,16.0,26.0,320.0,454.0,4,536.0
7.0,22.0,16.0,77.0,117.0,369.0,4,454.0
7.0,22.0,16.0,58.0,77.0,117.0,4,369.0
7.0,22.0,58.0,77.0,117.0,320.0,4,369.0
7.0,22.0,58.0,77.0,117.0,320.0,4,369.0
7.0,12.0,237.0,350.0,611.0,788.0,4,856.0
7.0,12.0,126.0,216.0,386.0,611.0,4,638.0
7.0,12.0,126.0,216.0,386.0,611.0,4,638.0
7.0,12.0,126.0,216.0,237.0,611.0,4,856.0
7.0,12.0,237.0,350.0,611.0,788.0,4,856.0
7.0,12.0,237.0,350.0,611.0,788.0,4,856.0
7.0,12.0,237.0,350.0,611.0,638.0,4,788.0
7.0,12.0,237.0,350.0,611.0,788.0,4,856.0
7.0,12.0,237.0,350.0,611.0,788.0,4,856.0
7.0,12.0,216.0,237.0,350.0,386.0,4,788.0
7.0,12.0,126.0,216.0,386.0,638.0,4,788.0
7.0,12.0,126.0,611.0,638.0,788.0,4,856.0
7.0,12.0,156.0,280.0,386.0,771.0,4,817.0
7.0,4.0,134.0,486.0,589.0,936.0,4,964.0
7.0,4.0,139.0,194.0,487.0,715.0,4,936.0
7.0,4.0,134.0,486.0,487.0,589.0,4,715.0
7.0,4.0,134.0,194.0,486.0,936.0,4,964.0
7.0,4.0,194.0,486.0,487.0,936.0,4,964.0
7.0,4.0,134.0,486.0,487.0,589.0,4,715.0
7.0,34.0,506.0,662.0,685.0,747.0,4,974.0
7.0,34.0,506.0,662.0,685.0,747.0,4,974.0
7.0,34.0,345.0,662.0,685.0,774.0,4,975.0
7.0,34.0,104.0,345.0,685.0,747.0,4,975.0
7.0,34.0,104.0,506.0,662.0,747.0,4,974.0
7.0,34.0,506.0,662.0,685.0,974.0,4,975.0
7.0,34.0,104.0,506.0,662.0,747.0,4,974.0
7.0,34.0,506.0,662.0,685.0,974.0,4,975.0
7.0,34.0,506.0,662.0,685.0,974.0,4,975.0
7.0,34.0,104.0,345.0,685.0,747.0,4,975.0
7.0,34.0,104.0,506.0,685.0,747.0,4,975.0
7.0,34.0,104.0,506.0,662.0,747.0,4,974.0
7.0,34.0,506.0,662.0,685.0,747.0,4,974.0
7.0,34.0,104.0,345.0,436.0,583.0,4,685.0
7.0,34.0,104.0,506.0,583.0,747.0,4,974.0
7.0,34.0,104.0,506.0,583.0,747.0,4,974.0
7.0,34.0,506.0,662.0,685.0,747.0,4,974.0
7.0,34.0,104.0,506.0,662.0,747.0,4,974.0
7.0,34.0,104.0,506.0,662.0,747.0,4,974.0
7.0,34.0,506.0,662.0,685.0,747.0,4,974.0
7.0,34.0,436.0,506.0,583.0,685.0,4,974.0
7.0,34.0,104.0,345.0,436.0,583.0,4,685.0
7.0,34.0,345.0,583.0,685.0,974.0,4,975.0
7.0,34.0,104.0,506.0,662.0,685.0,4,747.0
7.0,34.0,104.0,506.0,662.0,747.0,4,974.0
7.0,34.0,506.0,662.0,685.0,974.0,4,975.0
7.0,34.0,104.0,345.0,662.0,685.0,4,975.0
7.0,34.0,104.0,345.0,685.0,747.0,4,975.0
7.0,34.0,506.0,685.0,747.0,974.0,4,975.0
7.0,34.0,506.0,685.0,747.0,974.0,4,975.0
7.0,33.0,21.0,111.0,258.0,318.0,4,976.0
7.0,33.0,21.0,318.0,361.0,470.0,4,976.0
7.0,33.0,21.0,258.0,318.0,361.0,4,976.0
7.0,33.0,258.0,361.0,686.0,829.0,4,976.0
7.0,33.0,258.0,318.0,361.0,829.0,4,976.0
7.0,33.0,21.0,271.0,318.0,361.0,4,470.0
7.0,33.0,21.0,271.0,318.0,361.0,4,470.0
7.0,33.0,21.0,271.0,318.0,361.0,4,470.0
7.0,34.0,104.0,506.0,662.0,747.0,4,974.0
7.0,34.0,104.0,506.0,662.0,747.0,4,974.0
7.0,34.0,506.0,662.0,685.0,974.0,4,975.0
7.0,34.0,104.0,345.0,583.0,685.0,4,975.0
7.0,34.0,506.0,662.0,685.0,747.0,4,974.0
7.0,34.0,506.0,662.0,685.0,747.0,4,974.0
7.0,34.0,104.0,506.0,662.0,747.0,4,974.0
7.0,34.0,104.0,345.0,583.0,685.0,4,747.0
7.0,34.0,104.0,506.0,662.0,747.0,4,974.0
7.0,34.0,506.0,662.0,685.0,747.0,4,974.0
7.0,34.0,104.0,506.0,662.0,747.0,4,974.0
7.0,34.0,506.0,583.0,662.0,685.0,4,974.0
7.0,34.0,104.0,345.0,583.0,685.0,4,975.0
7.0,34.0,104.0,345.0,583.0,747.0,4,974.0
7.0,34.0,104.0,506.0,662.0,747.0,4,974.0
7.0,34.0,104.0,345.0,583.0,662.0,4,685.0
7.0,34.0,104.0,506.0,583.0,685.0,4,747.0
7.0,34.0,104.0,506.0,583.0,747.0,4,974.0
7.0,15.0,188.0,659.0,749.0,941.0,4,1036.0
7.0,15.0,188.0,223.0,302.0,426.0,4,593.0
7.0,15.0,302.0,426.0,719.0,749.0,4,1036.0
7.0,15.0,302.0,426.0,719.0,749.0,4,1036.0
7.0,15.0,426.0,659.0,719.0,749.0,4,1036.0
7.0,15.0,188.0,659.0,749.0,941.0,4,1036.0
7.0,15.0,188.0,426.0,659.0,749.0,4,1036.0
7.0,34.0,104.0,506.0,662.0,747.0,4,974.0
7.0,34.0,506.0,662.0,685.0,747.0,4,974.0
7.0,34.0,41.0,104.0,583.0,685.0,4,747.0
7.0,34.0,41.0,104.0,583.0,685.0,4,975.0
7.0,34.0,104.0,506.0,662.0,747.0,4,974.0
7.0,34.0,104.0,506.0,662.0,747.0,4,974.0
7.0,6.0,56.0,606.0,646.0,693.0,4,914.0
7.0,6.0,30.0,56.0,444.0,693.0,4,914.0
7.0,6.0,30.0,56.0,606.0,693.0,4,914.0
7.0,6.0,444.0,606.0,646.0,980.0,4,989.0
7.0,6.0,30.0,56.0,444.0,693.0,4,914.0
7.0,34.0,104.0,506.0,662.0,974.0,4,975.0
7.0,34.0,167.0,506.0,662.0,685.0,4,974.0
7.0,34.0,167.0,506.0,685.0,974.0,4,975.0
7.0,34.0,41.0,104.0,167.0,685.0,4,975.0
7.0,34.0,12.0,41.0,104.0,685.0,4,975.0
7.0,34.0,12.0,345.0,506.0,974.0,4,975.0
7.0,34.0,12.0,345.0,506.0,974.0,4,975.0
7.0,34.0,104.0,506.0,662.0,974.0,4,975.0
7.0,34.0,167.0,506.0,662.0,685.0,4,974.0
7.0,34.0,41.0,104.0,167.0,685.0,4,975.0
7.0,34.0,12.0,41.0,104.0,685.0,4,975.0
7.0,34.0,12.0,104.0,506.0,662.0,4,974.0
7.0,34.0,506.0,662.0,685.0,974.0,4,975.0
7.0,26.0,72.0,124.0,314.0,321.0,4,965.0
7.0,26.0,321.0,384.0,422.0,948.0,4,965.0
7.0,26.0,381.0,384.0,422.0,703.0,4,948.0
7.0,26.0,124.0,384.0,422.0,703.0,4,948.0
7.0,26.0,72.0,314.0,321.0,381.0,4,965.0
7.0,26.0,72.0,314.0,321.0,381.0,4,965.0
7.0,26.0,72.0,314.0,321.0,381.0,4,965.0
7.0,26.0,72.0,314.0,321.0,948.0,4,965.0
7.0,26.0,72.0,314.0,321.0,447.0,4,965.0
7.0,34.0,104.0,506.0,662.0,974.0,4,975.0
7.0,34.0,167.0,506.0,662.0,974.0,4,975.0
7.0,34.0,12.0,167.0,506.0,662.0,4,974.0
7.0,34.0,12.0,41.0,167.0,662.0,4,974.0
7.0,34.0,104.0,506.0,662.0,974.0,4,975.0
7.0,34.0,104.0,506.0,662.0,974.0,4,975.0
7.0,34.0,104.0,506.0,662.0,974.0,4,975.0
7.0,34.0,506.0,662.0,774.0,974.0,4,975.0
7.0,34.0,104.0,506.0,662.0,974.0,4,975.0
7.0,34.0,12.0,41.0,104.0,290.0,4,774.0
7.0,34.0,12.0,41.0,104.0,290.0,4,774.0
7.0,34.0,12.0,41.0,104.0,290.0,4,774.0
7.0,34.0,12.0,41.0,104.0,290.0,4,774.0
7.0,34.0,104.0,506.0,662.0,974.0,4,975.0
7.0,34.0,506.0,662.0,774.0,974.0,4,975.0
7.0,34.0,12.0,41.0,104.0,290.0,4,774.0
7.0,34.0,12.0,104.0,290.0,506.0,4,974.0
7.0,34.0,12.0,290.0,345.0,506.0,4,974.0
7.0,34.0,12.0,104.0,506.0,662.0,4,974.0
7.0,17.0,109.0,328.0,587.0,741.0,4,1037.0
7.0,17.0,109.0,328.0,587.0,741.0,4,1037.0
7.0,17.0,109.0,354.0,460.0,741.0,4,1037.0
7.0,17.0,109.0,328.0,587.0,741.0,4,1037.0
7.0,17.0,109.0,354.0,460.0,502.0,4,809.0
7.0,17.0,109.0,354.0,460.0,502.0,4,809.0
7.0,17.0,354.0,460.0,502.0,741.0,4,809.0
7.0,34.0,104.0,506.0,662.0,974.0,4,975.0
7.0,34.0,506.0,662.0,685.0,974.0,4,975.0
7.0,34.0,12.0,506.0,662.0,685.0,4,974.0
7.0,34.0,12.0,41.0,662.0,685.0,4,974.0
7.0,34.0,104.0,506.0,662.0,974.0,4,975.0
7.0,34.0,104.0,506.0,662.0,974.0,4,975.0
7.0,34.0,290.0,506.0,662.0,685.0,4,974.0
7.0,34.0,41.0,290.0,662.0,685.0,4,974.0
7.0,34.0,12.0,41.0,104.0,290.0,4,685.0
7.0,25.0,50.0,74.0,421.0,759.0,4,1003.0
7.0,25.0,297.0,603.0,696.0,958.0,4,1003.0
7.0,25.0,297.0,603.0,696.0,958.0,4,1003.0
7.0,25.0,297.0,696.0,759.0,958.0,4,1003.0
7.0,25.0,74.0,421.0,759.0,958.0,4,1003.0
7.0,25.0,74.0,421.0,603.0,696.0,4,759.0
7.0,25.0,74.0,421.0,603.0,696.0,4,958.0
7.0,25.0,74.0,421.0,452.0,696.0,4,958.0
7.0,25.0,297.0,603.0,696.0,759.0,4,1003.0
7.0,25.0,297.0,603.0,696.0,759.0,4,1003.0
7.0,25.0,74.0,603.0,696.0,958.0,4,1003.0
7.0,34.0,12.0,290.0,506.0,685.0,4,974.0
7.0,34.0,104.0,506.0,662.0,974.0,4,975.0
7.0,34.0,12.0,41.0,104.0,290.0,4,685.0
7.0,34.0,12.0,41.0,104.0,290.0,4,685.0
7.0,34.0,12.0,104.0,290.0,506.0,4,974.0
7.0,34.0,104.0,290.0,506.0,685.0,4,974.0
7.0,34.0,104.0,290.0,506.0,685.0,4,974.0
7.0,29.0,83.0,242.0,392.0,824.0,4,860.0
7.0,29.0,83.0,260.0,392.0,456.0,4,824.0
7.0,29.0,83.0,260.0,392.0,456.0,4,799.0
7.0,29.0,83.0,392.0,456.0,824.0,4,860.0
7.0,29.0,83.0,242.0,260.0,392.0,4,860.0
7.0,34.0,104.0,506.0,662.0,974.0,4,975.0
7.0,34.0,12.0,506.0,662.0,685.0,4,974.0
7.0,34.0,12.0,506.0,662.0,685.0,4,974.0
7.0,34.0,12.0,41.0,104.0,290.0,4,685.0
7.0,34.0,12.0,41.0,104.0,290.0,4,685.0
7.0,34.0,12.0,41.0,104.0,290.0,4,685.0
7.0,34.0,104.0,506.0,662.0,974.0,4,975.0
7.0,34.0,104.0,506.0,662.0,974.0,4,975.0
7.0,34.0,506.0,662.0,685.0,974.0,4,975.0
7.0,34.0,12.0,506.0,662.0,685.0,4,974.0
7.0,34.0,104.0,290.0,506.0,662.0,4,974.0
7.0,34.0,104.0,506.0,662.0,974.0,4,975.0
7.0,34.0,41.0,290.0,662.0,685.0,4,974.0
7.0,34.0,12.0,41.0,104.0,290.0,4,685.0
7.0,34.0,12.0,41.0,104.0,290.0,4,685.0
7.0,34.0,12.0,41.0,104.0,290.0,4,685.0
7.0,34.0,104.0,506.0,662.0,974.0,4,975.0
7.0,34.0,41.0,506.0,662.0,974.0,4,975.0
7.0,34.0,104.0,506.0,662.0,974.0,4,975.0
7.0,34.0,104.0,506.0,662.0,974.0,4,975.0
7.0,34.0,506.0,662.0,685.0,974.0,4,975.0
7.0,34.0,41.0,290.0,662.0,685.0,4,974.0
7.0,34.0,41.0,167.0,583.0,685.0,4,774.0
7.0,23.0,136.0,388.0,400.0,822.0,4,994.0
7.0,23.0,33.0,388.0,400.0,778.0,4,955.0
7.0,23.0,33.0,136.0,400.0,778.0,4,955.0
7.0,23.0,136.0,388.0,400.0,822.0,4,994.0
7.0,23.0,136.0,388.0,400.0,822.0,4,994.0
7.0,23.0,136.0,388.0,400.0,778.0,4,994.0
7.0,23.0,33.0,388.0,400.0,778.0,4,955.0
7.0,23.0,33.0,136.0,400.0,822.0,4,955.0
7.0,34.0,12.0,41.0,104.0,290.0,4,685.0
7.0,34.0,104.0,506.0,662.0,974.0,4,975.0
7.0,34.0,104.0,506.0,662.0,974.0,4,975.0
7.0,34.0,41.0,104.0,290.0,583.0,4,974.0
7.0,34.0,167.0,290.0,345.0,583.0,4,774.0
7.0,34.0,167.0,290.0,345.0,583.0,4,774.0
7.0,34.0,506.0,662.0,685.0,747.0,4,974.0
7.0,34.0,41.0,104.0,662.0,685.0,4,747.0
7.0,34.0,104.0,290.0,506.0,974.0,4,975.0
7.0,34.0,104.0,506.0,662.0,974.0,4,975.0
7.0,34.0,104.0,506.0,662.0,974.0,4,975.0
7.0,34.0,104.0,506.0,662.0,974.0,4,975.0
7.0,34.0,506.0,662.0,685.0,974.0,4,975.0
7.0,34.0,506.0,662.0,685.0,747.0,4,974.0
7.0,34.0,41.0,104.0,662.0,685.0,4,747.0
7.0,34.0,104.0,290.0,506.0,685.0,4,747.0
7.0,34.0,104.0,290.0,506.0,662.0,4,685.0
7.0,25.0,74.0,269.0,421.0,603.0,4,696.0
7.0,25.0,50.0,286.0,421.0,958.0,4,1003.0
7.0,25.0,50.0,286.0,297.0,958.0,4,1003.0
7.0,25.0,74.0,269.0,421.0,603.0,4,696.0
7.0,25.0,50.0,74.0,421.0,603.0,4,696.0
7.0,25.0,50.0,286.0,297.0,958.0,4,1003.0
7.0,25.0,74.0,269.0,421.0,696.0,4,958.0
7.0,34.0,104.0,506.0,662.0,974.0,4,975.0
7.0,34.0,12.0,290.0,506.0,685.0,4,974.0
7.0,34.0,12.0,41.0,104.0,290.0,4,685.0
7.0,34.0,12.0,41.0,104.0,290.0,4,774.0
7.0,34.0,12.0,41.0,104.0,662.0,4,774.0
7.0,34.0,104.0,506.0,662.0,974.0,4,975.0
7.0,34.0,104.0,506.0,662.0,974.0,4,975.0
7.0,34.0,506.0,662.0,685.0,974.0,4,975.0
7.0,34.0,41.0,290.0,662.0,685.0,4,974.0
7.0,34.0,12.0,41.0,104.0,290.0,4,685.0
7.0,1.0,78.0,106.0,160.0,495.0,4,795.0
7.0,1.0,78.0,160.0,463.0,495.0,4,565.0
7.0,1.0,78.0,106.0,463.0,495.0,4,795.0
7.0,1.0,78.0,106.0,463.0,565.0,4,795.0
7.0,1.0,78.0,160.0,495.0,565.0,4,795.0
7.0,1.0,154.0,160.0,495.0,565.0,4,795.0
7.0,29.0,83.0,242.0,370.0,456.0,4,505.0
7.0,29.0,242.0,392.0,670.0,784.0,4,971.0
7.0,29.0,173.0,392.0,670.0,784.0,4,971.0
7.0,29.0,173.0,392.0,670.0,784.0,4,971.0
7.0,29.0,173.0,392.0,670.0,784.0,4,971.0
7.0,29.0,242.0,392.0,505.0,670.0,4,784.0
7.0,29.0,83.0,242.0,370.0,456.0,4,505.0
7.0,29.0,370.0,456.0,505.0,670.0,4,784.0
7.0,29.0,370.0,456.0,505.0,670.0,4,784.0
7.0,29.0,370.0,456.0,670.0,784.0,4,971.0
7.0,29.0,242.0,370.0,392.0,670.0,4,971.0
7.0,29.0,242.0,370.0,392.0,505.0,4,670.0
7.0,29.0,370.0,392.0,505.0,670.0,4,784.0
7.0,29.0,374.0,392.0,505.0,635.0,4,670.0
7.0,29.0,83.0,370.0,374.0,392.0,4,635.0
7.0,29.0,173.0,392.0,505.0,670.0,4,971.0
7.0,29.0,173.0,392.0,505.0,670.0,4,971.0
7.0,29.0,374.0,392.0,505.0,670.0,4,971.0
7.0,29.0,374.0,392.0,505.0,670.0,4,971.0
7.0,29.0,374.0,392.0,505.0,670.0,4,971.0
7.0,33.0,318.0,361.0,470.0,829.0,4,976.0
7.0,33.0,318.0,361.0,470.0,829.0,4,976.0
7.0,33.0,52.0,361.0,717.0,829.0,4,976.0
7.0,33.0,21.0,52.0,361.0,717.0,4,976.0
7.0,33.0,21.0,52.0,717.0,829.0,4,976.0
7.0,33.0,21.0,271.0,318.0,717.0,4,829.0
7.0,33.0,21.0,271.0,318.0,717.0,4,829.0
7.0,33.0,21.0,318.0,361.0,717.0,4,976.0
7.0,33.0,318.0,361.0,470.0,829.0,4,976.0
7.0,33.0,21.0,271.0,361.0,470.0,4,976.0
7.0,33.0,21.0,52.0,361.0,470.0,4,976.0
7.0,29.0,260.0,392.0,456.0,670.0,4,971.0
7.0,29.0,83.0,260.0,392.0,456.0,4,670.0
7.0,29.0,242.0,260.0,392.0,670.0,4,971.0
7.0,29.0,374.0,485.0,670.0,821.0,4,971.0
7.0,25.0,74.0,356.0,421.0,759.0,4,958.0
7.0,25.0,50.0,74.0,759.0,958.0,4,1003.0
7.0,25.0,50.0,74.0,696.0,759.0,4,1003.0
7.0,25.0,50.0,286.0,603.0,696.0,4,1003.0
7.0,25.0,74.0,356.0,421.0,603.0,4,958.0
7.0,25.0,74.0,356.0,421.0,759.0,4,958.0
7.0,25.0,50.0,74.0,603.0,696.0,4,1003.0
7.0,25.0,50.0,74.0,759.0,958.0,4,1003.0
7.0,25.0,74.0,356.0,421.0,759.0,4,958.0
7.0,29.0,242.0,260.0,392.0,456.0,4,670.0
7.0,29.0,3.0,260.0,485.0,670.0,4,799.0
7.0,29.0,3.0,260.0,485.0,670.0,4,860.0
7.0,29.0,242.0,260.0,392.0,670.0,4,860.0
7.0,29.0,83.0,242.0,392.0,670.0,4,860.0
7.0,29.0,83.0,242.0,392.0,456.0,4,860.0
7.0,29.0,83.0,242.0,392.0,456.0,4,860.0
7.0,29.0,242.0,260.0,485.0,670.0,4,971.0
7.0,29.0,242.0,485.0,670.0,860.0,4,971.0
7.0,29.0,83.0,392.0,456.0,799.0,4,860.0
7.0,29.0,260.0,392.0,670.0,799.0,4,971.0
7.0,29.0,260.0,392.0,670.0,799.0,4,971.0
7.0,29.0,260.0,392.0,670.0,799.0,4,971.0
7.0,29.0,242.0,260.0,485.0,670.0,4,971.0
7.0,29.0,242.0,260.0,485.0,670.0,4,971.0
7.0,29.0,242.0,260.0,392.0,485.0,4,860.0
7.0,29.0,260.0,456.0,485.0,670.0,4,860.0
7.0,29.0,260.0,456.0,485.0,670.0,4,860.0
7.0,29.0,242.0,260.0,392.0,670.0,4,860.0
7.0,29.0,3.0,260.0,392.0,670.0,4,860.0
7.0,29.0,260.0,392.0,670.0,799.0,4,860.0
7.0,29.0,242.0,485.0,670.0,799.0,4,860.0
7.0,29.0,242.0,485.0,670.0,799.0,4,860.0
7.0,29.0,242.0,392.0,456.0,670.0,4,860.0
7.0,29.0,83.0,242.0,260.0,392.0,4,799.0
7.0,29.0,3.0,83.0,260.0,485.0,4,799.0
7.0,29.0,83.0,260.0,485.0,799.0,4,860.0
7.0,29.0,242.0,392.0,456.0,670.0,4,860.0
7.0,29.0,83.0,242.0,392.0,456.0,4,860.0
7.0,29.0,83.0,242.0,260.0,485.0,4,860.0
7.0,29.0,242.0,260.0,392.0,456.0,4,860.0
7.0,29.0,242.0,260.0,392.0,456.0,4,860.0
7.0,29.0,83.0,260.0,456.0,485.0,4,860.0
7.0,29.0,83.0,260.0,456.0,485.0,4,860.0
7.0,29.0,83.0,260.0,456.0,485.0,4,860.0
7.0,29.0,242.0,392.0,456.0,670.0,4,860.0
7.0,29.0,242.0,392.0,456.0,670.0,4,860.0
7.0,29.0,242.0,392.0,456.0,670.0,4,860.0
7.0,29.0,83.0,260.0,392.0,485.0,4,799.0
7.0,29.0,83.0,260.0,392.0,485.0,4,799.0
7.0,29.0,83.0,260.0,392.0,485.0,4,799.0
7.0,29.0,83.0,485.0,799.0,821.0,4,971.0
7.0,12.0,237.0,350.0,611.0,788.0,4,856.0
7.0,12.0,126.0,216.0,386.0,611.0,4,638.0
7.0,12.0,126.0,216.0,386.0,611.0,4,638.0
7.0,12.0,216.0,237.0,350.0,611.0,4,856.0
7.0,12.0,237.0,350.0,611.0,788.0,4,856.0
7.0,12.0,126.0,216.0,237.0,386.0,4,788.0
7.0,12.0,126.0,216.0,386.0,638.0,4,788.0
7.0,12.0,126.0,216.0,386.0,638.0,4,788.0
7.0,12.0,126.0,216.0,386.0,638.0,4,817.0
7.0,15.0,188.0,659.0,714.0,941.0,4,1036.0
7.0,15.0,302.0,426.0,593.0,719.0,4,749.0
7.0,15.0,302.0,426.0,714.0,719.0,4,749.0
7.0,15.0,188.0,659.0,714.0,941.0,4,1036.0
7.0,15.0,188.0,659.0,714.0,941.0,4,1036.0
7.0,15.0,188.0,659.0,714.0,941.0,4,1036.0
7.0,15.0,188.0,426.0,593.0,714.0,4,1036.0
7.0,15.0,302.0,426.0,593.0,714.0,4,719.0
7.0,15.0,188.0,659.0,714.0,941.0,4,1036.0
7.0,22.0,16.0,58.0,117.0,369.0,4,990.0
7.0,22.0,58.0,77.0,320.0,466.0,4,990.0
7.0,22.0,58.0,117.0,222.0,320.0,4,466.0
7.0,22.0,58.0,117.0,222.0,320.0,4,466.0
7.0,22.0,58.0,117.0,222.0,466.0,4,990.0
7.0,22.0,26.0,58.0,77.0,117.0,4,990.0
7.0,22.0,26.0,77.0,222.0,466.0,4,990.0
7.0,22.0,26.0,77.0,222.0,466.0,4,990.0
7.0,22.0,16.0,58.0,77.0,320.0,4,466.0
7.0,22.0,16.0,58.0,77.0,320.0,4,466.0
7.0,22.0,58.0,117.0,320.0,466.0,4,990.0
7.0,29.0,3.0,260.0,392.0,456.0,4,670.0
7.0,29.0,3.0,392.0,456.0,670.0,4,971.0
7.0,29.0,3.0,392.0,456.0,670.0,4,971.0
7.0,29.0,392.0,456.0,670.0,799.0,4,971.0
7.0,29.0,83.0,132.0,260.0,485.0,4,799.0
7.0,29.0,260.0,392.0,456.0,670.0,4,799.0
7.0,29.0,132.0,260.0,392.0,456.0,4,670.0
7.0,29.0,3.0,132.0,260.0,392.0,4,670.0
7.0,33.0,258.0,361.0,686.0,829.0,4,976.0
7.0,33.0,21.0,258.0,318.0,361.0,4,504.0
7.0,33.0,21.0,111.0,318.0,470.0,4,504.0
7.0,33.0,258.0,361.0,686.0,829.0,4,976.0
7.0,33.0,258.0,361.0,686.0,829.0,4,976.0
7.0,33.0,258.0,361.0,686.0,829.0,4,976.0
7.0,33.0,21.0,318.0,361.0,470.0,4,504.0
7.0,33.0,21.0,318.0,361.0,470.0,4,504.0
7.0,29.0,3.0,392.0,456.0,670.0,4,860.0
7.0,29.0,3.0,83.0,260.0,456.0,4,485.0
7.0,29.0,132.0,260.0,392.0,799.0,4,860.0
7.0,29.0,3.0,392.0,456.0,670.0,4,860.0
7.0,29.0,3.0,392.0,456.0,670.0,4,860.0
7.0,29.0,83.0,132.0,392.0,799.0,4,860.0
7.0,29.0,242.0,392.0,456.0,670.0,4,860.0
7.0,29.0,242.0,392.0,670.0,799.0,4,860.0
7.0,29.0,242.0,260.0,392.0,670.0,4,799.0
7.0,29.0,83.0,132.0,260.0,392.0,4,799.0
7.0,29.0,242.0,260.0,392.0,799.0,4,860.0
7.0,29.0,242.0,392.0,670.0,799.0,4,860.0
7.0,29.0,242.0,392.0,670.0,799.0,4,860.0
7.0,29.0,392.0,456.0,670.0,799.0,4,860.0
7.0,29.0,242.0,392.0,456.0,670.0,4,860.0
7.0,29.0,83.0,242.0,260.0,485.0,4,799.0
7.0,29.0,83.0,242.0,260.0,485.0,4,799.0
7.0,29.0,83.0,242.0,260.0,485.0,4,799.0
7.0,29.0,83.0,242.0,260.0,456.0,4,485.0
7.0,29.0,3.0,83.0,132.0,821.0,4,971.0
7.0,1.0,160.0,353.0,484.0,495.0,4,565.0
7.0,1.0,160.0,353.0,442.0,565.0,4,795.0
7.0,1.0,160.0,353.0,442.0,565.0,4,795.0
7.0,1.0,353.0,442.0,463.0,484.0,4,595.0
7.0,1.0,106.0,353.0,442.0,463.0,4,795.0
7.0,1.0,106.0,353.0,463.0,484.0,4,565.0
7.0,1.0,160.0,463.0,484.0,565.0,4,595.0
7.0,1.0,160.0,353.0,442.0,484.0,4,565.0
7.0,6.0,444.0,606.0,646.0,980.0,4,989.0
7.0,6.0,30.0,56.0,275.0,606.0,4,980.0
7.0,6.0,30.0,56.0,275.0,381.0,4,693.0
7.0,6.0,30.0,56.0,275.0,381.0,4,693.0
7.0,6.0,56.0,275.0,381.0,646.0,4,693.0
7.0,6.0,444.0,606.0,646.0,980.0,4,989.0
7.0,6.0,275.0,606.0,646.0,980.0,4,989.0
7.0,6.0,56.0,275.0,606.0,646.0,4,980.0
7.0,6.0,56.0,275.0,381.0,646.0,4,693.0
7.0,6.0,30.0,56.0,275.0,381.0,4,606.0
7.0,6.0,30.0,56.0,275.0,381.0,4,606.0
7.0,6.0,56.0,275.0,381.0,606.0,4,646.0
7.0,23.0,136.0,388.0,778.0,822.0,4,994.0
7.0,23.0,33.0,136.0,822.0,955.0,4,994.0
7.0,23.0,136.0,388.0,822.0,955.0,4,994.0
7.0,23.0,33.0,136.0,388.0,822.0,4,994.0
7.0,23.0,136.0,388.0,778.0,822.0,4,994.0
7.0,23.0,33.0,136.0,778.0,955.0,4,994.0
7.0,23.0,33.0,136.0,475.0,778.0,4,955.0
7.0,23.0,136.0,778.0,822.0,955.0,4,994.0
7.0,29.0,83.0,242.0,392.0,456.0,4,860.0
7.0,29.0,83.0,132.0,242.0,260.0,4,392.0
7.0,29.0,242.0,260.0,799.0,821.0,4,860.0
7.0,29.0,242.0,260.0,392.0,799.0,4,860.0
7.0,29.0,83.0,132.0,260.0,392.0,4,799.0
7.0,29.0,132.0,260.0,392.0,799.0,4,971.0
7.0,29.0,132.0,242.0,392.0,860.0,4,971.0
7.0,29.0,242.0,392.0,456.0,860.0,4,971.0
7.0,29.0,83.0,242.0,392.0,456.0,4,860.0
7.0,29.0,83.0,242.0,260.0,392.0,4,456.0
7.0,29.0,242.0,260.0,392.0,771.0,4,799.0
7.0,29.0,83.0,242.0,392.0,456.0,4,860.0
7.0,29.0,83.0,242.0,392.0,456.0,4,860.0
7.0,29.0,83.0,392.0,456.0,824.0,4,860.0
7.0,29.0,392.0,456.0,821.0,824.0,4,860.0
7.0,29.0,392.0,456.0,821.0,824.0,4,860.0
7.0,29.0,392.0,799.0,821.0,824.0,4,860.0
7.0,29.0,242.0,392.0,821.0,824.0,4,860.0
7.0,29.0,83.0,242.0,392.0,821.0,4,824.0
7.0,17.0,354.0,460.0,502.0,764.0,4,809.0
7.0,17.0,109.0,328.0,587.0,741.0,4,1037.0
7.0,17.0,109.0,328.0,502.0,587.0,4,764.0
7.0,17.0,109.0,328.0,354.0,502.0,4,764.0
7.0,17.0,354.0,460.0,502.0,764.0,4,809.0
7.0,17.0,109.0,328.0,354.0,460.0,4,587.0
7.0,17.0,109.0,328.0,460.0,587.0,4,741.0
7.0,17.0,109.0,460.0,727.0,741.0,4,962.0
7.0,2.0,255.0,493.0,687.0,790.0,4,900.0
7.0,2.0,45.0,255.0,493.0,687.0,4,900.0
7.0,2.0,36.0,45.0,255.0,493.0,4,670.0
7.0,2.0,36.0,255.0,493.0,670.0,4,728.0
7.0,2.0,17.0,448.0,670.0,728.0,4,900.0
7.0,2.0,17.0,448.0,670.0,728.0,4,900.0
7.0,2.0,36.0,255.0,448.0,493.0,4,900.0
7.0,2.0,36.0,255.0,448.0,493.0,4,900.0
7.0,2.0,36.0,448.0,493.0,670.0,4,900.0
7.0,2.0,17.0,36.0,448.0,493.0,4,670.0
7.0,2.0,17.0,36.0,255.0,448.0,4,670.0
7.0,2.0,17.0,36.0,255.0,670.0,4,728.0
7.0,2.0,17.0,36.0,255.0,670.0,4,728.0
7.0,26.0,381.0,384.0,422.0,703.0,4,948.0
7.0,26.0,124.0,384.0,703.0,948.0,4,965.0
7.0,26.0,381.0,422.0,703.0,948.0,4,965.0
7.0,26.0,72.0,321.0,422.0,948.0,4,965.0
7.0,26.0,72.0,314.0,321.0,381.0,4,965.0
7.0,26.0,72.0,124.0,314.0,384.0,4,703.0
7.0,26.0,72.0,124.0,321.0,384.0,4,965.0
7.0,4.0,134.0,486.0,487.0,589.0,4,715.0
7.0,4.0,194.0,715.0,743.0,936.0,4,964.0
7.0,4.0,194.0,487.0,715.0,936.0,4,964.0
7.0,4.0,194.0,486.0,487.0,589.0,4,936.0
7.0,4.0,134.0,194.0,486.0,487.0,4,715.0
7.0,4.0,194.0,487.0,589.0,715.0,4,936.0
7.0,4.0,486.0,487.0,589.0,715.0,4,936.0
7.0,29.0,83.0,242.0,392.0,824.0,4,860.0
7.0,29.0,83.0,242.0,392.0,824.0,4,860.0
7.0,29.0,83.0,260.0,392.0,456.0,4,824.0
7.0,29.0,83.0,242.0,260.0,392.0,4,456.0
7.0,29.0,260.0,456.0,821.0,860.0,4,971.0
7.0,29.0,83.0,242.0,392.0,824.0,4,860.0
7.0,29.0,83.0,242.0,392.0,824.0,4,860.0
7.0,29.0,242.0,392.0,824.0,860.0,4,971.0
7.0,29.0,242.0,392.0,824.0,860.0,4,971.0
7.0,29.0,242.0,821.0,824.0,860.0,4,971.0
7.0,29.0,242.0,260.0,821.0,824.0,4,971.0
7.0,29.0,242.0,260.0,821.0,824.0,4,971.0
7.0,29.0,83.0,242.0,260.0,821.0,4,971.0
7.0,22.0,26.0,58.0,117.0,222.0,4,990.0
7.0,22.0,26.0,58.0,60.0,77.0,4,222.0
7.0,22.0,58.0,60.0,77.0,222.0,4,466.0
7.0,22.0,60.0,77.0,222.0,466.0,4,639.0
7.0,22.0,60.0,77.0,222.0,466.0,4,639.0
7.0,22.0,16.0,60.0,77.0,222.0,4,466.0
7.0,22.0,26.0,58.0,117.0,222.0,4,990.0
7.0,22.0,58.0,60.0,77.0,222.0,4,466.0
7.0,22.0,58.0,60.0,77.0,222.0,4,466.0
7.0,22.0,26.0,60.0,77.0,222.0,4,466.0
7.0,22.0,58.0,60.0,117.0,466.0,4,990.0
7.0,22.0,16.0,58.0,320.0,454.0,4,536.0
7.0,22.0,320.0,369.0,454.0,536.0,4,990.0
7.0,22.0,60.0,117.0,454.0,612.0,4,990.0
7.0,22.0,58.0,60.0,70.0,117.0,4,990.0
7.0,22.0,58.0,70.0,117.0,320.0,4,536.0
7.0,22.0,16.0,58.0,70.0,320.0,4,536.0
7.0,22.0,16.0,58.0,320.0,369.0,4,536.0
7.0,22.0,58.0,60.0,70.0,536.0,4,990.0
7.0,22.0,58.0,60.0,70.0,117.0,4,990.0
7.0,22.0,16.0,58.0,320.0,454.0,4,536.0
7.0,25.0,74.0,421.0,452.0,696.0,4,759.0
7.0,25.0,50.0,297.0,421.0,759.0,4,1003.0
7.0,25.0,50.0,74.0,297.0,603.0,4,1003.0
7.0,25.0,50.0,74.0,421.0,696.0,4,759.0
7.0,25.0,50.0,421.0,696.0,759.0,4,1003.0
7.0,25.0,50.0,421.0,696.0,759.0,4,1003.0
7.0,25.0,74.0,421.0,452.0,696.0,4,759.0
7.0,25.0,74.0,452.0,696.0,759.0,4,1003.0
7.0,25.0,50.0,74.0,297.0,603.0,4,1003.0
7.0,25.0,50.0,74.0,297.0,603.0,4,1003.0
7.0,22.0,16.0,58.0,320.0,454.0,4,536.0
7.0,22.0,16.0,58.0,454.0,536.0,4,990.0
7.0,22.0,16.0,58.0,369.0,536.0,4,990.0
7.0,22.0,58.0,60.0,117.0,612.0,4,990.0
7.0,22.0,16.0,58.0,320.0,454.0,4,536.0
7.0,22.0,16.0,58.0,320.0,454.0,4,536.0
7.0,22.0,16.0,58.0,320.0,454.0,4,536.0
7.0,22.0,16.0,58.0,320.0,454.0,4,536.0
7.0,22.0,60.0,369.0,536.0,612.0,4,990.0
7.0,22.0,60.0,117.0,369.0,612.0,4,990.0
7.0,22.0,58.0,60.0,117.0,369.0,4,990.0
7.0,22.0,58.0,60.0,117.0,369.0,4,990.0
7.0,15.0,509.0,659.0,714.0,719.0,4,802.0
7.0,15.0,484.0,593.0,719.0,802.0,4,960.0
7.0,15.0,484.0,593.0,719.0,802.0,4,960.0
7.0,15.0,484.0,593.0,659.0,714.0,4,960.0
7.0,15.0,593.0,659.0,714.0,941.0,4,960.0
7.0,15.0,302.0,659.0,714.0,941.0,4,960.0
7.0,15.0,302.0,484.0,659.0,714.0,4,960.0
7.0,15.0,302.0,415.0,509.0,714.0,4,719.0
7.0,15.0,302.0,415.0,593.0,714.0,4,719.0
7.0,15.0,302.0,415.0,593.0,719.0,4,749.0
7.0,15.0,302.0,415.0,593.0,719.0,4,749.0
7.0,33.0,21.0,271.0,318.0,686.0,4,717.0
7.0,33.0,21.0,258.0,271.0,318.0,4,361.0
7.0,33.0,21.0,258.0,318.0,361.0,4,829.0
7.0,33.0,21.0,258.0,318.0,361.0,4,829.0
7.0,33.0,21.0,318.0,361.0,686.0,4,829.0
7.0,33.0,271.0,318.0,361.0,686.0,4,829.0
7.0,33.0,271.0,318.0,361.0,686.0,4,829.0
7.0,22.0,16.0,58.0,320.0,454.0,4,536.0
7.0,22.0,58.0,320.0,536.0,864.0,4,990.0
7.0,22.0,58.0,320.0,536.0,864.0,4,990.0
7.0,22.0,60.0,117.0,454.0,864.0,4,990.0
7.0,22.0,58.0,60.0,117.0,454.0,4,990.0
7.0,22.0,58.0,60.0,454.0,536.0,4,990.0
7.0,22.0,16.0,58.0,320.0,536.0,4,864.0
7.0,22.0,16.0,58.0,320.0,454.0,4,536.0
7.0,22.0,16.0,58.0,320.0,536.0,4,864.0
7.0,22.0,16.0,58.0,320.0,536.0,4,864.0
7.0,22.0,117.0,536.0,633.0,864.0,4,990.0
7.0,22.0,60.0,117.0,633.0,864.0,4,990.0
7.0,22.0,60.0,117.0,633.0,864.0,4,990.0
7.0,22.0,60.0,77.0,117.0,633.0,4,864.0
7.0,22.0,16.0,58.0,320.0,454.0,4,536.0
7.0,22.0,58.0,117.0,320.0,864.0,4,990.0
7.0,22.0,60.0,117.0,633.0,864.0,4,990.0
7.0,22.0,60.0,117.0,633.0,864.0,4,990.0
7.0,22.0,58.0,60.0,117.0,864.0,4,990.0
7.0,22.0,58.0,60.0,536.0,864.0,4,990.0
7.0,22.0,16.0,58.0,320.0,536.0,4,864.0
7.0,22.0,16.0,58.0,536.0,864.0,4,990.0
7.0,22.0,60.0,77.0,454.0,864.0,4,990.0
7.0,22.0,16.0,58.0,320.0,536.0,4,864.0
7.0,22.0,58.0,320.0,536.0,864.0,4,990.0
7.0,22.0,58.0,320.0,536.0,864.0,4,990.0
7.0,22.0,58.0,320.0,536.0,864.0,4,990.0
7.0,22.0,58.0,60.0,77.0,864.0,4,990.0
7.0,22.0,16.0,58.0,320.0,454.0,4,536.0
7.0,22.0,58.0,320.0,454.0,536.0,4,990.0
7.0,22.0,58.0,320.0,454.0,536.0,4,990.0
7.0,22.0,58.0,320.0,454.0,536.0,4,990.0
7.0,22.0,58.0,320.0,536.0,864.0,4,990.0
7.0,26.0,333.0,703.0,914.0,948.0,4,965.0
7.0,26.0,107.0,314.0,384.0,620.0,4,965.0
7.0,26.0,384.0,620.0,703.0,914.0,4,965.0
7.0,26.0,384.0,422.0,703.0,914.0,4,948.0
7.0,26.0,384.0,422.0,620.0,948.0,4,965.0
7.0,26.0,333.0,384.0,620.0,948.0,4,965.0
7.0,26.0,107.0,333.0,384.0,620.0,4,965.0
7.0,26.0,333.0,384.0,703.0,948.0,4,965.0
7.0,23.0,44.0,136.0,388.0,575.0,4,822.0
7.0,23.0,33.0,44.0,136.0,400.0,4,822.0
7.0,23.0,44.0,136.0,388.0,400.0,4,822.0
7.0,23.0,44.0,136.0,388.0,400.0,4,822.0
7.0,23.0,44.0,136.0,388.0,400.0,4,822.0
7.0,23.0,44.0,136.0,388.0,400.0,4,822.0
7.0,23.0,44.0,136.0,400.0,822.0,4,955.0
7.0,23.0,33.0,136.0,400.0,778.0,4,955.0
7.0,23.0,33.0,136.0,400.0,778.0,4,955.0
7.0,4.0,134.0,589.0,646.0,715.0,4,936.0
7.0,4.0,646.0,715.0,718.0,743.0,4,936.0
7.0,4.0,487.0,715.0,718.0,936.0,4,964.0
7.0,4.0,134.0,487.0,589.0,715.0,4,964.0
7.0,4.0,134.0,487.0,589.0,646.0,4,715.0
7.0,4.0,134.0,589.0,646.0,715.0,4,936.0
7.0,22.0,60.0,77.0,633.0,864.0,4,990.0
7.0,22.0,60.0,454.0,536.0,864.0,4,990.0
7.0,22.0,16.0,320.0,454.0,536.0,4,864.0
7.0,22.0,16.0,320.0,454.0,536.0,4,864.0
7.0,22.0,16.0,320.0,536.0,633.0,4,864.0
7.0,22.0,60.0,320.0,536.0,633.0,4,864.0
7.0,1.0,78.0,106.0,442.0,463.0,4,517.0
7.0,1.0,78.0,106.0,463.0,517.0,4,595.0
7.0,1.0,78.0,106.0,442.0,463.0,4,517.0
7.0,1.0,78.0,106.0,442.0,463.0,4,517.0
7.0,1.0,78.0,106.0,442.0,463.0,4,517.0
7.0,1.0,188.0,353.0,442.0,517.0,4,565.0
7.0,1.0,78.0,442.0,463.0,517.0,4,595.0
7.0,12.0,126.0,216.0,638.0,788.0,4,856.0
7.0,12.0,126.0,216.0,386.0,611.0,4,638.0
7.0,12.0,126.0,216.0,386.0,611.0,4,638.0
7.0,12.0,126.0,216.0,237.0,386.0,4,611.0
7.0,12.0,237.0,350.0,611.0,788.0,4,856.0
7.0,12.0,237.0,350.0,611.0,788.0,4,856.0
7.0,12.0,126.0,216.0,386.0,611.0,4,638.0
7.0,12.0,126.0,216.0,386.0,638.0,4,788.0
7.0,12.0,126.0,216.0,638.0,788.0,4,856.0
7.0,12.0,216.0,350.0,638.0,788.0,4,856.0
7.0,15.0,188.0,659.0,719.0,749.0,4,1036.0
7.0,15.0,188.0,302.0,509.0,719.0,4,749.0
7.0,15.0,426.0,659.0,714.0,941.0,4,1036.0
7.0,15.0,188.0,659.0,714.0,941.0,4,1036.0
7.0,15.0,188.0,659.0,714.0,941.0,4,1036.0
7.0,15.0,302.0,426.0,593.0,719.0,4,749.0
7.0,15.0,188.0,659.0,714.0,941.0,4,1036.0
7.0,22.0,16.0,58.0,117.0,320.0,4,990.0
7.0,22.0,58.0,77.0,222.0,320.0,4,990.0
7.0,22.0,58.0,60.0,77.0,222.0,4,990.0
7.0,22.0,60.0,77.0,222.0,466.0,4,990.0
7.0,22.0,58.0,60.0,77.0,466.0,4,990.0
7.0,22.0,16.0,58.0,117.0,320.0,4,466.0
7.0,22.0,58.0,117.0,222.0,320.0,4,466.0
7.0,22.0,58.0,60.0,77.0,466.0,4,990.0
7.0,22.0,16.0,58.0,117.0,320.0,4,990.0
7.0,6.0,125.0,606.0,646.0,980.0,4,989.0
7.0,6.0,275.0,606.0,646.0,980.0,4,989.0
7.0,6.0,56.0,275.0,444.0,693.0,4,989.0
7.0,6.0,56.0,275.0,381.0,444.0,4,693.0
7.0,6.0,56.0,275.0,381.0,444.0,4,606.0
7.0,6.0,56.0,275.0,444.0,606.0,4,980.0
7.0,22.0,16.0,26.0,58.0,117.0,4,320.0
7.0,22.0,16.0,58.0,77.0,369.0,4,990.0
7.0,22.0,60.0,77.0,369.0,466.0,4,990.0
7.0,22.0,26.0,60.0,77.0,466.0,4,990.0
7.0,22.0,26.0,60.0,77.0,466.0,4,990.0
7.0,22.0,26.0,58.0,77.0,320.0,4,990.0
7.0,22.0,16.0,26.0,58.0,117.0,4,320.0
7.0,22.0,16.0,58.0,117.0,320.0,4,369.0
7.0,22.0,16.0,58.0,117.0,369.0,4,990.0
7.0,22.0,60.0,77.0,369.0,466.0,4,990.0
7.0,22.0,26.0,58.0,117.0,320.0,4,990.0
7.0,2.0,255.0,493.0,577.0,790.0,4,900.0
7.0,2.0,255.0,493.0,577.0,790.0,4,900.0
7.0,2.0,255.0,493.0,687.0,728.0,4,900.0
7.0,2.0,17.0,455.0,687.0,728.0,4,900.0
7.0,2.0,17.0,45.0,455.0,687.0,4,728.0
7.0,2.0,17.0,45.0,455.0,687.0,4,728.0
7.0,2.0,17.0,255.0,493.0,577.0,4,790.0
7.0,2.0,17.0,45.0,455.0,687.0,4,728.0
7.0,2.0,17.0,45.0,455.0,687.0,4,728.0
7.0,2.0,17.0,45.0,455.0,687.0,4,728.0
7.0,2.0,17.0,45.0,683.0,687.0,4,728.0
7.0,17.0,109.0,348.0,354.0,587.0,4,727.0
7.0,17.0,109.0,328.0,348.0,741.0,4,1037.0
7.0,17.0,109.0,328.0,348.0,741.0,4,1037.0
7.0,17.0,109.0,328.0,348.0,354.0,4,1037.0
7.0,17.0,109.0,348.0,354.0,587.0,4,727.0
7.0,17.0,109.0,348.0,354.0,741.0,4,1037.0
7.0,17.0,109.0,328.0,587.0,741.0,4,1037.0
7.0,22.0,16.0,58.0,117.0,320.0,4,369.0
7.0,22.0,16.0,60.0,77.0,369.0,4,990.0
7.0,22.0,16.0,60.0,77.0,369.0,4,639.0
7.0,22.0,16.0,58.0,77.0,117.0,4,320.0
7.0,22.0,16.0,26.0,58.0,117.0,4,320.0
7.0,22.0,60.0,77.0,369.0,639.0,4,990.0
7.0,22.0,60.0,77.0,369.0,639.0,4,990.0
7.0,22.0,58.0,60.0,77.0,639.0,4,990.0
7.0,22.0,58.0,117.0,320.0,369.0,4,990.0
7.0,22.0,58.0,117.0,320.0,369.0,4,990.0
7.0,22.0,58.0,60.0,77.0,320.0,4,369.0
7.0,22.0,16.0,60.0,77.0,369.0,4,466.0
7.0,22.0,16.0,58.0,77.0,466.0,4,990.0
7.0,22.0,58.0,117.0,222.0,320.0,4,466.0
7.0,22.0,26.0,58.0,117.0,320.0,4,990.0
7.0,22.0,58.0,60.0,77.0,369.0,4,990.0
7.0,22.0,16.0,58.0,60.0,77.0,4,369.0
7.0,22.0,16.0,58.0,60.0,77.0,4,369.0
7.0,22.0,16.0,60.0,77.0,369.0,4,466.0
7.0,22.0,16.0,26.0,58.0,60.0,4,117.0
7.0,22.0,16.0,58.0,60.0,117.0,4,369.0
7.0,22.0,16.0,58.0,60.0,77.0,4,369.0
7.0,22.0,16.0,26.0,58.0,60.0,4,77.0
7.0,22.0,16.0,58.0,77.0,117.0,4,222.0
7.0,22.0,60.0,77.0,222.0,369.0,4,639.0
7.0,22.0,58.0,117.0,320.0,369.0,4,990.0
7.0,22.0,16.0,58.0,77.0,320.0,4,466.0
7.0,22.0,58.0,60.0,77.0,369.0,4,990.0
7.0,22.0,58.0,117.0,320.0,369.0,4,990.0
7.0,22.0,58.0,77.0,320.0,369.0,4,990.0
7.0,22.0,16.0,58.0,117.0,320.0,4,369.0
7.0,22.0,16.0,58.0,77.0,466.0,4,990.0
7.0,22.0,16.0,58.0,77.0,466.0,4,990.0
7.0,22.0,16.0,58.0,77.0,466.0,4,990.0
7.0,22.0,58.0,77.0,320.0,466.0,4,990.0
7.0,22.0,26.0,58.0,60.0,77.0,4,990.0
7.0,22.0,16.0,58.0,117.0,466.0,4,990.0
7.0,22.0,58.0,60.0,117.0,369.0,4,990.0
7.0,22.0,16.0,58.0,117.0,369.0,4,990.0
7.0,22.0,16.0,26.0,58.0,117.0,4,990.0
7.0,22.0,16.0,26.0,58.0,117.0,4,990.0
7.0,22.0,16.0,26.0,58.0,77.0,4,990.0
7.0,22.0,58.0,60.0,77.0,117.0,4,639.0
7.0,22.0,58.0,60.0,77.0,117.0,4,990.0
7.0,22.0,16.0,58.0,60.0,77.0,4,990.0
7.0,22.0,16.0,26.0,60.0,369.0,4,990.0
7.0,22.0,77.0,222.0,466.0,639.0,4,990.0
7.0,22.0,16.0,26.0,222.0,369.0,4,990.0
7.0,22.0,16.0,26.0,60.0,369.0,4,990.0
7.0,22.0,16.0,26.0,60.0,369.0,4,990.0
7.0,22.0,16.0,77.0,466.0,639.0,4,990.0
7.0,22.0,60.0,77.0,222.0,466.0,4,639.0
7.0,33.0,258.0,318.0,361.0,829.0,4,976.0
7.0,33.0,21.0,258.0,318.0,361.0,4,976.0
7.0,33.0,258.0,318.0,361.0,829.0,4,976.0
7.0,33.0,258.0,361.0,686.0,829.0,4,976.0
7.0,33.0,21.0,258.0,361.0,686.0,4,976.0
7.0,33.0,21.0,258.0,361.0,686.0,4,976.0
7.0,33.0,21.0,271.0,318.0,385.0,4,470.0
7.0,33.0,21.0,318.0,361.0,470.0,4,976.0
7.0,26.0,214.0,333.0,620.0,703.0,4,965.0
7.0,26.0,333.0,384.0,703.0,914.0,4,948.0
7.0,26.0,214.0,333.0,620.0,703.0,4,965.0
7.0,26.0,214.0,223.0,422.0,620.0,4,965.0
7.0,26.0,333.0,422.0,703.0,914.0,4,948.0
7.0,26.0,333.0,422.0,703.0,914.0,4,948.0
7.0,26.0,107.0,223.0,384.0,620.0,4,965.0
7.0,26.0,107.0,223.0,620.0,703.0,4,965.0
7.0,26.0,223.0,333.0,620.0,703.0,4,914.0
7.0,26.0,333.0,422.0,703.0,914.0,4,948.0
7.0,26.0,333.0,422.0,703.0,914.0,4,948.0
7.0,26.0,333.0,422.0,703.0,914.0,4,948.0
7.0,26.0,333.0,620.0,703.0,948.0,4,965.0
7.0,26.0,333.0,422.0,620.0,914.0,4,965.0
7.0,26.0,223.0,422.0,620.0,948.0,4,965.0
7.0,26.0,223.0,422.0,620.0,703.0,4,948.0
7.0,26.0,333.0,703.0,914.0,948.0,4,965.0
7.0,6.0,30.0,35.0,275.0,606.0,4,980.0
7.0,6.0,30.0,35.0,275.0,606.0,4,980.0
7.0,6.0,30.0,35.0,275.0,606.0,4,980.0
7.0,6.0,125.0,275.0,444.0,980.0,4,989.0
7.0,6.0,56.0,125.0,444.0,693.0,4,989.0
7.0,6.0,56.0,125.0,381.0,444.0,4,693.0
7.0,6.0,35.0,125.0,444.0,606.0,4,980.0
7.0,6.0,30.0,35.0,275.0,606.0,4,980.0
7.0,6.0,35.0,125.0,275.0,444.0,4,980.0
7.0,6.0,125.0,381.0,444.0,606.0,4,980.0
7.0,6.0,125.0,381.0,444.0,606.0,4,980.0
7.0,6.0,35.0,275.0,444.0,606.0,4,980.0
7.0,6.0,35.0,275.0,444.0,606.0,4,980.0
7.0,6.0,35.0,275.0,444.0,606.0,4,980.0
7.0,26.0,214.0,333.0,422.0,703.0,4,914.0
7.0,26.0,107.0,314.0,384.0,620.0,4,965.0
7.0,26.0,333.0,384.0,620.0,703.0,4,914.0
7.0,26.0,214.0,333.0,422.0,703.0,4,914.0
7.0,26.0,333.0,422.0,620.0,703.0,4,914.0
7.0,12.0,237.0,350.0,611.0,788.0,4,856.0
7.0,12.0,237.0,350.0,611.0,788.0,4,856.0
7.0,12.0,126.0,638.0,788.0,856.0,4,909.0
7.0,12.0,126.0,156.0,611.0,638.0,4,771.0
7.0,12.0,156.0,350.0,611.0,638.0,4,771.0
7.0,12.0,156.0,350.0,611.0,638.0,4,771.0
7.0,12.0,156.0,237.0,350.0,611.0,4,771.0
7.0,12.0,237.0,350.0,611.0,788.0,4,856.0
7.0,12.0,237.0,350.0,611.0,788.0,4,856.0
7.0,12.0,237.0,350.0,611.0,788.0,4,856.0
7.0,12.0,237.0,350.0,611.0,788.0,4,856.0
7.0,12.0,237.0,350.0,638.0,771.0,4,788.0
7.0,12.0,126.0,611.0,638.0,788.0,4,856.0
7.0,12.0,237.0,350.0,611.0,788.0,4,856.0
7.0,12.0,237.0,350.0,611.0,788.0,4,856.0
7.0,25.0,74.0,356.0,421.0,759.0,4,1003.0
7.0,25.0,50.0,297.0,421.0,759.0,4,1003.0
7.0,25.0,50.0,286.0,452.0,696.0,4,1003.0
7.0,25.0,74.0,356.0,421.0,696.0,4,759.0
7.0,25.0,74.0,356.0,696.0,759.0,4,1003.0
7.0,25.0,74.0,297.0,356.0,759.0,4,1003.0
7.0,25.0,50.0,297.0,356.0,696.0,4,854.0
7.0,25.0,74.0,297.0,356.0,759.0,4,1003.0
7.0,25.0,74.0,297.0,356.0,759.0,4,1003.0
7.0,26.0,333.0,422.0,620.0,703.0,4,948.0
7.0,26.0,314.0,422.0,620.0,948.0,4,965.0
7.0,26.0,333.0,384.0,703.0,914.0,4,948.0
7.0,26.0,333.0,384.0,703.0,914.0,4,948.0
7.0,26.0,333.0,384.0,703.0,914.0,4,948.0
7.0,26.0,333.0,384.0,703.0,914.0,4,948.0
7.0,26.0,107.0,333.0,422.0,620.0,4,703.0
7.0,2.0,17.0,255.0,493.0,577.0,4,728.0
7.0,2.0,17.0,255.0,493.0,577.0,4,728.0
7.0,2.0,17.0,36.0,255.0,493.0,4,728.0
7.0,2.0,17.0,36.0,687.0,790.0,4,900.0
7.0,2.0,17.0,36.0,255.0,493.0,4,577.0
7.0,2.0,17.0,36.0,255.0,493.0,4,577.0
7.0,2.0,17.0,255.0,493.0,577.0,4,728.0
7.0,2.0,17.0,255.0,493.0,577.0,4,728.0
7.0,2.0,255.0,493.0,577.0,728.0,4,790.0
7.0,2.0,255.0,493.0,577.0,728.0,4,790.0
7.0,2.0,17.0,36.0,687.0,790.0,4,900.0
7.0,2.0,17.0,36.0,687.0,790.0,4,900.0
7.0,2.0,687.0,790.0,900.0,966.0,4,993.0
7.0,2.0,687.0,790.0,900.0,966.0,4,993.0
7.0,26.0,333.0,384.0,703.0,914.0,4,948.0
7.0,26.0,333.0,422.0,620.0,914.0,4,965.0
7.0,26.0,333.0,384.0,914.0,948.0,4,965.0
7.0,26.0,422.0,620.0,703.0,948.0,4,965.0
7.0,26.0,422.0,620.0,703.0,948.0,4,965.0
7.0,26.0,333.0,384.0,620.0,948.0,4,965.0
7.0,26.0,333.0,384.0,620.0,914.0,4,965.0
7.0,26.0,422.0,703.0,914.0,948.0,4,965.0
7.0,17.0,109.0,137.0,310.0,354.0,4,587.0
7.0,17.0,354.0,642.0,727.0,741.0,4,764.0
7.0,17.0,137.0,642.0,727.0,741.0,4,764.0
7.0,17.0,109.0,137.0,310.0,642.0,4,764.0
7.0,17.0,109.0,137.0,310.0,354.0,4,587.0
7.0,17.0,109.0,137.0,310.0,354.0,4,587.0
7.0,17.0,109.0,137.0,310.0,354.0,4,587.0
7.0,17.0,137.0,587.0,727.0,741.0,4,764.0
7.0,17.0,587.0,642.0,727.0,741.0,4,764.0
7.0,17.0,137.0,310.0,642.0,741.0,4,764.0
7.0,17.0,137.0,310.0,642.0,741.0,4,764.0
7.0,17.0,109.0,137.0,354.0,727.0,4,764.0
7.0,6.0,35.0,125.0,300.0,606.0,4,980.0
7.0,6.0,35.0,125.0,275.0,606.0,4,980.0
7.0,6.0,35.0,125.0,275.0,606.0,4,980.0
7.0,6.0,56.0,125.0,275.0,693.0,4,989.0
7.0,6.0,56.0,275.0,606.0,693.0,4,989.0
7.0,6.0,35.0,125.0,606.0,693.0,4,980.0
7.0,6.0,35.0,125.0,300.0,606.0,4,980.0
7.0,6.0,35.0,125.0,300.0,606.0,4,980.0
7.0,6.0,35.0,275.0,606.0,693.0,4,980.0
7.0,6.0,56.0,125.0,275.0,693.0,4,989.0
7.0,6.0,56.0,125.0,275.0,693.0,4,989.0
7.0,6.0,56.0,138.0,381.0,693.0,4,889.0
7.0,26.0,107.0,333.0,384.0,703.0,4,948.0
7.0,26.0,333.0,422.0,914.0,948.0,4,965.0
7.0,26.0,333.0,422.0,703.0,914.0,4,948.0
7.0,26.0,107.0,333.0,422.0,703.0,4,948.0
7.0,26.0,333.0,384.0,703.0,914.0,4,948.0
7.0,26.0,333.0,422.0,703.0,914.0,4,948.0
7.0,26.0,107.0,269.0,384.0,422.0,4,965.0
7.0,26.0,107.0,269.0,314.0,384.0,4,965.0
7.0,26.0,269.0,314.0,333.0,914.0,4,965.0
7.0,26.0,269.0,314.0,333.0,914.0,4,965.0
7.0,26.0,333.0,422.0,703.0,914.0,4,948.0
7.0,26.0,333.0,703.0,914.0,948.0,4,965.0
7.0,26.0,333.0,422.0,703.0,914.0,4,948.0
7.0,4.0,134.0,486.0,589.0,936.0,4,964.0
7.0,4.0,134.0,194.0,486.0,936.0,4,964.0
7.0,4.0,194.0,486.0,743.0,936.0,4,964.0
7.0,4.0,194.0,486.0,487.0,936.0,4,964.0
7.0,4.0,194.0,487.0,589.0,936.0,4,964.0
7.0,4.0,134.0,194.0,487.0,589.0,4,964.0
7.0,4.0,134.0,486.0,487.0,589.0,4,715.0
7.0,4.0,194.0,486.0,487.0,936.0,4,964.0
7.0,4.0,194.0,487.0,589.0,936.0,4,964.0
7.0,4.0,194.0,487.0,589.0,936.0,4,964.0
7.0,23.0,136.0,388.0,400.0,778.0,4,994.0
7.0,23.0,136.0,388.0,400.0,778.0,4,994.0
7.0,23.0,44.0,400.0,475.0,778.0,4,955.0
7.0,23.0,44.0,136.0,388.0,822.0,4,955.0
7.0,23.0,136.0,388.0,400.0,822.0,4,994.0
7.0,23.0,136.0,388.0,400.0,822.0,4,994.0
7.0,23.0,44.0,136.0,388.0,778.0,4,994.0
7.0,23.0,44.0,136.0,388.0,822.0,4,994.0
7.0,23.0,44.0,136.0,388.0,400.0,4,778.0
7.0,23.0,44.0,400.0,475.0,778.0,4,955.0
7.0,23.0,44.0,400.0,778.0,955.0,4,994.0
7.0,1.0,106.0,353.0,442.0,463.0,4,795.0
7.0,1.0,160.0,463.0,484.0,565.0,4,595.0
7.0,1.0,353.0,442.0,463.0,484.0,4,595.0
7.0,1.0,106.0,353.0,442.0,463.0,4,484.0
7.0,1.0,160.0,353.0,565.0,595.0,4,795.0
7.0,1.0,160.0,442.0,463.0,565.0,4,795.0
7.0,1.0,160.0,442.0,463.0,565.0,4,795.0
7.0,2.0,17.0,255.0,577.0,790.0,4,900.0
7.0,2.0,17.0,255.0,687.0,790.0,4,900.0
7.0,2.0,17.0,455.0,577.0,683.0,4,728.0
7.0,2.0,17.0,455.0,577.0,683.0,4,728.0
7.0,2.0,17.0,255.0,790.0,824.0,4,900.0
7.0,2.0,255.0,728.0,790.0,824.0,4,900.0
7.0,2.0,255.0,728.0,790.0,824.0,4,900.0
7.0,2.0,17.0,255.0,577.0,790.0,4,900.0
7.0,2.0,17.0,255.0,687.0,790.0,4,900.0
7.0,2.0,17.0,255.0,687.0,728.0,4,900.0
7.0,2.0,17.0,255.0,455.0,728.0,4,824.0
7.0,2.0,255.0,728.0,790.0,824.0,4,900.0
7.0,26.0,314.0,384.0,620.0,914.0,4,965.0
7.0,26.0,333.0,422.0,703.0,914.0,4,948.0
7.0,26.0,333.0,422.0,620.0,703.0,4,948.0
7.0,26.0,333.0,422.0,703.0,914.0,4,948.0
7.0,26.0,314.0,333.0,620.0,914.0,4,965.0
7.0,26.0,314.0,384.0,620.0,914.0,4,965.0
7.0,26.0,384.0,703.0,914.0,948.0,4,965.0
7.0,26.0,333.0,620.0,703.0,948.0,4,965.0
7.0,26.0,333.0,703.0,914.0,948.0,4,965.0
7.0,33.0,258.0,361.0,686.0,829.0,4,976.0
7.0,33.0,318.0,361.0,686.0,829.0,4,976.0
7.0,33.0,21.0,318.0,361.0,470.0,4,976.0
7.0,33.0,21.0,271.0,318.0,361.0,4,470.0
7.0,33.0,21.0,111.0,271.0,318.0,4,470.0
7.0,33.0,361.0,686.0,829.0,861.0,4,976.0
7.0,33.0,361.0,686.0,829.0,861.0,4,976.0
7.0,33.0,318.0,361.0,686.0,829.0,4,976.0
7.0,33.0,318.0,361.0,686.0,829.0,4,976.0
7.0,33.0,21.0,271.0,361.0,470.0,4,861.0
7.0,33.0,21.0,271.0,361.0,470.0,4,861.0
7.0,33.0,21.0,271.0,470.0,829.0,4,861.0
7.0,26.0,72.0,314.0,333.0,620.0,4,965.0
7.0,26.0,72.0,314.0,333.0,620.0,4,965.0
7.0,26.0,72.0,314.0,333.0,620.0,4,965.0
7.0,26.0,72.0,314.0,422.0,914.0,4,965.0
7.0,26.0,333.0,422.0,703.0,914.0,4,948.0
7.0,26.0,72.0,620.0,632.0,703.0,4,965.0
7.0,26.0,314.0,381.0,384.0,703.0,4,948.0
7.0,26.0,72.0,422.0,703.0,948.0,4,965.0
7.0,26.0,381.0,422.0,703.0,948.0,4,965.0
7.0,26.0,314.0,381.0,703.0,948.0,4,965.0
7.0,26.0,124.0,422.0,703.0,948.0,4,965.0
7.0,26.0,124.0,422.0,703.0,948.0,4,965.0
7.0,26.0,381.0,384.0,422.0,703.0,4,948.0
7.0,26.0,72.0,124.0,314.0,321.0,4,965.0
7.0,26.0,72.0,124.0,314.0,321.0,4,965.0
7.0,26.0,321.0,381.0,422.0,948.0,4,965.0
7.0,26.0,381.0,384.0,422.0,703.0,4,948.0
7.0,26.0,381.0,384.0,422.0,703.0,4,948.0
7.0,26.0,72.0,124.0,314.0,321.0,4,965.0
7.0,26.0,124.0,314.0,321.0,948.0,4,965.0
7.0,26.0,381.0,422.0,703.0,948.0,4,965.0
7.0,25.0,696.0,759.0,854.0,958.0,4,1003.0
7.0,25.0,297.0,696.0,759.0,958.0,4,1003.0
7.0,25.0,297.0,696.0,759.0,958.0,4,1003.0
7.0,25.0,9.0,50.0,297.0,603.0,4,854.0
7.0,25.0,297.0,696.0,759.0,958.0,4,1003.0
7.0,25.0,297.0,696.0,759.0,958.0,4,1003.0
7.0,25.0,297.0,696.0,759.0,958.0,4,1003.0
7.0,25.0,297.0,696.0,759.0,958.0,4,1003.0
7.0,25.0,297.0,603.0,696.0,958.0,4,1003.0
7.0,25.0,50.0,297.0,603.0,696.0,4,854.0
7.0,25.0,50.0,297.0,603.0,696.0,4,854.0
7.0,25.0,297.0,696.0,759.0,958.0,4,1003.0
7.0,26.0,381.0,384.0,422.0,703.0,4,948.0
7.0,26.0,124.0,314.0,703.0,948.0,4,965.0
7.0,26.0,72.0,124.0,314.0,321.0,4,965.0
7.0,26.0,381.0,422.0,703.0,948.0,4,965.0
7.0,26.0,72.0,384.0,422.0,703.0,4,948.0
7.0,26.0,384.0,422.0,447.0,703.0,4,948.0
7.0,26.0,381.0,422.0,703.0,948.0,4,965.0
7.0,23.0,33.0,136.0,400.0,822.0,4,955.0
7.0,23.0,136.0,400.0,475.0,778.0,4,955.0
7.0,23.0,33.0,136.0,388.0,400.0,4,778.0
7.0,23.0,33.0,136.0,388.0,400.0,4,822.0
7.0,23.0,33.0,136.0,400.0,822.0,4,955.0
7.0,23.0,33.0,136.0,388.0,400.0,4,822.0
7.0,23.0,136.0,400.0,475.0,822.0,4,955.0
7.0,23.0,136.0,400.0,475.0,822.0,4,955.0
7.0,23.0,136.0,388.0,475.0,778.0,4,955.0
7.0,23.0,33.0,388.0,400.0,778.0,4,955.0
7.0,23.0,400.0,475.0,897.0,955.0,4,967.0
7.0,23.0,300.0,475.0,897.0,955.0,4,967.0
7.0,26.0,124.0,384.0,422.0,948.0,4,965.0
7.0,26.0,381.0,384.0,422.0,703.0,4,948.0
7.0,26.0,381.0,384.0,422.0,703.0,4,948.0
7.0,26.0,124.0,384.0,422.0,703.0,4,948.0
7.0,26.0,124.0,314.0,384.0,948.0,4,965.0
7.0,26.0,124.0,314.0,384.0,703.0,4,948.0
7.0,26.0,381.0,422.0,703.0,948.0,4,965.0
7.0,26.0,314.0,422.0,703.0,948.0,4,965.0
7.0,26.0,314.0,422.0,703.0,948.0,4,965.0
7.0,26.0,220.0,314.0,422.0,948.0,4,965.0
7.0,12.0,280.0,333.0,386.0,611.0,4,638.0
7.0,12.0,333.0,350.0,611.0,638.0,4,856.0
7.0,12.0,237.0,350.0,611.0,788.0,4,856.0
7.0,12.0,237.0,333.0,350.0,386.0,4,788.0
7.0,12.0,280.0,333.0,386.0,611.0,4,638.0
7.0,12.0,350.0,611.0,638.0,788.0,4,856.0
7.0,12.0,237.0,350.0,611.0,788.0,4,856.0
7.0,26.0,384.0,447.0,703.0,948.0,4,965.0
7.0,26.0,384.0,447.0,703.0,948.0,4,965.0
7.0,26.0,314.0,430.0,447.0,703.0,4,948.0
7.0,26.0,124.0,381.0,430.0,703.0,4,965.0
7.0,26.0,124.0,384.0,447.0,703.0,4,965.0
7.0,26.0,384.0,447.0,703.0,948.0,4,965.0
7.0,26.0,381.0,384.0,703.0,948.0,4,965.0
7.0,26.0,124.0,314.0,430.0,447.0,4,703.0
7.0,26.0,124.0,314.0,381.0,430.0,4,965.0
7.0,26.0,422.0,447.0,703.0,948.0,4,965.0
7.0,26.0,314.0,384.0,447.0,703.0,4,948.0
7.0,26.0,124.0,314.0,381.0,384.0,4,703.0
7.0,26.0,381.0,422.0,430.0,948.0,4,965.0
7.0,26.0,381.0,422.0,703.0,948.0,4,965.0
7.0,26.0,381.0,422.0,430.0,703.0,4,948.0
7.0,26.0,381.0,422.0,430.0,703.0,4,948.0
7.0,4.0,134.0,486.0,487.0,589.0,4,715.0
7.0,4.0,194.0,486.0,715.0,743.0,4,936.0
7.0,4.0,194.0,486.0,715.0,743.0,4,936.0
7.0,4.0,194.0,487.0,589.0,715.0,4,936.0
7.0,4.0,194.0,486.0,487.0,589.0,4,936.0
7.0,4.0,194.0,486.0,487.0,589.0,4,936.0
7.0,4.0,134.0,486.0,487.0,589.0,4,715.0
7.0,4.0,134.0,194.0,486.0,715.0,4,936.0
7.0,4.0,194.0,486.0,487.0,589.0,4,936.0
7.0,4.0,194.0,486.0,487.0,589.0,4,936.0
7.0,26.0,314.0,447.0,703.0,948.0,4,965.0
7.0,26.0,314.0,430.0,447.0,948.0,4,965.0
7.0,26.0,314.0,381.0,422.0,703.0,4,948.0
7.0,26.0,314.0,447.0,703.0,948.0,4,965.0
7.0,26.0,384.0,430.0,447.0,948.0,4,965.0
7.0,26.0,107.0,141.0,314.0,381.0,4,384.0
7.0,26.0,107.0,141.0,314.0,381.0,4,384.0
7.0,26.0,107.0,141.0,384.0,430.0,4,447.0
7.0,1.0,442.0,463.0,484.0,595.0,4,808.0
7.0,1.0,442.0,463.0,484.0,595.0,4,808.0
7.0,1.0,442.0,463.0,484.0,565.0,4,808.0
7.0,1.0,106.0,160.0,484.0,565.0,4,795.0
7.0,1.0,106.0,160.0,484.0,565.0,4,795.0
7.0,1.0,106.0,160.0,484.0,565.0,4,795.0
7.0,1.0,106.0,442.0,463.0,484.0,4,795.0
7.0,1.0,106.0,442.0,463.0,484.0,4,808.0
7.0,1.0,106.0,160.0,442.0,463.0,4,808.0
7.0,1.0,106.0,442.0,463.0,484.0,4,808.0
7.0,1.0,160.0,442.0,484.0,595.0,4,795.0
7.0,1.0,160.0,442.0,595.0,795.0,4,808.0
7.0,1.0,106.0,463.0,595.0,795.0,4,808.0
7.0,1.0,442.0,463.0,484.0,565.0,4,808.0
7.0,26.0,384.0,422.0,447.0,703.0,4,948.0
7.0,26.0,107.0,314.0,430.0,447.0,4,965.0
7.0,26.0,107.0,314.0,430.0,447.0,4,965.0
7.0,26.0,107.0,314.0,381.0,384.0,4,422.0
7.0,26.0,381.0,384.0,422.0,703.0,4,948.0
7.0,26.0,384.0,422.0,447.0,703.0,4,948.0
7.0,26.0,314.0,430.0,447.0,948.0,4,965.0
7.0,26.0,314.0,430.0,447.0,948.0,4,965.0
7.0,26.0,107.0,314.0,381.0,384.0,4,965.0
7.0,26.0,314.0,381.0,703.0,948.0,4,965.0
7.0,15.0,188.0,426.0,659.0,714.0,4,1036.0
7.0,15.0,188.0,659.0,714.0,960.0,4,1036.0
7.0,15.0,188.0,302.0,659.0,749.0,4,960.0
7.0,15.0,426.0,593.0,714.0,719.0,4,1036.0
7.0,15.0,426.0,593.0,714.0,719.0,4,1036.0
7.0,15.0,188.0,426.0,659.0,749.0,4,1036.0
7.0,15.0,188.0,426.0,659.0,714.0,4,1036.0
7.0,15.0,188.0,426.0,659.0,714.0,4,1036.0
7.0,15.0,659.0,719.0,749.0,960.0,4,1036.0
7.0,15.0,302.0,426.0,593.0,719.0,4,749.0
7.0,15.0,426.0,509.0,593.0,719.0,4,749.0
7.0,15.0,86.0,302.0,415.0,509.0,4,749.0
7.0,26.0,314.0,381.0,422.0,703.0,4,948.0
7.0,26.0,314.0,447.0,703.0,948.0,4,965.0
7.0,26.0,107.0,141.0,314.0,447.0,4,965.0
7.0,26.0,107.0,141.0,384.0,447.0,4,965.0
7.0,26.0,107.0,141.0,381.0,384.0,4,965.0
7.0,26.0,381.0,422.0,703.0,948.0,4,965.0
7.0,26.0,381.0,422.0,703.0,948.0,4,965.0
7.0,26.0,314.0,381.0,422.0,703.0,4,948.0
7.0,26.0,141.0,314.0,422.0,447.0,4,948.0
7.0,26.0,107.0,141.0,314.0,447.0,4,965.0
7.0,26.0,107.0,141.0,314.0,381.0,4,965.0
7.0,23.0,136.0,388.0,778.0,822.0,4,994.0
7.0,23.0,136.0,388.0,778.0,822.0,4,994.0
7.0,23.0,388.0,700.0,778.0,822.0,4,994.0
7.0,23.0,388.0,700.0,778.0,822.0,4,994.0
7.0,23.0,44.0,86.0,388.0,700.0,4,955.0
7.0,23.0,44.0,86.0,136.0,575.0,4,955.0
7.0,23.0,44.0,136.0,778.0,955.0,4,994.0
7.0,23.0,136.0,388.0,778.0,822.0,4,994.0
7.0,23.0,136.0,388.0,778.0,822.0,4,994.0
7.0,23.0,388.0,700.0,778.0,822.0,4,994.0
7.0,23.0,44.0,86.0,136.0,700.0,4,955.0
7.0,23.0,136.0,388.0,778.0,822.0,4,994.0
7.0,23.0,136.0,388.0,778.0,822.0,4,994.0
7.0,4.0,134.0,259.0,486.0,487.0,4,646.0
7.0,4.0,134.0,259.0,486.0,646.0,4,936.0
7.0,4.0,134.0,486.0,589.0,646.0,4,936.0
7.0,4.0,134.0,589.0,646.0,715.0,4,936.0
7.0,4.0,134.0,259.0,486.0,487.0,4,646.0
7.0,4.0,134.0,486.0,589.0,646.0,4,936.0
7.0,4.0,259.0,486.0,487.0,589.0,4,646.0
7.0,23.0,44.0,136.0,388.0,822.0,4,994.0
7.0,23.0,33.0,136.0,700.0,778.0,4,955.0
7.0,23.0,33.0,86.0,136.0,700.0,4,955.0
7.0,23.0,44.0,136.0,388.0,575.0,4,822.0
7.0,23.0,44.0,136.0,388.0,575.0,4,822.0
7.0,23.0,136.0,388.0,575.0,700.0,4,822.0
7.0,23.0,33.0,136.0,388.0,700.0,4,822.0
7.0,23.0,33.0,136.0,388.0,700.0,4,778.0
7.0,23.0,33.0,136.0,700.0,778.0,4,822.0
7.0,23.0,136.0,575.0,700.0,778.0,4,822.0
7.0,23.0,136.0,388.0,575.0,700.0,4,822.0
7.0,23.0,44.0,86.0,136.0,388.0,4,575.0
7.0,23.0,136.0,400.0,575.0,700.0,4,778.0
7.0,23.0,44.0,86.0,136.0,388.0,4,400.0
7.0,23.0,86.0,136.0,388.0,400.0,4,575.0
7.0,23.0,388.0,400.0,575.0,700.0,4,778.0
7.0,23.0,388.0,400.0,575.0,700.0,4,778.0
7.0,23.0,400.0,575.0,700.0,778.0,4,955.0
7.0,23.0,44.0,86.0,136.0,400.0,4,955.0
7.0,23.0,44.0,86.0,136.0,388.0,4,400.0
7.0,2.0,17.0,36.0,120.0,493.0,4,900.0
7.0,2.0,493.0,577.0,687.0,728.0,4,900.0
7.0,2.0,120.0,493.0,577.0,728.0,4,900.0
7.0,2.0,120.0,687.0,728.0,966.0,4,993.0
7.0,2.0,17.0,687.0,728.0,966.0,4,993.0
7.0,23.0,44.0,136.0,388.0,400.0,4,822.0
7.0,23.0,400.0,575.0,700.0,778.0,4,955.0
7.0,23.0,136.0,388.0,575.0,778.0,4,955.0
7.0,23.0,44.0,136.0,388.0,400.0,4,822.0
7.0,23.0,44.0,136.0,388.0,575.0,4,822.0
7.0,23.0,136.0,388.0,400.0,700.0,4,822.0
7.0,23.0,136.0,400.0,700.0,778.0,4,955.0
7.0,23.0,44.0,400.0,700.0,778.0,4,955.0
7.0,23.0,44.0,400.0,700.0,778.0,4,955.0
7.0,23.0,44.0,400.0,700.0,778.0,4,955.0
7.0,23.0,86.0,180.0,700.0,955.0,4,967.0
7.0,23.0,33.0,388.0,400.0,700.0,4,778.0
7.0,23.0,33.0,388.0,400.0,700.0,4,778.0
7.0,23.0,44.0,86.0,400.0,700.0,4,955.0
7.0,23.0,86.0,180.0,700.0,955.0,4,967.0
7.0,6.0,30.0,48.0,125.0,606.0,4,980.0
7.0,6.0,30.0,35.0,48.0,125.0,4,606.0
7.0,6.0,30.0,35.0,48.0,125.0,4,606.0
7.0,6.0,30.0,35.0,48.0,275.0,4,606.0
7.0,6.0,35.0,48.0,125.0,444.0,4,606.0
7.0,6.0,30.0,48.0,125.0,606.0,4,980.0
7.0,6.0,30.0,48.0,125.0,606.0,4,980.0
7.0,6.0,30.0,35.0,125.0,606.0,4,980.0
7.0,6.0,35.0,275.0,444.0,693.0,4,980.0
7.0,23.0,44.0,136.0,400.0,575.0,4,778.0
7.0,23.0,33.0,86.0,400.0,575.0,4,955.0
7.0,23.0,33.0,86.0,136.0,575.0,4,955.0
7.0,23.0,33.0,86.0,136.0,575.0,4,955.0
7.0,23.0,33.0,44.0,136.0,388.0,4,778.0
7.0,23.0,44.0,136.0,388.0,575.0,4,778.0
7.0,23.0,33.0,44.0,86.0,136.0,4,400.0
7.0,23.0,33.0,400.0,575.0,778.0,4,955.0
7.0,1.0,78.0,106.0,353.0,463.0,4,1006.0
7.0,1.0,78.0,106.0,188.0,353.0,4,1006.0
7.0,1.0,188.0,353.0,442.0,565.0,4,795.0
7.0,1.0,106.0,188.0,353.0,565.0,4,795.0
7.0,1.0,106.0,188.0,353.0,565.0,4,795.0
7.0,1.0,106.0,188.0,353.0,565.0,4,795.0
7.0,1.0,188.0,353.0,442.0,795.0,4,1006.0
7.0,1.0,78.0,106.0,463.0,517.0,4,1006.0
7.0,17.0,109.0,328.0,502.0,587.0,4,741.0
7.0,17.0,109.0,328.0,354.0,502.0,4,587.0
7.0,17.0,109.0,328.0,354.0,502.0,4,587.0
7.0,17.0,328.0,354.0,502.0,587.0,4,741.0
7.0,17.0,328.0,354.0,502.0,587.0,4,741.0
7.0,17.0,109.0,310.0,328.0,354.0,4,587.0
7.0,17.0,310.0,328.0,587.0,642.0,4,741.0
7.0,17.0,109.0,310.0,502.0,587.0,4,642.0
7.0,23.0,44.0,86.0,136.0,400.0,4,955.0
7.0,23.0,33.0,86.0,136.0,400.0,4,955.0
7.0,23.0,33.0,136.0,400.0,955.0,4,967.0
7.0,23.0,33.0,136.0,400.0,955.0,4,967.0
7.0,23.0,86.0,136.0,388.0,400.0,4,994.0
7.0,23.0,33.0,86.0,136.0,400.0,4,955.0
7.0,23.0,33.0,136.0,400.0,955.0,4,967.0
7.0,23.0,44.0,136.0,400.0,955.0,4,994.0
7.0,23.0,44.0,136.0,400.0,955.0,4,994.0
7.0,23.0,44.0,136.0,400.0,955.0,4,994.0
7.0,25.0,74.0,356.0,421.0,759.0,4,958.0
7.0,25.0,74.0,356.0,759.0,958.0,4,1003.0
7.0,25.0,74.0,356.0,696.0,958.0,4,1003.0
7.0,25.0,74.0,286.0,356.0,958.0,4,1003.0
7.0,25.0,74.0,356.0,421.0,759.0,4,958.0
7.0,25.0,74.0,356.0,421.0,759.0,4,958.0
7.0,25.0,74.0,356.0,421.0,759.0,4,958.0
7.0,25.0,74.0,356.0,421.0,759.0,4,958.0
7.0,25.0,74.0,356.0,421.0,452.0,4,958.0
7.0,25.0,74.0,356.0,421.0,452.0,4,958.0
7.0,25.0,74.0,356.0,421.0,759.0,4,958.0
7.0,12.0,126.0,237.0,611.0,788.0,4,856.0
7.0,12.0,126.0,216.0,638.0,788.0,4,856.0
7.0,12.0,126.0,216.0,386.0,611.0,4,638.0
7.0,12.0,216.0,350.0,386.0,611.0,4,638.0
7.0,12.0,216.0,350.0,386.0,611.0,4,638.0
7.0,12.0,237.0,350.0,611.0,788.0,4,856.0
7.0,12.0,237.0,350.0,611.0,788.0,4,856.0
7.0,12.0,126.0,237.0,611.0,788.0,4,856.0
7.0,12.0,237.0,350.0,611.0,788.0,4,856.0
7.0,12.0,237.0,350.0,611.0,788.0,4,856.0
7.0,12.0,237.0,350.0,611.0,788.0,4,856.0
7.0,12.0,126.0,216.0,386.0,611.0,4,638.0
7.0,12.0,126.0,216.0,386.0,611.0,4,638.0
7.0,12.0,126.0,156.0,216.0,386.0,4,817.0
7.0,23.0,44.0,136.0,388.0,400.0,4,822.0
7.0,23.0,136.0,388.0,400.0,822.0,4,994.0
7.0,23.0,136.0,400.0,822.0,955.0,4,994.0
7.0,23.0,136.0,400.0,822.0,955.0,4,994.0
7.0,23.0,44.0,136.0,400.0,778.0,4,955.0
7.0,23.0,136.0,400.0,822.0,955.0,4,994.0
7.0,23.0,136.0,388.0,778.0,822.0,4,994.0
7.0,23.0,136.0,388.0,400.0,822.0,4,994.0
7.0,23.0,136.0,180.0,388.0,400.0,4,822.0
7.0,23.0,136.0,180.0,388.0,400.0,4,822.0
7.0,23.0,136.0,400.0,475.0,778.0,4,955.0
7.0,23.0,136.0,400.0,475.0,778.0,4,955.0
7.0,23.0,136.0,400.0,475.0,822.0,4,955.0
7.0,23.0,388.0,400.0,475.0,822.0,4,955.0
7.0,23.0,136.0,400.0,475.0,822.0,4,955.0
7.0,23.0,136.0,388.0,778.0,822.0,4,994.0
7.0,23.0,136.0,388.0,400.0,822.0,4,994.0
7.0,23.0,136.0,400.0,822.0,955.0,4,994.0
7.0,23.0,136.0,400.0,475.0,778.0,4,955.0
7.0,23.0,86.0,180.0,475.0,955.0,4,967.0
7.0,23.0,136.0,388.0,778.0,822.0,4,994.0
7.0,23.0,136.0,388.0,400.0,822.0,4,994.0
7.0,23.0,136.0,400.0,575.0,822.0,4,955.0
7.0,23.0,400.0,475.0,575.0,778.0,4,955.0
7.0,23.0,400.0,475.0,575.0,778.0,4,955.0
7.0,23.0,400.0,475.0,575.0,778.0,4,955.0
7.0,23.0,400.0,475.0,778.0,955.0,4,994.0
7.0,23.0,136.0,400.0,822.0,955.0,4,994.0
7.0,23.0,136.0,400.0,778.0,822.0,4,994.0
7.0,23.0,136.0,400.0,822.0,955.0,4,994.0
7.0,23.0,136.0,400.0,475.0,778.0,4,955.0
7.0,23.0,180.0,475.0,700.0,955.0,4,967.0
7.0,23.0,136.0,400.0,778.0,822.0,4,994.0
7.0,23.0,136.0,400.0,475.0,822.0,4,955.0
7.0,23.0,180.0,400.0,475.0,700.0,4,778.0
7.0,23.0,475.0,700.0,778.0,822.0,4,994.0
7.0,23.0,475.0,700.0,822.0,955.0,4,994.0
7.0,23.0,136.0,400.0,778.0,822.0,4,994.0
7.0,23.0,400.0,475.0,700.0,822.0,4,955.0
7.0,23.0,400.0,700.0,822.0,955.0,4,994.0
7.0,23.0,180.0,475.0,700.0,955.0,4,967.0
7.0,17.0,109.0,328.0,587.0,619.0,4,741.0
7.0,17.0,109.0,328.0,587.0,619.0,4,741.0
7.0,17.0,109.0,328.0,354.0,619.0,4,642.0
7.0,17.0,109.0,328.0,354.0,619.0,4,642.0
7.0,17.0,109.0,328.0,587.0,619.0,4,642.0
7.0,17.0,109.0,328.0,587.0,619.0,4,741.0
7.0,17.0,109.0,328.0,587.0,619.0,4,741.0
7.0,17.0,109.0,137.0,354.0,642.0,4,1037.0
7.0,17.0,109.0,137.0,354.0,642.0,4,1037.0
7.0,17.0,109.0,328.0,354.0,587.0,4,1037.0
7.0,15.0,188.0,659.0,714.0,941.0,4,1036.0
7.0,15.0,188.0,302.0,749.0,941.0,4,1036.0
7.0,15.0,188.0,302.0,593.0,749.0,4,941.0
7.0,15.0,302.0,426.0,593.0,719.0,4,749.0
7.0,15.0,593.0,659.0,714.0,719.0,4,941.0
7.0,15.0,593.0,659.0,714.0,719.0,4,941.0
7.0,15.0,659.0,714.0,719.0,941.0,4,1036.0
7.0,15.0,188.0,659.0,749.0,941.0,4,1036.0
7.0,15.0,188.0,593.0,714.0,941.0,4,1036.0
7.0,15.0,188.0,426.0,593.0,719.0,4,749.0
7.0,15.0,659.0,714.0,719.0,941.0,4,1036.0
7.0,15.0,188.0,714.0,719.0,941.0,4,1036.0
7.0,25.0,74.0,297.0,603.0,958.0,4,1003.0
7.0,25.0,50.0,286.0,297.0,603.0,4,696.0
7.0,25.0,74.0,297.0,603.0,696.0,4,1003.0
7.0,25.0,50.0,297.0,603.0,696.0,4,1003.0
7.0,25.0,50.0,297.0,603.0,696.0,4,1003.0
7.0,25.0,50.0,297.0,603.0,696.0,4,1003.0
7.0,25.0,74.0,297.0,759.0,958.0,4,1003.0
7.0,4.0,134.0,486.0,487.0,589.0,4,715.0
7.0,4.0,134.0,194.0,486.0,715.0,4,936.0
7.0,4.0,134.0,486.0,487.0,589.0,4,715.0
7.0,4.0,134.0,486.0,487.0,589.0,4,715.0
7.0,4.0,134.0,194.0,486.0,715.0,4,936.0
7.0,4.0,194.0,487.0,589.0,715.0,4,936.0
7.0,4.0,194.0,486.0,487.0,589.0,4,936.0
7.0,4.0,194.0,486.0,487.0,589.0,4,936.0
7.0,4.0,194.0,327.0,589.0,936.0,4,964.0
7.0,23.0,33.0,136.0,400.0,822.0,4,994.0
7.0,23.0,33.0,136.0,400.0,822.0,4,994.0
7.0,23.0,33.0,136.0,388.0,400.0,4,822.0
7.0,23.0,136.0,388.0,475.0,822.0,4,955.0
7.0,23.0,33.0,136.0,400.0,778.0,4,994.0
7.0,23.0,33.0,136.0,400.0,778.0,4,994.0
7.0,23.0,136.0,400.0,822.0,955.0,4,994.0
7.0,23.0,136.0,400.0,475.0,822.0,4,955.0
7.0,23.0,33.0,136.0,400.0,822.0,4,994.0
7.0,23.0,136.0,400.0,822.0,955.0,4,994.0
7.0,23.0,136.0,388.0,778.0,955.0,4,994.0
7.0,23.0,136.0,388.0,475.0,778.0,4,955.0
7.0,23.0,300.0,388.0,475.0,778.0,4,955.0
7.0,23.0,180.0,300.0,388.0,897.0,4,967.0
7.0,6.0,444.0,606.0,646.0,914.0,4,980.0
7.0,6.0,30.0,35.0,56.0,275.0,4,606.0
7.0,6.0,444.0,606.0,646.0,914.0,4,980.0
7.0,6.0,444.0,606.0,646.0,914.0,4,980.0
7.0,6.0,444.0,606.0,646.0,914.0,4,980.0
7.0,6.0,444.0,606.0,646.0,980.0,4,989.0
7.0,1.0,160.0,463.0,565.0,595.0,4,795.0
7.0,1.0,106.0,442.0,463.0,484.0,4,795.0
7.0,1.0,106.0,160.0,463.0,565.0,4,795.0
7.0,1.0,106.0,463.0,484.0,595.0,4,795.0
7.0,1.0,106.0,160.0,442.0,463.0,4,795.0
7.0,1.0,160.0,463.0,484.0,565.0,4,595.0
7.0,1.0,106.0,160.0,463.0,484.0,4,565.0
7.0,23.0,33.0,136.0,400.0,822.0,4,994.0
7.0,23.0,33.0,136.0,388.0,778.0,4,955.0
7.0,23.0,388.0,475.0,778.0,955.0,4,994.0
7.0,23.0,136.0,388.0,778.0,955.0,4,994.0
7.0,23.0,33.0,136.0,388.0,400.0,4,822.0
7.0,23.0,33.0,136.0,400.0,822.0,4,955.0
7.0,23.0,33.0,136.0,400.0,822.0,4,994.0
7.0,23.0,33.0,136.0,388.0,822.0,4,955.0
7.0,23.0,33.0,136.0,388.0,778.0,4,955.0
7.0,23.0,388.0,475.0,778.0,955.0,4,994.0
7.0,23.0,180.0,475.0,897.0,955.0,4,967.0
7.0,23.0,136.0,388.0,400.0,778.0,4,994.0
7.0,23.0,33.0,388.0,822.0,955.0,4,994.0
7.0,23.0,33.0,136.0,400.0,822.0,4,994.0
7.0,23.0,136.0,388.0,400.0,822.0,4,994.0
7.0,23.0,136.0,180.0,388.0,778.0,4,955.0
7.0,23.0,136.0,388.0,778.0,955.0,4,994.0
7.0,23.0,33.0,136.0,388.0,778.0,4,994.0
7.0,23.0,33.0,136.0,400.0,822.0,4,994.0
7.0,23.0,136.0,400.0,822.0,955.0,4,994.0
7.0,23.0,136.0,180.0,400.0,778.0,4,955.0
7.0,23.0,136.0,400.0,778.0,897.0,4,994.0
7.0,23.0,33.0,136.0,400.0,822.0,4,955.0
7.0,33.0,318.0,361.0,686.0,829.0,4,976.0
7.0,33.0,21.0,318.0,361.0,686.0,4,976.0
7.0,33.0,21.0,271.0,318.0,361.0,4,829.0
7.0,33.0,21.0,271.0,318.0,385.0,4,829.0
7.0,33.0,21.0,318.0,361.0,686.0,4,976.0
7.0,33.0,258.0,361.0,686.0,829.0,4,976.0
7.0,33.0,21.0,258.0,361.0,686.0,4,976.0
7.0,33.0,21.0,271.0,318.0,361.0,4,829.0
7.0,33.0,21.0,258.0,361.0,686.0,4,976.0
7.0,23.0,33.0,136.0,388.0,400.0,4,822.0
7.0,23.0,136.0,388.0,400.0,822.0,4,994.0
7.0,23.0,388.0,400.0,778.0,955.0,4,994.0
7.0,23.0,33.0,136.0,388.0,778.0,4,955.0
7.0,23.0,33.0,136.0,400.0,822.0,4,994.0
7.0,23.0,33.0,136.0,400.0,822.0,4,994.0
7.0,23.0,136.0,388.0,400.0,778.0,4,955.0
7.0,23.0,136.0,388.0,400.0,778.0,4,955.0
7.0,23.0,136.0,400.0,822.0,955.0,4,994.0
7.0,23.0,136.0,400.0,822.0,955.0,4,994.0
7.0,23.0,180.0,475.0,897.0,955.0,4,967.0
7.0,23.0,33.0,136.0,400.0,822.0,4,994.0
7.0,23.0,136.0,180.0,388.0,778.0,4,955.0
7.0,23.0,33.0,180.0,388.0,778.0,4,955.0
7.0,23.0,136.0,388.0,400.0,822.0,4,994.0
7.0,23.0,33.0,136.0,400.0,822.0,4,994.0
7.0,23.0,136.0,388.0,822.0,955.0,4,994.0
7.0,23.0,33.0,388.0,778.0,955.0,4,994.0
7.0,23.0,33.0,180.0,388.0,778.0,4,955.0
7.0,23.0,33.0,180.0,388.0,822.0,4,955.0
7.0,2.0,45.0,255.0,493.0,687.0,4,790.0
7.0,2.0,255.0,493.0,670.0,687.0,4,790.0
7.0,2.0,36.0,255.0,493.0,670.0,4,687.0
7.0,2.0,36.0,45.0,523.0,577.0,4,670.0
7.0,2.0,45.0,255.0,523.0,577.0,4,790.0
7.0,2.0,45.0,255.0,493.0,687.0,4,790.0
7.0,2.0,45.0,255.0,493.0,577.0,4,670.0
7.0,2.0,36.0,523.0,670.0,683.0,4,687.0
7.0,6.0,30.0,48.0,56.0,125.0,4,444.0
7.0,6.0,35.0,275.0,300.0,606.0,4,980.0
7.0,6.0,275.0,300.0,606.0,980.0,4,989.0
7.0,6.0,35.0,275.0,300.0,606.0,4,980.0
7.0,6.0,30.0,35.0,56.0,444.0,4,606.0
7.0,25.0,74.0,421.0,452.0,696.0,4,759.0
7.0,25.0,50.0,74.0,696.0,759.0,4,1003.0
7.0,25.0,50.0,297.0,421.0,759.0,4,1003.0
7.0,25.0,74.0,421.0,452.0,696.0,4,759.0
7.0,25.0,74.0,452.0,696.0,759.0,4,1003.0
7.0,25.0,74.0,452.0,696.0,759.0,4,1003.0
7.0,25.0,74.0,421.0,452.0,696.0,4,759.0
7.0,25.0,74.0,452.0,696.0,759.0,4,1003.0
7.0,25.0,50.0,74.0,696.0,759.0,4,1003.0
7.0,25.0,50.0,74.0,696.0,759.0,4,1003.0
7.0,25.0,50.0,297.0,421.0,603.0,4,1003.0
7.0,25.0,50.0,74.0,421.0,603.0,4,1003.0
7.0,25.0,50.0,74.0,421.0,696.0,4,759.0
7.0,2.0,120.0,255.0,493.0,577.0,4,790.0
7.0,2.0,36.0,45.0,455.0,824.0,4,900.0
7.0,2.0,36.0,120.0,255.0,493.0,4,790.0
7.0,2.0,36.0,120.0,255.0,493.0,4,790.0
7.0,2.0,36.0,255.0,493.0,790.0,4,824.0
7.0,2.0,120.0,255.0,493.0,577.0,4,790.0
7.0,2.0,36.0,120.0,255.0,493.0,4,790.0
7.0,2.0,36.0,120.0,255.0,493.0,4,790.0
7.0,2.0,36.0,45.0,120.0,455.0,4,900.0
7.0,2.0,17.0,45.0,687.0,728.0,4,900.0
7.0,2.0,17.0,36.0,120.0,255.0,4,493.0
7.0,2.0,17.0,36.0,120.0,255.0,4,493.0
7.0,2.0,17.0,36.0,120.0,493.0,4,900.0
7.0,2.0,36.0,455.0,687.0,790.0,4,900.0
7.0,2.0,120.0,255.0,493.0,577.0,4,790.0
7.0,2.0,36.0,120.0,255.0,493.0,4,790.0
7.0,2.0,120.0,255.0,455.0,577.0,4,790.0
7.0,2.0,17.0,120.0,255.0,493.0,4,790.0
7.0,2.0,120.0,255.0,493.0,577.0,4,790.0
7.0,15.0,484.0,509.0,593.0,714.0,4,941.0
7.0,15.0,302.0,593.0,714.0,941.0,4,960.0
7.0,15.0,509.0,593.0,714.0,941.0,4,960.0
7.0,15.0,302.0,593.0,714.0,941.0,4,960.0
7.0,15.0,302.0,593.0,714.0,941.0,4,960.0
7.0,15.0,509.0,593.0,714.0,941.0,4,960.0
7.0,15.0,484.0,509.0,593.0,719.0,4,802.0
7.0,15.0,302.0,593.0,714.0,719.0,4,802.0
7.0,15.0,302.0,593.0,714.0,719.0,4,802.0
7.0,17.0,310.0,328.0,354.0,741.0,4,764.0
7.0,17.0,310.0,328.0,354.0,741.0,4,764.0
7.0,17.0,310.0,328.0,354.0,741.0,4,764.0
7.0,17.0,109.0,328.0,348.0,587.0,4,727.0
7.0,17.0,109.0,310.0,502.0,587.0,4,764.0
7.0,17.0,109.0,328.0,354.0,502.0,4,764.0
7.0,2.0,36.0,120.0,255.0,493.0,4,790.0
7.0,2.0,36.0,120.0,493.0,790.0,4,900.0
7.0,2.0,36.0,493.0,687.0,790.0,4,900.0
7.0,2.0,17.0,120.0,255.0,493.0,4,577.0
7.0,2.0,17.0,120.0,255.0,493.0,4,577.0
7.0,2.0,17.0,36.0,120.0,255.0,4,493.0
7.0,2.0,36.0,120.0,255.0,493.0,4,790.0
7.0,2.0,17.0,120.0,255.0,577.0,4,790.0
7.0,2.0,17.0,255.0,493.0,577.0,4,728.0
7.0,2.0,17.0,36.0,687.0,790.0,4,900.0
7.0,2.0,17.0,577.0,687.0,790.0,4,900.0
7.0,2.0,36.0,255.0,493.0,728.0,4,790.0
7.0,2.0,36.0,455.0,493.0,577.0,4,900.0
7.0,2.0,36.0,455.0,493.0,687.0,4,900.0
7.0,2.0,255.0,455.0,687.0,728.0,4,900.0
7.0,2.0,17.0,255.0,493.0,577.0,4,728.0
7.0,2.0,17.0,36.0,255.0,493.0,4,577.0
7.0,2.0,36.0,255.0,455.0,493.0,4,577.0
7.0,2.0,255.0,455.0,493.0,687.0,4,728.0
7.0,2.0,255.0,455.0,493.0,687.0,4,728.0
7.0,2.0,255.0,493.0,577.0,790.0,4,900.0
7.0,2.0,255.0,493.0,728.0,790.0,4,900.0
7.0,2.0,255.0,455.0,493.0,687.0,4,728.0
7.0,2.0,255.0,455.0,493.0,687.0,4,728.0
7.0,2.0,455.0,577.0,728.0,790.0,4,900.0
7.0,2.0,255.0,493.0,577.0,790.0,4,900.0
7.0,2.0,255.0,493.0,687.0,790.0,4,900.0
7.0,2.0,255.0,455.0,687.0,728.0,4,790.0
7.0,2.0,255.0,455.0,728.0,790.0,4,824.0
7.0,2.0,455.0,493.0,728.0,824.0,4,900.0
7.0,2.0,17.0,493.0,728.0,824.0,4,900.0
7.0,12.0,237.0,350.0,611.0,788.0,4,856.0
7.0,12.0,216.0,350.0,638.0,788.0,4,856.0
7.0,12.0,216.0,237.0,350.0,386.0,4,611.0
7.0,12.0,216.0,237.0,350.0,386.0,4,611.0
7.0,12.0,237.0,350.0,611.0,788.0,4,856.0
7.0,12.0,216.0,237.0,350.0,611.0,4,856.0
7.0,12.0,216.0,237.0,350.0,611.0,4,856.0
7.0,12.0,126.0,216.0,237.0,386.0,4,611.0
7.0,12.0,350.0,611.0,638.0,788.0,4,856.0
7.0,12.0,350.0,611.0,638.0,788.0,4,856.0
7.0,2.0,255.0,493.0,790.0,824.0,4,900.0
7.0,2.0,17.0,45.0,255.0,493.0,4,824.0
7.0,2.0,17.0,36.0,45.0,790.0,4,900.0
7.0,2.0,255.0,493.0,790.0,824.0,4,900.0
7.0,2.0,255.0,493.0,790.0,824.0,4,900.0
7.0,2.0,17.0,36.0,45.0,255.0,4,728.0
7.0,2.0,17.0,36.0,45.0,255.0,4,728.0
7.0,2.0,17.0,36.0,255.0,493.0,4,728.0
7.0,2.0,17.0,36.0,493.0,728.0,4,900.0
7.0,2.0,17.0,36.0,493.0,790.0,4,900.0
7.0,2.0,36.0,255.0,493.0,790.0,4,900.0
7.0,2.0,36.0,45.0,255.0,455.0,4,728.0
7.0,2.0,45.0,493.0,577.0,728.0,4,900.0
7.0,2.0,17.0,493.0,577.0,790.0,4,900.0
7.0,2.0,17.0,36.0,493.0,790.0,4,900.0
7.0,2.0,36.0,45.0,255.0,493.0,4,790.0
7.0,2.0,36.0,45.0,255.0,455.0,4,493.0
7.0,2.0,17.0,255.0,455.0,687.0,4,728.0
7.0,1.0,106.0,353.0,442.0,463.0,4,808.0
7.0,1.0,106.0,160.0,463.0,595.0,4,795.0
7.0,1.0,353.0,442.0,463.0,565.0,4,808.0
7.0,1.0,106.0,160.0,353.0,808.0,4,1006.0
7.0,1.0,106.0,160.0,353.0,565.0,4,795.0
7.0,1.0,106.0,160.0,353.0,595.0,4,808.0
7.0,1.0,106.0,160.0,463.0,595.0,4,808.0
7.0,12.0,126.0,216.0,386.0,611.0,4,638.0
7.0,12.0,126.0,216.0,237.0,350.0,4,386.0
7.0,12.0,237.0,350.0,611.0,788.0,4,856.0
7.0,12.0,237.0,350.0,611.0,788.0,4,856.0
7.0,12.0,216.0,237.0,350.0,788.0,4,856.0
7.0,12.0,126.0,611.0,638.0,788.0,4,856.0
7.0,2.0,255.0,493.0,577.0,790.0,4,900.0
7.0,2.0,36.0,255.0,493.0,790.0,4,900.0
7.0,2.0,17.0,45.0,455.0,687.0,4,728.0
7.0,2.0,45.0,255.0,493.0,577.0,4,790.0
7.0,2.0,45.0,493.0,577.0,790.0,4,900.0
7.0,2.0,255.0,493.0,577.0,790.0,4,900.0
7.0,2.0,36.0,255.0,493.0,790.0,4,900.0
7.0,2.0,17.0,36.0,255.0,493.0,4,728.0
7.0,2.0,17.0,36.0,45.0,455.0,4,728.0
7.0,4.0,134.0,486.0,487.0,589.0,4,715.0
7.0,4.0,134.0,486.0,487.0,589.0,4,715.0
7.0,4.0,134.0,194.0,486.0,715.0,4,936.0
7.0,4.0,194.0,486.0,743.0,936.0,4,964.0
7.0,4.0,194.0,487.0,589.0,715.0,4,936.0
7.0,4.0,134.0,486.0,589.0,715.0,4,936.0
7.0,4.0,194.0,486.0,487.0,589.0,4,936.0
7.0,4.0,194.0,486.0,487.0,589.0,4,936.0
7.0,33.0,318.0,361.0,686.0,829.0,4,976.0
7.0,33.0,21.0,318.0,361.0,686.0,4,976.0
7.0,33.0,21.0,271.0,318.0,361.0,4,470.0
7.0,33.0,21.0,271.0,361.0,470.0,4,861.0
7.0,33.0,21.0,111.0,271.0,470.0,4,861.0
7.0,33.0,318.0,361.0,470.0,829.0,4,976.0
7.0,33.0,318.0,361.0,686.0,829.0,4,976.0
7.0,33.0,318.0,361.0,686.0,829.0,4,976.0
7.0,33.0,21.0,318.0,361.0,686.0,4,976.0
7.0,17.0,109.0,328.0,587.0,741.0,4,1037.0
7.0,17.0,109.0,354.0,502.0,587.0,4,764.0
7.0,17.0,354.0,460.0,502.0,764.0,4,809.0
7.0,17.0,109.0,328.0,587.0,741.0,4,1037.0
7.0,17.0,109.0,354.0,502.0,587.0,4,764.0
7.0,17.0,109.0,328.0,354.0,587.0,4,809.0
7.0,2.0,255.0,493.0,687.0,790.0,4,900.0
7.0,2.0,36.0,45.0,493.0,728.0,4,900.0
7.0,2.0,255.0,493.0,670.0,687.0,4,790.0
7.0,2.0,255.0,493.0,687.0,790.0,4,900.0
7.0,2.0,36.0,45.0,255.0,493.0,4,790.0
7.0,2.0,36.0,45.0,255.0,493.0,4,790.0
7.0,2.0,255.0,493.0,687.0,790.0,4,900.0
7.0,2.0,255.0,493.0,687.0,790.0,4,900.0
7.0,2.0,36.0,255.0,493.0,790.0,4,900.0
7.0,2.0,45.0,255.0,670.0,687.0,4,728.0
7.0,2.0,45.0,255.0,448.0,670.0,4,728.0
7.0,2.0,255.0,448.0,493.0,670.0,4,790.0
7.0,2.0,448.0,493.0,670.0,790.0,4,900.0
7.0,2.0,448.0,493.0,670.0,790.0,4,900.0
7.0,2.0,255.0,493.0,687.0,790.0,4,900.0
7.0,2.0,255.0,493.0,670.0,687.0,4,900.0
7.0,2.0,255.0,493.0,670.0,687.0,4,900.0
7.0,2.0,36.0,255.0,493.0,670.0,4,790.0
7.0,1.0,106.0,463.0,484.0,595.0,4,808.0
7.0,1.0,106.0,442.0,463.0,484.0,4,808.0
7.0,1.0,154.0,442.0,484.0,565.0,4,795.0
7.0,1.0,154.0,442.0,484.0,565.0,4,795.0
7.0,1.0,106.0,442.0,463.0,484.0,4,808.0
7.0,1.0,106.0,463.0,484.0,595.0,4,808.0
7.0,1.0,442.0,463.0,484.0,595.0,4,808.0
7.0,1.0,154.0,442.0,484.0,565.0,4,795.0
7.0,1.0,106.0,154.0,442.0,484.0,4,795.0
7.0,1.0,106.0,463.0,484.0,595.0,4,808.0
7.0,2.0,255.0,493.0,687.0,790.0,4,900.0
7.0,2.0,255.0,493.0,670.0,687.0,4,728.0
7.0,2.0,17.0,36.0,670.0,728.0,4,900.0
7.0,2.0,17.0,45.0,255.0,687.0,4,900.0
7.0,2.0,45.0,255.0,493.0,687.0,4,900.0
7.0,2.0,45.0,255.0,448.0,493.0,4,790.0
7.0,2.0,17.0,36.0,255.0,670.0,4,790.0
7.0,2.0,255.0,493.0,687.0,790.0,4,900.0
7.0,2.0,36.0,255.0,493.0,790.0,4,900.0
7.0,2.0,493.0,523.0,670.0,687.0,4,728.0
7.0,2.0,255.0,493.0,670.0,687.0,4,728.0
7.0,2.0,255.0,493.0,670.0,687.0,4,790.0
7.0,2.0,17.0,255.0,493.0,687.0,4,790.0
7.0,2.0,17.0,255.0,493.0,687.0,4,790.0
7.0,2.0,17.0,255.0,493.0,687.0,4,790.0
7.0,2.0,255.0,493.0,687.0,790.0,4,900.0
7.0,2.0,17.0,36.0,45.0,493.0,4,900.0
7.0,2.0,17.0,36.0,45.0,493.0,4,523.0
7.0,2.0,17.0,36.0,45.0,523.0,4,670.0
7.0,2.0,17.0,448.0,523.0,683.0,4,728.0
7.0,2.0,255.0,493.0,687.0,790.0,4,900.0
7.0,2.0,17.0,36.0,670.0,728.0,4,900.0
7.0,2.0,17.0,36.0,523.0,790.0,4,900.0
7.0,2.0,17.0,36.0,523.0,790.0,4,900.0
7.0,2.0,255.0,493.0,687.0,790.0,4,900.0
7.0,2.0,255.0,493.0,687.0,728.0,4,900.0
7.0,2.0,17.0,36.0,670.0,728.0,4,900.0
7.0,2.0,17.0,36.0,670.0,728.0,4,900.0
7.0,25.0,50.0,74.0,297.0,958.0,4,1003.0
7.0,25.0,286.0,297.0,603.0,958.0,4,1003.0
7.0,25.0,286.0,297.0,603.0,958.0,4,1003.0
7.0,25.0,50.0,286.0,297.0,603.0,4,1003.0
7.0,25.0,50.0,297.0,696.0,958.0,4,1003.0
7.0,25.0,50.0,286.0,297.0,958.0,4,1003.0
7.0,2.0,45.0,255.0,493.0,577.0,4,790.0
7.0,2.0,45.0,255.0,493.0,687.0,4,790.0
7.0,2.0,255.0,493.0,670.0,687.0,4,790.0
7.0,2.0,45.0,523.0,670.0,687.0,4,728.0
7.0,2.0,36.0,255.0,493.0,577.0,4,790.0
7.0,2.0,255.0,493.0,577.0,687.0,4,790.0
7.0,2.0,45.0,255.0,493.0,687.0,4,728.0
7.0,2.0,255.0,493.0,523.0,687.0,4,728.0
7.0,2.0,255.0,493.0,523.0,687.0,4,728.0
7.0,2.0,255.0,493.0,523.0,687.0,4,728.0
7.0,2.0,45.0,255.0,670.0,687.0,4,728.0
7.0,6.0,30.0,275.0,606.0,914.0,4,980.0
7.0,6.0,30.0,444.0,693.0,980.0,4,989.0
7.0,6.0,30.0,275.0,606.0,914.0,4,980.0
7.0,6.0,30.0,275.0,606.0,914.0,4,980.0
7.0,6.0,30.0,275.0,606.0,914.0,4,980.0
7.0,6.0,444.0,606.0,693.0,980.0,4,989.0
7.0,6.0,56.0,138.0,444.0,693.0,4,989.0
7.0,6.0,56.0,138.0,444.0,693.0,4,989.0
7.0,6.0,56.0,138.0,444.0,693.0,4,989.0
7.0,6.0,30.0,138.0,444.0,693.0,4,989.0
7.0,12.0,126.0,237.0,611.0,788.0,4,856.0
7.0,12.0,126.0,237.0,788.0,856.0,4,909.0
7.0,12.0,280.0,638.0,788.0,856.0,4,909.0
7.0,12.0,280.0,386.0,611.0,638.0,4,771.0
7.0,12.0,126.0,237.0,386.0,611.0,4,771.0
7.0,12.0,126.0,237.0,611.0,788.0,4,856.0
7.0,12.0,126.0,237.0,771.0,788.0,4,856.0
7.0,12.0,126.0,237.0,611.0,788.0,4,856.0
7.0,12.0,126.0,638.0,771.0,788.0,4,856.0
7.0,12.0,280.0,386.0,611.0,638.0,4,771.0
7.0,17.0,137.0,502.0,741.0,764.0,4,1037.0
7.0,17.0,137.0,310.0,348.0,502.0,4,764.0
7.0,17.0,137.0,348.0,502.0,741.0,4,1037.0
7.0,17.0,137.0,502.0,741.0,764.0,4,1037.0
7.0,17.0,310.0,348.0,502.0,587.0,4,764.0
7.0,17.0,310.0,348.0,502.0,587.0,4,764.0
7.0,17.0,310.0,348.0,587.0,741.0,4,1037.0
7.0,17.0,348.0,502.0,587.0,741.0,4,1037.0
7.0,4.0,134.0,259.0,486.0,487.0,4,646.0
7.0,4.0,589.0,646.0,715.0,743.0,4,936.0
7.0,4.0,259.0,486.0,589.0,743.0,4,936.0
7.0,4.0,259.0,486.0,487.0,646.0,4,936.0
7.0,4.0,487.0,589.0,646.0,715.0,4,936.0
7.0,4.0,259.0,487.0,589.0,715.0,4,936.0
7.0,4.0,134.0,259.0,646.0,715.0,4,936.0
7.0,4.0,134.0,589.0,646.0,715.0,4,936.0
7.0,4.0,134.0,589.0,646.0,715.0,4,936.0
7.0,6.0,35.0,125.0,300.0,606.0,4,980.0
7.0,6.0,30.0,35.0,125.0,606.0,4,980.0
7.0,6.0,30.0,56.0,444.0,889.0,4,989.0
7.0,6.0,35.0,125.0,300.0,606.0,4,980.0
7.0,6.0,35.0,125.0,300.0,606.0,4,980.0
7.0,6.0,30.0,444.0,606.0,980.0,4,989.0
7.0,6.0,35.0,125.0,300.0,606.0,4,980.0
7.0,6.0,35.0,125.0,444.0,606.0,4,980.0
7.0,1.0,78.0,106.0,442.0,463.0,4,517.0
7.0,1.0,78.0,106.0,442.0,463.0,4,517.0
7.0,1.0,106.0,353.0,517.0,795.0,4,1006.0
7.0,1.0,78.0,106.0,463.0,517.0,4,1006.0
7.0,1.0,78.0,106.0,353.0,463.0,4,517.0
7.0,1.0,78.0,106.0,442.0,463.0,4,517.0
7.0,1.0,78.0,106.0,353.0,442.0,4,463.0
7.0,1.0,106.0,353.0,463.0,795.0,4,1006.0
7.0,1.0,78.0,463.0,517.0,595.0,4,1006.0
7.0,1.0,78.0,463.0,517.0,595.0,4,1006.0
7.0,6.0,30.0,48.0,125.0,606.0,4,980.0
7.0,6.0,35.0,275.0,444.0,606.0,4,980.0
7.0,6.0,30.0,35.0,275.0,606.0,4,980.0
7.0,6.0,30.0,48.0,444.0,606.0,4,980.0
7.0,6.0,30.0,35.0,48.0,444.0,4,606.0
7.0,6.0,30.0,48.0,125.0,606.0,4,980.0
7.0,6.0,30.0,35.0,275.0,606.0,4,980.0
7.0,6.0,30.0,35.0,48.0,444.0,4,606.0
7.0,25.0,74.0,356.0,421.0,759.0,4,1003.0
7.0,25.0,74.0,356.0,421.0,759.0,4,1003.0
7.0,25.0,50.0,297.0,759.0,958.0,4,1003.0
7.0,25.0,74.0,356.0,421.0,759.0,4,1003.0
7.0,25.0,50.0,297.0,759.0,958.0,4,1003.0
7.0,25.0,50.0,74.0,421.0,759.0,4,1003.0
7.0,6.0,30.0,35.0,48.0,125.0,4,606.0
7.0,6.0,30.0,35.0,48.0,444.0,4,606.0
7.0,6.0,30.0,35.0,300.0,444.0,4,693.0
7.0,6.0,30.0,48.0,606.0,693.0,4,980.0
7.0,6.0,35.0,125.0,444.0,606.0,4,980.0
7.0,6.0,35.0,125.0,300.0,444.0,4,606.0
7.0,6.0,30.0,35.0,444.0,606.0,4,980.0
7.0,4.0,134.0,194.0,487.0,715.0,4,964.0
7.0,4.0,134.0,194.0,683.0,936.0,4,964.0
7.0,4.0,194.0,683.0,743.0,936.0,4,964.0
7.0,4.0,194.0,487.0,683.0,715.0,4,936.0
7.0,4.0,134.0,194.0,487.0,683.0,4,715.0
7.0,4.0,134.0,194.0,487.0,683.0,4,715.0
7.0,4.0,134.0,194.0,487.0,715.0,4,964.0
7.0,4.0,194.0,487.0,715.0,936.0,4,964.0
7.0,4.0,194.0,487.0,715.0,936.0,4,964.0
7.0,4.0,194.0,487.0,715.0,936.0,4,964.0
7.0,1.0,78.0,106.0,463.0,517.0,4,595.0
7.0,1.0,78.0,106.0,463.0,517.0,4,595.0
7.0,1.0,78.0,188.0,463.0,565.0,4,595.0
7.0,1.0,188.0,353.0,442.0,565.0,4,795.0
7.0,1.0,188.0,353.0,442.0,565.0,4,795.0
7.0,1.0,188.0,353.0,442.0,565.0,4,795.0
7.0,1.0,106.0,188.0,353.0,442.0,4,517.0
7.0,1.0,78.0,106.0,463.0,517.0,4,595.0
7.0,1.0,78.0,106.0,463.0,517.0,4,595.0
7.0,1.0,78.0,106.0,442.0,463.0,4,517.0
7.0,1.0,78.0,106.0,442.0,463.0,4,517.0
7.0,1.0,78.0,106.0,463.0,517.0,4,595.0
7.0,12.0,216.0,350.0,638.0,788.0,4,856.0
7.0,12.0,126.0,216.0,386.0,611.0,4,638.0
7.0,12.0,126.0,216.0,350.0,386.0,4,638.0
7.0,12.0,237.0,350.0,611.0,788.0,4,856.0
7.0,12.0,237.0,350.0,611.0,788.0,4,856.0
7.0,12.0,237.0,350.0,611.0,788.0,4,856.0
7.0,12.0,216.0,350.0,386.0,638.0,4,788.0
7.0,12.0,350.0,611.0,638.0,788.0,4,856.0
7.0,12.0,350.0,611.0,638.0,788.0,4,856.0
7.0,12.0,350.0,611.0,638.0,788.0,4,856.0
7.0,12.0,237.0,350.0,611.0,788.0,4,856.0
7.0,6.0,275.0,300.0,444.0,980.0,4,989.0
7.0,6.0,30.0,35.0,275.0,444.0,4,980.0
7.0,6.0,35.0,125.0,275.0,444.0,4,980.0
7.0,6.0,35.0,125.0,444.0,693.0,4,980.0
7.0,6.0,35.0,125.0,275.0,444.0,4,980.0
7.0,6.0,30.0,275.0,693.0,980.0,4,989.0
7.0,6.0,30.0,56.0,125.0,275.0,4,989.0
7.0,6.0,35.0,125.0,275.0,693.0,4,980.0
7.0,6.0,30.0,35.0,125.0,693.0,4,980.0
7.0,6.0,35.0,56.0,125.0,275.0,4,693.0
7.0,6.0,35.0,125.0,275.0,693.0,4,980.0
7.0,6.0,35.0,125.0,275.0,693.0,4,980.0
7.0,33.0,21.0,258.0,686.0,829.0,4,976.0
7.0,33.0,21.0,258.0,686.0,829.0,4,976.0
7.0,33.0,21.0,111.0,258.0,318.0,4,504.0
7.0,33.0,111.0,271.0,318.0,470.0,4,976.0
7.0,33.0,21.0,318.0,686.0,829.0,4,976.0
7.0,33.0,21.0,258.0,318.0,829.0,4,976.0
7.0,33.0,21.0,258.0,271.0,686.0,4,829.0
7.0,33.0,111.0,271.0,318.0,470.0,4,504.0
7.0,6.0,275.0,444.0,646.0,980.0,4,989.0
7.0,6.0,275.0,300.0,444.0,646.0,4,989.0
7.0,6.0,275.0,300.0,444.0,646.0,4,989.0
7.0,6.0,35.0,444.0,606.0,646.0,4,980.0
7.0,6.0,35.0,444.0,606.0,646.0,4,980.0
7.0,6.0,35.0,275.0,606.0,646.0,4,980.0
7.0,6.0,125.0,275.0,444.0,646.0,4,989.0
7.0,6.0,35.0,125.0,606.0,646.0,4,980.0
7.0,6.0,35.0,275.0,606.0,646.0,4,980.0
7.0,6.0,35.0,275.0,606.0,646.0,4,980.0
7.0,6.0,275.0,300.0,381.0,444.0,4,693.0
7.0,6.0,275.0,300.0,444.0,693.0,4,989.0
7.0,6.0,275.0,300.0,444.0,606.0,4,989.0
7.0,6.0,35.0,444.0,606.0,646.0,4,980.0
7.0,6.0,35.0,125.0,606.0,646.0,4,980.0
7.0,6.0,35.0,125.0,606.0,646.0,4,980.0
7.0,6.0,275.0,606.0,646.0,980.0,4,989.0
7.0,6.0,275.0,300.0,444.0,693.0,4,989.0
7.0,6.0,35.0,444.0,606.0,646.0,4,980.0
7.0,6.0,56.0,125.0,275.0,606.0,4,980.0
7.0,6.0,125.0,275.0,606.0,980.0,4,989.0
7.0,6.0,56.0,125.0,275.0,693.0,4,989.0
7.0,6.0,35.0,125.0,275.0,606.0,4,980.0
7.0,6.0,35.0,444.0,606.0,646.0,4,980.0
7.0,6.0,35.0,275.0,606.0,646.0,4,989.0
7.0,6.0,35.0,125.0,275.0,606.0,4,989.0
7.0,6.0,35.0,125.0,275.0,606.0,4,989.0
7.0,6.0,35.0,125.0,275.0,693.0,4,989.0
7.0,6.0,35.0,275.0,606.0,646.0,4,980.0
7.0,6.0,444.0,606.0,646.0,980.0,4,989.0
7.0,6.0,444.0,606.0,646.0,980.0,4,989.0
7.0,6.0,56.0,125.0,606.0,646.0,4,980.0
7.0,6.0,56.0,125.0,646.0,693.0,4,980.0
7.0,6.0,444.0,606.0,646.0,980.0,4,989.0
7.0,6.0,56.0,125.0,381.0,444.0,4,693.0
7.0,6.0,56.0,125.0,381.0,444.0,4,693.0
7.0,6.0,444.0,606.0,646.0,980.0,4,989.0
7.0,6.0,30.0,606.0,646.0,693.0,4,989.0
7.0,6.0,30.0,606.0,646.0,693.0,4,989.0
7.0,6.0,30.0,606.0,693.0,914.0,4,989.0
7.0,6.0,30.0,606.0,693.0,914.0,4,989.0
7.0,6.0,444.0,606.0,646.0,914.0,4,980.0
7.0,6.0,444.0,606.0,646.0,914.0,4,980.0
7.0,6.0,444.0,646.0,693.0,980.0,4,989.0
7.0,6.0,30.0,606.0,646.0,693.0,4,989.0
7.0,6.0,30.0,606.0,693.0,914.0,4,989.0
7.0,6.0,30.0,606.0,693.0,914.0,4,989.0
7.0,6.0,30.0,606.0,693.0,914.0,4,989.0
7.0,6.0,30.0,606.0,693.0,914.0,4,980.0
7.0,6.0,30.0,693.0,889.0,980.0,4,989.0
7.0,15.0,188.0,659.0,714.0,960.0,4,1036.0
7.0,15.0,188.0,659.0,714.0,941.0,4,1036.0
7.0,15.0,188.0,659.0,714.0,941.0,4,1036.0
7.0,15.0,188.0,659.0,714.0,941.0,4,1036.0
7.0,15.0,188.0,659.0,714.0,941.0,4,1036.0
7.0,15.0,659.0,714.0,941.0,960.0,4,1036.0
7.0,15.0,593.0,714.0,941.0,960.0,4,1036.0
7.0,15.0,188.0,659.0,714.0,941.0,4,1036.0
7.0,6.0,275.0,444.0,646.0,914.0,4,980.0
7.0,6.0,444.0,646.0,693.0,914.0,4,980.0
7.0,6.0,35.0,444.0,646.0,693.0,4,989.0
7.0,6.0,30.0,35.0,275.0,693.0,4,914.0
7.0,6.0,35.0,444.0,646.0,693.0,4,980.0
7.0,6.0,275.0,444.0,646.0,914.0,4,980.0
7.0,6.0,444.0,646.0,693.0,980.0,4,989.0
7.0,6.0,30.0,275.0,693.0,914.0,4,989.0
7.0,6.0,275.0,444.0,646.0,914.0,4,980.0
7.0,25.0,50.0,74.0,421.0,696.0,4,759.0
7.0,25.0,50.0,286.0,297.0,958.0,4,1003.0
7.0,25.0,74.0,286.0,759.0,958.0,4,1003.0
7.0,25.0,74.0,421.0,603.0,696.0,4,759.0
7.0,25.0,50.0,269.0,286.0,297.0,4,1003.0
7.0,25.0,269.0,286.0,297.0,958.0,4,1003.0
7.0,25.0,269.0,286.0,297.0,958.0,4,1003.0
7.0,25.0,269.0,286.0,297.0,958.0,4,1003.0
7.0,6.0,275.0,606.0,646.0,914.0,4,980.0
7.0,6.0,35.0,444.0,606.0,646.0,4,980.0
7.0,6.0,35.0,444.0,606.0,646.0,4,989.0
7.0,6.0,30.0,275.0,444.0,914.0,4,980.0
7.0,6.0,30.0,275.0,646.0,914.0,4,980.0
7.0,6.0,275.0,606.0,646.0,914.0,4,980.0
7.0,6.0,35.0,444.0,606.0,646.0,4,914.0
7.0,6.0,35.0,275.0,444.0,606.0,4,989.0
7.0,6.0,35.0,444.0,606.0,646.0,4,914.0
7.0,17.0,109.0,460.0,587.0,809.0,4,1037.0
7.0,17.0,109.0,354.0,460.0,502.0,4,587.0
7.0,17.0,109.0,170.0,354.0,502.0,4,809.0
7.0,17.0,109.0,170.0,354.0,502.0,4,809.0
7.0,17.0,109.0,460.0,587.0,809.0,4,1037.0
7.0,17.0,109.0,460.0,502.0,587.0,4,809.0
7.0,17.0,109.0,354.0,460.0,502.0,4,587.0
7.0,17.0,109.0,502.0,587.0,809.0,4,1037.0
7.0,17.0,109.0,460.0,587.0,809.0,4,1037.0
7.0,6.0,30.0,275.0,606.0,914.0,4,980.0
7.0,6.0,35.0,275.0,444.0,693.0,4,989.0
7.0,6.0,30.0,444.0,693.0,980.0,4,989.0
7.0,6.0,30.0,444.0,693.0,980.0,4,989.0
7.0,6.0,30.0,444.0,693.0,980.0,4,989.0
7.0,1.0,106.0,188.0,353.0,795.0,4,1006.0
7.0,1.0,78.0,106.0,463.0,517.0,4,565.0
7.0,1.0,78.0,106.0,463.0,517.0,4,565.0
7.0,1.0,78.0,106.0,463.0,517.0,4,1006.0
7.0,1.0,353.0,463.0,517.0,565.0,4,1006.0
7.0,1.0,353.0,463.0,517.0,565.0,4,1006.0
7.0,1.0,353.0,463.0,517.0,565.0,4,1006.0
7.0,1.0,188.0,353.0,595.0,795.0,4,1006.0
7.0,1.0,78.0,106.0,188.0,353.0,4,565.0
7.0,1.0,106.0,188.0,353.0,517.0,4,565.0
7.0,1.0,78.0,106.0,353.0,463.0,4,517.0
7.0,4.0,134.0,259.0,486.0,487.0,4,646.0
7.0,4.0,134.0,259.0,486.0,487.0,4,646.0
7.0,4.0,134.0,259.0,486.0,487.0,4,646.0
7.0,4.0,487.0,589.0,646.0,715.0,4,936.0
7.0,4.0,134.0,259.0,486.0,487.0,4,589.0
7.0,4.0,134.0,259.0,487.0,589.0,4,646.0
7.0,17.0,109.0,310.0,348.0,502.0,4,587.0
7.0,17.0,109.0,310.0,348.0,502.0,4,587.0
7.0,17.0,137.0,310.0,328.0,642.0,4,764.0
7.0,17.0,109.0,310.0,348.0,354.0,4,587.0
7.0,17.0,310.0,348.0,354.0,587.0,4,741.0
7.0,17.0,109.0,354.0,587.0,727.0,4,741.0
7.0,12.0,237.0,350.0,611.0,788.0,4,856.0
7.0,12.0,126.0,386.0,611.0,638.0,4,817.0
7.0,12.0,237.0,350.0,611.0,817.0,4,856.0
7.0,12.0,237.0,350.0,788.0,817.0,4,856.0
7.0,12.0,237.0,350.0,611.0,788.0,4,856.0
7.0,12.0,237.0,350.0,611.0,788.0,4,856.0
7.0,12.0,126.0,386.0,638.0,788.0,4,817.0
7.0,33.0,21.0,258.0,686.0,829.0,4,976.0
7.0,33.0,21.0,271.0,318.0,470.0,4,829.0
7.0,33.0,21.0,271.0,318.0,361.0,4,470.0
7.0,33.0,21.0,318.0,686.0,829.0,4,976.0
7.0,33.0,21.0,258.0,686.0,829.0,4,976.0
7.0,33.0,21.0,258.0,686.0,829.0,4,976.0
7.0,33.0,258.0,361.0,686.0,829.0,4,976.0
7.0,33.0,21.0,258.0,271.0,361.0,4,470.0
7.0,33.0,21.0,318.0,686.0,829.0,4,976.0
7.0,4.0,134.0,487.0,589.0,715.0,4,964.0
7.0,4.0,134.0,139.0,194.0,715.0,4,936.0
7.0,4.0,134.0,139.0,194.0,715.0,4,936.0
7.0,4.0,139.0,194.0,715.0,743.0,4,936.0
7.0,4.0,139.0,194.0,589.0,743.0,4,936.0
7.0,4.0,134.0,194.0,487.0,715.0,4,964.0
7.0,4.0,134.0,487.0,589.0,715.0,4,964.0
7.0,4.0,134.0,194.0,487.0,715.0,4,964.0
7.0,4.0,139.0,194.0,487.0,589.0,4,936.0
7.0,4.0,139.0,194.0,487.0,589.0,4,936.0
7.0,4.0,139.0,194.0,487.0,589.0,4,936.0
7.0,25.0,74.0,356.0,421.0,958.0,4,1003.0
7.0,25.0,297.0,356.0,696.0,958.0,4,1003.0
7.0,25.0,74.0,356.0,696.0,958.0,4,1003.0
7.0,25.0,74.0,356.0,696.0,958.0,4,1003.0
7.0,25.0,74.0,421.0,603.0,958.0,4,1003.0
7.0,25.0,50.0,297.0,603.0,696.0,4,1003.0
7.0,25.0,74.0,356.0,421.0,958.0,4,1003.0
7.0,25.0,74.0,356.0,421.0,958.0,4,1003.0
7.0,15.0,188.0,659.0,714.0,941.0,4,1036.0
7.0,15.0,188.0,659.0,714.0,941.0,4,1036.0
7.0,15.0,188.0,659.0,714.0,719.0,4,1036.0
7.0,15.0,593.0,719.0,749.0,960.0,4,1036.0
7.0,15.0,188.0,659.0,714.0,960.0,4,1036.0
7.0,15.0,188.0,659.0,714.0,960.0,4,1036.0
7.0,15.0,188.0,659.0,714.0,941.0,4,1036.0
7.0,15.0,188.0,509.0,659.0,749.0,4,941.0
7.0,15.0,509.0,593.0,719.0,749.0,4,960.0
7.0,15.0,593.0,714.0,719.0,960.0,4,1036.0
7.0,15.0,426.0,593.0,714.0,719.0,4,1036.0
7.0,15.0,86.0,302.0,426.0,509.0,4,749.0
7.0,17.0,109.0,502.0,587.0,741.0,4,1037.0
7.0,17.0,109.0,354.0,460.0,502.0,4,587.0
7.0,17.0,109.0,354.0,460.0,502.0,4,809.0
7.0,17.0,310.0,354.0,741.0,809.0,4,1037.0
7.0,17.0,354.0,587.0,741.0,809.0,4,1037.0
7.0,17.0,109.0,502.0,587.0,741.0,4,1037.0
7.0,17.0,502.0,587.0,741.0,809.0,4,1037.0
7.0,17.0,354.0,460.0,502.0,741.0,4,809.0
7.0,17.0,354.0,460.0,741.0,809.0,4,1037.0
7.0,25.0,50.0,74.0,421.0,696.0,4,759.0
7.0,25.0,297.0,603.0,696.0,958.0,4,1003.0
7.0,25.0,286.0,696.0,759.0,958.0,4,1003.0
7.0,25.0,74.0,421.0,696.0,759.0,4,958.0
7.0,25.0,286.0,297.0,603.0,958.0,4,1003.0
7.0,25.0,286.0,297.0,421.0,958.0,4,1003.0
7.0,1.0,78.0,106.0,442.0,463.0,4,795.0
7.0,1.0,78.0,463.0,484.0,565.0,4,595.0
7.0,1.0,160.0,484.0,565.0,595.0,4,795.0
7.0,1.0,78.0,106.0,160.0,442.0,4,795.0
7.0,1.0,78.0,106.0,442.0,463.0,4,795.0
7.0,1.0,78.0,106.0,442.0,463.0,4,795.0
7.0,1.0,78.0,106.0,442.0,463.0,4,795.0
7.0,1.0,78.0,106.0,463.0,565.0,4,795.0
7.0,1.0,78.0,106.0,463.0,484.0,4,565.0
7.0,1.0,78.0,106.0,463.0,484.0,4,565.0
7.0,1.0,78.0,106.0,442.0,463.0,4,795.0
7.0,1.0,78.0,106.0,442.0,463.0,4,795.0
7.0,12.0,237.0,350.0,611.0,788.0,4,856.0
7.0,12.0,126.0,638.0,771.0,788.0,4,856.0
7.0,12.0,237.0,350.0,611.0,788.0,4,856.0
7.0,12.0,237.0,350.0,386.0,771.0,4,788.0
7.0,12.0,126.0,237.0,386.0,771.0,4,788.0
7.0,12.0,126.0,386.0,611.0,638.0,4,771.0
7.0,12.0,126.0,386.0,611.0,638.0,4,771.0
7.0,12.0,126.0,611.0,638.0,788.0,4,856.0
7.0,12.0,126.0,237.0,611.0,788.0,4,856.0
7.0,12.0,126.0,237.0,788.0,856.0,4,909.0
7.0,12.0,237.0,280.0,788.0,856.0,4,909.0
7.0,12.0,126.0,237.0,386.0,611.0,4,771.0
7.0,12.0,126.0,237.0,771.0,788.0,4,856.0
7.0,12.0,126.0,237.0,611.0,788.0,4,856.0
7.0,12.0,126.0,237.0,611.0,788.0,4,856.0
7.0,12.0,280.0,611.0,638.0,788.0,4,856.0
7.0,12.0,126.0,611.0,638.0,788.0,4,856.0
7.0,12.0,237.0,280.0,611.0,788.0,4,856.0
7.0,12.0,237.0,350.0,611.0,788.0,4,856.0
7.0,12.0,126.0,638.0,788.0,856.0,4,909.0
7.0,12.0,126.0,386.0,611.0,638.0,4,909.0
7.0,12.0,126.0,386.0,611.0,638.0,4,771.0
7.0,12.0,126.0,386.0,611.0,638.0,4,771.0
7.0,12.0,237.0,350.0,611.0,788.0,4,856.0
7.0,12.0,237.0,350.0,771.0,788.0,4,856.0
7.0,12.0,237.0,350.0,611.0,788.0,4,856.0
7.0,12.0,237.0,350.0,611.0,788.0,4,856.0
7.0,12.0,237.0,350.0,771.0,788.0,4,856.0
7.0,12.0,237.0,350.0,386.0,771.0,4,788.0
7.0,12.0,126.0,386.0,638.0,771.0,4,909.0
7.0,12.0,156.0,280.0,386.0,771.0,4,909.0
7.0,12.0,237.0,350.0,611.0,788.0,4,856.0
7.0,12.0,126.0,611.0,638.0,856.0,4,909.0
7.0,12.0,126.0,237.0,350.0,386.0,4,771.0
7.0,12.0,237.0,350.0,771.0,788.0,4,856.0
7.0,12.0,126.0,237.0,350.0,788.0,4,856.0
7.0,12.0,126.0,350.0,638.0,788.0,4,856.0
7.0,12.0,126.0,386.0,611.0,638.0,4,909.0
7.0,12.0,126.0,638.0,788.0,856.0,4,909.0
7.0,12.0,126.0,350.0,638.0,788.0,4,856.0
7.0,12.0,126.0,350.0,638.0,788.0,4,856.0
7.0,12.0,156.0,280.0,386.0,771.0,4,909.0
7.0,4.0,134.0,259.0,486.0,487.0,4,646.0
7.0,4.0,134.0,486.0,487.0,589.0,4,646.0
7.0,4.0,486.0,487.0,589.0,646.0,4,936.0
7.0,4.0,589.0,646.0,715.0,743.0,4,936.0
7.0,4.0,259.0,589.0,715.0,743.0,4,936.0
7.0,4.0,134.0,259.0,486.0,487.0,4,589.0
7.0,4.0,134.0,259.0,486.0,487.0,4,646.0
7.0,4.0,589.0,646.0,715.0,743.0,4,936.0
7.0,4.0,487.0,589.0,646.0,715.0,4,936.0
7.0,4.0,259.0,487.0,589.0,715.0,4,936.0
7.0,1.0,78.0,442.0,463.0,517.0,4,565.0
7.0,1.0,353.0,463.0,517.0,565.0,4,1006.0
7.0,1.0,353.0,463.0,517.0,565.0,4,1006.0
7.0,1.0,188.0,442.0,463.0,517.0,4,565.0
7.0,1.0,78.0,442.0,463.0,517.0,4,595.0
7.0,1.0,106.0,188.0,353.0,517.0,4,1006.0
7.0,1.0,78.0,106.0,463.0,517.0,4,595.0
7.0,33.0,258.0,318.0,361.0,829.0,4,976.0
7.0,33.0,21.0,111.0,258.0,318.0,4,976.0
7.0,33.0,21.0,111.0,271.0,318.0,4,861.0
7.0,33.0,21.0,258.0,318.0,361.0,4,976.0
7.0,33.0,21.0,52.0,318.0,361.0,4,976.0
7.0,12.0,216.0,350.0,638.0,788.0,4,856.0
7.0,12.0,216.0,350.0,638.0,788.0,4,856.0
7.0,12.0,126.0,216.0,386.0,611.0,4,638.0
7.0,12.0,126.0,216.0,237.0,386.0,4,611.0
7.0,12.0,237.0,350.0,611.0,788.0,4,856.0
7.0,12.0,350.0,611.0,638.0,788.0,4,856.0
7.0,12.0,237.0,350.0,611.0,788.0,4,856.0
7.0,12.0,216.0,237.0,350.0,788.0,4,856.0
7.0,12.0,126.0,216.0,237.0,386.0,4,788.0
7.0,12.0,126.0,216.0,386.0,611.0,4,638.0
7.0,12.0,156.0,280.0,386.0,771.0,4,817.0
7.0,12.0,237.0,350.0,611.0,788.0,4,856.0
7.0,12.0,126.0,216.0,638.0,788.0,4,856.0
7.0,12.0,126.0,216.0,386.0,611.0,4,638.0
7.0,12.0,126.0,216.0,386.0,611.0,4,638.0
7.0,12.0,126.0,216.0,237.0,386.0,4,788.0
7.0,12.0,126.0,216.0,386.0,611.0,4,638.0
7.0,12.0,126.0,216.0,386.0,611.0,4,638.0
7.0,12.0,126.0,216.0,386.0,611.0,4,638.0
7.0,12.0,156.0,280.0,638.0,771.0,4,817.0
7.0,25.0,74.0,356.0,421.0,759.0,4,958.0
7.0,25.0,297.0,356.0,603.0,696.0,4,1003.0
7.0,25.0,297.0,603.0,696.0,958.0,4,1003.0
7.0,25.0,297.0,603.0,696.0,958.0,4,1003.0
7.0,25.0,297.0,603.0,696.0,958.0,4,1003.0
7.0,25.0,297.0,696.0,759.0,958.0,4,1003.0
7.0,25.0,74.0,696.0,759.0,958.0,4,1003.0
7.0,17.0,354.0,460.0,502.0,764.0,4,809.0
7.0,17.0,354.0,460.0,502.0,764.0,4,809.0
7.0,17.0,109.0,587.0,741.0,764.0,4,1037.0
7.0,17.0,109.0,354.0,460.0,741.0,4,1037.0
7.0,17.0,109.0,354.0,460.0,809.0,4,1037.0
7.0,17.0,109.0,354.0,502.0,809.0,4,1037.0
7.0,17.0,109.0,354.0,460.0,502.0,4,764.0
7.0,17.0,354.0,460.0,502.0,764.0,4,809.0
7.0,17.0,354.0,460.0,502.0,764.0,4,809.0
7.0,17.0,109.0,354.0,460.0,502.0,4,809.0
7.0,17.0,109.0,328.0,502.0,587.0,4,809.0
7.0,12.0,237.0,350.0,611.0,788.0,4,856.0
7.0,12.0,237.0,350.0,611.0,788.0,4,856.0
7.0,12.0,126.0,237.0,333.0,386.0,4,788.0
7.0,12.0,126.0,333.0,611.0,638.0,4,856.0
7.0,12.0,333.0,350.0,611.0,638.0,4,856.0
7.0,12.0,333.0,350.0,611.0,638.0,4,856.0
7.0,12.0,237.0,350.0,611.0,788.0,4,856.0
7.0,12.0,237.0,333.0,350.0,386.0,4,788.0
7.0,12.0,237.0,350.0,611.0,788.0,4,856.0
7.0,1.0,106.0,160.0,442.0,463.0,4,808.0
7.0,1.0,106.0,154.0,160.0,442.0,4,808.0
7.0,1.0,160.0,442.0,463.0,595.0,4,795.0
7.0,1.0,106.0,160.0,442.0,463.0,4,808.0
7.0,1.0,106.0,463.0,484.0,595.0,4,808.0
7.0,1.0,160.0,442.0,463.0,595.0,4,795.0
7.0,12.0,126.0,237.0,386.0,611.0,4,788.0
7.0,12.0,126.0,237.0,333.0,386.0,4,788.0
7.0,12.0,126.0,237.0,333.0,386.0,4,788.0
7.0,12.0,126.0,333.0,611.0,638.0,4,856.0
7.0,12.0,126.0,237.0,611.0,788.0,4,856.0
7.0,12.0,126.0,237.0,611.0,788.0,4,856.0
7.0,12.0,126.0,237.0,386.0,611.0,4,788.0
7.0,12.0,126.0,237.0,386.0,611.0,4,788.0
7.0,12.0,126.0,237.0,611.0,638.0,4,788.0
7.0,12.0,333.0,386.0,611.0,638.0,4,788.0
7.0,12.0,237.0,333.0,350.0,611.0,4,856.0
7.0,12.0,48.0,237.0,333.0,350.0,4,611.0
7.0,12.0,48.0,237.0,333.0,350.0,4,611.0
7.0,12.0,48.0,280.0,333.0,638.0,4,817.0
7.0,12.0,280.0,638.0,788.0,817.0,4,856.0
7.0,12.0,280.0,611.0,638.0,788.0,4,856.0
7.0,12.0,237.0,333.0,350.0,611.0,4,856.0
7.0,12.0,48.0,333.0,350.0,611.0,4,638.0
7.0,12.0,237.0,350.0,611.0,788.0,4,856.0
7.0,12.0,237.0,350.0,611.0,788.0,4,856.0
7.0,12.0,237.0,350.0,611.0,788.0,4,856.0
7.0,12.0,237.0,350.0,611.0,788.0,4,856.0
7.0,12.0,237.0,333.0,350.0,386.0,4,788.0
7.0,12.0,156.0,280.0,333.0,386.0,4,638.0
7.0,12.0,156.0,280.0,333.0,386.0,4,638.0
7.0,12.0,156.0,280.0,333.0,638.0,4,856.0
7.0,12.0,237.0,350.0,611.0,788.0,4,856.0
7.0,12.0,333.0,350.0,638.0,788.0,4,856.0
7.0,15.0,188.0,659.0,714.0,941.0,4,1036.0
7.0,15.0,593.0,719.0,749.0,960.0,4,1036.0
7.0,15.0,593.0,659.0,719.0,749.0,4,960.0
7.0,15.0,593.0,659.0,719.0,749.0,4,960.0
7.0,15.0,659.0,714.0,719.0,960.0,4,1036.0
7.0,15.0,188.0,659.0,714.0,719.0,4,1036.0
7.0,15.0,188.0,659.0,714.0,719.0,4,1036.0
7.0,15.0,188.0,659.0,714.0,941.0,4,1036.0
7.0,15.0,188.0,593.0,714.0,960.0,4,1036.0
7.0,15.0,593.0,659.0,714.0,719.0,4,960.0
7.0,4.0,134.0,486.0,487.0,589.0,4,715.0
7.0,4.0,194.0,715.0,743.0,936.0,4,964.0
7.0,4.0,194.0,487.0,715.0,936.0,4,964.0
7.0,4.0,194.0,487.0,715.0,936.0,4,964.0
7.0,4.0,134.0,486.0,487.0,589.0,4,715.0
7.0,4.0,134.0,486.0,487.0,589.0,4,715.0
7.0,4.0,134.0,486.0,589.0,715.0,4,936.0
7.0,4.0,194.0,486.0,487.0,589.0,4,936.0
7.0,4.0,194.0,486.0,487.0,589.0,4,936.0
7.0,4.0,194.0,486.0,487.0,589.0,4,936.0
7.0,17.0,109.0,354.0,460.0,502.0,4,809.0
7.0,17.0,109.0,460.0,587.0,809.0,4,1037.0
7.0,17.0,109.0,460.0,587.0,809.0,4,1037.0
7.0,17.0,109.0,170.0,354.0,502.0,4,587.0
7.0,17.0,109.0,170.0,354.0,502.0,4,587.0
7.0,17.0,109.0,170.0,502.0,809.0,4,1037.0
7.0,17.0,109.0,460.0,587.0,809.0,4,1037.0
7.0,25.0,50.0,286.0,297.0,452.0,4,696.0
7.0,25.0,50.0,286.0,297.0,854.0,4,958.0
7.0,25.0,269.0,286.0,297.0,854.0,4,958.0
7.0,25.0,50.0,286.0,297.0,603.0,4,696.0
7.0,25.0,50.0,269.0,297.0,696.0,4,854.0
7.0,25.0,74.0,421.0,452.0,696.0,4,759.0
7.0,25.0,74.0,297.0,452.0,759.0,4,1003.0
7.0,25.0,50.0,74.0,421.0,696.0,4,759.0
7.0,25.0,74.0,452.0,696.0,759.0,4,1003.0
7.0,25.0,50.0,74.0,297.0,421.0,4,759.0
7.0,25.0,74.0,421.0,452.0,759.0,4,1003.0
7.0,25.0,74.0,421.0,452.0,696.0,4,759.0
7.0,1.0,78.0,353.0,442.0,517.0,4,565.0
7.0,1.0,78.0,353.0,442.0,517.0,4,1006.0
7.0,1.0,188.0,353.0,442.0,517.0,4,1006.0
7.0,1.0,188.0,353.0,442.0,795.0,4,1006.0
7.0,1.0,78.0,106.0,463.0,517.0,4,565.0
7.0,1.0,78.0,106.0,463.0,517.0,4,565.0
7.0,1.0,78.0,106.0,442.0,463.0,4,517.0
7.0,1.0,78.0,106.0,353.0,442.0,4,517.0
7.0,1.0,188.0,353.0,442.0,517.0,4,565.0
7.0,1.0,188.0,353.0,442.0,565.0,4,795.0
7.0,1.0,106.0,188.0,353.0,795.0,4,1006.0
7.0,1.0,78.0,442.0,463.0,517.0,4,565.0
7.0,25.0,50.0,286.0,297.0,603.0,4,1003.0
7.0,25.0,50.0,286.0,297.0,603.0,4,1003.0
7.0,25.0,74.0,421.0,696.0,759.0,4,854.0
7.0,25.0,74.0,421.0,696.0,759.0,4,854.0
7.0,25.0,74.0,421.0,696.0,759.0,4,854.0
7.0,25.0,74.0,421.0,603.0,696.0,4,1003.0
7.0,25.0,74.0,297.0,603.0,696.0,4,1003.0
7.0,25.0,74.0,297.0,603.0,696.0,4,1003.0
7.0,25.0,74.0,297.0,603.0,696.0,4,1003.0
7.0,25.0,74.0,286.0,297.0,759.0,4,1003.0
7.0,25.0,286.0,297.0,759.0,854.0,4,1003.0
7.0,15.0,484.0,593.0,714.0,941.0,4,1036.0
7.0,15.0,509.0,714.0,719.0,749.0,4,941.0
7.0,15.0,415.0,509.0,593.0,719.0,4,749.0
7.0,15.0,415.0,509.0,593.0,719.0,4,749.0
7.0,15.0,415.0,509.0,593.0,719.0,4,749.0
7.0,15.0,415.0,509.0,714.0,719.0,4,941.0
7.0,15.0,484.0,509.0,714.0,719.0,4,941.0
7.0,15.0,415.0,509.0,719.0,749.0,4,1036.0
7.0,15.0,415.0,484.0,509.0,719.0,4,749.0
7.0,15.0,484.0,593.0,714.0,941.0,4,1036.0
7.0,4.0,134.0,194.0,646.0,715.0,4,936.0
7.0,4.0,134.0,194.0,486.0,487.0,4,646.0
7.0,4.0,134.0,194.0,486.0,646.0,4,936.0
7.0,4.0,134.0,194.0,646.0,715.0,4,936.0
7.0,4.0,134.0,194.0,487.0,646.0,4,715.0
7.0,25.0,297.0,356.0,759.0,958.0,4,1003.0
7.0,25.0,50.0,297.0,603.0,958.0,4,1003.0
7.0,25.0,50.0,297.0,421.0,603.0,4,696.0
7.0,25.0,356.0,759.0,854.0,958.0,4,1003.0
7.0,25.0,356.0,421.0,759.0,958.0,4,1003.0
7.0,25.0,297.0,603.0,759.0,958.0,4,1003.0
7.0,25.0,50.0,297.0,603.0,696.0,4,1003.0
7.0,25.0,50.0,297.0,421.0,603.0,4,696.0
7.0,25.0,50.0,297.0,421.0,603.0,4,1003.0
7.0,25.0,50.0,297.0,421.0,958.0,4,1003.0
7.0,25.0,50.0,297.0,603.0,854.0,4,1003.0
7.0,25.0,356.0,421.0,696.0,958.0,4,1003.0
7.0,25.0,356.0,421.0,696.0,958.0,4,1003.0
7.0,25.0,297.0,356.0,421.0,603.0,4,1003.0
7.0,25.0,297.0,356.0,421.0,603.0,4,1003.0
7.0,25.0,74.0,421.0,603.0,958.0,4,1003.0
7.0,25.0,74.0,297.0,356.0,421.0,4,603.0
7.0,25.0,74.0,297.0,356.0,421.0,4,603.0
7.0,25.0,297.0,356.0,421.0,603.0,4,1003.0
7.0,25.0,74.0,297.0,356.0,958.0,4,1003.0
7.0,25.0,74.0,356.0,421.0,958.0,4,1003.0
7.0,25.0,74.0,356.0,421.0,759.0,4,1003.0
7.0,25.0,74.0,297.0,356.0,421.0,4,603.0
7.0,25.0,74.0,297.0,421.0,603.0,4,958.0
7.0,25.0,74.0,297.0,421.0,603.0,4,958.0
7.0,25.0,297.0,696.0,759.0,958.0,4,1003.0
7.0,25.0,74.0,297.0,356.0,696.0,4,759.0
7.0,25.0,74.0,297.0,356.0,696.0,4,958.0
7.0,25.0,74.0,286.0,356.0,603.0,4,854.0
7.0,25.0,286.0,603.0,696.0,854.0,4,958.0
7.0,1.0,78.0,106.0,442.0,463.0,4,808.0
7.0,1.0,106.0,160.0,463.0,484.0,4,595.0
7.0,1.0,78.0,442.0,484.0,565.0,4,795.0
7.0,1.0,78.0,442.0,484.0,565.0,4,795.0
7.0,1.0,78.0,442.0,463.0,565.0,4,808.0
7.0,1.0,106.0,160.0,442.0,463.0,4,808.0
7.0,1.0,78.0,106.0,160.0,484.0,4,595.0
7.0,1.0,106.0,160.0,463.0,484.0,4,595.0
7.0,1.0,106.0,442.0,463.0,484.0,4,808.0
7.0,1.0,78.0,106.0,160.0,442.0,4,808.0
7.0,1.0,78.0,106.0,442.0,463.0,4,808.0
7.0,25.0,50.0,297.0,603.0,696.0,4,1003.0
7.0,25.0,50.0,297.0,603.0,696.0,4,1003.0
7.0,25.0,356.0,421.0,759.0,958.0,4,1003.0
7.0,25.0,74.0,356.0,421.0,759.0,4,958.0
7.0,25.0,74.0,421.0,603.0,759.0,4,958.0
7.0,25.0,74.0,603.0,696.0,759.0,4,1003.0
7.0,25.0,297.0,696.0,759.0,958.0,4,1003.0
7.0,17.0,109.0,328.0,354.0,741.0,4,1037.0
7.0,17.0,109.0,137.0,348.0,354.0,4,502.0
7.0,17.0,109.0,137.0,348.0,354.0,4,502.0
7.0,17.0,137.0,348.0,502.0,587.0,4,741.0
7.0,17.0,109.0,328.0,587.0,741.0,4,1037.0
7.0,17.0,109.0,137.0,502.0,587.0,4,741.0
7.0,17.0,109.0,137.0,354.0,502.0,4,587.0
7.0,17.0,137.0,348.0,354.0,502.0,4,741.0
7.0,17.0,109.0,328.0,354.0,502.0,4,587.0
7.0,17.0,109.0,328.0,354.0,502.0,4,809.0
7.0,17.0,109.0,328.0,502.0,587.0,4,741.0
7.0,17.0,109.0,328.0,587.0,741.0,4,1037.0
7.0,17.0,109.0,328.0,354.0,502.0,4,809.0
7.0,17.0,109.0,354.0,502.0,587.0,4,809.0
7.0,17.0,109.0,354.0,502.0,587.0,4,809.0
7.0,17.0,109.0,354.0,502.0,587.0,4,809.0
7.0,33.0,258.0,318.0,361.0,829.0,4,976.0
7.0,33.0,258.0,271.0,318.0,361.0,4,829.0
7.0,33.0,258.0,318.0,361.0,829.0,4,976.0
7.0,33.0,271.0,318.0,686.0,829.0,4,976.0
7.0,33.0,258.0,318.0,361.0,829.0,4,976.0
7.0,4.0,134.0,486.0,487.0,589.0,4,715.0
7.0,4.0,485.0,486.0,715.0,743.0,4,936.0
7.0,4.0,134.0,485.0,486.0,487.0,4,964.0
7.0,4.0,134.0,485.0,487.0,589.0,4,964.0
7.0,4.0,134.0,486.0,487.0,589.0,4,715.0
7.0,4.0,485.0,487.0,715.0,936.0,4,964.0
7.0,4.0,485.0,487.0,715.0,936.0,4,964.0
7.0,4.0,485.0,487.0,715.0,936.0,4,964.0
7.0,1.0,78.0,106.0,353.0,463.0,4,1006.0
7.0,1.0,78.0,106.0,188.0,463.0,4,1006.0
7.0,1.0,188.0,442.0,463.0,517.0,4,565.0
7.0,1.0,78.0,106.0,188.0,353.0,4,1006.0
7.0,1.0,78.0,106.0,353.0,463.0,4,1006.0
7.0,1.0,78.0,106.0,353.0,463.0,4,1006.0
7.0,1.0,78.0,106.0,188.0,353.0,4,1006.0
7.0,15.0,659.0,714.0,941.0,960.0,4,1036.0
7.0,15.0,659.0,714.0,802.0,941.0,4,1036.0
7.0,15.0,659.0,714.0,719.0,802.0,4,1036.0
7.0,15.0,302.0,484.0,593.0,719.0,4,802.0
7.0,15.0,484.0,593.0,719.0,802.0,4,960.0
7.0,15.0,484.0,593.0,719.0,802.0,4,1036.0
7.0,15.0,659.0,714.0,941.0,960.0,4,1036.0
7.0,15.0,659.0,714.0,941.0,960.0,4,1036.0
7.0,15.0,302.0,659.0,714.0,719.0,4,802.0
7.0,15.0,484.0,509.0,659.0,719.0,4,960.0
7.0,15.0,484.0,659.0,714.0,960.0,4,1036.0
7.0,1.0,78.0,106.0,463.0,517.0,4,1006.0
7.0,1.0,353.0,442.0,463.0,517.0,4,565.0
7.0,1.0,353.0,442.0,463.0,565.0,4,795.0
7.0,1.0,353.0,442.0,463.0,565.0,4,795.0
7.0,1.0,188.0,353.0,442.0,565.0,4,795.0
7.0,1.0,188.0,463.0,565.0,595.0,4,795.0
7.0,1.0,78.0,463.0,565.0,595.0,4,795.0
7.0,1.0,78.0,106.0,353.0,442.0,4,463.0
7.0,1.0,78.0,106.0,353.0,442.0,4,463.0
7.0,1.0,78.0,106.0,463.0,517.0,4,565.0
7.0,1.0,78.0,442.0,463.0,517.0,4,565.0
7.0,1.0,353.0,442.0,463.0,517.0,4,565.0
7.0,1.0,78.0,106.0,353.0,442.0,4,517.0
7.0,1.0,188.0,353.0,595.0,795.0,4,1006.0
7.0,1.0,78.0,353.0,442.0,463.0,4,595.0
7.0,1.0,78.0,353.0,442.0,463.0,4,595.0
7.0,1.0,78.0,106.0,353.0,442.0,4,463.0
7.0,1.0,78.0,106.0,442.0,463.0,4,517.0
7.0,1.0,353.0,463.0,517.0,595.0,4,1006.0
7.0,1.0,188.0,353.0,517.0,595.0,4,1006.0
7.0,1.0,78.0,106.0,442.0,463.0,4,517.0
7.0,1.0,78.0,106.0,442.0,463.0,4,517.0
7.0,1.0,78.0,106.0,442.0,463.0,4,517.0
7.0,17.0,310.0,348.0,354.0,642.0,4,1037.0
7.0,17.0,310.0,348.0,354.0,642.0,4,1037.0
7.0,17.0,348.0,354.0,502.0,642.0,4,1037.0
7.0,17.0,109.0,310.0,354.0,502.0,4,764.0
7.0,17.0,109.0,310.0,354.0,502.0,4,764.0
7.0,17.0,310.0,348.0,354.0,642.0,4,1037.0
7.0,17.0,310.0,348.0,354.0,642.0,4,1037.0
7.0,17.0,310.0,348.0,354.0,642.0,4,1037.0
7.0,17.0,109.0,310.0,354.0,502.0,4,764.0
7.0,1.0,78.0,106.0,442.0,463.0,4,517.0
7.0,1.0,188.0,353.0,595.0,795.0,4,1006.0
7.0,1.0,78.0,106.0,353.0,463.0,4,595.0
7.0,1.0,106.0,188.0,353.0,517.0,4,595.0
7.0,1.0,188.0,353.0,442.0,517.0,4,595.0
7.0,1.0,188.0,353.0,442.0,517.0,4,595.0
7.0,4.0,134.0,486.0,487.0,589.0,4,646.0
7.0,4.0,134.0,194.0,486.0,715.0,4,936.0
7.0,4.0,134.0,194.0,486.0,715.0,4,936.0
7.0,4.0,194.0,715.0,743.0,936.0,4,964.0
7.0,4.0,194.0,487.0,646.0,715.0,4,936.0
7.0,4.0,134.0,486.0,487.0,589.0,4,646.0
7.0,4.0,134.0,486.0,487.0,589.0,4,646.0
7.0,4.0,134.0,194.0,486.0,715.0,4,936.0
7.0,4.0,194.0,487.0,589.0,715.0,4,936.0
7.0,4.0,194.0,486.0,487.0,646.0,4,936.0
7.0,17.0,109.0,502.0,587.0,741.0,4,1037.0
7.0,17.0,109.0,310.0,348.0,354.0,4,1037.0
7.0,17.0,310.0,348.0,354.0,727.0,4,741.0
7.0,17.0,109.0,502.0,587.0,741.0,4,1037.0
7.0,17.0,109.0,348.0,354.0,502.0,4,1037.0
7.0,33.0,258.0,361.0,686.0,829.0,4,976.0
7.0,33.0,21.0,318.0,470.0,829.0,4,976.0
7.0,33.0,21.0,271.0,318.0,361.0,4,470.0
7.0,33.0,21.0,258.0,361.0,470.0,4,686.0
7.0,33.0,21.0,258.0,361.0,686.0,4,976.0
7.0,33.0,258.0,361.0,686.0,829.0,4,976.0
7.0,33.0,258.0,361.0,686.0,829.0,4,976.0
7.0,33.0,258.0,361.0,686.0,829.0,4,976.0
7.0,33.0,21.0,318.0,686.0,829.0,4,976.0
7.0,33.0,21.0,271.0,318.0,361.0,4,470.0
7.0,1.0,442.0,463.0,484.0,595.0,4,808.0
7.0,1.0,442.0,463.0,484.0,565.0,4,808.0
7.0,1.0,78.0,106.0,484.0,565.0,4,808.0
7.0,1.0,78.0,442.0,463.0,595.0,4,808.0
7.0,1.0,78.0,106.0,160.0,442.0,4,808.0
7.0,1.0,106.0,442.0,463.0,484.0,4,808.0
7.0,4.0,134.0,486.0,487.0,589.0,4,715.0
7.0,4.0,194.0,486.0,743.0,936.0,4,964.0
7.0,4.0,194.0,487.0,589.0,715.0,4,936.0
7.0,4.0,194.0,487.0,589.0,715.0,4,936.0
7.0,4.0,194.0,486.0,487.0,589.0,4,936.0
7.0,4.0,134.0,486.0,487.0,589.0,4,715.0
7.0,4.0,134.0,486.0,487.0,589.0,4,715.0
7.0,4.0,134.0,194.0,486.0,715.0,4,936.0
7.0,4.0,194.0,486.0,487.0,715.0,4,936.0
7.0,4.0,194.0,486.0,487.0,715.0,4,936.0
7.0,4.0,194.0,486.0,487.0,589.0,4,936.0
7.0,15.0,426.0,593.0,714.0,960.0,4,1036.0
7.0,15.0,302.0,426.0,484.0,960.0,4,1036.0
7.0,15.0,302.0,426.0,484.0,719.0,4,1036.0
7.0,15.0,302.0,484.0,509.0,714.0,4,719.0
7.0,15.0,426.0,593.0,714.0,960.0,4,1036.0
7.0,15.0,426.0,484.0,509.0,960.0,4,1036.0
7.0,15.0,426.0,484.0,509.0,960.0,4,1036.0
7.0,15.0,426.0,484.0,509.0,960.0,4,1036.0
7.0,15.0,302.0,484.0,509.0,714.0,4,719.0
7.0,15.0,593.0,714.0,941.0,960.0,4,1036.0
7.0,15.0,426.0,484.0,593.0,714.0,4,719.0
7.0,15.0,426.0,484.0,593.0,714.0,4,719.0
7.0,15.0,426.0,484.0,593.0,714.0,4,719.0
7.0,15.0,302.0,426.0,593.0,714.0,4,960.0
7.0,15.0,302.0,426.0,484.0,960.0,4,1036.0
7.0,15.0,302.0,714.0,719.0,960.0,4,1036.0
7.0,17.0,109.0,328.0,354.0,619.0,4,642.0
7.0,17.0,109.0,137.0,502.0,619.0,4,642.0
7.0,17.0,109.0,137.0,502.0,619.0,4,642.0
7.0,17.0,109.0,328.0,354.0,619.0,4,642.0
7.0,17.0,109.0,328.0,354.0,619.0,4,642.0
7.0,17.0,109.0,137.0,502.0,587.0,4,619.0
7.0,17.0,109.0,137.0,328.0,502.0,4,587.0
7.0,17.0,109.0,328.0,502.0,619.0,4,642.0
7.0,15.0,302.0,426.0,593.0,719.0,4,749.0
7.0,15.0,302.0,659.0,719.0,749.0,4,941.0
7.0,15.0,188.0,302.0,659.0,749.0,4,941.0
7.0,15.0,188.0,426.0,659.0,749.0,4,1036.0
7.0,15.0,188.0,659.0,749.0,941.0,4,1036.0
7.0,15.0,188.0,509.0,659.0,719.0,4,749.0
7.0,15.0,426.0,509.0,719.0,749.0,4,1036.0
7.0,15.0,426.0,509.0,719.0,749.0,4,1036.0
7.0,15.0,188.0,426.0,509.0,719.0,4,1036.0
7.0,15.0,188.0,426.0,509.0,749.0,4,1036.0
7.0,15.0,188.0,426.0,509.0,659.0,4,749.0
7.0,4.0,134.0,486.0,487.0,589.0,4,715.0
7.0,4.0,134.0,194.0,486.0,715.0,4,936.0
7.0,4.0,194.0,486.0,487.0,936.0,4,964.0
7.0,4.0,194.0,487.0,589.0,936.0,4,964.0
7.0,4.0,194.0,487.0,589.0,715.0,4,936.0
7.0,4.0,194.0,486.0,487.0,936.0,4,964.0
7.0,4.0,194.0,486.0,487.0,589.0,4,936.0
7.0,15.0,188.0,659.0,714.0,941.0,4,1036.0
7.0,15.0,188.0,593.0,714.0,941.0,4,1036.0
7.0,15.0,593.0,714.0,719.0,960.0,4,1036.0
7.0,15.0,509.0,593.0,719.0,749.0,4,960.0
7.0,15.0,188.0,659.0,749.0,941.0,4,1036.0
7.0,15.0,659.0,719.0,749.0,960.0,4,1036.0
7.0,15.0,188.0,659.0,714.0,941.0,4,1036.0
7.0,15.0,188.0,659.0,714.0,941.0,4,1036.0
7.0,33.0,258.0,318.0,361.0,829.0,4,976.0
7.0,33.0,258.0,271.0,361.0,686.0,4,976.0
7.0,33.0,271.0,318.0,686.0,829.0,4,976.0
7.0,33.0,271.0,318.0,361.0,686.0,4,829.0
7.0,33.0,258.0,271.0,318.0,361.0,4,829.0
7.0,33.0,258.0,318.0,361.0,829.0,4,976.0
7.0,4.0,327.0,589.0,715.0,936.0,4,964.0
7.0,4.0,327.0,589.0,715.0,936.0,4,964.0
7.0,4.0,683.0,715.0,743.0,936.0,4,964.0
7.0,4.0,134.0,589.0,683.0,715.0,4,936.0
7.0,4.0,134.0,589.0,683.0,715.0,4,936.0
7.0,4.0,134.0,589.0,715.0,743.0,4,964.0
7.0,4.0,134.0,589.0,683.0,715.0,4,936.0
7.0,4.0,134.0,589.0,715.0,936.0,4,964.0
7.0,4.0,134.0,589.0,715.0,936.0,4,964.0
7.0,17.0,328.0,354.0,502.0,741.0,4,764.0
7.0,17.0,328.0,348.0,354.0,727.0,4,741.0
7.0,17.0,310.0,328.0,348.0,354.0,4,741.0
7.0,17.0,109.0,310.0,502.0,587.0,4,764.0
7.0,17.0,109.0,310.0,502.0,587.0,4,764.0
7.0,17.0,109.0,328.0,354.0,502.0,4,764.0
7.0,17.0,310.0,328.0,348.0,354.0,4,741.0
7.0,17.0,310.0,328.0,348.0,354.0,4,741.0
7.0,33.0,21.0,271.0,318.0,361.0,4,470.0
7.0,33.0,21.0,271.0,318.0,361.0,4,470.0
7.0,33.0,21.0,271.0,318.0,361.0,4,470.0
7.0,33.0,258.0,361.0,686.0,829.0,4,976.0
7.0,33.0,21.0,271.0,318.0,361.0,4,470.0
7.0,33.0,21.0,258.0,361.0,686.0,4,976.0
7.0,17.0,109.0,328.0,354.0,619.0,4,642.0
7.0,17.0,109.0,310.0,587.0,727.0,4,764.0
7.0,17.0,310.0,587.0,642.0,727.0,4,764.0
7.0,17.0,137.0,310.0,642.0,727.0,4,764.0
7.0,17.0,109.0,328.0,354.0,619.0,4,642.0
7.0,17.0,109.0,310.0,328.0,587.0,4,642.0
7.0,17.0,137.0,310.0,587.0,642.0,4,764.0
7.0,17.0,310.0,587.0,642.0,727.0,4,764.0
7.0,17.0,109.0,310.0,587.0,642.0,4,727.0
7.0,17.0,109.0,328.0,587.0,619.0,4,642.0
7.0,17.0,109.0,328.0,587.0,741.0,4,1037.0
7.0,17.0,354.0,460.0,502.0,764.0,4,809.0
7.0,17.0,109.0,328.0,354.0,741.0,4,1037.0
7.0,17.0,109.0,328.0,354.0,741.0,4,1037.0
7.0,17.0,109.0,328.0,587.0,741.0,4,1037.0
7.0,17.0,109.0,328.0,587.0,741.0,4,1037.0
7.0,17.0,328.0,354.0,460.0,764.0,4,809.0
7.0,17.0,354.0,460.0,502.0,764.0,4,809.0
7.0,4.0,134.0,486.0,487.0,589.0,4,715.0
7.0,4.0,134.0,486.0,487.0,589.0,4,715.0
7.0,4.0,134.0,194.0,486.0,487.0,4,715.0
7.0,4.0,134.0,486.0,487.0,589.0,4,715.0
7.0,4.0,134.0,194.0,486.0,487.0,4,715.0
7.0,4.0,134.0,194.0,486.0,715.0,4,936.0
7.0,4.0,134.0,259.0,486.0,487.0,4,646.0
7.0,4.0,134.0,259.0,646.0,715.0,4,936.0
7.0,4.0,589.0,646.0,715.0,743.0,4,936.0
7.0,4.0,589.0,646.0,715.0,743.0,4,936.0
7.0,4.0,589.0,646.0,715.0,743.0,4,936.0
7.0,4.0,134.0,259.0,486.0,487.0,4,646.0
7.0,4.0,134.0,259.0,486.0,487.0,4,646.0
7.0,4.0,134.0,259.0,486.0,646.0,4,936.0
7.0,4.0,134.0,589.0,646.0,715.0,4,936.0
7.0,4.0,589.0,646.0,715.0,743.0,4,936.0
7.0,4.0,486.0,589.0,715.0,743.0,4,936.0
7.0,4.0,327.0,589.0,715.0,936.0,4,964.0
7.0,33.0,258.0,361.0,686.0,829.0,4,976.0
7.0,33.0,21.0,258.0,361.0,504.0,4,861.0
7.0,33.0,258.0,361.0,470.0,686.0,4,976.0
7.0,33.0,361.0,470.0,686.0,829.0,4,976.0
7.0,33.0,361.0,686.0,829.0,861.0,4,976.0
7.0,33.0,361.0,504.0,686.0,829.0,4,861.0
7.0,33.0,361.0,504.0,686.0,829.0,4,861.0
7.0,33.0,361.0,504.0,686.0,829.0,4,861.0
7.0,33.0,258.0,361.0,686.0,829.0,4,976.0
7.0,33.0,361.0,470.0,686.0,829.0,4,976.0
