season,team,player_0,player_1,player_2,player_3,missing_position,target_player
0.0,14.0,609.0,644.0,695.0,855.0,4,907.0
0.0,14.0,609.0,644.0,695.0,855.0,4,907.0
0.0,14.0,116.0,695.0,877.0,907.0,4,1007.0
0.0,14.0,116.0,518.0,609.0,877.0,4,1007.0
0.0,14.0,116.0,518.0,609.0,877.0,4,1007.0
0.0,14.0,116.0,609.0,877.0,907.0,4,1007.0
0.0,14.0,48.0,609.0,695.0,877.0,4,907.0
0.0,14.0,48.0,609.0,644.0,695.0,4,907.0
0.0,14.0,48.0,609.0,644.0,695.0,4,907.0
0.0,14.0,48.0,609.0,644.0,695.0,4,907.0
0.0,14.0,48.0,609.0,644.0,695.0,4,907.0
0.0,14.0,518.0,609.0,644.0,695.0,4,1007.0
0.0,14.0,116.0,518.0,609.0,877.0,4,1007.0
0.0,27.0,33.0,624.0,807.0,902.0,4,924.0
0.0,27.0,33.0,624.0,807.0,902.0,4,924.0
0.0,27.0,33.0,624.0,664.0,902.0,4,924.0
0.0,27.0,33.0,100.0,427.0,624.0,4,664.0
0.0,27.0,100.0,427.0,624.0,664.0,4,902.0
0.0,27.0,33.0,624.0,807.0,902.0,4,924.0
0.0,27.0,598.0,624.0,807.0,902.0,4,924.0
0.0,27.0,33.0,100.0,427.0,624.0,4,664.0
0.0,27.0,598.0,624.0,807.0,902.0,4,924.0
0.0,27.0,33.0,100.0,427.0,624.0,4,664.0
0.0,27.0,100.0,427.0,598.0,624.0,4,664.0
0.0,27.0,100.0,427.0,598.0,624.0,4,664.0
0.0,27.0,598.0,624.0,807.0,902.0,4,924.0
0.0,27.0,598.0,624.0,807.0,902.0,4,924.0
0.0,27.0,33.0,427.0,624.0,664.0,4,902.0
0.0,27.0,598.0,624.0,807.0,902.0,4,924.0
0.0,13.0,192.0,315.0,871.0,900.0,4,956.0
0.0,13.0,182.0,192.0,315.0,900.0,4,956.0
0.0,13.0,161.0,182.0,192.0,900.0,4,956.0
0.0,13.0,161.0,182.0,212.0,315.0,4,871.0
0.0,13.0,161.0,182.0,315.0,803.0,4,871.0
0.0,13.0,182.0,315.0,803.0,900.0,4,956.0
0.0,13.0,182.0,192.0,315.0,900.0,4,956.0
0.0,13.0,161.0,182.0,192.0,900.0,4,956.0
0.0,13.0,161.0,182.0,192.0,900.0,4,956.0
0.0,30.0,113.0,705.0,839.0,953.0,4,963.0
0.0,30.0,86.0,113.0,335.0,953.0,4,963.0
0.0,30.0,113.0,335.0,657.0,953.0,4,963.0
0.0,30.0,113.0,335.0,657.0,953.0,4,963.0
0.0,30.0,121.0,335.0,657.0,953.0,4,963.0
0.0,30.0,113.0,121.0,839.0,953.0,4,963.0
0.0,30.0,113.0,121.0,335.0,953.0,4,963.0
0.0,30.0,113.0,335.0,657.0,953.0,4,963.0
0.0,27.0,33.0,100.0,624.0,902.0,4,924.0
0.0,27.0,100.0,414.0,624.0,664.0,4,902.0
0.0,27.0,33.0,100.0,414.0,624.0,4,902.0
0.0,27.0,33.0,100.0,414.0,624.0,4,902.0
0.0,27.0,33.0,414.0,624.0,902.0,4,924.0
0.0,27.0,33.0,100.0,624.0,902.0,4,924.0
0.0,27.0,33.0,100.0,624.0,902.0,4,924.0
0.0,27.0,100.0,414.0,427.0,624.0,4,924.0
0.0,27.0,33.0,414.0,427.0,624.0,4,924.0
0.0,27.0,33.0,100.0,624.0,902.0,4,924.0
0.0,27.0,100.0,414.0,427.0,902.0,4,924.0
0.0,27.0,414.0,543.0,598.0,624.0,4,902.0
0.0,27.0,543.0,598.0,624.0,902.0,4,924.0
0.0,27.0,33.0,598.0,624.0,902.0,4,924.0
0.0,27.0,33.0,598.0,624.0,902.0,4,924.0
0.0,27.0,33.0,100.0,624.0,902.0,4,924.0
0.0,27.0,33.0,100.0,624.0,902.0,4,924.0
0.0,27.0,33.0,100.0,624.0,902.0,4,924.0
0.0,27.0,33.0,100.0,624.0,902.0,4,924.0
0.0,27.0,33.0,100.0,414.0,902.0,4,924.0
0.0,27.0,33.0,100.0,414.0,624.0,4,902.0
0.0,27.0,33.0,100.0,624.0,807.0,4,902.0
0.0,27.0,33.0,598.0,624.0,807.0,4,902.0
0.0,27.0,100.0,414.0,598.0,624.0,4,664.0
0.0,27.0,33.0,624.0,664.0,807.0,4,902.0
0.0,27.0,33.0,100.0,624.0,807.0,4,902.0
0.0,27.0,33.0,100.0,624.0,807.0,4,902.0
0.0,27.0,33.0,598.0,624.0,807.0,4,902.0
0.0,27.0,100.0,598.0,664.0,807.0,4,902.0
0.0,27.0,33.0,414.0,624.0,664.0,4,902.0
0.0,33.0,125.0,134.0,255.0,698.0,4,853.0
0.0,33.0,125.0,134.0,255.0,445.0,4,853.0
0.0,33.0,134.0,254.0,255.0,445.0,4,692.0
0.0,33.0,254.0,255.0,692.0,698.0,4,789.0
0.0,33.0,254.0,255.0,692.0,698.0,4,789.0
0.0,33.0,134.0,255.0,692.0,698.0,4,789.0
0.0,33.0,134.0,255.0,692.0,698.0,4,789.0
0.0,33.0,125.0,134.0,255.0,698.0,4,853.0
0.0,33.0,125.0,255.0,698.0,848.0,4,853.0
0.0,33.0,134.0,254.0,255.0,692.0,4,698.0
0.0,33.0,134.0,254.0,255.0,692.0,4,698.0
0.0,33.0,134.0,255.0,692.0,698.0,4,789.0
0.0,10.0,52.0,453.0,711.0,715.0,4,731.0
0.0,10.0,453.0,688.0,715.0,731.0,4,983.0
0.0,10.0,453.0,711.0,715.0,731.0,4,983.0
0.0,10.0,52.0,453.0,711.0,715.0,4,731.0
0.0,10.0,52.0,688.0,711.0,715.0,4,731.0
0.0,10.0,63.0,453.0,711.0,731.0,4,983.0
0.0,10.0,52.0,63.0,711.0,715.0,4,731.0
0.0,10.0,52.0,688.0,711.0,715.0,4,731.0
0.0,27.0,33.0,100.0,807.0,902.0,4,924.0
0.0,27.0,33.0,100.0,624.0,807.0,4,924.0
0.0,27.0,100.0,598.0,624.0,807.0,4,924.0
0.0,27.0,100.0,598.0,624.0,807.0,4,924.0
0.0,27.0,414.0,598.0,624.0,664.0,4,902.0
0.0,27.0,33.0,100.0,807.0,902.0,4,924.0
0.0,27.0,33.0,100.0,807.0,902.0,4,924.0
0.0,27.0,427.0,598.0,807.0,902.0,4,924.0
0.0,27.0,100.0,598.0,664.0,902.0,4,924.0
0.0,27.0,100.0,598.0,807.0,902.0,4,924.0
0.0,27.0,33.0,100.0,807.0,902.0,4,924.0
0.0,27.0,33.0,598.0,807.0,902.0,4,924.0
0.0,27.0,100.0,598.0,664.0,807.0,4,902.0
0.0,27.0,33.0,100.0,807.0,902.0,4,924.0
0.0,27.0,33.0,100.0,807.0,902.0,4,924.0
0.0,27.0,33.0,598.0,807.0,902.0,4,924.0
0.0,27.0,100.0,427.0,598.0,664.0,4,924.0
0.0,28.0,389.0,444.0,685.0,971.0,4,1036.0
0.0,28.0,416.0,444.0,538.0,919.0,4,971.0
0.0,28.0,416.0,538.0,890.0,919.0,4,971.0
0.0,28.0,389.0,444.0,538.0,971.0,4,1036.0
0.0,28.0,416.0,538.0,685.0,890.0,4,971.0
0.0,28.0,416.0,538.0,685.0,890.0,4,971.0
0.0,28.0,416.0,444.0,685.0,890.0,4,971.0
0.0,28.0,416.0,444.0,685.0,890.0,4,971.0
0.0,27.0,33.0,100.0,807.0,902.0,4,924.0
0.0,27.0,33.0,598.0,807.0,902.0,4,924.0
0.0,27.0,33.0,414.0,624.0,902.0,4,924.0
0.0,27.0,33.0,414.0,807.0,902.0,4,924.0
0.0,27.0,598.0,624.0,807.0,902.0,4,924.0
0.0,27.0,100.0,598.0,624.0,807.0,4,902.0
0.0,27.0,33.0,598.0,624.0,902.0,4,924.0
0.0,27.0,33.0,598.0,624.0,902.0,4,924.0
0.0,27.0,33.0,598.0,624.0,807.0,4,924.0
0.0,27.0,33.0,414.0,807.0,902.0,4,924.0
0.0,27.0,33.0,100.0,807.0,902.0,4,924.0
0.0,27.0,33.0,100.0,807.0,902.0,4,924.0
0.0,27.0,100.0,624.0,807.0,902.0,4,924.0
0.0,27.0,33.0,427.0,624.0,807.0,4,902.0
0.0,27.0,33.0,100.0,807.0,902.0,4,924.0
0.0,27.0,100.0,598.0,807.0,902.0,4,924.0
0.0,27.0,100.0,598.0,624.0,902.0,4,924.0
0.0,27.0,427.0,598.0,624.0,807.0,4,902.0
0.0,27.0,33.0,427.0,598.0,624.0,4,807.0
0.0,27.0,33.0,100.0,624.0,807.0,4,924.0
0.0,27.0,33.0,100.0,624.0,807.0,4,924.0
0.0,27.0,100.0,598.0,624.0,902.0,4,924.0
0.0,27.0,427.0,598.0,624.0,902.0,4,924.0
0.0,27.0,427.0,598.0,624.0,902.0,4,924.0
0.0,27.0,427.0,598.0,624.0,807.0,4,902.0
0.0,27.0,427.0,598.0,624.0,807.0,4,902.0
0.0,27.0,33.0,427.0,598.0,624.0,4,807.0
0.0,27.0,33.0,100.0,427.0,624.0,4,807.0
0.0,27.0,33.0,100.0,414.0,624.0,4,924.0
0.0,27.0,414.0,543.0,664.0,779.0,4,807.0
0.0,1.0,118.0,625.0,790.0,886.0,4,960.0
0.0,1.0,14.0,250.0,351.0,790.0,4,808.0
0.0,1.0,14.0,250.0,351.0,790.0,4,808.0
0.0,1.0,14.0,790.0,866.0,886.0,4,960.0
0.0,1.0,14.0,790.0,866.0,886.0,4,960.0
0.0,1.0,118.0,790.0,866.0,886.0,4,960.0
0.0,1.0,14.0,790.0,866.0,886.0,4,960.0
0.0,1.0,14.0,790.0,866.0,886.0,4,960.0
0.0,1.0,118.0,790.0,866.0,886.0,4,960.0
0.0,25.0,294.0,363.0,421.0,586.0,4,961.0
0.0,25.0,133.0,226.0,363.0,586.0,4,974.0
0.0,25.0,226.0,363.0,421.0,586.0,4,961.0
0.0,25.0,226.0,363.0,421.0,586.0,4,961.0
0.0,25.0,226.0,363.0,421.0,961.0,4,974.0
0.0,25.0,92.0,133.0,226.0,586.0,4,974.0
0.0,25.0,92.0,133.0,294.0,969.0,4,974.0
0.0,16.0,65.0,431.0,450.0,457.0,4,996.0
0.0,16.0,31.0,285.0,431.0,457.0,4,838.0
0.0,16.0,165.0,431.0,450.0,704.0,4,838.0
0.0,16.0,165.0,431.0,450.0,704.0,4,838.0
0.0,16.0,165.0,431.0,450.0,704.0,4,838.0
0.0,16.0,165.0,431.0,450.0,704.0,4,838.0
0.0,27.0,33.0,100.0,807.0,902.0,4,924.0
0.0,27.0,100.0,598.0,624.0,902.0,4,924.0
0.0,27.0,100.0,427.0,598.0,624.0,4,902.0
0.0,27.0,100.0,427.0,598.0,624.0,4,902.0
0.0,27.0,33.0,100.0,807.0,902.0,4,924.0
0.0,27.0,100.0,427.0,624.0,902.0,4,924.0
0.0,27.0,33.0,100.0,427.0,624.0,4,807.0
0.0,27.0,33.0,100.0,624.0,902.0,4,924.0
0.0,27.0,33.0,100.0,624.0,902.0,4,924.0
0.0,29.0,103.0,505.0,580.0,700.0,4,713.0
0.0,29.0,505.0,572.0,580.0,700.0,4,854.0
0.0,29.0,505.0,572.0,580.0,700.0,4,854.0
0.0,29.0,505.0,572.0,700.0,713.0,4,899.0
0.0,27.0,33.0,100.0,807.0,902.0,4,924.0
0.0,27.0,33.0,598.0,624.0,902.0,4,924.0
0.0,27.0,33.0,598.0,807.0,902.0,4,924.0
0.0,27.0,33.0,100.0,807.0,902.0,4,924.0
0.0,27.0,33.0,100.0,807.0,902.0,4,924.0
0.0,27.0,33.0,100.0,807.0,902.0,4,924.0
0.0,27.0,33.0,100.0,807.0,902.0,4,924.0
0.0,27.0,33.0,100.0,807.0,902.0,4,924.0
0.0,27.0,100.0,427.0,598.0,624.0,4,807.0
0.0,27.0,100.0,427.0,598.0,624.0,4,664.0
0.0,27.0,100.0,427.0,598.0,624.0,4,664.0
0.0,27.0,414.0,427.0,624.0,664.0,4,779.0
0.0,27.0,33.0,100.0,807.0,902.0,4,924.0
0.0,27.0,100.0,543.0,598.0,624.0,4,807.0
0.0,27.0,100.0,543.0,598.0,624.0,4,807.0
0.0,27.0,100.0,598.0,807.0,902.0,4,924.0
0.0,27.0,100.0,624.0,807.0,902.0,4,924.0
0.0,27.0,100.0,624.0,807.0,902.0,4,924.0
0.0,27.0,100.0,543.0,624.0,902.0,4,924.0
0.0,27.0,33.0,100.0,624.0,902.0,4,924.0
0.0,27.0,33.0,100.0,807.0,902.0,4,924.0
0.0,27.0,33.0,598.0,624.0,902.0,4,924.0
0.0,27.0,100.0,543.0,598.0,624.0,4,807.0
0.0,27.0,33.0,100.0,543.0,807.0,4,924.0
0.0,27.0,33.0,624.0,807.0,902.0,4,924.0
0.0,27.0,33.0,100.0,807.0,902.0,4,924.0
0.0,27.0,33.0,100.0,624.0,902.0,4,924.0
0.0,27.0,33.0,598.0,624.0,902.0,4,924.0
0.0,27.0,100.0,598.0,624.0,807.0,4,902.0
0.0,27.0,100.0,543.0,598.0,624.0,4,807.0
0.0,27.0,414.0,543.0,624.0,807.0,4,882.0
0.0,27.0,414.0,427.0,543.0,664.0,4,882.0
0.0,7.0,246.0,263.0,277.0,455.0,4,530.0
0.0,7.0,263.0,325.0,365.0,455.0,4,530.0
0.0,7.0,59.0,246.0,277.0,455.0,4,530.0
0.0,7.0,263.0,267.0,325.0,455.0,4,530.0
0.0,7.0,267.0,277.0,325.0,455.0,4,530.0
0.0,7.0,263.0,267.0,277.0,455.0,4,530.0
0.0,7.0,263.0,267.0,277.0,455.0,4,530.0
0.0,7.0,263.0,267.0,277.0,455.0,4,530.0
0.0,27.0,33.0,100.0,807.0,902.0,4,924.0
0.0,27.0,100.0,598.0,807.0,902.0,4,924.0
0.0,27.0,100.0,598.0,624.0,902.0,4,924.0
0.0,27.0,100.0,598.0,624.0,807.0,4,902.0
0.0,27.0,100.0,598.0,624.0,807.0,4,902.0
0.0,27.0,33.0,543.0,807.0,902.0,4,924.0
0.0,27.0,33.0,543.0,807.0,902.0,4,924.0
0.0,27.0,33.0,100.0,624.0,902.0,4,924.0
0.0,27.0,100.0,598.0,624.0,807.0,4,902.0
0.0,27.0,33.0,598.0,624.0,807.0,4,924.0
0.0,27.0,33.0,543.0,807.0,902.0,4,924.0
0.0,27.0,33.0,543.0,624.0,807.0,4,902.0
0.0,9.0,68.0,815.0,828.0,851.0,4,941.0
0.0,9.0,68.0,452.0,828.0,941.0,4,1018.0
0.0,9.0,743.0,815.0,828.0,851.0,4,941.0
0.0,9.0,68.0,452.0,828.0,851.0,4,941.0
0.0,9.0,135.0,452.0,815.0,828.0,4,1018.0
0.0,9.0,135.0,815.0,828.0,851.0,4,941.0
0.0,9.0,135.0,815.0,828.0,851.0,4,941.0
0.0,9.0,135.0,815.0,828.0,851.0,4,941.0
0.0,4.0,46.0,85.0,158.0,646.0,4,947.0
0.0,4.0,46.0,81.0,85.0,158.0,4,646.0
0.0,4.0,46.0,81.0,85.0,158.0,4,646.0
0.0,4.0,46.0,81.0,85.0,646.0,4,947.0
0.0,4.0,46.0,81.0,775.0,947.0,4,992.0
0.0,4.0,46.0,81.0,775.0,947.0,4,992.0
0.0,4.0,46.0,81.0,85.0,158.0,4,646.0
0.0,4.0,11.0,81.0,85.0,158.0,4,646.0
0.0,32.0,61.0,155.0,524.0,734.0,4,816.0
0.0,32.0,44.0,61.0,155.0,524.0,4,734.0
0.0,32.0,44.0,340.0,524.0,734.0,4,816.0
0.0,32.0,44.0,155.0,231.0,340.0,4,734.0
0.0,32.0,44.0,155.0,231.0,340.0,4,734.0
0.0,32.0,61.0,155.0,499.0,524.0,4,816.0
0.0,32.0,44.0,61.0,155.0,524.0,4,816.0
0.0,32.0,44.0,61.0,155.0,231.0,4,734.0
0.0,32.0,44.0,61.0,231.0,734.0,4,816.0
0.0,32.0,44.0,61.0,155.0,231.0,4,734.0
0.0,32.0,44.0,61.0,155.0,231.0,4,734.0
0.0,32.0,44.0,61.0,155.0,231.0,4,734.0
0.0,27.0,33.0,100.0,624.0,902.0,4,924.0
0.0,27.0,33.0,100.0,624.0,902.0,4,924.0
0.0,27.0,33.0,598.0,624.0,664.0,4,902.0
0.0,27.0,100.0,598.0,624.0,664.0,4,902.0
0.0,27.0,100.0,427.0,598.0,624.0,4,664.0
0.0,27.0,100.0,427.0,598.0,624.0,4,664.0
0.0,27.0,33.0,100.0,427.0,624.0,4,924.0
0.0,27.0,33.0,100.0,624.0,902.0,4,924.0
0.0,27.0,33.0,100.0,624.0,902.0,4,924.0
0.0,27.0,33.0,100.0,427.0,624.0,4,664.0
0.0,27.0,414.0,427.0,543.0,664.0,4,779.0
0.0,27.0,33.0,100.0,624.0,902.0,4,924.0
0.0,27.0,427.0,598.0,624.0,902.0,4,924.0
0.0,27.0,100.0,427.0,598.0,624.0,4,807.0
0.0,27.0,33.0,624.0,807.0,902.0,4,924.0
0.0,27.0,33.0,624.0,807.0,902.0,4,924.0
0.0,27.0,100.0,427.0,807.0,902.0,4,924.0
0.0,27.0,100.0,427.0,807.0,902.0,4,924.0
0.0,27.0,33.0,624.0,807.0,902.0,4,924.0
0.0,27.0,33.0,624.0,807.0,902.0,4,924.0
0.0,27.0,33.0,624.0,807.0,902.0,4,924.0
0.0,27.0,100.0,427.0,624.0,902.0,4,924.0
0.0,27.0,100.0,427.0,624.0,807.0,4,902.0
0.0,27.0,100.0,427.0,624.0,807.0,4,902.0
0.0,27.0,100.0,427.0,624.0,807.0,4,902.0
0.0,27.0,414.0,427.0,624.0,664.0,4,779.0
0.0,27.0,100.0,427.0,598.0,624.0,4,924.0
0.0,27.0,100.0,427.0,598.0,624.0,4,807.0
0.0,27.0,33.0,624.0,807.0,902.0,4,924.0
0.0,27.0,33.0,100.0,624.0,902.0,4,924.0
0.0,27.0,33.0,100.0,807.0,902.0,4,924.0
0.0,27.0,100.0,427.0,598.0,624.0,4,902.0
0.0,27.0,100.0,427.0,598.0,624.0,4,902.0
0.0,27.0,33.0,624.0,807.0,902.0,4,924.0
0.0,27.0,33.0,598.0,624.0,902.0,4,924.0
0.0,27.0,427.0,598.0,624.0,807.0,4,902.0
0.0,27.0,100.0,427.0,598.0,624.0,4,807.0
0.0,27.0,100.0,427.0,598.0,624.0,4,924.0
0.0,27.0,33.0,100.0,807.0,902.0,4,924.0
0.0,27.0,33.0,100.0,807.0,902.0,4,924.0
0.0,27.0,33.0,100.0,807.0,902.0,4,924.0
0.0,27.0,33.0,100.0,807.0,902.0,4,924.0
0.0,27.0,33.0,598.0,624.0,902.0,4,924.0
0.0,27.0,427.0,598.0,624.0,807.0,4,902.0
0.0,27.0,414.0,543.0,624.0,664.0,4,779.0
0.0,27.0,33.0,100.0,807.0,902.0,4,924.0
0.0,27.0,427.0,598.0,624.0,902.0,4,924.0
0.0,27.0,33.0,100.0,427.0,624.0,4,807.0
0.0,27.0,33.0,100.0,807.0,902.0,4,924.0
0.0,27.0,33.0,100.0,807.0,902.0,4,924.0
0.0,27.0,100.0,598.0,807.0,902.0,4,924.0
0.0,27.0,100.0,427.0,598.0,624.0,4,924.0
0.0,27.0,100.0,427.0,624.0,807.0,4,902.0
0.0,27.0,100.0,427.0,624.0,807.0,4,902.0
0.0,27.0,33.0,100.0,427.0,624.0,4,807.0
0.0,15.0,24.0,209.0,306.0,719.0,4,786.0
0.0,15.0,174.0,201.0,373.0,719.0,4,786.0
0.0,15.0,24.0,174.0,719.0,786.0,4,860.0
0.0,15.0,209.0,306.0,373.0,719.0,4,786.0
0.0,15.0,201.0,209.0,621.0,719.0,4,786.0
0.0,15.0,201.0,209.0,373.0,786.0,4,860.0
0.0,15.0,24.0,174.0,209.0,719.0,4,786.0
0.0,15.0,24.0,174.0,209.0,719.0,4,786.0
0.0,11.0,274.0,553.0,647.0,806.0,4,895.0
0.0,11.0,99.0,274.0,647.0,806.0,4,895.0
0.0,11.0,173.0,553.0,647.0,806.0,4,895.0
0.0,11.0,274.0,553.0,647.0,806.0,4,895.0
0.0,11.0,99.0,173.0,504.0,806.0,4,895.0
0.0,11.0,99.0,173.0,504.0,806.0,4,895.0
0.0,11.0,99.0,173.0,504.0,647.0,4,895.0
0.0,27.0,100.0,427.0,543.0,624.0,4,807.0
0.0,27.0,100.0,427.0,543.0,624.0,4,807.0
0.0,27.0,100.0,427.0,543.0,807.0,4,924.0
0.0,27.0,33.0,100.0,807.0,902.0,4,924.0
0.0,27.0,33.0,100.0,807.0,902.0,4,924.0
0.0,27.0,33.0,427.0,624.0,902.0,4,924.0
0.0,27.0,100.0,427.0,624.0,807.0,4,902.0
0.0,27.0,33.0,100.0,807.0,902.0,4,924.0
0.0,27.0,33.0,427.0,624.0,902.0,4,924.0
0.0,27.0,33.0,427.0,624.0,902.0,4,924.0
0.0,27.0,100.0,427.0,543.0,624.0,4,807.0
0.0,27.0,100.0,427.0,807.0,902.0,4,924.0
0.0,27.0,33.0,624.0,807.0,902.0,4,924.0
0.0,27.0,33.0,624.0,807.0,902.0,4,924.0
0.0,27.0,33.0,624.0,807.0,902.0,4,924.0
0.0,27.0,33.0,100.0,807.0,902.0,4,924.0
0.0,27.0,33.0,100.0,807.0,902.0,4,924.0
0.0,27.0,33.0,100.0,807.0,902.0,4,924.0
0.0,27.0,33.0,427.0,624.0,664.0,4,902.0
0.0,27.0,100.0,414.0,624.0,664.0,4,779.0
0.0,27.0,414.0,543.0,664.0,779.0,4,882.0
0.0,34.0,55.0,67.0,330.0,446.0,4,847.0
0.0,34.0,67.0,137.0,330.0,355.0,4,446.0
0.0,34.0,55.0,112.0,137.0,247.0,4,355.0
0.0,34.0,55.0,112.0,137.0,247.0,4,355.0
0.0,34.0,55.0,112.0,137.0,247.0,4,355.0
0.0,34.0,67.0,112.0,137.0,282.0,4,355.0
0.0,34.0,55.0,67.0,137.0,282.0,4,355.0
0.0,23.0,146.0,307.0,418.0,740.0,4,798.0
0.0,23.0,234.0,307.0,418.0,740.0,4,798.0
0.0,23.0,234.0,307.0,418.0,740.0,4,827.0
0.0,23.0,234.0,307.0,418.0,740.0,4,827.0
0.0,23.0,234.0,307.0,418.0,740.0,4,827.0
0.0,23.0,234.0,307.0,418.0,740.0,4,827.0
0.0,23.0,234.0,418.0,440.0,740.0,4,827.0
0.0,23.0,146.0,307.0,418.0,740.0,4,798.0
0.0,23.0,234.0,307.0,418.0,740.0,4,827.0
0.0,23.0,146.0,307.0,418.0,673.0,4,798.0
0.0,23.0,234.0,418.0,655.0,673.0,4,740.0
0.0,23.0,234.0,418.0,655.0,673.0,4,740.0
0.0,17.0,47.0,148.0,149.0,299.0,4,858.0
0.0,17.0,47.0,148.0,149.0,328.0,4,648.0
0.0,17.0,47.0,148.0,299.0,328.0,4,858.0
0.0,17.0,47.0,148.0,149.0,299.0,4,858.0
0.0,17.0,47.0,148.0,149.0,299.0,4,328.0
0.0,17.0,47.0,148.0,299.0,328.0,4,858.0
0.0,6.0,208.0,284.0,290.0,616.0,4,623.0
0.0,6.0,208.0,213.0,284.0,290.0,4,623.0
0.0,6.0,35.0,208.0,236.0,284.0,4,623.0
0.0,6.0,35.0,236.0,290.0,616.0,4,623.0
0.0,6.0,208.0,284.0,290.0,616.0,4,623.0
0.0,6.0,208.0,284.0,290.0,616.0,4,623.0
0.0,18.0,577.0,678.0,811.0,832.0,4,973.0
0.0,18.0,191.0,678.0,681.0,811.0,4,973.0
0.0,18.0,191.0,678.0,681.0,811.0,4,973.0
0.0,18.0,191.0,678.0,681.0,718.0,4,832.0
0.0,18.0,577.0,677.0,718.0,832.0,4,973.0
0.0,18.0,577.0,678.0,681.0,811.0,4,973.0
0.0,18.0,577.0,678.0,681.0,811.0,4,973.0
0.0,18.0,577.0,678.0,681.0,811.0,4,832.0
0.0,18.0,577.0,678.0,681.0,811.0,4,832.0
0.0,18.0,577.0,678.0,811.0,832.0,4,973.0
0.0,27.0,33.0,427.0,624.0,902.0,4,924.0
0.0,27.0,33.0,427.0,624.0,902.0,4,924.0
0.0,27.0,33.0,427.0,624.0,807.0,4,902.0
0.0,27.0,100.0,427.0,624.0,807.0,4,902.0
0.0,27.0,33.0,100.0,427.0,624.0,4,924.0
0.0,27.0,33.0,100.0,624.0,902.0,4,924.0
0.0,27.0,33.0,100.0,624.0,902.0,4,924.0
0.0,27.0,33.0,100.0,624.0,902.0,4,924.0
0.0,27.0,33.0,427.0,664.0,902.0,4,924.0
0.0,27.0,33.0,100.0,427.0,624.0,4,924.0
0.0,27.0,33.0,100.0,624.0,902.0,4,924.0
0.0,27.0,33.0,100.0,624.0,902.0,4,924.0
0.0,27.0,33.0,427.0,664.0,902.0,4,924.0
0.0,27.0,33.0,100.0,427.0,902.0,4,924.0
0.0,27.0,33.0,100.0,427.0,624.0,4,664.0
0.0,27.0,33.0,100.0,427.0,624.0,4,664.0
0.0,27.0,33.0,427.0,664.0,902.0,4,924.0
0.0,27.0,33.0,427.0,624.0,902.0,4,924.0
0.0,8.0,136.0,308.0,747.0,922.0,4,1030.0
0.0,8.0,136.0,253.0,400.0,627.0,4,824.0
0.0,8.0,136.0,253.0,400.0,627.0,4,824.0
0.0,8.0,136.0,253.0,308.0,627.0,4,922.0
0.0,8.0,136.0,308.0,627.0,747.0,4,922.0
0.0,8.0,136.0,308.0,400.0,747.0,4,922.0
0.0,8.0,136.0,308.0,400.0,824.0,4,922.0
0.0,8.0,136.0,253.0,308.0,400.0,4,824.0
0.0,8.0,253.0,400.0,627.0,824.0,4,922.0
0.0,8.0,400.0,627.0,747.0,824.0,4,922.0
0.0,8.0,136.0,400.0,627.0,747.0,4,922.0
0.0,8.0,136.0,308.0,400.0,747.0,4,922.0
0.0,28.0,110.0,389.0,444.0,608.0,4,1036.0
0.0,28.0,416.0,444.0,538.0,685.0,4,971.0
0.0,28.0,110.0,389.0,685.0,971.0,4,1036.0
0.0,28.0,110.0,416.0,444.0,685.0,4,971.0
0.0,28.0,110.0,444.0,685.0,971.0,4,1036.0
0.0,27.0,33.0,100.0,624.0,807.0,4,902.0
0.0,27.0,100.0,427.0,624.0,664.0,4,902.0
0.0,27.0,427.0,624.0,664.0,779.0,4,807.0
0.0,27.0,33.0,427.0,624.0,779.0,4,807.0
0.0,27.0,33.0,427.0,624.0,807.0,4,902.0
0.0,27.0,33.0,100.0,624.0,807.0,4,902.0
0.0,27.0,33.0,624.0,664.0,807.0,4,902.0
0.0,27.0,33.0,624.0,664.0,807.0,4,902.0
0.0,27.0,33.0,414.0,427.0,664.0,4,902.0
0.0,27.0,33.0,624.0,664.0,779.0,4,807.0
0.0,27.0,624.0,664.0,779.0,807.0,4,902.0
0.0,27.0,33.0,427.0,624.0,807.0,4,902.0
0.0,27.0,33.0,427.0,624.0,807.0,4,902.0
0.0,27.0,33.0,427.0,624.0,807.0,4,902.0
0.0,27.0,33.0,427.0,624.0,807.0,4,902.0
0.0,27.0,33.0,427.0,624.0,807.0,4,902.0
0.0,27.0,33.0,427.0,664.0,807.0,4,902.0
0.0,13.0,182.0,315.0,871.0,900.0,4,956.0
0.0,13.0,212.0,315.0,432.0,871.0,4,900.0
0.0,13.0,182.0,212.0,315.0,900.0,4,956.0
0.0,13.0,315.0,432.0,803.0,900.0,4,956.0
0.0,13.0,5.0,182.0,212.0,432.0,4,956.0
0.0,13.0,182.0,212.0,315.0,432.0,4,1032.0
0.0,27.0,33.0,427.0,624.0,902.0,4,924.0
0.0,27.0,33.0,427.0,624.0,779.0,4,807.0
0.0,27.0,33.0,624.0,807.0,902.0,4,924.0
0.0,27.0,33.0,624.0,807.0,902.0,4,924.0
0.0,27.0,33.0,427.0,624.0,807.0,4,924.0
0.0,27.0,427.0,598.0,624.0,807.0,4,902.0
0.0,27.0,33.0,624.0,807.0,902.0,4,924.0
0.0,18.0,191.0,577.0,811.0,832.0,4,973.0
0.0,18.0,191.0,577.0,811.0,832.0,4,973.0
0.0,18.0,577.0,677.0,811.0,832.0,4,973.0
0.0,18.0,577.0,677.0,811.0,832.0,4,973.0
0.0,18.0,577.0,677.0,681.0,811.0,4,973.0
0.0,18.0,577.0,681.0,718.0,832.0,4,973.0
0.0,18.0,577.0,677.0,681.0,718.0,4,832.0
0.0,0.0,493.0,535.0,631.0,686.0,4,912.0
0.0,0.0,59.0,493.0,527.0,535.0,4,1037.0
0.0,0.0,59.0,493.0,527.0,631.0,4,686.0
0.0,0.0,59.0,493.0,527.0,631.0,4,686.0
0.0,0.0,493.0,527.0,535.0,910.0,4,912.0
0.0,0.0,493.0,535.0,631.0,912.0,4,1037.0
0.0,0.0,493.0,527.0,535.0,912.0,4,1037.0
0.0,0.0,59.0,493.0,527.0,535.0,4,910.0
0.0,12.0,216.0,228.0,477.0,715.0,4,983.0
0.0,12.0,216.0,387.0,462.0,563.0,4,682.0
0.0,12.0,228.0,462.0,477.0,682.0,4,819.0
0.0,12.0,216.0,228.0,477.0,682.0,4,715.0
0.0,12.0,216.0,228.0,477.0,715.0,4,983.0
0.0,12.0,216.0,228.0,477.0,715.0,4,983.0
0.0,12.0,216.0,228.0,462.0,477.0,4,682.0
0.0,26.0,40.0,41.0,874.0,928.0,4,1024.0
0.0,26.0,40.0,601.0,634.0,874.0,4,1024.0
0.0,26.0,40.0,582.0,601.0,634.0,4,928.0
0.0,26.0,41.0,494.0,601.0,928.0,4,1024.0
0.0,26.0,40.0,582.0,601.0,874.0,4,1024.0
0.0,26.0,40.0,41.0,494.0,601.0,4,874.0
0.0,27.0,33.0,427.0,598.0,807.0,4,924.0
0.0,27.0,33.0,624.0,779.0,807.0,4,924.0
0.0,27.0,33.0,322.0,624.0,779.0,4,807.0
0.0,27.0,322.0,427.0,598.0,624.0,4,924.0
0.0,27.0,322.0,427.0,598.0,624.0,4,924.0
0.0,27.0,33.0,427.0,598.0,624.0,4,924.0
0.0,27.0,33.0,427.0,598.0,807.0,4,924.0
0.0,27.0,33.0,427.0,624.0,779.0,4,924.0
0.0,27.0,33.0,322.0,624.0,779.0,4,807.0
0.0,27.0,322.0,598.0,624.0,779.0,4,924.0
0.0,27.0,427.0,598.0,624.0,779.0,4,924.0
0.0,27.0,322.0,427.0,598.0,624.0,4,779.0
0.0,27.0,33.0,624.0,807.0,902.0,4,924.0
0.0,27.0,33.0,427.0,624.0,807.0,4,902.0
0.0,27.0,33.0,427.0,624.0,807.0,4,902.0
0.0,27.0,322.0,427.0,598.0,624.0,4,924.0
0.0,27.0,33.0,598.0,807.0,902.0,4,924.0
0.0,27.0,33.0,624.0,807.0,902.0,4,924.0
0.0,27.0,33.0,624.0,807.0,902.0,4,924.0
0.0,27.0,33.0,427.0,807.0,902.0,4,924.0
0.0,27.0,33.0,624.0,807.0,902.0,4,924.0
0.0,27.0,33.0,598.0,624.0,807.0,4,924.0
0.0,27.0,33.0,100.0,807.0,902.0,4,924.0
0.0,27.0,33.0,100.0,807.0,902.0,4,924.0
0.0,27.0,33.0,100.0,624.0,902.0,4,924.0
0.0,27.0,33.0,427.0,624.0,902.0,4,924.0
0.0,27.0,322.0,427.0,598.0,624.0,4,902.0
0.0,27.0,100.0,624.0,807.0,902.0,4,924.0
0.0,27.0,598.0,624.0,807.0,902.0,4,924.0
0.0,27.0,427.0,598.0,624.0,807.0,4,902.0
0.0,27.0,427.0,598.0,624.0,807.0,4,902.0
0.0,27.0,100.0,427.0,624.0,807.0,4,924.0
0.0,27.0,427.0,624.0,807.0,902.0,4,924.0
0.0,27.0,33.0,100.0,807.0,902.0,4,924.0
0.0,27.0,33.0,427.0,624.0,902.0,4,924.0
0.0,27.0,322.0,427.0,598.0,624.0,4,902.0
0.0,27.0,100.0,322.0,427.0,598.0,4,624.0
0.0,27.0,33.0,100.0,624.0,807.0,4,924.0
0.0,27.0,33.0,427.0,624.0,902.0,4,924.0
0.0,27.0,33.0,100.0,427.0,624.0,4,807.0
0.0,27.0,33.0,100.0,624.0,807.0,4,924.0
0.0,27.0,33.0,100.0,807.0,902.0,4,924.0
0.0,27.0,33.0,100.0,624.0,902.0,4,924.0
0.0,27.0,33.0,598.0,624.0,902.0,4,924.0
0.0,27.0,33.0,322.0,427.0,598.0,4,624.0
0.0,27.0,33.0,322.0,427.0,598.0,4,624.0
0.0,27.0,33.0,100.0,807.0,902.0,4,924.0
0.0,27.0,100.0,598.0,624.0,807.0,4,902.0
0.0,27.0,100.0,427.0,598.0,624.0,4,807.0
0.0,27.0,100.0,427.0,598.0,624.0,4,807.0
0.0,27.0,33.0,100.0,624.0,902.0,4,924.0
0.0,27.0,100.0,427.0,624.0,902.0,4,924.0
0.0,7.0,75.0,267.0,277.0,483.0,4,530.0
0.0,7.0,75.0,277.0,455.0,483.0,4,530.0
0.0,7.0,277.0,325.0,365.0,455.0,4,530.0
0.0,7.0,277.0,325.0,365.0,455.0,4,530.0
0.0,7.0,246.0,277.0,396.0,483.0,4,530.0
0.0,27.0,33.0,598.0,624.0,902.0,4,924.0
0.0,27.0,33.0,427.0,598.0,624.0,4,807.0
0.0,27.0,33.0,100.0,807.0,902.0,4,924.0
0.0,27.0,100.0,322.0,427.0,624.0,4,779.0
0.0,8.0,29.0,136.0,665.0,747.0,4,922.0
0.0,8.0,29.0,136.0,308.0,665.0,4,922.0
0.0,8.0,29.0,136.0,308.0,400.0,4,665.0
0.0,8.0,29.0,136.0,308.0,400.0,4,665.0
0.0,8.0,29.0,308.0,400.0,627.0,4,922.0
0.0,8.0,29.0,400.0,627.0,747.0,4,922.0
0.0,8.0,29.0,400.0,627.0,747.0,4,922.0
0.0,8.0,29.0,136.0,627.0,665.0,4,922.0
0.0,8.0,29.0,136.0,308.0,665.0,4,922.0
0.0,8.0,29.0,136.0,665.0,747.0,4,922.0
0.0,8.0,29.0,136.0,308.0,400.0,4,665.0
0.0,8.0,29.0,400.0,627.0,824.0,4,922.0
0.0,27.0,33.0,624.0,807.0,902.0,4,924.0
0.0,27.0,33.0,100.0,807.0,902.0,4,924.0
0.0,27.0,100.0,427.0,598.0,624.0,4,807.0
0.0,27.0,100.0,427.0,598.0,624.0,4,807.0
0.0,27.0,100.0,414.0,598.0,624.0,4,924.0
0.0,27.0,33.0,414.0,624.0,902.0,4,924.0
0.0,27.0,33.0,624.0,807.0,902.0,4,924.0
0.0,27.0,100.0,598.0,807.0,902.0,4,924.0
0.0,27.0,100.0,598.0,807.0,902.0,4,924.0
0.0,27.0,100.0,598.0,624.0,807.0,4,902.0
0.0,27.0,100.0,427.0,598.0,624.0,4,807.0
0.0,27.0,100.0,414.0,598.0,807.0,4,924.0
0.0,27.0,100.0,414.0,624.0,779.0,4,807.0
0.0,27.0,33.0,624.0,807.0,902.0,4,924.0
0.0,27.0,33.0,100.0,427.0,807.0,4,924.0
0.0,27.0,33.0,100.0,414.0,902.0,4,924.0
0.0,27.0,33.0,624.0,807.0,902.0,4,924.0
0.0,27.0,33.0,624.0,807.0,902.0,4,924.0
0.0,27.0,33.0,100.0,807.0,902.0,4,924.0
0.0,27.0,33.0,100.0,624.0,807.0,4,924.0
0.0,27.0,33.0,100.0,624.0,807.0,4,924.0
0.0,27.0,427.0,598.0,624.0,807.0,4,902.0
0.0,27.0,414.0,598.0,624.0,902.0,4,924.0
0.0,27.0,33.0,100.0,414.0,624.0,4,664.0
0.0,29.0,505.0,580.0,700.0,713.0,4,899.0
0.0,29.0,505.0,580.0,700.0,713.0,4,899.0
0.0,29.0,183.0,338.0,505.0,580.0,4,854.0
0.0,29.0,183.0,338.0,505.0,700.0,4,713.0
0.0,29.0,505.0,700.0,713.0,854.0,4,899.0
0.0,29.0,183.0,338.0,700.0,713.0,4,854.0
0.0,29.0,183.0,338.0,505.0,700.0,4,854.0
0.0,29.0,183.0,338.0,505.0,700.0,4,713.0
0.0,27.0,33.0,100.0,807.0,902.0,4,924.0
0.0,27.0,100.0,427.0,598.0,624.0,4,807.0
0.0,27.0,100.0,427.0,598.0,624.0,4,807.0
0.0,27.0,33.0,598.0,807.0,902.0,4,924.0
0.0,27.0,427.0,598.0,624.0,807.0,4,902.0
0.0,27.0,100.0,427.0,598.0,624.0,4,807.0
0.0,27.0,100.0,427.0,598.0,624.0,4,807.0
0.0,27.0,33.0,100.0,624.0,807.0,4,924.0
0.0,10.0,12.0,80.0,453.0,731.0,4,920.0
0.0,10.0,52.0,80.0,453.0,731.0,4,920.0
0.0,10.0,12.0,80.0,711.0,731.0,4,920.0
0.0,10.0,52.0,80.0,453.0,688.0,4,711.0
0.0,10.0,80.0,453.0,688.0,711.0,4,920.0
0.0,10.0,52.0,80.0,453.0,731.0,4,920.0
0.0,10.0,52.0,453.0,711.0,731.0,4,920.0
0.0,10.0,52.0,80.0,453.0,711.0,4,731.0
0.0,27.0,33.0,598.0,807.0,902.0,4,924.0
0.0,27.0,33.0,100.0,624.0,664.0,4,902.0
0.0,27.0,100.0,598.0,807.0,902.0,4,924.0
0.0,27.0,33.0,624.0,807.0,902.0,4,924.0
0.0,27.0,33.0,624.0,807.0,902.0,4,924.0
0.0,27.0,33.0,624.0,807.0,902.0,4,924.0
0.0,27.0,100.0,624.0,807.0,902.0,4,924.0
0.0,27.0,100.0,624.0,807.0,902.0,4,924.0
0.0,27.0,100.0,427.0,807.0,902.0,4,924.0
0.0,27.0,100.0,427.0,598.0,624.0,4,807.0
0.0,27.0,100.0,427.0,598.0,624.0,4,902.0
0.0,27.0,33.0,427.0,807.0,902.0,4,924.0
0.0,27.0,33.0,624.0,807.0,902.0,4,924.0
0.0,27.0,33.0,100.0,427.0,807.0,4,924.0
0.0,27.0,100.0,427.0,624.0,807.0,4,902.0
0.0,27.0,100.0,427.0,624.0,807.0,4,902.0
0.0,27.0,33.0,100.0,427.0,902.0,4,924.0
0.0,27.0,33.0,100.0,624.0,902.0,4,924.0
0.0,27.0,33.0,624.0,807.0,902.0,4,924.0
0.0,27.0,33.0,624.0,807.0,902.0,4,924.0
0.0,27.0,33.0,624.0,807.0,902.0,4,924.0
0.0,27.0,33.0,100.0,807.0,902.0,4,924.0
0.0,27.0,33.0,624.0,807.0,902.0,4,924.0
0.0,27.0,100.0,427.0,624.0,902.0,4,924.0
0.0,27.0,100.0,427.0,624.0,902.0,4,924.0
0.0,27.0,33.0,624.0,807.0,902.0,4,924.0
0.0,27.0,33.0,624.0,807.0,902.0,4,924.0
0.0,27.0,33.0,100.0,427.0,624.0,4,807.0
0.0,15.0,24.0,174.0,201.0,860.0,4,930.0
0.0,15.0,24.0,174.0,786.0,860.0,4,937.0
0.0,15.0,174.0,201.0,373.0,930.0,4,937.0
0.0,15.0,373.0,544.0,786.0,860.0,4,937.0
0.0,15.0,174.0,373.0,786.0,860.0,4,937.0
0.0,15.0,174.0,373.0,786.0,860.0,4,937.0
0.0,15.0,174.0,786.0,860.0,930.0,4,937.0
0.0,15.0,174.0,786.0,860.0,930.0,4,937.0
0.0,15.0,373.0,544.0,786.0,860.0,4,937.0
0.0,30.0,121.0,337.0,705.0,953.0,4,963.0
0.0,30.0,121.0,335.0,337.0,705.0,4,963.0
0.0,30.0,335.0,337.0,657.0,705.0,4,963.0
0.0,30.0,121.0,409.0,657.0,689.0,4,953.0
0.0,30.0,121.0,337.0,705.0,953.0,4,963.0
0.0,30.0,121.0,337.0,705.0,953.0,4,963.0
0.0,30.0,121.0,337.0,705.0,953.0,4,963.0
0.0,30.0,335.0,657.0,705.0,953.0,4,963.0
0.0,30.0,335.0,657.0,705.0,953.0,4,963.0
0.0,30.0,121.0,337.0,409.0,705.0,4,953.0
0.0,30.0,121.0,335.0,705.0,953.0,4,963.0
0.0,14.0,48.0,592.0,609.0,644.0,4,907.0
0.0,14.0,518.0,592.0,609.0,644.0,4,855.0
0.0,14.0,116.0,518.0,609.0,695.0,4,855.0
0.0,14.0,592.0,609.0,644.0,855.0,4,907.0
0.0,14.0,592.0,609.0,644.0,855.0,4,907.0
0.0,14.0,518.0,592.0,609.0,695.0,4,855.0
0.0,14.0,48.0,518.0,592.0,609.0,4,695.0
0.0,14.0,48.0,592.0,609.0,695.0,4,907.0
0.0,14.0,518.0,592.0,609.0,855.0,4,907.0
0.0,27.0,100.0,598.0,624.0,807.0,4,902.0
0.0,27.0,100.0,598.0,624.0,807.0,4,902.0
0.0,27.0,100.0,427.0,598.0,624.0,4,902.0
0.0,27.0,33.0,624.0,807.0,902.0,4,924.0
0.0,27.0,33.0,427.0,807.0,902.0,4,924.0
0.0,27.0,33.0,100.0,624.0,902.0,4,924.0
0.0,27.0,100.0,598.0,624.0,807.0,4,902.0
0.0,27.0,100.0,427.0,598.0,624.0,4,807.0
0.0,27.0,100.0,427.0,598.0,624.0,4,807.0
0.0,27.0,100.0,427.0,598.0,624.0,4,807.0
0.0,27.0,33.0,598.0,807.0,902.0,4,924.0
0.0,27.0,100.0,414.0,427.0,664.0,4,779.0
0.0,27.0,33.0,100.0,624.0,807.0,4,924.0
0.0,27.0,33.0,100.0,624.0,807.0,4,924.0
0.0,27.0,33.0,624.0,807.0,902.0,4,924.0
0.0,27.0,33.0,427.0,807.0,902.0,4,924.0
0.0,27.0,33.0,427.0,807.0,902.0,4,924.0
0.0,27.0,33.0,624.0,807.0,902.0,4,924.0
0.0,27.0,100.0,598.0,624.0,807.0,4,902.0
0.0,33.0,134.0,248.0,255.0,445.0,4,692.0
0.0,33.0,248.0,255.0,445.0,789.0,4,853.0
0.0,33.0,248.0,254.0,445.0,789.0,4,853.0
0.0,33.0,125.0,254.0,445.0,789.0,4,853.0
0.0,33.0,134.0,248.0,255.0,692.0,4,698.0
0.0,33.0,134.0,248.0,255.0,692.0,4,698.0
0.0,33.0,134.0,255.0,692.0,698.0,4,853.0
0.0,33.0,134.0,255.0,692.0,698.0,4,853.0
0.0,33.0,125.0,134.0,254.0,789.0,4,853.0
0.0,33.0,125.0,134.0,254.0,789.0,4,853.0
0.0,33.0,125.0,248.0,789.0,805.0,4,853.0
0.0,11.0,173.0,806.0,895.0,968.0,4,1031.0
0.0,11.0,553.0,647.0,895.0,968.0,4,1031.0
0.0,11.0,504.0,553.0,647.0,895.0,4,1031.0
0.0,11.0,504.0,553.0,647.0,895.0,4,1031.0
0.0,11.0,647.0,806.0,895.0,968.0,4,1031.0
0.0,11.0,173.0,806.0,895.0,968.0,4,1031.0
0.0,11.0,553.0,806.0,895.0,968.0,4,1031.0
0.0,11.0,553.0,806.0,895.0,968.0,4,1031.0
0.0,11.0,553.0,806.0,895.0,968.0,4,1031.0
0.0,11.0,647.0,806.0,895.0,968.0,4,1031.0
0.0,27.0,100.0,427.0,598.0,624.0,4,807.0
0.0,27.0,100.0,427.0,598.0,624.0,4,902.0
0.0,27.0,33.0,598.0,624.0,902.0,4,924.0
0.0,27.0,33.0,100.0,624.0,807.0,4,924.0
0.0,27.0,100.0,427.0,598.0,624.0,4,807.0
0.0,27.0,100.0,427.0,598.0,624.0,4,902.0
0.0,27.0,33.0,598.0,624.0,807.0,4,924.0
0.0,27.0,33.0,100.0,624.0,807.0,4,924.0
0.0,10.0,80.0,453.0,711.0,715.0,4,983.0
0.0,10.0,63.0,688.0,715.0,731.0,4,983.0
0.0,10.0,52.0,80.0,387.0,453.0,4,715.0
0.0,10.0,52.0,63.0,80.0,387.0,4,453.0
0.0,10.0,52.0,63.0,80.0,387.0,4,453.0
0.0,10.0,80.0,387.0,453.0,715.0,4,983.0
0.0,10.0,52.0,80.0,711.0,715.0,4,731.0
0.0,10.0,63.0,387.0,711.0,715.0,4,731.0
0.0,10.0,63.0,387.0,711.0,731.0,4,783.0
0.0,10.0,80.0,453.0,711.0,715.0,4,983.0
0.0,10.0,80.0,453.0,711.0,715.0,4,983.0
0.0,10.0,52.0,80.0,387.0,711.0,4,731.0
0.0,10.0,387.0,453.0,711.0,731.0,4,983.0
0.0,10.0,387.0,453.0,711.0,731.0,4,983.0
0.0,10.0,80.0,387.0,453.0,715.0,4,983.0
0.0,10.0,52.0,80.0,711.0,715.0,4,731.0
0.0,10.0,52.0,80.0,711.0,715.0,4,731.0
0.0,10.0,52.0,80.0,711.0,715.0,4,731.0
0.0,10.0,52.0,80.0,711.0,731.0,4,983.0
0.0,10.0,52.0,80.0,711.0,731.0,4,983.0
0.0,33.0,45.0,125.0,134.0,255.0,4,698.0
0.0,33.0,134.0,248.0,445.0,692.0,4,853.0
0.0,33.0,134.0,248.0,445.0,692.0,4,853.0
0.0,33.0,134.0,248.0,445.0,692.0,4,853.0
0.0,33.0,254.0,255.0,445.0,692.0,4,698.0
0.0,33.0,45.0,134.0,255.0,360.0,4,698.0
0.0,33.0,45.0,134.0,248.0,360.0,4,698.0
0.0,33.0,45.0,125.0,254.0,445.0,4,698.0
0.0,33.0,45.0,125.0,254.0,445.0,4,698.0
0.0,33.0,254.0,360.0,692.0,698.0,4,789.0
0.0,33.0,134.0,255.0,360.0,692.0,4,789.0
0.0,33.0,134.0,248.0,360.0,789.0,4,853.0
0.0,7.0,246.0,267.0,277.0,455.0,4,530.0
0.0,7.0,267.0,277.0,325.0,455.0,4,483.0
0.0,7.0,59.0,277.0,325.0,483.0,4,530.0
0.0,7.0,246.0,267.0,277.0,455.0,4,483.0
0.0,7.0,75.0,267.0,277.0,365.0,4,455.0
0.0,7.0,75.0,267.0,277.0,365.0,4,455.0
0.0,7.0,59.0,277.0,325.0,365.0,4,455.0
0.0,7.0,59.0,267.0,277.0,365.0,4,483.0
0.0,10.0,80.0,688.0,711.0,731.0,4,983.0
0.0,10.0,52.0,80.0,711.0,715.0,4,731.0
0.0,10.0,52.0,80.0,711.0,715.0,4,731.0
0.0,10.0,52.0,63.0,80.0,711.0,4,715.0
0.0,10.0,52.0,63.0,80.0,711.0,4,715.0
0.0,10.0,52.0,63.0,80.0,688.0,4,715.0
0.0,10.0,63.0,711.0,715.0,731.0,4,983.0
0.0,10.0,80.0,688.0,711.0,731.0,4,983.0
0.0,10.0,80.0,711.0,715.0,731.0,4,983.0
0.0,10.0,80.0,711.0,715.0,731.0,4,983.0
0.0,10.0,52.0,80.0,711.0,731.0,4,983.0
0.0,10.0,52.0,80.0,711.0,731.0,4,983.0
0.0,10.0,80.0,711.0,715.0,731.0,4,983.0
0.0,10.0,52.0,80.0,453.0,731.0,4,983.0
0.0,10.0,52.0,453.0,711.0,731.0,4,983.0
0.0,10.0,52.0,453.0,711.0,731.0,4,983.0
0.0,10.0,80.0,453.0,711.0,715.0,4,983.0
0.0,10.0,52.0,80.0,453.0,711.0,4,715.0
0.0,10.0,52.0,80.0,453.0,715.0,4,731.0
0.0,10.0,63.0,80.0,688.0,715.0,4,983.0
0.0,10.0,52.0,80.0,453.0,711.0,4,731.0
0.0,10.0,52.0,80.0,453.0,711.0,4,731.0
0.0,10.0,8.0,63.0,80.0,453.0,4,711.0
0.0,10.0,8.0,63.0,80.0,453.0,4,711.0
0.0,10.0,63.0,80.0,453.0,711.0,4,715.0
0.0,10.0,63.0,80.0,453.0,711.0,4,715.0
0.0,10.0,52.0,80.0,453.0,563.0,4,715.0
0.0,10.0,453.0,563.0,711.0,715.0,4,731.0
0.0,10.0,52.0,80.0,711.0,715.0,4,731.0
0.0,10.0,52.0,80.0,711.0,715.0,4,731.0
0.0,10.0,52.0,80.0,453.0,711.0,4,731.0
0.0,10.0,52.0,80.0,453.0,711.0,4,731.0
0.0,10.0,52.0,80.0,711.0,715.0,4,731.0
0.0,10.0,52.0,63.0,80.0,711.0,4,715.0
0.0,10.0,80.0,563.0,711.0,715.0,4,731.0
0.0,10.0,52.0,80.0,453.0,563.0,4,711.0
0.0,10.0,52.0,80.0,453.0,711.0,4,715.0
0.0,10.0,52.0,80.0,563.0,715.0,4,731.0
0.0,10.0,52.0,80.0,453.0,715.0,4,731.0
0.0,10.0,80.0,453.0,711.0,715.0,4,731.0
0.0,10.0,80.0,453.0,711.0,715.0,4,731.0
0.0,10.0,453.0,563.0,711.0,715.0,4,731.0
0.0,10.0,52.0,453.0,563.0,715.0,4,731.0
0.0,10.0,52.0,453.0,563.0,715.0,4,731.0
0.0,10.0,52.0,453.0,563.0,715.0,4,731.0
0.0,10.0,453.0,563.0,711.0,715.0,4,731.0
0.0,10.0,52.0,563.0,711.0,715.0,4,731.0
0.0,10.0,52.0,453.0,563.0,711.0,4,715.0
0.0,10.0,52.0,453.0,711.0,715.0,4,731.0
0.0,10.0,52.0,563.0,711.0,715.0,4,731.0
0.0,10.0,52.0,563.0,711.0,715.0,4,731.0
0.0,10.0,52.0,563.0,711.0,715.0,4,731.0
0.0,10.0,52.0,80.0,563.0,688.0,4,983.0
0.0,10.0,52.0,80.0,453.0,731.0,4,983.0
0.0,10.0,8.0,80.0,453.0,731.0,4,983.0
0.0,10.0,8.0,453.0,711.0,731.0,4,983.0
0.0,10.0,52.0,80.0,453.0,731.0,4,983.0
0.0,10.0,52.0,80.0,453.0,731.0,4,983.0
0.0,10.0,52.0,80.0,453.0,731.0,4,983.0
0.0,8.0,41.0,136.0,308.0,400.0,4,665.0
0.0,8.0,41.0,299.0,494.0,824.0,4,1030.0
0.0,8.0,41.0,299.0,308.0,494.0,4,1030.0
0.0,8.0,41.0,299.0,308.0,494.0,4,1030.0
0.0,8.0,41.0,136.0,308.0,494.0,4,1030.0
0.0,8.0,41.0,136.0,299.0,308.0,4,665.0
0.0,8.0,41.0,136.0,299.0,308.0,4,665.0
0.0,8.0,41.0,136.0,308.0,400.0,4,665.0
0.0,8.0,299.0,400.0,494.0,627.0,4,1030.0
0.0,8.0,299.0,400.0,494.0,627.0,4,1030.0
0.0,10.0,52.0,453.0,688.0,731.0,4,983.0
0.0,10.0,52.0,453.0,688.0,731.0,4,983.0
0.0,10.0,52.0,453.0,688.0,731.0,4,983.0
0.0,10.0,52.0,563.0,715.0,731.0,4,983.0
0.0,10.0,52.0,453.0,563.0,688.0,4,983.0
0.0,10.0,52.0,453.0,688.0,731.0,4,983.0
0.0,10.0,52.0,453.0,688.0,731.0,4,983.0
0.0,10.0,52.0,453.0,688.0,731.0,4,983.0
0.0,10.0,52.0,453.0,715.0,731.0,4,983.0
0.0,10.0,52.0,453.0,563.0,688.0,4,983.0
0.0,10.0,52.0,453.0,563.0,688.0,4,715.0
0.0,10.0,52.0,453.0,563.0,688.0,4,715.0
0.0,10.0,52.0,453.0,563.0,715.0,4,731.0
0.0,10.0,52.0,453.0,563.0,715.0,4,731.0
0.0,10.0,453.0,563.0,688.0,731.0,4,983.0
0.0,10.0,52.0,453.0,688.0,731.0,4,983.0
0.0,10.0,52.0,453.0,688.0,715.0,4,731.0
0.0,10.0,52.0,453.0,688.0,715.0,4,731.0
0.0,10.0,52.0,453.0,688.0,715.0,4,731.0
0.0,10.0,52.0,453.0,688.0,715.0,4,731.0
0.0,10.0,52.0,80.0,688.0,731.0,4,983.0
0.0,10.0,52.0,80.0,711.0,731.0,4,983.0
0.0,10.0,52.0,80.0,711.0,731.0,4,983.0
0.0,10.0,52.0,80.0,711.0,715.0,4,983.0
0.0,10.0,52.0,80.0,711.0,715.0,4,983.0
0.0,10.0,8.0,80.0,711.0,715.0,4,983.0
0.0,10.0,52.0,80.0,688.0,731.0,4,983.0
0.0,10.0,52.0,80.0,711.0,715.0,4,731.0
0.0,10.0,52.0,80.0,711.0,715.0,4,731.0
0.0,10.0,8.0,80.0,711.0,715.0,4,731.0
0.0,10.0,563.0,688.0,711.0,715.0,4,731.0
0.0,10.0,563.0,688.0,711.0,715.0,4,731.0
0.0,10.0,80.0,688.0,711.0,715.0,4,731.0
0.0,10.0,52.0,80.0,453.0,715.0,4,983.0
0.0,10.0,63.0,688.0,715.0,731.0,4,983.0
0.0,10.0,63.0,688.0,715.0,731.0,4,983.0
0.0,10.0,63.0,688.0,715.0,731.0,4,983.0
0.0,10.0,52.0,80.0,453.0,688.0,4,731.0
0.0,10.0,52.0,80.0,711.0,715.0,4,731.0
0.0,10.0,52.0,80.0,453.0,711.0,4,983.0
0.0,30.0,121.0,335.0,705.0,953.0,4,963.0
0.0,30.0,113.0,121.0,839.0,953.0,4,963.0
0.0,30.0,86.0,113.0,337.0,657.0,4,839.0
0.0,30.0,86.0,113.0,337.0,657.0,4,839.0
0.0,30.0,86.0,121.0,705.0,953.0,4,963.0
0.0,30.0,121.0,657.0,705.0,953.0,4,963.0
0.0,30.0,121.0,335.0,705.0,953.0,4,963.0
0.0,30.0,121.0,337.0,705.0,953.0,4,963.0
0.0,30.0,121.0,337.0,705.0,953.0,4,963.0
0.0,30.0,113.0,121.0,337.0,839.0,4,963.0
0.0,30.0,86.0,113.0,335.0,657.0,4,839.0
0.0,30.0,86.0,113.0,335.0,657.0,4,839.0
0.0,30.0,86.0,113.0,324.0,335.0,4,689.0
0.0,30.0,86.0,324.0,335.0,337.0,4,689.0
0.0,11.0,173.0,806.0,895.0,968.0,4,1031.0
0.0,11.0,173.0,806.0,895.0,968.0,4,1031.0
0.0,11.0,173.0,806.0,895.0,968.0,4,1031.0
0.0,11.0,173.0,553.0,647.0,968.0,4,999.0
0.0,11.0,553.0,647.0,968.0,999.0,4,1031.0
0.0,11.0,553.0,647.0,895.0,999.0,4,1031.0
0.0,11.0,553.0,647.0,806.0,999.0,4,1031.0
0.0,11.0,173.0,806.0,895.0,968.0,4,1031.0
0.0,11.0,553.0,647.0,968.0,999.0,4,1031.0
0.0,11.0,173.0,553.0,647.0,895.0,4,999.0
0.0,11.0,504.0,647.0,880.0,925.0,4,999.0
0.0,10.0,52.0,80.0,711.0,715.0,4,731.0
0.0,10.0,52.0,80.0,563.0,688.0,4,715.0
0.0,10.0,52.0,80.0,563.0,688.0,4,715.0
0.0,10.0,563.0,688.0,715.0,731.0,4,983.0
0.0,10.0,563.0,688.0,715.0,731.0,4,983.0
0.0,10.0,52.0,80.0,711.0,731.0,4,983.0
0.0,10.0,52.0,80.0,711.0,715.0,4,731.0
0.0,10.0,52.0,80.0,711.0,715.0,4,731.0
0.0,10.0,52.0,563.0,711.0,715.0,4,731.0
0.0,10.0,52.0,80.0,563.0,711.0,4,731.0
0.0,10.0,52.0,80.0,688.0,711.0,4,731.0
0.0,10.0,52.0,80.0,688.0,711.0,4,731.0
0.0,10.0,52.0,80.0,688.0,715.0,4,731.0
0.0,10.0,52.0,80.0,688.0,715.0,4,731.0
0.0,10.0,8.0,80.0,688.0,715.0,4,731.0
0.0,10.0,52.0,80.0,711.0,715.0,4,731.0
0.0,10.0,52.0,80.0,688.0,711.0,4,731.0
0.0,10.0,52.0,80.0,688.0,711.0,4,731.0
0.0,10.0,52.0,80.0,688.0,711.0,4,715.0
0.0,10.0,52.0,80.0,688.0,715.0,4,731.0
0.0,10.0,52.0,80.0,688.0,711.0,4,715.0
0.0,10.0,8.0,80.0,563.0,688.0,4,711.0
0.0,10.0,52.0,80.0,563.0,688.0,4,711.0
0.0,10.0,52.0,80.0,563.0,711.0,4,715.0
0.0,10.0,52.0,688.0,711.0,715.0,4,731.0
0.0,10.0,52.0,80.0,563.0,688.0,4,715.0
0.0,10.0,52.0,563.0,688.0,715.0,4,731.0
0.0,10.0,52.0,563.0,688.0,715.0,4,731.0
0.0,10.0,8.0,80.0,688.0,715.0,4,731.0
0.0,10.0,8.0,80.0,688.0,711.0,4,731.0
0.0,32.0,61.0,499.0,522.0,816.0,4,933.0
0.0,32.0,44.0,61.0,499.0,816.0,4,933.0
0.0,32.0,44.0,61.0,499.0,816.0,4,933.0
0.0,32.0,44.0,61.0,595.0,734.0,4,933.0
0.0,32.0,44.0,522.0,595.0,734.0,4,933.0
0.0,32.0,44.0,522.0,524.0,595.0,4,734.0
0.0,32.0,61.0,522.0,524.0,734.0,4,816.0
0.0,32.0,61.0,499.0,522.0,816.0,4,933.0
0.0,32.0,44.0,61.0,734.0,816.0,4,933.0
0.0,32.0,44.0,61.0,524.0,734.0,4,816.0
0.0,32.0,44.0,61.0,522.0,524.0,4,734.0
0.0,32.0,44.0,61.0,522.0,524.0,4,734.0
0.0,32.0,44.0,61.0,522.0,524.0,4,734.0
0.0,1.0,14.0,351.0,790.0,886.0,4,960.0
0.0,1.0,250.0,351.0,625.0,790.0,4,960.0
0.0,1.0,250.0,351.0,625.0,808.0,4,960.0
0.0,1.0,14.0,250.0,790.0,808.0,4,960.0
0.0,1.0,14.0,790.0,866.0,886.0,4,960.0
0.0,1.0,250.0,790.0,866.0,886.0,4,960.0
0.0,1.0,250.0,625.0,790.0,866.0,4,960.0
0.0,1.0,250.0,625.0,790.0,866.0,4,960.0
0.0,1.0,250.0,351.0,625.0,790.0,4,866.0
0.0,1.0,14.0,250.0,790.0,866.0,4,960.0
0.0,25.0,294.0,363.0,421.0,961.0,4,974.0
0.0,25.0,133.0,294.0,363.0,586.0,4,974.0
0.0,25.0,133.0,226.0,294.0,586.0,4,974.0
0.0,25.0,294.0,363.0,421.0,961.0,4,974.0
0.0,25.0,294.0,363.0,421.0,961.0,4,974.0
0.0,25.0,226.0,294.0,421.0,969.0,4,974.0
0.0,25.0,133.0,226.0,294.0,969.0,4,974.0
0.0,16.0,296.0,431.0,450.0,457.0,4,996.0
0.0,16.0,65.0,296.0,431.0,450.0,4,996.0
0.0,16.0,65.0,296.0,431.0,450.0,4,996.0
0.0,16.0,31.0,65.0,431.0,450.0,4,457.0
0.0,16.0,65.0,431.0,450.0,457.0,4,996.0
0.0,16.0,296.0,431.0,450.0,457.0,4,996.0
0.0,16.0,65.0,285.0,296.0,457.0,4,996.0
0.0,16.0,285.0,296.0,431.0,457.0,4,996.0
0.0,16.0,31.0,296.0,431.0,450.0,4,457.0
0.0,16.0,65.0,431.0,450.0,457.0,4,704.0
0.0,16.0,65.0,296.0,450.0,457.0,4,704.0
0.0,10.0,52.0,80.0,453.0,688.0,4,711.0
0.0,10.0,80.0,387.0,453.0,688.0,4,711.0
0.0,10.0,80.0,387.0,453.0,688.0,4,711.0
0.0,10.0,52.0,80.0,453.0,688.0,4,715.0
0.0,10.0,52.0,80.0,453.0,688.0,4,715.0
0.0,10.0,52.0,80.0,453.0,688.0,4,711.0
0.0,10.0,80.0,387.0,453.0,688.0,4,711.0
0.0,10.0,52.0,80.0,563.0,711.0,4,715.0
0.0,10.0,52.0,80.0,688.0,711.0,4,715.0
0.0,10.0,52.0,80.0,453.0,688.0,4,711.0
0.0,10.0,52.0,80.0,453.0,688.0,4,711.0
0.0,10.0,52.0,80.0,453.0,711.0,4,715.0
0.0,10.0,80.0,387.0,563.0,711.0,4,715.0
0.0,10.0,52.0,80.0,563.0,688.0,4,711.0
0.0,10.0,52.0,80.0,453.0,688.0,4,711.0
0.0,10.0,8.0,80.0,453.0,688.0,4,711.0
0.0,10.0,52.0,80.0,453.0,711.0,4,715.0
0.0,10.0,52.0,80.0,453.0,711.0,4,715.0
0.0,10.0,52.0,80.0,563.0,688.0,4,715.0
0.0,10.0,8.0,80.0,563.0,688.0,4,715.0
0.0,10.0,52.0,563.0,688.0,711.0,4,715.0
0.0,10.0,52.0,563.0,688.0,711.0,4,715.0
0.0,29.0,103.0,338.0,505.0,580.0,4,713.0
0.0,29.0,103.0,338.0,580.0,713.0,4,800.0
0.0,29.0,338.0,580.0,713.0,800.0,4,899.0
0.0,29.0,183.0,338.0,713.0,800.0,4,899.0
0.0,29.0,183.0,338.0,713.0,800.0,4,899.0
0.0,29.0,183.0,338.0,713.0,800.0,4,899.0
0.0,29.0,103.0,505.0,580.0,700.0,4,713.0
0.0,29.0,103.0,338.0,505.0,580.0,4,713.0
0.0,29.0,183.0,338.0,800.0,854.0,4,899.0
0.0,15.0,24.0,209.0,719.0,786.0,4,860.0
0.0,15.0,174.0,201.0,306.0,373.0,4,930.0
0.0,15.0,174.0,201.0,306.0,373.0,4,930.0
0.0,15.0,209.0,719.0,786.0,860.0,4,930.0
0.0,15.0,24.0,209.0,719.0,786.0,4,860.0
0.0,15.0,24.0,209.0,719.0,786.0,4,860.0
0.0,15.0,209.0,719.0,786.0,860.0,4,930.0
0.0,15.0,174.0,306.0,373.0,719.0,4,930.0
0.0,15.0,174.0,201.0,306.0,373.0,4,930.0
0.0,15.0,209.0,719.0,786.0,860.0,4,930.0
0.0,10.0,52.0,80.0,564.0,688.0,4,711.0
0.0,10.0,52.0,80.0,688.0,711.0,4,731.0
0.0,10.0,52.0,80.0,711.0,715.0,4,731.0
0.0,10.0,52.0,80.0,688.0,711.0,4,731.0
0.0,10.0,52.0,80.0,688.0,711.0,4,731.0
0.0,10.0,52.0,80.0,688.0,711.0,4,731.0
0.0,10.0,80.0,387.0,688.0,711.0,4,731.0
0.0,10.0,52.0,80.0,688.0,715.0,4,731.0
0.0,10.0,52.0,80.0,711.0,715.0,4,731.0
0.0,10.0,8.0,80.0,711.0,731.0,4,983.0
0.0,10.0,52.0,80.0,564.0,711.0,4,983.0
0.0,10.0,52.0,80.0,387.0,564.0,4,688.0
0.0,10.0,8.0,80.0,387.0,564.0,4,688.0
0.0,10.0,52.0,80.0,688.0,711.0,4,731.0
0.0,10.0,387.0,564.0,715.0,731.0,4,983.0
0.0,10.0,52.0,80.0,564.0,688.0,4,731.0
0.0,10.0,80.0,564.0,688.0,731.0,4,983.0
0.0,10.0,52.0,80.0,688.0,715.0,4,731.0
0.0,10.0,52.0,80.0,688.0,715.0,4,731.0
0.0,10.0,8.0,564.0,688.0,715.0,4,731.0
0.0,10.0,52.0,80.0,564.0,688.0,4,715.0
0.0,10.0,80.0,564.0,688.0,731.0,4,983.0
0.0,10.0,564.0,688.0,715.0,731.0,4,983.0
0.0,10.0,80.0,387.0,564.0,688.0,4,983.0
0.0,10.0,80.0,387.0,564.0,688.0,4,983.0
0.0,10.0,80.0,387.0,564.0,688.0,4,983.0
0.0,10.0,52.0,80.0,688.0,731.0,4,983.0
0.0,10.0,52.0,80.0,715.0,731.0,4,983.0
0.0,10.0,80.0,387.0,688.0,715.0,4,731.0
0.0,10.0,80.0,387.0,688.0,715.0,4,731.0
0.0,10.0,80.0,387.0,688.0,715.0,4,731.0
0.0,10.0,52.0,80.0,564.0,688.0,4,715.0
0.0,10.0,52.0,80.0,564.0,688.0,4,715.0
0.0,10.0,52.0,80.0,688.0,731.0,4,983.0
0.0,10.0,52.0,80.0,688.0,715.0,4,731.0
0.0,10.0,52.0,80.0,688.0,715.0,4,731.0
0.0,13.0,182.0,192.0,315.0,803.0,4,871.0
0.0,13.0,182.0,192.0,212.0,315.0,4,803.0
0.0,13.0,182.0,212.0,315.0,641.0,4,803.0
0.0,13.0,182.0,192.0,315.0,803.0,4,871.0
0.0,13.0,182.0,192.0,212.0,315.0,4,803.0
0.0,13.0,182.0,192.0,212.0,315.0,4,803.0
0.0,13.0,182.0,192.0,315.0,803.0,4,871.0
0.0,13.0,192.0,212.0,315.0,432.0,4,871.0
0.0,13.0,161.0,182.0,192.0,803.0,4,871.0
0.0,10.0,8.0,12.0,711.0,731.0,4,920.0
0.0,10.0,8.0,688.0,711.0,731.0,4,920.0
0.0,10.0,12.0,688.0,711.0,731.0,4,920.0
0.0,10.0,8.0,12.0,688.0,711.0,4,731.0
0.0,10.0,8.0,12.0,711.0,875.0,4,920.0
0.0,10.0,52.0,564.0,688.0,875.0,4,920.0
0.0,10.0,52.0,564.0,688.0,875.0,4,920.0
0.0,10.0,12.0,52.0,711.0,731.0,4,920.0
0.0,10.0,52.0,688.0,711.0,731.0,4,920.0
0.0,10.0,52.0,688.0,711.0,731.0,4,920.0
0.0,10.0,12.0,52.0,711.0,731.0,4,920.0
0.0,14.0,48.0,518.0,695.0,877.0,4,1007.0
0.0,14.0,48.0,518.0,695.0,877.0,4,1007.0
0.0,14.0,48.0,592.0,644.0,695.0,4,907.0
0.0,14.0,48.0,592.0,644.0,695.0,4,907.0
0.0,14.0,48.0,116.0,518.0,592.0,4,695.0
0.0,14.0,116.0,518.0,695.0,855.0,4,877.0
0.0,14.0,116.0,592.0,855.0,877.0,4,907.0
0.0,14.0,48.0,592.0,644.0,695.0,4,907.0
0.0,14.0,592.0,644.0,695.0,855.0,4,907.0
0.0,10.0,52.0,80.0,688.0,711.0,4,731.0
0.0,10.0,52.0,80.0,688.0,711.0,4,731.0
0.0,10.0,12.0,80.0,688.0,711.0,4,731.0
0.0,10.0,12.0,80.0,688.0,711.0,4,731.0
0.0,10.0,12.0,52.0,80.0,731.0,4,920.0
0.0,10.0,52.0,80.0,688.0,711.0,4,731.0
0.0,10.0,12.0,80.0,711.0,731.0,4,920.0
0.0,10.0,12.0,52.0,80.0,731.0,4,920.0
0.0,10.0,12.0,52.0,80.0,688.0,4,731.0
0.0,10.0,12.0,52.0,80.0,731.0,4,920.0
0.0,10.0,12.0,52.0,80.0,731.0,4,920.0
0.0,10.0,12.0,80.0,532.0,711.0,4,731.0
0.0,10.0,532.0,688.0,711.0,731.0,4,920.0
0.0,10.0,12.0,532.0,688.0,711.0,4,731.0
0.0,10.0,12.0,52.0,80.0,731.0,4,920.0
0.0,10.0,12.0,52.0,80.0,731.0,4,920.0
0.0,10.0,12.0,80.0,711.0,731.0,4,920.0
0.0,10.0,80.0,532.0,688.0,711.0,4,731.0
0.0,10.0,532.0,564.0,688.0,711.0,4,875.0
0.0,10.0,8.0,532.0,564.0,688.0,4,875.0
0.0,6.0,208.0,284.0,290.0,616.0,4,876.0
0.0,6.0,35.0,208.0,284.0,616.0,4,876.0
0.0,6.0,35.0,208.0,284.0,323.0,4,616.0
0.0,6.0,35.0,208.0,236.0,284.0,4,323.0
0.0,6.0,35.0,236.0,323.0,876.0,4,1039.0
0.0,6.0,35.0,236.0,323.0,876.0,4,1039.0
0.0,6.0,35.0,236.0,290.0,616.0,4,876.0
0.0,6.0,213.0,290.0,616.0,876.0,4,1039.0
0.0,6.0,208.0,284.0,290.0,616.0,4,876.0
0.0,6.0,35.0,208.0,284.0,323.0,4,876.0
0.0,6.0,35.0,208.0,284.0,323.0,4,876.0
0.0,6.0,35.0,208.0,236.0,284.0,4,323.0
0.0,6.0,35.0,208.0,236.0,284.0,4,323.0
0.0,6.0,35.0,236.0,323.0,876.0,4,1039.0
0.0,6.0,35.0,236.0,323.0,876.0,4,1039.0
0.0,6.0,213.0,236.0,292.0,876.0,4,878.0
0.0,0.0,493.0,527.0,535.0,631.0,4,686.0
0.0,0.0,493.0,527.0,686.0,905.0,4,1037.0
0.0,0.0,493.0,527.0,857.0,905.0,4,1037.0
0.0,0.0,527.0,686.0,857.0,905.0,4,1037.0
0.0,0.0,474.0,493.0,527.0,991.0,4,1037.0
0.0,0.0,474.0,493.0,527.0,991.0,4,1037.0
0.0,0.0,474.0,493.0,527.0,631.0,4,991.0
0.0,0.0,493.0,535.0,631.0,686.0,4,991.0
0.0,0.0,493.0,535.0,631.0,686.0,4,991.0
0.0,0.0,493.0,527.0,686.0,905.0,4,1037.0
0.0,0.0,493.0,527.0,535.0,686.0,4,905.0
0.0,0.0,474.0,527.0,535.0,857.0,4,905.0
0.0,0.0,474.0,527.0,857.0,905.0,4,910.0
0.0,26.0,40.0,41.0,601.0,843.0,4,874.0
0.0,26.0,40.0,494.0,601.0,634.0,4,1024.0
0.0,26.0,40.0,494.0,601.0,634.0,4,1024.0
0.0,26.0,494.0,601.0,634.0,843.0,4,1024.0
0.0,26.0,40.0,41.0,601.0,874.0,4,1024.0
0.0,26.0,40.0,41.0,494.0,601.0,4,843.0
0.0,26.0,40.0,494.0,601.0,634.0,4,843.0
0.0,26.0,40.0,494.0,601.0,634.0,4,843.0
0.0,26.0,40.0,41.0,494.0,601.0,4,634.0
0.0,26.0,40.0,41.0,601.0,843.0,4,874.0
0.0,12.0,228.0,462.0,477.0,715.0,4,819.0
0.0,12.0,216.0,228.0,417.0,477.0,4,715.0
0.0,12.0,216.0,228.0,417.0,477.0,4,715.0
0.0,12.0,216.0,228.0,417.0,477.0,4,903.0
0.0,12.0,216.0,417.0,477.0,563.0,4,903.0
0.0,12.0,216.0,417.0,477.0,715.0,4,983.0
0.0,12.0,228.0,387.0,462.0,715.0,4,819.0
0.0,12.0,216.0,228.0,417.0,477.0,4,715.0
0.0,18.0,577.0,677.0,718.0,832.0,4,973.0
0.0,18.0,191.0,577.0,811.0,812.0,4,973.0
0.0,18.0,191.0,677.0,681.0,811.0,4,812.0
0.0,18.0,191.0,677.0,681.0,811.0,4,832.0
0.0,18.0,577.0,677.0,681.0,718.0,4,832.0
0.0,18.0,577.0,677.0,681.0,718.0,4,832.0
0.0,18.0,577.0,677.0,718.0,832.0,4,973.0
0.0,18.0,577.0,677.0,811.0,832.0,4,973.0
0.0,18.0,191.0,677.0,681.0,811.0,4,832.0
0.0,18.0,191.0,677.0,681.0,811.0,4,973.0
0.0,18.0,549.0,678.0,681.0,811.0,4,812.0
0.0,10.0,12.0,52.0,711.0,731.0,4,920.0
0.0,10.0,52.0,688.0,711.0,731.0,4,920.0
0.0,10.0,12.0,52.0,688.0,711.0,4,731.0
0.0,10.0,12.0,52.0,564.0,711.0,4,731.0
0.0,10.0,8.0,12.0,688.0,875.0,4,920.0
0.0,10.0,12.0,532.0,688.0,731.0,4,875.0
0.0,10.0,12.0,532.0,564.0,688.0,4,875.0
0.0,10.0,532.0,564.0,688.0,711.0,4,875.0
0.0,10.0,532.0,688.0,711.0,875.0,4,920.0
0.0,10.0,12.0,52.0,564.0,731.0,4,920.0
0.0,10.0,8.0,12.0,564.0,875.0,4,920.0
0.0,10.0,8.0,564.0,688.0,731.0,4,920.0
0.0,10.0,52.0,564.0,688.0,731.0,4,920.0
0.0,10.0,52.0,564.0,688.0,731.0,4,920.0
0.0,10.0,12.0,52.0,564.0,731.0,4,920.0
0.0,10.0,52.0,564.0,688.0,875.0,4,920.0
0.0,10.0,12.0,52.0,688.0,875.0,4,920.0
0.0,10.0,52.0,688.0,731.0,875.0,4,920.0
0.0,10.0,52.0,564.0,688.0,731.0,4,920.0
0.0,8.0,136.0,308.0,400.0,665.0,4,922.0
0.0,8.0,136.0,253.0,308.0,400.0,4,824.0
0.0,8.0,253.0,308.0,400.0,824.0,4,922.0
0.0,8.0,136.0,253.0,400.0,665.0,4,747.0
0.0,8.0,136.0,253.0,400.0,665.0,4,747.0
0.0,8.0,136.0,627.0,665.0,747.0,4,922.0
0.0,8.0,136.0,308.0,400.0,665.0,4,922.0
0.0,8.0,308.0,400.0,627.0,665.0,4,922.0
0.0,8.0,308.0,400.0,627.0,665.0,4,922.0
0.0,8.0,136.0,627.0,747.0,824.0,4,922.0
0.0,10.0,8.0,12.0,564.0,731.0,4,920.0
0.0,10.0,8.0,12.0,564.0,731.0,4,920.0
0.0,10.0,8.0,12.0,564.0,731.0,4,920.0
0.0,10.0,12.0,52.0,688.0,731.0,4,920.0
0.0,10.0,12.0,52.0,688.0,731.0,4,920.0
0.0,10.0,8.0,12.0,688.0,875.0,4,920.0
0.0,10.0,8.0,12.0,564.0,731.0,4,920.0
0.0,10.0,12.0,52.0,564.0,731.0,4,920.0
0.0,10.0,12.0,564.0,688.0,731.0,4,920.0
0.0,10.0,8.0,12.0,564.0,731.0,4,920.0
0.0,10.0,12.0,52.0,453.0,731.0,4,920.0
0.0,10.0,52.0,453.0,711.0,731.0,4,920.0
0.0,10.0,52.0,453.0,711.0,731.0,4,920.0
0.0,10.0,12.0,52.0,453.0,731.0,4,920.0
0.0,10.0,12.0,52.0,453.0,564.0,4,731.0
0.0,10.0,12.0,52.0,711.0,731.0,4,920.0
0.0,10.0,12.0,52.0,711.0,731.0,4,920.0
0.0,10.0,12.0,52.0,711.0,731.0,4,920.0
0.0,10.0,12.0,453.0,532.0,711.0,4,731.0
0.0,10.0,12.0,52.0,453.0,711.0,4,731.0
0.0,10.0,12.0,52.0,453.0,731.0,4,920.0
0.0,13.0,182.0,192.0,315.0,900.0,4,956.0
0.0,13.0,192.0,315.0,803.0,871.0,4,956.0
0.0,13.0,192.0,315.0,432.0,803.0,4,871.0
0.0,13.0,192.0,315.0,432.0,803.0,4,871.0
0.0,13.0,182.0,192.0,315.0,803.0,4,900.0
0.0,10.0,12.0,453.0,564.0,688.0,4,731.0
0.0,10.0,12.0,52.0,453.0,731.0,4,920.0
0.0,10.0,12.0,52.0,453.0,731.0,4,920.0
0.0,10.0,52.0,453.0,711.0,731.0,4,920.0
0.0,10.0,12.0,453.0,711.0,731.0,4,920.0
0.0,10.0,532.0,688.0,711.0,783.0,4,875.0
0.0,10.0,532.0,564.0,688.0,783.0,4,875.0
0.0,17.0,47.0,235.0,708.0,730.0,4,858.0
0.0,17.0,47.0,235.0,708.0,730.0,4,858.0
0.0,17.0,47.0,235.0,708.0,730.0,4,858.0
0.0,17.0,148.0,149.0,235.0,730.0,4,858.0
0.0,17.0,149.0,235.0,708.0,730.0,4,858.0
0.0,17.0,47.0,149.0,235.0,648.0,4,708.0
0.0,17.0,47.0,119.0,148.0,708.0,4,730.0
0.0,17.0,47.0,119.0,148.0,708.0,4,730.0
0.0,17.0,47.0,148.0,708.0,730.0,4,858.0
0.0,17.0,47.0,148.0,708.0,730.0,4,858.0
0.0,17.0,148.0,149.0,235.0,648.0,4,858.0
0.0,17.0,149.0,235.0,328.0,441.0,4,648.0
0.0,4.0,81.0,85.0,589.0,646.0,4,775.0
0.0,4.0,81.0,85.0,589.0,646.0,4,992.0
0.0,4.0,11.0,81.0,158.0,589.0,4,722.0
0.0,4.0,158.0,589.0,722.0,947.0,4,992.0
0.0,4.0,85.0,158.0,589.0,947.0,4,992.0
0.0,4.0,81.0,85.0,589.0,646.0,4,947.0
0.0,4.0,81.0,85.0,589.0,646.0,4,992.0
0.0,4.0,81.0,85.0,589.0,646.0,4,992.0
0.0,4.0,11.0,81.0,85.0,589.0,4,646.0
0.0,4.0,11.0,81.0,85.0,589.0,4,646.0
0.0,4.0,11.0,81.0,85.0,158.0,4,646.0
0.0,4.0,11.0,158.0,722.0,947.0,4,992.0
0.0,23.0,146.0,307.0,440.0,798.0,4,921.0
0.0,23.0,146.0,307.0,440.0,798.0,4,921.0
0.0,23.0,146.0,655.0,673.0,827.0,4,923.0
0.0,23.0,146.0,307.0,673.0,798.0,4,921.0
0.0,23.0,307.0,440.0,673.0,798.0,4,921.0
0.0,23.0,146.0,307.0,798.0,921.0,4,923.0
0.0,23.0,307.0,440.0,673.0,798.0,4,921.0
0.0,23.0,307.0,440.0,673.0,798.0,4,921.0
0.0,34.0,36.0,129.0,282.0,355.0,4,446.0
0.0,34.0,36.0,55.0,282.0,355.0,4,446.0
0.0,34.0,36.0,55.0,67.0,137.0,4,446.0
0.0,34.0,36.0,55.0,67.0,137.0,4,446.0
0.0,34.0,55.0,67.0,137.0,224.0,4,355.0
0.0,34.0,55.0,137.0,247.0,330.0,4,355.0
0.0,34.0,36.0,55.0,67.0,330.0,4,847.0
0.0,34.0,36.0,67.0,330.0,446.0,4,847.0
0.0,9.0,151.0,168.0,452.0,828.0,4,941.0
0.0,9.0,68.0,135.0,151.0,168.0,4,941.0
0.0,9.0,68.0,135.0,452.0,628.0,4,941.0
0.0,9.0,68.0,135.0,452.0,628.0,4,941.0
0.0,9.0,68.0,135.0,452.0,628.0,4,828.0
0.0,9.0,68.0,151.0,168.0,828.0,4,941.0
0.0,9.0,135.0,452.0,628.0,851.0,4,941.0
0.0,9.0,135.0,452.0,628.0,850.0,4,851.0
0.0,9.0,135.0,452.0,628.0,850.0,4,851.0
0.0,10.0,12.0,52.0,80.0,453.0,4,920.0
0.0,10.0,12.0,453.0,532.0,731.0,4,920.0
0.0,10.0,52.0,80.0,453.0,688.0,4,920.0
0.0,10.0,52.0,80.0,453.0,688.0,4,920.0
0.0,10.0,8.0,12.0,80.0,453.0,4,920.0
0.0,10.0,12.0,52.0,80.0,453.0,4,920.0
0.0,10.0,12.0,52.0,453.0,731.0,4,920.0
0.0,10.0,12.0,52.0,688.0,731.0,4,920.0
0.0,10.0,52.0,688.0,711.0,731.0,4,920.0
0.0,10.0,52.0,688.0,711.0,731.0,4,920.0
0.0,10.0,12.0,52.0,80.0,453.0,4,731.0
0.0,10.0,12.0,52.0,80.0,453.0,4,920.0
0.0,10.0,8.0,12.0,688.0,731.0,4,920.0
0.0,10.0,8.0,12.0,688.0,731.0,4,920.0
0.0,10.0,8.0,564.0,688.0,731.0,4,920.0
0.0,10.0,8.0,80.0,564.0,688.0,4,731.0
0.0,10.0,8.0,80.0,564.0,688.0,4,731.0
0.0,10.0,8.0,12.0,80.0,453.0,4,920.0
0.0,10.0,12.0,52.0,688.0,731.0,4,920.0
0.0,10.0,12.0,52.0,80.0,731.0,4,920.0
0.0,10.0,52.0,80.0,688.0,731.0,4,920.0
0.0,28.0,110.0,389.0,444.0,608.0,4,1036.0
0.0,28.0,110.0,340.0,416.0,685.0,4,971.0
0.0,28.0,340.0,416.0,685.0,890.0,4,971.0
0.0,28.0,110.0,389.0,444.0,608.0,4,1036.0
0.0,28.0,110.0,389.0,444.0,608.0,4,1036.0
0.0,28.0,110.0,389.0,444.0,608.0,4,1036.0
0.0,28.0,340.0,416.0,685.0,890.0,4,971.0
0.0,28.0,110.0,340.0,608.0,685.0,4,971.0
0.0,28.0,110.0,389.0,444.0,971.0,4,1036.0
0.0,28.0,210.0,389.0,444.0,971.0,4,1036.0
0.0,10.0,12.0,52.0,80.0,453.0,4,920.0
0.0,10.0,12.0,52.0,711.0,731.0,4,920.0
0.0,10.0,52.0,688.0,711.0,731.0,4,920.0
0.0,10.0,532.0,688.0,711.0,731.0,4,920.0
0.0,10.0,453.0,688.0,711.0,731.0,4,920.0
0.0,10.0,453.0,688.0,711.0,731.0,4,920.0
0.0,10.0,80.0,453.0,688.0,711.0,4,731.0
0.0,10.0,80.0,453.0,688.0,711.0,4,731.0
0.0,10.0,52.0,80.0,453.0,688.0,4,920.0
0.0,10.0,12.0,52.0,453.0,731.0,4,920.0
0.0,10.0,12.0,80.0,453.0,688.0,4,920.0
0.0,10.0,12.0,80.0,453.0,688.0,4,920.0
0.0,10.0,52.0,80.0,453.0,688.0,4,711.0
0.0,10.0,52.0,80.0,453.0,688.0,4,711.0
0.0,10.0,12.0,52.0,80.0,453.0,4,920.0
0.0,10.0,52.0,453.0,688.0,731.0,4,920.0
0.0,10.0,532.0,688.0,711.0,731.0,4,920.0
0.0,10.0,12.0,453.0,532.0,711.0,4,731.0
0.0,10.0,12.0,52.0,453.0,711.0,4,731.0
0.0,10.0,52.0,80.0,564.0,711.0,4,731.0
0.0,10.0,12.0,52.0,453.0,731.0,4,920.0
0.0,10.0,12.0,52.0,453.0,731.0,4,920.0
0.0,10.0,52.0,80.0,453.0,711.0,4,920.0
0.0,10.0,52.0,453.0,711.0,731.0,4,920.0
0.0,10.0,80.0,453.0,532.0,688.0,4,731.0
0.0,10.0,80.0,453.0,532.0,688.0,4,731.0
0.0,33.0,45.0,134.0,254.0,255.0,4,698.0
0.0,33.0,45.0,134.0,254.0,255.0,4,698.0
0.0,33.0,45.0,134.0,254.0,255.0,4,698.0
0.0,33.0,45.0,134.0,254.0,255.0,4,698.0
0.0,33.0,45.0,254.0,692.0,789.0,4,853.0
0.0,33.0,45.0,134.0,255.0,692.0,4,789.0
0.0,33.0,45.0,134.0,255.0,692.0,4,789.0
0.0,10.0,12.0,52.0,80.0,453.0,4,711.0
0.0,10.0,12.0,52.0,80.0,453.0,4,731.0
0.0,10.0,52.0,80.0,453.0,688.0,4,731.0
0.0,10.0,52.0,453.0,688.0,711.0,4,731.0
0.0,10.0,52.0,80.0,453.0,711.0,4,731.0
0.0,10.0,52.0,453.0,688.0,711.0,4,731.0
0.0,10.0,12.0,52.0,80.0,688.0,4,731.0
0.0,10.0,12.0,52.0,80.0,711.0,4,731.0
0.0,14.0,592.0,599.0,609.0,644.0,4,907.0
0.0,14.0,592.0,599.0,609.0,644.0,4,907.0
0.0,14.0,592.0,599.0,644.0,855.0,4,907.0
0.0,14.0,48.0,592.0,644.0,855.0,4,907.0
0.0,14.0,48.0,592.0,644.0,855.0,4,907.0
0.0,14.0,592.0,599.0,609.0,877.0,4,894.0
0.0,14.0,592.0,599.0,609.0,877.0,4,894.0
0.0,14.0,116.0,592.0,599.0,609.0,4,907.0
0.0,14.0,116.0,592.0,599.0,609.0,4,907.0
0.0,14.0,48.0,592.0,609.0,877.0,4,894.0
0.0,14.0,592.0,609.0,855.0,877.0,4,894.0
0.0,14.0,592.0,609.0,855.0,877.0,4,894.0
0.0,14.0,592.0,609.0,644.0,855.0,4,894.0
0.0,10.0,52.0,80.0,711.0,731.0,4,920.0
0.0,10.0,80.0,453.0,688.0,711.0,4,731.0
0.0,10.0,453.0,688.0,711.0,731.0,4,920.0
0.0,10.0,453.0,532.0,564.0,711.0,4,875.0
0.0,10.0,532.0,564.0,688.0,711.0,4,875.0
0.0,10.0,8.0,532.0,564.0,711.0,4,875.0
0.0,10.0,12.0,80.0,453.0,731.0,4,920.0
0.0,10.0,12.0,80.0,453.0,731.0,4,920.0
0.0,10.0,12.0,80.0,453.0,731.0,4,920.0
0.0,10.0,12.0,453.0,688.0,731.0,4,920.0
0.0,10.0,52.0,453.0,688.0,731.0,4,920.0
0.0,10.0,12.0,52.0,688.0,711.0,4,731.0
0.0,10.0,12.0,52.0,453.0,711.0,4,731.0
0.0,10.0,52.0,453.0,688.0,731.0,4,920.0
0.0,10.0,12.0,52.0,453.0,711.0,4,731.0
0.0,10.0,12.0,52.0,453.0,711.0,4,920.0
0.0,10.0,52.0,453.0,711.0,731.0,4,920.0
0.0,11.0,173.0,647.0,806.0,895.0,4,1031.0
0.0,11.0,590.0,647.0,806.0,895.0,4,1031.0
0.0,11.0,590.0,806.0,895.0,999.0,4,1031.0
0.0,11.0,173.0,590.0,806.0,895.0,4,1031.0
0.0,11.0,173.0,647.0,806.0,895.0,4,1031.0
0.0,11.0,173.0,553.0,590.0,647.0,4,806.0
0.0,11.0,173.0,553.0,647.0,806.0,4,895.0
0.0,15.0,174.0,373.0,786.0,860.0,4,937.0
0.0,15.0,373.0,544.0,786.0,860.0,4,937.0
0.0,15.0,373.0,544.0,786.0,860.0,4,937.0
0.0,15.0,24.0,544.0,786.0,860.0,4,937.0
0.0,15.0,174.0,201.0,373.0,786.0,4,937.0
0.0,15.0,174.0,201.0,373.0,786.0,4,937.0
0.0,30.0,121.0,337.0,705.0,953.0,4,963.0
0.0,30.0,121.0,657.0,705.0,953.0,4,963.0
0.0,30.0,409.0,657.0,705.0,953.0,4,963.0
0.0,30.0,121.0,689.0,705.0,953.0,4,963.0
0.0,30.0,121.0,689.0,705.0,953.0,4,963.0
0.0,30.0,409.0,434.0,657.0,705.0,4,953.0
0.0,10.0,12.0,80.0,453.0,731.0,4,920.0
0.0,10.0,52.0,453.0,688.0,731.0,4,920.0
0.0,10.0,12.0,52.0,453.0,731.0,4,920.0
0.0,10.0,12.0,52.0,80.0,731.0,4,920.0
0.0,10.0,12.0,52.0,80.0,731.0,4,920.0
0.0,10.0,12.0,80.0,688.0,731.0,4,920.0
0.0,10.0,12.0,80.0,453.0,731.0,4,920.0
0.0,10.0,12.0,52.0,80.0,731.0,4,920.0
0.0,10.0,12.0,52.0,80.0,731.0,4,920.0
0.0,10.0,12.0,80.0,688.0,731.0,4,920.0
0.0,10.0,12.0,80.0,453.0,688.0,4,731.0
0.0,10.0,52.0,453.0,688.0,711.0,4,920.0
0.0,10.0,52.0,80.0,453.0,711.0,4,920.0
0.0,29.0,505.0,700.0,800.0,854.0,4,899.0
0.0,29.0,505.0,580.0,800.0,854.0,4,899.0
0.0,29.0,338.0,505.0,580.0,713.0,4,899.0
0.0,29.0,505.0,550.0,580.0,700.0,4,800.0
0.0,10.0,12.0,80.0,453.0,731.0,4,920.0
0.0,10.0,12.0,80.0,453.0,731.0,4,920.0
0.0,10.0,12.0,80.0,453.0,688.0,4,711.0
0.0,10.0,52.0,453.0,711.0,731.0,4,920.0
0.0,10.0,52.0,453.0,711.0,731.0,4,920.0
0.0,10.0,52.0,453.0,688.0,731.0,4,920.0
0.0,10.0,12.0,80.0,453.0,731.0,4,920.0
0.0,10.0,12.0,80.0,453.0,731.0,4,920.0
0.0,10.0,12.0,80.0,453.0,688.0,4,731.0
0.0,10.0,12.0,80.0,453.0,688.0,4,731.0
0.0,10.0,12.0,80.0,453.0,564.0,4,688.0
0.0,10.0,12.0,80.0,453.0,731.0,4,920.0
0.0,10.0,80.0,453.0,688.0,711.0,4,920.0
0.0,10.0,52.0,453.0,688.0,731.0,4,920.0
0.0,10.0,52.0,80.0,688.0,731.0,4,920.0
0.0,10.0,52.0,80.0,711.0,731.0,4,920.0
0.0,10.0,12.0,80.0,453.0,688.0,4,711.0
0.0,10.0,12.0,80.0,453.0,688.0,4,711.0
0.0,10.0,12.0,80.0,453.0,711.0,4,920.0
0.0,10.0,12.0,80.0,453.0,688.0,4,711.0
0.0,10.0,52.0,80.0,688.0,711.0,4,731.0
0.0,10.0,453.0,532.0,688.0,711.0,4,731.0
0.0,10.0,453.0,532.0,564.0,688.0,4,731.0
0.0,28.0,444.0,685.0,804.0,890.0,4,971.0
0.0,28.0,210.0,416.0,685.0,890.0,4,971.0
0.0,28.0,210.0,340.0,416.0,890.0,4,971.0
0.0,28.0,210.0,340.0,416.0,890.0,4,971.0
0.0,28.0,210.0,340.0,416.0,890.0,4,971.0
0.0,28.0,210.0,340.0,804.0,890.0,4,971.0
0.0,28.0,210.0,643.0,685.0,890.0,4,971.0
0.0,13.0,182.0,212.0,315.0,787.0,4,956.0
0.0,13.0,161.0,182.0,212.0,871.0,4,956.0
0.0,13.0,161.0,182.0,315.0,871.0,4,956.0
0.0,13.0,161.0,192.0,315.0,803.0,4,871.0
0.0,13.0,161.0,182.0,192.0,315.0,4,871.0
0.0,13.0,161.0,182.0,192.0,315.0,4,871.0
0.0,13.0,182.0,315.0,871.0,900.0,4,956.0
0.0,13.0,161.0,182.0,192.0,315.0,4,871.0
0.0,13.0,161.0,182.0,315.0,803.0,4,871.0
0.0,13.0,182.0,315.0,803.0,871.0,4,956.0
0.0,8.0,136.0,299.0,575.0,747.0,4,1030.0
0.0,8.0,41.0,299.0,627.0,747.0,4,1030.0
0.0,8.0,41.0,299.0,665.0,747.0,4,1030.0
0.0,8.0,41.0,299.0,665.0,747.0,4,1030.0
0.0,8.0,41.0,136.0,400.0,575.0,4,665.0
0.0,8.0,41.0,136.0,299.0,575.0,4,665.0
0.0,8.0,136.0,299.0,308.0,747.0,4,1030.0
0.0,8.0,41.0,136.0,308.0,400.0,4,665.0
0.0,8.0,41.0,136.0,494.0,665.0,4,1030.0
0.0,8.0,136.0,299.0,308.0,400.0,4,665.0
0.0,8.0,41.0,136.0,308.0,400.0,4,665.0
0.0,8.0,41.0,136.0,308.0,400.0,4,747.0
0.0,8.0,136.0,299.0,494.0,747.0,4,1030.0
0.0,8.0,41.0,136.0,299.0,400.0,4,665.0
0.0,26.0,29.0,40.0,168.0,928.0,4,1024.0
0.0,26.0,29.0,40.0,601.0,928.0,4,1024.0
0.0,26.0,40.0,168.0,582.0,601.0,4,874.0
0.0,26.0,29.0,40.0,601.0,874.0,4,928.0
0.0,26.0,582.0,601.0,901.0,928.0,4,1024.0
0.0,26.0,29.0,168.0,601.0,928.0,4,1024.0
0.0,26.0,29.0,168.0,601.0,874.0,4,1024.0
0.0,26.0,29.0,40.0,601.0,874.0,4,1024.0
0.0,16.0,31.0,285.0,296.0,431.0,4,996.0
0.0,16.0,65.0,285.0,296.0,431.0,4,996.0
0.0,16.0,65.0,285.0,296.0,431.0,4,996.0
0.0,16.0,65.0,285.0,296.0,431.0,4,996.0
0.0,16.0,31.0,65.0,285.0,296.0,4,431.0
0.0,16.0,31.0,65.0,285.0,349.0,4,431.0
0.0,16.0,31.0,65.0,285.0,349.0,4,431.0
0.0,16.0,31.0,285.0,296.0,431.0,4,996.0
0.0,16.0,31.0,285.0,296.0,431.0,4,996.0
0.0,16.0,65.0,285.0,296.0,431.0,4,996.0
0.0,16.0,65.0,285.0,296.0,431.0,4,996.0
0.0,16.0,285.0,296.0,431.0,450.0,4,996.0
0.0,25.0,133.0,294.0,363.0,380.0,4,961.0
0.0,25.0,133.0,226.0,294.0,380.0,4,586.0
0.0,25.0,133.0,380.0,586.0,961.0,4,974.0
0.0,25.0,294.0,380.0,421.0,586.0,4,961.0
0.0,25.0,133.0,294.0,380.0,586.0,4,961.0
0.0,25.0,133.0,226.0,294.0,380.0,4,586.0
0.0,25.0,133.0,226.0,294.0,380.0,4,586.0
0.0,25.0,133.0,226.0,294.0,586.0,4,974.0
0.0,25.0,294.0,363.0,421.0,586.0,4,974.0
0.0,8.0,41.0,136.0,308.0,400.0,4,665.0
0.0,8.0,41.0,136.0,494.0,824.0,4,1030.0
0.0,8.0,136.0,299.0,494.0,824.0,4,1030.0
0.0,8.0,136.0,299.0,494.0,824.0,4,1030.0
0.0,8.0,41.0,299.0,400.0,494.0,4,824.0
0.0,8.0,41.0,136.0,400.0,665.0,4,824.0
0.0,8.0,41.0,136.0,308.0,400.0,4,665.0
0.0,8.0,41.0,136.0,308.0,400.0,4,665.0
0.0,8.0,41.0,136.0,308.0,494.0,4,1030.0
0.0,8.0,136.0,299.0,308.0,494.0,4,1030.0
0.0,8.0,136.0,299.0,494.0,824.0,4,1030.0
0.0,8.0,299.0,400.0,494.0,824.0,4,1030.0
0.0,8.0,41.0,299.0,400.0,494.0,4,824.0
0.0,8.0,41.0,136.0,400.0,665.0,4,824.0
0.0,8.0,41.0,136.0,400.0,665.0,4,824.0
0.0,8.0,41.0,136.0,308.0,400.0,4,665.0
0.0,8.0,41.0,136.0,308.0,400.0,4,665.0
0.0,8.0,41.0,136.0,627.0,665.0,4,1030.0
0.0,8.0,136.0,253.0,627.0,824.0,4,1030.0
0.0,8.0,41.0,400.0,627.0,824.0,4,1030.0
0.0,8.0,41.0,400.0,665.0,824.0,4,1030.0
0.0,8.0,41.0,400.0,665.0,824.0,4,1030.0
0.0,8.0,41.0,136.0,400.0,665.0,4,824.0
0.0,8.0,41.0,136.0,400.0,665.0,4,824.0
0.0,8.0,41.0,136.0,400.0,665.0,4,824.0
0.0,8.0,41.0,400.0,627.0,824.0,4,1030.0
0.0,8.0,136.0,400.0,627.0,824.0,4,1030.0
0.0,8.0,41.0,136.0,627.0,824.0,4,1030.0
0.0,8.0,41.0,136.0,308.0,400.0,4,665.0
0.0,8.0,41.0,136.0,308.0,400.0,4,665.0
0.0,8.0,41.0,136.0,400.0,665.0,4,824.0
0.0,8.0,41.0,136.0,400.0,665.0,4,824.0
0.0,8.0,136.0,299.0,665.0,824.0,4,1030.0
0.0,8.0,41.0,136.0,308.0,400.0,4,494.0
0.0,8.0,41.0,136.0,308.0,400.0,4,494.0
0.0,8.0,41.0,136.0,308.0,400.0,4,665.0
0.0,8.0,41.0,136.0,308.0,400.0,4,665.0
0.0,8.0,41.0,299.0,494.0,824.0,4,1030.0
0.0,8.0,41.0,400.0,494.0,824.0,4,1030.0
0.0,8.0,41.0,136.0,400.0,494.0,4,1030.0
0.0,8.0,41.0,136.0,308.0,400.0,4,665.0
0.0,8.0,41.0,136.0,308.0,400.0,4,665.0
0.0,8.0,136.0,299.0,665.0,824.0,4,1030.0
0.0,8.0,136.0,299.0,494.0,824.0,4,1030.0
0.0,8.0,41.0,136.0,308.0,400.0,4,494.0
0.0,8.0,41.0,136.0,308.0,400.0,4,665.0
0.0,8.0,136.0,299.0,665.0,824.0,4,1030.0
0.0,18.0,577.0,677.0,718.0,832.0,4,973.0
0.0,18.0,191.0,577.0,681.0,811.0,4,832.0
0.0,18.0,577.0,677.0,811.0,973.0,4,982.0
0.0,18.0,191.0,677.0,681.0,718.0,4,832.0
0.0,18.0,577.0,677.0,718.0,832.0,4,973.0
0.0,18.0,191.0,549.0,577.0,681.0,4,811.0
0.0,18.0,191.0,577.0,718.0,811.0,4,973.0
0.0,18.0,191.0,577.0,718.0,832.0,4,973.0
0.0,8.0,41.0,136.0,665.0,824.0,4,1030.0
0.0,8.0,41.0,136.0,665.0,824.0,4,1030.0
0.0,8.0,136.0,299.0,627.0,824.0,4,1030.0
0.0,8.0,41.0,299.0,308.0,824.0,4,1030.0
0.0,8.0,41.0,136.0,308.0,400.0,4,665.0
0.0,8.0,41.0,136.0,308.0,400.0,4,665.0
0.0,8.0,41.0,136.0,400.0,665.0,4,824.0
0.0,8.0,136.0,299.0,400.0,665.0,4,824.0
0.0,8.0,136.0,299.0,627.0,824.0,4,1030.0
0.0,8.0,41.0,299.0,627.0,665.0,4,1030.0
0.0,8.0,41.0,253.0,627.0,665.0,4,1030.0
0.0,8.0,41.0,136.0,308.0,400.0,4,665.0
0.0,8.0,41.0,136.0,308.0,400.0,4,665.0
0.0,8.0,41.0,136.0,665.0,824.0,4,1030.0
0.0,8.0,136.0,299.0,665.0,824.0,4,1030.0
0.0,8.0,41.0,299.0,400.0,627.0,4,824.0
0.0,8.0,41.0,299.0,400.0,627.0,4,824.0
0.0,8.0,41.0,136.0,299.0,308.0,4,627.0
0.0,8.0,41.0,136.0,299.0,308.0,4,665.0
0.0,8.0,41.0,136.0,308.0,400.0,4,665.0
0.0,8.0,41.0,308.0,400.0,665.0,4,1030.0
0.0,8.0,41.0,308.0,400.0,665.0,4,1030.0
0.0,8.0,41.0,400.0,665.0,824.0,4,1030.0
0.0,8.0,41.0,299.0,665.0,824.0,4,1030.0
0.0,8.0,41.0,299.0,665.0,824.0,4,1030.0
0.0,8.0,41.0,299.0,665.0,824.0,4,1030.0
0.0,8.0,136.0,299.0,665.0,824.0,4,1030.0
0.0,8.0,41.0,136.0,400.0,665.0,4,824.0
0.0,8.0,41.0,136.0,308.0,400.0,4,665.0
0.0,8.0,136.0,299.0,308.0,665.0,4,1030.0
0.0,8.0,41.0,299.0,400.0,627.0,4,747.0
0.0,8.0,41.0,299.0,400.0,627.0,4,747.0
0.0,8.0,41.0,299.0,308.0,400.0,4,627.0
0.0,8.0,41.0,136.0,400.0,627.0,4,1030.0
0.0,8.0,41.0,136.0,308.0,400.0,4,747.0
0.0,8.0,41.0,299.0,400.0,627.0,4,1030.0
0.0,8.0,41.0,299.0,308.0,627.0,4,1030.0
0.0,8.0,41.0,299.0,308.0,627.0,4,1030.0
0.0,8.0,41.0,136.0,308.0,400.0,4,1030.0
0.0,8.0,41.0,253.0,419.0,627.0,4,1030.0
0.0,7.0,267.0,277.0,325.0,455.0,4,530.0
0.0,7.0,267.0,277.0,325.0,455.0,4,530.0
0.0,7.0,246.0,263.0,277.0,455.0,4,530.0
0.0,7.0,246.0,263.0,267.0,277.0,4,365.0
0.0,7.0,267.0,277.0,325.0,365.0,4,530.0
0.0,7.0,246.0,277.0,365.0,455.0,4,530.0
0.0,7.0,263.0,277.0,325.0,455.0,4,530.0
0.0,7.0,246.0,263.0,267.0,277.0,4,530.0
0.0,7.0,246.0,267.0,277.0,365.0,4,455.0
0.0,7.0,246.0,263.0,277.0,455.0,4,530.0
0.0,7.0,267.0,277.0,325.0,455.0,4,530.0
0.0,7.0,263.0,277.0,325.0,455.0,4,530.0
0.0,0.0,535.0,686.0,857.0,912.0,4,1037.0
0.0,0.0,535.0,857.0,905.0,912.0,4,1037.0
0.0,0.0,686.0,905.0,912.0,991.0,4,1037.0
0.0,0.0,535.0,631.0,870.0,910.0,4,991.0
0.0,0.0,535.0,631.0,870.0,910.0,4,991.0
0.0,0.0,535.0,631.0,870.0,912.0,4,991.0
0.0,0.0,535.0,631.0,870.0,912.0,4,991.0
0.0,0.0,535.0,870.0,912.0,991.0,4,1037.0
0.0,0.0,142.0,535.0,857.0,870.0,4,910.0
0.0,34.0,55.0,112.0,137.0,247.0,4,355.0
0.0,34.0,55.0,112.0,137.0,247.0,4,355.0
0.0,34.0,55.0,67.0,129.0,247.0,4,446.0
0.0,34.0,55.0,67.0,247.0,355.0,4,446.0
0.0,34.0,55.0,112.0,137.0,247.0,4,355.0
0.0,34.0,55.0,112.0,137.0,355.0,4,446.0
0.0,34.0,55.0,112.0,137.0,355.0,4,446.0
0.0,34.0,55.0,67.0,112.0,137.0,4,355.0
0.0,34.0,55.0,67.0,112.0,137.0,4,355.0
0.0,34.0,55.0,67.0,112.0,137.0,4,355.0
0.0,34.0,67.0,137.0,282.0,428.0,4,446.0
0.0,34.0,36.0,67.0,282.0,428.0,4,446.0
0.0,1.0,14.0,118.0,790.0,886.0,4,960.0
0.0,1.0,14.0,118.0,790.0,886.0,4,960.0
0.0,1.0,14.0,250.0,790.0,960.0,4,1010.0
0.0,1.0,250.0,351.0,625.0,960.0,4,1010.0
0.0,1.0,14.0,790.0,886.0,960.0,4,1010.0
0.0,1.0,14.0,790.0,886.0,960.0,4,1010.0
0.0,1.0,14.0,250.0,790.0,960.0,4,1010.0
0.0,1.0,14.0,250.0,790.0,960.0,4,1010.0
0.0,1.0,14.0,250.0,790.0,960.0,4,1010.0
0.0,23.0,146.0,307.0,418.0,440.0,4,921.0
0.0,23.0,146.0,234.0,418.0,440.0,4,921.0
0.0,23.0,234.0,440.0,655.0,740.0,4,921.0
0.0,23.0,234.0,307.0,418.0,440.0,4,740.0
0.0,23.0,234.0,307.0,418.0,440.0,4,740.0
0.0,23.0,234.0,307.0,418.0,440.0,4,921.0
0.0,23.0,234.0,307.0,440.0,740.0,4,921.0
0.0,23.0,146.0,234.0,307.0,740.0,4,921.0
0.0,23.0,146.0,234.0,440.0,740.0,4,921.0
0.0,8.0,41.0,308.0,627.0,665.0,4,1030.0
0.0,8.0,41.0,308.0,627.0,665.0,4,1030.0
0.0,8.0,299.0,627.0,665.0,824.0,4,1030.0
0.0,8.0,253.0,299.0,627.0,665.0,4,824.0
0.0,8.0,41.0,253.0,299.0,494.0,4,824.0
0.0,8.0,41.0,253.0,299.0,494.0,4,824.0
0.0,8.0,41.0,299.0,494.0,665.0,4,1030.0
0.0,8.0,41.0,299.0,494.0,824.0,4,1030.0
0.0,8.0,41.0,299.0,308.0,665.0,4,1030.0
0.0,8.0,29.0,253.0,299.0,627.0,4,824.0
0.0,8.0,29.0,253.0,299.0,308.0,4,824.0
0.0,8.0,29.0,253.0,308.0,824.0,4,1030.0
0.0,8.0,29.0,299.0,627.0,747.0,4,824.0
0.0,8.0,29.0,299.0,308.0,747.0,4,1030.0
0.0,8.0,29.0,299.0,627.0,824.0,4,1030.0
0.0,8.0,29.0,253.0,299.0,308.0,4,824.0
0.0,8.0,29.0,253.0,299.0,308.0,4,824.0
0.0,8.0,29.0,299.0,308.0,747.0,4,1030.0
0.0,8.0,29.0,299.0,308.0,747.0,4,1030.0
0.0,8.0,29.0,253.0,299.0,627.0,4,747.0
0.0,8.0,29.0,253.0,299.0,308.0,4,824.0
0.0,8.0,299.0,308.0,627.0,824.0,4,1030.0
0.0,8.0,29.0,299.0,308.0,747.0,4,1030.0
0.0,8.0,29.0,299.0,308.0,747.0,4,1030.0
0.0,8.0,29.0,253.0,299.0,308.0,4,747.0
0.0,8.0,29.0,253.0,299.0,627.0,4,824.0
0.0,8.0,29.0,253.0,308.0,824.0,4,1030.0
0.0,8.0,29.0,299.0,627.0,747.0,4,824.0
0.0,8.0,29.0,299.0,627.0,747.0,4,824.0
0.0,8.0,29.0,253.0,308.0,419.0,4,1030.0
0.0,8.0,29.0,253.0,308.0,419.0,4,1030.0
0.0,8.0,29.0,299.0,627.0,824.0,4,1030.0
0.0,8.0,29.0,253.0,299.0,308.0,4,824.0
0.0,8.0,29.0,299.0,308.0,627.0,4,824.0
0.0,8.0,29.0,253.0,308.0,419.0,4,1030.0
0.0,8.0,29.0,299.0,627.0,824.0,4,1030.0
0.0,8.0,29.0,299.0,627.0,824.0,4,1030.0
0.0,8.0,29.0,299.0,308.0,824.0,4,1030.0
0.0,8.0,29.0,299.0,308.0,824.0,4,1030.0
0.0,8.0,29.0,253.0,308.0,627.0,4,1030.0
0.0,8.0,29.0,299.0,627.0,824.0,4,1030.0
0.0,8.0,29.0,299.0,627.0,824.0,4,1030.0
0.0,8.0,29.0,299.0,308.0,665.0,4,1030.0
0.0,8.0,299.0,308.0,627.0,824.0,4,1030.0
0.0,8.0,29.0,253.0,308.0,665.0,4,1030.0
0.0,8.0,29.0,299.0,627.0,824.0,4,1030.0
0.0,8.0,29.0,299.0,308.0,824.0,4,1030.0
0.0,8.0,29.0,299.0,627.0,665.0,4,824.0
0.0,8.0,29.0,299.0,308.0,824.0,4,1030.0
0.0,8.0,253.0,299.0,665.0,824.0,4,1030.0
0.0,8.0,253.0,299.0,665.0,824.0,4,1030.0
0.0,8.0,29.0,253.0,299.0,665.0,4,1030.0
0.0,8.0,29.0,253.0,299.0,665.0,4,1030.0
0.0,8.0,29.0,253.0,299.0,308.0,4,665.0
0.0,8.0,29.0,299.0,308.0,665.0,4,1030.0
0.0,8.0,29.0,299.0,627.0,824.0,4,1030.0
0.0,8.0,29.0,299.0,627.0,824.0,4,1030.0
0.0,8.0,29.0,299.0,627.0,665.0,4,1030.0
0.0,8.0,29.0,299.0,308.0,665.0,4,1030.0
0.0,14.0,48.0,116.0,592.0,644.0,4,907.0
0.0,14.0,518.0,695.0,855.0,877.0,4,1007.0
0.0,14.0,518.0,644.0,695.0,855.0,4,1007.0
0.0,14.0,48.0,116.0,592.0,644.0,4,907.0
0.0,14.0,48.0,592.0,644.0,877.0,4,907.0
0.0,14.0,48.0,116.0,592.0,644.0,4,907.0
0.0,14.0,48.0,116.0,592.0,644.0,4,907.0
0.0,14.0,48.0,116.0,592.0,644.0,4,907.0
0.0,14.0,116.0,592.0,644.0,855.0,4,907.0
0.0,14.0,592.0,695.0,855.0,907.0,4,1007.0
0.0,14.0,518.0,695.0,855.0,877.0,4,1007.0
0.0,8.0,29.0,299.0,308.0,627.0,4,824.0
0.0,8.0,299.0,627.0,747.0,824.0,4,1030.0
0.0,8.0,29.0,299.0,308.0,627.0,4,747.0
0.0,8.0,29.0,299.0,308.0,627.0,4,824.0
0.0,8.0,29.0,299.0,419.0,824.0,4,1030.0
0.0,8.0,29.0,299.0,419.0,824.0,4,1030.0
0.0,8.0,29.0,299.0,308.0,419.0,4,1030.0
0.0,8.0,29.0,299.0,308.0,627.0,4,665.0
0.0,8.0,29.0,299.0,627.0,665.0,4,824.0
0.0,8.0,29.0,299.0,665.0,824.0,4,1030.0
0.0,8.0,299.0,540.0,665.0,747.0,4,1030.0
0.0,8.0,29.0,299.0,308.0,627.0,4,665.0
0.0,8.0,29.0,299.0,665.0,747.0,4,1030.0
0.0,8.0,29.0,299.0,627.0,665.0,4,747.0
0.0,8.0,29.0,299.0,627.0,665.0,4,824.0
0.0,8.0,29.0,540.0,665.0,747.0,4,1030.0
0.0,8.0,29.0,299.0,665.0,824.0,4,1030.0
0.0,8.0,29.0,299.0,665.0,824.0,4,1030.0
0.0,8.0,29.0,299.0,308.0,400.0,4,665.0
0.0,8.0,299.0,400.0,665.0,824.0,4,1030.0
0.0,8.0,299.0,400.0,665.0,824.0,4,1030.0
0.0,8.0,299.0,400.0,665.0,824.0,4,1030.0
0.0,8.0,29.0,299.0,400.0,665.0,4,824.0
0.0,8.0,29.0,400.0,665.0,747.0,4,1030.0
0.0,8.0,29.0,308.0,400.0,665.0,4,1030.0
0.0,8.0,29.0,627.0,665.0,747.0,4,1030.0
0.0,8.0,29.0,665.0,747.0,922.0,4,1030.0
0.0,8.0,29.0,747.0,824.0,922.0,4,1030.0
0.0,8.0,400.0,627.0,665.0,824.0,4,922.0
0.0,8.0,29.0,308.0,665.0,922.0,4,1030.0
0.0,8.0,29.0,627.0,665.0,922.0,4,1030.0
0.0,8.0,29.0,627.0,747.0,922.0,4,1030.0
0.0,8.0,29.0,627.0,665.0,747.0,4,922.0
0.0,8.0,29.0,627.0,665.0,922.0,4,1030.0
0.0,28.0,110.0,389.0,538.0,608.0,4,1036.0
0.0,28.0,110.0,538.0,608.0,685.0,4,1036.0
0.0,28.0,416.0,538.0,685.0,804.0,4,890.0
0.0,28.0,416.0,538.0,685.0,804.0,4,890.0
0.0,28.0,416.0,538.0,685.0,804.0,4,890.0
0.0,28.0,110.0,416.0,685.0,804.0,4,890.0
0.0,28.0,416.0,538.0,685.0,804.0,4,890.0
0.0,28.0,538.0,608.0,685.0,890.0,4,1036.0
0.0,8.0,29.0,627.0,665.0,824.0,4,922.0
0.0,8.0,29.0,308.0,400.0,747.0,4,1030.0
0.0,8.0,29.0,308.0,400.0,747.0,4,1030.0
0.0,8.0,29.0,308.0,400.0,747.0,4,1030.0
0.0,8.0,308.0,400.0,747.0,922.0,4,1030.0
0.0,8.0,400.0,665.0,747.0,922.0,4,1030.0
0.0,8.0,29.0,400.0,665.0,747.0,4,922.0
0.0,8.0,29.0,400.0,665.0,824.0,4,922.0
0.0,8.0,29.0,627.0,665.0,824.0,4,922.0
0.0,11.0,274.0,553.0,806.0,895.0,4,968.0
0.0,11.0,99.0,173.0,553.0,647.0,4,806.0
0.0,11.0,274.0,647.0,806.0,895.0,4,968.0
0.0,11.0,274.0,553.0,806.0,895.0,4,968.0
0.0,11.0,274.0,553.0,806.0,895.0,4,968.0
0.0,11.0,99.0,274.0,553.0,647.0,4,968.0
0.0,11.0,99.0,173.0,553.0,647.0,4,895.0
0.0,11.0,274.0,647.0,806.0,895.0,4,968.0
0.0,8.0,29.0,136.0,665.0,824.0,4,922.0
0.0,8.0,29.0,136.0,665.0,824.0,4,922.0
0.0,8.0,29.0,136.0,308.0,665.0,4,922.0
0.0,8.0,29.0,308.0,400.0,665.0,4,922.0
0.0,8.0,29.0,308.0,400.0,665.0,4,922.0
0.0,8.0,29.0,136.0,308.0,665.0,4,922.0
0.0,8.0,29.0,400.0,665.0,824.0,4,1030.0
0.0,8.0,29.0,308.0,400.0,665.0,4,1030.0
0.0,8.0,29.0,136.0,747.0,922.0,4,1030.0
0.0,8.0,29.0,136.0,747.0,922.0,4,1030.0
0.0,8.0,253.0,400.0,627.0,824.0,4,1030.0
0.0,33.0,45.0,134.0,254.0,255.0,4,698.0
0.0,33.0,254.0,360.0,445.0,692.0,4,789.0
0.0,33.0,134.0,254.0,255.0,445.0,4,692.0
0.0,33.0,134.0,254.0,255.0,445.0,4,692.0
0.0,33.0,134.0,255.0,360.0,445.0,4,853.0
0.0,33.0,248.0,360.0,698.0,789.0,4,853.0
0.0,33.0,255.0,360.0,698.0,789.0,4,853.0
0.0,33.0,134.0,255.0,698.0,789.0,4,853.0
0.0,8.0,29.0,136.0,665.0,824.0,4,1030.0
0.0,8.0,29.0,308.0,400.0,665.0,4,1030.0
0.0,8.0,29.0,308.0,400.0,747.0,4,1030.0
0.0,8.0,29.0,136.0,665.0,747.0,4,922.0
0.0,8.0,29.0,136.0,308.0,400.0,4,665.0
0.0,8.0,29.0,308.0,400.0,747.0,4,922.0
0.0,8.0,29.0,400.0,747.0,922.0,4,1030.0
0.0,8.0,29.0,136.0,400.0,665.0,4,824.0
0.0,8.0,29.0,308.0,400.0,627.0,4,747.0
0.0,8.0,136.0,308.0,400.0,665.0,4,922.0
0.0,8.0,29.0,136.0,665.0,824.0,4,922.0
0.0,8.0,29.0,136.0,400.0,665.0,4,747.0
0.0,8.0,29.0,136.0,308.0,400.0,4,747.0
0.0,8.0,136.0,308.0,400.0,747.0,4,922.0
0.0,28.0,110.0,389.0,444.0,608.0,4,1036.0
0.0,28.0,389.0,416.0,538.0,608.0,4,890.0
0.0,28.0,416.0,538.0,685.0,890.0,4,1036.0
0.0,28.0,110.0,389.0,444.0,608.0,4,1036.0
0.0,28.0,110.0,389.0,444.0,608.0,4,1036.0
0.0,28.0,110.0,389.0,444.0,497.0,4,1036.0
0.0,28.0,110.0,389.0,416.0,608.0,4,685.0
0.0,28.0,110.0,416.0,444.0,608.0,4,685.0
0.0,28.0,444.0,538.0,608.0,685.0,4,1036.0
0.0,8.0,136.0,665.0,747.0,922.0,4,1030.0
0.0,8.0,253.0,308.0,400.0,747.0,4,922.0
0.0,8.0,308.0,400.0,627.0,747.0,4,922.0
0.0,8.0,308.0,400.0,627.0,747.0,4,922.0
0.0,8.0,400.0,627.0,665.0,747.0,4,922.0
0.0,8.0,136.0,400.0,627.0,665.0,4,922.0
0.0,8.0,136.0,400.0,665.0,824.0,4,922.0
0.0,8.0,136.0,665.0,747.0,922.0,4,1030.0
0.0,8.0,136.0,400.0,665.0,747.0,4,922.0
0.0,8.0,136.0,308.0,627.0,665.0,4,922.0
0.0,8.0,136.0,308.0,627.0,665.0,4,922.0
0.0,8.0,136.0,308.0,627.0,747.0,4,922.0
0.0,8.0,136.0,308.0,627.0,747.0,4,922.0
0.0,8.0,136.0,400.0,665.0,747.0,4,922.0
0.0,29.0,103.0,572.0,580.0,700.0,4,713.0
0.0,29.0,183.0,505.0,700.0,800.0,4,899.0
0.0,29.0,183.0,338.0,505.0,580.0,4,899.0
0.0,29.0,183.0,505.0,580.0,713.0,4,899.0
0.0,29.0,505.0,580.0,700.0,713.0,4,899.0
0.0,29.0,103.0,572.0,580.0,700.0,4,713.0
0.0,29.0,103.0,572.0,580.0,700.0,4,713.0
0.0,29.0,103.0,572.0,580.0,700.0,4,713.0
0.0,29.0,103.0,183.0,580.0,700.0,4,713.0
0.0,29.0,183.0,338.0,505.0,700.0,4,899.0
0.0,8.0,29.0,136.0,308.0,747.0,4,922.0
0.0,8.0,29.0,136.0,308.0,747.0,4,922.0
0.0,8.0,29.0,136.0,400.0,747.0,4,824.0
0.0,8.0,136.0,400.0,627.0,824.0,4,922.0
0.0,8.0,29.0,136.0,308.0,824.0,4,922.0
0.0,8.0,29.0,136.0,627.0,824.0,4,922.0
0.0,8.0,29.0,400.0,627.0,747.0,4,824.0
0.0,8.0,29.0,400.0,627.0,747.0,4,824.0
0.0,12.0,228.0,462.0,477.0,715.0,4,819.0
0.0,12.0,216.0,228.0,387.0,462.0,4,819.0
0.0,12.0,216.0,228.0,387.0,462.0,4,819.0
0.0,12.0,216.0,417.0,477.0,715.0,4,983.0
0.0,12.0,228.0,387.0,462.0,715.0,4,819.0
0.0,12.0,228.0,387.0,462.0,715.0,4,819.0
0.0,12.0,216.0,228.0,462.0,477.0,4,715.0
0.0,12.0,216.0,417.0,477.0,715.0,4,983.0
0.0,12.0,216.0,417.0,477.0,715.0,4,819.0
0.0,17.0,47.0,148.0,149.0,730.0,4,858.0
0.0,17.0,119.0,149.0,299.0,648.0,4,858.0
0.0,17.0,119.0,299.0,328.0,648.0,4,858.0
0.0,17.0,47.0,119.0,148.0,299.0,4,730.0
0.0,17.0,47.0,148.0,149.0,730.0,4,858.0
0.0,17.0,119.0,148.0,149.0,299.0,4,858.0
0.0,17.0,119.0,148.0,299.0,730.0,4,858.0
0.0,17.0,119.0,148.0,299.0,730.0,4,858.0
0.0,18.0,577.0,677.0,718.0,832.0,4,973.0
0.0,18.0,677.0,678.0,681.0,718.0,4,812.0
0.0,18.0,191.0,577.0,681.0,718.0,4,812.0
0.0,18.0,577.0,677.0,811.0,812.0,4,832.0
0.0,18.0,577.0,677.0,811.0,832.0,4,973.0
0.0,18.0,577.0,677.0,718.0,812.0,4,973.0
0.0,18.0,577.0,678.0,718.0,812.0,4,973.0
0.0,18.0,191.0,577.0,811.0,812.0,4,832.0
0.0,18.0,577.0,677.0,811.0,832.0,4,973.0
0.0,30.0,409.0,657.0,705.0,839.0,4,953.0
0.0,30.0,335.0,409.0,657.0,705.0,4,839.0
0.0,30.0,113.0,121.0,337.0,953.0,4,963.0
0.0,30.0,113.0,121.0,337.0,953.0,4,963.0
0.0,30.0,113.0,121.0,839.0,953.0,4,963.0
0.0,30.0,113.0,121.0,337.0,953.0,4,963.0
0.0,30.0,121.0,657.0,839.0,953.0,4,963.0
0.0,30.0,335.0,409.0,657.0,705.0,4,839.0
0.0,30.0,335.0,409.0,657.0,705.0,4,839.0
0.0,8.0,29.0,136.0,665.0,747.0,4,922.0
0.0,8.0,29.0,627.0,747.0,824.0,4,922.0
0.0,8.0,29.0,136.0,627.0,665.0,4,747.0
0.0,8.0,29.0,308.0,747.0,922.0,4,1030.0
0.0,8.0,29.0,136.0,665.0,922.0,4,1030.0
0.0,8.0,29.0,136.0,665.0,922.0,4,1030.0
0.0,8.0,29.0,136.0,308.0,922.0,4,1030.0
0.0,7.0,246.0,277.0,365.0,455.0,4,530.0
0.0,7.0,246.0,267.0,277.0,483.0,4,530.0
0.0,7.0,75.0,325.0,455.0,483.0,4,530.0
0.0,7.0,75.0,325.0,455.0,483.0,4,530.0
0.0,7.0,75.0,267.0,325.0,365.0,4,530.0
0.0,7.0,246.0,267.0,277.0,365.0,4,483.0
0.0,7.0,75.0,267.0,325.0,365.0,4,530.0
0.0,7.0,277.0,325.0,365.0,455.0,4,530.0
0.0,7.0,277.0,325.0,365.0,455.0,4,530.0
0.0,7.0,75.0,246.0,267.0,365.0,4,483.0
0.0,7.0,267.0,277.0,325.0,455.0,4,530.0
0.0,7.0,267.0,277.0,325.0,483.0,4,530.0
0.0,7.0,267.0,277.0,325.0,455.0,4,530.0
0.0,15.0,24.0,174.0,201.0,719.0,4,786.0
0.0,15.0,209.0,373.0,719.0,786.0,4,860.0
0.0,15.0,209.0,373.0,719.0,786.0,4,860.0
0.0,15.0,209.0,621.0,719.0,786.0,4,860.0
0.0,15.0,174.0,621.0,719.0,786.0,4,860.0
0.0,15.0,209.0,621.0,719.0,786.0,4,937.0
0.0,15.0,174.0,719.0,786.0,880.0,4,937.0
0.0,15.0,174.0,621.0,786.0,860.0,4,937.0
0.0,15.0,209.0,373.0,544.0,719.0,4,786.0
0.0,8.0,29.0,136.0,665.0,747.0,4,1030.0
0.0,8.0,29.0,136.0,308.0,665.0,4,922.0
0.0,8.0,29.0,308.0,627.0,747.0,4,922.0
0.0,8.0,29.0,136.0,665.0,747.0,4,1030.0
0.0,8.0,29.0,136.0,665.0,747.0,4,1030.0
0.0,8.0,29.0,136.0,627.0,665.0,4,747.0
0.0,8.0,29.0,308.0,627.0,747.0,4,922.0
0.0,8.0,29.0,136.0,665.0,747.0,4,1030.0
0.0,8.0,29.0,136.0,308.0,665.0,4,922.0
0.0,8.0,29.0,665.0,747.0,922.0,4,1030.0
0.0,8.0,29.0,136.0,308.0,665.0,4,922.0
0.0,8.0,29.0,136.0,665.0,747.0,4,1030.0
0.0,8.0,29.0,308.0,747.0,922.0,4,1030.0
0.0,8.0,29.0,308.0,747.0,922.0,4,1030.0
0.0,8.0,29.0,308.0,627.0,747.0,4,922.0
0.0,8.0,136.0,627.0,665.0,747.0,4,922.0
0.0,8.0,29.0,136.0,627.0,665.0,4,747.0
0.0,8.0,29.0,136.0,308.0,665.0,4,922.0
0.0,8.0,29.0,308.0,627.0,747.0,4,922.0
0.0,8.0,136.0,308.0,627.0,747.0,4,922.0
0.0,8.0,136.0,627.0,665.0,747.0,4,922.0
0.0,8.0,29.0,136.0,627.0,665.0,4,747.0
0.0,8.0,29.0,136.0,665.0,747.0,4,1030.0
0.0,8.0,29.0,136.0,308.0,665.0,4,922.0
0.0,8.0,29.0,136.0,308.0,665.0,4,922.0
0.0,8.0,29.0,400.0,665.0,747.0,4,1030.0
0.0,8.0,29.0,136.0,665.0,747.0,4,922.0
0.0,8.0,136.0,308.0,627.0,824.0,4,922.0
0.0,8.0,29.0,627.0,747.0,824.0,4,922.0
0.0,8.0,29.0,627.0,747.0,824.0,4,922.0
0.0,8.0,29.0,136.0,627.0,665.0,4,747.0
0.0,8.0,29.0,136.0,308.0,627.0,4,665.0
0.0,8.0,29.0,308.0,627.0,665.0,4,922.0
0.0,29.0,103.0,572.0,580.0,700.0,4,713.0
0.0,29.0,103.0,183.0,338.0,505.0,4,700.0
0.0,29.0,183.0,338.0,505.0,580.0,4,899.0
0.0,29.0,103.0,505.0,580.0,700.0,4,713.0
0.0,29.0,103.0,338.0,505.0,580.0,4,700.0
0.0,8.0,29.0,136.0,665.0,747.0,4,922.0
0.0,8.0,29.0,136.0,308.0,627.0,4,665.0
0.0,8.0,29.0,136.0,308.0,627.0,4,665.0
0.0,8.0,29.0,136.0,308.0,665.0,4,922.0
0.0,8.0,29.0,136.0,308.0,665.0,4,922.0
0.0,8.0,29.0,136.0,400.0,665.0,4,747.0
0.0,8.0,29.0,136.0,627.0,665.0,4,747.0
0.0,8.0,29.0,136.0,308.0,627.0,4,922.0
0.0,8.0,29.0,136.0,308.0,400.0,4,665.0
0.0,8.0,29.0,136.0,400.0,627.0,4,665.0
0.0,8.0,29.0,136.0,627.0,665.0,4,747.0
0.0,8.0,29.0,136.0,308.0,627.0,4,665.0
0.0,8.0,29.0,136.0,627.0,665.0,4,922.0
0.0,8.0,29.0,136.0,627.0,665.0,4,922.0
0.0,8.0,29.0,136.0,308.0,665.0,4,922.0
0.0,8.0,29.0,136.0,308.0,665.0,4,922.0
0.0,8.0,29.0,308.0,627.0,747.0,4,922.0
0.0,8.0,29.0,136.0,627.0,747.0,4,922.0
0.0,8.0,29.0,136.0,627.0,747.0,4,922.0
0.0,8.0,253.0,627.0,824.0,922.0,4,1030.0
0.0,4.0,11.0,81.0,85.0,158.0,4,775.0
0.0,4.0,11.0,81.0,85.0,158.0,4,992.0
0.0,4.0,158.0,589.0,646.0,653.0,4,992.0
0.0,4.0,158.0,589.0,646.0,653.0,4,992.0
0.0,4.0,158.0,589.0,646.0,653.0,4,775.0
0.0,4.0,81.0,589.0,646.0,653.0,4,775.0
0.0,4.0,81.0,85.0,158.0,646.0,4,775.0
0.0,4.0,81.0,85.0,158.0,646.0,4,653.0
0.0,4.0,81.0,85.0,158.0,646.0,4,775.0
0.0,4.0,81.0,85.0,589.0,646.0,4,992.0
0.0,4.0,81.0,85.0,589.0,646.0,4,992.0
0.0,4.0,11.0,81.0,158.0,775.0,4,992.0
0.0,4.0,11.0,81.0,589.0,646.0,4,775.0
0.0,4.0,11.0,81.0,589.0,646.0,4,775.0
0.0,4.0,81.0,589.0,646.0,775.0,4,992.0
0.0,4.0,81.0,589.0,646.0,775.0,4,992.0
0.0,32.0,155.0,522.0,538.0,816.0,4,933.0
0.0,32.0,155.0,522.0,734.0,816.0,4,933.0
0.0,32.0,155.0,499.0,522.0,734.0,4,933.0
0.0,32.0,499.0,522.0,524.0,595.0,4,734.0
0.0,32.0,155.0,499.0,524.0,595.0,4,734.0
0.0,32.0,155.0,522.0,538.0,816.0,4,933.0
0.0,32.0,155.0,522.0,538.0,816.0,4,933.0
0.0,32.0,499.0,595.0,734.0,816.0,4,933.0
0.0,32.0,155.0,522.0,538.0,816.0,4,933.0
0.0,32.0,155.0,522.0,538.0,816.0,4,933.0
0.0,32.0,499.0,522.0,524.0,734.0,4,816.0
0.0,32.0,499.0,522.0,524.0,734.0,4,997.0
0.0,6.0,290.0,616.0,623.0,876.0,4,1039.0
0.0,6.0,35.0,323.0,616.0,623.0,4,1039.0
0.0,6.0,213.0,616.0,623.0,876.0,4,1039.0
0.0,6.0,213.0,290.0,616.0,623.0,4,876.0
0.0,6.0,213.0,290.0,390.0,616.0,4,623.0
0.0,6.0,213.0,290.0,390.0,616.0,4,623.0
0.0,6.0,290.0,616.0,623.0,876.0,4,1039.0
0.0,6.0,35.0,323.0,616.0,876.0,4,1039.0
0.0,6.0,35.0,323.0,616.0,876.0,4,1039.0
0.0,9.0,151.0,452.0,815.0,851.0,4,941.0
0.0,9.0,151.0,452.0,815.0,851.0,4,941.0
0.0,9.0,68.0,151.0,743.0,851.0,4,941.0
0.0,9.0,68.0,151.0,452.0,851.0,4,941.0
0.0,9.0,68.0,151.0,452.0,851.0,4,941.0
0.0,9.0,68.0,135.0,151.0,452.0,4,941.0
0.0,9.0,68.0,151.0,815.0,851.0,4,941.0
0.0,8.0,29.0,136.0,747.0,824.0,4,922.0
0.0,8.0,136.0,627.0,665.0,747.0,4,922.0
0.0,8.0,29.0,136.0,665.0,747.0,4,922.0
0.0,8.0,29.0,400.0,627.0,665.0,4,747.0
0.0,8.0,29.0,400.0,627.0,665.0,4,747.0
0.0,8.0,29.0,400.0,627.0,665.0,4,824.0
0.0,8.0,136.0,400.0,627.0,824.0,4,922.0
0.0,14.0,48.0,592.0,609.0,644.0,4,907.0
0.0,14.0,48.0,518.0,592.0,609.0,4,644.0
0.0,14.0,48.0,518.0,592.0,609.0,4,644.0
0.0,14.0,518.0,592.0,609.0,644.0,4,855.0
0.0,14.0,518.0,592.0,609.0,695.0,4,855.0
0.0,14.0,518.0,592.0,609.0,695.0,4,855.0
0.0,8.0,29.0,136.0,665.0,747.0,4,922.0
0.0,8.0,29.0,136.0,665.0,747.0,4,922.0
0.0,8.0,29.0,136.0,400.0,665.0,4,747.0
0.0,8.0,29.0,136.0,400.0,627.0,4,665.0
0.0,8.0,29.0,136.0,400.0,627.0,4,824.0
0.0,8.0,29.0,136.0,400.0,627.0,4,824.0
0.0,8.0,29.0,400.0,627.0,747.0,4,824.0
0.0,8.0,29.0,400.0,627.0,747.0,4,824.0
0.0,8.0,400.0,627.0,747.0,824.0,4,922.0
0.0,8.0,29.0,136.0,665.0,747.0,4,922.0
0.0,8.0,29.0,136.0,665.0,747.0,4,922.0
0.0,8.0,29.0,136.0,627.0,665.0,4,922.0
0.0,8.0,29.0,136.0,400.0,627.0,4,665.0
0.0,8.0,29.0,400.0,627.0,665.0,4,824.0
0.0,8.0,136.0,400.0,627.0,747.0,4,922.0
0.0,8.0,136.0,400.0,627.0,824.0,4,922.0
0.0,8.0,29.0,400.0,627.0,747.0,4,922.0
0.0,8.0,136.0,627.0,665.0,747.0,4,922.0
0.0,8.0,29.0,136.0,665.0,747.0,4,922.0
0.0,8.0,29.0,136.0,627.0,665.0,4,747.0
0.0,8.0,29.0,400.0,627.0,747.0,4,922.0
0.0,8.0,29.0,136.0,400.0,665.0,4,747.0
0.0,8.0,29.0,136.0,400.0,665.0,4,747.0
0.0,13.0,161.0,182.0,192.0,315.0,4,449.0
0.0,13.0,182.0,192.0,315.0,449.0,4,956.0
0.0,13.0,182.0,192.0,315.0,449.0,4,956.0
0.0,13.0,192.0,315.0,449.0,803.0,4,956.0
0.0,13.0,161.0,192.0,212.0,803.0,4,956.0
0.0,13.0,161.0,182.0,192.0,315.0,4,449.0
0.0,13.0,161.0,192.0,315.0,449.0,4,803.0
0.0,13.0,161.0,182.0,192.0,315.0,4,449.0
0.0,8.0,29.0,136.0,665.0,747.0,4,922.0
0.0,8.0,29.0,136.0,308.0,665.0,4,922.0
0.0,8.0,29.0,308.0,400.0,627.0,4,747.0
0.0,8.0,136.0,308.0,627.0,747.0,4,922.0
0.0,8.0,136.0,308.0,627.0,747.0,4,922.0
0.0,8.0,29.0,136.0,627.0,665.0,4,922.0
0.0,8.0,29.0,136.0,400.0,627.0,4,665.0
0.0,8.0,29.0,136.0,308.0,627.0,4,665.0
0.0,33.0,134.0,254.0,255.0,692.0,4,698.0
0.0,33.0,134.0,254.0,255.0,445.0,4,692.0
0.0,33.0,134.0,248.0,255.0,445.0,4,692.0
0.0,33.0,248.0,254.0,445.0,692.0,4,789.0
0.0,33.0,254.0,255.0,692.0,698.0,4,789.0
0.0,33.0,134.0,248.0,255.0,692.0,4,698.0
0.0,33.0,248.0,255.0,445.0,698.0,4,789.0
0.0,33.0,134.0,255.0,692.0,698.0,4,789.0
0.0,33.0,134.0,255.0,692.0,698.0,4,789.0
0.0,33.0,134.0,254.0,255.0,692.0,4,698.0
0.0,15.0,174.0,201.0,373.0,786.0,4,937.0
0.0,15.0,24.0,174.0,201.0,930.0,4,937.0
0.0,15.0,24.0,201.0,544.0,930.0,4,937.0
0.0,15.0,24.0,201.0,544.0,930.0,4,937.0
0.0,15.0,174.0,201.0,373.0,786.0,4,937.0
0.0,15.0,24.0,174.0,544.0,930.0,4,937.0
0.0,15.0,24.0,174.0,201.0,930.0,4,937.0
0.0,15.0,24.0,174.0,201.0,930.0,4,937.0
0.0,15.0,174.0,201.0,373.0,786.0,4,937.0
0.0,15.0,174.0,373.0,544.0,786.0,4,937.0
0.0,15.0,373.0,544.0,786.0,930.0,4,937.0
0.0,15.0,174.0,201.0,373.0,786.0,4,937.0
0.0,8.0,29.0,57.0,627.0,824.0,4,1030.0
0.0,8.0,136.0,308.0,824.0,922.0,4,1030.0
0.0,8.0,136.0,308.0,747.0,922.0,4,1030.0
0.0,8.0,29.0,136.0,308.0,747.0,4,922.0
0.0,8.0,29.0,136.0,308.0,747.0,4,922.0
0.0,8.0,29.0,136.0,308.0,747.0,4,922.0
0.0,8.0,29.0,136.0,308.0,627.0,4,747.0
0.0,8.0,29.0,308.0,627.0,824.0,4,1030.0
0.0,8.0,29.0,253.0,627.0,824.0,4,1030.0
0.0,8.0,253.0,627.0,824.0,922.0,4,1030.0
0.0,8.0,57.0,253.0,419.0,627.0,4,1030.0
0.0,30.0,121.0,337.0,408.0,409.0,4,434.0
0.0,30.0,86.0,113.0,699.0,705.0,4,839.0
0.0,30.0,86.0,113.0,409.0,689.0,4,699.0
0.0,30.0,86.0,408.0,434.0,689.0,4,699.0
0.0,6.0,208.0,284.0,290.0,616.0,4,623.0
0.0,6.0,35.0,208.0,236.0,284.0,4,616.0
0.0,6.0,35.0,208.0,236.0,284.0,4,616.0
0.0,6.0,290.0,616.0,623.0,876.0,4,1039.0
0.0,6.0,290.0,323.0,616.0,623.0,4,1039.0
0.0,6.0,290.0,323.0,616.0,623.0,4,1039.0
0.0,6.0,208.0,284.0,290.0,616.0,4,623.0
0.0,6.0,208.0,284.0,290.0,616.0,4,623.0
0.0,6.0,35.0,290.0,323.0,616.0,4,623.0
0.0,34.0,55.0,137.0,247.0,330.0,4,355.0
0.0,34.0,55.0,137.0,247.0,330.0,4,355.0
0.0,34.0,55.0,247.0,330.0,355.0,4,446.0
0.0,34.0,55.0,67.0,137.0,330.0,4,355.0
0.0,34.0,55.0,137.0,247.0,330.0,4,355.0
0.0,34.0,55.0,112.0,137.0,247.0,4,355.0
0.0,34.0,67.0,112.0,137.0,355.0,4,446.0
0.0,34.0,55.0,67.0,247.0,355.0,4,446.0
0.0,25.0,294.0,363.0,380.0,421.0,4,961.0
0.0,25.0,133.0,294.0,380.0,586.0,4,961.0
0.0,25.0,133.0,226.0,561.0,586.0,4,961.0
0.0,25.0,133.0,226.0,363.0,380.0,4,961.0
0.0,25.0,226.0,294.0,363.0,380.0,4,421.0
0.0,25.0,294.0,363.0,380.0,421.0,4,961.0
0.0,25.0,133.0,226.0,294.0,380.0,4,586.0
0.0,25.0,133.0,226.0,294.0,561.0,4,586.0
0.0,25.0,133.0,226.0,561.0,586.0,4,961.0
0.0,25.0,133.0,226.0,561.0,586.0,4,961.0
0.0,25.0,133.0,226.0,363.0,561.0,4,586.0
0.0,25.0,133.0,294.0,363.0,380.0,4,586.0
0.0,34.0,55.0,137.0,247.0,330.0,4,355.0
0.0,34.0,67.0,112.0,355.0,446.0,4,709.0
0.0,34.0,55.0,137.0,247.0,330.0,4,355.0
0.0,34.0,55.0,137.0,247.0,330.0,4,355.0
0.0,34.0,67.0,247.0,355.0,446.0,4,709.0
0.0,34.0,55.0,137.0,247.0,330.0,4,355.0
0.0,34.0,55.0,137.0,247.0,330.0,4,355.0
0.0,34.0,36.0,55.0,67.0,330.0,4,355.0
0.0,34.0,36.0,55.0,67.0,330.0,4,446.0
0.0,34.0,36.0,67.0,112.0,355.0,4,446.0
0.0,34.0,36.0,67.0,112.0,247.0,4,446.0
0.0,34.0,55.0,137.0,247.0,330.0,4,355.0
0.0,34.0,55.0,112.0,137.0,247.0,4,355.0
0.0,34.0,55.0,112.0,137.0,247.0,4,355.0
0.0,34.0,55.0,112.0,137.0,247.0,4,355.0
0.0,34.0,55.0,67.0,112.0,355.0,4,446.0
0.0,34.0,67.0,112.0,247.0,446.0,4,709.0
0.0,34.0,67.0,137.0,355.0,446.0,4,709.0
0.0,34.0,55.0,67.0,247.0,355.0,4,446.0
0.0,34.0,55.0,67.0,137.0,330.0,4,355.0
0.0,34.0,55.0,67.0,137.0,330.0,4,355.0
0.0,34.0,55.0,67.0,112.0,355.0,4,446.0
0.0,34.0,55.0,67.0,112.0,247.0,4,355.0
0.0,34.0,55.0,137.0,247.0,330.0,4,355.0
0.0,34.0,67.0,137.0,446.0,709.0,4,847.0
0.0,34.0,67.0,137.0,446.0,709.0,4,847.0
0.0,34.0,67.0,137.0,355.0,446.0,4,709.0
0.0,23.0,146.0,307.0,798.0,921.0,4,923.0
0.0,23.0,146.0,234.0,418.0,798.0,4,921.0
0.0,23.0,146.0,234.0,418.0,740.0,4,827.0
0.0,23.0,234.0,307.0,418.0,740.0,4,827.0
0.0,23.0,146.0,307.0,798.0,921.0,4,923.0
0.0,23.0,146.0,307.0,798.0,921.0,4,923.0
0.0,23.0,146.0,307.0,418.0,798.0,4,921.0
0.0,23.0,146.0,234.0,418.0,798.0,4,921.0
0.0,23.0,146.0,234.0,418.0,798.0,4,921.0
0.0,23.0,234.0,418.0,655.0,827.0,4,921.0
0.0,23.0,234.0,418.0,655.0,740.0,4,827.0
0.0,23.0,234.0,307.0,418.0,827.0,4,921.0
0.0,23.0,234.0,307.0,418.0,827.0,4,921.0
0.0,9.0,202.0,628.0,815.0,828.0,4,941.0
0.0,9.0,68.0,628.0,815.0,851.0,4,941.0
0.0,9.0,151.0,815.0,828.0,851.0,4,941.0
0.0,9.0,151.0,743.0,815.0,828.0,4,941.0
0.0,9.0,151.0,202.0,628.0,815.0,4,941.0
0.0,9.0,151.0,628.0,815.0,828.0,4,941.0
0.0,34.0,67.0,112.0,137.0,355.0,4,446.0
0.0,34.0,55.0,137.0,247.0,330.0,4,355.0
0.0,34.0,55.0,137.0,247.0,330.0,4,355.0
0.0,34.0,55.0,137.0,247.0,330.0,4,355.0
0.0,34.0,67.0,112.0,137.0,355.0,4,446.0
0.0,34.0,67.0,112.0,137.0,355.0,4,446.0
0.0,34.0,55.0,67.0,112.0,247.0,4,446.0
0.0,7.0,267.0,277.0,325.0,455.0,4,483.0
0.0,7.0,246.0,277.0,365.0,455.0,4,483.0
0.0,7.0,246.0,277.0,365.0,455.0,4,483.0
0.0,7.0,246.0,277.0,365.0,455.0,4,483.0
0.0,7.0,75.0,267.0,277.0,455.0,4,483.0
0.0,7.0,267.0,277.0,325.0,455.0,4,483.0
0.0,7.0,246.0,267.0,277.0,455.0,4,483.0
0.0,7.0,246.0,267.0,277.0,455.0,4,483.0
0.0,7.0,246.0,267.0,277.0,365.0,4,455.0
0.0,7.0,59.0,75.0,246.0,455.0,4,483.0
0.0,7.0,59.0,75.0,277.0,455.0,4,483.0
0.0,7.0,246.0,267.0,277.0,365.0,4,455.0
0.0,7.0,75.0,246.0,365.0,396.0,4,694.0
0.0,11.0,173.0,806.0,895.0,968.0,4,1031.0
0.0,11.0,274.0,553.0,806.0,968.0,4,999.0
0.0,11.0,274.0,553.0,647.0,968.0,4,999.0
0.0,11.0,553.0,647.0,806.0,895.0,4,1031.0
0.0,11.0,647.0,806.0,895.0,968.0,4,1031.0
0.0,11.0,173.0,806.0,895.0,968.0,4,1031.0
0.0,11.0,274.0,553.0,647.0,968.0,4,999.0
0.0,11.0,553.0,647.0,895.0,999.0,4,1031.0
0.0,15.0,174.0,373.0,719.0,860.0,4,930.0
0.0,15.0,201.0,209.0,373.0,621.0,4,719.0
0.0,15.0,201.0,209.0,621.0,719.0,4,860.0
0.0,15.0,115.0,174.0,201.0,719.0,4,930.0
0.0,15.0,209.0,373.0,621.0,719.0,4,860.0
0.0,15.0,115.0,201.0,209.0,621.0,4,719.0
0.0,15.0,174.0,201.0,373.0,719.0,4,930.0
0.0,34.0,55.0,137.0,247.0,330.0,4,355.0
0.0,34.0,55.0,247.0,330.0,355.0,4,446.0
0.0,34.0,55.0,137.0,247.0,330.0,4,355.0
0.0,34.0,55.0,137.0,247.0,330.0,4,355.0
0.0,34.0,55.0,137.0,247.0,330.0,4,355.0
0.0,34.0,67.0,137.0,330.0,355.0,4,446.0
0.0,34.0,55.0,67.0,112.0,137.0,4,355.0
0.0,34.0,55.0,67.0,112.0,137.0,4,355.0
0.0,34.0,55.0,112.0,137.0,247.0,4,355.0
0.0,34.0,55.0,112.0,137.0,247.0,4,355.0
0.0,34.0,112.0,137.0,247.0,355.0,4,446.0
0.0,34.0,55.0,67.0,112.0,355.0,4,446.0
0.0,34.0,55.0,67.0,282.0,330.0,4,446.0
0.0,34.0,67.0,137.0,247.0,330.0,4,355.0
0.0,34.0,67.0,112.0,137.0,355.0,4,446.0
0.0,34.0,55.0,137.0,247.0,330.0,4,355.0
0.0,34.0,55.0,137.0,247.0,330.0,4,355.0
0.0,34.0,55.0,67.0,112.0,137.0,4,355.0
0.0,34.0,55.0,137.0,247.0,330.0,4,355.0
0.0,34.0,55.0,137.0,247.0,330.0,4,355.0
0.0,34.0,55.0,67.0,112.0,137.0,4,355.0
0.0,34.0,55.0,67.0,112.0,282.0,4,446.0
0.0,34.0,55.0,112.0,137.0,247.0,4,355.0
0.0,4.0,46.0,85.0,158.0,589.0,4,646.0
0.0,4.0,81.0,85.0,589.0,646.0,4,992.0
0.0,4.0,81.0,158.0,646.0,722.0,4,992.0
0.0,4.0,46.0,81.0,158.0,722.0,4,992.0
0.0,4.0,46.0,81.0,158.0,722.0,4,992.0
0.0,4.0,46.0,81.0,158.0,722.0,4,992.0
0.0,4.0,46.0,81.0,589.0,722.0,4,992.0
0.0,4.0,46.0,81.0,85.0,589.0,4,992.0
0.0,4.0,46.0,81.0,85.0,589.0,4,646.0
0.0,4.0,46.0,85.0,158.0,589.0,4,646.0
0.0,4.0,81.0,85.0,589.0,646.0,4,992.0
0.0,4.0,85.0,589.0,646.0,947.0,4,992.0
0.0,4.0,46.0,589.0,722.0,947.0,4,992.0
0.0,4.0,46.0,81.0,646.0,722.0,4,947.0
0.0,4.0,81.0,722.0,947.0,992.0,4,1004.0
0.0,34.0,55.0,137.0,247.0,330.0,4,355.0
0.0,34.0,55.0,137.0,247.0,330.0,4,355.0
0.0,34.0,55.0,67.0,137.0,330.0,4,355.0
0.0,34.0,55.0,67.0,112.0,282.0,4,446.0
0.0,34.0,67.0,112.0,137.0,282.0,4,446.0
0.0,34.0,112.0,137.0,247.0,355.0,4,446.0
0.0,34.0,55.0,112.0,137.0,247.0,4,355.0
0.0,34.0,55.0,137.0,247.0,330.0,4,355.0
0.0,34.0,55.0,137.0,247.0,330.0,4,355.0
0.0,34.0,55.0,137.0,247.0,330.0,4,355.0
0.0,34.0,137.0,247.0,330.0,355.0,4,446.0
0.0,34.0,137.0,247.0,330.0,355.0,4,446.0
0.0,34.0,55.0,112.0,247.0,355.0,4,446.0
0.0,34.0,55.0,112.0,137.0,247.0,4,355.0
0.0,23.0,234.0,418.0,798.0,827.0,4,923.0
0.0,23.0,307.0,418.0,740.0,827.0,4,921.0
0.0,23.0,307.0,798.0,827.0,921.0,4,923.0
0.0,23.0,234.0,418.0,798.0,827.0,4,921.0
0.0,23.0,307.0,418.0,673.0,798.0,4,827.0
0.0,23.0,234.0,418.0,673.0,798.0,4,827.0
0.0,26.0,40.0,168.0,582.0,843.0,4,874.0
0.0,26.0,40.0,168.0,582.0,601.0,4,928.0
0.0,26.0,40.0,168.0,601.0,928.0,4,1024.0
0.0,26.0,582.0,601.0,843.0,928.0,4,1024.0
0.0,26.0,40.0,601.0,843.0,928.0,4,1024.0
0.0,26.0,40.0,168.0,582.0,601.0,4,1024.0
0.0,34.0,55.0,112.0,247.0,355.0,4,446.0
0.0,34.0,55.0,137.0,247.0,330.0,4,355.0
0.0,34.0,55.0,67.0,355.0,428.0,4,446.0
0.0,34.0,55.0,129.0,137.0,247.0,4,355.0
0.0,34.0,55.0,112.0,137.0,247.0,4,355.0
0.0,34.0,55.0,112.0,137.0,247.0,4,355.0
0.0,34.0,55.0,112.0,137.0,355.0,4,446.0
0.0,34.0,67.0,129.0,137.0,355.0,4,446.0
0.0,34.0,67.0,129.0,137.0,355.0,4,446.0
0.0,34.0,36.0,55.0,67.0,247.0,4,446.0
0.0,34.0,112.0,137.0,247.0,355.0,4,446.0
0.0,34.0,55.0,112.0,137.0,247.0,4,355.0
0.0,34.0,55.0,112.0,137.0,247.0,4,355.0
0.0,14.0,48.0,518.0,592.0,644.0,4,695.0
0.0,14.0,48.0,518.0,592.0,644.0,4,695.0
0.0,14.0,116.0,695.0,855.0,907.0,4,1007.0
0.0,14.0,592.0,599.0,644.0,907.0,4,1007.0
0.0,14.0,48.0,592.0,644.0,907.0,4,1007.0
0.0,14.0,48.0,592.0,644.0,907.0,4,1007.0
0.0,14.0,48.0,518.0,592.0,644.0,4,877.0
0.0,14.0,48.0,518.0,592.0,644.0,4,877.0
0.0,14.0,116.0,592.0,644.0,877.0,4,1007.0
0.0,14.0,116.0,592.0,644.0,877.0,4,1007.0
0.0,29.0,103.0,505.0,572.0,580.0,4,713.0
0.0,29.0,103.0,505.0,572.0,713.0,4,800.0
0.0,29.0,183.0,505.0,580.0,713.0,4,899.0
0.0,29.0,103.0,505.0,580.0,713.0,4,899.0
0.0,29.0,183.0,338.0,505.0,580.0,4,899.0
0.0,29.0,103.0,183.0,505.0,580.0,4,713.0
0.0,29.0,103.0,183.0,505.0,580.0,4,713.0
0.0,34.0,55.0,112.0,137.0,247.0,4,355.0
0.0,34.0,55.0,112.0,137.0,247.0,4,355.0
0.0,34.0,55.0,129.0,137.0,247.0,4,355.0
0.0,34.0,55.0,67.0,112.0,137.0,4,355.0
0.0,34.0,55.0,137.0,247.0,355.0,4,446.0
0.0,34.0,55.0,112.0,137.0,247.0,4,355.0
0.0,34.0,67.0,129.0,137.0,355.0,4,446.0
0.0,34.0,67.0,129.0,137.0,355.0,4,446.0
0.0,34.0,55.0,67.0,112.0,137.0,4,355.0
0.0,34.0,67.0,112.0,137.0,446.0,4,847.0
0.0,34.0,55.0,67.0,129.0,137.0,4,355.0
0.0,34.0,36.0,55.0,137.0,247.0,4,355.0
0.0,34.0,55.0,112.0,137.0,247.0,4,355.0
0.0,34.0,36.0,55.0,137.0,247.0,4,355.0
0.0,34.0,55.0,67.0,112.0,247.0,4,446.0
0.0,34.0,55.0,67.0,129.0,355.0,4,446.0
0.0,17.0,47.0,119.0,148.0,708.0,4,730.0
0.0,17.0,47.0,708.0,730.0,858.0,4,922.0
0.0,17.0,47.0,708.0,730.0,858.0,4,922.0
0.0,17.0,47.0,119.0,148.0,708.0,4,730.0
0.0,17.0,47.0,148.0,708.0,858.0,4,922.0
0.0,17.0,119.0,148.0,708.0,858.0,4,922.0
0.0,17.0,119.0,148.0,708.0,858.0,4,922.0
0.0,17.0,119.0,148.0,708.0,730.0,4,858.0
0.0,17.0,119.0,148.0,708.0,730.0,4,858.0
0.0,17.0,119.0,148.0,708.0,730.0,4,858.0
0.0,34.0,55.0,112.0,137.0,247.0,4,355.0
0.0,34.0,55.0,112.0,137.0,247.0,4,355.0
0.0,34.0,55.0,129.0,137.0,247.0,4,355.0
0.0,34.0,36.0,55.0,67.0,137.0,4,446.0
0.0,34.0,55.0,112.0,137.0,247.0,4,355.0
0.0,34.0,36.0,55.0,137.0,247.0,4,355.0
0.0,34.0,36.0,55.0,137.0,355.0,4,446.0
0.0,34.0,36.0,129.0,137.0,355.0,4,446.0
0.0,34.0,36.0,55.0,137.0,355.0,4,446.0
0.0,34.0,36.0,55.0,137.0,355.0,4,446.0
0.0,34.0,55.0,129.0,137.0,355.0,4,446.0
0.0,34.0,55.0,67.0,129.0,137.0,4,446.0
0.0,34.0,36.0,67.0,129.0,355.0,4,446.0
0.0,34.0,36.0,67.0,129.0,355.0,4,446.0
0.0,34.0,55.0,67.0,112.0,137.0,4,355.0
0.0,34.0,55.0,112.0,137.0,247.0,4,355.0
0.0,34.0,55.0,112.0,137.0,247.0,4,355.0
0.0,34.0,55.0,67.0,129.0,355.0,4,446.0
0.0,34.0,55.0,67.0,112.0,355.0,4,446.0
0.0,34.0,55.0,67.0,112.0,137.0,4,355.0
0.0,34.0,55.0,67.0,112.0,137.0,4,355.0
0.0,32.0,61.0,155.0,522.0,816.0,4,933.0
0.0,32.0,44.0,61.0,155.0,816.0,4,933.0
0.0,32.0,44.0,61.0,499.0,816.0,4,933.0
0.0,32.0,44.0,499.0,522.0,524.0,4,734.0
0.0,32.0,44.0,499.0,522.0,524.0,4,734.0
0.0,32.0,44.0,499.0,522.0,524.0,4,734.0
0.0,32.0,61.0,155.0,499.0,816.0,4,933.0
0.0,32.0,61.0,155.0,522.0,816.0,4,933.0
0.0,32.0,44.0,61.0,155.0,499.0,4,933.0
0.0,32.0,61.0,155.0,499.0,522.0,4,933.0
0.0,32.0,61.0,155.0,499.0,522.0,4,524.0
0.0,32.0,155.0,499.0,522.0,524.0,4,734.0
0.0,32.0,44.0,155.0,499.0,524.0,4,734.0
0.0,32.0,44.0,155.0,499.0,524.0,4,734.0
0.0,34.0,55.0,112.0,137.0,247.0,4,355.0
0.0,34.0,36.0,67.0,137.0,330.0,4,446.0
0.0,34.0,36.0,67.0,137.0,330.0,4,446.0
0.0,34.0,36.0,67.0,112.0,355.0,4,446.0
0.0,34.0,55.0,112.0,137.0,247.0,4,355.0
0.0,34.0,55.0,112.0,137.0,247.0,4,355.0
0.0,34.0,55.0,247.0,330.0,355.0,4,446.0
0.0,34.0,55.0,67.0,330.0,355.0,4,446.0
0.0,34.0,55.0,67.0,112.0,137.0,4,355.0
0.0,34.0,55.0,67.0,112.0,137.0,4,355.0
0.0,34.0,55.0,67.0,112.0,137.0,4,355.0
0.0,30.0,121.0,657.0,839.0,953.0,4,963.0
0.0,30.0,86.0,113.0,335.0,657.0,4,839.0
0.0,30.0,86.0,657.0,689.0,705.0,4,953.0
0.0,30.0,121.0,335.0,657.0,953.0,4,963.0
0.0,30.0,113.0,121.0,335.0,953.0,4,963.0
0.0,30.0,86.0,657.0,705.0,839.0,4,953.0
0.0,30.0,121.0,335.0,705.0,953.0,4,963.0
0.0,30.0,121.0,335.0,705.0,953.0,4,963.0
0.0,30.0,121.0,335.0,657.0,839.0,4,963.0
0.0,34.0,55.0,112.0,137.0,247.0,4,355.0
0.0,34.0,55.0,112.0,137.0,355.0,4,446.0
0.0,34.0,55.0,137.0,330.0,355.0,4,446.0
0.0,34.0,67.0,137.0,330.0,355.0,4,446.0
0.0,34.0,55.0,67.0,112.0,137.0,4,355.0
0.0,34.0,55.0,67.0,137.0,330.0,4,446.0
0.0,34.0,67.0,137.0,330.0,355.0,4,446.0
0.0,34.0,67.0,137.0,330.0,355.0,4,446.0
0.0,34.0,55.0,112.0,137.0,247.0,4,355.0
0.0,34.0,55.0,112.0,137.0,247.0,4,355.0
0.0,34.0,55.0,129.0,137.0,247.0,4,355.0
0.0,34.0,55.0,129.0,137.0,247.0,4,355.0
0.0,34.0,137.0,282.0,330.0,355.0,4,446.0
0.0,34.0,55.0,112.0,137.0,247.0,4,355.0
0.0,25.0,294.0,363.0,380.0,421.0,4,961.0
0.0,25.0,226.0,294.0,363.0,421.0,4,586.0
0.0,25.0,226.0,294.0,363.0,586.0,4,969.0
0.0,25.0,226.0,363.0,380.0,561.0,4,969.0
0.0,25.0,294.0,363.0,380.0,421.0,4,961.0
0.0,25.0,226.0,294.0,380.0,421.0,4,586.0
0.0,25.0,294.0,363.0,380.0,421.0,4,586.0
0.0,25.0,226.0,380.0,561.0,586.0,4,969.0
0.0,34.0,55.0,112.0,137.0,247.0,4,355.0
0.0,34.0,55.0,112.0,137.0,247.0,4,355.0
0.0,34.0,36.0,67.0,330.0,355.0,4,446.0
0.0,34.0,55.0,67.0,330.0,446.0,4,847.0
0.0,34.0,55.0,282.0,330.0,355.0,4,847.0
0.0,34.0,55.0,112.0,137.0,282.0,4,355.0
0.0,34.0,55.0,67.0,112.0,137.0,4,355.0
0.0,9.0,151.0,168.0,815.0,828.0,4,941.0
0.0,9.0,68.0,151.0,815.0,828.0,4,941.0
0.0,9.0,68.0,135.0,628.0,815.0,4,828.0
0.0,9.0,68.0,135.0,151.0,168.0,4,941.0
0.0,9.0,68.0,135.0,628.0,828.0,4,941.0
0.0,9.0,151.0,168.0,815.0,828.0,4,941.0
0.0,1.0,14.0,250.0,351.0,570.0,4,866.0
0.0,1.0,14.0,250.0,351.0,707.0,4,866.0
0.0,1.0,250.0,351.0,707.0,808.0,4,866.0
0.0,1.0,14.0,27.0,808.0,866.0,4,1010.0
0.0,1.0,250.0,351.0,808.0,886.0,4,1010.0
0.0,1.0,27.0,351.0,625.0,808.0,4,886.0
0.0,34.0,55.0,112.0,137.0,247.0,4,355.0
0.0,34.0,112.0,129.0,137.0,247.0,4,355.0
0.0,34.0,67.0,137.0,330.0,446.0,4,847.0
0.0,34.0,67.0,137.0,330.0,355.0,4,446.0
0.0,34.0,67.0,137.0,330.0,355.0,4,446.0
0.0,34.0,67.0,137.0,330.0,355.0,4,446.0
0.0,32.0,61.0,155.0,522.0,524.0,4,816.0
0.0,32.0,44.0,61.0,155.0,499.0,4,524.0
0.0,32.0,44.0,499.0,734.0,816.0,4,933.0
0.0,32.0,44.0,61.0,155.0,522.0,4,524.0
0.0,32.0,61.0,155.0,522.0,524.0,4,816.0
0.0,32.0,44.0,61.0,155.0,522.0,4,524.0
0.0,32.0,44.0,61.0,155.0,522.0,4,524.0
0.0,32.0,44.0,155.0,499.0,524.0,4,734.0
0.0,32.0,44.0,61.0,155.0,524.0,4,933.0
0.0,32.0,61.0,155.0,524.0,734.0,4,933.0
0.0,34.0,112.0,137.0,247.0,355.0,4,446.0
0.0,34.0,224.0,247.0,330.0,355.0,4,446.0
0.0,34.0,67.0,224.0,330.0,355.0,4,446.0
0.0,34.0,36.0,67.0,137.0,330.0,4,355.0
0.0,34.0,36.0,67.0,137.0,330.0,4,355.0
0.0,34.0,36.0,67.0,112.0,137.0,4,355.0
0.0,34.0,112.0,137.0,247.0,355.0,4,446.0
0.0,34.0,36.0,67.0,247.0,330.0,4,355.0
0.0,34.0,67.0,112.0,137.0,224.0,4,355.0
0.0,34.0,112.0,129.0,137.0,247.0,4,355.0
0.0,34.0,112.0,129.0,137.0,247.0,4,355.0
0.0,34.0,112.0,129.0,137.0,247.0,4,355.0
0.0,34.0,36.0,129.0,137.0,247.0,4,355.0
0.0,34.0,112.0,137.0,247.0,355.0,4,446.0
0.0,34.0,36.0,67.0,137.0,330.0,4,355.0
0.0,34.0,36.0,67.0,224.0,330.0,4,355.0
0.0,34.0,36.0,67.0,112.0,137.0,4,355.0
0.0,34.0,112.0,137.0,247.0,355.0,4,446.0
0.0,34.0,137.0,224.0,247.0,330.0,4,355.0
0.0,34.0,36.0,129.0,282.0,446.0,4,847.0
0.0,34.0,36.0,112.0,137.0,247.0,4,355.0
0.0,34.0,67.0,129.0,446.0,709.0,4,847.0
0.0,34.0,67.0,112.0,224.0,355.0,4,446.0
0.0,34.0,36.0,112.0,137.0,247.0,4,355.0
0.0,34.0,224.0,247.0,355.0,446.0,4,709.0
0.0,34.0,36.0,137.0,282.0,446.0,4,847.0
0.0,34.0,36.0,282.0,446.0,709.0,4,847.0
0.0,26.0,40.0,41.0,494.0,843.0,4,874.0
0.0,26.0,40.0,41.0,494.0,601.0,4,1024.0
0.0,26.0,40.0,41.0,494.0,601.0,4,874.0
0.0,26.0,40.0,41.0,494.0,843.0,4,874.0
0.0,26.0,40.0,41.0,601.0,843.0,4,874.0
0.0,34.0,36.0,112.0,137.0,247.0,4,355.0
0.0,34.0,247.0,330.0,355.0,446.0,4,709.0
0.0,34.0,36.0,112.0,137.0,247.0,4,355.0
0.0,34.0,224.0,247.0,330.0,355.0,4,446.0
0.0,34.0,224.0,247.0,330.0,355.0,4,446.0
0.0,34.0,67.0,137.0,224.0,330.0,4,355.0
0.0,34.0,67.0,137.0,224.0,330.0,4,355.0
0.0,34.0,36.0,112.0,137.0,247.0,4,355.0
0.0,34.0,112.0,137.0,224.0,247.0,4,355.0
0.0,34.0,112.0,224.0,247.0,355.0,4,446.0
0.0,34.0,224.0,247.0,330.0,355.0,4,446.0
0.0,34.0,67.0,129.0,247.0,330.0,4,446.0
0.0,34.0,67.0,112.0,129.0,137.0,4,247.0
0.0,34.0,36.0,112.0,137.0,247.0,4,355.0
0.0,34.0,36.0,112.0,137.0,247.0,4,355.0
0.0,34.0,137.0,224.0,247.0,355.0,4,709.0
0.0,34.0,137.0,224.0,247.0,355.0,4,709.0
0.0,34.0,137.0,247.0,355.0,446.0,4,709.0
0.0,4.0,81.0,85.0,646.0,653.0,4,947.0
0.0,4.0,85.0,158.0,589.0,653.0,4,947.0
0.0,4.0,85.0,158.0,589.0,947.0,4,992.0
0.0,4.0,81.0,589.0,646.0,775.0,4,992.0
0.0,4.0,81.0,85.0,158.0,646.0,4,775.0
0.0,4.0,81.0,85.0,589.0,646.0,4,775.0
0.0,4.0,81.0,85.0,589.0,646.0,4,653.0
0.0,4.0,11.0,85.0,589.0,646.0,4,947.0
0.0,4.0,11.0,85.0,589.0,646.0,4,947.0
0.0,4.0,11.0,85.0,589.0,646.0,4,947.0
0.0,18.0,191.0,577.0,681.0,718.0,4,973.0
0.0,18.0,191.0,549.0,681.0,718.0,4,973.0
0.0,18.0,577.0,677.0,718.0,812.0,4,832.0
0.0,18.0,577.0,677.0,718.0,812.0,4,832.0
0.0,18.0,577.0,677.0,811.0,812.0,4,832.0
0.0,18.0,577.0,677.0,811.0,832.0,4,973.0
0.0,18.0,577.0,677.0,811.0,832.0,4,973.0
0.0,18.0,549.0,577.0,811.0,832.0,4,973.0
0.0,18.0,191.0,577.0,811.0,832.0,4,973.0
0.0,18.0,191.0,677.0,811.0,832.0,4,973.0
0.0,18.0,577.0,677.0,811.0,832.0,4,973.0
0.0,34.0,112.0,224.0,247.0,355.0,4,446.0
0.0,34.0,112.0,224.0,247.0,355.0,4,446.0
0.0,34.0,224.0,282.0,330.0,446.0,4,847.0
0.0,34.0,224.0,282.0,330.0,446.0,4,847.0
0.0,34.0,36.0,282.0,330.0,355.0,4,847.0
0.0,34.0,36.0,112.0,247.0,355.0,4,847.0
0.0,34.0,36.0,112.0,247.0,355.0,4,847.0
0.0,34.0,67.0,112.0,224.0,355.0,4,446.0
0.0,34.0,67.0,112.0,355.0,446.0,4,847.0
0.0,34.0,112.0,247.0,355.0,446.0,4,847.0
0.0,34.0,55.0,112.0,137.0,247.0,4,355.0
0.0,34.0,55.0,67.0,112.0,137.0,4,247.0
0.0,34.0,36.0,67.0,129.0,224.0,4,355.0
0.0,34.0,36.0,67.0,129.0,224.0,4,355.0
0.0,34.0,36.0,67.0,129.0,224.0,4,355.0
0.0,34.0,36.0,67.0,129.0,224.0,4,355.0
0.0,34.0,55.0,112.0,137.0,247.0,4,355.0
0.0,34.0,55.0,112.0,137.0,247.0,4,355.0
0.0,34.0,55.0,67.0,330.0,446.0,4,847.0
0.0,34.0,36.0,67.0,330.0,446.0,4,847.0
0.0,34.0,55.0,67.0,137.0,355.0,4,446.0
0.0,34.0,55.0,112.0,137.0,247.0,4,355.0
0.0,34.0,55.0,112.0,137.0,355.0,4,847.0
0.0,34.0,55.0,129.0,137.0,355.0,4,847.0
0.0,34.0,55.0,67.0,112.0,137.0,4,355.0
0.0,34.0,55.0,112.0,137.0,247.0,4,355.0
0.0,34.0,55.0,112.0,137.0,247.0,4,355.0
0.0,34.0,55.0,129.0,137.0,247.0,4,355.0
0.0,34.0,55.0,67.0,129.0,247.0,4,446.0
0.0,34.0,36.0,67.0,224.0,355.0,4,446.0
0.0,34.0,36.0,67.0,224.0,355.0,4,446.0
0.0,34.0,36.0,67.0,224.0,446.0,4,847.0
0.0,34.0,36.0,67.0,224.0,446.0,4,847.0
0.0,0.0,59.0,527.0,535.0,991.0,4,1037.0
0.0,0.0,527.0,870.0,905.0,991.0,4,1037.0
0.0,0.0,527.0,870.0,905.0,991.0,4,1037.0
0.0,0.0,59.0,527.0,870.0,910.0,4,1037.0
0.0,0.0,59.0,527.0,870.0,910.0,4,1037.0
0.0,0.0,59.0,527.0,535.0,870.0,4,910.0
0.0,0.0,59.0,527.0,535.0,870.0,4,1037.0
0.0,0.0,59.0,527.0,535.0,870.0,4,1037.0
0.0,34.0,55.0,112.0,137.0,247.0,4,355.0
0.0,34.0,112.0,137.0,224.0,247.0,4,355.0
0.0,34.0,55.0,67.0,224.0,330.0,4,355.0
0.0,34.0,55.0,112.0,137.0,247.0,4,355.0
0.0,34.0,55.0,67.0,137.0,330.0,4,355.0
0.0,34.0,36.0,67.0,137.0,330.0,4,355.0
0.0,34.0,55.0,137.0,247.0,330.0,4,355.0
0.0,16.0,31.0,306.0,431.0,457.0,4,996.0
0.0,16.0,31.0,349.0,431.0,457.0,4,996.0
0.0,16.0,31.0,65.0,349.0,431.0,4,457.0
0.0,16.0,306.0,349.0,457.0,898.0,4,996.0
0.0,16.0,31.0,306.0,431.0,457.0,4,996.0
0.0,16.0,31.0,65.0,349.0,431.0,4,457.0
0.0,16.0,31.0,65.0,306.0,349.0,4,457.0
0.0,16.0,31.0,65.0,306.0,349.0,4,996.0
0.0,16.0,65.0,306.0,349.0,898.0,4,996.0
0.0,16.0,65.0,306.0,349.0,898.0,4,996.0
0.0,16.0,65.0,306.0,349.0,898.0,4,996.0
0.0,12.0,216.0,477.0,563.0,715.0,4,983.0
0.0,12.0,216.0,477.0,563.0,715.0,4,903.0
0.0,12.0,216.0,228.0,477.0,715.0,4,983.0
0.0,12.0,216.0,228.0,715.0,903.0,4,983.0
0.0,12.0,216.0,228.0,477.0,715.0,4,983.0
0.0,12.0,216.0,228.0,715.0,903.0,4,983.0
0.0,12.0,216.0,228.0,387.0,715.0,4,903.0
0.0,12.0,216.0,563.0,715.0,903.0,4,983.0
0.0,12.0,387.0,563.0,770.0,819.0,4,903.0
0.0,34.0,36.0,55.0,112.0,247.0,4,355.0
0.0,34.0,36.0,55.0,112.0,247.0,4,355.0
0.0,34.0,36.0,55.0,129.0,247.0,4,355.0
0.0,34.0,55.0,67.0,224.0,446.0,4,847.0
0.0,34.0,36.0,55.0,247.0,355.0,4,709.0
0.0,34.0,36.0,55.0,112.0,247.0,4,355.0
0.0,34.0,36.0,129.0,224.0,247.0,4,355.0
0.0,34.0,67.0,129.0,224.0,355.0,4,446.0
0.0,34.0,67.0,129.0,224.0,355.0,4,446.0
0.0,34.0,67.0,129.0,224.0,355.0,4,446.0
0.0,28.0,110.0,416.0,685.0,890.0,4,971.0
0.0,28.0,110.0,416.0,685.0,890.0,4,971.0
0.0,28.0,340.0,416.0,685.0,890.0,4,971.0
0.0,28.0,340.0,608.0,685.0,890.0,4,971.0
0.0,28.0,110.0,389.0,416.0,444.0,4,608.0
0.0,28.0,110.0,389.0,416.0,444.0,4,608.0
0.0,28.0,340.0,389.0,608.0,890.0,4,971.0
0.0,28.0,340.0,608.0,685.0,890.0,4,971.0
0.0,28.0,110.0,608.0,685.0,890.0,4,971.0
0.0,28.0,110.0,608.0,685.0,890.0,4,971.0
0.0,13.0,161.0,182.0,192.0,315.0,4,449.0
0.0,13.0,161.0,182.0,192.0,315.0,4,449.0
0.0,13.0,5.0,182.0,212.0,803.0,4,956.0
0.0,13.0,182.0,212.0,315.0,803.0,4,956.0
0.0,13.0,192.0,315.0,449.0,803.0,4,956.0
0.0,13.0,161.0,182.0,192.0,315.0,4,449.0
0.0,13.0,161.0,182.0,192.0,315.0,4,449.0
0.0,13.0,161.0,182.0,212.0,432.0,4,956.0
0.0,13.0,161.0,192.0,315.0,449.0,4,803.0
0.0,33.0,248.0,254.0,445.0,692.0,4,789.0
0.0,33.0,134.0,254.0,255.0,692.0,4,698.0
0.0,33.0,134.0,248.0,254.0,445.0,4,692.0
0.0,33.0,134.0,248.0,255.0,692.0,4,789.0
0.0,33.0,45.0,134.0,255.0,698.0,4,789.0
0.0,33.0,45.0,134.0,255.0,698.0,4,789.0
0.0,33.0,45.0,134.0,255.0,692.0,4,698.0
0.0,34.0,55.0,137.0,247.0,330.0,4,355.0
0.0,34.0,67.0,137.0,224.0,330.0,4,446.0
0.0,34.0,67.0,224.0,247.0,330.0,4,446.0
0.0,34.0,55.0,67.0,224.0,247.0,4,446.0
0.0,34.0,55.0,67.0,224.0,247.0,4,446.0
0.0,34.0,55.0,67.0,224.0,247.0,4,446.0
0.0,34.0,55.0,112.0,137.0,247.0,4,355.0
0.0,34.0,55.0,137.0,247.0,330.0,4,355.0
0.0,34.0,137.0,224.0,330.0,355.0,4,446.0
0.0,34.0,67.0,137.0,224.0,330.0,4,446.0
0.0,34.0,55.0,112.0,137.0,247.0,4,355.0
0.0,34.0,55.0,67.0,224.0,446.0,4,709.0
0.0,34.0,55.0,137.0,247.0,355.0,4,709.0
0.0,34.0,55.0,137.0,247.0,355.0,4,709.0
0.0,34.0,67.0,137.0,224.0,330.0,4,446.0
0.0,34.0,67.0,137.0,224.0,330.0,4,446.0
0.0,34.0,55.0,224.0,247.0,330.0,4,355.0
0.0,17.0,119.0,148.0,328.0,730.0,4,858.0
0.0,17.0,148.0,211.0,328.0,730.0,4,858.0
0.0,17.0,119.0,148.0,328.0,730.0,4,858.0
0.0,17.0,119.0,148.0,235.0,730.0,4,858.0
0.0,17.0,119.0,148.0,211.0,235.0,4,730.0
0.0,17.0,119.0,148.0,211.0,235.0,4,730.0
0.0,17.0,206.0,235.0,299.0,328.0,4,648.0
0.0,34.0,55.0,67.0,247.0,330.0,4,446.0
0.0,34.0,55.0,67.0,129.0,224.0,4,247.0
0.0,34.0,55.0,67.0,129.0,224.0,4,247.0
0.0,34.0,55.0,67.0,247.0,330.0,4,446.0
0.0,34.0,67.0,129.0,224.0,446.0,4,847.0
0.0,34.0,55.0,67.0,224.0,247.0,4,330.0
0.0,34.0,55.0,67.0,247.0,330.0,4,446.0
0.0,34.0,55.0,67.0,247.0,330.0,4,446.0
0.0,34.0,55.0,67.0,112.0,709.0,4,847.0
0.0,34.0,55.0,67.0,224.0,247.0,4,330.0
0.0,34.0,55.0,67.0,224.0,247.0,4,330.0
0.0,34.0,67.0,224.0,247.0,330.0,4,446.0
0.0,34.0,55.0,67.0,224.0,247.0,4,330.0
0.0,34.0,55.0,67.0,247.0,330.0,4,446.0
0.0,34.0,36.0,67.0,224.0,282.0,4,709.0
0.0,34.0,55.0,67.0,247.0,330.0,4,446.0
0.0,34.0,55.0,67.0,330.0,446.0,4,847.0
0.0,34.0,55.0,67.0,224.0,446.0,4,847.0
0.0,34.0,55.0,67.0,224.0,709.0,4,847.0
0.0,34.0,55.0,224.0,282.0,709.0,4,847.0
0.0,34.0,55.0,224.0,282.0,709.0,4,847.0
0.0,34.0,55.0,67.0,224.0,247.0,4,330.0
0.0,16.0,31.0,65.0,296.0,306.0,4,457.0
0.0,16.0,65.0,431.0,450.0,457.0,4,704.0
0.0,16.0,31.0,65.0,296.0,306.0,4,457.0
0.0,16.0,31.0,65.0,296.0,306.0,4,457.0
0.0,16.0,65.0,306.0,450.0,457.0,4,704.0
0.0,16.0,65.0,296.0,306.0,450.0,4,704.0
0.0,0.0,59.0,631.0,686.0,857.0,4,915.0
0.0,0.0,59.0,631.0,686.0,857.0,4,915.0
0.0,0.0,59.0,631.0,686.0,857.0,4,915.0
0.0,0.0,59.0,686.0,905.0,910.0,4,991.0
0.0,0.0,686.0,857.0,905.0,910.0,4,991.0
0.0,0.0,59.0,686.0,905.0,910.0,4,991.0
0.0,0.0,59.0,329.0,686.0,857.0,4,905.0
0.0,34.0,36.0,55.0,247.0,282.0,4,330.0
0.0,34.0,36.0,55.0,282.0,330.0,4,847.0
0.0,34.0,36.0,55.0,282.0,330.0,4,847.0
0.0,34.0,224.0,247.0,330.0,446.0,4,847.0
0.0,34.0,224.0,247.0,330.0,446.0,4,847.0
0.0,34.0,55.0,247.0,282.0,330.0,4,446.0
0.0,34.0,36.0,224.0,282.0,330.0,4,847.0
0.0,34.0,36.0,112.0,282.0,716.0,4,847.0
0.0,34.0,55.0,67.0,247.0,330.0,4,446.0
0.0,34.0,55.0,67.0,247.0,330.0,4,446.0
0.0,34.0,36.0,55.0,112.0,247.0,4,446.0
0.0,34.0,55.0,67.0,247.0,330.0,4,446.0
0.0,34.0,55.0,247.0,282.0,330.0,4,446.0
0.0,34.0,55.0,67.0,282.0,330.0,4,446.0
0.0,34.0,55.0,67.0,282.0,330.0,4,446.0
0.0,12.0,216.0,387.0,563.0,715.0,4,983.0
0.0,12.0,216.0,228.0,233.0,650.0,4,819.0
0.0,12.0,216.0,228.0,650.0,819.0,4,983.0
0.0,12.0,228.0,650.0,715.0,819.0,4,983.0
0.0,12.0,563.0,650.0,715.0,819.0,4,983.0
0.0,12.0,387.0,563.0,715.0,819.0,4,983.0
0.0,12.0,216.0,387.0,563.0,715.0,4,983.0
0.0,12.0,216.0,387.0,563.0,819.0,4,983.0
0.0,12.0,216.0,387.0,563.0,819.0,4,983.0
0.0,12.0,233.0,563.0,770.0,819.0,4,983.0
0.0,12.0,216.0,228.0,387.0,650.0,4,715.0
0.0,14.0,48.0,592.0,609.0,644.0,4,907.0
0.0,14.0,48.0,592.0,609.0,644.0,4,907.0
0.0,14.0,116.0,592.0,609.0,644.0,4,907.0
0.0,14.0,116.0,592.0,609.0,644.0,4,907.0
0.0,14.0,48.0,592.0,609.0,644.0,4,907.0
0.0,14.0,48.0,592.0,609.0,644.0,4,907.0
0.0,14.0,592.0,609.0,644.0,855.0,4,907.0
0.0,14.0,48.0,518.0,609.0,695.0,4,1007.0
0.0,14.0,48.0,518.0,609.0,695.0,4,1007.0
0.0,14.0,116.0,592.0,609.0,644.0,4,907.0
0.0,14.0,48.0,592.0,609.0,644.0,4,907.0
0.0,28.0,389.0,416.0,444.0,685.0,4,1036.0
0.0,28.0,389.0,416.0,444.0,685.0,4,1036.0
0.0,28.0,210.0,416.0,538.0,919.0,4,971.0
0.0,28.0,389.0,444.0,538.0,685.0,4,1036.0
0.0,28.0,389.0,444.0,538.0,685.0,4,1036.0
0.0,28.0,210.0,538.0,919.0,971.0,4,1036.0
0.0,28.0,389.0,416.0,444.0,538.0,4,1036.0
0.0,14.0,609.0,644.0,695.0,855.0,4,907.0
0.0,14.0,518.0,609.0,695.0,855.0,4,1007.0
0.0,14.0,518.0,609.0,695.0,855.0,4,1007.0
0.0,14.0,116.0,518.0,592.0,609.0,4,1007.0
0.0,14.0,116.0,518.0,609.0,695.0,4,1007.0
0.0,14.0,518.0,592.0,609.0,644.0,4,695.0
0.0,14.0,116.0,518.0,592.0,644.0,4,695.0
0.0,14.0,48.0,592.0,609.0,644.0,4,907.0
0.0,14.0,48.0,592.0,609.0,644.0,4,907.0
0.0,14.0,48.0,592.0,609.0,644.0,4,907.0
0.0,14.0,518.0,599.0,609.0,695.0,4,1007.0
0.0,14.0,518.0,599.0,609.0,695.0,4,1007.0
0.0,14.0,48.0,592.0,644.0,855.0,4,907.0
0.0,14.0,48.0,592.0,609.0,644.0,4,907.0
0.0,14.0,48.0,592.0,609.0,644.0,4,907.0
0.0,14.0,116.0,592.0,609.0,644.0,4,907.0
0.0,14.0,518.0,592.0,599.0,644.0,4,695.0
0.0,14.0,518.0,599.0,609.0,695.0,4,877.0
0.0,14.0,48.0,592.0,609.0,644.0,4,907.0
0.0,14.0,518.0,592.0,599.0,609.0,4,695.0
0.0,14.0,518.0,592.0,599.0,609.0,4,695.0
0.0,14.0,518.0,592.0,599.0,609.0,4,695.0
0.0,14.0,518.0,592.0,599.0,695.0,4,1007.0
0.0,14.0,518.0,599.0,695.0,877.0,4,1007.0
0.0,14.0,518.0,599.0,695.0,877.0,4,1007.0
0.0,14.0,48.0,592.0,609.0,644.0,4,907.0
0.0,14.0,48.0,116.0,592.0,644.0,4,907.0
0.0,14.0,48.0,116.0,592.0,644.0,4,907.0
0.0,14.0,48.0,609.0,695.0,907.0,4,1007.0
0.0,14.0,116.0,518.0,592.0,609.0,4,695.0
0.0,14.0,518.0,599.0,609.0,695.0,4,1007.0
0.0,14.0,116.0,518.0,592.0,599.0,4,695.0
0.0,14.0,48.0,518.0,592.0,609.0,4,877.0
0.0,14.0,48.0,592.0,609.0,644.0,4,907.0
0.0,14.0,592.0,599.0,609.0,644.0,4,877.0
0.0,14.0,599.0,609.0,695.0,894.0,4,1007.0
0.0,14.0,599.0,609.0,695.0,894.0,4,1007.0
0.0,14.0,592.0,599.0,644.0,695.0,4,1007.0
0.0,14.0,592.0,599.0,609.0,644.0,4,907.0
0.0,14.0,592.0,599.0,609.0,695.0,4,877.0
0.0,14.0,599.0,609.0,695.0,877.0,4,1007.0
0.0,14.0,48.0,592.0,644.0,877.0,4,1007.0
0.0,14.0,592.0,599.0,609.0,644.0,4,907.0
0.0,14.0,599.0,644.0,695.0,907.0,4,1007.0
0.0,14.0,592.0,599.0,609.0,644.0,4,907.0
0.0,14.0,592.0,599.0,609.0,695.0,4,907.0
0.0,33.0,45.0,134.0,255.0,698.0,4,853.0
0.0,33.0,134.0,254.0,692.0,698.0,4,853.0
0.0,33.0,45.0,134.0,255.0,360.0,4,698.0
0.0,33.0,45.0,125.0,134.0,254.0,4,698.0
0.0,33.0,134.0,255.0,692.0,698.0,4,853.0
0.0,33.0,254.0,360.0,445.0,692.0,4,789.0
0.0,33.0,134.0,255.0,360.0,692.0,4,698.0
0.0,33.0,45.0,134.0,255.0,692.0,4,698.0
0.0,14.0,592.0,599.0,609.0,644.0,4,907.0
0.0,14.0,592.0,599.0,609.0,644.0,4,907.0
0.0,14.0,518.0,592.0,599.0,695.0,4,1007.0
0.0,14.0,518.0,592.0,599.0,609.0,4,644.0
0.0,14.0,48.0,592.0,609.0,644.0,4,907.0
0.0,14.0,48.0,592.0,609.0,644.0,4,907.0
0.0,14.0,592.0,599.0,609.0,644.0,4,907.0
0.0,14.0,592.0,599.0,609.0,695.0,4,907.0
0.0,14.0,518.0,599.0,644.0,695.0,4,1007.0
0.0,14.0,48.0,592.0,609.0,644.0,4,907.0
0.0,14.0,518.0,592.0,599.0,609.0,4,695.0
0.0,14.0,592.0,599.0,609.0,644.0,4,907.0
0.0,14.0,518.0,592.0,599.0,609.0,4,877.0
0.0,14.0,518.0,592.0,599.0,644.0,4,695.0
0.0,14.0,518.0,592.0,609.0,695.0,4,855.0
0.0,14.0,518.0,592.0,599.0,609.0,4,644.0
0.0,14.0,592.0,599.0,609.0,644.0,4,907.0
0.0,14.0,48.0,518.0,592.0,609.0,4,695.0
0.0,14.0,48.0,518.0,609.0,695.0,4,1007.0
0.0,14.0,518.0,609.0,695.0,855.0,4,1007.0
0.0,14.0,518.0,609.0,644.0,695.0,4,855.0
0.0,14.0,592.0,609.0,644.0,855.0,4,907.0
0.0,14.0,592.0,599.0,609.0,644.0,4,907.0
0.0,14.0,592.0,599.0,609.0,644.0,4,907.0
0.0,14.0,592.0,599.0,609.0,644.0,4,907.0
0.0,14.0,518.0,592.0,599.0,609.0,4,695.0
0.0,14.0,518.0,592.0,599.0,609.0,4,695.0
0.0,14.0,48.0,518.0,609.0,695.0,4,877.0
0.0,14.0,48.0,518.0,592.0,609.0,4,695.0
0.0,14.0,518.0,695.0,855.0,877.0,4,1007.0
0.0,14.0,518.0,695.0,855.0,877.0,4,1007.0
0.0,13.0,5.0,192.0,315.0,803.0,4,871.0
0.0,13.0,161.0,182.0,192.0,315.0,4,900.0
0.0,13.0,182.0,315.0,871.0,900.0,4,956.0
0.0,13.0,5.0,192.0,315.0,803.0,4,871.0
0.0,13.0,161.0,192.0,315.0,803.0,4,871.0
0.0,13.0,182.0,192.0,315.0,900.0,4,956.0
0.0,13.0,182.0,192.0,315.0,871.0,4,900.0
0.0,13.0,161.0,192.0,315.0,871.0,4,900.0
0.0,14.0,592.0,599.0,609.0,644.0,4,907.0
0.0,14.0,592.0,599.0,609.0,644.0,4,907.0
0.0,14.0,518.0,592.0,599.0,609.0,4,644.0
0.0,14.0,518.0,592.0,599.0,695.0,4,1007.0
0.0,14.0,592.0,599.0,609.0,644.0,4,907.0
0.0,14.0,592.0,609.0,644.0,855.0,4,907.0
0.0,14.0,592.0,609.0,644.0,855.0,4,907.0
0.0,14.0,592.0,599.0,609.0,644.0,4,907.0
0.0,14.0,518.0,599.0,609.0,644.0,4,695.0
0.0,14.0,518.0,599.0,609.0,644.0,4,695.0
0.0,14.0,48.0,518.0,644.0,695.0,4,1007.0
0.0,14.0,48.0,518.0,644.0,695.0,4,1007.0
0.0,14.0,48.0,518.0,644.0,877.0,4,1007.0
0.0,14.0,518.0,609.0,644.0,855.0,4,877.0
0.0,14.0,518.0,609.0,644.0,855.0,4,877.0
0.0,14.0,599.0,609.0,644.0,877.0,4,907.0
0.0,14.0,592.0,599.0,609.0,644.0,4,907.0
0.0,14.0,48.0,518.0,592.0,695.0,4,1007.0
0.0,14.0,48.0,518.0,592.0,695.0,4,1007.0
0.0,14.0,592.0,599.0,609.0,644.0,4,907.0
0.0,14.0,599.0,609.0,644.0,695.0,4,907.0
0.0,14.0,48.0,518.0,609.0,695.0,4,1007.0
0.0,14.0,48.0,518.0,609.0,877.0,4,1007.0
0.0,14.0,48.0,518.0,644.0,695.0,4,855.0
0.0,14.0,599.0,609.0,644.0,695.0,4,907.0
0.0,14.0,599.0,609.0,644.0,695.0,4,907.0
0.0,14.0,599.0,609.0,644.0,695.0,4,907.0
0.0,14.0,599.0,609.0,644.0,695.0,4,907.0
0.0,14.0,48.0,518.0,609.0,644.0,4,877.0
0.0,14.0,48.0,518.0,609.0,695.0,4,1007.0
0.0,14.0,518.0,599.0,609.0,644.0,4,695.0
0.0,14.0,48.0,518.0,592.0,609.0,4,644.0
0.0,14.0,48.0,116.0,518.0,609.0,4,695.0
0.0,14.0,48.0,116.0,518.0,592.0,4,695.0
0.0,14.0,48.0,116.0,518.0,592.0,4,695.0
0.0,14.0,592.0,599.0,609.0,644.0,4,907.0
0.0,14.0,592.0,599.0,609.0,644.0,4,907.0
0.0,14.0,592.0,599.0,609.0,644.0,4,907.0
0.0,14.0,592.0,599.0,609.0,644.0,4,907.0
0.0,14.0,48.0,518.0,592.0,644.0,4,695.0
0.0,11.0,173.0,647.0,806.0,895.0,4,1031.0
0.0,11.0,173.0,647.0,806.0,895.0,4,1031.0
0.0,11.0,553.0,647.0,806.0,895.0,4,1031.0
0.0,11.0,553.0,647.0,806.0,895.0,4,1031.0
0.0,11.0,173.0,504.0,647.0,880.0,4,925.0
0.0,11.0,173.0,504.0,647.0,880.0,4,925.0
0.0,11.0,173.0,504.0,647.0,880.0,4,925.0
0.0,7.0,267.0,277.0,325.0,455.0,4,530.0
0.0,7.0,267.0,277.0,325.0,455.0,4,530.0
0.0,7.0,246.0,277.0,365.0,455.0,4,530.0
0.0,7.0,246.0,267.0,277.0,365.0,4,530.0
0.0,7.0,59.0,246.0,263.0,365.0,4,455.0
0.0,7.0,263.0,267.0,325.0,455.0,4,530.0
0.0,7.0,267.0,277.0,325.0,455.0,4,530.0
0.0,7.0,246.0,263.0,365.0,455.0,4,530.0
0.0,7.0,263.0,267.0,277.0,365.0,4,530.0
0.0,7.0,263.0,267.0,277.0,325.0,4,530.0
0.0,7.0,263.0,277.0,325.0,455.0,4,530.0
0.0,7.0,246.0,263.0,277.0,455.0,4,530.0
0.0,14.0,48.0,116.0,592.0,644.0,4,907.0
0.0,14.0,48.0,116.0,518.0,592.0,4,695.0
0.0,14.0,116.0,518.0,592.0,599.0,4,695.0
0.0,14.0,592.0,599.0,644.0,907.0,4,1007.0
0.0,14.0,518.0,592.0,599.0,644.0,4,1007.0
0.0,14.0,48.0,116.0,518.0,592.0,4,644.0
0.0,14.0,116.0,592.0,599.0,695.0,4,907.0
0.0,14.0,116.0,592.0,599.0,644.0,4,907.0
0.0,14.0,116.0,592.0,599.0,644.0,4,907.0
0.0,4.0,46.0,85.0,158.0,589.0,4,646.0
0.0,4.0,11.0,85.0,158.0,589.0,4,646.0
0.0,4.0,46.0,81.0,158.0,722.0,4,992.0
0.0,4.0,85.0,158.0,589.0,646.0,4,653.0
0.0,4.0,11.0,81.0,85.0,158.0,4,646.0
0.0,4.0,11.0,85.0,158.0,646.0,4,947.0
0.0,4.0,11.0,158.0,646.0,722.0,4,947.0
0.0,4.0,81.0,85.0,158.0,646.0,4,947.0
0.0,18.0,191.0,577.0,811.0,832.0,4,973.0
0.0,18.0,191.0,577.0,811.0,832.0,4,973.0
0.0,18.0,549.0,577.0,677.0,718.0,4,811.0
0.0,18.0,577.0,677.0,718.0,832.0,4,973.0
0.0,18.0,577.0,677.0,718.0,832.0,4,973.0
0.0,16.0,31.0,285.0,296.0,457.0,4,996.0
0.0,16.0,31.0,285.0,296.0,457.0,4,996.0
0.0,16.0,65.0,296.0,349.0,450.0,4,704.0
0.0,16.0,31.0,65.0,431.0,450.0,4,457.0
0.0,16.0,31.0,285.0,296.0,457.0,4,996.0
0.0,16.0,285.0,296.0,457.0,704.0,4,996.0
0.0,16.0,296.0,349.0,457.0,704.0,4,996.0
0.0,16.0,65.0,296.0,349.0,431.0,4,704.0
0.0,16.0,31.0,296.0,349.0,431.0,4,450.0
0.0,16.0,296.0,349.0,431.0,450.0,4,996.0
0.0,25.0,294.0,363.0,380.0,421.0,4,961.0
0.0,25.0,133.0,226.0,294.0,586.0,4,974.0
0.0,25.0,133.0,226.0,380.0,586.0,4,974.0
0.0,25.0,294.0,363.0,380.0,421.0,4,974.0
0.0,25.0,226.0,294.0,421.0,586.0,4,974.0
0.0,14.0,592.0,599.0,644.0,695.0,4,907.0
0.0,14.0,48.0,518.0,592.0,695.0,4,1007.0
0.0,14.0,599.0,644.0,695.0,877.0,4,894.0
0.0,14.0,48.0,592.0,644.0,695.0,4,907.0
0.0,14.0,48.0,592.0,644.0,695.0,4,907.0
0.0,14.0,48.0,592.0,644.0,695.0,4,907.0
0.0,14.0,518.0,592.0,855.0,877.0,4,1007.0
0.0,14.0,592.0,644.0,695.0,855.0,4,877.0
0.0,29.0,183.0,338.0,505.0,572.0,4,700.0
0.0,29.0,338.0,505.0,580.0,713.0,4,899.0
0.0,29.0,183.0,572.0,700.0,713.0,4,899.0
0.0,29.0,183.0,572.0,700.0,713.0,4,899.0
0.0,14.0,48.0,116.0,592.0,644.0,4,907.0
0.0,14.0,116.0,592.0,644.0,855.0,4,907.0
0.0,14.0,592.0,644.0,855.0,907.0,4,1007.0
0.0,14.0,116.0,592.0,644.0,855.0,4,907.0
0.0,14.0,518.0,644.0,855.0,877.0,4,1007.0
0.0,14.0,592.0,695.0,855.0,877.0,4,1007.0
0.0,14.0,592.0,644.0,695.0,855.0,4,877.0
0.0,14.0,592.0,644.0,695.0,855.0,4,877.0
0.0,14.0,48.0,592.0,644.0,695.0,4,877.0
0.0,14.0,592.0,644.0,855.0,877.0,4,907.0
0.0,15.0,174.0,201.0,373.0,719.0,4,930.0
0.0,15.0,174.0,719.0,786.0,930.0,4,937.0
0.0,15.0,24.0,174.0,201.0,719.0,4,786.0
0.0,15.0,24.0,201.0,209.0,719.0,4,786.0
0.0,15.0,209.0,373.0,719.0,930.0,4,937.0
0.0,15.0,24.0,209.0,719.0,786.0,4,860.0
0.0,15.0,209.0,373.0,719.0,786.0,4,860.0
0.0,15.0,174.0,373.0,719.0,860.0,4,930.0
0.0,15.0,174.0,719.0,786.0,930.0,4,937.0
0.0,15.0,24.0,174.0,719.0,786.0,4,937.0
0.0,11.0,274.0,553.0,806.0,895.0,4,968.0
0.0,11.0,173.0,553.0,647.0,806.0,4,895.0
0.0,11.0,173.0,504.0,553.0,647.0,4,895.0
0.0,11.0,274.0,553.0,647.0,806.0,4,968.0
0.0,11.0,274.0,553.0,806.0,895.0,4,968.0
0.0,11.0,274.0,553.0,647.0,806.0,4,968.0
0.0,11.0,274.0,553.0,647.0,806.0,4,968.0
0.0,11.0,274.0,553.0,647.0,806.0,4,968.0
0.0,11.0,173.0,553.0,647.0,806.0,4,968.0
0.0,11.0,173.0,553.0,647.0,806.0,4,895.0
0.0,11.0,173.0,274.0,647.0,806.0,4,895.0
0.0,11.0,173.0,274.0,504.0,647.0,4,968.0
0.0,11.0,173.0,274.0,504.0,647.0,4,968.0
0.0,11.0,504.0,647.0,880.0,925.0,4,999.0
0.0,14.0,48.0,116.0,592.0,644.0,4,907.0
0.0,14.0,518.0,592.0,695.0,855.0,4,1007.0
0.0,14.0,48.0,518.0,695.0,877.0,4,1007.0
0.0,14.0,592.0,644.0,855.0,877.0,4,907.0
0.0,14.0,116.0,592.0,644.0,855.0,4,907.0
0.0,14.0,48.0,116.0,592.0,644.0,4,907.0
0.0,14.0,48.0,518.0,695.0,877.0,4,1007.0
0.0,14.0,518.0,695.0,855.0,877.0,4,1007.0
0.0,14.0,592.0,644.0,695.0,855.0,4,907.0
0.0,14.0,48.0,116.0,592.0,644.0,4,907.0
0.0,14.0,116.0,592.0,644.0,855.0,4,907.0
0.0,14.0,48.0,518.0,695.0,877.0,4,1007.0
0.0,14.0,116.0,592.0,644.0,907.0,4,1007.0
0.0,14.0,48.0,116.0,592.0,644.0,4,907.0
0.0,14.0,116.0,592.0,644.0,855.0,4,907.0
0.0,14.0,116.0,592.0,695.0,855.0,4,907.0
0.0,14.0,116.0,592.0,695.0,907.0,4,1007.0
0.0,14.0,48.0,518.0,695.0,877.0,4,1007.0
0.0,14.0,48.0,592.0,695.0,907.0,4,1007.0
0.0,14.0,48.0,592.0,644.0,695.0,4,907.0
0.0,30.0,121.0,335.0,657.0,953.0,4,963.0
0.0,30.0,113.0,657.0,705.0,953.0,4,963.0
0.0,30.0,113.0,121.0,705.0,953.0,4,963.0
0.0,30.0,86.0,113.0,335.0,657.0,4,705.0
0.0,30.0,86.0,113.0,121.0,953.0,4,963.0
0.0,30.0,113.0,121.0,409.0,953.0,4,963.0
0.0,30.0,121.0,657.0,839.0,953.0,4,963.0
0.0,30.0,113.0,121.0,839.0,953.0,4,963.0
0.0,30.0,86.0,113.0,705.0,839.0,4,953.0
0.0,30.0,113.0,121.0,657.0,953.0,4,963.0
0.0,7.0,277.0,325.0,365.0,455.0,4,483.0
0.0,7.0,263.0,277.0,325.0,365.0,4,455.0
0.0,7.0,263.0,277.0,365.0,455.0,4,530.0
0.0,7.0,263.0,277.0,455.0,483.0,4,530.0
0.0,7.0,59.0,263.0,325.0,483.0,4,530.0
0.0,7.0,59.0,272.0,277.0,365.0,4,483.0
0.0,7.0,263.0,277.0,325.0,455.0,4,530.0
0.0,7.0,277.0,325.0,365.0,455.0,4,530.0
0.0,7.0,277.0,325.0,365.0,455.0,4,530.0
0.0,7.0,59.0,246.0,263.0,455.0,4,530.0
0.0,7.0,59.0,246.0,263.0,277.0,4,365.0
0.0,7.0,59.0,246.0,263.0,365.0,4,455.0
0.0,14.0,48.0,592.0,609.0,695.0,4,907.0
0.0,14.0,48.0,592.0,609.0,644.0,4,907.0
0.0,14.0,48.0,592.0,609.0,644.0,4,907.0
0.0,14.0,48.0,592.0,609.0,644.0,4,907.0
0.0,14.0,48.0,592.0,609.0,695.0,4,907.0
0.0,14.0,518.0,592.0,609.0,695.0,4,855.0
0.0,14.0,48.0,518.0,592.0,609.0,4,695.0
0.0,14.0,518.0,592.0,609.0,695.0,4,855.0
0.0,14.0,48.0,116.0,609.0,877.0,4,907.0
0.0,14.0,48.0,116.0,592.0,609.0,4,907.0
0.0,14.0,48.0,116.0,592.0,609.0,4,907.0
0.0,14.0,48.0,592.0,609.0,907.0,4,1007.0
0.0,14.0,48.0,592.0,695.0,907.0,4,1007.0
0.0,14.0,518.0,609.0,695.0,855.0,4,877.0
0.0,23.0,146.0,307.0,418.0,440.0,4,921.0
0.0,23.0,234.0,418.0,655.0,740.0,4,827.0
0.0,23.0,234.0,307.0,655.0,740.0,4,921.0
0.0,23.0,234.0,307.0,418.0,440.0,4,921.0
0.0,23.0,146.0,307.0,418.0,440.0,4,921.0
0.0,23.0,234.0,307.0,418.0,440.0,4,921.0
0.0,23.0,146.0,234.0,418.0,440.0,4,921.0
0.0,23.0,234.0,307.0,418.0,440.0,4,921.0
0.0,23.0,234.0,307.0,418.0,440.0,4,921.0
0.0,1.0,14.0,118.0,808.0,866.0,4,1010.0
0.0,1.0,14.0,118.0,351.0,808.0,4,1010.0
0.0,1.0,14.0,118.0,250.0,808.0,4,1010.0
0.0,1.0,14.0,118.0,250.0,808.0,4,866.0
0.0,1.0,14.0,250.0,351.0,570.0,4,866.0
0.0,1.0,14.0,118.0,351.0,808.0,4,866.0
0.0,1.0,14.0,118.0,351.0,808.0,4,866.0
0.0,12.0,216.0,417.0,477.0,715.0,4,983.0
0.0,12.0,216.0,417.0,462.0,477.0,4,715.0
0.0,12.0,216.0,228.0,387.0,462.0,4,819.0
0.0,12.0,228.0,462.0,477.0,715.0,4,819.0
0.0,12.0,216.0,228.0,387.0,715.0,4,819.0
0.0,12.0,216.0,228.0,387.0,715.0,4,819.0
0.0,12.0,216.0,417.0,462.0,477.0,4,715.0
0.0,12.0,216.0,417.0,462.0,477.0,4,715.0
0.0,12.0,216.0,417.0,462.0,477.0,4,715.0
0.0,0.0,493.0,535.0,686.0,991.0,4,1037.0
0.0,0.0,493.0,527.0,535.0,912.0,4,1037.0
0.0,0.0,493.0,527.0,686.0,905.0,4,991.0
0.0,0.0,493.0,527.0,535.0,631.0,4,857.0
0.0,0.0,493.0,535.0,631.0,686.0,4,991.0
0.0,0.0,493.0,527.0,535.0,631.0,4,991.0
0.0,0.0,493.0,527.0,535.0,912.0,4,1037.0
0.0,0.0,493.0,527.0,535.0,991.0,4,1037.0
0.0,9.0,151.0,168.0,815.0,828.0,4,941.0
0.0,9.0,135.0,151.0,168.0,815.0,4,941.0
0.0,9.0,135.0,151.0,168.0,815.0,4,941.0
0.0,9.0,151.0,168.0,815.0,828.0,4,941.0
0.0,9.0,151.0,168.0,628.0,815.0,4,941.0
0.0,9.0,151.0,168.0,628.0,815.0,4,941.0
0.0,9.0,68.0,168.0,628.0,828.0,4,941.0
0.0,9.0,68.0,135.0,628.0,815.0,4,828.0
0.0,9.0,135.0,151.0,168.0,815.0,4,828.0
0.0,32.0,44.0,499.0,522.0,524.0,4,734.0
0.0,32.0,61.0,155.0,522.0,734.0,4,933.0
0.0,32.0,44.0,61.0,155.0,734.0,4,933.0
0.0,32.0,61.0,155.0,522.0,816.0,4,933.0
0.0,32.0,61.0,155.0,522.0,816.0,4,933.0
0.0,32.0,44.0,61.0,155.0,522.0,4,524.0
0.0,32.0,44.0,61.0,155.0,524.0,4,734.0
0.0,32.0,44.0,155.0,522.0,524.0,4,734.0
0.0,32.0,44.0,155.0,522.0,524.0,4,734.0
0.0,32.0,61.0,155.0,522.0,734.0,4,933.0
0.0,6.0,284.0,290.0,616.0,623.0,4,876.0
0.0,6.0,35.0,284.0,616.0,623.0,4,876.0
0.0,6.0,35.0,284.0,323.0,623.0,4,876.0
0.0,6.0,35.0,284.0,323.0,623.0,4,876.0
0.0,6.0,35.0,208.0,284.0,323.0,4,876.0
0.0,6.0,35.0,323.0,616.0,623.0,4,1039.0
0.0,6.0,290.0,323.0,616.0,623.0,4,1039.0
0.0,6.0,35.0,290.0,323.0,616.0,4,623.0
0.0,6.0,35.0,208.0,323.0,876.0,4,1039.0
0.0,6.0,35.0,208.0,323.0,876.0,4,1039.0
0.0,6.0,35.0,290.0,616.0,623.0,4,876.0
0.0,6.0,35.0,290.0,616.0,623.0,4,876.0
0.0,14.0,48.0,592.0,609.0,907.0,4,1007.0
0.0,14.0,48.0,592.0,609.0,907.0,4,1007.0
0.0,14.0,116.0,518.0,695.0,855.0,4,877.0
0.0,14.0,116.0,518.0,695.0,855.0,4,877.0
0.0,14.0,116.0,518.0,695.0,855.0,4,877.0
0.0,14.0,48.0,592.0,609.0,695.0,4,907.0
0.0,14.0,116.0,592.0,609.0,907.0,4,1007.0
0.0,14.0,518.0,592.0,609.0,695.0,4,855.0
0.0,14.0,518.0,609.0,695.0,855.0,4,877.0
0.0,14.0,592.0,609.0,695.0,855.0,4,907.0
0.0,14.0,592.0,609.0,695.0,855.0,4,907.0
0.0,14.0,48.0,592.0,609.0,907.0,4,1007.0
0.0,14.0,48.0,518.0,609.0,695.0,4,877.0
0.0,14.0,116.0,592.0,855.0,877.0,4,907.0
0.0,14.0,116.0,592.0,855.0,877.0,4,907.0
0.0,14.0,48.0,592.0,609.0,907.0,4,1007.0
0.0,14.0,48.0,518.0,609.0,695.0,4,877.0
0.0,14.0,48.0,518.0,592.0,609.0,4,877.0
0.0,14.0,116.0,592.0,609.0,877.0,4,907.0
0.0,14.0,48.0,592.0,609.0,877.0,4,907.0
0.0,14.0,48.0,116.0,592.0,609.0,4,907.0
0.0,14.0,48.0,592.0,609.0,695.0,4,907.0
0.0,14.0,116.0,592.0,695.0,855.0,4,907.0
0.0,14.0,592.0,609.0,695.0,855.0,4,907.0
0.0,14.0,48.0,592.0,609.0,695.0,4,907.0
0.0,14.0,48.0,592.0,609.0,695.0,4,907.0
0.0,14.0,48.0,592.0,609.0,695.0,4,907.0
0.0,14.0,48.0,592.0,609.0,695.0,4,907.0
0.0,14.0,4.0,116.0,609.0,855.0,4,894.0
0.0,14.0,48.0,592.0,695.0,855.0,4,907.0
0.0,14.0,592.0,609.0,855.0,877.0,4,907.0
0.0,14.0,48.0,592.0,609.0,695.0,4,907.0
0.0,14.0,48.0,592.0,609.0,695.0,4,907.0
0.0,14.0,592.0,609.0,695.0,855.0,4,894.0
0.0,14.0,48.0,116.0,609.0,877.0,4,894.0
0.0,14.0,4.0,48.0,609.0,877.0,4,894.0
0.0,14.0,4.0,48.0,518.0,877.0,4,894.0
0.0,14.0,4.0,116.0,518.0,855.0,4,877.0
0.0,33.0,134.0,254.0,360.0,692.0,4,698.0
0.0,33.0,248.0,360.0,445.0,692.0,4,789.0
0.0,33.0,134.0,248.0,360.0,692.0,4,789.0
0.0,33.0,134.0,254.0,360.0,692.0,4,698.0
0.0,33.0,45.0,125.0,134.0,254.0,4,698.0
0.0,33.0,45.0,125.0,134.0,254.0,4,698.0
0.0,33.0,125.0,134.0,254.0,698.0,4,853.0
0.0,33.0,45.0,134.0,254.0,360.0,4,698.0
0.0,33.0,45.0,254.0,692.0,789.0,4,805.0
0.0,33.0,45.0,254.0,692.0,698.0,4,789.0
0.0,14.0,4.0,592.0,599.0,609.0,4,894.0
0.0,14.0,4.0,592.0,599.0,609.0,4,894.0
0.0,14.0,4.0,592.0,599.0,855.0,4,894.0
0.0,14.0,4.0,599.0,609.0,855.0,4,877.0
0.0,14.0,4.0,599.0,609.0,855.0,4,877.0
0.0,14.0,4.0,599.0,609.0,855.0,4,877.0
0.0,14.0,4.0,48.0,592.0,855.0,4,877.0
0.0,14.0,48.0,116.0,592.0,609.0,4,907.0
0.0,14.0,48.0,116.0,592.0,609.0,4,907.0
0.0,14.0,4.0,599.0,609.0,877.0,4,894.0
0.0,14.0,4.0,599.0,609.0,877.0,4,894.0
0.0,14.0,4.0,592.0,599.0,609.0,4,877.0
0.0,14.0,4.0,592.0,599.0,609.0,4,877.0
0.0,14.0,4.0,48.0,592.0,609.0,4,877.0
0.0,18.0,191.0,577.0,681.0,811.0,4,832.0
0.0,18.0,191.0,577.0,681.0,811.0,4,812.0
0.0,18.0,191.0,677.0,681.0,832.0,4,982.0
0.0,18.0,577.0,677.0,681.0,832.0,4,982.0
0.0,18.0,577.0,677.0,681.0,832.0,4,982.0
0.0,18.0,577.0,677.0,681.0,811.0,4,832.0
0.0,18.0,191.0,577.0,718.0,812.0,4,832.0
0.0,18.0,191.0,577.0,718.0,812.0,4,832.0
0.0,18.0,577.0,677.0,681.0,718.0,4,832.0
0.0,18.0,577.0,677.0,681.0,832.0,4,982.0
0.0,17.0,47.0,119.0,148.0,708.0,4,730.0
0.0,17.0,47.0,149.0,648.0,708.0,4,858.0
0.0,17.0,119.0,148.0,149.0,730.0,4,858.0
0.0,17.0,47.0,119.0,148.0,708.0,4,730.0
0.0,17.0,47.0,119.0,148.0,708.0,4,730.0
0.0,17.0,119.0,148.0,149.0,730.0,4,858.0
0.0,17.0,119.0,148.0,149.0,730.0,4,858.0
0.0,17.0,47.0,148.0,149.0,708.0,4,858.0
0.0,17.0,47.0,149.0,648.0,730.0,4,858.0
0.0,17.0,149.0,235.0,328.0,441.0,4,648.0
0.0,26.0,40.0,41.0,494.0,601.0,4,874.0
0.0,26.0,40.0,41.0,601.0,874.0,4,928.0
0.0,26.0,40.0,41.0,601.0,874.0,4,928.0
0.0,26.0,40.0,41.0,874.0,928.0,4,1024.0
0.0,26.0,40.0,41.0,874.0,928.0,4,1024.0
0.0,26.0,40.0,41.0,874.0,928.0,4,1024.0
0.0,26.0,40.0,494.0,582.0,601.0,4,874.0
0.0,26.0,40.0,494.0,582.0,601.0,4,874.0
0.0,14.0,116.0,592.0,599.0,695.0,4,894.0
0.0,14.0,116.0,592.0,599.0,695.0,4,894.0
0.0,14.0,48.0,518.0,592.0,855.0,4,877.0
0.0,14.0,4.0,48.0,116.0,518.0,4,592.0
0.0,14.0,48.0,518.0,695.0,877.0,4,894.0
0.0,14.0,48.0,592.0,609.0,855.0,4,907.0
0.0,14.0,48.0,592.0,609.0,855.0,4,907.0
0.0,14.0,518.0,592.0,599.0,695.0,4,855.0
0.0,14.0,592.0,599.0,609.0,695.0,4,907.0
0.0,14.0,48.0,592.0,609.0,695.0,4,907.0
0.0,14.0,48.0,518.0,609.0,695.0,4,877.0
0.0,14.0,592.0,599.0,695.0,855.0,4,907.0
0.0,14.0,592.0,599.0,609.0,695.0,4,907.0
0.0,14.0,592.0,599.0,609.0,644.0,4,907.0
0.0,14.0,48.0,609.0,695.0,877.0,4,907.0
0.0,14.0,592.0,599.0,695.0,855.0,4,894.0
0.0,14.0,592.0,599.0,609.0,644.0,4,907.0
0.0,14.0,592.0,599.0,609.0,644.0,4,907.0
0.0,14.0,592.0,599.0,609.0,644.0,4,907.0
0.0,14.0,48.0,592.0,609.0,695.0,4,907.0
0.0,15.0,174.0,373.0,786.0,860.0,4,937.0
0.0,15.0,373.0,544.0,786.0,860.0,4,937.0
0.0,15.0,174.0,373.0,719.0,860.0,4,930.0
0.0,15.0,174.0,373.0,786.0,860.0,4,937.0
0.0,15.0,174.0,201.0,373.0,719.0,4,786.0
0.0,15.0,174.0,201.0,719.0,786.0,4,930.0
0.0,15.0,373.0,544.0,719.0,786.0,4,860.0
0.0,15.0,174.0,373.0,544.0,786.0,4,860.0
0.0,15.0,174.0,201.0,373.0,719.0,4,786.0
0.0,14.0,48.0,592.0,609.0,644.0,4,907.0
0.0,14.0,48.0,592.0,609.0,644.0,4,907.0
0.0,14.0,116.0,592.0,855.0,877.0,4,894.0
0.0,14.0,48.0,592.0,609.0,644.0,4,907.0
0.0,14.0,592.0,609.0,855.0,877.0,4,894.0
0.0,14.0,592.0,609.0,855.0,877.0,4,894.0
0.0,14.0,592.0,609.0,855.0,877.0,4,894.0
0.0,14.0,592.0,609.0,644.0,855.0,4,907.0
0.0,14.0,592.0,599.0,644.0,855.0,4,894.0
0.0,14.0,48.0,592.0,855.0,877.0,4,894.0
0.0,14.0,48.0,609.0,855.0,877.0,4,894.0
0.0,14.0,592.0,609.0,644.0,855.0,4,907.0
0.0,14.0,592.0,644.0,855.0,877.0,4,907.0
0.0,14.0,599.0,609.0,855.0,877.0,4,907.0
0.0,14.0,592.0,599.0,609.0,855.0,4,907.0
0.0,14.0,592.0,599.0,609.0,644.0,4,907.0
0.0,14.0,592.0,599.0,609.0,695.0,4,907.0
0.0,14.0,116.0,592.0,599.0,695.0,4,877.0
0.0,14.0,48.0,116.0,592.0,877.0,4,907.0
0.0,14.0,48.0,116.0,644.0,877.0,4,907.0
0.0,14.0,592.0,599.0,644.0,855.0,4,907.0
0.0,14.0,592.0,599.0,609.0,644.0,4,907.0
0.0,14.0,592.0,599.0,644.0,695.0,4,907.0
0.0,14.0,48.0,116.0,609.0,695.0,4,877.0
0.0,14.0,48.0,116.0,609.0,695.0,4,877.0
0.0,14.0,48.0,592.0,695.0,855.0,4,877.0
0.0,14.0,48.0,518.0,592.0,695.0,4,855.0
0.0,14.0,48.0,518.0,695.0,855.0,4,877.0
0.0,13.0,161.0,182.0,192.0,315.0,4,449.0
0.0,13.0,182.0,192.0,315.0,449.0,4,956.0
0.0,13.0,182.0,315.0,449.0,803.0,4,956.0
0.0,13.0,161.0,192.0,212.0,803.0,4,956.0
0.0,13.0,161.0,192.0,212.0,315.0,4,803.0
0.0,13.0,161.0,182.0,192.0,315.0,4,449.0
0.0,13.0,182.0,192.0,315.0,449.0,4,956.0
0.0,13.0,161.0,182.0,192.0,315.0,4,449.0
0.0,14.0,48.0,592.0,609.0,695.0,4,907.0
0.0,14.0,592.0,609.0,695.0,855.0,4,907.0
0.0,14.0,592.0,609.0,695.0,855.0,4,907.0
0.0,14.0,592.0,644.0,695.0,855.0,4,1007.0
0.0,14.0,116.0,592.0,644.0,695.0,4,855.0
0.0,14.0,518.0,592.0,609.0,644.0,4,855.0
0.0,14.0,518.0,592.0,609.0,644.0,4,855.0
0.0,14.0,48.0,592.0,609.0,644.0,4,907.0
0.0,14.0,592.0,609.0,695.0,855.0,4,907.0
0.0,14.0,592.0,609.0,695.0,855.0,4,877.0
0.0,14.0,592.0,609.0,644.0,855.0,4,907.0
0.0,14.0,592.0,609.0,644.0,855.0,4,907.0
0.0,14.0,518.0,592.0,599.0,609.0,4,644.0
0.0,14.0,518.0,592.0,599.0,609.0,4,644.0
0.0,14.0,609.0,695.0,855.0,877.0,4,907.0
0.0,14.0,592.0,609.0,644.0,855.0,4,907.0
0.0,14.0,518.0,592.0,599.0,609.0,4,644.0
0.0,14.0,592.0,609.0,695.0,855.0,4,907.0
0.0,14.0,592.0,599.0,609.0,695.0,4,907.0
0.0,29.0,103.0,580.0,700.0,713.0,4,899.0
0.0,29.0,338.0,505.0,550.0,700.0,4,800.0
0.0,29.0,338.0,505.0,550.0,700.0,4,800.0
0.0,29.0,338.0,505.0,550.0,580.0,4,800.0
0.0,29.0,338.0,505.0,550.0,700.0,4,800.0
0.0,29.0,338.0,505.0,550.0,700.0,4,800.0
0.0,15.0,209.0,306.0,373.0,412.0,4,719.0
0.0,15.0,115.0,174.0,306.0,412.0,4,860.0
0.0,15.0,24.0,174.0,201.0,621.0,4,860.0
0.0,15.0,201.0,209.0,306.0,412.0,4,719.0
0.0,15.0,174.0,209.0,306.0,621.0,4,719.0
0.0,15.0,306.0,373.0,602.0,621.0,4,719.0
0.0,15.0,306.0,373.0,602.0,621.0,4,719.0
0.0,15.0,174.0,373.0,602.0,621.0,4,719.0
0.0,15.0,174.0,201.0,209.0,373.0,4,860.0
0.0,15.0,174.0,201.0,209.0,373.0,4,860.0
0.0,15.0,174.0,209.0,373.0,719.0,4,860.0
0.0,15.0,174.0,373.0,602.0,719.0,4,860.0
0.0,15.0,174.0,373.0,602.0,719.0,4,860.0
0.0,15.0,209.0,306.0,373.0,412.0,4,719.0
0.0,15.0,201.0,373.0,602.0,621.0,4,860.0
0.0,15.0,115.0,201.0,602.0,621.0,4,860.0
0.0,15.0,209.0,306.0,373.0,412.0,4,719.0
0.0,15.0,209.0,306.0,373.0,412.0,4,719.0
0.0,15.0,174.0,373.0,621.0,719.0,4,860.0
0.0,15.0,115.0,174.0,201.0,621.0,4,719.0
0.0,15.0,174.0,201.0,602.0,621.0,4,719.0
0.0,15.0,174.0,201.0,602.0,621.0,4,719.0
0.0,15.0,174.0,201.0,602.0,621.0,4,719.0
0.0,9.0,151.0,743.0,815.0,828.0,4,941.0
0.0,9.0,68.0,135.0,151.0,743.0,4,828.0
0.0,9.0,68.0,135.0,743.0,828.0,4,851.0
0.0,9.0,135.0,452.0,628.0,815.0,4,851.0
0.0,9.0,135.0,452.0,628.0,815.0,4,851.0
0.0,9.0,452.0,628.0,815.0,851.0,4,941.0
0.0,9.0,452.0,628.0,743.0,851.0,4,941.0
0.0,9.0,151.0,452.0,743.0,828.0,4,941.0
0.0,9.0,68.0,151.0,815.0,828.0,4,941.0
0.0,9.0,68.0,151.0,815.0,828.0,4,941.0
0.0,9.0,68.0,151.0,815.0,828.0,4,941.0
0.0,9.0,135.0,628.0,815.0,828.0,4,941.0
0.0,9.0,151.0,815.0,828.0,851.0,4,941.0
0.0,15.0,174.0,306.0,373.0,621.0,4,719.0
0.0,15.0,174.0,306.0,373.0,621.0,4,860.0
0.0,15.0,115.0,174.0,306.0,621.0,4,860.0
0.0,15.0,115.0,174.0,201.0,860.0,4,930.0
0.0,15.0,174.0,306.0,719.0,860.0,4,930.0
0.0,15.0,209.0,306.0,373.0,719.0,4,930.0
0.0,15.0,209.0,306.0,373.0,621.0,4,719.0
0.0,15.0,115.0,174.0,201.0,621.0,4,719.0
0.0,15.0,115.0,174.0,201.0,621.0,4,719.0
0.0,15.0,115.0,174.0,201.0,621.0,4,860.0
0.0,15.0,115.0,174.0,306.0,412.0,4,860.0
0.0,29.0,338.0,572.0,580.0,713.0,4,899.0
0.0,29.0,572.0,580.0,700.0,713.0,4,899.0
0.0,29.0,183.0,338.0,572.0,700.0,4,854.0
0.0,29.0,572.0,580.0,700.0,713.0,4,899.0
0.0,29.0,183.0,338.0,580.0,700.0,4,713.0
0.0,29.0,338.0,572.0,580.0,713.0,4,899.0
0.0,15.0,174.0,373.0,719.0,860.0,4,930.0
0.0,15.0,174.0,201.0,373.0,719.0,4,930.0
0.0,15.0,201.0,209.0,373.0,602.0,4,621.0
0.0,15.0,209.0,373.0,602.0,719.0,4,930.0
0.0,15.0,174.0,373.0,602.0,621.0,4,719.0
0.0,15.0,174.0,373.0,602.0,621.0,4,719.0
0.0,15.0,201.0,209.0,373.0,719.0,4,930.0
0.0,15.0,201.0,209.0,373.0,719.0,4,930.0
0.0,15.0,209.0,373.0,602.0,719.0,4,930.0
0.0,7.0,263.0,267.0,277.0,325.0,4,455.0
0.0,7.0,59.0,246.0,263.0,277.0,4,694.0
0.0,7.0,59.0,246.0,277.0,365.0,4,694.0
0.0,7.0,59.0,75.0,325.0,365.0,4,455.0
0.0,7.0,59.0,75.0,263.0,325.0,4,455.0
0.0,7.0,59.0,263.0,277.0,325.0,4,455.0
0.0,7.0,263.0,267.0,277.0,325.0,4,455.0
0.0,7.0,59.0,246.0,263.0,277.0,4,455.0
0.0,7.0,59.0,246.0,263.0,277.0,4,455.0
0.0,7.0,59.0,75.0,246.0,365.0,4,455.0
0.0,7.0,59.0,75.0,246.0,365.0,4,455.0
0.0,7.0,59.0,277.0,325.0,365.0,4,455.0
0.0,7.0,267.0,277.0,325.0,365.0,4,455.0
0.0,15.0,201.0,209.0,602.0,621.0,4,719.0
0.0,15.0,201.0,209.0,373.0,412.0,4,602.0
0.0,15.0,201.0,209.0,373.0,412.0,4,602.0
0.0,15.0,201.0,209.0,373.0,412.0,4,602.0
0.0,15.0,174.0,201.0,412.0,602.0,4,860.0
0.0,15.0,174.0,209.0,373.0,621.0,4,719.0
0.0,15.0,174.0,209.0,373.0,412.0,4,719.0
0.0,15.0,174.0,373.0,412.0,602.0,4,719.0
0.0,15.0,174.0,209.0,373.0,412.0,4,719.0
0.0,6.0,236.0,290.0,323.0,623.0,4,1039.0
0.0,6.0,236.0,290.0,323.0,623.0,4,1039.0
0.0,6.0,35.0,208.0,236.0,284.0,4,623.0
0.0,6.0,208.0,284.0,876.0,897.0,4,1039.0
0.0,6.0,208.0,284.0,290.0,623.0,4,876.0
0.0,6.0,208.0,290.0,323.0,623.0,4,1039.0
0.0,6.0,236.0,290.0,323.0,623.0,4,1039.0
0.0,6.0,236.0,290.0,323.0,623.0,4,1039.0
0.0,6.0,208.0,236.0,290.0,323.0,4,623.0
0.0,11.0,173.0,806.0,895.0,968.0,4,1031.0
0.0,11.0,173.0,806.0,895.0,968.0,4,1031.0
0.0,11.0,647.0,880.0,895.0,999.0,4,1031.0
0.0,11.0,806.0,895.0,925.0,968.0,4,1031.0
0.0,11.0,173.0,806.0,895.0,925.0,4,968.0
0.0,11.0,173.0,806.0,895.0,925.0,4,968.0
0.0,11.0,173.0,806.0,895.0,968.0,4,1031.0
0.0,11.0,173.0,806.0,895.0,968.0,4,1031.0
0.0,11.0,173.0,806.0,895.0,968.0,4,1031.0
0.0,11.0,806.0,880.0,895.0,968.0,4,1031.0
0.0,11.0,806.0,880.0,895.0,968.0,4,1031.0
0.0,11.0,647.0,806.0,880.0,895.0,4,1031.0
0.0,11.0,173.0,647.0,880.0,895.0,4,968.0
0.0,13.0,5.0,192.0,315.0,803.0,4,900.0
0.0,13.0,182.0,192.0,315.0,900.0,4,956.0
0.0,13.0,182.0,192.0,787.0,871.0,4,956.0
0.0,13.0,182.0,192.0,787.0,871.0,4,956.0
0.0,13.0,192.0,315.0,871.0,900.0,4,956.0
0.0,13.0,5.0,192.0,315.0,803.0,4,900.0
0.0,13.0,182.0,315.0,803.0,871.0,4,956.0
0.0,13.0,182.0,315.0,803.0,871.0,4,956.0
0.0,13.0,182.0,315.0,803.0,871.0,4,956.0
0.0,15.0,174.0,201.0,373.0,412.0,4,719.0
0.0,15.0,174.0,373.0,412.0,719.0,4,860.0
0.0,15.0,174.0,201.0,373.0,412.0,4,860.0
0.0,15.0,174.0,201.0,373.0,621.0,4,860.0
0.0,15.0,174.0,373.0,621.0,719.0,4,860.0
0.0,15.0,174.0,373.0,621.0,719.0,4,860.0
0.0,15.0,174.0,201.0,373.0,412.0,4,719.0
0.0,15.0,174.0,201.0,373.0,412.0,4,719.0
0.0,15.0,174.0,621.0,719.0,860.0,4,930.0
0.0,15.0,201.0,621.0,719.0,860.0,4,930.0
0.0,15.0,201.0,621.0,719.0,860.0,4,930.0
0.0,15.0,201.0,621.0,719.0,860.0,4,930.0
0.0,15.0,201.0,373.0,719.0,860.0,4,930.0
0.0,15.0,174.0,201.0,719.0,860.0,4,930.0
0.0,15.0,174.0,201.0,719.0,860.0,4,930.0
0.0,23.0,234.0,307.0,798.0,921.0,4,923.0
0.0,23.0,234.0,307.0,798.0,921.0,4,923.0
0.0,23.0,234.0,307.0,418.0,798.0,4,923.0
0.0,23.0,234.0,418.0,798.0,827.0,4,921.0
0.0,23.0,234.0,307.0,418.0,740.0,4,921.0
0.0,23.0,234.0,307.0,418.0,740.0,4,921.0
0.0,23.0,234.0,307.0,798.0,921.0,4,923.0
0.0,23.0,234.0,307.0,798.0,921.0,4,923.0
0.0,23.0,234.0,307.0,418.0,740.0,4,921.0
0.0,1.0,14.0,790.0,866.0,886.0,4,960.0
0.0,1.0,14.0,118.0,790.0,886.0,4,960.0
0.0,1.0,118.0,250.0,351.0,625.0,4,808.0
0.0,1.0,118.0,250.0,351.0,625.0,4,808.0
0.0,1.0,14.0,250.0,351.0,790.0,4,866.0
0.0,1.0,14.0,250.0,351.0,790.0,4,808.0
0.0,1.0,14.0,250.0,351.0,790.0,4,866.0
0.0,17.0,47.0,148.0,708.0,730.0,4,858.0
0.0,17.0,148.0,149.0,211.0,235.0,4,730.0
0.0,17.0,148.0,149.0,211.0,235.0,4,730.0
0.0,17.0,211.0,235.0,708.0,858.0,4,922.0
0.0,17.0,47.0,148.0,708.0,730.0,4,858.0
0.0,17.0,47.0,148.0,708.0,730.0,4,858.0
0.0,17.0,47.0,148.0,708.0,730.0,4,858.0
0.0,17.0,47.0,148.0,149.0,708.0,4,730.0
0.0,17.0,47.0,148.0,149.0,708.0,4,922.0
0.0,17.0,148.0,149.0,211.0,235.0,4,922.0
0.0,17.0,119.0,235.0,730.0,858.0,4,922.0
0.0,15.0,201.0,209.0,373.0,412.0,4,719.0
0.0,15.0,174.0,201.0,373.0,719.0,4,930.0
0.0,15.0,174.0,201.0,306.0,860.0,4,930.0
0.0,15.0,201.0,209.0,373.0,412.0,4,719.0
0.0,15.0,174.0,306.0,373.0,412.0,4,719.0
0.0,15.0,201.0,209.0,412.0,719.0,4,860.0
0.0,15.0,201.0,209.0,373.0,719.0,4,860.0
0.0,15.0,201.0,209.0,306.0,373.0,4,930.0
0.0,15.0,115.0,174.0,306.0,860.0,4,930.0
0.0,15.0,115.0,174.0,373.0,719.0,4,860.0
0.0,15.0,209.0,373.0,719.0,860.0,4,930.0
0.0,15.0,201.0,209.0,373.0,719.0,4,930.0
0.0,15.0,24.0,174.0,209.0,719.0,4,930.0
0.0,15.0,24.0,174.0,209.0,719.0,4,930.0
0.0,15.0,24.0,174.0,209.0,719.0,4,930.0
0.0,15.0,174.0,209.0,412.0,719.0,4,860.0
0.0,15.0,174.0,201.0,209.0,860.0,4,930.0
0.0,15.0,24.0,209.0,412.0,719.0,4,860.0
0.0,15.0,24.0,174.0,209.0,719.0,4,860.0
0.0,15.0,174.0,306.0,719.0,786.0,4,860.0
0.0,15.0,174.0,201.0,306.0,786.0,4,860.0
0.0,15.0,24.0,174.0,209.0,373.0,4,719.0
0.0,15.0,174.0,209.0,373.0,719.0,4,860.0
0.0,15.0,201.0,209.0,373.0,719.0,4,786.0
0.0,15.0,201.0,209.0,373.0,719.0,4,786.0
0.0,15.0,24.0,174.0,201.0,719.0,4,860.0
0.0,16.0,31.0,285.0,296.0,457.0,4,996.0
0.0,16.0,65.0,285.0,296.0,431.0,4,704.0
0.0,16.0,65.0,431.0,450.0,457.0,4,996.0
0.0,16.0,31.0,285.0,296.0,450.0,4,996.0
0.0,16.0,31.0,285.0,296.0,431.0,4,450.0
0.0,16.0,31.0,285.0,296.0,457.0,4,996.0
0.0,16.0,31.0,285.0,296.0,457.0,4,996.0
0.0,16.0,65.0,296.0,431.0,450.0,4,704.0
0.0,16.0,65.0,285.0,296.0,431.0,4,704.0
0.0,16.0,65.0,285.0,296.0,431.0,4,704.0
0.0,15.0,24.0,201.0,209.0,719.0,4,786.0
0.0,15.0,174.0,306.0,373.0,719.0,4,930.0
0.0,15.0,174.0,306.0,373.0,860.0,4,930.0
0.0,15.0,24.0,201.0,209.0,719.0,4,786.0
0.0,15.0,24.0,174.0,201.0,373.0,4,719.0
0.0,15.0,174.0,201.0,373.0,719.0,4,930.0
0.0,15.0,174.0,201.0,373.0,719.0,4,930.0
0.0,15.0,174.0,306.0,719.0,860.0,4,930.0
0.0,15.0,174.0,306.0,719.0,786.0,4,860.0
0.0,15.0,174.0,201.0,719.0,786.0,4,860.0
0.0,15.0,174.0,201.0,719.0,860.0,4,930.0
0.0,15.0,24.0,174.0,201.0,719.0,4,860.0
0.0,30.0,121.0,337.0,657.0,953.0,4,963.0
0.0,30.0,121.0,337.0,657.0,953.0,4,963.0
0.0,30.0,121.0,337.0,409.0,657.0,4,953.0
0.0,30.0,113.0,705.0,839.0,953.0,4,963.0
0.0,30.0,113.0,337.0,705.0,953.0,4,963.0
0.0,30.0,113.0,337.0,705.0,953.0,4,963.0
0.0,30.0,335.0,657.0,689.0,705.0,4,963.0
0.0,30.0,335.0,657.0,705.0,953.0,4,963.0
0.0,30.0,121.0,335.0,409.0,657.0,4,953.0
0.0,30.0,121.0,657.0,839.0,953.0,4,963.0
0.0,30.0,121.0,337.0,705.0,953.0,4,963.0
0.0,30.0,121.0,657.0,705.0,953.0,4,963.0
0.0,30.0,121.0,657.0,705.0,953.0,4,963.0
0.0,15.0,24.0,201.0,209.0,719.0,4,786.0
0.0,15.0,115.0,174.0,306.0,719.0,4,860.0
0.0,15.0,24.0,201.0,209.0,719.0,4,786.0
0.0,15.0,174.0,201.0,373.0,719.0,4,786.0
0.0,15.0,174.0,201.0,373.0,719.0,4,860.0
0.0,15.0,24.0,201.0,209.0,719.0,4,786.0
0.0,15.0,201.0,209.0,373.0,719.0,4,860.0
0.0,15.0,174.0,306.0,373.0,719.0,4,860.0
0.0,15.0,174.0,306.0,373.0,719.0,4,860.0
0.0,15.0,24.0,201.0,209.0,719.0,4,786.0
0.0,15.0,24.0,174.0,201.0,786.0,4,937.0
0.0,15.0,24.0,115.0,174.0,201.0,4,937.0
0.0,15.0,115.0,174.0,201.0,860.0,4,937.0
0.0,15.0,24.0,209.0,306.0,719.0,4,786.0
0.0,15.0,209.0,306.0,373.0,719.0,4,786.0
0.0,15.0,209.0,373.0,719.0,860.0,4,930.0
0.0,15.0,174.0,373.0,719.0,860.0,4,930.0
0.0,15.0,174.0,373.0,719.0,860.0,4,930.0
0.0,15.0,174.0,201.0,786.0,860.0,4,930.0
0.0,15.0,174.0,201.0,786.0,860.0,4,930.0
0.0,15.0,174.0,201.0,786.0,860.0,4,930.0
0.0,15.0,174.0,786.0,860.0,930.0,4,937.0
0.0,15.0,209.0,306.0,719.0,786.0,4,930.0
0.0,15.0,174.0,373.0,719.0,860.0,4,930.0
0.0,15.0,174.0,201.0,373.0,860.0,4,930.0
0.0,15.0,174.0,373.0,719.0,786.0,4,860.0
0.0,11.0,274.0,553.0,806.0,895.0,4,968.0
0.0,11.0,173.0,504.0,553.0,647.0,4,968.0
0.0,11.0,173.0,553.0,647.0,806.0,4,968.0
0.0,11.0,173.0,553.0,806.0,895.0,4,968.0
0.0,11.0,173.0,553.0,806.0,895.0,4,968.0
0.0,11.0,274.0,553.0,647.0,806.0,4,968.0
0.0,11.0,173.0,553.0,647.0,895.0,4,968.0
0.0,15.0,24.0,209.0,719.0,786.0,4,860.0
0.0,15.0,174.0,306.0,719.0,786.0,4,930.0
0.0,15.0,209.0,306.0,719.0,786.0,4,930.0
0.0,15.0,24.0,209.0,719.0,786.0,4,860.0
0.0,15.0,209.0,373.0,719.0,860.0,4,930.0
0.0,15.0,24.0,201.0,209.0,719.0,4,786.0
0.0,15.0,201.0,209.0,373.0,719.0,4,930.0
0.0,15.0,174.0,719.0,786.0,930.0,4,937.0
0.0,15.0,24.0,174.0,719.0,786.0,4,937.0
0.0,15.0,174.0,719.0,786.0,930.0,4,937.0
0.0,15.0,24.0,174.0,719.0,786.0,4,937.0
0.0,15.0,209.0,373.0,719.0,860.0,4,930.0
0.0,15.0,174.0,306.0,373.0,930.0,4,937.0
0.0,15.0,24.0,174.0,719.0,786.0,4,860.0
0.0,15.0,24.0,209.0,719.0,786.0,4,860.0
0.0,15.0,24.0,209.0,719.0,860.0,4,930.0
0.0,15.0,24.0,209.0,719.0,786.0,4,860.0
0.0,15.0,24.0,201.0,209.0,786.0,4,937.0
0.0,15.0,24.0,201.0,209.0,786.0,4,937.0
0.0,15.0,201.0,209.0,786.0,930.0,4,937.0
0.0,15.0,174.0,719.0,786.0,860.0,4,930.0
0.0,15.0,24.0,174.0,719.0,786.0,4,860.0
0.0,15.0,209.0,373.0,621.0,719.0,4,937.0
0.0,15.0,24.0,209.0,786.0,860.0,4,937.0
0.0,15.0,115.0,174.0,719.0,786.0,4,860.0
0.0,15.0,174.0,201.0,621.0,719.0,4,786.0
0.0,15.0,174.0,201.0,621.0,719.0,4,786.0
0.0,15.0,24.0,209.0,719.0,786.0,4,860.0
0.0,15.0,24.0,115.0,174.0,201.0,4,719.0
0.0,15.0,24.0,115.0,174.0,201.0,4,719.0
0.0,15.0,115.0,174.0,201.0,621.0,4,719.0
0.0,4.0,81.0,589.0,646.0,775.0,4,992.0
0.0,4.0,81.0,589.0,646.0,775.0,4,1004.0
0.0,4.0,81.0,589.0,646.0,775.0,4,1004.0
0.0,4.0,81.0,589.0,646.0,722.0,4,1004.0
0.0,4.0,81.0,589.0,722.0,947.0,4,992.0
0.0,4.0,81.0,158.0,775.0,947.0,4,992.0
0.0,4.0,158.0,589.0,646.0,775.0,4,947.0
0.0,4.0,158.0,589.0,646.0,775.0,4,947.0
0.0,4.0,81.0,158.0,589.0,646.0,4,722.0
0.0,4.0,81.0,158.0,589.0,722.0,4,1004.0
0.0,4.0,81.0,589.0,646.0,775.0,4,1004.0
0.0,4.0,81.0,589.0,646.0,775.0,4,1004.0
0.0,4.0,11.0,589.0,722.0,947.0,4,1004.0
0.0,4.0,11.0,589.0,722.0,775.0,4,947.0
0.0,4.0,11.0,158.0,722.0,947.0,4,992.0
0.0,4.0,11.0,37.0,722.0,947.0,4,992.0
0.0,4.0,11.0,37.0,722.0,947.0,4,1004.0
0.0,15.0,24.0,209.0,306.0,719.0,4,786.0
0.0,15.0,209.0,621.0,719.0,786.0,4,937.0
0.0,15.0,174.0,373.0,786.0,860.0,4,937.0
0.0,15.0,24.0,174.0,306.0,719.0,4,786.0
0.0,15.0,24.0,174.0,306.0,719.0,4,786.0
0.0,15.0,209.0,306.0,719.0,786.0,4,860.0
0.0,15.0,209.0,306.0,719.0,786.0,4,860.0
0.0,15.0,24.0,209.0,306.0,719.0,4,786.0
0.0,15.0,209.0,306.0,621.0,719.0,4,786.0
0.0,15.0,174.0,621.0,719.0,786.0,4,860.0
0.0,15.0,174.0,373.0,621.0,860.0,4,937.0
0.0,15.0,174.0,621.0,719.0,786.0,4,860.0
0.0,15.0,209.0,621.0,719.0,786.0,4,860.0
0.0,13.0,182.0,192.0,212.0,315.0,4,956.0
0.0,13.0,161.0,182.0,192.0,871.0,4,956.0
0.0,13.0,161.0,182.0,192.0,315.0,4,871.0
0.0,13.0,161.0,182.0,192.0,315.0,4,871.0
0.0,13.0,161.0,182.0,192.0,315.0,4,871.0
0.0,13.0,161.0,192.0,315.0,803.0,4,871.0
0.0,13.0,192.0,315.0,787.0,803.0,4,871.0
0.0,13.0,192.0,315.0,787.0,803.0,4,871.0
0.0,13.0,182.0,315.0,787.0,803.0,4,871.0
0.0,13.0,32.0,161.0,182.0,212.0,4,956.0
0.0,13.0,182.0,315.0,787.0,803.0,4,871.0
0.0,33.0,45.0,134.0,254.0,255.0,4,698.0
0.0,33.0,255.0,360.0,692.0,698.0,4,789.0
0.0,33.0,45.0,134.0,254.0,255.0,4,445.0
0.0,33.0,45.0,134.0,254.0,255.0,4,698.0
0.0,33.0,45.0,134.0,248.0,254.0,4,698.0
0.0,33.0,248.0,254.0,692.0,698.0,4,789.0
0.0,33.0,45.0,134.0,254.0,255.0,4,698.0
0.0,33.0,254.0,360.0,445.0,692.0,4,789.0
0.0,33.0,255.0,360.0,445.0,692.0,4,789.0
0.0,33.0,45.0,134.0,255.0,692.0,4,698.0
0.0,33.0,45.0,134.0,255.0,692.0,4,698.0
0.0,30.0,121.0,335.0,657.0,953.0,4,963.0
0.0,30.0,113.0,121.0,839.0,953.0,4,963.0
0.0,30.0,86.0,113.0,657.0,839.0,4,953.0
0.0,30.0,86.0,113.0,335.0,657.0,4,839.0
0.0,30.0,86.0,113.0,335.0,337.0,4,657.0
0.0,30.0,121.0,335.0,337.0,705.0,4,963.0
0.0,30.0,121.0,337.0,705.0,953.0,4,963.0
0.0,30.0,121.0,337.0,705.0,953.0,4,963.0
0.0,30.0,113.0,121.0,337.0,953.0,4,963.0
0.0,30.0,86.0,113.0,657.0,705.0,4,953.0
0.0,30.0,113.0,121.0,705.0,953.0,4,963.0
0.0,30.0,113.0,121.0,705.0,953.0,4,963.0
0.0,15.0,209.0,306.0,621.0,719.0,4,786.0
0.0,15.0,174.0,621.0,719.0,786.0,4,860.0
0.0,15.0,174.0,201.0,373.0,412.0,4,860.0
0.0,15.0,174.0,306.0,373.0,719.0,4,786.0
0.0,15.0,209.0,306.0,621.0,719.0,4,786.0
0.0,15.0,209.0,306.0,621.0,719.0,4,786.0
0.0,15.0,24.0,209.0,306.0,719.0,4,786.0
0.0,15.0,24.0,201.0,209.0,719.0,4,786.0
0.0,15.0,174.0,306.0,373.0,719.0,4,786.0
0.0,15.0,174.0,306.0,373.0,719.0,4,786.0
0.0,15.0,201.0,209.0,621.0,719.0,4,786.0
0.0,15.0,24.0,174.0,373.0,719.0,4,860.0
0.0,15.0,24.0,174.0,373.0,719.0,4,860.0
0.0,15.0,24.0,174.0,373.0,719.0,4,860.0
0.0,15.0,174.0,201.0,621.0,719.0,4,786.0
0.0,15.0,174.0,201.0,621.0,719.0,4,786.0
0.0,15.0,201.0,209.0,621.0,719.0,4,786.0
0.0,15.0,174.0,621.0,719.0,786.0,4,860.0
0.0,15.0,174.0,373.0,719.0,786.0,4,860.0
0.0,15.0,174.0,373.0,719.0,786.0,4,860.0
0.0,15.0,209.0,373.0,719.0,786.0,4,860.0
0.0,15.0,201.0,209.0,373.0,719.0,4,786.0
0.0,15.0,174.0,201.0,373.0,719.0,4,786.0
0.0,15.0,174.0,373.0,719.0,786.0,4,860.0
0.0,15.0,174.0,373.0,621.0,719.0,4,860.0
0.0,15.0,201.0,209.0,373.0,719.0,4,786.0
0.0,15.0,201.0,209.0,373.0,719.0,4,786.0
0.0,15.0,201.0,209.0,621.0,719.0,4,786.0
0.0,15.0,174.0,373.0,621.0,719.0,4,860.0
0.0,15.0,24.0,174.0,373.0,719.0,4,860.0
0.0,15.0,174.0,373.0,621.0,719.0,4,860.0
0.0,15.0,201.0,209.0,373.0,719.0,4,786.0
0.0,15.0,174.0,201.0,373.0,719.0,4,786.0
0.0,15.0,174.0,201.0,373.0,719.0,4,786.0
0.0,15.0,24.0,174.0,719.0,786.0,4,860.0
0.0,15.0,201.0,209.0,621.0,719.0,4,786.0
0.0,15.0,201.0,209.0,719.0,786.0,4,930.0
0.0,15.0,24.0,174.0,201.0,621.0,4,860.0
0.0,15.0,174.0,201.0,621.0,719.0,4,786.0
0.0,15.0,201.0,209.0,719.0,786.0,4,930.0
0.0,15.0,201.0,209.0,621.0,719.0,4,786.0
0.0,15.0,115.0,201.0,209.0,373.0,4,719.0
0.0,15.0,115.0,201.0,209.0,719.0,4,930.0
0.0,15.0,174.0,719.0,786.0,860.0,4,930.0
0.0,15.0,174.0,621.0,719.0,786.0,4,860.0
0.0,15.0,174.0,621.0,719.0,786.0,4,860.0
0.0,15.0,201.0,209.0,373.0,719.0,4,786.0
0.0,15.0,24.0,174.0,201.0,719.0,4,786.0
0.0,15.0,174.0,621.0,786.0,860.0,4,1021.0
0.0,15.0,201.0,209.0,621.0,719.0,4,786.0
0.0,15.0,201.0,209.0,719.0,786.0,4,930.0
0.0,15.0,201.0,209.0,621.0,719.0,4,786.0
0.0,15.0,209.0,621.0,719.0,786.0,4,860.0
0.0,15.0,24.0,174.0,201.0,373.0,4,719.0
0.0,15.0,24.0,174.0,719.0,786.0,4,860.0
0.0,7.0,246.0,267.0,277.0,455.0,4,530.0
0.0,7.0,263.0,267.0,277.0,365.0,4,483.0
0.0,7.0,263.0,267.0,277.0,365.0,4,483.0
0.0,7.0,59.0,263.0,272.0,483.0,4,530.0
0.0,7.0,59.0,272.0,277.0,365.0,4,455.0
0.0,7.0,263.0,272.0,455.0,483.0,4,530.0
0.0,7.0,263.0,267.0,272.0,483.0,4,530.0
0.0,7.0,263.0,267.0,277.0,365.0,4,483.0
0.0,7.0,263.0,267.0,277.0,365.0,4,483.0
0.0,7.0,263.0,267.0,277.0,365.0,4,483.0
0.0,7.0,59.0,272.0,277.0,455.0,4,530.0
0.0,7.0,263.0,267.0,277.0,455.0,4,530.0
0.0,7.0,59.0,75.0,246.0,365.0,4,396.0
0.0,15.0,209.0,621.0,719.0,786.0,4,860.0
0.0,15.0,201.0,209.0,621.0,719.0,4,786.0
0.0,15.0,24.0,174.0,201.0,373.0,4,860.0
0.0,15.0,24.0,174.0,201.0,373.0,4,860.0
0.0,15.0,201.0,209.0,621.0,719.0,4,786.0
0.0,15.0,201.0,209.0,621.0,719.0,4,786.0
0.0,15.0,24.0,174.0,719.0,786.0,4,860.0
0.0,15.0,174.0,373.0,719.0,786.0,4,860.0
0.0,15.0,174.0,621.0,719.0,786.0,4,860.0
0.0,15.0,115.0,373.0,544.0,719.0,4,937.0
0.0,15.0,24.0,174.0,201.0,719.0,4,786.0
0.0,15.0,24.0,174.0,719.0,786.0,4,937.0
0.0,15.0,174.0,621.0,719.0,786.0,4,937.0
0.0,15.0,24.0,174.0,719.0,786.0,4,860.0
0.0,15.0,373.0,544.0,719.0,786.0,4,937.0
0.0,15.0,373.0,544.0,621.0,719.0,4,937.0
0.0,15.0,373.0,544.0,621.0,719.0,4,937.0
0.0,15.0,174.0,373.0,719.0,786.0,4,860.0
0.0,12.0,216.0,228.0,462.0,477.0,4,682.0
0.0,12.0,216.0,228.0,387.0,462.0,4,682.0
0.0,12.0,216.0,228.0,387.0,462.0,4,682.0
0.0,12.0,216.0,228.0,387.0,462.0,4,682.0
0.0,12.0,216.0,387.0,417.0,477.0,4,682.0
0.0,12.0,216.0,417.0,477.0,715.0,4,983.0
0.0,12.0,216.0,228.0,462.0,477.0,4,682.0
0.0,12.0,228.0,387.0,462.0,682.0,4,715.0
0.0,12.0,228.0,387.0,462.0,682.0,4,715.0
0.0,28.0,110.0,389.0,416.0,444.0,4,1036.0
0.0,28.0,110.0,210.0,416.0,685.0,4,971.0
0.0,28.0,416.0,444.0,685.0,890.0,4,971.0
0.0,28.0,416.0,444.0,685.0,890.0,4,1036.0
0.0,28.0,110.0,389.0,444.0,971.0,4,1036.0
0.0,28.0,110.0,389.0,416.0,444.0,4,1036.0
0.0,28.0,110.0,389.0,416.0,444.0,4,1036.0
0.0,28.0,389.0,416.0,444.0,890.0,4,1036.0
0.0,28.0,110.0,210.0,416.0,685.0,4,971.0
0.0,28.0,110.0,389.0,416.0,444.0,4,1036.0
0.0,28.0,110.0,389.0,416.0,444.0,4,1036.0
0.0,15.0,209.0,621.0,719.0,786.0,4,860.0
0.0,15.0,201.0,209.0,621.0,786.0,4,937.0
0.0,15.0,209.0,621.0,719.0,786.0,4,860.0
0.0,15.0,209.0,621.0,719.0,786.0,4,860.0
0.0,15.0,24.0,201.0,373.0,544.0,4,937.0
0.0,26.0,40.0,41.0,874.0,928.0,4,1024.0
0.0,26.0,40.0,41.0,874.0,928.0,4,1024.0
0.0,26.0,40.0,494.0,601.0,634.0,4,874.0
0.0,26.0,40.0,41.0,601.0,928.0,4,1024.0
0.0,26.0,40.0,41.0,494.0,928.0,4,1024.0
0.0,26.0,40.0,41.0,601.0,928.0,4,1024.0
0.0,26.0,40.0,494.0,601.0,634.0,4,928.0
0.0,26.0,40.0,41.0,494.0,601.0,4,874.0
0.0,26.0,40.0,41.0,494.0,601.0,4,874.0
0.0,15.0,209.0,373.0,786.0,860.0,4,937.0
0.0,15.0,544.0,621.0,719.0,786.0,4,937.0
0.0,15.0,209.0,373.0,719.0,786.0,4,860.0
0.0,15.0,209.0,373.0,719.0,786.0,4,937.0
0.0,15.0,544.0,621.0,786.0,860.0,4,937.0
0.0,15.0,209.0,621.0,786.0,860.0,4,937.0
0.0,32.0,155.0,522.0,538.0,816.0,4,933.0
0.0,32.0,44.0,155.0,522.0,538.0,4,933.0
0.0,32.0,44.0,155.0,499.0,538.0,4,933.0
0.0,32.0,44.0,499.0,524.0,595.0,4,734.0
0.0,32.0,44.0,155.0,524.0,538.0,4,734.0
0.0,32.0,155.0,522.0,538.0,816.0,4,933.0
0.0,32.0,44.0,499.0,524.0,538.0,4,816.0
0.0,32.0,44.0,499.0,524.0,734.0,4,816.0
0.0,32.0,44.0,155.0,499.0,524.0,4,734.0
0.0,0.0,59.0,527.0,535.0,686.0,4,1037.0
0.0,0.0,59.0,527.0,535.0,686.0,4,1037.0
0.0,0.0,527.0,535.0,870.0,910.0,4,991.0
0.0,0.0,527.0,631.0,870.0,905.0,4,991.0
0.0,0.0,631.0,686.0,870.0,905.0,4,991.0
0.0,0.0,59.0,527.0,535.0,686.0,4,1037.0
0.0,0.0,527.0,686.0,905.0,910.0,4,991.0
0.0,0.0,527.0,535.0,905.0,910.0,4,991.0
0.0,0.0,59.0,527.0,535.0,905.0,4,1037.0
0.0,15.0,209.0,373.0,719.0,786.0,4,860.0
0.0,15.0,174.0,621.0,860.0,930.0,4,937.0
0.0,15.0,174.0,373.0,860.0,930.0,4,937.0
0.0,15.0,174.0,373.0,719.0,786.0,4,860.0
0.0,15.0,174.0,719.0,786.0,860.0,4,937.0
0.0,15.0,174.0,719.0,786.0,930.0,4,937.0
0.0,15.0,174.0,719.0,786.0,860.0,4,930.0
0.0,15.0,174.0,719.0,786.0,860.0,4,930.0
0.0,15.0,174.0,201.0,786.0,860.0,4,930.0
0.0,15.0,209.0,621.0,719.0,786.0,4,860.0
0.0,15.0,174.0,719.0,786.0,860.0,4,930.0
0.0,15.0,174.0,544.0,786.0,860.0,4,930.0
0.0,15.0,201.0,373.0,544.0,621.0,4,860.0
0.0,15.0,201.0,373.0,544.0,621.0,4,937.0
0.0,15.0,174.0,719.0,786.0,930.0,4,937.0
0.0,15.0,174.0,719.0,786.0,930.0,4,937.0
0.0,15.0,174.0,621.0,719.0,786.0,4,937.0
0.0,15.0,209.0,373.0,719.0,786.0,4,937.0
0.0,15.0,174.0,209.0,373.0,719.0,4,786.0
0.0,15.0,209.0,373.0,719.0,860.0,4,930.0
0.0,15.0,174.0,209.0,373.0,786.0,4,860.0
0.0,15.0,174.0,373.0,719.0,786.0,4,860.0
0.0,15.0,174.0,373.0,719.0,786.0,4,860.0
0.0,15.0,174.0,621.0,719.0,786.0,4,860.0
0.0,15.0,174.0,719.0,786.0,930.0,4,937.0
0.0,15.0,201.0,373.0,544.0,930.0,4,937.0
0.0,15.0,373.0,544.0,786.0,860.0,4,937.0
0.0,15.0,174.0,373.0,719.0,786.0,4,937.0
0.0,15.0,174.0,373.0,719.0,786.0,4,937.0
0.0,15.0,201.0,544.0,621.0,930.0,4,937.0
0.0,15.0,201.0,544.0,621.0,930.0,4,937.0
0.0,15.0,24.0,201.0,544.0,930.0,4,937.0
0.0,33.0,45.0,134.0,254.0,255.0,4,698.0
0.0,33.0,45.0,134.0,254.0,255.0,4,698.0
0.0,33.0,45.0,134.0,248.0,254.0,4,445.0
0.0,33.0,45.0,134.0,248.0,445.0,4,692.0
0.0,33.0,45.0,255.0,445.0,692.0,4,789.0
0.0,33.0,45.0,255.0,692.0,698.0,4,789.0
0.0,33.0,45.0,134.0,255.0,692.0,4,698.0
0.0,33.0,45.0,134.0,254.0,255.0,4,698.0
0.0,33.0,134.0,248.0,255.0,692.0,4,789.0
0.0,33.0,248.0,255.0,692.0,698.0,4,789.0
0.0,33.0,248.0,255.0,692.0,698.0,4,789.0
0.0,28.0,110.0,416.0,444.0,971.0,4,1036.0
0.0,28.0,110.0,416.0,444.0,971.0,4,1036.0
0.0,28.0,110.0,416.0,444.0,971.0,4,1036.0
0.0,28.0,110.0,416.0,890.0,971.0,4,1036.0
0.0,28.0,110.0,340.0,416.0,608.0,4,890.0
0.0,28.0,110.0,210.0,444.0,608.0,4,1036.0
0.0,28.0,110.0,210.0,416.0,444.0,4,1036.0
0.0,28.0,110.0,444.0,608.0,971.0,4,1036.0
0.0,28.0,110.0,444.0,608.0,971.0,4,1036.0
0.0,28.0,110.0,416.0,890.0,971.0,4,1036.0
0.0,28.0,110.0,416.0,890.0,971.0,4,1036.0
0.0,28.0,340.0,416.0,890.0,971.0,4,1036.0
0.0,28.0,340.0,416.0,608.0,890.0,4,971.0
0.0,25.0,294.0,363.0,380.0,421.0,4,961.0
0.0,25.0,294.0,363.0,421.0,961.0,4,974.0
0.0,25.0,294.0,363.0,421.0,961.0,4,974.0
0.0,25.0,226.0,363.0,380.0,421.0,4,974.0
0.0,25.0,294.0,363.0,380.0,421.0,4,974.0
0.0,25.0,294.0,363.0,380.0,398.0,4,421.0
0.0,25.0,294.0,363.0,380.0,421.0,4,961.0
0.0,25.0,294.0,363.0,380.0,586.0,4,961.0
0.0,25.0,226.0,294.0,398.0,586.0,4,974.0
0.0,25.0,226.0,294.0,398.0,586.0,4,974.0
0.0,25.0,133.0,226.0,398.0,780.0,4,974.0
0.0,25.0,133.0,226.0,398.0,561.0,4,780.0
0.0,15.0,24.0,174.0,544.0,930.0,4,937.0
0.0,15.0,174.0,201.0,373.0,544.0,4,786.0
0.0,15.0,174.0,201.0,786.0,930.0,4,937.0
0.0,15.0,174.0,201.0,786.0,930.0,4,937.0
0.0,15.0,174.0,201.0,786.0,930.0,4,937.0
0.0,15.0,174.0,201.0,544.0,786.0,4,930.0
0.0,15.0,174.0,544.0,786.0,930.0,4,937.0
0.0,15.0,174.0,373.0,544.0,930.0,4,937.0
0.0,15.0,201.0,373.0,544.0,786.0,4,937.0
0.0,15.0,174.0,201.0,621.0,786.0,4,937.0
0.0,15.0,174.0,201.0,373.0,786.0,4,937.0
0.0,15.0,174.0,201.0,373.0,786.0,4,937.0
0.0,15.0,201.0,373.0,544.0,786.0,4,860.0
0.0,15.0,373.0,544.0,786.0,860.0,4,937.0
0.0,15.0,373.0,544.0,786.0,860.0,4,937.0
0.0,15.0,174.0,201.0,373.0,786.0,4,937.0
0.0,15.0,24.0,174.0,201.0,786.0,4,937.0
0.0,15.0,24.0,201.0,373.0,544.0,4,937.0
0.0,18.0,191.0,678.0,811.0,832.0,4,973.0
0.0,18.0,102.0,549.0,678.0,718.0,4,832.0
0.0,18.0,549.0,677.0,718.0,811.0,4,832.0
0.0,18.0,549.0,718.0,811.0,832.0,4,973.0
0.0,18.0,102.0,191.0,677.0,811.0,4,812.0
0.0,33.0,125.0,134.0,255.0,692.0,4,698.0
0.0,33.0,125.0,134.0,254.0,692.0,4,698.0
0.0,33.0,125.0,134.0,254.0,445.0,4,692.0
0.0,33.0,125.0,134.0,254.0,445.0,4,692.0
0.0,33.0,255.0,445.0,692.0,789.0,4,853.0
0.0,33.0,255.0,445.0,692.0,789.0,4,853.0
0.0,33.0,45.0,134.0,255.0,698.0,4,853.0
0.0,33.0,45.0,125.0,134.0,254.0,4,698.0
0.0,33.0,45.0,125.0,134.0,254.0,4,445.0
0.0,33.0,134.0,254.0,255.0,445.0,4,853.0
0.0,33.0,45.0,134.0,254.0,255.0,4,698.0
0.0,33.0,45.0,125.0,134.0,255.0,4,698.0
0.0,33.0,45.0,134.0,254.0,360.0,4,698.0
0.0,33.0,254.0,360.0,445.0,692.0,4,698.0
0.0,33.0,134.0,254.0,255.0,445.0,4,692.0
0.0,33.0,45.0,134.0,255.0,698.0,4,853.0
0.0,33.0,45.0,125.0,134.0,255.0,4,698.0
0.0,33.0,45.0,134.0,255.0,360.0,4,698.0
0.0,33.0,45.0,255.0,360.0,445.0,4,698.0
0.0,33.0,45.0,254.0,360.0,445.0,4,692.0
0.0,33.0,45.0,134.0,255.0,360.0,4,698.0
0.0,1.0,250.0,570.0,790.0,866.0,4,1010.0
0.0,1.0,118.0,250.0,570.0,960.0,4,1010.0
0.0,1.0,118.0,570.0,790.0,808.0,4,960.0
0.0,1.0,351.0,570.0,790.0,808.0,4,960.0
0.0,1.0,351.0,570.0,790.0,808.0,4,960.0
0.0,1.0,570.0,790.0,808.0,960.0,4,1010.0
0.0,1.0,250.0,570.0,790.0,808.0,4,1010.0
0.0,1.0,250.0,790.0,808.0,866.0,4,1010.0
0.0,17.0,47.0,328.0,708.0,730.0,4,858.0
0.0,17.0,47.0,328.0,708.0,730.0,4,858.0
0.0,17.0,47.0,328.0,708.0,730.0,4,858.0
0.0,17.0,47.0,149.0,708.0,730.0,4,858.0
0.0,17.0,47.0,149.0,708.0,730.0,4,858.0
0.0,17.0,47.0,148.0,211.0,708.0,4,922.0
0.0,17.0,47.0,148.0,211.0,708.0,4,922.0
0.0,17.0,119.0,148.0,149.0,708.0,4,922.0
0.0,17.0,119.0,148.0,708.0,858.0,4,922.0
0.0,17.0,47.0,119.0,148.0,708.0,4,858.0
0.0,33.0,125.0,134.0,254.0,698.0,4,853.0
0.0,33.0,134.0,254.0,445.0,692.0,4,853.0
0.0,33.0,125.0,134.0,255.0,692.0,4,698.0
0.0,33.0,125.0,134.0,255.0,692.0,4,698.0
0.0,33.0,125.0,134.0,255.0,698.0,4,853.0
0.0,33.0,254.0,692.0,698.0,789.0,4,853.0
0.0,33.0,254.0,692.0,698.0,789.0,4,853.0
0.0,33.0,134.0,254.0,255.0,692.0,4,789.0
0.0,33.0,134.0,255.0,692.0,698.0,4,789.0
0.0,33.0,134.0,255.0,692.0,698.0,4,789.0
0.0,33.0,134.0,255.0,692.0,698.0,4,789.0
0.0,33.0,134.0,255.0,692.0,698.0,4,789.0
0.0,33.0,125.0,134.0,255.0,698.0,4,853.0
0.0,33.0,125.0,254.0,698.0,789.0,4,853.0
0.0,33.0,254.0,692.0,698.0,789.0,4,853.0
0.0,33.0,254.0,255.0,445.0,692.0,4,789.0
0.0,33.0,134.0,254.0,255.0,445.0,4,692.0
0.0,33.0,134.0,248.0,254.0,698.0,4,848.0
0.0,33.0,134.0,255.0,698.0,789.0,4,853.0
0.0,33.0,134.0,255.0,692.0,698.0,4,789.0
0.0,33.0,254.0,445.0,692.0,698.0,4,789.0
0.0,33.0,254.0,445.0,692.0,698.0,4,789.0
0.0,33.0,134.0,255.0,692.0,698.0,4,789.0
0.0,33.0,134.0,255.0,692.0,698.0,4,789.0
0.0,29.0,572.0,580.0,700.0,713.0,4,899.0
0.0,29.0,505.0,572.0,580.0,713.0,4,899.0
0.0,29.0,183.0,338.0,505.0,572.0,4,713.0
0.0,29.0,183.0,338.0,697.0,700.0,4,713.0
0.0,29.0,183.0,338.0,697.0,700.0,4,854.0
0.0,29.0,183.0,338.0,700.0,854.0,4,899.0
0.0,29.0,572.0,580.0,700.0,854.0,4,899.0
0.0,29.0,572.0,580.0,700.0,854.0,4,899.0
0.0,33.0,45.0,134.0,254.0,698.0,4,853.0
0.0,33.0,134.0,254.0,360.0,692.0,4,698.0
0.0,33.0,45.0,134.0,255.0,692.0,4,698.0
0.0,33.0,45.0,134.0,255.0,692.0,4,698.0
0.0,33.0,45.0,134.0,255.0,692.0,4,698.0
0.0,33.0,134.0,254.0,360.0,692.0,4,698.0
0.0,33.0,254.0,360.0,445.0,692.0,4,789.0
0.0,33.0,45.0,134.0,255.0,692.0,4,698.0
0.0,33.0,45.0,134.0,255.0,692.0,4,698.0
0.0,33.0,45.0,134.0,255.0,692.0,4,698.0
0.0,33.0,134.0,255.0,445.0,692.0,4,853.0
0.0,33.0,254.0,360.0,445.0,692.0,4,789.0
0.0,33.0,134.0,254.0,255.0,692.0,4,698.0
0.0,33.0,45.0,134.0,254.0,255.0,4,692.0
0.0,33.0,45.0,134.0,255.0,360.0,4,698.0
0.0,33.0,45.0,134.0,254.0,445.0,4,692.0
0.0,33.0,45.0,134.0,255.0,692.0,4,698.0
0.0,33.0,45.0,134.0,255.0,692.0,4,698.0
0.0,33.0,45.0,134.0,255.0,692.0,4,698.0
0.0,33.0,45.0,248.0,254.0,698.0,4,789.0
0.0,33.0,248.0,254.0,445.0,692.0,4,789.0
0.0,33.0,248.0,254.0,445.0,692.0,4,789.0
0.0,33.0,248.0,255.0,445.0,692.0,4,789.0
0.0,33.0,134.0,255.0,360.0,692.0,4,789.0
0.0,33.0,45.0,134.0,255.0,360.0,4,698.0
0.0,33.0,45.0,134.0,254.0,360.0,4,692.0
0.0,33.0,45.0,134.0,254.0,255.0,4,698.0
0.0,33.0,45.0,134.0,254.0,692.0,4,789.0
0.0,33.0,45.0,134.0,255.0,692.0,4,698.0
0.0,33.0,45.0,134.0,254.0,255.0,4,698.0
0.0,33.0,248.0,254.0,445.0,692.0,4,789.0
0.0,33.0,134.0,248.0,254.0,692.0,4,789.0
0.0,33.0,45.0,134.0,248.0,254.0,4,789.0
0.0,33.0,45.0,134.0,255.0,698.0,4,789.0
0.0,33.0,45.0,134.0,255.0,698.0,4,789.0
0.0,33.0,45.0,134.0,254.0,255.0,4,698.0
0.0,33.0,45.0,134.0,254.0,255.0,4,698.0
0.0,33.0,134.0,248.0,360.0,692.0,4,698.0
0.0,33.0,248.0,360.0,692.0,698.0,4,789.0
0.0,33.0,45.0,134.0,255.0,360.0,4,789.0
0.0,33.0,45.0,134.0,254.0,255.0,4,698.0
0.0,18.0,577.0,677.0,718.0,832.0,4,973.0
0.0,18.0,191.0,577.0,718.0,832.0,4,973.0
0.0,18.0,191.0,577.0,718.0,811.0,4,973.0
0.0,18.0,191.0,677.0,681.0,718.0,4,811.0
0.0,18.0,577.0,677.0,718.0,832.0,4,973.0
0.0,18.0,191.0,577.0,718.0,832.0,4,973.0
0.0,18.0,191.0,677.0,681.0,811.0,4,832.0
0.0,18.0,577.0,677.0,681.0,718.0,4,832.0
0.0,33.0,45.0,134.0,254.0,255.0,4,698.0
0.0,33.0,45.0,134.0,248.0,254.0,4,698.0
0.0,33.0,45.0,134.0,248.0,254.0,4,445.0
0.0,33.0,134.0,248.0,254.0,445.0,4,692.0
0.0,33.0,45.0,255.0,445.0,692.0,4,789.0
0.0,33.0,45.0,255.0,445.0,692.0,4,789.0
0.0,33.0,134.0,254.0,255.0,692.0,4,698.0
0.0,33.0,45.0,134.0,254.0,255.0,4,698.0
0.0,33.0,45.0,134.0,248.0,445.0,4,692.0
0.0,33.0,134.0,255.0,445.0,692.0,4,789.0
0.0,33.0,45.0,134.0,255.0,692.0,4,698.0
0.0,33.0,125.0,248.0,445.0,789.0,4,853.0
0.0,13.0,161.0,192.0,315.0,900.0,4,956.0
0.0,13.0,5.0,161.0,192.0,900.0,4,956.0
0.0,13.0,161.0,192.0,787.0,900.0,4,956.0
0.0,13.0,161.0,315.0,803.0,900.0,4,956.0
0.0,13.0,161.0,192.0,315.0,900.0,4,956.0
0.0,33.0,45.0,134.0,254.0,255.0,4,698.0
0.0,33.0,45.0,134.0,254.0,255.0,4,698.0
0.0,33.0,134.0,254.0,360.0,445.0,4,692.0
0.0,33.0,45.0,134.0,254.0,255.0,4,698.0
0.0,33.0,45.0,134.0,254.0,255.0,4,698.0
0.0,33.0,45.0,134.0,254.0,255.0,4,698.0
0.0,33.0,45.0,134.0,254.0,255.0,4,698.0
0.0,33.0,134.0,254.0,255.0,445.0,4,692.0
0.0,33.0,248.0,360.0,445.0,692.0,4,789.0
0.0,33.0,248.0,360.0,445.0,692.0,4,789.0
0.0,33.0,45.0,134.0,255.0,360.0,4,789.0
0.0,12.0,12.0,216.0,417.0,477.0,4,920.0
0.0,12.0,12.0,216.0,228.0,532.0,4,875.0
0.0,12.0,12.0,228.0,477.0,875.0,4,920.0
0.0,12.0,216.0,228.0,417.0,477.0,4,920.0
0.0,23.0,146.0,418.0,567.0,827.0,4,921.0
0.0,23.0,146.0,307.0,418.0,567.0,4,827.0
0.0,23.0,146.0,234.0,655.0,827.0,4,921.0
0.0,23.0,146.0,234.0,655.0,827.0,4,921.0
0.0,23.0,146.0,234.0,418.0,827.0,4,921.0
0.0,23.0,146.0,234.0,307.0,418.0,4,921.0
0.0,23.0,146.0,234.0,418.0,567.0,4,921.0
0.0,23.0,146.0,234.0,418.0,567.0,4,827.0
0.0,23.0,146.0,234.0,418.0,655.0,4,827.0
0.0,23.0,234.0,307.0,418.0,655.0,4,827.0
0.0,23.0,146.0,234.0,307.0,655.0,4,921.0
0.0,0.0,493.0,535.0,686.0,912.0,4,1037.0
0.0,0.0,631.0,686.0,870.0,905.0,4,912.0
0.0,0.0,535.0,686.0,870.0,905.0,4,912.0
0.0,0.0,493.0,535.0,870.0,905.0,4,912.0
0.0,0.0,493.0,535.0,686.0,912.0,4,1037.0
0.0,0.0,493.0,535.0,686.0,912.0,4,1037.0
0.0,0.0,493.0,535.0,686.0,905.0,4,912.0
0.0,0.0,493.0,535.0,631.0,870.0,4,905.0
0.0,33.0,45.0,134.0,254.0,255.0,4,698.0
0.0,33.0,134.0,248.0,445.0,789.0,4,853.0
0.0,33.0,45.0,248.0,445.0,789.0,4,853.0
0.0,33.0,134.0,254.0,255.0,360.0,4,698.0
0.0,33.0,134.0,254.0,255.0,360.0,4,698.0
0.0,33.0,134.0,254.0,255.0,360.0,4,698.0
0.0,33.0,125.0,134.0,254.0,789.0,4,853.0
0.0,33.0,134.0,254.0,255.0,360.0,4,698.0
0.0,30.0,121.0,657.0,839.0,953.0,4,963.0
0.0,30.0,121.0,705.0,839.0,953.0,4,963.0
0.0,30.0,121.0,689.0,705.0,953.0,4,963.0
0.0,30.0,335.0,409.0,657.0,689.0,4,705.0
0.0,30.0,121.0,335.0,657.0,839.0,4,963.0
0.0,30.0,113.0,121.0,335.0,839.0,4,963.0
0.0,30.0,113.0,121.0,335.0,839.0,4,963.0
0.0,30.0,113.0,121.0,839.0,953.0,4,963.0
0.0,30.0,113.0,657.0,689.0,953.0,4,963.0
0.0,30.0,121.0,657.0,839.0,953.0,4,963.0
0.0,30.0,121.0,657.0,839.0,953.0,4,963.0
0.0,30.0,113.0,121.0,839.0,953.0,4,963.0
0.0,30.0,113.0,335.0,409.0,689.0,4,705.0
0.0,30.0,86.0,324.0,335.0,409.0,4,705.0
0.0,33.0,248.0,360.0,445.0,692.0,4,698.0
0.0,33.0,248.0,360.0,445.0,692.0,4,789.0
0.0,33.0,248.0,360.0,445.0,692.0,4,789.0
0.0,33.0,45.0,134.0,255.0,360.0,4,789.0
0.0,33.0,45.0,134.0,254.0,255.0,4,698.0
0.0,33.0,45.0,134.0,254.0,255.0,4,698.0
0.0,33.0,45.0,134.0,254.0,255.0,4,698.0
0.0,33.0,45.0,134.0,254.0,255.0,4,698.0
0.0,33.0,248.0,360.0,692.0,698.0,4,789.0
0.0,33.0,45.0,134.0,255.0,698.0,4,853.0
0.0,33.0,134.0,254.0,255.0,692.0,4,698.0
0.0,33.0,134.0,254.0,255.0,692.0,4,698.0
0.0,33.0,134.0,254.0,255.0,692.0,4,698.0
0.0,33.0,45.0,134.0,254.0,255.0,4,360.0
0.0,11.0,274.0,553.0,806.0,895.0,4,968.0
0.0,11.0,274.0,553.0,647.0,806.0,4,895.0
0.0,11.0,274.0,553.0,647.0,806.0,4,968.0
0.0,11.0,274.0,553.0,806.0,895.0,4,968.0
0.0,11.0,274.0,553.0,647.0,806.0,4,895.0
0.0,11.0,173.0,274.0,647.0,806.0,4,968.0
0.0,33.0,45.0,254.0,692.0,698.0,4,789.0
0.0,33.0,254.0,692.0,698.0,789.0,4,853.0
0.0,33.0,134.0,254.0,692.0,789.0,4,853.0
0.0,33.0,134.0,254.0,255.0,692.0,4,698.0
0.0,33.0,134.0,254.0,255.0,692.0,4,698.0
0.0,33.0,45.0,134.0,255.0,360.0,4,698.0
0.0,33.0,45.0,134.0,254.0,255.0,4,445.0
0.0,33.0,45.0,134.0,254.0,692.0,4,698.0
0.0,33.0,45.0,134.0,254.0,692.0,4,698.0
0.0,33.0,45.0,134.0,255.0,692.0,4,698.0
0.0,33.0,45.0,134.0,255.0,698.0,4,853.0
0.0,33.0,134.0,255.0,445.0,692.0,4,853.0
0.0,33.0,254.0,445.0,692.0,789.0,4,853.0
0.0,33.0,254.0,445.0,692.0,789.0,4,853.0
0.0,33.0,254.0,255.0,445.0,692.0,4,789.0
0.0,33.0,134.0,254.0,255.0,692.0,4,698.0
0.0,33.0,45.0,134.0,255.0,360.0,4,805.0
0.0,33.0,45.0,134.0,255.0,692.0,4,805.0
0.0,33.0,45.0,134.0,255.0,692.0,4,805.0
0.0,33.0,45.0,134.0,254.0,692.0,4,789.0
0.0,33.0,45.0,134.0,254.0,692.0,4,789.0
0.0,33.0,45.0,134.0,255.0,692.0,4,789.0
0.0,9.0,68.0,151.0,202.0,828.0,4,941.0
0.0,9.0,68.0,135.0,815.0,828.0,4,851.0
0.0,9.0,135.0,151.0,168.0,815.0,4,828.0
0.0,9.0,151.0,168.0,628.0,815.0,4,941.0
0.0,9.0,68.0,135.0,168.0,628.0,4,941.0
0.0,9.0,68.0,135.0,168.0,628.0,4,941.0
0.0,9.0,68.0,135.0,151.0,815.0,4,828.0
0.0,9.0,68.0,151.0,815.0,828.0,4,941.0
0.0,32.0,61.0,155.0,522.0,816.0,4,933.0
0.0,32.0,44.0,61.0,155.0,522.0,4,933.0
0.0,32.0,44.0,61.0,155.0,522.0,4,933.0
0.0,32.0,44.0,61.0,155.0,522.0,4,933.0
0.0,32.0,44.0,61.0,155.0,522.0,4,933.0
0.0,32.0,44.0,61.0,155.0,524.0,4,734.0
0.0,4.0,46.0,81.0,85.0,589.0,4,992.0
0.0,4.0,46.0,158.0,722.0,947.0,4,992.0
0.0,4.0,46.0,81.0,85.0,589.0,4,775.0
0.0,4.0,81.0,85.0,589.0,646.0,4,775.0
0.0,4.0,46.0,81.0,589.0,646.0,4,775.0
0.0,4.0,46.0,81.0,85.0,589.0,4,775.0
0.0,33.0,254.0,360.0,445.0,692.0,4,789.0
0.0,33.0,254.0,360.0,445.0,692.0,4,789.0
0.0,33.0,254.0,255.0,445.0,692.0,4,789.0
0.0,33.0,134.0,254.0,255.0,692.0,4,698.0
0.0,33.0,45.0,134.0,254.0,255.0,4,698.0
0.0,33.0,45.0,255.0,360.0,445.0,4,698.0
0.0,33.0,45.0,134.0,255.0,692.0,4,698.0
0.0,33.0,45.0,134.0,255.0,692.0,4,698.0
0.0,33.0,45.0,134.0,255.0,692.0,4,698.0
0.0,33.0,254.0,360.0,692.0,698.0,4,789.0
0.0,33.0,254.0,360.0,692.0,698.0,4,789.0
0.0,33.0,255.0,360.0,692.0,789.0,4,805.0
0.0,33.0,255.0,692.0,789.0,805.0,4,853.0
0.0,33.0,255.0,360.0,692.0,698.0,4,789.0
0.0,33.0,254.0,360.0,692.0,698.0,4,789.0
0.0,33.0,45.0,254.0,255.0,698.0,4,789.0
0.0,33.0,45.0,255.0,692.0,698.0,4,789.0
0.0,33.0,45.0,254.0,255.0,445.0,4,698.0
0.0,33.0,45.0,255.0,360.0,698.0,4,805.0
0.0,33.0,254.0,360.0,692.0,789.0,4,805.0
0.0,33.0,45.0,254.0,255.0,698.0,4,789.0
0.0,33.0,45.0,254.0,255.0,445.0,4,698.0
0.0,33.0,254.0,360.0,692.0,789.0,4,805.0
0.0,33.0,255.0,360.0,692.0,698.0,4,789.0
0.0,33.0,255.0,360.0,692.0,698.0,4,789.0
0.0,33.0,45.0,255.0,360.0,698.0,4,789.0
0.0,33.0,45.0,255.0,360.0,692.0,4,805.0
0.0,33.0,254.0,360.0,692.0,789.0,4,805.0
0.0,33.0,254.0,360.0,692.0,789.0,4,805.0
0.0,33.0,45.0,254.0,255.0,692.0,4,698.0
0.0,33.0,45.0,254.0,255.0,692.0,4,698.0
0.0,33.0,45.0,254.0,255.0,445.0,4,692.0
0.0,33.0,255.0,360.0,445.0,692.0,4,698.0
0.0,33.0,254.0,255.0,692.0,698.0,4,789.0
0.0,33.0,254.0,255.0,445.0,692.0,4,789.0
0.0,33.0,254.0,255.0,692.0,698.0,4,789.0
0.0,33.0,45.0,254.0,255.0,445.0,4,698.0
0.0,33.0,45.0,254.0,255.0,445.0,4,698.0
0.0,33.0,254.0,360.0,692.0,789.0,4,805.0
0.0,33.0,254.0,360.0,692.0,698.0,4,789.0
0.0,33.0,254.0,360.0,692.0,698.0,4,789.0
0.0,33.0,255.0,360.0,445.0,692.0,4,789.0
0.0,33.0,254.0,692.0,698.0,789.0,4,853.0
0.0,33.0,254.0,255.0,692.0,698.0,4,789.0
0.0,33.0,254.0,255.0,692.0,698.0,4,789.0
0.0,33.0,45.0,254.0,255.0,445.0,4,698.0
0.0,33.0,45.0,254.0,255.0,445.0,4,698.0
0.0,33.0,45.0,255.0,360.0,445.0,4,698.0
0.0,33.0,45.0,255.0,360.0,445.0,4,789.0
0.0,33.0,45.0,254.0,255.0,698.0,4,789.0
0.0,33.0,45.0,254.0,255.0,445.0,4,698.0
0.0,33.0,45.0,254.0,255.0,445.0,4,698.0
0.0,33.0,45.0,254.0,255.0,445.0,4,698.0
0.0,33.0,45.0,254.0,360.0,445.0,4,698.0
0.0,33.0,45.0,255.0,360.0,692.0,4,805.0
0.0,33.0,125.0,248.0,445.0,789.0,4,853.0
0.0,33.0,254.0,360.0,692.0,698.0,4,789.0
0.0,33.0,255.0,360.0,692.0,789.0,4,805.0
0.0,33.0,255.0,360.0,692.0,698.0,4,805.0
0.0,33.0,45.0,254.0,255.0,692.0,4,698.0
0.0,33.0,255.0,360.0,445.0,692.0,4,789.0
0.0,33.0,255.0,360.0,445.0,692.0,4,789.0
0.0,33.0,255.0,360.0,692.0,789.0,4,805.0
0.0,33.0,45.0,255.0,360.0,698.0,4,789.0
0.0,33.0,45.0,255.0,360.0,698.0,4,789.0
0.0,28.0,110.0,389.0,444.0,497.0,4,1036.0
0.0,28.0,110.0,389.0,444.0,608.0,4,1036.0
0.0,28.0,444.0,538.0,608.0,685.0,4,971.0
0.0,28.0,210.0,444.0,608.0,685.0,4,971.0
0.0,28.0,210.0,444.0,608.0,685.0,4,1036.0
0.0,28.0,210.0,389.0,444.0,608.0,4,1036.0
0.0,28.0,110.0,389.0,444.0,497.0,4,1036.0
0.0,28.0,110.0,389.0,444.0,608.0,4,1036.0
0.0,28.0,110.0,389.0,444.0,608.0,4,1036.0
0.0,28.0,110.0,210.0,497.0,685.0,4,971.0
0.0,28.0,110.0,210.0,497.0,685.0,4,971.0
0.0,33.0,125.0,134.0,254.0,255.0,4,445.0
0.0,33.0,125.0,255.0,360.0,445.0,4,789.0
0.0,33.0,255.0,360.0,445.0,692.0,4,789.0
0.0,33.0,254.0,360.0,692.0,789.0,4,805.0
0.0,33.0,254.0,360.0,692.0,789.0,4,805.0
0.0,33.0,125.0,134.0,254.0,360.0,4,445.0
0.0,33.0,255.0,445.0,692.0,789.0,4,853.0
0.0,33.0,255.0,445.0,692.0,789.0,4,853.0
0.0,33.0,254.0,692.0,789.0,805.0,4,853.0
0.0,33.0,134.0,254.0,255.0,692.0,4,789.0
0.0,33.0,134.0,248.0,254.0,692.0,4,789.0
0.0,18.0,577.0,677.0,718.0,832.0,4,973.0
0.0,18.0,577.0,677.0,811.0,832.0,4,973.0
0.0,18.0,577.0,677.0,681.0,832.0,4,982.0
0.0,18.0,191.0,677.0,681.0,832.0,4,982.0
0.0,18.0,102.0,191.0,549.0,718.0,4,812.0
0.0,33.0,45.0,134.0,254.0,255.0,4,698.0
0.0,33.0,134.0,254.0,360.0,445.0,4,692.0
0.0,33.0,45.0,255.0,360.0,445.0,4,692.0
0.0,33.0,45.0,134.0,254.0,255.0,4,698.0
0.0,33.0,45.0,134.0,248.0,360.0,4,698.0
0.0,33.0,45.0,134.0,254.0,255.0,4,698.0
0.0,33.0,45.0,134.0,254.0,255.0,4,698.0
0.0,33.0,134.0,255.0,360.0,692.0,4,698.0
0.0,33.0,254.0,360.0,445.0,692.0,4,789.0
0.0,33.0,254.0,360.0,692.0,698.0,4,789.0
0.0,33.0,125.0,248.0,360.0,789.0,4,805.0
0.0,33.0,45.0,134.0,254.0,255.0,4,698.0
0.0,33.0,45.0,134.0,254.0,255.0,4,445.0
0.0,33.0,255.0,360.0,692.0,789.0,4,805.0
0.0,33.0,255.0,360.0,692.0,789.0,4,805.0
0.0,33.0,255.0,360.0,692.0,698.0,4,789.0
0.0,33.0,134.0,254.0,255.0,692.0,4,698.0
0.0,33.0,45.0,134.0,254.0,255.0,4,698.0
0.0,33.0,134.0,254.0,360.0,445.0,4,692.0
0.0,33.0,254.0,360.0,445.0,692.0,4,789.0
0.0,33.0,255.0,360.0,445.0,692.0,4,789.0
0.0,33.0,255.0,360.0,445.0,692.0,4,789.0
0.0,33.0,255.0,360.0,692.0,698.0,4,789.0
0.0,33.0,255.0,360.0,692.0,698.0,4,789.0
0.0,33.0,248.0,445.0,789.0,805.0,4,853.0
0.0,33.0,255.0,360.0,445.0,692.0,4,789.0
0.0,33.0,134.0,255.0,360.0,692.0,4,698.0
0.0,33.0,45.0,134.0,255.0,360.0,4,698.0
0.0,33.0,45.0,134.0,254.0,255.0,4,698.0
0.0,33.0,45.0,134.0,255.0,360.0,4,698.0
0.0,33.0,45.0,134.0,255.0,360.0,4,698.0
0.0,16.0,65.0,349.0,431.0,457.0,4,704.0
0.0,16.0,65.0,285.0,349.0,431.0,4,898.0
0.0,16.0,31.0,306.0,431.0,457.0,4,996.0
0.0,16.0,31.0,65.0,285.0,306.0,4,349.0
0.0,16.0,31.0,65.0,285.0,306.0,4,349.0
0.0,16.0,31.0,65.0,285.0,306.0,4,349.0
0.0,16.0,65.0,285.0,306.0,349.0,4,898.0
0.0,25.0,294.0,363.0,380.0,586.0,4,961.0
0.0,25.0,294.0,363.0,398.0,586.0,4,974.0
0.0,25.0,294.0,363.0,398.0,421.0,4,961.0
0.0,25.0,294.0,363.0,380.0,421.0,4,961.0
0.0,25.0,294.0,363.0,380.0,421.0,4,961.0
0.0,25.0,294.0,363.0,421.0,961.0,4,974.0
0.0,25.0,294.0,398.0,586.0,961.0,4,974.0
0.0,25.0,294.0,380.0,398.0,586.0,4,974.0
0.0,26.0,40.0,41.0,874.0,928.0,4,1024.0
0.0,26.0,40.0,41.0,874.0,928.0,4,1024.0
0.0,26.0,40.0,494.0,601.0,634.0,4,874.0
0.0,26.0,40.0,41.0,494.0,601.0,4,928.0
0.0,26.0,40.0,41.0,874.0,928.0,4,1024.0
0.0,26.0,40.0,41.0,494.0,928.0,4,1024.0
0.0,6.0,35.0,290.0,616.0,623.0,4,876.0
0.0,6.0,35.0,284.0,323.0,390.0,4,623.0
0.0,6.0,35.0,284.0,323.0,390.0,4,623.0
0.0,6.0,35.0,323.0,390.0,876.0,4,1039.0
0.0,6.0,35.0,290.0,616.0,623.0,4,876.0
0.0,6.0,35.0,284.0,616.0,623.0,4,876.0
0.0,6.0,35.0,284.0,616.0,623.0,4,876.0
0.0,6.0,35.0,284.0,616.0,623.0,4,876.0
0.0,6.0,35.0,290.0,616.0,623.0,4,876.0
0.0,13.0,161.0,182.0,192.0,315.0,4,449.0
0.0,13.0,161.0,192.0,315.0,449.0,4,956.0
0.0,13.0,161.0,192.0,315.0,449.0,4,956.0
0.0,13.0,182.0,192.0,212.0,315.0,4,432.0
0.0,13.0,182.0,212.0,315.0,432.0,4,956.0
0.0,13.0,182.0,212.0,315.0,432.0,4,956.0
0.0,13.0,161.0,182.0,192.0,315.0,4,449.0
0.0,13.0,161.0,182.0,192.0,315.0,4,449.0
0.0,13.0,192.0,212.0,315.0,432.0,4,956.0
0.0,13.0,5.0,192.0,212.0,432.0,4,956.0
0.0,13.0,5.0,212.0,432.0,787.0,4,803.0
0.0,33.0,45.0,134.0,254.0,255.0,4,698.0
0.0,33.0,45.0,134.0,254.0,255.0,4,698.0
0.0,33.0,134.0,248.0,255.0,698.0,4,789.0
0.0,33.0,45.0,125.0,248.0,445.0,4,789.0
0.0,33.0,45.0,134.0,254.0,255.0,4,698.0
0.0,33.0,45.0,134.0,254.0,255.0,4,698.0
0.0,33.0,134.0,248.0,255.0,445.0,4,853.0
0.0,33.0,45.0,254.0,698.0,789.0,4,853.0
0.0,30.0,657.0,705.0,839.0,953.0,4,963.0
0.0,30.0,335.0,409.0,657.0,705.0,4,839.0
0.0,30.0,121.0,335.0,409.0,657.0,4,953.0
0.0,30.0,113.0,121.0,335.0,409.0,4,953.0
0.0,30.0,113.0,121.0,335.0,953.0,4,963.0
0.0,30.0,121.0,337.0,657.0,953.0,4,963.0
0.0,30.0,337.0,657.0,705.0,953.0,4,963.0
0.0,30.0,335.0,657.0,705.0,953.0,4,963.0
0.0,30.0,337.0,657.0,705.0,953.0,4,963.0
0.0,30.0,335.0,409.0,657.0,705.0,4,953.0
0.0,30.0,409.0,657.0,705.0,953.0,4,963.0
0.0,11.0,173.0,806.0,895.0,968.0,4,1031.0
0.0,11.0,553.0,590.0,806.0,895.0,4,1031.0
0.0,11.0,553.0,590.0,806.0,895.0,4,1031.0
0.0,11.0,173.0,806.0,895.0,968.0,4,1031.0
0.0,11.0,173.0,806.0,895.0,968.0,4,1031.0
0.0,11.0,274.0,553.0,806.0,895.0,4,968.0
0.0,11.0,274.0,504.0,553.0,590.0,4,968.0
0.0,28.0,110.0,389.0,416.0,444.0,4,804.0
0.0,28.0,110.0,389.0,444.0,643.0,4,971.0
0.0,28.0,110.0,444.0,643.0,685.0,4,971.0
0.0,28.0,340.0,643.0,685.0,890.0,4,971.0
0.0,28.0,340.0,389.0,416.0,444.0,4,971.0
0.0,28.0,110.0,389.0,416.0,444.0,4,971.0
0.0,28.0,110.0,340.0,416.0,890.0,4,971.0
0.0,29.0,550.0,580.0,700.0,854.0,4,899.0
0.0,29.0,183.0,338.0,505.0,550.0,4,854.0
0.0,29.0,183.0,338.0,505.0,550.0,4,854.0
0.0,29.0,505.0,550.0,700.0,854.0,4,899.0
0.0,29.0,183.0,338.0,505.0,700.0,4,854.0
0.0,29.0,183.0,505.0,580.0,700.0,4,854.0
0.0,33.0,134.0,254.0,360.0,445.0,4,692.0
0.0,33.0,255.0,360.0,445.0,692.0,4,789.0
0.0,33.0,255.0,360.0,445.0,692.0,4,789.0
0.0,33.0,255.0,360.0,692.0,698.0,4,789.0
0.0,33.0,134.0,254.0,255.0,698.0,4,853.0
0.0,33.0,134.0,254.0,255.0,698.0,4,853.0
0.0,7.0,263.0,267.0,277.0,530.0,4,584.0
0.0,7.0,75.0,246.0,267.0,365.0,4,694.0
0.0,7.0,246.0,263.0,277.0,396.0,4,530.0
0.0,7.0,75.0,263.0,277.0,396.0,4,530.0
0.0,7.0,246.0,263.0,267.0,277.0,4,530.0
0.0,7.0,267.0,277.0,365.0,396.0,4,584.0
0.0,33.0,45.0,134.0,254.0,255.0,4,698.0
0.0,33.0,134.0,255.0,360.0,445.0,4,692.0
0.0,33.0,254.0,255.0,445.0,692.0,4,789.0
0.0,33.0,254.0,255.0,692.0,698.0,4,789.0
0.0,33.0,45.0,134.0,254.0,255.0,4,698.0
0.0,33.0,45.0,134.0,248.0,255.0,4,698.0
0.0,33.0,45.0,134.0,254.0,255.0,4,698.0
0.0,33.0,45.0,134.0,254.0,255.0,4,698.0
0.0,33.0,248.0,360.0,445.0,692.0,4,789.0
0.0,33.0,134.0,248.0,360.0,692.0,4,789.0
0.0,33.0,45.0,134.0,255.0,360.0,4,692.0
0.0,33.0,248.0,360.0,698.0,805.0,4,853.0
0.0,33.0,134.0,255.0,360.0,692.0,4,698.0
0.0,33.0,248.0,360.0,445.0,692.0,4,789.0
0.0,33.0,248.0,360.0,445.0,692.0,4,789.0
0.0,33.0,248.0,360.0,789.0,805.0,4,853.0
0.0,33.0,45.0,248.0,789.0,805.0,4,853.0
0.0,33.0,45.0,248.0,789.0,805.0,4,853.0
0.0,33.0,45.0,134.0,254.0,255.0,4,698.0
0.0,33.0,45.0,134.0,254.0,255.0,4,698.0
0.0,33.0,248.0,360.0,692.0,698.0,4,789.0
0.0,33.0,248.0,360.0,445.0,692.0,4,789.0
0.0,33.0,248.0,360.0,445.0,692.0,4,789.0
0.0,33.0,248.0,360.0,789.0,805.0,4,853.0
0.0,18.0,577.0,677.0,718.0,832.0,4,973.0
0.0,18.0,304.0,577.0,718.0,832.0,4,973.0
0.0,18.0,304.0,577.0,811.0,973.0,4,982.0
0.0,18.0,191.0,304.0,681.0,811.0,4,982.0
0.0,18.0,191.0,304.0,681.0,811.0,4,982.0
0.0,18.0,304.0,577.0,681.0,832.0,4,982.0
0.0,18.0,577.0,677.0,718.0,832.0,4,973.0
0.0,18.0,304.0,577.0,832.0,973.0,4,982.0
0.0,18.0,191.0,304.0,681.0,832.0,4,982.0
0.0,18.0,191.0,577.0,681.0,973.0,4,982.0
0.0,18.0,191.0,577.0,681.0,973.0,4,982.0
0.0,18.0,577.0,677.0,681.0,973.0,4,982.0
0.0,4.0,81.0,85.0,589.0,646.0,4,775.0
0.0,4.0,46.0,81.0,85.0,158.0,4,646.0
0.0,4.0,46.0,85.0,158.0,646.0,4,947.0
0.0,4.0,46.0,85.0,158.0,947.0,4,992.0
0.0,4.0,46.0,158.0,653.0,947.0,4,992.0
0.0,4.0,46.0,158.0,653.0,947.0,4,992.0
0.0,4.0,46.0,81.0,158.0,646.0,4,653.0
0.0,4.0,81.0,85.0,589.0,646.0,4,775.0
0.0,4.0,81.0,85.0,589.0,646.0,4,775.0
0.0,4.0,85.0,158.0,589.0,646.0,4,775.0
0.0,4.0,11.0,85.0,158.0,646.0,4,1004.0
0.0,4.0,81.0,589.0,646.0,992.0,4,1004.0
0.0,4.0,81.0,85.0,589.0,646.0,4,1004.0
0.0,4.0,46.0,85.0,158.0,589.0,4,646.0
0.0,17.0,47.0,149.0,708.0,730.0,4,858.0
0.0,17.0,119.0,148.0,211.0,708.0,4,922.0
0.0,17.0,119.0,148.0,211.0,708.0,4,922.0
0.0,17.0,47.0,148.0,730.0,858.0,4,922.0
0.0,17.0,47.0,149.0,708.0,730.0,4,858.0
0.0,17.0,47.0,149.0,708.0,730.0,4,858.0
0.0,17.0,119.0,148.0,708.0,858.0,4,922.0
0.0,29.0,338.0,505.0,572.0,713.0,4,899.0
0.0,29.0,505.0,572.0,700.0,713.0,4,899.0
0.0,29.0,572.0,580.0,700.0,713.0,4,899.0
0.0,29.0,183.0,505.0,572.0,700.0,4,713.0
0.0,29.0,183.0,505.0,572.0,700.0,4,713.0
0.0,29.0,572.0,580.0,700.0,713.0,4,899.0
0.0,29.0,183.0,572.0,580.0,700.0,4,854.0
0.0,29.0,183.0,505.0,572.0,580.0,4,700.0
0.0,29.0,183.0,505.0,572.0,580.0,4,700.0
0.0,29.0,183.0,505.0,572.0,700.0,4,713.0
0.0,29.0,505.0,572.0,580.0,700.0,4,854.0
0.0,29.0,183.0,505.0,580.0,700.0,4,854.0
0.0,29.0,572.0,580.0,700.0,713.0,4,899.0
0.0,29.0,572.0,580.0,700.0,713.0,4,899.0
0.0,29.0,183.0,338.0,572.0,700.0,4,854.0
0.0,29.0,183.0,338.0,580.0,713.0,4,899.0
0.0,29.0,183.0,580.0,700.0,713.0,4,899.0
0.0,29.0,183.0,338.0,580.0,713.0,4,899.0
0.0,29.0,183.0,338.0,449.0,800.0,4,854.0
0.0,29.0,183.0,505.0,572.0,580.0,4,713.0
0.0,29.0,183.0,572.0,580.0,700.0,4,713.0
0.0,29.0,103.0,183.0,338.0,700.0,4,713.0
0.0,29.0,103.0,183.0,338.0,505.0,4,700.0
0.0,29.0,103.0,183.0,338.0,505.0,4,700.0
0.0,29.0,338.0,572.0,580.0,854.0,4,899.0
0.0,29.0,505.0,572.0,580.0,713.0,4,899.0
0.0,29.0,103.0,183.0,338.0,700.0,4,713.0
0.0,29.0,183.0,580.0,700.0,713.0,4,899.0
0.0,29.0,183.0,338.0,700.0,854.0,4,899.0
0.0,29.0,572.0,580.0,700.0,713.0,4,899.0
0.0,29.0,103.0,505.0,572.0,700.0,4,713.0
0.0,29.0,103.0,183.0,338.0,505.0,4,713.0
0.0,29.0,103.0,338.0,505.0,572.0,4,580.0
0.0,29.0,103.0,338.0,505.0,572.0,4,580.0
0.0,29.0,103.0,183.0,338.0,505.0,4,700.0
0.0,29.0,103.0,183.0,505.0,700.0,4,713.0
0.0,29.0,103.0,183.0,505.0,700.0,4,713.0
0.0,7.0,267.0,277.0,325.0,455.0,4,530.0
0.0,7.0,59.0,277.0,325.0,483.0,4,530.0
0.0,7.0,59.0,246.0,277.0,483.0,4,530.0
0.0,7.0,59.0,246.0,263.0,483.0,4,530.0
0.0,7.0,59.0,246.0,263.0,483.0,4,530.0
0.0,7.0,59.0,246.0,263.0,455.0,4,483.0
0.0,7.0,246.0,263.0,267.0,455.0,4,483.0
0.0,7.0,246.0,267.0,277.0,455.0,4,530.0
0.0,7.0,59.0,277.0,325.0,455.0,4,530.0
0.0,7.0,59.0,246.0,263.0,483.0,4,530.0
0.0,7.0,267.0,277.0,325.0,455.0,4,530.0
0.0,7.0,59.0,246.0,263.0,483.0,4,530.0
0.0,7.0,267.0,277.0,325.0,455.0,4,483.0
0.0,7.0,267.0,277.0,325.0,455.0,4,483.0
0.0,7.0,59.0,75.0,246.0,263.0,4,365.0
0.0,30.0,121.0,335.0,705.0,953.0,4,963.0
0.0,30.0,113.0,121.0,839.0,953.0,4,963.0
0.0,30.0,113.0,324.0,335.0,839.0,4,963.0
0.0,30.0,86.0,121.0,337.0,689.0,4,705.0
0.0,30.0,86.0,121.0,337.0,689.0,4,705.0
0.0,30.0,113.0,121.0,689.0,953.0,4,963.0
0.0,30.0,121.0,324.0,335.0,953.0,4,963.0
0.0,30.0,121.0,335.0,705.0,953.0,4,963.0
0.0,30.0,121.0,335.0,705.0,953.0,4,963.0
0.0,29.0,103.0,505.0,572.0,580.0,4,713.0
0.0,29.0,103.0,338.0,572.0,580.0,4,713.0
0.0,29.0,103.0,183.0,505.0,580.0,4,854.0
0.0,29.0,572.0,580.0,713.0,854.0,4,899.0
0.0,29.0,103.0,183.0,580.0,713.0,4,854.0
0.0,29.0,103.0,580.0,700.0,854.0,4,899.0
0.0,29.0,103.0,580.0,700.0,854.0,4,899.0
0.0,29.0,103.0,572.0,580.0,700.0,4,854.0
0.0,29.0,103.0,505.0,580.0,700.0,4,713.0
0.0,29.0,103.0,580.0,700.0,713.0,4,899.0
0.0,29.0,103.0,338.0,505.0,700.0,4,713.0
0.0,29.0,103.0,338.0,505.0,700.0,4,854.0
0.0,29.0,103.0,580.0,700.0,713.0,4,899.0
0.0,29.0,103.0,580.0,700.0,713.0,4,899.0
0.0,29.0,103.0,338.0,505.0,713.0,4,899.0
0.0,29.0,183.0,338.0,449.0,505.0,4,713.0
0.0,29.0,103.0,183.0,338.0,449.0,4,700.0
0.0,29.0,103.0,505.0,572.0,700.0,4,713.0
0.0,29.0,103.0,505.0,572.0,700.0,4,713.0
0.0,29.0,183.0,505.0,572.0,713.0,4,800.0
0.0,29.0,183.0,505.0,697.0,700.0,4,800.0
0.0,29.0,103.0,338.0,505.0,700.0,4,713.0
0.0,29.0,183.0,572.0,580.0,700.0,4,713.0
0.0,29.0,183.0,338.0,505.0,572.0,4,713.0
0.0,29.0,183.0,338.0,505.0,572.0,4,713.0
0.0,29.0,103.0,183.0,338.0,505.0,4,700.0
0.0,29.0,103.0,183.0,338.0,505.0,4,700.0
0.0,29.0,103.0,183.0,338.0,505.0,4,700.0
0.0,29.0,338.0,449.0,697.0,800.0,4,854.0
0.0,13.0,161.0,192.0,315.0,900.0,4,956.0
0.0,13.0,161.0,192.0,212.0,315.0,4,956.0
0.0,13.0,161.0,182.0,212.0,315.0,4,803.0
0.0,13.0,161.0,182.0,212.0,315.0,4,803.0
0.0,13.0,161.0,182.0,212.0,803.0,4,956.0
0.0,13.0,161.0,192.0,315.0,900.0,4,956.0
0.0,13.0,192.0,315.0,432.0,900.0,4,956.0
0.0,13.0,161.0,182.0,192.0,212.0,4,432.0
0.0,13.0,161.0,192.0,212.0,315.0,4,956.0
0.0,13.0,161.0,192.0,212.0,315.0,4,956.0
0.0,13.0,161.0,192.0,315.0,900.0,4,956.0
0.0,29.0,103.0,572.0,580.0,700.0,4,713.0
0.0,29.0,505.0,580.0,700.0,800.0,4,899.0
0.0,29.0,338.0,505.0,700.0,800.0,4,899.0
0.0,29.0,572.0,580.0,700.0,713.0,4,899.0
0.0,29.0,183.0,580.0,700.0,713.0,4,899.0
0.0,29.0,183.0,505.0,700.0,713.0,4,899.0
0.0,29.0,183.0,505.0,697.0,700.0,4,713.0
0.0,29.0,103.0,580.0,700.0,713.0,4,899.0
0.0,29.0,103.0,580.0,700.0,713.0,4,899.0
0.0,29.0,103.0,572.0,580.0,700.0,4,713.0
0.0,29.0,103.0,505.0,572.0,713.0,4,800.0
0.0,29.0,505.0,572.0,580.0,697.0,4,700.0
0.0,29.0,505.0,580.0,697.0,700.0,4,713.0
0.0,28.0,389.0,497.0,685.0,890.0,4,1036.0
0.0,28.0,538.0,608.0,685.0,890.0,4,1036.0
0.0,28.0,538.0,608.0,685.0,890.0,4,1036.0
0.0,28.0,416.0,538.0,608.0,685.0,4,890.0
0.0,28.0,416.0,538.0,608.0,685.0,4,890.0
0.0,28.0,110.0,210.0,389.0,608.0,4,1036.0
0.0,28.0,110.0,210.0,389.0,497.0,4,1036.0
0.0,28.0,110.0,389.0,416.0,538.0,4,1036.0
0.0,28.0,389.0,416.0,538.0,608.0,4,890.0
0.0,28.0,389.0,416.0,538.0,608.0,4,890.0
0.0,28.0,389.0,538.0,608.0,890.0,4,1036.0
0.0,28.0,110.0,210.0,538.0,608.0,4,1036.0
0.0,29.0,183.0,505.0,572.0,580.0,4,800.0
0.0,29.0,183.0,505.0,580.0,713.0,4,899.0
0.0,29.0,183.0,505.0,580.0,700.0,4,800.0
0.0,23.0,146.0,307.0,440.0,798.0,4,921.0
0.0,23.0,146.0,234.0,418.0,440.0,4,921.0
0.0,23.0,234.0,307.0,418.0,798.0,4,827.0
0.0,23.0,234.0,307.0,418.0,798.0,4,827.0
0.0,23.0,234.0,307.0,798.0,827.0,4,921.0
0.0,23.0,146.0,307.0,418.0,440.0,4,921.0
0.0,23.0,146.0,307.0,418.0,440.0,4,921.0
0.0,23.0,146.0,307.0,418.0,798.0,4,921.0
0.0,23.0,234.0,307.0,418.0,827.0,4,921.0
0.0,23.0,234.0,307.0,418.0,827.0,4,921.0
0.0,32.0,61.0,155.0,522.0,816.0,4,933.0
0.0,32.0,44.0,61.0,155.0,522.0,4,933.0
0.0,32.0,44.0,61.0,155.0,499.0,4,933.0
0.0,32.0,155.0,499.0,522.0,524.0,4,734.0
0.0,32.0,499.0,522.0,524.0,595.0,4,734.0
0.0,32.0,499.0,522.0,524.0,595.0,4,734.0
0.0,32.0,61.0,522.0,524.0,595.0,4,734.0
0.0,32.0,61.0,155.0,522.0,734.0,4,933.0
0.0,32.0,44.0,155.0,734.0,816.0,4,933.0
0.0,32.0,44.0,499.0,522.0,524.0,4,734.0
0.0,32.0,44.0,499.0,522.0,524.0,4,734.0
0.0,32.0,44.0,499.0,522.0,524.0,4,734.0
0.0,32.0,155.0,499.0,522.0,524.0,4,734.0
0.0,32.0,155.0,499.0,522.0,524.0,4,734.0
0.0,1.0,14.0,250.0,351.0,570.0,4,866.0
0.0,1.0,14.0,250.0,351.0,707.0,4,866.0
0.0,1.0,14.0,250.0,351.0,570.0,4,866.0
0.0,1.0,14.0,250.0,351.0,570.0,4,866.0
0.0,1.0,14.0,250.0,707.0,808.0,4,866.0
0.0,1.0,27.0,707.0,808.0,866.0,4,886.0
0.0,1.0,14.0,27.0,808.0,866.0,4,886.0
0.0,1.0,14.0,250.0,351.0,808.0,4,866.0
0.0,9.0,151.0,168.0,815.0,828.0,4,941.0
0.0,9.0,68.0,151.0,168.0,828.0,4,941.0
0.0,9.0,68.0,151.0,452.0,828.0,4,941.0
0.0,9.0,68.0,135.0,452.0,628.0,4,828.0
0.0,9.0,68.0,135.0,452.0,628.0,4,941.0
0.0,9.0,135.0,452.0,628.0,815.0,4,941.0
0.0,9.0,135.0,452.0,628.0,815.0,4,941.0
0.0,9.0,68.0,151.0,168.0,828.0,4,941.0
0.0,9.0,151.0,168.0,815.0,828.0,4,941.0
0.0,9.0,68.0,151.0,168.0,828.0,4,941.0
0.0,9.0,68.0,135.0,168.0,628.0,4,828.0
0.0,9.0,68.0,135.0,168.0,628.0,4,828.0
0.0,29.0,103.0,572.0,580.0,700.0,4,713.0
0.0,29.0,103.0,183.0,505.0,580.0,4,700.0
0.0,29.0,103.0,183.0,338.0,505.0,4,700.0
0.0,29.0,183.0,338.0,505.0,713.0,4,899.0
0.0,29.0,338.0,505.0,700.0,713.0,4,899.0
0.0,29.0,103.0,338.0,505.0,700.0,4,713.0
0.0,29.0,103.0,572.0,580.0,700.0,4,713.0
0.0,29.0,103.0,572.0,580.0,700.0,4,713.0
0.0,29.0,103.0,572.0,580.0,700.0,4,713.0
0.0,29.0,103.0,338.0,572.0,700.0,4,713.0
0.0,29.0,103.0,338.0,572.0,700.0,4,713.0
0.0,29.0,103.0,338.0,505.0,572.0,4,713.0
0.0,7.0,267.0,277.0,325.0,455.0,4,530.0
0.0,7.0,246.0,267.0,277.0,455.0,4,530.0
0.0,7.0,246.0,263.0,455.0,483.0,4,530.0
0.0,7.0,246.0,263.0,267.0,277.0,4,483.0
0.0,7.0,263.0,267.0,277.0,325.0,4,483.0
0.0,7.0,267.0,277.0,365.0,455.0,4,530.0
0.0,7.0,267.0,277.0,365.0,455.0,4,530.0
0.0,7.0,267.0,277.0,325.0,455.0,4,530.0
0.0,7.0,246.0,263.0,277.0,455.0,4,483.0
0.0,7.0,246.0,267.0,277.0,455.0,4,483.0
0.0,7.0,246.0,267.0,277.0,455.0,4,483.0
0.0,7.0,246.0,267.0,277.0,455.0,4,483.0
0.0,7.0,246.0,267.0,277.0,455.0,4,530.0
0.0,7.0,263.0,277.0,325.0,455.0,4,530.0
0.0,18.0,577.0,677.0,718.0,832.0,4,973.0
0.0,18.0,191.0,678.0,681.0,811.0,4,973.0
0.0,18.0,191.0,577.0,681.0,811.0,4,812.0
0.0,18.0,577.0,677.0,681.0,811.0,4,973.0
0.0,18.0,577.0,677.0,718.0,832.0,4,973.0
0.0,18.0,191.0,577.0,718.0,832.0,4,973.0
0.0,18.0,191.0,678.0,681.0,811.0,4,832.0
0.0,18.0,577.0,677.0,811.0,832.0,4,973.0
0.0,29.0,103.0,572.0,580.0,700.0,4,713.0
0.0,29.0,103.0,572.0,580.0,700.0,4,713.0
0.0,29.0,183.0,505.0,572.0,700.0,4,713.0
0.0,29.0,183.0,505.0,700.0,713.0,4,899.0
0.0,29.0,183.0,338.0,505.0,800.0,4,899.0
0.0,29.0,183.0,505.0,700.0,713.0,4,899.0
0.0,29.0,103.0,183.0,338.0,505.0,4,580.0
0.0,29.0,103.0,183.0,580.0,700.0,4,713.0
0.0,29.0,103.0,572.0,580.0,700.0,4,713.0
0.0,29.0,103.0,183.0,505.0,700.0,4,713.0
0.0,29.0,183.0,338.0,505.0,580.0,4,899.0
0.0,29.0,183.0,580.0,700.0,713.0,4,899.0
0.0,29.0,183.0,505.0,700.0,713.0,4,899.0
0.0,29.0,183.0,580.0,700.0,713.0,4,899.0
0.0,29.0,183.0,338.0,505.0,700.0,4,899.0
0.0,29.0,183.0,338.0,505.0,580.0,4,700.0
0.0,29.0,183.0,338.0,505.0,580.0,4,700.0
0.0,29.0,183.0,505.0,580.0,700.0,4,713.0
0.0,11.0,274.0,553.0,806.0,895.0,4,968.0
0.0,11.0,173.0,553.0,806.0,895.0,4,968.0
0.0,11.0,99.0,173.0,647.0,895.0,4,968.0
0.0,11.0,99.0,173.0,647.0,895.0,4,968.0
0.0,11.0,99.0,173.0,806.0,895.0,4,968.0
0.0,11.0,99.0,173.0,806.0,895.0,4,968.0
0.0,11.0,99.0,173.0,806.0,895.0,4,968.0
0.0,11.0,274.0,553.0,806.0,895.0,4,968.0
0.0,11.0,274.0,553.0,806.0,895.0,4,968.0
0.0,11.0,274.0,553.0,806.0,895.0,4,968.0
0.0,11.0,173.0,553.0,806.0,895.0,4,968.0
0.0,11.0,173.0,553.0,647.0,806.0,4,895.0
0.0,11.0,173.0,553.0,647.0,806.0,4,895.0
0.0,11.0,99.0,274.0,647.0,806.0,4,968.0
0.0,11.0,99.0,274.0,647.0,806.0,4,968.0
0.0,11.0,99.0,173.0,647.0,895.0,4,968.0
0.0,11.0,99.0,173.0,647.0,895.0,4,968.0
0.0,29.0,103.0,572.0,580.0,700.0,4,713.0
0.0,29.0,103.0,572.0,580.0,700.0,4,713.0
0.0,29.0,183.0,338.0,505.0,854.0,4,899.0
0.0,29.0,103.0,572.0,580.0,700.0,4,713.0
0.0,29.0,103.0,572.0,580.0,700.0,4,713.0
0.0,29.0,338.0,505.0,572.0,854.0,4,899.0
0.0,12.0,216.0,417.0,462.0,715.0,4,983.0
0.0,12.0,216.0,228.0,387.0,462.0,4,819.0
0.0,12.0,216.0,228.0,462.0,477.0,4,819.0
0.0,12.0,216.0,417.0,477.0,819.0,4,983.0
0.0,12.0,216.0,417.0,477.0,715.0,4,983.0
0.0,12.0,216.0,417.0,477.0,715.0,4,983.0
0.0,12.0,216.0,417.0,462.0,477.0,4,819.0
0.0,12.0,228.0,387.0,563.0,819.0,4,903.0
0.0,26.0,494.0,601.0,634.0,928.0,4,1024.0
0.0,26.0,40.0,41.0,601.0,874.0,4,928.0
0.0,26.0,40.0,41.0,601.0,874.0,4,1024.0
0.0,26.0,41.0,494.0,601.0,874.0,4,1024.0
0.0,26.0,40.0,41.0,843.0,874.0,4,928.0
0.0,26.0,40.0,494.0,601.0,634.0,4,874.0
0.0,26.0,40.0,41.0,494.0,601.0,4,928.0
0.0,26.0,40.0,41.0,494.0,601.0,4,874.0
0.0,29.0,103.0,338.0,505.0,572.0,4,580.0
0.0,29.0,183.0,338.0,505.0,854.0,4,899.0
0.0,29.0,183.0,338.0,580.0,854.0,4,899.0
0.0,29.0,103.0,183.0,505.0,580.0,4,713.0
0.0,29.0,103.0,183.0,338.0,580.0,4,713.0
0.0,29.0,103.0,183.0,338.0,580.0,4,713.0
0.0,29.0,103.0,505.0,572.0,580.0,4,713.0
0.0,29.0,103.0,338.0,505.0,580.0,4,713.0
0.0,29.0,183.0,338.0,580.0,854.0,4,899.0
0.0,29.0,103.0,183.0,338.0,580.0,4,713.0
0.0,29.0,103.0,338.0,505.0,580.0,4,713.0
0.0,29.0,103.0,338.0,505.0,580.0,4,713.0
0.0,28.0,110.0,389.0,444.0,608.0,4,1036.0
0.0,28.0,340.0,416.0,685.0,890.0,4,971.0
0.0,28.0,110.0,340.0,416.0,685.0,4,1036.0
0.0,28.0,110.0,389.0,444.0,608.0,4,1036.0
0.0,28.0,110.0,340.0,416.0,685.0,4,971.0
0.0,28.0,110.0,389.0,444.0,608.0,4,1036.0
0.0,28.0,110.0,389.0,416.0,685.0,4,1036.0
0.0,28.0,110.0,389.0,416.0,685.0,4,1036.0
0.0,28.0,110.0,416.0,685.0,890.0,4,971.0
0.0,28.0,110.0,389.0,444.0,608.0,4,1036.0
0.0,29.0,103.0,505.0,572.0,580.0,4,713.0
0.0,29.0,103.0,505.0,572.0,580.0,4,713.0
0.0,29.0,103.0,338.0,572.0,580.0,4,854.0
0.0,29.0,183.0,338.0,505.0,854.0,4,899.0
0.0,29.0,183.0,338.0,505.0,713.0,4,899.0
0.0,29.0,103.0,505.0,572.0,580.0,4,713.0
0.0,29.0,103.0,505.0,572.0,580.0,4,713.0
0.0,29.0,103.0,338.0,580.0,713.0,4,899.0
0.0,29.0,183.0,338.0,505.0,713.0,4,899.0
0.0,29.0,103.0,183.0,338.0,580.0,4,713.0
0.0,29.0,103.0,505.0,572.0,580.0,4,713.0
0.0,29.0,183.0,338.0,505.0,854.0,4,899.0
0.0,29.0,183.0,338.0,580.0,854.0,4,899.0
0.0,29.0,103.0,183.0,338.0,580.0,4,713.0
0.0,29.0,103.0,183.0,505.0,580.0,4,713.0
0.0,29.0,103.0,505.0,572.0,580.0,4,713.0
0.0,29.0,103.0,505.0,572.0,580.0,4,713.0
0.0,29.0,183.0,338.0,572.0,580.0,4,713.0
0.0,29.0,103.0,183.0,505.0,580.0,4,713.0
0.0,6.0,290.0,390.0,616.0,876.0,4,1039.0
0.0,6.0,35.0,284.0,323.0,390.0,4,616.0
0.0,6.0,35.0,323.0,616.0,876.0,4,1039.0
0.0,6.0,35.0,208.0,616.0,876.0,4,1039.0
0.0,6.0,208.0,290.0,616.0,876.0,4,1039.0
0.0,6.0,208.0,290.0,390.0,616.0,4,1039.0
0.0,6.0,290.0,390.0,616.0,876.0,4,1039.0
0.0,6.0,35.0,290.0,390.0,616.0,4,876.0
0.0,6.0,35.0,290.0,323.0,616.0,4,876.0
0.0,6.0,35.0,323.0,616.0,876.0,4,1039.0
0.0,6.0,208.0,284.0,290.0,323.0,4,616.0
0.0,6.0,208.0,236.0,284.0,323.0,4,897.0
0.0,16.0,306.0,431.0,457.0,898.0,4,996.0
0.0,16.0,31.0,306.0,431.0,457.0,4,996.0
0.0,16.0,31.0,65.0,306.0,349.0,4,457.0
0.0,16.0,31.0,65.0,306.0,349.0,4,457.0
0.0,16.0,31.0,65.0,306.0,349.0,4,431.0
0.0,16.0,306.0,431.0,457.0,898.0,4,996.0
0.0,16.0,65.0,306.0,431.0,457.0,4,898.0
0.0,16.0,31.0,65.0,306.0,431.0,4,457.0
0.0,16.0,31.0,65.0,285.0,457.0,4,996.0
0.0,16.0,65.0,165.0,285.0,898.0,4,996.0
0.0,25.0,294.0,363.0,380.0,421.0,4,961.0
0.0,25.0,294.0,380.0,421.0,586.0,4,961.0
0.0,25.0,226.0,294.0,421.0,586.0,4,974.0
0.0,25.0,226.0,294.0,398.0,421.0,4,974.0
0.0,25.0,226.0,294.0,398.0,421.0,4,974.0
0.0,25.0,226.0,398.0,586.0,961.0,4,974.0
0.0,25.0,226.0,294.0,363.0,421.0,4,974.0
0.0,25.0,294.0,363.0,421.0,961.0,4,974.0
0.0,25.0,226.0,294.0,363.0,421.0,4,586.0
0.0,25.0,226.0,363.0,398.0,421.0,4,961.0
0.0,25.0,226.0,294.0,363.0,398.0,4,421.0
0.0,25.0,294.0,363.0,421.0,586.0,4,974.0
0.0,0.0,59.0,527.0,535.0,686.0,4,1037.0
0.0,0.0,527.0,535.0,686.0,991.0,4,1037.0
0.0,0.0,527.0,686.0,910.0,991.0,4,1037.0
0.0,0.0,535.0,870.0,910.0,991.0,4,1037.0
0.0,0.0,59.0,527.0,686.0,870.0,4,1037.0
0.0,0.0,59.0,527.0,535.0,686.0,4,1037.0
0.0,0.0,59.0,527.0,535.0,686.0,4,1037.0
0.0,0.0,59.0,527.0,535.0,686.0,4,1037.0
0.0,0.0,527.0,535.0,870.0,905.0,4,991.0
0.0,0.0,59.0,527.0,870.0,905.0,4,991.0
0.0,0.0,535.0,686.0,870.0,905.0,4,991.0
0.0,0.0,329.0,857.0,870.0,905.0,4,910.0
0.0,29.0,183.0,505.0,700.0,713.0,4,899.0
0.0,29.0,183.0,505.0,550.0,700.0,4,713.0
0.0,29.0,338.0,505.0,550.0,713.0,4,899.0
0.0,29.0,183.0,338.0,505.0,572.0,4,580.0
0.0,29.0,103.0,183.0,338.0,505.0,4,580.0
0.0,29.0,103.0,183.0,505.0,580.0,4,700.0
0.0,29.0,103.0,183.0,580.0,700.0,4,713.0
0.0,29.0,103.0,580.0,700.0,713.0,4,899.0
0.0,29.0,183.0,338.0,505.0,700.0,4,713.0
0.0,29.0,183.0,338.0,580.0,700.0,4,713.0
0.0,29.0,183.0,338.0,580.0,700.0,4,713.0
0.0,29.0,103.0,572.0,580.0,700.0,4,713.0
0.0,29.0,103.0,572.0,580.0,700.0,4,713.0
0.0,29.0,572.0,580.0,700.0,713.0,4,899.0
0.0,29.0,103.0,505.0,580.0,700.0,4,713.0
0.0,29.0,103.0,505.0,580.0,700.0,4,713.0
0.0,29.0,103.0,505.0,580.0,700.0,4,713.0
0.0,29.0,338.0,505.0,550.0,700.0,4,854.0
0.0,29.0,505.0,550.0,580.0,713.0,4,899.0
0.0,29.0,338.0,505.0,550.0,713.0,4,899.0
0.0,29.0,103.0,338.0,505.0,700.0,4,854.0
0.0,29.0,103.0,338.0,505.0,580.0,4,700.0
0.0,29.0,103.0,338.0,505.0,580.0,4,700.0
0.0,30.0,121.0,337.0,705.0,953.0,4,963.0
0.0,30.0,113.0,335.0,409.0,657.0,4,839.0
0.0,30.0,113.0,335.0,409.0,657.0,4,839.0
0.0,30.0,113.0,335.0,409.0,657.0,4,839.0
0.0,30.0,121.0,335.0,409.0,657.0,4,705.0
0.0,30.0,121.0,657.0,705.0,953.0,4,963.0
0.0,30.0,657.0,705.0,839.0,953.0,4,963.0
0.0,30.0,121.0,335.0,409.0,657.0,4,705.0
0.0,30.0,113.0,121.0,335.0,409.0,4,657.0
0.0,30.0,113.0,121.0,409.0,657.0,4,953.0
0.0,30.0,113.0,121.0,409.0,705.0,4,953.0
0.0,30.0,121.0,657.0,705.0,953.0,4,963.0
0.0,30.0,121.0,657.0,705.0,953.0,4,963.0
0.0,13.0,161.0,192.0,315.0,449.0,4,956.0
0.0,13.0,182.0,192.0,315.0,449.0,4,803.0
0.0,13.0,161.0,182.0,192.0,315.0,4,449.0
0.0,13.0,161.0,182.0,192.0,315.0,4,449.0
0.0,13.0,182.0,192.0,315.0,449.0,4,956.0
0.0,13.0,182.0,315.0,803.0,871.0,4,956.0
0.0,29.0,103.0,580.0,700.0,713.0,4,899.0
0.0,29.0,338.0,505.0,550.0,700.0,4,800.0
0.0,29.0,338.0,505.0,550.0,800.0,4,899.0
0.0,7.0,246.0,277.0,365.0,455.0,4,530.0
0.0,7.0,59.0,277.0,325.0,365.0,4,530.0
0.0,7.0,59.0,75.0,325.0,483.0,4,530.0
0.0,7.0,59.0,75.0,267.0,325.0,4,483.0
0.0,7.0,59.0,75.0,246.0,455.0,4,483.0
0.0,7.0,267.0,277.0,325.0,365.0,4,530.0
0.0,7.0,267.0,277.0,325.0,365.0,4,530.0
0.0,7.0,59.0,75.0,325.0,455.0,4,483.0
0.0,7.0,59.0,75.0,325.0,455.0,4,483.0
0.0,7.0,59.0,75.0,325.0,483.0,4,530.0
0.0,7.0,246.0,277.0,455.0,483.0,4,530.0
0.0,7.0,246.0,277.0,455.0,483.0,4,530.0
0.0,11.0,173.0,806.0,895.0,968.0,4,1031.0
0.0,11.0,274.0,590.0,806.0,895.0,4,968.0
0.0,11.0,274.0,590.0,806.0,895.0,4,968.0
0.0,11.0,99.0,274.0,590.0,806.0,4,925.0
0.0,11.0,99.0,647.0,806.0,895.0,4,1031.0
0.0,11.0,173.0,806.0,895.0,968.0,4,1031.0
0.0,11.0,590.0,806.0,895.0,968.0,4,1031.0
0.0,11.0,99.0,553.0,590.0,806.0,4,895.0
0.0,11.0,99.0,590.0,806.0,925.0,4,1031.0
0.0,11.0,590.0,647.0,806.0,925.0,4,1031.0
0.0,11.0,173.0,590.0,647.0,806.0,4,1031.0
0.0,11.0,590.0,647.0,806.0,895.0,4,1031.0
0.0,11.0,274.0,590.0,647.0,925.0,4,999.0
0.0,13.0,182.0,315.0,803.0,900.0,4,956.0
0.0,13.0,161.0,182.0,871.0,900.0,4,956.0
0.0,13.0,182.0,192.0,871.0,900.0,4,956.0
0.0,13.0,182.0,192.0,315.0,871.0,4,900.0
0.0,13.0,182.0,192.0,315.0,871.0,4,900.0
0.0,13.0,192.0,315.0,803.0,871.0,4,900.0
0.0,13.0,192.0,315.0,803.0,871.0,4,900.0
0.0,13.0,161.0,182.0,192.0,432.0,4,900.0
0.0,13.0,161.0,182.0,432.0,871.0,4,900.0
0.0,13.0,182.0,192.0,803.0,871.0,4,956.0
0.0,13.0,182.0,192.0,315.0,803.0,4,871.0
0.0,28.0,416.0,444.0,538.0,971.0,4,1036.0
0.0,28.0,210.0,416.0,538.0,608.0,4,971.0
0.0,28.0,210.0,538.0,608.0,919.0,4,971.0
0.0,28.0,210.0,538.0,919.0,971.0,4,1036.0
0.0,28.0,444.0,538.0,685.0,971.0,4,1036.0
0.0,28.0,389.0,444.0,538.0,971.0,4,1036.0
0.0,28.0,389.0,444.0,919.0,971.0,4,1036.0
0.0,28.0,389.0,416.0,444.0,685.0,4,1036.0
0.0,28.0,389.0,444.0,538.0,971.0,4,1036.0
0.0,28.0,210.0,538.0,608.0,919.0,4,971.0
0.0,28.0,444.0,538.0,608.0,971.0,4,1036.0
0.0,28.0,444.0,538.0,608.0,971.0,4,1036.0
0.0,28.0,389.0,444.0,538.0,608.0,4,1036.0
0.0,7.0,267.0,277.0,325.0,455.0,4,483.0
0.0,7.0,59.0,277.0,325.0,365.0,4,694.0
0.0,7.0,59.0,246.0,277.0,365.0,4,455.0
0.0,7.0,263.0,267.0,325.0,455.0,4,483.0
0.0,7.0,267.0,277.0,325.0,365.0,4,483.0
0.0,7.0,59.0,277.0,325.0,365.0,4,483.0
0.0,7.0,59.0,263.0,277.0,365.0,4,455.0
0.0,7.0,59.0,263.0,277.0,365.0,4,455.0
0.0,7.0,246.0,263.0,267.0,365.0,4,483.0
0.0,7.0,246.0,263.0,267.0,365.0,4,483.0
0.0,7.0,246.0,267.0,277.0,365.0,4,455.0
0.0,7.0,59.0,277.0,325.0,365.0,4,455.0
0.0,30.0,113.0,337.0,705.0,839.0,4,963.0
0.0,30.0,113.0,337.0,409.0,657.0,4,953.0
0.0,30.0,113.0,337.0,409.0,657.0,4,953.0
0.0,30.0,121.0,335.0,657.0,953.0,4,963.0
0.0,30.0,113.0,121.0,335.0,953.0,4,963.0
0.0,30.0,113.0,121.0,839.0,953.0,4,963.0
0.0,30.0,113.0,121.0,335.0,953.0,4,963.0
0.0,7.0,267.0,277.0,325.0,455.0,4,530.0
0.0,7.0,59.0,246.0,277.0,365.0,4,455.0
0.0,7.0,75.0,246.0,267.0,365.0,4,483.0
0.0,7.0,59.0,246.0,277.0,455.0,4,530.0
0.0,7.0,59.0,75.0,277.0,455.0,4,483.0
0.0,7.0,267.0,277.0,325.0,455.0,4,530.0
0.0,7.0,59.0,246.0,277.0,365.0,4,530.0
0.0,7.0,267.0,277.0,325.0,455.0,4,530.0
0.0,7.0,246.0,267.0,277.0,483.0,4,530.0
0.0,7.0,59.0,246.0,277.0,483.0,4,530.0
0.0,7.0,59.0,75.0,246.0,365.0,4,455.0
0.0,7.0,75.0,246.0,267.0,365.0,4,455.0
0.0,7.0,267.0,277.0,325.0,455.0,4,530.0
0.0,7.0,267.0,277.0,325.0,483.0,4,530.0
0.0,7.0,59.0,277.0,325.0,483.0,4,530.0
0.0,7.0,267.0,277.0,325.0,455.0,4,530.0
0.0,7.0,59.0,75.0,246.0,455.0,4,483.0
0.0,7.0,267.0,277.0,325.0,455.0,4,530.0
0.0,7.0,267.0,277.0,325.0,455.0,4,530.0
0.0,7.0,267.0,277.0,325.0,483.0,4,530.0
0.0,7.0,59.0,75.0,325.0,455.0,4,483.0
0.0,7.0,75.0,267.0,325.0,455.0,4,483.0
0.0,7.0,75.0,267.0,325.0,455.0,4,483.0
0.0,7.0,263.0,267.0,325.0,455.0,4,530.0
0.0,7.0,75.0,267.0,325.0,455.0,4,530.0
0.0,7.0,267.0,325.0,455.0,483.0,4,530.0
0.0,7.0,59.0,246.0,365.0,455.0,4,483.0
0.0,7.0,59.0,246.0,365.0,483.0,4,530.0
0.0,7.0,59.0,246.0,365.0,483.0,4,530.0
0.0,7.0,59.0,246.0,263.0,455.0,4,483.0
0.0,7.0,59.0,246.0,263.0,455.0,4,483.0
0.0,7.0,267.0,277.0,325.0,455.0,4,530.0
0.0,7.0,267.0,277.0,325.0,483.0,4,530.0
0.0,7.0,59.0,277.0,455.0,483.0,4,530.0
0.0,7.0,263.0,267.0,325.0,455.0,4,530.0
0.0,7.0,75.0,267.0,277.0,365.0,4,455.0
0.0,7.0,267.0,277.0,325.0,455.0,4,530.0
0.0,7.0,267.0,277.0,325.0,455.0,4,530.0
0.0,7.0,246.0,277.0,365.0,455.0,4,530.0
0.0,7.0,246.0,277.0,365.0,455.0,4,530.0
0.0,7.0,246.0,263.0,267.0,365.0,4,530.0
0.0,7.0,263.0,267.0,325.0,365.0,4,530.0
0.0,7.0,277.0,325.0,396.0,530.0,4,694.0
0.0,7.0,246.0,267.0,277.0,365.0,4,455.0
0.0,7.0,263.0,267.0,277.0,365.0,4,455.0
0.0,7.0,263.0,325.0,365.0,455.0,4,530.0
0.0,7.0,267.0,277.0,325.0,455.0,4,530.0
0.0,7.0,267.0,277.0,325.0,455.0,4,530.0
0.0,7.0,246.0,263.0,365.0,455.0,4,530.0
0.0,7.0,59.0,246.0,263.0,277.0,4,365.0
0.0,7.0,59.0,246.0,263.0,277.0,4,365.0
0.0,7.0,267.0,277.0,325.0,455.0,4,530.0
0.0,7.0,267.0,277.0,325.0,455.0,4,530.0
0.0,7.0,267.0,277.0,325.0,455.0,4,530.0
0.0,7.0,263.0,325.0,365.0,455.0,4,530.0
0.0,7.0,267.0,277.0,325.0,455.0,4,530.0
0.0,7.0,267.0,277.0,325.0,455.0,4,530.0
0.0,7.0,59.0,246.0,263.0,455.0,4,530.0
0.0,7.0,59.0,75.0,272.0,365.0,4,396.0
0.0,7.0,267.0,277.0,325.0,455.0,4,530.0
0.0,7.0,75.0,263.0,267.0,325.0,4,365.0
0.0,7.0,75.0,263.0,267.0,325.0,4,365.0
0.0,7.0,75.0,263.0,267.0,325.0,4,365.0
0.0,7.0,59.0,277.0,325.0,455.0,4,530.0
0.0,7.0,59.0,246.0,277.0,455.0,4,530.0
0.0,7.0,263.0,267.0,277.0,325.0,4,365.0
0.0,7.0,267.0,277.0,325.0,455.0,4,530.0
0.0,7.0,277.0,325.0,365.0,455.0,4,530.0
0.0,7.0,59.0,277.0,325.0,365.0,4,530.0
0.0,7.0,59.0,246.0,263.0,365.0,4,530.0
0.0,7.0,59.0,246.0,263.0,277.0,4,365.0
0.0,7.0,59.0,246.0,263.0,267.0,4,277.0
0.0,7.0,246.0,267.0,277.0,455.0,4,530.0
0.0,7.0,267.0,277.0,325.0,455.0,4,530.0
0.0,7.0,263.0,267.0,277.0,325.0,4,455.0
0.0,7.0,246.0,267.0,277.0,365.0,4,530.0
0.0,7.0,246.0,267.0,277.0,365.0,4,530.0
0.0,7.0,59.0,263.0,277.0,325.0,4,455.0
0.0,7.0,59.0,263.0,325.0,365.0,4,455.0
0.0,7.0,267.0,277.0,325.0,455.0,4,530.0
0.0,7.0,267.0,277.0,325.0,455.0,4,530.0
0.0,7.0,246.0,267.0,277.0,455.0,4,530.0
0.0,7.0,263.0,267.0,325.0,455.0,4,530.0
0.0,7.0,267.0,277.0,325.0,455.0,4,530.0
0.0,7.0,277.0,325.0,365.0,455.0,4,530.0
0.0,7.0,263.0,325.0,365.0,455.0,4,530.0
0.0,7.0,263.0,277.0,325.0,455.0,4,530.0
0.0,7.0,246.0,263.0,277.0,455.0,4,530.0
0.0,7.0,267.0,277.0,325.0,455.0,4,530.0
0.0,7.0,267.0,277.0,325.0,365.0,4,455.0
0.0,7.0,246.0,263.0,365.0,455.0,4,530.0
0.0,7.0,246.0,267.0,277.0,365.0,4,530.0
0.0,7.0,246.0,267.0,277.0,365.0,4,530.0
0.0,7.0,246.0,267.0,277.0,365.0,4,530.0
0.0,7.0,267.0,277.0,325.0,365.0,4,530.0
0.0,7.0,59.0,75.0,263.0,272.0,4,694.0
0.0,7.0,267.0,277.0,325.0,455.0,4,530.0
0.0,7.0,59.0,246.0,277.0,483.0,4,530.0
0.0,7.0,59.0,272.0,277.0,483.0,4,530.0
0.0,7.0,59.0,272.0,277.0,365.0,4,530.0
0.0,7.0,263.0,267.0,277.0,325.0,4,365.0
0.0,7.0,263.0,267.0,325.0,483.0,4,530.0
0.0,7.0,263.0,267.0,325.0,483.0,4,530.0
0.0,7.0,267.0,277.0,325.0,455.0,4,530.0
0.0,7.0,263.0,267.0,277.0,325.0,4,530.0
0.0,7.0,59.0,246.0,263.0,365.0,4,455.0
0.0,7.0,246.0,263.0,277.0,365.0,4,455.0
0.0,7.0,263.0,267.0,277.0,325.0,4,455.0
0.0,7.0,263.0,267.0,277.0,325.0,4,455.0
0.0,7.0,263.0,267.0,277.0,325.0,4,530.0
0.0,7.0,263.0,267.0,277.0,325.0,4,530.0
0.0,7.0,246.0,263.0,267.0,277.0,4,530.0
0.0,30.0,86.0,121.0,657.0,839.0,4,953.0
0.0,30.0,86.0,121.0,657.0,839.0,4,953.0
0.0,30.0,86.0,113.0,335.0,689.0,4,705.0
0.0,30.0,113.0,121.0,335.0,705.0,4,963.0
0.0,30.0,113.0,121.0,705.0,953.0,4,963.0
0.0,30.0,121.0,335.0,657.0,953.0,4,963.0
0.0,30.0,121.0,335.0,657.0,953.0,4,963.0
0.0,30.0,657.0,705.0,839.0,953.0,4,963.0
0.0,7.0,267.0,277.0,325.0,455.0,4,530.0
0.0,7.0,277.0,325.0,455.0,483.0,4,530.0
0.0,7.0,59.0,246.0,263.0,483.0,4,530.0
0.0,7.0,59.0,75.0,246.0,263.0,4,483.0
0.0,7.0,59.0,75.0,263.0,325.0,4,455.0
0.0,7.0,267.0,277.0,325.0,455.0,4,483.0
0.0,7.0,267.0,277.0,325.0,455.0,4,483.0
0.0,7.0,267.0,277.0,325.0,455.0,4,530.0
0.0,7.0,75.0,267.0,325.0,365.0,4,455.0
0.0,7.0,59.0,75.0,325.0,365.0,4,455.0
0.0,7.0,59.0,75.0,325.0,365.0,4,455.0
0.0,12.0,12.0,417.0,462.0,477.0,4,920.0
0.0,12.0,216.0,417.0,477.0,682.0,4,920.0
0.0,12.0,12.0,417.0,462.0,477.0,4,920.0
0.0,12.0,12.0,216.0,417.0,650.0,4,920.0
0.0,12.0,12.0,417.0,462.0,477.0,4,920.0
0.0,12.0,12.0,216.0,417.0,477.0,4,920.0
0.0,12.0,216.0,228.0,477.0,682.0,4,920.0
0.0,32.0,44.0,61.0,155.0,522.0,4,524.0
0.0,32.0,44.0,61.0,499.0,524.0,4,816.0
0.0,32.0,44.0,155.0,499.0,524.0,4,734.0
0.0,32.0,44.0,61.0,155.0,499.0,4,933.0
0.0,32.0,44.0,61.0,155.0,499.0,4,933.0
0.0,32.0,44.0,499.0,522.0,524.0,4,734.0
0.0,7.0,263.0,277.0,325.0,455.0,4,530.0
0.0,7.0,246.0,263.0,267.0,277.0,4,483.0
0.0,7.0,246.0,267.0,365.0,483.0,4,530.0
0.0,7.0,267.0,277.0,365.0,483.0,4,530.0
0.0,7.0,263.0,277.0,325.0,365.0,4,455.0
0.0,7.0,263.0,267.0,325.0,455.0,4,483.0
0.0,7.0,277.0,325.0,455.0,483.0,4,530.0
0.0,7.0,263.0,277.0,455.0,483.0,4,530.0
0.0,7.0,263.0,277.0,455.0,483.0,4,530.0
0.0,7.0,263.0,277.0,455.0,483.0,4,530.0
0.0,7.0,246.0,263.0,267.0,365.0,4,483.0
0.0,7.0,263.0,267.0,325.0,365.0,4,530.0
0.0,7.0,277.0,325.0,365.0,455.0,4,530.0
0.0,7.0,263.0,267.0,277.0,365.0,4,530.0
0.0,16.0,296.0,431.0,457.0,704.0,4,996.0
0.0,16.0,31.0,296.0,431.0,457.0,4,996.0
0.0,16.0,31.0,296.0,450.0,457.0,4,996.0
0.0,16.0,31.0,296.0,450.0,457.0,4,996.0
0.0,16.0,31.0,296.0,450.0,457.0,4,996.0
0.0,16.0,65.0,296.0,450.0,457.0,4,996.0
0.0,16.0,65.0,296.0,450.0,457.0,4,996.0
0.0,16.0,65.0,296.0,431.0,457.0,4,996.0
0.0,25.0,92.0,561.0,586.0,961.0,4,969.0
0.0,25.0,294.0,363.0,380.0,421.0,4,961.0
0.0,25.0,226.0,294.0,380.0,421.0,4,586.0
0.0,25.0,226.0,294.0,380.0,421.0,4,586.0
0.0,25.0,226.0,294.0,380.0,421.0,4,586.0
0.0,25.0,226.0,363.0,380.0,421.0,4,586.0
0.0,25.0,92.0,226.0,380.0,561.0,4,969.0
0.0,4.0,81.0,85.0,589.0,646.0,4,775.0
0.0,4.0,81.0,85.0,589.0,646.0,4,775.0
0.0,4.0,81.0,85.0,589.0,646.0,4,775.0
0.0,4.0,46.0,81.0,775.0,947.0,4,992.0
0.0,4.0,46.0,81.0,85.0,158.0,4,646.0
0.0,4.0,81.0,85.0,589.0,653.0,4,947.0
0.0,4.0,81.0,85.0,589.0,646.0,4,775.0
0.0,4.0,81.0,589.0,646.0,653.0,4,775.0
0.0,4.0,46.0,81.0,85.0,158.0,4,992.0
0.0,7.0,263.0,277.0,325.0,365.0,4,455.0
0.0,7.0,246.0,263.0,267.0,277.0,4,365.0
0.0,7.0,246.0,263.0,267.0,365.0,4,483.0
0.0,7.0,75.0,246.0,263.0,455.0,4,483.0
0.0,7.0,75.0,246.0,263.0,455.0,4,483.0
0.0,7.0,59.0,75.0,246.0,263.0,4,455.0
0.0,7.0,59.0,75.0,325.0,365.0,4,455.0
0.0,7.0,267.0,277.0,325.0,365.0,4,455.0
0.0,7.0,246.0,267.0,277.0,365.0,4,483.0
0.0,7.0,75.0,263.0,325.0,365.0,4,455.0
0.0,7.0,75.0,277.0,365.0,455.0,4,483.0
0.0,7.0,75.0,267.0,277.0,365.0,4,455.0
0.0,7.0,75.0,267.0,277.0,365.0,4,455.0
0.0,7.0,59.0,75.0,263.0,277.0,4,365.0
0.0,7.0,59.0,75.0,267.0,325.0,4,365.0
0.0,7.0,267.0,277.0,325.0,455.0,4,530.0
0.0,7.0,75.0,325.0,455.0,483.0,4,530.0
0.0,7.0,277.0,325.0,365.0,455.0,4,530.0
0.0,7.0,267.0,277.0,325.0,365.0,4,530.0
0.0,7.0,246.0,263.0,455.0,483.0,4,530.0
0.0,7.0,267.0,277.0,325.0,455.0,4,530.0
0.0,7.0,277.0,325.0,365.0,455.0,4,530.0
0.0,7.0,246.0,277.0,365.0,455.0,4,483.0
0.0,7.0,246.0,263.0,455.0,483.0,4,530.0
0.0,7.0,263.0,277.0,325.0,455.0,4,530.0
0.0,7.0,246.0,263.0,267.0,483.0,4,530.0
0.0,7.0,267.0,277.0,325.0,455.0,4,530.0
0.0,7.0,325.0,365.0,455.0,483.0,4,530.0
0.0,7.0,263.0,277.0,325.0,455.0,4,530.0
0.0,7.0,246.0,277.0,365.0,455.0,4,530.0
0.0,7.0,246.0,263.0,365.0,455.0,4,483.0
0.0,7.0,263.0,267.0,277.0,365.0,4,483.0
0.0,7.0,267.0,277.0,325.0,455.0,4,530.0
0.0,7.0,267.0,277.0,325.0,455.0,4,530.0
0.0,7.0,246.0,263.0,267.0,455.0,4,530.0
0.0,7.0,59.0,75.0,246.0,263.0,4,396.0
0.0,26.0,40.0,41.0,601.0,843.0,4,874.0
0.0,26.0,40.0,41.0,601.0,843.0,4,874.0
0.0,26.0,40.0,41.0,494.0,843.0,4,874.0
0.0,26.0,40.0,41.0,494.0,601.0,4,874.0
0.0,26.0,40.0,494.0,601.0,634.0,4,843.0
0.0,26.0,40.0,494.0,601.0,634.0,4,1024.0
0.0,26.0,40.0,41.0,601.0,874.0,4,1024.0
0.0,26.0,40.0,41.0,601.0,874.0,4,1024.0
0.0,17.0,47.0,148.0,149.0,730.0,4,858.0
0.0,17.0,47.0,148.0,149.0,730.0,4,858.0
0.0,17.0,47.0,149.0,299.0,730.0,4,858.0
0.0,17.0,47.0,148.0,235.0,299.0,4,328.0
0.0,17.0,47.0,149.0,299.0,730.0,4,858.0
0.0,17.0,119.0,235.0,299.0,328.0,4,858.0
0.0,17.0,119.0,148.0,299.0,730.0,4,858.0
0.0,11.0,274.0,553.0,647.0,806.0,4,895.0
0.0,11.0,274.0,553.0,647.0,806.0,4,895.0
0.0,11.0,99.0,173.0,553.0,647.0,4,968.0
0.0,11.0,99.0,173.0,647.0,895.0,4,968.0
0.0,11.0,99.0,173.0,553.0,647.0,4,968.0
0.0,11.0,99.0,173.0,647.0,895.0,4,968.0
0.0,11.0,99.0,173.0,806.0,895.0,4,968.0
0.0,7.0,277.0,325.0,365.0,455.0,4,530.0
0.0,7.0,246.0,277.0,365.0,455.0,4,530.0
0.0,7.0,246.0,267.0,277.0,483.0,4,530.0
0.0,7.0,75.0,267.0,325.0,455.0,4,483.0
0.0,7.0,75.0,267.0,325.0,455.0,4,483.0
0.0,7.0,75.0,246.0,267.0,455.0,4,483.0
0.0,7.0,246.0,277.0,365.0,455.0,4,530.0
0.0,7.0,246.0,277.0,365.0,455.0,4,530.0
0.0,7.0,75.0,277.0,365.0,455.0,4,530.0
0.0,7.0,75.0,267.0,277.0,455.0,4,483.0
0.0,7.0,246.0,267.0,277.0,455.0,4,530.0
0.0,7.0,267.0,277.0,325.0,365.0,4,455.0
0.0,7.0,267.0,277.0,365.0,455.0,4,483.0
0.0,7.0,267.0,277.0,325.0,483.0,4,530.0
0.0,7.0,277.0,325.0,396.0,483.0,4,530.0
0.0,7.0,246.0,277.0,396.0,483.0,4,530.0
0.0,7.0,75.0,246.0,396.0,483.0,4,530.0
0.0,7.0,75.0,325.0,455.0,483.0,4,530.0
0.0,7.0,75.0,325.0,455.0,483.0,4,530.0
0.0,7.0,75.0,277.0,325.0,455.0,4,530.0
0.0,7.0,246.0,267.0,277.0,455.0,4,483.0
0.0,7.0,75.0,325.0,396.0,455.0,4,530.0
0.0,7.0,267.0,277.0,325.0,455.0,4,530.0
0.0,7.0,267.0,277.0,325.0,455.0,4,530.0
0.0,7.0,277.0,325.0,455.0,483.0,4,530.0
0.0,7.0,75.0,246.0,267.0,483.0,4,530.0
0.0,7.0,75.0,277.0,325.0,455.0,4,530.0
0.0,7.0,267.0,277.0,325.0,455.0,4,483.0
0.0,18.0,577.0,677.0,811.0,832.0,4,973.0
0.0,18.0,191.0,577.0,718.0,832.0,4,973.0
0.0,18.0,191.0,577.0,811.0,832.0,4,973.0
0.0,18.0,191.0,577.0,718.0,812.0,4,832.0
0.0,18.0,102.0,191.0,549.0,812.0,4,982.0
0.0,7.0,277.0,325.0,365.0,455.0,4,530.0
0.0,7.0,246.0,267.0,277.0,483.0,4,530.0
0.0,7.0,75.0,246.0,267.0,455.0,4,483.0
0.0,7.0,75.0,267.0,325.0,455.0,4,530.0
0.0,7.0,246.0,277.0,455.0,483.0,4,530.0
0.0,7.0,277.0,325.0,365.0,455.0,4,530.0
0.0,7.0,246.0,267.0,277.0,365.0,4,483.0
0.0,7.0,277.0,325.0,455.0,483.0,4,530.0
0.0,7.0,267.0,277.0,325.0,455.0,4,530.0
0.0,7.0,277.0,325.0,365.0,455.0,4,530.0
0.0,7.0,75.0,246.0,267.0,483.0,4,530.0
0.0,7.0,277.0,325.0,365.0,455.0,4,530.0
0.0,7.0,267.0,277.0,325.0,455.0,4,530.0
0.0,7.0,75.0,246.0,455.0,483.0,4,530.0
0.0,7.0,277.0,325.0,455.0,483.0,4,530.0
0.0,7.0,267.0,277.0,325.0,455.0,4,530.0
0.0,7.0,267.0,277.0,325.0,455.0,4,530.0
0.0,7.0,277.0,325.0,455.0,483.0,4,530.0
0.0,7.0,277.0,325.0,365.0,455.0,4,530.0
0.0,7.0,263.0,267.0,277.0,325.0,4,483.0
0.0,7.0,267.0,277.0,325.0,365.0,4,530.0
0.0,7.0,267.0,277.0,325.0,365.0,4,483.0
0.0,7.0,267.0,277.0,325.0,365.0,4,483.0
0.0,7.0,246.0,263.0,267.0,455.0,4,530.0
0.0,7.0,246.0,267.0,277.0,455.0,4,483.0
0.0,7.0,246.0,277.0,365.0,455.0,4,483.0
0.0,7.0,267.0,277.0,325.0,365.0,4,483.0
0.0,7.0,267.0,277.0,325.0,365.0,4,455.0
0.0,7.0,277.0,325.0,455.0,483.0,4,530.0
0.0,7.0,75.0,246.0,455.0,483.0,4,530.0
0.0,7.0,267.0,277.0,325.0,483.0,4,530.0
0.0,7.0,267.0,277.0,325.0,455.0,4,694.0
0.0,7.0,267.0,277.0,325.0,455.0,4,530.0
0.0,7.0,277.0,325.0,455.0,483.0,4,530.0
0.0,7.0,246.0,267.0,277.0,483.0,4,530.0
0.0,7.0,246.0,277.0,455.0,483.0,4,530.0
0.0,9.0,168.0,815.0,828.0,851.0,4,941.0
0.0,9.0,68.0,168.0,828.0,851.0,4,941.0
0.0,9.0,68.0,135.0,815.0,828.0,4,851.0
0.0,9.0,68.0,135.0,815.0,828.0,4,941.0
0.0,9.0,68.0,135.0,815.0,851.0,4,941.0
0.0,9.0,168.0,815.0,828.0,851.0,4,941.0
0.0,9.0,68.0,168.0,828.0,851.0,4,941.0
0.0,9.0,68.0,168.0,828.0,851.0,4,941.0
0.0,9.0,68.0,135.0,815.0,828.0,4,941.0
0.0,23.0,146.0,440.0,827.0,921.0,4,923.0
0.0,23.0,307.0,440.0,740.0,827.0,4,923.0
0.0,23.0,307.0,440.0,740.0,827.0,4,923.0
0.0,23.0,146.0,307.0,440.0,827.0,4,921.0
0.0,23.0,307.0,440.0,827.0,921.0,4,923.0
0.0,23.0,307.0,655.0,740.0,827.0,4,921.0
0.0,23.0,307.0,655.0,740.0,921.0,4,923.0
0.0,23.0,307.0,440.0,655.0,740.0,4,827.0
0.0,6.0,290.0,616.0,623.0,876.0,4,1039.0
0.0,6.0,35.0,290.0,616.0,623.0,4,876.0
0.0,6.0,213.0,290.0,616.0,876.0,4,1039.0
0.0,6.0,213.0,290.0,616.0,623.0,4,1039.0
0.0,6.0,35.0,213.0,290.0,616.0,4,623.0
0.0,6.0,35.0,213.0,284.0,623.0,4,876.0
0.0,6.0,284.0,290.0,616.0,623.0,4,876.0
0.0,1.0,14.0,27.0,250.0,790.0,4,866.0
0.0,1.0,27.0,250.0,351.0,790.0,4,866.0
0.0,1.0,14.0,351.0,790.0,808.0,4,866.0
0.0,1.0,14.0,250.0,351.0,790.0,4,866.0
0.0,1.0,27.0,250.0,351.0,570.0,4,808.0
0.0,1.0,27.0,351.0,625.0,808.0,4,886.0
0.0,0.0,527.0,535.0,631.0,870.0,4,991.0
0.0,0.0,527.0,535.0,870.0,905.0,4,991.0
0.0,0.0,59.0,527.0,535.0,686.0,4,1037.0
0.0,0.0,59.0,527.0,535.0,686.0,4,1037.0
0.0,0.0,527.0,686.0,870.0,991.0,4,1037.0
0.0,0.0,527.0,686.0,870.0,991.0,4,1037.0
0.0,7.0,246.0,267.0,277.0,455.0,4,530.0
0.0,7.0,246.0,277.0,455.0,483.0,4,530.0
0.0,7.0,75.0,267.0,325.0,365.0,4,483.0
0.0,7.0,246.0,267.0,277.0,365.0,4,483.0
0.0,7.0,75.0,325.0,365.0,455.0,4,530.0
0.0,7.0,75.0,267.0,325.0,455.0,4,530.0
0.0,7.0,246.0,267.0,365.0,455.0,4,483.0
0.0,7.0,246.0,267.0,365.0,455.0,4,483.0
0.0,7.0,267.0,325.0,455.0,483.0,4,530.0
0.0,7.0,267.0,325.0,455.0,483.0,4,530.0
0.0,7.0,267.0,277.0,325.0,455.0,4,530.0
0.0,7.0,267.0,277.0,325.0,483.0,4,530.0
0.0,7.0,75.0,263.0,325.0,455.0,4,483.0
0.0,7.0,263.0,267.0,325.0,455.0,4,483.0
0.0,7.0,246.0,267.0,277.0,365.0,4,530.0
0.0,7.0,263.0,325.0,455.0,483.0,4,530.0
0.0,7.0,267.0,277.0,325.0,455.0,4,530.0
0.0,7.0,246.0,263.0,455.0,483.0,4,530.0
0.0,7.0,263.0,267.0,277.0,325.0,4,530.0
0.0,7.0,267.0,277.0,325.0,365.0,4,530.0
0.0,7.0,277.0,325.0,455.0,483.0,4,530.0
0.0,7.0,277.0,325.0,455.0,483.0,4,530.0
0.0,7.0,246.0,267.0,277.0,365.0,4,455.0
0.0,7.0,246.0,267.0,277.0,365.0,4,455.0
0.0,7.0,75.0,267.0,325.0,365.0,4,694.0
0.0,7.0,75.0,267.0,325.0,365.0,4,694.0
0.0,7.0,75.0,263.0,325.0,365.0,4,455.0
0.0,7.0,246.0,263.0,277.0,455.0,4,694.0
0.0,7.0,75.0,246.0,263.0,455.0,4,694.0
0.0,7.0,75.0,246.0,263.0,267.0,4,694.0
0.0,7.0,75.0,246.0,267.0,365.0,4,694.0
0.0,7.0,246.0,277.0,365.0,455.0,4,694.0
0.0,7.0,246.0,267.0,277.0,365.0,4,455.0
0.0,7.0,263.0,277.0,325.0,455.0,4,530.0
0.0,7.0,246.0,263.0,267.0,277.0,4,530.0
0.0,7.0,246.0,267.0,277.0,483.0,4,530.0
0.0,7.0,246.0,267.0,277.0,365.0,4,483.0
0.0,7.0,75.0,263.0,277.0,455.0,4,530.0
0.0,7.0,246.0,263.0,267.0,277.0,4,530.0
0.0,7.0,246.0,263.0,267.0,277.0,4,530.0
0.0,7.0,246.0,263.0,455.0,483.0,4,530.0
0.0,7.0,246.0,263.0,455.0,483.0,4,530.0
0.0,7.0,246.0,263.0,277.0,455.0,4,530.0
0.0,7.0,277.0,365.0,455.0,483.0,4,530.0
0.0,7.0,263.0,277.0,455.0,483.0,4,530.0
0.0,18.0,191.0,677.0,681.0,718.0,4,832.0
0.0,18.0,191.0,678.0,681.0,811.0,4,832.0
0.0,18.0,549.0,678.0,811.0,812.0,4,973.0
0.0,18.0,549.0,678.0,811.0,812.0,4,973.0
0.0,18.0,677.0,811.0,812.0,832.0,4,973.0
0.0,18.0,102.0,191.0,549.0,811.0,4,812.0
0.0,18.0,102.0,191.0,549.0,811.0,4,812.0
0.0,18.0,102.0,191.0,549.0,811.0,4,812.0
0.0,18.0,102.0,191.0,549.0,811.0,4,812.0
0.0,7.0,75.0,267.0,277.0,455.0,4,530.0
0.0,7.0,75.0,277.0,455.0,483.0,4,530.0
0.0,7.0,75.0,277.0,455.0,483.0,4,530.0
0.0,7.0,246.0,277.0,455.0,483.0,4,530.0
0.0,7.0,246.0,267.0,277.0,455.0,4,530.0
0.0,7.0,246.0,263.0,267.0,277.0,4,530.0
0.0,7.0,246.0,267.0,277.0,365.0,4,530.0
0.0,7.0,246.0,267.0,277.0,365.0,4,530.0
0.0,9.0,151.0,743.0,815.0,828.0,4,941.0
0.0,9.0,68.0,135.0,628.0,743.0,4,851.0
0.0,9.0,135.0,628.0,743.0,815.0,4,941.0
0.0,9.0,151.0,743.0,815.0,828.0,4,941.0
0.0,9.0,151.0,743.0,815.0,828.0,4,941.0
0.0,9.0,68.0,135.0,452.0,851.0,4,941.0
0.0,9.0,68.0,151.0,452.0,828.0,4,941.0
0.0,9.0,68.0,151.0,828.0,851.0,4,941.0
0.0,32.0,61.0,155.0,734.0,816.0,4,933.0
0.0,32.0,61.0,155.0,522.0,734.0,4,933.0
0.0,32.0,44.0,61.0,340.0,522.0,4,524.0
0.0,32.0,44.0,61.0,340.0,522.0,4,524.0
0.0,32.0,61.0,155.0,734.0,816.0,4,933.0
0.0,32.0,155.0,340.0,522.0,734.0,4,933.0
0.0,32.0,61.0,340.0,522.0,524.0,4,816.0
0.0,32.0,61.0,340.0,522.0,524.0,4,816.0
0.0,32.0,61.0,155.0,340.0,524.0,4,816.0
0.0,32.0,61.0,155.0,340.0,816.0,4,933.0
0.0,4.0,81.0,85.0,589.0,646.0,4,775.0
0.0,4.0,81.0,85.0,158.0,646.0,4,775.0
0.0,4.0,81.0,85.0,158.0,646.0,4,775.0
0.0,4.0,46.0,81.0,85.0,158.0,4,646.0
0.0,4.0,46.0,81.0,646.0,775.0,4,947.0
0.0,4.0,46.0,81.0,85.0,775.0,4,947.0
0.0,4.0,46.0,81.0,85.0,646.0,4,947.0
0.0,4.0,46.0,85.0,589.0,775.0,4,947.0
0.0,4.0,46.0,81.0,85.0,646.0,4,947.0
0.0,4.0,46.0,81.0,85.0,646.0,4,947.0
0.0,4.0,46.0,81.0,85.0,589.0,4,646.0
0.0,4.0,11.0,646.0,653.0,947.0,4,1004.0
0.0,17.0,47.0,149.0,708.0,730.0,4,858.0
0.0,17.0,119.0,148.0,211.0,708.0,4,922.0
0.0,17.0,119.0,148.0,211.0,730.0,4,858.0
0.0,17.0,119.0,148.0,211.0,708.0,4,730.0
0.0,17.0,119.0,148.0,211.0,708.0,4,922.0
0.0,17.0,119.0,148.0,211.0,708.0,4,922.0
0.0,17.0,119.0,148.0,211.0,708.0,4,922.0
0.0,0.0,493.0,527.0,535.0,905.0,4,1037.0
0.0,0.0,493.0,527.0,535.0,991.0,4,1037.0
0.0,0.0,493.0,527.0,905.0,991.0,4,1037.0
0.0,0.0,493.0,527.0,905.0,991.0,4,1037.0
0.0,0.0,493.0,535.0,905.0,991.0,4,1037.0
0.0,0.0,493.0,527.0,535.0,631.0,4,991.0
0.0,0.0,527.0,535.0,631.0,870.0,4,991.0
0.0,0.0,527.0,631.0,870.0,905.0,4,991.0
0.0,0.0,527.0,631.0,870.0,905.0,4,991.0
0.0,0.0,527.0,631.0,870.0,905.0,4,991.0
0.0,0.0,493.0,527.0,631.0,905.0,4,991.0
0.0,0.0,493.0,527.0,535.0,631.0,4,991.0
0.0,17.0,47.0,328.0,708.0,730.0,4,858.0
0.0,17.0,47.0,119.0,708.0,730.0,4,858.0
0.0,17.0,47.0,119.0,708.0,730.0,4,858.0
0.0,17.0,47.0,119.0,708.0,730.0,4,858.0
0.0,17.0,119.0,148.0,211.0,708.0,4,730.0
0.0,17.0,148.0,211.0,328.0,858.0,4,922.0
0.0,17.0,47.0,148.0,211.0,858.0,4,922.0
0.0,17.0,47.0,148.0,708.0,730.0,4,858.0
0.0,17.0,47.0,119.0,708.0,730.0,4,858.0
0.0,17.0,119.0,148.0,328.0,708.0,4,922.0
0.0,17.0,47.0,148.0,328.0,730.0,4,922.0
0.0,12.0,216.0,462.0,477.0,875.0,4,920.0
0.0,12.0,12.0,216.0,462.0,875.0,4,920.0
0.0,12.0,12.0,228.0,462.0,875.0,4,920.0
0.0,12.0,12.0,228.0,462.0,875.0,4,920.0
0.0,12.0,12.0,216.0,417.0,477.0,4,682.0
0.0,12.0,12.0,216.0,228.0,477.0,4,920.0
0.0,12.0,12.0,216.0,417.0,477.0,4,682.0
0.0,12.0,216.0,417.0,477.0,682.0,4,920.0
0.0,17.0,47.0,328.0,708.0,858.0,4,922.0
0.0,17.0,47.0,211.0,708.0,858.0,4,922.0
0.0,17.0,119.0,148.0,235.0,328.0,4,708.0
0.0,17.0,47.0,148.0,235.0,328.0,4,858.0
0.0,17.0,47.0,148.0,235.0,708.0,4,858.0
0.0,17.0,47.0,148.0,235.0,708.0,4,858.0
0.0,17.0,148.0,211.0,235.0,708.0,4,858.0
0.0,17.0,148.0,211.0,235.0,708.0,4,858.0
0.0,17.0,47.0,148.0,235.0,708.0,4,858.0
0.0,17.0,47.0,328.0,708.0,730.0,4,858.0
0.0,17.0,47.0,235.0,708.0,730.0,4,858.0
0.0,17.0,119.0,148.0,211.0,235.0,4,730.0
0.0,17.0,119.0,148.0,211.0,708.0,4,922.0
0.0,17.0,47.0,148.0,708.0,858.0,4,922.0
0.0,17.0,47.0,148.0,708.0,858.0,4,922.0
0.0,17.0,47.0,235.0,708.0,730.0,4,858.0
0.0,17.0,119.0,148.0,708.0,730.0,4,858.0
0.0,17.0,47.0,148.0,708.0,730.0,4,858.0
0.0,17.0,148.0,211.0,328.0,708.0,4,922.0
0.0,17.0,148.0,211.0,328.0,708.0,4,922.0
0.0,17.0,211.0,328.0,730.0,858.0,4,922.0
0.0,17.0,47.0,328.0,730.0,858.0,4,922.0
0.0,17.0,47.0,148.0,730.0,858.0,4,922.0
0.0,17.0,47.0,148.0,730.0,858.0,4,922.0
0.0,17.0,47.0,148.0,708.0,730.0,4,858.0
0.0,17.0,47.0,708.0,730.0,858.0,4,922.0
0.0,17.0,148.0,211.0,708.0,858.0,4,922.0
0.0,17.0,148.0,211.0,708.0,858.0,4,922.0
0.0,17.0,148.0,211.0,708.0,858.0,4,922.0
0.0,23.0,234.0,307.0,418.0,798.0,4,921.0
0.0,23.0,234.0,307.0,418.0,740.0,4,827.0
0.0,23.0,307.0,740.0,798.0,827.0,4,921.0
0.0,23.0,655.0,740.0,798.0,827.0,4,921.0
0.0,23.0,234.0,655.0,740.0,798.0,4,921.0
0.0,23.0,234.0,418.0,655.0,798.0,4,921.0
0.0,23.0,307.0,418.0,655.0,798.0,4,921.0
0.0,23.0,234.0,307.0,418.0,798.0,4,921.0
0.0,23.0,234.0,307.0,418.0,740.0,4,798.0
0.0,23.0,234.0,307.0,418.0,740.0,4,798.0
0.0,17.0,47.0,149.0,708.0,730.0,4,858.0
0.0,17.0,148.0,211.0,708.0,858.0,4,922.0
0.0,17.0,47.0,149.0,708.0,730.0,4,858.0
0.0,17.0,119.0,148.0,235.0,858.0,4,922.0
0.0,17.0,47.0,149.0,708.0,730.0,4,858.0
0.0,4.0,46.0,85.0,158.0,589.0,4,646.0
0.0,4.0,46.0,81.0,85.0,589.0,4,646.0
0.0,4.0,46.0,81.0,85.0,589.0,4,992.0
0.0,4.0,85.0,158.0,589.0,722.0,4,992.0
0.0,4.0,46.0,81.0,85.0,158.0,4,589.0
0.0,4.0,81.0,85.0,158.0,589.0,4,992.0
0.0,4.0,81.0,85.0,158.0,589.0,4,992.0
0.0,4.0,11.0,85.0,589.0,947.0,4,992.0
0.0,4.0,11.0,85.0,589.0,646.0,4,992.0
0.0,4.0,85.0,158.0,589.0,646.0,4,992.0
0.0,17.0,119.0,148.0,211.0,708.0,4,730.0
0.0,17.0,148.0,211.0,708.0,858.0,4,922.0
0.0,17.0,148.0,211.0,708.0,858.0,4,922.0
0.0,17.0,47.0,119.0,708.0,730.0,4,858.0
0.0,17.0,47.0,119.0,708.0,730.0,4,858.0
0.0,17.0,47.0,119.0,708.0,730.0,4,858.0
0.0,17.0,119.0,148.0,211.0,235.0,4,730.0
0.0,17.0,47.0,148.0,211.0,235.0,4,730.0
0.0,17.0,47.0,119.0,148.0,708.0,4,730.0
0.0,17.0,47.0,119.0,148.0,708.0,4,730.0
0.0,17.0,47.0,119.0,708.0,730.0,4,858.0
0.0,17.0,47.0,148.0,149.0,235.0,4,730.0
0.0,17.0,47.0,148.0,708.0,858.0,4,922.0
0.0,17.0,47.0,119.0,708.0,730.0,4,858.0
0.0,17.0,47.0,119.0,708.0,730.0,4,858.0
0.0,17.0,148.0,149.0,211.0,235.0,4,730.0
0.0,17.0,148.0,149.0,211.0,235.0,4,730.0
0.0,17.0,119.0,148.0,149.0,235.0,4,730.0
0.0,17.0,119.0,148.0,149.0,708.0,4,730.0
0.0,17.0,119.0,148.0,149.0,708.0,4,730.0
0.0,17.0,206.0,235.0,328.0,730.0,4,922.0
0.0,18.0,577.0,677.0,718.0,832.0,4,973.0
0.0,18.0,577.0,677.0,718.0,832.0,4,973.0
0.0,18.0,577.0,677.0,718.0,832.0,4,973.0
0.0,18.0,191.0,577.0,718.0,832.0,4,973.0
0.0,18.0,191.0,577.0,681.0,718.0,4,832.0
0.0,17.0,47.0,119.0,148.0,708.0,4,730.0
0.0,17.0,47.0,148.0,708.0,730.0,4,858.0
0.0,17.0,149.0,211.0,708.0,730.0,4,858.0
0.0,17.0,148.0,149.0,211.0,858.0,4,922.0
0.0,17.0,148.0,149.0,211.0,858.0,4,922.0
0.0,17.0,47.0,119.0,708.0,730.0,4,922.0
0.0,17.0,47.0,119.0,148.0,708.0,4,730.0
0.0,17.0,47.0,119.0,148.0,708.0,4,730.0
0.0,17.0,149.0,211.0,708.0,730.0,4,858.0
0.0,17.0,148.0,149.0,211.0,730.0,4,858.0
0.0,30.0,121.0,337.0,705.0,953.0,4,963.0
0.0,30.0,121.0,335.0,705.0,953.0,4,963.0
0.0,30.0,121.0,324.0,335.0,839.0,4,963.0
0.0,30.0,86.0,324.0,335.0,409.0,4,839.0
0.0,30.0,324.0,705.0,839.0,953.0,4,963.0
0.0,30.0,121.0,337.0,705.0,953.0,4,963.0
0.0,30.0,121.0,324.0,839.0,953.0,4,963.0
0.0,30.0,324.0,705.0,839.0,953.0,4,963.0
0.0,6.0,290.0,323.0,616.0,623.0,4,1039.0
0.0,6.0,208.0,284.0,290.0,323.0,4,623.0
0.0,6.0,208.0,284.0,290.0,323.0,4,623.0
0.0,6.0,208.0,213.0,284.0,623.0,4,1039.0
0.0,6.0,213.0,284.0,290.0,616.0,4,623.0
0.0,6.0,213.0,284.0,290.0,616.0,4,623.0
0.0,6.0,284.0,290.0,323.0,616.0,4,623.0
0.0,6.0,284.0,323.0,616.0,623.0,4,1039.0
0.0,6.0,290.0,323.0,616.0,623.0,4,1039.0
0.0,6.0,290.0,323.0,616.0,623.0,4,1039.0
0.0,6.0,284.0,290.0,323.0,616.0,4,623.0
0.0,6.0,284.0,292.0,323.0,616.0,4,623.0
0.0,6.0,284.0,323.0,616.0,623.0,4,1039.0
0.0,17.0,47.0,119.0,148.0,708.0,4,730.0
0.0,17.0,148.0,211.0,708.0,858.0,4,922.0
0.0,17.0,47.0,119.0,708.0,730.0,4,922.0
0.0,17.0,47.0,119.0,148.0,708.0,4,730.0
0.0,17.0,47.0,119.0,148.0,708.0,4,730.0
0.0,17.0,148.0,211.0,708.0,730.0,4,858.0
0.0,17.0,47.0,119.0,148.0,858.0,4,922.0
0.0,17.0,211.0,235.0,328.0,858.0,4,922.0
0.0,17.0,47.0,119.0,148.0,858.0,4,922.0
0.0,17.0,148.0,211.0,235.0,328.0,4,922.0
0.0,17.0,47.0,148.0,235.0,328.0,4,858.0
0.0,17.0,47.0,148.0,328.0,858.0,4,922.0
0.0,26.0,40.0,41.0,601.0,874.0,4,1024.0
0.0,26.0,40.0,494.0,582.0,601.0,4,1024.0
0.0,26.0,40.0,41.0,601.0,874.0,4,1024.0
0.0,26.0,40.0,41.0,601.0,874.0,4,1024.0
0.0,26.0,40.0,41.0,494.0,874.0,4,1024.0
0.0,26.0,40.0,41.0,494.0,874.0,4,1024.0
0.0,26.0,40.0,41.0,601.0,874.0,4,1024.0
0.0,26.0,18.0,40.0,41.0,601.0,4,843.0
0.0,26.0,18.0,40.0,41.0,601.0,4,843.0
0.0,26.0,18.0,41.0,601.0,874.0,4,1024.0
0.0,26.0,40.0,41.0,601.0,874.0,4,1024.0
0.0,26.0,18.0,40.0,41.0,601.0,4,1024.0
0.0,17.0,47.0,119.0,148.0,299.0,4,858.0
0.0,17.0,47.0,119.0,148.0,299.0,4,328.0
0.0,17.0,47.0,211.0,235.0,299.0,4,328.0
0.0,17.0,47.0,148.0,235.0,328.0,4,858.0
0.0,17.0,47.0,148.0,235.0,328.0,4,858.0
0.0,17.0,119.0,148.0,235.0,299.0,4,328.0
0.0,17.0,148.0,211.0,235.0,328.0,4,858.0
0.0,17.0,47.0,148.0,299.0,328.0,4,858.0
0.0,28.0,110.0,389.0,444.0,497.0,4,1036.0
0.0,28.0,110.0,389.0,444.0,608.0,4,1036.0
0.0,28.0,110.0,444.0,538.0,608.0,4,1036.0
0.0,28.0,110.0,416.0,538.0,890.0,4,1036.0
0.0,28.0,416.0,538.0,685.0,804.0,4,890.0
0.0,28.0,110.0,444.0,685.0,804.0,4,1036.0
0.0,28.0,110.0,444.0,685.0,804.0,4,1036.0
0.0,28.0,110.0,444.0,608.0,685.0,4,1036.0
0.0,13.0,161.0,192.0,315.0,803.0,4,871.0
0.0,13.0,182.0,315.0,787.0,803.0,4,871.0
0.0,13.0,161.0,182.0,212.0,900.0,4,956.0
0.0,13.0,161.0,182.0,212.0,900.0,4,956.0
0.0,13.0,161.0,192.0,315.0,803.0,4,871.0
0.0,13.0,192.0,315.0,803.0,900.0,4,956.0
0.0,13.0,192.0,315.0,803.0,900.0,4,956.0
0.0,13.0,161.0,182.0,192.0,900.0,4,956.0
0.0,13.0,161.0,182.0,192.0,900.0,4,956.0
0.0,17.0,47.0,119.0,148.0,299.0,4,730.0
0.0,17.0,47.0,119.0,148.0,299.0,4,730.0
0.0,17.0,47.0,148.0,149.0,299.0,4,730.0
0.0,17.0,47.0,119.0,148.0,730.0,4,858.0
0.0,17.0,47.0,119.0,148.0,730.0,4,858.0
0.0,17.0,47.0,119.0,148.0,299.0,4,730.0
0.0,17.0,47.0,119.0,148.0,299.0,4,730.0
0.0,17.0,47.0,119.0,148.0,299.0,4,858.0
0.0,17.0,47.0,119.0,148.0,299.0,4,858.0
0.0,16.0,31.0,296.0,349.0,450.0,4,996.0
0.0,16.0,296.0,349.0,450.0,704.0,4,996.0
0.0,16.0,296.0,349.0,431.0,704.0,4,996.0
0.0,16.0,65.0,285.0,296.0,431.0,4,704.0
0.0,16.0,31.0,65.0,349.0,431.0,4,450.0
0.0,16.0,31.0,65.0,296.0,349.0,4,450.0
0.0,16.0,65.0,296.0,349.0,431.0,4,704.0
0.0,16.0,296.0,349.0,450.0,704.0,4,996.0
0.0,16.0,65.0,296.0,349.0,450.0,4,704.0
0.0,16.0,65.0,285.0,349.0,431.0,4,704.0
0.0,25.0,294.0,363.0,380.0,421.0,4,961.0
0.0,25.0,133.0,226.0,363.0,561.0,4,961.0
0.0,25.0,133.0,226.0,363.0,561.0,4,961.0
0.0,25.0,133.0,226.0,363.0,561.0,4,961.0
0.0,25.0,133.0,226.0,380.0,561.0,4,961.0
0.0,25.0,92.0,226.0,363.0,380.0,4,421.0
0.0,25.0,92.0,294.0,363.0,421.0,4,561.0
0.0,25.0,133.0,226.0,363.0,561.0,4,961.0
0.0,25.0,133.0,226.0,294.0,380.0,4,561.0
0.0,25.0,226.0,363.0,380.0,421.0,4,561.0
0.0,9.0,68.0,135.0,452.0,628.0,4,828.0
0.0,9.0,135.0,151.0,168.0,815.0,4,941.0
0.0,9.0,151.0,743.0,815.0,828.0,4,941.0
0.0,9.0,151.0,452.0,743.0,828.0,4,941.0
0.0,9.0,151.0,452.0,815.0,828.0,4,941.0
0.0,17.0,47.0,119.0,148.0,730.0,4,858.0
0.0,17.0,47.0,148.0,149.0,730.0,4,858.0
0.0,17.0,47.0,148.0,149.0,730.0,4,858.0
0.0,17.0,47.0,149.0,299.0,730.0,4,858.0
0.0,17.0,149.0,211.0,299.0,730.0,4,858.0
0.0,17.0,47.0,119.0,148.0,299.0,4,730.0
0.0,17.0,119.0,148.0,149.0,299.0,4,858.0
0.0,17.0,47.0,119.0,148.0,730.0,4,858.0
0.0,17.0,47.0,148.0,149.0,299.0,4,730.0
0.0,17.0,47.0,148.0,149.0,299.0,4,730.0
0.0,17.0,47.0,149.0,299.0,730.0,4,858.0
0.0,17.0,47.0,149.0,299.0,730.0,4,858.0
0.0,17.0,119.0,149.0,299.0,328.0,4,730.0
0.0,17.0,47.0,149.0,299.0,730.0,4,858.0
0.0,17.0,119.0,149.0,299.0,730.0,4,858.0
0.0,17.0,47.0,148.0,149.0,730.0,4,858.0
0.0,17.0,119.0,148.0,149.0,730.0,4,858.0
0.0,17.0,119.0,148.0,149.0,730.0,4,858.0
0.0,17.0,119.0,148.0,149.0,730.0,4,858.0
0.0,17.0,119.0,148.0,149.0,299.0,4,328.0
0.0,17.0,47.0,299.0,328.0,730.0,4,858.0
0.0,1.0,250.0,570.0,808.0,866.0,4,1010.0
0.0,1.0,351.0,570.0,790.0,808.0,4,1010.0
0.0,1.0,351.0,570.0,790.0,808.0,4,1010.0
0.0,1.0,14.0,118.0,250.0,790.0,4,866.0
0.0,1.0,351.0,570.0,808.0,866.0,4,1010.0
0.0,1.0,351.0,570.0,808.0,866.0,4,1010.0
0.0,1.0,14.0,250.0,790.0,808.0,4,1010.0
0.0,1.0,14.0,250.0,808.0,866.0,4,1010.0
0.0,17.0,47.0,119.0,148.0,730.0,4,858.0
0.0,17.0,47.0,299.0,441.0,708.0,4,858.0
0.0,17.0,47.0,119.0,299.0,730.0,4,858.0
0.0,17.0,47.0,119.0,148.0,299.0,4,858.0
0.0,17.0,47.0,119.0,148.0,708.0,4,730.0
0.0,17.0,119.0,299.0,708.0,730.0,4,858.0
0.0,17.0,47.0,119.0,148.0,708.0,4,730.0
0.0,17.0,47.0,119.0,148.0,708.0,4,730.0
0.0,12.0,216.0,417.0,477.0,715.0,4,983.0
0.0,12.0,216.0,417.0,462.0,715.0,4,983.0
0.0,12.0,228.0,462.0,682.0,715.0,4,983.0
0.0,12.0,216.0,228.0,462.0,477.0,4,682.0
0.0,12.0,216.0,417.0,477.0,715.0,4,983.0
0.0,12.0,216.0,228.0,462.0,650.0,4,682.0
0.0,12.0,216.0,417.0,477.0,682.0,4,983.0
0.0,23.0,234.0,307.0,418.0,798.0,4,921.0
0.0,23.0,234.0,307.0,418.0,440.0,4,921.0
0.0,23.0,146.0,234.0,418.0,440.0,4,798.0
0.0,23.0,146.0,307.0,418.0,798.0,4,921.0
0.0,23.0,307.0,418.0,440.0,740.0,4,921.0
0.0,23.0,307.0,418.0,440.0,798.0,4,921.0
0.0,23.0,307.0,418.0,440.0,798.0,4,921.0
0.0,17.0,148.0,149.0,708.0,730.0,4,858.0
0.0,17.0,148.0,149.0,708.0,730.0,4,858.0
0.0,17.0,148.0,149.0,708.0,730.0,4,858.0
0.0,17.0,47.0,119.0,148.0,708.0,4,730.0
0.0,17.0,47.0,119.0,708.0,730.0,4,858.0
0.0,17.0,119.0,149.0,708.0,730.0,4,858.0
0.0,17.0,119.0,148.0,149.0,730.0,4,858.0
0.0,17.0,119.0,148.0,149.0,730.0,4,858.0
0.0,32.0,155.0,522.0,734.0,816.0,4,933.0
0.0,32.0,44.0,155.0,734.0,816.0,4,933.0
0.0,32.0,44.0,155.0,734.0,816.0,4,933.0
0.0,32.0,155.0,522.0,734.0,816.0,4,933.0
0.0,32.0,44.0,155.0,524.0,538.0,4,734.0
0.0,17.0,47.0,119.0,148.0,708.0,4,730.0
0.0,17.0,119.0,148.0,149.0,730.0,4,858.0
0.0,17.0,47.0,148.0,149.0,235.0,4,708.0
0.0,17.0,47.0,119.0,148.0,708.0,4,730.0
0.0,17.0,47.0,119.0,148.0,708.0,4,730.0
0.0,17.0,47.0,119.0,708.0,730.0,4,858.0
0.0,17.0,47.0,149.0,708.0,730.0,4,858.0
0.0,17.0,119.0,149.0,648.0,730.0,4,858.0
0.0,25.0,226.0,294.0,380.0,421.0,4,561.0
0.0,25.0,226.0,294.0,380.0,421.0,4,561.0
0.0,25.0,226.0,380.0,421.0,586.0,4,974.0
0.0,25.0,226.0,294.0,380.0,421.0,4,561.0
0.0,25.0,226.0,380.0,421.0,561.0,4,974.0
0.0,25.0,226.0,294.0,380.0,421.0,4,561.0
0.0,25.0,226.0,380.0,421.0,561.0,4,974.0
0.0,25.0,133.0,226.0,398.0,561.0,4,974.0
0.0,25.0,133.0,294.0,398.0,586.0,4,974.0
0.0,25.0,133.0,398.0,586.0,780.0,4,974.0
0.0,17.0,47.0,119.0,148.0,708.0,4,730.0
0.0,17.0,47.0,149.0,708.0,730.0,4,858.0
0.0,17.0,119.0,148.0,149.0,708.0,4,858.0
0.0,17.0,47.0,119.0,148.0,708.0,4,730.0
0.0,17.0,47.0,119.0,148.0,708.0,4,730.0
0.0,17.0,47.0,148.0,149.0,708.0,4,858.0
0.0,17.0,47.0,148.0,149.0,708.0,4,858.0
0.0,17.0,47.0,149.0,708.0,730.0,4,858.0
0.0,17.0,47.0,148.0,708.0,730.0,4,858.0
0.0,17.0,47.0,119.0,148.0,708.0,4,730.0
0.0,17.0,47.0,119.0,148.0,708.0,4,730.0
0.0,17.0,119.0,148.0,708.0,730.0,4,858.0
0.0,17.0,119.0,148.0,708.0,730.0,4,858.0
0.0,17.0,47.0,119.0,148.0,708.0,4,858.0
0.0,17.0,47.0,148.0,235.0,441.0,4,858.0
0.0,17.0,47.0,328.0,708.0,730.0,4,858.0
0.0,17.0,47.0,148.0,328.0,708.0,4,858.0
0.0,17.0,47.0,148.0,328.0,708.0,4,858.0
0.0,17.0,47.0,148.0,328.0,708.0,4,858.0
0.0,17.0,47.0,328.0,648.0,708.0,4,858.0
0.0,17.0,47.0,328.0,648.0,708.0,4,858.0
0.0,17.0,47.0,148.0,235.0,648.0,4,858.0
0.0,17.0,119.0,148.0,648.0,708.0,4,858.0
0.0,17.0,119.0,148.0,648.0,708.0,4,858.0
0.0,17.0,47.0,148.0,648.0,708.0,4,858.0
0.0,17.0,47.0,119.0,148.0,708.0,4,730.0
0.0,17.0,47.0,119.0,148.0,708.0,4,730.0
0.0,17.0,119.0,148.0,235.0,648.0,4,858.0
0.0,17.0,47.0,328.0,708.0,730.0,4,858.0
0.0,17.0,47.0,235.0,328.0,708.0,4,730.0
0.0,17.0,47.0,119.0,148.0,708.0,4,730.0
0.0,17.0,47.0,119.0,148.0,708.0,4,730.0
0.0,17.0,47.0,119.0,148.0,708.0,4,730.0
0.0,17.0,47.0,148.0,708.0,730.0,4,858.0
0.0,17.0,47.0,148.0,708.0,730.0,4,858.0
0.0,17.0,119.0,148.0,441.0,708.0,4,730.0
0.0,17.0,119.0,148.0,648.0,708.0,4,858.0
0.0,17.0,119.0,148.0,708.0,730.0,4,858.0
0.0,17.0,119.0,148.0,708.0,730.0,4,858.0
0.0,17.0,119.0,148.0,328.0,708.0,4,730.0
0.0,17.0,148.0,235.0,299.0,328.0,4,858.0
0.0,17.0,119.0,148.0,328.0,708.0,4,730.0
0.0,17.0,206.0,235.0,299.0,328.0,4,648.0
0.0,11.0,173.0,806.0,895.0,968.0,4,1031.0
0.0,11.0,412.0,553.0,806.0,895.0,4,968.0
0.0,11.0,412.0,553.0,590.0,647.0,4,806.0
0.0,11.0,553.0,590.0,647.0,806.0,4,1031.0
0.0,11.0,590.0,806.0,895.0,968.0,4,1031.0
0.0,11.0,553.0,806.0,895.0,968.0,4,1031.0
0.0,11.0,412.0,553.0,647.0,806.0,4,968.0
0.0,11.0,553.0,590.0,647.0,806.0,4,1031.0
0.0,11.0,553.0,590.0,647.0,806.0,4,1031.0
0.0,11.0,504.0,553.0,647.0,968.0,4,1031.0
0.0,11.0,647.0,806.0,895.0,968.0,4,1031.0
0.0,17.0,119.0,648.0,708.0,730.0,4,858.0
0.0,17.0,211.0,648.0,708.0,730.0,4,858.0
0.0,17.0,211.0,235.0,299.0,648.0,4,858.0
0.0,17.0,211.0,235.0,299.0,648.0,4,858.0
0.0,17.0,119.0,299.0,708.0,730.0,4,858.0
0.0,17.0,119.0,148.0,328.0,708.0,4,730.0
0.0,17.0,119.0,148.0,328.0,648.0,4,708.0
0.0,17.0,148.0,211.0,648.0,730.0,4,858.0
0.0,17.0,206.0,211.0,235.0,299.0,4,648.0
0.0,17.0,206.0,235.0,299.0,441.0,4,648.0
0.0,17.0,148.0,211.0,235.0,299.0,4,858.0
0.0,17.0,206.0,299.0,441.0,648.0,4,858.0
0.0,17.0,148.0,235.0,299.0,441.0,4,858.0
0.0,17.0,148.0,211.0,299.0,648.0,4,858.0
0.0,17.0,148.0,211.0,235.0,299.0,4,648.0
0.0,17.0,148.0,211.0,299.0,648.0,4,858.0
0.0,0.0,535.0,631.0,686.0,910.0,4,991.0
0.0,0.0,59.0,631.0,686.0,870.0,4,991.0
0.0,0.0,59.0,686.0,870.0,905.0,4,991.0
0.0,0.0,59.0,535.0,870.0,905.0,4,991.0
0.0,0.0,59.0,535.0,686.0,870.0,4,905.0
0.0,0.0,59.0,535.0,631.0,870.0,4,991.0
0.0,0.0,59.0,535.0,870.0,905.0,4,991.0
0.0,0.0,59.0,535.0,870.0,905.0,4,991.0
0.0,0.0,59.0,535.0,686.0,870.0,4,905.0
0.0,17.0,148.0,211.0,708.0,730.0,4,858.0
0.0,17.0,148.0,211.0,708.0,730.0,4,858.0
0.0,17.0,148.0,299.0,441.0,708.0,4,858.0
0.0,17.0,211.0,235.0,299.0,328.0,4,730.0
0.0,17.0,148.0,211.0,708.0,730.0,4,858.0
0.0,17.0,148.0,211.0,299.0,708.0,4,858.0
0.0,17.0,148.0,299.0,328.0,648.0,4,858.0
0.0,17.0,148.0,299.0,328.0,730.0,4,858.0
0.0,17.0,148.0,211.0,708.0,730.0,4,858.0
0.0,17.0,148.0,211.0,299.0,730.0,4,858.0
0.0,17.0,235.0,328.0,441.0,648.0,4,730.0
0.0,17.0,235.0,328.0,441.0,648.0,4,730.0
0.0,17.0,148.0,211.0,299.0,730.0,4,858.0
0.0,17.0,148.0,206.0,235.0,648.0,4,858.0
0.0,17.0,148.0,211.0,235.0,299.0,4,730.0
0.0,17.0,148.0,235.0,299.0,441.0,4,730.0
0.0,17.0,299.0,328.0,441.0,648.0,4,858.0
0.0,17.0,211.0,235.0,299.0,648.0,4,858.0
0.0,17.0,235.0,299.0,441.0,730.0,4,858.0
0.0,17.0,148.0,211.0,299.0,730.0,4,858.0
0.0,17.0,148.0,211.0,299.0,328.0,4,730.0
0.0,17.0,148.0,211.0,235.0,299.0,4,730.0
0.0,17.0,148.0,211.0,235.0,299.0,4,730.0
0.0,17.0,148.0,211.0,235.0,299.0,4,730.0
0.0,17.0,148.0,211.0,235.0,648.0,4,730.0
0.0,17.0,148.0,211.0,235.0,648.0,4,730.0
0.0,1.0,250.0,351.0,570.0,808.0,4,866.0
0.0,1.0,250.0,351.0,570.0,625.0,4,808.0
0.0,1.0,27.0,351.0,585.0,625.0,4,886.0
0.0,1.0,27.0,351.0,585.0,625.0,4,886.0
0.0,1.0,27.0,351.0,585.0,625.0,4,886.0
0.0,1.0,27.0,250.0,585.0,866.0,4,886.0
0.0,1.0,250.0,351.0,570.0,808.0,4,866.0
0.0,1.0,27.0,250.0,570.0,866.0,4,886.0
0.0,1.0,27.0,250.0,585.0,625.0,4,886.0
0.0,1.0,27.0,250.0,585.0,625.0,4,886.0
0.0,1.0,27.0,351.0,585.0,625.0,4,886.0
0.0,1.0,27.0,351.0,570.0,625.0,4,886.0
0.0,1.0,27.0,351.0,570.0,625.0,4,886.0
0.0,17.0,148.0,211.0,299.0,730.0,4,858.0
0.0,17.0,211.0,328.0,648.0,730.0,4,858.0
0.0,17.0,211.0,328.0,648.0,730.0,4,858.0
0.0,17.0,148.0,328.0,648.0,730.0,4,858.0
0.0,17.0,148.0,211.0,299.0,730.0,4,858.0
0.0,17.0,148.0,299.0,441.0,730.0,4,858.0
0.0,17.0,299.0,328.0,441.0,730.0,4,858.0
0.0,17.0,148.0,211.0,328.0,441.0,4,648.0
0.0,17.0,148.0,211.0,328.0,441.0,4,648.0
0.0,17.0,148.0,211.0,328.0,648.0,4,858.0
0.0,17.0,235.0,299.0,328.0,730.0,4,858.0
0.0,17.0,211.0,235.0,299.0,730.0,4,858.0
0.0,17.0,148.0,211.0,235.0,299.0,4,730.0
0.0,17.0,148.0,211.0,299.0,730.0,4,858.0
0.0,17.0,148.0,211.0,299.0,441.0,4,730.0
0.0,17.0,206.0,235.0,328.0,648.0,4,730.0
0.0,6.0,290.0,616.0,623.0,876.0,4,1039.0
0.0,6.0,35.0,213.0,284.0,323.0,4,623.0
0.0,6.0,35.0,290.0,616.0,623.0,4,876.0
0.0,6.0,290.0,616.0,623.0,876.0,4,1039.0
0.0,6.0,35.0,284.0,323.0,616.0,4,623.0
0.0,32.0,61.0,155.0,734.0,816.0,4,933.0
0.0,32.0,61.0,155.0,340.0,522.0,4,933.0
0.0,32.0,61.0,155.0,734.0,816.0,4,933.0
0.0,32.0,61.0,155.0,522.0,734.0,4,933.0
0.0,32.0,61.0,155.0,340.0,499.0,4,933.0
0.0,32.0,61.0,155.0,340.0,734.0,4,933.0
0.0,32.0,61.0,155.0,734.0,816.0,4,933.0
0.0,32.0,155.0,340.0,522.0,734.0,4,933.0
0.0,32.0,44.0,340.0,499.0,522.0,4,524.0
0.0,32.0,61.0,155.0,522.0,734.0,4,933.0
0.0,32.0,61.0,155.0,499.0,816.0,4,933.0
0.0,32.0,155.0,340.0,499.0,522.0,4,933.0
0.0,32.0,155.0,340.0,499.0,816.0,4,933.0
0.0,32.0,340.0,499.0,522.0,524.0,4,595.0
0.0,32.0,340.0,499.0,522.0,524.0,4,595.0
0.0,32.0,61.0,155.0,340.0,595.0,4,933.0
0.0,32.0,61.0,155.0,734.0,816.0,4,933.0
0.0,32.0,44.0,340.0,499.0,522.0,4,524.0
0.0,32.0,155.0,499.0,522.0,524.0,4,734.0
0.0,32.0,61.0,155.0,734.0,816.0,4,933.0
0.0,32.0,155.0,340.0,734.0,816.0,4,933.0
0.0,32.0,44.0,155.0,340.0,734.0,4,933.0
0.0,32.0,155.0,340.0,499.0,524.0,4,595.0
0.0,32.0,340.0,499.0,522.0,524.0,4,595.0
0.0,32.0,61.0,155.0,340.0,734.0,4,933.0
0.0,32.0,61.0,155.0,340.0,522.0,4,933.0
0.0,32.0,61.0,155.0,340.0,522.0,4,933.0
0.0,32.0,44.0,155.0,340.0,499.0,4,933.0
0.0,32.0,44.0,61.0,155.0,499.0,4,933.0
0.0,32.0,44.0,155.0,340.0,499.0,4,524.0
0.0,32.0,155.0,340.0,499.0,522.0,4,933.0
0.0,0.0,493.0,535.0,912.0,991.0,4,1037.0
0.0,0.0,493.0,691.0,912.0,991.0,4,1037.0
0.0,0.0,142.0,691.0,912.0,991.0,4,1037.0
0.0,0.0,493.0,535.0,905.0,912.0,4,1037.0
0.0,0.0,493.0,870.0,905.0,991.0,4,1037.0
0.0,0.0,493.0,631.0,870.0,991.0,4,1037.0
0.0,0.0,493.0,535.0,631.0,870.0,4,991.0
0.0,0.0,493.0,535.0,631.0,870.0,4,991.0
0.0,0.0,493.0,535.0,631.0,870.0,4,991.0
0.0,0.0,493.0,535.0,631.0,870.0,4,991.0
0.0,0.0,493.0,535.0,870.0,991.0,4,1037.0
0.0,32.0,61.0,155.0,340.0,522.0,4,933.0
0.0,32.0,61.0,155.0,340.0,522.0,4,933.0
0.0,32.0,44.0,340.0,499.0,522.0,4,524.0
0.0,32.0,44.0,61.0,499.0,524.0,4,816.0
0.0,32.0,44.0,61.0,499.0,524.0,4,816.0
0.0,32.0,61.0,155.0,340.0,522.0,4,933.0
0.0,32.0,44.0,155.0,499.0,522.0,4,524.0
0.0,32.0,44.0,499.0,522.0,524.0,4,816.0
0.0,32.0,44.0,340.0,499.0,524.0,4,816.0
0.0,32.0,44.0,340.0,499.0,524.0,4,816.0
0.0,32.0,155.0,340.0,524.0,816.0,4,933.0
0.0,32.0,61.0,155.0,499.0,522.0,4,933.0
0.0,32.0,44.0,155.0,340.0,522.0,4,933.0
0.0,32.0,44.0,61.0,155.0,522.0,4,933.0
0.0,32.0,44.0,61.0,155.0,522.0,4,933.0
0.0,32.0,61.0,155.0,522.0,816.0,4,933.0
0.0,32.0,61.0,155.0,499.0,816.0,4,933.0
0.0,32.0,44.0,155.0,340.0,499.0,4,933.0
0.0,32.0,61.0,155.0,522.0,816.0,4,933.0
0.0,32.0,61.0,155.0,522.0,816.0,4,933.0
0.0,23.0,307.0,798.0,827.0,921.0,4,923.0
0.0,23.0,307.0,418.0,798.0,827.0,4,923.0
0.0,23.0,307.0,418.0,798.0,827.0,4,923.0
0.0,23.0,234.0,307.0,418.0,740.0,4,921.0
0.0,23.0,307.0,418.0,740.0,827.0,4,921.0
0.0,23.0,307.0,418.0,798.0,827.0,4,923.0
0.0,23.0,234.0,307.0,798.0,921.0,4,923.0
0.0,23.0,234.0,307.0,418.0,798.0,4,921.0
0.0,23.0,234.0,307.0,418.0,798.0,4,921.0
0.0,6.0,213.0,290.0,323.0,623.0,4,1039.0
0.0,6.0,213.0,290.0,323.0,623.0,4,1039.0
0.0,6.0,35.0,208.0,323.0,876.0,4,1039.0
0.0,6.0,35.0,208.0,623.0,876.0,4,1039.0
0.0,6.0,208.0,213.0,284.0,623.0,4,1039.0
0.0,6.0,213.0,290.0,323.0,623.0,4,1039.0
0.0,6.0,213.0,284.0,323.0,623.0,4,1039.0
0.0,6.0,35.0,208.0,213.0,284.0,4,623.0
0.0,4.0,46.0,81.0,85.0,589.0,4,646.0
0.0,4.0,46.0,81.0,589.0,722.0,4,775.0
0.0,4.0,46.0,81.0,589.0,722.0,4,775.0
0.0,4.0,46.0,81.0,158.0,722.0,4,775.0
0.0,4.0,46.0,81.0,85.0,158.0,4,653.0
0.0,4.0,46.0,85.0,158.0,589.0,4,646.0
0.0,4.0,46.0,81.0,85.0,158.0,4,646.0
0.0,4.0,46.0,81.0,85.0,589.0,4,646.0
0.0,4.0,46.0,81.0,85.0,589.0,4,646.0
0.0,4.0,46.0,85.0,158.0,589.0,4,646.0
0.0,32.0,44.0,61.0,499.0,522.0,4,933.0
0.0,32.0,340.0,522.0,524.0,734.0,4,777.0
0.0,32.0,340.0,522.0,524.0,595.0,4,734.0
0.0,32.0,61.0,522.0,595.0,734.0,4,933.0
0.0,32.0,61.0,340.0,522.0,816.0,4,933.0
0.0,32.0,340.0,499.0,522.0,734.0,4,933.0
0.0,32.0,44.0,340.0,522.0,734.0,4,933.0
0.0,32.0,44.0,340.0,522.0,734.0,4,933.0
0.0,16.0,65.0,296.0,450.0,457.0,4,996.0
0.0,16.0,31.0,65.0,431.0,450.0,4,457.0
0.0,16.0,31.0,65.0,296.0,431.0,4,450.0
0.0,16.0,31.0,65.0,296.0,431.0,4,450.0
0.0,16.0,296.0,431.0,450.0,704.0,4,996.0
0.0,16.0,296.0,431.0,450.0,704.0,4,996.0
0.0,16.0,65.0,431.0,450.0,457.0,4,704.0
0.0,16.0,65.0,296.0,431.0,450.0,4,996.0
0.0,16.0,65.0,296.0,431.0,450.0,4,996.0
0.0,25.0,226.0,294.0,586.0,969.0,4,974.0
0.0,25.0,226.0,398.0,586.0,961.0,4,969.0
0.0,25.0,133.0,294.0,363.0,961.0,4,974.0
0.0,25.0,133.0,226.0,294.0,363.0,4,586.0
0.0,25.0,133.0,226.0,294.0,586.0,4,974.0
0.0,25.0,226.0,398.0,586.0,961.0,4,969.0
0.0,25.0,226.0,398.0,586.0,961.0,4,969.0
0.0,25.0,133.0,294.0,398.0,586.0,4,974.0
0.0,32.0,61.0,499.0,522.0,816.0,4,933.0
0.0,32.0,44.0,61.0,499.0,522.0,4,933.0
0.0,32.0,61.0,499.0,522.0,524.0,4,816.0
0.0,32.0,61.0,499.0,522.0,816.0,4,933.0
0.0,32.0,44.0,61.0,522.0,816.0,4,933.0
0.0,32.0,44.0,61.0,734.0,816.0,4,933.0
0.0,32.0,61.0,499.0,734.0,816.0,4,933.0
0.0,32.0,61.0,499.0,734.0,816.0,4,933.0
0.0,13.0,182.0,192.0,315.0,787.0,4,871.0
0.0,13.0,182.0,192.0,315.0,871.0,4,900.0
0.0,13.0,161.0,182.0,192.0,315.0,4,900.0
0.0,13.0,161.0,192.0,315.0,871.0,4,900.0
0.0,13.0,161.0,315.0,803.0,871.0,4,900.0
0.0,13.0,161.0,315.0,803.0,871.0,4,900.0
0.0,13.0,182.0,192.0,315.0,871.0,4,900.0
0.0,13.0,182.0,192.0,315.0,871.0,4,900.0
0.0,28.0,389.0,444.0,497.0,685.0,4,1036.0
0.0,28.0,110.0,444.0,804.0,971.0,4,1036.0
0.0,28.0,110.0,416.0,538.0,804.0,4,971.0
0.0,28.0,110.0,416.0,538.0,685.0,4,971.0
0.0,28.0,110.0,416.0,444.0,538.0,4,1036.0
0.0,32.0,61.0,499.0,522.0,816.0,4,933.0
0.0,32.0,44.0,61.0,340.0,816.0,4,933.0
0.0,32.0,44.0,340.0,499.0,816.0,4,933.0
0.0,32.0,61.0,340.0,595.0,816.0,4,933.0
0.0,32.0,61.0,499.0,522.0,816.0,4,933.0
0.0,32.0,44.0,340.0,522.0,816.0,4,933.0
0.0,32.0,44.0,61.0,522.0,524.0,4,595.0
0.0,32.0,44.0,61.0,522.0,816.0,4,933.0
0.0,32.0,44.0,61.0,499.0,816.0,4,933.0
0.0,32.0,44.0,61.0,499.0,816.0,4,933.0
0.0,32.0,44.0,340.0,522.0,524.0,4,734.0
0.0,32.0,61.0,499.0,522.0,816.0,4,933.0
0.0,32.0,44.0,61.0,499.0,816.0,4,933.0
0.0,32.0,44.0,340.0,499.0,595.0,4,933.0
0.0,32.0,44.0,61.0,499.0,816.0,4,933.0
0.0,32.0,44.0,61.0,734.0,816.0,4,933.0
0.0,32.0,44.0,61.0,155.0,524.0,4,816.0
0.0,32.0,44.0,61.0,155.0,524.0,4,816.0
0.0,32.0,61.0,231.0,499.0,595.0,4,816.0
0.0,32.0,155.0,231.0,499.0,734.0,4,816.0
0.0,32.0,44.0,499.0,524.0,734.0,4,816.0
0.0,32.0,61.0,155.0,340.0,524.0,4,816.0
0.0,32.0,61.0,155.0,340.0,524.0,4,816.0
0.0,32.0,231.0,499.0,595.0,734.0,4,816.0
0.0,32.0,231.0,499.0,595.0,734.0,4,816.0
0.0,32.0,44.0,499.0,524.0,734.0,4,816.0
0.0,32.0,44.0,61.0,155.0,524.0,4,734.0
0.0,1.0,14.0,351.0,570.0,808.0,4,866.0
0.0,1.0,14.0,351.0,707.0,808.0,4,866.0
0.0,1.0,27.0,625.0,707.0,808.0,4,886.0
0.0,1.0,27.0,625.0,707.0,808.0,4,886.0
0.0,1.0,14.0,351.0,570.0,866.0,4,886.0
0.0,1.0,14.0,351.0,570.0,866.0,4,886.0
0.0,1.0,27.0,625.0,707.0,808.0,4,886.0
0.0,1.0,14.0,27.0,351.0,808.0,4,866.0
0.0,1.0,14.0,27.0,351.0,808.0,4,866.0
0.0,1.0,27.0,351.0,808.0,866.0,4,886.0
0.0,26.0,40.0,41.0,494.0,874.0,4,1024.0
0.0,26.0,582.0,601.0,843.0,928.0,4,1024.0
0.0,26.0,40.0,41.0,494.0,874.0,4,1024.0
0.0,26.0,18.0,95.0,601.0,634.0,4,843.0
0.0,26.0,95.0,601.0,634.0,843.0,4,928.0
0.0,26.0,95.0,601.0,634.0,843.0,4,928.0
0.0,32.0,61.0,155.0,522.0,524.0,4,816.0
0.0,32.0,44.0,61.0,522.0,524.0,4,816.0
0.0,32.0,44.0,61.0,231.0,499.0,4,522.0
0.0,32.0,155.0,499.0,524.0,734.0,4,816.0
0.0,32.0,61.0,155.0,522.0,524.0,4,816.0
0.0,32.0,61.0,155.0,522.0,524.0,4,816.0
0.0,32.0,61.0,155.0,522.0,524.0,4,816.0
0.0,32.0,61.0,155.0,522.0,524.0,4,816.0
0.0,32.0,44.0,155.0,499.0,524.0,4,734.0
0.0,32.0,44.0,155.0,499.0,524.0,4,734.0
0.0,32.0,44.0,155.0,499.0,524.0,4,734.0
0.0,32.0,155.0,231.0,499.0,522.0,4,734.0
0.0,32.0,61.0,155.0,499.0,524.0,4,816.0
0.0,32.0,61.0,155.0,522.0,524.0,4,816.0
0.0,32.0,61.0,155.0,524.0,595.0,4,734.0
0.0,32.0,61.0,155.0,522.0,524.0,4,734.0
0.0,32.0,61.0,155.0,522.0,524.0,4,816.0
0.0,32.0,61.0,155.0,522.0,524.0,4,816.0
0.0,32.0,44.0,61.0,155.0,499.0,4,524.0
0.0,32.0,44.0,231.0,499.0,734.0,4,816.0
0.0,32.0,61.0,155.0,522.0,524.0,4,734.0
0.0,32.0,61.0,155.0,522.0,524.0,4,734.0
0.0,32.0,61.0,155.0,522.0,524.0,4,734.0
0.0,12.0,216.0,228.0,462.0,477.0,4,682.0
0.0,12.0,216.0,228.0,462.0,477.0,4,682.0
0.0,12.0,228.0,387.0,462.0,682.0,4,903.0
0.0,12.0,216.0,417.0,477.0,715.0,4,983.0
0.0,12.0,216.0,417.0,477.0,715.0,4,983.0
0.0,12.0,216.0,228.0,477.0,682.0,4,983.0
0.0,12.0,216.0,228.0,462.0,682.0,4,983.0
0.0,12.0,228.0,462.0,682.0,715.0,4,983.0
0.0,12.0,417.0,462.0,477.0,682.0,4,715.0
0.0,0.0,493.0,527.0,686.0,905.0,4,1037.0
0.0,0.0,493.0,527.0,905.0,912.0,4,1037.0
0.0,0.0,527.0,535.0,686.0,912.0,4,1037.0
0.0,0.0,493.0,535.0,631.0,686.0,4,991.0
0.0,0.0,493.0,527.0,535.0,631.0,4,686.0
0.0,0.0,493.0,527.0,535.0,686.0,4,1037.0
0.0,0.0,493.0,527.0,686.0,912.0,4,1037.0
0.0,0.0,493.0,527.0,686.0,912.0,4,1037.0
0.0,32.0,61.0,155.0,522.0,524.0,4,816.0
0.0,32.0,44.0,61.0,155.0,522.0,4,524.0
0.0,32.0,44.0,61.0,155.0,524.0,4,595.0
0.0,32.0,44.0,155.0,595.0,734.0,4,933.0
0.0,32.0,155.0,499.0,522.0,734.0,4,933.0
0.0,32.0,155.0,499.0,522.0,524.0,4,734.0
0.0,32.0,61.0,155.0,499.0,522.0,4,524.0
0.0,32.0,61.0,155.0,522.0,734.0,4,933.0
0.0,32.0,44.0,61.0,155.0,524.0,4,816.0
0.0,32.0,44.0,61.0,155.0,734.0,4,933.0
0.0,32.0,61.0,155.0,522.0,734.0,4,933.0
0.0,32.0,61.0,155.0,522.0,524.0,4,816.0
0.0,32.0,44.0,155.0,522.0,734.0,4,933.0
0.0,32.0,155.0,522.0,734.0,816.0,4,933.0
0.0,32.0,61.0,155.0,522.0,816.0,4,933.0
0.0,9.0,151.0,168.0,628.0,815.0,4,941.0
0.0,9.0,68.0,135.0,628.0,815.0,4,828.0
0.0,9.0,68.0,135.0,628.0,815.0,4,828.0
0.0,9.0,151.0,168.0,815.0,828.0,4,941.0
0.0,9.0,151.0,168.0,815.0,828.0,4,941.0
0.0,9.0,68.0,151.0,815.0,828.0,4,941.0
0.0,9.0,68.0,135.0,452.0,628.0,4,828.0
0.0,9.0,151.0,168.0,815.0,828.0,4,941.0
0.0,9.0,135.0,151.0,815.0,828.0,4,941.0
0.0,4.0,81.0,85.0,589.0,646.0,4,653.0
0.0,4.0,11.0,158.0,646.0,722.0,4,947.0
0.0,4.0,11.0,158.0,947.0,992.0,4,1004.0
0.0,4.0,85.0,158.0,589.0,947.0,4,992.0
0.0,4.0,81.0,85.0,158.0,589.0,4,646.0
0.0,4.0,81.0,85.0,158.0,646.0,4,947.0
0.0,4.0,81.0,85.0,589.0,646.0,4,775.0
0.0,4.0,81.0,85.0,589.0,646.0,4,775.0
0.0,4.0,81.0,158.0,589.0,646.0,4,992.0
0.0,32.0,61.0,155.0,522.0,816.0,4,933.0
0.0,32.0,44.0,155.0,499.0,524.0,4,734.0
0.0,32.0,61.0,155.0,522.0,734.0,4,933.0
0.0,32.0,44.0,155.0,499.0,734.0,4,933.0
0.0,32.0,44.0,61.0,155.0,734.0,4,933.0
0.0,32.0,44.0,61.0,155.0,524.0,4,734.0
0.0,32.0,44.0,61.0,522.0,524.0,4,734.0
0.0,32.0,44.0,155.0,522.0,524.0,4,734.0
0.0,32.0,44.0,155.0,522.0,524.0,4,734.0
0.0,32.0,44.0,61.0,155.0,524.0,4,734.0
0.0,32.0,44.0,155.0,524.0,734.0,4,933.0
0.0,32.0,61.0,155.0,522.0,816.0,4,933.0
0.0,32.0,44.0,61.0,522.0,816.0,4,933.0
0.0,32.0,44.0,155.0,499.0,524.0,4,734.0
0.0,32.0,155.0,340.0,522.0,524.0,4,734.0
0.0,32.0,61.0,155.0,522.0,816.0,4,933.0
0.0,32.0,44.0,61.0,155.0,522.0,4,933.0
0.0,32.0,44.0,61.0,155.0,734.0,4,933.0
0.0,32.0,44.0,61.0,155.0,524.0,4,734.0
0.0,32.0,44.0,61.0,522.0,524.0,4,734.0
0.0,32.0,44.0,61.0,155.0,734.0,4,933.0
0.0,32.0,61.0,155.0,522.0,816.0,4,933.0
0.0,32.0,44.0,61.0,155.0,524.0,4,816.0
0.0,32.0,44.0,522.0,524.0,595.0,4,734.0
0.0,32.0,44.0,522.0,524.0,595.0,4,734.0
0.0,32.0,44.0,522.0,524.0,734.0,4,816.0
0.0,32.0,61.0,522.0,524.0,734.0,4,816.0
0.0,32.0,61.0,522.0,524.0,734.0,4,816.0
0.0,32.0,61.0,155.0,499.0,524.0,4,595.0
0.0,32.0,61.0,155.0,522.0,816.0,4,933.0
0.0,32.0,44.0,155.0,522.0,734.0,4,933.0
0.0,32.0,44.0,61.0,522.0,595.0,4,933.0
0.0,30.0,657.0,705.0,839.0,953.0,4,963.0
0.0,30.0,335.0,409.0,657.0,705.0,4,839.0
0.0,30.0,335.0,409.0,657.0,705.0,4,953.0
0.0,30.0,337.0,409.0,657.0,705.0,4,953.0
0.0,30.0,121.0,337.0,409.0,705.0,4,953.0
0.0,30.0,113.0,121.0,337.0,953.0,4,963.0
0.0,30.0,121.0,337.0,657.0,953.0,4,963.0
0.0,30.0,121.0,337.0,657.0,953.0,4,963.0
0.0,30.0,113.0,121.0,839.0,953.0,4,963.0
0.0,11.0,412.0,553.0,806.0,895.0,4,968.0
0.0,11.0,274.0,553.0,806.0,895.0,4,968.0
0.0,11.0,173.0,553.0,806.0,895.0,4,968.0
0.0,11.0,99.0,553.0,806.0,895.0,4,968.0
0.0,11.0,99.0,553.0,806.0,895.0,4,968.0
0.0,11.0,173.0,412.0,504.0,806.0,4,999.0
0.0,6.0,290.0,323.0,616.0,623.0,4,1039.0
0.0,6.0,284.0,290.0,323.0,616.0,4,623.0
0.0,6.0,35.0,284.0,616.0,623.0,4,876.0
0.0,6.0,284.0,290.0,616.0,623.0,4,876.0
0.0,6.0,35.0,616.0,623.0,876.0,4,1039.0
0.0,6.0,35.0,284.0,616.0,623.0,4,876.0
0.0,6.0,35.0,284.0,616.0,623.0,4,876.0
0.0,6.0,35.0,284.0,323.0,616.0,4,623.0
0.0,6.0,35.0,284.0,323.0,623.0,4,897.0
0.0,6.0,35.0,284.0,616.0,623.0,4,876.0
0.0,6.0,208.0,236.0,390.0,876.0,4,897.0
0.0,32.0,61.0,155.0,522.0,816.0,4,933.0
0.0,32.0,44.0,61.0,155.0,816.0,4,933.0
0.0,32.0,44.0,499.0,524.0,538.0,4,595.0
0.0,32.0,61.0,155.0,734.0,816.0,4,933.0
0.0,32.0,44.0,61.0,155.0,524.0,4,538.0
0.0,32.0,44.0,61.0,155.0,524.0,4,538.0
0.0,32.0,44.0,61.0,155.0,538.0,4,933.0
0.0,32.0,44.0,61.0,155.0,538.0,4,933.0
0.0,32.0,44.0,61.0,155.0,816.0,4,933.0
0.0,32.0,44.0,155.0,524.0,538.0,4,734.0
0.0,32.0,44.0,61.0,155.0,522.0,4,933.0
0.0,32.0,61.0,155.0,522.0,816.0,4,933.0
0.0,32.0,44.0,61.0,155.0,522.0,4,933.0
0.0,32.0,44.0,61.0,155.0,522.0,4,933.0
0.0,32.0,44.0,61.0,499.0,522.0,4,933.0
0.0,32.0,44.0,61.0,155.0,522.0,4,933.0
0.0,32.0,44.0,155.0,499.0,538.0,4,933.0
0.0,32.0,44.0,231.0,522.0,538.0,4,595.0
0.0,32.0,44.0,155.0,522.0,538.0,4,933.0
0.0,32.0,44.0,155.0,522.0,538.0,4,933.0
0.0,32.0,44.0,231.0,522.0,538.0,4,595.0
0.0,32.0,44.0,231.0,499.0,538.0,4,595.0
0.0,32.0,44.0,155.0,231.0,499.0,4,538.0
0.0,32.0,44.0,155.0,522.0,538.0,4,933.0
0.0,23.0,146.0,307.0,440.0,921.0,4,923.0
0.0,23.0,146.0,440.0,740.0,827.0,4,923.0
0.0,23.0,307.0,740.0,827.0,921.0,4,923.0
0.0,23.0,146.0,740.0,827.0,921.0,4,923.0
0.0,23.0,146.0,740.0,827.0,921.0,4,923.0
0.0,23.0,146.0,440.0,827.0,921.0,4,923.0
0.0,23.0,146.0,440.0,827.0,921.0,4,923.0
0.0,23.0,146.0,440.0,827.0,921.0,4,923.0
0.0,23.0,146.0,440.0,827.0,921.0,4,923.0
0.0,23.0,146.0,440.0,827.0,921.0,4,923.0
0.0,23.0,146.0,440.0,740.0,827.0,4,923.0
0.0,23.0,567.0,655.0,673.0,740.0,4,827.0
0.0,32.0,155.0,522.0,734.0,816.0,4,933.0
0.0,32.0,155.0,499.0,522.0,816.0,4,933.0
0.0,32.0,155.0,499.0,538.0,816.0,4,933.0
0.0,32.0,155.0,231.0,522.0,538.0,4,595.0
0.0,32.0,155.0,522.0,734.0,816.0,4,933.0
0.0,32.0,155.0,499.0,538.0,595.0,4,933.0
0.0,32.0,155.0,522.0,538.0,816.0,4,933.0
0.0,1.0,14.0,250.0,570.0,790.0,4,808.0
0.0,1.0,14.0,250.0,790.0,808.0,4,866.0
0.0,1.0,14.0,250.0,790.0,808.0,4,866.0
0.0,1.0,250.0,351.0,570.0,625.0,4,886.0
0.0,1.0,14.0,351.0,570.0,790.0,4,808.0
0.0,1.0,14.0,250.0,625.0,790.0,4,808.0
0.0,1.0,14.0,250.0,570.0,790.0,4,808.0
0.0,1.0,14.0,250.0,570.0,790.0,4,808.0
0.0,32.0,61.0,155.0,538.0,816.0,4,933.0
0.0,32.0,155.0,499.0,538.0,595.0,4,933.0
0.0,32.0,499.0,524.0,538.0,595.0,4,734.0
0.0,32.0,61.0,499.0,524.0,595.0,4,734.0
0.0,32.0,61.0,155.0,538.0,816.0,4,933.0
0.0,32.0,61.0,155.0,538.0,595.0,4,933.0
0.0,32.0,155.0,499.0,524.0,595.0,4,734.0
0.0,32.0,155.0,499.0,524.0,538.0,4,595.0
0.0,32.0,61.0,155.0,499.0,816.0,4,933.0
0.0,32.0,61.0,155.0,538.0,595.0,4,933.0
0.0,32.0,155.0,524.0,538.0,595.0,4,734.0
0.0,32.0,61.0,155.0,499.0,816.0,4,933.0
0.0,32.0,61.0,155.0,538.0,816.0,4,933.0
0.0,32.0,61.0,155.0,538.0,816.0,4,933.0
0.0,32.0,61.0,524.0,538.0,595.0,4,734.0
0.0,32.0,61.0,524.0,538.0,595.0,4,734.0
0.0,32.0,61.0,155.0,524.0,538.0,4,595.0
0.0,16.0,31.0,306.0,349.0,450.0,4,996.0
0.0,16.0,31.0,65.0,349.0,431.0,4,450.0
0.0,16.0,65.0,349.0,431.0,450.0,4,898.0
0.0,16.0,431.0,450.0,457.0,898.0,4,996.0
0.0,16.0,306.0,431.0,457.0,898.0,4,996.0
0.0,16.0,31.0,431.0,450.0,457.0,4,996.0
0.0,25.0,294.0,363.0,380.0,421.0,4,961.0
0.0,25.0,294.0,363.0,380.0,586.0,4,961.0
0.0,25.0,226.0,294.0,363.0,380.0,4,586.0
0.0,25.0,294.0,363.0,380.0,586.0,4,974.0
0.0,25.0,294.0,380.0,421.0,586.0,4,974.0
0.0,25.0,294.0,363.0,380.0,421.0,4,586.0
0.0,25.0,294.0,363.0,380.0,421.0,4,974.0
0.0,25.0,294.0,363.0,380.0,421.0,4,586.0
0.0,26.0,40.0,494.0,601.0,634.0,4,843.0
0.0,26.0,40.0,41.0,874.0,928.0,4,1024.0
0.0,26.0,40.0,41.0,874.0,928.0,4,1024.0
0.0,26.0,40.0,41.0,494.0,928.0,4,1024.0
0.0,26.0,40.0,41.0,601.0,634.0,4,874.0
0.0,26.0,40.0,41.0,601.0,874.0,4,1024.0
0.0,26.0,40.0,41.0,601.0,874.0,4,1024.0
0.0,26.0,40.0,41.0,601.0,874.0,4,1024.0
0.0,32.0,61.0,155.0,499.0,816.0,4,933.0
0.0,32.0,155.0,524.0,538.0,595.0,4,734.0
0.0,32.0,155.0,499.0,538.0,595.0,4,933.0
0.0,32.0,61.0,155.0,499.0,816.0,4,933.0
0.0,32.0,61.0,155.0,538.0,816.0,4,933.0
0.0,32.0,61.0,499.0,524.0,538.0,4,595.0
0.0,32.0,61.0,499.0,524.0,538.0,4,595.0
0.0,32.0,61.0,499.0,524.0,538.0,4,595.0
0.0,32.0,61.0,155.0,499.0,538.0,4,933.0
0.0,18.0,577.0,677.0,681.0,718.0,4,832.0
0.0,18.0,577.0,677.0,681.0,718.0,4,832.0
0.0,18.0,191.0,677.0,811.0,812.0,4,832.0
0.0,18.0,191.0,677.0,681.0,811.0,4,973.0
0.0,18.0,191.0,577.0,718.0,832.0,4,973.0
0.0,18.0,577.0,678.0,718.0,832.0,4,973.0
0.0,18.0,191.0,577.0,718.0,812.0,4,832.0
0.0,18.0,191.0,678.0,718.0,812.0,4,832.0
0.0,32.0,61.0,155.0,499.0,816.0,4,933.0
0.0,32.0,61.0,155.0,524.0,538.0,4,595.0
0.0,32.0,61.0,499.0,595.0,641.0,4,933.0
0.0,32.0,61.0,155.0,499.0,816.0,4,933.0
0.0,32.0,61.0,155.0,538.0,595.0,4,933.0
0.0,32.0,61.0,155.0,524.0,538.0,4,595.0
0.0,32.0,61.0,155.0,499.0,595.0,4,933.0
0.0,32.0,61.0,155.0,499.0,595.0,4,933.0
0.0,32.0,61.0,155.0,499.0,524.0,4,816.0
0.0,32.0,61.0,155.0,524.0,538.0,4,816.0
0.0,32.0,61.0,155.0,538.0,816.0,4,933.0
0.0,32.0,61.0,155.0,499.0,524.0,4,816.0
0.0,32.0,61.0,155.0,499.0,524.0,4,595.0
0.0,32.0,61.0,155.0,524.0,538.0,4,595.0
0.0,32.0,61.0,155.0,524.0,538.0,4,595.0
0.0,32.0,61.0,155.0,499.0,524.0,4,595.0
0.0,32.0,61.0,155.0,499.0,524.0,4,595.0
0.0,9.0,151.0,168.0,815.0,828.0,4,941.0
0.0,9.0,151.0,168.0,815.0,828.0,4,941.0
0.0,9.0,68.0,628.0,815.0,828.0,4,941.0
0.0,9.0,68.0,628.0,815.0,828.0,4,941.0
0.0,9.0,68.0,135.0,452.0,628.0,4,851.0
0.0,9.0,34.0,135.0,452.0,628.0,4,851.0
0.0,9.0,34.0,135.0,452.0,628.0,4,851.0
0.0,9.0,68.0,151.0,452.0,828.0,4,941.0
0.0,32.0,61.0,155.0,641.0,816.0,4,933.0
0.0,32.0,44.0,155.0,524.0,538.0,4,595.0
0.0,32.0,155.0,524.0,538.0,641.0,4,816.0
0.0,32.0,61.0,155.0,641.0,816.0,4,933.0
0.0,32.0,44.0,61.0,155.0,538.0,4,933.0
0.0,32.0,61.0,155.0,641.0,816.0,4,933.0
0.0,32.0,44.0,524.0,538.0,595.0,4,641.0
0.0,32.0,155.0,524.0,538.0,595.0,4,641.0
0.0,32.0,44.0,61.0,155.0,524.0,4,641.0
0.0,16.0,65.0,285.0,296.0,431.0,4,1014.0
0.0,16.0,65.0,285.0,296.0,431.0,4,1014.0
0.0,16.0,285.0,296.0,431.0,996.0,4,1014.0
0.0,16.0,31.0,65.0,285.0,296.0,4,349.0
0.0,16.0,31.0,65.0,285.0,296.0,4,349.0
0.0,16.0,65.0,285.0,296.0,349.0,4,1014.0
0.0,16.0,31.0,65.0,296.0,349.0,4,996.0
0.0,16.0,31.0,285.0,296.0,349.0,4,996.0
0.0,16.0,31.0,285.0,296.0,349.0,4,996.0
0.0,16.0,65.0,285.0,296.0,431.0,4,996.0
0.0,16.0,65.0,285.0,296.0,349.0,4,996.0
0.0,16.0,285.0,296.0,349.0,431.0,4,996.0
0.0,25.0,294.0,363.0,380.0,421.0,4,961.0
0.0,25.0,294.0,363.0,380.0,421.0,4,961.0
0.0,25.0,133.0,294.0,380.0,586.0,4,961.0
0.0,25.0,294.0,363.0,380.0,421.0,4,961.0
0.0,25.0,294.0,363.0,421.0,561.0,4,961.0
0.0,25.0,294.0,363.0,421.0,561.0,4,961.0
0.0,25.0,133.0,226.0,561.0,586.0,4,961.0
0.0,25.0,133.0,226.0,380.0,586.0,4,961.0
0.0,25.0,133.0,226.0,380.0,586.0,4,961.0
0.0,25.0,133.0,226.0,294.0,380.0,4,586.0
0.0,0.0,493.0,527.0,535.0,905.0,4,1037.0
0.0,0.0,493.0,527.0,535.0,905.0,4,1037.0
0.0,0.0,493.0,527.0,631.0,905.0,4,991.0
0.0,0.0,493.0,527.0,631.0,991.0,4,1037.0
0.0,0.0,142.0,493.0,527.0,535.0,4,1037.0
0.0,0.0,142.0,493.0,535.0,905.0,4,1037.0
0.0,0.0,493.0,527.0,535.0,991.0,4,1037.0
0.0,0.0,142.0,527.0,535.0,631.0,4,991.0
0.0,0.0,493.0,527.0,535.0,631.0,4,991.0
0.0,0.0,493.0,527.0,535.0,991.0,4,1037.0
0.0,0.0,493.0,527.0,535.0,991.0,4,1037.0
0.0,13.0,182.0,192.0,315.0,871.0,4,956.0
0.0,13.0,161.0,182.0,803.0,900.0,4,956.0
0.0,13.0,161.0,182.0,315.0,803.0,4,900.0
0.0,13.0,161.0,315.0,803.0,871.0,4,956.0
0.0,13.0,161.0,315.0,803.0,871.0,4,956.0
0.0,13.0,161.0,315.0,803.0,871.0,4,956.0
0.0,13.0,161.0,315.0,803.0,871.0,4,956.0
0.0,13.0,161.0,192.0,315.0,900.0,4,956.0
0.0,13.0,161.0,182.0,192.0,900.0,4,956.0
0.0,13.0,161.0,315.0,803.0,900.0,4,956.0
0.0,4.0,46.0,85.0,158.0,589.0,4,646.0
0.0,4.0,46.0,85.0,158.0,589.0,4,646.0
0.0,4.0,46.0,81.0,589.0,646.0,4,653.0
0.0,4.0,81.0,85.0,158.0,589.0,4,646.0
0.0,4.0,81.0,85.0,589.0,646.0,4,947.0
0.0,4.0,46.0,81.0,85.0,158.0,4,947.0
0.0,4.0,46.0,81.0,85.0,158.0,4,589.0
0.0,6.0,290.0,323.0,616.0,623.0,4,1039.0
0.0,6.0,290.0,323.0,616.0,623.0,4,1039.0
0.0,6.0,35.0,208.0,213.0,284.0,4,623.0
0.0,6.0,35.0,208.0,290.0,616.0,4,623.0
0.0,6.0,35.0,290.0,323.0,616.0,4,623.0
0.0,6.0,290.0,323.0,616.0,623.0,4,1039.0
0.0,6.0,35.0,323.0,616.0,623.0,4,1039.0
0.0,6.0,35.0,323.0,616.0,623.0,4,1039.0
0.0,6.0,35.0,208.0,284.0,323.0,4,623.0
0.0,6.0,35.0,208.0,213.0,284.0,4,323.0
0.0,6.0,35.0,208.0,213.0,284.0,4,876.0
0.0,6.0,213.0,236.0,284.0,390.0,4,876.0
0.0,6.0,35.0,284.0,323.0,616.0,4,623.0
0.0,6.0,35.0,323.0,616.0,623.0,4,1039.0
0.0,6.0,35.0,236.0,284.0,616.0,4,876.0
0.0,9.0,135.0,202.0,452.0,851.0,4,1018.0
0.0,9.0,135.0,151.0,202.0,452.0,4,851.0
0.0,9.0,135.0,151.0,452.0,743.0,4,851.0
0.0,9.0,151.0,452.0,743.0,828.0,4,941.0
0.0,9.0,202.0,452.0,828.0,941.0,4,1018.0
0.0,9.0,202.0,452.0,828.0,941.0,4,1018.0
0.0,9.0,68.0,135.0,452.0,828.0,4,1018.0
0.0,9.0,68.0,135.0,151.0,452.0,4,851.0
0.0,18.0,577.0,677.0,718.0,832.0,4,973.0
0.0,18.0,191.0,677.0,681.0,811.0,4,832.0
0.0,18.0,191.0,577.0,681.0,811.0,4,982.0
0.0,18.0,191.0,577.0,681.0,718.0,4,973.0
0.0,18.0,191.0,577.0,718.0,832.0,4,973.0
0.0,18.0,577.0,677.0,718.0,832.0,4,973.0
0.0,18.0,577.0,677.0,811.0,832.0,4,973.0
0.0,18.0,577.0,677.0,718.0,832.0,4,973.0
0.0,18.0,577.0,677.0,718.0,832.0,4,973.0
0.0,18.0,577.0,677.0,718.0,832.0,4,973.0
0.0,18.0,191.0,677.0,681.0,811.0,4,832.0
0.0,18.0,191.0,678.0,681.0,811.0,4,982.0
0.0,11.0,274.0,553.0,806.0,895.0,4,968.0
0.0,11.0,274.0,553.0,806.0,895.0,4,968.0
0.0,11.0,173.0,647.0,806.0,925.0,4,968.0
0.0,11.0,173.0,553.0,647.0,806.0,4,895.0
0.0,11.0,173.0,504.0,553.0,647.0,4,895.0
0.0,11.0,173.0,504.0,553.0,895.0,4,968.0
0.0,11.0,173.0,504.0,553.0,895.0,4,968.0
0.0,11.0,274.0,553.0,806.0,895.0,4,968.0
0.0,11.0,274.0,553.0,806.0,895.0,4,968.0
0.0,11.0,274.0,553.0,647.0,806.0,4,895.0
0.0,11.0,274.0,504.0,553.0,647.0,4,968.0
0.0,11.0,173.0,553.0,647.0,806.0,4,968.0
0.0,11.0,99.0,274.0,647.0,806.0,4,895.0
0.0,11.0,99.0,274.0,647.0,895.0,4,968.0
0.0,11.0,173.0,553.0,647.0,806.0,4,968.0
0.0,11.0,99.0,173.0,553.0,647.0,4,895.0
0.0,12.0,216.0,417.0,462.0,715.0,4,983.0
0.0,12.0,216.0,387.0,417.0,462.0,4,715.0
0.0,12.0,228.0,387.0,417.0,715.0,4,983.0
0.0,12.0,216.0,417.0,462.0,715.0,4,983.0
0.0,12.0,216.0,417.0,462.0,715.0,4,983.0
0.0,12.0,216.0,387.0,417.0,819.0,4,983.0
0.0,12.0,216.0,228.0,387.0,462.0,4,819.0
0.0,30.0,121.0,337.0,657.0,953.0,4,963.0
0.0,30.0,121.0,337.0,657.0,953.0,4,963.0
0.0,30.0,121.0,409.0,657.0,839.0,4,953.0
0.0,30.0,113.0,121.0,335.0,839.0,4,963.0
0.0,30.0,113.0,121.0,335.0,953.0,4,963.0
0.0,30.0,113.0,337.0,657.0,953.0,4,963.0
0.0,30.0,121.0,337.0,657.0,953.0,4,963.0
0.0,30.0,113.0,121.0,337.0,953.0,4,963.0
0.0,30.0,121.0,337.0,657.0,953.0,4,963.0
0.0,30.0,335.0,409.0,657.0,705.0,4,839.0
0.0,30.0,86.0,335.0,409.0,689.0,4,705.0
0.0,13.0,182.0,315.0,803.0,871.0,4,956.0
0.0,13.0,161.0,182.0,315.0,803.0,4,871.0
0.0,13.0,192.0,315.0,803.0,871.0,4,956.0
0.0,13.0,182.0,315.0,803.0,871.0,4,956.0
0.0,13.0,161.0,182.0,192.0,315.0,4,871.0
0.0,13.0,161.0,192.0,212.0,315.0,4,956.0
0.0,13.0,161.0,192.0,212.0,315.0,4,803.0
0.0,13.0,161.0,192.0,315.0,803.0,4,871.0
0.0,23.0,440.0,673.0,827.0,921.0,4,923.0
0.0,23.0,307.0,673.0,827.0,921.0,4,923.0
0.0,23.0,146.0,307.0,798.0,921.0,4,923.0
0.0,23.0,146.0,307.0,440.0,798.0,4,921.0
0.0,23.0,307.0,440.0,655.0,798.0,4,921.0
0.0,26.0,40.0,41.0,874.0,928.0,4,1024.0
0.0,26.0,40.0,494.0,601.0,634.0,4,874.0
0.0,26.0,40.0,41.0,494.0,601.0,4,874.0
0.0,26.0,40.0,41.0,601.0,874.0,4,928.0
0.0,26.0,40.0,41.0,494.0,601.0,4,874.0
0.0,26.0,40.0,41.0,494.0,601.0,4,874.0
0.0,1.0,14.0,118.0,351.0,790.0,4,886.0
0.0,1.0,14.0,27.0,118.0,790.0,4,886.0
0.0,1.0,118.0,351.0,570.0,790.0,4,808.0
0.0,1.0,14.0,351.0,570.0,790.0,4,808.0
0.0,1.0,14.0,351.0,570.0,790.0,4,808.0
0.0,1.0,14.0,27.0,570.0,790.0,4,808.0
0.0,1.0,14.0,27.0,118.0,625.0,4,886.0
0.0,1.0,14.0,27.0,118.0,625.0,4,886.0
0.0,1.0,27.0,118.0,351.0,790.0,4,886.0
0.0,28.0,110.0,389.0,416.0,890.0,4,1036.0
0.0,28.0,110.0,416.0,444.0,685.0,4,1036.0
0.0,28.0,110.0,389.0,416.0,444.0,4,1036.0
0.0,28.0,110.0,416.0,444.0,685.0,4,1036.0
0.0,28.0,110.0,416.0,444.0,685.0,4,1036.0
0.0,28.0,110.0,210.0,416.0,685.0,4,971.0
0.0,18.0,577.0,677.0,718.0,832.0,4,973.0
0.0,18.0,577.0,677.0,718.0,832.0,4,973.0
0.0,18.0,191.0,677.0,811.0,832.0,4,973.0
0.0,18.0,191.0,677.0,811.0,812.0,4,832.0
0.0,18.0,191.0,577.0,811.0,812.0,4,832.0
0.0,18.0,191.0,577.0,681.0,811.0,4,812.0
0.0,18.0,191.0,577.0,681.0,811.0,4,812.0
0.0,18.0,577.0,677.0,718.0,832.0,4,973.0
0.0,18.0,191.0,677.0,811.0,832.0,4,973.0
0.0,30.0,121.0,337.0,705.0,953.0,4,963.0
0.0,30.0,121.0,335.0,657.0,953.0,4,963.0
0.0,30.0,335.0,337.0,409.0,657.0,4,705.0
0.0,30.0,121.0,409.0,689.0,705.0,4,953.0
0.0,30.0,121.0,657.0,689.0,953.0,4,963.0
0.0,30.0,121.0,335.0,705.0,953.0,4,963.0
0.0,30.0,121.0,335.0,657.0,953.0,4,963.0
0.0,30.0,121.0,335.0,657.0,953.0,4,963.0
0.0,30.0,86.0,121.0,335.0,657.0,4,689.0
0.0,28.0,340.0,416.0,444.0,685.0,4,971.0
0.0,28.0,340.0,416.0,444.0,685.0,4,971.0
0.0,28.0,340.0,643.0,685.0,890.0,4,971.0
0.0,28.0,210.0,643.0,685.0,890.0,4,971.0
0.0,28.0,210.0,643.0,685.0,890.0,4,971.0
0.0,28.0,210.0,340.0,643.0,890.0,4,971.0
0.0,28.0,340.0,416.0,444.0,685.0,4,804.0
0.0,28.0,340.0,416.0,444.0,685.0,4,971.0
0.0,28.0,210.0,643.0,685.0,890.0,4,971.0
0.0,28.0,210.0,340.0,643.0,890.0,4,971.0
0.0,28.0,340.0,416.0,444.0,685.0,4,971.0
0.0,16.0,31.0,65.0,296.0,349.0,4,996.0
0.0,16.0,31.0,65.0,296.0,349.0,4,996.0
0.0,16.0,31.0,296.0,349.0,431.0,4,996.0
0.0,16.0,65.0,296.0,349.0,898.0,4,996.0
0.0,25.0,294.0,363.0,380.0,421.0,4,961.0
0.0,25.0,226.0,294.0,363.0,380.0,4,421.0
0.0,25.0,226.0,294.0,380.0,421.0,4,586.0
0.0,25.0,133.0,363.0,561.0,586.0,4,961.0
0.0,25.0,133.0,363.0,380.0,586.0,4,961.0
0.0,25.0,133.0,363.0,380.0,586.0,4,961.0
0.0,25.0,133.0,380.0,561.0,586.0,4,961.0
0.0,25.0,133.0,294.0,380.0,421.0,4,561.0
0.0,25.0,226.0,363.0,380.0,421.0,4,961.0
0.0,25.0,226.0,363.0,380.0,421.0,4,961.0
0.0,25.0,294.0,363.0,380.0,421.0,4,586.0
0.0,6.0,290.0,323.0,616.0,623.0,4,1039.0
0.0,6.0,208.0,284.0,290.0,616.0,4,623.0
0.0,6.0,35.0,208.0,284.0,623.0,4,876.0
0.0,6.0,35.0,284.0,323.0,623.0,4,876.0
0.0,6.0,35.0,284.0,323.0,623.0,4,876.0
0.0,6.0,290.0,323.0,616.0,623.0,4,1039.0
0.0,6.0,208.0,284.0,290.0,616.0,4,623.0
0.0,6.0,35.0,208.0,284.0,623.0,4,876.0
0.0,6.0,35.0,208.0,284.0,623.0,4,876.0
0.0,6.0,35.0,208.0,284.0,623.0,4,876.0
0.0,4.0,81.0,85.0,589.0,646.0,4,775.0
0.0,4.0,46.0,85.0,589.0,646.0,4,947.0
0.0,4.0,11.0,46.0,85.0,589.0,4,947.0
0.0,4.0,11.0,85.0,158.0,947.0,4,992.0
0.0,4.0,11.0,81.0,85.0,158.0,4,992.0
0.0,4.0,11.0,46.0,85.0,158.0,4,589.0
0.0,4.0,46.0,81.0,85.0,158.0,4,646.0
0.0,4.0,46.0,85.0,158.0,589.0,4,646.0
0.0,4.0,46.0,85.0,158.0,589.0,4,646.0
0.0,11.0,274.0,553.0,647.0,806.0,4,968.0
0.0,11.0,274.0,647.0,806.0,880.0,4,968.0
0.0,11.0,590.0,647.0,806.0,880.0,4,1031.0
0.0,11.0,590.0,647.0,806.0,880.0,4,1031.0
0.0,11.0,590.0,647.0,806.0,880.0,4,1031.0
0.0,11.0,590.0,647.0,880.0,895.0,4,1031.0
0.0,11.0,590.0,647.0,880.0,895.0,4,968.0
0.0,11.0,590.0,647.0,880.0,895.0,4,968.0
0.0,11.0,590.0,647.0,895.0,968.0,4,1031.0
0.0,11.0,553.0,806.0,895.0,968.0,4,1031.0
0.0,11.0,553.0,806.0,895.0,968.0,4,1031.0
0.0,11.0,590.0,647.0,880.0,968.0,4,1031.0
0.0,30.0,86.0,337.0,705.0,839.0,4,963.0
0.0,30.0,86.0,657.0,689.0,705.0,4,839.0
0.0,30.0,86.0,657.0,689.0,705.0,4,953.0
0.0,30.0,113.0,121.0,689.0,953.0,4,963.0
0.0,30.0,121.0,657.0,839.0,953.0,4,963.0
0.0,30.0,121.0,335.0,657.0,953.0,4,963.0
0.0,30.0,121.0,335.0,657.0,953.0,4,963.0
0.0,30.0,113.0,335.0,705.0,953.0,4,963.0
0.0,30.0,86.0,113.0,337.0,705.0,4,953.0
0.0,30.0,86.0,113.0,337.0,705.0,4,839.0
0.0,30.0,86.0,113.0,121.0,337.0,4,953.0
0.0,26.0,29.0,40.0,582.0,874.0,4,901.0
0.0,26.0,18.0,29.0,40.0,601.0,4,1024.0
0.0,26.0,18.0,40.0,582.0,601.0,4,1024.0
0.0,26.0,29.0,40.0,843.0,874.0,4,1024.0
0.0,26.0,29.0,40.0,843.0,874.0,4,1024.0
0.0,26.0,18.0,29.0,40.0,843.0,4,1024.0
0.0,26.0,29.0,40.0,582.0,874.0,4,901.0
0.0,26.0,18.0,29.0,40.0,582.0,4,874.0
0.0,26.0,18.0,29.0,40.0,601.0,4,1024.0
0.0,26.0,29.0,40.0,601.0,874.0,4,1024.0
0.0,26.0,29.0,601.0,843.0,874.0,4,1024.0
0.0,23.0,234.0,307.0,418.0,740.0,4,798.0
0.0,23.0,234.0,307.0,418.0,827.0,4,921.0
0.0,23.0,234.0,307.0,418.0,827.0,4,923.0
0.0,23.0,234.0,307.0,418.0,827.0,4,923.0
0.0,23.0,234.0,307.0,418.0,827.0,4,923.0
0.0,23.0,234.0,307.0,418.0,827.0,4,923.0
0.0,4.0,11.0,81.0,158.0,653.0,4,775.0
0.0,4.0,81.0,158.0,646.0,653.0,4,775.0
0.0,4.0,46.0,81.0,85.0,589.0,4,992.0
0.0,4.0,46.0,81.0,85.0,158.0,4,589.0
0.0,4.0,81.0,85.0,158.0,646.0,4,775.0
0.0,4.0,81.0,85.0,158.0,589.0,4,775.0
0.0,4.0,81.0,85.0,158.0,589.0,4,775.0
0.0,4.0,81.0,85.0,158.0,589.0,4,775.0
0.0,4.0,81.0,85.0,158.0,589.0,4,775.0
0.0,4.0,46.0,85.0,158.0,589.0,4,646.0
0.0,4.0,158.0,589.0,646.0,775.0,4,992.0
0.0,4.0,81.0,589.0,646.0,775.0,4,992.0
0.0,4.0,81.0,589.0,646.0,722.0,4,775.0
0.0,4.0,46.0,81.0,85.0,158.0,4,722.0
0.0,4.0,46.0,158.0,589.0,646.0,4,722.0
0.0,4.0,46.0,85.0,158.0,589.0,4,646.0
0.0,4.0,46.0,81.0,85.0,589.0,4,646.0
0.0,4.0,11.0,81.0,775.0,947.0,4,992.0
0.0,4.0,46.0,85.0,158.0,589.0,4,646.0
0.0,4.0,46.0,81.0,85.0,158.0,4,646.0
0.0,4.0,46.0,81.0,85.0,158.0,4,646.0
0.0,4.0,81.0,85.0,158.0,646.0,4,992.0
0.0,4.0,46.0,81.0,589.0,775.0,4,992.0
0.0,4.0,46.0,81.0,85.0,158.0,4,992.0
0.0,4.0,11.0,81.0,85.0,646.0,4,947.0
0.0,4.0,11.0,81.0,646.0,775.0,4,947.0
0.0,4.0,46.0,81.0,85.0,158.0,4,646.0
0.0,4.0,46.0,81.0,85.0,158.0,4,646.0
0.0,4.0,81.0,158.0,646.0,775.0,4,992.0
0.0,4.0,11.0,158.0,653.0,775.0,4,947.0
0.0,4.0,11.0,158.0,722.0,775.0,4,947.0
0.0,4.0,11.0,81.0,85.0,589.0,4,775.0
0.0,4.0,46.0,81.0,589.0,646.0,4,775.0
0.0,4.0,81.0,158.0,646.0,653.0,4,722.0
0.0,4.0,46.0,158.0,589.0,646.0,4,722.0
0.0,4.0,81.0,85.0,158.0,589.0,4,992.0
0.0,4.0,81.0,85.0,158.0,589.0,4,646.0
0.0,4.0,46.0,81.0,158.0,589.0,4,646.0
0.0,4.0,46.0,81.0,158.0,589.0,4,646.0
0.0,4.0,46.0,81.0,85.0,589.0,4,646.0
0.0,4.0,46.0,85.0,158.0,589.0,4,646.0
0.0,4.0,46.0,85.0,158.0,589.0,4,646.0
0.0,4.0,46.0,81.0,85.0,589.0,4,646.0
0.0,4.0,81.0,85.0,589.0,646.0,4,775.0
0.0,4.0,46.0,81.0,85.0,589.0,4,646.0
0.0,0.0,493.0,535.0,686.0,912.0,4,1037.0
0.0,0.0,493.0,535.0,631.0,686.0,4,912.0
0.0,0.0,493.0,535.0,686.0,912.0,4,1037.0
0.0,0.0,493.0,535.0,686.0,912.0,4,1037.0
0.0,0.0,493.0,535.0,686.0,912.0,4,1037.0
0.0,0.0,493.0,535.0,870.0,905.0,4,1037.0
0.0,0.0,493.0,535.0,631.0,870.0,4,905.0
0.0,0.0,535.0,631.0,857.0,870.0,4,905.0
0.0,0.0,535.0,631.0,686.0,857.0,4,870.0
0.0,0.0,493.0,535.0,631.0,686.0,4,912.0
0.0,23.0,146.0,234.0,418.0,827.0,4,921.0
0.0,23.0,146.0,307.0,418.0,655.0,4,827.0
0.0,23.0,146.0,234.0,307.0,418.0,4,921.0
0.0,23.0,146.0,418.0,480.0,827.0,4,921.0
0.0,23.0,418.0,480.0,567.0,827.0,4,921.0
0.0,23.0,418.0,480.0,567.0,827.0,4,921.0
0.0,23.0,234.0,307.0,418.0,827.0,4,921.0
0.0,23.0,234.0,307.0,418.0,827.0,4,921.0
0.0,23.0,146.0,234.0,307.0,418.0,4,921.0
0.0,23.0,146.0,234.0,307.0,418.0,4,921.0
0.0,4.0,46.0,85.0,158.0,589.0,4,646.0
0.0,4.0,46.0,81.0,158.0,775.0,4,947.0
0.0,4.0,81.0,158.0,722.0,775.0,4,947.0
0.0,4.0,81.0,158.0,722.0,775.0,4,947.0
0.0,4.0,81.0,85.0,158.0,775.0,4,947.0
0.0,4.0,46.0,81.0,85.0,589.0,4,947.0
0.0,4.0,46.0,85.0,158.0,589.0,4,646.0
0.0,4.0,46.0,85.0,158.0,589.0,4,646.0
0.0,4.0,81.0,589.0,646.0,775.0,4,992.0
0.0,4.0,11.0,653.0,722.0,947.0,4,992.0
0.0,18.0,577.0,677.0,718.0,832.0,4,973.0
0.0,18.0,191.0,677.0,681.0,718.0,4,832.0
0.0,18.0,577.0,677.0,681.0,811.0,4,973.0
0.0,18.0,677.0,681.0,718.0,832.0,4,973.0
0.0,18.0,577.0,677.0,718.0,832.0,4,973.0
0.0,18.0,191.0,549.0,681.0,811.0,4,832.0
0.0,18.0,191.0,577.0,681.0,718.0,4,811.0
0.0,4.0,46.0,85.0,158.0,589.0,4,646.0
0.0,4.0,46.0,85.0,158.0,589.0,4,646.0
0.0,4.0,81.0,85.0,589.0,646.0,4,947.0
0.0,4.0,81.0,589.0,775.0,947.0,4,992.0
0.0,4.0,81.0,589.0,775.0,947.0,4,992.0
0.0,4.0,81.0,589.0,646.0,775.0,4,992.0
0.0,4.0,46.0,81.0,85.0,158.0,4,992.0
0.0,4.0,46.0,81.0,85.0,589.0,4,646.0
0.0,4.0,46.0,85.0,158.0,646.0,4,947.0
0.0,4.0,46.0,81.0,85.0,158.0,4,646.0
0.0,4.0,46.0,81.0,85.0,158.0,4,646.0
0.0,4.0,11.0,158.0,722.0,775.0,4,992.0
0.0,4.0,11.0,81.0,85.0,646.0,4,775.0
0.0,4.0,11.0,81.0,85.0,646.0,4,775.0
0.0,4.0,46.0,81.0,85.0,158.0,4,646.0
0.0,4.0,81.0,158.0,646.0,653.0,4,775.0
0.0,4.0,81.0,158.0,646.0,653.0,4,775.0
0.0,4.0,81.0,158.0,646.0,653.0,4,775.0
0.0,4.0,81.0,158.0,646.0,653.0,4,775.0
0.0,4.0,46.0,85.0,158.0,589.0,4,646.0
0.0,4.0,46.0,81.0,85.0,158.0,4,646.0
0.0,4.0,46.0,81.0,589.0,646.0,4,775.0
0.0,4.0,46.0,81.0,589.0,775.0,4,947.0
0.0,4.0,81.0,589.0,646.0,775.0,4,947.0
0.0,4.0,11.0,81.0,85.0,589.0,4,646.0
0.0,4.0,11.0,81.0,85.0,158.0,4,646.0
0.0,4.0,46.0,85.0,158.0,589.0,4,646.0
0.0,4.0,46.0,81.0,85.0,589.0,4,775.0
0.0,4.0,11.0,81.0,85.0,158.0,4,775.0
0.0,4.0,11.0,81.0,85.0,158.0,4,775.0
0.0,4.0,11.0,81.0,85.0,158.0,4,646.0
0.0,4.0,46.0,85.0,158.0,589.0,4,646.0
0.0,4.0,11.0,81.0,85.0,589.0,4,653.0
0.0,4.0,11.0,46.0,81.0,158.0,4,653.0
0.0,4.0,46.0,81.0,158.0,646.0,4,653.0
0.0,4.0,46.0,81.0,589.0,646.0,4,722.0
0.0,4.0,81.0,85.0,589.0,646.0,4,722.0
0.0,4.0,46.0,81.0,589.0,646.0,4,722.0
0.0,4.0,46.0,81.0,589.0,646.0,4,722.0
0.0,4.0,46.0,81.0,85.0,589.0,4,646.0
0.0,4.0,46.0,81.0,85.0,589.0,4,646.0
0.0,4.0,81.0,158.0,646.0,775.0,4,1004.0
0.0,4.0,11.0,81.0,158.0,775.0,4,1004.0
0.0,4.0,11.0,46.0,81.0,589.0,4,775.0
0.0,4.0,46.0,81.0,85.0,589.0,4,646.0
0.0,4.0,46.0,81.0,158.0,589.0,4,775.0
0.0,4.0,46.0,81.0,589.0,646.0,4,1004.0
0.0,4.0,81.0,589.0,646.0,775.0,4,992.0
0.0,4.0,46.0,589.0,646.0,653.0,4,947.0
0.0,4.0,46.0,81.0,653.0,947.0,4,1004.0
0.0,4.0,46.0,81.0,947.0,992.0,4,1004.0
0.0,4.0,46.0,81.0,947.0,992.0,4,1004.0
0.0,4.0,46.0,81.0,646.0,947.0,4,992.0
0.0,4.0,46.0,81.0,589.0,646.0,4,992.0
0.0,4.0,81.0,589.0,646.0,775.0,4,992.0
0.0,4.0,46.0,81.0,589.0,646.0,4,775.0
0.0,4.0,46.0,81.0,589.0,646.0,4,775.0
0.0,4.0,46.0,589.0,646.0,722.0,4,947.0
0.0,4.0,46.0,589.0,722.0,947.0,4,1004.0
0.0,4.0,46.0,81.0,589.0,646.0,4,775.0
0.0,4.0,46.0,81.0,589.0,646.0,4,775.0
0.0,12.0,216.0,228.0,477.0,715.0,4,983.0
0.0,12.0,216.0,228.0,477.0,715.0,4,983.0
0.0,12.0,462.0,477.0,682.0,715.0,4,770.0
0.0,12.0,228.0,387.0,462.0,682.0,4,903.0
0.0,12.0,216.0,462.0,477.0,682.0,4,715.0
0.0,12.0,216.0,228.0,477.0,715.0,4,983.0
0.0,12.0,216.0,462.0,477.0,682.0,4,770.0
0.0,4.0,81.0,85.0,589.0,646.0,4,775.0
0.0,4.0,81.0,85.0,589.0,646.0,4,775.0
0.0,4.0,46.0,81.0,589.0,646.0,4,775.0
0.0,4.0,81.0,85.0,589.0,646.0,4,775.0
0.0,4.0,46.0,81.0,85.0,589.0,4,646.0
0.0,4.0,46.0,81.0,85.0,589.0,4,646.0
0.0,4.0,46.0,589.0,775.0,947.0,4,992.0
0.0,4.0,46.0,589.0,775.0,947.0,4,992.0
0.0,4.0,81.0,85.0,589.0,646.0,4,775.0
0.0,4.0,46.0,81.0,85.0,589.0,4,646.0
0.0,4.0,46.0,85.0,158.0,589.0,4,646.0
0.0,4.0,81.0,85.0,589.0,646.0,4,775.0
0.0,4.0,81.0,85.0,589.0,646.0,4,775.0
0.0,4.0,81.0,85.0,589.0,646.0,4,722.0
0.0,13.0,192.0,315.0,803.0,871.0,4,956.0
0.0,13.0,182.0,315.0,871.0,900.0,4,956.0
0.0,13.0,161.0,182.0,192.0,900.0,4,956.0
0.0,13.0,161.0,315.0,803.0,871.0,4,900.0
0.0,13.0,315.0,803.0,871.0,900.0,4,956.0
0.0,13.0,182.0,287.0,315.0,900.0,4,956.0
0.0,13.0,182.0,192.0,315.0,871.0,4,900.0
0.0,13.0,182.0,315.0,803.0,900.0,4,956.0
0.0,28.0,110.0,389.0,444.0,497.0,4,1036.0
0.0,28.0,389.0,444.0,497.0,538.0,4,1036.0
0.0,28.0,389.0,444.0,497.0,538.0,4,1036.0
0.0,28.0,444.0,538.0,608.0,685.0,4,1036.0
0.0,28.0,110.0,444.0,608.0,971.0,4,1036.0
0.0,28.0,110.0,444.0,608.0,971.0,4,1036.0
0.0,28.0,110.0,389.0,444.0,497.0,4,1036.0
0.0,28.0,110.0,389.0,444.0,497.0,4,1036.0
0.0,28.0,110.0,389.0,444.0,497.0,4,1036.0
0.0,28.0,110.0,389.0,444.0,538.0,4,1036.0
0.0,28.0,110.0,444.0,538.0,608.0,4,1036.0
0.0,28.0,110.0,389.0,444.0,538.0,4,1036.0
0.0,4.0,81.0,85.0,589.0,646.0,4,775.0
0.0,4.0,81.0,85.0,158.0,646.0,4,775.0
0.0,4.0,81.0,158.0,646.0,653.0,4,775.0
0.0,4.0,11.0,85.0,158.0,589.0,4,653.0
0.0,4.0,11.0,85.0,158.0,589.0,4,653.0
0.0,4.0,11.0,85.0,158.0,589.0,4,646.0
0.0,4.0,11.0,81.0,85.0,589.0,4,646.0
0.0,4.0,81.0,85.0,589.0,646.0,4,775.0
0.0,4.0,85.0,158.0,589.0,646.0,4,775.0
0.0,4.0,85.0,158.0,589.0,646.0,4,775.0
0.0,4.0,85.0,158.0,589.0,646.0,4,653.0
0.0,4.0,11.0,85.0,158.0,589.0,4,653.0
0.0,4.0,11.0,158.0,653.0,947.0,4,1004.0
0.0,4.0,11.0,158.0,947.0,992.0,4,1004.0
0.0,4.0,11.0,158.0,947.0,992.0,4,1004.0
0.0,6.0,35.0,213.0,290.0,616.0,4,623.0
0.0,6.0,35.0,213.0,290.0,616.0,4,623.0
0.0,6.0,35.0,236.0,284.0,323.0,4,623.0
0.0,6.0,35.0,213.0,292.0,616.0,4,623.0
0.0,6.0,35.0,213.0,323.0,616.0,4,623.0
0.0,6.0,35.0,213.0,323.0,616.0,4,623.0
0.0,6.0,213.0,284.0,323.0,616.0,4,623.0
0.0,6.0,213.0,284.0,323.0,616.0,4,623.0
0.0,6.0,35.0,213.0,323.0,616.0,4,623.0
0.0,9.0,68.0,151.0,168.0,828.0,4,941.0
0.0,9.0,68.0,628.0,815.0,828.0,4,941.0
0.0,9.0,68.0,151.0,628.0,815.0,4,941.0
0.0,9.0,151.0,168.0,452.0,828.0,4,941.0
0.0,9.0,151.0,168.0,452.0,828.0,4,941.0
0.0,9.0,68.0,151.0,452.0,828.0,4,941.0
0.0,9.0,68.0,135.0,452.0,628.0,4,828.0
0.0,9.0,68.0,135.0,452.0,628.0,4,828.0
0.0,9.0,68.0,151.0,168.0,828.0,4,941.0
0.0,4.0,11.0,158.0,653.0,722.0,4,947.0
0.0,4.0,11.0,158.0,589.0,653.0,4,722.0
0.0,4.0,81.0,85.0,589.0,646.0,4,722.0
0.0,4.0,85.0,158.0,589.0,646.0,4,775.0
0.0,4.0,85.0,158.0,589.0,646.0,4,653.0
0.0,4.0,81.0,85.0,589.0,646.0,4,653.0
0.0,4.0,81.0,85.0,158.0,646.0,4,992.0
0.0,4.0,81.0,85.0,158.0,646.0,4,992.0
0.0,4.0,81.0,85.0,158.0,589.0,4,646.0
0.0,4.0,81.0,85.0,589.0,646.0,4,992.0
0.0,4.0,81.0,85.0,158.0,646.0,4,992.0
0.0,4.0,81.0,85.0,158.0,646.0,4,992.0
0.0,4.0,85.0,158.0,589.0,947.0,4,992.0
0.0,4.0,81.0,85.0,589.0,646.0,4,992.0
0.0,4.0,11.0,81.0,85.0,158.0,4,646.0
0.0,4.0,11.0,81.0,158.0,646.0,4,722.0
0.0,4.0,81.0,85.0,589.0,646.0,4,992.0
0.0,4.0,81.0,85.0,589.0,646.0,4,722.0
0.0,4.0,81.0,85.0,158.0,646.0,4,722.0
0.0,4.0,85.0,158.0,589.0,646.0,4,722.0
0.0,4.0,11.0,81.0,85.0,646.0,4,992.0
0.0,4.0,11.0,81.0,85.0,589.0,4,646.0
0.0,4.0,11.0,81.0,85.0,589.0,4,646.0
0.0,16.0,306.0,431.0,457.0,898.0,4,996.0
0.0,16.0,306.0,431.0,457.0,898.0,4,996.0
0.0,16.0,31.0,65.0,306.0,349.0,4,431.0
0.0,16.0,31.0,65.0,306.0,349.0,4,457.0
0.0,16.0,306.0,431.0,457.0,898.0,4,996.0
0.0,16.0,65.0,349.0,457.0,898.0,4,996.0
0.0,16.0,31.0,65.0,349.0,457.0,4,996.0
0.0,16.0,31.0,65.0,349.0,457.0,4,996.0
0.0,16.0,65.0,306.0,349.0,431.0,4,898.0
0.0,16.0,65.0,306.0,349.0,431.0,4,898.0
0.0,16.0,65.0,306.0,349.0,431.0,4,704.0
0.0,25.0,294.0,363.0,380.0,421.0,4,974.0
0.0,25.0,133.0,294.0,363.0,586.0,4,974.0
0.0,25.0,294.0,363.0,398.0,421.0,4,974.0
0.0,25.0,294.0,363.0,421.0,561.0,4,974.0
0.0,25.0,294.0,421.0,561.0,586.0,4,974.0
0.0,25.0,133.0,294.0,398.0,586.0,4,974.0
0.0,25.0,133.0,294.0,398.0,586.0,4,780.0
0.0,25.0,92.0,133.0,398.0,586.0,4,780.0
0.0,1.0,27.0,118.0,625.0,808.0,4,886.0
0.0,1.0,27.0,118.0,625.0,808.0,4,886.0
0.0,1.0,27.0,118.0,625.0,808.0,4,886.0
0.0,4.0,81.0,85.0,589.0,646.0,4,775.0
0.0,4.0,81.0,85.0,589.0,646.0,4,775.0
0.0,4.0,11.0,85.0,158.0,589.0,4,646.0
0.0,4.0,11.0,81.0,775.0,947.0,4,992.0
0.0,4.0,11.0,81.0,646.0,775.0,4,992.0
0.0,4.0,81.0,589.0,646.0,775.0,4,992.0
0.0,4.0,81.0,85.0,589.0,646.0,4,775.0
0.0,4.0,81.0,85.0,589.0,646.0,4,992.0
0.0,4.0,81.0,85.0,589.0,646.0,4,992.0
0.0,26.0,40.0,41.0,874.0,928.0,4,1024.0
0.0,26.0,40.0,41.0,874.0,928.0,4,1024.0
0.0,26.0,40.0,41.0,494.0,874.0,4,1024.0
0.0,26.0,40.0,494.0,601.0,634.0,4,874.0
0.0,26.0,41.0,601.0,874.0,928.0,4,1024.0
0.0,26.0,40.0,41.0,843.0,928.0,4,1024.0
0.0,26.0,40.0,41.0,494.0,601.0,4,874.0
0.0,26.0,40.0,41.0,494.0,601.0,4,874.0
0.0,4.0,81.0,85.0,589.0,646.0,4,775.0
0.0,4.0,81.0,85.0,589.0,646.0,4,992.0
0.0,4.0,81.0,85.0,589.0,947.0,4,992.0
0.0,4.0,81.0,646.0,775.0,947.0,4,992.0
0.0,4.0,11.0,85.0,158.0,646.0,4,775.0
0.0,4.0,11.0,85.0,158.0,589.0,4,646.0
0.0,4.0,11.0,85.0,158.0,589.0,4,646.0
0.0,4.0,11.0,85.0,158.0,589.0,4,646.0
0.0,4.0,81.0,85.0,158.0,589.0,4,646.0
0.0,12.0,216.0,228.0,462.0,477.0,4,715.0
0.0,12.0,228.0,387.0,715.0,903.0,4,983.0
0.0,12.0,216.0,417.0,477.0,903.0,4,983.0
0.0,12.0,216.0,417.0,462.0,477.0,4,715.0
0.0,4.0,81.0,85.0,589.0,646.0,4,775.0
0.0,4.0,85.0,158.0,589.0,646.0,4,775.0
0.0,4.0,158.0,589.0,646.0,653.0,4,992.0
0.0,4.0,11.0,85.0,158.0,646.0,4,947.0
0.0,4.0,11.0,81.0,85.0,589.0,4,646.0
0.0,4.0,11.0,81.0,85.0,589.0,4,992.0
0.0,4.0,81.0,85.0,589.0,646.0,4,992.0
0.0,4.0,85.0,158.0,589.0,646.0,4,775.0
0.0,4.0,81.0,85.0,589.0,646.0,4,775.0
0.0,4.0,81.0,85.0,589.0,646.0,4,992.0
0.0,4.0,85.0,158.0,589.0,646.0,4,992.0
0.0,4.0,81.0,85.0,589.0,646.0,4,775.0
0.0,4.0,11.0,81.0,85.0,158.0,4,653.0
0.0,4.0,11.0,81.0,85.0,158.0,4,653.0
0.0,4.0,81.0,85.0,589.0,646.0,4,775.0
0.0,4.0,85.0,158.0,589.0,646.0,4,992.0
0.0,4.0,81.0,85.0,158.0,646.0,4,992.0
0.0,4.0,81.0,85.0,589.0,646.0,4,992.0
0.0,4.0,81.0,85.0,589.0,646.0,4,775.0
0.0,4.0,81.0,85.0,589.0,646.0,4,992.0
0.0,4.0,81.0,85.0,589.0,646.0,4,992.0
0.0,4.0,81.0,85.0,589.0,646.0,4,992.0
0.0,4.0,81.0,85.0,589.0,646.0,4,775.0
0.0,4.0,81.0,158.0,589.0,653.0,4,992.0
0.0,4.0,81.0,85.0,589.0,646.0,4,992.0
0.0,4.0,81.0,85.0,589.0,646.0,4,992.0
0.0,0.0,59.0,527.0,535.0,686.0,4,1037.0
0.0,0.0,527.0,535.0,905.0,910.0,4,991.0
0.0,0.0,59.0,527.0,535.0,686.0,4,1037.0
0.0,0.0,59.0,527.0,535.0,686.0,4,1037.0
0.0,0.0,527.0,535.0,910.0,991.0,4,1037.0
0.0,0.0,535.0,870.0,910.0,991.0,4,1037.0
0.0,0.0,535.0,870.0,910.0,991.0,4,1037.0
0.0,0.0,59.0,527.0,535.0,686.0,4,991.0
0.0,9.0,151.0,168.0,815.0,828.0,4,941.0
0.0,9.0,151.0,168.0,815.0,851.0,4,941.0
0.0,9.0,68.0,168.0,628.0,851.0,4,941.0
0.0,9.0,68.0,168.0,628.0,851.0,4,941.0
0.0,9.0,68.0,135.0,452.0,628.0,4,851.0
0.0,9.0,135.0,151.0,168.0,815.0,4,851.0
0.0,9.0,135.0,452.0,628.0,851.0,4,941.0
0.0,9.0,135.0,452.0,628.0,743.0,4,851.0
0.0,4.0,81.0,589.0,646.0,775.0,4,947.0
0.0,4.0,81.0,589.0,646.0,653.0,4,947.0
0.0,4.0,81.0,158.0,589.0,646.0,4,653.0
0.0,4.0,158.0,589.0,653.0,775.0,4,947.0
0.0,4.0,81.0,158.0,589.0,653.0,4,775.0
0.0,4.0,81.0,589.0,646.0,775.0,4,947.0
0.0,4.0,81.0,158.0,589.0,646.0,4,775.0
0.0,4.0,81.0,158.0,589.0,646.0,4,653.0
0.0,4.0,81.0,158.0,646.0,653.0,4,947.0
0.0,4.0,158.0,589.0,646.0,653.0,4,947.0
0.0,4.0,81.0,589.0,646.0,653.0,4,947.0
0.0,4.0,81.0,158.0,589.0,653.0,4,947.0
0.0,4.0,81.0,85.0,589.0,646.0,4,775.0
0.0,4.0,81.0,85.0,158.0,646.0,4,775.0
0.0,4.0,81.0,85.0,158.0,646.0,4,775.0
0.0,4.0,81.0,85.0,158.0,646.0,4,992.0
0.0,4.0,46.0,81.0,589.0,653.0,4,992.0
0.0,4.0,46.0,81.0,85.0,589.0,4,992.0
0.0,4.0,81.0,85.0,646.0,775.0,4,947.0
0.0,4.0,81.0,85.0,646.0,775.0,4,947.0
0.0,4.0,81.0,85.0,589.0,646.0,4,775.0
0.0,4.0,46.0,81.0,85.0,947.0,4,992.0
0.0,4.0,46.0,158.0,653.0,722.0,4,947.0
0.0,4.0,158.0,653.0,722.0,947.0,4,992.0
0.0,4.0,158.0,653.0,722.0,947.0,4,992.0
0.0,4.0,81.0,85.0,589.0,646.0,4,775.0
0.0,4.0,81.0,85.0,589.0,646.0,4,775.0
0.0,4.0,81.0,85.0,158.0,646.0,4,992.0
0.0,4.0,46.0,158.0,589.0,775.0,4,992.0
0.0,4.0,46.0,81.0,589.0,775.0,4,992.0
0.0,4.0,46.0,81.0,589.0,775.0,4,992.0
0.0,4.0,46.0,81.0,589.0,775.0,4,992.0
0.0,4.0,46.0,81.0,85.0,589.0,4,775.0
0.0,4.0,46.0,81.0,85.0,158.0,4,646.0
0.0,4.0,81.0,85.0,158.0,646.0,4,775.0
0.0,4.0,85.0,158.0,589.0,646.0,4,653.0
0.0,4.0,81.0,85.0,646.0,653.0,4,947.0
0.0,4.0,81.0,85.0,646.0,653.0,4,947.0
0.0,4.0,46.0,85.0,589.0,653.0,4,947.0
0.0,4.0,46.0,158.0,653.0,722.0,4,947.0
0.0,30.0,121.0,335.0,657.0,953.0,4,963.0
0.0,30.0,86.0,337.0,657.0,705.0,4,839.0
0.0,30.0,121.0,335.0,705.0,953.0,4,963.0
0.0,30.0,121.0,335.0,705.0,953.0,4,963.0
0.0,30.0,121.0,337.0,657.0,953.0,4,963.0
0.0,30.0,121.0,657.0,839.0,953.0,4,963.0
0.0,30.0,113.0,121.0,839.0,953.0,4,963.0
0.0,30.0,121.0,657.0,839.0,953.0,4,963.0
0.0,23.0,234.0,307.0,418.0,827.0,4,921.0
0.0,23.0,234.0,418.0,740.0,827.0,4,923.0
0.0,23.0,234.0,655.0,673.0,740.0,4,798.0
0.0,23.0,234.0,655.0,673.0,740.0,4,798.0
0.0,23.0,234.0,655.0,673.0,740.0,4,798.0
0.0,23.0,307.0,418.0,655.0,798.0,4,921.0
0.0,23.0,307.0,418.0,655.0,798.0,4,921.0
0.0,23.0,234.0,418.0,655.0,740.0,4,921.0
0.0,23.0,234.0,418.0,655.0,740.0,4,921.0
0.0,23.0,418.0,655.0,740.0,827.0,4,921.0
0.0,30.0,121.0,335.0,657.0,953.0,4,963.0
0.0,30.0,121.0,335.0,657.0,953.0,4,963.0
0.0,30.0,86.0,121.0,705.0,839.0,4,953.0
0.0,30.0,86.0,335.0,657.0,705.0,4,839.0
0.0,30.0,113.0,121.0,337.0,953.0,4,963.0
0.0,30.0,113.0,121.0,337.0,953.0,4,963.0
0.0,30.0,121.0,337.0,705.0,953.0,4,963.0
0.0,30.0,86.0,335.0,337.0,657.0,4,705.0
0.0,30.0,86.0,113.0,337.0,657.0,4,705.0
0.0,30.0,86.0,113.0,121.0,337.0,4,963.0
0.0,30.0,113.0,121.0,657.0,953.0,4,963.0
0.0,30.0,121.0,337.0,657.0,953.0,4,963.0
0.0,11.0,553.0,806.0,895.0,968.0,4,1031.0
0.0,11.0,553.0,806.0,895.0,968.0,4,1031.0
0.0,11.0,274.0,553.0,806.0,895.0,4,968.0
0.0,11.0,590.0,647.0,806.0,880.0,4,1031.0
0.0,11.0,647.0,806.0,880.0,895.0,4,1031.0
0.0,11.0,647.0,880.0,895.0,968.0,4,1031.0
0.0,11.0,647.0,806.0,895.0,968.0,4,1031.0
0.0,11.0,274.0,647.0,806.0,895.0,4,968.0
0.0,11.0,553.0,806.0,895.0,968.0,4,1031.0
0.0,11.0,553.0,806.0,895.0,968.0,4,1031.0
0.0,11.0,647.0,806.0,895.0,968.0,4,1031.0
0.0,30.0,86.0,113.0,337.0,705.0,4,953.0
0.0,30.0,337.0,657.0,705.0,839.0,4,963.0
0.0,30.0,121.0,657.0,705.0,953.0,4,963.0
0.0,30.0,121.0,335.0,657.0,953.0,4,963.0
0.0,30.0,86.0,337.0,657.0,705.0,4,839.0
0.0,30.0,121.0,657.0,705.0,953.0,4,963.0
0.0,28.0,389.0,444.0,608.0,685.0,4,1036.0
0.0,28.0,416.0,538.0,890.0,919.0,4,971.0
0.0,28.0,210.0,389.0,538.0,608.0,4,1036.0
0.0,28.0,444.0,538.0,919.0,971.0,4,1036.0
0.0,28.0,444.0,538.0,608.0,685.0,4,1036.0
0.0,30.0,121.0,335.0,657.0,953.0,4,963.0
0.0,30.0,121.0,705.0,839.0,953.0,4,963.0
0.0,30.0,86.0,337.0,657.0,705.0,4,839.0
0.0,30.0,86.0,113.0,337.0,657.0,4,839.0
0.0,30.0,86.0,113.0,337.0,657.0,4,839.0
0.0,30.0,86.0,113.0,335.0,337.0,4,657.0
0.0,30.0,113.0,121.0,335.0,953.0,4,963.0
0.0,30.0,113.0,121.0,335.0,337.0,4,963.0
0.0,30.0,121.0,657.0,839.0,953.0,4,963.0
0.0,30.0,121.0,657.0,839.0,953.0,4,963.0
0.0,30.0,86.0,121.0,337.0,657.0,4,839.0
0.0,30.0,86.0,113.0,121.0,337.0,4,839.0
0.0,30.0,86.0,113.0,408.0,705.0,4,839.0
0.0,30.0,121.0,335.0,705.0,953.0,4,963.0
0.0,30.0,86.0,121.0,337.0,657.0,4,839.0
0.0,30.0,113.0,337.0,705.0,953.0,4,963.0
0.0,30.0,113.0,337.0,705.0,953.0,4,963.0
0.0,30.0,121.0,335.0,705.0,953.0,4,963.0
0.0,30.0,657.0,705.0,839.0,953.0,4,963.0
0.0,30.0,113.0,337.0,657.0,839.0,4,963.0
0.0,30.0,86.0,113.0,337.0,657.0,4,839.0
0.0,30.0,86.0,337.0,409.0,657.0,4,839.0
0.0,13.0,192.0,315.0,787.0,803.0,4,900.0
0.0,13.0,212.0,315.0,432.0,803.0,4,871.0
0.0,13.0,192.0,212.0,315.0,803.0,4,900.0
0.0,13.0,192.0,212.0,315.0,803.0,4,900.0
0.0,13.0,192.0,212.0,315.0,803.0,4,900.0
0.0,13.0,5.0,192.0,315.0,803.0,4,900.0
0.0,13.0,5.0,192.0,432.0,803.0,4,900.0
0.0,13.0,212.0,432.0,787.0,803.0,4,1032.0
0.0,30.0,121.0,337.0,657.0,953.0,4,963.0
0.0,30.0,121.0,335.0,705.0,953.0,4,963.0
0.0,30.0,121.0,335.0,657.0,953.0,4,963.0
0.0,30.0,121.0,337.0,657.0,953.0,4,963.0
0.0,30.0,113.0,337.0,705.0,953.0,4,963.0
0.0,30.0,113.0,335.0,705.0,839.0,4,963.0
0.0,30.0,113.0,337.0,657.0,953.0,4,963.0
0.0,30.0,121.0,337.0,657.0,953.0,4,963.0
0.0,30.0,113.0,121.0,839.0,953.0,4,963.0
0.0,30.0,86.0,113.0,335.0,657.0,4,705.0
0.0,30.0,86.0,113.0,335.0,657.0,4,705.0
0.0,30.0,113.0,121.0,705.0,953.0,4,963.0
0.0,30.0,113.0,121.0,705.0,953.0,4,963.0
0.0,30.0,121.0,657.0,705.0,953.0,4,963.0
0.0,30.0,121.0,337.0,657.0,953.0,4,963.0
0.0,30.0,121.0,337.0,657.0,953.0,4,963.0
0.0,30.0,121.0,337.0,705.0,953.0,4,963.0
0.0,30.0,113.0,335.0,657.0,953.0,4,963.0
0.0,30.0,113.0,337.0,705.0,839.0,4,963.0
0.0,30.0,121.0,337.0,409.0,657.0,4,839.0
0.0,30.0,121.0,337.0,409.0,657.0,4,839.0
0.0,30.0,121.0,337.0,657.0,953.0,4,963.0
0.0,30.0,86.0,113.0,705.0,839.0,4,953.0
0.0,30.0,113.0,337.0,705.0,839.0,4,963.0
0.0,30.0,113.0,335.0,657.0,953.0,4,963.0
0.0,30.0,121.0,689.0,705.0,953.0,4,963.0
0.0,30.0,409.0,657.0,689.0,705.0,4,953.0
0.0,30.0,113.0,121.0,409.0,839.0,4,953.0
0.0,30.0,113.0,121.0,839.0,953.0,4,963.0
0.0,30.0,113.0,657.0,839.0,953.0,4,963.0
0.0,30.0,121.0,657.0,839.0,953.0,4,963.0
0.0,30.0,113.0,121.0,335.0,689.0,4,963.0
0.0,30.0,86.0,113.0,335.0,657.0,4,689.0
0.0,30.0,86.0,113.0,335.0,657.0,4,689.0
0.0,30.0,113.0,689.0,705.0,953.0,4,963.0
0.0,30.0,113.0,335.0,689.0,705.0,4,963.0
0.0,30.0,113.0,335.0,689.0,705.0,4,963.0
0.0,6.0,290.0,323.0,616.0,623.0,4,1039.0
0.0,6.0,35.0,208.0,213.0,284.0,4,623.0
0.0,6.0,284.0,323.0,616.0,623.0,4,1039.0
0.0,6.0,290.0,323.0,623.0,876.0,4,1039.0
0.0,6.0,290.0,323.0,616.0,623.0,4,1039.0
0.0,6.0,290.0,323.0,616.0,623.0,4,1039.0
0.0,6.0,35.0,208.0,284.0,323.0,4,616.0
0.0,6.0,35.0,208.0,284.0,616.0,4,623.0
0.0,18.0,577.0,677.0,811.0,832.0,4,973.0
0.0,18.0,577.0,677.0,811.0,832.0,4,973.0
0.0,18.0,549.0,677.0,811.0,832.0,4,973.0
0.0,18.0,191.0,577.0,718.0,832.0,4,982.0
0.0,18.0,577.0,677.0,811.0,832.0,4,973.0
0.0,18.0,577.0,678.0,811.0,832.0,4,973.0
0.0,18.0,191.0,677.0,811.0,832.0,4,973.0
0.0,18.0,191.0,577.0,811.0,832.0,4,982.0
0.0,18.0,577.0,677.0,811.0,832.0,4,973.0
0.0,30.0,86.0,113.0,335.0,657.0,4,689.0
0.0,30.0,121.0,657.0,705.0,953.0,4,963.0
0.0,30.0,113.0,121.0,705.0,953.0,4,963.0
0.0,30.0,121.0,335.0,657.0,953.0,4,963.0
0.0,30.0,121.0,657.0,689.0,953.0,4,963.0
0.0,30.0,86.0,121.0,689.0,705.0,4,953.0
0.0,30.0,86.0,121.0,657.0,689.0,4,953.0
0.0,30.0,86.0,113.0,121.0,689.0,4,953.0
0.0,30.0,86.0,113.0,121.0,335.0,4,953.0
0.0,30.0,113.0,324.0,409.0,689.0,4,705.0
0.0,30.0,121.0,335.0,657.0,953.0,4,963.0
0.0,30.0,113.0,121.0,839.0,953.0,4,963.0
0.0,30.0,113.0,121.0,839.0,953.0,4,963.0
0.0,30.0,86.0,113.0,335.0,657.0,4,839.0
0.0,30.0,86.0,335.0,337.0,657.0,4,705.0
0.0,30.0,121.0,657.0,839.0,953.0,4,963.0
0.0,30.0,121.0,335.0,657.0,953.0,4,963.0
0.0,30.0,86.0,113.0,705.0,839.0,4,953.0
0.0,30.0,86.0,113.0,337.0,705.0,4,839.0
0.0,30.0,121.0,335.0,657.0,953.0,4,963.0
0.0,26.0,40.0,41.0,494.0,601.0,4,1024.0
0.0,26.0,41.0,494.0,601.0,843.0,4,874.0
0.0,26.0,40.0,494.0,601.0,874.0,4,1024.0
0.0,26.0,41.0,494.0,601.0,928.0,4,1024.0
0.0,26.0,40.0,41.0,874.0,928.0,4,1024.0
0.0,26.0,40.0,41.0,494.0,874.0,4,1024.0
0.0,26.0,40.0,41.0,494.0,601.0,4,928.0
0.0,26.0,40.0,494.0,601.0,928.0,4,1024.0
0.0,1.0,14.0,250.0,351.0,570.0,4,866.0
0.0,1.0,14.0,250.0,351.0,570.0,4,866.0
0.0,1.0,14.0,250.0,351.0,570.0,4,866.0
0.0,1.0,14.0,27.0,250.0,808.0,4,866.0
0.0,1.0,14.0,27.0,250.0,808.0,4,866.0
0.0,1.0,14.0,27.0,250.0,808.0,4,866.0
0.0,1.0,14.0,27.0,250.0,808.0,4,866.0
0.0,30.0,121.0,335.0,657.0,953.0,4,963.0
0.0,30.0,113.0,121.0,337.0,839.0,4,963.0
0.0,30.0,86.0,337.0,657.0,705.0,4,953.0
0.0,30.0,121.0,337.0,705.0,953.0,4,963.0
0.0,30.0,121.0,335.0,657.0,953.0,4,963.0
0.0,30.0,113.0,657.0,705.0,953.0,4,963.0
0.0,30.0,113.0,121.0,657.0,953.0,4,963.0
0.0,25.0,226.0,294.0,380.0,421.0,4,561.0
0.0,25.0,226.0,294.0,380.0,398.0,4,421.0
0.0,25.0,92.0,133.0,294.0,398.0,4,969.0
0.0,25.0,133.0,226.0,294.0,398.0,4,421.0
0.0,25.0,133.0,226.0,294.0,398.0,4,421.0
0.0,25.0,133.0,226.0,294.0,398.0,4,421.0
0.0,25.0,226.0,294.0,380.0,421.0,4,561.0
0.0,25.0,133.0,226.0,294.0,398.0,4,421.0
0.0,25.0,92.0,133.0,294.0,398.0,4,421.0
0.0,25.0,92.0,133.0,294.0,398.0,4,421.0
0.0,16.0,65.0,306.0,349.0,431.0,4,898.0
0.0,16.0,296.0,349.0,450.0,898.0,4,996.0
0.0,16.0,31.0,296.0,306.0,450.0,4,996.0
0.0,16.0,31.0,65.0,296.0,306.0,4,431.0
0.0,16.0,31.0,65.0,296.0,306.0,4,431.0
0.0,16.0,65.0,296.0,306.0,431.0,4,996.0
0.0,16.0,65.0,296.0,306.0,431.0,4,996.0
0.0,9.0,151.0,168.0,815.0,828.0,4,941.0
0.0,9.0,68.0,135.0,628.0,815.0,4,828.0
0.0,9.0,68.0,135.0,151.0,628.0,4,815.0
0.0,9.0,151.0,168.0,815.0,828.0,4,941.0
0.0,9.0,68.0,135.0,151.0,168.0,4,828.0
0.0,9.0,68.0,135.0,151.0,168.0,4,828.0
0.0,9.0,68.0,135.0,151.0,168.0,4,828.0
0.0,9.0,135.0,151.0,168.0,452.0,4,628.0
0.0,9.0,151.0,452.0,628.0,815.0,4,828.0
0.0,9.0,151.0,628.0,815.0,828.0,4,941.0
0.0,9.0,151.0,168.0,815.0,828.0,4,941.0
0.0,9.0,151.0,168.0,815.0,828.0,4,941.0
0.0,0.0,493.0,535.0,631.0,686.0,4,857.0
0.0,0.0,493.0,527.0,535.0,912.0,4,1037.0
0.0,0.0,493.0,527.0,535.0,912.0,4,1037.0
0.0,0.0,493.0,527.0,535.0,686.0,4,912.0
0.0,0.0,493.0,527.0,535.0,631.0,4,870.0
0.0,0.0,493.0,527.0,870.0,905.0,4,910.0
0.0,0.0,493.0,535.0,686.0,912.0,4,1037.0
0.0,0.0,493.0,527.0,535.0,912.0,4,1037.0
0.0,0.0,493.0,527.0,535.0,686.0,4,1037.0
0.0,0.0,493.0,527.0,535.0,686.0,4,1037.0
0.0,0.0,493.0,527.0,535.0,686.0,4,1037.0
0.0,30.0,113.0,121.0,337.0,953.0,4,963.0
0.0,30.0,335.0,409.0,657.0,705.0,4,839.0
0.0,30.0,335.0,409.0,657.0,705.0,4,839.0
0.0,30.0,113.0,121.0,657.0,953.0,4,963.0
0.0,30.0,337.0,409.0,657.0,705.0,4,953.0
0.0,30.0,409.0,657.0,705.0,839.0,4,953.0
0.0,30.0,335.0,409.0,657.0,705.0,4,839.0
0.0,30.0,335.0,409.0,657.0,705.0,4,953.0
0.0,30.0,113.0,121.0,335.0,409.0,4,953.0
0.0,30.0,113.0,121.0,335.0,953.0,4,963.0
0.0,11.0,412.0,553.0,647.0,895.0,4,968.0
0.0,11.0,173.0,553.0,647.0,806.0,4,968.0
0.0,11.0,412.0,590.0,806.0,895.0,4,968.0
0.0,11.0,412.0,590.0,806.0,895.0,4,968.0
0.0,11.0,173.0,590.0,647.0,968.0,4,999.0
0.0,11.0,412.0,504.0,590.0,925.0,4,999.0
0.0,13.0,161.0,182.0,192.0,212.0,4,315.0
0.0,13.0,182.0,192.0,212.0,315.0,4,956.0
0.0,13.0,161.0,182.0,449.0,803.0,4,956.0
0.0,13.0,161.0,192.0,449.0,803.0,4,956.0
0.0,13.0,161.0,192.0,449.0,803.0,4,956.0
0.0,13.0,161.0,182.0,192.0,212.0,4,315.0
0.0,13.0,182.0,315.0,449.0,803.0,4,956.0
0.0,13.0,161.0,182.0,192.0,449.0,4,956.0
0.0,13.0,161.0,182.0,192.0,315.0,4,449.0
0.0,28.0,110.0,389.0,444.0,608.0,4,1036.0
0.0,28.0,110.0,389.0,444.0,608.0,4,1036.0
0.0,28.0,340.0,416.0,685.0,890.0,4,971.0
0.0,28.0,110.0,608.0,685.0,890.0,4,1036.0
0.0,28.0,110.0,389.0,416.0,444.0,4,1036.0
0.0,28.0,110.0,389.0,416.0,444.0,4,1036.0
0.0,28.0,110.0,389.0,444.0,608.0,4,1036.0
0.0,28.0,110.0,608.0,685.0,890.0,4,971.0
0.0,30.0,113.0,121.0,337.0,953.0,4,963.0
0.0,30.0,121.0,337.0,657.0,953.0,4,963.0
0.0,30.0,121.0,337.0,409.0,657.0,4,839.0
0.0,30.0,86.0,113.0,705.0,953.0,4,963.0
0.0,30.0,113.0,121.0,657.0,953.0,4,963.0
0.0,30.0,409.0,657.0,705.0,839.0,4,953.0
0.0,30.0,113.0,409.0,657.0,705.0,4,953.0
0.0,30.0,113.0,121.0,657.0,953.0,4,963.0
0.0,30.0,86.0,113.0,335.0,689.0,4,705.0
0.0,30.0,121.0,335.0,657.0,953.0,4,963.0
0.0,30.0,335.0,409.0,657.0,705.0,4,839.0
0.0,30.0,113.0,121.0,839.0,953.0,4,963.0
0.0,30.0,113.0,121.0,839.0,953.0,4,963.0
0.0,30.0,113.0,121.0,337.0,953.0,4,963.0
0.0,30.0,337.0,657.0,705.0,953.0,4,963.0
0.0,30.0,335.0,337.0,657.0,705.0,4,963.0
0.0,30.0,113.0,335.0,657.0,689.0,4,963.0
0.0,30.0,113.0,335.0,657.0,689.0,4,963.0
0.0,30.0,113.0,121.0,689.0,953.0,4,963.0
0.0,30.0,113.0,121.0,335.0,953.0,4,963.0
0.0,30.0,337.0,657.0,705.0,953.0,4,963.0
0.0,30.0,335.0,409.0,657.0,705.0,4,839.0
0.0,30.0,113.0,121.0,705.0,953.0,4,963.0
0.0,30.0,121.0,335.0,657.0,953.0,4,963.0
0.0,30.0,86.0,657.0,689.0,705.0,4,953.0
0.0,30.0,86.0,121.0,657.0,705.0,4,953.0
0.0,30.0,113.0,121.0,337.0,953.0,4,963.0
0.0,30.0,337.0,409.0,657.0,705.0,4,839.0
0.0,30.0,121.0,409.0,657.0,689.0,4,953.0
0.0,30.0,113.0,121.0,409.0,689.0,4,953.0
0.0,30.0,113.0,121.0,409.0,689.0,4,953.0
0.0,30.0,113.0,121.0,689.0,953.0,4,963.0
0.0,30.0,121.0,337.0,657.0,953.0,4,963.0
0.0,30.0,121.0,337.0,657.0,953.0,4,963.0
0.0,30.0,121.0,689.0,705.0,953.0,4,963.0
0.0,30.0,409.0,657.0,689.0,705.0,4,953.0
0.0,30.0,337.0,409.0,657.0,689.0,4,705.0
0.0,30.0,113.0,335.0,337.0,409.0,4,657.0
0.0,30.0,86.0,113.0,335.0,689.0,4,705.0
0.0,30.0,113.0,121.0,337.0,953.0,4,963.0
0.0,30.0,113.0,121.0,337.0,839.0,4,963.0
0.0,30.0,113.0,689.0,705.0,953.0,4,963.0
0.0,30.0,113.0,335.0,337.0,657.0,4,963.0
0.0,30.0,113.0,121.0,337.0,953.0,4,963.0
0.0,30.0,113.0,121.0,839.0,953.0,4,963.0
0.0,30.0,113.0,121.0,839.0,953.0,4,963.0
0.0,30.0,113.0,337.0,657.0,839.0,4,963.0
0.0,30.0,86.0,657.0,689.0,705.0,4,953.0
0.0,30.0,121.0,337.0,657.0,953.0,4,963.0
0.0,30.0,113.0,121.0,689.0,953.0,4,963.0
0.0,30.0,121.0,657.0,689.0,953.0,4,963.0
0.0,30.0,335.0,409.0,657.0,689.0,4,705.0
0.0,30.0,335.0,409.0,657.0,689.0,4,705.0
0.0,30.0,86.0,121.0,657.0,953.0,4,963.0
0.0,30.0,113.0,121.0,337.0,953.0,4,963.0
0.0,30.0,121.0,657.0,705.0,953.0,4,963.0
0.0,30.0,121.0,409.0,657.0,705.0,4,953.0
0.0,30.0,113.0,121.0,337.0,409.0,4,657.0
0.0,30.0,113.0,121.0,409.0,705.0,4,953.0
0.0,30.0,113.0,657.0,705.0,953.0,4,963.0
0.0,12.0,216.0,417.0,462.0,715.0,4,983.0
0.0,12.0,216.0,228.0,387.0,903.0,4,983.0
0.0,12.0,233.0,387.0,417.0,715.0,4,903.0
0.0,12.0,216.0,233.0,417.0,715.0,4,983.0
0.0,12.0,216.0,417.0,650.0,715.0,4,983.0
0.0,12.0,216.0,387.0,417.0,715.0,4,983.0
0.0,12.0,216.0,387.0,417.0,715.0,4,983.0
0.0,12.0,228.0,387.0,417.0,715.0,4,903.0
0.0,12.0,216.0,387.0,417.0,715.0,4,983.0
0.0,30.0,121.0,337.0,705.0,953.0,4,963.0
0.0,30.0,121.0,657.0,689.0,953.0,4,963.0
0.0,30.0,337.0,409.0,434.0,657.0,4,689.0
0.0,30.0,337.0,409.0,434.0,657.0,4,689.0
0.0,30.0,121.0,335.0,705.0,953.0,4,963.0
0.0,30.0,121.0,335.0,657.0,705.0,4,963.0
0.0,30.0,121.0,337.0,657.0,705.0,4,963.0
0.0,30.0,121.0,409.0,434.0,689.0,4,953.0
0.0,30.0,121.0,409.0,434.0,689.0,4,953.0
0.0,18.0,191.0,677.0,718.0,832.0,4,973.0
0.0,18.0,549.0,677.0,718.0,832.0,4,973.0
0.0,18.0,549.0,677.0,718.0,832.0,4,973.0
0.0,18.0,549.0,677.0,718.0,811.0,4,832.0
0.0,18.0,191.0,677.0,811.0,812.0,4,832.0
0.0,18.0,677.0,678.0,718.0,832.0,4,973.0
0.0,18.0,677.0,678.0,718.0,832.0,4,973.0
0.0,18.0,677.0,678.0,718.0,832.0,4,973.0
0.0,18.0,191.0,678.0,811.0,812.0,4,832.0
0.0,18.0,102.0,191.0,678.0,811.0,4,812.0
0.0,16.0,65.0,296.0,349.0,898.0,4,996.0
0.0,16.0,65.0,285.0,349.0,431.0,4,898.0
0.0,16.0,31.0,285.0,296.0,431.0,4,996.0
0.0,16.0,65.0,349.0,450.0,898.0,4,996.0
0.0,16.0,31.0,65.0,349.0,431.0,4,450.0
0.0,16.0,285.0,349.0,431.0,450.0,4,898.0
0.0,12.0,12.0,216.0,417.0,477.0,4,682.0
0.0,12.0,12.0,417.0,462.0,682.0,4,920.0
0.0,12.0,417.0,462.0,650.0,682.0,4,920.0
0.0,12.0,417.0,462.0,650.0,682.0,4,920.0
0.0,12.0,216.0,417.0,462.0,477.0,4,682.0
0.0,12.0,216.0,417.0,462.0,477.0,4,682.0
0.0,12.0,216.0,228.0,462.0,477.0,4,682.0
0.0,12.0,12.0,216.0,417.0,477.0,4,682.0
0.0,28.0,389.0,416.0,444.0,608.0,4,685.0
0.0,28.0,389.0,416.0,538.0,890.0,4,971.0
0.0,28.0,389.0,416.0,538.0,890.0,4,971.0
0.0,28.0,389.0,444.0,890.0,971.0,4,1036.0
0.0,28.0,389.0,444.0,538.0,608.0,4,1036.0
0.0,28.0,389.0,444.0,608.0,685.0,4,1036.0
0.0,28.0,416.0,538.0,685.0,890.0,4,971.0
0.0,28.0,416.0,538.0,685.0,890.0,4,971.0
0.0,28.0,416.0,444.0,538.0,685.0,4,971.0
0.0,28.0,444.0,538.0,685.0,971.0,4,1036.0
0.0,1.0,570.0,790.0,866.0,886.0,4,1010.0
0.0,1.0,118.0,250.0,790.0,866.0,4,960.0
0.0,1.0,14.0,118.0,250.0,351.0,4,960.0
0.0,1.0,570.0,790.0,866.0,886.0,4,1010.0
0.0,1.0,570.0,790.0,866.0,886.0,4,1010.0
0.0,1.0,14.0,790.0,866.0,886.0,4,1010.0
0.0,1.0,570.0,790.0,866.0,886.0,4,1010.0
0.0,9.0,151.0,743.0,815.0,828.0,4,941.0
0.0,9.0,151.0,202.0,815.0,828.0,4,941.0
0.0,9.0,151.0,743.0,815.0,828.0,4,941.0
0.0,9.0,151.0,743.0,815.0,828.0,4,941.0
0.0,9.0,151.0,202.0,815.0,828.0,4,941.0
0.0,9.0,151.0,743.0,815.0,828.0,4,941.0
0.0,9.0,151.0,743.0,815.0,828.0,4,941.0
0.0,16.0,31.0,285.0,450.0,457.0,4,996.0
0.0,16.0,65.0,285.0,349.0,457.0,4,704.0
0.0,16.0,65.0,285.0,349.0,457.0,4,704.0
0.0,16.0,31.0,285.0,450.0,457.0,4,996.0
0.0,16.0,65.0,285.0,349.0,457.0,4,704.0
0.0,16.0,65.0,349.0,450.0,457.0,4,704.0
0.0,16.0,65.0,285.0,450.0,457.0,4,704.0
0.0,16.0,31.0,65.0,285.0,349.0,4,450.0
0.0,16.0,31.0,285.0,450.0,457.0,4,996.0
0.0,16.0,65.0,285.0,450.0,457.0,4,996.0
0.0,6.0,290.0,323.0,616.0,623.0,4,1039.0
0.0,6.0,35.0,208.0,284.0,616.0,4,623.0
0.0,6.0,35.0,208.0,213.0,284.0,4,623.0
0.0,6.0,208.0,284.0,323.0,616.0,4,1039.0
0.0,6.0,290.0,323.0,616.0,623.0,4,1039.0
0.0,6.0,35.0,208.0,284.0,616.0,4,623.0
0.0,6.0,35.0,208.0,284.0,616.0,4,623.0
0.0,6.0,290.0,323.0,616.0,623.0,4,1039.0
0.0,6.0,290.0,323.0,616.0,623.0,4,1039.0
0.0,18.0,102.0,577.0,677.0,811.0,4,832.0
0.0,18.0,102.0,191.0,549.0,577.0,4,811.0
0.0,18.0,577.0,677.0,718.0,832.0,4,973.0
0.0,18.0,577.0,678.0,811.0,832.0,4,973.0
0.0,18.0,577.0,678.0,811.0,832.0,4,973.0
0.0,18.0,102.0,577.0,677.0,811.0,4,973.0
0.0,18.0,102.0,577.0,677.0,811.0,4,973.0
0.0,23.0,146.0,307.0,418.0,798.0,4,921.0
0.0,23.0,234.0,307.0,440.0,798.0,4,921.0
0.0,23.0,234.0,307.0,440.0,798.0,4,921.0
0.0,13.0,161.0,192.0,315.0,803.0,4,871.0
0.0,13.0,161.0,192.0,315.0,803.0,4,871.0
0.0,13.0,182.0,192.0,315.0,900.0,4,956.0
0.0,13.0,161.0,182.0,192.0,900.0,4,956.0
0.0,13.0,161.0,182.0,803.0,900.0,4,956.0
0.0,13.0,182.0,315.0,871.0,900.0,4,956.0
0.0,13.0,182.0,192.0,315.0,900.0,4,956.0
0.0,25.0,294.0,380.0,421.0,561.0,4,961.0
0.0,25.0,294.0,380.0,421.0,561.0,4,961.0
0.0,25.0,294.0,380.0,398.0,421.0,4,961.0
0.0,25.0,133.0,226.0,294.0,380.0,4,561.0
0.0,25.0,226.0,380.0,421.0,561.0,4,961.0
0.0,25.0,226.0,380.0,398.0,421.0,4,961.0
0.0,25.0,294.0,380.0,421.0,561.0,4,961.0
0.0,25.0,226.0,294.0,380.0,398.0,4,421.0
0.0,25.0,226.0,380.0,398.0,421.0,4,961.0
0.0,25.0,92.0,133.0,226.0,398.0,4,969.0
0.0,25.0,92.0,133.0,398.0,780.0,4,969.0
0.0,25.0,92.0,398.0,423.0,780.0,4,969.0
0.0,26.0,40.0,41.0,843.0,874.0,4,928.0
0.0,26.0,40.0,494.0,601.0,634.0,4,928.0
0.0,26.0,40.0,494.0,634.0,843.0,4,874.0
0.0,26.0,40.0,494.0,634.0,843.0,4,874.0
0.0,26.0,494.0,601.0,634.0,843.0,4,928.0
0.0,26.0,40.0,41.0,601.0,874.0,4,928.0
0.0,26.0,40.0,41.0,601.0,874.0,4,928.0
0.0,0.0,493.0,527.0,535.0,631.0,4,991.0
0.0,0.0,493.0,527.0,535.0,631.0,4,991.0
0.0,0.0,493.0,527.0,535.0,912.0,4,1037.0
0.0,0.0,527.0,535.0,686.0,912.0,4,1037.0
0.0,0.0,493.0,527.0,686.0,912.0,4,1037.0
0.0,1.0,14.0,250.0,570.0,808.0,4,866.0
0.0,1.0,14.0,250.0,570.0,790.0,4,866.0
0.0,1.0,14.0,118.0,250.0,808.0,4,866.0
0.0,1.0,14.0,250.0,351.0,570.0,4,790.0
0.0,1.0,14.0,118.0,250.0,790.0,4,886.0
0.0,1.0,118.0,250.0,351.0,790.0,4,886.0
0.0,26.0,40.0,41.0,494.0,601.0,4,928.0
0.0,26.0,40.0,494.0,601.0,634.0,4,928.0
0.0,26.0,40.0,494.0,601.0,634.0,4,928.0
0.0,26.0,494.0,601.0,634.0,874.0,4,1024.0
0.0,26.0,41.0,494.0,601.0,874.0,4,1024.0
0.0,26.0,40.0,41.0,494.0,601.0,4,928.0
0.0,26.0,40.0,41.0,874.0,928.0,4,1024.0
0.0,26.0,40.0,41.0,874.0,928.0,4,1024.0
0.0,26.0,40.0,41.0,494.0,601.0,4,634.0
0.0,26.0,40.0,41.0,494.0,601.0,4,1024.0
0.0,26.0,40.0,41.0,601.0,874.0,4,1024.0
0.0,11.0,173.0,806.0,895.0,968.0,4,1031.0
0.0,11.0,173.0,806.0,895.0,968.0,4,1031.0
0.0,11.0,274.0,553.0,806.0,895.0,4,968.0
0.0,11.0,553.0,647.0,806.0,895.0,4,1031.0
0.0,11.0,173.0,806.0,895.0,968.0,4,1031.0
0.0,11.0,173.0,806.0,895.0,968.0,4,1031.0
0.0,11.0,173.0,806.0,895.0,968.0,4,1031.0
0.0,11.0,173.0,553.0,647.0,806.0,4,968.0
0.0,11.0,173.0,553.0,647.0,806.0,4,968.0
0.0,11.0,173.0,553.0,647.0,806.0,4,968.0
0.0,25.0,226.0,363.0,380.0,586.0,4,974.0
0.0,25.0,294.0,363.0,380.0,421.0,4,974.0
0.0,25.0,294.0,363.0,380.0,421.0,4,961.0
0.0,25.0,133.0,226.0,294.0,380.0,4,974.0
0.0,25.0,133.0,226.0,586.0,961.0,4,974.0
0.0,25.0,133.0,226.0,380.0,586.0,4,974.0
0.0,25.0,226.0,380.0,421.0,586.0,4,974.0
0.0,25.0,294.0,363.0,380.0,421.0,4,974.0
0.0,9.0,151.0,452.0,815.0,851.0,4,941.0
0.0,9.0,151.0,452.0,815.0,851.0,4,941.0
0.0,9.0,68.0,135.0,628.0,815.0,4,941.0
0.0,9.0,135.0,168.0,628.0,815.0,4,851.0
0.0,9.0,68.0,151.0,168.0,628.0,4,941.0
0.0,9.0,151.0,168.0,628.0,815.0,4,941.0
0.0,9.0,68.0,151.0,628.0,815.0,4,941.0
0.0,9.0,68.0,151.0,628.0,815.0,4,941.0
0.0,6.0,290.0,616.0,623.0,876.0,4,1039.0
0.0,6.0,35.0,284.0,323.0,616.0,4,623.0
0.0,6.0,290.0,616.0,623.0,876.0,4,1039.0
0.0,6.0,290.0,616.0,623.0,876.0,4,1039.0
0.0,6.0,290.0,616.0,623.0,876.0,4,1039.0
0.0,6.0,35.0,290.0,616.0,623.0,4,876.0
0.0,6.0,35.0,213.0,616.0,623.0,4,1039.0
0.0,6.0,35.0,213.0,616.0,876.0,4,1039.0
0.0,6.0,35.0,213.0,284.0,616.0,4,876.0
0.0,6.0,35.0,208.0,213.0,284.0,4,390.0
0.0,12.0,417.0,462.0,477.0,715.0,4,903.0
0.0,12.0,228.0,387.0,715.0,903.0,4,983.0
0.0,12.0,228.0,387.0,715.0,903.0,4,983.0
0.0,12.0,216.0,228.0,477.0,903.0,4,983.0
0.0,12.0,216.0,417.0,477.0,715.0,4,983.0
0.0,12.0,216.0,417.0,462.0,477.0,4,715.0
0.0,12.0,228.0,387.0,715.0,903.0,4,983.0
0.0,12.0,216.0,417.0,477.0,715.0,4,983.0
0.0,23.0,146.0,307.0,440.0,673.0,4,923.0
0.0,23.0,146.0,307.0,440.0,673.0,4,923.0
0.0,23.0,146.0,440.0,655.0,673.0,4,923.0
0.0,23.0,146.0,440.0,655.0,673.0,4,923.0
0.0,23.0,440.0,655.0,673.0,810.0,4,923.0
0.0,23.0,440.0,480.0,673.0,810.0,4,923.0
0.0,23.0,440.0,480.0,655.0,673.0,4,923.0
0.0,23.0,440.0,673.0,740.0,810.0,4,923.0
0.0,23.0,146.0,673.0,740.0,810.0,4,923.0
0.0,0.0,142.0,527.0,631.0,691.0,4,991.0
0.0,0.0,142.0,527.0,631.0,691.0,4,991.0
0.0,0.0,493.0,527.0,631.0,691.0,4,991.0
0.0,0.0,493.0,527.0,535.0,905.0,4,912.0
0.0,0.0,493.0,527.0,535.0,905.0,4,912.0
0.0,0.0,493.0,527.0,535.0,631.0,4,912.0
0.0,0.0,142.0,527.0,631.0,691.0,4,991.0
0.0,0.0,142.0,527.0,631.0,691.0,4,991.0
0.0,0.0,493.0,535.0,905.0,912.0,4,1037.0
0.0,0.0,493.0,527.0,535.0,991.0,4,1037.0
0.0,0.0,493.0,527.0,535.0,912.0,4,1037.0
0.0,0.0,493.0,527.0,535.0,991.0,4,1037.0
0.0,23.0,146.0,307.0,798.0,921.0,4,923.0
0.0,23.0,234.0,418.0,567.0,740.0,4,798.0
0.0,23.0,234.0,307.0,418.0,740.0,4,923.0
0.0,23.0,146.0,307.0,798.0,921.0,4,923.0
0.0,23.0,146.0,307.0,798.0,921.0,4,923.0
0.0,23.0,234.0,307.0,740.0,798.0,4,923.0
0.0,23.0,234.0,307.0,740.0,798.0,4,923.0
0.0,23.0,234.0,307.0,740.0,798.0,4,923.0
0.0,23.0,146.0,234.0,740.0,798.0,4,923.0
0.0,23.0,146.0,307.0,740.0,921.0,4,923.0
0.0,11.0,173.0,806.0,895.0,968.0,4,1031.0
0.0,11.0,173.0,274.0,590.0,806.0,4,968.0
0.0,11.0,274.0,553.0,590.0,806.0,4,968.0
0.0,11.0,553.0,590.0,647.0,895.0,4,1031.0
0.0,11.0,647.0,806.0,895.0,968.0,4,1031.0
0.0,11.0,173.0,806.0,895.0,968.0,4,1031.0
0.0,11.0,173.0,806.0,895.0,968.0,4,1031.0
0.0,11.0,173.0,274.0,806.0,895.0,4,968.0
0.0,11.0,274.0,553.0,590.0,806.0,4,968.0
0.0,11.0,647.0,806.0,895.0,968.0,4,1031.0
0.0,23.0,146.0,307.0,798.0,921.0,4,923.0
0.0,23.0,146.0,307.0,798.0,921.0,4,923.0
0.0,23.0,146.0,234.0,418.0,798.0,4,921.0
0.0,23.0,234.0,418.0,740.0,798.0,4,827.0
0.0,23.0,234.0,418.0,740.0,798.0,4,827.0
0.0,23.0,234.0,307.0,418.0,740.0,4,798.0
0.0,23.0,234.0,307.0,418.0,740.0,4,921.0
0.0,23.0,307.0,418.0,740.0,798.0,4,921.0
0.0,16.0,285.0,296.0,431.0,457.0,4,704.0
0.0,16.0,31.0,285.0,296.0,349.0,4,996.0
0.0,16.0,31.0,65.0,296.0,349.0,4,996.0
0.0,16.0,285.0,296.0,431.0,704.0,4,1014.0
0.0,23.0,146.0,307.0,798.0,921.0,4,923.0
0.0,23.0,234.0,480.0,798.0,921.0,4,923.0
0.0,23.0,234.0,418.0,480.0,740.0,4,827.0
0.0,23.0,307.0,418.0,798.0,921.0,4,923.0
0.0,23.0,307.0,418.0,827.0,921.0,4,923.0
0.0,23.0,307.0,418.0,740.0,921.0,4,923.0
0.0,23.0,307.0,418.0,740.0,921.0,4,923.0
0.0,23.0,234.0,418.0,740.0,921.0,4,923.0
0.0,23.0,234.0,418.0,740.0,798.0,4,921.0
0.0,23.0,234.0,418.0,740.0,921.0,4,923.0
0.0,23.0,146.0,307.0,798.0,921.0,4,923.0
0.0,23.0,146.0,234.0,418.0,798.0,4,923.0
0.0,23.0,234.0,307.0,418.0,740.0,4,827.0
0.0,23.0,146.0,307.0,418.0,798.0,4,921.0
0.0,23.0,146.0,567.0,798.0,921.0,4,923.0
0.0,23.0,146.0,307.0,798.0,921.0,4,923.0
0.0,23.0,146.0,234.0,418.0,740.0,4,798.0
0.0,23.0,146.0,234.0,418.0,740.0,4,798.0
0.0,23.0,146.0,234.0,418.0,740.0,4,798.0
0.0,18.0,577.0,677.0,718.0,832.0,4,973.0
0.0,18.0,577.0,678.0,718.0,832.0,4,973.0
0.0,18.0,191.0,678.0,681.0,832.0,4,982.0
0.0,18.0,191.0,678.0,681.0,832.0,4,982.0
0.0,18.0,191.0,577.0,681.0,811.0,4,982.0
0.0,18.0,191.0,577.0,681.0,811.0,4,982.0
0.0,18.0,577.0,678.0,718.0,832.0,4,973.0
0.0,18.0,191.0,577.0,718.0,832.0,4,973.0
0.0,18.0,191.0,577.0,681.0,718.0,4,832.0
0.0,18.0,191.0,677.0,681.0,832.0,4,982.0
0.0,18.0,191.0,677.0,681.0,811.0,4,982.0
0.0,1.0,570.0,790.0,866.0,886.0,4,1010.0
0.0,1.0,14.0,250.0,790.0,808.0,4,866.0
0.0,1.0,14.0,118.0,250.0,790.0,4,808.0
0.0,1.0,14.0,118.0,250.0,351.0,4,808.0
0.0,1.0,14.0,118.0,250.0,351.0,4,808.0
0.0,1.0,14.0,790.0,866.0,886.0,4,1010.0
0.0,1.0,250.0,351.0,625.0,808.0,4,960.0
0.0,1.0,250.0,351.0,625.0,960.0,4,1010.0
0.0,6.0,35.0,323.0,623.0,897.0,4,1039.0
0.0,6.0,35.0,208.0,284.0,323.0,4,623.0
0.0,6.0,35.0,208.0,284.0,623.0,4,876.0
0.0,6.0,208.0,290.0,323.0,876.0,4,1039.0
0.0,6.0,208.0,290.0,323.0,623.0,4,1039.0
0.0,6.0,35.0,323.0,623.0,897.0,4,1039.0
0.0,6.0,35.0,208.0,323.0,623.0,4,1039.0
0.0,6.0,35.0,208.0,323.0,623.0,4,1039.0
0.0,6.0,35.0,208.0,284.0,623.0,4,876.0
0.0,6.0,208.0,323.0,623.0,876.0,4,1039.0
0.0,9.0,68.0,151.0,815.0,828.0,4,941.0
0.0,9.0,68.0,135.0,151.0,815.0,4,828.0
0.0,9.0,68.0,135.0,151.0,452.0,4,851.0
0.0,9.0,151.0,743.0,828.0,851.0,4,941.0
0.0,9.0,135.0,151.0,828.0,851.0,4,941.0
0.0,9.0,151.0,743.0,815.0,828.0,4,941.0
0.0,9.0,68.0,151.0,828.0,851.0,4,941.0
0.0,9.0,68.0,151.0,815.0,828.0,4,941.0
0.0,23.0,234.0,440.0,655.0,740.0,4,921.0
0.0,23.0,307.0,418.0,440.0,740.0,4,921.0
0.0,23.0,234.0,307.0,418.0,798.0,4,921.0
0.0,23.0,234.0,307.0,418.0,440.0,4,921.0
0.0,23.0,234.0,307.0,418.0,440.0,4,921.0
0.0,23.0,307.0,418.0,440.0,798.0,4,921.0
0.0,23.0,307.0,418.0,440.0,798.0,4,921.0
0.0,23.0,307.0,418.0,440.0,740.0,4,798.0
0.0,23.0,307.0,418.0,440.0,740.0,4,798.0
0.0,23.0,307.0,418.0,440.0,798.0,4,921.0
0.0,23.0,234.0,440.0,740.0,827.0,4,921.0
0.0,23.0,234.0,418.0,440.0,827.0,4,921.0
0.0,23.0,234.0,418.0,440.0,827.0,4,921.0
0.0,23.0,234.0,307.0,418.0,798.0,4,921.0
0.0,23.0,234.0,307.0,418.0,673.0,4,798.0
0.0,23.0,307.0,418.0,440.0,798.0,4,921.0
0.0,23.0,307.0,418.0,440.0,798.0,4,921.0
0.0,23.0,234.0,307.0,740.0,798.0,4,921.0
0.0,23.0,234.0,307.0,418.0,740.0,4,798.0
0.0,23.0,234.0,307.0,418.0,740.0,4,798.0
0.0,23.0,234.0,418.0,480.0,740.0,4,827.0
0.0,23.0,480.0,655.0,673.0,740.0,4,827.0
0.0,12.0,12.0,216.0,417.0,477.0,4,920.0
0.0,12.0,12.0,216.0,228.0,650.0,4,875.0
0.0,12.0,12.0,216.0,228.0,650.0,4,875.0
0.0,12.0,12.0,216.0,228.0,462.0,4,875.0
0.0,12.0,12.0,216.0,228.0,462.0,4,875.0
0.0,12.0,216.0,417.0,462.0,477.0,4,875.0
0.0,12.0,216.0,417.0,462.0,477.0,4,920.0
0.0,12.0,12.0,417.0,462.0,477.0,4,920.0
0.0,12.0,12.0,417.0,462.0,477.0,4,920.0
0.0,12.0,12.0,216.0,228.0,477.0,4,920.0
0.0,12.0,12.0,216.0,228.0,477.0,4,920.0
0.0,12.0,12.0,216.0,228.0,462.0,4,875.0
0.0,12.0,12.0,216.0,228.0,650.0,4,875.0
0.0,12.0,12.0,216.0,228.0,650.0,4,875.0
0.0,23.0,146.0,307.0,418.0,827.0,4,921.0
0.0,23.0,146.0,234.0,418.0,567.0,4,921.0
0.0,23.0,146.0,234.0,307.0,418.0,4,921.0
0.0,23.0,146.0,234.0,307.0,418.0,4,921.0
0.0,23.0,146.0,234.0,307.0,418.0,4,921.0
0.0,23.0,146.0,234.0,307.0,418.0,4,827.0
0.0,23.0,146.0,234.0,307.0,418.0,4,921.0
0.0,26.0,40.0,41.0,168.0,874.0,4,1024.0
0.0,26.0,40.0,41.0,168.0,874.0,4,1024.0
0.0,26.0,40.0,41.0,168.0,494.0,4,601.0
0.0,26.0,40.0,41.0,494.0,601.0,4,874.0
0.0,26.0,41.0,168.0,601.0,843.0,4,874.0
0.0,26.0,40.0,41.0,168.0,874.0,4,1024.0
0.0,26.0,40.0,41.0,168.0,874.0,4,1024.0
0.0,26.0,40.0,41.0,168.0,601.0,4,874.0
0.0,26.0,40.0,494.0,582.0,601.0,4,874.0
0.0,26.0,18.0,40.0,41.0,494.0,4,601.0
0.0,23.0,146.0,307.0,418.0,440.0,4,921.0
0.0,23.0,234.0,307.0,418.0,827.0,4,921.0
0.0,23.0,234.0,307.0,418.0,827.0,4,923.0
0.0,23.0,234.0,440.0,827.0,921.0,4,923.0
0.0,23.0,146.0,234.0,440.0,921.0,4,923.0
0.0,23.0,307.0,440.0,827.0,921.0,4,923.0
0.0,23.0,146.0,234.0,307.0,418.0,4,921.0
0.0,23.0,234.0,307.0,827.0,921.0,4,923.0
0.0,23.0,146.0,234.0,418.0,440.0,4,921.0
0.0,13.0,161.0,192.0,315.0,900.0,4,956.0
0.0,13.0,5.0,192.0,315.0,900.0,4,956.0
0.0,13.0,161.0,182.0,212.0,803.0,4,956.0
0.0,13.0,161.0,182.0,212.0,803.0,4,956.0
0.0,13.0,182.0,192.0,315.0,900.0,4,956.0
0.0,13.0,161.0,192.0,315.0,900.0,4,956.0
0.0,13.0,161.0,192.0,315.0,900.0,4,956.0
0.0,13.0,5.0,192.0,315.0,900.0,4,956.0
0.0,13.0,5.0,192.0,432.0,900.0,4,956.0
0.0,13.0,5.0,161.0,182.0,212.0,4,432.0
0.0,28.0,110.0,389.0,444.0,497.0,4,1036.0
0.0,28.0,416.0,444.0,538.0,685.0,4,971.0
0.0,28.0,110.0,389.0,444.0,497.0,4,1036.0
0.0,28.0,416.0,538.0,685.0,804.0,4,890.0
0.0,28.0,389.0,608.0,685.0,804.0,4,890.0
0.0,23.0,146.0,307.0,418.0,440.0,4,921.0
0.0,23.0,234.0,307.0,418.0,798.0,4,921.0
0.0,23.0,146.0,234.0,418.0,740.0,4,798.0
0.0,23.0,146.0,234.0,440.0,740.0,4,798.0
0.0,23.0,234.0,307.0,418.0,440.0,4,921.0
0.0,23.0,146.0,307.0,418.0,798.0,4,921.0
0.0,23.0,146.0,307.0,418.0,798.0,4,921.0
0.0,23.0,146.0,234.0,418.0,740.0,4,798.0
0.0,23.0,146.0,234.0,418.0,740.0,4,798.0
0.0,23.0,146.0,307.0,440.0,798.0,4,921.0
0.0,23.0,146.0,234.0,418.0,798.0,4,921.0
0.0,23.0,234.0,307.0,440.0,740.0,4,798.0
0.0,23.0,234.0,307.0,418.0,798.0,4,921.0
0.0,23.0,146.0,307.0,418.0,798.0,4,921.0
0.0,23.0,146.0,234.0,418.0,798.0,4,921.0
0.0,23.0,234.0,307.0,418.0,798.0,4,921.0
0.0,12.0,216.0,417.0,477.0,682.0,4,983.0
0.0,12.0,216.0,417.0,462.0,477.0,4,682.0
0.0,12.0,216.0,228.0,462.0,477.0,4,682.0
0.0,12.0,216.0,417.0,462.0,477.0,4,715.0
0.0,12.0,216.0,417.0,477.0,715.0,4,983.0
0.0,12.0,216.0,228.0,417.0,477.0,4,715.0
0.0,16.0,31.0,349.0,450.0,457.0,4,996.0
0.0,16.0,31.0,349.0,450.0,457.0,4,996.0
0.0,16.0,349.0,450.0,457.0,704.0,4,996.0
0.0,16.0,349.0,450.0,457.0,704.0,4,996.0
0.0,16.0,65.0,285.0,349.0,431.0,4,450.0
0.0,16.0,31.0,349.0,450.0,457.0,4,996.0
0.0,16.0,31.0,65.0,285.0,431.0,4,457.0
0.0,16.0,65.0,285.0,431.0,457.0,4,996.0
0.0,16.0,65.0,349.0,431.0,457.0,4,996.0
0.0,23.0,146.0,234.0,418.0,798.0,4,921.0
0.0,23.0,146.0,234.0,418.0,440.0,4,921.0
0.0,23.0,234.0,418.0,440.0,740.0,4,921.0
0.0,23.0,146.0,234.0,418.0,480.0,4,740.0
0.0,23.0,146.0,234.0,418.0,480.0,4,740.0
0.0,23.0,146.0,234.0,418.0,798.0,4,921.0
0.0,23.0,146.0,234.0,418.0,827.0,4,921.0
0.0,23.0,146.0,418.0,480.0,798.0,4,921.0
0.0,23.0,146.0,234.0,418.0,440.0,4,921.0
0.0,23.0,146.0,234.0,418.0,440.0,4,740.0
0.0,23.0,146.0,234.0,418.0,740.0,4,827.0
0.0,23.0,567.0,655.0,673.0,740.0,4,827.0
0.0,25.0,294.0,380.0,421.0,561.0,4,961.0
0.0,25.0,294.0,380.0,421.0,561.0,4,961.0
0.0,25.0,133.0,226.0,294.0,398.0,4,561.0
0.0,25.0,294.0,380.0,421.0,561.0,4,961.0
0.0,25.0,133.0,226.0,380.0,398.0,4,961.0
0.0,25.0,226.0,294.0,380.0,398.0,4,421.0
0.0,23.0,234.0,307.0,418.0,798.0,4,921.0
0.0,23.0,146.0,234.0,418.0,440.0,4,827.0
0.0,23.0,234.0,307.0,418.0,798.0,4,921.0
0.0,23.0,234.0,307.0,418.0,798.0,4,921.0
0.0,23.0,146.0,234.0,307.0,418.0,4,798.0
0.0,23.0,146.0,234.0,307.0,418.0,4,798.0
0.0,23.0,146.0,234.0,307.0,418.0,4,798.0
0.0,23.0,234.0,307.0,418.0,798.0,4,921.0
0.0,23.0,234.0,307.0,418.0,440.0,4,921.0
0.0,23.0,146.0,307.0,798.0,921.0,4,923.0
0.0,23.0,234.0,307.0,418.0,798.0,4,921.0
0.0,23.0,234.0,307.0,418.0,440.0,4,923.0
0.0,23.0,146.0,234.0,418.0,440.0,4,923.0
0.0,23.0,146.0,234.0,307.0,418.0,4,923.0
0.0,23.0,146.0,234.0,307.0,418.0,4,923.0
0.0,23.0,146.0,307.0,798.0,921.0,4,923.0
0.0,26.0,40.0,41.0,494.0,601.0,4,928.0
0.0,26.0,40.0,494.0,601.0,634.0,4,874.0
0.0,26.0,494.0,601.0,634.0,874.0,4,1024.0
0.0,26.0,494.0,601.0,634.0,874.0,4,1024.0
0.0,26.0,40.0,41.0,843.0,874.0,4,928.0
0.0,26.0,40.0,41.0,843.0,874.0,4,928.0
0.0,26.0,494.0,601.0,634.0,928.0,4,1024.0
0.0,26.0,40.0,41.0,494.0,601.0,4,874.0
0.0,26.0,40.0,41.0,494.0,601.0,4,874.0
0.0,26.0,40.0,41.0,494.0,601.0,4,874.0
0.0,26.0,40.0,41.0,494.0,601.0,4,928.0
0.0,26.0,40.0,41.0,494.0,601.0,4,928.0
0.0,23.0,307.0,418.0,655.0,798.0,4,921.0
0.0,23.0,307.0,418.0,655.0,740.0,4,798.0
0.0,23.0,146.0,418.0,655.0,740.0,4,798.0
0.0,23.0,146.0,440.0,740.0,827.0,4,921.0
0.0,23.0,146.0,307.0,418.0,798.0,4,921.0
0.0,23.0,146.0,307.0,418.0,798.0,4,921.0
0.0,23.0,307.0,418.0,655.0,798.0,4,921.0
0.0,23.0,146.0,440.0,740.0,798.0,4,921.0
0.0,23.0,307.0,418.0,655.0,798.0,4,921.0
0.0,23.0,307.0,418.0,655.0,798.0,4,921.0
0.0,1.0,14.0,118.0,250.0,570.0,4,790.0
0.0,1.0,14.0,118.0,570.0,790.0,4,808.0
0.0,1.0,14.0,351.0,570.0,808.0,4,866.0
0.0,1.0,118.0,351.0,570.0,808.0,4,866.0
0.0,1.0,118.0,351.0,570.0,808.0,4,866.0
0.0,1.0,14.0,118.0,790.0,808.0,4,866.0
0.0,1.0,14.0,118.0,250.0,351.0,4,790.0
0.0,1.0,14.0,118.0,250.0,351.0,4,790.0
0.0,1.0,14.0,118.0,250.0,351.0,4,790.0
0.0,0.0,493.0,527.0,535.0,912.0,4,1037.0
0.0,0.0,59.0,493.0,527.0,535.0,4,1037.0
0.0,0.0,59.0,493.0,527.0,686.0,4,1037.0
0.0,0.0,493.0,535.0,686.0,912.0,4,1037.0
0.0,0.0,493.0,535.0,686.0,912.0,4,1037.0
0.0,0.0,493.0,527.0,535.0,686.0,4,1037.0
0.0,0.0,493.0,527.0,535.0,991.0,4,1037.0
0.0,23.0,146.0,307.0,440.0,921.0,4,923.0
0.0,23.0,146.0,307.0,827.0,921.0,4,923.0
0.0,23.0,146.0,307.0,673.0,827.0,4,923.0
0.0,23.0,307.0,440.0,655.0,740.0,4,921.0
0.0,23.0,307.0,440.0,655.0,740.0,4,921.0
0.0,23.0,146.0,307.0,440.0,921.0,4,923.0
0.0,23.0,146.0,307.0,440.0,740.0,4,923.0
0.0,23.0,146.0,307.0,440.0,740.0,4,923.0
0.0,23.0,146.0,307.0,440.0,740.0,4,923.0
0.0,23.0,234.0,480.0,740.0,827.0,4,921.0
0.0,23.0,234.0,480.0,740.0,827.0,4,923.0
0.0,23.0,234.0,480.0,740.0,827.0,4,923.0
0.0,23.0,307.0,740.0,827.0,921.0,4,923.0
0.0,23.0,307.0,740.0,827.0,921.0,4,923.0
0.0,23.0,146.0,307.0,440.0,921.0,4,923.0
0.0,23.0,146.0,740.0,827.0,921.0,4,923.0
0.0,23.0,307.0,440.0,673.0,740.0,4,921.0
0.0,23.0,146.0,307.0,440.0,740.0,4,921.0
0.0,23.0,146.0,440.0,480.0,740.0,4,921.0
0.0,23.0,146.0,307.0,440.0,740.0,4,921.0
0.0,6.0,290.0,616.0,623.0,876.0,4,1039.0
0.0,6.0,35.0,616.0,623.0,876.0,4,1039.0
0.0,6.0,35.0,284.0,390.0,616.0,4,623.0
0.0,6.0,35.0,284.0,323.0,390.0,4,623.0
0.0,6.0,35.0,323.0,390.0,623.0,4,1039.0
0.0,6.0,290.0,616.0,623.0,876.0,4,1039.0
0.0,6.0,35.0,616.0,623.0,876.0,4,878.0
0.0,6.0,290.0,616.0,623.0,876.0,4,1039.0
0.0,6.0,35.0,284.0,323.0,616.0,4,623.0
0.0,6.0,284.0,323.0,616.0,623.0,4,1039.0
0.0,6.0,213.0,284.0,290.0,323.0,4,390.0
0.0,23.0,146.0,307.0,440.0,480.0,4,921.0
0.0,23.0,146.0,307.0,440.0,480.0,4,921.0
0.0,23.0,146.0,440.0,655.0,740.0,4,827.0
0.0,23.0,146.0,307.0,673.0,827.0,4,921.0
0.0,23.0,146.0,307.0,673.0,827.0,4,921.0
0.0,23.0,146.0,440.0,673.0,827.0,4,921.0
0.0,23.0,307.0,440.0,673.0,827.0,4,921.0
0.0,23.0,307.0,655.0,740.0,827.0,4,921.0
0.0,23.0,440.0,480.0,673.0,810.0,4,921.0
0.0,23.0,307.0,673.0,740.0,810.0,4,921.0
0.0,23.0,146.0,307.0,740.0,827.0,4,921.0
0.0,23.0,146.0,307.0,740.0,827.0,4,921.0
0.0,23.0,146.0,307.0,440.0,740.0,4,921.0
0.0,23.0,146.0,440.0,480.0,740.0,4,921.0
0.0,23.0,146.0,307.0,655.0,673.0,4,921.0
0.0,23.0,307.0,440.0,673.0,827.0,4,921.0
0.0,23.0,307.0,440.0,673.0,827.0,4,921.0
0.0,23.0,307.0,440.0,740.0,827.0,4,921.0
0.0,23.0,307.0,440.0,673.0,740.0,4,921.0
0.0,23.0,307.0,440.0,673.0,827.0,4,921.0
0.0,23.0,440.0,673.0,740.0,827.0,4,921.0
0.0,23.0,440.0,673.0,740.0,827.0,4,921.0
0.0,23.0,307.0,440.0,740.0,827.0,4,921.0
0.0,23.0,234.0,655.0,673.0,827.0,4,921.0
0.0,23.0,146.0,307.0,655.0,673.0,4,827.0
0.0,23.0,146.0,307.0,440.0,655.0,4,673.0
0.0,23.0,146.0,234.0,307.0,673.0,4,827.0
0.0,23.0,146.0,307.0,440.0,673.0,4,740.0
0.0,23.0,234.0,307.0,440.0,740.0,4,827.0
0.0,23.0,234.0,307.0,440.0,740.0,4,827.0
0.0,23.0,146.0,307.0,673.0,740.0,4,827.0
0.0,23.0,146.0,440.0,673.0,740.0,4,827.0
0.0,23.0,146.0,307.0,440.0,673.0,4,740.0
0.0,23.0,440.0,655.0,673.0,740.0,4,923.0
0.0,23.0,307.0,480.0,655.0,740.0,4,923.0
0.0,23.0,146.0,307.0,440.0,673.0,4,740.0
0.0,23.0,307.0,655.0,673.0,740.0,4,923.0
0.0,23.0,146.0,307.0,655.0,673.0,4,740.0
0.0,16.0,65.0,296.0,349.0,898.0,4,996.0
0.0,16.0,31.0,65.0,296.0,349.0,4,431.0
0.0,16.0,296.0,349.0,431.0,898.0,4,996.0
0.0,16.0,65.0,296.0,349.0,898.0,4,996.0
0.0,9.0,151.0,743.0,815.0,828.0,4,941.0
0.0,9.0,151.0,202.0,815.0,828.0,4,941.0
0.0,9.0,135.0,151.0,743.0,815.0,4,851.0
0.0,9.0,68.0,151.0,743.0,828.0,4,941.0
0.0,9.0,68.0,151.0,743.0,828.0,4,941.0
0.0,9.0,151.0,202.0,452.0,828.0,4,941.0
0.0,9.0,151.0,202.0,815.0,828.0,4,941.0
0.0,9.0,151.0,202.0,628.0,828.0,4,941.0
0.0,9.0,68.0,151.0,628.0,851.0,4,941.0
0.0,9.0,68.0,628.0,815.0,828.0,4,851.0
0.0,9.0,68.0,151.0,815.0,828.0,4,851.0
0.0,9.0,68.0,151.0,815.0,828.0,4,851.0
0.0,11.0,173.0,806.0,895.0,968.0,4,1031.0
0.0,11.0,173.0,274.0,647.0,806.0,4,895.0
0.0,11.0,274.0,553.0,647.0,806.0,4,895.0
0.0,11.0,553.0,647.0,806.0,999.0,4,1031.0
0.0,11.0,173.0,553.0,647.0,968.0,4,999.0
0.0,11.0,173.0,647.0,806.0,895.0,4,1031.0
0.0,11.0,553.0,806.0,895.0,968.0,4,1031.0
0.0,11.0,173.0,647.0,895.0,968.0,4,1031.0
0.0,11.0,173.0,806.0,895.0,968.0,4,1031.0
0.0,11.0,173.0,806.0,895.0,968.0,4,1031.0
0.0,11.0,173.0,806.0,895.0,968.0,4,1031.0
0.0,11.0,173.0,274.0,806.0,895.0,4,968.0
0.0,11.0,504.0,553.0,647.0,999.0,4,1031.0
0.0,11.0,553.0,647.0,895.0,999.0,4,1031.0
0.0,11.0,173.0,806.0,895.0,999.0,4,1031.0
0.0,11.0,173.0,806.0,895.0,999.0,4,1031.0
0.0,11.0,173.0,647.0,806.0,895.0,4,1031.0
0.0,11.0,173.0,647.0,806.0,895.0,4,1031.0
0.0,11.0,173.0,274.0,647.0,806.0,4,895.0
0.0,11.0,274.0,553.0,647.0,806.0,4,999.0
0.0,11.0,553.0,806.0,895.0,999.0,4,1031.0
0.0,18.0,577.0,678.0,718.0,832.0,4,973.0
0.0,18.0,191.0,677.0,681.0,811.0,4,832.0
0.0,18.0,191.0,577.0,718.0,832.0,4,982.0
0.0,18.0,191.0,577.0,718.0,832.0,4,982.0
0.0,18.0,577.0,677.0,718.0,832.0,4,973.0
0.0,18.0,191.0,577.0,832.0,973.0,4,982.0
0.0,18.0,191.0,304.0,681.0,718.0,4,982.0
0.0,18.0,577.0,677.0,681.0,718.0,4,982.0
0.0,13.0,5.0,192.0,315.0,900.0,4,956.0
0.0,13.0,5.0,192.0,315.0,803.0,4,900.0
0.0,13.0,161.0,182.0,192.0,803.0,4,900.0
0.0,13.0,5.0,182.0,192.0,315.0,4,900.0
0.0,13.0,161.0,182.0,192.0,315.0,4,900.0
0.0,13.0,161.0,182.0,192.0,315.0,4,900.0
0.0,28.0,110.0,416.0,444.0,971.0,4,1036.0
0.0,28.0,110.0,416.0,538.0,608.0,4,971.0
0.0,28.0,110.0,416.0,538.0,685.0,4,971.0
0.0,28.0,110.0,416.0,538.0,685.0,4,971.0
0.0,28.0,389.0,444.0,497.0,538.0,4,1036.0
0.0,28.0,389.0,444.0,497.0,685.0,4,1036.0
0.0,28.0,389.0,444.0,497.0,685.0,4,1036.0
0.0,28.0,110.0,416.0,444.0,971.0,4,1036.0
0.0,28.0,110.0,444.0,538.0,971.0,4,1036.0
0.0,11.0,173.0,647.0,806.0,895.0,4,1031.0
0.0,11.0,173.0,274.0,647.0,806.0,4,895.0
0.0,11.0,99.0,274.0,553.0,647.0,4,806.0
0.0,11.0,99.0,274.0,504.0,553.0,4,895.0
0.0,11.0,274.0,553.0,647.0,806.0,4,895.0
0.0,11.0,99.0,173.0,504.0,647.0,4,895.0
0.0,11.0,99.0,274.0,553.0,806.0,4,895.0
0.0,11.0,553.0,647.0,806.0,880.0,4,895.0
0.0,12.0,12.0,417.0,462.0,903.0,4,920.0
0.0,12.0,12.0,417.0,462.0,903.0,4,920.0
0.0,12.0,216.0,228.0,650.0,682.0,4,875.0
0.0,12.0,216.0,228.0,650.0,682.0,4,875.0
0.0,12.0,12.0,216.0,417.0,462.0,4,920.0
0.0,12.0,12.0,216.0,417.0,462.0,4,920.0
0.0,12.0,12.0,216.0,417.0,462.0,4,920.0
0.0,12.0,12.0,216.0,228.0,650.0,4,875.0
0.0,12.0,12.0,216.0,417.0,462.0,4,920.0
0.0,11.0,274.0,553.0,806.0,895.0,4,968.0
0.0,11.0,274.0,553.0,806.0,895.0,4,968.0
0.0,11.0,274.0,553.0,647.0,806.0,4,895.0
0.0,11.0,274.0,553.0,647.0,806.0,4,895.0
0.0,11.0,173.0,504.0,553.0,647.0,4,968.0
0.0,11.0,173.0,504.0,553.0,647.0,4,968.0
0.0,11.0,173.0,504.0,553.0,647.0,4,968.0
0.0,11.0,173.0,504.0,647.0,895.0,4,968.0
0.0,11.0,173.0,647.0,806.0,895.0,4,968.0
0.0,11.0,274.0,553.0,806.0,895.0,4,968.0
0.0,11.0,274.0,553.0,647.0,806.0,4,895.0
0.0,11.0,173.0,553.0,647.0,806.0,4,895.0
0.0,11.0,173.0,553.0,647.0,806.0,4,895.0
0.0,18.0,577.0,677.0,681.0,811.0,4,832.0
0.0,18.0,577.0,677.0,718.0,832.0,4,973.0
0.0,18.0,577.0,677.0,718.0,832.0,4,973.0
0.0,18.0,577.0,678.0,681.0,718.0,4,832.0
0.0,18.0,577.0,677.0,681.0,718.0,4,973.0
0.0,18.0,577.0,677.0,681.0,718.0,4,973.0
0.0,11.0,274.0,553.0,806.0,895.0,4,968.0
0.0,11.0,173.0,647.0,806.0,895.0,4,968.0
0.0,11.0,99.0,173.0,647.0,806.0,4,895.0
0.0,11.0,99.0,173.0,647.0,806.0,4,895.0
0.0,11.0,99.0,173.0,553.0,647.0,4,968.0
0.0,11.0,99.0,274.0,553.0,647.0,4,968.0
0.0,11.0,274.0,553.0,806.0,895.0,4,968.0
0.0,11.0,173.0,274.0,806.0,895.0,4,968.0
0.0,11.0,173.0,274.0,806.0,895.0,4,968.0
0.0,11.0,99.0,173.0,274.0,806.0,4,895.0
0.0,11.0,99.0,173.0,647.0,806.0,4,895.0
0.0,11.0,274.0,553.0,806.0,895.0,4,968.0
0.0,11.0,274.0,553.0,647.0,806.0,4,968.0
0.0,11.0,274.0,553.0,647.0,806.0,4,968.0
0.0,11.0,99.0,173.0,553.0,647.0,4,806.0
0.0,11.0,99.0,173.0,553.0,647.0,4,806.0
0.0,11.0,99.0,173.0,553.0,647.0,4,806.0
0.0,11.0,99.0,173.0,553.0,647.0,4,806.0
0.0,11.0,99.0,173.0,647.0,895.0,4,968.0
0.0,11.0,99.0,173.0,806.0,895.0,4,968.0
0.0,11.0,274.0,553.0,806.0,895.0,4,968.0
0.0,11.0,274.0,553.0,806.0,895.0,4,968.0
0.0,11.0,274.0,553.0,647.0,806.0,4,968.0
0.0,11.0,173.0,553.0,806.0,895.0,4,968.0
0.0,11.0,274.0,553.0,647.0,895.0,4,968.0
0.0,11.0,99.0,173.0,553.0,647.0,4,968.0
0.0,11.0,99.0,504.0,880.0,895.0,4,968.0
0.0,11.0,99.0,504.0,880.0,895.0,4,968.0
0.0,11.0,504.0,647.0,880.0,925.0,4,999.0
0.0,11.0,173.0,553.0,647.0,806.0,4,968.0
0.0,11.0,99.0,173.0,553.0,647.0,4,806.0
0.0,11.0,173.0,274.0,647.0,895.0,4,968.0
0.0,11.0,274.0,647.0,806.0,895.0,4,968.0
0.0,11.0,274.0,553.0,806.0,895.0,4,968.0
0.0,11.0,274.0,553.0,647.0,806.0,4,968.0
0.0,11.0,173.0,553.0,647.0,806.0,4,895.0
0.0,11.0,173.0,504.0,553.0,647.0,4,895.0
0.0,11.0,274.0,553.0,806.0,895.0,4,968.0
0.0,11.0,173.0,553.0,647.0,806.0,4,968.0
0.0,11.0,274.0,553.0,590.0,647.0,4,806.0
0.0,11.0,274.0,590.0,647.0,806.0,4,895.0
0.0,11.0,274.0,590.0,647.0,895.0,4,968.0
0.0,11.0,274.0,590.0,647.0,895.0,4,968.0
0.0,11.0,274.0,553.0,806.0,895.0,4,968.0
0.0,11.0,173.0,553.0,647.0,806.0,4,968.0
0.0,11.0,274.0,590.0,647.0,806.0,4,895.0
0.0,11.0,274.0,553.0,590.0,647.0,4,806.0
0.0,11.0,274.0,553.0,590.0,647.0,4,806.0
0.0,11.0,274.0,553.0,806.0,895.0,4,968.0
0.0,11.0,274.0,553.0,647.0,806.0,4,895.0
0.0,11.0,274.0,553.0,647.0,806.0,4,895.0
0.0,11.0,99.0,173.0,274.0,647.0,4,968.0
0.0,11.0,99.0,173.0,274.0,647.0,4,968.0
0.0,11.0,99.0,274.0,553.0,647.0,4,968.0
0.0,11.0,99.0,274.0,553.0,647.0,4,968.0
0.0,11.0,99.0,274.0,553.0,806.0,4,895.0
0.0,11.0,274.0,553.0,806.0,895.0,4,968.0
0.0,11.0,99.0,173.0,647.0,806.0,4,968.0
0.0,11.0,99.0,173.0,647.0,895.0,4,968.0
0.0,11.0,99.0,173.0,647.0,895.0,4,968.0
0.0,11.0,99.0,274.0,647.0,895.0,4,968.0
0.0,0.0,493.0,535.0,631.0,686.0,4,857.0
0.0,0.0,493.0,527.0,535.0,631.0,4,686.0
0.0,0.0,493.0,527.0,535.0,912.0,4,1037.0
0.0,0.0,527.0,535.0,686.0,905.0,4,912.0
0.0,0.0,493.0,527.0,535.0,686.0,4,1037.0
0.0,0.0,493.0,527.0,535.0,686.0,4,1037.0
0.0,0.0,493.0,527.0,535.0,686.0,4,1037.0
0.0,0.0,493.0,527.0,535.0,686.0,4,1037.0
0.0,0.0,493.0,527.0,535.0,912.0,4,1037.0
0.0,0.0,493.0,527.0,686.0,912.0,4,1037.0
0.0,25.0,226.0,294.0,421.0,561.0,4,974.0
0.0,25.0,133.0,294.0,380.0,561.0,4,974.0
0.0,25.0,92.0,294.0,363.0,421.0,4,561.0
0.0,25.0,226.0,294.0,363.0,380.0,4,421.0
0.0,25.0,226.0,294.0,380.0,421.0,4,561.0
0.0,25.0,226.0,294.0,380.0,421.0,4,561.0
0.0,25.0,133.0,294.0,363.0,380.0,4,586.0
0.0,25.0,133.0,226.0,363.0,586.0,4,974.0
0.0,11.0,99.0,274.0,553.0,806.0,4,895.0
0.0,11.0,99.0,274.0,553.0,806.0,4,895.0
0.0,11.0,99.0,412.0,553.0,806.0,4,895.0
0.0,11.0,99.0,173.0,412.0,590.0,4,647.0
0.0,11.0,99.0,274.0,553.0,806.0,4,895.0
0.0,11.0,99.0,274.0,553.0,806.0,4,895.0
0.0,11.0,274.0,553.0,647.0,806.0,4,895.0
0.0,11.0,412.0,553.0,590.0,647.0,4,806.0
0.0,11.0,173.0,412.0,590.0,647.0,4,806.0
0.0,11.0,99.0,274.0,553.0,806.0,4,895.0
0.0,6.0,290.0,616.0,623.0,876.0,4,1039.0
0.0,6.0,35.0,284.0,323.0,616.0,4,623.0
0.0,6.0,35.0,284.0,323.0,623.0,4,897.0
0.0,6.0,35.0,323.0,616.0,897.0,4,1039.0
0.0,6.0,284.0,290.0,616.0,623.0,4,876.0
0.0,6.0,284.0,290.0,323.0,616.0,4,623.0
0.0,6.0,290.0,616.0,623.0,876.0,4,1039.0
0.0,6.0,284.0,290.0,616.0,623.0,4,876.0
0.0,6.0,35.0,284.0,323.0,616.0,4,623.0
0.0,6.0,35.0,284.0,323.0,616.0,4,623.0
0.0,6.0,35.0,284.0,323.0,623.0,4,897.0
0.0,1.0,14.0,250.0,790.0,808.0,4,866.0
0.0,1.0,14.0,250.0,790.0,808.0,4,866.0
0.0,1.0,14.0,118.0,250.0,570.0,4,790.0
0.0,1.0,14.0,118.0,250.0,570.0,4,790.0
0.0,1.0,351.0,625.0,707.0,808.0,4,886.0
0.0,1.0,351.0,625.0,707.0,808.0,4,886.0
0.0,11.0,173.0,806.0,895.0,968.0,4,1031.0
0.0,11.0,553.0,590.0,647.0,895.0,4,1031.0
0.0,11.0,553.0,590.0,647.0,895.0,4,1031.0
0.0,11.0,173.0,806.0,895.0,968.0,4,1031.0
0.0,11.0,553.0,647.0,806.0,895.0,4,1031.0
0.0,11.0,647.0,806.0,895.0,968.0,4,1031.0
0.0,11.0,173.0,806.0,895.0,968.0,4,1031.0
0.0,11.0,274.0,553.0,647.0,895.0,4,968.0
0.0,11.0,553.0,590.0,647.0,968.0,4,1031.0
0.0,11.0,553.0,590.0,647.0,806.0,4,1031.0
0.0,11.0,173.0,806.0,895.0,968.0,4,1031.0
0.0,11.0,553.0,806.0,895.0,968.0,4,1031.0
0.0,11.0,274.0,553.0,806.0,895.0,4,968.0
0.0,26.0,40.0,41.0,601.0,874.0,4,928.0
0.0,26.0,494.0,601.0,634.0,928.0,4,1024.0
0.0,11.0,173.0,806.0,895.0,968.0,4,1031.0
0.0,11.0,173.0,806.0,895.0,968.0,4,1031.0
0.0,11.0,553.0,590.0,647.0,806.0,4,1031.0
0.0,11.0,553.0,590.0,647.0,806.0,4,1031.0
0.0,11.0,553.0,590.0,647.0,895.0,4,1031.0
0.0,11.0,173.0,274.0,806.0,895.0,4,968.0
0.0,11.0,173.0,806.0,895.0,968.0,4,1031.0
0.0,11.0,274.0,553.0,806.0,895.0,4,968.0
0.0,11.0,553.0,590.0,647.0,895.0,4,1031.0
0.0,11.0,553.0,647.0,895.0,968.0,4,1031.0
0.0,11.0,553.0,647.0,895.0,968.0,4,1031.0
0.0,11.0,553.0,647.0,895.0,968.0,4,1031.0
0.0,11.0,173.0,806.0,895.0,968.0,4,1031.0
0.0,11.0,553.0,590.0,647.0,806.0,4,1031.0
0.0,11.0,173.0,806.0,895.0,968.0,4,1031.0
0.0,11.0,173.0,806.0,895.0,968.0,4,1031.0
0.0,13.0,161.0,182.0,192.0,315.0,4,449.0
0.0,13.0,182.0,192.0,315.0,449.0,4,956.0
0.0,13.0,161.0,192.0,212.0,315.0,4,956.0
0.0,13.0,5.0,192.0,212.0,315.0,4,956.0
0.0,13.0,182.0,192.0,315.0,449.0,4,956.0
0.0,13.0,182.0,315.0,449.0,803.0,4,956.0
0.0,13.0,182.0,315.0,449.0,803.0,4,956.0
0.0,13.0,192.0,315.0,449.0,803.0,4,956.0
0.0,13.0,192.0,315.0,449.0,803.0,4,956.0
0.0,13.0,192.0,315.0,449.0,803.0,4,956.0
0.0,11.0,99.0,173.0,590.0,806.0,4,895.0
0.0,11.0,99.0,173.0,274.0,590.0,4,647.0
0.0,11.0,99.0,173.0,553.0,590.0,4,647.0
0.0,11.0,274.0,590.0,647.0,806.0,4,895.0
0.0,11.0,173.0,553.0,647.0,806.0,4,895.0
0.0,11.0,99.0,173.0,647.0,806.0,4,895.0
0.0,11.0,173.0,553.0,647.0,806.0,4,895.0
0.0,28.0,340.0,643.0,685.0,890.0,4,971.0
0.0,28.0,110.0,416.0,444.0,685.0,4,971.0
0.0,28.0,110.0,210.0,340.0,416.0,4,971.0
0.0,28.0,110.0,210.0,340.0,643.0,4,971.0
0.0,28.0,110.0,210.0,340.0,643.0,4,804.0
0.0,28.0,110.0,210.0,340.0,643.0,4,971.0
0.0,28.0,110.0,210.0,340.0,643.0,4,971.0
0.0,28.0,110.0,210.0,340.0,416.0,4,971.0
0.0,11.0,173.0,806.0,895.0,968.0,4,1031.0
0.0,11.0,173.0,274.0,647.0,806.0,4,968.0
0.0,11.0,274.0,553.0,647.0,806.0,4,895.0
0.0,11.0,274.0,553.0,647.0,806.0,4,895.0
0.0,11.0,553.0,647.0,806.0,895.0,4,1031.0
0.0,11.0,173.0,806.0,895.0,968.0,4,1031.0
0.0,11.0,173.0,806.0,895.0,968.0,4,1031.0
0.0,11.0,553.0,647.0,806.0,968.0,4,1031.0
0.0,11.0,274.0,553.0,647.0,806.0,4,968.0
0.0,11.0,274.0,553.0,647.0,895.0,4,968.0
0.0,11.0,647.0,806.0,895.0,968.0,4,1031.0
0.0,1.0,118.0,250.0,790.0,866.0,4,960.0
0.0,1.0,118.0,250.0,351.0,707.0,4,960.0
0.0,1.0,118.0,790.0,886.0,949.0,4,1010.0
0.0,1.0,118.0,790.0,886.0,949.0,4,1010.0
0.0,1.0,790.0,866.0,886.0,949.0,4,1010.0
0.0,1.0,570.0,790.0,866.0,886.0,4,1010.0
0.0,1.0,250.0,707.0,790.0,866.0,4,960.0
0.0,1.0,118.0,250.0,707.0,790.0,4,1010.0
0.0,1.0,790.0,866.0,886.0,949.0,4,1010.0
0.0,25.0,294.0,363.0,380.0,421.0,4,961.0
0.0,25.0,226.0,294.0,421.0,586.0,4,974.0
0.0,25.0,133.0,226.0,586.0,780.0,4,974.0
0.0,25.0,133.0,226.0,294.0,363.0,4,974.0
0.0,25.0,133.0,294.0,363.0,961.0,4,974.0
0.0,25.0,226.0,294.0,421.0,586.0,4,974.0
0.0,25.0,133.0,226.0,363.0,586.0,4,974.0
0.0,25.0,133.0,226.0,561.0,586.0,4,974.0
0.0,25.0,133.0,226.0,561.0,586.0,4,974.0
0.0,9.0,151.0,743.0,815.0,828.0,4,941.0
0.0,9.0,68.0,151.0,743.0,828.0,4,941.0
0.0,9.0,68.0,202.0,628.0,828.0,4,941.0
0.0,9.0,68.0,135.0,628.0,815.0,4,851.0
0.0,9.0,151.0,743.0,815.0,828.0,4,941.0
0.0,9.0,68.0,135.0,151.0,815.0,4,828.0
0.0,9.0,135.0,151.0,815.0,828.0,4,941.0
0.0,0.0,493.0,535.0,905.0,912.0,4,1037.0
0.0,0.0,493.0,535.0,870.0,910.0,4,991.0
0.0,0.0,493.0,535.0,870.0,910.0,4,991.0
0.0,0.0,493.0,535.0,870.0,905.0,4,910.0
0.0,0.0,493.0,905.0,910.0,912.0,4,991.0
0.0,0.0,142.0,535.0,910.0,912.0,4,991.0
0.0,0.0,493.0,535.0,905.0,912.0,4,1037.0
0.0,0.0,493.0,535.0,870.0,991.0,4,1037.0
0.0,0.0,493.0,535.0,870.0,910.0,4,991.0
0.0,0.0,493.0,535.0,870.0,991.0,4,1037.0
0.0,0.0,493.0,535.0,870.0,991.0,4,1037.0
0.0,6.0,290.0,323.0,616.0,623.0,4,1039.0
0.0,6.0,208.0,284.0,290.0,616.0,4,623.0
0.0,6.0,35.0,208.0,323.0,616.0,4,1039.0
0.0,6.0,35.0,208.0,323.0,616.0,4,1039.0
0.0,6.0,35.0,208.0,290.0,616.0,4,623.0
0.0,6.0,35.0,213.0,290.0,323.0,4,623.0
0.0,6.0,35.0,208.0,616.0,623.0,4,1039.0
0.0,12.0,12.0,216.0,417.0,462.0,4,477.0
0.0,12.0,12.0,216.0,228.0,650.0,4,875.0
0.0,12.0,216.0,228.0,477.0,682.0,4,875.0
0.0,12.0,12.0,216.0,417.0,477.0,4,920.0
0.0,12.0,12.0,417.0,462.0,477.0,4,920.0
0.0,12.0,12.0,216.0,228.0,477.0,4,875.0
0.0,12.0,12.0,216.0,228.0,477.0,4,875.0
0.0,12.0,216.0,228.0,462.0,477.0,4,875.0
0.0,25.0,294.0,380.0,421.0,561.0,4,961.0
0.0,25.0,133.0,226.0,294.0,398.0,4,974.0
0.0,25.0,92.0,133.0,398.0,961.0,4,974.0
0.0,25.0,92.0,294.0,380.0,421.0,4,974.0
0.0,25.0,294.0,421.0,561.0,961.0,4,974.0
0.0,25.0,294.0,380.0,421.0,961.0,4,974.0
0.0,25.0,294.0,380.0,421.0,780.0,4,974.0
0.0,25.0,133.0,294.0,380.0,780.0,4,974.0
0.0,25.0,133.0,380.0,780.0,961.0,4,974.0
0.0,25.0,133.0,380.0,780.0,961.0,4,974.0
0.0,25.0,92.0,398.0,780.0,969.0,4,974.0
0.0,9.0,452.0,743.0,828.0,851.0,4,941.0
0.0,9.0,452.0,815.0,828.0,851.0,4,941.0
0.0,9.0,68.0,815.0,828.0,851.0,4,941.0
0.0,9.0,68.0,135.0,815.0,828.0,4,851.0
0.0,9.0,452.0,743.0,828.0,851.0,4,941.0
0.0,9.0,452.0,815.0,828.0,851.0,4,941.0
0.0,9.0,202.0,815.0,828.0,851.0,4,941.0
0.0,9.0,202.0,815.0,828.0,941.0,4,1018.0
0.0,9.0,135.0,815.0,828.0,851.0,4,941.0
0.0,9.0,135.0,815.0,828.0,851.0,4,941.0
0.0,0.0,493.0,527.0,870.0,905.0,4,1037.0
0.0,0.0,493.0,527.0,535.0,631.0,4,686.0
0.0,0.0,493.0,527.0,535.0,686.0,4,1037.0
0.0,0.0,493.0,527.0,535.0,686.0,4,1037.0
0.0,0.0,493.0,527.0,535.0,905.0,4,910.0
0.0,0.0,273.0,527.0,686.0,857.0,4,905.0
0.0,0.0,273.0,527.0,686.0,857.0,4,905.0
0.0,6.0,213.0,290.0,616.0,623.0,4,1039.0
0.0,6.0,284.0,290.0,616.0,623.0,4,876.0
0.0,6.0,35.0,284.0,616.0,623.0,4,876.0
0.0,6.0,35.0,208.0,284.0,323.0,4,876.0
0.0,6.0,35.0,208.0,284.0,323.0,4,876.0
0.0,6.0,35.0,208.0,284.0,323.0,4,876.0
0.0,6.0,35.0,213.0,616.0,623.0,4,1039.0
0.0,6.0,213.0,290.0,616.0,623.0,4,1039.0
0.0,6.0,213.0,290.0,616.0,623.0,4,1039.0
0.0,6.0,35.0,284.0,616.0,623.0,4,876.0
0.0,6.0,35.0,284.0,323.0,623.0,4,876.0
0.0,6.0,35.0,284.0,323.0,623.0,4,876.0
0.0,16.0,165.0,296.0,450.0,898.0,4,996.0
0.0,16.0,31.0,165.0,296.0,450.0,4,996.0
0.0,16.0,31.0,65.0,296.0,431.0,4,450.0
0.0,16.0,31.0,65.0,165.0,296.0,4,450.0
0.0,16.0,165.0,296.0,450.0,898.0,4,996.0
0.0,16.0,31.0,165.0,296.0,450.0,4,996.0
0.0,16.0,31.0,296.0,431.0,450.0,4,996.0
0.0,16.0,65.0,165.0,296.0,450.0,4,898.0
0.0,16.0,165.0,296.0,450.0,898.0,4,996.0
0.0,26.0,40.0,41.0,843.0,874.0,4,928.0
0.0,26.0,40.0,41.0,601.0,843.0,4,874.0
0.0,26.0,40.0,601.0,634.0,928.0,4,1024.0
0.0,26.0,40.0,41.0,843.0,874.0,4,1024.0
0.0,26.0,40.0,41.0,843.0,928.0,4,1024.0
0.0,26.0,40.0,41.0,494.0,601.0,4,928.0
0.0,26.0,40.0,41.0,494.0,601.0,4,928.0
0.0,26.0,40.0,494.0,601.0,634.0,4,928.0
0.0,26.0,40.0,494.0,601.0,634.0,4,874.0
0.0,18.0,577.0,677.0,811.0,832.0,4,973.0
0.0,18.0,577.0,678.0,681.0,718.0,4,832.0
0.0,18.0,191.0,678.0,681.0,718.0,4,832.0
0.0,18.0,191.0,677.0,681.0,718.0,4,812.0
0.0,18.0,191.0,577.0,681.0,718.0,4,812.0
0.0,18.0,191.0,577.0,681.0,718.0,4,812.0
0.0,18.0,577.0,678.0,811.0,832.0,4,973.0
0.0,13.0,182.0,192.0,315.0,871.0,4,956.0
0.0,13.0,182.0,192.0,212.0,315.0,4,956.0
0.0,13.0,182.0,192.0,212.0,315.0,4,956.0
0.0,13.0,161.0,192.0,212.0,803.0,4,956.0
0.0,13.0,161.0,192.0,212.0,803.0,4,956.0
0.0,13.0,182.0,192.0,315.0,803.0,4,871.0
0.0,13.0,161.0,182.0,192.0,315.0,4,871.0
0.0,13.0,161.0,182.0,192.0,212.0,4,432.0
0.0,13.0,182.0,192.0,212.0,315.0,4,803.0
0.0,13.0,192.0,315.0,803.0,871.0,4,956.0
0.0,28.0,110.0,389.0,444.0,608.0,4,1036.0
0.0,28.0,110.0,389.0,444.0,608.0,4,1036.0
0.0,28.0,110.0,389.0,444.0,608.0,4,1036.0
0.0,28.0,110.0,340.0,389.0,608.0,4,1036.0
0.0,28.0,110.0,340.0,416.0,685.0,4,971.0
0.0,28.0,340.0,416.0,685.0,890.0,4,971.0
0.0,28.0,110.0,444.0,608.0,685.0,4,1036.0
0.0,28.0,110.0,389.0,444.0,608.0,4,1036.0
0.0,28.0,110.0,389.0,444.0,608.0,4,1036.0
0.0,28.0,110.0,389.0,444.0,608.0,4,1036.0
0.0,28.0,110.0,340.0,389.0,971.0,4,1036.0
0.0,28.0,110.0,340.0,685.0,971.0,4,1036.0
0.0,28.0,340.0,416.0,685.0,890.0,4,971.0
0.0,28.0,210.0,340.0,416.0,685.0,4,971.0
0.0,1.0,14.0,118.0,250.0,570.0,4,790.0
0.0,1.0,14.0,118.0,250.0,570.0,4,790.0
0.0,1.0,14.0,250.0,570.0,790.0,4,808.0
0.0,1.0,14.0,118.0,250.0,570.0,4,790.0
0.0,1.0,14.0,250.0,570.0,790.0,4,808.0
0.0,1.0,27.0,351.0,625.0,866.0,4,886.0
0.0,1.0,14.0,118.0,250.0,351.0,4,808.0
0.0,26.0,41.0,843.0,874.0,928.0,4,1024.0
0.0,26.0,41.0,494.0,601.0,874.0,4,1024.0
0.0,26.0,494.0,601.0,634.0,843.0,4,928.0
0.0,26.0,494.0,601.0,634.0,843.0,4,1024.0
0.0,26.0,41.0,494.0,601.0,843.0,4,1024.0
0.0,26.0,41.0,494.0,601.0,843.0,4,1024.0
0.0,26.0,41.0,95.0,601.0,843.0,4,928.0
0.0,26.0,41.0,494.0,601.0,634.0,4,843.0
0.0,26.0,41.0,582.0,601.0,874.0,4,1024.0
0.0,26.0,41.0,582.0,601.0,874.0,4,1024.0
0.0,16.0,31.0,65.0,296.0,349.0,4,450.0
0.0,16.0,31.0,65.0,296.0,349.0,4,450.0
0.0,16.0,31.0,65.0,296.0,306.0,4,450.0
0.0,16.0,31.0,65.0,296.0,306.0,4,450.0
0.0,16.0,31.0,65.0,296.0,306.0,4,450.0
0.0,6.0,290.0,323.0,616.0,623.0,4,1039.0
0.0,6.0,290.0,323.0,616.0,623.0,4,1039.0
0.0,6.0,208.0,284.0,290.0,616.0,4,623.0
0.0,6.0,284.0,290.0,323.0,616.0,4,623.0
0.0,6.0,284.0,323.0,616.0,623.0,4,1039.0
0.0,6.0,208.0,284.0,290.0,616.0,4,623.0
0.0,6.0,35.0,208.0,236.0,284.0,4,616.0
0.0,6.0,284.0,616.0,623.0,876.0,4,1039.0
0.0,6.0,284.0,290.0,616.0,623.0,4,876.0
0.0,6.0,35.0,284.0,323.0,616.0,4,623.0
0.0,6.0,35.0,208.0,284.0,623.0,4,876.0
0.0,6.0,35.0,208.0,616.0,623.0,4,876.0
0.0,6.0,35.0,208.0,616.0,623.0,4,876.0
0.0,6.0,290.0,323.0,616.0,623.0,4,1039.0
0.0,6.0,208.0,284.0,290.0,616.0,4,876.0
0.0,6.0,208.0,616.0,623.0,876.0,4,1039.0
0.0,6.0,208.0,290.0,323.0,623.0,4,1039.0
0.0,6.0,208.0,290.0,323.0,623.0,4,1039.0
0.0,6.0,208.0,290.0,323.0,623.0,4,1039.0
0.0,6.0,208.0,290.0,323.0,623.0,4,1039.0
0.0,6.0,208.0,290.0,323.0,623.0,4,876.0
0.0,6.0,236.0,290.0,323.0,623.0,4,1039.0
0.0,6.0,35.0,208.0,236.0,876.0,4,1039.0
0.0,6.0,35.0,208.0,236.0,876.0,4,1039.0
0.0,6.0,236.0,290.0,323.0,623.0,4,1039.0
0.0,6.0,236.0,290.0,323.0,623.0,4,1039.0
0.0,6.0,35.0,208.0,236.0,284.0,4,623.0
0.0,6.0,35.0,208.0,284.0,623.0,4,876.0
0.0,6.0,35.0,208.0,284.0,623.0,4,876.0
0.0,6.0,35.0,208.0,284.0,623.0,4,876.0
0.0,6.0,35.0,208.0,284.0,623.0,4,876.0
0.0,12.0,228.0,462.0,477.0,875.0,4,920.0
0.0,12.0,12.0,216.0,417.0,477.0,4,875.0
0.0,12.0,12.0,216.0,417.0,477.0,4,920.0
0.0,12.0,228.0,417.0,462.0,477.0,4,875.0
0.0,12.0,228.0,462.0,477.0,819.0,4,875.0
0.0,12.0,12.0,216.0,228.0,462.0,4,875.0
0.0,12.0,12.0,216.0,228.0,462.0,4,875.0
0.0,12.0,216.0,228.0,462.0,477.0,4,875.0
0.0,12.0,417.0,462.0,477.0,875.0,4,920.0
0.0,12.0,417.0,462.0,477.0,875.0,4,920.0
0.0,6.0,35.0,323.0,623.0,897.0,4,1039.0
0.0,6.0,35.0,208.0,323.0,623.0,4,1039.0
0.0,6.0,35.0,208.0,323.0,876.0,4,1039.0
0.0,6.0,35.0,208.0,323.0,876.0,4,1039.0
0.0,6.0,208.0,290.0,623.0,876.0,4,1039.0
0.0,6.0,208.0,290.0,623.0,876.0,4,1039.0
0.0,6.0,208.0,290.0,323.0,623.0,4,1039.0
0.0,6.0,35.0,208.0,290.0,323.0,4,623.0
0.0,6.0,35.0,208.0,290.0,623.0,4,876.0
0.0,6.0,208.0,284.0,623.0,876.0,4,1039.0
0.0,6.0,208.0,284.0,623.0,876.0,4,1039.0
0.0,6.0,35.0,208.0,323.0,623.0,4,1039.0
0.0,6.0,208.0,290.0,323.0,623.0,4,1039.0
0.0,6.0,208.0,290.0,323.0,623.0,4,1039.0
0.0,0.0,493.0,631.0,691.0,870.0,4,991.0
0.0,0.0,493.0,910.0,912.0,991.0,4,1037.0
0.0,0.0,493.0,535.0,905.0,912.0,4,1037.0
0.0,0.0,493.0,905.0,912.0,991.0,4,1037.0
0.0,0.0,493.0,870.0,905.0,991.0,4,1037.0
0.0,0.0,493.0,691.0,870.0,991.0,4,1037.0
0.0,6.0,35.0,213.0,323.0,623.0,4,1039.0
0.0,6.0,35.0,208.0,284.0,323.0,4,623.0
0.0,6.0,35.0,208.0,284.0,616.0,4,623.0
0.0,6.0,208.0,284.0,616.0,623.0,4,1039.0
0.0,6.0,35.0,208.0,284.0,323.0,4,623.0
0.0,6.0,213.0,284.0,323.0,623.0,4,1039.0
0.0,6.0,35.0,213.0,323.0,623.0,4,1039.0
0.0,6.0,35.0,208.0,284.0,616.0,4,623.0
0.0,6.0,35.0,208.0,284.0,616.0,4,623.0
0.0,6.0,35.0,208.0,284.0,616.0,4,897.0
0.0,6.0,213.0,284.0,616.0,876.0,4,897.0
0.0,25.0,133.0,294.0,363.0,586.0,4,961.0
0.0,25.0,226.0,294.0,363.0,586.0,4,969.0
0.0,25.0,226.0,294.0,398.0,586.0,4,969.0
0.0,25.0,226.0,294.0,398.0,586.0,4,969.0
0.0,25.0,226.0,398.0,780.0,969.0,4,974.0
0.0,25.0,226.0,398.0,780.0,969.0,4,974.0
0.0,25.0,226.0,363.0,780.0,969.0,4,974.0
0.0,25.0,226.0,294.0,363.0,969.0,4,974.0
0.0,25.0,226.0,294.0,398.0,969.0,4,974.0
0.0,25.0,133.0,226.0,294.0,363.0,4,974.0
0.0,25.0,226.0,398.0,586.0,961.0,4,969.0
0.0,25.0,226.0,294.0,363.0,586.0,4,969.0
0.0,6.0,290.0,323.0,616.0,623.0,4,1039.0
0.0,6.0,35.0,208.0,284.0,616.0,4,623.0
0.0,6.0,35.0,208.0,213.0,616.0,4,1039.0
0.0,6.0,208.0,290.0,616.0,623.0,4,1039.0
0.0,6.0,290.0,323.0,616.0,623.0,4,1039.0
0.0,6.0,35.0,323.0,616.0,623.0,4,1039.0
0.0,6.0,35.0,208.0,213.0,284.0,4,623.0
0.0,6.0,35.0,208.0,213.0,284.0,4,623.0
0.0,6.0,208.0,213.0,284.0,616.0,4,1039.0
0.0,6.0,35.0,208.0,213.0,284.0,4,623.0
0.0,6.0,35.0,208.0,213.0,284.0,4,623.0
0.0,6.0,290.0,323.0,616.0,623.0,4,1039.0
0.0,6.0,290.0,323.0,616.0,623.0,4,1039.0
0.0,6.0,35.0,213.0,616.0,623.0,4,1039.0
0.0,6.0,213.0,290.0,616.0,623.0,4,1039.0
0.0,6.0,213.0,290.0,616.0,623.0,4,1039.0
0.0,6.0,213.0,290.0,616.0,623.0,4,1039.0
0.0,0.0,142.0,493.0,527.0,631.0,4,905.0
0.0,0.0,493.0,686.0,870.0,912.0,4,1037.0
0.0,0.0,493.0,686.0,905.0,912.0,4,1037.0
0.0,0.0,493.0,686.0,905.0,912.0,4,1037.0
0.0,0.0,493.0,527.0,631.0,905.0,4,912.0
0.0,0.0,527.0,631.0,870.0,905.0,4,912.0
0.0,0.0,493.0,527.0,631.0,912.0,4,1037.0
0.0,0.0,493.0,527.0,686.0,912.0,4,1037.0
0.0,1.0,14.0,250.0,866.0,960.0,4,1010.0
0.0,1.0,14.0,250.0,570.0,886.0,4,960.0
0.0,1.0,14.0,250.0,570.0,886.0,4,960.0
0.0,1.0,118.0,351.0,570.0,886.0,4,960.0
0.0,1.0,118.0,351.0,570.0,808.0,4,886.0
0.0,1.0,118.0,351.0,570.0,808.0,4,886.0
0.0,1.0,14.0,250.0,866.0,960.0,4,1010.0
0.0,1.0,118.0,351.0,570.0,886.0,4,960.0
0.0,13.0,161.0,192.0,315.0,871.0,4,900.0
0.0,13.0,182.0,192.0,315.0,787.0,4,871.0
0.0,13.0,182.0,315.0,803.0,871.0,4,956.0
0.0,13.0,161.0,192.0,315.0,871.0,4,900.0
0.0,13.0,182.0,192.0,315.0,432.0,4,900.0
0.0,28.0,110.0,210.0,389.0,497.0,4,1036.0
0.0,28.0,110.0,389.0,608.0,890.0,4,1036.0
0.0,28.0,416.0,538.0,685.0,890.0,4,1036.0
0.0,28.0,416.0,538.0,685.0,890.0,4,1036.0
0.0,28.0,389.0,497.0,685.0,890.0,4,1036.0
0.0,28.0,110.0,210.0,389.0,497.0,4,1036.0
0.0,28.0,110.0,210.0,389.0,497.0,4,1036.0
0.0,28.0,110.0,210.0,389.0,608.0,4,1036.0
0.0,28.0,110.0,389.0,608.0,890.0,4,1036.0
0.0,28.0,110.0,389.0,608.0,890.0,4,1036.0
0.0,28.0,389.0,416.0,538.0,890.0,4,1036.0
0.0,28.0,110.0,389.0,416.0,538.0,4,1036.0
0.0,28.0,110.0,389.0,416.0,538.0,4,1036.0
0.0,6.0,35.0,208.0,290.0,616.0,4,623.0
0.0,6.0,208.0,290.0,616.0,623.0,4,1039.0
0.0,6.0,290.0,323.0,616.0,623.0,4,1039.0
0.0,6.0,35.0,290.0,323.0,616.0,4,623.0
0.0,6.0,35.0,208.0,323.0,616.0,4,623.0
0.0,6.0,35.0,208.0,323.0,616.0,4,623.0
0.0,6.0,208.0,284.0,290.0,616.0,4,623.0
0.0,6.0,290.0,323.0,616.0,623.0,4,1039.0
0.0,6.0,35.0,323.0,623.0,876.0,4,1039.0
0.0,6.0,35.0,323.0,616.0,623.0,4,1039.0
0.0,6.0,35.0,323.0,616.0,623.0,4,1039.0
0.0,6.0,35.0,208.0,290.0,616.0,4,623.0
0.0,6.0,35.0,208.0,284.0,616.0,4,623.0
0.0,6.0,35.0,208.0,284.0,616.0,4,876.0
0.0,6.0,35.0,616.0,623.0,876.0,4,1039.0
0.0,6.0,35.0,616.0,623.0,876.0,4,1039.0
0.0,6.0,35.0,323.0,616.0,623.0,4,1039.0
0.0,26.0,40.0,41.0,843.0,874.0,4,928.0
0.0,26.0,40.0,41.0,494.0,843.0,4,874.0
0.0,26.0,40.0,41.0,843.0,874.0,4,928.0
0.0,26.0,40.0,41.0,601.0,843.0,4,874.0
0.0,26.0,40.0,41.0,601.0,843.0,4,874.0
0.0,26.0,40.0,41.0,494.0,601.0,4,874.0
0.0,26.0,40.0,41.0,494.0,843.0,4,928.0
0.0,26.0,40.0,41.0,494.0,843.0,4,928.0
0.0,16.0,296.0,349.0,450.0,898.0,4,996.0
0.0,16.0,31.0,296.0,431.0,450.0,4,996.0
0.0,16.0,296.0,349.0,450.0,898.0,4,996.0
0.0,16.0,65.0,296.0,349.0,431.0,4,898.0
0.0,6.0,284.0,290.0,616.0,623.0,4,876.0
0.0,6.0,35.0,284.0,616.0,623.0,4,876.0
0.0,6.0,290.0,323.0,623.0,876.0,4,1039.0
0.0,6.0,35.0,290.0,616.0,623.0,4,876.0
0.0,6.0,284.0,616.0,623.0,876.0,4,1039.0
0.0,6.0,284.0,616.0,623.0,876.0,4,1039.0
0.0,6.0,284.0,616.0,623.0,876.0,4,1039.0
0.0,6.0,213.0,290.0,616.0,623.0,4,1039.0
0.0,6.0,284.0,290.0,616.0,623.0,4,876.0
0.0,6.0,284.0,290.0,323.0,623.0,4,876.0
0.0,6.0,208.0,284.0,323.0,876.0,4,1039.0
0.0,6.0,35.0,616.0,623.0,876.0,4,1039.0
0.0,6.0,35.0,213.0,616.0,623.0,4,1039.0
0.0,6.0,213.0,290.0,616.0,623.0,4,1039.0
0.0,6.0,35.0,284.0,616.0,623.0,4,876.0
0.0,6.0,35.0,284.0,323.0,623.0,4,876.0
0.0,6.0,35.0,208.0,323.0,876.0,4,1039.0
0.0,6.0,35.0,208.0,323.0,876.0,4,1039.0
0.0,6.0,35.0,208.0,616.0,623.0,4,1039.0
0.0,6.0,213.0,290.0,616.0,623.0,4,1039.0
0.0,6.0,35.0,290.0,616.0,623.0,4,876.0
0.0,6.0,35.0,284.0,323.0,623.0,4,876.0
0.0,6.0,35.0,284.0,323.0,623.0,4,876.0
0.0,6.0,35.0,323.0,616.0,876.0,4,1039.0
0.0,6.0,213.0,290.0,616.0,623.0,4,1039.0
0.0,6.0,284.0,290.0,323.0,623.0,4,876.0
0.0,6.0,35.0,323.0,623.0,876.0,4,1039.0
0.0,6.0,35.0,323.0,623.0,876.0,4,1039.0
0.0,6.0,35.0,208.0,290.0,616.0,4,876.0
0.0,16.0,31.0,65.0,349.0,431.0,4,450.0
0.0,16.0,31.0,65.0,285.0,349.0,4,431.0
0.0,16.0,65.0,285.0,349.0,431.0,4,898.0
0.0,16.0,65.0,285.0,349.0,431.0,4,898.0
0.0,16.0,31.0,306.0,349.0,431.0,4,996.0
0.0,16.0,31.0,65.0,349.0,431.0,4,450.0
0.0,16.0,31.0,65.0,349.0,431.0,4,450.0
0.0,16.0,349.0,431.0,450.0,898.0,4,996.0
0.0,6.0,213.0,290.0,616.0,623.0,4,1039.0
0.0,6.0,35.0,284.0,616.0,623.0,4,876.0
0.0,6.0,213.0,290.0,616.0,623.0,4,1039.0
0.0,6.0,35.0,284.0,616.0,623.0,4,876.0
0.0,6.0,213.0,290.0,616.0,623.0,4,1039.0
0.0,6.0,35.0,213.0,616.0,623.0,4,1039.0
0.0,9.0,68.0,135.0,151.0,815.0,4,851.0
0.0,9.0,151.0,168.0,815.0,828.0,4,941.0
0.0,9.0,68.0,151.0,168.0,828.0,4,941.0
0.0,9.0,68.0,151.0,168.0,828.0,4,941.0
0.0,9.0,151.0,168.0,452.0,828.0,4,941.0
0.0,6.0,290.0,616.0,623.0,876.0,4,1039.0
0.0,6.0,35.0,290.0,616.0,623.0,4,876.0
0.0,6.0,35.0,284.0,323.0,623.0,4,897.0
0.0,6.0,35.0,284.0,323.0,390.0,4,897.0
0.0,6.0,290.0,323.0,616.0,623.0,4,1039.0
0.0,6.0,290.0,323.0,616.0,623.0,4,1039.0
0.0,6.0,35.0,290.0,323.0,616.0,4,623.0
0.0,12.0,216.0,417.0,477.0,715.0,4,983.0
0.0,12.0,216.0,417.0,477.0,715.0,4,983.0
0.0,12.0,216.0,228.0,387.0,563.0,4,983.0
0.0,12.0,216.0,417.0,477.0,715.0,4,983.0
0.0,1.0,14.0,351.0,570.0,808.0,4,866.0
0.0,1.0,14.0,351.0,570.0,808.0,4,866.0
0.0,1.0,14.0,351.0,570.0,808.0,4,866.0
0.0,1.0,14.0,27.0,250.0,625.0,4,886.0
0.0,1.0,14.0,351.0,570.0,808.0,4,866.0
0.0,1.0,14.0,351.0,570.0,808.0,4,866.0
0.0,1.0,14.0,250.0,351.0,570.0,4,808.0
0.0,1.0,14.0,250.0,351.0,570.0,4,808.0
0.0,1.0,14.0,250.0,351.0,625.0,4,808.0
0.0,1.0,14.0,250.0,351.0,570.0,4,808.0
0.0,18.0,577.0,678.0,681.0,811.0,4,832.0
0.0,18.0,191.0,678.0,811.0,812.0,4,973.0
0.0,18.0,191.0,678.0,811.0,812.0,4,973.0
0.0,18.0,191.0,577.0,681.0,811.0,4,832.0
0.0,18.0,577.0,678.0,681.0,811.0,4,812.0
0.0,18.0,191.0,577.0,681.0,811.0,4,812.0
0.0,18.0,191.0,577.0,681.0,811.0,4,812.0
0.0,18.0,191.0,577.0,811.0,812.0,4,832.0
0.0,6.0,35.0,616.0,623.0,876.0,4,1039.0
0.0,6.0,35.0,323.0,623.0,876.0,4,1039.0
0.0,6.0,35.0,323.0,623.0,876.0,4,878.0
0.0,6.0,35.0,323.0,623.0,876.0,4,878.0
0.0,6.0,35.0,213.0,284.0,323.0,4,623.0
0.0,6.0,213.0,290.0,616.0,876.0,4,1039.0
0.0,6.0,290.0,616.0,623.0,876.0,4,1039.0
0.0,6.0,213.0,284.0,616.0,623.0,4,1039.0
0.0,6.0,284.0,290.0,616.0,623.0,4,876.0
0.0,6.0,284.0,290.0,616.0,623.0,4,876.0
0.0,9.0,68.0,151.0,168.0,828.0,4,941.0
0.0,9.0,68.0,151.0,815.0,828.0,4,941.0
0.0,9.0,68.0,151.0,815.0,828.0,4,941.0
0.0,9.0,68.0,151.0,168.0,828.0,4,941.0
0.0,9.0,68.0,151.0,815.0,828.0,4,941.0
0.0,6.0,290.0,616.0,623.0,876.0,4,1039.0
0.0,6.0,290.0,616.0,623.0,876.0,4,1039.0
0.0,6.0,35.0,290.0,616.0,623.0,4,876.0
0.0,6.0,35.0,284.0,323.0,616.0,4,623.0
0.0,6.0,35.0,213.0,284.0,323.0,4,623.0
0.0,6.0,35.0,213.0,284.0,323.0,4,623.0
0.0,6.0,35.0,213.0,616.0,876.0,4,1039.0
0.0,6.0,290.0,616.0,623.0,876.0,4,1039.0
0.0,6.0,290.0,616.0,623.0,876.0,4,1039.0
0.0,6.0,290.0,616.0,623.0,876.0,4,1039.0
0.0,6.0,35.0,290.0,616.0,623.0,4,876.0
0.0,6.0,35.0,213.0,284.0,323.0,4,876.0
0.0,6.0,213.0,284.0,323.0,876.0,4,878.0
0.0,6.0,208.0,213.0,284.0,323.0,4,878.0
0.0,26.0,41.0,95.0,874.0,928.0,4,1024.0
0.0,26.0,41.0,95.0,494.0,633.0,4,634.0
0.0,26.0,41.0,494.0,633.0,634.0,4,1024.0
0.0,26.0,18.0,41.0,494.0,634.0,4,1024.0
0.0,26.0,41.0,95.0,494.0,874.0,4,1024.0
0.0,26.0,95.0,494.0,634.0,874.0,4,1024.0
0.0,28.0,110.0,416.0,538.0,685.0,4,971.0
0.0,28.0,444.0,538.0,685.0,971.0,4,1036.0
0.0,28.0,444.0,538.0,685.0,971.0,4,1036.0
0.0,28.0,389.0,444.0,685.0,971.0,4,1036.0
0.0,28.0,110.0,389.0,444.0,971.0,4,1036.0
0.0,28.0,110.0,389.0,538.0,971.0,4,1036.0
0.0,28.0,110.0,389.0,416.0,538.0,4,685.0
0.0,28.0,110.0,389.0,685.0,971.0,4,1036.0
0.0,18.0,677.0,681.0,811.0,832.0,4,973.0
0.0,18.0,577.0,677.0,718.0,832.0,4,973.0
0.0,18.0,191.0,577.0,681.0,718.0,4,811.0
0.0,18.0,577.0,681.0,811.0,832.0,4,982.0
0.0,18.0,577.0,677.0,718.0,832.0,4,973.0
0.0,18.0,191.0,577.0,718.0,832.0,4,973.0
0.0,18.0,191.0,577.0,718.0,832.0,4,973.0
0.0,18.0,191.0,577.0,832.0,973.0,4,982.0
0.0,18.0,549.0,678.0,681.0,811.0,4,982.0
0.0,18.0,549.0,677.0,681.0,811.0,4,982.0
0.0,18.0,577.0,677.0,718.0,832.0,4,973.0
0.0,18.0,577.0,677.0,718.0,832.0,4,973.0
0.0,18.0,191.0,577.0,718.0,832.0,4,973.0
0.0,18.0,577.0,677.0,718.0,832.0,4,973.0
0.0,18.0,191.0,577.0,718.0,832.0,4,973.0
0.0,18.0,191.0,677.0,681.0,811.0,4,982.0
0.0,18.0,191.0,677.0,681.0,811.0,4,982.0
0.0,18.0,577.0,677.0,681.0,811.0,4,982.0
0.0,18.0,577.0,677.0,718.0,832.0,4,973.0
0.0,18.0,577.0,677.0,681.0,832.0,4,982.0
0.0,18.0,191.0,577.0,681.0,718.0,4,832.0
0.0,18.0,191.0,678.0,681.0,832.0,4,982.0
0.0,18.0,191.0,678.0,681.0,832.0,4,982.0
0.0,18.0,191.0,549.0,681.0,832.0,4,982.0
0.0,18.0,191.0,549.0,681.0,832.0,4,982.0
0.0,18.0,191.0,549.0,681.0,811.0,4,832.0
0.0,18.0,191.0,577.0,681.0,811.0,4,832.0
0.0,18.0,577.0,677.0,681.0,811.0,4,832.0
0.0,18.0,577.0,677.0,681.0,811.0,4,832.0
0.0,18.0,577.0,677.0,681.0,811.0,4,832.0
0.0,18.0,577.0,677.0,681.0,811.0,4,832.0
0.0,26.0,29.0,40.0,168.0,843.0,4,874.0
0.0,26.0,29.0,40.0,168.0,928.0,4,1024.0
0.0,26.0,18.0,29.0,40.0,582.0,4,928.0
0.0,26.0,29.0,40.0,168.0,843.0,4,874.0
0.0,26.0,18.0,29.0,40.0,928.0,4,1024.0
0.0,26.0,29.0,40.0,168.0,582.0,4,874.0
0.0,12.0,12.0,417.0,462.0,477.0,4,920.0
0.0,12.0,12.0,216.0,228.0,462.0,4,875.0
0.0,12.0,12.0,216.0,228.0,477.0,4,875.0
0.0,12.0,417.0,462.0,477.0,875.0,4,920.0
0.0,12.0,216.0,228.0,462.0,875.0,4,920.0
0.0,12.0,216.0,228.0,650.0,682.0,4,875.0
0.0,18.0,577.0,677.0,718.0,832.0,4,973.0
0.0,18.0,577.0,677.0,811.0,832.0,4,973.0
0.0,18.0,191.0,677.0,681.0,811.0,4,832.0
0.0,18.0,191.0,577.0,681.0,811.0,4,973.0
0.0,18.0,577.0,678.0,718.0,832.0,4,973.0
0.0,18.0,577.0,678.0,718.0,832.0,4,973.0
0.0,18.0,577.0,678.0,718.0,832.0,4,973.0
0.0,18.0,191.0,677.0,811.0,832.0,4,973.0
0.0,18.0,191.0,677.0,681.0,811.0,4,832.0
0.0,18.0,191.0,577.0,681.0,811.0,4,973.0
0.0,18.0,191.0,577.0,681.0,811.0,4,973.0
0.0,18.0,191.0,577.0,681.0,811.0,4,832.0
0.0,18.0,191.0,677.0,811.0,832.0,4,973.0
0.0,18.0,549.0,577.0,677.0,718.0,4,973.0
0.0,18.0,577.0,677.0,718.0,832.0,4,973.0
0.0,18.0,577.0,677.0,811.0,832.0,4,973.0
0.0,18.0,191.0,677.0,811.0,832.0,4,973.0
0.0,18.0,102.0,191.0,577.0,811.0,4,832.0
0.0,18.0,102.0,577.0,677.0,811.0,4,832.0
0.0,9.0,743.0,815.0,828.0,851.0,4,941.0
0.0,9.0,68.0,743.0,828.0,851.0,4,941.0
0.0,9.0,68.0,135.0,628.0,815.0,4,828.0
0.0,9.0,68.0,135.0,815.0,828.0,4,851.0
0.0,9.0,68.0,135.0,815.0,851.0,4,941.0
0.0,9.0,68.0,135.0,815.0,851.0,4,941.0
0.0,9.0,202.0,815.0,828.0,851.0,4,941.0
0.0,9.0,628.0,743.0,815.0,828.0,4,941.0
0.0,9.0,68.0,815.0,828.0,851.0,4,941.0
0.0,18.0,577.0,677.0,718.0,832.0,4,973.0
0.0,18.0,102.0,191.0,677.0,811.0,4,832.0
0.0,18.0,102.0,191.0,577.0,718.0,4,973.0
0.0,18.0,191.0,549.0,577.0,811.0,4,982.0
0.0,18.0,549.0,577.0,677.0,811.0,4,982.0
0.0,18.0,102.0,549.0,678.0,811.0,4,982.0
0.0,18.0,577.0,677.0,718.0,832.0,4,973.0
0.0,18.0,102.0,577.0,678.0,811.0,4,832.0
0.0,18.0,577.0,677.0,718.0,811.0,4,973.0
0.0,18.0,577.0,677.0,718.0,811.0,4,973.0
0.0,18.0,677.0,678.0,718.0,811.0,4,973.0
0.0,28.0,110.0,389.0,444.0,497.0,4,1036.0
0.0,28.0,416.0,538.0,608.0,685.0,4,890.0
0.0,28.0,416.0,538.0,608.0,685.0,4,890.0
0.0,28.0,416.0,444.0,538.0,685.0,4,1036.0
0.0,28.0,110.0,389.0,444.0,497.0,4,1036.0
0.0,28.0,110.0,389.0,416.0,444.0,4,1036.0
0.0,28.0,110.0,389.0,416.0,444.0,4,1036.0
0.0,28.0,110.0,416.0,685.0,890.0,4,1036.0
0.0,28.0,538.0,608.0,685.0,890.0,4,1036.0
0.0,28.0,416.0,538.0,608.0,685.0,4,890.0
0.0,13.0,182.0,192.0,315.0,900.0,4,956.0
0.0,13.0,161.0,182.0,871.0,900.0,4,956.0
0.0,13.0,161.0,192.0,315.0,871.0,4,900.0
0.0,13.0,192.0,315.0,803.0,900.0,4,956.0
0.0,13.0,182.0,192.0,315.0,900.0,4,956.0
0.0,13.0,182.0,192.0,315.0,900.0,4,956.0
0.0,18.0,191.0,678.0,681.0,718.0,4,812.0
0.0,18.0,191.0,577.0,811.0,812.0,4,973.0
0.0,18.0,191.0,577.0,811.0,832.0,4,973.0
0.0,18.0,577.0,677.0,811.0,832.0,4,973.0
0.0,18.0,577.0,677.0,681.0,811.0,4,832.0
0.0,18.0,577.0,677.0,681.0,811.0,4,832.0
0.0,18.0,577.0,677.0,811.0,812.0,4,832.0
0.0,18.0,191.0,577.0,718.0,832.0,4,973.0
0.0,18.0,549.0,577.0,677.0,811.0,4,832.0
0.0,1.0,14.0,118.0,250.0,790.0,4,866.0
0.0,1.0,14.0,118.0,250.0,790.0,4,866.0
0.0,1.0,351.0,570.0,625.0,808.0,4,866.0
0.0,1.0,14.0,250.0,351.0,790.0,4,866.0
0.0,1.0,14.0,250.0,351.0,790.0,4,866.0
0.0,1.0,14.0,351.0,790.0,808.0,4,866.0
0.0,1.0,14.0,250.0,351.0,790.0,4,866.0
0.0,16.0,31.0,65.0,349.0,431.0,4,457.0
0.0,16.0,31.0,65.0,306.0,349.0,4,431.0
0.0,16.0,65.0,306.0,349.0,898.0,4,996.0
0.0,16.0,306.0,431.0,457.0,898.0,4,996.0
0.0,16.0,65.0,306.0,457.0,898.0,4,996.0
0.0,16.0,65.0,306.0,349.0,457.0,4,898.0
0.0,16.0,306.0,349.0,431.0,898.0,4,996.0
0.0,0.0,59.0,527.0,535.0,686.0,4,1037.0
0.0,0.0,59.0,527.0,535.0,910.0,4,1037.0
0.0,0.0,527.0,535.0,910.0,991.0,4,1037.0
0.0,0.0,59.0,527.0,535.0,686.0,4,1037.0
0.0,0.0,59.0,527.0,535.0,686.0,4,1037.0
0.0,0.0,527.0,535.0,686.0,991.0,4,1037.0
0.0,0.0,535.0,870.0,905.0,991.0,4,1037.0
0.0,0.0,59.0,535.0,686.0,870.0,4,905.0
0.0,0.0,59.0,527.0,535.0,686.0,4,870.0
0.0,0.0,59.0,527.0,535.0,686.0,4,870.0
0.0,18.0,577.0,677.0,681.0,832.0,4,982.0
0.0,18.0,191.0,577.0,681.0,811.0,4,832.0
0.0,18.0,577.0,677.0,718.0,811.0,4,812.0
0.0,18.0,577.0,677.0,681.0,811.0,4,812.0
0.0,18.0,191.0,577.0,681.0,811.0,4,812.0
0.0,18.0,191.0,577.0,681.0,811.0,4,812.0
0.0,18.0,191.0,577.0,681.0,811.0,4,812.0
0.0,18.0,577.0,678.0,718.0,832.0,4,973.0
0.0,18.0,191.0,677.0,811.0,812.0,4,832.0
0.0,18.0,577.0,677.0,718.0,832.0,4,973.0
0.0,18.0,577.0,677.0,811.0,812.0,4,832.0
0.0,18.0,577.0,677.0,811.0,812.0,4,832.0
0.0,18.0,577.0,677.0,718.0,811.0,4,832.0
0.0,18.0,191.0,577.0,681.0,811.0,4,812.0
0.0,18.0,677.0,678.0,681.0,811.0,4,832.0
0.0,18.0,577.0,677.0,681.0,718.0,4,832.0
0.0,18.0,577.0,678.0,681.0,811.0,4,812.0
0.0,18.0,577.0,678.0,681.0,811.0,4,812.0
0.0,25.0,226.0,294.0,363.0,380.0,4,421.0
0.0,25.0,226.0,363.0,398.0,586.0,4,974.0
0.0,25.0,226.0,363.0,380.0,421.0,4,586.0
0.0,25.0,294.0,363.0,421.0,961.0,4,974.0
0.0,25.0,294.0,363.0,421.0,961.0,4,974.0
0.0,25.0,226.0,294.0,363.0,586.0,4,974.0
0.0,18.0,577.0,677.0,681.0,718.0,4,832.0
0.0,18.0,191.0,678.0,718.0,812.0,4,832.0
0.0,18.0,191.0,678.0,811.0,812.0,4,973.0
0.0,18.0,191.0,678.0,811.0,812.0,4,973.0
0.0,18.0,577.0,677.0,811.0,812.0,4,973.0
0.0,18.0,577.0,677.0,681.0,718.0,4,832.0
0.0,18.0,191.0,678.0,811.0,812.0,4,832.0
0.0,18.0,191.0,577.0,811.0,812.0,4,973.0
0.0,18.0,191.0,577.0,811.0,812.0,4,832.0
0.0,1.0,570.0,790.0,866.0,886.0,4,1010.0
0.0,1.0,14.0,250.0,790.0,808.0,4,866.0
0.0,1.0,14.0,250.0,707.0,808.0,4,960.0
0.0,1.0,14.0,250.0,707.0,808.0,4,960.0
0.0,1.0,14.0,707.0,790.0,808.0,4,1010.0
0.0,1.0,14.0,790.0,866.0,886.0,4,1010.0
0.0,1.0,14.0,790.0,808.0,866.0,4,1010.0
0.0,1.0,14.0,250.0,707.0,790.0,4,808.0
0.0,1.0,250.0,790.0,808.0,886.0,4,1010.0
0.0,9.0,68.0,452.0,628.0,851.0,4,941.0
0.0,9.0,135.0,151.0,743.0,815.0,4,828.0
0.0,9.0,151.0,743.0,815.0,828.0,4,941.0
0.0,9.0,151.0,743.0,815.0,828.0,4,941.0
0.0,9.0,68.0,135.0,151.0,743.0,4,851.0
0.0,9.0,135.0,151.0,743.0,815.0,4,851.0
0.0,9.0,151.0,743.0,815.0,828.0,4,851.0
0.0,9.0,151.0,815.0,828.0,851.0,4,941.0
0.0,9.0,151.0,815.0,828.0,851.0,4,941.0
0.0,26.0,18.0,40.0,395.0,601.0,4,1024.0
0.0,26.0,18.0,395.0,601.0,843.0,4,1024.0
0.0,26.0,582.0,601.0,843.0,874.0,4,901.0
0.0,26.0,18.0,40.0,601.0,901.0,4,1024.0
0.0,26.0,18.0,40.0,601.0,901.0,4,1024.0
0.0,26.0,40.0,601.0,843.0,901.0,4,1024.0
0.0,26.0,40.0,582.0,601.0,874.0,4,1024.0
0.0,9.0,151.0,202.0,815.0,828.0,4,941.0
0.0,9.0,151.0,202.0,815.0,828.0,4,941.0
0.0,9.0,68.0,135.0,151.0,815.0,4,851.0
0.0,9.0,68.0,135.0,151.0,815.0,4,851.0
0.0,9.0,135.0,151.0,815.0,828.0,4,941.0
0.0,9.0,151.0,743.0,815.0,828.0,4,941.0
0.0,9.0,68.0,135.0,151.0,815.0,4,828.0
0.0,9.0,68.0,135.0,151.0,815.0,4,828.0
0.0,9.0,68.0,628.0,743.0,828.0,4,941.0
0.0,9.0,68.0,628.0,815.0,851.0,4,941.0
0.0,9.0,68.0,151.0,815.0,828.0,4,941.0
0.0,16.0,31.0,285.0,296.0,349.0,4,996.0
0.0,16.0,65.0,285.0,296.0,457.0,4,996.0
0.0,16.0,65.0,285.0,296.0,457.0,4,704.0
0.0,16.0,31.0,296.0,431.0,450.0,4,996.0
0.0,16.0,65.0,296.0,450.0,457.0,4,996.0
0.0,16.0,31.0,296.0,431.0,450.0,4,457.0
0.0,16.0,285.0,296.0,431.0,450.0,4,996.0
0.0,16.0,285.0,296.0,349.0,431.0,4,996.0
0.0,9.0,151.0,743.0,815.0,828.0,4,941.0
0.0,9.0,68.0,135.0,202.0,828.0,4,851.0
0.0,9.0,68.0,151.0,815.0,851.0,4,941.0
0.0,9.0,68.0,151.0,815.0,828.0,4,941.0
0.0,9.0,68.0,151.0,202.0,828.0,4,851.0
0.0,9.0,151.0,815.0,828.0,851.0,4,941.0
0.0,9.0,151.0,815.0,828.0,851.0,4,941.0
0.0,25.0,294.0,363.0,380.0,421.0,4,961.0
0.0,25.0,226.0,294.0,363.0,421.0,4,974.0
0.0,25.0,226.0,294.0,363.0,421.0,4,974.0
0.0,25.0,294.0,363.0,421.0,961.0,4,974.0
0.0,25.0,294.0,363.0,421.0,561.0,4,961.0
0.0,25.0,294.0,363.0,421.0,961.0,4,974.0
0.0,25.0,226.0,294.0,363.0,421.0,4,974.0
0.0,25.0,133.0,226.0,294.0,561.0,4,586.0
0.0,12.0,12.0,417.0,462.0,477.0,4,920.0
0.0,12.0,12.0,216.0,417.0,462.0,4,920.0
0.0,12.0,12.0,216.0,650.0,875.0,4,920.0
0.0,12.0,216.0,477.0,650.0,875.0,4,903.0
0.0,12.0,12.0,216.0,462.0,477.0,4,875.0
0.0,12.0,12.0,216.0,417.0,462.0,4,477.0
0.0,12.0,12.0,417.0,462.0,477.0,4,920.0
0.0,12.0,216.0,477.0,650.0,875.0,4,903.0
0.0,9.0,151.0,743.0,815.0,828.0,4,941.0
0.0,9.0,151.0,743.0,815.0,828.0,4,941.0
0.0,9.0,68.0,135.0,452.0,851.0,4,1018.0
0.0,9.0,151.0,743.0,815.0,828.0,4,941.0
0.0,9.0,151.0,743.0,815.0,828.0,4,941.0
0.0,9.0,151.0,743.0,815.0,828.0,4,941.0
0.0,9.0,151.0,743.0,815.0,828.0,4,941.0
0.0,9.0,151.0,743.0,815.0,828.0,4,941.0
0.0,9.0,68.0,135.0,202.0,828.0,4,1018.0
0.0,9.0,68.0,135.0,452.0,851.0,4,1018.0
0.0,9.0,135.0,452.0,850.0,851.0,4,1018.0
0.0,9.0,151.0,743.0,815.0,828.0,4,941.0
0.0,9.0,68.0,151.0,743.0,828.0,4,941.0
0.0,9.0,68.0,151.0,452.0,828.0,4,941.0
0.0,9.0,68.0,135.0,151.0,452.0,4,828.0
0.0,9.0,135.0,151.0,202.0,452.0,4,828.0
0.0,9.0,135.0,202.0,452.0,941.0,4,1018.0
0.0,9.0,135.0,151.0,743.0,815.0,4,828.0
0.0,9.0,135.0,151.0,743.0,815.0,4,828.0
0.0,9.0,151.0,202.0,452.0,851.0,4,941.0
0.0,9.0,151.0,202.0,452.0,851.0,4,941.0
0.0,9.0,68.0,151.0,452.0,828.0,4,941.0
0.0,9.0,68.0,151.0,452.0,828.0,4,941.0
0.0,9.0,68.0,151.0,452.0,828.0,4,941.0
0.0,26.0,18.0,494.0,582.0,601.0,4,1024.0
0.0,26.0,18.0,40.0,41.0,874.0,4,1024.0
0.0,26.0,40.0,41.0,494.0,874.0,4,1024.0
0.0,26.0,40.0,41.0,494.0,601.0,4,874.0
0.0,26.0,18.0,40.0,41.0,601.0,4,1024.0
0.0,26.0,95.0,601.0,634.0,874.0,4,1024.0
0.0,26.0,95.0,601.0,634.0,874.0,4,1024.0
0.0,26.0,95.0,494.0,601.0,634.0,4,1024.0
0.0,0.0,493.0,535.0,631.0,686.0,4,857.0
0.0,0.0,493.0,527.0,631.0,686.0,4,905.0
0.0,0.0,493.0,527.0,535.0,905.0,4,910.0
0.0,0.0,527.0,535.0,870.0,905.0,4,910.0
0.0,0.0,527.0,535.0,870.0,905.0,4,910.0
0.0,0.0,493.0,527.0,686.0,905.0,4,910.0
0.0,0.0,493.0,527.0,631.0,686.0,4,910.0
0.0,0.0,493.0,527.0,535.0,631.0,4,686.0
0.0,0.0,493.0,527.0,686.0,870.0,4,905.0
0.0,0.0,493.0,527.0,686.0,870.0,4,905.0
0.0,0.0,493.0,527.0,535.0,870.0,4,905.0
0.0,0.0,493.0,527.0,535.0,686.0,4,905.0
0.0,0.0,493.0,527.0,535.0,686.0,4,905.0
0.0,9.0,135.0,743.0,815.0,828.0,4,851.0
0.0,9.0,68.0,135.0,452.0,828.0,4,941.0
0.0,9.0,68.0,135.0,452.0,828.0,4,941.0
0.0,9.0,452.0,815.0,828.0,851.0,4,941.0
0.0,9.0,68.0,202.0,828.0,851.0,4,941.0
0.0,9.0,68.0,815.0,828.0,851.0,4,941.0
0.0,9.0,68.0,135.0,815.0,851.0,4,941.0
0.0,9.0,151.0,168.0,815.0,828.0,4,941.0
0.0,9.0,68.0,151.0,168.0,828.0,4,941.0
0.0,9.0,151.0,202.0,815.0,828.0,4,941.0
0.0,9.0,151.0,168.0,815.0,828.0,4,941.0
0.0,9.0,151.0,168.0,815.0,828.0,4,941.0
0.0,9.0,68.0,135.0,151.0,452.0,4,828.0
0.0,9.0,151.0,168.0,815.0,828.0,4,941.0
0.0,9.0,151.0,168.0,815.0,828.0,4,941.0
0.0,9.0,68.0,151.0,168.0,828.0,4,941.0
0.0,9.0,68.0,135.0,151.0,168.0,4,828.0
0.0,9.0,135.0,151.0,452.0,628.0,4,815.0
0.0,9.0,135.0,151.0,452.0,628.0,4,815.0
0.0,9.0,151.0,168.0,815.0,828.0,4,941.0
0.0,9.0,68.0,151.0,168.0,828.0,4,941.0
0.0,9.0,68.0,135.0,168.0,628.0,4,828.0
0.0,9.0,151.0,168.0,815.0,828.0,4,941.0
0.0,9.0,68.0,135.0,151.0,815.0,4,941.0
0.0,9.0,68.0,135.0,151.0,452.0,4,941.0
0.0,9.0,68.0,135.0,628.0,815.0,4,828.0
0.0,9.0,135.0,151.0,168.0,815.0,4,828.0
0.0,9.0,151.0,168.0,815.0,828.0,4,941.0
0.0,9.0,68.0,135.0,168.0,628.0,4,828.0
0.0,9.0,68.0,135.0,628.0,815.0,4,828.0
0.0,9.0,68.0,135.0,452.0,628.0,4,828.0
0.0,9.0,151.0,202.0,815.0,828.0,4,941.0
0.0,9.0,68.0,628.0,815.0,828.0,4,941.0
0.0,9.0,68.0,135.0,628.0,815.0,4,828.0
0.0,9.0,135.0,168.0,628.0,815.0,4,828.0
0.0,9.0,135.0,151.0,168.0,202.0,4,628.0
0.0,9.0,68.0,151.0,452.0,828.0,4,941.0
0.0,9.0,151.0,168.0,815.0,828.0,4,941.0
0.0,9.0,151.0,168.0,815.0,828.0,4,941.0
0.0,9.0,68.0,151.0,168.0,828.0,4,941.0
0.0,9.0,68.0,135.0,168.0,628.0,4,828.0
0.0,9.0,135.0,452.0,628.0,743.0,4,851.0
0.0,25.0,226.0,294.0,363.0,380.0,4,421.0
0.0,25.0,226.0,294.0,363.0,421.0,4,586.0
0.0,25.0,92.0,133.0,294.0,363.0,4,586.0
0.0,25.0,92.0,133.0,226.0,380.0,4,586.0
0.0,25.0,92.0,294.0,363.0,380.0,4,421.0
0.0,25.0,92.0,294.0,380.0,421.0,4,586.0
0.0,25.0,226.0,294.0,363.0,380.0,4,421.0
0.0,16.0,306.0,450.0,457.0,898.0,4,996.0
0.0,16.0,31.0,65.0,349.0,431.0,4,457.0
0.0,16.0,31.0,65.0,349.0,431.0,4,457.0
0.0,16.0,65.0,306.0,349.0,431.0,4,898.0
0.0,16.0,65.0,306.0,349.0,431.0,4,898.0
0.0,16.0,65.0,306.0,349.0,431.0,4,898.0
0.0,16.0,65.0,349.0,431.0,450.0,4,898.0
0.0,16.0,31.0,65.0,431.0,450.0,4,457.0
0.0,16.0,65.0,306.0,431.0,457.0,4,898.0
0.0,13.0,182.0,192.0,315.0,449.0,4,956.0
0.0,13.0,161.0,182.0,192.0,315.0,4,449.0
0.0,13.0,182.0,192.0,315.0,449.0,4,956.0
0.0,13.0,182.0,192.0,315.0,449.0,4,956.0
0.0,13.0,182.0,192.0,315.0,871.0,4,956.0
0.0,13.0,161.0,182.0,192.0,871.0,4,956.0
0.0,13.0,182.0,192.0,315.0,871.0,4,956.0
0.0,13.0,182.0,315.0,449.0,803.0,4,956.0
0.0,28.0,340.0,444.0,608.0,685.0,4,971.0
0.0,28.0,340.0,444.0,608.0,685.0,4,1036.0
0.0,28.0,110.0,389.0,444.0,608.0,4,1036.0
0.0,28.0,110.0,389.0,444.0,608.0,4,1036.0
0.0,28.0,340.0,444.0,685.0,971.0,4,1036.0
0.0,28.0,110.0,340.0,444.0,608.0,4,1036.0
0.0,9.0,168.0,815.0,828.0,851.0,4,941.0
0.0,9.0,68.0,168.0,828.0,851.0,4,941.0
0.0,9.0,135.0,452.0,815.0,851.0,4,941.0
0.0,9.0,135.0,168.0,815.0,851.0,4,941.0
0.0,9.0,135.0,168.0,815.0,828.0,4,941.0
0.0,9.0,168.0,815.0,828.0,851.0,4,941.0
0.0,9.0,68.0,168.0,828.0,851.0,4,941.0
0.0,9.0,68.0,452.0,828.0,851.0,4,941.0
0.0,9.0,68.0,135.0,815.0,851.0,4,941.0
0.0,9.0,68.0,135.0,815.0,851.0,4,941.0
0.0,9.0,135.0,452.0,743.0,851.0,4,1018.0
0.0,9.0,68.0,151.0,815.0,828.0,4,941.0
0.0,9.0,68.0,151.0,815.0,851.0,4,941.0
0.0,9.0,68.0,135.0,168.0,628.0,4,851.0
0.0,9.0,68.0,135.0,202.0,628.0,4,851.0
0.0,9.0,151.0,168.0,815.0,828.0,4,941.0
0.0,9.0,151.0,168.0,815.0,828.0,4,941.0
0.0,9.0,68.0,151.0,168.0,851.0,4,941.0
0.0,9.0,68.0,135.0,815.0,828.0,4,851.0
0.0,9.0,68.0,135.0,815.0,828.0,4,851.0
0.0,9.0,68.0,135.0,815.0,828.0,4,851.0
0.0,9.0,151.0,202.0,815.0,828.0,4,941.0
0.0,12.0,216.0,417.0,477.0,715.0,4,983.0
0.0,12.0,216.0,228.0,387.0,903.0,4,983.0
0.0,12.0,216.0,228.0,387.0,903.0,4,983.0
0.0,12.0,216.0,228.0,233.0,387.0,4,903.0
0.0,12.0,228.0,387.0,477.0,715.0,4,903.0
0.0,12.0,216.0,228.0,477.0,903.0,4,983.0
0.0,12.0,216.0,228.0,477.0,715.0,4,903.0
0.0,12.0,216.0,228.0,477.0,563.0,4,715.0
0.0,12.0,228.0,233.0,563.0,650.0,4,770.0
0.0,9.0,151.0,168.0,815.0,828.0,4,941.0
0.0,9.0,68.0,151.0,168.0,828.0,4,941.0
0.0,9.0,68.0,151.0,168.0,828.0,4,941.0
0.0,9.0,68.0,151.0,202.0,828.0,4,941.0
0.0,9.0,151.0,202.0,452.0,828.0,4,941.0
0.0,9.0,135.0,452.0,628.0,815.0,4,851.0
0.0,9.0,151.0,202.0,815.0,828.0,4,941.0
0.0,9.0,151.0,168.0,815.0,828.0,4,941.0
0.0,9.0,68.0,151.0,168.0,828.0,4,941.0
0.0,9.0,68.0,151.0,815.0,828.0,4,941.0
0.0,9.0,34.0,151.0,168.0,828.0,4,941.0
0.0,9.0,34.0,135.0,168.0,452.0,4,851.0
0.0,9.0,34.0,68.0,135.0,452.0,4,851.0
0.0,9.0,34.0,168.0,628.0,851.0,4,941.0
0.0,1.0,14.0,570.0,808.0,866.0,4,886.0
0.0,1.0,14.0,27.0,625.0,866.0,4,886.0
0.0,1.0,14.0,27.0,570.0,808.0,4,866.0
0.0,1.0,14.0,351.0,808.0,866.0,4,886.0
0.0,1.0,570.0,808.0,866.0,960.0,4,1010.0
0.0,1.0,570.0,790.0,808.0,866.0,4,1010.0
0.0,1.0,250.0,570.0,790.0,886.0,4,1010.0
0.0,1.0,250.0,570.0,790.0,886.0,4,1010.0
0.0,1.0,14.0,790.0,808.0,866.0,4,1010.0
0.0,1.0,14.0,790.0,808.0,866.0,4,1010.0
0.0,1.0,790.0,866.0,886.0,960.0,4,1010.0
0.0,1.0,14.0,790.0,866.0,886.0,4,1010.0
0.0,1.0,250.0,570.0,625.0,790.0,4,886.0
0.0,1.0,570.0,625.0,790.0,886.0,4,1010.0
0.0,1.0,570.0,790.0,866.0,886.0,4,1010.0
0.0,1.0,250.0,570.0,790.0,808.0,4,866.0
0.0,1.0,118.0,250.0,625.0,790.0,4,808.0
0.0,1.0,250.0,625.0,790.0,808.0,4,1010.0
0.0,1.0,250.0,570.0,790.0,808.0,4,1010.0
0.0,1.0,570.0,790.0,866.0,886.0,4,1010.0
0.0,1.0,570.0,790.0,866.0,886.0,4,1010.0
0.0,1.0,570.0,790.0,808.0,866.0,4,1010.0
0.0,1.0,570.0,790.0,808.0,866.0,4,1010.0
0.0,1.0,118.0,250.0,351.0,625.0,4,808.0
0.0,1.0,118.0,250.0,625.0,808.0,4,1010.0
0.0,1.0,570.0,790.0,808.0,866.0,4,1010.0
0.0,1.0,570.0,790.0,866.0,886.0,4,1010.0
0.0,1.0,570.0,790.0,866.0,886.0,4,1010.0
0.0,1.0,570.0,790.0,866.0,886.0,4,1010.0
0.0,1.0,570.0,790.0,866.0,886.0,4,1010.0
0.0,1.0,250.0,351.0,707.0,808.0,4,960.0
0.0,1.0,250.0,351.0,707.0,808.0,4,1010.0
0.0,1.0,250.0,351.0,570.0,808.0,4,960.0
0.0,1.0,250.0,351.0,625.0,808.0,4,960.0
0.0,1.0,118.0,250.0,625.0,808.0,4,1010.0
0.0,1.0,570.0,790.0,866.0,886.0,4,1010.0
0.0,1.0,570.0,625.0,790.0,886.0,4,1010.0
0.0,1.0,625.0,790.0,866.0,886.0,4,1010.0
0.0,1.0,118.0,250.0,351.0,790.0,4,808.0
0.0,1.0,118.0,250.0,351.0,808.0,4,960.0
0.0,1.0,118.0,250.0,351.0,808.0,4,960.0
0.0,1.0,118.0,250.0,351.0,808.0,4,960.0
0.0,1.0,27.0,118.0,351.0,808.0,4,960.0
0.0,26.0,40.0,168.0,582.0,874.0,4,1024.0
0.0,26.0,40.0,168.0,582.0,874.0,4,1024.0
0.0,26.0,18.0,168.0,582.0,601.0,4,1024.0
0.0,1.0,14.0,250.0,351.0,866.0,4,886.0
0.0,1.0,14.0,250.0,351.0,866.0,4,886.0
0.0,1.0,14.0,351.0,866.0,886.0,4,960.0
0.0,1.0,14.0,250.0,351.0,866.0,4,960.0
0.0,1.0,118.0,250.0,351.0,866.0,4,960.0
0.0,1.0,14.0,250.0,808.0,886.0,4,960.0
0.0,13.0,161.0,192.0,315.0,900.0,4,956.0
0.0,13.0,161.0,192.0,315.0,900.0,4,956.0
0.0,13.0,182.0,192.0,212.0,315.0,4,803.0
0.0,13.0,161.0,182.0,212.0,900.0,4,956.0
0.0,13.0,182.0,192.0,315.0,900.0,4,956.0
0.0,13.0,192.0,212.0,315.0,900.0,4,956.0
0.0,13.0,5.0,182.0,192.0,315.0,4,900.0
0.0,13.0,182.0,192.0,315.0,900.0,4,956.0
0.0,13.0,161.0,182.0,192.0,212.0,4,956.0
0.0,13.0,161.0,182.0,192.0,212.0,4,956.0
0.0,13.0,182.0,212.0,315.0,900.0,4,956.0
0.0,13.0,212.0,787.0,803.0,900.0,4,956.0
0.0,28.0,110.0,389.0,444.0,497.0,4,1036.0
0.0,28.0,110.0,389.0,416.0,538.0,4,1036.0
0.0,28.0,110.0,416.0,538.0,685.0,4,971.0
0.0,28.0,416.0,538.0,685.0,890.0,4,971.0
0.0,28.0,110.0,389.0,444.0,497.0,4,1036.0
0.0,28.0,110.0,389.0,416.0,444.0,4,1036.0
0.0,28.0,110.0,416.0,538.0,685.0,4,971.0
0.0,25.0,294.0,363.0,380.0,421.0,4,961.0
0.0,25.0,294.0,363.0,380.0,421.0,4,961.0
0.0,25.0,133.0,226.0,363.0,380.0,4,561.0
0.0,25.0,363.0,380.0,421.0,961.0,4,974.0
0.0,25.0,226.0,294.0,363.0,380.0,4,421.0
0.0,25.0,133.0,226.0,294.0,363.0,4,974.0
0.0,25.0,226.0,294.0,363.0,380.0,4,421.0
0.0,1.0,14.0,351.0,866.0,886.0,4,960.0
0.0,1.0,14.0,351.0,866.0,886.0,4,960.0
0.0,1.0,14.0,118.0,351.0,808.0,4,960.0
0.0,1.0,27.0,118.0,625.0,808.0,4,960.0
0.0,1.0,118.0,351.0,570.0,886.0,4,960.0
0.0,1.0,14.0,351.0,866.0,886.0,4,960.0
0.0,1.0,14.0,351.0,570.0,866.0,4,886.0
0.0,1.0,14.0,27.0,351.0,808.0,4,886.0
0.0,0.0,493.0,535.0,631.0,686.0,4,857.0
0.0,0.0,527.0,535.0,870.0,905.0,4,1037.0
0.0,0.0,527.0,535.0,870.0,905.0,4,1037.0
0.0,0.0,493.0,527.0,535.0,686.0,4,905.0
0.0,0.0,493.0,535.0,631.0,686.0,4,857.0
0.0,0.0,493.0,527.0,535.0,686.0,4,1037.0
0.0,0.0,493.0,527.0,535.0,870.0,4,1037.0
0.0,0.0,493.0,527.0,686.0,870.0,4,905.0
0.0,0.0,493.0,527.0,535.0,870.0,4,1037.0
0.0,1.0,14.0,250.0,351.0,570.0,4,866.0
0.0,1.0,14.0,250.0,351.0,570.0,4,866.0
0.0,1.0,14.0,250.0,351.0,570.0,4,866.0
0.0,1.0,14.0,27.0,250.0,351.0,4,570.0
0.0,1.0,14.0,250.0,570.0,808.0,4,866.0
0.0,1.0,14.0,250.0,570.0,808.0,4,866.0
0.0,1.0,14.0,27.0,250.0,351.0,4,570.0
0.0,1.0,250.0,351.0,570.0,808.0,4,866.0
0.0,12.0,228.0,417.0,462.0,477.0,4,819.0
0.0,12.0,216.0,228.0,387.0,462.0,4,715.0
0.0,12.0,216.0,228.0,462.0,477.0,4,715.0
0.0,12.0,216.0,417.0,462.0,477.0,4,715.0
0.0,12.0,417.0,477.0,715.0,819.0,4,983.0
0.0,12.0,228.0,462.0,715.0,819.0,4,983.0
0.0,12.0,216.0,228.0,462.0,477.0,4,715.0
0.0,12.0,228.0,417.0,462.0,477.0,4,819.0
0.0,1.0,351.0,570.0,866.0,886.0,4,1010.0
0.0,1.0,351.0,570.0,808.0,866.0,4,1010.0
0.0,1.0,14.0,250.0,351.0,808.0,4,866.0
0.0,1.0,14.0,118.0,250.0,808.0,4,866.0
0.0,1.0,14.0,118.0,250.0,808.0,4,866.0
0.0,1.0,351.0,570.0,808.0,866.0,4,1010.0
0.0,1.0,14.0,250.0,808.0,866.0,4,1010.0
0.0,1.0,14.0,118.0,250.0,808.0,4,1010.0
0.0,1.0,14.0,250.0,570.0,808.0,4,866.0
0.0,1.0,14.0,250.0,707.0,808.0,4,866.0
0.0,1.0,14.0,250.0,707.0,808.0,4,866.0
0.0,1.0,14.0,250.0,570.0,808.0,4,866.0
0.0,1.0,14.0,250.0,707.0,808.0,4,866.0
0.0,1.0,14.0,118.0,250.0,808.0,4,866.0
0.0,1.0,14.0,118.0,808.0,866.0,4,1010.0
0.0,1.0,14.0,570.0,808.0,866.0,4,1010.0
0.0,1.0,14.0,351.0,570.0,808.0,4,886.0
0.0,1.0,14.0,27.0,118.0,351.0,4,886.0
0.0,1.0,27.0,250.0,351.0,808.0,4,866.0
0.0,1.0,14.0,250.0,351.0,808.0,4,866.0
0.0,1.0,27.0,351.0,625.0,866.0,4,886.0
0.0,1.0,14.0,250.0,570.0,790.0,4,808.0
0.0,1.0,14.0,250.0,570.0,790.0,4,808.0
0.0,1.0,118.0,250.0,351.0,570.0,4,790.0
0.0,1.0,27.0,118.0,351.0,625.0,4,808.0
0.0,1.0,27.0,118.0,351.0,625.0,4,808.0
0.0,1.0,27.0,118.0,351.0,625.0,4,808.0
0.0,1.0,14.0,250.0,570.0,790.0,4,808.0
0.0,1.0,14.0,250.0,570.0,790.0,4,808.0
0.0,1.0,14.0,250.0,570.0,790.0,4,808.0
0.0,1.0,14.0,250.0,570.0,790.0,4,808.0
0.0,1.0,27.0,118.0,351.0,625.0,4,886.0
0.0,1.0,27.0,118.0,351.0,625.0,4,886.0
0.0,1.0,118.0,250.0,351.0,625.0,4,886.0
0.0,1.0,14.0,250.0,570.0,790.0,4,808.0
0.0,1.0,250.0,351.0,570.0,866.0,4,886.0
0.0,1.0,250.0,351.0,625.0,866.0,4,886.0
0.0,1.0,250.0,570.0,790.0,808.0,4,866.0
0.0,1.0,250.0,570.0,790.0,808.0,4,866.0
0.0,1.0,250.0,570.0,790.0,808.0,4,866.0
0.0,1.0,14.0,250.0,790.0,808.0,4,866.0
0.0,1.0,14.0,250.0,570.0,790.0,4,808.0
0.0,1.0,14.0,250.0,570.0,790.0,4,808.0
0.0,1.0,14.0,250.0,570.0,790.0,4,808.0
0.0,26.0,40.0,41.0,601.0,874.0,4,928.0
0.0,26.0,40.0,41.0,494.0,601.0,4,874.0
0.0,26.0,40.0,494.0,601.0,634.0,4,928.0
0.0,26.0,41.0,494.0,601.0,634.0,4,928.0
0.0,26.0,40.0,41.0,601.0,874.0,4,928.0
0.0,26.0,40.0,41.0,494.0,601.0,4,874.0
0.0,26.0,40.0,41.0,601.0,843.0,4,874.0
0.0,26.0,40.0,41.0,494.0,601.0,4,874.0
0.0,1.0,27.0,351.0,570.0,808.0,4,866.0
0.0,1.0,27.0,570.0,625.0,808.0,4,866.0
0.0,1.0,27.0,585.0,625.0,866.0,4,886.0
0.0,1.0,27.0,351.0,585.0,625.0,4,886.0
0.0,1.0,27.0,351.0,585.0,808.0,4,866.0
0.0,1.0,27.0,351.0,625.0,866.0,4,886.0
0.0,1.0,27.0,351.0,625.0,866.0,4,886.0
0.0,1.0,27.0,351.0,625.0,866.0,4,886.0
0.0,1.0,351.0,570.0,625.0,808.0,4,886.0
0.0,1.0,351.0,570.0,625.0,808.0,4,886.0
0.0,1.0,27.0,351.0,570.0,625.0,4,808.0
0.0,1.0,27.0,351.0,570.0,625.0,4,808.0
0.0,12.0,216.0,477.0,563.0,715.0,4,983.0
0.0,12.0,216.0,477.0,563.0,715.0,4,983.0
0.0,12.0,216.0,387.0,563.0,715.0,4,983.0
0.0,12.0,216.0,228.0,563.0,715.0,4,983.0
0.0,12.0,216.0,477.0,563.0,715.0,4,983.0
0.0,12.0,216.0,477.0,563.0,715.0,4,983.0
0.0,12.0,228.0,477.0,715.0,770.0,4,903.0
0.0,12.0,228.0,387.0,715.0,770.0,4,903.0
0.0,12.0,216.0,228.0,477.0,563.0,4,715.0
0.0,0.0,686.0,857.0,905.0,915.0,4,991.0
0.0,0.0,59.0,686.0,915.0,991.0,4,1037.0
0.0,0.0,59.0,686.0,915.0,991.0,4,1037.0
0.0,0.0,59.0,686.0,910.0,991.0,4,1037.0
0.0,0.0,59.0,686.0,910.0,991.0,4,1037.0
0.0,0.0,59.0,686.0,857.0,905.0,4,915.0
0.0,0.0,686.0,857.0,905.0,991.0,4,1037.0
0.0,1.0,27.0,570.0,625.0,866.0,4,886.0
0.0,1.0,27.0,585.0,625.0,866.0,4,886.0
0.0,1.0,351.0,570.0,625.0,808.0,4,886.0
0.0,1.0,351.0,570.0,808.0,866.0,4,886.0
0.0,1.0,27.0,351.0,570.0,808.0,4,866.0
0.0,1.0,27.0,351.0,570.0,625.0,4,866.0
0.0,25.0,133.0,226.0,294.0,363.0,4,974.0
0.0,25.0,133.0,226.0,294.0,363.0,4,974.0
0.0,25.0,294.0,363.0,380.0,421.0,4,961.0
0.0,25.0,226.0,294.0,380.0,421.0,4,586.0
0.0,25.0,133.0,226.0,586.0,961.0,4,974.0
0.0,16.0,65.0,296.0,450.0,457.0,4,898.0
0.0,16.0,165.0,296.0,298.0,450.0,4,704.0
0.0,16.0,165.0,296.0,298.0,450.0,4,704.0
0.0,16.0,65.0,165.0,431.0,450.0,4,898.0
0.0,16.0,165.0,298.0,306.0,450.0,4,704.0
0.0,16.0,165.0,298.0,450.0,457.0,4,704.0
0.0,13.0,161.0,182.0,803.0,900.0,4,956.0
0.0,13.0,161.0,182.0,803.0,900.0,4,956.0
0.0,13.0,315.0,803.0,871.0,900.0,4,956.0
0.0,13.0,315.0,803.0,871.0,900.0,4,956.0
0.0,13.0,161.0,192.0,315.0,803.0,4,871.0
0.0,13.0,182.0,192.0,315.0,900.0,4,956.0
0.0,13.0,182.0,192.0,315.0,900.0,4,956.0
0.0,13.0,161.0,182.0,192.0,900.0,4,956.0
0.0,13.0,161.0,182.0,192.0,900.0,4,956.0
0.0,13.0,182.0,315.0,871.0,900.0,4,956.0
0.0,13.0,161.0,182.0,871.0,900.0,4,956.0
0.0,13.0,182.0,315.0,871.0,900.0,4,956.0
0.0,13.0,182.0,315.0,871.0,900.0,4,956.0
0.0,13.0,182.0,315.0,871.0,900.0,4,956.0
0.0,13.0,192.0,315.0,803.0,900.0,4,956.0
0.0,13.0,192.0,315.0,803.0,900.0,4,956.0
0.0,13.0,161.0,182.0,192.0,871.0,4,956.0
0.0,13.0,182.0,315.0,803.0,871.0,4,956.0
0.0,13.0,161.0,182.0,803.0,900.0,4,956.0
0.0,13.0,182.0,192.0,315.0,803.0,4,871.0
0.0,13.0,182.0,192.0,315.0,803.0,4,871.0
0.0,13.0,182.0,192.0,315.0,803.0,4,871.0
0.0,13.0,161.0,192.0,315.0,803.0,4,871.0
0.0,13.0,182.0,315.0,803.0,900.0,4,956.0
0.0,13.0,182.0,315.0,803.0,900.0,4,956.0
0.0,13.0,182.0,315.0,803.0,900.0,4,956.0
0.0,13.0,5.0,192.0,315.0,900.0,4,956.0
0.0,13.0,161.0,192.0,315.0,900.0,4,956.0
0.0,13.0,161.0,182.0,192.0,315.0,4,871.0
0.0,13.0,161.0,182.0,803.0,871.0,4,956.0
0.0,13.0,161.0,182.0,803.0,871.0,4,956.0
0.0,13.0,161.0,182.0,315.0,803.0,4,871.0
0.0,13.0,161.0,192.0,315.0,900.0,4,956.0
0.0,13.0,161.0,182.0,803.0,871.0,4,956.0
0.0,13.0,182.0,315.0,803.0,871.0,4,956.0
0.0,13.0,182.0,192.0,212.0,432.0,4,787.0
0.0,13.0,5.0,192.0,315.0,871.0,4,956.0
0.0,13.0,192.0,315.0,803.0,871.0,4,900.0
0.0,13.0,5.0,192.0,315.0,803.0,4,900.0
0.0,13.0,5.0,192.0,315.0,803.0,4,900.0
0.0,13.0,182.0,315.0,803.0,871.0,4,956.0
0.0,13.0,182.0,315.0,803.0,871.0,4,956.0
0.0,28.0,389.0,444.0,497.0,685.0,4,1036.0
0.0,28.0,416.0,538.0,608.0,890.0,4,971.0
0.0,28.0,389.0,416.0,538.0,890.0,4,971.0
0.0,28.0,389.0,416.0,538.0,890.0,4,1036.0
0.0,28.0,416.0,444.0,538.0,685.0,4,1036.0
0.0,28.0,389.0,444.0,497.0,685.0,4,1036.0
0.0,28.0,389.0,444.0,685.0,971.0,4,1036.0
0.0,28.0,416.0,444.0,538.0,685.0,4,971.0
0.0,28.0,416.0,444.0,538.0,685.0,4,971.0
0.0,28.0,389.0,416.0,538.0,890.0,4,971.0
0.0,25.0,294.0,380.0,421.0,561.0,4,961.0
0.0,25.0,92.0,133.0,226.0,398.0,4,974.0
0.0,25.0,92.0,294.0,380.0,421.0,4,974.0
0.0,25.0,92.0,294.0,421.0,561.0,4,974.0
0.0,25.0,294.0,380.0,421.0,561.0,4,961.0
0.0,25.0,226.0,294.0,380.0,421.0,4,974.0
0.0,25.0,92.0,133.0,226.0,380.0,4,974.0
0.0,25.0,226.0,294.0,380.0,421.0,4,974.0
0.0,16.0,349.0,450.0,457.0,704.0,4,996.0
0.0,16.0,285.0,298.0,349.0,457.0,4,704.0
0.0,16.0,31.0,298.0,450.0,457.0,4,838.0
0.0,16.0,31.0,349.0,450.0,457.0,4,996.0
0.0,16.0,31.0,165.0,349.0,838.0,4,996.0
0.0,16.0,31.0,165.0,349.0,838.0,4,996.0
0.0,16.0,165.0,298.0,450.0,838.0,4,996.0
0.0,0.0,493.0,686.0,905.0,912.0,4,1037.0
0.0,0.0,493.0,527.0,631.0,912.0,4,1037.0
0.0,0.0,493.0,527.0,631.0,905.0,4,912.0
0.0,0.0,527.0,631.0,686.0,870.0,4,905.0
0.0,0.0,493.0,631.0,686.0,910.0,4,912.0
0.0,0.0,493.0,686.0,905.0,912.0,4,1037.0
0.0,0.0,527.0,631.0,686.0,912.0,4,1037.0
0.0,0.0,493.0,686.0,905.0,912.0,4,1037.0
0.0,26.0,40.0,41.0,843.0,874.0,4,928.0
0.0,26.0,18.0,494.0,601.0,634.0,4,1024.0
0.0,26.0,41.0,601.0,874.0,928.0,4,1024.0
0.0,26.0,40.0,41.0,601.0,874.0,4,928.0
0.0,26.0,40.0,41.0,843.0,874.0,4,928.0
0.0,26.0,40.0,41.0,843.0,874.0,4,928.0
0.0,12.0,216.0,417.0,477.0,715.0,4,983.0
0.0,12.0,216.0,417.0,477.0,715.0,4,983.0
0.0,12.0,216.0,387.0,417.0,462.0,4,715.0
0.0,12.0,216.0,462.0,650.0,682.0,4,770.0
0.0,12.0,462.0,477.0,682.0,715.0,4,770.0
0.0,12.0,216.0,417.0,477.0,715.0,4,983.0
0.0,12.0,216.0,417.0,477.0,715.0,4,983.0
0.0,12.0,417.0,462.0,477.0,682.0,4,715.0
0.0,12.0,417.0,462.0,650.0,682.0,4,715.0
0.0,12.0,417.0,462.0,477.0,682.0,4,715.0
0.0,13.0,161.0,192.0,803.0,871.0,4,956.0
0.0,13.0,161.0,182.0,192.0,432.0,4,900.0
0.0,13.0,161.0,182.0,192.0,432.0,4,900.0
0.0,13.0,161.0,192.0,287.0,900.0,4,956.0
0.0,13.0,161.0,192.0,803.0,871.0,4,956.0
0.0,13.0,161.0,192.0,803.0,871.0,4,956.0
0.0,13.0,5.0,192.0,432.0,803.0,4,900.0
0.0,13.0,161.0,182.0,192.0,900.0,4,956.0
0.0,13.0,161.0,192.0,212.0,315.0,4,956.0
0.0,13.0,5.0,192.0,212.0,315.0,4,956.0
0.0,13.0,5.0,161.0,803.0,956.0,4,1021.0
0.0,13.0,161.0,192.0,212.0,315.0,4,956.0
0.0,13.0,161.0,192.0,212.0,315.0,4,956.0
0.0,13.0,161.0,182.0,192.0,212.0,4,315.0
0.0,13.0,161.0,182.0,192.0,212.0,4,315.0
0.0,13.0,161.0,212.0,315.0,803.0,4,956.0
0.0,13.0,161.0,182.0,803.0,956.0,4,1021.0
0.0,13.0,161.0,182.0,803.0,956.0,4,1021.0
0.0,13.0,161.0,182.0,432.0,803.0,4,1021.0
0.0,28.0,110.0,416.0,608.0,685.0,4,890.0
0.0,28.0,110.0,340.0,804.0,890.0,4,971.0
0.0,28.0,340.0,685.0,804.0,890.0,4,971.0
0.0,28.0,110.0,210.0,340.0,416.0,4,804.0
0.0,28.0,110.0,210.0,416.0,685.0,4,971.0
0.0,28.0,110.0,340.0,416.0,685.0,4,971.0
0.0,28.0,110.0,340.0,416.0,685.0,4,971.0
0.0,28.0,110.0,685.0,804.0,890.0,4,971.0
0.0,28.0,210.0,643.0,685.0,804.0,4,890.0
0.0,13.0,161.0,182.0,192.0,315.0,4,449.0
0.0,13.0,182.0,192.0,315.0,871.0,4,956.0
0.0,13.0,161.0,182.0,803.0,871.0,4,956.0
0.0,13.0,161.0,182.0,192.0,315.0,4,871.0
0.0,13.0,161.0,182.0,192.0,315.0,4,449.0
0.0,13.0,192.0,315.0,449.0,803.0,4,956.0
0.0,13.0,182.0,192.0,315.0,871.0,4,956.0
0.0,13.0,161.0,192.0,212.0,432.0,4,449.0
0.0,13.0,161.0,182.0,315.0,449.0,4,803.0
0.0,13.0,182.0,315.0,449.0,803.0,4,956.0
0.0,13.0,182.0,315.0,803.0,871.0,4,956.0
0.0,12.0,12.0,228.0,233.0,682.0,4,875.0
0.0,12.0,12.0,216.0,417.0,477.0,4,920.0
0.0,12.0,12.0,216.0,228.0,477.0,4,920.0
0.0,12.0,216.0,228.0,462.0,682.0,4,875.0
0.0,12.0,12.0,228.0,462.0,682.0,4,819.0
0.0,12.0,12.0,417.0,462.0,682.0,4,819.0
0.0,12.0,417.0,462.0,477.0,682.0,4,819.0
0.0,12.0,12.0,417.0,477.0,819.0,4,920.0
0.0,12.0,12.0,216.0,228.0,477.0,4,920.0
0.0,12.0,216.0,228.0,462.0,477.0,4,920.0
0.0,12.0,12.0,216.0,417.0,477.0,4,920.0
0.0,12.0,216.0,228.0,477.0,819.0,4,920.0
0.0,12.0,216.0,228.0,477.0,819.0,4,920.0
0.0,12.0,12.0,462.0,682.0,875.0,4,920.0
0.0,12.0,12.0,228.0,462.0,682.0,4,875.0
0.0,12.0,216.0,228.0,233.0,682.0,4,875.0
0.0,12.0,12.0,216.0,417.0,477.0,4,920.0
0.0,12.0,12.0,216.0,228.0,462.0,4,920.0
0.0,12.0,228.0,462.0,477.0,682.0,4,920.0
0.0,12.0,12.0,216.0,228.0,477.0,4,682.0
0.0,25.0,294.0,363.0,380.0,421.0,4,961.0
0.0,25.0,133.0,226.0,294.0,363.0,4,586.0
0.0,25.0,294.0,363.0,421.0,586.0,4,961.0
0.0,25.0,294.0,421.0,561.0,586.0,4,961.0
0.0,25.0,294.0,421.0,561.0,586.0,4,961.0
0.0,25.0,294.0,363.0,380.0,421.0,4,961.0
0.0,25.0,294.0,363.0,380.0,421.0,4,961.0
0.0,25.0,133.0,226.0,294.0,380.0,4,561.0
0.0,25.0,133.0,226.0,363.0,586.0,4,961.0
0.0,25.0,226.0,363.0,421.0,586.0,4,961.0
0.0,25.0,226.0,363.0,421.0,586.0,4,961.0
0.0,28.0,389.0,416.0,444.0,685.0,4,1036.0
0.0,28.0,538.0,608.0,890.0,971.0,4,1036.0
0.0,28.0,389.0,538.0,890.0,971.0,4,1036.0
0.0,28.0,389.0,444.0,538.0,971.0,4,1036.0
0.0,28.0,389.0,416.0,444.0,538.0,4,971.0
0.0,28.0,389.0,444.0,497.0,685.0,4,1036.0
0.0,28.0,389.0,538.0,608.0,890.0,4,971.0
0.0,28.0,389.0,444.0,608.0,971.0,4,1036.0
0.0,28.0,389.0,444.0,608.0,971.0,4,1036.0
0.0,12.0,12.0,216.0,650.0,682.0,4,875.0
0.0,12.0,12.0,216.0,650.0,682.0,4,875.0
0.0,12.0,417.0,462.0,477.0,682.0,4,920.0
0.0,12.0,417.0,462.0,477.0,682.0,4,920.0
0.0,12.0,12.0,417.0,462.0,477.0,4,920.0
0.0,12.0,12.0,417.0,462.0,477.0,4,920.0
0.0,12.0,12.0,216.0,462.0,875.0,4,920.0
0.0,12.0,216.0,417.0,462.0,477.0,4,920.0
0.0,12.0,12.0,417.0,462.0,650.0,4,920.0
0.0,12.0,12.0,216.0,417.0,462.0,4,920.0
0.0,12.0,12.0,216.0,417.0,462.0,4,920.0
0.0,12.0,12.0,417.0,462.0,875.0,4,920.0
0.0,12.0,12.0,417.0,462.0,875.0,4,920.0
0.0,12.0,12.0,417.0,650.0,875.0,4,920.0
0.0,12.0,216.0,228.0,417.0,650.0,4,920.0
0.0,12.0,12.0,216.0,417.0,462.0,4,875.0
0.0,12.0,12.0,216.0,417.0,650.0,4,920.0
0.0,26.0,18.0,40.0,582.0,874.0,4,1024.0
0.0,26.0,40.0,601.0,634.0,874.0,4,929.0
0.0,26.0,40.0,95.0,601.0,634.0,4,929.0
0.0,26.0,18.0,95.0,601.0,634.0,4,843.0
0.0,26.0,40.0,95.0,601.0,634.0,4,843.0
0.0,26.0,40.0,582.0,601.0,874.0,4,1024.0
0.0,26.0,40.0,582.0,601.0,874.0,4,1024.0
0.0,26.0,40.0,601.0,874.0,929.0,4,1024.0
0.0,26.0,40.0,601.0,634.0,874.0,4,1024.0
0.0,26.0,40.0,601.0,634.0,874.0,4,1024.0
0.0,26.0,40.0,582.0,601.0,874.0,4,1024.0
0.0,0.0,631.0,686.0,870.0,905.0,4,912.0
0.0,0.0,493.0,631.0,686.0,870.0,4,905.0
0.0,0.0,493.0,535.0,686.0,912.0,4,1037.0
0.0,0.0,493.0,535.0,686.0,912.0,4,1037.0
0.0,0.0,493.0,535.0,686.0,857.0,4,1037.0
0.0,0.0,493.0,686.0,857.0,870.0,4,1037.0
0.0,0.0,493.0,631.0,686.0,870.0,4,1037.0
0.0,0.0,631.0,686.0,857.0,870.0,4,905.0
0.0,12.0,12.0,216.0,650.0,875.0,4,920.0
0.0,12.0,216.0,417.0,462.0,477.0,4,920.0
0.0,12.0,216.0,417.0,462.0,477.0,4,920.0
0.0,12.0,12.0,417.0,462.0,477.0,4,920.0
0.0,12.0,12.0,417.0,462.0,477.0,4,920.0
0.0,12.0,12.0,417.0,462.0,477.0,4,920.0
0.0,12.0,12.0,216.0,417.0,477.0,4,920.0
0.0,12.0,12.0,216.0,228.0,650.0,4,920.0
0.0,12.0,216.0,228.0,462.0,477.0,4,875.0
0.0,12.0,216.0,228.0,462.0,477.0,4,875.0
0.0,12.0,216.0,228.0,462.0,477.0,4,875.0
0.0,12.0,12.0,216.0,462.0,682.0,4,875.0
0.0,12.0,216.0,650.0,682.0,770.0,4,903.0
0.0,12.0,216.0,650.0,682.0,770.0,4,903.0
0.0,16.0,31.0,296.0,450.0,457.0,4,996.0
0.0,16.0,65.0,296.0,349.0,431.0,4,450.0
0.0,16.0,65.0,296.0,349.0,431.0,4,704.0
0.0,16.0,65.0,285.0,349.0,431.0,4,704.0
0.0,16.0,65.0,285.0,349.0,431.0,4,704.0
0.0,16.0,285.0,296.0,457.0,704.0,4,996.0
0.0,16.0,31.0,296.0,450.0,457.0,4,996.0
0.0,16.0,65.0,296.0,450.0,457.0,4,704.0
0.0,16.0,65.0,349.0,431.0,450.0,4,704.0
0.0,16.0,31.0,296.0,450.0,457.0,4,996.0
0.0,12.0,216.0,417.0,462.0,477.0,4,682.0
0.0,12.0,216.0,417.0,462.0,477.0,4,682.0
0.0,12.0,216.0,417.0,477.0,715.0,4,983.0
0.0,12.0,228.0,477.0,682.0,715.0,4,983.0
0.0,12.0,228.0,387.0,477.0,682.0,4,715.0
0.0,12.0,228.0,387.0,462.0,682.0,4,715.0
0.0,12.0,216.0,228.0,387.0,462.0,4,682.0
0.0,12.0,216.0,228.0,387.0,462.0,4,682.0
0.0,12.0,216.0,228.0,462.0,477.0,4,682.0
0.0,12.0,216.0,228.0,387.0,770.0,4,983.0
0.0,12.0,216.0,387.0,563.0,770.0,4,983.0
0.0,12.0,233.0,387.0,563.0,715.0,4,770.0
0.0,12.0,233.0,387.0,563.0,715.0,4,770.0
0.0,12.0,233.0,387.0,563.0,715.0,4,770.0
0.0,12.0,216.0,387.0,563.0,715.0,4,983.0
0.0,12.0,233.0,387.0,563.0,715.0,4,770.0
0.0,12.0,216.0,233.0,387.0,563.0,4,770.0
0.0,12.0,216.0,387.0,563.0,770.0,4,983.0
0.0,12.0,216.0,387.0,563.0,770.0,4,983.0
0.0,12.0,216.0,228.0,387.0,715.0,4,983.0
0.0,12.0,216.0,417.0,477.0,715.0,4,983.0
0.0,12.0,216.0,228.0,387.0,903.0,4,983.0
0.0,12.0,216.0,228.0,387.0,650.0,4,903.0
0.0,12.0,417.0,477.0,650.0,715.0,4,903.0
0.0,12.0,417.0,477.0,650.0,715.0,4,903.0
0.0,12.0,216.0,417.0,650.0,715.0,4,983.0
0.0,12.0,216.0,417.0,477.0,715.0,4,983.0
0.0,12.0,216.0,417.0,477.0,715.0,4,983.0
0.0,12.0,228.0,387.0,715.0,903.0,4,983.0
0.0,12.0,228.0,387.0,715.0,903.0,4,983.0
0.0,12.0,216.0,228.0,387.0,903.0,4,983.0
0.0,12.0,216.0,228.0,387.0,563.0,4,983.0
0.0,12.0,387.0,563.0,770.0,819.0,4,903.0
0.0,12.0,216.0,417.0,462.0,477.0,4,715.0
0.0,12.0,228.0,387.0,715.0,903.0,4,983.0
0.0,12.0,216.0,417.0,462.0,477.0,4,715.0
0.0,12.0,216.0,417.0,477.0,903.0,4,983.0
0.0,12.0,216.0,228.0,387.0,903.0,4,983.0
0.0,12.0,216.0,228.0,387.0,903.0,4,983.0
0.0,25.0,294.0,363.0,380.0,421.0,4,961.0
0.0,25.0,294.0,363.0,380.0,586.0,4,961.0
0.0,25.0,226.0,294.0,363.0,586.0,4,974.0
0.0,25.0,133.0,226.0,294.0,586.0,4,974.0
0.0,25.0,133.0,226.0,294.0,398.0,4,974.0
0.0,25.0,133.0,226.0,294.0,398.0,4,974.0
0.0,25.0,133.0,226.0,294.0,398.0,4,974.0
0.0,25.0,133.0,380.0,398.0,961.0,4,974.0
0.0,25.0,294.0,363.0,586.0,961.0,4,974.0
0.0,25.0,226.0,294.0,398.0,586.0,4,974.0
0.0,25.0,226.0,294.0,398.0,421.0,4,974.0
0.0,25.0,226.0,294.0,398.0,421.0,4,974.0
0.0,25.0,294.0,363.0,421.0,961.0,4,974.0
0.0,26.0,41.0,95.0,874.0,928.0,4,1024.0
0.0,26.0,41.0,494.0,874.0,928.0,4,1024.0
0.0,26.0,41.0,494.0,634.0,874.0,4,928.0
0.0,26.0,95.0,494.0,582.0,633.0,4,634.0
0.0,26.0,18.0,494.0,582.0,634.0,4,1024.0
0.0,26.0,41.0,95.0,494.0,634.0,4,874.0
0.0,26.0,41.0,95.0,494.0,634.0,4,874.0
0.0,16.0,296.0,306.0,457.0,898.0,4,996.0
0.0,16.0,65.0,296.0,306.0,457.0,4,898.0
0.0,16.0,31.0,65.0,165.0,306.0,4,450.0
0.0,16.0,31.0,65.0,165.0,431.0,4,450.0
0.0,16.0,65.0,165.0,296.0,431.0,4,898.0
0.0,16.0,296.0,431.0,457.0,898.0,4,996.0
0.0,16.0,31.0,65.0,306.0,431.0,4,457.0
0.0,16.0,65.0,296.0,431.0,450.0,4,898.0
0.0,16.0,65.0,296.0,431.0,457.0,4,898.0
0.0,0.0,535.0,686.0,905.0,910.0,4,991.0
0.0,0.0,535.0,686.0,905.0,910.0,4,991.0
0.0,0.0,535.0,686.0,905.0,910.0,4,991.0
0.0,0.0,59.0,535.0,686.0,905.0,4,910.0
0.0,0.0,59.0,535.0,686.0,857.0,4,905.0
0.0,0.0,59.0,535.0,686.0,905.0,4,991.0
0.0,0.0,59.0,535.0,857.0,910.0,4,991.0
0.0,0.0,59.0,535.0,686.0,910.0,4,991.0
0.0,0.0,59.0,686.0,905.0,910.0,4,991.0
0.0,0.0,59.0,535.0,686.0,905.0,4,991.0
0.0,28.0,210.0,416.0,444.0,685.0,4,971.0
0.0,28.0,444.0,538.0,685.0,971.0,4,1036.0
0.0,28.0,389.0,444.0,538.0,919.0,4,1036.0
0.0,28.0,389.0,416.0,444.0,685.0,4,1036.0
0.0,28.0,389.0,444.0,685.0,971.0,4,1036.0
0.0,28.0,389.0,444.0,538.0,971.0,4,1036.0
0.0,28.0,389.0,444.0,538.0,919.0,4,1036.0
0.0,16.0,31.0,285.0,296.0,457.0,4,996.0
0.0,16.0,31.0,285.0,296.0,457.0,4,996.0
0.0,16.0,31.0,285.0,296.0,457.0,4,996.0
0.0,16.0,31.0,285.0,296.0,457.0,4,996.0
0.0,16.0,296.0,349.0,431.0,704.0,4,996.0
0.0,16.0,296.0,349.0,431.0,457.0,4,996.0
0.0,16.0,349.0,431.0,450.0,457.0,4,996.0
0.0,16.0,31.0,296.0,431.0,450.0,4,457.0
0.0,25.0,133.0,294.0,363.0,961.0,4,974.0
0.0,25.0,133.0,294.0,363.0,961.0,4,974.0
0.0,25.0,133.0,294.0,363.0,961.0,4,969.0
0.0,25.0,133.0,226.0,363.0,586.0,4,969.0
0.0,25.0,226.0,294.0,586.0,969.0,4,974.0
0.0,25.0,92.0,226.0,586.0,969.0,4,974.0
0.0,25.0,92.0,226.0,363.0,586.0,4,969.0
0.0,28.0,110.0,389.0,444.0,497.0,4,1036.0
0.0,28.0,110.0,389.0,444.0,497.0,4,1036.0
0.0,28.0,416.0,538.0,685.0,890.0,4,971.0
0.0,28.0,110.0,444.0,497.0,685.0,4,1036.0
0.0,28.0,110.0,389.0,444.0,497.0,4,1036.0
0.0,28.0,110.0,389.0,444.0,497.0,4,1036.0
0.0,28.0,110.0,389.0,444.0,497.0,4,1036.0
0.0,0.0,493.0,686.0,905.0,912.0,4,1037.0
0.0,0.0,273.0,527.0,631.0,857.0,4,870.0
0.0,0.0,273.0,527.0,857.0,910.0,4,915.0
0.0,26.0,40.0,41.0,843.0,874.0,4,928.0
0.0,26.0,41.0,601.0,843.0,874.0,4,928.0
0.0,26.0,41.0,95.0,494.0,601.0,4,874.0
0.0,26.0,41.0,95.0,494.0,601.0,4,874.0
0.0,26.0,40.0,95.0,494.0,601.0,4,928.0
0.0,26.0,40.0,494.0,601.0,843.0,4,928.0
0.0,26.0,40.0,41.0,494.0,601.0,4,874.0
0.0,26.0,40.0,41.0,494.0,601.0,4,928.0
0.0,26.0,40.0,41.0,494.0,601.0,4,928.0
0.0,26.0,40.0,41.0,494.0,601.0,4,928.0
0.0,26.0,40.0,95.0,494.0,582.0,4,601.0
0.0,26.0,40.0,95.0,494.0,582.0,4,601.0
0.0,26.0,40.0,41.0,601.0,843.0,4,874.0
0.0,26.0,29.0,40.0,168.0,582.0,4,874.0
0.0,26.0,29.0,40.0,601.0,928.0,4,1024.0
0.0,26.0,29.0,40.0,168.0,874.0,4,1024.0
0.0,26.0,29.0,40.0,168.0,601.0,4,901.0
0.0,26.0,29.0,40.0,168.0,601.0,4,901.0
0.0,26.0,29.0,40.0,168.0,601.0,4,901.0
0.0,26.0,29.0,40.0,168.0,582.0,4,874.0
0.0,26.0,29.0,40.0,168.0,582.0,4,928.0
0.0,26.0,29.0,40.0,168.0,582.0,4,928.0
0.0,26.0,29.0,40.0,601.0,843.0,4,928.0
0.0,25.0,294.0,380.0,421.0,586.0,4,780.0
0.0,25.0,421.0,561.0,586.0,780.0,4,961.0
0.0,25.0,226.0,561.0,586.0,780.0,4,969.0
0.0,25.0,294.0,363.0,380.0,421.0,4,961.0
0.0,25.0,294.0,363.0,380.0,421.0,4,961.0
0.0,25.0,294.0,363.0,380.0,421.0,4,961.0
0.0,25.0,226.0,380.0,421.0,586.0,4,780.0
0.0,25.0,294.0,363.0,380.0,421.0,4,561.0
0.0,25.0,294.0,363.0,380.0,421.0,4,586.0
0.0,25.0,294.0,363.0,380.0,421.0,4,586.0
0.0,26.0,29.0,40.0,168.0,582.0,4,874.0
0.0,26.0,29.0,168.0,582.0,601.0,4,874.0
0.0,26.0,29.0,40.0,168.0,601.0,4,874.0
0.0,26.0,29.0,40.0,168.0,601.0,4,928.0
0.0,26.0,29.0,40.0,168.0,601.0,4,928.0
0.0,26.0,29.0,40.0,168.0,601.0,4,928.0
0.0,26.0,40.0,168.0,582.0,601.0,4,843.0
0.0,26.0,29.0,40.0,601.0,928.0,4,1024.0
0.0,16.0,65.0,296.0,349.0,450.0,4,704.0
0.0,16.0,31.0,65.0,296.0,349.0,4,450.0
0.0,16.0,31.0,65.0,285.0,349.0,4,450.0
0.0,16.0,65.0,285.0,296.0,450.0,4,996.0
0.0,16.0,31.0,285.0,296.0,349.0,4,996.0
0.0,16.0,31.0,285.0,296.0,450.0,4,996.0
0.0,16.0,65.0,285.0,296.0,450.0,4,996.0
0.0,16.0,65.0,285.0,296.0,450.0,4,996.0
0.0,16.0,31.0,65.0,296.0,349.0,4,450.0
0.0,25.0,294.0,363.0,421.0,561.0,4,961.0
0.0,25.0,294.0,363.0,421.0,586.0,4,961.0
0.0,25.0,294.0,363.0,421.0,586.0,4,961.0
0.0,25.0,133.0,226.0,294.0,363.0,4,421.0
0.0,25.0,226.0,294.0,363.0,421.0,4,974.0
0.0,25.0,294.0,363.0,421.0,961.0,4,974.0
0.0,25.0,133.0,226.0,586.0,961.0,4,974.0
0.0,25.0,133.0,294.0,586.0,961.0,4,974.0
0.0,25.0,133.0,294.0,363.0,586.0,4,961.0
0.0,26.0,40.0,168.0,582.0,601.0,4,874.0
0.0,26.0,40.0,168.0,582.0,601.0,4,874.0
0.0,26.0,40.0,168.0,601.0,874.0,4,1024.0
0.0,26.0,40.0,168.0,601.0,634.0,4,874.0
0.0,26.0,40.0,168.0,582.0,843.0,4,874.0
0.0,26.0,40.0,168.0,582.0,601.0,4,874.0
0.0,26.0,40.0,168.0,601.0,874.0,4,1024.0
0.0,26.0,18.0,582.0,601.0,928.0,4,1024.0
0.0,26.0,18.0,40.0,168.0,582.0,4,601.0
0.0,28.0,110.0,389.0,444.0,497.0,4,1036.0
0.0,28.0,110.0,416.0,538.0,685.0,4,971.0
0.0,28.0,110.0,416.0,538.0,685.0,4,971.0
0.0,28.0,416.0,538.0,685.0,890.0,4,971.0
0.0,28.0,110.0,389.0,444.0,497.0,4,1036.0
0.0,28.0,416.0,538.0,685.0,890.0,4,971.0
0.0,28.0,416.0,538.0,608.0,685.0,4,890.0
0.0,28.0,110.0,389.0,890.0,971.0,4,1036.0
0.0,28.0,110.0,389.0,685.0,890.0,4,1036.0
0.0,26.0,40.0,41.0,601.0,874.0,4,1024.0
0.0,26.0,40.0,41.0,494.0,601.0,4,1024.0
0.0,26.0,40.0,41.0,494.0,601.0,4,843.0
0.0,26.0,40.0,494.0,582.0,601.0,4,843.0
0.0,26.0,40.0,41.0,494.0,601.0,4,928.0
0.0,26.0,40.0,41.0,874.0,928.0,4,1024.0
0.0,0.0,527.0,535.0,905.0,991.0,4,1037.0
0.0,0.0,493.0,535.0,631.0,686.0,4,991.0
0.0,0.0,493.0,527.0,535.0,631.0,4,686.0
0.0,0.0,527.0,535.0,631.0,686.0,4,870.0
0.0,0.0,493.0,535.0,631.0,686.0,4,991.0
0.0,0.0,493.0,527.0,535.0,905.0,4,1037.0
0.0,0.0,59.0,527.0,535.0,686.0,4,1037.0
0.0,0.0,527.0,535.0,910.0,991.0,4,1037.0
0.0,0.0,59.0,535.0,686.0,870.0,4,1037.0
0.0,0.0,59.0,535.0,686.0,870.0,4,1037.0
0.0,0.0,59.0,527.0,535.0,686.0,4,1037.0
0.0,0.0,59.0,527.0,535.0,686.0,4,1037.0
0.0,0.0,59.0,527.0,535.0,686.0,4,1037.0
0.0,0.0,59.0,527.0,535.0,686.0,4,1037.0
0.0,16.0,306.0,431.0,457.0,898.0,4,996.0
0.0,16.0,306.0,431.0,457.0,898.0,4,996.0
0.0,16.0,306.0,431.0,457.0,704.0,4,996.0
0.0,16.0,65.0,285.0,306.0,349.0,4,898.0
0.0,16.0,306.0,431.0,457.0,898.0,4,996.0
0.0,16.0,65.0,306.0,431.0,457.0,4,996.0
0.0,16.0,65.0,285.0,306.0,457.0,4,996.0
0.0,16.0,65.0,285.0,431.0,457.0,4,898.0
0.0,26.0,494.0,634.0,843.0,928.0,4,1024.0
0.0,26.0,40.0,41.0,95.0,494.0,4,633.0
0.0,26.0,40.0,41.0,494.0,928.0,4,1024.0
0.0,26.0,40.0,41.0,494.0,928.0,4,1024.0
0.0,26.0,40.0,41.0,494.0,843.0,4,1024.0
0.0,26.0,40.0,41.0,494.0,634.0,4,843.0
0.0,26.0,40.0,41.0,494.0,634.0,4,843.0
0.0,26.0,40.0,41.0,494.0,843.0,4,874.0
0.0,26.0,40.0,41.0,494.0,874.0,4,1024.0
0.0,26.0,40.0,494.0,601.0,634.0,4,928.0
0.0,26.0,18.0,40.0,494.0,601.0,4,634.0
0.0,26.0,40.0,41.0,494.0,601.0,4,1024.0
0.0,26.0,41.0,494.0,601.0,634.0,4,928.0
0.0,26.0,40.0,494.0,601.0,634.0,4,874.0
0.0,26.0,40.0,41.0,601.0,874.0,4,928.0
0.0,0.0,493.0,535.0,905.0,912.0,4,1037.0
0.0,0.0,493.0,535.0,905.0,912.0,4,1037.0
0.0,0.0,493.0,527.0,535.0,631.0,4,991.0
0.0,0.0,493.0,527.0,535.0,631.0,4,912.0
0.0,0.0,527.0,535.0,631.0,905.0,4,912.0
0.0,0.0,493.0,527.0,535.0,631.0,4,991.0
0.0,0.0,493.0,527.0,535.0,912.0,4,1037.0
0.0,16.0,31.0,285.0,296.0,450.0,4,996.0
0.0,16.0,31.0,285.0,296.0,450.0,4,996.0
0.0,16.0,65.0,296.0,298.0,349.0,4,704.0
0.0,16.0,31.0,65.0,285.0,296.0,4,996.0
0.0,16.0,31.0,285.0,296.0,450.0,4,996.0
0.0,16.0,31.0,285.0,296.0,450.0,4,996.0
0.0,16.0,31.0,285.0,296.0,450.0,4,996.0
0.0,16.0,31.0,285.0,296.0,450.0,4,996.0
0.0,25.0,294.0,380.0,421.0,561.0,4,961.0
0.0,25.0,294.0,380.0,421.0,561.0,4,961.0
0.0,25.0,133.0,226.0,294.0,380.0,4,586.0
0.0,25.0,133.0,226.0,586.0,961.0,4,974.0
0.0,25.0,133.0,226.0,294.0,586.0,4,974.0
0.0,25.0,133.0,226.0,294.0,586.0,4,974.0
0.0,25.0,226.0,294.0,380.0,421.0,4,561.0
0.0,25.0,226.0,294.0,380.0,421.0,4,561.0
0.0,25.0,92.0,226.0,380.0,421.0,4,586.0
0.0,28.0,389.0,416.0,444.0,685.0,4,1036.0
0.0,28.0,416.0,538.0,608.0,890.0,4,971.0
0.0,28.0,416.0,538.0,608.0,890.0,4,971.0
0.0,28.0,444.0,608.0,685.0,971.0,4,1036.0
0.0,28.0,389.0,444.0,497.0,685.0,4,1036.0
0.0,28.0,444.0,608.0,890.0,971.0,4,1036.0
0.0,25.0,294.0,380.0,421.0,561.0,4,961.0
0.0,25.0,294.0,380.0,421.0,961.0,4,974.0
0.0,25.0,133.0,226.0,294.0,380.0,4,974.0
0.0,25.0,133.0,226.0,561.0,961.0,4,974.0
0.0,25.0,133.0,226.0,561.0,961.0,4,974.0
0.0,25.0,294.0,380.0,421.0,561.0,4,961.0
0.0,25.0,294.0,380.0,421.0,961.0,4,974.0
0.0,25.0,294.0,380.0,421.0,961.0,4,974.0
0.0,25.0,133.0,226.0,294.0,380.0,4,974.0
0.0,25.0,133.0,398.0,780.0,961.0,4,974.0
0.0,25.0,92.0,133.0,398.0,780.0,4,974.0
0.0,25.0,92.0,398.0,780.0,969.0,4,974.0
0.0,25.0,294.0,363.0,380.0,421.0,4,961.0
0.0,25.0,133.0,226.0,380.0,561.0,4,961.0
0.0,25.0,294.0,380.0,421.0,561.0,4,961.0
0.0,25.0,226.0,294.0,380.0,421.0,4,561.0
0.0,25.0,133.0,226.0,294.0,363.0,4,380.0
0.0,25.0,226.0,294.0,363.0,380.0,4,421.0
0.0,0.0,493.0,535.0,631.0,686.0,4,991.0
0.0,0.0,527.0,686.0,857.0,905.0,4,1037.0
0.0,0.0,493.0,527.0,535.0,631.0,4,686.0
0.0,0.0,493.0,535.0,686.0,991.0,4,1037.0
0.0,0.0,493.0,527.0,535.0,686.0,4,1037.0
0.0,0.0,493.0,527.0,535.0,686.0,4,1037.0
0.0,0.0,493.0,527.0,631.0,686.0,4,991.0
0.0,0.0,493.0,527.0,535.0,631.0,4,991.0
0.0,0.0,493.0,527.0,535.0,631.0,4,991.0
0.0,25.0,133.0,226.0,294.0,380.0,4,561.0
0.0,25.0,133.0,294.0,380.0,398.0,4,780.0
0.0,25.0,226.0,398.0,586.0,780.0,4,969.0
0.0,25.0,133.0,226.0,294.0,380.0,4,586.0
0.0,25.0,133.0,226.0,294.0,380.0,4,561.0
0.0,25.0,133.0,226.0,294.0,380.0,4,561.0
0.0,25.0,133.0,226.0,294.0,380.0,4,561.0
0.0,25.0,133.0,226.0,294.0,380.0,4,586.0
0.0,25.0,92.0,133.0,226.0,398.0,4,586.0
0.0,16.0,65.0,165.0,285.0,431.0,4,898.0
0.0,16.0,306.0,431.0,457.0,898.0,4,996.0
0.0,16.0,31.0,165.0,285.0,431.0,4,898.0
0.0,16.0,165.0,285.0,431.0,457.0,4,704.0
0.0,25.0,294.0,363.0,380.0,421.0,4,961.0
0.0,25.0,92.0,133.0,380.0,586.0,4,974.0
0.0,25.0,133.0,380.0,586.0,780.0,4,974.0
0.0,25.0,133.0,380.0,586.0,780.0,4,974.0
0.0,25.0,294.0,363.0,421.0,561.0,4,961.0
0.0,25.0,294.0,363.0,380.0,421.0,4,961.0
0.0,25.0,294.0,363.0,380.0,421.0,4,961.0
0.0,25.0,92.0,133.0,294.0,380.0,4,586.0
0.0,25.0,92.0,133.0,398.0,586.0,4,974.0
0.0,25.0,92.0,133.0,398.0,780.0,4,974.0
0.0,0.0,142.0,493.0,535.0,631.0,4,991.0
0.0,0.0,493.0,631.0,870.0,905.0,4,991.0
0.0,0.0,493.0,535.0,631.0,870.0,4,991.0
0.0,0.0,535.0,631.0,870.0,912.0,4,1037.0
0.0,0.0,535.0,631.0,870.0,912.0,4,1037.0
0.0,0.0,493.0,535.0,631.0,991.0,4,1037.0
0.0,0.0,493.0,535.0,631.0,870.0,4,991.0
0.0,0.0,142.0,535.0,870.0,991.0,4,1037.0
0.0,0.0,493.0,535.0,631.0,912.0,4,991.0
0.0,0.0,493.0,535.0,870.0,991.0,4,1037.0
0.0,28.0,110.0,389.0,444.0,497.0,4,1036.0
0.0,28.0,110.0,389.0,416.0,444.0,4,608.0
0.0,28.0,110.0,416.0,538.0,608.0,4,685.0
0.0,28.0,110.0,416.0,538.0,608.0,4,685.0
0.0,28.0,416.0,538.0,608.0,685.0,4,890.0
0.0,28.0,416.0,538.0,608.0,685.0,4,890.0
0.0,28.0,444.0,538.0,608.0,685.0,4,1036.0
0.0,28.0,444.0,538.0,608.0,685.0,4,1036.0
0.0,28.0,110.0,389.0,416.0,444.0,4,608.0
0.0,28.0,389.0,416.0,444.0,608.0,4,685.0
0.0,28.0,110.0,389.0,444.0,497.0,4,1036.0
0.0,28.0,110.0,389.0,444.0,497.0,4,1036.0
0.0,28.0,416.0,444.0,538.0,608.0,4,685.0
0.0,16.0,31.0,296.0,431.0,450.0,4,996.0
0.0,16.0,31.0,65.0,306.0,349.0,4,431.0
0.0,16.0,31.0,296.0,306.0,431.0,4,996.0
0.0,16.0,31.0,296.0,431.0,450.0,4,996.0
0.0,16.0,349.0,431.0,450.0,898.0,4,996.0
0.0,16.0,31.0,65.0,296.0,306.0,4,431.0
0.0,16.0,31.0,65.0,296.0,306.0,4,431.0
0.0,16.0,31.0,65.0,296.0,306.0,4,431.0
0.0,16.0,31.0,65.0,296.0,306.0,4,431.0
0.0,16.0,306.0,450.0,457.0,898.0,4,996.0
0.0,16.0,31.0,65.0,431.0,450.0,4,457.0
0.0,16.0,31.0,65.0,306.0,349.0,4,431.0
0.0,16.0,31.0,65.0,306.0,349.0,4,431.0
0.0,16.0,65.0,349.0,431.0,450.0,4,898.0
0.0,16.0,31.0,306.0,431.0,457.0,4,996.0
0.0,16.0,31.0,431.0,450.0,457.0,4,996.0
0.0,16.0,65.0,306.0,349.0,431.0,4,898.0
0.0,16.0,31.0,65.0,306.0,349.0,4,431.0
0.0,16.0,65.0,306.0,349.0,431.0,4,898.0
0.0,0.0,527.0,535.0,631.0,686.0,4,991.0
0.0,0.0,59.0,527.0,535.0,686.0,4,1037.0
0.0,0.0,527.0,535.0,686.0,991.0,4,1037.0
0.0,0.0,527.0,535.0,631.0,686.0,4,991.0
0.0,0.0,59.0,527.0,535.0,631.0,4,686.0
0.0,0.0,59.0,527.0,535.0,631.0,4,686.0
0.0,16.0,306.0,431.0,457.0,898.0,4,996.0
0.0,16.0,31.0,285.0,349.0,457.0,4,996.0
0.0,16.0,65.0,306.0,431.0,457.0,4,898.0
0.0,16.0,65.0,306.0,431.0,457.0,4,898.0
0.0,16.0,65.0,285.0,306.0,349.0,4,898.0
0.0,16.0,65.0,285.0,306.0,349.0,4,898.0
0.0,28.0,389.0,444.0,608.0,685.0,4,1036.0
0.0,28.0,538.0,608.0,685.0,890.0,4,1036.0
0.0,28.0,538.0,608.0,685.0,890.0,4,1036.0
0.0,28.0,389.0,444.0,497.0,685.0,4,1036.0
0.0,28.0,389.0,416.0,444.0,608.0,4,685.0
0.0,28.0,538.0,608.0,890.0,971.0,4,1036.0
0.0,0.0,59.0,527.0,535.0,686.0,4,1037.0
0.0,0.0,527.0,857.0,870.0,910.0,4,991.0
0.0,0.0,59.0,527.0,857.0,870.0,4,910.0
0.0,0.0,59.0,527.0,870.0,905.0,4,910.0
0.0,0.0,59.0,527.0,870.0,905.0,4,910.0
0.0,0.0,59.0,527.0,686.0,870.0,4,910.0
0.0,0.0,59.0,527.0,535.0,870.0,4,1037.0
