season,team,player_0,player_1,player_2,player_3,missing_position,target_player
6.0,26.0,333.0,453.0,536.0,620.0,4,948.0
6.0,26.0,333.0,453.0,536.0,620.0,4,948.0
6.0,26.0,333.0,453.0,536.0,914.0,4,948.0
6.0,26.0,285.0,453.0,536.0,914.0,4,948.0
6.0,26.0,285.0,453.0,536.0,914.0,4,948.0
6.0,26.0,285.0,536.0,753.0,914.0,4,948.0
6.0,26.0,333.0,453.0,536.0,620.0,4,948.0
6.0,26.0,285.0,333.0,536.0,620.0,4,948.0
6.0,26.0,285.0,536.0,753.0,914.0,4,948.0
6.0,26.0,285.0,333.0,453.0,753.0,4,914.0
6.0,26.0,333.0,453.0,536.0,914.0,4,948.0
6.0,25.0,74.0,356.0,398.0,421.0,4,759.0
6.0,25.0,74.0,398.0,421.0,531.0,4,759.0
6.0,25.0,297.0,356.0,380.0,398.0,4,531.0
6.0,25.0,74.0,380.0,398.0,421.0,4,759.0
6.0,25.0,74.0,297.0,356.0,421.0,4,531.0
6.0,25.0,297.0,356.0,380.0,421.0,4,531.0
6.0,25.0,74.0,297.0,356.0,393.0,4,531.0
6.0,25.0,50.0,297.0,398.0,421.0,4,531.0
6.0,25.0,50.0,297.0,356.0,398.0,4,421.0
6.0,25.0,50.0,297.0,356.0,398.0,4,421.0
6.0,25.0,50.0,297.0,393.0,398.0,4,531.0
6.0,25.0,74.0,356.0,398.0,421.0,4,531.0
6.0,16.0,155.0,296.0,623.0,674.0,4,895.0
6.0,16.0,155.0,623.0,719.0,820.0,4,895.0
6.0,16.0,155.0,296.0,495.0,623.0,4,719.0
6.0,16.0,155.0,296.0,495.0,623.0,4,719.0
6.0,16.0,155.0,296.0,623.0,674.0,4,895.0
6.0,16.0,155.0,623.0,674.0,820.0,4,895.0
6.0,16.0,155.0,296.0,674.0,814.0,4,820.0
6.0,16.0,155.0,296.0,623.0,674.0,4,820.0
6.0,16.0,155.0,296.0,623.0,674.0,4,820.0
6.0,8.0,40.0,215.0,571.0,593.0,4,984.0
6.0,8.0,40.0,41.0,181.0,593.0,4,1027.0
6.0,8.0,40.0,41.0,181.0,404.0,4,1027.0
6.0,8.0,40.0,41.0,181.0,404.0,4,1027.0
6.0,8.0,41.0,181.0,215.0,593.0,4,984.0
6.0,8.0,40.0,215.0,571.0,593.0,4,984.0
6.0,8.0,40.0,215.0,571.0,593.0,4,984.0
6.0,8.0,40.0,181.0,571.0,593.0,4,984.0
6.0,8.0,40.0,215.0,404.0,571.0,4,984.0
6.0,8.0,41.0,215.0,404.0,984.0,4,1027.0
6.0,8.0,41.0,181.0,404.0,984.0,4,1027.0
6.0,8.0,40.0,41.0,181.0,404.0,4,1027.0
6.0,11.0,135.0,180.0,425.0,668.0,4,959.0
6.0,11.0,145.0,425.0,472.0,768.0,4,784.0
6.0,11.0,145.0,425.0,472.0,768.0,4,784.0
6.0,11.0,135.0,180.0,425.0,472.0,4,784.0
6.0,11.0,135.0,180.0,425.0,472.0,4,784.0
6.0,11.0,135.0,180.0,425.0,784.0,4,959.0
6.0,11.0,135.0,145.0,425.0,472.0,4,784.0
6.0,8.0,40.0,41.0,181.0,404.0,4,957.0
6.0,8.0,41.0,181.0,404.0,571.0,4,984.0
6.0,8.0,40.0,215.0,571.0,593.0,4,984.0
6.0,8.0,40.0,215.0,571.0,593.0,4,984.0
6.0,8.0,40.0,215.0,404.0,571.0,4,984.0
6.0,8.0,40.0,215.0,571.0,593.0,4,984.0
6.0,8.0,41.0,62.0,181.0,332.0,4,957.0
6.0,8.0,41.0,62.0,181.0,332.0,4,957.0
6.0,10.0,52.0,234.0,376.0,444.0,4,591.0
6.0,10.0,132.0,234.0,444.0,591.0,4,918.0
6.0,10.0,52.0,234.0,444.0,591.0,4,918.0
6.0,10.0,132.0,234.0,591.0,829.0,4,918.0
6.0,10.0,132.0,234.0,444.0,591.0,4,829.0
6.0,10.0,52.0,132.0,376.0,444.0,4,591.0
6.0,10.0,52.0,132.0,444.0,591.0,4,829.0
6.0,10.0,132.0,234.0,444.0,591.0,4,829.0
6.0,10.0,132.0,234.0,444.0,591.0,4,829.0
6.0,10.0,132.0,234.0,444.0,591.0,4,918.0
6.0,27.0,359.0,439.0,662.0,680.0,4,702.0
6.0,27.0,359.0,439.0,662.0,680.0,4,702.0
6.0,27.0,662.0,680.0,777.0,886.0,4,897.0
6.0,27.0,439.0,638.0,662.0,886.0,4,897.0
6.0,27.0,359.0,439.0,662.0,680.0,4,702.0
6.0,27.0,359.0,439.0,662.0,680.0,4,897.0
6.0,27.0,359.0,662.0,680.0,886.0,4,897.0
6.0,27.0,359.0,439.0,662.0,680.0,4,897.0
6.0,8.0,40.0,181.0,215.0,404.0,4,984.0
6.0,8.0,41.0,181.0,404.0,519.0,4,571.0
6.0,8.0,40.0,41.0,519.0,571.0,4,984.0
6.0,8.0,40.0,404.0,519.0,571.0,4,984.0
6.0,8.0,40.0,215.0,519.0,571.0,4,984.0
6.0,8.0,40.0,215.0,404.0,519.0,4,984.0
6.0,8.0,40.0,215.0,404.0,519.0,4,984.0
6.0,8.0,41.0,181.0,215.0,404.0,4,519.0
6.0,8.0,41.0,181.0,404.0,519.0,4,571.0
6.0,8.0,41.0,181.0,404.0,571.0,4,984.0
6.0,8.0,41.0,181.0,404.0,571.0,4,984.0
6.0,30.0,217.0,240.0,920.0,953.0,4,963.0
6.0,30.0,240.0,657.0,920.0,953.0,4,963.0
6.0,30.0,100.0,217.0,657.0,953.0,4,963.0
6.0,30.0,100.0,217.0,657.0,952.0,4,963.0
6.0,30.0,100.0,217.0,657.0,785.0,4,952.0
6.0,30.0,100.0,739.0,785.0,920.0,4,953.0
6.0,30.0,100.0,657.0,920.0,953.0,4,963.0
6.0,30.0,100.0,657.0,920.0,953.0,4,963.0
6.0,30.0,217.0,240.0,920.0,953.0,4,963.0
6.0,30.0,100.0,217.0,657.0,785.0,4,952.0
6.0,30.0,100.0,657.0,739.0,785.0,4,952.0
6.0,30.0,217.0,689.0,739.0,920.0,4,952.0
6.0,30.0,217.0,689.0,739.0,920.0,4,952.0
6.0,15.0,659.0,714.0,802.0,860.0,4,1036.0
6.0,15.0,484.0,659.0,684.0,802.0,4,1013.0
6.0,15.0,484.0,802.0,860.0,960.0,4,1036.0
6.0,15.0,659.0,714.0,860.0,960.0,4,1036.0
6.0,15.0,659.0,714.0,860.0,960.0,4,1036.0
6.0,15.0,484.0,659.0,714.0,802.0,4,1036.0
6.0,15.0,484.0,684.0,802.0,860.0,4,1036.0
6.0,15.0,659.0,714.0,860.0,960.0,4,1036.0
6.0,15.0,659.0,714.0,860.0,960.0,4,1036.0
6.0,15.0,659.0,714.0,860.0,960.0,4,1036.0
6.0,18.0,45.0,579.0,642.0,651.0,4,758.0
6.0,18.0,45.0,579.0,642.0,651.0,4,758.0
6.0,18.0,25.0,218.0,369.0,396.0,4,530.0
6.0,18.0,25.0,218.0,530.0,579.0,4,642.0
6.0,18.0,25.0,45.0,579.0,642.0,4,758.0
6.0,18.0,45.0,579.0,642.0,651.0,4,758.0
6.0,18.0,25.0,218.0,396.0,530.0,4,758.0
6.0,18.0,25.0,218.0,396.0,530.0,4,633.0
6.0,18.0,25.0,45.0,218.0,396.0,4,579.0
6.0,18.0,45.0,218.0,396.0,579.0,4,642.0
6.0,8.0,40.0,215.0,404.0,571.0,4,984.0
6.0,8.0,40.0,41.0,215.0,571.0,4,984.0
6.0,8.0,40.0,181.0,215.0,593.0,4,984.0
6.0,8.0,40.0,215.0,571.0,593.0,4,984.0
6.0,8.0,40.0,215.0,571.0,593.0,4,984.0
6.0,8.0,40.0,215.0,571.0,593.0,4,984.0
6.0,8.0,41.0,181.0,215.0,404.0,4,984.0
6.0,8.0,41.0,181.0,215.0,404.0,4,984.0
6.0,8.0,40.0,41.0,181.0,404.0,4,571.0
6.0,8.0,40.0,41.0,181.0,404.0,4,571.0
6.0,8.0,40.0,41.0,215.0,571.0,4,984.0
6.0,8.0,40.0,215.0,571.0,593.0,4,984.0
6.0,8.0,40.0,41.0,181.0,215.0,4,957.0
6.0,8.0,41.0,181.0,215.0,957.0,4,984.0
6.0,8.0,40.0,41.0,571.0,593.0,4,984.0
6.0,8.0,40.0,41.0,571.0,593.0,4,984.0
6.0,8.0,40.0,181.0,571.0,593.0,4,984.0
6.0,8.0,40.0,215.0,571.0,593.0,4,984.0
6.0,8.0,40.0,215.0,571.0,593.0,4,984.0
6.0,8.0,40.0,215.0,571.0,593.0,4,984.0
6.0,8.0,40.0,41.0,181.0,404.0,4,571.0
6.0,8.0,41.0,181.0,332.0,404.0,4,519.0
6.0,8.0,62.0,181.0,332.0,519.0,4,957.0
6.0,33.0,244.0,258.0,301.0,318.0,4,361.0
6.0,33.0,244.0,258.0,301.0,318.0,4,361.0
6.0,33.0,244.0,258.0,318.0,361.0,4,417.0
6.0,33.0,14.0,417.0,686.0,789.0,4,811.0
6.0,33.0,14.0,417.0,686.0,789.0,4,811.0
6.0,33.0,244.0,258.0,301.0,318.0,4,361.0
6.0,33.0,244.0,258.0,318.0,361.0,4,417.0
6.0,10.0,234.0,336.0,376.0,591.0,4,918.0
6.0,10.0,52.0,234.0,289.0,591.0,4,918.0
6.0,10.0,52.0,132.0,289.0,444.0,4,918.0
6.0,10.0,132.0,234.0,444.0,591.0,4,918.0
6.0,10.0,132.0,234.0,444.0,591.0,4,918.0
6.0,10.0,132.0,234.0,444.0,591.0,4,918.0
6.0,10.0,132.0,289.0,444.0,591.0,4,918.0
6.0,10.0,132.0,289.0,444.0,591.0,4,918.0
6.0,10.0,132.0,289.0,444.0,591.0,4,918.0
6.0,10.0,132.0,234.0,444.0,591.0,4,918.0
6.0,14.0,223.0,294.0,592.0,700.0,4,786.0
6.0,14.0,55.0,158.0,294.0,592.0,4,700.0
6.0,14.0,55.0,158.0,488.0,700.0,4,786.0
6.0,14.0,55.0,223.0,488.0,592.0,4,786.0
6.0,14.0,55.0,223.0,488.0,592.0,4,786.0
6.0,14.0,223.0,488.0,520.0,592.0,4,786.0
6.0,14.0,158.0,520.0,592.0,700.0,4,786.0
6.0,14.0,55.0,158.0,294.0,592.0,4,700.0
6.0,14.0,55.0,158.0,294.0,592.0,4,700.0
6.0,14.0,55.0,158.0,294.0,488.0,4,592.0
6.0,14.0,55.0,158.0,294.0,592.0,4,700.0
6.0,14.0,55.0,158.0,294.0,592.0,4,700.0
6.0,8.0,40.0,41.0,181.0,404.0,4,593.0
6.0,8.0,41.0,181.0,404.0,519.0,4,593.0
6.0,8.0,41.0,181.0,215.0,519.0,4,593.0
6.0,8.0,40.0,41.0,215.0,519.0,4,593.0
6.0,8.0,40.0,215.0,404.0,571.0,4,984.0
6.0,8.0,41.0,181.0,404.0,519.0,4,593.0
6.0,0.0,60.0,394.0,535.0,634.0,4,1037.0
6.0,0.0,13.0,60.0,394.0,634.0,4,1037.0
6.0,0.0,13.0,60.0,394.0,634.0,4,1037.0
6.0,0.0,13.0,247.0,267.0,634.0,4,1037.0
6.0,0.0,13.0,247.0,267.0,465.0,4,535.0
6.0,0.0,13.0,247.0,267.0,465.0,4,535.0
6.0,0.0,13.0,247.0,267.0,535.0,4,634.0
6.0,0.0,394.0,465.0,535.0,634.0,4,1037.0
6.0,0.0,13.0,394.0,465.0,634.0,4,1037.0
6.0,0.0,13.0,247.0,394.0,465.0,4,634.0
6.0,0.0,13.0,247.0,267.0,535.0,4,634.0
6.0,12.0,237.0,350.0,611.0,788.0,4,856.0
6.0,12.0,237.0,350.0,611.0,788.0,4,856.0
6.0,12.0,237.0,350.0,611.0,788.0,4,856.0
6.0,12.0,237.0,350.0,386.0,788.0,4,872.0
6.0,12.0,350.0,351.0,386.0,872.0,4,986.0
6.0,12.0,237.0,350.0,611.0,788.0,4,856.0
6.0,23.0,136.0,400.0,822.0,853.0,4,994.0
6.0,23.0,136.0,400.0,822.0,925.0,4,994.0
6.0,23.0,136.0,400.0,778.0,925.0,4,994.0
6.0,23.0,400.0,451.0,598.0,778.0,4,925.0
6.0,23.0,136.0,400.0,822.0,853.0,4,994.0
6.0,23.0,136.0,400.0,451.0,822.0,4,994.0
6.0,23.0,400.0,598.0,778.0,853.0,4,925.0
6.0,23.0,400.0,451.0,853.0,925.0,4,994.0
6.0,23.0,136.0,400.0,451.0,853.0,4,994.0
6.0,23.0,136.0,400.0,451.0,925.0,4,994.0
6.0,9.0,109.0,366.0,452.0,604.0,4,941.0
6.0,9.0,109.0,366.0,452.0,604.0,4,941.0
6.0,9.0,109.0,366.0,452.0,604.0,4,941.0
6.0,9.0,39.0,109.0,452.0,845.0,4,941.0
6.0,9.0,39.0,149.0,182.0,604.0,4,845.0
6.0,9.0,109.0,366.0,452.0,845.0,4,941.0
6.0,9.0,39.0,109.0,452.0,845.0,4,941.0
6.0,9.0,39.0,109.0,452.0,845.0,4,941.0
6.0,18.0,25.0,218.0,260.0,369.0,4,396.0
6.0,18.0,25.0,45.0,579.0,642.0,4,758.0
6.0,18.0,25.0,45.0,579.0,642.0,4,758.0
6.0,18.0,25.0,45.0,218.0,579.0,4,642.0
6.0,18.0,45.0,218.0,396.0,642.0,4,758.0
6.0,18.0,25.0,218.0,260.0,396.0,4,758.0
6.0,18.0,45.0,218.0,396.0,642.0,4,758.0
6.0,8.0,40.0,215.0,571.0,593.0,4,984.0
6.0,8.0,40.0,181.0,404.0,571.0,4,984.0
6.0,8.0,41.0,181.0,215.0,571.0,4,984.0
6.0,8.0,40.0,41.0,215.0,593.0,4,984.0
6.0,8.0,40.0,41.0,181.0,404.0,4,571.0
6.0,8.0,41.0,181.0,215.0,404.0,4,984.0
6.0,8.0,40.0,41.0,215.0,404.0,4,984.0
6.0,29.0,242.0,338.0,392.0,426.0,4,505.0
6.0,29.0,173.0,392.0,426.0,485.0,4,951.0
6.0,29.0,173.0,392.0,426.0,485.0,4,951.0
6.0,8.0,40.0,41.0,181.0,571.0,4,957.0
6.0,8.0,40.0,41.0,181.0,571.0,4,957.0
6.0,8.0,41.0,181.0,571.0,957.0,4,984.0
6.0,8.0,41.0,181.0,404.0,571.0,4,984.0
6.0,8.0,40.0,181.0,215.0,593.0,4,984.0
6.0,8.0,40.0,215.0,571.0,593.0,4,984.0
6.0,8.0,40.0,215.0,571.0,593.0,4,984.0
6.0,8.0,40.0,41.0,181.0,215.0,4,593.0
6.0,8.0,40.0,181.0,215.0,571.0,4,984.0
6.0,28.0,203.0,397.0,496.0,754.0,4,1016.0
6.0,28.0,203.0,397.0,496.0,754.0,4,1016.0
6.0,28.0,203.0,639.0,701.0,1002.0,4,1016.0
6.0,28.0,639.0,701.0,754.0,854.0,4,876.0
6.0,28.0,397.0,639.0,754.0,854.0,4,876.0
6.0,28.0,203.0,397.0,754.0,876.0,4,1016.0
6.0,28.0,203.0,397.0,496.0,754.0,4,1016.0
6.0,28.0,203.0,639.0,701.0,1002.0,4,1016.0
6.0,28.0,397.0,754.0,854.0,876.0,4,1017.0
6.0,28.0,203.0,397.0,639.0,754.0,4,1016.0
6.0,8.0,40.0,215.0,571.0,593.0,4,984.0
6.0,8.0,40.0,215.0,571.0,593.0,4,984.0
6.0,8.0,40.0,181.0,571.0,593.0,4,984.0
6.0,8.0,40.0,41.0,181.0,404.0,4,593.0
6.0,8.0,41.0,181.0,404.0,519.0,4,571.0
6.0,8.0,41.0,215.0,519.0,593.0,4,984.0
6.0,8.0,40.0,181.0,215.0,593.0,4,984.0
6.0,8.0,40.0,181.0,215.0,593.0,4,984.0
6.0,8.0,40.0,215.0,571.0,593.0,4,984.0
6.0,8.0,40.0,41.0,215.0,571.0,4,593.0
6.0,8.0,40.0,41.0,215.0,571.0,4,593.0
6.0,8.0,40.0,62.0,181.0,332.0,4,404.0
6.0,8.0,62.0,181.0,332.0,404.0,4,519.0
6.0,8.0,41.0,62.0,332.0,404.0,4,519.0
6.0,8.0,41.0,62.0,332.0,801.0,4,957.0
6.0,13.0,91.0,137.0,164.0,238.0,4,1024.0
6.0,13.0,91.0,164.0,418.0,609.0,4,688.0
6.0,13.0,319.0,418.0,609.0,688.0,4,855.0
6.0,13.0,319.0,418.0,609.0,688.0,4,855.0
6.0,13.0,164.0,418.0,609.0,688.0,4,855.0
6.0,13.0,91.0,164.0,418.0,609.0,4,688.0
6.0,13.0,91.0,164.0,238.0,418.0,4,688.0
6.0,13.0,164.0,238.0,418.0,609.0,4,688.0
6.0,13.0,91.0,137.0,164.0,238.0,4,1024.0
6.0,13.0,91.0,137.0,164.0,609.0,4,1024.0
6.0,13.0,91.0,164.0,418.0,609.0,4,688.0
6.0,13.0,164.0,418.0,609.0,688.0,4,855.0
6.0,13.0,319.0,418.0,609.0,688.0,4,855.0
6.0,8.0,40.0,215.0,571.0,593.0,4,984.0
6.0,8.0,41.0,181.0,571.0,957.0,4,984.0
6.0,8.0,40.0,215.0,571.0,593.0,4,984.0
6.0,8.0,40.0,215.0,571.0,593.0,4,984.0
6.0,8.0,40.0,215.0,404.0,571.0,4,984.0
6.0,8.0,40.0,41.0,181.0,404.0,4,571.0
6.0,8.0,40.0,181.0,215.0,571.0,4,984.0
6.0,7.0,230.0,277.0,315.0,764.0,4,1005.0
6.0,7.0,157.0,277.0,315.0,846.0,4,1005.0
6.0,7.0,157.0,161.0,764.0,846.0,4,902.0
6.0,7.0,157.0,161.0,230.0,764.0,4,902.0
6.0,7.0,161.0,230.0,410.0,764.0,4,902.0
6.0,7.0,105.0,157.0,230.0,277.0,4,902.0
6.0,15.0,659.0,714.0,860.0,960.0,4,1036.0
6.0,15.0,484.0,659.0,802.0,960.0,4,1036.0
6.0,15.0,229.0,684.0,714.0,802.0,4,860.0
6.0,15.0,229.0,714.0,802.0,860.0,4,1036.0
6.0,15.0,659.0,714.0,860.0,960.0,4,1036.0
6.0,15.0,659.0,714.0,860.0,960.0,4,1036.0
6.0,15.0,659.0,714.0,860.0,960.0,4,1036.0
6.0,15.0,659.0,714.0,860.0,960.0,4,1036.0
6.0,15.0,229.0,375.0,484.0,684.0,4,1013.0
6.0,15.0,229.0,375.0,484.0,684.0,4,1013.0
6.0,15.0,229.0,375.0,484.0,684.0,4,1013.0
6.0,15.0,229.0,484.0,684.0,860.0,4,1013.0
6.0,15.0,484.0,714.0,860.0,1013.0,4,1036.0
6.0,15.0,484.0,714.0,860.0,1013.0,4,1036.0
6.0,8.0,40.0,41.0,215.0,571.0,4,593.0
6.0,8.0,40.0,41.0,215.0,404.0,4,571.0
6.0,8.0,40.0,41.0,181.0,404.0,4,957.0
6.0,8.0,41.0,181.0,215.0,571.0,4,957.0
6.0,8.0,40.0,41.0,215.0,571.0,4,593.0
6.0,8.0,40.0,41.0,215.0,571.0,4,593.0
6.0,8.0,40.0,41.0,215.0,404.0,4,571.0
6.0,8.0,41.0,181.0,332.0,404.0,4,593.0
6.0,8.0,40.0,41.0,181.0,215.0,4,571.0
6.0,8.0,40.0,41.0,215.0,571.0,4,593.0
6.0,8.0,40.0,41.0,215.0,404.0,4,593.0
6.0,8.0,40.0,41.0,181.0,593.0,4,957.0
6.0,8.0,41.0,181.0,215.0,593.0,4,984.0
6.0,8.0,40.0,41.0,181.0,215.0,4,957.0
6.0,8.0,40.0,41.0,332.0,593.0,4,957.0
6.0,8.0,40.0,41.0,215.0,571.0,4,593.0
6.0,8.0,40.0,62.0,181.0,957.0,4,984.0
6.0,8.0,40.0,41.0,215.0,571.0,4,984.0
6.0,8.0,40.0,215.0,571.0,593.0,4,984.0
6.0,8.0,40.0,181.0,404.0,571.0,4,984.0
6.0,8.0,40.0,215.0,404.0,571.0,4,984.0
6.0,8.0,40.0,215.0,571.0,593.0,4,984.0
6.0,8.0,40.0,41.0,181.0,404.0,4,571.0
6.0,8.0,40.0,41.0,181.0,404.0,4,593.0
6.0,8.0,40.0,41.0,181.0,404.0,4,593.0
6.0,14.0,158.0,488.0,520.0,592.0,4,786.0
6.0,14.0,158.0,294.0,488.0,700.0,4,786.0
6.0,14.0,294.0,488.0,700.0,786.0,4,924.0
6.0,14.0,294.0,520.0,592.0,700.0,4,924.0
6.0,14.0,294.0,592.0,700.0,786.0,4,924.0
6.0,14.0,294.0,592.0,700.0,786.0,4,924.0
6.0,14.0,294.0,592.0,700.0,786.0,4,924.0
6.0,8.0,40.0,215.0,571.0,593.0,4,984.0
6.0,8.0,40.0,41.0,181.0,404.0,4,571.0
6.0,8.0,40.0,41.0,181.0,404.0,4,571.0
6.0,8.0,40.0,41.0,181.0,215.0,4,404.0
6.0,8.0,41.0,181.0,215.0,593.0,4,984.0
6.0,8.0,41.0,181.0,404.0,571.0,4,984.0
6.0,8.0,40.0,215.0,571.0,593.0,4,984.0
6.0,8.0,41.0,181.0,332.0,404.0,4,571.0
6.0,8.0,41.0,181.0,215.0,332.0,4,404.0
6.0,8.0,40.0,41.0,215.0,571.0,4,984.0
6.0,8.0,40.0,41.0,181.0,404.0,4,571.0
6.0,8.0,41.0,215.0,571.0,957.0,4,984.0
6.0,8.0,40.0,41.0,215.0,571.0,4,984.0
6.0,8.0,40.0,215.0,571.0,593.0,4,984.0
6.0,8.0,40.0,41.0,181.0,593.0,4,957.0
6.0,8.0,41.0,181.0,571.0,593.0,4,984.0
6.0,8.0,40.0,41.0,215.0,571.0,4,593.0
6.0,8.0,40.0,41.0,215.0,593.0,4,984.0
6.0,8.0,40.0,215.0,571.0,593.0,4,984.0
6.0,8.0,40.0,215.0,593.0,984.0,4,1027.0
6.0,8.0,40.0,41.0,181.0,404.0,4,1027.0
6.0,8.0,41.0,181.0,215.0,404.0,4,1027.0
6.0,8.0,41.0,181.0,215.0,404.0,4,1027.0
6.0,8.0,41.0,181.0,215.0,404.0,4,571.0
6.0,8.0,40.0,41.0,215.0,571.0,4,984.0
6.0,8.0,40.0,215.0,571.0,593.0,4,984.0
6.0,8.0,40.0,215.0,593.0,984.0,4,1027.0
6.0,8.0,40.0,41.0,181.0,404.0,4,571.0
6.0,8.0,40.0,41.0,404.0,571.0,4,984.0
6.0,8.0,40.0,41.0,571.0,593.0,4,984.0
6.0,8.0,40.0,215.0,571.0,593.0,4,984.0
6.0,8.0,40.0,215.0,571.0,593.0,4,984.0
6.0,8.0,40.0,215.0,593.0,984.0,4,1027.0
6.0,8.0,40.0,181.0,593.0,984.0,4,1027.0
6.0,8.0,40.0,41.0,181.0,404.0,4,1027.0
6.0,8.0,41.0,181.0,215.0,571.0,4,984.0
6.0,8.0,40.0,41.0,215.0,571.0,4,984.0
6.0,24.0,570.0,576.0,863.0,888.0,4,947.0
6.0,24.0,570.0,576.0,863.0,888.0,4,947.0
6.0,24.0,239.0,377.0,580.0,750.0,4,825.0
6.0,24.0,239.0,377.0,580.0,750.0,4,825.0
6.0,24.0,239.0,576.0,580.0,750.0,4,863.0
6.0,24.0,570.0,576.0,580.0,863.0,4,888.0
6.0,24.0,570.0,576.0,863.0,888.0,4,947.0
6.0,24.0,570.0,576.0,863.0,888.0,4,947.0
6.0,24.0,239.0,377.0,580.0,793.0,4,825.0
6.0,24.0,239.0,377.0,471.0,793.0,4,825.0
6.0,8.0,40.0,181.0,404.0,984.0,4,1027.0
6.0,8.0,40.0,181.0,404.0,984.0,4,1027.0
6.0,8.0,41.0,181.0,215.0,571.0,4,1027.0
6.0,8.0,41.0,181.0,215.0,571.0,4,984.0
6.0,8.0,40.0,181.0,593.0,984.0,4,1027.0
6.0,8.0,40.0,215.0,571.0,593.0,4,984.0
6.0,8.0,181.0,215.0,571.0,593.0,4,984.0
6.0,8.0,40.0,41.0,215.0,593.0,4,984.0
6.0,8.0,40.0,41.0,215.0,593.0,4,984.0
6.0,8.0,40.0,215.0,571.0,593.0,4,984.0
6.0,8.0,40.0,181.0,404.0,984.0,4,1027.0
6.0,8.0,40.0,41.0,181.0,593.0,4,1027.0
6.0,8.0,41.0,181.0,571.0,593.0,4,984.0
6.0,8.0,40.0,181.0,404.0,571.0,4,984.0
6.0,8.0,40.0,215.0,571.0,593.0,4,984.0
6.0,8.0,40.0,215.0,404.0,571.0,4,984.0
6.0,8.0,41.0,181.0,593.0,984.0,4,1027.0
6.0,8.0,41.0,181.0,571.0,984.0,4,1027.0
6.0,11.0,145.0,368.0,425.0,472.0,4,784.0
6.0,11.0,135.0,368.0,425.0,668.0,4,781.0
6.0,11.0,135.0,145.0,368.0,668.0,4,781.0
6.0,11.0,135.0,425.0,472.0,668.0,4,768.0
6.0,11.0,135.0,425.0,472.0,668.0,4,768.0
6.0,11.0,145.0,425.0,472.0,668.0,4,768.0
6.0,11.0,135.0,425.0,472.0,768.0,4,784.0
6.0,11.0,135.0,145.0,425.0,768.0,4,959.0
6.0,11.0,135.0,145.0,425.0,768.0,4,959.0
6.0,8.0,40.0,215.0,571.0,593.0,4,984.0
6.0,8.0,40.0,215.0,571.0,593.0,4,984.0
6.0,8.0,40.0,215.0,404.0,571.0,4,984.0
6.0,8.0,41.0,181.0,215.0,404.0,4,1027.0
6.0,8.0,40.0,215.0,571.0,593.0,4,984.0
6.0,8.0,40.0,215.0,593.0,984.0,4,1027.0
6.0,8.0,40.0,215.0,571.0,593.0,4,984.0
6.0,8.0,40.0,41.0,181.0,404.0,4,571.0
6.0,8.0,41.0,62.0,332.0,519.0,4,957.0
6.0,8.0,40.0,215.0,571.0,593.0,4,984.0
6.0,8.0,41.0,181.0,571.0,957.0,4,984.0
6.0,8.0,41.0,181.0,215.0,957.0,4,984.0
6.0,8.0,40.0,215.0,593.0,957.0,4,984.0
6.0,8.0,40.0,215.0,571.0,593.0,4,984.0
6.0,8.0,40.0,181.0,593.0,957.0,4,984.0
6.0,8.0,40.0,41.0,181.0,593.0,4,957.0
6.0,8.0,40.0,215.0,571.0,593.0,4,984.0
6.0,8.0,40.0,41.0,215.0,571.0,4,593.0
6.0,8.0,181.0,215.0,957.0,984.0,4,1027.0
6.0,8.0,181.0,215.0,571.0,957.0,4,984.0
6.0,8.0,40.0,215.0,571.0,984.0,4,1027.0
6.0,8.0,40.0,41.0,181.0,215.0,4,571.0
6.0,8.0,40.0,181.0,593.0,984.0,4,1027.0
6.0,8.0,40.0,41.0,181.0,957.0,4,1027.0
6.0,8.0,40.0,41.0,181.0,571.0,4,1027.0
6.0,8.0,41.0,181.0,215.0,571.0,4,1027.0
6.0,8.0,41.0,215.0,571.0,984.0,4,1027.0
6.0,8.0,40.0,215.0,571.0,593.0,4,984.0
6.0,8.0,40.0,215.0,571.0,593.0,4,984.0
6.0,8.0,41.0,181.0,215.0,593.0,4,984.0
6.0,8.0,41.0,181.0,215.0,571.0,4,984.0
6.0,8.0,40.0,215.0,593.0,984.0,4,1027.0
6.0,8.0,40.0,215.0,571.0,593.0,4,984.0
6.0,8.0,40.0,215.0,571.0,984.0,4,1027.0
6.0,8.0,181.0,215.0,957.0,984.0,4,1027.0
6.0,8.0,40.0,41.0,181.0,593.0,4,1027.0
6.0,8.0,40.0,41.0,215.0,593.0,4,984.0
6.0,8.0,40.0,41.0,215.0,571.0,4,984.0
6.0,8.0,40.0,215.0,593.0,984.0,4,1027.0
6.0,8.0,40.0,41.0,181.0,404.0,4,1027.0
6.0,8.0,41.0,181.0,571.0,984.0,4,1027.0
6.0,8.0,40.0,215.0,571.0,593.0,4,984.0
6.0,8.0,41.0,181.0,404.0,984.0,4,1027.0
6.0,8.0,41.0,181.0,215.0,571.0,4,1027.0
6.0,8.0,40.0,41.0,181.0,215.0,4,571.0
6.0,8.0,40.0,181.0,215.0,571.0,4,984.0
6.0,8.0,40.0,181.0,215.0,571.0,4,984.0
6.0,8.0,40.0,215.0,571.0,593.0,4,984.0
6.0,8.0,40.0,215.0,593.0,984.0,4,1027.0
6.0,8.0,40.0,41.0,181.0,571.0,4,1027.0
6.0,8.0,41.0,181.0,215.0,404.0,4,571.0
6.0,8.0,40.0,215.0,593.0,984.0,4,1027.0
6.0,8.0,40.0,215.0,571.0,593.0,4,984.0
6.0,8.0,40.0,215.0,404.0,571.0,4,984.0
6.0,8.0,181.0,215.0,404.0,984.0,4,1027.0
6.0,8.0,41.0,181.0,404.0,984.0,4,1027.0
6.0,8.0,41.0,181.0,332.0,404.0,4,1027.0
6.0,8.0,41.0,62.0,332.0,519.0,4,957.0
6.0,6.0,30.0,275.0,606.0,980.0,4,989.0
6.0,6.0,125.0,644.0,684.0,900.0,4,1013.0
6.0,6.0,125.0,644.0,684.0,900.0,4,1013.0
6.0,6.0,30.0,275.0,606.0,980.0,4,989.0
6.0,6.0,125.0,606.0,644.0,684.0,4,1013.0
6.0,6.0,125.0,606.0,644.0,989.0,4,1013.0
6.0,6.0,30.0,125.0,606.0,989.0,4,1013.0
6.0,6.0,30.0,125.0,606.0,980.0,4,1013.0
6.0,1.0,78.0,106.0,188.0,577.0,4,790.0
6.0,1.0,106.0,169.0,455.0,463.0,4,624.0
6.0,1.0,455.0,463.0,577.0,624.0,4,790.0
6.0,1.0,455.0,463.0,577.0,624.0,4,790.0
6.0,1.0,78.0,106.0,188.0,577.0,4,790.0
6.0,1.0,78.0,106.0,463.0,624.0,4,790.0
6.0,1.0,78.0,188.0,455.0,463.0,4,577.0
6.0,1.0,78.0,455.0,463.0,577.0,4,790.0
6.0,32.0,34.0,241.0,511.0,602.0,4,860.0
6.0,32.0,34.0,241.0,511.0,602.0,4,860.0
6.0,32.0,44.0,504.0,511.0,860.0,4,944.0
6.0,32.0,44.0,241.0,511.0,602.0,4,944.0
6.0,32.0,34.0,44.0,241.0,602.0,4,613.0
6.0,32.0,44.0,241.0,504.0,511.0,4,613.0
6.0,32.0,17.0,34.0,504.0,602.0,4,944.0
6.0,2.0,120.0,126.0,353.0,493.0,4,824.0
6.0,2.0,120.0,126.0,561.0,595.0,4,658.0
6.0,2.0,36.0,561.0,595.0,658.0,4,993.0
6.0,2.0,120.0,126.0,493.0,595.0,4,993.0
6.0,2.0,120.0,126.0,353.0,493.0,4,824.0
6.0,2.0,120.0,126.0,353.0,493.0,4,824.0
6.0,2.0,120.0,126.0,353.0,493.0,4,824.0
6.0,2.0,120.0,493.0,561.0,595.0,4,993.0
6.0,2.0,120.0,126.0,353.0,493.0,4,595.0
6.0,2.0,120.0,126.0,353.0,493.0,4,595.0
6.0,8.0,41.0,181.0,571.0,593.0,4,984.0
6.0,8.0,41.0,215.0,571.0,593.0,4,984.0
6.0,8.0,41.0,215.0,571.0,593.0,4,984.0
6.0,8.0,40.0,215.0,571.0,593.0,4,984.0
6.0,8.0,40.0,215.0,404.0,571.0,4,984.0
6.0,8.0,41.0,181.0,215.0,404.0,4,1027.0
6.0,8.0,40.0,181.0,215.0,571.0,4,984.0
6.0,8.0,40.0,41.0,215.0,571.0,4,984.0
6.0,34.0,104.0,316.0,506.0,685.0,4,747.0
6.0,34.0,104.0,316.0,506.0,685.0,4,747.0
6.0,34.0,104.0,316.0,506.0,685.0,4,975.0
6.0,34.0,0.0,583.0,685.0,974.0,4,975.0
6.0,34.0,0.0,104.0,167.0,747.0,4,974.0
6.0,34.0,104.0,506.0,583.0,685.0,4,975.0
6.0,34.0,104.0,506.0,583.0,685.0,4,975.0
6.0,34.0,104.0,316.0,506.0,685.0,4,747.0
6.0,34.0,104.0,316.0,506.0,974.0,4,975.0
6.0,34.0,0.0,104.0,316.0,974.0,4,975.0
6.0,34.0,104.0,316.0,506.0,685.0,4,747.0
6.0,34.0,104.0,316.0,506.0,685.0,4,974.0
6.0,34.0,104.0,506.0,685.0,747.0,4,974.0
6.0,8.0,40.0,571.0,593.0,984.0,4,1027.0
6.0,8.0,40.0,41.0,181.0,404.0,4,571.0
6.0,8.0,40.0,41.0,181.0,404.0,4,571.0
6.0,8.0,41.0,62.0,181.0,404.0,4,984.0
6.0,8.0,40.0,181.0,404.0,519.0,4,984.0
6.0,8.0,40.0,571.0,593.0,984.0,4,1027.0
6.0,8.0,40.0,181.0,593.0,984.0,4,1027.0
6.0,8.0,40.0,41.0,181.0,404.0,4,1027.0
6.0,8.0,41.0,181.0,571.0,957.0,4,984.0
6.0,8.0,41.0,404.0,571.0,984.0,4,1027.0
6.0,8.0,40.0,41.0,404.0,984.0,4,1027.0
6.0,8.0,40.0,41.0,571.0,984.0,4,1027.0
6.0,28.0,203.0,397.0,754.0,1002.0,4,1017.0
6.0,28.0,203.0,397.0,608.0,754.0,4,1016.0
6.0,28.0,203.0,397.0,608.0,754.0,4,1016.0
6.0,28.0,203.0,397.0,608.0,754.0,4,1002.0
6.0,28.0,321.0,608.0,701.0,754.0,4,1002.0
6.0,28.0,203.0,397.0,608.0,754.0,4,1016.0
6.0,8.0,40.0,215.0,593.0,984.0,4,1027.0
6.0,8.0,40.0,41.0,181.0,404.0,4,1027.0
6.0,8.0,40.0,41.0,181.0,571.0,4,1027.0
6.0,8.0,41.0,181.0,571.0,984.0,4,1027.0
6.0,8.0,41.0,215.0,593.0,984.0,4,1027.0
6.0,8.0,41.0,215.0,571.0,593.0,4,984.0
6.0,8.0,40.0,215.0,571.0,593.0,4,984.0
6.0,8.0,40.0,181.0,404.0,984.0,4,1027.0
6.0,8.0,40.0,41.0,181.0,404.0,4,1027.0
6.0,8.0,40.0,41.0,181.0,404.0,4,1027.0
6.0,8.0,40.0,41.0,215.0,984.0,4,1027.0
6.0,8.0,40.0,181.0,404.0,984.0,4,1027.0
6.0,8.0,40.0,41.0,181.0,404.0,4,1027.0
6.0,8.0,41.0,181.0,215.0,404.0,4,1027.0
6.0,8.0,40.0,181.0,404.0,984.0,4,1027.0
6.0,8.0,40.0,215.0,593.0,984.0,4,1027.0
6.0,8.0,40.0,181.0,404.0,984.0,4,1027.0
6.0,8.0,40.0,41.0,181.0,404.0,4,1027.0
6.0,8.0,40.0,41.0,181.0,571.0,4,1027.0
6.0,8.0,41.0,181.0,215.0,571.0,4,984.0
6.0,8.0,41.0,181.0,571.0,984.0,4,1027.0
6.0,8.0,40.0,215.0,593.0,984.0,4,1027.0
6.0,29.0,173.0,392.0,456.0,505.0,4,990.0
6.0,29.0,173.0,392.0,456.0,505.0,4,670.0
6.0,29.0,173.0,426.0,485.0,670.0,4,784.0
6.0,29.0,242.0,392.0,505.0,670.0,4,990.0
6.0,29.0,173.0,242.0,392.0,670.0,4,990.0
6.0,29.0,456.0,485.0,505.0,670.0,4,784.0
6.0,8.0,40.0,215.0,571.0,593.0,4,984.0
6.0,8.0,40.0,41.0,181.0,404.0,4,1027.0
6.0,8.0,41.0,215.0,571.0,984.0,4,1027.0
6.0,8.0,40.0,41.0,571.0,593.0,4,984.0
6.0,8.0,40.0,215.0,571.0,593.0,4,984.0
6.0,8.0,40.0,215.0,404.0,571.0,4,984.0
6.0,8.0,41.0,181.0,571.0,984.0,4,1027.0
6.0,8.0,41.0,181.0,215.0,571.0,4,984.0
6.0,8.0,40.0,215.0,571.0,593.0,4,984.0
6.0,8.0,40.0,181.0,215.0,404.0,4,984.0
6.0,8.0,41.0,181.0,215.0,593.0,4,1027.0
6.0,8.0,41.0,215.0,593.0,984.0,4,1027.0
6.0,8.0,40.0,41.0,571.0,593.0,4,984.0
6.0,8.0,40.0,215.0,571.0,593.0,4,984.0
6.0,8.0,40.0,215.0,593.0,984.0,4,1027.0
6.0,8.0,40.0,181.0,404.0,984.0,4,1027.0
6.0,8.0,40.0,41.0,181.0,404.0,4,1027.0
6.0,8.0,41.0,181.0,404.0,571.0,4,984.0
6.0,8.0,41.0,181.0,215.0,571.0,4,984.0
6.0,27.0,359.0,638.0,668.0,680.0,4,1015.0
6.0,27.0,359.0,638.0,668.0,680.0,4,1015.0
6.0,27.0,375.0,439.0,569.0,702.0,4,777.0
6.0,27.0,359.0,638.0,668.0,680.0,4,1015.0
6.0,27.0,375.0,439.0,569.0,702.0,4,897.0
6.0,27.0,359.0,375.0,668.0,702.0,4,1015.0
6.0,8.0,40.0,215.0,571.0,593.0,4,984.0
6.0,8.0,40.0,215.0,571.0,593.0,4,984.0
6.0,8.0,40.0,41.0,181.0,404.0,4,1027.0
6.0,8.0,40.0,41.0,181.0,571.0,4,1027.0
6.0,8.0,40.0,41.0,181.0,571.0,4,1027.0
6.0,8.0,40.0,41.0,181.0,571.0,4,1027.0
6.0,8.0,40.0,41.0,215.0,571.0,4,1027.0
6.0,8.0,40.0,215.0,571.0,593.0,4,984.0
6.0,8.0,40.0,215.0,571.0,593.0,4,984.0
6.0,8.0,40.0,41.0,181.0,593.0,4,1027.0
6.0,8.0,40.0,41.0,181.0,404.0,4,1027.0
6.0,8.0,41.0,332.0,519.0,957.0,4,1027.0
6.0,8.0,40.0,215.0,571.0,593.0,4,984.0
6.0,8.0,40.0,41.0,181.0,404.0,4,1027.0
6.0,8.0,40.0,41.0,181.0,404.0,4,1027.0
6.0,8.0,41.0,215.0,571.0,593.0,4,984.0
6.0,8.0,41.0,215.0,571.0,593.0,4,984.0
6.0,8.0,40.0,215.0,593.0,984.0,4,1027.0
6.0,8.0,40.0,41.0,181.0,404.0,4,1027.0
6.0,8.0,40.0,41.0,181.0,571.0,4,1027.0
6.0,8.0,40.0,41.0,181.0,215.0,4,571.0
6.0,8.0,40.0,181.0,215.0,593.0,4,984.0
6.0,8.0,40.0,41.0,215.0,593.0,4,984.0
6.0,4.0,134.0,487.0,646.0,663.0,4,740.0
6.0,4.0,134.0,486.0,646.0,663.0,4,740.0
6.0,4.0,134.0,487.0,646.0,663.0,4,740.0
6.0,4.0,134.0,486.0,487.0,646.0,4,663.0
6.0,4.0,486.0,646.0,663.0,740.0,4,743.0
6.0,4.0,134.0,486.0,487.0,663.0,4,740.0
6.0,4.0,134.0,486.0,487.0,663.0,4,740.0
6.0,4.0,134.0,487.0,646.0,663.0,4,740.0
6.0,24.0,570.0,576.0,863.0,888.0,4,947.0
6.0,24.0,570.0,576.0,750.0,863.0,4,947.0
6.0,24.0,570.0,576.0,580.0,750.0,4,863.0
6.0,24.0,570.0,576.0,580.0,750.0,4,863.0
6.0,24.0,570.0,576.0,580.0,863.0,4,888.0
6.0,24.0,570.0,576.0,580.0,863.0,4,888.0
6.0,24.0,576.0,580.0,825.0,863.0,4,888.0
6.0,8.0,40.0,62.0,181.0,332.0,4,404.0
6.0,8.0,41.0,181.0,215.0,332.0,4,571.0
6.0,8.0,41.0,181.0,215.0,571.0,4,593.0
6.0,8.0,41.0,181.0,215.0,571.0,4,593.0
6.0,8.0,40.0,41.0,215.0,571.0,4,593.0
6.0,8.0,40.0,41.0,62.0,181.0,4,404.0
6.0,8.0,40.0,41.0,181.0,215.0,4,593.0
6.0,8.0,40.0,41.0,215.0,571.0,4,593.0
6.0,8.0,40.0,181.0,404.0,542.0,4,571.0
6.0,8.0,40.0,41.0,215.0,571.0,4,593.0
6.0,8.0,40.0,62.0,181.0,542.0,4,571.0
6.0,8.0,62.0,181.0,215.0,542.0,4,571.0
6.0,8.0,62.0,181.0,215.0,542.0,4,571.0
6.0,8.0,41.0,62.0,181.0,215.0,4,571.0
6.0,30.0,217.0,559.0,952.0,953.0,4,963.0
6.0,30.0,100.0,186.0,559.0,657.0,4,953.0
6.0,30.0,217.0,559.0,952.0,953.0,4,963.0
6.0,30.0,217.0,559.0,952.0,953.0,4,963.0
6.0,30.0,559.0,657.0,952.0,953.0,4,963.0
6.0,30.0,217.0,559.0,657.0,953.0,4,963.0
6.0,30.0,100.0,559.0,657.0,953.0,4,963.0
6.0,30.0,100.0,559.0,657.0,953.0,4,963.0
6.0,30.0,100.0,186.0,559.0,657.0,4,953.0
6.0,30.0,217.0,559.0,952.0,953.0,4,963.0
6.0,30.0,217.0,559.0,657.0,953.0,4,963.0
6.0,8.0,40.0,41.0,215.0,571.0,4,593.0
6.0,8.0,40.0,41.0,181.0,593.0,4,1027.0
6.0,8.0,40.0,181.0,332.0,404.0,4,1027.0
6.0,8.0,181.0,215.0,332.0,593.0,4,1027.0
6.0,8.0,181.0,215.0,332.0,593.0,4,1027.0
6.0,8.0,181.0,215.0,332.0,593.0,4,1027.0
6.0,8.0,40.0,41.0,215.0,571.0,4,593.0
6.0,8.0,40.0,41.0,215.0,404.0,4,1027.0
6.0,8.0,40.0,181.0,332.0,593.0,4,1027.0
6.0,8.0,62.0,332.0,519.0,801.0,4,957.0
6.0,33.0,14.0,361.0,730.0,789.0,4,811.0
6.0,33.0,14.0,258.0,361.0,686.0,4,730.0
6.0,33.0,14.0,21.0,258.0,417.0,4,686.0
6.0,33.0,21.0,258.0,417.0,686.0,4,789.0
6.0,33.0,21.0,258.0,361.0,686.0,4,789.0
6.0,33.0,14.0,686.0,730.0,789.0,4,811.0
6.0,33.0,14.0,258.0,361.0,686.0,4,730.0
6.0,33.0,14.0,258.0,361.0,686.0,4,730.0
6.0,33.0,14.0,258.0,361.0,730.0,4,811.0
6.0,33.0,21.0,244.0,258.0,301.0,4,470.0
6.0,8.0,40.0,41.0,215.0,404.0,4,1027.0
6.0,8.0,40.0,41.0,181.0,404.0,4,1027.0
6.0,8.0,40.0,181.0,332.0,404.0,4,1027.0
6.0,8.0,181.0,215.0,332.0,571.0,4,1027.0
6.0,8.0,41.0,181.0,215.0,571.0,4,593.0
6.0,8.0,40.0,41.0,332.0,571.0,4,593.0
6.0,8.0,40.0,41.0,181.0,571.0,4,593.0
6.0,8.0,40.0,41.0,181.0,404.0,4,1027.0
6.0,8.0,40.0,181.0,332.0,571.0,4,1027.0
6.0,8.0,40.0,41.0,181.0,571.0,4,593.0
6.0,8.0,40.0,41.0,181.0,571.0,4,1027.0
6.0,8.0,40.0,41.0,571.0,593.0,4,1027.0
6.0,8.0,40.0,41.0,181.0,593.0,4,1027.0
6.0,8.0,40.0,41.0,62.0,181.0,4,593.0
6.0,8.0,40.0,62.0,181.0,332.0,4,404.0
6.0,8.0,40.0,62.0,181.0,332.0,4,404.0
6.0,8.0,40.0,181.0,332.0,404.0,4,571.0
6.0,8.0,181.0,332.0,404.0,571.0,4,1027.0
6.0,8.0,40.0,41.0,181.0,593.0,4,1027.0
6.0,8.0,40.0,41.0,571.0,593.0,4,1027.0
6.0,8.0,40.0,41.0,571.0,593.0,4,1027.0
6.0,8.0,40.0,41.0,62.0,181.0,4,571.0
6.0,8.0,40.0,62.0,181.0,332.0,4,571.0
6.0,8.0,40.0,62.0,181.0,332.0,4,1027.0
6.0,8.0,40.0,62.0,181.0,332.0,4,1027.0
6.0,8.0,41.0,62.0,181.0,332.0,4,957.0
6.0,8.0,40.0,41.0,62.0,181.0,4,404.0
6.0,8.0,40.0,62.0,181.0,332.0,4,404.0
6.0,8.0,62.0,181.0,332.0,571.0,4,1027.0
6.0,8.0,41.0,181.0,332.0,571.0,4,1027.0
6.0,8.0,40.0,41.0,181.0,593.0,4,1027.0
6.0,8.0,40.0,41.0,181.0,593.0,4,1027.0
6.0,8.0,40.0,181.0,332.0,404.0,4,1027.0
6.0,8.0,40.0,181.0,332.0,404.0,4,1027.0
6.0,7.0,161.0,277.0,718.0,764.0,4,902.0
6.0,7.0,105.0,230.0,277.0,410.0,4,764.0
6.0,7.0,105.0,230.0,277.0,410.0,4,764.0
6.0,7.0,230.0,315.0,764.0,902.0,4,1005.0
6.0,7.0,105.0,277.0,718.0,764.0,4,902.0
6.0,7.0,230.0,277.0,315.0,410.0,4,1005.0
6.0,7.0,105.0,718.0,764.0,902.0,4,1005.0
6.0,7.0,105.0,277.0,718.0,764.0,4,1005.0
6.0,8.0,40.0,332.0,571.0,593.0,4,984.0
6.0,8.0,40.0,332.0,593.0,984.0,4,1027.0
6.0,8.0,40.0,62.0,332.0,404.0,4,984.0
6.0,8.0,40.0,41.0,62.0,181.0,4,404.0
6.0,8.0,40.0,332.0,593.0,984.0,4,1027.0
6.0,8.0,40.0,332.0,404.0,984.0,4,1027.0
6.0,8.0,40.0,332.0,593.0,984.0,4,1027.0
6.0,8.0,40.0,332.0,593.0,984.0,4,1027.0
6.0,8.0,40.0,41.0,62.0,181.0,4,1027.0
6.0,8.0,41.0,332.0,404.0,984.0,4,1027.0
6.0,8.0,40.0,332.0,593.0,984.0,4,1027.0
6.0,17.0,108.0,328.0,502.0,715.0,4,731.0
6.0,17.0,108.0,310.0,398.0,635.0,4,715.0
6.0,17.0,328.0,393.0,398.0,635.0,4,715.0
6.0,17.0,108.0,328.0,393.0,502.0,4,731.0
6.0,17.0,108.0,328.0,393.0,502.0,4,731.0
6.0,17.0,108.0,310.0,502.0,715.0,4,731.0
6.0,17.0,310.0,398.0,502.0,715.0,4,731.0
6.0,17.0,310.0,398.0,502.0,715.0,4,731.0
6.0,17.0,310.0,393.0,398.0,715.0,4,731.0
6.0,17.0,108.0,310.0,393.0,398.0,4,715.0
6.0,17.0,328.0,398.0,502.0,715.0,4,731.0
6.0,17.0,328.0,398.0,502.0,715.0,4,731.0
6.0,8.0,40.0,332.0,593.0,984.0,4,1027.0
6.0,8.0,40.0,181.0,404.0,984.0,4,1027.0
6.0,8.0,40.0,62.0,181.0,404.0,4,984.0
6.0,8.0,40.0,41.0,62.0,181.0,4,404.0
6.0,8.0,40.0,41.0,62.0,181.0,4,404.0
6.0,8.0,41.0,62.0,181.0,332.0,4,404.0
6.0,8.0,41.0,181.0,332.0,593.0,4,1027.0
6.0,8.0,41.0,181.0,332.0,957.0,4,1027.0
6.0,8.0,40.0,62.0,332.0,957.0,4,984.0
6.0,8.0,40.0,332.0,593.0,984.0,4,1027.0
6.0,8.0,41.0,181.0,519.0,957.0,4,1027.0
6.0,8.0,62.0,332.0,519.0,801.0,4,957.0
6.0,9.0,39.0,510.0,604.0,845.0,4,1019.0
6.0,9.0,39.0,510.0,604.0,845.0,4,1019.0
6.0,9.0,39.0,510.0,604.0,845.0,4,1019.0
6.0,9.0,109.0,366.0,452.0,845.0,4,941.0
6.0,9.0,109.0,366.0,452.0,845.0,4,941.0
6.0,9.0,109.0,366.0,452.0,845.0,4,941.0
6.0,9.0,109.0,366.0,452.0,588.0,4,941.0
6.0,9.0,39.0,510.0,588.0,604.0,4,1019.0
6.0,9.0,109.0,366.0,510.0,845.0,4,941.0
6.0,9.0,109.0,366.0,845.0,941.0,4,1019.0
6.0,0.0,13.0,267.0,465.0,535.0,4,601.0
6.0,0.0,64.0,247.0,267.0,634.0,4,1037.0
6.0,0.0,13.0,64.0,247.0,535.0,4,634.0
6.0,0.0,13.0,247.0,267.0,465.0,4,535.0
6.0,0.0,13.0,247.0,465.0,535.0,4,634.0
6.0,0.0,13.0,247.0,465.0,535.0,4,634.0
6.0,0.0,13.0,64.0,247.0,634.0,4,1037.0
6.0,0.0,64.0,247.0,535.0,634.0,4,1037.0
6.0,0.0,13.0,247.0,535.0,634.0,4,1037.0
6.0,0.0,13.0,465.0,535.0,634.0,4,1037.0
6.0,11.0,135.0,180.0,425.0,472.0,4,784.0
6.0,11.0,135.0,145.0,180.0,668.0,4,959.0
6.0,11.0,135.0,145.0,180.0,668.0,4,959.0
6.0,11.0,135.0,145.0,180.0,668.0,4,959.0
6.0,11.0,135.0,145.0,668.0,768.0,4,959.0
6.0,15.0,659.0,684.0,714.0,802.0,4,860.0
6.0,15.0,484.0,684.0,802.0,1013.0,4,1036.0
6.0,15.0,484.0,684.0,802.0,1013.0,4,1036.0
6.0,15.0,659.0,714.0,802.0,860.0,4,1036.0
6.0,15.0,659.0,714.0,860.0,960.0,4,1036.0
6.0,15.0,484.0,659.0,684.0,802.0,4,1013.0
6.0,15.0,484.0,684.0,802.0,1013.0,4,1036.0
6.0,15.0,484.0,684.0,802.0,1013.0,4,1036.0
6.0,15.0,484.0,684.0,802.0,1013.0,4,1036.0
6.0,15.0,659.0,714.0,802.0,860.0,4,960.0
6.0,11.0,145.0,425.0,668.0,768.0,4,959.0
6.0,11.0,135.0,425.0,668.0,768.0,4,959.0
6.0,11.0,135.0,425.0,668.0,768.0,4,959.0
6.0,11.0,135.0,145.0,368.0,668.0,4,959.0
6.0,11.0,145.0,425.0,472.0,668.0,4,768.0
6.0,11.0,145.0,425.0,472.0,768.0,4,943.0
6.0,11.0,145.0,425.0,472.0,768.0,4,784.0
6.0,11.0,145.0,368.0,425.0,472.0,4,784.0
6.0,11.0,135.0,145.0,368.0,668.0,4,959.0
6.0,11.0,135.0,145.0,368.0,668.0,4,959.0
6.0,11.0,135.0,425.0,472.0,668.0,4,768.0
6.0,11.0,145.0,425.0,472.0,668.0,4,784.0
6.0,11.0,135.0,425.0,472.0,668.0,4,784.0
6.0,11.0,135.0,425.0,668.0,768.0,4,959.0
6.0,11.0,135.0,145.0,472.0,768.0,4,784.0
6.0,11.0,135.0,145.0,472.0,768.0,4,784.0
6.0,11.0,135.0,145.0,425.0,472.0,4,784.0
6.0,11.0,135.0,145.0,425.0,472.0,4,784.0
6.0,11.0,135.0,145.0,668.0,768.0,4,959.0
6.0,11.0,135.0,368.0,425.0,668.0,4,959.0
6.0,11.0,135.0,145.0,368.0,668.0,4,959.0
6.0,11.0,135.0,145.0,368.0,668.0,4,959.0
6.0,11.0,135.0,145.0,368.0,668.0,4,959.0
6.0,11.0,145.0,425.0,668.0,768.0,4,959.0
6.0,11.0,145.0,425.0,472.0,668.0,4,768.0
6.0,11.0,145.0,425.0,472.0,768.0,4,784.0
6.0,11.0,145.0,425.0,472.0,668.0,4,768.0
6.0,11.0,145.0,425.0,472.0,668.0,4,784.0
6.0,28.0,203.0,397.0,608.0,754.0,4,1016.0
6.0,28.0,203.0,397.0,608.0,754.0,4,1002.0
6.0,28.0,203.0,397.0,608.0,754.0,4,1016.0
6.0,28.0,203.0,608.0,701.0,754.0,4,1016.0
6.0,28.0,203.0,608.0,701.0,754.0,4,1016.0
6.0,28.0,203.0,440.0,701.0,754.0,4,876.0
6.0,28.0,203.0,440.0,701.0,754.0,4,876.0
6.0,28.0,203.0,608.0,701.0,754.0,4,1016.0
6.0,28.0,203.0,608.0,701.0,754.0,4,1016.0
6.0,28.0,203.0,608.0,701.0,754.0,4,1016.0
6.0,14.0,158.0,520.0,592.0,700.0,4,786.0
6.0,14.0,158.0,520.0,592.0,700.0,4,786.0
6.0,14.0,55.0,158.0,294.0,592.0,4,786.0
6.0,14.0,223.0,294.0,592.0,700.0,4,786.0
6.0,14.0,223.0,294.0,592.0,700.0,4,786.0
6.0,14.0,55.0,158.0,488.0,520.0,4,786.0
6.0,14.0,55.0,223.0,294.0,488.0,4,520.0
6.0,14.0,223.0,294.0,592.0,700.0,4,786.0
6.0,33.0,14.0,686.0,730.0,789.0,4,811.0
6.0,33.0,14.0,361.0,686.0,730.0,4,789.0
6.0,33.0,318.0,361.0,686.0,730.0,4,789.0
6.0,33.0,258.0,318.0,361.0,417.0,4,686.0
6.0,33.0,244.0,258.0,318.0,361.0,4,417.0
6.0,33.0,14.0,244.0,258.0,730.0,4,811.0
6.0,33.0,14.0,686.0,730.0,789.0,4,811.0
6.0,33.0,14.0,361.0,417.0,686.0,4,789.0
6.0,33.0,258.0,318.0,361.0,417.0,4,686.0
6.0,33.0,244.0,258.0,318.0,361.0,4,417.0
6.0,33.0,21.0,318.0,417.0,470.0,4,581.0
6.0,11.0,145.0,368.0,668.0,784.0,4,959.0
6.0,11.0,368.0,425.0,668.0,768.0,4,959.0
6.0,11.0,145.0,425.0,768.0,784.0,4,959.0
6.0,11.0,145.0,425.0,472.0,768.0,4,784.0
6.0,11.0,145.0,368.0,425.0,472.0,4,784.0
6.0,11.0,368.0,425.0,668.0,784.0,4,959.0
6.0,11.0,145.0,368.0,425.0,768.0,4,959.0
6.0,11.0,145.0,425.0,472.0,768.0,4,784.0
6.0,11.0,145.0,425.0,472.0,668.0,4,768.0
6.0,11.0,200.0,368.0,425.0,472.0,4,784.0
6.0,11.0,145.0,425.0,472.0,668.0,4,768.0
6.0,11.0,145.0,200.0,425.0,472.0,4,668.0
6.0,11.0,145.0,200.0,425.0,472.0,4,668.0
6.0,11.0,145.0,425.0,472.0,768.0,4,784.0
6.0,11.0,145.0,425.0,472.0,768.0,4,784.0
6.0,11.0,145.0,425.0,472.0,668.0,4,768.0
6.0,11.0,200.0,425.0,472.0,768.0,4,959.0
6.0,11.0,200.0,425.0,768.0,784.0,4,959.0
6.0,11.0,200.0,368.0,784.0,943.0,4,959.0
6.0,11.0,145.0,425.0,472.0,768.0,4,784.0
6.0,11.0,145.0,425.0,472.0,668.0,4,768.0
6.0,11.0,145.0,425.0,472.0,668.0,4,768.0
6.0,11.0,145.0,200.0,768.0,784.0,4,959.0
6.0,11.0,200.0,425.0,472.0,768.0,4,784.0
6.0,11.0,145.0,425.0,472.0,768.0,4,784.0
6.0,11.0,145.0,425.0,472.0,768.0,4,784.0
6.0,11.0,145.0,368.0,425.0,472.0,4,784.0
6.0,11.0,145.0,425.0,472.0,768.0,4,784.0
6.0,11.0,145.0,425.0,472.0,768.0,4,784.0
6.0,24.0,570.0,576.0,580.0,863.0,4,888.0
6.0,24.0,377.0,580.0,750.0,863.0,4,947.0
6.0,24.0,321.0,377.0,576.0,580.0,4,750.0
6.0,24.0,321.0,377.0,576.0,580.0,4,750.0
6.0,24.0,576.0,580.0,750.0,863.0,4,947.0
6.0,24.0,570.0,576.0,580.0,863.0,4,888.0
6.0,24.0,321.0,576.0,580.0,750.0,4,947.0
6.0,24.0,576.0,580.0,750.0,863.0,4,947.0
6.0,24.0,576.0,580.0,750.0,863.0,4,947.0
6.0,24.0,576.0,580.0,863.0,888.0,4,947.0
6.0,24.0,321.0,377.0,471.0,793.0,4,825.0
6.0,11.0,135.0,368.0,425.0,472.0,4,784.0
6.0,11.0,135.0,145.0,368.0,768.0,4,959.0
6.0,11.0,145.0,425.0,668.0,768.0,4,959.0
6.0,11.0,145.0,425.0,472.0,768.0,4,784.0
6.0,11.0,145.0,425.0,472.0,768.0,4,784.0
6.0,11.0,135.0,368.0,425.0,784.0,4,959.0
6.0,11.0,145.0,425.0,472.0,768.0,4,784.0
6.0,11.0,145.0,425.0,472.0,768.0,4,784.0
6.0,11.0,135.0,425.0,668.0,768.0,4,959.0
6.0,11.0,135.0,145.0,368.0,668.0,4,959.0
6.0,11.0,135.0,145.0,668.0,768.0,4,959.0
6.0,11.0,135.0,145.0,368.0,668.0,4,959.0
6.0,11.0,135.0,145.0,368.0,668.0,4,959.0
6.0,11.0,145.0,425.0,472.0,768.0,4,784.0
6.0,11.0,135.0,145.0,425.0,472.0,4,768.0
6.0,11.0,135.0,145.0,425.0,472.0,4,768.0
6.0,11.0,135.0,368.0,425.0,784.0,4,959.0
6.0,11.0,135.0,368.0,425.0,784.0,4,959.0
6.0,30.0,217.0,240.0,348.0,953.0,4,963.0
6.0,30.0,100.0,348.0,657.0,953.0,4,963.0
6.0,30.0,100.0,217.0,657.0,739.0,4,952.0
6.0,30.0,100.0,217.0,657.0,739.0,4,952.0
6.0,30.0,240.0,348.0,422.0,953.0,4,963.0
6.0,30.0,348.0,657.0,952.0,953.0,4,963.0
6.0,30.0,217.0,240.0,348.0,953.0,4,963.0
6.0,30.0,348.0,657.0,952.0,953.0,4,963.0
6.0,30.0,100.0,348.0,657.0,739.0,4,952.0
6.0,30.0,100.0,657.0,739.0,785.0,4,952.0
6.0,11.0,135.0,145.0,180.0,425.0,4,959.0
6.0,11.0,135.0,145.0,180.0,425.0,4,959.0
6.0,11.0,135.0,145.0,425.0,768.0,4,959.0
6.0,11.0,135.0,145.0,425.0,768.0,4,959.0
6.0,11.0,145.0,425.0,472.0,768.0,4,784.0
6.0,11.0,135.0,145.0,180.0,425.0,4,959.0
6.0,11.0,135.0,145.0,425.0,784.0,4,959.0
6.0,11.0,135.0,145.0,472.0,768.0,4,784.0
6.0,11.0,135.0,145.0,368.0,472.0,4,784.0
6.0,11.0,135.0,145.0,368.0,668.0,4,959.0
6.0,11.0,135.0,145.0,368.0,668.0,4,959.0
6.0,11.0,145.0,200.0,368.0,668.0,4,959.0
6.0,11.0,200.0,368.0,472.0,668.0,4,959.0
6.0,11.0,135.0,472.0,668.0,768.0,4,959.0
6.0,11.0,135.0,145.0,768.0,784.0,4,959.0
6.0,11.0,145.0,180.0,472.0,668.0,4,959.0
6.0,11.0,145.0,472.0,668.0,768.0,4,959.0
6.0,11.0,135.0,472.0,668.0,768.0,4,959.0
6.0,11.0,135.0,472.0,668.0,768.0,4,959.0
6.0,11.0,145.0,368.0,472.0,784.0,4,959.0
6.0,11.0,135.0,145.0,472.0,768.0,4,959.0
6.0,11.0,135.0,368.0,425.0,784.0,4,959.0
6.0,11.0,135.0,368.0,425.0,784.0,4,959.0
6.0,11.0,135.0,368.0,425.0,768.0,4,959.0
6.0,11.0,135.0,145.0,425.0,768.0,4,959.0
6.0,11.0,145.0,425.0,472.0,768.0,4,784.0
6.0,11.0,145.0,368.0,425.0,472.0,4,784.0
6.0,11.0,135.0,368.0,668.0,784.0,4,959.0
6.0,11.0,135.0,368.0,668.0,768.0,4,959.0
6.0,11.0,145.0,425.0,472.0,768.0,4,784.0
6.0,11.0,145.0,425.0,472.0,768.0,4,784.0
6.0,11.0,135.0,368.0,472.0,668.0,4,959.0
6.0,11.0,145.0,368.0,425.0,472.0,4,784.0
6.0,11.0,145.0,368.0,425.0,472.0,4,784.0
6.0,11.0,145.0,425.0,472.0,768.0,4,784.0
6.0,11.0,135.0,368.0,425.0,668.0,4,959.0
6.0,11.0,135.0,145.0,368.0,668.0,4,959.0
6.0,11.0,135.0,145.0,425.0,768.0,4,959.0
6.0,32.0,241.0,302.0,511.0,524.0,4,711.0
6.0,32.0,17.0,34.0,524.0,627.0,4,944.0
6.0,32.0,17.0,34.0,504.0,627.0,4,944.0
6.0,32.0,34.0,241.0,524.0,627.0,4,944.0
6.0,32.0,241.0,302.0,511.0,524.0,4,711.0
6.0,32.0,34.0,241.0,302.0,524.0,4,711.0
6.0,32.0,17.0,34.0,241.0,302.0,4,524.0
6.0,32.0,17.0,34.0,241.0,302.0,4,524.0
6.0,32.0,17.0,34.0,504.0,627.0,4,944.0
6.0,32.0,17.0,34.0,504.0,711.0,4,944.0
6.0,23.0,400.0,451.0,822.0,853.0,4,994.0
6.0,23.0,400.0,822.0,853.0,925.0,4,994.0
6.0,23.0,156.0,451.0,822.0,853.0,4,994.0
6.0,23.0,156.0,434.0,451.0,925.0,4,994.0
6.0,23.0,156.0,400.0,434.0,778.0,4,925.0
6.0,23.0,400.0,434.0,778.0,925.0,4,994.0
6.0,23.0,156.0,400.0,434.0,778.0,4,925.0
6.0,11.0,145.0,425.0,472.0,668.0,4,768.0
6.0,11.0,145.0,425.0,472.0,668.0,4,768.0
6.0,11.0,145.0,425.0,472.0,668.0,4,768.0
6.0,11.0,145.0,368.0,425.0,668.0,4,959.0
6.0,11.0,135.0,145.0,281.0,768.0,4,959.0
6.0,11.0,145.0,425.0,472.0,668.0,4,768.0
6.0,11.0,145.0,425.0,472.0,668.0,4,768.0
6.0,11.0,135.0,368.0,425.0,668.0,4,959.0
6.0,11.0,135.0,145.0,368.0,472.0,4,959.0
6.0,11.0,145.0,425.0,472.0,768.0,4,959.0
6.0,11.0,145.0,425.0,472.0,768.0,4,959.0
6.0,11.0,180.0,200.0,281.0,943.0,4,959.0
6.0,11.0,135.0,368.0,425.0,668.0,4,959.0
6.0,11.0,135.0,145.0,472.0,768.0,4,959.0
6.0,11.0,135.0,425.0,472.0,668.0,4,768.0
6.0,11.0,135.0,425.0,668.0,768.0,4,959.0
6.0,11.0,145.0,425.0,472.0,668.0,4,768.0
6.0,11.0,135.0,145.0,368.0,425.0,4,959.0
6.0,11.0,135.0,368.0,472.0,668.0,4,959.0
6.0,11.0,135.0,368.0,472.0,668.0,4,959.0
6.0,11.0,180.0,200.0,281.0,879.0,4,959.0
6.0,4.0,134.0,486.0,487.0,589.0,4,646.0
6.0,4.0,134.0,487.0,589.0,646.0,4,663.0
6.0,4.0,487.0,646.0,663.0,683.0,4,740.0
6.0,4.0,487.0,646.0,663.0,683.0,4,740.0
6.0,4.0,646.0,663.0,683.0,740.0,4,936.0
6.0,18.0,45.0,218.0,396.0,579.0,4,834.0
6.0,18.0,218.0,260.0,396.0,758.0,4,834.0
6.0,18.0,218.0,260.0,396.0,758.0,4,834.0
6.0,18.0,25.0,218.0,260.0,396.0,4,579.0
6.0,18.0,25.0,45.0,218.0,396.0,4,579.0
6.0,18.0,25.0,45.0,218.0,396.0,4,579.0
6.0,18.0,25.0,45.0,218.0,579.0,4,642.0
6.0,18.0,260.0,396.0,579.0,758.0,4,834.0
6.0,30.0,217.0,559.0,952.0,953.0,4,963.0
6.0,30.0,100.0,657.0,920.0,953.0,4,963.0
6.0,30.0,657.0,920.0,952.0,953.0,4,963.0
6.0,30.0,657.0,920.0,952.0,953.0,4,963.0
6.0,30.0,100.0,217.0,559.0,953.0,4,963.0
6.0,30.0,100.0,657.0,785.0,920.0,4,952.0
6.0,30.0,100.0,657.0,785.0,920.0,4,952.0
6.0,30.0,100.0,657.0,785.0,920.0,4,952.0
6.0,30.0,100.0,785.0,920.0,952.0,4,963.0
6.0,11.0,145.0,425.0,472.0,668.0,4,768.0
6.0,11.0,145.0,368.0,472.0,784.0,4,959.0
6.0,11.0,145.0,368.0,425.0,784.0,4,959.0
6.0,11.0,200.0,281.0,368.0,879.0,4,959.0
6.0,11.0,145.0,368.0,425.0,472.0,4,668.0
6.0,11.0,145.0,368.0,425.0,668.0,4,959.0
6.0,11.0,135.0,472.0,768.0,784.0,4,959.0
6.0,11.0,135.0,472.0,768.0,784.0,4,959.0
6.0,11.0,135.0,472.0,768.0,784.0,4,959.0
6.0,11.0,135.0,425.0,472.0,768.0,4,784.0
6.0,11.0,145.0,368.0,425.0,472.0,4,668.0
6.0,11.0,135.0,425.0,472.0,668.0,4,768.0
6.0,11.0,135.0,425.0,768.0,784.0,4,959.0
6.0,11.0,135.0,368.0,425.0,784.0,4,959.0
6.0,11.0,135.0,425.0,472.0,668.0,4,768.0
6.0,11.0,135.0,425.0,472.0,668.0,4,768.0
6.0,11.0,145.0,425.0,472.0,668.0,4,768.0
6.0,11.0,135.0,368.0,472.0,784.0,4,959.0
6.0,11.0,135.0,368.0,472.0,784.0,4,959.0
6.0,11.0,135.0,425.0,472.0,768.0,4,784.0
6.0,11.0,135.0,145.0,368.0,425.0,4,472.0
6.0,11.0,145.0,425.0,472.0,668.0,4,768.0
6.0,11.0,145.0,368.0,425.0,784.0,4,959.0
6.0,11.0,135.0,425.0,472.0,768.0,4,784.0
6.0,11.0,135.0,145.0,425.0,472.0,4,784.0
6.0,11.0,135.0,145.0,425.0,472.0,4,784.0
6.0,17.0,86.0,328.0,502.0,715.0,4,731.0
6.0,17.0,86.0,108.0,328.0,502.0,4,715.0
6.0,17.0,86.0,108.0,328.0,502.0,4,715.0
6.0,17.0,86.0,108.0,328.0,502.0,4,715.0
6.0,6.0,30.0,125.0,606.0,980.0,4,989.0
6.0,6.0,30.0,125.0,606.0,980.0,4,989.0
6.0,6.0,30.0,275.0,578.0,606.0,4,989.0
6.0,6.0,275.0,578.0,606.0,900.0,4,980.0
6.0,11.0,145.0,425.0,768.0,784.0,4,959.0
6.0,11.0,135.0,368.0,425.0,784.0,4,959.0
6.0,11.0,135.0,145.0,472.0,768.0,4,959.0
6.0,11.0,135.0,145.0,425.0,472.0,4,768.0
6.0,11.0,135.0,145.0,425.0,472.0,4,768.0
6.0,11.0,135.0,145.0,425.0,784.0,4,959.0
6.0,11.0,145.0,425.0,472.0,668.0,4,768.0
6.0,11.0,145.0,425.0,472.0,668.0,4,768.0
6.0,11.0,135.0,145.0,425.0,472.0,4,768.0
6.0,11.0,135.0,145.0,425.0,472.0,4,784.0
6.0,11.0,135.0,145.0,425.0,472.0,4,784.0
6.0,11.0,135.0,145.0,425.0,784.0,4,959.0
6.0,11.0,135.0,145.0,472.0,784.0,4,959.0
6.0,11.0,135.0,425.0,472.0,784.0,4,959.0
6.0,11.0,145.0,425.0,472.0,668.0,4,959.0
6.0,11.0,145.0,425.0,472.0,668.0,4,959.0
6.0,1.0,78.0,106.0,442.0,790.0,4,808.0
6.0,1.0,188.0,442.0,448.0,790.0,4,808.0
6.0,1.0,188.0,442.0,448.0,463.0,4,808.0
6.0,1.0,188.0,442.0,455.0,463.0,4,577.0
6.0,1.0,188.0,442.0,455.0,463.0,4,577.0
6.0,1.0,78.0,442.0,577.0,790.0,4,808.0
6.0,1.0,78.0,106.0,442.0,790.0,4,808.0
6.0,1.0,106.0,188.0,442.0,790.0,4,808.0
6.0,1.0,188.0,442.0,448.0,455.0,4,463.0
6.0,1.0,78.0,106.0,577.0,790.0,4,808.0
6.0,1.0,78.0,106.0,577.0,790.0,4,808.0
6.0,26.0,285.0,453.0,536.0,914.0,4,948.0
6.0,26.0,285.0,453.0,536.0,914.0,4,948.0
6.0,26.0,204.0,285.0,333.0,857.0,4,914.0
6.0,26.0,333.0,453.0,536.0,914.0,4,948.0
6.0,26.0,285.0,453.0,536.0,620.0,4,948.0
6.0,26.0,285.0,453.0,536.0,620.0,4,948.0
6.0,26.0,333.0,453.0,536.0,914.0,4,948.0
6.0,26.0,285.0,453.0,536.0,914.0,4,948.0
6.0,26.0,285.0,536.0,857.0,914.0,4,948.0
6.0,26.0,333.0,453.0,536.0,620.0,4,948.0
6.0,11.0,145.0,425.0,472.0,768.0,4,784.0
6.0,11.0,145.0,425.0,472.0,768.0,4,784.0
6.0,11.0,145.0,368.0,425.0,668.0,4,959.0
6.0,11.0,135.0,425.0,472.0,668.0,4,768.0
6.0,11.0,135.0,145.0,425.0,668.0,4,768.0
6.0,11.0,135.0,368.0,425.0,472.0,4,668.0
6.0,7.0,161.0,230.0,277.0,764.0,4,902.0
6.0,7.0,161.0,230.0,764.0,902.0,4,1005.0
6.0,7.0,230.0,315.0,764.0,902.0,4,1005.0
6.0,7.0,201.0,277.0,315.0,410.0,4,718.0
6.0,7.0,161.0,201.0,230.0,277.0,4,764.0
6.0,7.0,230.0,315.0,410.0,902.0,4,1005.0
6.0,7.0,277.0,315.0,410.0,718.0,4,1005.0
6.0,7.0,201.0,277.0,315.0,410.0,4,718.0
6.0,7.0,230.0,277.0,315.0,764.0,4,902.0
6.0,12.0,237.0,350.0,611.0,788.0,4,856.0
6.0,12.0,237.0,350.0,386.0,611.0,4,788.0
6.0,12.0,237.0,350.0,386.0,771.0,4,788.0
6.0,12.0,194.0,386.0,771.0,788.0,4,986.0
6.0,12.0,194.0,386.0,611.0,771.0,4,986.0
6.0,12.0,194.0,611.0,771.0,856.0,4,986.0
6.0,12.0,237.0,350.0,611.0,788.0,4,856.0
6.0,12.0,237.0,350.0,611.0,788.0,4,856.0
6.0,12.0,237.0,350.0,611.0,788.0,4,856.0
6.0,12.0,194.0,350.0,461.0,788.0,4,986.0
6.0,12.0,194.0,350.0,788.0,856.0,4,986.0
6.0,18.0,45.0,260.0,369.0,642.0,4,834.0
6.0,18.0,45.0,260.0,369.0,396.0,4,642.0
6.0,18.0,45.0,260.0,396.0,633.0,4,642.0
6.0,18.0,260.0,396.0,633.0,710.0,4,834.0
6.0,18.0,160.0,396.0,633.0,710.0,4,834.0
6.0,18.0,160.0,396.0,633.0,710.0,4,834.0
6.0,18.0,45.0,260.0,369.0,642.0,4,834.0
6.0,18.0,45.0,260.0,369.0,642.0,4,834.0
6.0,18.0,45.0,160.0,642.0,710.0,4,834.0
6.0,18.0,45.0,160.0,642.0,710.0,4,834.0
6.0,18.0,45.0,160.0,642.0,710.0,4,834.0
6.0,11.0,145.0,425.0,472.0,768.0,4,784.0
6.0,11.0,135.0,145.0,368.0,668.0,4,959.0
6.0,11.0,135.0,145.0,472.0,668.0,4,768.0
6.0,11.0,135.0,145.0,472.0,768.0,4,784.0
6.0,11.0,135.0,145.0,472.0,768.0,4,784.0
6.0,11.0,145.0,368.0,425.0,472.0,4,668.0
6.0,11.0,145.0,425.0,472.0,768.0,4,784.0
6.0,11.0,135.0,145.0,472.0,668.0,4,768.0
6.0,11.0,135.0,145.0,425.0,472.0,4,768.0
6.0,11.0,135.0,145.0,368.0,425.0,4,472.0
6.0,33.0,14.0,258.0,301.0,686.0,4,811.0
6.0,33.0,14.0,258.0,301.0,686.0,4,811.0
6.0,33.0,14.0,21.0,258.0,686.0,4,811.0
6.0,11.0,145.0,425.0,472.0,768.0,4,784.0
6.0,11.0,135.0,180.0,425.0,668.0,4,959.0
6.0,11.0,135.0,145.0,180.0,472.0,4,668.0
6.0,11.0,135.0,145.0,472.0,668.0,4,768.0
6.0,11.0,135.0,145.0,472.0,668.0,4,768.0
6.0,11.0,145.0,425.0,472.0,768.0,4,784.0
6.0,11.0,145.0,425.0,472.0,768.0,4,784.0
6.0,11.0,145.0,425.0,668.0,768.0,4,959.0
6.0,11.0,145.0,472.0,668.0,768.0,4,959.0
6.0,11.0,145.0,425.0,768.0,784.0,4,959.0
6.0,11.0,145.0,425.0,768.0,784.0,4,959.0
6.0,11.0,145.0,425.0,472.0,768.0,4,784.0
6.0,11.0,145.0,425.0,472.0,768.0,4,784.0
6.0,11.0,422.0,472.0,668.0,784.0,4,959.0
6.0,11.0,422.0,472.0,668.0,768.0,4,959.0
6.0,11.0,368.0,422.0,425.0,784.0,4,959.0
6.0,11.0,368.0,422.0,425.0,784.0,4,959.0
6.0,11.0,145.0,425.0,472.0,768.0,4,784.0
6.0,11.0,145.0,425.0,472.0,768.0,4,784.0
6.0,11.0,145.0,425.0,472.0,768.0,4,784.0
6.0,11.0,145.0,368.0,425.0,668.0,4,959.0
6.0,11.0,145.0,422.0,472.0,668.0,4,768.0
6.0,11.0,145.0,425.0,472.0,668.0,4,768.0
6.0,11.0,281.0,368.0,422.0,668.0,4,781.0
6.0,16.0,296.0,623.0,674.0,895.0,4,996.0
6.0,16.0,296.0,495.0,623.0,674.0,4,814.0
6.0,16.0,623.0,674.0,763.0,895.0,4,996.0
6.0,16.0,623.0,674.0,763.0,895.0,4,996.0
6.0,16.0,296.0,623.0,763.0,895.0,4,996.0
6.0,16.0,296.0,623.0,674.0,895.0,4,996.0
6.0,16.0,153.0,296.0,763.0,814.0,4,820.0
6.0,16.0,153.0,296.0,763.0,814.0,4,820.0
6.0,16.0,296.0,763.0,814.0,820.0,4,996.0
6.0,11.0,145.0,425.0,472.0,768.0,4,784.0
6.0,11.0,135.0,180.0,422.0,668.0,4,781.0
6.0,11.0,135.0,422.0,668.0,768.0,4,781.0
6.0,11.0,135.0,145.0,425.0,768.0,4,781.0
6.0,11.0,135.0,145.0,425.0,768.0,4,781.0
6.0,11.0,145.0,425.0,472.0,768.0,4,784.0
6.0,11.0,135.0,180.0,425.0,781.0,4,784.0
6.0,11.0,135.0,145.0,425.0,768.0,4,781.0
6.0,11.0,135.0,145.0,425.0,472.0,4,768.0
6.0,11.0,135.0,145.0,425.0,472.0,4,768.0
6.0,29.0,242.0,392.0,456.0,505.0,4,990.0
6.0,29.0,242.0,392.0,456.0,505.0,4,670.0
6.0,29.0,242.0,392.0,505.0,670.0,4,951.0
6.0,29.0,242.0,338.0,392.0,670.0,4,951.0
6.0,29.0,173.0,485.0,505.0,951.0,4,990.0
6.0,29.0,173.0,338.0,392.0,456.0,4,670.0
6.0,29.0,173.0,338.0,392.0,456.0,4,670.0
6.0,29.0,173.0,338.0,392.0,456.0,4,505.0
6.0,10.0,47.0,234.0,376.0,591.0,4,918.0
6.0,10.0,47.0,234.0,444.0,591.0,4,918.0
6.0,10.0,132.0,289.0,376.0,444.0,4,829.0
6.0,10.0,47.0,234.0,376.0,591.0,4,918.0
6.0,10.0,47.0,234.0,444.0,591.0,4,918.0
6.0,10.0,132.0,289.0,376.0,444.0,4,591.0
6.0,13.0,91.0,137.0,151.0,164.0,4,238.0
6.0,13.0,91.0,137.0,164.0,238.0,4,418.0
6.0,13.0,91.0,137.0,164.0,418.0,4,609.0
6.0,13.0,91.0,137.0,151.0,164.0,4,238.0
6.0,13.0,91.0,137.0,151.0,164.0,4,238.0
6.0,13.0,91.0,137.0,164.0,238.0,4,418.0
6.0,13.0,319.0,418.0,609.0,688.0,4,867.0
6.0,11.0,135.0,145.0,425.0,472.0,4,768.0
6.0,11.0,135.0,145.0,425.0,472.0,4,768.0
6.0,11.0,135.0,368.0,425.0,472.0,4,781.0
6.0,11.0,135.0,422.0,425.0,768.0,4,781.0
6.0,11.0,135.0,145.0,368.0,425.0,4,472.0
6.0,11.0,135.0,145.0,368.0,425.0,4,472.0
6.0,2.0,120.0,126.0,255.0,353.0,4,824.0
6.0,2.0,120.0,126.0,353.0,561.0,4,824.0
6.0,2.0,36.0,255.0,561.0,595.0,4,658.0
6.0,2.0,120.0,126.0,255.0,353.0,4,728.0
6.0,2.0,120.0,126.0,255.0,353.0,4,824.0
6.0,2.0,120.0,126.0,255.0,353.0,4,824.0
6.0,2.0,36.0,255.0,353.0,561.0,4,728.0
6.0,2.0,36.0,126.0,353.0,561.0,4,728.0
6.0,2.0,36.0,126.0,353.0,561.0,4,728.0
6.0,2.0,120.0,126.0,255.0,561.0,4,728.0
6.0,34.0,0.0,104.0,747.0,974.0,4,975.0
6.0,34.0,0.0,104.0,747.0,974.0,4,975.0
6.0,34.0,104.0,316.0,506.0,685.0,4,747.0
6.0,34.0,104.0,316.0,506.0,685.0,4,974.0
6.0,34.0,104.0,167.0,506.0,685.0,4,747.0
6.0,34.0,104.0,167.0,316.0,506.0,4,974.0
6.0,34.0,104.0,167.0,316.0,506.0,4,974.0
6.0,34.0,104.0,316.0,506.0,747.0,4,974.0
6.0,34.0,0.0,316.0,685.0,974.0,4,975.0
6.0,34.0,0.0,316.0,685.0,747.0,4,974.0
6.0,11.0,145.0,281.0,425.0,472.0,4,768.0
6.0,11.0,135.0,145.0,281.0,768.0,4,781.0
6.0,11.0,135.0,281.0,425.0,472.0,4,768.0
6.0,11.0,135.0,145.0,425.0,472.0,4,768.0
6.0,11.0,135.0,145.0,368.0,425.0,4,781.0
6.0,11.0,135.0,145.0,425.0,768.0,4,781.0
6.0,25.0,74.0,86.0,696.0,759.0,4,958.0
6.0,25.0,12.0,74.0,86.0,696.0,4,958.0
6.0,25.0,50.0,74.0,297.0,696.0,4,759.0
6.0,25.0,50.0,74.0,297.0,696.0,4,759.0
6.0,25.0,74.0,86.0,696.0,759.0,4,958.0
6.0,25.0,74.0,86.0,297.0,759.0,4,958.0
6.0,11.0,135.0,145.0,425.0,472.0,4,768.0
6.0,11.0,135.0,281.0,338.0,472.0,4,768.0
6.0,11.0,145.0,281.0,425.0,472.0,4,768.0
6.0,11.0,145.0,281.0,425.0,472.0,4,768.0
6.0,11.0,145.0,281.0,425.0,472.0,4,768.0
6.0,11.0,145.0,281.0,425.0,472.0,4,768.0
6.0,11.0,145.0,281.0,425.0,472.0,4,768.0
6.0,11.0,145.0,425.0,472.0,768.0,4,951.0
6.0,11.0,145.0,281.0,425.0,781.0,4,951.0
6.0,7.0,105.0,277.0,718.0,764.0,4,902.0
6.0,7.0,230.0,315.0,764.0,902.0,4,1005.0
6.0,7.0,230.0,277.0,315.0,410.0,4,1005.0
6.0,7.0,105.0,718.0,764.0,902.0,4,1005.0
6.0,7.0,230.0,277.0,315.0,764.0,4,902.0
6.0,7.0,105.0,230.0,315.0,902.0,4,1005.0
6.0,7.0,105.0,230.0,277.0,764.0,4,902.0
6.0,7.0,105.0,277.0,410.0,718.0,4,1005.0
6.0,7.0,105.0,230.0,277.0,764.0,4,902.0
6.0,7.0,277.0,718.0,764.0,902.0,4,1005.0
6.0,10.0,47.0,234.0,376.0,591.0,4,918.0
6.0,10.0,132.0,336.0,376.0,591.0,4,918.0
6.0,10.0,132.0,336.0,444.0,591.0,4,918.0
6.0,10.0,132.0,336.0,444.0,591.0,4,918.0
6.0,10.0,47.0,289.0,444.0,591.0,4,918.0
6.0,10.0,47.0,234.0,376.0,591.0,4,918.0
6.0,10.0,289.0,336.0,444.0,591.0,4,918.0
6.0,10.0,47.0,234.0,444.0,591.0,4,918.0
6.0,10.0,234.0,376.0,444.0,591.0,4,918.0
6.0,27.0,439.0,569.0,638.0,702.0,4,777.0
6.0,27.0,375.0,439.0,569.0,702.0,4,777.0
6.0,27.0,375.0,439.0,569.0,702.0,4,777.0
6.0,27.0,359.0,375.0,439.0,569.0,4,702.0
6.0,27.0,359.0,375.0,439.0,702.0,4,777.0
6.0,27.0,359.0,375.0,439.0,569.0,4,777.0
6.0,11.0,145.0,281.0,425.0,472.0,4,768.0
6.0,11.0,145.0,281.0,368.0,425.0,4,472.0
6.0,11.0,135.0,368.0,425.0,472.0,4,951.0
6.0,11.0,135.0,338.0,768.0,781.0,4,951.0
6.0,11.0,145.0,281.0,368.0,425.0,4,472.0
6.0,11.0,145.0,281.0,368.0,425.0,4,472.0
6.0,11.0,145.0,281.0,425.0,472.0,4,768.0
6.0,11.0,145.0,281.0,425.0,472.0,4,768.0
6.0,11.0,145.0,281.0,368.0,425.0,4,472.0
6.0,11.0,135.0,281.0,368.0,425.0,4,781.0
6.0,11.0,145.0,281.0,368.0,425.0,4,472.0
6.0,11.0,135.0,145.0,281.0,425.0,4,472.0
6.0,11.0,145.0,281.0,425.0,472.0,4,768.0
6.0,11.0,145.0,281.0,425.0,472.0,4,768.0
6.0,11.0,135.0,145.0,368.0,425.0,4,472.0
6.0,11.0,135.0,145.0,368.0,425.0,4,781.0
6.0,11.0,135.0,145.0,368.0,425.0,4,472.0
6.0,11.0,135.0,145.0,368.0,425.0,4,472.0
6.0,11.0,135.0,281.0,425.0,472.0,4,768.0
6.0,11.0,145.0,281.0,425.0,472.0,4,768.0
6.0,11.0,135.0,145.0,338.0,368.0,4,781.0
6.0,11.0,145.0,281.0,425.0,472.0,4,768.0
6.0,11.0,135.0,145.0,768.0,781.0,4,951.0
6.0,11.0,135.0,368.0,425.0,781.0,4,951.0
6.0,11.0,135.0,281.0,368.0,425.0,4,781.0
6.0,11.0,145.0,281.0,425.0,472.0,4,768.0
6.0,11.0,135.0,425.0,768.0,781.0,4,951.0
6.0,11.0,135.0,368.0,425.0,781.0,4,951.0
6.0,11.0,145.0,281.0,425.0,472.0,4,768.0
6.0,11.0,145.0,281.0,368.0,425.0,4,781.0
6.0,11.0,135.0,145.0,368.0,781.0,4,951.0
6.0,11.0,145.0,281.0,425.0,472.0,4,768.0
6.0,11.0,135.0,145.0,425.0,768.0,4,781.0
6.0,11.0,135.0,281.0,368.0,425.0,4,781.0
6.0,11.0,135.0,368.0,425.0,781.0,4,951.0
6.0,11.0,338.0,368.0,422.0,781.0,4,951.0
6.0,11.0,1.0,338.0,368.0,422.0,4,951.0
6.0,11.0,1.0,338.0,368.0,422.0,4,951.0
6.0,11.0,145.0,425.0,472.0,768.0,4,951.0
6.0,11.0,135.0,425.0,768.0,781.0,4,951.0
6.0,11.0,135.0,145.0,425.0,768.0,4,781.0
6.0,11.0,135.0,145.0,425.0,768.0,4,781.0
6.0,11.0,145.0,281.0,425.0,472.0,4,768.0
6.0,11.0,145.0,281.0,425.0,472.0,4,768.0
6.0,11.0,135.0,145.0,425.0,768.0,4,781.0
6.0,11.0,135.0,145.0,368.0,472.0,4,781.0
6.0,11.0,135.0,145.0,425.0,768.0,4,781.0
6.0,11.0,135.0,145.0,368.0,781.0,4,951.0
6.0,11.0,145.0,368.0,425.0,781.0,4,951.0
6.0,11.0,145.0,368.0,425.0,768.0,4,781.0
6.0,11.0,145.0,368.0,425.0,768.0,4,781.0
6.0,11.0,145.0,368.0,425.0,768.0,4,781.0
6.0,15.0,659.0,714.0,941.0,960.0,4,1036.0
6.0,15.0,229.0,714.0,802.0,960.0,4,1036.0
6.0,15.0,229.0,484.0,802.0,960.0,4,1036.0
6.0,15.0,302.0,484.0,659.0,802.0,4,941.0
6.0,15.0,484.0,659.0,714.0,941.0,4,1036.0
6.0,15.0,659.0,714.0,941.0,960.0,4,1036.0
6.0,15.0,484.0,659.0,714.0,941.0,4,1036.0
6.0,15.0,659.0,714.0,941.0,960.0,4,1036.0
6.0,11.0,145.0,368.0,422.0,472.0,4,768.0
6.0,11.0,135.0,145.0,281.0,338.0,4,781.0
6.0,11.0,135.0,145.0,338.0,368.0,4,781.0
6.0,11.0,135.0,338.0,368.0,422.0,4,781.0
6.0,11.0,135.0,338.0,368.0,472.0,4,768.0
6.0,11.0,145.0,368.0,422.0,472.0,4,768.0
6.0,11.0,145.0,281.0,338.0,472.0,4,768.0
6.0,11.0,135.0,281.0,338.0,768.0,4,781.0
6.0,11.0,135.0,145.0,338.0,768.0,4,781.0
6.0,11.0,135.0,145.0,338.0,472.0,4,768.0
6.0,11.0,338.0,368.0,422.0,472.0,4,768.0
6.0,11.0,135.0,281.0,338.0,472.0,4,951.0
6.0,11.0,135.0,281.0,422.0,781.0,4,951.0
6.0,11.0,135.0,281.0,422.0,472.0,4,768.0
6.0,11.0,135.0,281.0,338.0,472.0,4,768.0
6.0,11.0,281.0,338.0,422.0,472.0,4,768.0
6.0,11.0,281.0,338.0,422.0,472.0,4,768.0
6.0,11.0,135.0,281.0,472.0,768.0,4,781.0
6.0,11.0,135.0,281.0,472.0,781.0,4,951.0
6.0,11.0,135.0,281.0,422.0,781.0,4,951.0
6.0,29.0,242.0,392.0,456.0,505.0,4,670.0
6.0,29.0,242.0,392.0,456.0,505.0,4,670.0
6.0,29.0,180.0,670.0,784.0,959.0,4,971.0
6.0,29.0,180.0,670.0,784.0,959.0,4,971.0
6.0,29.0,242.0,392.0,505.0,670.0,4,784.0
6.0,29.0,242.0,392.0,456.0,505.0,4,990.0
6.0,29.0,173.0,392.0,670.0,784.0,4,990.0
6.0,29.0,173.0,505.0,670.0,784.0,4,959.0
6.0,28.0,203.0,397.0,608.0,1002.0,4,1016.0
6.0,28.0,203.0,321.0,608.0,701.0,4,1016.0
6.0,28.0,203.0,397.0,608.0,1002.0,4,1016.0
6.0,28.0,203.0,608.0,701.0,1016.0,4,1017.0
6.0,28.0,203.0,608.0,701.0,1016.0,4,1017.0
6.0,28.0,496.0,701.0,761.0,1002.0,4,1017.0
6.0,11.0,338.0,368.0,425.0,472.0,4,768.0
6.0,11.0,338.0,368.0,425.0,768.0,4,781.0
6.0,11.0,281.0,422.0,472.0,781.0,4,943.0
6.0,11.0,338.0,368.0,425.0,472.0,4,768.0
6.0,11.0,338.0,368.0,425.0,472.0,4,768.0
6.0,11.0,338.0,368.0,425.0,472.0,4,768.0
6.0,11.0,338.0,368.0,425.0,781.0,4,943.0
6.0,11.0,338.0,425.0,768.0,781.0,4,943.0
6.0,11.0,338.0,425.0,472.0,768.0,4,943.0
6.0,11.0,135.0,281.0,425.0,472.0,4,943.0
6.0,11.0,338.0,368.0,425.0,472.0,4,768.0
6.0,11.0,425.0,472.0,768.0,781.0,4,943.0
6.0,11.0,135.0,425.0,472.0,781.0,4,943.0
6.0,11.0,425.0,472.0,768.0,781.0,4,943.0
6.0,11.0,145.0,368.0,425.0,472.0,4,768.0
6.0,11.0,145.0,368.0,425.0,472.0,4,768.0
6.0,11.0,135.0,338.0,425.0,781.0,4,943.0
6.0,11.0,135.0,145.0,338.0,781.0,4,943.0
6.0,11.0,145.0,368.0,425.0,472.0,4,768.0
6.0,11.0,145.0,425.0,472.0,768.0,4,943.0
6.0,11.0,135.0,425.0,472.0,768.0,4,943.0
6.0,11.0,145.0,368.0,425.0,472.0,4,768.0
6.0,11.0,135.0,368.0,425.0,472.0,4,768.0
6.0,11.0,135.0,281.0,338.0,781.0,4,943.0
6.0,11.0,135.0,281.0,338.0,781.0,4,943.0
6.0,11.0,1.0,135.0,281.0,422.0,4,951.0
6.0,27.0,359.0,638.0,680.0,777.0,4,1015.0
6.0,27.0,359.0,638.0,680.0,777.0,4,1015.0
6.0,27.0,359.0,638.0,680.0,777.0,4,1015.0
6.0,27.0,359.0,638.0,680.0,777.0,4,1015.0
6.0,27.0,439.0,569.0,668.0,680.0,4,1015.0
6.0,27.0,359.0,439.0,680.0,777.0,4,1015.0
6.0,27.0,359.0,439.0,680.0,777.0,4,1015.0
6.0,27.0,359.0,439.0,680.0,777.0,4,1015.0
6.0,27.0,569.0,638.0,680.0,777.0,4,1015.0
6.0,27.0,439.0,569.0,668.0,680.0,4,777.0
6.0,27.0,359.0,439.0,569.0,680.0,4,777.0
6.0,14.0,55.0,223.0,294.0,700.0,4,922.0
6.0,14.0,49.0,55.0,300.0,786.0,4,922.0
6.0,14.0,55.0,223.0,294.0,300.0,4,922.0
6.0,14.0,55.0,223.0,300.0,786.0,4,922.0
6.0,14.0,55.0,223.0,294.0,786.0,4,922.0
6.0,14.0,55.0,294.0,488.0,786.0,4,922.0
6.0,30.0,100.0,217.0,559.0,953.0,4,963.0
6.0,30.0,100.0,348.0,559.0,953.0,4,963.0
6.0,30.0,348.0,689.0,920.0,952.0,4,963.0
6.0,30.0,217.0,240.0,348.0,689.0,4,920.0
6.0,30.0,100.0,217.0,240.0,920.0,4,963.0
6.0,30.0,100.0,559.0,920.0,953.0,4,963.0
6.0,30.0,100.0,217.0,559.0,953.0,4,963.0
6.0,30.0,100.0,217.0,920.0,953.0,4,963.0
6.0,30.0,100.0,240.0,348.0,559.0,4,920.0
6.0,30.0,100.0,217.0,920.0,953.0,4,963.0
6.0,24.0,570.0,576.0,863.0,888.0,4,947.0
6.0,24.0,570.0,576.0,750.0,863.0,4,947.0
6.0,24.0,377.0,576.0,580.0,750.0,4,863.0
6.0,24.0,321.0,377.0,576.0,580.0,4,750.0
6.0,24.0,321.0,377.0,580.0,750.0,4,793.0
6.0,24.0,576.0,580.0,750.0,863.0,4,888.0
6.0,24.0,570.0,576.0,863.0,888.0,4,947.0
6.0,24.0,377.0,576.0,580.0,750.0,4,863.0
6.0,24.0,321.0,377.0,576.0,580.0,4,750.0
6.0,24.0,321.0,576.0,580.0,750.0,4,863.0
6.0,24.0,576.0,580.0,750.0,863.0,4,888.0
6.0,24.0,576.0,580.0,750.0,863.0,4,888.0
6.0,24.0,321.0,377.0,580.0,750.0,4,825.0
6.0,24.0,576.0,580.0,750.0,863.0,4,888.0
6.0,24.0,570.0,576.0,580.0,863.0,4,888.0
6.0,24.0,321.0,576.0,580.0,750.0,4,947.0
6.0,24.0,570.0,576.0,580.0,863.0,4,888.0
6.0,24.0,570.0,576.0,863.0,888.0,4,947.0
6.0,24.0,377.0,576.0,580.0,863.0,4,947.0
6.0,24.0,321.0,377.0,580.0,750.0,4,793.0
6.0,24.0,570.0,576.0,580.0,863.0,4,888.0
6.0,24.0,570.0,576.0,863.0,888.0,4,947.0
6.0,24.0,570.0,576.0,863.0,888.0,4,947.0
6.0,24.0,321.0,377.0,580.0,750.0,4,793.0
6.0,24.0,321.0,377.0,580.0,750.0,4,793.0
6.0,24.0,321.0,377.0,471.0,793.0,4,825.0
6.0,24.0,321.0,377.0,471.0,793.0,4,825.0
6.0,4.0,134.0,487.0,589.0,646.0,4,828.0
6.0,4.0,134.0,486.0,646.0,740.0,4,936.0
6.0,4.0,134.0,486.0,487.0,589.0,4,646.0
6.0,4.0,134.0,487.0,589.0,646.0,4,828.0
6.0,4.0,487.0,589.0,646.0,828.0,4,936.0
6.0,4.0,487.0,589.0,646.0,828.0,4,936.0
6.0,4.0,134.0,486.0,663.0,740.0,4,936.0
6.0,4.0,134.0,486.0,646.0,740.0,4,936.0
6.0,24.0,576.0,580.0,750.0,863.0,4,888.0
6.0,24.0,321.0,576.0,580.0,750.0,4,825.0
6.0,24.0,321.0,580.0,750.0,793.0,4,825.0
6.0,24.0,321.0,580.0,750.0,793.0,4,825.0
6.0,24.0,570.0,580.0,750.0,863.0,4,947.0
6.0,24.0,570.0,576.0,580.0,863.0,4,947.0
6.0,24.0,570.0,576.0,863.0,888.0,4,947.0
6.0,24.0,570.0,576.0,580.0,863.0,4,888.0
6.0,24.0,321.0,580.0,750.0,888.0,4,947.0
6.0,24.0,321.0,580.0,750.0,888.0,4,947.0
6.0,24.0,321.0,576.0,580.0,750.0,4,888.0
6.0,24.0,570.0,576.0,863.0,888.0,4,947.0
6.0,24.0,570.0,576.0,863.0,888.0,4,947.0
6.0,24.0,321.0,576.0,580.0,750.0,4,888.0
6.0,24.0,321.0,576.0,580.0,750.0,4,888.0
6.0,24.0,576.0,580.0,750.0,863.0,4,947.0
6.0,24.0,570.0,576.0,580.0,863.0,4,947.0
6.0,24.0,576.0,580.0,750.0,863.0,4,947.0
6.0,24.0,576.0,580.0,750.0,863.0,4,947.0
6.0,24.0,576.0,580.0,750.0,863.0,4,888.0
6.0,24.0,570.0,576.0,580.0,863.0,4,888.0
6.0,9.0,366.0,510.0,845.0,941.0,4,1019.0
6.0,9.0,39.0,510.0,604.0,845.0,4,1019.0
6.0,9.0,39.0,510.0,604.0,941.0,4,1019.0
6.0,9.0,39.0,510.0,604.0,941.0,4,1019.0
6.0,9.0,109.0,366.0,452.0,845.0,4,941.0
6.0,9.0,109.0,366.0,510.0,845.0,4,941.0
6.0,9.0,109.0,366.0,452.0,845.0,4,941.0
6.0,24.0,570.0,576.0,863.0,888.0,4,947.0
6.0,24.0,576.0,580.0,750.0,863.0,4,888.0
6.0,24.0,570.0,576.0,580.0,863.0,4,888.0
6.0,24.0,570.0,576.0,580.0,863.0,4,888.0
6.0,24.0,321.0,576.0,580.0,750.0,4,863.0
6.0,24.0,576.0,580.0,750.0,863.0,4,888.0
6.0,24.0,377.0,576.0,580.0,863.0,4,888.0
6.0,24.0,570.0,576.0,863.0,888.0,4,947.0
6.0,24.0,321.0,377.0,580.0,750.0,4,947.0
6.0,24.0,321.0,377.0,576.0,580.0,4,750.0
6.0,24.0,377.0,576.0,580.0,750.0,4,863.0
6.0,24.0,576.0,580.0,750.0,863.0,4,888.0
6.0,24.0,570.0,576.0,580.0,863.0,4,888.0
6.0,24.0,570.0,576.0,863.0,888.0,4,947.0
6.0,24.0,570.0,576.0,580.0,863.0,4,888.0
6.0,24.0,576.0,580.0,750.0,863.0,4,888.0
6.0,24.0,576.0,580.0,750.0,863.0,4,947.0
6.0,24.0,570.0,576.0,580.0,863.0,4,888.0
6.0,24.0,239.0,377.0,471.0,793.0,4,825.0
6.0,24.0,570.0,576.0,863.0,888.0,4,947.0
6.0,24.0,570.0,576.0,580.0,863.0,4,947.0
6.0,24.0,321.0,377.0,576.0,580.0,4,750.0
6.0,24.0,570.0,576.0,580.0,863.0,4,888.0
6.0,24.0,321.0,576.0,580.0,888.0,4,947.0
6.0,24.0,321.0,377.0,580.0,750.0,4,947.0
6.0,24.0,576.0,580.0,750.0,863.0,4,888.0
6.0,24.0,570.0,576.0,580.0,863.0,4,888.0
6.0,1.0,169.0,188.0,463.0,577.0,4,624.0
6.0,1.0,188.0,442.0,463.0,577.0,4,624.0
6.0,1.0,188.0,442.0,577.0,624.0,4,790.0
6.0,1.0,169.0,442.0,455.0,790.0,4,808.0
6.0,1.0,169.0,442.0,455.0,790.0,4,808.0
6.0,1.0,106.0,455.0,463.0,577.0,4,808.0
6.0,1.0,106.0,169.0,455.0,463.0,4,808.0
6.0,1.0,188.0,442.0,463.0,577.0,4,808.0
6.0,1.0,188.0,442.0,463.0,577.0,4,624.0
6.0,1.0,188.0,463.0,577.0,624.0,4,790.0
6.0,1.0,106.0,455.0,577.0,790.0,4,808.0
6.0,26.0,333.0,453.0,536.0,620.0,4,948.0
6.0,26.0,333.0,453.0,536.0,599.0,4,948.0
6.0,26.0,285.0,599.0,649.0,753.0,4,914.0
6.0,26.0,285.0,649.0,753.0,914.0,4,948.0
6.0,26.0,333.0,453.0,536.0,620.0,4,948.0
6.0,26.0,333.0,453.0,753.0,914.0,4,948.0
6.0,26.0,333.0,453.0,536.0,914.0,4,948.0
6.0,26.0,285.0,333.0,753.0,914.0,4,948.0
6.0,26.0,204.0,285.0,333.0,753.0,4,914.0
6.0,26.0,204.0,285.0,333.0,753.0,4,914.0
6.0,26.0,285.0,333.0,536.0,620.0,4,948.0
6.0,24.0,570.0,576.0,863.0,888.0,4,947.0
6.0,24.0,570.0,576.0,580.0,863.0,4,947.0
6.0,24.0,321.0,377.0,580.0,750.0,4,947.0
6.0,24.0,321.0,377.0,576.0,580.0,4,750.0
6.0,24.0,570.0,576.0,580.0,863.0,4,888.0
6.0,24.0,570.0,576.0,863.0,888.0,4,947.0
6.0,24.0,570.0,576.0,863.0,888.0,4,947.0
6.0,24.0,570.0,576.0,863.0,888.0,4,947.0
6.0,24.0,570.0,576.0,863.0,888.0,4,947.0
6.0,24.0,321.0,377.0,580.0,793.0,4,825.0
6.0,24.0,321.0,377.0,471.0,793.0,4,825.0
6.0,24.0,570.0,576.0,863.0,888.0,4,947.0
6.0,24.0,580.0,750.0,863.0,888.0,4,947.0
6.0,24.0,321.0,377.0,576.0,580.0,4,750.0
6.0,24.0,570.0,576.0,580.0,750.0,4,863.0
6.0,24.0,570.0,576.0,580.0,863.0,4,888.0
6.0,24.0,570.0,576.0,580.0,863.0,4,947.0
6.0,24.0,570.0,576.0,863.0,888.0,4,947.0
6.0,24.0,377.0,576.0,580.0,750.0,4,863.0
6.0,24.0,570.0,576.0,580.0,863.0,4,888.0
6.0,2.0,36.0,255.0,483.0,561.0,4,728.0
6.0,2.0,126.0,483.0,493.0,595.0,4,728.0
6.0,2.0,36.0,255.0,353.0,493.0,4,595.0
6.0,2.0,36.0,255.0,353.0,483.0,4,493.0
6.0,2.0,255.0,353.0,483.0,493.0,4,595.0
6.0,2.0,255.0,353.0,483.0,493.0,4,595.0
6.0,2.0,36.0,255.0,353.0,483.0,4,493.0
6.0,2.0,255.0,353.0,483.0,493.0,4,595.0
6.0,2.0,255.0,353.0,483.0,493.0,4,595.0
6.0,2.0,255.0,353.0,483.0,493.0,4,595.0
6.0,24.0,570.0,576.0,863.0,888.0,4,947.0
6.0,24.0,377.0,580.0,750.0,863.0,4,947.0
6.0,24.0,321.0,377.0,576.0,580.0,4,750.0
6.0,24.0,570.0,576.0,580.0,750.0,4,863.0
6.0,24.0,570.0,576.0,580.0,863.0,4,888.0
6.0,24.0,570.0,576.0,863.0,888.0,4,947.0
6.0,24.0,377.0,576.0,863.0,888.0,4,947.0
6.0,24.0,570.0,576.0,863.0,888.0,4,947.0
6.0,24.0,377.0,576.0,863.0,888.0,4,947.0
6.0,24.0,576.0,580.0,750.0,863.0,4,947.0
6.0,24.0,570.0,576.0,580.0,863.0,4,888.0
6.0,24.0,321.0,377.0,580.0,750.0,4,947.0
6.0,24.0,321.0,377.0,580.0,750.0,4,947.0
6.0,24.0,321.0,377.0,576.0,580.0,4,750.0
6.0,24.0,570.0,576.0,863.0,888.0,4,947.0
6.0,24.0,321.0,377.0,580.0,750.0,4,947.0
6.0,24.0,576.0,580.0,750.0,863.0,4,888.0
6.0,24.0,570.0,576.0,580.0,863.0,4,888.0
6.0,24.0,377.0,580.0,750.0,863.0,4,947.0
6.0,24.0,321.0,377.0,580.0,750.0,4,947.0
6.0,24.0,570.0,576.0,580.0,863.0,4,888.0
6.0,24.0,570.0,576.0,863.0,888.0,4,947.0
6.0,24.0,570.0,576.0,863.0,888.0,4,947.0
6.0,24.0,570.0,576.0,863.0,888.0,4,947.0
6.0,24.0,321.0,576.0,580.0,750.0,4,825.0
6.0,24.0,321.0,576.0,580.0,750.0,4,825.0
6.0,24.0,321.0,576.0,580.0,750.0,4,825.0
6.0,24.0,576.0,580.0,750.0,825.0,4,863.0
6.0,24.0,576.0,580.0,750.0,863.0,4,947.0
6.0,24.0,570.0,576.0,863.0,888.0,4,947.0
6.0,24.0,570.0,576.0,863.0,888.0,4,947.0
6.0,24.0,321.0,377.0,580.0,750.0,4,947.0
6.0,24.0,321.0,377.0,580.0,750.0,4,947.0
6.0,24.0,321.0,377.0,576.0,580.0,4,750.0
6.0,24.0,321.0,576.0,580.0,750.0,4,888.0
6.0,24.0,576.0,580.0,750.0,863.0,4,888.0
6.0,24.0,570.0,576.0,580.0,863.0,4,888.0
6.0,24.0,570.0,576.0,580.0,863.0,4,888.0
6.0,24.0,321.0,576.0,580.0,750.0,4,888.0
6.0,24.0,321.0,377.0,580.0,750.0,4,947.0
6.0,24.0,576.0,580.0,750.0,863.0,4,888.0
6.0,24.0,321.0,570.0,576.0,580.0,4,888.0
6.0,24.0,321.0,580.0,750.0,888.0,4,947.0
6.0,24.0,570.0,576.0,580.0,863.0,4,888.0
6.0,24.0,570.0,576.0,863.0,888.0,4,947.0
6.0,24.0,576.0,750.0,863.0,888.0,4,947.0
6.0,24.0,580.0,750.0,863.0,888.0,4,947.0
6.0,24.0,576.0,580.0,750.0,863.0,4,888.0
6.0,24.0,576.0,580.0,750.0,863.0,4,888.0
6.0,24.0,570.0,576.0,580.0,863.0,4,888.0
6.0,0.0,13.0,247.0,465.0,535.0,4,601.0
6.0,0.0,13.0,60.0,465.0,535.0,4,601.0
6.0,0.0,13.0,247.0,465.0,503.0,4,1037.0
6.0,0.0,13.0,247.0,465.0,535.0,4,601.0
6.0,0.0,13.0,247.0,465.0,535.0,4,601.0
6.0,0.0,13.0,60.0,535.0,601.0,4,634.0
6.0,0.0,64.0,465.0,535.0,634.0,4,1037.0
6.0,0.0,64.0,465.0,535.0,634.0,4,1037.0
6.0,0.0,13.0,64.0,465.0,535.0,4,634.0
6.0,0.0,13.0,465.0,535.0,601.0,4,634.0
6.0,18.0,25.0,45.0,579.0,642.0,4,758.0
6.0,18.0,25.0,45.0,579.0,642.0,4,758.0
6.0,18.0,25.0,45.0,579.0,642.0,4,758.0
6.0,18.0,25.0,45.0,579.0,758.0,4,834.0
6.0,18.0,218.0,260.0,396.0,579.0,4,834.0
6.0,18.0,218.0,260.0,369.0,396.0,4,834.0
6.0,18.0,45.0,396.0,579.0,758.0,4,834.0
6.0,18.0,45.0,218.0,396.0,758.0,4,834.0
6.0,18.0,45.0,218.0,396.0,758.0,4,834.0
6.0,18.0,45.0,218.0,396.0,642.0,4,758.0
6.0,16.0,155.0,296.0,623.0,674.0,4,996.0
6.0,16.0,296.0,495.0,623.0,674.0,4,895.0
6.0,16.0,296.0,495.0,623.0,674.0,4,895.0
6.0,16.0,495.0,623.0,763.0,820.0,4,895.0
6.0,16.0,296.0,623.0,674.0,719.0,4,996.0
6.0,16.0,296.0,623.0,674.0,895.0,4,996.0
6.0,16.0,296.0,623.0,674.0,895.0,4,996.0
6.0,16.0,296.0,495.0,623.0,674.0,4,895.0
6.0,16.0,495.0,623.0,763.0,820.0,4,895.0
6.0,16.0,155.0,296.0,623.0,674.0,4,820.0
6.0,16.0,155.0,296.0,623.0,674.0,4,820.0
6.0,24.0,377.0,576.0,580.0,750.0,4,825.0
6.0,24.0,377.0,576.0,580.0,750.0,4,825.0
6.0,24.0,576.0,580.0,750.0,863.0,4,888.0
6.0,24.0,570.0,576.0,580.0,863.0,4,888.0
6.0,24.0,570.0,576.0,863.0,888.0,4,947.0
6.0,24.0,377.0,576.0,580.0,750.0,4,825.0
6.0,24.0,576.0,580.0,750.0,863.0,4,888.0
6.0,24.0,576.0,580.0,863.0,888.0,4,947.0
6.0,24.0,570.0,576.0,580.0,863.0,4,888.0
6.0,24.0,576.0,580.0,750.0,863.0,4,888.0
6.0,24.0,377.0,580.0,750.0,825.0,4,947.0
6.0,24.0,576.0,580.0,750.0,863.0,4,947.0
6.0,24.0,570.0,576.0,825.0,888.0,4,947.0
6.0,24.0,570.0,576.0,825.0,888.0,4,947.0
6.0,24.0,576.0,580.0,750.0,863.0,4,947.0
6.0,24.0,576.0,580.0,750.0,863.0,4,947.0
6.0,24.0,570.0,576.0,580.0,863.0,4,888.0
6.0,24.0,570.0,576.0,580.0,863.0,4,888.0
6.0,24.0,576.0,580.0,863.0,888.0,4,947.0
6.0,24.0,570.0,576.0,863.0,888.0,4,947.0
6.0,24.0,570.0,576.0,863.0,888.0,4,947.0
6.0,24.0,570.0,576.0,580.0,863.0,4,888.0
6.0,24.0,377.0,580.0,750.0,863.0,4,947.0
6.0,24.0,576.0,580.0,750.0,863.0,4,947.0
6.0,24.0,570.0,576.0,863.0,888.0,4,947.0
6.0,24.0,576.0,580.0,750.0,863.0,4,888.0
6.0,24.0,377.0,580.0,750.0,825.0,4,947.0
6.0,24.0,377.0,580.0,750.0,825.0,4,947.0
6.0,24.0,576.0,580.0,863.0,888.0,4,947.0
6.0,24.0,570.0,576.0,863.0,888.0,4,947.0
6.0,24.0,570.0,576.0,863.0,888.0,4,947.0
6.0,24.0,570.0,576.0,580.0,750.0,4,863.0
6.0,24.0,377.0,580.0,750.0,825.0,4,947.0
6.0,24.0,377.0,580.0,750.0,825.0,4,947.0
6.0,24.0,576.0,580.0,750.0,863.0,4,888.0
6.0,24.0,239.0,321.0,377.0,580.0,4,825.0
6.0,32.0,17.0,34.0,241.0,302.0,4,524.0
6.0,32.0,17.0,34.0,241.0,302.0,4,524.0
6.0,32.0,17.0,302.0,602.0,613.0,4,944.0
6.0,32.0,17.0,34.0,602.0,613.0,4,944.0
6.0,32.0,17.0,302.0,602.0,613.0,4,944.0
6.0,32.0,17.0,34.0,302.0,524.0,4,602.0
6.0,32.0,17.0,34.0,602.0,613.0,4,944.0
6.0,32.0,17.0,241.0,504.0,524.0,4,799.0
6.0,34.0,104.0,316.0,345.0,583.0,4,685.0
6.0,34.0,104.0,316.0,345.0,583.0,4,685.0
6.0,34.0,104.0,316.0,345.0,583.0,4,974.0
6.0,34.0,104.0,316.0,345.0,436.0,4,685.0
6.0,34.0,104.0,316.0,345.0,583.0,4,685.0
6.0,34.0,0.0,104.0,316.0,436.0,4,974.0
6.0,34.0,0.0,104.0,436.0,583.0,4,974.0
6.0,34.0,0.0,104.0,436.0,583.0,4,974.0
6.0,34.0,0.0,104.0,436.0,583.0,4,974.0
6.0,34.0,104.0,345.0,436.0,583.0,4,685.0
6.0,24.0,576.0,750.0,863.0,888.0,4,947.0
6.0,24.0,377.0,580.0,863.0,888.0,4,947.0
6.0,24.0,377.0,580.0,825.0,888.0,4,947.0
6.0,24.0,239.0,576.0,580.0,863.0,4,888.0
6.0,24.0,570.0,576.0,863.0,888.0,4,947.0
6.0,24.0,576.0,750.0,863.0,888.0,4,947.0
6.0,24.0,576.0,580.0,750.0,863.0,4,888.0
6.0,24.0,576.0,580.0,750.0,825.0,4,947.0
6.0,24.0,576.0,580.0,750.0,863.0,4,947.0
6.0,24.0,576.0,580.0,750.0,863.0,4,947.0
6.0,24.0,239.0,321.0,377.0,580.0,4,825.0
6.0,14.0,55.0,158.0,300.0,488.0,4,592.0
6.0,14.0,300.0,592.0,700.0,840.0,4,924.0
6.0,14.0,300.0,592.0,700.0,840.0,4,924.0
6.0,14.0,55.0,158.0,300.0,592.0,4,924.0
6.0,14.0,55.0,158.0,592.0,700.0,4,840.0
6.0,14.0,55.0,158.0,300.0,488.0,4,700.0
6.0,14.0,158.0,223.0,266.0,488.0,4,840.0
6.0,28.0,203.0,496.0,608.0,754.0,4,1016.0
6.0,28.0,496.0,608.0,854.0,1016.0,4,1017.0
6.0,28.0,203.0,397.0,608.0,754.0,4,1016.0
6.0,28.0,203.0,440.0,608.0,754.0,4,1016.0
6.0,28.0,203.0,608.0,754.0,876.0,4,1016.0
6.0,28.0,608.0,754.0,854.0,876.0,4,1016.0
6.0,28.0,203.0,608.0,754.0,876.0,4,1016.0
6.0,27.0,359.0,638.0,662.0,777.0,4,897.0
6.0,27.0,359.0,638.0,662.0,777.0,4,897.0
6.0,27.0,638.0,662.0,777.0,886.0,4,897.0
6.0,27.0,359.0,638.0,662.0,777.0,4,897.0
6.0,27.0,359.0,638.0,662.0,702.0,4,897.0
6.0,27.0,359.0,662.0,680.0,702.0,4,897.0
6.0,27.0,662.0,680.0,702.0,886.0,4,897.0
6.0,7.0,230.0,315.0,764.0,902.0,4,1005.0
6.0,7.0,201.0,277.0,315.0,718.0,4,1005.0
6.0,7.0,161.0,230.0,277.0,764.0,4,902.0
6.0,7.0,161.0,230.0,277.0,764.0,4,1005.0
6.0,7.0,161.0,230.0,277.0,764.0,4,902.0
6.0,7.0,230.0,277.0,315.0,764.0,4,902.0
6.0,7.0,230.0,315.0,764.0,902.0,4,1005.0
6.0,7.0,277.0,315.0,718.0,764.0,4,1005.0
6.0,7.0,277.0,315.0,410.0,718.0,4,1005.0
6.0,7.0,277.0,315.0,410.0,718.0,4,764.0
6.0,7.0,277.0,315.0,410.0,718.0,4,764.0
6.0,7.0,230.0,277.0,315.0,764.0,4,1005.0
6.0,13.0,91.0,137.0,238.0,319.0,4,1024.0
6.0,13.0,91.0,137.0,238.0,319.0,4,1024.0
6.0,13.0,319.0,363.0,609.0,688.0,4,855.0
6.0,13.0,91.0,319.0,363.0,609.0,4,688.0
6.0,13.0,91.0,137.0,238.0,319.0,4,418.0
6.0,13.0,319.0,363.0,418.0,609.0,4,688.0
6.0,13.0,91.0,319.0,418.0,609.0,4,688.0
6.0,10.0,234.0,336.0,376.0,591.0,4,918.0
6.0,10.0,234.0,336.0,376.0,591.0,4,918.0
6.0,10.0,234.0,289.0,336.0,444.0,4,591.0
6.0,10.0,234.0,336.0,444.0,591.0,4,918.0
6.0,10.0,132.0,234.0,376.0,591.0,4,918.0
6.0,10.0,234.0,336.0,376.0,591.0,4,918.0
6.0,10.0,52.0,234.0,376.0,591.0,4,918.0
6.0,10.0,132.0,234.0,376.0,444.0,4,918.0
6.0,10.0,132.0,234.0,376.0,444.0,4,918.0
6.0,10.0,132.0,234.0,444.0,591.0,4,918.0
6.0,10.0,132.0,234.0,444.0,591.0,4,918.0
6.0,29.0,242.0,392.0,456.0,505.0,4,990.0
6.0,29.0,242.0,426.0,485.0,670.0,4,951.0
6.0,29.0,242.0,392.0,426.0,505.0,4,670.0
6.0,29.0,426.0,670.0,951.0,971.0,4,990.0
6.0,29.0,242.0,456.0,485.0,670.0,4,971.0
6.0,29.0,242.0,456.0,485.0,971.0,4,990.0
6.0,29.0,456.0,485.0,951.0,971.0,4,990.0
6.0,14.0,55.0,592.0,700.0,786.0,4,924.0
6.0,14.0,55.0,158.0,488.0,700.0,4,786.0
6.0,14.0,294.0,592.0,700.0,786.0,4,924.0
6.0,14.0,300.0,592.0,700.0,786.0,4,924.0
6.0,14.0,55.0,300.0,592.0,786.0,4,924.0
6.0,14.0,158.0,294.0,488.0,700.0,4,786.0
6.0,14.0,294.0,592.0,700.0,786.0,4,924.0
6.0,14.0,294.0,592.0,700.0,786.0,4,924.0
6.0,24.0,570.0,576.0,863.0,888.0,4,947.0
6.0,24.0,570.0,576.0,750.0,863.0,4,947.0
6.0,24.0,570.0,580.0,750.0,863.0,4,947.0
6.0,24.0,239.0,377.0,580.0,750.0,4,825.0
6.0,24.0,239.0,576.0,580.0,750.0,4,825.0
6.0,24.0,239.0,576.0,580.0,750.0,4,825.0
6.0,24.0,576.0,580.0,750.0,825.0,4,863.0
6.0,24.0,570.0,576.0,580.0,863.0,4,888.0
6.0,24.0,576.0,580.0,750.0,863.0,4,888.0
6.0,24.0,570.0,576.0,580.0,750.0,4,863.0
6.0,24.0,239.0,321.0,377.0,580.0,4,793.0
6.0,6.0,30.0,275.0,606.0,684.0,4,980.0
6.0,6.0,275.0,606.0,684.0,900.0,4,980.0
6.0,6.0,125.0,684.0,900.0,980.0,4,1013.0
6.0,6.0,30.0,275.0,606.0,980.0,4,989.0
6.0,6.0,30.0,275.0,606.0,684.0,4,989.0
6.0,6.0,125.0,684.0,900.0,980.0,4,1013.0
6.0,6.0,125.0,684.0,900.0,980.0,4,1013.0
6.0,6.0,30.0,275.0,606.0,684.0,4,980.0
6.0,24.0,377.0,580.0,750.0,825.0,4,947.0
6.0,24.0,377.0,576.0,580.0,750.0,4,825.0
6.0,24.0,576.0,580.0,750.0,825.0,4,863.0
6.0,24.0,570.0,576.0,580.0,863.0,4,888.0
6.0,24.0,570.0,576.0,863.0,888.0,4,947.0
6.0,24.0,570.0,576.0,863.0,888.0,4,947.0
6.0,24.0,580.0,750.0,863.0,888.0,4,947.0
6.0,24.0,239.0,377.0,580.0,750.0,4,825.0
6.0,24.0,214.0,239.0,321.0,793.0,4,825.0
6.0,24.0,570.0,576.0,863.0,888.0,4,947.0
6.0,24.0,570.0,576.0,580.0,863.0,4,888.0
6.0,24.0,580.0,750.0,863.0,888.0,4,947.0
6.0,24.0,580.0,750.0,825.0,888.0,4,947.0
6.0,24.0,377.0,580.0,750.0,825.0,4,947.0
6.0,24.0,377.0,576.0,580.0,750.0,4,825.0
6.0,24.0,576.0,750.0,863.0,888.0,4,947.0
6.0,24.0,570.0,576.0,580.0,750.0,4,863.0
6.0,24.0,580.0,750.0,825.0,888.0,4,947.0
6.0,24.0,377.0,580.0,793.0,825.0,4,947.0
6.0,24.0,570.0,576.0,863.0,888.0,4,947.0
6.0,24.0,570.0,576.0,580.0,825.0,4,888.0
6.0,24.0,570.0,576.0,580.0,825.0,4,888.0
6.0,24.0,570.0,576.0,863.0,888.0,4,947.0
6.0,24.0,570.0,576.0,863.0,888.0,4,947.0
6.0,24.0,570.0,576.0,863.0,888.0,4,947.0
6.0,24.0,580.0,750.0,825.0,888.0,4,947.0
6.0,24.0,377.0,580.0,750.0,825.0,4,947.0
6.0,24.0,214.0,239.0,321.0,377.0,4,793.0
6.0,27.0,359.0,439.0,638.0,662.0,4,777.0
6.0,27.0,477.0,569.0,680.0,702.0,4,897.0
6.0,27.0,477.0,569.0,680.0,702.0,4,897.0
6.0,27.0,645.0,680.0,886.0,897.0,4,1015.0
6.0,27.0,645.0,680.0,886.0,897.0,4,1015.0
6.0,27.0,569.0,645.0,680.0,886.0,4,1015.0
6.0,33.0,21.0,244.0,258.0,301.0,4,318.0
6.0,33.0,14.0,21.0,244.0,301.0,4,789.0
6.0,33.0,14.0,244.0,301.0,789.0,4,811.0
6.0,33.0,14.0,244.0,417.0,789.0,4,811.0
6.0,33.0,14.0,244.0,417.0,789.0,4,811.0
6.0,33.0,14.0,417.0,686.0,789.0,4,811.0
6.0,33.0,14.0,21.0,417.0,686.0,4,789.0
6.0,33.0,14.0,21.0,258.0,301.0,4,686.0
6.0,33.0,14.0,21.0,244.0,258.0,4,301.0
6.0,33.0,21.0,244.0,258.0,301.0,4,318.0
6.0,24.0,570.0,576.0,863.0,888.0,4,947.0
6.0,24.0,570.0,576.0,580.0,863.0,4,947.0
6.0,24.0,576.0,580.0,750.0,825.0,4,863.0
6.0,24.0,576.0,580.0,750.0,825.0,4,863.0
6.0,24.0,576.0,580.0,750.0,825.0,4,863.0
6.0,24.0,570.0,576.0,863.0,888.0,4,947.0
6.0,24.0,377.0,576.0,863.0,888.0,4,947.0
6.0,24.0,239.0,377.0,580.0,750.0,4,863.0
6.0,24.0,239.0,576.0,580.0,750.0,4,825.0
6.0,24.0,576.0,580.0,750.0,863.0,4,947.0
6.0,24.0,576.0,580.0,863.0,888.0,4,947.0
6.0,24.0,570.0,576.0,863.0,888.0,4,947.0
6.0,24.0,570.0,576.0,580.0,863.0,4,888.0
6.0,24.0,570.0,580.0,750.0,863.0,4,947.0
6.0,24.0,576.0,580.0,750.0,825.0,4,947.0
6.0,24.0,471.0,570.0,576.0,863.0,4,888.0
6.0,24.0,570.0,576.0,863.0,888.0,4,947.0
6.0,24.0,580.0,750.0,863.0,888.0,4,947.0
6.0,24.0,377.0,576.0,580.0,750.0,4,825.0
6.0,24.0,570.0,576.0,580.0,750.0,4,863.0
6.0,24.0,570.0,576.0,580.0,863.0,4,888.0
6.0,24.0,570.0,576.0,863.0,888.0,4,947.0
6.0,24.0,570.0,576.0,863.0,888.0,4,947.0
6.0,24.0,570.0,576.0,580.0,863.0,4,888.0
6.0,24.0,377.0,471.0,580.0,750.0,4,825.0
6.0,24.0,570.0,576.0,863.0,888.0,4,947.0
6.0,24.0,570.0,580.0,863.0,888.0,4,947.0
6.0,24.0,254.0,576.0,580.0,750.0,4,825.0
6.0,24.0,254.0,576.0,580.0,750.0,4,825.0
6.0,24.0,570.0,576.0,580.0,863.0,4,888.0
6.0,24.0,570.0,576.0,863.0,888.0,4,947.0
6.0,24.0,570.0,576.0,863.0,888.0,4,947.0
6.0,24.0,570.0,576.0,863.0,888.0,4,947.0
6.0,24.0,580.0,750.0,825.0,888.0,4,947.0
6.0,24.0,254.0,580.0,750.0,793.0,4,825.0
6.0,24.0,254.0,377.0,793.0,825.0,4,853.0
6.0,24.0,254.0,377.0,793.0,825.0,4,853.0
6.0,24.0,239.0,254.0,793.0,825.0,4,853.0
6.0,13.0,137.0,151.0,164.0,238.0,4,609.0
6.0,13.0,164.0,418.0,609.0,688.0,4,855.0
6.0,13.0,319.0,418.0,688.0,855.0,4,867.0
6.0,13.0,91.0,319.0,363.0,418.0,4,688.0
6.0,13.0,91.0,164.0,363.0,418.0,4,688.0
6.0,13.0,91.0,164.0,418.0,609.0,4,688.0
6.0,13.0,91.0,164.0,418.0,609.0,4,688.0
6.0,13.0,91.0,164.0,418.0,609.0,4,688.0
6.0,13.0,91.0,319.0,418.0,609.0,4,688.0
6.0,13.0,164.0,319.0,418.0,609.0,4,688.0
6.0,13.0,91.0,164.0,418.0,609.0,4,688.0
6.0,24.0,570.0,576.0,863.0,888.0,4,947.0
6.0,24.0,570.0,576.0,863.0,888.0,4,947.0
6.0,24.0,254.0,576.0,580.0,750.0,4,863.0
6.0,24.0,254.0,580.0,750.0,825.0,4,853.0
6.0,24.0,254.0,580.0,750.0,825.0,4,853.0
6.0,24.0,576.0,580.0,863.0,888.0,4,947.0
6.0,24.0,377.0,576.0,580.0,863.0,4,947.0
6.0,24.0,576.0,580.0,750.0,863.0,4,947.0
6.0,24.0,254.0,580.0,750.0,863.0,4,947.0
6.0,24.0,254.0,576.0,580.0,825.0,4,888.0
6.0,24.0,254.0,576.0,580.0,825.0,4,888.0
6.0,24.0,570.0,576.0,580.0,863.0,4,888.0
6.0,24.0,570.0,576.0,863.0,888.0,4,947.0
6.0,23.0,33.0,388.0,400.0,822.0,4,994.0
6.0,23.0,33.0,400.0,451.0,575.0,4,925.0
6.0,23.0,400.0,451.0,575.0,925.0,4,994.0
6.0,23.0,400.0,575.0,822.0,925.0,4,994.0
6.0,23.0,388.0,400.0,575.0,822.0,4,994.0
6.0,23.0,33.0,400.0,451.0,822.0,4,994.0
6.0,23.0,33.0,400.0,451.0,822.0,4,994.0
6.0,23.0,400.0,451.0,575.0,925.0,4,994.0
6.0,23.0,33.0,388.0,400.0,451.0,4,822.0
6.0,24.0,570.0,576.0,863.0,888.0,4,947.0
6.0,24.0,570.0,576.0,580.0,750.0,4,863.0
6.0,24.0,254.0,580.0,750.0,825.0,4,853.0
6.0,24.0,254.0,576.0,580.0,750.0,4,825.0
6.0,24.0,570.0,576.0,580.0,863.0,4,947.0
6.0,24.0,570.0,576.0,750.0,863.0,4,947.0
6.0,24.0,570.0,576.0,580.0,750.0,4,863.0
6.0,24.0,254.0,576.0,580.0,750.0,4,825.0
6.0,24.0,254.0,580.0,750.0,825.0,4,888.0
6.0,24.0,254.0,580.0,750.0,825.0,4,888.0
6.0,24.0,576.0,580.0,825.0,863.0,4,888.0
6.0,24.0,570.0,576.0,580.0,863.0,4,888.0
6.0,24.0,570.0,576.0,863.0,888.0,4,947.0
6.0,30.0,100.0,240.0,348.0,657.0,4,920.0
6.0,30.0,217.0,348.0,559.0,952.0,4,953.0
6.0,30.0,217.0,348.0,559.0,952.0,4,953.0
6.0,30.0,217.0,348.0,559.0,952.0,4,953.0
6.0,30.0,100.0,348.0,657.0,920.0,4,953.0
6.0,30.0,100.0,348.0,657.0,920.0,4,952.0
6.0,30.0,100.0,348.0,657.0,920.0,4,952.0
6.0,30.0,100.0,186.0,217.0,559.0,4,953.0
6.0,24.0,570.0,580.0,863.0,888.0,4,947.0
6.0,24.0,254.0,570.0,580.0,750.0,4,863.0
6.0,24.0,254.0,576.0,580.0,750.0,4,825.0
6.0,24.0,576.0,580.0,750.0,863.0,4,888.0
6.0,24.0,570.0,576.0,863.0,888.0,4,947.0
6.0,24.0,570.0,576.0,863.0,888.0,4,947.0
6.0,24.0,570.0,576.0,863.0,888.0,4,947.0
6.0,24.0,254.0,377.0,580.0,750.0,4,825.0
6.0,24.0,254.0,377.0,793.0,825.0,4,853.0
6.0,24.0,570.0,576.0,863.0,888.0,4,947.0
6.0,24.0,570.0,576.0,580.0,750.0,4,863.0
6.0,24.0,254.0,580.0,750.0,793.0,4,825.0
6.0,24.0,254.0,580.0,750.0,793.0,4,825.0
6.0,24.0,254.0,580.0,750.0,793.0,4,825.0
6.0,24.0,254.0,576.0,580.0,750.0,4,863.0
6.0,24.0,576.0,580.0,750.0,825.0,4,863.0
6.0,24.0,570.0,576.0,580.0,863.0,4,947.0
6.0,24.0,570.0,576.0,863.0,888.0,4,947.0
6.0,7.0,277.0,315.0,410.0,718.0,4,764.0
6.0,7.0,105.0,230.0,315.0,764.0,4,1005.0
6.0,7.0,161.0,230.0,277.0,846.0,4,1005.0
6.0,7.0,161.0,230.0,277.0,846.0,4,1005.0
6.0,7.0,105.0,230.0,277.0,764.0,4,1005.0
6.0,7.0,277.0,315.0,410.0,718.0,4,764.0
6.0,7.0,105.0,410.0,718.0,764.0,4,1005.0
6.0,7.0,105.0,230.0,277.0,410.0,4,764.0
6.0,7.0,105.0,230.0,315.0,718.0,4,1005.0
6.0,7.0,230.0,277.0,410.0,718.0,4,1005.0
6.0,7.0,105.0,277.0,718.0,764.0,4,1005.0
6.0,15.0,659.0,714.0,941.0,960.0,4,1036.0
6.0,15.0,659.0,714.0,941.0,960.0,4,1036.0
6.0,15.0,484.0,714.0,802.0,941.0,4,1036.0
6.0,15.0,484.0,714.0,802.0,941.0,4,1036.0
6.0,15.0,484.0,714.0,802.0,960.0,4,1036.0
6.0,15.0,659.0,714.0,941.0,960.0,4,1036.0
6.0,25.0,74.0,86.0,297.0,603.0,4,958.0
6.0,25.0,86.0,421.0,603.0,696.0,4,958.0
6.0,25.0,50.0,297.0,421.0,696.0,4,958.0
6.0,25.0,50.0,297.0,421.0,696.0,4,958.0
6.0,25.0,86.0,286.0,297.0,603.0,4,958.0
6.0,24.0,570.0,576.0,863.0,888.0,4,947.0
6.0,24.0,570.0,576.0,750.0,863.0,4,947.0
6.0,24.0,570.0,580.0,750.0,825.0,4,863.0
6.0,24.0,254.0,377.0,576.0,580.0,4,750.0
6.0,24.0,570.0,576.0,863.0,888.0,4,947.0
6.0,24.0,570.0,576.0,580.0,863.0,4,888.0
6.0,24.0,254.0,580.0,750.0,863.0,4,888.0
6.0,24.0,576.0,580.0,825.0,863.0,4,888.0
6.0,24.0,576.0,580.0,825.0,863.0,4,888.0
6.0,24.0,570.0,576.0,825.0,888.0,4,947.0
6.0,24.0,254.0,377.0,580.0,750.0,4,825.0
6.0,24.0,254.0,377.0,580.0,750.0,4,825.0
6.0,24.0,254.0,576.0,580.0,750.0,4,863.0
6.0,24.0,570.0,576.0,863.0,888.0,4,947.0
6.0,24.0,570.0,576.0,863.0,888.0,4,947.0
6.0,24.0,570.0,576.0,863.0,888.0,4,947.0
6.0,24.0,254.0,377.0,580.0,750.0,4,825.0
6.0,24.0,254.0,576.0,580.0,750.0,4,863.0
6.0,24.0,471.0,576.0,750.0,863.0,4,888.0
6.0,18.0,45.0,260.0,642.0,758.0,4,834.0
6.0,18.0,45.0,260.0,396.0,642.0,4,758.0
6.0,18.0,25.0,150.0,218.0,369.0,4,396.0
6.0,18.0,25.0,150.0,218.0,369.0,4,396.0
6.0,18.0,45.0,260.0,642.0,758.0,4,834.0
6.0,18.0,25.0,150.0,218.0,369.0,4,396.0
6.0,18.0,150.0,218.0,396.0,758.0,4,834.0
6.0,18.0,150.0,218.0,396.0,758.0,4,834.0
6.0,18.0,45.0,218.0,642.0,758.0,4,834.0
6.0,17.0,108.0,310.0,328.0,635.0,4,731.0
6.0,17.0,108.0,310.0,398.0,682.0,4,715.0
6.0,17.0,108.0,328.0,619.0,682.0,4,731.0
6.0,17.0,108.0,328.0,398.0,619.0,4,682.0
6.0,17.0,108.0,328.0,619.0,682.0,4,731.0
6.0,17.0,108.0,328.0,619.0,682.0,4,731.0
6.0,17.0,108.0,328.0,619.0,682.0,4,731.0
6.0,17.0,310.0,328.0,398.0,635.0,4,731.0
6.0,17.0,310.0,398.0,635.0,682.0,4,731.0
6.0,17.0,108.0,328.0,398.0,619.0,4,731.0
6.0,24.0,570.0,576.0,863.0,888.0,4,947.0
6.0,24.0,576.0,580.0,750.0,863.0,4,888.0
6.0,24.0,580.0,750.0,825.0,863.0,4,888.0
6.0,24.0,254.0,580.0,750.0,825.0,4,888.0
6.0,24.0,254.0,576.0,580.0,750.0,4,825.0
6.0,24.0,254.0,576.0,580.0,750.0,4,825.0
6.0,24.0,570.0,576.0,863.0,888.0,4,947.0
6.0,24.0,570.0,576.0,863.0,888.0,4,947.0
6.0,24.0,254.0,576.0,580.0,750.0,4,825.0
6.0,24.0,570.0,576.0,863.0,888.0,4,947.0
6.0,24.0,570.0,576.0,863.0,888.0,4,947.0
6.0,12.0,237.0,350.0,611.0,788.0,4,856.0
6.0,12.0,350.0,351.0,386.0,771.0,4,986.0
6.0,12.0,194.0,237.0,351.0,386.0,4,771.0
6.0,24.0,570.0,576.0,863.0,888.0,4,947.0
6.0,24.0,570.0,580.0,863.0,888.0,4,947.0
6.0,24.0,576.0,580.0,863.0,888.0,4,947.0
6.0,24.0,570.0,576.0,863.0,888.0,4,947.0
6.0,24.0,570.0,576.0,863.0,888.0,4,947.0
6.0,24.0,254.0,576.0,580.0,750.0,4,825.0
6.0,24.0,254.0,576.0,580.0,750.0,4,825.0
6.0,24.0,576.0,825.0,863.0,888.0,4,947.0
6.0,33.0,14.0,244.0,258.0,730.0,4,811.0
6.0,33.0,244.0,258.0,730.0,789.0,4,811.0
6.0,33.0,14.0,258.0,361.0,730.0,4,811.0
6.0,33.0,14.0,258.0,361.0,730.0,4,811.0
6.0,33.0,244.0,258.0,417.0,789.0,4,811.0
6.0,33.0,14.0,258.0,361.0,730.0,4,789.0
6.0,33.0,14.0,361.0,730.0,789.0,4,811.0
6.0,10.0,132.0,289.0,336.0,444.0,4,829.0
6.0,10.0,132.0,336.0,444.0,829.0,4,918.0
6.0,10.0,52.0,234.0,444.0,591.0,4,918.0
6.0,10.0,132.0,234.0,376.0,444.0,4,591.0
6.0,10.0,132.0,289.0,376.0,444.0,4,918.0
6.0,10.0,132.0,289.0,336.0,573.0,4,829.0
6.0,28.0,203.0,321.0,608.0,701.0,4,876.0
6.0,28.0,203.0,496.0,608.0,876.0,4,1017.0
6.0,28.0,203.0,496.0,608.0,876.0,4,1017.0
6.0,28.0,203.0,496.0,876.0,1002.0,4,1017.0
6.0,28.0,321.0,496.0,876.0,1002.0,4,1017.0
6.0,28.0,203.0,321.0,639.0,701.0,4,1017.0
6.0,28.0,321.0,639.0,701.0,1002.0,4,1017.0
6.0,24.0,214.0,576.0,853.0,863.0,4,888.0
6.0,24.0,214.0,750.0,825.0,853.0,4,863.0
6.0,24.0,214.0,750.0,825.0,853.0,4,863.0
6.0,24.0,214.0,576.0,750.0,825.0,4,853.0
6.0,24.0,377.0,576.0,863.0,888.0,4,947.0
6.0,24.0,576.0,750.0,863.0,888.0,4,947.0
6.0,24.0,377.0,576.0,863.0,888.0,4,947.0
6.0,24.0,214.0,576.0,863.0,888.0,4,947.0
6.0,24.0,471.0,576.0,750.0,853.0,4,863.0
6.0,24.0,377.0,793.0,863.0,888.0,4,947.0
6.0,24.0,377.0,793.0,863.0,888.0,4,947.0
6.0,24.0,214.0,471.0,793.0,825.0,4,853.0
6.0,24.0,254.0,377.0,471.0,825.0,4,853.0
6.0,24.0,377.0,471.0,793.0,825.0,4,853.0
6.0,24.0,214.0,239.0,471.0,793.0,4,825.0
6.0,30.0,100.0,217.0,559.0,953.0,4,963.0
6.0,30.0,348.0,657.0,689.0,920.0,4,952.0
6.0,30.0,348.0,657.0,689.0,920.0,4,952.0
6.0,30.0,217.0,348.0,689.0,920.0,4,952.0
6.0,30.0,559.0,657.0,689.0,739.0,4,952.0
6.0,30.0,217.0,559.0,689.0,953.0,4,963.0
6.0,30.0,100.0,217.0,559.0,953.0,4,963.0
6.0,30.0,100.0,217.0,559.0,953.0,4,963.0
6.0,30.0,100.0,217.0,559.0,953.0,4,963.0
6.0,30.0,240.0,657.0,689.0,920.0,4,963.0
6.0,30.0,240.0,348.0,657.0,689.0,4,920.0
6.0,30.0,217.0,240.0,348.0,920.0,4,953.0
6.0,30.0,100.0,217.0,559.0,953.0,4,963.0
6.0,30.0,100.0,559.0,657.0,953.0,4,963.0
6.0,30.0,240.0,559.0,657.0,953.0,4,963.0
6.0,30.0,240.0,657.0,689.0,920.0,4,963.0
6.0,30.0,240.0,348.0,657.0,689.0,4,920.0
6.0,30.0,240.0,348.0,920.0,952.0,4,963.0
6.0,13.0,91.0,319.0,418.0,688.0,4,867.0
6.0,13.0,91.0,319.0,418.0,688.0,4,867.0
6.0,13.0,91.0,137.0,164.0,238.0,4,319.0
6.0,13.0,91.0,137.0,164.0,238.0,4,418.0
6.0,13.0,91.0,137.0,164.0,238.0,4,1024.0
6.0,13.0,91.0,137.0,164.0,238.0,4,1024.0
6.0,13.0,164.0,418.0,688.0,855.0,4,867.0
6.0,13.0,164.0,418.0,688.0,855.0,4,867.0
6.0,13.0,319.0,418.0,688.0,855.0,4,867.0
6.0,13.0,319.0,418.0,688.0,855.0,4,867.0
6.0,13.0,91.0,164.0,238.0,418.0,4,688.0
6.0,13.0,91.0,164.0,238.0,418.0,4,688.0
6.0,13.0,91.0,164.0,238.0,418.0,4,688.0
6.0,29.0,242.0,392.0,426.0,456.0,4,990.0
6.0,29.0,1.0,173.0,426.0,456.0,4,670.0
6.0,29.0,1.0,173.0,338.0,670.0,4,971.0
6.0,29.0,392.0,426.0,456.0,485.0,4,990.0
6.0,29.0,173.0,392.0,426.0,456.0,4,990.0
6.0,29.0,173.0,392.0,456.0,670.0,4,990.0
6.0,29.0,173.0,392.0,456.0,670.0,4,990.0
6.0,29.0,1.0,173.0,242.0,505.0,4,670.0
6.0,28.0,203.0,397.0,608.0,754.0,4,1016.0
6.0,28.0,203.0,397.0,608.0,754.0,4,1016.0
6.0,28.0,608.0,701.0,754.0,854.0,4,1016.0
6.0,28.0,639.0,701.0,754.0,854.0,4,1016.0
6.0,28.0,203.0,608.0,701.0,876.0,4,1016.0
6.0,28.0,203.0,608.0,701.0,754.0,4,876.0
6.0,28.0,203.0,397.0,608.0,754.0,4,876.0
6.0,28.0,203.0,397.0,608.0,754.0,4,876.0
6.0,28.0,203.0,397.0,608.0,876.0,4,1016.0
6.0,28.0,203.0,397.0,608.0,754.0,4,1016.0
6.0,28.0,203.0,397.0,608.0,754.0,4,1016.0
6.0,28.0,397.0,608.0,754.0,854.0,4,1016.0
6.0,28.0,397.0,608.0,754.0,854.0,4,1016.0
6.0,28.0,397.0,608.0,854.0,876.0,4,1016.0
6.0,28.0,203.0,397.0,608.0,754.0,4,1016.0
6.0,28.0,203.0,397.0,608.0,754.0,4,1016.0
6.0,14.0,223.0,294.0,592.0,700.0,4,786.0
6.0,14.0,158.0,294.0,592.0,700.0,4,786.0
6.0,14.0,55.0,158.0,294.0,592.0,4,786.0
6.0,14.0,223.0,294.0,592.0,700.0,4,786.0
6.0,14.0,223.0,294.0,592.0,700.0,4,786.0
6.0,30.0,217.0,240.0,559.0,953.0,4,963.0
6.0,30.0,100.0,217.0,920.0,953.0,4,963.0
6.0,30.0,217.0,657.0,920.0,953.0,4,963.0
6.0,30.0,559.0,657.0,920.0,953.0,4,963.0
6.0,30.0,217.0,240.0,920.0,953.0,4,963.0
6.0,30.0,657.0,920.0,952.0,953.0,4,963.0
6.0,30.0,100.0,348.0,657.0,920.0,4,952.0
6.0,30.0,100.0,348.0,657.0,953.0,4,963.0
6.0,30.0,100.0,217.0,657.0,785.0,4,953.0
6.0,30.0,217.0,657.0,689.0,785.0,4,952.0
6.0,30.0,348.0,657.0,689.0,953.0,4,963.0
6.0,1.0,169.0,442.0,455.0,790.0,4,808.0
6.0,1.0,169.0,442.0,455.0,790.0,4,808.0
6.0,1.0,188.0,442.0,577.0,624.0,4,790.0
6.0,1.0,106.0,455.0,577.0,790.0,4,808.0
6.0,1.0,106.0,169.0,455.0,790.0,4,808.0
6.0,1.0,188.0,455.0,463.0,577.0,4,624.0
6.0,1.0,455.0,463.0,577.0,790.0,4,808.0
6.0,1.0,106.0,169.0,455.0,790.0,4,808.0
6.0,12.0,350.0,351.0,788.0,856.0,4,986.0
6.0,12.0,194.0,351.0,386.0,872.0,4,986.0
6.0,12.0,194.0,351.0,386.0,872.0,4,986.0
6.0,12.0,237.0,350.0,611.0,788.0,4,856.0
6.0,12.0,237.0,350.0,386.0,611.0,4,788.0
6.0,12.0,237.0,350.0,611.0,788.0,4,856.0
6.0,12.0,237.0,350.0,611.0,788.0,4,856.0
6.0,12.0,194.0,351.0,386.0,872.0,4,986.0
6.0,12.0,237.0,350.0,611.0,788.0,4,856.0
6.0,32.0,44.0,241.0,278.0,511.0,4,524.0
6.0,32.0,44.0,241.0,511.0,524.0,4,944.0
6.0,32.0,34.0,302.0,524.0,602.0,4,944.0
6.0,32.0,241.0,302.0,511.0,524.0,4,602.0
6.0,32.0,241.0,302.0,511.0,524.0,4,602.0
6.0,32.0,44.0,241.0,278.0,511.0,4,602.0
6.0,32.0,44.0,241.0,511.0,524.0,4,602.0
6.0,34.0,0.0,104.0,316.0,583.0,4,974.0
6.0,34.0,104.0,167.0,316.0,517.0,4,685.0
6.0,34.0,139.0,167.0,298.0,517.0,4,685.0
6.0,34.0,0.0,104.0,316.0,583.0,4,974.0
6.0,34.0,139.0,298.0,517.0,583.0,4,685.0
6.0,34.0,0.0,104.0,298.0,517.0,4,583.0
6.0,34.0,0.0,104.0,139.0,167.0,4,583.0
6.0,25.0,74.0,356.0,421.0,696.0,4,759.0
6.0,25.0,297.0,356.0,372.0,398.0,4,421.0
6.0,25.0,74.0,356.0,398.0,421.0,4,759.0
6.0,25.0,74.0,245.0,356.0,421.0,4,531.0
6.0,25.0,74.0,245.0,372.0,421.0,4,531.0
6.0,25.0,245.0,372.0,398.0,421.0,4,531.0
6.0,25.0,50.0,74.0,297.0,372.0,4,398.0
6.0,25.0,74.0,356.0,398.0,421.0,4,759.0
6.0,25.0,74.0,245.0,356.0,398.0,4,421.0
6.0,25.0,50.0,245.0,393.0,603.0,4,696.0
6.0,25.0,50.0,297.0,393.0,603.0,4,696.0
6.0,16.0,155.0,296.0,623.0,674.0,4,814.0
6.0,16.0,155.0,719.0,763.0,820.0,4,996.0
6.0,16.0,155.0,719.0,763.0,820.0,4,996.0
6.0,16.0,155.0,296.0,623.0,674.0,4,719.0
6.0,16.0,296.0,495.0,623.0,674.0,4,820.0
6.0,16.0,155.0,296.0,623.0,674.0,4,814.0
6.0,16.0,623.0,719.0,763.0,820.0,4,996.0
6.0,16.0,155.0,719.0,763.0,820.0,4,996.0
6.0,16.0,155.0,296.0,623.0,674.0,4,820.0
6.0,16.0,155.0,296.0,623.0,674.0,4,820.0
6.0,30.0,217.0,240.0,657.0,953.0,4,963.0
6.0,30.0,100.0,217.0,952.0,953.0,4,963.0
6.0,30.0,100.0,217.0,952.0,953.0,4,963.0
6.0,30.0,240.0,348.0,657.0,953.0,4,963.0
6.0,30.0,657.0,689.0,739.0,952.0,4,963.0
6.0,30.0,657.0,689.0,739.0,785.0,4,952.0
6.0,30.0,348.0,689.0,785.0,952.0,4,963.0
6.0,30.0,348.0,689.0,785.0,953.0,4,963.0
6.0,30.0,348.0,657.0,689.0,953.0,4,963.0
6.0,30.0,100.0,240.0,348.0,953.0,4,963.0
6.0,30.0,348.0,657.0,689.0,952.0,4,963.0
6.0,30.0,186.0,348.0,657.0,689.0,4,952.0
6.0,30.0,100.0,186.0,240.0,953.0,4,963.0
6.0,30.0,100.0,186.0,240.0,953.0,4,963.0
6.0,30.0,240.0,348.0,657.0,953.0,4,963.0
6.0,30.0,100.0,348.0,422.0,953.0,4,963.0
6.0,30.0,348.0,657.0,689.0,953.0,4,963.0
6.0,30.0,657.0,689.0,739.0,953.0,4,963.0
6.0,30.0,348.0,422.0,689.0,739.0,4,952.0
6.0,30.0,348.0,422.0,689.0,739.0,4,952.0
6.0,30.0,348.0,422.0,689.0,739.0,4,952.0
6.0,30.0,348.0,689.0,739.0,952.0,4,963.0
6.0,33.0,14.0,258.0,361.0,730.0,4,811.0
6.0,33.0,244.0,258.0,301.0,318.0,4,361.0
6.0,33.0,244.0,301.0,318.0,361.0,4,789.0
6.0,33.0,14.0,244.0,361.0,730.0,4,789.0
6.0,33.0,14.0,361.0,730.0,789.0,4,811.0
6.0,33.0,14.0,686.0,730.0,789.0,4,811.0
6.0,33.0,14.0,361.0,730.0,789.0,4,811.0
6.0,33.0,14.0,361.0,730.0,789.0,4,811.0
6.0,33.0,14.0,361.0,730.0,789.0,4,811.0
6.0,28.0,203.0,397.0,608.0,754.0,4,1002.0
6.0,28.0,608.0,701.0,754.0,761.0,4,876.0
6.0,28.0,203.0,608.0,701.0,876.0,4,1017.0
6.0,28.0,203.0,397.0,639.0,876.0,4,1017.0
6.0,28.0,203.0,397.0,608.0,639.0,4,754.0
6.0,28.0,203.0,397.0,608.0,754.0,4,1002.0
6.0,28.0,203.0,397.0,608.0,754.0,4,1002.0
6.0,28.0,203.0,608.0,701.0,754.0,4,876.0
6.0,28.0,203.0,639.0,701.0,754.0,4,876.0
6.0,28.0,203.0,397.0,608.0,754.0,4,876.0
6.0,30.0,100.0,217.0,739.0,952.0,4,963.0
6.0,30.0,348.0,422.0,689.0,785.0,4,952.0
6.0,30.0,217.0,348.0,689.0,953.0,4,963.0
6.0,30.0,217.0,348.0,952.0,953.0,4,963.0
6.0,30.0,100.0,217.0,348.0,953.0,4,963.0
6.0,30.0,100.0,217.0,348.0,953.0,4,963.0
6.0,30.0,100.0,217.0,739.0,953.0,4,963.0
6.0,30.0,100.0,217.0,739.0,953.0,4,963.0
6.0,30.0,217.0,348.0,952.0,953.0,4,963.0
6.0,30.0,217.0,348.0,952.0,953.0,4,963.0
6.0,30.0,100.0,657.0,739.0,920.0,4,952.0
6.0,30.0,217.0,689.0,739.0,920.0,4,953.0
6.0,30.0,559.0,657.0,952.0,953.0,4,963.0
6.0,30.0,100.0,348.0,559.0,657.0,4,920.0
6.0,30.0,217.0,559.0,952.0,953.0,4,963.0
6.0,30.0,100.0,217.0,559.0,953.0,4,963.0
6.0,30.0,100.0,217.0,657.0,953.0,4,963.0
6.0,30.0,100.0,348.0,657.0,953.0,4,963.0
6.0,30.0,100.0,217.0,657.0,953.0,4,963.0
6.0,30.0,100.0,217.0,657.0,953.0,4,963.0
6.0,30.0,217.0,559.0,952.0,953.0,4,963.0
6.0,30.0,100.0,657.0,920.0,952.0,4,963.0
6.0,30.0,348.0,559.0,657.0,920.0,4,952.0
6.0,30.0,240.0,559.0,657.0,739.0,4,785.0
6.0,30.0,240.0,559.0,689.0,739.0,4,785.0
6.0,30.0,240.0,689.0,739.0,785.0,4,920.0
6.0,30.0,240.0,689.0,739.0,785.0,4,920.0
6.0,30.0,217.0,559.0,952.0,953.0,4,963.0
6.0,30.0,100.0,217.0,657.0,739.0,4,920.0
6.0,30.0,217.0,657.0,689.0,953.0,4,963.0
6.0,30.0,559.0,657.0,689.0,953.0,4,963.0
6.0,30.0,559.0,657.0,689.0,953.0,4,963.0
6.0,30.0,240.0,657.0,920.0,953.0,4,963.0
6.0,30.0,100.0,559.0,657.0,953.0,4,963.0
6.0,30.0,100.0,559.0,657.0,739.0,4,952.0
6.0,30.0,100.0,559.0,657.0,739.0,4,952.0
6.0,30.0,240.0,689.0,739.0,785.0,4,920.0
6.0,7.0,230.0,277.0,315.0,410.0,4,764.0
6.0,7.0,157.0,277.0,315.0,410.0,4,846.0
6.0,7.0,157.0,315.0,846.0,902.0,4,1005.0
6.0,7.0,161.0,230.0,764.0,902.0,4,1005.0
6.0,7.0,230.0,277.0,315.0,410.0,4,764.0
6.0,30.0,217.0,559.0,952.0,953.0,4,963.0
6.0,30.0,100.0,559.0,657.0,953.0,4,963.0
6.0,30.0,100.0,559.0,657.0,952.0,4,963.0
6.0,30.0,100.0,657.0,920.0,952.0,4,963.0
6.0,30.0,217.0,689.0,920.0,953.0,4,963.0
6.0,30.0,559.0,657.0,952.0,953.0,4,963.0
6.0,30.0,559.0,657.0,952.0,953.0,4,963.0
6.0,30.0,217.0,559.0,952.0,953.0,4,963.0
6.0,30.0,100.0,559.0,657.0,953.0,4,963.0
6.0,30.0,100.0,657.0,689.0,739.0,4,920.0
6.0,30.0,240.0,689.0,739.0,785.0,4,920.0
6.0,30.0,240.0,689.0,739.0,785.0,4,920.0
6.0,17.0,108.0,328.0,619.0,715.0,4,731.0
6.0,17.0,108.0,310.0,328.0,682.0,4,715.0
6.0,17.0,108.0,502.0,635.0,715.0,4,731.0
6.0,17.0,108.0,502.0,635.0,715.0,4,731.0
6.0,17.0,108.0,619.0,635.0,682.0,4,731.0
6.0,17.0,108.0,502.0,619.0,715.0,4,731.0
6.0,17.0,108.0,328.0,502.0,715.0,4,731.0
6.0,17.0,328.0,619.0,682.0,715.0,4,731.0
6.0,17.0,328.0,619.0,682.0,715.0,4,731.0
6.0,17.0,108.0,328.0,502.0,715.0,4,731.0
6.0,17.0,108.0,328.0,502.0,715.0,4,731.0
6.0,23.0,33.0,136.0,400.0,451.0,4,994.0
6.0,23.0,33.0,136.0,156.0,400.0,4,778.0
6.0,23.0,33.0,156.0,400.0,778.0,4,925.0
6.0,23.0,136.0,156.0,400.0,451.0,4,994.0
6.0,23.0,136.0,451.0,665.0,853.0,4,994.0
6.0,23.0,136.0,451.0,665.0,853.0,4,994.0
6.0,23.0,33.0,136.0,400.0,778.0,4,994.0
6.0,23.0,33.0,136.0,400.0,778.0,4,925.0
6.0,23.0,136.0,400.0,778.0,925.0,4,994.0
6.0,23.0,156.0,400.0,778.0,925.0,4,994.0
6.0,23.0,33.0,156.0,434.0,778.0,4,925.0
6.0,30.0,217.0,559.0,952.0,953.0,4,963.0
6.0,30.0,217.0,657.0,952.0,953.0,4,963.0
6.0,30.0,100.0,348.0,657.0,739.0,4,952.0
6.0,30.0,100.0,217.0,348.0,739.0,4,952.0
6.0,30.0,217.0,559.0,689.0,952.0,4,963.0
6.0,30.0,559.0,657.0,689.0,953.0,4,963.0
6.0,30.0,217.0,348.0,559.0,657.0,4,953.0
6.0,30.0,217.0,348.0,559.0,657.0,4,952.0
6.0,30.0,100.0,217.0,348.0,559.0,4,952.0
6.0,30.0,217.0,559.0,952.0,953.0,4,963.0
6.0,30.0,100.0,559.0,657.0,953.0,4,963.0
6.0,30.0,100.0,348.0,657.0,920.0,4,952.0
6.0,30.0,100.0,348.0,657.0,920.0,4,952.0
6.0,30.0,217.0,348.0,559.0,952.0,4,963.0
6.0,30.0,100.0,559.0,657.0,953.0,4,963.0
6.0,30.0,217.0,559.0,952.0,953.0,4,963.0
6.0,30.0,100.0,559.0,657.0,953.0,4,963.0
6.0,30.0,100.0,348.0,657.0,920.0,4,952.0
6.0,30.0,100.0,348.0,657.0,920.0,4,952.0
6.0,15.0,659.0,714.0,860.0,960.0,4,1036.0
6.0,15.0,659.0,714.0,860.0,960.0,4,1036.0
6.0,15.0,484.0,684.0,860.0,1013.0,4,1036.0
6.0,15.0,229.0,484.0,659.0,960.0,4,1013.0
6.0,15.0,659.0,714.0,960.0,1013.0,4,1036.0
6.0,15.0,484.0,659.0,714.0,860.0,4,1036.0
6.0,15.0,484.0,659.0,714.0,860.0,4,1036.0
6.0,15.0,484.0,659.0,714.0,860.0,4,1036.0
6.0,15.0,659.0,714.0,860.0,960.0,4,1036.0
6.0,15.0,229.0,484.0,659.0,714.0,4,1013.0
6.0,15.0,229.0,714.0,860.0,960.0,4,1036.0
6.0,15.0,229.0,714.0,860.0,960.0,4,1036.0
6.0,30.0,559.0,657.0,952.0,953.0,4,963.0
6.0,30.0,100.0,657.0,920.0,953.0,4,963.0
6.0,30.0,100.0,657.0,920.0,953.0,4,963.0
6.0,30.0,100.0,240.0,657.0,920.0,4,963.0
6.0,30.0,100.0,240.0,657.0,785.0,4,920.0
6.0,30.0,100.0,240.0,657.0,785.0,4,920.0
6.0,30.0,348.0,559.0,785.0,920.0,4,953.0
6.0,30.0,348.0,559.0,952.0,953.0,4,963.0
6.0,30.0,100.0,217.0,559.0,953.0,4,963.0
6.0,30.0,348.0,559.0,920.0,953.0,4,963.0
6.0,30.0,348.0,559.0,785.0,920.0,4,952.0
6.0,30.0,217.0,348.0,785.0,920.0,4,952.0
6.0,30.0,100.0,348.0,920.0,952.0,4,963.0
6.0,30.0,100.0,348.0,785.0,920.0,4,953.0
6.0,30.0,100.0,348.0,785.0,920.0,4,953.0
6.0,30.0,100.0,348.0,920.0,952.0,4,963.0
6.0,30.0,100.0,217.0,920.0,952.0,4,963.0
6.0,30.0,100.0,217.0,559.0,952.0,4,963.0
6.0,30.0,348.0,559.0,920.0,953.0,4,963.0
6.0,30.0,217.0,559.0,952.0,953.0,4,963.0
6.0,30.0,100.0,217.0,559.0,953.0,4,963.0
6.0,30.0,100.0,348.0,559.0,953.0,4,963.0
6.0,30.0,100.0,348.0,785.0,920.0,4,952.0
6.0,30.0,100.0,348.0,785.0,920.0,4,952.0
6.0,30.0,100.0,348.0,920.0,952.0,4,963.0
6.0,30.0,186.0,240.0,689.0,739.0,4,785.0
6.0,30.0,186.0,240.0,689.0,739.0,4,785.0
6.0,30.0,100.0,348.0,785.0,920.0,4,952.0
6.0,30.0,217.0,559.0,689.0,952.0,4,963.0
6.0,30.0,217.0,920.0,952.0,953.0,4,963.0
6.0,30.0,100.0,217.0,920.0,952.0,4,963.0
6.0,30.0,100.0,348.0,920.0,952.0,4,963.0
6.0,30.0,100.0,348.0,920.0,953.0,4,963.0
6.0,30.0,217.0,559.0,952.0,953.0,4,963.0
6.0,0.0,13.0,465.0,503.0,601.0,4,1037.0
6.0,0.0,13.0,465.0,535.0,601.0,4,1037.0
6.0,0.0,13.0,267.0,465.0,535.0,4,601.0
6.0,0.0,64.0,267.0,503.0,535.0,4,1037.0
6.0,0.0,13.0,465.0,503.0,535.0,4,601.0
6.0,26.0,285.0,333.0,536.0,914.0,4,948.0
6.0,26.0,204.0,753.0,857.0,914.0,4,948.0
6.0,26.0,333.0,536.0,620.0,753.0,4,948.0
6.0,26.0,333.0,536.0,906.0,914.0,4,948.0
6.0,26.0,285.0,333.0,536.0,914.0,4,948.0
6.0,26.0,285.0,333.0,536.0,914.0,4,948.0
6.0,26.0,333.0,536.0,753.0,914.0,4,948.0
6.0,26.0,333.0,620.0,753.0,857.0,4,914.0
6.0,26.0,333.0,753.0,857.0,914.0,4,948.0
6.0,26.0,536.0,753.0,857.0,914.0,4,948.0
6.0,30.0,657.0,689.0,739.0,952.0,4,963.0
6.0,30.0,240.0,657.0,689.0,739.0,4,963.0
6.0,30.0,240.0,348.0,657.0,689.0,4,739.0
6.0,30.0,240.0,348.0,689.0,739.0,4,920.0
6.0,30.0,100.0,217.0,920.0,952.0,4,963.0
6.0,30.0,100.0,217.0,657.0,952.0,4,963.0
6.0,30.0,100.0,217.0,920.0,952.0,4,963.0
6.0,30.0,217.0,348.0,689.0,739.0,4,952.0
6.0,30.0,100.0,217.0,348.0,920.0,4,963.0
6.0,30.0,217.0,348.0,920.0,952.0,4,963.0
6.0,30.0,217.0,657.0,920.0,952.0,4,963.0
6.0,7.0,161.0,277.0,410.0,718.0,4,1005.0
6.0,7.0,277.0,315.0,410.0,764.0,4,846.0
6.0,7.0,315.0,764.0,846.0,902.0,4,1005.0
6.0,7.0,230.0,277.0,764.0,902.0,4,1005.0
6.0,7.0,87.0,230.0,410.0,764.0,4,1005.0
6.0,7.0,277.0,315.0,410.0,718.0,4,846.0
6.0,7.0,277.0,315.0,410.0,718.0,4,846.0
6.0,7.0,230.0,277.0,315.0,764.0,4,1005.0
6.0,30.0,100.0,217.0,559.0,952.0,4,963.0
6.0,30.0,240.0,348.0,657.0,689.0,4,920.0
6.0,30.0,240.0,348.0,657.0,689.0,4,920.0
6.0,30.0,100.0,559.0,657.0,952.0,4,963.0
6.0,30.0,100.0,217.0,559.0,952.0,4,963.0
6.0,30.0,240.0,657.0,689.0,785.0,4,920.0
6.0,30.0,240.0,559.0,689.0,920.0,4,963.0
6.0,30.0,240.0,559.0,689.0,920.0,4,963.0
6.0,30.0,559.0,689.0,920.0,952.0,4,963.0
6.0,30.0,100.0,559.0,920.0,952.0,4,963.0
6.0,30.0,100.0,559.0,920.0,952.0,4,963.0
6.0,30.0,100.0,559.0,657.0,952.0,4,963.0
6.0,30.0,100.0,217.0,559.0,952.0,4,963.0
6.0,30.0,73.0,100.0,217.0,657.0,4,963.0
6.0,30.0,348.0,559.0,657.0,920.0,4,952.0
6.0,30.0,73.0,217.0,559.0,739.0,4,963.0
6.0,30.0,100.0,559.0,657.0,952.0,4,963.0
6.0,30.0,100.0,657.0,920.0,952.0,4,963.0
6.0,30.0,100.0,217.0,559.0,952.0,4,963.0
6.0,30.0,559.0,657.0,739.0,920.0,4,952.0
6.0,30.0,100.0,217.0,559.0,952.0,4,963.0
6.0,30.0,73.0,348.0,739.0,785.0,4,920.0
6.0,30.0,217.0,559.0,952.0,953.0,4,963.0
6.0,30.0,100.0,217.0,920.0,952.0,4,963.0
6.0,30.0,100.0,217.0,920.0,952.0,4,963.0
6.0,30.0,217.0,559.0,739.0,952.0,4,953.0
6.0,30.0,217.0,559.0,739.0,952.0,4,953.0
6.0,30.0,217.0,559.0,952.0,953.0,4,963.0
6.0,30.0,100.0,217.0,559.0,952.0,4,963.0
6.0,30.0,100.0,217.0,559.0,952.0,4,963.0
6.0,30.0,240.0,348.0,689.0,785.0,4,920.0
6.0,30.0,217.0,559.0,689.0,952.0,4,963.0
6.0,18.0,260.0,642.0,710.0,758.0,4,834.0
6.0,18.0,260.0,642.0,710.0,758.0,4,834.0
6.0,18.0,25.0,218.0,369.0,396.0,4,834.0
6.0,18.0,260.0,642.0,710.0,758.0,4,834.0
6.0,18.0,260.0,642.0,710.0,758.0,4,834.0
6.0,18.0,260.0,642.0,710.0,758.0,4,834.0
6.0,18.0,25.0,218.0,369.0,396.0,4,710.0
6.0,18.0,218.0,396.0,642.0,758.0,4,834.0
6.0,9.0,109.0,366.0,452.0,524.0,4,604.0
6.0,9.0,109.0,149.0,366.0,524.0,4,604.0
6.0,9.0,109.0,149.0,366.0,845.0,4,1019.0
6.0,9.0,149.0,366.0,604.0,845.0,4,1019.0
6.0,9.0,149.0,366.0,604.0,845.0,4,1019.0
6.0,9.0,149.0,452.0,604.0,845.0,4,1019.0
6.0,9.0,149.0,452.0,604.0,845.0,4,1019.0
6.0,9.0,109.0,366.0,452.0,524.0,4,604.0
6.0,9.0,109.0,149.0,366.0,524.0,4,845.0
6.0,9.0,109.0,149.0,366.0,524.0,4,845.0
6.0,9.0,109.0,149.0,366.0,524.0,4,604.0
6.0,2.0,120.0,255.0,353.0,493.0,4,824.0
6.0,2.0,120.0,255.0,493.0,561.0,4,595.0
6.0,2.0,120.0,126.0,493.0,561.0,4,595.0
6.0,2.0,120.0,255.0,353.0,493.0,4,824.0
6.0,2.0,36.0,126.0,658.0,728.0,4,993.0
6.0,4.0,487.0,646.0,740.0,828.0,4,936.0
6.0,4.0,134.0,486.0,646.0,663.0,4,936.0
6.0,4.0,134.0,486.0,487.0,646.0,4,740.0
6.0,4.0,134.0,487.0,646.0,740.0,4,828.0
6.0,4.0,487.0,646.0,740.0,828.0,4,936.0
6.0,4.0,487.0,646.0,740.0,828.0,4,936.0
6.0,4.0,486.0,487.0,646.0,663.0,4,936.0
6.0,4.0,486.0,487.0,646.0,663.0,4,936.0
6.0,6.0,30.0,275.0,606.0,980.0,4,989.0
6.0,6.0,30.0,275.0,606.0,980.0,4,989.0
6.0,6.0,125.0,644.0,684.0,900.0,4,1013.0
6.0,6.0,125.0,644.0,900.0,989.0,4,1013.0
6.0,6.0,125.0,275.0,606.0,980.0,4,989.0
6.0,6.0,30.0,275.0,606.0,980.0,4,989.0
6.0,6.0,30.0,275.0,606.0,980.0,4,989.0
6.0,6.0,275.0,644.0,684.0,900.0,4,1013.0
6.0,6.0,125.0,644.0,900.0,989.0,4,1013.0
6.0,29.0,173.0,485.0,505.0,670.0,4,951.0
6.0,29.0,173.0,485.0,505.0,670.0,4,951.0
6.0,29.0,173.0,338.0,485.0,670.0,4,951.0
6.0,29.0,173.0,338.0,485.0,670.0,4,951.0
6.0,29.0,242.0,392.0,456.0,505.0,4,990.0
6.0,29.0,173.0,392.0,456.0,505.0,4,990.0
6.0,29.0,173.0,338.0,392.0,456.0,4,670.0
6.0,29.0,173.0,338.0,392.0,456.0,4,670.0
6.0,29.0,242.0,456.0,485.0,670.0,4,990.0
6.0,29.0,242.0,392.0,485.0,670.0,4,990.0
6.0,13.0,91.0,319.0,418.0,609.0,4,688.0
6.0,13.0,91.0,137.0,164.0,238.0,4,418.0
6.0,13.0,91.0,164.0,319.0,418.0,4,688.0
6.0,13.0,319.0,418.0,609.0,688.0,4,1024.0
6.0,13.0,319.0,418.0,609.0,688.0,4,1024.0
6.0,13.0,319.0,418.0,688.0,867.0,4,1024.0
6.0,10.0,132.0,234.0,444.0,591.0,4,918.0
6.0,10.0,132.0,289.0,376.0,444.0,4,829.0
6.0,10.0,132.0,289.0,376.0,444.0,4,829.0
6.0,10.0,132.0,234.0,289.0,444.0,4,591.0
6.0,10.0,132.0,234.0,444.0,591.0,4,918.0
6.0,10.0,234.0,289.0,376.0,444.0,4,918.0
6.0,10.0,132.0,289.0,444.0,591.0,4,918.0
6.0,10.0,132.0,289.0,376.0,444.0,4,918.0
6.0,10.0,234.0,376.0,444.0,591.0,4,918.0
6.0,27.0,359.0,439.0,638.0,662.0,4,777.0
6.0,27.0,359.0,439.0,638.0,662.0,4,668.0
6.0,27.0,359.0,439.0,638.0,662.0,4,777.0
6.0,27.0,359.0,439.0,477.0,662.0,4,777.0
6.0,27.0,359.0,439.0,662.0,668.0,4,680.0
6.0,27.0,359.0,439.0,662.0,668.0,4,680.0
6.0,27.0,359.0,638.0,662.0,668.0,4,777.0
6.0,30.0,217.0,559.0,952.0,953.0,4,963.0
6.0,30.0,100.0,240.0,559.0,657.0,4,963.0
6.0,30.0,100.0,240.0,657.0,920.0,4,963.0
6.0,30.0,100.0,240.0,657.0,920.0,4,963.0
6.0,30.0,100.0,217.0,240.0,785.0,4,920.0
6.0,30.0,217.0,559.0,952.0,953.0,4,963.0
6.0,30.0,217.0,559.0,952.0,953.0,4,963.0
6.0,30.0,100.0,559.0,657.0,953.0,4,963.0
6.0,30.0,100.0,559.0,657.0,953.0,4,963.0
6.0,30.0,100.0,240.0,559.0,657.0,4,739.0
6.0,30.0,217.0,240.0,559.0,739.0,4,953.0
6.0,30.0,217.0,240.0,559.0,953.0,4,963.0
6.0,30.0,217.0,559.0,952.0,953.0,4,963.0
6.0,30.0,217.0,559.0,952.0,953.0,4,963.0
6.0,30.0,559.0,657.0,689.0,953.0,4,963.0
6.0,30.0,186.0,217.0,240.0,657.0,4,689.0
6.0,30.0,186.0,217.0,240.0,657.0,4,689.0
6.0,30.0,217.0,559.0,952.0,953.0,4,963.0
6.0,30.0,559.0,657.0,952.0,953.0,4,963.0
6.0,30.0,217.0,559.0,952.0,953.0,4,963.0
6.0,30.0,217.0,240.0,657.0,953.0,4,963.0
6.0,30.0,186.0,240.0,559.0,657.0,4,953.0
6.0,30.0,240.0,559.0,657.0,689.0,4,785.0
6.0,30.0,240.0,657.0,689.0,739.0,4,785.0
6.0,30.0,186.0,240.0,689.0,739.0,4,785.0
6.0,30.0,186.0,217.0,559.0,952.0,4,953.0
6.0,30.0,186.0,217.0,559.0,952.0,4,953.0
6.0,30.0,240.0,559.0,657.0,785.0,4,953.0
6.0,30.0,240.0,559.0,657.0,785.0,4,953.0
6.0,30.0,240.0,657.0,785.0,920.0,4,953.0
6.0,30.0,217.0,240.0,657.0,785.0,4,920.0
6.0,30.0,217.0,689.0,785.0,920.0,4,952.0
6.0,30.0,559.0,689.0,785.0,920.0,4,952.0
6.0,30.0,186.0,559.0,657.0,689.0,4,952.0
6.0,30.0,186.0,559.0,657.0,952.0,4,953.0
6.0,30.0,186.0,559.0,657.0,952.0,4,953.0
6.0,30.0,186.0,217.0,559.0,952.0,4,953.0
6.0,30.0,186.0,217.0,559.0,952.0,4,953.0
6.0,30.0,217.0,559.0,657.0,952.0,4,953.0
6.0,30.0,240.0,657.0,739.0,920.0,4,953.0
6.0,30.0,73.0,240.0,348.0,739.0,4,920.0
6.0,30.0,73.0,240.0,348.0,739.0,4,920.0
6.0,30.0,73.0,348.0,739.0,785.0,4,920.0
6.0,30.0,186.0,217.0,559.0,952.0,4,953.0
6.0,30.0,217.0,240.0,657.0,689.0,4,785.0
6.0,30.0,217.0,240.0,657.0,785.0,4,920.0
6.0,30.0,186.0,559.0,657.0,952.0,4,953.0
6.0,30.0,100.0,186.0,217.0,559.0,4,953.0
6.0,30.0,100.0,186.0,657.0,920.0,4,952.0
6.0,30.0,100.0,657.0,785.0,920.0,4,952.0
6.0,30.0,100.0,657.0,785.0,920.0,4,952.0
6.0,30.0,217.0,785.0,920.0,952.0,4,953.0
6.0,30.0,186.0,217.0,559.0,952.0,4,953.0
6.0,30.0,186.0,217.0,240.0,559.0,4,952.0
6.0,30.0,100.0,559.0,657.0,785.0,4,953.0
6.0,30.0,657.0,785.0,920.0,952.0,4,953.0
6.0,30.0,186.0,240.0,559.0,657.0,4,920.0
6.0,30.0,186.0,559.0,657.0,920.0,4,952.0
6.0,30.0,100.0,657.0,689.0,785.0,4,920.0
6.0,30.0,217.0,657.0,689.0,920.0,4,952.0
6.0,18.0,260.0,369.0,642.0,710.0,4,834.0
6.0,18.0,260.0,369.0,642.0,710.0,4,834.0
6.0,18.0,25.0,160.0,218.0,396.0,4,710.0
6.0,18.0,25.0,160.0,218.0,396.0,4,834.0
6.0,18.0,25.0,160.0,218.0,396.0,4,834.0
6.0,18.0,260.0,369.0,642.0,710.0,4,834.0
6.0,18.0,260.0,369.0,642.0,710.0,4,834.0
6.0,18.0,25.0,260.0,369.0,396.0,4,642.0
6.0,18.0,25.0,218.0,369.0,396.0,4,834.0
6.0,18.0,25.0,160.0,218.0,396.0,4,834.0
6.0,18.0,25.0,160.0,218.0,642.0,4,834.0
6.0,18.0,25.0,160.0,218.0,642.0,4,710.0
6.0,30.0,186.0,217.0,559.0,952.0,4,953.0
6.0,30.0,100.0,240.0,348.0,657.0,4,920.0
6.0,30.0,186.0,217.0,559.0,952.0,4,953.0
6.0,30.0,217.0,559.0,657.0,952.0,4,953.0
6.0,30.0,217.0,559.0,657.0,952.0,4,953.0
6.0,30.0,217.0,348.0,559.0,952.0,4,953.0
6.0,30.0,100.0,348.0,657.0,920.0,4,952.0
6.0,30.0,100.0,217.0,348.0,559.0,4,953.0
6.0,30.0,186.0,217.0,559.0,952.0,4,953.0
6.0,30.0,186.0,559.0,739.0,952.0,4,953.0
6.0,30.0,186.0,559.0,739.0,952.0,4,953.0
6.0,30.0,186.0,559.0,657.0,952.0,4,953.0
6.0,30.0,186.0,217.0,559.0,952.0,4,953.0
6.0,30.0,100.0,657.0,739.0,920.0,4,952.0
6.0,30.0,100.0,217.0,559.0,739.0,4,953.0
6.0,30.0,186.0,217.0,559.0,952.0,4,953.0
6.0,30.0,657.0,689.0,739.0,920.0,4,952.0
6.0,30.0,100.0,559.0,657.0,739.0,4,952.0
6.0,30.0,100.0,657.0,689.0,739.0,4,920.0
6.0,30.0,100.0,657.0,739.0,920.0,4,952.0
6.0,30.0,217.0,559.0,657.0,952.0,4,953.0
6.0,30.0,100.0,217.0,559.0,657.0,4,953.0
6.0,30.0,217.0,559.0,952.0,953.0,4,963.0
6.0,30.0,100.0,657.0,920.0,952.0,4,963.0
6.0,30.0,217.0,559.0,657.0,952.0,4,953.0
6.0,30.0,559.0,657.0,689.0,953.0,4,963.0
6.0,30.0,217.0,559.0,689.0,739.0,4,953.0
6.0,30.0,217.0,559.0,689.0,953.0,4,963.0
6.0,30.0,217.0,559.0,952.0,953.0,4,963.0
6.0,30.0,217.0,559.0,689.0,953.0,4,963.0
6.0,30.0,217.0,559.0,689.0,953.0,4,963.0
6.0,30.0,100.0,348.0,559.0,953.0,4,963.0
6.0,30.0,100.0,348.0,559.0,952.0,4,963.0
6.0,30.0,100.0,348.0,920.0,952.0,4,963.0
6.0,30.0,100.0,217.0,920.0,952.0,4,963.0
6.0,30.0,100.0,217.0,559.0,953.0,4,963.0
6.0,30.0,217.0,348.0,559.0,739.0,4,952.0
6.0,30.0,217.0,559.0,689.0,953.0,4,963.0
6.0,30.0,217.0,559.0,689.0,953.0,4,963.0
6.0,15.0,659.0,714.0,941.0,960.0,4,1036.0
6.0,15.0,302.0,484.0,714.0,941.0,4,1036.0
6.0,15.0,659.0,714.0,941.0,960.0,4,1036.0
6.0,15.0,76.0,229.0,484.0,659.0,4,714.0
6.0,15.0,76.0,229.0,302.0,484.0,4,802.0
6.0,15.0,76.0,229.0,302.0,484.0,4,802.0
6.0,15.0,76.0,302.0,484.0,659.0,4,714.0
6.0,15.0,484.0,659.0,714.0,941.0,4,1036.0
6.0,30.0,100.0,348.0,785.0,920.0,4,952.0
6.0,30.0,100.0,217.0,348.0,785.0,4,952.0
6.0,30.0,217.0,348.0,689.0,785.0,4,952.0
6.0,30.0,217.0,348.0,689.0,785.0,4,952.0
6.0,30.0,100.0,186.0,348.0,739.0,4,953.0
6.0,30.0,73.0,348.0,689.0,739.0,4,785.0
6.0,30.0,73.0,186.0,217.0,689.0,4,785.0
6.0,30.0,73.0,186.0,217.0,689.0,4,785.0
6.0,30.0,73.0,186.0,217.0,689.0,4,739.0
6.0,30.0,73.0,186.0,348.0,689.0,4,785.0
6.0,30.0,217.0,559.0,739.0,952.0,4,953.0
6.0,30.0,100.0,186.0,240.0,348.0,4,559.0
6.0,30.0,100.0,186.0,240.0,348.0,4,920.0
6.0,30.0,186.0,217.0,240.0,689.0,4,920.0
6.0,30.0,186.0,559.0,689.0,920.0,4,953.0
6.0,30.0,559.0,689.0,739.0,920.0,4,953.0
6.0,30.0,348.0,559.0,739.0,952.0,4,953.0
6.0,30.0,186.0,559.0,739.0,952.0,4,953.0
6.0,30.0,186.0,240.0,559.0,689.0,4,920.0
6.0,30.0,186.0,217.0,240.0,559.0,4,953.0
6.0,30.0,217.0,559.0,952.0,953.0,4,963.0
6.0,30.0,240.0,348.0,559.0,953.0,4,963.0
6.0,30.0,240.0,348.0,559.0,953.0,4,963.0
6.0,30.0,217.0,348.0,689.0,739.0,4,952.0
6.0,30.0,240.0,348.0,559.0,953.0,4,963.0
6.0,30.0,217.0,240.0,348.0,739.0,4,953.0
6.0,30.0,217.0,559.0,689.0,739.0,4,952.0
6.0,14.0,55.0,300.0,488.0,786.0,4,922.0
6.0,14.0,55.0,300.0,488.0,786.0,4,922.0
6.0,14.0,294.0,488.0,700.0,786.0,4,922.0
6.0,14.0,294.0,488.0,700.0,786.0,4,922.0
6.0,14.0,294.0,300.0,488.0,786.0,4,922.0
6.0,14.0,55.0,223.0,488.0,700.0,4,786.0
6.0,14.0,55.0,223.0,488.0,700.0,4,786.0
6.0,10.0,234.0,336.0,376.0,591.0,4,918.0
6.0,10.0,234.0,336.0,444.0,591.0,4,918.0
6.0,10.0,132.0,336.0,376.0,444.0,4,591.0
6.0,10.0,132.0,336.0,444.0,591.0,4,918.0
6.0,10.0,132.0,234.0,376.0,591.0,4,918.0
6.0,10.0,132.0,234.0,376.0,444.0,4,918.0
6.0,10.0,132.0,234.0,376.0,573.0,4,918.0
6.0,10.0,234.0,336.0,376.0,591.0,4,918.0
6.0,10.0,132.0,234.0,376.0,444.0,4,918.0
6.0,10.0,132.0,376.0,444.0,591.0,4,918.0
6.0,10.0,234.0,336.0,444.0,591.0,4,918.0
6.0,10.0,234.0,336.0,444.0,591.0,4,918.0
6.0,10.0,234.0,336.0,444.0,591.0,4,918.0
6.0,30.0,240.0,348.0,657.0,953.0,4,963.0
6.0,30.0,186.0,240.0,348.0,657.0,4,953.0
6.0,30.0,559.0,657.0,689.0,953.0,4,963.0
6.0,30.0,559.0,657.0,689.0,953.0,4,963.0
6.0,30.0,73.0,186.0,240.0,739.0,4,785.0
6.0,16.0,296.0,623.0,820.0,895.0,4,996.0
6.0,16.0,623.0,763.0,814.0,820.0,4,996.0
6.0,16.0,155.0,623.0,674.0,820.0,4,895.0
6.0,16.0,155.0,623.0,674.0,820.0,4,895.0
6.0,16.0,155.0,296.0,623.0,820.0,4,895.0
6.0,16.0,155.0,623.0,763.0,820.0,4,895.0
6.0,16.0,155.0,296.0,623.0,674.0,4,895.0
6.0,16.0,155.0,674.0,719.0,814.0,4,820.0
6.0,16.0,155.0,674.0,719.0,814.0,4,820.0
6.0,16.0,155.0,674.0,719.0,814.0,4,820.0
6.0,16.0,296.0,674.0,814.0,820.0,4,996.0
6.0,23.0,136.0,451.0,822.0,853.0,4,994.0
6.0,23.0,136.0,451.0,822.0,853.0,4,994.0
6.0,23.0,136.0,400.0,598.0,778.0,4,822.0
6.0,23.0,136.0,400.0,598.0,778.0,4,925.0
6.0,23.0,136.0,451.0,822.0,853.0,4,994.0
6.0,23.0,136.0,400.0,822.0,925.0,4,994.0
6.0,23.0,136.0,451.0,822.0,853.0,4,994.0
6.0,23.0,136.0,400.0,451.0,822.0,4,994.0
6.0,23.0,136.0,400.0,451.0,598.0,4,822.0
6.0,23.0,136.0,400.0,598.0,822.0,4,925.0
6.0,23.0,136.0,400.0,822.0,925.0,4,994.0
6.0,23.0,136.0,400.0,451.0,822.0,4,925.0
6.0,23.0,136.0,400.0,451.0,822.0,4,925.0
6.0,23.0,156.0,434.0,778.0,815.0,4,853.0
6.0,16.0,155.0,296.0,623.0,674.0,4,895.0
6.0,16.0,155.0,623.0,674.0,820.0,4,895.0
6.0,16.0,719.0,763.0,814.0,820.0,4,996.0
6.0,16.0,296.0,763.0,814.0,820.0,4,996.0
6.0,16.0,155.0,296.0,623.0,763.0,4,814.0
6.0,16.0,155.0,296.0,623.0,674.0,4,895.0
6.0,16.0,155.0,296.0,623.0,674.0,4,820.0
6.0,16.0,155.0,296.0,623.0,674.0,4,895.0
6.0,16.0,155.0,623.0,674.0,820.0,4,895.0
6.0,16.0,155.0,623.0,674.0,820.0,4,895.0
6.0,16.0,296.0,763.0,814.0,820.0,4,996.0
6.0,16.0,296.0,763.0,814.0,820.0,4,996.0
6.0,16.0,763.0,814.0,820.0,942.0,4,996.0
6.0,16.0,427.0,495.0,719.0,763.0,4,942.0
6.0,16.0,155.0,296.0,623.0,674.0,4,895.0
6.0,16.0,155.0,623.0,674.0,820.0,4,895.0
6.0,16.0,155.0,623.0,674.0,820.0,4,895.0
6.0,16.0,623.0,763.0,814.0,820.0,4,996.0
6.0,16.0,296.0,763.0,814.0,820.0,4,996.0
6.0,16.0,155.0,296.0,623.0,820.0,4,895.0
6.0,16.0,155.0,296.0,623.0,674.0,4,895.0
6.0,16.0,623.0,674.0,820.0,895.0,4,996.0
6.0,16.0,296.0,763.0,814.0,820.0,4,996.0
6.0,16.0,427.0,495.0,529.0,719.0,4,763.0
6.0,16.0,427.0,495.0,529.0,719.0,4,763.0
6.0,0.0,13.0,247.0,465.0,535.0,4,601.0
6.0,0.0,13.0,64.0,267.0,634.0,4,1037.0
6.0,0.0,60.0,64.0,267.0,634.0,4,1037.0
6.0,0.0,60.0,64.0,267.0,634.0,4,1037.0
6.0,0.0,13.0,247.0,465.0,535.0,4,601.0
6.0,0.0,13.0,60.0,465.0,535.0,4,601.0
6.0,0.0,60.0,267.0,535.0,634.0,4,1037.0
6.0,0.0,13.0,247.0,465.0,535.0,4,601.0
6.0,0.0,13.0,247.0,465.0,535.0,4,601.0
6.0,15.0,484.0,684.0,802.0,1013.0,4,1036.0
6.0,15.0,484.0,684.0,802.0,1013.0,4,1036.0
6.0,15.0,659.0,714.0,860.0,1013.0,4,1036.0
6.0,15.0,659.0,714.0,860.0,1013.0,4,1036.0
6.0,15.0,659.0,714.0,860.0,960.0,4,1013.0
6.0,15.0,659.0,714.0,860.0,1013.0,4,1036.0
6.0,15.0,484.0,659.0,684.0,802.0,4,1013.0
6.0,15.0,484.0,684.0,802.0,860.0,4,1013.0
6.0,15.0,484.0,684.0,802.0,860.0,4,1013.0
6.0,15.0,484.0,802.0,860.0,1013.0,4,1036.0
6.0,15.0,659.0,714.0,802.0,860.0,4,1013.0
6.0,13.0,319.0,418.0,609.0,688.0,4,867.0
6.0,13.0,91.0,137.0,238.0,319.0,4,418.0
6.0,13.0,91.0,137.0,164.0,238.0,4,688.0
6.0,13.0,91.0,137.0,164.0,238.0,4,1024.0
6.0,13.0,91.0,164.0,238.0,688.0,4,1024.0
6.0,13.0,91.0,164.0,688.0,867.0,4,1024.0
6.0,13.0,319.0,418.0,609.0,688.0,4,867.0
6.0,27.0,359.0,439.0,638.0,662.0,4,702.0
6.0,27.0,359.0,439.0,662.0,680.0,4,702.0
6.0,27.0,477.0,680.0,702.0,886.0,4,897.0
6.0,27.0,477.0,680.0,702.0,886.0,4,897.0
6.0,27.0,477.0,680.0,702.0,886.0,4,897.0
6.0,27.0,477.0,680.0,777.0,886.0,4,897.0
6.0,27.0,359.0,662.0,702.0,777.0,4,886.0
6.0,16.0,155.0,296.0,623.0,674.0,4,895.0
6.0,16.0,296.0,623.0,820.0,895.0,4,996.0
6.0,16.0,296.0,623.0,820.0,895.0,4,996.0
6.0,16.0,155.0,719.0,763.0,820.0,4,996.0
6.0,16.0,623.0,719.0,763.0,820.0,4,996.0
6.0,16.0,155.0,719.0,763.0,820.0,4,996.0
6.0,16.0,155.0,296.0,623.0,820.0,4,895.0
6.0,16.0,296.0,623.0,674.0,895.0,4,996.0
6.0,16.0,155.0,719.0,763.0,820.0,4,996.0
6.0,16.0,155.0,296.0,623.0,674.0,4,895.0
6.0,16.0,155.0,296.0,623.0,674.0,4,895.0
6.0,16.0,155.0,296.0,623.0,674.0,4,895.0
6.0,16.0,155.0,719.0,763.0,820.0,4,996.0
6.0,16.0,155.0,296.0,623.0,674.0,4,820.0
6.0,16.0,155.0,296.0,623.0,674.0,4,820.0
6.0,16.0,155.0,296.0,623.0,674.0,4,820.0
6.0,16.0,155.0,719.0,763.0,820.0,4,996.0
6.0,16.0,155.0,296.0,763.0,820.0,4,996.0
6.0,16.0,155.0,296.0,623.0,763.0,4,820.0
6.0,16.0,155.0,296.0,623.0,763.0,4,820.0
6.0,16.0,155.0,296.0,623.0,674.0,4,814.0
6.0,16.0,155.0,296.0,623.0,674.0,4,820.0
6.0,16.0,296.0,623.0,763.0,820.0,4,996.0
6.0,16.0,623.0,719.0,763.0,820.0,4,996.0
6.0,16.0,155.0,296.0,623.0,719.0,4,763.0
6.0,16.0,155.0,296.0,623.0,719.0,4,763.0
6.0,16.0,296.0,623.0,763.0,820.0,4,996.0
6.0,16.0,296.0,623.0,763.0,820.0,4,996.0
6.0,34.0,0.0,167.0,316.0,517.0,4,974.0
6.0,34.0,0.0,167.0,316.0,517.0,4,974.0
6.0,34.0,517.0,583.0,685.0,747.0,4,900.0
6.0,34.0,104.0,167.0,583.0,685.0,4,900.0
6.0,34.0,0.0,104.0,167.0,316.0,4,974.0
6.0,16.0,296.0,623.0,820.0,895.0,4,996.0
6.0,16.0,495.0,623.0,719.0,820.0,4,895.0
6.0,16.0,155.0,296.0,623.0,820.0,4,996.0
6.0,16.0,296.0,495.0,623.0,719.0,4,820.0
6.0,16.0,495.0,623.0,719.0,763.0,4,820.0
6.0,16.0,155.0,296.0,623.0,674.0,4,996.0
6.0,16.0,155.0,296.0,623.0,674.0,4,895.0
6.0,16.0,495.0,623.0,674.0,820.0,4,895.0
6.0,16.0,155.0,719.0,763.0,820.0,4,895.0
6.0,16.0,155.0,296.0,719.0,763.0,4,895.0
6.0,16.0,296.0,495.0,623.0,719.0,4,763.0
6.0,16.0,296.0,495.0,623.0,674.0,4,895.0
6.0,16.0,296.0,495.0,623.0,674.0,4,895.0
6.0,16.0,155.0,296.0,623.0,674.0,4,895.0
6.0,16.0,495.0,623.0,763.0,820.0,4,895.0
6.0,16.0,155.0,296.0,623.0,763.0,4,895.0
6.0,16.0,155.0,296.0,623.0,674.0,4,814.0
6.0,16.0,495.0,623.0,674.0,820.0,4,895.0
6.0,16.0,155.0,719.0,763.0,820.0,4,895.0
6.0,16.0,296.0,495.0,623.0,674.0,4,820.0
6.0,16.0,155.0,296.0,623.0,674.0,4,814.0
6.0,16.0,296.0,495.0,623.0,674.0,4,895.0
6.0,16.0,296.0,495.0,763.0,820.0,4,895.0
6.0,16.0,155.0,296.0,763.0,820.0,4,895.0
6.0,16.0,155.0,296.0,623.0,763.0,4,820.0
6.0,16.0,155.0,296.0,623.0,674.0,4,996.0
6.0,16.0,155.0,719.0,763.0,820.0,4,895.0
6.0,16.0,155.0,623.0,674.0,820.0,4,895.0
6.0,16.0,495.0,623.0,674.0,820.0,4,895.0
6.0,16.0,155.0,623.0,763.0,820.0,4,895.0
6.0,16.0,155.0,296.0,623.0,763.0,4,820.0
6.0,16.0,155.0,296.0,623.0,674.0,4,996.0
6.0,16.0,155.0,296.0,623.0,674.0,4,996.0
6.0,16.0,155.0,296.0,623.0,674.0,4,996.0
6.0,16.0,155.0,296.0,623.0,674.0,4,996.0
6.0,16.0,155.0,296.0,623.0,674.0,4,996.0
6.0,16.0,495.0,623.0,674.0,820.0,4,895.0
6.0,16.0,495.0,623.0,763.0,820.0,4,895.0
6.0,16.0,495.0,719.0,763.0,820.0,4,895.0
6.0,16.0,427.0,495.0,763.0,814.0,4,820.0
6.0,16.0,270.0,427.0,674.0,763.0,4,814.0
6.0,16.0,155.0,296.0,623.0,674.0,4,996.0
6.0,16.0,296.0,623.0,719.0,763.0,4,996.0
6.0,16.0,296.0,495.0,623.0,763.0,4,895.0
6.0,16.0,155.0,296.0,623.0,674.0,4,996.0
6.0,16.0,296.0,495.0,623.0,674.0,4,895.0
6.0,16.0,495.0,623.0,763.0,820.0,4,895.0
6.0,16.0,495.0,623.0,763.0,820.0,4,895.0
6.0,7.0,161.0,230.0,764.0,902.0,4,1005.0
6.0,7.0,161.0,230.0,764.0,902.0,4,1005.0
6.0,7.0,87.0,279.0,410.0,846.0,4,1005.0
6.0,7.0,161.0,201.0,230.0,764.0,4,902.0
6.0,7.0,87.0,279.0,410.0,846.0,4,1005.0
6.0,7.0,279.0,764.0,846.0,902.0,4,1005.0
6.0,7.0,230.0,279.0,764.0,902.0,4,1005.0
6.0,7.0,87.0,201.0,230.0,410.0,4,846.0
6.0,7.0,87.0,201.0,230.0,410.0,4,846.0
6.0,16.0,623.0,674.0,719.0,820.0,4,996.0
6.0,16.0,296.0,495.0,763.0,820.0,4,895.0
6.0,16.0,296.0,495.0,623.0,674.0,4,895.0
6.0,16.0,296.0,623.0,674.0,895.0,4,996.0
6.0,16.0,296.0,623.0,674.0,895.0,4,996.0
6.0,16.0,296.0,495.0,763.0,820.0,4,895.0
6.0,16.0,623.0,674.0,820.0,895.0,4,996.0
6.0,16.0,296.0,623.0,820.0,895.0,4,996.0
6.0,9.0,39.0,76.0,366.0,941.0,4,1019.0
6.0,9.0,39.0,76.0,149.0,604.0,4,1019.0
6.0,9.0,39.0,76.0,149.0,604.0,4,1019.0
6.0,9.0,76.0,149.0,366.0,604.0,4,1019.0
6.0,9.0,76.0,149.0,366.0,604.0,4,1019.0
6.0,9.0,109.0,366.0,452.0,604.0,4,941.0
6.0,9.0,109.0,366.0,452.0,604.0,4,941.0
6.0,9.0,39.0,76.0,149.0,941.0,4,1019.0
6.0,9.0,39.0,76.0,149.0,941.0,4,1019.0
6.0,9.0,39.0,76.0,149.0,941.0,4,1019.0
6.0,17.0,108.0,310.0,619.0,715.0,4,731.0
6.0,17.0,86.0,310.0,328.0,715.0,4,731.0
6.0,17.0,108.0,310.0,328.0,635.0,4,731.0
6.0,17.0,108.0,328.0,619.0,682.0,4,731.0
6.0,17.0,86.0,619.0,682.0,715.0,4,731.0
6.0,17.0,86.0,619.0,682.0,715.0,4,731.0
6.0,17.0,86.0,108.0,619.0,635.0,4,715.0
6.0,17.0,108.0,619.0,635.0,715.0,4,731.0
6.0,17.0,108.0,619.0,635.0,715.0,4,731.0
6.0,17.0,328.0,502.0,682.0,715.0,4,958.0
6.0,25.0,74.0,380.0,398.0,531.0,4,759.0
6.0,25.0,74.0,380.0,398.0,531.0,4,759.0
6.0,25.0,74.0,380.0,398.0,531.0,4,759.0
6.0,25.0,74.0,393.0,398.0,531.0,4,759.0
6.0,25.0,50.0,74.0,245.0,380.0,4,759.0
6.0,16.0,155.0,296.0,623.0,674.0,4,895.0
6.0,16.0,155.0,296.0,623.0,674.0,4,895.0
6.0,16.0,495.0,623.0,719.0,763.0,4,820.0
6.0,16.0,296.0,623.0,674.0,895.0,4,996.0
6.0,16.0,155.0,296.0,623.0,674.0,4,996.0
6.0,16.0,155.0,296.0,623.0,674.0,4,996.0
6.0,16.0,155.0,296.0,763.0,820.0,4,895.0
6.0,16.0,155.0,296.0,623.0,820.0,4,895.0
6.0,16.0,296.0,623.0,820.0,895.0,4,996.0
6.0,16.0,155.0,296.0,623.0,674.0,4,820.0
6.0,16.0,495.0,623.0,763.0,820.0,4,895.0
6.0,16.0,155.0,719.0,763.0,820.0,4,895.0
6.0,16.0,155.0,719.0,763.0,820.0,4,895.0
6.0,16.0,155.0,296.0,623.0,820.0,4,895.0
6.0,16.0,155.0,296.0,623.0,820.0,4,895.0
6.0,16.0,155.0,296.0,623.0,674.0,4,996.0
6.0,16.0,623.0,674.0,820.0,895.0,4,996.0
6.0,16.0,495.0,623.0,763.0,820.0,4,895.0
6.0,16.0,155.0,719.0,763.0,820.0,4,895.0
6.0,16.0,155.0,296.0,623.0,674.0,4,719.0
6.0,16.0,155.0,296.0,623.0,674.0,4,996.0
6.0,16.0,155.0,296.0,623.0,763.0,4,820.0
6.0,16.0,296.0,623.0,719.0,820.0,4,996.0
6.0,16.0,296.0,623.0,719.0,820.0,4,996.0
6.0,16.0,427.0,719.0,763.0,820.0,4,996.0
6.0,12.0,237.0,350.0,611.0,788.0,4,856.0
6.0,12.0,194.0,351.0,386.0,771.0,4,986.0
6.0,12.0,237.0,350.0,611.0,788.0,4,856.0
6.0,12.0,237.0,350.0,386.0,611.0,4,788.0
6.0,12.0,194.0,237.0,386.0,611.0,4,788.0
6.0,12.0,194.0,237.0,351.0,386.0,4,788.0
6.0,12.0,194.0,351.0,386.0,788.0,4,986.0
6.0,28.0,203.0,397.0,608.0,754.0,4,1016.0
6.0,28.0,203.0,496.0,608.0,876.0,4,1016.0
6.0,28.0,203.0,397.0,608.0,754.0,4,1016.0
6.0,28.0,203.0,397.0,754.0,876.0,4,1016.0
6.0,28.0,203.0,397.0,608.0,754.0,4,1016.0
6.0,28.0,440.0,608.0,754.0,854.0,4,1016.0
6.0,28.0,203.0,397.0,608.0,754.0,4,1016.0
6.0,28.0,203.0,397.0,608.0,754.0,4,1016.0
6.0,29.0,242.0,392.0,456.0,670.0,4,990.0
6.0,29.0,242.0,392.0,426.0,670.0,4,990.0
6.0,29.0,242.0,338.0,392.0,505.0,4,951.0
6.0,29.0,242.0,392.0,670.0,951.0,4,990.0
6.0,29.0,173.0,392.0,426.0,456.0,4,990.0
6.0,29.0,173.0,426.0,485.0,951.0,4,987.0
6.0,33.0,14.0,417.0,686.0,789.0,4,811.0
6.0,33.0,14.0,244.0,258.0,417.0,4,811.0
6.0,33.0,14.0,244.0,258.0,361.0,4,417.0
6.0,33.0,14.0,244.0,258.0,301.0,4,361.0
6.0,33.0,244.0,258.0,301.0,318.0,4,361.0
6.0,33.0,244.0,258.0,301.0,318.0,4,361.0
6.0,33.0,244.0,258.0,301.0,318.0,4,361.0
6.0,33.0,14.0,361.0,417.0,686.0,4,789.0
6.0,33.0,14.0,417.0,686.0,789.0,4,811.0
6.0,10.0,234.0,336.0,376.0,444.0,4,591.0
6.0,10.0,132.0,147.0,234.0,289.0,4,444.0
6.0,10.0,132.0,147.0,289.0,376.0,4,444.0
6.0,10.0,132.0,289.0,376.0,444.0,4,591.0
6.0,10.0,132.0,234.0,376.0,444.0,4,591.0
6.0,10.0,132.0,147.0,376.0,444.0,4,591.0
6.0,10.0,132.0,234.0,289.0,444.0,4,591.0
6.0,10.0,52.0,132.0,147.0,289.0,4,573.0
6.0,10.0,132.0,234.0,289.0,444.0,4,573.0
6.0,10.0,147.0,376.0,573.0,591.0,4,829.0
6.0,10.0,147.0,376.0,475.0,573.0,4,829.0
6.0,10.0,147.0,289.0,475.0,573.0,4,829.0
6.0,14.0,55.0,158.0,223.0,300.0,4,786.0
6.0,14.0,294.0,300.0,592.0,700.0,4,924.0
6.0,14.0,55.0,294.0,592.0,700.0,4,924.0
6.0,14.0,55.0,294.0,592.0,700.0,4,924.0
6.0,14.0,55.0,294.0,592.0,700.0,4,924.0
6.0,14.0,158.0,294.0,592.0,700.0,4,786.0
6.0,16.0,155.0,296.0,623.0,674.0,4,996.0
6.0,16.0,155.0,296.0,623.0,674.0,4,895.0
6.0,16.0,155.0,296.0,623.0,674.0,4,895.0
6.0,16.0,155.0,296.0,623.0,674.0,4,996.0
6.0,16.0,155.0,296.0,623.0,674.0,4,996.0
6.0,16.0,296.0,495.0,623.0,674.0,4,895.0
6.0,16.0,495.0,623.0,763.0,820.0,4,895.0
6.0,16.0,155.0,623.0,763.0,820.0,4,895.0
6.0,16.0,623.0,763.0,820.0,895.0,4,996.0
6.0,16.0,155.0,296.0,495.0,674.0,4,719.0
6.0,16.0,296.0,495.0,623.0,674.0,4,719.0
6.0,16.0,296.0,495.0,623.0,674.0,4,719.0
6.0,16.0,155.0,296.0,623.0,674.0,4,719.0
6.0,16.0,495.0,623.0,674.0,820.0,4,895.0
6.0,16.0,495.0,623.0,674.0,820.0,4,895.0
6.0,16.0,296.0,495.0,763.0,820.0,4,895.0
6.0,16.0,155.0,296.0,623.0,763.0,4,820.0
6.0,16.0,155.0,296.0,623.0,763.0,4,820.0
6.0,16.0,153.0,155.0,763.0,814.0,4,820.0
6.0,1.0,455.0,463.0,577.0,624.0,4,790.0
6.0,1.0,188.0,463.0,577.0,624.0,4,790.0
6.0,1.0,188.0,463.0,577.0,624.0,4,790.0
6.0,1.0,78.0,188.0,442.0,577.0,4,790.0
6.0,1.0,455.0,463.0,577.0,624.0,4,790.0
6.0,1.0,455.0,463.0,577.0,624.0,4,790.0
6.0,1.0,455.0,463.0,577.0,624.0,4,790.0
6.0,1.0,78.0,455.0,463.0,577.0,4,790.0
6.0,2.0,36.0,126.0,561.0,658.0,4,824.0
6.0,2.0,36.0,126.0,493.0,561.0,4,824.0
6.0,2.0,36.0,126.0,493.0,561.0,4,824.0
6.0,2.0,36.0,120.0,255.0,353.0,4,493.0
6.0,2.0,36.0,120.0,255.0,353.0,4,493.0
6.0,2.0,120.0,255.0,353.0,561.0,4,728.0
6.0,2.0,36.0,126.0,658.0,728.0,4,993.0
6.0,12.0,350.0,771.0,788.0,856.0,4,986.0
6.0,12.0,350.0,386.0,771.0,788.0,4,986.0
6.0,12.0,350.0,386.0,771.0,788.0,4,986.0
6.0,12.0,237.0,350.0,611.0,788.0,4,856.0
6.0,12.0,237.0,350.0,611.0,856.0,4,872.0
6.0,12.0,237.0,350.0,611.0,856.0,4,872.0
6.0,12.0,237.0,350.0,611.0,788.0,4,856.0
6.0,12.0,237.0,350.0,386.0,611.0,4,788.0
6.0,12.0,237.0,350.0,386.0,788.0,4,872.0
6.0,12.0,194.0,386.0,611.0,788.0,4,986.0
6.0,12.0,237.0,350.0,611.0,788.0,4,856.0
6.0,32.0,17.0,34.0,241.0,602.0,4,860.0
6.0,32.0,17.0,34.0,504.0,860.0,4,944.0
6.0,32.0,3.0,17.0,504.0,860.0,4,944.0
6.0,32.0,17.0,34.0,241.0,602.0,4,860.0
6.0,32.0,17.0,34.0,241.0,602.0,4,944.0
6.0,16.0,155.0,296.0,623.0,674.0,4,996.0
6.0,16.0,153.0,296.0,623.0,820.0,4,895.0
6.0,16.0,153.0,623.0,763.0,820.0,4,895.0
6.0,16.0,155.0,296.0,623.0,763.0,4,820.0
6.0,16.0,155.0,623.0,674.0,763.0,4,820.0
6.0,16.0,153.0,623.0,674.0,763.0,4,895.0
6.0,16.0,153.0,296.0,623.0,674.0,4,895.0
6.0,16.0,623.0,763.0,820.0,895.0,4,996.0
6.0,16.0,153.0,623.0,763.0,820.0,4,895.0
6.0,16.0,153.0,623.0,763.0,820.0,4,895.0
6.0,16.0,155.0,296.0,623.0,763.0,4,820.0
6.0,16.0,155.0,296.0,623.0,763.0,4,820.0
6.0,16.0,296.0,623.0,674.0,895.0,4,996.0
6.0,16.0,153.0,623.0,719.0,763.0,4,814.0
6.0,16.0,296.0,495.0,623.0,674.0,4,814.0
6.0,16.0,495.0,623.0,674.0,719.0,4,814.0
6.0,16.0,296.0,623.0,674.0,895.0,4,996.0
6.0,16.0,153.0,623.0,719.0,763.0,4,814.0
6.0,16.0,427.0,447.0,495.0,763.0,4,814.0
6.0,16.0,155.0,296.0,623.0,674.0,4,996.0
6.0,16.0,155.0,296.0,623.0,674.0,4,895.0
6.0,16.0,296.0,623.0,674.0,895.0,4,996.0
6.0,16.0,296.0,674.0,814.0,895.0,4,996.0
6.0,16.0,155.0,296.0,623.0,674.0,4,996.0
6.0,16.0,153.0,155.0,296.0,623.0,4,674.0
6.0,16.0,153.0,623.0,763.0,820.0,4,895.0
6.0,16.0,155.0,296.0,763.0,820.0,4,895.0
6.0,16.0,155.0,296.0,623.0,763.0,4,820.0
6.0,16.0,155.0,296.0,623.0,674.0,4,820.0
6.0,16.0,155.0,296.0,623.0,674.0,4,895.0
6.0,16.0,155.0,296.0,623.0,674.0,4,996.0
6.0,16.0,153.0,296.0,763.0,820.0,4,895.0
6.0,16.0,155.0,296.0,763.0,820.0,4,895.0
6.0,16.0,155.0,296.0,495.0,623.0,4,674.0
6.0,16.0,155.0,495.0,623.0,674.0,4,820.0
6.0,16.0,155.0,495.0,623.0,674.0,4,820.0
6.0,16.0,155.0,296.0,623.0,674.0,4,895.0
6.0,16.0,155.0,296.0,623.0,674.0,4,895.0
6.0,16.0,155.0,296.0,623.0,763.0,4,820.0
6.0,16.0,155.0,296.0,623.0,674.0,4,820.0
6.0,16.0,155.0,296.0,623.0,674.0,4,820.0
6.0,0.0,13.0,64.0,465.0,535.0,4,601.0
6.0,0.0,64.0,267.0,394.0,535.0,4,601.0
6.0,0.0,13.0,394.0,465.0,503.0,4,601.0
6.0,0.0,13.0,247.0,267.0,535.0,4,1037.0
6.0,0.0,13.0,247.0,267.0,535.0,4,1037.0
6.0,0.0,13.0,247.0,267.0,535.0,4,1037.0
6.0,0.0,13.0,247.0,465.0,535.0,4,1037.0
6.0,0.0,13.0,247.0,465.0,535.0,4,1037.0
6.0,0.0,13.0,465.0,535.0,601.0,4,1037.0
6.0,0.0,13.0,267.0,394.0,535.0,4,601.0
6.0,0.0,394.0,465.0,535.0,601.0,4,1037.0
6.0,4.0,486.0,487.0,646.0,740.0,4,936.0
6.0,4.0,486.0,487.0,663.0,683.0,4,936.0
6.0,4.0,487.0,646.0,683.0,828.0,4,936.0
6.0,26.0,333.0,536.0,620.0,753.0,4,914.0
6.0,26.0,285.0,333.0,536.0,753.0,4,914.0
6.0,26.0,285.0,333.0,473.0,620.0,4,857.0
6.0,26.0,285.0,333.0,473.0,536.0,4,914.0
6.0,26.0,285.0,333.0,536.0,620.0,4,753.0
6.0,26.0,72.0,204.0,285.0,473.0,4,857.0
6.0,16.0,155.0,296.0,623.0,674.0,4,996.0
6.0,16.0,623.0,674.0,820.0,895.0,4,996.0
6.0,16.0,153.0,623.0,763.0,820.0,4,895.0
6.0,16.0,155.0,296.0,623.0,674.0,4,996.0
6.0,16.0,155.0,623.0,674.0,820.0,4,996.0
6.0,16.0,155.0,296.0,623.0,674.0,4,895.0
6.0,16.0,153.0,296.0,623.0,763.0,4,820.0
6.0,16.0,155.0,296.0,623.0,674.0,4,895.0
6.0,16.0,155.0,296.0,623.0,674.0,4,895.0
6.0,16.0,155.0,296.0,623.0,674.0,4,996.0
6.0,16.0,153.0,623.0,763.0,814.0,4,820.0
6.0,16.0,153.0,623.0,763.0,814.0,4,820.0
6.0,16.0,153.0,296.0,763.0,814.0,4,820.0
6.0,16.0,155.0,623.0,674.0,820.0,4,996.0
6.0,16.0,155.0,296.0,623.0,674.0,4,996.0
6.0,16.0,155.0,296.0,623.0,763.0,4,820.0
6.0,16.0,153.0,296.0,763.0,814.0,4,820.0
6.0,16.0,153.0,296.0,763.0,814.0,4,820.0
6.0,16.0,155.0,296.0,623.0,763.0,4,820.0
6.0,16.0,155.0,296.0,623.0,763.0,4,996.0
6.0,16.0,153.0,623.0,763.0,820.0,4,895.0
6.0,16.0,153.0,296.0,763.0,820.0,4,895.0
6.0,16.0,155.0,296.0,623.0,674.0,4,996.0
6.0,16.0,155.0,296.0,623.0,674.0,4,895.0
6.0,16.0,153.0,623.0,763.0,820.0,4,895.0
6.0,16.0,153.0,296.0,623.0,820.0,4,895.0
6.0,16.0,155.0,296.0,623.0,820.0,4,895.0
6.0,23.0,136.0,388.0,434.0,822.0,4,994.0
6.0,23.0,33.0,136.0,400.0,451.0,4,925.0
6.0,23.0,33.0,400.0,451.0,925.0,4,994.0
6.0,23.0,33.0,388.0,451.0,925.0,4,994.0
6.0,23.0,136.0,388.0,451.0,822.0,4,994.0
6.0,23.0,136.0,400.0,451.0,822.0,4,994.0
6.0,23.0,136.0,400.0,451.0,822.0,4,994.0
6.0,23.0,33.0,136.0,400.0,451.0,4,994.0
6.0,23.0,136.0,400.0,451.0,822.0,4,994.0
6.0,18.0,25.0,218.0,260.0,396.0,4,834.0
6.0,18.0,218.0,260.0,396.0,642.0,4,834.0
6.0,18.0,218.0,260.0,396.0,642.0,4,834.0
6.0,18.0,218.0,260.0,642.0,710.0,4,834.0
6.0,18.0,25.0,218.0,260.0,396.0,4,834.0
6.0,18.0,25.0,218.0,260.0,396.0,4,642.0
6.0,16.0,155.0,296.0,623.0,674.0,4,996.0
6.0,16.0,153.0,623.0,763.0,820.0,4,895.0
6.0,16.0,153.0,296.0,763.0,820.0,4,895.0
6.0,16.0,155.0,296.0,623.0,763.0,4,820.0
6.0,16.0,155.0,296.0,623.0,763.0,4,820.0
6.0,16.0,153.0,623.0,763.0,820.0,4,895.0
6.0,16.0,153.0,296.0,674.0,820.0,4,895.0
6.0,16.0,155.0,296.0,623.0,763.0,4,895.0
6.0,16.0,153.0,623.0,763.0,820.0,4,895.0
6.0,16.0,155.0,296.0,623.0,674.0,4,814.0
6.0,16.0,155.0,623.0,674.0,814.0,4,820.0
6.0,16.0,155.0,296.0,623.0,674.0,4,996.0
6.0,16.0,153.0,623.0,674.0,820.0,4,895.0
6.0,16.0,153.0,623.0,763.0,820.0,4,895.0
6.0,16.0,153.0,296.0,763.0,820.0,4,895.0
6.0,16.0,155.0,296.0,623.0,674.0,4,996.0
6.0,16.0,153.0,623.0,674.0,820.0,4,895.0
6.0,16.0,153.0,623.0,763.0,820.0,4,895.0
6.0,16.0,296.0,495.0,763.0,820.0,4,895.0
6.0,16.0,155.0,296.0,495.0,674.0,4,820.0
6.0,16.0,155.0,296.0,623.0,674.0,4,895.0
6.0,16.0,155.0,296.0,623.0,674.0,4,996.0
6.0,16.0,155.0,296.0,623.0,674.0,4,996.0
6.0,16.0,153.0,296.0,623.0,763.0,4,820.0
6.0,16.0,153.0,155.0,296.0,763.0,4,820.0
6.0,16.0,153.0,155.0,296.0,623.0,4,674.0
6.0,16.0,155.0,296.0,623.0,674.0,4,996.0
6.0,16.0,155.0,296.0,623.0,674.0,4,996.0
6.0,16.0,155.0,296.0,623.0,674.0,4,996.0
6.0,16.0,155.0,623.0,674.0,820.0,4,996.0
6.0,16.0,155.0,296.0,623.0,674.0,4,996.0
6.0,16.0,153.0,623.0,674.0,820.0,4,895.0
6.0,16.0,153.0,296.0,763.0,820.0,4,895.0
6.0,16.0,427.0,495.0,719.0,763.0,4,814.0
6.0,26.0,204.0,333.0,536.0,914.0,4,948.0
6.0,26.0,147.0,285.0,536.0,753.0,4,948.0
6.0,26.0,285.0,333.0,536.0,753.0,4,948.0
6.0,26.0,72.0,204.0,333.0,536.0,4,948.0
6.0,26.0,147.0,285.0,333.0,536.0,4,620.0
6.0,26.0,204.0,333.0,536.0,620.0,4,948.0
6.0,26.0,333.0,536.0,620.0,857.0,4,948.0
6.0,26.0,204.0,285.0,536.0,857.0,4,914.0
6.0,26.0,285.0,333.0,536.0,914.0,4,948.0
6.0,26.0,285.0,333.0,536.0,914.0,4,948.0
6.0,17.0,108.0,328.0,619.0,682.0,4,731.0
6.0,17.0,108.0,310.0,328.0,682.0,4,731.0
6.0,17.0,108.0,310.0,398.0,502.0,4,715.0
6.0,17.0,108.0,310.0,328.0,398.0,4,715.0
6.0,17.0,108.0,328.0,398.0,619.0,4,731.0
6.0,17.0,108.0,310.0,328.0,398.0,4,731.0
6.0,32.0,17.0,34.0,613.0,886.0,4,944.0
6.0,32.0,241.0,511.0,602.0,613.0,4,860.0
6.0,32.0,34.0,241.0,602.0,860.0,4,944.0
6.0,32.0,34.0,241.0,602.0,860.0,4,944.0
6.0,32.0,34.0,241.0,511.0,602.0,4,860.0
6.0,32.0,34.0,241.0,504.0,860.0,4,944.0
6.0,32.0,241.0,511.0,602.0,860.0,4,944.0
6.0,1.0,78.0,106.0,188.0,463.0,4,790.0
6.0,1.0,78.0,106.0,455.0,463.0,4,790.0
6.0,1.0,78.0,106.0,455.0,463.0,4,790.0
6.0,1.0,78.0,106.0,455.0,463.0,4,790.0
6.0,1.0,169.0,188.0,455.0,463.0,4,517.0
6.0,1.0,106.0,188.0,455.0,517.0,4,790.0
6.0,1.0,169.0,455.0,463.0,517.0,4,790.0
6.0,1.0,169.0,188.0,455.0,463.0,4,517.0
6.0,1.0,169.0,188.0,455.0,463.0,4,517.0
6.0,6.0,30.0,900.0,980.0,989.0,4,1013.0
6.0,6.0,125.0,644.0,769.0,900.0,4,989.0
6.0,6.0,125.0,900.0,980.0,989.0,4,1013.0
6.0,6.0,125.0,900.0,980.0,989.0,4,1013.0
6.0,6.0,125.0,900.0,980.0,989.0,4,1013.0
6.0,6.0,30.0,125.0,900.0,989.0,4,1013.0
6.0,6.0,30.0,900.0,980.0,989.0,4,1013.0
6.0,6.0,30.0,644.0,900.0,980.0,4,1013.0
6.0,6.0,30.0,125.0,900.0,980.0,4,1013.0
6.0,6.0,30.0,125.0,900.0,980.0,4,1013.0
6.0,16.0,155.0,296.0,763.0,820.0,4,895.0
6.0,16.0,155.0,296.0,623.0,763.0,4,895.0
6.0,16.0,155.0,296.0,623.0,674.0,4,895.0
6.0,16.0,155.0,296.0,623.0,674.0,4,996.0
6.0,16.0,153.0,623.0,674.0,820.0,4,895.0
6.0,16.0,153.0,623.0,674.0,820.0,4,895.0
6.0,16.0,153.0,296.0,763.0,820.0,4,895.0
6.0,16.0,153.0,296.0,623.0,763.0,4,895.0
6.0,16.0,155.0,296.0,623.0,763.0,4,895.0
6.0,16.0,153.0,623.0,674.0,820.0,4,895.0
6.0,16.0,153.0,623.0,674.0,820.0,4,895.0
6.0,16.0,153.0,623.0,674.0,820.0,4,895.0
6.0,16.0,153.0,763.0,814.0,820.0,4,895.0
6.0,16.0,155.0,763.0,814.0,820.0,4,895.0
6.0,16.0,155.0,674.0,814.0,820.0,4,895.0
6.0,16.0,155.0,623.0,674.0,719.0,4,814.0
6.0,16.0,155.0,623.0,674.0,719.0,4,814.0
6.0,16.0,155.0,623.0,674.0,719.0,4,996.0
6.0,16.0,155.0,623.0,674.0,820.0,4,895.0
6.0,16.0,153.0,623.0,763.0,820.0,4,895.0
6.0,16.0,153.0,623.0,763.0,820.0,4,895.0
6.0,16.0,153.0,623.0,763.0,820.0,4,895.0
6.0,16.0,155.0,763.0,814.0,820.0,4,895.0
6.0,16.0,427.0,495.0,553.0,763.0,4,814.0
6.0,25.0,297.0,421.0,603.0,696.0,4,958.0
6.0,25.0,86.0,297.0,421.0,696.0,4,958.0
6.0,25.0,86.0,297.0,421.0,696.0,4,958.0
6.0,25.0,86.0,286.0,603.0,696.0,4,958.0
6.0,25.0,86.0,297.0,421.0,696.0,4,958.0
6.0,25.0,86.0,297.0,421.0,696.0,4,958.0
6.0,25.0,86.0,297.0,421.0,696.0,4,958.0
6.0,25.0,86.0,245.0,286.0,297.0,4,603.0
6.0,4.0,134.0,486.0,589.0,646.0,4,743.0
6.0,4.0,134.0,486.0,589.0,646.0,4,743.0
6.0,4.0,200.0,486.0,646.0,740.0,4,936.0
6.0,4.0,134.0,200.0,486.0,740.0,4,936.0
6.0,4.0,134.0,589.0,646.0,740.0,4,936.0
6.0,4.0,134.0,589.0,646.0,740.0,4,936.0
6.0,4.0,134.0,486.0,646.0,740.0,4,936.0
6.0,4.0,134.0,486.0,646.0,740.0,4,936.0
6.0,4.0,200.0,486.0,589.0,646.0,4,936.0
6.0,4.0,200.0,486.0,589.0,646.0,4,936.0
6.0,4.0,134.0,486.0,589.0,646.0,4,936.0
6.0,4.0,134.0,486.0,589.0,646.0,4,936.0
6.0,16.0,153.0,427.0,719.0,820.0,4,895.0
6.0,16.0,155.0,427.0,719.0,820.0,4,895.0
6.0,16.0,155.0,719.0,763.0,814.0,4,895.0
6.0,16.0,155.0,719.0,763.0,814.0,4,996.0
6.0,16.0,155.0,719.0,763.0,814.0,4,996.0
6.0,16.0,153.0,427.0,814.0,820.0,4,895.0
6.0,16.0,153.0,427.0,763.0,820.0,4,895.0
6.0,16.0,495.0,623.0,674.0,719.0,4,996.0
6.0,16.0,495.0,674.0,719.0,814.0,4,895.0
6.0,16.0,153.0,763.0,814.0,820.0,4,895.0
6.0,16.0,495.0,623.0,674.0,719.0,4,895.0
6.0,16.0,623.0,674.0,719.0,820.0,4,996.0
6.0,16.0,623.0,674.0,719.0,895.0,4,996.0
6.0,16.0,153.0,763.0,814.0,820.0,4,895.0
6.0,16.0,153.0,763.0,814.0,820.0,4,895.0
6.0,16.0,153.0,623.0,763.0,814.0,4,820.0
6.0,16.0,153.0,623.0,763.0,814.0,4,820.0
6.0,16.0,153.0,623.0,763.0,814.0,4,820.0
6.0,16.0,153.0,623.0,763.0,814.0,4,820.0
6.0,16.0,623.0,674.0,719.0,895.0,4,996.0
6.0,16.0,153.0,427.0,763.0,814.0,4,820.0
6.0,16.0,153.0,623.0,763.0,814.0,4,820.0
6.0,16.0,623.0,674.0,719.0,895.0,4,996.0
6.0,16.0,623.0,674.0,814.0,820.0,4,996.0
6.0,16.0,153.0,427.0,763.0,814.0,4,820.0
6.0,16.0,153.0,623.0,674.0,814.0,4,820.0
6.0,34.0,0.0,167.0,316.0,345.0,4,506.0
6.0,34.0,0.0,167.0,345.0,506.0,4,583.0
6.0,34.0,0.0,139.0,436.0,583.0,4,685.0
6.0,34.0,0.0,436.0,506.0,583.0,4,685.0
6.0,34.0,0.0,436.0,506.0,685.0,4,747.0
6.0,34.0,0.0,436.0,506.0,685.0,4,747.0
6.0,34.0,0.0,316.0,345.0,506.0,4,747.0
6.0,34.0,0.0,139.0,436.0,506.0,4,583.0
6.0,34.0,0.0,345.0,436.0,506.0,4,747.0
6.0,16.0,153.0,674.0,719.0,814.0,4,820.0
6.0,16.0,153.0,296.0,763.0,814.0,4,820.0
6.0,16.0,155.0,623.0,674.0,763.0,4,814.0
6.0,16.0,155.0,296.0,623.0,674.0,4,814.0
6.0,16.0,296.0,623.0,674.0,814.0,4,820.0
6.0,16.0,155.0,296.0,623.0,674.0,4,719.0
6.0,16.0,153.0,674.0,719.0,814.0,4,820.0
6.0,16.0,153.0,719.0,763.0,814.0,4,820.0
6.0,16.0,155.0,296.0,623.0,674.0,4,820.0
6.0,16.0,155.0,296.0,623.0,674.0,4,719.0
6.0,16.0,153.0,719.0,763.0,814.0,4,820.0
6.0,16.0,153.0,296.0,763.0,814.0,4,820.0
6.0,16.0,296.0,623.0,763.0,814.0,4,820.0
6.0,16.0,155.0,296.0,623.0,763.0,4,814.0
6.0,16.0,155.0,296.0,623.0,674.0,4,719.0
6.0,16.0,153.0,623.0,674.0,719.0,4,820.0
6.0,16.0,153.0,296.0,763.0,814.0,4,820.0
6.0,16.0,153.0,296.0,763.0,814.0,4,820.0
6.0,16.0,155.0,296.0,623.0,674.0,4,719.0
6.0,6.0,30.0,606.0,980.0,989.0,4,1013.0
6.0,6.0,30.0,606.0,900.0,980.0,4,989.0
6.0,6.0,275.0,578.0,684.0,769.0,4,900.0
6.0,6.0,30.0,606.0,684.0,980.0,4,1013.0
6.0,6.0,275.0,578.0,684.0,769.0,4,900.0
6.0,6.0,275.0,578.0,769.0,900.0,4,989.0
6.0,6.0,275.0,578.0,606.0,900.0,4,980.0
6.0,6.0,30.0,275.0,606.0,900.0,4,980.0
6.0,16.0,296.0,553.0,719.0,763.0,4,996.0
6.0,16.0,296.0,553.0,719.0,763.0,4,996.0
6.0,16.0,153.0,763.0,814.0,820.0,4,895.0
6.0,16.0,153.0,763.0,814.0,820.0,4,895.0
6.0,16.0,296.0,553.0,719.0,763.0,4,996.0
6.0,16.0,153.0,719.0,763.0,820.0,4,895.0
6.0,16.0,153.0,763.0,814.0,820.0,4,895.0
6.0,14.0,294.0,592.0,700.0,786.0,4,924.0
6.0,14.0,55.0,488.0,520.0,786.0,4,922.0
6.0,14.0,55.0,488.0,520.0,786.0,4,922.0
6.0,14.0,294.0,488.0,520.0,700.0,4,924.0
6.0,14.0,520.0,592.0,700.0,786.0,4,922.0
6.0,14.0,294.0,592.0,700.0,786.0,4,924.0
6.0,14.0,294.0,592.0,700.0,786.0,4,924.0
6.0,14.0,55.0,592.0,700.0,786.0,4,924.0
6.0,28.0,203.0,397.0,608.0,754.0,4,1016.0
6.0,28.0,397.0,608.0,754.0,761.0,4,876.0
6.0,28.0,608.0,701.0,754.0,761.0,4,876.0
6.0,28.0,203.0,440.0,701.0,876.0,4,1016.0
6.0,28.0,397.0,608.0,754.0,761.0,4,1016.0
6.0,28.0,203.0,608.0,701.0,754.0,4,876.0
6.0,28.0,203.0,608.0,701.0,754.0,4,1016.0
6.0,28.0,203.0,397.0,608.0,754.0,4,1016.0
6.0,28.0,203.0,397.0,608.0,754.0,4,1016.0
6.0,28.0,608.0,701.0,754.0,761.0,4,876.0
6.0,28.0,203.0,608.0,701.0,754.0,4,876.0
6.0,28.0,203.0,608.0,701.0,754.0,4,876.0
6.0,28.0,203.0,440.0,701.0,876.0,4,1016.0
6.0,14.0,266.0,520.0,592.0,786.0,4,922.0
6.0,14.0,55.0,223.0,294.0,700.0,4,922.0
6.0,14.0,55.0,223.0,592.0,700.0,4,786.0
6.0,14.0,294.0,592.0,700.0,786.0,4,922.0
6.0,14.0,294.0,592.0,700.0,786.0,4,922.0
6.0,14.0,294.0,592.0,700.0,786.0,4,922.0
6.0,14.0,294.0,592.0,700.0,786.0,4,922.0
6.0,14.0,266.0,520.0,592.0,786.0,4,922.0
6.0,14.0,55.0,223.0,294.0,520.0,4,700.0
6.0,14.0,294.0,592.0,700.0,786.0,4,922.0
6.0,14.0,223.0,294.0,592.0,700.0,4,786.0
6.0,14.0,294.0,592.0,700.0,786.0,4,922.0
6.0,14.0,223.0,266.0,520.0,700.0,4,786.0
6.0,14.0,55.0,158.0,488.0,520.0,4,840.0
6.0,14.0,55.0,158.0,300.0,488.0,4,840.0
6.0,33.0,14.0,361.0,686.0,730.0,4,789.0
6.0,33.0,14.0,361.0,417.0,686.0,4,789.0
6.0,33.0,14.0,21.0,258.0,361.0,4,417.0
6.0,33.0,21.0,258.0,318.0,417.0,4,811.0
6.0,33.0,21.0,258.0,318.0,730.0,4,811.0
6.0,33.0,14.0,361.0,686.0,730.0,4,789.0
6.0,33.0,258.0,318.0,417.0,686.0,4,811.0
6.0,33.0,258.0,318.0,361.0,417.0,4,811.0
6.0,33.0,258.0,318.0,361.0,730.0,4,811.0
6.0,33.0,14.0,361.0,730.0,789.0,4,811.0
6.0,14.0,294.0,592.0,700.0,786.0,4,922.0
6.0,14.0,223.0,294.0,592.0,700.0,4,786.0
6.0,14.0,55.0,223.0,488.0,520.0,4,786.0
6.0,14.0,294.0,592.0,700.0,786.0,4,922.0
6.0,14.0,223.0,294.0,592.0,700.0,4,786.0
6.0,14.0,55.0,592.0,700.0,786.0,4,922.0
6.0,14.0,55.0,223.0,294.0,488.0,4,700.0
6.0,14.0,55.0,223.0,520.0,592.0,4,786.0
6.0,14.0,223.0,294.0,592.0,700.0,4,786.0
6.0,14.0,223.0,520.0,592.0,700.0,4,786.0
6.0,14.0,294.0,592.0,700.0,786.0,4,922.0
6.0,14.0,294.0,592.0,700.0,786.0,4,922.0
6.0,14.0,223.0,294.0,592.0,700.0,4,786.0
6.0,14.0,223.0,294.0,592.0,700.0,4,786.0
6.0,14.0,223.0,294.0,592.0,700.0,4,786.0
6.0,14.0,158.0,294.0,488.0,520.0,4,700.0
6.0,14.0,55.0,158.0,294.0,488.0,4,520.0
6.0,14.0,55.0,158.0,294.0,488.0,4,520.0
6.0,14.0,55.0,158.0,294.0,488.0,4,520.0
6.0,14.0,223.0,520.0,592.0,700.0,4,786.0
6.0,14.0,55.0,158.0,520.0,592.0,4,786.0
6.0,14.0,55.0,158.0,520.0,592.0,4,786.0
6.0,14.0,55.0,158.0,520.0,592.0,4,786.0
6.0,14.0,55.0,223.0,294.0,488.0,4,520.0
6.0,14.0,55.0,223.0,592.0,700.0,4,786.0
6.0,14.0,158.0,294.0,592.0,700.0,4,786.0
6.0,14.0,223.0,294.0,592.0,700.0,4,786.0
6.0,14.0,158.0,294.0,592.0,700.0,4,786.0
6.0,14.0,158.0,294.0,592.0,700.0,4,786.0
6.0,14.0,55.0,158.0,520.0,592.0,4,786.0
6.0,29.0,1.0,242.0,456.0,505.0,4,990.0
6.0,29.0,392.0,426.0,456.0,505.0,4,670.0
6.0,29.0,392.0,426.0,456.0,670.0,4,951.0
6.0,29.0,392.0,426.0,456.0,670.0,4,951.0
6.0,29.0,242.0,426.0,505.0,951.0,4,990.0
6.0,29.0,242.0,505.0,670.0,951.0,4,990.0
6.0,29.0,173.0,242.0,505.0,670.0,4,990.0
6.0,29.0,173.0,456.0,505.0,670.0,4,990.0
6.0,29.0,1.0,242.0,456.0,505.0,4,990.0
6.0,29.0,1.0,173.0,456.0,505.0,4,990.0
6.0,29.0,173.0,392.0,426.0,456.0,4,670.0
6.0,29.0,173.0,392.0,426.0,456.0,4,670.0
6.0,29.0,242.0,456.0,505.0,670.0,4,990.0
6.0,15.0,659.0,714.0,860.0,960.0,4,1036.0
6.0,15.0,659.0,714.0,802.0,860.0,4,1036.0
6.0,15.0,659.0,714.0,802.0,860.0,4,1036.0
6.0,15.0,684.0,714.0,802.0,860.0,4,1036.0
6.0,15.0,659.0,714.0,860.0,960.0,4,1036.0
6.0,15.0,484.0,659.0,714.0,860.0,4,1036.0
6.0,15.0,659.0,714.0,860.0,960.0,4,1036.0
6.0,15.0,659.0,714.0,802.0,860.0,4,1036.0
6.0,15.0,484.0,684.0,802.0,1013.0,4,1036.0
6.0,15.0,659.0,714.0,860.0,960.0,4,1036.0
6.0,15.0,659.0,714.0,802.0,860.0,4,960.0
6.0,7.0,105.0,230.0,315.0,764.0,4,902.0
6.0,7.0,161.0,230.0,764.0,902.0,4,983.0
6.0,7.0,161.0,201.0,279.0,983.0,4,1005.0
6.0,7.0,315.0,410.0,846.0,902.0,4,1005.0
6.0,7.0,87.0,161.0,230.0,764.0,4,902.0
6.0,7.0,87.0,279.0,410.0,846.0,4,1005.0
6.0,7.0,161.0,230.0,315.0,764.0,4,902.0
6.0,7.0,105.0,230.0,410.0,764.0,4,983.0
6.0,7.0,87.0,105.0,201.0,410.0,4,846.0
6.0,7.0,87.0,105.0,201.0,410.0,4,846.0
6.0,14.0,55.0,158.0,520.0,592.0,4,786.0
6.0,14.0,55.0,158.0,294.0,488.0,4,700.0
6.0,14.0,55.0,158.0,592.0,700.0,4,786.0
6.0,14.0,55.0,488.0,592.0,700.0,4,786.0
6.0,14.0,55.0,488.0,592.0,700.0,4,786.0
6.0,14.0,55.0,158.0,294.0,520.0,4,592.0
6.0,14.0,158.0,294.0,592.0,700.0,4,786.0
6.0,14.0,55.0,158.0,266.0,294.0,4,592.0
6.0,14.0,55.0,158.0,266.0,294.0,4,592.0
6.0,14.0,55.0,158.0,266.0,488.0,4,786.0
6.0,14.0,55.0,158.0,488.0,700.0,4,786.0
6.0,14.0,158.0,294.0,488.0,520.0,4,592.0
6.0,14.0,223.0,294.0,488.0,520.0,4,592.0
6.0,14.0,223.0,266.0,488.0,520.0,4,700.0
6.0,14.0,158.0,294.0,488.0,520.0,4,592.0
6.0,14.0,55.0,223.0,294.0,488.0,4,592.0
6.0,14.0,158.0,294.0,488.0,520.0,4,592.0
6.0,6.0,30.0,35.0,125.0,606.0,4,980.0
6.0,6.0,30.0,35.0,213.0,606.0,4,989.0
6.0,6.0,125.0,473.0,769.0,980.0,4,989.0
6.0,6.0,30.0,35.0,125.0,606.0,4,980.0
6.0,6.0,30.0,35.0,125.0,606.0,4,980.0
6.0,6.0,30.0,35.0,125.0,606.0,4,980.0
6.0,6.0,30.0,35.0,125.0,606.0,4,980.0
6.0,6.0,30.0,35.0,125.0,606.0,4,989.0
6.0,6.0,30.0,125.0,606.0,980.0,4,989.0
6.0,23.0,136.0,451.0,822.0,853.0,4,994.0
6.0,23.0,136.0,400.0,822.0,853.0,4,994.0
6.0,23.0,136.0,400.0,822.0,925.0,4,994.0
6.0,23.0,136.0,400.0,822.0,925.0,4,994.0
6.0,23.0,400.0,451.0,778.0,815.0,4,925.0
6.0,23.0,400.0,451.0,778.0,815.0,4,925.0
6.0,23.0,136.0,451.0,822.0,853.0,4,994.0
6.0,23.0,400.0,451.0,822.0,925.0,4,994.0
6.0,23.0,451.0,822.0,853.0,925.0,4,994.0
6.0,23.0,434.0,822.0,853.0,925.0,4,994.0
6.0,23.0,400.0,451.0,778.0,815.0,4,925.0
6.0,34.0,104.0,316.0,517.0,583.0,4,685.0
6.0,34.0,104.0,517.0,583.0,685.0,4,747.0
6.0,34.0,139.0,583.0,685.0,747.0,4,900.0
6.0,34.0,139.0,167.0,517.0,583.0,4,900.0
6.0,34.0,139.0,167.0,316.0,517.0,4,900.0
6.0,34.0,167.0,583.0,685.0,747.0,4,900.0
6.0,34.0,139.0,316.0,517.0,583.0,4,685.0
6.0,34.0,139.0,583.0,685.0,747.0,4,900.0
6.0,34.0,139.0,583.0,685.0,747.0,4,900.0
6.0,34.0,139.0,517.0,583.0,685.0,4,747.0
6.0,34.0,139.0,517.0,583.0,685.0,4,747.0
6.0,34.0,139.0,517.0,583.0,685.0,4,747.0
6.0,34.0,104.0,139.0,517.0,583.0,4,685.0
6.0,26.0,333.0,453.0,599.0,753.0,4,948.0
6.0,26.0,285.0,333.0,453.0,599.0,4,948.0
6.0,26.0,204.0,285.0,333.0,914.0,4,948.0
6.0,26.0,285.0,453.0,599.0,753.0,4,948.0
6.0,26.0,333.0,453.0,620.0,753.0,4,948.0
6.0,26.0,333.0,453.0,620.0,753.0,4,948.0
6.0,26.0,285.0,333.0,753.0,914.0,4,948.0
6.0,26.0,204.0,285.0,753.0,914.0,4,948.0
6.0,26.0,333.0,453.0,753.0,914.0,4,948.0
6.0,26.0,204.0,285.0,333.0,753.0,4,914.0
6.0,14.0,158.0,488.0,592.0,700.0,4,786.0
6.0,14.0,223.0,488.0,592.0,700.0,4,786.0
6.0,14.0,223.0,488.0,592.0,700.0,4,786.0
6.0,14.0,223.0,294.0,488.0,700.0,4,786.0
6.0,14.0,158.0,294.0,488.0,592.0,4,700.0
6.0,14.0,223.0,488.0,592.0,700.0,4,786.0
6.0,14.0,223.0,488.0,592.0,700.0,4,786.0
6.0,14.0,223.0,294.0,488.0,592.0,4,700.0
6.0,10.0,234.0,336.0,376.0,591.0,4,918.0
6.0,10.0,132.0,147.0,289.0,376.0,4,444.0
6.0,10.0,132.0,234.0,376.0,444.0,4,918.0
6.0,10.0,132.0,234.0,376.0,444.0,4,918.0
6.0,10.0,132.0,234.0,444.0,591.0,4,918.0
6.0,10.0,132.0,234.0,444.0,591.0,4,918.0
6.0,10.0,234.0,336.0,376.0,591.0,4,918.0
6.0,10.0,132.0,234.0,444.0,591.0,4,918.0
6.0,10.0,132.0,289.0,444.0,591.0,4,918.0
6.0,14.0,223.0,294.0,592.0,786.0,4,924.0
6.0,14.0,520.0,592.0,700.0,786.0,4,924.0
6.0,14.0,488.0,592.0,700.0,786.0,4,924.0
6.0,14.0,294.0,488.0,592.0,700.0,4,924.0
6.0,14.0,294.0,488.0,592.0,786.0,4,924.0
6.0,14.0,223.0,294.0,592.0,786.0,4,924.0
6.0,14.0,294.0,520.0,592.0,700.0,4,924.0
6.0,14.0,294.0,520.0,592.0,700.0,4,924.0
6.0,14.0,158.0,520.0,592.0,700.0,4,786.0
6.0,14.0,158.0,223.0,294.0,488.0,4,520.0
6.0,14.0,294.0,592.0,700.0,786.0,4,924.0
6.0,14.0,294.0,592.0,700.0,786.0,4,924.0
6.0,14.0,223.0,294.0,592.0,786.0,4,924.0
6.0,14.0,520.0,592.0,700.0,786.0,4,924.0
6.0,14.0,158.0,520.0,592.0,700.0,4,786.0
6.0,14.0,158.0,223.0,488.0,520.0,4,786.0
6.0,14.0,294.0,520.0,592.0,700.0,4,924.0
6.0,14.0,223.0,520.0,592.0,700.0,4,786.0
6.0,14.0,294.0,488.0,520.0,592.0,4,924.0
6.0,14.0,520.0,592.0,700.0,786.0,4,924.0
6.0,13.0,91.0,137.0,164.0,238.0,4,1024.0
6.0,13.0,137.0,164.0,609.0,855.0,4,1024.0
6.0,13.0,137.0,164.0,609.0,855.0,4,1024.0
6.0,13.0,137.0,164.0,609.0,688.0,4,855.0
6.0,13.0,164.0,319.0,609.0,688.0,4,855.0
6.0,13.0,91.0,137.0,164.0,238.0,4,688.0
6.0,13.0,91.0,137.0,164.0,238.0,4,688.0
6.0,13.0,91.0,137.0,164.0,238.0,4,1024.0
6.0,13.0,91.0,137.0,164.0,238.0,4,1024.0
6.0,13.0,91.0,137.0,164.0,238.0,4,688.0
6.0,13.0,164.0,238.0,319.0,609.0,4,688.0
6.0,13.0,91.0,164.0,319.0,609.0,4,688.0
6.0,13.0,91.0,164.0,238.0,319.0,4,688.0
6.0,14.0,294.0,300.0,592.0,700.0,4,924.0
6.0,14.0,55.0,158.0,223.0,300.0,4,840.0
6.0,14.0,294.0,300.0,592.0,700.0,4,924.0
6.0,14.0,55.0,294.0,592.0,700.0,4,924.0
6.0,14.0,55.0,158.0,223.0,300.0,4,840.0
6.0,14.0,55.0,158.0,223.0,294.0,4,300.0
6.0,14.0,55.0,158.0,223.0,294.0,4,300.0
6.0,14.0,55.0,223.0,294.0,700.0,4,924.0
6.0,14.0,294.0,300.0,592.0,700.0,4,924.0
6.0,14.0,55.0,158.0,294.0,592.0,4,700.0
6.0,14.0,55.0,294.0,592.0,700.0,4,924.0
6.0,14.0,55.0,294.0,592.0,700.0,4,924.0
6.0,14.0,55.0,294.0,592.0,700.0,4,924.0
6.0,14.0,55.0,294.0,300.0,592.0,4,924.0
6.0,14.0,55.0,158.0,223.0,592.0,4,840.0
6.0,14.0,55.0,158.0,223.0,294.0,4,700.0
6.0,14.0,55.0,158.0,223.0,294.0,4,700.0
6.0,14.0,294.0,300.0,592.0,700.0,4,924.0
6.0,32.0,3.0,241.0,302.0,524.0,4,613.0
6.0,32.0,3.0,241.0,302.0,524.0,4,613.0
6.0,32.0,17.0,302.0,602.0,799.0,4,944.0
6.0,32.0,17.0,34.0,602.0,799.0,4,944.0
6.0,32.0,17.0,241.0,302.0,524.0,4,613.0
6.0,32.0,3.0,241.0,302.0,524.0,4,613.0
6.0,32.0,34.0,241.0,302.0,524.0,4,613.0
6.0,32.0,34.0,241.0,302.0,524.0,4,613.0
6.0,32.0,34.0,241.0,302.0,602.0,4,613.0
6.0,32.0,17.0,34.0,602.0,613.0,4,944.0
6.0,4.0,134.0,486.0,487.0,589.0,4,828.0
6.0,4.0,134.0,486.0,487.0,589.0,4,828.0
6.0,4.0,134.0,486.0,487.0,740.0,4,828.0
6.0,4.0,486.0,487.0,663.0,740.0,4,936.0
6.0,4.0,486.0,663.0,740.0,743.0,4,936.0
6.0,4.0,200.0,589.0,663.0,743.0,4,936.0
6.0,4.0,134.0,486.0,487.0,589.0,4,828.0
6.0,4.0,134.0,486.0,487.0,589.0,4,828.0
6.0,4.0,486.0,663.0,740.0,743.0,4,936.0
6.0,4.0,134.0,486.0,589.0,663.0,4,743.0
6.0,4.0,134.0,486.0,589.0,663.0,4,743.0
6.0,4.0,134.0,486.0,487.0,589.0,4,663.0
6.0,4.0,134.0,486.0,487.0,589.0,4,663.0
6.0,15.0,659.0,714.0,860.0,960.0,4,1036.0
6.0,15.0,229.0,375.0,714.0,860.0,4,960.0
6.0,15.0,229.0,375.0,714.0,860.0,4,960.0
6.0,15.0,229.0,375.0,860.0,960.0,4,965.0
6.0,15.0,160.0,229.0,375.0,714.0,4,965.0
6.0,15.0,659.0,714.0,960.0,965.0,4,1036.0
6.0,15.0,659.0,714.0,960.0,965.0,4,1036.0
6.0,15.0,229.0,659.0,714.0,860.0,4,1036.0
6.0,15.0,229.0,659.0,714.0,860.0,4,1036.0
6.0,15.0,659.0,714.0,860.0,960.0,4,1036.0
6.0,15.0,229.0,659.0,714.0,860.0,4,1036.0
6.0,15.0,229.0,659.0,714.0,860.0,4,1036.0
6.0,15.0,160.0,229.0,484.0,659.0,4,965.0
6.0,15.0,160.0,229.0,484.0,659.0,4,965.0
6.0,15.0,229.0,484.0,659.0,860.0,4,965.0
6.0,15.0,375.0,484.0,860.0,960.0,4,1036.0
6.0,15.0,229.0,484.0,860.0,960.0,4,1036.0
6.0,14.0,294.0,592.0,700.0,786.0,4,924.0
6.0,14.0,158.0,294.0,488.0,700.0,4,786.0
6.0,14.0,55.0,294.0,592.0,700.0,4,924.0
6.0,14.0,158.0,488.0,592.0,700.0,4,786.0
6.0,14.0,158.0,294.0,300.0,488.0,4,786.0
6.0,14.0,158.0,294.0,300.0,488.0,4,786.0
6.0,14.0,294.0,592.0,700.0,786.0,4,924.0
6.0,14.0,294.0,300.0,592.0,700.0,4,924.0
6.0,14.0,294.0,300.0,592.0,700.0,4,924.0
6.0,14.0,55.0,300.0,592.0,786.0,4,924.0
6.0,14.0,55.0,300.0,592.0,786.0,4,922.0
6.0,14.0,55.0,300.0,592.0,786.0,4,922.0
6.0,14.0,55.0,300.0,488.0,786.0,4,922.0
6.0,14.0,294.0,300.0,488.0,700.0,4,924.0
6.0,14.0,294.0,300.0,592.0,700.0,4,924.0
6.0,14.0,55.0,488.0,592.0,786.0,4,924.0
6.0,14.0,55.0,294.0,300.0,488.0,4,922.0
6.0,27.0,359.0,439.0,638.0,662.0,4,777.0
6.0,27.0,662.0,702.0,777.0,886.0,4,897.0
6.0,27.0,359.0,439.0,638.0,662.0,4,897.0
6.0,27.0,359.0,439.0,662.0,680.0,4,777.0
6.0,27.0,359.0,439.0,662.0,702.0,4,777.0
6.0,27.0,359.0,662.0,702.0,777.0,4,897.0
6.0,27.0,359.0,662.0,680.0,702.0,4,897.0
6.0,27.0,359.0,638.0,680.0,702.0,4,897.0
6.0,27.0,359.0,439.0,638.0,702.0,4,897.0
6.0,27.0,359.0,439.0,638.0,702.0,4,777.0
6.0,18.0,25.0,45.0,260.0,396.0,4,758.0
6.0,18.0,25.0,45.0,218.0,396.0,4,758.0
6.0,18.0,25.0,218.0,396.0,710.0,4,834.0
6.0,18.0,25.0,45.0,642.0,758.0,4,834.0
6.0,18.0,45.0,260.0,642.0,758.0,4,834.0
6.0,18.0,25.0,45.0,260.0,396.0,4,758.0
6.0,18.0,25.0,45.0,160.0,218.0,4,396.0
6.0,18.0,25.0,160.0,218.0,260.0,4,396.0
6.0,18.0,25.0,160.0,218.0,758.0,4,834.0
6.0,9.0,109.0,366.0,452.0,604.0,4,845.0
6.0,9.0,39.0,109.0,366.0,510.0,4,604.0
6.0,9.0,149.0,452.0,510.0,588.0,4,1019.0
6.0,9.0,109.0,149.0,452.0,604.0,4,1019.0
6.0,9.0,366.0,452.0,604.0,845.0,4,1019.0
6.0,9.0,366.0,452.0,604.0,845.0,4,1019.0
6.0,9.0,39.0,109.0,149.0,845.0,4,1019.0
6.0,9.0,39.0,109.0,149.0,604.0,4,1019.0
6.0,9.0,39.0,109.0,149.0,604.0,4,1019.0
6.0,2.0,120.0,255.0,353.0,493.0,4,824.0
6.0,2.0,120.0,255.0,353.0,595.0,4,658.0
6.0,2.0,120.0,255.0,353.0,493.0,4,824.0
6.0,2.0,120.0,255.0,353.0,493.0,4,824.0
6.0,2.0,120.0,126.0,493.0,561.0,4,595.0
6.0,2.0,120.0,255.0,353.0,493.0,4,595.0
6.0,1.0,78.0,106.0,188.0,577.0,4,790.0
6.0,1.0,78.0,106.0,188.0,448.0,4,790.0
6.0,1.0,169.0,188.0,455.0,463.0,4,790.0
6.0,1.0,169.0,455.0,463.0,624.0,4,790.0
6.0,1.0,78.0,455.0,463.0,577.0,4,790.0
6.0,1.0,78.0,106.0,188.0,577.0,4,790.0
6.0,1.0,78.0,106.0,188.0,463.0,4,790.0
6.0,1.0,78.0,106.0,455.0,463.0,4,790.0
6.0,1.0,78.0,106.0,455.0,463.0,4,790.0
6.0,1.0,106.0,455.0,463.0,577.0,4,624.0
6.0,1.0,169.0,455.0,463.0,577.0,4,624.0
6.0,14.0,55.0,294.0,592.0,700.0,4,924.0
6.0,14.0,55.0,294.0,300.0,592.0,4,922.0
6.0,14.0,55.0,294.0,300.0,488.0,4,922.0
6.0,14.0,55.0,300.0,592.0,700.0,4,924.0
6.0,14.0,55.0,294.0,592.0,700.0,4,922.0
6.0,14.0,55.0,294.0,488.0,700.0,4,922.0
6.0,14.0,55.0,294.0,488.0,700.0,4,922.0
6.0,14.0,55.0,294.0,592.0,700.0,4,924.0
6.0,14.0,55.0,294.0,488.0,592.0,4,922.0
6.0,14.0,55.0,300.0,488.0,700.0,4,922.0
6.0,14.0,55.0,300.0,488.0,700.0,4,922.0
6.0,14.0,55.0,294.0,592.0,700.0,4,924.0
6.0,14.0,55.0,294.0,488.0,592.0,4,922.0
6.0,14.0,300.0,488.0,592.0,700.0,4,922.0
6.0,14.0,55.0,300.0,488.0,592.0,4,922.0
6.0,14.0,294.0,300.0,592.0,700.0,4,924.0
6.0,14.0,55.0,294.0,592.0,700.0,4,924.0
6.0,14.0,55.0,294.0,488.0,592.0,4,922.0
6.0,14.0,294.0,300.0,592.0,700.0,4,924.0
6.0,14.0,55.0,294.0,592.0,700.0,4,924.0
6.0,14.0,55.0,294.0,592.0,700.0,4,924.0
6.0,14.0,55.0,300.0,488.0,700.0,4,922.0
6.0,14.0,55.0,300.0,700.0,922.0,4,924.0
6.0,14.0,55.0,294.0,488.0,592.0,4,924.0
6.0,14.0,294.0,300.0,592.0,700.0,4,924.0
6.0,14.0,294.0,300.0,592.0,922.0,4,924.0
6.0,14.0,55.0,294.0,592.0,922.0,4,924.0
6.0,14.0,294.0,488.0,592.0,700.0,4,924.0
6.0,7.0,230.0,277.0,315.0,764.0,4,902.0
6.0,7.0,230.0,315.0,764.0,902.0,4,1005.0
6.0,7.0,105.0,277.0,410.0,718.0,4,1005.0
6.0,7.0,161.0,230.0,764.0,902.0,4,1005.0
6.0,7.0,105.0,230.0,277.0,410.0,4,1005.0
6.0,7.0,230.0,277.0,315.0,764.0,4,902.0
6.0,7.0,161.0,277.0,410.0,718.0,4,1005.0
6.0,7.0,161.0,277.0,410.0,718.0,4,1005.0
6.0,7.0,230.0,277.0,315.0,764.0,4,1005.0
6.0,14.0,55.0,300.0,488.0,592.0,4,922.0
6.0,14.0,294.0,592.0,700.0,922.0,4,924.0
6.0,14.0,294.0,592.0,700.0,922.0,4,924.0
6.0,14.0,294.0,300.0,592.0,922.0,4,924.0
6.0,14.0,55.0,294.0,592.0,700.0,4,924.0
6.0,14.0,55.0,300.0,488.0,592.0,4,924.0
6.0,14.0,55.0,300.0,488.0,592.0,4,922.0
6.0,14.0,55.0,300.0,488.0,592.0,4,922.0
6.0,14.0,55.0,294.0,488.0,700.0,4,922.0
6.0,14.0,55.0,294.0,488.0,700.0,4,922.0
6.0,14.0,55.0,158.0,294.0,488.0,4,700.0
6.0,14.0,158.0,223.0,266.0,300.0,4,840.0
6.0,14.0,294.0,300.0,592.0,700.0,4,924.0
6.0,14.0,55.0,300.0,488.0,592.0,4,924.0
6.0,14.0,55.0,294.0,488.0,700.0,4,922.0
6.0,14.0,55.0,294.0,488.0,922.0,4,924.0
6.0,14.0,55.0,294.0,488.0,922.0,4,924.0
6.0,14.0,294.0,300.0,592.0,700.0,4,924.0
6.0,14.0,55.0,294.0,488.0,592.0,4,922.0
6.0,14.0,55.0,294.0,488.0,700.0,4,922.0
6.0,14.0,294.0,488.0,700.0,922.0,4,924.0
6.0,14.0,294.0,592.0,700.0,922.0,4,924.0
6.0,14.0,294.0,488.0,592.0,700.0,4,924.0
6.0,14.0,55.0,294.0,300.0,488.0,4,922.0
6.0,14.0,55.0,294.0,592.0,700.0,4,922.0
6.0,14.0,294.0,488.0,592.0,700.0,4,924.0
6.0,14.0,294.0,300.0,592.0,700.0,4,924.0
6.0,14.0,55.0,300.0,488.0,592.0,4,922.0
6.0,14.0,294.0,488.0,592.0,700.0,4,924.0
6.0,14.0,300.0,488.0,592.0,700.0,4,924.0
6.0,14.0,294.0,300.0,592.0,700.0,4,924.0
6.0,14.0,294.0,488.0,592.0,700.0,4,924.0
6.0,25.0,12.0,74.0,297.0,421.0,4,958.0
6.0,25.0,12.0,74.0,297.0,421.0,4,958.0
6.0,25.0,74.0,421.0,696.0,759.0,4,958.0
6.0,25.0,74.0,421.0,696.0,759.0,4,958.0
6.0,25.0,74.0,421.0,603.0,696.0,4,958.0
6.0,25.0,74.0,421.0,603.0,696.0,4,958.0
6.0,25.0,74.0,421.0,696.0,759.0,4,958.0
6.0,25.0,74.0,421.0,696.0,759.0,4,958.0
6.0,25.0,12.0,74.0,297.0,421.0,4,958.0
6.0,25.0,12.0,74.0,297.0,421.0,4,958.0
6.0,25.0,74.0,86.0,421.0,696.0,4,759.0
6.0,25.0,74.0,86.0,297.0,421.0,4,759.0
6.0,25.0,74.0,86.0,421.0,759.0,4,958.0
6.0,0.0,13.0,64.0,201.0,267.0,4,501.0
6.0,0.0,13.0,64.0,201.0,267.0,4,394.0
6.0,0.0,13.0,201.0,394.0,601.0,4,906.0
6.0,0.0,13.0,394.0,503.0,601.0,4,906.0
6.0,0.0,64.0,394.0,503.0,601.0,4,906.0
6.0,0.0,267.0,394.0,501.0,503.0,4,601.0
6.0,0.0,13.0,64.0,267.0,501.0,4,601.0
6.0,0.0,13.0,64.0,201.0,267.0,4,501.0
6.0,0.0,13.0,64.0,394.0,601.0,4,906.0
6.0,0.0,13.0,267.0,394.0,503.0,4,601.0
6.0,0.0,13.0,267.0,394.0,503.0,4,601.0
6.0,12.0,237.0,350.0,611.0,788.0,4,856.0
6.0,12.0,237.0,350.0,611.0,788.0,4,856.0
6.0,12.0,237.0,350.0,386.0,611.0,4,788.0
6.0,12.0,194.0,386.0,771.0,788.0,4,986.0
6.0,12.0,237.0,350.0,611.0,788.0,4,856.0
6.0,12.0,237.0,350.0,611.0,788.0,4,856.0
6.0,12.0,237.0,350.0,611.0,788.0,4,856.0
6.0,12.0,194.0,237.0,386.0,611.0,4,872.0
6.0,12.0,194.0,350.0,788.0,856.0,4,986.0
6.0,12.0,237.0,350.0,611.0,788.0,4,856.0
6.0,14.0,55.0,294.0,488.0,700.0,4,924.0
6.0,14.0,55.0,300.0,700.0,922.0,4,924.0
6.0,14.0,55.0,294.0,300.0,488.0,4,922.0
6.0,14.0,55.0,294.0,700.0,922.0,4,924.0
6.0,14.0,55.0,300.0,488.0,700.0,4,922.0
6.0,14.0,55.0,300.0,488.0,700.0,4,922.0
6.0,14.0,55.0,294.0,700.0,922.0,4,924.0
6.0,14.0,55.0,294.0,700.0,922.0,4,924.0
6.0,27.0,359.0,375.0,680.0,777.0,4,1015.0
6.0,27.0,439.0,569.0,638.0,702.0,4,1015.0
6.0,27.0,375.0,439.0,569.0,702.0,4,1015.0
6.0,27.0,359.0,375.0,439.0,569.0,4,702.0
6.0,27.0,359.0,375.0,439.0,569.0,4,702.0
6.0,27.0,375.0,439.0,569.0,702.0,4,1015.0
6.0,27.0,359.0,477.0,680.0,777.0,4,1015.0
6.0,27.0,359.0,477.0,680.0,777.0,4,1015.0
6.0,27.0,359.0,439.0,477.0,680.0,4,1015.0
6.0,27.0,439.0,569.0,638.0,702.0,4,1015.0
6.0,27.0,439.0,569.0,638.0,702.0,4,1015.0
6.0,27.0,359.0,439.0,569.0,638.0,4,702.0
6.0,27.0,271.0,439.0,569.0,638.0,4,702.0
6.0,14.0,294.0,592.0,700.0,786.0,4,924.0
6.0,14.0,294.0,592.0,700.0,786.0,4,924.0
6.0,14.0,55.0,488.0,592.0,786.0,4,922.0
6.0,14.0,294.0,300.0,488.0,700.0,4,924.0
6.0,14.0,294.0,300.0,592.0,700.0,4,922.0
6.0,14.0,55.0,294.0,592.0,700.0,4,924.0
6.0,14.0,55.0,294.0,592.0,700.0,4,924.0
6.0,14.0,55.0,294.0,592.0,700.0,4,924.0
6.0,14.0,294.0,488.0,592.0,700.0,4,924.0
6.0,10.0,47.0,234.0,376.0,591.0,4,918.0
6.0,10.0,47.0,234.0,376.0,591.0,4,918.0
6.0,10.0,47.0,234.0,444.0,591.0,4,918.0
6.0,10.0,132.0,336.0,444.0,591.0,4,918.0
6.0,10.0,132.0,336.0,376.0,444.0,4,591.0
6.0,10.0,132.0,336.0,376.0,444.0,4,591.0
6.0,10.0,132.0,336.0,376.0,444.0,4,591.0
6.0,10.0,47.0,234.0,376.0,444.0,4,918.0
6.0,10.0,47.0,234.0,444.0,591.0,4,918.0
6.0,10.0,234.0,376.0,444.0,591.0,4,918.0
6.0,10.0,47.0,234.0,444.0,591.0,4,918.0
6.0,10.0,132.0,336.0,444.0,591.0,4,918.0
6.0,10.0,132.0,234.0,444.0,591.0,4,918.0
6.0,18.0,45.0,260.0,642.0,758.0,4,834.0
6.0,18.0,25.0,150.0,218.0,369.0,4,396.0
6.0,18.0,25.0,150.0,260.0,396.0,4,758.0
6.0,18.0,150.0,260.0,642.0,758.0,4,834.0
6.0,18.0,45.0,260.0,396.0,642.0,4,758.0
6.0,18.0,25.0,150.0,218.0,396.0,4,758.0
6.0,18.0,150.0,218.0,396.0,758.0,4,834.0
6.0,18.0,150.0,218.0,642.0,758.0,4,834.0
6.0,17.0,108.0,328.0,619.0,682.0,4,731.0
6.0,17.0,108.0,310.0,328.0,682.0,4,731.0
6.0,17.0,393.0,398.0,635.0,715.0,4,874.0
6.0,17.0,108.0,398.0,635.0,731.0,4,874.0
6.0,17.0,108.0,328.0,619.0,682.0,4,731.0
6.0,17.0,108.0,328.0,619.0,682.0,4,731.0
6.0,17.0,108.0,328.0,619.0,682.0,4,731.0
6.0,17.0,108.0,619.0,682.0,715.0,4,731.0
6.0,17.0,108.0,619.0,682.0,715.0,4,731.0
6.0,17.0,108.0,310.0,398.0,635.0,4,715.0
6.0,17.0,108.0,310.0,328.0,398.0,4,715.0
6.0,17.0,310.0,328.0,398.0,715.0,4,731.0
6.0,17.0,328.0,398.0,619.0,682.0,4,731.0
6.0,29.0,242.0,392.0,456.0,505.0,4,990.0
6.0,29.0,242.0,392.0,456.0,505.0,4,990.0
6.0,29.0,242.0,392.0,456.0,505.0,4,990.0
6.0,29.0,242.0,392.0,456.0,505.0,4,990.0
6.0,29.0,242.0,456.0,505.0,670.0,4,990.0
6.0,29.0,242.0,670.0,784.0,959.0,4,990.0
6.0,29.0,173.0,242.0,392.0,505.0,4,990.0
6.0,29.0,242.0,505.0,670.0,784.0,4,990.0
6.0,29.0,242.0,505.0,670.0,784.0,4,990.0
6.0,14.0,294.0,488.0,592.0,786.0,4,922.0
6.0,14.0,55.0,294.0,300.0,592.0,4,922.0
6.0,14.0,55.0,294.0,300.0,592.0,4,922.0
6.0,14.0,294.0,488.0,592.0,786.0,4,922.0
6.0,14.0,294.0,300.0,488.0,592.0,4,922.0
6.0,14.0,294.0,488.0,592.0,786.0,4,922.0
6.0,14.0,294.0,300.0,592.0,786.0,4,922.0
6.0,14.0,294.0,488.0,592.0,786.0,4,922.0
6.0,14.0,55.0,294.0,300.0,592.0,4,922.0
6.0,14.0,294.0,300.0,592.0,786.0,4,922.0
6.0,14.0,55.0,300.0,592.0,786.0,4,922.0
6.0,14.0,55.0,300.0,592.0,786.0,4,922.0
6.0,13.0,91.0,137.0,164.0,238.0,4,1024.0
6.0,13.0,91.0,164.0,418.0,688.0,4,867.0
6.0,13.0,319.0,418.0,609.0,688.0,4,867.0
6.0,13.0,91.0,137.0,164.0,418.0,4,867.0
6.0,13.0,91.0,137.0,164.0,418.0,4,867.0
6.0,13.0,91.0,137.0,164.0,238.0,4,1024.0
6.0,13.0,91.0,164.0,418.0,688.0,4,867.0
6.0,13.0,91.0,164.0,238.0,418.0,4,688.0
6.0,13.0,91.0,164.0,238.0,418.0,4,688.0
6.0,13.0,91.0,137.0,164.0,418.0,4,867.0
6.0,14.0,294.0,592.0,700.0,786.0,4,922.0
6.0,14.0,55.0,488.0,592.0,700.0,4,786.0
6.0,14.0,55.0,488.0,592.0,700.0,4,786.0
6.0,14.0,294.0,300.0,488.0,786.0,4,922.0
6.0,14.0,294.0,300.0,592.0,786.0,4,922.0
6.0,14.0,294.0,592.0,700.0,786.0,4,922.0
6.0,14.0,294.0,592.0,700.0,786.0,4,922.0
6.0,14.0,55.0,294.0,488.0,592.0,4,922.0
6.0,14.0,55.0,300.0,488.0,592.0,4,786.0
6.0,14.0,55.0,300.0,592.0,786.0,4,922.0
6.0,14.0,55.0,300.0,592.0,786.0,4,922.0
6.0,14.0,55.0,300.0,592.0,786.0,4,922.0
6.0,28.0,203.0,608.0,701.0,1002.0,4,1017.0
6.0,28.0,203.0,608.0,701.0,1002.0,4,1017.0
6.0,28.0,203.0,608.0,639.0,876.0,4,1017.0
6.0,28.0,203.0,321.0,608.0,639.0,4,1002.0
6.0,28.0,203.0,321.0,608.0,639.0,4,1002.0
6.0,28.0,203.0,321.0,608.0,1002.0,4,1017.0
6.0,28.0,203.0,608.0,701.0,1002.0,4,1017.0
6.0,28.0,203.0,321.0,608.0,639.0,4,876.0
6.0,28.0,321.0,639.0,701.0,876.0,4,1002.0
6.0,14.0,55.0,488.0,592.0,700.0,4,786.0
6.0,14.0,300.0,592.0,700.0,786.0,4,922.0
6.0,14.0,294.0,592.0,700.0,786.0,4,922.0
6.0,14.0,294.0,488.0,592.0,786.0,4,922.0
6.0,14.0,300.0,488.0,592.0,786.0,4,922.0
6.0,14.0,300.0,488.0,592.0,786.0,4,922.0
6.0,27.0,359.0,439.0,477.0,680.0,4,897.0
6.0,27.0,359.0,439.0,638.0,662.0,4,777.0
6.0,27.0,359.0,439.0,638.0,662.0,4,702.0
6.0,27.0,359.0,439.0,638.0,662.0,4,702.0
6.0,27.0,359.0,439.0,662.0,680.0,4,702.0
6.0,27.0,477.0,680.0,777.0,886.0,4,897.0
6.0,10.0,111.0,132.0,336.0,591.0,4,918.0
6.0,10.0,52.0,132.0,444.0,829.0,4,918.0
6.0,10.0,132.0,234.0,444.0,591.0,4,918.0
6.0,10.0,132.0,234.0,444.0,591.0,4,918.0
6.0,10.0,234.0,336.0,376.0,591.0,4,918.0
6.0,10.0,132.0,234.0,444.0,591.0,4,918.0
6.0,10.0,132.0,289.0,444.0,591.0,4,918.0
6.0,10.0,132.0,336.0,376.0,444.0,4,829.0
6.0,10.0,47.0,132.0,376.0,444.0,4,918.0
6.0,10.0,47.0,234.0,444.0,591.0,4,918.0
6.0,10.0,47.0,234.0,376.0,591.0,4,918.0
6.0,13.0,91.0,137.0,164.0,238.0,4,1024.0
6.0,13.0,91.0,164.0,418.0,688.0,4,867.0
6.0,13.0,319.0,418.0,609.0,688.0,4,867.0
6.0,13.0,319.0,418.0,609.0,688.0,4,867.0
6.0,13.0,91.0,137.0,164.0,418.0,4,688.0
6.0,13.0,91.0,137.0,164.0,238.0,4,1024.0
6.0,13.0,91.0,137.0,164.0,238.0,4,418.0
6.0,13.0,91.0,137.0,164.0,238.0,4,418.0
6.0,13.0,91.0,137.0,164.0,238.0,4,418.0
6.0,13.0,91.0,137.0,164.0,418.0,4,688.0
6.0,29.0,242.0,392.0,426.0,456.0,4,990.0
6.0,29.0,242.0,426.0,456.0,670.0,4,990.0
6.0,29.0,242.0,426.0,456.0,670.0,4,990.0
6.0,29.0,1.0,173.0,242.0,426.0,4,670.0
6.0,29.0,1.0,173.0,670.0,951.0,4,971.0
6.0,29.0,173.0,485.0,670.0,951.0,4,971.0
6.0,29.0,242.0,392.0,426.0,456.0,4,990.0
6.0,29.0,1.0,173.0,456.0,670.0,4,971.0
6.0,10.0,47.0,234.0,376.0,591.0,4,918.0
6.0,10.0,47.0,234.0,376.0,591.0,4,918.0
6.0,10.0,47.0,234.0,591.0,829.0,4,918.0
6.0,10.0,132.0,289.0,336.0,444.0,4,829.0
6.0,10.0,47.0,234.0,376.0,829.0,4,918.0
6.0,10.0,132.0,234.0,376.0,591.0,4,918.0
6.0,10.0,132.0,234.0,376.0,444.0,4,918.0
6.0,10.0,132.0,234.0,444.0,829.0,4,918.0
6.0,10.0,132.0,336.0,444.0,591.0,4,829.0
6.0,10.0,234.0,289.0,376.0,444.0,4,829.0
6.0,10.0,132.0,234.0,376.0,444.0,4,918.0
6.0,10.0,52.0,132.0,376.0,591.0,4,918.0
6.0,10.0,52.0,132.0,289.0,444.0,4,829.0
6.0,10.0,52.0,234.0,376.0,591.0,4,918.0
6.0,10.0,234.0,336.0,376.0,591.0,4,918.0
6.0,10.0,52.0,132.0,289.0,444.0,4,829.0
6.0,18.0,25.0,45.0,260.0,633.0,4,642.0
6.0,18.0,25.0,45.0,260.0,633.0,4,642.0
6.0,18.0,25.0,218.0,530.0,633.0,4,642.0
6.0,18.0,25.0,218.0,530.0,633.0,4,651.0
6.0,18.0,25.0,218.0,260.0,530.0,4,642.0
6.0,18.0,25.0,45.0,218.0,260.0,4,530.0
6.0,18.0,25.0,45.0,218.0,260.0,4,651.0
6.0,18.0,25.0,45.0,218.0,260.0,4,642.0
6.0,7.0,87.0,230.0,764.0,983.0,4,1005.0
6.0,7.0,87.0,279.0,846.0,983.0,4,1005.0
6.0,7.0,161.0,230.0,764.0,902.0,4,1005.0
6.0,7.0,105.0,161.0,230.0,764.0,4,1005.0
6.0,7.0,161.0,230.0,315.0,764.0,4,902.0
6.0,7.0,161.0,230.0,315.0,764.0,4,1005.0
6.0,7.0,87.0,201.0,279.0,983.0,4,1005.0
6.0,7.0,87.0,201.0,279.0,902.0,4,983.0
6.0,7.0,161.0,230.0,764.0,902.0,4,983.0
6.0,7.0,161.0,201.0,230.0,764.0,4,902.0
6.0,10.0,132.0,234.0,289.0,444.0,4,918.0
6.0,10.0,132.0,234.0,376.0,591.0,4,918.0
6.0,10.0,132.0,234.0,376.0,591.0,4,918.0
6.0,10.0,234.0,336.0,376.0,591.0,4,918.0
6.0,10.0,132.0,234.0,376.0,444.0,4,591.0
6.0,10.0,132.0,234.0,376.0,444.0,4,591.0
6.0,10.0,132.0,289.0,336.0,444.0,4,918.0
6.0,10.0,132.0,234.0,444.0,591.0,4,918.0
6.0,10.0,234.0,336.0,376.0,591.0,4,918.0
6.0,10.0,132.0,234.0,376.0,591.0,4,918.0
6.0,10.0,234.0,336.0,376.0,591.0,4,918.0
6.0,10.0,132.0,234.0,289.0,591.0,4,918.0
6.0,10.0,132.0,289.0,376.0,444.0,4,918.0
6.0,10.0,132.0,289.0,376.0,444.0,4,918.0
6.0,10.0,132.0,289.0,376.0,444.0,4,918.0
6.0,10.0,132.0,234.0,376.0,444.0,4,918.0
6.0,10.0,52.0,132.0,376.0,444.0,4,591.0
6.0,10.0,52.0,132.0,147.0,289.0,4,444.0
6.0,10.0,132.0,147.0,234.0,289.0,4,444.0
6.0,10.0,132.0,147.0,234.0,289.0,4,444.0
6.0,10.0,234.0,336.0,376.0,591.0,4,918.0
6.0,10.0,132.0,289.0,444.0,591.0,4,918.0
6.0,10.0,132.0,234.0,444.0,591.0,4,918.0
6.0,10.0,132.0,234.0,444.0,591.0,4,918.0
6.0,10.0,234.0,336.0,376.0,591.0,4,918.0
6.0,10.0,234.0,336.0,376.0,591.0,4,918.0
6.0,10.0,52.0,132.0,147.0,289.0,4,444.0
6.0,10.0,132.0,234.0,444.0,591.0,4,918.0
6.0,10.0,234.0,336.0,376.0,591.0,4,918.0
6.0,10.0,132.0,234.0,444.0,591.0,4,918.0
6.0,10.0,132.0,289.0,444.0,591.0,4,918.0
6.0,10.0,132.0,234.0,376.0,444.0,4,918.0
6.0,10.0,234.0,376.0,444.0,591.0,4,918.0
6.0,9.0,39.0,109.0,366.0,845.0,4,941.0
6.0,9.0,109.0,149.0,182.0,452.0,4,604.0
6.0,9.0,39.0,149.0,182.0,845.0,4,941.0
6.0,9.0,182.0,366.0,452.0,845.0,4,941.0
6.0,9.0,39.0,149.0,182.0,604.0,4,845.0
6.0,9.0,39.0,109.0,149.0,604.0,4,941.0
6.0,9.0,39.0,109.0,149.0,845.0,4,941.0
6.0,2.0,36.0,255.0,353.0,493.0,4,595.0
6.0,2.0,36.0,255.0,353.0,493.0,4,595.0
6.0,2.0,36.0,255.0,353.0,493.0,4,824.0
6.0,2.0,36.0,255.0,353.0,483.0,4,493.0
6.0,2.0,36.0,255.0,353.0,493.0,4,595.0
6.0,34.0,0.0,104.0,167.0,316.0,4,685.0
6.0,34.0,104.0,139.0,517.0,583.0,4,747.0
6.0,34.0,104.0,139.0,167.0,517.0,4,583.0
6.0,34.0,104.0,139.0,167.0,517.0,4,583.0
6.0,34.0,139.0,167.0,517.0,685.0,4,747.0
6.0,34.0,104.0,167.0,316.0,517.0,4,685.0
6.0,34.0,104.0,139.0,167.0,517.0,4,583.0
6.0,34.0,104.0,167.0,517.0,685.0,4,747.0
6.0,34.0,104.0,139.0,167.0,517.0,4,583.0
6.0,34.0,104.0,167.0,517.0,685.0,4,747.0
6.0,25.0,74.0,356.0,421.0,696.0,4,759.0
6.0,25.0,50.0,245.0,297.0,372.0,4,398.0
6.0,25.0,50.0,74.0,297.0,421.0,4,759.0
6.0,25.0,50.0,74.0,297.0,356.0,4,421.0
6.0,25.0,50.0,297.0,356.0,421.0,4,696.0
6.0,25.0,50.0,297.0,398.0,421.0,4,759.0
6.0,25.0,50.0,74.0,297.0,356.0,4,398.0
6.0,25.0,50.0,74.0,297.0,356.0,4,398.0
6.0,25.0,50.0,74.0,398.0,421.0,4,759.0
6.0,25.0,74.0,297.0,421.0,696.0,4,759.0
6.0,25.0,74.0,356.0,398.0,421.0,4,759.0
6.0,0.0,13.0,247.0,465.0,535.0,4,601.0
6.0,0.0,64.0,267.0,394.0,503.0,4,634.0
6.0,0.0,64.0,267.0,394.0,503.0,4,634.0
6.0,10.0,234.0,336.0,376.0,591.0,4,918.0
6.0,10.0,234.0,289.0,444.0,591.0,4,918.0
6.0,10.0,132.0,234.0,289.0,444.0,4,918.0
6.0,10.0,132.0,147.0,289.0,376.0,4,444.0
6.0,10.0,132.0,234.0,376.0,444.0,4,918.0
6.0,10.0,132.0,234.0,444.0,591.0,4,918.0
6.0,10.0,234.0,336.0,376.0,591.0,4,918.0
6.0,10.0,132.0,147.0,289.0,444.0,4,829.0
6.0,10.0,132.0,234.0,444.0,591.0,4,918.0
6.0,10.0,132.0,234.0,444.0,591.0,4,918.0
6.0,29.0,1.0,242.0,338.0,456.0,4,505.0
6.0,29.0,1.0,242.0,338.0,456.0,4,505.0
6.0,29.0,173.0,392.0,456.0,485.0,4,670.0
6.0,29.0,173.0,392.0,426.0,485.0,4,951.0
6.0,29.0,1.0,173.0,242.0,505.0,4,670.0
6.0,29.0,1.0,173.0,242.0,505.0,4,670.0
6.0,29.0,242.0,392.0,456.0,505.0,4,670.0
6.0,29.0,1.0,173.0,242.0,505.0,4,670.0
6.0,10.0,234.0,336.0,376.0,591.0,4,918.0
6.0,10.0,52.0,234.0,376.0,591.0,4,918.0
6.0,10.0,52.0,132.0,289.0,444.0,4,918.0
6.0,10.0,52.0,132.0,147.0,289.0,4,444.0
6.0,10.0,52.0,132.0,147.0,289.0,4,444.0
6.0,10.0,132.0,234.0,376.0,591.0,4,918.0
6.0,10.0,234.0,289.0,376.0,591.0,4,918.0
6.0,10.0,234.0,336.0,376.0,591.0,4,918.0
6.0,10.0,234.0,336.0,376.0,591.0,4,918.0
6.0,10.0,234.0,289.0,336.0,444.0,4,918.0
6.0,10.0,52.0,132.0,289.0,376.0,4,444.0
6.0,10.0,52.0,132.0,289.0,376.0,4,444.0
6.0,10.0,52.0,132.0,289.0,376.0,4,444.0
6.0,10.0,132.0,234.0,444.0,591.0,4,918.0
6.0,10.0,132.0,234.0,444.0,591.0,4,918.0
6.0,33.0,14.0,21.0,258.0,301.0,4,361.0
6.0,33.0,21.0,258.0,301.0,318.0,4,361.0
6.0,33.0,14.0,21.0,361.0,417.0,4,789.0
6.0,33.0,14.0,301.0,686.0,789.0,4,811.0
6.0,33.0,21.0,258.0,301.0,318.0,4,361.0
6.0,33.0,21.0,244.0,301.0,318.0,4,470.0
6.0,33.0,21.0,244.0,301.0,318.0,4,470.0
6.0,10.0,52.0,234.0,444.0,591.0,4,918.0
6.0,10.0,52.0,132.0,147.0,289.0,4,444.0
6.0,10.0,132.0,234.0,444.0,591.0,4,918.0
6.0,10.0,132.0,234.0,444.0,591.0,4,918.0
6.0,10.0,132.0,234.0,444.0,591.0,4,918.0
6.0,10.0,234.0,289.0,444.0,591.0,4,918.0
6.0,10.0,132.0,234.0,444.0,591.0,4,918.0
6.0,10.0,132.0,234.0,444.0,591.0,4,918.0
6.0,10.0,234.0,336.0,376.0,591.0,4,918.0
6.0,10.0,52.0,132.0,147.0,289.0,4,444.0
6.0,10.0,52.0,132.0,289.0,444.0,4,918.0
6.0,10.0,234.0,336.0,444.0,591.0,4,918.0
6.0,10.0,234.0,336.0,444.0,591.0,4,918.0
6.0,10.0,234.0,336.0,376.0,444.0,4,918.0
6.0,10.0,52.0,234.0,376.0,444.0,4,918.0
6.0,10.0,234.0,336.0,376.0,591.0,4,918.0
6.0,10.0,52.0,234.0,376.0,591.0,4,918.0
6.0,10.0,132.0,234.0,289.0,444.0,4,918.0
6.0,10.0,52.0,132.0,147.0,289.0,4,444.0
6.0,10.0,52.0,132.0,376.0,444.0,4,918.0
6.0,10.0,132.0,234.0,376.0,444.0,4,918.0
6.0,10.0,132.0,234.0,376.0,444.0,4,918.0
6.0,10.0,132.0,234.0,376.0,444.0,4,918.0
6.0,10.0,147.0,289.0,475.0,573.0,4,829.0
6.0,10.0,234.0,336.0,376.0,591.0,4,918.0
6.0,10.0,52.0,234.0,376.0,591.0,4,918.0
6.0,10.0,52.0,234.0,444.0,591.0,4,918.0
6.0,10.0,132.0,147.0,234.0,289.0,4,444.0
6.0,10.0,132.0,234.0,444.0,591.0,4,918.0
6.0,10.0,132.0,234.0,376.0,591.0,4,918.0
6.0,10.0,132.0,234.0,376.0,591.0,4,918.0
6.0,10.0,132.0,234.0,376.0,444.0,4,918.0
6.0,10.0,52.0,132.0,444.0,591.0,4,918.0
6.0,10.0,132.0,234.0,444.0,591.0,4,918.0
6.0,10.0,132.0,234.0,444.0,591.0,4,918.0
6.0,10.0,234.0,289.0,444.0,591.0,4,918.0
6.0,10.0,234.0,289.0,444.0,591.0,4,918.0
6.0,13.0,91.0,137.0,164.0,238.0,4,1024.0
6.0,13.0,91.0,137.0,164.0,238.0,4,1024.0
6.0,13.0,91.0,137.0,164.0,238.0,4,1024.0
6.0,13.0,91.0,137.0,164.0,238.0,4,1024.0
6.0,13.0,91.0,238.0,319.0,688.0,4,1024.0
6.0,13.0,91.0,319.0,609.0,688.0,4,1024.0
6.0,13.0,164.0,319.0,609.0,688.0,4,855.0
6.0,13.0,91.0,164.0,319.0,609.0,4,688.0
6.0,13.0,91.0,164.0,238.0,319.0,4,688.0
6.0,13.0,91.0,137.0,164.0,319.0,4,609.0
6.0,13.0,91.0,137.0,164.0,238.0,4,1024.0
6.0,13.0,91.0,137.0,164.0,238.0,4,1024.0
6.0,13.0,319.0,609.0,688.0,855.0,4,1024.0
6.0,10.0,234.0,336.0,376.0,591.0,4,918.0
6.0,10.0,234.0,336.0,376.0,591.0,4,918.0
6.0,10.0,234.0,336.0,444.0,591.0,4,918.0
6.0,10.0,132.0,336.0,444.0,591.0,4,918.0
6.0,10.0,52.0,234.0,376.0,591.0,4,918.0
6.0,10.0,132.0,234.0,376.0,444.0,4,591.0
6.0,10.0,132.0,234.0,444.0,591.0,4,918.0
6.0,10.0,234.0,336.0,376.0,591.0,4,918.0
6.0,10.0,234.0,336.0,376.0,591.0,4,918.0
6.0,10.0,132.0,234.0,376.0,591.0,4,918.0
6.0,10.0,132.0,147.0,289.0,444.0,4,591.0
6.0,10.0,132.0,289.0,444.0,591.0,4,918.0
6.0,10.0,132.0,234.0,444.0,591.0,4,918.0
6.0,10.0,132.0,234.0,444.0,591.0,4,918.0
6.0,10.0,132.0,234.0,376.0,444.0,4,918.0
6.0,10.0,52.0,234.0,376.0,591.0,4,918.0
6.0,10.0,52.0,234.0,444.0,591.0,4,918.0
6.0,10.0,52.0,132.0,444.0,591.0,4,918.0
6.0,10.0,52.0,132.0,289.0,444.0,4,829.0
6.0,10.0,132.0,234.0,289.0,444.0,4,829.0
6.0,10.0,132.0,234.0,444.0,591.0,4,918.0
6.0,10.0,234.0,336.0,376.0,591.0,4,918.0
6.0,10.0,52.0,234.0,376.0,591.0,4,918.0
6.0,10.0,132.0,289.0,444.0,591.0,4,829.0
6.0,10.0,132.0,234.0,444.0,591.0,4,918.0
6.0,10.0,132.0,234.0,444.0,591.0,4,918.0
6.0,4.0,134.0,486.0,487.0,589.0,4,828.0
6.0,4.0,134.0,486.0,487.0,589.0,4,828.0
6.0,4.0,134.0,486.0,487.0,589.0,4,828.0
6.0,4.0,486.0,487.0,589.0,663.0,4,936.0
6.0,4.0,486.0,487.0,663.0,740.0,4,936.0
6.0,4.0,486.0,487.0,663.0,740.0,4,936.0
6.0,4.0,134.0,486.0,487.0,589.0,4,663.0
6.0,4.0,134.0,486.0,487.0,589.0,4,828.0
6.0,4.0,486.0,487.0,589.0,740.0,4,936.0
6.0,4.0,134.0,486.0,663.0,740.0,4,936.0
6.0,4.0,134.0,486.0,589.0,740.0,4,936.0
6.0,4.0,134.0,200.0,486.0,740.0,4,936.0
6.0,17.0,86.0,310.0,619.0,635.0,4,731.0
6.0,17.0,86.0,310.0,715.0,731.0,4,874.0
6.0,17.0,86.0,310.0,682.0,715.0,4,874.0
6.0,17.0,108.0,328.0,619.0,635.0,4,731.0
6.0,17.0,108.0,328.0,619.0,635.0,4,731.0
6.0,17.0,108.0,328.0,635.0,731.0,4,874.0
6.0,17.0,108.0,328.0,715.0,731.0,4,874.0
6.0,17.0,108.0,328.0,715.0,731.0,4,874.0
6.0,32.0,17.0,34.0,241.0,302.0,4,524.0
6.0,32.0,17.0,34.0,504.0,613.0,4,944.0
6.0,32.0,3.0,17.0,34.0,524.0,4,944.0
6.0,32.0,3.0,17.0,241.0,302.0,4,524.0
6.0,32.0,3.0,17.0,34.0,241.0,4,524.0
6.0,32.0,3.0,241.0,302.0,524.0,4,944.0
6.0,6.0,30.0,125.0,606.0,684.0,4,989.0
6.0,6.0,125.0,606.0,684.0,900.0,4,989.0
6.0,6.0,125.0,684.0,900.0,980.0,4,1013.0
6.0,6.0,30.0,275.0,606.0,980.0,4,989.0
6.0,6.0,125.0,684.0,900.0,980.0,4,1013.0
6.0,6.0,606.0,900.0,980.0,989.0,4,1013.0
6.0,10.0,47.0,234.0,376.0,444.0,4,591.0
6.0,10.0,52.0,234.0,289.0,376.0,4,444.0
6.0,10.0,52.0,132.0,147.0,289.0,4,829.0
6.0,10.0,47.0,234.0,376.0,444.0,4,591.0
6.0,10.0,132.0,234.0,376.0,444.0,4,591.0
6.0,10.0,47.0,234.0,376.0,444.0,4,591.0
6.0,10.0,132.0,289.0,376.0,444.0,4,829.0
6.0,10.0,47.0,234.0,376.0,591.0,4,918.0
6.0,10.0,47.0,234.0,376.0,591.0,4,918.0
6.0,10.0,132.0,289.0,336.0,444.0,4,829.0
6.0,10.0,132.0,289.0,444.0,829.0,4,918.0
6.0,10.0,47.0,234.0,444.0,591.0,4,918.0
6.0,10.0,47.0,234.0,376.0,591.0,4,918.0
6.0,10.0,47.0,234.0,376.0,591.0,4,918.0
6.0,10.0,132.0,234.0,376.0,591.0,4,918.0
6.0,10.0,132.0,234.0,444.0,591.0,4,918.0
6.0,10.0,132.0,234.0,376.0,444.0,4,918.0
6.0,10.0,132.0,289.0,376.0,444.0,4,918.0
6.0,10.0,132.0,234.0,444.0,591.0,4,918.0
6.0,10.0,47.0,234.0,444.0,591.0,4,918.0
6.0,10.0,47.0,234.0,376.0,591.0,4,918.0
6.0,10.0,147.0,289.0,336.0,376.0,4,573.0
6.0,15.0,659.0,714.0,941.0,960.0,4,1036.0
6.0,15.0,76.0,229.0,302.0,484.0,4,941.0
6.0,15.0,76.0,229.0,302.0,484.0,4,714.0
6.0,15.0,76.0,484.0,659.0,714.0,4,1036.0
6.0,15.0,484.0,659.0,714.0,941.0,4,1036.0
6.0,15.0,229.0,484.0,659.0,714.0,4,941.0
6.0,15.0,76.0,229.0,484.0,960.0,4,1036.0
6.0,15.0,76.0,659.0,714.0,960.0,4,1036.0
6.0,15.0,659.0,714.0,941.0,960.0,4,1036.0
6.0,7.0,230.0,315.0,764.0,902.0,4,1005.0
6.0,7.0,230.0,315.0,764.0,902.0,4,1005.0
6.0,7.0,230.0,277.0,315.0,410.0,4,1005.0
6.0,7.0,201.0,277.0,315.0,410.0,4,846.0
6.0,7.0,201.0,277.0,315.0,718.0,4,764.0
6.0,7.0,315.0,718.0,764.0,902.0,4,1005.0
6.0,7.0,315.0,718.0,764.0,902.0,4,1005.0
6.0,7.0,230.0,277.0,315.0,764.0,4,902.0
6.0,7.0,87.0,230.0,277.0,764.0,4,902.0
6.0,7.0,201.0,277.0,315.0,410.0,4,846.0
6.0,7.0,230.0,277.0,315.0,410.0,4,764.0
6.0,7.0,230.0,315.0,764.0,902.0,4,1005.0
6.0,7.0,230.0,315.0,764.0,902.0,4,1005.0
6.0,7.0,87.0,105.0,201.0,410.0,4,846.0
6.0,33.0,14.0,417.0,686.0,789.0,4,811.0
6.0,33.0,21.0,258.0,301.0,318.0,4,361.0
6.0,33.0,21.0,258.0,301.0,361.0,4,789.0
6.0,33.0,14.0,21.0,301.0,361.0,4,789.0
6.0,33.0,14.0,417.0,686.0,789.0,4,811.0
6.0,33.0,14.0,417.0,686.0,789.0,4,811.0
6.0,33.0,14.0,258.0,301.0,686.0,4,811.0
6.0,33.0,14.0,21.0,301.0,789.0,4,811.0
6.0,33.0,14.0,21.0,361.0,789.0,4,811.0
6.0,10.0,47.0,234.0,376.0,591.0,4,918.0
6.0,10.0,52.0,234.0,444.0,591.0,4,918.0
6.0,10.0,52.0,132.0,376.0,444.0,4,918.0
6.0,10.0,47.0,132.0,376.0,444.0,4,591.0
6.0,10.0,47.0,234.0,444.0,591.0,4,918.0
6.0,10.0,132.0,336.0,376.0,444.0,4,591.0
6.0,10.0,132.0,336.0,376.0,444.0,4,591.0
6.0,10.0,132.0,336.0,376.0,444.0,4,918.0
6.0,10.0,132.0,234.0,444.0,591.0,4,918.0
6.0,10.0,47.0,234.0,444.0,591.0,4,918.0
6.0,10.0,47.0,234.0,444.0,591.0,4,918.0
6.0,18.0,45.0,260.0,642.0,758.0,4,834.0
6.0,18.0,45.0,260.0,642.0,758.0,4,834.0
6.0,18.0,25.0,45.0,260.0,758.0,4,834.0
6.0,18.0,25.0,218.0,369.0,396.0,4,642.0
6.0,18.0,45.0,260.0,642.0,758.0,4,834.0
6.0,12.0,237.0,350.0,611.0,788.0,4,856.0
6.0,12.0,216.0,350.0,788.0,856.0,4,986.0
6.0,12.0,194.0,216.0,237.0,386.0,4,771.0
6.0,12.0,194.0,216.0,237.0,386.0,4,788.0
6.0,12.0,237.0,350.0,611.0,788.0,4,856.0
6.0,12.0,237.0,350.0,611.0,788.0,4,856.0
6.0,12.0,237.0,350.0,611.0,788.0,4,856.0
6.0,12.0,237.0,350.0,611.0,788.0,4,856.0
6.0,12.0,216.0,350.0,788.0,856.0,4,986.0
6.0,12.0,237.0,350.0,611.0,788.0,4,856.0
6.0,12.0,237.0,350.0,386.0,611.0,4,788.0
6.0,12.0,237.0,350.0,386.0,611.0,4,788.0
6.0,23.0,136.0,388.0,400.0,822.0,4,994.0
6.0,23.0,136.0,388.0,400.0,822.0,4,994.0
6.0,23.0,33.0,136.0,400.0,451.0,4,822.0
6.0,23.0,33.0,136.0,400.0,451.0,4,822.0
6.0,23.0,136.0,388.0,400.0,822.0,4,994.0
6.0,23.0,136.0,388.0,451.0,822.0,4,994.0
6.0,23.0,33.0,136.0,400.0,822.0,4,994.0
6.0,23.0,136.0,388.0,400.0,822.0,4,994.0
6.0,23.0,136.0,388.0,400.0,822.0,4,994.0
6.0,1.0,78.0,106.0,169.0,188.0,4,790.0
6.0,1.0,78.0,106.0,169.0,463.0,4,790.0
6.0,1.0,78.0,106.0,455.0,577.0,4,790.0
6.0,1.0,78.0,106.0,169.0,455.0,4,790.0
6.0,1.0,78.0,106.0,169.0,188.0,4,790.0
6.0,1.0,106.0,169.0,188.0,455.0,4,790.0
6.0,1.0,106.0,169.0,188.0,455.0,4,790.0
6.0,1.0,169.0,455.0,463.0,517.0,4,790.0
6.0,1.0,169.0,455.0,463.0,517.0,4,577.0
6.0,26.0,333.0,473.0,536.0,620.0,4,948.0
6.0,26.0,72.0,285.0,473.0,536.0,4,620.0
6.0,26.0,285.0,333.0,536.0,914.0,4,948.0
6.0,26.0,333.0,536.0,620.0,857.0,4,948.0
6.0,26.0,72.0,285.0,333.0,620.0,4,857.0
6.0,26.0,72.0,285.0,333.0,620.0,4,857.0
6.0,26.0,285.0,333.0,536.0,620.0,4,948.0
6.0,10.0,132.0,289.0,336.0,444.0,4,829.0
6.0,10.0,132.0,289.0,336.0,444.0,4,829.0
6.0,10.0,132.0,289.0,336.0,444.0,4,829.0
6.0,10.0,47.0,234.0,444.0,591.0,4,918.0
6.0,10.0,47.0,234.0,444.0,591.0,4,918.0
6.0,10.0,47.0,234.0,376.0,444.0,4,918.0
6.0,10.0,234.0,336.0,444.0,591.0,4,918.0
6.0,10.0,234.0,336.0,444.0,591.0,4,918.0
6.0,10.0,47.0,234.0,444.0,591.0,4,918.0
6.0,10.0,47.0,234.0,376.0,444.0,4,918.0
6.0,10.0,47.0,234.0,444.0,591.0,4,918.0
6.0,10.0,47.0,234.0,376.0,591.0,4,918.0
6.0,10.0,47.0,234.0,444.0,591.0,4,918.0
6.0,10.0,47.0,234.0,376.0,591.0,4,918.0
6.0,10.0,234.0,289.0,336.0,444.0,4,918.0
6.0,10.0,52.0,132.0,289.0,444.0,4,829.0
6.0,10.0,234.0,336.0,376.0,591.0,4,918.0
6.0,10.0,47.0,234.0,376.0,444.0,4,591.0
6.0,10.0,132.0,336.0,376.0,444.0,4,591.0
6.0,10.0,47.0,132.0,376.0,591.0,4,918.0
6.0,10.0,132.0,289.0,336.0,444.0,4,829.0
6.0,10.0,289.0,336.0,444.0,652.0,4,829.0
6.0,10.0,47.0,132.0,376.0,591.0,4,918.0
6.0,10.0,132.0,289.0,444.0,591.0,4,918.0
6.0,10.0,132.0,289.0,444.0,591.0,4,918.0
6.0,10.0,132.0,289.0,444.0,591.0,4,918.0
6.0,10.0,47.0,289.0,444.0,591.0,4,918.0
6.0,10.0,47.0,234.0,376.0,591.0,4,918.0
6.0,10.0,47.0,234.0,376.0,591.0,4,918.0
6.0,10.0,132.0,336.0,444.0,591.0,4,918.0
6.0,10.0,132.0,234.0,289.0,444.0,4,829.0
6.0,10.0,132.0,234.0,444.0,591.0,4,918.0
6.0,10.0,47.0,234.0,444.0,591.0,4,918.0
6.0,10.0,47.0,234.0,376.0,591.0,4,918.0
6.0,10.0,47.0,234.0,376.0,591.0,4,918.0
6.0,10.0,234.0,336.0,376.0,591.0,4,918.0
6.0,10.0,132.0,234.0,444.0,591.0,4,918.0
6.0,10.0,47.0,234.0,444.0,591.0,4,918.0
6.0,10.0,289.0,336.0,573.0,652.0,4,829.0
6.0,10.0,47.0,234.0,376.0,591.0,4,918.0
6.0,10.0,47.0,234.0,444.0,591.0,4,918.0
6.0,10.0,132.0,289.0,336.0,444.0,4,829.0
6.0,10.0,47.0,234.0,444.0,591.0,4,918.0
6.0,10.0,47.0,234.0,376.0,591.0,4,918.0
6.0,10.0,234.0,336.0,376.0,591.0,4,918.0
6.0,10.0,47.0,234.0,444.0,591.0,4,918.0
6.0,10.0,47.0,234.0,444.0,591.0,4,918.0
6.0,10.0,234.0,336.0,444.0,591.0,4,918.0
6.0,10.0,132.0,336.0,444.0,591.0,4,918.0
6.0,10.0,132.0,289.0,376.0,444.0,4,829.0
6.0,10.0,132.0,289.0,376.0,444.0,4,829.0
6.0,10.0,132.0,289.0,376.0,444.0,4,829.0
6.0,10.0,289.0,376.0,573.0,652.0,4,829.0
6.0,10.0,289.0,376.0,573.0,652.0,4,829.0
6.0,10.0,47.0,234.0,376.0,591.0,4,918.0
6.0,10.0,234.0,336.0,376.0,444.0,4,591.0
6.0,10.0,132.0,289.0,336.0,376.0,4,444.0
6.0,10.0,47.0,234.0,444.0,591.0,4,918.0
6.0,10.0,47.0,234.0,376.0,591.0,4,918.0
6.0,10.0,47.0,234.0,376.0,591.0,4,918.0
6.0,10.0,47.0,234.0,376.0,591.0,4,918.0
6.0,10.0,234.0,336.0,444.0,591.0,4,918.0
6.0,10.0,132.0,336.0,444.0,591.0,4,918.0
6.0,10.0,132.0,336.0,376.0,444.0,4,918.0
6.0,10.0,132.0,234.0,376.0,444.0,4,918.0
6.0,10.0,47.0,234.0,376.0,444.0,4,918.0
6.0,10.0,234.0,336.0,444.0,573.0,4,918.0
6.0,10.0,132.0,234.0,289.0,444.0,4,918.0
6.0,10.0,47.0,234.0,444.0,591.0,4,918.0
6.0,10.0,47.0,234.0,444.0,591.0,4,918.0
6.0,10.0,47.0,234.0,376.0,591.0,4,918.0
6.0,10.0,47.0,234.0,376.0,444.0,4,918.0
6.0,10.0,132.0,289.0,336.0,444.0,4,591.0
6.0,10.0,132.0,289.0,336.0,444.0,4,591.0
6.0,10.0,132.0,336.0,444.0,591.0,4,918.0
6.0,10.0,47.0,132.0,376.0,444.0,4,918.0
6.0,10.0,132.0,234.0,376.0,591.0,4,918.0
6.0,10.0,132.0,234.0,376.0,444.0,4,918.0
6.0,10.0,132.0,289.0,376.0,444.0,4,918.0
6.0,10.0,132.0,289.0,444.0,591.0,4,918.0
6.0,10.0,132.0,234.0,444.0,591.0,4,918.0
6.0,10.0,289.0,336.0,376.0,573.0,4,829.0
6.0,10.0,132.0,289.0,336.0,444.0,4,918.0
6.0,10.0,132.0,234.0,444.0,591.0,4,918.0
6.0,10.0,132.0,234.0,444.0,591.0,4,918.0
6.0,10.0,47.0,234.0,444.0,591.0,4,918.0
6.0,10.0,47.0,234.0,376.0,591.0,4,918.0
6.0,10.0,132.0,289.0,336.0,444.0,4,918.0
6.0,10.0,132.0,234.0,289.0,444.0,4,918.0
6.0,10.0,47.0,234.0,444.0,591.0,4,918.0
6.0,27.0,359.0,638.0,680.0,777.0,4,1015.0
6.0,27.0,359.0,439.0,477.0,680.0,4,1015.0
6.0,27.0,359.0,439.0,477.0,702.0,4,1015.0
6.0,27.0,359.0,439.0,477.0,702.0,4,1015.0
6.0,27.0,359.0,477.0,668.0,702.0,4,1015.0
6.0,27.0,359.0,439.0,477.0,702.0,4,777.0
6.0,10.0,234.0,336.0,444.0,591.0,4,918.0
6.0,10.0,132.0,336.0,444.0,591.0,4,918.0
6.0,10.0,132.0,336.0,444.0,591.0,4,918.0
6.0,10.0,47.0,234.0,376.0,591.0,4,918.0
6.0,10.0,132.0,234.0,376.0,444.0,4,591.0
6.0,10.0,132.0,234.0,376.0,444.0,4,918.0
6.0,10.0,47.0,234.0,444.0,591.0,4,918.0
6.0,10.0,47.0,234.0,444.0,591.0,4,918.0
6.0,10.0,47.0,234.0,376.0,591.0,4,918.0
6.0,10.0,47.0,234.0,376.0,591.0,4,918.0
6.0,10.0,47.0,234.0,376.0,591.0,4,918.0
6.0,10.0,47.0,234.0,376.0,444.0,4,918.0
6.0,10.0,132.0,234.0,444.0,591.0,4,918.0
6.0,10.0,47.0,234.0,444.0,591.0,4,918.0
6.0,28.0,203.0,397.0,608.0,1002.0,4,1017.0
6.0,28.0,203.0,608.0,701.0,1002.0,4,1017.0
6.0,28.0,321.0,608.0,701.0,876.0,4,1017.0
6.0,28.0,203.0,397.0,608.0,1002.0,4,1017.0
6.0,28.0,203.0,397.0,608.0,1002.0,4,1017.0
6.0,28.0,203.0,608.0,701.0,876.0,4,1017.0
6.0,28.0,321.0,496.0,701.0,876.0,4,1017.0
6.0,28.0,203.0,496.0,701.0,1002.0,4,1017.0
6.0,28.0,203.0,496.0,701.0,1002.0,4,1017.0
6.0,33.0,14.0,361.0,417.0,686.0,4,789.0
6.0,33.0,14.0,361.0,417.0,686.0,4,789.0
6.0,33.0,244.0,258.0,318.0,417.0,4,811.0
6.0,33.0,244.0,258.0,730.0,789.0,4,811.0
6.0,33.0,14.0,361.0,417.0,686.0,4,789.0
6.0,33.0,14.0,361.0,686.0,730.0,4,789.0
6.0,33.0,14.0,361.0,686.0,730.0,4,789.0
6.0,33.0,14.0,361.0,686.0,730.0,4,789.0
6.0,33.0,14.0,686.0,730.0,789.0,4,811.0
6.0,33.0,244.0,258.0,318.0,417.0,4,811.0
6.0,33.0,14.0,686.0,730.0,789.0,4,811.0
6.0,7.0,105.0,161.0,230.0,764.0,4,902.0
6.0,7.0,105.0,161.0,230.0,764.0,4,902.0
6.0,7.0,161.0,230.0,410.0,764.0,4,1005.0
6.0,7.0,105.0,230.0,315.0,764.0,4,902.0
6.0,7.0,105.0,230.0,315.0,764.0,4,1005.0
6.0,7.0,105.0,161.0,230.0,764.0,4,1005.0
6.0,7.0,105.0,161.0,230.0,764.0,4,902.0
6.0,7.0,230.0,315.0,764.0,902.0,4,983.0
6.0,7.0,105.0,230.0,315.0,764.0,4,902.0
6.0,7.0,105.0,230.0,315.0,902.0,4,1005.0
6.0,7.0,105.0,230.0,315.0,902.0,4,1005.0
6.0,7.0,161.0,230.0,764.0,983.0,4,1005.0
6.0,7.0,161.0,279.0,764.0,983.0,4,1005.0
6.0,7.0,161.0,279.0,410.0,983.0,4,1005.0
6.0,7.0,161.0,279.0,410.0,983.0,4,1005.0
6.0,7.0,161.0,279.0,410.0,983.0,4,1005.0
6.0,7.0,201.0,230.0,315.0,410.0,4,438.0
6.0,7.0,87.0,201.0,279.0,410.0,4,438.0
6.0,7.0,105.0,230.0,315.0,764.0,4,902.0
6.0,7.0,105.0,230.0,315.0,764.0,4,902.0
6.0,7.0,105.0,230.0,315.0,764.0,4,1005.0
6.0,7.0,161.0,279.0,764.0,902.0,4,983.0
6.0,7.0,230.0,315.0,764.0,983.0,4,1005.0
6.0,7.0,230.0,315.0,764.0,902.0,4,1005.0
6.0,7.0,161.0,230.0,764.0,902.0,4,1005.0
6.0,7.0,161.0,230.0,410.0,983.0,4,1005.0
6.0,7.0,161.0,230.0,410.0,983.0,4,1005.0
6.0,7.0,161.0,230.0,764.0,983.0,4,1005.0
6.0,7.0,105.0,161.0,279.0,410.0,4,764.0
6.0,7.0,105.0,279.0,315.0,410.0,4,764.0
6.0,7.0,105.0,161.0,230.0,410.0,4,764.0
6.0,7.0,105.0,230.0,315.0,410.0,4,764.0
6.0,7.0,105.0,161.0,230.0,410.0,4,764.0
6.0,7.0,87.0,201.0,230.0,983.0,4,1005.0
6.0,7.0,87.0,279.0,764.0,983.0,4,1005.0
6.0,7.0,87.0,230.0,410.0,983.0,4,1005.0
6.0,7.0,105.0,161.0,230.0,410.0,4,764.0
6.0,7.0,161.0,279.0,764.0,983.0,4,1005.0
6.0,7.0,87.0,279.0,764.0,983.0,4,1005.0
6.0,23.0,136.0,451.0,822.0,853.0,4,994.0
6.0,23.0,136.0,400.0,778.0,815.0,4,925.0
6.0,23.0,136.0,400.0,665.0,815.0,4,822.0
6.0,23.0,136.0,400.0,665.0,815.0,4,822.0
6.0,23.0,136.0,451.0,822.0,853.0,4,994.0
6.0,23.0,400.0,815.0,822.0,853.0,4,994.0
6.0,23.0,136.0,451.0,822.0,853.0,4,994.0
6.0,23.0,400.0,815.0,822.0,853.0,4,994.0
6.0,23.0,400.0,815.0,822.0,853.0,4,925.0
6.0,23.0,400.0,778.0,815.0,853.0,4,925.0
6.0,23.0,136.0,400.0,822.0,925.0,4,994.0
6.0,23.0,136.0,400.0,822.0,853.0,4,994.0
6.0,23.0,136.0,400.0,822.0,853.0,4,994.0
6.0,7.0,161.0,230.0,764.0,846.0,4,983.0
6.0,7.0,161.0,230.0,315.0,764.0,4,1005.0
6.0,7.0,87.0,161.0,230.0,410.0,4,764.0
6.0,7.0,87.0,201.0,846.0,983.0,4,1005.0
6.0,7.0,161.0,201.0,230.0,764.0,4,983.0
6.0,7.0,161.0,201.0,230.0,315.0,4,764.0
6.0,7.0,87.0,410.0,846.0,983.0,4,1005.0
6.0,7.0,161.0,230.0,315.0,410.0,4,764.0
6.0,7.0,161.0,230.0,315.0,410.0,4,764.0
6.0,7.0,161.0,230.0,315.0,410.0,4,764.0
6.0,7.0,161.0,201.0,315.0,764.0,4,846.0
6.0,7.0,87.0,764.0,846.0,983.0,4,1005.0
6.0,12.0,237.0,350.0,611.0,788.0,4,856.0
6.0,12.0,237.0,350.0,611.0,788.0,4,856.0
6.0,12.0,350.0,351.0,386.0,872.0,4,986.0
6.0,12.0,194.0,237.0,351.0,872.0,4,986.0
6.0,12.0,237.0,350.0,611.0,788.0,4,856.0
6.0,12.0,237.0,350.0,611.0,856.0,4,872.0
6.0,12.0,194.0,351.0,386.0,872.0,4,986.0
6.0,12.0,194.0,351.0,386.0,872.0,4,986.0
6.0,12.0,350.0,351.0,788.0,856.0,4,986.0
6.0,6.0,30.0,35.0,275.0,606.0,4,980.0
6.0,6.0,30.0,35.0,213.0,606.0,4,989.0
6.0,6.0,213.0,473.0,769.0,980.0,4,989.0
6.0,6.0,30.0,35.0,275.0,606.0,4,980.0
6.0,6.0,30.0,35.0,213.0,275.0,4,989.0
6.0,6.0,213.0,606.0,769.0,980.0,4,989.0
6.0,6.0,30.0,35.0,213.0,606.0,4,989.0
6.0,6.0,30.0,35.0,275.0,606.0,4,989.0
6.0,7.0,230.0,315.0,764.0,902.0,4,983.0
6.0,7.0,279.0,315.0,764.0,902.0,4,983.0
6.0,7.0,161.0,201.0,279.0,315.0,4,1005.0
6.0,7.0,161.0,230.0,764.0,902.0,4,1005.0
6.0,7.0,161.0,230.0,410.0,764.0,4,902.0
6.0,7.0,230.0,315.0,410.0,764.0,4,902.0
6.0,7.0,230.0,315.0,764.0,902.0,4,1005.0
6.0,7.0,230.0,315.0,764.0,902.0,4,1005.0
6.0,7.0,201.0,279.0,315.0,410.0,4,1005.0
6.0,7.0,161.0,201.0,279.0,410.0,4,1005.0
6.0,26.0,333.0,453.0,536.0,620.0,4,948.0
6.0,26.0,285.0,333.0,536.0,753.0,4,914.0
6.0,26.0,285.0,453.0,649.0,753.0,4,914.0
6.0,26.0,333.0,453.0,536.0,620.0,4,948.0
6.0,26.0,333.0,453.0,536.0,620.0,4,948.0
6.0,26.0,333.0,536.0,599.0,753.0,4,948.0
6.0,26.0,333.0,536.0,599.0,753.0,4,948.0
6.0,26.0,285.0,453.0,536.0,753.0,4,914.0
6.0,26.0,453.0,536.0,599.0,753.0,4,948.0
6.0,4.0,134.0,487.0,589.0,646.0,4,828.0
6.0,4.0,486.0,487.0,589.0,646.0,4,936.0
6.0,4.0,486.0,487.0,646.0,740.0,4,936.0
6.0,4.0,486.0,487.0,646.0,740.0,4,936.0
6.0,4.0,486.0,663.0,740.0,743.0,4,936.0
6.0,4.0,486.0,663.0,740.0,743.0,4,936.0
6.0,4.0,134.0,487.0,589.0,646.0,4,828.0
6.0,4.0,134.0,487.0,589.0,646.0,4,828.0
6.0,4.0,134.0,487.0,589.0,646.0,4,828.0
6.0,4.0,486.0,487.0,589.0,646.0,4,936.0
6.0,4.0,486.0,487.0,646.0,740.0,4,936.0
6.0,4.0,486.0,487.0,663.0,740.0,4,936.0
6.0,4.0,486.0,663.0,683.0,743.0,4,936.0
6.0,7.0,161.0,254.0,410.0,764.0,4,902.0
6.0,7.0,87.0,201.0,230.0,315.0,4,1005.0
6.0,7.0,161.0,201.0,254.0,410.0,4,764.0
6.0,7.0,230.0,315.0,764.0,902.0,4,1005.0
6.0,7.0,161.0,254.0,410.0,764.0,4,902.0
6.0,7.0,87.0,230.0,315.0,410.0,4,764.0
6.0,7.0,87.0,230.0,315.0,764.0,4,1005.0
6.0,7.0,87.0,230.0,254.0,315.0,4,1005.0
6.0,7.0,230.0,315.0,410.0,764.0,4,902.0
6.0,7.0,161.0,254.0,410.0,764.0,4,902.0
6.0,13.0,91.0,137.0,164.0,238.0,4,1024.0
6.0,13.0,91.0,164.0,418.0,609.0,4,688.0
6.0,13.0,319.0,418.0,609.0,688.0,4,855.0
6.0,13.0,319.0,418.0,609.0,688.0,4,855.0
6.0,13.0,91.0,137.0,164.0,238.0,4,418.0
6.0,13.0,91.0,137.0,164.0,238.0,4,418.0
6.0,13.0,91.0,137.0,164.0,238.0,4,418.0
6.0,13.0,91.0,137.0,164.0,238.0,4,418.0
6.0,13.0,91.0,164.0,418.0,609.0,4,688.0
6.0,13.0,319.0,418.0,609.0,688.0,4,855.0
6.0,13.0,319.0,418.0,609.0,688.0,4,855.0
6.0,13.0,319.0,418.0,609.0,688.0,4,855.0
6.0,13.0,319.0,418.0,609.0,688.0,4,867.0
6.0,27.0,359.0,662.0,680.0,702.0,4,897.0
6.0,27.0,439.0,477.0,638.0,777.0,4,886.0
6.0,27.0,359.0,662.0,680.0,702.0,4,897.0
6.0,27.0,359.0,439.0,638.0,680.0,4,777.0
6.0,27.0,439.0,638.0,680.0,777.0,4,886.0
6.0,27.0,359.0,439.0,638.0,680.0,4,886.0
6.0,27.0,359.0,638.0,662.0,886.0,4,897.0
6.0,27.0,359.0,638.0,680.0,886.0,4,897.0
6.0,7.0,230.0,315.0,410.0,764.0,4,1005.0
6.0,7.0,201.0,230.0,315.0,410.0,4,1005.0
6.0,7.0,201.0,230.0,315.0,410.0,4,1005.0
6.0,7.0,201.0,315.0,410.0,846.0,4,1005.0
6.0,7.0,161.0,201.0,410.0,846.0,4,1005.0
6.0,7.0,105.0,161.0,201.0,764.0,4,846.0
6.0,7.0,105.0,230.0,315.0,764.0,4,1005.0
6.0,7.0,230.0,315.0,410.0,764.0,4,1005.0
6.0,7.0,201.0,230.0,254.0,315.0,4,410.0
6.0,7.0,87.0,230.0,410.0,438.0,4,846.0
6.0,1.0,106.0,455.0,577.0,790.0,4,808.0
6.0,1.0,188.0,442.0,455.0,463.0,4,577.0
6.0,1.0,106.0,169.0,455.0,790.0,4,808.0
6.0,1.0,106.0,455.0,577.0,790.0,4,808.0
6.0,1.0,169.0,188.0,442.0,463.0,4,808.0
6.0,1.0,188.0,442.0,463.0,577.0,4,808.0
6.0,1.0,106.0,455.0,463.0,790.0,4,808.0
6.0,32.0,241.0,302.0,511.0,524.0,4,711.0
6.0,32.0,17.0,34.0,504.0,524.0,4,627.0
6.0,32.0,34.0,241.0,504.0,627.0,4,944.0
6.0,32.0,34.0,241.0,504.0,627.0,4,944.0
6.0,32.0,241.0,302.0,524.0,627.0,4,711.0
6.0,32.0,241.0,302.0,511.0,524.0,4,711.0
6.0,32.0,17.0,34.0,241.0,524.0,4,627.0
6.0,32.0,17.0,34.0,504.0,627.0,4,944.0
6.0,32.0,17.0,34.0,504.0,627.0,4,944.0
6.0,32.0,17.0,34.0,504.0,627.0,4,944.0
6.0,32.0,17.0,34.0,504.0,627.0,4,944.0
6.0,32.0,504.0,511.0,524.0,799.0,4,944.0
6.0,18.0,45.0,218.0,642.0,758.0,4,834.0
6.0,18.0,25.0,260.0,369.0,396.0,4,834.0
6.0,18.0,25.0,260.0,369.0,396.0,4,834.0
6.0,18.0,25.0,260.0,369.0,396.0,4,834.0
6.0,18.0,25.0,260.0,369.0,396.0,4,642.0
6.0,18.0,25.0,260.0,396.0,642.0,4,758.0
6.0,18.0,45.0,260.0,396.0,642.0,4,758.0
6.0,18.0,25.0,45.0,260.0,642.0,4,758.0
6.0,18.0,25.0,45.0,218.0,642.0,4,758.0
6.0,18.0,25.0,45.0,260.0,369.0,4,396.0
6.0,18.0,45.0,218.0,396.0,642.0,4,758.0
6.0,7.0,161.0,201.0,254.0,764.0,4,902.0
6.0,7.0,161.0,230.0,764.0,902.0,4,1005.0
6.0,7.0,105.0,230.0,279.0,410.0,4,1005.0
6.0,7.0,161.0,230.0,764.0,902.0,4,1005.0
6.0,7.0,161.0,201.0,230.0,764.0,4,902.0
6.0,7.0,105.0,279.0,410.0,764.0,4,1005.0
6.0,7.0,105.0,201.0,279.0,410.0,4,1005.0
6.0,7.0,161.0,230.0,410.0,764.0,4,902.0
6.0,15.0,659.0,714.0,860.0,960.0,4,1036.0
6.0,15.0,659.0,714.0,860.0,960.0,4,1036.0
6.0,15.0,229.0,659.0,714.0,860.0,4,960.0
6.0,15.0,229.0,484.0,659.0,802.0,4,1013.0
6.0,15.0,229.0,484.0,802.0,860.0,4,1036.0
6.0,15.0,659.0,714.0,860.0,960.0,4,1036.0
6.0,15.0,659.0,714.0,860.0,960.0,4,1036.0
6.0,15.0,684.0,714.0,860.0,960.0,4,1036.0
6.0,15.0,684.0,714.0,860.0,960.0,4,1036.0
6.0,15.0,229.0,684.0,714.0,860.0,4,960.0
6.0,15.0,229.0,484.0,802.0,860.0,4,1036.0
6.0,34.0,104.0,316.0,345.0,685.0,4,747.0
6.0,34.0,104.0,316.0,345.0,436.0,4,685.0
6.0,34.0,104.0,436.0,517.0,583.0,4,906.0
6.0,34.0,139.0,436.0,517.0,583.0,4,906.0
6.0,34.0,139.0,436.0,517.0,747.0,4,906.0
6.0,34.0,139.0,436.0,517.0,747.0,4,906.0
6.0,34.0,104.0,436.0,517.0,583.0,4,906.0
6.0,34.0,104.0,316.0,345.0,685.0,4,747.0
6.0,7.0,161.0,201.0,230.0,902.0,4,1005.0
6.0,7.0,201.0,277.0,315.0,846.0,4,1005.0
6.0,7.0,201.0,277.0,315.0,410.0,4,846.0
6.0,7.0,230.0,315.0,410.0,902.0,4,1005.0
6.0,7.0,161.0,201.0,230.0,277.0,4,1005.0
6.0,7.0,161.0,230.0,277.0,764.0,4,902.0
6.0,7.0,315.0,410.0,846.0,902.0,4,1005.0
6.0,7.0,230.0,315.0,764.0,902.0,4,1005.0
6.0,7.0,230.0,315.0,764.0,902.0,4,1005.0
6.0,33.0,21.0,258.0,301.0,318.0,4,361.0
6.0,33.0,21.0,258.0,301.0,318.0,4,361.0
6.0,33.0,21.0,258.0,301.0,318.0,4,361.0
6.0,33.0,14.0,361.0,417.0,789.0,4,811.0
6.0,33.0,14.0,361.0,686.0,789.0,4,811.0
6.0,33.0,14.0,417.0,686.0,789.0,4,811.0
6.0,33.0,258.0,301.0,318.0,361.0,4,811.0
6.0,33.0,21.0,301.0,318.0,361.0,4,789.0
6.0,33.0,14.0,21.0,301.0,361.0,4,789.0
6.0,33.0,14.0,21.0,361.0,789.0,4,811.0
6.0,33.0,14.0,21.0,361.0,789.0,4,811.0
6.0,13.0,91.0,137.0,164.0,238.0,4,1024.0
6.0,13.0,91.0,164.0,418.0,609.0,4,688.0
6.0,13.0,319.0,418.0,609.0,688.0,4,855.0
6.0,13.0,91.0,164.0,418.0,609.0,4,688.0
6.0,13.0,91.0,164.0,238.0,418.0,4,688.0
6.0,13.0,137.0,164.0,609.0,688.0,4,855.0
6.0,13.0,164.0,418.0,609.0,688.0,4,855.0
6.0,13.0,164.0,418.0,609.0,688.0,4,855.0
6.0,13.0,91.0,164.0,418.0,688.0,4,855.0
6.0,13.0,91.0,137.0,164.0,609.0,4,688.0
6.0,29.0,242.0,338.0,392.0,456.0,4,505.0
6.0,29.0,242.0,392.0,456.0,505.0,4,990.0
6.0,29.0,1.0,173.0,426.0,951.0,4,990.0
6.0,29.0,242.0,338.0,392.0,456.0,4,505.0
6.0,29.0,242.0,338.0,392.0,505.0,4,990.0
6.0,29.0,242.0,338.0,392.0,505.0,4,990.0
6.0,29.0,1.0,485.0,670.0,951.0,4,990.0
6.0,29.0,242.0,338.0,456.0,505.0,4,990.0
6.0,29.0,242.0,338.0,392.0,456.0,4,505.0
6.0,7.0,161.0,230.0,277.0,764.0,4,902.0
6.0,7.0,161.0,230.0,764.0,902.0,4,1005.0
6.0,7.0,277.0,315.0,410.0,846.0,4,1005.0
6.0,7.0,201.0,277.0,315.0,410.0,4,846.0
6.0,7.0,201.0,315.0,846.0,902.0,4,1005.0
6.0,7.0,161.0,230.0,277.0,764.0,4,1005.0
6.0,7.0,161.0,230.0,277.0,764.0,4,902.0
6.0,7.0,161.0,230.0,764.0,902.0,4,1005.0
6.0,7.0,315.0,764.0,846.0,902.0,4,1005.0
6.0,7.0,315.0,764.0,846.0,902.0,4,1005.0
6.0,7.0,277.0,315.0,410.0,846.0,4,1005.0
6.0,7.0,161.0,230.0,277.0,764.0,4,902.0
6.0,7.0,230.0,277.0,315.0,764.0,4,902.0
6.0,7.0,230.0,315.0,764.0,902.0,4,1005.0
6.0,7.0,105.0,201.0,277.0,410.0,4,846.0
6.0,7.0,161.0,277.0,410.0,764.0,4,846.0
6.0,7.0,230.0,277.0,315.0,764.0,4,1005.0
6.0,7.0,230.0,277.0,315.0,764.0,4,1005.0
6.0,7.0,161.0,230.0,277.0,764.0,4,902.0
6.0,7.0,161.0,230.0,764.0,902.0,4,1005.0
6.0,7.0,230.0,315.0,410.0,764.0,4,902.0
6.0,7.0,230.0,315.0,410.0,764.0,4,902.0
6.0,7.0,230.0,315.0,764.0,902.0,4,1005.0
6.0,7.0,230.0,277.0,315.0,764.0,4,1005.0
6.0,25.0,74.0,245.0,356.0,421.0,4,759.0
6.0,25.0,297.0,356.0,398.0,531.0,4,696.0
6.0,25.0,74.0,297.0,356.0,398.0,4,759.0
6.0,25.0,74.0,245.0,356.0,421.0,4,759.0
6.0,25.0,356.0,398.0,421.0,531.0,4,696.0
6.0,25.0,297.0,398.0,531.0,696.0,4,759.0
6.0,25.0,74.0,398.0,421.0,531.0,4,759.0
6.0,25.0,74.0,356.0,398.0,421.0,4,759.0
6.0,7.0,230.0,315.0,764.0,902.0,4,1005.0
6.0,7.0,201.0,277.0,315.0,846.0,4,1005.0
6.0,7.0,201.0,277.0,315.0,846.0,4,1005.0
6.0,7.0,161.0,201.0,277.0,764.0,4,846.0
6.0,7.0,161.0,230.0,277.0,764.0,4,902.0
6.0,7.0,277.0,315.0,764.0,846.0,4,1005.0
6.0,7.0,277.0,315.0,764.0,846.0,4,902.0
6.0,7.0,315.0,764.0,846.0,902.0,4,1005.0
6.0,7.0,105.0,201.0,230.0,277.0,4,1005.0
6.0,7.0,105.0,230.0,764.0,902.0,4,1005.0
6.0,28.0,203.0,397.0,608.0,854.0,4,1016.0
6.0,28.0,203.0,608.0,639.0,754.0,4,1016.0
6.0,28.0,203.0,397.0,639.0,876.0,4,1016.0
6.0,28.0,397.0,608.0,754.0,854.0,4,876.0
6.0,27.0,359.0,439.0,638.0,662.0,4,777.0
6.0,27.0,359.0,439.0,662.0,702.0,4,777.0
6.0,27.0,359.0,439.0,662.0,702.0,4,897.0
6.0,27.0,569.0,638.0,680.0,702.0,4,897.0
6.0,27.0,359.0,439.0,662.0,702.0,4,777.0
6.0,27.0,359.0,439.0,638.0,662.0,4,777.0
6.0,27.0,569.0,638.0,680.0,702.0,4,897.0
6.0,27.0,359.0,638.0,702.0,777.0,4,897.0
6.0,27.0,359.0,439.0,638.0,777.0,4,897.0
6.0,7.0,230.0,315.0,764.0,902.0,4,1005.0
6.0,7.0,277.0,315.0,410.0,764.0,4,846.0
6.0,7.0,315.0,764.0,846.0,902.0,4,1005.0
6.0,7.0,105.0,230.0,277.0,764.0,4,1005.0
6.0,7.0,230.0,277.0,315.0,764.0,4,1005.0
6.0,7.0,87.0,230.0,277.0,764.0,4,902.0
6.0,7.0,277.0,315.0,410.0,846.0,4,1005.0
6.0,7.0,87.0,277.0,410.0,764.0,4,846.0
6.0,7.0,87.0,230.0,764.0,902.0,4,1005.0
6.0,7.0,87.0,230.0,277.0,764.0,4,902.0
6.0,7.0,277.0,315.0,764.0,846.0,4,1005.0
6.0,7.0,277.0,315.0,410.0,718.0,4,846.0
6.0,7.0,230.0,315.0,764.0,902.0,4,1005.0
6.0,7.0,105.0,230.0,277.0,764.0,4,1005.0
6.0,7.0,105.0,277.0,410.0,846.0,4,1005.0
6.0,7.0,105.0,277.0,410.0,846.0,4,1005.0
6.0,7.0,105.0,277.0,410.0,764.0,4,846.0
6.0,7.0,105.0,230.0,277.0,764.0,4,1005.0
6.0,7.0,87.0,230.0,277.0,764.0,4,902.0
6.0,7.0,230.0,315.0,764.0,902.0,4,1005.0
6.0,7.0,201.0,230.0,315.0,902.0,4,1005.0
6.0,7.0,201.0,277.0,315.0,846.0,4,1005.0
6.0,7.0,201.0,277.0,315.0,410.0,4,846.0
6.0,7.0,105.0,230.0,764.0,902.0,4,1005.0
6.0,7.0,105.0,230.0,764.0,902.0,4,1005.0
6.0,7.0,230.0,277.0,315.0,764.0,4,902.0
6.0,7.0,105.0,230.0,277.0,902.0,4,1005.0
6.0,7.0,87.0,230.0,277.0,764.0,4,902.0
6.0,7.0,230.0,315.0,764.0,902.0,4,1005.0
6.0,7.0,277.0,315.0,410.0,846.0,4,1005.0
6.0,7.0,105.0,277.0,410.0,846.0,4,1005.0
6.0,7.0,105.0,277.0,410.0,718.0,4,1005.0
6.0,7.0,105.0,277.0,410.0,718.0,4,764.0
6.0,7.0,105.0,230.0,764.0,902.0,4,1005.0
6.0,7.0,87.0,201.0,410.0,718.0,4,846.0
6.0,7.0,87.0,230.0,277.0,764.0,4,902.0
6.0,7.0,277.0,315.0,410.0,718.0,4,1005.0
6.0,7.0,277.0,315.0,410.0,718.0,4,1005.0
6.0,7.0,277.0,315.0,410.0,718.0,4,1005.0
6.0,7.0,230.0,315.0,764.0,902.0,4,1005.0
6.0,7.0,277.0,315.0,410.0,718.0,4,1005.0
6.0,7.0,105.0,277.0,410.0,718.0,4,764.0
6.0,7.0,105.0,718.0,764.0,902.0,4,1005.0
6.0,7.0,105.0,230.0,764.0,902.0,4,1005.0
6.0,7.0,105.0,230.0,764.0,902.0,4,1005.0
6.0,7.0,87.0,230.0,277.0,764.0,4,902.0
6.0,7.0,315.0,410.0,718.0,902.0,4,1005.0
6.0,7.0,105.0,230.0,410.0,764.0,4,902.0
6.0,7.0,105.0,230.0,410.0,764.0,4,902.0
6.0,7.0,105.0,230.0,277.0,764.0,4,1005.0
6.0,7.0,230.0,315.0,764.0,902.0,4,1005.0
6.0,7.0,230.0,277.0,315.0,764.0,4,1005.0
6.0,7.0,277.0,315.0,410.0,718.0,4,1005.0
6.0,7.0,105.0,230.0,277.0,764.0,4,902.0
6.0,15.0,76.0,229.0,484.0,659.0,4,802.0
6.0,15.0,76.0,229.0,484.0,659.0,4,802.0
6.0,15.0,76.0,302.0,484.0,802.0,4,1036.0
6.0,15.0,659.0,714.0,941.0,960.0,4,1036.0
6.0,15.0,659.0,714.0,802.0,941.0,4,1036.0
6.0,15.0,659.0,714.0,941.0,960.0,4,1036.0
6.0,15.0,659.0,714.0,941.0,960.0,4,1036.0
6.0,15.0,229.0,659.0,714.0,941.0,4,960.0
6.0,15.0,484.0,659.0,714.0,802.0,4,1036.0
6.0,15.0,484.0,659.0,714.0,802.0,4,1036.0
6.0,15.0,659.0,714.0,941.0,960.0,4,1036.0
6.0,2.0,120.0,126.0,255.0,353.0,4,595.0
6.0,2.0,36.0,126.0,493.0,561.0,4,595.0
6.0,2.0,36.0,126.0,493.0,561.0,4,595.0
6.0,2.0,36.0,126.0,493.0,561.0,4,728.0
6.0,2.0,120.0,126.0,255.0,561.0,4,728.0
6.0,2.0,120.0,126.0,255.0,561.0,4,728.0
6.0,2.0,120.0,126.0,255.0,561.0,4,728.0
6.0,9.0,109.0,366.0,452.0,524.0,4,604.0
6.0,9.0,366.0,510.0,524.0,604.0,4,845.0
6.0,9.0,366.0,510.0,524.0,604.0,4,845.0
6.0,9.0,109.0,366.0,452.0,587.0,4,1019.0
6.0,9.0,366.0,452.0,524.0,587.0,4,845.0
6.0,9.0,109.0,366.0,452.0,524.0,4,604.0
6.0,9.0,109.0,366.0,510.0,524.0,4,604.0
6.0,9.0,149.0,452.0,524.0,587.0,4,1019.0
6.0,9.0,109.0,149.0,452.0,524.0,4,587.0
6.0,18.0,260.0,369.0,642.0,710.0,4,834.0
6.0,18.0,25.0,218.0,369.0,396.0,4,642.0
6.0,18.0,218.0,260.0,369.0,396.0,4,642.0
6.0,18.0,260.0,369.0,396.0,642.0,4,834.0
6.0,18.0,260.0,369.0,642.0,710.0,4,834.0
6.0,18.0,260.0,369.0,396.0,642.0,4,834.0
6.0,18.0,25.0,218.0,260.0,396.0,4,710.0
6.0,17.0,108.0,328.0,619.0,715.0,4,731.0
6.0,17.0,108.0,310.0,372.0,715.0,4,731.0
6.0,17.0,310.0,372.0,398.0,715.0,4,731.0
6.0,17.0,310.0,372.0,398.0,715.0,4,731.0
6.0,17.0,108.0,310.0,372.0,398.0,4,682.0
6.0,17.0,108.0,328.0,398.0,619.0,4,682.0
6.0,17.0,328.0,398.0,619.0,715.0,4,731.0
6.0,17.0,328.0,398.0,619.0,715.0,4,731.0
6.0,17.0,328.0,398.0,619.0,715.0,4,731.0
6.0,17.0,310.0,372.0,398.0,682.0,4,731.0
6.0,17.0,108.0,310.0,372.0,715.0,4,731.0
6.0,17.0,108.0,310.0,619.0,715.0,4,731.0
6.0,17.0,310.0,398.0,619.0,715.0,4,731.0
6.0,17.0,310.0,398.0,619.0,715.0,4,731.0
6.0,17.0,328.0,398.0,619.0,715.0,4,731.0
6.0,7.0,105.0,161.0,230.0,410.0,4,764.0
6.0,7.0,277.0,315.0,718.0,846.0,4,1005.0
6.0,7.0,277.0,315.0,410.0,718.0,4,846.0
6.0,7.0,277.0,315.0,410.0,718.0,4,846.0
6.0,7.0,277.0,315.0,764.0,846.0,4,1005.0
6.0,7.0,105.0,277.0,410.0,718.0,4,764.0
6.0,7.0,105.0,315.0,410.0,718.0,4,764.0
6.0,7.0,230.0,315.0,410.0,764.0,4,1005.0
6.0,7.0,105.0,230.0,277.0,410.0,4,846.0
6.0,7.0,105.0,230.0,410.0,846.0,4,1005.0
6.0,7.0,277.0,410.0,764.0,846.0,4,1005.0
6.0,0.0,13.0,465.0,503.0,535.0,4,601.0
6.0,0.0,13.0,465.0,503.0,535.0,4,601.0
6.0,0.0,64.0,394.0,465.0,503.0,4,535.0
6.0,0.0,13.0,64.0,465.0,503.0,4,601.0
6.0,0.0,64.0,201.0,503.0,721.0,4,906.0
6.0,0.0,64.0,201.0,503.0,721.0,4,906.0
6.0,7.0,161.0,277.0,410.0,718.0,4,764.0
6.0,7.0,105.0,161.0,718.0,764.0,4,1005.0
6.0,7.0,105.0,230.0,315.0,764.0,4,1005.0
6.0,7.0,105.0,315.0,718.0,764.0,4,1005.0
6.0,7.0,161.0,277.0,718.0,764.0,4,1005.0
6.0,7.0,161.0,277.0,410.0,718.0,4,764.0
6.0,7.0,161.0,277.0,410.0,718.0,4,764.0
6.0,7.0,60.0,230.0,277.0,315.0,4,1005.0
6.0,7.0,105.0,277.0,718.0,764.0,4,902.0
6.0,7.0,105.0,718.0,764.0,902.0,4,1005.0
6.0,7.0,161.0,230.0,277.0,764.0,4,1005.0
6.0,7.0,105.0,230.0,277.0,764.0,4,1005.0
6.0,7.0,105.0,230.0,277.0,764.0,4,1005.0
6.0,7.0,105.0,277.0,718.0,764.0,4,902.0
6.0,7.0,161.0,230.0,764.0,902.0,4,1005.0
6.0,7.0,105.0,230.0,277.0,764.0,4,1005.0
6.0,7.0,105.0,230.0,764.0,902.0,4,1005.0
6.0,7.0,105.0,230.0,764.0,902.0,4,1005.0
6.0,7.0,105.0,230.0,277.0,764.0,4,1005.0
6.0,7.0,105.0,277.0,718.0,764.0,4,902.0
6.0,7.0,105.0,230.0,315.0,764.0,4,1005.0
6.0,7.0,230.0,277.0,315.0,410.0,4,1005.0
6.0,7.0,230.0,277.0,315.0,410.0,4,764.0
6.0,7.0,161.0,718.0,764.0,902.0,4,1005.0
6.0,7.0,277.0,315.0,718.0,764.0,4,902.0
6.0,7.0,315.0,718.0,764.0,902.0,4,1005.0
6.0,7.0,277.0,315.0,410.0,718.0,4,1005.0
6.0,7.0,277.0,315.0,410.0,718.0,4,1005.0
6.0,7.0,105.0,230.0,410.0,902.0,4,1005.0
6.0,7.0,105.0,230.0,764.0,902.0,4,1005.0
6.0,7.0,105.0,230.0,410.0,718.0,4,764.0
6.0,7.0,105.0,277.0,718.0,764.0,4,902.0
6.0,7.0,315.0,718.0,764.0,902.0,4,1005.0
6.0,7.0,230.0,277.0,315.0,410.0,4,1005.0
6.0,7.0,105.0,230.0,277.0,410.0,4,764.0
6.0,7.0,105.0,277.0,410.0,718.0,4,764.0
6.0,7.0,315.0,718.0,764.0,902.0,4,1005.0
6.0,7.0,315.0,718.0,764.0,902.0,4,1005.0
6.0,7.0,105.0,230.0,277.0,764.0,4,902.0
6.0,7.0,230.0,277.0,315.0,764.0,4,1005.0
6.0,7.0,230.0,277.0,315.0,764.0,4,1005.0
6.0,7.0,105.0,230.0,277.0,764.0,4,902.0
6.0,7.0,105.0,277.0,410.0,718.0,4,1005.0
6.0,7.0,105.0,230.0,277.0,410.0,4,1005.0
6.0,7.0,230.0,315.0,764.0,902.0,4,1005.0
6.0,7.0,230.0,315.0,764.0,902.0,4,1005.0
6.0,7.0,105.0,230.0,277.0,764.0,4,1005.0
6.0,7.0,60.0,105.0,230.0,277.0,4,1005.0
6.0,7.0,105.0,230.0,764.0,902.0,4,1005.0
6.0,7.0,105.0,230.0,764.0,902.0,4,1005.0
6.0,7.0,105.0,230.0,277.0,410.0,4,764.0
6.0,7.0,230.0,277.0,410.0,764.0,4,902.0
6.0,7.0,105.0,277.0,718.0,764.0,4,1005.0
6.0,7.0,105.0,230.0,764.0,902.0,4,1005.0
6.0,7.0,105.0,230.0,764.0,902.0,4,1005.0
6.0,7.0,105.0,277.0,718.0,764.0,4,1005.0
6.0,7.0,277.0,718.0,764.0,902.0,4,1005.0
6.0,29.0,392.0,456.0,505.0,784.0,4,990.0
6.0,29.0,242.0,485.0,505.0,784.0,4,990.0
6.0,29.0,392.0,456.0,784.0,971.0,4,990.0
6.0,29.0,456.0,784.0,959.0,971.0,4,990.0
6.0,29.0,456.0,784.0,959.0,971.0,4,990.0
6.0,29.0,392.0,426.0,784.0,959.0,4,971.0
6.0,29.0,392.0,456.0,784.0,959.0,4,990.0
6.0,28.0,203.0,608.0,701.0,1002.0,4,1016.0
6.0,28.0,203.0,397.0,608.0,639.0,4,1017.0
6.0,28.0,203.0,608.0,639.0,1002.0,4,1017.0
6.0,28.0,321.0,608.0,639.0,1002.0,4,1017.0
6.0,28.0,203.0,321.0,639.0,701.0,4,1017.0
6.0,28.0,203.0,321.0,639.0,701.0,4,1017.0
6.0,7.0,87.0,105.0,230.0,410.0,4,1005.0
6.0,7.0,105.0,277.0,410.0,525.0,4,1005.0
6.0,7.0,105.0,277.0,718.0,764.0,4,902.0
6.0,7.0,105.0,277.0,718.0,764.0,4,1005.0
6.0,7.0,161.0,277.0,718.0,764.0,4,902.0
6.0,7.0,105.0,230.0,764.0,902.0,4,1005.0
6.0,7.0,60.0,161.0,230.0,277.0,4,1005.0
6.0,7.0,277.0,718.0,764.0,902.0,4,1005.0
6.0,7.0,161.0,718.0,764.0,902.0,4,1005.0
6.0,7.0,105.0,718.0,764.0,902.0,4,1005.0
6.0,7.0,161.0,230.0,764.0,902.0,4,1005.0
6.0,7.0,161.0,230.0,764.0,902.0,4,1005.0
6.0,7.0,161.0,230.0,277.0,718.0,4,1005.0
6.0,7.0,60.0,105.0,277.0,718.0,4,1005.0
6.0,7.0,105.0,230.0,764.0,902.0,4,1005.0
6.0,7.0,60.0,105.0,230.0,277.0,4,410.0
6.0,7.0,105.0,230.0,277.0,410.0,4,1005.0
6.0,7.0,230.0,315.0,410.0,902.0,4,1005.0
6.0,7.0,315.0,410.0,718.0,902.0,4,1005.0
6.0,7.0,105.0,230.0,277.0,764.0,4,1005.0
6.0,7.0,105.0,230.0,277.0,764.0,4,1005.0
6.0,7.0,105.0,718.0,764.0,902.0,4,1005.0
6.0,7.0,105.0,718.0,764.0,902.0,4,1005.0
6.0,7.0,105.0,230.0,277.0,764.0,4,1005.0
6.0,7.0,230.0,315.0,764.0,902.0,4,1005.0
6.0,7.0,230.0,315.0,410.0,902.0,4,1005.0
6.0,7.0,230.0,315.0,410.0,902.0,4,1005.0
6.0,13.0,91.0,137.0,164.0,238.0,4,1024.0
6.0,13.0,137.0,319.0,418.0,855.0,4,867.0
6.0,13.0,319.0,418.0,609.0,855.0,4,1024.0
6.0,13.0,319.0,418.0,609.0,855.0,4,1024.0
6.0,13.0,319.0,418.0,609.0,855.0,4,1024.0
6.0,13.0,91.0,164.0,418.0,609.0,4,1024.0
6.0,13.0,91.0,137.0,164.0,238.0,4,1024.0
6.0,13.0,319.0,418.0,609.0,855.0,4,1024.0
6.0,13.0,319.0,418.0,609.0,855.0,4,1024.0
6.0,13.0,91.0,137.0,164.0,238.0,4,418.0
6.0,13.0,91.0,137.0,164.0,238.0,4,418.0
6.0,13.0,91.0,137.0,164.0,238.0,4,1024.0
6.0,13.0,91.0,137.0,164.0,238.0,4,1024.0
6.0,13.0,319.0,418.0,688.0,855.0,4,867.0
6.0,13.0,319.0,418.0,688.0,855.0,4,867.0
6.0,13.0,91.0,137.0,164.0,238.0,4,1024.0
6.0,13.0,91.0,137.0,164.0,238.0,4,319.0
6.0,13.0,91.0,319.0,418.0,688.0,4,867.0
6.0,13.0,91.0,164.0,418.0,688.0,4,867.0
6.0,13.0,91.0,164.0,418.0,688.0,4,867.0
6.0,28.0,203.0,608.0,701.0,754.0,4,854.0
6.0,28.0,203.0,397.0,608.0,754.0,4,1016.0
6.0,28.0,203.0,608.0,701.0,754.0,4,1016.0
6.0,28.0,203.0,608.0,701.0,754.0,4,1016.0
6.0,28.0,608.0,701.0,754.0,854.0,4,1016.0
6.0,13.0,91.0,137.0,164.0,238.0,4,1024.0
6.0,13.0,91.0,319.0,418.0,688.0,4,867.0
6.0,13.0,319.0,418.0,688.0,855.0,4,867.0
6.0,13.0,164.0,418.0,609.0,688.0,4,855.0
6.0,13.0,91.0,137.0,164.0,238.0,4,1024.0
6.0,13.0,91.0,137.0,238.0,319.0,4,418.0
6.0,13.0,319.0,418.0,688.0,855.0,4,867.0
6.0,13.0,319.0,418.0,688.0,855.0,4,867.0
6.0,13.0,319.0,418.0,688.0,855.0,4,867.0
6.0,13.0,91.0,164.0,238.0,418.0,4,688.0
6.0,13.0,91.0,137.0,164.0,238.0,4,1024.0
6.0,13.0,91.0,164.0,418.0,688.0,4,867.0
6.0,13.0,91.0,319.0,418.0,688.0,4,867.0
6.0,13.0,319.0,418.0,609.0,688.0,4,867.0
6.0,13.0,319.0,418.0,609.0,688.0,4,867.0
6.0,13.0,91.0,137.0,164.0,238.0,4,1024.0
6.0,13.0,319.0,418.0,609.0,688.0,4,867.0
6.0,13.0,91.0,164.0,238.0,418.0,4,688.0
6.0,2.0,120.0,255.0,353.0,561.0,4,824.0
6.0,2.0,36.0,126.0,483.0,561.0,4,824.0
6.0,2.0,120.0,255.0,353.0,483.0,4,493.0
6.0,2.0,120.0,255.0,353.0,493.0,4,595.0
6.0,2.0,120.0,255.0,353.0,493.0,4,595.0
6.0,2.0,120.0,255.0,353.0,493.0,4,595.0
6.0,2.0,120.0,255.0,353.0,493.0,4,824.0
6.0,0.0,60.0,394.0,465.0,634.0,4,1037.0
6.0,0.0,60.0,394.0,465.0,634.0,4,1037.0
6.0,0.0,60.0,394.0,465.0,634.0,4,1037.0
6.0,0.0,13.0,465.0,601.0,634.0,4,1037.0
6.0,0.0,13.0,60.0,601.0,634.0,4,1037.0
6.0,0.0,13.0,465.0,535.0,601.0,4,1037.0
6.0,0.0,13.0,465.0,535.0,601.0,4,1037.0
6.0,0.0,13.0,394.0,465.0,535.0,4,634.0
6.0,0.0,13.0,394.0,465.0,535.0,4,634.0
6.0,0.0,13.0,465.0,535.0,601.0,4,1037.0
6.0,13.0,91.0,137.0,164.0,238.0,4,1024.0
6.0,13.0,91.0,319.0,418.0,688.0,4,867.0
6.0,13.0,91.0,164.0,319.0,418.0,4,609.0
6.0,13.0,91.0,137.0,164.0,418.0,4,609.0
6.0,13.0,91.0,137.0,164.0,688.0,4,1024.0
6.0,13.0,91.0,164.0,319.0,418.0,4,609.0
6.0,13.0,137.0,319.0,418.0,609.0,4,688.0
6.0,13.0,91.0,137.0,164.0,238.0,4,418.0
6.0,13.0,91.0,137.0,164.0,238.0,4,418.0
6.0,13.0,319.0,418.0,609.0,688.0,4,855.0
6.0,13.0,91.0,164.0,238.0,319.0,4,688.0
6.0,13.0,91.0,137.0,151.0,164.0,4,238.0
6.0,13.0,91.0,137.0,151.0,164.0,4,238.0
6.0,13.0,137.0,164.0,418.0,609.0,4,855.0
6.0,13.0,164.0,418.0,609.0,688.0,4,867.0
6.0,13.0,91.0,164.0,238.0,418.0,4,688.0
6.0,13.0,91.0,137.0,151.0,164.0,4,238.0
6.0,13.0,91.0,137.0,238.0,319.0,4,418.0
6.0,13.0,91.0,319.0,418.0,609.0,4,688.0
6.0,13.0,319.0,418.0,609.0,688.0,4,855.0
6.0,13.0,91.0,151.0,164.0,688.0,4,855.0
6.0,13.0,91.0,137.0,151.0,164.0,4,238.0
6.0,13.0,91.0,137.0,151.0,164.0,4,238.0
6.0,13.0,91.0,137.0,151.0,164.0,4,238.0
6.0,13.0,91.0,137.0,164.0,238.0,4,418.0
6.0,13.0,91.0,164.0,238.0,418.0,4,688.0
6.0,13.0,319.0,418.0,609.0,688.0,4,855.0
6.0,13.0,319.0,418.0,609.0,688.0,4,867.0
6.0,13.0,319.0,418.0,609.0,688.0,4,867.0
6.0,33.0,14.0,244.0,730.0,789.0,4,811.0
6.0,33.0,14.0,244.0,730.0,789.0,4,811.0
6.0,33.0,14.0,361.0,470.0,730.0,4,811.0
6.0,33.0,21.0,301.0,318.0,361.0,4,470.0
6.0,33.0,14.0,361.0,730.0,789.0,4,811.0
6.0,33.0,14.0,244.0,730.0,789.0,4,811.0
6.0,33.0,14.0,244.0,730.0,789.0,4,811.0
6.0,33.0,14.0,318.0,361.0,730.0,4,811.0
6.0,33.0,21.0,301.0,318.0,361.0,4,470.0
6.0,33.0,14.0,244.0,730.0,789.0,4,811.0
6.0,13.0,91.0,137.0,164.0,238.0,4,1024.0
6.0,13.0,91.0,164.0,418.0,609.0,4,688.0
6.0,13.0,164.0,238.0,418.0,609.0,4,688.0
6.0,13.0,91.0,164.0,238.0,418.0,4,688.0
6.0,13.0,91.0,137.0,164.0,238.0,4,418.0
6.0,13.0,319.0,418.0,609.0,688.0,4,855.0
6.0,13.0,319.0,418.0,609.0,688.0,4,855.0
6.0,13.0,319.0,418.0,609.0,688.0,4,855.0
6.0,13.0,319.0,418.0,688.0,855.0,4,867.0
6.0,13.0,91.0,164.0,418.0,609.0,4,688.0
6.0,13.0,319.0,418.0,609.0,688.0,4,855.0
6.0,13.0,164.0,238.0,418.0,688.0,4,855.0
6.0,13.0,91.0,137.0,164.0,238.0,4,418.0
6.0,13.0,91.0,137.0,164.0,238.0,4,418.0
6.0,13.0,319.0,418.0,609.0,688.0,4,855.0
6.0,13.0,319.0,418.0,609.0,688.0,4,855.0
6.0,4.0,134.0,487.0,589.0,646.0,4,663.0
6.0,4.0,487.0,646.0,663.0,740.0,4,936.0
6.0,4.0,486.0,487.0,663.0,740.0,4,936.0
6.0,4.0,134.0,487.0,589.0,646.0,4,663.0
6.0,4.0,134.0,487.0,589.0,646.0,4,663.0
6.0,4.0,134.0,487.0,646.0,663.0,4,740.0
6.0,17.0,286.0,310.0,328.0,635.0,4,731.0
6.0,17.0,286.0,290.0,502.0,682.0,4,731.0
6.0,17.0,108.0,310.0,328.0,635.0,4,731.0
6.0,17.0,286.0,290.0,497.0,502.0,4,682.0
6.0,9.0,109.0,366.0,452.0,604.0,4,941.0
6.0,9.0,39.0,109.0,366.0,604.0,4,941.0
6.0,9.0,39.0,76.0,366.0,604.0,4,1019.0
6.0,9.0,76.0,149.0,366.0,941.0,4,1019.0
6.0,9.0,109.0,149.0,366.0,604.0,4,941.0
6.0,9.0,39.0,109.0,452.0,604.0,4,941.0
6.0,9.0,39.0,109.0,452.0,604.0,4,941.0
6.0,9.0,39.0,109.0,366.0,604.0,4,941.0
6.0,9.0,109.0,366.0,452.0,941.0,4,1019.0
6.0,13.0,91.0,137.0,164.0,238.0,4,1024.0
6.0,13.0,91.0,137.0,164.0,238.0,4,1024.0
6.0,13.0,319.0,418.0,609.0,688.0,4,855.0
6.0,13.0,91.0,319.0,418.0,609.0,4,688.0
6.0,13.0,91.0,164.0,238.0,418.0,4,688.0
6.0,13.0,91.0,164.0,238.0,418.0,4,688.0
6.0,13.0,91.0,137.0,164.0,238.0,4,1024.0
6.0,13.0,91.0,137.0,164.0,238.0,4,418.0
6.0,13.0,91.0,164.0,418.0,609.0,4,688.0
6.0,13.0,319.0,418.0,609.0,688.0,4,855.0
6.0,13.0,91.0,137.0,164.0,238.0,4,1024.0
6.0,13.0,91.0,137.0,164.0,238.0,4,1024.0
6.0,13.0,91.0,164.0,418.0,609.0,4,688.0
6.0,13.0,319.0,418.0,609.0,688.0,4,855.0
6.0,13.0,319.0,418.0,609.0,688.0,4,855.0
6.0,13.0,91.0,164.0,238.0,418.0,4,688.0
6.0,13.0,91.0,137.0,164.0,238.0,4,688.0
6.0,13.0,91.0,137.0,164.0,418.0,4,609.0
6.0,13.0,319.0,418.0,609.0,688.0,4,855.0
6.0,13.0,164.0,319.0,609.0,688.0,4,855.0
6.0,13.0,91.0,164.0,319.0,609.0,4,688.0
6.0,27.0,359.0,439.0,638.0,662.0,4,897.0
6.0,27.0,439.0,477.0,680.0,777.0,4,886.0
6.0,27.0,439.0,477.0,680.0,777.0,4,886.0
6.0,27.0,359.0,477.0,680.0,777.0,4,897.0
6.0,27.0,477.0,680.0,777.0,886.0,4,897.0
6.0,27.0,359.0,439.0,638.0,645.0,4,1015.0
6.0,13.0,91.0,137.0,164.0,238.0,4,1024.0
6.0,13.0,91.0,164.0,418.0,609.0,4,688.0
6.0,13.0,319.0,418.0,609.0,688.0,4,855.0
6.0,13.0,319.0,418.0,609.0,688.0,4,855.0
6.0,13.0,91.0,164.0,238.0,418.0,4,688.0
6.0,13.0,91.0,137.0,164.0,238.0,4,418.0
6.0,13.0,91.0,137.0,164.0,418.0,4,609.0
6.0,13.0,91.0,137.0,164.0,609.0,4,1024.0
6.0,13.0,319.0,418.0,609.0,688.0,4,855.0
6.0,13.0,319.0,609.0,688.0,867.0,4,1024.0
6.0,13.0,319.0,609.0,688.0,867.0,4,1024.0
6.0,33.0,14.0,258.0,301.0,361.0,4,811.0
6.0,33.0,21.0,258.0,301.0,318.0,4,361.0
6.0,33.0,21.0,258.0,301.0,318.0,4,361.0
6.0,33.0,14.0,21.0,301.0,361.0,4,789.0
6.0,33.0,14.0,361.0,417.0,789.0,4,811.0
6.0,33.0,14.0,417.0,686.0,789.0,4,811.0
6.0,33.0,21.0,258.0,318.0,361.0,4,417.0
6.0,33.0,21.0,318.0,361.0,417.0,4,789.0
6.0,13.0,91.0,137.0,164.0,238.0,4,1024.0
6.0,13.0,319.0,418.0,609.0,688.0,4,855.0
6.0,13.0,319.0,418.0,609.0,688.0,4,855.0
6.0,13.0,91.0,137.0,164.0,238.0,4,418.0
6.0,13.0,91.0,137.0,164.0,238.0,4,418.0
6.0,13.0,91.0,137.0,164.0,238.0,4,1024.0
6.0,13.0,164.0,418.0,609.0,688.0,4,855.0
6.0,13.0,319.0,418.0,609.0,688.0,4,855.0
6.0,13.0,91.0,137.0,164.0,238.0,4,1024.0
6.0,13.0,91.0,137.0,164.0,238.0,4,688.0
6.0,13.0,319.0,418.0,609.0,688.0,4,855.0
6.0,13.0,319.0,418.0,609.0,688.0,4,855.0
6.0,13.0,91.0,164.0,418.0,609.0,4,688.0
6.0,13.0,91.0,137.0,164.0,418.0,4,609.0
6.0,13.0,91.0,137.0,164.0,238.0,4,1024.0
6.0,13.0,91.0,164.0,609.0,688.0,4,1024.0
6.0,13.0,91.0,164.0,418.0,609.0,4,688.0
6.0,13.0,91.0,164.0,418.0,609.0,4,688.0
6.0,15.0,229.0,534.0,659.0,714.0,4,1036.0
6.0,15.0,229.0,659.0,714.0,960.0,4,1036.0
6.0,15.0,484.0,659.0,960.0,1013.0,4,1036.0
6.0,15.0,229.0,684.0,960.0,965.0,4,1013.0
6.0,15.0,229.0,484.0,534.0,684.0,4,965.0
6.0,18.0,218.0,260.0,396.0,642.0,4,758.0
6.0,18.0,45.0,218.0,642.0,758.0,4,834.0
6.0,18.0,45.0,260.0,642.0,758.0,4,834.0
6.0,18.0,25.0,218.0,369.0,642.0,4,834.0
6.0,18.0,25.0,218.0,369.0,396.0,4,642.0
6.0,13.0,91.0,137.0,164.0,238.0,4,1024.0
6.0,13.0,164.0,238.0,418.0,609.0,4,688.0
6.0,13.0,319.0,418.0,609.0,688.0,4,855.0
6.0,13.0,91.0,164.0,363.0,418.0,4,688.0
6.0,13.0,91.0,164.0,418.0,609.0,4,688.0
6.0,13.0,91.0,319.0,418.0,609.0,4,688.0
6.0,13.0,319.0,363.0,418.0,609.0,4,688.0
6.0,27.0,359.0,439.0,662.0,680.0,4,777.0
6.0,27.0,359.0,439.0,662.0,680.0,4,777.0
6.0,27.0,662.0,680.0,702.0,886.0,4,897.0
6.0,27.0,359.0,638.0,680.0,702.0,4,897.0
6.0,27.0,359.0,638.0,680.0,702.0,4,897.0
6.0,27.0,439.0,662.0,680.0,702.0,4,886.0
6.0,27.0,359.0,638.0,680.0,702.0,4,777.0
6.0,27.0,359.0,638.0,662.0,777.0,4,897.0
6.0,28.0,203.0,397.0,608.0,754.0,4,1016.0
6.0,28.0,203.0,440.0,701.0,754.0,4,1016.0
6.0,28.0,608.0,701.0,854.0,1016.0,4,1017.0
6.0,28.0,608.0,701.0,754.0,854.0,4,1017.0
6.0,28.0,203.0,397.0,608.0,754.0,4,1016.0
6.0,28.0,203.0,397.0,608.0,754.0,4,1016.0
6.0,13.0,91.0,137.0,238.0,319.0,4,1024.0
6.0,13.0,91.0,238.0,319.0,418.0,4,688.0
6.0,13.0,91.0,238.0,319.0,418.0,4,688.0
6.0,13.0,319.0,363.0,418.0,609.0,4,688.0
6.0,13.0,137.0,363.0,418.0,609.0,4,688.0
6.0,13.0,91.0,319.0,418.0,609.0,4,688.0
6.0,13.0,91.0,137.0,238.0,319.0,4,1024.0
6.0,13.0,91.0,137.0,319.0,609.0,4,1024.0
6.0,13.0,91.0,137.0,319.0,609.0,4,1024.0
6.0,13.0,363.0,418.0,609.0,688.0,4,855.0
6.0,18.0,45.0,260.0,642.0,758.0,4,834.0
6.0,18.0,25.0,45.0,218.0,396.0,4,758.0
6.0,18.0,25.0,218.0,369.0,396.0,4,710.0
6.0,18.0,45.0,218.0,642.0,758.0,4,834.0
6.0,18.0,25.0,218.0,369.0,396.0,4,710.0
6.0,18.0,25.0,218.0,396.0,710.0,4,758.0
6.0,32.0,3.0,34.0,241.0,602.0,4,613.0
6.0,32.0,3.0,34.0,241.0,504.0,4,860.0
6.0,32.0,17.0,34.0,504.0,860.0,4,944.0
6.0,32.0,3.0,34.0,602.0,860.0,4,944.0
6.0,32.0,34.0,241.0,511.0,602.0,4,860.0
6.0,32.0,34.0,241.0,511.0,602.0,4,860.0
6.0,32.0,3.0,34.0,241.0,602.0,4,613.0
6.0,32.0,3.0,34.0,241.0,602.0,4,860.0
6.0,32.0,34.0,241.0,602.0,860.0,4,944.0
6.0,32.0,17.0,504.0,511.0,860.0,4,944.0
6.0,32.0,34.0,241.0,504.0,602.0,4,860.0
6.0,32.0,34.0,241.0,504.0,602.0,4,860.0
6.0,1.0,78.0,106.0,188.0,577.0,4,790.0
6.0,1.0,78.0,106.0,448.0,455.0,4,790.0
6.0,1.0,78.0,169.0,455.0,463.0,4,624.0
6.0,1.0,106.0,188.0,455.0,577.0,4,790.0
6.0,1.0,106.0,188.0,455.0,577.0,4,790.0
6.0,1.0,78.0,106.0,188.0,448.0,4,790.0
6.0,1.0,448.0,455.0,463.0,624.0,4,790.0
6.0,34.0,316.0,345.0,506.0,685.0,4,747.0
6.0,34.0,167.0,506.0,517.0,583.0,4,974.0
6.0,34.0,167.0,345.0,506.0,685.0,4,747.0
6.0,34.0,316.0,345.0,506.0,685.0,4,747.0
6.0,34.0,0.0,316.0,583.0,685.0,4,974.0
6.0,34.0,167.0,345.0,506.0,747.0,4,974.0
6.0,25.0,50.0,297.0,421.0,696.0,4,759.0
6.0,25.0,372.0,393.0,421.0,531.0,4,603.0
6.0,25.0,372.0,393.0,421.0,531.0,4,603.0
6.0,25.0,50.0,297.0,393.0,696.0,4,759.0
6.0,25.0,50.0,393.0,421.0,531.0,4,603.0
6.0,25.0,297.0,421.0,603.0,696.0,4,759.0
6.0,25.0,297.0,421.0,603.0,696.0,4,759.0
6.0,23.0,136.0,388.0,400.0,822.0,4,994.0
6.0,23.0,33.0,136.0,400.0,778.0,4,925.0
6.0,23.0,33.0,136.0,400.0,451.0,4,925.0
6.0,23.0,136.0,388.0,451.0,822.0,4,994.0
6.0,23.0,136.0,400.0,451.0,822.0,4,994.0
6.0,23.0,33.0,136.0,400.0,451.0,4,822.0
6.0,23.0,136.0,400.0,451.0,822.0,4,994.0
6.0,26.0,72.0,473.0,536.0,753.0,4,914.0
6.0,26.0,72.0,473.0,536.0,753.0,4,914.0
6.0,26.0,285.0,333.0,536.0,620.0,4,914.0
6.0,26.0,333.0,536.0,620.0,753.0,4,914.0
6.0,26.0,72.0,285.0,473.0,753.0,4,857.0
6.0,26.0,72.0,204.0,285.0,753.0,4,857.0
6.0,13.0,91.0,137.0,151.0,164.0,4,238.0
6.0,13.0,319.0,418.0,609.0,688.0,4,867.0
6.0,13.0,91.0,137.0,151.0,164.0,4,238.0
6.0,13.0,91.0,137.0,151.0,164.0,4,238.0
6.0,13.0,91.0,137.0,151.0,164.0,4,238.0
6.0,13.0,238.0,319.0,418.0,609.0,4,688.0
6.0,13.0,238.0,319.0,418.0,609.0,4,688.0
6.0,13.0,319.0,418.0,609.0,688.0,4,867.0
6.0,13.0,91.0,137.0,164.0,238.0,4,688.0
6.0,13.0,91.0,137.0,164.0,609.0,4,688.0
6.0,13.0,91.0,164.0,363.0,609.0,4,688.0
6.0,13.0,164.0,363.0,609.0,688.0,4,855.0
6.0,13.0,91.0,151.0,363.0,609.0,4,688.0
6.0,13.0,91.0,151.0,238.0,363.0,4,688.0
6.0,13.0,91.0,137.0,151.0,164.0,4,238.0
6.0,13.0,91.0,137.0,151.0,164.0,4,238.0
6.0,13.0,91.0,137.0,151.0,164.0,4,238.0
6.0,13.0,91.0,137.0,164.0,238.0,4,688.0
6.0,13.0,91.0,137.0,164.0,238.0,4,688.0
6.0,13.0,91.0,164.0,363.0,609.0,4,688.0
6.0,13.0,363.0,609.0,688.0,855.0,4,1024.0
6.0,13.0,137.0,688.0,855.0,867.0,4,1024.0
6.0,12.0,237.0,350.0,386.0,611.0,4,788.0
6.0,12.0,216.0,237.0,350.0,461.0,4,788.0
6.0,12.0,237.0,350.0,386.0,611.0,4,788.0
6.0,12.0,237.0,350.0,386.0,611.0,4,788.0
6.0,12.0,216.0,237.0,350.0,788.0,4,986.0
6.0,12.0,237.0,350.0,611.0,788.0,4,986.0
6.0,12.0,237.0,350.0,611.0,788.0,4,986.0
6.0,6.0,30.0,275.0,900.0,980.0,4,989.0
6.0,6.0,125.0,644.0,684.0,900.0,4,1013.0
6.0,6.0,213.0,644.0,900.0,989.0,4,1013.0
6.0,6.0,213.0,644.0,900.0,989.0,4,1013.0
6.0,6.0,125.0,275.0,684.0,980.0,4,1013.0
6.0,6.0,125.0,213.0,980.0,989.0,4,1013.0
6.0,6.0,125.0,213.0,578.0,684.0,4,1013.0
6.0,13.0,91.0,137.0,151.0,164.0,4,238.0
6.0,13.0,91.0,164.0,418.0,609.0,4,688.0
6.0,13.0,91.0,164.0,418.0,609.0,4,688.0
6.0,13.0,319.0,363.0,418.0,609.0,4,688.0
6.0,13.0,91.0,164.0,363.0,418.0,4,688.0
6.0,13.0,91.0,137.0,151.0,164.0,4,238.0
6.0,13.0,91.0,151.0,164.0,609.0,4,688.0
6.0,13.0,91.0,164.0,418.0,609.0,4,688.0
6.0,13.0,164.0,363.0,418.0,609.0,4,688.0
6.0,13.0,319.0,363.0,418.0,609.0,4,688.0
6.0,13.0,91.0,319.0,363.0,418.0,4,688.0
6.0,13.0,319.0,363.0,688.0,855.0,4,1024.0
6.0,13.0,91.0,137.0,151.0,164.0,4,238.0
6.0,13.0,137.0,164.0,238.0,609.0,4,688.0
6.0,13.0,151.0,363.0,609.0,688.0,4,1024.0
6.0,13.0,151.0,363.0,609.0,688.0,4,1024.0
6.0,13.0,91.0,151.0,609.0,688.0,4,1024.0
6.0,13.0,91.0,151.0,609.0,688.0,4,1024.0
6.0,13.0,164.0,238.0,609.0,688.0,4,1024.0
6.0,13.0,137.0,164.0,238.0,609.0,4,688.0
6.0,13.0,137.0,151.0,164.0,238.0,4,609.0
6.0,13.0,91.0,137.0,151.0,164.0,4,238.0
6.0,13.0,91.0,164.0,238.0,363.0,4,688.0
6.0,13.0,91.0,164.0,238.0,363.0,4,688.0
6.0,13.0,91.0,164.0,238.0,363.0,4,688.0
6.0,13.0,363.0,649.0,855.0,867.0,4,1024.0
6.0,13.0,91.0,151.0,164.0,238.0,4,688.0
6.0,13.0,91.0,151.0,363.0,418.0,4,609.0
6.0,13.0,91.0,164.0,418.0,609.0,4,688.0
6.0,13.0,91.0,164.0,418.0,609.0,4,688.0
6.0,13.0,151.0,363.0,418.0,609.0,4,688.0
6.0,13.0,151.0,363.0,418.0,609.0,4,688.0
6.0,13.0,91.0,137.0,164.0,238.0,4,418.0
6.0,13.0,91.0,164.0,238.0,418.0,4,688.0
6.0,13.0,151.0,418.0,609.0,688.0,4,867.0
6.0,13.0,91.0,151.0,164.0,418.0,4,609.0
6.0,13.0,91.0,137.0,164.0,418.0,4,609.0
6.0,13.0,91.0,137.0,151.0,164.0,4,238.0
6.0,13.0,91.0,137.0,151.0,164.0,4,238.0
6.0,13.0,91.0,137.0,164.0,238.0,4,418.0
6.0,13.0,91.0,164.0,418.0,609.0,4,688.0
6.0,13.0,151.0,418.0,609.0,688.0,4,867.0
6.0,13.0,91.0,137.0,164.0,418.0,4,688.0
6.0,29.0,180.0,392.0,505.0,670.0,4,784.0
6.0,29.0,180.0,505.0,670.0,784.0,4,959.0
6.0,29.0,180.0,485.0,670.0,784.0,4,959.0
6.0,29.0,505.0,670.0,784.0,959.0,4,990.0
6.0,29.0,242.0,505.0,670.0,959.0,4,990.0
6.0,29.0,242.0,505.0,670.0,959.0,4,990.0
6.0,29.0,242.0,670.0,784.0,959.0,4,990.0
6.0,29.0,242.0,505.0,670.0,959.0,4,990.0
6.0,13.0,91.0,137.0,164.0,238.0,4,1024.0
6.0,13.0,164.0,418.0,609.0,688.0,4,867.0
6.0,13.0,418.0,609.0,649.0,688.0,4,867.0
6.0,13.0,418.0,609.0,649.0,688.0,4,867.0
6.0,13.0,91.0,137.0,164.0,418.0,4,867.0
6.0,13.0,91.0,137.0,164.0,418.0,4,867.0
6.0,13.0,91.0,137.0,164.0,238.0,4,418.0
6.0,13.0,91.0,137.0,164.0,238.0,4,688.0
6.0,13.0,91.0,137.0,164.0,238.0,4,1024.0
6.0,13.0,91.0,164.0,418.0,688.0,4,867.0
6.0,13.0,164.0,418.0,609.0,688.0,4,867.0
6.0,13.0,418.0,609.0,649.0,688.0,4,867.0
6.0,13.0,91.0,137.0,164.0,238.0,4,1024.0
6.0,13.0,91.0,137.0,164.0,238.0,4,418.0
6.0,13.0,164.0,238.0,418.0,609.0,4,688.0
6.0,13.0,91.0,137.0,164.0,238.0,4,1024.0
6.0,13.0,91.0,137.0,164.0,238.0,4,1024.0
6.0,13.0,91.0,164.0,418.0,609.0,4,688.0
6.0,13.0,91.0,164.0,418.0,609.0,4,688.0
6.0,13.0,91.0,164.0,418.0,609.0,4,688.0
6.0,13.0,91.0,238.0,319.0,418.0,4,688.0
6.0,13.0,91.0,164.0,238.0,319.0,4,688.0
6.0,13.0,91.0,137.0,164.0,867.0,4,1024.0
6.0,13.0,319.0,418.0,609.0,688.0,4,867.0
6.0,13.0,91.0,164.0,418.0,688.0,4,867.0
6.0,13.0,319.0,418.0,609.0,688.0,4,867.0
6.0,13.0,319.0,418.0,609.0,688.0,4,867.0
6.0,13.0,319.0,418.0,609.0,688.0,4,867.0
6.0,13.0,91.0,137.0,164.0,238.0,4,1024.0
6.0,13.0,91.0,137.0,319.0,418.0,4,867.0
6.0,13.0,319.0,418.0,609.0,688.0,4,867.0
6.0,13.0,319.0,418.0,609.0,688.0,4,867.0
6.0,13.0,238.0,319.0,418.0,609.0,4,688.0
6.0,13.0,91.0,137.0,164.0,238.0,4,688.0
6.0,13.0,91.0,137.0,164.0,238.0,4,1024.0
6.0,13.0,91.0,137.0,164.0,238.0,4,1024.0
6.0,13.0,319.0,418.0,609.0,688.0,4,867.0
6.0,13.0,319.0,418.0,609.0,688.0,4,855.0
6.0,13.0,319.0,418.0,609.0,688.0,4,855.0
6.0,13.0,319.0,418.0,609.0,688.0,4,855.0
6.0,13.0,91.0,137.0,164.0,238.0,4,1024.0
6.0,13.0,164.0,418.0,609.0,688.0,4,867.0
6.0,13.0,91.0,319.0,418.0,609.0,4,688.0
6.0,13.0,91.0,137.0,164.0,238.0,4,418.0
6.0,13.0,91.0,137.0,164.0,238.0,4,418.0
6.0,13.0,91.0,137.0,164.0,238.0,4,1024.0
6.0,13.0,319.0,418.0,609.0,688.0,4,867.0
6.0,15.0,229.0,484.0,714.0,941.0,4,1036.0
6.0,15.0,302.0,484.0,586.0,659.0,4,802.0
6.0,15.0,484.0,659.0,714.0,802.0,4,1036.0
6.0,15.0,229.0,714.0,802.0,941.0,4,1036.0
6.0,15.0,229.0,484.0,659.0,714.0,4,941.0
6.0,15.0,659.0,714.0,941.0,960.0,4,1036.0
6.0,13.0,91.0,137.0,151.0,164.0,4,238.0
6.0,13.0,91.0,137.0,164.0,238.0,4,418.0
6.0,13.0,91.0,319.0,418.0,688.0,4,867.0
6.0,13.0,319.0,418.0,609.0,688.0,4,867.0
6.0,13.0,319.0,418.0,609.0,688.0,4,867.0
6.0,13.0,319.0,418.0,609.0,688.0,4,867.0
6.0,13.0,91.0,137.0,151.0,164.0,4,238.0
6.0,13.0,91.0,137.0,164.0,238.0,4,418.0
6.0,13.0,319.0,418.0,609.0,688.0,4,855.0
6.0,29.0,242.0,392.0,456.0,505.0,4,670.0
6.0,29.0,180.0,485.0,505.0,784.0,4,971.0
6.0,29.0,242.0,392.0,456.0,505.0,4,670.0
6.0,29.0,242.0,392.0,670.0,784.0,4,971.0
6.0,29.0,242.0,392.0,670.0,784.0,4,971.0
6.0,4.0,487.0,589.0,646.0,828.0,4,936.0
6.0,4.0,487.0,646.0,663.0,740.0,4,936.0
6.0,4.0,487.0,646.0,663.0,740.0,4,936.0
6.0,4.0,134.0,487.0,589.0,646.0,4,828.0
6.0,4.0,134.0,589.0,646.0,740.0,4,936.0
6.0,18.0,45.0,110.0,260.0,642.0,4,758.0
6.0,18.0,25.0,150.0,260.0,396.0,4,758.0
6.0,18.0,25.0,150.0,218.0,369.0,4,396.0
6.0,18.0,45.0,110.0,150.0,369.0,4,396.0
6.0,18.0,45.0,110.0,218.0,396.0,4,758.0
6.0,18.0,45.0,150.0,218.0,396.0,4,758.0
6.0,18.0,110.0,150.0,218.0,396.0,4,758.0
6.0,18.0,45.0,110.0,218.0,396.0,4,758.0
6.0,12.0,237.0,350.0,351.0,788.0,4,856.0
6.0,12.0,194.0,351.0,386.0,611.0,4,986.0
6.0,12.0,194.0,237.0,351.0,611.0,4,986.0
6.0,12.0,237.0,350.0,351.0,788.0,4,856.0
6.0,12.0,237.0,350.0,611.0,788.0,4,856.0
6.0,12.0,237.0,350.0,351.0,788.0,4,856.0
6.0,12.0,237.0,350.0,788.0,856.0,4,872.0
6.0,12.0,237.0,350.0,611.0,788.0,4,856.0
6.0,29.0,242.0,392.0,456.0,670.0,4,990.0
6.0,29.0,1.0,173.0,670.0,951.0,4,990.0
6.0,29.0,1.0,173.0,485.0,670.0,4,951.0
6.0,29.0,1.0,173.0,485.0,670.0,4,951.0
6.0,29.0,1.0,173.0,426.0,670.0,4,951.0
6.0,29.0,173.0,392.0,426.0,456.0,4,990.0
6.0,29.0,1.0,173.0,426.0,456.0,4,990.0
6.0,29.0,1.0,173.0,426.0,456.0,4,990.0
6.0,29.0,1.0,173.0,456.0,670.0,4,990.0
6.0,29.0,1.0,242.0,426.0,485.0,4,670.0
6.0,29.0,242.0,426.0,485.0,670.0,4,990.0
6.0,29.0,456.0,485.0,505.0,670.0,4,951.0
6.0,29.0,456.0,485.0,505.0,670.0,4,951.0
6.0,29.0,456.0,485.0,505.0,670.0,4,951.0
6.0,29.0,456.0,485.0,505.0,670.0,4,951.0
6.0,29.0,426.0,456.0,670.0,951.0,4,990.0
6.0,29.0,173.0,426.0,670.0,951.0,4,990.0
6.0,29.0,456.0,485.0,505.0,670.0,4,951.0
6.0,29.0,173.0,485.0,505.0,670.0,4,951.0
6.0,29.0,173.0,426.0,485.0,505.0,4,951.0
6.0,29.0,173.0,426.0,505.0,951.0,4,990.0
6.0,29.0,1.0,173.0,505.0,670.0,4,951.0
6.0,29.0,1.0,173.0,505.0,670.0,4,951.0
6.0,29.0,1.0,242.0,456.0,505.0,4,670.0
6.0,29.0,242.0,392.0,426.0,456.0,4,990.0
6.0,29.0,1.0,485.0,505.0,670.0,4,951.0
6.0,29.0,1.0,242.0,456.0,505.0,4,670.0
6.0,29.0,242.0,456.0,505.0,670.0,4,990.0
6.0,29.0,1.0,242.0,456.0,505.0,4,990.0
6.0,29.0,173.0,426.0,485.0,670.0,4,951.0
6.0,29.0,1.0,242.0,456.0,505.0,4,990.0
6.0,29.0,1.0,242.0,505.0,951.0,4,990.0
6.0,29.0,242.0,392.0,505.0,951.0,4,990.0
6.0,29.0,173.0,392.0,426.0,951.0,4,990.0
6.0,29.0,173.0,392.0,426.0,670.0,4,951.0
6.0,29.0,242.0,456.0,505.0,670.0,4,990.0
6.0,33.0,258.0,318.0,361.0,417.0,4,686.0
6.0,33.0,14.0,244.0,301.0,789.0,4,811.0
6.0,33.0,14.0,417.0,686.0,789.0,4,811.0
6.0,33.0,14.0,361.0,417.0,686.0,4,789.0
6.0,33.0,14.0,258.0,361.0,417.0,4,686.0
6.0,33.0,14.0,244.0,258.0,361.0,4,417.0
6.0,33.0,14.0,258.0,361.0,417.0,4,686.0
6.0,29.0,1.0,242.0,456.0,505.0,4,990.0
6.0,29.0,173.0,426.0,485.0,670.0,4,951.0
6.0,29.0,242.0,392.0,456.0,505.0,4,670.0
6.0,29.0,1.0,242.0,456.0,505.0,4,990.0
6.0,29.0,1.0,242.0,456.0,505.0,4,990.0
6.0,29.0,1.0,173.0,456.0,505.0,4,990.0
6.0,29.0,1.0,173.0,456.0,505.0,4,670.0
6.0,29.0,173.0,426.0,670.0,951.0,4,990.0
6.0,29.0,1.0,242.0,456.0,505.0,4,990.0
6.0,29.0,173.0,392.0,426.0,670.0,4,951.0
6.0,29.0,242.0,392.0,456.0,670.0,4,990.0
6.0,29.0,1.0,242.0,456.0,670.0,4,990.0
6.0,29.0,173.0,392.0,505.0,670.0,4,951.0
6.0,29.0,173.0,392.0,670.0,951.0,4,990.0
6.0,29.0,173.0,242.0,392.0,505.0,4,990.0
6.0,29.0,1.0,242.0,456.0,505.0,4,670.0
6.0,29.0,173.0,485.0,505.0,670.0,4,951.0
6.0,29.0,173.0,485.0,505.0,670.0,4,951.0
6.0,29.0,173.0,338.0,426.0,485.0,4,951.0
6.0,29.0,1.0,173.0,242.0,338.0,4,426.0
6.0,29.0,1.0,242.0,338.0,426.0,4,456.0
6.0,29.0,1.0,242.0,456.0,505.0,4,670.0
6.0,29.0,173.0,485.0,505.0,670.0,4,951.0
6.0,29.0,1.0,242.0,456.0,505.0,4,990.0
6.0,29.0,1.0,242.0,456.0,505.0,4,670.0
6.0,29.0,173.0,426.0,485.0,670.0,4,951.0
6.0,29.0,173.0,426.0,485.0,670.0,4,951.0
6.0,29.0,1.0,242.0,426.0,951.0,4,990.0
6.0,29.0,1.0,242.0,456.0,505.0,4,990.0
6.0,29.0,1.0,242.0,456.0,505.0,4,990.0
6.0,29.0,173.0,426.0,485.0,670.0,4,951.0
6.0,29.0,1.0,242.0,456.0,505.0,4,990.0
6.0,29.0,242.0,426.0,456.0,505.0,4,990.0
6.0,29.0,1.0,242.0,338.0,456.0,4,505.0
6.0,29.0,1.0,242.0,338.0,456.0,4,505.0
6.0,29.0,242.0,392.0,456.0,505.0,4,670.0
6.0,29.0,173.0,392.0,485.0,670.0,4,951.0
6.0,29.0,1.0,242.0,338.0,456.0,4,505.0
6.0,29.0,173.0,242.0,392.0,485.0,4,670.0
6.0,29.0,173.0,392.0,485.0,670.0,4,951.0
6.0,29.0,173.0,392.0,485.0,670.0,4,951.0
6.0,28.0,203.0,440.0,639.0,701.0,4,761.0
6.0,28.0,203.0,397.0,608.0,854.0,4,1016.0
6.0,28.0,397.0,608.0,639.0,854.0,4,1016.0
6.0,28.0,203.0,397.0,608.0,754.0,4,1016.0
6.0,17.0,108.0,635.0,682.0,731.0,4,874.0
6.0,17.0,108.0,635.0,682.0,731.0,4,874.0
6.0,17.0,108.0,290.0,328.0,731.0,4,958.0
6.0,17.0,286.0,290.0,328.0,731.0,4,958.0
6.0,17.0,108.0,635.0,682.0,731.0,4,874.0
6.0,17.0,108.0,635.0,682.0,731.0,4,874.0
6.0,17.0,286.0,290.0,328.0,682.0,4,731.0
6.0,17.0,286.0,290.0,328.0,682.0,4,731.0
6.0,17.0,108.0,286.0,290.0,328.0,4,731.0
6.0,17.0,108.0,290.0,328.0,682.0,4,731.0
6.0,17.0,286.0,290.0,502.0,682.0,4,958.0
6.0,27.0,359.0,439.0,638.0,662.0,4,897.0
6.0,27.0,359.0,439.0,638.0,662.0,4,897.0
6.0,27.0,477.0,680.0,777.0,886.0,4,897.0
6.0,27.0,359.0,439.0,638.0,662.0,4,886.0
6.0,27.0,359.0,439.0,638.0,662.0,4,897.0
6.0,27.0,359.0,439.0,638.0,662.0,4,897.0
6.0,27.0,477.0,680.0,702.0,777.0,4,886.0
6.0,27.0,477.0,680.0,702.0,777.0,4,886.0
6.0,27.0,359.0,439.0,638.0,662.0,4,897.0
6.0,27.0,359.0,439.0,638.0,662.0,4,897.0
6.0,27.0,359.0,439.0,638.0,662.0,4,897.0
6.0,29.0,173.0,392.0,485.0,670.0,4,971.0
6.0,29.0,173.0,392.0,485.0,670.0,4,971.0
6.0,29.0,173.0,392.0,485.0,951.0,4,971.0
6.0,29.0,173.0,392.0,485.0,951.0,4,971.0
6.0,29.0,173.0,392.0,485.0,951.0,4,971.0
6.0,29.0,1.0,426.0,456.0,505.0,4,670.0
6.0,29.0,1.0,426.0,456.0,505.0,4,670.0
6.0,29.0,1.0,173.0,505.0,670.0,4,951.0
6.0,29.0,173.0,392.0,505.0,670.0,4,951.0
6.0,28.0,203.0,397.0,608.0,1002.0,4,1017.0
6.0,28.0,608.0,701.0,754.0,854.0,4,1017.0
6.0,28.0,639.0,701.0,754.0,854.0,4,1017.0
6.0,28.0,639.0,701.0,754.0,854.0,4,1017.0
6.0,28.0,203.0,639.0,701.0,754.0,4,854.0
6.0,28.0,203.0,397.0,608.0,754.0,4,854.0
6.0,28.0,203.0,397.0,608.0,754.0,4,1017.0
6.0,28.0,203.0,397.0,608.0,754.0,4,1017.0
6.0,28.0,203.0,397.0,608.0,754.0,4,1002.0
6.0,28.0,203.0,608.0,701.0,876.0,4,1017.0
6.0,28.0,203.0,397.0,608.0,639.0,4,754.0
6.0,29.0,242.0,392.0,456.0,505.0,4,670.0
6.0,29.0,392.0,426.0,456.0,505.0,4,670.0
6.0,29.0,1.0,338.0,426.0,456.0,4,485.0
6.0,29.0,1.0,242.0,338.0,426.0,4,485.0
6.0,29.0,1.0,242.0,338.0,426.0,4,485.0
6.0,29.0,1.0,242.0,338.0,426.0,4,485.0
6.0,29.0,1.0,242.0,338.0,426.0,4,485.0
6.0,29.0,242.0,392.0,456.0,505.0,4,670.0
6.0,29.0,1.0,338.0,426.0,456.0,4,485.0
6.0,29.0,242.0,338.0,392.0,505.0,4,670.0
6.0,29.0,242.0,392.0,456.0,505.0,4,670.0
6.0,29.0,242.0,392.0,456.0,505.0,4,670.0
6.0,29.0,242.0,392.0,456.0,505.0,4,670.0
6.0,29.0,173.0,426.0,456.0,485.0,4,505.0
6.0,29.0,173.0,426.0,456.0,485.0,4,505.0
6.0,29.0,242.0,392.0,456.0,505.0,4,670.0
6.0,29.0,242.0,392.0,456.0,505.0,4,670.0
6.0,29.0,242.0,392.0,426.0,456.0,4,505.0
6.0,29.0,173.0,392.0,426.0,456.0,4,505.0
6.0,29.0,173.0,392.0,426.0,456.0,4,485.0
6.0,29.0,173.0,338.0,392.0,426.0,4,485.0
6.0,29.0,242.0,338.0,392.0,485.0,4,505.0
6.0,29.0,242.0,338.0,392.0,485.0,4,505.0
6.0,9.0,39.0,76.0,109.0,366.0,4,941.0
6.0,9.0,39.0,76.0,109.0,366.0,4,604.0
6.0,9.0,39.0,76.0,149.0,604.0,4,1019.0
6.0,9.0,39.0,76.0,149.0,604.0,4,1019.0
6.0,9.0,39.0,76.0,149.0,604.0,4,1019.0
6.0,9.0,109.0,149.0,366.0,941.0,4,1019.0
6.0,9.0,109.0,366.0,452.0,604.0,4,941.0
6.0,9.0,39.0,76.0,109.0,366.0,4,604.0
6.0,6.0,30.0,275.0,606.0,980.0,4,989.0
6.0,6.0,30.0,125.0,606.0,980.0,4,989.0
6.0,6.0,125.0,275.0,606.0,644.0,4,989.0
6.0,6.0,30.0,275.0,644.0,900.0,4,980.0
6.0,6.0,30.0,275.0,644.0,900.0,4,980.0
6.0,6.0,30.0,125.0,606.0,980.0,4,989.0
6.0,32.0,34.0,241.0,302.0,524.0,4,711.0
6.0,32.0,17.0,241.0,302.0,602.0,4,613.0
6.0,32.0,17.0,302.0,602.0,613.0,4,944.0
6.0,32.0,17.0,302.0,602.0,613.0,4,944.0
6.0,32.0,17.0,602.0,613.0,799.0,4,944.0
6.0,32.0,34.0,241.0,302.0,602.0,4,944.0
6.0,32.0,241.0,302.0,602.0,799.0,4,944.0
6.0,32.0,241.0,302.0,602.0,799.0,4,944.0
6.0,32.0,17.0,241.0,302.0,524.0,4,602.0
6.0,32.0,241.0,504.0,602.0,799.0,4,944.0
6.0,2.0,120.0,255.0,353.0,493.0,4,824.0
6.0,2.0,36.0,255.0,561.0,658.0,4,824.0
6.0,2.0,36.0,126.0,561.0,658.0,4,728.0
6.0,2.0,36.0,126.0,561.0,658.0,4,728.0
6.0,2.0,126.0,353.0,658.0,728.0,4,824.0
6.0,2.0,120.0,255.0,353.0,493.0,4,824.0
6.0,2.0,120.0,255.0,353.0,493.0,4,824.0
6.0,2.0,36.0,255.0,561.0,658.0,4,824.0
6.0,2.0,36.0,126.0,493.0,658.0,4,728.0
6.0,2.0,36.0,126.0,493.0,658.0,4,728.0
6.0,2.0,36.0,126.0,493.0,658.0,4,728.0
6.0,2.0,36.0,126.0,493.0,658.0,4,728.0
6.0,29.0,242.0,338.0,392.0,456.0,4,505.0
6.0,29.0,1.0,173.0,426.0,485.0,4,951.0
6.0,29.0,1.0,173.0,426.0,485.0,4,951.0
6.0,29.0,1.0,173.0,456.0,505.0,4,990.0
6.0,29.0,1.0,392.0,426.0,485.0,4,951.0
6.0,29.0,392.0,485.0,951.0,971.0,4,987.0
6.0,29.0,242.0,392.0,505.0,951.0,4,990.0
6.0,29.0,242.0,392.0,505.0,670.0,4,951.0
6.0,29.0,173.0,338.0,392.0,670.0,4,951.0
6.0,29.0,173.0,338.0,485.0,670.0,4,951.0
6.0,29.0,173.0,338.0,485.0,670.0,4,951.0
6.0,29.0,173.0,338.0,456.0,485.0,4,670.0
6.0,29.0,242.0,392.0,670.0,951.0,4,990.0
6.0,29.0,242.0,392.0,505.0,951.0,4,990.0
6.0,29.0,173.0,392.0,505.0,670.0,4,951.0
6.0,29.0,242.0,338.0,456.0,485.0,4,670.0
6.0,29.0,242.0,456.0,485.0,505.0,4,670.0
6.0,29.0,1.0,242.0,456.0,505.0,4,670.0
6.0,29.0,1.0,173.0,338.0,670.0,4,951.0
6.0,29.0,242.0,392.0,426.0,505.0,4,990.0
6.0,29.0,242.0,456.0,485.0,505.0,4,990.0
6.0,29.0,173.0,242.0,485.0,505.0,4,990.0
6.0,29.0,173.0,242.0,485.0,505.0,4,990.0
6.0,29.0,173.0,242.0,485.0,505.0,4,990.0
6.0,15.0,659.0,684.0,714.0,860.0,4,960.0
6.0,15.0,229.0,484.0,659.0,860.0,4,1013.0
6.0,15.0,229.0,484.0,684.0,960.0,4,1013.0
6.0,15.0,229.0,659.0,714.0,860.0,4,960.0
6.0,15.0,659.0,684.0,714.0,860.0,4,960.0
6.0,15.0,229.0,484.0,684.0,714.0,4,960.0
6.0,15.0,484.0,684.0,714.0,860.0,4,960.0
6.0,15.0,484.0,659.0,714.0,860.0,4,960.0
6.0,29.0,242.0,392.0,456.0,505.0,4,990.0
6.0,29.0,242.0,392.0,505.0,670.0,4,951.0
6.0,29.0,1.0,173.0,426.0,670.0,4,951.0
6.0,29.0,1.0,173.0,426.0,670.0,4,971.0
6.0,29.0,242.0,426.0,485.0,971.0,4,990.0
6.0,29.0,242.0,392.0,426.0,670.0,4,951.0
6.0,29.0,242.0,392.0,426.0,505.0,4,990.0
6.0,29.0,242.0,392.0,505.0,971.0,4,990.0
6.0,34.0,104.0,316.0,506.0,685.0,4,747.0
6.0,34.0,0.0,104.0,316.0,583.0,4,685.0
6.0,34.0,0.0,316.0,517.0,583.0,4,685.0
6.0,34.0,506.0,517.0,583.0,974.0,4,975.0
6.0,34.0,104.0,316.0,506.0,685.0,4,747.0
6.0,34.0,316.0,506.0,685.0,747.0,4,974.0
6.0,1.0,78.0,188.0,442.0,577.0,4,790.0
6.0,1.0,106.0,169.0,455.0,463.0,4,624.0
6.0,1.0,106.0,455.0,463.0,577.0,4,624.0
6.0,1.0,106.0,455.0,463.0,577.0,4,624.0
6.0,1.0,106.0,455.0,577.0,624.0,4,790.0
6.0,1.0,106.0,455.0,577.0,624.0,4,790.0
6.0,1.0,78.0,106.0,169.0,188.0,4,790.0
6.0,1.0,78.0,106.0,169.0,188.0,4,790.0
6.0,1.0,78.0,106.0,188.0,577.0,4,790.0
6.0,1.0,78.0,106.0,188.0,577.0,4,790.0
6.0,26.0,333.0,536.0,753.0,914.0,4,948.0
6.0,26.0,285.0,333.0,620.0,857.0,4,914.0
6.0,26.0,285.0,536.0,620.0,857.0,4,948.0
6.0,26.0,285.0,536.0,620.0,857.0,4,948.0
6.0,26.0,333.0,536.0,753.0,914.0,4,948.0
6.0,26.0,536.0,620.0,753.0,857.0,4,948.0
6.0,26.0,333.0,536.0,620.0,857.0,4,948.0
6.0,23.0,33.0,136.0,400.0,822.0,4,994.0
6.0,23.0,33.0,136.0,400.0,822.0,4,994.0
6.0,23.0,33.0,136.0,400.0,778.0,4,925.0
6.0,23.0,33.0,388.0,400.0,778.0,4,925.0
6.0,23.0,33.0,388.0,400.0,778.0,4,925.0
6.0,23.0,33.0,388.0,400.0,778.0,4,925.0
6.0,23.0,136.0,451.0,822.0,925.0,4,994.0
6.0,23.0,33.0,136.0,400.0,822.0,4,994.0
6.0,23.0,136.0,388.0,451.0,822.0,4,994.0
6.0,23.0,136.0,388.0,400.0,822.0,4,994.0
6.0,23.0,33.0,136.0,400.0,822.0,4,994.0
6.0,23.0,33.0,400.0,822.0,925.0,4,994.0
6.0,23.0,33.0,400.0,778.0,925.0,4,994.0
6.0,23.0,33.0,434.0,598.0,778.0,4,925.0
6.0,23.0,156.0,434.0,598.0,778.0,4,925.0
6.0,33.0,14.0,21.0,258.0,686.0,4,811.0
6.0,33.0,21.0,244.0,258.0,318.0,4,811.0
6.0,33.0,244.0,258.0,318.0,417.0,4,789.0
6.0,33.0,14.0,244.0,258.0,417.0,4,789.0
6.0,33.0,14.0,21.0,244.0,417.0,4,811.0
6.0,33.0,14.0,21.0,244.0,258.0,4,686.0
6.0,33.0,21.0,244.0,258.0,318.0,4,686.0
6.0,33.0,14.0,21.0,686.0,789.0,4,811.0
6.0,29.0,242.0,392.0,456.0,505.0,4,990.0
6.0,29.0,242.0,392.0,456.0,505.0,4,990.0
6.0,29.0,242.0,456.0,485.0,670.0,4,990.0
6.0,29.0,173.0,338.0,456.0,485.0,4,670.0
6.0,29.0,173.0,338.0,485.0,670.0,4,951.0
6.0,29.0,242.0,392.0,456.0,670.0,4,990.0
6.0,29.0,173.0,392.0,456.0,505.0,4,990.0
6.0,29.0,173.0,392.0,456.0,505.0,4,990.0
6.0,29.0,242.0,392.0,456.0,505.0,4,990.0
6.0,29.0,173.0,338.0,392.0,456.0,4,670.0
6.0,29.0,242.0,338.0,392.0,670.0,4,951.0
6.0,15.0,76.0,302.0,484.0,659.0,4,965.0
6.0,15.0,76.0,302.0,484.0,659.0,4,714.0
6.0,15.0,659.0,714.0,941.0,960.0,4,1036.0
6.0,15.0,484.0,659.0,941.0,960.0,4,1036.0
6.0,15.0,76.0,229.0,484.0,941.0,4,1036.0
6.0,15.0,484.0,659.0,941.0,960.0,4,1036.0
6.0,15.0,229.0,484.0,941.0,960.0,4,1036.0
6.0,15.0,76.0,229.0,484.0,659.0,4,714.0
6.0,15.0,76.0,229.0,484.0,659.0,4,714.0
6.0,15.0,659.0,714.0,941.0,960.0,4,1036.0
6.0,0.0,267.0,394.0,503.0,535.0,4,601.0
6.0,0.0,267.0,394.0,503.0,535.0,4,601.0
6.0,0.0,13.0,64.0,465.0,503.0,4,601.0
6.0,0.0,13.0,64.0,247.0,465.0,4,535.0
6.0,0.0,13.0,64.0,465.0,535.0,4,1037.0
6.0,0.0,64.0,267.0,394.0,535.0,4,1037.0
6.0,0.0,13.0,64.0,247.0,267.0,4,1037.0
6.0,0.0,13.0,247.0,465.0,535.0,4,601.0
6.0,0.0,13.0,247.0,465.0,535.0,4,601.0
6.0,0.0,13.0,247.0,465.0,535.0,4,601.0
6.0,25.0,50.0,74.0,297.0,696.0,4,759.0
6.0,25.0,50.0,74.0,297.0,696.0,4,759.0
6.0,25.0,12.0,86.0,245.0,297.0,4,958.0
6.0,25.0,12.0,86.0,245.0,286.0,4,958.0
6.0,25.0,74.0,86.0,603.0,696.0,4,958.0
6.0,29.0,242.0,392.0,456.0,505.0,4,990.0
6.0,29.0,242.0,392.0,456.0,670.0,4,990.0
6.0,29.0,173.0,485.0,505.0,670.0,4,784.0
6.0,29.0,173.0,392.0,505.0,670.0,4,784.0
6.0,29.0,242.0,392.0,505.0,670.0,4,784.0
6.0,29.0,242.0,392.0,456.0,505.0,4,990.0
6.0,29.0,242.0,392.0,456.0,505.0,4,990.0
6.0,29.0,173.0,392.0,456.0,505.0,4,990.0
6.0,29.0,173.0,392.0,456.0,505.0,4,990.0
6.0,29.0,173.0,392.0,456.0,505.0,4,990.0
6.0,29.0,173.0,456.0,485.0,670.0,4,959.0
6.0,29.0,173.0,242.0,485.0,670.0,4,959.0
6.0,29.0,242.0,485.0,670.0,784.0,4,959.0
6.0,29.0,180.0,426.0,485.0,784.0,4,959.0
6.0,29.0,173.0,485.0,670.0,784.0,4,971.0
6.0,29.0,173.0,242.0,485.0,670.0,4,971.0
6.0,29.0,242.0,392.0,456.0,505.0,4,971.0
6.0,29.0,242.0,392.0,456.0,505.0,4,990.0
6.0,29.0,392.0,456.0,505.0,784.0,4,990.0
6.0,29.0,392.0,456.0,670.0,784.0,4,990.0
6.0,29.0,242.0,392.0,670.0,784.0,4,959.0
6.0,29.0,242.0,670.0,784.0,959.0,4,990.0
6.0,29.0,242.0,392.0,456.0,505.0,4,990.0
6.0,29.0,242.0,485.0,505.0,784.0,4,990.0
6.0,29.0,242.0,456.0,505.0,959.0,4,990.0
6.0,29.0,242.0,392.0,456.0,505.0,4,990.0
6.0,29.0,242.0,392.0,456.0,505.0,4,670.0
6.0,29.0,392.0,456.0,670.0,784.0,4,959.0
6.0,29.0,392.0,456.0,505.0,670.0,4,990.0
6.0,29.0,180.0,485.0,505.0,670.0,4,990.0
6.0,29.0,180.0,392.0,505.0,784.0,4,990.0
6.0,29.0,173.0,180.0,392.0,505.0,4,990.0
6.0,29.0,173.0,180.0,392.0,670.0,4,990.0
6.0,29.0,173.0,180.0,670.0,959.0,4,990.0
6.0,29.0,180.0,456.0,485.0,670.0,4,959.0
6.0,29.0,456.0,485.0,670.0,784.0,4,959.0
6.0,29.0,392.0,456.0,505.0,784.0,4,990.0
6.0,29.0,173.0,456.0,505.0,959.0,4,990.0
6.0,29.0,242.0,392.0,456.0,505.0,4,990.0
6.0,29.0,392.0,456.0,505.0,670.0,4,784.0
6.0,29.0,180.0,392.0,505.0,784.0,4,990.0
6.0,29.0,242.0,392.0,456.0,505.0,4,990.0
6.0,29.0,242.0,392.0,505.0,784.0,4,990.0
6.0,29.0,242.0,392.0,505.0,784.0,4,990.0
6.0,29.0,242.0,392.0,505.0,784.0,4,990.0
6.0,29.0,180.0,505.0,784.0,959.0,4,990.0
6.0,29.0,242.0,392.0,456.0,505.0,4,990.0
6.0,29.0,392.0,456.0,670.0,784.0,4,990.0
6.0,29.0,242.0,670.0,784.0,959.0,4,971.0
6.0,29.0,242.0,505.0,670.0,784.0,4,959.0
6.0,29.0,242.0,505.0,670.0,784.0,4,959.0
6.0,27.0,569.0,638.0,680.0,777.0,4,1015.0
6.0,27.0,271.0,375.0,439.0,668.0,4,702.0
6.0,27.0,271.0,375.0,439.0,668.0,4,702.0
6.0,27.0,569.0,638.0,680.0,777.0,4,1015.0
6.0,27.0,271.0,375.0,439.0,702.0,4,777.0
6.0,27.0,569.0,638.0,680.0,777.0,4,1015.0
6.0,29.0,173.0,180.0,485.0,670.0,4,959.0
6.0,29.0,173.0,242.0,485.0,670.0,4,959.0
6.0,29.0,173.0,242.0,392.0,505.0,4,670.0
6.0,29.0,173.0,180.0,392.0,505.0,4,670.0
6.0,29.0,173.0,485.0,670.0,959.0,4,990.0
6.0,29.0,173.0,242.0,392.0,670.0,4,959.0
6.0,29.0,242.0,392.0,456.0,505.0,4,990.0
6.0,29.0,242.0,392.0,456.0,505.0,4,990.0
6.0,29.0,242.0,392.0,456.0,670.0,4,990.0
6.0,29.0,242.0,392.0,456.0,670.0,4,990.0
6.0,29.0,173.0,392.0,456.0,670.0,4,990.0
6.0,29.0,173.0,456.0,505.0,670.0,4,959.0
6.0,29.0,173.0,505.0,670.0,959.0,4,971.0
6.0,29.0,242.0,505.0,670.0,959.0,4,971.0
6.0,29.0,180.0,392.0,456.0,670.0,4,990.0
6.0,29.0,173.0,392.0,456.0,505.0,4,990.0
6.0,29.0,173.0,392.0,456.0,505.0,4,990.0
6.0,29.0,173.0,392.0,456.0,505.0,4,670.0
6.0,29.0,173.0,456.0,505.0,670.0,4,959.0
6.0,29.0,173.0,242.0,485.0,670.0,4,959.0
6.0,29.0,456.0,485.0,670.0,959.0,4,971.0
6.0,23.0,136.0,451.0,822.0,853.0,4,994.0
6.0,23.0,136.0,451.0,822.0,853.0,4,994.0
6.0,23.0,136.0,400.0,451.0,822.0,4,994.0
6.0,23.0,400.0,598.0,778.0,853.0,4,925.0
6.0,23.0,400.0,598.0,778.0,853.0,4,925.0
6.0,23.0,136.0,400.0,451.0,822.0,4,994.0
6.0,23.0,136.0,451.0,822.0,853.0,4,994.0
6.0,23.0,136.0,400.0,451.0,822.0,4,994.0
6.0,23.0,136.0,400.0,598.0,778.0,4,925.0
6.0,23.0,400.0,451.0,598.0,853.0,4,925.0
6.0,23.0,156.0,400.0,434.0,778.0,4,815.0
6.0,26.0,285.0,333.0,536.0,599.0,4,948.0
6.0,26.0,204.0,333.0,620.0,753.0,4,857.0
6.0,26.0,285.0,536.0,599.0,753.0,4,948.0
6.0,26.0,285.0,536.0,753.0,914.0,4,948.0
6.0,26.0,285.0,333.0,536.0,599.0,4,948.0
6.0,26.0,285.0,333.0,753.0,914.0,4,948.0
6.0,26.0,333.0,536.0,620.0,753.0,4,857.0
6.0,25.0,74.0,297.0,356.0,398.0,4,759.0
6.0,25.0,74.0,297.0,356.0,398.0,4,759.0
6.0,25.0,74.0,393.0,531.0,696.0,4,759.0
6.0,25.0,74.0,297.0,356.0,398.0,4,759.0
6.0,25.0,74.0,297.0,356.0,398.0,4,759.0
6.0,15.0,659.0,714.0,860.0,960.0,4,1036.0
6.0,15.0,484.0,684.0,802.0,1013.0,4,1036.0
6.0,15.0,684.0,714.0,802.0,860.0,4,1036.0
6.0,15.0,714.0,802.0,860.0,960.0,4,1036.0
6.0,15.0,659.0,714.0,860.0,960.0,4,1036.0
6.0,15.0,659.0,714.0,860.0,960.0,4,1036.0
6.0,15.0,484.0,659.0,802.0,860.0,4,1013.0
6.0,15.0,659.0,714.0,860.0,960.0,4,1036.0
6.0,23.0,136.0,451.0,822.0,853.0,4,994.0
6.0,23.0,136.0,400.0,822.0,853.0,4,994.0
6.0,23.0,400.0,665.0,778.0,815.0,4,925.0
6.0,23.0,136.0,400.0,451.0,822.0,4,994.0
6.0,23.0,136.0,451.0,822.0,853.0,4,994.0
6.0,23.0,136.0,451.0,822.0,853.0,4,994.0
6.0,23.0,136.0,451.0,822.0,853.0,4,994.0
6.0,23.0,400.0,451.0,815.0,853.0,4,925.0
6.0,23.0,400.0,778.0,815.0,853.0,4,925.0
6.0,23.0,136.0,400.0,665.0,822.0,4,925.0
6.0,23.0,136.0,451.0,822.0,853.0,4,994.0
6.0,23.0,136.0,400.0,451.0,822.0,4,994.0
6.0,23.0,136.0,400.0,778.0,853.0,4,994.0
6.0,23.0,136.0,400.0,665.0,815.0,4,822.0
6.0,23.0,136.0,400.0,822.0,925.0,4,994.0
6.0,23.0,136.0,451.0,822.0,925.0,4,994.0
6.0,23.0,136.0,400.0,451.0,822.0,4,994.0
6.0,23.0,136.0,400.0,815.0,822.0,4,925.0
6.0,23.0,400.0,451.0,815.0,925.0,4,994.0
6.0,23.0,400.0,815.0,822.0,925.0,4,994.0
6.0,23.0,156.0,434.0,778.0,815.0,4,925.0
6.0,2.0,120.0,255.0,353.0,493.0,4,595.0
6.0,2.0,126.0,483.0,493.0,561.0,4,824.0
6.0,2.0,126.0,483.0,493.0,527.0,4,824.0
6.0,2.0,120.0,255.0,353.0,493.0,4,561.0
6.0,2.0,120.0,255.0,353.0,493.0,4,595.0
6.0,2.0,120.0,255.0,353.0,493.0,4,595.0
6.0,2.0,36.0,255.0,483.0,561.0,4,824.0
6.0,2.0,36.0,126.0,483.0,561.0,4,824.0
6.0,2.0,120.0,255.0,353.0,493.0,4,561.0
6.0,2.0,120.0,255.0,353.0,483.0,4,493.0
6.0,17.0,108.0,502.0,731.0,874.0,4,958.0
6.0,17.0,108.0,502.0,682.0,731.0,4,874.0
6.0,17.0,86.0,328.0,619.0,682.0,4,731.0
6.0,17.0,108.0,502.0,619.0,682.0,4,731.0
6.0,17.0,108.0,286.0,619.0,682.0,4,731.0
6.0,17.0,86.0,286.0,310.0,682.0,4,715.0
6.0,17.0,86.0,286.0,310.0,328.0,4,715.0
6.0,17.0,86.0,286.0,310.0,328.0,4,715.0
6.0,23.0,136.0,400.0,822.0,853.0,4,994.0
6.0,23.0,136.0,400.0,778.0,815.0,4,925.0
6.0,23.0,136.0,400.0,778.0,815.0,4,925.0
6.0,23.0,156.0,400.0,778.0,815.0,4,925.0
6.0,23.0,136.0,400.0,822.0,853.0,4,994.0
6.0,23.0,136.0,822.0,853.0,925.0,4,994.0
6.0,23.0,136.0,598.0,822.0,853.0,4,994.0
6.0,23.0,136.0,400.0,822.0,853.0,4,994.0
6.0,23.0,136.0,400.0,822.0,853.0,4,994.0
6.0,23.0,136.0,400.0,822.0,925.0,4,994.0
6.0,23.0,400.0,778.0,822.0,925.0,4,994.0
6.0,23.0,400.0,778.0,815.0,822.0,4,925.0
6.0,23.0,400.0,434.0,778.0,815.0,4,925.0
6.0,23.0,400.0,434.0,778.0,815.0,4,925.0
6.0,23.0,156.0,400.0,434.0,778.0,4,925.0
6.0,23.0,136.0,598.0,822.0,853.0,4,994.0
6.0,23.0,136.0,598.0,822.0,853.0,4,994.0
6.0,23.0,400.0,598.0,815.0,822.0,4,925.0
6.0,23.0,156.0,400.0,598.0,778.0,4,925.0
6.0,23.0,136.0,156.0,400.0,822.0,4,925.0
6.0,23.0,136.0,400.0,822.0,925.0,4,994.0
6.0,23.0,136.0,822.0,853.0,925.0,4,994.0
6.0,23.0,136.0,400.0,598.0,822.0,4,853.0
6.0,4.0,134.0,487.0,589.0,646.0,4,663.0
6.0,4.0,134.0,487.0,589.0,646.0,4,663.0
6.0,4.0,487.0,589.0,646.0,663.0,4,936.0
6.0,4.0,487.0,646.0,663.0,740.0,4,936.0
6.0,4.0,134.0,486.0,663.0,740.0,4,936.0
6.0,4.0,134.0,486.0,646.0,740.0,4,936.0
6.0,4.0,134.0,487.0,646.0,663.0,4,740.0
6.0,4.0,134.0,487.0,646.0,663.0,4,740.0
6.0,4.0,486.0,487.0,646.0,663.0,4,740.0
6.0,2.0,36.0,255.0,353.0,493.0,4,824.0
6.0,2.0,36.0,255.0,353.0,493.0,4,824.0
6.0,2.0,126.0,483.0,493.0,595.0,4,658.0
6.0,2.0,126.0,483.0,493.0,595.0,4,658.0
6.0,2.0,126.0,255.0,483.0,595.0,4,658.0
6.0,2.0,36.0,255.0,353.0,493.0,4,824.0
6.0,2.0,36.0,255.0,353.0,493.0,4,824.0
6.0,2.0,255.0,353.0,483.0,595.0,4,658.0
6.0,2.0,36.0,255.0,353.0,483.0,4,493.0
6.0,23.0,156.0,400.0,598.0,822.0,4,925.0
6.0,23.0,400.0,451.0,598.0,778.0,4,925.0
6.0,23.0,400.0,451.0,598.0,778.0,4,925.0
6.0,23.0,400.0,598.0,822.0,853.0,4,925.0
6.0,23.0,156.0,451.0,822.0,853.0,4,994.0
6.0,23.0,156.0,400.0,451.0,822.0,4,994.0
6.0,23.0,400.0,451.0,778.0,925.0,4,994.0
6.0,23.0,400.0,451.0,778.0,925.0,4,994.0
6.0,23.0,400.0,451.0,822.0,925.0,4,994.0
6.0,23.0,136.0,400.0,822.0,853.0,4,994.0
6.0,23.0,136.0,400.0,451.0,822.0,4,994.0
6.0,23.0,136.0,400.0,451.0,822.0,4,994.0
6.0,23.0,136.0,400.0,451.0,822.0,4,994.0
6.0,23.0,136.0,156.0,400.0,822.0,4,994.0
6.0,23.0,156.0,400.0,451.0,598.0,4,778.0
6.0,23.0,156.0,400.0,451.0,778.0,4,994.0
6.0,23.0,136.0,156.0,400.0,451.0,4,994.0
6.0,23.0,136.0,400.0,451.0,822.0,4,994.0
6.0,23.0,136.0,400.0,451.0,822.0,4,994.0
6.0,23.0,136.0,400.0,822.0,925.0,4,994.0
6.0,23.0,136.0,400.0,451.0,925.0,4,994.0
6.0,23.0,136.0,400.0,822.0,925.0,4,994.0
6.0,23.0,136.0,400.0,598.0,778.0,4,925.0
6.0,23.0,136.0,156.0,400.0,778.0,4,925.0
6.0,23.0,136.0,156.0,400.0,778.0,4,925.0
6.0,23.0,136.0,400.0,451.0,925.0,4,994.0
6.0,23.0,156.0,451.0,822.0,925.0,4,994.0
6.0,23.0,156.0,451.0,822.0,925.0,4,994.0
6.0,23.0,156.0,451.0,822.0,853.0,4,925.0
6.0,23.0,156.0,451.0,778.0,822.0,4,925.0
6.0,23.0,136.0,400.0,822.0,853.0,4,994.0
6.0,23.0,136.0,400.0,598.0,822.0,4,925.0
6.0,23.0,136.0,400.0,451.0,598.0,4,925.0
6.0,23.0,136.0,400.0,822.0,925.0,4,994.0
6.0,23.0,136.0,400.0,822.0,925.0,4,994.0
6.0,23.0,136.0,451.0,822.0,853.0,4,994.0
6.0,23.0,136.0,400.0,451.0,822.0,4,994.0
6.0,23.0,136.0,400.0,822.0,925.0,4,994.0
6.0,23.0,136.0,400.0,451.0,822.0,4,994.0
6.0,27.0,359.0,439.0,638.0,662.0,4,897.0
6.0,27.0,359.0,638.0,662.0,702.0,4,777.0
6.0,27.0,439.0,662.0,702.0,886.0,4,897.0
6.0,27.0,439.0,662.0,702.0,886.0,4,897.0
6.0,27.0,439.0,662.0,702.0,886.0,4,897.0
6.0,27.0,439.0,662.0,777.0,886.0,4,897.0
6.0,23.0,136.0,400.0,451.0,853.0,4,994.0
6.0,23.0,33.0,156.0,400.0,778.0,4,925.0
6.0,23.0,33.0,136.0,400.0,451.0,4,994.0
6.0,23.0,136.0,400.0,451.0,665.0,4,925.0
6.0,23.0,136.0,451.0,665.0,853.0,4,994.0
6.0,23.0,33.0,136.0,400.0,778.0,4,994.0
6.0,23.0,136.0,400.0,451.0,925.0,4,994.0
6.0,23.0,136.0,400.0,451.0,778.0,4,994.0
6.0,25.0,50.0,74.0,245.0,421.0,4,759.0
6.0,25.0,74.0,380.0,398.0,421.0,4,531.0
6.0,25.0,74.0,380.0,393.0,398.0,4,531.0
6.0,25.0,50.0,74.0,245.0,421.0,4,759.0
6.0,25.0,50.0,74.0,245.0,421.0,4,759.0
6.0,25.0,74.0,245.0,421.0,531.0,4,759.0
6.0,23.0,33.0,400.0,451.0,853.0,4,994.0
6.0,23.0,33.0,400.0,451.0,853.0,4,994.0
6.0,23.0,33.0,156.0,400.0,778.0,4,925.0
6.0,23.0,136.0,400.0,778.0,925.0,4,994.0
6.0,23.0,136.0,400.0,451.0,853.0,4,994.0
6.0,23.0,33.0,136.0,400.0,778.0,4,925.0
6.0,23.0,33.0,136.0,400.0,451.0,4,994.0
6.0,23.0,33.0,136.0,400.0,451.0,4,994.0
6.0,23.0,33.0,136.0,400.0,451.0,4,994.0
6.0,12.0,237.0,350.0,611.0,788.0,4,856.0
6.0,12.0,350.0,351.0,788.0,856.0,4,986.0
6.0,12.0,194.0,351.0,386.0,788.0,4,986.0
6.0,12.0,194.0,237.0,461.0,611.0,4,788.0
6.0,12.0,237.0,350.0,386.0,611.0,4,788.0
6.0,12.0,237.0,350.0,461.0,611.0,4,788.0
6.0,12.0,237.0,350.0,386.0,611.0,4,788.0
6.0,12.0,350.0,351.0,788.0,856.0,4,986.0
6.0,12.0,350.0,351.0,386.0,788.0,4,986.0
6.0,12.0,350.0,351.0,386.0,788.0,4,986.0
6.0,12.0,237.0,350.0,386.0,611.0,4,788.0
6.0,23.0,33.0,136.0,400.0,778.0,4,994.0
6.0,23.0,33.0,400.0,598.0,778.0,4,925.0
6.0,23.0,136.0,400.0,434.0,451.0,4,994.0
6.0,23.0,33.0,136.0,400.0,434.0,4,778.0
6.0,23.0,136.0,434.0,778.0,925.0,4,994.0
6.0,23.0,136.0,400.0,778.0,925.0,4,994.0
6.0,23.0,136.0,400.0,778.0,925.0,4,994.0
6.0,23.0,136.0,400.0,778.0,925.0,4,994.0
6.0,23.0,136.0,156.0,400.0,451.0,4,994.0
6.0,23.0,33.0,136.0,156.0,400.0,4,778.0
6.0,23.0,33.0,136.0,400.0,778.0,4,853.0
6.0,23.0,136.0,778.0,853.0,925.0,4,994.0
6.0,23.0,33.0,136.0,451.0,778.0,4,994.0
6.0,23.0,33.0,136.0,156.0,400.0,4,451.0
6.0,23.0,33.0,136.0,156.0,400.0,4,778.0
6.0,23.0,33.0,136.0,400.0,778.0,4,925.0
6.0,23.0,33.0,156.0,400.0,778.0,4,925.0
6.0,23.0,136.0,400.0,778.0,925.0,4,994.0
6.0,9.0,39.0,366.0,845.0,941.0,4,1019.0
6.0,9.0,76.0,149.0,366.0,604.0,4,1019.0
6.0,9.0,76.0,149.0,366.0,604.0,4,1019.0
6.0,9.0,109.0,366.0,604.0,845.0,4,941.0
6.0,9.0,109.0,366.0,452.0,604.0,4,941.0
6.0,9.0,366.0,452.0,604.0,941.0,4,1019.0
6.0,9.0,366.0,452.0,604.0,941.0,4,1019.0
6.0,9.0,366.0,452.0,604.0,941.0,4,1019.0
6.0,9.0,39.0,452.0,604.0,941.0,4,1019.0
6.0,9.0,39.0,366.0,604.0,845.0,4,1019.0
6.0,23.0,136.0,156.0,388.0,451.0,4,994.0
6.0,23.0,136.0,388.0,400.0,451.0,4,994.0
6.0,23.0,136.0,156.0,388.0,451.0,4,994.0
6.0,23.0,33.0,136.0,400.0,451.0,4,994.0
6.0,23.0,33.0,136.0,400.0,451.0,4,994.0
6.0,23.0,33.0,136.0,388.0,400.0,4,925.0
6.0,1.0,78.0,106.0,577.0,790.0,4,808.0
6.0,1.0,188.0,442.0,455.0,463.0,4,624.0
6.0,1.0,78.0,463.0,577.0,790.0,4,808.0
6.0,1.0,78.0,463.0,577.0,790.0,4,808.0
6.0,1.0,78.0,106.0,577.0,790.0,4,808.0
6.0,1.0,78.0,106.0,442.0,790.0,4,808.0
6.0,1.0,442.0,455.0,463.0,790.0,4,808.0
6.0,1.0,188.0,442.0,455.0,463.0,4,808.0
6.0,1.0,78.0,463.0,577.0,790.0,4,808.0
6.0,1.0,78.0,463.0,577.0,790.0,4,808.0
6.0,26.0,333.0,536.0,753.0,914.0,4,948.0
6.0,26.0,204.0,536.0,620.0,753.0,4,914.0
6.0,26.0,204.0,536.0,620.0,753.0,4,914.0
6.0,26.0,333.0,536.0,857.0,914.0,4,948.0
6.0,26.0,204.0,536.0,753.0,914.0,4,948.0
6.0,26.0,204.0,333.0,536.0,753.0,4,914.0
6.0,26.0,333.0,536.0,753.0,914.0,4,948.0
6.0,26.0,333.0,536.0,753.0,914.0,4,948.0
6.0,26.0,204.0,333.0,536.0,620.0,4,948.0
6.0,23.0,33.0,136.0,400.0,822.0,4,994.0
6.0,23.0,33.0,136.0,400.0,778.0,4,994.0
6.0,23.0,33.0,136.0,400.0,778.0,4,925.0
6.0,23.0,33.0,136.0,388.0,400.0,4,822.0
6.0,23.0,136.0,388.0,434.0,822.0,4,994.0
6.0,23.0,33.0,136.0,400.0,822.0,4,994.0
6.0,23.0,33.0,136.0,400.0,822.0,4,994.0
6.0,23.0,33.0,136.0,400.0,778.0,4,925.0
6.0,23.0,33.0,136.0,400.0,822.0,4,994.0
6.0,23.0,33.0,136.0,400.0,822.0,4,925.0
6.0,23.0,136.0,400.0,778.0,925.0,4,994.0
6.0,23.0,136.0,388.0,400.0,822.0,4,994.0
6.0,23.0,136.0,388.0,400.0,822.0,4,994.0
6.0,23.0,33.0,136.0,388.0,822.0,4,994.0
6.0,23.0,33.0,136.0,388.0,400.0,4,994.0
6.0,23.0,136.0,388.0,434.0,822.0,4,994.0
6.0,23.0,136.0,400.0,434.0,822.0,4,994.0
6.0,23.0,33.0,136.0,400.0,822.0,4,994.0
6.0,23.0,33.0,136.0,400.0,778.0,4,994.0
6.0,23.0,33.0,136.0,400.0,778.0,4,925.0
6.0,23.0,33.0,136.0,400.0,778.0,4,925.0
6.0,23.0,136.0,400.0,822.0,925.0,4,994.0
6.0,23.0,156.0,388.0,822.0,853.0,4,925.0
6.0,23.0,33.0,136.0,400.0,822.0,4,994.0
6.0,23.0,33.0,400.0,451.0,778.0,4,925.0
6.0,23.0,136.0,400.0,451.0,822.0,4,994.0
6.0,23.0,136.0,388.0,451.0,822.0,4,994.0
6.0,23.0,136.0,400.0,451.0,822.0,4,994.0
6.0,23.0,33.0,136.0,400.0,822.0,4,994.0
6.0,23.0,33.0,136.0,388.0,400.0,4,778.0
6.0,23.0,136.0,388.0,400.0,822.0,4,994.0
6.0,23.0,136.0,388.0,400.0,822.0,4,994.0
6.0,23.0,136.0,388.0,400.0,822.0,4,994.0
6.0,23.0,136.0,388.0,451.0,822.0,4,994.0
6.0,23.0,136.0,388.0,451.0,822.0,4,994.0
6.0,23.0,136.0,388.0,400.0,822.0,4,994.0
6.0,23.0,33.0,136.0,400.0,778.0,4,994.0
6.0,23.0,33.0,136.0,400.0,778.0,4,994.0
6.0,23.0,33.0,136.0,400.0,451.0,4,822.0
6.0,23.0,136.0,400.0,451.0,822.0,4,994.0
6.0,23.0,136.0,451.0,822.0,925.0,4,994.0
6.0,23.0,136.0,451.0,822.0,925.0,4,994.0
6.0,23.0,33.0,136.0,400.0,822.0,4,925.0
6.0,23.0,33.0,400.0,778.0,925.0,4,994.0
6.0,23.0,33.0,136.0,400.0,822.0,4,925.0
6.0,34.0,0.0,316.0,583.0,685.0,4,974.0
6.0,34.0,167.0,506.0,517.0,747.0,4,974.0
6.0,34.0,316.0,506.0,685.0,747.0,4,974.0
6.0,34.0,316.0,345.0,506.0,685.0,4,747.0
6.0,34.0,167.0,506.0,583.0,685.0,4,974.0
6.0,34.0,167.0,506.0,685.0,747.0,4,974.0
6.0,18.0,25.0,218.0,369.0,396.0,4,834.0
6.0,18.0,25.0,218.0,642.0,758.0,4,834.0
6.0,18.0,25.0,260.0,642.0,758.0,4,834.0
6.0,18.0,25.0,260.0,642.0,758.0,4,834.0
6.0,18.0,160.0,260.0,642.0,758.0,4,834.0
6.0,18.0,25.0,260.0,369.0,396.0,4,834.0
6.0,23.0,136.0,388.0,451.0,822.0,4,994.0
6.0,23.0,33.0,136.0,400.0,822.0,4,994.0
6.0,23.0,33.0,136.0,400.0,822.0,4,994.0
6.0,23.0,136.0,451.0,822.0,925.0,4,994.0
6.0,23.0,33.0,136.0,388.0,400.0,4,822.0
6.0,23.0,33.0,136.0,400.0,451.0,4,778.0
6.0,23.0,136.0,400.0,451.0,822.0,4,994.0
6.0,23.0,136.0,400.0,451.0,822.0,4,994.0
6.0,12.0,237.0,350.0,611.0,788.0,4,856.0
6.0,12.0,237.0,350.0,611.0,788.0,4,856.0
6.0,12.0,350.0,386.0,611.0,788.0,4,986.0
6.0,12.0,194.0,386.0,771.0,788.0,4,986.0
6.0,12.0,194.0,386.0,771.0,872.0,4,986.0
6.0,12.0,194.0,237.0,771.0,872.0,4,986.0
6.0,12.0,194.0,237.0,771.0,856.0,4,872.0
6.0,12.0,194.0,237.0,611.0,856.0,4,872.0
6.0,12.0,237.0,350.0,461.0,611.0,4,788.0
6.0,12.0,237.0,350.0,611.0,788.0,4,856.0
6.0,12.0,237.0,350.0,386.0,611.0,4,788.0
6.0,12.0,237.0,350.0,386.0,611.0,4,788.0
6.0,12.0,237.0,350.0,461.0,611.0,4,788.0
6.0,12.0,237.0,350.0,461.0,611.0,4,788.0
6.0,12.0,237.0,350.0,461.0,611.0,4,788.0
6.0,12.0,194.0,461.0,771.0,872.0,4,986.0
6.0,12.0,82.0,351.0,461.0,872.0,4,986.0
6.0,32.0,241.0,511.0,602.0,613.0,4,860.0
6.0,32.0,17.0,34.0,44.0,241.0,4,602.0
6.0,32.0,241.0,511.0,602.0,613.0,4,860.0
6.0,32.0,241.0,511.0,602.0,613.0,4,860.0
6.0,32.0,34.0,241.0,511.0,602.0,4,860.0
6.0,32.0,17.0,34.0,44.0,504.0,4,860.0
6.0,32.0,34.0,241.0,504.0,613.0,4,860.0
6.0,32.0,17.0,34.0,241.0,602.0,4,860.0
6.0,23.0,136.0,388.0,451.0,822.0,4,994.0
6.0,23.0,33.0,136.0,400.0,822.0,4,925.0
6.0,23.0,33.0,136.0,400.0,822.0,4,925.0
6.0,23.0,33.0,400.0,778.0,925.0,4,994.0
6.0,23.0,33.0,400.0,778.0,925.0,4,994.0
6.0,23.0,33.0,400.0,778.0,925.0,4,994.0
6.0,23.0,33.0,136.0,388.0,822.0,4,994.0
6.0,23.0,33.0,136.0,388.0,400.0,4,778.0
6.0,23.0,33.0,400.0,778.0,925.0,4,994.0
6.0,34.0,104.0,167.0,316.0,506.0,4,685.0
6.0,34.0,104.0,167.0,316.0,506.0,4,685.0
6.0,34.0,104.0,316.0,345.0,974.0,4,975.0
6.0,34.0,345.0,583.0,685.0,974.0,4,975.0
6.0,34.0,345.0,583.0,685.0,974.0,4,975.0
6.0,34.0,506.0,583.0,685.0,974.0,4,975.0
6.0,34.0,104.0,167.0,316.0,506.0,4,974.0
6.0,34.0,104.0,167.0,316.0,506.0,4,685.0
6.0,34.0,104.0,316.0,506.0,685.0,4,974.0
6.0,6.0,30.0,606.0,684.0,980.0,4,1013.0
6.0,6.0,30.0,606.0,644.0,684.0,4,900.0
6.0,6.0,30.0,606.0,644.0,684.0,4,900.0
6.0,6.0,30.0,606.0,644.0,684.0,4,900.0
6.0,6.0,125.0,213.0,644.0,900.0,4,980.0
6.0,6.0,125.0,213.0,644.0,900.0,4,980.0
6.0,6.0,125.0,213.0,644.0,900.0,4,980.0
6.0,6.0,30.0,606.0,644.0,900.0,4,980.0
6.0,6.0,125.0,606.0,644.0,900.0,4,980.0
6.0,9.0,109.0,452.0,510.0,524.0,4,604.0
6.0,9.0,452.0,524.0,845.0,1001.0,4,1019.0
6.0,9.0,109.0,452.0,604.0,845.0,4,1019.0
6.0,9.0,109.0,604.0,845.0,1001.0,4,1019.0
6.0,9.0,109.0,524.0,604.0,845.0,4,1001.0
6.0,9.0,109.0,524.0,604.0,845.0,4,1001.0
6.0,9.0,109.0,452.0,510.0,524.0,4,604.0
6.0,9.0,452.0,524.0,604.0,845.0,4,1019.0
6.0,9.0,109.0,452.0,510.0,524.0,4,604.0
6.0,23.0,388.0,434.0,598.0,822.0,4,994.0
6.0,23.0,388.0,400.0,451.0,575.0,4,994.0
6.0,23.0,400.0,451.0,575.0,925.0,4,994.0
6.0,23.0,400.0,665.0,778.0,822.0,4,925.0
6.0,23.0,400.0,778.0,822.0,925.0,4,994.0
6.0,23.0,388.0,434.0,575.0,822.0,4,994.0
6.0,23.0,388.0,400.0,575.0,822.0,4,994.0
6.0,23.0,400.0,451.0,665.0,778.0,4,925.0
6.0,23.0,400.0,451.0,575.0,778.0,4,925.0
6.0,23.0,156.0,388.0,434.0,575.0,4,778.0
6.0,28.0,203.0,397.0,608.0,754.0,4,1016.0
6.0,28.0,321.0,397.0,608.0,1016.0,4,1017.0
6.0,28.0,203.0,397.0,608.0,754.0,4,1016.0
6.0,28.0,203.0,397.0,608.0,754.0,4,1016.0
6.0,28.0,203.0,397.0,608.0,754.0,4,1016.0
6.0,28.0,203.0,397.0,608.0,754.0,4,1016.0
6.0,28.0,203.0,321.0,608.0,701.0,4,754.0
6.0,28.0,203.0,397.0,608.0,754.0,4,1016.0
6.0,28.0,203.0,397.0,608.0,754.0,4,1016.0
6.0,28.0,203.0,321.0,608.0,754.0,4,1016.0
6.0,33.0,14.0,258.0,301.0,361.0,4,811.0
6.0,33.0,301.0,318.0,361.0,686.0,4,789.0
6.0,33.0,14.0,361.0,686.0,730.0,4,789.0
6.0,33.0,14.0,361.0,730.0,789.0,4,811.0
6.0,33.0,21.0,258.0,686.0,730.0,4,789.0
6.0,33.0,258.0,361.0,686.0,730.0,4,789.0
6.0,23.0,136.0,388.0,575.0,778.0,4,822.0
6.0,23.0,136.0,400.0,575.0,778.0,4,822.0
6.0,23.0,136.0,156.0,400.0,665.0,4,822.0
6.0,23.0,156.0,400.0,451.0,665.0,4,925.0
6.0,23.0,136.0,388.0,400.0,451.0,4,925.0
6.0,23.0,136.0,388.0,575.0,778.0,4,822.0
6.0,23.0,136.0,400.0,575.0,778.0,4,822.0
6.0,23.0,136.0,400.0,575.0,778.0,4,822.0
6.0,23.0,136.0,400.0,575.0,822.0,4,925.0
6.0,23.0,136.0,156.0,400.0,451.0,4,925.0
6.0,23.0,156.0,400.0,434.0,451.0,4,925.0
6.0,32.0,34.0,241.0,602.0,613.0,4,860.0
6.0,32.0,17.0,34.0,241.0,602.0,4,613.0
6.0,32.0,17.0,241.0,511.0,602.0,4,613.0
6.0,32.0,17.0,241.0,511.0,602.0,4,944.0
6.0,32.0,17.0,241.0,511.0,602.0,4,613.0
6.0,32.0,17.0,34.0,241.0,602.0,4,613.0
6.0,32.0,17.0,34.0,241.0,602.0,4,613.0
6.0,32.0,17.0,241.0,504.0,511.0,4,613.0
6.0,32.0,17.0,241.0,511.0,602.0,4,944.0
6.0,23.0,136.0,400.0,575.0,778.0,4,822.0
6.0,23.0,136.0,400.0,451.0,575.0,4,778.0
6.0,23.0,156.0,400.0,451.0,822.0,4,925.0
6.0,23.0,136.0,388.0,400.0,575.0,4,822.0
6.0,23.0,136.0,388.0,400.0,575.0,4,778.0
6.0,23.0,136.0,388.0,451.0,575.0,4,778.0
6.0,23.0,136.0,388.0,575.0,778.0,4,822.0
6.0,23.0,156.0,400.0,451.0,822.0,4,925.0
6.0,23.0,156.0,400.0,434.0,778.0,4,925.0
6.0,1.0,78.0,106.0,463.0,517.0,4,790.0
6.0,1.0,78.0,106.0,463.0,517.0,4,790.0
6.0,1.0,169.0,455.0,463.0,517.0,4,945.0
6.0,1.0,78.0,463.0,517.0,790.0,4,945.0
6.0,1.0,78.0,106.0,463.0,517.0,4,790.0
6.0,1.0,78.0,455.0,517.0,790.0,4,945.0
6.0,1.0,106.0,455.0,463.0,517.0,4,945.0
6.0,1.0,78.0,106.0,463.0,790.0,4,945.0
6.0,1.0,78.0,198.0,517.0,901.0,4,945.0
6.0,23.0,136.0,388.0,575.0,778.0,4,822.0
6.0,23.0,136.0,388.0,400.0,575.0,4,822.0
6.0,23.0,400.0,451.0,665.0,778.0,4,925.0
6.0,23.0,400.0,451.0,665.0,778.0,4,925.0
6.0,23.0,136.0,388.0,400.0,575.0,4,822.0
6.0,23.0,136.0,388.0,400.0,575.0,4,822.0
6.0,23.0,136.0,388.0,400.0,575.0,4,822.0
6.0,23.0,136.0,388.0,400.0,822.0,4,925.0
6.0,23.0,136.0,388.0,400.0,665.0,4,822.0
6.0,23.0,136.0,156.0,400.0,451.0,4,822.0
6.0,23.0,136.0,388.0,575.0,778.0,4,822.0
6.0,23.0,136.0,388.0,400.0,575.0,4,822.0
6.0,23.0,136.0,388.0,400.0,575.0,4,822.0
6.0,23.0,136.0,400.0,575.0,822.0,4,925.0
6.0,23.0,156.0,400.0,451.0,665.0,4,925.0
6.0,23.0,156.0,400.0,451.0,665.0,4,925.0
6.0,23.0,156.0,400.0,451.0,575.0,4,925.0
6.0,23.0,136.0,388.0,400.0,451.0,4,575.0
6.0,23.0,136.0,388.0,778.0,822.0,4,925.0
6.0,23.0,156.0,400.0,451.0,822.0,4,925.0
6.0,23.0,136.0,388.0,400.0,575.0,4,822.0
6.0,23.0,136.0,400.0,451.0,575.0,4,822.0
6.0,23.0,136.0,400.0,451.0,575.0,4,822.0
6.0,23.0,156.0,400.0,451.0,822.0,4,925.0
6.0,23.0,156.0,400.0,451.0,778.0,4,925.0
6.0,23.0,388.0,400.0,451.0,778.0,4,822.0
6.0,23.0,388.0,400.0,575.0,778.0,4,822.0
6.0,23.0,388.0,400.0,575.0,778.0,4,822.0
6.0,23.0,400.0,451.0,575.0,778.0,4,822.0
6.0,23.0,136.0,156.0,400.0,451.0,4,925.0
6.0,0.0,13.0,247.0,465.0,535.0,4,601.0
6.0,0.0,64.0,201.0,394.0,535.0,4,906.0
6.0,0.0,64.0,201.0,394.0,601.0,4,906.0
6.0,0.0,13.0,247.0,465.0,535.0,4,601.0
6.0,0.0,13.0,201.0,465.0,535.0,4,601.0
6.0,0.0,13.0,247.0,465.0,535.0,4,601.0
6.0,0.0,394.0,465.0,535.0,601.0,4,906.0
6.0,23.0,136.0,388.0,778.0,822.0,4,994.0
6.0,23.0,136.0,156.0,400.0,451.0,4,822.0
6.0,23.0,136.0,388.0,822.0,925.0,4,994.0
6.0,23.0,136.0,388.0,778.0,822.0,4,994.0
6.0,23.0,136.0,400.0,778.0,822.0,4,994.0
6.0,23.0,136.0,400.0,778.0,822.0,4,994.0
6.0,23.0,136.0,400.0,778.0,822.0,4,994.0
6.0,23.0,136.0,156.0,400.0,451.0,4,822.0
6.0,23.0,156.0,400.0,451.0,925.0,4,994.0
6.0,23.0,136.0,400.0,451.0,822.0,4,994.0
6.0,23.0,136.0,388.0,575.0,778.0,4,822.0
6.0,23.0,136.0,156.0,388.0,400.0,4,822.0
6.0,23.0,136.0,156.0,400.0,451.0,4,822.0
6.0,23.0,156.0,400.0,451.0,575.0,4,925.0
6.0,23.0,136.0,400.0,451.0,822.0,4,925.0
6.0,23.0,136.0,156.0,400.0,451.0,4,822.0
6.0,23.0,136.0,400.0,451.0,822.0,4,925.0
6.0,23.0,136.0,388.0,575.0,778.0,4,822.0
6.0,23.0,136.0,156.0,388.0,400.0,4,822.0
6.0,23.0,136.0,156.0,400.0,451.0,4,822.0
6.0,23.0,400.0,451.0,575.0,778.0,4,925.0
6.0,23.0,400.0,451.0,575.0,778.0,4,925.0
6.0,23.0,156.0,400.0,434.0,778.0,4,925.0
6.0,4.0,134.0,486.0,589.0,646.0,4,663.0
6.0,4.0,134.0,486.0,589.0,646.0,4,663.0
6.0,4.0,134.0,486.0,589.0,740.0,4,828.0
6.0,4.0,134.0,486.0,589.0,740.0,4,828.0
6.0,4.0,486.0,589.0,646.0,740.0,4,828.0
6.0,4.0,134.0,486.0,589.0,663.0,4,828.0
6.0,4.0,134.0,589.0,646.0,740.0,4,828.0
6.0,4.0,134.0,589.0,646.0,740.0,4,828.0
6.0,4.0,134.0,486.0,589.0,663.0,4,740.0
6.0,6.0,30.0,606.0,980.0,989.0,4,1013.0
6.0,6.0,30.0,606.0,980.0,989.0,4,1013.0
6.0,6.0,578.0,606.0,900.0,980.0,4,1013.0
6.0,6.0,30.0,606.0,769.0,900.0,4,980.0
6.0,6.0,30.0,165.0,578.0,769.0,4,1013.0
6.0,23.0,136.0,388.0,778.0,822.0,4,910.0
6.0,23.0,136.0,156.0,400.0,451.0,4,822.0
6.0,23.0,136.0,156.0,400.0,451.0,4,822.0
6.0,23.0,156.0,388.0,400.0,451.0,4,925.0
6.0,23.0,136.0,388.0,778.0,822.0,4,910.0
6.0,23.0,136.0,400.0,778.0,822.0,4,910.0
6.0,23.0,136.0,156.0,400.0,451.0,4,778.0
6.0,23.0,136.0,156.0,400.0,451.0,4,778.0
6.0,23.0,156.0,400.0,451.0,822.0,4,925.0
6.0,23.0,156.0,388.0,451.0,822.0,4,925.0
6.0,23.0,156.0,400.0,451.0,822.0,4,925.0
6.0,23.0,156.0,298.0,388.0,434.0,4,778.0
6.0,23.0,156.0,298.0,388.0,434.0,4,778.0
6.0,23.0,156.0,434.0,778.0,798.0,4,925.0
6.0,23.0,156.0,388.0,434.0,798.0,4,925.0
6.0,23.0,156.0,388.0,434.0,798.0,4,925.0
6.0,23.0,298.0,388.0,434.0,798.0,4,925.0
6.0,23.0,156.0,388.0,434.0,798.0,4,925.0
6.0,23.0,156.0,388.0,434.0,798.0,4,925.0
6.0,23.0,156.0,298.0,388.0,798.0,4,925.0
6.0,23.0,156.0,298.0,434.0,798.0,4,925.0
6.0,23.0,156.0,298.0,434.0,798.0,4,925.0
6.0,23.0,298.0,388.0,434.0,798.0,4,925.0
6.0,23.0,156.0,388.0,434.0,798.0,4,925.0
6.0,1.0,106.0,188.0,442.0,463.0,4,808.0
6.0,1.0,106.0,188.0,577.0,790.0,4,808.0
6.0,1.0,442.0,455.0,463.0,790.0,4,808.0
6.0,1.0,188.0,455.0,577.0,790.0,4,808.0
6.0,1.0,169.0,442.0,455.0,596.0,4,624.0
6.0,17.0,108.0,328.0,715.0,731.0,4,874.0
6.0,17.0,86.0,310.0,619.0,715.0,4,731.0
6.0,17.0,86.0,286.0,310.0,619.0,4,715.0
6.0,17.0,86.0,286.0,310.0,619.0,4,715.0
6.0,17.0,108.0,328.0,619.0,715.0,4,731.0
6.0,17.0,86.0,108.0,328.0,619.0,4,715.0
6.0,17.0,108.0,328.0,619.0,715.0,4,731.0
6.0,17.0,108.0,328.0,619.0,715.0,4,731.0
6.0,17.0,108.0,328.0,619.0,715.0,4,731.0
6.0,17.0,108.0,502.0,619.0,715.0,4,731.0
6.0,17.0,108.0,502.0,619.0,715.0,4,731.0
6.0,17.0,108.0,502.0,619.0,715.0,4,731.0
6.0,17.0,286.0,497.0,502.0,682.0,4,958.0
6.0,34.0,0.0,104.0,167.0,316.0,4,974.0
6.0,34.0,0.0,104.0,167.0,583.0,4,685.0
6.0,34.0,0.0,104.0,316.0,974.0,4,975.0
6.0,34.0,0.0,104.0,316.0,974.0,4,975.0
6.0,34.0,0.0,104.0,316.0,974.0,4,975.0
6.0,17.0,108.0,328.0,731.0,874.0,4,958.0
6.0,17.0,108.0,328.0,715.0,731.0,4,874.0
6.0,17.0,108.0,310.0,619.0,682.0,4,731.0
6.0,17.0,86.0,310.0,619.0,682.0,4,731.0
6.0,17.0,86.0,310.0,619.0,682.0,4,731.0
6.0,17.0,86.0,108.0,310.0,619.0,4,682.0
6.0,17.0,86.0,108.0,310.0,619.0,4,682.0
6.0,17.0,108.0,310.0,715.0,731.0,4,874.0
6.0,17.0,108.0,328.0,731.0,874.0,4,958.0
6.0,17.0,108.0,328.0,731.0,874.0,4,958.0
6.0,17.0,108.0,328.0,619.0,682.0,4,731.0
6.0,17.0,108.0,328.0,619.0,682.0,4,731.0
6.0,17.0,108.0,328.0,619.0,682.0,4,731.0
6.0,17.0,86.0,328.0,619.0,682.0,4,731.0
6.0,17.0,108.0,328.0,619.0,682.0,4,731.0
6.0,26.0,333.0,453.0,536.0,914.0,4,948.0
6.0,26.0,285.0,333.0,857.0,914.0,4,948.0
6.0,26.0,285.0,753.0,857.0,914.0,4,948.0
6.0,26.0,285.0,453.0,536.0,753.0,4,914.0
6.0,26.0,285.0,453.0,536.0,753.0,4,948.0
6.0,26.0,285.0,453.0,536.0,753.0,4,914.0
6.0,26.0,453.0,536.0,753.0,914.0,4,948.0
6.0,26.0,453.0,536.0,753.0,914.0,4,948.0
6.0,26.0,453.0,536.0,753.0,914.0,4,948.0
6.0,17.0,108.0,328.0,731.0,874.0,4,958.0
6.0,17.0,86.0,108.0,328.0,874.0,4,958.0
6.0,17.0,86.0,310.0,619.0,715.0,4,731.0
6.0,17.0,86.0,328.0,715.0,731.0,4,874.0
6.0,17.0,108.0,328.0,715.0,731.0,4,874.0
6.0,17.0,108.0,328.0,731.0,874.0,4,958.0
6.0,17.0,86.0,108.0,310.0,874.0,4,958.0
6.0,17.0,108.0,310.0,619.0,715.0,4,731.0
6.0,17.0,86.0,497.0,502.0,682.0,4,715.0
6.0,17.0,86.0,497.0,502.0,682.0,4,715.0
6.0,17.0,108.0,328.0,731.0,874.0,4,958.0
6.0,17.0,108.0,328.0,731.0,874.0,4,958.0
6.0,17.0,86.0,310.0,502.0,682.0,4,715.0
6.0,17.0,86.0,310.0,502.0,682.0,4,715.0
6.0,17.0,108.0,310.0,502.0,682.0,4,715.0
6.0,17.0,108.0,310.0,502.0,715.0,4,731.0
6.0,17.0,108.0,328.0,731.0,874.0,4,958.0
6.0,17.0,108.0,328.0,731.0,874.0,4,958.0
6.0,17.0,86.0,108.0,310.0,619.0,4,715.0
6.0,17.0,86.0,108.0,310.0,619.0,4,715.0
6.0,17.0,108.0,328.0,497.0,731.0,4,958.0
6.0,17.0,86.0,108.0,310.0,497.0,4,958.0
6.0,17.0,86.0,108.0,310.0,619.0,4,715.0
6.0,17.0,86.0,108.0,310.0,619.0,4,715.0
6.0,17.0,86.0,310.0,619.0,715.0,4,731.0
6.0,17.0,108.0,328.0,497.0,731.0,4,958.0
6.0,17.0,108.0,328.0,619.0,731.0,4,958.0
6.0,17.0,108.0,328.0,619.0,682.0,4,958.0
6.0,17.0,86.0,310.0,619.0,715.0,4,731.0
6.0,17.0,108.0,310.0,619.0,715.0,4,731.0
6.0,4.0,134.0,487.0,589.0,646.0,4,828.0
6.0,4.0,134.0,486.0,589.0,646.0,4,936.0
6.0,4.0,134.0,486.0,589.0,646.0,4,936.0
6.0,4.0,487.0,589.0,646.0,828.0,4,936.0
6.0,4.0,134.0,589.0,646.0,828.0,4,936.0
6.0,4.0,134.0,487.0,589.0,646.0,4,828.0
6.0,4.0,134.0,487.0,589.0,646.0,4,828.0
6.0,4.0,134.0,487.0,589.0,646.0,4,828.0
6.0,18.0,25.0,218.0,260.0,369.0,4,642.0
6.0,18.0,25.0,218.0,260.0,369.0,4,642.0
6.0,18.0,25.0,218.0,260.0,369.0,4,642.0
6.0,18.0,25.0,396.0,530.0,579.0,4,758.0
6.0,18.0,396.0,530.0,579.0,642.0,4,758.0
6.0,18.0,25.0,218.0,579.0,642.0,4,758.0
6.0,18.0,25.0,218.0,579.0,642.0,4,758.0
6.0,18.0,25.0,218.0,579.0,642.0,4,758.0
6.0,18.0,25.0,218.0,530.0,642.0,4,758.0
6.0,17.0,108.0,328.0,619.0,682.0,4,731.0
6.0,17.0,108.0,286.0,328.0,619.0,4,635.0
6.0,17.0,108.0,286.0,328.0,619.0,4,635.0
6.0,17.0,108.0,286.0,328.0,619.0,4,682.0
6.0,17.0,108.0,310.0,328.0,682.0,4,731.0
6.0,17.0,108.0,328.0,619.0,682.0,4,731.0
6.0,17.0,108.0,328.0,619.0,682.0,4,731.0
6.0,17.0,108.0,310.0,328.0,682.0,4,731.0
6.0,17.0,286.0,502.0,619.0,635.0,4,731.0
6.0,17.0,108.0,328.0,619.0,682.0,4,731.0
6.0,17.0,108.0,328.0,619.0,682.0,4,731.0
6.0,17.0,108.0,310.0,619.0,682.0,4,731.0
6.0,17.0,108.0,310.0,619.0,682.0,4,731.0
6.0,17.0,108.0,328.0,635.0,682.0,4,874.0
6.0,17.0,108.0,328.0,619.0,635.0,4,731.0
6.0,17.0,108.0,310.0,619.0,682.0,4,731.0
6.0,17.0,108.0,310.0,619.0,682.0,4,731.0
6.0,17.0,108.0,310.0,619.0,682.0,4,731.0
6.0,17.0,286.0,328.0,619.0,635.0,4,731.0
6.0,17.0,286.0,328.0,619.0,635.0,4,731.0
6.0,17.0,108.0,286.0,328.0,635.0,4,874.0
6.0,2.0,36.0,255.0,353.0,493.0,4,824.0
6.0,2.0,255.0,483.0,527.0,595.0,4,728.0
6.0,2.0,36.0,126.0,353.0,493.0,4,824.0
6.0,2.0,36.0,255.0,483.0,658.0,4,824.0
6.0,2.0,255.0,353.0,483.0,658.0,4,824.0
6.0,2.0,255.0,353.0,483.0,658.0,4,824.0
6.0,2.0,126.0,353.0,493.0,595.0,4,658.0
6.0,2.0,126.0,353.0,493.0,595.0,4,658.0
6.0,2.0,126.0,353.0,493.0,595.0,4,658.0
6.0,2.0,255.0,353.0,493.0,595.0,4,658.0
6.0,2.0,255.0,353.0,493.0,595.0,4,658.0
6.0,6.0,30.0,35.0,213.0,606.0,4,989.0
6.0,6.0,125.0,213.0,280.0,980.0,4,989.0
6.0,6.0,30.0,35.0,213.0,606.0,4,873.0
6.0,6.0,30.0,213.0,606.0,873.0,4,989.0
6.0,6.0,30.0,213.0,606.0,873.0,4,989.0
6.0,6.0,30.0,125.0,606.0,980.0,4,989.0
6.0,6.0,30.0,35.0,213.0,280.0,4,980.0
6.0,6.0,35.0,125.0,213.0,280.0,4,989.0
6.0,6.0,30.0,35.0,125.0,606.0,4,989.0
6.0,17.0,108.0,310.0,328.0,682.0,4,731.0
6.0,17.0,286.0,310.0,328.0,715.0,4,731.0
6.0,17.0,108.0,286.0,310.0,328.0,4,715.0
6.0,17.0,108.0,286.0,310.0,328.0,4,715.0
6.0,17.0,108.0,286.0,310.0,635.0,4,715.0
6.0,17.0,108.0,619.0,635.0,715.0,4,731.0
6.0,17.0,108.0,619.0,635.0,682.0,4,731.0
6.0,17.0,108.0,310.0,328.0,715.0,4,731.0
6.0,17.0,286.0,310.0,328.0,715.0,4,731.0
6.0,17.0,108.0,290.0,635.0,715.0,4,731.0
6.0,17.0,108.0,290.0,635.0,715.0,4,731.0
6.0,17.0,108.0,619.0,635.0,715.0,4,731.0
6.0,15.0,659.0,714.0,860.0,960.0,4,1036.0
6.0,15.0,229.0,684.0,714.0,860.0,4,960.0
6.0,15.0,229.0,484.0,659.0,802.0,4,1013.0
6.0,15.0,484.0,659.0,802.0,1013.0,4,1036.0
6.0,15.0,659.0,714.0,860.0,960.0,4,1036.0
6.0,15.0,659.0,714.0,860.0,960.0,4,1036.0
6.0,15.0,229.0,484.0,684.0,802.0,4,1013.0
6.0,15.0,229.0,484.0,659.0,802.0,4,1013.0
6.0,15.0,484.0,659.0,714.0,860.0,4,1036.0
6.0,1.0,448.0,455.0,577.0,790.0,4,808.0
6.0,1.0,106.0,442.0,463.0,790.0,4,808.0
6.0,1.0,188.0,442.0,463.0,790.0,4,808.0
6.0,1.0,188.0,442.0,455.0,463.0,4,577.0
6.0,1.0,106.0,448.0,455.0,790.0,4,808.0
6.0,1.0,106.0,455.0,577.0,790.0,4,808.0
6.0,1.0,106.0,455.0,577.0,790.0,4,808.0
6.0,1.0,188.0,463.0,577.0,790.0,4,808.0
6.0,1.0,448.0,455.0,577.0,790.0,4,808.0
6.0,1.0,106.0,188.0,442.0,790.0,4,808.0
6.0,1.0,106.0,188.0,577.0,790.0,4,808.0
6.0,17.0,108.0,328.0,619.0,715.0,4,731.0
6.0,17.0,286.0,310.0,328.0,715.0,4,731.0
6.0,17.0,108.0,619.0,635.0,715.0,4,731.0
6.0,17.0,108.0,619.0,635.0,715.0,4,731.0
6.0,17.0,108.0,328.0,619.0,682.0,4,731.0
6.0,17.0,108.0,310.0,619.0,715.0,4,731.0
6.0,17.0,108.0,310.0,328.0,715.0,4,731.0
6.0,17.0,108.0,328.0,619.0,715.0,4,731.0
6.0,17.0,108.0,619.0,635.0,682.0,4,731.0
6.0,17.0,108.0,619.0,635.0,682.0,4,731.0
6.0,17.0,86.0,108.0,310.0,328.0,4,715.0
6.0,17.0,86.0,108.0,310.0,328.0,4,715.0
6.0,17.0,108.0,310.0,328.0,715.0,4,731.0
6.0,17.0,108.0,310.0,328.0,715.0,4,731.0
6.0,17.0,108.0,328.0,619.0,715.0,4,731.0
6.0,17.0,108.0,310.0,635.0,682.0,4,731.0
6.0,17.0,108.0,310.0,635.0,682.0,4,731.0
6.0,17.0,108.0,328.0,619.0,715.0,4,731.0
6.0,17.0,108.0,328.0,619.0,715.0,4,731.0
6.0,17.0,108.0,619.0,635.0,682.0,4,731.0
6.0,9.0,109.0,366.0,452.0,604.0,4,941.0
6.0,9.0,109.0,366.0,452.0,604.0,4,941.0
6.0,9.0,109.0,366.0,452.0,941.0,4,1019.0
6.0,9.0,366.0,452.0,604.0,941.0,4,1019.0
6.0,9.0,39.0,452.0,604.0,941.0,4,1019.0
6.0,9.0,39.0,76.0,149.0,604.0,4,1019.0
6.0,9.0,39.0,76.0,109.0,149.0,4,1019.0
6.0,9.0,39.0,76.0,109.0,149.0,4,588.0
6.0,9.0,109.0,366.0,452.0,604.0,4,941.0
6.0,9.0,109.0,366.0,452.0,604.0,4,941.0
6.0,9.0,109.0,149.0,366.0,941.0,4,1019.0
6.0,12.0,237.0,350.0,611.0,788.0,4,856.0
6.0,12.0,237.0,350.0,351.0,788.0,4,856.0
6.0,12.0,194.0,237.0,386.0,611.0,4,788.0
6.0,12.0,194.0,237.0,386.0,611.0,4,788.0
6.0,12.0,237.0,350.0,351.0,788.0,4,856.0
6.0,12.0,237.0,350.0,611.0,788.0,4,856.0
6.0,12.0,194.0,237.0,611.0,788.0,4,856.0
6.0,12.0,194.0,351.0,788.0,856.0,4,986.0
6.0,12.0,194.0,350.0,351.0,386.0,4,986.0
6.0,12.0,194.0,350.0,351.0,386.0,4,986.0
6.0,12.0,237.0,350.0,611.0,788.0,4,856.0
6.0,17.0,86.0,108.0,310.0,502.0,4,715.0
6.0,17.0,86.0,108.0,310.0,328.0,4,715.0
6.0,17.0,108.0,328.0,619.0,635.0,4,731.0
6.0,17.0,108.0,310.0,635.0,715.0,4,731.0
6.0,17.0,108.0,310.0,328.0,635.0,4,731.0
6.0,17.0,86.0,108.0,310.0,502.0,4,715.0
6.0,17.0,86.0,310.0,502.0,715.0,4,731.0
6.0,17.0,108.0,328.0,619.0,715.0,4,731.0
6.0,17.0,108.0,328.0,619.0,715.0,4,731.0
6.0,4.0,134.0,487.0,646.0,740.0,4,828.0
6.0,4.0,487.0,646.0,740.0,828.0,4,936.0
6.0,4.0,134.0,487.0,646.0,663.0,4,683.0
6.0,4.0,134.0,486.0,487.0,663.0,4,740.0
6.0,4.0,134.0,487.0,646.0,663.0,4,740.0
6.0,4.0,134.0,646.0,663.0,740.0,4,936.0
6.0,4.0,486.0,487.0,663.0,740.0,4,936.0
6.0,17.0,86.0,310.0,502.0,682.0,4,715.0
6.0,17.0,108.0,328.0,619.0,635.0,4,731.0
6.0,17.0,86.0,108.0,290.0,715.0,4,874.0
6.0,17.0,86.0,108.0,290.0,874.0,4,958.0
6.0,17.0,86.0,290.0,682.0,874.0,4,958.0
6.0,32.0,34.0,241.0,302.0,524.0,4,613.0
6.0,32.0,17.0,34.0,241.0,302.0,4,524.0
6.0,32.0,17.0,34.0,241.0,302.0,4,524.0
6.0,32.0,34.0,241.0,302.0,602.0,4,613.0
6.0,32.0,17.0,302.0,524.0,613.0,4,799.0
6.0,32.0,17.0,34.0,241.0,302.0,4,524.0
6.0,32.0,17.0,34.0,241.0,302.0,4,602.0
6.0,32.0,34.0,241.0,302.0,524.0,4,613.0
6.0,27.0,662.0,680.0,702.0,886.0,4,897.0
6.0,27.0,359.0,439.0,638.0,680.0,4,897.0
6.0,27.0,359.0,439.0,638.0,777.0,4,897.0
6.0,27.0,359.0,439.0,638.0,662.0,4,777.0
6.0,27.0,638.0,662.0,702.0,886.0,4,897.0
6.0,27.0,359.0,439.0,638.0,662.0,4,897.0
6.0,28.0,496.0,608.0,754.0,761.0,4,1016.0
6.0,28.0,203.0,397.0,639.0,1002.0,4,1017.0
6.0,28.0,203.0,397.0,639.0,854.0,4,1016.0
6.0,28.0,203.0,397.0,639.0,854.0,4,1016.0
6.0,28.0,203.0,397.0,639.0,854.0,4,1016.0
6.0,28.0,203.0,608.0,639.0,754.0,4,1016.0
6.0,28.0,203.0,608.0,639.0,754.0,4,1016.0
6.0,17.0,108.0,328.0,619.0,635.0,4,731.0
6.0,17.0,108.0,310.0,328.0,715.0,4,731.0
6.0,17.0,86.0,310.0,502.0,715.0,4,731.0
6.0,17.0,86.0,310.0,502.0,715.0,4,731.0
6.0,17.0,108.0,328.0,619.0,635.0,4,731.0
6.0,17.0,108.0,328.0,619.0,635.0,4,731.0
6.0,17.0,108.0,310.0,328.0,715.0,4,731.0
6.0,17.0,108.0,328.0,619.0,715.0,4,731.0
6.0,6.0,30.0,275.0,606.0,980.0,4,989.0
6.0,6.0,213.0,644.0,684.0,769.0,4,900.0
6.0,6.0,30.0,275.0,606.0,980.0,4,989.0
6.0,6.0,30.0,275.0,606.0,980.0,4,989.0
6.0,6.0,213.0,644.0,684.0,900.0,4,1013.0
6.0,6.0,213.0,644.0,684.0,900.0,4,1013.0
6.0,6.0,213.0,644.0,684.0,900.0,4,1013.0
6.0,9.0,109.0,366.0,452.0,604.0,4,941.0
6.0,9.0,109.0,366.0,452.0,604.0,4,941.0
6.0,9.0,39.0,76.0,366.0,845.0,4,1019.0
6.0,9.0,39.0,149.0,510.0,588.0,4,845.0
6.0,9.0,76.0,510.0,588.0,604.0,4,845.0
6.0,17.0,86.0,328.0,635.0,731.0,4,958.0
6.0,17.0,108.0,328.0,635.0,731.0,4,874.0
6.0,17.0,86.0,108.0,328.0,502.0,4,715.0
6.0,17.0,86.0,108.0,328.0,715.0,4,731.0
6.0,17.0,108.0,328.0,619.0,635.0,4,731.0
6.0,17.0,108.0,328.0,619.0,635.0,4,731.0
6.0,17.0,108.0,328.0,619.0,715.0,4,731.0
6.0,17.0,86.0,502.0,715.0,731.0,4,874.0
6.0,17.0,108.0,328.0,619.0,635.0,4,731.0
6.0,17.0,108.0,328.0,619.0,635.0,4,731.0
6.0,17.0,108.0,619.0,635.0,715.0,4,731.0
6.0,17.0,108.0,328.0,619.0,635.0,4,731.0
6.0,17.0,86.0,310.0,328.0,635.0,4,731.0
6.0,17.0,86.0,328.0,619.0,715.0,4,731.0
6.0,33.0,21.0,244.0,258.0,318.0,4,811.0
6.0,33.0,21.0,244.0,258.0,318.0,4,789.0
6.0,33.0,21.0,244.0,258.0,318.0,4,789.0
6.0,33.0,21.0,244.0,258.0,318.0,4,789.0
6.0,33.0,14.0,21.0,244.0,789.0,4,811.0
6.0,33.0,14.0,417.0,686.0,789.0,4,811.0
6.0,33.0,14.0,417.0,686.0,789.0,4,811.0
6.0,33.0,14.0,417.0,686.0,789.0,4,811.0
6.0,33.0,14.0,244.0,258.0,417.0,4,686.0
6.0,33.0,14.0,21.0,244.0,789.0,4,811.0
6.0,17.0,86.0,310.0,502.0,715.0,4,731.0
6.0,17.0,86.0,310.0,502.0,715.0,4,731.0
6.0,17.0,86.0,310.0,328.0,715.0,4,731.0
6.0,17.0,108.0,328.0,715.0,731.0,4,874.0
6.0,17.0,108.0,328.0,635.0,731.0,4,874.0
6.0,17.0,108.0,328.0,635.0,731.0,4,874.0
6.0,17.0,108.0,328.0,715.0,731.0,4,874.0
6.0,17.0,108.0,328.0,635.0,731.0,4,874.0
6.0,17.0,108.0,310.0,328.0,635.0,4,731.0
6.0,17.0,86.0,108.0,310.0,502.0,4,715.0
6.0,17.0,86.0,108.0,310.0,502.0,4,715.0
6.0,17.0,108.0,328.0,715.0,731.0,4,874.0
6.0,17.0,108.0,310.0,328.0,715.0,4,731.0
6.0,17.0,108.0,328.0,635.0,731.0,4,874.0
6.0,17.0,108.0,328.0,635.0,731.0,4,874.0
6.0,17.0,86.0,108.0,310.0,502.0,4,715.0
6.0,17.0,86.0,328.0,715.0,731.0,4,874.0
6.0,17.0,108.0,328.0,635.0,715.0,4,731.0
6.0,17.0,108.0,635.0,715.0,731.0,4,874.0
6.0,17.0,108.0,328.0,635.0,731.0,4,874.0
6.0,17.0,108.0,635.0,715.0,731.0,4,874.0
6.0,17.0,108.0,310.0,635.0,715.0,4,731.0
6.0,17.0,108.0,310.0,635.0,715.0,4,731.0
6.0,2.0,120.0,255.0,353.0,493.0,4,824.0
6.0,2.0,36.0,126.0,493.0,561.0,4,595.0
6.0,2.0,120.0,255.0,353.0,493.0,4,595.0
6.0,2.0,120.0,255.0,353.0,493.0,4,595.0
6.0,2.0,36.0,126.0,255.0,493.0,4,595.0
6.0,2.0,36.0,126.0,255.0,561.0,4,595.0
6.0,2.0,36.0,126.0,255.0,353.0,4,561.0
6.0,2.0,36.0,126.0,255.0,353.0,4,493.0
6.0,17.0,108.0,328.0,619.0,635.0,4,731.0
6.0,17.0,86.0,502.0,715.0,731.0,4,874.0
6.0,17.0,86.0,108.0,502.0,635.0,4,874.0
6.0,17.0,86.0,108.0,502.0,619.0,4,715.0
6.0,17.0,108.0,328.0,619.0,715.0,4,731.0
6.0,17.0,108.0,328.0,619.0,715.0,4,731.0
6.0,17.0,108.0,310.0,328.0,715.0,4,731.0
6.0,17.0,108.0,310.0,635.0,715.0,4,731.0
6.0,17.0,108.0,328.0,619.0,635.0,4,731.0
6.0,17.0,108.0,328.0,619.0,715.0,4,731.0
6.0,17.0,398.0,502.0,619.0,635.0,4,731.0
6.0,17.0,398.0,502.0,619.0,715.0,4,731.0
6.0,17.0,108.0,328.0,398.0,619.0,4,731.0
6.0,17.0,108.0,328.0,619.0,635.0,4,731.0
6.0,17.0,108.0,328.0,398.0,619.0,4,731.0
6.0,17.0,398.0,502.0,715.0,731.0,4,874.0
6.0,17.0,398.0,502.0,715.0,731.0,4,874.0
6.0,17.0,328.0,398.0,619.0,715.0,4,731.0
6.0,17.0,108.0,398.0,502.0,715.0,4,874.0
6.0,17.0,108.0,310.0,398.0,502.0,4,715.0
6.0,17.0,108.0,502.0,619.0,715.0,4,731.0
6.0,17.0,108.0,328.0,619.0,635.0,4,731.0
6.0,17.0,108.0,328.0,619.0,635.0,4,731.0
6.0,17.0,108.0,328.0,398.0,619.0,4,635.0
6.0,17.0,108.0,310.0,398.0,635.0,4,715.0
6.0,17.0,328.0,398.0,619.0,715.0,4,731.0
6.0,17.0,108.0,328.0,398.0,619.0,4,731.0
6.0,17.0,108.0,310.0,398.0,715.0,4,874.0
6.0,17.0,310.0,398.0,715.0,731.0,4,874.0
6.0,17.0,398.0,619.0,715.0,731.0,4,874.0
6.0,17.0,108.0,328.0,619.0,635.0,4,731.0
6.0,17.0,108.0,328.0,619.0,635.0,4,731.0
6.0,17.0,108.0,619.0,635.0,731.0,4,874.0
6.0,17.0,108.0,310.0,635.0,731.0,4,874.0
6.0,17.0,108.0,310.0,398.0,715.0,4,874.0
6.0,17.0,108.0,328.0,398.0,619.0,4,731.0
6.0,34.0,316.0,345.0,506.0,685.0,4,747.0
6.0,34.0,316.0,506.0,685.0,974.0,4,975.0
6.0,34.0,345.0,506.0,583.0,747.0,4,974.0
6.0,34.0,345.0,506.0,685.0,747.0,4,974.0
6.0,34.0,506.0,583.0,685.0,974.0,4,975.0
6.0,34.0,345.0,583.0,685.0,974.0,4,975.0
6.0,34.0,345.0,506.0,583.0,974.0,4,975.0
6.0,34.0,345.0,506.0,747.0,974.0,4,975.0
6.0,34.0,345.0,506.0,747.0,974.0,4,975.0
6.0,17.0,108.0,328.0,619.0,715.0,4,731.0
6.0,17.0,328.0,398.0,619.0,715.0,4,731.0
6.0,17.0,108.0,328.0,619.0,715.0,4,731.0
6.0,17.0,108.0,310.0,398.0,682.0,4,731.0
6.0,17.0,108.0,328.0,398.0,619.0,4,731.0
6.0,17.0,108.0,328.0,398.0,619.0,4,731.0
6.0,17.0,108.0,619.0,682.0,731.0,4,874.0
6.0,17.0,310.0,398.0,619.0,715.0,4,731.0
6.0,17.0,310.0,398.0,619.0,715.0,4,731.0
6.0,17.0,310.0,372.0,398.0,715.0,4,731.0
6.0,17.0,310.0,372.0,398.0,715.0,4,731.0
6.0,17.0,310.0,372.0,398.0,715.0,4,731.0
6.0,17.0,108.0,310.0,372.0,398.0,4,715.0
6.0,17.0,108.0,398.0,619.0,731.0,4,874.0
6.0,17.0,108.0,310.0,619.0,715.0,4,731.0
6.0,17.0,108.0,310.0,619.0,715.0,4,731.0
6.0,17.0,108.0,398.0,619.0,715.0,4,731.0
6.0,17.0,108.0,398.0,619.0,715.0,4,731.0
6.0,0.0,247.0,394.0,465.0,503.0,4,535.0
6.0,0.0,13.0,201.0,267.0,394.0,4,465.0
6.0,0.0,13.0,267.0,465.0,535.0,4,601.0
6.0,0.0,13.0,267.0,465.0,535.0,4,601.0
6.0,0.0,13.0,267.0,465.0,535.0,4,601.0
6.0,0.0,13.0,267.0,465.0,535.0,4,601.0
6.0,0.0,13.0,267.0,465.0,535.0,4,601.0
6.0,12.0,350.0,771.0,788.0,856.0,4,986.0
6.0,12.0,194.0,461.0,771.0,788.0,4,856.0
6.0,12.0,350.0,611.0,788.0,856.0,4,986.0
6.0,12.0,350.0,611.0,788.0,856.0,4,986.0
6.0,12.0,350.0,611.0,788.0,856.0,4,986.0
6.0,12.0,194.0,351.0,386.0,788.0,4,986.0
6.0,12.0,194.0,351.0,386.0,788.0,4,986.0
6.0,12.0,194.0,351.0,386.0,461.0,4,788.0
6.0,12.0,82.0,461.0,726.0,771.0,4,872.0
6.0,17.0,108.0,310.0,715.0,731.0,4,874.0
6.0,17.0,108.0,310.0,398.0,715.0,4,874.0
6.0,17.0,108.0,310.0,398.0,619.0,4,731.0
6.0,17.0,108.0,328.0,619.0,682.0,4,731.0
6.0,17.0,108.0,328.0,619.0,682.0,4,731.0
6.0,17.0,108.0,310.0,328.0,715.0,4,731.0
6.0,17.0,108.0,310.0,398.0,715.0,4,874.0
6.0,17.0,108.0,328.0,398.0,619.0,4,731.0
6.0,17.0,108.0,328.0,398.0,619.0,4,731.0
6.0,26.0,204.0,333.0,536.0,914.0,4,948.0
6.0,26.0,72.0,285.0,333.0,620.0,4,857.0
6.0,26.0,204.0,333.0,536.0,914.0,4,948.0
6.0,26.0,72.0,204.0,333.0,620.0,4,857.0
6.0,26.0,204.0,285.0,536.0,914.0,4,948.0
6.0,26.0,285.0,333.0,620.0,857.0,4,914.0
6.0,26.0,285.0,333.0,536.0,914.0,4,948.0
6.0,26.0,285.0,333.0,536.0,914.0,4,948.0
6.0,17.0,108.0,328.0,619.0,682.0,4,731.0
6.0,17.0,108.0,328.0,619.0,715.0,4,731.0
6.0,17.0,310.0,398.0,502.0,715.0,4,731.0
6.0,17.0,328.0,398.0,619.0,715.0,4,731.0
6.0,17.0,108.0,328.0,619.0,682.0,4,731.0
6.0,17.0,108.0,328.0,619.0,682.0,4,731.0
6.0,17.0,108.0,328.0,619.0,715.0,4,731.0
6.0,17.0,310.0,372.0,398.0,715.0,4,731.0
6.0,17.0,310.0,372.0,398.0,715.0,4,731.0
6.0,17.0,310.0,372.0,398.0,715.0,4,731.0
6.0,17.0,310.0,398.0,619.0,715.0,4,731.0
6.0,17.0,310.0,398.0,619.0,715.0,4,731.0
6.0,17.0,328.0,398.0,619.0,715.0,4,731.0
6.0,17.0,328.0,398.0,619.0,715.0,4,731.0
6.0,17.0,328.0,372.0,393.0,398.0,4,715.0
6.0,17.0,108.0,310.0,398.0,635.0,4,715.0
6.0,17.0,108.0,310.0,398.0,635.0,4,715.0
6.0,17.0,328.0,398.0,619.0,715.0,4,731.0
6.0,17.0,328.0,398.0,619.0,715.0,4,731.0
6.0,17.0,328.0,398.0,715.0,731.0,4,874.0
6.0,17.0,108.0,398.0,715.0,731.0,4,874.0
6.0,17.0,108.0,398.0,619.0,715.0,4,731.0
6.0,17.0,108.0,328.0,619.0,682.0,4,731.0
6.0,17.0,108.0,619.0,635.0,715.0,4,731.0
6.0,17.0,108.0,372.0,398.0,635.0,4,715.0
6.0,17.0,328.0,398.0,619.0,635.0,4,731.0
6.0,17.0,108.0,328.0,619.0,682.0,4,731.0
6.0,17.0,108.0,328.0,619.0,682.0,4,731.0
6.0,17.0,372.0,398.0,635.0,715.0,4,731.0
6.0,25.0,86.0,297.0,696.0,759.0,4,958.0
6.0,25.0,86.0,297.0,696.0,759.0,4,958.0
6.0,25.0,50.0,86.0,297.0,603.0,4,696.0
6.0,25.0,86.0,603.0,696.0,759.0,4,958.0
6.0,25.0,50.0,86.0,286.0,603.0,4,696.0
6.0,25.0,50.0,86.0,286.0,696.0,4,759.0
6.0,25.0,86.0,297.0,696.0,759.0,4,958.0
6.0,25.0,86.0,286.0,603.0,696.0,4,958.0
6.0,25.0,86.0,286.0,696.0,759.0,4,958.0
6.0,25.0,86.0,286.0,696.0,759.0,4,958.0
6.0,0.0,13.0,267.0,465.0,535.0,4,601.0
6.0,0.0,247.0,394.0,465.0,503.0,4,535.0
6.0,0.0,13.0,201.0,394.0,465.0,4,503.0
6.0,0.0,13.0,267.0,465.0,535.0,4,601.0
6.0,0.0,13.0,267.0,465.0,535.0,4,601.0
6.0,0.0,13.0,465.0,503.0,535.0,4,601.0
6.0,0.0,13.0,247.0,267.0,394.0,4,503.0
6.0,0.0,13.0,247.0,267.0,394.0,4,465.0
6.0,0.0,13.0,267.0,394.0,465.0,4,535.0
6.0,0.0,13.0,394.0,465.0,535.0,4,601.0
6.0,0.0,13.0,394.0,465.0,535.0,4,601.0
6.0,15.0,484.0,659.0,684.0,802.0,4,1013.0
6.0,15.0,484.0,659.0,684.0,802.0,4,1013.0
6.0,15.0,484.0,659.0,684.0,802.0,4,1013.0
6.0,15.0,484.0,684.0,802.0,1013.0,4,1036.0
6.0,15.0,659.0,714.0,860.0,960.0,4,1036.0
6.0,15.0,659.0,714.0,802.0,960.0,4,1036.0
6.0,15.0,659.0,714.0,802.0,960.0,4,1036.0
6.0,15.0,684.0,714.0,802.0,860.0,4,1036.0
6.0,33.0,14.0,361.0,417.0,686.0,4,789.0
6.0,33.0,14.0,361.0,417.0,686.0,4,789.0
6.0,33.0,14.0,361.0,417.0,686.0,4,789.0
6.0,33.0,14.0,361.0,417.0,686.0,4,811.0
6.0,33.0,14.0,361.0,417.0,686.0,4,789.0
6.0,33.0,14.0,361.0,417.0,686.0,4,789.0
6.0,33.0,14.0,361.0,417.0,686.0,4,789.0
6.0,32.0,44.0,241.0,278.0,511.0,4,524.0
6.0,32.0,34.0,241.0,278.0,302.0,4,504.0
6.0,32.0,44.0,302.0,524.0,627.0,4,944.0
6.0,32.0,44.0,302.0,524.0,627.0,4,944.0
6.0,32.0,44.0,241.0,511.0,524.0,4,627.0
6.0,32.0,44.0,241.0,278.0,511.0,4,524.0
6.0,32.0,34.0,44.0,241.0,278.0,4,524.0
6.0,32.0,34.0,44.0,241.0,524.0,4,627.0
6.0,32.0,34.0,44.0,241.0,524.0,4,627.0
6.0,32.0,34.0,44.0,241.0,504.0,4,627.0
6.0,32.0,34.0,241.0,302.0,504.0,4,627.0
6.0,1.0,106.0,169.0,455.0,463.0,4,808.0
6.0,1.0,169.0,188.0,442.0,463.0,4,624.0
6.0,1.0,188.0,442.0,463.0,577.0,4,624.0
6.0,1.0,188.0,442.0,463.0,577.0,4,624.0
6.0,1.0,106.0,169.0,188.0,790.0,4,808.0
6.0,1.0,106.0,169.0,455.0,790.0,4,808.0
6.0,1.0,188.0,442.0,463.0,577.0,4,624.0
6.0,1.0,188.0,442.0,463.0,577.0,4,624.0
6.0,26.0,333.0,453.0,536.0,599.0,4,948.0
6.0,26.0,333.0,453.0,536.0,620.0,4,948.0
6.0,26.0,453.0,536.0,620.0,753.0,4,948.0
6.0,26.0,453.0,536.0,599.0,753.0,4,948.0
6.0,26.0,333.0,536.0,599.0,753.0,4,948.0
6.0,26.0,333.0,453.0,536.0,599.0,4,620.0
6.0,26.0,453.0,536.0,599.0,620.0,4,753.0
6.0,26.0,333.0,536.0,620.0,753.0,4,948.0
6.0,26.0,333.0,536.0,620.0,753.0,4,948.0
6.0,26.0,333.0,453.0,536.0,599.0,4,948.0
6.0,34.0,0.0,316.0,436.0,517.0,4,974.0
6.0,34.0,104.0,139.0,316.0,900.0,4,975.0
6.0,34.0,0.0,316.0,436.0,517.0,4,974.0
6.0,34.0,0.0,316.0,436.0,517.0,4,974.0
6.0,34.0,0.0,316.0,436.0,517.0,4,974.0
6.0,34.0,517.0,583.0,900.0,974.0,4,975.0
6.0,34.0,0.0,167.0,517.0,583.0,4,974.0
6.0,33.0,14.0,686.0,730.0,789.0,4,811.0
6.0,33.0,14.0,244.0,318.0,361.0,4,730.0
6.0,33.0,301.0,318.0,361.0,686.0,4,789.0
6.0,33.0,14.0,301.0,686.0,789.0,4,811.0
6.0,33.0,14.0,686.0,730.0,789.0,4,811.0
6.0,33.0,318.0,361.0,730.0,789.0,4,811.0
6.0,33.0,14.0,244.0,361.0,470.0,4,730.0
6.0,33.0,14.0,244.0,301.0,361.0,4,470.0
6.0,33.0,14.0,361.0,730.0,789.0,4,811.0
6.0,33.0,318.0,686.0,730.0,789.0,4,811.0
6.0,33.0,318.0,361.0,417.0,470.0,4,811.0
6.0,33.0,244.0,318.0,361.0,417.0,4,686.0
6.0,33.0,244.0,361.0,417.0,686.0,4,789.0
6.0,33.0,244.0,361.0,686.0,730.0,4,789.0
6.0,33.0,244.0,361.0,686.0,730.0,4,789.0
6.0,33.0,244.0,361.0,686.0,730.0,4,789.0
6.0,33.0,244.0,361.0,686.0,730.0,4,789.0
6.0,33.0,244.0,361.0,686.0,730.0,4,789.0
6.0,33.0,244.0,686.0,730.0,789.0,4,811.0
6.0,33.0,318.0,686.0,730.0,789.0,4,811.0
6.0,33.0,318.0,686.0,730.0,789.0,4,811.0
6.0,33.0,244.0,318.0,361.0,417.0,4,470.0
6.0,33.0,21.0,244.0,301.0,318.0,4,470.0
6.0,33.0,21.0,244.0,301.0,318.0,4,470.0
6.0,27.0,359.0,439.0,662.0,702.0,4,897.0
6.0,27.0,359.0,439.0,662.0,702.0,4,897.0
6.0,27.0,439.0,477.0,702.0,777.0,4,886.0
6.0,27.0,439.0,477.0,702.0,777.0,4,886.0
6.0,27.0,439.0,477.0,680.0,886.0,4,897.0
6.0,27.0,359.0,439.0,477.0,680.0,4,897.0
6.0,27.0,359.0,439.0,662.0,702.0,4,897.0
6.0,27.0,359.0,439.0,662.0,702.0,4,897.0
6.0,27.0,439.0,477.0,680.0,777.0,4,886.0
6.0,27.0,359.0,439.0,477.0,680.0,4,777.0
6.0,27.0,359.0,439.0,477.0,680.0,4,777.0
6.0,27.0,359.0,439.0,662.0,680.0,4,777.0
6.0,33.0,14.0,686.0,730.0,789.0,4,811.0
6.0,33.0,14.0,244.0,258.0,361.0,4,730.0
6.0,33.0,244.0,258.0,318.0,361.0,4,417.0
6.0,33.0,244.0,318.0,417.0,789.0,4,811.0
6.0,33.0,14.0,686.0,730.0,789.0,4,811.0
6.0,33.0,14.0,244.0,361.0,730.0,4,789.0
6.0,2.0,120.0,255.0,353.0,493.0,4,595.0
6.0,2.0,36.0,255.0,353.0,561.0,4,595.0
6.0,2.0,36.0,255.0,353.0,561.0,4,595.0
6.0,2.0,36.0,126.0,493.0,561.0,4,824.0
6.0,2.0,36.0,126.0,493.0,658.0,4,824.0
6.0,2.0,120.0,126.0,493.0,658.0,4,824.0
6.0,2.0,120.0,255.0,353.0,595.0,4,658.0
6.0,2.0,36.0,255.0,353.0,658.0,4,824.0
6.0,2.0,36.0,126.0,493.0,658.0,4,824.0
6.0,12.0,237.0,350.0,611.0,788.0,4,856.0
6.0,12.0,350.0,351.0,788.0,856.0,4,986.0
6.0,12.0,82.0,351.0,386.0,872.0,4,986.0
6.0,12.0,82.0,237.0,351.0,386.0,4,788.0
6.0,12.0,237.0,350.0,611.0,788.0,4,856.0
6.0,12.0,237.0,350.0,611.0,788.0,4,856.0
6.0,12.0,237.0,350.0,611.0,788.0,4,856.0
6.0,25.0,74.0,372.0,421.0,696.0,4,759.0
6.0,25.0,74.0,297.0,372.0,398.0,4,759.0
6.0,25.0,74.0,297.0,372.0,398.0,4,759.0
6.0,25.0,50.0,297.0,398.0,421.0,4,759.0
6.0,25.0,50.0,297.0,398.0,421.0,4,603.0
6.0,25.0,74.0,372.0,421.0,696.0,4,759.0
6.0,25.0,74.0,372.0,398.0,421.0,4,759.0
6.0,25.0,74.0,372.0,398.0,421.0,4,759.0
6.0,25.0,74.0,372.0,398.0,421.0,4,759.0
6.0,25.0,74.0,372.0,398.0,421.0,4,759.0
6.0,33.0,14.0,417.0,686.0,789.0,4,811.0
6.0,33.0,244.0,258.0,301.0,318.0,4,361.0
6.0,33.0,244.0,258.0,301.0,318.0,4,361.0
6.0,33.0,14.0,301.0,361.0,686.0,4,789.0
6.0,33.0,14.0,417.0,686.0,789.0,4,811.0
6.0,33.0,14.0,417.0,686.0,789.0,4,811.0
6.0,33.0,14.0,258.0,301.0,361.0,4,686.0
6.0,33.0,21.0,258.0,301.0,318.0,4,361.0
6.0,33.0,21.0,301.0,318.0,361.0,4,789.0
6.0,27.0,359.0,439.0,638.0,662.0,4,777.0
6.0,27.0,477.0,680.0,702.0,886.0,4,897.0
6.0,27.0,359.0,439.0,638.0,662.0,4,897.0
6.0,27.0,359.0,439.0,662.0,680.0,4,897.0
6.0,27.0,439.0,638.0,662.0,886.0,4,897.0
6.0,27.0,569.0,638.0,662.0,886.0,4,1015.0
6.0,0.0,13.0,267.0,465.0,535.0,4,601.0
6.0,0.0,267.0,394.0,503.0,634.0,4,1037.0
6.0,0.0,267.0,394.0,503.0,634.0,4,1037.0
6.0,0.0,267.0,394.0,503.0,634.0,4,1037.0
6.0,0.0,267.0,394.0,503.0,634.0,4,1037.0
6.0,0.0,13.0,267.0,394.0,535.0,4,634.0
6.0,9.0,109.0,366.0,452.0,604.0,4,941.0
6.0,9.0,109.0,366.0,452.0,604.0,4,941.0
6.0,9.0,39.0,76.0,149.0,845.0,4,1019.0
6.0,9.0,109.0,366.0,452.0,604.0,4,941.0
6.0,9.0,39.0,109.0,452.0,604.0,4,941.0
6.0,9.0,39.0,109.0,149.0,845.0,4,941.0
6.0,9.0,109.0,149.0,366.0,941.0,4,1019.0
6.0,9.0,109.0,366.0,452.0,941.0,4,1019.0
6.0,9.0,109.0,366.0,452.0,941.0,4,1019.0
6.0,33.0,14.0,258.0,361.0,417.0,4,811.0
6.0,33.0,14.0,258.0,301.0,361.0,4,811.0
6.0,33.0,14.0,21.0,258.0,301.0,4,361.0
6.0,33.0,14.0,244.0,301.0,789.0,4,811.0
6.0,33.0,14.0,417.0,686.0,789.0,4,811.0
6.0,33.0,14.0,258.0,301.0,686.0,4,811.0
6.0,33.0,14.0,258.0,301.0,361.0,4,811.0
6.0,33.0,244.0,258.0,301.0,318.0,4,361.0
6.0,33.0,14.0,417.0,686.0,789.0,4,811.0
6.0,33.0,258.0,417.0,686.0,789.0,4,811.0
6.0,33.0,258.0,361.0,417.0,789.0,4,811.0
6.0,33.0,244.0,258.0,301.0,361.0,4,789.0
6.0,33.0,244.0,258.0,301.0,318.0,4,361.0
6.0,33.0,14.0,417.0,686.0,789.0,4,811.0
6.0,33.0,14.0,417.0,686.0,789.0,4,811.0
6.0,33.0,14.0,258.0,417.0,686.0,4,811.0
6.0,33.0,258.0,361.0,417.0,789.0,4,811.0
6.0,33.0,14.0,301.0,686.0,789.0,4,811.0
6.0,33.0,14.0,301.0,686.0,789.0,4,811.0
6.0,33.0,14.0,244.0,258.0,301.0,4,361.0
6.0,33.0,244.0,258.0,301.0,318.0,4,361.0
6.0,33.0,244.0,318.0,361.0,417.0,4,789.0
6.0,33.0,14.0,244.0,417.0,789.0,4,811.0
6.0,33.0,14.0,417.0,686.0,789.0,4,811.0
6.0,33.0,258.0,301.0,318.0,361.0,4,686.0
6.0,33.0,244.0,258.0,301.0,361.0,4,789.0
6.0,33.0,14.0,244.0,258.0,301.0,4,811.0
6.0,33.0,14.0,244.0,258.0,301.0,4,811.0
6.0,33.0,244.0,258.0,301.0,318.0,4,811.0
6.0,33.0,21.0,244.0,258.0,301.0,4,789.0
6.0,33.0,14.0,417.0,686.0,789.0,4,811.0
6.0,33.0,14.0,417.0,686.0,789.0,4,811.0
6.0,33.0,14.0,21.0,258.0,301.0,4,686.0
6.0,33.0,21.0,244.0,258.0,301.0,4,789.0
6.0,33.0,21.0,258.0,301.0,686.0,4,789.0
6.0,33.0,14.0,21.0,686.0,789.0,4,811.0
6.0,33.0,14.0,301.0,686.0,789.0,4,811.0
6.0,33.0,14.0,258.0,301.0,686.0,4,811.0
6.0,33.0,21.0,244.0,258.0,301.0,4,318.0
6.0,33.0,21.0,244.0,258.0,301.0,4,789.0
6.0,33.0,21.0,244.0,258.0,301.0,4,789.0
6.0,33.0,14.0,301.0,686.0,789.0,4,811.0
6.0,33.0,14.0,258.0,301.0,686.0,4,811.0
6.0,33.0,14.0,301.0,686.0,789.0,4,811.0
6.0,33.0,14.0,244.0,301.0,789.0,4,811.0
6.0,33.0,14.0,244.0,301.0,789.0,4,811.0
6.0,33.0,14.0,21.0,244.0,258.0,4,811.0
6.0,33.0,14.0,21.0,686.0,789.0,4,811.0
6.0,28.0,608.0,639.0,701.0,754.0,4,761.0
6.0,28.0,608.0,639.0,701.0,754.0,4,761.0
6.0,28.0,203.0,397.0,608.0,1002.0,4,1017.0
6.0,28.0,203.0,397.0,608.0,754.0,4,1017.0
6.0,28.0,203.0,608.0,639.0,754.0,4,1017.0
6.0,28.0,203.0,608.0,639.0,754.0,4,1017.0
6.0,28.0,203.0,397.0,608.0,639.0,4,761.0
6.0,33.0,14.0,417.0,686.0,789.0,4,811.0
6.0,33.0,14.0,258.0,417.0,789.0,4,811.0
6.0,33.0,14.0,258.0,417.0,789.0,4,811.0
6.0,33.0,14.0,258.0,417.0,686.0,4,811.0
6.0,33.0,14.0,417.0,686.0,789.0,4,811.0
6.0,33.0,14.0,21.0,686.0,789.0,4,811.0
6.0,33.0,14.0,21.0,258.0,686.0,4,811.0
6.0,33.0,14.0,21.0,244.0,258.0,4,417.0
6.0,33.0,14.0,21.0,686.0,789.0,4,811.0
6.0,18.0,260.0,642.0,710.0,758.0,4,834.0
6.0,18.0,260.0,642.0,710.0,758.0,4,834.0
6.0,18.0,260.0,642.0,710.0,758.0,4,834.0
6.0,18.0,260.0,642.0,710.0,758.0,4,834.0
6.0,18.0,260.0,396.0,642.0,758.0,4,834.0
6.0,33.0,14.0,258.0,301.0,361.0,4,686.0
6.0,33.0,21.0,244.0,258.0,318.0,4,361.0
6.0,33.0,21.0,244.0,318.0,361.0,4,789.0
6.0,33.0,14.0,301.0,686.0,789.0,4,811.0
6.0,33.0,14.0,301.0,361.0,686.0,4,789.0
6.0,33.0,21.0,258.0,318.0,361.0,4,686.0
6.0,33.0,21.0,244.0,258.0,318.0,4,361.0
6.0,33.0,21.0,244.0,258.0,318.0,4,361.0
6.0,33.0,14.0,21.0,244.0,361.0,4,789.0
6.0,33.0,14.0,244.0,258.0,301.0,4,361.0
6.0,33.0,14.0,21.0,318.0,361.0,4,811.0
6.0,33.0,21.0,258.0,318.0,361.0,4,811.0
6.0,33.0,14.0,21.0,258.0,361.0,4,811.0
6.0,33.0,14.0,21.0,244.0,318.0,4,361.0
6.0,33.0,14.0,21.0,244.0,318.0,4,361.0
6.0,33.0,21.0,244.0,258.0,318.0,4,361.0
6.0,33.0,14.0,21.0,244.0,258.0,4,361.0
6.0,33.0,14.0,244.0,258.0,361.0,4,811.0
6.0,33.0,258.0,301.0,318.0,686.0,4,811.0
6.0,33.0,21.0,258.0,361.0,417.0,4,470.0
6.0,33.0,21.0,318.0,361.0,417.0,4,470.0
6.0,33.0,21.0,318.0,361.0,417.0,4,470.0
6.0,33.0,21.0,244.0,258.0,318.0,4,361.0
6.0,33.0,21.0,244.0,258.0,318.0,4,811.0
6.0,33.0,21.0,244.0,258.0,318.0,4,811.0
6.0,33.0,244.0,318.0,417.0,686.0,4,811.0
6.0,33.0,21.0,318.0,361.0,470.0,4,811.0
6.0,33.0,21.0,318.0,361.0,470.0,4,811.0
6.0,33.0,21.0,244.0,318.0,361.0,4,470.0
6.0,33.0,21.0,244.0,318.0,361.0,4,470.0
6.0,6.0,30.0,606.0,980.0,989.0,4,1013.0
6.0,6.0,30.0,606.0,980.0,989.0,4,1013.0
6.0,6.0,125.0,606.0,644.0,684.0,4,900.0
6.0,6.0,30.0,606.0,980.0,989.0,4,1013.0
6.0,6.0,30.0,606.0,644.0,684.0,4,900.0
6.0,6.0,125.0,644.0,684.0,900.0,4,1013.0
6.0,6.0,125.0,606.0,644.0,980.0,4,1013.0
6.0,6.0,30.0,125.0,606.0,980.0,4,1013.0
6.0,4.0,134.0,487.0,646.0,663.0,4,740.0
6.0,4.0,134.0,486.0,646.0,740.0,4,743.0
6.0,4.0,486.0,487.0,663.0,740.0,4,743.0
6.0,4.0,134.0,487.0,646.0,663.0,4,740.0
6.0,4.0,134.0,487.0,646.0,663.0,4,740.0
6.0,4.0,134.0,646.0,663.0,740.0,4,743.0
6.0,4.0,134.0,486.0,487.0,646.0,4,663.0
6.0,33.0,14.0,244.0,258.0,730.0,4,811.0
6.0,33.0,14.0,21.0,318.0,361.0,4,686.0
6.0,33.0,14.0,21.0,318.0,361.0,4,686.0
6.0,33.0,21.0,318.0,361.0,470.0,4,686.0
6.0,33.0,21.0,318.0,361.0,470.0,4,686.0
6.0,33.0,21.0,318.0,361.0,470.0,4,686.0
6.0,33.0,14.0,470.0,686.0,730.0,4,811.0
6.0,33.0,21.0,318.0,361.0,470.0,4,686.0
6.0,33.0,21.0,318.0,361.0,470.0,4,686.0
6.0,33.0,14.0,361.0,470.0,686.0,4,730.0
6.0,33.0,14.0,258.0,361.0,686.0,4,730.0
6.0,33.0,14.0,258.0,361.0,686.0,4,730.0
6.0,33.0,21.0,301.0,318.0,686.0,4,789.0
6.0,33.0,14.0,21.0,258.0,361.0,4,730.0
6.0,33.0,14.0,361.0,730.0,789.0,4,811.0
6.0,33.0,14.0,258.0,361.0,730.0,4,811.0
6.0,33.0,258.0,301.0,318.0,361.0,4,686.0
6.0,33.0,14.0,258.0,361.0,730.0,4,789.0
6.0,33.0,14.0,258.0,361.0,730.0,4,789.0
6.0,33.0,14.0,361.0,730.0,789.0,4,811.0
6.0,33.0,258.0,318.0,361.0,730.0,4,811.0
6.0,33.0,21.0,258.0,301.0,318.0,4,686.0
6.0,33.0,258.0,301.0,686.0,789.0,4,811.0
6.0,33.0,14.0,361.0,730.0,789.0,4,811.0
6.0,33.0,14.0,361.0,730.0,789.0,4,811.0
6.0,33.0,14.0,361.0,730.0,789.0,4,811.0
6.0,33.0,258.0,361.0,730.0,789.0,4,811.0
6.0,33.0,21.0,258.0,318.0,361.0,4,811.0
6.0,33.0,21.0,258.0,318.0,361.0,4,686.0
6.0,33.0,21.0,301.0,318.0,470.0,4,686.0
6.0,33.0,14.0,361.0,730.0,789.0,4,811.0
6.0,33.0,14.0,258.0,361.0,730.0,4,811.0
6.0,33.0,258.0,318.0,361.0,417.0,4,686.0
6.0,33.0,14.0,361.0,686.0,730.0,4,789.0
6.0,33.0,14.0,361.0,730.0,789.0,4,811.0
6.0,33.0,14.0,258.0,361.0,730.0,4,811.0
6.0,33.0,14.0,21.0,258.0,361.0,4,686.0
6.0,33.0,14.0,21.0,258.0,361.0,4,686.0
6.0,33.0,14.0,21.0,258.0,361.0,4,811.0
6.0,28.0,203.0,397.0,701.0,754.0,4,1016.0
6.0,28.0,203.0,397.0,701.0,754.0,4,1016.0
6.0,28.0,321.0,496.0,701.0,754.0,4,1016.0
6.0,28.0,203.0,321.0,397.0,701.0,4,754.0
6.0,28.0,203.0,397.0,701.0,754.0,4,1016.0
6.0,28.0,203.0,701.0,754.0,1002.0,4,1016.0
6.0,28.0,203.0,321.0,701.0,754.0,4,1002.0
6.0,28.0,203.0,321.0,397.0,1002.0,4,1016.0
6.0,28.0,321.0,701.0,754.0,1002.0,4,1016.0
6.0,33.0,14.0,361.0,730.0,789.0,4,811.0
6.0,33.0,14.0,258.0,361.0,417.0,4,811.0
6.0,33.0,14.0,361.0,730.0,789.0,4,811.0
6.0,33.0,258.0,417.0,686.0,789.0,4,811.0
6.0,33.0,258.0,417.0,686.0,789.0,4,811.0
6.0,33.0,14.0,361.0,730.0,789.0,4,811.0
6.0,33.0,14.0,258.0,730.0,789.0,4,811.0
6.0,33.0,14.0,361.0,686.0,730.0,4,789.0
6.0,33.0,14.0,361.0,730.0,789.0,4,811.0
6.0,33.0,14.0,361.0,730.0,789.0,4,811.0
6.0,33.0,14.0,258.0,361.0,730.0,4,811.0
6.0,33.0,14.0,21.0,258.0,361.0,4,730.0
6.0,33.0,21.0,258.0,361.0,417.0,4,789.0
6.0,33.0,21.0,258.0,361.0,417.0,4,789.0
6.0,33.0,21.0,244.0,258.0,417.0,4,789.0
6.0,33.0,14.0,361.0,730.0,789.0,4,811.0
6.0,33.0,21.0,244.0,258.0,417.0,4,789.0
6.0,33.0,21.0,244.0,258.0,417.0,4,789.0
6.0,33.0,14.0,361.0,730.0,789.0,4,811.0
6.0,33.0,14.0,361.0,417.0,789.0,4,811.0
6.0,33.0,14.0,258.0,361.0,417.0,4,811.0
6.0,33.0,244.0,258.0,417.0,789.0,4,811.0
6.0,33.0,244.0,258.0,361.0,730.0,4,789.0
6.0,33.0,244.0,258.0,361.0,730.0,4,789.0
6.0,33.0,14.0,244.0,361.0,730.0,4,789.0
6.0,33.0,14.0,361.0,730.0,789.0,4,811.0
6.0,33.0,14.0,258.0,361.0,730.0,4,811.0
6.0,33.0,14.0,258.0,361.0,730.0,4,811.0
6.0,33.0,21.0,258.0,417.0,686.0,4,789.0
6.0,33.0,14.0,258.0,361.0,730.0,4,811.0
6.0,33.0,14.0,21.0,258.0,686.0,4,811.0
6.0,33.0,14.0,21.0,258.0,686.0,4,811.0
6.0,18.0,25.0,150.0,218.0,260.0,4,396.0
6.0,18.0,25.0,150.0,218.0,260.0,4,396.0
6.0,18.0,45.0,260.0,369.0,642.0,4,834.0
6.0,18.0,45.0,260.0,369.0,642.0,4,834.0
6.0,18.0,45.0,218.0,260.0,642.0,4,834.0
6.0,18.0,25.0,150.0,160.0,218.0,4,710.0
6.0,15.0,659.0,714.0,941.0,960.0,4,1036.0
6.0,15.0,659.0,714.0,941.0,960.0,4,1036.0
6.0,15.0,229.0,302.0,484.0,586.0,4,802.0
6.0,15.0,659.0,714.0,941.0,960.0,4,1036.0
6.0,15.0,302.0,714.0,941.0,960.0,4,1036.0
6.0,15.0,302.0,484.0,714.0,941.0,4,1036.0
6.0,15.0,76.0,229.0,302.0,484.0,4,586.0
6.0,15.0,302.0,484.0,714.0,941.0,4,1036.0
6.0,15.0,484.0,659.0,714.0,941.0,4,1036.0
6.0,0.0,13.0,465.0,535.0,601.0,4,1037.0
6.0,0.0,247.0,267.0,535.0,634.0,4,1037.0
6.0,0.0,64.0,247.0,267.0,394.0,4,634.0
6.0,0.0,64.0,247.0,267.0,394.0,4,634.0
6.0,0.0,64.0,465.0,535.0,601.0,4,1037.0
6.0,0.0,13.0,465.0,535.0,601.0,4,1037.0
6.0,0.0,13.0,64.0,247.0,465.0,4,634.0
6.0,0.0,465.0,535.0,601.0,634.0,4,1037.0
6.0,0.0,13.0,465.0,535.0,601.0,4,1037.0
6.0,28.0,608.0,701.0,754.0,854.0,4,1016.0
6.0,28.0,203.0,397.0,496.0,876.0,4,1016.0
6.0,28.0,203.0,397.0,496.0,876.0,4,1016.0
6.0,28.0,203.0,397.0,608.0,754.0,4,1016.0
6.0,28.0,203.0,397.0,608.0,754.0,4,1016.0
6.0,28.0,397.0,608.0,754.0,854.0,4,1016.0
6.0,0.0,60.0,247.0,394.0,634.0,4,1037.0
6.0,0.0,60.0,394.0,465.0,634.0,4,1037.0
6.0,0.0,13.0,60.0,465.0,634.0,4,1037.0
6.0,0.0,394.0,465.0,601.0,634.0,4,1037.0
6.0,0.0,13.0,267.0,465.0,535.0,4,601.0
6.0,0.0,60.0,267.0,394.0,634.0,4,1037.0
6.0,0.0,60.0,247.0,394.0,634.0,4,1037.0
6.0,0.0,13.0,267.0,465.0,535.0,4,601.0
6.0,0.0,13.0,267.0,465.0,535.0,4,601.0
6.0,0.0,13.0,267.0,465.0,535.0,4,601.0
6.0,0.0,13.0,267.0,465.0,535.0,4,601.0
6.0,0.0,13.0,267.0,465.0,535.0,4,601.0
6.0,0.0,267.0,465.0,535.0,601.0,4,1037.0
6.0,0.0,394.0,465.0,535.0,634.0,4,1037.0
6.0,0.0,13.0,267.0,465.0,535.0,4,601.0
6.0,0.0,13.0,247.0,465.0,535.0,4,601.0
6.0,0.0,60.0,267.0,535.0,634.0,4,1037.0
6.0,0.0,60.0,267.0,535.0,634.0,4,1037.0
6.0,0.0,13.0,60.0,267.0,634.0,4,1037.0
6.0,0.0,13.0,247.0,465.0,535.0,4,601.0
6.0,0.0,13.0,465.0,535.0,601.0,4,634.0
6.0,0.0,13.0,465.0,535.0,601.0,4,634.0
6.0,0.0,13.0,247.0,465.0,535.0,4,601.0
6.0,0.0,13.0,465.0,535.0,601.0,4,634.0
6.0,0.0,60.0,267.0,535.0,634.0,4,1037.0
6.0,0.0,13.0,60.0,267.0,634.0,4,1037.0
6.0,0.0,13.0,60.0,267.0,634.0,4,1037.0
6.0,0.0,13.0,267.0,465.0,535.0,4,1037.0
6.0,0.0,13.0,247.0,267.0,465.0,4,535.0
6.0,0.0,13.0,247.0,267.0,465.0,4,535.0
6.0,0.0,13.0,60.0,465.0,634.0,4,1037.0
6.0,0.0,13.0,60.0,465.0,634.0,4,1037.0
6.0,0.0,13.0,247.0,267.0,465.0,4,535.0
6.0,0.0,13.0,267.0,394.0,465.0,4,535.0
6.0,0.0,13.0,394.0,465.0,634.0,4,1037.0
6.0,0.0,13.0,247.0,267.0,465.0,4,535.0
6.0,0.0,247.0,394.0,465.0,634.0,4,1037.0
6.0,0.0,13.0,247.0,267.0,465.0,4,535.0
6.0,0.0,13.0,247.0,267.0,465.0,4,535.0
6.0,0.0,13.0,247.0,267.0,465.0,4,535.0
6.0,0.0,60.0,465.0,535.0,634.0,4,1037.0
6.0,0.0,247.0,465.0,535.0,634.0,4,1037.0
6.0,0.0,13.0,60.0,267.0,634.0,4,1037.0
6.0,0.0,13.0,267.0,465.0,535.0,4,1037.0
6.0,0.0,13.0,247.0,267.0,465.0,4,535.0
6.0,0.0,13.0,247.0,267.0,465.0,4,535.0
6.0,0.0,13.0,247.0,465.0,535.0,4,1037.0
6.0,0.0,13.0,247.0,465.0,535.0,4,1037.0
6.0,15.0,659.0,714.0,860.0,960.0,4,1036.0
6.0,15.0,229.0,659.0,714.0,860.0,4,960.0
6.0,15.0,229.0,484.0,860.0,1013.0,4,1036.0
6.0,15.0,229.0,484.0,802.0,1013.0,4,1036.0
6.0,15.0,659.0,714.0,860.0,960.0,4,1036.0
6.0,15.0,659.0,684.0,714.0,860.0,4,960.0
6.0,15.0,229.0,484.0,714.0,802.0,4,1036.0
6.0,15.0,229.0,484.0,802.0,1013.0,4,1036.0
6.0,15.0,659.0,714.0,860.0,960.0,4,1036.0
6.0,25.0,50.0,74.0,356.0,398.0,4,421.0
6.0,25.0,50.0,74.0,297.0,372.0,4,398.0
6.0,25.0,74.0,356.0,398.0,421.0,4,759.0
6.0,25.0,50.0,245.0,297.0,372.0,4,398.0
6.0,25.0,50.0,245.0,297.0,372.0,4,398.0
6.0,25.0,50.0,74.0,356.0,398.0,4,421.0
6.0,25.0,50.0,74.0,356.0,398.0,4,421.0
6.0,0.0,13.0,247.0,465.0,535.0,4,601.0
6.0,0.0,60.0,267.0,535.0,634.0,4,1037.0
6.0,0.0,247.0,267.0,394.0,634.0,4,1037.0
6.0,0.0,267.0,394.0,601.0,634.0,4,1037.0
6.0,0.0,267.0,394.0,601.0,634.0,4,1037.0
6.0,0.0,13.0,267.0,394.0,601.0,4,634.0
6.0,0.0,13.0,267.0,394.0,465.0,4,601.0
6.0,0.0,13.0,247.0,465.0,535.0,4,634.0
6.0,0.0,13.0,64.0,267.0,535.0,4,634.0
6.0,0.0,13.0,247.0,465.0,535.0,4,601.0
6.0,0.0,13.0,247.0,465.0,535.0,4,601.0
6.0,0.0,13.0,394.0,465.0,535.0,4,634.0
6.0,0.0,13.0,267.0,394.0,634.0,4,1037.0
6.0,0.0,13.0,394.0,465.0,535.0,4,601.0
6.0,0.0,64.0,394.0,465.0,503.0,4,721.0
6.0,34.0,104.0,139.0,583.0,747.0,4,900.0
6.0,34.0,139.0,517.0,583.0,747.0,4,900.0
6.0,34.0,104.0,298.0,517.0,685.0,4,747.0
6.0,34.0,104.0,298.0,316.0,517.0,4,685.0
6.0,34.0,139.0,517.0,583.0,685.0,4,747.0
6.0,34.0,104.0,139.0,298.0,316.0,4,900.0
6.0,34.0,104.0,139.0,298.0,316.0,4,517.0
6.0,34.0,104.0,517.0,583.0,685.0,4,747.0
6.0,26.0,333.0,453.0,536.0,620.0,4,948.0
6.0,26.0,333.0,536.0,620.0,753.0,4,914.0
6.0,26.0,285.0,453.0,536.0,620.0,4,948.0
6.0,26.0,333.0,453.0,536.0,620.0,4,948.0
6.0,26.0,333.0,453.0,536.0,620.0,4,948.0
6.0,26.0,333.0,453.0,536.0,620.0,4,948.0
6.0,26.0,333.0,453.0,536.0,620.0,4,948.0
6.0,26.0,204.0,285.0,536.0,620.0,4,914.0
6.0,26.0,285.0,333.0,453.0,914.0,4,948.0
6.0,26.0,333.0,453.0,536.0,914.0,4,948.0
6.0,26.0,333.0,453.0,536.0,914.0,4,948.0
6.0,0.0,13.0,465.0,535.0,601.0,4,634.0
6.0,0.0,13.0,535.0,601.0,634.0,4,1037.0
6.0,0.0,13.0,535.0,601.0,634.0,4,1037.0
6.0,0.0,13.0,465.0,535.0,601.0,4,634.0
6.0,0.0,394.0,535.0,601.0,634.0,4,1037.0
6.0,0.0,13.0,465.0,535.0,601.0,4,634.0
6.0,0.0,13.0,247.0,465.0,535.0,4,601.0
6.0,0.0,60.0,247.0,465.0,535.0,4,1037.0
6.0,0.0,13.0,60.0,247.0,634.0,4,1037.0
6.0,0.0,13.0,394.0,535.0,601.0,4,634.0
6.0,0.0,13.0,465.0,535.0,601.0,4,634.0
6.0,0.0,465.0,535.0,601.0,634.0,4,1037.0
6.0,0.0,60.0,247.0,535.0,634.0,4,1037.0
6.0,0.0,60.0,247.0,535.0,634.0,4,1037.0
6.0,6.0,125.0,275.0,606.0,644.0,4,989.0
6.0,6.0,125.0,275.0,606.0,980.0,4,989.0
6.0,6.0,30.0,275.0,578.0,606.0,4,980.0
6.0,6.0,30.0,275.0,578.0,606.0,4,980.0
6.0,0.0,13.0,465.0,601.0,634.0,4,1037.0
6.0,0.0,13.0,247.0,394.0,503.0,4,634.0
6.0,0.0,13.0,247.0,394.0,503.0,4,634.0
6.0,0.0,247.0,394.0,501.0,503.0,4,634.0
6.0,0.0,247.0,394.0,465.0,503.0,4,1037.0
6.0,0.0,13.0,465.0,601.0,634.0,4,1037.0
6.0,0.0,13.0,465.0,601.0,634.0,4,1037.0
6.0,0.0,13.0,465.0,601.0,634.0,4,1037.0
6.0,0.0,247.0,394.0,465.0,503.0,4,1037.0
6.0,0.0,247.0,394.0,465.0,503.0,4,1037.0
6.0,0.0,13.0,465.0,601.0,634.0,4,1037.0
6.0,9.0,109.0,366.0,452.0,845.0,4,941.0
6.0,9.0,109.0,366.0,452.0,845.0,4,941.0
6.0,9.0,39.0,76.0,109.0,366.0,4,845.0
6.0,9.0,39.0,76.0,109.0,149.0,4,845.0
6.0,9.0,39.0,76.0,149.0,845.0,4,1019.0
6.0,9.0,76.0,109.0,366.0,452.0,4,1019.0
6.0,9.0,76.0,109.0,366.0,452.0,4,941.0
6.0,9.0,76.0,109.0,366.0,452.0,4,941.0
6.0,9.0,39.0,109.0,366.0,845.0,4,941.0
6.0,9.0,39.0,76.0,109.0,366.0,4,845.0
6.0,9.0,39.0,76.0,149.0,845.0,4,1019.0
6.0,9.0,109.0,149.0,366.0,941.0,4,1019.0
6.0,0.0,13.0,465.0,535.0,601.0,4,634.0
6.0,0.0,13.0,465.0,535.0,601.0,4,634.0
6.0,0.0,13.0,64.0,247.0,465.0,4,1037.0
6.0,0.0,13.0,64.0,465.0,601.0,4,1037.0
6.0,0.0,13.0,465.0,535.0,601.0,4,634.0
6.0,0.0,13.0,465.0,535.0,601.0,4,634.0
6.0,18.0,25.0,45.0,218.0,642.0,4,758.0
6.0,18.0,45.0,260.0,642.0,758.0,4,834.0
6.0,18.0,45.0,260.0,396.0,758.0,4,834.0
6.0,18.0,25.0,260.0,369.0,396.0,4,834.0
6.0,18.0,25.0,260.0,369.0,396.0,4,834.0
6.0,18.0,25.0,218.0,369.0,396.0,4,642.0
6.0,18.0,45.0,260.0,396.0,758.0,4,834.0
6.0,6.0,30.0,275.0,606.0,980.0,4,989.0
6.0,6.0,30.0,578.0,606.0,900.0,4,980.0
6.0,6.0,473.0,578.0,769.0,900.0,4,989.0
6.0,6.0,473.0,578.0,769.0,900.0,4,989.0
6.0,6.0,30.0,275.0,606.0,980.0,4,989.0
6.0,6.0,30.0,275.0,606.0,980.0,4,989.0
6.0,6.0,30.0,578.0,606.0,900.0,4,980.0
6.0,6.0,30.0,275.0,606.0,980.0,4,989.0
6.0,34.0,0.0,104.0,316.0,583.0,4,685.0
6.0,34.0,104.0,436.0,506.0,583.0,4,974.0
6.0,34.0,0.0,345.0,583.0,747.0,4,974.0
6.0,34.0,0.0,104.0,316.0,685.0,4,747.0
6.0,34.0,0.0,104.0,316.0,685.0,4,747.0
6.0,34.0,104.0,316.0,506.0,583.0,4,685.0
6.0,34.0,104.0,316.0,506.0,583.0,4,685.0
6.0,34.0,104.0,436.0,506.0,583.0,4,685.0
6.0,34.0,104.0,436.0,506.0,583.0,4,974.0
6.0,34.0,0.0,345.0,583.0,974.0,4,975.0
6.0,34.0,104.0,506.0,583.0,747.0,4,974.0
6.0,34.0,104.0,506.0,583.0,747.0,4,974.0
6.0,4.0,134.0,487.0,589.0,646.0,4,828.0
6.0,4.0,134.0,487.0,589.0,646.0,4,828.0
6.0,4.0,487.0,646.0,663.0,740.0,4,936.0
6.0,4.0,487.0,646.0,663.0,740.0,4,936.0
6.0,4.0,134.0,646.0,663.0,740.0,4,936.0
6.0,4.0,134.0,486.0,663.0,740.0,4,936.0
6.0,4.0,134.0,486.0,487.0,663.0,4,740.0
6.0,4.0,134.0,487.0,589.0,646.0,4,828.0
6.0,4.0,134.0,487.0,589.0,646.0,4,828.0
6.0,4.0,486.0,663.0,740.0,743.0,4,936.0
6.0,4.0,486.0,663.0,740.0,743.0,4,936.0
6.0,4.0,200.0,486.0,683.0,743.0,4,1007.0
6.0,0.0,13.0,267.0,465.0,601.0,4,1037.0
6.0,0.0,247.0,394.0,465.0,634.0,4,1037.0
6.0,0.0,13.0,247.0,267.0,394.0,4,634.0
6.0,0.0,13.0,465.0,601.0,634.0,4,1037.0
6.0,0.0,247.0,267.0,394.0,465.0,4,1037.0
6.0,0.0,247.0,267.0,394.0,465.0,4,1037.0
6.0,0.0,13.0,267.0,465.0,601.0,4,1037.0
6.0,0.0,13.0,465.0,601.0,634.0,4,1037.0
6.0,0.0,247.0,394.0,465.0,634.0,4,1037.0
6.0,0.0,247.0,394.0,465.0,634.0,4,1037.0
6.0,0.0,13.0,267.0,465.0,601.0,4,1037.0
6.0,2.0,120.0,255.0,353.0,493.0,4,824.0
6.0,2.0,36.0,126.0,493.0,561.0,4,728.0
6.0,2.0,36.0,126.0,255.0,353.0,4,493.0
6.0,2.0,120.0,255.0,353.0,493.0,4,658.0
6.0,2.0,120.0,255.0,561.0,658.0,4,824.0
6.0,2.0,36.0,126.0,493.0,561.0,4,595.0
6.0,2.0,36.0,126.0,493.0,561.0,4,824.0
6.0,0.0,13.0,64.0,437.0,601.0,4,721.0
6.0,0.0,64.0,437.0,601.0,721.0,4,1037.0
6.0,0.0,13.0,437.0,465.0,535.0,4,601.0
6.0,0.0,13.0,64.0,437.0,465.0,4,721.0
6.0,0.0,13.0,465.0,535.0,601.0,4,721.0
6.0,0.0,13.0,64.0,437.0,601.0,4,721.0
6.0,0.0,64.0,394.0,437.0,503.0,4,1037.0
6.0,0.0,13.0,437.0,465.0,535.0,4,601.0
6.0,0.0,13.0,437.0,465.0,535.0,4,601.0
6.0,0.0,13.0,437.0,465.0,535.0,4,601.0
6.0,0.0,13.0,247.0,465.0,503.0,4,535.0
6.0,0.0,13.0,247.0,267.0,465.0,4,535.0
6.0,0.0,13.0,267.0,465.0,535.0,4,601.0
6.0,0.0,13.0,267.0,465.0,535.0,4,601.0
6.0,0.0,394.0,437.0,465.0,535.0,4,601.0
6.0,0.0,13.0,267.0,394.0,437.0,4,601.0
6.0,0.0,13.0,267.0,465.0,535.0,4,601.0
6.0,0.0,13.0,267.0,465.0,535.0,4,601.0
6.0,0.0,247.0,394.0,465.0,503.0,4,535.0
6.0,0.0,13.0,247.0,267.0,394.0,4,503.0
6.0,0.0,13.0,394.0,465.0,503.0,4,601.0
6.0,0.0,13.0,267.0,465.0,535.0,4,601.0
6.0,0.0,13.0,267.0,394.0,503.0,4,601.0
6.0,0.0,13.0,267.0,465.0,535.0,4,601.0
6.0,0.0,13.0,247.0,465.0,535.0,4,601.0
6.0,0.0,13.0,247.0,465.0,535.0,4,601.0
6.0,0.0,247.0,394.0,437.0,465.0,4,535.0
6.0,0.0,13.0,247.0,267.0,394.0,4,437.0
6.0,0.0,13.0,247.0,465.0,535.0,4,601.0
6.0,0.0,13.0,247.0,437.0,535.0,4,601.0
6.0,0.0,13.0,64.0,394.0,437.0,4,503.0
6.0,0.0,13.0,60.0,64.0,394.0,4,503.0
6.0,0.0,13.0,60.0,64.0,394.0,4,503.0
6.0,0.0,13.0,394.0,465.0,535.0,4,601.0
6.0,0.0,394.0,465.0,503.0,535.0,4,601.0
6.0,0.0,13.0,64.0,394.0,437.0,4,503.0
6.0,12.0,237.0,350.0,611.0,788.0,4,856.0
6.0,12.0,237.0,350.0,611.0,788.0,4,856.0
6.0,12.0,350.0,771.0,788.0,856.0,4,986.0
6.0,12.0,194.0,237.0,386.0,611.0,4,872.0
6.0,12.0,237.0,350.0,611.0,788.0,4,856.0
6.0,12.0,237.0,350.0,611.0,788.0,4,856.0
6.0,12.0,237.0,350.0,788.0,856.0,4,872.0
6.0,12.0,237.0,350.0,386.0,788.0,4,872.0
6.0,12.0,194.0,237.0,386.0,788.0,4,872.0
6.0,12.0,350.0,611.0,788.0,856.0,4,986.0
6.0,0.0,13.0,64.0,465.0,535.0,4,601.0
6.0,0.0,13.0,64.0,267.0,501.0,4,503.0
6.0,0.0,13.0,267.0,501.0,503.0,4,601.0
6.0,0.0,13.0,465.0,503.0,535.0,4,601.0
6.0,0.0,394.0,465.0,503.0,535.0,4,601.0
6.0,0.0,394.0,465.0,503.0,535.0,4,601.0
6.0,0.0,13.0,64.0,465.0,535.0,4,601.0
6.0,0.0,13.0,64.0,465.0,535.0,4,601.0
6.0,0.0,13.0,64.0,465.0,535.0,4,601.0
6.0,0.0,13.0,267.0,503.0,535.0,4,1037.0
6.0,0.0,267.0,394.0,503.0,601.0,4,1037.0
6.0,0.0,267.0,394.0,503.0,601.0,4,1037.0
6.0,0.0,394.0,465.0,503.0,601.0,4,1037.0
6.0,0.0,267.0,394.0,465.0,503.0,4,1037.0
6.0,0.0,13.0,267.0,465.0,535.0,4,601.0
6.0,25.0,50.0,74.0,421.0,696.0,4,759.0
6.0,25.0,74.0,398.0,421.0,696.0,4,759.0
6.0,25.0,74.0,398.0,421.0,531.0,4,603.0
6.0,25.0,50.0,245.0,297.0,393.0,4,603.0
6.0,25.0,50.0,245.0,297.0,393.0,4,603.0
6.0,9.0,366.0,452.0,524.0,604.0,4,845.0
6.0,9.0,149.0,587.0,588.0,845.0,4,1001.0
6.0,9.0,366.0,452.0,524.0,604.0,4,845.0
6.0,9.0,452.0,524.0,604.0,845.0,4,1001.0
6.0,9.0,510.0,524.0,587.0,588.0,4,1001.0
6.0,9.0,510.0,524.0,587.0,588.0,4,1001.0
6.0,9.0,510.0,587.0,588.0,845.0,4,1001.0
6.0,9.0,366.0,510.0,587.0,588.0,4,845.0
6.0,9.0,366.0,510.0,524.0,604.0,4,845.0
6.0,9.0,510.0,587.0,588.0,604.0,4,1001.0
6.0,27.0,359.0,439.0,477.0,638.0,4,1015.0
6.0,27.0,359.0,439.0,662.0,668.0,4,680.0
6.0,27.0,359.0,439.0,638.0,662.0,4,777.0
6.0,27.0,359.0,638.0,662.0,668.0,4,1015.0
6.0,27.0,477.0,569.0,668.0,680.0,4,1015.0
6.0,0.0,13.0,247.0,465.0,535.0,4,601.0
6.0,0.0,13.0,201.0,465.0,535.0,4,601.0
6.0,0.0,64.0,465.0,503.0,535.0,4,601.0
6.0,0.0,13.0,64.0,267.0,503.0,4,601.0
6.0,0.0,13.0,64.0,247.0,267.0,4,503.0
6.0,0.0,13.0,64.0,267.0,465.0,4,601.0
6.0,0.0,13.0,64.0,465.0,535.0,4,601.0
6.0,0.0,13.0,64.0,465.0,535.0,4,601.0
6.0,0.0,13.0,64.0,465.0,535.0,4,601.0
6.0,0.0,64.0,465.0,503.0,535.0,4,601.0
6.0,1.0,78.0,106.0,188.0,577.0,4,790.0
6.0,1.0,78.0,106.0,169.0,188.0,4,790.0
6.0,1.0,169.0,455.0,463.0,517.0,4,790.0
6.0,1.0,188.0,455.0,463.0,517.0,4,577.0
6.0,1.0,188.0,455.0,463.0,517.0,4,577.0
6.0,1.0,78.0,106.0,169.0,455.0,4,790.0
6.0,1.0,78.0,106.0,188.0,577.0,4,790.0
6.0,1.0,188.0,455.0,463.0,517.0,4,577.0
6.0,1.0,188.0,455.0,463.0,517.0,4,577.0
6.0,1.0,78.0,455.0,463.0,577.0,4,790.0
6.0,0.0,13.0,465.0,501.0,535.0,4,601.0
6.0,0.0,267.0,394.0,501.0,535.0,4,601.0
6.0,0.0,13.0,267.0,465.0,535.0,4,601.0
6.0,0.0,13.0,64.0,267.0,394.0,4,503.0
6.0,0.0,13.0,201.0,267.0,394.0,4,503.0
6.0,0.0,201.0,394.0,503.0,721.0,4,906.0
6.0,0.0,13.0,247.0,267.0,535.0,4,601.0
6.0,0.0,13.0,247.0,465.0,535.0,4,601.0
6.0,0.0,64.0,465.0,501.0,503.0,4,535.0
6.0,0.0,13.0,64.0,247.0,267.0,4,394.0
6.0,0.0,13.0,247.0,267.0,394.0,4,601.0
6.0,0.0,13.0,247.0,267.0,535.0,4,601.0
6.0,0.0,13.0,247.0,267.0,535.0,4,601.0
6.0,0.0,247.0,394.0,465.0,535.0,4,601.0
6.0,0.0,13.0,247.0,267.0,535.0,4,601.0
6.0,0.0,13.0,247.0,465.0,535.0,4,601.0
6.0,0.0,64.0,394.0,465.0,503.0,4,535.0
6.0,0.0,13.0,64.0,394.0,465.0,4,503.0
6.0,0.0,201.0,267.0,501.0,535.0,4,601.0
6.0,2.0,120.0,126.0,255.0,561.0,4,824.0
6.0,2.0,36.0,126.0,493.0,561.0,4,728.0
6.0,2.0,120.0,255.0,493.0,561.0,4,824.0
6.0,0.0,13.0,465.0,503.0,535.0,4,601.0
6.0,0.0,201.0,267.0,394.0,503.0,4,535.0
6.0,0.0,13.0,247.0,465.0,535.0,4,601.0
6.0,0.0,13.0,201.0,267.0,394.0,4,465.0
6.0,12.0,194.0,351.0,788.0,856.0,4,986.0
6.0,12.0,82.0,386.0,461.0,771.0,4,788.0
6.0,12.0,194.0,461.0,771.0,856.0,4,872.0
6.0,12.0,194.0,461.0,771.0,856.0,4,872.0
6.0,12.0,194.0,461.0,771.0,856.0,4,872.0
6.0,12.0,194.0,461.0,771.0,856.0,4,872.0
6.0,12.0,194.0,461.0,771.0,788.0,4,856.0
6.0,12.0,194.0,386.0,461.0,771.0,4,788.0
6.0,12.0,194.0,351.0,788.0,856.0,4,986.0
6.0,32.0,34.0,241.0,511.0,602.0,4,860.0
6.0,32.0,17.0,34.0,504.0,860.0,4,944.0
6.0,32.0,17.0,504.0,511.0,860.0,4,944.0
6.0,32.0,241.0,504.0,511.0,860.0,4,944.0
6.0,32.0,34.0,241.0,602.0,860.0,4,944.0
6.0,32.0,3.0,17.0,602.0,860.0,4,944.0
6.0,32.0,3.0,17.0,504.0,613.0,4,944.0
6.0,1.0,188.0,455.0,517.0,790.0,4,901.0
6.0,1.0,455.0,517.0,790.0,901.0,4,945.0
6.0,1.0,455.0,517.0,790.0,901.0,4,945.0
6.0,1.0,78.0,106.0,463.0,790.0,4,901.0
6.0,1.0,78.0,106.0,463.0,790.0,4,901.0
6.0,1.0,455.0,463.0,517.0,790.0,4,901.0
6.0,1.0,455.0,517.0,790.0,901.0,4,945.0
6.0,1.0,106.0,455.0,463.0,790.0,4,945.0
6.0,0.0,64.0,201.0,267.0,394.0,4,465.0
6.0,0.0,64.0,201.0,267.0,394.0,4,465.0
6.0,0.0,64.0,267.0,394.0,465.0,4,601.0
6.0,0.0,267.0,465.0,501.0,535.0,4,601.0
6.0,0.0,267.0,394.0,465.0,535.0,4,601.0
6.0,0.0,64.0,394.0,465.0,535.0,4,906.0
6.0,0.0,64.0,465.0,501.0,535.0,4,906.0
6.0,0.0,64.0,267.0,394.0,535.0,4,906.0
6.0,0.0,64.0,267.0,394.0,535.0,4,906.0
6.0,0.0,13.0,267.0,465.0,535.0,4,601.0
6.0,0.0,267.0,394.0,465.0,535.0,4,601.0
6.0,0.0,64.0,267.0,465.0,535.0,4,601.0
6.0,0.0,267.0,394.0,465.0,535.0,4,601.0
6.0,0.0,13.0,267.0,465.0,535.0,4,601.0
6.0,0.0,13.0,267.0,465.0,535.0,4,601.0
6.0,0.0,64.0,247.0,394.0,465.0,4,535.0
6.0,0.0,64.0,247.0,267.0,394.0,4,535.0
6.0,0.0,13.0,267.0,465.0,535.0,4,601.0
6.0,0.0,13.0,267.0,465.0,535.0,4,601.0
6.0,0.0,13.0,64.0,201.0,394.0,4,906.0
6.0,0.0,13.0,247.0,465.0,535.0,4,601.0
6.0,0.0,13.0,247.0,465.0,535.0,4,601.0
6.0,0.0,13.0,64.0,201.0,394.0,4,906.0
6.0,0.0,13.0,394.0,465.0,535.0,4,601.0
6.0,26.0,204.0,333.0,536.0,914.0,4,948.0
6.0,26.0,285.0,333.0,620.0,857.0,4,948.0
6.0,26.0,285.0,536.0,753.0,914.0,4,948.0
6.0,26.0,204.0,333.0,753.0,914.0,4,948.0
6.0,26.0,72.0,285.0,536.0,753.0,4,948.0
6.0,26.0,72.0,285.0,333.0,753.0,4,914.0
6.0,0.0,267.0,465.0,501.0,535.0,4,601.0
6.0,0.0,201.0,394.0,503.0,721.0,4,906.0
6.0,0.0,201.0,267.0,394.0,503.0,4,721.0
6.0,0.0,64.0,267.0,394.0,503.0,4,535.0
6.0,0.0,64.0,394.0,501.0,601.0,4,906.0
6.0,0.0,267.0,394.0,465.0,501.0,4,601.0
6.0,0.0,64.0,201.0,503.0,721.0,4,906.0
6.0,0.0,64.0,201.0,503.0,721.0,4,906.0
6.0,0.0,64.0,201.0,503.0,721.0,4,906.0
6.0,28.0,203.0,608.0,701.0,754.0,4,1016.0
6.0,28.0,203.0,440.0,608.0,1016.0,4,1017.0
6.0,28.0,397.0,608.0,854.0,1016.0,4,1017.0
6.0,28.0,397.0,608.0,754.0,854.0,4,1016.0
6.0,28.0,203.0,397.0,608.0,754.0,4,854.0
6.0,28.0,203.0,397.0,440.0,754.0,4,854.0
6.0,28.0,203.0,397.0,440.0,754.0,4,854.0
6.0,28.0,608.0,701.0,754.0,854.0,4,876.0
6.0,28.0,440.0,608.0,854.0,876.0,4,1016.0
6.0,28.0,203.0,440.0,608.0,754.0,4,1016.0
6.0,27.0,359.0,662.0,680.0,702.0,4,897.0
6.0,27.0,359.0,638.0,662.0,702.0,4,897.0
6.0,27.0,439.0,477.0,638.0,777.0,4,886.0
6.0,27.0,439.0,638.0,662.0,777.0,4,886.0
6.0,27.0,359.0,662.0,680.0,777.0,4,897.0
6.0,27.0,359.0,662.0,680.0,702.0,4,897.0
6.0,27.0,359.0,439.0,662.0,680.0,4,777.0
6.0,27.0,439.0,477.0,638.0,777.0,4,886.0
6.0,27.0,439.0,477.0,638.0,777.0,4,886.0
6.0,27.0,477.0,569.0,645.0,777.0,4,1015.0
6.0,28.0,203.0,440.0,701.0,754.0,4,1016.0
6.0,28.0,608.0,639.0,754.0,854.0,4,1017.0
6.0,28.0,397.0,608.0,854.0,1016.0,4,1017.0
6.0,28.0,203.0,397.0,440.0,754.0,4,1016.0
6.0,28.0,203.0,397.0,440.0,754.0,4,1016.0
6.0,28.0,203.0,397.0,440.0,754.0,4,1016.0
6.0,28.0,203.0,397.0,608.0,754.0,4,1016.0
6.0,28.0,203.0,440.0,701.0,754.0,4,1016.0
6.0,28.0,203.0,440.0,754.0,854.0,4,876.0
6.0,28.0,203.0,397.0,854.0,876.0,4,1016.0
6.0,28.0,397.0,608.0,854.0,876.0,4,1016.0
6.0,28.0,203.0,397.0,608.0,754.0,4,854.0
6.0,28.0,203.0,397.0,440.0,754.0,4,1016.0
6.0,2.0,120.0,255.0,353.0,493.0,4,595.0
6.0,2.0,36.0,126.0,493.0,561.0,4,824.0
6.0,2.0,120.0,126.0,493.0,658.0,4,824.0
6.0,2.0,120.0,255.0,493.0,595.0,4,658.0
6.0,2.0,36.0,255.0,353.0,493.0,4,824.0
6.0,2.0,36.0,255.0,493.0,658.0,4,824.0
6.0,2.0,36.0,126.0,561.0,658.0,4,824.0
6.0,2.0,36.0,126.0,493.0,561.0,4,824.0
6.0,2.0,36.0,126.0,493.0,561.0,4,824.0
6.0,2.0,120.0,255.0,353.0,493.0,4,595.0
6.0,9.0,109.0,366.0,452.0,604.0,4,941.0
6.0,9.0,109.0,366.0,452.0,604.0,4,941.0
6.0,9.0,39.0,109.0,452.0,604.0,4,941.0
6.0,9.0,109.0,149.0,182.0,452.0,4,845.0
6.0,9.0,39.0,109.0,452.0,604.0,4,941.0
6.0,9.0,109.0,366.0,452.0,604.0,4,941.0
6.0,9.0,39.0,182.0,452.0,604.0,4,845.0
6.0,9.0,39.0,149.0,182.0,604.0,4,845.0
6.0,9.0,39.0,149.0,182.0,604.0,4,845.0
6.0,9.0,39.0,109.0,149.0,182.0,4,845.0
6.0,34.0,0.0,316.0,583.0,685.0,4,974.0
6.0,34.0,167.0,517.0,685.0,747.0,4,900.0
6.0,34.0,167.0,517.0,583.0,685.0,4,900.0
6.0,34.0,0.0,104.0,316.0,583.0,4,974.0
6.0,34.0,0.0,167.0,517.0,747.0,4,974.0
6.0,34.0,0.0,167.0,517.0,685.0,4,747.0
6.0,34.0,0.0,316.0,517.0,747.0,4,974.0
6.0,1.0,106.0,188.0,455.0,577.0,4,790.0
6.0,1.0,188.0,442.0,448.0,455.0,4,790.0
6.0,1.0,188.0,442.0,448.0,455.0,4,790.0
6.0,1.0,188.0,442.0,463.0,577.0,4,624.0
6.0,1.0,442.0,455.0,463.0,577.0,4,624.0
6.0,1.0,106.0,169.0,455.0,463.0,4,790.0
6.0,1.0,169.0,442.0,455.0,463.0,4,790.0
6.0,1.0,106.0,188.0,455.0,577.0,4,790.0
6.0,1.0,188.0,442.0,463.0,577.0,4,624.0
6.0,6.0,30.0,35.0,275.0,473.0,4,980.0
6.0,6.0,30.0,35.0,213.0,275.0,4,989.0
6.0,6.0,213.0,473.0,769.0,980.0,4,989.0
6.0,6.0,213.0,473.0,769.0,980.0,4,989.0
6.0,6.0,30.0,35.0,275.0,473.0,4,980.0
6.0,6.0,35.0,275.0,280.0,769.0,4,980.0
6.0,6.0,35.0,213.0,280.0,769.0,4,989.0
6.0,6.0,35.0,213.0,280.0,769.0,4,989.0
6.0,6.0,213.0,280.0,769.0,980.0,4,989.0
6.0,12.0,237.0,350.0,351.0,788.0,4,856.0
6.0,12.0,350.0,351.0,788.0,856.0,4,986.0
6.0,12.0,350.0,351.0,386.0,872.0,4,986.0
6.0,12.0,194.0,351.0,386.0,872.0,4,986.0
6.0,12.0,194.0,386.0,611.0,788.0,4,986.0
6.0,12.0,237.0,350.0,611.0,788.0,4,856.0
6.0,12.0,237.0,350.0,611.0,788.0,4,856.0
6.0,12.0,194.0,237.0,386.0,611.0,4,788.0
6.0,12.0,194.0,237.0,351.0,386.0,4,788.0
6.0,12.0,194.0,237.0,351.0,386.0,4,788.0
6.0,12.0,237.0,350.0,351.0,788.0,4,856.0
6.0,28.0,440.0,608.0,761.0,876.0,4,1002.0
6.0,28.0,440.0,608.0,761.0,876.0,4,1002.0
6.0,28.0,440.0,608.0,761.0,876.0,4,1002.0
6.0,28.0,608.0,701.0,761.0,876.0,4,1002.0
6.0,28.0,203.0,397.0,639.0,876.0,4,1002.0
6.0,28.0,203.0,397.0,608.0,876.0,4,1002.0
6.0,28.0,440.0,608.0,639.0,761.0,4,876.0
6.0,28.0,203.0,608.0,639.0,761.0,4,876.0
6.0,28.0,203.0,397.0,608.0,754.0,4,1016.0
6.0,28.0,203.0,397.0,608.0,754.0,4,1002.0
6.0,28.0,203.0,639.0,701.0,854.0,4,1017.0
6.0,28.0,397.0,608.0,754.0,854.0,4,876.0
6.0,28.0,203.0,397.0,608.0,754.0,4,876.0
6.0,28.0,203.0,397.0,608.0,754.0,4,1002.0
6.0,28.0,203.0,397.0,608.0,754.0,4,1002.0
6.0,28.0,203.0,397.0,639.0,754.0,4,1002.0
6.0,28.0,639.0,701.0,754.0,854.0,4,1002.0
6.0,28.0,203.0,608.0,639.0,754.0,4,1002.0
6.0,28.0,203.0,608.0,639.0,754.0,4,876.0
6.0,28.0,203.0,397.0,608.0,854.0,4,876.0
6.0,28.0,203.0,397.0,608.0,754.0,4,1002.0
6.0,28.0,203.0,397.0,608.0,1002.0,4,1017.0
6.0,28.0,608.0,701.0,854.0,1002.0,4,1017.0
6.0,28.0,203.0,639.0,701.0,754.0,4,1017.0
6.0,28.0,203.0,397.0,608.0,754.0,4,1002.0
6.0,28.0,608.0,701.0,754.0,854.0,4,1017.0
6.0,28.0,608.0,701.0,754.0,854.0,4,1017.0
6.0,28.0,203.0,397.0,608.0,754.0,4,854.0
6.0,32.0,3.0,241.0,302.0,524.0,4,711.0
6.0,32.0,34.0,241.0,302.0,524.0,4,711.0
6.0,32.0,17.0,34.0,241.0,302.0,4,602.0
6.0,32.0,17.0,34.0,602.0,613.0,4,944.0
6.0,32.0,241.0,302.0,602.0,613.0,4,944.0
6.0,32.0,34.0,241.0,302.0,524.0,4,944.0
6.0,32.0,3.0,241.0,302.0,524.0,4,711.0
6.0,32.0,34.0,241.0,302.0,524.0,4,711.0
6.0,32.0,17.0,34.0,602.0,613.0,4,944.0
6.0,32.0,17.0,34.0,602.0,613.0,4,944.0
6.0,32.0,17.0,504.0,613.0,799.0,4,944.0
6.0,15.0,229.0,659.0,714.0,860.0,4,960.0
6.0,15.0,229.0,484.0,684.0,960.0,4,1013.0
6.0,15.0,684.0,714.0,860.0,960.0,4,1013.0
6.0,15.0,659.0,714.0,860.0,960.0,4,1013.0
6.0,15.0,659.0,684.0,714.0,860.0,4,960.0
6.0,18.0,25.0,45.0,218.0,642.0,4,758.0
6.0,18.0,25.0,45.0,218.0,369.0,4,642.0
6.0,18.0,25.0,45.0,218.0,642.0,4,758.0
6.0,18.0,25.0,45.0,218.0,369.0,4,642.0
6.0,18.0,25.0,45.0,218.0,369.0,4,396.0
6.0,18.0,45.0,218.0,260.0,396.0,4,642.0
6.0,18.0,45.0,218.0,260.0,396.0,4,642.0
6.0,18.0,45.0,218.0,260.0,396.0,4,642.0
6.0,28.0,203.0,397.0,608.0,754.0,4,1016.0
6.0,28.0,203.0,496.0,608.0,1002.0,4,1016.0
6.0,28.0,203.0,496.0,608.0,1002.0,4,1016.0
6.0,28.0,496.0,639.0,754.0,854.0,4,1002.0
6.0,28.0,203.0,397.0,608.0,754.0,4,1016.0
6.0,28.0,203.0,397.0,608.0,754.0,4,1016.0
6.0,28.0,203.0,397.0,608.0,754.0,4,1016.0
6.0,28.0,440.0,496.0,754.0,761.0,4,1016.0
6.0,28.0,203.0,397.0,608.0,876.0,4,1017.0
6.0,28.0,203.0,397.0,608.0,754.0,4,1016.0
6.0,28.0,440.0,608.0,754.0,761.0,4,1016.0
6.0,28.0,440.0,608.0,761.0,1016.0,4,1017.0
6.0,28.0,203.0,440.0,496.0,754.0,4,1017.0
6.0,28.0,203.0,440.0,496.0,754.0,4,1017.0
6.0,28.0,203.0,440.0,496.0,754.0,4,1017.0
6.0,28.0,203.0,397.0,608.0,1016.0,4,1017.0
6.0,28.0,203.0,397.0,608.0,754.0,4,1016.0
6.0,28.0,203.0,608.0,701.0,754.0,4,1016.0
6.0,28.0,203.0,397.0,639.0,1002.0,4,1016.0
6.0,28.0,203.0,397.0,639.0,1002.0,4,1016.0
6.0,28.0,397.0,608.0,754.0,854.0,4,1017.0
6.0,28.0,608.0,701.0,754.0,854.0,4,1017.0
6.0,28.0,203.0,608.0,639.0,754.0,4,1002.0
6.0,28.0,203.0,397.0,608.0,754.0,4,1016.0
6.0,28.0,203.0,397.0,608.0,754.0,4,1016.0
6.0,28.0,203.0,440.0,701.0,754.0,4,1016.0
6.0,28.0,608.0,701.0,754.0,854.0,4,1017.0
6.0,28.0,397.0,608.0,854.0,1016.0,4,1017.0
6.0,28.0,397.0,608.0,854.0,1016.0,4,1017.0
6.0,28.0,397.0,608.0,854.0,1016.0,4,1017.0
6.0,28.0,203.0,397.0,608.0,754.0,4,1016.0
6.0,28.0,203.0,608.0,701.0,754.0,4,1017.0
6.0,28.0,203.0,440.0,701.0,754.0,4,1017.0
6.0,28.0,203.0,397.0,608.0,1016.0,4,1017.0
6.0,28.0,203.0,397.0,608.0,754.0,4,1016.0
6.0,18.0,25.0,218.0,369.0,396.0,4,710.0
6.0,18.0,260.0,642.0,710.0,758.0,4,834.0
6.0,18.0,25.0,218.0,396.0,642.0,4,758.0
6.0,18.0,25.0,218.0,369.0,396.0,4,834.0
6.0,18.0,25.0,218.0,396.0,758.0,4,834.0
6.0,18.0,25.0,218.0,396.0,758.0,4,834.0
6.0,25.0,245.0,297.0,372.0,398.0,4,603.0
6.0,25.0,245.0,297.0,372.0,398.0,4,759.0
6.0,25.0,50.0,74.0,372.0,421.0,4,696.0
6.0,25.0,50.0,74.0,372.0,421.0,4,696.0
6.0,25.0,74.0,372.0,398.0,421.0,4,759.0
6.0,25.0,50.0,74.0,421.0,696.0,4,759.0
6.0,25.0,74.0,372.0,398.0,421.0,4,759.0
6.0,25.0,74.0,372.0,398.0,421.0,4,759.0
6.0,28.0,203.0,608.0,701.0,754.0,4,1017.0
6.0,28.0,397.0,608.0,754.0,761.0,4,876.0
6.0,28.0,397.0,608.0,754.0,761.0,4,1002.0
6.0,28.0,203.0,397.0,608.0,754.0,4,1002.0
6.0,28.0,203.0,397.0,608.0,761.0,4,1002.0
6.0,28.0,203.0,397.0,608.0,754.0,4,761.0
6.0,28.0,203.0,397.0,608.0,754.0,4,761.0
6.0,28.0,203.0,397.0,608.0,754.0,4,1016.0
6.0,28.0,203.0,608.0,701.0,754.0,4,1016.0
6.0,28.0,321.0,701.0,1002.0,1016.0,4,1017.0
6.0,28.0,321.0,397.0,608.0,1002.0,4,1017.0
6.0,28.0,321.0,397.0,754.0,1002.0,4,1017.0
6.0,28.0,203.0,397.0,754.0,1002.0,4,1016.0
6.0,28.0,203.0,397.0,754.0,1002.0,4,1016.0
6.0,28.0,203.0,608.0,701.0,754.0,4,1016.0
6.0,28.0,203.0,608.0,754.0,1002.0,4,1016.0
6.0,28.0,203.0,397.0,608.0,754.0,4,1016.0
6.0,28.0,203.0,397.0,608.0,754.0,4,1016.0
6.0,28.0,203.0,321.0,608.0,701.0,4,754.0
6.0,28.0,203.0,321.0,701.0,1002.0,4,1016.0
6.0,28.0,203.0,397.0,608.0,754.0,4,1017.0
6.0,28.0,203.0,321.0,397.0,608.0,4,754.0
6.0,28.0,203.0,701.0,1002.0,1016.0,4,1017.0
6.0,28.0,203.0,321.0,397.0,608.0,4,754.0
6.0,28.0,203.0,397.0,608.0,754.0,4,1016.0
6.0,28.0,203.0,397.0,608.0,754.0,4,1016.0
6.0,28.0,321.0,397.0,608.0,754.0,4,1016.0
6.0,28.0,203.0,321.0,701.0,754.0,4,1002.0
6.0,28.0,203.0,321.0,496.0,701.0,4,1002.0
6.0,28.0,203.0,397.0,608.0,754.0,4,1016.0
6.0,28.0,203.0,397.0,608.0,754.0,4,1016.0
6.0,28.0,321.0,608.0,701.0,754.0,4,1016.0
6.0,28.0,321.0,608.0,701.0,754.0,4,1002.0
6.0,28.0,203.0,321.0,701.0,1002.0,4,1016.0
6.0,28.0,203.0,397.0,608.0,754.0,4,1016.0
6.0,15.0,509.0,659.0,714.0,802.0,4,941.0
6.0,15.0,76.0,484.0,509.0,659.0,4,965.0
6.0,15.0,76.0,270.0,659.0,714.0,4,965.0
6.0,15.0,302.0,484.0,659.0,714.0,4,802.0
6.0,15.0,484.0,659.0,714.0,802.0,4,941.0
6.0,15.0,302.0,484.0,802.0,941.0,4,965.0
6.0,15.0,302.0,484.0,802.0,941.0,4,965.0
6.0,15.0,484.0,659.0,714.0,802.0,4,941.0
6.0,28.0,203.0,321.0,608.0,701.0,4,754.0
6.0,28.0,203.0,321.0,608.0,701.0,4,754.0
6.0,28.0,321.0,397.0,608.0,1016.0,4,1017.0
6.0,28.0,203.0,321.0,608.0,701.0,4,1016.0
6.0,28.0,203.0,397.0,701.0,754.0,4,1016.0
6.0,28.0,203.0,321.0,608.0,754.0,4,1016.0
6.0,28.0,203.0,397.0,608.0,754.0,4,1016.0
6.0,28.0,203.0,321.0,496.0,701.0,4,754.0
6.0,28.0,321.0,608.0,701.0,754.0,4,1017.0
6.0,28.0,203.0,397.0,608.0,1016.0,4,1017.0
6.0,28.0,203.0,397.0,608.0,754.0,4,1016.0
6.0,28.0,203.0,397.0,608.0,754.0,4,1016.0
6.0,28.0,203.0,321.0,397.0,608.0,4,754.0
6.0,28.0,321.0,397.0,608.0,754.0,4,1016.0
6.0,26.0,204.0,333.0,536.0,914.0,4,948.0
6.0,26.0,72.0,147.0,204.0,285.0,4,914.0
6.0,26.0,72.0,147.0,285.0,536.0,4,914.0
6.0,26.0,72.0,147.0,285.0,536.0,4,948.0
6.0,26.0,72.0,285.0,333.0,536.0,4,948.0
6.0,26.0,204.0,285.0,536.0,914.0,4,948.0
6.0,26.0,72.0,285.0,333.0,536.0,4,914.0
6.0,26.0,204.0,333.0,536.0,914.0,4,948.0
6.0,26.0,204.0,285.0,536.0,914.0,4,948.0
6.0,26.0,285.0,333.0,536.0,914.0,4,948.0
6.0,26.0,204.0,285.0,536.0,914.0,4,948.0
6.0,4.0,134.0,487.0,589.0,646.0,4,663.0
6.0,4.0,134.0,646.0,663.0,740.0,4,936.0
6.0,4.0,486.0,487.0,663.0,740.0,4,936.0
6.0,4.0,134.0,487.0,589.0,646.0,4,740.0
6.0,4.0,134.0,486.0,589.0,740.0,4,936.0
6.0,4.0,486.0,663.0,740.0,743.0,4,936.0
6.0,4.0,486.0,663.0,740.0,743.0,4,936.0
6.0,28.0,203.0,321.0,701.0,754.0,4,1002.0
6.0,28.0,203.0,321.0,397.0,608.0,4,754.0
6.0,28.0,203.0,321.0,397.0,608.0,4,1016.0
6.0,28.0,203.0,321.0,608.0,701.0,4,754.0
6.0,28.0,496.0,639.0,701.0,761.0,4,1017.0
6.0,28.0,203.0,321.0,397.0,1002.0,4,1016.0
6.0,28.0,203.0,321.0,397.0,701.0,4,1016.0
6.0,28.0,203.0,321.0,397.0,701.0,4,1016.0
6.0,28.0,203.0,321.0,397.0,496.0,4,1016.0
6.0,28.0,203.0,321.0,496.0,639.0,4,1016.0
6.0,28.0,203.0,321.0,397.0,701.0,4,1002.0
6.0,32.0,44.0,241.0,511.0,602.0,4,613.0
6.0,32.0,17.0,34.0,302.0,524.0,4,944.0
6.0,32.0,3.0,44.0,241.0,602.0,4,613.0
6.0,32.0,44.0,241.0,511.0,602.0,4,613.0
6.0,32.0,3.0,17.0,302.0,504.0,4,524.0
6.0,32.0,17.0,34.0,44.0,524.0,4,602.0
6.0,2.0,120.0,255.0,353.0,493.0,4,595.0
6.0,2.0,36.0,126.0,255.0,353.0,4,493.0
6.0,2.0,36.0,126.0,255.0,353.0,4,493.0
6.0,2.0,36.0,126.0,493.0,658.0,4,824.0
6.0,2.0,120.0,126.0,255.0,658.0,4,824.0
6.0,2.0,120.0,126.0,255.0,353.0,4,595.0
6.0,2.0,120.0,255.0,353.0,493.0,4,595.0
6.0,2.0,120.0,255.0,353.0,493.0,4,595.0
6.0,32.0,34.0,241.0,302.0,602.0,4,944.0
6.0,32.0,17.0,34.0,302.0,524.0,4,944.0
6.0,32.0,17.0,34.0,302.0,504.0,4,524.0
6.0,32.0,17.0,34.0,44.0,241.0,4,602.0
6.0,32.0,17.0,44.0,241.0,511.0,4,602.0
6.0,32.0,44.0,241.0,511.0,602.0,4,613.0
6.0,32.0,17.0,34.0,241.0,302.0,4,602.0
6.0,32.0,17.0,34.0,302.0,524.0,4,613.0
6.0,32.0,17.0,34.0,241.0,302.0,4,602.0
6.0,32.0,17.0,44.0,241.0,511.0,4,524.0
6.0,32.0,17.0,44.0,241.0,511.0,4,524.0
6.0,32.0,17.0,34.0,44.0,241.0,4,524.0
6.0,32.0,17.0,44.0,241.0,511.0,4,524.0
6.0,32.0,17.0,34.0,44.0,241.0,4,524.0
6.0,32.0,17.0,34.0,44.0,241.0,4,524.0
6.0,32.0,44.0,241.0,278.0,504.0,4,627.0
6.0,32.0,44.0,241.0,504.0,524.0,4,944.0
6.0,32.0,44.0,241.0,504.0,524.0,4,944.0
6.0,12.0,194.0,351.0,386.0,788.0,4,986.0
6.0,12.0,237.0,350.0,611.0,788.0,4,856.0
6.0,12.0,237.0,350.0,611.0,788.0,4,856.0
6.0,12.0,237.0,350.0,611.0,788.0,4,856.0
6.0,12.0,194.0,351.0,386.0,788.0,4,986.0
6.0,12.0,237.0,350.0,351.0,788.0,4,986.0
6.0,1.0,106.0,455.0,577.0,790.0,4,808.0
6.0,1.0,169.0,442.0,455.0,790.0,4,808.0
6.0,1.0,169.0,442.0,455.0,790.0,4,808.0
6.0,1.0,169.0,188.0,442.0,790.0,4,808.0
6.0,1.0,442.0,455.0,463.0,577.0,4,808.0
6.0,1.0,169.0,442.0,455.0,790.0,4,808.0
6.0,1.0,442.0,455.0,463.0,790.0,4,808.0
6.0,1.0,106.0,455.0,577.0,790.0,4,808.0
6.0,1.0,106.0,169.0,455.0,463.0,4,808.0
6.0,1.0,106.0,169.0,455.0,463.0,4,808.0
6.0,1.0,169.0,442.0,455.0,463.0,4,808.0
6.0,1.0,169.0,442.0,455.0,463.0,4,808.0
6.0,1.0,106.0,188.0,442.0,463.0,4,624.0
6.0,1.0,106.0,169.0,188.0,463.0,4,624.0
6.0,1.0,106.0,169.0,188.0,463.0,4,624.0
6.0,32.0,44.0,241.0,278.0,511.0,4,524.0
6.0,32.0,34.0,302.0,524.0,627.0,4,944.0
6.0,32.0,44.0,302.0,524.0,627.0,4,944.0
6.0,32.0,44.0,241.0,278.0,511.0,4,524.0
6.0,32.0,34.0,44.0,504.0,524.0,4,627.0
6.0,32.0,34.0,44.0,504.0,524.0,4,627.0
6.0,32.0,34.0,44.0,241.0,524.0,4,627.0
6.0,26.0,333.0,453.0,536.0,620.0,4,948.0
6.0,26.0,453.0,536.0,753.0,914.0,4,948.0
6.0,26.0,453.0,536.0,753.0,914.0,4,948.0
6.0,26.0,453.0,536.0,620.0,753.0,4,948.0
6.0,26.0,333.0,453.0,536.0,620.0,4,948.0
6.0,26.0,333.0,453.0,536.0,914.0,4,948.0
6.0,26.0,285.0,333.0,620.0,753.0,4,948.0
6.0,26.0,285.0,333.0,620.0,753.0,4,948.0
6.0,26.0,285.0,453.0,536.0,620.0,4,753.0
6.0,26.0,285.0,453.0,536.0,753.0,4,948.0
6.0,26.0,285.0,453.0,536.0,753.0,4,948.0
6.0,9.0,109.0,366.0,452.0,604.0,4,941.0
6.0,9.0,109.0,366.0,510.0,845.0,4,941.0
6.0,9.0,39.0,510.0,845.0,941.0,4,1019.0
6.0,9.0,39.0,366.0,604.0,845.0,4,1019.0
6.0,9.0,39.0,366.0,604.0,941.0,4,1019.0
6.0,9.0,366.0,452.0,845.0,941.0,4,1019.0
6.0,9.0,39.0,366.0,604.0,941.0,4,1019.0
6.0,9.0,39.0,109.0,366.0,604.0,4,941.0
6.0,9.0,39.0,109.0,366.0,604.0,4,941.0
6.0,15.0,659.0,714.0,860.0,960.0,4,1036.0
6.0,15.0,659.0,684.0,714.0,802.0,4,860.0
6.0,15.0,684.0,714.0,802.0,1013.0,4,1036.0
6.0,15.0,484.0,659.0,860.0,960.0,4,1036.0
6.0,15.0,659.0,714.0,860.0,960.0,4,1036.0
6.0,15.0,659.0,714.0,860.0,960.0,4,1036.0
6.0,15.0,659.0,684.0,714.0,802.0,4,960.0
6.0,15.0,484.0,684.0,802.0,1013.0,4,1036.0
6.0,15.0,375.0,484.0,684.0,802.0,4,1013.0
6.0,15.0,484.0,659.0,684.0,802.0,4,1013.0
6.0,15.0,659.0,714.0,860.0,960.0,4,1036.0
6.0,32.0,34.0,241.0,302.0,524.0,4,711.0
6.0,32.0,34.0,302.0,524.0,711.0,4,944.0
6.0,32.0,44.0,241.0,511.0,602.0,4,627.0
6.0,32.0,34.0,241.0,302.0,524.0,4,711.0
6.0,32.0,34.0,241.0,302.0,524.0,4,711.0
6.0,32.0,34.0,302.0,524.0,711.0,4,944.0
6.0,32.0,241.0,302.0,511.0,524.0,4,711.0
6.0,32.0,241.0,302.0,511.0,524.0,4,944.0
6.0,32.0,3.0,241.0,302.0,504.0,4,944.0
6.0,32.0,241.0,504.0,511.0,524.0,4,944.0
6.0,32.0,241.0,302.0,511.0,524.0,4,711.0
6.0,32.0,3.0,302.0,504.0,524.0,4,944.0
6.0,32.0,241.0,302.0,511.0,524.0,4,711.0
6.0,32.0,241.0,302.0,524.0,711.0,4,944.0
6.0,32.0,241.0,302.0,524.0,711.0,4,944.0
6.0,6.0,30.0,35.0,275.0,606.0,4,980.0
6.0,6.0,30.0,35.0,125.0,606.0,4,989.0
6.0,6.0,30.0,125.0,606.0,644.0,4,989.0
6.0,6.0,35.0,125.0,213.0,275.0,4,980.0
6.0,6.0,30.0,35.0,213.0,275.0,4,980.0
6.0,6.0,30.0,35.0,213.0,606.0,4,980.0
6.0,6.0,30.0,35.0,125.0,606.0,4,989.0
6.0,6.0,125.0,213.0,275.0,980.0,4,989.0
6.0,6.0,30.0,125.0,275.0,606.0,4,980.0
6.0,6.0,30.0,35.0,125.0,275.0,4,606.0
6.0,6.0,30.0,35.0,275.0,606.0,4,980.0
6.0,32.0,241.0,302.0,511.0,524.0,4,711.0
6.0,32.0,302.0,511.0,524.0,711.0,4,944.0
6.0,32.0,241.0,302.0,511.0,524.0,4,711.0
6.0,32.0,17.0,34.0,241.0,302.0,4,524.0
6.0,32.0,17.0,34.0,241.0,524.0,4,627.0
6.0,32.0,17.0,34.0,504.0,627.0,4,944.0
6.0,32.0,241.0,302.0,511.0,524.0,4,711.0
6.0,32.0,34.0,241.0,302.0,524.0,4,711.0
6.0,32.0,34.0,241.0,302.0,524.0,4,711.0
6.0,32.0,34.0,241.0,504.0,627.0,4,944.0
6.0,32.0,34.0,241.0,302.0,524.0,4,711.0
6.0,32.0,17.0,34.0,302.0,524.0,4,711.0
6.0,32.0,17.0,241.0,302.0,504.0,4,944.0
6.0,25.0,50.0,74.0,393.0,696.0,4,759.0
6.0,25.0,50.0,74.0,393.0,696.0,4,759.0
6.0,25.0,50.0,74.0,393.0,398.0,4,759.0
6.0,25.0,50.0,380.0,393.0,603.0,4,696.0
6.0,32.0,34.0,241.0,302.0,524.0,4,613.0
6.0,32.0,17.0,34.0,241.0,524.0,4,613.0
6.0,32.0,17.0,34.0,241.0,602.0,4,711.0
6.0,32.0,17.0,302.0,602.0,613.0,4,711.0
6.0,32.0,34.0,241.0,302.0,524.0,4,613.0
6.0,32.0,34.0,241.0,302.0,524.0,4,613.0
6.0,32.0,17.0,34.0,241.0,302.0,4,524.0
6.0,32.0,17.0,34.0,241.0,302.0,4,602.0
6.0,32.0,34.0,241.0,302.0,524.0,4,613.0
6.0,32.0,34.0,241.0,302.0,524.0,4,613.0
6.0,32.0,17.0,34.0,241.0,602.0,4,799.0
6.0,32.0,3.0,17.0,602.0,799.0,4,944.0
6.0,32.0,3.0,17.0,602.0,799.0,4,944.0
6.0,32.0,3.0,17.0,602.0,799.0,4,944.0
6.0,32.0,17.0,241.0,524.0,613.0,4,799.0
6.0,32.0,34.0,241.0,302.0,524.0,4,613.0
6.0,32.0,17.0,34.0,241.0,302.0,4,524.0
6.0,32.0,17.0,34.0,241.0,302.0,4,524.0
6.0,32.0,17.0,34.0,302.0,524.0,4,944.0
6.0,32.0,17.0,34.0,602.0,613.0,4,944.0
6.0,32.0,17.0,34.0,241.0,602.0,4,613.0
6.0,32.0,17.0,241.0,602.0,613.0,4,799.0
6.0,2.0,120.0,255.0,483.0,493.0,4,824.0
6.0,2.0,120.0,255.0,493.0,561.0,4,728.0
6.0,2.0,120.0,255.0,493.0,561.0,4,728.0
6.0,2.0,120.0,255.0,493.0,561.0,4,824.0
6.0,2.0,120.0,255.0,493.0,561.0,4,728.0
6.0,2.0,120.0,255.0,561.0,658.0,4,728.0
6.0,2.0,36.0,126.0,255.0,658.0,4,728.0
6.0,2.0,36.0,126.0,255.0,658.0,4,728.0
6.0,32.0,17.0,34.0,241.0,302.0,4,602.0
6.0,32.0,17.0,34.0,602.0,799.0,4,944.0
6.0,32.0,17.0,34.0,602.0,799.0,4,944.0
6.0,32.0,17.0,34.0,302.0,524.0,4,602.0
6.0,32.0,17.0,34.0,524.0,602.0,4,799.0
6.0,32.0,17.0,602.0,613.0,799.0,4,944.0
6.0,32.0,17.0,34.0,241.0,602.0,4,799.0
6.0,26.0,333.0,453.0,536.0,914.0,4,948.0
6.0,26.0,204.0,333.0,620.0,753.0,4,914.0
6.0,26.0,204.0,333.0,620.0,753.0,4,914.0
6.0,26.0,453.0,536.0,620.0,753.0,4,948.0
6.0,26.0,333.0,453.0,536.0,620.0,4,948.0
6.0,26.0,333.0,453.0,536.0,620.0,4,948.0
6.0,26.0,333.0,453.0,620.0,753.0,4,948.0
6.0,26.0,333.0,536.0,620.0,753.0,4,948.0
6.0,26.0,333.0,536.0,753.0,914.0,4,948.0
6.0,26.0,333.0,536.0,753.0,914.0,4,948.0
6.0,25.0,74.0,356.0,398.0,421.0,4,759.0
6.0,25.0,50.0,297.0,356.0,421.0,4,696.0
6.0,25.0,74.0,372.0,398.0,421.0,4,759.0
6.0,25.0,74.0,398.0,421.0,696.0,4,759.0
6.0,25.0,74.0,297.0,356.0,398.0,4,421.0
6.0,25.0,297.0,372.0,393.0,398.0,4,696.0
6.0,25.0,74.0,297.0,356.0,398.0,4,421.0
6.0,32.0,34.0,241.0,302.0,524.0,4,613.0
6.0,32.0,34.0,241.0,302.0,524.0,4,613.0
6.0,32.0,17.0,34.0,241.0,302.0,4,524.0
6.0,32.0,17.0,34.0,241.0,602.0,4,799.0
6.0,32.0,17.0,302.0,602.0,799.0,4,944.0
6.0,32.0,17.0,302.0,602.0,613.0,4,944.0
6.0,32.0,34.0,241.0,302.0,602.0,4,613.0
6.0,32.0,17.0,34.0,241.0,302.0,4,524.0
6.0,32.0,17.0,34.0,241.0,602.0,4,799.0
6.0,32.0,17.0,34.0,302.0,602.0,4,944.0
6.0,32.0,17.0,241.0,302.0,602.0,4,944.0
6.0,32.0,3.0,34.0,241.0,602.0,4,860.0
6.0,32.0,17.0,34.0,44.0,504.0,4,944.0
6.0,32.0,3.0,17.0,44.0,504.0,4,944.0
6.0,32.0,3.0,34.0,241.0,602.0,4,860.0
6.0,32.0,3.0,34.0,241.0,602.0,4,860.0
6.0,32.0,34.0,44.0,241.0,602.0,4,860.0
6.0,32.0,17.0,44.0,241.0,602.0,4,860.0
6.0,32.0,17.0,34.0,44.0,241.0,4,504.0
6.0,32.0,17.0,34.0,241.0,602.0,4,860.0
6.0,12.0,237.0,350.0,611.0,788.0,4,856.0
6.0,12.0,194.0,351.0,386.0,771.0,4,986.0
6.0,12.0,194.0,237.0,351.0,386.0,4,771.0
6.0,12.0,194.0,237.0,386.0,611.0,4,788.0
6.0,12.0,237.0,350.0,611.0,788.0,4,856.0
6.0,12.0,237.0,350.0,611.0,788.0,4,856.0
6.0,12.0,194.0,237.0,386.0,611.0,4,788.0
6.0,32.0,34.0,241.0,511.0,602.0,4,860.0
6.0,32.0,3.0,34.0,241.0,602.0,4,860.0
6.0,32.0,17.0,34.0,241.0,504.0,4,860.0
6.0,32.0,17.0,241.0,511.0,602.0,4,860.0
6.0,32.0,17.0,504.0,511.0,613.0,4,860.0
6.0,34.0,104.0,316.0,506.0,685.0,4,747.0
6.0,34.0,0.0,685.0,747.0,974.0,4,975.0
6.0,34.0,104.0,316.0,506.0,685.0,4,747.0
6.0,34.0,0.0,104.0,316.0,974.0,4,975.0
6.0,34.0,0.0,685.0,747.0,974.0,4,975.0
6.0,34.0,506.0,685.0,747.0,974.0,4,975.0
6.0,34.0,104.0,506.0,685.0,747.0,4,974.0
6.0,32.0,44.0,241.0,511.0,602.0,4,860.0
6.0,32.0,3.0,34.0,602.0,860.0,4,944.0
6.0,32.0,3.0,17.0,602.0,860.0,4,944.0
6.0,32.0,17.0,44.0,504.0,860.0,4,944.0
6.0,32.0,17.0,34.0,241.0,602.0,4,860.0
6.0,32.0,3.0,34.0,241.0,602.0,4,860.0
6.0,32.0,34.0,44.0,241.0,602.0,4,860.0
6.0,32.0,17.0,34.0,44.0,241.0,4,504.0
6.0,32.0,34.0,241.0,511.0,602.0,4,860.0
6.0,32.0,34.0,241.0,511.0,602.0,4,860.0
6.0,32.0,34.0,44.0,241.0,602.0,4,860.0
6.0,32.0,17.0,34.0,241.0,602.0,4,860.0
6.0,6.0,30.0,644.0,684.0,900.0,4,1013.0
6.0,6.0,125.0,644.0,684.0,900.0,4,1013.0
6.0,6.0,125.0,275.0,644.0,684.0,4,1013.0
6.0,6.0,125.0,275.0,644.0,684.0,4,1013.0
6.0,6.0,125.0,275.0,644.0,989.0,4,1013.0
6.0,6.0,30.0,275.0,644.0,989.0,4,1013.0
6.0,6.0,30.0,275.0,900.0,980.0,4,989.0
6.0,6.0,125.0,644.0,684.0,900.0,4,1013.0
6.0,6.0,30.0,275.0,644.0,900.0,4,980.0
6.0,32.0,34.0,44.0,241.0,602.0,4,860.0
6.0,32.0,44.0,241.0,511.0,602.0,4,860.0
6.0,32.0,3.0,44.0,241.0,602.0,4,860.0
6.0,27.0,359.0,662.0,680.0,777.0,4,1015.0
6.0,27.0,375.0,569.0,668.0,680.0,4,1015.0
6.0,27.0,271.0,638.0,668.0,680.0,4,1015.0
6.0,27.0,271.0,375.0,668.0,702.0,4,1015.0
6.0,32.0,17.0,34.0,241.0,504.0,4,613.0
6.0,32.0,34.0,241.0,511.0,602.0,4,944.0
6.0,32.0,17.0,34.0,511.0,602.0,4,944.0
6.0,32.0,17.0,511.0,602.0,613.0,4,886.0
6.0,32.0,17.0,34.0,241.0,613.0,4,886.0
6.0,32.0,17.0,34.0,241.0,613.0,4,886.0
6.0,1.0,78.0,106.0,188.0,577.0,4,790.0
6.0,1.0,78.0,106.0,169.0,188.0,4,790.0
6.0,1.0,188.0,455.0,463.0,517.0,4,577.0
6.0,1.0,78.0,106.0,188.0,463.0,4,790.0
6.0,1.0,78.0,106.0,188.0,463.0,4,790.0
6.0,1.0,78.0,106.0,169.0,188.0,4,790.0
6.0,1.0,78.0,169.0,188.0,463.0,4,790.0
6.0,1.0,78.0,169.0,455.0,463.0,4,790.0
6.0,1.0,78.0,169.0,455.0,463.0,4,517.0
6.0,1.0,188.0,455.0,463.0,517.0,4,577.0
6.0,1.0,106.0,188.0,455.0,463.0,4,517.0
6.0,1.0,188.0,198.0,517.0,901.0,4,945.0
6.0,32.0,34.0,241.0,511.0,602.0,4,860.0
6.0,32.0,34.0,241.0,511.0,860.0,4,886.0
6.0,32.0,34.0,613.0,860.0,886.0,4,944.0
6.0,32.0,17.0,34.0,613.0,886.0,4,944.0
6.0,32.0,17.0,511.0,613.0,886.0,4,944.0
6.0,32.0,17.0,511.0,613.0,886.0,4,944.0
6.0,32.0,34.0,241.0,511.0,602.0,4,860.0
6.0,32.0,17.0,34.0,860.0,886.0,4,944.0
6.0,32.0,17.0,34.0,860.0,886.0,4,944.0
6.0,32.0,17.0,34.0,602.0,860.0,4,944.0
6.0,32.0,34.0,241.0,602.0,860.0,4,944.0
6.0,9.0,39.0,109.0,366.0,524.0,4,604.0
6.0,9.0,39.0,366.0,524.0,604.0,4,845.0
6.0,9.0,109.0,366.0,510.0,524.0,4,604.0
6.0,9.0,109.0,452.0,510.0,524.0,4,588.0
6.0,9.0,39.0,109.0,366.0,604.0,4,845.0
6.0,9.0,109.0,452.0,510.0,588.0,4,845.0
6.0,9.0,109.0,452.0,510.0,587.0,4,588.0
6.0,9.0,510.0,587.0,588.0,604.0,4,1001.0
6.0,34.0,345.0,506.0,583.0,685.0,4,975.0
6.0,34.0,104.0,167.0,506.0,583.0,4,974.0
6.0,34.0,0.0,104.0,167.0,316.0,4,974.0
6.0,34.0,0.0,104.0,316.0,436.0,4,974.0
6.0,34.0,0.0,104.0,436.0,583.0,4,974.0
6.0,34.0,0.0,104.0,436.0,583.0,4,974.0
6.0,34.0,436.0,506.0,583.0,685.0,4,974.0
6.0,34.0,436.0,448.0,506.0,685.0,4,974.0
6.0,34.0,436.0,448.0,506.0,685.0,4,974.0
6.0,34.0,104.0,316.0,506.0,685.0,4,975.0
6.0,34.0,104.0,316.0,436.0,506.0,4,685.0
6.0,34.0,0.0,104.0,316.0,436.0,4,974.0
6.0,34.0,104.0,316.0,506.0,685.0,4,974.0
6.0,34.0,104.0,316.0,506.0,685.0,4,974.0
6.0,32.0,34.0,241.0,511.0,602.0,4,860.0
6.0,32.0,17.0,34.0,799.0,886.0,4,944.0
6.0,32.0,241.0,511.0,602.0,799.0,4,944.0
6.0,32.0,241.0,511.0,602.0,799.0,4,944.0
6.0,32.0,34.0,241.0,511.0,602.0,4,860.0
6.0,32.0,17.0,34.0,241.0,602.0,4,860.0
6.0,32.0,34.0,241.0,511.0,602.0,4,860.0
6.0,32.0,17.0,34.0,241.0,799.0,4,886.0
6.0,32.0,511.0,799.0,860.0,886.0,4,944.0
6.0,32.0,34.0,241.0,511.0,602.0,4,860.0
6.0,32.0,34.0,241.0,511.0,602.0,4,860.0
6.0,32.0,241.0,511.0,602.0,613.0,4,799.0
6.0,32.0,34.0,511.0,602.0,613.0,4,860.0
6.0,32.0,34.0,241.0,511.0,602.0,4,613.0
6.0,18.0,45.0,260.0,642.0,758.0,4,834.0
6.0,18.0,25.0,150.0,218.0,369.0,4,396.0
6.0,18.0,25.0,150.0,218.0,369.0,4,396.0
6.0,18.0,25.0,150.0,218.0,369.0,4,396.0
6.0,18.0,45.0,218.0,642.0,758.0,4,834.0
6.0,18.0,45.0,218.0,642.0,758.0,4,834.0
6.0,4.0,134.0,486.0,652.0,740.0,4,828.0
6.0,4.0,134.0,486.0,740.0,743.0,4,828.0
6.0,4.0,134.0,486.0,589.0,740.0,4,743.0
6.0,4.0,134.0,486.0,589.0,740.0,4,743.0
6.0,4.0,134.0,486.0,589.0,740.0,4,743.0
6.0,4.0,134.0,486.0,589.0,652.0,4,828.0
6.0,4.0,486.0,589.0,652.0,740.0,4,743.0
6.0,4.0,486.0,589.0,652.0,740.0,4,743.0
6.0,4.0,134.0,486.0,589.0,652.0,4,740.0
6.0,32.0,34.0,241.0,602.0,799.0,4,860.0
6.0,32.0,17.0,34.0,241.0,504.0,4,799.0
6.0,32.0,3.0,17.0,241.0,504.0,4,799.0
6.0,32.0,34.0,241.0,602.0,799.0,4,860.0
6.0,32.0,34.0,241.0,602.0,799.0,4,860.0
6.0,32.0,34.0,241.0,602.0,799.0,4,860.0
6.0,32.0,17.0,34.0,241.0,602.0,4,799.0
6.0,32.0,3.0,34.0,241.0,602.0,4,860.0
6.0,32.0,34.0,241.0,602.0,799.0,4,860.0
6.0,32.0,17.0,34.0,504.0,799.0,4,860.0
6.0,32.0,3.0,17.0,504.0,799.0,4,860.0
6.0,32.0,3.0,34.0,241.0,602.0,4,860.0
6.0,32.0,3.0,34.0,241.0,602.0,4,860.0
6.0,32.0,17.0,34.0,504.0,613.0,4,799.0
6.0,32.0,241.0,511.0,602.0,613.0,4,860.0
6.0,32.0,241.0,511.0,602.0,613.0,4,860.0
6.0,32.0,34.0,241.0,511.0,602.0,4,860.0
6.0,32.0,34.0,241.0,511.0,602.0,4,860.0
6.0,32.0,241.0,504.0,511.0,613.0,4,799.0
6.0,2.0,120.0,255.0,493.0,561.0,4,595.0
6.0,2.0,120.0,126.0,255.0,561.0,4,595.0
6.0,2.0,36.0,493.0,658.0,824.0,4,993.0
6.0,2.0,120.0,255.0,493.0,658.0,4,824.0
6.0,2.0,120.0,126.0,255.0,493.0,4,595.0
6.0,2.0,120.0,255.0,493.0,561.0,4,595.0
6.0,25.0,74.0,297.0,356.0,372.0,4,398.0
6.0,25.0,74.0,297.0,356.0,372.0,4,398.0
6.0,25.0,74.0,297.0,356.0,696.0,4,759.0
6.0,25.0,74.0,297.0,356.0,696.0,4,759.0
6.0,25.0,74.0,297.0,356.0,696.0,4,759.0
6.0,25.0,50.0,297.0,372.0,398.0,4,696.0
6.0,25.0,74.0,356.0,393.0,398.0,4,759.0
6.0,2.0,120.0,255.0,493.0,561.0,4,595.0
6.0,2.0,120.0,255.0,493.0,561.0,4,595.0
6.0,2.0,36.0,126.0,483.0,493.0,4,824.0
6.0,2.0,120.0,126.0,255.0,493.0,4,595.0
6.0,2.0,36.0,126.0,483.0,493.0,4,824.0
6.0,2.0,120.0,255.0,493.0,527.0,4,595.0
6.0,2.0,120.0,255.0,493.0,561.0,4,595.0
6.0,2.0,120.0,255.0,493.0,561.0,4,595.0
6.0,2.0,36.0,126.0,255.0,527.0,4,824.0
6.0,2.0,36.0,126.0,483.0,493.0,4,824.0
6.0,2.0,36.0,126.0,493.0,527.0,4,824.0
6.0,2.0,36.0,255.0,493.0,527.0,4,824.0
6.0,2.0,120.0,255.0,493.0,527.0,4,595.0
6.0,2.0,120.0,255.0,493.0,527.0,4,595.0
6.0,2.0,120.0,126.0,255.0,493.0,4,595.0
6.0,2.0,36.0,126.0,483.0,493.0,4,824.0
6.0,2.0,36.0,126.0,483.0,493.0,4,824.0
6.0,2.0,120.0,255.0,483.0,493.0,4,595.0
6.0,2.0,120.0,126.0,255.0,493.0,4,595.0
6.0,2.0,120.0,255.0,493.0,561.0,4,595.0
6.0,2.0,36.0,126.0,483.0,493.0,4,824.0
6.0,2.0,120.0,255.0,493.0,527.0,4,595.0
6.0,2.0,120.0,255.0,493.0,561.0,4,595.0
6.0,2.0,120.0,126.0,483.0,658.0,4,824.0
6.0,2.0,120.0,255.0,483.0,493.0,4,824.0
6.0,2.0,120.0,255.0,483.0,493.0,4,595.0
6.0,2.0,120.0,126.0,255.0,493.0,4,824.0
6.0,1.0,106.0,455.0,577.0,790.0,4,808.0
6.0,1.0,188.0,448.0,463.0,577.0,4,624.0
6.0,1.0,106.0,448.0,455.0,790.0,4,808.0
6.0,1.0,106.0,448.0,455.0,790.0,4,808.0
6.0,1.0,106.0,188.0,455.0,577.0,4,790.0
6.0,1.0,188.0,442.0,448.0,455.0,4,790.0
6.0,1.0,188.0,442.0,448.0,463.0,4,624.0
6.0,1.0,188.0,442.0,448.0,463.0,4,624.0
6.0,1.0,188.0,442.0,577.0,624.0,4,790.0
6.0,1.0,442.0,455.0,577.0,624.0,4,790.0
6.0,1.0,106.0,455.0,577.0,624.0,4,790.0
6.0,25.0,50.0,297.0,398.0,696.0,4,759.0
6.0,25.0,50.0,74.0,372.0,393.0,4,398.0
6.0,25.0,74.0,297.0,372.0,531.0,4,696.0
6.0,25.0,74.0,297.0,356.0,398.0,4,759.0
6.0,25.0,50.0,372.0,393.0,398.0,4,531.0
6.0,25.0,50.0,245.0,393.0,603.0,4,696.0
6.0,2.0,120.0,255.0,353.0,493.0,4,824.0
6.0,2.0,120.0,126.0,493.0,595.0,4,658.0
6.0,2.0,120.0,126.0,493.0,595.0,4,658.0
6.0,2.0,120.0,126.0,353.0,493.0,4,658.0
6.0,2.0,36.0,255.0,353.0,493.0,4,824.0
6.0,2.0,36.0,255.0,353.0,493.0,4,824.0
6.0,2.0,36.0,126.0,353.0,561.0,4,658.0
6.0,2.0,120.0,126.0,255.0,353.0,4,493.0
6.0,2.0,36.0,126.0,255.0,353.0,4,493.0
6.0,2.0,36.0,126.0,255.0,353.0,4,493.0
6.0,4.0,134.0,487.0,646.0,663.0,4,740.0
6.0,4.0,486.0,646.0,683.0,743.0,4,936.0
6.0,4.0,134.0,486.0,487.0,663.0,4,683.0
6.0,4.0,134.0,487.0,646.0,663.0,4,683.0
6.0,4.0,134.0,487.0,646.0,663.0,4,740.0
6.0,4.0,487.0,646.0,663.0,740.0,4,936.0
6.0,4.0,134.0,487.0,646.0,663.0,4,683.0
6.0,4.0,134.0,487.0,646.0,663.0,4,683.0
6.0,2.0,120.0,255.0,353.0,493.0,4,561.0
6.0,2.0,120.0,255.0,353.0,483.0,4,966.0
6.0,2.0,36.0,126.0,255.0,493.0,4,824.0
6.0,2.0,36.0,255.0,353.0,493.0,4,561.0
6.0,2.0,36.0,255.0,353.0,483.0,4,493.0
6.0,2.0,36.0,126.0,255.0,561.0,4,824.0
6.0,2.0,36.0,126.0,255.0,561.0,4,824.0
6.0,2.0,36.0,126.0,255.0,561.0,4,824.0
6.0,2.0,120.0,255.0,353.0,493.0,4,561.0
6.0,2.0,120.0,126.0,483.0,493.0,4,824.0
6.0,2.0,120.0,255.0,353.0,493.0,4,824.0
6.0,2.0,36.0,120.0,255.0,483.0,4,493.0
6.0,2.0,120.0,126.0,255.0,353.0,4,493.0
6.0,2.0,120.0,255.0,353.0,493.0,4,561.0
6.0,2.0,120.0,255.0,353.0,493.0,4,561.0
6.0,2.0,120.0,255.0,353.0,483.0,4,561.0
6.0,2.0,36.0,126.0,483.0,493.0,4,824.0
6.0,2.0,120.0,255.0,353.0,493.0,4,658.0
6.0,2.0,120.0,255.0,353.0,561.0,4,824.0
6.0,2.0,120.0,255.0,353.0,493.0,4,561.0
6.0,2.0,120.0,255.0,353.0,493.0,4,561.0
6.0,2.0,120.0,255.0,353.0,493.0,4,561.0
6.0,2.0,36.0,126.0,493.0,658.0,4,824.0
6.0,2.0,36.0,126.0,493.0,658.0,4,824.0
6.0,2.0,493.0,561.0,728.0,824.0,4,993.0
6.0,2.0,120.0,255.0,353.0,493.0,4,561.0
6.0,2.0,120.0,255.0,353.0,493.0,4,561.0
6.0,2.0,120.0,255.0,483.0,493.0,4,824.0
6.0,2.0,36.0,126.0,353.0,493.0,4,658.0
6.0,2.0,120.0,255.0,353.0,493.0,4,658.0
6.0,2.0,120.0,255.0,353.0,493.0,4,561.0
6.0,2.0,120.0,255.0,483.0,493.0,4,824.0
6.0,2.0,120.0,255.0,353.0,493.0,4,824.0
6.0,34.0,104.0,316.0,345.0,685.0,4,747.0
6.0,34.0,104.0,316.0,345.0,583.0,4,685.0
6.0,34.0,104.0,517.0,583.0,747.0,4,906.0
6.0,34.0,104.0,517.0,583.0,747.0,4,906.0
6.0,34.0,316.0,345.0,436.0,517.0,4,685.0
6.0,34.0,104.0,316.0,345.0,436.0,4,517.0
6.0,34.0,104.0,316.0,345.0,685.0,4,747.0
6.0,34.0,436.0,517.0,685.0,747.0,4,906.0
6.0,34.0,104.0,345.0,517.0,685.0,4,747.0
6.0,26.0,285.0,536.0,753.0,914.0,4,948.0
6.0,26.0,285.0,333.0,753.0,914.0,4,948.0
6.0,26.0,333.0,453.0,753.0,914.0,4,948.0
6.0,26.0,333.0,453.0,753.0,914.0,4,948.0
6.0,26.0,204.0,333.0,536.0,914.0,4,948.0
6.0,26.0,204.0,285.0,536.0,620.0,4,914.0
6.0,26.0,204.0,333.0,620.0,649.0,4,753.0
6.0,26.0,72.0,204.0,333.0,649.0,4,753.0
6.0,2.0,120.0,255.0,353.0,493.0,4,824.0
6.0,2.0,120.0,126.0,255.0,493.0,4,824.0
6.0,2.0,120.0,255.0,493.0,561.0,4,824.0
6.0,2.0,120.0,255.0,493.0,561.0,4,824.0
6.0,2.0,36.0,120.0,126.0,493.0,4,658.0
6.0,2.0,36.0,120.0,126.0,255.0,4,658.0
6.0,2.0,36.0,120.0,126.0,255.0,4,658.0
6.0,2.0,120.0,255.0,493.0,658.0,4,824.0
6.0,2.0,120.0,255.0,493.0,658.0,4,824.0
6.0,2.0,120.0,255.0,493.0,658.0,4,824.0
6.0,2.0,120.0,255.0,493.0,658.0,4,824.0
6.0,2.0,120.0,126.0,493.0,658.0,4,824.0
6.0,2.0,120.0,255.0,493.0,561.0,4,595.0
6.0,2.0,120.0,255.0,493.0,561.0,4,595.0
6.0,2.0,120.0,255.0,493.0,561.0,4,595.0
6.0,2.0,36.0,126.0,493.0,658.0,4,824.0
6.0,2.0,120.0,255.0,483.0,493.0,4,595.0
6.0,2.0,36.0,255.0,493.0,561.0,4,824.0
6.0,2.0,36.0,255.0,493.0,561.0,4,824.0
6.0,2.0,36.0,126.0,255.0,493.0,4,595.0
6.0,2.0,120.0,126.0,255.0,493.0,4,824.0
6.0,2.0,120.0,126.0,255.0,493.0,4,824.0
6.0,18.0,45.0,218.0,260.0,642.0,4,834.0
6.0,18.0,218.0,260.0,396.0,642.0,4,710.0
6.0,18.0,45.0,160.0,218.0,396.0,4,710.0
6.0,18.0,45.0,160.0,369.0,396.0,4,710.0
6.0,18.0,45.0,260.0,369.0,642.0,4,834.0
6.0,18.0,45.0,260.0,369.0,642.0,4,834.0
6.0,18.0,260.0,369.0,642.0,710.0,4,834.0
6.0,18.0,218.0,260.0,642.0,710.0,4,834.0
6.0,18.0,45.0,160.0,218.0,396.0,4,710.0
6.0,18.0,45.0,160.0,218.0,396.0,4,642.0
6.0,15.0,659.0,714.0,860.0,960.0,4,1036.0
6.0,15.0,659.0,714.0,860.0,960.0,4,1036.0
6.0,15.0,229.0,484.0,659.0,714.0,4,860.0
6.0,15.0,160.0,229.0,484.0,965.0,4,1036.0
6.0,15.0,160.0,229.0,484.0,965.0,4,1036.0
6.0,15.0,160.0,484.0,659.0,965.0,4,1036.0
6.0,15.0,160.0,484.0,659.0,965.0,4,1036.0
6.0,15.0,229.0,484.0,659.0,860.0,4,960.0
6.0,15.0,160.0,229.0,484.0,965.0,4,1036.0
6.0,2.0,120.0,255.0,353.0,493.0,4,824.0
6.0,2.0,120.0,255.0,561.0,595.0,4,658.0
6.0,2.0,36.0,255.0,561.0,595.0,4,658.0
6.0,2.0,120.0,255.0,493.0,561.0,4,728.0
6.0,2.0,36.0,255.0,561.0,595.0,4,658.0
6.0,2.0,36.0,255.0,561.0,595.0,4,658.0
6.0,2.0,120.0,126.0,493.0,561.0,4,595.0
6.0,2.0,120.0,126.0,493.0,561.0,4,728.0
6.0,2.0,36.0,126.0,658.0,728.0,4,993.0
6.0,2.0,120.0,255.0,353.0,493.0,4,824.0
6.0,2.0,120.0,255.0,353.0,561.0,4,658.0
6.0,2.0,36.0,126.0,493.0,595.0,4,658.0
6.0,2.0,120.0,255.0,353.0,493.0,4,824.0
6.0,2.0,120.0,126.0,255.0,353.0,4,658.0
6.0,2.0,36.0,126.0,353.0,493.0,4,658.0
6.0,2.0,36.0,126.0,255.0,353.0,4,658.0
6.0,9.0,109.0,366.0,452.0,524.0,4,604.0
6.0,9.0,39.0,149.0,604.0,845.0,4,1019.0
6.0,9.0,149.0,510.0,845.0,1001.0,4,1019.0
6.0,9.0,109.0,366.0,452.0,524.0,4,604.0
6.0,9.0,366.0,510.0,604.0,845.0,4,1019.0
6.0,9.0,366.0,510.0,524.0,604.0,4,1019.0
6.0,34.0,316.0,345.0,506.0,685.0,4,747.0
6.0,34.0,0.0,104.0,316.0,583.0,4,974.0
6.0,34.0,0.0,104.0,316.0,583.0,4,974.0
6.0,34.0,0.0,104.0,316.0,583.0,4,974.0
6.0,34.0,104.0,167.0,506.0,583.0,4,974.0
6.0,34.0,167.0,506.0,685.0,747.0,4,974.0
6.0,34.0,167.0,506.0,685.0,747.0,4,974.0
6.0,34.0,316.0,345.0,506.0,685.0,4,747.0
6.0,34.0,167.0,506.0,685.0,747.0,4,974.0
6.0,34.0,167.0,506.0,685.0,747.0,4,974.0
6.0,34.0,167.0,506.0,685.0,747.0,4,974.0
6.0,12.0,350.0,611.0,788.0,856.0,4,986.0
6.0,12.0,194.0,386.0,461.0,771.0,4,788.0
6.0,12.0,194.0,351.0,386.0,461.0,4,771.0
6.0,12.0,194.0,351.0,386.0,461.0,4,611.0
6.0,12.0,350.0,386.0,461.0,611.0,4,788.0
6.0,12.0,350.0,461.0,611.0,788.0,4,856.0
6.0,12.0,237.0,350.0,611.0,788.0,4,856.0
6.0,12.0,237.0,350.0,611.0,788.0,4,856.0
6.0,12.0,237.0,350.0,611.0,788.0,4,856.0
6.0,2.0,36.0,255.0,353.0,561.0,4,824.0
6.0,2.0,36.0,255.0,561.0,595.0,4,658.0
6.0,2.0,36.0,126.0,561.0,595.0,4,658.0
6.0,2.0,120.0,126.0,255.0,353.0,4,824.0
6.0,2.0,120.0,126.0,255.0,658.0,4,728.0
6.0,2.0,36.0,255.0,561.0,658.0,4,728.0
6.0,4.0,486.0,487.0,589.0,646.0,4,740.0
6.0,4.0,134.0,200.0,486.0,646.0,4,740.0
6.0,4.0,134.0,486.0,487.0,589.0,4,740.0
6.0,4.0,134.0,486.0,487.0,589.0,4,740.0
6.0,4.0,134.0,487.0,589.0,646.0,4,663.0
6.0,4.0,134.0,487.0,589.0,646.0,4,663.0
6.0,4.0,134.0,487.0,589.0,646.0,4,663.0
6.0,4.0,486.0,487.0,589.0,646.0,4,663.0
6.0,4.0,486.0,487.0,646.0,663.0,4,740.0
6.0,4.0,486.0,589.0,646.0,740.0,4,743.0
6.0,2.0,120.0,255.0,353.0,493.0,4,824.0
6.0,2.0,36.0,126.0,353.0,658.0,4,824.0
6.0,2.0,36.0,126.0,493.0,561.0,4,728.0
6.0,2.0,120.0,255.0,493.0,561.0,4,824.0
6.0,2.0,120.0,255.0,493.0,561.0,4,824.0
6.0,2.0,120.0,126.0,255.0,561.0,4,728.0
6.0,26.0,72.0,147.0,333.0,536.0,4,914.0
6.0,26.0,72.0,147.0,285.0,857.0,4,948.0
6.0,26.0,285.0,333.0,536.0,620.0,4,948.0
6.0,26.0,285.0,333.0,536.0,620.0,4,914.0
6.0,26.0,204.0,333.0,536.0,914.0,4,948.0
6.0,26.0,204.0,333.0,536.0,620.0,4,914.0
6.0,26.0,285.0,333.0,536.0,620.0,4,948.0
6.0,26.0,204.0,333.0,536.0,914.0,4,948.0
6.0,2.0,120.0,126.0,255.0,353.0,4,824.0
6.0,2.0,120.0,126.0,255.0,353.0,4,824.0
6.0,2.0,36.0,255.0,561.0,658.0,4,728.0
6.0,2.0,36.0,255.0,561.0,658.0,4,728.0
6.0,2.0,36.0,255.0,561.0,658.0,4,728.0
6.0,2.0,120.0,126.0,255.0,353.0,4,824.0
6.0,2.0,36.0,120.0,255.0,561.0,4,658.0
6.0,2.0,36.0,255.0,561.0,658.0,4,728.0
6.0,2.0,36.0,255.0,561.0,658.0,4,728.0
6.0,9.0,366.0,510.0,587.0,604.0,4,1019.0
6.0,9.0,366.0,510.0,604.0,845.0,4,1019.0
6.0,27.0,359.0,375.0,680.0,777.0,4,1015.0
6.0,27.0,359.0,638.0,680.0,777.0,4,1015.0
6.0,27.0,439.0,569.0,638.0,668.0,4,702.0
6.0,27.0,359.0,375.0,439.0,680.0,4,1015.0
6.0,27.0,359.0,638.0,680.0,777.0,4,1015.0
6.0,27.0,359.0,375.0,680.0,777.0,4,1015.0
6.0,27.0,359.0,638.0,680.0,777.0,4,1015.0
6.0,27.0,375.0,569.0,680.0,777.0,4,1015.0
6.0,27.0,359.0,638.0,680.0,777.0,4,1015.0
6.0,27.0,359.0,638.0,680.0,777.0,4,1015.0
6.0,6.0,125.0,213.0,644.0,684.0,4,900.0
6.0,6.0,30.0,606.0,980.0,989.0,4,1013.0
6.0,6.0,30.0,606.0,980.0,989.0,4,1013.0
6.0,6.0,165.0,213.0,578.0,684.0,4,769.0
6.0,6.0,165.0,213.0,578.0,684.0,4,769.0
6.0,2.0,120.0,255.0,353.0,493.0,4,824.0
6.0,2.0,120.0,255.0,353.0,561.0,4,824.0
6.0,2.0,120.0,255.0,353.0,561.0,4,824.0
6.0,2.0,36.0,126.0,561.0,595.0,4,658.0
6.0,2.0,36.0,126.0,493.0,561.0,4,595.0
6.0,2.0,36.0,255.0,493.0,561.0,4,824.0
6.0,2.0,120.0,255.0,353.0,493.0,4,824.0
6.0,2.0,120.0,255.0,561.0,658.0,4,824.0
6.0,2.0,120.0,255.0,353.0,493.0,4,824.0
6.0,2.0,120.0,255.0,353.0,493.0,4,824.0
6.0,2.0,36.0,126.0,561.0,658.0,4,824.0
6.0,2.0,120.0,255.0,353.0,493.0,4,824.0
6.0,2.0,120.0,255.0,353.0,493.0,4,824.0
6.0,2.0,120.0,255.0,353.0,658.0,4,824.0
6.0,2.0,120.0,255.0,353.0,658.0,4,824.0
6.0,2.0,120.0,126.0,353.0,658.0,4,824.0
6.0,2.0,120.0,255.0,353.0,493.0,4,824.0
6.0,2.0,36.0,126.0,483.0,595.0,4,658.0
6.0,2.0,36.0,126.0,483.0,595.0,4,658.0
6.0,1.0,78.0,106.0,463.0,577.0,4,790.0
6.0,1.0,106.0,188.0,463.0,577.0,4,790.0
6.0,1.0,78.0,169.0,455.0,517.0,4,577.0
6.0,1.0,78.0,106.0,517.0,577.0,4,790.0
6.0,1.0,78.0,106.0,517.0,577.0,4,790.0
6.0,1.0,188.0,455.0,463.0,790.0,4,901.0
6.0,1.0,455.0,463.0,517.0,577.0,4,945.0
6.0,1.0,455.0,463.0,517.0,577.0,4,790.0
6.0,1.0,188.0,198.0,517.0,901.0,4,945.0
6.0,1.0,188.0,198.0,517.0,901.0,4,945.0
6.0,12.0,194.0,386.0,788.0,872.0,4,986.0
6.0,12.0,194.0,386.0,611.0,872.0,4,986.0
6.0,12.0,237.0,350.0,611.0,788.0,4,856.0
6.0,12.0,194.0,237.0,788.0,872.0,4,986.0
6.0,12.0,237.0,350.0,611.0,788.0,4,856.0
6.0,2.0,36.0,596.0,658.0,728.0,4,993.0
6.0,2.0,126.0,353.0,595.0,728.0,4,966.0
6.0,2.0,126.0,353.0,595.0,728.0,4,966.0
6.0,2.0,36.0,595.0,596.0,658.0,4,993.0
6.0,2.0,36.0,126.0,595.0,658.0,4,966.0
6.0,2.0,36.0,126.0,595.0,658.0,4,966.0
6.0,2.0,595.0,596.0,728.0,966.0,4,993.0
6.0,2.0,36.0,596.0,728.0,966.0,4,993.0
6.0,2.0,36.0,596.0,728.0,966.0,4,993.0
6.0,2.0,36.0,596.0,728.0,966.0,4,993.0
6.0,2.0,120.0,255.0,353.0,493.0,4,824.0
6.0,2.0,120.0,255.0,353.0,493.0,4,824.0
6.0,2.0,36.0,126.0,483.0,561.0,4,595.0
6.0,2.0,120.0,255.0,353.0,493.0,4,824.0
6.0,2.0,120.0,255.0,353.0,493.0,4,824.0
6.0,2.0,36.0,126.0,483.0,561.0,4,595.0
6.0,6.0,30.0,35.0,275.0,606.0,4,980.0
6.0,6.0,30.0,125.0,606.0,980.0,4,989.0
6.0,6.0,125.0,213.0,280.0,644.0,4,989.0
6.0,6.0,35.0,125.0,213.0,280.0,4,644.0
6.0,6.0,30.0,35.0,275.0,280.0,4,980.0
6.0,6.0,30.0,35.0,275.0,606.0,4,980.0
6.0,6.0,30.0,35.0,275.0,606.0,4,980.0
6.0,6.0,30.0,35.0,275.0,280.0,4,980.0
6.0,6.0,30.0,35.0,275.0,606.0,4,980.0
6.0,6.0,35.0,125.0,213.0,606.0,4,989.0
6.0,6.0,30.0,35.0,275.0,606.0,4,980.0
6.0,6.0,30.0,35.0,275.0,606.0,4,980.0
6.0,6.0,30.0,35.0,275.0,606.0,4,980.0
6.0,6.0,35.0,125.0,275.0,280.0,4,980.0
6.0,6.0,30.0,35.0,275.0,606.0,4,980.0
6.0,6.0,35.0,125.0,213.0,606.0,4,989.0
6.0,6.0,125.0,213.0,280.0,873.0,4,989.0
6.0,27.0,638.0,680.0,777.0,886.0,4,897.0
6.0,27.0,662.0,702.0,777.0,886.0,4,897.0
6.0,27.0,359.0,439.0,662.0,702.0,4,886.0
6.0,27.0,359.0,439.0,638.0,662.0,4,886.0
6.0,27.0,359.0,439.0,638.0,662.0,4,886.0
6.0,27.0,359.0,439.0,638.0,662.0,4,702.0
6.0,27.0,662.0,680.0,777.0,886.0,4,897.0
6.0,27.0,662.0,680.0,777.0,886.0,4,897.0
6.0,27.0,359.0,662.0,680.0,777.0,4,897.0
6.0,27.0,359.0,662.0,702.0,777.0,4,897.0
6.0,26.0,333.0,453.0,536.0,914.0,4,948.0
6.0,26.0,285.0,536.0,753.0,914.0,4,948.0
6.0,26.0,285.0,333.0,620.0,753.0,4,914.0
6.0,26.0,453.0,536.0,620.0,753.0,4,948.0
6.0,26.0,333.0,453.0,536.0,599.0,4,948.0
6.0,26.0,333.0,453.0,536.0,620.0,4,948.0
6.0,26.0,333.0,453.0,620.0,857.0,4,914.0
6.0,26.0,333.0,453.0,857.0,914.0,4,948.0
6.0,26.0,333.0,453.0,536.0,914.0,4,948.0
6.0,26.0,333.0,453.0,536.0,914.0,4,948.0
6.0,6.0,30.0,35.0,275.0,473.0,4,980.0
6.0,6.0,30.0,35.0,275.0,473.0,4,989.0
6.0,6.0,30.0,35.0,125.0,275.0,4,989.0
6.0,6.0,30.0,35.0,125.0,275.0,4,989.0
6.0,6.0,30.0,125.0,275.0,769.0,4,989.0
6.0,6.0,125.0,473.0,769.0,980.0,4,989.0
6.0,6.0,30.0,35.0,275.0,473.0,4,980.0
6.0,6.0,30.0,35.0,275.0,473.0,4,980.0
6.0,6.0,125.0,275.0,473.0,769.0,4,989.0
6.0,6.0,35.0,125.0,275.0,473.0,4,769.0
6.0,25.0,356.0,398.0,421.0,531.0,4,759.0
6.0,25.0,50.0,297.0,372.0,398.0,4,531.0
6.0,25.0,50.0,74.0,297.0,372.0,4,398.0
6.0,25.0,50.0,74.0,372.0,398.0,4,421.0
6.0,25.0,74.0,356.0,398.0,421.0,4,759.0
6.0,25.0,74.0,356.0,421.0,696.0,4,759.0
6.0,25.0,356.0,398.0,421.0,531.0,4,759.0
6.0,25.0,50.0,297.0,421.0,531.0,4,759.0
6.0,25.0,74.0,297.0,356.0,372.0,4,398.0
6.0,15.0,484.0,659.0,860.0,960.0,4,1036.0
6.0,15.0,659.0,860.0,960.0,1013.0,4,1036.0
6.0,15.0,484.0,659.0,860.0,960.0,4,1036.0
6.0,15.0,229.0,659.0,802.0,860.0,4,1013.0
6.0,15.0,229.0,484.0,802.0,860.0,4,1036.0
6.0,15.0,484.0,659.0,860.0,960.0,4,1036.0
6.0,6.0,30.0,35.0,125.0,275.0,4,989.0
6.0,6.0,125.0,473.0,769.0,980.0,4,989.0
6.0,6.0,30.0,35.0,275.0,473.0,4,980.0
6.0,6.0,30.0,35.0,275.0,473.0,4,873.0
6.0,6.0,30.0,35.0,275.0,473.0,4,980.0
6.0,6.0,30.0,35.0,275.0,473.0,4,989.0
6.0,6.0,125.0,280.0,509.0,644.0,4,873.0
6.0,9.0,109.0,366.0,452.0,604.0,4,941.0
6.0,9.0,366.0,452.0,604.0,845.0,4,941.0
6.0,9.0,39.0,149.0,182.0,604.0,4,845.0
6.0,9.0,39.0,109.0,149.0,182.0,4,845.0
6.0,9.0,39.0,109.0,149.0,182.0,4,845.0
6.0,9.0,109.0,366.0,452.0,604.0,4,941.0
6.0,9.0,109.0,366.0,452.0,845.0,4,941.0
6.0,9.0,39.0,182.0,366.0,604.0,4,845.0
6.0,9.0,39.0,182.0,366.0,845.0,4,941.0
6.0,9.0,109.0,366.0,452.0,604.0,4,941.0
6.0,6.0,35.0,213.0,473.0,769.0,4,980.0
6.0,6.0,280.0,473.0,769.0,980.0,4,989.0
6.0,6.0,280.0,473.0,769.0,980.0,4,989.0
6.0,6.0,30.0,35.0,125.0,280.0,4,980.0
6.0,6.0,30.0,35.0,213.0,473.0,4,980.0
6.0,6.0,30.0,35.0,213.0,473.0,4,980.0
6.0,6.0,35.0,213.0,473.0,769.0,4,980.0
6.0,6.0,35.0,213.0,473.0,769.0,4,980.0
6.0,6.0,30.0,35.0,213.0,473.0,4,989.0
6.0,6.0,213.0,473.0,769.0,873.0,4,989.0
6.0,18.0,45.0,579.0,642.0,651.0,4,758.0
6.0,18.0,45.0,579.0,642.0,651.0,4,758.0
6.0,18.0,25.0,369.0,530.0,579.0,4,642.0
6.0,18.0,25.0,45.0,218.0,579.0,4,642.0
6.0,18.0,45.0,579.0,642.0,651.0,4,758.0
6.0,18.0,45.0,579.0,642.0,651.0,4,758.0
6.0,18.0,25.0,218.0,530.0,579.0,4,642.0
6.0,18.0,45.0,218.0,396.0,530.0,4,758.0
6.0,6.0,30.0,35.0,213.0,473.0,4,980.0
6.0,6.0,30.0,35.0,213.0,280.0,4,989.0
6.0,6.0,125.0,280.0,769.0,980.0,4,989.0
6.0,6.0,30.0,35.0,213.0,473.0,4,989.0
6.0,6.0,30.0,35.0,213.0,473.0,4,578.0
6.0,6.0,30.0,35.0,213.0,473.0,4,980.0
6.0,6.0,30.0,35.0,213.0,473.0,4,980.0
6.0,6.0,30.0,35.0,213.0,473.0,4,980.0
6.0,12.0,237.0,350.0,611.0,788.0,4,856.0
6.0,12.0,237.0,350.0,611.0,788.0,4,856.0
6.0,12.0,237.0,350.0,351.0,788.0,4,856.0
6.0,12.0,237.0,350.0,351.0,386.0,4,788.0
6.0,12.0,82.0,237.0,351.0,386.0,4,788.0
6.0,12.0,82.0,237.0,351.0,386.0,4,788.0
6.0,12.0,237.0,350.0,788.0,856.0,4,872.0
6.0,1.0,448.0,455.0,577.0,790.0,4,808.0
6.0,1.0,188.0,448.0,577.0,790.0,4,808.0
6.0,1.0,106.0,188.0,577.0,790.0,4,808.0
6.0,1.0,448.0,455.0,577.0,790.0,4,808.0
6.0,1.0,106.0,448.0,455.0,790.0,4,808.0
6.0,1.0,106.0,442.0,455.0,790.0,4,808.0
6.0,1.0,106.0,442.0,455.0,790.0,4,808.0
6.0,1.0,448.0,455.0,577.0,790.0,4,808.0
6.0,1.0,106.0,448.0,455.0,790.0,4,808.0
6.0,6.0,30.0,213.0,578.0,606.0,4,989.0
6.0,6.0,125.0,213.0,275.0,578.0,4,873.0
6.0,6.0,30.0,275.0,606.0,980.0,4,989.0
6.0,6.0,30.0,275.0,606.0,980.0,4,989.0
6.0,6.0,30.0,213.0,606.0,873.0,4,989.0
6.0,6.0,30.0,213.0,606.0,873.0,4,989.0
6.0,6.0,125.0,213.0,275.0,873.0,4,980.0
6.0,34.0,104.0,316.0,685.0,747.0,4,906.0
6.0,34.0,139.0,436.0,517.0,583.0,4,906.0
6.0,34.0,104.0,316.0,685.0,747.0,4,906.0
6.0,34.0,316.0,517.0,685.0,747.0,4,906.0
6.0,34.0,139.0,436.0,517.0,583.0,4,685.0
6.0,34.0,139.0,345.0,436.0,517.0,4,747.0
6.0,4.0,134.0,487.0,646.0,740.0,4,828.0
6.0,4.0,134.0,487.0,646.0,740.0,4,828.0
6.0,4.0,646.0,663.0,740.0,743.0,4,936.0
6.0,4.0,646.0,663.0,740.0,743.0,4,936.0
6.0,4.0,134.0,486.0,487.0,589.0,4,663.0
6.0,4.0,134.0,487.0,589.0,646.0,4,828.0
6.0,4.0,134.0,487.0,589.0,646.0,4,828.0
6.0,4.0,134.0,487.0,589.0,646.0,4,828.0
6.0,4.0,487.0,646.0,740.0,828.0,4,936.0
6.0,4.0,487.0,646.0,663.0,740.0,4,936.0
6.0,4.0,134.0,646.0,663.0,740.0,4,936.0
6.0,4.0,134.0,486.0,663.0,740.0,4,936.0
6.0,4.0,200.0,486.0,683.0,743.0,4,1007.0
6.0,6.0,30.0,275.0,606.0,980.0,4,989.0
6.0,6.0,30.0,213.0,606.0,644.0,4,989.0
6.0,6.0,30.0,213.0,606.0,644.0,4,989.0
6.0,6.0,275.0,769.0,900.0,980.0,4,989.0
6.0,6.0,275.0,606.0,900.0,980.0,4,989.0
6.0,6.0,30.0,275.0,606.0,980.0,4,989.0
6.0,6.0,30.0,213.0,606.0,644.0,4,980.0
6.0,6.0,30.0,213.0,606.0,644.0,4,980.0
6.0,6.0,275.0,606.0,900.0,980.0,4,989.0
6.0,9.0,109.0,366.0,452.0,604.0,4,845.0
6.0,9.0,109.0,366.0,452.0,604.0,4,845.0
6.0,9.0,39.0,149.0,588.0,845.0,4,1019.0
6.0,9.0,109.0,366.0,452.0,604.0,4,845.0
6.0,9.0,366.0,452.0,588.0,604.0,4,845.0
6.0,9.0,109.0,366.0,452.0,604.0,4,845.0
6.0,9.0,109.0,366.0,452.0,588.0,4,845.0
6.0,9.0,39.0,149.0,588.0,604.0,4,1019.0
6.0,9.0,109.0,149.0,366.0,604.0,4,845.0
6.0,6.0,30.0,275.0,606.0,980.0,4,989.0
6.0,6.0,30.0,125.0,606.0,644.0,4,684.0
6.0,6.0,125.0,606.0,644.0,684.0,4,900.0
6.0,6.0,125.0,644.0,684.0,900.0,4,1013.0
6.0,6.0,125.0,644.0,900.0,980.0,4,1013.0
6.0,6.0,275.0,900.0,980.0,989.0,4,1013.0
6.0,6.0,275.0,606.0,684.0,980.0,4,1013.0
6.0,6.0,30.0,275.0,606.0,684.0,4,980.0
6.0,6.0,30.0,275.0,606.0,980.0,4,989.0
6.0,6.0,30.0,606.0,644.0,900.0,4,989.0
6.0,6.0,30.0,606.0,644.0,900.0,4,989.0
6.0,6.0,125.0,644.0,684.0,900.0,4,1013.0
6.0,6.0,213.0,578.0,769.0,900.0,4,1013.0
6.0,6.0,30.0,275.0,606.0,980.0,4,989.0
6.0,6.0,125.0,606.0,644.0,684.0,4,900.0
6.0,6.0,125.0,644.0,684.0,900.0,4,1013.0
6.0,6.0,125.0,644.0,900.0,989.0,4,1013.0
6.0,6.0,275.0,606.0,980.0,989.0,4,1013.0
6.0,6.0,30.0,606.0,684.0,989.0,4,1013.0
6.0,6.0,30.0,606.0,644.0,684.0,4,1013.0
6.0,6.0,125.0,606.0,644.0,684.0,4,1013.0
6.0,6.0,275.0,606.0,980.0,989.0,4,1013.0
6.0,6.0,30.0,275.0,606.0,980.0,4,989.0
6.0,6.0,30.0,275.0,606.0,684.0,4,980.0
6.0,6.0,30.0,606.0,684.0,900.0,4,980.0
6.0,6.0,606.0,684.0,900.0,980.0,4,1013.0
6.0,6.0,606.0,684.0,900.0,980.0,4,1013.0
6.0,6.0,125.0,644.0,900.0,989.0,4,1013.0
6.0,6.0,30.0,275.0,606.0,980.0,4,989.0
6.0,6.0,30.0,275.0,606.0,980.0,4,989.0
6.0,6.0,30.0,606.0,644.0,684.0,4,1013.0
6.0,6.0,125.0,644.0,684.0,900.0,4,1013.0
6.0,6.0,125.0,606.0,980.0,989.0,4,1013.0
6.0,6.0,30.0,275.0,606.0,980.0,4,989.0
6.0,6.0,30.0,606.0,684.0,900.0,4,980.0
6.0,6.0,125.0,606.0,644.0,684.0,4,900.0
6.0,6.0,125.0,644.0,900.0,989.0,4,1013.0
6.0,6.0,275.0,606.0,980.0,989.0,4,1013.0
6.0,6.0,30.0,275.0,606.0,980.0,4,989.0
6.0,6.0,30.0,275.0,606.0,980.0,4,989.0
6.0,6.0,125.0,606.0,684.0,980.0,4,1013.0
6.0,6.0,125.0,644.0,684.0,900.0,4,1013.0
6.0,6.0,125.0,644.0,684.0,900.0,4,1013.0
6.0,6.0,125.0,606.0,644.0,684.0,4,1013.0
6.0,6.0,125.0,606.0,644.0,980.0,4,1013.0
6.0,6.0,275.0,606.0,644.0,980.0,4,1013.0
6.0,25.0,50.0,74.0,297.0,696.0,4,759.0
6.0,25.0,74.0,86.0,603.0,696.0,4,759.0
6.0,25.0,86.0,245.0,603.0,696.0,4,958.0
6.0,25.0,50.0,74.0,86.0,297.0,4,759.0
6.0,25.0,50.0,74.0,86.0,297.0,4,759.0
6.0,25.0,86.0,245.0,297.0,759.0,4,958.0
6.0,4.0,134.0,487.0,589.0,646.0,4,828.0
6.0,4.0,134.0,487.0,589.0,646.0,4,828.0
6.0,4.0,134.0,487.0,646.0,663.0,4,740.0
6.0,4.0,486.0,487.0,646.0,663.0,4,740.0
6.0,4.0,134.0,486.0,589.0,663.0,4,743.0
6.0,4.0,134.0,486.0,589.0,663.0,4,743.0
6.0,4.0,134.0,486.0,487.0,589.0,4,646.0
6.0,4.0,486.0,487.0,646.0,663.0,4,740.0
6.0,4.0,486.0,487.0,589.0,646.0,4,663.0
6.0,4.0,134.0,486.0,487.0,589.0,4,663.0
6.0,4.0,134.0,486.0,487.0,589.0,4,646.0
6.0,6.0,30.0,606.0,684.0,980.0,4,1013.0
6.0,6.0,125.0,275.0,606.0,980.0,4,989.0
6.0,6.0,30.0,606.0,644.0,684.0,4,1013.0
6.0,6.0,125.0,644.0,684.0,900.0,4,1013.0
6.0,6.0,125.0,606.0,644.0,684.0,4,1013.0
6.0,6.0,125.0,644.0,684.0,900.0,4,1013.0
6.0,6.0,125.0,644.0,684.0,900.0,4,1013.0
6.0,6.0,30.0,213.0,275.0,980.0,4,989.0
6.0,6.0,30.0,213.0,275.0,980.0,4,989.0
6.0,6.0,30.0,213.0,275.0,980.0,4,989.0
6.0,6.0,30.0,275.0,900.0,980.0,4,989.0
6.0,6.0,30.0,213.0,275.0,980.0,4,989.0
6.0,6.0,30.0,644.0,900.0,980.0,4,1013.0
6.0,6.0,30.0,213.0,644.0,980.0,4,1013.0
6.0,6.0,125.0,213.0,275.0,684.0,4,980.0
6.0,6.0,30.0,275.0,900.0,980.0,4,989.0
6.0,6.0,30.0,275.0,644.0,900.0,4,989.0
6.0,6.0,125.0,275.0,644.0,684.0,4,1013.0
6.0,6.0,125.0,213.0,684.0,980.0,4,1013.0
6.0,6.0,125.0,213.0,684.0,900.0,4,980.0
6.0,6.0,125.0,213.0,578.0,769.0,4,980.0
6.0,6.0,125.0,213.0,644.0,989.0,4,1013.0
6.0,6.0,125.0,213.0,644.0,989.0,4,1013.0
6.0,6.0,125.0,213.0,644.0,684.0,4,1013.0
6.0,6.0,30.0,125.0,684.0,900.0,4,1013.0
6.0,6.0,30.0,900.0,980.0,989.0,4,1013.0
6.0,6.0,125.0,165.0,213.0,644.0,4,684.0
6.0,6.0,125.0,165.0,213.0,644.0,4,684.0
6.0,6.0,30.0,900.0,980.0,989.0,4,1013.0
6.0,6.0,125.0,213.0,644.0,989.0,4,1013.0
6.0,6.0,125.0,213.0,644.0,989.0,4,1013.0
6.0,6.0,125.0,165.0,213.0,644.0,4,684.0
6.0,6.0,125.0,213.0,684.0,900.0,4,980.0
6.0,6.0,30.0,900.0,980.0,989.0,4,1013.0
6.0,6.0,125.0,213.0,644.0,900.0,4,989.0
6.0,1.0,106.0,455.0,517.0,901.0,4,945.0
6.0,1.0,106.0,455.0,517.0,901.0,4,945.0
6.0,1.0,169.0,455.0,463.0,517.0,4,945.0
6.0,1.0,78.0,169.0,188.0,463.0,4,945.0
6.0,1.0,106.0,169.0,455.0,517.0,4,945.0
6.0,1.0,78.0,455.0,463.0,517.0,4,901.0
6.0,1.0,106.0,455.0,463.0,517.0,4,945.0
6.0,6.0,30.0,578.0,606.0,900.0,4,980.0
6.0,6.0,125.0,578.0,606.0,900.0,4,980.0
6.0,6.0,125.0,578.0,684.0,900.0,4,1013.0
6.0,6.0,30.0,606.0,980.0,989.0,4,1013.0
6.0,6.0,30.0,606.0,980.0,989.0,4,1013.0
6.0,6.0,578.0,606.0,769.0,900.0,4,980.0
6.0,6.0,578.0,684.0,769.0,900.0,4,1013.0
6.0,6.0,578.0,684.0,769.0,900.0,4,1013.0
6.0,6.0,606.0,684.0,900.0,980.0,4,1013.0
6.0,12.0,237.0,350.0,611.0,788.0,4,856.0
6.0,12.0,237.0,350.0,351.0,386.0,4,611.0
6.0,12.0,194.0,350.0,386.0,872.0,4,986.0
6.0,12.0,194.0,350.0,461.0,872.0,4,986.0
6.0,12.0,237.0,350.0,461.0,611.0,4,788.0
6.0,6.0,30.0,606.0,980.0,989.0,4,1013.0
6.0,6.0,275.0,578.0,684.0,769.0,4,900.0
6.0,6.0,275.0,578.0,684.0,769.0,4,900.0
6.0,6.0,30.0,606.0,900.0,980.0,4,989.0
6.0,6.0,30.0,606.0,900.0,980.0,4,989.0
6.0,6.0,30.0,606.0,900.0,980.0,4,989.0
6.0,6.0,275.0,578.0,684.0,769.0,4,900.0
6.0,6.0,275.0,684.0,769.0,900.0,4,980.0
6.0,6.0,275.0,606.0,769.0,980.0,4,989.0
6.0,6.0,606.0,769.0,980.0,989.0,4,1013.0
6.0,26.0,204.0,333.0,536.0,914.0,4,948.0
6.0,26.0,204.0,333.0,536.0,914.0,4,948.0
6.0,26.0,72.0,285.0,333.0,548.0,4,914.0
6.0,26.0,72.0,285.0,333.0,548.0,4,914.0
6.0,26.0,333.0,536.0,548.0,914.0,4,948.0
6.0,26.0,204.0,333.0,536.0,914.0,4,948.0
6.0,26.0,204.0,333.0,536.0,914.0,4,948.0
6.0,26.0,285.0,536.0,548.0,914.0,4,948.0
6.0,18.0,45.0,110.0,260.0,642.0,4,758.0
6.0,18.0,45.0,110.0,260.0,642.0,4,758.0
6.0,18.0,25.0,150.0,218.0,369.0,4,396.0
6.0,18.0,45.0,110.0,260.0,642.0,4,758.0
6.0,18.0,45.0,150.0,260.0,369.0,4,396.0
6.0,18.0,25.0,150.0,260.0,369.0,4,396.0
6.0,18.0,25.0,150.0,260.0,369.0,4,396.0
6.0,18.0,25.0,150.0,218.0,369.0,4,642.0
6.0,18.0,45.0,110.0,260.0,642.0,4,758.0
6.0,18.0,45.0,150.0,260.0,642.0,4,758.0
6.0,18.0,45.0,150.0,260.0,369.0,4,642.0
6.0,18.0,25.0,150.0,218.0,369.0,4,651.0
6.0,18.0,25.0,150.0,218.0,369.0,4,651.0
6.0,18.0,25.0,45.0,218.0,642.0,4,758.0
6.0,4.0,134.0,487.0,589.0,646.0,4,828.0
6.0,4.0,646.0,663.0,740.0,743.0,4,936.0
6.0,4.0,487.0,646.0,663.0,740.0,4,936.0
6.0,4.0,134.0,486.0,487.0,740.0,4,828.0
6.0,4.0,134.0,487.0,646.0,663.0,4,683.0
6.0,4.0,487.0,646.0,663.0,683.0,4,936.0
6.0,18.0,25.0,45.0,218.0,633.0,4,642.0
6.0,18.0,25.0,218.0,633.0,651.0,4,1021.0
6.0,18.0,45.0,218.0,260.0,642.0,4,651.0
6.0,18.0,45.0,260.0,369.0,642.0,4,651.0
6.0,18.0,25.0,45.0,218.0,633.0,4,651.0
6.0,18.0,25.0,45.0,218.0,633.0,4,651.0
6.0,18.0,25.0,45.0,218.0,633.0,4,642.0
6.0,26.0,285.0,333.0,536.0,599.0,4,914.0
6.0,26.0,333.0,453.0,536.0,620.0,4,948.0
6.0,26.0,204.0,453.0,599.0,857.0,4,914.0
6.0,26.0,72.0,204.0,285.0,649.0,4,914.0
6.0,1.0,106.0,455.0,577.0,790.0,4,808.0
6.0,1.0,442.0,455.0,577.0,790.0,4,808.0
6.0,1.0,188.0,442.0,455.0,463.0,4,577.0
6.0,1.0,106.0,188.0,455.0,463.0,4,577.0
6.0,1.0,106.0,455.0,577.0,790.0,4,808.0
6.0,1.0,106.0,455.0,577.0,790.0,4,808.0
6.0,1.0,106.0,169.0,455.0,790.0,4,808.0
6.0,1.0,106.0,169.0,455.0,463.0,4,808.0
6.0,1.0,188.0,442.0,455.0,463.0,4,577.0
6.0,1.0,188.0,442.0,455.0,463.0,4,577.0
6.0,1.0,106.0,455.0,577.0,790.0,4,808.0
6.0,25.0,372.0,398.0,421.0,531.0,4,759.0
6.0,25.0,297.0,372.0,398.0,531.0,4,759.0
6.0,25.0,74.0,356.0,421.0,696.0,4,759.0
6.0,25.0,74.0,356.0,421.0,696.0,4,759.0
6.0,25.0,74.0,356.0,421.0,531.0,4,759.0
6.0,25.0,50.0,297.0,372.0,398.0,4,531.0
6.0,25.0,74.0,356.0,398.0,421.0,4,759.0
6.0,25.0,74.0,356.0,398.0,421.0,4,759.0
6.0,18.0,25.0,45.0,579.0,642.0,4,758.0
6.0,18.0,25.0,45.0,369.0,396.0,4,579.0
6.0,18.0,25.0,218.0,260.0,369.0,4,396.0
6.0,18.0,218.0,260.0,396.0,579.0,4,758.0
6.0,18.0,45.0,396.0,579.0,642.0,4,758.0
6.0,18.0,25.0,45.0,218.0,396.0,4,579.0
6.0,34.0,104.0,316.0,506.0,685.0,4,747.0
6.0,34.0,104.0,316.0,506.0,685.0,4,747.0
6.0,34.0,0.0,104.0,316.0,685.0,4,747.0
6.0,34.0,0.0,104.0,316.0,685.0,4,747.0
6.0,34.0,0.0,436.0,517.0,583.0,4,974.0
6.0,34.0,316.0,506.0,517.0,747.0,4,974.0
6.0,34.0,104.0,316.0,506.0,685.0,4,747.0
6.0,34.0,104.0,316.0,506.0,685.0,4,747.0
6.0,34.0,104.0,316.0,506.0,685.0,4,747.0
6.0,34.0,0.0,104.0,316.0,436.0,4,685.0
6.0,34.0,0.0,104.0,316.0,685.0,4,975.0
6.0,34.0,0.0,517.0,583.0,974.0,4,975.0
6.0,34.0,0.0,436.0,517.0,974.0,4,975.0
6.0,18.0,45.0,260.0,642.0,758.0,4,834.0
6.0,18.0,45.0,260.0,642.0,758.0,4,834.0
6.0,18.0,25.0,45.0,218.0,396.0,4,758.0
6.0,18.0,25.0,45.0,218.0,396.0,4,758.0
6.0,18.0,25.0,218.0,369.0,396.0,4,710.0
6.0,18.0,25.0,218.0,369.0,396.0,4,710.0
6.0,18.0,25.0,218.0,369.0,396.0,4,710.0
6.0,18.0,25.0,218.0,369.0,396.0,4,710.0
6.0,18.0,45.0,218.0,642.0,758.0,4,834.0
6.0,18.0,25.0,45.0,218.0,369.0,4,642.0
6.0,18.0,25.0,45.0,218.0,369.0,4,396.0
6.0,18.0,25.0,218.0,369.0,396.0,4,710.0
6.0,18.0,25.0,160.0,396.0,633.0,4,710.0
6.0,18.0,25.0,160.0,396.0,633.0,4,710.0
6.0,18.0,25.0,160.0,396.0,633.0,4,710.0
6.0,15.0,659.0,714.0,941.0,960.0,4,1036.0
6.0,15.0,76.0,229.0,484.0,659.0,4,714.0
6.0,15.0,76.0,229.0,802.0,965.0,4,1036.0
6.0,15.0,76.0,302.0,659.0,714.0,4,960.0
6.0,15.0,302.0,659.0,714.0,941.0,4,960.0
6.0,15.0,302.0,659.0,714.0,941.0,4,960.0
6.0,15.0,229.0,302.0,714.0,941.0,4,960.0
6.0,15.0,659.0,714.0,941.0,960.0,4,1036.0
6.0,15.0,76.0,484.0,659.0,714.0,4,1036.0
6.0,15.0,76.0,229.0,484.0,659.0,4,965.0
6.0,15.0,76.0,229.0,484.0,714.0,4,1036.0
6.0,15.0,76.0,484.0,659.0,714.0,4,1036.0
6.0,18.0,45.0,260.0,642.0,758.0,4,834.0
6.0,18.0,45.0,260.0,642.0,758.0,4,834.0
6.0,18.0,45.0,260.0,642.0,758.0,4,834.0
6.0,18.0,25.0,218.0,260.0,396.0,4,710.0
6.0,18.0,25.0,218.0,396.0,710.0,4,758.0
6.0,18.0,25.0,218.0,396.0,710.0,4,758.0
6.0,18.0,45.0,260.0,642.0,758.0,4,834.0
6.0,18.0,25.0,45.0,218.0,260.0,4,396.0
6.0,27.0,359.0,662.0,680.0,777.0,4,1015.0
6.0,27.0,359.0,477.0,680.0,702.0,4,1015.0
6.0,27.0,477.0,569.0,680.0,702.0,4,1015.0
6.0,27.0,477.0,569.0,668.0,680.0,4,1015.0
6.0,27.0,359.0,477.0,680.0,702.0,4,1015.0
6.0,27.0,569.0,662.0,680.0,702.0,4,1015.0
6.0,27.0,359.0,439.0,662.0,680.0,4,1015.0
6.0,18.0,25.0,160.0,218.0,396.0,4,834.0
6.0,18.0,25.0,160.0,218.0,396.0,4,642.0
6.0,18.0,25.0,160.0,218.0,396.0,4,642.0
6.0,18.0,160.0,260.0,642.0,710.0,4,834.0
6.0,18.0,260.0,369.0,642.0,710.0,4,834.0
6.0,18.0,25.0,218.0,260.0,396.0,4,834.0
6.0,18.0,25.0,218.0,260.0,396.0,4,834.0
6.0,18.0,218.0,260.0,396.0,642.0,4,834.0
6.0,12.0,237.0,350.0,611.0,788.0,4,856.0
6.0,12.0,237.0,350.0,611.0,788.0,4,856.0
6.0,12.0,350.0,771.0,856.0,872.0,4,986.0
6.0,12.0,194.0,237.0,386.0,771.0,4,872.0
6.0,12.0,237.0,350.0,611.0,788.0,4,856.0
6.0,12.0,237.0,350.0,611.0,788.0,4,856.0
6.0,12.0,194.0,237.0,386.0,611.0,4,788.0
6.0,12.0,194.0,386.0,771.0,788.0,4,986.0
6.0,12.0,350.0,771.0,788.0,856.0,4,986.0
6.0,12.0,237.0,350.0,611.0,771.0,4,856.0
6.0,18.0,260.0,642.0,710.0,758.0,4,834.0
6.0,18.0,25.0,260.0,369.0,396.0,4,710.0
6.0,18.0,45.0,218.0,396.0,758.0,4,834.0
6.0,18.0,45.0,260.0,642.0,758.0,4,834.0
6.0,18.0,45.0,260.0,369.0,642.0,4,834.0
6.0,18.0,160.0,260.0,642.0,710.0,4,834.0
6.0,18.0,218.0,260.0,642.0,710.0,4,834.0
6.0,18.0,25.0,45.0,218.0,758.0,4,834.0
6.0,18.0,218.0,260.0,642.0,758.0,4,834.0
6.0,15.0,484.0,659.0,714.0,802.0,4,1036.0
6.0,15.0,302.0,484.0,659.0,714.0,4,802.0
6.0,15.0,302.0,484.0,802.0,941.0,4,965.0
6.0,15.0,302.0,484.0,802.0,941.0,4,1036.0
6.0,15.0,659.0,714.0,941.0,960.0,4,1036.0
6.0,15.0,484.0,659.0,714.0,941.0,4,1036.0
6.0,15.0,484.0,659.0,714.0,941.0,4,1036.0
6.0,15.0,659.0,714.0,802.0,941.0,4,1036.0
6.0,27.0,271.0,359.0,638.0,668.0,4,702.0
6.0,27.0,359.0,375.0,668.0,777.0,4,897.0
6.0,27.0,359.0,638.0,680.0,777.0,4,1015.0
6.0,27.0,359.0,638.0,680.0,777.0,4,1015.0
6.0,27.0,359.0,569.0,638.0,680.0,4,777.0
6.0,27.0,359.0,638.0,668.0,777.0,4,897.0
6.0,27.0,271.0,375.0,569.0,668.0,4,897.0
6.0,18.0,25.0,150.0,218.0,369.0,4,396.0
6.0,18.0,45.0,260.0,642.0,758.0,4,834.0
6.0,18.0,45.0,260.0,642.0,758.0,4,834.0
6.0,18.0,150.0,218.0,260.0,758.0,4,834.0
6.0,18.0,150.0,218.0,260.0,396.0,4,758.0
6.0,18.0,25.0,150.0,218.0,260.0,4,396.0
6.0,18.0,25.0,150.0,218.0,260.0,4,396.0
6.0,18.0,45.0,260.0,642.0,758.0,4,834.0
6.0,9.0,109.0,366.0,452.0,524.0,4,604.0
6.0,9.0,149.0,510.0,524.0,587.0,4,845.0
6.0,9.0,149.0,452.0,524.0,604.0,4,845.0
6.0,9.0,109.0,366.0,452.0,524.0,4,604.0
6.0,9.0,510.0,587.0,588.0,604.0,4,1001.0
6.0,18.0,45.0,260.0,369.0,642.0,4,834.0
6.0,18.0,45.0,260.0,369.0,642.0,4,834.0
6.0,18.0,45.0,150.0,218.0,260.0,4,834.0
6.0,18.0,25.0,150.0,160.0,218.0,4,396.0
6.0,18.0,150.0,260.0,369.0,396.0,4,834.0
6.0,18.0,45.0,260.0,369.0,642.0,4,834.0
6.0,18.0,45.0,260.0,369.0,642.0,4,834.0
6.0,18.0,150.0,260.0,642.0,758.0,4,834.0
6.0,18.0,150.0,218.0,260.0,396.0,4,834.0
6.0,18.0,25.0,45.0,396.0,758.0,4,834.0
6.0,18.0,25.0,45.0,396.0,758.0,4,834.0
6.0,18.0,25.0,45.0,396.0,758.0,4,834.0
6.0,18.0,25.0,45.0,218.0,396.0,4,758.0
6.0,18.0,25.0,150.0,218.0,260.0,4,396.0
6.0,18.0,45.0,260.0,642.0,758.0,4,834.0
6.0,18.0,25.0,150.0,218.0,369.0,4,396.0
6.0,18.0,45.0,218.0,369.0,396.0,4,834.0
6.0,18.0,45.0,218.0,396.0,758.0,4,834.0
6.0,18.0,45.0,218.0,642.0,758.0,4,834.0
6.0,18.0,45.0,150.0,218.0,396.0,4,758.0
6.0,18.0,45.0,150.0,218.0,396.0,4,758.0
6.0,18.0,25.0,150.0,260.0,369.0,4,396.0
6.0,18.0,25.0,150.0,260.0,369.0,4,396.0
6.0,18.0,25.0,150.0,218.0,369.0,4,396.0
6.0,18.0,150.0,218.0,369.0,396.0,4,834.0
6.0,18.0,45.0,260.0,369.0,642.0,4,834.0
6.0,18.0,45.0,260.0,369.0,642.0,4,834.0
6.0,18.0,45.0,260.0,369.0,642.0,4,834.0
6.0,18.0,150.0,218.0,369.0,396.0,4,642.0
6.0,18.0,45.0,150.0,218.0,396.0,4,642.0
6.0,18.0,45.0,218.0,369.0,396.0,4,834.0
6.0,34.0,436.0,437.0,517.0,583.0,4,685.0
6.0,34.0,436.0,437.0,517.0,583.0,4,685.0
6.0,34.0,0.0,436.0,517.0,685.0,4,975.0
6.0,34.0,0.0,104.0,316.0,974.0,4,975.0
6.0,34.0,0.0,436.0,517.0,583.0,4,685.0
6.0,34.0,0.0,436.0,517.0,583.0,4,685.0
6.0,34.0,104.0,437.0,583.0,685.0,4,975.0
6.0,34.0,104.0,139.0,437.0,583.0,4,975.0
6.0,34.0,139.0,437.0,517.0,583.0,4,975.0
6.0,1.0,188.0,442.0,577.0,790.0,4,808.0
6.0,1.0,106.0,442.0,455.0,463.0,4,808.0
6.0,1.0,106.0,188.0,442.0,790.0,4,808.0
6.0,1.0,442.0,455.0,577.0,790.0,4,808.0
6.0,1.0,106.0,188.0,442.0,790.0,4,808.0
6.0,1.0,106.0,442.0,455.0,790.0,4,808.0
6.0,1.0,455.0,463.0,577.0,624.0,4,790.0
6.0,1.0,106.0,169.0,455.0,463.0,4,808.0
6.0,1.0,106.0,188.0,442.0,790.0,4,808.0
6.0,1.0,188.0,455.0,577.0,790.0,4,808.0
6.0,1.0,188.0,455.0,577.0,790.0,4,808.0
6.0,1.0,188.0,442.0,577.0,790.0,4,808.0
6.0,1.0,106.0,169.0,455.0,463.0,4,808.0
6.0,1.0,106.0,169.0,455.0,463.0,4,808.0
6.0,1.0,106.0,455.0,463.0,577.0,4,808.0
6.0,1.0,106.0,455.0,577.0,790.0,4,808.0
6.0,1.0,455.0,463.0,577.0,790.0,4,808.0
6.0,1.0,455.0,577.0,624.0,790.0,4,808.0
6.0,4.0,134.0,487.0,646.0,740.0,4,828.0
6.0,4.0,646.0,663.0,683.0,743.0,4,936.0
6.0,4.0,134.0,486.0,487.0,646.0,4,740.0
6.0,4.0,487.0,646.0,663.0,683.0,4,936.0
6.0,4.0,486.0,487.0,663.0,683.0,4,936.0
6.0,9.0,366.0,452.0,604.0,941.0,4,1019.0
6.0,9.0,366.0,452.0,845.0,941.0,4,1019.0
6.0,9.0,182.0,366.0,452.0,845.0,4,1019.0
6.0,9.0,39.0,109.0,182.0,510.0,4,604.0
6.0,9.0,109.0,366.0,452.0,845.0,4,941.0
6.0,9.0,109.0,366.0,452.0,604.0,4,941.0
6.0,9.0,109.0,366.0,452.0,845.0,4,941.0
6.0,9.0,39.0,452.0,845.0,941.0,4,1019.0
6.0,9.0,39.0,182.0,452.0,845.0,4,1019.0
6.0,9.0,39.0,182.0,366.0,604.0,4,845.0
6.0,9.0,109.0,366.0,604.0,845.0,4,941.0
6.0,9.0,366.0,604.0,845.0,941.0,4,1019.0
6.0,9.0,39.0,76.0,587.0,604.0,4,1019.0
6.0,25.0,50.0,74.0,372.0,421.0,4,531.0
6.0,25.0,74.0,297.0,356.0,372.0,4,398.0
6.0,25.0,74.0,356.0,421.0,696.0,4,759.0
6.0,25.0,74.0,356.0,372.0,421.0,4,531.0
6.0,25.0,74.0,356.0,372.0,421.0,4,531.0
6.0,25.0,50.0,74.0,297.0,372.0,4,398.0
6.0,25.0,74.0,356.0,398.0,421.0,4,531.0
6.0,25.0,74.0,356.0,398.0,421.0,4,531.0
6.0,26.0,333.0,453.0,536.0,620.0,4,948.0
6.0,26.0,72.0,333.0,453.0,536.0,4,948.0
6.0,26.0,72.0,204.0,285.0,333.0,4,914.0
6.0,26.0,72.0,204.0,285.0,333.0,4,914.0
6.0,26.0,285.0,453.0,536.0,620.0,4,948.0
6.0,26.0,333.0,453.0,536.0,914.0,4,948.0
6.0,26.0,204.0,453.0,536.0,914.0,4,948.0
6.0,26.0,333.0,453.0,536.0,620.0,4,948.0
6.0,26.0,333.0,453.0,536.0,914.0,4,948.0
6.0,1.0,106.0,455.0,577.0,790.0,4,808.0
6.0,1.0,106.0,169.0,455.0,790.0,4,808.0
6.0,1.0,169.0,188.0,442.0,463.0,4,790.0
6.0,1.0,169.0,188.0,442.0,463.0,4,790.0
6.0,1.0,169.0,188.0,442.0,463.0,4,624.0
6.0,1.0,188.0,442.0,463.0,577.0,4,808.0
6.0,1.0,188.0,442.0,463.0,577.0,4,808.0
6.0,1.0,106.0,169.0,455.0,790.0,4,808.0
6.0,1.0,106.0,169.0,455.0,790.0,4,808.0
6.0,1.0,188.0,442.0,463.0,577.0,4,808.0
6.0,1.0,106.0,188.0,442.0,463.0,4,808.0
6.0,1.0,106.0,442.0,463.0,790.0,4,808.0
6.0,4.0,134.0,487.0,589.0,646.0,4,663.0
6.0,4.0,134.0,487.0,589.0,646.0,4,663.0
6.0,4.0,486.0,487.0,683.0,740.0,4,936.0
6.0,4.0,134.0,486.0,646.0,740.0,4,936.0
6.0,4.0,134.0,486.0,646.0,740.0,4,936.0
6.0,4.0,487.0,589.0,646.0,663.0,4,936.0
6.0,4.0,487.0,646.0,663.0,740.0,4,936.0
6.0,4.0,486.0,487.0,663.0,740.0,4,936.0
6.0,4.0,134.0,646.0,663.0,740.0,4,936.0
6.0,1.0,106.0,448.0,455.0,790.0,4,808.0
6.0,1.0,106.0,442.0,455.0,463.0,4,808.0
6.0,1.0,106.0,188.0,442.0,455.0,4,463.0
6.0,1.0,106.0,442.0,455.0,463.0,4,808.0
6.0,1.0,106.0,188.0,442.0,455.0,4,463.0
6.0,1.0,188.0,442.0,577.0,790.0,4,808.0
6.0,1.0,442.0,455.0,577.0,790.0,4,808.0
6.0,1.0,442.0,455.0,577.0,790.0,4,808.0
6.0,1.0,442.0,448.0,455.0,463.0,4,808.0
6.0,1.0,442.0,448.0,455.0,463.0,4,808.0
6.0,1.0,188.0,442.0,577.0,790.0,4,808.0
6.0,1.0,188.0,442.0,577.0,790.0,4,808.0
6.0,1.0,188.0,442.0,448.0,790.0,4,808.0
6.0,1.0,78.0,442.0,448.0,790.0,4,808.0
6.0,1.0,78.0,106.0,577.0,790.0,4,808.0
6.0,1.0,78.0,106.0,448.0,790.0,4,808.0
6.0,1.0,78.0,106.0,448.0,790.0,4,808.0
6.0,1.0,188.0,442.0,448.0,463.0,4,808.0
6.0,1.0,188.0,442.0,455.0,463.0,4,577.0
6.0,1.0,188.0,442.0,455.0,577.0,4,790.0
6.0,1.0,106.0,188.0,442.0,455.0,4,790.0
6.0,1.0,106.0,188.0,442.0,455.0,4,463.0
6.0,1.0,106.0,188.0,447.0,463.0,4,624.0
6.0,1.0,106.0,442.0,455.0,790.0,4,808.0
6.0,1.0,106.0,188.0,442.0,455.0,4,463.0
6.0,1.0,188.0,442.0,455.0,463.0,4,577.0
6.0,1.0,78.0,442.0,463.0,577.0,4,808.0
6.0,1.0,106.0,455.0,577.0,790.0,4,808.0
6.0,1.0,188.0,442.0,448.0,455.0,4,463.0
6.0,1.0,188.0,442.0,455.0,463.0,4,577.0
6.0,1.0,106.0,188.0,442.0,455.0,4,463.0
6.0,1.0,442.0,455.0,577.0,790.0,4,808.0
6.0,1.0,78.0,106.0,577.0,790.0,4,808.0
6.0,1.0,78.0,106.0,442.0,790.0,4,808.0
6.0,1.0,448.0,455.0,463.0,790.0,4,808.0
6.0,1.0,188.0,448.0,455.0,463.0,4,577.0
6.0,1.0,78.0,188.0,463.0,577.0,4,790.0
6.0,1.0,78.0,448.0,463.0,790.0,4,808.0
6.0,1.0,78.0,106.0,577.0,790.0,4,808.0
6.0,1.0,442.0,455.0,463.0,790.0,4,808.0
6.0,1.0,188.0,442.0,463.0,577.0,4,808.0
6.0,1.0,78.0,463.0,577.0,790.0,4,808.0
6.0,1.0,78.0,106.0,577.0,790.0,4,808.0
6.0,1.0,78.0,106.0,442.0,790.0,4,808.0
6.0,1.0,106.0,188.0,442.0,455.0,4,463.0
6.0,1.0,78.0,106.0,448.0,790.0,4,808.0
6.0,1.0,106.0,442.0,455.0,790.0,4,808.0
6.0,1.0,106.0,455.0,463.0,790.0,4,808.0
6.0,1.0,106.0,455.0,463.0,790.0,4,808.0
6.0,1.0,188.0,455.0,463.0,577.0,4,790.0
6.0,1.0,106.0,188.0,455.0,463.0,4,577.0
6.0,1.0,455.0,577.0,624.0,790.0,4,808.0
6.0,1.0,106.0,188.0,577.0,790.0,4,808.0
6.0,1.0,106.0,188.0,442.0,790.0,4,808.0
6.0,1.0,106.0,188.0,442.0,463.0,4,808.0
6.0,1.0,188.0,442.0,448.0,455.0,4,463.0
6.0,1.0,106.0,455.0,577.0,790.0,4,808.0
6.0,1.0,106.0,442.0,624.0,790.0,4,808.0
6.0,1.0,106.0,442.0,624.0,790.0,4,808.0
6.0,1.0,106.0,577.0,624.0,790.0,4,808.0
6.0,1.0,188.0,442.0,455.0,463.0,4,577.0
6.0,1.0,442.0,455.0,463.0,577.0,4,808.0
6.0,1.0,442.0,455.0,463.0,577.0,4,808.0
6.0,1.0,442.0,455.0,577.0,790.0,4,808.0
6.0,9.0,109.0,366.0,452.0,604.0,4,941.0
6.0,9.0,109.0,366.0,452.0,604.0,4,941.0
6.0,9.0,109.0,366.0,452.0,604.0,4,941.0
6.0,9.0,109.0,366.0,452.0,845.0,4,941.0
6.0,9.0,39.0,109.0,366.0,845.0,4,941.0
6.0,9.0,39.0,149.0,845.0,941.0,4,1019.0
6.0,9.0,39.0,76.0,149.0,845.0,4,1019.0
6.0,9.0,109.0,366.0,452.0,604.0,4,941.0
6.0,9.0,109.0,366.0,452.0,604.0,4,941.0
6.0,9.0,39.0,366.0,845.0,941.0,4,1019.0
6.0,9.0,39.0,366.0,604.0,845.0,4,1019.0
6.0,9.0,366.0,604.0,845.0,941.0,4,1019.0
6.0,9.0,109.0,366.0,604.0,941.0,4,1019.0
6.0,1.0,78.0,106.0,188.0,448.0,4,790.0
6.0,1.0,448.0,455.0,463.0,624.0,4,790.0
6.0,1.0,188.0,448.0,455.0,463.0,4,624.0
6.0,1.0,169.0,188.0,455.0,463.0,4,624.0
6.0,1.0,78.0,106.0,455.0,577.0,4,790.0
6.0,1.0,78.0,106.0,188.0,463.0,4,790.0
6.0,1.0,78.0,106.0,188.0,448.0,4,790.0
6.0,1.0,448.0,455.0,463.0,624.0,4,790.0
6.0,1.0,448.0,455.0,463.0,624.0,4,790.0
6.0,1.0,448.0,455.0,463.0,624.0,4,790.0
6.0,1.0,188.0,455.0,463.0,577.0,4,624.0
6.0,1.0,188.0,455.0,463.0,577.0,4,624.0
6.0,1.0,188.0,334.0,455.0,463.0,4,624.0
6.0,1.0,78.0,106.0,188.0,577.0,4,790.0
6.0,1.0,78.0,106.0,448.0,463.0,4,790.0
6.0,1.0,78.0,106.0,188.0,448.0,4,790.0
6.0,1.0,78.0,106.0,188.0,577.0,4,790.0
6.0,1.0,106.0,448.0,455.0,463.0,4,790.0
6.0,1.0,78.0,106.0,455.0,463.0,4,577.0
6.0,1.0,78.0,106.0,455.0,463.0,4,577.0
6.0,1.0,78.0,106.0,455.0,463.0,4,577.0
6.0,1.0,78.0,106.0,455.0,463.0,4,790.0
6.0,27.0,359.0,638.0,680.0,777.0,4,1015.0
6.0,27.0,359.0,477.0,702.0,777.0,4,1015.0
6.0,27.0,359.0,439.0,477.0,569.0,4,702.0
6.0,27.0,359.0,439.0,638.0,662.0,4,777.0
6.0,27.0,359.0,439.0,662.0,680.0,4,777.0
6.0,27.0,359.0,439.0,662.0,680.0,4,777.0
6.0,26.0,333.0,536.0,857.0,914.0,4,948.0
6.0,26.0,72.0,204.0,285.0,333.0,4,948.0
6.0,26.0,333.0,536.0,857.0,914.0,4,948.0
6.0,26.0,72.0,285.0,333.0,536.0,4,948.0
6.0,26.0,72.0,204.0,285.0,536.0,4,948.0
6.0,26.0,285.0,333.0,536.0,857.0,4,914.0
6.0,26.0,333.0,536.0,857.0,914.0,4,948.0
6.0,12.0,237.0,350.0,611.0,788.0,4,856.0
6.0,12.0,237.0,350.0,611.0,788.0,4,856.0
6.0,12.0,237.0,350.0,386.0,771.0,4,788.0
6.0,12.0,194.0,771.0,856.0,872.0,4,986.0
6.0,12.0,237.0,350.0,611.0,788.0,4,856.0
6.0,12.0,237.0,350.0,611.0,788.0,4,856.0
6.0,12.0,237.0,350.0,611.0,788.0,4,856.0
6.0,1.0,78.0,106.0,188.0,463.0,4,790.0
6.0,1.0,169.0,198.0,455.0,463.0,4,517.0
6.0,1.0,169.0,455.0,517.0,901.0,4,945.0
6.0,1.0,169.0,455.0,517.0,901.0,4,945.0
6.0,1.0,78.0,106.0,188.0,463.0,4,790.0
6.0,1.0,78.0,106.0,188.0,463.0,4,790.0
6.0,1.0,78.0,106.0,188.0,463.0,4,790.0
6.0,1.0,106.0,169.0,188.0,455.0,4,463.0
6.0,1.0,169.0,188.0,455.0,463.0,4,901.0
6.0,1.0,169.0,455.0,517.0,901.0,4,945.0
6.0,1.0,106.0,169.0,188.0,455.0,4,517.0
6.0,15.0,229.0,302.0,714.0,941.0,4,960.0
6.0,15.0,229.0,484.0,802.0,960.0,4,1036.0
6.0,15.0,229.0,302.0,484.0,802.0,4,960.0
6.0,15.0,229.0,302.0,484.0,714.0,4,960.0
6.0,15.0,229.0,302.0,484.0,714.0,4,960.0
6.0,15.0,484.0,714.0,941.0,960.0,4,1036.0
6.0,15.0,229.0,484.0,714.0,960.0,4,1036.0
6.0,15.0,229.0,484.0,802.0,941.0,4,960.0
6.0,15.0,302.0,714.0,802.0,941.0,4,960.0
6.0,1.0,78.0,106.0,463.0,790.0,4,901.0
6.0,1.0,78.0,106.0,188.0,790.0,4,901.0
6.0,1.0,188.0,455.0,463.0,901.0,4,945.0
6.0,1.0,455.0,463.0,517.0,901.0,4,945.0
6.0,1.0,106.0,455.0,463.0,517.0,4,945.0
6.0,1.0,78.0,106.0,169.0,463.0,4,517.0
6.0,1.0,78.0,106.0,169.0,463.0,4,790.0
6.0,1.0,169.0,188.0,455.0,463.0,4,945.0
6.0,1.0,78.0,106.0,455.0,790.0,4,901.0
6.0,1.0,106.0,188.0,455.0,790.0,4,901.0
6.0,1.0,169.0,188.0,455.0,517.0,4,577.0
6.0,1.0,78.0,106.0,169.0,463.0,4,790.0
6.0,1.0,78.0,106.0,463.0,577.0,4,790.0
6.0,1.0,78.0,106.0,455.0,790.0,4,901.0
6.0,1.0,78.0,106.0,455.0,790.0,4,901.0
6.0,1.0,106.0,188.0,455.0,790.0,4,901.0
6.0,1.0,78.0,106.0,463.0,577.0,4,790.0
6.0,25.0,50.0,86.0,297.0,759.0,4,958.0
6.0,25.0,50.0,86.0,297.0,603.0,4,958.0
6.0,25.0,86.0,603.0,696.0,759.0,4,958.0
6.0,25.0,50.0,86.0,286.0,759.0,4,958.0
6.0,25.0,50.0,245.0,286.0,297.0,4,696.0
6.0,27.0,477.0,680.0,886.0,897.0,4,1015.0
6.0,27.0,477.0,638.0,886.0,897.0,4,1015.0
6.0,27.0,359.0,439.0,638.0,662.0,4,897.0
6.0,27.0,359.0,439.0,638.0,662.0,4,702.0
6.0,27.0,359.0,439.0,638.0,662.0,4,702.0
6.0,27.0,477.0,680.0,777.0,886.0,4,897.0
6.0,27.0,359.0,638.0,662.0,702.0,4,897.0
6.0,25.0,74.0,297.0,398.0,531.0,4,759.0
6.0,25.0,74.0,245.0,297.0,356.0,4,759.0
6.0,25.0,74.0,297.0,356.0,398.0,4,759.0
6.0,25.0,74.0,297.0,356.0,398.0,4,759.0
6.0,25.0,297.0,356.0,398.0,531.0,4,759.0
6.0,25.0,50.0,297.0,398.0,531.0,4,759.0
6.0,25.0,50.0,297.0,398.0,531.0,4,759.0
6.0,25.0,74.0,297.0,356.0,398.0,4,759.0
6.0,25.0,74.0,297.0,356.0,398.0,4,759.0
6.0,27.0,359.0,439.0,662.0,680.0,4,702.0
6.0,27.0,638.0,680.0,777.0,886.0,4,897.0
6.0,27.0,439.0,638.0,662.0,702.0,4,886.0
6.0,27.0,439.0,638.0,662.0,702.0,4,886.0
6.0,27.0,359.0,439.0,638.0,662.0,4,702.0
6.0,27.0,638.0,680.0,777.0,886.0,4,897.0
6.0,27.0,638.0,680.0,777.0,886.0,4,897.0
6.0,27.0,638.0,680.0,777.0,886.0,4,897.0
6.0,27.0,638.0,662.0,777.0,886.0,4,897.0
6.0,27.0,359.0,439.0,662.0,680.0,4,897.0
6.0,27.0,439.0,477.0,638.0,777.0,4,886.0
6.0,27.0,359.0,477.0,680.0,777.0,4,897.0
6.0,27.0,359.0,477.0,680.0,777.0,4,897.0
6.0,27.0,439.0,477.0,638.0,777.0,4,886.0
6.0,27.0,439.0,477.0,638.0,777.0,4,886.0
6.0,27.0,439.0,477.0,638.0,777.0,4,886.0
6.0,26.0,333.0,453.0,536.0,620.0,4,948.0
6.0,26.0,333.0,453.0,620.0,649.0,4,914.0
6.0,26.0,285.0,333.0,536.0,914.0,4,948.0
6.0,26.0,285.0,453.0,536.0,914.0,4,948.0
6.0,26.0,285.0,453.0,536.0,599.0,4,948.0
6.0,26.0,333.0,536.0,620.0,753.0,4,948.0
6.0,26.0,333.0,453.0,536.0,620.0,4,948.0
6.0,9.0,109.0,366.0,452.0,604.0,4,941.0
6.0,9.0,39.0,149.0,182.0,604.0,4,845.0
6.0,9.0,39.0,149.0,182.0,845.0,4,941.0
6.0,9.0,149.0,182.0,366.0,845.0,4,941.0
6.0,9.0,182.0,366.0,452.0,845.0,4,941.0
6.0,9.0,109.0,366.0,452.0,604.0,4,941.0
6.0,9.0,366.0,452.0,604.0,845.0,4,941.0
6.0,9.0,366.0,452.0,604.0,845.0,4,941.0
6.0,9.0,39.0,182.0,366.0,604.0,4,845.0
6.0,9.0,39.0,109.0,149.0,845.0,4,941.0
6.0,9.0,39.0,109.0,149.0,845.0,4,941.0
6.0,9.0,39.0,76.0,109.0,149.0,4,1019.0
6.0,9.0,39.0,76.0,109.0,149.0,4,1019.0
6.0,15.0,659.0,714.0,802.0,1013.0,4,1036.0
6.0,15.0,659.0,714.0,802.0,860.0,4,1036.0
6.0,15.0,659.0,714.0,802.0,860.0,4,1036.0
6.0,15.0,229.0,659.0,714.0,860.0,4,1013.0
6.0,15.0,229.0,484.0,659.0,860.0,4,1013.0
6.0,15.0,229.0,484.0,802.0,1013.0,4,1036.0
6.0,15.0,229.0,484.0,802.0,1013.0,4,1036.0
6.0,15.0,659.0,714.0,802.0,860.0,4,1036.0
6.0,27.0,439.0,662.0,680.0,886.0,4,897.0
6.0,27.0,439.0,662.0,680.0,886.0,4,897.0
6.0,27.0,439.0,638.0,662.0,702.0,4,886.0
6.0,27.0,439.0,662.0,680.0,886.0,4,897.0
6.0,27.0,439.0,662.0,680.0,886.0,4,897.0
6.0,27.0,439.0,477.0,680.0,886.0,4,897.0
6.0,27.0,439.0,662.0,680.0,886.0,4,897.0
6.0,27.0,359.0,439.0,662.0,702.0,4,897.0
6.0,27.0,359.0,439.0,662.0,702.0,4,897.0
6.0,27.0,359.0,439.0,662.0,702.0,4,777.0
6.0,27.0,439.0,477.0,680.0,777.0,4,886.0
6.0,27.0,359.0,439.0,662.0,680.0,4,897.0
6.0,27.0,359.0,439.0,662.0,680.0,4,897.0
6.0,27.0,359.0,439.0,638.0,662.0,4,897.0
6.0,27.0,359.0,439.0,662.0,680.0,4,897.0
6.0,27.0,439.0,477.0,680.0,886.0,4,897.0
6.0,27.0,359.0,439.0,638.0,662.0,4,897.0
6.0,27.0,359.0,439.0,638.0,662.0,4,897.0
6.0,27.0,477.0,680.0,702.0,777.0,4,886.0
6.0,27.0,477.0,680.0,702.0,777.0,4,886.0
6.0,27.0,477.0,680.0,702.0,777.0,4,886.0
6.0,27.0,477.0,638.0,702.0,777.0,4,886.0
6.0,27.0,638.0,662.0,702.0,777.0,4,886.0
6.0,27.0,662.0,680.0,702.0,777.0,4,886.0
6.0,27.0,662.0,680.0,702.0,777.0,4,886.0
6.0,27.0,359.0,439.0,638.0,662.0,4,897.0
6.0,27.0,359.0,439.0,638.0,662.0,4,897.0
6.0,27.0,359.0,439.0,638.0,662.0,4,897.0
6.0,27.0,359.0,439.0,638.0,662.0,4,897.0
6.0,12.0,194.0,237.0,611.0,788.0,4,856.0
6.0,12.0,194.0,351.0,611.0,856.0,4,986.0
6.0,12.0,194.0,351.0,386.0,611.0,4,986.0
6.0,12.0,194.0,351.0,386.0,788.0,4,986.0
6.0,12.0,237.0,350.0,351.0,386.0,4,788.0
6.0,12.0,237.0,350.0,611.0,788.0,4,856.0
6.0,12.0,237.0,350.0,611.0,788.0,4,856.0
6.0,12.0,350.0,351.0,386.0,788.0,4,986.0
6.0,12.0,237.0,350.0,611.0,788.0,4,856.0
6.0,27.0,359.0,439.0,638.0,662.0,4,777.0
6.0,27.0,359.0,439.0,638.0,662.0,4,777.0
6.0,27.0,359.0,439.0,662.0,680.0,4,897.0
6.0,27.0,359.0,439.0,638.0,662.0,4,777.0
6.0,27.0,359.0,439.0,638.0,662.0,4,897.0
6.0,27.0,359.0,477.0,680.0,777.0,4,897.0
6.0,27.0,359.0,662.0,680.0,777.0,4,897.0
6.0,27.0,477.0,680.0,886.0,897.0,4,1015.0
6.0,27.0,477.0,680.0,886.0,897.0,4,1015.0
6.0,27.0,359.0,439.0,662.0,680.0,4,777.0
6.0,27.0,359.0,477.0,680.0,777.0,4,897.0
6.0,27.0,359.0,638.0,662.0,777.0,4,897.0
6.0,4.0,134.0,487.0,589.0,646.0,4,828.0
6.0,4.0,134.0,487.0,646.0,740.0,4,828.0
6.0,4.0,646.0,663.0,740.0,743.0,4,936.0
6.0,4.0,486.0,663.0,740.0,743.0,4,936.0
6.0,4.0,134.0,486.0,487.0,589.0,4,646.0
6.0,4.0,486.0,487.0,646.0,740.0,4,936.0
6.0,15.0,229.0,484.0,714.0,941.0,4,1036.0
6.0,15.0,229.0,484.0,714.0,941.0,4,1036.0
6.0,15.0,76.0,484.0,659.0,960.0,4,1036.0
6.0,15.0,484.0,659.0,714.0,960.0,4,1036.0
6.0,15.0,302.0,484.0,714.0,941.0,4,1036.0
6.0,15.0,229.0,714.0,941.0,960.0,4,1036.0
6.0,15.0,659.0,714.0,941.0,960.0,4,1036.0
6.0,15.0,229.0,484.0,714.0,941.0,4,1036.0
6.0,15.0,160.0,229.0,484.0,659.0,4,960.0
6.0,15.0,76.0,302.0,484.0,659.0,4,960.0
6.0,34.0,316.0,345.0,506.0,685.0,4,747.0
6.0,34.0,316.0,345.0,506.0,685.0,4,747.0
6.0,34.0,104.0,316.0,506.0,685.0,4,975.0
6.0,34.0,104.0,316.0,345.0,685.0,4,975.0
6.0,34.0,104.0,139.0,345.0,583.0,4,975.0
6.0,34.0,139.0,345.0,583.0,685.0,4,747.0
6.0,34.0,104.0,316.0,506.0,685.0,4,747.0
6.0,34.0,104.0,139.0,316.0,345.0,4,747.0
6.0,34.0,316.0,345.0,506.0,685.0,4,747.0
6.0,34.0,316.0,345.0,506.0,685.0,4,747.0
6.0,34.0,316.0,345.0,506.0,685.0,4,975.0
6.0,34.0,104.0,506.0,583.0,685.0,4,975.0
6.0,34.0,104.0,345.0,583.0,685.0,4,975.0
6.0,34.0,104.0,345.0,583.0,685.0,4,975.0
6.0,34.0,139.0,345.0,506.0,583.0,4,975.0
6.0,34.0,139.0,345.0,506.0,583.0,4,975.0
6.0,27.0,359.0,477.0,680.0,777.0,4,1015.0
6.0,27.0,359.0,375.0,680.0,777.0,4,1015.0
6.0,27.0,359.0,375.0,638.0,777.0,4,1015.0
6.0,27.0,359.0,477.0,638.0,777.0,4,1015.0
6.0,27.0,359.0,477.0,638.0,777.0,4,1015.0
6.0,27.0,359.0,375.0,439.0,638.0,4,897.0
6.0,27.0,359.0,439.0,477.0,702.0,4,777.0
6.0,27.0,375.0,439.0,569.0,668.0,4,702.0
6.0,27.0,359.0,439.0,668.0,680.0,4,702.0
6.0,27.0,359.0,680.0,702.0,777.0,4,1015.0
6.0,27.0,359.0,638.0,680.0,777.0,4,1015.0
6.0,27.0,359.0,439.0,638.0,702.0,4,777.0
6.0,27.0,359.0,439.0,477.0,680.0,4,1015.0
6.0,27.0,359.0,439.0,477.0,680.0,4,1015.0
6.0,27.0,359.0,638.0,680.0,777.0,4,1015.0
6.0,27.0,359.0,638.0,680.0,777.0,4,1015.0
6.0,27.0,375.0,439.0,569.0,702.0,4,1015.0
6.0,27.0,359.0,439.0,638.0,680.0,4,777.0
6.0,27.0,359.0,638.0,702.0,777.0,4,1015.0
6.0,27.0,359.0,680.0,702.0,777.0,4,1015.0
6.0,27.0,375.0,439.0,569.0,702.0,4,1015.0
6.0,27.0,359.0,375.0,439.0,569.0,4,680.0
6.0,27.0,359.0,439.0,569.0,638.0,4,680.0
6.0,27.0,359.0,439.0,569.0,638.0,4,680.0
6.0,27.0,359.0,439.0,569.0,638.0,4,680.0
6.0,27.0,359.0,439.0,569.0,638.0,4,680.0
6.0,26.0,333.0,453.0,536.0,599.0,4,948.0
6.0,26.0,333.0,453.0,620.0,857.0,4,914.0
6.0,26.0,285.0,453.0,620.0,857.0,4,914.0
6.0,26.0,285.0,453.0,536.0,620.0,4,948.0
6.0,26.0,285.0,333.0,620.0,753.0,4,857.0
6.0,26.0,72.0,204.0,649.0,753.0,4,857.0
6.0,9.0,109.0,366.0,452.0,604.0,4,941.0
6.0,9.0,109.0,366.0,452.0,604.0,4,941.0
6.0,9.0,39.0,182.0,510.0,845.0,4,1019.0
6.0,9.0,39.0,182.0,510.0,604.0,4,1019.0
6.0,9.0,109.0,366.0,452.0,604.0,4,941.0
6.0,9.0,109.0,366.0,452.0,845.0,4,941.0
6.0,9.0,109.0,366.0,452.0,604.0,4,941.0
6.0,9.0,39.0,182.0,510.0,845.0,4,1019.0
6.0,9.0,109.0,366.0,452.0,604.0,4,941.0
6.0,25.0,50.0,398.0,421.0,531.0,4,759.0
6.0,25.0,50.0,74.0,372.0,398.0,4,421.0
6.0,25.0,50.0,74.0,372.0,421.0,4,696.0
6.0,25.0,297.0,356.0,398.0,696.0,4,759.0
6.0,25.0,74.0,356.0,372.0,398.0,4,421.0
6.0,25.0,74.0,356.0,421.0,696.0,4,759.0
6.0,25.0,356.0,398.0,421.0,531.0,4,603.0
6.0,25.0,356.0,398.0,421.0,531.0,4,603.0
6.0,25.0,50.0,297.0,372.0,398.0,4,531.0
6.0,25.0,356.0,372.0,398.0,421.0,4,531.0
6.0,25.0,74.0,356.0,398.0,421.0,4,759.0
6.0,25.0,74.0,356.0,421.0,696.0,4,759.0
6.0,15.0,229.0,484.0,684.0,802.0,4,860.0
6.0,15.0,229.0,484.0,684.0,802.0,4,1013.0
6.0,15.0,659.0,714.0,802.0,860.0,4,1036.0
6.0,15.0,659.0,714.0,802.0,860.0,4,1036.0
6.0,15.0,659.0,714.0,802.0,860.0,4,1036.0
6.0,15.0,484.0,659.0,684.0,860.0,4,1013.0
6.0,15.0,229.0,484.0,684.0,802.0,4,1013.0
6.0,15.0,659.0,714.0,860.0,1013.0,4,1036.0
6.0,15.0,659.0,714.0,860.0,1013.0,4,1036.0
6.0,9.0,109.0,366.0,452.0,845.0,4,941.0
6.0,9.0,39.0,109.0,452.0,845.0,4,941.0
6.0,9.0,39.0,109.0,149.0,182.0,4,845.0
6.0,9.0,39.0,149.0,182.0,604.0,4,845.0
6.0,9.0,39.0,149.0,182.0,604.0,4,845.0
6.0,9.0,39.0,149.0,182.0,604.0,4,845.0
6.0,9.0,39.0,109.0,452.0,845.0,4,941.0
6.0,9.0,109.0,366.0,452.0,845.0,4,941.0
6.0,26.0,333.0,453.0,536.0,620.0,4,948.0
6.0,26.0,333.0,536.0,753.0,914.0,4,948.0
6.0,26.0,72.0,285.0,333.0,753.0,4,914.0
6.0,26.0,285.0,333.0,453.0,753.0,4,914.0
6.0,26.0,333.0,453.0,536.0,914.0,4,948.0
6.0,26.0,285.0,453.0,649.0,914.0,4,948.0
6.0,26.0,333.0,453.0,536.0,620.0,4,948.0
6.0,26.0,285.0,536.0,753.0,914.0,4,948.0
6.0,26.0,285.0,536.0,620.0,753.0,4,914.0
6.0,26.0,285.0,333.0,453.0,753.0,4,914.0
6.0,26.0,333.0,453.0,536.0,914.0,4,948.0
6.0,9.0,39.0,109.0,366.0,845.0,4,941.0
6.0,9.0,39.0,149.0,182.0,604.0,4,845.0
6.0,9.0,39.0,149.0,182.0,604.0,4,845.0
6.0,9.0,109.0,149.0,366.0,604.0,4,941.0
6.0,9.0,39.0,109.0,366.0,845.0,4,941.0
6.0,9.0,39.0,182.0,452.0,604.0,4,845.0
6.0,9.0,39.0,109.0,366.0,845.0,4,941.0
6.0,9.0,109.0,366.0,452.0,604.0,4,941.0
6.0,9.0,39.0,76.0,109.0,366.0,4,845.0
6.0,9.0,39.0,76.0,109.0,366.0,4,845.0
6.0,9.0,39.0,76.0,109.0,149.0,4,845.0
6.0,9.0,39.0,76.0,109.0,149.0,4,845.0
6.0,9.0,109.0,366.0,452.0,604.0,4,941.0
6.0,9.0,39.0,109.0,366.0,845.0,4,941.0
6.0,9.0,39.0,76.0,149.0,845.0,4,941.0
6.0,9.0,39.0,76.0,149.0,845.0,4,1019.0
6.0,9.0,39.0,76.0,149.0,604.0,4,1019.0
6.0,9.0,76.0,510.0,588.0,1001.0,4,1019.0
6.0,9.0,76.0,510.0,588.0,1001.0,4,1019.0
6.0,34.0,139.0,316.0,436.0,517.0,4,685.0
6.0,34.0,104.0,139.0,436.0,747.0,4,900.0
6.0,34.0,104.0,316.0,517.0,685.0,4,747.0
6.0,34.0,517.0,583.0,685.0,747.0,4,900.0
6.0,34.0,104.0,316.0,517.0,685.0,4,747.0
6.0,9.0,109.0,366.0,452.0,604.0,4,941.0
6.0,9.0,39.0,109.0,366.0,845.0,4,941.0
6.0,9.0,39.0,366.0,845.0,941.0,4,1019.0
6.0,9.0,39.0,76.0,149.0,845.0,4,1019.0
6.0,9.0,39.0,76.0,149.0,845.0,4,1019.0
6.0,9.0,39.0,76.0,149.0,845.0,4,1019.0
6.0,9.0,109.0,366.0,452.0,604.0,4,941.0
6.0,9.0,109.0,366.0,452.0,845.0,4,941.0
6.0,9.0,39.0,149.0,845.0,941.0,4,1019.0
6.0,9.0,109.0,366.0,452.0,604.0,4,941.0
6.0,9.0,39.0,109.0,452.0,845.0,4,941.0
6.0,9.0,76.0,149.0,366.0,845.0,4,1019.0
6.0,9.0,109.0,366.0,452.0,604.0,4,1019.0
6.0,9.0,109.0,366.0,452.0,604.0,4,1019.0
6.0,9.0,109.0,366.0,452.0,604.0,4,941.0
6.0,9.0,109.0,366.0,452.0,604.0,4,941.0
6.0,9.0,39.0,366.0,845.0,941.0,4,1019.0
6.0,9.0,39.0,149.0,604.0,845.0,4,1019.0
6.0,9.0,39.0,109.0,604.0,845.0,4,1019.0
6.0,9.0,39.0,109.0,588.0,604.0,4,1019.0
6.0,4.0,486.0,487.0,589.0,663.0,4,936.0
6.0,4.0,134.0,589.0,663.0,740.0,4,936.0
6.0,4.0,134.0,486.0,487.0,589.0,4,828.0
6.0,4.0,486.0,487.0,740.0,828.0,4,936.0
6.0,4.0,486.0,487.0,663.0,740.0,4,936.0
6.0,4.0,486.0,487.0,663.0,740.0,4,936.0
6.0,4.0,486.0,487.0,663.0,740.0,4,936.0
6.0,4.0,486.0,487.0,589.0,740.0,4,936.0
6.0,25.0,74.0,356.0,398.0,421.0,4,759.0
6.0,25.0,74.0,297.0,372.0,421.0,4,759.0
6.0,25.0,74.0,297.0,398.0,421.0,4,759.0
6.0,25.0,74.0,356.0,398.0,421.0,4,759.0
6.0,25.0,74.0,356.0,398.0,421.0,4,759.0
6.0,25.0,297.0,356.0,398.0,696.0,4,759.0
6.0,25.0,297.0,356.0,398.0,696.0,4,759.0
6.0,25.0,297.0,372.0,393.0,696.0,4,759.0
6.0,12.0,237.0,350.0,611.0,788.0,4,856.0
6.0,12.0,194.0,386.0,771.0,788.0,4,986.0
6.0,12.0,194.0,386.0,771.0,788.0,4,986.0
6.0,12.0,194.0,237.0,350.0,386.0,4,611.0
6.0,12.0,237.0,350.0,611.0,788.0,4,856.0
6.0,12.0,237.0,350.0,611.0,788.0,4,856.0
6.0,12.0,194.0,350.0,386.0,788.0,4,986.0
6.0,12.0,194.0,350.0,788.0,856.0,4,986.0
6.0,12.0,350.0,611.0,788.0,856.0,4,986.0
6.0,12.0,82.0,351.0,461.0,771.0,4,986.0
6.0,9.0,109.0,149.0,452.0,524.0,4,845.0
6.0,9.0,149.0,366.0,604.0,845.0,4,1019.0
6.0,9.0,149.0,366.0,524.0,845.0,4,1019.0
6.0,9.0,149.0,366.0,588.0,845.0,4,1019.0
6.0,9.0,366.0,510.0,524.0,845.0,4,1019.0
6.0,9.0,109.0,149.0,366.0,524.0,4,604.0
6.0,9.0,149.0,604.0,845.0,1001.0,4,1019.0
6.0,9.0,149.0,604.0,845.0,1001.0,4,1019.0
6.0,9.0,149.0,604.0,845.0,1001.0,4,1019.0
6.0,9.0,109.0,149.0,366.0,604.0,4,1019.0
6.0,9.0,109.0,366.0,452.0,524.0,4,845.0
6.0,9.0,149.0,524.0,845.0,1001.0,4,1019.0
6.0,9.0,149.0,604.0,845.0,1001.0,4,1019.0
6.0,9.0,149.0,366.0,524.0,604.0,4,1019.0
6.0,9.0,149.0,366.0,524.0,604.0,4,1019.0
6.0,9.0,109.0,366.0,452.0,524.0,4,604.0
6.0,9.0,109.0,366.0,452.0,524.0,4,604.0
6.0,9.0,109.0,149.0,366.0,845.0,4,1019.0
6.0,9.0,149.0,588.0,845.0,1001.0,4,1019.0
6.0,9.0,510.0,524.0,587.0,588.0,4,1001.0
6.0,9.0,510.0,587.0,588.0,1001.0,4,1019.0
6.0,9.0,510.0,587.0,588.0,1001.0,4,1019.0
6.0,12.0,237.0,350.0,611.0,788.0,4,856.0
6.0,12.0,237.0,350.0,611.0,788.0,4,856.0
6.0,12.0,237.0,350.0,771.0,788.0,4,856.0
6.0,12.0,194.0,771.0,856.0,872.0,4,986.0
6.0,12.0,194.0,386.0,771.0,872.0,4,986.0
6.0,12.0,194.0,386.0,771.0,872.0,4,986.0
6.0,12.0,237.0,350.0,611.0,788.0,4,856.0
6.0,12.0,237.0,350.0,771.0,788.0,4,856.0
6.0,12.0,237.0,350.0,611.0,788.0,4,856.0
6.0,12.0,237.0,350.0,611.0,788.0,4,856.0
6.0,12.0,237.0,350.0,611.0,788.0,4,856.0
6.0,12.0,237.0,350.0,771.0,788.0,4,856.0
6.0,12.0,194.0,351.0,386.0,872.0,4,986.0
6.0,12.0,82.0,351.0,461.0,771.0,4,872.0
6.0,9.0,149.0,587.0,588.0,1001.0,4,1019.0
6.0,9.0,149.0,366.0,587.0,588.0,4,1019.0
6.0,9.0,366.0,452.0,524.0,604.0,4,845.0
6.0,9.0,149.0,366.0,524.0,587.0,4,604.0
6.0,9.0,149.0,366.0,524.0,587.0,4,604.0
6.0,34.0,0.0,104.0,167.0,316.0,4,974.0
6.0,34.0,0.0,167.0,583.0,685.0,4,974.0
6.0,34.0,0.0,167.0,316.0,685.0,4,974.0
6.0,34.0,0.0,104.0,316.0,583.0,4,974.0
6.0,34.0,0.0,104.0,167.0,583.0,4,974.0
6.0,34.0,0.0,104.0,167.0,583.0,4,974.0
6.0,34.0,104.0,167.0,316.0,506.0,4,974.0
6.0,34.0,104.0,316.0,506.0,685.0,4,974.0
6.0,4.0,200.0,486.0,646.0,740.0,4,936.0
6.0,4.0,134.0,200.0,589.0,740.0,4,936.0
6.0,4.0,200.0,589.0,646.0,740.0,4,936.0
6.0,4.0,200.0,486.0,646.0,740.0,4,936.0
6.0,4.0,200.0,486.0,589.0,740.0,4,936.0
6.0,9.0,39.0,109.0,366.0,587.0,4,845.0
6.0,9.0,109.0,366.0,510.0,587.0,4,845.0
6.0,9.0,109.0,366.0,510.0,587.0,4,845.0
6.0,9.0,109.0,149.0,510.0,587.0,4,845.0
6.0,9.0,109.0,149.0,510.0,587.0,4,845.0
6.0,9.0,109.0,149.0,510.0,587.0,4,1019.0
6.0,9.0,149.0,510.0,587.0,604.0,4,1019.0
6.0,9.0,39.0,109.0,366.0,604.0,4,845.0
6.0,9.0,39.0,109.0,366.0,604.0,4,845.0
6.0,9.0,39.0,109.0,366.0,587.0,4,845.0
6.0,9.0,109.0,366.0,510.0,587.0,4,1019.0
6.0,9.0,149.0,510.0,587.0,845.0,4,1019.0
6.0,9.0,109.0,366.0,510.0,587.0,4,845.0
6.0,9.0,109.0,366.0,510.0,587.0,4,845.0
6.0,9.0,149.0,510.0,587.0,588.0,4,1019.0
6.0,9.0,149.0,510.0,587.0,588.0,4,1019.0
6.0,9.0,39.0,510.0,587.0,845.0,4,1019.0
6.0,9.0,39.0,510.0,587.0,845.0,4,1019.0
6.0,9.0,39.0,109.0,510.0,587.0,4,845.0
6.0,9.0,39.0,109.0,366.0,604.0,4,845.0
6.0,9.0,39.0,366.0,604.0,845.0,4,1019.0
6.0,9.0,39.0,366.0,604.0,845.0,4,1019.0
6.0,9.0,39.0,366.0,587.0,845.0,4,1019.0
6.0,9.0,39.0,109.0,510.0,587.0,4,1019.0
6.0,9.0,109.0,366.0,510.0,587.0,4,1019.0
6.0,9.0,366.0,510.0,604.0,845.0,4,1019.0
6.0,9.0,366.0,510.0,587.0,845.0,4,1019.0
6.0,9.0,109.0,366.0,510.0,604.0,4,845.0
6.0,9.0,39.0,109.0,366.0,604.0,4,845.0
6.0,9.0,39.0,109.0,366.0,604.0,4,845.0
6.0,9.0,109.0,366.0,510.0,604.0,4,1019.0
6.0,9.0,39.0,109.0,510.0,587.0,4,1019.0
6.0,9.0,39.0,510.0,587.0,845.0,4,1019.0
6.0,9.0,39.0,366.0,587.0,845.0,4,1019.0
6.0,9.0,39.0,366.0,604.0,845.0,4,1019.0
6.0,4.0,134.0,487.0,589.0,646.0,4,828.0
6.0,4.0,134.0,487.0,589.0,646.0,4,828.0
6.0,4.0,134.0,486.0,487.0,740.0,4,828.0
6.0,4.0,134.0,486.0,487.0,740.0,4,828.0
6.0,4.0,134.0,486.0,487.0,589.0,4,828.0
6.0,4.0,134.0,487.0,589.0,646.0,4,828.0
6.0,4.0,134.0,486.0,487.0,740.0,4,828.0
6.0,4.0,486.0,646.0,740.0,743.0,4,936.0
6.0,4.0,486.0,487.0,646.0,740.0,4,936.0
6.0,25.0,74.0,356.0,398.0,421.0,4,759.0
6.0,25.0,50.0,297.0,372.0,398.0,4,531.0
6.0,25.0,50.0,297.0,372.0,398.0,4,531.0
6.0,25.0,74.0,356.0,372.0,398.0,4,421.0
6.0,25.0,74.0,297.0,356.0,421.0,4,759.0
6.0,25.0,74.0,356.0,421.0,696.0,4,759.0
6.0,25.0,74.0,356.0,421.0,696.0,4,759.0
6.0,25.0,74.0,297.0,356.0,398.0,4,759.0
6.0,25.0,74.0,297.0,356.0,372.0,4,398.0
6.0,25.0,74.0,372.0,421.0,696.0,4,759.0
6.0,25.0,74.0,398.0,421.0,531.0,4,759.0
6.0,25.0,297.0,372.0,398.0,531.0,4,696.0
6.0,25.0,74.0,297.0,421.0,696.0,4,759.0
6.0,25.0,74.0,398.0,421.0,696.0,4,759.0
6.0,25.0,74.0,297.0,372.0,398.0,4,759.0
6.0,25.0,297.0,398.0,531.0,696.0,4,759.0
6.0,25.0,74.0,297.0,372.0,398.0,4,421.0
6.0,25.0,74.0,297.0,372.0,398.0,4,421.0
6.0,34.0,104.0,316.0,583.0,685.0,4,906.0
6.0,34.0,104.0,316.0,345.0,517.0,4,583.0
6.0,34.0,139.0,345.0,517.0,583.0,4,747.0
6.0,34.0,139.0,345.0,517.0,583.0,4,747.0
6.0,34.0,104.0,316.0,345.0,517.0,4,583.0
6.0,34.0,104.0,316.0,345.0,436.0,4,517.0
6.0,34.0,104.0,316.0,345.0,436.0,4,517.0
6.0,34.0,104.0,316.0,345.0,685.0,4,747.0
6.0,34.0,104.0,316.0,345.0,583.0,4,685.0
6.0,34.0,104.0,316.0,517.0,583.0,4,906.0
6.0,34.0,104.0,316.0,517.0,583.0,4,906.0
6.0,34.0,139.0,345.0,517.0,583.0,4,747.0
6.0,34.0,345.0,517.0,583.0,685.0,4,747.0
6.0,25.0,74.0,372.0,398.0,421.0,4,759.0
6.0,25.0,372.0,380.0,393.0,398.0,4,603.0
6.0,25.0,50.0,74.0,245.0,421.0,4,759.0
6.0,25.0,74.0,380.0,398.0,421.0,4,759.0
6.0,25.0,245.0,393.0,398.0,531.0,4,759.0
6.0,25.0,74.0,393.0,398.0,531.0,4,759.0
6.0,25.0,74.0,380.0,421.0,531.0,4,759.0
6.0,25.0,74.0,398.0,421.0,531.0,4,759.0
6.0,34.0,104.0,316.0,506.0,583.0,4,974.0
6.0,34.0,345.0,436.0,506.0,583.0,4,974.0
6.0,34.0,0.0,345.0,436.0,583.0,4,974.0
6.0,34.0,0.0,104.0,316.0,436.0,4,974.0
6.0,34.0,0.0,104.0,316.0,436.0,4,974.0
6.0,34.0,0.0,104.0,316.0,685.0,4,747.0
6.0,34.0,104.0,316.0,506.0,583.0,4,685.0
6.0,34.0,104.0,436.0,506.0,583.0,4,685.0
6.0,34.0,104.0,436.0,506.0,583.0,4,974.0
6.0,34.0,345.0,436.0,506.0,583.0,4,974.0
6.0,34.0,0.0,345.0,436.0,583.0,4,974.0
6.0,34.0,0.0,345.0,436.0,583.0,4,974.0
6.0,34.0,0.0,167.0,345.0,436.0,4,583.0
6.0,25.0,50.0,245.0,398.0,421.0,4,759.0
6.0,25.0,50.0,245.0,398.0,421.0,4,759.0
6.0,25.0,245.0,297.0,356.0,398.0,4,531.0
6.0,25.0,245.0,297.0,356.0,398.0,4,531.0
6.0,25.0,74.0,297.0,356.0,398.0,4,531.0
6.0,25.0,74.0,297.0,398.0,531.0,4,759.0
6.0,25.0,74.0,245.0,421.0,531.0,4,759.0
6.0,25.0,245.0,398.0,421.0,531.0,4,759.0
6.0,25.0,74.0,356.0,398.0,421.0,4,759.0
6.0,25.0,74.0,398.0,421.0,531.0,4,759.0
6.0,25.0,50.0,297.0,356.0,398.0,4,421.0
6.0,25.0,50.0,74.0,297.0,356.0,4,421.0
6.0,25.0,50.0,74.0,356.0,398.0,4,421.0
6.0,25.0,74.0,356.0,398.0,421.0,4,759.0
6.0,25.0,50.0,245.0,398.0,421.0,4,759.0
6.0,25.0,74.0,297.0,356.0,421.0,4,759.0
6.0,25.0,50.0,74.0,245.0,421.0,4,759.0
6.0,25.0,50.0,245.0,398.0,421.0,4,759.0
6.0,25.0,74.0,245.0,356.0,421.0,4,759.0
6.0,25.0,74.0,245.0,356.0,421.0,4,759.0
6.0,25.0,50.0,297.0,398.0,421.0,4,759.0
6.0,25.0,50.0,74.0,297.0,398.0,4,759.0
6.0,25.0,74.0,398.0,421.0,531.0,4,759.0
6.0,26.0,333.0,536.0,753.0,914.0,4,948.0
6.0,26.0,333.0,620.0,753.0,857.0,4,914.0
6.0,26.0,333.0,536.0,620.0,753.0,4,914.0
6.0,26.0,204.0,536.0,620.0,753.0,4,914.0
6.0,26.0,72.0,204.0,536.0,620.0,4,753.0
6.0,26.0,72.0,333.0,620.0,753.0,4,857.0
6.0,25.0,74.0,297.0,372.0,398.0,4,759.0
6.0,25.0,297.0,398.0,603.0,696.0,4,759.0
6.0,25.0,50.0,74.0,421.0,696.0,4,759.0
6.0,25.0,50.0,74.0,421.0,696.0,4,759.0
6.0,25.0,50.0,393.0,398.0,603.0,4,696.0
6.0,25.0,50.0,393.0,398.0,603.0,4,696.0
6.0,25.0,50.0,393.0,398.0,603.0,4,696.0
6.0,25.0,50.0,74.0,398.0,421.0,4,759.0
6.0,25.0,50.0,74.0,398.0,421.0,4,759.0
6.0,15.0,484.0,659.0,941.0,960.0,4,1036.0
6.0,15.0,229.0,484.0,802.0,941.0,4,1036.0
6.0,15.0,484.0,659.0,714.0,802.0,4,1036.0
6.0,15.0,76.0,659.0,714.0,960.0,4,1036.0
6.0,15.0,659.0,714.0,941.0,960.0,4,1036.0
6.0,15.0,484.0,659.0,941.0,960.0,4,1036.0
6.0,15.0,302.0,484.0,659.0,802.0,4,965.0
6.0,26.0,285.0,333.0,473.0,620.0,4,948.0
6.0,26.0,204.0,285.0,473.0,536.0,4,620.0
6.0,26.0,204.0,473.0,620.0,857.0,4,948.0
6.0,26.0,204.0,536.0,620.0,857.0,4,948.0
6.0,26.0,204.0,285.0,473.0,536.0,4,948.0
6.0,25.0,12.0,74.0,86.0,696.0,4,958.0
6.0,25.0,12.0,74.0,86.0,297.0,4,958.0
6.0,25.0,12.0,50.0,74.0,696.0,4,958.0
6.0,25.0,74.0,86.0,696.0,759.0,4,958.0
6.0,25.0,12.0,245.0,286.0,297.0,4,603.0
6.0,25.0,50.0,245.0,286.0,297.0,4,603.0
6.0,25.0,74.0,421.0,696.0,759.0,4,958.0
6.0,25.0,12.0,86.0,245.0,297.0,4,603.0
6.0,25.0,86.0,245.0,286.0,603.0,4,958.0
6.0,25.0,50.0,86.0,245.0,286.0,4,603.0
6.0,25.0,12.0,245.0,421.0,696.0,4,958.0
6.0,25.0,86.0,286.0,297.0,759.0,4,958.0
6.0,25.0,74.0,86.0,421.0,759.0,4,958.0
6.0,25.0,12.0,86.0,245.0,696.0,4,958.0
6.0,25.0,12.0,86.0,297.0,421.0,4,759.0
6.0,25.0,74.0,86.0,421.0,759.0,4,958.0
6.0,25.0,74.0,86.0,421.0,759.0,4,958.0
6.0,12.0,350.0,461.0,771.0,788.0,4,856.0
6.0,12.0,194.0,461.0,771.0,788.0,4,856.0
6.0,12.0,194.0,351.0,386.0,461.0,4,611.0
6.0,12.0,350.0,611.0,788.0,856.0,4,986.0
6.0,12.0,194.0,386.0,771.0,788.0,4,986.0
6.0,12.0,194.0,386.0,771.0,788.0,4,986.0
6.0,12.0,350.0,351.0,386.0,461.0,4,771.0
6.0,12.0,350.0,351.0,386.0,461.0,4,771.0
6.0,25.0,86.0,245.0,603.0,696.0,4,958.0
6.0,25.0,50.0,86.0,297.0,696.0,4,958.0
6.0,25.0,50.0,86.0,286.0,297.0,4,958.0
6.0,25.0,50.0,86.0,286.0,297.0,4,958.0
6.0,25.0,50.0,86.0,286.0,297.0,4,603.0
6.0,25.0,245.0,286.0,297.0,696.0,4,958.0
6.0,25.0,86.0,297.0,603.0,696.0,4,958.0
6.0,25.0,50.0,86.0,297.0,696.0,4,958.0
6.0,25.0,50.0,286.0,297.0,696.0,4,958.0
6.0,25.0,50.0,86.0,297.0,696.0,4,958.0
6.0,25.0,50.0,86.0,297.0,696.0,4,958.0
6.0,4.0,589.0,646.0,740.0,743.0,4,1007.0
6.0,4.0,134.0,486.0,589.0,740.0,4,1007.0
6.0,4.0,134.0,486.0,589.0,740.0,4,1007.0
6.0,4.0,134.0,486.0,646.0,740.0,4,743.0
6.0,4.0,486.0,646.0,740.0,743.0,4,1007.0
6.0,4.0,134.0,486.0,646.0,740.0,4,1007.0
6.0,25.0,86.0,297.0,696.0,759.0,4,958.0
6.0,25.0,245.0,286.0,696.0,759.0,4,958.0
6.0,25.0,50.0,245.0,286.0,603.0,4,696.0
6.0,4.0,134.0,487.0,589.0,646.0,4,663.0
6.0,4.0,646.0,663.0,740.0,743.0,4,936.0
6.0,4.0,487.0,646.0,663.0,740.0,4,936.0
6.0,4.0,487.0,646.0,663.0,740.0,4,936.0
6.0,4.0,134.0,486.0,487.0,663.0,4,740.0
6.0,4.0,487.0,589.0,646.0,828.0,4,936.0
6.0,4.0,487.0,646.0,663.0,740.0,4,936.0
6.0,12.0,350.0,351.0,386.0,872.0,4,986.0
6.0,12.0,194.0,237.0,351.0,611.0,4,986.0
6.0,12.0,194.0,237.0,351.0,611.0,4,986.0
6.0,12.0,194.0,237.0,351.0,611.0,4,856.0
6.0,12.0,237.0,350.0,611.0,788.0,4,856.0
6.0,12.0,237.0,350.0,611.0,788.0,4,856.0
6.0,12.0,194.0,237.0,386.0,611.0,4,788.0
6.0,12.0,194.0,237.0,350.0,788.0,4,856.0
6.0,12.0,194.0,237.0,350.0,788.0,4,856.0
6.0,12.0,237.0,350.0,611.0,788.0,4,856.0
6.0,26.0,204.0,285.0,536.0,914.0,4,948.0
6.0,26.0,204.0,285.0,536.0,914.0,4,948.0
6.0,26.0,333.0,453.0,536.0,620.0,4,948.0
6.0,26.0,285.0,333.0,599.0,753.0,4,948.0
6.0,26.0,285.0,333.0,599.0,753.0,4,948.0
6.0,15.0,659.0,860.0,960.0,965.0,4,1036.0
6.0,15.0,484.0,659.0,860.0,965.0,4,1036.0
6.0,15.0,160.0,229.0,484.0,659.0,4,965.0
6.0,15.0,160.0,229.0,484.0,960.0,4,1036.0
6.0,15.0,484.0,659.0,860.0,960.0,4,1036.0
6.0,15.0,484.0,659.0,860.0,960.0,4,1036.0
6.0,15.0,229.0,484.0,659.0,860.0,4,965.0
6.0,15.0,229.0,484.0,659.0,860.0,4,965.0
6.0,15.0,302.0,659.0,714.0,941.0,4,960.0
6.0,15.0,302.0,484.0,509.0,714.0,4,802.0
6.0,15.0,659.0,714.0,802.0,941.0,4,960.0
6.0,15.0,302.0,659.0,714.0,941.0,4,960.0
6.0,15.0,302.0,484.0,659.0,802.0,4,960.0
6.0,15.0,302.0,484.0,714.0,802.0,4,941.0
6.0,15.0,659.0,714.0,802.0,941.0,4,960.0
6.0,34.0,316.0,506.0,685.0,974.0,4,975.0
6.0,34.0,139.0,345.0,583.0,974.0,4,975.0
6.0,34.0,316.0,345.0,506.0,685.0,4,747.0
6.0,34.0,316.0,345.0,506.0,685.0,4,747.0
6.0,34.0,316.0,345.0,506.0,685.0,4,975.0
6.0,34.0,345.0,583.0,685.0,974.0,4,975.0
6.0,34.0,139.0,345.0,583.0,974.0,4,975.0
6.0,34.0,345.0,506.0,583.0,974.0,4,975.0
6.0,34.0,345.0,506.0,747.0,974.0,4,975.0
6.0,12.0,350.0,351.0,611.0,856.0,4,986.0
6.0,12.0,350.0,351.0,386.0,611.0,4,986.0
6.0,12.0,194.0,237.0,351.0,386.0,4,788.0
6.0,12.0,194.0,237.0,351.0,386.0,4,788.0
6.0,12.0,237.0,350.0,611.0,788.0,4,856.0
6.0,12.0,237.0,350.0,611.0,788.0,4,856.0
6.0,12.0,194.0,351.0,386.0,788.0,4,986.0
6.0,12.0,194.0,237.0,351.0,788.0,4,986.0
6.0,12.0,237.0,350.0,351.0,788.0,4,986.0
6.0,34.0,104.0,583.0,685.0,900.0,4,975.0
6.0,34.0,0.0,298.0,517.0,685.0,4,975.0
6.0,34.0,0.0,167.0,298.0,517.0,4,685.0
6.0,34.0,0.0,104.0,436.0,517.0,4,583.0
6.0,34.0,0.0,104.0,436.0,517.0,4,583.0
6.0,34.0,0.0,436.0,517.0,583.0,4,974.0
6.0,34.0,0.0,436.0,517.0,583.0,4,974.0
6.0,34.0,104.0,167.0,298.0,436.0,4,900.0
6.0,34.0,104.0,167.0,298.0,436.0,4,900.0
6.0,4.0,486.0,487.0,646.0,740.0,4,936.0
6.0,4.0,486.0,487.0,646.0,740.0,4,936.0
6.0,4.0,486.0,646.0,740.0,743.0,4,936.0
6.0,4.0,486.0,663.0,740.0,743.0,4,936.0
6.0,4.0,134.0,486.0,487.0,663.0,4,740.0
6.0,4.0,134.0,486.0,487.0,589.0,4,663.0
6.0,4.0,486.0,487.0,646.0,740.0,4,936.0
6.0,4.0,486.0,646.0,740.0,743.0,4,936.0
6.0,12.0,350.0,351.0,788.0,856.0,4,986.0
6.0,12.0,350.0,788.0,856.0,872.0,4,986.0
6.0,12.0,82.0,386.0,788.0,872.0,4,986.0
6.0,12.0,237.0,350.0,351.0,788.0,4,856.0
6.0,12.0,237.0,350.0,351.0,788.0,4,856.0
6.0,12.0,194.0,237.0,611.0,788.0,4,856.0
6.0,12.0,194.0,237.0,611.0,788.0,4,856.0
6.0,12.0,194.0,237.0,351.0,788.0,4,856.0
6.0,12.0,82.0,237.0,351.0,386.0,4,788.0
6.0,12.0,82.0,351.0,386.0,788.0,4,986.0
6.0,12.0,194.0,237.0,611.0,788.0,4,856.0
6.0,12.0,194.0,237.0,611.0,788.0,4,856.0
6.0,12.0,194.0,237.0,611.0,856.0,4,872.0
6.0,12.0,194.0,237.0,351.0,386.0,4,788.0
6.0,12.0,350.0,351.0,611.0,856.0,4,986.0
6.0,12.0,350.0,351.0,386.0,771.0,4,986.0
6.0,12.0,194.0,237.0,351.0,386.0,4,771.0
6.0,12.0,237.0,350.0,351.0,611.0,4,856.0
6.0,12.0,194.0,237.0,350.0,351.0,4,386.0
6.0,12.0,194.0,350.0,386.0,611.0,4,986.0
6.0,12.0,194.0,350.0,386.0,611.0,4,986.0
6.0,12.0,194.0,237.0,350.0,386.0,4,611.0
6.0,12.0,194.0,237.0,350.0,386.0,4,611.0
6.0,12.0,194.0,237.0,350.0,386.0,4,611.0
6.0,15.0,659.0,714.0,860.0,960.0,4,1036.0
6.0,15.0,484.0,659.0,860.0,1013.0,4,1036.0
6.0,15.0,229.0,484.0,684.0,860.0,4,1013.0
6.0,15.0,659.0,714.0,860.0,960.0,4,1036.0
6.0,15.0,659.0,714.0,860.0,1013.0,4,1036.0
6.0,15.0,659.0,714.0,860.0,960.0,4,1036.0
6.0,12.0,237.0,350.0,611.0,788.0,4,856.0
6.0,12.0,194.0,237.0,386.0,611.0,4,872.0
6.0,12.0,237.0,350.0,611.0,856.0,4,872.0
6.0,12.0,237.0,350.0,611.0,788.0,4,856.0
6.0,12.0,237.0,350.0,611.0,788.0,4,856.0
6.0,26.0,285.0,536.0,620.0,753.0,4,914.0
6.0,26.0,285.0,620.0,753.0,857.0,4,914.0
6.0,26.0,72.0,285.0,333.0,536.0,4,620.0
6.0,26.0,72.0,285.0,333.0,753.0,4,914.0
6.0,26.0,72.0,285.0,536.0,620.0,4,753.0
6.0,26.0,72.0,285.0,536.0,753.0,4,914.0
6.0,12.0,350.0,611.0,788.0,856.0,4,986.0
6.0,12.0,194.0,461.0,771.0,788.0,4,856.0
6.0,12.0,350.0,351.0,611.0,856.0,4,986.0
6.0,12.0,350.0,351.0,611.0,856.0,4,986.0
6.0,12.0,350.0,386.0,611.0,788.0,4,986.0
6.0,12.0,350.0,611.0,788.0,856.0,4,986.0
6.0,12.0,350.0,386.0,611.0,788.0,4,986.0
6.0,12.0,194.0,386.0,461.0,771.0,4,788.0
6.0,12.0,350.0,386.0,461.0,771.0,4,788.0
6.0,12.0,350.0,386.0,461.0,771.0,4,788.0
6.0,12.0,237.0,350.0,611.0,788.0,4,856.0
6.0,12.0,350.0,611.0,788.0,856.0,4,986.0
6.0,12.0,216.0,350.0,788.0,856.0,4,986.0
6.0,12.0,194.0,216.0,237.0,386.0,4,611.0
6.0,12.0,194.0,237.0,386.0,788.0,4,872.0
6.0,12.0,350.0,788.0,856.0,872.0,4,986.0
6.0,12.0,237.0,350.0,611.0,788.0,4,856.0
6.0,26.0,204.0,333.0,536.0,914.0,4,948.0
6.0,26.0,204.0,333.0,536.0,914.0,4,948.0
6.0,26.0,147.0,285.0,333.0,914.0,4,948.0
6.0,26.0,147.0,285.0,333.0,914.0,4,948.0
6.0,26.0,147.0,285.0,536.0,914.0,4,948.0
6.0,26.0,204.0,285.0,536.0,620.0,4,948.0
6.0,26.0,204.0,285.0,536.0,914.0,4,948.0
6.0,26.0,72.0,285.0,333.0,536.0,4,620.0
6.0,26.0,72.0,285.0,333.0,536.0,4,620.0
6.0,4.0,134.0,589.0,646.0,663.0,4,743.0
6.0,4.0,200.0,486.0,740.0,743.0,4,936.0
6.0,4.0,200.0,486.0,740.0,743.0,4,936.0
6.0,4.0,134.0,200.0,486.0,740.0,4,936.0
6.0,4.0,134.0,486.0,646.0,740.0,4,936.0
6.0,4.0,134.0,589.0,646.0,663.0,4,743.0
6.0,4.0,646.0,663.0,740.0,743.0,4,936.0
6.0,4.0,200.0,486.0,740.0,743.0,4,936.0
6.0,4.0,200.0,486.0,683.0,743.0,4,936.0
6.0,4.0,200.0,486.0,683.0,743.0,4,936.0
6.0,34.0,316.0,345.0,506.0,685.0,4,747.0
6.0,34.0,316.0,345.0,506.0,747.0,4,974.0
6.0,34.0,0.0,345.0,583.0,974.0,4,975.0
6.0,34.0,0.0,316.0,506.0,685.0,4,747.0
6.0,34.0,316.0,345.0,506.0,583.0,4,685.0
6.0,34.0,345.0,448.0,506.0,583.0,4,974.0
6.0,34.0,316.0,345.0,506.0,685.0,4,747.0
6.0,34.0,316.0,345.0,506.0,583.0,4,685.0
6.0,34.0,0.0,506.0,583.0,974.0,4,975.0
6.0,34.0,0.0,506.0,583.0,974.0,4,975.0
6.0,12.0,194.0,351.0,461.0,611.0,4,986.0
6.0,12.0,82.0,194.0,351.0,386.0,4,986.0
6.0,12.0,194.0,351.0,386.0,611.0,4,986.0
6.0,12.0,351.0,386.0,611.0,771.0,4,986.0
6.0,12.0,351.0,461.0,611.0,771.0,4,986.0
6.0,12.0,351.0,461.0,611.0,771.0,4,986.0
6.0,12.0,82.0,351.0,386.0,461.0,4,872.0
6.0,12.0,82.0,351.0,386.0,461.0,4,872.0
6.0,34.0,104.0,436.0,517.0,583.0,4,900.0
6.0,34.0,0.0,316.0,685.0,747.0,4,974.0
6.0,34.0,0.0,316.0,685.0,747.0,4,974.0
6.0,34.0,104.0,316.0,583.0,900.0,4,974.0
6.0,34.0,0.0,167.0,316.0,685.0,4,974.0
6.0,34.0,0.0,167.0,685.0,747.0,4,974.0
6.0,34.0,0.0,104.0,167.0,316.0,4,517.0
6.0,34.0,104.0,167.0,316.0,517.0,4,900.0
6.0,34.0,104.0,167.0,316.0,517.0,4,685.0
6.0,4.0,134.0,487.0,646.0,663.0,4,740.0
6.0,4.0,134.0,646.0,663.0,740.0,4,936.0
6.0,4.0,486.0,663.0,683.0,743.0,4,936.0
6.0,4.0,486.0,663.0,683.0,743.0,4,936.0
6.0,4.0,134.0,486.0,487.0,663.0,4,683.0
6.0,4.0,134.0,487.0,646.0,740.0,4,828.0
6.0,4.0,134.0,487.0,646.0,740.0,4,828.0
6.0,4.0,134.0,487.0,646.0,740.0,4,828.0
6.0,4.0,134.0,486.0,646.0,683.0,4,936.0
6.0,4.0,134.0,487.0,646.0,663.0,4,740.0
6.0,4.0,134.0,646.0,663.0,740.0,4,936.0
6.0,4.0,134.0,487.0,646.0,740.0,4,828.0
6.0,4.0,487.0,646.0,663.0,740.0,4,936.0
6.0,4.0,486.0,487.0,663.0,740.0,4,936.0
6.0,4.0,486.0,487.0,663.0,740.0,4,936.0
6.0,4.0,486.0,487.0,663.0,740.0,4,936.0
6.0,4.0,134.0,486.0,646.0,740.0,4,936.0
6.0,4.0,134.0,486.0,487.0,589.0,4,646.0
6.0,4.0,486.0,487.0,589.0,740.0,4,936.0
6.0,4.0,486.0,487.0,589.0,740.0,4,936.0
6.0,4.0,486.0,487.0,663.0,740.0,4,936.0
6.0,4.0,134.0,486.0,487.0,589.0,4,646.0
6.0,26.0,333.0,536.0,620.0,753.0,4,914.0
6.0,26.0,72.0,285.0,333.0,473.0,4,620.0
6.0,26.0,285.0,536.0,620.0,753.0,4,914.0
6.0,26.0,333.0,536.0,620.0,753.0,4,914.0
6.0,26.0,333.0,536.0,620.0,753.0,4,914.0
6.0,26.0,333.0,473.0,536.0,620.0,4,914.0
6.0,26.0,72.0,285.0,333.0,473.0,4,914.0
6.0,26.0,285.0,333.0,473.0,620.0,4,914.0
6.0,26.0,333.0,473.0,536.0,620.0,4,914.0
6.0,26.0,333.0,536.0,620.0,753.0,4,914.0
6.0,34.0,316.0,345.0,506.0,685.0,4,747.0
6.0,34.0,316.0,506.0,583.0,685.0,4,974.0
6.0,34.0,0.0,345.0,583.0,747.0,4,974.0
6.0,34.0,0.0,583.0,685.0,747.0,4,974.0
6.0,34.0,0.0,583.0,685.0,747.0,4,974.0
6.0,34.0,0.0,583.0,685.0,747.0,4,974.0
6.0,34.0,0.0,583.0,685.0,747.0,4,974.0
6.0,34.0,316.0,345.0,506.0,685.0,4,747.0
6.0,34.0,0.0,345.0,747.0,974.0,4,975.0
6.0,34.0,0.0,345.0,747.0,974.0,4,975.0
6.0,34.0,316.0,345.0,506.0,974.0,4,975.0
6.0,26.0,285.0,333.0,536.0,620.0,4,948.0
6.0,26.0,285.0,536.0,620.0,857.0,4,948.0
6.0,26.0,285.0,536.0,857.0,914.0,4,948.0
6.0,26.0,204.0,536.0,857.0,914.0,4,948.0
6.0,26.0,204.0,536.0,857.0,914.0,4,948.0
6.0,26.0,285.0,333.0,536.0,914.0,4,948.0
6.0,26.0,285.0,333.0,536.0,620.0,4,948.0
6.0,26.0,204.0,333.0,857.0,914.0,4,948.0
6.0,26.0,204.0,285.0,333.0,620.0,4,857.0
6.0,26.0,285.0,536.0,620.0,857.0,4,914.0
6.0,26.0,285.0,536.0,857.0,914.0,4,948.0
6.0,26.0,204.0,536.0,857.0,914.0,4,948.0
6.0,26.0,204.0,333.0,536.0,914.0,4,948.0
6.0,15.0,659.0,714.0,941.0,960.0,4,1036.0
6.0,15.0,302.0,659.0,714.0,802.0,4,941.0
6.0,15.0,659.0,714.0,941.0,960.0,4,1036.0
6.0,15.0,659.0,714.0,941.0,960.0,4,1036.0
6.0,15.0,302.0,659.0,714.0,802.0,4,941.0
6.0,15.0,76.0,302.0,509.0,714.0,4,802.0
6.0,15.0,76.0,302.0,509.0,714.0,4,802.0
6.0,15.0,76.0,302.0,509.0,714.0,4,802.0
6.0,15.0,76.0,302.0,509.0,586.0,4,802.0
6.0,15.0,484.0,659.0,684.0,802.0,4,1013.0
6.0,15.0,229.0,484.0,684.0,802.0,4,1013.0
6.0,15.0,659.0,714.0,860.0,1013.0,4,1036.0
6.0,15.0,659.0,714.0,860.0,960.0,4,1036.0
6.0,15.0,684.0,714.0,860.0,960.0,4,1036.0
6.0,15.0,684.0,714.0,802.0,960.0,4,1036.0
6.0,15.0,229.0,484.0,659.0,802.0,4,1013.0
6.0,15.0,659.0,714.0,802.0,960.0,4,1036.0
6.0,15.0,229.0,484.0,684.0,802.0,4,1013.0
6.0,15.0,484.0,684.0,802.0,1013.0,4,1036.0
6.0,15.0,484.0,684.0,802.0,1013.0,4,1036.0
6.0,15.0,229.0,659.0,714.0,960.0,4,1013.0
6.0,15.0,659.0,714.0,802.0,960.0,4,1036.0
6.0,15.0,229.0,659.0,714.0,802.0,4,1013.0
6.0,15.0,229.0,484.0,684.0,802.0,4,1013.0
6.0,15.0,659.0,714.0,960.0,1013.0,4,1036.0
6.0,15.0,659.0,714.0,960.0,1013.0,4,1036.0
6.0,15.0,659.0,714.0,802.0,1013.0,4,1036.0
6.0,4.0,134.0,486.0,487.0,589.0,4,828.0
6.0,4.0,486.0,487.0,663.0,740.0,4,936.0
6.0,4.0,134.0,200.0,663.0,740.0,4,936.0
6.0,4.0,134.0,486.0,589.0,828.0,4,936.0
6.0,4.0,134.0,486.0,663.0,740.0,4,936.0
6.0,4.0,134.0,486.0,663.0,740.0,4,936.0
6.0,4.0,134.0,486.0,663.0,740.0,4,936.0
6.0,26.0,333.0,536.0,753.0,914.0,4,948.0
6.0,26.0,333.0,536.0,753.0,914.0,4,948.0
6.0,26.0,204.0,536.0,620.0,857.0,4,914.0
6.0,26.0,333.0,536.0,599.0,753.0,4,948.0
6.0,26.0,333.0,536.0,599.0,753.0,4,914.0
6.0,26.0,204.0,333.0,857.0,914.0,4,948.0
6.0,26.0,333.0,536.0,857.0,914.0,4,948.0
6.0,15.0,229.0,484.0,659.0,941.0,4,960.0
6.0,15.0,302.0,484.0,941.0,960.0,4,1036.0
6.0,15.0,76.0,484.0,659.0,714.0,4,1036.0
6.0,15.0,484.0,659.0,714.0,960.0,4,1036.0
6.0,15.0,229.0,484.0,659.0,714.0,4,941.0
6.0,15.0,229.0,659.0,714.0,941.0,4,960.0
6.0,15.0,659.0,714.0,941.0,960.0,4,1036.0
6.0,34.0,167.0,316.0,345.0,506.0,4,975.0
6.0,34.0,139.0,345.0,436.0,506.0,4,583.0
6.0,34.0,139.0,316.0,345.0,506.0,4,975.0
6.0,34.0,167.0,316.0,345.0,506.0,4,975.0
6.0,34.0,167.0,316.0,345.0,506.0,4,975.0
6.0,34.0,139.0,167.0,316.0,436.0,4,506.0
6.0,34.0,139.0,167.0,436.0,506.0,4,583.0
6.0,34.0,139.0,167.0,436.0,506.0,4,583.0
6.0,34.0,139.0,167.0,436.0,506.0,4,583.0
6.0,4.0,134.0,487.0,589.0,646.0,4,663.0
6.0,4.0,646.0,663.0,740.0,743.0,4,936.0
6.0,4.0,486.0,487.0,663.0,740.0,4,743.0
6.0,4.0,486.0,487.0,663.0,740.0,4,743.0
6.0,4.0,486.0,487.0,663.0,740.0,4,743.0
6.0,4.0,134.0,486.0,487.0,663.0,4,740.0
6.0,4.0,134.0,487.0,589.0,646.0,4,828.0
6.0,4.0,487.0,589.0,646.0,663.0,4,936.0
6.0,4.0,646.0,663.0,740.0,743.0,4,936.0
6.0,4.0,134.0,486.0,487.0,589.0,4,663.0
6.0,4.0,134.0,486.0,487.0,589.0,4,663.0
6.0,34.0,104.0,316.0,506.0,685.0,4,747.0
6.0,34.0,0.0,104.0,316.0,685.0,4,747.0
6.0,34.0,0.0,517.0,583.0,974.0,4,975.0
6.0,34.0,506.0,517.0,583.0,747.0,4,974.0
6.0,34.0,506.0,517.0,583.0,747.0,4,974.0
6.0,34.0,104.0,316.0,506.0,747.0,4,974.0
6.0,34.0,104.0,316.0,506.0,747.0,4,974.0
6.0,34.0,104.0,316.0,506.0,685.0,4,747.0
6.0,34.0,0.0,104.0,316.0,583.0,4,685.0
6.0,34.0,0.0,316.0,517.0,583.0,4,974.0
6.0,26.0,333.0,536.0,753.0,914.0,4,948.0
6.0,26.0,333.0,536.0,753.0,914.0,4,948.0
6.0,26.0,285.0,536.0,620.0,857.0,4,948.0
6.0,26.0,333.0,536.0,620.0,753.0,4,914.0
6.0,26.0,333.0,536.0,620.0,753.0,4,914.0
6.0,26.0,333.0,536.0,753.0,914.0,4,948.0
6.0,26.0,333.0,536.0,753.0,914.0,4,948.0
6.0,26.0,333.0,620.0,753.0,857.0,4,914.0
6.0,26.0,285.0,333.0,620.0,857.0,4,914.0
6.0,26.0,285.0,536.0,620.0,857.0,4,948.0
6.0,26.0,285.0,536.0,620.0,857.0,4,948.0
6.0,34.0,104.0,316.0,506.0,685.0,4,747.0
6.0,34.0,104.0,316.0,436.0,506.0,4,974.0
6.0,34.0,0.0,583.0,685.0,747.0,4,974.0
6.0,34.0,104.0,316.0,506.0,747.0,4,974.0
6.0,34.0,104.0,316.0,506.0,685.0,4,747.0
6.0,34.0,104.0,316.0,436.0,506.0,4,685.0
6.0,34.0,0.0,316.0,436.0,685.0,4,974.0
6.0,34.0,0.0,104.0,316.0,436.0,4,974.0
6.0,34.0,0.0,104.0,436.0,747.0,4,974.0
6.0,34.0,104.0,316.0,506.0,685.0,4,747.0
6.0,34.0,316.0,506.0,685.0,747.0,4,974.0
6.0,34.0,345.0,506.0,583.0,685.0,4,747.0
6.0,34.0,0.0,104.0,583.0,974.0,4,975.0
6.0,34.0,0.0,104.0,583.0,974.0,4,975.0
6.0,34.0,104.0,506.0,685.0,747.0,4,974.0
6.0,34.0,316.0,345.0,506.0,685.0,4,747.0
6.0,34.0,104.0,316.0,506.0,685.0,4,975.0
6.0,34.0,104.0,316.0,506.0,974.0,4,975.0
6.0,34.0,0.0,506.0,583.0,974.0,4,975.0
6.0,34.0,0.0,316.0,506.0,747.0,4,974.0
6.0,34.0,139.0,316.0,345.0,506.0,4,747.0
6.0,34.0,139.0,345.0,506.0,583.0,4,975.0
6.0,34.0,167.0,345.0,506.0,583.0,4,975.0
6.0,34.0,0.0,139.0,167.0,583.0,4,975.0
6.0,34.0,0.0,139.0,167.0,583.0,4,975.0
6.0,34.0,139.0,316.0,345.0,506.0,4,975.0
6.0,34.0,0.0,139.0,506.0,583.0,4,975.0
6.0,4.0,134.0,486.0,589.0,646.0,4,743.0
6.0,4.0,134.0,486.0,740.0,828.0,4,936.0
6.0,4.0,134.0,646.0,740.0,828.0,4,936.0
6.0,4.0,134.0,486.0,589.0,646.0,4,743.0
6.0,4.0,134.0,486.0,487.0,663.0,4,740.0
6.0,4.0,134.0,486.0,589.0,828.0,4,936.0
6.0,4.0,134.0,487.0,589.0,646.0,4,828.0
6.0,4.0,486.0,487.0,589.0,646.0,4,936.0
6.0,4.0,486.0,487.0,589.0,646.0,4,936.0
6.0,4.0,486.0,487.0,646.0,740.0,4,936.0
6.0,4.0,134.0,487.0,589.0,646.0,4,828.0
6.0,4.0,486.0,487.0,646.0,740.0,4,936.0
6.0,4.0,486.0,487.0,646.0,740.0,4,936.0
6.0,26.0,333.0,453.0,536.0,620.0,4,948.0
6.0,26.0,333.0,536.0,620.0,753.0,4,948.0
6.0,26.0,333.0,536.0,753.0,914.0,4,948.0
6.0,26.0,333.0,536.0,620.0,753.0,4,948.0
6.0,26.0,333.0,536.0,620.0,753.0,4,914.0
6.0,26.0,453.0,536.0,620.0,753.0,4,914.0
6.0,26.0,333.0,453.0,536.0,620.0,4,948.0
6.0,26.0,333.0,453.0,620.0,753.0,4,914.0
6.0,4.0,200.0,486.0,487.0,646.0,4,740.0
6.0,4.0,134.0,200.0,486.0,487.0,4,740.0
6.0,4.0,134.0,487.0,589.0,646.0,4,663.0
6.0,4.0,134.0,487.0,589.0,646.0,4,663.0
6.0,4.0,134.0,486.0,487.0,589.0,4,646.0
6.0,4.0,134.0,486.0,487.0,589.0,4,740.0
6.0,4.0,486.0,487.0,589.0,646.0,4,740.0
