season,team,player_0,player_1,player_2,player_3,missing_position,target_player
3.0,13.0,15.0,80.0,161.0,320.0,4,665.0
3.0,13.0,80.0,191.0,320.0,665.0,4,817.0
3.0,13.0,80.0,191.0,320.0,665.0,4,817.0
3.0,13.0,15.0,161.0,320.0,665.0,4,886.0
3.0,13.0,80.0,161.0,320.0,665.0,4,817.0
3.0,13.0,161.0,320.0,665.0,817.0,4,886.0
3.0,13.0,15.0,161.0,191.0,817.0,4,886.0
3.0,13.0,15.0,161.0,191.0,817.0,4,886.0
3.0,13.0,15.0,80.0,161.0,320.0,4,665.0
3.0,27.0,33.0,146.0,363.0,624.0,4,924.0
3.0,27.0,33.0,359.0,439.0,624.0,4,633.0
3.0,27.0,33.0,439.0,624.0,633.0,4,924.0
3.0,27.0,33.0,146.0,363.0,624.0,4,924.0
3.0,27.0,146.0,363.0,624.0,633.0,4,924.0
3.0,27.0,33.0,146.0,363.0,439.0,4,924.0
3.0,27.0,33.0,363.0,439.0,633.0,4,924.0
3.0,27.0,33.0,146.0,363.0,624.0,4,924.0
3.0,27.0,146.0,363.0,624.0,633.0,4,924.0
3.0,27.0,146.0,359.0,439.0,633.0,4,924.0
3.0,27.0,146.0,300.0,439.0,453.0,4,924.0
3.0,27.0,33.0,146.0,363.0,453.0,4,924.0
3.0,27.0,146.0,363.0,453.0,633.0,4,924.0
3.0,27.0,146.0,363.0,453.0,633.0,4,924.0
3.0,27.0,33.0,146.0,363.0,453.0,4,924.0
3.0,27.0,33.0,146.0,439.0,624.0,4,924.0
3.0,27.0,33.0,146.0,439.0,624.0,4,924.0
3.0,27.0,33.0,359.0,439.0,624.0,4,633.0
3.0,27.0,33.0,146.0,363.0,453.0,4,924.0
3.0,16.0,296.0,477.0,674.0,798.0,4,996.0
3.0,16.0,133.0,285.0,477.0,702.0,4,996.0
3.0,16.0,296.0,477.0,674.0,798.0,4,996.0
3.0,16.0,296.0,477.0,674.0,798.0,4,996.0
3.0,16.0,296.0,477.0,674.0,702.0,4,798.0
3.0,16.0,296.0,477.0,674.0,798.0,4,996.0
3.0,25.0,294.0,398.0,421.0,688.0,4,864.0
3.0,25.0,294.0,398.0,421.0,688.0,4,864.0
3.0,25.0,294.0,398.0,457.0,688.0,4,864.0
3.0,25.0,106.0,398.0,457.0,662.0,4,711.0
3.0,25.0,106.0,398.0,421.0,662.0,4,711.0
3.0,25.0,398.0,421.0,662.0,711.0,4,864.0
3.0,25.0,294.0,398.0,421.0,688.0,4,864.0
3.0,25.0,294.0,398.0,421.0,711.0,4,864.0
3.0,25.0,294.0,398.0,457.0,711.0,4,864.0
3.0,25.0,106.0,294.0,457.0,688.0,4,711.0
3.0,25.0,106.0,457.0,662.0,688.0,4,711.0
3.0,25.0,59.0,106.0,457.0,662.0,4,688.0
3.0,1.0,570.0,577.0,790.0,808.0,4,820.0
3.0,1.0,305.0,682.0,815.0,820.0,4,905.0
3.0,1.0,570.0,577.0,790.0,808.0,4,820.0
3.0,1.0,570.0,577.0,790.0,808.0,4,820.0
3.0,1.0,570.0,577.0,682.0,790.0,4,808.0
3.0,1.0,577.0,682.0,790.0,808.0,4,815.0
3.0,1.0,305.0,577.0,790.0,815.0,4,820.0
3.0,1.0,577.0,790.0,808.0,815.0,4,820.0
3.0,1.0,577.0,790.0,808.0,815.0,4,820.0
3.0,34.0,36.0,112.0,137.0,247.0,4,355.0
3.0,34.0,36.0,137.0,247.0,335.0,4,811.0
3.0,34.0,36.0,112.0,137.0,247.0,4,811.0
3.0,26.0,40.0,315.0,634.0,843.0,4,874.0
3.0,26.0,40.0,315.0,634.0,843.0,4,874.0
3.0,26.0,40.0,315.0,684.0,843.0,4,1024.0
3.0,26.0,454.0,536.0,684.0,843.0,4,1024.0
3.0,26.0,454.0,536.0,684.0,843.0,4,1024.0
3.0,26.0,454.0,536.0,684.0,948.0,4,1024.0
3.0,26.0,40.0,536.0,634.0,684.0,4,948.0
3.0,26.0,40.0,315.0,634.0,874.0,4,948.0
3.0,26.0,40.0,450.0,454.0,684.0,4,1024.0
3.0,26.0,450.0,454.0,536.0,684.0,4,1024.0
3.0,26.0,450.0,454.0,536.0,684.0,4,1024.0
3.0,26.0,40.0,634.0,684.0,948.0,4,1024.0
3.0,26.0,40.0,634.0,684.0,843.0,4,948.0
3.0,27.0,33.0,146.0,363.0,453.0,4,924.0
3.0,27.0,33.0,146.0,359.0,439.0,4,453.0
3.0,27.0,146.0,359.0,439.0,624.0,4,633.0
3.0,27.0,359.0,363.0,439.0,624.0,4,633.0
3.0,27.0,33.0,146.0,363.0,453.0,4,924.0
3.0,27.0,146.0,359.0,363.0,439.0,4,633.0
3.0,27.0,33.0,146.0,363.0,453.0,4,924.0
3.0,27.0,33.0,146.0,359.0,363.0,4,453.0
3.0,27.0,146.0,359.0,439.0,624.0,4,633.0
3.0,27.0,300.0,359.0,439.0,624.0,4,633.0
3.0,27.0,300.0,359.0,439.0,624.0,4,633.0
3.0,14.0,48.0,254.0,592.0,609.0,4,700.0
3.0,14.0,518.0,592.0,609.0,700.0,4,877.0
3.0,14.0,48.0,518.0,532.0,644.0,4,877.0
3.0,14.0,48.0,518.0,532.0,592.0,4,644.0
3.0,14.0,48.0,254.0,592.0,609.0,4,700.0
3.0,14.0,254.0,272.0,592.0,609.0,4,700.0
3.0,14.0,48.0,254.0,592.0,609.0,4,700.0
3.0,14.0,254.0,532.0,592.0,609.0,4,700.0
3.0,14.0,48.0,518.0,532.0,592.0,4,897.0
3.0,14.0,7.0,272.0,518.0,644.0,4,897.0
3.0,27.0,146.0,363.0,453.0,624.0,4,924.0
3.0,27.0,363.0,439.0,453.0,624.0,4,633.0
3.0,27.0,33.0,363.0,439.0,453.0,4,624.0
3.0,27.0,33.0,363.0,439.0,453.0,4,924.0
3.0,11.0,1.0,173.0,638.0,895.0,4,974.0
3.0,11.0,1.0,173.0,638.0,895.0,4,974.0
3.0,11.0,1.0,132.0,150.0,232.0,4,602.0
3.0,11.0,1.0,173.0,638.0,895.0,4,974.0
3.0,11.0,1.0,132.0,638.0,895.0,4,974.0
3.0,11.0,1.0,132.0,638.0,895.0,4,974.0
3.0,11.0,150.0,232.0,602.0,638.0,4,974.0
3.0,11.0,1.0,132.0,173.0,895.0,4,974.0
3.0,27.0,33.0,146.0,363.0,453.0,4,924.0
3.0,27.0,33.0,359.0,439.0,624.0,4,633.0
3.0,27.0,359.0,363.0,439.0,624.0,4,633.0
3.0,27.0,33.0,363.0,453.0,624.0,4,924.0
3.0,27.0,33.0,363.0,453.0,624.0,4,924.0
3.0,27.0,33.0,146.0,363.0,453.0,4,924.0
3.0,27.0,33.0,146.0,359.0,453.0,4,924.0
3.0,27.0,33.0,146.0,363.0,453.0,4,924.0
3.0,27.0,359.0,363.0,439.0,624.0,4,633.0
3.0,27.0,359.0,439.0,453.0,624.0,4,633.0
3.0,27.0,20.0,300.0,359.0,624.0,4,633.0
3.0,27.0,33.0,146.0,363.0,624.0,4,924.0
3.0,27.0,33.0,146.0,439.0,624.0,4,924.0
3.0,27.0,363.0,439.0,453.0,624.0,4,924.0
3.0,27.0,363.0,439.0,453.0,624.0,4,924.0
3.0,27.0,33.0,146.0,363.0,453.0,4,924.0
3.0,27.0,146.0,439.0,453.0,633.0,4,924.0
3.0,27.0,33.0,146.0,363.0,453.0,4,924.0
3.0,27.0,33.0,146.0,363.0,453.0,4,924.0
3.0,27.0,33.0,146.0,363.0,453.0,4,924.0
3.0,27.0,33.0,146.0,359.0,439.0,4,624.0
3.0,27.0,33.0,359.0,439.0,624.0,4,633.0
3.0,27.0,33.0,359.0,439.0,624.0,4,633.0
3.0,27.0,33.0,146.0,439.0,624.0,4,924.0
3.0,18.0,14.0,181.0,514.0,866.0,4,867.0
3.0,18.0,742.0,766.0,809.0,876.0,4,1013.0
3.0,18.0,14.0,809.0,866.0,867.0,4,1013.0
3.0,18.0,742.0,766.0,809.0,866.0,4,1013.0
3.0,18.0,115.0,514.0,809.0,867.0,4,1013.0
3.0,32.0,44.0,66.0,155.0,241.0,4,524.0
3.0,32.0,34.0,155.0,380.0,444.0,4,663.0
3.0,32.0,34.0,155.0,380.0,444.0,4,663.0
3.0,32.0,44.0,155.0,241.0,380.0,4,524.0
3.0,32.0,34.0,66.0,155.0,444.0,4,663.0
3.0,32.0,34.0,66.0,155.0,444.0,4,663.0
3.0,32.0,34.0,44.0,380.0,444.0,4,663.0
3.0,32.0,34.0,44.0,380.0,444.0,4,663.0
3.0,32.0,34.0,44.0,380.0,444.0,4,663.0
3.0,23.0,158.0,215.0,234.0,616.0,4,1027.0
3.0,23.0,12.0,234.0,440.0,616.0,4,1027.0
3.0,23.0,12.0,215.0,440.0,616.0,4,740.0
3.0,23.0,12.0,158.0,215.0,234.0,4,1027.0
3.0,23.0,12.0,215.0,234.0,440.0,4,616.0
3.0,23.0,12.0,215.0,234.0,440.0,4,616.0
3.0,23.0,158.0,215.0,234.0,440.0,4,616.0
3.0,23.0,158.0,215.0,234.0,440.0,4,616.0
3.0,23.0,12.0,158.0,215.0,234.0,4,1027.0
3.0,23.0,12.0,215.0,440.0,616.0,4,1027.0
3.0,23.0,12.0,440.0,616.0,959.0,4,1027.0
3.0,23.0,520.0,667.0,740.0,959.0,4,1027.0
3.0,6.0,61.0,397.0,623.0,730.0,4,898.0
3.0,6.0,35.0,61.0,623.0,730.0,4,1039.0
3.0,6.0,35.0,61.0,213.0,623.0,4,1039.0
3.0,6.0,35.0,213.0,250.0,623.0,4,1039.0
3.0,6.0,35.0,213.0,250.0,420.0,4,1039.0
3.0,6.0,35.0,250.0,623.0,730.0,4,898.0
3.0,6.0,61.0,397.0,623.0,730.0,4,898.0
3.0,6.0,35.0,61.0,623.0,730.0,4,898.0
3.0,6.0,35.0,213.0,250.0,623.0,4,1039.0
3.0,6.0,35.0,250.0,397.0,623.0,4,730.0
3.0,27.0,33.0,146.0,363.0,453.0,4,924.0
3.0,27.0,146.0,439.0,453.0,842.0,4,924.0
3.0,27.0,33.0,359.0,363.0,439.0,4,842.0
3.0,27.0,33.0,146.0,439.0,453.0,4,924.0
3.0,27.0,146.0,363.0,439.0,842.0,4,924.0
3.0,27.0,33.0,146.0,300.0,359.0,4,453.0
3.0,27.0,33.0,146.0,363.0,453.0,4,924.0
3.0,27.0,33.0,146.0,363.0,453.0,4,924.0
3.0,14.0,48.0,518.0,592.0,609.0,4,700.0
3.0,14.0,48.0,518.0,592.0,609.0,4,897.0
3.0,14.0,518.0,609.0,700.0,786.0,4,897.0
3.0,14.0,48.0,254.0,592.0,700.0,4,786.0
3.0,14.0,254.0,592.0,609.0,700.0,4,786.0
3.0,14.0,518.0,592.0,609.0,700.0,4,786.0
3.0,14.0,48.0,518.0,700.0,786.0,4,897.0
3.0,14.0,7.0,48.0,518.0,532.0,4,897.0
3.0,7.0,277.0,451.0,455.0,530.0,4,902.0
3.0,7.0,277.0,290.0,396.0,455.0,4,530.0
3.0,7.0,290.0,396.0,455.0,530.0,4,902.0
3.0,7.0,290.0,396.0,455.0,530.0,4,902.0
3.0,7.0,277.0,396.0,451.0,455.0,4,902.0
3.0,7.0,277.0,396.0,451.0,455.0,4,902.0
3.0,7.0,277.0,396.0,451.0,530.0,4,902.0
3.0,7.0,277.0,290.0,396.0,451.0,4,902.0
3.0,7.0,277.0,451.0,455.0,530.0,4,595.0
3.0,7.0,277.0,396.0,455.0,530.0,4,595.0
3.0,7.0,451.0,455.0,530.0,595.0,4,902.0
3.0,7.0,396.0,451.0,530.0,595.0,4,902.0
3.0,7.0,277.0,451.0,455.0,530.0,4,902.0
3.0,27.0,33.0,146.0,363.0,453.0,4,924.0
3.0,27.0,33.0,146.0,439.0,453.0,4,924.0
3.0,27.0,33.0,359.0,363.0,439.0,4,633.0
3.0,27.0,33.0,359.0,363.0,439.0,4,633.0
3.0,27.0,33.0,146.0,439.0,453.0,4,924.0
3.0,27.0,146.0,439.0,453.0,842.0,4,924.0
3.0,27.0,33.0,146.0,363.0,453.0,4,924.0
3.0,27.0,33.0,439.0,445.0,453.0,4,924.0
3.0,27.0,33.0,359.0,363.0,439.0,4,453.0
3.0,27.0,33.0,363.0,439.0,453.0,4,924.0
3.0,27.0,33.0,363.0,439.0,453.0,4,924.0
3.0,8.0,74.0,136.0,151.0,575.0,4,747.0
3.0,8.0,74.0,136.0,151.0,153.0,4,747.0
3.0,8.0,151.0,400.0,575.0,747.0,4,984.0
3.0,8.0,74.0,136.0,151.0,575.0,4,747.0
3.0,8.0,74.0,136.0,151.0,575.0,4,747.0
3.0,8.0,57.0,136.0,151.0,153.0,4,747.0
3.0,27.0,33.0,146.0,363.0,453.0,4,924.0
3.0,27.0,33.0,146.0,363.0,453.0,4,924.0
3.0,27.0,146.0,439.0,453.0,633.0,4,924.0
3.0,27.0,146.0,359.0,439.0,633.0,4,924.0
3.0,27.0,146.0,359.0,439.0,633.0,4,924.0
3.0,27.0,33.0,300.0,359.0,363.0,4,439.0
3.0,27.0,33.0,359.0,363.0,439.0,4,842.0
3.0,27.0,33.0,146.0,363.0,439.0,4,924.0
3.0,27.0,33.0,146.0,359.0,439.0,4,924.0
3.0,27.0,33.0,146.0,363.0,453.0,4,924.0
3.0,27.0,146.0,359.0,439.0,453.0,4,842.0
3.0,27.0,33.0,359.0,363.0,439.0,4,453.0
3.0,27.0,33.0,359.0,363.0,439.0,4,924.0
3.0,28.0,218.0,484.0,608.0,685.0,4,922.0
3.0,28.0,484.0,553.0,608.0,685.0,4,922.0
3.0,28.0,41.0,110.0,484.0,497.0,4,553.0
3.0,28.0,41.0,110.0,497.0,608.0,4,685.0
3.0,28.0,110.0,484.0,608.0,685.0,4,922.0
3.0,28.0,110.0,484.0,497.0,685.0,4,922.0
3.0,28.0,110.0,484.0,497.0,685.0,4,922.0
3.0,28.0,110.0,484.0,497.0,685.0,4,922.0
3.0,28.0,110.0,484.0,608.0,685.0,4,922.0
3.0,27.0,33.0,146.0,363.0,453.0,4,924.0
3.0,27.0,33.0,146.0,439.0,453.0,4,924.0
3.0,27.0,33.0,359.0,439.0,633.0,4,924.0
3.0,27.0,33.0,359.0,439.0,633.0,4,924.0
3.0,27.0,33.0,359.0,363.0,439.0,4,633.0
3.0,27.0,146.0,359.0,363.0,439.0,4,633.0
3.0,27.0,33.0,146.0,363.0,453.0,4,924.0
3.0,27.0,33.0,146.0,363.0,453.0,4,924.0
3.0,27.0,33.0,146.0,439.0,453.0,4,924.0
3.0,27.0,33.0,439.0,453.0,633.0,4,924.0
3.0,27.0,20.0,359.0,439.0,633.0,4,842.0
3.0,27.0,33.0,146.0,363.0,453.0,4,924.0
3.0,27.0,33.0,359.0,363.0,439.0,4,633.0
3.0,27.0,146.0,359.0,363.0,439.0,4,633.0
3.0,27.0,33.0,146.0,363.0,453.0,4,924.0
3.0,27.0,363.0,453.0,633.0,842.0,4,924.0
3.0,27.0,33.0,146.0,363.0,453.0,4,924.0
3.0,27.0,146.0,359.0,439.0,633.0,4,924.0
3.0,27.0,146.0,359.0,439.0,633.0,4,924.0
3.0,27.0,20.0,300.0,359.0,453.0,4,842.0
3.0,27.0,33.0,439.0,453.0,633.0,4,924.0
3.0,27.0,146.0,359.0,439.0,453.0,4,633.0
3.0,27.0,33.0,146.0,439.0,453.0,4,924.0
3.0,27.0,33.0,146.0,439.0,453.0,4,924.0
3.0,27.0,33.0,146.0,439.0,453.0,4,924.0
3.0,27.0,33.0,146.0,363.0,453.0,4,924.0
3.0,27.0,33.0,359.0,439.0,633.0,4,924.0
3.0,27.0,33.0,146.0,363.0,453.0,4,924.0
3.0,27.0,33.0,146.0,363.0,453.0,4,924.0
3.0,27.0,33.0,146.0,439.0,453.0,4,924.0
3.0,27.0,33.0,359.0,439.0,624.0,4,633.0
3.0,27.0,33.0,359.0,439.0,624.0,4,633.0
3.0,27.0,33.0,363.0,439.0,453.0,4,924.0
3.0,27.0,33.0,146.0,363.0,453.0,4,924.0
3.0,27.0,33.0,146.0,439.0,453.0,4,924.0
3.0,27.0,33.0,359.0,439.0,624.0,4,633.0
3.0,27.0,33.0,359.0,439.0,624.0,4,633.0
3.0,27.0,33.0,359.0,439.0,624.0,4,633.0
3.0,27.0,359.0,439.0,624.0,633.0,4,842.0
3.0,10.0,60.0,62.0,182.0,731.0,4,918.0
3.0,10.0,60.0,62.0,126.0,182.0,4,731.0
3.0,10.0,126.0,731.0,855.0,918.0,4,1007.0
3.0,10.0,126.0,731.0,855.0,918.0,4,1007.0
3.0,10.0,60.0,62.0,182.0,731.0,4,918.0
3.0,10.0,60.0,182.0,731.0,918.0,4,1007.0
3.0,10.0,60.0,126.0,182.0,731.0,4,1007.0
3.0,10.0,60.0,126.0,731.0,855.0,4,1007.0
3.0,10.0,60.0,126.0,731.0,855.0,4,1007.0
3.0,27.0,33.0,439.0,453.0,842.0,4,924.0
3.0,27.0,33.0,359.0,439.0,842.0,4,924.0
3.0,27.0,33.0,359.0,439.0,842.0,4,924.0
3.0,27.0,146.0,359.0,439.0,624.0,4,633.0
3.0,27.0,146.0,359.0,439.0,624.0,4,633.0
3.0,27.0,33.0,363.0,453.0,842.0,4,924.0
3.0,27.0,33.0,146.0,363.0,453.0,4,924.0
3.0,27.0,33.0,146.0,439.0,453.0,4,924.0
3.0,27.0,146.0,359.0,439.0,453.0,4,842.0
3.0,27.0,146.0,359.0,439.0,624.0,4,842.0
3.0,27.0,33.0,146.0,359.0,439.0,4,924.0
3.0,27.0,33.0,146.0,363.0,453.0,4,924.0
3.0,27.0,33.0,146.0,363.0,439.0,4,924.0
3.0,27.0,146.0,359.0,439.0,624.0,4,633.0
3.0,27.0,146.0,359.0,363.0,624.0,4,633.0
3.0,27.0,146.0,439.0,453.0,842.0,4,924.0
3.0,27.0,33.0,146.0,363.0,453.0,4,924.0
3.0,27.0,146.0,439.0,624.0,633.0,4,924.0
3.0,27.0,146.0,359.0,439.0,624.0,4,633.0
3.0,27.0,300.0,359.0,445.0,624.0,4,842.0
3.0,27.0,33.0,146.0,363.0,439.0,4,924.0
3.0,27.0,33.0,146.0,363.0,453.0,4,924.0
3.0,27.0,33.0,146.0,363.0,453.0,4,924.0
3.0,27.0,33.0,363.0,439.0,633.0,4,924.0
3.0,27.0,33.0,363.0,439.0,633.0,4,924.0
3.0,27.0,33.0,300.0,439.0,633.0,4,924.0
3.0,27.0,300.0,359.0,624.0,633.0,4,842.0
3.0,29.0,46.0,86.0,283.0,572.0,4,990.0
3.0,29.0,86.0,389.0,508.0,769.0,4,914.0
3.0,29.0,389.0,508.0,769.0,914.0,4,990.0
3.0,29.0,283.0,456.0,508.0,769.0,4,990.0
3.0,29.0,46.0,86.0,456.0,508.0,4,769.0
3.0,29.0,46.0,86.0,389.0,508.0,4,769.0
3.0,29.0,46.0,389.0,769.0,914.0,4,990.0
3.0,29.0,86.0,456.0,508.0,769.0,4,990.0
3.0,27.0,33.0,146.0,363.0,453.0,4,924.0
3.0,27.0,33.0,146.0,439.0,453.0,4,924.0
3.0,27.0,146.0,439.0,453.0,842.0,4,924.0
3.0,27.0,33.0,146.0,363.0,453.0,4,924.0
3.0,27.0,146.0,359.0,439.0,624.0,4,842.0
3.0,27.0,146.0,359.0,439.0,624.0,4,842.0
3.0,27.0,33.0,146.0,359.0,439.0,4,624.0
3.0,27.0,33.0,146.0,363.0,453.0,4,924.0
3.0,27.0,33.0,146.0,439.0,624.0,4,924.0
3.0,27.0,33.0,359.0,439.0,624.0,4,633.0
3.0,27.0,33.0,146.0,363.0,453.0,4,924.0
3.0,27.0,33.0,146.0,363.0,453.0,4,924.0
3.0,27.0,33.0,439.0,453.0,633.0,4,924.0
3.0,27.0,33.0,439.0,453.0,633.0,4,924.0
3.0,27.0,33.0,146.0,363.0,453.0,4,924.0
3.0,27.0,33.0,146.0,363.0,453.0,4,924.0
3.0,27.0,33.0,146.0,363.0,453.0,4,924.0
3.0,27.0,33.0,146.0,363.0,453.0,4,924.0
3.0,27.0,33.0,146.0,439.0,453.0,4,924.0
3.0,27.0,33.0,300.0,359.0,439.0,4,624.0
3.0,27.0,146.0,300.0,359.0,439.0,4,624.0
3.0,27.0,33.0,146.0,363.0,453.0,4,924.0
3.0,27.0,146.0,300.0,363.0,453.0,4,924.0
3.0,27.0,146.0,300.0,363.0,624.0,4,924.0
3.0,27.0,33.0,146.0,363.0,453.0,4,924.0
3.0,27.0,33.0,359.0,439.0,624.0,4,633.0
3.0,27.0,33.0,439.0,624.0,633.0,4,924.0
3.0,27.0,146.0,439.0,624.0,633.0,4,924.0
3.0,12.0,0.0,201.0,216.0,301.0,4,856.0
3.0,12.0,0.0,201.0,301.0,715.0,4,983.0
3.0,12.0,216.0,301.0,647.0,715.0,4,983.0
3.0,12.0,216.0,301.0,647.0,715.0,4,983.0
3.0,12.0,216.0,301.0,715.0,856.0,4,983.0
3.0,12.0,0.0,111.0,201.0,216.0,4,856.0
3.0,12.0,201.0,216.0,301.0,715.0,4,856.0
3.0,0.0,13.0,418.0,493.0,535.0,4,713.0
3.0,0.0,13.0,418.0,493.0,535.0,4,686.0
3.0,0.0,13.0,493.0,535.0,686.0,4,713.0
3.0,0.0,13.0,493.0,535.0,686.0,4,713.0
3.0,0.0,13.0,418.0,493.0,535.0,4,713.0
3.0,0.0,13.0,418.0,493.0,535.0,4,713.0
3.0,15.0,659.0,714.0,764.0,860.0,4,1036.0
3.0,15.0,659.0,714.0,764.0,860.0,4,1036.0
3.0,15.0,244.0,417.0,764.0,872.0,4,1036.0
3.0,15.0,672.0,714.0,764.0,860.0,4,1036.0
3.0,15.0,659.0,714.0,764.0,860.0,4,1036.0
3.0,15.0,244.0,417.0,860.0,872.0,4,1036.0
3.0,15.0,244.0,417.0,860.0,872.0,4,1036.0
3.0,15.0,244.0,659.0,714.0,764.0,4,1036.0
3.0,27.0,33.0,363.0,624.0,842.0,4,924.0
3.0,27.0,33.0,439.0,453.0,842.0,4,924.0
3.0,27.0,146.0,363.0,453.0,633.0,4,924.0
3.0,27.0,33.0,363.0,624.0,842.0,4,924.0
3.0,27.0,33.0,363.0,624.0,842.0,4,924.0
3.0,27.0,146.0,359.0,439.0,453.0,4,633.0
3.0,27.0,359.0,439.0,453.0,633.0,4,842.0
3.0,27.0,359.0,439.0,453.0,633.0,4,842.0
3.0,27.0,359.0,363.0,453.0,633.0,4,842.0
3.0,27.0,359.0,363.0,453.0,633.0,4,842.0
3.0,27.0,33.0,363.0,624.0,842.0,4,924.0
3.0,27.0,33.0,146.0,359.0,439.0,4,453.0
3.0,27.0,33.0,146.0,439.0,624.0,4,924.0
3.0,27.0,33.0,363.0,624.0,842.0,4,924.0
3.0,27.0,33.0,363.0,624.0,842.0,4,924.0
3.0,27.0,33.0,146.0,439.0,453.0,4,924.0
3.0,27.0,146.0,359.0,439.0,453.0,4,633.0
3.0,27.0,33.0,146.0,363.0,453.0,4,924.0
3.0,27.0,33.0,359.0,439.0,842.0,4,924.0
3.0,27.0,146.0,359.0,439.0,453.0,4,633.0
3.0,27.0,146.0,359.0,363.0,453.0,4,633.0
3.0,27.0,33.0,363.0,453.0,842.0,4,924.0
3.0,27.0,33.0,363.0,453.0,842.0,4,924.0
3.0,27.0,33.0,359.0,363.0,842.0,4,924.0
3.0,27.0,146.0,300.0,359.0,439.0,4,633.0
3.0,27.0,146.0,300.0,359.0,439.0,4,633.0
3.0,27.0,33.0,359.0,633.0,842.0,4,924.0
3.0,33.0,45.0,134.0,255.0,698.0,4,853.0
3.0,33.0,125.0,134.0,789.0,854.0,4,1016.0
3.0,33.0,134.0,255.0,601.0,789.0,4,1016.0
3.0,33.0,45.0,134.0,255.0,789.0,4,853.0
3.0,33.0,45.0,134.0,255.0,789.0,4,1016.0
3.0,33.0,45.0,134.0,255.0,789.0,4,1016.0
3.0,33.0,45.0,698.0,789.0,854.0,4,1016.0
3.0,33.0,255.0,698.0,789.0,853.0,4,1016.0
3.0,33.0,45.0,134.0,255.0,789.0,4,1016.0
3.0,27.0,33.0,439.0,453.0,842.0,4,924.0
3.0,27.0,146.0,439.0,453.0,842.0,4,924.0
3.0,27.0,146.0,439.0,453.0,842.0,4,924.0
3.0,27.0,359.0,439.0,453.0,633.0,4,842.0
3.0,27.0,146.0,439.0,445.0,453.0,4,924.0
3.0,27.0,33.0,439.0,453.0,842.0,4,924.0
3.0,27.0,33.0,146.0,359.0,439.0,4,924.0
3.0,27.0,33.0,359.0,439.0,453.0,4,633.0
3.0,27.0,33.0,146.0,439.0,453.0,4,924.0
3.0,27.0,33.0,363.0,453.0,842.0,4,924.0
3.0,27.0,33.0,146.0,439.0,453.0,4,924.0
3.0,27.0,146.0,300.0,359.0,439.0,4,633.0
3.0,27.0,146.0,363.0,453.0,842.0,4,924.0
3.0,27.0,33.0,363.0,453.0,842.0,4,924.0
3.0,27.0,146.0,300.0,359.0,439.0,4,633.0
3.0,27.0,146.0,359.0,363.0,439.0,4,633.0
3.0,27.0,146.0,363.0,439.0,633.0,4,924.0
3.0,11.0,1.0,132.0,150.0,173.0,4,974.0
3.0,11.0,1.0,132.0,150.0,232.0,4,974.0
3.0,11.0,1.0,132.0,150.0,232.0,4,895.0
3.0,11.0,1.0,498.0,638.0,895.0,4,974.0
3.0,11.0,1.0,173.0,638.0,895.0,4,974.0
3.0,11.0,1.0,173.0,638.0,895.0,4,974.0
3.0,11.0,132.0,150.0,895.0,974.0,4,1021.0
3.0,11.0,1.0,132.0,150.0,895.0,4,974.0
3.0,11.0,1.0,132.0,150.0,895.0,4,974.0
3.0,11.0,1.0,132.0,638.0,895.0,4,974.0
3.0,8.0,57.0,153.0,400.0,575.0,4,984.0
3.0,8.0,57.0,151.0,153.0,400.0,4,747.0
3.0,8.0,74.0,151.0,499.0,575.0,4,747.0
3.0,8.0,74.0,151.0,400.0,747.0,4,984.0
3.0,8.0,74.0,151.0,400.0,747.0,4,984.0
3.0,8.0,74.0,400.0,499.0,501.0,4,984.0
3.0,29.0,46.0,86.0,508.0,769.0,4,990.0
3.0,29.0,46.0,86.0,580.0,890.0,4,914.0
3.0,29.0,283.0,580.0,890.0,914.0,4,990.0
3.0,29.0,86.0,283.0,508.0,769.0,4,990.0
3.0,29.0,283.0,580.0,769.0,914.0,4,990.0
3.0,29.0,283.0,383.0,508.0,769.0,4,890.0
3.0,29.0,86.0,508.0,769.0,883.0,4,890.0
3.0,29.0,86.0,383.0,508.0,769.0,4,890.0
3.0,27.0,359.0,363.0,439.0,633.0,4,842.0
3.0,27.0,146.0,363.0,439.0,842.0,4,924.0
3.0,27.0,146.0,363.0,439.0,633.0,4,924.0
3.0,27.0,146.0,363.0,439.0,633.0,4,924.0
3.0,27.0,33.0,359.0,439.0,453.0,4,633.0
3.0,27.0,33.0,146.0,359.0,439.0,4,453.0
3.0,27.0,33.0,146.0,439.0,453.0,4,924.0
3.0,15.0,659.0,714.0,764.0,860.0,4,1036.0
3.0,15.0,229.0,672.0,860.0,872.0,4,1036.0
3.0,15.0,377.0,659.0,714.0,764.0,4,860.0
3.0,15.0,659.0,714.0,764.0,860.0,4,1036.0
3.0,15.0,229.0,244.0,714.0,872.0,4,1036.0
3.0,15.0,229.0,244.0,714.0,872.0,4,1036.0
3.0,15.0,659.0,714.0,764.0,860.0,4,1036.0
3.0,15.0,659.0,714.0,860.0,872.0,4,1036.0
3.0,7.0,112.0,137.0,277.0,451.0,4,455.0
3.0,7.0,137.0,277.0,308.0,451.0,4,455.0
3.0,7.0,137.0,277.0,308.0,451.0,4,455.0
3.0,7.0,137.0,308.0,396.0,455.0,4,902.0
3.0,7.0,137.0,308.0,396.0,455.0,4,902.0
3.0,7.0,112.0,277.0,451.0,455.0,4,902.0
3.0,7.0,112.0,137.0,277.0,451.0,4,455.0
3.0,7.0,112.0,137.0,277.0,451.0,4,902.0
3.0,7.0,112.0,137.0,277.0,451.0,4,455.0
3.0,7.0,137.0,277.0,451.0,455.0,4,902.0
3.0,7.0,137.0,277.0,451.0,455.0,4,902.0
3.0,27.0,33.0,439.0,453.0,842.0,4,924.0
3.0,27.0,33.0,439.0,453.0,842.0,4,924.0
3.0,27.0,33.0,146.0,439.0,453.0,4,924.0
3.0,27.0,146.0,359.0,363.0,439.0,4,633.0
3.0,27.0,33.0,363.0,453.0,842.0,4,924.0
3.0,27.0,33.0,363.0,453.0,842.0,4,924.0
3.0,27.0,33.0,359.0,363.0,439.0,4,842.0
3.0,27.0,146.0,359.0,363.0,439.0,4,842.0
3.0,27.0,146.0,359.0,439.0,453.0,4,633.0
3.0,27.0,146.0,359.0,439.0,453.0,4,633.0
3.0,27.0,33.0,363.0,453.0,842.0,4,924.0
3.0,27.0,33.0,363.0,439.0,842.0,4,924.0
3.0,27.0,146.0,359.0,439.0,453.0,4,633.0
3.0,27.0,33.0,363.0,453.0,842.0,4,924.0
3.0,27.0,33.0,363.0,453.0,842.0,4,924.0
3.0,27.0,33.0,363.0,453.0,842.0,4,924.0
3.0,27.0,33.0,363.0,453.0,842.0,4,924.0
3.0,27.0,33.0,363.0,453.0,842.0,4,924.0
3.0,27.0,33.0,146.0,359.0,439.0,4,453.0
3.0,27.0,146.0,359.0,363.0,439.0,4,633.0
3.0,27.0,146.0,359.0,363.0,439.0,4,633.0
3.0,27.0,33.0,146.0,363.0,453.0,4,924.0
3.0,24.0,463.0,576.0,746.0,863.0,4,947.0
3.0,24.0,321.0,425.0,463.0,750.0,4,888.0
3.0,24.0,321.0,463.0,750.0,863.0,4,888.0
3.0,24.0,463.0,576.0,746.0,863.0,4,947.0
3.0,24.0,425.0,463.0,576.0,746.0,4,863.0
3.0,24.0,425.0,463.0,576.0,750.0,4,863.0
3.0,24.0,321.0,425.0,463.0,576.0,4,750.0
3.0,24.0,321.0,425.0,463.0,863.0,4,888.0
3.0,24.0,321.0,425.0,576.0,863.0,4,888.0
3.0,24.0,321.0,425.0,576.0,863.0,4,888.0
3.0,27.0,33.0,363.0,453.0,842.0,4,924.0
3.0,27.0,33.0,439.0,453.0,842.0,4,924.0
3.0,27.0,33.0,146.0,439.0,453.0,4,924.0
3.0,27.0,359.0,363.0,439.0,633.0,4,842.0
3.0,27.0,33.0,363.0,453.0,842.0,4,924.0
3.0,27.0,33.0,363.0,453.0,842.0,4,924.0
3.0,27.0,33.0,439.0,453.0,842.0,4,924.0
3.0,27.0,33.0,359.0,439.0,842.0,4,924.0
3.0,27.0,146.0,359.0,363.0,439.0,4,633.0
3.0,27.0,33.0,146.0,359.0,439.0,4,453.0
3.0,27.0,33.0,359.0,439.0,453.0,4,842.0
3.0,27.0,33.0,363.0,453.0,842.0,4,924.0
3.0,27.0,33.0,439.0,453.0,842.0,4,924.0
3.0,27.0,33.0,146.0,439.0,453.0,4,924.0
3.0,27.0,33.0,359.0,363.0,453.0,4,842.0
3.0,27.0,33.0,363.0,453.0,842.0,4,924.0
3.0,27.0,33.0,439.0,453.0,842.0,4,924.0
3.0,27.0,33.0,146.0,439.0,453.0,4,924.0
3.0,27.0,146.0,359.0,363.0,439.0,4,842.0
3.0,27.0,146.0,359.0,363.0,439.0,4,842.0
3.0,27.0,146.0,359.0,363.0,439.0,4,842.0
3.0,30.0,68.0,350.0,561.0,953.0,4,963.0
3.0,30.0,68.0,350.0,657.0,829.0,4,953.0
3.0,30.0,240.0,657.0,829.0,847.0,4,963.0
3.0,30.0,240.0,657.0,829.0,847.0,4,963.0
3.0,30.0,68.0,350.0,657.0,829.0,4,953.0
3.0,30.0,68.0,350.0,561.0,953.0,4,963.0
3.0,30.0,240.0,350.0,657.0,829.0,4,953.0
3.0,30.0,240.0,350.0,657.0,829.0,4,963.0
3.0,30.0,68.0,240.0,657.0,829.0,4,963.0
3.0,30.0,68.0,350.0,657.0,829.0,4,953.0
3.0,27.0,33.0,146.0,439.0,453.0,4,924.0
3.0,27.0,33.0,146.0,439.0,453.0,4,924.0
3.0,27.0,146.0,359.0,439.0,453.0,4,633.0
3.0,27.0,146.0,359.0,363.0,439.0,4,633.0
3.0,27.0,146.0,359.0,363.0,439.0,4,633.0
3.0,27.0,146.0,359.0,363.0,439.0,4,633.0
3.0,27.0,146.0,359.0,363.0,453.0,4,633.0
3.0,27.0,33.0,363.0,453.0,842.0,4,924.0
3.0,27.0,33.0,146.0,439.0,453.0,4,924.0
3.0,27.0,33.0,146.0,439.0,453.0,4,924.0
3.0,27.0,146.0,363.0,439.0,633.0,4,924.0
3.0,27.0,33.0,146.0,363.0,453.0,4,924.0
3.0,13.0,80.0,161.0,290.0,320.0,4,817.0
3.0,13.0,238.0,290.0,320.0,922.0,4,971.0
3.0,13.0,80.0,161.0,290.0,320.0,4,817.0
3.0,13.0,238.0,290.0,320.0,817.0,4,922.0
3.0,13.0,238.0,320.0,922.0,925.0,4,971.0
3.0,13.0,93.0,238.0,922.0,925.0,4,971.0
3.0,27.0,33.0,363.0,453.0,842.0,4,924.0
3.0,27.0,33.0,146.0,439.0,453.0,4,924.0
3.0,27.0,33.0,146.0,300.0,439.0,4,924.0
3.0,27.0,146.0,363.0,439.0,453.0,4,633.0
3.0,27.0,33.0,363.0,453.0,842.0,4,924.0
3.0,27.0,33.0,363.0,439.0,453.0,4,633.0
3.0,27.0,33.0,363.0,453.0,842.0,4,924.0
3.0,27.0,33.0,146.0,439.0,453.0,4,924.0
3.0,27.0,33.0,439.0,453.0,633.0,4,924.0
3.0,27.0,300.0,363.0,439.0,633.0,4,842.0
3.0,27.0,300.0,363.0,439.0,633.0,4,842.0
3.0,27.0,363.0,439.0,453.0,633.0,4,842.0
3.0,27.0,33.0,146.0,439.0,453.0,4,924.0
3.0,27.0,33.0,146.0,439.0,453.0,4,924.0
3.0,27.0,439.0,445.0,453.0,633.0,4,924.0
3.0,27.0,33.0,363.0,439.0,453.0,4,842.0
3.0,27.0,33.0,439.0,453.0,842.0,4,924.0
3.0,27.0,33.0,363.0,453.0,842.0,4,924.0
3.0,27.0,33.0,439.0,445.0,453.0,4,924.0
3.0,27.0,33.0,359.0,439.0,445.0,4,924.0
3.0,27.0,33.0,363.0,439.0,633.0,4,924.0
3.0,27.0,33.0,363.0,439.0,633.0,4,924.0
3.0,27.0,359.0,439.0,445.0,453.0,4,633.0
3.0,27.0,33.0,363.0,453.0,633.0,4,924.0
3.0,27.0,33.0,363.0,453.0,633.0,4,924.0
3.0,27.0,33.0,363.0,453.0,842.0,4,924.0
3.0,27.0,146.0,359.0,363.0,439.0,4,633.0
3.0,27.0,146.0,359.0,363.0,439.0,4,633.0
3.0,27.0,33.0,363.0,453.0,842.0,4,924.0
3.0,27.0,33.0,363.0,453.0,842.0,4,924.0
3.0,27.0,33.0,146.0,439.0,453.0,4,924.0
3.0,27.0,33.0,146.0,359.0,439.0,4,453.0
3.0,27.0,146.0,359.0,439.0,453.0,4,633.0
3.0,27.0,146.0,359.0,439.0,453.0,4,633.0
3.0,27.0,33.0,363.0,453.0,842.0,4,924.0
3.0,27.0,33.0,363.0,453.0,842.0,4,924.0
3.0,27.0,146.0,439.0,453.0,633.0,4,924.0
3.0,27.0,146.0,359.0,363.0,439.0,4,633.0
3.0,27.0,146.0,359.0,363.0,439.0,4,633.0
3.0,27.0,33.0,363.0,453.0,624.0,4,842.0
3.0,27.0,33.0,363.0,453.0,842.0,4,924.0
3.0,27.0,33.0,363.0,453.0,842.0,4,924.0
3.0,27.0,146.0,359.0,439.0,624.0,4,633.0
3.0,27.0,359.0,445.0,624.0,633.0,4,940.0
3.0,27.0,33.0,363.0,453.0,842.0,4,924.0
3.0,27.0,33.0,146.0,439.0,453.0,4,924.0
3.0,27.0,33.0,146.0,359.0,439.0,4,453.0
3.0,27.0,146.0,359.0,439.0,624.0,4,633.0
3.0,27.0,33.0,359.0,453.0,633.0,4,924.0
3.0,27.0,33.0,359.0,453.0,842.0,4,924.0
3.0,27.0,33.0,363.0,453.0,842.0,4,924.0
3.0,27.0,146.0,363.0,453.0,842.0,4,924.0
3.0,27.0,146.0,359.0,363.0,439.0,4,633.0
3.0,27.0,33.0,363.0,453.0,842.0,4,924.0
3.0,27.0,33.0,363.0,453.0,842.0,4,924.0
3.0,27.0,33.0,146.0,359.0,439.0,4,453.0
3.0,27.0,146.0,359.0,363.0,439.0,4,633.0
3.0,27.0,146.0,359.0,363.0,439.0,4,633.0
3.0,27.0,33.0,146.0,363.0,453.0,4,924.0
3.0,27.0,33.0,146.0,453.0,624.0,4,924.0
3.0,27.0,33.0,363.0,453.0,842.0,4,924.0
3.0,27.0,33.0,146.0,439.0,453.0,4,924.0
3.0,27.0,33.0,146.0,359.0,363.0,4,439.0
3.0,27.0,33.0,146.0,359.0,363.0,4,439.0
3.0,27.0,33.0,146.0,363.0,439.0,4,924.0
3.0,10.0,64.0,263.0,731.0,826.0,4,918.0
3.0,10.0,60.0,64.0,263.0,826.0,4,918.0
3.0,10.0,64.0,182.0,731.0,826.0,4,918.0
3.0,10.0,60.0,64.0,126.0,731.0,4,826.0
3.0,27.0,33.0,363.0,453.0,842.0,4,924.0
3.0,27.0,33.0,146.0,439.0,453.0,4,924.0
3.0,27.0,146.0,359.0,439.0,624.0,4,633.0
3.0,27.0,146.0,359.0,439.0,624.0,4,633.0
3.0,27.0,33.0,363.0,453.0,842.0,4,924.0
3.0,27.0,33.0,363.0,453.0,842.0,4,924.0
3.0,27.0,33.0,146.0,363.0,453.0,4,924.0
3.0,27.0,146.0,359.0,439.0,624.0,4,633.0
3.0,27.0,300.0,359.0,445.0,624.0,4,633.0
3.0,18.0,14.0,181.0,226.0,514.0,4,866.0
3.0,18.0,14.0,181.0,514.0,579.0,4,866.0
3.0,18.0,14.0,181.0,226.0,514.0,4,866.0
3.0,18.0,14.0,181.0,226.0,514.0,4,866.0
3.0,18.0,14.0,514.0,579.0,876.0,4,1013.0
3.0,18.0,14.0,181.0,579.0,809.0,4,866.0
3.0,4.0,103.0,259.0,426.0,589.0,4,936.0
3.0,4.0,259.0,487.0,589.0,851.0,4,936.0
3.0,4.0,259.0,373.0,437.0,487.0,4,851.0
3.0,4.0,103.0,259.0,373.0,589.0,4,851.0
3.0,4.0,259.0,437.0,487.0,851.0,4,936.0
3.0,4.0,259.0,437.0,487.0,851.0,4,936.0
3.0,4.0,259.0,437.0,487.0,851.0,4,936.0
3.0,4.0,6.0,103.0,373.0,426.0,4,851.0
3.0,9.0,85.0,510.0,845.0,941.0,4,1019.0
3.0,9.0,76.0,81.0,149.0,510.0,4,845.0
3.0,9.0,76.0,81.0,85.0,510.0,4,845.0
3.0,9.0,199.0,510.0,845.0,941.0,4,1019.0
3.0,9.0,76.0,81.0,199.0,510.0,4,941.0
3.0,9.0,81.0,85.0,149.0,845.0,4,1019.0
3.0,9.0,81.0,85.0,149.0,845.0,4,941.0
3.0,17.0,47.0,108.0,135.0,505.0,4,635.0
3.0,17.0,47.0,483.0,505.0,635.0,4,642.0
3.0,17.0,135.0,328.0,483.0,598.0,4,642.0
3.0,17.0,135.0,328.0,483.0,598.0,4,642.0
3.0,17.0,47.0,108.0,135.0,328.0,4,505.0
3.0,17.0,108.0,135.0,328.0,505.0,4,598.0
3.0,17.0,108.0,135.0,505.0,598.0,4,635.0
3.0,17.0,108.0,135.0,328.0,505.0,4,598.0
3.0,17.0,108.0,135.0,328.0,483.0,4,598.0
3.0,27.0,33.0,146.0,363.0,453.0,4,924.0
3.0,27.0,146.0,359.0,439.0,633.0,4,924.0
3.0,27.0,146.0,359.0,439.0,633.0,4,924.0
3.0,27.0,33.0,363.0,453.0,633.0,4,924.0
3.0,27.0,33.0,146.0,363.0,453.0,4,924.0
3.0,27.0,33.0,146.0,439.0,453.0,4,924.0
3.0,27.0,146.0,359.0,363.0,439.0,4,633.0
3.0,27.0,33.0,359.0,363.0,439.0,4,633.0
3.0,27.0,33.0,146.0,359.0,363.0,4,439.0
3.0,27.0,33.0,146.0,359.0,363.0,4,439.0
3.0,24.0,463.0,576.0,863.0,888.0,4,947.0
3.0,24.0,321.0,425.0,576.0,863.0,4,888.0
3.0,24.0,330.0,463.0,576.0,863.0,4,947.0
3.0,24.0,463.0,576.0,750.0,863.0,4,947.0
3.0,24.0,463.0,576.0,750.0,863.0,4,947.0
3.0,24.0,321.0,463.0,576.0,750.0,4,947.0
3.0,24.0,321.0,425.0,463.0,863.0,4,888.0
3.0,27.0,33.0,363.0,445.0,453.0,4,924.0
3.0,27.0,33.0,146.0,439.0,453.0,4,924.0
3.0,27.0,146.0,359.0,439.0,624.0,4,633.0
3.0,27.0,33.0,363.0,624.0,633.0,4,924.0
3.0,27.0,33.0,363.0,453.0,633.0,4,924.0
3.0,27.0,33.0,363.0,453.0,633.0,4,924.0
3.0,27.0,146.0,359.0,363.0,633.0,4,924.0
3.0,27.0,33.0,363.0,445.0,453.0,4,924.0
3.0,27.0,146.0,359.0,439.0,624.0,4,633.0
3.0,27.0,33.0,359.0,363.0,633.0,4,924.0
3.0,27.0,33.0,146.0,363.0,453.0,4,924.0
3.0,27.0,33.0,363.0,445.0,453.0,4,924.0
3.0,27.0,33.0,363.0,445.0,453.0,4,924.0
3.0,27.0,33.0,146.0,363.0,453.0,4,924.0
3.0,27.0,146.0,359.0,439.0,624.0,4,633.0
3.0,27.0,146.0,300.0,359.0,439.0,4,624.0
3.0,27.0,33.0,300.0,359.0,363.0,4,453.0
3.0,27.0,33.0,146.0,363.0,453.0,4,924.0
3.0,27.0,33.0,146.0,363.0,453.0,4,924.0
3.0,27.0,33.0,146.0,363.0,453.0,4,924.0
3.0,27.0,146.0,439.0,453.0,633.0,4,924.0
3.0,27.0,146.0,359.0,439.0,624.0,4,633.0
3.0,27.0,292.0,300.0,359.0,624.0,4,633.0
3.0,33.0,125.0,255.0,698.0,789.0,4,1016.0
3.0,33.0,125.0,255.0,601.0,698.0,4,789.0
3.0,33.0,255.0,698.0,773.0,789.0,4,1016.0
3.0,33.0,255.0,593.0,773.0,789.0,4,1016.0
3.0,33.0,593.0,607.0,773.0,932.0,4,1016.0
3.0,10.0,52.0,731.0,855.0,918.0,4,920.0
3.0,10.0,182.0,731.0,855.0,918.0,4,920.0
3.0,10.0,182.0,731.0,855.0,918.0,4,920.0
3.0,10.0,52.0,60.0,182.0,564.0,4,731.0
3.0,10.0,52.0,60.0,182.0,564.0,4,731.0
3.0,10.0,52.0,60.0,182.0,564.0,4,918.0
3.0,10.0,60.0,62.0,182.0,918.0,4,920.0
3.0,10.0,52.0,60.0,182.0,564.0,4,918.0
3.0,10.0,60.0,182.0,564.0,855.0,4,918.0
3.0,10.0,564.0,731.0,855.0,918.0,4,920.0
3.0,10.0,52.0,564.0,731.0,918.0,4,920.0
3.0,10.0,52.0,564.0,731.0,918.0,4,920.0
3.0,10.0,182.0,564.0,725.0,731.0,4,918.0
3.0,10.0,60.0,62.0,182.0,731.0,4,918.0
3.0,10.0,60.0,182.0,725.0,731.0,4,920.0
3.0,10.0,60.0,182.0,725.0,731.0,4,920.0
3.0,10.0,52.0,60.0,731.0,918.0,4,920.0
3.0,10.0,60.0,725.0,731.0,918.0,4,920.0
3.0,10.0,60.0,182.0,725.0,731.0,4,920.0
3.0,10.0,60.0,182.0,725.0,731.0,4,920.0
3.0,10.0,60.0,62.0,182.0,731.0,4,920.0
3.0,10.0,52.0,60.0,731.0,918.0,4,920.0
3.0,10.0,60.0,62.0,182.0,564.0,4,918.0
3.0,10.0,60.0,62.0,182.0,731.0,4,920.0
3.0,10.0,60.0,725.0,731.0,918.0,4,920.0
3.0,10.0,60.0,62.0,731.0,918.0,4,920.0
3.0,10.0,60.0,62.0,126.0,564.0,4,918.0
3.0,10.0,6.0,60.0,62.0,126.0,4,564.0
3.0,29.0,46.0,86.0,456.0,769.0,4,990.0
3.0,29.0,46.0,86.0,456.0,769.0,4,990.0
3.0,29.0,46.0,389.0,769.0,914.0,4,990.0
3.0,29.0,46.0,86.0,389.0,456.0,4,990.0
3.0,29.0,46.0,389.0,456.0,769.0,4,990.0
3.0,29.0,46.0,86.0,456.0,914.0,4,990.0
3.0,29.0,46.0,86.0,389.0,456.0,4,990.0
3.0,29.0,86.0,283.0,389.0,456.0,4,769.0
3.0,29.0,86.0,283.0,389.0,769.0,4,914.0
3.0,29.0,86.0,283.0,389.0,769.0,4,914.0
3.0,10.0,564.0,725.0,731.0,918.0,4,920.0
3.0,10.0,60.0,62.0,564.0,731.0,4,920.0
3.0,10.0,60.0,62.0,182.0,564.0,4,731.0
3.0,10.0,60.0,182.0,725.0,731.0,4,920.0
3.0,10.0,60.0,182.0,725.0,731.0,4,920.0
3.0,10.0,60.0,182.0,725.0,918.0,4,920.0
3.0,10.0,60.0,62.0,564.0,918.0,4,920.0
3.0,10.0,60.0,564.0,725.0,731.0,4,920.0
3.0,10.0,60.0,564.0,725.0,731.0,4,920.0
3.0,10.0,60.0,62.0,564.0,918.0,4,920.0
3.0,10.0,60.0,62.0,731.0,918.0,4,920.0
3.0,10.0,6.0,62.0,126.0,731.0,4,918.0
3.0,10.0,6.0,60.0,126.0,725.0,4,918.0
3.0,10.0,6.0,60.0,62.0,126.0,4,918.0
3.0,12.0,111.0,201.0,216.0,856.0,4,933.0
3.0,12.0,111.0,201.0,216.0,301.0,4,910.0
3.0,12.0,111.0,201.0,301.0,910.0,4,986.0
3.0,12.0,0.0,201.0,216.0,647.0,4,910.0
3.0,12.0,111.0,201.0,216.0,301.0,4,856.0
3.0,12.0,111.0,201.0,216.0,301.0,4,856.0
3.0,12.0,111.0,201.0,216.0,301.0,4,856.0
3.0,12.0,111.0,201.0,216.0,301.0,4,910.0
3.0,12.0,216.0,301.0,647.0,910.0,4,986.0
3.0,12.0,0.0,201.0,216.0,647.0,4,910.0
3.0,12.0,111.0,201.0,216.0,301.0,4,856.0
3.0,23.0,158.0,215.0,234.0,616.0,4,1027.0
3.0,23.0,12.0,440.0,740.0,959.0,4,1027.0
3.0,23.0,12.0,158.0,215.0,616.0,4,959.0
3.0,23.0,158.0,215.0,234.0,740.0,4,1027.0
3.0,23.0,12.0,226.0,740.0,959.0,4,1027.0
3.0,23.0,158.0,234.0,667.0,959.0,4,1027.0
3.0,23.0,158.0,234.0,520.0,667.0,4,959.0
3.0,17.0,211.0,328.0,488.0,635.0,4,642.0
3.0,17.0,108.0,488.0,598.0,635.0,4,642.0
3.0,17.0,47.0,108.0,635.0,642.0,4,849.0
3.0,17.0,47.0,108.0,148.0,635.0,4,642.0
3.0,17.0,47.0,108.0,148.0,635.0,4,642.0
3.0,17.0,47.0,108.0,148.0,488.0,4,635.0
3.0,17.0,47.0,108.0,148.0,488.0,4,635.0
3.0,6.0,61.0,397.0,623.0,730.0,4,1039.0
3.0,6.0,61.0,213.0,397.0,420.0,4,623.0
3.0,6.0,213.0,227.0,420.0,730.0,4,1039.0
3.0,6.0,250.0,397.0,420.0,623.0,4,1039.0
3.0,6.0,397.0,420.0,623.0,730.0,4,1039.0
3.0,6.0,61.0,213.0,227.0,250.0,4,623.0
3.0,6.0,61.0,213.0,227.0,730.0,4,1039.0
3.0,6.0,61.0,213.0,227.0,623.0,4,730.0
3.0,6.0,61.0,213.0,397.0,623.0,4,730.0
3.0,1.0,570.0,577.0,790.0,808.0,4,820.0
3.0,1.0,305.0,577.0,790.0,815.0,4,820.0
3.0,1.0,399.0,682.0,808.0,815.0,4,905.0
3.0,1.0,570.0,577.0,682.0,790.0,4,808.0
3.0,1.0,570.0,577.0,790.0,808.0,4,820.0
3.0,1.0,790.0,808.0,815.0,820.0,4,905.0
3.0,1.0,682.0,790.0,808.0,815.0,4,905.0
3.0,1.0,305.0,682.0,808.0,815.0,4,905.0
3.0,1.0,305.0,577.0,682.0,808.0,4,815.0
3.0,1.0,305.0,577.0,682.0,790.0,4,808.0
3.0,1.0,570.0,577.0,790.0,808.0,4,820.0
3.0,10.0,60.0,62.0,182.0,731.0,4,918.0
3.0,10.0,60.0,62.0,731.0,918.0,4,1007.0
3.0,10.0,60.0,62.0,731.0,918.0,4,1007.0
3.0,10.0,60.0,62.0,731.0,918.0,4,1007.0
3.0,10.0,60.0,159.0,182.0,731.0,4,918.0
3.0,10.0,60.0,62.0,182.0,731.0,4,918.0
3.0,10.0,60.0,62.0,182.0,731.0,4,918.0
3.0,10.0,60.0,159.0,731.0,918.0,4,1007.0
3.0,10.0,60.0,159.0,731.0,918.0,4,1007.0
3.0,7.0,277.0,290.0,451.0,803.0,4,846.0
3.0,7.0,290.0,451.0,455.0,846.0,4,956.0
3.0,7.0,277.0,290.0,396.0,451.0,4,803.0
3.0,7.0,277.0,290.0,396.0,451.0,4,455.0
3.0,7.0,396.0,451.0,455.0,595.0,4,956.0
3.0,7.0,277.0,396.0,455.0,595.0,4,956.0
3.0,30.0,68.0,561.0,829.0,953.0,4,963.0
3.0,30.0,68.0,350.0,561.0,953.0,4,963.0
3.0,30.0,68.0,561.0,829.0,953.0,4,963.0
3.0,30.0,561.0,689.0,829.0,953.0,4,963.0
3.0,30.0,68.0,350.0,689.0,829.0,4,963.0
3.0,30.0,240.0,350.0,705.0,829.0,4,847.0
3.0,30.0,240.0,350.0,705.0,829.0,4,847.0
3.0,30.0,240.0,350.0,705.0,829.0,4,847.0
3.0,30.0,350.0,689.0,847.0,953.0,4,963.0
3.0,30.0,350.0,561.0,847.0,953.0,4,963.0
3.0,10.0,60.0,62.0,182.0,731.0,4,855.0
3.0,10.0,60.0,62.0,182.0,731.0,4,855.0
3.0,10.0,60.0,62.0,182.0,731.0,4,855.0
3.0,10.0,60.0,126.0,159.0,918.0,4,1007.0
3.0,10.0,60.0,126.0,159.0,918.0,4,1007.0
3.0,10.0,159.0,182.0,731.0,918.0,4,1007.0
3.0,10.0,182.0,731.0,855.0,918.0,4,1007.0
3.0,10.0,60.0,126.0,159.0,182.0,4,731.0
3.0,10.0,60.0,62.0,126.0,918.0,4,1007.0
3.0,10.0,60.0,182.0,725.0,731.0,4,1007.0
3.0,10.0,126.0,182.0,731.0,855.0,4,1007.0
3.0,10.0,62.0,126.0,182.0,731.0,4,855.0
3.0,10.0,60.0,62.0,126.0,731.0,4,1007.0
3.0,10.0,60.0,126.0,725.0,731.0,4,1007.0
3.0,10.0,60.0,126.0,182.0,725.0,4,731.0
3.0,10.0,60.0,126.0,159.0,182.0,4,731.0
3.0,10.0,60.0,126.0,159.0,182.0,4,731.0
3.0,10.0,60.0,126.0,159.0,182.0,4,731.0
3.0,10.0,60.0,126.0,159.0,182.0,4,918.0
3.0,10.0,60.0,126.0,182.0,918.0,4,1007.0
3.0,10.0,60.0,126.0,159.0,918.0,4,1007.0
3.0,8.0,74.0,151.0,153.0,400.0,4,575.0
3.0,8.0,74.0,151.0,153.0,400.0,4,984.0
3.0,8.0,136.0,153.0,400.0,747.0,4,984.0
3.0,8.0,136.0,153.0,400.0,747.0,4,984.0
3.0,8.0,136.0,151.0,575.0,747.0,4,984.0
3.0,8.0,74.0,136.0,151.0,575.0,4,747.0
3.0,8.0,74.0,136.0,151.0,575.0,4,747.0
3.0,8.0,74.0,136.0,151.0,575.0,4,747.0
3.0,8.0,136.0,151.0,153.0,400.0,4,747.0
3.0,8.0,74.0,153.0,400.0,575.0,4,984.0
3.0,8.0,57.0,74.0,499.0,653.0,4,984.0
3.0,8.0,57.0,499.0,501.0,653.0,4,984.0
3.0,10.0,60.0,725.0,731.0,918.0,4,1007.0
3.0,10.0,60.0,159.0,731.0,918.0,4,1007.0
3.0,10.0,60.0,126.0,159.0,731.0,4,1007.0
3.0,10.0,126.0,182.0,725.0,731.0,4,1007.0
3.0,10.0,60.0,126.0,182.0,725.0,4,731.0
3.0,10.0,126.0,182.0,731.0,918.0,4,1007.0
3.0,10.0,60.0,159.0,731.0,918.0,4,1007.0
3.0,10.0,60.0,126.0,159.0,731.0,4,1007.0
3.0,10.0,60.0,126.0,159.0,731.0,4,1007.0
3.0,10.0,60.0,126.0,182.0,731.0,4,918.0
3.0,10.0,60.0,126.0,731.0,918.0,4,1007.0
3.0,10.0,126.0,159.0,182.0,731.0,4,918.0
3.0,10.0,62.0,126.0,731.0,918.0,4,1007.0
3.0,10.0,62.0,126.0,731.0,918.0,4,1007.0
3.0,10.0,62.0,182.0,731.0,918.0,4,1007.0
3.0,24.0,463.0,576.0,750.0,900.0,4,947.0
3.0,24.0,425.0,463.0,750.0,863.0,4,900.0
3.0,24.0,425.0,463.0,576.0,863.0,4,900.0
3.0,24.0,425.0,463.0,746.0,863.0,4,947.0
3.0,24.0,463.0,576.0,746.0,863.0,4,947.0
3.0,24.0,463.0,576.0,750.0,863.0,4,947.0
3.0,24.0,425.0,463.0,576.0,750.0,4,863.0
3.0,24.0,425.0,463.0,576.0,750.0,4,900.0
3.0,24.0,425.0,463.0,576.0,750.0,4,863.0
3.0,4.0,103.0,259.0,487.0,589.0,4,646.0
3.0,4.0,103.0,259.0,589.0,646.0,4,936.0
3.0,4.0,103.0,259.0,487.0,505.0,4,646.0
3.0,4.0,103.0,259.0,487.0,505.0,4,646.0
3.0,4.0,487.0,505.0,589.0,646.0,4,936.0
3.0,4.0,259.0,487.0,505.0,589.0,4,646.0
3.0,9.0,85.0,452.0,510.0,828.0,4,845.0
3.0,9.0,149.0,174.0,599.0,828.0,4,845.0
3.0,9.0,85.0,149.0,174.0,828.0,4,845.0
3.0,9.0,85.0,452.0,510.0,828.0,4,845.0
3.0,9.0,76.0,149.0,174.0,452.0,4,828.0
3.0,9.0,76.0,149.0,174.0,452.0,4,510.0
3.0,9.0,76.0,149.0,174.0,452.0,4,510.0
3.0,9.0,85.0,149.0,174.0,828.0,4,845.0
3.0,26.0,29.0,40.0,536.0,874.0,4,948.0
3.0,26.0,29.0,40.0,315.0,536.0,4,948.0
3.0,26.0,29.0,315.0,536.0,843.0,4,948.0
3.0,26.0,315.0,843.0,857.0,948.0,4,1024.0
3.0,26.0,315.0,843.0,857.0,948.0,4,1024.0
3.0,26.0,29.0,40.0,536.0,874.0,4,948.0
3.0,26.0,29.0,40.0,536.0,874.0,4,948.0
3.0,26.0,29.0,40.0,536.0,874.0,4,948.0
3.0,26.0,29.0,40.0,536.0,874.0,4,948.0
3.0,26.0,29.0,40.0,536.0,874.0,4,948.0
3.0,26.0,29.0,536.0,874.0,948.0,4,1024.0
3.0,26.0,315.0,450.0,536.0,948.0,4,1024.0
3.0,26.0,29.0,40.0,874.0,948.0,4,1024.0
3.0,10.0,126.0,182.0,731.0,918.0,4,1007.0
3.0,10.0,60.0,62.0,126.0,263.0,4,731.0
3.0,10.0,60.0,62.0,126.0,182.0,4,731.0
3.0,10.0,60.0,126.0,182.0,731.0,4,1007.0
3.0,10.0,60.0,126.0,182.0,731.0,4,1007.0
3.0,10.0,60.0,62.0,126.0,182.0,4,918.0
3.0,10.0,60.0,62.0,126.0,182.0,4,918.0
3.0,10.0,60.0,62.0,126.0,182.0,4,731.0
3.0,10.0,62.0,126.0,731.0,918.0,4,1007.0
3.0,10.0,62.0,126.0,731.0,918.0,4,1007.0
3.0,10.0,62.0,126.0,731.0,918.0,4,1007.0
3.0,10.0,62.0,126.0,731.0,918.0,4,1007.0
3.0,10.0,60.0,62.0,126.0,182.0,4,731.0
3.0,15.0,244.0,377.0,417.0,764.0,4,872.0
3.0,15.0,244.0,417.0,714.0,872.0,4,1036.0
3.0,15.0,244.0,417.0,659.0,714.0,4,1036.0
3.0,15.0,244.0,417.0,659.0,714.0,4,1036.0
3.0,15.0,244.0,659.0,714.0,764.0,4,1036.0
3.0,15.0,659.0,714.0,764.0,860.0,4,1036.0
3.0,15.0,244.0,417.0,659.0,764.0,4,1036.0
3.0,15.0,244.0,417.0,659.0,764.0,4,872.0
3.0,15.0,714.0,764.0,860.0,872.0,4,1036.0
3.0,15.0,659.0,714.0,764.0,860.0,4,1036.0
3.0,15.0,659.0,714.0,764.0,860.0,4,1036.0
3.0,10.0,60.0,126.0,182.0,731.0,4,855.0
3.0,10.0,60.0,126.0,182.0,731.0,4,855.0
3.0,10.0,60.0,126.0,182.0,731.0,4,855.0
3.0,10.0,60.0,126.0,731.0,855.0,4,1007.0
3.0,10.0,60.0,126.0,731.0,855.0,4,1007.0
3.0,10.0,60.0,126.0,731.0,855.0,4,1007.0
3.0,10.0,126.0,159.0,182.0,731.0,4,1007.0
3.0,10.0,62.0,126.0,182.0,731.0,4,1007.0
3.0,10.0,60.0,62.0,126.0,731.0,4,855.0
3.0,10.0,60.0,126.0,182.0,731.0,4,855.0
3.0,14.0,48.0,518.0,592.0,609.0,4,786.0
3.0,14.0,518.0,592.0,609.0,786.0,4,897.0
3.0,14.0,254.0,532.0,592.0,786.0,4,897.0
3.0,14.0,254.0,592.0,786.0,877.0,4,897.0
3.0,14.0,48.0,254.0,592.0,609.0,4,786.0
3.0,14.0,48.0,254.0,592.0,609.0,4,786.0
3.0,14.0,518.0,592.0,609.0,786.0,4,877.0
3.0,14.0,48.0,518.0,786.0,877.0,4,897.0
3.0,14.0,518.0,592.0,609.0,786.0,4,877.0
3.0,28.0,41.0,110.0,218.0,484.0,4,685.0
3.0,28.0,41.0,110.0,218.0,484.0,4,685.0
3.0,28.0,41.0,110.0,218.0,553.0,4,685.0
3.0,28.0,41.0,110.0,218.0,484.0,4,553.0
3.0,28.0,41.0,110.0,218.0,484.0,4,553.0
3.0,28.0,41.0,110.0,484.0,553.0,4,685.0
3.0,28.0,41.0,110.0,484.0,553.0,4,685.0
3.0,28.0,41.0,110.0,484.0,553.0,4,685.0
3.0,28.0,41.0,110.0,218.0,484.0,4,685.0
3.0,28.0,41.0,218.0,461.0,484.0,4,685.0
3.0,28.0,41.0,110.0,218.0,553.0,4,685.0
3.0,28.0,41.0,110.0,484.0,553.0,4,685.0
3.0,8.0,74.0,499.0,575.0,747.0,4,984.0
3.0,8.0,57.0,400.0,499.0,575.0,4,747.0
3.0,8.0,400.0,499.0,575.0,747.0,4,984.0
3.0,8.0,74.0,499.0,575.0,747.0,4,984.0
3.0,8.0,74.0,400.0,575.0,653.0,4,984.0
3.0,8.0,57.0,74.0,400.0,653.0,4,747.0
3.0,8.0,57.0,400.0,653.0,747.0,4,984.0
3.0,8.0,57.0,400.0,499.0,575.0,4,747.0
3.0,18.0,14.0,766.0,809.0,866.0,4,1013.0
3.0,18.0,14.0,766.0,809.0,876.0,4,1013.0
3.0,18.0,14.0,181.0,204.0,514.0,4,579.0
3.0,18.0,14.0,181.0,579.0,809.0,4,876.0
3.0,18.0,14.0,181.0,579.0,809.0,4,876.0
3.0,18.0,14.0,181.0,579.0,809.0,4,866.0
3.0,18.0,14.0,514.0,579.0,866.0,4,1013.0
3.0,18.0,14.0,204.0,514.0,866.0,4,1013.0
3.0,10.0,62.0,182.0,731.0,855.0,4,918.0
3.0,10.0,126.0,182.0,855.0,918.0,4,1007.0
3.0,10.0,126.0,182.0,731.0,855.0,4,1007.0
3.0,10.0,52.0,126.0,182.0,731.0,4,1007.0
3.0,10.0,60.0,182.0,731.0,855.0,4,918.0
3.0,10.0,182.0,731.0,855.0,918.0,4,1007.0
3.0,10.0,52.0,182.0,731.0,918.0,4,1007.0
3.0,10.0,52.0,182.0,731.0,918.0,4,1007.0
3.0,10.0,60.0,139.0,182.0,731.0,4,855.0
3.0,10.0,60.0,126.0,182.0,918.0,4,1007.0
3.0,10.0,159.0,182.0,731.0,918.0,4,1007.0
3.0,10.0,159.0,182.0,731.0,918.0,4,1007.0
3.0,10.0,126.0,139.0,182.0,731.0,4,1007.0
3.0,10.0,126.0,139.0,182.0,731.0,4,918.0
3.0,10.0,52.0,139.0,182.0,731.0,4,918.0
3.0,10.0,139.0,182.0,731.0,918.0,4,1007.0
3.0,10.0,52.0,60.0,263.0,731.0,4,918.0
3.0,10.0,52.0,139.0,182.0,731.0,4,918.0
3.0,10.0,52.0,60.0,182.0,731.0,4,918.0
3.0,10.0,52.0,60.0,139.0,731.0,4,918.0
3.0,10.0,60.0,159.0,182.0,263.0,4,731.0
3.0,10.0,60.0,139.0,159.0,263.0,4,731.0
3.0,10.0,60.0,139.0,159.0,182.0,4,731.0
3.0,10.0,52.0,60.0,182.0,731.0,4,918.0
3.0,10.0,52.0,139.0,182.0,731.0,4,918.0
3.0,10.0,52.0,139.0,182.0,731.0,4,918.0
3.0,10.0,139.0,159.0,182.0,731.0,4,918.0
3.0,10.0,60.0,159.0,182.0,731.0,4,918.0
3.0,10.0,159.0,182.0,263.0,731.0,4,918.0
3.0,10.0,139.0,159.0,263.0,731.0,4,918.0
3.0,10.0,52.0,182.0,263.0,731.0,4,918.0
3.0,10.0,139.0,182.0,263.0,731.0,4,918.0
3.0,10.0,52.0,182.0,263.0,731.0,4,918.0
3.0,10.0,52.0,139.0,182.0,731.0,4,918.0
3.0,10.0,52.0,139.0,182.0,731.0,4,918.0
3.0,10.0,52.0,139.0,182.0,731.0,4,918.0
3.0,10.0,64.0,139.0,159.0,182.0,4,731.0
3.0,10.0,52.0,64.0,139.0,731.0,4,918.0
3.0,10.0,52.0,64.0,182.0,731.0,4,918.0
3.0,10.0,52.0,64.0,139.0,731.0,4,918.0
3.0,10.0,52.0,139.0,182.0,731.0,4,918.0
3.0,10.0,52.0,139.0,182.0,731.0,4,918.0
3.0,10.0,52.0,182.0,263.0,731.0,4,918.0
3.0,10.0,52.0,139.0,182.0,731.0,4,918.0
3.0,10.0,52.0,64.0,139.0,731.0,4,918.0
3.0,10.0,52.0,64.0,139.0,731.0,4,918.0
3.0,10.0,52.0,64.0,139.0,731.0,4,918.0
3.0,10.0,64.0,139.0,159.0,731.0,4,918.0
3.0,10.0,52.0,182.0,263.0,731.0,4,918.0
3.0,10.0,159.0,182.0,263.0,731.0,4,918.0
3.0,10.0,64.0,159.0,182.0,731.0,4,918.0
3.0,10.0,52.0,64.0,182.0,731.0,4,918.0
3.0,10.0,52.0,64.0,182.0,731.0,4,918.0
3.0,10.0,139.0,182.0,731.0,855.0,4,918.0
3.0,10.0,139.0,182.0,731.0,855.0,4,918.0
3.0,10.0,139.0,182.0,731.0,855.0,4,918.0
3.0,10.0,52.0,64.0,182.0,731.0,4,918.0
3.0,10.0,52.0,64.0,139.0,182.0,4,918.0
3.0,10.0,52.0,64.0,182.0,731.0,4,918.0
3.0,10.0,52.0,64.0,139.0,182.0,4,918.0
3.0,10.0,64.0,139.0,182.0,855.0,4,918.0
3.0,10.0,64.0,139.0,182.0,855.0,4,918.0
3.0,10.0,64.0,139.0,182.0,855.0,4,918.0
3.0,10.0,64.0,139.0,182.0,855.0,4,918.0
3.0,10.0,52.0,64.0,139.0,182.0,4,918.0
3.0,10.0,64.0,139.0,263.0,855.0,4,918.0
3.0,10.0,64.0,139.0,159.0,263.0,4,918.0
3.0,29.0,283.0,456.0,580.0,914.0,4,990.0
3.0,29.0,46.0,283.0,769.0,883.0,4,990.0
3.0,29.0,46.0,86.0,389.0,769.0,4,883.0
3.0,29.0,46.0,86.0,389.0,580.0,4,883.0
3.0,29.0,86.0,283.0,389.0,914.0,4,990.0
3.0,29.0,283.0,456.0,580.0,914.0,4,990.0
3.0,29.0,283.0,456.0,580.0,914.0,4,990.0
3.0,29.0,46.0,86.0,580.0,769.0,4,914.0
3.0,29.0,46.0,86.0,389.0,580.0,4,914.0
3.0,29.0,86.0,283.0,389.0,883.0,4,990.0
3.0,29.0,86.0,283.0,389.0,914.0,4,990.0
3.0,10.0,139.0,182.0,731.0,855.0,4,918.0
3.0,10.0,52.0,126.0,182.0,731.0,4,918.0
3.0,10.0,52.0,64.0,126.0,139.0,4,731.0
3.0,10.0,64.0,126.0,731.0,855.0,4,918.0
3.0,10.0,64.0,139.0,263.0,731.0,4,918.0
3.0,10.0,64.0,139.0,263.0,731.0,4,918.0
3.0,10.0,52.0,64.0,263.0,731.0,4,918.0
3.0,10.0,64.0,263.0,731.0,855.0,4,918.0
3.0,10.0,64.0,263.0,731.0,855.0,4,918.0
3.0,10.0,64.0,263.0,731.0,855.0,4,918.0
3.0,10.0,52.0,64.0,182.0,731.0,4,918.0
3.0,10.0,52.0,182.0,731.0,918.0,4,1007.0
3.0,10.0,182.0,263.0,731.0,855.0,4,918.0
3.0,10.0,126.0,182.0,263.0,731.0,4,1007.0
3.0,10.0,64.0,126.0,182.0,918.0,4,1007.0
3.0,10.0,64.0,126.0,139.0,159.0,4,918.0
3.0,24.0,463.0,576.0,746.0,863.0,4,947.0
3.0,24.0,463.0,576.0,746.0,863.0,4,947.0
3.0,24.0,425.0,576.0,863.0,888.0,4,947.0
3.0,24.0,321.0,576.0,863.0,888.0,4,947.0
3.0,24.0,463.0,576.0,746.0,863.0,4,947.0
3.0,24.0,463.0,576.0,863.0,888.0,4,947.0
3.0,24.0,321.0,425.0,863.0,888.0,4,947.0
3.0,11.0,1.0,173.0,638.0,895.0,4,974.0
3.0,11.0,1.0,173.0,638.0,895.0,4,974.0
3.0,11.0,1.0,173.0,638.0,895.0,4,974.0
3.0,11.0,1.0,173.0,638.0,895.0,4,974.0
3.0,11.0,1.0,173.0,638.0,895.0,4,974.0
3.0,11.0,1.0,132.0,173.0,895.0,4,974.0
3.0,11.0,1.0,132.0,173.0,895.0,4,974.0
3.0,11.0,1.0,132.0,150.0,232.0,4,1021.0
3.0,7.0,277.0,308.0,451.0,455.0,4,902.0
3.0,7.0,290.0,451.0,530.0,846.0,4,902.0
3.0,7.0,290.0,396.0,530.0,846.0,4,902.0
3.0,7.0,277.0,396.0,432.0,455.0,4,530.0
3.0,7.0,432.0,451.0,455.0,530.0,4,902.0
3.0,7.0,432.0,451.0,455.0,530.0,4,902.0
3.0,7.0,432.0,451.0,455.0,803.0,4,902.0
3.0,7.0,277.0,290.0,451.0,455.0,4,530.0
3.0,7.0,290.0,455.0,530.0,846.0,4,902.0
3.0,7.0,277.0,290.0,451.0,455.0,4,530.0
3.0,10.0,52.0,178.0,182.0,731.0,4,918.0
3.0,10.0,52.0,178.0,182.0,731.0,4,918.0
3.0,10.0,60.0,64.0,182.0,731.0,4,855.0
3.0,10.0,60.0,64.0,182.0,731.0,4,855.0
3.0,10.0,60.0,64.0,182.0,855.0,4,918.0
3.0,10.0,60.0,64.0,182.0,855.0,4,918.0
3.0,10.0,64.0,126.0,159.0,178.0,4,918.0
3.0,10.0,52.0,60.0,731.0,855.0,4,918.0
3.0,10.0,52.0,60.0,731.0,855.0,4,918.0
3.0,10.0,52.0,60.0,731.0,855.0,4,918.0
3.0,10.0,60.0,64.0,731.0,855.0,4,918.0
3.0,10.0,52.0,60.0,64.0,731.0,4,918.0
3.0,10.0,60.0,64.0,731.0,855.0,4,918.0
3.0,10.0,60.0,64.0,731.0,855.0,4,918.0
3.0,10.0,52.0,60.0,64.0,126.0,4,918.0
3.0,10.0,52.0,60.0,64.0,126.0,4,918.0
3.0,10.0,60.0,64.0,126.0,855.0,4,918.0
3.0,10.0,60.0,64.0,126.0,855.0,4,918.0
3.0,10.0,60.0,64.0,126.0,855.0,4,918.0
3.0,10.0,60.0,64.0,126.0,855.0,4,918.0
3.0,10.0,60.0,126.0,263.0,855.0,4,918.0
3.0,10.0,52.0,60.0,126.0,263.0,4,918.0
3.0,10.0,52.0,60.0,64.0,126.0,4,918.0
3.0,10.0,60.0,64.0,126.0,855.0,4,918.0
3.0,10.0,60.0,64.0,126.0,855.0,4,918.0
3.0,10.0,60.0,64.0,126.0,855.0,4,918.0
3.0,14.0,48.0,254.0,700.0,786.0,4,897.0
3.0,14.0,254.0,609.0,700.0,786.0,4,897.0
3.0,14.0,48.0,518.0,609.0,786.0,4,897.0
3.0,14.0,7.0,48.0,518.0,609.0,4,877.0
3.0,14.0,48.0,254.0,609.0,700.0,4,897.0
3.0,14.0,48.0,254.0,609.0,700.0,4,897.0
3.0,14.0,518.0,609.0,700.0,786.0,4,897.0
3.0,14.0,48.0,518.0,609.0,700.0,4,897.0
3.0,10.0,52.0,60.0,126.0,182.0,4,918.0
3.0,10.0,60.0,126.0,182.0,855.0,4,918.0
3.0,10.0,60.0,64.0,126.0,855.0,4,918.0
3.0,10.0,60.0,64.0,126.0,855.0,4,918.0
3.0,10.0,60.0,64.0,126.0,855.0,4,918.0
3.0,10.0,64.0,126.0,263.0,855.0,4,918.0
3.0,10.0,64.0,126.0,263.0,855.0,4,918.0
3.0,10.0,52.0,60.0,64.0,126.0,4,263.0
3.0,10.0,52.0,60.0,126.0,263.0,4,918.0
3.0,10.0,60.0,64.0,263.0,855.0,4,918.0
3.0,10.0,60.0,64.0,126.0,159.0,4,918.0
3.0,10.0,52.0,60.0,182.0,731.0,4,918.0
3.0,10.0,52.0,60.0,182.0,731.0,4,918.0
3.0,10.0,52.0,60.0,126.0,182.0,4,918.0
3.0,10.0,64.0,126.0,159.0,263.0,4,731.0
3.0,10.0,64.0,126.0,159.0,263.0,4,918.0
3.0,10.0,64.0,126.0,159.0,263.0,4,918.0
3.0,10.0,60.0,64.0,126.0,159.0,4,918.0
3.0,10.0,52.0,60.0,64.0,731.0,4,918.0
3.0,10.0,52.0,60.0,263.0,731.0,4,918.0
3.0,10.0,52.0,126.0,263.0,731.0,4,918.0
3.0,10.0,60.0,126.0,159.0,263.0,4,731.0
3.0,10.0,52.0,126.0,263.0,731.0,4,918.0
3.0,10.0,64.0,126.0,263.0,731.0,4,918.0
3.0,10.0,64.0,126.0,159.0,731.0,4,918.0
3.0,10.0,64.0,126.0,159.0,731.0,4,918.0
3.0,10.0,60.0,64.0,126.0,159.0,4,918.0
3.0,10.0,52.0,60.0,126.0,159.0,4,918.0
3.0,10.0,52.0,60.0,126.0,159.0,4,918.0
3.0,10.0,52.0,60.0,64.0,731.0,4,918.0
3.0,10.0,126.0,159.0,263.0,731.0,4,855.0
3.0,10.0,64.0,126.0,159.0,263.0,4,731.0
3.0,10.0,52.0,60.0,64.0,126.0,4,731.0
3.0,10.0,60.0,64.0,126.0,731.0,4,855.0
3.0,10.0,60.0,64.0,126.0,855.0,4,918.0
3.0,10.0,64.0,126.0,731.0,855.0,4,918.0
3.0,10.0,126.0,263.0,731.0,855.0,4,918.0
3.0,10.0,126.0,159.0,263.0,731.0,4,918.0
3.0,10.0,64.0,126.0,159.0,731.0,4,918.0
3.0,10.0,60.0,64.0,126.0,159.0,4,918.0
3.0,10.0,60.0,64.0,126.0,159.0,4,918.0
3.0,10.0,60.0,126.0,159.0,731.0,4,918.0
3.0,10.0,60.0,126.0,731.0,855.0,4,918.0
3.0,10.0,60.0,126.0,159.0,731.0,4,918.0
3.0,10.0,60.0,159.0,263.0,731.0,4,918.0
3.0,10.0,52.0,60.0,159.0,263.0,4,731.0
3.0,10.0,52.0,60.0,64.0,263.0,4,731.0
3.0,10.0,60.0,64.0,159.0,263.0,4,731.0
3.0,10.0,64.0,263.0,731.0,855.0,4,918.0
3.0,10.0,52.0,60.0,64.0,731.0,4,918.0
3.0,10.0,60.0,64.0,159.0,731.0,4,918.0
3.0,10.0,60.0,64.0,159.0,263.0,4,918.0
3.0,10.0,60.0,64.0,731.0,855.0,4,918.0
3.0,10.0,52.0,60.0,64.0,159.0,4,918.0
3.0,10.0,60.0,64.0,126.0,855.0,4,918.0
3.0,10.0,52.0,60.0,64.0,126.0,4,918.0
3.0,10.0,52.0,60.0,64.0,126.0,4,918.0
3.0,10.0,60.0,64.0,126.0,855.0,4,918.0
3.0,10.0,60.0,64.0,126.0,855.0,4,918.0
3.0,10.0,60.0,64.0,126.0,159.0,4,918.0
3.0,10.0,60.0,64.0,126.0,855.0,4,918.0
3.0,16.0,285.0,296.0,495.0,674.0,4,996.0
3.0,16.0,133.0,296.0,477.0,798.0,4,996.0
3.0,16.0,133.0,296.0,477.0,702.0,4,798.0
3.0,16.0,133.0,296.0,477.0,702.0,4,798.0
3.0,16.0,133.0,296.0,477.0,702.0,4,798.0
3.0,16.0,133.0,296.0,477.0,798.0,4,996.0
3.0,25.0,294.0,421.0,688.0,814.0,4,1005.0
3.0,25.0,294.0,398.0,421.0,688.0,4,814.0
3.0,25.0,294.0,398.0,457.0,688.0,4,814.0
3.0,25.0,294.0,398.0,457.0,711.0,4,814.0
3.0,25.0,106.0,457.0,662.0,711.0,4,1005.0
3.0,25.0,106.0,421.0,662.0,711.0,4,1005.0
3.0,25.0,106.0,421.0,662.0,711.0,4,1005.0
3.0,25.0,294.0,421.0,688.0,814.0,4,1005.0
3.0,25.0,106.0,294.0,398.0,457.0,4,711.0
3.0,25.0,106.0,398.0,457.0,662.0,4,711.0
3.0,0.0,13.0,493.0,535.0,686.0,4,713.0
3.0,0.0,13.0,418.0,493.0,535.0,4,695.0
3.0,0.0,493.0,535.0,686.0,713.0,4,1037.0
3.0,0.0,493.0,535.0,686.0,713.0,4,1037.0
3.0,0.0,13.0,493.0,535.0,686.0,4,713.0
3.0,0.0,13.0,418.0,535.0,676.0,4,713.0
3.0,0.0,13.0,418.0,535.0,686.0,4,713.0
3.0,0.0,13.0,418.0,535.0,686.0,4,713.0
3.0,0.0,13.0,418.0,493.0,535.0,4,713.0
3.0,0.0,13.0,418.0,493.0,535.0,4,686.0
3.0,0.0,418.0,493.0,535.0,686.0,4,1037.0
3.0,0.0,418.0,493.0,535.0,686.0,4,1037.0
3.0,10.0,60.0,64.0,182.0,731.0,4,918.0
3.0,10.0,126.0,159.0,182.0,826.0,4,918.0
3.0,10.0,126.0,159.0,182.0,826.0,4,918.0
3.0,10.0,64.0,126.0,263.0,826.0,4,918.0
3.0,10.0,60.0,64.0,182.0,731.0,4,918.0
3.0,10.0,60.0,64.0,126.0,182.0,4,731.0
3.0,10.0,60.0,126.0,182.0,731.0,4,826.0
3.0,10.0,60.0,64.0,126.0,826.0,4,918.0
3.0,10.0,60.0,64.0,182.0,731.0,4,918.0
3.0,10.0,64.0,182.0,731.0,826.0,4,918.0
3.0,10.0,64.0,159.0,731.0,826.0,4,918.0
3.0,10.0,64.0,126.0,159.0,731.0,4,826.0
3.0,10.0,64.0,126.0,159.0,731.0,4,826.0
3.0,10.0,64.0,126.0,159.0,826.0,4,918.0
3.0,10.0,60.0,64.0,182.0,731.0,4,918.0
3.0,10.0,60.0,64.0,182.0,731.0,4,918.0
3.0,10.0,64.0,182.0,731.0,826.0,4,918.0
3.0,10.0,64.0,159.0,182.0,731.0,4,918.0
3.0,10.0,64.0,159.0,182.0,731.0,4,918.0
3.0,10.0,60.0,64.0,182.0,731.0,4,918.0
3.0,10.0,60.0,126.0,159.0,263.0,4,731.0
3.0,10.0,126.0,159.0,263.0,731.0,4,826.0
3.0,10.0,159.0,182.0,263.0,731.0,4,918.0
3.0,10.0,60.0,64.0,126.0,263.0,4,731.0
3.0,10.0,60.0,64.0,126.0,263.0,4,918.0
3.0,10.0,126.0,159.0,182.0,731.0,4,918.0
3.0,10.0,60.0,64.0,126.0,182.0,4,731.0
3.0,10.0,64.0,126.0,159.0,731.0,4,826.0
3.0,10.0,126.0,159.0,182.0,731.0,4,826.0
3.0,10.0,64.0,159.0,263.0,731.0,4,826.0
3.0,10.0,64.0,159.0,263.0,731.0,4,826.0
3.0,10.0,64.0,159.0,263.0,731.0,4,826.0
3.0,10.0,64.0,159.0,263.0,731.0,4,826.0
3.0,10.0,64.0,159.0,263.0,731.0,4,826.0
3.0,10.0,60.0,64.0,263.0,731.0,4,826.0
3.0,10.0,60.0,64.0,263.0,731.0,4,826.0
3.0,30.0,68.0,350.0,657.0,829.0,4,953.0
3.0,30.0,68.0,350.0,657.0,829.0,4,953.0
3.0,30.0,561.0,654.0,657.0,689.0,4,953.0
3.0,30.0,240.0,350.0,561.0,654.0,4,689.0
3.0,30.0,240.0,350.0,561.0,654.0,4,689.0
3.0,30.0,68.0,240.0,657.0,829.0,4,847.0
3.0,30.0,68.0,240.0,657.0,829.0,4,847.0
3.0,30.0,68.0,350.0,654.0,657.0,4,829.0
3.0,30.0,350.0,657.0,689.0,829.0,4,953.0
3.0,30.0,345.0,657.0,689.0,829.0,4,953.0
3.0,30.0,240.0,345.0,657.0,689.0,4,829.0
3.0,30.0,240.0,345.0,654.0,689.0,4,829.0
3.0,30.0,240.0,345.0,561.0,654.0,4,847.0
3.0,30.0,345.0,386.0,561.0,654.0,4,847.0
3.0,30.0,345.0,386.0,561.0,654.0,4,847.0
3.0,15.0,377.0,672.0,764.0,860.0,4,1036.0
3.0,15.0,229.0,672.0,860.0,872.0,4,1036.0
3.0,15.0,229.0,672.0,860.0,872.0,4,1036.0
3.0,15.0,229.0,672.0,853.0,860.0,4,872.0
3.0,15.0,714.0,764.0,853.0,860.0,4,1036.0
3.0,15.0,377.0,714.0,764.0,860.0,4,1036.0
3.0,15.0,229.0,714.0,764.0,860.0,4,1036.0
3.0,15.0,229.0,714.0,764.0,860.0,4,1036.0
3.0,15.0,229.0,672.0,853.0,860.0,4,872.0
3.0,15.0,229.0,672.0,714.0,764.0,4,872.0
3.0,15.0,229.0,672.0,714.0,764.0,4,872.0
3.0,10.0,64.0,159.0,182.0,731.0,4,918.0
3.0,10.0,159.0,182.0,263.0,731.0,4,918.0
3.0,10.0,159.0,182.0,263.0,731.0,4,918.0
3.0,10.0,182.0,263.0,731.0,826.0,4,918.0
3.0,10.0,159.0,263.0,731.0,826.0,4,918.0
3.0,10.0,126.0,159.0,263.0,731.0,4,826.0
3.0,10.0,126.0,159.0,263.0,826.0,4,918.0
3.0,10.0,64.0,159.0,182.0,731.0,4,918.0
3.0,10.0,64.0,263.0,731.0,826.0,4,918.0
3.0,10.0,64.0,126.0,263.0,826.0,4,918.0
3.0,10.0,64.0,263.0,731.0,826.0,4,918.0
3.0,10.0,60.0,182.0,731.0,855.0,4,918.0
3.0,10.0,182.0,731.0,826.0,855.0,4,918.0
3.0,10.0,182.0,731.0,826.0,855.0,4,918.0
3.0,10.0,64.0,126.0,159.0,263.0,4,918.0
3.0,10.0,60.0,64.0,126.0,826.0,4,918.0
3.0,13.0,80.0,161.0,290.0,320.0,4,817.0
3.0,13.0,80.0,238.0,290.0,320.0,4,971.0
3.0,13.0,80.0,238.0,290.0,320.0,4,971.0
3.0,13.0,80.0,290.0,320.0,817.0,4,922.0
3.0,13.0,80.0,161.0,290.0,320.0,4,817.0
3.0,13.0,80.0,161.0,290.0,320.0,4,817.0
3.0,13.0,80.0,238.0,290.0,320.0,4,817.0
3.0,13.0,80.0,238.0,290.0,320.0,4,817.0
3.0,33.0,125.0,134.0,255.0,698.0,4,1016.0
3.0,33.0,125.0,134.0,255.0,789.0,4,1016.0
3.0,33.0,134.0,255.0,601.0,789.0,4,1016.0
3.0,33.0,134.0,255.0,601.0,789.0,4,1016.0
3.0,33.0,125.0,134.0,255.0,601.0,4,789.0
3.0,33.0,255.0,601.0,698.0,789.0,4,854.0
3.0,33.0,255.0,601.0,698.0,789.0,4,854.0
3.0,33.0,601.0,698.0,789.0,854.0,4,1016.0
3.0,33.0,255.0,601.0,698.0,789.0,4,1016.0
3.0,33.0,134.0,255.0,601.0,698.0,4,1016.0
3.0,33.0,125.0,134.0,255.0,698.0,4,1016.0
3.0,33.0,125.0,134.0,255.0,698.0,4,1016.0
3.0,33.0,255.0,601.0,698.0,789.0,4,1016.0
3.0,33.0,125.0,601.0,698.0,789.0,4,854.0
3.0,33.0,125.0,601.0,698.0,789.0,4,854.0
3.0,33.0,125.0,134.0,601.0,789.0,4,854.0
3.0,33.0,125.0,134.0,601.0,789.0,4,854.0
3.0,10.0,64.0,126.0,182.0,855.0,4,918.0
3.0,10.0,64.0,126.0,182.0,855.0,4,918.0
3.0,10.0,60.0,64.0,159.0,182.0,4,918.0
3.0,10.0,60.0,64.0,126.0,159.0,4,263.0
3.0,10.0,60.0,64.0,126.0,159.0,4,263.0
3.0,10.0,60.0,64.0,126.0,263.0,4,826.0
3.0,10.0,60.0,64.0,126.0,263.0,4,826.0
3.0,10.0,60.0,64.0,263.0,826.0,4,918.0
3.0,10.0,60.0,182.0,826.0,855.0,4,918.0
3.0,10.0,60.0,64.0,126.0,182.0,4,826.0
3.0,10.0,60.0,64.0,126.0,826.0,4,918.0
3.0,10.0,60.0,64.0,126.0,263.0,4,826.0
3.0,10.0,60.0,64.0,126.0,182.0,4,826.0
3.0,32.0,34.0,44.0,241.0,380.0,4,444.0
3.0,32.0,34.0,155.0,241.0,444.0,4,911.0
3.0,32.0,44.0,155.0,241.0,444.0,4,911.0
3.0,32.0,44.0,66.0,155.0,380.0,4,524.0
3.0,32.0,34.0,44.0,380.0,444.0,4,911.0
3.0,32.0,44.0,66.0,155.0,444.0,4,911.0
3.0,32.0,44.0,66.0,155.0,444.0,4,911.0
3.0,34.0,36.0,335.0,719.0,753.0,4,900.0
3.0,34.0,36.0,335.0,719.0,753.0,4,900.0
3.0,34.0,36.0,404.0,719.0,753.0,4,900.0
3.0,34.0,36.0,139.0,404.0,753.0,4,900.0
3.0,34.0,139.0,143.0,404.0,432.0,4,719.0
3.0,34.0,36.0,139.0,432.0,719.0,4,900.0
3.0,34.0,36.0,139.0,432.0,719.0,4,900.0
3.0,34.0,36.0,404.0,719.0,753.0,4,900.0
3.0,34.0,404.0,432.0,719.0,753.0,4,900.0
3.0,34.0,36.0,404.0,719.0,753.0,4,900.0
3.0,34.0,36.0,139.0,404.0,753.0,4,900.0
3.0,34.0,139.0,143.0,404.0,432.0,4,753.0
3.0,18.0,181.0,204.0,226.0,809.0,4,866.0
3.0,18.0,181.0,204.0,514.0,579.0,4,866.0
3.0,18.0,204.0,226.0,809.0,866.0,4,876.0
3.0,18.0,181.0,204.0,514.0,579.0,4,866.0
3.0,18.0,181.0,204.0,226.0,514.0,4,866.0
3.0,18.0,181.0,204.0,226.0,514.0,4,866.0
3.0,18.0,181.0,226.0,514.0,579.0,4,866.0
3.0,13.0,80.0,161.0,238.0,817.0,4,922.0
3.0,13.0,80.0,161.0,673.0,817.0,4,925.0
3.0,13.0,80.0,161.0,238.0,673.0,4,922.0
3.0,13.0,80.0,238.0,673.0,817.0,4,922.0
3.0,13.0,80.0,238.0,817.0,922.0,4,925.0
3.0,13.0,80.0,161.0,238.0,817.0,4,922.0
3.0,13.0,93.0,161.0,238.0,817.0,4,922.0
3.0,13.0,93.0,161.0,673.0,817.0,4,922.0
3.0,13.0,161.0,238.0,673.0,817.0,4,922.0
3.0,13.0,161.0,238.0,817.0,922.0,4,925.0
3.0,10.0,64.0,731.0,826.0,855.0,4,918.0
3.0,10.0,60.0,64.0,731.0,826.0,4,855.0
3.0,10.0,60.0,64.0,826.0,855.0,4,918.0
3.0,10.0,60.0,64.0,826.0,855.0,4,918.0
3.0,10.0,60.0,64.0,263.0,826.0,4,918.0
3.0,10.0,64.0,182.0,731.0,826.0,4,918.0
3.0,10.0,60.0,182.0,731.0,826.0,4,855.0
3.0,10.0,60.0,64.0,731.0,826.0,4,855.0
3.0,10.0,60.0,64.0,731.0,855.0,4,918.0
3.0,10.0,64.0,731.0,826.0,855.0,4,918.0
3.0,10.0,64.0,159.0,263.0,731.0,4,826.0
3.0,10.0,64.0,159.0,731.0,826.0,4,918.0
3.0,10.0,64.0,159.0,731.0,826.0,4,918.0
3.0,28.0,41.0,553.0,685.0,754.0,4,859.0
3.0,28.0,461.0,484.0,685.0,754.0,4,859.0
3.0,28.0,218.0,461.0,484.0,685.0,4,859.0
3.0,28.0,218.0,484.0,553.0,754.0,4,859.0
3.0,28.0,218.0,553.0,754.0,785.0,4,859.0
3.0,28.0,218.0,461.0,754.0,785.0,4,859.0
3.0,28.0,461.0,484.0,685.0,754.0,4,785.0
3.0,8.0,74.0,136.0,153.0,747.0,4,984.0
3.0,8.0,74.0,153.0,499.0,747.0,4,984.0
3.0,8.0,74.0,153.0,499.0,747.0,4,984.0
3.0,8.0,136.0,151.0,153.0,575.0,4,984.0
3.0,8.0,136.0,151.0,575.0,747.0,4,984.0
3.0,8.0,57.0,136.0,151.0,575.0,4,747.0
3.0,8.0,57.0,136.0,151.0,153.0,4,575.0
3.0,8.0,74.0,151.0,153.0,575.0,4,984.0
3.0,8.0,74.0,136.0,153.0,747.0,4,984.0
3.0,8.0,74.0,136.0,151.0,575.0,4,984.0
3.0,28.0,110.0,367.0,608.0,685.0,4,922.0
3.0,28.0,41.0,497.0,608.0,859.0,4,971.0
3.0,28.0,41.0,367.0,497.0,859.0,4,971.0
3.0,28.0,41.0,367.0,685.0,859.0,4,971.0
3.0,28.0,41.0,110.0,497.0,685.0,4,971.0
3.0,28.0,553.0,608.0,859.0,922.0,4,971.0
3.0,28.0,110.0,367.0,608.0,685.0,4,922.0
3.0,28.0,110.0,553.0,608.0,685.0,4,922.0
3.0,28.0,41.0,110.0,553.0,608.0,4,685.0
3.0,28.0,41.0,110.0,553.0,608.0,4,859.0
3.0,28.0,41.0,367.0,553.0,685.0,4,859.0
3.0,8.0,57.0,136.0,151.0,153.0,4,575.0
3.0,8.0,74.0,136.0,153.0,575.0,4,984.0
3.0,8.0,74.0,136.0,153.0,575.0,4,984.0
3.0,8.0,74.0,153.0,499.0,747.0,4,984.0
3.0,8.0,57.0,136.0,151.0,575.0,4,747.0
3.0,8.0,57.0,136.0,151.0,575.0,4,747.0
3.0,8.0,151.0,153.0,499.0,747.0,4,984.0
3.0,8.0,74.0,136.0,151.0,575.0,4,747.0
3.0,12.0,201.0,216.0,301.0,856.0,4,983.0
3.0,12.0,201.0,216.0,647.0,856.0,4,933.0
3.0,12.0,111.0,201.0,216.0,856.0,4,933.0
3.0,12.0,201.0,301.0,531.0,647.0,4,910.0
3.0,12.0,0.0,111.0,201.0,531.0,4,856.0
3.0,12.0,0.0,111.0,531.0,647.0,4,856.0
3.0,16.0,296.0,477.0,674.0,798.0,4,996.0
3.0,16.0,133.0,296.0,495.0,798.0,4,996.0
3.0,16.0,133.0,285.0,495.0,702.0,4,996.0
3.0,16.0,133.0,285.0,495.0,702.0,4,996.0
3.0,16.0,296.0,477.0,674.0,702.0,4,996.0
3.0,16.0,296.0,674.0,702.0,798.0,4,996.0
3.0,16.0,296.0,477.0,674.0,702.0,4,798.0
3.0,16.0,296.0,477.0,674.0,702.0,4,798.0
3.0,16.0,133.0,296.0,477.0,798.0,4,996.0
3.0,0.0,13.0,493.0,535.0,686.0,4,713.0
3.0,0.0,418.0,493.0,535.0,695.0,4,1037.0
3.0,0.0,418.0,465.0,535.0,695.0,4,1037.0
3.0,0.0,418.0,465.0,686.0,695.0,4,1037.0
3.0,0.0,13.0,418.0,493.0,535.0,4,713.0
3.0,0.0,13.0,418.0,493.0,535.0,4,686.0
3.0,0.0,13.0,418.0,465.0,493.0,4,494.0
3.0,0.0,13.0,418.0,465.0,493.0,4,494.0
3.0,0.0,13.0,493.0,535.0,686.0,4,713.0
3.0,0.0,13.0,418.0,493.0,535.0,4,713.0
3.0,0.0,13.0,418.0,493.0,535.0,4,686.0
3.0,0.0,13.0,418.0,493.0,535.0,4,713.0
3.0,0.0,13.0,418.0,493.0,535.0,4,713.0
3.0,0.0,418.0,465.0,535.0,695.0,4,810.0
3.0,4.0,259.0,487.0,505.0,646.0,4,936.0
3.0,4.0,259.0,487.0,505.0,589.0,4,936.0
3.0,4.0,259.0,426.0,505.0,646.0,4,936.0
3.0,4.0,259.0,426.0,505.0,646.0,4,936.0
3.0,4.0,259.0,487.0,505.0,646.0,4,936.0
3.0,4.0,259.0,487.0,505.0,589.0,4,646.0
3.0,4.0,259.0,487.0,505.0,589.0,4,646.0
3.0,17.0,47.0,108.0,135.0,148.0,4,373.0
3.0,17.0,47.0,108.0,373.0,488.0,4,635.0
3.0,17.0,211.0,328.0,488.0,635.0,4,642.0
3.0,17.0,108.0,148.0,211.0,328.0,4,488.0
3.0,17.0,108.0,148.0,211.0,328.0,4,488.0
3.0,17.0,47.0,108.0,135.0,148.0,4,328.0
3.0,17.0,47.0,108.0,373.0,635.0,4,849.0
3.0,17.0,47.0,108.0,148.0,373.0,4,635.0
3.0,17.0,47.0,108.0,148.0,373.0,4,635.0
3.0,17.0,47.0,148.0,328.0,635.0,4,642.0
3.0,17.0,47.0,108.0,135.0,488.0,4,635.0
3.0,8.0,74.0,136.0,151.0,575.0,4,747.0
3.0,8.0,136.0,151.0,153.0,400.0,4,575.0
3.0,8.0,74.0,153.0,400.0,747.0,4,984.0
3.0,8.0,74.0,136.0,153.0,747.0,4,984.0
3.0,8.0,74.0,153.0,400.0,575.0,4,984.0
3.0,8.0,74.0,136.0,151.0,575.0,4,747.0
3.0,8.0,74.0,136.0,151.0,575.0,4,747.0
3.0,8.0,136.0,151.0,153.0,400.0,4,575.0
3.0,8.0,136.0,153.0,400.0,575.0,4,984.0
3.0,8.0,499.0,501.0,653.0,827.0,4,984.0
3.0,8.0,136.0,151.0,400.0,575.0,4,747.0
3.0,8.0,136.0,151.0,400.0,575.0,4,747.0
3.0,8.0,136.0,153.0,400.0,827.0,4,984.0
3.0,8.0,74.0,136.0,151.0,575.0,4,747.0
3.0,8.0,136.0,151.0,575.0,747.0,4,984.0
3.0,8.0,74.0,136.0,151.0,575.0,4,747.0
3.0,8.0,74.0,136.0,151.0,575.0,4,747.0
3.0,8.0,74.0,153.0,400.0,575.0,4,984.0
3.0,8.0,74.0,153.0,400.0,747.0,4,984.0
3.0,8.0,400.0,499.0,501.0,827.0,4,984.0
3.0,8.0,400.0,499.0,501.0,827.0,4,984.0
3.0,13.0,80.0,161.0,238.0,673.0,4,817.0
3.0,13.0,191.0,238.0,673.0,817.0,4,886.0
3.0,13.0,15.0,191.0,238.0,817.0,4,886.0
3.0,13.0,15.0,191.0,238.0,817.0,4,886.0
3.0,13.0,15.0,80.0,191.0,238.0,4,817.0
3.0,13.0,80.0,161.0,191.0,673.0,4,817.0
3.0,13.0,15.0,80.0,161.0,665.0,4,832.0
3.0,13.0,80.0,161.0,665.0,673.0,4,817.0
3.0,8.0,151.0,153.0,400.0,747.0,4,984.0
3.0,8.0,151.0,400.0,575.0,747.0,4,984.0
3.0,8.0,136.0,151.0,153.0,400.0,4,575.0
3.0,8.0,74.0,136.0,151.0,575.0,4,747.0
3.0,8.0,136.0,151.0,153.0,400.0,4,575.0
3.0,8.0,136.0,151.0,153.0,400.0,4,575.0
3.0,8.0,136.0,153.0,400.0,575.0,4,984.0
3.0,8.0,136.0,153.0,400.0,747.0,4,984.0
3.0,8.0,136.0,153.0,400.0,747.0,4,984.0
3.0,8.0,136.0,153.0,400.0,747.0,4,984.0
3.0,8.0,136.0,400.0,499.0,747.0,4,984.0
3.0,8.0,74.0,136.0,151.0,575.0,4,747.0
3.0,8.0,74.0,136.0,151.0,575.0,4,747.0
3.0,8.0,136.0,151.0,400.0,575.0,4,747.0
3.0,8.0,136.0,151.0,400.0,575.0,4,747.0
3.0,8.0,136.0,153.0,400.0,747.0,4,984.0
3.0,8.0,74.0,153.0,400.0,747.0,4,984.0
3.0,8.0,74.0,153.0,400.0,747.0,4,984.0
3.0,8.0,136.0,151.0,400.0,575.0,4,747.0
3.0,8.0,74.0,136.0,151.0,575.0,4,984.0
3.0,8.0,74.0,136.0,151.0,575.0,4,747.0
3.0,8.0,74.0,136.0,151.0,575.0,4,747.0
3.0,8.0,136.0,151.0,153.0,400.0,4,575.0
3.0,8.0,74.0,153.0,400.0,499.0,4,984.0
3.0,8.0,74.0,400.0,499.0,747.0,4,984.0
3.0,8.0,74.0,400.0,499.0,653.0,4,984.0
3.0,18.0,14.0,181.0,204.0,514.0,4,766.0
3.0,18.0,204.0,742.0,766.0,809.0,4,876.0
3.0,18.0,14.0,181.0,204.0,514.0,4,866.0
3.0,18.0,181.0,766.0,809.0,866.0,4,867.0
3.0,18.0,181.0,766.0,809.0,866.0,4,867.0
3.0,18.0,181.0,204.0,766.0,809.0,4,876.0
3.0,18.0,14.0,514.0,766.0,809.0,4,876.0
3.0,18.0,14.0,204.0,514.0,766.0,4,809.0
3.0,18.0,14.0,204.0,514.0,809.0,4,867.0
3.0,8.0,74.0,136.0,151.0,575.0,4,747.0
3.0,8.0,136.0,153.0,400.0,575.0,4,984.0
3.0,8.0,74.0,136.0,151.0,153.0,4,747.0
3.0,8.0,136.0,151.0,575.0,747.0,4,984.0
3.0,8.0,74.0,136.0,151.0,575.0,4,747.0
3.0,8.0,74.0,136.0,151.0,575.0,4,747.0
3.0,8.0,136.0,153.0,400.0,575.0,4,984.0
3.0,8.0,136.0,151.0,400.0,575.0,4,747.0
3.0,8.0,74.0,136.0,151.0,575.0,4,747.0
3.0,8.0,136.0,151.0,153.0,400.0,4,575.0
3.0,8.0,136.0,151.0,153.0,400.0,4,575.0
3.0,8.0,153.0,400.0,499.0,747.0,4,984.0
3.0,8.0,151.0,153.0,499.0,747.0,4,984.0
3.0,8.0,136.0,151.0,153.0,400.0,4,575.0
3.0,8.0,74.0,153.0,400.0,747.0,4,984.0
3.0,8.0,74.0,136.0,151.0,575.0,4,747.0
3.0,8.0,74.0,136.0,151.0,575.0,4,747.0
3.0,8.0,136.0,153.0,400.0,575.0,4,984.0
3.0,8.0,136.0,153.0,400.0,747.0,4,984.0
3.0,8.0,153.0,400.0,499.0,747.0,4,984.0
3.0,8.0,153.0,400.0,499.0,747.0,4,984.0
3.0,8.0,151.0,153.0,400.0,499.0,4,747.0
3.0,8.0,74.0,136.0,151.0,575.0,4,747.0
3.0,8.0,74.0,136.0,151.0,153.0,4,575.0
3.0,8.0,74.0,136.0,151.0,153.0,4,575.0
3.0,8.0,136.0,151.0,400.0,575.0,4,747.0
3.0,8.0,136.0,153.0,400.0,747.0,4,984.0
3.0,30.0,68.0,561.0,829.0,953.0,4,963.0
3.0,30.0,68.0,657.0,829.0,953.0,4,963.0
3.0,30.0,68.0,240.0,657.0,829.0,4,963.0
3.0,30.0,240.0,350.0,657.0,689.0,4,829.0
3.0,30.0,68.0,350.0,561.0,657.0,4,689.0
3.0,30.0,68.0,350.0,561.0,657.0,4,689.0
3.0,30.0,689.0,705.0,829.0,953.0,4,963.0
3.0,30.0,68.0,657.0,829.0,953.0,4,963.0
3.0,26.0,29.0,40.0,315.0,874.0,4,948.0
3.0,26.0,29.0,40.0,315.0,874.0,4,948.0
3.0,26.0,29.0,40.0,315.0,874.0,4,948.0
3.0,26.0,40.0,857.0,874.0,948.0,4,1024.0
3.0,26.0,29.0,315.0,450.0,874.0,4,1024.0
3.0,26.0,29.0,40.0,315.0,948.0,4,1024.0
3.0,26.0,29.0,40.0,315.0,874.0,4,948.0
3.0,9.0,85.0,149.0,174.0,510.0,4,845.0
3.0,9.0,76.0,85.0,149.0,510.0,4,845.0
3.0,9.0,76.0,149.0,174.0,452.0,4,599.0
3.0,9.0,76.0,149.0,174.0,452.0,4,599.0
3.0,9.0,85.0,149.0,174.0,510.0,4,845.0
3.0,9.0,76.0,85.0,149.0,510.0,4,845.0
3.0,9.0,76.0,85.0,149.0,174.0,4,510.0
3.0,8.0,74.0,136.0,151.0,575.0,4,747.0
3.0,8.0,136.0,153.0,400.0,575.0,4,984.0
3.0,8.0,136.0,153.0,400.0,575.0,4,984.0
3.0,8.0,74.0,153.0,400.0,747.0,4,984.0
3.0,8.0,74.0,151.0,153.0,400.0,4,575.0
3.0,8.0,74.0,136.0,151.0,575.0,4,747.0
3.0,8.0,74.0,136.0,151.0,575.0,4,747.0
3.0,8.0,136.0,151.0,400.0,575.0,4,747.0
3.0,8.0,151.0,153.0,400.0,747.0,4,984.0
3.0,8.0,136.0,153.0,400.0,747.0,4,984.0
3.0,8.0,136.0,151.0,153.0,400.0,4,575.0
3.0,8.0,136.0,151.0,153.0,400.0,4,575.0
3.0,8.0,136.0,151.0,153.0,400.0,4,575.0
3.0,8.0,74.0,153.0,400.0,747.0,4,984.0
3.0,8.0,136.0,151.0,575.0,747.0,4,984.0
3.0,8.0,136.0,151.0,575.0,747.0,4,984.0
3.0,8.0,136.0,400.0,575.0,747.0,4,984.0
3.0,8.0,136.0,153.0,400.0,575.0,4,984.0
3.0,8.0,136.0,153.0,400.0,575.0,4,984.0
3.0,8.0,57.0,136.0,153.0,400.0,4,747.0
3.0,8.0,57.0,136.0,153.0,400.0,4,747.0
3.0,15.0,659.0,714.0,764.0,860.0,4,1036.0
3.0,15.0,659.0,714.0,764.0,860.0,4,1036.0
3.0,15.0,377.0,417.0,659.0,860.0,4,872.0
3.0,15.0,377.0,417.0,659.0,860.0,4,872.0
3.0,15.0,377.0,417.0,764.0,872.0,4,1036.0
3.0,15.0,659.0,714.0,764.0,860.0,4,1036.0
3.0,15.0,417.0,659.0,764.0,860.0,4,1036.0
3.0,15.0,417.0,659.0,860.0,872.0,4,1036.0
3.0,15.0,659.0,714.0,764.0,860.0,4,1036.0
3.0,8.0,74.0,136.0,575.0,747.0,4,984.0
3.0,8.0,57.0,136.0,153.0,400.0,4,575.0
3.0,8.0,57.0,136.0,153.0,400.0,4,575.0
3.0,8.0,57.0,153.0,400.0,575.0,4,984.0
3.0,8.0,57.0,153.0,400.0,747.0,4,984.0
3.0,8.0,57.0,136.0,400.0,575.0,4,747.0
3.0,8.0,57.0,136.0,400.0,575.0,4,747.0
3.0,8.0,74.0,136.0,575.0,747.0,4,984.0
3.0,8.0,74.0,136.0,575.0,747.0,4,984.0
3.0,8.0,74.0,136.0,575.0,747.0,4,984.0
3.0,8.0,57.0,136.0,153.0,400.0,4,575.0
3.0,8.0,57.0,136.0,153.0,400.0,4,747.0
3.0,8.0,57.0,136.0,153.0,400.0,4,747.0
3.0,28.0,110.0,461.0,484.0,553.0,4,922.0
3.0,28.0,110.0,461.0,484.0,553.0,4,922.0
3.0,28.0,41.0,110.0,461.0,484.0,4,608.0
3.0,28.0,110.0,461.0,484.0,608.0,4,685.0
3.0,28.0,41.0,110.0,553.0,608.0,4,685.0
3.0,28.0,41.0,110.0,461.0,608.0,4,685.0
3.0,28.0,461.0,484.0,608.0,685.0,4,922.0
3.0,28.0,110.0,484.0,553.0,608.0,4,922.0
3.0,28.0,110.0,484.0,553.0,608.0,4,922.0
3.0,28.0,110.0,484.0,553.0,608.0,4,922.0
3.0,28.0,110.0,461.0,484.0,608.0,4,922.0
3.0,8.0,74.0,136.0,575.0,747.0,4,984.0
3.0,8.0,57.0,74.0,153.0,400.0,4,747.0
3.0,8.0,74.0,136.0,575.0,747.0,4,984.0
3.0,8.0,74.0,136.0,575.0,747.0,4,984.0
3.0,8.0,74.0,400.0,575.0,747.0,4,984.0
3.0,8.0,57.0,74.0,153.0,400.0,4,575.0
3.0,8.0,57.0,136.0,400.0,575.0,4,747.0
3.0,29.0,46.0,86.0,283.0,456.0,4,890.0
3.0,29.0,46.0,389.0,456.0,769.0,4,890.0
3.0,29.0,46.0,389.0,456.0,769.0,4,890.0
3.0,29.0,46.0,86.0,456.0,769.0,4,890.0
3.0,29.0,46.0,389.0,508.0,769.0,4,890.0
3.0,29.0,46.0,86.0,508.0,769.0,4,890.0
3.0,29.0,46.0,86.0,456.0,508.0,4,769.0
3.0,29.0,46.0,86.0,456.0,508.0,4,890.0
3.0,33.0,125.0,134.0,255.0,698.0,4,853.0
3.0,33.0,45.0,698.0,789.0,854.0,4,1016.0
3.0,33.0,125.0,134.0,255.0,698.0,4,853.0
3.0,33.0,698.0,789.0,853.0,854.0,4,1016.0
3.0,33.0,134.0,255.0,698.0,854.0,4,1016.0
3.0,8.0,57.0,74.0,499.0,575.0,4,747.0
3.0,8.0,57.0,74.0,499.0,575.0,4,747.0
3.0,8.0,57.0,74.0,153.0,499.0,4,575.0
3.0,8.0,57.0,74.0,153.0,400.0,4,575.0
3.0,8.0,400.0,499.0,575.0,747.0,4,984.0
3.0,8.0,74.0,499.0,575.0,747.0,4,984.0
3.0,8.0,400.0,499.0,575.0,747.0,4,984.0
3.0,8.0,74.0,400.0,575.0,747.0,4,984.0
3.0,8.0,74.0,400.0,575.0,747.0,4,984.0
3.0,8.0,74.0,151.0,499.0,575.0,4,747.0
3.0,8.0,74.0,151.0,499.0,575.0,4,747.0
3.0,8.0,151.0,153.0,400.0,499.0,4,575.0
3.0,8.0,57.0,153.0,400.0,499.0,4,575.0
3.0,8.0,57.0,153.0,400.0,499.0,4,575.0
3.0,8.0,57.0,74.0,153.0,400.0,4,575.0
3.0,8.0,74.0,151.0,400.0,575.0,4,747.0
3.0,8.0,57.0,153.0,400.0,499.0,4,575.0
3.0,8.0,74.0,151.0,499.0,575.0,4,747.0
3.0,8.0,74.0,151.0,153.0,499.0,4,575.0
3.0,8.0,57.0,74.0,153.0,400.0,4,747.0
3.0,8.0,57.0,74.0,153.0,400.0,4,747.0
3.0,29.0,86.0,508.0,769.0,914.0,4,990.0
3.0,29.0,46.0,389.0,456.0,769.0,4,990.0
3.0,29.0,86.0,389.0,508.0,572.0,4,890.0
3.0,29.0,389.0,508.0,769.0,914.0,4,990.0
3.0,29.0,86.0,456.0,508.0,769.0,4,990.0
3.0,29.0,86.0,456.0,508.0,769.0,4,990.0
3.0,29.0,86.0,508.0,769.0,914.0,4,990.0
3.0,29.0,46.0,389.0,456.0,914.0,4,990.0
3.0,29.0,389.0,508.0,769.0,914.0,4,990.0
3.0,29.0,86.0,508.0,769.0,914.0,4,990.0
3.0,8.0,74.0,136.0,151.0,575.0,4,747.0
3.0,8.0,136.0,151.0,153.0,400.0,4,575.0
3.0,8.0,136.0,151.0,153.0,400.0,4,575.0
3.0,8.0,57.0,74.0,153.0,400.0,4,747.0
3.0,8.0,74.0,136.0,151.0,575.0,4,747.0
3.0,8.0,74.0,136.0,151.0,575.0,4,747.0
3.0,8.0,74.0,151.0,153.0,400.0,4,575.0
3.0,8.0,57.0,136.0,153.0,400.0,4,575.0
3.0,8.0,57.0,74.0,151.0,575.0,4,747.0
3.0,8.0,74.0,136.0,151.0,575.0,4,747.0
3.0,8.0,74.0,136.0,151.0,575.0,4,747.0
3.0,8.0,74.0,136.0,151.0,153.0,4,575.0
3.0,8.0,136.0,151.0,153.0,400.0,4,575.0
3.0,8.0,57.0,136.0,153.0,400.0,4,575.0
3.0,8.0,57.0,136.0,153.0,400.0,4,575.0
3.0,8.0,57.0,400.0,499.0,653.0,4,747.0
3.0,8.0,74.0,136.0,151.0,575.0,4,747.0
3.0,8.0,74.0,153.0,400.0,575.0,4,984.0
3.0,8.0,74.0,153.0,400.0,747.0,4,984.0
3.0,8.0,74.0,136.0,151.0,575.0,4,747.0
3.0,8.0,136.0,153.0,400.0,747.0,4,984.0
3.0,8.0,136.0,153.0,400.0,747.0,4,984.0
3.0,8.0,136.0,153.0,400.0,575.0,4,984.0
3.0,8.0,74.0,400.0,575.0,747.0,4,984.0
3.0,8.0,74.0,136.0,151.0,575.0,4,747.0
3.0,8.0,74.0,136.0,151.0,575.0,4,747.0
3.0,8.0,74.0,136.0,151.0,575.0,4,747.0
3.0,8.0,74.0,153.0,400.0,575.0,4,984.0
3.0,8.0,74.0,153.0,400.0,575.0,4,984.0
3.0,8.0,74.0,151.0,153.0,575.0,4,984.0
3.0,8.0,74.0,136.0,151.0,575.0,4,747.0
3.0,8.0,74.0,136.0,151.0,153.0,4,575.0
3.0,8.0,74.0,151.0,575.0,747.0,4,984.0
3.0,8.0,74.0,136.0,151.0,575.0,4,747.0
3.0,8.0,74.0,136.0,151.0,153.0,4,575.0
3.0,8.0,74.0,136.0,151.0,153.0,4,575.0
3.0,8.0,136.0,153.0,400.0,575.0,4,984.0
3.0,8.0,74.0,151.0,499.0,575.0,4,747.0
3.0,8.0,153.0,400.0,499.0,747.0,4,984.0
3.0,8.0,151.0,153.0,400.0,747.0,4,984.0
3.0,8.0,74.0,151.0,153.0,400.0,4,747.0
3.0,8.0,74.0,151.0,153.0,499.0,4,747.0
3.0,8.0,74.0,151.0,153.0,499.0,4,747.0
3.0,8.0,151.0,153.0,400.0,499.0,4,747.0
3.0,8.0,74.0,400.0,653.0,747.0,4,984.0
3.0,8.0,74.0,400.0,653.0,747.0,4,984.0
3.0,8.0,74.0,499.0,501.0,653.0,4,984.0
3.0,11.0,1.0,173.0,638.0,895.0,4,974.0
3.0,11.0,173.0,602.0,638.0,895.0,4,974.0
3.0,11.0,132.0,150.0,602.0,638.0,4,974.0
3.0,11.0,173.0,602.0,638.0,895.0,4,974.0
3.0,11.0,173.0,602.0,638.0,895.0,4,974.0
3.0,11.0,173.0,602.0,638.0,895.0,4,974.0
3.0,11.0,132.0,602.0,638.0,895.0,4,974.0
3.0,11.0,1.0,173.0,638.0,895.0,4,974.0
3.0,11.0,150.0,173.0,602.0,638.0,4,974.0
3.0,11.0,132.0,150.0,602.0,638.0,4,974.0
3.0,11.0,1.0,150.0,232.0,638.0,4,895.0
3.0,11.0,1.0,132.0,602.0,638.0,4,974.0
3.0,24.0,425.0,463.0,576.0,750.0,4,863.0
3.0,24.0,321.0,425.0,576.0,750.0,4,888.0
3.0,24.0,321.0,425.0,576.0,750.0,4,888.0
3.0,24.0,321.0,425.0,463.0,750.0,4,888.0
3.0,24.0,463.0,576.0,746.0,863.0,4,888.0
3.0,24.0,463.0,576.0,746.0,863.0,4,947.0
3.0,24.0,463.0,576.0,746.0,863.0,4,947.0
3.0,24.0,463.0,576.0,746.0,863.0,4,947.0
3.0,24.0,463.0,576.0,746.0,863.0,4,947.0
3.0,24.0,576.0,746.0,750.0,863.0,4,947.0
3.0,24.0,425.0,576.0,750.0,863.0,4,888.0
3.0,24.0,463.0,576.0,750.0,863.0,4,888.0
3.0,30.0,350.0,657.0,689.0,829.0,4,953.0
3.0,30.0,657.0,689.0,705.0,847.0,4,953.0
3.0,30.0,657.0,689.0,705.0,847.0,4,953.0
3.0,30.0,68.0,350.0,829.0,847.0,4,953.0
3.0,30.0,68.0,350.0,657.0,829.0,4,953.0
3.0,30.0,68.0,350.0,657.0,829.0,4,953.0
3.0,30.0,68.0,350.0,657.0,829.0,4,953.0
3.0,30.0,240.0,657.0,689.0,829.0,4,847.0
3.0,30.0,240.0,350.0,657.0,689.0,4,847.0
3.0,8.0,151.0,153.0,400.0,575.0,4,984.0
3.0,8.0,57.0,153.0,400.0,747.0,4,984.0
3.0,8.0,57.0,74.0,151.0,575.0,4,747.0
3.0,8.0,57.0,74.0,151.0,575.0,4,747.0
3.0,8.0,74.0,153.0,400.0,575.0,4,984.0
3.0,8.0,74.0,153.0,400.0,747.0,4,984.0
3.0,8.0,151.0,400.0,575.0,747.0,4,984.0
3.0,8.0,151.0,400.0,575.0,747.0,4,984.0
3.0,14.0,48.0,254.0,592.0,700.0,4,786.0
3.0,14.0,518.0,592.0,609.0,700.0,4,786.0
3.0,14.0,48.0,518.0,592.0,609.0,4,897.0
3.0,14.0,254.0,592.0,609.0,700.0,4,786.0
3.0,14.0,254.0,532.0,592.0,700.0,4,786.0
3.0,14.0,48.0,254.0,592.0,700.0,4,786.0
3.0,14.0,48.0,518.0,592.0,609.0,4,897.0
3.0,14.0,518.0,592.0,609.0,786.0,4,897.0
3.0,33.0,45.0,134.0,255.0,789.0,4,853.0
3.0,33.0,45.0,134.0,255.0,789.0,4,853.0
3.0,33.0,125.0,698.0,789.0,854.0,4,1016.0
3.0,33.0,45.0,125.0,255.0,789.0,4,853.0
3.0,33.0,45.0,134.0,255.0,698.0,4,853.0
3.0,33.0,125.0,255.0,698.0,789.0,4,853.0
3.0,33.0,45.0,125.0,134.0,854.0,4,1016.0
3.0,33.0,45.0,125.0,134.0,255.0,4,1016.0
3.0,33.0,45.0,134.0,255.0,789.0,4,1016.0
3.0,8.0,74.0,136.0,151.0,653.0,4,747.0
3.0,8.0,136.0,151.0,153.0,400.0,4,747.0
3.0,8.0,136.0,153.0,400.0,501.0,4,984.0
3.0,8.0,74.0,153.0,400.0,501.0,4,984.0
3.0,8.0,74.0,153.0,400.0,501.0,4,984.0
3.0,8.0,74.0,151.0,153.0,400.0,4,747.0
3.0,8.0,136.0,151.0,400.0,653.0,4,747.0
3.0,8.0,136.0,151.0,153.0,400.0,4,747.0
3.0,8.0,136.0,151.0,153.0,400.0,4,747.0
3.0,8.0,136.0,153.0,400.0,501.0,4,984.0
3.0,8.0,57.0,499.0,501.0,653.0,4,984.0
3.0,8.0,74.0,136.0,151.0,653.0,4,747.0
3.0,8.0,136.0,151.0,153.0,400.0,4,747.0
3.0,8.0,74.0,153.0,400.0,653.0,4,984.0
3.0,8.0,74.0,136.0,151.0,499.0,4,747.0
3.0,8.0,74.0,136.0,151.0,653.0,4,747.0
3.0,8.0,136.0,151.0,153.0,400.0,4,747.0
3.0,8.0,151.0,153.0,400.0,747.0,4,984.0
3.0,8.0,74.0,136.0,151.0,400.0,4,747.0
3.0,8.0,74.0,499.0,501.0,653.0,4,984.0
3.0,6.0,35.0,250.0,459.0,730.0,4,898.0
3.0,6.0,61.0,213.0,397.0,623.0,4,898.0
3.0,6.0,35.0,61.0,213.0,397.0,4,623.0
3.0,6.0,35.0,213.0,250.0,397.0,4,623.0
3.0,6.0,35.0,213.0,250.0,397.0,4,623.0
3.0,6.0,35.0,250.0,397.0,623.0,4,730.0
3.0,6.0,35.0,250.0,459.0,623.0,4,730.0
3.0,34.0,36.0,404.0,530.0,719.0,4,811.0
3.0,34.0,15.0,36.0,335.0,753.0,4,811.0
3.0,34.0,299.0,404.0,432.0,530.0,4,753.0
3.0,34.0,299.0,404.0,432.0,530.0,4,753.0
3.0,34.0,36.0,299.0,404.0,719.0,4,803.0
3.0,34.0,15.0,36.0,404.0,719.0,4,811.0
3.0,34.0,15.0,36.0,299.0,335.0,4,719.0
3.0,34.0,15.0,299.0,335.0,432.0,4,753.0
3.0,34.0,15.0,299.0,432.0,530.0,4,753.0
3.0,34.0,15.0,299.0,432.0,530.0,4,753.0
3.0,8.0,74.0,136.0,151.0,575.0,4,747.0
3.0,8.0,74.0,136.0,151.0,153.0,4,747.0
3.0,8.0,74.0,136.0,151.0,153.0,4,747.0
3.0,8.0,136.0,151.0,153.0,400.0,4,747.0
3.0,8.0,136.0,151.0,153.0,400.0,4,575.0
3.0,8.0,136.0,153.0,400.0,575.0,4,984.0
3.0,8.0,136.0,153.0,400.0,575.0,4,984.0
3.0,8.0,136.0,153.0,400.0,575.0,4,984.0
3.0,8.0,136.0,153.0,400.0,499.0,4,984.0
3.0,8.0,74.0,153.0,400.0,499.0,4,984.0
3.0,8.0,74.0,136.0,151.0,153.0,4,747.0
3.0,8.0,136.0,151.0,153.0,400.0,4,747.0
3.0,8.0,74.0,153.0,400.0,499.0,4,984.0
3.0,14.0,48.0,254.0,592.0,700.0,4,786.0
3.0,14.0,48.0,254.0,518.0,609.0,4,897.0
3.0,14.0,254.0,532.0,592.0,700.0,4,786.0
3.0,14.0,254.0,272.0,532.0,592.0,4,700.0
3.0,14.0,48.0,254.0,592.0,700.0,4,786.0
3.0,14.0,254.0,592.0,609.0,700.0,4,786.0
3.0,14.0,518.0,592.0,609.0,700.0,4,786.0
3.0,14.0,518.0,592.0,609.0,700.0,4,786.0
3.0,14.0,48.0,254.0,592.0,609.0,4,700.0
3.0,8.0,74.0,136.0,151.0,575.0,4,747.0
3.0,8.0,136.0,151.0,400.0,575.0,4,747.0
3.0,8.0,57.0,136.0,153.0,400.0,4,575.0
3.0,8.0,57.0,74.0,153.0,400.0,4,747.0
3.0,8.0,74.0,136.0,151.0,575.0,4,747.0
3.0,8.0,74.0,136.0,151.0,575.0,4,747.0
3.0,8.0,74.0,136.0,151.0,153.0,4,575.0
3.0,8.0,136.0,151.0,153.0,400.0,4,575.0
3.0,8.0,57.0,136.0,153.0,400.0,4,575.0
3.0,8.0,57.0,136.0,153.0,400.0,4,653.0
3.0,8.0,57.0,74.0,153.0,400.0,4,653.0
3.0,8.0,57.0,74.0,400.0,499.0,4,653.0
3.0,8.0,74.0,136.0,151.0,499.0,4,747.0
3.0,8.0,74.0,136.0,151.0,499.0,4,747.0
3.0,8.0,74.0,136.0,151.0,153.0,4,400.0
3.0,8.0,57.0,74.0,136.0,153.0,4,400.0
3.0,8.0,57.0,74.0,136.0,153.0,4,400.0
3.0,8.0,57.0,151.0,153.0,400.0,4,747.0
3.0,8.0,136.0,151.0,153.0,400.0,4,747.0
3.0,8.0,136.0,151.0,153.0,400.0,4,747.0
3.0,8.0,74.0,136.0,151.0,499.0,4,747.0
3.0,8.0,74.0,136.0,151.0,153.0,4,499.0
3.0,8.0,136.0,151.0,153.0,400.0,4,499.0
3.0,8.0,57.0,136.0,151.0,153.0,4,400.0
3.0,8.0,57.0,136.0,151.0,153.0,4,400.0
3.0,8.0,57.0,74.0,151.0,153.0,4,400.0
3.0,8.0,57.0,136.0,400.0,499.0,4,747.0
3.0,8.0,74.0,136.0,151.0,501.0,4,747.0
3.0,8.0,74.0,136.0,151.0,153.0,4,747.0
3.0,8.0,57.0,136.0,153.0,400.0,4,653.0
3.0,8.0,57.0,151.0,153.0,400.0,4,653.0
3.0,8.0,57.0,151.0,153.0,400.0,4,653.0
3.0,8.0,136.0,151.0,153.0,400.0,4,747.0
3.0,8.0,74.0,136.0,151.0,153.0,4,747.0
3.0,8.0,136.0,151.0,400.0,501.0,4,747.0
3.0,8.0,136.0,151.0,153.0,400.0,4,747.0
3.0,8.0,57.0,74.0,151.0,400.0,4,501.0
3.0,8.0,57.0,74.0,136.0,400.0,4,501.0
3.0,8.0,74.0,136.0,151.0,400.0,4,747.0
3.0,18.0,14.0,181.0,514.0,579.0,4,866.0
3.0,18.0,14.0,514.0,579.0,866.0,4,1013.0
3.0,18.0,226.0,579.0,809.0,866.0,4,1013.0
3.0,18.0,204.0,226.0,579.0,809.0,4,1013.0
3.0,18.0,14.0,181.0,204.0,226.0,4,809.0
3.0,18.0,14.0,181.0,226.0,514.0,4,866.0
3.0,18.0,14.0,181.0,579.0,809.0,4,866.0
3.0,18.0,14.0,181.0,579.0,809.0,4,866.0
3.0,18.0,181.0,204.0,579.0,809.0,4,866.0
3.0,18.0,14.0,181.0,204.0,514.0,4,866.0
3.0,15.0,659.0,714.0,764.0,860.0,4,1036.0
3.0,15.0,377.0,672.0,860.0,872.0,4,1036.0
3.0,15.0,377.0,659.0,672.0,764.0,4,872.0
3.0,15.0,659.0,714.0,764.0,872.0,4,1036.0
3.0,15.0,659.0,714.0,764.0,860.0,4,1036.0
3.0,15.0,377.0,659.0,714.0,764.0,4,860.0
3.0,15.0,229.0,244.0,377.0,672.0,4,872.0
3.0,11.0,1.0,173.0,580.0,638.0,4,974.0
3.0,11.0,1.0,173.0,580.0,638.0,4,895.0
3.0,11.0,232.0,520.0,580.0,602.0,4,974.0
3.0,11.0,1.0,232.0,580.0,638.0,4,974.0
3.0,11.0,580.0,602.0,638.0,895.0,4,974.0
3.0,11.0,580.0,602.0,638.0,895.0,4,974.0
3.0,11.0,580.0,602.0,638.0,895.0,4,974.0
3.0,11.0,1.0,580.0,638.0,895.0,4,974.0
3.0,8.0,136.0,151.0,400.0,501.0,4,747.0
3.0,8.0,57.0,136.0,400.0,653.0,4,747.0
3.0,8.0,57.0,136.0,400.0,499.0,4,653.0
3.0,8.0,57.0,74.0,151.0,499.0,4,501.0
3.0,8.0,57.0,136.0,151.0,499.0,4,747.0
3.0,8.0,74.0,136.0,151.0,400.0,4,747.0
3.0,8.0,74.0,136.0,151.0,501.0,4,747.0
3.0,8.0,74.0,136.0,151.0,499.0,4,747.0
3.0,8.0,136.0,151.0,400.0,499.0,4,501.0
3.0,8.0,57.0,136.0,400.0,499.0,4,501.0
3.0,8.0,57.0,136.0,400.0,499.0,4,747.0
3.0,8.0,57.0,136.0,151.0,400.0,4,747.0
3.0,8.0,74.0,136.0,151.0,653.0,4,747.0
3.0,8.0,136.0,151.0,153.0,400.0,4,653.0
3.0,8.0,57.0,136.0,153.0,400.0,4,653.0
3.0,8.0,57.0,153.0,400.0,499.0,4,747.0
3.0,8.0,151.0,153.0,400.0,499.0,4,747.0
3.0,8.0,136.0,151.0,153.0,400.0,4,747.0
3.0,8.0,74.0,136.0,151.0,400.0,4,747.0
3.0,8.0,74.0,136.0,151.0,153.0,4,747.0
3.0,8.0,136.0,151.0,400.0,501.0,4,747.0
3.0,8.0,57.0,136.0,153.0,400.0,4,653.0
3.0,8.0,74.0,136.0,151.0,501.0,4,747.0
3.0,8.0,136.0,151.0,153.0,400.0,4,747.0
3.0,8.0,57.0,153.0,400.0,499.0,4,653.0
3.0,8.0,74.0,136.0,151.0,153.0,4,747.0
3.0,8.0,74.0,136.0,151.0,499.0,4,747.0
3.0,8.0,136.0,151.0,153.0,400.0,4,747.0
3.0,8.0,57.0,136.0,153.0,400.0,4,653.0
3.0,8.0,57.0,136.0,153.0,400.0,4,653.0
3.0,8.0,74.0,136.0,151.0,153.0,4,747.0
3.0,23.0,215.0,234.0,382.0,959.0,4,968.0
3.0,23.0,12.0,215.0,234.0,959.0,4,968.0
3.0,23.0,12.0,215.0,382.0,399.0,4,890.0
3.0,23.0,12.0,382.0,399.0,890.0,4,959.0
3.0,23.0,12.0,382.0,399.0,890.0,4,959.0
3.0,23.0,12.0,234.0,382.0,399.0,4,968.0
3.0,23.0,215.0,234.0,382.0,959.0,4,968.0
3.0,23.0,12.0,215.0,234.0,959.0,4,968.0
3.0,23.0,12.0,215.0,234.0,959.0,4,968.0
3.0,23.0,12.0,234.0,382.0,399.0,4,959.0
3.0,23.0,12.0,215.0,234.0,399.0,4,959.0
3.0,1.0,570.0,577.0,790.0,808.0,4,820.0
3.0,1.0,356.0,682.0,705.0,740.0,4,815.0
3.0,1.0,356.0,705.0,740.0,815.0,4,960.0
3.0,1.0,570.0,577.0,790.0,808.0,4,820.0
3.0,1.0,570.0,577.0,790.0,808.0,4,820.0
3.0,1.0,570.0,577.0,790.0,808.0,4,820.0
3.0,1.0,570.0,577.0,790.0,808.0,4,820.0
3.0,1.0,705.0,740.0,808.0,815.0,4,960.0
3.0,1.0,577.0,790.0,808.0,820.0,4,960.0
3.0,32.0,44.0,66.0,155.0,241.0,4,524.0
3.0,32.0,34.0,66.0,155.0,241.0,4,444.0
3.0,32.0,34.0,44.0,241.0,444.0,4,663.0
3.0,32.0,155.0,241.0,444.0,663.0,4,824.0
3.0,32.0,66.0,155.0,444.0,663.0,4,824.0
3.0,32.0,44.0,66.0,155.0,524.0,4,911.0
3.0,32.0,44.0,66.0,155.0,524.0,4,911.0
3.0,32.0,44.0,66.0,155.0,524.0,4,911.0
3.0,32.0,34.0,44.0,66.0,524.0,4,911.0
3.0,32.0,34.0,44.0,444.0,663.0,4,911.0
3.0,32.0,34.0,155.0,241.0,444.0,4,663.0
3.0,25.0,294.0,398.0,421.0,688.0,4,814.0
3.0,25.0,398.0,457.0,662.0,814.0,4,864.0
3.0,25.0,398.0,421.0,662.0,688.0,4,814.0
3.0,25.0,294.0,398.0,421.0,688.0,4,814.0
3.0,25.0,294.0,398.0,421.0,688.0,4,814.0
3.0,25.0,294.0,398.0,421.0,688.0,4,864.0
3.0,25.0,294.0,398.0,421.0,688.0,4,864.0
3.0,25.0,294.0,398.0,457.0,814.0,4,864.0
3.0,25.0,294.0,398.0,421.0,814.0,4,864.0
3.0,7.0,112.0,137.0,277.0,451.0,4,902.0
3.0,7.0,112.0,137.0,277.0,451.0,4,902.0
3.0,7.0,112.0,308.0,451.0,455.0,4,902.0
3.0,7.0,137.0,308.0,325.0,455.0,4,846.0
3.0,7.0,112.0,277.0,451.0,846.0,4,902.0
3.0,7.0,112.0,137.0,277.0,451.0,4,902.0
3.0,7.0,137.0,277.0,325.0,455.0,4,846.0
3.0,7.0,112.0,137.0,277.0,451.0,4,455.0
3.0,7.0,112.0,137.0,277.0,451.0,4,455.0
3.0,7.0,112.0,137.0,277.0,451.0,4,455.0
3.0,7.0,112.0,137.0,277.0,451.0,4,455.0
3.0,8.0,74.0,136.0,151.0,501.0,4,747.0
3.0,8.0,136.0,151.0,400.0,501.0,4,747.0
3.0,8.0,57.0,136.0,153.0,400.0,4,501.0
3.0,8.0,57.0,153.0,400.0,747.0,4,984.0
3.0,8.0,74.0,136.0,151.0,501.0,4,747.0
3.0,8.0,74.0,151.0,400.0,501.0,4,747.0
3.0,8.0,74.0,151.0,153.0,400.0,4,747.0
3.0,8.0,57.0,151.0,153.0,400.0,4,653.0
3.0,8.0,136.0,151.0,400.0,653.0,4,747.0
3.0,8.0,136.0,151.0,400.0,653.0,4,747.0
3.0,8.0,74.0,136.0,151.0,747.0,4,984.0
3.0,8.0,74.0,136.0,151.0,747.0,4,984.0
3.0,8.0,74.0,136.0,151.0,747.0,4,984.0
3.0,8.0,74.0,136.0,151.0,501.0,4,747.0
3.0,8.0,74.0,136.0,151.0,501.0,4,747.0
3.0,8.0,400.0,499.0,501.0,653.0,4,984.0
3.0,8.0,400.0,499.0,653.0,827.0,4,984.0
3.0,8.0,136.0,151.0,400.0,747.0,4,984.0
3.0,8.0,74.0,136.0,151.0,747.0,4,984.0
3.0,24.0,463.0,576.0,750.0,863.0,4,947.0
3.0,24.0,321.0,425.0,576.0,750.0,4,888.0
3.0,24.0,425.0,576.0,746.0,863.0,4,947.0
3.0,24.0,425.0,463.0,576.0,746.0,4,863.0
3.0,24.0,425.0,463.0,576.0,750.0,4,863.0
3.0,24.0,425.0,463.0,576.0,750.0,4,863.0
3.0,24.0,321.0,425.0,463.0,576.0,4,750.0
3.0,24.0,321.0,425.0,463.0,576.0,4,750.0
3.0,8.0,74.0,136.0,151.0,501.0,4,747.0
3.0,8.0,136.0,153.0,400.0,653.0,4,984.0
3.0,8.0,136.0,153.0,400.0,747.0,4,984.0
3.0,8.0,151.0,400.0,499.0,501.0,4,747.0
3.0,8.0,151.0,400.0,499.0,501.0,4,747.0
3.0,8.0,136.0,151.0,153.0,400.0,4,747.0
3.0,8.0,74.0,136.0,151.0,153.0,4,400.0
3.0,8.0,136.0,151.0,153.0,400.0,4,747.0
3.0,8.0,57.0,151.0,153.0,400.0,4,653.0
3.0,8.0,57.0,136.0,151.0,400.0,4,747.0
3.0,8.0,74.0,136.0,151.0,575.0,4,747.0
3.0,8.0,74.0,136.0,151.0,501.0,4,747.0
3.0,8.0,57.0,74.0,153.0,400.0,4,501.0
3.0,8.0,136.0,151.0,400.0,575.0,4,747.0
3.0,8.0,74.0,136.0,151.0,575.0,4,747.0
3.0,8.0,136.0,151.0,153.0,400.0,4,501.0
3.0,8.0,74.0,136.0,151.0,575.0,4,747.0
3.0,8.0,74.0,400.0,501.0,827.0,4,984.0
3.0,8.0,74.0,136.0,151.0,575.0,4,747.0
3.0,8.0,136.0,151.0,153.0,400.0,4,575.0
3.0,8.0,136.0,151.0,153.0,400.0,4,575.0
3.0,8.0,74.0,400.0,501.0,747.0,4,984.0
3.0,8.0,74.0,400.0,575.0,747.0,4,984.0
3.0,8.0,136.0,151.0,400.0,575.0,4,747.0
3.0,8.0,74.0,136.0,151.0,575.0,4,747.0
3.0,8.0,74.0,136.0,151.0,575.0,4,747.0
3.0,8.0,74.0,136.0,151.0,153.0,4,747.0
3.0,8.0,136.0,151.0,153.0,400.0,4,747.0
3.0,8.0,136.0,153.0,400.0,747.0,4,984.0
3.0,8.0,74.0,153.0,400.0,747.0,4,984.0
3.0,8.0,74.0,153.0,400.0,501.0,4,984.0
3.0,8.0,74.0,153.0,400.0,501.0,4,984.0
3.0,8.0,74.0,400.0,501.0,827.0,4,984.0
3.0,33.0,45.0,134.0,255.0,789.0,4,853.0
3.0,33.0,45.0,321.0,593.0,789.0,4,854.0
3.0,33.0,45.0,134.0,321.0,593.0,4,854.0
3.0,33.0,45.0,134.0,255.0,593.0,4,853.0
3.0,33.0,45.0,134.0,255.0,593.0,4,853.0
3.0,33.0,134.0,255.0,607.0,789.0,4,853.0
3.0,33.0,45.0,607.0,789.0,853.0,4,854.0
3.0,33.0,45.0,607.0,789.0,853.0,4,854.0
3.0,33.0,45.0,134.0,255.0,789.0,4,854.0
3.0,33.0,45.0,134.0,255.0,789.0,4,853.0
3.0,33.0,45.0,134.0,255.0,789.0,4,854.0
3.0,33.0,698.0,789.0,853.0,854.0,4,1016.0
3.0,33.0,321.0,698.0,789.0,853.0,4,1016.0
3.0,33.0,45.0,134.0,255.0,698.0,4,853.0
3.0,33.0,45.0,134.0,255.0,698.0,4,853.0
3.0,33.0,45.0,134.0,255.0,789.0,4,1016.0
3.0,33.0,45.0,134.0,255.0,698.0,4,789.0
3.0,7.0,277.0,325.0,451.0,803.0,4,902.0
3.0,7.0,277.0,396.0,455.0,595.0,4,690.0
3.0,7.0,396.0,432.0,455.0,595.0,4,690.0
3.0,7.0,277.0,325.0,451.0,455.0,4,902.0
3.0,7.0,277.0,325.0,396.0,451.0,4,902.0
3.0,7.0,325.0,451.0,455.0,595.0,4,902.0
3.0,7.0,277.0,432.0,451.0,455.0,4,595.0
3.0,7.0,277.0,325.0,396.0,451.0,4,902.0
3.0,7.0,277.0,325.0,451.0,455.0,4,902.0
3.0,33.0,45.0,134.0,255.0,698.0,4,853.0
3.0,33.0,45.0,134.0,255.0,698.0,4,853.0
3.0,33.0,45.0,134.0,255.0,698.0,4,853.0
3.0,33.0,255.0,698.0,789.0,853.0,4,1016.0
3.0,33.0,45.0,134.0,789.0,854.0,4,1016.0
3.0,33.0,45.0,134.0,255.0,789.0,4,853.0
3.0,33.0,45.0,134.0,255.0,698.0,4,853.0
3.0,33.0,45.0,134.0,255.0,698.0,4,853.0
3.0,33.0,45.0,134.0,255.0,698.0,4,853.0
3.0,33.0,134.0,255.0,789.0,853.0,4,1016.0
3.0,33.0,134.0,255.0,607.0,853.0,4,1016.0
3.0,33.0,45.0,134.0,255.0,789.0,4,1016.0
3.0,33.0,45.0,134.0,255.0,789.0,4,1016.0
3.0,33.0,321.0,593.0,607.0,854.0,4,1016.0
3.0,33.0,45.0,134.0,255.0,698.0,4,853.0
3.0,33.0,255.0,698.0,789.0,853.0,4,1016.0
3.0,33.0,45.0,607.0,789.0,854.0,4,1016.0
3.0,33.0,134.0,255.0,698.0,853.0,4,1016.0
3.0,33.0,45.0,134.0,255.0,698.0,4,853.0
3.0,23.0,12.0,158.0,234.0,440.0,4,1027.0
3.0,23.0,12.0,158.0,234.0,440.0,4,1027.0
3.0,23.0,12.0,215.0,440.0,616.0,4,959.0
3.0,23.0,12.0,158.0,234.0,440.0,4,959.0
3.0,23.0,158.0,215.0,234.0,616.0,4,1027.0
3.0,23.0,12.0,440.0,616.0,959.0,4,1027.0
3.0,23.0,12.0,440.0,616.0,959.0,4,1027.0
3.0,23.0,12.0,215.0,440.0,616.0,4,959.0
3.0,23.0,12.0,440.0,616.0,959.0,4,1027.0
3.0,1.0,570.0,577.0,790.0,808.0,4,820.0
3.0,1.0,577.0,682.0,790.0,808.0,4,815.0
3.0,1.0,682.0,790.0,808.0,815.0,4,905.0
3.0,1.0,305.0,682.0,815.0,820.0,4,905.0
3.0,1.0,305.0,570.0,682.0,815.0,4,820.0
3.0,1.0,570.0,577.0,790.0,808.0,4,820.0
3.0,1.0,570.0,577.0,790.0,808.0,4,820.0
3.0,1.0,570.0,577.0,790.0,808.0,4,820.0
3.0,1.0,570.0,577.0,790.0,808.0,4,820.0
3.0,1.0,682.0,790.0,808.0,815.0,4,905.0
3.0,1.0,305.0,682.0,790.0,815.0,4,905.0
3.0,1.0,305.0,626.0,682.0,815.0,4,905.0
3.0,1.0,305.0,399.0,626.0,815.0,4,905.0
3.0,26.0,40.0,315.0,634.0,874.0,4,948.0
3.0,26.0,40.0,315.0,634.0,874.0,4,948.0
3.0,26.0,450.0,454.0,684.0,857.0,4,1024.0
3.0,6.0,61.0,397.0,623.0,730.0,4,1039.0
3.0,6.0,35.0,61.0,213.0,397.0,4,623.0
3.0,6.0,35.0,213.0,397.0,420.0,4,623.0
3.0,6.0,35.0,213.0,420.0,730.0,4,1039.0
3.0,6.0,35.0,61.0,420.0,730.0,4,1039.0
3.0,6.0,61.0,397.0,623.0,730.0,4,1039.0
3.0,6.0,35.0,213.0,397.0,420.0,4,730.0
3.0,33.0,134.0,255.0,607.0,853.0,4,1016.0
3.0,33.0,134.0,255.0,607.0,853.0,4,1016.0
3.0,33.0,134.0,255.0,789.0,853.0,4,1016.0
3.0,33.0,45.0,134.0,255.0,789.0,4,853.0
3.0,33.0,134.0,255.0,607.0,853.0,4,1016.0
3.0,33.0,45.0,134.0,255.0,321.0,4,789.0
3.0,33.0,45.0,255.0,321.0,789.0,4,853.0
3.0,30.0,68.0,561.0,689.0,705.0,4,847.0
3.0,30.0,689.0,705.0,829.0,847.0,4,953.0
3.0,30.0,240.0,350.0,561.0,829.0,4,953.0
3.0,30.0,68.0,350.0,705.0,829.0,4,953.0
3.0,30.0,68.0,654.0,705.0,847.0,4,953.0
3.0,30.0,350.0,561.0,829.0,847.0,4,953.0
3.0,30.0,68.0,350.0,561.0,829.0,4,953.0
3.0,33.0,134.0,255.0,607.0,853.0,4,1016.0
3.0,33.0,45.0,134.0,255.0,789.0,4,1016.0
3.0,33.0,45.0,321.0,593.0,789.0,4,853.0
3.0,33.0,134.0,255.0,789.0,853.0,4,1016.0
3.0,33.0,45.0,134.0,321.0,789.0,4,853.0
3.0,33.0,45.0,255.0,321.0,789.0,4,853.0
3.0,33.0,45.0,134.0,255.0,789.0,4,853.0
3.0,33.0,255.0,698.0,789.0,853.0,4,1016.0
3.0,33.0,45.0,255.0,698.0,789.0,4,1016.0
3.0,33.0,45.0,321.0,698.0,789.0,4,1016.0
3.0,33.0,45.0,134.0,321.0,789.0,4,853.0
3.0,33.0,45.0,134.0,255.0,789.0,4,853.0
3.0,33.0,45.0,134.0,255.0,698.0,4,853.0
3.0,33.0,45.0,255.0,698.0,789.0,4,853.0
3.0,33.0,45.0,321.0,698.0,789.0,4,853.0
3.0,33.0,45.0,134.0,255.0,321.0,4,789.0
3.0,33.0,45.0,134.0,255.0,321.0,4,789.0
3.0,33.0,45.0,134.0,255.0,321.0,4,789.0
3.0,33.0,45.0,255.0,321.0,698.0,4,789.0
3.0,33.0,45.0,134.0,255.0,321.0,4,789.0
3.0,33.0,45.0,134.0,255.0,698.0,4,853.0
3.0,33.0,134.0,255.0,698.0,853.0,4,1016.0
3.0,33.0,45.0,134.0,321.0,789.0,4,853.0
3.0,33.0,45.0,255.0,698.0,789.0,4,853.0
3.0,33.0,45.0,134.0,255.0,789.0,4,853.0
3.0,33.0,134.0,255.0,698.0,853.0,4,1016.0
3.0,33.0,45.0,255.0,698.0,789.0,4,1016.0
3.0,33.0,45.0,134.0,321.0,789.0,4,853.0
3.0,33.0,255.0,607.0,698.0,853.0,4,1016.0
3.0,33.0,134.0,255.0,698.0,853.0,4,1016.0
3.0,33.0,134.0,255.0,607.0,853.0,4,1016.0
3.0,33.0,134.0,255.0,321.0,607.0,4,1016.0
3.0,33.0,255.0,321.0,607.0,698.0,4,853.0
3.0,33.0,255.0,321.0,607.0,698.0,4,853.0
3.0,33.0,134.0,255.0,321.0,698.0,4,853.0
3.0,33.0,134.0,255.0,698.0,853.0,4,1016.0
3.0,33.0,255.0,321.0,698.0,789.0,4,1016.0
3.0,33.0,134.0,255.0,321.0,789.0,4,1016.0
3.0,33.0,134.0,255.0,607.0,853.0,4,1016.0
3.0,33.0,134.0,255.0,607.0,853.0,4,1016.0
3.0,33.0,134.0,255.0,607.0,853.0,4,1016.0
3.0,33.0,134.0,255.0,698.0,853.0,4,1016.0
3.0,33.0,134.0,255.0,698.0,853.0,4,1016.0
3.0,33.0,255.0,321.0,698.0,789.0,4,853.0
3.0,33.0,255.0,321.0,607.0,789.0,4,853.0
3.0,33.0,134.0,255.0,321.0,789.0,4,853.0
3.0,33.0,134.0,255.0,321.0,789.0,4,853.0
3.0,33.0,134.0,255.0,698.0,853.0,4,1016.0
3.0,33.0,134.0,255.0,698.0,853.0,4,1016.0
3.0,33.0,45.0,255.0,698.0,789.0,4,1016.0
3.0,33.0,134.0,255.0,789.0,853.0,4,1016.0
3.0,33.0,134.0,255.0,698.0,853.0,4,1016.0
3.0,33.0,321.0,698.0,789.0,853.0,4,1016.0
3.0,33.0,134.0,255.0,698.0,853.0,4,1016.0
3.0,33.0,134.0,255.0,789.0,853.0,4,1016.0
3.0,33.0,134.0,255.0,789.0,853.0,4,1016.0
3.0,18.0,14.0,181.0,514.0,579.0,4,866.0
3.0,18.0,14.0,514.0,579.0,866.0,4,1013.0
3.0,18.0,181.0,514.0,579.0,866.0,4,1013.0
3.0,18.0,181.0,204.0,514.0,579.0,4,867.0
3.0,18.0,181.0,514.0,579.0,867.0,4,1013.0
3.0,18.0,14.0,579.0,809.0,876.0,4,1013.0
3.0,18.0,14.0,809.0,866.0,876.0,4,1013.0
3.0,18.0,14.0,579.0,809.0,876.0,4,1013.0
3.0,33.0,134.0,255.0,698.0,853.0,4,1016.0
3.0,33.0,134.0,255.0,789.0,853.0,4,1016.0
3.0,33.0,125.0,134.0,255.0,789.0,4,1016.0
3.0,33.0,125.0,134.0,255.0,789.0,4,853.0
3.0,33.0,134.0,255.0,789.0,853.0,4,1016.0
3.0,33.0,134.0,255.0,698.0,853.0,4,1016.0
3.0,33.0,134.0,255.0,698.0,853.0,4,1016.0
3.0,33.0,134.0,255.0,698.0,853.0,4,1016.0
3.0,33.0,134.0,255.0,698.0,853.0,4,1016.0
3.0,33.0,125.0,134.0,321.0,789.0,4,853.0
3.0,33.0,134.0,255.0,698.0,853.0,4,1016.0
3.0,14.0,48.0,254.0,592.0,700.0,4,786.0
3.0,14.0,48.0,254.0,592.0,700.0,4,786.0
3.0,14.0,592.0,609.0,700.0,786.0,4,897.0
3.0,14.0,592.0,609.0,786.0,877.0,4,897.0
3.0,14.0,518.0,592.0,609.0,786.0,4,877.0
3.0,14.0,48.0,518.0,609.0,700.0,4,877.0
3.0,14.0,48.0,518.0,592.0,609.0,4,700.0
3.0,14.0,518.0,609.0,700.0,786.0,4,877.0
3.0,33.0,134.0,255.0,698.0,853.0,4,1016.0
3.0,33.0,125.0,321.0,698.0,789.0,4,853.0
3.0,33.0,125.0,134.0,321.0,789.0,4,1016.0
3.0,33.0,134.0,255.0,789.0,853.0,4,1016.0
3.0,33.0,134.0,255.0,789.0,853.0,4,1016.0
3.0,33.0,125.0,134.0,255.0,789.0,4,853.0
3.0,33.0,125.0,134.0,255.0,789.0,4,853.0
3.0,33.0,134.0,255.0,698.0,853.0,4,1016.0
3.0,33.0,134.0,255.0,698.0,853.0,4,1016.0
3.0,33.0,125.0,134.0,255.0,789.0,4,853.0
3.0,33.0,125.0,255.0,698.0,789.0,4,1016.0
3.0,33.0,125.0,134.0,255.0,789.0,4,1016.0
3.0,33.0,125.0,134.0,255.0,789.0,4,1016.0
3.0,33.0,134.0,255.0,698.0,853.0,4,1016.0
3.0,33.0,125.0,321.0,698.0,789.0,4,853.0
3.0,33.0,125.0,134.0,321.0,789.0,4,1016.0
3.0,33.0,125.0,134.0,255.0,698.0,4,1016.0
3.0,33.0,255.0,698.0,789.0,853.0,4,1016.0
3.0,33.0,134.0,255.0,698.0,853.0,4,1016.0
3.0,33.0,125.0,134.0,255.0,698.0,4,853.0
3.0,33.0,125.0,321.0,698.0,789.0,4,853.0
3.0,33.0,125.0,134.0,255.0,789.0,4,1016.0
3.0,33.0,255.0,698.0,789.0,853.0,4,1016.0
3.0,33.0,255.0,698.0,789.0,853.0,4,1016.0
3.0,33.0,134.0,255.0,698.0,853.0,4,1016.0
3.0,33.0,255.0,601.0,698.0,789.0,4,853.0
3.0,33.0,45.0,321.0,601.0,698.0,4,789.0
3.0,33.0,45.0,321.0,601.0,607.0,4,789.0
3.0,33.0,134.0,255.0,698.0,853.0,4,1016.0
3.0,33.0,45.0,134.0,255.0,601.0,4,607.0
3.0,33.0,255.0,698.0,789.0,853.0,4,1016.0
3.0,33.0,134.0,255.0,789.0,853.0,4,1016.0
3.0,33.0,134.0,255.0,789.0,853.0,4,1016.0
3.0,0.0,13.0,493.0,535.0,686.0,4,713.0
3.0,0.0,13.0,418.0,493.0,535.0,4,713.0
3.0,0.0,13.0,493.0,535.0,686.0,4,713.0
3.0,0.0,13.0,493.0,535.0,686.0,4,713.0
3.0,0.0,13.0,418.0,493.0,535.0,4,695.0
3.0,25.0,457.0,662.0,711.0,814.0,4,1005.0
3.0,25.0,421.0,662.0,688.0,814.0,4,1005.0
3.0,25.0,398.0,421.0,662.0,688.0,4,864.0
3.0,25.0,294.0,398.0,457.0,688.0,4,814.0
3.0,25.0,294.0,421.0,711.0,814.0,4,1005.0
3.0,25.0,106.0,421.0,662.0,711.0,4,1005.0
3.0,25.0,59.0,106.0,294.0,398.0,4,711.0
3.0,25.0,59.0,106.0,294.0,398.0,4,688.0
3.0,25.0,59.0,294.0,398.0,688.0,4,814.0
3.0,16.0,133.0,296.0,702.0,798.0,4,996.0
3.0,16.0,133.0,296.0,702.0,798.0,4,996.0
3.0,16.0,285.0,296.0,495.0,674.0,4,996.0
3.0,16.0,133.0,296.0,495.0,702.0,4,798.0
3.0,16.0,133.0,296.0,495.0,702.0,4,798.0
3.0,16.0,133.0,296.0,495.0,702.0,4,798.0
3.0,16.0,133.0,296.0,495.0,798.0,4,996.0
3.0,16.0,133.0,296.0,495.0,798.0,4,996.0
3.0,16.0,296.0,495.0,674.0,798.0,4,996.0
3.0,16.0,285.0,427.0,495.0,674.0,4,702.0
3.0,16.0,296.0,495.0,674.0,798.0,4,996.0
3.0,33.0,134.0,255.0,698.0,853.0,4,1016.0
3.0,33.0,134.0,255.0,698.0,853.0,4,1016.0
3.0,33.0,45.0,134.0,789.0,854.0,4,1016.0
3.0,33.0,45.0,698.0,789.0,854.0,4,1016.0
3.0,33.0,45.0,255.0,698.0,789.0,4,1016.0
3.0,33.0,45.0,255.0,698.0,789.0,4,1016.0
3.0,33.0,125.0,134.0,255.0,698.0,4,853.0
3.0,33.0,134.0,255.0,698.0,853.0,4,1016.0
3.0,33.0,45.0,255.0,698.0,789.0,4,1016.0
3.0,33.0,45.0,255.0,698.0,789.0,4,1016.0
3.0,33.0,45.0,134.0,255.0,789.0,4,1016.0
3.0,18.0,766.0,809.0,866.0,867.0,4,1013.0
3.0,18.0,766.0,809.0,866.0,867.0,4,1013.0
3.0,18.0,14.0,579.0,809.0,866.0,4,1013.0
3.0,18.0,579.0,809.0,866.0,867.0,4,1013.0
3.0,18.0,14.0,579.0,809.0,866.0,4,1013.0
3.0,18.0,14.0,181.0,204.0,809.0,4,867.0
3.0,18.0,14.0,181.0,204.0,579.0,4,809.0
3.0,24.0,321.0,425.0,576.0,750.0,4,888.0
3.0,24.0,576.0,746.0,750.0,863.0,4,947.0
3.0,24.0,576.0,750.0,863.0,888.0,4,947.0
3.0,24.0,576.0,746.0,750.0,863.0,4,947.0
3.0,24.0,321.0,425.0,576.0,750.0,4,888.0
3.0,24.0,321.0,463.0,750.0,888.0,4,947.0
3.0,33.0,125.0,134.0,255.0,698.0,4,853.0
3.0,33.0,125.0,134.0,255.0,698.0,4,853.0
3.0,33.0,45.0,125.0,134.0,255.0,4,698.0
3.0,33.0,45.0,134.0,601.0,789.0,4,854.0
3.0,33.0,45.0,134.0,255.0,789.0,4,1016.0
3.0,33.0,45.0,134.0,255.0,789.0,4,1016.0
3.0,33.0,45.0,125.0,134.0,255.0,4,789.0
3.0,33.0,125.0,134.0,698.0,853.0,4,854.0
3.0,33.0,45.0,125.0,134.0,789.0,4,854.0
3.0,33.0,45.0,125.0,607.0,789.0,4,854.0
3.0,33.0,45.0,607.0,789.0,932.0,4,1016.0
3.0,33.0,45.0,698.0,789.0,932.0,4,1016.0
3.0,33.0,45.0,125.0,134.0,698.0,4,854.0
3.0,33.0,125.0,134.0,698.0,853.0,4,854.0
3.0,33.0,125.0,134.0,698.0,853.0,4,854.0
3.0,33.0,45.0,125.0,789.0,932.0,4,1016.0
3.0,33.0,45.0,125.0,789.0,932.0,4,1016.0
3.0,33.0,601.0,607.0,789.0,853.0,4,932.0
3.0,33.0,593.0,601.0,607.0,853.0,4,932.0
3.0,15.0,659.0,714.0,764.0,860.0,4,1036.0
3.0,15.0,659.0,714.0,764.0,860.0,4,1036.0
3.0,15.0,659.0,714.0,764.0,860.0,4,1036.0
3.0,15.0,377.0,672.0,764.0,860.0,4,1036.0
3.0,15.0,659.0,672.0,764.0,860.0,4,1036.0
3.0,15.0,244.0,672.0,872.0,928.0,4,1036.0
3.0,15.0,244.0,672.0,764.0,928.0,4,1036.0
3.0,15.0,244.0,659.0,672.0,764.0,4,928.0
3.0,7.0,325.0,451.0,455.0,902.0,4,956.0
3.0,7.0,277.0,325.0,451.0,455.0,4,902.0
3.0,7.0,277.0,396.0,451.0,902.0,4,956.0
3.0,7.0,277.0,451.0,455.0,690.0,4,956.0
3.0,7.0,277.0,396.0,455.0,690.0,4,956.0
3.0,7.0,396.0,432.0,455.0,690.0,4,956.0
3.0,33.0,45.0,134.0,255.0,698.0,4,853.0
3.0,33.0,45.0,601.0,698.0,789.0,4,932.0
3.0,33.0,45.0,601.0,698.0,789.0,4,932.0
3.0,33.0,134.0,601.0,789.0,853.0,4,932.0
3.0,33.0,134.0,255.0,789.0,853.0,4,1016.0
3.0,33.0,134.0,255.0,789.0,853.0,4,1016.0
3.0,33.0,45.0,134.0,255.0,789.0,4,1016.0
3.0,33.0,45.0,134.0,255.0,698.0,4,853.0
3.0,33.0,45.0,255.0,698.0,789.0,4,853.0
3.0,33.0,45.0,698.0,789.0,932.0,4,1016.0
3.0,33.0,134.0,255.0,789.0,853.0,4,1016.0
3.0,33.0,593.0,601.0,607.0,932.0,4,1016.0
3.0,33.0,45.0,134.0,255.0,698.0,4,853.0
3.0,33.0,45.0,255.0,698.0,789.0,4,853.0
3.0,33.0,125.0,601.0,698.0,789.0,4,854.0
3.0,33.0,125.0,134.0,601.0,789.0,4,854.0
3.0,33.0,45.0,134.0,255.0,789.0,4,1016.0
3.0,33.0,45.0,134.0,698.0,853.0,4,854.0
3.0,33.0,45.0,134.0,255.0,698.0,4,853.0
3.0,33.0,134.0,601.0,698.0,853.0,4,854.0
3.0,33.0,125.0,134.0,789.0,932.0,4,1016.0
3.0,33.0,125.0,134.0,789.0,932.0,4,1016.0
3.0,33.0,134.0,789.0,853.0,854.0,4,1016.0
3.0,33.0,45.0,134.0,255.0,698.0,4,853.0
3.0,33.0,45.0,134.0,255.0,698.0,4,853.0
3.0,33.0,125.0,255.0,698.0,789.0,4,853.0
3.0,33.0,125.0,698.0,789.0,853.0,4,854.0
3.0,33.0,125.0,134.0,789.0,854.0,4,1016.0
3.0,33.0,45.0,134.0,255.0,789.0,4,1016.0
3.0,33.0,45.0,255.0,698.0,789.0,4,853.0
3.0,33.0,45.0,125.0,698.0,789.0,4,854.0
3.0,33.0,125.0,134.0,601.0,789.0,4,854.0
3.0,33.0,125.0,134.0,255.0,601.0,4,854.0
3.0,30.0,240.0,350.0,561.0,953.0,4,963.0
3.0,30.0,68.0,350.0,657.0,829.0,4,953.0
3.0,30.0,68.0,240.0,350.0,657.0,4,829.0
3.0,30.0,68.0,240.0,350.0,657.0,4,829.0
3.0,30.0,68.0,240.0,350.0,829.0,4,963.0
3.0,30.0,657.0,689.0,829.0,953.0,4,963.0
3.0,30.0,68.0,561.0,657.0,953.0,4,963.0
3.0,30.0,68.0,240.0,350.0,847.0,4,963.0
3.0,30.0,350.0,657.0,847.0,953.0,4,963.0
3.0,33.0,45.0,134.0,255.0,698.0,4,853.0
3.0,33.0,45.0,134.0,255.0,698.0,4,853.0
3.0,33.0,45.0,255.0,698.0,789.0,4,853.0
3.0,33.0,125.0,134.0,789.0,854.0,4,1016.0
3.0,33.0,134.0,255.0,601.0,789.0,4,1016.0
3.0,33.0,134.0,255.0,601.0,789.0,4,1016.0
3.0,33.0,45.0,134.0,255.0,698.0,4,853.0
3.0,33.0,45.0,134.0,255.0,698.0,4,853.0
3.0,33.0,45.0,134.0,255.0,789.0,4,853.0
3.0,33.0,125.0,601.0,698.0,789.0,4,854.0
3.0,28.0,553.0,608.0,754.0,859.0,4,922.0
3.0,28.0,218.0,484.0,608.0,754.0,4,859.0
3.0,28.0,41.0,484.0,553.0,608.0,4,685.0
3.0,28.0,41.0,553.0,608.0,685.0,4,754.0
3.0,28.0,484.0,553.0,608.0,685.0,4,754.0
3.0,28.0,41.0,484.0,553.0,608.0,4,685.0
3.0,28.0,41.0,484.0,553.0,608.0,4,685.0
3.0,28.0,218.0,553.0,754.0,859.0,4,922.0
3.0,28.0,218.0,608.0,754.0,859.0,4,922.0
3.0,28.0,218.0,484.0,608.0,754.0,4,859.0
3.0,28.0,484.0,553.0,608.0,685.0,4,754.0
3.0,33.0,45.0,698.0,789.0,853.0,4,854.0
3.0,33.0,698.0,789.0,853.0,854.0,4,1016.0
3.0,33.0,45.0,593.0,601.0,932.0,4,1016.0
3.0,33.0,45.0,601.0,789.0,932.0,4,1016.0
3.0,33.0,45.0,125.0,601.0,789.0,4,932.0
3.0,33.0,45.0,125.0,789.0,853.0,4,932.0
3.0,33.0,125.0,698.0,789.0,853.0,4,854.0
3.0,33.0,45.0,125.0,601.0,789.0,4,932.0
3.0,33.0,45.0,601.0,789.0,853.0,4,932.0
3.0,33.0,45.0,125.0,789.0,854.0,4,1016.0
3.0,33.0,45.0,125.0,698.0,854.0,4,1016.0
3.0,33.0,45.0,255.0,698.0,789.0,4,1016.0
3.0,33.0,255.0,607.0,698.0,853.0,4,1016.0
3.0,33.0,45.0,255.0,698.0,789.0,4,853.0
3.0,33.0,45.0,125.0,698.0,854.0,4,1016.0
3.0,33.0,45.0,125.0,789.0,854.0,4,1016.0
3.0,33.0,45.0,125.0,255.0,789.0,4,1016.0
3.0,33.0,45.0,125.0,255.0,789.0,4,1016.0
3.0,33.0,45.0,125.0,255.0,789.0,4,1016.0
3.0,33.0,125.0,255.0,698.0,789.0,4,853.0
3.0,33.0,125.0,698.0,789.0,853.0,4,854.0
3.0,33.0,45.0,125.0,789.0,854.0,4,1016.0
3.0,33.0,255.0,601.0,698.0,789.0,4,1016.0
3.0,33.0,255.0,601.0,607.0,698.0,4,1016.0
3.0,33.0,45.0,255.0,698.0,789.0,4,853.0
3.0,33.0,45.0,255.0,698.0,789.0,4,853.0
3.0,33.0,125.0,255.0,601.0,789.0,4,1016.0
3.0,33.0,45.0,125.0,255.0,789.0,4,1016.0
3.0,33.0,45.0,255.0,698.0,789.0,4,1016.0
3.0,13.0,15.0,80.0,161.0,191.0,4,832.0
3.0,13.0,80.0,161.0,320.0,665.0,4,817.0
3.0,13.0,80.0,161.0,320.0,665.0,4,817.0
3.0,13.0,15.0,161.0,320.0,665.0,4,673.0
3.0,33.0,45.0,134.0,255.0,698.0,4,853.0
3.0,33.0,125.0,134.0,789.0,853.0,4,854.0
3.0,33.0,45.0,125.0,134.0,255.0,4,1016.0
3.0,33.0,45.0,134.0,255.0,698.0,4,853.0
3.0,33.0,45.0,125.0,134.0,601.0,4,854.0
3.0,33.0,45.0,125.0,134.0,601.0,4,854.0
3.0,33.0,45.0,255.0,698.0,854.0,4,1016.0
3.0,33.0,45.0,255.0,789.0,854.0,4,1016.0
3.0,33.0,125.0,601.0,607.0,932.0,4,1016.0
3.0,11.0,132.0,150.0,232.0,345.0,4,895.0
3.0,11.0,132.0,150.0,232.0,345.0,4,974.0
3.0,11.0,132.0,150.0,232.0,345.0,4,974.0
3.0,11.0,1.0,132.0,150.0,232.0,4,974.0
3.0,11.0,1.0,173.0,638.0,895.0,4,974.0
3.0,11.0,132.0,150.0,232.0,345.0,4,974.0
3.0,11.0,132.0,150.0,232.0,345.0,4,895.0
3.0,28.0,41.0,608.0,665.0,685.0,4,859.0
3.0,28.0,41.0,608.0,665.0,685.0,4,859.0
3.0,28.0,41.0,553.0,608.0,754.0,4,859.0
3.0,28.0,41.0,553.0,608.0,754.0,4,859.0
3.0,28.0,41.0,218.0,553.0,754.0,4,859.0
3.0,28.0,41.0,110.0,553.0,608.0,4,754.0
3.0,28.0,41.0,110.0,608.0,665.0,4,685.0
3.0,28.0,41.0,110.0,553.0,665.0,4,859.0
3.0,28.0,41.0,110.0,553.0,665.0,4,859.0
3.0,33.0,125.0,134.0,789.0,854.0,4,1016.0
3.0,33.0,134.0,601.0,789.0,932.0,4,1016.0
3.0,33.0,125.0,601.0,607.0,789.0,4,932.0
3.0,33.0,125.0,607.0,789.0,854.0,4,1016.0
3.0,33.0,125.0,134.0,698.0,854.0,4,1016.0
3.0,33.0,125.0,134.0,601.0,789.0,4,932.0
3.0,33.0,125.0,134.0,601.0,789.0,4,854.0
3.0,33.0,125.0,134.0,255.0,698.0,4,1016.0
3.0,33.0,134.0,255.0,601.0,698.0,4,1016.0
3.0,33.0,125.0,134.0,255.0,607.0,4,789.0
3.0,33.0,125.0,134.0,255.0,698.0,4,1016.0
3.0,33.0,134.0,255.0,601.0,698.0,4,1016.0
3.0,33.0,134.0,255.0,601.0,789.0,4,1016.0
3.0,33.0,125.0,255.0,601.0,698.0,4,789.0
3.0,33.0,125.0,134.0,255.0,601.0,4,789.0
3.0,29.0,86.0,132.0,769.0,914.0,4,990.0
3.0,29.0,132.0,338.0,389.0,914.0,4,990.0
3.0,29.0,86.0,132.0,389.0,914.0,4,990.0
3.0,29.0,86.0,132.0,769.0,914.0,4,990.0
3.0,29.0,46.0,86.0,132.0,914.0,4,990.0
3.0,29.0,46.0,86.0,132.0,883.0,4,990.0
3.0,29.0,46.0,86.0,338.0,498.0,4,914.0
3.0,29.0,46.0,86.0,132.0,338.0,4,914.0
3.0,29.0,86.0,132.0,338.0,914.0,4,990.0
3.0,29.0,86.0,132.0,389.0,914.0,4,990.0
3.0,33.0,125.0,134.0,255.0,698.0,4,1016.0
3.0,33.0,134.0,255.0,601.0,789.0,4,854.0
3.0,33.0,255.0,601.0,698.0,789.0,4,1016.0
3.0,33.0,134.0,601.0,789.0,854.0,4,1016.0
3.0,33.0,601.0,698.0,789.0,854.0,4,1016.0
3.0,33.0,601.0,698.0,789.0,932.0,4,1016.0
3.0,33.0,125.0,134.0,255.0,698.0,4,1016.0
3.0,33.0,125.0,134.0,255.0,698.0,4,854.0
3.0,33.0,125.0,134.0,255.0,789.0,4,854.0
3.0,33.0,125.0,134.0,789.0,854.0,4,932.0
3.0,33.0,255.0,601.0,698.0,789.0,4,1016.0
3.0,33.0,255.0,601.0,698.0,789.0,4,1016.0
3.0,33.0,593.0,601.0,607.0,854.0,4,932.0
3.0,13.0,80.0,161.0,290.0,320.0,4,817.0
3.0,13.0,238.0,290.0,320.0,922.0,4,971.0
3.0,13.0,80.0,161.0,290.0,320.0,4,971.0
3.0,13.0,80.0,161.0,290.0,320.0,4,817.0
3.0,13.0,80.0,161.0,290.0,320.0,4,817.0
3.0,13.0,80.0,161.0,290.0,320.0,4,817.0
3.0,13.0,80.0,161.0,238.0,817.0,4,922.0
3.0,13.0,80.0,290.0,320.0,922.0,4,971.0
3.0,13.0,238.0,290.0,320.0,817.0,4,922.0
3.0,33.0,125.0,134.0,255.0,601.0,4,789.0
3.0,33.0,45.0,134.0,255.0,601.0,4,789.0
3.0,33.0,45.0,134.0,255.0,601.0,4,698.0
3.0,33.0,45.0,134.0,255.0,601.0,4,698.0
3.0,33.0,45.0,134.0,255.0,698.0,4,1016.0
3.0,33.0,125.0,134.0,789.0,932.0,4,1016.0
3.0,33.0,125.0,601.0,698.0,789.0,4,932.0
3.0,33.0,45.0,255.0,601.0,698.0,4,789.0
3.0,33.0,45.0,134.0,255.0,601.0,4,698.0
3.0,33.0,45.0,134.0,255.0,601.0,4,698.0
3.0,4.0,103.0,259.0,373.0,589.0,4,646.0
3.0,4.0,166.0,373.0,437.0,646.0,4,851.0
3.0,4.0,103.0,259.0,426.0,589.0,4,936.0
3.0,4.0,103.0,259.0,373.0,646.0,4,851.0
3.0,4.0,166.0,259.0,373.0,426.0,4,851.0
3.0,4.0,166.0,373.0,426.0,437.0,4,851.0
3.0,4.0,103.0,259.0,373.0,589.0,4,851.0
3.0,9.0,81.0,149.0,510.0,828.0,4,941.0
3.0,9.0,452.0,510.0,828.0,941.0,4,1019.0
3.0,9.0,81.0,149.0,510.0,828.0,4,941.0
3.0,9.0,81.0,452.0,828.0,941.0,4,1019.0
3.0,9.0,76.0,199.0,452.0,510.0,4,1019.0
3.0,9.0,76.0,174.0,199.0,510.0,4,599.0
3.0,17.0,47.0,108.0,135.0,328.0,4,505.0
3.0,17.0,108.0,135.0,483.0,598.0,4,635.0
3.0,17.0,47.0,108.0,135.0,505.0,4,635.0
3.0,17.0,47.0,108.0,135.0,328.0,4,505.0
3.0,17.0,47.0,108.0,135.0,328.0,4,505.0
3.0,24.0,463.0,576.0,746.0,863.0,4,947.0
3.0,24.0,321.0,463.0,605.0,750.0,4,888.0
3.0,24.0,463.0,576.0,863.0,888.0,4,947.0
3.0,24.0,463.0,576.0,746.0,863.0,4,947.0
3.0,24.0,576.0,605.0,746.0,750.0,4,863.0
3.0,24.0,576.0,605.0,750.0,863.0,4,888.0
3.0,24.0,576.0,605.0,750.0,863.0,4,888.0
3.0,24.0,321.0,463.0,605.0,750.0,4,888.0
3.0,33.0,125.0,134.0,255.0,698.0,4,1016.0
3.0,33.0,125.0,134.0,255.0,698.0,4,1016.0
3.0,33.0,125.0,601.0,698.0,789.0,4,932.0
3.0,33.0,125.0,134.0,255.0,601.0,4,789.0
3.0,33.0,125.0,134.0,255.0,601.0,4,789.0
3.0,33.0,134.0,255.0,601.0,789.0,4,1016.0
3.0,33.0,134.0,255.0,601.0,607.0,4,1016.0
3.0,33.0,125.0,134.0,255.0,698.0,4,1016.0
3.0,33.0,134.0,255.0,601.0,789.0,4,1016.0
3.0,33.0,255.0,601.0,607.0,789.0,4,1016.0
3.0,33.0,125.0,601.0,607.0,698.0,4,932.0
3.0,33.0,125.0,601.0,607.0,789.0,4,932.0
3.0,33.0,125.0,607.0,773.0,932.0,4,1016.0
3.0,33.0,45.0,134.0,255.0,698.0,4,1016.0
3.0,33.0,125.0,601.0,698.0,789.0,4,854.0
3.0,33.0,125.0,601.0,698.0,789.0,4,854.0
3.0,33.0,45.0,134.0,601.0,698.0,4,854.0
3.0,33.0,45.0,134.0,255.0,601.0,4,607.0
3.0,33.0,45.0,134.0,255.0,698.0,4,1016.0
3.0,33.0,125.0,134.0,255.0,698.0,4,1016.0
3.0,33.0,125.0,134.0,255.0,789.0,4,1016.0
3.0,33.0,134.0,255.0,601.0,789.0,4,1016.0
3.0,33.0,601.0,698.0,789.0,854.0,4,1016.0
3.0,33.0,125.0,255.0,601.0,698.0,4,789.0
3.0,33.0,125.0,255.0,601.0,698.0,4,789.0
3.0,33.0,125.0,134.0,255.0,607.0,4,1016.0
3.0,33.0,134.0,255.0,601.0,789.0,4,1016.0
3.0,33.0,255.0,601.0,607.0,789.0,4,1016.0
3.0,33.0,125.0,601.0,607.0,789.0,4,854.0
3.0,33.0,125.0,134.0,255.0,789.0,4,1016.0
3.0,33.0,125.0,255.0,607.0,789.0,4,1016.0
3.0,33.0,125.0,134.0,255.0,607.0,4,1016.0
3.0,33.0,125.0,255.0,607.0,789.0,4,1016.0
3.0,33.0,255.0,601.0,607.0,789.0,4,1016.0
3.0,33.0,125.0,601.0,607.0,789.0,4,854.0
3.0,33.0,255.0,593.0,601.0,789.0,4,1016.0
3.0,33.0,125.0,134.0,601.0,789.0,4,854.0
3.0,33.0,125.0,593.0,601.0,789.0,4,854.0
3.0,33.0,125.0,255.0,593.0,698.0,4,1016.0
3.0,33.0,125.0,255.0,593.0,698.0,4,1016.0
3.0,33.0,125.0,134.0,255.0,698.0,4,1016.0
3.0,33.0,125.0,134.0,255.0,698.0,4,1016.0
3.0,33.0,125.0,134.0,255.0,698.0,4,1016.0
3.0,33.0,125.0,134.0,255.0,698.0,4,1016.0
3.0,32.0,44.0,155.0,241.0,380.0,4,524.0
3.0,32.0,66.0,155.0,380.0,444.0,4,824.0
3.0,32.0,66.0,155.0,380.0,444.0,4,824.0
3.0,32.0,44.0,66.0,155.0,380.0,4,524.0
3.0,32.0,44.0,155.0,241.0,524.0,4,911.0
3.0,32.0,34.0,66.0,444.0,824.0,4,911.0
3.0,32.0,66.0,155.0,241.0,444.0,4,824.0
3.0,12.0,111.0,216.0,301.0,856.0,4,983.0
3.0,12.0,111.0,216.0,301.0,856.0,4,983.0
3.0,12.0,0.0,111.0,531.0,715.0,4,856.0
3.0,12.0,216.0,301.0,715.0,856.0,4,983.0
3.0,12.0,111.0,216.0,301.0,856.0,4,983.0
3.0,12.0,0.0,111.0,216.0,856.0,4,983.0
3.0,12.0,0.0,216.0,531.0,715.0,4,856.0
3.0,12.0,0.0,216.0,531.0,715.0,4,856.0
3.0,12.0,216.0,301.0,531.0,715.0,4,856.0
3.0,12.0,216.0,301.0,531.0,715.0,4,856.0
3.0,12.0,216.0,301.0,531.0,715.0,4,856.0
3.0,12.0,216.0,301.0,531.0,715.0,4,856.0
3.0,12.0,216.0,301.0,531.0,715.0,4,856.0
3.0,12.0,111.0,216.0,301.0,531.0,4,983.0
3.0,34.0,30.0,36.0,432.0,719.0,4,900.0
3.0,34.0,30.0,299.0,335.0,432.0,4,753.0
3.0,34.0,30.0,36.0,432.0,753.0,4,900.0
3.0,34.0,36.0,432.0,719.0,753.0,4,900.0
3.0,34.0,36.0,404.0,753.0,803.0,4,900.0
3.0,34.0,36.0,404.0,753.0,803.0,4,900.0
3.0,33.0,125.0,134.0,255.0,698.0,4,1016.0
3.0,33.0,134.0,255.0,601.0,789.0,4,1016.0
3.0,33.0,134.0,255.0,601.0,789.0,4,1016.0
3.0,33.0,125.0,601.0,698.0,789.0,4,854.0
3.0,33.0,134.0,255.0,601.0,698.0,4,1016.0
3.0,33.0,125.0,134.0,255.0,698.0,4,1016.0
3.0,33.0,134.0,255.0,601.0,789.0,4,1016.0
3.0,33.0,125.0,601.0,698.0,789.0,4,854.0
3.0,33.0,125.0,134.0,255.0,698.0,4,854.0
3.0,14.0,254.0,592.0,609.0,700.0,4,786.0
3.0,14.0,254.0,592.0,609.0,786.0,4,897.0
3.0,14.0,518.0,532.0,609.0,700.0,4,897.0
3.0,14.0,254.0,532.0,592.0,700.0,4,786.0
3.0,14.0,254.0,592.0,609.0,700.0,4,786.0
3.0,14.0,254.0,532.0,592.0,786.0,4,897.0
3.0,14.0,254.0,592.0,609.0,786.0,4,897.0
3.0,14.0,254.0,592.0,609.0,786.0,4,897.0
3.0,33.0,125.0,134.0,255.0,698.0,4,1016.0
3.0,33.0,125.0,134.0,789.0,854.0,4,1016.0
3.0,33.0,134.0,601.0,789.0,854.0,4,1016.0
3.0,33.0,125.0,255.0,601.0,698.0,4,789.0
3.0,33.0,125.0,134.0,255.0,698.0,4,1016.0
3.0,33.0,125.0,134.0,255.0,698.0,4,1016.0
3.0,33.0,125.0,134.0,255.0,789.0,4,1016.0
3.0,33.0,125.0,134.0,255.0,789.0,4,1016.0
3.0,33.0,125.0,134.0,255.0,593.0,4,1016.0
3.0,33.0,125.0,134.0,255.0,789.0,4,1016.0
3.0,33.0,125.0,134.0,255.0,789.0,4,1016.0
3.0,11.0,1.0,173.0,580.0,638.0,4,974.0
3.0,11.0,1.0,173.0,580.0,638.0,4,974.0
3.0,11.0,150.0,440.0,520.0,580.0,4,602.0
3.0,11.0,1.0,150.0,440.0,602.0,4,638.0
3.0,11.0,1.0,173.0,580.0,638.0,4,974.0
3.0,11.0,1.0,173.0,580.0,638.0,4,974.0
3.0,11.0,173.0,580.0,602.0,638.0,4,974.0
3.0,11.0,1.0,173.0,580.0,638.0,4,974.0
3.0,11.0,1.0,173.0,580.0,638.0,4,974.0
3.0,11.0,440.0,580.0,602.0,638.0,4,974.0
3.0,11.0,150.0,440.0,580.0,602.0,4,638.0
3.0,11.0,150.0,440.0,520.0,580.0,4,602.0
3.0,11.0,150.0,383.0,478.0,520.0,4,602.0
3.0,32.0,44.0,155.0,241.0,380.0,4,524.0
3.0,32.0,44.0,155.0,241.0,444.0,4,663.0
3.0,32.0,34.0,44.0,380.0,444.0,4,663.0
3.0,32.0,44.0,66.0,155.0,524.0,4,663.0
3.0,32.0,66.0,155.0,380.0,444.0,4,524.0
3.0,32.0,66.0,155.0,380.0,444.0,4,663.0
3.0,32.0,44.0,155.0,241.0,444.0,4,663.0
3.0,32.0,44.0,155.0,241.0,444.0,4,663.0
3.0,32.0,44.0,155.0,241.0,444.0,4,663.0
3.0,32.0,44.0,155.0,241.0,444.0,4,663.0
3.0,32.0,155.0,241.0,380.0,444.0,4,816.0
3.0,15.0,244.0,714.0,764.0,860.0,4,1036.0
3.0,15.0,659.0,672.0,860.0,872.0,4,1036.0
3.0,15.0,244.0,672.0,860.0,872.0,4,1036.0
3.0,15.0,244.0,714.0,764.0,860.0,4,928.0
3.0,15.0,244.0,714.0,764.0,860.0,4,1036.0
3.0,15.0,244.0,659.0,714.0,860.0,4,1036.0
3.0,15.0,244.0,659.0,714.0,860.0,4,1036.0
3.0,32.0,44.0,155.0,241.0,380.0,4,524.0
3.0,32.0,34.0,44.0,66.0,380.0,4,444.0
3.0,32.0,44.0,66.0,155.0,380.0,4,524.0
3.0,32.0,34.0,66.0,155.0,380.0,4,524.0
3.0,32.0,44.0,66.0,155.0,380.0,4,524.0
3.0,32.0,44.0,155.0,241.0,380.0,4,524.0
3.0,32.0,44.0,66.0,155.0,380.0,4,444.0
3.0,32.0,44.0,66.0,155.0,380.0,4,444.0
3.0,32.0,44.0,66.0,155.0,380.0,4,444.0
3.0,32.0,34.0,44.0,66.0,444.0,4,663.0
3.0,32.0,34.0,44.0,66.0,444.0,4,663.0
3.0,32.0,44.0,155.0,380.0,444.0,4,524.0
3.0,32.0,66.0,155.0,380.0,444.0,4,524.0
3.0,32.0,66.0,155.0,380.0,444.0,4,524.0
3.0,32.0,44.0,155.0,380.0,444.0,4,524.0
3.0,32.0,44.0,155.0,380.0,444.0,4,524.0
3.0,7.0,277.0,396.0,432.0,455.0,4,530.0
3.0,7.0,325.0,396.0,432.0,455.0,4,902.0
3.0,7.0,277.0,396.0,432.0,455.0,4,902.0
3.0,7.0,277.0,396.0,455.0,530.0,4,595.0
3.0,7.0,277.0,451.0,455.0,530.0,4,595.0
3.0,7.0,277.0,451.0,455.0,530.0,4,902.0
3.0,7.0,277.0,325.0,451.0,530.0,4,902.0
3.0,7.0,277.0,325.0,451.0,455.0,4,902.0
3.0,7.0,277.0,396.0,451.0,455.0,4,902.0
3.0,7.0,277.0,396.0,455.0,803.0,4,902.0
3.0,7.0,277.0,396.0,432.0,455.0,4,803.0
3.0,7.0,396.0,432.0,455.0,595.0,4,803.0
3.0,7.0,396.0,432.0,595.0,690.0,4,846.0
3.0,30.0,350.0,561.0,705.0,829.0,4,949.0
3.0,30.0,68.0,350.0,561.0,657.0,4,689.0
3.0,30.0,68.0,240.0,657.0,829.0,4,847.0
3.0,30.0,350.0,561.0,689.0,829.0,4,949.0
3.0,30.0,240.0,350.0,689.0,829.0,4,847.0
3.0,30.0,68.0,350.0,657.0,689.0,4,829.0
3.0,30.0,68.0,350.0,657.0,689.0,4,829.0
3.0,32.0,44.0,155.0,241.0,380.0,4,524.0
3.0,32.0,44.0,66.0,155.0,444.0,4,663.0
3.0,32.0,44.0,155.0,380.0,524.0,4,663.0
3.0,32.0,44.0,155.0,241.0,380.0,4,524.0
3.0,32.0,34.0,155.0,241.0,380.0,4,524.0
3.0,32.0,34.0,44.0,66.0,241.0,4,524.0
3.0,32.0,34.0,44.0,380.0,444.0,4,663.0
3.0,32.0,34.0,155.0,380.0,444.0,4,524.0
3.0,32.0,44.0,66.0,155.0,380.0,4,524.0
3.0,32.0,34.0,66.0,155.0,380.0,4,524.0
3.0,13.0,15.0,80.0,161.0,665.0,4,817.0
3.0,13.0,15.0,80.0,238.0,665.0,4,817.0
3.0,13.0,15.0,80.0,238.0,665.0,4,817.0
3.0,13.0,15.0,80.0,238.0,556.0,4,665.0
3.0,13.0,15.0,80.0,191.0,886.0,4,925.0
3.0,32.0,44.0,155.0,241.0,380.0,4,524.0
3.0,32.0,44.0,241.0,524.0,796.0,4,911.0
3.0,32.0,155.0,380.0,444.0,663.0,4,796.0
3.0,32.0,44.0,155.0,380.0,444.0,4,663.0
3.0,32.0,44.0,155.0,444.0,524.0,4,663.0
3.0,32.0,34.0,44.0,444.0,524.0,4,663.0
3.0,32.0,44.0,155.0,380.0,444.0,4,524.0
3.0,32.0,44.0,155.0,241.0,380.0,4,524.0
3.0,32.0,44.0,155.0,241.0,524.0,4,911.0
3.0,32.0,44.0,155.0,241.0,524.0,4,911.0
3.0,32.0,34.0,155.0,380.0,444.0,4,911.0
3.0,32.0,44.0,155.0,380.0,444.0,4,524.0
3.0,32.0,44.0,155.0,380.0,444.0,4,524.0
3.0,32.0,44.0,155.0,241.0,380.0,4,524.0
3.0,32.0,34.0,155.0,444.0,524.0,4,911.0
3.0,32.0,34.0,380.0,444.0,816.0,4,911.0
3.0,32.0,44.0,155.0,380.0,444.0,4,524.0
3.0,32.0,44.0,155.0,380.0,444.0,4,524.0
3.0,32.0,34.0,155.0,380.0,444.0,4,524.0
3.0,32.0,44.0,155.0,241.0,380.0,4,524.0
3.0,32.0,155.0,380.0,444.0,663.0,4,816.0
3.0,32.0,34.0,66.0,155.0,444.0,4,663.0
3.0,32.0,66.0,155.0,444.0,663.0,4,816.0
3.0,32.0,44.0,380.0,444.0,524.0,4,816.0
3.0,32.0,44.0,380.0,444.0,524.0,4,816.0
3.0,32.0,44.0,155.0,241.0,380.0,4,524.0
3.0,32.0,66.0,155.0,524.0,663.0,4,816.0
3.0,32.0,44.0,155.0,444.0,524.0,4,663.0
3.0,1.0,570.0,577.0,790.0,808.0,4,820.0
3.0,1.0,570.0,577.0,682.0,808.0,4,820.0
3.0,1.0,577.0,682.0,808.0,815.0,4,820.0
3.0,1.0,570.0,577.0,790.0,808.0,4,820.0
3.0,1.0,570.0,577.0,790.0,808.0,4,820.0
3.0,1.0,570.0,577.0,790.0,808.0,4,820.0
3.0,1.0,570.0,790.0,808.0,815.0,4,820.0
3.0,1.0,570.0,682.0,790.0,808.0,4,815.0
3.0,1.0,305.0,570.0,682.0,790.0,4,815.0
3.0,1.0,305.0,577.0,682.0,815.0,4,820.0
3.0,1.0,570.0,577.0,682.0,808.0,4,820.0
3.0,1.0,570.0,682.0,808.0,815.0,4,820.0
3.0,32.0,34.0,44.0,66.0,524.0,4,663.0
3.0,32.0,34.0,155.0,380.0,444.0,4,663.0
3.0,32.0,34.0,155.0,380.0,444.0,4,524.0
3.0,32.0,44.0,155.0,241.0,380.0,4,524.0
3.0,32.0,34.0,44.0,66.0,524.0,4,663.0
3.0,32.0,34.0,155.0,380.0,444.0,4,663.0
3.0,32.0,44.0,155.0,380.0,444.0,4,524.0
3.0,0.0,418.0,465.0,493.0,535.0,4,1037.0
3.0,0.0,418.0,465.0,493.0,494.0,4,1037.0
3.0,0.0,418.0,465.0,494.0,686.0,4,1037.0
3.0,0.0,418.0,465.0,494.0,686.0,4,1037.0
3.0,0.0,13.0,418.0,493.0,535.0,4,686.0
3.0,0.0,13.0,493.0,535.0,686.0,4,713.0
3.0,0.0,13.0,418.0,493.0,535.0,4,713.0
3.0,0.0,13.0,493.0,535.0,686.0,4,713.0
3.0,0.0,13.0,418.0,493.0,686.0,4,713.0
3.0,0.0,13.0,418.0,494.0,686.0,4,713.0
3.0,0.0,418.0,465.0,494.0,695.0,4,1037.0
3.0,0.0,418.0,465.0,494.0,695.0,4,1037.0
3.0,0.0,418.0,465.0,494.0,695.0,4,1037.0
3.0,34.0,36.0,112.0,137.0,299.0,4,355.0
3.0,34.0,36.0,137.0,299.0,404.0,4,811.0
3.0,34.0,36.0,112.0,137.0,299.0,4,811.0
3.0,34.0,36.0,112.0,137.0,299.0,4,355.0
3.0,34.0,36.0,112.0,299.0,355.0,4,753.0
3.0,34.0,55.0,112.0,137.0,355.0,4,753.0
3.0,34.0,55.0,112.0,137.0,355.0,4,753.0
3.0,34.0,36.0,55.0,137.0,299.0,4,753.0
3.0,34.0,36.0,55.0,137.0,299.0,4,753.0
3.0,34.0,36.0,55.0,137.0,299.0,4,753.0
3.0,34.0,36.0,55.0,278.0,299.0,4,355.0
3.0,4.0,259.0,487.0,505.0,628.0,4,646.0
3.0,4.0,259.0,487.0,505.0,628.0,4,646.0
3.0,4.0,103.0,259.0,426.0,505.0,4,646.0
3.0,4.0,103.0,426.0,437.0,628.0,4,646.0
3.0,4.0,3.0,437.0,505.0,628.0,4,936.0
3.0,32.0,44.0,155.0,241.0,380.0,4,444.0
3.0,32.0,44.0,66.0,155.0,241.0,4,444.0
3.0,32.0,44.0,66.0,155.0,241.0,4,444.0
3.0,32.0,44.0,66.0,155.0,241.0,4,444.0
3.0,32.0,34.0,155.0,380.0,444.0,4,663.0
3.0,32.0,44.0,155.0,241.0,380.0,4,444.0
3.0,32.0,44.0,155.0,241.0,380.0,4,444.0
3.0,17.0,47.0,108.0,373.0,488.0,4,849.0
3.0,17.0,47.0,108.0,373.0,488.0,4,849.0
3.0,17.0,108.0,328.0,373.0,488.0,4,849.0
3.0,17.0,47.0,328.0,488.0,642.0,4,849.0
3.0,17.0,47.0,108.0,135.0,635.0,4,849.0
3.0,17.0,47.0,108.0,135.0,635.0,4,849.0
3.0,17.0,47.0,108.0,135.0,328.0,4,635.0
3.0,17.0,108.0,135.0,373.0,488.0,4,635.0
3.0,17.0,135.0,328.0,635.0,642.0,4,849.0
3.0,17.0,108.0,135.0,328.0,635.0,4,642.0
3.0,17.0,135.0,328.0,488.0,635.0,4,849.0
3.0,32.0,44.0,155.0,241.0,380.0,4,444.0
3.0,32.0,34.0,44.0,66.0,524.0,4,663.0
3.0,32.0,44.0,155.0,241.0,380.0,4,444.0
3.0,32.0,34.0,66.0,155.0,444.0,4,911.0
3.0,32.0,44.0,155.0,380.0,444.0,4,911.0
3.0,32.0,44.0,155.0,241.0,380.0,4,444.0
3.0,32.0,34.0,155.0,241.0,444.0,4,911.0
3.0,32.0,34.0,663.0,664.0,796.0,4,911.0
3.0,32.0,44.0,155.0,380.0,444.0,4,663.0
3.0,32.0,34.0,155.0,380.0,444.0,4,911.0
3.0,32.0,44.0,155.0,241.0,380.0,4,444.0
3.0,32.0,34.0,44.0,241.0,380.0,4,444.0
3.0,32.0,44.0,380.0,444.0,796.0,4,911.0
3.0,32.0,44.0,155.0,380.0,444.0,4,911.0
3.0,16.0,285.0,296.0,495.0,674.0,4,996.0
3.0,16.0,200.0,285.0,674.0,702.0,4,996.0
3.0,16.0,200.0,285.0,674.0,702.0,4,996.0
3.0,16.0,285.0,296.0,477.0,674.0,4,702.0
3.0,16.0,285.0,296.0,477.0,674.0,4,702.0
3.0,16.0,133.0,285.0,296.0,477.0,4,702.0
3.0,16.0,133.0,296.0,477.0,702.0,4,1030.0
3.0,16.0,133.0,296.0,477.0,702.0,4,1030.0
3.0,16.0,285.0,296.0,477.0,674.0,4,996.0
3.0,16.0,285.0,296.0,495.0,674.0,4,996.0
3.0,16.0,200.0,285.0,674.0,702.0,4,996.0
3.0,16.0,200.0,285.0,674.0,702.0,4,996.0
3.0,16.0,200.0,285.0,674.0,702.0,4,996.0
3.0,25.0,294.0,457.0,711.0,814.0,4,1005.0
3.0,25.0,294.0,457.0,688.0,814.0,4,1005.0
3.0,25.0,59.0,294.0,688.0,814.0,4,1005.0
3.0,25.0,294.0,457.0,688.0,814.0,4,1005.0
3.0,25.0,294.0,457.0,688.0,814.0,4,1005.0
3.0,25.0,294.0,457.0,711.0,814.0,4,1005.0
3.0,25.0,294.0,457.0,711.0,814.0,4,1005.0
3.0,25.0,59.0,294.0,688.0,814.0,4,1005.0
3.0,25.0,59.0,398.0,662.0,688.0,4,864.0
3.0,25.0,59.0,398.0,662.0,688.0,4,864.0
3.0,25.0,59.0,106.0,398.0,662.0,4,688.0
3.0,32.0,44.0,155.0,241.0,380.0,4,444.0
3.0,32.0,44.0,155.0,241.0,380.0,4,444.0
3.0,32.0,44.0,155.0,241.0,444.0,4,911.0
3.0,32.0,34.0,44.0,241.0,444.0,4,911.0
3.0,32.0,34.0,44.0,241.0,444.0,4,911.0
3.0,32.0,34.0,155.0,380.0,663.0,4,664.0
3.0,32.0,44.0,155.0,380.0,663.0,4,664.0
3.0,32.0,44.0,155.0,380.0,444.0,4,663.0
3.0,32.0,44.0,155.0,241.0,444.0,4,911.0
3.0,32.0,44.0,155.0,241.0,444.0,4,911.0
3.0,32.0,34.0,44.0,241.0,444.0,4,911.0
3.0,32.0,34.0,44.0,444.0,663.0,4,911.0
3.0,32.0,34.0,663.0,664.0,816.0,4,911.0
3.0,32.0,44.0,155.0,241.0,380.0,4,444.0
3.0,32.0,34.0,155.0,241.0,444.0,4,911.0
3.0,32.0,44.0,155.0,380.0,444.0,4,911.0
3.0,32.0,44.0,155.0,241.0,380.0,4,444.0
3.0,32.0,44.0,155.0,241.0,444.0,4,911.0
3.0,32.0,34.0,44.0,241.0,444.0,4,911.0
3.0,32.0,34.0,44.0,241.0,664.0,4,911.0
3.0,32.0,34.0,155.0,380.0,664.0,4,911.0
3.0,9.0,85.0,174.0,452.0,510.0,4,845.0
3.0,9.0,149.0,169.0,510.0,845.0,4,1019.0
3.0,9.0,85.0,452.0,510.0,845.0,4,1019.0
3.0,9.0,169.0,199.0,599.0,845.0,4,1019.0
3.0,32.0,44.0,155.0,241.0,380.0,4,444.0
3.0,32.0,44.0,155.0,241.0,444.0,4,911.0
3.0,32.0,34.0,44.0,663.0,664.0,4,911.0
3.0,32.0,44.0,155.0,444.0,663.0,4,911.0
3.0,32.0,44.0,66.0,155.0,444.0,4,663.0
3.0,32.0,44.0,66.0,155.0,380.0,4,444.0
3.0,32.0,34.0,66.0,155.0,380.0,4,444.0
3.0,32.0,34.0,44.0,66.0,663.0,4,664.0
3.0,32.0,44.0,66.0,155.0,444.0,4,663.0
3.0,32.0,44.0,155.0,380.0,444.0,4,911.0
3.0,32.0,44.0,155.0,241.0,380.0,4,444.0
3.0,32.0,34.0,155.0,241.0,444.0,4,911.0
3.0,32.0,34.0,155.0,241.0,444.0,4,911.0
3.0,32.0,44.0,66.0,155.0,241.0,4,444.0
3.0,32.0,44.0,66.0,155.0,444.0,4,663.0
3.0,32.0,34.0,44.0,66.0,444.0,4,663.0
3.0,32.0,34.0,155.0,663.0,664.0,4,911.0
3.0,32.0,34.0,155.0,663.0,664.0,4,911.0
3.0,32.0,44.0,66.0,155.0,444.0,4,911.0
3.0,32.0,44.0,66.0,155.0,444.0,4,911.0
3.0,1.0,356.0,399.0,815.0,820.0,4,960.0
3.0,1.0,118.0,305.0,570.0,626.0,4,905.0
3.0,1.0,118.0,305.0,570.0,626.0,4,815.0
3.0,1.0,118.0,305.0,570.0,626.0,4,815.0
3.0,1.0,305.0,570.0,815.0,820.0,4,960.0
3.0,1.0,399.0,570.0,815.0,820.0,4,960.0
3.0,1.0,399.0,570.0,815.0,820.0,4,960.0
3.0,1.0,118.0,305.0,356.0,905.0,4,960.0
3.0,1.0,305.0,570.0,815.0,820.0,4,960.0
3.0,32.0,44.0,66.0,155.0,241.0,4,444.0
3.0,32.0,34.0,44.0,663.0,664.0,4,911.0
3.0,32.0,34.0,66.0,663.0,664.0,4,911.0
3.0,32.0,34.0,66.0,155.0,663.0,4,664.0
3.0,32.0,44.0,66.0,155.0,241.0,4,444.0
3.0,32.0,44.0,66.0,155.0,241.0,4,444.0
3.0,32.0,44.0,155.0,444.0,663.0,4,911.0
3.0,25.0,294.0,421.0,688.0,814.0,4,1005.0
3.0,25.0,294.0,421.0,688.0,814.0,4,1005.0
3.0,25.0,106.0,294.0,421.0,688.0,4,1005.0
3.0,25.0,106.0,294.0,457.0,711.0,4,1005.0
3.0,25.0,398.0,457.0,662.0,711.0,4,814.0
3.0,25.0,106.0,398.0,457.0,711.0,4,814.0
3.0,25.0,106.0,398.0,457.0,711.0,4,814.0
3.0,25.0,294.0,398.0,421.0,814.0,4,1005.0
3.0,25.0,294.0,398.0,421.0,814.0,4,1005.0
3.0,25.0,294.0,398.0,421.0,814.0,4,1005.0
3.0,25.0,294.0,398.0,421.0,814.0,4,1005.0
3.0,26.0,29.0,40.0,634.0,874.0,4,948.0
3.0,26.0,29.0,40.0,634.0,684.0,4,948.0
3.0,26.0,40.0,536.0,684.0,843.0,4,1024.0
3.0,26.0,29.0,40.0,634.0,874.0,4,948.0
3.0,26.0,29.0,40.0,536.0,874.0,4,948.0
3.0,26.0,29.0,40.0,634.0,874.0,4,948.0
3.0,32.0,44.0,155.0,241.0,444.0,4,911.0
3.0,32.0,34.0,44.0,241.0,524.0,4,911.0
3.0,32.0,44.0,155.0,241.0,380.0,4,444.0
3.0,32.0,34.0,155.0,241.0,524.0,4,663.0
3.0,32.0,44.0,155.0,380.0,444.0,4,663.0
3.0,32.0,44.0,155.0,380.0,444.0,4,663.0
3.0,12.0,216.0,301.0,647.0,715.0,4,910.0
3.0,12.0,216.0,301.0,647.0,715.0,4,910.0
3.0,12.0,216.0,301.0,647.0,910.0,4,983.0
3.0,12.0,216.0,301.0,647.0,910.0,4,983.0
3.0,12.0,111.0,216.0,301.0,910.0,4,986.0
3.0,12.0,0.0,111.0,216.0,715.0,4,983.0
3.0,12.0,0.0,111.0,216.0,715.0,4,983.0
3.0,12.0,0.0,216.0,301.0,715.0,4,983.0
3.0,12.0,0.0,216.0,301.0,715.0,4,983.0
3.0,23.0,12.0,158.0,215.0,234.0,4,1027.0
3.0,23.0,12.0,158.0,215.0,234.0,4,440.0
3.0,23.0,12.0,158.0,215.0,234.0,4,440.0
3.0,23.0,12.0,158.0,215.0,234.0,4,440.0
3.0,23.0,12.0,158.0,215.0,234.0,4,440.0
3.0,23.0,12.0,158.0,215.0,234.0,4,740.0
3.0,23.0,12.0,158.0,215.0,234.0,4,440.0
3.0,23.0,12.0,158.0,215.0,234.0,4,440.0
3.0,32.0,34.0,44.0,241.0,444.0,4,911.0
3.0,32.0,34.0,66.0,155.0,524.0,4,911.0
3.0,32.0,34.0,66.0,155.0,380.0,4,524.0
3.0,32.0,44.0,66.0,155.0,380.0,4,524.0
3.0,32.0,44.0,66.0,155.0,380.0,4,524.0
3.0,32.0,44.0,155.0,241.0,380.0,4,444.0
3.0,32.0,34.0,44.0,66.0,444.0,4,524.0
3.0,32.0,34.0,66.0,155.0,380.0,4,524.0
3.0,32.0,34.0,44.0,66.0,380.0,4,524.0
3.0,6.0,35.0,250.0,623.0,730.0,4,1039.0
3.0,6.0,35.0,250.0,459.0,623.0,4,1039.0
3.0,6.0,61.0,397.0,623.0,730.0,4,898.0
3.0,6.0,35.0,61.0,397.0,623.0,4,730.0
3.0,6.0,35.0,61.0,397.0,623.0,4,730.0
3.0,6.0,35.0,61.0,623.0,730.0,4,1039.0
3.0,6.0,35.0,250.0,459.0,623.0,4,730.0
3.0,17.0,47.0,108.0,135.0,148.0,4,635.0
3.0,17.0,47.0,108.0,328.0,483.0,4,635.0
3.0,17.0,135.0,328.0,373.0,483.0,4,642.0
3.0,17.0,47.0,108.0,135.0,483.0,4,635.0
3.0,17.0,108.0,135.0,148.0,328.0,4,337.0
3.0,17.0,47.0,108.0,135.0,148.0,4,635.0
3.0,17.0,47.0,108.0,135.0,148.0,4,635.0
3.0,17.0,135.0,328.0,337.0,483.0,4,642.0
3.0,17.0,135.0,328.0,337.0,483.0,4,642.0
3.0,17.0,47.0,148.0,328.0,483.0,4,642.0
3.0,32.0,34.0,66.0,155.0,524.0,4,663.0
3.0,32.0,34.0,155.0,524.0,663.0,4,911.0
3.0,32.0,66.0,155.0,444.0,524.0,4,816.0
3.0,32.0,155.0,241.0,380.0,444.0,4,816.0
3.0,32.0,155.0,380.0,444.0,524.0,4,663.0
3.0,32.0,34.0,66.0,155.0,524.0,4,663.0
3.0,32.0,155.0,380.0,524.0,663.0,4,816.0
3.0,32.0,44.0,155.0,241.0,380.0,4,444.0
3.0,32.0,44.0,155.0,241.0,380.0,4,444.0
3.0,32.0,34.0,155.0,380.0,524.0,4,663.0
3.0,32.0,34.0,155.0,380.0,524.0,4,663.0
3.0,32.0,34.0,44.0,66.0,241.0,4,444.0
3.0,32.0,34.0,44.0,66.0,444.0,4,663.0
3.0,32.0,44.0,66.0,155.0,524.0,4,663.0
3.0,32.0,34.0,44.0,66.0,380.0,4,524.0
3.0,32.0,34.0,155.0,524.0,663.0,4,911.0
3.0,32.0,34.0,155.0,524.0,663.0,4,911.0
3.0,32.0,34.0,44.0,524.0,663.0,4,911.0
3.0,32.0,34.0,44.0,524.0,663.0,4,911.0
3.0,32.0,44.0,155.0,380.0,444.0,4,663.0
3.0,32.0,44.0,155.0,380.0,444.0,4,911.0
3.0,32.0,34.0,44.0,66.0,444.0,4,663.0
3.0,32.0,34.0,66.0,155.0,524.0,4,663.0
3.0,32.0,44.0,66.0,155.0,380.0,4,524.0
3.0,23.0,158.0,215.0,234.0,440.0,4,1027.0
3.0,23.0,12.0,215.0,234.0,740.0,4,1027.0
3.0,23.0,12.0,440.0,520.0,740.0,4,1027.0
3.0,23.0,12.0,158.0,234.0,740.0,4,1027.0
3.0,23.0,12.0,158.0,215.0,520.0,4,740.0
3.0,23.0,12.0,215.0,234.0,740.0,4,1027.0
3.0,32.0,44.0,66.0,155.0,444.0,4,911.0
3.0,32.0,44.0,66.0,155.0,444.0,4,911.0
3.0,32.0,34.0,66.0,524.0,663.0,4,816.0
3.0,32.0,34.0,524.0,663.0,816.0,4,911.0
3.0,32.0,44.0,66.0,155.0,444.0,4,524.0
3.0,32.0,44.0,66.0,155.0,444.0,4,911.0
3.0,32.0,44.0,66.0,155.0,444.0,4,911.0
3.0,32.0,44.0,66.0,155.0,444.0,4,911.0
3.0,32.0,44.0,155.0,444.0,524.0,4,911.0
3.0,32.0,34.0,66.0,155.0,444.0,4,524.0
3.0,32.0,34.0,66.0,155.0,444.0,4,524.0
3.0,32.0,34.0,66.0,155.0,444.0,4,524.0
3.0,12.0,111.0,216.0,301.0,856.0,4,983.0
3.0,12.0,0.0,111.0,201.0,715.0,4,983.0
3.0,12.0,0.0,201.0,647.0,715.0,4,983.0
3.0,12.0,0.0,201.0,647.0,715.0,4,856.0
3.0,12.0,201.0,216.0,301.0,647.0,4,983.0
3.0,12.0,111.0,201.0,216.0,301.0,4,983.0
3.0,12.0,201.0,216.0,301.0,647.0,4,983.0
3.0,12.0,111.0,216.0,301.0,856.0,4,983.0
3.0,12.0,111.0,216.0,301.0,856.0,4,983.0
3.0,12.0,0.0,201.0,647.0,715.0,4,983.0
3.0,12.0,111.0,216.0,301.0,856.0,4,983.0
3.0,12.0,111.0,201.0,216.0,301.0,4,856.0
3.0,32.0,44.0,66.0,155.0,444.0,4,911.0
3.0,32.0,44.0,66.0,155.0,444.0,4,911.0
3.0,32.0,44.0,66.0,155.0,444.0,4,911.0
3.0,32.0,66.0,155.0,444.0,816.0,4,911.0
3.0,32.0,34.0,155.0,663.0,664.0,4,911.0
3.0,32.0,34.0,155.0,663.0,664.0,4,911.0
3.0,32.0,34.0,66.0,155.0,444.0,4,911.0
3.0,32.0,44.0,66.0,155.0,444.0,4,911.0
3.0,32.0,44.0,155.0,241.0,380.0,4,444.0
3.0,32.0,44.0,155.0,241.0,380.0,4,444.0
3.0,32.0,34.0,44.0,66.0,524.0,4,911.0
3.0,32.0,34.0,66.0,155.0,524.0,4,911.0
3.0,32.0,44.0,155.0,241.0,380.0,4,444.0
3.0,32.0,44.0,66.0,155.0,380.0,4,444.0
3.0,32.0,34.0,66.0,155.0,524.0,4,911.0
3.0,32.0,34.0,66.0,155.0,524.0,4,911.0
3.0,32.0,44.0,66.0,155.0,380.0,4,524.0
3.0,32.0,44.0,66.0,155.0,380.0,4,524.0
3.0,32.0,44.0,66.0,155.0,380.0,4,524.0
3.0,32.0,44.0,155.0,241.0,444.0,4,911.0
3.0,32.0,34.0,66.0,155.0,524.0,4,663.0
3.0,32.0,34.0,66.0,155.0,524.0,4,663.0
3.0,32.0,66.0,155.0,524.0,663.0,4,824.0
3.0,32.0,44.0,66.0,241.0,444.0,4,824.0
3.0,32.0,44.0,66.0,155.0,241.0,4,444.0
3.0,32.0,44.0,155.0,241.0,444.0,4,911.0
3.0,32.0,44.0,155.0,241.0,444.0,4,911.0
3.0,32.0,44.0,155.0,241.0,444.0,4,911.0
3.0,32.0,34.0,44.0,241.0,524.0,4,911.0
3.0,32.0,44.0,66.0,155.0,444.0,4,524.0
3.0,32.0,44.0,66.0,155.0,444.0,4,911.0
3.0,32.0,34.0,44.0,241.0,524.0,4,911.0
3.0,32.0,34.0,44.0,241.0,524.0,4,911.0
3.0,32.0,34.0,66.0,155.0,524.0,4,911.0
3.0,32.0,34.0,66.0,155.0,524.0,4,911.0
3.0,32.0,34.0,66.0,155.0,524.0,4,911.0
3.0,32.0,155.0,241.0,380.0,524.0,4,824.0
3.0,32.0,44.0,155.0,241.0,380.0,4,444.0
3.0,32.0,44.0,66.0,155.0,524.0,4,911.0
3.0,32.0,34.0,44.0,66.0,524.0,4,911.0
3.0,32.0,34.0,66.0,155.0,524.0,4,911.0
3.0,32.0,44.0,66.0,155.0,524.0,4,911.0
3.0,32.0,44.0,66.0,241.0,524.0,4,824.0
3.0,32.0,44.0,66.0,380.0,444.0,4,816.0
3.0,32.0,34.0,44.0,66.0,380.0,4,524.0
3.0,32.0,44.0,66.0,380.0,524.0,4,824.0
3.0,32.0,44.0,66.0,380.0,444.0,4,524.0
3.0,32.0,44.0,66.0,380.0,444.0,4,524.0
3.0,32.0,44.0,66.0,380.0,444.0,4,524.0
3.0,32.0,44.0,241.0,380.0,444.0,4,816.0
3.0,32.0,44.0,66.0,444.0,663.0,4,816.0
3.0,32.0,34.0,380.0,524.0,824.0,4,911.0
3.0,32.0,34.0,44.0,380.0,444.0,4,911.0
3.0,32.0,34.0,44.0,380.0,444.0,4,911.0
3.0,32.0,34.0,44.0,66.0,380.0,4,444.0
3.0,32.0,44.0,241.0,380.0,444.0,4,816.0
3.0,32.0,34.0,66.0,380.0,524.0,4,824.0
3.0,32.0,34.0,66.0,524.0,824.0,4,911.0
3.0,32.0,44.0,380.0,444.0,824.0,4,911.0
3.0,32.0,44.0,66.0,444.0,824.0,4,911.0
3.0,32.0,66.0,524.0,816.0,824.0,4,911.0
3.0,32.0,34.0,44.0,380.0,524.0,4,911.0
3.0,32.0,44.0,66.0,380.0,444.0,4,824.0
3.0,32.0,44.0,66.0,524.0,824.0,4,911.0
3.0,32.0,66.0,380.0,524.0,816.0,4,824.0
3.0,32.0,66.0,380.0,524.0,816.0,4,824.0
3.0,32.0,44.0,66.0,380.0,444.0,4,524.0
3.0,24.0,463.0,576.0,746.0,863.0,4,947.0
3.0,24.0,463.0,576.0,746.0,863.0,4,947.0
3.0,24.0,425.0,576.0,750.0,863.0,4,888.0
3.0,24.0,425.0,463.0,750.0,863.0,4,888.0
3.0,24.0,463.0,576.0,746.0,863.0,4,947.0
3.0,24.0,425.0,463.0,576.0,750.0,4,863.0
3.0,24.0,321.0,425.0,576.0,750.0,4,888.0
3.0,24.0,321.0,425.0,463.0,750.0,4,888.0
3.0,24.0,321.0,463.0,576.0,863.0,4,888.0
3.0,24.0,124.0,321.0,425.0,582.0,4,888.0
3.0,11.0,1.0,173.0,580.0,638.0,4,895.0
3.0,11.0,1.0,150.0,440.0,580.0,4,638.0
3.0,11.0,1.0,150.0,232.0,638.0,4,895.0
3.0,11.0,150.0,173.0,232.0,345.0,4,580.0
3.0,11.0,1.0,173.0,232.0,580.0,4,895.0
3.0,11.0,1.0,173.0,580.0,638.0,4,895.0
3.0,11.0,1.0,173.0,232.0,580.0,4,895.0
3.0,11.0,1.0,150.0,173.0,232.0,4,580.0
3.0,11.0,1.0,150.0,173.0,232.0,4,580.0
3.0,11.0,150.0,345.0,383.0,478.0,4,520.0
3.0,32.0,34.0,44.0,241.0,380.0,4,444.0
3.0,32.0,34.0,44.0,241.0,380.0,4,444.0
3.0,32.0,34.0,44.0,66.0,241.0,4,524.0
3.0,32.0,34.0,44.0,66.0,241.0,4,524.0
3.0,32.0,44.0,66.0,524.0,824.0,4,911.0
3.0,32.0,34.0,44.0,66.0,524.0,4,911.0
3.0,32.0,34.0,44.0,444.0,524.0,4,911.0
3.0,32.0,34.0,66.0,241.0,380.0,4,444.0
3.0,32.0,34.0,66.0,241.0,380.0,4,524.0
3.0,32.0,34.0,66.0,241.0,524.0,4,911.0
3.0,32.0,44.0,66.0,241.0,524.0,4,911.0
3.0,32.0,44.0,66.0,380.0,524.0,4,911.0
3.0,32.0,34.0,66.0,444.0,524.0,4,911.0
3.0,32.0,44.0,66.0,444.0,524.0,4,911.0
3.0,32.0,34.0,44.0,66.0,241.0,4,444.0
3.0,32.0,34.0,44.0,66.0,241.0,4,444.0
3.0,32.0,34.0,44.0,66.0,241.0,4,444.0
3.0,32.0,34.0,66.0,444.0,663.0,4,824.0
3.0,32.0,66.0,155.0,524.0,663.0,4,824.0
3.0,32.0,44.0,524.0,663.0,824.0,4,911.0
3.0,32.0,44.0,155.0,524.0,663.0,4,911.0
3.0,32.0,44.0,155.0,241.0,444.0,4,911.0
3.0,32.0,34.0,44.0,66.0,444.0,4,911.0
3.0,32.0,66.0,155.0,524.0,663.0,4,824.0
3.0,32.0,44.0,66.0,155.0,444.0,4,524.0
3.0,14.0,518.0,592.0,609.0,786.0,4,897.0
3.0,14.0,48.0,254.0,592.0,700.0,4,786.0
3.0,14.0,48.0,254.0,592.0,700.0,4,786.0
3.0,14.0,48.0,254.0,592.0,609.0,4,897.0
3.0,14.0,518.0,592.0,609.0,786.0,4,897.0
3.0,14.0,518.0,609.0,786.0,877.0,4,897.0
3.0,14.0,48.0,254.0,592.0,609.0,4,700.0
3.0,29.0,86.0,132.0,456.0,769.0,4,990.0
3.0,29.0,86.0,132.0,456.0,769.0,4,990.0
3.0,29.0,86.0,132.0,283.0,914.0,4,990.0
3.0,29.0,86.0,132.0,283.0,914.0,4,990.0
3.0,29.0,86.0,132.0,283.0,914.0,4,990.0
3.0,29.0,86.0,132.0,283.0,914.0,4,990.0
3.0,29.0,86.0,132.0,283.0,338.0,4,914.0
3.0,29.0,86.0,283.0,338.0,456.0,4,883.0
3.0,29.0,132.0,338.0,456.0,769.0,4,990.0
3.0,28.0,41.0,110.0,608.0,665.0,4,754.0
3.0,28.0,110.0,484.0,553.0,665.0,4,859.0
3.0,28.0,484.0,553.0,608.0,685.0,4,859.0
3.0,28.0,484.0,553.0,608.0,685.0,4,859.0
3.0,28.0,41.0,110.0,608.0,665.0,4,859.0
3.0,28.0,110.0,484.0,608.0,665.0,4,859.0
3.0,28.0,41.0,110.0,608.0,665.0,4,754.0
3.0,28.0,41.0,110.0,608.0,665.0,4,754.0
3.0,28.0,41.0,110.0,553.0,608.0,4,754.0
3.0,28.0,41.0,110.0,608.0,665.0,4,754.0
3.0,32.0,44.0,155.0,241.0,380.0,4,524.0
3.0,32.0,34.0,155.0,241.0,444.0,4,911.0
3.0,32.0,34.0,155.0,241.0,380.0,4,444.0
3.0,32.0,34.0,155.0,241.0,380.0,4,444.0
3.0,32.0,44.0,241.0,380.0,524.0,4,824.0
3.0,32.0,44.0,155.0,241.0,380.0,4,524.0
3.0,32.0,34.0,44.0,241.0,444.0,4,911.0
3.0,32.0,34.0,155.0,380.0,444.0,4,911.0
3.0,32.0,44.0,155.0,380.0,444.0,4,911.0
3.0,32.0,44.0,155.0,241.0,380.0,4,524.0
3.0,32.0,44.0,155.0,380.0,524.0,4,911.0
3.0,32.0,34.0,155.0,444.0,663.0,4,911.0
3.0,32.0,34.0,155.0,444.0,663.0,4,911.0
3.0,32.0,44.0,155.0,380.0,444.0,4,911.0
3.0,32.0,155.0,241.0,524.0,824.0,4,911.0
3.0,32.0,663.0,664.0,816.0,824.0,4,911.0
3.0,32.0,663.0,664.0,816.0,824.0,4,911.0
3.0,18.0,181.0,204.0,226.0,579.0,4,809.0
3.0,18.0,14.0,181.0,514.0,579.0,4,866.0
3.0,18.0,14.0,579.0,809.0,866.0,4,1013.0
3.0,18.0,14.0,204.0,226.0,809.0,4,1013.0
3.0,18.0,204.0,226.0,514.0,579.0,4,1013.0
3.0,16.0,133.0,296.0,495.0,702.0,4,798.0
3.0,16.0,296.0,495.0,674.0,798.0,4,996.0
3.0,16.0,285.0,296.0,495.0,674.0,4,996.0
3.0,16.0,285.0,296.0,495.0,674.0,4,996.0
3.0,16.0,133.0,296.0,495.0,798.0,4,996.0
3.0,16.0,133.0,296.0,495.0,798.0,4,996.0
3.0,16.0,296.0,416.0,674.0,798.0,4,996.0
3.0,16.0,285.0,296.0,495.0,674.0,4,996.0
3.0,16.0,133.0,285.0,296.0,495.0,4,996.0
3.0,16.0,133.0,285.0,296.0,495.0,4,996.0
3.0,32.0,44.0,66.0,155.0,524.0,4,911.0
3.0,32.0,44.0,66.0,155.0,380.0,4,524.0
3.0,32.0,44.0,66.0,155.0,380.0,4,524.0
3.0,32.0,44.0,66.0,155.0,524.0,4,911.0
3.0,32.0,44.0,66.0,380.0,524.0,4,824.0
3.0,32.0,66.0,155.0,380.0,444.0,4,824.0
3.0,32.0,155.0,241.0,444.0,824.0,4,911.0
3.0,32.0,44.0,241.0,444.0,824.0,4,911.0
3.0,32.0,44.0,241.0,444.0,824.0,4,911.0
3.0,32.0,44.0,155.0,241.0,524.0,4,911.0
3.0,32.0,34.0,241.0,524.0,824.0,4,911.0
3.0,26.0,40.0,315.0,450.0,536.0,4,874.0
3.0,26.0,40.0,315.0,450.0,536.0,4,874.0
3.0,26.0,40.0,454.0,634.0,684.0,4,1024.0
3.0,26.0,40.0,454.0,634.0,684.0,4,1024.0
3.0,26.0,40.0,454.0,634.0,684.0,4,1024.0
3.0,26.0,40.0,450.0,454.0,536.0,4,874.0
3.0,26.0,40.0,454.0,536.0,634.0,4,1024.0
3.0,26.0,40.0,454.0,536.0,634.0,4,1024.0
3.0,26.0,40.0,454.0,536.0,634.0,4,1024.0
3.0,26.0,40.0,536.0,634.0,874.0,4,1024.0
3.0,6.0,55.0,61.0,397.0,623.0,4,730.0
3.0,6.0,61.0,397.0,459.0,623.0,4,1039.0
3.0,6.0,35.0,55.0,459.0,730.0,4,1039.0
3.0,6.0,35.0,61.0,397.0,459.0,4,623.0
3.0,6.0,55.0,61.0,397.0,623.0,4,730.0
3.0,6.0,55.0,61.0,397.0,623.0,4,730.0
3.0,6.0,35.0,61.0,459.0,623.0,4,1039.0
3.0,6.0,35.0,55.0,459.0,730.0,4,1039.0
3.0,6.0,35.0,55.0,459.0,730.0,4,1039.0
3.0,6.0,35.0,55.0,459.0,623.0,4,730.0
3.0,6.0,35.0,55.0,459.0,623.0,4,730.0
3.0,6.0,35.0,61.0,420.0,459.0,4,625.0
3.0,32.0,44.0,380.0,524.0,824.0,4,911.0
3.0,32.0,34.0,44.0,66.0,444.0,4,911.0
3.0,32.0,34.0,66.0,241.0,444.0,4,816.0
3.0,32.0,34.0,44.0,66.0,444.0,4,911.0
3.0,32.0,44.0,66.0,524.0,824.0,4,911.0
3.0,32.0,44.0,66.0,524.0,816.0,4,911.0
3.0,32.0,34.0,241.0,444.0,816.0,4,911.0
3.0,0.0,13.0,418.0,465.0,535.0,4,686.0
3.0,0.0,418.0,493.0,686.0,695.0,4,1037.0
3.0,0.0,418.0,493.0,494.0,695.0,4,1037.0
3.0,0.0,13.0,418.0,686.0,695.0,4,1037.0
3.0,0.0,13.0,418.0,535.0,686.0,4,713.0
3.0,0.0,13.0,418.0,535.0,686.0,4,695.0
3.0,0.0,13.0,418.0,493.0,695.0,4,1037.0
3.0,0.0,13.0,418.0,493.0,695.0,4,1037.0
3.0,32.0,44.0,241.0,444.0,824.0,4,911.0
3.0,32.0,44.0,241.0,380.0,444.0,4,663.0
3.0,32.0,44.0,380.0,444.0,663.0,4,911.0
3.0,32.0,44.0,380.0,444.0,524.0,4,911.0
3.0,32.0,34.0,44.0,380.0,444.0,4,911.0
3.0,32.0,34.0,44.0,380.0,664.0,4,911.0
3.0,32.0,241.0,663.0,664.0,783.0,4,824.0
3.0,9.0,81.0,85.0,510.0,941.0,4,1019.0
3.0,9.0,81.0,149.0,452.0,941.0,4,1019.0
3.0,9.0,76.0,81.0,85.0,149.0,4,845.0
3.0,9.0,81.0,452.0,845.0,941.0,4,1019.0
3.0,9.0,81.0,85.0,452.0,941.0,4,1019.0
3.0,9.0,81.0,149.0,452.0,845.0,4,941.0
3.0,9.0,76.0,81.0,199.0,510.0,4,1019.0
3.0,9.0,76.0,81.0,199.0,510.0,4,1019.0
3.0,32.0,34.0,44.0,380.0,524.0,4,911.0
3.0,32.0,44.0,241.0,380.0,444.0,4,663.0
3.0,32.0,44.0,241.0,380.0,444.0,4,663.0
3.0,32.0,34.0,44.0,241.0,444.0,4,663.0
3.0,32.0,34.0,44.0,241.0,524.0,4,911.0
3.0,32.0,34.0,44.0,241.0,524.0,4,911.0
3.0,32.0,34.0,241.0,524.0,663.0,4,816.0
3.0,32.0,44.0,241.0,380.0,444.0,4,663.0
3.0,32.0,44.0,241.0,380.0,444.0,4,663.0
3.0,32.0,34.0,241.0,444.0,663.0,4,911.0
3.0,25.0,294.0,421.0,711.0,864.0,4,1005.0
3.0,25.0,106.0,294.0,457.0,711.0,4,1005.0
3.0,25.0,106.0,398.0,457.0,662.0,4,688.0
3.0,25.0,106.0,294.0,398.0,457.0,4,688.0
3.0,25.0,294.0,398.0,421.0,688.0,4,864.0
3.0,25.0,294.0,421.0,688.0,864.0,4,1005.0
3.0,25.0,294.0,421.0,711.0,864.0,4,1005.0
3.0,25.0,294.0,421.0,711.0,864.0,4,1005.0
3.0,25.0,106.0,294.0,398.0,457.0,4,711.0
3.0,25.0,398.0,457.0,662.0,688.0,4,864.0
3.0,9.0,81.0,85.0,149.0,510.0,4,845.0
3.0,9.0,169.0,510.0,599.0,845.0,4,1019.0
3.0,9.0,81.0,169.0,510.0,599.0,4,1019.0
3.0,9.0,81.0,169.0,510.0,599.0,4,1019.0
3.0,9.0,81.0,169.0,599.0,845.0,4,1019.0
3.0,9.0,81.0,85.0,149.0,510.0,4,845.0
3.0,9.0,81.0,85.0,149.0,845.0,4,1019.0
3.0,9.0,81.0,169.0,510.0,599.0,4,1019.0
3.0,9.0,81.0,85.0,510.0,599.0,4,845.0
3.0,9.0,81.0,85.0,149.0,845.0,4,1019.0
3.0,25.0,294.0,398.0,421.0,688.0,4,864.0
3.0,25.0,294.0,421.0,688.0,711.0,4,864.0
3.0,25.0,294.0,457.0,688.0,711.0,4,864.0
3.0,25.0,106.0,294.0,421.0,457.0,4,711.0
3.0,25.0,106.0,294.0,421.0,457.0,4,711.0
3.0,25.0,106.0,294.0,421.0,457.0,4,711.0
3.0,24.0,463.0,576.0,746.0,863.0,4,947.0
3.0,24.0,330.0,425.0,463.0,863.0,4,947.0
3.0,24.0,576.0,750.0,863.0,900.0,4,947.0
3.0,24.0,576.0,750.0,863.0,900.0,4,947.0
3.0,24.0,576.0,750.0,863.0,900.0,4,947.0
3.0,24.0,576.0,750.0,863.0,900.0,4,947.0
3.0,24.0,463.0,576.0,746.0,863.0,4,947.0
3.0,24.0,576.0,746.0,750.0,863.0,4,947.0
3.0,24.0,463.0,576.0,746.0,863.0,4,947.0
3.0,24.0,576.0,746.0,750.0,863.0,4,947.0
3.0,24.0,330.0,425.0,582.0,750.0,4,863.0
3.0,24.0,330.0,425.0,463.0,582.0,4,863.0
3.0,24.0,330.0,425.0,463.0,576.0,4,863.0
3.0,24.0,198.0,330.0,425.0,582.0,4,900.0
3.0,25.0,294.0,398.0,457.0,662.0,4,711.0
3.0,25.0,294.0,398.0,457.0,662.0,4,711.0
3.0,25.0,421.0,662.0,688.0,711.0,4,1005.0
3.0,25.0,294.0,421.0,662.0,688.0,4,1005.0
3.0,25.0,106.0,398.0,457.0,662.0,4,711.0
3.0,25.0,294.0,398.0,421.0,688.0,4,1005.0
3.0,25.0,294.0,398.0,421.0,688.0,4,1005.0
3.0,25.0,294.0,398.0,421.0,688.0,4,1005.0
3.0,25.0,294.0,421.0,688.0,711.0,4,1005.0
3.0,25.0,294.0,421.0,688.0,711.0,4,1005.0
3.0,25.0,294.0,398.0,421.0,711.0,4,1005.0
3.0,25.0,294.0,398.0,421.0,688.0,4,711.0
3.0,25.0,294.0,398.0,421.0,688.0,4,711.0
3.0,25.0,294.0,421.0,688.0,711.0,4,1005.0
3.0,25.0,294.0,398.0,457.0,688.0,4,711.0
3.0,25.0,398.0,457.0,662.0,688.0,4,1005.0
3.0,25.0,398.0,457.0,662.0,688.0,4,1005.0
3.0,25.0,398.0,457.0,662.0,688.0,4,1005.0
3.0,25.0,106.0,421.0,711.0,864.0,4,1005.0
3.0,25.0,106.0,457.0,688.0,864.0,4,1005.0
3.0,25.0,106.0,457.0,688.0,864.0,4,1005.0
3.0,25.0,106.0,421.0,688.0,711.0,4,1005.0
3.0,25.0,294.0,421.0,711.0,814.0,4,1005.0
3.0,25.0,294.0,421.0,711.0,864.0,4,1005.0
3.0,25.0,294.0,457.0,711.0,814.0,4,864.0
3.0,25.0,106.0,457.0,711.0,814.0,4,864.0
3.0,25.0,106.0,457.0,688.0,814.0,4,864.0
3.0,25.0,294.0,421.0,711.0,814.0,4,1005.0
3.0,25.0,294.0,457.0,711.0,814.0,4,1005.0
3.0,25.0,457.0,662.0,711.0,814.0,4,1005.0
3.0,25.0,457.0,662.0,711.0,864.0,4,1005.0
3.0,25.0,59.0,398.0,662.0,814.0,4,864.0
3.0,25.0,59.0,294.0,711.0,814.0,4,1005.0
3.0,25.0,457.0,662.0,711.0,814.0,4,1005.0
3.0,25.0,294.0,457.0,711.0,814.0,4,1005.0
3.0,25.0,294.0,457.0,711.0,814.0,4,1005.0
3.0,25.0,294.0,398.0,457.0,711.0,4,814.0
3.0,25.0,59.0,398.0,662.0,688.0,4,864.0
3.0,1.0,305.0,682.0,790.0,815.0,4,905.0
3.0,1.0,305.0,682.0,790.0,815.0,4,905.0
3.0,1.0,577.0,682.0,808.0,815.0,4,820.0
3.0,1.0,570.0,577.0,790.0,808.0,4,820.0
3.0,1.0,118.0,305.0,682.0,815.0,4,820.0
3.0,1.0,118.0,305.0,682.0,815.0,4,820.0
3.0,25.0,294.0,457.0,711.0,814.0,4,1005.0
3.0,25.0,294.0,457.0,711.0,814.0,4,864.0
3.0,25.0,59.0,398.0,662.0,688.0,4,864.0
3.0,25.0,59.0,294.0,688.0,814.0,4,1005.0
3.0,25.0,59.0,294.0,688.0,814.0,4,1005.0
3.0,25.0,294.0,457.0,711.0,814.0,4,1005.0
3.0,25.0,457.0,662.0,711.0,864.0,4,1005.0
3.0,25.0,294.0,398.0,457.0,688.0,4,864.0
3.0,25.0,294.0,457.0,711.0,814.0,4,1005.0
3.0,0.0,13.0,493.0,535.0,686.0,4,713.0
3.0,0.0,13.0,418.0,493.0,535.0,4,713.0
3.0,0.0,418.0,493.0,535.0,695.0,4,1037.0
3.0,0.0,418.0,465.0,494.0,695.0,4,1037.0
3.0,0.0,13.0,418.0,493.0,494.0,4,686.0
3.0,0.0,13.0,493.0,535.0,686.0,4,713.0
3.0,0.0,13.0,418.0,493.0,535.0,4,713.0
3.0,17.0,108.0,135.0,148.0,211.0,4,328.0
3.0,17.0,108.0,135.0,148.0,328.0,4,598.0
3.0,17.0,135.0,373.0,488.0,598.0,4,642.0
3.0,17.0,148.0,328.0,373.0,488.0,4,642.0
3.0,17.0,108.0,148.0,328.0,373.0,4,642.0
3.0,17.0,108.0,148.0,328.0,373.0,4,642.0
3.0,17.0,108.0,148.0,328.0,373.0,4,642.0
3.0,17.0,108.0,135.0,148.0,373.0,4,598.0
3.0,17.0,108.0,135.0,148.0,328.0,4,598.0
3.0,17.0,135.0,373.0,488.0,598.0,4,642.0
3.0,17.0,108.0,135.0,328.0,598.0,4,642.0
3.0,17.0,108.0,148.0,328.0,598.0,4,642.0
3.0,23.0,215.0,234.0,616.0,740.0,4,1027.0
3.0,23.0,12.0,158.0,215.0,234.0,4,616.0
3.0,23.0,158.0,215.0,440.0,616.0,4,1027.0
3.0,23.0,12.0,158.0,215.0,234.0,4,1027.0
3.0,23.0,12.0,158.0,440.0,740.0,4,1027.0
3.0,23.0,12.0,234.0,440.0,616.0,4,740.0
3.0,23.0,12.0,234.0,440.0,740.0,4,1027.0
3.0,23.0,12.0,234.0,440.0,740.0,4,1027.0
3.0,23.0,12.0,158.0,215.0,740.0,4,1027.0
3.0,25.0,294.0,457.0,711.0,814.0,4,1005.0
3.0,25.0,294.0,457.0,688.0,864.0,4,1005.0
3.0,25.0,294.0,457.0,688.0,864.0,4,1005.0
3.0,25.0,59.0,106.0,294.0,814.0,4,1005.0
3.0,25.0,59.0,106.0,294.0,814.0,4,1005.0
3.0,25.0,59.0,106.0,688.0,814.0,4,1005.0
3.0,25.0,294.0,457.0,711.0,814.0,4,1005.0
3.0,25.0,294.0,457.0,711.0,814.0,4,1005.0
3.0,25.0,106.0,457.0,688.0,814.0,4,1005.0
3.0,13.0,15.0,161.0,673.0,817.0,4,886.0
3.0,13.0,15.0,80.0,161.0,665.0,4,817.0
3.0,13.0,15.0,80.0,161.0,320.0,4,665.0
3.0,13.0,15.0,80.0,161.0,320.0,4,665.0
3.0,13.0,15.0,161.0,320.0,817.0,4,886.0
3.0,25.0,59.0,398.0,662.0,688.0,4,864.0
3.0,25.0,59.0,398.0,662.0,688.0,4,814.0
3.0,25.0,294.0,457.0,711.0,814.0,4,1005.0
3.0,25.0,294.0,457.0,688.0,864.0,4,1005.0
3.0,25.0,59.0,294.0,398.0,814.0,4,1005.0
3.0,25.0,59.0,294.0,398.0,814.0,4,1005.0
3.0,16.0,133.0,296.0,477.0,702.0,4,798.0
3.0,16.0,133.0,285.0,296.0,495.0,4,996.0
3.0,16.0,285.0,296.0,495.0,674.0,4,996.0
3.0,16.0,285.0,495.0,674.0,702.0,4,996.0
3.0,16.0,285.0,416.0,674.0,702.0,4,996.0
3.0,16.0,133.0,296.0,477.0,702.0,4,798.0
3.0,16.0,285.0,296.0,495.0,674.0,4,996.0
3.0,16.0,200.0,285.0,495.0,674.0,4,702.0
3.0,25.0,59.0,294.0,398.0,711.0,4,814.0
3.0,25.0,59.0,398.0,662.0,864.0,4,1005.0
3.0,25.0,294.0,398.0,457.0,814.0,4,1005.0
3.0,25.0,294.0,457.0,711.0,814.0,4,1005.0
3.0,25.0,294.0,457.0,688.0,814.0,4,1005.0
3.0,25.0,59.0,294.0,398.0,688.0,4,864.0
3.0,25.0,59.0,294.0,398.0,688.0,4,864.0
3.0,25.0,59.0,294.0,398.0,688.0,4,711.0
3.0,25.0,294.0,421.0,711.0,814.0,4,1005.0
3.0,25.0,294.0,421.0,711.0,814.0,4,1005.0
3.0,25.0,294.0,457.0,711.0,864.0,4,1005.0
3.0,25.0,398.0,457.0,662.0,688.0,4,814.0
3.0,25.0,398.0,421.0,662.0,864.0,4,1005.0
3.0,25.0,294.0,421.0,711.0,814.0,4,1005.0
3.0,25.0,294.0,457.0,711.0,864.0,4,1005.0
3.0,25.0,457.0,662.0,711.0,864.0,4,1005.0
3.0,25.0,294.0,398.0,421.0,814.0,4,1005.0
3.0,25.0,294.0,421.0,711.0,814.0,4,1005.0
3.0,25.0,294.0,421.0,711.0,814.0,4,1005.0
3.0,25.0,294.0,457.0,711.0,864.0,4,1005.0
3.0,25.0,294.0,398.0,457.0,688.0,4,864.0
3.0,25.0,294.0,421.0,711.0,814.0,4,1005.0
3.0,25.0,294.0,398.0,457.0,688.0,4,864.0
3.0,25.0,294.0,421.0,688.0,814.0,4,1005.0
3.0,25.0,421.0,662.0,688.0,814.0,4,1005.0
3.0,25.0,106.0,294.0,398.0,457.0,4,711.0
3.0,25.0,398.0,421.0,662.0,711.0,4,814.0
3.0,25.0,294.0,421.0,688.0,814.0,4,1005.0
3.0,25.0,294.0,421.0,688.0,814.0,4,1005.0
3.0,25.0,294.0,457.0,688.0,814.0,4,1005.0
3.0,25.0,106.0,457.0,662.0,711.0,4,1005.0
3.0,25.0,106.0,457.0,662.0,711.0,4,1005.0
3.0,25.0,294.0,398.0,457.0,711.0,4,814.0
3.0,25.0,294.0,398.0,457.0,711.0,4,814.0
3.0,18.0,181.0,514.0,579.0,742.0,4,866.0
3.0,18.0,742.0,809.0,866.0,867.0,4,1013.0
3.0,18.0,579.0,742.0,809.0,866.0,4,1013.0
3.0,18.0,14.0,181.0,204.0,514.0,4,579.0
3.0,18.0,14.0,181.0,204.0,514.0,4,579.0
3.0,18.0,181.0,514.0,579.0,742.0,4,866.0
3.0,18.0,181.0,742.0,809.0,866.0,4,867.0
3.0,18.0,14.0,204.0,809.0,866.0,4,1013.0
3.0,18.0,14.0,204.0,514.0,866.0,4,1013.0
3.0,4.0,103.0,259.0,505.0,646.0,4,992.0
3.0,4.0,103.0,426.0,505.0,589.0,4,992.0
3.0,4.0,103.0,259.0,505.0,589.0,4,992.0
3.0,4.0,259.0,487.0,505.0,646.0,4,992.0
3.0,4.0,259.0,487.0,505.0,646.0,4,936.0
3.0,4.0,103.0,259.0,589.0,646.0,4,936.0
3.0,4.0,103.0,259.0,505.0,646.0,4,936.0
3.0,4.0,259.0,487.0,589.0,646.0,4,936.0
3.0,4.0,103.0,259.0,426.0,505.0,4,936.0
3.0,4.0,103.0,505.0,589.0,646.0,4,936.0
3.0,12.0,201.0,301.0,647.0,715.0,4,856.0
3.0,12.0,201.0,301.0,647.0,715.0,4,910.0
3.0,12.0,0.0,111.0,201.0,647.0,4,910.0
3.0,12.0,0.0,111.0,531.0,715.0,4,910.0
3.0,12.0,0.0,111.0,531.0,715.0,4,856.0
3.0,12.0,0.0,111.0,531.0,715.0,4,856.0
3.0,12.0,0.0,111.0,531.0,715.0,4,856.0
3.0,12.0,0.0,111.0,531.0,715.0,4,910.0
3.0,12.0,0.0,111.0,531.0,715.0,4,910.0
3.0,12.0,111.0,201.0,301.0,647.0,4,856.0
3.0,12.0,111.0,201.0,301.0,647.0,4,856.0
3.0,12.0,111.0,201.0,301.0,647.0,4,856.0
3.0,34.0,55.0,112.0,137.0,719.0,4,811.0
3.0,34.0,36.0,55.0,247.0,299.0,4,719.0
3.0,34.0,36.0,112.0,137.0,719.0,4,811.0
3.0,34.0,55.0,112.0,137.0,719.0,4,811.0
3.0,34.0,36.0,55.0,137.0,719.0,4,811.0
3.0,34.0,36.0,112.0,137.0,719.0,4,811.0
3.0,25.0,294.0,421.0,688.0,711.0,4,814.0
3.0,25.0,294.0,421.0,688.0,711.0,4,864.0
3.0,25.0,294.0,398.0,421.0,711.0,4,864.0
3.0,25.0,398.0,457.0,662.0,711.0,4,864.0
3.0,25.0,398.0,457.0,662.0,711.0,4,864.0
3.0,25.0,398.0,457.0,662.0,711.0,4,864.0
3.0,25.0,398.0,457.0,662.0,711.0,4,864.0
3.0,25.0,294.0,398.0,457.0,711.0,4,814.0
3.0,25.0,294.0,457.0,688.0,711.0,4,814.0
3.0,25.0,294.0,457.0,688.0,711.0,4,814.0
3.0,25.0,457.0,662.0,688.0,711.0,4,814.0
3.0,25.0,294.0,398.0,421.0,688.0,4,814.0
3.0,25.0,398.0,457.0,662.0,711.0,4,864.0
3.0,25.0,398.0,457.0,662.0,711.0,4,864.0
3.0,29.0,86.0,389.0,769.0,914.0,4,990.0
3.0,29.0,46.0,86.0,769.0,914.0,4,990.0
3.0,29.0,86.0,456.0,508.0,769.0,4,990.0
3.0,29.0,283.0,389.0,769.0,914.0,4,990.0
3.0,28.0,41.0,484.0,553.0,608.0,4,685.0
3.0,28.0,41.0,553.0,608.0,685.0,4,922.0
3.0,28.0,41.0,461.0,608.0,685.0,4,922.0
3.0,28.0,41.0,484.0,553.0,608.0,4,685.0
3.0,28.0,41.0,484.0,553.0,608.0,4,685.0
3.0,28.0,41.0,461.0,608.0,685.0,4,922.0
3.0,28.0,41.0,461.0,608.0,685.0,4,922.0
3.0,28.0,41.0,461.0,484.0,608.0,4,685.0
3.0,28.0,41.0,461.0,608.0,685.0,4,922.0
3.0,28.0,218.0,608.0,685.0,859.0,4,922.0
3.0,28.0,41.0,553.0,608.0,859.0,4,922.0
3.0,28.0,41.0,553.0,608.0,685.0,4,859.0
3.0,28.0,41.0,553.0,608.0,685.0,4,922.0
3.0,14.0,48.0,254.0,592.0,700.0,4,786.0
3.0,14.0,518.0,592.0,609.0,700.0,4,786.0
3.0,14.0,48.0,518.0,609.0,644.0,4,897.0
3.0,14.0,254.0,272.0,592.0,609.0,4,700.0
3.0,14.0,254.0,592.0,609.0,700.0,4,786.0
3.0,14.0,518.0,592.0,609.0,786.0,4,897.0
3.0,14.0,518.0,592.0,609.0,786.0,4,897.0
3.0,14.0,518.0,609.0,644.0,786.0,4,897.0
3.0,14.0,518.0,609.0,644.0,786.0,4,897.0
3.0,25.0,294.0,421.0,688.0,814.0,4,1005.0
3.0,25.0,294.0,421.0,688.0,814.0,4,1005.0
3.0,25.0,294.0,457.0,688.0,814.0,4,1005.0
3.0,25.0,294.0,457.0,688.0,711.0,4,814.0
3.0,25.0,398.0,457.0,662.0,688.0,4,814.0
3.0,25.0,398.0,457.0,662.0,711.0,4,864.0
3.0,25.0,294.0,457.0,688.0,814.0,4,1005.0
3.0,25.0,294.0,421.0,688.0,814.0,4,1005.0
3.0,25.0,294.0,398.0,421.0,688.0,4,814.0
3.0,25.0,398.0,457.0,662.0,814.0,4,1005.0
3.0,25.0,457.0,662.0,711.0,864.0,4,1005.0
3.0,25.0,294.0,421.0,711.0,814.0,4,1005.0
3.0,25.0,294.0,421.0,711.0,814.0,4,1005.0
3.0,25.0,294.0,421.0,688.0,814.0,4,1005.0
3.0,25.0,294.0,421.0,688.0,814.0,4,1005.0
3.0,25.0,294.0,457.0,688.0,814.0,4,1005.0
3.0,25.0,398.0,457.0,662.0,711.0,4,864.0
3.0,15.0,659.0,714.0,764.0,860.0,4,1036.0
3.0,15.0,659.0,714.0,764.0,860.0,4,1036.0
3.0,15.0,659.0,714.0,764.0,860.0,4,1036.0
3.0,15.0,659.0,714.0,764.0,860.0,4,1036.0
3.0,15.0,659.0,714.0,764.0,860.0,4,1036.0
3.0,15.0,377.0,417.0,860.0,872.0,4,1036.0
3.0,15.0,244.0,417.0,659.0,764.0,4,872.0
3.0,15.0,244.0,417.0,659.0,764.0,4,872.0
3.0,15.0,244.0,417.0,659.0,764.0,4,872.0
3.0,15.0,659.0,714.0,764.0,860.0,4,1036.0
3.0,15.0,659.0,714.0,764.0,860.0,4,1036.0
3.0,25.0,421.0,662.0,688.0,814.0,4,1005.0
3.0,25.0,398.0,421.0,662.0,711.0,4,814.0
3.0,25.0,457.0,662.0,711.0,864.0,4,1005.0
3.0,25.0,398.0,421.0,662.0,814.0,4,1005.0
3.0,25.0,294.0,398.0,421.0,814.0,4,1005.0
3.0,25.0,294.0,398.0,457.0,662.0,4,688.0
3.0,25.0,294.0,398.0,457.0,662.0,4,688.0
3.0,25.0,294.0,398.0,457.0,662.0,4,814.0
3.0,25.0,294.0,421.0,688.0,814.0,4,1005.0
3.0,25.0,294.0,421.0,688.0,814.0,4,1005.0
3.0,25.0,294.0,398.0,457.0,711.0,4,864.0
3.0,25.0,398.0,457.0,662.0,711.0,4,864.0
3.0,25.0,398.0,457.0,662.0,711.0,4,864.0
3.0,25.0,398.0,457.0,662.0,711.0,4,864.0
3.0,25.0,294.0,421.0,688.0,814.0,4,1005.0
3.0,25.0,294.0,457.0,688.0,814.0,4,1005.0
3.0,25.0,294.0,398.0,457.0,711.0,4,864.0
3.0,25.0,294.0,398.0,457.0,711.0,4,864.0
3.0,25.0,294.0,398.0,421.0,711.0,4,814.0
3.0,9.0,81.0,85.0,510.0,845.0,4,941.0
3.0,9.0,81.0,174.0,452.0,510.0,4,941.0
3.0,9.0,81.0,169.0,452.0,828.0,4,845.0
3.0,9.0,81.0,169.0,452.0,828.0,4,845.0
3.0,9.0,85.0,510.0,828.0,845.0,4,941.0
3.0,9.0,85.0,510.0,828.0,845.0,4,941.0
3.0,9.0,85.0,510.0,828.0,845.0,4,941.0
3.0,25.0,457.0,662.0,688.0,814.0,4,1005.0
3.0,25.0,457.0,662.0,688.0,814.0,4,1005.0
3.0,25.0,457.0,662.0,688.0,814.0,4,1005.0
3.0,25.0,59.0,398.0,662.0,688.0,4,814.0
3.0,25.0,59.0,398.0,662.0,688.0,4,814.0
3.0,25.0,59.0,398.0,662.0,864.0,4,1005.0
3.0,25.0,59.0,294.0,398.0,864.0,4,1005.0
3.0,25.0,59.0,294.0,398.0,864.0,4,1005.0
3.0,25.0,294.0,457.0,688.0,814.0,4,1005.0
3.0,25.0,457.0,662.0,688.0,864.0,4,1005.0
3.0,25.0,294.0,398.0,457.0,688.0,4,814.0
3.0,25.0,59.0,398.0,662.0,864.0,4,1005.0
3.0,25.0,398.0,457.0,662.0,814.0,4,1005.0
3.0,25.0,294.0,421.0,688.0,814.0,4,1005.0
3.0,25.0,294.0,421.0,688.0,814.0,4,1005.0
3.0,25.0,294.0,398.0,457.0,711.0,4,864.0
3.0,25.0,294.0,421.0,688.0,814.0,4,1005.0
3.0,25.0,294.0,398.0,457.0,688.0,4,814.0
3.0,25.0,294.0,398.0,457.0,711.0,4,864.0
3.0,25.0,294.0,398.0,457.0,711.0,4,864.0
3.0,25.0,294.0,398.0,421.0,814.0,4,1005.0
3.0,1.0,356.0,790.0,808.0,815.0,4,820.0
3.0,1.0,305.0,356.0,808.0,815.0,4,960.0
3.0,1.0,305.0,356.0,682.0,815.0,4,960.0
3.0,1.0,305.0,356.0,682.0,815.0,4,820.0
3.0,1.0,305.0,356.0,682.0,815.0,4,820.0
3.0,1.0,570.0,577.0,790.0,808.0,4,820.0
3.0,1.0,570.0,577.0,790.0,808.0,4,820.0
3.0,1.0,305.0,356.0,682.0,815.0,4,960.0
3.0,1.0,305.0,356.0,808.0,815.0,4,820.0
3.0,1.0,305.0,356.0,577.0,808.0,4,820.0
3.0,1.0,356.0,577.0,790.0,808.0,4,820.0
3.0,25.0,294.0,421.0,688.0,814.0,4,1005.0
3.0,25.0,106.0,294.0,421.0,814.0,4,1005.0
3.0,25.0,294.0,421.0,688.0,814.0,4,1005.0
3.0,25.0,294.0,457.0,688.0,814.0,4,1005.0
3.0,25.0,294.0,457.0,688.0,711.0,4,814.0
3.0,25.0,294.0,457.0,711.0,814.0,4,1005.0
3.0,4.0,166.0,505.0,589.0,646.0,4,992.0
3.0,4.0,437.0,505.0,646.0,936.0,4,992.0
3.0,4.0,103.0,505.0,589.0,646.0,4,936.0
3.0,4.0,103.0,505.0,589.0,646.0,4,992.0
3.0,4.0,166.0,265.0,426.0,437.0,4,992.0
3.0,6.0,61.0,213.0,397.0,623.0,4,1039.0
3.0,6.0,61.0,213.0,397.0,623.0,4,1039.0
3.0,6.0,397.0,420.0,459.0,623.0,4,1039.0
3.0,6.0,61.0,213.0,397.0,623.0,4,898.0
3.0,6.0,61.0,213.0,459.0,623.0,4,1039.0
3.0,6.0,35.0,61.0,213.0,250.0,4,623.0
3.0,6.0,61.0,213.0,250.0,397.0,4,623.0
3.0,6.0,250.0,420.0,459.0,623.0,4,898.0
3.0,6.0,213.0,250.0,459.0,623.0,4,898.0
3.0,6.0,61.0,213.0,250.0,623.0,4,898.0
3.0,25.0,294.0,421.0,688.0,814.0,4,1005.0
3.0,25.0,294.0,457.0,711.0,814.0,4,1005.0
3.0,25.0,294.0,398.0,457.0,711.0,4,864.0
3.0,25.0,294.0,398.0,457.0,711.0,4,864.0
3.0,25.0,398.0,421.0,662.0,711.0,4,864.0
3.0,25.0,294.0,398.0,421.0,688.0,4,814.0
3.0,25.0,294.0,421.0,688.0,814.0,4,1005.0
3.0,25.0,294.0,398.0,457.0,711.0,4,814.0
3.0,25.0,294.0,421.0,711.0,814.0,4,1005.0
3.0,25.0,398.0,421.0,662.0,711.0,4,864.0
3.0,25.0,294.0,421.0,688.0,814.0,4,1005.0
3.0,25.0,294.0,421.0,688.0,814.0,4,1005.0
3.0,25.0,294.0,457.0,688.0,814.0,4,1005.0
3.0,25.0,294.0,421.0,711.0,814.0,4,1005.0
3.0,25.0,294.0,421.0,688.0,814.0,4,1005.0
3.0,25.0,294.0,398.0,457.0,711.0,4,814.0
3.0,25.0,294.0,421.0,711.0,814.0,4,1005.0
3.0,25.0,294.0,421.0,688.0,814.0,4,1005.0
3.0,25.0,106.0,294.0,457.0,688.0,4,1005.0
3.0,25.0,106.0,294.0,457.0,711.0,4,1005.0
3.0,25.0,398.0,457.0,662.0,711.0,4,814.0
3.0,25.0,398.0,457.0,662.0,711.0,4,814.0
3.0,25.0,294.0,398.0,457.0,688.0,4,814.0
3.0,25.0,294.0,421.0,688.0,814.0,4,1005.0
3.0,25.0,294.0,421.0,688.0,814.0,4,1005.0
3.0,25.0,294.0,421.0,688.0,814.0,4,1005.0
3.0,11.0,1.0,150.0,383.0,440.0,4,895.0
3.0,11.0,150.0,345.0,383.0,440.0,4,580.0
3.0,11.0,1.0,150.0,232.0,580.0,4,895.0
3.0,11.0,1.0,150.0,232.0,580.0,4,895.0
3.0,25.0,106.0,294.0,457.0,688.0,4,1005.0
3.0,25.0,106.0,398.0,457.0,662.0,4,688.0
3.0,25.0,106.0,398.0,457.0,662.0,4,711.0
3.0,25.0,421.0,662.0,711.0,814.0,4,1005.0
3.0,25.0,106.0,398.0,421.0,662.0,4,711.0
3.0,25.0,294.0,421.0,688.0,814.0,4,1005.0
3.0,25.0,294.0,421.0,688.0,814.0,4,1005.0
3.0,25.0,421.0,662.0,688.0,814.0,4,1005.0
3.0,25.0,398.0,421.0,662.0,814.0,4,1005.0
3.0,25.0,398.0,457.0,662.0,814.0,4,1005.0
3.0,25.0,106.0,294.0,398.0,457.0,4,711.0
3.0,25.0,106.0,398.0,457.0,662.0,4,711.0
3.0,25.0,294.0,398.0,421.0,688.0,4,814.0
3.0,26.0,40.0,536.0,634.0,874.0,4,948.0
3.0,26.0,450.0,634.0,684.0,948.0,4,1024.0
3.0,26.0,40.0,450.0,634.0,684.0,4,1024.0
3.0,26.0,40.0,450.0,536.0,634.0,4,684.0
3.0,26.0,40.0,450.0,536.0,634.0,4,874.0
3.0,26.0,40.0,536.0,634.0,874.0,4,948.0
3.0,26.0,40.0,634.0,874.0,948.0,4,1024.0
3.0,26.0,450.0,684.0,843.0,948.0,4,1024.0
3.0,26.0,450.0,454.0,536.0,843.0,4,874.0
3.0,26.0,450.0,536.0,684.0,843.0,4,874.0
3.0,25.0,106.0,294.0,457.0,711.0,4,1005.0
3.0,25.0,398.0,457.0,662.0,711.0,4,814.0
3.0,25.0,421.0,662.0,711.0,814.0,4,1005.0
3.0,25.0,421.0,662.0,711.0,814.0,4,1005.0
3.0,25.0,421.0,662.0,688.0,814.0,4,1005.0
3.0,25.0,106.0,457.0,662.0,688.0,4,711.0
3.0,25.0,294.0,421.0,688.0,814.0,4,1005.0
3.0,25.0,294.0,457.0,688.0,814.0,4,1005.0
3.0,25.0,294.0,421.0,711.0,814.0,4,1005.0
3.0,25.0,294.0,421.0,688.0,814.0,4,1005.0
3.0,25.0,294.0,421.0,688.0,814.0,4,1005.0
3.0,25.0,294.0,398.0,457.0,688.0,4,814.0
3.0,25.0,294.0,398.0,457.0,711.0,4,814.0
3.0,25.0,106.0,294.0,398.0,457.0,4,711.0
3.0,25.0,106.0,294.0,421.0,711.0,4,1005.0
3.0,25.0,294.0,421.0,688.0,814.0,4,1005.0
3.0,25.0,457.0,662.0,711.0,814.0,4,1005.0
3.0,25.0,106.0,398.0,457.0,662.0,4,711.0
3.0,25.0,59.0,398.0,662.0,711.0,4,864.0
3.0,25.0,294.0,421.0,688.0,814.0,4,1005.0
3.0,25.0,294.0,398.0,457.0,688.0,4,814.0
3.0,25.0,106.0,294.0,398.0,457.0,4,688.0
3.0,25.0,106.0,398.0,457.0,662.0,4,1005.0
3.0,25.0,106.0,398.0,457.0,662.0,4,1005.0
3.0,25.0,106.0,398.0,421.0,662.0,4,1005.0
3.0,25.0,106.0,398.0,421.0,662.0,4,1005.0
3.0,25.0,294.0,398.0,421.0,814.0,4,1005.0
3.0,25.0,294.0,398.0,421.0,688.0,4,814.0
3.0,25.0,398.0,457.0,662.0,688.0,4,814.0
3.0,25.0,398.0,457.0,662.0,688.0,4,814.0
3.0,25.0,59.0,106.0,398.0,662.0,4,864.0
3.0,34.0,15.0,36.0,335.0,719.0,4,900.0
3.0,34.0,15.0,36.0,335.0,719.0,4,900.0
3.0,34.0,15.0,36.0,335.0,719.0,4,900.0
3.0,34.0,15.0,36.0,335.0,719.0,4,900.0
3.0,34.0,15.0,36.0,404.0,803.0,4,900.0
3.0,34.0,15.0,36.0,404.0,803.0,4,900.0
3.0,34.0,30.0,36.0,432.0,803.0,4,811.0
3.0,34.0,30.0,404.0,432.0,753.0,4,811.0
3.0,25.0,106.0,457.0,662.0,711.0,4,1005.0
3.0,25.0,106.0,457.0,662.0,711.0,4,1005.0
3.0,25.0,106.0,457.0,662.0,711.0,4,1005.0
3.0,25.0,294.0,421.0,711.0,814.0,4,1005.0
3.0,25.0,106.0,294.0,421.0,711.0,4,1005.0
3.0,25.0,294.0,421.0,711.0,814.0,4,1005.0
3.0,25.0,294.0,421.0,688.0,814.0,4,1005.0
3.0,25.0,457.0,662.0,688.0,814.0,4,1005.0
3.0,25.0,457.0,662.0,688.0,814.0,4,1005.0
3.0,25.0,106.0,457.0,662.0,711.0,4,1005.0
3.0,25.0,106.0,457.0,662.0,711.0,4,1005.0
3.0,25.0,106.0,398.0,457.0,662.0,4,711.0
3.0,25.0,106.0,398.0,457.0,688.0,4,814.0
3.0,25.0,294.0,421.0,688.0,814.0,4,1005.0
3.0,25.0,294.0,421.0,688.0,814.0,4,1005.0
3.0,25.0,294.0,398.0,457.0,688.0,4,1005.0
3.0,25.0,59.0,106.0,398.0,457.0,4,662.0
3.0,16.0,133.0,285.0,477.0,674.0,4,996.0
3.0,16.0,133.0,285.0,477.0,674.0,4,996.0
3.0,16.0,133.0,285.0,296.0,495.0,4,702.0
3.0,16.0,285.0,296.0,495.0,674.0,4,996.0
3.0,16.0,133.0,285.0,477.0,674.0,4,996.0
3.0,16.0,285.0,296.0,495.0,674.0,4,702.0
3.0,16.0,285.0,296.0,477.0,674.0,4,702.0
3.0,26.0,40.0,315.0,450.0,536.0,4,874.0
3.0,26.0,315.0,450.0,536.0,684.0,4,1024.0
3.0,26.0,40.0,315.0,684.0,843.0,4,1024.0
3.0,26.0,40.0,454.0,843.0,874.0,4,1024.0
3.0,26.0,40.0,315.0,450.0,536.0,4,874.0
3.0,26.0,40.0,315.0,536.0,843.0,4,874.0
3.0,0.0,13.0,418.0,493.0,535.0,4,695.0
3.0,0.0,418.0,493.0,535.0,695.0,4,1037.0
3.0,0.0,418.0,465.0,535.0,695.0,4,1037.0
3.0,0.0,418.0,465.0,686.0,695.0,4,1037.0
3.0,0.0,13.0,418.0,493.0,686.0,4,1037.0
3.0,0.0,13.0,493.0,535.0,695.0,4,713.0
3.0,0.0,13.0,493.0,535.0,686.0,4,713.0
3.0,0.0,13.0,493.0,535.0,686.0,4,713.0
3.0,0.0,418.0,493.0,535.0,695.0,4,1037.0
3.0,0.0,418.0,686.0,695.0,713.0,4,1037.0
3.0,0.0,418.0,686.0,695.0,713.0,4,1037.0
3.0,25.0,294.0,398.0,457.0,688.0,4,814.0
3.0,25.0,294.0,398.0,457.0,688.0,4,864.0
3.0,25.0,294.0,398.0,457.0,688.0,4,864.0
3.0,25.0,457.0,662.0,688.0,814.0,4,1005.0
3.0,25.0,421.0,662.0,688.0,814.0,4,1005.0
3.0,25.0,294.0,421.0,688.0,814.0,4,1005.0
3.0,25.0,294.0,421.0,688.0,814.0,4,1005.0
3.0,25.0,294.0,398.0,421.0,688.0,4,864.0
3.0,25.0,294.0,398.0,457.0,688.0,4,864.0
3.0,25.0,398.0,457.0,662.0,864.0,4,1005.0
3.0,7.0,137.0,325.0,451.0,455.0,4,902.0
3.0,7.0,137.0,277.0,325.0,455.0,4,846.0
3.0,7.0,112.0,137.0,277.0,455.0,4,846.0
3.0,7.0,137.0,325.0,396.0,455.0,4,902.0
3.0,30.0,68.0,350.0,657.0,829.0,4,953.0
3.0,30.0,68.0,350.0,657.0,689.0,4,829.0
3.0,30.0,68.0,657.0,689.0,829.0,4,847.0
3.0,30.0,240.0,350.0,561.0,689.0,4,847.0
3.0,30.0,68.0,350.0,657.0,829.0,4,953.0
3.0,30.0,657.0,689.0,829.0,847.0,4,953.0
3.0,30.0,657.0,689.0,829.0,847.0,4,953.0
3.0,30.0,68.0,350.0,689.0,829.0,4,847.0
3.0,30.0,350.0,657.0,689.0,847.0,4,953.0
3.0,30.0,657.0,689.0,829.0,847.0,4,953.0
3.0,30.0,68.0,350.0,657.0,829.0,4,953.0
3.0,25.0,294.0,421.0,688.0,814.0,4,1005.0
3.0,25.0,294.0,398.0,421.0,688.0,4,814.0
3.0,25.0,294.0,398.0,457.0,688.0,4,814.0
3.0,25.0,106.0,398.0,457.0,662.0,4,711.0
3.0,25.0,106.0,398.0,457.0,662.0,4,711.0
3.0,25.0,398.0,421.0,662.0,711.0,4,814.0
3.0,25.0,294.0,421.0,711.0,814.0,4,1005.0
3.0,25.0,421.0,662.0,711.0,814.0,4,1005.0
3.0,25.0,106.0,457.0,662.0,711.0,4,1005.0
3.0,25.0,106.0,294.0,457.0,711.0,4,1005.0
3.0,25.0,106.0,294.0,398.0,457.0,4,711.0
3.0,25.0,106.0,398.0,457.0,662.0,4,1005.0
3.0,25.0,398.0,421.0,662.0,814.0,4,1005.0
3.0,25.0,294.0,398.0,421.0,814.0,4,1005.0
3.0,25.0,294.0,421.0,688.0,814.0,4,1005.0
3.0,25.0,294.0,398.0,421.0,688.0,4,814.0
3.0,25.0,294.0,398.0,457.0,688.0,4,814.0
3.0,25.0,398.0,457.0,662.0,711.0,4,864.0
3.0,25.0,421.0,662.0,711.0,864.0,4,1005.0
3.0,25.0,294.0,421.0,711.0,814.0,4,1005.0
3.0,25.0,294.0,398.0,421.0,688.0,4,814.0
3.0,25.0,294.0,398.0,457.0,688.0,4,864.0
3.0,25.0,398.0,457.0,662.0,711.0,4,864.0
3.0,25.0,106.0,398.0,457.0,662.0,4,711.0
3.0,25.0,59.0,106.0,398.0,662.0,4,711.0
3.0,25.0,59.0,106.0,398.0,662.0,4,711.0
3.0,25.0,294.0,421.0,688.0,814.0,4,1005.0
3.0,25.0,294.0,421.0,711.0,814.0,4,1005.0
3.0,25.0,294.0,421.0,711.0,814.0,4,1005.0
3.0,25.0,294.0,398.0,457.0,711.0,4,864.0
3.0,25.0,398.0,457.0,662.0,711.0,4,864.0
3.0,25.0,398.0,457.0,662.0,711.0,4,864.0
3.0,25.0,398.0,457.0,662.0,711.0,4,814.0
3.0,25.0,294.0,421.0,688.0,814.0,4,1005.0
3.0,25.0,294.0,398.0,421.0,711.0,4,864.0
3.0,25.0,294.0,398.0,457.0,864.0,4,1005.0
3.0,25.0,294.0,398.0,457.0,864.0,4,1005.0
3.0,25.0,294.0,398.0,457.0,864.0,4,1005.0
3.0,25.0,294.0,398.0,421.0,864.0,4,1005.0
3.0,6.0,55.0,397.0,420.0,459.0,4,730.0
3.0,6.0,35.0,213.0,250.0,420.0,4,1039.0
3.0,6.0,35.0,213.0,250.0,420.0,4,1039.0
3.0,6.0,35.0,55.0,213.0,250.0,4,1039.0
3.0,6.0,35.0,55.0,213.0,250.0,4,1039.0
3.0,6.0,35.0,250.0,397.0,420.0,4,730.0
3.0,6.0,55.0,250.0,420.0,730.0,4,1039.0
3.0,6.0,35.0,250.0,420.0,730.0,4,1039.0
3.0,6.0,35.0,250.0,420.0,886.0,4,1039.0
3.0,6.0,250.0,397.0,420.0,625.0,4,886.0
3.0,12.0,0.0,111.0,201.0,531.0,4,715.0
3.0,12.0,0.0,111.0,201.0,715.0,4,856.0
3.0,12.0,111.0,216.0,301.0,715.0,4,983.0
3.0,12.0,111.0,216.0,301.0,715.0,4,983.0
3.0,12.0,111.0,216.0,301.0,856.0,4,983.0
3.0,12.0,111.0,216.0,301.0,715.0,4,856.0
3.0,12.0,0.0,201.0,216.0,715.0,4,856.0
3.0,12.0,0.0,111.0,216.0,715.0,4,983.0
3.0,12.0,0.0,111.0,201.0,531.0,4,856.0
3.0,25.0,294.0,421.0,688.0,814.0,4,1005.0
3.0,25.0,294.0,421.0,688.0,814.0,4,1005.0
3.0,25.0,106.0,294.0,457.0,688.0,4,1005.0
3.0,25.0,106.0,294.0,457.0,688.0,4,1005.0
3.0,25.0,106.0,294.0,398.0,457.0,4,711.0
3.0,25.0,398.0,421.0,662.0,711.0,4,814.0
3.0,25.0,294.0,421.0,711.0,814.0,4,1005.0
3.0,25.0,294.0,421.0,688.0,814.0,4,1005.0
3.0,25.0,294.0,421.0,688.0,814.0,4,1005.0
3.0,15.0,659.0,714.0,764.0,860.0,4,1036.0
3.0,15.0,659.0,672.0,764.0,860.0,4,928.0
3.0,15.0,244.0,377.0,672.0,872.0,4,1036.0
3.0,15.0,659.0,714.0,764.0,860.0,4,1036.0
3.0,29.0,46.0,508.0,580.0,914.0,4,990.0
3.0,29.0,46.0,508.0,580.0,914.0,4,990.0
3.0,29.0,46.0,86.0,508.0,580.0,4,914.0
3.0,29.0,86.0,572.0,580.0,769.0,4,914.0
3.0,29.0,86.0,572.0,580.0,769.0,4,914.0
3.0,29.0,86.0,456.0,580.0,769.0,4,914.0
3.0,29.0,86.0,456.0,580.0,769.0,4,914.0
3.0,29.0,456.0,580.0,769.0,914.0,4,990.0
3.0,29.0,456.0,580.0,769.0,914.0,4,990.0
3.0,29.0,46.0,456.0,580.0,914.0,4,990.0
3.0,29.0,46.0,456.0,580.0,883.0,4,990.0
3.0,29.0,46.0,86.0,456.0,580.0,4,914.0
3.0,29.0,86.0,456.0,580.0,769.0,4,914.0
3.0,29.0,86.0,456.0,580.0,769.0,4,914.0
3.0,14.0,254.0,272.0,592.0,609.0,4,700.0
3.0,14.0,254.0,272.0,592.0,609.0,4,700.0
3.0,14.0,7.0,254.0,272.0,592.0,4,609.0
3.0,14.0,254.0,272.0,592.0,609.0,4,700.0
3.0,14.0,518.0,532.0,644.0,700.0,4,897.0
3.0,14.0,518.0,532.0,644.0,700.0,4,897.0
3.0,14.0,272.0,518.0,592.0,609.0,4,700.0
3.0,14.0,272.0,518.0,592.0,609.0,4,700.0
3.0,14.0,272.0,518.0,592.0,644.0,4,700.0
3.0,13.0,161.0,238.0,320.0,817.0,4,886.0
3.0,13.0,15.0,191.0,238.0,320.0,4,886.0
3.0,13.0,80.0,161.0,191.0,320.0,4,817.0
3.0,13.0,80.0,161.0,320.0,665.0,4,817.0
3.0,13.0,15.0,191.0,320.0,665.0,4,886.0
3.0,13.0,15.0,161.0,191.0,817.0,4,886.0
3.0,13.0,161.0,191.0,320.0,817.0,4,886.0
3.0,15.0,659.0,714.0,764.0,860.0,4,1036.0
3.0,15.0,377.0,672.0,860.0,872.0,4,1036.0
3.0,15.0,244.0,659.0,672.0,764.0,4,928.0
3.0,15.0,659.0,714.0,764.0,860.0,4,1036.0
3.0,15.0,659.0,672.0,764.0,872.0,4,1036.0
3.0,15.0,244.0,375.0,672.0,860.0,4,872.0
3.0,15.0,659.0,714.0,764.0,860.0,4,1036.0
3.0,11.0,1.0,173.0,638.0,895.0,4,974.0
3.0,11.0,1.0,173.0,602.0,638.0,4,895.0
3.0,11.0,1.0,132.0,150.0,173.0,4,602.0
3.0,11.0,132.0,150.0,232.0,602.0,4,974.0
3.0,11.0,1.0,132.0,638.0,895.0,4,974.0
3.0,11.0,1.0,173.0,638.0,895.0,4,974.0
3.0,11.0,1.0,173.0,638.0,895.0,4,974.0
3.0,11.0,150.0,173.0,602.0,638.0,4,974.0
3.0,11.0,132.0,150.0,173.0,602.0,4,974.0
3.0,11.0,132.0,150.0,602.0,638.0,4,974.0
3.0,11.0,132.0,150.0,602.0,638.0,4,895.0
3.0,11.0,132.0,150.0,478.0,602.0,4,796.0
3.0,11.0,116.0,150.0,478.0,602.0,4,796.0
3.0,15.0,244.0,659.0,714.0,860.0,4,1036.0
3.0,15.0,244.0,659.0,714.0,860.0,4,1036.0
3.0,15.0,244.0,659.0,672.0,860.0,4,1036.0
3.0,15.0,244.0,659.0,672.0,764.0,4,872.0
3.0,15.0,659.0,714.0,764.0,860.0,4,1036.0
3.0,15.0,659.0,672.0,764.0,860.0,4,1036.0
3.0,15.0,244.0,659.0,672.0,860.0,4,872.0
3.0,15.0,244.0,659.0,672.0,860.0,4,872.0
3.0,15.0,244.0,714.0,860.0,872.0,4,928.0
3.0,15.0,244.0,659.0,714.0,764.0,4,860.0
3.0,15.0,659.0,714.0,764.0,860.0,4,1036.0
3.0,15.0,417.0,659.0,764.0,860.0,4,1036.0
3.0,15.0,659.0,672.0,860.0,872.0,4,928.0
3.0,15.0,244.0,377.0,672.0,764.0,4,1036.0
3.0,15.0,244.0,377.0,714.0,764.0,4,1036.0
3.0,15.0,659.0,672.0,764.0,860.0,4,1036.0
3.0,15.0,659.0,714.0,764.0,860.0,4,1036.0
3.0,15.0,659.0,714.0,764.0,860.0,4,1036.0
3.0,15.0,244.0,377.0,672.0,764.0,4,860.0
3.0,15.0,244.0,659.0,672.0,764.0,4,860.0
3.0,26.0,40.0,315.0,454.0,634.0,4,948.0
3.0,26.0,315.0,454.0,634.0,948.0,4,1024.0
3.0,26.0,454.0,634.0,797.0,948.0,4,1024.0
3.0,26.0,40.0,315.0,536.0,948.0,4,1024.0
3.0,26.0,40.0,315.0,634.0,948.0,4,1024.0
3.0,26.0,40.0,315.0,634.0,843.0,4,874.0
3.0,26.0,40.0,315.0,454.0,634.0,4,843.0
3.0,26.0,40.0,450.0,454.0,843.0,4,1024.0
3.0,26.0,40.0,315.0,450.0,634.0,4,843.0
3.0,26.0,40.0,315.0,634.0,843.0,4,948.0
3.0,26.0,40.0,315.0,634.0,843.0,4,948.0
3.0,15.0,659.0,714.0,764.0,860.0,4,1036.0
3.0,15.0,659.0,714.0,764.0,860.0,4,1036.0
3.0,15.0,659.0,714.0,764.0,860.0,4,1036.0
3.0,15.0,659.0,672.0,764.0,860.0,4,1036.0
3.0,15.0,244.0,659.0,672.0,860.0,4,872.0
3.0,15.0,659.0,672.0,764.0,860.0,4,1036.0
3.0,15.0,244.0,659.0,672.0,764.0,4,872.0
3.0,15.0,659.0,672.0,764.0,860.0,4,1036.0
3.0,15.0,659.0,714.0,764.0,860.0,4,1036.0
3.0,15.0,659.0,714.0,764.0,860.0,4,1036.0
3.0,15.0,244.0,377.0,417.0,764.0,4,872.0
3.0,15.0,244.0,659.0,714.0,764.0,4,860.0
3.0,15.0,659.0,714.0,764.0,860.0,4,1036.0
3.0,15.0,659.0,714.0,860.0,872.0,4,1036.0
3.0,15.0,417.0,659.0,764.0,860.0,4,1036.0
3.0,28.0,110.0,367.0,608.0,685.0,4,922.0
3.0,28.0,41.0,497.0,608.0,685.0,4,859.0
3.0,28.0,110.0,218.0,367.0,484.0,4,685.0
3.0,28.0,110.0,497.0,608.0,685.0,4,922.0
3.0,28.0,110.0,367.0,608.0,685.0,4,922.0
3.0,28.0,41.0,497.0,608.0,685.0,4,859.0
3.0,28.0,41.0,110.0,497.0,608.0,4,859.0
3.0,28.0,41.0,110.0,367.0,608.0,4,685.0
3.0,28.0,41.0,110.0,608.0,685.0,4,859.0
3.0,13.0,80.0,238.0,320.0,665.0,4,817.0
3.0,13.0,15.0,80.0,238.0,320.0,4,665.0
3.0,13.0,161.0,191.0,320.0,817.0,4,886.0
3.0,13.0,161.0,191.0,320.0,817.0,4,886.0
3.0,13.0,15.0,161.0,191.0,817.0,4,886.0
3.0,13.0,15.0,80.0,161.0,191.0,4,320.0
3.0,13.0,15.0,80.0,161.0,320.0,4,665.0
3.0,18.0,14.0,181.0,204.0,514.0,4,866.0
3.0,18.0,14.0,204.0,514.0,867.0,4,1013.0
3.0,18.0,115.0,742.0,809.0,876.0,4,1013.0
3.0,18.0,14.0,115.0,809.0,876.0,4,1013.0
3.0,18.0,14.0,809.0,867.0,876.0,4,1013.0
3.0,18.0,181.0,514.0,742.0,866.0,4,1013.0
3.0,18.0,181.0,204.0,514.0,742.0,4,866.0
3.0,18.0,14.0,204.0,809.0,867.0,4,1013.0
3.0,18.0,14.0,809.0,866.0,867.0,4,1013.0
3.0,18.0,14.0,204.0,514.0,809.0,4,866.0
3.0,15.0,244.0,377.0,417.0,764.0,4,872.0
3.0,15.0,244.0,377.0,417.0,860.0,4,872.0
3.0,15.0,659.0,714.0,764.0,860.0,4,1036.0
3.0,15.0,659.0,714.0,764.0,860.0,4,1036.0
3.0,15.0,377.0,417.0,764.0,872.0,4,1036.0
3.0,15.0,377.0,714.0,764.0,860.0,4,1036.0
3.0,15.0,659.0,714.0,764.0,860.0,4,1036.0
3.0,15.0,659.0,714.0,764.0,860.0,4,1036.0
3.0,15.0,377.0,417.0,764.0,872.0,4,1036.0
3.0,15.0,377.0,714.0,764.0,872.0,4,1036.0
3.0,15.0,377.0,714.0,764.0,872.0,4,1036.0
3.0,15.0,659.0,714.0,764.0,860.0,4,1036.0
3.0,15.0,375.0,672.0,764.0,872.0,4,1036.0
3.0,15.0,375.0,672.0,860.0,872.0,4,1036.0
3.0,15.0,244.0,417.0,659.0,860.0,4,872.0
3.0,15.0,244.0,659.0,714.0,764.0,4,872.0
3.0,15.0,659.0,714.0,764.0,872.0,4,1036.0
3.0,15.0,659.0,714.0,764.0,860.0,4,1036.0
3.0,15.0,659.0,714.0,764.0,860.0,4,1036.0
3.0,15.0,659.0,714.0,764.0,860.0,4,1036.0
3.0,15.0,659.0,714.0,764.0,860.0,4,1036.0
3.0,15.0,659.0,714.0,764.0,860.0,4,1036.0
3.0,15.0,659.0,714.0,764.0,860.0,4,1036.0
3.0,15.0,659.0,714.0,860.0,872.0,4,1036.0
3.0,15.0,659.0,714.0,764.0,860.0,4,1036.0
3.0,16.0,296.0,477.0,674.0,996.0,4,1030.0
3.0,16.0,296.0,416.0,674.0,996.0,4,1030.0
3.0,16.0,285.0,296.0,477.0,674.0,4,996.0
3.0,15.0,377.0,417.0,764.0,860.0,4,1036.0
3.0,15.0,377.0,417.0,764.0,860.0,4,1036.0
3.0,15.0,659.0,714.0,764.0,860.0,4,1036.0
3.0,15.0,377.0,714.0,764.0,860.0,4,1036.0
3.0,15.0,659.0,714.0,764.0,860.0,4,1036.0
3.0,15.0,377.0,417.0,659.0,860.0,4,872.0
3.0,15.0,377.0,417.0,764.0,872.0,4,1036.0
3.0,15.0,377.0,714.0,764.0,860.0,4,1036.0
3.0,0.0,418.0,465.0,695.0,810.0,4,1037.0
3.0,0.0,13.0,418.0,695.0,713.0,4,1037.0
3.0,0.0,13.0,418.0,695.0,713.0,4,1037.0
3.0,0.0,13.0,418.0,695.0,713.0,4,1037.0
3.0,0.0,13.0,418.0,493.0,535.0,4,686.0
3.0,0.0,13.0,493.0,535.0,686.0,4,713.0
3.0,0.0,13.0,418.0,493.0,713.0,4,1037.0
3.0,0.0,418.0,493.0,535.0,695.0,4,1037.0
3.0,0.0,418.0,493.0,535.0,695.0,4,1037.0
3.0,0.0,13.0,418.0,465.0,535.0,4,695.0
3.0,0.0,418.0,465.0,695.0,772.0,4,810.0
3.0,15.0,659.0,714.0,764.0,860.0,4,1036.0
3.0,15.0,659.0,714.0,764.0,860.0,4,1036.0
3.0,15.0,244.0,377.0,764.0,872.0,4,1036.0
3.0,15.0,659.0,714.0,764.0,860.0,4,1036.0
3.0,15.0,659.0,714.0,764.0,860.0,4,1036.0
3.0,15.0,659.0,714.0,764.0,860.0,4,1036.0
3.0,15.0,244.0,417.0,764.0,872.0,4,1036.0
3.0,15.0,244.0,417.0,764.0,860.0,4,1036.0
3.0,15.0,659.0,714.0,764.0,872.0,4,1036.0
3.0,15.0,244.0,714.0,764.0,872.0,4,1036.0
3.0,15.0,659.0,714.0,764.0,860.0,4,872.0
3.0,7.0,277.0,325.0,451.0,455.0,4,902.0
3.0,7.0,277.0,325.0,451.0,455.0,4,902.0
3.0,7.0,277.0,325.0,396.0,451.0,4,902.0
3.0,7.0,396.0,455.0,530.0,595.0,4,956.0
3.0,7.0,277.0,325.0,451.0,455.0,4,530.0
3.0,15.0,377.0,417.0,764.0,872.0,4,1036.0
3.0,15.0,377.0,417.0,659.0,672.0,4,872.0
3.0,15.0,244.0,659.0,714.0,764.0,4,1036.0
3.0,15.0,244.0,659.0,714.0,764.0,4,1036.0
3.0,15.0,244.0,659.0,714.0,764.0,4,1036.0
3.0,15.0,377.0,417.0,659.0,764.0,4,872.0
3.0,15.0,377.0,417.0,659.0,764.0,4,872.0
3.0,15.0,377.0,417.0,659.0,764.0,4,872.0
3.0,12.0,111.0,301.0,531.0,647.0,4,856.0
3.0,12.0,201.0,301.0,647.0,715.0,4,856.0
3.0,12.0,111.0,301.0,531.0,647.0,4,856.0
3.0,12.0,111.0,301.0,531.0,647.0,4,910.0
3.0,12.0,111.0,301.0,531.0,647.0,4,856.0
3.0,12.0,0.0,111.0,301.0,531.0,4,856.0
3.0,12.0,0.0,111.0,201.0,531.0,4,647.0
3.0,12.0,0.0,111.0,301.0,531.0,4,647.0
3.0,12.0,0.0,111.0,301.0,647.0,4,856.0
3.0,28.0,41.0,110.0,461.0,484.0,4,608.0
3.0,28.0,41.0,461.0,484.0,608.0,4,685.0
3.0,28.0,110.0,461.0,484.0,608.0,4,685.0
3.0,28.0,110.0,461.0,484.0,553.0,4,685.0
3.0,28.0,41.0,461.0,484.0,608.0,4,685.0
3.0,28.0,41.0,110.0,461.0,484.0,4,608.0
3.0,28.0,110.0,461.0,484.0,553.0,4,685.0
3.0,28.0,110.0,461.0,484.0,553.0,4,685.0
3.0,28.0,110.0,484.0,553.0,608.0,4,685.0
3.0,15.0,244.0,377.0,417.0,764.0,4,872.0
3.0,15.0,659.0,714.0,764.0,860.0,4,1036.0
3.0,15.0,659.0,714.0,764.0,860.0,4,1036.0
3.0,15.0,417.0,659.0,764.0,872.0,4,1036.0
3.0,15.0,244.0,377.0,417.0,764.0,4,872.0
3.0,15.0,417.0,659.0,764.0,860.0,4,1036.0
3.0,15.0,659.0,714.0,764.0,860.0,4,1036.0
3.0,15.0,659.0,714.0,764.0,860.0,4,1036.0
3.0,15.0,659.0,714.0,764.0,860.0,4,1036.0
3.0,15.0,659.0,714.0,764.0,860.0,4,1036.0
3.0,15.0,659.0,714.0,764.0,860.0,4,1036.0
3.0,15.0,244.0,377.0,417.0,626.0,4,872.0
3.0,15.0,659.0,714.0,764.0,860.0,4,1036.0
3.0,15.0,659.0,714.0,764.0,860.0,4,1036.0
3.0,15.0,659.0,714.0,764.0,860.0,4,1036.0
3.0,15.0,659.0,714.0,764.0,860.0,4,1036.0
3.0,15.0,659.0,714.0,764.0,860.0,4,1036.0
3.0,15.0,244.0,377.0,714.0,764.0,4,1036.0
3.0,15.0,244.0,377.0,626.0,672.0,4,872.0
3.0,15.0,244.0,377.0,626.0,672.0,4,872.0
3.0,15.0,659.0,714.0,764.0,860.0,4,1036.0
3.0,15.0,377.0,417.0,764.0,860.0,4,1036.0
3.0,15.0,244.0,417.0,659.0,764.0,4,872.0
3.0,15.0,244.0,417.0,626.0,659.0,4,872.0
3.0,15.0,244.0,417.0,626.0,659.0,4,872.0
3.0,15.0,244.0,659.0,714.0,860.0,4,872.0
3.0,15.0,659.0,714.0,764.0,860.0,4,1036.0
3.0,15.0,659.0,714.0,764.0,860.0,4,1036.0
3.0,15.0,377.0,417.0,764.0,860.0,4,1036.0
3.0,15.0,244.0,377.0,417.0,764.0,4,860.0
3.0,15.0,244.0,377.0,417.0,860.0,4,872.0
3.0,15.0,659.0,714.0,764.0,860.0,4,1036.0
3.0,15.0,377.0,714.0,764.0,860.0,4,1036.0
3.0,15.0,377.0,417.0,659.0,860.0,4,872.0
3.0,15.0,377.0,417.0,659.0,860.0,4,872.0
3.0,15.0,659.0,714.0,764.0,860.0,4,1036.0
3.0,15.0,377.0,714.0,764.0,860.0,4,1036.0
3.0,15.0,377.0,659.0,714.0,764.0,4,860.0
3.0,15.0,659.0,714.0,764.0,860.0,4,1036.0
3.0,9.0,85.0,149.0,510.0,828.0,4,845.0
3.0,9.0,149.0,174.0,452.0,510.0,4,941.0
3.0,9.0,149.0,174.0,452.0,510.0,4,941.0
3.0,9.0,85.0,149.0,510.0,828.0,4,845.0
3.0,9.0,85.0,149.0,510.0,828.0,4,845.0
3.0,9.0,85.0,169.0,510.0,828.0,4,845.0
3.0,9.0,85.0,149.0,510.0,828.0,4,845.0
3.0,9.0,85.0,149.0,174.0,510.0,4,828.0
3.0,9.0,149.0,174.0,452.0,845.0,4,941.0
3.0,9.0,149.0,452.0,828.0,845.0,4,941.0
3.0,9.0,149.0,452.0,828.0,845.0,4,941.0
3.0,9.0,85.0,452.0,828.0,845.0,4,941.0
3.0,30.0,68.0,350.0,561.0,829.0,4,953.0
3.0,30.0,240.0,561.0,657.0,689.0,4,847.0
3.0,30.0,240.0,350.0,657.0,689.0,4,847.0
3.0,30.0,68.0,350.0,657.0,829.0,4,953.0
3.0,30.0,240.0,350.0,561.0,657.0,4,953.0
3.0,30.0,68.0,350.0,561.0,829.0,4,953.0
3.0,30.0,68.0,350.0,657.0,829.0,4,953.0
3.0,30.0,240.0,657.0,829.0,847.0,4,953.0
3.0,30.0,68.0,240.0,561.0,657.0,4,847.0
3.0,30.0,240.0,350.0,657.0,829.0,4,847.0
3.0,15.0,659.0,714.0,764.0,860.0,4,1036.0
3.0,15.0,659.0,714.0,860.0,872.0,4,1036.0
3.0,15.0,377.0,714.0,764.0,872.0,4,1036.0
3.0,15.0,659.0,714.0,764.0,860.0,4,1036.0
3.0,15.0,244.0,659.0,714.0,764.0,4,860.0
3.0,15.0,244.0,714.0,764.0,860.0,4,1036.0
3.0,15.0,659.0,714.0,764.0,860.0,4,1036.0
3.0,15.0,659.0,714.0,764.0,860.0,4,1036.0
3.0,15.0,244.0,377.0,417.0,626.0,4,860.0
3.0,15.0,244.0,377.0,417.0,626.0,4,860.0
3.0,15.0,244.0,377.0,417.0,626.0,4,1036.0
3.0,15.0,659.0,714.0,764.0,860.0,4,1036.0
3.0,15.0,659.0,714.0,764.0,860.0,4,1036.0
3.0,15.0,417.0,626.0,659.0,860.0,4,1036.0
3.0,6.0,61.0,213.0,397.0,623.0,4,898.0
3.0,6.0,35.0,420.0,459.0,623.0,4,1039.0
3.0,6.0,35.0,61.0,213.0,459.0,4,898.0
3.0,6.0,35.0,61.0,213.0,623.0,4,898.0
3.0,6.0,61.0,213.0,397.0,623.0,4,898.0
3.0,6.0,61.0,213.0,397.0,623.0,4,1039.0
3.0,6.0,35.0,420.0,459.0,623.0,4,1039.0
3.0,6.0,35.0,217.0,420.0,623.0,4,1039.0
3.0,6.0,35.0,213.0,420.0,623.0,4,1039.0
3.0,15.0,659.0,714.0,764.0,872.0,4,1036.0
3.0,15.0,377.0,417.0,860.0,872.0,4,1036.0
3.0,15.0,244.0,377.0,417.0,626.0,4,860.0
3.0,15.0,244.0,417.0,659.0,872.0,4,1036.0
3.0,15.0,244.0,377.0,672.0,872.0,4,928.0
3.0,18.0,14.0,204.0,809.0,867.0,4,1013.0
3.0,18.0,14.0,181.0,204.0,514.0,4,866.0
3.0,18.0,14.0,181.0,204.0,514.0,4,866.0
3.0,18.0,14.0,181.0,514.0,866.0,4,867.0
3.0,18.0,14.0,181.0,809.0,866.0,4,867.0
3.0,18.0,14.0,579.0,809.0,866.0,4,1013.0
3.0,18.0,14.0,579.0,809.0,866.0,4,1013.0
3.0,18.0,14.0,181.0,579.0,809.0,4,866.0
3.0,15.0,229.0,659.0,714.0,764.0,4,860.0
3.0,15.0,229.0,672.0,860.0,872.0,4,1036.0
3.0,15.0,229.0,672.0,764.0,872.0,4,1036.0
3.0,15.0,659.0,672.0,764.0,872.0,4,1036.0
3.0,15.0,659.0,714.0,764.0,860.0,4,1036.0
3.0,15.0,659.0,714.0,764.0,860.0,4,1036.0
3.0,15.0,659.0,714.0,764.0,860.0,4,1036.0
3.0,15.0,229.0,714.0,764.0,860.0,4,1036.0
3.0,15.0,229.0,659.0,672.0,853.0,4,860.0
3.0,15.0,659.0,714.0,764.0,860.0,4,1036.0
3.0,15.0,659.0,714.0,764.0,860.0,4,1036.0
3.0,15.0,659.0,714.0,764.0,860.0,4,1036.0
3.0,15.0,244.0,659.0,714.0,764.0,4,860.0
3.0,15.0,659.0,714.0,764.0,860.0,4,1036.0
3.0,15.0,377.0,672.0,764.0,853.0,4,1036.0
3.0,15.0,659.0,714.0,764.0,860.0,4,1036.0
3.0,15.0,659.0,714.0,764.0,860.0,4,1036.0
3.0,15.0,659.0,714.0,764.0,860.0,4,1036.0
3.0,15.0,229.0,375.0,672.0,860.0,4,872.0
3.0,15.0,375.0,714.0,764.0,872.0,4,1036.0
3.0,15.0,375.0,714.0,764.0,860.0,4,1036.0
3.0,15.0,659.0,714.0,764.0,860.0,4,1036.0
3.0,15.0,659.0,714.0,764.0,860.0,4,1036.0
3.0,15.0,659.0,714.0,764.0,860.0,4,1036.0
3.0,15.0,375.0,672.0,860.0,872.0,4,1036.0
3.0,15.0,659.0,714.0,764.0,860.0,4,1036.0
3.0,34.0,15.0,36.0,299.0,335.0,4,719.0
3.0,34.0,36.0,299.0,432.0,753.0,4,803.0
3.0,34.0,36.0,299.0,432.0,753.0,4,803.0
3.0,34.0,15.0,36.0,335.0,719.0,4,811.0
3.0,34.0,15.0,299.0,335.0,432.0,4,719.0
3.0,34.0,15.0,36.0,404.0,719.0,4,811.0
3.0,34.0,15.0,36.0,404.0,719.0,4,811.0
3.0,15.0,375.0,672.0,764.0,860.0,4,1036.0
3.0,15.0,375.0,672.0,764.0,860.0,4,1036.0
3.0,15.0,229.0,672.0,860.0,872.0,4,1036.0
3.0,15.0,229.0,659.0,672.0,860.0,4,872.0
3.0,15.0,229.0,714.0,764.0,860.0,4,1036.0
3.0,15.0,659.0,672.0,764.0,860.0,4,1036.0
3.0,15.0,229.0,714.0,764.0,872.0,4,1036.0
3.0,15.0,659.0,714.0,860.0,872.0,4,1036.0
3.0,23.0,12.0,215.0,234.0,305.0,4,968.0
3.0,23.0,12.0,234.0,305.0,382.0,4,1027.0
3.0,23.0,12.0,215.0,382.0,890.0,4,1027.0
3.0,23.0,12.0,234.0,382.0,890.0,4,968.0
3.0,23.0,12.0,215.0,234.0,890.0,4,1027.0
3.0,23.0,12.0,234.0,305.0,382.0,4,1027.0
3.0,23.0,12.0,234.0,305.0,382.0,4,959.0
3.0,23.0,12.0,305.0,382.0,959.0,4,1027.0
3.0,23.0,12.0,215.0,234.0,959.0,4,1027.0
3.0,23.0,12.0,215.0,234.0,890.0,4,1027.0
3.0,15.0,659.0,714.0,764.0,860.0,4,1036.0
3.0,15.0,375.0,672.0,764.0,860.0,4,1036.0
3.0,15.0,229.0,375.0,672.0,860.0,4,872.0
3.0,15.0,229.0,659.0,714.0,860.0,4,872.0
3.0,15.0,659.0,714.0,764.0,860.0,4,1036.0
3.0,15.0,659.0,714.0,764.0,860.0,4,1036.0
3.0,15.0,375.0,672.0,764.0,860.0,4,1036.0
3.0,15.0,659.0,714.0,764.0,860.0,4,1036.0
3.0,4.0,103.0,259.0,589.0,646.0,4,936.0
3.0,4.0,166.0,373.0,426.0,437.0,4,851.0
3.0,4.0,103.0,259.0,373.0,589.0,4,646.0
3.0,4.0,259.0,373.0,646.0,851.0,4,936.0
3.0,15.0,659.0,714.0,764.0,860.0,4,1036.0
3.0,15.0,659.0,714.0,764.0,860.0,4,1036.0
3.0,15.0,659.0,672.0,764.0,860.0,4,1036.0
3.0,15.0,659.0,714.0,764.0,860.0,4,1036.0
3.0,15.0,659.0,714.0,764.0,860.0,4,1036.0
3.0,15.0,375.0,672.0,860.0,872.0,4,1036.0
3.0,15.0,229.0,659.0,672.0,764.0,4,872.0
3.0,15.0,659.0,714.0,764.0,860.0,4,1036.0
3.0,15.0,229.0,659.0,714.0,764.0,4,860.0
3.0,15.0,375.0,659.0,714.0,764.0,4,860.0
3.0,15.0,229.0,244.0,714.0,860.0,4,872.0
3.0,15.0,244.0,659.0,672.0,764.0,4,872.0
3.0,15.0,244.0,659.0,672.0,764.0,4,872.0
3.0,15.0,244.0,659.0,672.0,764.0,4,872.0
3.0,15.0,229.0,659.0,714.0,764.0,4,860.0
3.0,15.0,375.0,714.0,764.0,860.0,4,872.0
3.0,15.0,244.0,659.0,714.0,860.0,4,872.0
3.0,15.0,244.0,659.0,714.0,764.0,4,860.0
3.0,1.0,356.0,682.0,705.0,740.0,4,815.0
3.0,1.0,682.0,705.0,740.0,815.0,4,905.0
3.0,1.0,570.0,577.0,790.0,808.0,4,820.0
3.0,1.0,577.0,790.0,808.0,815.0,4,820.0
3.0,1.0,356.0,682.0,740.0,808.0,4,815.0
3.0,1.0,356.0,790.0,808.0,815.0,4,820.0
3.0,1.0,570.0,705.0,740.0,905.0,4,960.0
3.0,1.0,570.0,705.0,740.0,905.0,4,960.0
3.0,1.0,356.0,705.0,740.0,905.0,4,960.0
3.0,15.0,659.0,714.0,764.0,860.0,4,1036.0
3.0,15.0,244.0,714.0,764.0,860.0,4,1036.0
3.0,15.0,244.0,714.0,860.0,872.0,4,1036.0
3.0,15.0,244.0,377.0,672.0,860.0,4,872.0
3.0,15.0,659.0,714.0,764.0,860.0,4,1036.0
3.0,15.0,659.0,714.0,764.0,860.0,4,1036.0
3.0,15.0,659.0,714.0,764.0,860.0,4,1036.0
3.0,15.0,244.0,659.0,672.0,764.0,4,872.0
3.0,15.0,659.0,714.0,764.0,860.0,4,1036.0
3.0,15.0,375.0,714.0,860.0,872.0,4,1036.0
3.0,15.0,375.0,714.0,860.0,872.0,4,1036.0
3.0,15.0,244.0,377.0,672.0,764.0,4,860.0
3.0,15.0,244.0,377.0,714.0,764.0,4,860.0
3.0,15.0,244.0,377.0,714.0,764.0,4,860.0
3.0,15.0,244.0,377.0,714.0,764.0,4,860.0
3.0,15.0,377.0,714.0,764.0,860.0,4,1036.0
3.0,15.0,377.0,714.0,764.0,860.0,4,1036.0
3.0,15.0,377.0,714.0,764.0,860.0,4,1036.0
3.0,15.0,377.0,714.0,764.0,860.0,4,1036.0
3.0,11.0,150.0,520.0,602.0,638.0,4,895.0
3.0,11.0,150.0,520.0,602.0,638.0,4,895.0
3.0,11.0,1.0,520.0,580.0,638.0,4,895.0
3.0,11.0,1.0,173.0,580.0,638.0,4,974.0
3.0,11.0,1.0,173.0,580.0,638.0,4,974.0
3.0,11.0,1.0,173.0,580.0,638.0,4,974.0
3.0,11.0,1.0,173.0,580.0,638.0,4,895.0
3.0,11.0,520.0,580.0,602.0,638.0,4,895.0
3.0,11.0,1.0,520.0,580.0,638.0,4,895.0
3.0,11.0,1.0,173.0,580.0,638.0,4,895.0
3.0,29.0,86.0,132.0,283.0,338.0,4,914.0
3.0,29.0,132.0,278.0,338.0,389.0,4,456.0
3.0,29.0,86.0,132.0,389.0,456.0,4,769.0
3.0,29.0,86.0,132.0,389.0,456.0,4,769.0
3.0,29.0,46.0,86.0,132.0,338.0,4,914.0
3.0,29.0,46.0,86.0,456.0,769.0,4,883.0
3.0,29.0,86.0,278.0,338.0,389.0,4,914.0
3.0,17.0,47.0,108.0,148.0,505.0,4,635.0
3.0,17.0,47.0,108.0,148.0,505.0,4,598.0
3.0,17.0,47.0,483.0,505.0,598.0,4,642.0
3.0,17.0,148.0,211.0,483.0,598.0,4,642.0
3.0,17.0,47.0,108.0,483.0,505.0,4,635.0
3.0,17.0,47.0,108.0,328.0,505.0,4,642.0
3.0,17.0,47.0,108.0,328.0,505.0,4,642.0
3.0,17.0,47.0,108.0,328.0,483.0,4,505.0
3.0,17.0,328.0,483.0,505.0,598.0,4,642.0
3.0,17.0,47.0,108.0,328.0,505.0,4,642.0
3.0,15.0,659.0,714.0,764.0,860.0,4,1036.0
3.0,15.0,659.0,714.0,764.0,860.0,4,1036.0
3.0,15.0,659.0,672.0,764.0,872.0,4,1036.0
3.0,15.0,659.0,714.0,764.0,860.0,4,1036.0
3.0,15.0,377.0,714.0,764.0,860.0,4,1036.0
3.0,15.0,229.0,377.0,672.0,764.0,4,872.0
3.0,15.0,229.0,244.0,672.0,764.0,4,872.0
3.0,15.0,377.0,714.0,764.0,860.0,4,1036.0
3.0,15.0,229.0,375.0,672.0,714.0,4,860.0
3.0,15.0,244.0,375.0,672.0,860.0,4,872.0
3.0,15.0,244.0,672.0,764.0,872.0,4,1036.0
3.0,15.0,377.0,672.0,764.0,872.0,4,1036.0
3.0,15.0,377.0,714.0,764.0,860.0,4,1036.0
3.0,15.0,377.0,714.0,860.0,872.0,4,1036.0
3.0,15.0,229.0,375.0,672.0,764.0,4,872.0
3.0,15.0,377.0,714.0,764.0,860.0,4,1036.0
3.0,15.0,229.0,672.0,764.0,860.0,4,1036.0
3.0,15.0,229.0,244.0,672.0,860.0,4,872.0
3.0,15.0,377.0,714.0,764.0,860.0,4,1036.0
3.0,15.0,377.0,714.0,764.0,860.0,4,1036.0
3.0,15.0,375.0,714.0,860.0,872.0,4,1036.0
3.0,15.0,229.0,244.0,672.0,872.0,4,1036.0
3.0,15.0,229.0,244.0,672.0,872.0,4,1036.0
3.0,15.0,229.0,672.0,860.0,872.0,4,1036.0
3.0,7.0,137.0,247.0,277.0,325.0,4,451.0
3.0,7.0,137.0,277.0,325.0,451.0,4,455.0
3.0,7.0,112.0,137.0,308.0,451.0,4,455.0
3.0,7.0,247.0,277.0,308.0,396.0,4,455.0
3.0,7.0,112.0,137.0,277.0,396.0,4,455.0
3.0,7.0,137.0,277.0,308.0,451.0,4,455.0
3.0,7.0,137.0,247.0,277.0,325.0,4,451.0
3.0,7.0,112.0,137.0,277.0,451.0,4,455.0
3.0,7.0,112.0,137.0,308.0,451.0,4,455.0
3.0,7.0,112.0,247.0,277.0,396.0,4,455.0
3.0,7.0,247.0,277.0,308.0,396.0,4,455.0
3.0,7.0,247.0,277.0,308.0,396.0,4,455.0
3.0,7.0,112.0,247.0,308.0,396.0,4,455.0
3.0,30.0,68.0,345.0,657.0,829.0,4,953.0
3.0,30.0,240.0,689.0,829.0,847.0,4,963.0
3.0,30.0,240.0,561.0,689.0,847.0,4,963.0
3.0,30.0,345.0,386.0,561.0,657.0,4,829.0
3.0,30.0,345.0,657.0,689.0,829.0,4,953.0
3.0,30.0,657.0,689.0,829.0,953.0,4,963.0
3.0,30.0,345.0,657.0,689.0,829.0,4,953.0
3.0,15.0,229.0,714.0,860.0,872.0,4,1036.0
3.0,15.0,229.0,672.0,764.0,860.0,4,872.0
3.0,15.0,229.0,672.0,714.0,860.0,4,872.0
3.0,15.0,672.0,714.0,860.0,872.0,4,1036.0
3.0,15.0,244.0,714.0,860.0,872.0,4,1036.0
3.0,24.0,463.0,576.0,750.0,863.0,4,947.0
3.0,24.0,321.0,330.0,425.0,576.0,4,888.0
3.0,24.0,321.0,330.0,425.0,888.0,4,947.0
3.0,24.0,321.0,330.0,425.0,888.0,4,947.0
3.0,24.0,321.0,330.0,425.0,888.0,4,947.0
3.0,24.0,321.0,463.0,576.0,863.0,4,888.0
3.0,24.0,463.0,576.0,750.0,863.0,4,947.0
3.0,24.0,321.0,425.0,463.0,576.0,4,888.0
3.0,28.0,110.0,367.0,608.0,685.0,4,922.0
3.0,28.0,110.0,367.0,685.0,922.0,4,971.0
3.0,28.0,41.0,110.0,367.0,685.0,4,971.0
3.0,28.0,41.0,110.0,497.0,859.0,4,971.0
3.0,28.0,41.0,497.0,685.0,859.0,4,971.0
3.0,28.0,41.0,497.0,608.0,685.0,4,859.0
3.0,28.0,41.0,367.0,608.0,685.0,4,859.0
3.0,28.0,110.0,367.0,859.0,922.0,4,971.0
3.0,28.0,110.0,367.0,608.0,685.0,4,922.0
3.0,28.0,110.0,497.0,685.0,922.0,4,971.0
3.0,28.0,41.0,110.0,497.0,859.0,4,971.0
3.0,28.0,41.0,110.0,497.0,608.0,4,859.0
3.0,11.0,1.0,173.0,638.0,895.0,4,974.0
3.0,11.0,1.0,132.0,173.0,602.0,4,974.0
3.0,11.0,1.0,132.0,173.0,602.0,4,974.0
3.0,11.0,1.0,173.0,638.0,895.0,4,974.0
3.0,11.0,1.0,132.0,173.0,895.0,4,974.0
3.0,11.0,1.0,132.0,232.0,602.0,4,974.0
3.0,11.0,1.0,132.0,232.0,602.0,4,974.0
3.0,11.0,1.0,173.0,602.0,895.0,4,974.0
3.0,11.0,1.0,132.0,602.0,895.0,4,974.0
3.0,11.0,1.0,173.0,638.0,895.0,4,974.0
3.0,11.0,132.0,232.0,602.0,895.0,4,974.0
3.0,11.0,132.0,232.0,602.0,895.0,4,974.0
3.0,11.0,132.0,173.0,602.0,895.0,4,974.0
3.0,11.0,1.0,132.0,638.0,895.0,4,974.0
3.0,11.0,1.0,132.0,638.0,895.0,4,974.0
3.0,11.0,132.0,173.0,602.0,895.0,4,974.0
3.0,11.0,1.0,132.0,602.0,638.0,4,974.0
3.0,11.0,1.0,132.0,173.0,602.0,4,895.0
3.0,11.0,1.0,173.0,638.0,895.0,4,974.0
3.0,11.0,1.0,173.0,638.0,895.0,4,974.0
3.0,11.0,132.0,150.0,602.0,638.0,4,974.0
3.0,11.0,132.0,150.0,232.0,602.0,4,895.0
3.0,11.0,1.0,132.0,150.0,638.0,4,974.0
3.0,11.0,1.0,173.0,638.0,895.0,4,974.0
3.0,11.0,1.0,173.0,638.0,895.0,4,974.0
3.0,11.0,1.0,132.0,173.0,602.0,4,974.0
3.0,11.0,1.0,132.0,173.0,895.0,4,974.0
3.0,7.0,277.0,325.0,451.0,530.0,4,902.0
3.0,7.0,277.0,325.0,451.0,530.0,4,902.0
3.0,7.0,277.0,325.0,451.0,530.0,4,902.0
3.0,7.0,277.0,325.0,396.0,455.0,4,902.0
3.0,7.0,277.0,290.0,396.0,455.0,4,803.0
3.0,7.0,277.0,290.0,396.0,455.0,4,803.0
3.0,7.0,290.0,396.0,455.0,803.0,4,902.0
3.0,7.0,325.0,396.0,451.0,455.0,4,902.0
3.0,7.0,277.0,325.0,396.0,451.0,4,455.0
3.0,7.0,396.0,432.0,595.0,803.0,4,846.0
3.0,29.0,46.0,86.0,508.0,914.0,4,990.0
3.0,29.0,86.0,508.0,572.0,769.0,4,990.0
3.0,29.0,389.0,456.0,572.0,769.0,4,990.0
3.0,29.0,46.0,86.0,456.0,914.0,4,990.0
3.0,29.0,46.0,86.0,456.0,508.0,4,990.0
3.0,29.0,46.0,86.0,456.0,508.0,4,990.0
3.0,29.0,46.0,86.0,456.0,914.0,4,990.0
3.0,14.0,48.0,518.0,592.0,609.0,4,897.0
3.0,14.0,48.0,254.0,609.0,700.0,4,897.0
3.0,18.0,181.0,742.0,766.0,809.0,4,876.0
3.0,18.0,204.0,742.0,766.0,809.0,4,876.0
3.0,18.0,14.0,204.0,809.0,867.0,4,876.0
3.0,18.0,204.0,742.0,766.0,809.0,4,876.0
3.0,0.0,13.0,493.0,535.0,686.0,4,713.0
3.0,0.0,418.0,465.0,493.0,494.0,4,1037.0
3.0,0.0,493.0,535.0,686.0,713.0,4,1037.0
3.0,0.0,13.0,493.0,535.0,686.0,4,713.0
3.0,0.0,13.0,418.0,493.0,686.0,4,713.0
3.0,0.0,13.0,493.0,535.0,686.0,4,713.0
3.0,0.0,13.0,418.0,493.0,686.0,4,713.0
3.0,0.0,13.0,418.0,493.0,686.0,4,713.0
3.0,11.0,1.0,173.0,638.0,895.0,4,974.0
3.0,11.0,150.0,173.0,602.0,638.0,4,974.0
3.0,11.0,150.0,173.0,602.0,638.0,4,974.0
3.0,11.0,132.0,150.0,232.0,602.0,4,974.0
3.0,11.0,1.0,173.0,638.0,895.0,4,974.0
3.0,11.0,132.0,150.0,232.0,602.0,4,974.0
3.0,11.0,132.0,602.0,638.0,895.0,4,974.0
3.0,11.0,1.0,173.0,638.0,895.0,4,974.0
3.0,11.0,1.0,132.0,232.0,602.0,4,895.0
3.0,11.0,1.0,173.0,638.0,895.0,4,974.0
3.0,11.0,1.0,173.0,638.0,895.0,4,974.0
3.0,11.0,132.0,602.0,638.0,895.0,4,974.0
3.0,11.0,1.0,173.0,638.0,895.0,4,974.0
3.0,11.0,1.0,173.0,638.0,895.0,4,974.0
3.0,11.0,1.0,132.0,150.0,232.0,4,602.0
3.0,11.0,1.0,132.0,638.0,895.0,4,974.0
3.0,11.0,132.0,150.0,232.0,602.0,4,974.0
3.0,11.0,132.0,150.0,232.0,602.0,4,974.0
3.0,11.0,132.0,150.0,232.0,602.0,4,974.0
3.0,11.0,132.0,150.0,232.0,602.0,4,974.0
3.0,11.0,1.0,132.0,232.0,602.0,4,974.0
3.0,24.0,330.0,463.0,576.0,863.0,4,947.0
3.0,24.0,425.0,463.0,576.0,724.0,4,947.0
3.0,24.0,463.0,724.0,863.0,888.0,4,947.0
3.0,24.0,425.0,463.0,576.0,863.0,4,888.0
3.0,24.0,425.0,576.0,863.0,888.0,4,947.0
3.0,24.0,425.0,576.0,724.0,888.0,4,947.0
3.0,24.0,463.0,576.0,863.0,888.0,4,947.0
3.0,13.0,15.0,191.0,665.0,832.0,4,886.0
3.0,13.0,15.0,80.0,161.0,191.0,4,832.0
3.0,13.0,15.0,80.0,161.0,665.0,4,817.0
3.0,28.0,41.0,110.0,218.0,484.0,4,497.0
3.0,28.0,41.0,110.0,484.0,497.0,4,608.0
3.0,28.0,41.0,110.0,497.0,608.0,4,922.0
3.0,28.0,41.0,110.0,484.0,497.0,4,553.0
3.0,28.0,41.0,110.0,484.0,497.0,4,553.0
3.0,28.0,41.0,110.0,484.0,553.0,4,608.0
3.0,28.0,41.0,110.0,484.0,497.0,4,608.0
3.0,28.0,41.0,110.0,497.0,608.0,4,922.0
3.0,11.0,1.0,173.0,638.0,895.0,4,974.0
3.0,11.0,1.0,132.0,638.0,895.0,4,974.0
3.0,11.0,1.0,132.0,638.0,895.0,4,974.0
3.0,11.0,1.0,173.0,638.0,895.0,4,974.0
3.0,11.0,1.0,132.0,638.0,895.0,4,974.0
3.0,11.0,132.0,150.0,232.0,602.0,4,974.0
3.0,11.0,1.0,132.0,173.0,602.0,4,974.0
3.0,26.0,29.0,40.0,315.0,874.0,4,948.0
3.0,26.0,40.0,315.0,797.0,948.0,4,1024.0
3.0,26.0,29.0,40.0,315.0,450.0,4,874.0
3.0,26.0,40.0,450.0,874.0,948.0,4,1024.0
3.0,26.0,29.0,315.0,450.0,948.0,4,1024.0
3.0,26.0,29.0,315.0,450.0,948.0,4,1024.0
3.0,26.0,29.0,40.0,315.0,948.0,4,1024.0
3.0,26.0,29.0,40.0,315.0,874.0,4,1024.0
3.0,11.0,1.0,173.0,638.0,895.0,4,968.0
3.0,11.0,1.0,173.0,638.0,895.0,4,968.0
3.0,11.0,1.0,132.0,602.0,638.0,4,968.0
3.0,11.0,132.0,150.0,232.0,602.0,4,895.0
3.0,11.0,1.0,150.0,173.0,638.0,4,895.0
3.0,11.0,1.0,132.0,150.0,602.0,4,638.0
3.0,11.0,1.0,132.0,150.0,602.0,4,638.0
3.0,7.0,277.0,325.0,396.0,451.0,4,902.0
3.0,7.0,277.0,325.0,396.0,451.0,4,902.0
3.0,7.0,325.0,396.0,451.0,455.0,4,902.0
3.0,7.0,325.0,396.0,451.0,530.0,4,902.0
3.0,7.0,290.0,451.0,455.0,530.0,4,956.0
3.0,7.0,325.0,451.0,455.0,530.0,4,902.0
3.0,11.0,1.0,173.0,638.0,895.0,4,974.0
3.0,11.0,1.0,638.0,895.0,968.0,4,974.0
3.0,11.0,1.0,638.0,895.0,968.0,4,974.0
3.0,11.0,1.0,638.0,895.0,968.0,4,974.0
3.0,11.0,1.0,150.0,232.0,602.0,4,974.0
3.0,11.0,173.0,232.0,602.0,895.0,4,974.0
3.0,11.0,173.0,602.0,638.0,895.0,4,974.0
3.0,11.0,173.0,602.0,638.0,895.0,4,974.0
3.0,11.0,1.0,173.0,638.0,895.0,4,974.0
3.0,11.0,232.0,602.0,638.0,895.0,4,974.0
3.0,11.0,1.0,173.0,232.0,895.0,4,974.0
3.0,11.0,1.0,132.0,638.0,968.0,4,974.0
3.0,11.0,1.0,132.0,638.0,895.0,4,968.0
3.0,11.0,132.0,602.0,638.0,895.0,4,968.0
3.0,11.0,132.0,232.0,478.0,602.0,4,895.0
3.0,11.0,132.0,232.0,602.0,895.0,4,974.0
3.0,11.0,132.0,232.0,602.0,895.0,4,974.0
3.0,11.0,1.0,173.0,638.0,895.0,4,974.0
3.0,11.0,1.0,132.0,638.0,895.0,4,974.0
3.0,11.0,132.0,232.0,478.0,602.0,4,895.0
3.0,11.0,1.0,132.0,232.0,478.0,4,602.0
3.0,6.0,35.0,61.0,397.0,623.0,4,730.0
3.0,6.0,35.0,61.0,623.0,730.0,4,1039.0
3.0,6.0,35.0,61.0,250.0,623.0,4,1039.0
3.0,6.0,35.0,250.0,420.0,623.0,4,1039.0
3.0,6.0,35.0,250.0,420.0,730.0,4,1039.0
3.0,6.0,250.0,397.0,420.0,730.0,4,1039.0
3.0,6.0,250.0,397.0,420.0,623.0,4,898.0
3.0,6.0,61.0,250.0,623.0,730.0,4,898.0
3.0,6.0,61.0,250.0,623.0,730.0,4,1039.0
3.0,6.0,61.0,397.0,623.0,730.0,4,898.0
3.0,6.0,35.0,250.0,420.0,623.0,4,1039.0
3.0,6.0,35.0,250.0,397.0,420.0,4,730.0
3.0,6.0,213.0,227.0,397.0,420.0,4,459.0
3.0,6.0,35.0,213.0,227.0,420.0,4,459.0
3.0,11.0,1.0,173.0,638.0,895.0,4,974.0
3.0,11.0,1.0,132.0,602.0,638.0,4,974.0
3.0,11.0,1.0,132.0,602.0,638.0,4,974.0
3.0,11.0,1.0,132.0,232.0,602.0,4,974.0
3.0,11.0,1.0,132.0,602.0,638.0,4,895.0
3.0,11.0,132.0,602.0,638.0,895.0,4,974.0
3.0,11.0,1.0,132.0,232.0,602.0,4,895.0
3.0,11.0,1.0,132.0,232.0,602.0,4,895.0
3.0,11.0,1.0,173.0,638.0,895.0,4,974.0
3.0,11.0,1.0,173.0,638.0,895.0,4,974.0
3.0,11.0,1.0,132.0,232.0,602.0,4,895.0
3.0,11.0,1.0,132.0,638.0,895.0,4,974.0
3.0,11.0,1.0,173.0,638.0,895.0,4,974.0
3.0,11.0,1.0,132.0,638.0,895.0,4,974.0
3.0,11.0,1.0,132.0,602.0,638.0,4,974.0
3.0,11.0,1.0,132.0,602.0,895.0,4,974.0
3.0,14.0,48.0,254.0,592.0,609.0,4,700.0
3.0,14.0,518.0,532.0,609.0,700.0,4,897.0
3.0,14.0,272.0,518.0,532.0,700.0,4,897.0
3.0,14.0,48.0,518.0,592.0,609.0,4,700.0
3.0,14.0,518.0,532.0,592.0,609.0,4,700.0
3.0,14.0,48.0,518.0,532.0,592.0,4,877.0
3.0,14.0,48.0,518.0,532.0,592.0,4,897.0
3.0,14.0,48.0,254.0,592.0,609.0,4,897.0
3.0,11.0,132.0,150.0,602.0,638.0,4,974.0
3.0,11.0,132.0,150.0,232.0,602.0,4,895.0
3.0,11.0,1.0,132.0,638.0,895.0,4,974.0
3.0,11.0,1.0,173.0,638.0,895.0,4,974.0
3.0,11.0,1.0,173.0,602.0,638.0,4,895.0
3.0,11.0,1.0,150.0,173.0,602.0,4,638.0
3.0,11.0,132.0,150.0,232.0,602.0,4,895.0
3.0,11.0,1.0,132.0,232.0,602.0,4,895.0
3.0,11.0,1.0,173.0,638.0,895.0,4,974.0
3.0,11.0,1.0,173.0,638.0,895.0,4,974.0
3.0,11.0,1.0,173.0,638.0,895.0,4,974.0
3.0,11.0,1.0,173.0,638.0,895.0,4,974.0
3.0,11.0,1.0,132.0,173.0,602.0,4,974.0
3.0,11.0,1.0,132.0,173.0,602.0,4,895.0
3.0,11.0,1.0,173.0,638.0,895.0,4,974.0
3.0,11.0,1.0,173.0,638.0,895.0,4,974.0
3.0,11.0,132.0,150.0,602.0,638.0,4,974.0
3.0,11.0,132.0,150.0,232.0,602.0,4,974.0
3.0,11.0,1.0,173.0,638.0,895.0,4,974.0
3.0,11.0,1.0,132.0,150.0,638.0,4,974.0
3.0,11.0,132.0,150.0,602.0,638.0,4,974.0
3.0,11.0,1.0,132.0,150.0,232.0,4,602.0
3.0,11.0,1.0,232.0,638.0,895.0,4,974.0
3.0,11.0,1.0,232.0,638.0,895.0,4,974.0
3.0,11.0,1.0,132.0,173.0,602.0,4,974.0
3.0,11.0,1.0,132.0,232.0,602.0,4,974.0
3.0,11.0,1.0,132.0,150.0,232.0,4,602.0
3.0,11.0,1.0,132.0,150.0,232.0,4,602.0
3.0,11.0,1.0,150.0,173.0,602.0,4,638.0
3.0,11.0,1.0,173.0,638.0,895.0,4,974.0
3.0,11.0,1.0,132.0,602.0,895.0,4,974.0
3.0,30.0,240.0,350.0,829.0,953.0,4,963.0
3.0,30.0,68.0,350.0,561.0,657.0,4,689.0
3.0,30.0,350.0,657.0,829.0,953.0,4,963.0
3.0,30.0,68.0,561.0,657.0,953.0,4,963.0
3.0,30.0,240.0,350.0,657.0,847.0,4,953.0
3.0,30.0,350.0,689.0,847.0,953.0,4,963.0
3.0,30.0,350.0,657.0,829.0,953.0,4,963.0
3.0,11.0,1.0,132.0,638.0,895.0,4,974.0
3.0,11.0,132.0,150.0,602.0,638.0,4,974.0
3.0,11.0,132.0,150.0,602.0,638.0,4,974.0
3.0,11.0,132.0,150.0,232.0,602.0,4,895.0
3.0,11.0,1.0,173.0,638.0,895.0,4,974.0
3.0,11.0,1.0,132.0,602.0,638.0,4,974.0
3.0,11.0,132.0,150.0,602.0,638.0,4,974.0
3.0,11.0,1.0,132.0,150.0,638.0,4,974.0
3.0,11.0,1.0,173.0,638.0,895.0,4,974.0
3.0,11.0,1.0,173.0,638.0,895.0,4,974.0
3.0,11.0,1.0,132.0,150.0,232.0,4,602.0
3.0,11.0,1.0,173.0,638.0,895.0,4,974.0
3.0,11.0,1.0,173.0,638.0,895.0,4,974.0
3.0,11.0,1.0,132.0,150.0,232.0,4,602.0
3.0,11.0,132.0,150.0,232.0,602.0,4,895.0
3.0,11.0,1.0,132.0,638.0,895.0,4,974.0
3.0,11.0,1.0,132.0,638.0,895.0,4,974.0
3.0,11.0,1.0,173.0,638.0,895.0,4,974.0
3.0,11.0,1.0,173.0,638.0,895.0,4,974.0
3.0,11.0,1.0,173.0,638.0,895.0,4,974.0
3.0,11.0,1.0,173.0,638.0,895.0,4,974.0
3.0,11.0,1.0,132.0,638.0,895.0,4,974.0
3.0,11.0,132.0,150.0,602.0,638.0,4,974.0
3.0,11.0,132.0,150.0,498.0,602.0,4,974.0
3.0,11.0,1.0,132.0,150.0,498.0,4,602.0
3.0,11.0,1.0,132.0,150.0,498.0,4,602.0
3.0,11.0,1.0,132.0,150.0,498.0,4,602.0
3.0,11.0,1.0,132.0,638.0,895.0,4,974.0
3.0,11.0,1.0,132.0,498.0,895.0,4,974.0
3.0,11.0,1.0,132.0,173.0,895.0,4,974.0
3.0,16.0,285.0,296.0,477.0,702.0,4,806.0
3.0,16.0,285.0,296.0,495.0,806.0,4,996.0
3.0,16.0,285.0,296.0,495.0,806.0,4,996.0
3.0,16.0,133.0,200.0,285.0,477.0,4,996.0
3.0,16.0,133.0,200.0,285.0,477.0,4,996.0
3.0,16.0,133.0,200.0,285.0,477.0,4,996.0
3.0,16.0,133.0,200.0,296.0,477.0,4,996.0
3.0,16.0,296.0,477.0,798.0,806.0,4,996.0
3.0,16.0,296.0,495.0,798.0,806.0,4,996.0
3.0,16.0,296.0,495.0,798.0,806.0,4,996.0
3.0,16.0,133.0,285.0,296.0,495.0,4,996.0
3.0,16.0,133.0,200.0,285.0,477.0,4,996.0
3.0,16.0,133.0,200.0,285.0,495.0,4,996.0
3.0,17.0,47.0,108.0,135.0,148.0,4,635.0
3.0,17.0,47.0,328.0,483.0,488.0,4,642.0
3.0,17.0,47.0,108.0,148.0,328.0,4,635.0
3.0,17.0,47.0,135.0,148.0,328.0,4,642.0
3.0,17.0,47.0,135.0,148.0,488.0,4,642.0
3.0,17.0,483.0,488.0,598.0,635.0,4,642.0
3.0,17.0,148.0,488.0,598.0,635.0,4,642.0
3.0,11.0,1.0,173.0,638.0,895.0,4,974.0
3.0,11.0,1.0,173.0,580.0,638.0,4,974.0
3.0,11.0,1.0,232.0,580.0,638.0,4,974.0
3.0,11.0,1.0,150.0,232.0,580.0,4,638.0
3.0,11.0,1.0,150.0,232.0,580.0,4,638.0
3.0,11.0,1.0,150.0,232.0,580.0,4,895.0
3.0,11.0,150.0,345.0,638.0,895.0,4,974.0
3.0,11.0,345.0,580.0,638.0,895.0,4,974.0
3.0,11.0,1.0,580.0,638.0,895.0,4,974.0
3.0,11.0,150.0,232.0,345.0,580.0,4,895.0
3.0,11.0,1.0,150.0,638.0,895.0,4,974.0
3.0,11.0,1.0,173.0,580.0,638.0,4,895.0
3.0,11.0,1.0,173.0,580.0,638.0,4,895.0
3.0,11.0,1.0,173.0,580.0,638.0,4,895.0
3.0,11.0,1.0,440.0,580.0,638.0,4,895.0
3.0,11.0,1.0,150.0,440.0,580.0,4,638.0
3.0,11.0,1.0,150.0,440.0,580.0,4,638.0
3.0,11.0,1.0,150.0,173.0,580.0,4,895.0
3.0,11.0,1.0,150.0,173.0,580.0,4,895.0
3.0,11.0,1.0,173.0,580.0,638.0,4,895.0
3.0,11.0,1.0,232.0,580.0,638.0,4,895.0
3.0,11.0,1.0,232.0,580.0,638.0,4,895.0
3.0,11.0,150.0,345.0,580.0,638.0,4,895.0
3.0,11.0,1.0,232.0,580.0,638.0,4,895.0
3.0,11.0,150.0,232.0,440.0,580.0,4,1021.0
3.0,11.0,1.0,150.0,232.0,440.0,4,895.0
3.0,11.0,1.0,173.0,580.0,638.0,4,895.0
3.0,11.0,1.0,440.0,580.0,638.0,4,895.0
3.0,11.0,1.0,150.0,440.0,638.0,4,895.0
3.0,11.0,1.0,440.0,580.0,638.0,4,895.0
3.0,11.0,1.0,440.0,580.0,638.0,4,895.0
3.0,18.0,181.0,226.0,579.0,809.0,4,866.0
3.0,18.0,226.0,579.0,809.0,866.0,4,876.0
3.0,18.0,181.0,514.0,579.0,866.0,4,867.0
3.0,18.0,181.0,204.0,514.0,579.0,4,866.0
3.0,18.0,181.0,204.0,579.0,809.0,4,867.0
3.0,18.0,181.0,579.0,809.0,866.0,4,867.0
3.0,9.0,452.0,510.0,828.0,941.0,4,1019.0
3.0,9.0,452.0,510.0,828.0,941.0,4,1019.0
3.0,9.0,76.0,81.0,149.0,599.0,4,828.0
3.0,9.0,76.0,81.0,149.0,599.0,4,1019.0
3.0,9.0,452.0,510.0,828.0,941.0,4,1019.0
3.0,9.0,452.0,510.0,828.0,941.0,4,1019.0
3.0,9.0,81.0,452.0,510.0,941.0,4,1019.0
3.0,9.0,81.0,149.0,510.0,941.0,4,1019.0
3.0,9.0,76.0,81.0,149.0,599.0,4,1019.0
3.0,34.0,15.0,36.0,404.0,719.0,4,811.0
3.0,34.0,15.0,36.0,335.0,719.0,4,811.0
3.0,34.0,36.0,335.0,719.0,803.0,4,811.0
3.0,34.0,15.0,299.0,404.0,432.0,4,803.0
3.0,34.0,15.0,36.0,404.0,719.0,4,900.0
3.0,34.0,36.0,432.0,719.0,753.0,4,900.0
3.0,34.0,15.0,432.0,719.0,753.0,4,900.0
3.0,34.0,15.0,432.0,719.0,753.0,4,900.0
3.0,34.0,15.0,432.0,719.0,753.0,4,900.0
3.0,11.0,520.0,580.0,602.0,638.0,4,895.0
3.0,11.0,520.0,580.0,602.0,638.0,4,895.0
3.0,11.0,1.0,232.0,580.0,638.0,4,974.0
3.0,11.0,1.0,520.0,580.0,638.0,4,974.0
3.0,11.0,1.0,173.0,580.0,638.0,4,974.0
3.0,11.0,1.0,520.0,580.0,638.0,4,895.0
3.0,11.0,580.0,602.0,638.0,895.0,4,974.0
3.0,11.0,1.0,602.0,638.0,895.0,4,974.0
3.0,11.0,1.0,602.0,638.0,895.0,4,974.0
3.0,11.0,1.0,602.0,638.0,895.0,4,974.0
3.0,11.0,1.0,173.0,580.0,638.0,4,974.0
3.0,11.0,150.0,232.0,520.0,602.0,4,895.0
3.0,11.0,1.0,173.0,580.0,638.0,4,974.0
3.0,11.0,1.0,520.0,602.0,638.0,4,895.0
3.0,11.0,520.0,580.0,602.0,638.0,4,895.0
3.0,11.0,1.0,520.0,580.0,638.0,4,974.0
3.0,23.0,215.0,234.0,382.0,959.0,4,968.0
3.0,23.0,12.0,234.0,399.0,959.0,4,968.0
3.0,23.0,12.0,234.0,399.0,959.0,4,968.0
3.0,23.0,158.0,215.0,234.0,382.0,4,959.0
3.0,23.0,158.0,215.0,234.0,959.0,4,968.0
3.0,23.0,215.0,234.0,382.0,959.0,4,968.0
3.0,23.0,12.0,215.0,234.0,959.0,4,968.0
3.0,23.0,12.0,158.0,234.0,382.0,4,399.0
3.0,4.0,103.0,259.0,426.0,589.0,4,936.0
3.0,4.0,103.0,259.0,589.0,851.0,4,936.0
3.0,4.0,259.0,373.0,589.0,851.0,4,936.0
3.0,4.0,103.0,259.0,487.0,589.0,4,851.0
3.0,4.0,103.0,259.0,487.0,589.0,4,851.0
3.0,4.0,103.0,259.0,426.0,487.0,4,589.0
3.0,4.0,103.0,259.0,426.0,589.0,4,936.0
3.0,4.0,103.0,259.0,589.0,851.0,4,936.0
3.0,4.0,259.0,373.0,589.0,851.0,4,936.0
3.0,4.0,103.0,259.0,437.0,851.0,4,936.0
3.0,4.0,103.0,259.0,437.0,851.0,4,936.0
3.0,4.0,259.0,487.0,589.0,851.0,4,936.0
3.0,24.0,463.0,576.0,746.0,863.0,4,947.0
3.0,24.0,425.0,463.0,576.0,750.0,4,863.0
3.0,24.0,321.0,425.0,576.0,750.0,4,888.0
3.0,24.0,321.0,425.0,463.0,750.0,4,888.0
3.0,24.0,321.0,425.0,576.0,750.0,4,888.0
3.0,24.0,321.0,463.0,576.0,746.0,4,947.0
3.0,24.0,463.0,576.0,746.0,863.0,4,947.0
3.0,24.0,425.0,463.0,576.0,750.0,4,863.0
3.0,24.0,321.0,330.0,425.0,605.0,4,888.0
3.0,11.0,1.0,150.0,173.0,638.0,4,974.0
3.0,11.0,1.0,150.0,173.0,638.0,4,974.0
3.0,11.0,1.0,173.0,602.0,638.0,4,974.0
3.0,11.0,1.0,173.0,478.0,638.0,4,974.0
3.0,11.0,1.0,173.0,478.0,638.0,4,974.0
3.0,11.0,1.0,173.0,478.0,638.0,4,974.0
3.0,11.0,1.0,520.0,602.0,638.0,4,974.0
3.0,11.0,1.0,150.0,173.0,638.0,4,974.0
3.0,11.0,1.0,150.0,520.0,638.0,4,974.0
3.0,11.0,1.0,520.0,602.0,638.0,4,974.0
3.0,11.0,1.0,520.0,602.0,638.0,4,974.0
3.0,11.0,1.0,520.0,602.0,638.0,4,974.0
3.0,11.0,1.0,173.0,478.0,638.0,4,974.0
3.0,11.0,1.0,150.0,520.0,602.0,4,638.0
3.0,11.0,150.0,478.0,520.0,602.0,4,974.0
3.0,11.0,1.0,173.0,478.0,638.0,4,974.0
3.0,11.0,1.0,173.0,478.0,638.0,4,974.0
3.0,11.0,1.0,520.0,602.0,638.0,4,974.0
3.0,11.0,1.0,150.0,520.0,602.0,4,717.0
3.0,11.0,1.0,150.0,520.0,602.0,4,717.0
3.0,11.0,1.0,150.0,173.0,602.0,4,638.0
3.0,11.0,1.0,150.0,173.0,602.0,4,638.0
3.0,30.0,68.0,350.0,657.0,829.0,4,953.0
3.0,30.0,350.0,657.0,689.0,829.0,4,953.0
3.0,30.0,240.0,350.0,561.0,657.0,4,847.0
3.0,30.0,68.0,350.0,657.0,829.0,4,953.0
3.0,30.0,68.0,350.0,654.0,829.0,4,953.0
3.0,30.0,68.0,240.0,350.0,654.0,4,829.0
3.0,30.0,240.0,345.0,654.0,689.0,4,829.0
3.0,30.0,350.0,654.0,657.0,847.0,4,953.0
3.0,30.0,350.0,654.0,829.0,847.0,4,953.0
3.0,1.0,570.0,577.0,790.0,808.0,4,820.0
3.0,1.0,356.0,682.0,740.0,808.0,4,815.0
3.0,1.0,577.0,790.0,808.0,815.0,4,820.0
3.0,1.0,577.0,790.0,808.0,815.0,4,820.0
3.0,1.0,570.0,577.0,790.0,808.0,4,820.0
3.0,1.0,570.0,577.0,790.0,808.0,4,960.0
3.0,1.0,790.0,808.0,815.0,905.0,4,960.0
3.0,1.0,705.0,808.0,815.0,905.0,4,960.0
3.0,1.0,705.0,808.0,815.0,905.0,4,960.0
3.0,12.0,201.0,301.0,715.0,856.0,4,983.0
3.0,12.0,201.0,301.0,531.0,715.0,4,856.0
3.0,12.0,0.0,201.0,216.0,531.0,4,983.0
3.0,12.0,0.0,111.0,216.0,531.0,4,983.0
3.0,12.0,201.0,301.0,531.0,715.0,4,983.0
3.0,12.0,111.0,216.0,301.0,531.0,4,856.0
3.0,12.0,216.0,301.0,531.0,715.0,4,983.0
3.0,12.0,201.0,301.0,531.0,715.0,4,983.0
3.0,12.0,0.0,201.0,531.0,715.0,4,856.0
3.0,12.0,0.0,201.0,531.0,647.0,4,910.0
3.0,12.0,0.0,201.0,531.0,647.0,4,910.0
3.0,11.0,1.0,150.0,173.0,638.0,4,974.0
3.0,11.0,150.0,440.0,520.0,602.0,4,974.0
3.0,11.0,150.0,440.0,520.0,580.0,4,602.0
3.0,11.0,1.0,173.0,602.0,638.0,4,974.0
3.0,11.0,1.0,173.0,580.0,638.0,4,974.0
3.0,11.0,1.0,173.0,580.0,638.0,4,974.0
3.0,11.0,1.0,150.0,580.0,638.0,4,974.0
3.0,11.0,1.0,440.0,580.0,638.0,4,974.0
3.0,29.0,46.0,86.0,132.0,456.0,4,990.0
3.0,29.0,132.0,283.0,338.0,769.0,4,990.0
3.0,29.0,132.0,283.0,456.0,769.0,4,990.0
3.0,29.0,46.0,389.0,508.0,883.0,4,990.0
3.0,29.0,86.0,283.0,338.0,456.0,4,883.0
3.0,11.0,173.0,440.0,580.0,602.0,4,974.0
3.0,11.0,150.0,440.0,478.0,520.0,4,602.0
3.0,11.0,150.0,478.0,520.0,602.0,4,638.0
3.0,11.0,173.0,580.0,602.0,638.0,4,974.0
3.0,11.0,1.0,173.0,580.0,638.0,4,974.0
3.0,11.0,173.0,440.0,580.0,602.0,4,974.0
3.0,11.0,150.0,173.0,580.0,602.0,4,638.0
3.0,11.0,1.0,173.0,580.0,638.0,4,974.0
3.0,6.0,35.0,61.0,623.0,730.0,4,898.0
3.0,6.0,61.0,213.0,397.0,623.0,4,1039.0
3.0,6.0,35.0,61.0,623.0,730.0,4,1039.0
3.0,6.0,35.0,61.0,623.0,730.0,4,1039.0
3.0,6.0,397.0,420.0,623.0,730.0,4,1039.0
3.0,6.0,61.0,420.0,623.0,730.0,4,1039.0
3.0,6.0,35.0,61.0,623.0,730.0,4,898.0
3.0,18.0,181.0,809.0,866.0,867.0,4,876.0
3.0,18.0,115.0,809.0,867.0,876.0,4,1013.0
3.0,18.0,115.0,809.0,867.0,876.0,4,1013.0
3.0,18.0,14.0,766.0,809.0,876.0,4,1013.0
3.0,18.0,14.0,181.0,809.0,866.0,4,1013.0
3.0,18.0,115.0,204.0,514.0,867.0,4,876.0
3.0,18.0,742.0,809.0,867.0,876.0,4,1013.0
3.0,18.0,742.0,809.0,867.0,876.0,4,1013.0
3.0,18.0,181.0,204.0,514.0,766.0,4,867.0
3.0,6.0,35.0,250.0,623.0,730.0,4,1039.0
3.0,6.0,61.0,213.0,250.0,397.0,4,1039.0
3.0,6.0,61.0,213.0,250.0,397.0,4,1039.0
3.0,6.0,35.0,61.0,623.0,730.0,4,898.0
3.0,6.0,35.0,61.0,623.0,730.0,4,898.0
3.0,6.0,35.0,61.0,623.0,730.0,4,898.0
3.0,6.0,35.0,250.0,623.0,730.0,4,1039.0
3.0,6.0,213.0,250.0,397.0,623.0,4,1039.0
3.0,6.0,61.0,213.0,250.0,397.0,4,1039.0
3.0,6.0,61.0,250.0,397.0,730.0,4,1039.0
3.0,6.0,213.0,250.0,623.0,730.0,4,898.0
3.0,6.0,35.0,61.0,250.0,623.0,4,730.0
3.0,6.0,35.0,61.0,623.0,730.0,4,898.0
3.0,6.0,35.0,61.0,623.0,730.0,4,898.0
3.0,6.0,35.0,61.0,250.0,623.0,4,898.0
3.0,6.0,35.0,61.0,250.0,623.0,4,1039.0
3.0,6.0,213.0,420.0,730.0,898.0,4,1039.0
3.0,6.0,213.0,420.0,730.0,898.0,4,1039.0
3.0,6.0,35.0,213.0,420.0,730.0,4,1039.0
3.0,6.0,35.0,213.0,420.0,730.0,4,1039.0
3.0,6.0,35.0,213.0,623.0,730.0,4,898.0
3.0,6.0,35.0,250.0,623.0,730.0,4,1039.0
3.0,6.0,35.0,250.0,623.0,730.0,4,1039.0
3.0,6.0,61.0,213.0,250.0,397.0,4,1039.0
3.0,6.0,35.0,250.0,623.0,730.0,4,1039.0
3.0,6.0,35.0,61.0,623.0,730.0,4,898.0
3.0,6.0,35.0,213.0,250.0,730.0,4,898.0
3.0,6.0,35.0,61.0,250.0,623.0,4,730.0
3.0,23.0,158.0,215.0,234.0,616.0,4,1027.0
3.0,23.0,158.0,215.0,234.0,520.0,4,616.0
3.0,23.0,12.0,158.0,215.0,234.0,4,616.0
3.0,23.0,158.0,215.0,234.0,616.0,4,1027.0
3.0,23.0,12.0,158.0,440.0,616.0,4,1027.0
3.0,23.0,12.0,440.0,616.0,959.0,4,1027.0
3.0,23.0,12.0,158.0,215.0,234.0,4,959.0
3.0,23.0,12.0,158.0,215.0,234.0,4,616.0
3.0,23.0,12.0,158.0,215.0,616.0,4,1027.0
3.0,16.0,296.0,477.0,674.0,702.0,4,798.0
3.0,16.0,296.0,477.0,674.0,702.0,4,996.0
3.0,16.0,133.0,285.0,296.0,495.0,4,702.0
3.0,16.0,133.0,285.0,296.0,495.0,4,702.0
3.0,16.0,296.0,477.0,674.0,702.0,4,798.0
3.0,16.0,296.0,477.0,674.0,702.0,4,996.0
3.0,16.0,296.0,477.0,674.0,702.0,4,798.0
3.0,16.0,296.0,477.0,674.0,702.0,4,798.0
3.0,16.0,133.0,285.0,495.0,702.0,4,996.0
3.0,16.0,296.0,477.0,674.0,702.0,4,996.0
3.0,16.0,296.0,477.0,674.0,702.0,4,798.0
3.0,16.0,296.0,477.0,674.0,702.0,4,798.0
3.0,16.0,296.0,477.0,674.0,702.0,4,798.0
3.0,16.0,296.0,674.0,702.0,798.0,4,996.0
3.0,34.0,55.0,112.0,299.0,719.0,4,811.0
3.0,34.0,55.0,112.0,137.0,355.0,4,719.0
3.0,34.0,55.0,112.0,137.0,355.0,4,719.0
3.0,34.0,55.0,112.0,137.0,247.0,4,355.0
3.0,34.0,36.0,55.0,247.0,355.0,4,719.0
3.0,34.0,36.0,137.0,247.0,299.0,4,719.0
3.0,34.0,36.0,137.0,247.0,299.0,4,719.0
3.0,34.0,55.0,112.0,137.0,299.0,4,719.0
3.0,12.0,111.0,201.0,216.0,910.0,4,933.0
3.0,12.0,111.0,301.0,647.0,910.0,4,983.0
3.0,12.0,111.0,301.0,647.0,910.0,4,983.0
3.0,12.0,111.0,201.0,216.0,910.0,4,933.0
3.0,12.0,111.0,201.0,216.0,856.0,4,933.0
3.0,12.0,111.0,216.0,301.0,983.0,4,986.0
3.0,6.0,61.0,397.0,623.0,730.0,4,1039.0
3.0,6.0,35.0,213.0,397.0,623.0,4,730.0
3.0,6.0,61.0,397.0,623.0,730.0,4,1039.0
3.0,6.0,35.0,61.0,397.0,623.0,4,730.0
3.0,6.0,35.0,213.0,420.0,730.0,4,1039.0
3.0,6.0,35.0,213.0,420.0,730.0,4,1039.0
3.0,6.0,35.0,420.0,623.0,730.0,4,1039.0
3.0,9.0,76.0,81.0,452.0,599.0,4,1019.0
3.0,9.0,76.0,85.0,149.0,510.0,4,845.0
3.0,9.0,85.0,149.0,510.0,845.0,4,1019.0
3.0,9.0,85.0,149.0,510.0,845.0,4,1019.0
3.0,6.0,35.0,61.0,213.0,420.0,4,623.0
3.0,6.0,35.0,213.0,250.0,420.0,4,898.0
3.0,6.0,35.0,250.0,420.0,730.0,4,898.0
3.0,6.0,250.0,397.0,420.0,623.0,4,730.0
3.0,6.0,250.0,420.0,623.0,730.0,4,898.0
3.0,6.0,61.0,397.0,623.0,730.0,4,898.0
3.0,6.0,35.0,61.0,623.0,730.0,4,898.0
3.0,6.0,35.0,250.0,420.0,730.0,4,898.0
3.0,6.0,35.0,250.0,420.0,623.0,4,730.0
3.0,6.0,213.0,227.0,250.0,420.0,4,459.0
3.0,6.0,61.0,397.0,623.0,730.0,4,898.0
3.0,6.0,35.0,397.0,420.0,623.0,4,730.0
3.0,6.0,35.0,250.0,420.0,623.0,4,1039.0
3.0,6.0,35.0,213.0,623.0,730.0,4,1039.0
3.0,6.0,61.0,397.0,623.0,730.0,4,898.0
3.0,6.0,35.0,61.0,397.0,623.0,4,730.0
3.0,6.0,35.0,61.0,213.0,397.0,4,623.0
3.0,6.0,35.0,213.0,420.0,730.0,4,1039.0
3.0,17.0,47.0,108.0,135.0,328.0,4,635.0
3.0,17.0,108.0,135.0,148.0,328.0,4,373.0
3.0,17.0,108.0,135.0,328.0,373.0,4,488.0
3.0,17.0,108.0,135.0,211.0,328.0,4,488.0
3.0,17.0,47.0,108.0,373.0,642.0,4,849.0
3.0,17.0,47.0,108.0,373.0,642.0,4,849.0
3.0,17.0,328.0,373.0,488.0,642.0,4,849.0
3.0,17.0,211.0,328.0,488.0,642.0,4,849.0
3.0,17.0,211.0,488.0,635.0,642.0,4,849.0
3.0,6.0,35.0,61.0,623.0,730.0,4,898.0
3.0,6.0,61.0,397.0,623.0,730.0,4,898.0
3.0,6.0,61.0,397.0,623.0,730.0,4,898.0
3.0,6.0,35.0,61.0,623.0,730.0,4,898.0
3.0,6.0,35.0,61.0,623.0,730.0,4,898.0
3.0,6.0,35.0,61.0,623.0,730.0,4,898.0
3.0,6.0,35.0,61.0,250.0,623.0,4,1039.0
3.0,6.0,35.0,250.0,420.0,730.0,4,1039.0
3.0,6.0,35.0,61.0,250.0,420.0,4,623.0
3.0,24.0,425.0,463.0,750.0,888.0,4,900.0
3.0,24.0,463.0,576.0,746.0,900.0,4,947.0
3.0,24.0,463.0,576.0,746.0,863.0,4,947.0
3.0,24.0,425.0,576.0,750.0,888.0,4,900.0
3.0,6.0,61.0,397.0,623.0,730.0,4,898.0
3.0,6.0,35.0,61.0,623.0,730.0,4,898.0
3.0,6.0,35.0,213.0,420.0,623.0,4,1039.0
3.0,6.0,35.0,213.0,420.0,623.0,4,1039.0
3.0,6.0,213.0,227.0,420.0,730.0,4,1039.0
3.0,6.0,213.0,227.0,420.0,623.0,4,1039.0
3.0,6.0,35.0,61.0,623.0,730.0,4,898.0
3.0,6.0,35.0,213.0,420.0,730.0,4,1039.0
3.0,26.0,29.0,40.0,315.0,536.0,4,684.0
3.0,26.0,29.0,315.0,684.0,948.0,4,1024.0
3.0,26.0,40.0,536.0,874.0,948.0,4,1024.0
3.0,26.0,29.0,40.0,536.0,874.0,4,948.0
3.0,26.0,29.0,40.0,315.0,536.0,4,948.0
3.0,26.0,29.0,40.0,315.0,536.0,4,684.0
3.0,26.0,315.0,536.0,684.0,843.0,4,1024.0
3.0,26.0,29.0,40.0,315.0,948.0,4,1024.0
3.0,6.0,35.0,61.0,623.0,730.0,4,1039.0
3.0,6.0,35.0,213.0,250.0,420.0,4,1039.0
3.0,6.0,61.0,397.0,623.0,730.0,4,898.0
3.0,6.0,35.0,61.0,397.0,623.0,4,730.0
3.0,6.0,35.0,61.0,397.0,623.0,4,730.0
3.0,6.0,35.0,213.0,250.0,420.0,4,1039.0
3.0,7.0,325.0,396.0,451.0,902.0,4,956.0
3.0,7.0,290.0,451.0,455.0,530.0,4,902.0
3.0,7.0,325.0,451.0,455.0,902.0,4,956.0
3.0,7.0,325.0,396.0,451.0,902.0,4,956.0
3.0,7.0,290.0,451.0,455.0,530.0,4,902.0
3.0,7.0,290.0,451.0,455.0,530.0,4,902.0
3.0,7.0,290.0,451.0,455.0,530.0,4,902.0
3.0,7.0,325.0,451.0,455.0,902.0,4,956.0
3.0,7.0,325.0,451.0,455.0,902.0,4,956.0
3.0,7.0,325.0,451.0,455.0,902.0,4,956.0
3.0,29.0,283.0,456.0,769.0,914.0,4,990.0
3.0,29.0,46.0,86.0,456.0,769.0,4,890.0
3.0,29.0,389.0,456.0,769.0,914.0,4,990.0
3.0,29.0,86.0,456.0,769.0,914.0,4,990.0
3.0,29.0,86.0,283.0,456.0,914.0,4,990.0
3.0,29.0,86.0,389.0,456.0,508.0,4,769.0
3.0,14.0,48.0,254.0,592.0,700.0,4,786.0
3.0,14.0,48.0,254.0,592.0,700.0,4,786.0
3.0,14.0,254.0,592.0,609.0,700.0,4,786.0
3.0,14.0,48.0,254.0,592.0,700.0,4,786.0
3.0,14.0,518.0,592.0,609.0,786.0,4,877.0
3.0,14.0,48.0,518.0,592.0,609.0,4,877.0
3.0,14.0,254.0,532.0,592.0,786.0,4,897.0
3.0,0.0,13.0,493.0,535.0,686.0,4,713.0
3.0,0.0,418.0,494.0,695.0,713.0,4,1037.0
3.0,0.0,13.0,418.0,493.0,535.0,4,713.0
3.0,0.0,13.0,418.0,493.0,686.0,4,695.0
3.0,0.0,13.0,418.0,493.0,535.0,4,686.0
3.0,0.0,13.0,418.0,493.0,686.0,4,1037.0
3.0,6.0,61.0,397.0,623.0,730.0,4,898.0
3.0,6.0,35.0,250.0,420.0,730.0,4,898.0
3.0,6.0,35.0,420.0,623.0,730.0,4,1039.0
3.0,6.0,35.0,61.0,623.0,730.0,4,1039.0
3.0,6.0,61.0,397.0,623.0,730.0,4,898.0
3.0,6.0,35.0,213.0,250.0,623.0,4,1039.0
3.0,6.0,35.0,213.0,250.0,420.0,4,623.0
3.0,6.0,35.0,61.0,213.0,623.0,4,730.0
3.0,6.0,61.0,397.0,623.0,730.0,4,898.0
3.0,6.0,35.0,61.0,250.0,623.0,4,1039.0
3.0,6.0,35.0,250.0,420.0,730.0,4,898.0
3.0,6.0,35.0,250.0,420.0,623.0,4,898.0
3.0,6.0,61.0,397.0,623.0,730.0,4,898.0
3.0,6.0,61.0,397.0,623.0,730.0,4,1039.0
3.0,6.0,61.0,250.0,623.0,730.0,4,898.0
3.0,6.0,61.0,397.0,623.0,730.0,4,898.0
3.0,6.0,35.0,61.0,397.0,623.0,4,730.0
3.0,6.0,35.0,61.0,397.0,623.0,4,730.0
3.0,6.0,35.0,250.0,459.0,730.0,4,1039.0
3.0,6.0,35.0,250.0,459.0,623.0,4,1039.0
3.0,6.0,35.0,250.0,459.0,623.0,4,898.0
3.0,6.0,35.0,61.0,623.0,730.0,4,898.0
3.0,6.0,35.0,61.0,623.0,730.0,4,1039.0
3.0,6.0,35.0,61.0,250.0,623.0,4,1039.0
3.0,6.0,35.0,250.0,459.0,730.0,4,1039.0
3.0,6.0,213.0,250.0,397.0,459.0,4,1039.0
3.0,28.0,41.0,110.0,461.0,608.0,4,685.0
3.0,28.0,41.0,110.0,461.0,484.0,4,608.0
3.0,28.0,41.0,110.0,553.0,608.0,4,922.0
3.0,28.0,41.0,110.0,553.0,608.0,4,685.0
3.0,28.0,41.0,110.0,553.0,608.0,4,685.0
3.0,28.0,41.0,110.0,553.0,608.0,4,685.0
3.0,28.0,110.0,484.0,553.0,608.0,4,685.0
3.0,28.0,110.0,484.0,553.0,608.0,4,685.0
3.0,13.0,80.0,238.0,320.0,665.0,4,817.0
3.0,13.0,119.0,191.0,817.0,832.0,4,886.0
3.0,13.0,191.0,665.0,817.0,832.0,4,886.0
3.0,13.0,80.0,238.0,320.0,665.0,4,817.0
3.0,13.0,80.0,238.0,320.0,665.0,4,817.0
3.0,13.0,119.0,191.0,817.0,832.0,4,886.0
3.0,13.0,191.0,320.0,817.0,832.0,4,886.0
3.0,6.0,213.0,250.0,397.0,459.0,4,898.0
3.0,6.0,61.0,250.0,397.0,623.0,4,898.0
3.0,6.0,61.0,250.0,397.0,623.0,4,898.0
3.0,6.0,61.0,250.0,397.0,623.0,4,1039.0
3.0,6.0,35.0,213.0,250.0,459.0,4,898.0
3.0,6.0,35.0,213.0,250.0,623.0,4,898.0
3.0,6.0,35.0,213.0,250.0,623.0,4,898.0
3.0,6.0,61.0,213.0,397.0,623.0,4,898.0
3.0,6.0,35.0,213.0,397.0,459.0,4,623.0
3.0,6.0,217.0,397.0,459.0,623.0,4,1039.0
3.0,6.0,61.0,217.0,397.0,623.0,4,1039.0
3.0,6.0,61.0,397.0,459.0,623.0,4,898.0
3.0,6.0,35.0,61.0,459.0,623.0,4,1039.0
3.0,6.0,213.0,397.0,459.0,623.0,4,898.0
3.0,6.0,61.0,213.0,397.0,623.0,4,898.0
3.0,16.0,296.0,477.0,702.0,798.0,4,806.0
3.0,16.0,296.0,477.0,798.0,806.0,4,996.0
3.0,16.0,285.0,296.0,495.0,806.0,4,996.0
3.0,16.0,296.0,477.0,798.0,806.0,4,996.0
3.0,16.0,285.0,296.0,495.0,798.0,4,996.0
3.0,16.0,296.0,477.0,702.0,798.0,4,806.0
3.0,16.0,296.0,495.0,798.0,806.0,4,996.0
3.0,16.0,285.0,495.0,702.0,806.0,4,996.0
3.0,16.0,285.0,296.0,495.0,798.0,4,996.0
3.0,16.0,296.0,477.0,798.0,806.0,4,996.0
3.0,6.0,35.0,213.0,397.0,459.0,4,623.0
3.0,6.0,61.0,213.0,459.0,898.0,4,1039.0
3.0,6.0,35.0,217.0,397.0,420.0,4,623.0
3.0,6.0,35.0,213.0,397.0,420.0,4,623.0
3.0,6.0,35.0,213.0,459.0,623.0,4,1039.0
3.0,6.0,35.0,61.0,213.0,420.0,4,1039.0
3.0,12.0,111.0,201.0,216.0,301.0,4,856.0
3.0,12.0,0.0,111.0,201.0,715.0,4,983.0
3.0,12.0,0.0,216.0,715.0,856.0,4,983.0
3.0,12.0,111.0,201.0,216.0,301.0,4,531.0
3.0,12.0,111.0,201.0,216.0,301.0,4,531.0
3.0,12.0,111.0,201.0,216.0,301.0,4,531.0
3.0,12.0,0.0,111.0,216.0,715.0,4,983.0
3.0,12.0,0.0,111.0,531.0,715.0,4,983.0
3.0,12.0,0.0,111.0,715.0,856.0,4,983.0
3.0,12.0,111.0,201.0,301.0,531.0,4,983.0
3.0,6.0,61.0,213.0,397.0,623.0,4,898.0
3.0,6.0,213.0,397.0,420.0,623.0,4,1039.0
3.0,6.0,35.0,420.0,459.0,623.0,4,1039.0
3.0,6.0,35.0,420.0,459.0,623.0,4,1039.0
3.0,6.0,35.0,213.0,420.0,459.0,4,898.0
3.0,6.0,35.0,213.0,420.0,459.0,4,898.0
3.0,6.0,35.0,420.0,459.0,623.0,4,1039.0
3.0,6.0,35.0,61.0,213.0,623.0,4,898.0
3.0,6.0,35.0,61.0,397.0,459.0,4,623.0
3.0,6.0,35.0,61.0,459.0,623.0,4,1039.0
3.0,6.0,217.0,397.0,459.0,623.0,4,898.0
3.0,6.0,35.0,213.0,459.0,623.0,4,1039.0
3.0,6.0,35.0,420.0,459.0,623.0,4,1039.0
3.0,6.0,35.0,420.0,459.0,623.0,4,1039.0
3.0,6.0,35.0,213.0,420.0,623.0,4,1039.0
3.0,6.0,61.0,213.0,397.0,623.0,4,1039.0
3.0,6.0,35.0,213.0,420.0,623.0,4,1039.0
3.0,6.0,35.0,420.0,459.0,623.0,4,1039.0
3.0,6.0,35.0,61.0,213.0,623.0,4,898.0
3.0,6.0,35.0,61.0,213.0,397.0,4,623.0
3.0,6.0,35.0,61.0,213.0,420.0,4,623.0
3.0,6.0,35.0,420.0,459.0,623.0,4,1039.0
3.0,6.0,35.0,420.0,459.0,623.0,4,1039.0
3.0,6.0,35.0,213.0,420.0,459.0,4,898.0
3.0,6.0,35.0,213.0,420.0,459.0,4,898.0
3.0,6.0,35.0,61.0,459.0,623.0,4,1039.0
3.0,6.0,35.0,420.0,459.0,623.0,4,1039.0
3.0,6.0,35.0,420.0,459.0,623.0,4,1039.0
3.0,6.0,35.0,420.0,459.0,623.0,4,1039.0
3.0,6.0,55.0,61.0,623.0,730.0,4,898.0
3.0,6.0,35.0,55.0,61.0,250.0,4,623.0
3.0,6.0,35.0,55.0,61.0,623.0,4,730.0
3.0,6.0,35.0,55.0,61.0,250.0,4,623.0
3.0,6.0,35.0,55.0,250.0,420.0,4,623.0
3.0,6.0,35.0,250.0,623.0,730.0,4,898.0
3.0,6.0,55.0,250.0,623.0,730.0,4,898.0
3.0,6.0,35.0,55.0,250.0,623.0,4,730.0
3.0,1.0,570.0,577.0,682.0,808.0,4,820.0
3.0,1.0,577.0,682.0,808.0,815.0,4,820.0
3.0,1.0,356.0,682.0,808.0,815.0,4,820.0
3.0,1.0,356.0,740.0,808.0,815.0,4,960.0
3.0,1.0,570.0,577.0,682.0,808.0,4,820.0
3.0,1.0,570.0,577.0,682.0,808.0,4,820.0
3.0,6.0,55.0,61.0,397.0,623.0,4,730.0
3.0,6.0,55.0,61.0,397.0,623.0,4,730.0
3.0,6.0,55.0,61.0,250.0,397.0,4,623.0
3.0,6.0,35.0,250.0,420.0,625.0,4,730.0
3.0,6.0,35.0,55.0,250.0,420.0,4,623.0
3.0,6.0,35.0,55.0,250.0,420.0,4,623.0
3.0,6.0,35.0,55.0,61.0,250.0,4,623.0
3.0,6.0,35.0,55.0,61.0,420.0,4,623.0
3.0,6.0,55.0,61.0,397.0,623.0,4,730.0
3.0,6.0,55.0,61.0,397.0,623.0,4,730.0
3.0,6.0,35.0,55.0,61.0,623.0,4,730.0
3.0,6.0,250.0,397.0,420.0,459.0,4,625.0
3.0,6.0,35.0,55.0,250.0,623.0,4,730.0
3.0,6.0,35.0,55.0,250.0,623.0,4,730.0
3.0,6.0,35.0,55.0,61.0,623.0,4,730.0
3.0,6.0,35.0,55.0,61.0,623.0,4,730.0
3.0,6.0,35.0,55.0,61.0,250.0,4,459.0
3.0,6.0,35.0,250.0,397.0,459.0,4,623.0
3.0,17.0,47.0,108.0,135.0,505.0,4,635.0
3.0,17.0,47.0,108.0,483.0,505.0,4,635.0
3.0,17.0,47.0,108.0,328.0,483.0,4,505.0
3.0,17.0,47.0,108.0,135.0,505.0,4,635.0
3.0,17.0,108.0,135.0,328.0,505.0,4,635.0
3.0,17.0,47.0,108.0,135.0,505.0,4,635.0
3.0,17.0,135.0,328.0,483.0,635.0,4,642.0
3.0,17.0,135.0,328.0,483.0,635.0,4,642.0
3.0,6.0,55.0,61.0,397.0,459.0,4,730.0
3.0,6.0,55.0,61.0,397.0,459.0,4,730.0
3.0,6.0,35.0,55.0,250.0,459.0,4,730.0
3.0,6.0,35.0,213.0,250.0,397.0,4,420.0
3.0,6.0,35.0,61.0,397.0,459.0,4,730.0
3.0,6.0,35.0,250.0,397.0,459.0,4,730.0
3.0,6.0,35.0,213.0,250.0,420.0,4,459.0
3.0,6.0,35.0,250.0,397.0,459.0,4,730.0
3.0,6.0,35.0,250.0,397.0,459.0,4,730.0
3.0,26.0,40.0,536.0,874.0,948.0,4,1024.0
3.0,26.0,40.0,315.0,536.0,948.0,4,1024.0
3.0,26.0,40.0,315.0,634.0,948.0,4,1024.0
3.0,26.0,40.0,315.0,536.0,634.0,4,948.0
3.0,26.0,40.0,315.0,536.0,634.0,4,874.0
3.0,26.0,40.0,315.0,536.0,874.0,4,948.0
3.0,26.0,40.0,315.0,454.0,536.0,4,948.0
3.0,26.0,40.0,315.0,536.0,948.0,4,1024.0
3.0,6.0,35.0,55.0,61.0,250.0,4,623.0
3.0,6.0,35.0,55.0,250.0,420.0,4,623.0
3.0,6.0,35.0,55.0,61.0,623.0,4,730.0
3.0,6.0,55.0,61.0,397.0,623.0,4,730.0
3.0,6.0,35.0,61.0,397.0,623.0,4,730.0
3.0,6.0,55.0,250.0,420.0,625.0,4,730.0
3.0,9.0,452.0,510.0,828.0,941.0,4,1019.0
3.0,9.0,81.0,149.0,599.0,941.0,4,1019.0
3.0,9.0,452.0,510.0,828.0,941.0,4,1019.0
3.0,9.0,452.0,510.0,828.0,941.0,4,1019.0
3.0,9.0,81.0,452.0,510.0,828.0,4,941.0
3.0,9.0,76.0,81.0,149.0,452.0,4,941.0
3.0,9.0,76.0,81.0,149.0,599.0,4,941.0
3.0,6.0,35.0,55.0,61.0,623.0,4,730.0
3.0,6.0,35.0,250.0,459.0,623.0,4,625.0
3.0,6.0,35.0,55.0,61.0,250.0,4,623.0
3.0,6.0,55.0,61.0,397.0,623.0,4,730.0
3.0,6.0,55.0,61.0,397.0,623.0,4,730.0
3.0,6.0,35.0,55.0,61.0,250.0,4,623.0
3.0,6.0,35.0,61.0,459.0,623.0,4,730.0
3.0,4.0,103.0,426.0,437.0,589.0,4,936.0
3.0,4.0,103.0,426.0,589.0,851.0,4,936.0
3.0,4.0,103.0,437.0,589.0,851.0,4,936.0
3.0,4.0,103.0,426.0,437.0,589.0,4,936.0
3.0,4.0,103.0,426.0,437.0,589.0,4,936.0
3.0,4.0,166.0,426.0,589.0,851.0,4,936.0
3.0,4.0,6.0,166.0,373.0,426.0,4,851.0
3.0,4.0,6.0,166.0,373.0,589.0,4,851.0
3.0,4.0,103.0,426.0,589.0,851.0,4,936.0
3.0,6.0,55.0,61.0,397.0,623.0,4,730.0
3.0,6.0,35.0,250.0,459.0,623.0,4,625.0
3.0,6.0,35.0,250.0,459.0,625.0,4,730.0
3.0,6.0,55.0,61.0,397.0,623.0,4,730.0
3.0,6.0,55.0,61.0,397.0,623.0,4,730.0
3.0,6.0,35.0,250.0,397.0,623.0,4,730.0
3.0,30.0,68.0,350.0,657.0,829.0,4,953.0
3.0,30.0,350.0,561.0,689.0,829.0,4,953.0
3.0,30.0,68.0,240.0,350.0,654.0,4,657.0
3.0,30.0,68.0,240.0,350.0,654.0,4,657.0
3.0,30.0,350.0,657.0,829.0,847.0,4,953.0
3.0,30.0,68.0,350.0,657.0,829.0,4,953.0
3.0,30.0,240.0,350.0,561.0,829.0,4,847.0
3.0,30.0,240.0,350.0,561.0,657.0,4,689.0
3.0,30.0,240.0,350.0,561.0,657.0,4,689.0
3.0,30.0,240.0,350.0,561.0,657.0,4,689.0
3.0,6.0,55.0,61.0,397.0,623.0,4,730.0
3.0,6.0,55.0,61.0,397.0,623.0,4,730.0
3.0,6.0,61.0,397.0,623.0,730.0,4,1039.0
3.0,6.0,55.0,250.0,625.0,730.0,4,1039.0
3.0,6.0,55.0,61.0,397.0,623.0,4,730.0
3.0,6.0,55.0,61.0,397.0,623.0,4,730.0
3.0,6.0,55.0,250.0,625.0,730.0,4,1039.0
3.0,6.0,55.0,250.0,625.0,730.0,4,1039.0
3.0,6.0,55.0,250.0,623.0,625.0,4,1039.0
3.0,6.0,55.0,250.0,623.0,625.0,4,1039.0
3.0,6.0,55.0,61.0,250.0,623.0,4,625.0
3.0,6.0,55.0,250.0,459.0,730.0,4,1039.0
3.0,6.0,55.0,250.0,420.0,459.0,4,1039.0
3.0,6.0,55.0,61.0,397.0,623.0,4,730.0
3.0,6.0,55.0,61.0,397.0,623.0,4,730.0
3.0,6.0,55.0,250.0,420.0,623.0,4,1039.0
3.0,6.0,55.0,250.0,459.0,625.0,4,1039.0
3.0,6.0,55.0,250.0,625.0,730.0,4,1039.0
3.0,6.0,55.0,61.0,397.0,623.0,4,730.0
3.0,6.0,55.0,250.0,623.0,730.0,4,1039.0
3.0,1.0,570.0,577.0,790.0,808.0,4,820.0
3.0,1.0,356.0,790.0,815.0,820.0,4,960.0
3.0,1.0,356.0,705.0,808.0,815.0,4,960.0
3.0,1.0,356.0,705.0,808.0,815.0,4,820.0
3.0,1.0,570.0,577.0,790.0,808.0,4,820.0
3.0,1.0,570.0,577.0,808.0,820.0,4,960.0
3.0,1.0,356.0,577.0,808.0,820.0,4,960.0
3.0,4.0,103.0,259.0,373.0,646.0,4,851.0
3.0,4.0,103.0,373.0,589.0,646.0,4,851.0
3.0,4.0,103.0,426.0,487.0,589.0,4,851.0
3.0,4.0,103.0,259.0,487.0,589.0,4,646.0
3.0,4.0,103.0,259.0,437.0,487.0,4,646.0
3.0,4.0,259.0,373.0,437.0,487.0,4,646.0
3.0,4.0,259.0,487.0,589.0,646.0,4,936.0
3.0,4.0,259.0,487.0,589.0,646.0,4,936.0
3.0,4.0,103.0,373.0,437.0,589.0,4,646.0
3.0,4.0,103.0,259.0,487.0,646.0,4,851.0
3.0,4.0,259.0,487.0,589.0,646.0,4,936.0
3.0,4.0,259.0,487.0,589.0,646.0,4,936.0
3.0,6.0,61.0,250.0,397.0,420.0,4,625.0
3.0,6.0,35.0,217.0,459.0,886.0,4,1039.0
3.0,6.0,61.0,250.0,397.0,420.0,4,625.0
3.0,6.0,397.0,420.0,459.0,886.0,4,1039.0
3.0,6.0,35.0,420.0,459.0,886.0,4,1039.0
3.0,0.0,465.0,494.0,676.0,686.0,4,1037.0
3.0,0.0,448.0,465.0,686.0,695.0,4,810.0
3.0,0.0,448.0,465.0,676.0,695.0,4,810.0
3.0,0.0,448.0,465.0,686.0,695.0,4,810.0
3.0,0.0,465.0,494.0,686.0,695.0,4,1037.0
3.0,0.0,465.0,494.0,676.0,686.0,4,1037.0
3.0,0.0,465.0,494.0,686.0,695.0,4,1037.0
3.0,0.0,448.0,465.0,676.0,695.0,4,1037.0
3.0,0.0,448.0,465.0,676.0,695.0,4,810.0
3.0,16.0,200.0,296.0,477.0,674.0,4,996.0
3.0,16.0,296.0,477.0,674.0,702.0,4,996.0
3.0,16.0,296.0,477.0,674.0,702.0,4,798.0
3.0,16.0,296.0,477.0,674.0,702.0,4,798.0
3.0,16.0,296.0,477.0,674.0,798.0,4,996.0
3.0,16.0,296.0,477.0,674.0,702.0,4,996.0
3.0,23.0,12.0,226.0,616.0,740.0,4,1027.0
3.0,23.0,12.0,226.0,616.0,740.0,4,1027.0
3.0,23.0,158.0,215.0,234.0,440.0,4,1027.0
3.0,23.0,12.0,158.0,215.0,226.0,4,616.0
3.0,23.0,12.0,215.0,226.0,616.0,4,740.0
3.0,23.0,12.0,226.0,616.0,740.0,4,1027.0
3.0,23.0,12.0,215.0,616.0,740.0,4,1027.0
3.0,23.0,12.0,158.0,215.0,616.0,4,1027.0
3.0,23.0,12.0,158.0,215.0,616.0,4,1027.0
3.0,23.0,12.0,158.0,215.0,616.0,4,1027.0
3.0,23.0,158.0,215.0,234.0,616.0,4,1027.0
3.0,23.0,12.0,158.0,215.0,234.0,4,440.0
3.0,23.0,158.0,215.0,234.0,616.0,4,1027.0
3.0,23.0,12.0,158.0,215.0,226.0,4,440.0
3.0,23.0,12.0,158.0,226.0,616.0,4,1027.0
3.0,23.0,12.0,158.0,215.0,234.0,4,616.0
3.0,23.0,12.0,158.0,215.0,234.0,4,616.0
3.0,23.0,158.0,215.0,234.0,616.0,4,1027.0
3.0,23.0,12.0,226.0,440.0,616.0,4,959.0
3.0,23.0,12.0,158.0,234.0,440.0,4,616.0
3.0,23.0,158.0,215.0,234.0,616.0,4,1027.0
3.0,23.0,12.0,158.0,215.0,234.0,4,1027.0
3.0,23.0,158.0,215.0,234.0,616.0,4,1027.0
3.0,23.0,158.0,215.0,234.0,616.0,4,1027.0
3.0,23.0,12.0,158.0,215.0,234.0,4,1027.0
3.0,23.0,12.0,158.0,215.0,440.0,4,1027.0
3.0,17.0,47.0,108.0,135.0,148.0,4,328.0
3.0,17.0,47.0,108.0,135.0,148.0,4,328.0
3.0,17.0,47.0,108.0,135.0,328.0,4,488.0
3.0,17.0,135.0,328.0,488.0,635.0,4,642.0
3.0,17.0,211.0,328.0,488.0,635.0,4,642.0
3.0,17.0,211.0,328.0,488.0,635.0,4,642.0
3.0,17.0,47.0,108.0,135.0,148.0,4,373.0
3.0,17.0,47.0,108.0,135.0,148.0,4,373.0
3.0,17.0,47.0,135.0,373.0,488.0,4,642.0
3.0,23.0,158.0,215.0,234.0,959.0,4,1027.0
3.0,23.0,12.0,158.0,440.0,616.0,4,1027.0
3.0,23.0,12.0,215.0,440.0,616.0,4,959.0
3.0,23.0,12.0,215.0,440.0,616.0,4,959.0
3.0,23.0,12.0,158.0,234.0,616.0,4,1027.0
3.0,23.0,12.0,234.0,616.0,959.0,4,1027.0
3.0,23.0,12.0,215.0,616.0,959.0,4,1027.0
3.0,12.0,111.0,201.0,216.0,856.0,4,933.0
3.0,12.0,111.0,201.0,301.0,910.0,4,933.0
3.0,12.0,201.0,301.0,910.0,933.0,4,986.0
3.0,12.0,201.0,216.0,647.0,856.0,4,933.0
3.0,12.0,201.0,216.0,856.0,933.0,4,986.0
3.0,12.0,111.0,201.0,216.0,301.0,4,856.0
3.0,12.0,111.0,201.0,301.0,856.0,4,986.0
3.0,12.0,201.0,216.0,301.0,647.0,4,910.0
3.0,12.0,201.0,216.0,301.0,647.0,4,910.0
3.0,12.0,201.0,216.0,301.0,856.0,4,933.0
3.0,23.0,158.0,215.0,234.0,616.0,4,1027.0
3.0,23.0,12.0,307.0,616.0,740.0,4,959.0
3.0,23.0,12.0,158.0,307.0,740.0,4,959.0
3.0,23.0,12.0,158.0,234.0,740.0,4,1027.0
3.0,23.0,12.0,158.0,234.0,740.0,4,1027.0
3.0,23.0,12.0,158.0,234.0,740.0,4,1027.0
3.0,23.0,12.0,158.0,234.0,740.0,4,1027.0
3.0,23.0,12.0,158.0,215.0,234.0,4,1027.0
3.0,23.0,158.0,215.0,234.0,616.0,4,1027.0
3.0,23.0,12.0,158.0,215.0,234.0,4,616.0
3.0,23.0,12.0,158.0,307.0,616.0,4,740.0
3.0,14.0,254.0,592.0,609.0,700.0,4,786.0
3.0,14.0,254.0,592.0,609.0,700.0,4,786.0
3.0,14.0,48.0,254.0,592.0,700.0,4,786.0
3.0,14.0,254.0,592.0,609.0,700.0,4,786.0
3.0,14.0,254.0,592.0,609.0,700.0,4,786.0
3.0,14.0,254.0,592.0,609.0,700.0,4,786.0
3.0,14.0,48.0,592.0,609.0,877.0,4,897.0
3.0,29.0,46.0,283.0,456.0,914.0,4,990.0
3.0,29.0,46.0,283.0,389.0,890.0,4,914.0
3.0,29.0,283.0,508.0,769.0,890.0,4,990.0
3.0,29.0,283.0,508.0,769.0,890.0,4,990.0
3.0,29.0,46.0,283.0,456.0,914.0,4,990.0
3.0,29.0,46.0,283.0,456.0,914.0,4,990.0
3.0,29.0,283.0,456.0,508.0,890.0,4,990.0
3.0,29.0,283.0,456.0,508.0,890.0,4,990.0
3.0,29.0,389.0,456.0,508.0,890.0,4,990.0
3.0,29.0,389.0,456.0,508.0,890.0,4,990.0
3.0,0.0,13.0,418.0,493.0,535.0,4,695.0
3.0,0.0,13.0,418.0,493.0,686.0,4,713.0
3.0,0.0,13.0,493.0,686.0,713.0,4,1037.0
3.0,0.0,13.0,418.0,493.0,713.0,4,1037.0
3.0,0.0,13.0,418.0,493.0,686.0,4,713.0
3.0,0.0,13.0,418.0,493.0,686.0,4,713.0
3.0,23.0,12.0,158.0,234.0,440.0,4,1027.0
3.0,23.0,215.0,440.0,616.0,959.0,4,1027.0
3.0,23.0,12.0,158.0,234.0,440.0,4,616.0
3.0,23.0,12.0,158.0,234.0,440.0,4,616.0
3.0,23.0,12.0,158.0,234.0,440.0,4,616.0
3.0,23.0,12.0,158.0,234.0,440.0,4,616.0
3.0,23.0,12.0,158.0,215.0,234.0,4,616.0
3.0,23.0,12.0,215.0,440.0,616.0,4,1027.0
3.0,23.0,12.0,158.0,215.0,234.0,4,616.0
3.0,23.0,12.0,158.0,215.0,234.0,4,616.0
3.0,23.0,158.0,215.0,234.0,616.0,4,1027.0
3.0,23.0,12.0,215.0,616.0,959.0,4,1027.0
3.0,23.0,12.0,215.0,616.0,959.0,4,1027.0
3.0,23.0,12.0,215.0,616.0,959.0,4,1027.0
3.0,23.0,12.0,158.0,215.0,234.0,4,616.0
3.0,23.0,12.0,158.0,215.0,234.0,4,440.0
3.0,23.0,12.0,158.0,234.0,440.0,4,1027.0
3.0,23.0,12.0,158.0,215.0,234.0,4,616.0
3.0,23.0,158.0,215.0,234.0,440.0,4,616.0
3.0,23.0,158.0,215.0,234.0,440.0,4,616.0
3.0,4.0,259.0,487.0,589.0,646.0,4,936.0
3.0,4.0,103.0,505.0,589.0,646.0,4,936.0
3.0,4.0,103.0,505.0,589.0,646.0,4,936.0
3.0,4.0,259.0,487.0,589.0,646.0,4,936.0
3.0,4.0,103.0,259.0,487.0,505.0,4,646.0
3.0,4.0,487.0,505.0,589.0,646.0,4,936.0
3.0,4.0,487.0,505.0,589.0,646.0,4,936.0
3.0,4.0,259.0,487.0,505.0,589.0,4,936.0
3.0,23.0,12.0,158.0,215.0,234.0,4,440.0
3.0,23.0,12.0,158.0,234.0,512.0,4,1027.0
3.0,23.0,12.0,234.0,440.0,959.0,4,1027.0
3.0,23.0,158.0,215.0,234.0,440.0,4,1027.0
3.0,23.0,158.0,215.0,234.0,512.0,4,1027.0
3.0,23.0,158.0,215.0,234.0,440.0,4,1027.0
3.0,23.0,158.0,215.0,234.0,440.0,4,1027.0
3.0,23.0,12.0,158.0,215.0,234.0,4,1027.0
3.0,23.0,12.0,234.0,512.0,959.0,4,1027.0
3.0,23.0,12.0,215.0,234.0,959.0,4,1027.0
3.0,23.0,158.0,215.0,234.0,440.0,4,1027.0
3.0,23.0,12.0,158.0,234.0,440.0,4,512.0
3.0,23.0,12.0,234.0,512.0,959.0,4,1027.0
3.0,23.0,158.0,215.0,234.0,959.0,4,1027.0
3.0,23.0,12.0,158.0,215.0,234.0,4,1027.0
3.0,23.0,12.0,158.0,215.0,234.0,4,1027.0
3.0,23.0,158.0,215.0,234.0,440.0,4,1027.0
3.0,23.0,158.0,215.0,234.0,440.0,4,1027.0
3.0,23.0,12.0,158.0,215.0,440.0,4,1027.0
3.0,23.0,158.0,215.0,234.0,440.0,4,1027.0
3.0,23.0,12.0,158.0,234.0,512.0,4,616.0
3.0,23.0,12.0,440.0,512.0,616.0,4,1027.0
3.0,23.0,158.0,215.0,234.0,440.0,4,1027.0
3.0,23.0,12.0,158.0,215.0,234.0,4,1027.0
3.0,23.0,12.0,234.0,440.0,616.0,4,1027.0
3.0,23.0,12.0,215.0,234.0,440.0,4,616.0
3.0,23.0,158.0,215.0,234.0,440.0,4,1027.0
3.0,23.0,12.0,215.0,440.0,512.0,4,616.0
3.0,23.0,12.0,215.0,440.0,616.0,4,1027.0
3.0,23.0,12.0,215.0,440.0,616.0,4,1027.0
3.0,23.0,12.0,158.0,215.0,234.0,4,1027.0
3.0,23.0,158.0,215.0,234.0,440.0,4,1027.0
3.0,23.0,12.0,215.0,234.0,616.0,4,1027.0
3.0,23.0,12.0,234.0,512.0,616.0,4,1027.0
3.0,23.0,12.0,158.0,215.0,234.0,4,1027.0
3.0,23.0,12.0,158.0,215.0,234.0,4,1027.0
3.0,23.0,158.0,215.0,234.0,440.0,4,1027.0
3.0,23.0,12.0,440.0,512.0,616.0,4,1027.0
3.0,23.0,12.0,158.0,215.0,234.0,4,1027.0
3.0,23.0,158.0,215.0,234.0,440.0,4,1027.0
3.0,23.0,12.0,158.0,215.0,234.0,4,440.0
3.0,23.0,12.0,158.0,234.0,440.0,4,1027.0
3.0,9.0,81.0,169.0,174.0,510.0,4,845.0
3.0,9.0,81.0,85.0,510.0,845.0,4,941.0
3.0,9.0,85.0,510.0,828.0,845.0,4,941.0
3.0,9.0,76.0,81.0,169.0,174.0,4,510.0
3.0,9.0,81.0,149.0,452.0,828.0,4,845.0
3.0,9.0,76.0,81.0,174.0,452.0,4,510.0
3.0,0.0,13.0,493.0,535.0,686.0,4,713.0
3.0,0.0,13.0,493.0,535.0,686.0,4,713.0
3.0,0.0,13.0,418.0,493.0,535.0,4,695.0
3.0,0.0,418.0,465.0,535.0,695.0,4,1037.0
3.0,0.0,13.0,493.0,535.0,695.0,4,713.0
3.0,0.0,13.0,493.0,535.0,686.0,4,713.0
3.0,0.0,13.0,418.0,493.0,535.0,4,713.0
3.0,0.0,13.0,418.0,493.0,535.0,4,713.0
3.0,0.0,13.0,418.0,493.0,535.0,4,686.0
3.0,0.0,13.0,418.0,493.0,535.0,4,686.0
3.0,0.0,13.0,493.0,535.0,686.0,4,713.0
3.0,23.0,158.0,215.0,234.0,440.0,4,1027.0
3.0,23.0,158.0,215.0,234.0,440.0,4,1027.0
3.0,23.0,12.0,215.0,440.0,512.0,4,740.0
3.0,23.0,158.0,215.0,234.0,512.0,4,1027.0
3.0,23.0,158.0,215.0,234.0,440.0,4,1027.0
3.0,23.0,158.0,215.0,234.0,440.0,4,1027.0
3.0,23.0,12.0,158.0,215.0,234.0,4,1027.0
3.0,23.0,512.0,520.0,667.0,740.0,4,959.0
3.0,23.0,158.0,215.0,234.0,440.0,4,1027.0
3.0,23.0,234.0,512.0,667.0,740.0,4,1027.0
3.0,23.0,158.0,215.0,234.0,440.0,4,512.0
3.0,23.0,158.0,215.0,234.0,440.0,4,1027.0
3.0,23.0,234.0,440.0,512.0,740.0,4,1027.0
3.0,23.0,215.0,440.0,512.0,740.0,4,1027.0
3.0,24.0,463.0,576.0,746.0,863.0,4,947.0
3.0,24.0,425.0,463.0,576.0,750.0,4,863.0
3.0,24.0,321.0,425.0,576.0,750.0,4,888.0
3.0,24.0,321.0,425.0,463.0,750.0,4,888.0
3.0,24.0,425.0,463.0,576.0,750.0,4,863.0
3.0,24.0,463.0,576.0,746.0,863.0,4,947.0
3.0,24.0,463.0,576.0,746.0,863.0,4,947.0
3.0,24.0,425.0,463.0,576.0,750.0,4,863.0
3.0,24.0,321.0,425.0,576.0,750.0,4,888.0
3.0,24.0,321.0,425.0,750.0,888.0,4,947.0
3.0,26.0,29.0,40.0,634.0,874.0,4,948.0
3.0,26.0,40.0,315.0,536.0,948.0,4,1024.0
3.0,26.0,29.0,40.0,634.0,874.0,4,948.0
3.0,26.0,29.0,40.0,315.0,536.0,4,874.0
3.0,26.0,315.0,536.0,843.0,948.0,4,1024.0
3.0,26.0,29.0,315.0,634.0,684.0,4,843.0
3.0,26.0,29.0,40.0,684.0,843.0,4,874.0
3.0,9.0,149.0,169.0,510.0,828.0,4,845.0
3.0,9.0,76.0,149.0,174.0,452.0,4,845.0
3.0,9.0,76.0,149.0,174.0,452.0,4,845.0
3.0,9.0,149.0,174.0,452.0,828.0,4,845.0
3.0,9.0,85.0,149.0,174.0,828.0,4,845.0
3.0,9.0,85.0,169.0,510.0,828.0,4,845.0
3.0,9.0,85.0,149.0,510.0,828.0,4,845.0
3.0,23.0,158.0,215.0,234.0,440.0,4,1027.0
3.0,23.0,12.0,440.0,520.0,740.0,4,1027.0
3.0,23.0,12.0,234.0,520.0,740.0,4,1027.0
3.0,23.0,158.0,215.0,234.0,520.0,4,740.0
3.0,23.0,158.0,215.0,234.0,740.0,4,1027.0
3.0,23.0,158.0,215.0,234.0,740.0,4,1027.0
3.0,23.0,12.0,440.0,520.0,740.0,4,1027.0
3.0,23.0,12.0,215.0,234.0,440.0,4,740.0
3.0,23.0,12.0,215.0,234.0,440.0,4,740.0
3.0,23.0,12.0,215.0,234.0,440.0,4,740.0
3.0,23.0,158.0,215.0,234.0,440.0,4,1027.0
3.0,23.0,12.0,215.0,234.0,440.0,4,740.0
3.0,23.0,12.0,234.0,520.0,740.0,4,1027.0
3.0,23.0,158.0,215.0,234.0,440.0,4,1027.0
3.0,23.0,158.0,215.0,234.0,440.0,4,1027.0
3.0,23.0,12.0,158.0,234.0,440.0,4,1027.0
3.0,23.0,158.0,215.0,234.0,440.0,4,1027.0
3.0,23.0,158.0,215.0,234.0,440.0,4,1027.0
3.0,23.0,12.0,234.0,512.0,667.0,4,959.0
3.0,23.0,158.0,215.0,234.0,440.0,4,1027.0
3.0,23.0,158.0,215.0,234.0,440.0,4,1027.0
3.0,23.0,12.0,158.0,215.0,440.0,4,1027.0
3.0,23.0,12.0,158.0,440.0,740.0,4,1027.0
3.0,23.0,12.0,215.0,234.0,740.0,4,1027.0
3.0,23.0,12.0,158.0,215.0,234.0,4,740.0
3.0,23.0,158.0,215.0,234.0,440.0,4,740.0
3.0,23.0,12.0,158.0,234.0,440.0,4,740.0
3.0,23.0,12.0,158.0,234.0,440.0,4,740.0
3.0,23.0,12.0,158.0,234.0,440.0,4,740.0
3.0,23.0,12.0,234.0,512.0,740.0,4,959.0
3.0,23.0,12.0,234.0,440.0,512.0,4,959.0
3.0,23.0,12.0,440.0,512.0,667.0,4,959.0
3.0,34.0,55.0,112.0,137.0,719.0,4,811.0
3.0,34.0,55.0,112.0,137.0,719.0,4,811.0
3.0,34.0,36.0,55.0,137.0,719.0,4,811.0
3.0,34.0,36.0,112.0,719.0,753.0,4,811.0
3.0,34.0,55.0,112.0,137.0,719.0,4,811.0
3.0,34.0,36.0,55.0,299.0,719.0,4,753.0
3.0,18.0,14.0,181.0,514.0,579.0,4,866.0
3.0,18.0,204.0,514.0,579.0,866.0,4,867.0
3.0,18.0,204.0,514.0,579.0,866.0,4,867.0
3.0,18.0,204.0,579.0,809.0,867.0,4,1013.0
3.0,18.0,204.0,579.0,809.0,867.0,4,1013.0
3.0,18.0,14.0,204.0,809.0,867.0,4,1013.0
3.0,18.0,14.0,204.0,579.0,809.0,4,1013.0
3.0,18.0,14.0,204.0,579.0,809.0,4,1013.0
3.0,18.0,14.0,204.0,579.0,809.0,4,1013.0
3.0,18.0,14.0,204.0,809.0,867.0,4,1013.0
3.0,18.0,204.0,579.0,809.0,867.0,4,1013.0
3.0,18.0,204.0,579.0,809.0,867.0,4,1013.0
3.0,18.0,181.0,766.0,809.0,866.0,4,876.0
3.0,23.0,158.0,215.0,234.0,440.0,4,1027.0
3.0,23.0,12.0,158.0,234.0,440.0,4,1027.0
3.0,23.0,12.0,215.0,234.0,616.0,4,740.0
3.0,23.0,12.0,215.0,234.0,616.0,4,740.0
3.0,23.0,215.0,234.0,440.0,740.0,4,1027.0
3.0,23.0,215.0,234.0,440.0,740.0,4,1027.0
3.0,23.0,12.0,234.0,440.0,740.0,4,1027.0
3.0,23.0,12.0,234.0,616.0,740.0,4,1027.0
3.0,23.0,12.0,215.0,440.0,616.0,4,740.0
3.0,23.0,215.0,234.0,440.0,740.0,4,1027.0
3.0,23.0,215.0,234.0,440.0,740.0,4,1027.0
3.0,23.0,215.0,234.0,667.0,740.0,4,1027.0
3.0,23.0,215.0,234.0,440.0,740.0,4,1027.0
3.0,23.0,12.0,234.0,440.0,616.0,4,740.0
3.0,23.0,12.0,158.0,215.0,234.0,4,616.0
3.0,23.0,12.0,158.0,215.0,616.0,4,1027.0
3.0,23.0,12.0,158.0,234.0,616.0,4,1027.0
3.0,23.0,12.0,158.0,215.0,616.0,4,1027.0
3.0,23.0,12.0,215.0,234.0,740.0,4,1027.0
3.0,23.0,12.0,215.0,234.0,740.0,4,1027.0
3.0,23.0,12.0,215.0,234.0,740.0,4,1027.0
3.0,23.0,158.0,215.0,234.0,440.0,4,1027.0
3.0,23.0,12.0,158.0,215.0,234.0,4,1027.0
3.0,23.0,12.0,215.0,440.0,520.0,4,740.0
3.0,23.0,158.0,215.0,234.0,440.0,4,1027.0
3.0,23.0,158.0,215.0,234.0,440.0,4,1027.0
3.0,23.0,158.0,215.0,234.0,440.0,4,1027.0
3.0,23.0,12.0,158.0,215.0,234.0,4,1027.0
3.0,23.0,12.0,215.0,234.0,740.0,4,1027.0
3.0,23.0,12.0,158.0,440.0,740.0,4,1027.0
3.0,23.0,12.0,158.0,440.0,740.0,4,1027.0
3.0,4.0,103.0,259.0,589.0,646.0,4,936.0
3.0,4.0,103.0,259.0,505.0,646.0,4,936.0
3.0,4.0,437.0,505.0,589.0,936.0,4,992.0
3.0,4.0,103.0,437.0,505.0,589.0,4,992.0
3.0,4.0,103.0,259.0,589.0,646.0,4,936.0
3.0,4.0,103.0,259.0,589.0,646.0,4,936.0
3.0,4.0,103.0,259.0,589.0,936.0,4,992.0
3.0,4.0,103.0,259.0,589.0,646.0,4,936.0
3.0,4.0,259.0,589.0,646.0,936.0,4,992.0
3.0,4.0,259.0,505.0,646.0,936.0,4,992.0
3.0,4.0,437.0,505.0,589.0,936.0,4,992.0
3.0,4.0,166.0,437.0,505.0,589.0,4,992.0
3.0,4.0,166.0,426.0,437.0,505.0,4,992.0
3.0,4.0,166.0,265.0,426.0,437.0,4,992.0
3.0,23.0,12.0,158.0,215.0,234.0,4,1027.0
3.0,23.0,12.0,158.0,215.0,234.0,4,1027.0
3.0,23.0,12.0,158.0,234.0,512.0,4,1027.0
3.0,23.0,12.0,215.0,512.0,520.0,4,959.0
3.0,23.0,12.0,215.0,512.0,520.0,4,959.0
3.0,23.0,12.0,215.0,520.0,959.0,4,1027.0
3.0,23.0,12.0,158.0,215.0,234.0,4,1027.0
3.0,23.0,12.0,158.0,234.0,959.0,4,1027.0
3.0,23.0,12.0,158.0,215.0,234.0,4,1027.0
3.0,23.0,12.0,215.0,234.0,959.0,4,1027.0
3.0,23.0,158.0,215.0,234.0,968.0,4,1027.0
3.0,23.0,12.0,215.0,234.0,305.0,4,890.0
3.0,23.0,12.0,305.0,890.0,968.0,4,1027.0
3.0,23.0,12.0,305.0,890.0,968.0,4,1027.0
3.0,23.0,158.0,234.0,305.0,512.0,4,968.0
3.0,23.0,158.0,215.0,234.0,968.0,4,1027.0
3.0,23.0,12.0,215.0,305.0,890.0,4,968.0
3.0,23.0,12.0,215.0,234.0,305.0,4,890.0
3.0,23.0,12.0,234.0,305.0,512.0,4,890.0
3.0,23.0,215.0,234.0,305.0,890.0,4,1027.0
3.0,23.0,215.0,234.0,305.0,968.0,4,1027.0
3.0,23.0,215.0,234.0,305.0,968.0,4,1027.0
3.0,23.0,12.0,215.0,234.0,305.0,4,968.0
3.0,23.0,215.0,234.0,890.0,968.0,4,1027.0
3.0,23.0,12.0,215.0,890.0,968.0,4,1027.0
3.0,23.0,12.0,305.0,512.0,890.0,4,1027.0
3.0,23.0,12.0,305.0,512.0,890.0,4,1027.0
3.0,23.0,215.0,234.0,305.0,968.0,4,1027.0
3.0,1.0,570.0,577.0,682.0,808.0,4,820.0
3.0,1.0,570.0,577.0,682.0,808.0,4,820.0
3.0,1.0,118.0,356.0,740.0,815.0,4,960.0
3.0,1.0,118.0,356.0,740.0,815.0,4,960.0
3.0,1.0,356.0,808.0,815.0,820.0,4,960.0
3.0,1.0,570.0,577.0,682.0,808.0,4,820.0
3.0,1.0,356.0,740.0,815.0,820.0,4,960.0
3.0,1.0,570.0,577.0,682.0,808.0,4,820.0
3.0,34.0,15.0,36.0,432.0,719.0,4,811.0
3.0,34.0,15.0,36.0,432.0,719.0,4,811.0
3.0,34.0,15.0,36.0,299.0,404.0,4,719.0
3.0,34.0,15.0,36.0,299.0,404.0,4,753.0
3.0,34.0,36.0,299.0,404.0,753.0,4,803.0
3.0,34.0,15.0,36.0,719.0,803.0,4,811.0
3.0,34.0,36.0,335.0,719.0,803.0,4,811.0
3.0,34.0,15.0,36.0,404.0,719.0,4,811.0
3.0,34.0,15.0,36.0,404.0,719.0,4,811.0
3.0,23.0,12.0,215.0,234.0,890.0,4,968.0
3.0,23.0,12.0,215.0,234.0,890.0,4,968.0
3.0,23.0,215.0,234.0,305.0,890.0,4,968.0
3.0,23.0,12.0,215.0,234.0,305.0,4,968.0
3.0,23.0,12.0,215.0,234.0,305.0,4,968.0
3.0,23.0,215.0,234.0,305.0,382.0,4,890.0
3.0,23.0,12.0,234.0,305.0,382.0,4,968.0
3.0,23.0,12.0,234.0,305.0,382.0,4,968.0
3.0,23.0,215.0,234.0,382.0,890.0,4,959.0
3.0,23.0,12.0,215.0,234.0,968.0,4,1027.0
3.0,23.0,12.0,215.0,234.0,968.0,4,1027.0
3.0,23.0,215.0,234.0,382.0,890.0,4,1027.0
3.0,23.0,12.0,234.0,305.0,382.0,4,890.0
3.0,23.0,12.0,215.0,382.0,968.0,4,1027.0
3.0,23.0,12.0,305.0,382.0,968.0,4,1027.0
3.0,23.0,234.0,305.0,382.0,890.0,4,1027.0
3.0,23.0,215.0,234.0,382.0,890.0,4,1027.0
3.0,23.0,12.0,215.0,234.0,959.0,4,1027.0
3.0,23.0,12.0,215.0,234.0,305.0,4,959.0
3.0,23.0,12.0,305.0,382.0,890.0,4,1027.0
3.0,23.0,215.0,234.0,382.0,890.0,4,1027.0
3.0,23.0,215.0,234.0,382.0,890.0,4,1027.0
3.0,23.0,12.0,215.0,305.0,959.0,4,1027.0
3.0,23.0,12.0,215.0,305.0,959.0,4,1027.0
3.0,23.0,12.0,215.0,305.0,959.0,4,1027.0
3.0,23.0,12.0,215.0,234.0,959.0,4,1027.0
3.0,30.0,68.0,350.0,561.0,657.0,4,953.0
3.0,30.0,68.0,350.0,561.0,847.0,4,953.0
3.0,30.0,240.0,657.0,689.0,829.0,4,847.0
3.0,30.0,68.0,350.0,561.0,657.0,4,953.0
3.0,30.0,240.0,350.0,654.0,657.0,4,689.0
3.0,30.0,68.0,350.0,654.0,657.0,4,953.0
3.0,7.0,112.0,137.0,277.0,451.0,4,902.0
3.0,7.0,247.0,308.0,325.0,690.0,4,846.0
3.0,26.0,40.0,450.0,454.0,536.0,4,1024.0
3.0,26.0,450.0,454.0,536.0,948.0,4,1024.0
3.0,26.0,40.0,536.0,874.0,948.0,4,1024.0
3.0,26.0,40.0,315.0,536.0,874.0,4,948.0
3.0,26.0,40.0,315.0,450.0,874.0,4,1024.0
3.0,26.0,40.0,536.0,874.0,948.0,4,1024.0
3.0,26.0,40.0,315.0,536.0,948.0,4,1024.0
3.0,1.0,570.0,577.0,790.0,808.0,4,820.0
3.0,1.0,570.0,577.0,682.0,808.0,4,820.0
3.0,1.0,570.0,577.0,682.0,808.0,4,820.0
3.0,1.0,356.0,682.0,808.0,815.0,4,820.0
3.0,1.0,356.0,682.0,705.0,740.0,4,815.0
3.0,1.0,356.0,682.0,705.0,740.0,4,815.0
3.0,1.0,577.0,705.0,740.0,790.0,4,815.0
3.0,1.0,570.0,577.0,790.0,808.0,4,820.0
3.0,1.0,570.0,577.0,790.0,808.0,4,820.0
3.0,23.0,158.0,382.0,399.0,512.0,4,959.0
3.0,23.0,12.0,158.0,215.0,399.0,4,968.0
3.0,23.0,12.0,158.0,215.0,399.0,4,968.0
3.0,23.0,12.0,158.0,215.0,382.0,4,968.0
3.0,23.0,12.0,158.0,215.0,399.0,4,968.0
3.0,23.0,158.0,215.0,382.0,399.0,4,959.0
3.0,23.0,12.0,158.0,215.0,382.0,4,959.0
3.0,23.0,12.0,158.0,215.0,382.0,4,959.0
3.0,28.0,41.0,110.0,608.0,665.0,4,754.0
3.0,28.0,218.0,484.0,553.0,685.0,4,859.0
3.0,28.0,484.0,553.0,608.0,685.0,4,859.0
3.0,28.0,41.0,553.0,608.0,685.0,4,859.0
3.0,28.0,41.0,110.0,608.0,665.0,4,754.0
3.0,28.0,41.0,110.0,608.0,665.0,4,754.0
3.0,28.0,41.0,110.0,608.0,665.0,4,754.0
3.0,28.0,110.0,484.0,553.0,665.0,4,859.0
3.0,28.0,218.0,484.0,553.0,685.0,4,859.0
3.0,28.0,218.0,461.0,484.0,685.0,4,859.0
3.0,28.0,218.0,461.0,484.0,685.0,4,969.0
3.0,13.0,80.0,161.0,290.0,320.0,4,817.0
3.0,13.0,80.0,191.0,238.0,922.0,4,925.0
3.0,13.0,80.0,161.0,290.0,320.0,4,817.0
3.0,13.0,80.0,161.0,290.0,320.0,4,817.0
3.0,13.0,161.0,238.0,320.0,817.0,4,922.0
3.0,13.0,80.0,161.0,290.0,320.0,4,817.0
3.0,13.0,80.0,161.0,290.0,320.0,4,817.0
3.0,23.0,158.0,215.0,234.0,298.0,4,382.0
3.0,23.0,158.0,215.0,234.0,399.0,4,959.0
3.0,23.0,298.0,382.0,399.0,890.0,4,959.0
3.0,23.0,158.0,215.0,234.0,298.0,4,382.0
3.0,23.0,158.0,215.0,298.0,399.0,4,959.0
3.0,23.0,234.0,298.0,382.0,890.0,4,959.0
3.0,23.0,158.0,215.0,234.0,298.0,4,382.0
3.0,12.0,111.0,216.0,301.0,856.0,4,983.0
3.0,12.0,0.0,201.0,531.0,715.0,4,983.0
3.0,12.0,111.0,216.0,301.0,715.0,4,983.0
3.0,12.0,111.0,216.0,301.0,531.0,4,983.0
3.0,12.0,0.0,216.0,301.0,531.0,4,715.0
3.0,12.0,0.0,216.0,301.0,531.0,4,715.0
3.0,12.0,111.0,216.0,301.0,715.0,4,983.0
3.0,12.0,111.0,216.0,301.0,715.0,4,983.0
3.0,23.0,158.0,215.0,234.0,298.0,4,968.0
3.0,23.0,215.0,234.0,382.0,959.0,4,968.0
3.0,23.0,158.0,215.0,234.0,298.0,4,968.0
3.0,23.0,158.0,215.0,234.0,382.0,4,968.0
3.0,23.0,158.0,215.0,234.0,382.0,4,959.0
3.0,23.0,158.0,215.0,234.0,399.0,4,959.0
3.0,23.0,234.0,382.0,399.0,890.0,4,959.0
3.0,23.0,298.0,382.0,399.0,890.0,4,959.0
3.0,23.0,215.0,234.0,298.0,382.0,4,959.0
3.0,23.0,215.0,234.0,382.0,890.0,4,959.0
3.0,23.0,215.0,298.0,382.0,890.0,4,959.0
3.0,23.0,215.0,298.0,382.0,890.0,4,959.0
3.0,7.0,277.0,325.0,451.0,803.0,4,902.0
3.0,7.0,277.0,290.0,396.0,455.0,4,803.0
3.0,7.0,325.0,396.0,451.0,455.0,4,595.0
3.0,7.0,277.0,290.0,451.0,455.0,4,902.0
3.0,7.0,277.0,325.0,451.0,455.0,4,902.0
3.0,7.0,277.0,325.0,451.0,455.0,4,902.0
3.0,7.0,277.0,325.0,396.0,455.0,4,902.0
3.0,7.0,277.0,325.0,396.0,455.0,4,803.0
3.0,14.0,272.0,518.0,609.0,700.0,4,877.0
3.0,14.0,48.0,518.0,609.0,644.0,4,897.0
3.0,14.0,48.0,254.0,592.0,609.0,4,700.0
3.0,14.0,48.0,518.0,592.0,609.0,4,897.0
3.0,14.0,518.0,532.0,592.0,700.0,4,897.0
3.0,14.0,254.0,532.0,592.0,609.0,4,897.0
3.0,14.0,7.0,518.0,532.0,644.0,4,877.0
3.0,13.0,15.0,80.0,161.0,320.0,4,665.0
3.0,13.0,161.0,191.0,556.0,817.0,4,886.0
3.0,13.0,191.0,556.0,665.0,817.0,4,886.0
3.0,13.0,15.0,80.0,161.0,320.0,4,665.0
3.0,13.0,161.0,320.0,665.0,817.0,4,886.0
3.0,13.0,161.0,191.0,320.0,817.0,4,886.0
3.0,30.0,68.0,240.0,350.0,561.0,4,829.0
3.0,30.0,561.0,657.0,689.0,705.0,4,847.0
3.0,30.0,68.0,561.0,689.0,829.0,4,847.0
3.0,30.0,240.0,350.0,689.0,829.0,4,847.0
3.0,30.0,240.0,350.0,561.0,689.0,4,829.0
3.0,30.0,240.0,350.0,561.0,657.0,4,829.0
3.0,30.0,68.0,350.0,561.0,657.0,4,829.0
3.0,30.0,68.0,350.0,657.0,689.0,4,829.0
3.0,30.0,561.0,657.0,689.0,705.0,4,847.0
3.0,30.0,68.0,350.0,561.0,657.0,4,829.0
3.0,30.0,68.0,350.0,657.0,689.0,4,829.0
3.0,18.0,181.0,514.0,742.0,866.0,4,867.0
3.0,18.0,742.0,809.0,867.0,876.0,4,1013.0
3.0,18.0,181.0,514.0,742.0,809.0,4,866.0
3.0,18.0,181.0,514.0,742.0,866.0,4,867.0
3.0,18.0,115.0,809.0,866.0,876.0,4,1013.0
3.0,18.0,115.0,809.0,866.0,876.0,4,1013.0
3.0,18.0,115.0,204.0,809.0,876.0,4,1013.0
3.0,18.0,204.0,449.0,766.0,876.0,4,1013.0
3.0,9.0,81.0,452.0,510.0,599.0,4,845.0
3.0,9.0,76.0,452.0,599.0,845.0,4,1019.0
3.0,9.0,76.0,452.0,599.0,845.0,4,1019.0
3.0,9.0,81.0,452.0,599.0,845.0,4,1019.0
3.0,9.0,76.0,452.0,599.0,845.0,4,1019.0
3.0,9.0,81.0,85.0,149.0,845.0,4,1019.0
3.0,9.0,81.0,85.0,149.0,510.0,4,1019.0
3.0,17.0,47.0,328.0,488.0,635.0,4,642.0
3.0,17.0,47.0,148.0,328.0,635.0,4,642.0
3.0,17.0,211.0,328.0,488.0,635.0,4,642.0
3.0,17.0,108.0,211.0,328.0,635.0,4,642.0
3.0,17.0,47.0,108.0,328.0,635.0,4,642.0
3.0,7.0,277.0,290.0,451.0,803.0,4,846.0
3.0,7.0,277.0,290.0,451.0,803.0,4,846.0
3.0,7.0,277.0,396.0,455.0,595.0,4,956.0
3.0,7.0,290.0,396.0,451.0,455.0,4,595.0
3.0,7.0,277.0,290.0,451.0,455.0,4,846.0
3.0,7.0,277.0,290.0,451.0,455.0,4,803.0
3.0,7.0,290.0,396.0,451.0,455.0,4,595.0
3.0,7.0,277.0,290.0,396.0,451.0,4,455.0
3.0,7.0,277.0,290.0,396.0,451.0,4,455.0
3.0,7.0,277.0,290.0,396.0,451.0,4,455.0
3.0,7.0,277.0,290.0,451.0,803.0,4,846.0
3.0,7.0,277.0,396.0,455.0,595.0,4,956.0
3.0,7.0,277.0,451.0,455.0,595.0,4,956.0
3.0,7.0,290.0,451.0,455.0,595.0,4,956.0
3.0,7.0,290.0,451.0,455.0,595.0,4,803.0
3.0,7.0,277.0,290.0,451.0,803.0,4,846.0
3.0,7.0,277.0,396.0,455.0,595.0,4,956.0
3.0,7.0,277.0,396.0,455.0,595.0,4,956.0
3.0,12.0,111.0,216.0,715.0,933.0,4,983.0
3.0,12.0,201.0,216.0,462.0,933.0,4,983.0
3.0,12.0,201.0,216.0,301.0,647.0,4,856.0
3.0,12.0,216.0,462.0,715.0,933.0,4,983.0
3.0,12.0,111.0,201.0,301.0,647.0,4,910.0
3.0,7.0,277.0,325.0,451.0,846.0,4,902.0
3.0,7.0,277.0,290.0,432.0,451.0,4,455.0
3.0,7.0,277.0,290.0,396.0,451.0,4,455.0
3.0,7.0,277.0,290.0,396.0,451.0,4,455.0
3.0,7.0,277.0,396.0,451.0,455.0,4,902.0
3.0,7.0,277.0,290.0,451.0,455.0,4,902.0
3.0,7.0,277.0,290.0,396.0,432.0,4,455.0
3.0,7.0,277.0,290.0,396.0,432.0,4,455.0
3.0,7.0,277.0,290.0,396.0,455.0,4,956.0
3.0,7.0,290.0,396.0,455.0,902.0,4,956.0
3.0,7.0,325.0,396.0,455.0,902.0,4,956.0
3.0,7.0,277.0,325.0,451.0,455.0,4,902.0
3.0,7.0,277.0,325.0,451.0,455.0,4,902.0
3.0,7.0,277.0,325.0,451.0,455.0,4,902.0
3.0,16.0,285.0,296.0,674.0,702.0,4,996.0
3.0,16.0,133.0,285.0,296.0,495.0,4,996.0
3.0,16.0,133.0,285.0,495.0,702.0,4,996.0
3.0,16.0,133.0,285.0,495.0,702.0,4,996.0
3.0,16.0,285.0,296.0,674.0,702.0,4,996.0
3.0,16.0,296.0,427.0,674.0,702.0,4,996.0
3.0,7.0,277.0,325.0,396.0,451.0,4,902.0
3.0,7.0,325.0,451.0,455.0,803.0,4,902.0
3.0,7.0,277.0,290.0,451.0,455.0,4,902.0
3.0,7.0,277.0,325.0,396.0,451.0,4,902.0
3.0,7.0,277.0,325.0,451.0,455.0,4,902.0
3.0,7.0,325.0,451.0,455.0,803.0,4,956.0
3.0,7.0,277.0,396.0,455.0,902.0,4,956.0
3.0,7.0,277.0,325.0,451.0,455.0,4,902.0
3.0,7.0,277.0,325.0,396.0,451.0,4,902.0
3.0,7.0,325.0,451.0,455.0,530.0,4,902.0
3.0,7.0,290.0,396.0,455.0,530.0,4,595.0
3.0,7.0,277.0,290.0,396.0,455.0,4,530.0
3.0,7.0,277.0,325.0,396.0,451.0,4,902.0
3.0,7.0,325.0,451.0,455.0,530.0,4,902.0
3.0,7.0,277.0,325.0,451.0,455.0,4,530.0
3.0,24.0,463.0,576.0,746.0,863.0,4,947.0
3.0,24.0,463.0,576.0,746.0,900.0,4,947.0
3.0,24.0,425.0,750.0,863.0,888.0,4,900.0
3.0,24.0,425.0,463.0,576.0,746.0,4,863.0
3.0,24.0,463.0,576.0,746.0,863.0,4,947.0
3.0,24.0,425.0,463.0,750.0,863.0,4,900.0
3.0,24.0,425.0,463.0,576.0,746.0,4,863.0
3.0,7.0,277.0,325.0,396.0,451.0,4,902.0
3.0,7.0,277.0,325.0,396.0,451.0,4,530.0
3.0,7.0,290.0,396.0,455.0,530.0,4,956.0
3.0,7.0,290.0,396.0,455.0,530.0,4,956.0
3.0,7.0,277.0,325.0,396.0,451.0,4,902.0
3.0,7.0,277.0,325.0,396.0,451.0,4,455.0
3.0,29.0,86.0,456.0,769.0,914.0,4,990.0
3.0,29.0,283.0,456.0,769.0,914.0,4,990.0
3.0,29.0,46.0,86.0,283.0,508.0,4,769.0
3.0,29.0,86.0,456.0,769.0,914.0,4,990.0
3.0,29.0,86.0,456.0,769.0,914.0,4,990.0
3.0,29.0,86.0,283.0,456.0,769.0,4,990.0
3.0,29.0,283.0,389.0,456.0,769.0,4,890.0
3.0,29.0,46.0,283.0,389.0,508.0,4,990.0
3.0,29.0,86.0,283.0,508.0,769.0,4,990.0
3.0,29.0,283.0,389.0,508.0,769.0,4,890.0
3.0,14.0,48.0,254.0,592.0,609.0,4,786.0
3.0,14.0,48.0,254.0,592.0,609.0,4,786.0
3.0,14.0,272.0,518.0,592.0,609.0,4,877.0
3.0,14.0,48.0,518.0,592.0,609.0,4,877.0
3.0,14.0,48.0,518.0,592.0,609.0,4,877.0
3.0,14.0,48.0,518.0,592.0,609.0,4,877.0
3.0,14.0,48.0,518.0,532.0,877.0,4,897.0
3.0,14.0,48.0,518.0,532.0,592.0,4,897.0
3.0,14.0,48.0,518.0,532.0,592.0,4,897.0
3.0,14.0,48.0,518.0,592.0,609.0,4,897.0
3.0,14.0,48.0,254.0,592.0,609.0,4,877.0
3.0,14.0,48.0,518.0,592.0,609.0,4,877.0
3.0,14.0,7.0,518.0,532.0,609.0,4,897.0
3.0,7.0,451.0,455.0,530.0,595.0,4,902.0
3.0,7.0,277.0,396.0,455.0,530.0,4,595.0
3.0,7.0,277.0,290.0,451.0,455.0,4,530.0
3.0,7.0,277.0,451.0,455.0,530.0,4,902.0
3.0,7.0,277.0,290.0,451.0,455.0,4,902.0
3.0,7.0,277.0,290.0,451.0,455.0,4,902.0
3.0,7.0,277.0,396.0,451.0,530.0,4,902.0
3.0,7.0,277.0,290.0,396.0,455.0,4,530.0
3.0,30.0,68.0,561.0,829.0,953.0,4,963.0
3.0,30.0,350.0,561.0,657.0,953.0,4,963.0
3.0,30.0,350.0,657.0,829.0,847.0,4,949.0
3.0,30.0,350.0,657.0,829.0,847.0,4,953.0
3.0,30.0,350.0,561.0,847.0,953.0,4,963.0
3.0,30.0,561.0,657.0,829.0,953.0,4,963.0
3.0,30.0,561.0,657.0,829.0,953.0,4,963.0
3.0,30.0,657.0,829.0,847.0,953.0,4,963.0
3.0,30.0,350.0,829.0,847.0,953.0,4,963.0
3.0,30.0,350.0,829.0,847.0,953.0,4,963.0
3.0,30.0,68.0,240.0,350.0,847.0,4,963.0
3.0,7.0,277.0,325.0,451.0,530.0,4,902.0
3.0,7.0,290.0,432.0,451.0,455.0,4,530.0
3.0,7.0,277.0,325.0,451.0,455.0,4,530.0
3.0,7.0,277.0,325.0,451.0,530.0,4,902.0
3.0,7.0,277.0,325.0,451.0,530.0,4,902.0
3.0,7.0,277.0,290.0,451.0,455.0,4,530.0
3.0,7.0,290.0,451.0,455.0,530.0,4,902.0
3.0,7.0,277.0,290.0,396.0,455.0,4,902.0
3.0,7.0,277.0,325.0,451.0,455.0,4,530.0
3.0,7.0,325.0,396.0,432.0,455.0,4,530.0
3.0,7.0,277.0,290.0,451.0,455.0,4,902.0
3.0,7.0,277.0,325.0,451.0,530.0,4,902.0
3.0,7.0,277.0,325.0,451.0,455.0,4,902.0
3.0,7.0,277.0,325.0,451.0,455.0,4,902.0
3.0,7.0,277.0,325.0,451.0,455.0,4,902.0
3.0,7.0,290.0,451.0,455.0,530.0,4,902.0
3.0,7.0,277.0,325.0,451.0,455.0,4,530.0
3.0,7.0,277.0,325.0,451.0,455.0,4,902.0
3.0,1.0,570.0,790.0,808.0,815.0,4,820.0
3.0,1.0,356.0,790.0,808.0,815.0,4,820.0
3.0,1.0,305.0,356.0,790.0,815.0,4,960.0
3.0,1.0,118.0,305.0,356.0,820.0,4,960.0
3.0,1.0,118.0,305.0,356.0,820.0,4,960.0
3.0,1.0,570.0,808.0,815.0,820.0,4,960.0
3.0,1.0,570.0,790.0,808.0,815.0,4,820.0
3.0,1.0,118.0,570.0,790.0,808.0,4,820.0
3.0,1.0,356.0,570.0,790.0,808.0,4,820.0
3.0,1.0,305.0,356.0,570.0,790.0,4,960.0
3.0,1.0,305.0,570.0,808.0,815.0,4,820.0
3.0,1.0,305.0,570.0,808.0,815.0,4,820.0
3.0,1.0,305.0,790.0,808.0,815.0,4,820.0
3.0,34.0,55.0,112.0,137.0,299.0,4,719.0
3.0,34.0,55.0,112.0,137.0,299.0,4,719.0
3.0,34.0,55.0,112.0,137.0,719.0,4,811.0
3.0,34.0,55.0,112.0,137.0,247.0,4,811.0
3.0,34.0,36.0,55.0,137.0,719.0,4,811.0
3.0,34.0,36.0,55.0,137.0,299.0,4,719.0
3.0,34.0,36.0,112.0,137.0,299.0,4,719.0
3.0,34.0,36.0,112.0,137.0,299.0,4,719.0
3.0,34.0,36.0,112.0,137.0,299.0,4,719.0
3.0,26.0,450.0,634.0,684.0,948.0,4,1024.0
3.0,26.0,29.0,40.0,634.0,684.0,4,948.0
3.0,26.0,29.0,40.0,315.0,634.0,4,948.0
3.0,26.0,29.0,40.0,315.0,536.0,4,874.0
3.0,26.0,40.0,634.0,684.0,948.0,4,1024.0
3.0,26.0,450.0,634.0,684.0,948.0,4,1024.0
3.0,26.0,29.0,40.0,874.0,948.0,4,1024.0
3.0,7.0,325.0,451.0,455.0,530.0,4,902.0
3.0,7.0,325.0,396.0,451.0,530.0,4,902.0
3.0,7.0,277.0,290.0,396.0,530.0,4,846.0
3.0,7.0,325.0,451.0,455.0,530.0,4,902.0
3.0,7.0,277.0,325.0,396.0,451.0,4,530.0
3.0,7.0,277.0,290.0,451.0,455.0,4,902.0
3.0,7.0,277.0,325.0,451.0,455.0,4,902.0
3.0,7.0,277.0,290.0,396.0,455.0,4,530.0
3.0,7.0,290.0,396.0,530.0,846.0,4,902.0
3.0,7.0,290.0,308.0,396.0,530.0,4,846.0
3.0,7.0,277.0,290.0,396.0,455.0,4,530.0
3.0,7.0,277.0,290.0,396.0,455.0,4,530.0
3.0,7.0,277.0,290.0,396.0,451.0,4,455.0
3.0,7.0,277.0,325.0,451.0,455.0,4,530.0
3.0,7.0,277.0,290.0,451.0,846.0,4,902.0
3.0,7.0,277.0,325.0,451.0,455.0,4,846.0
3.0,7.0,277.0,325.0,451.0,455.0,4,846.0
3.0,24.0,425.0,463.0,576.0,750.0,4,863.0
3.0,24.0,321.0,425.0,463.0,750.0,4,888.0
3.0,24.0,425.0,463.0,576.0,750.0,4,863.0
3.0,24.0,425.0,463.0,576.0,746.0,4,863.0
3.0,24.0,463.0,576.0,746.0,863.0,4,947.0
3.0,24.0,463.0,576.0,746.0,863.0,4,947.0
3.0,24.0,425.0,463.0,576.0,750.0,4,863.0
3.0,24.0,321.0,425.0,576.0,750.0,4,888.0
3.0,24.0,321.0,425.0,463.0,750.0,4,888.0
3.0,7.0,112.0,137.0,277.0,451.0,4,902.0
3.0,7.0,112.0,137.0,277.0,396.0,4,455.0
3.0,7.0,112.0,308.0,451.0,455.0,4,902.0
3.0,7.0,137.0,277.0,308.0,451.0,4,455.0
3.0,7.0,112.0,137.0,277.0,451.0,4,902.0
3.0,7.0,112.0,137.0,277.0,451.0,4,902.0
3.0,7.0,112.0,277.0,451.0,455.0,4,902.0
3.0,7.0,112.0,277.0,451.0,455.0,4,902.0
3.0,7.0,137.0,308.0,451.0,455.0,4,902.0
3.0,7.0,137.0,277.0,451.0,455.0,4,902.0
3.0,7.0,112.0,137.0,277.0,451.0,4,902.0
3.0,7.0,137.0,247.0,277.0,308.0,4,396.0
3.0,7.0,112.0,247.0,455.0,846.0,4,902.0
3.0,7.0,112.0,247.0,277.0,451.0,4,455.0
3.0,7.0,112.0,137.0,247.0,451.0,4,902.0
3.0,7.0,112.0,137.0,277.0,451.0,4,902.0
3.0,7.0,137.0,277.0,308.0,455.0,4,846.0
3.0,7.0,247.0,277.0,308.0,455.0,4,846.0
3.0,7.0,112.0,247.0,277.0,451.0,4,902.0
3.0,7.0,247.0,277.0,308.0,455.0,4,846.0
3.0,7.0,112.0,277.0,451.0,455.0,4,902.0
3.0,7.0,112.0,277.0,451.0,455.0,4,902.0
3.0,7.0,277.0,308.0,451.0,455.0,4,902.0
3.0,7.0,112.0,277.0,451.0,455.0,4,902.0
3.0,0.0,13.0,418.0,695.0,713.0,4,1037.0
3.0,0.0,13.0,418.0,493.0,494.0,4,713.0
3.0,0.0,13.0,418.0,493.0,535.0,4,713.0
3.0,0.0,13.0,493.0,535.0,686.0,4,713.0
3.0,0.0,13.0,418.0,493.0,535.0,4,686.0
3.0,7.0,112.0,277.0,451.0,455.0,4,902.0
3.0,7.0,112.0,277.0,451.0,455.0,4,902.0
3.0,7.0,112.0,137.0,277.0,451.0,4,455.0
3.0,7.0,112.0,137.0,396.0,455.0,4,902.0
3.0,7.0,137.0,277.0,308.0,396.0,4,455.0
3.0,7.0,112.0,137.0,277.0,451.0,4,902.0
3.0,7.0,112.0,137.0,277.0,451.0,4,902.0
3.0,7.0,112.0,277.0,455.0,846.0,4,902.0
3.0,7.0,277.0,308.0,455.0,846.0,4,902.0
3.0,7.0,247.0,308.0,455.0,846.0,4,902.0
3.0,7.0,137.0,308.0,455.0,846.0,4,902.0
3.0,7.0,137.0,308.0,455.0,846.0,4,902.0
3.0,7.0,112.0,137.0,277.0,396.0,4,455.0
3.0,7.0,112.0,137.0,277.0,396.0,4,902.0
3.0,7.0,112.0,277.0,396.0,455.0,4,902.0
3.0,7.0,137.0,277.0,308.0,455.0,4,846.0
3.0,7.0,137.0,277.0,308.0,455.0,4,846.0
3.0,7.0,247.0,277.0,308.0,451.0,4,902.0
3.0,7.0,137.0,247.0,308.0,451.0,4,902.0
3.0,7.0,137.0,247.0,308.0,451.0,4,902.0
3.0,7.0,137.0,277.0,308.0,396.0,4,846.0
3.0,7.0,277.0,308.0,396.0,451.0,4,846.0
3.0,7.0,277.0,308.0,396.0,451.0,4,846.0
3.0,7.0,137.0,277.0,451.0,846.0,4,902.0
3.0,7.0,137.0,277.0,451.0,846.0,4,902.0
3.0,7.0,137.0,277.0,451.0,846.0,4,902.0
3.0,7.0,137.0,308.0,396.0,451.0,4,902.0
3.0,7.0,247.0,308.0,396.0,451.0,4,902.0
3.0,7.0,247.0,277.0,308.0,396.0,4,846.0
3.0,7.0,137.0,277.0,396.0,451.0,4,902.0
3.0,4.0,166.0,259.0,373.0,426.0,4,851.0
3.0,4.0,373.0,437.0,589.0,851.0,4,936.0
3.0,4.0,259.0,373.0,437.0,851.0,4,936.0
3.0,4.0,103.0,259.0,437.0,589.0,4,646.0
3.0,4.0,259.0,437.0,589.0,646.0,4,936.0
3.0,18.0,14.0,181.0,514.0,866.0,4,867.0
3.0,18.0,181.0,514.0,579.0,866.0,4,867.0
3.0,18.0,181.0,514.0,579.0,866.0,4,867.0
3.0,18.0,14.0,181.0,226.0,514.0,4,866.0
3.0,18.0,14.0,226.0,809.0,866.0,4,876.0
3.0,18.0,14.0,226.0,809.0,866.0,4,876.0
3.0,18.0,14.0,181.0,514.0,866.0,4,867.0
3.0,18.0,14.0,181.0,514.0,867.0,4,876.0
3.0,18.0,14.0,181.0,226.0,514.0,4,876.0
3.0,7.0,112.0,137.0,247.0,277.0,4,846.0
3.0,7.0,112.0,137.0,247.0,277.0,4,846.0
3.0,7.0,137.0,277.0,451.0,846.0,4,902.0
3.0,7.0,112.0,137.0,277.0,451.0,4,902.0
3.0,7.0,112.0,137.0,277.0,451.0,4,902.0
3.0,7.0,112.0,277.0,451.0,846.0,4,902.0
3.0,7.0,247.0,277.0,308.0,451.0,4,846.0
3.0,7.0,137.0,277.0,451.0,846.0,4,902.0
3.0,7.0,137.0,247.0,277.0,451.0,4,902.0
3.0,7.0,137.0,247.0,277.0,451.0,4,902.0
3.0,7.0,112.0,137.0,277.0,451.0,4,902.0
3.0,7.0,137.0,277.0,325.0,451.0,4,902.0
3.0,7.0,247.0,325.0,451.0,455.0,4,902.0
3.0,7.0,112.0,137.0,277.0,396.0,4,846.0
3.0,7.0,112.0,137.0,277.0,396.0,4,846.0
3.0,7.0,277.0,325.0,451.0,455.0,4,902.0
3.0,7.0,112.0,277.0,396.0,455.0,4,902.0
3.0,7.0,112.0,277.0,396.0,455.0,4,902.0
3.0,7.0,112.0,137.0,277.0,451.0,4,902.0
3.0,7.0,137.0,308.0,325.0,451.0,4,455.0
3.0,7.0,137.0,277.0,308.0,396.0,4,455.0
3.0,7.0,112.0,308.0,451.0,455.0,4,902.0
3.0,7.0,112.0,137.0,277.0,451.0,4,455.0
3.0,7.0,112.0,137.0,277.0,451.0,4,455.0
3.0,7.0,112.0,308.0,451.0,455.0,4,902.0
3.0,7.0,277.0,308.0,396.0,455.0,4,902.0
3.0,7.0,137.0,277.0,325.0,451.0,4,902.0
3.0,7.0,112.0,308.0,451.0,455.0,4,902.0
3.0,7.0,112.0,308.0,451.0,455.0,4,902.0
3.0,7.0,112.0,308.0,396.0,455.0,4,902.0
3.0,7.0,112.0,137.0,277.0,396.0,4,455.0
3.0,7.0,277.0,325.0,451.0,455.0,4,902.0
3.0,7.0,112.0,137.0,451.0,455.0,4,902.0
3.0,7.0,112.0,137.0,451.0,846.0,4,902.0
3.0,7.0,112.0,137.0,451.0,455.0,4,846.0
3.0,7.0,112.0,137.0,451.0,455.0,4,846.0
3.0,28.0,41.0,110.0,608.0,665.0,4,754.0
3.0,28.0,110.0,484.0,553.0,665.0,4,859.0
3.0,28.0,41.0,553.0,608.0,685.0,4,859.0
3.0,28.0,41.0,110.0,553.0,608.0,4,754.0
3.0,28.0,41.0,110.0,608.0,665.0,4,754.0
3.0,28.0,110.0,553.0,665.0,685.0,4,859.0
3.0,28.0,41.0,553.0,608.0,685.0,4,859.0
3.0,28.0,41.0,110.0,553.0,608.0,4,859.0
3.0,28.0,41.0,110.0,608.0,665.0,4,859.0
3.0,7.0,137.0,277.0,325.0,451.0,4,902.0
3.0,7.0,137.0,277.0,325.0,451.0,4,902.0
3.0,7.0,112.0,277.0,451.0,455.0,4,902.0
3.0,7.0,277.0,325.0,396.0,455.0,4,902.0
3.0,7.0,277.0,325.0,396.0,455.0,4,902.0
3.0,7.0,137.0,277.0,325.0,451.0,4,455.0
3.0,7.0,137.0,277.0,308.0,396.0,4,451.0
3.0,28.0,41.0,110.0,608.0,665.0,4,754.0
3.0,28.0,41.0,110.0,608.0,665.0,4,859.0
3.0,28.0,484.0,553.0,608.0,685.0,4,859.0
3.0,28.0,41.0,110.0,608.0,665.0,4,754.0
3.0,28.0,110.0,484.0,608.0,665.0,4,754.0
3.0,28.0,41.0,110.0,608.0,665.0,4,754.0
3.0,28.0,110.0,484.0,553.0,608.0,4,859.0
3.0,29.0,132.0,283.0,338.0,456.0,4,990.0
3.0,29.0,132.0,283.0,338.0,456.0,4,990.0
3.0,29.0,132.0,338.0,456.0,769.0,4,990.0
3.0,29.0,46.0,86.0,132.0,338.0,4,990.0
3.0,29.0,86.0,132.0,338.0,883.0,4,990.0
3.0,29.0,86.0,132.0,456.0,769.0,4,990.0
3.0,29.0,46.0,338.0,508.0,769.0,4,990.0
3.0,29.0,86.0,132.0,338.0,456.0,4,769.0
3.0,29.0,86.0,132.0,456.0,769.0,4,990.0
3.0,13.0,93.0,161.0,191.0,922.0,4,925.0
3.0,13.0,161.0,238.0,817.0,922.0,4,925.0
3.0,13.0,161.0,191.0,817.0,922.0,4,971.0
3.0,13.0,191.0,238.0,817.0,922.0,4,971.0
3.0,13.0,119.0,191.0,817.0,922.0,4,925.0
3.0,7.0,112.0,247.0,451.0,455.0,4,902.0
3.0,7.0,112.0,247.0,451.0,455.0,4,902.0
3.0,7.0,112.0,247.0,277.0,396.0,4,455.0
3.0,7.0,112.0,137.0,277.0,396.0,4,455.0
3.0,14.0,48.0,254.0,592.0,609.0,4,700.0
3.0,14.0,48.0,518.0,592.0,609.0,4,700.0
3.0,14.0,48.0,254.0,532.0,592.0,4,700.0
3.0,14.0,48.0,254.0,592.0,609.0,4,700.0
3.0,14.0,272.0,518.0,592.0,609.0,4,897.0
3.0,14.0,272.0,518.0,592.0,609.0,4,897.0
3.0,14.0,48.0,518.0,609.0,700.0,4,877.0
3.0,14.0,48.0,254.0,592.0,609.0,4,700.0
3.0,14.0,272.0,518.0,592.0,609.0,4,700.0
3.0,14.0,48.0,518.0,609.0,644.0,4,897.0
3.0,14.0,532.0,592.0,609.0,700.0,4,897.0
3.0,14.0,48.0,254.0,592.0,609.0,4,700.0
3.0,14.0,48.0,254.0,592.0,609.0,4,700.0
3.0,14.0,48.0,254.0,592.0,609.0,4,700.0
3.0,14.0,48.0,254.0,592.0,609.0,4,644.0
3.0,14.0,272.0,518.0,532.0,644.0,4,877.0
3.0,24.0,330.0,463.0,576.0,863.0,4,947.0
3.0,24.0,330.0,425.0,463.0,576.0,4,582.0
3.0,24.0,330.0,425.0,576.0,582.0,4,750.0
3.0,24.0,330.0,425.0,463.0,582.0,4,750.0
3.0,24.0,330.0,463.0,576.0,863.0,4,947.0
3.0,24.0,463.0,576.0,746.0,863.0,4,947.0
3.0,24.0,425.0,463.0,576.0,746.0,4,863.0
3.0,24.0,463.0,576.0,746.0,863.0,4,947.0
3.0,24.0,425.0,576.0,582.0,746.0,4,750.0
3.0,24.0,330.0,425.0,576.0,582.0,4,750.0
3.0,24.0,330.0,425.0,463.0,582.0,4,750.0
3.0,24.0,330.0,463.0,576.0,863.0,4,947.0
3.0,14.0,254.0,272.0,592.0,609.0,4,700.0
3.0,14.0,518.0,532.0,609.0,700.0,4,877.0
3.0,14.0,518.0,532.0,609.0,644.0,4,877.0
3.0,14.0,272.0,518.0,532.0,592.0,4,644.0
3.0,14.0,254.0,532.0,592.0,609.0,4,700.0
3.0,14.0,254.0,532.0,592.0,609.0,4,700.0
3.0,14.0,254.0,272.0,592.0,609.0,4,700.0
3.0,14.0,272.0,592.0,609.0,700.0,4,897.0
3.0,14.0,272.0,592.0,609.0,700.0,4,897.0
3.0,14.0,532.0,592.0,609.0,700.0,4,897.0
3.0,14.0,532.0,644.0,700.0,877.0,4,897.0
3.0,14.0,7.0,518.0,532.0,644.0,4,877.0
3.0,14.0,48.0,518.0,592.0,609.0,4,700.0
3.0,14.0,48.0,518.0,592.0,700.0,4,897.0
3.0,14.0,272.0,518.0,532.0,592.0,4,897.0
3.0,14.0,48.0,518.0,532.0,592.0,4,897.0
3.0,14.0,48.0,254.0,592.0,609.0,4,897.0
3.0,14.0,48.0,254.0,592.0,609.0,4,897.0
3.0,14.0,48.0,254.0,609.0,700.0,4,897.0
3.0,14.0,48.0,254.0,592.0,609.0,4,700.0
3.0,14.0,48.0,254.0,592.0,609.0,4,700.0
3.0,14.0,254.0,272.0,592.0,609.0,4,700.0
3.0,14.0,48.0,518.0,532.0,592.0,4,897.0
3.0,14.0,48.0,532.0,592.0,877.0,4,897.0
3.0,14.0,48.0,592.0,609.0,877.0,4,897.0
3.0,14.0,48.0,254.0,592.0,609.0,4,700.0
3.0,14.0,592.0,609.0,700.0,786.0,4,897.0
3.0,14.0,48.0,254.0,592.0,609.0,4,700.0
3.0,14.0,48.0,254.0,592.0,700.0,4,786.0
3.0,14.0,48.0,254.0,592.0,700.0,4,786.0
3.0,14.0,48.0,254.0,592.0,609.0,4,700.0
3.0,14.0,518.0,592.0,609.0,786.0,4,897.0
3.0,14.0,48.0,254.0,592.0,700.0,4,786.0
3.0,14.0,48.0,254.0,592.0,700.0,4,786.0
3.0,14.0,48.0,518.0,592.0,609.0,4,700.0
3.0,14.0,518.0,609.0,700.0,786.0,4,897.0
3.0,14.0,7.0,518.0,609.0,786.0,4,897.0
3.0,14.0,7.0,48.0,532.0,592.0,4,897.0
3.0,14.0,48.0,254.0,532.0,592.0,4,700.0
3.0,14.0,518.0,592.0,609.0,786.0,4,877.0
3.0,14.0,48.0,254.0,592.0,700.0,4,786.0
3.0,14.0,48.0,254.0,592.0,700.0,4,786.0
3.0,14.0,48.0,518.0,592.0,609.0,4,700.0
3.0,14.0,518.0,592.0,609.0,786.0,4,897.0
3.0,14.0,254.0,592.0,609.0,700.0,4,786.0
3.0,14.0,48.0,254.0,592.0,700.0,4,786.0
3.0,14.0,7.0,518.0,609.0,786.0,4,897.0
3.0,14.0,48.0,254.0,592.0,700.0,4,786.0
3.0,14.0,48.0,518.0,592.0,609.0,4,897.0
3.0,14.0,48.0,254.0,592.0,786.0,4,897.0
3.0,14.0,48.0,254.0,592.0,609.0,4,786.0
3.0,14.0,254.0,592.0,609.0,700.0,4,786.0
3.0,14.0,48.0,518.0,592.0,609.0,4,897.0
3.0,14.0,48.0,254.0,700.0,786.0,4,897.0
3.0,14.0,518.0,592.0,609.0,786.0,4,897.0
3.0,14.0,518.0,592.0,609.0,700.0,4,786.0
3.0,14.0,48.0,254.0,592.0,700.0,4,786.0
3.0,14.0,518.0,592.0,609.0,786.0,4,897.0
3.0,14.0,48.0,254.0,592.0,700.0,4,786.0
3.0,14.0,48.0,254.0,592.0,700.0,4,786.0
3.0,14.0,254.0,592.0,609.0,700.0,4,786.0
3.0,14.0,48.0,518.0,609.0,700.0,4,877.0
3.0,14.0,48.0,518.0,609.0,700.0,4,877.0
3.0,14.0,48.0,254.0,532.0,700.0,4,897.0
3.0,14.0,254.0,609.0,700.0,786.0,4,877.0
3.0,14.0,48.0,254.0,592.0,700.0,4,786.0
3.0,14.0,48.0,254.0,592.0,609.0,4,700.0
3.0,14.0,518.0,592.0,609.0,700.0,4,786.0
3.0,14.0,518.0,592.0,609.0,786.0,4,897.0
3.0,4.0,103.0,259.0,487.0,505.0,4,646.0
3.0,4.0,103.0,437.0,487.0,589.0,4,646.0
3.0,4.0,437.0,487.0,589.0,646.0,4,936.0
3.0,4.0,103.0,259.0,426.0,487.0,4,589.0
3.0,4.0,103.0,259.0,589.0,646.0,4,936.0
3.0,4.0,103.0,259.0,487.0,589.0,4,646.0
3.0,4.0,103.0,259.0,487.0,589.0,4,646.0
3.0,4.0,259.0,487.0,505.0,589.0,4,936.0
3.0,4.0,259.0,487.0,505.0,646.0,4,936.0
3.0,17.0,47.0,108.0,135.0,328.0,4,635.0
3.0,17.0,47.0,108.0,148.0,373.0,4,708.0
3.0,17.0,108.0,148.0,373.0,598.0,4,708.0
3.0,17.0,148.0,373.0,598.0,642.0,4,708.0
3.0,17.0,47.0,328.0,635.0,642.0,4,708.0
3.0,17.0,108.0,135.0,328.0,373.0,4,635.0
3.0,17.0,47.0,108.0,148.0,328.0,4,708.0
3.0,17.0,47.0,108.0,148.0,328.0,4,708.0
3.0,17.0,47.0,108.0,148.0,328.0,4,708.0
3.0,17.0,148.0,328.0,373.0,642.0,4,708.0
3.0,17.0,148.0,328.0,373.0,642.0,4,708.0
3.0,17.0,47.0,148.0,328.0,642.0,4,708.0
3.0,9.0,85.0,174.0,452.0,510.0,4,845.0
3.0,9.0,76.0,149.0,199.0,599.0,4,1019.0
3.0,9.0,76.0,149.0,199.0,599.0,4,1019.0
3.0,9.0,76.0,85.0,149.0,510.0,4,1019.0
3.0,9.0,149.0,199.0,599.0,845.0,4,1019.0
3.0,9.0,149.0,199.0,599.0,845.0,4,1019.0
3.0,9.0,76.0,174.0,199.0,510.0,4,599.0
3.0,14.0,48.0,254.0,592.0,700.0,4,786.0
3.0,14.0,254.0,592.0,609.0,786.0,4,877.0
3.0,14.0,48.0,254.0,592.0,700.0,4,786.0
3.0,14.0,254.0,592.0,609.0,700.0,4,786.0
3.0,14.0,254.0,592.0,609.0,700.0,4,786.0
3.0,14.0,48.0,254.0,592.0,700.0,4,786.0
3.0,14.0,254.0,592.0,609.0,700.0,4,786.0
3.0,14.0,48.0,518.0,592.0,609.0,4,897.0
3.0,14.0,48.0,592.0,609.0,700.0,4,897.0
3.0,29.0,86.0,283.0,389.0,456.0,4,914.0
3.0,29.0,283.0,389.0,508.0,914.0,4,990.0
3.0,29.0,389.0,508.0,769.0,914.0,4,990.0
3.0,29.0,46.0,86.0,389.0,769.0,4,914.0
3.0,29.0,86.0,389.0,508.0,914.0,4,990.0
3.0,29.0,86.0,283.0,508.0,769.0,4,990.0
3.0,29.0,283.0,508.0,769.0,890.0,4,990.0
3.0,29.0,86.0,389.0,456.0,914.0,4,990.0
3.0,14.0,48.0,592.0,786.0,877.0,4,897.0
3.0,14.0,254.0,592.0,609.0,786.0,4,877.0
3.0,14.0,48.0,254.0,592.0,609.0,4,786.0
3.0,14.0,7.0,592.0,609.0,786.0,4,877.0
3.0,14.0,48.0,518.0,592.0,609.0,4,897.0
3.0,14.0,48.0,518.0,592.0,786.0,4,897.0
3.0,14.0,518.0,592.0,609.0,786.0,4,897.0
3.0,13.0,80.0,161.0,320.0,665.0,4,817.0
3.0,13.0,15.0,161.0,320.0,665.0,4,886.0
3.0,13.0,15.0,191.0,238.0,320.0,4,886.0
3.0,13.0,80.0,161.0,191.0,817.0,4,832.0
3.0,13.0,80.0,161.0,191.0,817.0,4,832.0
3.0,13.0,80.0,161.0,320.0,665.0,4,817.0
3.0,13.0,80.0,161.0,320.0,665.0,4,817.0
3.0,13.0,191.0,238.0,320.0,832.0,4,886.0
3.0,13.0,80.0,161.0,191.0,320.0,4,817.0
3.0,13.0,80.0,161.0,191.0,320.0,4,817.0
3.0,28.0,41.0,484.0,553.0,608.0,4,685.0
3.0,28.0,110.0,218.0,461.0,484.0,4,685.0
3.0,28.0,110.0,218.0,461.0,484.0,4,685.0
3.0,28.0,41.0,110.0,553.0,608.0,4,685.0
3.0,28.0,41.0,110.0,553.0,608.0,4,685.0
3.0,28.0,41.0,110.0,553.0,608.0,4,685.0
3.0,28.0,41.0,110.0,218.0,608.0,4,685.0
3.0,28.0,110.0,218.0,484.0,553.0,4,685.0
3.0,28.0,110.0,218.0,484.0,553.0,4,685.0
3.0,14.0,48.0,254.0,592.0,609.0,4,700.0
3.0,14.0,48.0,254.0,592.0,609.0,4,700.0
3.0,14.0,7.0,48.0,254.0,592.0,4,609.0
3.0,14.0,48.0,254.0,609.0,877.0,4,897.0
3.0,14.0,48.0,254.0,592.0,609.0,4,877.0
3.0,14.0,7.0,48.0,254.0,609.0,4,897.0
3.0,14.0,7.0,48.0,518.0,609.0,4,897.0
3.0,14.0,7.0,48.0,518.0,532.0,4,897.0
3.0,30.0,68.0,657.0,829.0,953.0,4,963.0
3.0,30.0,68.0,350.0,657.0,847.0,4,953.0
3.0,30.0,68.0,350.0,657.0,847.0,4,949.0
3.0,30.0,350.0,829.0,847.0,953.0,4,963.0
3.0,30.0,68.0,561.0,829.0,953.0,4,963.0
3.0,30.0,350.0,561.0,657.0,953.0,4,963.0
3.0,30.0,350.0,657.0,829.0,953.0,4,963.0
3.0,14.0,48.0,254.0,592.0,700.0,4,786.0
3.0,14.0,48.0,518.0,592.0,609.0,4,700.0
3.0,14.0,48.0,592.0,644.0,786.0,4,897.0
3.0,14.0,48.0,254.0,592.0,609.0,4,700.0
3.0,14.0,48.0,254.0,592.0,609.0,4,700.0
3.0,14.0,254.0,532.0,592.0,700.0,4,786.0
3.0,14.0,254.0,532.0,592.0,700.0,4,786.0
3.0,14.0,48.0,254.0,592.0,700.0,4,786.0
3.0,14.0,48.0,254.0,592.0,700.0,4,786.0
3.0,14.0,254.0,592.0,609.0,700.0,4,786.0
3.0,14.0,48.0,518.0,532.0,592.0,4,897.0
3.0,14.0,272.0,518.0,532.0,877.0,4,897.0
3.0,34.0,55.0,112.0,137.0,719.0,4,811.0
3.0,34.0,55.0,112.0,137.0,719.0,4,811.0
3.0,34.0,55.0,112.0,137.0,299.0,4,719.0
3.0,34.0,55.0,112.0,247.0,299.0,4,719.0
3.0,34.0,55.0,112.0,247.0,299.0,4,719.0
3.0,34.0,36.0,55.0,137.0,299.0,4,811.0
3.0,12.0,111.0,201.0,301.0,715.0,4,856.0
3.0,12.0,0.0,216.0,647.0,715.0,4,856.0
3.0,12.0,0.0,111.0,201.0,715.0,4,983.0
3.0,12.0,111.0,301.0,715.0,856.0,4,983.0
3.0,12.0,111.0,201.0,216.0,301.0,4,856.0
3.0,12.0,0.0,201.0,216.0,715.0,4,983.0
3.0,12.0,111.0,216.0,301.0,715.0,4,856.0
3.0,12.0,0.0,111.0,201.0,647.0,4,856.0
3.0,26.0,29.0,40.0,315.0,536.0,4,874.0
3.0,26.0,29.0,40.0,315.0,874.0,4,948.0
3.0,26.0,29.0,40.0,315.0,536.0,4,874.0
3.0,26.0,29.0,40.0,315.0,874.0,4,1024.0
3.0,26.0,29.0,40.0,874.0,948.0,4,1024.0
3.0,26.0,29.0,40.0,315.0,874.0,4,1024.0
3.0,26.0,29.0,40.0,315.0,874.0,4,948.0
3.0,26.0,315.0,454.0,536.0,948.0,4,1024.0
3.0,1.0,570.0,577.0,790.0,808.0,4,820.0
3.0,1.0,305.0,577.0,815.0,820.0,4,960.0
3.0,1.0,305.0,356.0,815.0,820.0,4,960.0
3.0,1.0,305.0,356.0,808.0,815.0,4,960.0
3.0,1.0,356.0,790.0,808.0,815.0,4,960.0
3.0,1.0,356.0,570.0,790.0,808.0,4,960.0
3.0,1.0,570.0,577.0,790.0,808.0,4,960.0
3.0,1.0,570.0,577.0,790.0,808.0,4,820.0
3.0,1.0,570.0,790.0,808.0,815.0,4,820.0
3.0,1.0,305.0,356.0,790.0,815.0,4,960.0
3.0,1.0,305.0,356.0,790.0,815.0,4,960.0
3.0,1.0,305.0,356.0,808.0,815.0,4,820.0
3.0,14.0,48.0,518.0,592.0,609.0,4,700.0
3.0,14.0,518.0,592.0,609.0,786.0,4,897.0
3.0,14.0,48.0,254.0,700.0,786.0,4,897.0
3.0,14.0,48.0,254.0,592.0,644.0,4,786.0
3.0,14.0,48.0,254.0,592.0,786.0,4,897.0
3.0,14.0,518.0,592.0,609.0,786.0,4,897.0
3.0,14.0,48.0,518.0,609.0,700.0,4,897.0
3.0,14.0,518.0,592.0,609.0,700.0,4,786.0
3.0,28.0,41.0,484.0,553.0,608.0,4,685.0
3.0,28.0,218.0,608.0,754.0,859.0,4,922.0
3.0,28.0,218.0,608.0,754.0,859.0,4,922.0
3.0,28.0,218.0,553.0,754.0,859.0,4,922.0
3.0,28.0,484.0,553.0,608.0,754.0,4,922.0
3.0,28.0,41.0,218.0,608.0,685.0,4,859.0
3.0,28.0,41.0,553.0,608.0,685.0,4,859.0
3.0,28.0,41.0,218.0,608.0,754.0,4,859.0
3.0,28.0,218.0,608.0,754.0,859.0,4,922.0
3.0,28.0,484.0,608.0,685.0,754.0,4,922.0
3.0,14.0,518.0,609.0,700.0,786.0,4,877.0
3.0,14.0,518.0,609.0,700.0,786.0,4,877.0
3.0,14.0,518.0,532.0,644.0,786.0,4,877.0
3.0,14.0,518.0,532.0,644.0,786.0,4,877.0
3.0,14.0,254.0,609.0,700.0,786.0,4,897.0
3.0,14.0,518.0,644.0,786.0,877.0,4,897.0
3.0,14.0,254.0,609.0,700.0,786.0,4,897.0
3.0,14.0,48.0,518.0,609.0,700.0,4,897.0
3.0,14.0,518.0,609.0,786.0,877.0,4,897.0
3.0,14.0,48.0,254.0,700.0,786.0,4,897.0
3.0,14.0,48.0,254.0,609.0,700.0,4,897.0
3.0,14.0,518.0,532.0,609.0,786.0,4,897.0
3.0,14.0,518.0,532.0,609.0,786.0,4,897.0
3.0,14.0,518.0,609.0,786.0,877.0,4,897.0
3.0,14.0,518.0,609.0,700.0,786.0,4,897.0
3.0,14.0,518.0,592.0,609.0,786.0,4,897.0
3.0,14.0,48.0,254.0,592.0,700.0,4,786.0
3.0,14.0,48.0,518.0,609.0,700.0,4,897.0
3.0,14.0,48.0,254.0,592.0,609.0,4,700.0
3.0,14.0,48.0,254.0,592.0,609.0,4,700.0
3.0,14.0,518.0,592.0,609.0,786.0,4,897.0
3.0,14.0,7.0,518.0,609.0,786.0,4,897.0
3.0,14.0,7.0,518.0,609.0,786.0,4,897.0
3.0,14.0,48.0,254.0,592.0,700.0,4,786.0
3.0,14.0,48.0,254.0,592.0,700.0,4,786.0
3.0,14.0,48.0,254.0,592.0,609.0,4,700.0
3.0,14.0,48.0,518.0,609.0,700.0,4,897.0
3.0,16.0,133.0,296.0,477.0,702.0,4,798.0
3.0,16.0,285.0,296.0,477.0,702.0,4,798.0
3.0,16.0,285.0,296.0,495.0,674.0,4,996.0
3.0,16.0,133.0,296.0,495.0,702.0,4,798.0
3.0,16.0,296.0,477.0,674.0,702.0,4,798.0
3.0,16.0,133.0,296.0,477.0,702.0,4,798.0
3.0,16.0,133.0,296.0,477.0,702.0,4,798.0
3.0,16.0,296.0,416.0,674.0,798.0,4,996.0
3.0,29.0,46.0,338.0,456.0,769.0,4,990.0
3.0,29.0,46.0,338.0,456.0,769.0,4,990.0
3.0,29.0,46.0,338.0,456.0,769.0,4,990.0
3.0,29.0,46.0,338.0,456.0,769.0,4,990.0
3.0,29.0,46.0,86.0,132.0,456.0,4,990.0
3.0,14.0,48.0,254.0,592.0,700.0,4,786.0
3.0,14.0,48.0,254.0,592.0,609.0,4,786.0
3.0,14.0,518.0,592.0,609.0,786.0,4,897.0
3.0,14.0,518.0,592.0,609.0,786.0,4,897.0
3.0,14.0,272.0,518.0,609.0,700.0,4,897.0
3.0,14.0,254.0,592.0,609.0,700.0,4,786.0
3.0,14.0,518.0,532.0,592.0,609.0,4,897.0
3.0,14.0,532.0,592.0,609.0,877.0,4,897.0
3.0,14.0,532.0,592.0,609.0,877.0,4,897.0
3.0,14.0,254.0,532.0,592.0,700.0,4,786.0
3.0,14.0,254.0,592.0,609.0,700.0,4,786.0
3.0,14.0,518.0,532.0,592.0,786.0,4,897.0
3.0,30.0,68.0,350.0,657.0,829.0,4,953.0
3.0,30.0,350.0,689.0,829.0,847.0,4,953.0
3.0,30.0,240.0,561.0,657.0,689.0,4,847.0
3.0,30.0,240.0,350.0,561.0,657.0,4,689.0
3.0,30.0,68.0,350.0,657.0,829.0,4,953.0
3.0,30.0,68.0,350.0,657.0,829.0,4,953.0
3.0,30.0,561.0,657.0,689.0,829.0,4,953.0
3.0,24.0,463.0,576.0,746.0,863.0,4,947.0
3.0,24.0,425.0,576.0,750.0,863.0,4,888.0
3.0,24.0,321.0,425.0,463.0,750.0,4,888.0
3.0,24.0,321.0,463.0,576.0,888.0,4,947.0
3.0,24.0,576.0,746.0,863.0,888.0,4,947.0
3.0,24.0,463.0,576.0,746.0,863.0,4,947.0
3.0,24.0,463.0,576.0,746.0,863.0,4,947.0
3.0,24.0,321.0,425.0,576.0,750.0,4,888.0
3.0,24.0,321.0,425.0,463.0,750.0,4,888.0
3.0,0.0,13.0,493.0,535.0,686.0,4,713.0
3.0,0.0,418.0,493.0,535.0,686.0,4,1037.0
3.0,0.0,418.0,535.0,686.0,695.0,4,1037.0
3.0,0.0,418.0,465.0,686.0,695.0,4,1037.0
3.0,0.0,418.0,493.0,535.0,713.0,4,1037.0
3.0,0.0,493.0,535.0,686.0,713.0,4,1037.0
3.0,0.0,13.0,493.0,535.0,686.0,4,713.0
3.0,0.0,13.0,493.0,535.0,686.0,4,713.0
3.0,0.0,13.0,418.0,493.0,535.0,4,695.0
3.0,0.0,418.0,465.0,686.0,695.0,4,1037.0
3.0,0.0,418.0,493.0,535.0,695.0,4,1037.0
3.0,0.0,13.0,418.0,493.0,535.0,4,695.0
3.0,0.0,448.0,465.0,676.0,695.0,4,1037.0
3.0,14.0,254.0,592.0,609.0,700.0,4,786.0
3.0,14.0,254.0,592.0,609.0,700.0,4,786.0
3.0,14.0,518.0,592.0,609.0,786.0,4,897.0
3.0,14.0,518.0,592.0,644.0,786.0,4,897.0
3.0,14.0,254.0,592.0,609.0,700.0,4,786.0
3.0,18.0,181.0,514.0,579.0,866.0,4,867.0
3.0,18.0,204.0,226.0,809.0,867.0,4,1013.0
3.0,18.0,181.0,226.0,579.0,809.0,4,866.0
3.0,18.0,514.0,579.0,866.0,867.0,4,1013.0
3.0,18.0,204.0,514.0,579.0,866.0,4,1013.0
3.0,18.0,181.0,226.0,514.0,579.0,4,866.0
3.0,18.0,181.0,204.0,226.0,514.0,4,866.0
3.0,18.0,181.0,204.0,514.0,579.0,4,866.0
3.0,18.0,204.0,226.0,809.0,866.0,4,1013.0
3.0,18.0,226.0,579.0,809.0,866.0,4,1013.0
3.0,14.0,254.0,592.0,609.0,700.0,4,786.0
3.0,14.0,518.0,609.0,786.0,877.0,4,897.0
3.0,14.0,518.0,592.0,609.0,786.0,4,897.0
3.0,14.0,254.0,592.0,609.0,786.0,4,877.0
3.0,14.0,518.0,592.0,609.0,786.0,4,877.0
3.0,14.0,254.0,592.0,700.0,786.0,4,897.0
3.0,14.0,254.0,592.0,609.0,786.0,4,877.0
3.0,14.0,254.0,609.0,700.0,786.0,4,897.0
3.0,14.0,272.0,518.0,609.0,877.0,4,897.0
3.0,14.0,7.0,609.0,644.0,786.0,4,897.0
3.0,14.0,254.0,609.0,700.0,786.0,4,897.0
3.0,14.0,254.0,609.0,786.0,877.0,4,897.0
3.0,13.0,161.0,238.0,817.0,922.0,4,971.0
3.0,13.0,161.0,191.0,673.0,817.0,4,971.0
3.0,13.0,191.0,238.0,673.0,922.0,4,925.0
3.0,13.0,191.0,238.0,673.0,922.0,4,925.0
3.0,13.0,161.0,238.0,817.0,922.0,4,971.0
3.0,13.0,161.0,191.0,817.0,922.0,4,971.0
3.0,13.0,161.0,191.0,817.0,922.0,4,925.0
3.0,13.0,161.0,191.0,817.0,922.0,4,925.0
3.0,13.0,161.0,238.0,673.0,817.0,4,925.0
3.0,13.0,191.0,238.0,817.0,922.0,4,971.0
3.0,13.0,191.0,238.0,817.0,922.0,4,971.0
3.0,13.0,161.0,191.0,817.0,922.0,4,971.0
3.0,13.0,161.0,191.0,817.0,922.0,4,971.0
3.0,13.0,161.0,238.0,817.0,922.0,4,971.0
3.0,0.0,465.0,493.0,494.0,686.0,4,1037.0
3.0,0.0,13.0,493.0,535.0,686.0,4,713.0
3.0,0.0,13.0,493.0,535.0,695.0,4,713.0
3.0,0.0,13.0,493.0,535.0,686.0,4,713.0
3.0,0.0,13.0,493.0,535.0,686.0,4,713.0
3.0,0.0,13.0,418.0,493.0,535.0,4,686.0
3.0,0.0,13.0,493.0,535.0,686.0,4,713.0
3.0,0.0,13.0,493.0,535.0,686.0,4,713.0
3.0,0.0,13.0,418.0,493.0,535.0,4,695.0
3.0,0.0,418.0,535.0,686.0,695.0,4,1037.0
3.0,0.0,418.0,465.0,494.0,695.0,4,1037.0
3.0,0.0,465.0,493.0,494.0,695.0,4,1037.0
3.0,0.0,13.0,418.0,535.0,695.0,4,713.0
3.0,0.0,13.0,418.0,494.0,686.0,4,713.0
3.0,0.0,13.0,418.0,494.0,686.0,4,713.0
3.0,0.0,13.0,493.0,494.0,686.0,4,713.0
3.0,0.0,13.0,493.0,494.0,686.0,4,713.0
3.0,0.0,13.0,418.0,465.0,494.0,4,695.0
3.0,0.0,13.0,493.0,535.0,686.0,4,713.0
3.0,28.0,110.0,367.0,608.0,685.0,4,922.0
3.0,28.0,110.0,497.0,608.0,685.0,4,922.0
3.0,28.0,41.0,110.0,497.0,608.0,4,859.0
3.0,28.0,41.0,110.0,608.0,859.0,4,971.0
3.0,28.0,41.0,367.0,685.0,859.0,4,971.0
3.0,28.0,110.0,497.0,608.0,685.0,4,922.0
3.0,28.0,41.0,110.0,608.0,859.0,4,971.0
3.0,28.0,41.0,110.0,608.0,859.0,4,971.0
3.0,28.0,110.0,608.0,685.0,922.0,4,971.0
3.0,29.0,46.0,456.0,580.0,914.0,4,990.0
3.0,29.0,46.0,456.0,580.0,914.0,4,990.0
3.0,29.0,46.0,456.0,580.0,914.0,4,990.0
3.0,29.0,86.0,456.0,508.0,580.0,4,990.0
3.0,29.0,86.0,456.0,580.0,769.0,4,914.0
3.0,1.0,577.0,682.0,790.0,808.0,4,815.0
3.0,1.0,305.0,682.0,815.0,820.0,4,905.0
3.0,1.0,305.0,682.0,815.0,820.0,4,905.0
3.0,1.0,570.0,577.0,790.0,808.0,4,820.0
3.0,1.0,570.0,577.0,790.0,808.0,4,820.0
3.0,1.0,570.0,682.0,808.0,815.0,4,820.0
3.0,1.0,305.0,682.0,815.0,820.0,4,905.0
3.0,1.0,305.0,682.0,815.0,820.0,4,905.0
3.0,1.0,570.0,577.0,790.0,808.0,4,820.0
3.0,0.0,13.0,493.0,535.0,686.0,4,713.0
3.0,0.0,13.0,418.0,465.0,494.0,4,686.0
3.0,0.0,13.0,493.0,535.0,686.0,4,713.0
3.0,0.0,13.0,418.0,493.0,535.0,4,695.0
3.0,0.0,418.0,493.0,494.0,713.0,4,1037.0
3.0,0.0,13.0,418.0,493.0,535.0,4,713.0
3.0,0.0,13.0,418.0,493.0,535.0,4,713.0
3.0,0.0,13.0,493.0,535.0,686.0,4,713.0
3.0,0.0,418.0,494.0,695.0,713.0,4,1037.0
3.0,0.0,493.0,535.0,686.0,713.0,4,1037.0
3.0,0.0,13.0,418.0,493.0,535.0,4,713.0
3.0,0.0,13.0,418.0,465.0,493.0,4,535.0
3.0,0.0,13.0,418.0,465.0,686.0,4,1037.0
3.0,0.0,13.0,418.0,686.0,713.0,4,1037.0
3.0,0.0,13.0,418.0,493.0,535.0,4,713.0
3.0,0.0,13.0,493.0,535.0,686.0,4,713.0
3.0,0.0,418.0,493.0,535.0,713.0,4,1037.0
3.0,0.0,418.0,493.0,535.0,713.0,4,1037.0
3.0,0.0,13.0,493.0,535.0,686.0,4,713.0
3.0,0.0,13.0,493.0,535.0,686.0,4,713.0
3.0,0.0,13.0,418.0,493.0,535.0,4,713.0
3.0,0.0,13.0,418.0,493.0,535.0,4,713.0
3.0,0.0,13.0,493.0,535.0,686.0,4,713.0
3.0,0.0,418.0,493.0,494.0,686.0,4,1037.0
3.0,0.0,418.0,494.0,686.0,695.0,4,1037.0
3.0,0.0,13.0,493.0,535.0,686.0,4,713.0
3.0,26.0,40.0,454.0,536.0,874.0,4,948.0
3.0,26.0,40.0,454.0,536.0,874.0,4,948.0
3.0,26.0,40.0,450.0,454.0,948.0,4,1024.0
3.0,26.0,450.0,843.0,874.0,948.0,4,1024.0
3.0,26.0,40.0,450.0,843.0,874.0,4,948.0
3.0,26.0,40.0,454.0,536.0,874.0,4,948.0
3.0,26.0,40.0,450.0,843.0,874.0,4,1024.0
3.0,26.0,450.0,843.0,874.0,948.0,4,1024.0
3.0,26.0,40.0,450.0,843.0,874.0,4,948.0
3.0,9.0,452.0,510.0,599.0,845.0,4,1019.0
3.0,9.0,452.0,510.0,599.0,845.0,4,1019.0
3.0,9.0,76.0,149.0,510.0,599.0,4,1019.0
3.0,9.0,76.0,149.0,599.0,845.0,4,1019.0
3.0,9.0,85.0,149.0,510.0,845.0,4,1019.0
3.0,9.0,76.0,149.0,599.0,845.0,4,1019.0
3.0,9.0,85.0,452.0,510.0,845.0,4,1019.0
3.0,0.0,13.0,493.0,535.0,686.0,4,713.0
3.0,0.0,418.0,465.0,494.0,695.0,4,1037.0
3.0,0.0,418.0,465.0,493.0,535.0,4,1037.0
3.0,0.0,418.0,493.0,686.0,713.0,4,1037.0
3.0,0.0,418.0,465.0,493.0,695.0,4,713.0
3.0,0.0,13.0,493.0,535.0,686.0,4,713.0
3.0,0.0,13.0,493.0,535.0,686.0,4,713.0
3.0,0.0,13.0,418.0,493.0,535.0,4,686.0
3.0,0.0,13.0,418.0,493.0,535.0,4,695.0
3.0,0.0,418.0,465.0,686.0,695.0,4,1037.0
3.0,0.0,418.0,465.0,686.0,695.0,4,810.0
3.0,0.0,418.0,448.0,465.0,695.0,4,810.0
3.0,0.0,13.0,493.0,535.0,695.0,4,713.0
3.0,0.0,13.0,418.0,493.0,695.0,4,1037.0
3.0,0.0,418.0,465.0,493.0,695.0,4,1037.0
3.0,0.0,418.0,465.0,493.0,695.0,4,1037.0
3.0,0.0,13.0,418.0,493.0,535.0,4,713.0
3.0,0.0,418.0,465.0,493.0,535.0,4,1037.0
3.0,0.0,418.0,465.0,535.0,695.0,4,1037.0
3.0,0.0,418.0,465.0,695.0,772.0,4,810.0
3.0,4.0,103.0,505.0,589.0,646.0,4,936.0
3.0,4.0,103.0,426.0,505.0,589.0,4,936.0
3.0,4.0,426.0,487.0,505.0,589.0,4,936.0
3.0,4.0,259.0,487.0,505.0,589.0,4,646.0
3.0,4.0,259.0,487.0,505.0,589.0,4,646.0
3.0,4.0,259.0,487.0,505.0,646.0,4,936.0
3.0,4.0,103.0,259.0,487.0,505.0,4,646.0
3.0,4.0,259.0,487.0,505.0,589.0,4,936.0
3.0,4.0,259.0,487.0,589.0,646.0,4,936.0
3.0,4.0,259.0,487.0,505.0,589.0,4,646.0
3.0,4.0,259.0,487.0,505.0,589.0,4,646.0
3.0,18.0,14.0,181.0,204.0,579.0,4,809.0
3.0,18.0,514.0,742.0,867.0,876.0,4,1013.0
3.0,18.0,181.0,514.0,579.0,867.0,4,876.0
3.0,18.0,14.0,181.0,204.0,579.0,4,809.0
3.0,18.0,181.0,204.0,514.0,579.0,4,867.0
3.0,12.0,111.0,201.0,933.0,983.0,4,986.0
3.0,12.0,111.0,647.0,910.0,933.0,4,986.0
3.0,12.0,111.0,647.0,910.0,933.0,4,986.0
3.0,12.0,111.0,647.0,910.0,933.0,4,986.0
3.0,12.0,201.0,301.0,715.0,910.0,4,983.0
3.0,12.0,201.0,301.0,715.0,983.0,4,986.0
3.0,12.0,111.0,201.0,933.0,983.0,4,986.0
3.0,12.0,111.0,201.0,933.0,983.0,4,986.0
3.0,12.0,111.0,301.0,647.0,856.0,4,983.0
3.0,12.0,301.0,647.0,715.0,856.0,4,983.0
3.0,12.0,301.0,647.0,715.0,856.0,4,986.0
3.0,12.0,0.0,531.0,647.0,715.0,4,986.0
3.0,16.0,133.0,296.0,495.0,702.0,4,798.0
3.0,16.0,133.0,296.0,495.0,702.0,4,798.0
3.0,16.0,296.0,495.0,674.0,798.0,4,996.0
3.0,16.0,285.0,296.0,495.0,674.0,4,996.0
3.0,16.0,285.0,416.0,674.0,702.0,4,996.0
3.0,16.0,285.0,416.0,674.0,702.0,4,996.0
3.0,16.0,285.0,416.0,674.0,702.0,4,996.0
3.0,16.0,285.0,495.0,674.0,702.0,4,996.0
3.0,16.0,285.0,296.0,495.0,798.0,4,996.0
3.0,16.0,133.0,296.0,495.0,702.0,4,798.0
3.0,16.0,296.0,416.0,674.0,798.0,4,996.0
3.0,16.0,285.0,416.0,674.0,702.0,4,996.0
3.0,16.0,296.0,416.0,674.0,702.0,4,996.0
3.0,0.0,13.0,493.0,535.0,686.0,4,713.0
3.0,0.0,13.0,493.0,535.0,686.0,4,713.0
3.0,0.0,13.0,493.0,535.0,686.0,4,713.0
3.0,0.0,418.0,465.0,493.0,695.0,4,1037.0
3.0,0.0,418.0,493.0,535.0,695.0,4,1037.0
3.0,0.0,13.0,493.0,535.0,686.0,4,713.0
3.0,0.0,13.0,418.0,535.0,686.0,4,713.0
3.0,0.0,13.0,418.0,535.0,686.0,4,713.0
3.0,0.0,13.0,418.0,493.0,535.0,4,686.0
3.0,0.0,418.0,493.0,535.0,686.0,4,1037.0
3.0,0.0,418.0,494.0,686.0,695.0,4,1037.0
3.0,0.0,418.0,465.0,494.0,695.0,4,1037.0
3.0,0.0,418.0,465.0,494.0,695.0,4,1037.0
3.0,0.0,418.0,465.0,494.0,695.0,4,810.0
3.0,0.0,448.0,465.0,494.0,695.0,4,810.0
3.0,0.0,13.0,418.0,493.0,494.0,4,686.0
3.0,0.0,13.0,418.0,493.0,535.0,4,686.0
3.0,0.0,13.0,493.0,535.0,686.0,4,713.0
3.0,0.0,13.0,493.0,535.0,686.0,4,713.0
3.0,0.0,13.0,418.0,493.0,535.0,4,686.0
3.0,0.0,418.0,535.0,686.0,695.0,4,1037.0
3.0,0.0,13.0,418.0,493.0,535.0,4,686.0
3.0,0.0,13.0,418.0,493.0,535.0,4,713.0
3.0,1.0,118.0,570.0,790.0,808.0,4,820.0
3.0,1.0,118.0,570.0,790.0,808.0,4,820.0
3.0,1.0,356.0,790.0,808.0,820.0,4,905.0
3.0,1.0,356.0,790.0,808.0,820.0,4,905.0
3.0,1.0,305.0,356.0,570.0,808.0,4,960.0
3.0,1.0,118.0,570.0,808.0,820.0,4,960.0
3.0,0.0,13.0,493.0,535.0,686.0,4,713.0
3.0,0.0,418.0,448.0,493.0,535.0,4,686.0
3.0,0.0,418.0,448.0,493.0,535.0,4,676.0
3.0,0.0,418.0,465.0,494.0,535.0,4,676.0
3.0,0.0,418.0,465.0,494.0,676.0,4,686.0
3.0,0.0,418.0,465.0,493.0,494.0,4,686.0
3.0,0.0,13.0,418.0,493.0,535.0,4,676.0
3.0,0.0,13.0,418.0,493.0,676.0,4,686.0
3.0,0.0,13.0,418.0,493.0,676.0,4,686.0
3.0,0.0,13.0,418.0,493.0,535.0,4,686.0
3.0,0.0,13.0,418.0,493.0,535.0,4,713.0
3.0,0.0,13.0,493.0,535.0,686.0,4,713.0
3.0,0.0,13.0,493.0,535.0,676.0,4,713.0
3.0,0.0,13.0,493.0,535.0,676.0,4,713.0
3.0,0.0,13.0,493.0,535.0,676.0,4,713.0
3.0,0.0,13.0,418.0,493.0,535.0,4,686.0
3.0,0.0,418.0,493.0,535.0,686.0,4,1037.0
3.0,0.0,13.0,418.0,493.0,535.0,4,713.0
3.0,0.0,13.0,418.0,493.0,535.0,4,713.0
3.0,0.0,13.0,493.0,494.0,686.0,4,713.0
3.0,0.0,13.0,418.0,493.0,494.0,4,686.0
3.0,0.0,418.0,494.0,686.0,695.0,4,1037.0
3.0,0.0,13.0,493.0,535.0,686.0,4,713.0
3.0,0.0,13.0,493.0,535.0,686.0,4,713.0
3.0,0.0,13.0,493.0,535.0,686.0,4,713.0
3.0,0.0,13.0,493.0,535.0,686.0,4,713.0
3.0,0.0,13.0,493.0,535.0,686.0,4,713.0
3.0,0.0,418.0,494.0,676.0,695.0,4,1037.0
3.0,0.0,418.0,465.0,494.0,695.0,4,1037.0
3.0,0.0,13.0,418.0,493.0,535.0,4,686.0
3.0,0.0,13.0,493.0,535.0,686.0,4,713.0
3.0,0.0,13.0,418.0,493.0,535.0,4,686.0
3.0,0.0,418.0,465.0,686.0,695.0,4,1037.0
3.0,0.0,13.0,493.0,535.0,686.0,4,713.0
3.0,0.0,13.0,493.0,535.0,686.0,4,713.0
3.0,0.0,13.0,418.0,493.0,535.0,4,695.0
3.0,0.0,13.0,418.0,493.0,535.0,4,713.0
3.0,0.0,13.0,418.0,493.0,535.0,4,713.0
3.0,30.0,68.0,350.0,829.0,953.0,4,963.0
3.0,30.0,68.0,350.0,657.0,953.0,4,963.0
3.0,30.0,68.0,561.0,657.0,953.0,4,963.0
3.0,30.0,240.0,561.0,657.0,953.0,4,963.0
3.0,30.0,240.0,561.0,657.0,689.0,4,829.0
3.0,30.0,240.0,657.0,689.0,829.0,4,847.0
3.0,30.0,240.0,657.0,689.0,829.0,4,847.0
3.0,30.0,240.0,350.0,689.0,829.0,4,847.0
3.0,30.0,68.0,829.0,847.0,953.0,4,963.0
3.0,30.0,68.0,240.0,350.0,657.0,4,847.0
3.0,0.0,418.0,465.0,535.0,695.0,4,1037.0
3.0,0.0,418.0,465.0,535.0,695.0,4,1037.0
3.0,0.0,13.0,418.0,465.0,695.0,4,1037.0
3.0,0.0,13.0,418.0,493.0,695.0,4,1037.0
3.0,0.0,13.0,418.0,493.0,695.0,4,1037.0
3.0,0.0,13.0,418.0,493.0,686.0,4,1037.0
3.0,0.0,13.0,418.0,493.0,535.0,4,686.0
3.0,0.0,13.0,418.0,493.0,535.0,4,695.0
3.0,0.0,13.0,418.0,493.0,695.0,4,1037.0
3.0,0.0,13.0,418.0,493.0,535.0,4,686.0
3.0,0.0,13.0,418.0,493.0,535.0,4,686.0
3.0,24.0,463.0,576.0,746.0,863.0,4,947.0
3.0,24.0,321.0,425.0,576.0,750.0,4,888.0
3.0,24.0,321.0,425.0,463.0,750.0,4,888.0
3.0,24.0,321.0,463.0,576.0,746.0,4,947.0
3.0,24.0,463.0,576.0,746.0,863.0,4,947.0
3.0,24.0,425.0,576.0,750.0,863.0,4,888.0
3.0,24.0,463.0,576.0,746.0,863.0,4,947.0
3.0,24.0,463.0,576.0,746.0,863.0,4,947.0
3.0,0.0,13.0,493.0,535.0,686.0,4,713.0
3.0,0.0,418.0,465.0,494.0,695.0,4,1037.0
3.0,0.0,418.0,493.0,494.0,686.0,4,1037.0
3.0,0.0,13.0,418.0,493.0,535.0,4,686.0
3.0,0.0,418.0,493.0,535.0,686.0,4,1037.0
3.0,0.0,418.0,493.0,535.0,695.0,4,1037.0
3.0,0.0,13.0,418.0,493.0,535.0,4,695.0
3.0,0.0,13.0,418.0,493.0,535.0,4,713.0
3.0,0.0,13.0,418.0,493.0,535.0,4,713.0
3.0,0.0,13.0,493.0,535.0,686.0,4,713.0
3.0,0.0,418.0,465.0,494.0,695.0,4,1037.0
3.0,0.0,418.0,465.0,494.0,686.0,4,1037.0
3.0,0.0,418.0,465.0,535.0,686.0,4,1037.0
3.0,0.0,13.0,418.0,493.0,535.0,4,686.0
3.0,0.0,13.0,493.0,535.0,686.0,4,713.0
3.0,0.0,13.0,493.0,535.0,686.0,4,713.0
3.0,0.0,13.0,418.0,535.0,695.0,4,713.0
3.0,0.0,13.0,418.0,493.0,535.0,4,713.0
3.0,0.0,13.0,418.0,493.0,535.0,4,713.0
3.0,0.0,13.0,493.0,535.0,686.0,4,713.0
3.0,0.0,13.0,493.0,535.0,686.0,4,713.0
3.0,0.0,13.0,493.0,535.0,686.0,4,713.0
3.0,0.0,13.0,493.0,535.0,695.0,4,713.0
3.0,0.0,13.0,493.0,535.0,686.0,4,713.0
3.0,0.0,13.0,465.0,493.0,494.0,4,695.0
3.0,0.0,13.0,465.0,493.0,494.0,4,695.0
3.0,13.0,93.0,161.0,191.0,320.0,4,817.0
3.0,13.0,93.0,161.0,191.0,320.0,4,817.0
3.0,13.0,161.0,238.0,673.0,922.0,4,925.0
3.0,13.0,161.0,191.0,320.0,817.0,4,922.0
3.0,13.0,161.0,238.0,320.0,817.0,4,922.0
3.0,13.0,161.0,191.0,320.0,817.0,4,922.0
3.0,13.0,93.0,191.0,320.0,817.0,4,925.0
3.0,13.0,93.0,191.0,238.0,817.0,4,925.0
3.0,13.0,93.0,161.0,320.0,817.0,4,925.0
3.0,0.0,13.0,418.0,465.0,535.0,4,695.0
3.0,0.0,418.0,493.0,494.0,713.0,4,1037.0
3.0,0.0,13.0,493.0,535.0,686.0,4,713.0
3.0,0.0,13.0,493.0,535.0,686.0,4,713.0
3.0,0.0,418.0,493.0,535.0,695.0,4,1037.0
3.0,0.0,13.0,418.0,493.0,494.0,4,713.0
3.0,0.0,13.0,418.0,493.0,535.0,4,713.0
3.0,0.0,13.0,493.0,535.0,686.0,4,713.0
3.0,0.0,418.0,465.0,494.0,695.0,4,1037.0
3.0,0.0,13.0,493.0,535.0,686.0,4,713.0
3.0,0.0,13.0,493.0,535.0,686.0,4,713.0
3.0,0.0,13.0,418.0,493.0,535.0,4,686.0
3.0,0.0,13.0,418.0,493.0,535.0,4,713.0
3.0,4.0,103.0,426.0,589.0,851.0,4,936.0
3.0,4.0,373.0,426.0,437.0,851.0,4,936.0
3.0,4.0,103.0,259.0,373.0,426.0,4,589.0
3.0,4.0,103.0,259.0,373.0,589.0,4,851.0
3.0,4.0,259.0,373.0,589.0,851.0,4,936.0
3.0,4.0,103.0,259.0,426.0,589.0,4,936.0
3.0,4.0,103.0,259.0,589.0,851.0,4,936.0
3.0,4.0,259.0,373.0,589.0,851.0,4,936.0
3.0,4.0,259.0,373.0,437.0,851.0,4,936.0
3.0,4.0,103.0,259.0,373.0,437.0,4,851.0
3.0,0.0,13.0,493.0,535.0,686.0,4,713.0
3.0,0.0,13.0,418.0,493.0,535.0,4,695.0
3.0,0.0,418.0,465.0,494.0,695.0,4,1037.0
3.0,0.0,418.0,465.0,494.0,686.0,4,1037.0
3.0,0.0,13.0,418.0,494.0,686.0,4,713.0
3.0,0.0,13.0,493.0,535.0,686.0,4,713.0
3.0,0.0,13.0,493.0,535.0,686.0,4,713.0
3.0,0.0,13.0,418.0,493.0,535.0,4,695.0
3.0,0.0,418.0,465.0,494.0,686.0,4,1037.0
3.0,0.0,13.0,418.0,493.0,535.0,4,686.0
3.0,0.0,13.0,418.0,493.0,535.0,4,686.0
3.0,0.0,418.0,448.0,465.0,676.0,4,695.0
3.0,0.0,418.0,448.0,465.0,676.0,4,695.0
3.0,16.0,133.0,296.0,416.0,702.0,4,996.0
3.0,16.0,133.0,296.0,495.0,798.0,4,996.0
3.0,16.0,133.0,296.0,495.0,798.0,4,996.0
3.0,16.0,133.0,296.0,495.0,798.0,4,996.0
3.0,16.0,133.0,296.0,702.0,798.0,4,996.0
3.0,34.0,15.0,36.0,335.0,719.0,4,900.0
3.0,34.0,15.0,404.0,432.0,753.0,4,900.0
3.0,34.0,15.0,36.0,404.0,719.0,4,900.0
3.0,34.0,15.0,36.0,432.0,753.0,4,900.0
3.0,34.0,404.0,432.0,719.0,753.0,4,811.0
3.0,34.0,36.0,404.0,719.0,753.0,4,811.0
3.0,34.0,36.0,404.0,719.0,753.0,4,811.0
3.0,0.0,13.0,493.0,535.0,686.0,4,713.0
3.0,0.0,418.0,493.0,535.0,695.0,4,1037.0
3.0,0.0,418.0,465.0,535.0,695.0,4,1037.0
3.0,0.0,418.0,465.0,494.0,695.0,4,1037.0
3.0,0.0,13.0,493.0,535.0,686.0,4,713.0
3.0,0.0,13.0,493.0,535.0,686.0,4,713.0
3.0,0.0,13.0,418.0,493.0,535.0,4,695.0
3.0,0.0,418.0,493.0,535.0,713.0,4,1037.0
3.0,0.0,13.0,418.0,493.0,535.0,4,713.0
3.0,0.0,13.0,418.0,493.0,535.0,4,713.0
3.0,0.0,13.0,418.0,493.0,686.0,4,713.0
3.0,0.0,13.0,418.0,493.0,535.0,4,695.0
3.0,0.0,418.0,465.0,494.0,695.0,4,1037.0
3.0,0.0,13.0,418.0,535.0,686.0,4,695.0
3.0,0.0,13.0,418.0,493.0,535.0,4,686.0
3.0,0.0,13.0,418.0,493.0,535.0,4,686.0
3.0,0.0,418.0,465.0,494.0,695.0,4,1037.0
3.0,0.0,13.0,493.0,535.0,695.0,4,713.0
3.0,0.0,13.0,493.0,535.0,686.0,4,713.0
3.0,0.0,13.0,418.0,493.0,686.0,4,713.0
3.0,0.0,13.0,493.0,535.0,686.0,4,713.0
3.0,0.0,13.0,418.0,493.0,535.0,4,686.0
3.0,0.0,418.0,493.0,535.0,695.0,4,1037.0
3.0,0.0,418.0,493.0,686.0,695.0,4,1037.0
3.0,0.0,13.0,418.0,493.0,686.0,4,695.0
3.0,0.0,13.0,418.0,493.0,535.0,4,686.0
3.0,17.0,47.0,135.0,505.0,635.0,4,642.0
3.0,17.0,47.0,328.0,483.0,505.0,4,642.0
3.0,17.0,108.0,135.0,328.0,483.0,4,598.0
3.0,17.0,47.0,135.0,328.0,505.0,4,642.0
3.0,17.0,328.0,483.0,505.0,598.0,4,642.0
3.0,17.0,135.0,483.0,505.0,598.0,4,642.0
3.0,17.0,135.0,483.0,505.0,598.0,4,642.0
3.0,17.0,135.0,483.0,505.0,598.0,4,642.0
3.0,26.0,40.0,315.0,450.0,536.0,4,684.0
3.0,26.0,40.0,315.0,450.0,684.0,4,1024.0
3.0,26.0,40.0,315.0,450.0,874.0,4,1024.0
3.0,26.0,40.0,315.0,454.0,536.0,4,843.0
3.0,26.0,40.0,315.0,536.0,684.0,4,843.0
3.0,26.0,40.0,315.0,450.0,536.0,4,684.0
3.0,26.0,40.0,315.0,450.0,454.0,4,536.0
3.0,26.0,40.0,315.0,450.0,536.0,4,874.0
3.0,0.0,13.0,418.0,493.0,535.0,4,695.0
3.0,0.0,418.0,465.0,494.0,695.0,4,1037.0
3.0,0.0,13.0,493.0,535.0,686.0,4,713.0
3.0,0.0,13.0,493.0,535.0,686.0,4,713.0
3.0,0.0,13.0,418.0,493.0,535.0,4,686.0
3.0,0.0,13.0,418.0,493.0,535.0,4,695.0
3.0,0.0,13.0,418.0,493.0,686.0,4,695.0
3.0,0.0,418.0,686.0,695.0,713.0,4,1037.0
3.0,0.0,418.0,535.0,686.0,713.0,4,1037.0
3.0,0.0,418.0,493.0,535.0,713.0,4,1037.0
3.0,0.0,13.0,418.0,535.0,686.0,4,713.0
3.0,0.0,418.0,535.0,686.0,713.0,4,1037.0
3.0,0.0,418.0,465.0,494.0,686.0,4,1037.0
3.0,0.0,13.0,418.0,535.0,695.0,4,713.0
3.0,0.0,418.0,535.0,686.0,713.0,4,1037.0
3.0,0.0,13.0,418.0,535.0,686.0,4,713.0
3.0,0.0,418.0,535.0,686.0,695.0,4,1037.0
3.0,0.0,13.0,418.0,535.0,695.0,4,1037.0
3.0,9.0,76.0,81.0,85.0,510.0,4,1019.0
3.0,9.0,76.0,81.0,149.0,510.0,4,1019.0
3.0,9.0,81.0,149.0,199.0,599.0,4,1019.0
3.0,9.0,76.0,81.0,149.0,599.0,4,1019.0
3.0,9.0,76.0,81.0,85.0,510.0,4,1019.0
3.0,9.0,76.0,149.0,174.0,199.0,4,599.0
3.0,9.0,76.0,149.0,174.0,510.0,4,599.0
3.0,34.0,404.0,432.0,719.0,753.0,4,900.0
3.0,34.0,404.0,432.0,719.0,753.0,4,900.0
3.0,34.0,15.0,36.0,299.0,432.0,4,753.0
3.0,34.0,15.0,36.0,299.0,432.0,4,753.0
3.0,34.0,15.0,36.0,404.0,753.0,4,900.0
3.0,34.0,36.0,335.0,719.0,753.0,4,900.0
3.0,34.0,15.0,36.0,404.0,719.0,4,900.0
3.0,34.0,36.0,432.0,719.0,753.0,4,900.0
3.0,17.0,211.0,328.0,483.0,505.0,4,642.0
3.0,17.0,135.0,211.0,328.0,483.0,4,642.0
3.0,17.0,135.0,328.0,483.0,642.0,4,797.0
3.0,17.0,135.0,483.0,635.0,642.0,4,797.0
3.0,17.0,108.0,328.0,483.0,505.0,4,598.0
3.0,17.0,108.0,328.0,483.0,505.0,4,598.0
3.0,17.0,108.0,328.0,483.0,505.0,4,598.0
3.0,17.0,108.0,135.0,328.0,483.0,4,505.0
3.0,17.0,108.0,135.0,328.0,505.0,4,642.0
3.0,17.0,108.0,135.0,505.0,598.0,4,642.0
3.0,17.0,108.0,135.0,505.0,598.0,4,642.0
3.0,24.0,463.0,576.0,746.0,863.0,4,947.0
3.0,24.0,463.0,576.0,746.0,863.0,4,947.0
3.0,24.0,463.0,576.0,746.0,863.0,4,947.0
3.0,24.0,330.0,463.0,576.0,582.0,4,947.0
3.0,24.0,330.0,463.0,750.0,863.0,4,947.0
3.0,24.0,463.0,576.0,746.0,863.0,4,947.0
3.0,24.0,425.0,463.0,576.0,746.0,4,863.0
3.0,24.0,463.0,576.0,746.0,750.0,4,863.0
3.0,24.0,463.0,576.0,746.0,863.0,4,947.0
3.0,24.0,330.0,463.0,576.0,863.0,4,947.0
3.0,24.0,330.0,463.0,750.0,863.0,4,947.0
3.0,9.0,81.0,85.0,149.0,845.0,4,941.0
3.0,9.0,81.0,85.0,149.0,941.0,4,1019.0
3.0,9.0,81.0,85.0,149.0,845.0,4,941.0
3.0,9.0,81.0,85.0,149.0,845.0,4,941.0
3.0,9.0,81.0,85.0,149.0,845.0,4,941.0
3.0,9.0,81.0,85.0,149.0,845.0,4,941.0
3.0,9.0,81.0,149.0,599.0,845.0,4,941.0
3.0,9.0,81.0,85.0,149.0,845.0,4,941.0
3.0,9.0,81.0,452.0,599.0,845.0,4,1019.0
3.0,9.0,81.0,85.0,149.0,845.0,4,941.0
3.0,24.0,463.0,576.0,582.0,746.0,4,947.0
3.0,24.0,330.0,425.0,463.0,576.0,4,582.0
3.0,24.0,330.0,425.0,576.0,582.0,4,750.0
3.0,24.0,330.0,425.0,463.0,750.0,4,863.0
3.0,24.0,463.0,576.0,746.0,863.0,4,947.0
3.0,24.0,330.0,463.0,576.0,863.0,4,947.0
3.0,24.0,330.0,425.0,463.0,582.0,4,750.0
3.0,24.0,463.0,576.0,746.0,863.0,4,947.0
3.0,29.0,46.0,86.0,456.0,914.0,4,990.0
3.0,29.0,86.0,283.0,389.0,456.0,4,572.0
3.0,29.0,46.0,86.0,389.0,456.0,4,572.0
3.0,29.0,46.0,86.0,456.0,914.0,4,990.0
3.0,29.0,46.0,456.0,572.0,769.0,4,990.0
3.0,29.0,46.0,456.0,572.0,769.0,4,990.0
3.0,29.0,46.0,86.0,456.0,572.0,4,769.0
3.0,29.0,46.0,86.0,572.0,769.0,4,914.0
3.0,29.0,283.0,456.0,769.0,914.0,4,990.0
3.0,29.0,46.0,86.0,456.0,769.0,4,914.0
3.0,13.0,15.0,80.0,161.0,665.0,4,817.0
3.0,13.0,15.0,161.0,191.0,832.0,4,886.0
3.0,13.0,15.0,80.0,161.0,191.0,4,886.0
3.0,13.0,15.0,80.0,161.0,191.0,4,886.0
3.0,13.0,15.0,80.0,161.0,665.0,4,817.0
3.0,13.0,15.0,80.0,161.0,665.0,4,817.0
3.0,13.0,15.0,161.0,665.0,817.0,4,886.0
3.0,13.0,15.0,80.0,161.0,665.0,4,817.0
3.0,30.0,240.0,561.0,657.0,953.0,4,963.0
3.0,30.0,68.0,350.0,657.0,689.0,4,705.0
3.0,30.0,350.0,689.0,705.0,829.0,4,953.0
3.0,30.0,350.0,689.0,829.0,953.0,4,963.0
3.0,30.0,68.0,350.0,705.0,829.0,4,847.0
3.0,30.0,68.0,350.0,829.0,953.0,4,963.0
3.0,30.0,68.0,350.0,829.0,953.0,4,963.0
3.0,30.0,68.0,350.0,829.0,953.0,4,963.0
3.0,24.0,330.0,463.0,576.0,863.0,4,947.0
3.0,24.0,425.0,576.0,746.0,750.0,4,863.0
3.0,24.0,463.0,576.0,746.0,863.0,4,947.0
3.0,24.0,576.0,746.0,750.0,863.0,4,947.0
3.0,24.0,330.0,425.0,576.0,750.0,4,863.0
3.0,24.0,330.0,425.0,576.0,582.0,4,750.0
3.0,16.0,200.0,296.0,477.0,674.0,4,996.0
3.0,16.0,200.0,296.0,477.0,674.0,4,996.0
3.0,16.0,296.0,477.0,674.0,702.0,4,798.0
3.0,16.0,133.0,200.0,495.0,702.0,4,996.0
3.0,24.0,463.0,576.0,746.0,863.0,4,947.0
3.0,24.0,330.0,425.0,463.0,576.0,4,582.0
3.0,24.0,330.0,425.0,576.0,582.0,4,947.0
3.0,24.0,330.0,425.0,463.0,582.0,4,947.0
3.0,24.0,330.0,425.0,463.0,863.0,4,947.0
3.0,24.0,330.0,425.0,463.0,863.0,4,947.0
3.0,24.0,463.0,576.0,746.0,863.0,4,947.0
3.0,24.0,425.0,463.0,576.0,746.0,4,863.0
3.0,24.0,330.0,425.0,576.0,863.0,4,947.0
3.0,24.0,330.0,425.0,463.0,582.0,4,947.0
3.0,24.0,425.0,463.0,576.0,582.0,4,947.0
3.0,24.0,425.0,463.0,576.0,582.0,4,947.0
3.0,24.0,425.0,463.0,576.0,582.0,4,947.0
3.0,24.0,425.0,463.0,576.0,863.0,4,947.0
3.0,24.0,463.0,576.0,746.0,863.0,4,947.0
3.0,24.0,463.0,576.0,863.0,888.0,4,947.0
3.0,24.0,425.0,463.0,576.0,863.0,4,888.0
3.0,24.0,198.0,425.0,576.0,724.0,4,888.0
3.0,24.0,463.0,576.0,746.0,863.0,4,947.0
3.0,24.0,425.0,463.0,576.0,746.0,4,863.0
3.0,24.0,463.0,576.0,746.0,863.0,4,947.0
3.0,24.0,425.0,463.0,576.0,863.0,4,947.0
3.0,24.0,425.0,463.0,576.0,863.0,4,947.0
3.0,24.0,425.0,576.0,724.0,888.0,4,947.0
3.0,24.0,425.0,463.0,750.0,863.0,4,947.0
3.0,24.0,425.0,463.0,576.0,750.0,4,863.0
3.0,24.0,463.0,576.0,746.0,863.0,4,947.0
3.0,24.0,463.0,576.0,746.0,863.0,4,947.0
3.0,24.0,425.0,576.0,746.0,750.0,4,863.0
3.0,24.0,425.0,463.0,576.0,724.0,4,750.0
3.0,24.0,425.0,463.0,576.0,750.0,4,863.0
3.0,24.0,425.0,576.0,724.0,888.0,4,947.0
3.0,24.0,425.0,463.0,863.0,888.0,4,947.0
3.0,24.0,463.0,576.0,863.0,888.0,4,947.0
3.0,24.0,463.0,576.0,863.0,888.0,4,947.0
3.0,24.0,330.0,425.0,576.0,724.0,4,947.0
3.0,24.0,198.0,425.0,724.0,888.0,4,900.0
3.0,24.0,425.0,576.0,750.0,888.0,4,900.0
3.0,24.0,425.0,463.0,750.0,888.0,4,900.0
3.0,24.0,463.0,576.0,750.0,863.0,4,947.0
3.0,24.0,463.0,576.0,746.0,863.0,4,947.0
3.0,24.0,463.0,576.0,746.0,863.0,4,947.0
3.0,24.0,425.0,463.0,576.0,750.0,4,900.0
3.0,24.0,425.0,463.0,750.0,888.0,4,900.0
3.0,24.0,425.0,463.0,750.0,888.0,4,900.0
3.0,24.0,425.0,576.0,750.0,888.0,4,900.0
3.0,24.0,463.0,576.0,746.0,863.0,4,947.0
3.0,24.0,321.0,425.0,576.0,750.0,4,888.0
3.0,24.0,321.0,425.0,576.0,750.0,4,888.0
3.0,24.0,321.0,425.0,463.0,576.0,4,750.0
3.0,24.0,463.0,576.0,746.0,863.0,4,947.0
3.0,24.0,463.0,576.0,746.0,863.0,4,947.0
3.0,24.0,463.0,576.0,746.0,863.0,4,947.0
3.0,24.0,463.0,576.0,746.0,863.0,4,947.0
3.0,24.0,321.0,425.0,576.0,750.0,4,888.0
3.0,24.0,321.0,425.0,463.0,750.0,4,888.0
3.0,24.0,425.0,463.0,576.0,750.0,4,863.0
3.0,24.0,425.0,463.0,576.0,750.0,4,863.0
3.0,34.0,55.0,112.0,137.0,355.0,4,811.0
3.0,34.0,36.0,55.0,278.0,355.0,4,753.0
3.0,34.0,36.0,55.0,112.0,299.0,4,811.0
3.0,34.0,36.0,112.0,137.0,299.0,4,355.0
3.0,34.0,55.0,112.0,137.0,355.0,4,811.0
3.0,34.0,36.0,55.0,137.0,299.0,4,811.0
3.0,34.0,36.0,55.0,299.0,355.0,4,753.0
3.0,34.0,55.0,112.0,137.0,299.0,4,355.0
3.0,17.0,47.0,108.0,328.0,635.0,4,708.0
3.0,17.0,47.0,108.0,148.0,373.0,4,642.0
3.0,17.0,328.0,373.0,635.0,642.0,4,708.0
3.0,17.0,47.0,108.0,373.0,635.0,4,708.0
3.0,17.0,148.0,373.0,598.0,635.0,4,642.0
3.0,17.0,148.0,373.0,598.0,642.0,4,708.0
3.0,17.0,148.0,373.0,598.0,642.0,4,708.0
3.0,17.0,47.0,148.0,373.0,642.0,4,708.0
3.0,17.0,47.0,108.0,373.0,635.0,4,708.0
3.0,17.0,47.0,108.0,373.0,635.0,4,708.0
3.0,4.0,259.0,487.0,589.0,646.0,4,936.0
3.0,4.0,259.0,487.0,505.0,589.0,4,936.0
3.0,4.0,259.0,487.0,589.0,646.0,4,936.0
3.0,4.0,103.0,259.0,505.0,589.0,4,936.0
3.0,4.0,103.0,426.0,505.0,589.0,4,992.0
3.0,4.0,259.0,487.0,589.0,646.0,4,936.0
3.0,24.0,425.0,463.0,576.0,750.0,4,863.0
3.0,24.0,321.0,425.0,463.0,750.0,4,888.0
3.0,24.0,321.0,425.0,463.0,746.0,4,750.0
3.0,24.0,576.0,746.0,863.0,888.0,4,947.0
3.0,24.0,463.0,576.0,746.0,863.0,4,947.0
3.0,24.0,425.0,463.0,576.0,750.0,4,863.0
3.0,24.0,321.0,425.0,463.0,750.0,4,888.0
3.0,24.0,463.0,576.0,746.0,863.0,4,947.0
3.0,24.0,463.0,576.0,746.0,863.0,4,947.0
3.0,24.0,321.0,425.0,463.0,750.0,4,947.0
3.0,24.0,124.0,425.0,576.0,863.0,4,888.0
3.0,24.0,124.0,463.0,576.0,863.0,4,947.0
3.0,24.0,124.0,463.0,576.0,863.0,4,947.0
3.0,24.0,463.0,576.0,746.0,863.0,4,947.0
3.0,24.0,463.0,576.0,746.0,863.0,4,947.0
3.0,24.0,463.0,576.0,750.0,863.0,4,947.0
3.0,24.0,321.0,425.0,463.0,576.0,4,750.0
3.0,24.0,425.0,576.0,750.0,863.0,4,947.0
3.0,24.0,321.0,425.0,463.0,750.0,4,863.0
3.0,24.0,463.0,576.0,746.0,863.0,4,947.0
3.0,24.0,463.0,576.0,750.0,863.0,4,947.0
3.0,24.0,463.0,576.0,750.0,863.0,4,947.0
3.0,24.0,425.0,463.0,576.0,750.0,4,863.0
3.0,24.0,463.0,576.0,750.0,863.0,4,947.0
3.0,24.0,425.0,463.0,576.0,863.0,4,947.0
3.0,24.0,425.0,463.0,576.0,863.0,4,947.0
3.0,24.0,463.0,576.0,746.0,863.0,4,947.0
3.0,24.0,425.0,463.0,576.0,750.0,4,863.0
3.0,24.0,425.0,463.0,576.0,750.0,4,863.0
3.0,24.0,321.0,425.0,576.0,750.0,4,888.0
3.0,24.0,321.0,425.0,463.0,750.0,4,888.0
3.0,24.0,463.0,576.0,746.0,863.0,4,947.0
3.0,24.0,321.0,463.0,576.0,746.0,4,947.0
3.0,24.0,463.0,576.0,746.0,863.0,4,947.0
3.0,24.0,463.0,576.0,746.0,863.0,4,947.0
3.0,24.0,463.0,576.0,750.0,863.0,4,947.0
3.0,24.0,321.0,425.0,463.0,750.0,4,888.0
3.0,18.0,14.0,181.0,204.0,514.0,4,866.0
3.0,18.0,115.0,181.0,204.0,514.0,4,742.0
3.0,18.0,181.0,204.0,514.0,866.0,4,867.0
3.0,18.0,14.0,181.0,204.0,809.0,4,866.0
3.0,18.0,14.0,181.0,204.0,514.0,4,866.0
3.0,18.0,14.0,115.0,181.0,204.0,4,809.0
3.0,18.0,181.0,204.0,514.0,742.0,4,866.0
3.0,24.0,321.0,425.0,463.0,576.0,4,750.0
3.0,24.0,321.0,425.0,576.0,750.0,4,888.0
3.0,24.0,321.0,425.0,463.0,750.0,4,888.0
3.0,24.0,463.0,576.0,746.0,863.0,4,888.0
3.0,24.0,463.0,576.0,750.0,863.0,4,947.0
3.0,24.0,463.0,576.0,746.0,863.0,4,947.0
3.0,24.0,321.0,463.0,576.0,746.0,4,947.0
3.0,24.0,425.0,463.0,576.0,863.0,4,947.0
3.0,28.0,218.0,608.0,754.0,859.0,4,922.0
3.0,28.0,218.0,608.0,754.0,859.0,4,922.0
3.0,28.0,41.0,553.0,608.0,754.0,4,859.0
3.0,28.0,41.0,553.0,608.0,754.0,4,859.0
3.0,28.0,41.0,218.0,608.0,754.0,4,922.0
3.0,28.0,41.0,218.0,608.0,754.0,4,922.0
3.0,28.0,41.0,553.0,608.0,754.0,4,922.0
3.0,28.0,41.0,218.0,608.0,754.0,4,922.0
3.0,28.0,41.0,553.0,608.0,754.0,4,922.0
3.0,28.0,41.0,553.0,608.0,754.0,4,922.0
3.0,28.0,484.0,608.0,685.0,754.0,4,859.0
3.0,18.0,14.0,204.0,514.0,579.0,4,866.0
3.0,18.0,204.0,226.0,579.0,809.0,4,1013.0
3.0,18.0,204.0,226.0,579.0,809.0,4,1013.0
3.0,18.0,204.0,226.0,579.0,809.0,4,1013.0
3.0,18.0,14.0,204.0,579.0,809.0,4,1013.0
3.0,18.0,181.0,226.0,514.0,579.0,4,876.0
3.0,18.0,14.0,181.0,579.0,809.0,4,866.0
3.0,18.0,181.0,204.0,226.0,579.0,4,809.0
3.0,18.0,181.0,204.0,226.0,579.0,4,809.0
3.0,18.0,204.0,226.0,579.0,809.0,4,1013.0
3.0,18.0,14.0,181.0,204.0,514.0,4,866.0
3.0,18.0,181.0,204.0,226.0,514.0,4,579.0
3.0,30.0,350.0,561.0,657.0,847.0,4,953.0
3.0,30.0,68.0,657.0,847.0,953.0,4,963.0
3.0,30.0,350.0,657.0,705.0,829.0,4,953.0
3.0,30.0,240.0,350.0,657.0,705.0,4,829.0
3.0,30.0,240.0,561.0,705.0,829.0,4,963.0
3.0,30.0,561.0,657.0,829.0,953.0,4,963.0
3.0,30.0,350.0,561.0,657.0,829.0,4,953.0
3.0,24.0,463.0,576.0,746.0,863.0,4,947.0
3.0,24.0,463.0,576.0,746.0,863.0,4,947.0
3.0,24.0,463.0,576.0,750.0,863.0,4,947.0
3.0,24.0,425.0,463.0,576.0,750.0,4,863.0
3.0,24.0,463.0,576.0,746.0,863.0,4,947.0
3.0,24.0,463.0,576.0,746.0,863.0,4,947.0
3.0,24.0,463.0,576.0,746.0,863.0,4,947.0
3.0,24.0,463.0,576.0,746.0,863.0,4,947.0
3.0,24.0,321.0,425.0,463.0,750.0,4,888.0
3.0,24.0,321.0,425.0,463.0,750.0,4,888.0
3.0,24.0,425.0,463.0,750.0,863.0,4,888.0
3.0,24.0,425.0,576.0,750.0,863.0,4,888.0
3.0,24.0,463.0,576.0,746.0,863.0,4,947.0
3.0,24.0,425.0,576.0,750.0,863.0,4,888.0
3.0,24.0,463.0,576.0,746.0,750.0,4,863.0
3.0,24.0,463.0,576.0,746.0,863.0,4,947.0
3.0,24.0,463.0,576.0,746.0,863.0,4,947.0
3.0,24.0,463.0,746.0,863.0,888.0,4,947.0
3.0,24.0,321.0,425.0,463.0,576.0,4,750.0
3.0,24.0,425.0,463.0,750.0,863.0,4,947.0
3.0,24.0,463.0,576.0,746.0,863.0,4,947.0
3.0,13.0,191.0,238.0,320.0,817.0,4,922.0
3.0,13.0,80.0,191.0,238.0,922.0,4,971.0
3.0,13.0,80.0,161.0,191.0,922.0,4,971.0
3.0,13.0,80.0,161.0,290.0,320.0,4,817.0
3.0,13.0,80.0,161.0,191.0,817.0,4,922.0
3.0,13.0,191.0,238.0,817.0,922.0,4,971.0
3.0,13.0,161.0,290.0,320.0,922.0,4,971.0
3.0,13.0,80.0,161.0,290.0,817.0,4,971.0
3.0,29.0,132.0,283.0,338.0,456.0,4,990.0
3.0,29.0,46.0,86.0,338.0,456.0,4,914.0
3.0,29.0,46.0,86.0,338.0,456.0,4,914.0
3.0,29.0,46.0,86.0,132.0,456.0,4,990.0
3.0,29.0,46.0,86.0,132.0,456.0,4,990.0
3.0,29.0,86.0,132.0,389.0,456.0,4,990.0
3.0,29.0,132.0,338.0,389.0,456.0,4,990.0
3.0,29.0,46.0,338.0,456.0,914.0,4,990.0
3.0,29.0,86.0,132.0,338.0,389.0,4,456.0
3.0,29.0,86.0,132.0,338.0,456.0,4,990.0
3.0,24.0,321.0,425.0,576.0,750.0,4,888.0
3.0,24.0,425.0,576.0,750.0,863.0,4,888.0
3.0,24.0,576.0,746.0,863.0,888.0,4,947.0
3.0,24.0,463.0,576.0,746.0,863.0,4,947.0
3.0,24.0,463.0,576.0,746.0,863.0,4,947.0
3.0,24.0,321.0,425.0,576.0,750.0,4,888.0
3.0,24.0,321.0,463.0,750.0,863.0,4,888.0
3.0,24.0,198.0,321.0,463.0,582.0,4,888.0
3.0,24.0,463.0,576.0,746.0,863.0,4,947.0
3.0,24.0,463.0,576.0,746.0,863.0,4,947.0
3.0,24.0,321.0,463.0,576.0,750.0,4,947.0
3.0,24.0,321.0,463.0,605.0,750.0,4,888.0
3.0,24.0,463.0,576.0,750.0,863.0,4,888.0
3.0,24.0,463.0,576.0,746.0,750.0,4,863.0
3.0,24.0,463.0,576.0,746.0,863.0,4,947.0
3.0,24.0,463.0,576.0,746.0,863.0,4,947.0
3.0,24.0,576.0,750.0,863.0,888.0,4,947.0
3.0,24.0,576.0,750.0,863.0,888.0,4,947.0
3.0,12.0,111.0,216.0,301.0,856.0,4,983.0
3.0,12.0,111.0,201.0,301.0,910.0,4,983.0
3.0,12.0,201.0,216.0,301.0,910.0,4,983.0
3.0,12.0,0.0,201.0,216.0,715.0,4,856.0
3.0,12.0,111.0,301.0,715.0,856.0,4,983.0
3.0,12.0,111.0,301.0,715.0,910.0,4,983.0
3.0,12.0,111.0,216.0,301.0,856.0,4,983.0
3.0,12.0,0.0,201.0,216.0,715.0,4,983.0
3.0,12.0,0.0,201.0,216.0,715.0,4,983.0
3.0,24.0,576.0,750.0,863.0,888.0,4,947.0
3.0,24.0,576.0,750.0,863.0,888.0,4,947.0
3.0,24.0,576.0,605.0,750.0,863.0,4,888.0
3.0,24.0,321.0,463.0,605.0,750.0,4,888.0
3.0,24.0,463.0,576.0,746.0,863.0,4,947.0
3.0,24.0,321.0,463.0,576.0,863.0,4,888.0
3.0,24.0,321.0,463.0,576.0,863.0,4,888.0
3.0,24.0,321.0,463.0,576.0,863.0,4,888.0
3.0,24.0,321.0,425.0,463.0,750.0,4,888.0
3.0,24.0,321.0,463.0,576.0,750.0,4,888.0
3.0,24.0,463.0,576.0,750.0,863.0,4,888.0
3.0,24.0,321.0,425.0,463.0,576.0,4,746.0
3.0,24.0,321.0,425.0,463.0,750.0,4,888.0
3.0,24.0,463.0,576.0,863.0,888.0,4,947.0
3.0,24.0,463.0,576.0,863.0,888.0,4,947.0
3.0,26.0,40.0,315.0,488.0,843.0,4,1024.0
3.0,26.0,40.0,315.0,450.0,536.0,4,874.0
3.0,26.0,315.0,536.0,684.0,843.0,4,1024.0
3.0,26.0,454.0,488.0,684.0,843.0,4,1024.0
3.0,1.0,356.0,682.0,740.0,790.0,4,815.0
3.0,1.0,356.0,682.0,705.0,740.0,4,815.0
3.0,1.0,577.0,682.0,705.0,740.0,4,815.0
3.0,1.0,577.0,740.0,790.0,815.0,4,820.0
3.0,1.0,570.0,577.0,790.0,808.0,4,820.0
3.0,1.0,356.0,570.0,790.0,808.0,4,820.0
3.0,1.0,356.0,570.0,790.0,808.0,4,820.0
3.0,1.0,356.0,682.0,740.0,790.0,4,815.0
3.0,1.0,577.0,682.0,705.0,808.0,4,815.0
3.0,1.0,577.0,790.0,808.0,815.0,4,820.0
3.0,24.0,463.0,576.0,746.0,863.0,4,947.0
3.0,24.0,463.0,576.0,746.0,863.0,4,947.0
3.0,24.0,576.0,750.0,863.0,888.0,4,947.0
3.0,24.0,321.0,576.0,750.0,888.0,4,947.0
3.0,24.0,321.0,425.0,463.0,750.0,4,888.0
3.0,24.0,463.0,576.0,750.0,863.0,4,888.0
3.0,24.0,463.0,576.0,746.0,863.0,4,947.0
3.0,24.0,321.0,425.0,463.0,576.0,4,888.0
3.0,24.0,321.0,425.0,576.0,888.0,4,947.0
3.0,24.0,425.0,463.0,863.0,888.0,4,947.0
3.0,24.0,463.0,576.0,863.0,888.0,4,947.0
3.0,24.0,463.0,576.0,746.0,863.0,4,947.0
3.0,24.0,463.0,576.0,746.0,863.0,4,947.0
3.0,28.0,41.0,608.0,665.0,754.0,4,859.0
3.0,28.0,41.0,553.0,608.0,685.0,4,754.0
3.0,28.0,41.0,665.0,685.0,754.0,4,859.0
3.0,28.0,41.0,553.0,665.0,754.0,4,859.0
3.0,28.0,484.0,553.0,665.0,685.0,4,754.0
3.0,28.0,41.0,608.0,665.0,754.0,4,859.0
3.0,28.0,41.0,608.0,665.0,685.0,4,859.0
3.0,28.0,41.0,608.0,665.0,685.0,4,859.0
3.0,28.0,484.0,608.0,665.0,685.0,4,859.0
3.0,28.0,41.0,484.0,553.0,608.0,4,685.0
3.0,28.0,41.0,608.0,665.0,685.0,4,754.0
3.0,30.0,657.0,689.0,829.0,953.0,4,963.0
3.0,30.0,657.0,689.0,829.0,953.0,4,963.0
3.0,30.0,68.0,350.0,657.0,847.0,4,953.0
3.0,30.0,68.0,240.0,350.0,657.0,4,847.0
3.0,30.0,68.0,240.0,350.0,829.0,4,847.0
3.0,30.0,240.0,350.0,689.0,829.0,4,847.0
3.0,30.0,68.0,657.0,689.0,829.0,4,963.0
3.0,30.0,657.0,689.0,829.0,953.0,4,963.0
3.0,30.0,68.0,240.0,657.0,829.0,4,963.0
3.0,30.0,68.0,240.0,350.0,705.0,4,847.0
3.0,30.0,68.0,240.0,350.0,561.0,4,847.0
3.0,30.0,240.0,350.0,657.0,689.0,4,847.0
3.0,30.0,240.0,350.0,561.0,847.0,4,949.0
3.0,4.0,103.0,437.0,589.0,646.0,4,936.0
3.0,4.0,103.0,437.0,589.0,936.0,4,992.0
3.0,4.0,259.0,487.0,505.0,646.0,4,992.0
3.0,4.0,437.0,487.0,505.0,589.0,4,646.0
3.0,4.0,437.0,487.0,505.0,589.0,4,646.0
3.0,4.0,259.0,487.0,505.0,646.0,4,992.0
3.0,4.0,103.0,505.0,589.0,646.0,4,992.0
3.0,4.0,103.0,505.0,589.0,646.0,4,992.0
3.0,4.0,103.0,259.0,589.0,936.0,4,992.0
3.0,4.0,259.0,487.0,505.0,589.0,4,646.0
3.0,30.0,689.0,705.0,829.0,953.0,4,963.0
3.0,30.0,657.0,689.0,829.0,953.0,4,963.0
3.0,30.0,240.0,657.0,847.0,953.0,4,963.0
3.0,30.0,240.0,350.0,657.0,847.0,4,949.0
3.0,30.0,657.0,689.0,829.0,953.0,4,963.0
3.0,30.0,657.0,689.0,829.0,953.0,4,963.0
3.0,30.0,657.0,705.0,847.0,949.0,4,963.0
3.0,30.0,240.0,350.0,657.0,847.0,4,949.0
3.0,30.0,240.0,350.0,829.0,847.0,4,949.0
3.0,28.0,41.0,110.0,367.0,608.0,4,922.0
3.0,28.0,41.0,110.0,367.0,608.0,4,922.0
3.0,28.0,484.0,497.0,685.0,859.0,4,971.0
3.0,28.0,484.0,497.0,685.0,859.0,4,971.0
3.0,28.0,41.0,110.0,608.0,922.0,4,971.0
3.0,28.0,41.0,110.0,367.0,922.0,4,971.0
3.0,28.0,41.0,110.0,553.0,922.0,4,971.0
3.0,28.0,41.0,110.0,367.0,608.0,4,922.0
3.0,28.0,41.0,110.0,367.0,608.0,4,922.0
3.0,28.0,497.0,608.0,685.0,859.0,4,922.0
3.0,28.0,41.0,110.0,367.0,608.0,4,922.0
3.0,28.0,41.0,110.0,367.0,608.0,4,922.0
3.0,30.0,68.0,561.0,829.0,953.0,4,963.0
3.0,30.0,350.0,689.0,705.0,953.0,4,963.0
3.0,30.0,350.0,705.0,829.0,847.0,4,953.0
3.0,30.0,68.0,705.0,829.0,953.0,4,963.0
3.0,30.0,68.0,350.0,829.0,953.0,4,963.0
3.0,30.0,350.0,689.0,829.0,953.0,4,963.0
3.0,30.0,68.0,561.0,829.0,953.0,4,963.0
3.0,30.0,68.0,561.0,705.0,953.0,4,963.0
3.0,30.0,68.0,561.0,705.0,953.0,4,963.0
3.0,30.0,561.0,689.0,847.0,949.0,4,963.0
3.0,30.0,561.0,689.0,847.0,949.0,4,963.0
3.0,30.0,68.0,561.0,829.0,953.0,4,963.0
3.0,30.0,68.0,561.0,829.0,953.0,4,963.0
3.0,30.0,240.0,350.0,689.0,705.0,4,847.0
3.0,30.0,240.0,350.0,689.0,705.0,4,847.0
3.0,30.0,68.0,829.0,847.0,953.0,4,963.0
3.0,30.0,561.0,689.0,705.0,953.0,4,963.0
3.0,30.0,350.0,689.0,705.0,847.0,4,953.0
3.0,30.0,68.0,561.0,829.0,953.0,4,963.0
3.0,30.0,240.0,350.0,657.0,689.0,4,705.0
3.0,30.0,240.0,350.0,561.0,689.0,4,705.0
3.0,30.0,240.0,350.0,705.0,829.0,4,963.0
3.0,30.0,561.0,657.0,829.0,953.0,4,963.0
3.0,30.0,561.0,654.0,705.0,953.0,4,963.0
3.0,30.0,68.0,350.0,561.0,829.0,4,953.0
3.0,30.0,68.0,350.0,829.0,953.0,4,963.0
3.0,30.0,240.0,657.0,689.0,705.0,4,963.0
3.0,30.0,240.0,350.0,657.0,689.0,4,705.0
3.0,30.0,689.0,705.0,829.0,953.0,4,963.0
3.0,30.0,240.0,350.0,657.0,689.0,4,705.0
3.0,30.0,240.0,350.0,657.0,689.0,4,705.0
3.0,30.0,350.0,689.0,705.0,829.0,4,953.0
3.0,30.0,350.0,689.0,829.0,953.0,4,963.0
3.0,30.0,240.0,657.0,705.0,953.0,4,963.0
3.0,30.0,240.0,350.0,657.0,689.0,4,705.0
3.0,30.0,240.0,689.0,829.0,847.0,4,963.0
3.0,30.0,240.0,689.0,829.0,847.0,4,963.0
3.0,30.0,240.0,829.0,847.0,953.0,4,963.0
3.0,30.0,68.0,561.0,829.0,953.0,4,963.0
3.0,30.0,68.0,657.0,829.0,953.0,4,963.0
3.0,30.0,240.0,561.0,657.0,689.0,4,963.0
3.0,30.0,240.0,561.0,657.0,689.0,4,963.0
3.0,30.0,68.0,350.0,829.0,953.0,4,963.0
3.0,30.0,68.0,657.0,829.0,953.0,4,963.0
3.0,30.0,68.0,657.0,829.0,953.0,4,963.0
3.0,30.0,561.0,657.0,689.0,953.0,4,963.0
3.0,30.0,350.0,657.0,829.0,953.0,4,963.0
3.0,30.0,68.0,561.0,829.0,953.0,4,963.0
3.0,30.0,68.0,657.0,829.0,953.0,4,963.0
3.0,30.0,350.0,561.0,657.0,689.0,4,953.0
3.0,30.0,68.0,350.0,561.0,657.0,4,689.0
3.0,30.0,68.0,350.0,689.0,829.0,4,963.0
3.0,30.0,350.0,657.0,689.0,829.0,4,963.0
3.0,30.0,350.0,657.0,829.0,953.0,4,963.0
3.0,30.0,561.0,657.0,847.0,953.0,4,963.0
3.0,30.0,561.0,657.0,847.0,949.0,4,963.0
3.0,30.0,561.0,657.0,847.0,949.0,4,963.0
3.0,30.0,68.0,350.0,561.0,657.0,4,953.0
3.0,30.0,68.0,350.0,561.0,953.0,4,963.0
3.0,30.0,68.0,350.0,829.0,953.0,4,963.0
3.0,30.0,68.0,350.0,829.0,953.0,4,963.0
3.0,30.0,240.0,561.0,654.0,847.0,4,949.0
3.0,13.0,15.0,80.0,161.0,320.0,4,817.0
3.0,13.0,15.0,161.0,320.0,817.0,4,886.0
3.0,13.0,15.0,161.0,320.0,817.0,4,886.0
3.0,13.0,15.0,80.0,161.0,320.0,4,886.0
3.0,13.0,15.0,80.0,161.0,320.0,4,665.0
3.0,13.0,15.0,80.0,161.0,320.0,4,665.0
3.0,13.0,15.0,80.0,161.0,320.0,4,665.0
3.0,13.0,191.0,673.0,832.0,886.0,4,925.0
3.0,30.0,68.0,561.0,829.0,953.0,4,963.0
3.0,30.0,350.0,657.0,689.0,847.0,4,953.0
3.0,30.0,240.0,350.0,657.0,689.0,4,847.0
3.0,30.0,68.0,240.0,350.0,657.0,4,847.0
3.0,30.0,68.0,240.0,350.0,561.0,4,829.0
3.0,30.0,561.0,657.0,847.0,953.0,4,963.0
3.0,30.0,240.0,561.0,657.0,953.0,4,963.0
3.0,30.0,240.0,350.0,561.0,829.0,4,847.0
3.0,30.0,350.0,657.0,829.0,847.0,4,953.0
3.0,30.0,350.0,829.0,847.0,953.0,4,963.0
3.0,30.0,350.0,561.0,829.0,953.0,4,963.0
3.0,30.0,240.0,561.0,829.0,953.0,4,963.0
3.0,30.0,68.0,561.0,829.0,953.0,4,963.0
3.0,30.0,68.0,561.0,657.0,953.0,4,963.0
3.0,30.0,68.0,561.0,657.0,953.0,4,963.0
3.0,30.0,68.0,350.0,657.0,829.0,4,949.0
3.0,30.0,350.0,657.0,829.0,847.0,4,949.0
3.0,30.0,561.0,657.0,847.0,953.0,4,963.0
3.0,30.0,68.0,561.0,657.0,953.0,4,963.0
3.0,30.0,68.0,350.0,657.0,829.0,4,949.0
3.0,30.0,68.0,350.0,657.0,953.0,4,963.0
3.0,30.0,68.0,240.0,350.0,657.0,4,847.0
3.0,30.0,240.0,561.0,829.0,953.0,4,963.0
3.0,30.0,68.0,657.0,847.0,953.0,4,963.0
3.0,30.0,350.0,657.0,829.0,847.0,4,953.0
3.0,30.0,350.0,657.0,829.0,847.0,4,953.0
3.0,30.0,657.0,829.0,847.0,953.0,4,963.0
3.0,17.0,47.0,108.0,148.0,373.0,4,642.0
3.0,17.0,47.0,108.0,328.0,488.0,4,708.0
3.0,17.0,47.0,108.0,328.0,488.0,4,708.0
3.0,17.0,108.0,135.0,373.0,598.0,4,635.0
3.0,17.0,135.0,373.0,598.0,635.0,4,642.0
3.0,17.0,135.0,373.0,488.0,598.0,4,642.0
3.0,17.0,337.0,373.0,488.0,635.0,4,642.0
3.0,30.0,68.0,657.0,847.0,953.0,4,963.0
3.0,30.0,68.0,350.0,657.0,847.0,4,953.0
3.0,30.0,68.0,240.0,350.0,657.0,4,847.0
3.0,30.0,350.0,561.0,829.0,847.0,4,953.0
3.0,30.0,561.0,829.0,847.0,953.0,4,963.0
3.0,30.0,657.0,829.0,847.0,953.0,4,963.0
3.0,30.0,240.0,657.0,829.0,953.0,4,963.0
3.0,30.0,68.0,561.0,829.0,953.0,4,963.0
3.0,30.0,68.0,350.0,657.0,829.0,4,847.0
3.0,30.0,350.0,654.0,666.0,847.0,4,949.0
3.0,30.0,68.0,561.0,829.0,953.0,4,963.0
3.0,30.0,240.0,350.0,829.0,953.0,4,963.0
3.0,30.0,240.0,350.0,657.0,953.0,4,963.0
3.0,30.0,240.0,350.0,657.0,829.0,4,953.0
3.0,30.0,240.0,561.0,657.0,953.0,4,963.0
3.0,30.0,561.0,657.0,829.0,953.0,4,963.0
3.0,30.0,350.0,657.0,829.0,953.0,4,963.0
3.0,30.0,240.0,561.0,829.0,953.0,4,963.0
3.0,30.0,240.0,561.0,657.0,953.0,4,963.0
3.0,30.0,68.0,350.0,657.0,953.0,4,963.0
3.0,30.0,68.0,350.0,657.0,953.0,4,963.0
3.0,30.0,68.0,240.0,350.0,657.0,4,847.0
3.0,30.0,68.0,240.0,350.0,657.0,4,847.0
3.0,30.0,350.0,654.0,666.0,847.0,4,949.0
3.0,34.0,55.0,137.0,299.0,335.0,4,811.0
3.0,34.0,55.0,112.0,137.0,299.0,4,811.0
3.0,34.0,55.0,137.0,299.0,335.0,4,355.0
3.0,34.0,36.0,55.0,112.0,137.0,4,355.0
3.0,34.0,36.0,55.0,112.0,137.0,4,355.0
3.0,34.0,55.0,137.0,299.0,335.0,4,811.0
3.0,34.0,55.0,137.0,299.0,335.0,4,811.0
3.0,30.0,68.0,350.0,657.0,847.0,4,953.0
3.0,30.0,68.0,240.0,350.0,657.0,4,847.0
3.0,30.0,68.0,240.0,350.0,657.0,4,847.0
3.0,30.0,350.0,561.0,657.0,829.0,4,953.0
3.0,30.0,240.0,561.0,657.0,953.0,4,963.0
3.0,30.0,240.0,829.0,847.0,953.0,4,963.0
3.0,30.0,68.0,350.0,829.0,847.0,4,963.0
3.0,30.0,68.0,350.0,829.0,847.0,4,963.0
3.0,30.0,68.0,657.0,829.0,847.0,4,963.0
3.0,30.0,657.0,829.0,847.0,953.0,4,963.0
3.0,30.0,240.0,350.0,561.0,654.0,4,666.0
3.0,30.0,240.0,561.0,657.0,953.0,4,963.0
3.0,30.0,68.0,350.0,386.0,657.0,4,963.0
3.0,30.0,68.0,350.0,386.0,657.0,4,847.0
3.0,30.0,350.0,386.0,657.0,829.0,4,847.0
3.0,30.0,350.0,657.0,829.0,847.0,4,953.0
3.0,30.0,240.0,350.0,829.0,847.0,4,953.0
3.0,30.0,68.0,561.0,657.0,953.0,4,963.0
3.0,30.0,240.0,561.0,829.0,953.0,4,963.0
3.0,30.0,68.0,657.0,829.0,953.0,4,963.0
3.0,30.0,68.0,350.0,386.0,657.0,4,963.0
3.0,30.0,350.0,386.0,561.0,666.0,4,847.0
3.0,30.0,240.0,350.0,829.0,953.0,4,963.0
3.0,30.0,68.0,240.0,657.0,829.0,4,963.0
3.0,30.0,240.0,829.0,847.0,953.0,4,963.0
3.0,30.0,240.0,657.0,847.0,953.0,4,963.0
3.0,30.0,68.0,657.0,847.0,953.0,4,963.0
3.0,30.0,68.0,240.0,657.0,847.0,4,963.0
3.0,30.0,68.0,350.0,847.0,953.0,4,963.0
3.0,30.0,350.0,829.0,847.0,953.0,4,963.0
3.0,29.0,283.0,580.0,769.0,914.0,4,990.0
3.0,29.0,283.0,389.0,769.0,914.0,4,990.0
3.0,29.0,283.0,383.0,389.0,580.0,4,890.0
3.0,29.0,283.0,580.0,890.0,914.0,4,990.0
3.0,29.0,283.0,580.0,890.0,914.0,4,990.0
3.0,29.0,283.0,508.0,580.0,914.0,4,990.0
3.0,29.0,46.0,283.0,508.0,580.0,4,890.0
3.0,29.0,283.0,580.0,769.0,914.0,4,990.0
3.0,28.0,41.0,553.0,608.0,685.0,4,859.0
3.0,28.0,41.0,553.0,608.0,685.0,4,859.0
3.0,28.0,41.0,461.0,608.0,685.0,4,859.0
3.0,28.0,218.0,553.0,754.0,859.0,4,922.0
3.0,28.0,41.0,218.0,484.0,608.0,4,754.0
3.0,28.0,41.0,218.0,608.0,685.0,4,859.0
3.0,28.0,41.0,553.0,608.0,685.0,4,859.0
3.0,28.0,218.0,608.0,754.0,859.0,4,922.0
3.0,28.0,218.0,553.0,754.0,859.0,4,922.0
3.0,28.0,41.0,553.0,608.0,754.0,4,922.0
3.0,28.0,41.0,553.0,608.0,685.0,4,754.0
3.0,13.0,15.0,161.0,238.0,320.0,4,673.0
3.0,13.0,80.0,161.0,320.0,665.0,4,817.0
3.0,13.0,80.0,238.0,320.0,665.0,4,817.0
3.0,13.0,161.0,238.0,673.0,832.0,4,925.0
3.0,13.0,161.0,238.0,673.0,832.0,4,925.0
3.0,13.0,161.0,191.0,673.0,832.0,4,925.0
3.0,12.0,111.0,216.0,301.0,856.0,4,983.0
3.0,12.0,111.0,216.0,301.0,910.0,4,983.0
3.0,12.0,201.0,216.0,301.0,856.0,4,933.0
3.0,12.0,216.0,301.0,715.0,856.0,4,933.0
3.0,12.0,111.0,216.0,301.0,856.0,4,933.0
3.0,26.0,29.0,40.0,315.0,536.0,4,874.0
3.0,26.0,29.0,40.0,315.0,536.0,4,874.0
3.0,26.0,536.0,634.0,843.0,874.0,4,948.0
3.0,26.0,315.0,536.0,634.0,874.0,4,948.0
3.0,26.0,29.0,40.0,315.0,536.0,4,874.0
3.0,26.0,40.0,315.0,536.0,634.0,4,948.0
3.0,26.0,40.0,315.0,536.0,634.0,4,948.0
3.0,26.0,40.0,536.0,634.0,684.0,4,948.0
3.0,26.0,40.0,536.0,634.0,684.0,4,948.0
3.0,26.0,40.0,536.0,634.0,684.0,4,948.0
3.0,9.0,85.0,510.0,828.0,845.0,4,941.0
3.0,9.0,81.0,149.0,452.0,828.0,4,1019.0
3.0,9.0,81.0,149.0,452.0,941.0,4,1019.0
3.0,9.0,85.0,510.0,828.0,845.0,4,941.0
3.0,9.0,85.0,510.0,828.0,845.0,4,941.0
3.0,9.0,85.0,510.0,828.0,845.0,4,941.0
3.0,9.0,81.0,85.0,149.0,941.0,4,1019.0
3.0,9.0,81.0,149.0,452.0,510.0,4,1019.0
3.0,9.0,81.0,85.0,149.0,510.0,4,1019.0
3.0,30.0,240.0,350.0,561.0,953.0,4,963.0
3.0,30.0,350.0,561.0,657.0,689.0,4,953.0
3.0,30.0,240.0,657.0,689.0,829.0,4,963.0
3.0,30.0,240.0,350.0,829.0,953.0,4,963.0
3.0,30.0,350.0,561.0,657.0,829.0,4,953.0
3.0,30.0,240.0,657.0,689.0,829.0,4,963.0
3.0,30.0,350.0,561.0,657.0,689.0,4,953.0
3.0,18.0,14.0,204.0,742.0,809.0,4,1013.0
3.0,18.0,204.0,742.0,809.0,866.0,4,1013.0
3.0,18.0,14.0,181.0,204.0,809.0,4,1013.0
3.0,18.0,204.0,742.0,809.0,876.0,4,1013.0
3.0,30.0,68.0,350.0,657.0,829.0,4,953.0
3.0,30.0,68.0,350.0,561.0,829.0,4,953.0
3.0,30.0,240.0,350.0,561.0,689.0,4,829.0
3.0,30.0,240.0,350.0,561.0,689.0,4,829.0
3.0,30.0,68.0,240.0,350.0,654.0,4,657.0
3.0,30.0,68.0,350.0,654.0,689.0,4,829.0
3.0,30.0,68.0,350.0,657.0,829.0,4,953.0
3.0,30.0,240.0,350.0,654.0,689.0,4,829.0
3.0,30.0,240.0,350.0,654.0,689.0,4,829.0
3.0,30.0,143.0,240.0,654.0,689.0,4,847.0
3.0,30.0,143.0,240.0,386.0,654.0,4,847.0
3.0,16.0,133.0,296.0,427.0,477.0,4,702.0
3.0,16.0,296.0,495.0,674.0,798.0,4,996.0
3.0,16.0,285.0,296.0,495.0,674.0,4,996.0
3.0,16.0,285.0,296.0,495.0,674.0,4,996.0
3.0,16.0,285.0,296.0,495.0,674.0,4,996.0
3.0,16.0,285.0,296.0,495.0,674.0,4,996.0
3.0,16.0,133.0,285.0,296.0,495.0,4,996.0
3.0,1.0,577.0,790.0,808.0,815.0,4,820.0
3.0,1.0,577.0,790.0,808.0,815.0,4,820.0
3.0,1.0,577.0,790.0,808.0,815.0,4,820.0
3.0,1.0,356.0,682.0,740.0,790.0,4,905.0
3.0,1.0,356.0,682.0,740.0,790.0,4,905.0
3.0,1.0,118.0,356.0,682.0,740.0,4,960.0
3.0,29.0,46.0,86.0,132.0,456.0,4,990.0
3.0,29.0,46.0,86.0,132.0,883.0,4,990.0
3.0,29.0,86.0,132.0,338.0,769.0,4,883.0
3.0,29.0,283.0,338.0,769.0,883.0,4,990.0
3.0,29.0,132.0,283.0,338.0,456.0,4,990.0
3.0,29.0,132.0,283.0,338.0,456.0,4,990.0
3.0,29.0,46.0,86.0,132.0,456.0,4,990.0
3.0,29.0,86.0,132.0,338.0,456.0,4,769.0
3.0,29.0,86.0,132.0,338.0,456.0,4,769.0
3.0,29.0,283.0,338.0,456.0,769.0,4,990.0
3.0,30.0,240.0,657.0,829.0,953.0,4,963.0
3.0,30.0,240.0,829.0,847.0,953.0,4,963.0
3.0,30.0,240.0,386.0,829.0,847.0,4,963.0
3.0,30.0,350.0,386.0,657.0,689.0,4,847.0
3.0,30.0,350.0,386.0,657.0,689.0,4,847.0
3.0,30.0,350.0,657.0,689.0,847.0,4,953.0
3.0,30.0,657.0,829.0,847.0,953.0,4,963.0
3.0,30.0,350.0,829.0,847.0,953.0,4,963.0
3.0,30.0,350.0,561.0,847.0,953.0,4,963.0
3.0,30.0,240.0,350.0,386.0,561.0,4,963.0
3.0,30.0,350.0,657.0,689.0,829.0,4,953.0
3.0,30.0,240.0,345.0,561.0,654.0,4,847.0
3.0,30.0,240.0,345.0,561.0,654.0,4,847.0
3.0,12.0,111.0,216.0,856.0,933.0,4,983.0
3.0,12.0,201.0,301.0,647.0,910.0,4,983.0
3.0,12.0,201.0,301.0,647.0,856.0,4,983.0
3.0,12.0,216.0,301.0,647.0,856.0,4,983.0
3.0,12.0,216.0,301.0,647.0,856.0,4,983.0
3.0,12.0,201.0,216.0,910.0,933.0,4,983.0
3.0,12.0,111.0,216.0,856.0,933.0,4,983.0
3.0,12.0,201.0,216.0,301.0,647.0,4,856.0
3.0,12.0,201.0,301.0,647.0,910.0,4,983.0
3.0,12.0,201.0,301.0,647.0,910.0,4,983.0
3.0,12.0,201.0,216.0,301.0,910.0,4,983.0
3.0,12.0,216.0,301.0,647.0,910.0,4,983.0
3.0,12.0,111.0,201.0,216.0,856.0,4,933.0
3.0,12.0,111.0,201.0,301.0,856.0,4,986.0
3.0,12.0,111.0,201.0,216.0,301.0,4,856.0
3.0,12.0,201.0,216.0,301.0,856.0,4,933.0
3.0,12.0,201.0,216.0,301.0,910.0,4,933.0
3.0,12.0,201.0,216.0,301.0,856.0,4,933.0
3.0,12.0,0.0,201.0,910.0,933.0,4,986.0
3.0,12.0,0.0,201.0,216.0,856.0,4,933.0
3.0,12.0,201.0,216.0,301.0,856.0,4,933.0
3.0,12.0,111.0,201.0,216.0,301.0,4,856.0
3.0,12.0,111.0,216.0,301.0,531.0,4,647.0
3.0,12.0,111.0,201.0,216.0,301.0,4,856.0
3.0,12.0,111.0,216.0,301.0,856.0,4,933.0
3.0,12.0,111.0,647.0,910.0,933.0,4,986.0
3.0,12.0,111.0,647.0,910.0,933.0,4,986.0
3.0,12.0,201.0,216.0,301.0,647.0,4,910.0
3.0,12.0,111.0,201.0,216.0,301.0,4,910.0
3.0,12.0,111.0,201.0,216.0,301.0,4,856.0
3.0,12.0,111.0,301.0,462.0,647.0,4,986.0
3.0,12.0,111.0,301.0,647.0,856.0,4,986.0
3.0,12.0,201.0,301.0,647.0,856.0,4,983.0
3.0,12.0,111.0,201.0,301.0,856.0,4,983.0
3.0,12.0,111.0,301.0,462.0,647.0,4,986.0
3.0,12.0,201.0,462.0,647.0,933.0,4,983.0
3.0,12.0,111.0,201.0,856.0,933.0,4,983.0
3.0,12.0,111.0,201.0,856.0,933.0,4,983.0
3.0,12.0,111.0,201.0,462.0,933.0,4,983.0
3.0,29.0,46.0,389.0,456.0,769.0,4,990.0
3.0,29.0,46.0,86.0,456.0,769.0,4,914.0
3.0,29.0,46.0,86.0,456.0,769.0,4,914.0
3.0,29.0,46.0,86.0,456.0,914.0,4,990.0
3.0,29.0,46.0,456.0,769.0,890.0,4,990.0
3.0,29.0,46.0,283.0,389.0,456.0,4,890.0
3.0,29.0,46.0,389.0,890.0,914.0,4,990.0
3.0,29.0,389.0,456.0,769.0,890.0,4,914.0
3.0,13.0,15.0,80.0,161.0,320.0,4,665.0
3.0,13.0,15.0,80.0,161.0,320.0,4,665.0
3.0,13.0,15.0,80.0,161.0,320.0,4,665.0
3.0,13.0,15.0,80.0,161.0,320.0,4,665.0
3.0,13.0,15.0,80.0,238.0,665.0,4,817.0
3.0,13.0,191.0,673.0,817.0,832.0,4,886.0
3.0,13.0,15.0,80.0,161.0,320.0,4,665.0
3.0,13.0,15.0,80.0,161.0,320.0,4,665.0
3.0,12.0,201.0,715.0,933.0,983.0,4,986.0
3.0,12.0,0.0,462.0,647.0,715.0,4,986.0
3.0,12.0,201.0,647.0,856.0,933.0,4,983.0
3.0,12.0,201.0,647.0,933.0,983.0,4,986.0
3.0,12.0,111.0,201.0,856.0,933.0,4,983.0
3.0,12.0,0.0,111.0,715.0,983.0,4,986.0
3.0,12.0,0.0,647.0,715.0,983.0,4,986.0
3.0,12.0,0.0,201.0,647.0,983.0,4,986.0
3.0,12.0,0.0,201.0,462.0,647.0,4,986.0
3.0,12.0,111.0,201.0,856.0,933.0,4,983.0
3.0,12.0,111.0,201.0,301.0,856.0,4,983.0
3.0,12.0,111.0,301.0,715.0,983.0,4,986.0
3.0,12.0,111.0,301.0,462.0,715.0,4,986.0
3.0,12.0,301.0,462.0,647.0,715.0,4,986.0
3.0,12.0,301.0,647.0,715.0,856.0,4,986.0
3.0,12.0,301.0,647.0,715.0,856.0,4,986.0
3.0,12.0,111.0,201.0,856.0,933.0,4,983.0
3.0,12.0,111.0,201.0,462.0,933.0,4,983.0
3.0,12.0,111.0,301.0,715.0,856.0,4,986.0
3.0,12.0,201.0,301.0,462.0,715.0,4,986.0
3.0,12.0,111.0,201.0,301.0,856.0,4,986.0
3.0,12.0,111.0,201.0,301.0,856.0,4,983.0
3.0,12.0,111.0,715.0,933.0,983.0,4,986.0
3.0,12.0,111.0,201.0,462.0,933.0,4,986.0
3.0,34.0,55.0,112.0,137.0,247.0,4,355.0
3.0,34.0,55.0,112.0,137.0,247.0,4,299.0
3.0,34.0,36.0,55.0,112.0,247.0,4,355.0
3.0,34.0,55.0,112.0,137.0,355.0,4,753.0
3.0,34.0,55.0,112.0,137.0,247.0,4,355.0
3.0,34.0,55.0,112.0,137.0,247.0,4,355.0
3.0,34.0,55.0,112.0,137.0,355.0,4,753.0
3.0,34.0,36.0,55.0,137.0,355.0,4,753.0
3.0,34.0,36.0,55.0,278.0,299.0,4,753.0
3.0,34.0,36.0,55.0,278.0,299.0,4,753.0
3.0,34.0,55.0,112.0,137.0,299.0,4,753.0
3.0,34.0,55.0,112.0,137.0,299.0,4,355.0
3.0,12.0,111.0,715.0,856.0,933.0,4,983.0
3.0,12.0,0.0,201.0,301.0,910.0,4,986.0
3.0,12.0,0.0,201.0,301.0,910.0,4,983.0
3.0,12.0,0.0,715.0,933.0,983.0,4,986.0
3.0,12.0,111.0,201.0,856.0,933.0,4,983.0
3.0,12.0,111.0,201.0,856.0,933.0,4,983.0
3.0,12.0,111.0,201.0,910.0,933.0,4,983.0
3.0,12.0,111.0,715.0,856.0,933.0,4,983.0
3.0,12.0,111.0,201.0,910.0,933.0,4,983.0
3.0,12.0,111.0,201.0,301.0,910.0,4,983.0
3.0,12.0,201.0,301.0,715.0,856.0,4,983.0
3.0,12.0,111.0,647.0,910.0,933.0,4,986.0
3.0,12.0,111.0,647.0,856.0,933.0,4,983.0
3.0,12.0,301.0,647.0,715.0,856.0,4,983.0
3.0,12.0,201.0,301.0,715.0,856.0,4,986.0
3.0,12.0,201.0,301.0,715.0,856.0,4,986.0
3.0,12.0,111.0,647.0,910.0,933.0,4,986.0
3.0,12.0,111.0,647.0,910.0,933.0,4,986.0
3.0,1.0,118.0,790.0,808.0,815.0,4,960.0
3.0,1.0,118.0,305.0,570.0,820.0,4,960.0
3.0,1.0,118.0,305.0,570.0,820.0,4,960.0
3.0,1.0,118.0,790.0,808.0,815.0,4,960.0
3.0,1.0,570.0,790.0,808.0,815.0,4,820.0
3.0,1.0,570.0,790.0,808.0,815.0,4,820.0
3.0,1.0,570.0,790.0,808.0,815.0,4,820.0
3.0,16.0,133.0,296.0,477.0,702.0,4,798.0
3.0,16.0,200.0,285.0,674.0,702.0,4,996.0
3.0,16.0,133.0,200.0,285.0,702.0,4,996.0
3.0,16.0,133.0,285.0,296.0,477.0,4,702.0
3.0,16.0,133.0,285.0,296.0,477.0,4,702.0
3.0,16.0,133.0,296.0,477.0,798.0,4,996.0
3.0,16.0,133.0,296.0,477.0,702.0,4,798.0
3.0,16.0,133.0,296.0,495.0,798.0,4,996.0
3.0,16.0,133.0,296.0,495.0,798.0,4,996.0
3.0,16.0,285.0,495.0,674.0,798.0,4,996.0
3.0,16.0,200.0,285.0,495.0,674.0,4,996.0
3.0,4.0,259.0,487.0,589.0,646.0,4,936.0
3.0,4.0,259.0,487.0,589.0,646.0,4,936.0
3.0,4.0,103.0,505.0,589.0,646.0,4,992.0
3.0,4.0,103.0,259.0,426.0,505.0,4,992.0
3.0,4.0,259.0,487.0,505.0,646.0,4,936.0
3.0,4.0,259.0,505.0,646.0,936.0,4,992.0
3.0,4.0,103.0,505.0,589.0,646.0,4,992.0
3.0,4.0,103.0,505.0,589.0,646.0,4,992.0
3.0,4.0,103.0,259.0,426.0,505.0,4,992.0
3.0,4.0,103.0,259.0,505.0,646.0,4,992.0
3.0,4.0,487.0,505.0,589.0,646.0,4,936.0
3.0,12.0,111.0,301.0,531.0,715.0,4,856.0
3.0,12.0,111.0,301.0,531.0,715.0,4,910.0
3.0,12.0,0.0,111.0,301.0,531.0,4,910.0
3.0,12.0,0.0,111.0,201.0,647.0,4,910.0
3.0,12.0,0.0,111.0,201.0,531.0,4,647.0
3.0,12.0,0.0,201.0,647.0,715.0,4,856.0
3.0,12.0,201.0,301.0,647.0,715.0,4,856.0
3.0,12.0,201.0,301.0,647.0,715.0,4,856.0
3.0,12.0,301.0,531.0,647.0,715.0,4,856.0
3.0,12.0,111.0,301.0,531.0,647.0,4,910.0
3.0,12.0,0.0,111.0,201.0,301.0,4,856.0
3.0,12.0,201.0,301.0,647.0,715.0,4,856.0
3.0,12.0,301.0,531.0,647.0,715.0,4,856.0
3.0,18.0,204.0,742.0,809.0,866.0,4,1013.0
3.0,18.0,14.0,579.0,809.0,866.0,4,1013.0
3.0,18.0,14.0,514.0,579.0,866.0,4,1013.0
3.0,18.0,14.0,181.0,204.0,514.0,4,579.0
3.0,18.0,14.0,181.0,204.0,514.0,4,579.0
3.0,18.0,14.0,181.0,514.0,866.0,4,876.0
3.0,18.0,181.0,579.0,809.0,866.0,4,1013.0
3.0,12.0,111.0,216.0,301.0,856.0,4,983.0
3.0,12.0,0.0,111.0,715.0,983.0,4,986.0
3.0,12.0,0.0,201.0,216.0,715.0,4,983.0
3.0,12.0,0.0,201.0,715.0,856.0,4,983.0
3.0,12.0,111.0,216.0,301.0,715.0,4,983.0
3.0,12.0,0.0,201.0,216.0,301.0,4,856.0
3.0,12.0,0.0,201.0,216.0,715.0,4,983.0
3.0,12.0,0.0,201.0,216.0,715.0,4,856.0
3.0,12.0,0.0,216.0,301.0,715.0,4,856.0
3.0,16.0,296.0,477.0,702.0,798.0,4,806.0
3.0,16.0,285.0,296.0,495.0,806.0,4,996.0
3.0,16.0,285.0,495.0,674.0,702.0,4,996.0
3.0,16.0,296.0,477.0,702.0,798.0,4,806.0
3.0,16.0,296.0,477.0,702.0,798.0,4,806.0
3.0,16.0,296.0,495.0,798.0,806.0,4,996.0
3.0,16.0,285.0,495.0,674.0,702.0,4,996.0
3.0,16.0,133.0,200.0,285.0,416.0,4,702.0
3.0,9.0,85.0,169.0,828.0,845.0,4,941.0
3.0,9.0,85.0,149.0,174.0,510.0,4,828.0
3.0,9.0,149.0,174.0,452.0,510.0,4,845.0
3.0,9.0,85.0,174.0,510.0,828.0,4,941.0
3.0,9.0,85.0,174.0,510.0,828.0,4,941.0
3.0,9.0,85.0,149.0,510.0,828.0,4,845.0
3.0,9.0,76.0,199.0,510.0,599.0,4,845.0
3.0,9.0,76.0,174.0,199.0,510.0,4,599.0
3.0,9.0,76.0,174.0,199.0,510.0,4,599.0
3.0,12.0,111.0,216.0,301.0,856.0,4,983.0
3.0,12.0,216.0,301.0,647.0,715.0,4,856.0
3.0,12.0,111.0,216.0,301.0,856.0,4,983.0
3.0,12.0,201.0,216.0,301.0,715.0,4,910.0
3.0,12.0,0.0,201.0,216.0,715.0,4,910.0
3.0,12.0,0.0,201.0,216.0,715.0,4,910.0
3.0,12.0,0.0,111.0,201.0,715.0,4,983.0
3.0,12.0,0.0,111.0,201.0,715.0,4,983.0
3.0,12.0,0.0,111.0,201.0,216.0,4,983.0
3.0,26.0,29.0,40.0,315.0,536.0,4,874.0
3.0,26.0,29.0,40.0,315.0,536.0,4,948.0
3.0,26.0,40.0,634.0,684.0,948.0,4,1024.0
3.0,26.0,40.0,634.0,684.0,948.0,4,1024.0
3.0,26.0,634.0,684.0,843.0,948.0,4,1024.0
3.0,26.0,315.0,634.0,843.0,948.0,4,1024.0
3.0,26.0,29.0,40.0,315.0,634.0,4,874.0
3.0,26.0,29.0,40.0,315.0,634.0,4,948.0
3.0,12.0,0.0,111.0,216.0,856.0,4,983.0
3.0,12.0,0.0,111.0,201.0,856.0,4,983.0
3.0,12.0,0.0,111.0,201.0,216.0,4,983.0
3.0,12.0,201.0,216.0,715.0,856.0,4,933.0
3.0,12.0,111.0,216.0,715.0,856.0,4,933.0
3.0,12.0,111.0,216.0,856.0,933.0,4,983.0
3.0,12.0,111.0,216.0,715.0,933.0,4,983.0
3.0,12.0,0.0,111.0,216.0,856.0,4,983.0
3.0,12.0,201.0,216.0,715.0,933.0,4,983.0
3.0,12.0,201.0,216.0,715.0,933.0,4,983.0
3.0,12.0,0.0,531.0,715.0,910.0,4,969.0
3.0,17.0,47.0,108.0,135.0,148.0,4,635.0
3.0,17.0,135.0,148.0,328.0,483.0,4,642.0
3.0,17.0,47.0,148.0,483.0,635.0,4,642.0
3.0,17.0,148.0,373.0,483.0,635.0,4,642.0
3.0,17.0,47.0,108.0,135.0,483.0,4,635.0
3.0,17.0,47.0,108.0,135.0,483.0,4,635.0
3.0,17.0,47.0,108.0,135.0,483.0,4,635.0
3.0,12.0,111.0,216.0,301.0,856.0,4,983.0
3.0,12.0,111.0,301.0,715.0,910.0,4,983.0
3.0,12.0,216.0,647.0,715.0,856.0,4,933.0
3.0,12.0,111.0,216.0,856.0,933.0,4,983.0
3.0,12.0,111.0,201.0,216.0,301.0,4,856.0
3.0,12.0,111.0,201.0,216.0,301.0,4,983.0
3.0,12.0,111.0,201.0,301.0,715.0,4,983.0
3.0,12.0,111.0,216.0,301.0,856.0,4,983.0
3.0,12.0,111.0,201.0,715.0,856.0,4,933.0
3.0,12.0,201.0,216.0,715.0,856.0,4,933.0
3.0,4.0,103.0,259.0,589.0,646.0,4,936.0
3.0,4.0,103.0,259.0,373.0,646.0,4,851.0
3.0,4.0,373.0,426.0,487.0,589.0,4,851.0
3.0,4.0,259.0,373.0,589.0,646.0,4,851.0
3.0,4.0,103.0,259.0,589.0,646.0,4,936.0
3.0,4.0,259.0,589.0,646.0,851.0,4,936.0
3.0,4.0,259.0,589.0,646.0,851.0,4,936.0
3.0,4.0,103.0,259.0,437.0,646.0,4,851.0
3.0,4.0,259.0,589.0,646.0,851.0,4,936.0
3.0,4.0,103.0,259.0,437.0,646.0,4,851.0
3.0,4.0,103.0,259.0,426.0,437.0,4,851.0
3.0,12.0,216.0,301.0,715.0,933.0,4,983.0
3.0,12.0,201.0,301.0,647.0,715.0,4,856.0
3.0,12.0,201.0,216.0,301.0,647.0,4,983.0
3.0,12.0,216.0,301.0,715.0,933.0,4,983.0
3.0,12.0,111.0,216.0,301.0,933.0,4,983.0
3.0,12.0,216.0,647.0,715.0,933.0,4,983.0
3.0,12.0,111.0,216.0,301.0,933.0,4,983.0
3.0,12.0,111.0,216.0,301.0,933.0,4,983.0
3.0,12.0,111.0,216.0,301.0,933.0,4,983.0
3.0,12.0,111.0,301.0,856.0,933.0,4,983.0
3.0,12.0,201.0,647.0,715.0,856.0,4,933.0
3.0,12.0,111.0,216.0,647.0,933.0,4,983.0
3.0,12.0,111.0,216.0,647.0,933.0,4,983.0
3.0,12.0,111.0,216.0,301.0,647.0,4,856.0
3.0,12.0,111.0,216.0,301.0,647.0,4,856.0
3.0,12.0,111.0,201.0,301.0,856.0,4,933.0
3.0,12.0,111.0,216.0,301.0,933.0,4,983.0
3.0,12.0,111.0,201.0,301.0,647.0,4,856.0
3.0,12.0,201.0,216.0,647.0,933.0,4,983.0
3.0,12.0,201.0,216.0,647.0,933.0,4,983.0
3.0,28.0,110.0,218.0,484.0,665.0,4,859.0
3.0,28.0,218.0,484.0,553.0,685.0,4,859.0
3.0,28.0,41.0,608.0,665.0,754.0,4,859.0
3.0,28.0,41.0,110.0,608.0,665.0,4,754.0
3.0,28.0,110.0,218.0,484.0,553.0,4,859.0
3.0,28.0,110.0,218.0,484.0,553.0,4,859.0
3.0,12.0,111.0,301.0,531.0,933.0,4,983.0
3.0,12.0,111.0,201.0,301.0,715.0,4,856.0
3.0,12.0,111.0,201.0,301.0,715.0,4,856.0
3.0,12.0,111.0,201.0,301.0,856.0,4,933.0
3.0,12.0,111.0,201.0,301.0,933.0,4,983.0
3.0,12.0,111.0,301.0,856.0,933.0,4,983.0
3.0,12.0,111.0,201.0,301.0,715.0,4,983.0
3.0,12.0,111.0,201.0,301.0,715.0,4,983.0
3.0,12.0,201.0,301.0,715.0,933.0,4,983.0
3.0,12.0,111.0,201.0,301.0,715.0,4,983.0
3.0,1.0,570.0,577.0,790.0,808.0,4,820.0
3.0,1.0,356.0,682.0,808.0,815.0,4,820.0
3.0,1.0,356.0,682.0,705.0,740.0,4,815.0
3.0,1.0,356.0,682.0,705.0,740.0,4,815.0
3.0,1.0,356.0,705.0,740.0,815.0,4,960.0
3.0,1.0,570.0,577.0,790.0,808.0,4,820.0
3.0,1.0,570.0,577.0,790.0,808.0,4,820.0
3.0,1.0,356.0,682.0,808.0,815.0,4,820.0
3.0,17.0,47.0,108.0,135.0,505.0,4,635.0
3.0,17.0,47.0,108.0,483.0,505.0,4,635.0
3.0,17.0,135.0,328.0,483.0,598.0,4,642.0
3.0,17.0,135.0,328.0,483.0,598.0,4,642.0
3.0,17.0,47.0,108.0,148.0,328.0,4,505.0
3.0,17.0,47.0,108.0,135.0,505.0,4,635.0
3.0,17.0,47.0,108.0,135.0,328.0,4,505.0
3.0,17.0,47.0,108.0,135.0,328.0,4,505.0
3.0,17.0,47.0,328.0,483.0,505.0,4,642.0
3.0,12.0,201.0,301.0,715.0,910.0,4,983.0
3.0,12.0,0.0,201.0,216.0,715.0,4,910.0
3.0,12.0,0.0,201.0,216.0,715.0,4,910.0
3.0,12.0,0.0,111.0,201.0,216.0,4,910.0
3.0,12.0,0.0,111.0,715.0,910.0,4,983.0
3.0,12.0,0.0,301.0,715.0,910.0,4,983.0
3.0,12.0,111.0,216.0,301.0,856.0,4,983.0
3.0,12.0,201.0,301.0,715.0,910.0,4,983.0
3.0,12.0,201.0,301.0,715.0,910.0,4,983.0
3.0,12.0,201.0,216.0,301.0,715.0,4,910.0
3.0,12.0,111.0,216.0,301.0,856.0,4,983.0
3.0,12.0,201.0,216.0,301.0,531.0,4,983.0
3.0,12.0,0.0,201.0,216.0,531.0,4,715.0
3.0,12.0,111.0,216.0,301.0,856.0,4,983.0
3.0,12.0,111.0,216.0,301.0,856.0,4,983.0
3.0,12.0,111.0,216.0,301.0,856.0,4,983.0
3.0,12.0,0.0,111.0,216.0,531.0,4,983.0
3.0,12.0,111.0,216.0,301.0,715.0,4,856.0
3.0,9.0,81.0,149.0,599.0,845.0,4,1019.0
3.0,9.0,81.0,149.0,452.0,845.0,4,1019.0
3.0,9.0,81.0,452.0,845.0,941.0,4,1019.0
3.0,9.0,81.0,149.0,199.0,828.0,4,941.0
3.0,9.0,81.0,149.0,199.0,599.0,4,941.0
3.0,9.0,81.0,149.0,599.0,845.0,4,941.0
3.0,12.0,111.0,216.0,301.0,531.0,4,983.0
3.0,12.0,111.0,201.0,301.0,531.0,4,983.0
3.0,12.0,111.0,216.0,301.0,531.0,4,983.0
3.0,12.0,111.0,216.0,301.0,531.0,4,983.0
3.0,12.0,111.0,301.0,715.0,910.0,4,983.0
3.0,12.0,0.0,111.0,216.0,301.0,4,983.0
3.0,12.0,0.0,111.0,216.0,301.0,4,531.0
3.0,12.0,0.0,111.0,216.0,301.0,4,531.0
3.0,12.0,111.0,201.0,216.0,301.0,4,983.0
3.0,12.0,111.0,216.0,301.0,856.0,4,983.0
3.0,12.0,0.0,111.0,216.0,856.0,4,983.0
3.0,12.0,111.0,216.0,301.0,910.0,4,983.0
3.0,12.0,111.0,216.0,301.0,856.0,4,983.0
3.0,12.0,111.0,216.0,301.0,856.0,4,983.0
3.0,12.0,111.0,301.0,531.0,715.0,4,983.0
3.0,12.0,0.0,111.0,216.0,856.0,4,983.0
3.0,12.0,0.0,111.0,216.0,856.0,4,983.0
3.0,12.0,0.0,216.0,301.0,910.0,4,983.0
3.0,12.0,111.0,216.0,301.0,531.0,4,983.0
3.0,12.0,111.0,216.0,301.0,531.0,4,983.0
3.0,12.0,0.0,111.0,216.0,715.0,4,910.0
3.0,12.0,0.0,111.0,216.0,715.0,4,910.0
3.0,12.0,0.0,216.0,301.0,715.0,4,983.0
3.0,12.0,201.0,301.0,531.0,715.0,4,856.0
3.0,12.0,201.0,216.0,301.0,856.0,4,983.0
3.0,12.0,201.0,216.0,301.0,531.0,4,983.0
3.0,12.0,111.0,201.0,301.0,531.0,4,983.0
3.0,12.0,111.0,216.0,301.0,856.0,4,983.0
3.0,12.0,111.0,201.0,301.0,856.0,4,983.0
3.0,12.0,0.0,201.0,216.0,531.0,4,715.0
3.0,12.0,0.0,111.0,201.0,216.0,4,983.0
3.0,34.0,36.0,335.0,719.0,753.0,4,900.0
3.0,34.0,36.0,404.0,719.0,753.0,4,900.0
3.0,34.0,15.0,36.0,139.0,404.0,4,900.0
3.0,34.0,15.0,36.0,139.0,432.0,4,900.0
3.0,34.0,139.0,143.0,335.0,432.0,4,803.0
3.0,34.0,36.0,139.0,143.0,404.0,4,753.0
3.0,34.0,36.0,335.0,719.0,753.0,4,900.0
3.0,34.0,36.0,404.0,719.0,753.0,4,900.0
3.0,34.0,15.0,36.0,139.0,404.0,4,900.0
3.0,34.0,15.0,36.0,139.0,432.0,4,900.0
3.0,34.0,15.0,139.0,404.0,432.0,4,900.0
3.0,34.0,139.0,143.0,404.0,432.0,4,803.0
3.0,34.0,139.0,143.0,404.0,432.0,4,803.0
3.0,1.0,570.0,577.0,790.0,808.0,4,820.0
3.0,1.0,305.0,682.0,815.0,820.0,4,905.0
3.0,1.0,682.0,808.0,815.0,820.0,4,905.0
3.0,1.0,682.0,808.0,815.0,820.0,4,905.0
3.0,1.0,570.0,577.0,682.0,808.0,4,820.0
3.0,1.0,570.0,577.0,682.0,808.0,4,820.0
3.0,1.0,570.0,577.0,790.0,808.0,4,820.0
3.0,1.0,305.0,682.0,790.0,815.0,4,905.0
3.0,1.0,305.0,570.0,682.0,815.0,4,820.0
3.0,1.0,570.0,577.0,790.0,808.0,4,820.0
3.0,1.0,570.0,577.0,790.0,808.0,4,820.0
3.0,13.0,80.0,161.0,665.0,817.0,4,832.0
3.0,13.0,15.0,80.0,161.0,665.0,4,817.0
3.0,13.0,80.0,161.0,665.0,817.0,4,832.0
3.0,13.0,161.0,665.0,817.0,832.0,4,886.0
3.0,13.0,15.0,238.0,832.0,886.0,4,925.0
3.0,16.0,296.0,427.0,477.0,674.0,4,702.0
3.0,16.0,200.0,427.0,477.0,674.0,4,702.0
3.0,16.0,133.0,200.0,296.0,495.0,4,996.0
3.0,16.0,296.0,427.0,477.0,674.0,4,702.0
3.0,16.0,133.0,200.0,427.0,477.0,4,996.0
3.0,16.0,296.0,427.0,477.0,674.0,4,996.0
3.0,29.0,46.0,283.0,456.0,572.0,4,990.0
3.0,29.0,86.0,456.0,572.0,769.0,4,890.0
3.0,29.0,86.0,456.0,508.0,890.0,4,990.0
3.0,29.0,86.0,456.0,572.0,890.0,4,990.0
3.0,29.0,283.0,456.0,572.0,890.0,4,990.0
3.0,29.0,46.0,283.0,508.0,890.0,4,990.0
3.0,29.0,86.0,456.0,572.0,769.0,4,990.0
3.0,29.0,46.0,86.0,456.0,769.0,4,990.0
3.0,29.0,456.0,508.0,769.0,890.0,4,990.0
3.0,29.0,456.0,508.0,769.0,890.0,4,990.0
3.0,18.0,514.0,579.0,867.0,876.0,4,1013.0
3.0,18.0,579.0,809.0,867.0,876.0,4,1013.0
3.0,18.0,14.0,579.0,809.0,866.0,4,1013.0
3.0,18.0,14.0,181.0,579.0,809.0,4,866.0
3.0,18.0,14.0,181.0,579.0,809.0,4,866.0
3.0,18.0,14.0,204.0,579.0,809.0,4,1013.0
3.0,18.0,14.0,181.0,579.0,809.0,4,1013.0
3.0,18.0,14.0,181.0,514.0,579.0,4,866.0
3.0,4.0,259.0,487.0,589.0,646.0,4,936.0
3.0,4.0,103.0,259.0,426.0,505.0,4,992.0
3.0,4.0,426.0,487.0,505.0,589.0,4,646.0
3.0,4.0,259.0,487.0,505.0,589.0,4,646.0
3.0,4.0,259.0,487.0,589.0,646.0,4,992.0
3.0,4.0,259.0,487.0,505.0,646.0,4,992.0
3.0,4.0,259.0,487.0,589.0,646.0,4,936.0
3.0,4.0,259.0,487.0,589.0,646.0,4,992.0
3.0,4.0,259.0,487.0,589.0,646.0,4,992.0
3.0,4.0,259.0,426.0,487.0,505.0,4,646.0
3.0,4.0,426.0,437.0,505.0,589.0,4,992.0
3.0,4.0,437.0,487.0,505.0,589.0,4,992.0
3.0,34.0,55.0,112.0,137.0,753.0,4,811.0
3.0,34.0,55.0,112.0,137.0,753.0,4,811.0
3.0,34.0,36.0,55.0,299.0,719.0,4,753.0
3.0,34.0,55.0,112.0,137.0,753.0,4,811.0
3.0,34.0,55.0,112.0,137.0,753.0,4,811.0
3.0,34.0,55.0,112.0,137.0,753.0,4,811.0
3.0,34.0,36.0,55.0,137.0,299.0,4,753.0
3.0,34.0,55.0,112.0,137.0,753.0,4,811.0
3.0,26.0,29.0,40.0,634.0,874.0,4,948.0
3.0,26.0,29.0,40.0,315.0,634.0,4,874.0
3.0,26.0,29.0,40.0,315.0,536.0,4,874.0
3.0,26.0,29.0,40.0,315.0,536.0,4,874.0
3.0,26.0,40.0,315.0,536.0,874.0,4,1024.0
3.0,26.0,29.0,40.0,634.0,874.0,4,948.0
3.0,26.0,29.0,40.0,315.0,634.0,4,948.0
3.0,26.0,40.0,315.0,536.0,874.0,4,1024.0
3.0,26.0,29.0,40.0,315.0,536.0,4,874.0
3.0,9.0,85.0,169.0,510.0,828.0,4,845.0
3.0,9.0,85.0,149.0,510.0,828.0,4,845.0
3.0,9.0,149.0,174.0,452.0,510.0,4,828.0
3.0,9.0,76.0,85.0,149.0,828.0,4,845.0
3.0,9.0,76.0,85.0,149.0,174.0,4,828.0
3.0,9.0,76.0,85.0,149.0,174.0,4,828.0
3.0,9.0,76.0,149.0,452.0,510.0,4,845.0
3.0,9.0,85.0,149.0,510.0,828.0,4,845.0
3.0,18.0,14.0,181.0,204.0,514.0,4,579.0
3.0,18.0,204.0,514.0,579.0,867.0,4,1013.0
3.0,18.0,14.0,809.0,866.0,876.0,4,1013.0
3.0,18.0,181.0,204.0,514.0,579.0,4,867.0
3.0,18.0,14.0,181.0,514.0,579.0,4,866.0
3.0,18.0,115.0,809.0,866.0,867.0,4,1013.0
3.0,18.0,115.0,809.0,867.0,876.0,4,1013.0
3.0,18.0,14.0,115.0,181.0,204.0,4,809.0
3.0,18.0,115.0,181.0,204.0,809.0,4,867.0
3.0,18.0,14.0,115.0,181.0,204.0,4,809.0
3.0,28.0,41.0,553.0,608.0,685.0,4,859.0
3.0,28.0,218.0,484.0,553.0,754.0,4,859.0
3.0,28.0,41.0,553.0,608.0,754.0,4,859.0
3.0,28.0,461.0,553.0,685.0,859.0,4,922.0
3.0,28.0,41.0,461.0,608.0,685.0,4,922.0
3.0,28.0,41.0,553.0,608.0,685.0,4,922.0
3.0,28.0,218.0,484.0,553.0,754.0,4,859.0
3.0,28.0,484.0,553.0,608.0,685.0,4,859.0
3.0,28.0,41.0,553.0,608.0,685.0,4,859.0
3.0,17.0,47.0,108.0,135.0,505.0,4,635.0
3.0,17.0,47.0,108.0,135.0,505.0,4,635.0
3.0,17.0,47.0,328.0,483.0,505.0,4,642.0
3.0,17.0,135.0,148.0,483.0,598.0,4,642.0
3.0,17.0,47.0,108.0,135.0,505.0,4,635.0
3.0,17.0,47.0,108.0,135.0,505.0,4,635.0
3.0,17.0,135.0,328.0,483.0,598.0,4,642.0
3.0,17.0,148.0,328.0,483.0,797.0,4,857.0
3.0,17.0,148.0,328.0,483.0,797.0,4,857.0
3.0,13.0,161.0,238.0,320.0,817.0,4,922.0
3.0,13.0,80.0,161.0,290.0,320.0,4,971.0
3.0,13.0,80.0,238.0,290.0,320.0,4,817.0
3.0,13.0,161.0,238.0,320.0,922.0,4,971.0
3.0,29.0,86.0,283.0,572.0,914.0,4,990.0
3.0,29.0,389.0,456.0,769.0,890.0,4,990.0
3.0,29.0,86.0,283.0,572.0,769.0,4,990.0
3.0,29.0,86.0,456.0,769.0,914.0,4,990.0
3.0,29.0,86.0,508.0,769.0,914.0,4,990.0
3.0,29.0,283.0,389.0,456.0,572.0,4,890.0
3.0,29.0,86.0,283.0,389.0,456.0,4,990.0
3.0,29.0,86.0,389.0,456.0,890.0,4,990.0
3.0,29.0,46.0,283.0,456.0,914.0,4,990.0
3.0,29.0,46.0,283.0,456.0,914.0,4,990.0
3.0,29.0,86.0,508.0,769.0,914.0,4,990.0
3.0,29.0,86.0,769.0,890.0,914.0,4,990.0
3.0,29.0,86.0,456.0,769.0,890.0,4,914.0
3.0,29.0,86.0,508.0,769.0,914.0,4,990.0
3.0,29.0,46.0,86.0,769.0,914.0,4,990.0
3.0,29.0,86.0,283.0,456.0,883.0,4,990.0
3.0,29.0,86.0,508.0,572.0,769.0,4,990.0
3.0,29.0,86.0,508.0,572.0,769.0,4,890.0
3.0,29.0,456.0,572.0,769.0,890.0,4,990.0
3.0,29.0,46.0,283.0,456.0,914.0,4,990.0
3.0,29.0,46.0,283.0,456.0,508.0,4,990.0
3.0,29.0,46.0,456.0,769.0,890.0,4,990.0
3.0,29.0,46.0,86.0,456.0,914.0,4,990.0
3.0,29.0,46.0,86.0,283.0,456.0,4,990.0
3.0,29.0,46.0,283.0,456.0,914.0,4,990.0
3.0,29.0,86.0,283.0,769.0,890.0,4,914.0
3.0,29.0,46.0,86.0,283.0,769.0,4,914.0
3.0,29.0,46.0,283.0,456.0,572.0,4,990.0
3.0,29.0,46.0,283.0,456.0,572.0,4,990.0
3.0,29.0,46.0,283.0,456.0,572.0,4,990.0
3.0,29.0,86.0,456.0,508.0,769.0,4,990.0
3.0,29.0,86.0,456.0,508.0,769.0,4,890.0
3.0,29.0,86.0,456.0,572.0,890.0,4,990.0
3.0,29.0,46.0,283.0,456.0,914.0,4,990.0
3.0,29.0,283.0,456.0,769.0,914.0,4,990.0
3.0,29.0,283.0,456.0,769.0,914.0,4,990.0
3.0,29.0,86.0,283.0,508.0,890.0,4,914.0
3.0,29.0,86.0,283.0,508.0,890.0,4,914.0
3.0,29.0,86.0,508.0,769.0,890.0,4,914.0
3.0,29.0,86.0,456.0,769.0,890.0,4,914.0
3.0,29.0,86.0,508.0,883.0,890.0,4,990.0
3.0,29.0,86.0,508.0,883.0,890.0,4,990.0
3.0,28.0,41.0,110.0,497.0,608.0,4,685.0
3.0,28.0,484.0,553.0,608.0,685.0,4,922.0
3.0,28.0,41.0,110.0,484.0,553.0,4,608.0
3.0,28.0,41.0,110.0,497.0,608.0,4,685.0
3.0,28.0,41.0,110.0,497.0,608.0,4,685.0
3.0,28.0,110.0,484.0,497.0,553.0,4,922.0
3.0,28.0,110.0,484.0,497.0,608.0,4,922.0
3.0,29.0,283.0,456.0,572.0,769.0,4,990.0
3.0,29.0,389.0,456.0,572.0,769.0,4,990.0
3.0,29.0,86.0,283.0,389.0,456.0,4,990.0
3.0,29.0,86.0,283.0,389.0,456.0,4,990.0
3.0,29.0,46.0,86.0,456.0,769.0,4,890.0
3.0,29.0,46.0,86.0,769.0,890.0,4,914.0
3.0,29.0,46.0,86.0,389.0,914.0,4,990.0
3.0,29.0,46.0,86.0,389.0,456.0,4,990.0
3.0,29.0,46.0,86.0,456.0,769.0,4,990.0
3.0,18.0,14.0,181.0,204.0,514.0,4,579.0
3.0,18.0,14.0,181.0,204.0,579.0,4,809.0
3.0,18.0,14.0,181.0,809.0,867.0,4,876.0
3.0,18.0,579.0,742.0,809.0,876.0,4,1013.0
3.0,18.0,579.0,742.0,809.0,876.0,4,1013.0
3.0,18.0,14.0,181.0,204.0,514.0,4,579.0
3.0,18.0,14.0,181.0,204.0,514.0,4,579.0
3.0,18.0,14.0,181.0,204.0,514.0,4,579.0
3.0,18.0,181.0,204.0,514.0,579.0,4,742.0
3.0,18.0,181.0,204.0,579.0,742.0,4,809.0
3.0,18.0,181.0,204.0,579.0,742.0,4,809.0
3.0,18.0,14.0,181.0,204.0,742.0,4,809.0
3.0,17.0,148.0,373.0,598.0,642.0,4,708.0
3.0,17.0,47.0,108.0,328.0,488.0,4,635.0
3.0,17.0,47.0,108.0,328.0,488.0,4,635.0
3.0,17.0,47.0,108.0,373.0,488.0,4,635.0
3.0,17.0,47.0,108.0,135.0,328.0,4,635.0
3.0,17.0,47.0,108.0,328.0,635.0,4,708.0
3.0,17.0,135.0,373.0,598.0,642.0,4,708.0
3.0,17.0,108.0,135.0,373.0,598.0,4,708.0
3.0,17.0,47.0,108.0,135.0,373.0,4,708.0
3.0,4.0,103.0,259.0,487.0,505.0,4,646.0
3.0,4.0,259.0,487.0,589.0,646.0,4,936.0
3.0,4.0,259.0,487.0,589.0,646.0,4,936.0
3.0,4.0,487.0,505.0,589.0,646.0,4,936.0
3.0,4.0,103.0,259.0,505.0,589.0,4,936.0
3.0,4.0,103.0,259.0,505.0,589.0,4,646.0
3.0,4.0,259.0,487.0,505.0,589.0,4,646.0
3.0,4.0,259.0,487.0,505.0,589.0,4,646.0
3.0,4.0,103.0,259.0,487.0,505.0,4,646.0
3.0,4.0,103.0,259.0,487.0,505.0,4,646.0
3.0,29.0,86.0,283.0,456.0,769.0,4,914.0
3.0,29.0,86.0,283.0,456.0,769.0,4,914.0
3.0,29.0,389.0,456.0,769.0,890.0,4,914.0
3.0,29.0,46.0,283.0,508.0,572.0,4,890.0
3.0,29.0,86.0,389.0,456.0,890.0,4,914.0
3.0,29.0,86.0,389.0,456.0,769.0,4,914.0
3.0,29.0,46.0,86.0,389.0,456.0,4,769.0
3.0,29.0,86.0,283.0,769.0,890.0,4,914.0
3.0,29.0,46.0,86.0,283.0,769.0,4,890.0
3.0,26.0,29.0,40.0,634.0,874.0,4,948.0
3.0,26.0,29.0,315.0,536.0,684.0,4,843.0
3.0,26.0,29.0,40.0,315.0,634.0,4,874.0
3.0,26.0,29.0,40.0,634.0,874.0,4,948.0
3.0,26.0,40.0,315.0,536.0,634.0,4,948.0
3.0,26.0,29.0,40.0,634.0,874.0,4,948.0
3.0,26.0,29.0,40.0,315.0,684.0,4,1024.0
3.0,26.0,40.0,315.0,634.0,684.0,4,948.0
3.0,26.0,40.0,315.0,634.0,684.0,4,948.0
3.0,26.0,29.0,40.0,315.0,874.0,4,948.0
3.0,34.0,55.0,112.0,137.0,247.0,4,811.0
3.0,34.0,36.0,112.0,137.0,278.0,4,299.0
3.0,34.0,36.0,55.0,299.0,404.0,4,753.0
3.0,34.0,55.0,112.0,137.0,247.0,4,811.0
3.0,34.0,55.0,112.0,137.0,247.0,4,811.0
3.0,34.0,55.0,112.0,278.0,753.0,4,811.0
3.0,34.0,36.0,137.0,299.0,404.0,4,753.0
3.0,16.0,296.0,477.0,702.0,798.0,4,806.0
3.0,16.0,285.0,296.0,477.0,702.0,4,798.0
3.0,16.0,285.0,296.0,495.0,702.0,4,798.0
3.0,16.0,285.0,296.0,495.0,702.0,4,798.0
3.0,16.0,296.0,477.0,702.0,798.0,4,806.0
3.0,16.0,296.0,477.0,798.0,806.0,4,996.0
3.0,16.0,296.0,477.0,798.0,806.0,4,996.0
3.0,16.0,285.0,296.0,495.0,806.0,4,996.0
3.0,16.0,285.0,495.0,674.0,702.0,4,996.0
3.0,16.0,133.0,416.0,427.0,674.0,4,702.0
3.0,29.0,283.0,456.0,580.0,914.0,4,990.0
3.0,29.0,389.0,456.0,580.0,769.0,4,990.0
3.0,29.0,389.0,456.0,580.0,914.0,4,990.0
3.0,29.0,283.0,389.0,508.0,580.0,4,990.0
3.0,29.0,389.0,456.0,580.0,914.0,4,990.0
3.0,29.0,86.0,456.0,508.0,580.0,4,769.0
3.0,29.0,86.0,283.0,456.0,769.0,4,890.0
3.0,29.0,86.0,283.0,456.0,769.0,4,890.0
3.0,29.0,283.0,456.0,580.0,769.0,4,890.0
3.0,9.0,85.0,510.0,828.0,845.0,4,941.0
3.0,9.0,85.0,510.0,828.0,845.0,4,941.0
3.0,9.0,149.0,452.0,828.0,941.0,4,1019.0
3.0,9.0,81.0,149.0,452.0,845.0,4,1019.0
3.0,9.0,85.0,149.0,828.0,845.0,4,941.0
3.0,9.0,81.0,85.0,510.0,845.0,4,941.0
3.0,9.0,85.0,510.0,828.0,845.0,4,941.0
3.0,29.0,283.0,580.0,769.0,914.0,4,990.0
3.0,29.0,283.0,580.0,769.0,914.0,4,990.0
3.0,29.0,456.0,580.0,769.0,914.0,4,990.0
3.0,29.0,456.0,580.0,769.0,914.0,4,990.0
3.0,29.0,86.0,283.0,456.0,580.0,4,883.0
3.0,29.0,86.0,283.0,456.0,914.0,4,990.0
3.0,29.0,86.0,456.0,769.0,914.0,4,990.0
3.0,29.0,86.0,456.0,769.0,914.0,4,990.0
3.0,13.0,161.0,238.0,320.0,817.0,4,922.0
3.0,13.0,161.0,238.0,320.0,922.0,4,925.0
3.0,13.0,93.0,191.0,238.0,320.0,4,817.0
3.0,13.0,93.0,191.0,238.0,320.0,4,817.0
3.0,13.0,191.0,238.0,320.0,817.0,4,922.0
3.0,13.0,161.0,191.0,320.0,817.0,4,922.0
3.0,13.0,119.0,238.0,320.0,673.0,4,922.0
3.0,13.0,119.0,161.0,320.0,817.0,4,922.0
3.0,13.0,161.0,320.0,817.0,922.0,4,925.0
3.0,13.0,238.0,320.0,673.0,922.0,4,925.0
3.0,13.0,161.0,320.0,817.0,922.0,4,925.0
3.0,13.0,161.0,238.0,320.0,817.0,4,922.0
3.0,29.0,46.0,278.0,389.0,883.0,4,990.0
3.0,29.0,46.0,278.0,389.0,883.0,4,990.0
3.0,29.0,46.0,86.0,389.0,883.0,4,990.0
3.0,29.0,46.0,86.0,389.0,883.0,4,990.0
3.0,29.0,86.0,456.0,769.0,883.0,4,990.0
3.0,29.0,132.0,338.0,498.0,769.0,4,990.0
3.0,29.0,132.0,338.0,498.0,769.0,4,990.0
3.0,29.0,86.0,132.0,769.0,914.0,4,990.0
3.0,29.0,86.0,132.0,769.0,914.0,4,990.0
3.0,29.0,86.0,132.0,769.0,914.0,4,990.0
3.0,29.0,86.0,132.0,338.0,769.0,4,914.0
3.0,29.0,86.0,338.0,498.0,769.0,4,914.0
3.0,29.0,132.0,283.0,338.0,883.0,4,990.0
3.0,29.0,132.0,389.0,769.0,914.0,4,990.0
3.0,29.0,86.0,132.0,338.0,389.0,4,914.0
3.0,29.0,86.0,132.0,338.0,389.0,4,914.0
3.0,29.0,86.0,132.0,389.0,914.0,4,990.0
3.0,28.0,484.0,553.0,608.0,685.0,4,859.0
3.0,28.0,41.0,553.0,608.0,685.0,4,859.0
3.0,28.0,41.0,110.0,608.0,665.0,4,685.0
3.0,28.0,41.0,110.0,608.0,665.0,4,754.0
3.0,28.0,41.0,110.0,553.0,665.0,4,859.0
3.0,28.0,41.0,110.0,553.0,608.0,4,754.0
3.0,28.0,41.0,110.0,553.0,608.0,4,754.0
3.0,28.0,41.0,110.0,608.0,665.0,4,754.0
3.0,29.0,86.0,132.0,283.0,914.0,4,990.0
3.0,29.0,132.0,338.0,456.0,769.0,4,990.0
3.0,29.0,86.0,132.0,283.0,338.0,4,883.0
3.0,29.0,86.0,283.0,456.0,914.0,4,990.0
3.0,29.0,338.0,345.0,456.0,769.0,4,883.0
3.0,29.0,132.0,338.0,345.0,456.0,4,883.0
3.0,29.0,132.0,338.0,345.0,456.0,4,883.0
3.0,29.0,86.0,132.0,338.0,456.0,4,990.0
3.0,29.0,86.0,132.0,338.0,456.0,4,990.0
3.0,29.0,86.0,132.0,283.0,914.0,4,990.0
3.0,29.0,132.0,283.0,338.0,914.0,4,990.0
3.0,29.0,46.0,338.0,456.0,769.0,4,990.0
3.0,29.0,46.0,86.0,456.0,769.0,4,990.0
3.0,29.0,46.0,86.0,283.0,456.0,4,769.0
3.0,29.0,46.0,86.0,132.0,456.0,4,990.0
3.0,29.0,46.0,132.0,338.0,914.0,4,990.0
3.0,29.0,86.0,132.0,283.0,914.0,4,990.0
3.0,29.0,86.0,132.0,283.0,914.0,4,990.0
3.0,29.0,86.0,132.0,283.0,914.0,4,990.0
3.0,29.0,132.0,338.0,456.0,769.0,4,990.0
3.0,29.0,86.0,132.0,389.0,456.0,4,769.0
3.0,29.0,86.0,132.0,389.0,456.0,4,769.0
3.0,29.0,46.0,86.0,389.0,456.0,4,769.0
3.0,29.0,86.0,132.0,389.0,456.0,4,990.0
3.0,29.0,132.0,283.0,338.0,456.0,4,990.0
3.0,29.0,86.0,132.0,338.0,914.0,4,990.0
3.0,29.0,86.0,132.0,283.0,338.0,4,914.0
3.0,29.0,86.0,132.0,338.0,389.0,4,914.0
3.0,29.0,86.0,338.0,389.0,456.0,4,914.0
3.0,13.0,191.0,238.0,320.0,922.0,4,971.0
3.0,13.0,191.0,238.0,817.0,922.0,4,971.0
3.0,13.0,161.0,290.0,320.0,817.0,4,922.0
3.0,13.0,191.0,238.0,320.0,922.0,4,971.0
3.0,13.0,191.0,238.0,320.0,922.0,4,971.0
3.0,13.0,80.0,161.0,238.0,320.0,4,817.0
3.0,1.0,577.0,790.0,808.0,815.0,4,820.0
3.0,1.0,356.0,577.0,790.0,808.0,4,820.0
3.0,1.0,705.0,808.0,815.0,820.0,4,905.0
3.0,1.0,705.0,808.0,815.0,820.0,4,905.0
3.0,1.0,577.0,790.0,808.0,815.0,4,820.0
3.0,1.0,118.0,682.0,705.0,905.0,4,960.0
3.0,1.0,577.0,790.0,808.0,815.0,4,820.0
3.0,18.0,14.0,181.0,226.0,514.0,4,866.0
3.0,18.0,14.0,181.0,514.0,579.0,4,866.0
3.0,18.0,14.0,181.0,514.0,579.0,4,866.0
3.0,18.0,226.0,579.0,809.0,876.0,4,1013.0
3.0,18.0,226.0,514.0,579.0,876.0,4,1013.0
3.0,18.0,14.0,181.0,226.0,514.0,4,876.0
3.0,18.0,14.0,181.0,514.0,579.0,4,866.0
3.0,18.0,226.0,514.0,579.0,866.0,4,876.0
3.0,18.0,14.0,181.0,226.0,514.0,4,866.0
3.0,18.0,181.0,226.0,514.0,579.0,4,866.0
3.0,18.0,226.0,579.0,809.0,866.0,4,876.0
3.0,18.0,14.0,579.0,809.0,876.0,4,1013.0
3.0,29.0,46.0,86.0,132.0,456.0,4,990.0
3.0,29.0,46.0,86.0,132.0,283.0,4,990.0
3.0,29.0,46.0,86.0,389.0,456.0,4,769.0
3.0,29.0,46.0,86.0,389.0,456.0,4,769.0
3.0,29.0,46.0,86.0,132.0,456.0,4,990.0
3.0,29.0,46.0,86.0,132.0,883.0,4,990.0
3.0,29.0,46.0,86.0,132.0,283.0,4,990.0
3.0,29.0,132.0,283.0,389.0,769.0,4,990.0
3.0,29.0,46.0,86.0,389.0,456.0,4,769.0
3.0,29.0,46.0,86.0,132.0,456.0,4,990.0
3.0,29.0,46.0,132.0,338.0,456.0,4,990.0
3.0,29.0,46.0,132.0,338.0,456.0,4,990.0
3.0,29.0,86.0,338.0,456.0,508.0,4,769.0
3.0,29.0,86.0,132.0,456.0,769.0,4,990.0
3.0,29.0,86.0,132.0,769.0,883.0,4,990.0
3.0,29.0,283.0,338.0,456.0,769.0,4,990.0
3.0,29.0,86.0,132.0,283.0,338.0,4,456.0
3.0,29.0,86.0,132.0,338.0,456.0,4,990.0
3.0,29.0,283.0,338.0,508.0,769.0,4,883.0
3.0,1.0,570.0,577.0,790.0,808.0,4,820.0
3.0,1.0,570.0,577.0,790.0,808.0,4,820.0
3.0,1.0,577.0,682.0,808.0,815.0,4,820.0
3.0,1.0,305.0,682.0,815.0,820.0,4,905.0
3.0,1.0,305.0,682.0,815.0,820.0,4,905.0
3.0,1.0,305.0,790.0,815.0,820.0,4,905.0
3.0,1.0,570.0,577.0,790.0,808.0,4,820.0
3.0,1.0,570.0,577.0,790.0,808.0,4,820.0
3.0,1.0,570.0,577.0,790.0,808.0,4,820.0
3.0,1.0,570.0,577.0,790.0,808.0,4,820.0
3.0,1.0,570.0,577.0,790.0,808.0,4,820.0
3.0,1.0,570.0,790.0,808.0,820.0,4,905.0
3.0,1.0,305.0,626.0,682.0,815.0,4,905.0
3.0,1.0,305.0,399.0,626.0,682.0,4,905.0
3.0,1.0,570.0,577.0,790.0,808.0,4,820.0
3.0,1.0,570.0,577.0,682.0,790.0,4,808.0
3.0,1.0,305.0,682.0,790.0,815.0,4,905.0
3.0,1.0,305.0,682.0,815.0,820.0,4,905.0
3.0,1.0,305.0,682.0,815.0,820.0,4,905.0
3.0,1.0,305.0,790.0,808.0,815.0,4,905.0
3.0,1.0,305.0,790.0,808.0,815.0,4,905.0
3.0,1.0,570.0,577.0,790.0,808.0,4,820.0
3.0,1.0,570.0,577.0,790.0,808.0,4,820.0
3.0,1.0,577.0,790.0,808.0,815.0,4,820.0
3.0,1.0,305.0,626.0,682.0,815.0,4,905.0
3.0,1.0,305.0,399.0,626.0,815.0,4,905.0
3.0,26.0,40.0,315.0,634.0,874.0,4,948.0
3.0,26.0,450.0,454.0,536.0,684.0,4,1024.0
3.0,26.0,315.0,634.0,874.0,948.0,4,1024.0
3.0,26.0,40.0,315.0,450.0,684.0,4,843.0
3.0,26.0,454.0,536.0,684.0,948.0,4,1024.0
3.0,18.0,14.0,181.0,514.0,766.0,4,866.0
3.0,18.0,14.0,181.0,514.0,866.0,4,867.0
3.0,18.0,115.0,204.0,809.0,867.0,4,876.0
3.0,18.0,14.0,181.0,514.0,766.0,4,866.0
3.0,18.0,14.0,181.0,514.0,766.0,4,866.0
3.0,18.0,14.0,181.0,514.0,766.0,4,866.0
3.0,18.0,115.0,181.0,809.0,866.0,4,867.0
3.0,18.0,115.0,766.0,809.0,876.0,4,1013.0
3.0,1.0,570.0,577.0,790.0,808.0,4,820.0
3.0,1.0,305.0,570.0,577.0,682.0,4,790.0
3.0,1.0,118.0,682.0,808.0,815.0,4,820.0
3.0,1.0,570.0,577.0,790.0,808.0,4,820.0
3.0,1.0,570.0,577.0,790.0,808.0,4,820.0
3.0,1.0,305.0,682.0,790.0,808.0,4,815.0
3.0,1.0,305.0,682.0,790.0,808.0,4,815.0
3.0,1.0,305.0,682.0,790.0,808.0,4,815.0
3.0,16.0,296.0,427.0,674.0,702.0,4,996.0
3.0,16.0,296.0,427.0,674.0,702.0,4,996.0
3.0,16.0,133.0,296.0,702.0,798.0,4,996.0
3.0,16.0,296.0,427.0,477.0,674.0,4,702.0
3.0,16.0,133.0,200.0,427.0,477.0,4,996.0
3.0,16.0,133.0,200.0,427.0,702.0,4,996.0
3.0,1.0,118.0,305.0,815.0,820.0,4,960.0
3.0,1.0,118.0,790.0,808.0,815.0,4,905.0
3.0,1.0,305.0,570.0,577.0,790.0,4,808.0
3.0,1.0,305.0,570.0,577.0,808.0,4,820.0
3.0,1.0,570.0,577.0,790.0,808.0,4,820.0
3.0,1.0,570.0,577.0,790.0,808.0,4,820.0
3.0,1.0,118.0,305.0,790.0,808.0,4,815.0
3.0,1.0,570.0,577.0,790.0,808.0,4,820.0
3.0,1.0,570.0,577.0,790.0,808.0,4,820.0
3.0,34.0,55.0,112.0,137.0,355.0,4,753.0
3.0,34.0,36.0,137.0,299.0,355.0,4,404.0
3.0,34.0,55.0,112.0,137.0,355.0,4,753.0
3.0,34.0,36.0,55.0,137.0,247.0,4,355.0
3.0,34.0,36.0,112.0,137.0,299.0,4,811.0
3.0,34.0,36.0,55.0,137.0,355.0,4,811.0
3.0,34.0,36.0,55.0,137.0,355.0,4,811.0
3.0,34.0,36.0,55.0,137.0,247.0,4,355.0
3.0,4.0,487.0,505.0,589.0,646.0,4,936.0
3.0,4.0,103.0,259.0,426.0,589.0,4,936.0
3.0,4.0,3.0,259.0,426.0,437.0,4,936.0
3.0,1.0,570.0,577.0,790.0,808.0,4,820.0
3.0,1.0,305.0,790.0,815.0,905.0,4,960.0
3.0,1.0,305.0,815.0,820.0,905.0,4,960.0
3.0,1.0,570.0,577.0,808.0,820.0,4,960.0
3.0,1.0,118.0,577.0,808.0,820.0,4,960.0
3.0,1.0,570.0,577.0,790.0,808.0,4,820.0
3.0,1.0,570.0,577.0,790.0,808.0,4,820.0
3.0,1.0,570.0,577.0,790.0,808.0,4,820.0
3.0,1.0,808.0,815.0,820.0,905.0,4,960.0
3.0,1.0,808.0,815.0,820.0,905.0,4,960.0
3.0,1.0,808.0,815.0,820.0,905.0,4,960.0
3.0,1.0,305.0,790.0,815.0,905.0,4,960.0
3.0,1.0,570.0,577.0,790.0,808.0,4,960.0
3.0,1.0,570.0,577.0,790.0,808.0,4,820.0
3.0,1.0,570.0,577.0,790.0,808.0,4,820.0
3.0,1.0,577.0,790.0,808.0,815.0,4,960.0
3.0,1.0,577.0,790.0,808.0,815.0,4,820.0
3.0,1.0,570.0,577.0,790.0,808.0,4,820.0
3.0,13.0,15.0,80.0,161.0,238.0,4,320.0
3.0,13.0,15.0,119.0,161.0,320.0,4,673.0
3.0,13.0,15.0,80.0,161.0,238.0,4,817.0
3.0,13.0,80.0,161.0,238.0,320.0,4,817.0
3.0,13.0,80.0,161.0,191.0,320.0,4,817.0
3.0,13.0,15.0,191.0,238.0,817.0,4,886.0
3.0,16.0,133.0,296.0,495.0,798.0,4,996.0
3.0,16.0,133.0,296.0,495.0,798.0,4,996.0
3.0,16.0,285.0,296.0,495.0,674.0,4,996.0
3.0,16.0,285.0,495.0,674.0,702.0,4,996.0
3.0,16.0,133.0,296.0,477.0,798.0,4,996.0
3.0,16.0,133.0,296.0,477.0,798.0,4,996.0
3.0,16.0,296.0,477.0,674.0,798.0,4,996.0
3.0,16.0,296.0,477.0,674.0,798.0,4,996.0
3.0,16.0,285.0,495.0,674.0,702.0,4,996.0
3.0,16.0,285.0,495.0,674.0,702.0,4,996.0
3.0,1.0,356.0,570.0,808.0,820.0,4,960.0
3.0,1.0,305.0,356.0,790.0,905.0,4,960.0
3.0,1.0,118.0,570.0,790.0,808.0,4,820.0
3.0,1.0,356.0,570.0,790.0,808.0,4,820.0
3.0,1.0,305.0,356.0,790.0,808.0,4,905.0
3.0,1.0,305.0,356.0,808.0,905.0,4,960.0
3.0,1.0,305.0,570.0,790.0,808.0,4,820.0
3.0,9.0,85.0,149.0,510.0,828.0,4,845.0
3.0,9.0,85.0,149.0,174.0,510.0,4,828.0
3.0,9.0,76.0,149.0,452.0,828.0,4,845.0
3.0,9.0,76.0,85.0,149.0,828.0,4,845.0
3.0,9.0,76.0,85.0,452.0,828.0,4,845.0
3.0,9.0,76.0,149.0,174.0,452.0,4,828.0
3.0,9.0,76.0,85.0,149.0,174.0,4,845.0
3.0,9.0,85.0,149.0,510.0,828.0,4,845.0
3.0,1.0,570.0,577.0,790.0,808.0,4,820.0
3.0,1.0,577.0,790.0,808.0,815.0,4,820.0
3.0,1.0,305.0,356.0,790.0,815.0,4,820.0
3.0,1.0,305.0,356.0,790.0,815.0,4,960.0
3.0,1.0,305.0,356.0,815.0,820.0,4,960.0
3.0,1.0,305.0,356.0,815.0,820.0,4,960.0
3.0,1.0,577.0,790.0,808.0,815.0,4,820.0
3.0,1.0,570.0,790.0,808.0,815.0,4,820.0
3.0,1.0,305.0,356.0,808.0,815.0,4,960.0
3.0,1.0,570.0,577.0,790.0,808.0,4,960.0
3.0,1.0,570.0,577.0,790.0,808.0,4,960.0
3.0,1.0,305.0,356.0,382.0,808.0,4,815.0
3.0,1.0,305.0,356.0,808.0,815.0,4,820.0
3.0,1.0,570.0,577.0,790.0,808.0,4,820.0
3.0,1.0,570.0,577.0,790.0,808.0,4,820.0
3.0,1.0,356.0,790.0,808.0,815.0,4,820.0
3.0,1.0,305.0,356.0,808.0,815.0,4,960.0
3.0,1.0,570.0,790.0,808.0,815.0,4,820.0
3.0,34.0,55.0,112.0,137.0,299.0,4,719.0
3.0,34.0,36.0,299.0,335.0,719.0,4,753.0
3.0,34.0,36.0,55.0,299.0,719.0,4,753.0
3.0,34.0,36.0,55.0,137.0,299.0,4,753.0
3.0,34.0,36.0,55.0,137.0,719.0,4,811.0
3.0,34.0,55.0,112.0,137.0,299.0,4,719.0
3.0,34.0,36.0,55.0,137.0,299.0,4,719.0
3.0,1.0,570.0,577.0,808.0,820.0,4,960.0
3.0,1.0,305.0,356.0,808.0,815.0,4,960.0
3.0,1.0,118.0,305.0,356.0,808.0,4,815.0
3.0,1.0,570.0,577.0,808.0,820.0,4,960.0
3.0,1.0,356.0,382.0,808.0,815.0,4,960.0
3.0,1.0,305.0,356.0,808.0,815.0,4,820.0
3.0,1.0,570.0,577.0,808.0,820.0,4,960.0
3.0,1.0,118.0,305.0,356.0,808.0,4,815.0
3.0,1.0,118.0,305.0,356.0,815.0,4,960.0
3.0,1.0,570.0,577.0,808.0,820.0,4,960.0
3.0,1.0,570.0,577.0,808.0,820.0,4,960.0
3.0,1.0,570.0,577.0,808.0,820.0,4,960.0
3.0,1.0,570.0,577.0,808.0,820.0,4,960.0
3.0,1.0,305.0,356.0,808.0,815.0,4,820.0
3.0,1.0,305.0,356.0,382.0,808.0,4,815.0
3.0,1.0,305.0,356.0,382.0,808.0,4,815.0
3.0,1.0,305.0,356.0,808.0,815.0,4,820.0
3.0,1.0,305.0,570.0,577.0,808.0,4,820.0
3.0,28.0,41.0,110.0,553.0,608.0,4,859.0
3.0,28.0,41.0,110.0,484.0,608.0,4,665.0
3.0,28.0,110.0,484.0,608.0,665.0,4,859.0
3.0,28.0,484.0,608.0,665.0,754.0,4,859.0
3.0,28.0,484.0,608.0,665.0,685.0,4,859.0
3.0,1.0,570.0,577.0,682.0,808.0,4,820.0
3.0,1.0,118.0,356.0,740.0,815.0,4,960.0
3.0,1.0,570.0,577.0,682.0,808.0,4,820.0
3.0,1.0,570.0,577.0,682.0,808.0,4,820.0
3.0,1.0,118.0,577.0,808.0,815.0,4,820.0
3.0,1.0,118.0,356.0,808.0,815.0,4,820.0
3.0,1.0,118.0,356.0,740.0,808.0,4,815.0
3.0,1.0,118.0,356.0,740.0,808.0,4,815.0
3.0,1.0,577.0,682.0,808.0,815.0,4,820.0
3.0,1.0,577.0,682.0,808.0,815.0,4,820.0
3.0,1.0,577.0,682.0,808.0,815.0,4,820.0
3.0,9.0,81.0,85.0,510.0,828.0,4,1019.0
3.0,9.0,76.0,81.0,149.0,452.0,4,1019.0
3.0,9.0,76.0,81.0,149.0,452.0,4,1019.0
3.0,9.0,76.0,81.0,149.0,452.0,4,845.0
3.0,9.0,81.0,85.0,510.0,828.0,4,941.0
3.0,9.0,81.0,85.0,510.0,828.0,4,941.0
3.0,9.0,85.0,510.0,828.0,845.0,4,941.0
3.0,9.0,85.0,510.0,828.0,845.0,4,941.0
3.0,1.0,570.0,577.0,790.0,808.0,4,820.0
3.0,1.0,577.0,682.0,808.0,815.0,4,960.0
3.0,1.0,356.0,682.0,740.0,815.0,4,960.0
3.0,1.0,570.0,577.0,790.0,808.0,4,820.0
3.0,1.0,570.0,577.0,790.0,808.0,4,820.0
3.0,1.0,570.0,577.0,682.0,790.0,4,808.0
3.0,1.0,570.0,577.0,682.0,790.0,4,808.0
3.0,1.0,356.0,682.0,740.0,790.0,4,815.0
3.0,1.0,356.0,682.0,740.0,815.0,4,960.0
3.0,1.0,118.0,682.0,740.0,905.0,4,960.0
3.0,26.0,40.0,315.0,536.0,634.0,4,874.0
3.0,26.0,634.0,843.0,874.0,948.0,4,1024.0
3.0,26.0,315.0,634.0,684.0,948.0,4,1024.0
3.0,26.0,40.0,454.0,536.0,634.0,4,874.0
3.0,26.0,40.0,634.0,874.0,948.0,4,1024.0
3.0,1.0,356.0,682.0,740.0,815.0,4,960.0
3.0,1.0,570.0,577.0,790.0,808.0,4,820.0
3.0,1.0,570.0,577.0,682.0,808.0,4,820.0
3.0,1.0,356.0,682.0,808.0,815.0,4,820.0
3.0,1.0,356.0,682.0,740.0,808.0,4,815.0
3.0,1.0,577.0,740.0,790.0,815.0,4,820.0
3.0,1.0,570.0,577.0,790.0,808.0,4,820.0
3.0,17.0,47.0,108.0,135.0,505.0,4,635.0
3.0,17.0,47.0,148.0,328.0,505.0,4,642.0
3.0,17.0,47.0,108.0,135.0,505.0,4,635.0
3.0,17.0,47.0,135.0,505.0,635.0,4,857.0
3.0,17.0,47.0,108.0,135.0,505.0,4,635.0
3.0,17.0,47.0,108.0,148.0,505.0,4,635.0
3.0,17.0,47.0,108.0,135.0,148.0,4,505.0
3.0,17.0,47.0,108.0,135.0,148.0,4,505.0
3.0,17.0,47.0,108.0,135.0,328.0,4,505.0
3.0,1.0,570.0,577.0,790.0,808.0,4,820.0
3.0,1.0,570.0,577.0,790.0,808.0,4,820.0
3.0,1.0,356.0,570.0,682.0,808.0,4,820.0
3.0,1.0,356.0,682.0,705.0,740.0,4,815.0
3.0,1.0,356.0,682.0,705.0,740.0,4,815.0
3.0,1.0,570.0,577.0,682.0,808.0,4,820.0
3.0,1.0,570.0,577.0,682.0,808.0,4,820.0
3.0,1.0,570.0,577.0,790.0,808.0,4,820.0
3.0,1.0,356.0,682.0,705.0,740.0,4,815.0
3.0,1.0,356.0,682.0,705.0,740.0,4,815.0
3.0,1.0,356.0,682.0,740.0,905.0,4,960.0
3.0,1.0,570.0,577.0,790.0,808.0,4,820.0
3.0,1.0,570.0,790.0,808.0,820.0,4,905.0
3.0,1.0,705.0,808.0,815.0,820.0,4,905.0
3.0,1.0,705.0,808.0,815.0,820.0,4,905.0
3.0,1.0,577.0,705.0,790.0,808.0,4,820.0
3.0,1.0,577.0,705.0,790.0,808.0,4,820.0
3.0,1.0,356.0,682.0,740.0,905.0,4,960.0
3.0,17.0,108.0,135.0,505.0,598.0,4,635.0
3.0,17.0,108.0,211.0,328.0,483.0,4,505.0
3.0,17.0,108.0,211.0,328.0,483.0,4,505.0
3.0,17.0,135.0,483.0,598.0,635.0,4,642.0
3.0,17.0,108.0,135.0,328.0,483.0,4,505.0
3.0,17.0,108.0,328.0,483.0,505.0,4,642.0
3.0,17.0,108.0,328.0,483.0,505.0,4,642.0
3.0,4.0,103.0,259.0,487.0,589.0,4,646.0
3.0,4.0,103.0,259.0,487.0,589.0,4,646.0
3.0,4.0,373.0,437.0,487.0,589.0,4,851.0
3.0,4.0,259.0,487.0,589.0,646.0,4,936.0
3.0,4.0,259.0,487.0,589.0,646.0,4,936.0
3.0,4.0,103.0,259.0,487.0,589.0,4,646.0
3.0,4.0,103.0,259.0,487.0,589.0,4,646.0
3.0,4.0,103.0,259.0,437.0,487.0,4,646.0
3.0,4.0,103.0,259.0,437.0,487.0,4,646.0
3.0,4.0,103.0,259.0,487.0,589.0,4,646.0
3.0,4.0,259.0,487.0,589.0,646.0,4,936.0
3.0,1.0,356.0,682.0,705.0,808.0,4,815.0
3.0,1.0,682.0,705.0,808.0,815.0,4,905.0
3.0,1.0,682.0,705.0,808.0,815.0,4,905.0
3.0,1.0,705.0,767.0,808.0,815.0,4,905.0
3.0,1.0,705.0,767.0,808.0,815.0,4,905.0
3.0,1.0,705.0,740.0,808.0,815.0,4,905.0
3.0,1.0,705.0,740.0,808.0,815.0,4,905.0
3.0,1.0,356.0,682.0,705.0,808.0,4,815.0
3.0,1.0,118.0,356.0,705.0,808.0,4,815.0
3.0,1.0,118.0,356.0,682.0,740.0,4,767.0
3.0,1.0,118.0,682.0,740.0,767.0,4,905.0
3.0,18.0,14.0,115.0,809.0,876.0,4,1013.0
3.0,18.0,14.0,115.0,181.0,204.0,4,809.0
3.0,18.0,115.0,181.0,204.0,809.0,4,867.0
3.0,18.0,766.0,809.0,867.0,876.0,4,1013.0
3.0,18.0,14.0,115.0,514.0,876.0,4,1013.0
3.0,18.0,14.0,181.0,514.0,876.0,4,1013.0
3.0,18.0,14.0,181.0,514.0,876.0,4,1013.0
3.0,13.0,80.0,161.0,320.0,665.0,4,817.0
3.0,13.0,15.0,191.0,238.0,320.0,4,886.0
3.0,13.0,15.0,191.0,238.0,320.0,4,886.0
3.0,13.0,15.0,80.0,161.0,191.0,4,320.0
3.0,13.0,15.0,80.0,161.0,320.0,4,665.0
3.0,13.0,80.0,161.0,320.0,665.0,4,817.0
3.0,13.0,80.0,161.0,320.0,665.0,4,817.0
3.0,18.0,14.0,181.0,514.0,766.0,4,866.0
3.0,18.0,181.0,204.0,514.0,742.0,4,766.0
3.0,18.0,181.0,204.0,514.0,742.0,4,766.0
3.0,18.0,14.0,766.0,809.0,876.0,4,1013.0
3.0,18.0,14.0,766.0,809.0,876.0,4,1013.0
3.0,18.0,14.0,181.0,514.0,866.0,4,867.0
3.0,18.0,14.0,181.0,514.0,766.0,4,866.0
3.0,28.0,41.0,110.0,367.0,608.0,4,922.0
3.0,28.0,41.0,110.0,497.0,608.0,4,859.0
3.0,28.0,484.0,497.0,685.0,859.0,4,971.0
3.0,28.0,41.0,110.0,367.0,608.0,4,922.0
3.0,28.0,41.0,497.0,685.0,859.0,4,971.0
3.0,28.0,484.0,497.0,685.0,859.0,4,971.0
3.0,28.0,497.0,685.0,859.0,922.0,4,971.0
3.0,28.0,218.0,484.0,497.0,685.0,4,859.0
3.0,18.0,14.0,181.0,514.0,866.0,4,867.0
3.0,18.0,181.0,514.0,742.0,867.0,4,876.0
3.0,18.0,742.0,809.0,866.0,876.0,4,1013.0
3.0,18.0,181.0,514.0,742.0,866.0,4,867.0
3.0,18.0,14.0,181.0,514.0,866.0,4,867.0
3.0,18.0,14.0,809.0,866.0,876.0,4,1013.0
3.0,18.0,14.0,809.0,866.0,876.0,4,1013.0
3.0,28.0,110.0,367.0,608.0,685.0,4,922.0
3.0,28.0,110.0,367.0,608.0,685.0,4,922.0
3.0,28.0,110.0,497.0,608.0,859.0,4,922.0
3.0,28.0,41.0,110.0,367.0,553.0,4,859.0
3.0,28.0,110.0,367.0,553.0,685.0,4,922.0
3.0,28.0,110.0,218.0,497.0,859.0,4,922.0
3.0,28.0,110.0,218.0,497.0,859.0,4,922.0
3.0,28.0,110.0,218.0,497.0,859.0,4,922.0
3.0,28.0,41.0,497.0,608.0,685.0,4,859.0
3.0,28.0,41.0,497.0,608.0,685.0,4,859.0
3.0,28.0,41.0,218.0,497.0,685.0,4,859.0
3.0,28.0,218.0,484.0,553.0,685.0,4,859.0
3.0,13.0,15.0,161.0,665.0,817.0,4,886.0
3.0,13.0,15.0,191.0,665.0,832.0,4,886.0
3.0,13.0,161.0,191.0,673.0,832.0,4,886.0
3.0,13.0,161.0,191.0,673.0,817.0,4,886.0
3.0,13.0,15.0,161.0,665.0,817.0,4,886.0
3.0,13.0,15.0,161.0,665.0,817.0,4,886.0
3.0,13.0,15.0,191.0,673.0,886.0,4,925.0
3.0,13.0,15.0,191.0,673.0,886.0,4,925.0
3.0,13.0,15.0,161.0,191.0,673.0,4,886.0
3.0,13.0,15.0,80.0,161.0,191.0,4,673.0
3.0,13.0,15.0,80.0,161.0,665.0,4,886.0
3.0,18.0,14.0,204.0,809.0,867.0,4,1013.0
3.0,18.0,14.0,204.0,809.0,867.0,4,1013.0
3.0,18.0,579.0,809.0,867.0,876.0,4,1013.0
3.0,18.0,181.0,204.0,514.0,579.0,4,742.0
3.0,18.0,14.0,181.0,204.0,514.0,4,579.0
3.0,18.0,181.0,204.0,514.0,579.0,4,867.0
3.0,18.0,181.0,204.0,514.0,579.0,4,867.0
3.0,18.0,204.0,514.0,866.0,867.0,4,1013.0
3.0,18.0,809.0,866.0,867.0,876.0,4,1013.0
3.0,18.0,14.0,181.0,204.0,514.0,4,579.0
3.0,18.0,14.0,181.0,204.0,514.0,4,579.0
3.0,18.0,14.0,181.0,204.0,514.0,4,867.0
3.0,18.0,14.0,181.0,204.0,579.0,4,809.0
3.0,4.0,259.0,487.0,589.0,646.0,4,992.0
3.0,4.0,259.0,487.0,589.0,646.0,4,992.0
3.0,4.0,259.0,487.0,505.0,646.0,4,992.0
3.0,4.0,103.0,426.0,505.0,589.0,4,992.0
3.0,4.0,103.0,259.0,505.0,646.0,4,992.0
3.0,4.0,259.0,487.0,505.0,646.0,4,992.0
3.0,4.0,259.0,487.0,505.0,589.0,4,936.0
3.0,4.0,426.0,487.0,505.0,589.0,4,936.0
3.0,4.0,259.0,487.0,589.0,646.0,4,936.0
3.0,4.0,103.0,505.0,589.0,646.0,4,992.0
3.0,4.0,103.0,426.0,505.0,589.0,4,646.0
3.0,4.0,103.0,426.0,505.0,589.0,4,646.0
3.0,4.0,259.0,487.0,505.0,646.0,4,936.0
3.0,4.0,259.0,487.0,589.0,646.0,4,992.0
3.0,18.0,115.0,742.0,809.0,876.0,4,1013.0
3.0,18.0,14.0,809.0,867.0,876.0,4,1013.0
3.0,18.0,14.0,181.0,514.0,866.0,4,1013.0
3.0,18.0,14.0,181.0,204.0,514.0,4,866.0
3.0,18.0,14.0,204.0,514.0,866.0,4,1013.0
3.0,18.0,14.0,181.0,204.0,514.0,4,866.0
3.0,18.0,14.0,181.0,204.0,514.0,4,866.0
3.0,18.0,204.0,514.0,742.0,866.0,4,1013.0
3.0,18.0,204.0,514.0,742.0,866.0,4,1013.0
3.0,18.0,14.0,204.0,809.0,867.0,4,1013.0
3.0,18.0,14.0,115.0,181.0,514.0,4,866.0
3.0,18.0,14.0,115.0,181.0,204.0,4,514.0
3.0,18.0,14.0,115.0,181.0,204.0,4,514.0
3.0,17.0,47.0,108.0,135.0,148.0,4,635.0
3.0,17.0,47.0,108.0,135.0,148.0,4,328.0
3.0,17.0,47.0,108.0,135.0,148.0,4,328.0
3.0,17.0,47.0,108.0,135.0,148.0,4,328.0
3.0,17.0,148.0,373.0,483.0,598.0,4,642.0
3.0,17.0,148.0,373.0,483.0,598.0,4,642.0
3.0,17.0,47.0,108.0,135.0,148.0,4,635.0
3.0,17.0,47.0,108.0,135.0,148.0,4,635.0
3.0,17.0,47.0,108.0,135.0,148.0,4,373.0
3.0,17.0,47.0,108.0,135.0,373.0,4,483.0
3.0,17.0,135.0,373.0,483.0,598.0,4,642.0
3.0,17.0,108.0,135.0,328.0,483.0,4,598.0
3.0,17.0,108.0,135.0,328.0,483.0,4,598.0
3.0,17.0,211.0,328.0,483.0,488.0,4,642.0
3.0,18.0,14.0,181.0,514.0,866.0,4,867.0
3.0,18.0,181.0,204.0,514.0,579.0,4,867.0
3.0,18.0,204.0,579.0,809.0,867.0,4,1013.0
3.0,18.0,14.0,181.0,809.0,867.0,4,876.0
3.0,18.0,14.0,181.0,514.0,866.0,4,867.0
3.0,18.0,181.0,204.0,514.0,579.0,4,866.0
3.0,18.0,14.0,181.0,204.0,809.0,4,867.0
3.0,18.0,14.0,181.0,514.0,866.0,4,867.0
3.0,26.0,40.0,315.0,536.0,874.0,4,1024.0
3.0,26.0,40.0,536.0,874.0,948.0,4,1024.0
3.0,26.0,40.0,454.0,634.0,857.0,4,948.0
3.0,26.0,40.0,315.0,536.0,948.0,4,1024.0
3.0,26.0,40.0,315.0,536.0,948.0,4,1024.0
3.0,26.0,40.0,315.0,536.0,874.0,4,1024.0
3.0,26.0,40.0,315.0,634.0,948.0,4,1024.0
3.0,26.0,40.0,315.0,634.0,857.0,4,948.0
3.0,18.0,204.0,579.0,809.0,866.0,4,867.0
3.0,18.0,14.0,181.0,579.0,809.0,4,866.0
3.0,18.0,204.0,514.0,866.0,867.0,4,1013.0
3.0,18.0,14.0,181.0,514.0,866.0,4,867.0
3.0,18.0,14.0,181.0,514.0,579.0,4,866.0
3.0,18.0,204.0,579.0,809.0,867.0,4,876.0
3.0,18.0,14.0,204.0,809.0,866.0,4,876.0
3.0,18.0,14.0,204.0,809.0,866.0,4,1013.0
3.0,18.0,14.0,204.0,809.0,866.0,4,1013.0
3.0,9.0,85.0,510.0,828.0,845.0,4,941.0
3.0,9.0,81.0,149.0,452.0,941.0,4,1019.0
3.0,9.0,81.0,149.0,452.0,941.0,4,1019.0
3.0,9.0,81.0,149.0,452.0,941.0,4,1019.0
3.0,9.0,81.0,85.0,510.0,828.0,4,845.0
3.0,9.0,85.0,510.0,828.0,845.0,4,941.0
3.0,9.0,85.0,510.0,828.0,845.0,4,941.0
3.0,9.0,452.0,510.0,828.0,941.0,4,1019.0
3.0,9.0,149.0,452.0,828.0,941.0,4,1019.0
3.0,9.0,81.0,85.0,149.0,941.0,4,1019.0
3.0,9.0,76.0,81.0,149.0,452.0,4,1019.0
3.0,9.0,76.0,81.0,169.0,599.0,4,1019.0
3.0,34.0,36.0,335.0,530.0,719.0,4,811.0
3.0,34.0,36.0,299.0,335.0,530.0,4,719.0
3.0,34.0,404.0,432.0,530.0,803.0,4,811.0
3.0,34.0,36.0,404.0,719.0,803.0,4,811.0
3.0,34.0,36.0,299.0,432.0,719.0,4,753.0
3.0,34.0,36.0,299.0,432.0,719.0,4,753.0
3.0,34.0,36.0,404.0,719.0,753.0,4,811.0
3.0,34.0,335.0,432.0,719.0,753.0,4,811.0
3.0,34.0,36.0,404.0,530.0,719.0,4,811.0
3.0,34.0,36.0,299.0,404.0,530.0,4,719.0
3.0,34.0,36.0,299.0,404.0,530.0,4,719.0
3.0,18.0,14.0,181.0,514.0,579.0,4,866.0
3.0,18.0,14.0,181.0,204.0,514.0,4,579.0
3.0,18.0,204.0,579.0,809.0,867.0,4,1013.0
3.0,18.0,204.0,579.0,809.0,867.0,4,1013.0
3.0,18.0,204.0,579.0,809.0,867.0,4,1013.0
3.0,18.0,14.0,181.0,514.0,866.0,4,876.0
3.0,18.0,181.0,514.0,579.0,866.0,4,876.0
3.0,18.0,14.0,181.0,514.0,866.0,4,867.0
3.0,18.0,14.0,181.0,514.0,579.0,4,866.0
3.0,18.0,14.0,204.0,809.0,867.0,4,1013.0
3.0,18.0,204.0,579.0,809.0,866.0,4,1013.0
3.0,18.0,14.0,181.0,204.0,514.0,4,866.0
3.0,16.0,133.0,200.0,495.0,798.0,4,996.0
3.0,16.0,133.0,200.0,285.0,477.0,4,702.0
3.0,16.0,133.0,200.0,285.0,477.0,4,702.0
3.0,16.0,285.0,427.0,477.0,674.0,4,996.0
3.0,16.0,285.0,477.0,674.0,702.0,4,798.0
3.0,16.0,285.0,477.0,674.0,702.0,4,798.0
3.0,18.0,226.0,579.0,809.0,876.0,4,1013.0
3.0,18.0,14.0,181.0,226.0,809.0,4,866.0
3.0,18.0,14.0,181.0,204.0,226.0,4,514.0
3.0,18.0,14.0,204.0,579.0,809.0,4,876.0
3.0,18.0,204.0,226.0,579.0,809.0,4,876.0
3.0,18.0,514.0,766.0,867.0,876.0,4,1013.0
3.0,18.0,514.0,766.0,867.0,876.0,4,1013.0
3.0,18.0,14.0,181.0,226.0,514.0,4,866.0
3.0,18.0,14.0,181.0,226.0,514.0,4,866.0
3.0,18.0,226.0,579.0,809.0,876.0,4,1013.0
3.0,18.0,181.0,579.0,809.0,866.0,4,867.0
3.0,18.0,204.0,579.0,809.0,867.0,4,876.0
3.0,18.0,204.0,579.0,809.0,867.0,4,876.0
3.0,18.0,14.0,204.0,579.0,809.0,4,866.0
3.0,18.0,14.0,181.0,226.0,809.0,4,866.0
3.0,18.0,181.0,226.0,579.0,809.0,4,866.0
3.0,18.0,14.0,204.0,579.0,876.0,4,1013.0
3.0,18.0,14.0,204.0,579.0,876.0,4,1013.0
3.0,18.0,14.0,204.0,579.0,876.0,4,1013.0
3.0,18.0,181.0,226.0,579.0,809.0,4,866.0
3.0,18.0,14.0,181.0,226.0,809.0,4,866.0
3.0,18.0,226.0,579.0,809.0,866.0,4,876.0
3.0,18.0,14.0,181.0,226.0,809.0,4,866.0
3.0,28.0,41.0,110.0,367.0,608.0,4,922.0
3.0,28.0,110.0,497.0,608.0,859.0,4,922.0
3.0,28.0,497.0,608.0,685.0,859.0,4,922.0
3.0,28.0,41.0,110.0,497.0,553.0,4,859.0
3.0,28.0,110.0,367.0,608.0,859.0,4,922.0
3.0,28.0,110.0,497.0,608.0,859.0,4,922.0
3.0,28.0,41.0,110.0,497.0,608.0,4,922.0
3.0,28.0,41.0,110.0,497.0,608.0,4,922.0
3.0,28.0,41.0,110.0,367.0,608.0,4,922.0
3.0,28.0,110.0,497.0,608.0,685.0,4,922.0
3.0,28.0,41.0,110.0,497.0,608.0,4,859.0
3.0,28.0,41.0,484.0,497.0,608.0,4,685.0
3.0,28.0,41.0,110.0,218.0,608.0,4,922.0
3.0,28.0,41.0,110.0,497.0,608.0,4,859.0
3.0,28.0,41.0,110.0,497.0,608.0,4,859.0
3.0,28.0,41.0,110.0,218.0,367.0,4,859.0
3.0,28.0,41.0,110.0,218.0,367.0,4,859.0
3.0,28.0,41.0,367.0,608.0,859.0,4,922.0
3.0,28.0,218.0,484.0,553.0,685.0,4,859.0
3.0,28.0,110.0,367.0,608.0,685.0,4,922.0
3.0,28.0,110.0,497.0,608.0,685.0,4,922.0
3.0,28.0,41.0,484.0,497.0,608.0,4,859.0
3.0,28.0,41.0,110.0,218.0,608.0,4,685.0
3.0,28.0,110.0,367.0,608.0,685.0,4,922.0
3.0,28.0,110.0,497.0,608.0,685.0,4,922.0
3.0,28.0,41.0,110.0,497.0,608.0,4,922.0
3.0,28.0,41.0,497.0,608.0,685.0,4,859.0
3.0,28.0,41.0,218.0,367.0,685.0,4,859.0
3.0,28.0,41.0,218.0,367.0,685.0,4,859.0
3.0,28.0,41.0,110.0,218.0,367.0,4,859.0
3.0,28.0,41.0,110.0,218.0,367.0,4,859.0
3.0,28.0,110.0,367.0,608.0,859.0,4,922.0
3.0,28.0,110.0,218.0,497.0,685.0,4,922.0
3.0,28.0,41.0,110.0,218.0,497.0,4,859.0
3.0,28.0,41.0,367.0,484.0,553.0,4,859.0
3.0,28.0,41.0,110.0,367.0,553.0,4,859.0
3.0,28.0,41.0,110.0,367.0,553.0,4,859.0
3.0,28.0,41.0,110.0,218.0,553.0,4,685.0
3.0,28.0,110.0,218.0,367.0,685.0,4,922.0
3.0,28.0,41.0,497.0,553.0,685.0,4,859.0
3.0,28.0,41.0,110.0,367.0,553.0,4,922.0
3.0,28.0,41.0,110.0,367.0,685.0,4,922.0
3.0,28.0,41.0,110.0,367.0,685.0,4,922.0
3.0,17.0,47.0,108.0,135.0,328.0,4,635.0
3.0,17.0,47.0,328.0,635.0,642.0,4,708.0
3.0,17.0,47.0,328.0,635.0,642.0,4,708.0
3.0,17.0,135.0,373.0,598.0,642.0,4,708.0
3.0,17.0,47.0,108.0,135.0,328.0,4,635.0
3.0,17.0,47.0,108.0,135.0,328.0,4,635.0
3.0,17.0,47.0,108.0,328.0,635.0,4,708.0
3.0,17.0,47.0,108.0,328.0,635.0,4,708.0
3.0,17.0,47.0,108.0,135.0,635.0,4,708.0
3.0,16.0,133.0,296.0,477.0,798.0,4,996.0
3.0,16.0,285.0,427.0,674.0,702.0,4,996.0
3.0,16.0,285.0,296.0,427.0,477.0,4,702.0
3.0,16.0,133.0,296.0,477.0,702.0,4,798.0
3.0,16.0,296.0,477.0,674.0,798.0,4,996.0
3.0,16.0,296.0,495.0,674.0,798.0,4,996.0
3.0,16.0,285.0,427.0,674.0,702.0,4,996.0
3.0,28.0,41.0,110.0,461.0,608.0,4,922.0
3.0,28.0,461.0,484.0,608.0,685.0,4,922.0
3.0,28.0,461.0,484.0,553.0,685.0,4,922.0
3.0,28.0,110.0,218.0,608.0,685.0,4,922.0
3.0,28.0,41.0,110.0,218.0,608.0,4,685.0
3.0,28.0,110.0,484.0,608.0,685.0,4,922.0
3.0,28.0,41.0,110.0,553.0,608.0,4,685.0
3.0,28.0,41.0,110.0,461.0,553.0,4,685.0
3.0,28.0,110.0,218.0,461.0,484.0,4,922.0
3.0,28.0,218.0,461.0,484.0,685.0,4,922.0
3.0,28.0,110.0,218.0,484.0,553.0,4,685.0
3.0,28.0,41.0,110.0,461.0,553.0,4,922.0
3.0,28.0,41.0,110.0,218.0,461.0,4,922.0
3.0,28.0,218.0,484.0,553.0,685.0,4,922.0
3.0,28.0,218.0,484.0,553.0,685.0,4,922.0
3.0,28.0,218.0,484.0,553.0,685.0,4,922.0
3.0,13.0,15.0,80.0,161.0,665.0,4,817.0
3.0,13.0,15.0,80.0,161.0,665.0,4,817.0
3.0,13.0,15.0,161.0,238.0,817.0,4,886.0
3.0,13.0,15.0,191.0,238.0,832.0,4,886.0
3.0,13.0,80.0,191.0,665.0,817.0,4,832.0
3.0,13.0,80.0,161.0,320.0,665.0,4,817.0
3.0,13.0,191.0,238.0,320.0,832.0,4,886.0
3.0,13.0,191.0,665.0,817.0,832.0,4,886.0
3.0,13.0,191.0,665.0,817.0,832.0,4,886.0
3.0,13.0,80.0,161.0,320.0,817.0,4,832.0
3.0,28.0,41.0,110.0,553.0,608.0,4,685.0
3.0,28.0,41.0,110.0,461.0,608.0,4,922.0
3.0,28.0,110.0,461.0,484.0,608.0,4,922.0
3.0,28.0,461.0,484.0,608.0,859.0,4,922.0
3.0,28.0,461.0,484.0,553.0,859.0,4,922.0
3.0,28.0,110.0,461.0,484.0,553.0,4,922.0
3.0,28.0,41.0,110.0,608.0,685.0,4,922.0
3.0,28.0,41.0,110.0,553.0,608.0,4,685.0
3.0,28.0,41.0,110.0,461.0,608.0,4,922.0
3.0,28.0,41.0,553.0,608.0,685.0,4,922.0
3.0,28.0,41.0,553.0,608.0,685.0,4,922.0
3.0,34.0,55.0,112.0,137.0,247.0,4,811.0
3.0,34.0,36.0,112.0,137.0,299.0,4,719.0
3.0,34.0,36.0,55.0,299.0,719.0,4,811.0
3.0,34.0,55.0,112.0,137.0,247.0,4,811.0
3.0,34.0,36.0,55.0,137.0,299.0,4,811.0
3.0,34.0,55.0,112.0,137.0,719.0,4,811.0
3.0,34.0,55.0,112.0,137.0,719.0,4,811.0
3.0,26.0,315.0,536.0,634.0,684.0,4,1024.0
3.0,26.0,315.0,536.0,634.0,874.0,4,948.0
3.0,26.0,29.0,40.0,634.0,874.0,4,948.0
3.0,26.0,29.0,40.0,634.0,874.0,4,948.0
3.0,26.0,40.0,315.0,536.0,874.0,4,1024.0
3.0,26.0,40.0,315.0,536.0,684.0,4,1024.0
3.0,26.0,29.0,40.0,315.0,536.0,4,874.0
3.0,9.0,149.0,452.0,510.0,845.0,4,941.0
3.0,9.0,85.0,149.0,510.0,828.0,4,941.0
3.0,9.0,85.0,169.0,828.0,845.0,4,941.0
3.0,9.0,85.0,169.0,828.0,845.0,4,941.0
3.0,9.0,85.0,169.0,510.0,828.0,4,845.0
3.0,9.0,149.0,174.0,452.0,510.0,4,828.0
3.0,9.0,149.0,452.0,510.0,845.0,4,941.0
3.0,9.0,149.0,452.0,510.0,845.0,4,941.0
3.0,9.0,85.0,149.0,510.0,828.0,4,845.0
3.0,28.0,41.0,484.0,553.0,608.0,4,685.0
3.0,28.0,461.0,608.0,685.0,859.0,4,922.0
3.0,28.0,218.0,608.0,754.0,859.0,4,922.0
3.0,28.0,218.0,553.0,754.0,859.0,4,922.0
3.0,28.0,41.0,218.0,484.0,608.0,4,754.0
3.0,28.0,41.0,218.0,608.0,754.0,4,922.0
3.0,28.0,218.0,553.0,754.0,859.0,4,922.0
3.0,28.0,218.0,553.0,754.0,859.0,4,922.0
3.0,28.0,41.0,218.0,608.0,754.0,4,859.0
3.0,28.0,41.0,110.0,553.0,608.0,4,685.0
3.0,28.0,41.0,218.0,608.0,754.0,4,859.0
3.0,28.0,218.0,461.0,484.0,754.0,4,859.0
3.0,28.0,218.0,461.0,484.0,754.0,4,859.0
3.0,28.0,41.0,553.0,608.0,685.0,4,754.0
3.0,28.0,41.0,553.0,608.0,685.0,4,859.0
3.0,28.0,41.0,553.0,608.0,685.0,4,859.0
3.0,28.0,41.0,553.0,608.0,685.0,4,859.0
3.0,28.0,41.0,218.0,608.0,685.0,4,859.0
3.0,28.0,41.0,218.0,608.0,685.0,4,859.0
3.0,28.0,218.0,461.0,685.0,785.0,4,859.0
3.0,4.0,103.0,259.0,589.0,646.0,4,936.0
3.0,4.0,103.0,259.0,373.0,646.0,4,851.0
3.0,4.0,259.0,373.0,426.0,487.0,4,851.0
3.0,4.0,373.0,426.0,437.0,487.0,4,851.0
3.0,4.0,259.0,373.0,589.0,646.0,4,936.0
3.0,4.0,259.0,373.0,487.0,646.0,4,851.0
3.0,4.0,259.0,373.0,487.0,646.0,4,851.0
3.0,4.0,259.0,373.0,487.0,589.0,4,646.0
3.0,4.0,259.0,487.0,589.0,646.0,4,936.0
3.0,28.0,41.0,110.0,608.0,665.0,4,754.0
3.0,28.0,110.0,484.0,553.0,665.0,4,859.0
3.0,28.0,484.0,553.0,608.0,685.0,4,859.0
3.0,28.0,41.0,110.0,553.0,608.0,4,685.0
3.0,28.0,41.0,110.0,608.0,665.0,4,754.0
3.0,28.0,41.0,110.0,608.0,665.0,4,754.0
3.0,28.0,41.0,484.0,553.0,608.0,4,685.0
3.0,13.0,191.0,238.0,320.0,673.0,4,922.0
3.0,13.0,191.0,238.0,673.0,817.0,4,922.0
3.0,13.0,80.0,161.0,191.0,817.0,4,922.0
3.0,13.0,80.0,161.0,290.0,817.0,4,922.0
3.0,13.0,80.0,161.0,290.0,320.0,4,922.0
3.0,13.0,191.0,238.0,320.0,817.0,4,922.0
3.0,13.0,238.0,290.0,320.0,817.0,4,922.0
3.0,13.0,80.0,238.0,290.0,817.0,4,922.0
3.0,26.0,40.0,315.0,634.0,874.0,4,948.0
3.0,26.0,40.0,450.0,454.0,684.0,4,857.0
3.0,26.0,40.0,450.0,454.0,634.0,4,684.0
3.0,26.0,40.0,315.0,634.0,874.0,4,948.0
3.0,26.0,40.0,315.0,634.0,874.0,4,948.0
3.0,26.0,450.0,536.0,684.0,948.0,4,1024.0
3.0,26.0,40.0,450.0,634.0,874.0,4,948.0
3.0,26.0,40.0,315.0,634.0,874.0,4,948.0
3.0,26.0,40.0,450.0,454.0,634.0,4,874.0
3.0,26.0,40.0,450.0,454.0,684.0,4,1024.0
3.0,26.0,450.0,454.0,684.0,857.0,4,1024.0
3.0,26.0,450.0,454.0,684.0,857.0,4,1024.0
3.0,26.0,40.0,315.0,634.0,874.0,4,948.0
3.0,26.0,450.0,634.0,684.0,843.0,4,1024.0
3.0,26.0,450.0,634.0,684.0,843.0,4,1024.0
3.0,26.0,40.0,634.0,874.0,948.0,4,1024.0
3.0,26.0,40.0,634.0,874.0,948.0,4,1024.0
3.0,9.0,81.0,85.0,149.0,510.0,4,845.0
3.0,9.0,81.0,85.0,149.0,510.0,4,845.0
3.0,9.0,76.0,452.0,599.0,845.0,4,1019.0
3.0,9.0,81.0,85.0,452.0,510.0,4,1019.0
3.0,9.0,81.0,85.0,452.0,510.0,4,1019.0
3.0,9.0,81.0,85.0,149.0,845.0,4,1019.0
3.0,9.0,81.0,85.0,149.0,845.0,4,1019.0
3.0,4.0,103.0,259.0,487.0,505.0,4,646.0
3.0,4.0,103.0,487.0,505.0,589.0,4,646.0
3.0,4.0,103.0,487.0,505.0,589.0,4,646.0
3.0,4.0,103.0,259.0,589.0,646.0,4,936.0
3.0,4.0,259.0,487.0,505.0,646.0,4,936.0
3.0,4.0,103.0,487.0,505.0,589.0,4,646.0
3.0,4.0,103.0,487.0,505.0,589.0,4,646.0
3.0,4.0,103.0,259.0,505.0,589.0,4,646.0
3.0,26.0,40.0,315.0,634.0,874.0,4,948.0
3.0,26.0,40.0,315.0,634.0,843.0,4,948.0
3.0,26.0,40.0,315.0,843.0,948.0,4,1024.0
3.0,26.0,315.0,843.0,857.0,948.0,4,1024.0
3.0,26.0,40.0,454.0,843.0,857.0,4,1024.0
3.0,26.0,40.0,315.0,634.0,843.0,4,948.0
3.0,26.0,40.0,315.0,634.0,874.0,4,948.0
3.0,26.0,40.0,315.0,450.0,634.0,4,843.0
3.0,26.0,315.0,634.0,843.0,948.0,4,1024.0
3.0,26.0,40.0,454.0,843.0,948.0,4,1024.0
3.0,34.0,36.0,55.0,299.0,404.0,4,811.0
3.0,34.0,36.0,112.0,299.0,355.0,4,811.0
3.0,34.0,55.0,112.0,335.0,355.0,4,753.0
3.0,34.0,55.0,112.0,335.0,355.0,4,753.0
3.0,34.0,55.0,112.0,247.0,355.0,4,753.0
3.0,34.0,55.0,112.0,335.0,355.0,4,753.0
3.0,34.0,55.0,112.0,335.0,355.0,4,753.0
3.0,34.0,36.0,55.0,355.0,404.0,4,753.0
3.0,34.0,36.0,55.0,299.0,404.0,4,811.0
3.0,34.0,36.0,55.0,112.0,299.0,4,811.0
3.0,34.0,36.0,55.0,112.0,299.0,4,811.0
3.0,34.0,36.0,55.0,112.0,355.0,4,811.0
3.0,26.0,40.0,315.0,450.0,454.0,4,1024.0
3.0,26.0,29.0,40.0,315.0,450.0,4,948.0
3.0,26.0,29.0,40.0,315.0,450.0,4,948.0
3.0,26.0,29.0,40.0,315.0,874.0,4,948.0
3.0,26.0,29.0,40.0,450.0,874.0,4,948.0
3.0,26.0,40.0,450.0,874.0,948.0,4,1024.0
3.0,26.0,40.0,315.0,450.0,874.0,4,1024.0
3.0,26.0,40.0,315.0,634.0,684.0,4,1024.0
3.0,26.0,40.0,315.0,450.0,536.0,4,684.0
3.0,26.0,40.0,315.0,450.0,536.0,4,684.0
3.0,26.0,40.0,536.0,874.0,948.0,4,1024.0
3.0,26.0,40.0,315.0,536.0,948.0,4,1024.0
3.0,26.0,40.0,315.0,634.0,948.0,4,1024.0
3.0,26.0,40.0,315.0,634.0,684.0,4,948.0
3.0,26.0,40.0,315.0,634.0,684.0,4,948.0
3.0,34.0,55.0,112.0,137.0,355.0,4,811.0
3.0,34.0,36.0,137.0,299.0,335.0,4,753.0
3.0,34.0,36.0,112.0,299.0,753.0,4,811.0
3.0,34.0,36.0,278.0,299.0,335.0,4,753.0
3.0,34.0,36.0,55.0,137.0,299.0,4,355.0
3.0,34.0,36.0,55.0,137.0,299.0,4,355.0
3.0,34.0,55.0,112.0,137.0,299.0,4,355.0
3.0,13.0,15.0,238.0,320.0,665.0,4,886.0
3.0,13.0,15.0,238.0,320.0,665.0,4,886.0
3.0,13.0,15.0,161.0,238.0,673.0,4,886.0
3.0,13.0,80.0,161.0,320.0,665.0,4,817.0
3.0,13.0,80.0,161.0,320.0,665.0,4,817.0
3.0,13.0,80.0,161.0,320.0,665.0,4,817.0
3.0,13.0,80.0,238.0,320.0,665.0,4,817.0
3.0,13.0,80.0,238.0,320.0,665.0,4,817.0
3.0,13.0,80.0,238.0,320.0,665.0,4,817.0
3.0,13.0,15.0,80.0,161.0,238.0,4,886.0
3.0,13.0,15.0,80.0,161.0,320.0,4,817.0
3.0,26.0,29.0,40.0,634.0,874.0,4,948.0
3.0,26.0,40.0,315.0,634.0,684.0,4,1024.0
3.0,26.0,315.0,536.0,684.0,843.0,4,1024.0
3.0,26.0,315.0,536.0,684.0,843.0,4,1024.0
3.0,26.0,315.0,536.0,843.0,874.0,4,1024.0
3.0,26.0,29.0,315.0,634.0,843.0,4,874.0
3.0,26.0,29.0,40.0,634.0,874.0,4,948.0
3.0,26.0,29.0,40.0,634.0,874.0,4,948.0
3.0,26.0,29.0,40.0,634.0,874.0,4,948.0
3.0,26.0,40.0,634.0,874.0,948.0,4,1024.0
3.0,9.0,81.0,149.0,169.0,174.0,4,828.0
3.0,9.0,81.0,85.0,149.0,510.0,4,828.0
3.0,9.0,76.0,81.0,85.0,169.0,4,174.0
3.0,9.0,76.0,169.0,174.0,452.0,4,828.0
3.0,9.0,76.0,169.0,174.0,452.0,4,828.0
3.0,9.0,76.0,81.0,85.0,452.0,4,828.0
3.0,9.0,76.0,81.0,85.0,149.0,4,828.0
3.0,9.0,76.0,81.0,85.0,149.0,4,828.0
3.0,17.0,47.0,108.0,148.0,373.0,4,483.0
3.0,17.0,47.0,108.0,135.0,148.0,4,373.0
3.0,17.0,47.0,108.0,135.0,148.0,4,373.0
3.0,17.0,47.0,108.0,135.0,148.0,4,635.0
3.0,17.0,148.0,328.0,598.0,635.0,4,642.0
3.0,17.0,148.0,328.0,598.0,635.0,4,642.0
3.0,26.0,40.0,315.0,536.0,874.0,4,1024.0
3.0,26.0,40.0,634.0,684.0,843.0,4,948.0
3.0,26.0,40.0,315.0,536.0,874.0,4,1024.0
3.0,26.0,40.0,315.0,536.0,874.0,4,1024.0
3.0,26.0,40.0,536.0,634.0,684.0,4,948.0
3.0,26.0,40.0,536.0,634.0,684.0,4,948.0
3.0,26.0,40.0,634.0,684.0,857.0,4,948.0
3.0,26.0,40.0,634.0,684.0,857.0,4,948.0
3.0,26.0,40.0,315.0,634.0,948.0,4,1024.0
3.0,26.0,40.0,315.0,634.0,874.0,4,1024.0
3.0,26.0,29.0,40.0,315.0,536.0,4,874.0
3.0,26.0,29.0,40.0,315.0,634.0,4,948.0
3.0,26.0,40.0,315.0,634.0,843.0,4,874.0
3.0,26.0,40.0,315.0,536.0,843.0,4,874.0
3.0,26.0,29.0,40.0,315.0,634.0,4,948.0
3.0,26.0,29.0,40.0,315.0,634.0,4,948.0
3.0,26.0,29.0,40.0,315.0,634.0,4,948.0
3.0,26.0,29.0,40.0,634.0,684.0,4,948.0
3.0,26.0,315.0,634.0,843.0,874.0,4,948.0
3.0,4.0,103.0,259.0,589.0,646.0,4,936.0
3.0,4.0,259.0,373.0,487.0,646.0,4,851.0
3.0,4.0,259.0,373.0,646.0,851.0,4,936.0
3.0,4.0,103.0,259.0,589.0,646.0,4,936.0
3.0,4.0,103.0,259.0,589.0,646.0,4,936.0
3.0,4.0,103.0,259.0,589.0,646.0,4,936.0
3.0,4.0,103.0,259.0,646.0,851.0,4,936.0
3.0,4.0,103.0,259.0,589.0,646.0,4,936.0
3.0,4.0,103.0,259.0,373.0,646.0,4,851.0
3.0,4.0,373.0,589.0,646.0,851.0,4,936.0
3.0,4.0,259.0,373.0,589.0,851.0,4,936.0
3.0,4.0,259.0,373.0,589.0,851.0,4,936.0
3.0,4.0,259.0,373.0,589.0,851.0,4,936.0
3.0,4.0,6.0,265.0,426.0,437.0,4,936.0
3.0,26.0,454.0,536.0,843.0,948.0,4,1024.0
3.0,26.0,315.0,536.0,843.0,948.0,4,1024.0
3.0,26.0,315.0,536.0,843.0,874.0,4,1024.0
3.0,26.0,40.0,454.0,634.0,948.0,4,1024.0
3.0,26.0,40.0,315.0,634.0,948.0,4,1024.0
3.0,26.0,40.0,315.0,536.0,948.0,4,1024.0
3.0,26.0,454.0,488.0,536.0,843.0,4,948.0
3.0,16.0,133.0,296.0,477.0,495.0,4,798.0
3.0,16.0,133.0,296.0,477.0,798.0,4,996.0
3.0,16.0,296.0,416.0,674.0,798.0,4,996.0
3.0,16.0,296.0,416.0,674.0,798.0,4,996.0
3.0,16.0,133.0,296.0,427.0,477.0,4,996.0
3.0,16.0,133.0,296.0,477.0,495.0,4,798.0
3.0,16.0,133.0,416.0,427.0,674.0,4,996.0
3.0,16.0,133.0,416.0,427.0,674.0,4,996.0
3.0,16.0,296.0,495.0,674.0,798.0,4,996.0
3.0,26.0,40.0,454.0,536.0,874.0,4,1024.0
3.0,26.0,40.0,454.0,536.0,874.0,4,1024.0
3.0,26.0,40.0,315.0,450.0,454.0,4,634.0
3.0,26.0,315.0,450.0,536.0,634.0,4,874.0
3.0,26.0,40.0,315.0,536.0,634.0,4,874.0
3.0,26.0,40.0,315.0,536.0,874.0,4,1024.0
3.0,26.0,40.0,315.0,536.0,874.0,4,1024.0
3.0,26.0,40.0,454.0,536.0,874.0,4,1024.0
3.0,26.0,40.0,450.0,454.0,634.0,4,874.0
3.0,26.0,40.0,450.0,454.0,634.0,4,874.0
3.0,26.0,315.0,450.0,454.0,634.0,4,843.0
3.0,26.0,40.0,315.0,450.0,634.0,4,843.0
3.0,26.0,40.0,315.0,450.0,536.0,4,843.0
3.0,26.0,40.0,450.0,536.0,843.0,4,874.0
3.0,26.0,315.0,488.0,634.0,843.0,4,874.0
3.0,26.0,40.0,634.0,684.0,843.0,4,874.0
3.0,26.0,40.0,634.0,684.0,843.0,4,874.0
3.0,26.0,40.0,450.0,536.0,684.0,4,843.0
3.0,26.0,450.0,454.0,536.0,684.0,4,843.0
3.0,26.0,450.0,454.0,488.0,684.0,4,1024.0
3.0,26.0,450.0,454.0,488.0,684.0,4,1024.0
3.0,26.0,450.0,454.0,488.0,536.0,4,684.0
3.0,17.0,47.0,328.0,483.0,505.0,4,642.0
3.0,17.0,148.0,328.0,483.0,642.0,4,797.0
3.0,17.0,135.0,328.0,483.0,505.0,4,642.0
3.0,17.0,148.0,328.0,642.0,797.0,4,857.0
3.0,17.0,148.0,328.0,642.0,797.0,4,857.0
3.0,26.0,40.0,454.0,488.0,634.0,4,684.0
3.0,26.0,450.0,454.0,488.0,634.0,4,684.0
3.0,26.0,450.0,454.0,488.0,634.0,4,684.0
3.0,26.0,40.0,454.0,488.0,536.0,4,684.0
3.0,26.0,40.0,450.0,454.0,488.0,4,634.0
3.0,16.0,133.0,296.0,495.0,798.0,4,996.0
3.0,16.0,296.0,495.0,674.0,798.0,4,996.0
3.0,16.0,285.0,495.0,674.0,798.0,4,996.0
3.0,16.0,285.0,296.0,495.0,674.0,4,996.0
3.0,16.0,285.0,296.0,495.0,674.0,4,996.0
3.0,16.0,296.0,495.0,674.0,798.0,4,996.0
3.0,16.0,285.0,296.0,477.0,674.0,4,996.0
3.0,26.0,337.0,488.0,634.0,684.0,4,1024.0
3.0,26.0,337.0,488.0,634.0,684.0,4,1024.0
3.0,26.0,40.0,315.0,536.0,874.0,4,1024.0
3.0,26.0,40.0,488.0,536.0,874.0,4,1024.0
3.0,26.0,40.0,315.0,450.0,536.0,4,874.0
3.0,26.0,40.0,536.0,634.0,874.0,4,1024.0
3.0,26.0,40.0,488.0,634.0,684.0,4,1024.0
3.0,26.0,450.0,488.0,634.0,684.0,4,1024.0
3.0,26.0,40.0,488.0,536.0,634.0,4,874.0
3.0,26.0,40.0,315.0,450.0,536.0,4,874.0
3.0,26.0,454.0,488.0,634.0,684.0,4,843.0
3.0,26.0,40.0,450.0,488.0,634.0,4,874.0
3.0,26.0,40.0,315.0,450.0,536.0,4,874.0
3.0,26.0,40.0,315.0,450.0,536.0,4,684.0
3.0,26.0,40.0,450.0,488.0,536.0,4,684.0
3.0,26.0,40.0,488.0,634.0,684.0,4,1024.0
3.0,26.0,315.0,450.0,488.0,536.0,4,874.0
3.0,17.0,148.0,328.0,373.0,635.0,4,642.0
3.0,17.0,148.0,328.0,373.0,635.0,4,642.0
3.0,17.0,148.0,328.0,373.0,635.0,4,642.0
3.0,17.0,47.0,108.0,135.0,373.0,4,708.0
3.0,17.0,47.0,108.0,373.0,635.0,4,708.0
3.0,17.0,47.0,108.0,328.0,635.0,4,708.0
3.0,17.0,148.0,211.0,328.0,635.0,4,642.0
3.0,17.0,108.0,148.0,211.0,373.0,4,635.0
3.0,4.0,103.0,259.0,487.0,589.0,4,646.0
3.0,4.0,487.0,505.0,589.0,646.0,4,936.0
3.0,4.0,487.0,505.0,589.0,646.0,4,936.0
3.0,4.0,103.0,437.0,589.0,646.0,4,936.0
3.0,4.0,103.0,437.0,505.0,589.0,4,646.0
3.0,4.0,103.0,437.0,505.0,589.0,4,646.0
3.0,4.0,103.0,259.0,437.0,505.0,4,646.0
3.0,17.0,47.0,108.0,135.0,148.0,4,328.0
3.0,17.0,47.0,108.0,148.0,328.0,4,642.0
3.0,17.0,47.0,108.0,148.0,328.0,4,488.0
3.0,17.0,47.0,108.0,148.0,328.0,4,488.0
3.0,17.0,47.0,108.0,135.0,148.0,4,328.0
3.0,17.0,47.0,135.0,148.0,328.0,4,642.0
3.0,17.0,47.0,135.0,148.0,328.0,4,642.0
3.0,17.0,135.0,148.0,328.0,373.0,4,642.0
3.0,17.0,47.0,108.0,135.0,373.0,4,642.0
3.0,17.0,47.0,108.0,135.0,373.0,4,642.0
3.0,17.0,47.0,108.0,135.0,373.0,4,642.0
3.0,17.0,108.0,135.0,328.0,373.0,4,642.0
3.0,17.0,108.0,135.0,148.0,211.0,4,328.0
3.0,17.0,108.0,135.0,148.0,373.0,4,598.0
3.0,17.0,108.0,135.0,373.0,488.0,4,598.0
3.0,17.0,148.0,373.0,488.0,598.0,4,642.0
3.0,17.0,148.0,373.0,488.0,598.0,4,642.0
3.0,17.0,135.0,373.0,488.0,598.0,4,642.0
3.0,17.0,108.0,135.0,148.0,328.0,4,337.0
3.0,17.0,108.0,135.0,373.0,598.0,4,642.0
3.0,17.0,108.0,135.0,148.0,211.0,4,328.0
3.0,17.0,108.0,135.0,148.0,211.0,4,373.0
3.0,17.0,108.0,135.0,148.0,211.0,4,373.0
3.0,17.0,108.0,148.0,373.0,488.0,4,598.0
3.0,17.0,108.0,135.0,373.0,598.0,4,642.0
3.0,17.0,47.0,108.0,135.0,148.0,4,328.0
3.0,17.0,47.0,135.0,148.0,328.0,4,642.0
3.0,17.0,47.0,108.0,148.0,373.0,4,642.0
3.0,17.0,47.0,108.0,373.0,488.0,4,642.0
3.0,17.0,108.0,373.0,488.0,598.0,4,642.0
3.0,17.0,47.0,108.0,135.0,148.0,4,328.0
3.0,17.0,47.0,108.0,135.0,148.0,4,328.0
3.0,17.0,47.0,108.0,148.0,328.0,4,642.0
3.0,17.0,47.0,108.0,148.0,328.0,4,488.0
3.0,17.0,47.0,108.0,135.0,148.0,4,328.0
3.0,34.0,36.0,112.0,137.0,299.0,4,753.0
3.0,34.0,36.0,55.0,137.0,355.0,4,811.0
3.0,34.0,55.0,112.0,137.0,355.0,4,753.0
3.0,34.0,55.0,112.0,137.0,355.0,4,753.0
3.0,34.0,55.0,112.0,137.0,355.0,4,753.0
3.0,34.0,36.0,55.0,247.0,299.0,4,355.0
3.0,34.0,36.0,55.0,247.0,299.0,4,355.0
3.0,34.0,55.0,112.0,137.0,299.0,4,355.0
3.0,9.0,85.0,174.0,452.0,510.0,4,845.0
3.0,9.0,81.0,85.0,149.0,510.0,4,845.0
3.0,9.0,81.0,149.0,510.0,599.0,4,1019.0
3.0,9.0,81.0,85.0,174.0,452.0,4,845.0
3.0,9.0,85.0,174.0,452.0,510.0,4,845.0
3.0,9.0,81.0,85.0,452.0,510.0,4,1019.0
3.0,9.0,76.0,149.0,510.0,599.0,4,1019.0
3.0,9.0,76.0,149.0,599.0,845.0,4,1019.0
3.0,17.0,47.0,148.0,373.0,488.0,4,635.0
3.0,17.0,148.0,373.0,488.0,598.0,4,635.0
3.0,17.0,148.0,373.0,598.0,635.0,4,708.0
3.0,17.0,47.0,135.0,328.0,642.0,4,708.0
3.0,17.0,135.0,148.0,598.0,635.0,4,708.0
3.0,17.0,135.0,148.0,598.0,635.0,4,708.0
3.0,17.0,47.0,148.0,328.0,488.0,4,635.0
3.0,17.0,47.0,108.0,328.0,635.0,4,708.0
3.0,17.0,47.0,108.0,328.0,635.0,4,708.0
3.0,17.0,47.0,108.0,328.0,635.0,4,708.0
3.0,17.0,108.0,135.0,373.0,598.0,4,642.0
3.0,17.0,47.0,148.0,328.0,635.0,4,642.0
3.0,17.0,47.0,108.0,148.0,373.0,4,708.0
3.0,17.0,47.0,108.0,148.0,373.0,4,708.0
3.0,17.0,47.0,108.0,135.0,148.0,4,635.0
3.0,17.0,47.0,108.0,135.0,148.0,4,328.0
3.0,17.0,47.0,108.0,135.0,328.0,4,483.0
3.0,17.0,148.0,373.0,483.0,598.0,4,642.0
3.0,17.0,148.0,373.0,483.0,598.0,4,642.0
3.0,17.0,47.0,108.0,148.0,373.0,4,483.0
3.0,17.0,47.0,108.0,135.0,148.0,4,373.0
3.0,17.0,47.0,108.0,135.0,373.0,4,483.0
3.0,17.0,47.0,108.0,135.0,373.0,4,483.0
3.0,17.0,108.0,135.0,148.0,328.0,4,373.0
3.0,16.0,296.0,495.0,702.0,798.0,4,806.0
3.0,16.0,133.0,285.0,296.0,416.0,4,996.0
3.0,16.0,200.0,296.0,416.0,798.0,4,996.0
3.0,16.0,296.0,495.0,702.0,798.0,4,806.0
3.0,16.0,296.0,495.0,798.0,806.0,4,996.0
3.0,16.0,133.0,296.0,495.0,798.0,4,996.0
3.0,16.0,200.0,285.0,296.0,416.0,4,798.0
3.0,17.0,47.0,108.0,148.0,483.0,4,635.0
3.0,17.0,47.0,108.0,135.0,148.0,4,635.0
3.0,17.0,47.0,108.0,135.0,148.0,4,635.0
3.0,17.0,47.0,135.0,148.0,635.0,4,642.0
3.0,17.0,47.0,135.0,373.0,483.0,4,642.0
3.0,17.0,108.0,135.0,148.0,328.0,4,635.0
3.0,9.0,85.0,510.0,828.0,845.0,4,941.0
3.0,9.0,85.0,510.0,828.0,845.0,4,941.0
3.0,9.0,85.0,510.0,828.0,845.0,4,941.0
3.0,9.0,81.0,85.0,828.0,845.0,4,941.0
3.0,9.0,85.0,510.0,828.0,845.0,4,941.0
3.0,9.0,81.0,149.0,452.0,941.0,4,1019.0
3.0,9.0,81.0,149.0,452.0,941.0,4,1019.0
3.0,9.0,85.0,149.0,828.0,845.0,4,941.0
3.0,17.0,47.0,108.0,135.0,505.0,4,635.0
3.0,17.0,47.0,108.0,135.0,328.0,4,505.0
3.0,17.0,108.0,328.0,483.0,505.0,4,598.0
3.0,17.0,483.0,505.0,598.0,635.0,4,642.0
3.0,17.0,47.0,483.0,505.0,635.0,4,857.0
3.0,17.0,47.0,108.0,135.0,505.0,4,635.0
3.0,17.0,47.0,108.0,135.0,505.0,4,635.0
3.0,16.0,200.0,285.0,674.0,702.0,4,996.0
3.0,16.0,285.0,427.0,477.0,674.0,4,702.0
3.0,16.0,133.0,200.0,495.0,674.0,4,996.0
3.0,17.0,47.0,108.0,135.0,328.0,4,505.0
3.0,17.0,47.0,328.0,483.0,505.0,4,642.0
3.0,17.0,135.0,328.0,483.0,598.0,4,642.0
3.0,17.0,135.0,328.0,483.0,598.0,4,642.0
3.0,17.0,108.0,135.0,328.0,483.0,4,598.0
3.0,17.0,47.0,108.0,135.0,328.0,4,505.0
3.0,17.0,108.0,135.0,328.0,505.0,4,598.0
3.0,17.0,47.0,108.0,135.0,505.0,4,635.0
3.0,17.0,47.0,328.0,483.0,505.0,4,642.0
3.0,17.0,47.0,108.0,135.0,328.0,4,483.0
3.0,17.0,47.0,135.0,328.0,483.0,4,642.0
3.0,34.0,15.0,36.0,299.0,432.0,4,719.0
3.0,34.0,36.0,299.0,432.0,719.0,4,803.0
3.0,34.0,15.0,36.0,404.0,719.0,4,811.0
3.0,34.0,15.0,36.0,299.0,335.0,4,719.0
3.0,34.0,404.0,432.0,753.0,811.0,4,900.0
3.0,13.0,80.0,161.0,290.0,320.0,4,817.0
3.0,13.0,191.0,238.0,817.0,922.0,4,971.0
3.0,13.0,191.0,238.0,817.0,922.0,4,971.0
3.0,13.0,191.0,290.0,817.0,922.0,4,971.0
3.0,13.0,80.0,161.0,290.0,922.0,4,971.0
3.0,13.0,80.0,161.0,290.0,922.0,4,971.0
3.0,13.0,80.0,161.0,290.0,320.0,4,817.0
3.0,13.0,80.0,161.0,290.0,320.0,4,817.0
3.0,13.0,191.0,238.0,817.0,922.0,4,971.0
3.0,13.0,191.0,238.0,817.0,922.0,4,971.0
3.0,17.0,108.0,135.0,505.0,598.0,4,635.0
3.0,17.0,108.0,483.0,505.0,635.0,4,797.0
3.0,17.0,108.0,148.0,211.0,505.0,4,635.0
3.0,17.0,108.0,148.0,505.0,598.0,4,635.0
3.0,17.0,108.0,211.0,483.0,505.0,4,635.0
3.0,17.0,211.0,483.0,505.0,635.0,4,642.0
3.0,17.0,148.0,211.0,505.0,635.0,4,642.0
3.0,17.0,108.0,148.0,598.0,635.0,4,642.0
3.0,17.0,108.0,148.0,505.0,642.0,4,797.0
3.0,17.0,148.0,505.0,642.0,797.0,4,857.0
3.0,17.0,47.0,108.0,148.0,505.0,4,635.0
3.0,17.0,108.0,148.0,328.0,505.0,4,598.0
3.0,17.0,328.0,483.0,505.0,598.0,4,642.0
3.0,17.0,47.0,108.0,148.0,505.0,4,635.0
3.0,17.0,47.0,108.0,148.0,505.0,4,635.0
3.0,17.0,47.0,108.0,148.0,505.0,4,635.0
3.0,17.0,47.0,108.0,148.0,328.0,4,483.0
3.0,17.0,148.0,328.0,483.0,598.0,4,642.0
3.0,17.0,211.0,328.0,483.0,797.0,4,857.0
3.0,17.0,211.0,328.0,483.0,797.0,4,857.0
3.0,4.0,259.0,487.0,589.0,646.0,4,936.0
3.0,4.0,103.0,373.0,426.0,437.0,4,589.0
3.0,4.0,437.0,487.0,589.0,646.0,4,936.0
3.0,4.0,259.0,487.0,589.0,646.0,4,936.0
3.0,4.0,103.0,589.0,646.0,851.0,4,936.0
3.0,4.0,103.0,259.0,589.0,646.0,4,851.0
3.0,4.0,259.0,487.0,589.0,646.0,4,851.0
3.0,17.0,135.0,505.0,598.0,635.0,4,642.0
3.0,17.0,108.0,148.0,211.0,328.0,4,483.0
3.0,17.0,148.0,328.0,483.0,505.0,4,598.0
3.0,17.0,135.0,148.0,505.0,598.0,4,635.0
3.0,17.0,108.0,135.0,505.0,598.0,4,635.0
3.0,17.0,108.0,135.0,328.0,505.0,4,598.0
3.0,17.0,108.0,328.0,483.0,505.0,4,598.0
3.0,17.0,211.0,328.0,483.0,505.0,4,642.0
3.0,17.0,211.0,328.0,483.0,505.0,4,642.0
3.0,17.0,328.0,483.0,505.0,598.0,4,642.0
3.0,17.0,148.0,328.0,483.0,797.0,4,857.0
3.0,17.0,148.0,328.0,483.0,797.0,4,857.0
3.0,16.0,133.0,285.0,495.0,702.0,4,996.0
3.0,16.0,133.0,285.0,495.0,702.0,4,996.0
3.0,16.0,296.0,477.0,674.0,702.0,4,996.0
3.0,16.0,133.0,285.0,296.0,495.0,4,996.0
3.0,16.0,296.0,477.0,674.0,798.0,4,996.0
3.0,16.0,296.0,495.0,674.0,798.0,4,996.0
3.0,4.0,103.0,505.0,589.0,646.0,4,936.0
3.0,4.0,103.0,505.0,589.0,646.0,4,936.0
3.0,4.0,259.0,426.0,487.0,589.0,4,646.0
3.0,4.0,259.0,487.0,505.0,589.0,4,646.0
3.0,4.0,103.0,259.0,505.0,646.0,4,936.0
3.0,4.0,103.0,487.0,505.0,589.0,4,646.0
3.0,4.0,103.0,487.0,505.0,589.0,4,646.0
3.0,4.0,103.0,487.0,505.0,589.0,4,646.0
3.0,4.0,103.0,487.0,505.0,589.0,4,646.0
3.0,4.0,103.0,259.0,487.0,505.0,4,589.0
3.0,4.0,259.0,487.0,505.0,589.0,4,646.0
3.0,4.0,259.0,487.0,505.0,646.0,4,936.0
3.0,4.0,259.0,487.0,505.0,646.0,4,936.0
3.0,4.0,103.0,437.0,487.0,505.0,4,628.0
3.0,4.0,103.0,437.0,505.0,628.0,4,936.0
3.0,4.0,103.0,259.0,437.0,487.0,4,505.0
3.0,4.0,103.0,259.0,437.0,487.0,4,505.0
3.0,4.0,103.0,259.0,487.0,505.0,4,646.0
3.0,4.0,103.0,259.0,487.0,505.0,4,646.0
3.0,4.0,103.0,259.0,487.0,505.0,4,646.0
3.0,4.0,103.0,259.0,487.0,505.0,4,646.0
3.0,4.0,103.0,259.0,426.0,437.0,4,936.0
3.0,4.0,103.0,259.0,426.0,646.0,4,936.0
3.0,4.0,259.0,487.0,505.0,646.0,4,936.0
3.0,4.0,259.0,426.0,437.0,487.0,4,936.0
3.0,4.0,259.0,437.0,487.0,505.0,4,936.0
3.0,4.0,259.0,487.0,505.0,646.0,4,936.0
3.0,4.0,259.0,487.0,505.0,646.0,4,936.0
3.0,9.0,169.0,510.0,828.0,845.0,4,941.0
3.0,9.0,81.0,149.0,169.0,174.0,4,828.0
3.0,9.0,76.0,81.0,149.0,169.0,4,174.0
3.0,9.0,81.0,452.0,599.0,845.0,4,941.0
3.0,9.0,81.0,452.0,599.0,845.0,4,941.0
3.0,9.0,81.0,149.0,169.0,174.0,4,941.0
3.0,9.0,81.0,85.0,149.0,845.0,4,941.0
3.0,9.0,81.0,85.0,149.0,845.0,4,941.0
3.0,9.0,81.0,149.0,510.0,845.0,4,941.0
3.0,9.0,81.0,510.0,828.0,845.0,4,941.0
3.0,4.0,259.0,487.0,589.0,646.0,4,936.0
3.0,4.0,487.0,505.0,589.0,646.0,4,992.0
3.0,4.0,103.0,426.0,437.0,505.0,4,992.0
3.0,4.0,103.0,426.0,437.0,505.0,4,992.0
3.0,4.0,259.0,487.0,505.0,646.0,4,992.0
3.0,4.0,259.0,487.0,505.0,646.0,4,936.0
3.0,4.0,437.0,487.0,505.0,646.0,4,936.0
3.0,4.0,259.0,487.0,589.0,646.0,4,936.0
3.0,4.0,259.0,487.0,505.0,646.0,4,936.0
3.0,4.0,259.0,487.0,505.0,646.0,4,992.0
3.0,4.0,103.0,259.0,505.0,646.0,4,992.0
3.0,4.0,103.0,505.0,589.0,646.0,4,992.0
3.0,4.0,103.0,259.0,589.0,646.0,4,992.0
3.0,4.0,259.0,487.0,589.0,646.0,4,936.0
3.0,4.0,103.0,259.0,505.0,646.0,4,992.0
3.0,4.0,259.0,487.0,505.0,589.0,4,646.0
3.0,4.0,103.0,259.0,505.0,589.0,4,992.0
3.0,4.0,103.0,259.0,437.0,505.0,4,992.0
3.0,4.0,259.0,487.0,505.0,589.0,4,646.0
3.0,13.0,15.0,191.0,238.0,832.0,4,886.0
3.0,13.0,15.0,191.0,238.0,832.0,4,886.0
3.0,13.0,15.0,191.0,238.0,832.0,4,886.0
3.0,13.0,15.0,191.0,238.0,832.0,4,886.0
3.0,13.0,80.0,161.0,191.0,817.0,4,832.0
3.0,13.0,80.0,161.0,320.0,665.0,4,817.0
3.0,13.0,80.0,161.0,320.0,665.0,4,817.0
3.0,13.0,80.0,191.0,665.0,817.0,4,832.0
3.0,13.0,15.0,191.0,665.0,832.0,4,886.0
3.0,13.0,15.0,191.0,665.0,832.0,4,886.0
3.0,13.0,15.0,80.0,161.0,665.0,4,832.0
3.0,4.0,103.0,259.0,505.0,646.0,4,992.0
3.0,4.0,103.0,265.0,505.0,589.0,4,992.0
3.0,4.0,265.0,426.0,437.0,936.0,4,992.0
3.0,4.0,103.0,259.0,505.0,646.0,4,936.0
3.0,4.0,166.0,259.0,505.0,646.0,4,936.0
3.0,4.0,166.0,265.0,505.0,589.0,4,646.0
3.0,4.0,103.0,259.0,265.0,505.0,4,936.0
3.0,4.0,166.0,259.0,589.0,646.0,4,936.0
3.0,4.0,166.0,259.0,505.0,589.0,4,646.0
3.0,4.0,103.0,166.0,259.0,589.0,4,646.0
3.0,4.0,103.0,259.0,265.0,505.0,4,646.0
3.0,4.0,103.0,259.0,265.0,505.0,4,936.0
3.0,4.0,103.0,259.0,505.0,589.0,4,936.0
3.0,4.0,103.0,259.0,505.0,589.0,4,646.0
3.0,34.0,36.0,404.0,530.0,719.0,4,811.0
3.0,34.0,15.0,335.0,432.0,753.0,4,811.0
3.0,34.0,36.0,432.0,719.0,803.0,4,811.0
3.0,34.0,15.0,432.0,719.0,803.0,4,811.0
3.0,34.0,15.0,36.0,404.0,719.0,4,811.0
3.0,34.0,15.0,404.0,432.0,719.0,4,811.0
3.0,34.0,15.0,404.0,432.0,719.0,4,811.0
3.0,34.0,15.0,36.0,432.0,803.0,4,811.0
3.0,34.0,15.0,36.0,299.0,432.0,4,803.0
3.0,16.0,133.0,296.0,477.0,495.0,4,798.0
3.0,16.0,296.0,495.0,674.0,798.0,4,996.0
3.0,16.0,296.0,427.0,495.0,674.0,4,996.0
3.0,16.0,133.0,296.0,477.0,798.0,4,996.0
3.0,16.0,133.0,296.0,477.0,495.0,4,798.0
3.0,16.0,296.0,416.0,674.0,798.0,4,996.0
3.0,4.0,103.0,259.0,426.0,589.0,4,936.0
3.0,4.0,103.0,259.0,426.0,589.0,4,936.0
3.0,4.0,166.0,259.0,373.0,589.0,4,936.0
3.0,4.0,6.0,166.0,373.0,437.0,4,851.0
3.0,4.0,103.0,259.0,437.0,589.0,4,936.0
3.0,4.0,103.0,259.0,437.0,589.0,4,936.0
3.0,4.0,166.0,259.0,589.0,851.0,4,936.0
3.0,4.0,166.0,259.0,373.0,589.0,4,851.0
3.0,4.0,166.0,373.0,437.0,589.0,4,851.0
3.0,4.0,259.0,373.0,437.0,487.0,4,851.0
3.0,4.0,259.0,373.0,437.0,487.0,4,851.0
3.0,4.0,103.0,259.0,437.0,589.0,4,936.0
3.0,4.0,259.0,437.0,487.0,589.0,4,936.0
3.0,4.0,259.0,437.0,487.0,851.0,4,936.0
3.0,4.0,259.0,373.0,437.0,487.0,4,851.0
3.0,4.0,6.0,103.0,373.0,437.0,4,851.0
3.0,4.0,6.0,103.0,373.0,437.0,4,851.0
3.0,4.0,6.0,166.0,265.0,437.0,4,489.0
3.0,9.0,452.0,510.0,828.0,941.0,4,1019.0
3.0,9.0,452.0,510.0,828.0,941.0,4,1019.0
3.0,9.0,452.0,510.0,828.0,845.0,4,941.0
3.0,9.0,452.0,510.0,828.0,845.0,4,941.0
3.0,9.0,81.0,510.0,599.0,828.0,4,1019.0
3.0,9.0,452.0,510.0,828.0,941.0,4,1019.0
3.0,9.0,76.0,199.0,452.0,941.0,4,1019.0
3.0,34.0,36.0,139.0,299.0,432.0,4,753.0
3.0,34.0,36.0,139.0,404.0,719.0,4,900.0
3.0,34.0,36.0,335.0,719.0,753.0,4,900.0
3.0,34.0,36.0,432.0,719.0,753.0,4,900.0
3.0,34.0,36.0,139.0,432.0,719.0,4,900.0
3.0,4.0,259.0,487.0,589.0,646.0,4,936.0
3.0,4.0,103.0,259.0,373.0,851.0,4,936.0
3.0,4.0,103.0,259.0,589.0,646.0,4,936.0
3.0,4.0,259.0,487.0,589.0,646.0,4,936.0
3.0,4.0,103.0,259.0,589.0,646.0,4,936.0
3.0,34.0,36.0,112.0,137.0,247.0,4,355.0
3.0,34.0,36.0,137.0,404.0,719.0,4,811.0
3.0,34.0,36.0,112.0,355.0,719.0,4,811.0
3.0,34.0,36.0,112.0,247.0,355.0,4,719.0
3.0,34.0,112.0,137.0,335.0,355.0,4,719.0
3.0,34.0,112.0,137.0,247.0,335.0,4,355.0
3.0,34.0,36.0,112.0,137.0,355.0,4,719.0
3.0,34.0,36.0,137.0,335.0,719.0,4,811.0
3.0,16.0,133.0,296.0,495.0,798.0,4,996.0
3.0,16.0,133.0,285.0,495.0,702.0,4,996.0
3.0,16.0,133.0,296.0,477.0,702.0,4,996.0
3.0,16.0,296.0,495.0,674.0,798.0,4,996.0
3.0,16.0,296.0,477.0,674.0,702.0,4,798.0
3.0,16.0,296.0,477.0,674.0,702.0,4,996.0
3.0,16.0,296.0,477.0,674.0,798.0,4,996.0
3.0,16.0,296.0,495.0,674.0,702.0,4,798.0
3.0,16.0,200.0,296.0,495.0,674.0,4,702.0
3.0,16.0,133.0,200.0,296.0,495.0,4,702.0
3.0,16.0,133.0,200.0,416.0,702.0,4,996.0
3.0,16.0,133.0,200.0,702.0,798.0,4,996.0
3.0,16.0,200.0,296.0,495.0,702.0,4,996.0
3.0,16.0,133.0,296.0,495.0,702.0,4,996.0
3.0,16.0,133.0,296.0,427.0,495.0,4,996.0
3.0,16.0,133.0,296.0,495.0,798.0,4,996.0
3.0,16.0,133.0,296.0,495.0,798.0,4,996.0
3.0,16.0,133.0,200.0,296.0,495.0,4,996.0
3.0,16.0,133.0,296.0,702.0,798.0,4,996.0
3.0,16.0,296.0,427.0,477.0,674.0,4,996.0
3.0,16.0,133.0,200.0,495.0,702.0,4,996.0
3.0,16.0,133.0,200.0,477.0,702.0,4,996.0
3.0,16.0,296.0,427.0,477.0,674.0,4,702.0
3.0,16.0,296.0,427.0,477.0,674.0,4,996.0
3.0,16.0,296.0,427.0,674.0,702.0,4,996.0
3.0,16.0,133.0,296.0,477.0,702.0,4,798.0
3.0,16.0,200.0,285.0,674.0,702.0,4,996.0
3.0,16.0,133.0,296.0,702.0,798.0,4,996.0
3.0,16.0,133.0,296.0,477.0,798.0,4,996.0
3.0,16.0,133.0,296.0,477.0,702.0,4,798.0
3.0,16.0,133.0,296.0,477.0,798.0,4,996.0
3.0,16.0,133.0,296.0,495.0,798.0,4,996.0
3.0,13.0,80.0,161.0,320.0,665.0,4,817.0
3.0,13.0,80.0,161.0,320.0,665.0,4,817.0
3.0,13.0,80.0,191.0,320.0,665.0,4,817.0
3.0,13.0,15.0,80.0,191.0,320.0,4,665.0
3.0,13.0,15.0,161.0,191.0,673.0,4,832.0
3.0,13.0,80.0,161.0,320.0,665.0,4,817.0
3.0,13.0,80.0,161.0,320.0,665.0,4,817.0
3.0,13.0,15.0,80.0,191.0,817.0,4,832.0
3.0,34.0,55.0,299.0,404.0,719.0,4,753.0
3.0,34.0,36.0,55.0,137.0,299.0,4,753.0
3.0,34.0,36.0,55.0,137.0,299.0,4,753.0
3.0,34.0,36.0,55.0,137.0,299.0,4,811.0
3.0,34.0,36.0,55.0,137.0,299.0,4,811.0
3.0,34.0,36.0,137.0,335.0,719.0,4,811.0
3.0,34.0,36.0,137.0,299.0,335.0,4,719.0
3.0,34.0,36.0,55.0,299.0,719.0,4,753.0
3.0,34.0,36.0,278.0,299.0,404.0,4,753.0
3.0,9.0,81.0,149.0,174.0,452.0,4,510.0
3.0,9.0,85.0,169.0,828.0,845.0,4,941.0
3.0,16.0,133.0,296.0,477.0,702.0,4,798.0
3.0,16.0,133.0,296.0,416.0,702.0,4,798.0
3.0,16.0,285.0,296.0,416.0,674.0,4,996.0
3.0,16.0,285.0,427.0,477.0,674.0,4,996.0
3.0,16.0,296.0,416.0,674.0,702.0,4,798.0
3.0,16.0,296.0,416.0,674.0,702.0,4,798.0
3.0,16.0,133.0,296.0,495.0,702.0,4,798.0
3.0,16.0,285.0,427.0,674.0,702.0,4,996.0
3.0,16.0,285.0,427.0,674.0,702.0,4,996.0
3.0,16.0,296.0,495.0,674.0,798.0,4,996.0
3.0,16.0,296.0,495.0,674.0,798.0,4,996.0
3.0,16.0,296.0,495.0,674.0,798.0,4,996.0
3.0,16.0,285.0,427.0,674.0,702.0,4,996.0
3.0,16.0,285.0,296.0,674.0,702.0,4,996.0
3.0,16.0,285.0,296.0,674.0,702.0,4,996.0
3.0,9.0,452.0,510.0,845.0,941.0,4,1019.0
3.0,9.0,81.0,85.0,510.0,845.0,4,941.0
3.0,9.0,76.0,81.0,85.0,199.0,4,1019.0
3.0,9.0,76.0,510.0,845.0,941.0,4,1019.0
3.0,16.0,285.0,296.0,495.0,674.0,4,996.0
3.0,16.0,296.0,495.0,674.0,702.0,4,798.0
3.0,16.0,285.0,296.0,495.0,674.0,4,996.0
3.0,16.0,133.0,285.0,495.0,674.0,4,996.0
3.0,16.0,285.0,296.0,674.0,702.0,4,996.0
3.0,16.0,133.0,427.0,495.0,702.0,4,798.0
3.0,16.0,285.0,427.0,495.0,674.0,4,901.0
3.0,16.0,133.0,285.0,416.0,674.0,4,901.0
3.0,16.0,133.0,285.0,416.0,674.0,4,901.0
3.0,16.0,285.0,416.0,674.0,798.0,4,901.0
3.0,16.0,285.0,416.0,674.0,702.0,4,798.0
3.0,16.0,285.0,495.0,674.0,702.0,4,798.0
3.0,16.0,133.0,427.0,495.0,702.0,4,798.0
3.0,16.0,427.0,495.0,674.0,702.0,4,798.0
3.0,16.0,285.0,427.0,495.0,674.0,4,702.0
3.0,16.0,133.0,285.0,495.0,674.0,4,702.0
3.0,34.0,112.0,335.0,355.0,719.0,4,811.0
3.0,34.0,36.0,112.0,355.0,719.0,4,811.0
3.0,34.0,36.0,247.0,355.0,404.0,4,719.0
3.0,34.0,36.0,247.0,355.0,404.0,4,811.0
3.0,34.0,36.0,112.0,247.0,753.0,4,811.0
3.0,34.0,36.0,112.0,247.0,753.0,4,811.0
3.0,34.0,36.0,112.0,247.0,753.0,4,811.0
3.0,34.0,112.0,247.0,335.0,719.0,4,811.0
3.0,34.0,112.0,247.0,335.0,355.0,4,719.0
3.0,34.0,36.0,112.0,247.0,719.0,4,811.0
3.0,34.0,112.0,335.0,355.0,719.0,4,811.0
3.0,34.0,36.0,112.0,247.0,355.0,4,719.0
3.0,34.0,36.0,247.0,335.0,355.0,4,719.0
3.0,34.0,36.0,247.0,335.0,719.0,4,811.0
3.0,34.0,36.0,247.0,335.0,719.0,4,811.0
3.0,34.0,36.0,247.0,404.0,753.0,4,811.0
3.0,34.0,137.0,247.0,299.0,335.0,4,404.0
3.0,34.0,36.0,112.0,299.0,355.0,4,719.0
3.0,34.0,112.0,137.0,299.0,355.0,4,719.0
3.0,34.0,36.0,112.0,137.0,355.0,4,719.0
3.0,34.0,36.0,112.0,137.0,299.0,4,355.0
3.0,34.0,36.0,112.0,137.0,299.0,4,355.0
3.0,34.0,36.0,247.0,299.0,335.0,4,355.0
3.0,34.0,36.0,247.0,299.0,335.0,4,719.0
3.0,34.0,55.0,137.0,247.0,355.0,4,404.0
3.0,34.0,36.0,55.0,247.0,355.0,4,404.0
3.0,34.0,36.0,112.0,137.0,299.0,4,355.0
3.0,34.0,36.0,137.0,278.0,299.0,4,335.0
3.0,34.0,36.0,278.0,299.0,355.0,4,404.0
3.0,34.0,55.0,112.0,137.0,753.0,4,811.0
3.0,9.0,85.0,149.0,174.0,510.0,4,845.0
3.0,9.0,85.0,149.0,510.0,845.0,4,1019.0
3.0,9.0,81.0,85.0,149.0,510.0,4,1019.0
3.0,9.0,81.0,149.0,599.0,845.0,4,1019.0
3.0,9.0,85.0,149.0,174.0,510.0,4,845.0
3.0,9.0,76.0,81.0,85.0,510.0,4,1019.0
3.0,9.0,76.0,149.0,510.0,599.0,4,1019.0
3.0,9.0,76.0,149.0,510.0,599.0,4,1019.0
3.0,9.0,76.0,149.0,599.0,845.0,4,1019.0
3.0,13.0,80.0,161.0,320.0,665.0,4,817.0
3.0,13.0,15.0,119.0,161.0,817.0,4,886.0
3.0,13.0,15.0,119.0,161.0,817.0,4,886.0
3.0,13.0,15.0,119.0,191.0,817.0,4,886.0
3.0,13.0,80.0,161.0,320.0,665.0,4,817.0
3.0,13.0,80.0,119.0,320.0,665.0,4,817.0
3.0,13.0,15.0,119.0,161.0,817.0,4,886.0
3.0,13.0,15.0,161.0,665.0,817.0,4,886.0
3.0,13.0,80.0,161.0,320.0,665.0,4,817.0
3.0,34.0,55.0,112.0,137.0,753.0,4,811.0
3.0,34.0,55.0,137.0,247.0,404.0,4,811.0
3.0,34.0,55.0,112.0,137.0,247.0,4,299.0
3.0,34.0,55.0,112.0,137.0,753.0,4,811.0
3.0,34.0,55.0,137.0,299.0,404.0,4,811.0
3.0,34.0,55.0,112.0,137.0,299.0,4,753.0
3.0,34.0,55.0,112.0,137.0,719.0,4,811.0
3.0,34.0,55.0,112.0,137.0,719.0,4,811.0
3.0,34.0,55.0,299.0,335.0,719.0,4,753.0
3.0,34.0,55.0,112.0,137.0,718.0,4,719.0
3.0,34.0,55.0,112.0,137.0,718.0,4,719.0
3.0,34.0,55.0,112.0,137.0,247.0,4,718.0
3.0,34.0,55.0,112.0,137.0,718.0,4,719.0
3.0,34.0,36.0,137.0,335.0,718.0,4,719.0
3.0,34.0,55.0,112.0,137.0,718.0,4,719.0
3.0,9.0,452.0,510.0,828.0,941.0,4,1019.0
3.0,9.0,452.0,510.0,828.0,941.0,4,1019.0
3.0,9.0,452.0,510.0,828.0,941.0,4,1019.0
3.0,9.0,76.0,81.0,149.0,599.0,4,941.0
3.0,9.0,76.0,81.0,149.0,599.0,4,941.0
3.0,9.0,76.0,81.0,149.0,599.0,4,941.0
3.0,9.0,76.0,81.0,149.0,452.0,4,941.0
3.0,9.0,81.0,452.0,510.0,828.0,4,1019.0
3.0,9.0,452.0,510.0,828.0,941.0,4,1019.0
3.0,9.0,452.0,510.0,828.0,941.0,4,1019.0
3.0,9.0,81.0,452.0,510.0,941.0,4,1019.0
3.0,9.0,76.0,81.0,452.0,510.0,4,1019.0
3.0,9.0,81.0,149.0,510.0,941.0,4,1019.0
3.0,34.0,15.0,404.0,432.0,719.0,4,811.0
3.0,34.0,15.0,404.0,432.0,719.0,4,811.0
3.0,34.0,30.0,404.0,432.0,719.0,4,811.0
3.0,34.0,15.0,335.0,432.0,753.0,4,811.0
3.0,34.0,404.0,432.0,719.0,753.0,4,900.0
3.0,34.0,404.0,432.0,719.0,753.0,4,900.0
3.0,34.0,335.0,404.0,719.0,753.0,4,900.0
3.0,34.0,30.0,404.0,432.0,753.0,4,900.0
3.0,34.0,335.0,404.0,719.0,753.0,4,811.0
3.0,34.0,15.0,404.0,719.0,753.0,4,900.0
3.0,34.0,15.0,404.0,432.0,719.0,4,811.0
3.0,34.0,36.0,335.0,719.0,753.0,4,900.0
3.0,34.0,36.0,404.0,719.0,753.0,4,900.0
3.0,34.0,36.0,139.0,335.0,719.0,4,900.0
3.0,34.0,36.0,139.0,432.0,719.0,4,900.0
3.0,34.0,36.0,139.0,143.0,432.0,4,753.0
3.0,34.0,36.0,139.0,432.0,753.0,4,900.0
3.0,34.0,36.0,432.0,719.0,753.0,4,900.0
3.0,34.0,36.0,335.0,719.0,753.0,4,900.0
3.0,34.0,36.0,404.0,719.0,753.0,4,900.0
3.0,34.0,36.0,404.0,719.0,753.0,4,900.0
3.0,34.0,36.0,139.0,299.0,335.0,4,719.0
3.0,9.0,76.0,85.0,149.0,510.0,4,845.0
3.0,9.0,85.0,452.0,510.0,845.0,4,1019.0
3.0,9.0,76.0,149.0,199.0,452.0,4,1019.0
3.0,9.0,76.0,85.0,149.0,510.0,4,1019.0
3.0,9.0,76.0,85.0,149.0,510.0,4,1019.0
3.0,9.0,76.0,85.0,149.0,510.0,4,845.0
3.0,9.0,149.0,452.0,510.0,845.0,4,1019.0
3.0,13.0,80.0,161.0,320.0,665.0,4,817.0
3.0,13.0,80.0,191.0,320.0,665.0,4,817.0
3.0,13.0,80.0,161.0,320.0,665.0,4,817.0
3.0,13.0,80.0,161.0,320.0,665.0,4,817.0
3.0,13.0,80.0,161.0,320.0,665.0,4,817.0
3.0,13.0,80.0,191.0,320.0,665.0,4,817.0
3.0,13.0,80.0,191.0,320.0,665.0,4,832.0
3.0,13.0,161.0,191.0,817.0,832.0,4,886.0
3.0,13.0,80.0,161.0,238.0,320.0,4,817.0
3.0,13.0,80.0,161.0,290.0,320.0,4,817.0
3.0,13.0,191.0,290.0,320.0,922.0,4,971.0
3.0,13.0,191.0,290.0,320.0,922.0,4,971.0
3.0,13.0,191.0,238.0,817.0,922.0,4,971.0
3.0,13.0,161.0,238.0,817.0,922.0,4,971.0
3.0,13.0,80.0,161.0,191.0,320.0,4,817.0
3.0,13.0,80.0,191.0,290.0,320.0,4,817.0
3.0,13.0,191.0,290.0,320.0,922.0,4,971.0
3.0,13.0,80.0,191.0,290.0,922.0,4,971.0
3.0,13.0,80.0,161.0,290.0,320.0,4,817.0
3.0,13.0,161.0,290.0,817.0,922.0,4,971.0
3.0,13.0,80.0,238.0,290.0,320.0,4,817.0
3.0,13.0,80.0,238.0,817.0,922.0,4,971.0
3.0,13.0,80.0,161.0,290.0,320.0,4,817.0
3.0,13.0,191.0,290.0,320.0,922.0,4,971.0
3.0,13.0,161.0,238.0,817.0,922.0,4,971.0
3.0,9.0,81.0,85.0,149.0,510.0,4,845.0
3.0,9.0,81.0,452.0,599.0,845.0,4,1019.0
3.0,9.0,81.0,85.0,149.0,845.0,4,1019.0
3.0,9.0,81.0,85.0,149.0,510.0,4,845.0
3.0,9.0,81.0,85.0,149.0,510.0,4,1019.0
3.0,9.0,76.0,81.0,85.0,149.0,4,1019.0
3.0,9.0,76.0,81.0,149.0,599.0,4,1019.0
3.0,9.0,76.0,452.0,599.0,845.0,4,1019.0
3.0,9.0,85.0,510.0,828.0,845.0,4,941.0
3.0,9.0,85.0,510.0,828.0,845.0,4,941.0
3.0,9.0,81.0,452.0,510.0,828.0,4,1019.0
3.0,9.0,81.0,149.0,452.0,845.0,4,1019.0
3.0,9.0,81.0,149.0,452.0,845.0,4,1019.0
3.0,9.0,81.0,85.0,149.0,828.0,4,845.0
3.0,9.0,81.0,85.0,510.0,828.0,4,1019.0
3.0,9.0,85.0,452.0,828.0,845.0,4,941.0
